10.000000 2.609539 2.372308
20.000000 1.923872 2.565162
30.000000 1.652385 1.982862
40.000000 1.591423 1.768248
50.000000 1.811073 2.012303
60.000000 1.987579 2.293361
70.000000 2.815331 2.775679
80.000000 4.214335 4.322395
90.000000 5.644495 5.521788
100.000000 6.777241 6.777241
110.000000 7.845364 7.845364
120.000000 8.936937 8.511369
130.000000 10.251889 9.945863
140.000000 11.176966 11.097696
150.000000 11.814853 11.814853
160.000000 12.308754 12.232302
170.000000 12.858322 12.708807
180.000000 13.315919 13.390309
190.000000 13.582252 14.025151
200.000000 13.579118 14.144915
210.000000 13.581513 14.404635
220.000000 13.415205 14.396806
230.000000 13.303285 14.501212
240.000000 13.145082 14.405570
250.000000 13.095332 14.172437
260.000000 13.227152 14.329415
270.000000 13.472559 14.321224
280.000000 13.744928 14.254000
290.000000 14.190156 14.802681
300.000000 14.591319 15.094468
310.000000 14.977453 15.222985
320.000000 15.573012 15.670955
330.000000 16.178647 16.327075
340.000000 16.551280 16.848608
350.000000 16.946167 17.092675
360.000000 17.401850 17.746930
370.000000 17.862093 18.057307
380.000000 18.304639 18.598297
390.000000 18.612143 18.952313
400.000000 19.109249 19.253652
410.000000 19.525551 19.669474
420.000000 19.893487 20.084771
430.000000 20.239094 20.052559
440.000000 20.769304 20.582193
450.000000 21.264361 21.217212
460.000000 21.731952 21.637875
470.000000 22.149624 22.102598
480.000000 22.549570 22.456004
490.000000 22.928384 22.835179
500.000000 23.290397 23.337071
510.000000 23.447676 23.586419
520.000000 23.515615 23.790116
530.000000 23.471087 24.061269
540.000000 23.275463 24.078065
550.000000 23.011444 23.970254
560.000000 22.705838 23.678341
570.000000 22.382112 23.625562
580.000000 22.012769 23.426433
590.000000 21.652305 23.184864
600.000000 21.319877 22.883589
610.000000 21.040823 22.517372
620.000000 20.739581 22.323854
630.000000 20.412739 22.326433
640.000000 20.165292 21.948617
650.000000 19.868905 21.560581
660.000000 19.599367 21.310679
670.000000 19.309073 21.313144
680.000000 19.038348 20.914502
690.000000 18.814963 20.771719
700.000000 18.549715 20.775681
710.000000 18.352898 20.424071
720.000000 18.147065 20.225831
730.000000 17.917732 19.999915
740.000000 17.677931 20.002552
750.000000 17.577328 19.530364
760.000000 17.404615 19.366775
770.000000 17.182832 19.286853
780.000000 16.989685 19.012847
790.000000 16.810167 18.863681
800.000000 16.600186 18.863848
810.000000 16.411643 18.514528
820.000000 16.212423 18.515580
830.000000 16.095217 18.052744
840.000000 15.919001 17.853086
850.000000 15.733029 17.854573
860.000000 15.600532 17.537853
870.000000 15.491862 17.235192
880.000000 15.378153 17.173572
890.000000 15.234728 16.969848
900.000000 15.154589 16.714620
910.000000 15.131643 16.550235
920.000000 15.100436 16.538573
930.000000 15.067191 16.602473
940.000000 15.021913 16.592948
950.000000 14.949868 16.610964
960.000000 14.830409 16.459183
970.000000 14.678492 16.460274
980.000000 14.557355 16.174839
990.000000 14.417153 15.965303
1000.000000 14.322281 15.878361
1010.000000 14.242692 15.807823
1020.000000 14.119714 15.654466
1030.000000 13.986751 15.524088
1040.000000 13.860155 15.383737
1050.000000 13.733911 15.276066
1060.000000 13.628318 15.126719
1070.000000 13.533994 15.022172
1080.000000 13.424117 14.946439
1090.000000 13.301981 14.947587
1100.000000 13.188119 14.772842
1110.000000 13.075025 14.704436
1120.000000 12.970135 14.584891
1130.000000 12.864667 14.450371
1140.000000 12.751958 14.450529
1150.000000 12.681899 14.214604
1160.000000 12.635116 14.147428
1170.000000 12.591038 14.043388
1180.000000 12.558774 14.006951
1190.000000 12.551038 13.984771
1200.000000 12.526760 14.035585
1210.000000 12.453956 13.953043
1220.000000 12.379755 13.894481
1230.000000 12.292577 13.795501
1240.000000 12.202641 13.656385
1250.000000 12.128306 13.596755
1260.000000 12.032458 13.597217
1270.000000 11.977122 13.508832
1280.000000 11.918018 13.464310
1290.000000 11.870675 13.373948
1300.000000 11.795767 13.276621
1310.000000 11.729225 13.200416
1320.000000 11.650833 13.077466
1330.000000 11.568986 13.039620
1340.000000 11.511508 12.929942
1350.000000 11.465165 12.855459
1360.000000 11.406005 12.809386
1370.000000 11.326443 12.813565
1380.000000 11.282432 12.689287
1390.000000 11.201912 12.690023
1400.000000 11.142491 12.549869
1410.000000 11.067753 12.484425
1420.000000 11.013266 12.392106
1430.000000 10.985590 12.330765
1440.000000 10.976112 12.357781
1450.000000 10.964158 12.314507
1460.000000 10.955760 12.294704
1470.000000 10.925810 12.297811
1480.000000 10.855224 12.301479
1490.000000 10.795108 12.148573
1500.000000 10.726936 12.070821
1510.000000 10.661306 12.022832
1520.000000 10.592295 12.024114
1530.000000 10.545704 11.881390
1540.000000 10.477253 11.881421
1550.000000 10.414463 11.825947
1560.000000 10.348103 11.826403
1570.000000 10.293933 11.753800
1580.000000 10.228994 11.754044
1590.000000 10.203265 11.596277
1600.000000 10.145587 11.545476
1610.000000 10.083102 11.546084
1620.000000 10.047385 11.398293
1630.000000 10.017756 11.323816
1640.000000 9.974680 11.281707
1650.000000 9.931829 11.208972
1660.000000 9.911395 11.200079
1670.000000 9.898342 11.184188
1680.000000 9.879937 11.124862
1690.000000 9.865827 11.085936
1700.000000 9.848938 11.066222
1710.000000 9.800307 11.018096
1720.000000 9.759915 10.950459
1730.000000 9.731782 10.911201
1740.000000 9.680761 10.853431
1750.000000 9.656470 10.804874
1760.000000 9.647252 10.773581
1770.000000 9.671264 10.793277
1780.000000 9.715788 10.815573
1790.000000 9.751133 10.861561
1800.000000 9.766234 10.871504
1810.000000 9.770514 10.902978
1820.000000 9.746532 10.875959
1830.000000 9.725693 10.859071
1840.000000 9.704513 10.815448
1850.000000 9.689417 10.811472
1860.000000 9.656172 10.754778
1870.000000 9.658172 10.718565
1880.000000 9.666800 10.728208
1890.000000 9.655479 10.740939
1900.000000 9.633276 10.697384
1910.000000 9.617711 10.680133
1920.000000 9.588409 10.647626
1930.000000 9.553786 10.609210
1940.000000 9.526651 10.609473
1950.000000 9.478045 10.609752
1960.000000 9.450597 10.536502
1970.000000 9.402962 10.536880
1980.000000 9.381637 10.482867
1990.000000 9.340903 10.437056
2000.000000 9.294258 10.437123
2010.000000 9.281928 10.341838
2020.000000 9.267024 10.302361
2030.000000 9.235469 10.306763
2040.000000 9.205976 10.256795
2050.000000 9.167077 10.246733
2060.000000 9.123704 10.214581
2070.000000 9.083059 10.168703
2080.000000 9.039502 10.168829
2090.000000 9.018618 10.095828
2100.000000 8.975831 10.096007
2110.000000 8.950006 9.991806
2120.000000 8.962682 9.989950
2130.000000 8.994904 10.025717
2140.000000 9.012139 10.060499
2150.000000 9.010089 10.063216
2160.000000 9.011827 10.054518
2170.000000 9.028763 10.052548
2180.000000 9.094009 10.089028
2190.000000 9.150803 10.152106
2200.000000 9.212453 10.220573
2210.000000 9.268770 10.272810
2220.000000 9.321839 10.336904
2230.000000 9.374895 10.401002
2240.000000 9.427009 10.458890
2250.000000 9.494023 10.512575
2260.000000 9.577956 10.605674
2270.000000 9.651690 10.703145
2280.000000 9.715658 10.784664
2290.000000 9.788543 10.849838
2300.000000 9.883252 10.939115
2310.000000 9.981032 11.063428
2320.000000 10.075327 11.168065
2330.000000 10.169960 11.283813
2340.000000 10.267630 11.392249
2350.000000 10.366965 11.497106
2360.000000 10.465100 11.638849
2370.000000 10.562901 11.725563
2380.000000 10.682399 11.841691
2390.000000 10.806475 11.957164
2400.000000 10.944400 12.104405
2410.000000 11.073596 12.264414
2420.000000 11.199866 12.387421
2430.000000 11.337394 12.545477
2440.000000 11.435142 12.688379
2450.000000 11.503107 12.763864
2460.000000 11.576628 12.828155
2470.000000 11.637689 12.884398
2480.000000 11.722122 12.966486
2490.000000 11.813354 13.038675
2500.000000 11.889978 13.141002
2510.000000 11.944151 13.206969
2520.000000 12.020854 13.245541
2530.000000 12.102981 13.336473
2540.000000 12.185568 13.422092
2550.000000 12.260049 13.510425
2560.000000 12.335148 13.570253
2570.000000 12.399160 13.635362
2580.000000 12.454192 13.719818
2590.000000 12.510632 13.741534
2600.000000 12.592220 13.808424
2610.000000 12.695990 13.905385
2620.000000 12.803102 14.041074
2630.000000 12.888172 14.140965
2640.000000 12.954137 14.202210
2650.000000 13.028526 14.272672
2660.000000 13.089514 14.334338
2670.000000 13.124822 14.379678
2680.000000 13.139751 14.402672
2690.000000 13.155492 14.408906
2700.000000 13.175395 14.449052
2710.000000 13.178949 14.465351
2720.000000 13.185150 14.466965
2730.000000 13.204514 14.512208
2740.000000 13.211950 14.520956
2750.000000 13.207743 14.505309
2760.000000 13.194051 14.479357
2770.000000 13.165908 14.443393
2780.000000 13.153407 14.418956
2790.000000 13.133944 14.409636
2800.000000 13.104648 14.395063
2810.000000 13.064614 14.323670
2820.000000 13.037258 14.250026
2830.000000 13.019146 14.236547
2840.000000 13.013459 14.187418
2850.000000 13.053177 14.188236
2860.000000 13.099421 14.261265
2870.000000 13.134169 14.300101
2880.000000 13.162132 14.336967
2890.000000 13.177845 14.365889
2900.000000 13.183557 14.373051
2910.000000 13.157070 14.355858
2920.000000 13.141451 14.339700
2930.000000 13.120719 14.323288
2940.000000 13.082459 14.282373
2950.000000 13.043071 14.250762
2960.000000 12.999837 14.251673
2970.000000 12.974048 14.161310
2980.000000 12.930601 14.161407
2990.000000 12.894698 14.096946
3000.000000 12.860921 14.040307
3010.000000 12.833252 13.985550
3020.000000 12.820651 13.972705
3030.000000 12.803111 13.959491
3040.000000 12.774736 13.924417
3050.000000 12.755012 13.878982
3060.000000 12.741778 13.831089
3070.000000 12.736645 13.826556
3080.000000 12.722164 13.826487
3090.000000 12.695130 13.817524
3100.000000 12.675817 13.763584
3110.000000 12.658340 13.745613
3120.000000 12.651344 13.743800
3130.000000 12.643533 13.726763
3140.000000 12.649636 13.720158
3150.000000 12.680117 13.744794
3160.000000 12.708023 13.790299
3170.000000 12.735241 13.816124
3180.000000 12.769840 13.831094
3190.000000 12.812837 13.902364
3200.000000 12.842980 13.945550
3210.000000 12.860131 13.955720
3220.000000 12.876377 13.964949
3230.000000 12.896906 13.964802
3240.000000 12.928259 14.023287
3250.000000 12.944846 14.065780
3260.000000 12.959311 14.059019
3270.000000 12.976595 14.106871
3280.000000 12.975367 14.129882
3290.000000 12.961195 14.138704
3300.000000 12.933665 14.142178
3310.000000 12.899135 14.109761
3320.000000 12.875690 14.089416
3330.000000 12.845455 14.056972
3340.000000 12.819177 14.047260
3350.000000 12.792148 13.999900
3360.000000 12.757710 13.985613
3370.000000 12.722152 13.965359
3380.000000 12.684528 13.965376
3390.000000 12.652401 13.912306
3400.000000 12.615232 13.912354
3410.000000 12.614755 13.849425
3420.000000 12.612803 13.830005
3430.000000 12.614428 13.805835
3440.000000 12.622743 13.811143
3450.000000 12.611859 13.808605
3460.000000 12.591379 13.791128
3470.000000 12.560305 13.766348
3480.000000 12.528363 13.727552
3490.000000 12.492684 13.727792
3500.000000 12.496409 13.680773
3510.000000 12.470536 13.674346
3520.000000 12.437426 13.651307
3530.000000 12.402426 13.651564
3540.000000 12.380906 13.577573
3550.000000 12.370598 13.562577
3560.000000 12.339958 13.529488
3570.000000 12.305739 13.529870
3580.000000 12.281689 13.458355
3590.000000 12.262332 13.429461
3600.000000 12.244356 13.434832
3610.000000 12.221162 13.413923
3620.000000 12.207519 13.407530
3630.000000 12.177258 13.378768
3640.000000 12.144321 13.359120
3650.000000 12.114415 13.334625
3660.000000 12.088920 13.306902
3670.000000 12.072305 13.280983
3680.000000 12.060186 13.256119
3690.000000 12.050215 13.241600
3700.000000 12.041599 13.244327
3710.000000 12.026858 13.232397
3720.000000 12.008178 13.216101
3730.000000 11.992663 13.207155
3740.000000 11.967198 13.191076
3750.000000 11.938414 13.167369
3760.000000 11.913537 13.147901
3770.000000 11.890670 13.122900
3780.000000 11.864319 13.105531
3790.000000 11.833050 13.105569
3800.000000 11.806392 13.045737
3810.000000 11.778741 13.034273
3820.000000 11.750553 13.010758
3830.000000 11.723289 12.973186
3840.000000 11.706781 12.955055
3850.000000 11.685305 12.916573
3860.000000 11.672844 12.899278
3870.000000 11.670931 12.878957
3880.000000 11.677007 12.885889
3890.000000 11.686662 12.904091
3900.000000 11.688498 12.895373
3910.000000 11.694400 12.916696
3920.000000 11.696598 12.904775
3930.000000 11.696387 12.908397
3940.000000 11.687842 12.895575
3950.000000 11.679986 12.890736
3960.000000 11.660421 12.876538
3970.000000 11.636932 12.850798
3980.000000 11.621676 12.837710
3990.000000 11.593884 12.817844
4000.000000 11.567714 12.799684
4010.000000 11.539230 12.800086
4020.000000 11.519551 12.732636
4030.000000 11.494742 12.698413
4040.000000 11.466682 12.698847
4050.000000 11.441280 12.667355
4060.000000 11.418961 12.622102
4070.000000 11.401558 12.613303
4080.000000 11.374240 12.613998
4090.000000 11.349495 12.596862
4100.000000 11.322785 12.587694
4110.000000 11.299826 12.555363
4120.000000 11.272484 12.555457
4130.000000 11.249013 12.498904
4140.000000 11.222327 12.499444
4150.000000 11.224091 12.457871
4160.000000 11.218042 12.431288
4170.000000 11.204900 12.416804
4180.000000 11.182057 12.398143
4190.000000 11.155399 12.398176
4200.000000 11.141613 12.346906
4210.000000 11.129060 12.339569
4220.000000 11.116381 12.325572
4230.000000 11.101337 12.315410
4240.000000 11.091739 12.298372
4250.000000 11.085908 12.291967
4260.000000 11.066656 12.277071
4270.000000 11.048029 12.246906
4280.000000 11.039604 12.228132
4290.000000 11.032016 12.219816
4300.000000 11.019974 12.222308
4310.000000 11.009268 12.194795
4320.000000 11.001658 12.177084
4330.000000 10.994009 12.171838
4340.000000 10.988841 12.163114
4350.000000 10.973361 12.152271
4360.000000 10.958363 12.145008
4370.000000 10.951540 12.119076
4380.000000 10.948437 12.115754
4390.000000 10.941877 12.120828
4400.000000 10.938236 12.110780
4410.000000 10.931557 12.088307
4420.000000 10.927422 12.089913
4430.000000 10.937426 12.086006
4440.000000 10.942790 12.092083
4450.000000 10.950172 12.112420
4460.000000 10.954121 12.110903
4470.000000 10.956293 12.119433
4480.000000 10.953871 12.116875
4490.000000 10.945021 12.125128
4500.000000 10.920906 12.125358
4510.000000 10.918558 12.075208
4520.000000 10.911643 12.064732
4530.000000 10.892436 12.046566
4540.000000 10.871782 12.020919
4550.000000 10.848215 12.021281
4560.000000 10.841783 11.996731
4570.000000 10.833008 11.978429
4580.000000 10.829542 11.986298
4590.000000 10.818800 11.974510
4600.000000 10.806983 11.961531
4610.000000 10.798415 11.937816
4620.000000 10.785173 11.931872
4630.000000 10.775125 11.909484
4640.000000 10.771481 11.908428
4650.000000 10.767815 11.898846
4660.000000 10.768278 11.907967
4670.000000 10.772703 11.896080
4680.000000 10.778236 11.913591
4690.000000 10.785388 11.930064
4700.000000 10.793005 11.944225
4710.000000 10.791106 11.933813
4720.000000 10.791478 11.939938
4730.000000 10.777967 11.936264
4740.000000 10.763196 11.919988
4750.000000 10.749754 11.905184
4760.000000 10.728249 11.906381
4770.000000 10.715236 11.886436
4780.000000 10.702349 11.866674
4790.000000 10.682397 11.861076
4800.000000 10.661113 11.840199
4810.000000 10.639088 11.840354
4820.000000 10.620709 11.800788
4830.000000 10.600587 11.773013
4840.000000 10.581911 11.757679
4850.000000 10.560124 11.757713
4860.000000 10.541152 11.709715
4870.000000 10.525460 11.684293
4880.000000 10.522089 11.677915
4890.000000 10.506455 11.671187
4900.000000 10.485126 11.671312
4910.000000 10.472442 11.630782
4920.000000 10.451348 11.630995
4930.000000 10.433268 11.600363
4940.000000 10.414688 11.582296
4950.000000 10.397971 11.563684
4960.000000 10.378702 11.544823
4970.000000 10.358335 11.545397
4980.000000 10.355734 11.514078
4990.000000 10.345442 11.502620
5000.000000 10.334087 11.497649
5010.000000 10.314028 11.498282
5020.000000 10.302933 11.457848
5030.000000 10.285694 11.441186
5040.000000 10.265322 11.441226
5050.000000 10.249560 11.408481
5060.000000 10.229825 11.383971
5070.000000 10.213074 11.367791
5080.000000 10.201039 11.349382
5090.000000 10.184647 11.336071
5100.000000 10.168862 11.323406
5110.000000 10.157618 11.315768
5120.000000 10.140306 11.308728
5130.000000 10.123129 11.279681
5140.000000 10.106482 11.244009
5150.000000 10.097025 11.243174
5160.000000 10.081079 11.227794
5170.000000 10.075035 11.211350
5180.000000 10.062519 11.202202
5190.000000 10.046075 11.191056
5200.000000 10.028127 11.192586
5210.000000 10.021592 11.168448
5220.000000 10.002517 11.168586
5230.000000 9.992933 11.138756
5240.000000 9.987774 11.125837
5250.000000 9.985347 11.127801
5260.000000 9.981974 11.119268
5270.000000 9.981831 11.121406
5280.000000 9.993219 11.115272
5290.000000 9.999184 11.131247
5300.000000 9.999075 11.117075
5310.000000 10.007054 11.121275
5320.000000 10.020138 11.131162
5330.000000 10.023427 11.134820
5340.000000 10.015470 11.123671
5350.000000 9.998772 11.107439
5360.000000 9.984272 11.091337
5370.000000 9.971098 11.069835
5380.000000 9.962846 11.065258
5390.000000 9.946241 11.055937
5400.000000 9.928319 11.056491
5410.000000 9.917518 11.017202
5420.000000 9.914671 11.005021
5430.000000 9.913807 11.006333
5440.000000 9.910539 11.000476
5450.000000 9.904060 10.997784
5460.000000 9.894214 10.984630
5470.000000 9.878822 10.978699
5480.000000 9.860994 10.978920
5490.000000 9.859377 10.954863
5500.000000 9.848143 10.942381
5510.000000 9.844094 10.933473
5520.000000 9.840518 10.914137
5530.000000 9.844600 10.912134
5540.000000 9.864170 10.912041
5550.000000 9.891555 10.942421
5560.000000 9.912452 10.972175
5570.000000 9.933960 10.991688
5580.000000 9.959453 11.024350
5590.000000 9.985527 11.053286
5600.000000 10.011615 11.073483
5610.000000 10.035725 11.098052
5620.000000 10.054235 11.127373
5630.000000 10.060712 11.134619
5640.000000 10.064354 11.143101
5650.000000 10.081391 11.153291
5660.000000 10.104350 11.176592
5670.000000 10.130254 11.211896
5680.000000 10.150011 11.238219
5690.000000 10.160664 11.254463
5700.000000 10.174862 11.270251
5710.000000 10.195630 11.286748
5720.000000 10.206973 11.303753
5730.000000 10.214069 11.313863
5740.000000 10.223345 11.319830
5750.000000 10.216629 11.310284
5760.000000 10.211451 11.308971
5770.000000 10.213768 11.302923
5780.000000 10.220903 11.310898
5790.000000 10.216041 11.305596
5800.000000 10.212412 11.293039
5810.000000 10.198126 11.290227
5820.000000 10.180838 11.290487
5830.000000 10.168599 11.270519
5840.000000 10.151528 11.270898
5850.000000 10.135905 11.255703
5860.000000 10.119733 11.239886
5870.000000 10.107604 11.245572
5880.000000 10.086630 11.241354
5890.000000 10.074543 11.206621
5900.000000 10.065161 11.202500
5910.000000 10.050924 11.190837
5920.000000 10.034032 11.190932
5930.000000 10.028439 11.163628
5940.000000 10.019969 11.162531
5950.000000 10.009633 11.153055
5960.000000 9.997229 11.135019
5970.000000 9.987391 11.115720
5980.000000 9.978564 11.112069
5990.000000 9.962941 11.100822
6000.000000 9.947242 11.091516
6010.000000 9.933306 11.073858
6020.000000 9.919326 11.064358
6030.000000 9.902892 11.064376
6040.000000 9.890874 11.034517
6050.000000 9.874529 11.034521
6060.000000 9.863424 11.007799
6070.000000 9.847499 11.008162
6080.000000 9.836562 10.981693
6090.000000 9.822157 10.969546
6100.000000 9.806221 10.969732
6110.000000 9.797345 10.941652
6120.000000 9.781756 10.942121
6130.000000 9.769619 10.916472
6140.000000 9.753740 10.916509
6150.000000 9.739573 10.890614
6160.000000 9.725839 10.881070
6170.000000 9.710085 10.881079
6180.000000 9.705914 10.852641
6190.000000 9.693262 10.844260
6200.000000 9.680041 10.823490
6210.000000 9.667081 10.808890
6220.000000 9.658738 10.793631
6230.000000 9.656708 10.797073
6240.000000 9.655402 10.787772
6250.000000 9.667963 10.797850
6260.000000 9.682796 10.810469
6270.000000 9.706100 10.828692
6280.000000 9.729756 10.864663
6290.000000 9.746801 10.877817
6300.000000 9.762408 10.895158
6310.000000 9.780494 10.915266
6320.000000 9.799796 10.938663
6330.000000 9.822514 10.965875
6340.000000 9.841704 10.983348
6350.000000 9.851381 11.001806
6360.000000 9.861209 11.012694
6370.000000 9.873451 11.022412
6380.000000 9.878611 11.030020
6390.000000 9.883781 11.035708
6400.000000 9.887689 11.036137
6410.000000 9.895730 11.043111
6420.000000 9.898429 11.049890
6430.000000 9.892172 11.048578
6440.000000 9.883896 11.044993
6450.000000 9.877066 11.027709
6460.000000 9.877486 11.024284
6470.000000 9.879662 11.020933
6480.000000 9.877280 11.018209
6490.000000 9.868493 11.019704
6500.000000 9.853455 11.019865
6510.000000 9.848514 10.980276
6520.000000 9.850436 10.978606
6530.000000 9.858177 10.989057
6540.000000 9.872668 11.001405
6550.000000 9.892466 11.025294
6560.000000 9.911551 11.042760
6570.000000 9.923778 11.061965
6580.000000 9.935062 11.072614
6590.000000 9.952642 11.082783
6600.000000 9.974550 11.116519
6610.000000 9.988062 11.133405
6620.000000 9.994634 11.144430
6630.000000 9.986132 11.140511
6640.000000 9.974662 11.133259
6650.000000 9.959691 11.133290
6660.000000 9.950532 11.108036
6670.000000 9.935815 11.108261
6680.000000 9.931864 11.074087
6690.000000 9.927492 11.069154
6700.000000 9.917359 11.054118
6710.000000 9.908104 11.051093
6720.000000 9.893995 11.042625
6730.000000 9.880410 11.032879
6740.000000 9.865985 11.033141
6750.000000 9.852936 11.003858
6760.000000 9.843675 11.000702
6770.000000 9.830389 10.985759
6780.000000 9.822689 10.969829
6790.000000 9.812239 10.950872
6800.000000 9.811098 10.942343
6810.000000 9.820290 10.948949
6820.000000 9.830500 10.963861
6830.000000 9.841965 10.980173
6840.000000 9.847924 10.981382
6850.000000 9.844653 10.990201
6860.000000 9.831864 10.970493
6870.000000 9.817639 10.970589
6880.000000 9.812729 10.952559
6890.000000 9.800133 10.940200
6900.000000 9.786158 10.933369
6910.000000 9.773904 10.917827
6920.000000 9.761438 10.905578
6930.000000 9.751505 10.892638
6940.000000 9.739535 10.880935
6950.000000 9.730308 10.856581
6960.000000 9.724578 10.848384
6970.000000 9.720792 10.840627
6980.000000 9.718421 10.841390
6990.000000 9.714716 10.835465
7000.000000 9.705977 10.825659
7010.000000 9.693081 10.812937
7020.000000 9.685044 10.807345
7030.000000 9.671329 10.807415
7040.000000 9.665070 10.783215
7050.000000 9.653938 10.774144
7060.000000 9.646161 10.755196
7070.000000 9.648816 10.751320
7080.000000 9.657550 10.754240
7090.000000 9.663565 10.760905
7100.000000 9.668983 10.763527
7110.000000 9.675051 10.765198
7120.000000 9.681948 10.776218
7130.000000 9.685149 10.779755
7140.000000 9.683287 10.784381
7150.000000 9.676332 10.773245
7160.000000 9.671105 10.769069
7170.000000 9.662817 10.764822
7180.000000 9.652205 10.754630
7190.000000 9.648760 10.750749
7200.000000 9.645418 10.746983
7210.000000 9.647541 10.750969
7220.000000 9.646603 10.758182
7230.000000 9.643089 10.754208
7240.000000 9.636666 10.751959
7250.000000 9.631404 10.736113
7260.000000 9.634133 10.729223
7270.000000 9.639072 10.728116
7280.000000 9.651540 10.745253
7290.000000 9.662978 10.761245
7300.000000 9.669900 10.775495
7310.000000 9.674974 10.777821
7320.000000 9.684901 10.785559
7330.000000 9.692149 10.798519
7340.000000 9.692838 10.797606
7350.000000 9.695698 10.807307
7360.000000 9.698204 10.803509
7370.000000 9.701781 10.817265
7380.000000 9.708558 10.823135
7390.000000 9.710597 10.826993
7400.000000 9.709731 10.834139
7410.000000 9.711544 10.836100
7420.000000 9.712911 10.840824
7430.000000 9.707424 10.829753
7440.000000 9.705421 10.835584
7450.000000 9.694899 10.827012
7460.000000 9.689537 10.820950
7470.000000 9.683538 10.815794
7480.000000 9.679903 10.805205
7490.000000 9.676935 10.806657
7500.000000 9.668916 10.804063
7510.000000 9.656207 10.804249
7520.000000 9.644537 10.786276
7530.000000 9.633582 10.772330
7540.000000 9.623799 10.759704
7550.000000 9.614499 10.753995
7560.000000 9.602941 10.747333
7570.000000 9.591180 10.735654
7580.000000 9.579976 10.723009
7590.000000 9.568428 10.714719
7600.000000 9.559962 10.694100
7610.000000 9.555003 10.690028
7620.000000 9.552750 10.690550
7630.000000 9.551066 10.694839
7640.000000 9.546467 10.688014
7650.000000 9.550489 10.686155
7660.000000 9.549511 10.692772
7670.000000 9.543202 10.685600
7680.000000 9.538282 10.679983
7690.000000 9.536297 10.672992
7700.000000 9.542096 10.676277
7710.000000 9.553490 10.687378
7720.000000 9.574712 10.706369
7730.000000 9.596078 10.733278
7740.000000 9.612226 10.754355
7750.000000 9.630063 10.767997
7760.000000 9.653602 10.792674
7770.000000 9.680457 10.827286
7780.000000 9.704562 10.852593
7790.000000 9.727984 10.877135
7800.000000 9.752954 10.897156
7810.000000 9.779699 10.926960
7820.000000 9.808658 10.959238
7830.000000 9.833821 10.987274
7840.000000 9.864304 11.016545
7850.000000 9.887021 11.043414
7860.000000 9.913563 11.072986
7870.000000 9.937655 11.098247
7880.000000 9.960480 11.123665
7890.000000 9.981663 11.144096
7900.000000 10.001677 11.164795
7910.000000 10.029731 11.197625
7920.000000 10.057778 11.228869
7930.000000 10.081361 11.259886
7940.000000 10.099921 11.282128
7950.000000 10.111097 11.296124
7960.000000 10.117361 11.303045
7970.000000 10.118942 11.299981
7980.000000 10.115865 11.294893
7990.000000 10.110935 11.295634
8000.000000 10.098813 11.285166
8010.000000 10.086352 11.285331
8020.000000 10.084908 11.264758
8030.000000 10.080061 11.267106
8040.000000 10.067844 11.267465
8050.000000 10.061981 11.245168
8060.000000 10.058619 11.238213
8070.000000 10.056501 11.241995
8080.000000 10.047740 11.238336
8090.000000 10.036551 11.230387
8100.000000 10.026892 11.210190
8110.000000 10.021261 11.205354
8120.000000 10.009898 11.194102
8130.000000 10.000168 11.183131
8140.000000 9.988076 11.183348
8150.000000 9.976999 11.163171
8160.000000 9.966084 11.155452
8170.000000 9.954428 11.143830
8180.000000 9.942328 11.143908
8190.000000 9.934154 11.128535
8200.000000 9.922056 11.128554
8210.000000 9.914255 11.106022
8220.000000 9.904002 11.098963
8230.000000 9.893321 11.089898
8240.000000 9.881973 11.081582
8250.000000 9.870047 11.081639
8260.000000 9.859153 11.064756
8270.000000 9.848414 11.049570
8280.000000 9.842090 11.043841
8290.000000 9.834353 11.027565
8300.000000 9.822695 11.027779
8310.000000 9.817604 11.001118
8320.000000 9.811350 10.993998
8330.000000 9.802505 10.991367
8340.000000 9.791850 10.980776
8350.000000 9.780188 10.980848
8360.000000 9.772879 10.966613
8370.000000 9.762988 10.955384
8380.000000 9.751659 10.955745
8390.000000 9.744718 10.933162
8400.000000 9.738433 10.927443
8410.000000 9.727048 10.927661
8420.000000 9.721405 10.913897
8430.000000 9.712638 10.898115
8440.000000 9.703131 10.887321
8450.000000 9.694765 10.879252
8460.000000 9.683559 10.879537
8470.000000 9.676999 10.856183
8480.000000 9.670959 10.847848
8490.000000 9.667577 10.841068
8500.000000 9.664834 10.840735
8510.000000 9.667321 10.841974
8520.000000 9.678373 10.847111
8530.000000 9.690498 10.864872
8540.000000 9.701304 10.876872
8550.000000 9.716428 10.892286
8560.000000 9.722664 10.900590
8570.000000 9.722691 10.904785
8580.000000 9.718901 10.900414
8590.000000 9.708798 10.890385
8600.000000 9.699777 10.882986
8610.000000 9.690578 10.879629
8620.000000 9.681034 10.865952
8630.000000 9.674225 10.861007
8640.000000 9.663221 10.861224
8650.000000 9.656073 10.834743
8660.000000 9.655849 10.827354
8670.000000 9.655047 10.826339
8680.000000 9.652266 10.830102
8690.000000 9.642037 10.819899
8700.000000 9.634345 10.805570
8710.000000 9.623540 10.805857
8720.000000 9.615601 10.791253
8730.000000 9.606971 10.778673
8740.000000 9.597078 10.768835
8750.000000 9.588051 10.750313
8760.000000 9.583996 10.742906
8770.000000 9.582257 10.747717
8780.000000 9.578680 10.736730
8790.000000 9.579849 10.736565
8800.000000 9.586687 10.744122
8810.000000 9.600725 10.755645
8820.000000 9.612217 10.768418
8830.000000 9.617289 10.771266
8840.000000 9.617590 10.766050
8850.000000 9.620149 10.766100
8860.000000 9.620289 10.764809
8870.000000 9.614554 10.766456
8880.000000 9.607684 10.753244
8890.000000 9.609487 10.747055
8900.000000 9.609949 10.746142
8910.000000 9.606968 10.744080
8920.000000 9.601636 10.736692
8930.000000 9.598316 10.734247
8940.000000 9.594534 10.720552
8950.000000 9.599208 10.728385
8960.000000 9.600595 10.732543
8970.000000 9.601005 10.734266
8980.000000 9.595458 10.729326
8990.000000 9.588843 10.716522
9000.000000 9.585852 10.719764
9010.000000 9.577381 10.711544
9020.000000 9.567375 10.702930
9030.000000 9.556823 10.702978
9040.000000 9.549109 10.686302
9050.000000 9.538605 10.686354
9060.000000 9.545644 10.675661
9070.000000 9.545453 10.674055
9080.000000 9.535833 10.665849
9090.000000 9.528958 10.658081
9100.000000 9.523932 10.649764
9110.000000 9.523185 10.652777
9120.000000 9.523691 10.651958
9130.000000 9.528063 10.658076
9140.000000 9.532332 10.660163
9150.000000 9.532269 10.656110
9160.000000 9.531259 10.653610
9170.000000 9.534997 10.659017
9180.000000 9.532695 10.657672
9190.000000 9.529914 10.655786
9200.000000 9.521916 10.650654
9210.000000 9.513118 10.636861
9220.000000 9.504591 10.627253
9230.000000 9.496406 10.618029
9240.000000 9.486171 10.618077
9250.000000 9.480605 10.602780
9260.000000 9.475377 10.594300
9270.000000 9.467314 10.589044
9280.000000 9.457320 10.589278
9290.000000 9.449711 10.571750
9300.000000 9.442509 10.566158
9310.000000 9.433342 10.553282
9320.000000 9.423415 10.553500
9330.000000 9.416360 10.534129
9340.000000 9.408765 10.525556
9350.000000 9.405186 10.521475
9360.000000 9.403199 10.521690
9370.000000 9.393231 10.521766
9380.000000 9.383822 10.509881
9390.000000 9.374628 10.503253
9400.000000 9.368844 10.491677
9410.000000 9.367721 10.490332
9420.000000 9.367441 10.496169
9430.000000 9.364707 10.490519
9440.000000 9.369015 10.496499
9450.000000 9.365702 10.497673
9460.000000 9.357113 10.492922
9470.000000 9.348945 10.484902
9480.000000 9.340105 10.477363
9490.000000 9.336929 10.463800
9500.000000 9.334639 10.461139
9510.000000 9.332573 10.461193
9520.000000 9.324258 10.462864
9530.000000 9.321140 10.448185
9540.000000 9.317240 10.449855
9550.000000 9.313499 10.438201
9560.000000 9.308575 10.435035
9570.000000 9.299683 10.429857
9580.000000 9.289983 10.429865
9590.000000 9.281592 10.411799
9600.000000 9.272711 10.404164
9610.000000 9.263130 10.404240
9620.000000 9.256849 10.389790
9630.000000 9.247466 10.390048
9640.000000 9.240054 10.373136
9650.000000 9.232953 10.361438
9660.000000 9.223660 10.361735
9670.000000 9.218225 10.343494
9680.000000 9.210422 10.340627
9690.000000 9.200940 10.340653
9700.000000 9.194056 10.330400
9710.000000 9.186255 10.322710
9720.000000 9.177754 10.316615
9730.000000 9.172471 10.314127
9740.000000 9.169006 10.311294
9750.000000 9.162655 10.305212
9760.000000 9.155541 10.292339
9770.000000 9.149989 10.288340
9780.000000 9.141944 10.282716
9790.000000 9.134429 10.278857
9800.000000 9.126219 10.271844
9810.000000 9.117546 10.267837
9820.000000 9.111531 10.258568
9830.000000 9.106825 10.255480
9840.000000 9.099076 10.248959
9850.000000 9.092887 10.238333
9860.000000 9.092617 10.230880
9870.000000 9.096633 10.231769
9880.000000 9.099044 10.236684
9890.000000 9.098608 10.240723
9900.000000 9.097757 10.241960
9910.000000 9.098612 10.243950
9920.000000 9.099027 10.250097
9930.000000 9.099200 10.250148
9940.000000 9.094396 10.245755
9950.000000 9.085285 10.245788
9960.000000 9.078006 10.228161
9970.000000 9.070160 10.220332
9980.000000 9.061094 10.220357
9990.000000 9.053183 10.205518
10000.000000 9.047540 10.201308
10010.000000 9.039362 10.191937
10020.000000 9.033806 10.176362
10030.000000 9.032935 10.170671
10040.000000 9.037724 10.170225
10050.000000 9.047311 10.179744
10060.000000 9.060526 10.197906
10070.000000 9.074230 10.212058
10080.000000 9.085859 10.225014
10090.000000 9.097269 10.237725
10100.000000 9.102291 10.244388
10110.000000 9.104937 10.244954
10120.000000 9.109096 10.247227
10130.000000 9.117450 10.248532
10140.000000 9.127708 10.258807
10150.000000 9.135718 10.272243
10160.000000 9.140496 10.276357
10170.000000 9.138962 10.276785
10180.000000 9.133124 10.268964
10190.000000 9.124213 10.269023
10200.000000 9.120835 10.247001
10210.000000 9.127636 10.241007
10220.000000 9.137625 10.253242
10230.000000 9.149392 10.261845
10240.000000 9.163587 10.278796
10250.000000 9.172997 10.292635
10260.000000 9.179274 10.296201
10270.000000 9.181063 10.299237
10280.000000 9.175346 10.289359
10290.000000 9.171321 10.288116
10300.000000 9.167875 10.283035
10310.000000 9.166776 10.282827
10320.000000 9.167016 10.284118
10330.000000 9.167716 10.281458
10340.000000 9.170297 10.284259
10350.000000 9.171402 10.282064
10360.000000 9.178114 10.282823
10370.000000 9.185156 10.298418
10380.000000 9.191215 10.304008
10390.000000 9.195785 10.309043
10400.000000 9.200153 10.316075
10410.000000 9.206685 10.333326
10420.000000 9.193579 10.319626
10430.000000 9.187430 10.312624
10440.000000 9.180118 10.304315
10450.000000 9.171502 10.304504
10460.000000 9.168907 10.292634
10470.000000 9.163754 10.282339
10480.000000 9.158608 10.274268
10490.000000 9.149942 10.274341
10500.000000 9.151263 10.258168
10510.000000 9.146939 10.255422
10520.000000 9.141233 10.245660
10530.000000 9.133698 10.241491
10540.000000 9.127946 10.232775
10550.000000 9.120460 10.227557
10560.000000 9.112090 10.224596
10570.000000 9.104255 10.220048
10580.000000 9.095698 10.220103
10590.000000 9.091895 10.203812
10600.000000 9.086331 10.197470
10610.000000 9.085863 10.196849
10620.000000 9.084601 10.192104
10630.000000 9.083155 10.191465
10640.000000 9.078166 10.187922
10650.000000 9.072256 10.179048
10660.000000 9.066514 10.168231
10670.000000 9.060414 10.161301
10680.000000 9.052436 10.152265
10690.000000 9.049252 10.146476
10700.000000 9.044850 10.139329
10710.000000 9.040809 10.128354
10720.000000 9.036776 10.127991
10730.000000 9.028577 10.126124
10740.000000 9.021525 10.119183
10750.000000 9.019056 10.117380
10760.000000 9.010829 10.117554
10770.000000 9.003836 10.096971
10780.000000 8.998793 10.089131
10790.000000 8.996761 10.084672
10800.000000 8.994629 10.083246
10810.000000 8.999306 10.085269
10820.000000 9.007510 10.089157
10830.000000 9.019277 10.099129
10840.000000 9.031708 10.112975
10850.000000 9.045073 10.132050
10860.000000 9.057409 10.146839
10870.000000 9.065031 10.156348
10880.000000 9.070499 10.161349
10890.000000 9.076522 10.166974
10900.000000 9.080535 10.177669
10910.000000 9.079095 10.179111
10920.000000 9.074801 10.174212
10930.000000 9.068974 10.168638
10940.000000 9.060780 10.168745
10950.000000 9.053863 10.151526
10960.000000 9.045658 10.151589
10970.000000 9.038409 10.137138
10980.000000 9.035088 10.129188
10990.000000 9.029488 10.122826
11000.000000 9.023892 10.114409
11010.000000 9.018949 10.110847
11020.000000 9.013598 10.104766
11030.000000 9.009905 10.103625
11040.000000 9.002740 10.100635
11050.000000 8.995018 10.091882
11060.000000 8.986912 10.091913
11070.000000 8.981417 10.073382
11080.000000 8.973440 10.073528
11090.000000 8.967240 10.061381
11100.000000 8.962091 10.054499
11110.000000 8.955633 10.045137
11120.000000 8.947603 10.045163
11130.000000 8.942440 10.029157
11140.000000 8.942481 10.029119
11150.000000 8.941999 10.029503
11160.000000 8.939118 10.023164
11170.000000 8.942360 10.024705
11180.000000 8.950818 10.033100
11190.000000 8.957945 10.037994
11200.000000 8.963192 10.042792
11210.000000 8.966391 10.042286
11220.000000 8.968287 10.048350
11230.000000 8.965508 10.043158
11240.000000 8.960900 10.037923
11250.000000 8.955432 10.028728
11260.000000 8.951980 10.025790
11270.000000 8.947525 10.024715
11280.000000 8.940605 10.015893
11290.000000 8.932727 10.015938
11300.000000 8.926709 9.999188
11310.000000 8.920275 9.990920
11320.000000 8.916094 9.982215
11330.000000 8.913985 9.979788
11340.000000 8.911685 9.972223
11350.000000 8.914566 9.971452
11360.000000 8.924521 9.981545
11370.000000 8.934231 9.992348
11380.000000 8.944087 9.998400
11390.000000 8.960948 10.019161
11400.000000 8.977564 10.035716
11410.000000 8.993577 10.051593
11420.000000 9.009104 10.068894
11430.000000 9.026073 10.088794
11440.000000 9.035127 10.103798
11450.000000 9.038482 10.111443
11460.000000 9.035605 10.109151
11470.000000 9.029027 10.103701
11480.000000 9.021714 10.097424
11490.000000 9.014997 10.090824
11500.000000 9.011233 10.085565
11510.000000 9.009221 10.082268
11520.000000 9.003895 10.077224
11530.000000 8.997272 10.073660
11540.000000 8.990087 10.066524
11550.000000 8.982357 10.066585
11560.000000 8.978349 10.055195
11570.000000 8.971341 10.048249
11580.000000 8.969811 10.043552
11590.000000 8.977535 10.047280
11600.000000 8.984790 10.057277
11610.000000 8.991088 10.067175
11620.000000 8.990629 10.067564
11630.000000 8.986051 10.065278
11640.000000 8.981744 10.056512
11650.000000 8.979283 10.051758
11660.000000 8.974728 10.047559
11670.000000 8.973377 10.040202
11680.000000 8.975034 10.041996
11690.000000 8.976055 10.045001
11700.000000 8.972401 10.044693
11710.000000 8.965980 10.036481
11720.000000 8.963925 10.031243
11730.000000 8.961591 10.025700
11740.000000 8.962940 10.025240
11750.000000 8.962731 10.023995
11760.000000 8.963177 10.027298
11770.000000 8.968367 10.025423
11780.000000 8.976305 10.031389
11790.000000 8.981678 10.035442
11800.000000 8.988485 10.040148
11810.000000 8.996342 10.046979
11820.000000 9.002524 10.057640
11830.000000 9.003015 10.059092
11840.000000 9.003503 10.055795
11850.000000 9.004246 10.057528
11860.000000 8.999726 10.055276
11870.000000 8.993066 10.045896
11880.000000 8.986758 10.040693
11890.000000 8.979250 10.040749
11900.000000 8.973005 10.025234
11910.000000 8.965565 10.025338
11920.000000 8.961005 10.012672
11930.000000 8.954477 10.007205
11940.000000 8.949066 10.002982
11950.000000 8.945404 9.996033
11960.000000 8.939274 9.991002
11970.000000 8.933512 9.984513
11980.000000 8.926934 9.978974
11990.000000 8.920249 9.973311
12000.000000 8.912902 9.973408
12010.000000 8.906924 9.958309
12020.000000 8.902714 9.951699
12030.000000 8.902570 9.950564
12040.000000 8.898203 9.941942
12050.000000 8.891285 9.936931
12060.000000 8.884859 9.932462
12070.000000 8.877502 9.932467
12080.000000 8.872712 9.918783
12090.000000 8.865412 9.918826
12100.000000 8.859957 9.900765
12110.000000 8.852658 9.900784
12120.000000 8.848724 9.889031
12130.000000 8.842962 9.880724
12140.000000 8.840878 9.879258
12150.000000 8.834141 9.879862
12160.000000 8.829392 9.871773
12170.000000 8.823317 9.865837
12180.000000 8.816147 9.865920
12190.000000 8.810775 9.852615
12200.000000 8.807198 9.849466
12210.000000 8.807580 9.846232
12220.000000 8.813767 9.845894
12230.000000 8.822132 9.857896
12240.000000 8.826729 9.867491
12250.000000 8.831078 9.872304
12260.000000 8.837070 9.882557
12270.000000 8.843122 9.883868
12280.000000 8.854375 9.895497
12290.000000 8.865218 9.907569
12300.000000 8.874965 9.918414
12310.000000 8.888958 9.931301
12320.000000 8.900583 9.948756
12330.000000 8.907830 9.955003
12340.000000 8.915320 9.961522
12350.000000 8.925309 9.974443
12360.000000 8.932016 9.984600
12370.000000 8.937872 9.993806
12380.000000 8.943823 10.003119
12390.000000 8.944669 10.004012
12400.000000 8.948578 10.002017
12410.000000 8.951102 10.010199
12420.000000 8.948781 10.008452
12430.000000 8.946496 10.005844
12440.000000 8.941327 10.002708
12450.000000 8.935427 9.996951
12460.000000 8.932233 9.994219
12470.000000 8.930023 9.990794
12480.000000 8.924794 9.989366
12490.000000 8.918302 9.982935
12500.000000 8.911348 9.983138
12510.000000 8.904951 9.975905
12520.000000 8.898630 9.967867
12530.000000 8.892009 9.959496
12540.000000 8.884930 9.959509
12550.000000 8.880376 9.943676
12560.000000 8.876292 9.939928
12570.000000 8.875224 9.938670
12580.000000 8.873755 9.936078
12590.000000 8.871002 9.936469
12600.000000 8.866714 9.934252
12610.000000 8.859917 9.932748
12620.000000 8.854098 9.925273
12630.000000 8.849543 9.921858
12640.000000 8.845059 9.917639
12650.000000 8.843635 9.912456
12660.000000 8.839443 9.909444
12670.000000 8.838891 9.904373
12680.000000 8.839194 9.908149
12690.000000 8.837964 9.908452
12700.000000 8.831723 9.902259
12710.000000 8.824918 9.902420
12720.000000 8.819136 9.890620
12730.000000 8.812303 9.890727
12740.000000 8.809046 9.881769
12750.000000 8.802192 9.881830
12760.000000 8.800958 9.863876
12770.000000 8.799696 9.861528
12780.000000 8.796476 9.857854
12790.000000 8.795423 9.854017
12800.000000 8.799114 9.858088
12810.000000 8.803382 9.862806
12820.000000 8.802538 9.863520
12830.000000 8.802736 9.861094
12840.000000 8.801081 9.857457
12850.000000 8.796276 9.854590
12860.000000 8.790024 9.844092
12870.000000 8.789107 9.840435
12880.000000 8.788626 9.841549
12890.000000 8.786180 9.838751
12900.000000 8.780154 9.829383
12910.000000 8.773404 9.829440
12920.000000 8.769863 9.820301
12930.000000 8.763103 9.820326
12940.000000 8.758168 9.809633
12950.000000 8.751579 9.809829
12960.000000 8.747560 9.799323
12970.000000 8.742087 9.793131
12980.000000 8.736540 9.785166
12990.000000 8.732643 9.777369
13000.000000 8.729938 9.778493
13010.000000 8.723253 9.778522
13020.000000 8.718080 9.765089
13030.000000 8.712518 9.754607
13040.000000 8.707488 9.749755
13050.000000 8.701585 9.743924
13060.000000 8.695916 9.737517
13070.000000 8.690637 9.730714
13080.000000 8.684041 9.730769
13090.000000 8.679398 9.719679
13100.000000 8.672975 9.719905
13110.000000 8.669490 9.705979
13120.000000 8.664832 9.700708
13130.000000 8.658249 9.700726
13140.000000 8.656977 9.687675
13150.000000 8.653270 9.685947
13160.000000 8.646774 9.686036
13170.000000 8.644010 9.670541
13180.000000 8.641737 9.661388
13190.000000 8.644599 9.664542
13200.000000 8.650010 9.672184
13210.000000 8.653282 9.674158
13220.000000 8.655246 9.675490
13230.000000 8.656255 9.674122
13240.000000 8.662033 9.680536
13250.000000 8.669110 9.689220
13260.000000 8.674852 9.693960
13270.000000 8.683218 9.704902
13280.000000 8.690174 9.712634
13290.000000 8.694270 9.721256
13300.000000 8.700157 9.728610
13310.000000 8.705525 9.736202
13320.000000 8.711427 9.742755
13330.000000 8.717523 9.748706
13340.000000 8.726003 9.756506
13350.000000 8.734733 9.767040
13360.000000 8.744798 9.777429
13370.000000 8.751806 9.789311
13380.000000 8.756584 9.796245
13390.000000 8.756095 9.798923
13400.000000 8.752550 9.795721
13410.000000 8.747493 9.792460
13420.000000 8.741079 9.792577
13430.000000 8.739510 9.782598
13440.000000 8.737076 9.778192
13450.000000 8.730901 9.772042
13460.000000 8.724719 9.766693
13470.000000 8.718559 9.762177
13480.000000 8.714548 9.756820
13490.000000 8.712862 9.750830
13500.000000 8.713067 9.751008
13510.000000 8.707075 9.751520
13520.000000 8.702737 9.738537
13530.000000 8.701634 9.730813
13540.000000 8.705024 9.732146
13550.000000 8.712662 9.738230
13560.000000 8.718064 9.745030
13570.000000 8.725061 9.754414
13580.000000 8.729866 9.758938
13590.000000 8.734576 9.765767
13600.000000 8.733015 9.767991
13610.000000 8.728046 9.761583
13620.000000 8.725717 9.759733
13630.000000 8.720347 9.754479
13640.000000 8.715176 9.747848
13650.000000 8.709895 9.742692
13660.000000 8.705827 9.736499
13670.000000 8.700132 9.737252
13680.000000 8.698764 9.730098
13690.000000 8.693460 9.723322
13700.000000 8.688658 9.717112
13710.000000 8.684690 9.714213
13720.000000 8.681351 9.710430
13730.000000 8.676503 9.704960
13740.000000 8.670869 9.700981
13750.000000 8.665555 9.692620
13760.000000 8.663061 9.690571
13770.000000 8.661370 9.689420
13780.000000 8.657142 9.685428
13790.000000 8.650916 9.685486
13800.000000 8.653813 9.679253
13810.000000 8.652254 9.680599
13820.000000 8.646871 9.675310
13830.000000 8.640729 9.673867
13840.000000 8.634797 9.670302
13850.000000 8.629570 9.665174
13860.000000 8.623848 9.661833
13870.000000 8.618120 9.656918
13880.000000 8.613482 9.650103
13890.000000 8.608013 9.645474
13900.000000 8.601978 9.645652
13910.000000 8.598364 9.635321
13920.000000 8.592301 9.635449
13930.000000 8.592816 9.624341
13940.000000 8.590593 9.617932
13950.000000 8.591092 9.616894
13960.000000 8.591598 9.619723
13970.000000 8.591314 9.617810
13980.000000 8.593874 9.619855
13990.000000 8.599903 9.624242
14000.000000 8.604767 9.628096
14010.000000 8.610152 9.636382
14020.000000 8.616299 9.640902
14030.000000 8.626188 9.648072
14040.000000 8.633428 9.659972
14050.000000 8.633653 9.664024
14060.000000 8.635182 9.664145
14070.000000 8.637682 9.666125
14080.000000 8.642401 9.668283
14090.000000 8.647066 9.674223
14100.000000 8.651039 9.678621
14110.000000 8.655220 9.687091
14120.000000 8.655632 9.686734
14130.000000 8.655512 9.684249
14140.000000 8.652438 9.677700
14150.000000 8.652176 9.676596
14160.000000 8.652895 9.678884
14170.000000 8.651735 9.680597
14180.000000 8.650967 9.676636
14190.000000 8.650616 9.672386
14200.000000 8.653720 9.674290
14210.000000 8.654817 9.678520
14220.000000 8.654740 9.678390
14230.000000 8.650516 9.673622
14240.000000 8.649572 9.667967
14250.000000 8.651446 9.671539
14260.000000 8.653195 9.672694
14270.000000 8.653383 9.672864
14280.000000 8.651547 9.667743
14290.000000 8.655956 9.668851
14300.000000 8.662529 9.677669
14310.000000 8.666689 9.682280
14320.000000 8.670700 9.688235
14330.000000 8.673021 9.691546
14340.000000 8.669507 9.689846
14350.000000 8.663841 9.686492
14360.000000 8.657821 9.686507
14370.000000 8.655922 9.676048
14380.000000 8.654529 9.675955
14390.000000 8.654959 9.676394
14400.000000 8.654924 9.673308
14410.000000 8.653484 9.674661
14420.000000 8.647573 9.674761
14430.000000 8.642974 9.661330
14440.000000 8.637069 9.661421
14450.000000 8.633035 9.654621
14460.000000 8.628311 9.647056
14470.000000 8.623980 9.642172
14480.000000 8.623080 9.635916
14490.000000 8.624292 9.635746
14500.000000 8.626049 9.638415
14510.000000 8.625548 9.641530
14520.000000 8.622895 9.637783
14530.000000 8.621635 9.638559
14540.000000 8.623859 9.637300
14550.000000 8.631897 9.644762
14560.000000 8.638567 9.652178
14570.000000 8.642026 9.654526
14580.000000 8.645409 9.658269
14590.000000 8.647760 9.660859
14600.000000 8.648630 9.664013
14610.000000 8.648725 9.661865
14620.000000 8.648942 9.660596
14630.000000 8.649707 9.662153
14640.000000 8.648706 9.664686
14650.000000 8.647798 9.664371
14660.000000 8.647390 9.666087
14670.000000 8.648859 9.665481
14680.000000 8.650214 9.666956
14690.000000 8.650445 9.664971
14700.000000 8.651584 9.666941
14710.000000 8.653260 9.670247
14720.000000 8.655178 9.671618
14730.000000 8.655704 9.670701
14740.000000 8.654801 9.671122
14750.000000 8.654632 9.666502
14760.000000 8.658429 9.664857
14770.000000 8.664671 9.674720
14780.000000 8.669440 9.680012
14790.000000 8.669672 9.681702
14800.000000 8.669205 9.684070
14810.000000 8.665978 9.679700
14820.000000 8.661280 9.672230
14830.000000 8.655593 9.672402
14840.000000 8.656358 9.663760
14850.000000 8.657402 9.664167
14860.000000 8.655786 9.662333
14870.000000 8.651989 9.658789
14880.000000 8.647394 9.653629
14890.000000 8.641663 9.653715
14900.000000 8.643022 9.645796
14910.000000 8.640450 9.640733
14920.000000 8.640121 9.638897
14930.000000 8.638850 9.639614
14940.000000 8.634871 9.635866
14950.000000 8.629647 9.630728
14960.000000 8.623891 9.630742
14970.000000 8.622238 9.622402
14980.000000 8.621292 9.619885
14990.000000 8.617667 9.615097
15000.000000 8.614113 9.612535
15010.000000 8.609747 9.606207
15020.000000 8.608062 9.605013
15030.000000 8.604272 9.602183
15040.000000 8.599571 9.599047
15050.000000 8.593915 9.599111
15060.000000 8.589424 9.584820
15070.000000 8.585012 9.581287
15080.000000 8.580510 9.576235
15090.000000 8.579308 9.570618
15100.000000 8.578965 9.568796
15110.000000 8.577820 9.566789
15120.000000 8.577290 9.565469
15130.000000 8.575533 9.564191
15140.000000 8.571818 9.559320
15150.000000 8.566885 9.558720
15160.000000 8.561960 9.553902
15170.000000 8.557277 9.550054
15180.000000 8.554181 9.547976
15190.000000 8.549942 9.544618
15200.000000 8.545631 9.540477
15210.000000 8.541093 9.537481
15220.000000 8.535634 9.537651
15230.000000 8.531461 9.530156
15240.000000 8.527163 9.527417
15250.000000 8.521584 9.527431
15260.000000 8.517574 9.517330
15270.000000 8.516508 9.511928
15280.000000 8.516913 9.517218
15290.000000 8.516316 9.513038
15300.000000 8.518898 9.517279
15310.000000 8.519512 9.515849
15320.000000 8.520869 9.516638
15330.000000 8.521439 9.515855
15340.000000 8.518521 9.516029
15350.000000 8.513667 9.510573
15360.000000 8.508599 9.506262
15370.000000 8.504275 9.503468
15380.000000 8.504948 9.501424
15390.000000 8.504317 9.501375
15400.000000 8.500314 9.496868
15410.000000 8.496125 9.491467
15420.000000 8.495296 9.487758
15430.000000 8.499854 9.490755
15440.000000 8.501777 9.494932
15450.000000 8.500008 9.494984
15460.000000 8.494642 9.495132
15470.000000 8.493962 9.487479
15480.000000 8.491439 9.484629
15490.000000 8.487685 9.477670
15500.000000 8.483605 9.471720
15510.000000 8.478489 9.469386
15520.000000 8.476646 9.471386
15530.000000 8.468585 9.468476
15540.000000 8.464732 9.459365
15550.000000 8.460562 9.455350
15560.000000 8.456576 9.448146
15570.000000 8.455785 9.443840
15580.000000 8.454698 9.445980
15590.000000 8.452000 9.441579
15600.000000 8.451902 9.440086
15610.000000 8.450876 9.438908
15620.000000 8.449548 9.436719
15630.000000 8.450317 9.436871
15640.000000 8.453745 9.441343
15650.000000 8.459018 9.443832
15660.000000 8.464765 9.448872
15670.000000 8.469463 9.454762
15680.000000 8.475343 9.459950
15690.000000 8.481299 9.467918
15700.000000 8.488387 9.475802
15710.000000 8.496154 9.483096
15720.000000 8.504931 9.492865
15730.000000 8.513617 9.503882
15740.000000 8.524027 9.511427
15750.000000 8.534424 9.522327
15760.000000 8.546503 9.532405
15770.000000 8.560266 9.550434
15780.000000 8.574988 9.563454
15790.000000 8.592303 9.582065
15800.000000 8.608691 9.600996
15810.000000 8.622729 9.615273
15820.000000 8.637994 9.630916
15830.000000 8.653604 9.648299
15840.000000 8.670476 9.666409
15850.000000 8.686447 9.685556
15860.000000 8.699937 9.699894
15870.000000 8.714280 9.713818
15880.000000 8.729795 9.733825
15890.000000 8.740839 9.747486
15900.000000 8.747201 9.752506
15910.000000 8.752298 9.758169
15920.000000 8.756712 9.762385
15930.000000 8.762624 9.766905
15940.000000 8.770913 9.772024
15950.000000 8.778945 9.778907
15960.000000 8.786831 9.786993
15970.000000 8.795974 9.800579
15980.000000 8.804765 9.808989
15990.000000 8.811095 9.817393
16000.000000 8.813007 9.822927
16010.000000 8.810665 9.817563
16020.000000 8.808703 9.816042
16030.000000 8.807673 9.814194
16040.000000 8.803463 9.809486
16050.000000 8.799081 9.801183
16060.000000 8.795769 9.796800
16070.000000 8.791998 9.793942
16080.000000 8.790783 9.792573
16090.000000 8.788580 9.791460
16100.000000 8.786193 9.788106
16110.000000 8.782282 9.779676
16120.000000 8.780104 9.778588
16130.000000 8.776739 9.776176
16140.000000 8.772363 9.772636
16150.000000 8.768625 9.770477
16160.000000 8.764137 9.764112
16170.000000 8.758801 9.764206
16180.000000 8.754450 9.754631
16190.000000 8.749101 9.754696
16200.000000 8.748445 9.742546
16210.000000 8.745093 9.738130
16220.000000 8.741059 9.734293
16230.000000 8.740123 9.731902
16240.000000 8.737067 9.727819
16250.000000 8.737737 9.726553
16260.000000 8.740055 9.731121
16270.000000 8.740584 9.729701
16280.000000 8.741053 9.730877
16290.000000 8.741061 9.731539
16300.000000 8.739786 9.730108
16310.000000 8.740687 9.731763
16320.000000 8.740696 9.733089
16330.000000 8.743124 9.732462
16340.000000 8.748799 9.740095
16350.000000 8.753525 9.746672
16360.000000 8.756094 9.750184
16370.000000 8.758430 9.752772
16380.000000 8.760316 9.755522
16390.000000 8.762743 9.760202
16400.000000 8.763541 9.763728
16410.000000 8.764277 9.762544
16420.000000 8.761295 9.761193
16430.000000 8.757553 9.755685
16440.000000 8.756673 9.756012
16450.000000 8.755186 9.756321
16460.000000 8.755165 9.754959
16470.000000 8.755303 9.752457
16480.000000 8.756099 9.752670
16490.000000 8.757632 9.751729
16500.000000 8.760990 9.753481
16510.000000 8.763782 9.757893
16520.000000 8.764553 9.757425
16530.000000 8.764960 9.758523
16540.000000 8.761047 9.756124
16550.000000 8.756071 9.751882
16560.000000 8.750803 9.751904
16570.000000 8.746912 9.746239
16580.000000 8.742555 9.740713
16590.000000 8.737649 9.736540
16600.000000 8.733884 9.731021
16610.000000 8.729673 9.728923
16620.000000 8.725172 9.724541
16630.000000 8.720228 9.720967
16640.000000 8.715013 9.720995
16650.000000 8.712384 9.708285
16660.000000 8.710335 9.704038
16670.000000 8.706903 9.700848
16680.000000 8.702366 9.695776
16690.000000 8.697255 9.695891
16700.000000 8.693669 9.687347
16710.000000 8.691797 9.683953
16720.000000 8.691855 9.684001
16730.000000 8.691055 9.684385
16740.000000 8.690936 9.683591
16750.000000 8.690013 9.683190
16760.000000 8.688268 9.681229
16770.000000 8.686150 9.681426
16780.000000 8.685676 9.683452
16790.000000 8.683050 9.681148
16800.000000 8.678426 9.675972
16810.000000 8.674706 9.669881
16820.000000 8.672866 9.667171
16830.000000 8.670715 9.664115
16840.000000 8.667514 9.663087
16850.000000 8.662444 9.663170
16860.000000 8.661694 9.654006
16870.000000 8.665108 9.653967
16880.000000 8.669053 9.660260
16890.000000 8.667311 9.659576
16900.000000 8.662235 9.659635
16910.000000 8.658292 9.652035
16920.000000 8.654119 9.646729
16930.000000 8.649820 9.640013
16940.000000 8.644760 9.636894
16950.000000 8.640507 9.632134
16960.000000 8.636435 9.626310
16970.000000 8.633124 9.623234
16980.000000 8.630728 9.622440
16990.000000 8.626695 9.620449
17000.000000 8.622096 9.612778
17010.000000 8.617586 9.610250
17020.000000 8.613489 9.605031
17030.000000 8.608518 9.605127
17040.000000 8.604501 9.597480
17050.000000 8.599654 9.594562
17060.000000 8.594629 9.594580
17070.000000 8.593940 9.588141
17080.000000 8.591231 9.584470
17090.000000 8.586810 9.581391
17100.000000 8.582495 9.575303
17110.000000 8.579376 9.569304
17120.000000 8.579869 9.568586
17130.000000 8.580707 9.568254
17140.000000 8.581457 9.572184
17150.000000 8.579792 9.573417
17160.000000 8.578330 9.571763
17170.000000 8.575969 9.570349
17180.000000 8.574560 9.567509
17190.000000 8.576613 9.571020
17200.000000 8.580295 9.575104
17210.000000 8.586002 9.577722
17220.000000 8.589952 9.583969
17230.000000 8.596435 9.586833
17240.000000 8.604164 9.597916
17250.000000 8.607750 9.601273
17260.000000 8.609704 9.604051
17270.000000 8.611004 9.605480
17280.000000 8.609984 9.603701
17290.000000 8.610956 9.603524
17300.000000 8.614734 9.607717
17310.000000 8.619798 9.614582
17320.000000 8.625220 9.621848
17330.000000 8.628764 9.626399
17340.000000 8.630081 9.628465
17350.000000 8.631403 9.629298
17360.000000 8.631992 9.630551
17370.000000 8.629748 9.625552
17380.000000 8.630295 9.627376
17390.000000 8.629506 9.627092
17400.000000 8.628449 9.625273
17410.000000 8.625350 9.624261
17420.000000 8.620448 9.624316
17430.000000 8.617868 9.615250
17440.000000 8.614449 9.609569
17450.000000 8.610150 9.605365
17460.000000 8.607277 9.599071
17470.000000 8.606101 9.597739
17480.000000 8.604119 9.596120
17490.000000 8.600636 9.592215
17500.000000 8.599579 9.589794
17510.000000 8.599600 9.589187
17520.000000 8.601133 9.591487
17530.000000 8.601884 9.594135
17540.000000 8.602613 9.593097
17550.000000 8.605954 9.594974
17560.000000 8.610618 9.602595
17570.000000 8.615046 9.605683
17580.000000 8.619360 9.611084
17590.000000 8.622999 9.615122
17600.000000 8.625727 9.614489
17610.000000 8.628534 9.617601
17620.000000 8.630670 9.615099
17630.000000 8.634574 9.620649
17640.000000 8.637104 9.625886
17650.000000 8.637432 9.625626
17660.000000 8.636462 9.626959
17670.000000 8.634396 9.622211
17680.000000 8.630035 9.619154
17690.000000 8.625355 9.619375
17700.000000 8.621357 9.613080
17710.000000 8.617540 9.608199
17720.000000 8.614003 9.604236
17730.000000 8.610384 9.600183
17740.000000 8.606753 9.593704
17750.000000 8.605080 9.591821
17760.000000 8.602514 9.586538
17770.000000 8.600923 9.585349
17780.000000 8.601243 9.581486
17790.000000 8.604287 9.584863
17800.000000 8.607323 9.591833
17810.000000 8.609128 9.591428
17820.000000 8.609273 9.588578
17830.000000 8.610542 9.591177
17840.000000 8.609914 9.588070
17850.000000 8.609829 9.586766
17860.000000 8.607196 9.584421
17870.000000 8.602461 9.584511
17880.000000 8.599432 9.574559
17890.000000 8.598210 9.571996
17900.000000 8.597947 9.569908
17910.000000 8.597684 9.569011
17920.000000 8.593559 9.565005
17930.000000 8.589516 9.561683
17940.000000 8.584783 9.561743
17950.000000 8.590256 9.556560
17960.000000 8.590123 9.556997
17970.000000 8.591399 9.557818
17980.000000 8.591365 9.558957
17990.000000 8.589954 9.560336
18000.000000 8.587577 9.557682
18010.000000 8.584524 9.556638
18020.000000 8.580719 9.554162
18030.000000 8.577475 9.549359
18040.000000 8.573160 9.545723
18050.000000 8.568417 9.545731
18060.000000 8.572925 9.541909
18070.000000 8.573015 9.542000
18080.000000 8.573318 9.541742
18090.000000 8.573077 9.540291
18100.000000 8.572132 9.538058
18110.000000 8.569334 9.536695
18120.000000 8.564773 9.536882
18130.000000 8.561705 9.529357
18140.000000 8.558383 9.523314
18150.000000 8.557480 9.522302
18160.000000 8.554144 9.520916
18170.000000 8.549474 9.520957
18180.000000 8.546327 9.509868
18190.000000 8.544709 9.510387
18200.000000 8.542697 9.509302
18210.000000 8.540213 9.507689
18220.000000 8.536229 9.502082
18230.000000 8.531618 9.502163
18240.000000 8.530070 9.492312
18250.000000 8.527637 9.491911
18260.000000 8.523369 9.487152
18270.000000 8.521925 9.486113
18280.000000 8.520941 9.486741
18290.000000 8.518493 9.483428
18300.000000 8.515473 9.480055
18310.000000 8.513315 9.477644
18320.000000 8.509599 9.475224
18330.000000 8.506538 9.472380
18340.000000 8.502539 9.470215
18350.000000 8.498306 9.466637
18360.000000 8.495369 9.462204
18370.000000 8.492507 9.458430
18380.000000 8.490749 9.456460
18390.000000 8.490145 9.452340
18400.000000 8.493339 9.454742
18410.000000 8.499009 9.461044
18420.000000 8.506230 9.466785
18430.000000 8.517408 9.479217
18440.000000 8.526668 9.490087
18450.000000 8.534655 9.498967
18460.000000 8.542247 9.508555
18470.000000 8.546816 9.516499
18480.000000 8.549477 9.519451
18490.000000 8.551567 9.520621
18500.000000 8.552138 9.522393
18510.000000 8.552648 9.522949
18520.000000 8.553762 9.523034
18530.000000 8.553721 9.523551
18540.000000 8.553661 9.522330
18550.000000 8.554268 9.524710
18560.000000 8.551028 9.521663
18570.000000 8.549328 9.519188
18580.000000 8.548195 9.520198
18590.000000 8.545938 9.518242
18600.000000 8.541800 9.515901
18610.000000 8.539059 9.512834
18620.000000 8.535170 9.507350
18630.000000 8.532931 9.501435
18640.000000 8.532778 9.499551
18650.000000 8.534791 9.501215
18660.000000 8.538589 9.505434
18670.000000 8.541327 9.507338
18680.000000 8.544642 9.509885
18690.000000 8.548394 9.510088
18700.000000 8.552119 9.515358
18710.000000 8.552592 9.515878
18720.000000 8.552569 9.515279
18730.000000 8.556118 9.516961
18740.000000 8.559099 9.522531
18750.000000 8.558483 9.522405
18760.000000 8.556269 9.520499
18770.000000 8.553221 9.515972
18780.000000 8.548786 9.516104
18790.000000 8.546336 9.506610
18800.000000 8.545037 9.504596
18810.000000 8.541207 9.501455
18820.000000 8.537367 9.497178
18830.000000 8.535309 9.491517
18840.000000 8.536820 9.492073
18850.000000 8.538702 9.493042
18860.000000 8.541052 9.497332
18870.000000 8.542656 9.499111
18880.000000 8.543911 9.498825
18890.000000 8.544631 9.498504
18900.000000 8.544820 9.496478
18910.000000 8.543196 9.495788
18920.000000 8.538791 9.493121
18930.000000 8.534326 9.493171
18940.000000 8.534304 9.484230
18950.000000 8.534420 9.480465
18960.000000 8.535219 9.483021
18970.000000 8.535461 9.485512
18980.000000 8.533898 9.479335
18990.000000 8.534120 9.480137
19000.000000 8.533280 9.480867
19010.000000 8.531456 9.478841
19020.000000 8.528662 9.474630
19030.000000 8.526187 9.472435
19040.000000 8.523373 9.468204
19050.000000 8.519367 9.467068
19060.000000 8.514980 9.467159
19070.000000 8.514258 9.459184
19080.000000 8.516610 9.458493
19090.000000 8.519033 9.461186
19100.000000 8.520719 9.463062
19110.000000 8.521244 9.463647
19120.000000 8.519429 9.462184
19130.000000 8.515840 9.459297
19140.000000 8.511405 9.459313
19150.000000 8.507977 9.451114
19160.000000 8.503609 9.451195
19170.000000 8.505306 9.448697
19180.000000 8.503004 9.442859
19190.000000 8.502266 9.443681
19200.000000 8.499763 9.440357
19210.000000 8.495601 9.440649
19220.000000 8.494710 9.432568
19230.000000 8.493282 9.432620
19240.000000 8.489559 9.427398
19250.000000 8.485555 9.422412
19260.000000 8.481171 9.422436
19270.000000 8.478450 9.415614
19280.000000 8.475604 9.411913
19290.000000 8.472853 9.410487
19300.000000 8.468758 9.407564
19310.000000 8.464737 9.403099
19320.000000 8.462767 9.401992
19330.000000 8.458511 9.402129
19340.000000 8.454946 9.394924
19350.000000 8.451111 9.391201
19360.000000 8.448781 9.390229
19370.000000 8.445353 9.388572
19380.000000 8.441839 9.384663
19390.000000 8.438666 9.381134
19400.000000 8.435339 9.375284
19410.000000 8.432792 9.369233
19420.000000 8.430543 9.367270
19430.000000 8.426559 9.364985
19440.000000 8.422937 9.363101
19450.000000 8.421722 9.360678
19460.000000 8.420261 9.359052
19470.000000 8.419197 9.359470
19480.000000 8.417369 9.356902
19490.000000 8.418765 9.353650
19500.000000 8.419905 9.354384
19510.000000 8.421135 9.355219
19520.000000 8.421644 9.354188
19530.000000 8.421155 9.353646
19540.000000 8.419813 9.351094
19550.000000 8.419358 9.350590
19560.000000 8.418708 9.350402
19570.000000 8.415728 9.344973
19580.000000 8.412220 9.342140
19590.000000 8.409391 9.338471
19600.000000 8.405915 9.336201
19610.000000 8.403241 9.332704
19620.000000 8.400819 9.328960
19630.000000 8.399313 9.326235
19640.000000 8.398518 9.324302
19650.000000 8.399629 9.325539
19660.000000 8.400055 9.327068
19670.000000 8.400062 9.327080
19680.000000 8.399132 9.326050
19690.000000 8.396409 9.322505
19700.000000 8.395844 9.319255
19710.000000 8.394381 9.318685
19720.000000 8.392976 9.316605
19730.000000 8.393414 9.317620
19740.000000 8.394468 9.318271
19750.000000 8.396286 9.319769
19760.000000 8.398703 9.320886
19770.000000 8.398963 9.319088
19780.000000 8.396576 9.316968
19790.000000 8.393125 9.314712
19800.000000 8.388938 9.314770
19810.000000 8.386721 9.305009
19820.000000 8.387790 9.304640
19830.000000 8.388506 9.305441
19840.000000 8.388044 9.305457
19850.000000 8.387610 9.306023
19860.000000 8.387452 9.302217
19870.000000 8.389950 9.306555
19880.000000 8.392062 9.310464
19890.000000 8.394894 9.313612
19900.000000 8.396456 9.314833
19910.000000 8.398440 9.317560
19920.000000 8.397845 9.317427
19930.000000 8.394485 9.314224
19940.000000 8.390895 9.307658
19950.000000 8.388139 9.305643
19960.000000 8.384578 9.303768
19970.000000 8.380450 9.303846
19980.000000 8.377489 9.296947
19990.000000 8.373311 9.296961
20000.000000 8.373054 9.289975
20010.000000 8.371065 9.291381
20020.000000 8.366949 9.291453
20030.000000 8.363360 9.283867
20040.000000 8.360027 9.279658
20050.000000 8.355875 9.279677
20060.000000 8.354284 9.268164
20070.000000 8.355509 9.266968
20080.000000 8.357480 9.269676
20090.000000 8.358138 9.269902
20100.000000 8.356481 9.268583
20110.000000 8.354120 9.266484
20120.000000 8.351022 9.263566
20130.000000 8.347597 9.259774
20140.000000 8.344348 9.256688
20150.000000 8.341147 9.253144
20160.000000 8.338157 9.251871
20170.000000 8.335391 9.246773
20180.000000 8.331322 9.246842
20190.000000 8.328647 9.240830
20200.000000 8.325365 9.236687
20210.000000 8.324425 9.236159
20220.000000 8.320470 9.236338
20230.000000 8.318805 9.231455
20240.000000 8.317722 9.229753
20250.000000 8.317629 9.232185
20260.000000 8.319206 9.232423
20270.000000 8.322207 9.236770
20280.000000 8.323847 9.239607
20290.000000 8.323093 9.240797
20300.000000 8.319764 9.238114
20310.000000 8.316143 9.233088
20320.000000 8.313486 9.231654
20330.000000 8.309432 9.231693
20340.000000 8.308925 9.224581
20350.000000 8.306217 9.221578
20360.000000 8.304465 9.219636
20370.000000 8.300796 9.216572
20380.000000 8.297009 9.213373
20390.000000 8.293823 9.207331
20400.000000 8.291812 9.206606
20410.000000 8.289937 9.203025
20420.000000 8.292176 9.205014
20430.000000 8.296093 9.209367
20440.000000 8.299605 9.216273
20450.000000 8.302108 9.222560
20460.000000 8.303759 9.224395
20470.000000 8.305564 9.228906
20480.000000 8.306102 9.230504
20490.000000 8.304531 9.227757
20500.000000 8.304221 9.225412
20510.000000 8.301189 9.223043
20520.000000 8.297652 9.217118
20530.000000 8.293647 9.217159
20540.000000 8.290785 9.209991
20550.000000 8.287555 9.206403
20560.000000 8.284298 9.201792
20570.000000 8.280883 9.196510
20580.000000 8.276871 9.196523
20590.000000 8.275078 9.190564
20600.000000 8.273628 9.186478
20610.000000 8.275858 9.187473
20620.000000 8.281666 9.190461
20630.000000 8.290145 9.199876
20640.000000 8.296356 9.206773
20650.000000 8.303869 9.215613
20660.000000 8.308885 9.220194
20670.000000 8.313197 9.224984
20680.000000 8.318829 9.230745
20690.000000 8.325094 9.237702
20700.000000 8.332352 9.245267
20710.000000 8.338231 9.253778
20720.000000 8.341045 9.256411
20730.000000 8.345843 9.257281
20740.000000 8.351995 9.262627
20750.000000 8.359190 9.271110
20760.000000 8.364836 9.278867
20770.000000 8.371688 9.283005
20780.000000 8.379348 9.291507
20790.000000 8.388729 9.300926
20800.000000 8.397742 9.310433
20810.000000 8.407260 9.320499
20820.000000 8.416195 9.327930
20830.000000 8.426629 9.337519
20840.000000 8.438186 9.349344
20850.000000 8.450944 9.361005
20860.000000 8.463950 9.376421
20870.000000 8.476075 9.388869
20880.000000 8.487060 9.401051
20890.000000 8.496375 9.412881
20900.000000 8.508155 9.423947
20910.000000 8.523489 9.441445
20920.000000 8.539538 9.458235
20930.000000 8.552838 9.474484
20940.000000 8.565491 9.489518
20950.000000 8.575740 9.503399
20960.000000 8.582010 9.511365
20970.000000 8.588234 9.518274
20980.000000 8.593083 9.523660
20990.000000 8.596720 9.526697
21000.000000 8.601058 9.532019
21010.000000 8.605239 9.534149
21020.000000 8.609595 9.541503
21030.000000 8.612853 9.545125
21040.000000 8.615236 9.550294
21050.000000 8.613882 9.550312
21060.000000 8.614284 9.552276
21070.000000 8.613822 9.552778
21080.000000 8.611416 9.548611
21090.000000 8.607361 9.548643
21100.000000 8.609591 9.541592
21110.000000 8.608255 9.538621
21120.000000 8.604805 9.534310
21130.000000 8.602222 9.533460
21140.000000 8.599329 9.529267
21150.000000 8.599099 9.529523
21160.000000 8.597977 9.529788
21170.000000 8.598580 9.527476
21180.000000 8.600674 9.530306
21190.000000 8.602464 9.531803
21200.000000 8.603213 9.533144
21210.000000 8.603397 9.534356
21220.000000 8.601244 9.529991
21230.000000 8.597878 9.527767
21240.000000 8.596624 9.522911
21250.000000 8.595914 9.520153
21260.000000 8.597898 9.519885
21270.000000 8.598816 9.523892
21280.000000 8.595678 9.521917
21290.000000 8.591690 9.520980
21300.000000 8.588112 9.516038
21310.000000 8.584091 9.516047
21320.000000 8.582216 9.509529
21330.000000 8.579240 9.502788
21340.000000 8.576778 9.499089
21350.000000 8.573811 9.493847
21360.000000 8.570132 9.494218
21370.000000 8.566420 9.488643
21380.000000 8.562871 9.485218
21390.000000 8.560242 9.481828
21400.000000 8.557752 9.480065
21410.000000 8.554600 9.476586
21420.000000 8.552239 9.473984
21430.000000 8.551133 9.473751
21440.000000 8.550840 9.474419
21450.000000 8.549820 9.473791
21460.000000 8.550112 9.474126
21470.000000 8.550034 9.474052
21480.000000 8.550913 9.475038
21490.000000 8.551320 9.476478
21500.000000 8.551102 9.475760
21510.000000 8.549424 9.474400
21520.000000 8.546108 9.472200
21530.000000 8.542616 9.470778
21540.000000 8.539374 9.465245
21550.000000 8.535464 9.465303
21560.000000 8.533102 9.456856
21570.000000 8.531544 9.458056
21580.000000 8.529876 9.455732
21590.000000 8.527238 9.453788
21600.000000 8.524524 9.450789
21610.000000 8.521830 9.444905
21620.000000 8.520224 9.441683
21630.000000 8.519645 9.442988
21640.000000 8.516942 9.440970
21650.000000 8.513054 9.441021
21660.000000 8.510848 9.435202
21670.000000 8.509716 9.434439
21680.000000 8.509140 9.431399
21690.000000 8.508504 9.427332
21700.000000 8.509197 9.428112
21710.000000 8.506369 9.429322
21720.000000 8.505757 9.423364
21730.000000 8.504344 9.421330
21740.000000 8.503829 9.420773
21750.000000 8.505112 9.421727
21760.000000 8.507137 9.424943
21770.000000 8.509250 9.426816
21780.000000 8.511853 9.426356
21790.000000 8.516461 9.431953
21800.000000 8.521299 9.437326
21810.000000 8.526917 9.443082
21820.000000 8.532506 9.449766
21830.000000 8.536160 9.454306
21840.000000 8.538334 9.457687
21850.000000 8.540462 9.458619
21860.000000 8.543269 9.462221
21870.000000 8.545456 9.467534
21880.000000 8.545571 9.467195
21890.000000 8.546643 9.471750
21900.000000 8.543286 9.467083
21910.000000 8.540574 9.464089
21920.000000 8.537636 9.460845
21930.000000 8.534060 9.456894
21940.000000 8.530206 9.456934
21950.000000 8.527358 9.452354
21960.000000 8.523476 9.452355
21970.000000 8.521050 9.447766
21980.000000 8.518044 9.443013
21990.000000 8.515399 9.441994
22000.000000 8.511872 9.439519
22010.000000 8.508897 9.436704
22020.000000 8.505592 9.435422
22030.000000 8.502041 9.432440
22040.000000 8.498191 9.432449
22050.000000 8.496360 9.425202
22060.000000 8.494011 9.422129
22070.000000 8.490636 9.419813
22080.000000 8.488028 9.415980
22090.000000 8.484680 9.412745
22100.000000 8.481452 9.411061
22110.000000 8.479478 9.407932
22120.000000 8.477200 9.403995
22130.000000 8.474494 9.401472
22140.000000 8.473290 9.401556
22150.000000 8.469791 9.399563
22160.000000 8.466009 9.399607
22170.000000 8.464953 9.392323
22180.000000 8.465388 9.392811
22190.000000 8.465592 9.393984
22200.000000 8.463614 9.391324
22210.000000 8.460609 9.387995
22220.000000 8.457238 9.385667
22230.000000 8.453812 9.381870
22240.000000 8.450271 9.382160
22250.000000 8.446875 9.376988
22260.000000 8.445077 9.373593
22270.000000 8.441445 9.373771
22280.000000 8.440528 9.370887
22290.000000 8.437551 9.368052
22300.000000 8.434607 9.365720
22310.000000 8.431454 9.361755
22320.000000 8.428625 9.359083
22330.000000 8.425584 9.358035
22340.000000 8.423532 9.354827
22350.000000 8.420855 9.351856
22360.000000 8.417161 9.351937
22370.000000 8.418085 9.345536
22380.000000 8.414998 9.342576
22390.000000 8.411256 9.342595
22400.000000 8.408206 9.338282
22410.000000 8.404665 9.335276
22420.000000 8.401084 9.332226
22430.000000 8.398510 9.329367
22440.000000 8.395597 9.323824
22450.000000 8.393706 9.323109
22460.000000 8.390275 9.321605
22470.000000 8.386707 9.319025
22480.000000 8.384322 9.312231
22490.000000 8.383855 9.312634
22500.000000 8.383678 9.311979
22510.000000 8.382983 9.313046
22520.000000 8.380943 9.311240
22530.000000 8.377314 9.311341
22540.000000 8.374350 9.307128
22550.000000 8.371882 9.303466
22560.000000 8.369419 9.301645
22570.000000 8.365927 9.298679
22580.000000 8.363802 9.296773
22590.000000 8.360159 9.296839
22600.000000 8.357370 9.290534
22610.000000 8.355469 9.287049
22620.000000 8.355061 9.286594
22630.000000 8.353997 9.286778
22640.000000 8.350420 9.286904
22650.000000 8.347705 9.282513
22660.000000 8.344465 9.282096
22670.000000 8.341244 9.278053
22680.000000 8.337932 9.275274
22690.000000 8.335995 9.272660
22700.000000 8.335289 9.270508
22710.000000 8.334014 9.268178
22720.000000 8.332916 9.266953
22730.000000 8.329821 9.262601
22740.000000 8.326360 9.260561
22750.000000 8.322718 9.260581
22760.000000 8.320398 9.251210
22770.000000 8.316781 9.251251
22780.000000 8.315667 9.245492
22790.000000 8.312894 9.244211
22800.000000 8.310006 9.241446
22810.000000 8.307744 9.238027
22820.000000 8.305618 9.237459
22830.000000 8.302271 9.234183
22840.000000 8.299378 9.229164
22850.000000 8.296148 9.227814
22860.000000 8.292609 9.227914
22870.000000 8.291312 9.224220
22880.000000 8.289714 9.221092
22890.000000 8.288048 9.217443
22900.000000 8.285267 9.215689
22910.000000 8.284298 9.211029
22920.000000 8.283236 9.209399
22930.000000 8.281830 9.207834
22940.000000 8.280377 9.206216
22950.000000 8.277900 9.204351
22960.000000 8.274907 9.200575
22970.000000 8.271874 9.198980
22980.000000 8.268301 9.199010
22990.000000 8.266175 9.194415
23000.000000 8.264265 9.192287
23010.000000 8.261990 9.187087
23020.000000 8.261551 9.186596
23030.000000 8.259503 9.183429
23040.000000 8.257725 9.181006
23050.000000 8.255052 9.179359
23060.000000 8.251773 9.177481
23070.000000 8.248881 9.173818
23080.000000 8.247716 9.172519
23090.000000 8.246906 9.170289
23100.000000 8.246495 9.170271
23110.000000 8.247097 9.168290
23120.000000 8.250009 9.171966
23130.000000 8.254204 9.174423
23140.000000 8.258107 9.180082
23150.000000 8.261561 9.184361
23160.000000 8.266745 9.189240
23170.000000 8.271258 9.192932
23180.000000 8.276590 9.197975
23190.000000 8.280787 9.201756
23200.000000 8.283277 9.205404
23210.000000 8.285393 9.208196
23220.000000 8.287452 9.208720
23230.000000 8.290139 9.212147
23240.000000 8.292827 9.215133
23250.000000 8.293508 9.217211
23260.000000 8.295954 9.220810
23270.000000 8.294879 9.220494
23280.000000 8.291888 9.216288
23290.000000 8.288459 9.213355
23300.000000 8.285256 9.211990
23310.000000 8.281736 9.212028
23320.000000 8.280146 9.205864
23330.000000 8.279247 9.203986
23340.000000 8.278344 9.203855
23350.000000 8.278163 9.205405
23360.000000 8.276923 9.204462
23370.000000 8.275635 9.201274
23380.000000 8.273702 9.199560
23390.000000 8.272099 9.197775
23400.000000 8.271529 9.195828
23410.000000 8.270675 9.195313
23420.000000 8.268006 9.191907
23430.000000 8.266261 9.189092
23440.000000 8.265602 9.187486
23450.000000 8.263268 9.186633
23460.000000 8.259837 9.186733
23470.000000 8.260788 9.183871
23480.000000 8.258925 9.184407
23490.000000 8.256222 9.180094
23500.000000 8.255095 9.178404
23510.000000 8.254293 9.176207
23520.000000 8.253649 9.176791
23530.000000 8.250283 9.176948
23540.000000 8.250897 9.171993
23550.000000 8.251982 9.173197
23560.000000 8.253132 9.173608
23570.000000 8.253986 9.173690
23580.000000 8.254716 9.174069
23590.000000 8.255716 9.176907
23600.000000 8.258557 9.180064
23610.000000 8.262263 9.181588
23620.000000 8.267804 9.187745
23630.000000 8.272145 9.195164
23640.000000 8.275652 9.199493
23650.000000 8.278557 9.202720
23660.000000 8.280118 9.204021
23670.000000 8.279928 9.202512
23680.000000 8.279719 9.201847
23690.000000 8.278068 9.200874
23700.000000 8.277189 9.198170
23710.000000 8.278414 9.198238
23720.000000 8.279358 9.198425
23730.000000 8.279116 9.200310
23740.000000 8.276483 9.194371
23750.000000 8.273153 9.194544
23760.000000 8.273412 9.192680
23770.000000 8.271579 9.188926
23780.000000 8.269365 9.186038
23790.000000 8.268607 9.183910
23800.000000 8.267022 9.183436
23810.000000 8.265546 9.179656
23820.000000 8.265121 9.177902
23830.000000 8.264312 9.177007
23840.000000 8.262239 9.174279
23850.000000 8.260769 9.174359
23860.000000 8.258669 9.172882
23870.000000 8.255684 9.170421
23880.000000 8.252999 9.167013
23890.000000 8.251661 9.164676
23900.000000 8.251695 9.164290
23910.000000 8.252506 9.166044
23920.000000 8.252329 9.167125
23930.000000 8.249634 9.164133
23940.000000 8.247964 9.163128
23950.000000 8.246073 9.160604
23960.000000 8.243952 9.157399
23970.000000 8.241883 9.155526
23980.000000 8.238847 9.153002
23990.000000 8.235681 9.149909
24000.000000 8.232280 9.149943
24010.000000 8.232190 9.143070
24020.000000 8.230441 9.142820
24030.000000 8.227133 9.142950
24040.000000 8.225434 9.138949
24050.000000 8.222775 9.136417
24060.000000 8.219710 9.132167
24070.000000 8.217148 9.131008
24080.000000 8.213788 9.131065
24090.000000 8.210973 9.127514
24100.000000 8.207810 9.125258
24110.000000 8.205578 9.120672
24120.000000 8.203097 9.118333
24130.000000 8.199711 9.118347
24140.000000 8.197113 9.112937
24150.000000 8.196255 9.108207
24160.000000 8.196976 9.109846
24170.000000 8.196849 9.108867
24180.000000 8.198119 9.107765
24190.000000 8.200921 9.108369
24200.000000 8.203628 9.112632
24210.000000 8.205730 9.114131
24220.000000 8.206715 9.116063
24230.000000 8.207956 9.117024
24240.000000 8.211486 9.120528
24250.000000 8.214827 9.122152
24260.000000 8.217346 9.126205
24270.000000 8.217556 9.126022
24280.000000 8.219268 9.127925
24290.000000 8.221841 9.132037
24300.000000 8.225534 9.135305
24310.000000 8.230739 9.139834
24320.000000 8.238027 9.147930
24330.000000 8.245535 9.157524
24340.000000 8.253633 9.165265
24350.000000 8.260909 9.174183
24360.000000 8.268533 9.180977
24370.000000 8.278246 9.192184
24380.000000 8.286003 9.203314
24390.000000 8.292240 9.209405
24400.000000 8.297245 9.215384
24410.000000 8.299508 9.216222
24420.000000 8.301740 9.217864
24430.000000 8.304234 9.219798
24440.000000 8.305355 9.222302
24450.000000 8.305435 9.222812
24460.000000 8.306359 9.222584
24470.000000 8.307828 9.222545
24480.000000 8.310615 9.222714
24490.000000 8.314248 9.228423
24500.000000 8.315055 9.230578
24510.000000 8.314706 9.232703
24520.000000 8.312528 9.232795
24530.000000 8.309654 9.228769
24540.000000 8.307858 9.226359
24550.000000 8.304681 9.226588
24560.000000 8.302628 9.221805
24570.000000 8.299652 9.217250
24580.000000 8.298266 9.216546
24590.000000 8.296613 9.214295
24600.000000 8.295810 9.212573
24610.000000 8.294233 9.212072
24620.000000 8.292343 9.211220
24630.000000 8.290501 9.206684
24640.000000 8.288575 9.204962
24650.000000 8.285986 9.202503
24660.000000 8.283870 9.200570
24670.000000 8.282379 9.198086
24680.000000 8.279353 9.198452
24690.000000 8.277933 9.192325
24700.000000 8.278400 9.192846
24710.000000 8.278949 9.192632
24720.000000 8.278029 9.192439
24730.000000 8.275585 9.188489
24740.000000 8.272697 9.186110
24750.000000 8.269923 9.184680
24760.000000 8.267132 9.182818
24770.000000 8.264668 9.178847
24780.000000 8.261902 9.177010
24790.000000 8.258626 9.177073
24800.000000 8.256737 9.171687
24810.000000 8.253571 9.168581
24820.000000 8.250295 9.168636
24830.000000 8.248517 9.163788
24840.000000 8.247000 9.160875
24850.000000 8.246399 9.160208
24860.000000 8.246722 9.159340
24870.000000 8.247711 9.158804
24880.000000 8.250718 9.159284
24890.000000 8.254086 9.163843
24900.000000 8.256054 9.168893
24910.000000 8.253998 9.168247
24920.000000 8.251785 9.164155
24930.000000 8.251312 9.162816
24940.000000 8.251578 9.163113
24950.000000 8.249797 9.160321
24960.000000 8.248089 9.158835
24970.000000 8.244814 9.158867
24980.000000 8.247197 9.156222
24990.000000 8.246342 9.154868
25000.000000 8.244122 9.152814
25010.000000 8.240831 9.152820
25020.000000 8.237973 9.148834
25030.000000 8.234693 9.148847
25040.000000 8.231762 9.144779
25050.000000 8.228596 9.142884
25060.000000 8.225858 9.137412
25070.000000 8.224871 9.135506
25080.000000 8.223597 9.133688
25090.000000 8.223308 9.132964
25100.000000 8.223569 9.133660
25110.000000 8.223222 9.132064
25120.000000 8.222539 9.131711
25130.000000 8.222771 9.131164
25140.000000 8.220713 9.131300
25150.000000 8.218229 9.128139
25160.000000 8.214992 9.128172
25170.000000 8.212486 9.120556
25180.000000 8.209801 9.119184
25190.000000 8.208728 9.117189
25200.000000 8.206072 9.116249
25210.000000 8.203255 9.113924
25220.000000 8.201180 9.111218
25230.000000 8.200294 9.110234
25240.000000 8.199827 9.110518
25250.000000 8.199318 9.108350
25260.000000 8.199375 9.107212
25270.000000 8.199961 9.109465
25280.000000 8.197992 9.108079
25290.000000 8.194838 9.108176
25300.000000 8.192508 9.101987
25310.000000 8.189567 9.099519
25320.000000 8.187277 9.096974
25330.000000 8.184869 9.094299
25340.000000 8.183216 9.092064
25350.000000 8.182915 9.089339
25360.000000 8.181896 9.088606
25370.000000 8.180817 9.087409
25380.000000 8.178583 9.086122
25390.000000 8.175426 9.086193
25400.000000 8.173593 9.081770
25410.000000 8.170397 9.081793
25420.000000 8.169126 9.076807
25430.000000 8.166710 9.074122
25440.000000 8.165592 9.071296
25450.000000 8.164938 9.070965
25460.000000 8.163393 9.068062
25470.000000 8.162032 9.067343
25480.000000 8.163301 9.066381
25490.000000 8.166391 9.070210
25500.000000 8.170010 9.071859
25510.000000 8.173420 9.076044
25520.000000 8.177421 9.079303
25530.000000 8.181563 9.081929
25540.000000 8.185692 9.084937
25550.000000 8.188707 9.090262
25560.000000 8.190287 9.090835
25570.000000 8.194288 9.094884
25580.000000 8.197682 9.097866
25590.000000 8.201327 9.101520
25600.000000 8.201648 9.101881
25610.000000 8.199576 9.101952
25620.000000 8.197116 9.099225
25630.000000 8.194393 9.095812
25640.000000 8.191807 9.093338
25650.000000 8.188616 9.093342
25660.000000 8.191181 9.089898
25670.000000 8.191916 9.091896
25680.000000 8.193610 9.091816
25690.000000 8.194265 9.093333
25700.000000 8.194426 9.093124
25710.000000 8.194458 9.091987
25720.000000 8.194777 9.091561
25730.000000 8.194039 9.092316
25740.000000 8.191989 9.090830
25750.000000 8.189504 9.088077
25760.000000 8.187453 9.086588
25770.000000 8.185110 9.083992
25780.000000 8.183079 9.080960
25790.000000 8.181876 9.078848
25800.000000 8.181216 9.077730
25810.000000 8.178457 9.077015
25820.000000 8.175308 9.077035
25830.000000 8.176597 9.073398
25840.000000 8.174565 9.071538
25850.000000 8.171895 9.070526
25860.000000 8.169604 9.067598
25870.000000 8.169390 9.067753
25880.000000 8.169679 9.067688
25890.000000 8.170299 9.068381
25900.000000 8.171510 9.069340
25910.000000 8.171828 9.069696
25920.000000 8.173190 9.070435
25930.000000 8.176979 9.073868
25940.000000 8.181520 9.080853
25950.000000 8.183211 9.083123
25960.000000 8.183669 9.082081
25970.000000 8.183028 9.082150
25980.000000 8.182637 9.080169
25990.000000 8.185029 9.083604
26000.000000 8.186866 9.085646
26010.000000 8.189512 9.085486
26020.000000 8.193383 9.090560
26030.000000 8.196876 9.094053
26040.000000 8.198786 9.096565
26050.000000 8.200017 9.097161
26060.000000 8.201993 9.098197
26070.000000 8.203886 9.100302
26080.000000 8.205095 9.103198
26090.000000 8.204440 9.103638
26100.000000 8.204977 9.100757
26110.000000 8.207431 9.104644
26120.000000 8.209372 9.106803
26130.000000 8.210787 9.108379
26140.000000 8.212771 9.109426
26150.000000 8.214628 9.109559
26160.000000 8.216857 9.111652
26170.000000 8.219127 9.114948
26180.000000 8.220917 9.117327
26190.000000 8.221812 9.119484
26200.000000 8.221864 9.119548
26210.000000 8.220796 9.116826
26220.000000 8.219079 9.115700
26230.000000 8.216949 9.112958
26240.000000 8.214056 9.110911
26250.000000 8.212173 9.107289
26260.000000 8.211076 9.104926
26270.000000 8.209019 9.104189
26280.000000 8.205910 9.104206
26290.000000 8.204900 9.100018
26300.000000 8.201899 9.100150
26310.000000 8.199352 9.096178
26320.000000 8.196617 9.094299
26330.000000 8.194463 9.091914
26340.000000 8.191768 9.091227
26350.000000 8.190047 9.088555
26360.000000 8.189211 9.088397
26370.000000 8.190302 9.088464
26380.000000 8.193119 9.087772
26390.000000 8.196804 9.092248
26400.000000 8.201465 9.096277
26410.000000 8.206184 9.102282
26420.000000 8.210127 9.107044
26430.000000 8.213254 9.108989
26440.000000 8.218437 9.115125
26450.000000 8.224061 9.120222
26460.000000 8.228248 9.125254
26470.000000 8.230140 9.127359
26480.000000 8.232391 9.131392
26490.000000 8.234854 9.134512
26500.000000 8.236448 9.137434
26510.000000 8.236274 9.138776
26520.000000 8.234938 9.135005
26530.000000 8.233722 9.133279
26540.000000 8.232481 9.133053
26550.000000 8.230704 9.132614
26560.000000 8.229433 9.131209
26570.000000 8.226975 9.130393
26580.000000 8.223900 9.130415
26590.000000 8.226095 9.127138
26600.000000 8.226694 9.126665
26610.000000 8.229004 9.129995
26620.000000 8.230711 9.133036
26630.000000 8.228974 9.132255
26640.000000 8.225918 9.132291
26650.000000 8.228425 9.129372
26660.000000 8.228444 9.129019
26670.000000 8.229073 9.129342
26680.000000 8.231024 9.131132
26690.000000 8.235833 9.135713
26700.000000 8.240747 9.141169
26710.000000 8.245044 9.146321
26720.000000 8.250585 9.150194
26730.000000 8.256244 9.157997
26740.000000 8.259495 9.162749
26750.000000 8.261247 9.163937
26760.000000 8.259711 9.163000
26770.000000 8.257047 9.159669
26780.000000 8.254011 9.159722
26790.000000 8.253721 9.156370
26800.000000 8.250845 9.153942
26810.000000 8.248524 9.152509
26820.000000 8.245807 9.150256
26830.000000 8.243184 9.147350
26840.000000 8.240184 9.147429
26850.000000 8.238111 9.143618
26860.000000 8.235345 9.141307
26870.000000 8.233288 9.139028
26880.000000 8.230346 9.137653
26890.000000 8.227747 9.135147
26900.000000 8.225919 9.132366
26910.000000 8.223457 9.128129
26920.000000 8.222879 9.128244
26930.000000 8.221692 9.126928
26940.000000 8.221336 9.126913
26950.000000 8.220017 9.126203
26960.000000 8.217748 9.122560
26970.000000 8.215578 9.120154
26980.000000 8.213042 9.116591
26990.000000 8.211855 9.114153
27000.000000 8.208861 9.114205
27010.000000 8.209765 9.112215
27020.000000 8.208023 9.111783
27030.000000 8.205010 9.111809
27040.000000 8.203191 9.107546
27050.000000 8.200302 9.107705
27060.000000 8.200264 9.103928
27070.000000 8.198325 9.103272
27080.000000 8.195488 9.100123
27090.000000 8.192776 9.097114
27100.000000 8.189787 9.097153
27110.000000 8.187654 9.091804
27120.000000 8.185537 9.089083
27130.000000 8.182534 9.089098
27140.000000 8.181810 9.082720
27150.000000 8.179176 9.082026
27160.000000 8.176473 9.078285
27170.000000 8.174348 9.076298
27180.000000 8.172011 9.074447
27190.000000 8.169543 9.072821
27200.000000 8.166933 9.071035
27210.000000 8.163943 9.071048
27220.000000 8.165684 9.068170
27230.000000 8.164911 9.068793
27240.000000 8.162676 9.067052
27250.000000 8.160211 9.064314
27260.000000 8.157363 9.062628
27270.000000 8.154393 9.062653
27280.000000 8.152203 9.057634
27290.000000 8.149745 9.053798
27300.000000 8.147420 9.050847
27310.000000 8.144511 9.050929
27320.000000 8.142970 9.045170
27330.000000 8.140672 9.042250
27340.000000 8.139702 9.041542
27350.000000 8.138892 9.039174
27360.000000 8.138974 9.039266
27370.000000 8.138390 9.039353
27380.000000 8.136772 9.037190
27390.000000 8.134568 9.035110
27400.000000 8.133520 9.033581
27410.000000 8.132731 9.033073
27420.000000 8.131103 9.030168
27430.000000 8.129184 9.029501
27440.000000 8.128098 9.026468
27450.000000 8.126890 9.024763
27460.000000 8.124846 9.021765
27470.000000 8.123307 9.020059
27480.000000 8.121677 9.018980
27490.000000 8.119303 9.017075
27500.000000 8.116637 9.014479
27510.000000 8.114546 9.012886
27520.000000 8.113596 9.011104
27530.000000 8.112038 9.009376
27540.000000 8.110236 9.009192
27550.000000 8.107687 9.007814
27560.000000 8.104985 9.004450
27570.000000 8.103004 9.003700
27580.000000 8.100901 9.001726
27590.000000 8.098605 8.998450
27600.000000 8.097235 8.996927
27610.000000 8.094447 8.994554
27620.000000 8.092331 8.991841
27630.000000 8.090122 8.988663
27640.000000 8.088903 8.987670
27650.000000 8.087166 8.985378
27660.000000 8.085822 8.984246
27670.000000 8.083770 8.981967
27680.000000 8.082734 8.980094
27690.000000 8.080060 8.980367
27700.000000 8.079080 8.975316
27710.000000 8.076288 8.975453
27720.000000 8.074760 8.969799
27730.000000 8.073396 8.968284
27740.000000 8.070930 8.966982
27750.000000 8.068349 8.965550
27760.000000 8.066456 8.963805
27770.000000 8.063588 8.963846
27780.000000 8.061531 8.959407
27790.000000 8.060355 8.957025
27800.000000 8.059803 8.957485
27810.000000 8.058434 8.954889
27820.000000 8.057635 8.952570
27830.000000 8.058697 8.953393
27840.000000 8.061947 8.956290
27850.000000 8.065919 8.959273
27860.000000 8.069692 8.963107
27870.000000 8.073338 8.968587
27880.000000 8.076204 8.971415
27890.000000 8.078436 8.974252
27900.000000 8.081188 8.975880
27910.000000 8.083492 8.979156
27920.000000 8.085100 8.979514
27930.000000 8.087566 8.983325
27940.000000 8.089294 8.985246
27950.000000 8.089908 8.985929
27960.000000 8.090999 8.987499
27970.000000 8.092662 8.987919
27980.000000 8.092477 8.989499
27990.000000 8.091012 8.988943
28000.000000 8.088962 8.986310
28010.000000 8.087695 8.982765
28020.000000 8.087701 8.982773
28030.000000 8.088173 8.983654
28040.000000 8.086007 8.982673
28050.000000 8.083292 8.981436
28060.000000 8.080593 8.978081
28070.000000 8.078590 8.975856
28080.000000 8.075725 8.975869
28090.000000 8.075105 8.972339
28100.000000 8.072757 8.970440
28110.000000 8.070886 8.966942
28120.000000 8.069829 8.966122
28130.000000 8.066977 8.966141
28140.000000 8.066719 8.963375
28150.000000 8.064095 8.961167
28160.000000 8.062268 8.959490
28170.000000 8.060670 8.954887
28180.000000 8.058468 8.953854
28190.000000 8.055636 8.953883
28200.000000 8.053024 8.949568
28210.000000 8.050237 8.949643
28220.000000 8.049195 8.946720
28230.000000 8.046476 8.946867
28240.000000 8.044176 8.942195
28250.000000 8.041421 8.942298
28260.000000 8.039600 8.938512
28270.000000 8.038381 8.939264
28280.000000 8.036773 8.936067
28290.000000 8.035908 8.934752
28300.000000 8.035468 8.933910
28310.000000 8.033817 8.933827
28320.000000 8.030991 8.933839
28330.000000 8.028913 8.931173
28340.000000 8.026556 8.928547
28350.000000 8.023754 8.928580
28360.000000 8.023034 8.924972
28370.000000 8.020989 8.921644
28380.000000 8.019288 8.920798
28390.000000 8.017378 8.919019
28400.000000 8.015155 8.917939
28410.000000 8.013771 8.914998
28420.000000 8.012286 8.913692
28430.000000 8.010066 8.911218
28440.000000 8.009310 8.908979
28450.000000 8.008050 8.909316
28460.000000 8.006947 8.905995
28470.000000 8.007929 8.907085
28480.000000 8.006438 8.905423
28490.000000 8.003677 8.904087
28500.000000 8.001649 8.900437
28510.000000 8.000965 8.898631
28520.000000 8.000778 8.897379
28530.000000 8.000771 8.897022
28540.000000 8.000364 8.897607
28550.000000 7.998744 8.896149
28560.000000 7.997437 8.895385
28570.000000 7.996370 8.892810
28580.000000 7.994952 8.891576
28590.000000 7.992237 8.891667
28600.000000 7.991058 8.885512
28610.000000 7.990487 8.884529
28620.000000 7.992815 8.885736
28630.000000 7.997686 8.889078
28640.000000 8.001031 8.894176
28650.000000 8.002889 8.896584
28660.000000 8.005224 8.898833
28670.000000 8.008009 8.902273
28680.000000 8.009607 8.905083
28690.000000 8.010623 8.905521
28700.000000 8.012032 8.906741
28710.000000 8.012261 8.906994
28720.000000 8.010411 8.905970
28730.000000 8.008436 8.904461
28740.000000 8.007211 8.899998
28750.000000 8.006628 8.900036
28760.000000 8.003996 8.900206
28770.000000 8.002135 8.897102
28780.000000 8.000174 8.896982
28790.000000 7.997408 8.896997
28800.000000 7.995851 8.893886
28810.000000 7.993224 8.891991
28820.000000 7.990777 8.890637
28830.000000 7.988177 8.888770
28840.000000 7.985578 8.887931
28850.000000 7.983828 8.884607
28860.000000 7.983999 8.883422
28870.000000 7.985744 8.884332
28880.000000 7.988497 8.887049
28890.000000 7.992246 8.890873
28900.000000 7.994026 8.894905
28910.000000 7.994238 8.895478
28920.000000 7.993506 8.895686
28930.000000 7.990925 8.895888
28940.000000 7.989016 8.893073
28950.000000 7.986852 8.890317
28960.000000 7.984639 8.888190
28970.000000 7.982821 8.887185
28980.000000 7.980370 8.884109
28990.000000 7.977621 8.884113
29000.000000 7.976789 8.881475
29010.000000 7.974572 8.880363
29020.000000 7.971870 8.880414
29030.000000 7.969528 8.877116
29040.000000 7.966811 8.877147
29050.000000 7.966105 8.871587
29060.000000 7.964439 8.870065
29070.000000 7.962800 8.867213
29080.000000 7.961764 8.865374
29090.000000 7.960790 8.863265
29100.000000 7.959889 8.861916
29110.000000 7.958542 8.862783
29120.000000 7.956203 8.858816
29130.000000 7.953719 8.858415
29140.000000 7.951319 8.856750
29150.000000 7.948631 8.856794
29160.000000 7.946823 8.852403
29170.000000 7.944729 8.850401
29180.000000 7.943354 8.849537
29190.000000 7.942584 8.849347
29200.000000 7.940324 8.846821
29210.000000 7.937666 8.846888
29220.000000 7.937771 8.842611
29230.000000 7.935622 8.839535
29240.000000 7.933511 8.837176
29250.000000 7.930813 8.837192
29260.000000 7.929009 8.833491
29270.000000 7.926806 8.831364
29280.000000 7.925044 8.829729
29290.000000 7.923176 8.828312
29300.000000 7.921087 8.824634
29310.000000 7.920335 8.824793
29320.000000 7.919663 8.824707
29330.000000 7.919366 8.824367
29340.000000 7.919070 8.825370
29350.000000 7.918391 8.824939
29360.000000 7.917080 8.823804
29370.000000 7.914780 8.820561
29380.000000 7.912271 8.818092
29390.000000 7.909729 8.816587
29400.000000 7.907080 8.816633
29410.000000 7.904579 8.812831
29420.000000 7.902247 8.810889
29430.000000 7.899899 8.808261
29440.000000 7.897291 8.808344
29450.000000 7.895828 8.804700
29460.000000 7.895819 8.803014
29470.000000 7.897410 8.803445
29480.000000 7.899175 8.805403
29490.000000 7.901062 8.807497
29500.000000 7.903029 8.808348
29510.000000 7.904376 8.810506
29520.000000 7.905813 8.811100
29530.000000 7.908858 8.814152
29540.000000 7.909925 8.815332
29550.000000 7.908319 8.815528
29560.000000 7.905929 8.813186
29570.000000 7.904010 8.811037
29580.000000 7.902559 8.809078
29590.000000 7.902600 8.808450
29600.000000 7.903403 8.810000
29610.000000 7.902202 8.808651
29620.000000 7.899879 8.805720
29630.000000 7.897237 8.805747
29640.000000 7.897811 8.800087
29650.000000 7.899652 8.801799
29660.000000 7.901024 8.803981
29670.000000 7.903464 8.805368
29680.000000 7.908990 8.809533
29690.000000 7.913426 8.816121
29700.000000 7.915763 8.820371
29710.000000 7.916111 8.821743
29720.000000 7.913521 8.821825
29730.000000 7.912680 8.817901
29740.000000 7.911246 8.816625
29750.000000 7.908997 8.814771
29760.000000 7.906779 8.810969
29770.000000 7.904706 8.808981
29780.000000 7.904692 8.807308
29790.000000 7.905251 8.807264
29800.000000 7.905054 8.808024
29810.000000 7.905101 8.806751
29820.000000 7.904926 8.807865
29830.000000 7.905347 8.809313
29840.000000 7.905535 8.808527
29850.000000 7.905740 8.807433
29860.000000 7.906510 8.809269
29870.000000 7.907476 8.810008
29880.000000 7.908954 8.812632
29890.000000 7.910191 8.814331
29900.000000 7.911097 8.814675
29910.000000 7.911305 8.815227
29920.000000 7.910158 8.812627
29930.000000 7.907537 8.812652
29940.000000 7.906920 8.809332
29950.000000 7.907182 8.809289
29960.000000 7.908406 8.808351
29970.000000 7.910070 8.810525
29980.000000 7.910972 8.811850
29990.000000 7.909839 8.812545
30000.000000 7.908384 8.810588
30010.000000 7.907687 8.809150
30020.000000 7.907991 8.807519
30030.000000 7.907849 8.808008
30040.000000 7.907331 8.808403
30050.000000 7.905208 8.806031
30060.000000 7.904067 8.804426
30070.000000 7.902741 8.801312
30080.000000 7.900639 8.799290
30090.000000 7.898801 8.796585
30100.000000 7.898222 8.795933
30110.000000 7.898139 8.796159
30120.000000 7.895931 8.794994
30130.000000 7.893617 8.791759
30140.000000 7.891323 8.789197
30150.000000 7.889300 8.785964
30160.000000 7.887753 8.784559
30170.000000 7.885457 8.782643
30180.000000 7.884260 8.780979
30190.000000 7.882521 8.780655
30200.000000 7.880494 8.777742
30210.000000 7.877891 8.777748
30220.000000 7.877687 8.773955
30230.000000 7.875897 8.773247
30240.000000 7.873875 8.771957
30250.000000 7.871288 8.771974
30260.000000 7.869619 8.769459
30270.000000 7.867260 8.766499
30280.000000 7.864718 8.766562
30290.000000 7.862440 8.762723
30300.000000 7.860079 8.759761
30310.000000 7.858268 8.758700
30320.000000 7.855702 8.758730
30330.000000 7.854488 8.754470
30340.000000 7.855303 8.755047
30350.000000 7.856765 8.759241
30360.000000 7.856442 8.759836
30370.000000 7.854841 8.759006
30380.000000 7.852326 8.757477
30390.000000 7.850071 8.754951
30400.000000 7.847514 8.754979
30410.000000 7.847120 8.750676
30420.000000 7.847113 8.751299
30430.000000 7.847593 8.751823
30440.000000 7.847453 8.750694
30450.000000 7.845108 8.749672
30460.000000 7.842535 8.749675
30470.000000 7.840907 8.744325
30480.000000 7.839360 8.742269
30490.000000 7.837693 8.739121
30500.000000 7.836345 8.736650
30510.000000 7.833869 8.736753
30520.000000 7.831971 8.732073
30530.000000 7.830947 8.729327
30540.000000 7.831610 8.729101
30550.000000 7.833017 8.731935
30560.000000 7.836438 8.734464
30570.000000 7.839065 8.736747
30580.000000 7.842519 8.740269
30590.000000 7.847318 8.744652
30600.000000 7.851713 8.750180
30610.000000 7.854723 8.754163
30620.000000 7.856471 8.756739
30630.000000 7.858774 8.758659
30640.000000 7.860764 8.761188
30650.000000 7.860839 8.761580
30660.000000 7.859927 8.760874
30670.000000 7.859078 8.758963
30680.000000 7.858366 8.758480
30690.000000 7.857671 8.758651
30700.000000 7.856409 8.757235
30710.000000 7.854385 8.756559
30720.000000 7.851999 8.755477
30730.000000 7.849921 8.753468
30740.000000 7.847581 8.752753
30750.000000 7.845628 8.750882
30760.000000 7.843939 8.749622
30770.000000 7.843036 8.747652
30780.000000 7.842148 8.747285
30790.000000 7.841462 8.746825
30800.000000 7.841191 8.743978
30810.000000 7.842298 8.745203
30820.000000 7.840653 8.743674
30830.000000 7.838857 8.742294
30840.000000 7.837112 8.739389
30850.000000 7.834661 8.739488
30860.000000 7.834600 8.736252
30870.000000 7.833057 8.736414
30880.000000 7.831327 8.734474
30890.000000 7.829469 8.733021
30900.000000 7.826943 8.733030
30910.000000 7.826225 8.729066
30920.000000 7.824784 8.729337
30930.000000 7.822410 8.728567
30940.000000 7.820100 8.726921
30950.000000 7.818020 8.723329
30960.000000 7.815575 8.723419
30970.000000 7.813861 8.720865
30980.000000 7.811625 8.718043
30990.000000 7.809542 8.716020
31000.000000 7.807354 8.712310
31010.000000 7.806676 8.710288
31020.000000 7.806350 8.710225
31030.000000 7.806094 8.710555
31040.000000 7.804286 8.708525
31050.000000 7.801913 8.706491
31060.000000 7.799517 8.706621
31070.000000 7.797485 8.703088
31080.000000 7.795503 8.701488
31090.000000 7.795366 8.700385
31100.000000 7.795076 8.699737
31110.000000 7.795616 8.700015
31120.000000 7.796421 8.700277
31130.000000 7.797079 8.701311
31140.000000 7.796333 8.700778
31150.000000 7.794345 8.699171
31160.000000 7.791928 8.698018
31170.000000 7.789718 8.695227
31180.000000 7.787227 8.695235
31190.000000 7.785943 8.692231
31200.000000 7.784290 8.690995
31210.000000 7.782261 8.689649
31220.000000 7.779940 8.688286
31230.000000 7.777537 8.688385
31240.000000 7.777495 8.685838
31250.000000 7.777246 8.686167
31260.000000 7.777613 8.686873
31270.000000 7.777316 8.686216
31280.000000 7.775375 8.686826
31290.000000 7.774259 8.684943
31300.000000 7.773797 8.684721
31310.000000 7.772128 8.684391
31320.000000 7.769830 8.683047
31330.000000 7.767362 8.683061
31340.000000 7.769277 8.679611
31350.000000 7.770656 8.680209
31360.000000 7.772992 8.683732
31370.000000 7.774103 8.684957
31380.000000 7.775722 8.686751
31390.000000 7.777661 8.688902
31400.000000 7.779874 8.689505
31410.000000 7.782847 8.694047
31420.000000 7.785046 8.696180
31430.000000 7.786920 8.697949
31440.000000 7.788642 8.700167
31450.000000 7.788515 8.701247
31460.000000 7.786795 8.699310
31470.000000 7.784668 8.697227
31480.000000 7.782912 8.696176
31490.000000 7.780875 8.693576
31500.000000 7.778411 8.693583
31510.000000 7.776537 8.688699
31520.000000 7.774303 8.687727
31530.000000 7.772537 8.685430
31540.000000 7.771839 8.683711
31550.000000 7.773532 8.684050
31560.000000 7.776686 8.686021
31570.000000 7.779250 8.689177
31580.000000 7.779838 8.689206
31590.000000 7.780955 8.691053
31600.000000 7.781016 8.690799
31610.000000 7.781201 8.691913
31620.000000 7.782375 8.691675
31630.000000 7.783025 8.692387
31640.000000 7.783492 8.692894
31650.000000 7.784024 8.695008
31660.000000 7.781714 8.695174
31670.000000 7.780554 8.691409
31680.000000 7.778581 8.689497
31690.000000 7.776127 8.689497
31700.000000 7.775504 8.684806
31710.000000 7.776614 8.684196
31720.000000 7.778946 8.686481
31730.000000 7.779852 8.688702
31740.000000 7.780023 8.689185
31750.000000 7.778498 8.688078
31760.000000 7.776072 8.688104
31770.000000 7.774734 8.684762
31780.000000 7.772639 8.681491
31790.000000 7.771213 8.680494
31800.000000 7.768834 8.680567
31810.000000 7.768666 8.677011
31820.000000 7.766454 8.675134
31830.000000 7.764396 8.672517
31840.000000 7.763048 8.671302
31850.000000 7.760678 8.670160
31860.000000 7.759396 8.667497
31870.000000 7.759461 8.666948
31880.000000 7.761963 8.668817
31890.000000 7.763557 8.671494
31900.000000 7.763300 8.672104
31910.000000 7.762448 8.671137
31920.000000 7.761035 8.670151
31930.000000 7.760314 8.668724
31940.000000 7.759685 8.668614
31950.000000 7.758054 8.668293
31960.000000 7.756114 8.665807
31970.000000 7.754686 8.663288
31980.000000 7.754336 8.662580
31990.000000 7.754194 8.661802
32000.000000 7.754130 8.660204
32010.000000 7.754886 8.661034
32020.000000 7.755472 8.661373
32030.000000 7.754362 8.660421
32040.000000 7.752289 8.657186
32050.000000 7.750488 8.654860
32060.000000 7.748926 8.652801
32070.000000 7.747288 8.649754
32080.000000 7.746272 8.648607
32090.000000 7.744426 8.647736
32100.000000 7.742353 8.645709
32110.000000 7.739982 8.645753
32120.000000 7.739109 8.639356
32130.000000 7.738570 8.639341
32140.000000 7.736663 8.636299
32150.000000 7.734290 8.636338
32160.000000 7.733674 8.632639
32170.000000 7.731684 8.629807
32180.000000 7.729769 8.629452
32190.000000 7.728191 8.625883
32200.000000 7.727547 8.624554
32210.000000 7.726880 8.622902
32220.000000 7.726023 8.621634
32230.000000 7.724898 8.619771
32240.000000 7.724905 8.619469
32250.000000 7.725626 8.619367
32260.000000 7.724103 8.617955
32270.000000 7.723033 8.615559
32280.000000 7.723194 8.614835
32290.000000 7.724695 8.617690
32300.000000 7.726332 8.619803
32310.000000 7.727144 8.619507
32320.000000 7.729923 8.621406
32330.000000 7.731086 8.622991
32340.000000 7.730793 8.623843
32350.000000 7.730533 8.624138
32360.000000 7.730129 8.624568
32370.000000 7.728550 8.622795
32380.000000 7.726474 8.620765
32390.000000 7.724132 8.620813
32400.000000 7.723584 8.616925
32410.000000 7.721499 8.617258
32420.000000 7.719632 8.613384
32430.000000 7.717448 8.611232
32440.000000 7.715096 8.611262
32450.000000 7.713202 8.607655
32460.000000 7.711084 8.605577
32470.000000 7.709406 8.603100
32480.000000 7.707454 8.600911
32490.000000 7.705182 8.601023
32500.000000 7.703147 8.598148
32510.000000 7.700786 8.598158
32520.000000 7.699267 8.594973
32530.000000 7.696949 8.595028
32540.000000 7.695937 8.592115
32550.000000 7.695261 8.591054
32560.000000 7.695849 8.591108
32570.000000 7.695770 8.591596
32580.000000 7.693854 8.589445
32590.000000 7.691582 8.589543
32600.000000 7.689882 8.587632
32610.000000 7.687564 8.587677
32620.000000 7.685947 8.584386
32630.000000 7.685925 8.582586
32640.000000 7.686356 8.581880
32650.000000 7.686931 8.582215
32660.000000 7.685253 8.580328
32670.000000 7.683211 8.578037
32680.000000 7.680940 8.576661
32690.000000 7.679739 8.573842
32700.000000 7.678040 8.571055
32710.000000 7.676011 8.568777
32720.000000 7.675245 8.566741
32730.000000 7.677393 8.566789
32740.000000 7.678946 8.569095
32750.000000 7.678965 8.569398
32760.000000 7.677842 8.568133
32770.000000 7.676933 8.566816
32780.000000 7.675869 8.565616
32790.000000 7.674333 8.563600
32800.000000 7.672292 8.561020
32810.000000 7.670650 8.558012
32820.000000 7.668467 8.556730
32830.000000 7.666187 8.556792
32840.000000 7.666244 8.552774
32850.000000 7.665436 8.551281
32860.000000 7.665231 8.549010
32870.000000 7.666063 8.549929
32880.000000 7.666442 8.550341
32890.000000 7.666115 8.550547
32900.000000 7.664753 8.548148
32910.000000 7.665115 8.549122
32920.000000 7.665206 8.549793
32930.000000 7.665267 8.548693
32940.000000 7.666609 8.550759
32950.000000 7.665369 8.550233
32960.000000 7.663596 8.548246
32970.000000 7.661541 8.546233
32980.000000 7.660188 8.544135
32990.000000 7.658585 8.540605
33000.000000 7.658119 8.541231
33010.000000 7.657174 8.539013
33020.000000 7.655793 8.538040
33030.000000 7.654019 8.536628
33040.000000 7.652614 8.535052
33050.000000 7.650914 8.533433
33060.000000 7.649355 8.531685
33070.000000 7.648334 8.530537
33080.000000 7.646812 8.529404
33090.000000 7.645002 8.528525
33100.000000 7.643827 8.526917
33110.000000 7.642527 8.526031
33120.000000 7.641610 8.524136
33130.000000 7.641477 8.523404
33140.000000 7.642922 8.524432
33150.000000 7.645298 8.528220
33160.000000 7.646409 8.530310
33170.000000 7.645777 8.528734
33180.000000 7.645156 8.526884
33190.000000 7.644839 8.526234
33200.000000 7.642990 8.524163
33210.000000 7.641664 8.523247
33220.000000 7.640243 8.522796
33230.000000 7.638795 8.520027
33240.000000 7.638315 8.519196
33250.000000 7.639604 8.518624
33260.000000 7.642630 8.522560
33270.000000 7.645871 8.526450
33280.000000 7.648183 8.530448
33290.000000 7.649394 8.532076
33300.000000 7.649884 8.532613
33310.000000 7.650414 8.534337
33320.000000 7.649738 8.534430
33330.000000 7.649079 8.532541
33340.000000 7.649236 8.532421
33350.000000 7.650239 8.532389
33360.000000 7.652652 8.533643
33370.000000 7.656433 8.538135
33380.000000 7.659719 8.542647
33390.000000 7.660163 8.544560
33400.000000 7.659677 8.544293
33410.000000 7.660008 8.544081
33420.000000 7.661695 8.545668
33430.000000 7.664941 8.548708
33440.000000 7.667426 8.552040
33450.000000 7.667730 8.551514
33460.000000 7.669171 8.553682
33470.000000 7.669936 8.554526
33480.000000 7.671453 8.556493
33490.000000 7.672501 8.557652
33500.000000 7.673576 8.559412
33510.000000 7.674450 8.559807
33520.000000 7.676196 8.561744
33530.000000 7.677697 8.562839
33540.000000 7.679652 8.565009
33550.000000 7.680278 8.565698
33560.000000 7.681195 8.566996
33570.000000 7.681820 8.568537
33580.000000 7.681674 8.569503
33590.000000 7.679874 8.567769
33600.000000 7.677845 8.565496
33610.000000 7.675760 8.564580
33620.000000 7.673878 8.561902
33630.000000 7.672198 8.559448
33640.000000 7.673101 8.558458
33650.000000 7.674715 8.560249
33660.000000 7.675890 8.560983
33670.000000 7.678592 8.563703
33680.000000 7.681959 8.566597
33690.000000 7.687461 8.570738
33700.000000 7.694703 8.578519
33710.000000 7.703570 8.588112
33720.000000 7.713297 8.598947
33730.000000 7.722546 8.610389
33740.000000 7.731129 8.618810
33750.000000 7.739829 8.628786
33760.000000 7.748997 8.640140
33770.000000 7.755868 8.648648
33780.000000 7.760638 8.654816
33790.000000 7.764075 8.660068
33800.000000 7.766894 8.662344
33810.000000 7.769002 8.664114
33820.000000 7.772500 8.668577
33830.000000 7.775707 8.671001
33840.000000 7.780193 8.676280
33850.000000 7.784596 8.681467
33860.000000 7.788795 8.686426
33870.000000 7.791737 8.690556
33880.000000 7.793550 8.693714
33890.000000 7.795019 8.695342
33900.000000 7.795921 8.697197
33910.000000 7.794097 8.696296
33920.000000 7.791942 8.694453
33930.000000 7.791351 8.692353
33940.000000 7.789628 8.690706
33950.000000 7.787879 8.688459
33960.000000 7.785630 8.688508
33970.000000 7.783649 8.684860
33980.000000 7.781959 8.682108
33990.000000 7.779856 8.678612
34000.000000 7.779634 8.676646
34010.000000 7.778134 8.677524
34020.000000 7.776013 8.674863
34030.000000 7.773866 8.673026
34040.000000 7.771901 8.670824
34050.000000 7.770425 8.668883
34060.000000 7.770394 8.668838
34070.000000 7.770294 8.668999
34080.000000 7.769901 8.668834
34090.000000 7.768217 8.666378
34100.000000 7.765966 8.666408
34110.000000 7.764582 8.663435
34120.000000 7.762752 8.661100
34130.000000 7.760502 8.661127
34140.000000 7.762039 8.659151
34150.000000 7.762825 8.659736
34160.000000 7.761811 8.660008
34170.000000 7.759581 8.660055
34180.000000 7.758523 8.655471
34190.000000 7.757039 8.652111
34200.000000 7.756936 8.652551
34210.000000 7.756435 8.650008
34220.000000 7.755692 8.649170
34230.000000 7.756534 8.649536
34240.000000 7.758004 8.649757
34250.000000 7.761068 8.653447
34260.000000 7.763914 8.656893
34270.000000 7.767133 8.659909
34280.000000 7.769683 8.663025
34290.000000 7.773100 8.666545
34300.000000 7.775706 8.669442
34310.000000 7.779223 8.673072
34320.000000 7.782703 8.677226
34330.000000 7.786316 8.679836
34340.000000 7.790656 8.684948
34350.000000 7.795154 8.690518
34360.000000 7.799598 8.696028
34370.000000 7.803727 8.701187
34380.000000 7.807861 8.704659
34390.000000 7.812199 8.709769
34400.000000 7.816035 8.714037
34410.000000 7.817734 8.715923
34420.000000 7.819414 8.716658
34430.000000 7.820983 8.719528
34440.000000 7.822545 8.722955
34450.000000 7.823754 8.722035
34460.000000 7.828022 8.724809
34470.000000 7.832244 8.729789
34480.000000 7.835090 8.733235
34490.000000 7.839917 8.738043
34500.000000 7.844561 8.743211
34510.000000 7.849333 8.748521
34520.000000 7.851568 8.751853
34530.000000 7.853174 8.754483
34540.000000 7.853510 8.755696
34550.000000 7.853847 8.754934
34560.000000 7.856376 8.756898
34570.000000 7.859644 8.759966
34580.000000 7.862928 8.762489
34590.000000 7.864862 8.764073
34600.000000 7.867846 8.767391
34610.000000 7.869629 8.768523
34620.000000 7.871405 8.769648
34630.000000 7.874332 8.772338
34640.000000 7.876955 8.774971
34650.000000 7.877780 8.775883
34660.000000 7.878485 8.776663
34670.000000 7.879382 8.777091
34680.000000 7.879376 8.777924
34690.000000 7.877578 8.776760
34700.000000 7.875698 8.774376
34710.000000 7.874525 8.772781
34720.000000 7.872775 8.771106
34730.000000 7.871675 8.769593
34740.000000 7.871364 8.768677
34750.000000 7.871379 8.768125
34760.000000 7.871452 8.767357
34770.000000 7.871608 8.768367
34780.000000 7.869440 8.768473
34790.000000 7.868008 8.765467
34800.000000 7.866349 8.763331
34810.000000 7.864486 8.759848
34820.000000 7.863069 8.757703
34830.000000 7.861340 8.756051
34840.000000 7.859920 8.755023
34850.000000 7.858665 8.752779
34860.000000 7.858135 8.752183
34870.000000 7.857481 8.751448
34880.000000 7.856906 8.750802
34890.000000 7.856661 8.751082
34900.000000 7.855483 8.749765
34910.000000 7.853875 8.748246
34920.000000 7.851943 8.746088
34930.000000 7.850010 8.745044
34940.000000 7.847841 8.743457
34950.000000 7.845769 8.742535
34960.000000 7.844009 8.741124
34970.000000 7.841835 8.741202
34980.000000 7.840449 8.738256
34990.000000 7.838847 8.736463
35000.000000 7.836781 8.734987
35010.000000 7.835073 8.733076
35020.000000 7.834064 8.730832
35030.000000 7.833787 8.731626
35040.000000 7.832779 8.731606
35050.000000 7.830898 8.729224
35060.000000 7.829195 8.728149
35070.000000 7.826977 8.728166
35080.000000 7.826274 8.725431
35090.000000 7.825410 8.723905
35100.000000 7.823203 8.723930
35110.000000 7.821884 8.721065
35120.000000 7.819841 8.718502
35130.000000 7.818270 8.717572
35140.000000 7.816095 8.717628
35150.000000 7.814413 8.714636
35160.000000 7.813220 8.713297
35170.000000 7.811766 8.712495
35180.000000 7.809702 8.709908
35190.000000 7.807798 8.707775
35200.000000 7.805757 8.705489
35210.000000 7.803561 8.705513
35220.000000 7.803686 8.700956
35230.000000 7.803051 8.700240
35240.000000 7.801053 8.700481
35250.000000 7.799910 8.697822
35260.000000 7.797966 8.695920
35270.000000 7.795976 8.693691
35280.000000 7.794367 8.691888
35290.000000 7.792249 8.691989
35300.000000 7.791081 8.689578
35310.000000 7.792055 8.689558
35320.000000 7.794760 8.691742
35330.000000 7.797396 8.695496
35340.000000 7.799628 8.697976
35350.000000 7.800737 8.699478
35360.000000 7.802211 8.701387
35370.000000 7.803698 8.702762
35380.000000 7.804500 8.705294
35390.000000 7.803675 8.703815
35400.000000 7.803515 8.703079
35410.000000 7.804264 8.703631
35420.000000 7.804954 8.704118
35430.000000 7.805425 8.705730
35440.000000 7.805093 8.704802
35450.000000 7.804478 8.703834
35460.000000 7.805632 8.704290
35470.000000 7.807124 8.707039
35480.000000 7.807689 8.709577
35490.000000 7.806701 8.709012
35500.000000 7.805343 8.707488
35510.000000 7.803418 8.705331
35520.000000 7.801237 8.705348
35530.000000 7.801263 8.702634
35540.000000 7.801028 8.702088
35550.000000 7.800889 8.702197
35560.000000 7.800030 8.700683
35570.000000 7.799675 8.701368
35580.000000 7.798298 8.700369
35590.000000 7.796406 8.697974
35600.000000 7.795576 8.697038
35610.000000 7.794196 8.695489
35620.000000 7.794252 8.692820
35630.000000 7.795305 8.694528
35640.000000 7.796071 8.695918
35650.000000 7.796891 8.697096
35660.000000 7.796960 8.697979
35670.000000 7.795727 8.697138
35680.000000 7.795978 8.697136
35690.000000 7.795541 8.697182
35700.000000 7.794328 8.695547
35710.000000 7.793163 8.695324
35720.000000 7.791933 8.692312
35730.000000 7.790607 8.690552
35740.000000 7.789729 8.687936
35750.000000 7.789488 8.688200
35760.000000 7.789821 8.687749
35770.000000 7.789425 8.687299
35780.000000 7.790235 8.687380
35790.000000 7.790907 8.689746
35800.000000 7.790291 8.689320
35810.000000 7.788932 8.687524
35820.000000 7.787479 8.684812
35830.000000 7.787352 8.683851
35840.000000 7.787865 8.683334
35850.000000 7.789620 8.685823
35860.000000 7.790706 8.686755
35870.000000 7.791228 8.688139
35880.000000 7.791533 8.689010
35890.000000 7.792553 8.690138
35900.000000 7.794411 8.690312
35910.000000 7.797784 8.693524
35920.000000 7.801519 8.698490
35930.000000 7.804567 8.702151
35940.000000 7.807384 8.705282
35950.000000 7.809820 8.708531
35960.000000 7.812499 8.709348
35970.000000 7.816635 8.712871
35980.000000 7.819437 8.716527
35990.000000 7.822813 8.720553
36000.000000 7.826433 8.725120
36010.000000 7.828870 8.727559
36020.000000 7.831530 8.732138
36030.000000 7.833272 8.734882
36040.000000 7.835713 8.736785
36050.000000 7.837557 8.738832
36060.000000 7.839621 8.741125
36070.000000 7.840372 8.741144
36080.000000 7.841501 8.742124
36090.000000 7.842053 8.743002
36100.000000 7.842380 8.743358
36110.000000 7.841092 8.741374
36120.000000 7.840889 8.741140
36130.000000 7.840716 8.742017
36140.000000 7.839384 8.739714
36150.000000 7.838727 8.738705
36160.000000 7.839064 8.739073
36170.000000 7.839677 8.739748
36180.000000 7.839871 8.740764
36190.000000 7.838386 8.739639
36200.000000 7.836547 8.737580
36210.000000 7.834445 8.737650
36220.000000 7.832618 8.734258
36230.000000 7.830673 8.732349
36240.000000 7.828710 8.730688
36250.000000 7.826556 8.730695
36260.000000 7.826658 8.726235
36270.000000 7.827730 8.729032
36280.000000 7.828252 8.729069
36290.000000 7.829981 8.729647
36300.000000 7.831328 8.731141
36310.000000 7.832135 8.730960
36320.000000 7.832896 8.732872
36330.000000 7.831271 8.732124
36340.000000 7.829156 8.732169
36350.000000 7.828235 8.729258
36360.000000 7.826504 8.727854
36370.000000 7.824372 8.727876
36380.000000 7.824003 8.723711
36390.000000 7.824714 8.724762
36400.000000 7.825190 8.725285
36410.000000 7.824700 8.725264
36420.000000 7.823401 8.724342
36430.000000 7.821474 8.722984
36440.000000 7.819607 8.720626
36450.000000 7.817635 8.719219
36460.000000 7.816298 8.716119
36470.000000 7.817526 8.716947
36480.000000 7.818848 8.718679
36490.000000 7.818810 8.718362
36500.000000 7.817263 8.716628
36510.000000 7.815541 8.715231
36520.000000 7.813951 8.713982
36530.000000 7.812434 8.712548
36540.000000 7.810797 8.710447
36550.000000 7.808725 8.710520
36560.000000 7.809209 8.706800
36570.000000 7.809036 8.706599
36580.000000 7.808503 8.704935
36590.000000 7.810400 8.705716
36600.000000 7.812431 8.708768
36610.000000 7.814237 8.709712
36620.000000 7.816586 8.712323
36630.000000 7.817488 8.713586
36640.000000 7.818342 8.713735
36650.000000 7.819707 8.714984
36660.000000 7.821539 8.717814
36670.000000 7.822273 8.719950
36680.000000 7.821147 8.719746
36690.000000 7.819458 8.717856
36700.000000 7.817921 8.716928
36710.000000 7.816598 8.714916
36720.000000 7.814535 8.714989
36730.000000 7.812751 8.711668
36740.000000 7.810630 8.711674
36750.000000 7.812412 8.710745
36760.000000 7.812126 8.709889
36770.000000 7.813654 8.710000
36780.000000 7.815595 8.712948
36790.000000 7.816558 8.714278
36800.000000 7.817254 8.715045
36810.000000 7.816692 8.715204
36820.000000 7.815900 8.714048
36830.000000 7.815297 8.713895
36840.000000 7.814192 8.712919
36850.000000 7.813149 8.712274
36860.000000 7.811659 8.711659
36870.000000 7.809574 8.711696
36880.000000 7.809264 8.710024
36890.000000 7.808244 8.709405
36900.000000 7.807281 8.709637
36910.000000 7.805490 8.708420
36920.000000 7.803652 8.705832
36930.000000 7.801871 8.704625
36940.000000 7.800114 8.702918
36950.000000 7.798181 8.700752
36960.000000 7.797062 8.699231
36970.000000 7.795306 8.697786
36980.000000 7.794071 8.696137
36990.000000 7.794438 8.696011
37000.000000 7.795879 8.697085
37010.000000 7.798450 8.700730
37020.000000 7.801045 8.703354
37030.000000 7.803257 8.706599
37040.000000 7.804471 8.707943
37050.000000 7.805519 8.710152
37060.000000 7.807897 8.710697
37070.000000 7.810570 8.712884
37080.000000 7.814367 8.717372
37090.000000 7.819093 8.721585
37100.000000 7.824008 8.726534
37110.000000 7.829764 8.732420
37120.000000 7.834210 8.737895
37130.000000 7.835899 8.740557
37140.000000 7.837329 8.741881
37150.000000 7.837671 8.741990
37160.000000 7.837042 8.741804
37170.000000 7.835903 8.740788
37180.000000 7.834983 8.740276
37190.000000 7.834282 8.739485
37200.000000 7.833106 8.737901
37210.000000 7.831463 8.736583
37220.000000 7.829811 8.733684
37230.000000 7.827909 8.731292
37240.000000 7.826118 8.729547
37250.000000 7.824197 8.728440
37260.000000 7.822846 8.726401
37270.000000 7.822272 8.726273
37280.000000 7.821580 8.724187
37290.000000 7.823198 8.724156
37300.000000 7.825939 8.727466
37310.000000 7.828955 8.730559
37320.000000 7.832015 8.734746
37330.000000 7.835929 8.739102
37340.000000 7.839868 8.743487
37350.000000 7.843278 8.747542
37360.000000 7.844589 8.749257
37370.000000 7.846614 8.751506
37380.000000 7.848074 8.753648
37390.000000 7.849122 8.754547
37400.000000 7.849920 8.755950
37410.000000 7.850619 8.756199
37420.000000 7.851558 8.756193
37430.000000 7.853171 8.757462
37440.000000 7.855212 8.758686
37450.000000 7.858780 8.761873
37460.000000 7.863010 8.766842
37470.000000 7.867979 8.772897
37480.000000 7.873124 8.778886
37490.000000 7.876450 8.783631
37500.000000 7.877006 8.785549
37510.000000 7.875415 8.783765
37520.000000 7.873857 8.781236
37530.000000 7.872628 8.780379
37540.000000 7.871876 8.777445
37550.000000 7.871766 8.777314
37560.000000 7.872546 8.777394
37570.000000 7.873347 8.779842
37580.000000 7.873490 8.779993
37590.000000 7.873064 8.778988
37600.000000 7.873687 8.779414
37610.000000 7.873754 8.778439
37620.000000 7.875650 8.778985
37630.000000 7.878268 8.780855
37640.000000 7.881914 8.783870
37650.000000 7.886051 8.789255
37660.000000 7.890348 8.793517
37670.000000 7.894820 8.797973
37680.000000 7.898617 8.802457
37690.000000 7.900376 8.804931
37700.000000 7.903330 8.805613
37710.000000 7.908282 8.810344
37720.000000 7.913264 8.815106
37730.000000 7.919589 8.822406
37740.000000 7.924616 8.828001
37750.000000 7.929568 8.834815
37760.000000 7.933745 8.839202
37770.000000 7.936861 8.843710
37780.000000 7.938828 8.845895
37790.000000 7.940177 8.847392
37800.000000 7.942130 8.849562
37810.000000 7.943899 8.852569
37820.000000 7.945886 8.854254
37830.000000 7.948841 8.857019
37840.000000 7.951050 8.858692
37850.000000 7.952883 8.861771
37860.000000 7.954208 8.861675
37870.000000 7.954809 8.862078
37880.000000 7.954372 8.861324
37890.000000 7.953064 8.860122
37900.000000 7.951224 8.858847
37910.000000 7.949128 8.858848
37920.000000 7.948936 8.856025
37930.000000 7.947760 8.854448
37940.000000 7.947714 8.853870
37950.000000 7.948012 8.853416
37960.000000 7.947903 8.853550
37970.000000 7.948886 8.853080
37980.000000 7.950132 8.855500
37990.000000 7.951420 8.856151
38000.000000 7.954284 8.858556
38010.000000 7.956732 8.861797
38020.000000 7.957490 8.862116
38030.000000 7.959042 8.864618
38040.000000 7.959624 8.866039
38050.000000 7.959325 8.866739
38060.000000 7.958380 8.867237
38070.000000 7.956505 8.865401
38080.000000 7.954860 8.863043
38090.000000 7.953196 8.861960
38100.000000 7.951348 8.860413
38110.000000 7.950087 8.858223
38120.000000 7.949390 8.857700
38130.000000 7.947521 8.857940
38140.000000 7.945559 8.856264
38150.000000 7.944163 8.854441
38160.000000 7.942264 8.853351
38170.000000 7.940296 8.851409
38180.000000 7.938329 8.849725
38190.000000 7.936404 8.848089
38200.000000 7.934524 8.846501
38210.000000 7.932458 8.846512
38220.000000 7.930721 8.843793
38230.000000 7.929335 8.841723
38240.000000 7.928909 8.841498
38250.000000 7.928016 8.841525
38260.000000 7.927233 8.840643
38270.000000 7.925245 8.840736
38280.000000 7.924105 8.838168
38290.000000 7.922355 8.836206
38300.000000 7.920448 8.834586
38310.000000 7.918526 8.832433
38320.000000 7.917155 8.832180
38330.000000 7.915119 8.832212
38340.000000 7.913657 8.829544
38350.000000 7.912026 8.827200
38360.000000 7.911303 8.825871
38370.000000 7.911203 8.825493
38380.000000 7.910074 8.824481
38390.000000 7.910405 8.823304
38400.000000 7.910975 8.823417
38410.000000 7.911594 8.823331
38420.000000 7.913029 8.825178
38430.000000 7.914633 8.826702
38440.000000 7.915843 8.828556
38450.000000 7.917503 8.829886
38460.000000 7.919294 8.833412
38470.000000 7.920051 8.833479
38480.000000 7.920088 8.834024
38490.000000 7.918828 8.833633
38500.000000 7.916782 8.833645
38510.000000 7.915871 8.831084
38520.000000 7.914983 8.828550
38530.000000 7.915032 8.828851
38540.000000 7.914138 8.826824
38550.000000 7.912118 8.826860
38560.000000 7.910507 8.823522
38570.000000 7.909152 8.821747
38580.000000 7.907524 8.819666
38590.000000 7.906104 8.817310
38600.000000 7.905256 8.816610
38610.000000 7.903957 8.815407
38620.000000 7.902787 8.814603
38630.000000 7.901045 8.812906
38640.000000 7.899672 8.811620
38650.000000 7.897900 8.810652
38660.000000 7.896550 8.808882
38670.000000 7.894516 8.808891
38680.000000 7.892626 8.806264
38690.000000 7.890733 8.805413
38700.000000 7.888714 8.805435
38710.000000 7.886894 8.802632
38720.000000 7.884874 8.802651
38730.000000 7.883129 8.799930
38740.000000 7.881590 8.797441
38750.000000 7.881957 8.797840
38760.000000 7.883422 8.799719
38770.000000 7.884202 8.800579
38780.000000 7.884933 8.802145
38790.000000 7.885981 8.802797
38800.000000 7.887686 8.803677
38810.000000 7.889993 8.806241
38820.000000 7.891457 8.807865
38830.000000 7.891966 8.808929
38840.000000 7.893332 8.808925
38850.000000 7.895137 8.810929
38860.000000 7.895931 8.812059
38870.000000 7.895859 8.812980
38880.000000 7.895165 8.812448
38890.000000 7.894870 8.811097
38900.000000 7.895133 8.811381
38910.000000 7.896896 8.812833
38920.000000 7.898560 8.815185
38930.000000 7.901107 8.818018
38940.000000 7.903365 8.819769
38950.000000 7.906418 8.822408
38960.000000 7.908386 8.824595
38970.000000 7.911181 8.827704
38980.000000 7.914234 8.830343
38990.000000 7.917076 8.835021
39000.000000 7.919168 8.836588
39010.000000 7.919506 8.838471
39020.000000 7.918245 8.837559
39030.000000 7.916227 8.837571
39040.000000 7.915562 8.833282
39050.000000 7.914962 8.832855
39060.000000 7.913989 8.832012
39070.000000 7.911999 8.832051
39080.000000 7.910388 8.828730
39090.000000 7.909625 8.825852
39100.000000 7.908967 8.824605
39110.000000 7.908414 8.823977
39120.000000 7.907839 8.822824
39130.000000 7.906744 8.821341
39140.000000 7.906191 8.820212
39150.000000 7.906031 8.819773
39160.000000 7.905464 8.820136
39170.000000 7.904259 8.818531
39180.000000 7.903188 8.817830
39190.000000 7.901989 8.817989
39200.000000 7.900114 8.816640
39210.000000 7.898184 8.814978
39220.000000 7.896406 8.814237
39230.000000 7.895186 8.811863
39240.000000 7.895210 8.811628
39250.000000 7.896537 8.811596
39260.000000 7.898421 8.812437
39270.000000 7.901444 8.814798
39280.000000 7.905131 8.818902
39290.000000 7.908730 8.824161
39300.000000 7.910393 8.825756
39310.000000 7.910115 8.826439
39320.000000 7.909515 8.826010
39330.000000 7.908684 8.824072
39340.000000 7.907592 8.823345
39350.000000 7.907382 8.821601
39360.000000 7.907888 8.822655
39370.000000 7.908133 8.822920
39380.000000 7.906701 8.821313
39390.000000 7.905600 8.820575
39400.000000 7.903662 8.819653
39410.000000 7.901668 8.819665
39420.000000 7.900105 8.816662
39430.000000 7.898508 8.815120
39440.000000 7.897404 8.813379
39450.000000 7.896572 8.812690
39460.000000 7.896234 8.812303
39470.000000 7.895583 8.812064
39480.000000 7.893985 8.810770
39490.000000 7.892886 8.809781
39500.000000 7.890972 8.809875
39510.000000 7.891640 8.807127
39520.000000 7.892124 8.807657
39530.000000 7.893078 8.808712
39540.000000 7.894530 8.810074
39550.000000 7.895764 8.812435
39560.000000 7.897295 8.812145
39570.000000 7.899655 8.814521
39580.000000 7.902081 8.817467
39590.000000 7.904164 8.820278
39600.000000 7.904848 8.821032
39610.000000 7.906247 8.821093
39620.000000 7.909251 8.823441
39630.000000 7.912705 8.827037
39640.000000 7.915868 8.830060
39650.000000 7.918287 8.832750
39660.000000 7.919480 8.834817
39670.000000 7.919664 8.835759
39680.000000 7.919468 8.834537
39690.000000 7.919206 8.834733
39700.000000 7.919384 8.834426
39710.000000 7.917545 8.834599
39720.000000 7.917485 8.831545
39730.000000 7.916014 8.830640
39740.000000 7.914036 8.830655
39750.000000 7.912590 8.828041
39760.000000 7.911683 8.826277
39770.000000 7.910164 8.824574
39780.000000 7.908542 8.823003
39790.000000 7.907042 8.821568
39800.000000 7.906003 8.820646
39810.000000 7.905548 8.819635
39820.000000 7.904273 8.818204
39830.000000 7.902892 8.816654
39840.000000 7.901586 8.814941
39850.000000 7.900694 8.813691
39860.000000 7.900013 8.812922
39870.000000 7.898654 8.810904
39880.000000 7.897436 8.809783
39890.000000 7.896498 8.809221
39900.000000 7.895535 8.808630
39910.000000 7.896372 8.808077
39920.000000 7.898524 8.811208
39930.000000 7.900192 8.812075
39940.000000 7.902099 8.814440
39950.000000 7.902663 8.815307
39960.000000 7.902376 8.814485
39970.000000 7.900970 8.813647
39980.000000 7.900010 8.811829
39990.000000 7.899998 8.810579
40000.000000 7.899565 8.810579
40010.000000 7.897792 8.809084
40020.000000 7.896779 8.806718
40030.000000 7.896393 8.806280
40040.000000 7.896264 8.806374
40050.000000 7.894807 8.804740
40060.000000 7.892940 8.802894
40070.000000 7.891004 8.801217
40080.000000 7.889288 8.799784
40090.000000 7.887408 8.798904
40100.000000 7.885448 8.798911
40110.000000 7.884485 8.795870
40120.000000 7.882867 8.794789
40130.000000 7.881299 8.793520
40140.000000 7.879660 8.792170
40150.000000 7.877892 8.789944
40160.000000 7.876800 8.789694
40170.000000 7.876001 8.788304
40180.000000 7.875525 8.788985
40190.000000 7.873634 8.789061
40200.000000 7.872982 8.787591
40210.000000 7.872071 8.785832
40220.000000 7.870605 8.783212
40230.000000 7.869416 8.781145
40240.000000 7.869554 8.780802
40250.000000 7.869146 8.780581
40260.000000 7.867537 8.779507
40270.000000 7.865587 8.779511
40280.000000 7.863980 8.775762
40290.000000 7.862030 8.775763
40300.000000 7.860937 8.770890
40310.000000 7.860406 8.770045
40320.000000 7.859601 8.769138
40330.000000 7.859121 8.768836
40340.000000 7.857370 8.768571
40350.000000 7.856021 8.765843
40360.000000 7.855943 8.766717
40370.000000 7.856536 8.766885
40380.000000 7.858840 8.769447
40390.000000 7.859928 8.771863
40400.000000 7.860563 8.772320
40410.000000 7.861976 8.774372
40420.000000 7.863012 8.775276
40430.000000 7.863854 8.776690
40440.000000 7.863343 8.775868
40450.000000 7.862423 8.775558
40460.000000 7.860513 8.775595
40470.000000 7.859517 8.771812
40480.000000 7.858092 8.770937
40490.000000 7.856451 8.769579
40500.000000 7.854910 8.767607
40510.000000 7.853734 8.766043
40520.000000 7.852109 8.764461
40530.000000 7.850219 8.763066
40540.000000 7.848302 8.763087
40550.000000 7.846756 8.760386
40560.000000 7.845402 8.759346
40570.000000 7.843486 8.759366
40580.000000 7.841774 8.756478
40590.000000 7.840334 8.756065
40600.000000 7.838659 8.753701
40610.000000 7.838368 8.752402
40620.000000 7.839640 8.753090
40630.000000 7.841799 8.754287
40640.000000 7.844374 8.758355
40650.000000 7.846232 8.760178
40660.000000 7.847947 8.762805
40670.000000 7.849341 8.765313
40680.000000 7.850938 8.766604
40690.000000 7.852245 8.767572
40700.000000 7.853490 8.769192
40710.000000 7.853580 8.770004
40720.000000 7.854069 8.769817
40730.000000 7.854338 8.770588
40740.000000 7.854296 8.769809
40750.000000 7.856887 8.772451
40760.000000 7.858829 8.775330
40770.000000 7.859818 8.776424
40780.000000 7.861180 8.776733
40790.000000 7.864011 8.778921
40800.000000 7.867310 8.783315
40810.000000 7.868063 8.785588
40820.000000 7.867966 8.786430
40830.000000 7.866154 8.786558
40840.000000 7.864361 8.784785
40850.000000 7.863288 8.783094
40860.000000 7.861437 8.783176
40870.000000 7.860351 8.780270
40880.000000 7.858943 8.779646
40890.000000 7.857065 8.778495
40900.000000 7.855486 8.775521
40910.000000 7.855282 8.774562
40920.000000 7.855708 8.774308
40930.000000 7.856491 8.775890
40940.000000 7.855938 8.775501
40950.000000 7.856000 8.775319
40960.000000 7.855166 8.775094
40970.000000 7.854404 8.773275
40980.000000 7.855168 8.773638
40990.000000 7.855812 8.773629
41000.000000 7.856626 8.775244
41010.000000 7.857295 8.775025
41020.000000 7.856712 8.774362
41030.000000 7.856602 8.773750
41040.000000 7.855818 8.772387
41050.000000 7.854946 8.771403
41060.000000 7.853347 8.770322
41070.000000 7.852605 8.769006
41080.000000 7.851737 8.767072
41090.000000 7.850440 8.765137
41100.000000 7.850109 8.765709
41110.000000 7.849127 8.765317
41120.000000 7.848481 8.763633
41130.000000 7.847479 8.763455
41140.000000 7.845767 8.762246
41150.000000 7.844513 8.760597
41160.000000 7.843725 8.758993
41170.000000 7.844296 8.760096
41180.000000 7.844958 8.761299
41190.000000 7.844039 8.760737
41200.000000 7.842894 8.760159
41210.000000 7.841947 8.758378
41220.000000 7.840848 8.756903
41230.000000 7.840755 8.754891
41240.000000 7.842271 8.757047
41250.000000 7.844169 8.758445
41260.000000 7.847492 8.762144
41270.000000 7.851752 8.765231
41280.000000 7.856786 8.771315
41290.000000 7.862375 8.776832
41300.000000 7.868702 8.783173
41310.000000 7.874229 8.788383
41320.000000 7.880327 8.795654
41330.000000 7.886483 8.802277
41340.000000 7.892969 8.809983
41350.000000 7.898111 8.816902
41360.000000 7.901556 8.821929
41370.000000 7.903870 8.824264
41380.000000 7.905902 8.826999
41390.000000 7.908752 8.829694
41400.000000 7.911948 8.832776
41410.000000 7.915120 8.835354
41420.000000 7.919338 8.840767
41430.000000 7.922501 8.843811
41440.000000 7.924635 8.846660
41450.000000 7.926210 8.849123
41460.000000 7.927837 8.851406
41470.000000 7.930129 8.853955
41480.000000 7.932652 8.857000
41490.000000 7.936730 8.861543
41500.000000 7.939384 8.865927
41510.000000 7.941727 8.868293
41520.000000 7.942965 8.870382
41530.000000 7.943342 8.869837
41540.000000 7.943696 8.869745
41550.000000 7.944582 8.870963
41560.000000 7.945335 8.872507
41570.000000 7.945406 8.872577
41580.000000 7.944995 8.871392
41590.000000 7.944602 8.870704
41600.000000 7.942975 8.869591
41610.000000 7.941075 8.869602
41620.000000 7.939551 8.866222
41630.000000 7.937688 8.866272
41640.000000 7.937408 8.862382
41650.000000 7.938245 8.863543
41660.000000 7.939260 8.864191
41670.000000 7.939973 8.864977
41680.000000 7.941150 8.866281
41690.000000 7.942184 8.868375
41700.000000 7.943072 8.869831
41710.000000 7.943673 8.870967
41720.000000 7.943351 8.871309
41730.000000 7.943021 8.871641
41740.000000 7.941627 8.869361
41750.000000 7.939874 8.868104
41760.000000 7.938334 8.866136
41770.000000 7.936469 8.866176
41780.000000 7.935188 8.863548
41790.000000 7.935004 8.861674
41800.000000 7.936051 8.860701
41810.000000 7.938163 8.863523
41820.000000 7.939397 8.863469
41830.000000 7.941185 8.864746
41840.000000 7.943056 8.866352
41850.000000 7.942852 8.866350
41860.000000 7.942287 8.865946
41870.000000 7.941534 8.865333
41880.000000 7.940030 8.865771
41890.000000 7.938565 8.862944
41900.000000 7.937760 8.862979
41910.000000 7.937494 8.862199
41920.000000 7.937914 8.863602
41930.000000 7.937219 8.863052
41940.000000 7.936886 8.861962
41950.000000 7.936483 8.861737
41960.000000 7.935241 8.859869
41970.000000 7.933549 8.858204
41980.000000 7.931660 8.858205
41990.000000 7.929990 8.855152
42000.000000 7.928110 8.855161
42010.000000 7.927521 8.852844
42020.000000 7.926401 8.851818
42030.000000 7.926006 8.849720
42040.000000 7.925046 8.848873
42050.000000 7.923974 8.848371
42060.000000 7.922834 8.846383
42070.000000 7.922197 8.846131
42080.000000 7.920935 8.844946
42090.000000 7.919641 8.843491
42100.000000 7.918151 8.841347
42110.000000 7.916682 8.840634
42120.000000 7.914924 8.840770
42130.000000 7.913871 8.837943
42140.000000 7.914113 8.837032
42150.000000 7.914488 8.838376
42160.000000 7.914662 8.838326
42170.000000 7.915111 8.838348
42180.000000 7.916484 8.839403
42190.000000 7.917706 8.839120
42200.000000 7.920165 8.841154
42210.000000 7.922278 8.844204
42220.000000 7.924488 8.846661
42230.000000 7.926279 8.848417
42240.000000 7.927969 8.850762
42250.000000 7.929218 8.852146
42260.000000 7.929835 8.852357
42270.000000 7.929568 8.852049
42280.000000 7.929101 8.851284
42290.000000 7.927260 8.851322
42300.000000 7.925817 8.848299
42310.000000 7.924946 8.847083
42320.000000 7.923439 8.845158
42330.000000 7.921747 8.843493
42340.000000 7.919924 8.843546
42350.000000 7.918979 8.841548
42360.000000 7.917630 8.840497
42370.000000 7.916777 8.838836
42380.000000 7.915174 8.836804
42390.000000 7.913349 8.836851
42400.000000 7.911971 8.833905
42410.000000 7.910493 8.832012
42420.000000 7.908868 8.829724
42430.000000 7.908341 8.828428
42440.000000 7.908134 8.828419
42450.000000 7.907256 8.827198
42460.000000 7.906047 8.825142
42470.000000 7.904792 8.823964
42480.000000 7.903551 8.823033
42490.000000 7.901841 8.820418
42500.000000 7.899982 8.820419
42510.000000 7.900462 8.817934
42520.000000 7.899932 8.817795
42530.000000 7.899289 8.817531
42540.000000 7.897645 8.815918
42550.000000 7.896478 8.814836
42560.000000 7.894779 8.815011
42570.000000 7.894156 8.811995
42580.000000 7.893446 8.811192
42590.000000 7.893177 8.811114
42600.000000 7.893018 8.810695
42610.000000 7.891910 8.809449
42620.000000 7.891192 8.808868
42630.000000 7.890712 8.808092
42640.000000 7.890835 8.807529
42650.000000 7.891292 8.808260
42660.000000 7.890440 8.807299
42670.000000 7.890041 8.806384
42680.000000 7.888825 8.806169
42690.000000 7.887676 8.804877
42700.000000 7.885886 8.804940
42710.000000 7.885032 8.802136
42720.000000 7.883776 8.801414
42730.000000 7.882826 8.798965
42740.000000 7.883107 8.800188
42750.000000 7.882452 8.799677
42760.000000 7.881387 8.798708
42770.000000 7.880311 8.797956
42780.000000 7.879969 8.797105
42790.000000 7.878681 8.795888
42800.000000 7.877449 8.795419
42810.000000 7.875633 8.795446
42820.000000 7.875160 8.793073
42830.000000 7.873858 8.791839
42840.000000 7.872091 8.791917
42850.000000 7.871069 8.788475
42860.000000 7.869263 8.788510
42870.000000 7.868017 8.785504
42880.000000 7.866865 8.784665
42890.000000 7.865048 8.784686
42900.000000 7.864579 8.782093
42910.000000 7.863792 8.780747
42920.000000 7.862681 8.780181
42930.000000 7.860976 8.778953
42940.000000 7.859257 8.777706
42950.000000 7.857759 8.775795
42960.000000 7.857239 8.774519
42970.000000 7.857234 8.773820
42980.000000 7.855939 8.772591
42990.000000 7.854122 8.772602
43000.000000 7.853154 8.770371
43010.000000 7.851916 8.768979
43020.000000 7.850153 8.769049
43030.000000 7.849104 8.765362
43040.000000 7.847479 8.763310
43050.000000 7.845673 8.763329
43060.000000 7.845903 8.760621
43070.000000 7.845087 8.760835
43080.000000 7.843273 8.760843
43090.000000 7.843292 8.757676
43100.000000 7.843217 8.757128
43110.000000 7.843243 8.757601
43120.000000 7.842125 8.756116
43130.000000 7.840764 8.754813
43140.000000 7.839060 8.754032
43150.000000 7.837284 8.754078
43160.000000 7.836414 8.750832
43170.000000 7.835954 8.750534
43180.000000 7.835434 8.751074
43190.000000 7.834038 8.749505
43200.000000 7.832366 8.748079
43210.000000 7.830956 8.746946
43220.000000 7.830658 8.746603
43230.000000 7.831130 8.746667
43240.000000 7.831533 8.748237
43250.000000 7.830575 8.746252
43260.000000 7.829278 8.746825
43270.000000 7.828844 8.744072
43280.000000 7.828435 8.743378
43290.000000 7.828831 8.743360
43300.000000 7.829058 8.743151
43310.000000 7.828359 8.743713
43320.000000 7.827086 8.742507
43330.000000 7.825787 8.740594
43340.000000 7.825064 8.739325
43350.000000 7.823852 8.737737
43360.000000 7.822266 8.735730
43370.000000 7.820823 8.734333
43380.000000 7.819445 8.733234
43390.000000 7.818077 8.731245
43400.000000 7.816499 8.728351
43410.000000 7.815644 8.725590
43420.000000 7.816366 8.726386
43430.000000 7.817286 8.726730
43440.000000 7.817045 8.728471
43450.000000 7.818483 8.729842
43460.000000 7.817472 8.729601
43470.000000 7.816344 8.728107
43480.000000 7.815545 8.727428
43490.000000 7.814812 8.727048
43500.000000 7.814463 8.727096
43510.000000 7.813984 8.725656
43520.000000 7.814327 8.725805
43530.000000 7.814303 8.725320
43540.000000 7.814067 8.725270
43550.000000 7.814035 8.725896
43560.000000 7.813580 8.724931
43570.000000 7.814599 8.724269
43580.000000 7.815753 8.725549
43590.000000 7.816763 8.727113
43600.000000 7.817244 8.727865
43610.000000 7.817624 8.728502
43620.000000 7.818354 8.728638
43630.000000 7.819454 8.730303
43640.000000 7.820983 8.730884
43650.000000 7.821990 8.732668
43660.000000 7.821651 8.732280
43670.000000 7.820991 8.732204
43680.000000 7.819711 8.731211
43690.000000 7.818325 8.729208
43700.000000 7.816705 8.728282
43710.000000 7.815849 8.726423
43720.000000 7.816308 8.726927
43730.000000 7.817014 8.727705
43740.000000 7.817896 8.728680
43750.000000 7.818709 8.728465
43760.000000 7.818628 8.728587
43770.000000 7.818942 8.728706
43780.000000 7.819386 8.730083
43790.000000 7.818166 8.729601
43800.000000 7.816422 8.729646
43810.000000 7.816331 8.727532
43820.000000 7.815081 8.725682
43830.000000 7.814071 8.724545
43840.000000 7.812336 8.724598
43850.000000 7.812889 8.720985
43860.000000 7.813588 8.721978
43870.000000 7.814937 8.723697
43880.000000 7.816231 8.724688
43890.000000 7.817793 8.727755
43900.000000 7.818515 8.728329
43910.000000 7.819250 8.728697
43920.000000 7.820431 8.730006
43930.000000 7.820244 8.729787
43940.000000 7.820692 8.730500
43950.000000 7.821207 8.730622
43960.000000 7.822363 8.731903
43970.000000 7.822218 8.731511
43980.000000 7.820891 8.730685
43990.000000 7.819124 8.730697
44000.000000 7.817732 8.727803
44010.000000 7.816339 8.726239
44020.000000 7.814598 8.726278
44030.000000 7.813995 8.724046
44040.000000 7.813503 8.722381
44050.000000 7.814588 8.722700
44060.000000 7.817350 8.724889
44070.000000 7.819422 8.726972
44080.000000 7.821848 8.729891
44090.000000 7.823851 8.731676
44100.000000 7.826255 8.733687
44110.000000 7.829584 8.737614
44120.000000 7.832243 8.740573
44130.000000 7.834390 8.743182
44140.000000 7.835890 8.745510
44150.000000 7.836625 8.746763
44160.000000 7.837227 8.747870
44170.000000 7.837787 8.748485
44180.000000 7.837214 8.747837
44190.000000 7.835785 8.746453
44200.000000 7.834087 8.746536
44210.000000 7.832581 8.743962
44220.000000 7.831055 8.742912
44230.000000 7.829425 8.741303
44240.000000 7.827679 8.741330
44250.000000 7.826221 8.739030
44260.000000 7.824897 8.736881
44270.000000 7.823337 8.735350
44280.000000 7.822235 8.734109
44290.000000 7.820655 8.732995
44300.000000 7.819333 8.730630
44310.000000 7.817578 8.730640
44320.000000 7.817811 8.728031
44330.000000 7.818015 8.728470
44340.000000 7.818499 8.728781
44350.000000 7.818583 8.729524
44360.000000 7.817037 8.728447
44370.000000 7.815278 8.728451
44380.000000 7.814797 8.725707
44390.000000 7.813069 8.725743
44400.000000 7.812292 8.723330
44410.000000 7.811209 8.722111
44420.000000 7.809526 8.721538
44430.000000 7.807792 8.721564
44440.000000 7.806664 8.718979
44450.000000 7.805005 8.718210
44460.000000 7.803306 8.716959
44470.000000 7.801704 8.714503
44480.000000 7.800199 8.712592
44490.000000 7.798516 8.711577
44500.000000 7.797093 8.709758
44510.000000 7.796101 8.708202
44520.000000 7.795071 8.707478
44530.000000 7.793338 8.707498
44540.000000 7.791863 8.704748
44550.000000 7.790124 8.704758
44560.000000 7.788841 8.701568
44570.000000 7.787857 8.701767
44580.000000 7.786124 8.701783
44590.000000 7.785505 8.699335
44600.000000 7.784504 8.698424
44610.000000 7.783611 8.697633
44620.000000 7.783119 8.696854
44630.000000 7.781737 8.696169
44640.000000 7.780191 8.694431
44650.000000 7.778650 8.692914
44660.000000 7.776976 8.692991
44670.000000 7.775640 8.688877
44680.000000 7.775621 8.689497
44690.000000 7.775845 8.689084
44700.000000 7.778368 8.690805
44710.000000 7.780912 8.692551
44720.000000 7.785004 8.696459
44730.000000 7.790131 8.701742
44740.000000 7.796656 8.707715
44750.000000 7.803713 8.715805
44760.000000 7.809420 8.723474
44770.000000 7.814131 8.729381
44780.000000 7.819907 8.735168
44790.000000 7.825238 8.741113
44800.000000 7.829774 8.746388
44810.000000 7.834168 8.751940
44820.000000 7.837626 8.755575
44830.000000 7.840320 8.759228
44840.000000 7.841510 8.760984
44850.000000 7.841170 8.761029
44860.000000 7.840048 8.759328
44870.000000 7.838668 8.757557
44880.000000 7.837269 8.755548
44890.000000 7.836423 8.754593
44900.000000 7.834730 8.754651
44910.000000 7.834867 8.751744
44920.000000 7.834781 8.751638
44930.000000 7.833776 8.750722
44940.000000 7.832862 8.749473
44950.000000 7.831604 8.748710
44960.000000 7.830328 8.747274
44970.000000 7.829399 8.746008
44980.000000 7.827941 8.744804
44990.000000 7.826330 8.744948
45000.000000 7.824924 8.743149
45010.000000 7.823237 8.742773
45020.000000 7.822277 8.740604
45030.000000 7.821982 8.739612
45040.000000 7.821106 8.737972
45050.000000 7.821230 8.737883
45060.000000 7.821666 8.737927
45070.000000 7.822773 8.739370
45080.000000 7.823608 8.740508
45090.000000 7.824063 8.740356
45100.000000 7.825274 8.742132
45110.000000 7.826459 8.742579
45120.000000 7.828554 8.744259
45130.000000 7.831481 8.747085
45140.000000 7.835002 8.751224
45150.000000 7.838090 8.755097
45160.000000 7.840288 8.757542
45170.000000 7.841817 8.759889
45180.000000 7.841852 8.759701
45190.000000 7.842021 8.760529
45200.000000 7.841745 8.759561
45210.000000 7.842215 8.760725
45220.000000 7.842067 8.760333
45230.000000 7.841569 8.759982
45240.000000 7.841325 8.759267
45250.000000 7.840494 8.758977
45260.000000 7.839476 8.756964
45270.000000 7.838801 8.756633
45280.000000 7.838135 8.756094
45290.000000 7.836640 8.753981
45300.000000 7.835554 8.753621
45310.000000 7.834296 8.752205
45320.000000 7.834632 8.752786
45330.000000 7.834207 8.752732
45340.000000 7.833182 8.751792
45350.000000 7.833016 8.751380
45360.000000 7.833215 8.752454
45370.000000 7.832489 8.751201
45380.000000 7.832353 8.751254
45390.000000 7.832079 8.751583
45400.000000 7.831325 8.750515
45410.000000 7.830191 8.749452
45420.000000 7.828512 8.749502
45430.000000 7.828092 8.746655
45440.000000 7.827823 8.746343
45450.000000 7.827196 8.745632
45460.000000 7.825783 8.744257
45470.000000 7.824742 8.743942
45480.000000 7.823248 8.742907
45490.000000 7.821857 8.741341
45500.000000 7.821374 8.740575
45510.000000 7.821527 8.740520
45520.000000 7.821935 8.741394
45530.000000 7.820741 8.740478
45540.000000 7.819442 8.739873
45550.000000 7.817814 8.738471
45560.000000 7.816248 8.737995
45570.000000 7.814821 8.735960
45580.000000 7.813566 8.735402
45590.000000 7.812276 8.734591
45600.000000 7.810607 8.733569
45610.000000 7.808905 8.733581
45620.000000 7.808188 8.730198
45630.000000 7.809034 8.730704
45640.000000 7.810339 8.733007
45650.000000 7.810373 8.733247
45660.000000 7.810000 8.732817
45670.000000 7.808694 8.732414
45680.000000 7.807071 8.731014
45690.000000 7.805714 8.728415
45700.000000 7.805653 8.726840
45710.000000 7.807192 8.727268
45720.000000 7.809236 8.729756
45730.000000 7.810271 8.731541
45740.000000 7.810465 8.731533
45750.000000 7.810584 8.732294
45760.000000 7.810195 8.732274
45770.000000 7.808728 8.732542
45780.000000 7.807491 8.728801
45790.000000 7.806889 8.728116
45800.000000 7.806170 8.727514
45810.000000 7.805075 8.724787
45820.000000 7.803802 8.722714
45830.000000 7.802267 8.721625
45840.000000 7.800573 8.721634
45850.000000 7.800831 8.719359
45860.000000 7.801861 8.718586
45870.000000 7.803902 8.720856
45880.000000 7.805469 8.721959
45890.000000 7.807370 8.723011
45900.000000 7.808717 8.723443
45910.000000 7.810754 8.725071
45920.000000 7.811964 8.727262
45930.000000 7.812107 8.727624
45940.000000 7.812091 8.727595
45950.000000 7.812083 8.727577
45960.000000 7.811503 8.727130
45970.000000 7.809894 8.727231
45980.000000 7.809133 8.725521
45990.000000 7.807449 8.725537
46000.000000 7.806518 8.722155
46010.000000 7.805642 8.721377
46020.000000 7.804258 8.720032
46030.000000 7.802924 8.719377
46040.000000 7.801574 8.717223
46050.000000 7.800074 8.715536
46060.000000 7.799695 8.715525
46070.000000 7.799830 8.714397
46080.000000 7.800826 8.715711
46090.000000 7.800767 8.716268
46100.000000 7.799557 8.715962
46110.000000 7.797900 8.714733
46120.000000 7.796773 8.713885
46130.000000 7.795255 8.712810
46140.000000 7.793591 8.712839
46150.000000 7.792563 8.708303
46160.000000 7.791036 8.706586
46170.000000 7.789361 8.706599
46180.000000 7.788148 8.703126
46190.000000 7.788083 8.702411
46200.000000 7.787359 8.702012
46210.000000 7.786930 8.700890
46220.000000 7.786235 8.700314
46230.000000 7.784788 8.699317
46240.000000 7.783110 8.699324
46250.000000 7.783998 8.697782
46260.000000 7.785210 8.698706
46270.000000 7.786381 8.700214
46280.000000 7.788009 8.701182
46290.000000 7.790672 8.703937
46300.000000 7.793261 8.706818
46310.000000 7.795006 8.709809
46320.000000 7.795703 8.710156
46330.000000 7.796209 8.710921
46340.000000 7.796142 8.710416
46350.000000 7.796967 8.711118
46360.000000 7.798436 8.712118
46370.000000 7.800377 8.713017
46380.000000 7.803508 8.716084
46390.000000 7.806230 8.719955
46400.000000 7.806635 8.721447
46410.000000 7.806116 8.721277
46420.000000 7.804932 8.719734
46430.000000 7.803893 8.719193
46440.000000 7.802288 8.719276
46450.000000 7.803099 8.717655
46460.000000 7.803072 8.717824
46470.000000 7.803145 8.718524
46480.000000 7.802249 8.716674
46490.000000 7.802092 8.715441
46500.000000 7.802275 8.714799
46510.000000 7.802583 8.715342
46520.000000 7.802684 8.714608
46530.000000 7.803120 8.715922
46540.000000 7.802046 8.715967
46550.000000 7.800376 8.715975
46560.000000 7.800667 8.713362
46570.000000 7.800649 8.712914
46580.000000 7.799395 8.712130
46590.000000 7.798241 8.710413
46600.000000 7.796705 8.709106
46610.000000 7.795374 8.707608
46620.000000 7.794040 8.705692
46630.000000 7.792566 8.704452
46640.000000 7.791118 8.702617
46650.000000 7.789462 8.702632
46660.000000 7.788846 8.700684
46670.000000 7.788520 8.700309
46680.000000 7.788950 8.699947
46690.000000 7.788600 8.700795
46700.000000 7.788817 8.700403
46710.000000 7.789770 8.701874
46720.000000 7.788859 8.702095
46730.000000 7.787513 8.700997
46740.000000 7.786041 8.699757
46750.000000 7.784405 8.699790
46760.000000 7.783044 8.696388
46770.000000 7.781523 8.694886
46780.000000 7.779862 8.694888
46790.000000 7.779474 8.692160
46800.000000 7.777839 8.691568
46810.000000 7.776447 8.689587
46820.000000 7.775235 8.688844
46830.000000 7.774347 8.688049
46840.000000 7.773458 8.687044
46850.000000 7.771845 8.687096
46860.000000 7.770432 8.684263
46870.000000 7.769628 8.683561
46880.000000 7.769533 8.683029
46890.000000 7.768700 8.682916
46900.000000 7.767452 8.680475
46910.000000 7.766383 8.679477
46920.000000 7.764898 8.677599
46930.000000 7.763607 8.677592
46940.000000 7.762516 8.676156
46950.000000 7.761470 8.674563
46960.000000 7.760504 8.673266
46970.000000 7.758957 8.672351
46980.000000 7.757486 8.671109
46990.000000 7.755937 8.671223
47000.000000 7.754877 8.668377
47010.000000 7.754160 8.667357
47020.000000 7.752525 8.667374
47030.000000 7.752532 8.663663
47040.000000 7.752101 8.663582
47050.000000 7.750946 8.662281
47060.000000 7.749311 8.662294
47070.000000 7.748832 8.659486
47080.000000 7.748970 8.659629
47090.000000 7.748791 8.660240
47100.000000 7.748804 8.660039
47110.000000 7.747849 8.659783
47120.000000 7.746207 8.659785
47130.000000 7.745456 8.657086
47140.000000 7.743831 8.656285
47150.000000 7.742510 8.655413
47160.000000 7.741395 8.653744
47170.000000 7.739960 8.652540
47180.000000 7.738545 8.651562
47190.000000 7.737636 8.649919
47200.000000 7.737884 8.648752
47210.000000 7.739237 8.650048
47220.000000 7.740364 8.651911
47230.000000 7.739763 8.651228
47240.000000 7.738136 8.651241
47250.000000 7.738703 8.648384
47260.000000 7.738985 8.649099
47270.000000 7.739714 8.650107
47280.000000 7.740037 8.650662
47290.000000 7.741270 8.651620
47300.000000 7.744041 8.654911
47310.000000 7.745782 8.657664
47320.000000 7.746136 8.657640
47330.000000 7.745766 8.657420
47340.000000 7.745407 8.657008
47350.000000 7.744009 8.657274
47360.000000 7.743782 8.654353
47370.000000 7.743238 8.654960
47380.000000 7.741997 8.653766
47390.000000 7.741252 8.652514
47400.000000 7.740295 8.652045
47410.000000 7.738681 8.652066
47420.000000 7.738455 8.649966
47430.000000 7.736842 8.649987
47440.000000 7.736925 8.647012
47450.000000 7.737998 8.647997
47460.000000 7.738554 8.649015
47470.000000 7.738342 8.649379
47480.000000 7.737200 8.648905
47490.000000 7.735575 8.648910
47500.000000 7.734841 8.645230
47510.000000 7.734681 8.644836
47520.000000 7.735156 8.644543
47530.000000 7.735599 8.645434
47540.000000 7.735696 8.645532
47550.000000 7.734475 8.644970
47560.000000 7.732856 8.644978
47570.000000 7.731564 8.642506
47580.000000 7.730157 8.640923
47590.000000 7.729589 8.638654
47600.000000 7.729550 8.637991
47610.000000 7.729717 8.638573
47620.000000 7.729879 8.638945
47630.000000 7.729179 8.638355
47640.000000 7.727864 8.636875
47650.000000 7.726406 8.635640
47660.000000 7.725060 8.633720
47670.000000 7.724301 8.632456
47680.000000 7.723131 8.631341
47690.000000 7.722252 8.630348
47700.000000 7.721044 8.628380
47710.000000 7.720106 8.627322
47720.000000 7.718640 8.626683
47730.000000 7.717055 8.626719
47740.000000 7.717083 8.624115
47750.000000 7.718425 8.625402
47760.000000 7.718622 8.626217
47770.000000 7.717751 8.626645
47780.000000 7.716169 8.626683
47790.000000 7.715506 8.623914
47800.000000 7.714939 8.623470
47810.000000 7.714447 8.622304
47820.000000 7.714662 8.622737
47830.000000 7.714989 8.622285
47840.000000 7.716298 8.623738
47850.000000 7.718838 8.624551
47860.000000 7.721884 8.628145
47870.000000 7.724333 8.629865
47880.000000 7.726933 8.633163
47890.000000 7.729769 8.635516
47900.000000 7.734494 8.639575
47910.000000 7.739484 8.645139
47920.000000 7.744150 8.650947
47930.000000 7.747522 8.654704
47940.000000 7.750983 8.657552
47950.000000 7.754712 8.661506
47960.000000 7.757558 8.665886
47970.000000 7.759540 8.668292
47980.000000 7.761606 8.668975
47990.000000 7.765181 8.673363
48000.000000 7.768696 8.676674
48010.000000 7.772323 8.680716
48020.000000 7.775067 8.684175
48030.000000 7.777123 8.686057
48040.000000 7.778526 8.688020
48050.000000 7.778570 8.688260
48060.000000 7.777245 8.688588
48070.000000 7.775716 8.686871
48080.000000 7.774651 8.684662
48090.000000 7.773419 8.685091
48100.000000 7.772215 8.683333
48110.000000 7.770906 8.681457
48120.000000 7.769616 8.680812
48130.000000 7.768726 8.678801
48140.000000 7.768725 8.679394
48150.000000 7.768774 8.680043
48160.000000 7.768409 8.679625
48170.000000 7.767828 8.678765
48180.000000 7.767230 8.678489
48190.000000 7.766146 8.676865
48200.000000 7.766305 8.676632
48210.000000 7.766575 8.675918
48220.000000 7.767263 8.676274
48230.000000 7.767732 8.677191
48240.000000 7.767071 8.677448
48250.000000 7.765471 8.677458
48260.000000 7.764856 8.673950
48270.000000 7.764620 8.673275
48280.000000 7.763786 8.672133
48290.000000 7.762702 8.671313
48300.000000 7.762451 8.670823
48310.000000 7.762723 8.669914
48320.000000 7.762995 8.670209
48330.000000 7.763464 8.669321
48340.000000 7.764682 8.670472
48350.000000 7.766123 8.672873
48360.000000 7.766437 8.673014
48370.000000 7.765555 8.673021
48380.000000 7.764058 8.672141
48390.000000 7.762733 8.670252
48400.000000 7.761967 8.669787
48410.000000 7.761439 8.669988
48420.000000 7.759952 8.669117
48430.000000 7.758975 8.667216
48440.000000 7.758542 8.666323
48450.000000 7.756983 8.666370
48460.000000 7.755796 8.663237
48470.000000 7.755658 8.662674
48480.000000 7.756005 8.663251
48490.000000 7.756388 8.663271
48500.000000 7.757351 8.664936
48510.000000 7.757286 8.665852
48520.000000 7.756041 8.664252
48530.000000 7.754841 8.663700
48540.000000 7.753356 8.662828
48550.000000 7.751898 8.660990
48560.000000 7.751051 8.660034
48570.000000 7.751060 8.659635
48580.000000 7.751582 8.659611
48590.000000 7.751999 8.660465
48600.000000 7.751789 8.660022
48610.000000 7.750727 8.660020
48620.000000 7.749959 8.658755
48630.000000 7.749546 8.658283
48640.000000 7.749306 8.658005
48650.000000 7.749126 8.656601
48660.000000 7.749089 8.656749
48670.000000 7.749094 8.656347
48680.000000 7.747624 8.655491
48690.000000 7.746120 8.654594
48700.000000 7.745163 8.652721
48710.000000 7.744382 8.651641
48720.000000 7.743289 8.650212
48730.000000 7.742073 8.648844
48740.000000 7.740888 8.647907
48750.000000 7.740592 8.646774
48760.000000 7.741311 8.647171
48770.000000 7.741694 8.647590
48780.000000 7.741804 8.647703
48790.000000 7.742148 8.648276
48800.000000 7.742824 8.649220
48810.000000 7.742982 8.648595
48820.000000 7.744343 8.649117
48830.000000 7.745480 8.650575
48840.000000 7.745462 8.650941
48850.000000 7.744154 8.650460
48860.000000 7.743030 8.648207
48870.000000 7.742343 8.648221
48880.000000 7.740917 8.646026
48890.000000 7.740245 8.645266
48900.000000 7.739209 8.645087
48910.000000 7.737675 8.643956
48920.000000 7.736452 8.642383
48930.000000 7.735228 8.641204
48940.000000 7.734561 8.639659
48950.000000 7.733722 8.639501
48960.000000 7.733746 8.639125
48970.000000 7.733134 8.639220
48980.000000 7.731825 8.638537
48990.000000 7.730567 8.636726
49000.000000 7.729894 8.634981
49010.000000 7.729752 8.635010
49020.000000 7.729021 8.634577
49030.000000 7.727555 8.633913
49040.000000 7.726171 8.632161
49050.000000 7.725545 8.631844
49060.000000 7.724671 8.630662
49070.000000 7.723981 8.631061
49080.000000 7.722536 8.630221
49090.000000 7.721268 8.628991
49100.000000 7.719998 8.627364
49110.000000 7.719466 8.626760
49120.000000 7.718648 8.624855
49130.000000 7.717186 8.624977
49140.000000 7.716158 8.621660
49150.000000 7.714831 8.620168
49160.000000 7.713334 8.618681
49170.000000 7.712355 8.616403
49180.000000 7.711836 8.615226
49190.000000 7.712078 8.614704
49200.000000 7.712930 8.614865
49210.000000 7.713837 8.616063
49220.000000 7.714142 8.616787
49230.000000 7.713102 8.616006
49240.000000 7.712293 8.614898
49250.000000 7.712308 8.614514
49260.000000 7.713423 8.615555
49270.000000 7.713122 8.615795
49280.000000 7.711976 8.614507
49290.000000 7.711233 8.614057
49300.000000 7.710334 8.613434
49310.000000 7.708778 8.613443
49320.000000 7.708205 8.612207
49330.000000 7.707127 8.610798
49340.000000 7.706432 8.610597
49350.000000 7.705019 8.609788
49360.000000 7.703881 8.608116
49370.000000 7.702578 8.606651
49380.000000 7.701316 8.605232
49390.000000 7.699855 8.604173
49400.000000 7.698306 8.604184
49410.000000 7.698045 8.601547
49420.000000 7.697496 8.600535
49430.000000 7.697721 8.600582
49440.000000 7.697466 8.600288
49450.000000 7.696903 8.599843
49460.000000 7.695883 8.599277
49470.000000 7.694524 8.597943
49480.000000 7.693886 8.597413
49490.000000 7.694128 8.598257
49500.000000 7.694543 8.596963
49510.000000 7.695800 8.599329
49520.000000 7.695614 8.599887
49530.000000 7.694409 8.598918
49540.000000 7.692888 8.598955
49550.000000 7.691669 8.596031
49560.000000 7.690143 8.596059
49570.000000 7.689738 8.593852
49580.000000 7.689796 8.593519
49590.000000 7.689438 8.593884
49600.000000 7.688629 8.592582
49610.000000 7.687717 8.592134
49620.000000 7.687300 8.591077
49630.000000 7.687588 8.591969
49640.000000 7.688390 8.592276
49650.000000 7.688740 8.593043
49660.000000 7.689138 8.593864
49670.000000 7.688902 8.593978
49680.000000 7.688677 8.593330
49690.000000 7.689407 8.594521
49700.000000 7.690199 8.594623
49710.000000 7.690722 8.594811
49720.000000 7.691518 8.595497
49730.000000 7.691494 8.595847
49740.000000 7.691548 8.595511
49750.000000 7.691945 8.595172
49760.000000 7.692082 8.595509
49770.000000 7.690836 8.594107
49780.000000 7.690395 8.593025
49790.000000 7.689781 8.592137
49800.000000 7.689147 8.591418
49810.000000 7.688405 8.590195
49820.000000 7.686962 8.588572
49830.000000 7.685480 8.587484
49840.000000 7.684206 8.586629
49850.000000 7.682800 8.584471
49860.000000 7.682173 8.582415
49870.000000 7.681739 8.581535
49880.000000 7.680814 8.580877
49890.000000 7.679715 8.579640
49900.000000 7.679140 8.578988
49910.000000 7.677707 8.577954
49920.000000 7.676195 8.577983
49930.000000 7.675373 8.575520
49940.000000 7.674264 8.574846
49950.000000 7.672781 8.573180
49960.000000 7.671443 8.572058
49970.000000 7.670428 8.570531
49980.000000 7.669652 8.569271
49990.000000 7.668914 8.567862
50000.000000 7.669078 8.567462
50010.000000 7.669772 8.567080
50020.000000 7.670926 8.567977
50030.000000 7.672556 8.569789
50040.000000 7.673798 8.571550
50050.000000 7.675066 8.572765
50060.000000 7.677232 8.574794
50070.000000 7.679971 8.577078
50080.000000 7.682629 8.579846
50090.000000 7.685298 8.582436
50100.000000 7.687691 8.586056
50110.000000 7.689833 8.586717
50120.000000 7.693049 8.588960
50130.000000 7.697219 8.594183
50140.000000 7.700417 8.597936
50150.000000 7.703614 8.600731
50160.000000 7.706765 8.604815
50170.000000 7.708972 8.606888
50180.000000 7.710797 8.609492
50190.000000 7.711648 8.611392
50200.000000 7.711932 8.611509
50210.000000 7.711274 8.611339
50220.000000 7.709746 8.611348
50230.000000 7.709824 8.609321
50240.000000 7.708867 8.609200
50250.000000 7.707462 8.608387
50260.000000 7.706718 8.606209
50270.000000 7.706355 8.604648
50280.000000 7.704885 8.604718
50290.000000 7.704311 8.602731
50300.000000 7.702910 8.601540
50310.000000 7.701699 8.599988
50320.000000 7.700676 8.598075
50330.000000 7.699250 8.598190
50340.000000 7.698679 8.594874
50350.000000 7.697607 8.593099
50360.000000 7.696517 8.592826
50370.000000 7.695232 8.591574
50380.000000 7.693933 8.589925
50390.000000 7.693349 8.589265
50400.000000 7.692433 8.588424
50410.000000 7.691405 8.587838
50420.000000 7.689880 8.587839
50430.000000 7.688954 8.585275
50440.000000 7.687628 8.583976
50450.000000 7.686767 8.582817
50460.000000 7.685472 8.581552
50470.000000 7.684191 8.581252
50480.000000 7.683108 8.580034
50490.000000 7.682922 8.580008
50500.000000 7.682696 8.579557
50510.000000 7.682914 8.579792
50520.000000 7.682956 8.580020
50530.000000 7.682835 8.580066
50540.000000 7.682740 8.579572
50550.000000 7.682872 8.580279
50560.000000 7.682318 8.579651
50570.000000 7.681809 8.579265
50580.000000 7.680522 8.578387
50590.000000 7.679037 8.578424
50600.000000 7.678182 8.576323
50610.000000 7.676826 8.574989
50620.000000 7.675634 8.574216
50630.000000 7.674310 8.572161
50640.000000 7.673026 8.571285
50650.000000 7.672470 8.569898
50660.000000 7.672842 8.570494
50670.000000 7.672814 8.571210
50680.000000 7.671951 8.570425
50690.000000 7.671301 8.569500
50700.000000 7.669931 8.569661
50710.000000 7.670426 8.567561
50720.000000 7.671686 8.568394
50730.000000 7.672621 8.569996
50740.000000 7.673251 8.568993
50750.000000 7.672957 8.568656
50760.000000 7.673409 8.568398
50770.000000 7.674755 8.570082
50780.000000 7.676328 8.571076
50790.000000 7.678449 8.573246
50800.000000 7.680836 8.576280
50810.000000 7.682280 8.576753
50820.000000 7.684630 8.578992
50830.000000 7.687376 8.581673
50840.000000 7.689340 8.584046
50850.000000 7.690019 8.585550
50860.000000 7.689820 8.585885
50870.000000 7.688709 8.584636
50880.000000 7.687234 8.584677
50890.000000 7.686668 8.582153
50900.000000 7.685653 8.581011
50910.000000 7.684546 8.580144
50920.000000 7.683758 8.578879
50930.000000 7.682412 8.578121
50940.000000 7.680889 8.576976
50950.000000 7.679558 8.577173
50960.000000 7.678165 8.576172
50970.000000 7.676823 8.573913
50980.000000 7.675327 8.573924
50990.000000 7.674348 8.571695
51000.000000 7.673557 8.570427
51010.000000 7.673027 8.570201
51020.000000 7.671991 8.568849
51030.000000 7.670734 8.568748
51040.000000 7.669988 8.566969
51050.000000 7.668632 8.565070
51060.000000 7.667534 8.565146
51070.000000 7.666125 8.563751
51080.000000 7.665231 8.562931
51090.000000 7.664601 8.561843
51100.000000 7.663861 8.561569
51110.000000 7.662904 8.561052
51120.000000 7.662833 8.560403
51130.000000 7.663498 8.561511
51140.000000 7.663711 8.561365
51150.000000 7.662988 8.561483
51160.000000 7.661685 8.559644
51170.000000 7.660464 8.558646
51180.000000 7.659670 8.555881
51190.000000 7.659073 8.555392
51200.000000 7.658215 8.554425
51210.000000 7.657153 8.553229
51220.000000 7.656527 8.552708
51230.000000 7.655993 8.552289
51240.000000 7.655862 8.551575
51250.000000 7.656039 8.551577
51260.000000 7.655417 8.550315
51270.000000 7.655098 8.549764
51280.000000 7.654720 8.549704
51290.000000 7.653929 8.548254
51300.000000 7.652862 8.547985
51310.000000 7.651820 8.546998
51320.000000 7.650346 8.547016
51330.000000 7.649593 8.543749
51340.000000 7.648609 8.543199
51350.000000 7.647321 8.541751
51360.000000 7.646126 8.540779
51370.000000 7.644743 8.539968
51380.000000 7.643805 8.538540
51390.000000 7.643202 8.537487
51400.000000 7.642858 8.537465
51410.000000 7.642664 8.536682
51420.000000 7.642365 8.537082
51430.000000 7.641588 8.536019
51440.000000 7.641272 8.534916
51450.000000 7.642462 8.535496
51460.000000 7.643956 8.537340
51470.000000 7.644923 8.538968
51480.000000 7.645383 8.538917
51490.000000 7.646084 8.540433
51500.000000 7.646793 8.541401
51510.000000 7.647194 8.541840
51520.000000 7.646954 8.541379
51530.000000 7.645512 8.540129
51540.000000 7.644816 8.539528
51550.000000 7.644887 8.540153
51560.000000 7.643675 8.539531
51570.000000 7.642957 8.537795
51580.000000 7.642543 8.537508
51590.000000 7.642234 8.537524
51600.000000 7.642532 8.536369
51610.000000 7.642425 8.537164
51620.000000 7.641626 8.536448
51630.000000 7.640303 8.535330
51640.000000 7.639148 8.533847
51650.000000 7.638603 8.533045
51660.000000 7.637125 8.533045
51670.000000 7.635905 8.531673
51680.000000 7.634646 8.530257
51690.000000 7.633777 8.529645
51700.000000 7.632308 8.529654
51710.000000 7.632810 8.527994
51720.000000 7.632634 8.527788
51730.000000 7.632386 8.527502
51740.000000 7.632065 8.526582
51750.000000 7.631566 8.526199
51760.000000 7.630961 8.526066
51770.000000 7.630534 8.524844
51780.000000 7.630311 8.524218
51790.000000 7.629868 8.523899
51800.000000 7.628584 8.522822
51810.000000 7.627330 8.520677
51820.000000 7.626779 8.520604
51830.000000 7.625351 8.520653
51840.000000 7.624210 8.518450
51850.000000 7.622920 8.517183
51860.000000 7.621498 8.516687
51870.000000 7.620323 8.515180
51880.000000 7.619788 8.513657
51890.000000 7.619399 8.514312
51900.000000 7.618066 8.512630
51910.000000 7.616951 8.511925
51920.000000 7.615544 8.511992
51930.000000 7.616638 8.510274
51940.000000 7.616701 8.510336
51950.000000 7.616137 8.509513
51960.000000 7.617019 8.510124
51970.000000 7.618781 8.512266
51980.000000 7.621187 8.514212
51990.000000 7.623727 8.517042
52000.000000 7.627191 8.520720
52010.000000 7.630518 8.524061
52020.000000 7.633553 8.527992
52030.000000 7.636486 8.531443
52040.000000 7.639534 8.534840
52050.000000 7.642619 8.538827
52060.000000 7.645202 8.542070
52070.000000 7.647131 8.544217
52080.000000 7.649996 8.546858
52090.000000 7.652821 8.549822
52100.000000 7.653739 8.551572
52110.000000 7.654242 8.551942
52120.000000 7.654651 8.552022
52130.000000 7.655700 8.551902
52140.000000 7.656481 8.552766
52150.000000 7.656904 8.553413
52160.000000 7.657250 8.552692
52170.000000 7.656934 8.552330
52180.000000 7.656900 8.552101
52190.000000 7.656970 8.551988
52200.000000 7.657234 8.551542
52210.000000 7.657574 8.552096
52220.000000 7.657157 8.552537
52230.000000 7.655747 8.552599
52240.000000 7.655024 8.550868
52250.000000 7.653884 8.549038
52260.000000 7.653196 8.549174
52270.000000 7.652151 8.546903
52280.000000 7.652163 8.546542
52290.000000 7.652152 8.545973
52300.000000 7.651972 8.546129
52310.000000 7.651076 8.545667
52320.000000 7.650244 8.544365
52330.000000 7.650437 8.544390
52340.000000 7.650796 8.543688
52350.000000 7.650964 8.543868
52360.000000 7.650821 8.543699
52370.000000 7.650393 8.542667
52380.000000 7.649959 8.541628
52390.000000 7.650299 8.542363
52400.000000 7.650065 8.542094
52410.000000 7.649801 8.541791
52420.000000 7.648973 8.541040
52430.000000 7.647528 8.541056
52440.000000 7.646498 8.538988
52450.000000 7.645510 8.538241
52460.000000 7.644933 8.537769
52470.000000 7.643716 8.537492
52480.000000 7.643250 8.535510
52490.000000 7.643634 8.536294
52500.000000 7.643377 8.535999
52510.000000 7.642382 8.535424
52520.000000 7.640960 8.534916
52530.000000 7.639514 8.534926
52540.000000 7.638535 8.532734
52550.000000 7.637200 8.531234
52560.000000 7.635843 8.530073
52570.000000 7.634406 8.530090
52580.000000 7.633794 8.527404
52590.000000 7.633972 8.527775
52600.000000 7.635286 8.528510
52610.000000 7.637513 8.530446
52620.000000 7.639212 8.532697
52630.000000 7.640966 8.535010
52640.000000 7.641671 8.536513
52650.000000 7.642303 8.537754
52660.000000 7.643081 8.538614
52670.000000 7.643639 8.539953
52680.000000 7.644383 8.540413
52690.000000 7.644910 8.541355
52700.000000 7.645448 8.541766
52710.000000 7.646022 8.542580
52720.000000 7.645904 8.542258
52730.000000 7.645307 8.541944
52740.000000 7.644035 8.540875
52750.000000 7.643247 8.540348
52760.000000 7.641844 8.540399
52770.000000 7.640567 8.537155
52780.000000 7.639166 8.537207
52790.000000 7.638098 8.533655
52800.000000 7.636789 8.532544
52810.000000 7.635729 8.530991
52820.000000 7.634717 8.530934
52830.000000 7.633275 8.530936
52840.000000 7.632238 8.528325
52850.000000 7.630803 8.528336
52860.000000 7.629712 8.526205
52870.000000 7.628303 8.526244
52880.000000 7.627297 8.524749
52890.000000 7.625918 8.524820
52900.000000 7.625179 8.522904
52910.000000 7.624435 8.521882
52920.000000 7.624010 8.521758
52930.000000 7.623488 8.520804
52940.000000 7.623007 8.520797
52950.000000 7.621791 8.519968
52960.000000 7.620559 8.519121
52970.000000 7.619505 8.517393
52980.000000 7.618617 8.516390
52990.000000 7.617978 8.515308
53000.000000 7.618380 8.515029
53010.000000 7.618619 8.515466
53020.000000 7.619060 8.515591
53030.000000 7.620204 8.517577
53040.000000 7.621037 8.518140
53050.000000 7.621513 8.518842
53060.000000 7.622382 8.519445
53070.000000 7.623628 8.520289
53080.000000 7.625154 8.521985
53090.000000 7.627065 8.524112
53100.000000 7.627599 8.524699
53110.000000 7.626739 8.524984
53120.000000 7.625930 8.523891
53130.000000 7.624943 8.522778
53140.000000 7.623715 8.521216
53150.000000 7.623397 8.520852
53160.000000 7.621981 8.520872
53170.000000 7.621617 8.518664
53180.000000 7.621689 8.518557
53190.000000 7.621889 8.518949
53200.000000 7.621513 8.518519
53210.000000 7.620849 8.518126
53220.000000 7.619567 8.516683
53230.000000 7.618201 8.516757
53240.000000 7.617143 8.514849
53250.000000 7.615731 8.514870
53260.000000 7.614970 8.512936
53270.000000 7.613620 8.513025
53280.000000 7.612368 8.511615
53290.000000 7.611110 8.510020
53300.000000 7.609933 8.508337
53310.000000 7.608557 8.508394
53320.000000 7.607287 8.506429
53330.000000 7.605876 8.506446
53340.000000 7.605749 8.503797
53350.000000 7.606245 8.504342
53360.000000 7.606445 8.504199
53370.000000 7.606792 8.504399
53380.000000 7.606375 8.503745
53390.000000 7.605383 8.502804
53400.000000 7.604123 8.502275
53410.000000 7.603368 8.500531
53420.000000 7.603218 8.500888
53430.000000 7.602127 8.500191
53440.000000 7.600893 8.498802
53450.000000 7.599691 8.497625
53460.000000 7.598519 8.496660
53470.000000 7.597296 8.495282
53480.000000 7.595880 8.495287
53490.000000 7.594947 8.492458
53500.000000 7.594911 8.492585
53510.000000 7.594793 8.491556
53520.000000 7.595340 8.492512
53530.000000 7.595295 8.492807
53540.000000 7.594569 8.491807
53550.000000 7.593242 8.491910
53560.000000 7.592017 8.490174
53570.000000 7.591262 8.489497
53580.000000 7.590999 8.489016
53590.000000 7.590772 8.488752
53600.000000 7.590000 8.488587
53610.000000 7.588621 8.488627
53620.000000 7.588284 8.486646
53630.000000 7.587601 8.485165
53640.000000 7.587212 8.484366
53650.000000 7.587285 8.484260
53660.000000 7.587792 8.483933
53670.000000 7.588879 8.485492
53680.000000 7.589995 8.486730
53690.000000 7.591305 8.488008
53700.000000 7.592330 8.489497
53710.000000 7.592329 8.489133
53720.000000 7.591637 8.488702
53730.000000 7.590470 8.487211
53740.000000 7.589218 8.485448
53750.000000 7.587811 8.485454
53760.000000 7.587348 8.482631
53770.000000 7.585947 8.482643
53780.000000 7.584947 8.479928
53790.000000 7.583752 8.478054
53800.000000 7.582682 8.477024
53810.000000 7.582072 8.475804
53820.000000 7.581371 8.475363
53830.000000 7.580329 8.474541
53840.000000 7.578950 8.474572
53850.000000 7.577679 8.472965
53860.000000 7.576491 8.471451
53870.000000 7.575568 8.470410
53880.000000 7.574291 8.469147
53890.000000 7.572903 8.469167
53900.000000 7.571605 8.468232
53910.000000 7.570277 8.466737
53920.000000 7.569167 8.466187
53930.000000 7.567764 8.466187
53940.000000 7.568303 8.464147
53950.000000 7.567927 8.463365
53960.000000 7.567267 8.462617
53970.000000 7.567477 8.463017
53980.000000 7.567819 8.463039
53990.000000 7.569190 8.464386
54000.000000 7.570188 8.465842
54010.000000 7.570555 8.466243
54020.000000 7.570311 8.465785
54030.000000 7.570165 8.465962
54040.000000 7.570362 8.465821
54050.000000 7.570721 8.467089
54060.000000 7.570468 8.466971
54070.000000 7.569147 8.467060
54080.000000 7.568394 8.464630
54090.000000 7.567004 8.464640
54100.000000 7.566494 8.463010
54110.000000 7.566349 8.460739
54120.000000 7.568225 8.462477
54130.000000 7.570192 8.465016
54140.000000 7.571872 8.467059
54150.000000 7.573552 8.468928
54160.000000 7.574744 8.469902
54170.000000 7.574994 8.470695
54180.000000 7.574795 8.471162
54190.000000 7.575137 8.471184
54200.000000 7.575217 8.470740
54210.000000 7.576055 8.471842
54220.000000 7.577063 8.472609
54230.000000 7.577620 8.473747
54240.000000 7.576485 8.472992
54250.000000 7.575309 8.471840
54260.000000 7.574178 8.471438
54270.000000 7.572782 8.471438
54280.000000 7.572473 8.469685
54290.000000 7.571459 8.468366
54300.000000 7.571109 8.467964
54310.000000 7.570035 8.467451
54320.000000 7.568822 8.466083
54330.000000 7.567589 8.465043
54340.000000 7.566248 8.465100
54350.000000 7.565190 8.462861
54360.000000 7.563830 8.462895
54370.000000 7.562559 8.461115
54380.000000 7.561284 8.461244
54390.000000 7.560010 8.459982
54400.000000 7.558885 8.458712
54410.000000 7.557672 8.457517
54420.000000 7.556330 8.456526
54430.000000 7.554949 8.456534
54440.000000 7.555571 8.455307
54450.000000 7.554909 8.454555
54460.000000 7.554017 8.453197
54470.000000 7.553475 8.452233
54480.000000 7.554231 8.451852
54490.000000 7.555720 8.453160
54500.000000 7.556913 8.454658
54510.000000 7.557321 8.454756
54520.000000 7.556989 8.454895
54530.000000 7.556193 8.453994
54540.000000 7.555233 8.453083
54550.000000 7.554330 8.452581
54560.000000 7.554042 8.451728
54570.000000 7.553811 8.451113
54580.000000 7.552916 8.450101
54590.000000 7.551564 8.450136
54600.000000 7.550908 8.447660
54610.000000 7.551035 8.447445
54620.000000 7.550847 8.447570
54630.000000 7.550571 8.447078
54640.000000 7.550543 8.447381
54650.000000 7.550818 8.447679
54660.000000 7.551526 8.447942
54670.000000 7.551543 8.447777
54680.000000 7.551881 8.447971
54690.000000 7.551079 8.448101
54700.000000 7.550264 8.446660
54710.000000 7.549362 8.446158
54720.000000 7.548186 8.444486
54730.000000 7.547477 8.443338
54740.000000 7.547121 8.443102
54750.000000 7.547077 8.441835
54760.000000 7.546936 8.442184
54770.000000 7.546590 8.441269
54780.000000 7.547534 8.441626
54790.000000 7.549159 8.443777
54800.000000 7.549923 8.445656
54810.000000 7.550224 8.445810
54820.000000 7.549639 8.446006
54830.000000 7.548994 8.444757
54840.000000 7.549372 8.444825
54850.000000 7.550083 8.445955
54860.000000 7.551460 8.446107
54870.000000 7.553011 8.448004
54880.000000 7.553501 8.448542
54890.000000 7.553197 8.448192
54900.000000 7.552075 8.446926
54910.000000 7.551241 8.445295
54920.000000 7.549900 8.445333
54930.000000 7.549296 8.443444
54940.000000 7.549601 8.443602
54950.000000 7.550405 8.443804
54960.000000 7.551619 8.444980
54970.000000 7.552021 8.445419
54980.000000 7.552752 8.446571
54990.000000 7.553615 8.447698
55000.000000 7.553604 8.448534
55010.000000 7.553350 8.448927
55020.000000 7.553489 8.448041
55030.000000 7.553663 8.448398
55040.000000 7.553488 8.447677
55050.000000 7.554186 8.448276
55060.000000 7.554847 8.449177
55070.000000 7.554699 8.448830
55080.000000 7.554302 8.449233
55090.000000 7.553371 8.447839
55100.000000 7.553101 8.447870
55110.000000 7.552019 8.446992
55120.000000 7.550658 8.447003
55130.000000 7.549451 8.445299
55140.000000 7.548169 8.444369
55150.000000 7.546806 8.444375
55160.000000 7.547212 8.442421
55170.000000 7.547350 8.442907
55180.000000 7.547291 8.443345
55190.000000 7.545948 8.443372
55200.000000 7.545538 8.441704
55210.000000 7.544593 8.440808
55220.000000 7.543614 8.440044
55230.000000 7.542306 8.440108
55240.000000 7.541421 8.438253
55250.000000 7.540427 8.437813
55260.000000 7.539089 8.437843
55270.000000 7.538177 8.435786
55280.000000 7.536826 8.435801
55290.000000 7.535687 8.434172
55300.000000 7.534496 8.432999
55310.000000 7.533349 8.432728
55320.000000 7.532196 8.431767
55330.000000 7.531019 8.430779
55340.000000 7.529676 8.430800
55350.000000 7.529229 8.429434
55360.000000 7.528298 8.428381
55370.000000 7.527828 8.428013
55380.000000 7.527076 8.427671
55390.000000 7.526239 8.426722
55400.000000 7.526164 8.425945
55410.000000 7.526420 8.426390
55420.000000 7.527156 8.426863
55430.000000 7.527840 8.427957
55440.000000 7.527846 8.428293
55450.000000 7.527559 8.428471
55460.000000 7.526567 8.427518
55470.000000 7.525361 8.426497
55480.000000 7.524035 8.426530
55490.000000 7.523746 8.425004
55500.000000 7.522440 8.424210
55510.000000 7.521089 8.424215
55520.000000 7.521224 8.421465
55530.000000 7.521676 8.420602
55540.000000 7.522753 8.421286
55550.000000 7.523198 8.422622
55560.000000 7.522846 8.422216
55570.000000 7.522243 8.422378
55580.000000 7.521582 8.422135
55590.000000 7.521162 8.421823
55600.000000 7.520676 8.421436
55610.000000 7.519795 8.420438
55620.000000 7.519359 8.420108
55630.000000 7.518532 8.419339
55640.000000 7.518333 8.418935
55650.000000 7.517706 8.418729
55660.000000 7.516758 8.417317
55670.000000 7.516474 8.416649
55680.000000 7.515228 8.416427
55690.000000 7.513986 8.416039
55700.000000 7.512912 8.415163
55710.000000 7.511684 8.414790
55720.000000 7.510887 8.413377
55730.000000 7.509816 8.412503
55740.000000 7.508469 8.412504
55750.000000 7.508144 8.410099
55760.000000 7.506927 8.409230
55770.000000 7.505590 8.409240
55780.000000 7.505783 8.407418
55790.000000 7.505282 8.407351
55800.000000 7.506060 8.406691
55810.000000 7.508373 8.407751
55820.000000 7.510797 8.409947
55830.000000 7.512994 8.412733
55840.000000 7.515868 8.414589
55850.000000 7.519185 8.418629
55860.000000 7.522138 8.421755
55870.000000 7.524994 8.425110
55880.000000 7.526823 8.426808
55890.000000 7.527995 8.428785
55900.000000 7.528273 8.428915
55910.000000 7.528690 8.429202
55920.000000 7.528126 8.429234
55930.000000 7.526801 8.429258
55940.000000 7.525611 8.427238
55950.000000 7.524289 8.427264
55960.000000 7.524781 8.425105
55970.000000 7.525241 8.425946
55980.000000 7.525215 8.425400
55990.000000 7.524613 8.425051
56000.000000 7.524040 8.424566
56010.000000 7.522899 8.423613
56020.000000 7.521568 8.423626
56030.000000 7.521473 8.422162
56040.000000 7.520164 8.422199
56050.000000 7.519287 8.420027
56060.000000 7.518210 8.418977
56070.000000 7.517176 8.417640
56080.000000 7.516304 8.417155
56090.000000 7.514992 8.417188
56100.000000 7.514352 8.415114
56110.000000 7.513088 8.414358
56120.000000 7.511760 8.414371
56130.000000 7.511676 8.412921
56140.000000 7.511108 8.412441
56150.000000 7.509777 8.412448
56160.000000 7.510015 8.411696
56170.000000 7.510021 8.411188
56180.000000 7.510196 8.411875
56190.000000 7.510438 8.411799
56200.000000 7.510188 8.412177
56210.000000 7.508865 8.412191
56220.000000 7.508948 8.410597
56230.000000 7.509290 8.411134
56240.000000 7.509046 8.411017
56250.000000 7.509343 8.411169
56260.000000 7.509364 8.411014
56270.000000 7.509291 8.411087
56280.000000 7.508543 8.410405
56290.000000 7.507270 8.410473
56300.000000 7.506058 8.408936
56310.000000 7.504832 8.408219
56320.000000 7.503857 8.405777
56330.000000 7.503208 8.405204
56340.000000 7.502341 8.404556
56350.000000 7.501745 8.403374
56360.000000 7.501139 8.402182
56370.000000 7.501199 8.401903
56380.000000 7.501577 8.401480
56390.000000 7.502998 8.403227
56400.000000 7.504433 8.404989
56410.000000 7.505958 8.406852
56420.000000 7.506745 8.407388
56430.000000 7.507482 8.408702
56440.000000 7.507509 8.408220
56450.000000 7.506321 8.407544
56460.000000 7.505334 8.406260
56470.000000 7.504755 8.405600
56480.000000 7.504490 8.405124
56490.000000 7.504353 8.405292
56500.000000 7.503299 8.404600
56510.000000 7.501981 8.404610
56520.000000 7.500974 8.402304
56530.000000 7.500188 8.401078
56540.000000 7.500183 8.400895
56550.000000 7.500146 8.400509
56560.000000 7.500374 8.400585
56570.000000 7.499906 8.400216
56580.000000 7.499888 8.400017
56590.000000 7.500076 8.399883
56600.000000 7.500983 8.400223
56610.000000 7.501439 8.400721
56620.000000 7.501716 8.401186
56630.000000 7.501717 8.401840
56640.000000 7.501745 8.402025
56650.000000 7.500934 8.400773
56660.000000 7.500464 8.400235
56670.000000 7.499944 8.398976
56680.000000 7.499868 8.399046
56690.000000 7.499045 8.397449
56700.000000 7.498885 8.397258
56710.000000 7.498540 8.397192
56720.000000 7.497480 8.395993
56730.000000 7.496162 8.395998
56740.000000 7.495103 8.393971
56750.000000 7.494178 8.392757
56760.000000 7.493788 8.391481
56770.000000 7.494187 8.391585
56780.000000 7.494876 8.392346
56790.000000 7.495807 8.392384
56800.000000 7.496483 8.393295
56810.000000 7.496136 8.393887
56820.000000 7.494826 8.393898
56830.000000 7.495303 8.391278
56840.000000 7.494807 8.391042
56850.000000 7.494605 8.391136
56860.000000 7.494531 8.390711
56870.000000 7.494619 8.390963
56880.000000 7.494454 8.390767
56890.000000 7.494361 8.389826
56900.000000 7.494631 8.389787
56910.000000 7.494667 8.388991
56920.000000 7.495889 8.390018
56930.000000 7.497087 8.391844
56940.000000 7.498280 8.393168
56950.000000 7.498882 8.393501
56960.000000 7.500062 8.393986
56970.000000 7.501904 8.395542
56980.000000 7.503814 8.397339
56990.000000 7.505387 8.399254
57000.000000 7.507965 8.401963
57010.000000 7.510565 8.404367
57020.000000 7.513222 8.408321
57030.000000 7.514369 8.410253
57040.000000 7.515178 8.410984
57050.000000 7.515905 8.411785
57060.000000 7.516885 8.412047
57070.000000 7.518138 8.413934
57080.000000 7.519005 8.415223
57090.000000 7.520581 8.416482
57100.000000 7.522593 8.419218
57110.000000 7.524619 8.421805
57120.000000 7.526292 8.423666
57130.000000 7.528373 8.425159
57140.000000 7.530411 8.428254
57150.000000 7.531616 8.430087
57160.000000 7.532569 8.430979
57170.000000 7.533808 8.432520
57180.000000 7.534911 8.434568
57190.000000 7.535010 8.433678
57200.000000 7.535865 8.434954
57210.000000 7.537159 8.435402
57220.000000 7.540758 8.438758
57230.000000 7.544823 8.443627
57240.000000 7.548103 8.447617
57250.000000 7.550084 8.449824
57260.000000 7.551663 8.452242
57270.000000 7.552524 8.453524
57280.000000 7.552833 8.453364
57290.000000 7.552828 8.454009
57300.000000 7.552512 8.453974
57310.000000 7.552018 8.454401
57320.000000 7.551304 8.453095
57330.000000 7.551118 8.453702
57340.000000 7.550525 8.453192
57350.000000 7.550085 8.452192
57360.000000 7.550722 8.452894
57370.000000 7.551002 8.453527
57380.000000 7.550834 8.453328
57390.000000 7.551206 8.453733
57400.000000 7.551446 8.453991
57410.000000 7.551681 8.454902
57420.000000 7.551569 8.454765
57430.000000 7.550819 8.455068
57440.000000 7.549584 8.454498
57450.000000 7.548282 8.454512
57460.000000 7.547876 8.453056
57470.000000 7.547276 8.451714
57480.000000 7.546367 8.450849
57490.000000 7.545094 8.450893
57500.000000 7.544569 8.448483
57510.000000 7.543465 8.447400
57520.000000 7.542653 8.446479
57530.000000 7.541352 8.446491
57540.000000 7.540432 8.444791
57550.000000 7.539377 8.443762
57560.000000 7.538459 8.443544
57570.000000 7.537361 8.442631
57580.000000 7.536055 8.442634
57590.000000 7.535054 8.440844
57600.000000 7.533751 8.440849
57610.000000 7.533333 8.438071
57620.000000 7.533346 8.438566
57630.000000 7.532534 8.438629
57640.000000 7.531254 8.438659
57650.000000 7.530987 8.435888
57660.000000 7.530153 8.435105
57670.000000 7.529031 8.434492
57680.000000 7.527740 8.434508
57690.000000 7.526986 8.431850
57700.000000 7.526057 8.430634
57710.000000 7.524819 8.430707
57720.000000 7.523878 8.428823
57730.000000 7.522894 8.428526
57740.000000 7.521694 8.427987
57750.000000 7.520534 8.426349
57760.000000 7.520311 8.426086
57770.000000 7.520250 8.426660
57780.000000 7.520262 8.426334
57790.000000 7.520072 8.425782
57800.000000 7.519940 8.425785
57810.000000 7.519304 8.425713
57820.000000 7.518270 8.424868
57830.000000 7.517170 8.424440
57840.000000 7.516183 8.423485
57850.000000 7.515117 8.421462
57860.000000 7.513886 8.420884
57870.000000 7.512700 8.419869
57880.000000 7.511420 8.419890
57890.000000 7.512276 8.418391
57900.000000 7.513248 8.419630
57910.000000 7.514053 8.420684
57920.000000 7.514700 8.421722
57930.000000 7.515370 8.422785
57940.000000 7.515193 8.423064
57950.000000 7.514271 8.422018
57960.000000 7.513126 8.422188
57970.000000 7.511963 8.420545
57980.000000 7.510804 8.419721
57990.000000 7.509516 8.419730
58000.000000 7.508898 8.417234
58010.000000 7.507770 8.416444
58020.000000 7.507353 8.415476
58030.000000 7.506830 8.415039
58040.000000 7.506144 8.414908
58050.000000 7.505235 8.413713
58060.000000 7.504584 8.412970
58070.000000 7.503442 8.412652
58080.000000 7.502159 8.412661
58090.000000 7.502173 8.410878
58100.000000 7.502055 8.410733
58110.000000 7.501916 8.410726
58120.000000 7.500818 8.409644
58130.000000 7.499540 8.409658
58140.000000 7.499291 8.408068
58150.000000 7.498017 8.408085
58160.000000 7.497354 8.405708
58170.000000 7.496865 8.404823
58180.000000 7.495831 8.403813
58190.000000 7.494573 8.403847
58200.000000 7.494286 8.401731
58210.000000 7.494401 8.402332
58220.000000 7.494597 8.402863
58230.000000 7.494171 8.402696
58240.000000 7.493981 8.402955
58250.000000 7.493774 8.402871
58260.000000 7.493683 8.402593
58270.000000 7.494161 8.402470
58280.000000 7.495203 8.403625
58290.000000 7.496646 8.403936
58300.000000 7.498952 8.406024
58310.000000 7.501432 8.409437
58320.000000 7.503704 8.412133
58330.000000 7.506002 8.415020
58340.000000 7.508067 8.417484
58350.000000 7.509701 8.418818
58360.000000 7.512113 8.421024
58370.000000 7.514626 8.423505
58380.000000 7.516718 8.426160
58390.000000 7.517295 8.427117
58400.000000 7.516907 8.426670
58410.000000 7.517111 8.426401
58420.000000 7.517696 8.427690
58430.000000 7.517260 8.426058
58440.000000 7.516648 8.425358
58450.000000 7.515505 8.424226
58460.000000 7.514407 8.423629
58470.000000 7.513227 8.422455
58480.000000 7.512656 8.420672
58490.000000 7.513354 8.420635
58500.000000 7.514191 8.422044
58510.000000 7.515531 8.422888
58520.000000 7.516270 8.424188
58530.000000 7.516356 8.424917
58540.000000 7.516351 8.424254
58550.000000 7.517297 8.424172
58560.000000 7.519148 8.426396
58570.000000 7.521070 8.428376
58580.000000 7.523008 8.430857
58590.000000 7.524598 8.432628
58600.000000 7.525796 8.433635
58610.000000 7.526259 8.434948
58620.000000 7.526010 8.434979
58630.000000 7.526745 8.435307
58640.000000 7.527713 8.436862
58650.000000 7.527983 8.436830
58660.000000 7.528648 8.438369
58670.000000 7.528146 8.438277
58680.000000 7.527355 8.437056
58690.000000 7.526108 8.437096
58700.000000 7.524997 8.435354
58710.000000 7.523970 8.434834
58720.000000 7.523001 8.434058
58730.000000 7.521971 8.433212
58740.000000 7.520735 8.433262
58750.000000 7.519937 8.431067
58760.000000 7.518933 8.430089
58770.000000 7.517855 8.429028
58780.000000 7.516607 8.429062
58790.000000 7.516096 8.427673
58800.000000 7.515456 8.425977
58810.000000 7.514948 8.425395
58820.000000 7.514571 8.424638
58830.000000 7.513918 8.423412
58840.000000 7.513967 8.423294
58850.000000 7.514239 8.424067
58860.000000 7.514595 8.425256
58870.000000 7.514266 8.425034
58880.000000 7.513189 8.423492
58890.000000 7.512090 8.422729
58900.000000 7.510820 8.422735
58910.000000 7.510503 8.420603
58920.000000 7.509286 8.420667
58930.000000 7.508296 8.418903
58940.000000 7.508174 8.418913
58950.000000 7.508269 8.418367
58960.000000 7.509059 8.420040
58970.000000 7.510056 8.420985
58980.000000 7.511395 8.421993
58990.000000 7.512695 8.423278
59000.000000 7.514801 8.425466
59010.000000 7.516622 8.427334
59020.000000 7.517605 8.428423
59030.000000 7.517921 8.429405
59040.000000 7.517786 8.429240
59050.000000 7.518155 8.429481
59060.000000 7.517877 8.429636
59070.000000 7.517187 8.428690
59080.000000 7.516041 8.428192
59090.000000 7.514944 8.427428
59100.000000 7.514142 8.426195
59110.000000 7.513727 8.425717
59120.000000 7.512941 8.424823
59130.000000 7.512087 8.424172
59140.000000 7.511068 8.422536
59150.000000 7.511365 8.422377
59160.000000 7.511808 8.422861
59170.000000 7.512147 8.423707
59180.000000 7.511691 8.423183
59190.000000 7.510485 8.421498
59200.000000 7.509704 8.420290
59210.000000 7.509012 8.419501
59220.000000 7.508165 8.418379
59230.000000 7.507015 8.418511
59240.000000 7.505943 8.416818
59250.000000 7.505200 8.415972
59260.000000 7.504477 8.414989
59270.000000 7.503220 8.414999
59280.000000 7.502647 8.413228
59290.000000 7.502139 8.412645
59300.000000 7.501251 8.411319
59310.000000 7.500425 8.410221
59320.000000 7.499664 8.409672
59330.000000 7.498492 8.408504
59340.000000 7.497448 8.407002
59350.000000 7.496920 8.405445
59360.000000 7.495868 8.404569
59370.000000 7.495240 8.403852
59380.000000 7.494875 8.403747
59390.000000 7.494716 8.403239
59400.000000 7.494929 8.403783
59410.000000 7.494741 8.404034
59420.000000 7.494482 8.404207
59430.000000 7.493788 8.403733
59440.000000 7.492985 8.402819
59450.000000 7.492021 8.401567
59460.000000 7.490988 8.399919
59470.000000 7.489944 8.399211
59480.000000 7.488868 8.399100
59490.000000 7.487864 8.398119
59500.000000 7.486673 8.397403
59510.000000 7.485926 8.396710
59520.000000 7.484705 8.396751
59530.000000 7.484126 8.394665
59540.000000 7.483812 8.393350
59550.000000 7.483790 8.393470
59560.000000 7.484509 8.393948
59570.000000 7.485408 8.394942
59580.000000 7.486284 8.395754
59590.000000 7.487777 8.396783
59600.000000 7.489830 8.398914
59610.000000 7.490876 8.400390
59620.000000 7.491203 8.401850
59630.000000 7.490192 8.401018
59640.000000 7.488949 8.401034
59650.000000 7.488084 8.398628
59660.000000 7.486837 8.398637
59670.000000 7.485841 8.396716
59680.000000 7.484841 8.395423
59690.000000 7.483635 8.395477
59700.000000 7.483458 8.393688
59710.000000 7.483389 8.394070
59720.000000 7.483340 8.393529
59730.000000 7.483520 8.393717
59740.000000 7.484557 8.393607
59750.000000 7.486593 8.395246
59760.000000 7.488806 8.397242
59770.000000 7.490752 8.399254
59780.000000 7.491940 8.400416
59790.000000 7.493287 8.402543
59800.000000 7.493561 8.403310
59810.000000 7.492987 8.402970
59820.000000 7.492275 8.401685
59830.000000 7.491130 8.400702
59840.000000 7.490031 8.399772
59850.000000 7.489890 8.398342
59860.000000 7.491220 8.399663
59870.000000 7.491848 8.400198
59880.000000 7.492536 8.400170
59890.000000 7.493228 8.400775
59900.000000 7.494402 8.401765
59910.000000 7.494601 8.402604
59920.000000 7.494246 8.402665
59930.000000 7.493635 8.401967
59940.000000 7.492803 8.401022
59950.000000 7.491776 8.399386
59960.000000 7.490563 8.399427
59970.000000 7.490450 8.397089
59980.000000 7.489644 8.396173
59990.000000 7.488538 8.395235
60000.000000 7.487307 8.395253
60010.000000 7.486641 8.392769
60020.000000 7.486302 8.391907
60030.000000 7.486019 8.391734
60040.000000 7.485431 8.390592
60050.000000 7.485478 8.390475
60060.000000 7.485311 8.390433
60070.000000 7.484439 8.389756
60080.000000 7.483198 8.389761
60090.000000 7.483003 8.387496
60100.000000 7.483681 8.388087
60110.000000 7.483443 8.388121
60120.000000 7.482741 8.387165
60130.000000 7.481510 8.387181
60140.000000 7.482509 8.385630
60150.000000 7.483822 8.387090
60160.000000 7.484421 8.387593
60170.000000 7.485434 8.389341
60180.000000 7.485620 8.390006
60190.000000 7.485028 8.389174
60200.000000 7.485138 8.388817
60210.000000 7.485456 8.388849
60220.000000 7.486553 8.390535
60230.000000 7.487985 8.392284
60240.000000 7.489145 8.393259
60250.000000 7.489992 8.393884
60260.000000 7.489770 8.393780
60270.000000 7.488840 8.392726
60280.000000 7.487725 8.391932
60290.000000 7.486772 8.391008
60300.000000 7.485532 8.391009
60310.000000 7.484825 8.388646
60320.000000 7.483587 8.388648
60330.000000 7.482699 8.386394
60340.000000 7.482806 8.385568
60350.000000 7.483116 8.385591
60360.000000 7.483060 8.386140
60370.000000 7.482533 8.385849
60380.000000 7.481296 8.385851
60390.000000 7.480656 8.384500
60400.000000 7.479869 8.383138
60410.000000 7.479480 8.382380
60420.000000 7.478813 8.381464
60430.000000 7.478449 8.380578
60440.000000 7.478120 8.380198
60450.000000 7.477750 8.379305
60460.000000 7.477174 8.378492
60470.000000 7.476799 8.377595
60480.000000 7.476175 8.377194
60490.000000 7.475228 8.376122
60500.000000 7.474006 8.376136
60510.000000 7.473178 8.373801
60520.000000 7.472911 8.373335
60530.000000 7.471797 8.373470
60540.000000 7.471501 8.371577
60550.000000 7.471366 8.371879
60560.000000 7.470625 8.371812
60570.000000 7.470105 8.370443
60580.000000 7.469939 8.370709
60590.000000 7.469760 8.370032
60600.000000 7.469543 8.370551
60610.000000 7.469441 8.369961
60620.000000 7.469770 8.369699
60630.000000 7.471217 8.371309
60640.000000 7.472669 8.373697
60650.000000 7.473824 8.375290
60660.000000 7.474035 8.376133
60670.000000 7.474717 8.376267
60680.000000 7.475604 8.377249
60690.000000 7.476597 8.378814
60700.000000 7.476023 8.378159
60710.000000 7.475576 8.377491
60720.000000 7.475220 8.377545
60730.000000 7.474965 8.376319
60740.000000 7.474336 8.375758
60750.000000 7.473160 8.375045
60760.000000 7.471953 8.375071
60770.000000 7.470976 8.373192
60780.000000 7.469952 8.371724
60790.000000 7.468727 8.371728
60800.000000 7.467818 8.369617
60810.000000 7.466705 8.368666
60820.000000 7.466088 8.367037
60830.000000 7.465230 8.366372
60840.000000 7.464200 8.365206
60850.000000 7.463497 8.364097
60860.000000 7.463538 8.364287
60870.000000 7.462609 8.363233
60880.000000 7.461396 8.363248
60890.000000 7.460621 8.361289
60900.000000 7.459885 8.360298
60910.000000 7.459744 8.360129
60920.000000 7.460095 8.360203
60930.000000 7.459877 8.359639
60940.000000 7.460000 8.359919
60950.000000 7.460313 8.360258
60960.000000 7.461559 8.361796
60970.000000 7.462673 8.362418
60980.000000 7.464872 8.364717
60990.000000 7.467143 8.367097
61000.000000 7.469632 8.370182
61010.000000 7.471795 8.372593
61020.000000 7.473777 8.374495
61030.000000 7.474623 8.376046
61040.000000 7.475420 8.376466
61050.000000 7.477248 8.377888
61060.000000 7.479036 8.379880
61070.000000 7.480146 8.381266
61080.000000 7.480813 8.381387
61090.000000 7.481499 8.382144
61100.000000 7.480977 8.382470
61110.000000 7.480169 8.381246
61120.000000 7.479499 8.380023
61130.000000 7.480038 8.379539
61140.000000 7.481307 8.381718
61150.000000 7.481863 8.381869
61160.000000 7.482241 8.382435
61170.000000 7.482711 8.382796
61180.000000 7.482801 8.383500
61190.000000 7.483174 8.383753
61200.000000 7.482745 8.383874
61210.000000 7.482219 8.382967
61220.000000 7.482298 8.382737
61230.000000 7.482740 8.382761
61240.000000 7.482792 8.383422
61250.000000 7.481630 8.383488
61260.000000 7.481438 8.382035
61270.000000 7.481264 8.381675
61280.000000 7.481711 8.381552
61290.000000 7.482544 8.382474
61300.000000 7.482266 8.382764
61310.000000 7.481599 8.381239
61320.000000 7.481181 8.380759
61330.000000 7.480523 8.380318
61340.000000 7.479666 8.379040
61350.000000 7.480197 8.379471
61360.000000 7.481488 8.381212
61370.000000 7.482869 8.382441
61380.000000 7.484031 8.383579
61390.000000 7.484920 8.384258
61400.000000 7.486801 8.386048
61410.000000 7.489003 8.388350
61420.000000 7.490874 8.390740
61430.000000 7.491857 8.391831
61440.000000 7.493184 8.392694
61450.000000 7.494406 8.394357
61460.000000 7.495060 8.395997
61470.000000 7.494652 8.395529
61480.000000 7.493483 8.395586
61490.000000 7.492529 8.393434
61500.000000 7.491599 8.391923
61510.000000 7.490726 8.391392
61520.000000 7.489512 8.391396
61530.000000 7.488913 8.388728
61540.000000 7.489146 8.388672
61550.000000 7.489538 8.388795
61560.000000 7.490389 8.389584
61570.000000 7.491285 8.390730
61580.000000 7.491799 8.390989
61590.000000 7.492304 8.390781
61600.000000 7.493325 8.391608
61610.000000 7.493883 8.391918
61620.000000 7.494234 8.391385
61630.000000 7.495312 8.392124
61640.000000 7.496968 8.392748
61650.000000 7.499449 8.395058
61660.000000 7.502685 8.398365
61670.000000 7.505518 8.401831
61680.000000 7.508159 8.404625
61690.000000 7.510125 8.406968
61700.000000 7.511895 8.409245
61710.000000 7.513489 8.411171
61720.000000 7.514836 8.412821
61730.000000 7.516479 8.414498
61740.000000 7.517385 8.415807
61750.000000 7.517258 8.415807
61760.000000 7.518135 8.415711
61770.000000 7.520003 8.417182
61780.000000 7.521670 8.419648
61790.000000 7.521841 8.419829
61800.000000 7.521699 8.420117
61810.000000 7.521226 8.419577
61820.000000 7.520878 8.419788
61830.000000 7.519673 8.419800
61840.000000 7.518816 8.418373
61850.000000 7.518201 8.416607
61860.000000 7.518754 8.417369
61870.000000 7.519186 8.417690
61880.000000 7.520080 8.418528
61890.000000 7.521139 8.419247
61900.000000 7.521949 8.419991
61910.000000 7.522872 8.420709
61920.000000 7.524128 8.421801
61930.000000 7.525031 8.422802
61940.000000 7.524664 8.422685
61950.000000 7.524360 8.420965
61960.000000 7.524601 8.421682
61970.000000 7.523933 8.421228
61980.000000 7.522955 8.421492
61990.000000 7.522284 8.420275
62000.000000 7.521241 8.419705
62010.000000 7.520332 8.417766
62020.000000 7.519182 8.417836
62030.000000 7.518751 8.416280
62040.000000 7.518505 8.416602
62050.000000 7.517320 8.416631
62060.000000 7.516363 8.415246
62070.000000 7.515180 8.415277
62080.000000 7.514420 8.413050
62090.000000 7.513226 8.413068
62100.000000 7.512397 8.411371
62110.000000 7.511417 8.410263
62120.000000 7.510400 8.409114
62130.000000 7.509375 8.408108
62140.000000 7.508490 8.407560
62150.000000 7.507388 8.407376
62160.000000 7.506680 8.405816
62170.000000 7.505902 8.405388
62180.000000 7.505011 8.404532
62190.000000 7.503934 8.403011
62200.000000 7.502875 8.401967
62210.000000 7.502350 8.401217
62220.000000 7.502129 8.401412
62230.000000 7.501857 8.401852
62240.000000 7.501231 8.400687
62250.000000 7.501270 8.400721
62260.000000 7.501544 8.400564
62270.000000 7.501464 8.400010
62280.000000 7.501087 8.399729
62290.000000 7.500515 8.399682
62300.000000 7.499489 8.398824
62310.000000 7.498306 8.398847
62320.000000 7.498276 8.398198
62330.000000 7.498019 8.397749
62340.000000 7.498240 8.397986
62350.000000 7.497523 8.397624
62360.000000 7.496493 8.396762
62370.000000 7.495978 8.396023
62380.000000 7.495976 8.394954
62390.000000 7.496484 8.395062
62400.000000 7.496572 8.394999
62410.000000 7.496490 8.395348
62420.000000 7.495894 8.394971
62430.000000 7.495385 8.393938
62440.000000 7.494555 8.393449
62450.000000 7.493810 8.392153
62460.000000 7.493673 8.391839
62470.000000 7.493738 8.392353
62480.000000 7.493440 8.391707
62490.000000 7.492982 8.391786
62500.000000 7.492263 8.390819
62510.000000 7.492145 8.390826
62520.000000 7.492129 8.390347
62530.000000 7.492324 8.390405
62540.000000 7.491687 8.390282
62550.000000 7.490507 8.390301
62560.000000 7.489836 8.388488
62570.000000 7.488767 8.388030
62580.000000 7.487630 8.387197
62590.000000 7.486472 8.387239
62600.000000 7.485637 8.384192
62610.000000 7.485350 8.383859
62620.000000 7.485360 8.384010
62630.000000 7.485021 8.383320
62640.000000 7.484623 8.382414
62650.000000 7.484453 8.381913
62660.000000 7.483675 8.381031
62670.000000 7.482679 8.380804
62680.000000 7.481883 8.379602
62690.000000 7.480788 8.378964
62700.000000 7.479609 8.378980
62710.000000 7.479274 8.376349
62720.000000 7.478568 8.375697
62730.000000 7.477391 8.375714
62740.000000 7.477203 8.373250
62750.000000 7.477516 8.372843
62760.000000 7.478272 8.373679
62770.000000 7.477795 8.373284
62780.000000 7.477458 8.373494
62790.000000 7.476311 8.373543
62800.000000 7.475349 8.371410
62810.000000 7.474163 8.371414
62820.000000 7.473139 8.369212
62830.000000 7.471966 8.369230
62840.000000 7.471036 8.367135
62850.000000 7.470086 8.366656
62860.000000 7.468952 8.365673
62870.000000 7.468731 8.364224
62880.000000 7.469510 8.365085
62890.000000 7.470528 8.365767
62900.000000 7.471684 8.367350
62910.000000 7.472734 8.369260
62920.000000 7.472847 8.369524
62930.000000 7.472299 8.368900
62940.000000 7.471433 8.368367
62950.000000 7.470313 8.367399
62960.000000 7.469379 8.366492
62970.000000 7.468452 8.365294
62980.000000 7.467798 8.364996
62990.000000 7.466789 8.364004
63000.000000 7.465619 8.364021
63010.000000 7.464596 8.363013
63020.000000 7.463417 8.363018
63030.000000 7.463554 8.361377
63040.000000 7.463191 8.361257
63050.000000 7.462491 8.360908
63060.000000 7.461578 8.359725
63070.000000 7.460493 8.358944
63080.000000 7.459471 8.358381
63090.000000 7.458671 8.357177
63100.000000 7.457607 8.356716
63110.000000 7.456501 8.355614
63120.000000 7.455507 8.354636
63130.000000 7.454845 8.353438
63140.000000 7.454677 8.353832
63150.000000 7.453733 8.352318
63160.000000 7.453305 8.352272
63170.000000 7.452135 8.352283
63180.000000 7.451969 8.351048
63190.000000 7.450890 8.350272
63200.000000 7.449964 8.349223
63210.000000 7.448822 8.349263
63220.000000 7.448062 8.347217
63230.000000 7.447084 8.345370
63240.000000 7.447036 8.345600
63250.000000 7.446065 8.345092
63260.000000 7.445003 8.344038
63270.000000 7.444131 8.342459
63280.000000 7.442964 8.342469
63290.000000 7.442096 8.340598
63300.000000 7.441076 8.339738
63310.000000 7.440105 8.339230
63320.000000 7.439408 8.337847
63330.000000 7.438611 8.337532
63340.000000 7.437897 8.336572
63350.000000 7.437663 8.336299
63360.000000 7.438147 8.335945
63370.000000 7.439207 8.337270
63380.000000 7.440106 8.338413
63390.000000 7.441157 8.340169
63400.000000 7.442031 8.341433
63410.000000 7.441975 8.342096
63420.000000 7.441124 8.341425
63430.000000 7.440089 8.340547
63440.000000 7.439056 8.339673
63450.000000 7.438478 8.338128
63460.000000 7.438686 8.338056
63470.000000 7.439247 8.338673
63480.000000 7.440049 8.338971
63490.000000 7.440828 8.339980
63500.000000 7.441647 8.341034
63510.000000 7.441840 8.341091
63520.000000 7.441666 8.340885
63530.000000 7.442294 8.341577
63540.000000 7.442702 8.341876
63550.000000 7.443188 8.342997
63560.000000 7.442916 8.342682
63570.000000 7.443101 8.342289
63580.000000 7.443779 8.342449
63590.000000 7.444995 8.343654
63600.000000 7.446739 8.345891
63610.000000 7.447491 8.346722
63620.000000 7.448244 8.347554
63630.000000 7.448729 8.347792
63640.000000 7.449894 8.349086
63650.000000 7.450809 8.349513
63660.000000 7.452215 8.350637
63670.000000 7.454451 8.352690
63680.000000 7.456912 8.356318
63690.000000 7.459152 8.358523
63700.000000 7.461664 8.360445
63710.000000 7.464814 8.364110
63720.000000 7.468534 8.367679
63730.000000 7.473060 8.372886
63740.000000 7.477360 8.377987
63750.000000 7.481137 8.382061
63760.000000 7.485276 8.386687
63770.000000 7.488884 8.390423
63780.000000 7.492391 8.394195
63790.000000 7.496544 8.398689
63800.000000 7.499751 8.401681
63810.000000 7.502925 8.405668
63820.000000 7.505900 8.409433
63830.000000 7.508153 8.411651
63840.000000 7.509816 8.414389
63850.000000 7.510334 8.414221
63860.000000 7.510924 8.415609
63870.000000 7.510583 8.415363
63880.000000 7.509604 8.414254
63890.000000 7.509026 8.413891
63900.000000 7.507898 8.413944
63910.000000 7.507021 8.411770
63920.000000 7.506645 8.411485
63930.000000 7.505961 8.411150
63940.000000 7.504911 8.410257
63950.000000 7.503866 8.408485
63960.000000 7.503280 8.407522
63970.000000 7.503239 8.406435
63980.000000 7.503463 8.406527
63990.000000 7.502491 8.405722
64000.000000 7.501437 8.404530
64010.000000 7.500417 8.403376
64020.000000 7.500224 8.403149
64030.000000 7.499247 8.403072
64040.000000 7.498164 8.401848
64050.000000 7.497025 8.401884
64060.000000 7.496116 8.401001
64070.000000 7.494950 8.401005
64080.000000 7.494286 8.398780
64090.000000 7.493283 8.397939
64100.000000 7.492245 8.396617
64110.000000 7.491220 8.394870
64120.000000 7.490547 8.394251
64130.000000 7.489761 8.392919
64140.000000 7.489075 8.392579
64150.000000 7.488392 8.392243
64160.000000 7.487234 8.392253
64170.000000 7.487779 8.390507
64180.000000 7.487477 8.390011
64190.000000 7.486873 8.389323
64200.000000 7.486998 8.389013
64210.000000 7.488108 8.389953
64220.000000 7.489996 8.392057
64230.000000 7.492161 8.393740
64240.000000 7.494774 8.397242
64250.000000 7.496660 8.399491
64260.000000 7.498562 8.401464
64270.000000 7.500428 8.403691
64280.000000 7.502118 8.406013
64290.000000 7.504431 8.408300
64300.000000 7.507348 8.411558
64310.000000 7.510468 8.414456
64320.000000 7.513669 8.418764
64330.000000 7.516173 8.421852
64340.000000 7.518130 8.424915
64350.000000 7.519933 8.426337
64360.000000 7.521745 8.428356
64370.000000 7.524010 8.430884
64380.000000 7.526054 8.432869
64390.000000 7.527799 8.435106
64400.000000 7.529278 8.436900
64410.000000 7.531750 8.439071
64420.000000 7.534221 8.440801
64430.000000 7.537049 8.444106
64440.000000 7.539427 8.447200
64450.000000 7.541361 8.449061
64460.000000 7.543026 8.451651
64470.000000 7.544143 8.453038
64480.000000 7.544951 8.453344
64490.000000 7.545822 8.454163
64500.000000 7.546313 8.454849
64510.000000 7.546993 8.455307
64520.000000 7.547739 8.456719
64530.000000 7.548264 8.456708
64540.000000 7.548394 8.457430
64550.000000 7.548488 8.457672
64560.000000 7.548506 8.457974
64570.000000 7.548295 8.457434
64580.000000 7.547556 8.456887
64590.000000 7.546423 8.456928
64600.000000 7.545564 8.454194
64610.000000 7.545273 8.453857
64620.000000 7.544314 8.453357
64630.000000 7.543141 8.452618
64640.000000 7.542025 8.452675
64650.000000 7.541126 8.450924
64660.000000 7.539968 8.450934
64670.000000 7.539612 8.449204
64680.000000 7.538828 8.448754
64690.000000 7.537721 8.448820
64700.000000 7.536900 8.447449
64710.000000 7.536163 8.446612
64720.000000 7.535087 8.446711
64730.000000 7.534264 8.445045
64740.000000 7.533276 8.443927
64750.000000 7.532274 8.443084
64760.000000 7.531219 8.442183
64770.000000 7.530260 8.441096
64780.000000 7.529951 8.440299
64790.000000 7.530194 8.440560
64800.000000 7.530665 8.440639
64810.000000 7.531167 8.440752
64820.000000 7.530654 8.440896
64830.000000 7.530195 8.439203
64840.000000 7.530415 8.440313
64850.000000 7.529568 8.440082
64860.000000 7.528472 8.439425
64870.000000 7.527325 8.439440
64880.000000 7.526508 8.437929
64890.000000 7.525881 8.436631
64900.000000 7.525293 8.435524
64910.000000 7.524968 8.435294
64920.000000 7.524533 8.434503
64930.000000 7.524526 8.434339
64940.000000 7.524437 8.434809
64950.000000 7.523592 8.434142
64960.000000 7.522441 8.434149
64970.000000 7.521440 8.432579
64980.000000 7.520436 8.431442
64990.000000 7.519435 8.430453
65000.000000 7.518370 8.429538
65010.000000 7.518420 8.429146
65020.000000 7.518431 8.428856
65030.000000 7.517854 8.428343
65040.000000 7.516728 8.428377
65050.000000 7.515960 8.426923
65060.000000 7.515045 8.427192
65070.000000 7.514261 8.426010
65080.000000 7.513780 8.425750
65090.000000 7.513180 8.424775
65100.000000 7.512668 8.424479
65110.000000 7.511639 8.423168
65120.000000 7.510487 8.423169
65130.000000 7.511115 8.420962
65140.000000 7.511229 8.421078
65150.000000 7.511497 8.420641
65160.000000 7.511852 8.421028
65170.000000 7.511589 8.420577
65180.000000 7.510647 8.420088
65190.000000 7.509822 8.418718
65200.000000 7.509153 8.418102
65210.000000 7.508861 8.417329
65220.000000 7.508594 8.416150
65230.000000 7.508565 8.416106
65240.000000 7.508228 8.415862
65250.000000 7.507962 8.416130
65260.000000 7.507975 8.415989
65270.000000 7.508721 8.416814
65280.000000 7.509484 8.417513
65290.000000 7.510300 8.418995
65300.000000 7.511176 8.420253
65310.000000 7.512545 8.421921
65320.000000 7.513854 8.423089
65330.000000 7.515031 8.423963
65340.000000 7.516105 8.425878
65350.000000 7.517251 8.426284
65360.000000 7.519054 8.427570
65370.000000 7.521957 8.430091
65380.000000 7.525156 8.433375
65390.000000 7.528471 8.437080
65400.000000 7.531753 8.440168
65410.000000 7.534404 8.443707
65420.000000 7.536798 8.445510
65430.000000 7.539152 8.447848
65440.000000 7.541722 8.450427
65450.000000 7.544478 8.453504
65460.000000 7.546492 8.455605
65470.000000 7.548810 8.458336
65480.000000 7.550572 8.460154
65490.000000 7.552067 8.461819
65500.000000 7.552941 8.463077
65510.000000 7.553314 8.463629
65520.000000 7.553724 8.463354
65530.000000 7.555414 8.464803
65540.000000 7.556877 8.466575
65550.000000 7.557498 8.467115
65560.000000 7.557825 8.468050
65570.000000 7.557025 8.467287
65580.000000 7.556091 8.465797
65590.000000 7.555857 8.464801
65600.000000 7.555094 8.463646
65610.000000 7.554340 8.463079
65620.000000 7.553217 8.463111
65630.000000 7.553381 8.461407
65640.000000 7.553494 8.461233
65650.000000 7.554261 8.462371
65660.000000 7.554980 8.463743
65670.000000 7.555590 8.464704
65680.000000 7.555658 8.464626
65690.000000 7.555046 8.464652
65700.000000 7.554335 8.463699
65710.000000 7.554027 8.463488
65720.000000 7.554052 8.463361
65730.000000 7.553403 8.463344
65740.000000 7.552530 8.462355
65750.000000 7.552087 8.460984
65760.000000 7.551948 8.461394
65770.000000 7.550886 8.461490
65780.000000 7.550351 8.459582
65790.000000 7.549850 8.459442
65800.000000 7.548971 8.458591
65810.000000 7.547867 8.458639
65820.000000 7.547336 8.457169
65830.000000 7.546404 8.456402
65840.000000 7.545360 8.455508
65850.000000 7.544675 8.455018
65860.000000 7.544347 8.453920
65870.000000 7.544064 8.453591
65880.000000 7.543793 8.452702
65890.000000 7.543170 8.452137
65900.000000 7.542073 8.451328
65910.000000 7.540935 8.451336
65920.000000 7.540222 8.449088
65930.000000 7.539091 8.449103
65940.000000 7.538327 8.447231
65950.000000 7.537194 8.447242
65960.000000 7.536679 8.444931
65970.000000 7.535537 8.444932
65980.000000 7.534851 8.443005
65990.000000 7.533868 8.441750
66000.000000 7.532966 8.441015
66010.000000 7.532107 8.439898
66020.000000 7.531519 8.439228
66030.000000 7.531463 8.438582
66040.000000 7.532215 8.439700
66050.000000 7.532608 8.440416
66060.000000 7.532616 8.440987
66070.000000 7.532107 8.439976
66080.000000 7.531902 8.439736
66090.000000 7.530814 8.439793
66100.000000 7.530316 8.437507
66110.000000 7.529763 8.437164
66120.000000 7.529027 8.436470
66130.000000 7.528232 8.434711
66140.000000 7.527597 8.433990
66150.000000 7.526906 8.433062
66160.000000 7.526254 8.432178
66170.000000 7.525385 8.430908
66180.000000 7.524275 8.430938
66190.000000 7.523845 8.429161
66200.000000 7.522722 8.429177
66210.000000 7.522421 8.427261
66220.000000 7.522234 8.427040
66230.000000 7.521947 8.426566
66240.000000 7.521786 8.426232
66250.000000 7.521975 8.426006
66260.000000 7.522132 8.426456
66270.000000 7.521277 8.425488
66280.000000 7.521117 8.425156
66290.000000 7.521374 8.425007
66300.000000 7.521823 8.425641
66310.000000 7.522158 8.425580
66320.000000 7.522687 8.426304
66330.000000 7.522452 8.426742
66340.000000 7.521746 8.425229
66350.000000 7.521162 8.425418
66360.000000 7.520425 8.424440
66370.000000 7.520241 8.424366
66380.000000 7.519342 8.424059
66390.000000 7.518576 8.422906
66400.000000 7.517876 8.422538
66410.000000 7.516766 8.422562
66420.000000 7.515936 8.421053
66430.000000 7.514808 8.421058
66440.000000 7.514417 8.419330
66450.000000 7.513581 8.418099
66460.000000 7.512862 8.417425
66470.000000 7.512426 8.416642
66480.000000 7.511343 8.416695
66490.000000 7.510419 8.415365
66500.000000 7.509392 8.414203
66510.000000 7.508454 8.413567
66520.000000 7.507342 8.413586
66530.000000 7.506758 8.411787
66540.000000 7.506053 8.410844
66550.000000 7.505545 8.409840
66560.000000 7.505318 8.409575
66570.000000 7.505443 8.409704
66580.000000 7.505068 8.409698
66590.000000 7.504987 8.408889
66600.000000 7.505128 8.409178
66610.000000 7.505110 8.409572
66620.000000 7.504321 8.408394
66630.000000 7.504018 8.407054
66640.000000 7.505259 8.407444
66650.000000 7.507134 8.409675
66660.000000 7.507889 8.411218
66670.000000 7.507907 8.412076
66680.000000 7.507948 8.411687
66690.000000 7.507381 8.411183
66700.000000 7.506704 8.410697
66710.000000 7.505955 8.409563
66720.000000 7.505618 8.409318
66730.000000 7.504796 8.408385
66740.000000 7.504261 8.407352
66750.000000 7.504016 8.406221
66760.000000 7.504614 8.406880
66770.000000 7.506021 8.407600
66780.000000 7.507926 8.409301
66790.000000 7.510148 8.411638
66800.000000 7.512466 8.415071
66810.000000 7.514181 8.417404
66820.000000 7.515558 8.419360
66830.000000 7.517671 8.420729
66840.000000 7.521066 8.424239
66850.000000 7.524024 8.427543
66860.000000 7.526670 8.430072
66870.000000 7.529969 8.433192
66880.000000 7.533194 8.436794
66890.000000 7.537074 8.440705
66900.000000 7.541370 8.445647
66910.000000 7.544807 8.450194
66920.000000 7.547665 8.453243
66930.000000 7.550904 8.457143
66940.000000 7.553780 8.460497
66950.000000 7.557013 8.463541
66960.000000 7.560476 8.467126
66970.000000 7.563184 8.470148
66980.000000 7.565547 8.473211
66990.000000 7.567124 8.475675
67000.000000 7.567476 8.476200
67010.000000 7.567114 8.476352
67020.000000 7.566038 8.475703
67030.000000 7.564914 8.475708
67040.000000 7.564109 8.473946
67050.000000 7.563871 8.473244
67060.000000 7.564180 8.473579
67070.000000 7.564987 8.473766
67080.000000 7.566736 8.475008
67090.000000 7.567961 8.476793
67100.000000 7.568562 8.477598
67110.000000 7.568918 8.478553
67120.000000 7.568153 8.477968
67130.000000 7.567566 8.477301
67140.000000 7.566694 8.477020
67150.000000 7.565732 8.475791
67160.000000 7.564621 8.475808
67170.000000 7.564500 8.474531
67180.000000 7.564857 8.474638
67190.000000 7.565445 8.475710
67200.000000 7.566352 8.476150
67210.000000 7.566664 8.477055
67220.000000 7.566644 8.477164
67230.000000 7.566311 8.477204
67240.000000 7.565545 8.476476
67250.000000 7.564712 8.475532
67260.000000 7.564484 8.474843
67270.000000 7.564199 8.474654
67280.000000 7.564243 8.474411
67290.000000 7.564463 8.474506
67300.000000 7.564551 8.474876
67310.000000 7.564308 8.474593
67320.000000 7.564628 8.474659
67330.000000 7.564391 8.474807
67340.000000 7.563274 8.474813
67350.000000 7.562492 8.472376
67360.000000 7.561380 8.472388
67370.000000 7.561926 8.471157
67380.000000 7.562477 8.472328
67390.000000 7.562129 8.472351
67400.000000 7.561305 8.471980
67410.000000 7.560469 8.470751
67420.000000 7.559382 8.470227
67430.000000 7.558339 8.469329
67440.000000 7.557225 8.469337
67450.000000 7.556254 8.467674
67460.000000 7.555535 8.466014
67470.000000 7.554422 8.466022
67480.000000 7.554006 8.464561
67490.000000 7.553743 8.464256
67500.000000 7.553026 8.463863
67510.000000 7.552290 8.461904
67520.000000 7.551649 8.461737
67530.000000 7.550789 8.460623
67540.000000 7.550129 8.459732
67550.000000 7.549461 8.458411
67560.000000 7.549275 8.457912
67570.000000 7.549281 8.457207
67580.000000 7.549288 8.457485
67590.000000 7.549098 8.457822
67600.000000 7.548721 8.457390
67610.000000 7.547915 8.456477
67620.000000 7.546890 8.455317
67630.000000 7.545801 8.455348
67640.000000 7.544755 8.454026
67650.000000 7.543822 8.453110
67660.000000 7.543216 8.452000
67670.000000 7.543041 8.451374
67680.000000 7.542963 8.451415
67690.000000 7.542658 8.450783
67700.000000 7.541913 8.449938
67710.000000 7.540824 8.449966
67720.000000 7.540002 8.447637
67730.000000 7.539036 8.446404
67740.000000 7.537978 8.446466
67750.000000 7.536990 8.445069
67760.000000 7.536140 8.443547
67770.000000 7.535425 8.442596
67780.000000 7.534633 8.440861
67790.000000 7.533780 8.440035
67800.000000 7.532688 8.440056
67810.000000 7.532770 8.438604
67820.000000 7.532527 8.438043
67830.000000 7.532786 8.438741
67840.000000 7.533305 8.439034
67850.000000 7.533443 8.439874
67860.000000 7.532892 8.438968
67870.000000 7.532020 8.438399
67880.000000 7.531444 8.437186
67890.000000 7.531710 8.437613
67900.000000 7.531440 8.437023
67910.000000 7.531045 8.436152
67920.000000 7.531284 8.436548
67930.000000 7.531799 8.436280
67940.000000 7.532470 8.437161
67950.000000 7.531814 8.437390
67960.000000 7.531134 8.436757
67970.000000 7.530073 8.436810
67980.000000 7.529580 8.434578
67990.000000 7.529044 8.433135
68000.000000 7.528673 8.432987
68010.000000 7.527801 8.431584
68020.000000 7.527591 8.430922
68030.000000 7.527453 8.429786
68040.000000 7.527752 8.429973
68050.000000 7.528027 8.430270
68060.000000 7.527930 8.430568
68070.000000 7.528632 8.430373
68080.000000 7.529065 8.431404
68090.000000 7.528957 8.431550
68100.000000 7.529313 8.431801
68110.000000 7.529634 8.432289
68120.000000 7.528603 8.432373
68130.000000 7.527787 8.430339
68140.000000 7.526695 8.430354
68150.000000 7.525914 8.427945
68160.000000 7.525189 8.427540
68170.000000 7.524772 8.426647
68180.000000 7.524820 8.425861
68190.000000 7.525731 8.426733
68200.000000 7.526019 8.427600
68210.000000 7.525591 8.427387
68220.000000 7.524770 8.426873
68230.000000 7.524045 8.425913
68240.000000 7.523217 8.424422
68250.000000 7.522835 8.423848
68260.000000 7.522434 8.423250
68270.000000 7.523227 8.422333
68280.000000 7.524879 8.424725
68290.000000 7.526505 8.426537
68300.000000 7.527909 8.428099
68310.000000 7.528708 8.429123
68320.000000 7.529404 8.429755
68330.000000 7.530025 8.429749
68340.000000 7.531788 8.431990
68350.000000 7.532915 8.433518
68360.000000 7.533677 8.434363
68370.000000 7.533714 8.433842
68380.000000 7.533748 8.434147
68390.000000 7.533771 8.434440
68400.000000 7.533811 8.435027
68410.000000 7.533185 8.434731
68420.000000 7.533020 8.434122
68430.000000 7.533107 8.433658
68440.000000 7.532493 8.433652
68450.000000 7.532116 8.432669
68460.000000 7.531518 8.432127
68470.000000 7.530464 8.432178
68480.000000 7.529814 8.430339
68490.000000 7.528763 8.430393
68500.000000 7.527891 8.428717
68510.000000 7.526815 8.428744
68520.000000 7.526288 8.426629
68530.000000 7.526413 8.425245
68540.000000 7.527804 8.426794
68550.000000 7.529661 8.428588
68560.000000 7.530974 8.430461
68570.000000 7.530676 8.430668
68580.000000 7.530022 8.429790
68590.000000 7.529604 8.429587
68600.000000 7.529342 8.429147
68610.000000 7.528607 8.428453
68620.000000 7.527684 8.427960
68630.000000 7.526751 8.426631
68640.000000 7.526042 8.425691
68650.000000 7.525430 8.424859
68660.000000 7.525671 8.424433
68670.000000 7.527070 8.425714
68680.000000 7.527689 8.426124
68690.000000 7.528328 8.426830
68700.000000 7.529005 8.427441
68710.000000 7.529442 8.428196
68720.000000 7.529878 8.428537
68730.000000 7.529707 8.428749
68740.000000 7.529672 8.428289
68750.000000 7.530509 8.428531
68760.000000 7.531325 8.429984
68770.000000 7.530781 8.429915
68780.000000 7.530450 8.429260
68790.000000 7.529844 8.429259
68800.000000 7.528957 8.427709
68810.000000 7.528959 8.427016
68820.000000 7.529426 8.426982
68830.000000 7.529776 8.427912
68840.000000 7.529654 8.428179
68850.000000 7.529491 8.427575
68860.000000 7.529150 8.427048
68870.000000 7.528719 8.426831
68880.000000 7.527769 8.425758
68890.000000 7.526678 8.425761
68900.000000 7.526321 8.423982
68910.000000 7.525916 8.423521
68920.000000 7.525507 8.422917
68930.000000 7.525282 8.421836
68940.000000 7.525802 8.421862
68950.000000 7.526109 8.422606
68960.000000 7.526430 8.422546
68970.000000 7.527066 8.423113
68980.000000 7.527830 8.424097
68990.000000 7.528769 8.425548
69000.000000 7.529069 8.425875
69010.000000 7.528675 8.425015
69020.000000 7.528144 8.424959
69030.000000 7.527330 8.423903
69040.000000 7.526913 8.423563
69050.000000 7.526826 8.424276
69060.000000 7.525762 8.422941
69070.000000 7.524963 8.422037
69080.000000 7.524385 8.420972
69090.000000 7.524685 8.421163
69100.000000 7.524423 8.421679
69110.000000 7.524222 8.420900
69120.000000 7.524667 8.421117
69130.000000 7.525185 8.421960
69140.000000 7.524740 8.421590
69150.000000 7.523663 8.421602
69160.000000 7.523066 8.419698
69170.000000 7.522039 8.419766
69180.000000 7.521628 8.417935
69190.000000 7.520638 8.417227
69200.000000 7.519564 8.417241
69210.000000 7.519004 8.415244
69220.000000 7.519567 8.415048
69230.000000 7.520815 8.416709
69240.000000 7.521772 8.418179
69250.000000 7.522094 8.418394
69260.000000 7.522104 8.418941
69270.000000 7.521602 8.418370
69280.000000 7.520809 8.417202
69290.000000 7.519819 8.417309
69300.000000 7.519039 8.415476
69310.000000 7.518595 8.414290
69320.000000 7.518290 8.414076
69330.000000 7.517381 8.413322
69340.000000 7.516784 8.412101
69350.000000 7.516368 8.411492
69360.000000 7.516857 8.411622
69370.000000 7.517716 8.412304
69380.000000 7.518190 8.413098
69390.000000 7.518405 8.413193
69400.000000 7.518468 8.414069
69410.000000 7.518141 8.413017
69420.000000 7.517629 8.412705
69430.000000 7.516834 8.410995
69440.000000 7.515812 8.409978
69450.000000 7.514822 8.409268
69460.000000 7.513982 8.408455
69470.000000 7.512994 8.407746
69480.000000 7.512056 8.406688
69490.000000 7.511963 8.406711
69500.000000 7.511955 8.406558
69510.000000 7.512013 8.406749
69520.000000 7.511951 8.406942
69530.000000 7.510879 8.406951
69540.000000 7.510602 8.404738
69550.000000 7.511163 8.405357
69560.000000 7.511164 8.405350
69570.000000 7.510233 8.404570
69580.000000 7.509198 8.403943
69590.000000 7.508134 8.403960
69600.000000 7.507568 8.402507
69610.000000 7.506729 8.402101
69620.000000 7.505907 8.400631
69630.000000 7.505175 8.400343
69640.000000 7.504162 8.399201
69650.000000 7.503134 8.398176
69660.000000 7.502132 8.396910
69670.000000 7.501680 8.395182
69680.000000 7.501325 8.394911
69690.000000 7.500712 8.393811
69700.000000 7.499944 8.393348
69710.000000 7.499104 8.392534
69720.000000 7.498470 8.391681
69730.000000 7.497477 8.390830
69740.000000 7.496564 8.390204
69750.000000 7.495515 8.390232
69760.000000 7.494880 8.388033
69770.000000 7.495035 8.387928
69780.000000 7.494881 8.388689
69790.000000 7.493940 8.387896
69800.000000 7.493311 8.386510
69810.000000 7.493344 8.386270
69820.000000 7.493434 8.386497
69830.000000 7.493662 8.387280
69840.000000 7.493245 8.387074
69850.000000 7.492362 8.386346
69860.000000 7.491410 8.385271
69870.000000 7.490373 8.384505
69880.000000 7.489312 8.384517
69890.000000 7.489315 8.382765
69900.000000 7.488829 8.381809
69910.000000 7.488768 8.382001
69920.000000 7.488674 8.381887
69930.000000 7.488618 8.382352
69940.000000 7.487603 8.381878
69950.000000 7.486533 8.381878
69960.000000 7.485726 8.379892
69970.000000 7.484886 8.379077
69980.000000 7.484063 8.378147
69990.000000 7.483165 8.377535
70000.000000 7.482870 8.377463
70010.000000 7.482364 8.376351
70020.000000 7.481882 8.375535
70030.000000 7.480841 8.375566
70040.000000 7.480044 8.373996
70050.000000 7.479591 8.372543
70060.000000 7.479803 8.372905
70070.000000 7.479398 8.372309
70080.000000 7.478498 8.371560
70090.000000 7.477451 8.371583
70100.000000 7.476580 8.369930
70110.000000 7.475530 8.369948
70120.000000 7.475572 8.368783
70130.000000 7.474909 8.367498
70140.000000 7.474094 8.366443
70150.000000 7.473472 8.365871
70160.000000 7.473120 8.365068
70170.000000 7.472606 8.364484
70180.000000 7.471903 8.363688
70190.000000 7.472035 8.363027
70200.000000 7.472866 8.363682
70210.000000 7.473555 8.364443
70220.000000 7.473416 8.364547
70230.000000 7.472840 8.363893
70240.000000 7.471782 8.363899
70250.000000 7.471549 8.362031
70260.000000 7.470879 8.361273
70270.000000 7.470665 8.361158
70280.000000 7.470128 8.360415
70290.000000 7.469332 8.359248
70300.000000 7.468554 8.358769
70310.000000 7.467507 8.358786
70320.000000 7.466574 8.357068
70330.000000 7.465779 8.356169
70340.000000 7.464724 8.356176
70350.000000 7.463747 8.354941
70360.000000 7.462690 8.354944
70370.000000 7.462157 8.352479
70380.000000 7.461176 8.351638
70390.000000 7.460468 8.350306
70400.000000 7.459449 8.350351
70410.000000 7.458704 8.348844
70420.000000 7.457660 8.348861
70430.000000 7.456664 8.347604
70440.000000 7.455858 8.346296
70450.000000 7.455079 8.345680
70460.000000 7.454024 8.345683
70470.000000 7.454111 8.344710
70480.000000 7.454358 8.344449
70490.000000 7.454822 8.345091
70500.000000 7.455299 8.345749
70510.000000 7.455494 8.346091
70520.000000 7.455302 8.345602
70530.000000 7.454712 8.344933
70540.000000 7.453814 8.343654
70550.000000 7.453009 8.343009
70560.000000 7.452041 8.342048
70570.000000 7.450994 8.342059
70580.000000 7.450226 8.340660
70590.000000 7.449239 8.339944
70600.000000 7.448481 8.339218
70610.000000 7.447853 8.337845
70620.000000 7.447353 8.337541
70630.000000 7.446317 8.337561
70640.000000 7.445680 8.336443
70650.000000 7.445290 8.335732
70660.000000 7.445267 8.335302
70670.000000 7.445522 8.335842
70680.000000 7.445575 8.335629
70690.000000 7.445345 8.335363
70700.000000 7.445378 8.335787
70710.000000 7.445128 8.335761
70720.000000 7.445200 8.335569
70730.000000 7.445901 8.335553
70740.000000 7.446453 8.336030
70750.000000 7.446159 8.335825
70760.000000 7.446142 8.336060
70770.000000 7.446040 8.336332
70780.000000 7.445155 8.335201
70790.000000 7.444131 8.334573
70800.000000 7.443247 8.333178
70810.000000 7.442572 8.332810
70820.000000 7.441630 8.331877
70830.000000 7.440598 8.330713
70840.000000 7.439586 8.330756
70850.000000 7.438798 8.329469
70860.000000 7.438090 8.328009
70870.000000 7.437848 8.327992
70880.000000 7.436848 8.327259
70890.000000 7.435832 8.326375
70900.000000 7.434947 8.326032
70910.000000 7.434089 8.325062
70920.000000 7.433516 8.324543
70930.000000 7.432484 8.324560
70940.000000 7.432231 8.322297
70950.000000 7.431711 8.321837
70960.000000 7.430967 8.320863
70970.000000 7.430274 8.320078
70980.000000 7.429317 8.319260
70990.000000 7.428278 8.319268
71000.000000 7.429326 8.318595
71010.000000 7.429890 8.318694
71020.000000 7.430800 8.319441
71030.000000 7.431295 8.320511
71040.000000 7.431556 8.320925
71050.000000 7.432246 8.321688
71060.000000 7.432152 8.321443
71070.000000 7.432407 8.321326
71080.000000 7.433235 8.322245
71090.000000 7.433416 8.322831
71100.000000 7.433664 8.322969
71110.000000 7.433804 8.323117
71120.000000 7.433583 8.322336
71130.000000 7.433734 8.322628
71140.000000 7.433775 8.322272
71150.000000 7.433688 8.322689
71160.000000 7.432759 8.322164
71170.000000 7.431735 8.322186
71180.000000 7.431350 8.319914
71190.000000 7.431531 8.319846
71200.000000 7.432080 8.320713
71210.000000 7.432873 8.321461
71220.000000 7.433533 8.321145
71230.000000 7.435451 8.322629
71240.000000 7.438382 8.325378
71250.000000 7.441673 8.328530
71260.000000 7.445381 8.332018
71270.000000 7.448714 8.335476
71280.000000 7.451783 8.339558
71290.000000 7.455326 8.342860
71300.000000 7.459635 8.346493
71310.000000 7.465023 8.351990
71320.000000 7.470415 8.358539
71330.000000 7.475466 8.364576
71340.000000 7.480709 8.369516
71350.000000 7.486759 8.376014
71360.000000 7.493866 8.384219
71370.000000 7.501016 8.392079
71380.000000 7.507448 8.399004
71390.000000 7.514252 8.406608
71400.000000 7.521236 8.413885
71410.000000 7.528856 8.422534
71420.000000 7.536982 8.431485
71430.000000 7.545452 8.440687
71440.000000 7.554021 8.450133
71450.000000 7.562670 8.459667
71460.000000 7.571222 8.469093
71470.000000 7.580244 8.479176
71480.000000 7.589645 8.489684
71490.000000 7.599264 8.500304
71500.000000 7.608780 8.511073
71510.000000 7.618732 8.521797
71520.000000 7.629312 8.532956
71530.000000 7.640255 8.545321
71540.000000 7.650485 8.556621
71550.000000 7.661194 8.568322
71560.000000 7.672418 8.580197
71570.000000 7.683567 8.593328
71580.000000 7.694019 8.604607
71590.000000 7.704593 8.616559
71600.000000 7.714512 8.627914
71610.000000 7.724658 8.639118
71620.000000 7.734363 8.650640
71630.000000 7.743945 8.660673
71640.000000 7.753660 8.671665
71650.000000 7.763396 8.682005
71660.000000 7.772352 8.691605
71670.000000 7.781608 8.701813
71680.000000 7.790662 8.712065
71690.000000 7.799229 8.721365
71700.000000 7.807467 8.730978
71710.000000 7.815885 8.740521
71720.000000 7.824570 8.749678
71730.000000 7.833465 8.759891
71740.000000 7.842209 8.769388
71750.000000 7.851043 8.779395
71760.000000 7.858607 8.787983
71770.000000 7.865711 8.796604
71780.000000 7.872376 8.803501
71790.000000 7.879143 8.811061
71800.000000 7.885707 8.818805
71810.000000 7.891741 8.825409
71820.000000 7.897183 8.830523
71830.000000 7.903544 8.837766
71840.000000 7.910315 8.845467
71850.000000 7.916761 8.853632
71860.000000 7.922861 8.860859
71870.000000 7.928491 8.867148
71880.000000 7.933923 8.872939
71890.000000 7.939565 8.879103
71900.000000 7.944724 8.885002
71910.000000 7.949675 8.890807
71920.000000 7.954932 8.896263
71930.000000 7.960419 8.902945
71940.000000 7.966172 8.909233
71950.000000 7.971639 8.915339
71960.000000 7.977428 8.921667
71970.000000 7.983377 8.928728
71980.000000 7.989795 8.935620
71990.000000 7.996710 8.943207
72000.000000 8.004438 8.951425
72010.000000 8.011551 8.958953
72020.000000 8.019073 8.967357
72030.000000 8.026213 8.975194
72040.000000 8.033481 8.984011
72050.000000 8.039227 8.990568
72060.000000 8.044740 8.996585
72070.000000 8.049674 9.001955
72080.000000 8.054650 9.007511
72090.000000 8.060118 9.013759
72100.000000 8.065677 9.019827
72110.000000 8.071415 9.026516
72120.000000 8.076950 9.032138
72130.000000 8.082859 9.039018
72140.000000 8.087700 9.044704
72150.000000 8.092531 9.050238
72160.000000 8.096859 9.053947
72170.000000 8.101156 9.058604
72180.000000 8.106217 9.064396
72190.000000 8.110688 9.069668
72200.000000 8.115315 9.074974
72210.000000 8.119912 9.079966
72220.000000 8.124007 9.084960
72230.000000 8.127224 9.089394
72240.000000 8.129684 9.091573
72250.000000 8.132896 9.094595
72260.000000 8.136775 9.098642
72270.000000 8.140846 9.103468
72280.000000 8.144421 9.107598
72290.000000 8.147695 9.111815
72300.000000 8.151220 9.115468
72310.000000 8.154523 9.119717
72320.000000 8.157285 9.122657
72330.000000 8.160882 9.125684
72340.000000 8.165205 9.130509
72350.000000 8.169397 9.134907
72360.000000 8.173056 9.139273
72370.000000 8.176020 9.142862
72380.000000 8.179015 9.146486
72390.000000 8.181779 9.149286
72400.000000 8.184725 9.152430
72410.000000 8.188031 9.155412
72420.000000 8.191426 9.159766
72430.000000 8.194616 9.163749
72440.000000 8.197668 9.167579
72450.000000 8.200774 9.171044
72460.000000 8.204013 9.174516
72470.000000 8.206989 9.177553
72480.000000 8.210044 9.180678
72490.000000 8.212607 9.183535
72500.000000 8.214710 9.185879
72510.000000 8.216473 9.188410
72520.000000 8.218120 9.190526
72530.000000 8.219715 9.192443
72540.000000 8.221652 9.193326
72550.000000 8.224385 9.196090
72560.000000 8.227253 9.199148
72570.000000 8.229669 9.202124
72580.000000 8.231430 9.204369
72590.000000 8.232238 9.205832
72600.000000 8.232976 9.207358
72610.000000 8.233984 9.207484
72620.000000 8.235159 9.208365
72630.000000 8.236130 9.210009
72640.000000 8.236791 9.210174
72650.000000 8.237527 9.211555
72660.000000 8.237794 9.211563
72670.000000 8.238735 9.211331
72680.000000 8.239436 9.213383
72690.000000 8.240979 9.214391
72700.000000 8.241462 9.214923
72710.000000 8.242054 9.215860
72720.000000 8.242357 9.215625
72730.000000 8.242079 9.215305
72740.000000 8.240977 9.215340
72750.000000 8.240000 9.213390
72760.000000 8.238897 9.213422
72770.000000 8.238425 9.211895
72780.000000 8.237585 9.211231
72790.000000 8.236639 9.210024
72800.000000 8.235756 9.208888
72810.000000 8.234647 9.208912
72820.000000 8.233799 9.206542
72830.000000 8.233220 9.205321
72840.000000 8.232216 9.204331
72850.000000 8.231191 9.204450
72860.000000 8.230594 9.203209
72870.000000 8.229483 9.203229
72880.000000 8.228691 9.201347
72890.000000 8.227666 9.200617
72900.000000 8.226780 9.199758
72910.000000 8.225989 9.199148
72920.000000 8.225481 9.198713
72930.000000 8.224865 9.197452
72940.000000 8.224725 9.197287
72950.000000 8.224464 9.197269
72960.000000 8.223346 9.197279
72970.000000 8.222823 9.195277
72980.000000 8.222410 9.194807
72990.000000 8.221490 9.194192
73000.000000 8.220582 9.193873
73010.000000 8.219522 9.192821
73020.000000 8.218398 9.192822
73030.000000 8.217417 9.191154
73040.000000 8.216295 9.191156
73050.000000 8.216039 9.189595
73060.000000 8.214954 9.189639
73070.000000 8.214081 9.187951
73080.000000 8.213594 9.187117
73090.000000 8.212837 9.186824
73100.000000 8.211741 9.186855
73110.000000 8.211148 9.185340
73120.000000 8.210260 9.183916
73130.000000 8.209644 9.182375
73140.000000 8.208595 9.182458
73150.000000 8.207633 9.180391
73160.000000 8.207313 9.180024
73170.000000 8.207353 9.180201
73180.000000 8.207362 9.180483
73190.000000 8.206840 9.179891
73200.000000 8.207504 9.180064
73210.000000 8.208631 9.181176
73220.000000 8.208893 9.181741
73230.000000 8.208736 9.181838
73240.000000 8.208221 9.180973
73250.000000 8.207698 9.180520
73260.000000 8.207140 9.180027
73270.000000 8.206359 9.179425
73280.000000 8.205250 9.179438
73290.000000 8.204584 9.176864
73300.000000 8.203646 9.176366
73310.000000 8.202584 9.176430
73320.000000 8.202374 9.175066
73330.000000 8.202542 9.174546
73340.000000 8.202631 9.174637
73350.000000 8.202505 9.174348
73360.000000 8.202042 9.174102
73370.000000 8.200933 9.174111
73380.000000 8.200236 9.171925
73390.000000 8.199572 9.171174
73400.000000 8.198799 9.170441
73410.000000 8.197704 9.170465
73420.000000 8.196798 9.168326
73430.000000 8.196447 9.167506
73440.000000 8.196156 9.167033
73450.000000 8.195327 9.166236
73460.000000 8.194618 9.165156
73470.000000 8.194693 9.165511
73480.000000 8.194246 9.165143
73490.000000 8.193136 9.164730
73500.000000 8.192030 9.164740
73510.000000 8.191358 9.161887
73520.000000 8.191649 9.162205
73530.000000 8.192294 9.163057
73540.000000 8.192892 9.163160
73550.000000 8.193396 9.163159
73560.000000 8.193967 9.163231
73570.000000 8.194909 9.164416
73580.000000 8.195759 9.165359
73590.000000 8.196199 9.165704
73600.000000 8.196549 9.166227
73610.000000 8.195924 9.165519
73620.000000 8.195163 9.164382
73630.000000 8.194167 9.163817
73640.000000 8.193398 9.162532
73650.000000 8.193103 9.162054
73660.000000 8.193551 9.162686
73670.000000 8.194239 9.163169
73680.000000 8.195324 9.164374
73690.000000 8.195752 9.164845
73700.000000 8.195629 9.165256
73710.000000 8.194612 9.165362
73720.000000 8.193574 9.164193
73730.000000 8.193086 9.162805
73740.000000 8.192996 9.162418
73750.000000 8.193586 9.161958
73760.000000 8.195331 9.163763
73770.000000 8.196377 9.165480
73780.000000 8.196499 9.165748
73790.000000 8.197083 9.166670
73800.000000 8.197257 9.167274
73810.000000 8.197393 9.167278
73820.000000 8.197322 9.167331
73830.000000 8.196440 9.166475
73840.000000 8.195823 9.165915
73850.000000 8.195144 9.164454
73860.000000 8.194214 9.163406
73870.000000 8.193564 9.162394
73880.000000 8.192470 9.162410
73890.000000 8.192509 9.160921
73900.000000 8.192331 9.160991
73910.000000 8.192236 9.160599
73920.000000 8.191499 9.160738
73930.000000 8.190395 9.160742
73940.000000 8.189626 9.158905
73950.000000 8.188689 9.158126
73960.000000 8.187583 9.158126
73970.000000 8.186704 9.156165
73980.000000 8.185613 9.156183
73990.000000 8.184909 9.154418
74000.000000 8.184333 9.153213
74010.000000 8.183685 9.152618
74020.000000 8.183369 9.151703
74030.000000 8.182494 9.150303
74040.000000 8.181728 9.148886
74050.000000 8.180964 9.148024
74060.000000 8.180608 9.147479
74070.000000 8.180097 9.147038
74080.000000 8.179687 9.146433
74090.000000 8.179149 9.145961
74100.000000 8.178602 9.145619
74110.000000 8.177925 9.144991
74120.000000 8.177427 9.143875
74130.000000 8.176897 9.142998
74140.000000 8.176737 9.142123
74150.000000 8.176542 9.141345
74160.000000 8.176239 9.140999
74170.000000 8.175331 9.140252
74180.000000 8.174548 9.139507
74190.000000 8.173546 9.138241
74200.000000 8.172526 9.137368
74210.000000 8.171582 9.136718
74220.000000 8.170502 9.136741
74230.000000 8.170068 9.135009
74240.000000 8.169045 9.134270
74250.000000 8.167950 9.134277
74260.000000 8.167028 9.132963
74270.000000 8.166032 9.131841
74280.000000 8.164947 9.131582
74290.000000 8.163984 9.130634
74300.000000 8.163361 9.129517
74310.000000 8.162358 9.129624
74320.000000 8.161991 9.127145
74330.000000 8.161088 9.126402
74340.000000 8.160049 9.126056
74350.000000 8.159279 9.124775
74360.000000 8.158493 9.123750
74370.000000 8.157558 9.123108
74380.000000 8.156570 9.122133
74390.000000 8.156369 9.121626
74400.000000 8.155638 9.121211
74410.000000 8.154845 9.119905
74420.000000 8.153898 9.118839
74430.000000 8.152962 9.118058
74440.000000 8.151883 9.118075
74450.000000 8.151549 9.116872
74460.000000 8.151131 9.117218
74470.000000 8.150053 9.117236
74480.000000 8.149751 9.115384
74490.000000 8.148817 9.114879
74500.000000 8.147751 9.114499
74510.000000 8.147191 9.113592
74520.000000 8.147453 9.113602
74530.000000 8.147283 9.113404
74540.000000 8.147057 9.112870
74550.000000 8.146894 9.112816
74560.000000 8.146218 9.112051
74570.000000 8.145248 9.111368
74580.000000 8.144170 9.110701
74590.000000 8.143181 9.109860
74600.000000 8.142216 9.108772
74610.000000 8.141137 9.108785
74620.000000 8.140431 9.107305
74630.000000 8.139564 9.106053
74640.000000 8.138484 9.106064
74650.000000 8.137973 9.105075
74660.000000 8.136900 9.105094
74670.000000 8.136153 9.102886
74680.000000 8.135273 9.102574
74690.000000 8.134516 9.101446
74700.000000 8.134259 9.101285
74710.000000 8.133562 9.100089
74720.000000 8.133292 9.099369
74730.000000 8.134059 9.100219
74740.000000 8.134703 9.100522
74750.000000 8.135236 9.100566
74760.000000 8.136105 9.101938
74770.000000 8.136336 9.101780
74780.000000 8.136636 9.102243
74790.000000 8.136471 9.101914
74800.000000 8.136633 9.101815
74810.000000 8.136136 9.101658
74820.000000 8.135823 9.101572
74830.000000 8.135096 9.100887
74840.000000 8.134115 9.100053
74850.000000 8.133037 9.100063
74860.000000 8.132218 9.097643
74870.000000 8.131254 9.096012
74880.000000 8.130175 9.096019
74890.000000 8.129796 9.093685
74900.000000 8.129609 9.093468
74910.000000 8.129604 9.093183
74920.000000 8.129226 9.092345
74930.000000 8.129153 9.091848
74940.000000 8.129138 9.092637
74950.000000 8.128447 9.091856
74960.000000 8.127397 9.091894
74970.000000 8.126761 9.089954
74980.000000 8.126032 9.088995
74990.000000 8.125242 9.087968
75000.000000 8.124371 9.087257
75010.000000 8.123484 9.086121
75020.000000 8.122697 9.085098
75030.000000 8.122509 9.085014
75040.000000 8.122128 9.084986
75050.000000 8.122467 9.084952
75060.000000 8.122905 9.085434
75070.000000 8.123176 9.085728
75080.000000 8.123591 9.085643
75090.000000 8.124237 9.086222
75100.000000 8.124397 9.086258
75110.000000 8.124023 9.086238
75120.000000 8.123068 9.085973
75130.000000 8.121989 9.085975
75140.000000 8.121332 9.084150
75150.000000 8.120566 9.083285
75160.000000 8.119646 9.082113
75170.000000 8.119716 9.082048
75180.000000 8.120042 9.082270
75190.000000 8.120894 9.082810
75200.000000 8.121602 9.083458
75210.000000 8.121919 9.085021
75220.000000 8.121527 9.084845
75230.000000 8.120565 9.084435
75240.000000 8.119487 9.084436
75250.000000 8.120211 9.083618
75260.000000 8.120641 9.083821
75270.000000 8.120672 9.084117
75280.000000 8.119929 9.083142
75290.000000 8.119082 9.082322
75300.000000 8.118166 9.081693
75310.000000 8.117220 9.081167
75320.000000 8.116414 9.080527
75330.000000 8.115339 9.080529
75340.000000 8.114677 9.079376
75350.000000 8.113804 9.078255
75360.000000 8.112770 9.078304
75370.000000 8.112043 9.076538
75380.000000 8.111494 9.076185
75390.000000 8.110437 9.075398
75400.000000 8.109393 9.075433
75410.000000 8.108769 9.073649
75420.000000 8.107702 9.073658
75430.000000 8.108511 9.071997
75440.000000 8.109101 9.072649
75450.000000 8.109516 9.073240
75460.000000 8.109676 9.073680
75470.000000 8.109593 9.073174
75480.000000 8.109980 9.072926
75490.000000 8.110359 9.073208
75500.000000 8.110883 9.074458
75510.000000 8.110635 9.074173
75520.000000 8.110732 9.074004
75530.000000 8.111224 9.074680
75540.000000 8.111909 9.075572
75550.000000 8.112323 9.076566
75560.000000 8.112294 9.076659
75570.000000 8.112713 9.076716
75580.000000 8.113443 9.078063
75590.000000 8.113520 9.078274
75600.000000 8.113511 9.077852
75610.000000 8.112902 9.077969
75620.000000 8.111900 9.076973
75630.000000 8.110830 9.076977
75640.000000 8.110083 9.075192
75650.000000 8.109244 9.074111
75660.000000 8.108318 9.072931
75670.000000 8.107912 9.072335
75680.000000 8.107482 9.072381
75690.000000 8.106807 9.071752
75700.000000 8.106467 9.071631
75710.000000 8.105579 9.070897
75720.000000 8.104514 9.070903
75730.000000 8.104075 9.069196
75740.000000 8.103344 9.068772
75750.000000 8.103021 9.067732
75760.000000 8.102400 9.067296
75770.000000 8.101575 9.066499
75780.000000 8.101360 9.065312
75790.000000 8.102111 9.066144
75800.000000 8.102726 9.067091
75810.000000 8.102932 9.067849
75820.000000 8.103317 9.067736
75830.000000 8.103781 9.067979
75840.000000 8.104309 9.068963
75850.000000 8.104239 9.068072
75860.000000 8.104894 9.069065
75870.000000 8.105213 9.069548
75880.000000 8.105287 9.069621
75890.000000 8.104850 9.068857
75900.000000 8.104571 9.068269
75910.000000 8.103896 9.066436
75920.000000 8.103295 9.066557
75930.000000 8.102235 9.066565
75940.000000 8.101323 9.065402
75950.000000 8.100388 9.064347
75960.000000 8.099517 9.063231
75970.000000 8.099800 9.062472
75980.000000 8.099954 9.062636
75990.000000 8.100036 9.063252
76000.000000 8.099962 9.063028
76010.000000 8.100212 9.063967
76020.000000 8.099760 9.063852
76030.000000 8.099605 9.063403
76040.000000 8.099330 9.063221
76050.000000 8.098810 9.062230
76060.000000 8.098600 9.062521
76070.000000 8.098237 9.061840
76080.000000 8.097662 9.061054
76090.000000 8.097208 9.060272
76100.000000 8.096217 9.060353
76110.000000 8.095303 9.059322
76120.000000 8.094586 9.058377
76130.000000 8.093636 9.057572
76140.000000 8.092645 9.057120
76150.000000 8.091591 9.057130
76160.000000 8.091727 9.055676
76170.000000 8.091468 9.055112
76180.000000 8.091625 9.055146
76190.000000 8.091816 9.055750
76200.000000 8.091959 9.055237
76210.000000 8.092592 9.055538
76220.000000 8.093224 9.056236
76230.000000 8.093936 9.057157
76240.000000 8.095061 9.058142
76250.000000 8.096453 9.060090
76260.000000 8.097932 9.061337
76270.000000 8.099256 9.063077
76280.000000 8.100377 9.064456
76290.000000 8.100252 9.064706
76300.000000 8.099891 9.064293
76310.000000 8.098849 9.064316
76320.000000 8.098707 9.062553
76330.000000 8.098108 9.061344
76340.000000 8.097478 9.060896
76350.000000 8.096977 9.060327
76360.000000 8.096126 9.059233
76370.000000 8.095164 9.058812
76380.000000 8.094586 9.057626
76390.000000 8.094123 9.056303
76400.000000 8.093494 9.055194
76410.000000 8.092760 9.054497
76420.000000 8.092123 9.053511
76430.000000 8.092559 9.052930
76440.000000 8.093533 9.053746
76450.000000 8.093854 9.054362
76460.000000 8.093011 9.053279
76470.000000 8.091959 9.053286
76480.000000 8.092052 9.051529
76490.000000 8.091688 9.050716
76500.000000 8.091708 9.050731
76510.000000 8.091652 9.050924
76520.000000 8.091566 9.050953
76530.000000 8.091421 9.050253
76540.000000 8.091592 9.050437
76550.000000 8.091524 9.050220
76560.000000 8.091545 9.050898
76570.000000 8.090621 9.051046
76580.000000 8.090066 9.049360
76590.000000 8.089454 9.048668
76600.000000 8.088475 9.047828
76610.000000 8.087431 9.047841
76620.000000 8.087417 9.046365
76630.000000 8.087219 9.045871
76640.000000 8.086455 9.045273
76650.000000 8.085968 9.044060
76660.000000 8.085544 9.043314
76670.000000 8.084711 9.041979
76680.000000 8.084233 9.041041
76690.000000 8.083841 9.040859
76700.000000 8.083425 9.040913
76710.000000 8.082569 9.040080
76720.000000 8.081801 9.038817
76730.000000 8.081064 9.038249
76740.000000 8.080194 9.037268
76750.000000 8.079146 9.037274
76760.000000 8.078805 9.035831
76770.000000 8.078782 9.035271
76780.000000 8.078835 9.035191
76790.000000 8.078793 9.035005
76800.000000 8.078806 9.035011
76810.000000 8.078972 9.035189
76820.000000 8.079162 9.035132
76830.000000 8.078886 9.034946
76840.000000 8.078550 9.034168
76850.000000 8.077758 9.033801
76860.000000 8.076925 9.032993
76870.000000 8.076021 9.032237
76880.000000 8.075113 9.030820
76890.000000 8.074070 9.030828
76900.000000 8.073983 9.030066
76910.000000 8.074384 9.030113
76920.000000 8.074693 9.030320
76930.000000 8.074635 9.029591
76940.000000 8.074880 9.029989
76950.000000 8.075255 9.030269
76960.000000 8.075554 9.030595
76970.000000 8.075817 9.030620
76980.000000 8.076203 9.030913
76990.000000 8.075749 9.030660
77000.000000 8.074928 9.030259
77010.000000 8.074154 9.029255
77020.000000 8.073866 9.028270
77030.000000 8.073434 9.027518
77040.000000 8.073083 9.026986
77050.000000 8.072176 9.026488
77060.000000 8.071132 9.026492
77070.000000 8.070654 9.023986
77080.000000 8.069740 9.023611
77090.000000 8.068940 9.022447
77100.000000 8.068793 9.022537
77110.000000 8.068282 9.022351
77120.000000 8.068094 9.022002
77130.000000 8.067914 9.022055
77140.000000 8.067822 9.021945
77150.000000 8.067159 9.021850
77160.000000 8.066141 9.021881
77170.000000 8.065519 9.020393
77180.000000 8.064734 9.018985
77190.000000 8.063879 9.017498
77200.000000 8.063583 9.017289
77210.000000 8.063109 9.016882
77220.000000 8.062289 9.015175
77230.000000 8.061989 9.014310
77240.000000 8.062349 9.014053
77250.000000 8.062646 9.014508
77260.000000 8.062964 9.014856
77270.000000 8.063374 9.015047
77280.000000 8.063707 9.015151
77290.000000 8.064259 9.015370
77300.000000 8.063947 9.015926
77310.000000 8.062912 9.015935
77320.000000 8.062061 9.014585
77330.000000 8.062141 9.013755
77340.000000 8.062243 9.014122
77350.000000 8.062184 9.014049
77360.000000 8.061183 9.014095
77370.000000 8.061048 9.012504
77380.000000 8.061191 9.012787
77390.000000 8.060778 9.012447
77400.000000 8.060169 9.011499
77410.000000 8.059374 9.010604
77420.000000 8.058418 9.010698
77430.000000 8.057983 9.008644
77440.000000 8.057606 9.008214
77450.000000 8.057267 9.007829
77460.000000 8.057329 9.007761
77470.000000 8.057308 9.008120
77480.000000 8.056860 9.007742
77490.000000 8.056620 9.006817
77500.000000 8.056317 9.006470
77510.000000 8.056765 9.006444
77520.000000 8.056774 9.006708
77530.000000 8.057356 9.006572
77540.000000 8.058393 9.008633
77550.000000 8.058845 9.008871
77560.000000 8.059230 9.009945
77570.000000 8.059639 9.010653
77580.000000 8.059397 9.010506
77590.000000 8.059082 9.010146
77600.000000 8.058181 9.009652
77610.000000 8.057475 9.008206
77620.000000 8.056618 9.007240
77630.000000 8.055591 9.007252
77640.000000 8.054960 9.005502
77650.000000 8.053959 9.005543
77660.000000 8.053191 9.003769
77670.000000 8.052230 9.002687
77680.000000 8.051719 9.001850
77690.000000 8.051654 9.001900
77700.000000 8.051814 9.002460
77710.000000 8.052071 9.002481
77720.000000 8.052505 9.003217
77730.000000 8.052698 9.004074
77740.000000 8.052373 9.003574
77750.000000 8.052229 9.003535
77760.000000 8.052064 9.002955
77770.000000 8.051763 9.002611
77780.000000 8.051176 9.002723
77790.000000 8.050388 9.001965
77800.000000 8.049533 9.001390
77810.000000 8.048521 9.001415
77820.000000 8.047750 8.999510
77830.000000 8.046814 8.998973
77840.000000 8.046088 8.997636
77850.000000 8.045657 8.996630
77860.000000 8.044630 8.996638
77870.000000 8.045007 8.995372
77880.000000 8.044749 8.995335
77890.000000 8.044435 8.994847
77900.000000 8.044496 8.993875
77910.000000 8.044903 8.993936
77920.000000 8.045913 8.994671
77930.000000 8.047643 8.996598
77940.000000 8.048725 8.998059
77950.000000 8.050080 8.999179
77960.000000 8.051851 9.001022
77970.000000 8.053660 9.003166
77980.000000 8.055628 9.005876
77990.000000 8.057364 9.007939
78000.000000 8.057895 9.009042
78010.000000 8.058307 9.009366
78020.000000 8.058252 9.009943
78030.000000 8.058126 9.009795
78040.000000 8.057815 9.009311
78050.000000 8.057515 9.008324
78060.000000 8.057245 9.007498
78070.000000 8.057325 9.007967
78080.000000 8.056873 9.007197
78090.000000 8.056840 9.007023
78100.000000 8.056643 9.007313
78110.000000 8.055657 9.007363
78120.000000 8.055705 9.006249
78130.000000 8.055443 9.005821
78140.000000 8.054891 9.004939
78150.000000 8.055072 9.005262
78160.000000 8.055313 9.005009
78170.000000 8.056167 9.005700
78180.000000 8.056892 9.006374
78190.000000 8.057487 9.007033
78200.000000 8.057997 9.008111
78210.000000 8.058140 9.008006
78220.000000 8.058355 9.008110
78230.000000 8.058186 9.008043
78240.000000 8.057928 9.007362
78250.000000 8.057472 9.006716
78260.000000 8.056832 9.005995
78270.000000 8.056207 9.005032
78280.000000 8.055229 9.005089
78290.000000 8.054426 9.002770
78300.000000 8.053751 9.001752
78310.000000 8.053517 9.001483
78320.000000 8.052775 9.000776
78330.000000 8.051938 8.999961
78340.000000 8.051101 8.999405
78350.000000 8.050406 8.997722
78360.000000 8.050223 8.997382
78370.000000 8.050600 8.997541
78380.000000 8.050805 8.997634
78390.000000 8.051780 8.998846
78400.000000 8.052554 8.999833
78410.000000 8.053014 9.000340
78420.000000 8.053243 9.001102
78430.000000 8.053234 9.000700
78440.000000 8.053328 9.001183
78450.000000 8.053820 9.001470
78460.000000 8.053922 9.001577
78470.000000 8.054183 9.001477
78480.000000 8.054751 9.002105
78490.000000 8.055375 9.002412
78500.000000 8.055837 9.002794
78510.000000 8.056157 9.003400
78520.000000 8.055612 9.003425
78530.000000 8.054682 9.002892
78540.000000 8.053759 9.001854
78550.000000 8.052743 9.001864
78560.000000 8.052069 9.000591
78570.000000 8.051054 9.000602
78580.000000 8.050265 8.998817
78590.000000 8.049360 8.998183
78600.000000 8.048337 8.998183
78610.000000 8.047581 8.996051
78620.000000 8.046562 8.996057
78630.000000 8.045885 8.994398
78640.000000 8.044916 8.994458
78650.000000 8.044279 8.992717
78660.000000 8.043280 8.992742
78670.000000 8.042727 8.990201
78680.000000 8.042176 8.989578
78690.000000 8.041383 8.988046
78700.000000 8.041116 8.988252
78710.000000 8.040262 8.988056
78720.000000 8.039295 8.988117
78730.000000 8.038558 8.986393
78740.000000 8.037688 8.985158
78750.000000 8.036829 8.984318
78760.000000 8.036241 8.983399
78770.000000 8.035398 8.982195
78780.000000 8.034763 8.981096
78790.000000 8.033759 8.981114
78800.000000 8.033011 8.979250
78810.000000 8.032135 8.977628
78820.000000 8.032296 8.977165
78830.000000 8.032142 8.977368
78840.000000 8.031711 8.977006
78850.000000 8.031252 8.976105
78860.000000 8.030802 8.975977
78870.000000 8.030504 8.975764
78880.000000 8.029931 8.974736
78890.000000 8.029821 8.975115
78900.000000 8.029733 8.975010
78910.000000 8.028994 8.973541
78920.000000 8.028336 8.972672
78930.000000 8.027675 8.972181
78940.000000 8.026694 8.971331
78950.000000 8.026034 8.970588
78960.000000 8.025681 8.969933
78970.000000 8.025475 8.969695
78980.000000 8.024936 8.968959
78990.000000 8.024647 8.968376
79000.000000 8.023722 8.966828
79010.000000 8.022924 8.965929
79020.000000 8.021933 8.965957
79030.000000 8.021162 8.964328
79040.000000 8.020627 8.963596
79050.000000 8.020428 8.963621
79060.000000 8.020370 8.963423
79070.000000 8.020304 8.963342
79080.000000 8.019992 8.962607
79090.000000 8.019524 8.962204
79100.000000 8.018924 8.961907
79110.000000 8.017975 8.961219
79120.000000 8.017135 8.960527
79130.000000 8.016334 8.959625
79140.000000 8.015481 8.958792
79150.000000 8.014713 8.957673
79160.000000 8.013771 8.956993
79170.000000 8.012763 8.956998
79180.000000 8.012657 8.955483
79190.000000 8.012365 8.954896
79200.000000 8.011542 8.954096
79210.000000 8.010834 8.953045
79220.000000 8.009863 8.953090
79230.000000 8.009543 8.951337
79240.000000 8.009027 8.950123
79250.000000 8.008313 8.949444
79260.000000 8.008320 8.948815
79270.000000 8.008031 8.948864
79280.000000 8.007446 8.948456
79290.000000 8.007307 8.948168
79300.000000 8.007638 8.947649
79310.000000 8.007893 8.947928
79320.000000 8.008177 8.947987
79330.000000 8.008489 8.948707
79340.000000 8.008923 8.949059
79350.000000 8.009693 8.949535
79360.000000 8.010191 8.950211
79370.000000 8.010603 8.950539
79380.000000 8.010564 8.950616
79390.000000 8.010412 8.949809
79400.000000 8.010622 8.950164
79410.000000 8.010404 8.950166
79420.000000 8.010062 8.949777
79430.000000 8.009065 8.949790
79440.000000 8.009006 8.947830
79450.000000 8.008129 8.947976
79460.000000 8.007481 8.946114
79470.000000 8.006614 8.945264
79480.000000 8.005938 8.944252
79490.000000 8.004968 8.943664
79500.000000 8.004074 8.943791
79510.000000 8.003163 8.942767
79520.000000 8.002672 8.942338
79530.000000 8.002046 8.942008
79540.000000 8.001500 8.941391
79550.000000 8.000850 8.940659
79560.000000 7.999912 8.939981
79570.000000 7.998999 8.939205
79580.000000 7.998048 8.939265
79590.000000 7.997316 8.938190
79600.000000 7.996325 8.938205
79610.000000 7.995919 8.935988
79620.000000 7.995806 8.935605
79630.000000 7.995413 8.935785
79640.000000 7.994410 8.935786
79650.000000 7.993703 8.934112
79660.000000 7.993049 8.933250
79670.000000 7.992402 8.932144
79680.000000 7.992118 8.931946
79690.000000 7.991513 8.931513
79700.000000 7.990799 8.930333
79710.000000 7.989800 8.930337
79720.000000 7.989399 8.928254
79730.000000 7.988420 8.928281
79740.000000 7.987505 8.927126
79750.000000 7.986685 8.926077
79760.000000 7.985852 8.924265
79770.000000 7.984859 8.924273
79780.000000 7.984670 8.923181
79790.000000 7.984706 8.922964
79800.000000 7.985157 8.923463
79810.000000 7.986101 8.924636
79820.000000 7.987208 8.925367
79830.000000 7.988627 8.926446
79840.000000 7.990130 8.928494
79850.000000 7.991535 8.930183
79860.000000 7.992642 8.931538
79870.000000 7.993334 8.932305
79880.000000 7.994512 8.933615
79890.000000 7.995387 8.934087
79900.000000 7.996059 8.935081
79910.000000 7.997247 8.936277
79920.000000 7.998614 8.937924
79930.000000 7.999847 8.938920
79940.000000 8.001266 8.940749
79950.000000 8.002221 8.941935
79960.000000 8.002382 8.942984
79970.000000 8.001646 8.942904
79980.000000 8.000718 8.941986
79990.000000 8.000033 8.941588
80000.000000 7.999034 8.941590
80010.000000 7.998410 8.940135
80020.000000 7.997648 8.939776
80030.000000 7.996878 8.938909
80040.000000 7.996074 8.937505
80050.000000 7.995247 8.937073
80060.000000 7.994682 8.935810
80070.000000 7.993695 8.935823
80080.000000 7.992882 8.934409
80090.000000 7.992379 8.933216
80100.000000 7.992121 8.932672
80110.000000 7.991903 8.932796
80120.000000 7.991054 8.932338
80130.000000 7.990140 8.931684
80140.000000 7.989597 8.931070
80150.000000 7.988932 8.930694
80160.000000 7.988602 8.930069
80170.000000 7.988418 8.929483
80180.000000 7.987847 8.929212
80190.000000 7.987115 8.928262
80200.000000 7.986464 8.927155
80210.000000 7.986136 8.927278
80220.000000 7.985156 8.927296
80230.000000 7.984495 8.926053
80240.000000 7.983554 8.926113
80250.000000 7.983091 8.924967
80260.000000 7.982126 8.925000
80270.000000 7.981444 8.923236
80280.000000 7.980720 8.922295
80290.000000 7.980112 8.921982
80300.000000 7.979131 8.921126
80310.000000 7.978311 8.920824
80320.000000 7.977325 8.920831
80330.000000 7.976833 8.919033
80340.000000 7.976059 8.918160
80350.000000 7.975181 8.916924
80360.000000 7.974204 8.916940
80370.000000 7.973790 8.914982
80380.000000 7.972820 8.915007
80390.000000 7.972490 8.913391
80400.000000 7.971800 8.912737
80410.000000 7.971029 8.911620
80420.000000 7.971015 8.910978
80430.000000 7.971098 8.910941
80440.000000 7.971470 8.911720
80450.000000 7.971420 8.912153
80460.000000 7.970865 8.911402
80470.000000 7.970333 8.911172
80480.000000 7.969446 8.910173
80490.000000 7.968821 8.909468
80500.000000 7.968094 8.908524
80510.000000 7.967399 8.907741
80520.000000 7.967502 8.907353
80530.000000 7.968234 8.908166
80540.000000 7.969676 8.909276
80550.000000 7.971405 8.911697
80560.000000 7.972648 8.913079
80570.000000 7.974471 8.914863
80580.000000 7.976141 8.916723
80590.000000 7.978066 8.918869
80600.000000 7.979357 8.920676
80610.000000 7.980475 8.921796
80620.000000 7.981648 8.922852
80630.000000 7.982659 8.923977
80640.000000 7.983723 8.924788
80650.000000 7.984753 8.925932
80660.000000 7.985571 8.926964
80670.000000 7.986017 8.927951
80680.000000 7.986428 8.927785
80690.000000 7.986293 8.927751
80700.000000 7.986393 8.927732
80710.000000 7.986777 8.928155
80720.000000 7.986955 8.928841
80730.000000 7.987055 8.929070
80740.000000 7.986646 8.928607
80750.000000 7.985967 8.927841
80760.000000 7.984982 8.927845
80770.000000 7.984448 8.926128
80780.000000 7.983784 8.925874
80790.000000 7.983044 8.925410
80800.000000 7.982143 8.924642
80810.000000 7.981158 8.924646
80820.000000 7.980562 8.923479
80830.000000 7.979595 8.923501
80840.000000 7.979136 8.921499
80850.000000 7.979130 8.921239
80860.000000 7.979160 8.920772
80870.000000 7.978389 8.920520
80880.000000 7.977851 8.919789
80890.000000 7.977422 8.919055
80900.000000 7.977554 8.918949
80910.000000 7.977825 8.919492
80920.000000 7.978263 8.920222
80930.000000 7.978832 8.920358
80940.000000 7.979614 8.921595
80950.000000 7.980235 8.922529
80960.000000 7.981073 8.923336
80970.000000 7.981704 8.923665
80980.000000 7.982509 8.924928
80990.000000 7.983234 8.925978
81000.000000 7.984273 8.926270
81010.000000 7.985743 8.927290
81020.000000 7.987633 8.929520
81030.000000 7.988869 8.931141
81040.000000 7.989842 8.932469
81050.000000 7.989527 8.932110
81060.000000 7.989605 8.931698
81070.000000 7.990063 8.932819
81080.000000 7.990252 8.933023
81090.000000 7.989892 8.933229
81100.000000 7.989034 8.932386
81110.000000 7.988087 8.932429
81120.000000 7.987601 8.931017
81130.000000 7.987446 8.930960
81140.000000 7.987414 8.931163
81150.000000 7.987047 8.931238
81160.000000 7.986186 8.930883
81170.000000 7.985333 8.929922
81180.000000 7.984585 8.928586
81190.000000 7.984045 8.927361
81200.000000 7.983339 8.926565
81210.000000 7.982377 8.926588
81220.000000 7.981549 8.925287
81230.000000 7.980580 8.925302
81240.000000 7.980132 8.924179
81250.000000 7.979238 8.923172
81260.000000 7.978751 8.922375
81270.000000 7.978507 8.922095
81280.000000 7.977702 8.921311
81290.000000 7.976738 8.921330
81300.000000 7.975873 8.920233
81310.000000 7.975359 8.919160
81320.000000 7.975201 8.919221
81330.000000 7.974573 8.919002
81340.000000 7.974023 8.918502
81350.000000 7.973990 8.918704
81360.000000 7.973262 8.917147
81370.000000 7.972533 8.916325
81380.000000 7.972161 8.915901
81390.000000 7.971927 8.916000
81400.000000 7.971220 8.915692
81410.000000 7.970380 8.914623
81420.000000 7.969897 8.914565
81430.000000 7.969024 8.913703
81440.000000 7.968451 8.913178
81450.000000 7.968486 8.912842
81460.000000 7.968689 8.912940
81470.000000 7.968944 8.913340
81480.000000 7.970113 8.914274
81490.000000 7.971673 8.916256
81500.000000 7.972550 8.917718
81510.000000 7.972747 8.918421
81520.000000 7.972795 8.918468
81530.000000 7.972674 8.919181
81540.000000 7.972301 8.918634
81550.000000 7.971333 8.918645
81560.000000 7.972531 8.918021
81570.000000 7.972725 8.918352
81580.000000 7.972791 8.918664
81590.000000 7.972776 8.918395
81600.000000 7.973274 8.918699
81610.000000 7.973765 8.918997
81620.000000 7.974617 8.920432
81630.000000 7.975177 8.921051
81640.000000 7.975994 8.921714
81650.000000 7.976553 8.922820
81660.000000 7.977332 8.923684
81670.000000 7.977519 8.924130
81680.000000 7.976897 8.924038
81690.000000 7.976142 8.923553
81700.000000 7.975266 8.923054
81710.000000 7.974469 8.921910
81720.000000 7.974056 8.921318
81730.000000 7.973583 8.921392
81740.000000 7.972726 8.920670
81750.000000 7.972116 8.919614
81760.000000 7.971896 8.918993
81770.000000 7.971613 8.918547
81780.000000 7.971019 8.917875
81790.000000 7.970120 8.916862
81800.000000 7.969376 8.916144
81810.000000 7.968587 8.915132
81820.000000 7.967945 8.914041
81830.000000 7.967056 8.914135
81840.000000 7.966486 8.912393
81850.000000 7.965635 8.911069
81860.000000 7.965120 8.910850
81870.000000 7.964465 8.910110
81880.000000 7.963550 8.910175
81890.000000 7.963451 8.908108
81900.000000 7.963231 8.908342
81910.000000 7.962442 8.907573
81920.000000 7.961906 8.906602
81930.000000 7.961509 8.905786
81940.000000 7.960753 8.905784
81950.000000 7.959792 8.905795
81960.000000 7.958979 8.904148
81970.000000 7.958152 8.903337
81980.000000 7.957276 8.901864
81990.000000 7.956407 8.901492
82000.000000 7.955569 8.900546
82010.000000 7.954846 8.899487
82020.000000 7.953971 8.899593
82030.000000 7.953188 8.897981
82040.000000 7.952580 8.897052
82050.000000 7.952130 8.896904
82060.000000 7.951303 8.896820
82070.000000 7.950346 8.896834
82080.000000 7.949660 8.894846
82090.000000 7.948925 8.893652
82100.000000 7.947969 8.893666
82110.000000 7.948110 8.892968
82120.000000 7.947540 8.892322
82130.000000 7.946856 8.891670
82140.000000 7.946063 8.891018
82150.000000 7.945209 8.889570
82160.000000 7.944665 8.889075
82170.000000 7.943700 8.889077
82180.000000 7.943046 8.887248
82190.000000 7.942164 8.886375
82200.000000 7.941206 8.886384
82210.000000 7.940949 8.884517
82220.000000 7.940245 8.883842
82230.000000 7.939972 8.883409
82240.000000 7.940207 8.883180
82250.000000 7.940422 8.882930
82260.000000 7.940937 8.883378
82270.000000 7.941156 8.883978
82280.000000 7.941245 8.883709
82290.000000 7.941175 8.883744
82300.000000 7.940583 8.883557
82310.000000 7.939852 8.883336
82320.000000 7.938928 8.883381
82330.000000 7.938792 8.882617
82340.000000 7.938444 8.882100
82350.000000 7.937790 8.880757
82360.000000 7.937225 8.880479
82370.000000 7.936850 8.879449
82380.000000 7.936884 8.879842
82390.000000 7.936784 8.879722
82400.000000 7.936164 8.879022
82410.000000 7.935511 8.878645
82420.000000 7.934567 8.878666
82430.000000 7.935058 8.877521
82440.000000 7.935467 8.877970
82450.000000 7.935285 8.878362
82460.000000 7.934497 8.877473
82470.000000 7.933885 8.876540
82480.000000 7.933248 8.875700
82490.000000 7.933193 8.875509
82500.000000 7.932514 8.874623
82510.000000 7.931920 8.873830
82520.000000 7.931273 8.873700
82530.000000 7.930345 8.873737
82540.000000 7.929553 8.872363
82550.000000 7.928596 8.872366
82560.000000 7.928465 8.870889
82570.000000 7.927571 8.870964
82580.000000 7.927994 8.870107
82590.000000 7.928286 8.870306
82600.000000 7.928667 8.870846
82610.000000 7.929133 8.871119
82620.000000 7.929065 8.871396
82630.000000 7.928487 8.870862
82640.000000 7.928068 8.870025
82650.000000 7.927482 8.869242
82660.000000 7.927229 8.868591
82670.000000 7.926593 8.868472
82680.000000 7.925734 8.867744
82690.000000 7.924907 8.866692
82700.000000 7.924722 8.866357
82710.000000 7.924686 8.866309
82720.000000 7.924727 8.866588
82730.000000 7.924423 8.865761
82740.000000 7.924283 8.865476
82750.000000 7.923982 8.865611
82760.000000 7.924378 8.865448
82770.000000 7.925019 8.866517
82780.000000 7.924820 8.866887
82790.000000 7.924680 8.866722
82800.000000 7.924290 8.865919
82810.000000 7.923696 8.865606
82820.000000 7.922912 8.865320
82830.000000 7.921957 8.865322
82840.000000 7.921263 8.864179
82850.000000 7.920346 8.863504
82860.000000 7.919588 8.862289
82870.000000 7.919322 8.861506
82880.000000 7.920043 8.861586
82890.000000 7.920623 8.862707
82900.000000 7.920522 8.862586
82910.000000 7.920023 8.861781
82920.000000 7.919876 8.861370
82930.000000 7.919658 8.861597
82940.000000 7.919586 8.861748
82950.000000 7.918871 8.860940
82960.000000 7.918252 8.859403
82970.000000 7.917885 8.858985
82980.000000 7.916987 8.859048
82990.000000 7.916429 8.857939
83000.000000 7.915478 8.857941
83010.000000 7.915158 8.855785
83020.000000 7.914446 8.855100
83030.000000 7.913500 8.855109
83040.000000 7.912877 8.853449
83050.000000 7.911914 8.852723
83060.000000 7.910968 8.852729
83070.000000 7.910292 8.851250
83080.000000 7.909351 8.851263
83090.000000 7.909905 8.850325
83100.000000 7.909073 8.849863
83110.000000 7.908187 8.849103
83120.000000 7.907238 8.849105
83130.000000 7.906891 8.847637
83140.000000 7.906517 8.847569
83150.000000 7.906243 8.847016
83160.000000 7.905308 8.846677
83170.000000 7.904705 8.845399
83180.000000 7.903758 8.845404
83190.000000 7.903526 8.843708
83200.000000 7.903060 8.843417
83210.000000 7.902158 8.843114
83220.000000 7.901410 8.842150
83230.000000 7.900485 8.842178
83240.000000 7.899963 8.841229
83250.000000 7.899345 8.840886
83260.000000 7.898615 8.840061
83270.000000 7.898188 8.839457
83280.000000 7.897302 8.839526
83290.000000 7.896715 8.838506
83300.000000 7.896168 8.837767
83310.000000 7.895587 8.837584
83320.000000 7.894677 8.837625
83330.000000 7.893835 8.836437
83340.000000 7.892995 8.835845
83350.000000 7.892206 8.834835
83360.000000 7.891276 8.834855
83370.000000 7.891141 8.833035
83380.000000 7.891380 8.832702
83390.000000 7.892068 8.833463
83400.000000 7.892311 8.834321
83410.000000 7.892242 8.833761
83420.000000 7.892599 8.834272
83430.000000 7.892648 8.833845
83440.000000 7.892947 8.833579
83450.000000 7.893940 8.833972
83460.000000 7.895016 8.834932
83470.000000 7.895716 8.835825
83480.000000 7.895298 8.835114
83490.000000 7.894568 8.834881
83500.000000 7.893631 8.834891
83510.000000 7.893799 8.832940
83520.000000 7.893898 8.832925
83530.000000 7.894204 8.833142
83540.000000 7.894322 8.833385
83550.000000 7.894655 8.833868
83560.000000 7.894863 8.833739
83570.000000 7.895122 8.834021
83580.000000 7.895534 8.834475
83590.000000 7.896170 8.835179
83600.000000 7.896155 8.835272
83610.000000 7.895544 8.834817
83620.000000 7.894925 8.834117
83630.000000 7.893995 8.834133
83640.000000 7.893552 8.831503
83650.000000 7.893520 8.831460
83660.000000 7.892949 8.830814
83670.000000 7.892376 8.829575
83680.000000 7.891436 8.829579
83690.000000 7.890787 8.828137
83700.000000 7.889960 8.827440
83710.000000 7.889024 8.827447
83720.000000 7.888203 8.825578
83730.000000 7.887758 8.825663
83740.000000 7.886944 8.825216
83750.000000 7.886232 8.824176
83760.000000 7.885385 8.823692
83770.000000 7.884452 8.823701
83780.000000 7.883668 8.822464
83790.000000 7.882735 8.822472
83800.000000 7.883191 8.820971
83810.000000 7.883734 8.821454
83820.000000 7.883690 8.821751
83830.000000 7.883178 8.820817
83840.000000 7.883513 8.820949
83850.000000 7.884151 8.821773
83860.000000 7.884758 8.822092
83870.000000 7.886113 8.823483
83880.000000 7.887050 8.824407
83890.000000 7.888198 8.825919
83900.000000 7.889121 8.827534
83910.000000 7.889427 8.827985
83920.000000 7.890199 8.828489
83930.000000 7.890954 8.828973
83940.000000 7.891245 8.829174
83950.000000 7.892157 8.829716
83960.000000 7.893310 8.831234
83970.000000 7.894791 8.832649
83980.000000 7.896167 8.834298
83990.000000 7.896822 8.835141
84000.000000 7.897369 8.835511
84010.000000 7.898226 8.836109
84020.000000 7.899590 8.837393
84030.000000 7.901897 8.839379
84040.000000 7.904592 8.842267
84050.000000 7.907892 8.845481
84060.000000 7.911387 8.849620
84070.000000 7.915053 8.853359
84080.000000 7.918684 8.857414
84090.000000 7.921432 8.860834
84100.000000 7.923391 8.862312
84110.000000 7.925656 8.864720
84120.000000 7.927085 8.866900
84130.000000 7.927791 8.867919
84140.000000 7.928499 8.868822
84150.000000 7.929685 8.869906
84160.000000 7.930698 8.871150
84170.000000 7.931537 8.871963
84180.000000 7.931996 8.872705
84190.000000 7.932700 8.873132
84200.000000 7.933226 8.873595
84210.000000 7.933771 8.874552
84220.000000 7.933955 8.874750
84230.000000 7.934082 8.874885
84240.000000 7.934150 8.875543
84250.000000 7.934211 8.875486
84260.000000 7.934321 8.875721
84270.000000 7.934178 8.875553
84280.000000 7.933865 8.874961
84290.000000 7.933978 8.874255
84300.000000 7.934568 8.874791
84310.000000 7.935405 8.875720
84320.000000 7.936768 8.877120
84330.000000 7.938015 8.877801
84340.000000 7.939644 8.879498
84350.000000 7.941034 8.881045
84360.000000 7.942963 8.882725
84370.000000 7.945006 8.884650
84380.000000 7.947231 8.887367
84390.000000 7.949122 8.890064
84400.000000 7.949862 8.891120
84410.000000 7.949972 8.891118
84420.000000 7.950378 8.891566
84430.000000 7.949919 8.891281
84440.000000 7.949070 8.890559
84450.000000 7.948599 8.890026
84460.000000 7.947703 8.890076
84470.000000 7.947114 8.888351
84480.000000 7.946254 8.887617
84490.000000 7.945435 8.887048
84500.000000 7.944597 8.886338
84510.000000 7.944100 8.886010
84520.000000 7.943308 8.885236
84530.000000 7.942563 8.884513
84540.000000 7.941801 8.884006
84550.000000 7.941059 8.883286
84560.000000 7.940145 8.883314
84570.000000 7.939705 8.881640
84580.000000 7.938769 8.881643
84590.000000 7.938579 8.879662
84600.000000 7.938145 8.878934
84610.000000 7.937358 8.877930
84620.000000 7.936437 8.877949
84630.000000 7.936096 8.876856
84640.000000 7.935882 8.876258
84650.000000 7.935592 8.875458
84660.000000 7.934982 8.875119
84670.000000 7.934057 8.875133
84680.000000 7.933678 8.873531
84690.000000 7.932919 8.872558
84700.000000 7.932168 8.871359
84710.000000 7.931978 8.870905
84720.000000 7.931577 8.870450
84730.000000 7.931293 8.870243
84740.000000 7.930760 8.869523
84750.000000 7.929872 8.869576
84760.000000 7.929081 8.868100
84770.000000 7.928278 8.867077
84780.000000 7.927356 8.867092
84790.000000 7.926754 8.864774
84800.000000 7.925987 8.864377
84810.000000 7.925108 8.863622
84820.000000 7.924178 8.863627
84830.000000 7.923865 8.861867
84840.000000 7.923634 8.861601
84850.000000 7.923352 8.861045
84860.000000 7.922746 8.860478
84870.000000 7.923089 8.860271
84880.000000 7.923283 8.860714
84890.000000 7.923361 8.860678
84900.000000 7.922998 8.860733
84910.000000 7.922299 8.859944
84920.000000 7.921878 8.859233
84930.000000 7.921765 8.858634
84940.000000 7.922026 8.858686
84950.000000 7.922377 8.859071
84960.000000 7.922737 8.859817
84970.000000 7.922532 8.859815
84980.000000 7.922647 8.859820
84990.000000 7.922713 8.859770
85000.000000 7.922136 8.859351
85010.000000 7.921207 8.859354
85020.000000 7.920373 8.858066
85030.000000 7.920069 8.856786
85040.000000 7.920043 8.856984
85050.000000 7.920001 8.857163
85060.000000 7.919475 8.856801
85070.000000 7.918545 8.856801
85080.000000 7.918526 8.855260
85090.000000 7.918426 8.855375
85100.000000 7.918357 8.855406
85110.000000 7.918008 8.855126
85120.000000 7.917566 8.854159
85130.000000 7.917310 8.853867
85140.000000 7.917260 8.854269
85150.000000 7.917587 8.853697
85160.000000 7.917906 8.854164
85170.000000 7.918094 8.854833
85180.000000 7.917924 8.854520
85190.000000 7.917488 8.854374
85200.000000 7.916646 8.853658
85210.000000 7.916175 8.852660
85220.000000 7.915350 8.852776
85230.000000 7.914515 8.851604
85240.000000 7.914046 8.850723
85250.000000 7.914002 8.849738
85260.000000 7.914132 8.849878
85270.000000 7.913918 8.849979
85280.000000 7.913116 8.849076
85290.000000 7.912200 8.849089
85300.000000 7.911934 8.847741
85310.000000 7.911306 8.846800
85320.000000 7.911286 8.846655
85330.000000 7.911137 8.846598
85340.000000 7.910752 8.846508
85350.000000 7.910253 8.845480
85360.000000 7.910263 8.844674
85370.000000 7.910236 8.845216
85380.000000 7.909586 8.844945
85390.000000 7.908893 8.843816
85400.000000 7.908098 8.843037
85410.000000 7.907408 8.842258
85420.000000 7.906972 8.841996
85430.000000 7.906237 8.841168
85440.000000 7.905384 8.840323
85450.000000 7.904736 8.839591
85460.000000 7.904822 8.839797
85470.000000 7.904457 8.839729
85480.000000 7.904125 8.839119
85490.000000 7.903823 8.838428
85500.000000 7.903563 8.838131
85510.000000 7.903266 8.837560
85520.000000 7.903099 8.836906
85530.000000 7.902792 8.836440
85540.000000 7.902664 8.836291
85550.000000 7.902140 8.835005
85560.000000 7.901820 8.834064
85570.000000 7.901234 8.833402
85580.000000 7.900622 8.832942
85590.000000 7.899868 8.832093
85600.000000 7.899025 8.831721
85610.000000 7.898200 8.830792
85620.000000 7.897508 8.830127
85630.000000 7.896591 8.830132
85640.000000 7.896075 8.828511
85650.000000 7.895192 8.828209
85660.000000 7.894276 8.828216
85670.000000 7.893803 8.826413
85680.000000 7.893125 8.825994
85690.000000 7.892478 8.825033
85700.000000 7.892197 8.824713
85710.000000 7.891759 8.824792
85720.000000 7.890879 8.824377
85730.000000 7.889972 8.824392
85740.000000 7.889397 8.822706
85750.000000 7.888836 8.822072
85760.000000 7.888307 8.822049
85770.000000 7.887410 8.822075
85780.000000 7.887519 8.820810
85790.000000 7.887022 8.820247
85800.000000 7.886849 8.819817
85810.000000 7.886171 8.819742
85820.000000 7.885714 8.819224
85830.000000 7.885011 8.818431
85840.000000 7.884528 8.817885
85850.000000 7.884530 8.817535
85860.000000 7.884831 8.816946
85870.000000 7.885345 8.818088
85880.000000 7.885299 8.818031
85890.000000 7.885406 8.817799
85900.000000 7.885191 8.817782
85910.000000 7.884554 8.817407
85920.000000 7.883647 8.817419
85930.000000 7.883099 8.816340
85940.000000 7.882196 8.816356
85950.000000 7.881976 8.814726
85960.000000 7.881594 8.814178
85970.000000 7.881273 8.813468
85980.000000 7.881199 8.812921
85990.000000 7.880318 8.812961
86000.000000 7.879952 8.810253
86010.000000 7.880060 8.810253
86020.000000 7.881157 8.810557
86030.000000 7.882974 8.812468
86040.000000 7.884543 8.814445
86050.000000 7.885902 8.815843
86060.000000 7.887532 8.817086
86070.000000 7.889383 8.818919
86080.000000 7.891099 8.820374
86090.000000 7.892118 8.822080
86100.000000 7.892890 8.822821
86110.000000 7.893287 8.823832
86120.000000 7.893242 8.823775
86130.000000 7.893286 8.824391
86140.000000 7.893096 8.824172
86150.000000 7.892787 8.823935
86160.000000 7.891914 8.823296
86170.000000 7.891116 8.822512
86180.000000 7.890775 8.821895
86190.000000 7.890576 8.821552
86200.000000 7.889735 8.821636
86210.000000 7.889348 8.820967
86220.000000 7.888865 8.819620
86230.000000 7.888234 8.819138
86240.000000 7.887337 8.819158
86250.000000 7.886933 8.817670
86260.000000 7.886412 8.817424
86270.000000 7.885715 8.816639
86280.000000 7.884806 8.816644
86290.000000 7.884119 8.815412
86300.000000 7.883421 8.814625
86310.000000 7.883004 8.814267
86320.000000 7.883301 8.813794
86330.000000 7.883525 8.814265
86340.000000 7.883324 8.814149
86350.000000 7.883004 8.813785
86360.000000 7.882531 8.812679
86370.000000 7.881884 8.811949
86380.000000 7.881062 8.810796
86390.000000 7.880381 8.810484
