10.000000 1.020299 1.700499
20.000000 1.420850 2.029786
30.000000 1.435891 1.794864
40.000000 1.078397 1.797329
50.000000 1.249088 1.561360
60.000000 1.182043 1.541796
70.000000 1.202320 1.530226
80.000000 1.165060 1.694632
90.000000 1.213791 1.680634
100.000000 1.212390 1.574533
110.000000 1.504186 1.923959
120.000000 1.888589 2.385586
130.000000 2.166165 2.707706
140.000000 2.419789 3.107986
150.000000 2.513968 3.223036
160.000000 2.621371 3.276713
170.000000 2.814256 3.543878
180.000000 2.684606 3.403021
190.000000 2.598460 3.313473
200.000000 2.552926 3.337158
210.000000 2.555313 3.272047
220.000000 2.589241 3.350783
230.000000 2.576621 3.292349
240.000000 2.560116 3.285711
250.000000 2.465876 3.296626
260.000000 2.413914 3.091713
270.000000 2.346003 3.074858
280.000000 2.313334 2.998766
290.000000 2.327291 3.040155
300.000000 2.258373 2.932952
310.000000 2.195009 2.945683
320.000000 2.156544 2.863461
330.000000 2.093613 2.866772
340.000000 2.066791 2.777506
350.000000 2.045244 2.763844
360.000000 2.049373 2.732497
370.000000 2.038403 2.693604
380.000000 1.985069 2.694023
390.000000 1.944290 2.642066
400.000000 2.005451 2.656226
410.000000 2.173636 2.829176
420.000000 2.460379 3.209190
430.000000 2.694796 3.511400
440.000000 2.929419 3.847595
450.000000 3.156727 4.129440
460.000000 3.351539 4.392330
470.000000 3.413291 4.431621
480.000000 3.500504 4.504670
490.000000 3.676396 4.740616
500.000000 3.804458 4.928054
510.000000 3.899344 5.060218
520.000000 3.935362 5.141678
530.000000 3.991825 5.236801
540.000000 3.945211 5.145927
550.000000 3.926200 5.203397
560.000000 3.861193 5.210284
570.000000 3.846124 5.063026
580.000000 3.887559 5.147909
590.000000 3.825135 5.152580
600.000000 3.860032 5.078989
610.000000 3.883885 5.105969
620.000000 3.920088 5.160201
630.000000 3.946689 5.201703
640.000000 3.946941 5.176315
650.000000 3.929375 5.149383
660.000000 3.912938 5.073750
670.000000 3.951201 5.120512
680.000000 3.937258 5.109419
690.000000 3.880730 5.110122
700.000000 3.913331 5.035536
710.000000 3.930580 5.064812
720.000000 3.943618 5.070366
730.000000 4.005707 5.139132
740.000000 4.060173 5.171305
750.000000 4.162017 5.299682
760.000000 4.186351 5.347272
770.000000 4.177158 5.325184
780.000000 4.150726 5.290141
790.000000 4.102388 5.295566
800.000000 4.055113 5.240856
810.000000 4.014700 5.178196
820.000000 3.973962 5.091638
830.000000 3.933315 5.085127
840.000000 3.888884 5.064594
850.000000 3.849469 5.026188
860.000000 3.812463 4.960239
870.000000 3.768931 4.960620
880.000000 3.742237 4.878769
890.000000 3.700384 4.879025
900.000000 3.676965 4.789101
910.000000 3.638787 4.792034
920.000000 3.611239 4.712539
930.000000 3.586725 4.658735
940.000000 3.549539 4.660010
950.000000 3.532240 4.603056
960.000000 3.503825 4.564005
970.000000 3.538684 4.576698
980.000000 3.563690 4.613496
990.000000 3.551885 4.632894
1000.000000 3.539514 4.596771
1010.000000 3.508898 4.566994
1020.000000 3.482887 4.525535
1030.000000 3.449185 4.525683
1040.000000 3.426713 4.454727
1050.000000 3.394953 4.455876
1060.000000 3.378315 4.421005
1070.000000 3.358040 4.392546
1080.000000 3.329910 4.375064
1090.000000 3.334790 4.347991
1100.000000 3.387543 4.399407
1110.000000 3.439135 4.470070
1120.000000 3.468429 4.517024
1130.000000 3.454241 4.486543
1140.000000 3.424744 4.487596
1150.000000 3.412397 4.454321
1160.000000 3.383879 4.455505
1170.000000 3.363237 4.436288
1180.000000 3.349672 4.391792
1190.000000 3.330386 4.374348
1200.000000 3.314123 4.346391
1210.000000 3.344431 4.370153
1220.000000 3.337082 4.377677
1230.000000 3.332247 4.351024
1240.000000 3.322867 4.341786
1250.000000 3.340969 4.327680
1260.000000 3.360961 4.365785
1270.000000 3.391720 4.390911
1280.000000 3.401765 4.407145
1290.000000 3.392790 4.389869
1300.000000 3.380011 4.380872
1310.000000 3.354321 4.381017
1320.000000 3.345460 4.346464
1330.000000 3.345344 4.353530
1340.000000 3.327765 4.354693
1350.000000 3.307392 4.330726
1360.000000 3.290158 4.306655
1370.000000 3.270456 4.283485
1380.000000 3.248905 4.286318
1390.000000 3.247333 4.238304
1400.000000 3.236544 4.222891
1410.000000 3.214915 4.224632
1420.000000 3.212285 4.188655
1430.000000 3.199699 4.170984
1440.000000 3.189186 4.152286
1450.000000 3.168584 4.154111
1460.000000 3.169527 4.128019
1470.000000 3.159068 4.116871
1480.000000 3.153364 4.097435
1490.000000 3.156774 4.104357
1500.000000 3.136094 4.104836
1510.000000 3.138062 4.088416
1520.000000 3.130710 4.084703
1530.000000 3.120534 4.077214
1540.000000 3.109144 4.061138
1550.000000 3.091059 4.063733
1560.000000 3.088024 4.024492
1570.000000 3.068557 4.024757
1580.000000 3.067614 4.005645
1590.000000 3.057857 3.981976
1600.000000 3.053827 3.978928
1610.000000 3.043136 3.960751
1620.000000 3.033290 3.950105
1630.000000 3.015738 3.951490
1640.000000 3.031939 3.933845
1650.000000 3.048896 3.945631
1660.000000 3.058464 3.954089
1670.000000 3.091672 3.980796
1680.000000 3.137408 4.029698
1690.000000 3.135671 4.039088
1700.000000 3.125541 4.022271
1710.000000 3.126154 4.025395
1720.000000 3.115281 3.998719
1730.000000 3.100316 3.984804
1740.000000 3.083245 3.985770
1750.000000 3.073094 3.963091
1760.000000 3.057680 3.965746
1770.000000 3.057644 3.941755
1780.000000 3.070034 3.937076
1790.000000 3.073575 3.946699
1800.000000 3.064072 3.933901
1810.000000 3.054604 3.918379
1820.000000 3.040745 3.922152
1830.000000 3.031119 3.895328
1840.000000 3.020415 3.880980
1850.000000 3.006689 3.884339
1860.000000 3.027723 3.897276
1870.000000 3.062690 3.925449
1880.000000 3.098053 3.956753
1890.000000 3.164037 4.035108
1900.000000 3.228079 4.124647
1910.000000 3.284913 4.193973
1920.000000 3.345712 4.279659
1930.000000 3.378050 4.323366
1940.000000 3.400468 4.357271
1950.000000 3.406047 4.360993
1960.000000 3.389817 4.362470
1970.000000 3.396120 4.344387
1980.000000 3.409387 4.360844
1990.000000 3.416379 4.366471
2000.000000 3.406107 4.366804
2010.000000 3.410744 4.355524
2020.000000 3.408456 4.354891
2030.000000 3.392154 4.355517
2040.000000 3.384996 4.323977
2050.000000 3.409480 4.354787
2060.000000 3.431836 4.382877
2070.000000 3.451599 4.399513
2080.000000 3.456769 4.397602
2090.000000 3.444788 4.387329
2100.000000 3.440411 4.384019
2110.000000 3.432521 4.368286
2120.000000 3.450622 4.385683
2130.000000 3.454217 4.389905
2140.000000 3.450905 4.395796
2150.000000 3.438617 4.382352
2160.000000 3.424587 4.376987
2170.000000 3.414004 4.365580
2180.000000 3.403348 4.354048
2190.000000 3.394731 4.347638
2200.000000 3.379718 4.348176
2210.000000 3.378387 4.313249
2220.000000 3.363562 4.313753
2230.000000 3.367099 4.283304
2240.000000 3.356971 4.274938
2250.000000 3.345573 4.255252
2260.000000 3.336961 4.243969
2270.000000 3.334948 4.248222
2280.000000 3.332222 4.251520
2290.000000 3.321865 4.245017
2300.000000 3.317571 4.241474
2310.000000 3.308145 4.226667
2320.000000 3.298947 4.212195
2330.000000 3.293547 4.200309
2340.000000 3.279743 4.200657
2350.000000 3.278164 4.179970
2360.000000 3.269698 4.164321
2370.000000 3.256764 4.165424
2380.000000 3.268891 4.153743
2390.000000 3.256560 4.155462
2400.000000 3.248908 4.125597
2410.000000 3.247358 4.121186
2420.000000 3.251120 4.127865
2430.000000 3.251941 4.135121
2440.000000 3.249014 4.139736
2450.000000 3.249629 4.133744
2460.000000 3.275290 4.148925
2470.000000 3.301064 4.185641
2480.000000 3.305765 4.180672
2490.000000 3.305683 4.184621
2500.000000 3.301886 4.177487
2510.000000 3.301157 4.167960
2520.000000 3.325936 4.188585
2530.000000 3.335700 4.202849
2540.000000 3.335873 4.207109
2550.000000 3.323035 4.207418
2560.000000 3.332759 4.198751
2570.000000 3.321994 4.191225
2580.000000 3.309316 4.191475
2590.000000 3.304916 4.173443
2600.000000 3.296721 4.164954
2610.000000 3.284482 4.165451
2620.000000 3.274851 4.144981
2630.000000 3.275988 4.146221
2640.000000 3.274651 4.150302
2650.000000 3.266237 4.135464
2660.000000 3.257274 4.121955
2670.000000 3.248495 4.112603
2680.000000 3.236654 4.112960
2690.000000 3.256768 4.103375
2700.000000 3.286308 4.134684
2710.000000 3.314868 4.174393
2720.000000 3.325278 4.177716
2730.000000 3.324807 4.171289
2740.000000 3.314886 4.174075
2750.000000 3.322150 4.171649
2760.000000 3.335395 4.178707
2770.000000 3.355007 4.201342
2780.000000 3.357314 4.198530
2790.000000 3.349963 4.193090
2800.000000 3.339171 4.194562
2810.000000 3.336976 4.184250
2820.000000 3.325452 4.184639
2830.000000 3.317490 4.167109
2840.000000 3.308371 4.159262
2850.000000 3.297124 4.159718
2860.000000 3.298521 4.137619
2870.000000 3.311006 4.149602
2880.000000 3.313828 4.154909
2890.000000 3.302600 4.155209
2900.000000 3.297479 4.137901
2910.000000 3.287114 4.133752
2920.000000 3.276980 4.122698
2930.000000 3.268309 4.111699
2940.000000 3.263610 4.103940
2950.000000 3.255009 4.093042
2960.000000 3.245658 4.086409
2970.000000 3.245778 4.084729
2980.000000 3.243004 4.084595
2990.000000 3.246399 4.081889
3000.000000 3.249591 4.087536
3010.000000 3.246390 4.083424
3020.000000 3.235939 4.083801
3030.000000 3.230870 4.063735
3040.000000 3.226037 4.057572
3050.000000 3.215909 4.058139
3060.000000 3.230405 4.054569
3070.000000 3.239928 4.059828
3080.000000 3.234164 4.062490
3090.000000 3.223790 4.062607
3100.000000 3.220282 4.048205
3110.000000 3.210787 4.042731
3120.000000 3.205216 4.037253
3130.000000 3.197246 4.027114
3140.000000 3.187565 4.016435
3150.000000 3.177488 4.016488
3160.000000 3.170991 3.998536
3170.000000 3.168040 3.989943
3180.000000 3.173499 3.993561
3190.000000 3.166727 3.980244
3200.000000 3.159786 3.974574
3210.000000 3.156944 3.963156
3220.000000 3.161284 3.968552
3230.000000 3.151567 3.968640
3240.000000 3.156010 3.957226
3250.000000 3.147349 3.958546
3260.000000 3.151020 3.946341
3270.000000 3.144538 3.938200
3280.000000 3.142149 3.935185
3290.000000 3.148773 3.938959
3300.000000 3.153907 3.952865
3310.000000 3.165221 3.964011
3320.000000 3.172880 3.975080
3330.000000 3.185710 3.998649
3340.000000 3.190842 4.003535
3350.000000 3.202521 4.022665
3360.000000 3.206015 4.031516
3370.000000 3.208285 4.025287
3380.000000 3.207934 4.026296
3390.000000 3.209548 4.031258
3400.000000 3.203999 4.036161
3410.000000 3.199468 4.028872
3420.000000 3.193557 4.025788
3430.000000 3.185462 4.015485
3440.000000 3.184944 4.014734
3450.000000 3.179718 4.005122
3460.000000 3.176280 3.996338
3470.000000 3.184124 4.010494
3480.000000 3.175010 4.010539
3490.000000 3.182692 4.011411
3500.000000 3.179343 4.008537
3510.000000 3.171835 4.001848
3520.000000 3.164514 3.993937
3530.000000 3.156320 3.994912
3540.000000 3.149384 3.980299
3550.000000 3.140694 3.980530
3560.000000 3.145805 3.968485
3570.000000 3.162979 3.990048
3580.000000 3.169896 4.000080
3590.000000 3.181857 4.016479
3600.000000 3.178049 4.015787
3610.000000 3.170336 4.008726
3620.000000 3.164588 4.004127
3630.000000 3.156877 4.005405
3640.000000 3.152900 3.994624
3650.000000 3.152929 3.988975
3660.000000 3.161219 3.997948
3670.000000 3.165228 4.005650
3680.000000 3.167495 4.009764
3690.000000 3.162303 4.005800
3700.000000 3.164000 3.998224
3710.000000 3.179261 4.005113
3720.000000 3.194612 4.016207
3730.000000 3.228631 4.057545
3740.000000 3.247570 4.079916
3750.000000 3.250747 4.086591
3760.000000 3.248716 4.079884
3770.000000 3.244541 4.078666
3780.000000 3.237270 4.068113
3790.000000 3.229144 4.068635
3800.000000 3.224611 4.060147
3810.000000 3.216276 4.060309
3820.000000 3.214076 4.054745
3830.000000 3.210271 4.047182
3840.000000 3.224762 4.064025
3850.000000 3.237633 4.076156
3860.000000 3.236841 4.077743
3870.000000 3.232081 4.072991
3880.000000 3.228907 4.064944
3890.000000 3.235413 4.074379
3900.000000 3.229781 4.067209
3910.000000 3.227860 4.062096
3920.000000 3.219720 4.062215
3930.000000 3.223874 4.043992
3940.000000 3.224596 4.048728
3950.000000 3.222341 4.045851
3960.000000 3.216046 4.041747
3970.000000 3.208770 4.033825
3980.000000 3.207584 4.028458
3990.000000 3.205119 4.031659
4000.000000 3.197189 4.031764
4010.000000 3.194126 4.016446
4020.000000 3.197429 4.018026
4030.000000 3.205209 4.020228
4040.000000 3.212711 4.029603
4050.000000 3.221891 4.033588
4060.000000 3.222383 4.034189
4070.000000 3.222545 4.035618
4080.000000 3.217110 4.027557
4090.000000 3.222076 4.033759
4100.000000 3.219159 4.033787
4110.000000 3.212828 4.027058
4120.000000 3.205824 4.028055
4130.000000 3.201339 4.022370
4140.000000 3.204714 4.016808
4150.000000 3.212099 4.024822
4160.000000 3.216661 4.037812
4170.000000 3.214347 4.036082
4180.000000 3.209516 4.029972
4190.000000 3.204512 4.024852
4200.000000 3.203128 4.020663
4210.000000 3.195571 4.020728
4220.000000 3.193141 4.009240
4230.000000 3.187152 4.000491
4240.000000 3.189884 4.003880
4250.000000 3.191299 4.003253
4260.000000 3.186701 4.000987
4270.000000 3.179565 3.997863
4280.000000 3.176155 3.991176
4290.000000 3.175228 3.992300
4300.000000 3.170092 3.988120
4310.000000 3.169736 3.980642
4320.000000 3.170968 3.980988
4330.000000 3.168258 3.978700
4340.000000 3.161916 3.971842
4350.000000 3.169161 3.980899
4360.000000 3.173533 3.988644
4370.000000 3.179442 3.996020
4380.000000 3.187968 4.007836
4390.000000 3.193164 4.016616
4400.000000 3.187810 4.009823
4410.000000 3.182623 4.005527
4420.000000 3.180205 3.994460
4430.000000 3.182421 3.993803
4440.000000 3.177908 3.988104
4450.000000 3.171020 3.988423
4460.000000 3.172983 3.976259
4470.000000 3.174592 3.978252
4480.000000 3.174305 3.975647
4490.000000 3.171278 3.970731
4500.000000 3.165215 3.971965
4510.000000 3.161401 3.964939
4520.000000 3.154916 3.965578
4530.000000 3.164706 3.963539
4540.000000 3.180830 3.980421
4550.000000 3.202666 4.007736
4560.000000 3.237407 4.052312
4570.000000 3.259555 4.082260
4580.000000 3.285969 4.111950
4590.000000 3.309924 4.140788
4600.000000 3.330669 4.167866
4610.000000 3.349716 4.192829
4620.000000 3.361583 4.208811
4630.000000 3.373802 4.221812
4640.000000 3.379139 4.229622
4650.000000 3.383929 4.234465
4660.000000 3.385974 4.232467
4670.000000 3.383569 4.226068
4680.000000 3.378480 4.228747
4690.000000 3.393841 4.241171
4700.000000 3.399512 4.247130
4710.000000 3.417043 4.267906
4720.000000 3.435771 4.289035
4730.000000 3.462523 4.319023
4740.000000 3.490428 4.356142
4750.000000 3.521236 4.395761
4760.000000 3.550455 4.429925
4770.000000 3.572591 4.458729
4780.000000 3.593438 4.482420
4790.000000 3.608206 4.500861
4800.000000 3.614780 4.516123
4810.000000 3.607880 4.516892
4820.000000 3.602188 4.508581
4830.000000 3.596418 4.502514
4840.000000 3.588995 4.502523
4850.000000 3.584244 4.489562
4860.000000 3.576967 4.489685
4870.000000 3.581010 4.479712
4880.000000 3.589308 4.490086
4890.000000 3.595016 4.497219
4900.000000 3.600197 4.493368
4910.000000 3.609847 4.505427
4920.000000 3.622902 4.517151
4930.000000 3.632773 4.532921
4940.000000 3.631001 4.535309
4950.000000 3.626664 4.527614
4960.000000 3.620075 4.528517
4970.000000 3.613190 4.523314
4980.000000 3.607675 4.512992
4990.000000 3.619962 4.523819
5000.000000 3.639986 4.548845
5010.000000 3.654874 4.570873
5020.000000 3.673654 4.592067
5030.000000 3.692733 4.613623
5040.000000 3.712568 4.637260
5050.000000 3.725976 4.657470
5060.000000 3.734771 4.667311
5070.000000 3.736782 4.667525
5080.000000 3.733327 4.663216
5090.000000 3.734028 4.660667
5100.000000 3.734029 4.661824
5110.000000 3.726994 4.662164
5120.000000 3.723583 4.647670
5130.000000 3.730457 4.652867
5140.000000 3.749721 4.670115
5150.000000 3.775735 4.702547
5160.000000 3.802526 4.733663
5170.000000 3.835112 4.776567
5180.000000 3.859660 4.807175
5190.000000 3.880034 4.831425
5200.000000 3.900416 4.853354
5210.000000 3.933829 4.886802
5220.000000 3.967836 4.932628
5230.000000 3.990522 4.958524
5240.000000 4.023726 4.998654
5250.000000 4.054985 5.035164
5260.000000 4.092173 5.077809
5270.000000 4.118256 5.100637
5280.000000 4.158600 5.148278
5290.000000 4.194609 5.195383
5300.000000 4.231987 5.245447
5310.000000 4.259399 5.281973
5320.000000 4.281449 5.311872
5330.000000 4.300160 5.330198
5340.000000 4.310058 5.337595
5350.000000 4.308912 5.339977
5360.000000 4.306235 5.334278
5370.000000 4.310186 5.335569
5380.000000 4.315328 5.340801
5390.000000 4.313634 5.342484
5400.000000 4.307120 5.330839
5410.000000 4.304587 5.321713
5420.000000 4.299908 5.320890
5430.000000 4.292159 5.321101
5440.000000 4.286116 5.307642
5450.000000 4.283592 5.302198
5460.000000 4.282347 5.294750
5470.000000 4.288056 5.305511
5480.000000 4.289269 5.299931
5490.000000 4.293799 5.309224
5500.000000 4.286397 5.309726
5510.000000 4.281268 5.301076
5520.000000 4.277449 5.292876
5530.000000 4.271075 5.285085
5540.000000 4.265145 5.270780
5550.000000 4.257573 5.270919
5560.000000 4.253569 5.262537
5570.000000 4.256383 5.262609
5580.000000 4.257931 5.261128
5590.000000 4.255800 5.258603
5600.000000 4.252377 5.256802
5610.000000 4.245837 5.248820
5620.000000 4.240056 5.245238
5630.000000 4.232776 5.243241
5640.000000 4.227733 5.238229
5650.000000 4.224222 5.235108
5660.000000 4.217955 5.228565
5670.000000 4.211268 5.226064
5680.000000 4.210593 5.219591
5690.000000 4.212329 5.221820
5700.000000 4.220512 5.225221
5710.000000 4.231053 5.238359
5720.000000 4.236106 5.249248
5730.000000 4.235895 5.250200
5740.000000 4.235447 5.244061
5750.000000 4.235665 5.247807
5760.000000 4.230953 5.245435
5770.000000 4.225573 5.237714
5780.000000 4.218263 5.237714
5790.000000 4.219937 5.230879
5800.000000 4.212729 5.230963
5810.000000 4.217223 5.224322
5820.000000 4.211046 5.217860
5830.000000 4.214307 5.219760
5840.000000 4.221456 5.229806
5850.000000 4.232319 5.242233
5860.000000 4.236345 5.249521
5870.000000 4.239106 5.255238
5880.000000 4.237331 5.258655
5890.000000 4.231840 5.251904
5900.000000 4.224766 5.252026
5910.000000 4.219816 5.240410
5920.000000 4.212939 5.240723
5930.000000 4.211627 5.229261
5940.000000 4.217276 5.237429
5950.000000 4.222898 5.242278
5960.000000 4.223217 5.244921
5970.000000 4.221668 5.237605
5980.000000 4.220959 5.242230
5990.000000 4.214003 5.242342
6000.000000 4.211048 5.234367
6010.000000 4.205211 5.228242
6020.000000 4.203078 5.220245
6030.000000 4.208400 5.225835
6040.000000 4.211914 5.235636
6050.000000 4.207214 5.230917
6060.000000 4.200494 5.231195
6070.000000 4.197134 5.225970
6080.000000 4.191869 5.223727
6090.000000 4.188030 5.211504
6100.000000 4.189009 5.213825
6110.000000 4.186368 5.214823
6120.000000 4.181521 5.206696
6130.000000 4.176141 5.204258
6140.000000 4.169520 5.200255
6150.000000 4.162965 5.200535
6160.000000 4.157908 5.188961
6170.000000 4.151501 5.189376
6180.000000 4.154300 5.181347
6190.000000 4.157598 5.181303
6200.000000 4.160860 5.186436
6210.000000 4.157709 5.184613
6220.000000 4.152353 5.181071
6230.000000 4.145806 5.181218
6240.000000 4.142852 5.168212
6250.000000 4.138950 5.163360
6260.000000 4.144537 5.168287
6270.000000 4.149047 5.172903
6280.000000 4.150799 5.175107
6290.000000 4.148466 5.169147
6300.000000 4.145222 5.168197
6310.000000 4.139968 5.163708
6320.000000 4.135696 5.156362
6330.000000 4.132392 5.150235
6340.000000 4.127358 5.149045
6350.000000 4.122379 5.143861
6360.000000 4.118507 5.137028
6370.000000 4.117692 5.136028
6380.000000 4.120593 5.137656
6390.000000 4.119469 5.140286
6400.000000 4.113280 5.140596
6410.000000 4.112970 5.135204
6420.000000 4.108408 5.129518
6430.000000 4.103380 5.131220
6440.000000 4.101897 5.122400
6450.000000 4.102633 5.127298
6460.000000 4.098820 5.123525
6470.000000 4.093822 5.123216
6480.000000 4.091139 5.113924
6490.000000 4.089583 5.115920
6500.000000 4.084338 5.110336
6510.000000 4.078905 5.104512
6520.000000 4.072996 5.104947
6530.000000 4.068293 5.095119
6540.000000 4.062959 5.091349
6550.000000 4.060914 5.090716
6560.000000 4.058114 5.084268
6570.000000 4.071506 5.092289
6580.000000 4.094499 5.118124
6590.000000 4.122316 5.149964
6600.000000 4.150663 5.181459
6610.000000 4.168135 5.207215
6620.000000 4.182442 5.226079
6630.000000 4.195663 5.243590
6640.000000 4.199659 5.245624
6650.000000 4.198931 5.244720
6660.000000 4.192689 5.244799
6670.000000 4.191162 5.231110
6680.000000 4.185047 5.231309
6690.000000 4.185620 5.224216
6700.000000 4.181929 5.218648
6710.000000 4.179664 5.217776
6720.000000 4.174579 5.213376
6730.000000 4.168553 5.213597
6740.000000 4.168021 5.201345
6750.000000 4.167244 5.197505
6760.000000 4.172625 5.201355
6770.000000 4.175560 5.206952
6780.000000 4.174962 5.208140
6790.000000 4.170582 5.197917
6800.000000 4.166755 5.192218
6810.000000 4.162194 5.186559
6820.000000 4.160257 5.181329
6830.000000 4.160379 5.180563
6840.000000 4.163184 5.182198
6850.000000 4.159678 5.179749
6860.000000 4.154389 5.174131
6870.000000 4.149137 5.168553
6880.000000 4.146046 5.164729
6890.000000 4.140345 5.165124
6900.000000 4.137646 5.156178
6910.000000 4.137875 5.154627
6920.000000 4.133420 5.154671
6930.000000 4.128139 5.149955
6940.000000 4.125746 5.150689
6950.000000 4.121413 5.143441
6960.000000 4.121966 5.142299
6970.000000 4.123734 5.144519
6980.000000 4.126994 5.152283
6990.000000 4.121503 5.152800
7000.000000 4.118158 5.140355
7010.000000 4.112502 5.140628
7020.000000 4.107470 5.135252
7030.000000 4.101674 5.135311
7040.000000 4.098517 5.124967
7050.000000 4.096421 5.123251
7060.000000 4.094826 5.120345
7070.000000 4.098861 5.123576
7080.000000 4.110061 5.130330
7090.000000 4.127666 5.148690
7100.000000 4.154676 5.177848
7110.000000 4.186758 5.217853
7120.000000 4.213401 5.251079
7130.000000 4.237818 5.281531
7140.000000 4.264113 5.306914
7150.000000 4.294396 5.343705
7160.000000 4.321522 5.375625
7170.000000 4.343763 5.404265
7180.000000 4.370498 5.435679
7190.000000 4.396086 5.462817
7200.000000 4.416538 5.493966
7210.000000 4.428630 5.512849
7220.000000 4.435259 5.521133
7230.000000 4.435264 5.520220
7240.000000 4.437200 5.524562
7250.000000 4.433665 5.519243
7260.000000 4.430866 5.515789
7270.000000 4.425689 5.516934
7280.000000 4.422321 5.510868
7290.000000 4.417291 5.506506
7300.000000 4.412041 5.496229
7310.000000 4.410548 5.499080
7320.000000 4.404647 5.499235
7330.000000 4.401918 5.489292
7340.000000 4.396051 5.489455
7350.000000 4.392647 5.478696
7360.000000 4.388336 5.473336
7370.000000 4.383737 5.468541
7380.000000 4.378474 5.463838
7390.000000 4.376574 5.457794
7400.000000 4.376421 5.459459
7410.000000 4.374620 5.453556
7420.000000 4.376777 5.454432
7430.000000 4.377601 5.452737
7440.000000 4.382981 5.461293
7450.000000 4.383054 5.462320
7460.000000 4.377232 5.462388
7470.000000 4.374831 5.445757
7480.000000 4.369601 5.441994
7490.000000 4.364796 5.436941
7500.000000 4.359594 5.432290
7510.000000 4.357115 5.429224
7520.000000 4.357924 5.424862
7530.000000 4.357718 5.423738
7540.000000 4.354018 5.419164
7550.000000 4.348379 5.419324
7560.000000 4.348813 5.412747
7570.000000 4.345158 5.415352
7580.000000 4.341564 5.406449
7590.000000 4.336084 5.406748
7600.000000 4.333073 5.398582
7610.000000 4.328188 5.396053
7620.000000 4.325484 5.394467
7630.000000 4.325620 5.390246
7640.000000 4.330183 5.394195
7650.000000 4.328285 5.393611
7660.000000 4.323783 5.387146
7670.000000 4.320788 5.381690
7680.000000 4.316918 5.379511
7690.000000 4.314577 5.372264
7700.000000 4.322030 5.374617
7710.000000 4.331692 5.388407
7720.000000 4.335318 5.392951
7730.000000 4.335234 5.392012
7740.000000 4.341191 5.395122
7750.000000 4.351755 5.409158
7760.000000 4.360183 5.423148
7770.000000 4.361670 5.425901
7780.000000 4.359418 5.423133
7790.000000 4.353901 5.423231
7800.000000 4.350604 5.415690
7810.000000 4.346952 5.416352
7820.000000 4.341454 5.416428
7830.000000 4.340960 5.407209
7840.000000 4.335636 5.403177
7850.000000 4.330301 5.396549
7860.000000 4.328860 5.393064
7870.000000 4.327285 5.391977
7880.000000 4.323084 5.385062
7890.000000 4.318558 5.382848
7900.000000 4.313180 5.382958
7910.000000 4.310921 5.375061
7920.000000 4.313228 5.377108
7930.000000 4.309956 5.378119
7940.000000 4.305846 5.369627
7950.000000 4.304213 5.365924
7960.000000 4.298844 5.365971
7970.000000 4.293928 5.360684
7980.000000 4.290306 5.361203
7990.000000 4.285371 5.360068
8000.000000 4.282672 5.355014
8010.000000 4.278454 5.348068
8020.000000 4.277760 5.345534
8030.000000 4.280050 5.350895
8040.000000 4.275459 5.345986
8050.000000 4.270322 5.346205
8060.000000 4.267378 5.334223
8070.000000 4.262264 5.334441
8080.000000 4.264912 5.329491
8090.000000 4.264356 5.329622
8100.000000 4.264109 5.330959
8110.000000 4.260757 5.325125
8120.000000 4.256378 5.318835
8130.000000 4.251525 5.315223
8140.000000 4.247274 5.309093
8150.000000 4.244616 5.305770
8160.000000 4.241247 5.303997
8170.000000 4.236611 5.299818
8180.000000 4.233333 5.296523
8190.000000 4.229130 5.292066
8200.000000 4.226104 5.288272
8210.000000 4.221753 5.286850
8220.000000 4.217465 5.279860
8230.000000 4.214428 5.276851
8240.000000 4.213039 5.274299
8250.000000 4.210890 5.271599
8260.000000 4.207782 5.265305
8270.000000 4.208142 5.269736
8280.000000 4.204180 5.263966
8290.000000 4.203370 5.261352
8300.000000 4.199542 5.256552
8310.000000 4.196925 5.252477
8320.000000 4.193560 5.252208
8330.000000 4.190416 5.244316
8340.000000 4.193467 5.248127
8350.000000 4.191717 5.247502
8360.000000 4.187328 5.243568
8370.000000 4.182803 5.241812
8380.000000 4.179430 5.238352
8390.000000 4.175183 5.239274
8400.000000 4.171381 5.229011
8410.000000 4.166644 5.229291
8420.000000 4.165602 5.221731
8430.000000 4.161273 5.220169
8440.000000 4.157211 5.215051
8450.000000 4.153702 5.212174
8460.000000 4.148917 5.212332
8470.000000 4.146943 5.206731
8480.000000 4.143266 5.204399
8490.000000 4.138424 5.204447
8500.000000 4.138461 5.201378
8510.000000 4.135598 5.200050
8520.000000 4.133471 5.196573
8530.000000 4.130181 5.191636
8540.000000 4.127242 5.187145
8550.000000 4.127458 5.188909
8560.000000 4.125260 5.184587
8570.000000 4.124572 5.182929
8580.000000 4.119969 5.183187
8590.000000 4.117936 5.175284
8600.000000 4.117186 5.175065
8610.000000 4.114953 5.175248
8620.000000 4.110290 5.175388
8630.000000 4.109759 5.170149
8640.000000 4.107878 5.168497
8650.000000 4.105085 5.164944
8660.000000 4.102358 5.161473
8670.000000 4.097764 5.161646
8680.000000 4.094733 5.152550
8690.000000 4.093024 5.148122
8700.000000 4.088516 5.148370
8710.000000 4.087005 5.141963
8720.000000 4.083147 5.134108
8730.000000 4.084493 5.135766
8740.000000 4.084815 5.136137
8750.000000 4.080985 5.137192
8760.000000 4.077113 5.131538
8770.000000 4.072493 5.131575
8780.000000 4.069360 5.123169
8790.000000 4.065558 5.119074
8800.000000 4.062526 5.113751
8810.000000 4.059440 5.109825
8820.000000 4.057820 5.108474
8830.000000 4.054825 5.103208
8840.000000 4.054173 5.100169
8850.000000 4.057137 5.101686
8860.000000 4.063225 5.111483
8870.000000 4.067781 5.117177
8880.000000 4.073264 5.124764
8890.000000 4.072220 5.124863
8900.000000 4.067688 5.124918
8910.000000 4.064994 5.112803
8920.000000 4.066890 5.114431
8930.000000 4.075632 5.123947
8940.000000 4.083270 5.133516
8950.000000 4.094094 5.145645
8960.000000 4.106662 5.156346
8970.000000 4.121115 5.173744
8980.000000 4.131765 5.187814
8990.000000 4.146088 5.201413
9000.000000 4.161164 5.221034
9010.000000 4.174414 5.238366
9020.000000 4.183863 5.250932
9030.000000 4.195026 5.260531
9040.000000 4.203592 5.271254
9050.000000 4.204229 5.273495
9060.000000 4.200053 5.270426
9070.000000 4.195475 5.270492
9080.000000 4.196474 5.263708
9090.000000 4.194011 5.260599
9100.000000 4.193039 5.260810
9110.000000 4.188849 5.261328
9120.000000 4.188324 5.256298
9130.000000 4.183821 5.256403
9140.000000 4.180134 5.246694
9150.000000 4.175690 5.245409
9160.000000 4.171266 5.245579
9170.000000 4.168865 5.238215
9180.000000 4.167610 5.231596
9190.000000 4.168673 5.235051
9200.000000 4.164948 5.231061
9210.000000 4.160475 5.231123
9220.000000 4.158455 5.223563
9230.000000 4.155022 5.218513
9240.000000 4.150696 5.215180
9250.000000 4.152061 5.213325
9260.000000 4.157278 5.218434
9270.000000 4.159591 5.222021
9280.000000 4.157820 5.217656
9290.000000 4.161245 5.217000
9300.000000 4.160882 5.217934
9310.000000 4.159189 5.212984
9320.000000 4.156519 5.211025
9330.000000 4.154041 5.206503
9340.000000 4.150346 5.203252
9350.000000 4.146262 5.203699
9360.000000 4.143529 5.197458
9370.000000 4.140419 5.192147
9380.000000 4.137480 5.188444
9390.000000 4.133588 5.185624
9400.000000 4.130032 5.181142
9410.000000 4.129355 5.178892
9420.000000 4.131984 5.180103
9430.000000 4.138000 5.186250
9440.000000 4.144381 5.194922
9450.000000 4.149371 5.199782
9460.000000 4.152979 5.206359
9470.000000 4.152685 5.204595
9480.000000 4.151276 5.205569
9490.000000 4.147724 5.200409
9500.000000 4.143547 5.200647
9510.000000 4.141782 5.192926
9520.000000 4.140630 5.192149
9530.000000 4.136524 5.187666
9540.000000 4.134223 5.182037
9550.000000 4.130814 5.177750
9560.000000 4.127004 5.174994
9570.000000 4.123625 5.170740
9580.000000 4.119397 5.170837
9590.000000 4.116033 5.165916
9600.000000 4.111749 5.165920
9610.000000 4.111484 5.160163
9620.000000 4.111376 5.160679
9630.000000 4.112966 5.162651
9640.000000 4.113754 5.163618
9650.000000 4.109620 5.163780
9660.000000 4.111946 5.160633
9670.000000 4.115673 5.166631
9680.000000 4.120351 5.171810
9690.000000 4.124786 5.176684
9700.000000 4.125711 5.179834
9710.000000 4.121623 5.180036
9720.000000 4.118832 5.172487
9730.000000 4.114657 5.172559
9740.000000 4.114001 5.164373
9750.000000 4.110197 5.164895
9760.000000 4.111210 5.158171
9770.000000 4.117944 5.163284
9780.000000 4.128899 5.176341
9790.000000 4.136449 5.183798
9800.000000 4.141859 5.188574
9810.000000 4.141774 5.189782
9820.000000 4.137585 5.189818
9830.000000 4.146075 5.192497
9840.000000 4.149967 5.198686
9850.000000 4.158418 5.205289
9860.000000 4.167543 5.214717
9870.000000 4.174334 5.221886
9880.000000 4.176126 5.223462
9890.000000 4.174443 5.223335
9900.000000 4.171231 5.221290
9910.000000 4.168738 5.218162
9920.000000 4.165827 5.213853
9930.000000 4.163753 5.211252
9940.000000 4.162198 5.210611
9950.000000 4.158990 5.208552
9960.000000 4.156022 5.206135
9970.000000 4.151872 5.206159
9980.000000 4.149432 5.197205
9990.000000 4.148475 5.195345
10000.000000 4.150795 5.198240
10010.000000 4.152338 5.196913
10020.000000 4.154843 5.200041
10030.000000 4.153779 5.196757
10040.000000 4.149725 5.196862
10050.000000 4.148490 5.187548
10060.000000 4.145060 5.183902
10070.000000 4.140973 5.183939
10080.000000 4.140157 5.177122
10090.000000 4.137540 5.173848
10100.000000 4.138082 5.173883
10110.000000 4.137836 5.169739
10120.000000 4.140295 5.169621
10130.000000 4.148783 5.178312
10140.000000 4.157723 5.190116
10150.000000 4.163778 5.197042
10160.000000 4.171224 5.201870
10170.000000 4.181710 5.216238
10180.000000 4.187309 5.224513
10190.000000 4.189064 5.226073
10200.000000 4.186196 5.221228
10210.000000 4.182356 5.221552
10220.000000 4.179207 5.213806
10230.000000 4.175133 5.213820
10240.000000 4.180392 5.214668
10250.000000 4.179686 5.215068
10260.000000 4.177450 5.211654
10270.000000 4.174091 5.206840
10280.000000 4.170652 5.202560
10290.000000 4.167925 5.198539
10300.000000 4.165152 5.196979
10310.000000 4.163326 5.192825
10320.000000 4.167599 5.196910
10330.000000 4.167974 5.199272
10340.000000 4.166639 5.197618
10350.000000 4.165821 5.196607
10360.000000 4.165964 5.196795
10370.000000 4.166402 5.198603
10380.000000 4.163822 5.195392
10390.000000 4.160546 5.191314
10400.000000 4.157313 5.188535
10410.000000 4.153464 5.188715
10420.000000 4.151916 5.178092
10430.000000 4.153352 5.178657
10440.000000 4.150940 5.175661
10450.000000 4.147138 5.175874
10460.000000 4.145619 5.167820
10470.000000 4.141967 5.166357
10480.000000 4.138229 5.164778
10490.000000 4.134821 5.162375
10500.000000 4.131657 5.158430
10510.000000 4.127827 5.158556
10520.000000 4.125134 5.153355
10530.000000 4.121304 5.153466
10540.000000 4.119007 5.146927
10550.000000 4.115326 5.147207
10560.000000 4.114574 5.142609
10570.000000 4.110744 5.142687
10580.000000 4.108693 5.137080
10590.000000 4.105250 5.133380
10600.000000 4.101485 5.133515
10610.000000 4.099940 5.130365
10620.000000 4.097366 5.127139
10630.000000 4.096334 5.130674
10640.000000 4.090627 5.128346
10650.000000 4.088071 5.123921
10660.000000 4.088280 5.119956
10670.000000 4.087850 5.120009
10680.000000 4.086216 5.116753
10690.000000 4.084929 5.116331
10700.000000 4.082955 5.109663
10710.000000 4.084685 5.112420
10720.000000 4.083326 5.112504
10730.000000 4.079580 5.112578
10740.000000 4.078845 5.105687
10750.000000 4.078472 5.102243
10760.000000 4.082848 5.105340
10770.000000 4.084208 5.109412
10780.000000 4.087795 5.113895
10790.000000 4.089304 5.116965
10800.000000 4.087802 5.116266
10810.000000 4.089454 5.117142
10820.000000 4.093798 5.122574
10830.000000 4.096349 5.126946
10840.000000 4.098185 5.128054
10850.000000 4.097043 5.124846
10860.000000 4.097440 5.124749
10870.000000 4.094696 5.122493
10880.000000 4.092703 5.120585
10890.000000 4.091364 5.116555
10900.000000 4.087990 5.117029
10910.000000 4.088174 5.112560
10920.000000 4.084561 5.112725
10930.000000 4.086566 5.111130
10940.000000 4.089379 5.114061
10950.000000 4.090484 5.114273
10960.000000 4.091149 5.114519
10970.000000 4.088407 5.109927
10980.000000 4.085497 5.106872
10990.000000 4.083062 5.102667
11000.000000 4.080236 5.100874
11010.000000 4.076674 5.101055
11020.000000 4.074521 5.096041
11030.000000 4.072300 5.092106
11040.000000 4.075128 5.095064
11050.000000 4.078038 5.096971
11060.000000 4.083804 5.103025
11070.000000 4.085558 5.103490
11080.000000 4.089459 5.108366
11090.000000 4.092949 5.111577
11100.000000 4.092967 5.112755
11110.000000 4.091537 5.111546
11120.000000 4.089156 5.105706
11130.000000 4.087611 5.102637
11140.000000 4.085930 5.103404
11150.000000 4.083716 5.100071
11160.000000 4.082261 5.096546
11170.000000 4.078632 5.096578
11180.000000 4.077789 5.090975
11190.000000 4.078555 5.090233
11200.000000 4.076485 5.091061
11210.000000 4.072855 5.091069
11220.000000 4.081555 5.095132
11230.000000 4.085743 5.103202
11240.000000 4.086070 5.104182
11250.000000 4.083400 5.104250
11260.000000 4.079922 5.104436
11270.000000 4.082837 5.101283
11280.000000 4.080481 5.100036
11290.000000 4.076952 5.100142
11300.000000 4.076556 5.096258
11310.000000 4.075650 5.094562
11320.000000 4.074349 5.094624
11330.000000 4.071191 5.089551
11340.000000 4.070002 5.085821
11350.000000 4.066505 5.085932
11360.000000 4.068336 5.080947
11370.000000 4.067523 5.078263
11380.000000 4.067313 5.079120
11390.000000 4.064979 5.075654
11400.000000 4.066958 5.075905
11410.000000 4.067704 5.077399
11420.000000 4.064612 5.077985
11430.000000 4.066131 5.073232
11440.000000 4.066289 5.075098
11450.000000 4.063634 5.072897
11460.000000 4.063122 5.071159
11470.000000 4.065216 5.071571
11480.000000 4.065385 5.076204
11490.000000 4.073454 5.084627
11500.000000 4.077186 5.088738
11510.000000 4.080337 5.092678
11520.000000 4.078851 5.090830
11530.000000 4.077695 5.084990
11540.000000 4.080581 5.086950
11550.000000 4.084523 5.090779
11560.000000 4.088962 5.098522
11570.000000 4.095340 5.105385
11580.000000 4.099563 5.110662
11590.000000 4.101569 5.113175
11600.000000 4.104855 5.117283
11610.000000 4.107246 5.118077
11620.000000 4.106617 5.118954
11630.000000 4.103209 5.119108
11640.000000 4.103545 5.112960
11650.000000 4.105315 5.114632
11660.000000 4.112618 5.121009
11670.000000 4.116358 5.126230
11680.000000 4.118984 5.132800
11690.000000 4.115661 5.133050
11700.000000 4.113247 5.128409
11710.000000 4.110659 5.125739
11720.000000 4.111260 5.127045
11730.000000 4.110648 5.126837
11740.000000 4.109293 5.122980
11750.000000 4.109899 5.120487
11760.000000 4.111803 5.121245
11770.000000 4.110849 5.122242
11780.000000 4.107810 5.119552
11790.000000 4.105818 5.117082
11800.000000 4.104002 5.113752
11810.000000 4.101343 5.111530
11820.000000 4.097907 5.111573
11830.000000 4.094774 5.106059
11840.000000 4.091689 5.106524
11850.000000 4.091941 5.102010
11860.000000 4.089016 5.102665
11870.000000 4.087254 5.097794
11880.000000 4.084324 5.094149
11890.000000 4.083535 5.092106
11900.000000 4.083277 5.092329
11910.000000 4.081329 5.090975
11920.000000 4.078249 5.088740
11930.000000 4.075569 5.085934
11940.000000 4.074895 5.085101
11950.000000 4.071668 5.085330
11960.000000 4.076913 5.086041
11970.000000 4.076217 5.086772
11980.000000 4.072955 5.086948
11990.000000 4.070310 5.081002
12000.000000 4.067354 5.077845
12010.000000 4.065374 5.076962
12020.000000 4.062321 5.074735
12030.000000 4.058999 5.074803
12040.000000 4.056247 5.070835
12050.000000 4.053857 5.067847
12060.000000 4.053805 5.067256
12070.000000 4.054769 5.070036
12080.000000 4.054857 5.070670
12090.000000 4.052525 5.068277
12100.000000 4.049814 5.066454
12110.000000 4.047962 5.063088
12120.000000 4.046639 5.063520
12130.000000 4.043469 5.063729
12140.000000 4.046538 5.060257
12150.000000 4.045204 5.059108
12160.000000 4.043250 5.055102
12170.000000 4.040152 5.052266
12180.000000 4.037290 5.050241
12190.000000 4.035924 5.048529
12200.000000 4.033240 5.046721
12210.000000 4.031340 5.042788
12220.000000 4.033128 5.046056
12230.000000 4.033275 5.048302
12240.000000 4.030083 5.048431
12250.000000 4.029310 5.042812
12260.000000 4.029436 5.043479
12270.000000 4.026377 5.043762
12280.000000 4.024602 5.040501
12290.000000 4.023618 5.040288
12300.000000 4.021433 5.035491
12310.000000 4.019795 5.034457
12320.000000 4.017167 5.030646
12330.000000 4.017744 5.029319
12340.000000 4.019408 5.033438
12350.000000 4.018039 5.033758
12360.000000 4.016067 5.030767
12370.000000 4.012905 5.030874
12380.000000 4.011848 5.024449
12390.000000 4.008993 5.021373
12400.000000 4.005812 5.021438
12410.000000 4.006899 5.020253
12420.000000 4.004592 5.017860
12430.000000 4.001460 5.017973
12440.000000 4.006485 5.019202
12450.000000 4.011119 5.025504
12460.000000 4.015574 5.031582
12470.000000 4.015305 5.032752
12480.000000 4.012198 5.032891
12490.000000 4.011032 5.028889
12500.000000 4.010028 5.027618
12510.000000 4.007650 5.025127
12520.000000 4.004550 5.022737
12530.000000 4.001751 5.019213
12540.000000 3.998687 5.019373
12550.000000 4.000878 5.018091
12560.000000 3.998368 5.015430
12570.000000 3.995364 5.012649
12580.000000 3.992623 5.009694
12590.000000 3.993809 5.010169
12600.000000 3.995645 5.013457
12610.000000 3.993525 5.012776
12620.000000 3.990376 5.012796
12630.000000 3.988577 5.007030
12640.000000 3.986891 5.004896
12650.000000 3.983741 5.004898
12660.000000 3.981173 4.999668
12670.000000 3.978457 4.997725
12680.000000 3.975510 4.996478
12690.000000 3.974136 4.993246
12700.000000 3.972153 4.990734
12710.000000 3.969084 4.990805
12720.000000 3.968178 4.985700
12730.000000 3.965704 4.982080
12740.000000 3.963765 4.981097
12750.000000 3.964919 4.980072
12760.000000 3.967347 4.983593
12770.000000 3.966957 4.984556
12780.000000 3.964760 4.982265
12790.000000 3.964120 4.979973
12800.000000 3.967506 4.982739
12810.000000 3.971016 4.987618
12820.000000 3.972738 4.988785
12830.000000 3.970603 4.985598
12840.000000 3.968488 4.980976
12850.000000 3.967139 4.979267
12860.000000 3.964856 4.977358
12870.000000 3.963320 4.975413
12880.000000 3.960961 4.972435
12890.000000 3.959557 4.971624
12900.000000 3.957110 4.966600
12910.000000 3.955597 4.964203
12920.000000 3.954800 4.963188
12930.000000 3.952699 4.959573
12940.000000 3.949713 4.959658
12950.000000 3.949848 4.953567
12960.000000 3.949875 4.953108
12970.000000 3.950888 4.954847
12980.000000 3.948626 4.953911
12990.000000 3.946867 4.949778
13000.000000 3.943984 4.949970
13010.000000 3.946777 4.948210
13020.000000 3.949694 4.953286
13030.000000 3.948171 4.950887
13040.000000 3.949136 4.953038
13050.000000 3.953431 4.957459
13060.000000 3.953945 4.959996
13070.000000 3.951900 4.956466
13080.000000 3.954175 4.958356
13090.000000 3.955852 4.962824
13100.000000 3.959323 4.966213
13110.000000 3.959483 4.965925
13120.000000 3.957220 4.963549
13130.000000 3.955324 4.959737
13140.000000 3.953094 4.957875
13150.000000 3.950158 4.957962
13160.000000 3.950828 4.955953
13170.000000 3.949185 4.952462
13180.000000 3.946265 4.952559
13190.000000 3.943906 4.946289
13200.000000 3.941447 4.943663
13210.000000 3.938551 4.943772
13220.000000 3.936295 4.939049
13230.000000 3.933414 4.939167
13240.000000 3.935653 4.934942
13250.000000 3.934341 4.934685
13260.000000 3.933180 4.931351
13270.000000 3.931923 4.928832
13280.000000 3.933295 4.930541
13290.000000 3.930730 4.926851
13300.000000 3.927888 4.926993
13310.000000 3.930002 4.927311
13320.000000 3.927645 4.924344
13330.000000 3.927450 4.923163
13340.000000 3.929788 4.925157
13350.000000 3.932059 4.927993
13360.000000 3.933027 4.931047
13370.000000 3.931023 4.930836
13380.000000 3.929183 4.928515
13390.000000 3.927015 4.925783
13400.000000 3.925108 4.923379
13410.000000 3.922625 4.919331
13420.000000 3.920090 4.919817
13430.000000 3.917292 4.916751
13440.000000 3.914921 4.915136
13450.000000 3.912012 4.915139
13460.000000 3.911305 4.907360
13470.000000 3.911429 4.907503
13480.000000 3.910025 4.903445
13490.000000 3.910981 4.904176
13500.000000 3.912362 4.905898
13510.000000 3.914607 4.907334
13520.000000 3.912781 4.905945
13530.000000 3.913684 4.908430
13540.000000 3.913597 4.907854
13550.000000 3.913059 4.907168
13560.000000 3.913578 4.907807
13570.000000 3.912268 4.907514
13580.000000 3.909697 4.904728
13590.000000 3.906937 4.904876
13600.000000 3.907582 4.901597
13610.000000 3.905396 4.900648
13620.000000 3.903820 4.898658
13630.000000 3.900985 4.898694
13640.000000 3.899801 4.892236
13650.000000 3.899141 4.890497
13660.000000 3.901445 4.890679
13670.000000 3.905109 4.894814
13680.000000 3.910239 4.899887
13690.000000 3.907521 4.900061
13700.000000 3.906890 4.894777
13710.000000 3.905978 4.894074
13720.000000 3.903946 4.893754
13730.000000 3.902040 4.890462
13740.000000 3.900364 4.888352
13750.000000 3.897560 4.888392
13760.000000 3.898594 4.886560
13770.000000 3.895998 4.885519
13780.000000 3.894611 4.881992
13790.000000 3.893673 4.881251
13800.000000 3.891448 4.880668
13810.000000 3.891821 4.878464
13820.000000 3.890995 4.878305
13830.000000 3.888194 4.878321
13840.000000 3.886733 4.874706
13850.000000 3.884790 4.873140
13860.000000 3.881996 4.873152
13870.000000 3.880493 4.869046
13880.000000 3.877760 4.869125
13890.000000 3.878593 4.863999
13900.000000 3.876037 4.864293
13910.000000 3.874047 4.858713
13920.000000 3.871998 4.856570
13930.000000 3.869731 4.855464
13940.000000 3.867286 4.853693
13950.000000 3.865438 4.852233
13960.000000 3.864224 4.848950
13970.000000 3.865580 4.849767
13980.000000 3.866465 4.850429
13990.000000 3.867260 4.851414
14000.000000 3.867162 4.849541
14010.000000 3.869092 4.851081
14020.000000 3.872225 4.856301
14030.000000 3.875566 4.860046
14040.000000 3.874895 4.859193
14050.000000 3.872536 4.859694
14060.000000 3.870557 4.856330
14070.000000 3.871840 4.854896
14080.000000 3.875793 4.862440
14090.000000 3.878354 4.867808
14100.000000 3.881137 4.870853
14110.000000 3.881055 4.872036
14120.000000 3.878364 4.872109
14130.000000 3.879277 4.868045
14140.000000 3.880311 4.869328
14150.000000 3.878101 4.867406
14160.000000 3.877959 4.866782
14170.000000 3.881109 4.868135
14180.000000 3.884156 4.872806
14190.000000 3.883500 4.871972
14200.000000 3.880840 4.872065
14210.000000 3.878554 4.868750
14220.000000 3.878072 4.867271
14230.000000 3.876182 4.864885
14240.000000 3.873568 4.865021
14250.000000 3.876980 4.863717
14260.000000 3.878146 4.865596
14270.000000 3.875463 4.865640
14280.000000 3.873817 4.860566
14290.000000 3.871161 4.860635
14300.000000 3.873804 4.859671
14310.000000 3.874460 4.859204
14320.000000 3.875357 4.861170
14330.000000 3.875020 4.859034
14340.000000 3.876267 4.859312
14350.000000 3.877803 4.860803
14360.000000 3.875523 4.861330
14370.000000 3.875087 4.857803
14380.000000 3.873107 4.856158
14390.000000 3.871582 4.852967
14400.000000 3.872873 4.854577
14410.000000 3.874938 4.856311
14420.000000 3.875067 4.858575
14430.000000 3.872549 4.857518
14440.000000 3.870562 4.854170
14450.000000 3.867892 4.854181
14460.000000 3.866191 4.850349
14470.000000 3.863575 4.850420
14480.000000 3.862553 4.846180
14490.000000 3.860868 4.844474
14500.000000 3.858608 4.842882
14510.000000 3.856126 4.843105
14520.000000 3.854397 4.839662
14530.000000 3.853635 4.836600
14540.000000 3.853528 4.837287
14550.000000 3.854103 4.838413
14560.000000 3.852957 4.836959
14570.000000 3.851029 4.835357
14580.000000 3.848476 4.835469
14590.000000 3.848218 4.830136
14600.000000 3.846005 4.827345
14610.000000 3.843667 4.825640
14620.000000 3.841332 4.823109
14630.000000 3.839231 4.821697
14640.000000 3.836677 4.821783
14650.000000 3.841632 4.822201
14660.000000 3.842219 4.822099
14670.000000 3.840661 4.821368
14680.000000 3.838060 4.821386
14690.000000 3.836893 4.816198
14700.000000 3.837756 4.817678
14710.000000 3.836685 4.817553
14720.000000 3.835020 4.814216
14730.000000 3.832468 4.814281
14740.000000 3.831042 4.810833
14750.000000 3.828988 4.809467
14760.000000 3.826495 4.807547
14770.000000 3.823929 4.807578
14780.000000 3.824519 4.802990
14790.000000 3.826947 4.804800
14800.000000 3.828779 4.806679
14810.000000 3.831200 4.809704
14820.000000 3.829425 4.808683
14830.000000 3.826900 4.808755
14840.000000 3.825388 4.803177
14850.000000 3.823466 4.799533
14860.000000 3.825103 4.799951
14870.000000 3.824779 4.800344
14880.000000 3.822369 4.800544
14890.000000 3.820896 4.795847
14900.000000 3.819910 4.792174
14910.000000 3.818984 4.788987
14920.000000 3.817946 4.788480
14930.000000 3.816235 4.785921
14940.000000 3.815377 4.785236
14950.000000 3.813154 4.781635
14960.000000 3.811734 4.779043
14970.000000 3.812786 4.779152
14980.000000 3.812196 4.780002
14990.000000 3.809766 4.778145
15000.000000 3.807260 4.775790
15010.000000 3.804942 4.776064
15020.000000 3.804400 4.771383
15030.000000 3.806450 4.773944
15040.000000 3.806305 4.772956
15050.000000 3.804959 4.773246
15060.000000 3.803374 4.770849
15070.000000 3.801512 4.767708
15080.000000 3.802760 4.770056
15090.000000 3.802263 4.769026
15100.000000 3.799999 4.769345
15110.000000 3.800605 4.765738
15120.000000 3.801949 4.767414
15130.000000 3.799468 4.767453
15140.000000 3.799329 4.763713
15150.000000 3.797136 4.760954
15160.000000 3.795262 4.758202
15170.000000 3.793037 4.756581
15180.000000 3.790843 4.753821
15190.000000 3.788473 4.752015
15200.000000 3.788215 4.750505
15210.000000 3.791805 4.753429
15220.000000 3.796606 4.760223
15230.000000 3.798940 4.765101
15240.000000 3.799450 4.766514
15250.000000 3.799930 4.766321
15260.000000 3.801218 4.769493
15270.000000 3.800483 4.768168
15280.000000 3.800443 4.768498
15290.000000 3.799119 4.766825
15300.000000 3.797480 4.763975
15310.000000 3.797934 4.762973
15320.000000 3.799127 4.762510
15330.000000 3.800552 4.762729
15340.000000 3.802480 4.765916
15350.000000 3.802090 4.765808
15360.000000 3.800781 4.763770
15370.000000 3.798753 4.761608
15380.000000 3.796645 4.760897
15390.000000 3.794545 4.759417
15400.000000 3.792750 4.757930
15410.000000 3.790625 4.756027
15420.000000 3.788795 4.752561
15430.000000 3.787400 4.750413
15440.000000 3.786614 4.750960
15450.000000 3.785073 4.749015
15460.000000 3.783257 4.744415
15470.000000 3.783953 4.745664
15480.000000 3.783726 4.745753
15490.000000 3.782208 4.742687
15500.000000 3.779920 4.742878
15510.000000 3.782647 4.743985
15520.000000 3.780718 4.741938
15530.000000 3.778349 4.742021
15540.000000 3.776542 4.737827
15550.000000 3.774816 4.734505
15560.000000 3.775577 4.733542
15570.000000 3.778147 4.737135
15580.000000 3.778492 4.736797
15590.000000 3.777191 4.736680
15600.000000 3.775218 4.733816
15610.000000 3.773696 4.732278
15620.000000 3.771465 4.730230
15630.000000 3.770800 4.729006
15640.000000 3.768536 4.728052
15650.000000 3.766552 4.726689
15660.000000 3.765659 4.724420
15670.000000 3.763350 4.724539
15680.000000 3.766509 4.722442
15690.000000 3.765644 4.720971
15700.000000 3.764418 4.719425
15710.000000 3.763407 4.717773
15720.000000 3.761747 4.717188
15730.000000 3.759364 4.717198
15740.000000 3.759150 4.713912
15750.000000 3.759714 4.715360
15760.000000 3.761135 4.716382
15770.000000 3.764747 4.718650
15780.000000 3.769206 4.722356
15790.000000 3.779867 4.731951
15800.000000 3.789236 4.745180
15810.000000 3.793128 4.749296
15820.000000 3.795553 4.753832
15830.000000 3.794281 4.752608
15840.000000 3.791909 4.752638
15850.000000 3.789865 4.750443
15860.000000 3.788549 4.749537
15870.000000 3.788980 4.748193
15880.000000 3.790104 4.748095
15890.000000 3.790083 4.745443
15900.000000 3.792906 4.749347
15910.000000 3.796398 4.754462
15920.000000 3.794956 4.755644
15930.000000 3.793336 4.753606
15940.000000 3.792245 4.750364
15950.000000 3.792811 4.751067
15960.000000 3.794515 4.752822
15970.000000 3.794196 4.752416
15980.000000 3.793731 4.752946
15990.000000 3.791517 4.750537
16000.000000 3.789170 4.750566
16010.000000 3.789198 4.746132
16020.000000 3.789943 4.747431
16030.000000 3.788418 4.746255
16040.000000 3.787841 4.745155
16050.000000 3.785566 4.745262
16060.000000 3.783405 4.742915
16070.000000 3.781374 4.741840
16080.000000 3.779040 4.741863
16090.000000 3.779871 4.737720
16100.000000 3.785569 4.741902
16110.000000 3.792396 4.750816
16120.000000 3.799133 4.759989
16130.000000 3.807962 4.770304
16140.000000 3.815278 4.779833
16150.000000 3.821117 4.787141
16160.000000 3.825101 4.793241
16170.000000 3.828267 4.796086
16180.000000 3.831745 4.799693
16190.000000 3.833441 4.801811
16200.000000 3.833889 4.803852
16210.000000 3.832888 4.802962
16220.000000 3.830653 4.803122
16230.000000 3.831753 4.802638
16240.000000 3.829394 4.802638
16250.000000 3.828581 4.800127
16260.000000 3.826785 4.797126
16270.000000 3.825312 4.796011
16280.000000 3.824321 4.795128
16290.000000 3.823647 4.794643
16300.000000 3.824374 4.795177
16310.000000 3.823124 4.793969
16320.000000 3.820936 4.794163
16330.000000 3.821096 4.788833
16340.000000 3.818774 4.788855
16350.000000 3.817035 4.785930
16360.000000 3.814711 4.785941
16370.000000 3.815261 4.783321
16380.000000 3.812969 4.783368
16390.000000 3.814642 4.782527
16400.000000 3.817535 4.785780
16410.000000 3.820309 4.789615
16420.000000 3.821343 4.789805
16430.000000 3.820295 4.789215
16440.000000 3.818443 4.786885
16450.000000 3.816169 4.786943
16460.000000 3.818231 4.784416
16470.000000 3.820795 4.788714
16480.000000 3.820249 4.788023
16490.000000 3.818857 4.788089
16500.000000 3.817016 4.786500
16510.000000 3.815968 4.784812
16520.000000 3.814174 4.782918
16530.000000 3.812524 4.781927
16540.000000 3.810946 4.779576
16550.000000 3.808806 4.777968
16560.000000 3.807021 4.776805
16570.000000 3.805131 4.775145
16580.000000 3.803071 4.773994
16590.000000 3.801637 4.772182
16600.000000 3.800008 4.771207
16610.000000 3.798263 4.767562
16620.000000 3.797085 4.767151
16630.000000 3.794826 4.765742
16640.000000 3.794778 4.764590
16650.000000 3.793978 4.765369
16660.000000 3.794105 4.763001
16670.000000 3.796457 4.766659
16680.000000 3.797395 4.767466
16690.000000 3.798183 4.769161
16700.000000 3.798612 4.770044
16710.000000 3.797998 4.770336
16720.000000 3.797511 4.769352
16730.000000 3.796946 4.768987
16740.000000 3.795055 4.766956
16750.000000 3.793434 4.764906
16760.000000 3.792784 4.763718
16770.000000 3.791966 4.763035
16780.000000 3.790702 4.761076
16790.000000 3.789370 4.762240
16800.000000 3.787847 4.758531
16810.000000 3.787706 4.758696
16820.000000 3.789342 4.758604
16830.000000 3.793301 4.761785
16840.000000 3.800362 4.771704
16850.000000 3.804572 4.777690
16860.000000 3.808659 4.782808
16870.000000 3.811484 4.787056
16880.000000 3.810769 4.787213
16890.000000 3.808605 4.787329
16900.000000 3.806845 4.782610
16910.000000 3.805365 4.779317
16920.000000 3.805036 4.777472
16930.000000 3.802996 4.777732
16940.000000 3.802412 4.775567
16950.000000 3.803350 4.777794
16960.000000 3.804338 4.778667
16970.000000 3.805973 4.780354
16980.000000 3.808557 4.783586
16990.000000 3.811759 4.786532
17000.000000 3.814290 4.788636
17010.000000 3.815690 4.792505
17020.000000 3.813577 4.792666
17030.000000 3.812345 4.787924
17040.000000 3.811204 4.787536
17050.000000 3.808994 4.787568
17060.000000 3.811570 4.786558
17070.000000 3.811394 4.787380
17080.000000 3.810809 4.786632
17090.000000 3.809795 4.786400
17100.000000 3.808580 4.783805
17110.000000 3.806702 4.781783
17120.000000 3.804488 4.781796
17130.000000 3.805493 4.779186
17140.000000 3.805525 4.779213
17150.000000 3.806562 4.781203
17160.000000 3.806693 4.781703
17170.000000 3.805354 4.780008
17180.000000 3.803841 4.777046
17190.000000 3.803130 4.775791
17200.000000 3.801040 4.775943
17210.000000 3.800892 4.773652
17220.000000 3.798706 4.773679
17230.000000 3.800330 4.771181
17240.000000 3.804065 4.775859
17250.000000 3.805239 4.778363
17260.000000 3.805136 4.777526
17270.000000 3.803359 4.775977
17280.000000 3.801370 4.773119
17290.000000 3.800740 4.769199
17300.000000 3.800539 4.768937
17310.000000 3.799979 4.768914
17320.000000 3.799006 4.767337
17330.000000 3.801908 4.768550
17340.000000 3.803783 4.770894
17350.000000 3.805889 4.773525
17360.000000 3.807291 4.773550
17370.000000 3.811053 4.778603
17380.000000 3.814818 4.781935
17390.000000 3.817912 4.787187
17400.000000 3.821107 4.791184
17410.000000 3.821955 4.792585
17420.000000 3.821925 4.792538
17430.000000 3.822767 4.792896
17440.000000 3.824896 4.795556
17450.000000 3.823410 4.795408
17460.000000 3.821895 4.792121
17470.000000 3.822910 4.793385
17480.000000 3.823823 4.794177
17490.000000 3.824090 4.794161
17500.000000 3.824958 4.795584
17510.000000 3.826340 4.796279
17520.000000 3.831147 4.802297
17530.000000 3.835976 4.807998
17540.000000 3.842379 4.817738
17550.000000 3.847559 4.823535
17560.000000 3.850200 4.826149
17570.000000 3.853266 4.828950
17580.000000 3.855722 4.830988
17590.000000 3.856141 4.832539
17600.000000 3.854370 4.830656
17610.000000 3.852223 4.830709
17620.000000 3.852343 4.830163
17630.000000 3.851989 4.828681
17640.000000 3.853661 4.831113
17650.000000 3.852658 4.829847
17660.000000 3.852082 4.828431
17670.000000 3.850887 4.826583
17680.000000 3.848992 4.824885
17690.000000 3.847043 4.822092
17700.000000 3.846215 4.820706
17710.000000 3.845592 4.818554
17720.000000 3.844263 4.817563
17730.000000 3.842188 4.816317
17740.000000 3.840108 4.815064
17750.000000 3.838516 4.812039
17760.000000 3.836517 4.812242
17770.000000 3.835390 4.807765
17780.000000 3.834443 4.806910
17790.000000 3.832338 4.806973
17800.000000 3.831641 4.803043
17810.000000 3.830406 4.800811
17820.000000 3.829398 4.800891
17830.000000 3.827362 4.800019
17840.000000 3.827326 4.798952
17850.000000 3.828212 4.798370
17860.000000 3.826289 4.798647
17870.000000 3.829282 4.799359
17880.000000 3.830160 4.801800
17890.000000 3.830214 4.801859
17900.000000 3.828894 4.798852
17910.000000 3.828449 4.797952
17920.000000 3.828580 4.799116
17930.000000 3.826555 4.799254
17940.000000 3.827870 4.798211
17950.000000 3.830052 4.800603
17960.000000 3.832885 4.803811
17970.000000 3.838158 4.810413
17980.000000 3.843546 4.817830
17990.000000 3.847614 4.824266
18000.000000 3.847776 4.824798
18010.000000 3.849019 4.825003
18020.000000 3.851377 4.827616
18030.000000 3.853343 4.830409
18040.000000 3.854115 4.831369
18050.000000 3.853068 4.830384
18060.000000 3.851035 4.830511
18070.000000 3.850098 4.826646
18080.000000 3.848991 4.822910
18090.000000 3.848129 4.821823
18100.000000 3.845954 4.819758
18110.000000 3.844517 4.818951
18120.000000 3.844066 4.817712
18130.000000 3.844202 4.816877
18140.000000 3.844998 4.815871
18150.000000 3.846601 4.817873
18160.000000 3.846553 4.817476
18170.000000 3.844941 4.818109
18180.000000 3.844925 4.815427
18190.000000 3.842854 4.815481
18200.000000 3.841621 4.811610
18210.000000 3.839558 4.811668
18220.000000 3.838331 4.809132
18230.000000 3.836860 4.807283
18240.000000 3.836696 4.806080
18250.000000 3.839186 4.809193
18260.000000 3.839198 4.810523
18270.000000 3.837198 4.809330
18280.000000 3.835287 4.807587
18290.000000 3.833975 4.806264
18300.000000 3.832246 4.804749
18310.000000 3.830961 4.802472
18320.000000 3.831658 4.803338
18330.000000 3.829684 4.803483
18340.000000 3.828829 4.800433
18350.000000 3.827620 4.799236
18360.000000 3.825944 4.797454
18370.000000 3.824008 4.797638
18380.000000 3.822976 4.793716
18390.000000 3.821297 4.791277
18400.000000 3.820255 4.790289
18410.000000 3.820861 4.789083
18420.000000 3.821829 4.789963
18430.000000 3.822966 4.790079
18440.000000 3.821561 4.788637
18450.000000 3.819831 4.789065
18460.000000 3.818626 4.786572
18470.000000 3.817890 4.785967
18480.000000 3.816318 4.786585
18490.000000 3.816200 4.783833
18500.000000 3.816325 4.784307
18510.000000 3.815015 4.783304
18520.000000 3.814154 4.783189
18530.000000 3.813080 4.781187
18540.000000 3.811135 4.781327
18550.000000 3.812517 4.778527
18560.000000 3.813925 4.779639
18570.000000 3.813830 4.779513
18580.000000 3.813501 4.779094
18590.000000 3.811577 4.779253
18600.000000 3.809908 4.776509
18610.000000 3.807887 4.776542
18620.000000 3.811728 4.776203
18630.000000 3.811753 4.776549
18640.000000 3.811073 4.775370
18650.000000 3.809370 4.774834
18660.000000 3.808182 4.773338
18670.000000 3.806157 4.773357
18680.000000 3.806495 4.773131
18690.000000 3.804711 4.771205
18700.000000 3.803040 4.770061
18710.000000 3.801049 4.770114
18720.000000 3.799669 4.765816
18730.000000 3.797759 4.764049
18740.000000 3.796006 4.762480
18750.000000 3.793992 4.762493
18760.000000 3.792584 4.758486
18770.000000 3.790895 4.756674
18780.000000 3.789316 4.754049
18790.000000 3.787322 4.754078
18800.000000 3.786254 4.751456
18810.000000 3.784382 4.751634
18820.000000 3.783512 4.747996
18830.000000 3.785725 4.750763
18840.000000 3.788512 4.753935
18850.000000 3.791127 4.755622
18860.000000 3.796370 4.760291
18870.000000 3.803806 4.768657
18880.000000 3.811050 4.777730
18890.000000 3.817479 4.785466
18900.000000 3.821407 4.791018
18910.000000 3.824200 4.793558
18920.000000 3.825179 4.795732
18930.000000 3.823212 4.795799
18940.000000 3.822679 4.791948
18950.000000 3.822750 4.791713
18960.000000 3.825183 4.792855
18970.000000 3.828553 4.797071
18980.000000 3.831521 4.801417
18990.000000 3.834942 4.805381
19000.000000 3.837615 4.808407
19010.000000 3.837514 4.808908
19020.000000 3.835575 4.809008
19030.000000 3.834754 4.806070
19040.000000 3.832847 4.806204
19050.000000 3.834406 4.804989
19060.000000 3.834588 4.805527
19070.000000 3.833076 4.803625
19080.000000 3.831700 4.800948
19090.000000 3.830715 4.800023
19100.000000 3.830425 4.800284
19110.000000 3.828440 4.800308
19120.000000 3.828093 4.797977
19130.000000 3.827366 4.796116
19140.000000 3.827343 4.795767
19150.000000 3.828665 4.796476
19160.000000 3.828304 4.795705
19170.000000 3.829569 4.797912
19180.000000 3.828516 4.797213
19190.000000 3.826523 4.797215
19200.000000 3.826178 4.794584
19210.000000 3.824265 4.794683
19220.000000 3.824379 4.792318
19230.000000 3.824814 4.791919
19240.000000 3.825925 4.792057
19250.000000 3.826305 4.793776
19260.000000 3.824521 4.794030
19270.000000 3.823565 4.791267
19280.000000 3.821824 4.787212
19290.000000 3.821676 4.787333
19300.000000 3.820150 4.785726
19310.000000 3.819757 4.785229
19320.000000 3.819156 4.783540
19330.000000 3.818499 4.783021
19340.000000 3.816566 4.783073
19350.000000 3.815742 4.779558
19360.000000 3.814259 4.778004
19370.000000 3.812376 4.778112
19380.000000 3.811246 4.775454
19390.000000 3.810075 4.774907
19400.000000 3.809094 4.771514
19410.000000 3.809512 4.772339
19420.000000 3.810784 4.774543
19430.000000 3.810530 4.774220
19440.000000 3.809385 4.774011
19450.000000 3.808888 4.772150
19460.000000 3.812220 4.775398
19470.000000 3.814925 4.779088
19480.000000 3.815629 4.779350
19490.000000 3.816948 4.781611
19500.000000 3.815095 4.781743
19510.000000 3.814469 4.778803
19520.000000 3.812633 4.778950
19530.000000 3.811858 4.775215
19540.000000 3.810981 4.774723
19550.000000 3.809194 4.774926
19560.000000 3.809582 4.772959
19570.000000 3.807788 4.771622
19580.000000 3.805974 4.769343
19590.000000 3.804600 4.767614
19600.000000 3.804670 4.766782
19610.000000 3.804653 4.767973
19620.000000 3.802746 4.768013
19630.000000 3.801551 4.766508
19640.000000 3.800804 4.764955
19650.000000 3.801230 4.766699
19660.000000 3.800933 4.766623
19670.000000 3.800713 4.767250
19680.000000 3.798854 4.767342
19690.000000 3.798505 4.765375
19700.000000 3.796953 4.763723
19710.000000 3.795888 4.762984
19720.000000 3.794008 4.763040
19730.000000 3.792970 4.758094
19740.000000 3.792005 4.757479
19750.000000 3.790432 4.755799
19760.000000 3.788922 4.754198
19770.000000 3.787682 4.752633
19780.000000 3.786160 4.751618
19790.000000 3.784510 4.750140
19800.000000 3.782867 4.748369
19810.000000 3.781677 4.746263
19820.000000 3.780087 4.743958
19830.000000 3.778194 4.743974
19840.000000 3.777344 4.742296
19850.000000 3.777325 4.741063
19860.000000 3.776450 4.739654
19870.000000 3.775460 4.738701
19880.000000 3.774665 4.737993
19890.000000 3.773034 4.738328
19900.000000 3.772662 4.737551
19910.000000 3.770814 4.737611
19920.000000 3.770088 4.735491
19930.000000 3.768495 4.735867
19940.000000 3.767662 4.733018
19950.000000 3.765782 4.733028
19960.000000 3.766809 4.729243
19970.000000 3.768986 4.732264
19980.000000 3.769369 4.733924
19990.000000 3.767550 4.734007
20000.000000 3.767412 4.731147
20010.000000 3.766487 4.730864
20020.000000 3.764687 4.730967
20030.000000 3.765324 4.730270
20040.000000 3.764034 4.728638
20050.000000 3.762265 4.728774
20060.000000 3.761370 4.724676
20070.000000 3.760745 4.723880
20080.000000 3.761356 4.724932
20090.000000 3.759789 4.722951
20100.000000 3.758386 4.720882
20110.000000 3.756760 4.717944
20120.000000 3.755686 4.715701
20130.000000 3.756838 4.716843
20140.000000 3.757352 4.718361
20150.000000 3.756417 4.718058
20160.000000 3.754583 4.717507
20170.000000 3.753396 4.715415
20180.000000 3.752036 4.713695
20190.000000 3.751680 4.712943
20200.000000 3.749826 4.712947
20210.000000 3.751008 4.711783
20220.000000 3.752962 4.713348
20230.000000 3.756375 4.717037
20240.000000 3.762643 4.725190
20250.000000 3.767545 4.731629
20260.000000 3.771423 4.736782
20270.000000 3.775103 4.740512
20280.000000 3.777919 4.744331
20290.000000 3.776704 4.742794
20300.000000 3.774945 4.741454
20310.000000 3.774623 4.740745
20320.000000 3.773217 4.739261
20330.000000 3.771433 4.739352
20340.000000 3.770407 4.735709
20350.000000 3.769219 4.734791
20360.000000 3.767446 4.734889
20370.000000 3.766906 4.730695
20380.000000 3.765729 4.728331
20390.000000 3.765134 4.728739
20400.000000 3.763838 4.727392
20410.000000 3.763406 4.726547
20420.000000 3.763833 4.726781
20430.000000 3.763169 4.726518
20440.000000 3.764529 4.727344
20450.000000 3.765975 4.729149
20460.000000 3.764658 4.728355
20470.000000 3.762854 4.728399
20480.000000 3.761935 4.724913
20490.000000 3.761157 4.724793
20500.000000 3.759868 4.723163
20510.000000 3.758807 4.721529
20520.000000 3.757569 4.720829
20530.000000 3.756582 4.719579
20540.000000 3.754807 4.719646
20550.000000 3.755139 4.717166
20560.000000 3.754697 4.716311
20570.000000 3.754025 4.716319
20580.000000 3.753542 4.715413
20590.000000 3.752507 4.714102
20600.000000 3.753134 4.714302
20610.000000 3.752095 4.712700
20620.000000 3.750423 4.712884
20630.000000 3.749376 4.711269
20640.000000 3.749060 4.710001
20650.000000 3.748173 4.710307
20660.000000 3.746589 4.708878
20670.000000 3.745685 4.707156
20680.000000 3.743969 4.705846
20690.000000 3.742194 4.705890
20700.000000 3.741938 4.703554
20710.000000 3.740216 4.703660
20720.000000 3.738818 4.700747
20730.000000 3.737126 4.700887
20740.000000 3.737757 4.699672
20750.000000 3.736029 4.699763
20760.000000 3.737896 4.698112
20770.000000 3.741877 4.703388
20780.000000 3.744536 4.707002
20790.000000 3.746773 4.708379
20800.000000 3.748702 4.711359
20810.000000 3.750098 4.714241
20820.000000 3.751817 4.715819
20830.000000 3.753574 4.718300
20840.000000 3.754606 4.719300
20850.000000 3.757070 4.720962
20860.000000 3.757208 4.721123
20870.000000 3.759191 4.724456
20880.000000 3.757110 4.721828
20890.000000 3.755324 4.721844
20900.000000 3.754639 4.719834
20910.000000 3.754224 4.719866
20920.000000 3.752502 4.719958
20930.000000 3.752597 4.718362
20940.000000 3.751197 4.717155
20950.000000 3.749871 4.716606
20960.000000 3.748100 4.716629
20970.000000 3.747087 4.713359
20980.000000 3.745590 4.712310
20990.000000 3.744452 4.710016
21000.000000 3.744012 4.709167
21010.000000 3.745438 4.710383
21020.000000 3.747165 4.712823
21030.000000 3.749515 4.714355
21040.000000 3.752616 4.718523
21050.000000 3.754898 4.720815
21060.000000 3.754907 4.720814
21070.000000 3.753910 4.719828
21080.000000 3.752180 4.719892
21090.000000 3.750869 4.717104
21100.000000 3.749107 4.717124
21110.000000 3.748126 4.713065
21120.000000 3.746686 4.711522
21130.000000 3.745004 4.711637
21140.000000 3.745428 4.710753
21150.000000 3.744255 4.708424
21160.000000 3.744450 4.707537
21170.000000 3.745544 4.708620
21180.000000 3.745902 4.709058
21190.000000 3.744492 4.709507
21200.000000 3.743418 4.708143
21210.000000 3.741726 4.708235
21220.000000 3.740680 4.707183
21230.000000 3.739192 4.705574
21240.000000 3.737874 4.703902
21250.000000 3.736153 4.703949
21260.000000 3.736834 4.701727
21270.000000 3.739359 4.704890
21280.000000 3.742092 4.708593
21290.000000 3.744627 4.710654
21300.000000 3.746520 4.713857
21310.000000 3.745942 4.713114
21320.000000 3.744676 4.712342
21330.000000 3.743716 4.710563
21340.000000 3.742535 4.709895
21350.000000 3.741635 4.707915
21360.000000 3.740935 4.707020
21370.000000 3.741470 4.706847
21380.000000 3.745011 4.710456
21390.000000 3.749920 4.716062
21400.000000 3.754751 4.722680
21410.000000 3.759398 4.728789
21420.000000 3.762800 4.733332
21430.000000 3.764644 4.735082
21440.000000 3.766224 4.735944
21450.000000 3.768193 4.739240
21460.000000 3.769400 4.740189
21470.000000 3.772744 4.742437
21480.000000 3.778955 4.749398
21490.000000 3.785021 4.757010
21500.000000 3.789014 4.763129
21510.000000 3.789913 4.764248
21520.000000 3.789245 4.763951
21530.000000 3.787968 4.762333
21540.000000 3.786624 4.760353
21550.000000 3.785390 4.757401
21560.000000 3.784522 4.755744
21570.000000 3.783508 4.754734
21580.000000 3.783513 4.754729
21590.000000 3.785073 4.755847
21600.000000 3.784896 4.756997
21610.000000 3.783619 4.754827
21620.000000 3.784262 4.756453
21630.000000 3.785773 4.757511
21640.000000 3.788720 4.759820
21650.000000 3.792268 4.764267
21660.000000 3.795827 4.767067
21670.000000 3.799501 4.773054
21680.000000 3.800903 4.775358
21690.000000 3.799245 4.775477
21700.000000 3.798294 4.772335
21710.000000 3.797246 4.771559
21720.000000 3.795806 4.770289
21730.000000 3.794517 4.769209
21740.000000 3.794158 4.767919
21750.000000 3.793251 4.765666
21760.000000 3.792648 4.764622
21770.000000 3.791988 4.764607
21780.000000 3.790799 4.763376
21790.000000 3.789907 4.760872
21800.000000 3.789217 4.761091
21810.000000 3.787509 4.761128
21820.000000 3.787359 4.758185
21830.000000 3.785640 4.758206
21840.000000 3.784660 4.754500
21850.000000 3.782931 4.754503
21860.000000 3.781345 4.752771
21870.000000 3.779668 4.752837
21880.000000 3.783550 4.754700
21890.000000 3.784396 4.755751
21900.000000 3.784073 4.756152
21910.000000 3.782372 4.756185
21920.000000 3.781259 4.752319
21930.000000 3.780448 4.751288
21940.000000 3.778745 4.751314
21950.000000 3.777114 4.749522
21960.000000 3.775428 4.749020
21970.000000 3.774170 4.747968
21980.000000 3.772697 4.746917
21990.000000 3.771211 4.745576
22000.000000 3.770722 4.743860
22010.000000 3.769441 4.744405
22020.000000 3.767808 4.742876
22030.000000 3.767123 4.741186
22040.000000 3.765828 4.738459
22050.000000 3.764396 4.737184
22060.000000 3.762823 4.737352
22070.000000 3.761960 4.734900
22080.000000 3.761298 4.734591
22090.000000 3.760756 4.733623
22100.000000 3.760904 4.734604
22110.000000 3.759595 4.734019
22120.000000 3.758770 4.732426
22130.000000 3.757097 4.732458
22140.000000 3.756121 4.730404
22150.000000 3.754428 4.730409
22160.000000 3.754776 4.727872
22170.000000 3.755417 4.728128
22180.000000 3.754615 4.726298
22190.000000 3.753391 4.725277
22200.000000 3.751999 4.724850
22210.000000 3.750399 4.723890
22220.000000 3.749864 4.723200
22230.000000 3.748782 4.723963
22240.000000 3.748889 4.721939
22250.000000 3.747869 4.721441
22260.000000 3.746424 4.720672
22270.000000 3.747417 4.720571
22280.000000 3.748073 4.722449
22290.000000 3.748746 4.723014
22300.000000 3.747720 4.722237
22310.000000 3.746381 4.720533
22320.000000 3.746419 4.721631
22330.000000 3.746691 4.721423
22340.000000 3.747452 4.722630
22350.000000 3.747067 4.722662
22360.000000 3.746093 4.722214
22370.000000 3.744435 4.722235
22380.000000 3.744830 4.719789
22390.000000 3.744359 4.720241
22400.000000 3.742726 4.720289
22410.000000 3.741546 4.717190
22420.000000 3.739981 4.717321
22430.000000 3.739602 4.714703
22440.000000 3.738182 4.713424
22450.000000 3.736879 4.711763
22460.000000 3.735226 4.711776
22470.000000 3.733723 4.709333
22480.000000 3.732102 4.709383
22490.000000 3.731568 4.706840
22500.000000 3.732120 4.707254
22510.000000 3.733367 4.709071
22520.000000 3.733965 4.711390
22530.000000 3.732860 4.711031
22540.000000 3.731214 4.711045
22550.000000 3.730745 4.708586
22560.000000 3.729565 4.706812
22570.000000 3.727919 4.706822
22580.000000 3.729359 4.706250
22590.000000 3.732018 4.708533
22600.000000 3.735112 4.713996
22610.000000 3.736801 4.715318
22620.000000 3.739150 4.717473
22630.000000 3.742985 4.720975
22640.000000 3.746488 4.725376
22650.000000 3.749951 4.730515
22660.000000 3.752885 4.734196
22670.000000 3.753117 4.735788
22680.000000 3.752028 4.734658
22690.000000 3.750494 4.734809
22700.000000 3.750176 4.730965
22710.000000 3.749633 4.731050
22720.000000 3.748469 4.729562
22730.000000 3.747471 4.727496
22740.000000 3.745864 4.727547
22750.000000 3.744822 4.724901
22760.000000 3.743392 4.723602
22770.000000 3.741895 4.723787
22780.000000 3.742039 4.722902
22790.000000 3.741279 4.721660
22800.000000 3.740064 4.720107
22810.000000 3.739772 4.719457
22820.000000 3.738871 4.718040
22830.000000 3.737306 4.717350
22840.000000 3.735975 4.716171
22850.000000 3.734491 4.715058
22860.000000 3.732893 4.715103
22870.000000 3.734311 4.714009
22880.000000 3.734805 4.715132
22890.000000 3.733640 4.714161
22900.000000 3.734583 4.714810
22910.000000 3.734699 4.715456
22920.000000 3.733364 4.715049
22930.000000 3.732216 4.713578
22940.000000 3.730595 4.713584
22950.000000 3.730154 4.710412
22960.000000 3.729328 4.710644
22970.000000 3.727795 4.709722
22980.000000 3.727463 4.709021
22990.000000 3.725879 4.709069
23000.000000 3.725097 4.705988
23010.000000 3.724171 4.705314
23020.000000 3.722675 4.705468
23030.000000 3.722539 4.703207
23040.000000 3.721277 4.702365
23050.000000 3.719795 4.701759
23060.000000 3.718657 4.700298
23070.000000 3.718768 4.700930
23080.000000 3.718475 4.700022
23090.000000 3.718071 4.699231
23100.000000 3.717772 4.697802
23110.000000 3.716816 4.695803
23120.000000 3.715264 4.695873
23130.000000 3.714453 4.693543
23140.000000 3.713352 4.692386
23150.000000 3.712101 4.690782
23160.000000 3.711416 4.690150
23170.000000 3.709904 4.690265
23180.000000 3.708907 4.687702
23190.000000 3.707820 4.685796
23200.000000 3.706835 4.685804
23210.000000 3.705765 4.685449
23220.000000 3.704550 4.683891
23230.000000 3.703106 4.682551
23240.000000 3.701519 4.682560
23250.000000 3.703133 4.681775
23260.000000 3.702782 4.680799
23270.000000 3.703680 4.681657
23280.000000 3.704324 4.682448
23290.000000 3.703120 4.681921
23300.000000 3.701752 4.679914
23310.000000 3.700183 4.679938
23320.000000 3.699198 4.677401
23330.000000 3.698827 4.677162
23340.000000 3.697853 4.676160
23350.000000 3.697607 4.675067
23360.000000 3.699101 4.676426
23370.000000 3.699947 4.677725
23380.000000 3.700379 4.678503
23390.000000 3.699539 4.677923
23400.000000 3.699731 4.677384
23410.000000 3.698552 4.676376
23420.000000 3.696997 4.676406
23430.000000 3.695530 4.675032
23440.000000 3.694034 4.675134
23450.000000 3.693481 4.673149
23460.000000 3.693589 4.672253
23470.000000 3.694494 4.674381
23480.000000 3.694182 4.673207
23490.000000 3.694191 4.673698
23500.000000 3.693556 4.674128
23510.000000 3.691992 4.674138
23520.000000 3.691820 4.671379
23530.000000 3.691014 4.671089
23540.000000 3.689484 4.671138
23550.000000 3.689856 4.670328
23560.000000 3.689471 4.670066
23570.000000 3.688027 4.670220
23580.000000 3.686975 4.668109
23590.000000 3.686904 4.667493
23600.000000 3.688596 4.669109
23610.000000 3.688295 4.669705
23620.000000 3.686787 4.669772
23630.000000 3.685850 4.666808
23640.000000 3.684799 4.664702
23650.000000 3.685783 4.665424
23660.000000 3.686451 4.666992
23670.000000 3.684980 4.667102
23680.000000 3.684732 4.665015
23690.000000 3.684801 4.665826
23700.000000 3.684133 4.665203
23710.000000 3.684160 4.665462
23720.000000 3.683201 4.663723
23730.000000 3.681795 4.663909
23740.000000 3.680851 4.661442
23750.000000 3.679636 4.659878
23760.000000 3.678593 4.658780
23770.000000 3.677794 4.657991
23780.000000 3.678984 4.659223
23790.000000 3.679428 4.659016
23800.000000 3.680551 4.660661
23810.000000 3.679658 4.660744
23820.000000 3.678624 4.660151
23830.000000 3.678961 4.660799
23840.000000 3.679373 4.661047
23850.000000 3.679680 4.661905
23860.000000 3.678186 4.661967
23870.000000 3.679827 4.660060
23880.000000 3.681074 4.662109
23890.000000 3.679688 4.662304
23900.000000 3.678869 4.659758
23910.000000 3.677550 4.658554
23920.000000 3.676699 4.657944
23930.000000 3.675488 4.655397
23940.000000 3.674536 4.653920
23950.000000 3.673529 4.652373
23960.000000 3.673262 4.652747
23970.000000 3.672231 4.650678
23980.000000 3.673830 4.651695
23990.000000 3.678318 4.656861
24000.000000 3.680708 4.659616
24010.000000 3.682325 4.661146
24020.000000 3.681931 4.661605
24030.000000 3.680411 4.661621
24040.000000 3.680652 4.660181
24050.000000 3.680767 4.658096
24060.000000 3.680848 4.658419
24070.000000 3.680054 4.656900
24080.000000 3.679101 4.655181
24090.000000 3.677835 4.654289
24100.000000 3.676558 4.652650
24110.000000 3.677170 4.652667
24120.000000 3.678858 4.655024
24130.000000 3.678536 4.656546
24140.000000 3.677905 4.655234
24150.000000 3.676399 4.655256
24160.000000 3.676278 4.651664
24170.000000 3.677627 4.653347
24180.000000 3.679258 4.654900
24190.000000 3.680972 4.657532
24200.000000 3.681421 4.657591
24210.000000 3.681433 4.657825
24220.000000 3.679926 4.657842
24230.000000 3.679466 4.655047
24240.000000 3.678241 4.653717
24250.000000 3.676911 4.652254
24260.000000 3.675794 4.650575
24270.000000 3.674521 4.649910
24280.000000 3.673254 4.648284
24290.000000 3.671994 4.647875
24300.000000 3.670657 4.647127
24310.000000 3.669878 4.645633
24320.000000 3.668459 4.645021
24330.000000 3.668102 4.643578
24340.000000 3.668411 4.643220
24350.000000 3.667432 4.641716
24360.000000 3.665949 4.641744
24370.000000 3.665837 4.638685
24380.000000 3.666367 4.639333
24390.000000 3.667245 4.640661
24400.000000 3.667097 4.638766
24410.000000 3.667856 4.639944
24420.000000 3.667320 4.639725
24430.000000 3.666711 4.638930
24440.000000 3.665686 4.637851
24450.000000 3.664612 4.636228
24460.000000 3.665298 4.637313
24470.000000 3.667730 4.640368
24480.000000 3.670351 4.643661
24490.000000 3.673125 4.646907
24500.000000 3.676773 4.651019
24510.000000 3.680340 4.655509
24520.000000 3.683442 4.660131
24530.000000 3.685915 4.663958
24540.000000 3.686721 4.665676
24550.000000 3.687773 4.666263
24560.000000 3.691166 4.669570
24570.000000 3.694387 4.674104
24580.000000 3.696930 4.676816
24590.000000 3.699218 4.680410
24600.000000 3.699970 4.680857
24610.000000 3.701805 4.682673
24620.000000 3.703630 4.684719
24630.000000 3.704415 4.686170
24640.000000 3.704715 4.686286
24650.000000 3.705047 4.686203
24660.000000 3.703617 4.686295
24670.000000 3.706520 4.685859
24680.000000 3.707974 4.686475
24690.000000 3.708070 4.686335
24700.000000 3.709933 4.686750
24710.000000 3.712565 4.690055
24720.000000 3.715151 4.693303
24730.000000 3.716329 4.695250
24740.000000 3.717466 4.695228
24750.000000 3.718276 4.696230
24760.000000 3.718046 4.696400
24770.000000 3.716817 4.695546
24780.000000 3.715358 4.695597
24790.000000 3.714453 4.693475
24800.000000 3.713164 4.692304
24810.000000 3.711803 4.691519
24820.000000 3.711215 4.690038
24830.000000 3.712435 4.690127
24840.000000 3.713006 4.691544
24850.000000 3.713245 4.691349
24860.000000 3.712406 4.690030
24870.000000 3.712841 4.691036
24880.000000 3.712649 4.690773
24890.000000 3.713242 4.690312
24900.000000 3.715210 4.692301
24910.000000 3.717780 4.695051
24920.000000 3.720309 4.698702
24930.000000 3.722387 4.701546
24940.000000 3.722550 4.702447
24950.000000 3.721287 4.701069
24960.000000 3.720534 4.699384
24970.000000 3.719063 4.699408
24980.000000 3.718667 4.696987
24990.000000 3.718062 4.695966
25000.000000 3.716626 4.696031
25010.000000 3.716291 4.694163
25020.000000 3.715501 4.692672
25030.000000 3.714047 4.692711
25040.000000 3.714539 4.690945
25050.000000 3.715113 4.690705
25060.000000 3.714422 4.689813
25070.000000 3.713365 4.688460
25080.000000 3.711950 4.688543
25090.000000 3.712435 4.687012
25100.000000 3.711860 4.685796
25110.000000 3.710705 4.685026
25120.000000 3.709250 4.685054
25130.000000 3.708949 4.684183
25140.000000 3.708229 4.682079
25150.000000 3.707915 4.681900
25160.000000 3.706932 4.681813
25170.000000 3.705638 4.679926
25180.000000 3.704336 4.680139
25190.000000 3.708733 4.681214
25200.000000 3.714619 4.686513
25210.000000 3.722460 4.696387
25220.000000 3.731539 4.706883
25230.000000 3.740001 4.717775
25240.000000 3.749053 4.729177
25250.000000 3.757929 4.739646
25260.000000 3.766980 4.749858
25270.000000 3.776075 4.760835
25280.000000 3.784200 4.771300
25290.000000 3.793969 4.783125
25300.000000 3.804728 4.796912
25310.000000 3.814019 4.809088
25320.000000 3.822486 4.818788
25330.000000 3.831409 4.829540
25340.000000 3.840318 4.841717
25350.000000 3.847621 4.850666
25360.000000 3.851465 4.855979
25370.000000 3.855189 4.860899
25380.000000 3.859853 4.866038
25390.000000 3.865497 4.872653
25400.000000 3.871162 4.878809
25410.000000 3.875614 4.885373
25420.000000 3.878021 4.888391
25430.000000 3.879936 4.890304
25440.000000 3.881739 4.892561
25450.000000 3.884008 4.895405
25460.000000 3.886185 4.897405
25470.000000 3.887088 4.900224
25480.000000 3.885969 4.898797
25490.000000 3.884516 4.898888
25500.000000 3.884413 4.897530
25510.000000 3.883170 4.896430
25520.000000 3.882429 4.895236
25530.000000 3.881391 4.895120
25540.000000 3.880173 4.893325
25550.000000 3.879467 4.892659
25560.000000 3.878066 4.892807
25570.000000 3.877187 4.890473
25580.000000 3.875842 4.888759
25590.000000 3.874710 4.887314
25600.000000 3.873258 4.887392
25610.000000 3.872799 4.884387
25620.000000 3.871737 4.882792
25630.000000 3.870864 4.880712
25640.000000 3.869496 4.878732
25650.000000 3.868035 4.878792
25660.000000 3.866996 4.876505
25670.000000 3.866178 4.876175
25680.000000 3.864987 4.875134
25690.000000 3.864312 4.874505
25700.000000 3.863023 4.874776
25710.000000 3.862896 4.873163
25720.000000 3.862535 4.872690
25730.000000 3.862274 4.872344
25740.000000 3.860850 4.872440
25750.000000 3.864030 4.871182
25760.000000 3.869054 4.877500
25770.000000 3.873466 4.882807
25780.000000 3.878781 4.889252
25790.000000 3.885350 4.895840
25800.000000 3.892400 4.904949
25810.000000 3.897931 4.912382
25820.000000 3.903333 4.919175
25830.000000 3.909800 4.926829
25840.000000 3.915708 4.933536
25850.000000 3.919051 4.938455
25860.000000 3.919180 4.939806
25870.000000 3.918013 4.938800
25880.000000 3.916995 4.937741
25890.000000 3.916247 4.937023
25900.000000 3.915727 4.936351
25910.000000 3.916586 4.936698
25920.000000 3.918079 4.939524
25930.000000 3.918982 4.939926
25940.000000 3.922047 4.943533
25950.000000 3.923932 4.947094
25960.000000 3.922986 4.946366
25970.000000 3.921645 4.945378
25980.000000 3.920608 4.945014
25990.000000 3.919391 4.943462
26000.000000 3.917927 4.943517
26010.000000 3.916934 4.941286
26020.000000 3.915429 4.941287
26030.000000 3.917706 4.940310
26040.000000 3.921523 4.944868
26050.000000 3.926934 4.951434
26060.000000 3.930036 4.956048
26070.000000 3.930002 4.956228
26080.000000 3.931063 4.957549
26090.000000 3.932012 4.958250
26100.000000 3.933532 4.958712
26110.000000 3.935048 4.961087
26120.000000 3.935970 4.962712
26130.000000 3.934986 4.961216
26140.000000 3.934571 4.960676
26150.000000 3.933072 4.960682
26160.000000 3.932088 4.957512
26170.000000 3.931894 4.957490
26180.000000 3.930432 4.957541
26190.000000 3.929738 4.955216
26200.000000 3.928541 4.953928
26210.000000 3.928279 4.953343
26220.000000 3.928758 4.952978
26230.000000 3.928966 4.952986
26240.000000 3.929414 4.953059
26250.000000 3.929441 4.953553
26260.000000 3.929656 4.953094
26270.000000 3.930085 4.955045
26280.000000 3.929020 4.953687
26290.000000 3.928233 4.952441
26300.000000 3.926775 4.952485
26310.000000 3.926250 4.948960
26320.000000 3.926869 4.949488
26330.000000 3.925991 4.948365
26340.000000 3.924606 4.947077
26350.000000 3.923228 4.945561
26360.000000 3.922536 4.943254
26370.000000 3.922176 4.942785
26380.000000 3.922209 4.943284
26390.000000 3.920764 4.943336
26400.000000 3.919551 4.941554
26410.000000 3.918181 4.939811
26420.000000 3.917647 4.938886
26430.000000 3.916544 4.937715
26440.000000 3.916175 4.935587
26450.000000 3.915501 4.934016
26460.000000 3.915009 4.932677
26470.000000 3.915083 4.932520
26480.000000 3.913663 4.932594
26490.000000 3.912732 4.930467
26500.000000 3.911530 4.928468
26510.000000 3.910188 4.928636
26520.000000 3.909276 4.926067
26530.000000 3.908296 4.924350
26540.000000 3.909592 4.924798
26550.000000 3.911919 4.928884
26560.000000 3.913031 4.930037
26570.000000 3.912419 4.929017
26580.000000 3.911483 4.927123
26590.000000 3.911234 4.926795
26600.000000 3.909930 4.926070
26610.000000 3.908766 4.923891
26620.000000 3.907317 4.923915
26630.000000 3.906453 4.921879
26640.000000 3.904990 4.921884
26650.000000 3.906354 4.920562
26660.000000 3.909239 4.923484
26670.000000 3.911627 4.926478
26680.000000 3.913331 4.928377
26690.000000 3.914217 4.929944
26700.000000 3.913546 4.928853
26710.000000 3.912337 4.929175
26720.000000 3.911105 4.927841
26730.000000 3.910049 4.926496
26740.000000 3.908742 4.925531
26750.000000 3.907591 4.923834
26760.000000 3.907535 4.923284
26770.000000 3.907783 4.924509
26780.000000 3.906860 4.923794
26790.000000 3.905481 4.923895
26800.000000 3.905915 4.922110
26810.000000 3.904692 4.921248
26820.000000 3.904385 4.921077
26830.000000 3.903108 4.920609
26840.000000 3.901951 4.918903
26850.000000 3.900671 4.917966
26860.000000 3.899591 4.917051
26870.000000 3.898142 4.917053
26880.000000 3.897803 4.912920
26890.000000 3.897614 4.913358
26900.000000 3.897492 4.913418
26910.000000 3.896059 4.913438
26920.000000 3.895424 4.910321
26930.000000 3.894088 4.910460
26940.000000 3.893695 4.907881
26950.000000 3.893256 4.907542
26960.000000 3.891873 4.907620
26970.000000 3.894749 4.908935
26980.000000 3.896472 4.911550
26990.000000 3.896241 4.911014
27000.000000 3.895242 4.910656
27010.000000 3.893802 4.910660
27020.000000 3.892762 4.907957
27030.000000 3.891663 4.905183
27040.000000 3.890245 4.905210
27050.000000 3.889166 4.902919
27060.000000 3.888170 4.900964
27070.000000 3.888231 4.900568
27080.000000 3.886810 4.900588
27090.000000 3.886806 4.898971
27100.000000 3.886536 4.897931
27110.000000 3.885165 4.898011
27120.000000 3.884263 4.895720
27130.000000 3.883473 4.894710
27140.000000 3.883047 4.894385
27150.000000 3.881660 4.893757
27160.000000 3.881522 4.892206
27170.000000 3.882893 4.893919
27180.000000 3.883846 4.894196
27190.000000 3.887403 4.896622
27200.000000 3.893458 4.903100
27210.000000 3.899208 4.910555
27220.000000 3.903948 4.916283
27230.000000 3.907869 4.921663
27240.000000 3.910738 4.925263
27250.000000 3.913429 4.928182
27260.000000 3.915715 4.931732
27270.000000 3.915584 4.931325
27280.000000 3.915465 4.930479
27290.000000 3.915527 4.930771
27300.000000 3.916505 4.930397
27310.000000 3.917892 4.932813
27320.000000 3.920391 4.935036
27330.000000 3.922629 4.938295
27340.000000 3.923238 4.939959
27350.000000 3.922380 4.937729
27360.000000 3.923303 4.938878
27370.000000 3.924091 4.939857
27380.000000 3.924705 4.940390
27390.000000 3.923462 4.940630
27400.000000 3.922430 4.938635
27410.000000 3.921005 4.938643
27420.000000 3.922357 4.938290
27430.000000 3.921202 4.936597
27440.000000 3.921475 4.936248
27450.000000 3.923557 4.937272
27460.000000 3.925275 4.938742
27470.000000 3.927196 4.942280
27480.000000 3.928412 4.944024
27490.000000 3.928522 4.945056
27500.000000 3.927707 4.944018
27510.000000 3.926661 4.942236
27520.000000 3.925433 4.941129
27530.000000 3.924761 4.940949
27540.000000 3.923365 4.940985
27550.000000 3.924758 4.939565
27560.000000 3.927001 4.941925
27570.000000 3.930529 4.946578
27580.000000 3.932768 4.949609
27590.000000 3.934117 4.951973
27600.000000 3.935502 4.952123
27610.000000 3.939200 4.956989
27620.000000 3.941596 4.959767
27630.000000 3.943890 4.962867
27640.000000 3.948169 4.966883
27650.000000 3.952905 4.972603
27660.000000 3.957947 4.978255
27670.000000 3.962522 4.984905
27680.000000 3.966376 4.989968
27690.000000 3.970725 4.995656
27700.000000 3.975102 5.000468
27710.000000 3.979973 5.006812
27720.000000 3.984942 5.012142
27730.000000 3.990516 5.019142
27740.000000 3.994981 5.024974
27750.000000 4.000016 5.029928
27760.000000 4.004274 5.036411
27770.000000 4.008217 5.040219
27780.000000 4.013047 5.046510
27790.000000 4.018651 5.053317
27800.000000 4.021347 5.057383
27810.000000 4.023189 5.060146
27820.000000 4.024713 5.060678
27830.000000 4.027767 5.064280
27840.000000 4.028307 5.065405
27850.000000 4.028235 5.064847
27860.000000 4.026803 5.064863
27870.000000 4.029846 5.064566
27880.000000 4.032304 5.068787
27890.000000 4.033401 5.070385
27900.000000 4.033342 5.070529
27910.000000 4.032315 5.069912
27920.000000 4.031803 5.068802
27930.000000 4.030760 5.067707
27940.000000 4.029391 5.066432
27950.000000 4.028460 5.064567
27960.000000 4.027934 5.063439
27970.000000 4.027300 5.062633
27980.000000 4.026157 5.060503
27990.000000 4.027190 5.061792
28000.000000 4.025817 5.061874
28010.000000 4.025619 5.059116
28020.000000 4.024205 5.059145
28030.000000 4.023244 5.055433
28040.000000 4.021811 5.055434
28050.000000 4.021366 5.053053
28060.000000 4.020166 5.052441
28070.000000 4.018770 5.052487
28080.000000 4.018533 5.050596
28090.000000 4.018483 5.051427
28100.000000 4.017666 5.050390
28110.000000 4.017080 5.049643
28120.000000 4.017357 5.048628
28130.000000 4.017727 5.048857
28140.000000 4.017431 5.049152
28150.000000 4.016439 5.048572
28160.000000 4.015227 5.047263
28170.000000 4.014227 5.045771
28180.000000 4.012948 5.045954
28190.000000 4.012361 5.043181
28200.000000 4.010972 5.043223
28210.000000 4.013375 5.042639
28220.000000 4.013546 5.042394
28230.000000 4.012264 5.042121
28240.000000 4.011218 5.041022
28250.000000 4.010477 5.040081
28260.000000 4.009625 5.038553
28270.000000 4.009262 5.038311
28280.000000 4.008340 5.036695
28290.000000 4.008861 5.038011
28300.000000 4.008458 5.037496
28310.000000 4.007259 5.036203
28320.000000 4.006786 5.035822
28330.000000 4.005918 5.034051
28340.000000 4.004750 5.033913
28350.000000 4.003387 5.033976
28360.000000 4.002947 5.031181
28370.000000 4.002982 5.031215
28380.000000 4.001706 5.031385
28390.000000 4.002410 5.031368
28400.000000 4.001199 5.031618
28410.000000 4.000391 5.029923
28420.000000 3.998997 5.029941
28430.000000 3.998295 5.027712
28440.000000 3.997353 5.025406
28450.000000 3.995957 5.025416
28460.000000 3.997066 5.024137
28470.000000 3.999042 5.025723
28480.000000 4.000406 5.027428
28490.000000 4.002107 5.029555
28500.000000 4.003193 5.031798
28510.000000 4.002358 5.031405
28520.000000 4.001032 5.031503
28530.000000 4.000019 5.029552
28540.000000 3.999235 5.028113
28550.000000 3.999803 5.027932
28560.000000 4.000502 5.027694
28570.000000 4.000675 5.027680
28580.000000 4.000044 5.026436
28590.000000 3.998795 5.026624
28600.000000 3.997906 5.023951
28610.000000 3.997893 5.024147
28620.000000 3.996727 5.022671
28630.000000 3.995766 5.021895
28640.000000 3.994940 5.019967
28650.000000 3.994860 5.019636
28660.000000 3.994483 5.019814
28670.000000 3.993139 5.019876
28680.000000 3.992906 5.017154
28690.000000 3.991691 5.016058
28700.000000 3.990334 5.016101
28710.000000 3.989721 5.014002
28720.000000 3.988592 5.011916
28730.000000 3.987526 5.011006
28740.000000 3.986671 5.010360
28750.000000 3.985296 5.010375
28760.000000 3.985755 5.009409
28770.000000 3.984606 5.008831
28780.000000 3.983680 5.007657
28790.000000 3.982335 5.007705
28800.000000 3.981244 5.005668
28810.000000 3.980548 5.004565
28820.000000 3.979728 5.003523
28830.000000 3.978578 5.002286
28840.000000 3.977682 5.000713
28850.000000 3.977059 4.999484
28860.000000 3.977188 4.999419
28870.000000 3.976629 4.998270
28880.000000 3.975496 4.997490
28890.000000 3.974315 4.996647
28900.000000 3.973645 4.995578
28910.000000 3.972905 4.994855
28920.000000 3.971542 4.994868
28930.000000 3.970661 4.993098
28940.000000 3.969950 4.992194
28950.000000 3.968924 4.991760
28960.000000 3.969097 4.991317
28970.000000 3.968780 4.990475
28980.000000 3.967424 4.990492
28990.000000 3.966966 4.987741
29000.000000 3.967129 4.988584
29010.000000 3.966438 4.987273
29020.000000 3.965820 4.986486
29030.000000 3.965608 4.985994
29040.000000 3.965149 4.984974
29050.000000 3.964081 4.983838
29060.000000 3.962912 4.983004
29070.000000 3.961601 4.983070
29080.000000 3.960613 4.980740
29090.000000 3.959580 4.979000
29100.000000 3.959272 4.977957
29110.000000 3.959314 4.978430
29120.000000 3.958493 4.976743
29130.000000 3.958341 4.977186
29140.000000 3.957478 4.975876
29150.000000 3.956166 4.975933
29160.000000 3.955337 4.974451
29170.000000 3.954950 4.973525
29180.000000 3.954999 4.973790
29190.000000 3.956764 4.974929
29200.000000 3.958039 4.977378
29210.000000 3.957895 4.977187
29220.000000 3.956834 4.975843
29230.000000 3.955496 4.975863
29240.000000 3.954801 4.974121
29250.000000 3.953735 4.973626
29260.000000 3.953190 4.972716
29270.000000 3.952355 4.971654
29280.000000 3.953398 4.972101
29290.000000 3.954682 4.973492
29300.000000 3.955157 4.973439
29310.000000 3.956014 4.973867
29320.000000 3.956309 4.973588
29330.000000 3.956029 4.973652
29340.000000 3.954686 4.973659
29350.000000 3.955501 4.971903
29360.000000 3.955729 4.971969
29370.000000 3.955653 4.971438
29380.000000 3.955184 4.969988
29390.000000 3.953960 4.969079
29400.000000 3.952974 4.966558
29410.000000 3.953408 4.966669
29420.000000 3.954740 4.968334
29430.000000 3.956286 4.969843
29440.000000 3.958308 4.972163
29450.000000 3.959154 4.972369
29460.000000 3.960065 4.973717
29470.000000 3.958948 4.972094
29480.000000 3.958052 4.971597
29490.000000 3.956752 4.971649
29500.000000 3.956176 4.969858
29510.000000 3.954836 4.969860
29520.000000 3.954123 4.967898
29530.000000 3.953862 4.966715
29540.000000 3.954893 4.968214
29550.000000 3.955476 4.969149
29560.000000 3.954868 4.968588
29570.000000 3.953542 4.968602
29580.000000 3.953670 4.967277
29590.000000 3.953206 4.966896
29600.000000 3.952311 4.965341
29610.000000 3.951686 4.964547
29620.000000 3.950972 4.964695
29630.000000 3.950467 4.964052
29640.000000 3.949944 4.962544
29650.000000 3.949183 4.961790
29660.000000 3.950166 4.962807
29670.000000 3.951077 4.963731
29680.000000 3.951499 4.964464
29690.000000 3.950579 4.963509
29700.000000 3.950219 4.963048
29710.000000 3.950399 4.962426
29720.000000 3.950551 4.962190
29730.000000 3.951569 4.962831
29740.000000 3.954202 4.966130
29750.000000 3.956285 4.969158
29760.000000 3.957522 4.971543
29770.000000 3.956660 4.972130
29780.000000 3.956977 4.970632
29790.000000 3.955869 4.970909
29800.000000 3.955319 4.968114
29810.000000 3.955597 4.967408
29820.000000 3.956333 4.968115
29830.000000 3.956709 4.968790
29840.000000 3.956110 4.967821
29850.000000 3.955688 4.967283
29860.000000 3.954474 4.967422
29870.000000 3.954125 4.965096
29880.000000 3.953041 4.963519
29890.000000 3.951719 4.963520
29900.000000 3.950675 4.961783
29910.000000 3.949553 4.960575
29920.000000 3.948263 4.960613
29930.000000 3.947399 4.958478
29940.000000 3.946106 4.958510
29950.000000 3.945340 4.956499
29960.000000 3.946242 4.957416
29970.000000 3.947744 4.959918
29980.000000 3.947967 4.960605
29990.000000 3.946861 4.959207
30000.000000 3.945569 4.959237
30010.000000 3.944710 4.957733
30020.000000 3.943545 4.956675
30030.000000 3.942911 4.954625
30040.000000 3.942472 4.954271
30050.000000 3.941447 4.951939
30060.000000 3.940657 4.950110
30070.000000 3.940282 4.949632
30080.000000 3.940598 4.950227
30090.000000 3.940162 4.949878
30100.000000 3.939773 4.949175
30110.000000 3.940273 4.949588
30120.000000 3.941076 4.950382
30130.000000 3.941614 4.950225
30140.000000 3.943264 4.952495
30150.000000 3.945635 4.954639
30160.000000 3.948903 4.958530
30170.000000 3.950798 4.960488
30180.000000 3.952798 4.963199
30190.000000 3.952925 4.962938
30200.000000 3.952626 4.963174
30210.000000 3.952348 4.962199
30220.000000 3.951635 4.961091
30230.000000 3.952196 4.961787
30240.000000 3.952258 4.962270
30250.000000 3.951409 4.960991
30260.000000 3.950211 4.960508
30270.000000 3.949329 4.959599
30280.000000 3.948941 4.959311
30290.000000 3.947674 4.959356
30300.000000 3.947374 4.956711
30310.000000 3.946479 4.955785
30320.000000 3.945222 4.955840
30330.000000 3.945519 4.954565
30340.000000 3.944878 4.953547
30350.000000 3.943822 4.953033
30360.000000 3.942903 4.951462
30370.000000 3.941698 4.951579
30380.000000 3.941901 4.950393
30390.000000 3.941925 4.950619
30400.000000 3.940655 4.950654
30410.000000 3.942003 4.948046
30420.000000 3.944621 4.951325
30430.000000 3.947758 4.955870
30440.000000 3.950506 4.959313
30450.000000 3.952472 4.962183
30460.000000 3.954433 4.965046
30470.000000 3.955943 4.966526
30480.000000 3.956871 4.966866
30490.000000 3.956402 4.966270
30500.000000 3.956417 4.966486
30510.000000 3.955809 4.965716
30520.000000 3.954742 4.964574
30530.000000 3.953449 4.964577
30540.000000 3.953387 4.962044
30550.000000 3.953393 4.962249
30560.000000 3.953102 4.961672
30570.000000 3.952236 4.961802
30580.000000 3.951987 4.961074
30590.000000 3.952455 4.962062
30600.000000 3.951202 4.962111
30610.000000 3.950292 4.959332
30620.000000 3.949279 4.957850
30630.000000 3.947988 4.956629
30640.000000 3.946891 4.956870
30650.000000 3.945987 4.954914
30660.000000 3.944703 4.954918
30670.000000 3.944742 4.952119
30680.000000 3.943471 4.950922
30690.000000 3.942271 4.951029
30700.000000 3.941415 4.949137
30710.000000 3.940419 4.947879
30720.000000 3.939166 4.947916
30730.000000 3.940668 4.947772
30740.000000 3.940994 4.947569
30750.000000 3.942412 4.948332
30760.000000 3.945272 4.953127
30770.000000 3.943100 4.949989
30780.000000 3.941858 4.950038
30790.000000 3.940793 4.948492
30800.000000 3.939838 4.947487
30810.000000 3.938595 4.947532
30820.000000 3.937925 4.945674
30830.000000 3.936681 4.945716
30840.000000 3.935916 4.942532
30850.000000 3.935835 4.943026
30860.000000 3.934574 4.943044
30870.000000 3.934972 4.941727
30880.000000 3.936023 4.942436
30890.000000 3.938402 4.945618
30900.000000 3.938477 4.946106
30910.000000 3.937464 4.945631
30920.000000 3.936776 4.945159
30930.000000 3.935548 4.944212
30940.000000 3.934980 4.942888
30950.000000 3.934357 4.941897
30960.000000 3.934207 4.941701
30970.000000 3.933181 4.940805
30980.000000 3.932314 4.939307
30990.000000 3.931575 4.938772
31000.000000 3.930311 4.938777
31010.000000 3.929548 4.936410
31020.000000 3.928503 4.935489
31030.000000 3.927279 4.935541
31040.000000 3.926377 4.933601
31050.000000 3.925562 4.933566
31060.000000 3.924593 4.932140
31070.000000 3.924081 4.930890
31080.000000 3.924553 4.931276
31090.000000 3.923995 4.930367
31100.000000 3.923649 4.929925
31110.000000 3.922404 4.929944
31120.000000 3.922279 4.927987
31130.000000 3.921480 4.926378
31140.000000 3.920968 4.925530
31150.000000 3.919737 4.925564
31160.000000 3.919102 4.923765
31170.000000 3.917847 4.923767
31180.000000 3.917516 4.921954
31190.000000 3.916330 4.921845
31200.000000 3.915297 4.920538
31210.000000 3.914647 4.919515
31220.000000 3.913937 4.919009
31230.000000 3.913198 4.917676
31240.000000 3.912474 4.916956
31250.000000 3.911580 4.916615
31260.000000 3.910334 4.916621
31270.000000 3.909549 4.914044
31280.000000 3.908322 4.914073
31290.000000 3.907446 4.912568
31300.000000 3.906459 4.911910
31310.000000 3.906257 4.911055
31320.000000 3.905821 4.909906
31330.000000 3.904973 4.908831
31340.000000 3.903752 4.908863
31350.000000 3.904053 4.907067
31360.000000 3.905764 4.909011
31370.000000 3.906855 4.909194
31380.000000 3.908790 4.910832
31390.000000 3.912941 4.915252
31400.000000 3.917119 4.920098
31410.000000 3.919587 4.923979
31420.000000 3.920231 4.925370
31430.000000 3.920148 4.925455
31440.000000 3.919382 4.924091
31450.000000 3.919743 4.923357
31460.000000 3.922135 4.925370
31470.000000 3.925392 4.929256
31480.000000 3.927009 4.931476
31490.000000 3.927437 4.932202
31500.000000 3.926621 4.931958
31510.000000 3.925876 4.931604
31520.000000 3.925441 4.930460
31530.000000 3.925210 4.929966
31540.000000 3.924324 4.929043
31550.000000 3.924001 4.927649
31560.000000 3.925217 4.928776
31570.000000 3.925074 4.928197
31580.000000 3.924063 4.928488
31590.000000 3.923506 4.926998
31600.000000 3.923827 4.927002
31610.000000 3.924576 4.928131
31620.000000 3.924792 4.928395
31630.000000 3.925731 4.929372
31640.000000 3.926549 4.930392
31650.000000 3.925935 4.930201
31660.000000 3.926029 4.929529
31670.000000 3.926210 4.929945
31680.000000 3.926057 4.930137
31690.000000 3.925027 4.929422
31700.000000 3.923966 4.928473
31710.000000 3.923162 4.927846
31720.000000 3.923495 4.926305
31730.000000 3.925718 4.928505
31740.000000 3.928067 4.931837
31750.000000 3.931068 4.934818
31760.000000 3.934502 4.939317
31770.000000 3.936850 4.943234
31780.000000 3.938083 4.943799
31790.000000 3.939801 4.946144
31800.000000 3.942188 4.948744
31810.000000 3.944482 4.951617
31820.000000 3.946703 4.954594
31830.000000 3.948532 4.957274
31840.000000 3.949387 4.958341
31850.000000 3.949800 4.959048
31860.000000 3.949514 4.959073
31870.000000 3.948385 4.959212
31880.000000 3.947608 4.957056
31890.000000 3.946433 4.956160
31900.000000 3.945220 4.956190
31910.000000 3.945041 4.954006
31920.000000 3.945572 4.954667
31930.000000 3.947216 4.956138
31940.000000 3.948856 4.958191
31950.000000 3.949311 4.958171
31960.000000 3.951120 4.960435
31970.000000 3.951917 4.961429
31980.000000 3.952629 4.961537
31990.000000 3.954161 4.962480
32000.000000 3.956293 4.965734
32010.000000 3.956136 4.965920
32020.000000 3.954924 4.965949
32030.000000 3.954546 4.964105
32040.000000 3.953507 4.963184
32050.000000 3.952581 4.961625
32060.000000 3.953882 4.962086
32070.000000 3.957928 4.966186
32080.000000 3.962904 4.972424
32090.000000 3.966452 4.976481
32100.000000 3.968430 4.979151
32110.000000 3.969126 4.980602
32120.000000 3.968389 4.979671
32130.000000 3.967177 4.979701
32140.000000 3.969408 4.979383
32150.000000 3.970047 4.979596
32160.000000 3.970746 4.980273
32170.000000 3.971188 4.980823
32180.000000 3.972026 4.981675
32190.000000 3.973676 4.983351
32200.000000 3.974596 4.983916
32210.000000 3.975763 4.985958
32220.000000 3.975803 4.985809
32230.000000 3.975240 4.985097
32240.000000 3.975132 4.985732
32250.000000 3.974030 4.985121
32260.000000 3.973945 4.984233
32270.000000 3.973580 4.983770
32280.000000 3.972666 4.982426
32290.000000 3.971551 4.980635
32300.000000 3.970343 4.980661
32310.000000 3.969627 4.978791
32320.000000 3.968923 4.977324
32330.000000 3.968790 4.976573
32340.000000 3.967584 4.975827
32350.000000 3.966368 4.975840
32360.000000 3.967744 4.975055
32370.000000 3.967488 4.975306
32380.000000 3.966332 4.975393
32390.000000 3.966178 4.973654
32400.000000 3.965290 4.972343
32410.000000 3.964833 4.971765
32420.000000 3.964405 4.970647
32430.000000 3.964242 4.970437
32440.000000 3.964106 4.970262
32450.000000 3.964384 4.970606
32460.000000 3.964382 4.970407
32470.000000 3.963805 4.969679
32480.000000 3.962873 4.968889
32490.000000 3.961766 4.969031
32500.000000 3.960709 4.966933
32510.000000 3.960044 4.966477
32520.000000 3.958846 4.966502
32530.000000 3.958754 4.964849
32540.000000 3.957943 4.963636
32550.000000 3.957107 4.962391
32560.000000 3.956024 4.962558
32570.000000 3.955951 4.961123
32580.000000 3.955824 4.960195
32590.000000 3.954736 4.960352
32600.000000 3.956029 4.960633
32610.000000 3.956549 4.960899
32620.000000 3.956194 4.961975
32630.000000 3.956207 4.960079
32640.000000 3.956643 4.959859
32650.000000 3.958397 4.962244
32660.000000 3.959163 4.963581
32670.000000 3.958512 4.963332
32680.000000 3.957474 4.962787
32690.000000 3.956508 4.962142
32700.000000 3.956418 4.961453
32710.000000 3.955273 4.961535
32720.000000 3.956741 4.960709
32730.000000 3.957159 4.960658
32740.000000 3.958624 4.961730
32750.000000 3.960153 4.962883
32760.000000 3.963075 4.966540
32770.000000 3.965662 4.970349
32780.000000 3.966667 4.971795
32790.000000 3.967776 4.972420
32800.000000 3.970404 4.974949
32810.000000 3.973077 4.978676
32820.000000 3.974555 4.980714
32830.000000 3.975293 4.982015
32840.000000 3.976232 4.982427
32850.000000 3.976195 4.982568
32860.000000 3.975005 4.982592
32870.000000 3.974960 4.981013
32880.000000 3.974653 4.980814
32890.000000 3.974212 4.979688
32900.000000 3.973543 4.978847
32910.000000 3.974279 4.979007
32920.000000 3.974044 4.980036
32930.000000 3.972887 4.980097
32940.000000 3.972306 4.977849
32950.000000 3.971116 4.977869
32960.000000 3.972142 4.977826
32970.000000 3.972703 4.978525
32980.000000 3.972933 4.978999
32990.000000 3.971861 4.978030
33000.000000 3.971537 4.976863
33010.000000 3.970370 4.976909
33020.000000 3.971559 4.975750
33030.000000 3.971326 4.975456
33040.000000 3.970390 4.974279
33050.000000 3.969209 4.974304
33060.000000 3.968371 4.972308
33070.000000 3.967307 4.971536
33080.000000 3.966360 4.970157
33090.000000 3.965162 4.970159
33100.000000 3.964241 4.967495
33110.000000 3.963046 4.967498
33120.000000 3.963270 4.966458
33130.000000 3.963985 4.966976
33140.000000 3.964781 4.968721
33150.000000 3.964834 4.968783
33160.000000 3.964497 4.967982
33170.000000 3.965624 4.969201
33180.000000 3.965823 4.968697
33190.000000 3.965805 4.968296
33200.000000 3.965954 4.968855
33210.000000 3.965732 4.968386
33220.000000 3.966437 4.969453
33230.000000 3.965724 4.969118
33240.000000 3.964552 4.969145
33250.000000 3.964029 4.968485
33260.000000 3.963111 4.967330
33270.000000 3.962126 4.966091
33280.000000 3.962637 4.965045
33290.000000 3.964383 4.967603
33300.000000 3.965026 4.968592
33310.000000 3.964756 4.967690
33320.000000 3.964523 4.967207
33330.000000 3.963503 4.967420
33340.000000 3.964024 4.966015
33350.000000 3.965242 4.966418
33360.000000 3.967707 4.969129
33370.000000 3.968698 4.971300
33380.000000 3.968175 4.970829
33390.000000 3.967065 4.970181
33400.000000 3.966151 4.969965
33410.000000 3.965352 4.968029
33420.000000 3.964725 4.968170
33430.000000 3.963686 4.966865
33440.000000 3.964064 4.967149
33450.000000 3.965194 4.968003
33460.000000 3.966703 4.969332
33470.000000 3.968785 4.971937
33480.000000 3.970685 4.975059
33490.000000 3.972013 4.976346
33500.000000 3.973023 4.977795
33510.000000 3.972584 4.977427
33520.000000 3.971704 4.976507
33530.000000 3.970553 4.976549
33540.000000 3.970129 4.974898
33550.000000 3.969251 4.973609
33560.000000 3.968399 4.972723
33570.000000 3.967892 4.971528
33580.000000 3.967113 4.970733
33590.000000 3.966057 4.969406
33600.000000 3.965079 4.968733
33610.000000 3.964643 4.967257
33620.000000 3.964368 4.965984
33630.000000 3.964813 4.966169
33640.000000 3.964675 4.966178
33650.000000 3.963716 4.964788
33660.000000 3.963102 4.963277
33670.000000 3.962901 4.963208
33680.000000 3.962109 4.963136
33690.000000 3.961216 4.960908
33700.000000 3.962218 4.962343
33710.000000 3.962258 4.962945
33720.000000 3.961872 4.962458
33730.000000 3.961224 4.962380
33740.000000 3.960672 4.961870
33750.000000 3.959501 4.961873
33760.000000 3.960683 4.960772
33770.000000 3.961583 4.962448
33780.000000 3.961898 4.962840
33790.000000 3.960782 4.962911
33800.000000 3.959909 4.960710
33810.000000 3.958742 4.960715
33820.000000 3.958622 4.958357
33830.000000 3.957497 4.958046
33840.000000 3.956328 4.958047
33850.000000 3.955708 4.955615
33860.000000 3.954579 4.955664
33870.000000 3.954286 4.953277
33880.000000 3.954334 4.953335
33890.000000 3.953397 4.952341
33900.000000 3.952523 4.951243
33910.000000 3.951375 4.951265
33920.000000 3.951003 4.950063
33930.000000 3.950018 4.949192
33940.000000 3.949133 4.947532
33950.000000 3.949111 4.947865
33960.000000 3.948643 4.947094
33970.000000 3.948145 4.946831
33980.000000 3.947405 4.946447
33990.000000 3.946252 4.946458
34000.000000 3.945459 4.944549
34010.000000 3.945122 4.943394
34020.000000 3.944616 4.942574
34030.000000 3.943697 4.942147
34040.000000 3.942888 4.940948
34050.000000 3.941735 4.940954
34060.000000 3.941133 4.938196
34070.000000 3.941047 4.937541
34080.000000 3.941963 4.937414
34090.000000 3.942781 4.937891
34100.000000 3.944275 4.939941
34110.000000 3.945080 4.940765
34120.000000 3.944722 4.940676
34130.000000 3.944358 4.939311
34140.000000 3.943771 4.938937
34150.000000 3.942948 4.937541
34160.000000 3.942329 4.936401
34170.000000 3.941184 4.936412
34180.000000 3.940698 4.934896
34190.000000 3.940436 4.934385
34200.000000 3.940522 4.934129
34210.000000 3.939793 4.933935
34220.000000 3.938694 4.934001
34230.000000 3.939999 4.933105
34240.000000 3.941125 4.934513
34250.000000 3.941646 4.934802
34260.000000 3.941963 4.935377
34270.000000 3.941363 4.934262
34280.000000 3.942121 4.934309
34290.000000 3.944895 4.937598
34300.000000 3.947190 4.940289
34310.000000 3.949636 4.942987
34320.000000 3.953422 4.946643
34330.000000 3.958061 4.952445
34340.000000 3.961266 4.956996
34350.000000 3.964358 4.960502
34360.000000 3.967319 4.963663
34370.000000 3.969786 4.966929
34380.000000 3.971543 4.968764
34390.000000 3.973195 4.971373
34400.000000 3.973982 4.972356
34410.000000 3.973673 4.971787
34420.000000 3.972762 4.970646
34430.000000 3.972810 4.970524
34440.000000 3.972692 4.970736
34450.000000 3.972820 4.970354
34460.000000 3.972794 4.969778
34470.000000 3.972625 4.969566
34480.000000 3.971831 4.968932
34490.000000 3.970699 4.968957
34500.000000 3.970501 4.967265
34510.000000 3.970006 4.966645
34520.000000 3.968878 4.966673
34530.000000 3.968824 4.964984
34540.000000 3.969236 4.965678
34550.000000 3.968233 4.964422
34560.000000 3.968541 4.963728
34570.000000 3.969719 4.964842
34580.000000 3.968998 4.964298
34590.000000 3.968061 4.962946
34600.000000 3.967042 4.961850
34610.000000 3.965997 4.961977
34620.000000 3.967218 4.962069
34630.000000 3.968731 4.962885
34640.000000 3.971293 4.965550
34650.000000 3.973902 4.968095
34660.000000 3.974322 4.968798
34670.000000 3.973341 4.968109
34680.000000 3.972212 4.968130
34690.000000 3.973999 4.968036
34700.000000 3.972885 4.968075
34710.000000 3.972845 4.967129
34720.000000 3.971792 4.966706
34730.000000 3.970922 4.965797
34740.000000 3.969921 4.965975
34750.000000 3.969011 4.963584
34760.000000 3.967904 4.963629
34770.000000 3.967328 4.961835
34780.000000 3.966204 4.961857
34790.000000 3.965422 4.960163
34800.000000 3.964286 4.960168
34810.000000 3.963528 4.957971
34820.000000 3.962807 4.956712
34830.000000 3.961714 4.956768
34840.000000 3.962069 4.955609
34850.000000 3.961511 4.955088
34860.000000 3.960626 4.953980
34870.000000 3.959522 4.954020
34880.000000 3.959037 4.951990
34890.000000 3.958590 4.951076
34900.000000 3.958827 4.951016
34910.000000 3.958178 4.950382
34920.000000 3.957480 4.949508
34930.000000 3.956814 4.948851
34940.000000 3.955855 4.947651
34950.000000 3.955229 4.946337
34960.000000 3.954137 4.946385
34970.000000 3.955333 4.945403
34980.000000 3.956653 4.946523
34990.000000 3.957129 4.947295
35000.000000 3.956130 4.946576
35010.000000 3.955057 4.945941
35020.000000 3.954815 4.945284
35030.000000 3.955259 4.945662
35040.000000 3.954749 4.945024
35050.000000 3.954328 4.943969
35060.000000 3.953212 4.943983
35070.000000 3.953627 4.942210
35080.000000 3.952884 4.941105
35090.000000 3.951896 4.939518
35100.000000 3.950810 4.939568
35110.000000 3.950486 4.938107
35120.000000 3.949961 4.937276
35130.000000 3.949915 4.937218
35140.000000 3.949349 4.936159
35150.000000 3.951143 4.936822
35160.000000 3.953235 4.938910
35170.000000 3.954495 4.940660
35180.000000 3.955491 4.942081
35190.000000 3.956750 4.942952
35200.000000 3.957606 4.944724
35210.000000 3.957760 4.945444
35220.000000 3.959428 4.947178
35230.000000 3.961312 4.950060
35240.000000 3.962815 4.952289
35250.000000 3.963087 4.952981
35260.000000 3.962257 4.951242
35270.000000 3.962548 4.950904
35280.000000 3.961962 4.949822
35290.000000 3.961059 4.948869
35300.000000 3.959938 4.948871
35310.000000 3.959494 4.946741
35320.000000 3.960414 4.946667
35330.000000 3.960581 4.947050
35340.000000 3.959557 4.947172
35350.000000 3.959239 4.945726
35360.000000 3.958466 4.944761
35370.000000 3.957651 4.943569
35380.000000 3.956816 4.942527
35390.000000 3.956204 4.941590
35400.000000 3.955100 4.941607
35410.000000 3.955035 4.939958
35420.000000 3.955883 4.940495
35430.000000 3.955352 4.941226
35440.000000 3.955589 4.939957
35450.000000 3.955370 4.939684
35460.000000 3.955211 4.938965
35470.000000 3.956893 4.940545
35480.000000 3.958475 4.941478
35490.000000 3.960305 4.944460
35500.000000 3.962977 4.947623
35510.000000 3.963946 4.949706
35520.000000 3.964224 4.949880
35530.000000 3.964217 4.949699
35540.000000 3.963495 4.948973
35550.000000 3.962387 4.948981
35560.000000 3.963146 4.947151
35570.000000 3.963729 4.948227
35580.000000 3.964160 4.948593
35590.000000 3.965913 4.950784
35600.000000 3.967952 4.952810
35610.000000 3.970739 4.956464
35620.000000 3.972440 4.959632
35630.000000 3.972440 4.960504
35640.000000 3.971948 4.960064
35650.000000 3.970882 4.960124
35660.000000 3.969968 4.958463
35670.000000 3.968957 4.957721
35680.000000 3.968126 4.957379
35690.000000 3.967401 4.956648
35700.000000 3.966297 4.956657
35710.000000 3.965741 4.955269
35720.000000 3.964677 4.955326
35730.000000 3.964096 4.953561
35740.000000 3.963312 4.952928
35750.000000 3.963202 4.952098
35760.000000 3.963865 4.952408
35770.000000 3.964028 4.952093
35780.000000 3.964087 4.952340
35790.000000 3.963344 4.952105
35800.000000 3.962598 4.951519
35810.000000 3.962092 4.951233
35820.000000 3.961348 4.950131
35830.000000 3.961457 4.950094
35840.000000 3.960966 4.949309
35850.000000 3.960226 4.948730
35860.000000 3.959305 4.947751
35870.000000 3.958810 4.946961
35880.000000 3.957979 4.946095
35890.000000 3.956889 4.946111
35900.000000 3.957236 4.944823
35910.000000 3.956704 4.944159
35920.000000 3.956037 4.943670
35930.000000 3.955277 4.942376
35940.000000 3.954236 4.942451
35950.000000 3.953549 4.940390
35960.000000 3.952640 4.940113
35970.000000 3.951686 4.939265
35980.000000 3.950589 4.939266
35990.000000 3.949914 4.936878
36000.000000 3.948824 4.936887
36010.000000 3.948083 4.935275
36020.000000 3.947192 4.933990
36030.000000 3.946217 4.933113
36040.000000 3.945253 4.932764
36050.000000 3.944634 4.931477
36060.000000 3.943737 4.930868
36070.000000 3.943348 4.930210
36080.000000 3.942275 4.930235
36090.000000 3.944653 4.930816
36100.000000 3.945353 4.932374
36110.000000 3.945844 4.932305
36120.000000 3.945614 4.932017
36130.000000 3.944566 4.931049
36140.000000 3.945308 4.931294
36150.000000 3.945975 4.932298
36160.000000 3.945861 4.932667
36170.000000 3.945238 4.930866
36180.000000 3.945650 4.931893
36190.000000 3.945578 4.931632
36200.000000 3.946039 4.932378
36210.000000 3.945452 4.931304
36220.000000 3.945321 4.931311
36230.000000 3.945374 4.930867
36240.000000 3.945094 4.930858
36250.000000 3.944186 4.931083
36260.000000 3.943425 4.929621
36270.000000 3.942541 4.928516
36280.000000 3.941463 4.928527
36290.000000 3.940872 4.927617
36300.000000 3.939786 4.927617
36310.000000 3.939190 4.925514
36320.000000 3.938125 4.925537
36330.000000 3.937437 4.923490
36340.000000 3.936358 4.923496
36350.000000 3.935842 4.922173
36360.000000 3.934784 4.922202
36370.000000 3.935554 4.921641
36380.000000 3.935138 4.921121
36390.000000 3.934722 4.921446
36400.000000 3.933884 4.920735
36410.000000 3.933852 4.920187
36420.000000 3.933302 4.920005
36430.000000 3.932683 4.918216
36440.000000 3.932979 4.918586
36450.000000 3.933891 4.920232
36460.000000 3.933008 4.919465
36470.000000 3.932035 4.919596
36480.000000 3.932336 4.919297
36490.000000 3.931280 4.919324
36500.000000 3.930712 4.917432
36510.000000 3.929644 4.917442
36520.000000 3.930174 4.916588
36530.000000 3.930333 4.917291
36540.000000 3.929862 4.917206
36550.000000 3.928842 4.917274
36560.000000 3.928472 4.916474
36570.000000 3.927438 4.916523
36580.000000 3.926828 4.915085
36590.000000 3.925915 4.913941
36600.000000 3.924965 4.913254
36610.000000 3.924336 4.912296
36620.000000 3.923679 4.910968
36630.000000 3.922621 4.910985
36640.000000 3.922189 4.909268
36650.000000 3.921120 4.909270
36660.000000 3.920357 4.907139
36670.000000 3.919823 4.906133
36680.000000 3.919765 4.905724
36690.000000 3.920379 4.906659
36700.000000 3.921476 4.908197
36710.000000 3.923575 4.910488
36720.000000 3.925433 4.913315
36730.000000 3.927724 4.916516
36740.000000 3.929344 4.918708
36750.000000 3.928783 4.919345
36760.000000 3.928140 4.918202
36770.000000 3.927446 4.915992
36780.000000 3.926390 4.916007
36790.000000 3.926173 4.913726
36800.000000 3.927412 4.914941
36810.000000 3.929267 4.916760
36820.000000 3.932028 4.920380
36830.000000 3.934808 4.924026
36840.000000 3.936941 4.927028
36850.000000 3.937672 4.928443
36860.000000 3.937916 4.928244
36870.000000 3.936963 4.928388
36880.000000 3.936190 4.926082
36890.000000 3.935727 4.926002
36900.000000 3.934913 4.925315
36910.000000 3.934067 4.924422
36920.000000 3.933342 4.923178
36930.000000 3.932930 4.922493
36940.000000 3.931902 4.922540
36950.000000 3.932191 4.922066
36960.000000 3.931633 4.921198
36970.000000 3.930573 4.921203
36980.000000 3.929957 4.919930
36990.000000 3.929267 4.919230
37000.000000 3.929414 4.919579
37010.000000 3.929883 4.920331
37020.000000 3.929804 4.919564
37030.000000 3.929719 4.919788
37040.000000 3.930238 4.920104
37050.000000 3.929528 4.920542
37060.000000 3.928770 4.918261
37070.000000 3.927765 4.918330
37080.000000 3.929454 4.918450
37090.000000 3.930960 4.920167
37100.000000 3.932056 4.921371
37110.000000 3.932081 4.921732
37120.000000 3.931032 4.921745
37130.000000 3.930722 4.919696
37140.000000 3.929810 4.919050
37150.000000 3.928775 4.919079
37160.000000 3.928605 4.918035
37170.000000 3.927557 4.918046
37180.000000 3.926975 4.916818
37190.000000 3.925988 4.916905
37200.000000 3.925229 4.914793
37210.000000 3.924456 4.914320
37220.000000 3.923710 4.913548
37230.000000 3.923267 4.912660
37240.000000 3.922272 4.912734
37250.000000 3.922008 4.910750
37260.000000 3.921621 4.909437
37270.000000 3.921782 4.909637
37280.000000 3.922414 4.909932
37290.000000 3.922782 4.911050
37300.000000 3.922422 4.910103
37310.000000 3.921892 4.910262
37320.000000 3.921208 4.909074
37330.000000 3.920591 4.908628
37340.000000 3.919606 4.908709
37350.000000 3.922645 4.910043
37360.000000 3.922273 4.909411
37370.000000 3.921233 4.909424
37380.000000 3.920862 4.907478
37390.000000 3.921497 4.907122
37400.000000 3.922650 4.909055
37410.000000 3.921606 4.909060
37420.000000 3.921607 4.906762
37430.000000 3.921467 4.907242
37440.000000 3.921260 4.907309
37450.000000 3.920238 4.907341
37460.000000 3.919483 4.906230
37470.000000 3.918480 4.906284
37480.000000 3.920272 4.906886
37490.000000 3.921698 4.908178
37500.000000 3.923110 4.909452
37510.000000 3.924485 4.911171
37520.000000 3.925476 4.912246
37530.000000 3.926869 4.913824
37540.000000 3.927931 4.915315
37550.000000 3.927984 4.914725
37560.000000 3.928365 4.915691
37570.000000 3.928987 4.916468
37580.000000 3.929939 4.917986
37590.000000 3.930358 4.918018
37600.000000 3.931366 4.919277
37610.000000 3.931630 4.919607
37620.000000 3.932674 4.921238
37630.000000 3.932012 4.921228
37640.000000 3.931191 4.920198
37650.000000 3.930320 4.920415
37660.000000 3.930459 4.919605
37670.000000 3.929888 4.918399
37680.000000 3.929103 4.917741
37690.000000 3.928653 4.916524
37700.000000 3.928318 4.916755
37710.000000 3.927536 4.915938
37720.000000 3.926651 4.915155
37730.000000 3.925930 4.914250
37740.000000 3.925648 4.913896
37750.000000 3.926735 4.914277
37760.000000 3.928194 4.916101
37770.000000 3.929397 4.918258
37780.000000 3.929537 4.918267
37790.000000 3.929213 4.917535
37800.000000 3.928177 4.917540
37810.000000 3.928996 4.916934
37820.000000 3.929123 4.917417
37830.000000 3.928890 4.917450
37840.000000 3.927859 4.917459
37850.000000 3.928201 4.916747
37860.000000 3.927724 4.916309
37870.000000 3.926953 4.915831
37880.000000 3.925978 4.915420
37890.000000 3.925544 4.915037
37900.000000 3.926002 4.915122
37910.000000 3.927341 4.915822
37920.000000 3.928911 4.918110
37930.000000 3.929295 4.918265
37940.000000 3.930404 4.920462
37950.000000 3.931748 4.921818
37960.000000 3.932597 4.922716
37970.000000 3.931757 4.922962
37980.000000 3.933064 4.922162
37990.000000 3.934961 4.924211
38000.000000 3.937616 4.927207
38010.000000 3.941130 4.931439
38020.000000 3.944575 4.935749
38030.000000 3.947234 4.939400
38040.000000 3.949831 4.942161
38050.000000 3.952465 4.945292
38060.000000 3.954162 4.948228
38070.000000 3.955949 4.949812
38080.000000 3.958115 4.952358
38090.000000 3.959299 4.953838
38100.000000 3.958616 4.953471
38110.000000 3.957835 4.951679
38120.000000 3.957270 4.950646
38130.000000 3.956264 4.950686
38140.000000 3.955475 4.949534
38150.000000 3.955180 4.949001
38160.000000 3.954183 4.949051
38170.000000 3.954027 4.947719
38180.000000 3.953024 4.947111
38190.000000 3.952033 4.947166
38200.000000 3.951294 4.945914
38210.000000 3.951321 4.946109
38220.000000 3.951553 4.945749
38230.000000 3.952032 4.946995
38240.000000 3.951755 4.947132
38250.000000 3.951283 4.945892
38260.000000 3.950625 4.944743
38270.000000 3.949598 4.944750
38280.000000 3.949738 4.942822
38290.000000 3.949396 4.942554
38300.000000 3.949649 4.942869
38310.000000 3.950887 4.945063
38320.000000 3.950774 4.944273
38330.000000 3.951126 4.944874
38340.000000 3.952711 4.946210
38350.000000 3.954841 4.948712
38360.000000 3.956212 4.950265
38370.000000 3.956218 4.950272
38380.000000 3.956357 4.949960
38390.000000 3.958216 4.952769
38400.000000 3.959438 4.954136
38410.000000 3.960553 4.954723
38420.000000 3.961248 4.956075
38430.000000 3.962741 4.957618
38440.000000 3.963822 4.958808
38450.000000 3.964585 4.958795
38460.000000 3.965213 4.960224
38470.000000 3.964781 4.959521
38480.000000 3.964631 4.959172
38490.000000 3.965426 4.959843
38500.000000 3.966618 4.961495
38510.000000 3.967316 4.961721
38520.000000 3.968175 4.962957
38530.000000 3.968654 4.963555
38540.000000 3.968296 4.963267
38550.000000 3.967331 4.962220
38560.000000 3.966361 4.961489
38570.000000 3.965570 4.961143
38580.000000 3.964570 4.961178
38590.000000 3.964694 4.960205
38600.000000 3.963791 4.960361
38610.000000 3.963646 4.959374
38620.000000 3.962987 4.958709
38630.000000 3.962215 4.957421
38640.000000 3.962882 4.957452
38650.000000 3.963531 4.958262
38660.000000 3.963352 4.958358
38670.000000 3.963708 4.958642
38680.000000 3.963784 4.959217
38690.000000 3.962769 4.959229
38700.000000 3.962124 4.957939
38710.000000 3.961721 4.957114
38720.000000 3.961137 4.955741
38730.000000 3.960159 4.955797
38740.000000 3.959627 4.954490
38750.000000 3.958756 4.953878
38760.000000 3.957861 4.953077
38770.000000 3.957054 4.951905
38780.000000 3.956255 4.951224
38790.000000 3.955271 4.951269
38800.000000 3.954584 4.949449
38810.000000 3.953645 4.949069
38820.000000 3.952923 4.948323
38830.000000 3.952240 4.946829
38840.000000 3.951870 4.946843
38850.000000 3.950884 4.946882
38860.000000 3.950524 4.944836
38870.000000 3.950685 4.945513
38880.000000 3.950277 4.944682
38890.000000 3.949263 4.944684
38900.000000 3.950220 4.944130
38910.000000 3.951858 4.946338
38920.000000 3.953594 4.948191
38930.000000 3.955497 4.951525
38940.000000 3.956755 4.953417
38950.000000 3.958528 4.955316
38960.000000 3.959284 4.955624
38970.000000 3.960174 4.956896
38980.000000 3.959877 4.956999
38990.000000 3.959082 4.956162
39000.000000 3.958084 4.956182
39010.000000 3.957755 4.954020
39020.000000 3.957566 4.954258
39030.000000 3.956849 4.953359
39040.000000 3.956677 4.952823
39050.000000 3.956214 4.952243
39060.000000 3.955678 4.951094
39070.000000 3.955603 4.951633
39080.000000 3.954701 4.951136
39090.000000 3.954191 4.950020
39100.000000 3.953205 4.950052
39110.000000 3.952745 4.948206
39120.000000 3.953764 4.949163
39130.000000 3.955352 4.950991
39140.000000 3.957088 4.953638
39150.000000 3.958926 4.955777
39160.000000 3.960354 4.957246
39170.000000 3.960109 4.957097
39180.000000 3.959470 4.955979
39190.000000 3.958931 4.955460
39200.000000 3.958831 4.955017
39210.000000 3.957832 4.955031
39220.000000 3.957631 4.953512
39230.000000 3.957273 4.952904
39240.000000 3.956306 4.952956
39250.000000 3.955940 4.951232
39260.000000 3.955320 4.950139
39270.000000 3.955356 4.950656
39280.000000 3.954674 4.949959
39290.000000 3.953891 4.948977
39300.000000 3.953191 4.947469
39310.000000 3.953762 4.948340
39320.000000 3.953654 4.948202
39330.000000 3.953340 4.947650
39340.000000 3.952638 4.946613
39350.000000 3.953892 4.947394
39360.000000 3.954667 4.948205
39370.000000 3.956122 4.949868
39380.000000 3.956048 4.949930
39390.000000 3.956270 4.950365
39400.000000 3.955964 4.950137
39410.000000 3.956006 4.949403
39420.000000 3.955886 4.948309
39430.000000 3.956593 4.949821
39440.000000 3.955824 4.948858
39450.000000 3.955892 4.948158
39460.000000 3.955661 4.947868
39470.000000 3.955057 4.946954
39480.000000 3.954536 4.946616
39490.000000 3.953620 4.946722
39500.000000 3.952900 4.945508
39510.000000 3.952049 4.944285
39520.000000 3.951082 4.944325
39530.000000 3.950283 4.943481
39540.000000 3.950606 4.943571
39550.000000 3.951406 4.944102
39560.000000 3.951134 4.943760
39570.000000 3.950149 4.943776
39580.000000 3.950432 4.941786
39590.000000 3.949803 4.941155
39600.000000 3.948819 4.941171
39610.000000 3.951152 4.941591
39620.000000 3.953534 4.944882
39630.000000 3.954685 4.946945
39640.000000 3.954321 4.947426
39650.000000 3.953833 4.946813
39660.000000 3.952852 4.946834
39670.000000 3.952221 4.944951
39680.000000 3.952018 4.944383
39690.000000 3.952341 4.945099
39700.000000 3.951661 4.944558
39710.000000 3.950942 4.943346
39720.000000 3.950924 4.943011
39730.000000 3.950113 4.942617
39740.000000 3.949192 4.941931
39750.000000 3.948420 4.941119
39760.000000 3.947448 4.941145
39770.000000 3.946820 4.939113
39780.000000 3.946060 4.937850
39790.000000 3.945525 4.937180
39800.000000 3.944661 4.936097
39810.000000 3.943734 4.936177
39820.000000 3.943162 4.934684
39830.000000 3.942487 4.933993
39840.000000 3.941507 4.934005
39850.000000 3.942030 4.932488
39860.000000 3.944008 4.934188
39870.000000 3.946647 4.937799
39880.000000 3.949777 4.941248
39890.000000 3.951044 4.943142
39900.000000 3.951410 4.942979
39910.000000 3.951472 4.942746
39920.000000 3.952000 4.942940
39930.000000 3.952983 4.943705
39940.000000 3.953229 4.944786
39950.000000 3.952267 4.944821
39960.000000 3.952384 4.943573
39970.000000 3.951858 4.944152
39980.000000 3.951196 4.942859
39990.000000 3.950466 4.942717
40000.000000 3.949577 4.942840
40010.000000 3.948859 4.940859
40020.000000 3.947882 4.940871
40030.000000 3.949586 4.940995
40040.000000 3.950369 4.941509
40050.000000 3.949753 4.941355
40060.000000 3.948807 4.941406
40070.000000 3.948540 4.939682
40080.000000 3.948453 4.939109
40090.000000 3.948860 4.938693
40100.000000 3.949151 4.939673
40110.000000 3.948176 4.939684
40120.000000 3.947890 4.938402
40130.000000 3.947394 4.937164
40140.000000 3.947066 4.937368
40150.000000 3.946324 4.937055
40160.000000 3.945386 4.937112
40170.000000 3.945119 4.935546
40180.000000 3.944370 4.934453
40190.000000 3.944499 4.934307
40200.000000 3.946208 4.935523
40210.000000 3.946281 4.936074
40220.000000 3.945358 4.936147
40230.000000 3.944603 4.934893
40240.000000 3.943685 4.934972
40250.000000 3.942808 4.933873
40260.000000 3.941949 4.933257
40270.000000 3.941293 4.932127
40280.000000 3.940854 4.931730
40290.000000 3.939901 4.931762
40300.000000 3.939313 4.930105
40310.000000 3.938346 4.930117
40320.000000 3.938871 4.929242
40330.000000 3.938379 4.928320
40340.000000 3.937802 4.928055
40350.000000 3.937017 4.927377
40360.000000 3.936320 4.926350
40370.000000 3.936565 4.926198
40380.000000 3.937040 4.926791
40390.000000 3.936179 4.926933
40400.000000 3.935499 4.926080
40410.000000 3.934624 4.924831
40420.000000 3.933916 4.923791
40430.000000 3.933076 4.923043
40440.000000 3.932313 4.922237
40450.000000 3.931373 4.922278
40460.000000 3.931127 4.921511
40470.000000 3.930158 4.921514
40480.000000 3.930098 4.919003
40490.000000 3.931464 4.920558
40500.000000 3.931650 4.920637
40510.000000 3.931027 4.920161
40520.000000 3.930724 4.919628
40530.000000 3.929909 4.918606
40540.000000 3.928962 4.918634
40550.000000 3.930416 4.919238
40560.000000 3.930648 4.919678
40570.000000 3.930603 4.918710
40580.000000 3.929978 4.918078
40590.000000 3.929474 4.916688
40600.000000 3.929011 4.916562
40610.000000 3.928123 4.916661
40620.000000 3.928080 4.915848
40630.000000 3.927985 4.914971
40640.000000 3.928787 4.915822
40650.000000 3.929634 4.917183
40660.000000 3.928810 4.916606
40670.000000 3.927868 4.916029
40680.000000 3.927277 4.914987
40690.000000 3.926402 4.914192
40700.000000 3.925505 4.913370
40710.000000 3.924570 4.912349
40720.000000 3.924145 4.911664
40730.000000 3.924189 4.911417
40740.000000 3.923267 4.911468
40750.000000 3.922681 4.910129
40760.000000 3.921739 4.910154
40770.000000 3.922568 4.908930
40780.000000 3.921952 4.908307
40790.000000 3.921547 4.907649
40800.000000 3.920600 4.907666
40810.000000 3.920383 4.906039
40820.000000 3.920826 4.906893
40830.000000 3.920601 4.906459
40840.000000 3.920196 4.906252
40850.000000 3.919805 4.905760
40860.000000 3.918969 4.904863
40870.000000 3.918775 4.904919
40880.000000 3.917882 4.905002
40890.000000 3.917042 4.903948
40900.000000 3.916413 4.903610
40910.000000 3.915475 4.903633
40920.000000 3.915425 4.903268
40930.000000 3.914549 4.902319
40940.000000 3.913648 4.902388
40950.000000 3.913589 4.901262
40960.000000 3.914288 4.901685
40970.000000 3.914507 4.901958
40980.000000 3.913602 4.902021
40990.000000 3.914271 4.901657
41000.000000 3.913487 4.900974
41010.000000 3.913811 4.901227
41020.000000 3.914017 4.901184
41030.000000 3.913738 4.900683
41040.000000 3.913184 4.899389
41050.000000 3.913064 4.899536
41060.000000 3.912133 4.899563
41070.000000 3.911764 4.897755
41080.000000 3.912754 4.898694
41090.000000 3.913453 4.900462
41100.000000 3.912743 4.899721
41110.000000 3.912103 4.899067
41120.000000 3.911545 4.898813
41130.000000 3.910745 4.897958
41140.000000 3.909942 4.897249
41150.000000 3.909428 4.896602
41160.000000 3.908504 4.896634
41170.000000 3.908585 4.895243
41180.000000 3.908084 4.894465
41190.000000 3.907161 4.894497
41200.000000 3.907762 4.893610
41210.000000 3.907771 4.893918
41220.000000 3.907043 4.893301
41230.000000 3.906156 4.892485
41240.000000 3.906173 4.892058
41250.000000 3.906759 4.892790
41260.000000 3.908260 4.894222
41270.000000 3.908428 4.894578
41280.000000 3.908519 4.894096
41290.000000 3.909747 4.895335
41300.000000 3.911875 4.897404
41310.000000 3.914274 4.899662
41320.000000 3.915945 4.902941
41330.000000 3.917726 4.905317
41340.000000 3.918550 4.906049
41350.000000 3.919272 4.907249
41360.000000 3.918653 4.906174
41370.000000 3.918824 4.905644
41380.000000 3.918672 4.905156
41390.000000 3.919069 4.905504
41400.000000 3.919931 4.906728
41410.000000 3.920845 4.908020
41420.000000 3.922847 4.909633
41430.000000 3.924741 4.911557
41440.000000 3.925718 4.913224
41450.000000 3.926449 4.914731
41460.000000 3.926658 4.914990
41470.000000 3.926977 4.914350
41480.000000 3.926971 4.914786
41490.000000 3.926260 4.914488
41500.000000 3.925722 4.914257
41510.000000 3.924904 4.913528
41520.000000 3.924164 4.912747
41530.000000 3.923262 4.912801
41540.000000 3.924764 4.912607
41550.000000 3.927165 4.915611
41560.000000 3.928823 4.918129
41570.000000 3.930863 4.920533
41580.000000 3.932426 4.922487
41590.000000 3.933291 4.923420
41600.000000 3.933463 4.923486
41610.000000 3.933040 4.922363
41620.000000 3.932847 4.922268
41630.000000 3.932735 4.921978
41640.000000 3.931846 4.922047
41650.000000 3.931502 4.920432
41660.000000 3.930760 4.919058
41670.000000 3.930566 4.919110
41680.000000 3.929646 4.919139
41690.000000 3.929344 4.917135
41700.000000 3.930459 4.917644
41710.000000 3.931034 4.918952
41720.000000 3.930638 4.918455
41730.000000 3.929994 4.917648
41740.000000 3.929190 4.916493
41750.000000 3.928354 4.915298
41760.000000 3.927488 4.914655
41770.000000 3.927158 4.913948
41780.000000 3.926290 4.914037
41790.000000 3.925466 4.913152
41800.000000 3.925720 4.913026
41810.000000 3.925518 4.913066
41820.000000 3.924849 4.913110
41830.000000 3.923921 4.913123
41840.000000 3.924131 4.911767
41850.000000 3.924256 4.911628
41860.000000 3.925673 4.912666
41870.000000 3.927750 4.914970
41880.000000 3.930435 4.917594
41890.000000 3.932617 4.919735
41900.000000 3.933250 4.920673
41910.000000 3.932872 4.920934
41920.000000 3.931998 4.919985
41930.000000 3.931443 4.919583
41940.000000 3.930635 4.918717
41950.000000 3.930480 4.917936
41960.000000 3.930155 4.917381
41970.000000 3.931203 4.918252
41980.000000 3.932058 4.919614
41990.000000 3.931962 4.919346
42000.000000 3.932408 4.919902
42010.000000 3.932086 4.919352
42020.000000 3.931241 4.919466
42030.000000 3.930460 4.918341
42040.000000 3.929948 4.916967
42050.000000 3.930398 4.917383
42060.000000 3.931756 4.918788
42070.000000 3.932390 4.920019
42080.000000 3.932637 4.920035
42090.000000 3.932091 4.919350
42100.000000 3.931157 4.919350
42110.000000 3.932434 4.919047
42120.000000 3.931556 4.919117
42130.000000 3.931210 4.917807
42140.000000 3.930308 4.917845
42150.000000 3.930814 4.917309
42160.000000 3.930417 4.916811
42170.000000 3.930583 4.917164
42180.000000 3.930459 4.917154
42190.000000 3.929533 4.917161
42200.000000 3.929195 4.915863
42210.000000 3.928509 4.915295
42220.000000 3.927596 4.915316
42230.000000 3.927210 4.913667
42240.000000 3.926378 4.912916
42250.000000 3.925507 4.912552
42260.000000 3.924598 4.912576
42270.000000 3.924319 4.911790
42280.000000 3.923525 4.910650
42290.000000 3.922648 4.910277
42300.000000 3.922164 4.909379
42310.000000 3.921407 4.908285
42320.000000 3.920682 4.907811
42330.000000 3.919826 4.907318
42340.000000 3.919006 4.906725
42350.000000 3.918356 4.905764
42360.000000 3.918030 4.905644
42370.000000 3.917149 4.905699
42380.000000 3.916742 4.904897
42390.000000 3.915979 4.903940
42400.000000 3.915297 4.903373
42410.000000 3.914479 4.902635
42420.000000 3.913757 4.901874
42430.000000 3.913961 4.902417
42440.000000 3.913297 4.902161
42450.000000 3.912417 4.902214
42460.000000 3.911735 4.901067
42470.000000 3.911007 4.900008
42480.000000 3.910338 4.899311
42490.000000 3.909879 4.897868
42500.000000 3.909326 4.897316
42510.000000 3.908983 4.896308
42520.000000 3.909994 4.897571
42530.000000 3.910968 4.898211
42540.000000 3.911450 4.898525
42550.000000 3.912158 4.898832
42560.000000 3.914640 4.901218
42570.000000 3.918112 4.905418
42580.000000 3.921696 4.909904
42590.000000 3.925431 4.915011
42600.000000 3.928816 4.919392
42610.000000 3.930725 4.921636
42620.000000 3.931830 4.923018
42630.000000 3.932044 4.923284
42640.000000 3.931596 4.923444
42650.000000 3.930779 4.922707
42660.000000 3.929983 4.921997
42670.000000 3.930118 4.921153
42680.000000 3.931763 4.923356
42690.000000 3.933484 4.925652
42700.000000 3.934747 4.927232
42710.000000 3.936628 4.929297
42720.000000 3.937679 4.931478
42730.000000 3.937337 4.931192
42740.000000 3.936791 4.930650
42750.000000 3.935878 4.930660
42760.000000 3.935170 4.929915
42770.000000 3.934432 4.929277
42780.000000 3.933824 4.928369
42790.000000 3.933121 4.927629
42800.000000 3.932440 4.926918
42810.000000 3.931939 4.926287
42820.000000 3.931580 4.924682
42830.000000 3.931839 4.925149
42840.000000 3.931180 4.924897
42850.000000 3.930460 4.923848
42860.000000 3.930018 4.922572
42870.000000 3.930364 4.922284
42880.000000 3.930640 4.922915
42890.000000 3.930571 4.923402
42900.000000 3.929692 4.923448
42910.000000 3.929687 4.923007
42920.000000 3.929624 4.922352
42930.000000 3.929832 4.922754
42940.000000 3.929893 4.922397
42950.000000 3.929854 4.921915
42960.000000 3.929489 4.921312
42970.000000 3.929016 4.920717
42980.000000 3.928179 4.920814
42990.000000 3.928167 4.919794
43000.000000 3.927408 4.918840
43010.000000 3.927687 4.919187
43020.000000 3.927718 4.919940
43030.000000 3.927568 4.919034
43040.000000 3.926991 4.918309
43050.000000 3.926089 4.918322
43060.000000 3.925435 4.917215
43070.000000 3.924536 4.916800
43080.000000 3.923863 4.916097
43090.000000 3.922963 4.916110
43100.000000 3.923145 4.915908
43110.000000 3.922656 4.915434
43120.000000 3.921982 4.914873
43130.000000 3.921919 4.915363
43140.000000 3.921383 4.915116
43150.000000 3.920482 4.915125
43160.000000 3.920108 4.914083
43170.000000 3.919217 4.914104
43180.000000 3.918520 4.912941
43190.000000 3.917825 4.912351
43200.000000 3.916945 4.912386
43210.000000 3.916657 4.911450
43220.000000 3.915759 4.911460
43230.000000 3.915807 4.910661
43240.000000 3.916350 4.910343
43250.000000 3.918115 4.912125
43260.000000 3.919941 4.914126
43270.000000 3.921144 4.914919
43280.000000 3.922375 4.915604
43290.000000 3.923391 4.916875
43300.000000 3.924192 4.918161
43310.000000 3.924817 4.918656
43320.000000 3.926158 4.919906
43330.000000 3.927472 4.921408
43340.000000 3.927398 4.921312
43350.000000 3.926541 4.921374
43360.000000 3.926263 4.919742
43370.000000 3.925630 4.919088
43380.000000 3.924739 4.919105
43390.000000 3.925291 4.918090
43400.000000 3.924402 4.918109
43410.000000 3.923878 4.917165
43420.000000 3.923034 4.916531
43430.000000 3.922835 4.916562
43440.000000 3.922635 4.915883
43450.000000 3.922868 4.915889
43460.000000 3.922642 4.915886
43470.000000 3.923494 4.916385
43480.000000 3.924280 4.916658
43490.000000 3.925360 4.918008
43500.000000 3.926836 4.919146
43510.000000 3.927698 4.920224
43520.000000 3.928455 4.920745
43530.000000 3.928355 4.920758
43540.000000 3.927945 4.919676
43550.000000 3.927746 4.919284
43560.000000 3.927814 4.919791
43570.000000 3.928300 4.920115
43580.000000 3.929069 4.921076
43590.000000 3.928671 4.920858
43600.000000 3.928791 4.920016
43610.000000 3.929455 4.920704
43620.000000 3.930295 4.921755
43630.000000 3.930216 4.921936
43640.000000 3.929343 4.921971
43650.000000 3.930375 4.921424
43660.000000 3.931260 4.922814
43670.000000 3.932371 4.923215
43680.000000 3.933855 4.924929
43690.000000 3.935084 4.926749
43700.000000 3.934732 4.926730
43710.000000 3.934398 4.926310
43720.000000 3.933602 4.926439
43730.000000 3.933881 4.925941
43740.000000 3.932993 4.925955
43750.000000 3.934485 4.925706
43760.000000 3.934500 4.926004
43770.000000 3.934174 4.924749
43780.000000 3.934831 4.925711
43790.000000 3.933938 4.925718
43800.000000 3.934684 4.925101
43810.000000 3.934852 4.925170
43820.000000 3.934112 4.925368
43830.000000 3.933731 4.924607
43840.000000 3.932855 4.924634
43850.000000 3.932247 4.923027
43860.000000 3.931601 4.921936
43870.000000 3.930712 4.921804
43880.000000 3.929823 4.921532
43890.000000 3.929030 4.920677
43900.000000 3.928214 4.919653
43910.000000 3.927728 4.918622
43920.000000 3.928793 4.919672
43930.000000 3.928984 4.920050
43940.000000 3.928346 4.919530
43950.000000 3.927673 4.918264
43960.000000 3.926826 4.917482
43970.000000 3.926377 4.916497
43980.000000 3.927089 4.916966
43990.000000 3.927056 4.917343
44000.000000 3.926455 4.916310
44010.000000 3.925817 4.915509
44020.000000 3.925156 4.915238
44030.000000 3.924541 4.914326
44040.000000 3.923734 4.914431
44050.000000 3.924756 4.914033
44060.000000 3.924628 4.913871
44070.000000 3.925269 4.914252
44080.000000 3.926425 4.915419
44090.000000 3.927446 4.916695
44100.000000 3.926948 4.916629
44110.000000 3.926339 4.916282
44120.000000 3.925453 4.916288
44130.000000 3.925237 4.914760
44140.000000 3.924907 4.914902
44150.000000 3.924034 4.914922
44160.000000 3.923993 4.913893
44170.000000 3.923283 4.913281
44180.000000 3.922503 4.912580
44190.000000 3.921815 4.911716
44200.000000 3.921097 4.911233
44210.000000 3.920477 4.910593
44220.000000 3.919605 4.910611
44230.000000 3.918940 4.909497
44240.000000 3.918901 4.909029
44250.000000 3.919638 4.909810
44260.000000 3.920346 4.910695
44270.000000 3.920615 4.911586
44280.000000 3.919833 4.911716
44290.000000 3.919669 4.910257
44300.000000 3.920838 4.911441
44310.000000 3.921803 4.912926
44320.000000 3.923218 4.914001
44330.000000 3.924752 4.916199
44340.000000 3.925029 4.916403
44350.000000 3.924253 4.915569
44360.000000 3.923431 4.915647
44370.000000 3.922719 4.913920
44380.000000 3.922193 4.913536
44390.000000 3.921727 4.912950
44400.000000 3.921981 4.912711
44410.000000 3.922332 4.913010
44420.000000 3.922646 4.912847
44430.000000 3.923093 4.913820
44440.000000 3.923387 4.913909
44450.000000 3.923802 4.914426
44460.000000 3.924485 4.915003
44470.000000 3.926032 4.916246
44480.000000 3.928579 4.919710
44490.000000 3.930061 4.920872
44500.000000 3.932102 4.923425
44510.000000 3.933040 4.925429
44520.000000 3.932244 4.925539
44530.000000 3.931623 4.924344
44540.000000 3.931582 4.924151
44550.000000 3.931044 4.924029
44560.000000 3.930256 4.923040
44570.000000 3.929609 4.922227
44580.000000 3.928983 4.921579
44590.000000 3.928193 4.920724
44600.000000 3.927321 4.920736
44610.000000 3.926853 4.919732
44620.000000 3.926429 4.918508
44630.000000 3.926079 4.918620
44640.000000 3.925591 4.917730
44650.000000 3.925823 4.917466
44660.000000 3.926815 4.918569
44670.000000 3.928253 4.920368
44680.000000 3.929056 4.921508
44690.000000 3.929333 4.921991
44700.000000 3.929040 4.921622
44710.000000 3.928472 4.920771
44720.000000 3.927983 4.919880
44730.000000 3.928143 4.919803
44740.000000 3.929041 4.920788
44750.000000 3.929752 4.921814
44760.000000 3.929589 4.921883
44770.000000 3.929265 4.921061
44780.000000 3.928713 4.920644
44790.000000 3.927842 4.920651
44800.000000 3.927739 4.919281
44810.000000 3.927260 4.918267
44820.000000 3.927311 4.917917
44830.000000 3.928137 4.918262
44840.000000 3.930035 4.920499
44850.000000 3.932377 4.923155
44860.000000 3.934654 4.926004
44870.000000 3.936524 4.927794
44880.000000 3.937604 4.929281
44890.000000 3.938373 4.930380
44900.000000 3.937910 4.930211
44910.000000 3.937298 4.929168
44920.000000 3.938117 4.930055
44930.000000 3.939382 4.931224
44940.000000 3.940741 4.933061
44950.000000 3.941429 4.933920
44960.000000 3.940790 4.933531
44970.000000 3.940595 4.932736
44980.000000 3.940001 4.932404
44990.000000 3.939309 4.931810
45000.000000 3.939323 4.931003
45010.000000 3.939984 4.931966
45020.000000 3.939374 4.931337
45030.000000 3.938712 4.931603
45040.000000 3.938067 4.931206
45050.000000 3.937287 4.930364
45060.000000 3.937405 4.929688
45070.000000 3.938377 4.930356
45080.000000 3.939574 4.931305
45090.000000 3.941967 4.934161
45100.000000 3.944540 4.937792
45110.000000 3.946067 4.939702
45120.000000 3.947568 4.942127
45130.000000 3.948587 4.943950
45140.000000 3.949012 4.944480
45150.000000 3.949291 4.944964
45160.000000 3.950009 4.945177
45170.000000 3.950789 4.946426
45180.000000 3.950801 4.945891
45190.000000 3.950440 4.945437
45200.000000 3.949681 4.945170
45210.000000 3.949218 4.944452
45220.000000 3.948359 4.944470
45230.000000 3.948378 4.942301
45240.000000 3.949060 4.942743
45250.000000 3.950818 4.944943
45260.000000 3.951753 4.946522
45270.000000 3.950898 4.946545
45280.000000 3.950625 4.944697
45290.000000 3.950063 4.943856
45300.000000 3.949365 4.942434
45310.000000 3.949972 4.942647
45320.000000 3.949854 4.942634
45330.000000 3.949038 4.942704
45340.000000 3.949747 4.942771
45350.000000 3.949647 4.941963
45360.000000 3.949847 4.942211
45370.000000 3.949022 4.942269
45380.000000 3.948872 4.940989
45390.000000 3.948160 4.940506
45400.000000 3.947387 4.939674
45410.000000 3.946600 4.939232
45420.000000 3.946083 4.938584
45430.000000 3.945231 4.938605
45440.000000 3.945244 4.937260
45450.000000 3.944442 4.937342
45460.000000 3.944216 4.935834
45470.000000 3.945745 4.936931
45480.000000 3.946414 4.937904
45490.000000 3.946374 4.937989
45500.000000 3.945657 4.937497
45510.000000 3.945036 4.936583
45520.000000 3.944312 4.935947
45530.000000 3.943638 4.935509
45540.000000 3.942777 4.935516
45550.000000 3.942414 4.934111
45560.000000 3.941947 4.933796
45570.000000 3.941317 4.933413
45580.000000 3.941218 4.933286
45590.000000 3.940487 4.933048
45600.000000 3.939629 4.933056
45610.000000 3.939271 4.931252
45620.000000 3.939747 4.932252
45630.000000 3.939522 4.931833
45640.000000 3.938711 4.931629
45650.000000 3.938694 4.931064
45660.000000 3.939049 4.931506
45670.000000 3.938217 4.931545
45680.000000 3.937999 4.929648
45690.000000 3.938175 4.929597
45700.000000 3.939053 4.930694
45710.000000 3.939222 4.930905
45720.000000 3.938678 4.931301
45730.000000 3.938506 4.930545
45740.000000 3.938654 4.930458
45750.000000 3.938162 4.929842
45760.000000 3.937432 4.929870
45770.000000 3.936888 4.929322
45780.000000 3.936655 4.928893
45790.000000 3.936163 4.928411
45800.000000 3.935324 4.928437
45810.000000 3.934688 4.927234
45820.000000 3.933979 4.926210
45830.000000 3.933125 4.926215
45840.000000 3.932632 4.924788
45850.000000 3.932817 4.924883
45860.000000 3.932612 4.924221
45870.000000 3.932573 4.923633
45880.000000 3.931819 4.922686
45890.000000 3.931455 4.922632
45900.000000 3.931044 4.921982
45910.000000 3.930973 4.921757
45920.000000 3.930656 4.921358
45930.000000 3.930716 4.920895
45940.000000 3.930181 4.920357
45950.000000 3.929890 4.919992
45960.000000 3.929782 4.919855
45970.000000 3.929364 4.919196
45980.000000 3.928938 4.919063
45990.000000 3.928289 4.918115
46000.000000 3.927485 4.918177
46010.000000 3.926929 4.916676
46020.000000 3.926112 4.916722
46030.000000 3.926321 4.915243
46040.000000 3.926391 4.915328
46050.000000 3.925564 4.915360
46060.000000 3.925416 4.914105
46070.000000 3.925364 4.913504
46080.000000 3.925549 4.913867
46090.000000 3.926201 4.914816
46100.000000 3.926673 4.915673
46110.000000 3.927849 4.917143
46120.000000 3.928862 4.918676
46130.000000 3.929906 4.919981
46140.000000 3.929623 4.920026
46150.000000 3.928840 4.920112
46160.000000 3.928104 4.918788
46170.000000 3.927611 4.917769
46180.000000 3.927828 4.917372
46190.000000 3.930091 4.919803
46200.000000 3.933950 4.924233
46210.000000 3.938057 4.929104
46220.000000 3.941578 4.933377
46230.000000 3.945640 4.937925
46240.000000 3.948880 4.942379
46250.000000 3.951339 4.945188
46260.000000 3.952543 4.947095
46270.000000 3.953453 4.949036
46280.000000 3.953113 4.949011
46290.000000 3.952292 4.949052
46300.000000 3.953179 4.948420
46310.000000 3.953042 4.948381
46320.000000 3.952222 4.948423
46330.000000 3.951633 4.947150
46340.000000 3.950813 4.947190
46350.000000 3.950810 4.946383
46360.000000 3.950578 4.946359
46370.000000 3.949998 4.945764
46380.000000 3.949155 4.945774
46390.000000 3.948548 4.945145
46400.000000 3.947800 4.944474
46410.000000 3.947598 4.943819
46420.000000 3.946787 4.943867
46430.000000 3.949178 4.944459
46440.000000 3.950429 4.945758
46450.000000 3.951933 4.947105
46460.000000 3.953973 4.949790
46470.000000 3.955437 4.951222
46480.000000 3.957463 4.953490
46490.000000 3.958557 4.955391
46500.000000 3.958669 4.955796
46510.000000 3.958807 4.955568
46520.000000 3.959427 4.955942
46530.000000 3.959854 4.956475
46540.000000 3.959092 4.956586
46550.000000 3.958628 4.955204
46560.000000 3.957811 4.955245
46570.000000 3.958329 4.954560
46580.000000 3.958046 4.954737
46590.000000 3.957329 4.953972
46600.000000 3.957057 4.953231
46610.000000 3.956569 4.952618
46620.000000 3.955792 4.952708
46630.000000 3.955482 4.952052
46640.000000 3.954703 4.951341
46650.000000 3.954093 4.950443
46660.000000 3.953267 4.950469
46670.000000 3.953948 4.949727
46680.000000 3.953808 4.949683
46690.000000 3.953237 4.948834
46700.000000 3.952747 4.948086
46710.000000 3.951936 4.948129
46720.000000 3.951296 4.947061
46730.000000 3.950523 4.946357
46740.000000 3.949690 4.946372
46750.000000 3.949911 4.944395
46760.000000 3.950280 4.944723
46770.000000 3.949822 4.943752
46780.000000 3.950043 4.944292
46790.000000 3.949387 4.943601
46800.000000 3.948806 4.942079
46810.000000 3.948482 4.941804
46820.000000 3.947871 4.941171
46830.000000 3.947227 4.940496
46840.000000 3.946394 4.940508
46850.000000 3.946141 4.938738
46860.000000 3.946258 4.939015
46870.000000 3.945764 4.938264
46880.000000 3.945733 4.938091
46890.000000 3.946132 4.938325
46900.000000 3.947020 4.939172
46910.000000 3.947815 4.939902
46920.000000 3.948930 4.941165
46930.000000 3.948703 4.941275
46940.000000 3.947876 4.941292
46950.000000 3.947479 4.939872
46960.000000 3.946634 4.939208
46970.000000 3.945870 4.939304
46980.000000 3.945253 4.937215
46990.000000 3.945788 4.937226
47000.000000 3.946175 4.938103
47010.000000 3.945817 4.937917
47020.000000 3.945280 4.936587
47030.000000 3.944737 4.936301
47040.000000 3.944074 4.935469
47050.000000 3.943369 4.934849
47060.000000 3.942816 4.933893
47070.000000 3.942872 4.933306
47080.000000 3.942852 4.933674
47090.000000 3.942294 4.932450
47100.000000 3.941841 4.932013
47110.000000 3.941015 4.932027
47120.000000 3.940635 4.931419
47130.000000 3.940607 4.930728
47140.000000 3.940840 4.931149
47150.000000 3.940203 4.930875
47160.000000 3.939537 4.930041
47170.000000 3.938705 4.930044
47180.000000 3.938546 4.928013
47190.000000 3.938064 4.927540
47200.000000 3.937757 4.926502
47210.000000 3.937207 4.925812
47220.000000 3.936425 4.925878
47230.000000 3.936128 4.924722
47240.000000 3.935558 4.923877
47250.000000 3.934730 4.923883
47260.000000 3.934658 4.922359
47270.000000 3.934001 4.922056
47280.000000 3.933481 4.920754
47290.000000 3.934137 4.922224
47300.000000 3.933325 4.922250
47310.000000 3.932797 4.921067
47320.000000 3.932524 4.920985
47330.000000 3.932057 4.920660
47340.000000 3.931298 4.920098
47350.000000 3.930486 4.920121
47360.000000 3.931157 4.919400
47370.000000 3.931776 4.920433
47380.000000 3.931217 4.920252
47390.000000 3.930453 4.919684
47400.000000 3.929647 4.919714
47410.000000 3.929556 4.918429
47420.000000 3.930548 4.919280
47430.000000 3.932483 4.920921
47440.000000 3.934265 4.923280
47450.000000 3.934410 4.923979
47460.000000 3.933995 4.922679
47470.000000 3.933363 4.921628
47480.000000 3.932939 4.921615
47490.000000 3.932451 4.920875
47500.000000 3.932461 4.920367
47510.000000 3.932054 4.920635
47520.000000 3.931237 4.920648
47530.000000 3.930885 4.918781
47540.000000 3.930777 4.917738
47550.000000 3.930461 4.917860
47560.000000 3.929645 4.917873
47570.000000 3.929661 4.915693
47580.000000 3.929101 4.915250
47590.000000 3.928291 4.915270
47600.000000 3.928289 4.914104
47610.000000 3.928228 4.914026
47620.000000 3.927619 4.913264
47630.000000 3.926996 4.912484
47640.000000 3.926730 4.912537
47650.000000 3.925971 4.912619
47660.000000 3.925397 4.910611
47670.000000 3.926047 4.910650
47680.000000 3.927060 4.912045
47690.000000 3.927594 4.912840
47700.000000 3.927329 4.911993
47710.000000 3.926565 4.911423
47720.000000 3.926467 4.910785
47730.000000 3.927507 4.911570
47740.000000 3.928621 4.913220
47750.000000 3.929585 4.914168
47760.000000 3.931069 4.916538
47770.000000 3.931083 4.916555
47780.000000 3.930471 4.916047
47790.000000 3.929668 4.916071
47800.000000 3.929089 4.914703
47810.000000 3.928557 4.914037
47820.000000 3.928157 4.913407
47830.000000 3.927367 4.913446
47840.000000 3.926667 4.912698
47850.000000 3.925978 4.911964
47860.000000 3.925202 4.912019
47870.000000 3.924731 4.910017
47880.000000 3.924241 4.909531
47890.000000 3.924452 4.909923
47900.000000 3.923997 4.909481
47910.000000 3.923204 4.909513
47920.000000 3.923388 4.908332
47930.000000 3.923726 4.908114
47940.000000 3.925518 4.909586
47950.000000 3.927573 4.912411
47960.000000 3.929435 4.914740
47970.000000 3.930947 4.917015
47980.000000 3.932032 4.918371
47990.000000 3.933397 4.919821
48000.000000 3.935280 4.922305
48010.000000 3.935561 4.923168
48020.000000 3.934820 4.922754
48030.000000 3.934740 4.922269
48040.000000 3.934359 4.922432
48050.000000 3.933593 4.921600
48060.000000 3.932792 4.921622
48070.000000 3.932825 4.920382
48080.000000 3.932509 4.920497
48090.000000 3.931762 4.919817
48100.000000 3.931345 4.918527
48110.000000 3.931177 4.918061
48120.000000 3.931807 4.918463
48130.000000 3.931451 4.918273
48140.000000 3.930737 4.917636
48150.000000 3.929939 4.917657
48160.000000 3.930090 4.917207
48170.000000 3.930022 4.917122
48180.000000 3.929320 4.917264
48190.000000 3.929130 4.915620
48200.000000 3.928980 4.915432
48210.000000 3.929142 4.915378
48220.000000 3.928596 4.914312
48230.000000 3.928064 4.913519
48240.000000 3.927254 4.913524
48250.000000 3.926850 4.911998
48260.000000 3.926488 4.911417
48270.000000 3.926071 4.910895
48280.000000 3.925698 4.910173
48290.000000 3.925669 4.910391
48300.000000 3.925148 4.910248
48310.000000 3.924341 4.910255
48320.000000 3.924636 4.909351
48330.000000 3.924540 4.909611
48340.000000 3.924006 4.908816
48350.000000 3.924294 4.909175
48360.000000 3.923783 4.908916
48370.000000 3.923167 4.908271
48380.000000 3.922618 4.907584
48390.000000 3.922465 4.907264
48400.000000 3.921737 4.907367
48410.000000 3.921801 4.906686
48420.000000 3.921238 4.905981
48430.000000 3.920483 4.906049
48440.000000 3.920333 4.905353
48450.000000 3.920224 4.904963
48460.000000 3.920515 4.905453
48470.000000 3.920726 4.906222
48480.000000 3.920397 4.905429
48490.000000 3.920687 4.905031
48500.000000 3.921758 4.906624
48510.000000 3.922464 4.907126
48520.000000 3.923093 4.907153
48530.000000 3.924533 4.908574
48540.000000 3.925030 4.909068
48550.000000 3.926260 4.910607
48560.000000 3.927588 4.911508
48570.000000 3.928726 4.912931
48580.000000 3.929380 4.914128
48590.000000 3.929062 4.913476
48600.000000 3.928732 4.912811
48610.000000 3.928156 4.912469
48620.000000 3.927774 4.912117
48630.000000 3.926983 4.912137
48640.000000 3.926408 4.910534
48650.000000 3.925816 4.909920
48660.000000 3.925027 4.909942
48670.000000 3.924437 4.908698
48680.000000 3.923675 4.908501
48690.000000 3.923158 4.908357
48700.000000 3.922376 4.908387
48710.000000 3.922398 4.907279
48720.000000 3.921718 4.906806
48730.000000 3.921010 4.906170
48740.000000 3.920429 4.905443
48750.000000 3.920552 4.904966
48760.000000 3.921615 4.906547
48770.000000 3.923069 4.908365
48780.000000 3.923745 4.909335
48790.000000 3.923211 4.908793
48800.000000 3.922717 4.907418
48810.000000 3.923172 4.908239
48820.000000 3.923921 4.908924
48830.000000 3.924302 4.909273
48840.000000 3.923987 4.909507
48850.000000 3.923405 4.909030
48860.000000 3.922637 4.909073
48870.000000 3.922260 4.908475
48880.000000 3.921573 4.907991
48890.000000 3.921196 4.907266
48900.000000 3.920579 4.906493
48910.000000 3.920506 4.906526
48920.000000 3.920142 4.905819
48930.000000 3.920572 4.906230
48940.000000 3.921117 4.907036
48950.000000 3.921024 4.906793
48960.000000 3.920773 4.905977
48970.000000 3.921244 4.906314
48980.000000 3.920931 4.905796
48990.000000 3.920341 4.905183
49000.000000 3.920342 4.905057
49010.000000 3.920595 4.905123
49020.000000 3.920534 4.905045
49030.000000 3.920153 4.905069
49040.000000 3.919358 4.905074
49050.000000 3.919955 4.904193
49060.000000 3.919471 4.903837
49070.000000 3.918685 4.903852
49080.000000 3.918045 4.902800
49090.000000 3.917535 4.901912
49100.000000 3.916784 4.901970
49110.000000 3.916432 4.901028
49120.000000 3.915942 4.900289
49130.000000 3.915148 4.900294
49140.000000 3.914863 4.899436
49150.000000 3.914778 4.899328
49160.000000 3.914724 4.899385
49170.000000 3.914515 4.899247
49180.000000 3.914258 4.898923
49190.000000 3.913806 4.898357
49200.000000 3.913018 4.898366
49210.000000 3.912676 4.896940
49220.000000 3.912341 4.897017
49230.000000 3.911799 4.895964
49240.000000 3.911025 4.895990
49250.000000 3.910495 4.894579
49260.000000 3.910570 4.894546
49270.000000 3.910323 4.893615
49280.000000 3.910845 4.894516
49290.000000 3.910238 4.894252
49300.000000 3.909489 4.894307
49310.000000 3.909056 4.893142
49320.000000 3.908349 4.892504
49330.000000 3.907557 4.892505
49340.000000 3.907240 4.891361
49350.000000 3.907001 4.891185
49360.000000 3.907278 4.891406
49370.000000 3.908279 4.892037
49380.000000 3.908805 4.893066
49390.000000 3.908179 4.892282
49400.000000 3.907408 4.892306
49410.000000 3.907290 4.891289
49420.000000 3.907083 4.891276
49430.000000 3.906716 4.890816
49440.000000 3.905939 4.890832
49450.000000 3.905637 4.889339
49460.000000 3.905386 4.888404
49470.000000 3.905120 4.887946
49480.000000 3.904614 4.887435
49490.000000 3.904753 4.887360
49500.000000 3.905119 4.888065
49510.000000 3.904844 4.887595
49520.000000 3.904661 4.887241
49530.000000 3.904153 4.886481
49540.000000 3.904018 4.885693
49550.000000 3.904690 4.886533
49560.000000 3.905155 4.887237
49570.000000 3.904527 4.886450
49580.000000 3.904454 4.886234
49590.000000 3.904513 4.886430
49600.000000 3.904350 4.885979
49610.000000 3.904186 4.885650
49620.000000 3.903438 4.885697
49630.000000 3.902773 4.884494
49640.000000 3.902047 4.884570
49650.000000 3.902028 4.883314
49660.000000 3.901911 4.883411
49670.000000 3.901209 4.883517
49680.000000 3.900949 4.881959
49690.000000 3.900873 4.881863
49700.000000 3.901261 4.881856
49710.000000 3.900517 4.881907
49720.000000 3.900034 4.880933
49730.000000 3.899293 4.880986
49740.000000 3.898907 4.880133
49750.000000 3.898125 4.880136
49760.000000 3.898076 4.879091
49770.000000 3.897882 4.879092
49780.000000 3.898293 4.878992
49790.000000 3.897925 4.879143
49800.000000 3.897381 4.878583
49810.000000 3.896643 4.877658
49820.000000 3.896969 4.877575
49830.000000 3.897178 4.877712
49840.000000 3.896843 4.877292
49850.000000 3.896110 4.877353
49860.000000 3.896026 4.876879
49870.000000 3.895578 4.876806
49880.000000 3.894810 4.876823
49890.000000 3.894420 4.875109
49900.000000 3.893901 4.874458
49910.000000 3.893154 4.874010
49920.000000 3.892714 4.873214
49930.000000 3.891997 4.873292
49940.000000 3.892188 4.872186
49950.000000 3.893237 4.873253
49960.000000 3.895367 4.875675
49970.000000 3.897517 4.878242
49980.000000 3.899856 4.881169
49990.000000 3.901713 4.883857
50000.000000 3.903041 4.885641
50010.000000 3.903286 4.886191
50020.000000 3.903250 4.886023
50030.000000 3.902526 4.886093
50040.000000 3.902463 4.884545
50050.000000 3.901699 4.884565
50060.000000 3.901683 4.883201
50070.000000 3.900911 4.883210
50080.000000 3.901874 4.883681
50090.000000 3.901489 4.883320
50100.000000 3.900743 4.883361
50110.000000 3.900597 4.881958
50120.000000 3.900428 4.881866
50130.000000 3.899667 4.881887
50140.000000 3.899263 4.880284
50150.000000 3.898652 4.879518
50160.000000 3.898489 4.879191
50170.000000 3.898341 4.879247
50180.000000 3.898421 4.879225
50190.000000 3.898454 4.879630
50200.000000 3.897951 4.879364
50210.000000 3.897201 4.879397
50220.000000 3.896604 4.878040
50230.000000 3.895871 4.878093
50240.000000 3.896339 4.877705
50250.000000 3.896021 4.876820
50260.000000 3.895837 4.876224
50270.000000 3.895347 4.876095
50280.000000 3.894749 4.875223
50290.000000 3.894156 4.874844
50300.000000 3.894428 4.874940
50310.000000 3.894726 4.875312
50320.000000 3.895256 4.876095
50330.000000 3.895735 4.876572
50340.000000 3.895386 4.876376
50350.000000 3.894910 4.875537
50360.000000 3.894646 4.875205
50370.000000 3.893909 4.875251
50380.000000 3.894685 4.874645
50390.000000 3.895654 4.875857
50400.000000 3.895880 4.876623
50410.000000 3.895326 4.875807
50420.000000 3.894900 4.874909
50430.000000 3.894571 4.874375
50440.000000 3.894005 4.873666
50450.000000 3.893554 4.873221
50460.000000 3.892792 4.873233
50470.000000 3.892226 4.872282
50480.000000 3.891479 4.872312
50490.000000 3.891173 4.870719
50500.000000 3.890760 4.870081
50510.000000 3.890010 4.870106
50520.000000 3.890175 4.869224
50530.000000 3.889405 4.869225
50540.000000 3.889009 4.868124
50550.000000 3.888250 4.868137
50560.000000 3.887805 4.867217
50570.000000 3.887051 4.867235
50580.000000 3.886583 4.866166
50590.000000 3.885877 4.866243
50600.000000 3.885939 4.865477
50610.000000 3.885558 4.864757
50620.000000 3.885327 4.864586
50630.000000 3.885247 4.864486
50640.000000 3.886402 4.865208
50650.000000 3.887918 4.867104
50660.000000 3.888700 4.867962
50670.000000 3.889882 4.869801
50680.000000 3.891002 4.871442
50690.000000 3.891693 4.872667
50700.000000 3.891442 4.872712
50710.000000 3.890723 4.872773
50720.000000 3.891927 4.872354
50730.000000 3.891595 4.871215
50740.000000 3.891243 4.870053
50750.000000 3.891358 4.870075
50760.000000 3.890663 4.870165
50770.000000 3.890404 4.869120
50780.000000 3.889974 4.868939
50790.000000 3.889373 4.868306
50800.000000 3.889074 4.867570
50810.000000 3.889013 4.867133
50820.000000 3.888447 4.866424
50830.000000 3.887697 4.866443
50840.000000 3.887629 4.865278
50850.000000 3.886866 4.865280
50860.000000 3.886800 4.863880
50870.000000 3.886975 4.864336
50880.000000 3.887103 4.864615
50890.000000 3.886660 4.864418
50900.000000 3.885897 4.864420
50910.000000 3.885402 4.863200
50920.000000 3.885079 4.862197
50930.000000 3.885112 4.862238
50940.000000 3.884792 4.861598
50950.000000 3.884515 4.861249
50960.000000 3.884732 4.861400
50970.000000 3.885059 4.860854
50980.000000 3.885472 4.861609
50990.000000 3.886146 4.862211
51000.000000 3.886692 4.863013
51010.000000 3.887578 4.863405
51020.000000 3.888554 4.864626
51030.000000 3.889673 4.865787
51040.000000 3.890793 4.867306
51050.000000 3.891104 4.867694
51060.000000 3.891549 4.868250
51070.000000 3.892046 4.868871
51080.000000 3.892100 4.868937
51090.000000 3.891810 4.869051
51100.000000 3.891072 4.869080
51110.000000 3.890803 4.868386
51120.000000 3.890441 4.867574
51130.000000 3.890875 4.867759
51140.000000 3.891118 4.867824
51150.000000 3.891990 4.868438
51160.000000 3.893411 4.870691
51170.000000 3.893297 4.870190
51180.000000 3.893216 4.870207
51190.000000 3.892529 4.869704
51200.000000 3.891780 4.869718
51210.000000 3.892444 4.869477
51220.000000 3.891827 4.869657
51230.000000 3.892218 4.868955
51240.000000 3.892359 4.869369
51250.000000 3.891879 4.868648
51260.000000 3.891300 4.868042
51270.000000 3.890549 4.867696
51280.000000 3.890172 4.867224
51290.000000 3.889702 4.866516
51300.000000 3.889162 4.866196
51310.000000 3.888435 4.866234
51320.000000 3.887917 4.864873
51330.000000 3.887381 4.863846
51340.000000 3.886637 4.863862
51350.000000 3.886680 4.862375
51360.000000 3.886542 4.862438
51370.000000 3.886378 4.861877
51380.000000 3.886113 4.861426
51390.000000 3.885834 4.860721
51400.000000 3.885262 4.859768
51410.000000 3.884511 4.859774
51420.000000 3.884430 4.859199
51430.000000 3.883756 4.858710
51440.000000 3.883113 4.857904
51450.000000 3.882780 4.857959
51460.000000 3.882067 4.858012
51470.000000 3.881949 4.857509
51480.000000 3.882972 4.858670
51490.000000 3.883060 4.859133
51500.000000 3.882595 4.858668
51510.000000 3.882649 4.858618
51520.000000 3.881920 4.858647
51530.000000 3.881516 4.857787
51540.000000 3.880866 4.857208
51550.000000 3.880122 4.857219
51560.000000 3.879837 4.856389
51570.000000 3.879679 4.856308
51580.000000 3.879672 4.856063
51590.000000 3.880818 4.857377
51600.000000 3.881189 4.858430
51610.000000 3.881234 4.858367
51620.000000 3.880568 4.858475
51630.000000 3.879988 4.857511
51640.000000 3.879327 4.857036
51650.000000 3.879043 4.856678
51660.000000 3.878788 4.856828
51670.000000 3.878494 4.856224
51680.000000 3.878168 4.856403
51690.000000 3.877475 4.856003
51700.000000 3.877168 4.855852
51710.000000 3.876622 4.855166
51720.000000 3.876426 4.854685
51730.000000 3.876298 4.854405
51740.000000 3.875633 4.854040
51750.000000 3.875000 4.853128
51760.000000 3.874287 4.853173
51770.000000 3.873792 4.851611
51780.000000 3.873149 4.851274
51790.000000 3.872468 4.850537
51800.000000 3.871901 4.850176
51810.000000 3.871160 4.850183
51820.000000 3.871543 4.849254
51830.000000 3.871385 4.848703
51840.000000 3.870957 4.847932
51850.000000 3.871294 4.848819
51860.000000 3.871293 4.848816
51870.000000 3.871345 4.848646
51880.000000 3.872171 4.849679
51890.000000 3.871941 4.849856
51900.000000 3.871205 4.849869
51910.000000 3.871104 4.849156
51920.000000 3.870791 4.848645
51930.000000 3.871260 4.848763
51940.000000 3.871190 4.848672
51950.000000 3.871308 4.848819
51960.000000 3.871612 4.849431
51970.000000 3.871324 4.849185
51980.000000 3.870770 4.848724
51990.000000 3.870318 4.848156
52000.000000 3.870309 4.847325
52010.000000 3.871250 4.848735
52020.000000 3.871093 4.849120
52030.000000 3.870367 4.848675
52040.000000 3.870295 4.848583
52050.000000 3.869663 4.848140
52060.000000 3.868928 4.847566
52070.000000 3.868418 4.846692
52080.000000 3.868358 4.846964
52090.000000 3.868249 4.846593
52100.000000 3.867886 4.846020
52110.000000 3.867926 4.845835
52120.000000 3.868137 4.845864
52130.000000 3.869619 4.847485
52140.000000 3.871239 4.849396
52150.000000 3.870949 4.849030
52160.000000 3.870546 4.848524
52170.000000 3.870080 4.848171
52180.000000 3.869526 4.847592
52190.000000 3.869062 4.846892
52200.000000 3.868546 4.846360
52210.000000 3.867886 4.845764
52220.000000 3.867407 4.845161
52230.000000 3.866667 4.845161
52240.000000 3.866630 4.844183
52250.000000 3.866364 4.843616
52260.000000 3.867064 4.844026
52270.000000 3.868477 4.845677
52280.000000 3.869555 4.846910
52290.000000 3.870095 4.848165
52300.000000 3.870635 4.848260
52310.000000 3.870699 4.848686
52320.000000 3.870123 4.848194
52330.000000 3.869407 4.848224
52340.000000 3.868891 4.847343
52350.000000 3.868718 4.846892
52360.000000 3.868997 4.846776
52370.000000 3.869887 4.848121
52380.000000 3.870786 4.849361
52390.000000 3.872426 4.850834
52400.000000 3.874044 4.852858
52410.000000 3.875577 4.854660
52420.000000 3.875720 4.855302
52430.000000 3.875259 4.854838
52440.000000 3.874551 4.854877
52450.000000 3.874326 4.853897
52460.000000 3.873629 4.853950
52470.000000 3.873222 4.852510
52480.000000 3.873013 4.852245
52490.000000 3.872491 4.851705
52500.000000 3.872512 4.850803
52510.000000 3.872456 4.850500
52520.000000 3.872147 4.850112
52530.000000 3.871966 4.849883
52540.000000 3.871752 4.849150
52550.000000 3.871025 4.849163
52560.000000 3.870571 4.848014
52570.000000 3.869888 4.847503
52580.000000 3.869502 4.847017
52590.000000 3.869036 4.846317
52600.000000 3.868445 4.845690
52610.000000 3.867943 4.845405
52620.000000 3.867219 4.845420
52630.000000 3.867044 4.844506
52640.000000 3.866641 4.843883
52650.000000 3.866949 4.843692
52660.000000 3.866575 4.843681
52670.000000 3.865924 4.843325
52680.000000 3.865224 4.842792
52690.000000 3.865376 4.842174
52700.000000 3.866597 4.843585
52710.000000 3.867533 4.845217
52720.000000 3.868327 4.845749
52730.000000 3.869792 4.847928
52740.000000 3.870500 4.848582
52750.000000 3.870221 4.848692
52760.000000 3.870204 4.848323
52770.000000 3.870340 4.848951
52780.000000 3.869659 4.849018
52790.000000 3.870003 4.847720
52800.000000 3.869614 4.847576
52810.000000 3.869548 4.847262
52820.000000 3.869220 4.846848
52830.000000 3.868520 4.846314
52840.000000 3.867811 4.845883
52850.000000 3.867168 4.845421
52860.000000 3.866550 4.844414
52870.000000 3.866902 4.844509
52880.000000 3.867069 4.844945
52890.000000 3.866403 4.844454
52900.000000 3.865677 4.844459
52910.000000 3.865680 4.843428
52920.000000 3.864977 4.843462
52930.000000 3.864550 4.842008
52940.000000 3.864343 4.841862
52950.000000 3.863872 4.841727
52960.000000 3.863196 4.841336
52970.000000 3.863221 4.841136
52980.000000 3.863345 4.841289
52990.000000 3.863453 4.841079
53000.000000 3.864012 4.841205
53010.000000 3.864825 4.842565
53020.000000 3.865162 4.843099
53030.000000 3.864600 4.842850
53040.000000 3.863883 4.842865
53050.000000 3.863922 4.841997
53060.000000 3.863414 4.841128
53070.000000 3.863183 4.840379
53080.000000 3.862766 4.839970
53090.000000 3.862191 4.839132
53100.000000 3.861466 4.839135
53110.000000 3.860948 4.837913
53120.000000 3.861596 4.838380
53130.000000 3.862370 4.839348
53140.000000 3.863846 4.841081
53150.000000 3.863725 4.841042
53160.000000 3.863302 4.840510
53170.000000 3.862745 4.840152
53180.000000 3.862324 4.839622
53190.000000 3.862037 4.839146
53200.000000 3.861722 4.838521
53210.000000 3.861096 4.837507
53220.000000 3.860380 4.837519
53230.000000 3.860742 4.836717
53240.000000 3.860939 4.837076
53250.000000 3.861737 4.837960
53260.000000 3.862493 4.838906
53270.000000 3.863570 4.840366
53280.000000 3.863788 4.840751
53290.000000 3.863237 4.840514
53300.000000 3.862542 4.840552
53310.000000 3.862250 4.839273
53320.000000 3.861565 4.838754
53330.000000 3.861270 4.838381
53340.000000 3.860997 4.837696
53350.000000 3.860655 4.837039
53360.000000 3.860351 4.836201
53370.000000 3.859661 4.836243
53380.000000 3.859150 4.834806
53390.000000 3.859101 4.835083
53400.000000 3.858428 4.835146
53410.000000 3.858435 4.833678
53420.000000 3.858856 4.833976
53430.000000 3.858808 4.833461
53440.000000 3.859975 4.834354
53450.000000 3.861741 4.836224
53460.000000 3.863540 4.838136
53470.000000 3.865315 4.840583
53480.000000 3.867801 4.843354
53490.000000 3.870033 4.846035
53500.000000 3.871385 4.848066
53510.000000 3.872692 4.849361
53520.000000 3.873640 4.850774
53530.000000 3.874542 4.851562
53540.000000 3.875532 4.852800
53550.000000 3.875630 4.852921
53560.000000 3.875208 4.852277
53570.000000 3.875115 4.852498
53580.000000 3.874741 4.852143
53590.000000 3.874023 4.852149
53600.000000 3.874726 4.851667
53610.000000 3.875913 4.853152
53620.000000 3.876851 4.854551
53630.000000 3.877461 4.855087
53640.000000 3.878075 4.855288
53650.000000 3.879015 4.856577
53660.000000 3.879532 4.857563
53670.000000 3.879426 4.857201
53680.000000 3.878958 4.856954
53690.000000 3.878439 4.856302
53700.000000 3.878760 4.856363
53710.000000 3.878352 4.856304
53720.000000 3.877659 4.856340
53730.000000 3.878163 4.855951
53740.000000 3.878239 4.856270
53750.000000 3.878747 4.856678
53760.000000 3.879343 4.857424
53770.000000 3.878978 4.857191
53780.000000 3.878415 4.856484
53790.000000 3.878912 4.856426
53800.000000 3.879151 4.856499
53810.000000 3.878432 4.856501
53820.000000 3.877880 4.855357
53830.000000 3.877522 4.854569
53840.000000 3.876868 4.854651
53850.000000 3.876519 4.853648
53860.000000 3.875902 4.853100
53870.000000 3.875205 4.853127
53880.000000 3.875074 4.852060
53890.000000 3.874788 4.851925
53900.000000 3.874614 4.851706
53910.000000 3.874635 4.851280
53920.000000 3.874977 4.851706
53930.000000 3.874993 4.851726
53940.000000 3.875254 4.851262
53950.000000 3.874930 4.851080
53960.000000 3.874247 4.851125
53970.000000 3.873962 4.850204
53980.000000 3.873314 4.849390
53990.000000 3.872648 4.849456
54000.000000 3.872467 4.848553
54010.000000 3.872218 4.848127
54020.000000 3.871512 4.848140
54030.000000 3.871317 4.846771
54040.000000 3.871348 4.846696
54050.000000 3.871757 4.847431
54060.000000 3.872499 4.848022
54070.000000 3.873686 4.849282
54080.000000 3.874559 4.850374
54090.000000 3.874492 4.851187
54100.000000 3.873880 4.850644
54110.000000 3.873410 4.850053
54120.000000 3.873336 4.849623
54130.000000 3.872925 4.849330
54140.000000 3.872285 4.848640
54150.000000 3.871578 4.848650
54160.000000 3.871836 4.847850
54170.000000 3.871458 4.847040
54180.000000 3.872008 4.847616
54190.000000 3.873297 4.849339
54200.000000 3.874473 4.850699
54210.000000 3.876034 4.852652
54220.000000 3.877061 4.853824
54230.000000 3.879031 4.856288
54240.000000 3.881841 4.859581
54250.000000 3.885100 4.863772
54260.000000 3.888089 4.867513
54270.000000 3.892010 4.872194
54280.000000 3.895772 4.877016
54290.000000 3.898963 4.880896
54300.000000 3.901823 4.884813
54310.000000 3.904306 4.888258
54320.000000 3.906701 4.891369
54330.000000 3.908795 4.894439
54340.000000 3.910836 4.896993
54350.000000 3.912837 4.899498
54360.000000 3.914897 4.901850
54370.000000 3.916289 4.903703
54380.000000 3.917052 4.904658
54390.000000 3.917077 4.904801
54400.000000 3.916655 4.904270
54410.000000 3.916673 4.904292
54420.000000 3.916105 4.903691
54430.000000 3.915522 4.903298
54440.000000 3.915070 4.903069
54450.000000 3.914459 4.902415
54460.000000 3.913993 4.901829
54470.000000 3.913507 4.901331
54480.000000 3.913255 4.900451
54490.000000 3.912903 4.900008
54500.000000 3.912230 4.900065
54510.000000 3.911764 4.898692
54520.000000 3.911053 4.898700
54530.000000 3.910845 4.896863
54540.000000 3.910759 4.896754
54550.000000 3.910789 4.897014
54560.000000 3.910280 4.896712
54570.000000 3.909662 4.895825
54580.000000 3.909286 4.895352
54590.000000 3.909512 4.895409
54600.000000 3.910073 4.896447
54610.000000 3.910591 4.897319
54620.000000 3.910026 4.897059
54630.000000 3.909768 4.896622
54640.000000 3.909061 4.896633
54650.000000 3.909341 4.895746
54660.000000 3.908820 4.894868
54670.000000 3.908136 4.894907
54680.000000 3.907705 4.893917
54690.000000 3.906993 4.893921
54700.000000 3.907222 4.892749
54710.000000 3.907928 4.893520
54720.000000 3.907653 4.893173
54730.000000 3.907172 4.892233
54740.000000 3.906801 4.891880
54750.000000 3.906390 4.891363
54760.000000 3.906034 4.890356
54770.000000 3.905352 4.890396
54780.000000 3.905677 4.890466
54790.000000 3.905282 4.889746
54800.000000 3.904620 4.889474
54810.000000 3.904097 4.888929
54820.000000 3.904287 4.888607
54830.000000 3.904506 4.889327
54840.000000 3.905366 4.889620
54850.000000 3.906987 4.891648
54860.000000 3.908056 4.893097
54870.000000 3.909340 4.894927
54880.000000 3.910428 4.896400
54890.000000 3.910818 4.896775
54900.000000 3.910625 4.896531
54910.000000 3.910021 4.895996
54920.000000 3.909627 4.895502
54930.000000 3.909302 4.894424
54940.000000 3.909421 4.894683
54950.000000 3.909141 4.894442
54960.000000 3.909195 4.894397
54970.000000 3.908908 4.894259
54980.000000 3.908565 4.894274
54990.000000 3.908021 4.893814
55000.000000 3.907311 4.893815
55010.000000 3.908067 4.892755
55020.000000 3.907541 4.892095
55030.000000 3.906950 4.891354
55040.000000 3.906737 4.890418
55050.000000 3.906065 4.890465
55060.000000 3.905969 4.889677
55070.000000 3.905434 4.889117
55080.000000 3.905322 4.888531
55090.000000 3.904717 4.888106
55100.000000 3.904478 4.887472
55110.000000 3.904663 4.887258
55120.000000 3.903998 4.887313
55130.000000 3.904118 4.886795
55140.000000 3.903911 4.886313
55150.000000 3.903700 4.885938
55160.000000 3.902998 4.885944
55170.000000 3.903152 4.885249
55180.000000 3.902621 4.884141
55190.000000 3.902678 4.883989
55200.000000 3.902981 4.884367
55210.000000 3.902882 4.884021
55220.000000 3.902558 4.883725
55230.000000 3.901875 4.883755
55240.000000 3.901654 4.882481
55250.000000 3.900990 4.882535
55260.000000 3.900872 4.881722
55270.000000 3.900219 4.881235
55280.000000 3.899682 4.880231
55290.000000 3.900193 4.880316
55300.000000 3.900912 4.881547
55310.000000 3.900543 4.881416
55320.000000 3.899888 4.880705
55330.000000 3.899242 4.880779
55340.000000 3.898962 4.879654
55350.000000 3.898508 4.878974
55360.000000 3.897806 4.878978
55370.000000 3.897873 4.878067
55380.000000 3.897277 4.877651
55390.000000 3.897042 4.876585
55400.000000 3.897051 4.876815
55410.000000 3.896398 4.876878
55420.000000 3.896087 4.875607
55430.000000 3.896234 4.875240
55440.000000 3.896440 4.875496
55450.000000 3.895948 4.874880
55460.000000 3.896005 4.874841
55470.000000 3.895679 4.873992
55480.000000 3.895434 4.872915
55490.000000 3.895721 4.873164
55500.000000 3.896008 4.873523
55510.000000 3.895702 4.873029
55520.000000 3.895360 4.872381
55530.000000 3.895241 4.872342
55540.000000 3.894818 4.872250
55550.000000 3.894287 4.871915
55560.000000 3.893677 4.871370
55570.000000 3.893179 4.870747
55580.000000 3.892539 4.870823
55590.000000 3.892586 4.870332
55600.000000 3.891921 4.870047
55610.000000 3.891318 4.869401
55620.000000 3.890884 4.868966
55630.000000 3.890195 4.868979
55640.000000 3.889718 4.867725
55650.000000 3.889148 4.867339
55660.000000 3.888869 4.866332
55670.000000 3.888997 4.866711
55680.000000 3.889169 4.866377
55690.000000 3.889724 4.867071
55700.000000 3.889040 4.867089
55710.000000 3.889224 4.866225
55720.000000 3.888675 4.865428
55730.000000 3.887981 4.865432
55740.000000 3.888786 4.865565
55750.000000 3.889263 4.865178
55760.000000 3.890118 4.866684
55770.000000 3.890513 4.867396
55780.000000 3.890325 4.867160
55790.000000 3.889778 4.867130
55800.000000 3.889515 4.866581
55810.000000 3.888953 4.866750
55820.000000 3.888564 4.866154
55830.000000 3.888324 4.866725
55840.000000 3.888079 4.866090
55850.000000 3.887417 4.866132
55860.000000 3.886886 4.864813
55870.000000 3.886199 4.864823
55880.000000 3.887094 4.864199
55890.000000 3.886878 4.863493
55900.000000 3.886887 4.863829
55910.000000 3.886228 4.863875
55920.000000 3.885907 4.862818
55930.000000 3.885220 4.862829
55940.000000 3.885050 4.861636
55950.000000 3.884951 4.861510
55960.000000 3.885002 4.861247
55970.000000 3.885003 4.861031
55980.000000 3.885013 4.860934
55990.000000 3.884841 4.860608
56000.000000 3.884232 4.859954
56010.000000 3.883541 4.859958
56020.000000 3.883226 4.859346
56030.000000 3.883469 4.858780
56040.000000 3.884818 4.860033
56050.000000 3.885566 4.861294
56060.000000 3.885033 4.859976
56070.000000 3.885044 4.859555
56080.000000 3.885873 4.860266
56090.000000 3.887378 4.862040
56100.000000 3.888542 4.863820
56110.000000 3.889256 4.864063
56120.000000 3.890542 4.866104
56130.000000 3.892108 4.868062
56140.000000 3.893088 4.869396
56150.000000 3.894349 4.870756
56160.000000 3.896442 4.872613
56170.000000 3.898869 4.875540
56180.000000 3.900861 4.877487
56190.000000 3.902224 4.878648
56200.000000 3.903326 4.880135
56210.000000 3.904167 4.881294
56220.000000 3.904195 4.881546
56230.000000 3.903525 4.881577
56240.000000 3.904067 4.881060
56250.000000 3.904037 4.881023
56260.000000 3.904373 4.881226
56270.000000 3.904185 4.880882
56280.000000 3.903847 4.880675
56290.000000 3.903262 4.880052
56300.000000 3.902877 4.879463
56310.000000 3.902340 4.878791
56320.000000 3.901665 4.878813
56330.000000 3.902085 4.879014
56340.000000 3.902041 4.878850
56350.000000 3.901731 4.878787
56360.000000 3.901231 4.878378
56370.000000 3.900545 4.878386
56380.000000 3.899997 4.877159
56390.000000 3.899310 4.877164
56400.000000 3.899974 4.876589
56410.000000 3.899302 4.876613
56420.000000 3.898876 4.875647
56430.000000 3.899353 4.875811
56440.000000 3.899622 4.876364
56450.000000 3.899057 4.875765
56460.000000 3.898709 4.874897
56470.000000 3.899164 4.875574
56480.000000 3.898576 4.875702
56490.000000 3.899209 4.875414
56500.000000 3.899250 4.875789
56510.000000 3.898855 4.876050
56520.000000 3.898353 4.875530
56530.000000 3.897822 4.874648
56540.000000 3.897134 4.874651
56550.000000 3.897392 4.873894
56560.000000 3.897998 4.874329
56570.000000 3.898822 4.875251
56580.000000 3.900629 4.876863
56590.000000 3.902655 4.879827
56600.000000 3.904805 4.882732
56610.000000 3.905574 4.884016
56620.000000 3.905784 4.884926
56630.000000 3.905112 4.884948
56640.000000 3.904969 4.883906
56650.000000 3.904314 4.883949
56660.000000 3.903808 4.882884
56670.000000 3.903129 4.882896
56680.000000 3.902890 4.881735
56690.000000 3.902737 4.881220
56700.000000 3.902061 4.881235
56710.000000 3.902209 4.879913
56720.000000 3.901579 4.879985
56730.000000 3.901320 4.878800
56740.000000 3.901315 4.879008
56750.000000 3.901298 4.878772
56760.000000 3.901264 4.878729
56770.000000 3.900706 4.878352
56780.000000 3.900114 4.877720
56790.000000 3.899500 4.877058
56800.000000 3.898843 4.877095
56810.000000 3.899418 4.876740
56820.000000 3.899286 4.876468
56830.000000 3.899513 4.876429
56840.000000 3.899375 4.876256
56850.000000 3.899678 4.876313
56860.000000 3.899889 4.876254
56870.000000 3.900387 4.876984
56880.000000 3.899837 4.876404
56890.000000 3.899311 4.875853
56900.000000 3.898637 4.875867
56910.000000 3.898260 4.874967
56920.000000 3.897758 4.874660
56930.000000 3.897203 4.874072
56940.000000 3.896529 4.874086
56950.000000 3.896319 4.873180
56960.000000 3.895831 4.872462
56970.000000 3.895403 4.871712
56980.000000 3.895333 4.871732
56990.000000 3.894864 4.871358
57000.000000 3.894290 4.870746
57010.000000 3.893930 4.870510
57020.000000 3.893392 4.870050
57030.000000 3.892744 4.870093
57040.000000 3.892428 4.868842
57050.000000 3.891811 4.868390
57060.000000 3.891361 4.867826
57070.000000 3.890829 4.866840
57080.000000 3.890334 4.866327
57090.000000 3.889932 4.865611
57100.000000 3.890100 4.866141
57110.000000 3.889671 4.865284
57120.000000 3.889056 4.864726
57130.000000 3.889014 4.864248
57140.000000 3.888720 4.864198
57150.000000 3.888326 4.863492
57160.000000 3.889209 4.864383
57170.000000 3.889844 4.865071
57180.000000 3.890500 4.865677
57190.000000 3.891611 4.866747
57200.000000 3.892528 4.867894
57210.000000 3.893386 4.869179
57220.000000 3.894481 4.870229
57230.000000 3.895753 4.871607
57240.000000 3.896389 4.873253
57250.000000 3.895834 4.872878
57260.000000 3.895245 4.872460
57270.000000 3.894822 4.871930
57280.000000 3.894457 4.870835
57290.000000 3.894327 4.870990
57300.000000 3.893670 4.870594
57310.000000 3.892992 4.870595
57320.000000 3.892632 4.869507
57330.000000 3.892276 4.868848
57340.000000 3.891743 4.868393
57350.000000 3.892162 4.868386
57360.000000 3.892401 4.868790
57370.000000 3.892172 4.868822
57380.000000 3.891522 4.868858
57390.000000 3.891777 4.867796
57400.000000 3.891927 4.867984
57410.000000 3.891777 4.868007
57420.000000 3.891190 4.867590
57430.000000 3.890528 4.867610
57440.000000 3.890309 4.866698
57450.000000 3.889958 4.866153
57460.000000 3.889366 4.866260
57470.000000 3.888974 4.865027
57480.000000 3.888303 4.865034
57490.000000 3.888239 4.864000
57500.000000 3.887727 4.863465
57510.000000 3.887073 4.863493
57520.000000 3.886863 4.862277
57530.000000 3.886716 4.862092
57540.000000 3.886246 4.861504
57550.000000 3.886000 4.861090
57560.000000 3.885544 4.860518
57570.000000 3.885070 4.860348
57580.000000 3.884401 4.860355
57590.000000 3.884070 4.858989
57600.000000 3.884065 4.858666
57610.000000 3.884397 4.859186
57620.000000 3.885141 4.859800
57630.000000 3.885542 4.860511
57640.000000 3.885955 4.861028
57650.000000 3.886161 4.861179
57660.000000 3.886782 4.861113
57670.000000 3.887149 4.861570
57680.000000 3.887209 4.861118
57690.000000 3.887693 4.861512
57700.000000 3.887595 4.861179
57710.000000 3.887071 4.860733
57720.000000 3.886556 4.860300
57730.000000 3.886140 4.860096
57740.000000 3.885907 4.859804
57750.000000 3.885424 4.859199
57760.000000 3.884752 4.859201
57770.000000 3.885017 4.858689
57780.000000 3.884945 4.858808
57790.000000 3.884714 4.858099
57800.000000 3.884711 4.858200
57810.000000 3.884454 4.857878
57820.000000 3.884107 4.857970
57830.000000 3.883547 4.857374
57840.000000 3.882893 4.857395
57850.000000 3.882661 4.856474
57860.000000 3.881993 4.856479
57870.000000 3.881796 4.855182
57880.000000 3.881138 4.855197
57890.000000 3.880901 4.853851
57900.000000 3.881424 4.853770
57910.000000 3.881558 4.854253
57920.000000 3.881042 4.853502
57930.000000 3.880391 4.853525
57940.000000 3.880115 4.852237
57950.000000 3.880102 4.852221
57960.000000 3.879934 4.851696
57970.000000 3.879835 4.851362
57980.000000 3.879722 4.851117
57990.000000 3.879816 4.850815
58000.000000 3.879416 4.850839
58010.000000 3.878771 4.850868
58020.000000 3.878392 4.849453
58030.000000 3.877950 4.849317
58040.000000 3.877361 4.848999
58050.000000 3.876718 4.848194
58060.000000 3.876319 4.847695
58070.000000 3.875660 4.847705
58080.000000 3.876369 4.847340
58090.000000 3.876980 4.847998
58100.000000 3.876852 4.848047
58110.000000 3.876496 4.848123
58120.000000 3.876389 4.847676
58130.000000 3.875759 4.847721
58140.000000 3.875249 4.846979
58150.000000 3.874838 4.846881
58160.000000 3.874474 4.846530
58170.000000 3.873881 4.846621
58180.000000 3.873549 4.845268
58190.000000 3.874336 4.846460
58200.000000 3.875669 4.848127
58210.000000 3.877007 4.849903
58220.000000 3.877541 4.850780
58230.000000 3.876900 4.850811
58240.000000 3.876494 4.850093
58250.000000 3.875981 4.849243
58260.000000 3.875540 4.848690
58270.000000 3.874882 4.848699
58280.000000 3.874562 4.847778
58290.000000 3.874402 4.847473
58300.000000 3.874030 4.847319
58310.000000 3.873391 4.847351
58320.000000 3.873093 4.846456
58330.000000 3.872442 4.846472
58340.000000 3.872162 4.845913
58350.000000 3.871510 4.845927
58360.000000 3.871597 4.844372
58370.000000 3.871567 4.844127
58380.000000 3.871168 4.843523
58390.000000 3.870509 4.843528
58400.000000 3.872627 4.844309
58410.000000 3.873826 4.845705
58420.000000 3.874507 4.846556
58430.000000 3.874625 4.847014
58440.000000 3.873988 4.847046
58450.000000 3.873749 4.845709
58460.000000 3.873134 4.845147
58470.000000 3.872679 4.844681
58480.000000 3.872119 4.844290
58490.000000 3.871616 4.843765
58500.000000 3.871282 4.843242
58510.000000 3.870874 4.842835
58520.000000 3.870223 4.842847
58530.000000 3.869954 4.841889
58540.000000 3.869483 4.841196
58550.000000 3.869172 4.840806
58560.000000 3.869059 4.840353
58570.000000 3.868815 4.840150
58580.000000 3.868234 4.839320
58590.000000 3.867924 4.839344
58600.000000 3.867309 4.839091
58610.000000 3.866689 4.838624
58620.000000 3.866363 4.837803
58630.000000 3.866019 4.837474
58640.000000 3.865364 4.837480
58650.000000 3.865993 4.837131
58660.000000 3.867380 4.838452
58670.000000 3.868670 4.840169
58680.000000 3.869777 4.841347
58690.000000 3.871200 4.843332
58700.000000 3.872374 4.844697
58710.000000 3.873655 4.846196
58720.000000 3.875152 4.848481
58730.000000 3.876539 4.849596
58740.000000 3.879383 4.853050
58750.000000 3.881514 4.855922
58760.000000 3.882975 4.857749
58770.000000 3.883785 4.858968
58780.000000 3.883583 4.859025
58790.000000 3.882948 4.859057
58800.000000 3.882909 4.858181
58810.000000 3.882351 4.857482
58820.000000 3.881839 4.856634
58830.000000 3.881429 4.856430
58840.000000 3.881199 4.855625
58850.000000 3.881088 4.855382
58860.000000 3.880672 4.854964
58870.000000 3.880017 4.854969
58880.000000 3.880112 4.854365
58890.000000 3.879455 4.854367
58900.000000 3.879327 4.853176
58910.000000 3.878681 4.853192
58920.000000 3.878968 4.852519
58930.000000 3.878807 4.852729
58940.000000 3.878167 4.852752
58950.000000 3.877818 4.851593
58960.000000 3.877257 4.851303
58970.000000 3.877108 4.850806
58980.000000 3.876464 4.850824
58990.000000 3.876809 4.850019
59000.000000 3.877004 4.850160
59010.000000 3.876722 4.850217
59020.000000 3.876122 4.849774
59030.000000 3.875475 4.849787
59040.000000 3.876055 4.849176
59050.000000 3.876533 4.849875
59060.000000 3.876280 4.849559
59070.000000 3.876524 4.850273
59080.000000 3.876223 4.850205
59090.000000 3.875581 4.850222
59100.000000 3.875163 4.849184
59110.000000 3.874625 4.848921
59120.000000 3.874661 4.848760
59130.000000 3.875805 4.850088
59140.000000 3.876125 4.850180
59150.000000 3.875689 4.850147
59160.000000 3.875167 4.849594
59170.000000 3.874542 4.849632
59180.000000 3.874497 4.848446
59190.000000 3.873887 4.848503
59200.000000 3.874117 4.847662
59210.000000 3.873475 4.847677
59220.000000 3.873489 4.846568
59230.000000 3.873032 4.845995
59240.000000 3.872761 4.845859
59250.000000 3.872282 4.845157
59260.000000 3.871630 4.845159
59270.000000 3.871153 4.844254
59280.000000 3.870510 4.844266
59290.000000 3.870207 4.843069
59300.000000 3.869569 4.842882
59310.000000 3.868955 4.842931
59320.000000 3.869336 4.842895
59330.000000 3.868866 4.842408
59340.000000 3.868221 4.842416
59350.000000 3.868457 4.841282
59360.000000 3.868526 4.841468
59370.000000 3.868007 4.840512
59380.000000 3.867480 4.839954
59390.000000 3.867304 4.839426
59400.000000 3.867405 4.839450
59410.000000 3.867134 4.839417
59420.000000 3.866679 4.838744
59430.000000 3.866333 4.838310
59440.000000 3.865941 4.837513
59450.000000 3.865911 4.836965
59460.000000 3.865538 4.836600
59470.000000 3.864896 4.836609
59480.000000 3.865388 4.836207
59490.000000 3.865523 4.836476
59500.000000 3.865055 4.835891
59510.000000 3.864582 4.835196
59520.000000 3.863994 4.834765
59530.000000 3.863399 4.834222
59540.000000 3.862778 4.834257
59550.000000 3.862659 4.832787
59560.000000 3.862748 4.833406
59570.000000 3.862153 4.833472
59580.000000 3.863285 4.833771
59590.000000 3.864023 4.834795
59600.000000 3.864517 4.834803
59610.000000 3.865564 4.836315
59620.000000 3.865827 4.837050
59630.000000 3.865413 4.836532
59640.000000 3.865078 4.836213
59650.000000 3.864526 4.836333
59660.000000 3.864335 4.834877
59670.000000 3.864817 4.835985
59680.000000 3.864184 4.836004
59690.000000 3.864147 4.835449
59700.000000 3.863500 4.835450
59710.000000 3.863124 4.834167
59720.000000 3.862488 4.834181
59730.000000 3.862487 4.832964
59740.000000 3.862373 4.832922
59750.000000 3.862566 4.833263
59760.000000 3.861928 4.833274
59770.000000 3.862277 4.832394
59780.000000 3.861757 4.832045
59790.000000 3.861115 4.832051
59800.000000 3.861729 4.831605
59810.000000 3.862468 4.832731
59820.000000 3.862056 4.832316
59830.000000 3.861419 4.832327
59840.000000 3.860967 4.831457
59850.000000 3.860425 4.830979
59860.000000 3.860260 4.830671
59870.000000 3.859632 4.830693
59880.000000 3.859222 4.829876
59890.000000 3.858593 4.829895
59900.000000 3.858236 4.828639
59910.000000 3.858185 4.828676
59920.000000 3.858152 4.827726
59930.000000 3.858272 4.827774
59940.000000 3.857833 4.827225
59950.000000 3.857260 4.826507
59960.000000 3.856869 4.826217
59970.000000 3.856233 4.826227
59980.000000 3.856992 4.826571
59990.000000 3.856597 4.826176
60000.000000 3.855982 4.826211
60010.000000 3.855597 4.825528
60020.000000 3.855060 4.824753
60030.000000 3.854538 4.824401
60040.000000 3.853974 4.823795
60050.000000 3.853658 4.823197
60060.000000 3.853506 4.823006
60070.000000 3.853206 4.822328
60080.000000 3.853132 4.822636
60090.000000 3.852509 4.822658
60100.000000 3.852040 4.821368
60110.000000 3.851503 4.821096
60120.000000 3.850891 4.821132
60130.000000 3.850444 4.820069
60140.000000 3.850249 4.819623
60150.000000 3.849614 4.819630
60160.000000 3.849559 4.818456
60170.000000 3.848981 4.817932
60180.000000 3.848802 4.817406
60190.000000 3.848236 4.817498
60200.000000 3.847965 4.816557
60210.000000 3.847368 4.816609
60220.000000 3.847174 4.815265
60230.000000 3.846911 4.815135
60240.000000 3.846484 4.814899
60250.000000 3.845854 4.814909
60260.000000 3.845340 4.814565
60270.000000 3.844861 4.814164
60280.000000 3.844332 4.813200
60290.000000 3.843760 4.813083
60300.000000 3.843847 4.812590
60310.000000 3.844000 4.812481
60320.000000 3.843985 4.812961
60330.000000 3.843552 4.812417
60340.000000 3.842927 4.812432
60350.000000 3.842499 4.811295
60360.000000 3.842509 4.810708
60370.000000 3.842500 4.810795
60380.000000 3.842285 4.810724
60390.000000 3.842726 4.810975
60400.000000 3.843717 4.812116
60410.000000 3.844667 4.813004
60420.000000 3.845440 4.813672
60430.000000 3.846704 4.815153
60440.000000 3.846814 4.815489
60450.000000 3.846459 4.815343
60460.000000 3.845937 4.815086
60470.000000 3.845311 4.815099
60480.000000 3.845066 4.813994
60490.000000 3.844625 4.813441
60500.000000 3.843991 4.813442
60510.000000 3.843971 4.812420
60520.000000 3.843489 4.811616
60530.000000 3.843335 4.811422
60540.000000 3.842865 4.810932
60550.000000 3.842246 4.810753
60560.000000 3.841728 4.810203
60570.000000 3.841209 4.810347
60580.000000 3.840890 4.809250
60590.000000 3.840844 4.809489
60600.000000 3.840261 4.808757
60610.000000 3.839967 4.808387
60620.000000 3.839814 4.807798
60630.000000 3.840314 4.808323
60640.000000 3.841797 4.809980
60650.000000 3.843045 4.811441
60660.000000 3.844678 4.813386
60670.000000 3.845305 4.814269
60680.000000 3.846342 4.815566
60690.000000 3.846347 4.815969
60700.000000 3.845783 4.816056
60710.000000 3.846546 4.816215
60720.000000 3.847249 4.817193
60730.000000 3.847192 4.817121
60740.000000 3.846618 4.816798
60750.000000 3.846239 4.816719
60760.000000 3.845614 4.816729
60770.000000 3.845196 4.815707
60780.000000 3.844819 4.815134
60790.000000 3.845042 4.815114
60800.000000 3.845790 4.816546
60810.000000 3.845886 4.816466
60820.000000 3.845816 4.816179
60830.000000 3.845337 4.815676
60840.000000 3.844705 4.815676
60850.000000 3.846051 4.815973
60860.000000 3.846091 4.816517
60870.000000 3.845914 4.816294
60880.000000 3.846178 4.816425
60890.000000 3.847096 4.817177
60900.000000 3.847928 4.817920
60910.000000 3.849052 4.818930
60920.000000 3.849851 4.820424
60930.000000 3.850099 4.820635
60940.000000 3.849911 4.820596
60950.000000 3.849831 4.820396
60960.000000 3.849631 4.819747
60970.000000 3.850176 4.820429
60980.000000 3.850191 4.820644
60990.000000 3.849829 4.819893
61000.000000 3.849381 4.819132
61010.000000 3.849250 4.819363
61020.000000 3.848623 4.819368
61030.000000 3.848313 4.818385
61040.000000 3.847883 4.817845
61050.000000 3.847636 4.818029
61060.000000 3.847026 4.818054
61070.000000 3.847204 4.817782
61080.000000 3.846601 4.817815
61090.000000 3.846170 4.817077
61100.000000 3.845551 4.817089
61110.000000 3.845347 4.816042
61120.000000 3.844731 4.816058
61130.000000 3.844482 4.814561
61140.000000 3.844144 4.814433
61150.000000 3.843620 4.813577
61160.000000 3.842999 4.813587
61170.000000 3.842918 4.812793
61180.000000 3.842539 4.812417
61190.000000 3.842124 4.811895
61200.000000 3.841589 4.811126
61210.000000 3.841266 4.810817
61220.000000 3.841004 4.810685
61230.000000 3.840397 4.810710
61240.000000 3.840137 4.809399
61250.000000 3.839637 4.809558
61260.000000 3.839217 4.808638
61270.000000 3.838938 4.808188
61280.000000 3.838452 4.807479
61290.000000 3.838030 4.807048
61300.000000 3.837499 4.806773
61310.000000 3.836934 4.806260
61320.000000 3.836347 4.805327
61330.000000 3.836326 4.805299
61340.000000 3.836766 4.805947
61350.000000 3.836428 4.805816
61360.000000 3.835829 4.805849
61370.000000 3.835352 4.805151
61380.000000 3.834731 4.805157
61390.000000 3.834593 4.804197
61400.000000 3.834407 4.803570
61410.000000 3.833894 4.803024
61420.000000 3.833298 4.803059
61430.000000 3.833475 4.802495
61440.000000 3.833324 4.802305
61450.000000 3.832843 4.802092
61460.000000 3.832447 4.801496
61470.000000 3.831834 4.801509
61480.000000 3.831424 4.800308
61490.000000 3.830892 4.799934
61500.000000 3.830291 4.799961
61510.000000 3.830428 4.799251
61520.000000 3.831020 4.799600
61530.000000 3.831618 4.800054
61540.000000 3.831863 4.800848
61550.000000 3.831256 4.800868
61560.000000 3.830895 4.800120
61570.000000 3.830436 4.799641
61580.000000 3.829827 4.799657
61590.000000 3.829494 4.798847
61600.000000 3.828939 4.798247
61610.000000 3.828840 4.797926
61620.000000 3.829385 4.798314
61630.000000 3.828992 4.798113
61640.000000 3.828386 4.798132
61650.000000 3.827906 4.797235
61660.000000 3.827514 4.796645
61670.000000 3.827381 4.796086
61680.000000 3.826765 4.796092
61690.000000 3.826762 4.795793
61700.000000 3.826469 4.795327
61710.000000 3.826031 4.794289
61720.000000 3.826072 4.794436
61730.000000 3.825832 4.794231
61740.000000 3.825531 4.793852
61750.000000 3.824938 4.793884
61760.000000 3.824816 4.793049
61770.000000 3.824494 4.792352
61780.000000 3.824705 4.792518
61790.000000 3.824820 4.792951
61800.000000 3.824589 4.792174
61810.000000 3.824499 4.791865
61820.000000 3.824115 4.791770
61830.000000 3.823572 4.791088
61840.000000 3.823024 4.790497
61850.000000 3.822513 4.789757
61860.000000 3.822085 4.789123
61870.000000 3.821795 4.788660
61880.000000 3.821208 4.788698
61890.000000 3.820916 4.787652
61900.000000 3.820705 4.787386
61910.000000 3.820144 4.787069
61920.000000 3.819540 4.787085
61930.000000 3.819767 4.786689
61940.000000 3.819307 4.786208
61950.000000 3.818943 4.786136
61960.000000 3.818395 4.785642
61970.000000 3.817786 4.785651
61980.000000 3.818092 4.784870
61990.000000 3.818588 4.785200
62000.000000 3.818837 4.785800
62010.000000 3.818242 4.785826
62020.000000 3.819151 4.786092
62030.000000 3.818860 4.785629
62040.000000 3.818592 4.785486
62050.000000 3.818181 4.784968
62060.000000 3.817761 4.784440
62070.000000 3.817328 4.783895
62080.000000 3.816733 4.783921
62090.000000 3.816645 4.783132
62100.000000 3.816033 4.783135
62110.000000 3.815959 4.781689
62120.000000 3.816199 4.781698
62130.000000 3.815824 4.781227
62140.000000 3.815421 4.780624
62150.000000 3.815014 4.780594
62160.000000 3.814656 4.780143
62170.000000 3.814064 4.780171
62180.000000 3.814605 4.779498
62190.000000 3.814687 4.779695
62200.000000 3.814092 4.779719
62210.000000 3.814194 4.778977
62220.000000 3.814403 4.779622
62230.000000 3.814046 4.779077
62240.000000 3.813724 4.778479
62250.000000 3.813207 4.778215
62260.000000 3.812600 4.778221
62270.000000 3.812295 4.777261
62280.000000 3.811965 4.776460
62290.000000 3.812119 4.776555
62300.000000 3.812106 4.776730
62310.000000 3.811661 4.776074
62320.000000 3.811232 4.775726
62330.000000 3.810765 4.775332
62340.000000 3.810431 4.774911
62350.000000 3.809836 4.774931
62360.000000 3.809458 4.773976
62370.000000 3.809060 4.773955
62380.000000 3.808503 4.773542
62390.000000 3.807907 4.773560
62400.000000 3.807574 4.772661
62410.000000 3.807631 4.772443
62420.000000 3.807140 4.772592
62430.000000 3.806599 4.772007
62440.000000 3.806260 4.771388
62450.000000 3.805659 4.771399
62460.000000 3.805870 4.770705
62470.000000 3.805292 4.770743
62480.000000 3.805150 4.769893
62490.000000 3.804919 4.769888
62500.000000 3.804312 4.769891
62510.000000 3.803863 4.769134
62520.000000 3.803321 4.768547
62530.000000 3.802714 4.768549
62540.000000 3.802222 4.767834
62550.000000 3.801641 4.767868
62560.000000 3.801124 4.766739
62570.000000 3.800529 4.766755
62580.000000 3.800759 4.766468
62590.000000 3.801530 4.767051
62600.000000 3.802408 4.768626
62610.000000 3.802073 4.768681
62620.000000 3.801471 4.768210
62630.000000 3.800904 4.768260
62640.000000 3.800627 4.767242
62650.000000 3.800480 4.766864
62660.000000 3.800040 4.766595
62670.000000 3.799471 4.766356
62680.000000 3.798882 4.766378
62690.000000 3.798559 4.765874
62700.000000 3.797964 4.765888
62710.000000 3.797851 4.764980
62720.000000 3.797760 4.764958
62730.000000 3.797427 4.764633
62740.000000 3.796903 4.764163
62750.000000 3.796416 4.763645
62760.000000 3.795825 4.763662
62770.000000 3.795492 4.762861
62780.000000 3.794906 4.762883
62790.000000 3.794569 4.762076
62800.000000 3.794177 4.761487
62810.000000 3.793628 4.761556
62820.000000 3.794016 4.761279
62830.000000 3.793856 4.760980
62840.000000 3.793263 4.760993
62850.000000 3.793136 4.759976
62860.000000 3.792862 4.759533
62870.000000 3.793019 4.759063
62880.000000 3.793812 4.760244
62890.000000 3.793763 4.760181
62900.000000 3.794565 4.760899
62910.000000 3.794817 4.761212
62920.000000 3.794339 4.760894
62930.000000 3.794000 4.760086
62940.000000 3.793840 4.759883
62950.000000 3.793472 4.759798
62960.000000 3.792879 4.759809
62970.000000 3.792632 4.759497
62980.000000 3.792219 4.758596
62990.000000 3.791638 4.758054
63000.000000 3.791278 4.757788
63010.000000 3.791408 4.757949
63020.000000 3.791631 4.758036
63030.000000 3.792106 4.758913
63040.000000 3.792580 4.759031
63050.000000 3.793535 4.760606
63060.000000 3.794407 4.761792
63070.000000 3.795585 4.762699
63080.000000 3.796894 4.764149
63090.000000 3.797830 4.765037
63100.000000 3.798420 4.765584
63110.000000 3.798311 4.765635
63120.000000 3.798713 4.766041
63130.000000 3.798809 4.766537
63140.000000 3.799379 4.766682
63150.000000 3.800287 4.767723
63160.000000 3.801597 4.769175
63170.000000 3.802905 4.771002
63180.000000 3.804474 4.773252
63190.000000 3.805952 4.775104
63200.000000 3.807142 4.776878
63210.000000 3.807401 4.777295
63220.000000 3.806809 4.777308
63230.000000 3.807879 4.777605
63240.000000 3.807405 4.777102
63250.000000 3.806808 4.777108
63260.000000 3.807427 4.776746
63270.000000 3.807428 4.776744
63280.000000 3.806916 4.776004
63290.000000 3.806466 4.775342
63300.000000 3.806070 4.774747
63310.000000 3.805481 4.774763
63320.000000 3.805209 4.773662
63330.000000 3.804942 4.773230
63340.000000 3.804395 4.773298
63350.000000 3.803962 4.772468
63360.000000 3.803566 4.772252
63370.000000 3.803102 4.771761
63380.000000 3.802523 4.771788
63390.000000 3.802314 4.770956
63400.000000 3.802931 4.771349
63410.000000 3.803405 4.771752
63420.000000 3.803633 4.772225
63430.000000 3.803188 4.771947
63440.000000 3.802889 4.771663
63450.000000 3.802377 4.771772
63460.000000 3.801983 4.771275
63470.000000 3.801518 4.770878
63480.000000 3.800934 4.770896
63490.000000 3.800803 4.769597
63500.000000 3.800874 4.769494
63510.000000 3.801233 4.769848
63520.000000 3.801803 4.770183
63530.000000 3.802219 4.770419
63540.000000 3.802328 4.769988
63550.000000 3.803856 4.770961
63560.000000 3.806145 4.773735
63570.000000 3.808126 4.776405
63580.000000 3.810250 4.778408
63590.000000 3.813050 4.781917
63600.000000 3.815823 4.785391
63610.000000 3.818382 4.788692
63620.000000 3.820912 4.792053
63630.000000 3.822953 4.794892
63640.000000 3.824339 4.797007
63650.000000 3.825359 4.798378
63660.000000 3.826021 4.798922
63670.000000 3.826365 4.799540
63680.000000 3.825769 4.799547
63690.000000 3.825367 4.798283
63700.000000 3.824935 4.797927
63710.000000 3.824446 4.797595
63720.000000 3.823967 4.796991
63730.000000 3.823448 4.796621
63740.000000 3.822862 4.796638
63750.000000 3.822683 4.795844
63760.000000 3.822432 4.795527
63770.000000 3.822291 4.795347
63780.000000 3.821762 4.794681
63790.000000 3.821190 4.794715
63800.000000 3.820727 4.793942
63810.000000 3.820428 4.793187
63820.000000 3.820353 4.792808
63830.000000 3.819881 4.792590
63840.000000 3.819333 4.792276
63850.000000 3.819031 4.791424
63860.000000 3.819646 4.792004
63870.000000 3.820377 4.793106
63880.000000 3.820136 4.792613
63890.000000 3.819838 4.792143
63900.000000 3.819482 4.791693
63910.000000 3.819068 4.791077
63920.000000 3.818514 4.791132
63930.000000 3.818060 4.790277
63940.000000 3.817615 4.789904
63950.000000 3.817740 4.790527
63960.000000 3.817178 4.790572
63970.000000 3.816764 4.789955
63980.000000 3.816705 4.789596
63990.000000 3.816946 4.789802
64000.000000 3.816996 4.790049
64010.000000 3.816452 4.789551
64020.000000 3.815977 4.789235
64030.000000 3.815392 4.789249
64040.000000 3.814973 4.788156
64050.000000 3.814862 4.788013
64060.000000 3.814614 4.787512
64070.000000 3.814487 4.788099
64080.000000 3.813772 4.787949
64090.000000 3.815594 4.788451
64100.000000 3.816335 4.789847
64110.000000 3.817178 4.790995
64120.000000 3.817901 4.792088
64130.000000 3.818029 4.791777
64140.000000 3.818670 4.793141
64150.000000 3.818553 4.792897
64160.000000 3.818196 4.792259
64170.000000 3.817821 4.791503
64180.000000 3.817926 4.791445
64190.000000 3.817652 4.790816
64200.000000 3.817529 4.791034
64210.000000 3.816981 4.791093
64220.000000 3.816938 4.790567
64230.000000 3.817272 4.790609
64240.000000 3.817023 4.790574
64250.000000 3.816625 4.789697
64260.000000 3.816691 4.789684
64270.000000 3.817005 4.789889
64280.000000 3.816856 4.789698
64290.000000 3.816267 4.789704
64300.000000 3.816719 4.789240
64310.000000 3.816889 4.789263
64320.000000 3.817474 4.789902
64330.000000 3.818197 4.790805
64340.000000 3.819654 4.791977
64350.000000 3.821721 4.794661
64360.000000 3.823687 4.796938
64370.000000 3.825949 4.799118
64380.000000 3.828833 4.802640
64390.000000 3.831301 4.805545
64400.000000 3.833451 4.808333
64410.000000 3.835121 4.810425
64420.000000 3.835915 4.811419
64430.000000 3.836289 4.811698
64440.000000 3.837463 4.812700
64450.000000 3.838782 4.814726
64460.000000 3.840246 4.816279
64470.000000 3.841451 4.817975
64480.000000 3.842490 4.819650
64490.000000 3.843110 4.820519
64500.000000 3.843127 4.820913
64510.000000 3.843127 4.820910
64520.000000 3.843160 4.820949
64530.000000 3.843135 4.820447
64540.000000 3.843453 4.820749
64550.000000 3.843495 4.820893
64560.000000 3.842960 4.820969
64570.000000 3.842713 4.820281
64580.000000 3.842140 4.820309
64590.000000 3.841733 4.819795
64600.000000 3.841191 4.819300
64610.000000 3.840702 4.818965
64620.000000 3.840533 4.818469
64630.000000 3.840768 4.818948
64640.000000 3.840227 4.819014
64650.000000 3.840273 4.818321
64660.000000 3.839933 4.817799
64670.000000 3.839554 4.817414
64680.000000 3.839244 4.816835
64690.000000 3.838661 4.816849
64700.000000 3.838623 4.815957
64710.000000 3.838640 4.815976
64720.000000 3.838121 4.815881
64730.000000 3.837676 4.815134
64740.000000 3.837380 4.815133
64750.000000 3.836923 4.814744
64760.000000 3.836400 4.813991
64770.000000 3.836253 4.814083
64780.000000 3.836040 4.813626
64790.000000 3.836380 4.813957
64800.000000 3.836851 4.814639
64810.000000 3.836912 4.815086
64820.000000 3.836377 4.815157
64830.000000 3.836598 4.814778
64840.000000 3.837293 4.815369
64850.000000 3.837828 4.815664
64860.000000 3.838038 4.816018
64870.000000 3.837621 4.815585
64880.000000 3.837375 4.815460
64890.000000 3.836786 4.815463
64900.000000 3.836593 4.814845
64910.000000 3.836496 4.814628
64920.000000 3.836027 4.814035
64930.000000 3.835437 4.814037
64940.000000 3.834968 4.812887
64950.000000 3.834853 4.812554
64960.000000 3.835269 4.813258
64970.000000 3.835154 4.813111
64980.000000 3.834564 4.813111
64990.000000 3.834257 4.812259
65000.000000 3.833996 4.811742
65010.000000 3.833444 4.811790
65020.000000 3.833555 4.811182
65030.000000 3.833709 4.811466
65040.000000 3.833594 4.811504
65050.000000 3.833136 4.811112
65060.000000 3.832552 4.811118
65070.000000 3.833149 4.811122
65080.000000 3.833002 4.810657
65090.000000 3.832775 4.810554
65100.000000 3.832206 4.810579
65110.000000 3.832211 4.809562
65120.000000 3.831775 4.808919
65130.000000 3.831380 4.808606
65140.000000 3.831159 4.807955
65150.000000 3.830559 4.807383
65160.000000 3.830160 4.806788
65170.000000 3.829647 4.806419
65180.000000 3.829385 4.805624
65190.000000 3.828806 4.805634
65200.000000 3.828671 4.804630
65210.000000 3.828512 4.804705
65220.000000 3.828362 4.804236
65230.000000 3.828087 4.803980
65240.000000 3.827580 4.803711
65250.000000 3.827168 4.803191
65260.000000 3.826584 4.803194
65270.000000 3.827179 4.803199
65280.000000 3.827092 4.802995
65290.000000 3.826812 4.802825
65300.000000 3.827157 4.803071
65310.000000 3.827102 4.803091
65320.000000 3.826916 4.802485
65330.000000 3.827124 4.802836
65340.000000 3.827035 4.803090
65350.000000 3.826549 4.802662
65360.000000 3.826055 4.802038
65370.000000 3.825599 4.801463
65380.000000 3.825647 4.801244
65390.000000 3.825789 4.801420
65400.000000 3.825550 4.801208
65410.000000 3.825305 4.800898
65420.000000 3.825028 4.800363
65430.000000 3.825193 4.800660
65440.000000 3.824966 4.800280
65450.000000 3.824598 4.799815
65460.000000 3.825007 4.800048
65470.000000 3.825110 4.800268
65480.000000 3.824539 4.800284
65490.000000 3.824665 4.799519
65500.000000 3.824709 4.799388
65510.000000 3.824129 4.799392
65520.000000 3.823709 4.798771
65530.000000 3.823171 4.798828
65540.000000 3.822797 4.797804
65550.000000 3.822616 4.797390
65560.000000 3.822389 4.796368
65570.000000 3.822923 4.797219
65580.000000 3.823685 4.797897
65590.000000 3.824638 4.799089
65600.000000 3.825320 4.800217
65610.000000 3.825310 4.800018
65620.000000 3.825491 4.800335
65630.000000 3.826143 4.800692
65640.000000 3.827686 4.802625
65650.000000 3.829272 4.804612
65660.000000 3.831129 4.807123
65670.000000 3.832662 4.808860
65680.000000 3.834498 4.810793
65690.000000 3.836644 4.813575
65700.000000 3.838511 4.815731
65710.000000 3.839749 4.817097
65720.000000 3.840817 4.818710
65730.000000 3.841557 4.819544
65740.000000 3.841943 4.819841
65750.000000 3.842408 4.820514
65760.000000 3.842911 4.820682
65770.000000 3.843624 4.822035
65780.000000 3.843438 4.821615
65790.000000 3.843357 4.821326
65800.000000 3.842960 4.821010
65810.000000 3.842391 4.821028
65820.000000 3.841965 4.820216
65830.000000 3.841592 4.819653
65840.000000 3.841976 4.819948
65850.000000 3.842251 4.820015
65860.000000 3.841672 4.820020
65870.000000 3.841824 4.818740
65880.000000 3.841882 4.819086
65890.000000 3.841517 4.818441
65900.000000 3.841462 4.818554
65910.000000 3.840882 4.818556
65920.000000 3.841195 4.818397
65930.000000 3.841034 4.818192
65940.000000 3.840557 4.817683
65950.000000 3.839981 4.817692
65960.000000 3.839752 4.816851
65970.000000 3.839364 4.816454
65980.000000 3.839039 4.815768
65990.000000 3.838728 4.815559
66000.000000 3.838287 4.815095
66010.000000 3.837918 4.814537
66020.000000 3.837426 4.814192
66030.000000 3.837045 4.813711
66040.000000 3.836619 4.813358
66050.000000 3.836052 4.813375
66060.000000 3.836142 4.812754
66070.000000 3.835937 4.812037
66080.000000 3.837034 4.812771
66090.000000 3.836898 4.812872
66100.000000 3.836404 4.812250
66110.000000 3.836171 4.811681
66120.000000 3.835778 4.811551
66130.000000 3.835206 4.811561
66140.000000 3.834847 4.810742
66150.000000 3.834353 4.810212
66160.000000 3.833982 4.809470
66170.000000 3.834056 4.809196
66180.000000 3.834265 4.809272
66190.000000 3.834490 4.809552
66200.000000 3.833931 4.809578
66210.000000 3.834362 4.809479
66220.000000 3.834123 4.808811
66230.000000 3.834215 4.809015
66240.000000 3.833671 4.808512
66250.000000 3.833989 4.808637
66260.000000 3.833808 4.808588
66270.000000 3.833372 4.808222
66280.000000 3.832917 4.807738
66290.000000 3.832735 4.807326
66300.000000 3.832450 4.807149
66310.000000 3.832151 4.806861
66320.000000 3.831703 4.806206
66330.000000 3.831558 4.805840
66340.000000 3.831409 4.805379
66350.000000 3.831148 4.805140
66360.000000 3.830612 4.805192
66370.000000 3.830111 4.804197
66380.000000 3.829545 4.804211
66390.000000 3.829476 4.803577
66400.000000 3.829025 4.803009
66410.000000 3.828612 4.802397
66420.000000 3.828040 4.802403
66430.000000 3.828613 4.802122
66440.000000 3.829015 4.802623
66450.000000 3.829496 4.803043
66460.000000 3.829753 4.803182
66470.000000 3.830254 4.803445
66480.000000 3.830566 4.804105
66490.000000 3.830509 4.804122
66500.000000 3.830667 4.803955
66510.000000 3.830625 4.804262
66520.000000 3.830148 4.803572
66530.000000 3.829763 4.803177
66540.000000 3.829651 4.802672
66550.000000 3.829582 4.802764
66560.000000 3.829412 4.802730
66570.000000 3.829159 4.802048
66580.000000 3.829177 4.802430
66590.000000 3.828608 4.802438
66600.000000 3.828276 4.801476
66610.000000 3.828084 4.801323
66620.000000 3.827602 4.800717
66630.000000 3.827060 4.800756
66640.000000 3.826759 4.800015
66650.000000 3.826294 4.799701
66660.000000 3.825809 4.798909
66670.000000 3.825350 4.798512
66680.000000 3.824806 4.798188
66690.000000 3.824273 4.797787
66700.000000 3.823839 4.797059
66710.000000 3.823282 4.797080
66720.000000 3.823015 4.796201
66730.000000 3.823204 4.795804
66740.000000 3.823242 4.795759
66750.000000 3.823561 4.795887
66760.000000 3.823650 4.795726
66770.000000 3.823893 4.795938
66780.000000 3.824213 4.796607
66790.000000 3.823935 4.796345
66800.000000 3.823530 4.796016
66810.000000 3.823610 4.795663
66820.000000 3.823545 4.795399
66830.000000 3.823872 4.796077
66840.000000 3.823813 4.796001
66850.000000 3.824421 4.795861
66860.000000 3.825985 4.797550
66870.000000 3.828346 4.800508
66880.000000 3.829922 4.802752
66890.000000 3.831343 4.804622
66900.000000 3.832292 4.805809
66910.000000 3.833202 4.806948
66920.000000 3.833500 4.807230
66930.000000 3.833065 4.806952
66940.000000 3.832646 4.806155
66950.000000 3.832216 4.805613
66960.000000 3.832075 4.805704
66970.000000 3.832369 4.806429
66980.000000 3.832565 4.806224
66990.000000 3.832645 4.806232
67000.000000 3.832531 4.805906
67010.000000 3.832758 4.806189
67020.000000 3.832832 4.806279
67030.000000 3.832412 4.806020
67040.000000 3.831948 4.805435
67050.000000 3.831668 4.804813
67060.000000 3.831409 4.804126
67070.000000 3.832354 4.804680
67080.000000 3.833424 4.805481
67090.000000 3.834426 4.807273
67100.000000 3.834120 4.807606
67110.000000 3.833775 4.806543
67120.000000 3.833525 4.806496
67130.000000 3.833076 4.805752
67140.000000 3.832597 4.804971
67150.000000 3.832134 4.804746
67160.000000 3.831838 4.804373
67170.000000 3.831418 4.803844
67180.000000 3.830897 4.803369
67190.000000 3.830382 4.803079
67200.000000 3.829939 4.802521
67210.000000 3.829383 4.802539
67220.000000 3.828963 4.801472
67230.000000 3.828455 4.801369
67240.000000 3.828039 4.800935
67250.000000 3.827586 4.800634
67260.000000 3.827030 4.800650
67270.000000 3.826792 4.799722
67280.000000 3.826552 4.799150
67290.000000 3.826096 4.798666
67300.000000 3.825832 4.798153
67310.000000 3.825386 4.797949
67320.000000 3.824888 4.797501
67330.000000 3.824654 4.796758
67340.000000 3.824342 4.796543
67350.000000 3.823805 4.796581
67360.000000 3.823676 4.796239
67370.000000 3.824236 4.797027
67380.000000 3.825173 4.797398
67390.000000 3.826399 4.798754
67400.000000 3.827637 4.799857
67410.000000 3.828620 4.801088
67420.000000 3.829994 4.802809
67430.000000 3.831055 4.804405
67440.000000 3.830898 4.804474
67450.000000 3.830349 4.804497
67460.000000 3.830725 4.804073
67470.000000 3.831107 4.804639
67480.000000 3.831629 4.805560
67490.000000 3.831811 4.805696
67500.000000 3.831616 4.805092
67510.000000 3.831470 4.804639
67520.000000 3.831025 4.804435
67530.000000 3.830479 4.804463
67540.000000 3.830449 4.803709
67550.000000 3.830520 4.803170
67560.000000 3.830538 4.803548
67570.000000 3.830290 4.802521
67580.000000 3.830011 4.802081
67590.000000 3.829627 4.801686
67600.000000 3.829064 4.801691
67610.000000 3.828871 4.800467
67620.000000 3.828712 4.799998
67630.000000 3.828887 4.800305
67640.000000 3.828367 4.800363
67650.000000 3.829636 4.800172
67660.000000 3.830885 4.801736
67670.000000 3.831806 4.803066
67680.000000 3.832838 4.804535
67690.000000 3.833287 4.805274
67700.000000 3.833138 4.805175
67710.000000 3.832891 4.804773
67720.000000 3.832957 4.804943
67730.000000 3.833144 4.804998
67740.000000 3.833103 4.805389
67750.000000 3.832657 4.804917
67760.000000 3.832263 4.804154
67770.000000 3.831704 4.804162
67780.000000 3.831250 4.803325
67790.000000 3.831063 4.802998
67800.000000 3.831430 4.802658
67810.000000 3.832421 4.803542
67820.000000 3.833008 4.804455
67830.000000 3.833855 4.804626
67840.000000 3.834989 4.806134
67850.000000 3.836303 4.807335
67860.000000 3.838028 4.809051
67870.000000 3.839416 4.810699
67880.000000 3.840602 4.812095
67890.000000 3.841933 4.813583
67900.000000 3.843084 4.814757
67910.000000 3.843149 4.814926
67920.000000 3.842933 4.814299
67930.000000 3.842435 4.813762
67940.000000 3.842162 4.813151
67950.000000 3.842280 4.813742
67960.000000 3.841753 4.813701
67970.000000 3.841348 4.813103
67980.000000 3.841498 4.812935
67990.000000 3.842359 4.814012
68000.000000 3.842450 4.814124
68010.000000 3.842640 4.814627
68020.000000 3.842342 4.814340
68030.000000 3.842391 4.814223
68040.000000 3.842500 4.813914
68050.000000 3.843276 4.814619
68060.000000 3.843802 4.815631
68070.000000 3.843307 4.815364
68080.000000 3.842770 4.815044
68090.000000 3.842299 4.814895
68100.000000 3.841737 4.814455
68110.000000 3.841243 4.814543
68120.000000 3.840948 4.813462
68130.000000 3.840481 4.812786
68140.000000 3.840288 4.812631
68150.000000 3.839932 4.812096
68160.000000 3.839442 4.812188
68170.000000 3.839110 4.811858
68180.000000 3.838850 4.811353
68190.000000 3.838776 4.811346
68200.000000 3.839268 4.811608
68210.000000 3.840339 4.813214
68220.000000 3.840063 4.812865
68230.000000 3.839723 4.812172
68240.000000 3.839172 4.812188
68250.000000 3.838818 4.811035
68260.000000 3.838465 4.810502
68270.000000 3.838103 4.810576
68280.000000 3.837592 4.810111
68290.000000 3.837360 4.809642
68300.000000 3.837758 4.810051
68310.000000 3.837913 4.810154
68320.000000 3.837858 4.810348
68330.000000 3.837429 4.809985
68340.000000 3.837132 4.809435
68350.000000 3.836895 4.809224
68360.000000 3.836860 4.808649
68370.000000 3.837100 4.809125
68380.000000 3.837899 4.809594
68390.000000 3.838055 4.809965
68400.000000 3.837601 4.809129
68410.000000 3.837134 4.808807
68420.000000 3.836660 4.808387
68430.000000 3.836106 4.808395
68440.000000 3.835791 4.807646
68450.000000 3.835292 4.807284
68460.000000 3.834810 4.807029
68470.000000 3.834357 4.806371
68480.000000 3.834146 4.805929
68490.000000 3.833772 4.805458
68500.000000 3.833783 4.804767
68510.000000 3.834707 4.806098
68520.000000 3.834981 4.806529
68530.000000 3.835219 4.806561
68540.000000 3.835025 4.806404
68550.000000 3.834470 4.806409
68560.000000 3.834531 4.805517
68570.000000 3.833996 4.805548
68580.000000 3.834106 4.804455
68590.000000 3.834085 4.804514
68600.000000 3.833733 4.803896
68610.000000 3.833366 4.803521
68620.000000 3.833539 4.803913
68630.000000 3.833802 4.804152
68640.000000 3.834351 4.804576
68650.000000 3.835267 4.805371
68660.000000 3.836823 4.807494
68670.000000 3.838096 4.809176
68680.000000 3.839373 4.810686
68690.000000 3.840676 4.812317
68700.000000 3.841658 4.813283
68710.000000 3.841849 4.813520
68720.000000 3.841729 4.813544
68730.000000 3.841301 4.813181
68740.000000 3.840871 4.812377
68750.000000 3.840315 4.812381
68760.000000 3.840273 4.811187
68770.000000 3.839920 4.810918
68780.000000 3.839721 4.810317
68790.000000 3.839634 4.810119
68800.000000 3.839331 4.809825
68810.000000 3.838784 4.809839
68820.000000 3.839276 4.809577
68830.000000 3.838864 4.809148
68840.000000 3.838339 4.809189
68850.000000 3.838238 4.808536
68860.000000 3.837980 4.808473
68870.000000 3.837491 4.807947
68880.000000 3.836951 4.807968
68890.000000 3.836548 4.807373
68900.000000 3.836026 4.807418
68910.000000 3.835880 4.806708
68920.000000 3.835758 4.805942
68930.000000 3.835959 4.806105
68940.000000 3.836001 4.805893
68950.000000 3.836055 4.806222
68960.000000 3.835503 4.806227
68970.000000 3.835144 4.805339
68980.000000 3.834630 4.805043
68990.000000 3.834126 4.804584
69000.000000 3.833894 4.803942
69010.000000 3.833411 4.803335
69020.000000 3.832989 4.802717
69030.000000 3.832617 4.802512
69040.000000 3.832092 4.802375
69050.000000 3.831552 4.802393
69060.000000 3.831716 4.801988
69070.000000 3.831425 4.801447
69080.000000 3.830898 4.801481
69090.000000 3.830609 4.800247
69100.000000 3.830370 4.799945
69110.000000 3.830283 4.800009
69120.000000 3.830425 4.799575
69130.000000 3.830229 4.799154
69140.000000 3.829724 4.798259
69150.000000 3.830006 4.798175
69160.000000 3.830856 4.799152
69170.000000 3.831649 4.800231
69180.000000 3.832056 4.801001
69190.000000 3.831756 4.800536
69200.000000 3.831207 4.800541
69210.000000 3.830901 4.799201
69220.000000 3.830484 4.799111
69230.000000 3.829994 4.798583
69240.000000 3.829688 4.798024
69250.000000 3.829149 4.798041
69260.000000 3.829651 4.797975
69270.000000 3.829457 4.797469
69280.000000 3.829217 4.797514
69290.000000 3.828860 4.796805
69300.000000 3.828411 4.796414
69310.000000 3.827928 4.796069
69320.000000 3.827400 4.796099
69330.000000 3.827485 4.795337
69340.000000 3.827281 4.794993
69350.000000 3.826755 4.795025
69360.000000 3.826772 4.794611
69370.000000 3.826362 4.794183
69380.000000 3.825937 4.793649
69390.000000 3.825490 4.793347
69400.000000 3.824980 4.793399
69410.000000 3.824632 4.792874
69420.000000 3.824714 4.793062
69430.000000 3.824604 4.793096
69440.000000 3.824635 4.793218
69450.000000 3.824596 4.792822
69460.000000 3.824446 4.792719
69470.000000 3.824090 4.792443
69480.000000 3.823783 4.792144
69490.000000 3.823362 4.791701
69500.000000 3.823047 4.791044
69510.000000 3.823153 4.790917
69520.000000 3.823996 4.791626
69530.000000 3.823959 4.791751
69540.000000 3.823437 4.791785
69550.000000 3.823174 4.791109
69560.000000 3.823177 4.791110
69570.000000 3.822814 4.790913
69580.000000 3.822317 4.790548
69590.000000 3.821808 4.790597
69600.000000 3.821510 4.789791
69610.000000 3.821221 4.789427
69620.000000 3.820690 4.789449
69630.000000 3.820714 4.788701
69640.000000 3.820643 4.788783
69650.000000 3.820128 4.788222
69660.000000 3.820069 4.787974
69670.000000 3.820218 4.787815
69680.000000 3.820479 4.788484
69690.000000 3.820017 4.788592
69700.000000 3.819639 4.787858
69710.000000 3.819109 4.787880
69720.000000 3.818931 4.787310
69730.000000 3.819224 4.787418
69740.000000 3.819064 4.787302
69750.000000 3.818523 4.787309
69760.000000 3.818446 4.786695
69770.000000 3.818784 4.787117
69780.000000 3.819528 4.787962
69790.000000 3.820250 4.788950
69800.000000 3.821064 4.789797
69810.000000 3.821367 4.790518
69820.000000 3.821350 4.790496
69830.000000 3.820848 4.790552
69840.000000 3.820615 4.790086
69850.000000 3.820349 4.789665
69860.000000 3.819805 4.789669
69870.000000 3.819698 4.788845
69880.000000 3.819166 4.788863
69890.000000 3.819519 4.788615
69900.000000 3.819297 4.788507
69910.000000 3.818779 4.788543
69920.000000 3.820387 4.789010
69930.000000 3.821696 4.790564
69940.000000 3.822666 4.791864
69950.000000 3.823698 4.793069
69960.000000 3.823557 4.792891
69970.000000 3.823390 4.792509
69980.000000 3.822893 4.792313
69990.000000 3.822599 4.791942
70000.000000 3.822413 4.791107
70010.000000 3.822347 4.790851
70020.000000 3.822343 4.790844
70030.000000 3.822202 4.790579
70040.000000 3.821658 4.790581
70050.000000 3.821266 4.790002
70060.000000 3.820880 4.789517
70070.000000 3.820585 4.789573
70080.000000 3.820126 4.788996
70090.000000 3.820008 4.788418
70100.000000 3.819872 4.787988
70110.000000 3.819471 4.787141
70120.000000 3.819612 4.786889
70130.000000 3.819311 4.786510
70140.000000 3.818928 4.785856
70150.000000 3.818435 4.785323
70160.000000 3.818462 4.784841
70170.000000 3.818871 4.785695
70180.000000 3.818414 4.785804
70190.000000 3.818111 4.784568
70200.000000 3.817959 4.784290
70210.000000 3.817421 4.784298
70220.000000 3.817393 4.783748
70230.000000 3.816865 4.783768
70240.000000 3.816470 4.782673
70250.000000 3.816143 4.782347
70260.000000 3.815678 4.782104
70270.000000 3.815138 4.782107
70280.000000 3.815784 4.781978
70290.000000 3.815795 4.781819
70300.000000 3.815487 4.781858
70310.000000 3.814953 4.781869
70320.000000 3.814867 4.780907
70330.000000 3.815206 4.781585
70340.000000 3.815225 4.781607
70350.000000 3.814776 4.781299
70360.000000 3.814806 4.781164
70370.000000 3.814726 4.780976
70380.000000 3.814826 4.781355
70390.000000 3.814658 4.780973
70400.000000 3.814240 4.780787
70410.000000 3.813845 4.780291
70420.000000 3.813461 4.780063
70430.000000 3.813178 4.779451
70440.000000 3.813289 4.779588
70450.000000 3.813324 4.779630
70460.000000 3.813003 4.779311
70470.000000 3.812737 4.778891
70480.000000 3.812380 4.778697
70490.000000 3.812045 4.778190
70500.000000 3.811525 4.778215
70510.000000 3.811406 4.777640
70520.000000 3.810954 4.777242
70530.000000 3.810500 4.776671
70540.000000 3.810022 4.776153
70550.000000 3.809624 4.775652
70560.000000 3.809171 4.775338
70570.000000 3.808649 4.775360
70580.000000 3.808247 4.774430
70590.000000 3.807714 4.774438
70600.000000 3.807363 4.773318
70610.000000 3.806832 4.773328
70620.000000 3.806796 4.772688
70630.000000 3.806376 4.771820
70640.000000 3.805873 4.771272
70650.000000 3.805491 4.770706
70660.000000 3.804961 4.770717
70670.000000 3.804681 4.770110
70680.000000 3.804164 4.770137
70690.000000 3.803935 4.769002
70700.000000 3.803405 4.769012
70710.000000 3.803142 4.768088
70720.000000 3.802605 4.768089
70730.000000 3.802795 4.767396
70740.000000 3.803013 4.767921
70750.000000 3.803411 4.768587
70760.000000 3.803208 4.768414
70770.000000 3.802673 4.768417
70780.000000 3.802360 4.767684
70790.000000 3.802037 4.767363
70800.000000 3.801522 4.767390
70810.000000 3.801348 4.766494
70820.000000 3.801083 4.765737
70830.000000 3.800828 4.765332
70840.000000 3.800644 4.765183
70850.000000 3.800301 4.764414
70860.000000 3.800205 4.764629
70870.000000 3.799953 4.764058
70880.000000 3.799721 4.763766
70890.000000 3.799231 4.763149
70900.000000 3.798950 4.762962
70910.000000 3.798901 4.762647
70920.000000 3.798739 4.762694
70930.000000 3.798291 4.762047
70940.000000 3.798077 4.761440
70950.000000 3.797873 4.761434
70960.000000 3.797343 4.761440
70970.000000 3.797042 4.760641
70980.000000 3.797104 4.760464
70990.000000 3.797067 4.760584
71000.000000 3.796550 4.760606
71010.000000 3.796897 4.760030
71020.000000 3.797152 4.760348
71030.000000 3.796952 4.760011
71040.000000 3.796904 4.760117
71050.000000 3.796371 4.760119
71060.000000 3.796431 4.759269
71070.000000 3.796111 4.758950
71080.000000 3.795623 4.759007
71090.000000 3.795365 4.758430
71100.000000 3.795109 4.757939
71110.000000 3.794579 4.757944
71120.000000 3.795034 4.757589
71130.000000 3.795064 4.757625
71140.000000 3.794908 4.757679
71150.000000 3.794383 4.757690
71160.000000 3.793982 4.756850
71170.000000 3.793755 4.756228
71180.000000 3.793389 4.756018
71190.000000 3.793318 4.755760
71200.000000 3.793070 4.755615
71210.000000 3.792613 4.755207
71220.000000 3.792155 4.754965
71230.000000 3.791991 4.755008
71240.000000 3.791619 4.754792
71250.000000 3.791363 4.754217
71260.000000 3.791470 4.754516
71270.000000 3.791195 4.754169
71280.000000 3.790679 4.754189
71290.000000 3.790544 4.753433
71300.000000 3.790156 4.752777
71310.000000 3.789634 4.752788
71320.000000 3.789363 4.751695
71330.000000 3.789213 4.751337
71340.000000 3.788802 4.750820
71350.000000 3.788410 4.750493
71360.000000 3.787886 4.750502
71370.000000 3.788107 4.750276
71380.000000 3.787874 4.749982
71390.000000 3.787357 4.749999
71400.000000 3.788405 4.750476
71410.000000 3.788500 4.750676
71420.000000 3.788005 4.750721
71430.000000 3.787806 4.749719
71440.000000 3.787416 4.749144
71450.000000 3.787380 4.749264
71460.000000 3.787068 4.749121
71470.000000 3.786547 4.749131
71480.000000 3.786493 4.748645
71490.000000 3.786147 4.748209
71500.000000 3.785761 4.747473
71510.000000 3.785675 4.746863
71520.000000 3.785567 4.746809
71530.000000 3.785539 4.746522
71540.000000 3.785276 4.746440
71550.000000 3.784786 4.746489
71560.000000 3.784898 4.746212
71570.000000 3.785194 4.746663
71580.000000 3.785399 4.746420
71590.000000 3.786601 4.748175
71600.000000 3.787243 4.749227
71610.000000 3.787927 4.750082
71620.000000 3.788687 4.750367
71630.000000 3.789660 4.751586
71640.000000 3.790222 4.752705
71650.000000 3.790255 4.752661
71660.000000 3.790811 4.753189
71670.000000 3.792187 4.754746
71680.000000 3.793485 4.756289
71690.000000 3.794196 4.757677
71700.000000 3.794100 4.757555
71710.000000 3.793572 4.757556
71720.000000 3.793284 4.756693
71730.000000 3.792924 4.756240
71740.000000 3.792490 4.755943
71750.000000 3.792043 4.755380
71760.000000 3.791654 4.754890
71770.000000 3.791847 4.754964
71780.000000 3.792403 4.755493
71790.000000 3.792570 4.756033
71800.000000 3.792711 4.756041
71810.000000 3.792964 4.756273
71820.000000 3.792594 4.755641
71830.000000 3.792080 4.755659
71840.000000 3.792197 4.755056
71850.000000 3.792006 4.754898
71860.000000 3.791647 4.754114
71870.000000 3.791123 4.754118
71880.000000 3.790902 4.753176
71890.000000 3.790392 4.753197
71900.000000 3.790074 4.752547
71910.000000 3.789635 4.752078
71920.000000 3.789311 4.751586
71930.000000 3.789041 4.751164
71940.000000 3.788523 4.751173
71950.000000 3.788311 4.750244
71960.000000 3.788551 4.750460
71970.000000 3.788655 4.750671
71980.000000 3.788360 4.750713
71990.000000 3.788022 4.750287
72000.000000 3.788521 4.750579
72010.000000 3.789352 4.751620
72020.000000 3.789927 4.752090
72030.000000 3.790083 4.752118
72040.000000 3.790090 4.752208
72050.000000 3.789586 4.752235
72060.000000 3.789893 4.751626
72070.000000 3.790488 4.752122
72080.000000 3.790704 4.752556
72090.000000 3.790949 4.752861
72100.000000 3.790534 4.752835
72110.000000 3.790293 4.752613
72120.000000 3.790221 4.752603
72130.000000 3.790048 4.752715
72140.000000 3.790175 4.753037
72150.000000 3.790114 4.752959
72160.000000 3.790398 4.753230
72170.000000 3.790535 4.753317
72180.000000 3.790171 4.752777
72190.000000 3.790048 4.752455
72200.000000 3.789883 4.752494
72210.000000 3.789783 4.752283
72220.000000 3.789655 4.752038
72230.000000 3.789290 4.751743
72240.000000 3.788784 4.751767
72250.000000 3.789723 4.751704
72260.000000 3.789707 4.752095
72270.000000 3.789323 4.751694
72280.000000 3.788896 4.751404
72290.000000 3.788463 4.751518
72300.000000 3.788662 4.751106
72310.000000 3.788386 4.750758
72320.000000 3.788216 4.750625
72330.000000 3.788191 4.750756
72340.000000 3.787950 4.750122
72350.000000 3.787666 4.749929
72360.000000 3.787233 4.749466
72370.000000 3.786799 4.749496
72380.000000 3.786294 4.749189
72390.000000 3.785825 4.748681
72400.000000 3.785392 4.748218
72410.000000 3.784932 4.747885
72420.000000 3.784462 4.747458
72430.000000 3.783986 4.746941
72440.000000 3.783581 4.746266
72450.000000 3.783186 4.746426
72460.000000 3.782772 4.745821
72470.000000 3.782396 4.745511
72480.000000 3.782083 4.745199
72490.000000 3.781573 4.745213
72500.000000 3.781403 4.744423
72510.000000 3.781085 4.743857
72520.000000 3.780968 4.743954
72530.000000 3.780803 4.743662
72540.000000 3.780665 4.743487
72550.000000 3.780473 4.743326
72560.000000 3.780303 4.743274
72570.000000 3.780164 4.742933
72580.000000 3.780499 4.743269
72590.000000 3.781256 4.744298
72600.000000 3.781009 4.743986
72610.000000 3.780489 4.743987
72620.000000 3.780351 4.743156
72630.000000 3.780310 4.743512
72640.000000 3.779802 4.743527
72650.000000 3.779852 4.742767
72660.000000 3.780015 4.742888
72670.000000 3.780131 4.743112
72680.000000 3.780521 4.743599
72690.000000 3.780260 4.743188
72700.000000 3.779918 4.742756
72710.000000 3.779818 4.742546
72720.000000 3.779381 4.741914
72730.000000 3.778870 4.741924
72740.000000 3.778799 4.740852
72750.000000 3.778493 4.740874
72760.000000 3.778168 4.740382
72770.000000 3.778031 4.740289
72780.000000 3.777582 4.739479
72790.000000 3.777581 4.739475
72800.000000 3.777272 4.739331
72810.000000 3.776958 4.739260
72820.000000 3.776597 4.738968
72830.000000 3.776086 4.738978
72840.000000 3.776248 4.738444
72850.000000 3.775739 4.738455
72860.000000 3.775423 4.737974
72870.000000 3.775500 4.738313
72880.000000 3.775531 4.738676
72890.000000 3.775863 4.738682
72900.000000 3.776898 4.739570
72910.000000 3.778072 4.741286
72920.000000 3.778772 4.742161
72930.000000 3.779616 4.743219
72940.000000 3.780184 4.744010
72950.000000 3.780485 4.744467
72960.000000 3.780498 4.744236
72970.000000 3.780671 4.744450
72980.000000 3.781170 4.745156
72990.000000 3.781593 4.745929
73000.000000 3.781417 4.745624
73010.000000 3.781225 4.745380
73020.000000 3.781130 4.745177
73030.000000 3.780635 4.744797
73040.000000 3.780143 4.744830
73050.000000 3.779757 4.744099
73060.000000 3.779381 4.743787
73070.000000 3.779257 4.743221
73080.000000 3.778767 4.743254
73090.000000 3.778744 4.742164
73100.000000 3.778703 4.742030
73110.000000 3.778778 4.742040
73120.000000 3.778624 4.741924
73130.000000 3.778120 4.741940
73140.000000 3.778301 4.741514
73150.000000 3.778198 4.741382
73160.000000 3.778160 4.741413
73170.000000 3.778155 4.741161
73180.000000 3.778156 4.741322
73190.000000 3.778022 4.741152
73200.000000 3.777513 4.741160
73210.000000 3.777141 4.740284
73220.000000 3.776744 4.739784
73230.000000 3.776301 4.739469
73240.000000 3.775943 4.739097
73250.000000 3.776077 4.738858
73260.000000 3.776205 4.739097
73270.000000 3.775861 4.738825
73280.000000 3.775596 4.738571
73290.000000 3.775501 4.738044
73300.000000 3.775536 4.737761
73310.000000 3.775633 4.737960
73320.000000 3.775250 4.737477
73330.000000 3.774782 4.737212
73340.000000 3.774834 4.736951
73350.000000 3.774785 4.737130
73360.000000 3.774275 4.737135
73370.000000 3.774211 4.736323
73380.000000 3.774621 4.736673
73390.000000 3.774981 4.736475
73400.000000 3.776626 4.738212
73410.000000 3.778211 4.740279
73420.000000 3.780165 4.742403
73430.000000 3.782852 4.745773
73440.000000 3.785908 4.749361
73450.000000 3.788794 4.752816
73460.000000 3.791146 4.755847
73470.000000 3.793019 4.758113
73480.000000 3.794479 4.759453
73490.000000 3.796055 4.761185
73500.000000 3.798098 4.763745
73510.000000 3.800448 4.766527
73520.000000 3.802645 4.769525
73530.000000 3.803811 4.771066
73540.000000 3.804721 4.772450
73550.000000 3.804833 4.772669
73560.000000 3.804321 4.772677
73570.000000 3.804840 4.772186
73580.000000 3.805047 4.772524
73590.000000 3.804681 4.772470
73600.000000 3.804261 4.771859
73610.000000 3.804600 4.772038
73620.000000 3.804713 4.772340
73630.000000 3.804670 4.772447
73640.000000 3.805224 4.772815
73650.000000 3.806004 4.773628
73660.000000 3.807103 4.774760
73670.000000 3.808408 4.776720
73680.000000 3.809174 4.777598
73690.000000 3.809348 4.777651
73700.000000 3.808864 4.777692
73710.000000 3.808688 4.776981
73720.000000 3.808465 4.776943
73730.000000 3.808050 4.776664
73740.000000 3.807656 4.776492
73750.000000 3.807544 4.776512
73760.000000 3.807485 4.775786
73770.000000 3.807973 4.776721
73780.000000 3.807588 4.776480
73790.000000 3.807218 4.776093
73800.000000 3.806714 4.776109
73810.000000 3.806673 4.775243
73820.000000 3.806212 4.775149
73830.000000 3.805729 4.775028
73840.000000 3.805497 4.774734
73850.000000 3.805320 4.774591
73860.000000 3.805155 4.774382
73870.000000 3.804714 4.774069
73880.000000 3.804218 4.773769
73890.000000 3.803825 4.773516
73900.000000 3.803357 4.773413
73910.000000 3.803175 4.772777
73920.000000 3.803372 4.772939
73930.000000 3.803860 4.773711
73940.000000 3.804059 4.773635
73950.000000 3.804655 4.774381
73960.000000 3.805312 4.775202
73970.000000 3.806622 4.776519
73980.000000 3.807855 4.777902
73990.000000 3.808464 4.778988
74000.000000 3.808265 4.778897
74010.000000 3.807752 4.778900
74020.000000 3.807671 4.777743
74030.000000 3.807416 4.777582
74040.000000 3.807213 4.777567
74050.000000 3.806737 4.776967
74060.000000 3.806387 4.776769
74070.000000 3.805934 4.776279
74080.000000 3.805575 4.775987
74090.000000 3.805129 4.775344
74100.000000 3.804779 4.774822
74110.000000 3.804790 4.774590
74120.000000 3.804388 4.774406
74130.000000 3.804219 4.774031
74140.000000 3.803714 4.774041
74150.000000 3.803570 4.773211
74160.000000 3.803110 4.773035
74170.000000 3.803000 4.772652
74180.000000 3.802806 4.772326
74190.000000 3.802300 4.772334
74200.000000 3.803178 4.772544
74210.000000 3.803531 4.773066
74220.000000 3.803440 4.773030
74230.000000 3.802941 4.773047
74240.000000 3.804696 4.774117
74250.000000 3.805509 4.774812
74260.000000 3.806224 4.776110
74270.000000 3.806075 4.776163
74280.000000 3.806075 4.775999
74290.000000 3.805647 4.776105
74300.000000 3.805248 4.775198
74310.000000 3.804847 4.774773
74320.000000 3.804555 4.774485
74330.000000 3.804525 4.774525
74340.000000 3.804404 4.774210
74350.000000 3.804715 4.774355
74360.000000 3.805479 4.775150
74370.000000 3.806466 4.776386
74380.000000 3.807947 4.777758
74390.000000 3.808695 4.778936
74400.000000 3.809209 4.779337
74410.000000 3.809287 4.779433
74420.000000 3.808947 4.779327
74430.000000 3.808440 4.779332
74440.000000 3.809342 4.779495
74450.000000 3.808851 4.779520
74460.000000 3.808902 4.778858
74470.000000 3.809322 4.779221
74480.000000 3.809938 4.779830
74490.000000 3.810984 4.780818
74500.000000 3.812086 4.782198
74510.000000 3.813612 4.783949
74520.000000 3.814848 4.785416
74530.000000 3.815729 4.786520
74540.000000 3.816658 4.787361
74550.000000 3.817860 4.788866
74560.000000 3.818683 4.789736
74570.000000 3.819400 4.790713
74580.000000 3.819765 4.791652
74590.000000 3.819845 4.791347
74600.000000 3.819662 4.791115
74610.000000 3.819639 4.791084
74620.000000 3.819246 4.790589
74630.000000 3.819074 4.790048
74640.000000 3.819686 4.790252
74650.000000 3.821117 4.791802
74660.000000 3.822363 4.793443
74670.000000 3.824554 4.795464
74680.000000 3.827163 4.798813
74690.000000 3.829555 4.801731
74700.000000 3.831484 4.804550
74710.000000 3.832837 4.806325
74720.000000 3.833445 4.807247
74730.000000 3.833597 4.807274
74740.000000 3.834184 4.807767
74750.000000 3.835469 4.809698
74760.000000 3.836390 4.810690
74770.000000 3.836479 4.811122
74780.000000 3.836265 4.810932
74790.000000 3.835895 4.810305
74800.000000 3.835923 4.810500
74810.000000 3.835971 4.810558
74820.000000 3.835485 4.810591
74830.000000 3.835457 4.809666
74840.000000 3.834996 4.809571
74850.000000 3.834690 4.809023
74860.000000 3.834366 4.808776
74870.000000 3.834002 4.808237
74880.000000 3.833504 4.808255
74890.000000 3.833497 4.807760
74900.000000 3.833451 4.807942
74910.000000 3.833154 4.807165
74920.000000 3.832878 4.806656
74930.000000 3.832414 4.806716
74940.000000 3.832805 4.806480
74950.000000 3.833032 4.806922
74960.000000 3.832734 4.806628
74970.000000 3.832568 4.806337
74980.000000 3.832580 4.806029
74990.000000 3.832407 4.805568
75000.000000 3.833242 4.806292
75010.000000 3.834383 4.807640
75020.000000 3.834718 4.808138
75030.000000 3.834424 4.807849
75040.000000 3.834257 4.807556
75050.000000 3.833747 4.807477
75060.000000 3.833271 4.807200
75070.000000 3.832771 4.807213
75080.000000 3.832497 4.806707
75090.000000 3.832164 4.806207
75100.000000 3.831853 4.805814
75110.000000 3.831423 4.805514
75120.000000 3.831114 4.805124
75130.000000 3.831227 4.804943
75140.000000 3.831581 4.805223
75150.000000 3.831924 4.805812
75160.000000 3.832041 4.806037
75170.000000 3.832851 4.806650
75180.000000 3.832808 4.806754
75190.000000 3.832308 4.806767
75200.000000 3.832042 4.805790
75210.000000 3.831673 4.805325
75220.000000 3.831166 4.805328
75230.000000 3.830923 4.804380
75240.000000 3.830444 4.804258
75250.000000 3.830012 4.803794
75260.000000 3.829927 4.803365
75270.000000 3.829486 4.802890
75280.000000 3.829024 4.802387
75290.000000 3.828791 4.802173
75300.000000 3.828376 4.801811
75310.000000 3.827869 4.801813
75320.000000 3.827531 4.801067
75330.000000 3.827100 4.800524
75340.000000 3.826666 4.799817
75350.000000 3.826492 4.799437
75360.000000 3.826061 4.798814
75370.000000 3.825698 4.798357
75380.000000 3.825503 4.797950
75390.000000 3.825490 4.798251
75400.000000 3.825073 4.797806
75410.000000 3.825112 4.797932
75420.000000 3.825463 4.798291
75430.000000 3.826063 4.799281
75440.000000 3.826864 4.800123
75450.000000 3.827588 4.800950
75460.000000 3.828519 4.802115
75470.000000 3.829275 4.802901
75480.000000 3.829605 4.803074
75490.000000 3.830310 4.803717
75500.000000 3.830849 4.804151
75510.000000 3.831188 4.804254
75520.000000 3.831514 4.804343
75530.000000 3.831293 4.804222
75540.000000 3.830793 4.804232
75550.000000 3.831233 4.803665
75560.000000 3.831545 4.804214
75570.000000 3.831283 4.803963
75580.000000 3.830783 4.803972
75590.000000 3.830987 4.803189
75600.000000 3.830831 4.803231
75610.000000 3.830482 4.803031
75620.000000 3.830054 4.802572
75630.000000 3.829560 4.802588
75640.000000 3.829408 4.801757
75650.000000 3.828980 4.801219
75660.000000 3.828616 4.800681
75670.000000 3.828655 4.800330
75680.000000 3.828633 4.799983
75690.000000 3.828551 4.800036
75700.000000 3.828063 4.799582
75710.000000 3.827648 4.799458
75720.000000 3.827191 4.798962
75730.000000 3.826700 4.798980
75740.000000 3.826352 4.798144
75750.000000 3.825862 4.798163
75760.000000 3.825465 4.796948
75770.000000 3.825372 4.796830
75780.000000 3.824973 4.796565
75790.000000 3.824525 4.796160
75800.000000 3.824023 4.796163
75810.000000 3.823810 4.795022
75820.000000 3.823829 4.794647
75830.000000 3.824026 4.794892
75840.000000 3.823537 4.794912
75850.000000 3.825172 4.795612
75860.000000 3.827500 4.797656
75870.000000 3.830134 4.801035
75880.000000 3.831970 4.803255
75890.000000 3.833001 4.804388
75900.000000 3.833890 4.805658
75910.000000 3.833870 4.806029
75920.000000 3.833394 4.806065
75930.000000 3.833191 4.805174
75940.000000 3.832777 4.804891
75950.000000 3.832386 4.804320
75960.000000 3.831935 4.804388
75970.000000 3.831625 4.803600
75980.000000 3.831998 4.804066
75990.000000 3.831804 4.804138
76000.000000 3.831498 4.803752
76010.000000 3.831551 4.804134
76020.000000 3.831509 4.803763
76030.000000 3.831425 4.803654
76040.000000 3.831499 4.803587
76050.000000 3.831487 4.803729
76060.000000 3.831088 4.803464
76070.000000 3.830657 4.802763
76080.000000 3.830584 4.802354
76090.000000 3.830197 4.802341
76100.000000 3.829700 4.802349
76110.000000 3.830724 4.802919
76120.000000 3.830319 4.803042
76130.000000 3.830211 4.802272
76140.000000 3.829708 4.802272
76150.000000 3.829399 4.801329
76160.000000 3.829042 4.800879
76170.000000 3.828754 4.800358
76180.000000 3.828926 4.800730
76190.000000 3.828528 4.800862
76200.000000 3.828100 4.800007
76210.000000 3.827600 4.800010
76220.000000 3.827322 4.799501
76230.000000 3.826828 4.799511
76240.000000 3.827137 4.799423
76250.000000 3.827205 4.799191
76260.000000 3.827113 4.799153
76270.000000 3.826619 4.799162
76280.000000 3.826636 4.798392
76290.000000 3.826414 4.798427
76300.000000 3.826025 4.798174
76310.000000 3.825537 4.798190
76320.000000 3.827083 4.798708
76330.000000 3.827432 4.799223
76340.000000 3.827334 4.799098
76350.000000 3.827420 4.798652
76360.000000 3.827729 4.799196
76370.000000 3.827303 4.798896
76380.000000 3.826961 4.798701
76390.000000 3.826666 4.798015
76400.000000 3.826471 4.797768
76410.000000 3.826240 4.797319
76420.000000 3.825760 4.797345
76430.000000 3.825536 4.796589
76440.000000 3.825211 4.796337
76450.000000 3.824863 4.795900
76460.000000 3.824577 4.795696
76470.000000 3.824523 4.795391
76480.000000 3.824547 4.795498
76490.000000 3.824323 4.794821
76500.000000 3.824008 4.794424
76510.000000 3.823622 4.794017
76520.000000 3.823335 4.793420
76530.000000 3.823060 4.793073
76540.000000 3.822576 4.793093
76550.000000 3.822392 4.791996
76560.000000 3.822056 4.791730
76570.000000 3.821719 4.791699
76580.000000 3.821329 4.791051
76590.000000 3.821315 4.791266
76600.000000 3.820933 4.791020
76610.000000 3.820483 4.790611
76620.000000 3.820162 4.790129
76630.000000 3.820329 4.790493
76640.000000 3.820325 4.790564
76650.000000 3.820114 4.790062
76660.000000 3.819861 4.789743
76670.000000 3.819609 4.789269
76680.000000 3.819190 4.788584
76690.000000 3.818889 4.787971
76700.000000 3.818687 4.787559
76710.000000 3.818209 4.787585
76720.000000 3.818048 4.786988
76730.000000 3.817707 4.786794
76740.000000 3.817309 4.786137
76750.000000 3.816890 4.785922
76760.000000 3.816407 4.785550
76770.000000 3.816316 4.785590
76780.000000 3.815834 4.785609
76790.000000 3.815668 4.785164
76800.000000 3.815740 4.785174
76810.000000 3.815760 4.785041
76820.000000 3.815668 4.784767
76830.000000 3.815643 4.784733
76840.000000 3.815283 4.784359
76850.000000 3.815094 4.783729
76860.000000 3.814856 4.783663
76870.000000 3.814361 4.783665
76880.000000 3.814381 4.782673
76890.000000 3.814117 4.782574
76900.000000 3.813630 4.782585
76910.000000 3.813729 4.781850
76920.000000 3.813533 4.781602
76930.000000 3.813446 4.781569
76940.000000 3.813495 4.781395
76950.000000 3.813624 4.781243
76960.000000 3.813925 4.781619
76970.000000 3.813988 4.781774
76980.000000 3.813752 4.781476
76990.000000 3.813644 4.781184
77000.000000 3.813952 4.781334
77010.000000 3.814191 4.781787
77020.000000 3.813960 4.781651
77030.000000 3.813483 4.781675
77040.000000 3.813733 4.781286
77050.000000 3.813886 4.781787
77060.000000 3.813637 4.781472
77070.000000 3.813324 4.780845
77080.000000 3.812916 4.780720
77090.000000 3.812596 4.780239
77100.000000 3.813090 4.780313
77110.000000 3.814449 4.782015
77120.000000 3.815240 4.783005
77130.000000 3.815122 4.782622
77140.000000 3.815257 4.782711
77150.000000 3.815268 4.782801
77160.000000 3.815464 4.783356
77170.000000 3.815047 4.783453
77180.000000 3.815861 4.783772
77190.000000 3.816012 4.783960
77200.000000 3.816153 4.784368
77210.000000 3.815687 4.784404
77220.000000 3.816678 4.784712
77230.000000 3.817058 4.785264
77240.000000 3.816707 4.785288
77250.000000 3.816372 4.784866
77260.000000 3.815939 4.784943
77270.000000 3.815767 4.784492
77280.000000 3.815722 4.784434
77290.000000 3.815624 4.783920
77300.000000 3.815743 4.784456
77310.000000 3.815358 4.784049
77320.000000 3.815099 4.783877
77330.000000 3.814671 4.783183
77340.000000 3.814306 4.783112
77350.000000 3.814217 4.782222
77360.000000 3.813832 4.782049
77370.000000 3.813396 4.781500
77380.000000 3.812908 4.781506
77390.000000 3.812604 4.780502
77400.000000 3.812396 4.780086
77410.000000 3.812000 4.780206
77420.000000 3.811573 4.779591
77430.000000 3.811230 4.779392
77440.000000 3.810928 4.779011
77450.000000 3.810442 4.779018
77460.000000 3.810151 4.778110
77470.000000 3.809807 4.777754
77480.000000 3.809808 4.777676
77490.000000 3.810486 4.778060
77500.000000 3.811225 4.779139
77510.000000 3.812074 4.779893
77520.000000 3.812704 4.780990
77530.000000 3.812900 4.781467
77540.000000 3.812504 4.781044
77550.000000 3.812029 4.781065
77560.000000 3.812402 4.780603
77570.000000 3.812078 4.780350
77580.000000 3.811610 4.780379
77590.000000 3.811228 4.779589
77600.000000 3.810805 4.779134
77610.000000 3.810318 4.779139
77620.000000 3.810086 4.778305
77630.000000 3.809725 4.777928
77640.000000 3.809304 4.777552
77650.000000 3.808913 4.777060
77660.000000 3.808615 4.776838
77670.000000 3.808142 4.776859
77680.000000 3.807888 4.775922
77690.000000 3.807482 4.776028
77700.000000 3.807171 4.775173
77710.000000 3.806948 4.774891
77720.000000 3.806498 4.774941
77730.000000 3.806477 4.774681
77740.000000 3.806019 4.774721
77750.000000 3.805961 4.773953
77760.000000 3.805548 4.773279
77770.000000 3.805263 4.773150
77780.000000 3.804823 4.772442
77790.000000 3.805186 4.772664
77800.000000 3.806031 4.773723
77810.000000 3.806560 4.774614
77820.000000 3.806531 4.774730
77830.000000 3.806060 4.774753
77840.000000 3.806087 4.773707
77850.000000 3.806032 4.773098
77860.000000 3.806788 4.773966
77870.000000 3.807688 4.775248
77880.000000 3.809014 4.776062
77890.000000 3.810069 4.777383
77900.000000 3.810492 4.777836
77910.000000 3.810850 4.778282
77920.000000 3.811053 4.778303
77930.000000 3.811790 4.778995
77940.000000 3.812851 4.780477
77950.000000 3.813320 4.781218
77960.000000 3.813367 4.781121
77970.000000 3.813094 4.780854
77980.000000 3.812668 4.780933
77990.000000 3.812285 4.780451
78000.000000 3.812220 4.779906
78010.000000 3.812736 4.780320
78020.000000 3.813719 4.781398
78030.000000 3.814809 4.783070
78040.000000 3.815067 4.783545
78050.000000 3.815353 4.783594
78060.000000 3.815844 4.784131
78070.000000 3.816241 4.784627
78080.000000 3.816490 4.784860
78090.000000 3.817386 4.785752
78100.000000 3.818592 4.787185
78110.000000 3.819861 4.789005
78120.000000 3.821236 4.790803
78130.000000 3.822366 4.792295
78140.000000 3.822685 4.792539
78150.000000 3.823236 4.793383
78160.000000 3.823215 4.793431
78170.000000 3.823362 4.793613
78180.000000 3.823885 4.793498
78190.000000 3.825572 4.795535
78200.000000 3.827163 4.797296
78210.000000 3.829012 4.799381
78220.000000 3.831273 4.802291
78230.000000 3.833569 4.804552
78240.000000 3.836403 4.808025
78250.000000 3.839071 4.811444
78260.000000 3.841335 4.814434
78270.000000 3.843650 4.816871
78280.000000 3.846505 4.820370
78290.000000 3.848755 4.823343
78300.000000 3.849931 4.825123
78310.000000 3.850299 4.825197
78320.000000 3.851002 4.826154
78330.000000 3.851118 4.826451
78340.000000 3.851383 4.826628
78350.000000 3.851231 4.826204
78360.000000 3.851727 4.826361
78370.000000 3.852625 4.827408
78380.000000 3.853609 4.828716
78390.000000 3.853688 4.828505
78400.000000 3.854021 4.828921
78410.000000 3.854213 4.829392
78420.000000 3.854784 4.829720
78430.000000 3.855505 4.830699
78440.000000 3.855528 4.830495
78450.000000 3.855226 4.830732
78460.000000 3.854972 4.829950
78470.000000 3.854511 4.829987
78480.000000 3.854211 4.829302
78490.000000 3.853728 4.829312
78500.000000 3.853995 4.828565
78510.000000 3.853947 4.828658
78520.000000 3.853467 4.828672
78530.000000 3.853163 4.827827
78540.000000 3.852824 4.827787
78550.000000 3.852454 4.827321
78560.000000 3.852083 4.826855
78570.000000 3.851606 4.826871
78580.000000 3.851874 4.826359
78590.000000 3.852015 4.826380
78600.000000 3.852425 4.827046
78610.000000 3.853056 4.827835
78620.000000 3.853535 4.828357
78630.000000 3.854205 4.828810
78640.000000 3.855441 4.830588
78650.000000 3.856508 4.831847
78660.000000 3.857490 4.832999
78670.000000 3.858462 4.834061
78680.000000 3.859730 4.835494
78690.000000 3.861119 4.837311
78700.000000 3.861940 4.838415
78710.000000 3.861859 4.838619
78720.000000 3.861471 4.838286
78730.000000 3.861006 4.837933
78740.000000 3.860590 4.837256
78750.000000 3.860103 4.837261
78760.000000 3.860375 4.836753
78770.000000 3.860419 4.836961
78780.000000 3.859932 4.836964
78790.000000 3.859522 4.836372
78800.000000 3.859191 4.835880
78810.000000 3.858791 4.835376
78820.000000 3.858771 4.834811
78830.000000 3.858981 4.834919
78840.000000 3.859246 4.835251
78850.000000 3.859408 4.835529
78860.000000 3.859148 4.835125
78870.000000 3.859261 4.835264
78880.000000 3.859210 4.835276
78890.000000 3.858863 4.835147
78900.000000 3.858384 4.835160
78910.000000 3.858070 4.834305
78920.000000 3.857893 4.834004
78930.000000 3.857963 4.833707
78940.000000 3.858375 4.834528
78950.000000 3.858080 4.834158
78960.000000 3.857775 4.833697
78970.000000 3.857294 4.833707
78980.000000 3.857238 4.833098
78990.000000 3.857264 4.833052
79000.000000 3.857184 4.832950
79010.000000 3.857502 4.833195
79020.000000 3.857974 4.833937
79030.000000 3.858310 4.834511
79040.000000 3.858213 4.834463
79050.000000 3.857810 4.834111
79060.000000 3.857720 4.833767
79070.000000 3.857516 4.833662
79080.000000 3.857175 4.833311
79090.000000 3.856779 4.832813
79100.000000 3.856295 4.832817
79110.000000 3.856004 4.832069
79120.000000 3.855765 4.831921
79130.000000 3.855447 4.831368
79140.000000 3.855022 4.830986
79150.000000 3.854848 4.830002
79160.000000 3.854665 4.830230
79170.000000 3.854308 4.829780
79180.000000 3.854425 4.829926
79190.000000 3.854120 4.829389
79200.000000 3.853634 4.829390
79210.000000 3.854257 4.828641
79220.000000 3.854905 4.829299
79230.000000 3.854683 4.829402
79240.000000 3.854518 4.828888
79250.000000 3.855237 4.829864
79260.000000 3.855289 4.830004
79270.000000 3.854908 4.829678
79280.000000 3.854584 4.829194
79290.000000 3.854104 4.829202
79300.000000 3.854466 4.828662
79310.000000 3.854017 4.828098
79320.000000 3.853747 4.827987
79330.000000 3.853580 4.827777
79340.000000 3.853109 4.827795
79350.000000 3.852813 4.826737
79360.000000 3.852460 4.826142
79370.000000 3.851983 4.826152
79380.000000 3.851708 4.825196
79390.000000 3.851304 4.824766
79400.000000 3.851051 4.824295
79410.000000 3.850622 4.823756
79420.000000 3.850149 4.823771
79430.000000 3.849892 4.822915
79440.000000 3.849702 4.822599
79450.000000 3.849255 4.822418
79460.000000 3.848820 4.822024
79470.000000 3.848339 4.822028
79480.000000 3.847999 4.821297
79490.000000 3.847656 4.820866
79500.000000 3.847192 4.820814
79510.000000 3.846800 4.820322
79520.000000 3.846495 4.819787
79530.000000 3.846087 4.819502
79540.000000 3.845645 4.819098
79550.000000 3.845168 4.819107
79560.000000 3.844870 4.818503
79570.000000 3.845134 4.818756
79580.000000 3.845595 4.819484
79590.000000 3.846145 4.819944
79600.000000 3.846396 4.820182
79610.000000 3.846385 4.820167
79620.000000 3.846359 4.820284
79630.000000 3.845992 4.819823
79640.000000 3.845791 4.819797
79650.000000 3.845568 4.819364
79660.000000 3.845116 4.819099
79670.000000 3.844892 4.818437
79680.000000 3.844586 4.818204
79690.000000 3.844595 4.818063
79700.000000 3.844939 4.818567
79710.000000 3.845376 4.819039
79720.000000 3.845315 4.818809
79730.000000 3.845118 4.818409
79740.000000 3.844899 4.817981
79750.000000 3.844431 4.817999
79760.000000 3.844264 4.817410
79770.000000 3.844069 4.817012
79780.000000 3.844293 4.816989
79790.000000 3.844472 4.817363
79800.000000 3.844958 4.817668
79810.000000 3.845266 4.818279
79820.000000 3.844790 4.818286
79830.000000 3.844607 4.817603
79840.000000 3.844215 4.817261
79850.000000 3.843752 4.817284
79860.000000 3.843311 4.816503
79870.000000 3.843047 4.816019
79880.000000 3.842760 4.815809
79890.000000 3.842617 4.815402
79900.000000 3.842557 4.815401
79910.000000 3.842810 4.815867
79920.000000 3.842510 4.815339
79930.000000 3.842366 4.815459
79940.000000 3.842012 4.814863
79950.000000 3.841774 4.814034
79960.000000 3.841492 4.813604
79970.000000 3.841387 4.813321
79980.000000 3.841082 4.812785
79990.000000 3.840642 4.812836
80000.000000 3.840460 4.812155
80010.000000 3.840090 4.811990
80020.000000 3.839696 4.811646
80030.000000 3.839259 4.811700
80040.000000 3.838970 4.810960
80050.000000 3.838926 4.810677
80060.000000 3.838470 4.810706
80070.000000 3.838238 4.809962
80080.000000 3.838369 4.809749
80090.000000 3.838353 4.809651
80100.000000 3.838225 4.809489
80110.000000 3.838363 4.809435
80120.000000 3.838204 4.809386
80130.000000 3.837732 4.809394
80140.000000 3.837837 4.808772
80150.000000 3.837643 4.808602
80160.000000 3.837550 4.808335
80170.000000 3.837097 4.808366
80180.000000 3.837190 4.807806
80190.000000 3.836954 4.807733
80200.000000 3.836489 4.807751
80210.000000 3.836421 4.806912
80220.000000 3.836475 4.806529
80230.000000 3.836985 4.807241
80240.000000 3.837110 4.807322
80250.000000 3.836982 4.807234
80260.000000 3.836514 4.807248
80270.000000 3.836176 4.806372
80280.000000 3.835965 4.806032
80290.000000 3.835672 4.805512
80300.000000 3.835436 4.805440
80310.000000 3.835058 4.805041
80320.000000 3.834655 4.804684
80330.000000 3.834269 4.804274
80340.000000 3.833864 4.804365
80350.000000 3.833610 4.803521
80360.000000 3.833139 4.803528
80370.000000 3.832814 4.802445
80380.000000 3.832668 4.802111
80390.000000 3.832422 4.801727
80400.000000 3.832339 4.801547
80410.000000 3.832352 4.801786
80420.000000 3.832328 4.801306
80430.000000 3.832711 4.801709
80440.000000 3.832849 4.801956
80450.000000 3.833353 4.802362
80460.000000 3.833727 4.802754
80470.000000 3.834302 4.803324
80480.000000 3.835097 4.803794
80490.000000 3.836577 4.805871
80500.000000 3.838115 4.807647
80510.000000 3.839791 4.809896
80520.000000 3.841372 4.811799
80530.000000 3.843142 4.814090
80540.000000 3.844713 4.815757
80550.000000 3.847079 4.818570
80560.000000 3.849664 4.821657
80570.000000 3.852225 4.825013
80580.000000 3.854733 4.828153
80590.000000 3.856790 4.830803
80600.000000 3.858883 4.833499
80610.000000 3.860821 4.835550
80620.000000 3.863031 4.838316
80630.000000 3.865334 4.841124
80640.000000 3.866753 4.843050
80650.000000 3.867188 4.843444
80660.000000 3.867747 4.844067
80670.000000 3.867667 4.843740
80680.000000 3.868017 4.844027
80690.000000 3.868657 4.844828
80700.000000 3.869304 4.845412
80710.000000 3.869672 4.846096
80720.000000 3.869911 4.846094
80730.000000 3.869722 4.845932
80740.000000 3.869269 4.845664
80750.000000 3.868956 4.845196
80760.000000 3.868620 4.844698
80770.000000 3.868189 4.844233
80780.000000 3.867809 4.843606
80790.000000 3.867386 4.843149
80800.000000 3.866908 4.843150
80810.000000 3.866924 4.841969
80820.000000 3.866773 4.841928
80830.000000 3.866304 4.841491
80840.000000 3.866223 4.841163
80850.000000 3.866152 4.841148
80860.000000 3.865837 4.840603
80870.000000 3.865689 4.840116
80880.000000 3.865408 4.839389
80890.000000 3.865230 4.839315
80900.000000 3.864762 4.839328
80910.000000 3.864496 4.838244
80920.000000 3.864158 4.837820
80930.000000 3.863918 4.837818
80940.000000 3.863609 4.837505
80950.000000 3.863366 4.837051
80960.000000 3.862929 4.836801
80970.000000 3.862463 4.836815
80980.000000 3.862508 4.836497
80990.000000 3.862101 4.835911
81000.000000 3.861676 4.835976
81010.000000 3.861305 4.835510
81020.000000 3.860833 4.835516
81030.000000 3.860653 4.834691
81040.000000 3.860489 4.834560
81050.000000 3.860197 4.834044
81060.000000 3.859931 4.833784
81070.000000 3.859473 4.833807
81080.000000 3.859395 4.833185
81090.000000 3.859154 4.833106
81100.000000 3.858705 4.832617
81110.000000 3.858604 4.832192
81120.000000 3.858957 4.832781
81130.000000 3.859110 4.833196
81140.000000 3.858935 4.832901
81150.000000 3.858691 4.832146
81160.000000 3.858698 4.832229
81170.000000 3.858489 4.831966
81180.000000 3.858419 4.831654
81190.000000 3.858348 4.831638
81200.000000 3.858346 4.831486
81210.000000 3.857877 4.831493
81220.000000 3.857540 4.830624
81230.000000 3.857079 4.830640
81240.000000 3.856937 4.830016
81250.000000 3.857155 4.830287
81260.000000 3.857292 4.830234
81270.000000 3.857033 4.830057
81280.000000 3.856583 4.830088
81290.000000 3.856238 4.829432
81300.000000 3.855782 4.829454
81310.000000 3.855803 4.828736
81320.000000 3.855955 4.828926
81330.000000 3.855889 4.828990
81340.000000 3.855530 4.828613
81350.000000 3.855341 4.828598
81360.000000 3.854984 4.828151
81370.000000 3.854575 4.827786
81380.000000 3.854286 4.827349
81390.000000 3.853986 4.826823
81400.000000 3.854133 4.826635
81410.000000 3.853982 4.826444
81420.000000 3.853675 4.825910
81430.000000 3.853900 4.826117
81440.000000 3.853785 4.826120
81450.000000 3.853581 4.825715
81460.000000 3.853222 4.825488
81470.000000 3.852859 4.825031
81480.000000 3.852590 4.824767
81490.000000 3.852117 4.824768
81500.000000 3.851754 4.824163
81510.000000 3.851319 4.824210
81520.000000 3.851214 4.823707
81530.000000 3.850807 4.823789
81540.000000 3.850852 4.823474
81550.000000 3.850389 4.823485
81560.000000 3.850368 4.822865
81570.000000 3.850336 4.822972
81580.000000 3.850111 4.822541
81590.000000 3.849828 4.822185
81600.000000 3.849521 4.821725
81610.000000 3.849054 4.821435
81620.000000 3.848759 4.820916
81630.000000 3.848383 4.820666
81640.000000 3.848234 4.820256
81650.000000 3.848013 4.819756
81660.000000 3.847623 4.819267
81670.000000 3.847316 4.818880
81680.000000 3.847330 4.818823
81690.000000 3.847563 4.819335
81700.000000 3.847114 4.819363
81710.000000 3.847352 4.818847
81720.000000 3.846901 4.818872
81730.000000 3.846754 4.818022
81740.000000 3.846894 4.817975
81750.000000 3.846632 4.817498
81760.000000 3.846430 4.817096
81770.000000 3.846817 4.817284
81780.000000 3.847257 4.817982
81790.000000 3.847227 4.818312
81800.000000 3.846850 4.817839
81810.000000 3.846394 4.817857
81820.000000 3.846202 4.817098
81830.000000 3.845748 4.817119
81840.000000 3.845368 4.816125
81850.000000 3.845074 4.815535
81860.000000 3.844828 4.815447
81870.000000 3.844584 4.815214
81880.000000 3.844335 4.814901
81890.000000 3.844141 4.814878
81900.000000 3.843877 4.814399
81910.000000 3.843743 4.814598
81920.000000 3.843309 4.814642
81930.000000 3.843053 4.813731
81940.000000 3.842588 4.813736
81950.000000 3.842199 4.813026
81960.000000 3.841938 4.812625
81970.000000 3.841625 4.812378
81980.000000 3.841291 4.812106
81990.000000 3.840896 4.811830
82000.000000 3.840452 4.811861
82010.000000 3.840387 4.811191
82020.000000 3.840097 4.810900
82030.000000 3.839945 4.810633
82040.000000 3.840019 4.810652
82050.000000 3.840306 4.811304
82060.000000 3.840042 4.810824
82070.000000 3.839837 4.810567
82080.000000 3.839396 4.810600
82090.000000 3.839114 4.809732
82100.000000 3.838671 4.809763
82110.000000 3.838620 4.809256
82120.000000 3.838577 4.809348
82130.000000 3.838966 4.809908
82140.000000 3.839152 4.810359
82150.000000 3.838947 4.810028
82160.000000 3.838539 4.809662
82170.000000 3.838380 4.809094
82180.000000 3.838845 4.809456
82190.000000 3.839707 4.810241
82200.000000 3.841166 4.812068
82210.000000 3.843037 4.814557
82220.000000 3.844458 4.816483
82230.000000 3.845623 4.818234
82240.000000 3.846584 4.819291
82250.000000 3.847842 4.820718
82260.000000 3.848952 4.822034
82270.000000 3.850279 4.823842
82280.000000 3.851347 4.824812
82290.000000 3.852207 4.825668
82300.000000 3.852458 4.825834
82310.000000 3.852145 4.825735
82320.000000 3.851679 4.825737
82330.000000 3.851381 4.824702
82340.000000 3.851025 4.824328
82350.000000 3.850676 4.823742
82360.000000 3.850224 4.823762
82370.000000 3.850033 4.823154
82380.000000 3.849960 4.822842
82390.000000 3.849495 4.822845
82400.000000 3.849697 4.822070
82410.000000 3.850005 4.822820
82420.000000 3.849692 4.822428
82430.000000 3.849340 4.822205
82440.000000 3.848885 4.822220
82450.000000 3.848676 4.821518
82460.000000 3.848217 4.821527
82470.000000 3.848890 4.821050
82480.000000 3.849563 4.821966
82490.000000 3.849895 4.821868
82500.000000 3.850111 4.821991
82510.000000 3.849919 4.821822
82520.000000 3.849727 4.821215
82530.000000 3.850043 4.821536
82540.000000 3.849933 4.821616
82550.000000 3.849647 4.821038
82560.000000 3.849693 4.820948
82570.000000 3.849903 4.820698
82580.000000 3.850711 4.821929
82590.000000 3.850847 4.822025
82600.000000 3.850595 4.821269
82610.000000 3.850598 4.821491
82620.000000 3.850188 4.821196
82630.000000 3.850073 4.820978
82640.000000 3.849694 4.820722
82650.000000 3.849697 4.820433
82660.000000 3.849624 4.820413
82670.000000 3.849158 4.820413
82680.000000 3.849040 4.819899
82690.000000 3.848641 4.819472
82700.000000 3.848204 4.819069
82710.000000 3.847971 4.818849
82720.000000 3.847729 4.818544
82730.000000 3.847558 4.818184
82740.000000 3.847241 4.817932
82750.000000 3.846786 4.817944
82760.000000 3.846528 4.816963
82770.000000 3.846293 4.816740
82780.000000 3.845866 4.816788
82790.000000 3.845547 4.815877
82800.000000 3.845131 4.815938
82810.000000 3.844851 4.815222
82820.000000 3.844402 4.814878
82830.000000 3.843943 4.814883
82840.000000 3.843827 4.814081
82850.000000 3.843993 4.814216
82860.000000 3.843862 4.813978
82870.000000 3.843638 4.813696
82880.000000 3.843385 4.813597
82890.000000 3.842930 4.813607
82900.000000 3.842970 4.812856
82910.000000 3.842507 4.812857
82920.000000 3.842255 4.811886
82930.000000 3.841804 4.811901
82940.000000 3.842204 4.811747
82950.000000 3.842632 4.812065
82960.000000 3.843101 4.812506
82970.000000 3.844079 4.813729
82980.000000 3.844725 4.814391
82990.000000 3.845226 4.814654
83000.000000 3.845504 4.815002
83010.000000 3.845278 4.814935
83020.000000 3.845032 4.814481
83030.000000 3.844611 4.814098
83040.000000 3.844186 4.814147
83050.000000 3.844285 4.813325
83060.000000 3.843841 4.813349
83070.000000 3.843598 4.812754
83080.000000 3.843282 4.812139
83090.000000 3.842819 4.812139
83100.000000 3.842521 4.811402
83110.000000 3.842059 4.811402
83120.000000 3.841716 4.810464
83130.000000 3.841392 4.810130
83140.000000 3.841062 4.809570
83150.000000 3.840698 4.809259
83160.000000 3.840247 4.809272
83170.000000 3.839892 4.808465
83180.000000 3.839817 4.808152
83190.000000 3.839788 4.808187
83200.000000 3.839433 4.807598
83210.000000 3.839100 4.807541
83220.000000 3.838688 4.806880
83230.000000 3.838396 4.806585
83240.000000 3.838153 4.805990
83250.000000 3.837819 4.805644
83260.000000 3.837367 4.805655
83270.000000 3.837312 4.805152
83280.000000 3.836873 4.805179
83290.000000 3.836775 4.804261
83300.000000 3.837008 4.804190
83310.000000 3.837685 4.804820
83320.000000 3.838268 4.805910
83330.000000 3.837967 4.805533
83340.000000 3.837638 4.805192
83350.000000 3.837256 4.804929
83360.000000 3.836964 4.804274
83370.000000 3.836586 4.803799
83380.000000 3.836233 4.803285
83390.000000 3.835781 4.803294
83400.000000 3.836322 4.803682
83410.000000 3.835864 4.803685
83420.000000 3.835730 4.803011
83430.000000 3.835317 4.803069
83440.000000 3.835195 4.802484
83450.000000 3.834870 4.801931
83460.000000 3.834695 4.801783
83470.000000 3.834722 4.801744
83480.000000 3.835019 4.801971
83490.000000 3.835044 4.802361
83500.000000 3.834606 4.802388
83510.000000 3.834409 4.801564
83520.000000 3.834021 4.801364
83530.000000 3.833666 4.800847
83540.000000 3.833221 4.800865
83550.000000 3.833215 4.800425
83560.000000 3.832768 4.800439
83570.000000 3.832494 4.799735
83580.000000 3.832050 4.799754
83590.000000 3.832474 4.799565
83600.000000 3.832515 4.799543
83610.000000 3.832600 4.799863
83620.000000 3.832365 4.799497
83630.000000 3.831919 4.799511
83640.000000 3.831638 4.799014
83650.000000 3.831469 4.798515
83660.000000 3.831218 4.798486
83670.000000 3.830923 4.798260
83680.000000 3.830473 4.798269
83690.000000 3.830157 4.797226
83700.000000 3.829837 4.797039
83710.000000 3.829397 4.797061
83720.000000 3.829317 4.796385
83730.000000 3.828924 4.796467
83740.000000 3.828608 4.795783
83750.000000 3.828241 4.795034
83760.000000 3.828681 4.795082
83770.000000 3.829536 4.796295
83780.000000 3.830423 4.797190
83790.000000 3.831069 4.797998
83800.000000 3.831624 4.798621
83810.000000 3.832533 4.799973
83820.000000 3.833156 4.800680
83830.000000 3.834022 4.801620
83840.000000 3.835053 4.802982
83850.000000 3.834911 4.803162
83860.000000 3.834457 4.803167
83870.000000 3.834526 4.802677
83880.000000 3.834719 4.802846
83890.000000 3.834365 4.802474
83900.000000 3.834084 4.802264
83910.000000 3.833634 4.802273
83920.000000 3.833359 4.801353
83930.000000 3.833500 4.801386
83940.000000 3.833527 4.801204
83950.000000 3.834114 4.801795
83960.000000 3.834429 4.802545
83970.000000 3.834135 4.802104
83980.000000 3.834074 4.801884
83990.000000 3.834463 4.802155
84000.000000 3.834928 4.802593
84010.000000 3.834955 4.802769
84020.000000 3.834511 4.802785
84030.000000 3.834214 4.802340
84040.000000 3.833831 4.802432
84050.000000 3.833784 4.801657
84060.000000 3.833576 4.801395
84070.000000 3.833447 4.801374
84080.000000 3.833102 4.801228
84090.000000 3.832718 4.800817
84100.000000 3.832523 4.800572
84110.000000 3.832385 4.800255
84120.000000 3.832305 4.800296
84130.000000 3.831990 4.799972
84140.000000 3.831793 4.799796
84150.000000 3.832082 4.800157
84160.000000 3.832215 4.800536
84170.000000 3.832038 4.800313
84180.000000 3.831810 4.800169
84190.000000 3.831475 4.799962
84200.000000 3.831146 4.799263
84210.000000 3.831803 4.799942
84220.000000 3.832814 4.800851
84230.000000 3.833887 4.802408
84240.000000 3.834142 4.802726
84250.000000 3.834331 4.803247
84260.000000 3.834432 4.803015
84270.000000 3.834983 4.803419
84280.000000 3.835325 4.803917
84290.000000 3.834881 4.803932
84300.000000 3.834875 4.803423
84310.000000 3.834431 4.803436
84320.000000 3.834169 4.802822
84330.000000 3.833776 4.802541
84340.000000 3.833576 4.802219
84350.000000 3.833380 4.801901
84360.000000 3.833110 4.801418
84370.000000 3.833157 4.801262
84380.000000 3.833405 4.801715
84390.000000 3.833237 4.801432
84400.000000 3.832846 4.801511
84410.000000 3.832596 4.801197
84420.000000 3.832341 4.800805
84430.000000 3.832100 4.800217
84440.000000 3.832282 4.800016
84450.000000 3.832175 4.799881
84460.000000 3.831866 4.799422
84470.000000 3.831420 4.799431
84480.000000 3.831202 4.798588
84490.000000 3.830979 4.798236
84500.000000 3.830902 4.798210
84510.000000 3.830455 4.798217
84520.000000 3.830262 4.797832
84530.000000 3.830214 4.797700
84540.000000 3.830051 4.797495
84550.000000 3.829610 4.797509
84560.000000 3.829332 4.796663
84570.000000 3.829234 4.797108
84580.000000 3.828456 4.796699
84590.000000 3.829310 4.796845
84600.000000 3.829606 4.797143
84610.000000 3.829909 4.797735
84620.000000 3.830486 4.798315
84630.000000 3.831510 4.799311
84640.000000 3.832389 4.800554
84650.000000 3.833375 4.801858
84660.000000 3.834516 4.803144
84670.000000 3.835169 4.804104
84680.000000 3.835992 4.805062
84690.000000 3.836579 4.805583
84700.000000 3.836324 4.805476
84710.000000 3.835913 4.805527
84720.000000 3.835664 4.804788
84730.000000 3.835547 4.804001
84740.000000 3.836108 4.804560
84750.000000 3.836918 4.805362
84760.000000 3.838531 4.807025
84770.000000 3.840068 4.809304
84780.000000 3.841183 4.810557
84790.000000 3.843035 4.812663
84800.000000 3.845456 4.815551
84810.000000 3.848650 4.819550
84820.000000 3.851278 4.823054
84830.000000 3.853339 4.825704
84840.000000 3.855019 4.827950
84850.000000 3.856838 4.830227
84860.000000 3.858381 4.832087
84870.000000 3.859855 4.834360
84880.000000 3.860471 4.834774
84890.000000 3.860972 4.835257
84900.000000 3.862023 4.836216
84910.000000 3.863396 4.837791
84920.000000 3.864368 4.839293
84930.000000 3.864896 4.839811
84940.000000 3.865436 4.840771
84950.000000 3.865282 4.840934
84960.000000 3.865122 4.840661
84970.000000 3.865099 4.840275
84980.000000 3.865892 4.841124
84990.000000 3.866497 4.841595
85000.000000 3.866973 4.841905
85010.000000 3.867490 4.842694
85020.000000 3.867270 4.842346
85030.000000 3.866847 4.842101
85040.000000 3.866468 4.841768
85050.000000 3.866122 4.841262
85060.000000 3.865705 4.841310
85070.000000 3.865564 4.840988
85080.000000 3.865239 4.840937
85090.000000 3.864793 4.840947
85100.000000 3.864791 4.840373
85110.000000 3.864338 4.840376
85120.000000 3.864777 4.839998
85130.000000 3.865197 4.840381
85140.000000 3.864908 4.839946
85150.000000 3.864619 4.839797
85160.000000 3.864647 4.839831
85170.000000 3.864315 4.839983
85180.000000 3.863982 4.839351
85190.000000 3.863533 4.839357
85200.000000 3.863383 4.838600
85210.000000 3.862956 4.838490
85220.000000 3.862525 4.838518
85230.000000 3.862264 4.837976
85240.000000 3.861961 4.837809
85250.000000 3.861675 4.837236
85260.000000 3.861293 4.836827
85270.000000 3.860896 4.836400
85280.000000 3.860540 4.835954
85290.000000 3.860231 4.835636
85300.000000 3.859782 4.835641
85310.000000 3.859554 4.834715
85320.000000 3.859284 4.834446
85330.000000 3.858864 4.834487
85340.000000 3.858786 4.833819
85350.000000 3.858530 4.833568
85360.000000 3.858090 4.833583
85370.000000 3.857904 4.832923
85380.000000 3.857521 4.832727
85390.000000 3.857099 4.832764
85400.000000 3.856738 4.832240
85410.000000 3.856289 4.832242
85420.000000 3.856072 4.831403
85430.000000 3.855635 4.831421
85440.000000 3.855453 4.830695
85450.000000 3.855025 4.830511
85460.000000 3.854651 4.830183
85470.000000 3.854268 4.829914
85480.000000 3.853929 4.829276
85490.000000 3.853654 4.828930
85500.000000 3.853227 4.828959
85510.000000 3.852996 4.828314
85520.000000 3.852710 4.828167
85530.000000 3.852454 4.827986
85540.000000 3.852009 4.827993
85550.000000 3.851871 4.827111
85560.000000 3.851884 4.827197
85570.000000 3.851917 4.827519
85580.000000 3.851592 4.826970
85590.000000 3.851276 4.826431
85600.000000 3.851323 4.826134
85610.000000 3.851903 4.826930
85620.000000 3.852188 4.827428
85630.000000 3.852433 4.827663
85640.000000 3.852867 4.828205
85650.000000 3.853460 4.829089
85660.000000 3.853553 4.829274
85670.000000 3.853124 4.829299
85680.000000 3.852747 4.828897
85690.000000 3.852341 4.828457
85700.000000 3.852082 4.828272
85710.000000 3.851647 4.828289
85720.000000 3.851458 4.827416
85730.000000 3.851583 4.827360
85740.000000 3.851832 4.827458
85750.000000 3.852070 4.827684
85760.000000 3.852515 4.828382
85770.000000 3.852393 4.828368
85780.000000 3.851960 4.828388
85790.000000 3.852309 4.827978
85800.000000 3.852731 4.828506
85810.000000 3.853261 4.829097
85820.000000 3.853642 4.829503
85830.000000 3.853525 4.829143
85840.000000 3.853463 4.828994
85850.000000 3.853272 4.828965
85860.000000 3.853556 4.828826
85870.000000 3.853891 4.829385
85880.000000 3.854055 4.829589
85890.000000 3.853815 4.829569
85900.000000 3.853512 4.829258
85910.000000 3.853270 4.828671
85920.000000 3.853275 4.828959
85930.000000 3.852981 4.828518
85940.000000 3.852543 4.828531
85950.000000 3.852557 4.827561
85960.000000 3.852159 4.827625
85970.000000 3.852737 4.827925
85980.000000 3.852561 4.827211
85990.000000 3.852737 4.827712
86000.000000 3.852651 4.827390
86010.000000 3.852217 4.827409
86020.000000 3.851973 4.826820
86030.000000 3.851557 4.826508
86040.000000 3.851191 4.825978
86050.000000 3.850863 4.825425
86060.000000 3.850765 4.825231
86070.000000 3.850577 4.825134
86080.000000 3.850184 4.825202
86090.000000 3.850299 4.824923
86100.000000 3.851004 4.825664
86110.000000 3.851902 4.826297
86120.000000 3.853107 4.827595
86130.000000 3.854072 4.828803
86140.000000 3.854885 4.829750
86150.000000 3.855842 4.830948
86160.000000 3.856777 4.832328
86170.000000 3.857722 4.833722
86180.000000 3.858020 4.834165
86190.000000 3.858273 4.834269
86200.000000 3.858361 4.834168
86210.000000 3.858373 4.834040
86220.000000 3.858002 4.833505
86230.000000 3.857678 4.833097
86240.000000 3.857574 4.833176
86250.000000 3.857194 4.833260
86260.000000 3.856888 4.832945
86270.000000 3.856467 4.832768
86280.000000 3.856342 4.832610
86290.000000 3.856028 4.832215
86300.000000 3.855797 4.831783
86310.000000 3.855539 4.831669
86320.000000 3.855094 4.831672
86330.000000 3.855096 4.830972
86340.000000 3.854698 4.830892
86350.000000 3.854406 4.830244
86360.000000 3.854320 4.830274
86370.000000 3.854263 4.830273
86380.000000 3.853842 4.830304
86390.000000 3.854410 4.829893
