10.000000 1.679469 1.399558
20.000000 4.945758 4.496143
30.000000 7.878598 6.753084
40.000000 10.532843 8.777369
50.000000 12.188982 10.692089
60.000000 13.618246 12.969758
70.000000 13.877879 13.682415
80.000000 14.036885 14.036885
90.000000 14.014301 14.171766
100.000000 13.958017 13.819819
110.000000 13.943126 14.071045
120.000000 13.806094 13.922112
130.000000 13.730529 13.945069
140.000000 13.737867 14.038696
150.000000 13.851447 14.428591
160.000000 13.958758 14.225486
170.000000 14.006545 14.258159
180.000000 14.167712 14.572504
190.000000 14.245874 14.630897
200.000000 14.333487 14.776791
210.000000 14.799844 14.729703
220.000000 15.165979 15.446831
230.000000 15.529934 15.804800
240.000000 16.111474 16.384550
250.000000 16.772084 17.184512
260.000000 17.404463 17.745726
270.000000 18.138567 18.480804
280.000000 18.703343 19.468164
290.000000 18.968148 19.645582
300.000000 19.340353 20.007261
310.000000 19.580235 20.300578
320.000000 19.751955 20.723363
330.000000 19.817891 21.028631
340.000000 19.917930 20.773302
350.000000 20.087520 20.862410
360.000000 20.263519 20.842476
370.000000 20.645250 20.928061
380.000000 21.098094 21.436567
390.000000 21.594327 21.931738
400.000000 22.054905 22.620415
410.000000 22.538246 23.276274
420.000000 23.144720 23.423572
430.000000 23.849025 24.072959
440.000000 24.603773 24.772678
450.000000 25.321606 25.491549
460.000000 25.976207 26.089640
470.000000 26.538502 26.651914
480.000000 27.063107 27.347982
490.000000 27.540845 27.939988
500.000000 27.939517 28.221734
510.000000 28.284642 28.966199
520.000000 28.535588 29.441479
530.000000 28.740375 29.635017
540.000000 28.770815 29.877385
550.000000 28.737672 30.048896
560.000000 28.696046 29.925113
570.000000 28.635885 30.059769
580.000000 28.604437 29.892926
590.000000 28.540470 29.909195
600.000000 28.363195 29.544994
610.000000 28.250481 29.508207
620.000000 28.122032 29.402462
630.000000 27.989067 29.097545
640.000000 27.896019 29.124718
650.000000 27.789189 28.993536
660.000000 27.752216 28.890319
670.000000 27.709601 28.963233
680.000000 27.660194 28.848055
690.000000 27.632980 28.500383
700.000000 27.633845 28.699839
710.000000 27.653919 28.579741
720.000000 27.710524 28.624931
730.000000 27.724019 28.788811
740.000000 27.734142 28.865351
750.000000 27.713589 28.828283
760.000000 27.612706 28.786909
770.000000 27.507624 28.622798
780.000000 27.433657 28.379645
790.000000 27.368139 28.523522
800.000000 27.302463 28.551596
810.000000 27.317658 28.477867
820.000000 27.363122 28.510495
830.000000 27.357132 28.561534
840.000000 27.306911 28.423551
850.000000 27.284348 28.386409
860.000000 27.323769 28.243319
870.000000 27.377610 28.355382
880.000000 27.417931 28.419057
890.000000 27.462856 28.520353
900.000000 27.487091 28.665564
910.000000 27.543029 28.514398
920.000000 27.645014 28.576869
930.000000 27.734189 28.658662
940.000000 27.844905 28.731296
950.000000 27.942994 28.885576
960.000000 28.018921 28.953890
970.000000 28.045104 28.940161
980.000000 28.043583 28.898750
990.000000 27.991335 29.047612
1000.000000 27.914939 28.867569
1010.000000 27.841744 28.811641
1020.000000 27.819579 28.547254
1030.000000 27.805312 28.610860
1040.000000 27.760769 28.585346
1050.000000 27.689033 28.475499
1060.000000 27.561036 28.418967
1070.000000 27.420001 28.292576
1080.000000 27.272018 28.185435
1090.000000 27.130100 28.056745
1100.000000 26.990161 28.008658
1110.000000 26.768253 27.873134
1120.000000 26.538833 27.598415
1130.000000 26.307739 27.602363
1140.000000 26.160489 27.235578
1150.000000 26.006434 27.041048
1160.000000 25.892104 26.961258
1170.000000 25.740699 26.770327
1180.000000 25.584975 26.669851
1190.000000 25.400816 26.538166
1200.000000 25.224700 26.367282
1210.000000 25.057209 26.114749
1220.000000 24.870028 25.866525
1230.000000 24.682163 25.597859
1240.000000 24.528786 25.452464
1250.000000 24.341319 25.229393
1260.000000 24.188699 25.063948
1270.000000 24.039743 24.841720
1280.000000 23.889335 24.699798
1290.000000 23.746066 24.486351
1300.000000 23.605456 24.412961
1310.000000 23.435442 24.269114
1320.000000 23.258873 24.155556
1330.000000 23.084466 24.156050
1340.000000 22.953459 23.787808
1350.000000 22.816696 23.676049
1360.000000 22.707916 23.592640
1370.000000 22.582333 23.455494
1380.000000 22.441118 23.249807
1390.000000 22.322086 23.155000
1400.000000 22.186389 23.110822
1410.000000 22.057500 22.952823
1420.000000 21.953600 22.854921
1430.000000 21.846757 22.720627
1440.000000 21.733005 22.628726
1450.000000 21.609461 22.623623
1460.000000 21.485906 22.535505
1470.000000 21.344203 22.427432
1480.000000 21.220063 22.289349
1490.000000 21.122333 22.147977
1500.000000 21.047763 21.985825
1510.000000 21.000526 22.006103
1520.000000 20.936071 21.946778
1530.000000 20.848160 21.892714
1540.000000 20.716492 21.896636
1550.000000 20.628403 21.633304
1560.000000 20.511713 21.432199
1570.000000 20.381475 21.432629
1580.000000 20.256568 21.336918
1590.000000 20.134674 21.229530
1600.000000 20.010865 21.231687
1610.000000 19.905458 20.905275
1620.000000 19.791178 20.805780
1630.000000 19.676124 20.678325
1640.000000 19.556732 20.678943
1650.000000 19.461051 20.426675
1660.000000 19.347298 20.430353
1670.000000 19.260502 20.216869
1680.000000 19.161876 20.094851
1690.000000 19.049494 20.095908
1700.000000 18.981160 19.906213
1710.000000 18.932964 19.789345
1720.000000 18.888491 19.785752
1730.000000 18.819403 19.719907
1740.000000 18.743548 19.658694
1750.000000 18.683273 19.578280
1760.000000 18.633708 19.579299
1770.000000 18.566003 19.502567
1780.000000 18.506111 19.457105
1790.000000 18.434843 19.376611
1800.000000 18.370798 19.236437
1810.000000 18.329435 19.221481
1820.000000 18.277408 19.106768
1830.000000 18.240178 19.117713
1840.000000 18.194463 19.086552
1850.000000 18.124635 19.062293
1860.000000 18.030166 19.022183
1870.000000 17.934117 19.022575
1880.000000 17.860402 18.885014
1890.000000 17.817678 18.813079
1900.000000 17.771032 18.779178
1910.000000 17.726781 18.695832
1920.000000 17.722601 18.655370
1930.000000 17.720189 18.678299
1940.000000 17.686468 18.739349
1950.000000 17.731886 18.670182
1960.000000 17.740368 18.694151
1970.000000 17.747362 18.686426
1980.000000 17.757691 18.662542
1990.000000 17.782705 18.654498
2000.000000 17.803973 18.662445
2010.000000 17.820109 18.684622
2020.000000 17.859235 18.682369
2030.000000 17.910101 18.789408
2040.000000 17.943143 18.771288
2050.000000 17.976081 18.820718
2060.000000 18.008833 18.869886
2070.000000 18.046692 18.914760
2080.000000 18.098626 18.964807
2090.000000 18.173436 19.038837
2100.000000 18.250541 19.163069
2110.000000 18.306241 19.236140
2120.000000 18.355401 19.302307
2130.000000 18.407706 19.352623
2140.000000 18.468317 19.392639
2150.000000 18.553114 19.429710
2160.000000 18.644736 19.549820
2170.000000 18.738022 19.633755
2180.000000 18.835655 19.712784
2190.000000 18.935620 19.822662
2200.000000 19.015281 19.911289
2210.000000 19.095771 20.010268
2220.000000 19.172283 20.038827
2230.000000 19.255139 20.121349
2240.000000 19.332200 20.216680
2250.000000 19.384854 20.324288
2260.000000 19.435367 20.382334
2270.000000 19.516354 20.434559
2280.000000 19.605680 20.533280
2290.000000 19.695599 20.642069
2300.000000 19.770173 20.782174
2310.000000 19.832150 20.871192
2320.000000 19.919177 20.929570
2330.000000 20.030716 21.013763
2340.000000 20.172168 21.119854
2350.000000 20.321794 21.319739
2360.000000 20.471388 21.472212
2370.000000 20.637115 21.670343
2380.000000 20.768053 21.851444
2390.000000 20.863489 21.995473
2400.000000 20.962449 22.056063
2410.000000 21.058953 22.162479
2420.000000 21.155164 22.287983
2430.000000 21.248336 22.390917
2440.000000 21.329540 22.471536
2450.000000 21.420789 22.533677
2460.000000 21.509997 22.651795
2470.000000 21.565111 22.695281
2480.000000 21.631903 22.751110
2490.000000 21.725103 22.796252
2500.000000 21.802844 22.873315
2510.000000 21.860380 22.986826
2520.000000 21.922139 23.027841
2530.000000 21.984558 23.060088
2540.000000 22.040716 23.105001
2550.000000 22.108312 23.181001
2560.000000 22.159682 23.239978
2570.000000 22.209872 23.297702
2580.000000 22.247400 23.294762
2590.000000 22.281137 23.344718
2600.000000 22.315731 23.348451
2610.000000 22.364016 23.394822
2620.000000 22.401291 23.495349
2630.000000 22.421803 23.521876
2640.000000 22.428135 23.542853
2650.000000 22.430415 23.578183
2660.000000 22.423915 23.604121
2670.000000 22.418833 23.538452
2680.000000 22.434055 23.550046
2690.000000 22.434169 23.536628
2700.000000 22.424662 23.540664
2710.000000 22.384608 23.494302
2720.000000 22.340657 23.434858
2730.000000 22.307992 23.396396
2740.000000 22.272878 23.400186
2750.000000 22.225049 23.363488
2760.000000 22.171053 23.320162
2770.000000 22.128872 23.236154
2780.000000 22.081815 23.208864
2790.000000 22.018328 23.146622
2800.000000 21.967617 23.063115
2810.000000 21.941383 23.005703
2820.000000 21.916749 23.018708
2830.000000 21.871386 22.966984
2840.000000 21.832620 22.896840
2850.000000 21.799549 22.875079
2860.000000 21.763898 22.858887
2870.000000 21.712538 22.842736
2880.000000 21.660366 22.800385
2890.000000 21.596230 22.778505
2900.000000 21.523893 22.730987
2910.000000 21.450181 22.731255
2920.000000 21.412661 22.580343
2930.000000 21.363256 22.532159
2940.000000 21.321669 22.500253
2950.000000 21.255488 22.474441
2960.000000 21.187932 22.422695
2970.000000 21.125117 22.343874
2980.000000 21.062313 22.265233
2990.000000 21.016074 22.219965
3000.000000 20.968394 22.188777
3010.000000 20.900086 22.190215
3020.000000 20.850777 22.071274
3030.000000 20.813592 22.050764
3040.000000 20.777149 21.992525
3050.000000 20.744387 21.953637
3060.000000 20.723784 21.942830
3070.000000 20.721172 21.920744
3080.000000 20.728098 21.931481
3090.000000 20.728583 21.965474
3100.000000 20.704532 21.965793
3110.000000 20.680194 21.965643
3120.000000 20.653327 21.940204
3130.000000 20.616589 21.881968
3140.000000 20.581490 21.847829
3150.000000 20.536526 21.825255
3160.000000 20.477656 21.773013
3170.000000 20.421696 21.672842
3180.000000 20.370622 21.636132
3190.000000 20.313199 21.549420
3200.000000 20.254823 21.497657
3210.000000 20.199364 21.427613
3220.000000 20.156723 21.350213
3230.000000 20.136525 21.296980
3240.000000 20.119651 21.303160
3250.000000 20.090320 21.275184
3260.000000 20.042369 21.234359
3270.000000 19.985239 21.149427
3280.000000 19.928721 21.106298
3290.000000 19.880495 21.065002
3300.000000 19.823878 20.994479
3310.000000 19.770873 20.914538
3320.000000 19.740750 20.852463
3330.000000 19.739808 20.821527
3340.000000 19.749911 20.841929
3350.000000 19.757048 20.878899
3360.000000 19.762919 20.907873
3370.000000 19.756301 20.903841
3380.000000 19.749965 20.932857
3390.000000 19.735190 20.913503
3400.000000 19.726661 20.920352
3410.000000 19.703702 20.872825
3420.000000 19.683827 20.861075
3430.000000 19.649710 20.834159
3440.000000 19.616394 20.782382
3450.000000 19.583835 20.737946
3460.000000 19.570705 20.707841
3470.000000 19.557171 20.708997
3480.000000 19.540340 20.675094
3490.000000 19.531431 20.649711
3500.000000 19.520829 20.641360
3510.000000 19.511895 20.634755
3520.000000 19.499713 20.606121
3530.000000 19.484659 20.599236
3540.000000 19.449515 20.552622
3550.000000 19.424898 20.541670
3560.000000 19.404545 20.522930
3570.000000 19.391889 20.494092
3580.000000 19.376974 20.462999
3590.000000 19.361430 20.461446
3600.000000 19.355824 20.398409
3610.000000 19.359651 20.435187
3620.000000 19.351622 20.429534
3630.000000 19.335495 20.433143
3640.000000 19.314838 20.437793
3650.000000 19.283190 20.395144
3660.000000 19.239682 20.345923
3670.000000 19.207065 20.284872
3680.000000 19.179901 20.247285
3690.000000 19.137943 20.211509
3700.000000 19.096109 20.164270
3710.000000 19.046654 20.126200
3720.000000 18.997766 20.082890
3730.000000 18.952924 20.043778
3740.000000 18.903768 20.011348
3750.000000 18.853527 20.011528
3760.000000 18.812097 19.947401
3770.000000 18.773212 19.902983
3780.000000 18.727915 19.840672
3790.000000 18.694174 19.829532
3800.000000 18.667936 19.781974
3810.000000 18.646516 19.761676
3820.000000 18.624086 19.729342
3830.000000 18.603414 19.671749
3840.000000 18.594365 19.653830
3850.000000 18.594615 19.651185
3860.000000 18.583923 19.647752
3870.000000 18.576498 19.647731
3880.000000 18.567446 19.640592
3890.000000 18.567055 19.647944
3900.000000 18.563183 19.608996
3910.000000 18.565663 19.614088
3920.000000 18.576206 19.627689
3930.000000 18.592045 19.657449
3940.000000 18.587197 19.644194
3950.000000 18.574322 19.627761
3960.000000 18.566538 19.621962
3970.000000 18.551716 19.624384
3980.000000 18.524533 19.624073
3990.000000 18.489520 19.599678
4000.000000 18.455205 19.565550
4010.000000 18.436170 19.532111
4020.000000 18.417284 19.504078
4030.000000 18.409268 19.492735
4040.000000 18.381125 19.485632
4050.000000 18.344186 19.443589
4060.000000 18.305974 19.425577
4070.000000 18.267095 19.381407
4080.000000 18.231421 19.350728
4090.000000 18.201163 19.325741
4100.000000 18.172649 19.297555
4110.000000 18.150802 19.261502
4120.000000 18.140218 19.267260
4130.000000 18.120934 19.238935
4140.000000 18.094583 19.227816
4150.000000 18.060750 19.184057
4160.000000 18.033076 19.151799
4170.000000 18.011066 19.110979
4180.000000 17.991816 19.087764
4190.000000 17.962923 19.073656
4200.000000 17.935676 19.051553
4210.000000 17.905503 19.002310
4220.000000 17.868002 18.959761
4230.000000 17.830831 18.912842
4240.000000 17.796058 18.873258
4250.000000 17.760737 18.847224
4260.000000 17.731447 18.794716
4270.000000 17.714066 18.750388
4280.000000 17.708500 18.732669
4290.000000 17.712568 18.734447
4300.000000 17.703266 18.735920
4310.000000 17.689665 18.728189
4320.000000 17.685638 18.730560
4330.000000 17.682192 18.719778
4340.000000 17.675616 18.719418
4350.000000 17.671270 18.707721
4360.000000 17.659761 18.702103
4370.000000 17.642839 18.695249
4380.000000 17.620170 18.695820
4390.000000 17.589010 18.669186
4400.000000 17.554732 18.648195
4410.000000 17.515030 18.648305
4420.000000 17.505623 18.590786
4430.000000 17.478440 18.545985
4440.000000 17.456251 18.515470
4450.000000 17.441086 18.488049
4460.000000 17.407554 18.471970
4470.000000 17.373034 18.432818
4480.000000 17.334495 18.433073
4490.000000 17.314316 18.361190
4500.000000 17.276684 18.362087
4510.000000 17.239684 18.328848
4520.000000 17.204210 18.275682
4530.000000 17.173849 18.236647
4540.000000 17.139757 18.193710
4550.000000 17.118874 18.156382
4560.000000 17.098260 18.140546
4570.000000 17.070757 18.121571
4580.000000 17.037541 18.104858
4590.000000 17.002238 18.073246
4600.000000 16.967512 18.054720
4610.000000 16.930833 18.054855
4620.000000 16.904552 17.962058
4630.000000 16.875904 17.953914
4640.000000 16.845264 17.922959
4650.000000 16.821168 17.878499
4660.000000 16.797114 17.838320
4670.000000 16.767794 17.808869
4680.000000 16.733536 17.790310
4690.000000 16.701128 17.765546
4700.000000 16.677113 17.753665
4710.000000 16.647210 17.731424
4720.000000 16.614179 17.701789
4730.000000 16.594183 17.674057
4740.000000 16.583611 17.652440
4750.000000 16.566453 17.651559
4760.000000 16.541111 17.637923
4770.000000 16.511597 17.619758
4780.000000 16.477060 17.619764
4790.000000 16.452983 17.548383
4800.000000 16.436181 17.520246
4810.000000 16.422487 17.495495
4820.000000 16.409191 17.498297
4830.000000 16.410043 17.462108
4840.000000 16.406360 17.459715
4850.000000 16.403915 17.458632
4860.000000 16.395417 17.466402
4870.000000 16.380639 17.452136
4880.000000 16.354887 17.441400
4890.000000 16.323275 17.405324
4900.000000 16.290614 17.406020
4910.000000 16.262472 17.350878
4920.000000 16.239875 17.335688
4930.000000 16.213227 17.319872
4940.000000 16.181562 17.291135
4950.000000 16.156948 17.258717
4960.000000 16.133548 17.235063
4970.000000 16.110216 17.204077
4980.000000 16.093183 17.190916
4990.000000 16.083559 17.178287
5000.000000 16.076466 17.172042
5010.000000 16.065792 17.165626
5020.000000 16.052346 17.156223
5030.000000 16.048351 17.135047
5040.000000 16.054575 17.164840
5050.000000 16.045266 17.170712
5060.000000 16.019181 17.151303
5070.000000 15.990348 17.136137
5080.000000 15.981839 17.110167
5090.000000 15.984389 17.117724
5100.000000 15.980766 17.118653
5110.000000 15.974928 17.117191
5120.000000 15.962452 17.101434
5130.000000 15.949633 17.081757
5140.000000 15.928760 17.064157
5150.000000 15.908085 17.043195
5160.000000 15.885326 17.027064
5170.000000 15.865973 17.000431
5180.000000 15.835690 17.000803
5190.000000 15.815629 16.941820
5200.000000 15.790588 16.916164
5210.000000 15.760324 16.916211
5220.000000 15.735505 16.866394
5230.000000 15.713193 16.840164
5240.000000 15.683402 16.840375
5250.000000 15.659653 16.785051
5260.000000 15.630290 16.785489
5270.000000 15.610015 16.734089
5280.000000 15.602077 16.706341
5290.000000 15.601578 16.713719
5300.000000 15.598603 16.708285
5310.000000 15.605867 16.710456
5320.000000 15.607526 16.710009
5330.000000 15.617040 16.707913
5340.000000 15.630262 16.716523
5350.000000 15.635979 16.717124
5360.000000 15.640410 16.729714
5370.000000 15.645565 16.743062
5380.000000 15.645454 16.740760
5390.000000 15.635510 16.741239
5400.000000 15.620330 16.729430
5410.000000 15.605786 16.721589
5420.000000 15.585030 16.700448
5430.000000 15.563884 16.682174
5440.000000 15.538121 16.639247
5450.000000 15.517967 16.622036
5460.000000 15.498065 16.585542
5470.000000 15.471194 16.564383
5480.000000 15.449330 16.538842
5490.000000 15.427949 16.507394
5500.000000 15.410714 16.477241
5510.000000 15.401624 16.455875
5520.000000 15.403444 16.452595
5530.000000 15.405498 16.459120
5540.000000 15.404218 16.465246
5550.000000 15.397982 16.466050
5560.000000 15.401698 16.452150
5570.000000 15.412627 16.446041
5580.000000 15.432999 16.446932
5590.000000 15.463395 16.477388
5600.000000 15.501394 16.503386
5610.000000 15.554309 16.542119
5620.000000 15.617105 16.607026
5630.000000 15.683304 16.684996
5640.000000 15.753031 16.763602
5650.000000 15.820973 16.849859
5660.000000 15.880188 16.930093
5670.000000 15.932178 16.983540
5680.000000 15.978006 17.043207
5690.000000 16.020451 17.102508
5700.000000 16.051954 17.140528
5710.000000 16.078816 17.176808
5720.000000 16.094305 17.204154
5730.000000 16.102164 17.207273
5740.000000 16.102251 17.205309
5750.000000 16.103049 17.216909
5760.000000 16.108697 17.204912
5770.000000 16.124142 17.219378
5780.000000 16.134665 17.234959
5790.000000 16.155477 17.255158
5800.000000 16.176810 17.282280
5810.000000 16.208023 17.297688
5820.000000 16.237028 17.320291
5830.000000 16.264984 17.351300
5840.000000 16.286921 17.382240
5850.000000 16.294742 17.398109
5860.000000 16.302445 17.417015
5870.000000 16.310885 17.430347
5880.000000 16.315749 17.427176
5890.000000 16.321956 17.406540
5900.000000 16.336980 17.426899
5910.000000 16.359649 17.427095
5920.000000 16.389258 17.462996
5930.000000 16.414744 17.481938
5940.000000 16.451724 17.516265
5950.000000 16.493739 17.552808
5960.000000 16.534355 17.603565
5970.000000 16.581663 17.652020
5980.000000 16.639117 17.708119
5990.000000 16.689475 17.772436
6000.000000 16.732277 17.822414
6010.000000 16.769067 17.856501
6020.000000 16.809052 17.900317
6030.000000 16.847673 17.936347
6040.000000 16.891839 17.968775
6050.000000 16.935083 17.997058
6060.000000 16.986824 18.047011
6070.000000 17.040413 18.108422
6080.000000 17.089380 18.158586
6090.000000 17.139015 18.196758
6100.000000 17.199463 18.249561
6110.000000 17.258725 18.326522
6120.000000 17.297793 18.378905
6130.000000 17.335834 18.407875
6140.000000 17.366815 18.442104
6150.000000 17.405067 18.461739
6160.000000 17.441566 18.489080
6170.000000 17.490231 18.542049
6180.000000 17.544098 18.587781
6190.000000 17.601795 18.656697
6200.000000 17.664608 18.715067
6210.000000 17.725005 18.793286
6220.000000 17.778689 18.867675
6230.000000 17.827321 18.920649
6240.000000 17.870547 18.964662
6250.000000 17.920941 19.016278
6260.000000 17.973380 19.070061
6270.000000 18.031296 19.107018
6280.000000 18.100355 19.178375
6290.000000 18.173715 19.251038
6300.000000 18.249232 19.338967
6310.000000 18.328352 19.414454
6320.000000 18.411827 19.484720
6330.000000 18.498156 19.561197
6340.000000 18.593702 19.667012
6350.000000 18.692787 19.756857
6360.000000 18.792472 19.853841
6370.000000 18.891828 19.966972
6380.000000 18.991966 20.057730
6390.000000 19.096624 20.173157
6400.000000 19.189590 20.276271
6410.000000 19.279826 20.369818
6420.000000 19.360666 20.466898
6430.000000 19.442727 20.555202
6440.000000 19.524972 20.650488
6450.000000 19.610442 20.735632
6460.000000 19.694940 20.819720
6470.000000 19.783862 20.901631
6480.000000 19.878116 20.999379
6490.000000 19.973481 21.098290
6500.000000 20.064035 21.202443
6510.000000 20.153468 21.284730
6520.000000 20.250891 21.382318
6530.000000 20.348481 21.480049
6540.000000 20.451110 21.586550
6550.000000 20.553457 21.689245
6560.000000 20.653035 21.785481
6570.000000 20.752942 21.892554
6580.000000 20.852843 21.989056
6590.000000 20.950336 22.079436
6600.000000 21.053554 22.182864
6610.000000 21.159582 22.289217
6620.000000 21.271252 22.415741
6630.000000 21.370580 22.540081
6640.000000 21.455295 22.634757
6650.000000 21.541813 22.724153
6660.000000 21.630581 22.815912
6670.000000 21.726873 22.915599
6680.000000 21.829727 23.029465
6690.000000 21.922511 23.147348
6700.000000 22.010116 23.237910
6710.000000 22.096290 23.323283
6720.000000 22.190014 23.420275
6730.000000 22.278175 23.526144
6740.000000 22.363677 23.632986
6750.000000 22.450342 23.707729
6760.000000 22.540395 23.812013
6770.000000 22.627224 23.912942
6780.000000 22.712765 23.990115
6790.000000 22.789906 24.084585
6800.000000 22.870797 24.175566
6810.000000 22.937732 24.255583
6820.000000 23.002428 24.329491
6830.000000 23.061963 24.379075
6840.000000 23.126569 24.441553
6850.000000 23.195226 24.489411
6860.000000 23.267305 24.552179
6870.000000 23.343814 24.649862
6880.000000 23.419999 24.739688
6890.000000 23.497901 24.819951
6900.000000 23.575981 24.885157
6910.000000 23.653791 24.972910
6920.000000 23.727616 25.045012
6930.000000 23.801954 25.136779
6940.000000 23.870891 25.203710
6950.000000 23.940058 25.270869
6960.000000 24.000152 25.359201
6970.000000 24.047045 25.429814
6980.000000 24.086340 25.488577
6990.000000 24.121266 25.519547
7000.000000 24.156223 25.542834
7010.000000 24.189857 25.580163
7020.000000 24.216504 25.617821
7030.000000 24.239594 25.640137
7040.000000 24.269719 25.681471
7050.000000 24.299434 25.676110
7060.000000 24.339300 25.712324
7070.000000 24.381015 25.750489
7080.000000 24.420656 25.801857
7090.000000 24.454634 25.843397
7100.000000 24.487378 25.856690
7110.000000 24.528061 25.882237
7120.000000 24.573951 25.924808
7130.000000 24.624918 25.976574
7140.000000 24.672626 26.001852
7150.000000 24.727587 26.050132
7160.000000 24.779041 26.113914
7170.000000 24.833610 26.138723
7180.000000 24.897201 26.196059
7190.000000 24.963646 26.275599
7200.000000 25.023166 26.347879
7210.000000 25.078917 26.404642
7220.000000 25.134472 26.449627
7230.000000 25.193834 26.506318
7240.000000 25.267247 26.562345
7250.000000 25.346091 26.639484
7260.000000 25.430864 26.726704
7270.000000 25.505075 26.826085
7280.000000 25.575159 26.890115
7290.000000 25.647238 26.971778
7300.000000 25.722156 27.036967
7310.000000 25.798188 27.114989
7320.000000 25.877028 27.211585
7330.000000 25.949871 27.282351
7340.000000 26.026286 27.368616
7350.000000 26.096943 27.456704
7360.000000 26.157062 27.557397
7370.000000 26.213557 27.630709
7380.000000 26.263379 27.693062
7390.000000 26.310712 27.748846
7400.000000 26.361494 27.800350
7410.000000 26.413798 27.849494
7420.000000 26.465111 27.933303
7430.000000 26.510959 27.999492
7440.000000 26.553825 28.042649
7450.000000 26.602174 28.099560
7460.000000 26.652236 28.150316
7470.000000 26.708604 28.215708
7480.000000 26.756588 28.284240
7490.000000 26.797739 28.337578
7500.000000 26.835076 28.398909
7510.000000 26.873008 28.448871
7520.000000 26.910465 28.490313
7530.000000 26.951480 28.523492
7540.000000 26.997566 28.562039
7550.000000 27.048942 28.602173
7560.000000 27.105532 28.655827
7570.000000 27.165209 28.712738
7580.000000 27.217863 28.782283
7590.000000 27.258976 28.831609
7600.000000 27.293175 28.853545
7610.000000 27.333102 28.897597
7620.000000 27.377517 28.930340
7630.000000 27.420850 28.982004
7640.000000 27.461787 29.015081
7650.000000 27.490990 29.051812
7660.000000 27.516192 29.080302
7670.000000 27.548240 29.116026
7680.000000 27.582610 29.142172
7690.000000 27.613283 29.168427
7700.000000 27.640147 29.214706
7710.000000 27.669477 29.239538
7720.000000 27.707197 29.273240
7730.000000 27.741824 29.303675
7740.000000 27.784795 29.338924
7750.000000 27.830093 29.388639
7760.000000 27.872245 29.443047
7770.000000 27.916299 29.447413
7780.000000 27.967135 29.498957
7790.000000 28.012100 29.544308
7800.000000 28.054856 29.607344
7810.000000 28.100003 29.644877
7820.000000 28.150632 29.696202
7830.000000 28.198542 29.756682
7840.000000 28.245029 29.807649
7850.000000 28.293340 29.856529
7860.000000 28.336890 29.912430
7870.000000 28.380489 29.952320
7880.000000 28.430311 30.018874
7890.000000 28.479790 30.068988
7900.000000 28.526799 30.128571
7910.000000 28.569151 30.183248
7920.000000 28.610376 30.248855
7930.000000 28.641377 30.299643
7940.000000 28.673829 30.323681
7950.000000 28.710412 30.348062
7960.000000 28.751304 30.393145
7970.000000 28.791130 30.429029
7980.000000 28.831454 30.473510
7990.000000 28.871369 30.521598
8000.000000 28.914516 30.556953
8010.000000 28.967666 30.598840
8020.000000 29.020411 30.656440
8030.000000 29.076711 30.709718
8040.000000 29.142345 30.776889
8050.000000 29.212190 30.852549
8060.000000 29.280178 30.914099
8070.000000 29.349112 30.980685
8080.000000 29.422626 31.052092
8090.000000 29.491553 31.143018
8100.000000 29.552409 31.201058
8110.000000 29.618015 31.255966
8120.000000 29.683197 31.322620
8130.000000 29.759109 31.372090
8140.000000 29.836697 31.464012
8150.000000 29.914556 31.539926
8160.000000 29.993936 31.625600
8170.000000 30.072808 31.714837
8180.000000 30.155211 31.791420
8190.000000 30.240272 31.874882
8200.000000 30.326314 31.967576
8210.000000 30.407795 32.051354
8220.000000 30.488285 32.138203
8230.000000 30.571082 32.223361
8240.000000 30.656313 32.315213
8250.000000 30.739948 32.409530
8260.000000 30.822967 32.503218
8270.000000 30.902042 32.588611
8280.000000 30.971966 32.660199
8290.000000 31.039948 32.725572
8300.000000 31.109329 32.809077
8310.000000 31.179226 32.880630
8320.000000 31.258270 32.949298
8330.000000 31.334979 33.044737
8340.000000 31.408394 33.119990
8350.000000 31.484484 33.206447
8360.000000 31.555151 33.283001
8370.000000 31.624192 33.349438
8380.000000 31.693783 33.437479
8390.000000 31.763822 33.496539
8400.000000 31.834890 33.556667
8410.000000 31.904650 33.632253
8420.000000 31.970050 33.703245
8430.000000 32.037490 33.780618
8440.000000 32.100928 33.849554
8450.000000 32.166675 33.925163
8460.000000 32.234840 33.986384
8470.000000 32.303844 34.048477
8480.000000 32.375184 34.113016
8490.000000 32.445935 34.202382
8500.000000 32.515946 34.295265
8510.000000 32.579728 34.364587
8520.000000 32.633924 34.428063
8530.000000 32.689382 34.480082
8540.000000 32.748446 34.557239
8550.000000 32.800448 34.631246
8560.000000 32.844763 34.667222
8570.000000 32.890986 34.700942
8580.000000 32.941856 34.735299
8590.000000 32.997922 34.787942
8600.000000 33.050571 34.845520
8610.000000 33.105202 34.883832
8620.000000 33.168743 34.935797
8630.000000 33.233161 34.992945
8640.000000 33.302281 35.050762
8650.000000 33.381108 35.105968
8660.000000 33.463078 35.198622
8670.000000 33.546647 35.288695
8680.000000 33.630169 35.370153
8690.000000 33.713261 35.459724
8700.000000 33.800756 35.558232
8710.000000 33.889400 35.666587
8720.000000 33.973101 35.761159
8730.000000 34.050622 35.840599
8740.000000 34.122259 35.922494
8750.000000 34.192669 36.003111
8760.000000 34.267300 36.079513
8770.000000 34.338958 36.161463
8780.000000 34.416562 36.223617
8790.000000 34.494272 36.329338
8800.000000 34.567511 36.412988
8810.000000 34.632319 36.496499
8820.000000 34.688193 36.557517
8830.000000 34.739542 36.622511
8840.000000 34.789464 36.664147
8850.000000 34.836325 36.724417
8860.000000 34.881038 36.756184
8870.000000 34.924171 36.821276
8880.000000 34.964422 36.857084
8890.000000 35.002321 36.921053
8900.000000 35.036179 36.980786
8910.000000 35.066283 37.019026
8920.000000 35.093560 37.049894
8930.000000 35.123871 37.070816
8940.000000 35.153146 37.090655
8950.000000 35.183387 37.124654
8960.000000 35.208289 37.148642
8970.000000 35.228396 37.171946
8980.000000 35.247188 37.206977
8990.000000 35.261630 37.206814
9000.000000 35.280639 37.237687
9010.000000 35.301728 37.257651
9020.000000 35.323485 37.282686
9030.000000 35.344435 37.324319
9040.000000 35.358182 37.319085
9050.000000 35.371028 37.356494
9060.000000 35.377162 37.369370
9070.000000 35.382714 37.351165
9080.000000 35.392643 37.368047
9090.000000 35.398978 37.363761
9100.000000 35.408377 37.358404
9110.000000 35.420902 37.356381
9120.000000 35.430883 37.381959
9130.000000 35.438216 37.391762
9140.000000 35.448966 37.392216
9150.000000 35.460645 37.406606
9160.000000 35.470541 37.414804
9170.000000 35.484836 37.414735
9180.000000 35.503876 37.436892
9190.000000 35.522190 37.471181
9200.000000 35.538028 37.507153
9210.000000 35.548039 37.498275
9220.000000 35.559154 37.512059
9230.000000 35.568874 37.524369
9240.000000 35.577257 37.535265
9250.000000 35.586634 37.542924
9260.000000 35.597344 37.526344
9270.000000 35.613117 37.549317
9280.000000 35.625430 37.568635
9290.000000 35.634622 37.571857
9300.000000 35.637225 37.580926
9310.000000 35.637504 37.574764
9320.000000 35.636951 37.567740
9330.000000 35.641543 37.566154
9340.000000 35.642608 37.556629
9350.000000 35.643841 37.568472
9360.000000 35.642363 37.568977
9370.000000 35.643241 37.584646
9380.000000 35.645689 37.585045
9390.000000 35.642762 37.592445
9400.000000 35.642421 37.610996
9410.000000 35.642430 37.608799
9420.000000 35.639384 37.590751
9430.000000 35.637836 37.607967
9440.000000 35.635940 37.607968
9450.000000 35.628267 37.593471
9460.000000 35.622292 37.601750
9470.000000 35.617642 37.607210
9480.000000 35.609536 37.604813
9490.000000 35.595436 37.604440
9500.000000 35.573973 37.587893
9510.000000 35.549740 37.555880
9520.000000 35.522368 37.537235
9530.000000 35.493027 37.508156
9540.000000 35.462970 37.457566
9550.000000 35.428126 37.435119
9560.000000 35.391323 37.435389
9570.000000 35.355717 37.399603
9580.000000 35.318992 37.399795
9590.000000 35.284614 37.332243
9600.000000 35.249842 37.313760
9610.000000 35.213537 37.293596
9620.000000 35.176994 37.293661
9630.000000 35.150709 37.185689
9640.000000 35.121660 37.160883
9650.000000 35.089239 37.128416
9660.000000 35.053755 37.104895
9670.000000 35.017630 37.105027
9680.000000 34.987564 37.042504
9690.000000 34.958010 37.025153
9700.000000 34.923795 36.974549
9710.000000 34.893913 36.960826
9720.000000 34.858041 36.960855
9730.000000 34.824255 36.878538
9740.000000 34.794456 36.868799
9750.000000 34.763135 36.821354
9760.000000 34.739201 36.785787
9770.000000 34.712643 36.727586
9780.000000 34.689925 36.693432
9790.000000 34.666192 36.662204
9800.000000 34.645126 36.629867
9810.000000 34.628537 36.610189
9820.000000 34.618526 36.573849
9830.000000 34.613541 36.558624
9840.000000 34.606779 36.549394
9850.000000 34.602846 36.507929
9860.000000 34.610293 36.498127
9870.000000 34.619651 36.494281
9880.000000 34.629949 36.503136
9890.000000 34.645307 36.501767
9900.000000 34.664571 36.504547
9910.000000 34.687316 36.530425
9920.000000 34.709745 36.567616
9930.000000 34.732193 36.581531
9940.000000 34.754054 36.606474
9950.000000 34.772253 36.619805
9960.000000 34.788838 36.650817
9970.000000 34.801442 36.654382
9980.000000 34.813182 36.688021
9990.000000 34.822635 36.676661
10000.000000 34.829647 36.666646
10010.000000 34.839778 36.663811
10020.000000 34.848972 36.667720
10030.000000 34.853968 36.651845
10040.000000 34.860313 36.656635
10050.000000 34.861074 36.647887
10060.000000 34.866675 36.636593
10070.000000 34.872927 36.648964
10080.000000 34.874446 36.644888
10090.000000 34.875014 36.632198
10100.000000 34.873680 36.648025
10110.000000 34.867611 36.616968
10120.000000 34.859216 36.606336
10130.000000 34.848455 36.604609
10140.000000 34.834953 36.592399
10150.000000 34.828794 36.557628
10160.000000 34.827241 36.561766
10170.000000 34.821781 36.554243
10180.000000 34.813175 36.539655
10190.000000 34.800951 36.536338
10200.000000 34.780476 36.520574
10210.000000 34.762460 36.518646
10220.000000 34.743681 36.497114
10230.000000 34.725780 36.480256
10240.000000 34.708695 36.456769
10250.000000 34.694849 36.444169
10260.000000 34.681267 36.428112
10270.000000 34.664972 36.427839
10280.000000 34.643471 36.403443
10290.000000 34.620983 36.381731
10300.000000 34.594082 36.351667
10310.000000 34.565615 36.319965
10320.000000 34.534395 36.289070
10330.000000 34.504625 36.252317
10340.000000 34.475721 36.198107
10350.000000 34.453686 36.162220
10360.000000 34.433092 36.135214
10370.000000 34.417863 36.121165
10380.000000 34.397629 36.112813
10390.000000 34.374444 36.101332
10400.000000 34.352307 36.065414
10410.000000 34.333884 36.047981
10420.000000 34.312498 36.020172
10430.000000 34.295226 35.982216
10440.000000 34.280125 35.971907
10450.000000 34.259033 35.948076
10460.000000 34.235206 35.906974
10470.000000 34.210060 35.886116
10480.000000 34.183367 35.852851
10490.000000 34.153690 35.837972
10500.000000 34.124263 35.798257
10510.000000 34.102037 35.748295
10520.000000 34.082232 35.729455
10530.000000 34.054934 35.706308
10540.000000 34.023179 35.685572
10550.000000 33.991697 35.654444
10560.000000 33.962323 35.614909
10570.000000 33.932822 35.599993
10580.000000 33.900953 35.586078
10590.000000 33.869814 35.551723
10600.000000 33.838187 35.537975
10610.000000 33.808427 35.490987
10620.000000 33.780921 35.470969
10630.000000 33.749521 35.439831
10640.000000 33.718702 35.409297
10650.000000 33.688516 35.355016
10660.000000 33.664196 35.303525
10670.000000 33.642264 35.299731
10680.000000 33.620317 35.250833
10690.000000 33.600260 35.217843
10700.000000 33.577127 35.198908
10710.000000 33.551339 35.166847
10720.000000 33.525604 35.145166
10730.000000 33.494480 35.145293
10740.000000 33.475498 35.072368
10750.000000 33.454169 35.058717
10760.000000 33.435594 35.051344
10770.000000 33.418044 35.021148
10780.000000 33.402411 35.003207
10790.000000 33.383585 34.978528
10800.000000 33.363019 34.958824
10810.000000 33.338132 34.934588
10820.000000 33.309868 34.916951
10830.000000 33.282531 34.866494
10840.000000 33.259486 34.847557
10850.000000 33.236918 34.798858
10860.000000 33.211857 34.767762
10870.000000 33.184183 34.720577
10880.000000 33.168359 34.689200
10890.000000 33.152119 34.670755
10900.000000 33.135549 34.665274
10910.000000 33.118485 34.662574
10920.000000 33.100914 34.639385
10930.000000 33.084100 34.636898
10940.000000 33.062609 34.616226
10950.000000 33.039173 34.580285
10960.000000 33.015001 34.563416
10970.000000 32.990141 34.522737
10980.000000 32.969238 34.512559
10990.000000 32.944167 34.511142
11000.000000 32.916580 34.477469
11010.000000 32.886852 34.477646
11020.000000 32.858519 34.439878
11030.000000 32.828732 34.439882
11040.000000 32.803278 34.365932
11050.000000 32.778749 34.342010
11060.000000 32.757038 34.314533
11070.000000 32.732125 34.299946
11080.000000 32.703763 34.278469
11090.000000 32.676535 34.248443
11100.000000 32.651905 34.224377
11110.000000 32.626161 34.199136
11120.000000 32.598202 34.178013
11130.000000 32.571585 34.148620
11140.000000 32.544998 34.119262
11150.000000 32.516727 34.094556
11160.000000 32.488537 34.066718
11170.000000 32.459523 34.066793
11180.000000 32.434253 34.022795
11190.000000 32.405379 34.022912
11200.000000 32.381602 33.983690
11210.000000 32.362516 33.943096
11220.000000 32.350881 33.929415
11230.000000 32.343184 33.907203
11240.000000 32.338069 33.900382
11250.000000 32.330280 33.887604
11260.000000 32.321920 33.877392
11270.000000 32.315527 33.859798
11280.000000 32.306056 33.848440
11290.000000 32.294091 33.821919
11300.000000 32.283235 33.809134
11310.000000 32.271795 33.798871
11320.000000 32.259587 33.784672
11330.000000 32.249185 33.763007
11340.000000 32.240131 33.761482
11350.000000 32.229609 33.758403
11360.000000 32.214673 33.756912
11370.000000 32.197564 33.746894
11380.000000 32.176087 33.729170
11390.000000 32.154964 33.708701
11400.000000 32.132597 33.696220
11410.000000 32.105599 33.666472
11420.000000 32.077553 33.666543
11430.000000 32.056333 33.618119
11440.000000 32.035323 33.591576
11450.000000 32.013964 33.564682
11460.000000 31.990255 33.547614
11470.000000 31.964970 33.522740
11480.000000 31.943560 33.486628
11490.000000 31.925894 33.460596
11500.000000 31.908505 33.437926
11510.000000 31.895204 33.434772
11520.000000 31.880292 33.423823
11530.000000 31.865281 33.397572
11540.000000 31.851234 33.387523
11550.000000 31.841710 33.361008
11560.000000 31.832706 33.356244
11570.000000 31.823106 33.338767
11580.000000 31.813044 33.335902
11590.000000 31.798461 33.322257
11600.000000 31.780541 33.299095
11610.000000 31.758644 33.280789
11620.000000 31.733315 33.261873
11630.000000 31.706805 33.241697
11640.000000 31.679978 33.215181
11650.000000 31.654057 33.186623
11660.000000 31.629138 33.162103
11670.000000 31.602067 33.162137
11680.000000 31.577074 33.119632
11690.000000 31.550809 33.102581
11700.000000 31.529235 33.075589
11710.000000 31.509505 33.041667
11720.000000 31.484593 33.020083
11730.000000 31.460132 33.001910
11740.000000 31.435062 32.977180
11750.000000 31.408904 32.954248
11760.000000 31.382930 32.928556
11770.000000 31.357077 32.911788
11780.000000 31.331849 32.889786
11790.000000 31.307372 32.883200
11800.000000 31.281477 32.860449
11810.000000 31.255117 32.860584
11820.000000 31.234753 32.826068
11830.000000 31.214638 32.800601
11840.000000 31.195812 32.770687
11850.000000 31.175808 32.745375
11860.000000 31.153135 32.720172
11870.000000 31.127682 32.697840
11880.000000 31.101514 32.697875
11890.000000 31.080003 32.642101
11900.000000 31.056011 32.615527
11910.000000 31.033970 32.593878
11920.000000 31.013649 32.574032
11930.000000 30.996137 32.551401
11940.000000 30.980978 32.528392
11950.000000 30.963358 32.517104
11960.000000 30.943306 32.494683
11970.000000 30.920589 32.475164
11980.000000 30.897495 32.435331
11990.000000 30.876500 32.414782
12000.000000 30.851398 32.395588
12010.000000 30.826095 32.381824
12020.000000 30.800449 32.381824
12030.000000 30.777678 32.339546
12040.000000 30.757147 32.319432
12050.000000 30.738038 32.306442
12060.000000 30.718426 32.292906
12070.000000 30.696245 32.251365
12080.000000 30.679602 32.232527
12090.000000 30.659218 32.223763
12100.000000 30.636730 32.193177
12110.000000 30.611547 32.193299
12120.000000 30.589678 32.141040
12130.000000 30.567067 32.115939
12140.000000 30.542523 32.116607
12150.000000 30.525963 32.047909
12160.000000 30.511064 32.025425
12170.000000 30.495394 32.010432
12180.000000 30.480500 31.993493
12190.000000 30.465217 31.973397
12200.000000 30.451289 31.965731
12210.000000 30.430248 31.947836
12220.000000 30.406364 31.924200
12230.000000 30.382008 31.905544
12240.000000 30.359743 31.869919
12250.000000 30.341139 31.851825
12260.000000 30.322697 31.820274
12270.000000 30.310523 31.814381
12280.000000 30.295450 31.808150
12290.000000 30.280159 31.788089
12300.000000 30.262761 31.776674
12310.000000 30.242707 31.762454
12320.000000 30.221847 31.744664
12330.000000 30.207691 31.717690
12340.000000 30.196742 31.699514
12350.000000 30.184419 31.693384
12360.000000 30.166424 31.670517
12370.000000 30.147971 31.647182
12380.000000 30.134003 31.633931
12390.000000 30.118069 31.626653
12400.000000 30.100970 31.602068
12410.000000 30.081939 31.588836
12420.000000 30.062532 31.569852
12430.000000 30.041801 31.557473
12440.000000 30.021948 31.524693
12450.000000 30.003842 31.507071
12460.000000 29.985875 31.486937
12470.000000 29.968660 31.478199
12480.000000 29.948183 31.452775
12490.000000 29.925417 31.424959
12500.000000 29.903783 31.395707
12510.000000 29.882978 31.380514
12520.000000 29.860571 31.363619
12530.000000 29.837758 31.346282
12540.000000 29.814184 31.346513
12550.000000 29.794186 31.311090
12560.000000 29.773303 31.308832
12570.000000 29.750643 31.294191
12580.000000 29.728045 31.276976
12590.000000 29.705449 31.267587
12600.000000 29.683636 31.243323
12610.000000 29.662461 31.224946
12620.000000 29.643245 31.193009
12630.000000 29.620919 31.178616
12640.000000 29.597495 31.178626
12650.000000 29.579535 31.124698
12660.000000 29.561712 31.099491
12670.000000 29.543874 31.084610
12680.000000 29.522061 31.070695
12690.000000 29.499967 31.048734
12700.000000 29.481010 31.030070
12710.000000 29.459480 31.013832
12720.000000 29.438077 30.982322
12730.000000 29.417760 30.967343
12740.000000 29.401027 30.930560
12750.000000 29.390097 30.917800
12760.000000 29.385000 30.911179
12770.000000 29.377694 30.894602
12780.000000 29.371118 30.888980
12790.000000 29.363410 30.882165
12800.000000 29.353872 30.888652
12810.000000 29.344826 30.872801
12820.000000 29.337277 30.868671
12830.000000 29.325960 30.858039
12840.000000 29.315564 30.853430
12850.000000 29.303048 30.844051
12860.000000 29.287783 30.831769
12870.000000 29.271268 30.820684
12880.000000 29.252752 30.802440
12890.000000 29.238090 30.778193
12900.000000 29.223126 30.766206
12910.000000 29.207265 30.758283
12920.000000 29.189441 30.733239
12930.000000 29.169991 30.714005
12940.000000 29.149805 30.703987
12950.000000 29.127349 30.704043
12960.000000 29.106381 30.658217
12970.000000 29.084087 30.648408
12980.000000 29.063323 30.620286
12990.000000 29.049433 30.604391
13000.000000 29.031760 30.594430
13010.000000 29.013639 30.583977
13020.000000 28.997319 30.548191
13030.000000 28.981291 30.530053
13040.000000 28.963980 30.522895
13050.000000 28.942497 30.523645
13060.000000 28.921178 30.499886
13070.000000 28.899229 30.500075
13080.000000 28.879396 30.450826
13090.000000 28.863079 30.425005
13100.000000 28.848921 30.401486
13110.000000 28.833652 30.398808
13120.000000 28.812630 30.387597
13130.000000 28.792706 30.367759
13140.000000 28.772268 30.332767
13150.000000 28.751774 30.312341
13160.000000 28.730014 30.312433
13170.000000 28.710328 30.275845
13180.000000 28.688619 30.275922
13190.000000 28.668937 30.244204
13200.000000 28.649377 30.222311
13210.000000 28.633233 30.204026
13220.000000 28.617054 30.195343
13230.000000 28.602246 30.178460
13240.000000 28.585874 30.157528
13250.000000 28.571802 30.143831
13260.000000 28.554585 30.138805
13270.000000 28.534981 30.116853
13280.000000 28.515277 30.090019
13290.000000 28.500486 30.073161
13300.000000 28.487413 30.070047
13310.000000 28.473169 30.053758
13320.000000 28.462068 30.043169
13330.000000 28.449938 30.041007
13340.000000 28.436356 30.027784
13350.000000 28.424277 30.006650
13360.000000 28.411354 29.991758
13370.000000 28.402247 29.973797
13380.000000 28.392318 29.971536
13390.000000 28.378511 29.958078
13400.000000 28.365701 29.948030
13410.000000 28.353408 29.936163
13420.000000 28.339747 29.913434
13430.000000 28.329364 29.901239
13440.000000 28.315235 29.887439
13450.000000 28.295804 29.861009
13460.000000 28.278438 29.839117
13470.000000 28.258711 29.817080
13480.000000 28.238568 29.796939
13490.000000 28.217636 29.796940
13500.000000 28.201263 29.752817
13510.000000 28.185342 29.739454
13520.000000 28.166828 29.714070
13530.000000 28.147974 29.690660
13540.000000 28.131028 29.678519
13550.000000 28.111912 29.661766
13560.000000 28.093539 29.641175
13570.000000 28.074055 29.626326
13580.000000 28.053922 29.608476
13590.000000 28.035253 29.580674
13600.000000 28.019324 29.571846
13610.000000 28.004402 29.550311
13620.000000 27.990328 29.536551
13630.000000 27.976684 29.514103
13640.000000 27.964702 29.502556
13650.000000 27.951225 29.487149
13660.000000 27.937757 29.469480
13670.000000 27.923087 29.448279
13680.000000 27.910718 29.431790
13690.000000 27.901703 29.414317
13700.000000 27.892804 29.406034
13710.000000 27.884528 29.396147
13720.000000 27.877111 29.389424
13730.000000 27.867970 29.383139
13740.000000 27.859308 29.370589
13750.000000 27.849562 29.345657
13760.000000 27.843618 29.331510
13770.000000 27.839129 29.323400
13780.000000 27.836037 29.321250
13790.000000 27.829031 29.317214
13800.000000 27.822960 29.311921
13810.000000 27.815578 29.307480
13820.000000 27.808373 29.307688
13830.000000 27.800930 29.294237
13840.000000 27.794074 29.283647
13850.000000 27.786345 29.276597
13860.000000 27.776969 29.267812
13870.000000 27.768458 29.253267
13880.000000 27.758067 29.250073
13890.000000 27.749161 29.230687
13900.000000 27.741947 29.226395
13910.000000 27.735257 29.220437
13920.000000 27.726734 29.205913
13930.000000 27.721918 29.188686
13940.000000 27.719152 29.200104
13950.000000 27.713829 29.195584
13960.000000 27.709866 29.179281
13970.000000 27.705407 29.184477
13980.000000 27.696234 29.171502
13990.000000 27.693162 29.156181
14000.000000 27.689204 29.153107
14010.000000 27.687104 29.151986
14020.000000 27.683761 29.149555
14030.000000 27.683164 29.139080
14040.000000 27.683392 29.131676
14050.000000 27.686594 29.133961
14060.000000 27.692245 29.134464
14070.000000 27.700157 29.146067
14080.000000 27.705906 29.146679
14090.000000 27.716794 29.150529
14100.000000 27.731682 29.160767
14110.000000 27.747585 29.176423
14120.000000 27.763744 29.192350
14130.000000 27.780301 29.208695
14140.000000 27.795143 29.229758
14150.000000 27.811887 29.233264
14160.000000 27.831177 29.248142
14170.000000 27.848873 29.261347
14180.000000 27.869421 29.275383
14190.000000 27.892155 29.298222
14200.000000 27.917625 29.323935
14210.000000 27.942531 29.353395
14220.000000 27.966555 29.390615
14230.000000 27.988885 29.419548
14240.000000 28.010560 29.443446
14250.000000 28.033658 29.460149
14260.000000 28.061337 29.479495
14270.000000 28.087040 29.511970
14280.000000 28.115897 29.532549
14290.000000 28.148066 29.556607
14300.000000 28.178239 29.598121
14310.000000 28.205582 29.638851
14320.000000 28.226722 29.668721
14330.000000 28.244265 29.683925
14340.000000 28.264251 29.699521
14350.000000 28.285840 29.721154
14360.000000 28.307571 29.747290
14370.000000 28.332797 29.761864
14380.000000 28.360622 29.800931
14390.000000 28.385221 29.843160
14400.000000 28.405501 29.867778
14410.000000 28.423972 29.892675
14420.000000 28.443852 29.905968
14430.000000 28.462477 29.933207
14440.000000 28.477013 29.960515
14450.000000 28.486119 29.977745
14460.000000 28.493946 29.989261
14470.000000 28.498652 29.993126
14480.000000 28.497657 29.995353
14490.000000 28.496673 29.991051
14500.000000 28.497488 29.979945
14510.000000 28.499931 29.983613
14520.000000 28.505370 29.983916
14530.000000 28.512975 29.997359
14540.000000 28.518759 30.013227
14550.000000 28.520131 30.015762
14560.000000 28.519102 30.020108
14570.000000 28.518009 30.015704
14580.000000 28.518142 30.019097
14590.000000 28.517686 30.019700
14600.000000 28.518558 30.019535
14610.000000 28.520431 30.020425
14620.000000 28.525381 30.018071
14630.000000 28.529181 30.027476
14640.000000 28.532909 30.032482
14650.000000 28.538041 30.038964
14660.000000 28.540108 30.037906
14670.000000 28.539397 30.038237
14680.000000 28.539148 30.039054
14690.000000 28.540766 30.037531
14700.000000 28.540503 30.044786
14710.000000 28.539208 30.042346
14720.000000 28.538192 30.057397
14730.000000 28.535524 30.057799
14740.000000 28.531357 30.045882
14750.000000 28.523917 30.047691
14760.000000 28.511991 30.031899
14770.000000 28.502756 30.014666
14780.000000 28.496075 30.006553
14790.000000 28.487174 30.004651
14800.000000 28.477957 29.998133
14810.000000 28.466319 29.989058
14820.000000 28.455221 29.969893
14830.000000 28.446830 29.955726
14840.000000 28.435087 29.938041
14850.000000 28.423065 29.930685
14860.000000 28.408001 29.926477
14870.000000 28.395774 29.906166
14880.000000 28.383539 29.896444
14890.000000 28.371020 29.886416
14900.000000 28.357031 29.872721
14910.000000 28.342866 29.858838
14920.000000 28.331181 29.839138
14930.000000 28.324911 29.820952
14940.000000 28.319241 29.816030
14950.000000 28.315508 29.796357
14960.000000 28.314590 29.800638
14970.000000 28.309017 29.802109
14980.000000 28.300570 29.798450
14990.000000 28.286930 29.787220
15000.000000 28.270105 29.772630
15010.000000 28.251433 29.772801
15020.000000 28.234770 29.743740
15030.000000 28.216034 29.743792
15040.000000 28.199225 29.712509
15050.000000 28.185691 29.680566
15060.000000 28.174625 29.676169
15070.000000 28.162846 29.666860
15080.000000 28.149761 29.654097
15090.000000 28.136936 29.639537
15100.000000 28.127506 29.628555
15110.000000 28.116946 29.626712
15120.000000 28.105090 29.615232
15130.000000 28.093013 29.599393
15140.000000 28.081776 29.584447
15150.000000 28.071317 29.572384
15160.000000 28.060922 29.564500
15170.000000 28.051113 29.557226
15180.000000 28.041347 29.541790
15190.000000 28.033189 29.532155
15200.000000 28.023367 29.512588
15210.000000 28.014459 29.516482
15220.000000 28.001540 29.514089
15230.000000 27.985372 29.493960
15240.000000 27.970360 29.481173
15250.000000 27.953715 29.466659
15260.000000 27.935745 29.452775
15270.000000 27.917483 29.452809
15280.000000 27.903035 29.401998
15290.000000 27.889577 29.382735
15300.000000 27.873456 29.366745
15310.000000 27.855751 29.355145
15320.000000 27.837859 29.339296
15330.000000 27.820625 29.324132
15340.000000 27.806044 29.305717
15350.000000 27.791201 29.281003
15360.000000 27.777952 29.270038
15370.000000 27.764195 29.254520
15380.000000 27.749518 29.246049
15390.000000 27.732146 29.228717
15400.000000 27.716220 29.212907
15410.000000 27.700661 29.197482
15420.000000 27.685262 29.190204
15430.000000 27.668104 29.173080
15440.000000 27.651091 29.160088
15450.000000 27.636721 29.145893
15460.000000 27.622221 29.117656
15470.000000 27.608652 29.110268
15480.000000 27.593268 29.098970
15490.000000 27.575596 29.099120
15500.000000 27.559827 29.077485
15510.000000 27.544843 29.048788
15520.000000 27.533037 29.033342
15530.000000 27.521822 29.030353
15540.000000 27.507995 29.008838
15550.000000 27.493720 28.994734
15560.000000 27.478716 28.985752
15570.000000 27.461557 28.972520
15580.000000 27.444940 28.950045
15590.000000 27.432522 28.933971
15600.000000 27.421556 28.923345
15610.000000 27.410943 28.911137
15620.000000 27.402535 28.899304
15630.000000 27.391897 28.890974
15640.000000 27.381278 28.892403
15650.000000 27.369314 28.878759
15660.000000 27.358469 28.864355
15670.000000 27.347620 28.849953
15680.000000 27.338185 28.842870
15690.000000 27.326563 28.833476
15700.000000 27.312918 28.812256
15710.000000 27.302485 28.796377
15720.000000 27.290393 28.790348
15730.000000 27.275557 28.783343
15740.000000 27.258975 28.770621
15750.000000 27.241683 28.770637
15760.000000 27.229826 28.739758
15770.000000 27.218089 28.732129
15780.000000 27.207961 28.716582
15790.000000 27.202352 28.696228
15800.000000 27.202028 28.679570
15810.000000 27.206020 28.684707
15820.000000 27.208759 28.678964
15830.000000 27.211397 28.680766
15840.000000 27.212391 28.675112
15850.000000 27.213765 28.679400
15860.000000 27.214797 28.685232
15870.000000 27.214797 28.682350
15880.000000 27.214011 28.682452
15890.000000 27.213597 28.679139
15900.000000 27.215869 28.686266
15910.000000 27.216897 28.692077
15920.000000 27.219042 28.693362
15930.000000 27.219373 28.696533
15940.000000 27.221351 28.697642
15950.000000 27.220559 28.705316
15960.000000 27.219886 28.696042
15970.000000 27.220209 28.691620
15980.000000 27.222006 28.690652
15990.000000 27.222976 28.686924
16000.000000 27.221469 28.693821
16010.000000 27.219200 28.694238
16020.000000 27.216867 28.698361
16030.000000 27.214353 28.702288
16040.000000 27.210504 28.697251
16050.000000 27.206770 28.692336
16060.000000 27.197184 28.677485
16070.000000 27.186881 28.663770
16080.000000 27.174288 28.657040
16090.000000 27.157852 28.646247
16100.000000 27.141368 28.631636
16110.000000 27.126557 28.609416
16120.000000 27.111329 28.597999
16130.000000 27.094937 28.585345
16140.000000 27.078210 28.585408
16150.000000 27.064524 28.553179
16160.000000 27.048004 28.553419
16170.000000 27.031987 28.528079
16180.000000 27.015431 28.528239
16190.000000 26.999538 28.516049
16200.000000 26.983410 28.498027
16210.000000 26.967886 28.475080
16220.000000 26.953497 28.464465
16230.000000 26.937387 28.450172
16240.000000 26.921876 28.440205
16250.000000 26.908881 28.418101
16260.000000 26.895229 28.399015
16270.000000 26.881260 28.385131
16280.000000 26.864911 28.385303
16290.000000 26.849420 28.358753
16300.000000 26.832969 28.358776
16310.000000 26.818127 28.331087
16320.000000 26.802967 28.317759
16330.000000 26.789318 28.300528
16340.000000 26.778597 28.282741
16350.000000 26.772221 28.271382
16360.000000 26.766243 28.264103
16370.000000 26.760682 28.260910
16380.000000 26.754263 28.251343
16390.000000 26.746673 28.247824
16400.000000 26.736951 28.240227
16410.000000 26.723805 28.234460
16420.000000 26.707581 28.234514
16430.000000 26.696977 28.198736
16440.000000 26.682716 28.186330
16450.000000 26.669932 28.168243
16460.000000 26.656684 28.160517
16470.000000 26.642697 28.153806
16480.000000 26.628663 28.139812
16490.000000 26.612999 28.140324
16500.000000 26.597805 28.119676
16510.000000 26.582567 28.104391
16520.000000 26.566513 28.104431
16530.000000 26.553091 28.069489
16540.000000 26.538723 28.056918
16550.000000 26.525666 28.038563
16560.000000 26.515454 28.028592
16570.000000 26.506432 28.018090
16580.000000 26.498370 28.001465
16590.000000 26.490817 27.983614
16600.000000 26.484923 27.976438
16610.000000 26.480310 27.979513
16620.000000 26.473150 27.976331
16630.000000 26.463557 27.961684
16640.000000 26.451242 27.963701
16650.000000 26.437401 27.941014
16660.000000 26.424927 27.926877
16670.000000 26.413507 27.919165
16680.000000 26.400069 27.909314
16690.000000 26.385419 27.898172
16700.000000 26.370326 27.888319
16710.000000 26.356548 27.872788
16720.000000 26.343720 27.852979
16730.000000 26.333504 27.848264
16740.000000 26.326688 27.838340
16750.000000 26.318959 27.829213
16760.000000 26.311413 27.832573
16770.000000 26.302477 27.829182
16780.000000 26.293468 27.802911
16790.000000 26.291438 27.806819
16800.000000 26.287357 27.798048
16810.000000 26.279415 27.792197
16820.000000 26.272570 27.775275
16830.000000 26.265514 27.772106
16840.000000 26.258915 27.760696
16850.000000 26.256706 27.759160
16860.000000 26.254993 27.758148
16870.000000 26.257035 27.750669
16880.000000 26.260551 27.758664
16890.000000 26.263262 27.764067
16900.000000 26.266052 27.776503
16910.000000 26.266787 27.779809
16920.000000 26.271244 27.780105
16930.000000 26.276202 27.782669
16940.000000 26.280340 27.780902
16950.000000 26.283543 27.785085
16960.000000 26.288872 27.781125
16970.000000 26.295512 27.780292
16980.000000 26.299975 27.778898
16990.000000 26.307663 27.775739
17000.000000 26.320946 27.781950
17010.000000 26.334278 27.795114
17020.000000 26.347788 27.805019
17030.000000 26.359367 27.821508
17040.000000 26.369093 27.834315
17050.000000 26.376745 27.841485
17060.000000 26.384479 27.847019
17070.000000 26.389277 27.856345
17080.000000 26.394186 27.862342
17090.000000 26.395703 27.864758
17100.000000 26.393557 27.868467
17110.000000 26.390275 27.865811
17120.000000 26.387493 27.858527
17130.000000 26.383098 27.854697
17140.000000 26.373946 27.844129
17150.000000 26.363470 27.840733
17160.000000 26.353894 27.829713
17170.000000 26.346925 27.811183
17180.000000 26.342157 27.803542
17190.000000 26.338082 27.803465
17200.000000 26.333192 27.804230
17210.000000 26.328832 27.786791
17220.000000 26.321451 27.783216
17230.000000 26.316277 27.773457
17240.000000 26.314523 27.777515
17250.000000 26.311038 27.776340
17260.000000 26.307087 27.766178
17270.000000 26.305310 27.766805
17280.000000 26.303533 27.760645
17290.000000 26.302479 27.755256
17300.000000 26.301480 27.755008
17310.000000 26.295712 27.758189
17320.000000 26.284914 27.749282
17330.000000 26.271650 27.722566
17340.000000 26.260430 27.703100
17350.000000 26.253668 27.690039
17360.000000 26.246600 27.688441
17370.000000 26.238957 27.679502
17380.000000 26.232443 27.676796
17390.000000 26.227541 27.660680
17400.000000 26.225942 27.656448
17410.000000 26.226453 27.657795
17420.000000 26.226712 27.652180
17430.000000 26.226301 27.639182
17440.000000 26.226288 27.650010
17450.000000 26.225993 27.652180
17460.000000 26.223815 27.654032
17470.000000 26.219689 27.648818
17480.000000 26.216274 27.641020
17490.000000 26.211931 27.638915
17500.000000 26.206391 27.633878
17510.000000 26.201193 27.622547
17520.000000 26.199050 27.614448
17530.000000 26.200314 27.603311
17540.000000 26.203173 27.590566
17550.000000 26.212606 27.598010
17560.000000 26.220649 27.610614
17570.000000 26.228525 27.614764
17580.000000 26.236754 27.625907
17590.000000 26.243377 27.637011
17600.000000 26.247790 27.647441
17610.000000 26.253362 27.649166
17620.000000 26.261828 27.663862
17630.000000 26.269526 27.681056
17640.000000 26.276288 27.685683
17650.000000 26.280271 27.698959
17660.000000 26.281198 27.705704
17670.000000 26.282858 27.696691
17680.000000 26.286756 27.701607
17690.000000 26.295020 27.704521
17700.000000 26.306540 27.712520
17710.000000 26.319532 27.730318
17720.000000 26.329527 27.746609
17730.000000 26.338210 27.759865
17740.000000 26.342859 27.768870
17750.000000 26.349112 27.774614
17760.000000 26.354295 27.780880
17770.000000 26.360002 27.789348
17780.000000 26.365449 27.794241
17790.000000 26.372049 27.802000
17800.000000 26.377349 27.808388
17810.000000 26.386624 27.807443
17820.000000 26.397167 27.817712
17830.000000 26.408588 27.827263
17840.000000 26.419668 27.839745
17850.000000 26.426927 27.849843
17860.000000 26.435253 27.857777
17870.000000 26.441825 27.870438
17880.000000 26.447491 27.865712
17890.000000 26.457272 27.875183
17900.000000 26.468514 27.892758
17910.000000 26.479864 27.898957
17920.000000 26.489534 27.908310
17930.000000 26.497217 27.925416
17940.000000 26.499195 27.934867
17950.000000 26.502209 27.930639
17960.000000 26.507166 27.936664
17970.000000 26.510391 27.939225
17980.000000 26.515088 27.935151
17990.000000 26.520273 27.949602
18000.000000 26.522986 27.953261
18010.000000 26.523707 27.959729
18020.000000 26.524779 27.945306
18030.000000 26.528863 27.948779
18040.000000 26.530023 27.949172
18050.000000 26.528069 27.946285
18060.000000 26.521656 27.943592
18070.000000 26.511629 27.938715
18080.000000 26.497927 27.928327
18090.000000 26.483836 27.912642
18100.000000 26.471849 27.904051
18110.000000 26.461636 27.892452
18120.000000 26.450948 27.880355
18130.000000 26.440356 27.866739
18140.000000 26.431199 27.848170
18150.000000 26.422809 27.841741
18160.000000 26.412524 27.831695
18170.000000 26.401293 27.823879
18180.000000 26.389943 27.811093
18190.000000 26.379501 27.805710
18200.000000 26.369077 27.790677
18210.000000 26.360246 27.782156
18220.000000 26.350400 27.769349
18230.000000 26.341247 27.758884
18240.000000 26.332390 27.756749
18250.000000 26.324680 27.739789
18260.000000 26.313391 27.738282
18270.000000 26.299541 27.727660
18280.000000 26.286002 27.710964
18290.000000 26.272071 27.700247
18300.000000 26.260214 27.683733
18310.000000 26.248857 27.672534
18320.000000 26.235786 27.665895
18330.000000 26.222421 27.643028
18340.000000 26.211335 27.636880
18350.000000 26.199054 27.619938
18360.000000 26.188549 27.603293
18370.000000 26.178196 27.597903
18380.000000 26.167209 27.585506
18390.000000 26.159019 27.572899
18400.000000 26.152675 27.568560
18410.000000 26.144926 27.562738
18420.000000 26.137270 27.550701
18430.000000 26.128761 27.547226
18440.000000 26.116432 27.538140
18450.000000 26.102515 27.525800
18460.000000 26.088389 27.525815
18470.000000 26.075133 27.512580
18480.000000 26.061059 27.512618
18490.000000 26.048626 27.490816
18500.000000 26.037044 27.476203
18510.000000 26.026739 27.467640
18520.000000 26.014419 27.450688
18530.000000 26.000608 27.450930
18540.000000 25.987236 27.432862
18550.000000 25.974787 27.425141
18560.000000 25.961169 27.411497
18570.000000 25.947837 27.396596
18580.000000 25.936608 27.374584
18590.000000 25.928028 27.367820
18600.000000 25.918793 27.355703
18610.000000 25.909308 27.344877
18620.000000 25.901276 27.340236
18630.000000 25.894421 27.332185
18640.000000 25.891076 27.324746
18650.000000 25.890316 27.320040
18660.000000 25.892802 27.318765
18670.000000 25.893991 27.320758
18680.000000 25.892732 27.323253
18690.000000 25.895040 27.312545
18700.000000 25.899196 27.323835
18710.000000 25.899233 27.323070
18720.000000 25.900422 27.332764
18730.000000 25.899952 27.331461
18740.000000 25.898477 27.327560
18750.000000 25.895510 27.329777
18760.000000 25.892255 27.327072
18770.000000 25.889944 27.317682
18780.000000 25.887302 27.318697
18790.000000 25.883957 27.315897
18800.000000 25.881678 27.312689
18810.000000 25.878623 27.313259
18820.000000 25.875369 27.309020
18830.000000 25.873337 27.303012
18840.000000 25.873014 27.300341
18850.000000 25.873349 27.304480
18860.000000 25.875277 27.302659
18870.000000 25.877195 27.308466
18880.000000 25.877444 27.310981
18890.000000 25.879384 27.315280
18900.000000 25.880249 27.316916
18910.000000 25.880967 27.309251
18920.000000 25.881445 27.313529
18930.000000 25.880037 27.317336
18940.000000 25.878022 27.317453
18950.000000 25.876138 27.313141
18960.000000 25.874948 27.311085
18970.000000 25.871686 27.314441
18980.000000 25.867309 27.299907
18990.000000 25.866282 27.288927
19000.000000 25.866573 27.288445
19010.000000 25.865461 27.294055
19020.000000 25.863836 27.293062
19030.000000 25.860144 27.291401
19040.000000 25.854068 27.282683
19050.000000 25.848881 27.279440
19060.000000 25.842931 27.275390
19070.000000 25.839050 27.270501
19080.000000 25.835466 27.268943
19090.000000 25.832017 27.267526
19100.000000 25.831988 27.266701
19110.000000 25.830173 27.267006
19120.000000 25.827747 27.262147
19130.000000 25.823458 27.262845
19140.000000 25.817405 27.263179
19150.000000 25.806877 27.261788
19160.000000 25.794539 27.247953
19170.000000 25.781707 27.229096
19180.000000 25.773297 27.214922
19190.000000 25.765603 27.210496
19200.000000 25.757456 27.196610
19210.000000 25.746536 27.188773
19220.000000 25.735243 27.182029
19230.000000 25.722940 27.168240
19240.000000 25.709571 27.168241
19250.000000 25.699159 27.143027
19260.000000 25.687733 27.133144
19270.000000 25.674419 27.133161
19280.000000 25.662717 27.103653
19290.000000 25.650895 27.082964
19300.000000 25.641714 27.082859
19310.000000 25.631383 27.071159
19320.000000 25.620582 27.061924
19330.000000 25.610860 27.047912
19340.000000 25.599114 27.040629
19350.000000 25.585906 27.040651
19360.000000 25.576046 27.002904
19370.000000 25.567150 26.986850
19380.000000 25.560812 26.976450
19390.000000 25.556523 26.968217
19400.000000 25.551963 26.962638
19410.000000 25.547170 26.959744
19420.000000 25.538999 26.951818
19430.000000 25.531056 26.941205
19440.000000 25.522623 26.930080
19450.000000 25.515063 26.914040
19460.000000 25.509751 26.909136
19470.000000 25.502932 26.904101
19480.000000 25.495313 26.902589
19490.000000 25.486396 26.890962
19500.000000 25.477057 26.881803
19510.000000 25.465445 26.876059
19520.000000 25.452544 26.867492
19530.000000 25.439818 26.853294
19540.000000 25.426901 26.853402
19550.000000 25.414329 26.839355
19560.000000 25.401842 26.818159
19570.000000 25.389760 26.808978
19580.000000 25.378616 26.799336
19590.000000 25.367344 26.789556
19600.000000 25.354899 26.772762
19610.000000 25.342002 26.772797
19620.000000 25.331276 26.749174
19630.000000 25.321333 26.736473
19640.000000 25.310691 26.727350
19650.000000 25.299006 26.718557
19660.000000 25.287302 26.701131
19670.000000 25.275462 26.692169
19680.000000 25.263185 26.677012
19690.000000 25.254087 26.663788
19700.000000 25.246204 26.650425
19710.000000 25.239870 26.645840
19720.000000 25.231194 26.634503
19730.000000 25.218823 26.634943
19740.000000 25.210045 26.612101
19750.000000 25.203065 26.598297
19760.000000 25.199241 26.587836
19770.000000 25.193741 26.582712
19780.000000 25.186960 26.580487
19790.000000 25.178636 26.569542
19800.000000 25.170208 26.558492
19810.000000 25.162975 26.548708
19820.000000 25.152941 26.547276
19830.000000 25.145009 26.525456
19840.000000 25.140621 26.515864
19850.000000 25.137505 26.520302
19860.000000 25.132886 26.521738
19870.000000 25.126051 26.513788
19880.000000 25.116633 26.501707
19890.000000 25.106914 26.486502
19900.000000 25.098049 26.477823
19910.000000 25.087071 26.465511
19920.000000 25.075723 26.450008
19930.000000 25.065878 26.436099
19940.000000 25.054169 26.437008
19950.000000 25.042828 26.420117
19960.000000 25.030966 26.408271
19970.000000 25.019528 26.391294
19980.000000 25.007619 26.382187
19990.000000 24.995865 26.370453
20000.000000 24.984423 26.356267
20010.000000 24.972019 26.356353
20020.000000 24.959968 26.344293
20030.000000 24.947568 26.344358
20040.000000 24.939845 26.316054
20050.000000 24.933619 26.311529
20060.000000 24.926147 26.300153
20070.000000 24.920531 26.286596
20080.000000 24.916464 26.276067
20090.000000 24.913328 26.272047
20100.000000 24.911234 26.263614
20110.000000 24.910725 26.266500
20120.000000 24.908538 26.271744
20130.000000 24.904377 26.269394
20140.000000 24.898606 26.261216
20150.000000 24.891553 26.257187
20160.000000 24.881236 26.246963
20170.000000 24.870085 26.234486
20180.000000 24.858633 26.220323
20190.000000 24.847904 26.209664
20200.000000 24.837248 26.199081
20210.000000 24.826670 26.188580
20220.000000 24.815869 26.181940
20230.000000 24.804186 26.174361
20240.000000 24.792472 26.161287
20250.000000 24.780342 26.161406
20260.000000 24.770469 26.140728
20270.000000 24.758284 26.140765
20280.000000 24.746653 26.116888
20290.000000 24.735142 26.106743
20300.000000 24.723490 26.100517
20310.000000 24.711334 26.100536
20320.000000 24.702239 26.083428
20330.000000 24.691229 26.071085
20340.000000 24.681350 26.062645
20350.000000 24.672171 26.053588
20360.000000 24.661550 26.043006
20370.000000 24.649494 26.043060
20380.000000 24.639111 26.025971
20390.000000 24.627099 26.026047
20400.000000 24.615498 26.009020
20410.000000 24.604704 25.991512
20420.000000 24.594452 25.978622
20430.000000 24.583037 25.969876
20440.000000 24.571051 25.969920
20450.000000 24.560707 25.947537
20460.000000 24.551589 25.939866
20470.000000 24.540308 25.932585
20480.000000 24.530645 25.920318
20490.000000 24.520538 25.912932
20500.000000 24.510557 25.900331
20510.000000 24.500736 25.890571
20520.000000 24.491293 25.871884
20530.000000 24.481598 25.864925
20540.000000 24.472866 25.852328
20550.000000 24.464685 25.846963
20560.000000 24.459975 25.835967
20570.000000 24.454884 25.829882
20580.000000 24.447971 25.824526
20590.000000 24.439895 25.815289
20600.000000 24.432232 25.802522
20610.000000 24.425704 25.797569
20620.000000 24.420066 25.785629
20630.000000 24.413688 25.787434
20640.000000 24.402963 25.776723
20650.000000 24.392938 25.760160
20660.000000 24.382849 25.756706
20670.000000 24.371081 25.756736
20680.000000 24.360675 25.731881
20690.000000 24.349553 25.716807
20700.000000 24.338719 25.703356
20710.000000 24.328741 25.694743
20720.000000 24.317827 25.678594
20730.000000 24.307136 25.670535
20740.000000 24.295469 25.670591
20750.000000 24.285282 25.646069
20760.000000 24.276219 25.633198
20770.000000 24.265987 25.624310
20780.000000 24.256153 25.617140
20790.000000 24.247210 25.605704
20800.000000 24.241336 25.591016
20810.000000 24.236295 25.590202
20820.000000 24.229734 25.581291
20830.000000 24.223093 25.572298
20840.000000 24.215466 25.554502
20850.000000 24.209272 25.549874
20860.000000 24.202700 25.542261
20870.000000 24.197226 25.535807
20880.000000 24.192452 25.530092
20890.000000 24.188354 25.527671
20900.000000 24.185431 25.531645
20910.000000 24.179732 25.531394
20920.000000 24.172877 25.524762
20930.000000 24.167927 25.517567
20940.000000 24.164518 25.508141
20950.000000 24.164436 25.506093
20960.000000 24.162519 25.503394
20970.000000 24.159295 25.500600
20980.000000 24.154895 25.505547
20990.000000 24.148671 25.497013
21000.000000 24.143281 25.489362
21010.000000 24.139716 25.479801
21020.000000 24.137644 25.473103
21030.000000 24.137887 25.475247
21040.000000 24.138869 25.474334
21050.000000 24.140954 25.475866
21060.000000 24.143097 25.485119
21070.000000 24.141920 25.485759
21080.000000 24.139970 25.483027
21090.000000 24.138332 25.479350
21100.000000 24.137868 25.474367
21110.000000 24.142344 25.469509
21120.000000 24.151129 25.476841
21130.000000 24.161094 25.482875
21140.000000 24.173596 25.489043
21150.000000 24.187842 25.507222
21160.000000 24.200132 25.520797
21170.000000 24.211541 25.533442
21180.000000 24.222707 25.542016
21190.000000 24.235462 25.559896
21200.000000 24.245386 25.574792
21210.000000 24.255418 25.583441
21220.000000 24.264075 25.594456
21230.000000 24.272438 25.602616
21240.000000 24.282361 25.613695
21250.000000 24.291476 25.621376
21260.000000 24.298347 25.631778
21270.000000 24.302504 25.634231
21280.000000 24.305946 25.634660
21290.000000 24.310337 25.642443
21300.000000 24.316962 25.653853
21310.000000 24.323310 25.661158
21320.000000 24.328036 25.662942
21330.000000 24.335322 25.673776
21340.000000 24.341271 25.685740
21350.000000 24.346793 25.687094
21360.000000 24.354085 25.691588
21370.000000 24.363929 25.698774
21380.000000 24.374321 25.706541
21390.000000 24.383694 25.724647
21400.000000 24.391509 25.736036
21410.000000 24.400128 25.739394
21420.000000 24.406495 25.749255
21430.000000 24.410842 25.756984
21440.000000 24.414468 25.761415
21450.000000 24.417212 25.761113
21460.000000 24.421168 25.768427
21470.000000 24.426406 25.770759
21480.000000 24.433984 25.779360
21490.000000 24.441255 25.780042
21500.000000 24.448288 25.789334
21510.000000 24.454117 25.789766
21520.000000 24.459492 25.794780
21530.000000 24.464042 25.801451
21540.000000 24.464907 25.805499
21550.000000 24.462723 25.797489
21560.000000 24.461547 25.798119
21570.000000 24.462990 25.788901
21580.000000 24.467570 25.799382
21590.000000 24.470250 25.792741
21600.000000 24.476024 25.801958
21610.000000 24.480968 25.807781
21620.000000 24.485485 25.814414
21630.000000 24.488628 25.820855
21640.000000 24.493058 25.824877
21650.000000 24.496014 25.829861
21660.000000 24.500658 25.831594
21670.000000 24.504479 25.833717
21680.000000 24.507842 25.835360
21690.000000 24.511099 25.844428
21700.000000 24.512548 25.841541
21710.000000 24.515896 25.846935
21720.000000 24.516980 25.848687
21730.000000 24.518507 25.847143
21740.000000 24.521723 25.856157
21750.000000 24.522385 25.861223
21760.000000 24.522958 25.854914
21770.000000 24.525553 25.855753
21780.000000 24.527370 25.859527
21790.000000 24.528252 25.858561
21800.000000 24.531072 25.858391
21810.000000 24.531466 25.858164
21820.000000 24.533595 25.853523
21830.000000 24.536390 25.857079
21840.000000 24.537119 25.859705
21850.000000 24.536634 25.856063
21860.000000 24.537928 25.850560
21870.000000 24.538622 25.856886
21880.000000 24.537317 25.852386
21890.000000 24.536224 25.854334
21900.000000 24.534481 25.844403
21910.000000 24.535341 25.847164
21920.000000 24.536309 25.848796
21930.000000 24.536041 25.847883
21940.000000 24.534742 25.852091
21950.000000 24.533184 25.854781
21960.000000 24.531561 25.854918
21970.000000 24.527324 25.853538
21980.000000 24.521110 25.843874
21990.000000 24.516837 25.838737
22000.000000 24.515293 25.832764
22010.000000 24.514127 25.832141
22020.000000 24.512381 25.828434
22030.000000 24.509950 25.825244
22040.000000 24.506986 25.823962
22050.000000 24.503499 25.824593
22060.000000 24.497362 25.817495
22070.000000 24.490364 25.808257
22080.000000 24.484530 25.797786
22090.000000 24.477958 25.798850
22100.000000 24.469520 25.788097
22110.000000 24.461997 25.773398
22120.000000 24.454209 25.769477
22130.000000 24.444164 25.757040
22140.000000 24.433607 25.742841
22150.000000 24.423251 25.732531
22160.000000 24.414480 25.722668
22170.000000 24.406149 25.715714
22180.000000 24.396811 25.706473
22190.000000 24.389439 25.695644
22200.000000 24.383278 25.686096
22210.000000 24.375667 25.685988
22220.000000 24.364726 25.686018
22230.000000 24.356823 25.667323
22240.000000 24.348198 25.661261
22250.000000 24.339406 25.651372
22260.000000 24.330609 25.643909
22270.000000 24.321044 25.636846
22280.000000 24.311934 25.629046
22290.000000 24.303203 25.622854
22300.000000 24.294085 25.611408
22310.000000 24.285335 25.602770
22320.000000 24.274988 25.592449
22330.000000 24.264616 25.579684
22340.000000 24.257618 25.565655
22350.000000 24.249787 25.557990
22360.000000 24.241468 25.553423
22370.000000 24.232268 25.538294
22380.000000 24.225817 25.529678
22390.000000 24.219579 25.524894
22400.000000 24.213448 25.520220
22410.000000 24.207827 25.514881
22420.000000 24.201821 25.510335
22430.000000 24.195663 25.504428
22440.000000 24.188549 25.498710
22450.000000 24.180883 25.494802
22460.000000 24.171368 25.487743
22470.000000 24.161770 25.480592
22480.000000 24.152331 25.467630
22490.000000 24.142089 25.458601
22500.000000 24.131416 25.455081
22510.000000 24.121114 25.448363
22520.000000 24.110871 25.442895
22530.000000 24.101075 25.427170
22540.000000 24.092029 25.425337
22550.000000 24.081463 25.425461
22560.000000 24.077602 25.401735
22570.000000 24.074536 25.397882
22580.000000 24.069628 25.394459
22590.000000 24.063435 25.390864
22600.000000 24.054684 25.384566
22610.000000 24.044124 25.384649
22620.000000 24.035477 25.366607
22630.000000 24.026700 25.350812
22640.000000 24.017040 25.348273
22650.000000 24.006498 25.348337
22660.000000 23.996889 25.330484
22670.000000 23.988456 25.319783
22680.000000 23.981366 25.308147
22690.000000 23.971992 25.301168
22700.000000 23.962693 25.289559
22710.000000 23.954635 25.282789
22720.000000 23.946879 25.275160
22730.000000 23.939210 25.267622
22740.000000 23.931623 25.262515
22750.000000 23.923096 25.256412
22760.000000 23.913957 25.248488
22770.000000 23.905482 25.241262
22780.000000 23.896755 25.232599
22790.000000 23.887723 25.225949
22800.000000 23.877385 25.226096
22810.000000 23.872756 25.203072
22820.000000 23.866471 25.193490
22830.000000 23.861476 25.188769
22840.000000 23.855825 25.181026
22850.000000 23.850506 25.171311
22860.000000 23.844418 25.161953
22870.000000 23.837846 25.153249
22880.000000 23.831499 25.148266
22890.000000 23.822960 25.142125
22900.000000 23.813049 25.138009
22910.000000 23.802663 25.138017
22920.000000 23.793273 25.118226
22930.000000 23.783586 25.108547
22940.000000 23.773443 25.099539
22950.000000 23.763131 25.099588
22960.000000 23.754151 25.083720
22970.000000 23.746031 25.076839
22980.000000 23.736894 25.067731
22990.000000 23.730154 25.054247
23000.000000 23.723456 25.050017
23010.000000 23.715363 25.036268
23020.000000 23.706287 25.027229
23030.000000 23.696655 25.017602
23040.000000 23.688288 25.000144
23050.000000 23.684210 24.987232
23060.000000 23.680398 24.983757
23070.000000 23.673467 24.974707
23080.000000 23.667090 24.961680
23090.000000 23.663862 24.950846
23100.000000 23.662357 24.948671
23110.000000 23.660318 24.948211
23120.000000 23.658717 24.948212
23130.000000 23.655477 24.948757
23140.000000 23.652384 24.944905
23150.000000 23.649621 24.937994
23160.000000 23.647552 24.938632
23170.000000 23.645856 24.939661
23180.000000 23.645542 24.934204
23190.000000 23.648117 24.935199
23200.000000 23.650424 24.939314
23210.000000 23.651144 24.942887
23220.000000 23.650576 24.945100
23230.000000 23.646866 24.938335
23240.000000 23.644184 24.934920
23250.000000 23.640124 24.931184
23260.000000 23.636191 24.925321
23270.000000 23.632132 24.928364
23280.000000 23.625678 24.924357
23290.000000 23.617825 24.920000
23300.000000 23.608889 24.912238
23310.000000 23.601311 24.902523
23320.000000 23.595701 24.891511
23330.000000 23.588645 24.886858
23340.000000 23.579215 24.876322
23350.000000 23.571308 24.865148
23360.000000 23.563364 24.857306
23370.000000 23.553453 24.850754
23380.000000 23.543383 24.850759
23390.000000 23.533627 24.832027
23400.000000 23.524176 24.824827
23410.000000 23.514736 24.817635
23420.000000 23.504713 24.817654
23430.000000 23.495066 24.807994
23440.000000 23.485112 24.804715
23450.000000 23.475161 24.804782
23460.000000 23.470472 24.785833
23470.000000 23.462705 24.779268
23480.000000 23.455168 24.765148
23490.000000 23.449254 24.762767
23500.000000 23.442936 24.758842
23510.000000 23.437438 24.744664
23520.000000 23.432430 24.741011
23530.000000 23.427198 24.731570
23540.000000 23.422463 24.725986
23550.000000 23.419242 24.720894
23560.000000 23.415612 24.716479
23570.000000 23.411760 24.706299
23580.000000 23.408490 24.702268
23590.000000 23.403547 24.694264
23600.000000 23.399455 24.686059
23610.000000 23.396720 24.679290
23620.000000 23.396015 24.677974
23630.000000 23.394736 24.682663
23640.000000 23.393429 24.680710
23650.000000 23.392080 24.674310
23660.000000 23.393516 24.671953
23670.000000 23.397137 24.678500
23680.000000 23.399612 24.686038
23690.000000 23.402254 24.684955
23700.000000 23.403333 24.685522
23710.000000 23.401940 24.681286
23720.000000 23.401729 24.677204
23730.000000 23.400339 24.678460
23740.000000 23.397008 24.675476
23750.000000 23.394240 24.671989
23760.000000 23.391093 24.669198
23770.000000 23.389460 24.671287
23780.000000 23.386901 24.672397
23790.000000 23.384793 24.666322
23800.000000 23.382592 24.665618
23810.000000 23.379082 24.660255
23820.000000 23.374127 24.656646
23830.000000 23.368858 24.652702
23840.000000 23.360410 24.643222
23850.000000 23.350850 24.638018
23860.000000 23.342113 24.622787
23870.000000 23.335511 24.620697
23880.000000 23.328124 24.615598
23890.000000 23.318957 24.606443
23900.000000 23.312874 24.595113
23910.000000 23.308885 24.590339
23920.000000 23.306311 24.590312
23930.000000 23.304490 24.591077
23940.000000 23.303996 24.589989
23950.000000 23.303558 24.592210
23960.000000 23.301286 24.591412
23970.000000 23.295829 24.587249
23980.000000 23.288767 24.581391
23990.000000 23.282505 24.569890
24000.000000 23.277084 24.561442
24010.000000 23.274503 24.553839
24020.000000 23.272641 24.551312
24030.000000 23.269459 24.552784
24040.000000 23.265806 24.548367
24050.000000 23.262676 24.548809
24060.000000 23.259236 24.546768
24070.000000 23.258391 24.541008
24080.000000 23.258204 24.542400
24090.000000 23.255980 24.544866
24100.000000 23.251453 24.535225
24110.000000 23.247859 24.527651
24120.000000 23.245118 24.525272
24130.000000 23.240840 24.523416
24140.000000 23.236566 24.519417
24150.000000 23.230984 24.518323
24160.000000 23.225977 24.506054
24170.000000 23.221910 24.502273
24180.000000 23.218233 24.504250
24190.000000 23.212470 24.496538
24200.000000 23.206214 24.490444
24210.000000 23.199321 24.484744
24220.000000 23.193823 24.469852
24230.000000 23.189932 24.466257
24240.000000 23.184747 24.466620
24250.000000 23.178169 24.460185
24260.000000 23.171868 24.454042
24270.000000 23.166392 24.448768
24280.000000 23.159786 24.445490
24290.000000 23.150284 24.445525
24300.000000 23.141726 24.429556
24310.000000 23.132226 24.429576
24320.000000 23.123855 24.413811
24330.000000 23.115606 24.404543
24340.000000 23.106535 24.404993
24350.000000 23.098198 24.386105
24360.000000 23.088834 24.386230
24370.000000 23.080165 24.370175
24380.000000 23.070746 24.370224
24390.000000 23.062238 24.354347
24400.000000 23.055648 24.351044
24410.000000 23.049721 24.340011
24420.000000 23.045944 24.339675
24430.000000 23.041522 24.333394
24440.000000 23.036284 24.331509
24450.000000 23.029250 24.324571
24460.000000 23.020693 24.319174
24470.000000 23.011876 24.309299
24480.000000 23.004097 24.301571
24490.000000 22.995708 24.295293
24500.000000 22.988762 24.283206
24510.000000 22.983403 24.274895
24520.000000 22.980570 24.270301
24530.000000 22.978260 24.266261
24540.000000 22.977334 24.264729
24550.000000 22.976292 24.266206
24560.000000 22.975692 24.265018
24570.000000 22.973715 24.264462
24580.000000 22.969797 24.266026
24590.000000 22.964299 24.259660
24600.000000 22.959748 24.254296
24610.000000 22.956897 24.251770
24620.000000 22.952057 24.252346
24630.000000 22.944833 24.241034
24640.000000 22.938633 24.233929
24650.000000 22.932469 24.224785
24660.000000 22.925741 24.220238
24670.000000 22.919771 24.209228
24680.000000 22.914697 24.201246
24690.000000 22.909799 24.197594
24700.000000 22.902853 24.192809
24710.000000 22.895520 24.185546
24720.000000 22.888106 24.178196
24730.000000 22.880138 24.167164
24740.000000 22.872322 24.162485
24750.000000 22.863736 24.151834
24760.000000 22.855672 24.142766
24770.000000 22.847749 24.135906
24780.000000 22.839320 24.127482
24790.000000 22.830497 24.121725
24800.000000 22.822634 24.106704
24810.000000 22.817567 24.094651
24820.000000 22.811815 24.092134
24830.000000 22.803787 24.083111
24840.000000 22.795153 24.077544
24850.000000 22.787120 24.066468
24860.000000 22.778251 24.060647
24870.000000 22.769482 24.050840
24880.000000 22.760683 24.043043
24890.000000 22.752004 24.034351
24900.000000 22.743483 24.023787
24910.000000 22.734432 24.023871
24920.000000 22.727009 24.007336
24930.000000 22.720517 24.001970
24940.000000 22.712099 24.000667
24950.000000 22.703068 24.000743
24960.000000 22.696770 23.986425
24970.000000 22.689771 23.979497
24980.000000 22.681445 23.974209
24990.000000 22.672821 23.968602
25000.000000 22.664179 23.962972
25010.000000 22.655474 23.955245
25020.000000 22.646445 23.955273
25030.000000 22.638735 23.938470
25040.000000 22.630647 23.929370
25050.000000 22.621969 23.929747
25060.000000 22.614109 23.911796
25070.000000 22.605106 23.911815
25080.000000 22.601624 23.891458
25090.000000 22.597335 23.879338
25100.000000 22.593318 23.878575
25110.000000 22.587058 23.872423
25120.000000 22.580151 23.863578
25130.000000 22.574868 23.857456
25140.000000 22.569753 23.852513
25150.000000 22.563771 23.847657
25160.000000 22.559214 23.844305
25170.000000 22.554834 23.843140
25180.000000 22.550346 23.837855
25190.000000 22.545367 23.830052
25200.000000 22.539358 23.819165
25210.000000 22.535316 23.811363
25220.000000 22.532999 23.810375
25230.000000 22.530436 23.807133
25240.000000 22.528002 23.806019
25250.000000 22.524954 23.805252
25260.000000 22.521660 23.802231
25270.000000 22.519492 23.799404
25280.000000 22.517419 23.797673
25290.000000 22.514083 23.796596
25300.000000 22.509686 23.791413
25310.000000 22.503902 23.782779
25320.000000 22.498457 23.778475
25330.000000 22.495034 23.773332
25340.000000 22.491855 23.771421
25350.000000 22.488224 23.770024
25360.000000 22.483484 23.765470
25370.000000 22.479203 23.761401
25380.000000 22.474274 23.751700
25390.000000 22.470892 23.753527
25400.000000 22.465985 23.749782
25410.000000 22.461944 23.745965
25420.000000 22.458783 23.741102
25430.000000 22.456546 23.742151
25440.000000 22.452479 23.736331
25450.000000 22.449693 23.729895
25460.000000 22.447025 23.726544
25470.000000 22.444267 23.720145
25480.000000 22.441673 23.710973
25490.000000 22.438869 23.713382
25500.000000 22.434831 23.704657
25510.000000 22.431331 23.702397
25520.000000 22.428012 23.697382
25530.000000 22.423455 23.697926
25540.000000 22.419355 23.692086
25550.000000 22.417334 23.688444
25560.000000 22.415299 23.688706
25570.000000 22.412921 23.684688
25580.000000 22.408746 23.683665
25590.000000 22.402219 23.678195
25600.000000 22.396336 23.677316
25610.000000 22.388286 23.666323
25620.000000 22.379554 23.666330
25630.000000 22.375310 23.643752
25640.000000 22.371492 23.644066
25650.000000 22.364554 23.639132
25660.000000 22.356890 23.627586
25670.000000 22.350273 23.617154
25680.000000 22.343456 23.613315
25690.000000 22.336058 23.605946
25700.000000 22.329379 23.598365
25710.000000 22.326639 23.589130
25720.000000 22.321179 23.585749
25730.000000 22.315419 23.574303
25740.000000 22.310873 23.566083
25750.000000 22.306121 23.565382
25760.000000 22.302097 23.559649
25770.000000 22.300053 23.556973
25780.000000 22.298417 23.557626
25790.000000 22.297154 23.556741
25800.000000 22.296861 23.556880
25810.000000 22.296629 23.555155
25820.000000 22.295731 23.553691
25830.000000 22.295130 23.556396
25840.000000 22.295119 23.555868
25850.000000 22.295420 23.557597
25860.000000 22.295910 23.559524
25870.000000 22.297340 23.551861
25880.000000 22.303110 23.549754
25890.000000 22.309766 23.559157
25900.000000 22.317393 23.563819
25910.000000 22.325032 23.572337
25920.000000 22.333192 23.581405
25930.000000 22.340577 23.586774
25940.000000 22.349627 23.595821
25950.000000 22.358692 23.602963
25960.000000 22.367853 23.616930
25970.000000 22.375100 23.625995
25980.000000 22.382052 23.631866
25990.000000 22.390034 23.638826
26000.000000 22.398596 23.652160
26010.000000 22.405885 23.663191
26020.000000 22.412426 23.670549
26030.000000 22.419456 23.677464
26040.000000 22.427256 23.685191
26050.000000 22.436288 23.689417
26060.000000 22.446021 23.700146
26070.000000 22.455619 23.708812
26080.000000 22.466127 23.717478
26090.000000 22.477009 23.728460
26100.000000 22.488417 23.736157
26110.000000 22.500292 23.752987
26120.000000 22.511461 23.766192
26130.000000 22.523101 23.777013
26140.000000 22.534517 23.790480
26150.000000 22.543666 23.804436
26160.000000 22.549328 23.815673
26170.000000 22.553021 23.820985
26180.000000 22.556003 23.822662
26190.000000 22.558633 23.828774
26200.000000 22.560800 23.832471
26210.000000 22.563603 23.833960
26220.000000 22.568072 23.839129
26230.000000 22.571124 23.838001
26240.000000 22.576370 23.843031
26250.000000 22.582210 23.847730
26260.000000 22.589155 23.850718
26270.000000 22.595952 23.855470
26280.000000 22.602669 23.865890
26290.000000 22.607989 23.867166
26300.000000 22.613629 23.873572
26310.000000 22.618524 23.882068
26320.000000 22.622470 23.888603
26330.000000 22.626264 23.891142
26340.000000 22.629930 23.896423
26350.000000 22.633307 23.902354
26360.000000 22.636791 23.908398
26370.000000 22.639233 23.915257
26380.000000 22.640616 23.920039
26390.000000 22.641903 23.920887
26400.000000 22.644293 23.924815
26410.000000 22.644263 23.927142
26420.000000 22.644718 23.927110
26430.000000 22.643583 23.927311
26440.000000 22.639316 23.928983
26450.000000 22.633070 23.922822
26460.000000 22.625366 23.915119
26470.000000 22.616840 23.915142
26480.000000 22.610692 23.897626
26490.000000 22.603663 23.889684
26500.000000 22.597590 23.883705
26510.000000 22.591231 23.876471
26520.000000 22.584856 23.870173
26530.000000 22.580048 23.864579
26540.000000 22.575974 23.858813
26550.000000 22.571489 23.852612
26560.000000 22.569238 23.842135
26570.000000 22.567905 23.843065
26580.000000 22.563808 23.839177
26590.000000 22.558499 23.826434
26600.000000 22.555742 23.821128
26610.000000 22.553304 23.817105
26620.000000 22.550636 23.815676
26630.000000 22.546641 23.810955
26640.000000 22.543698 23.805459
26650.000000 22.539714 23.800752
26660.000000 22.537537 23.799839
26670.000000 22.534602 23.800009
26680.000000 22.530786 23.795478
26690.000000 22.527568 23.788756
26700.000000 22.525058 23.786547
26710.000000 22.522691 23.781668
26720.000000 22.521578 23.773419
26730.000000 22.522703 23.776929
26740.000000 22.522986 23.772979
26750.000000 22.523671 23.777900
26760.000000 22.524567 23.777413
26770.000000 22.527496 23.778136
26780.000000 22.530909 23.784995
26790.000000 22.533285 23.789820
26800.000000 22.534024 23.790106
26810.000000 22.536465 23.792188
26820.000000 22.537198 23.793404
26830.000000 22.535655 23.796899
26840.000000 22.530357 23.791745
26850.000000 22.524109 23.783716
26860.000000 22.516712 23.773541
26870.000000 22.509090 23.765934
26880.000000 22.500770 23.765991
26890.000000 22.494596 23.750576
26900.000000 22.488776 23.743007
26910.000000 22.482708 23.736109
26920.000000 22.475322 23.725958
26930.000000 22.467993 23.720521
26940.000000 22.461206 23.715653
26950.000000 22.454346 23.711635
26960.000000 22.446388 23.704595
26970.000000 22.438126 23.704659
26980.000000 22.430288 23.692172
26990.000000 22.422341 23.685139
27000.000000 22.414652 23.683009
27010.000000 22.407141 23.674577
27020.000000 22.401124 23.671426
27030.000000 22.394255 23.663671
27040.000000 22.389173 23.654108
27050.000000 22.384138 23.646448
27060.000000 22.380482 23.642093
27070.000000 22.376666 23.640337
27080.000000 22.370152 23.632040
27090.000000 22.361896 23.632041
27100.000000 22.354902 23.617708
27110.000000 22.347960 23.614483
27120.000000 22.339743 23.614509
27130.000000 22.332066 23.600380
27140.000000 22.324745 23.592149
27150.000000 22.317318 23.584726
27160.000000 22.312358 23.576239
27170.000000 22.309027 23.570394
27180.000000 22.304018 23.566444
27190.000000 22.298496 23.564697
27200.000000 22.292688 23.556238
27210.000000 22.285400 23.549875
27220.000000 22.277557 23.542011
27230.000000 22.270861 23.534444
27240.000000 22.263970 23.525759
27250.000000 22.257570 23.520331
27260.000000 22.250478 23.510525
27270.000000 22.245679 23.504966
27280.000000 22.241634 23.498384
27290.000000 22.239437 23.498306
27300.000000 22.234635 23.494563
27310.000000 22.230520 23.486093
27320.000000 22.227811 23.480021
27330.000000 22.225933 23.475739
27340.000000 22.226422 23.469425
27350.000000 22.228613 23.470353
27360.000000 22.231217 23.475342
27370.000000 22.233225 23.473359
27380.000000 22.234190 23.475710
27390.000000 22.234536 23.468359
27400.000000 22.238980 23.468959
27410.000000 22.244559 23.471662
27420.000000 22.248863 23.478441
27430.000000 22.251146 23.481280
27440.000000 22.252041 23.486268
27450.000000 22.251621 23.487157
27460.000000 22.252194 23.487286
27470.000000 22.251873 23.488279
27480.000000 22.251784 23.485003
27490.000000 22.253085 23.488608
27500.000000 22.252800 23.489636
27510.000000 22.251616 23.490616
27520.000000 22.249570 23.490684
27530.000000 22.247996 23.483143
27540.000000 22.247941 23.481711
27550.000000 22.249554 23.476645
27560.000000 22.251213 23.477926
27570.000000 22.251414 23.479466
27580.000000 22.249025 23.479170
27590.000000 22.245754 23.472554
27600.000000 22.244008 23.470243
27610.000000 22.241918 23.467569
27620.000000 22.243057 23.464718
27630.000000 22.245439 23.468556
27640.000000 22.247291 23.476315
27650.000000 22.248874 23.473037
27660.000000 22.252163 23.478727
27670.000000 22.254506 23.482523
27680.000000 22.253063 23.482322
27690.000000 22.252447 23.482098
27700.000000 22.252431 23.484297
27710.000000 22.251049 23.480580
27720.000000 22.251435 23.480520
27730.000000 22.250018 23.479451
27740.000000 22.249180 23.475419
27750.000000 22.248847 23.479066
27760.000000 22.248912 23.477774
27770.000000 22.248917 23.478204
27780.000000 22.249389 23.482695
27790.000000 22.248232 23.486357
27800.000000 22.246104 23.483641
27810.000000 22.242355 23.483670
27820.000000 22.237785 23.476593
27830.000000 22.234620 23.473673
27840.000000 22.232106 23.469659
27850.000000 22.231321 23.469250
27860.000000 22.230262 23.467663
27870.000000 22.229110 23.467756
27880.000000 22.228590 23.462296
27890.000000 22.229283 23.462560
27900.000000 22.230080 23.466486
27910.000000 22.230472 23.468207
27920.000000 22.226608 23.466322
27930.000000 22.221149 23.459204
27940.000000 22.215857 23.453149
27950.000000 22.211303 23.450532
27960.000000 22.205080 23.442608
27970.000000 22.199032 23.438410
27980.000000 22.192288 23.429938
27990.000000 22.187401 23.424311
28000.000000 22.181354 23.415696
28010.000000 22.176106 23.408808
28020.000000 22.169630 23.397983
28030.000000 22.163251 23.394310
28040.000000 22.155983 23.385296
28050.000000 22.151072 23.377891
28060.000000 22.147349 23.376137
28070.000000 22.141745 23.371518
28080.000000 22.135838 23.367456
28090.000000 22.130550 23.358778
28100.000000 22.126017 23.350901
28110.000000 22.122030 23.342728
28120.000000 22.117769 23.338650
28130.000000 22.113832 23.333162
28140.000000 22.107887 23.327307
28150.000000 22.101387 23.322613
28160.000000 22.095043 23.318957
28170.000000 22.088480 23.314193
28180.000000 22.081033 23.306746
28190.000000 22.074410 23.301042
28200.000000 22.067574 23.295111
28210.000000 22.060117 23.290265
28220.000000 22.052731 23.283750
28230.000000 22.046324 23.272173
28240.000000 22.041187 23.268032
28250.000000 22.034848 23.263490
28260.000000 22.028339 23.259634
28270.000000 22.020598 23.259689
28280.000000 22.013277 23.244548
28290.000000 22.005839 23.239704
28300.000000 21.998544 23.231540
28310.000000 21.990791 23.231558
28320.000000 21.984196 23.216335
28330.000000 21.976702 23.214883
28340.000000 21.969215 23.209109
28350.000000 21.961494 23.209139
28360.000000 21.956562 23.196547
28370.000000 21.950163 23.189324
28380.000000 21.942883 23.182898
28390.000000 21.935895 23.176779
28400.000000 21.928447 23.173621
28410.000000 21.920748 23.173642
28420.000000 21.914337 23.162952
28430.000000 21.906744 23.163074
28440.000000 21.900075 23.148671
28450.000000 21.893513 23.142991
28460.000000 21.886564 23.137759
28470.000000 21.879180 23.132065
28480.000000 21.871522 23.132091
28490.000000 21.864219 23.117892
28500.000000 21.856578 23.117925
28510.000000 21.850873 23.101995
28520.000000 21.844296 23.095433
28530.000000 21.839119 23.088641
28540.000000 21.833732 23.087614
28550.000000 21.827645 23.079859
28560.000000 21.821840 23.072403
28570.000000 21.816024 23.067498
28580.000000 21.809390 23.061727
28590.000000 21.802166 23.054479
28600.000000 21.794560 23.054496
28610.000000 21.788379 23.042380
28620.000000 21.780951 23.040022
28630.000000 21.773610 23.032642
28640.000000 21.766357 23.026206
28650.000000 21.759030 23.020540
28660.000000 21.752207 23.013705
28670.000000 21.745719 23.003829
28680.000000 21.739026 23.000527
28690.000000 21.731854 22.993321
28700.000000 21.724545 22.984276
28710.000000 21.717024 22.984324
28720.000000 21.710229 22.973280
28730.000000 21.702753 22.973365
28740.000000 21.696845 22.956497
28750.000000 21.690374 22.950032
28760.000000 21.684058 22.942886
28770.000000 21.676833 22.941527
28780.000000 21.669593 22.934244
28790.000000 21.662086 22.934265
28800.000000 21.655619 22.920210
28810.000000 21.648767 22.918387
28820.000000 21.641381 22.912627
28830.000000 21.633940 22.912695
28840.000000 21.627972 22.899178
28850.000000 21.624195 22.893033
28860.000000 21.620702 22.888869
28870.000000 21.613636 22.884280
28880.000000 21.607547 22.876529
28890.000000 21.603980 22.866422
28900.000000 21.603268 22.861019
28910.000000 21.604360 22.865063
28920.000000 21.604075 22.865136
28930.000000 21.602890 22.863421
28940.000000 21.600381 22.861976
28950.000000 21.597748 22.862072
28960.000000 21.594253 22.862089
28970.000000 21.590839 22.856341
28980.000000 21.585539 22.850267
28990.000000 21.579975 22.846418
29000.000000 21.572570 22.846457
29010.000000 21.565718 22.835401
29020.000000 21.558808 22.830953
29030.000000 21.552355 22.827819
29040.000000 21.544973 22.827861
29050.000000 21.538149 22.816834
29060.000000 21.530949 22.811236
29070.000000 21.524832 22.800133
29080.000000 21.517857 22.795602
29090.000000 21.511309 22.787371
29100.000000 21.504395 22.782899
29110.000000 21.499153 22.776880
29120.000000 21.497723 22.772416
29130.000000 21.496630 22.768311
29140.000000 21.495698 22.768516
29150.000000 21.494519 22.770942
29160.000000 21.492395 22.772364
29170.000000 21.489608 22.763159
29180.000000 21.488541 22.765698
29190.000000 21.485667 22.763016
29200.000000 21.480742 22.760638
29210.000000 21.475186 22.753462
29220.000000 21.469061 22.747334
29230.000000 21.461798 22.747420
29240.000000 21.454834 22.735453
29250.000000 21.448175 22.731226
29260.000000 21.441225 22.725866
29270.000000 21.436108 22.719154
29280.000000 21.431324 22.716909
29290.000000 21.427104 22.711970
29300.000000 21.422739 22.710165
29310.000000 21.419548 22.707960
29320.000000 21.415273 22.702140
29330.000000 21.409069 22.695098
29340.000000 21.402203 22.690635
29350.000000 21.395179 22.683542
29360.000000 21.387892 22.683542
29370.000000 21.382309 22.670605
29380.000000 21.375286 22.663511
29390.000000 21.368038 22.663538
29400.000000 21.361149 22.655764
29410.000000 21.353888 22.655767
29420.000000 21.349655 22.643456
29430.000000 21.344781 22.638637
29440.000000 21.341138 22.634308
29450.000000 21.339102 22.634942
29460.000000 21.337131 22.634831
29470.000000 21.334814 22.630277
29480.000000 21.333690 22.629432
29490.000000 21.331570 22.625904
29500.000000 21.329720 22.629172
29510.000000 21.328042 22.626110
29520.000000 21.326284 22.627032
29530.000000 21.323931 22.624881
29540.000000 21.321287 22.624858
29550.000000 21.320308 22.618479
29560.000000 21.321947 22.613259
29570.000000 21.326013 22.611432
29580.000000 21.331958 22.618085
29590.000000 21.338800 22.624067
29600.000000 21.345587 22.630803
29610.000000 21.353257 22.640096
29620.000000 21.361098 22.650380
29630.000000 21.369510 22.658839
29640.000000 21.378004 22.668195
29650.000000 21.386812 22.677073
29660.000000 21.395922 22.687082
29670.000000 21.403786 22.695770
29680.000000 21.409985 22.704315
29690.000000 21.413314 22.709005
29700.000000 21.416514 22.711936
29710.000000 21.418951 22.715679
29720.000000 21.421371 22.716161
29730.000000 21.425449 22.721645
29740.000000 21.429881 22.726694
29750.000000 21.435791 22.732499
29760.000000 21.443505 22.738596
29770.000000 21.453794 22.742565
29780.000000 21.468627 22.752160
29790.000000 21.482791 22.768335
29800.000000 21.494978 22.783225
29810.000000 21.507044 22.796365
29820.000000 21.519508 22.807497
29830.000000 21.531697 22.822390
29840.000000 21.543602 22.838606
29850.000000 21.554148 22.851760
29860.000000 21.564212 22.864405
29870.000000 21.573519 22.874623
29880.000000 21.581708 22.882844
29890.000000 21.591838 22.892311
29900.000000 21.602004 22.900192
29910.000000 21.612435 22.914850
29920.000000 21.622983 22.920699
29930.000000 21.635568 22.931955
29940.000000 21.648362 22.946681
29950.000000 21.662084 22.963204
29960.000000 21.675489 22.974515
29970.000000 21.689112 22.985244
29980.000000 21.704035 23.001412
29990.000000 21.718426 23.017018
30000.000000 21.732238 23.031198
30010.000000 21.745926 23.044431
30020.000000 21.761257 23.059405
30030.000000 21.777744 23.078045
30040.000000 21.794778 23.094008
30050.000000 21.813944 23.114674
30060.000000 21.833793 23.136062
30070.000000 21.852568 23.153866
30080.000000 21.868662 23.164748
30090.000000 21.886162 23.182829
30100.000000 21.904534 23.205099
30110.000000 21.921895 23.226302
30120.000000 21.937524 23.241583
30130.000000 21.952279 23.261665
30140.000000 21.966237 23.275994
30150.000000 21.981570 23.289325
30160.000000 21.998369 23.308302
30170.000000 22.015217 23.323235
30180.000000 22.032662 23.340438
30190.000000 22.049594 23.355457
30200.000000 22.065594 23.372767
30210.000000 22.080734 23.388345
30220.000000 22.096259 23.403510
30230.000000 22.112600 23.419539
30240.000000 22.128052 23.436267
30250.000000 22.143637 23.454779
30260.000000 22.160126 23.471784
30270.000000 22.176437 23.486958
30280.000000 22.191853 23.502827
30290.000000 22.208435 23.517463
30300.000000 22.225567 23.535969
30310.000000 22.242700 23.552832
30320.000000 22.259406 23.573356
30330.000000 22.275692 23.591792
30340.000000 22.288937 23.607008
30350.000000 22.302014 23.621222
30360.000000 22.315050 23.633744
30370.000000 22.329115 23.646531
30380.000000 22.342989 23.661590
30390.000000 22.355345 23.677515
30400.000000 22.366587 23.691437
30410.000000 22.376738 23.701728
30420.000000 22.386841 23.710316
30430.000000 22.397394 23.718555
30440.000000 22.408611 23.733277
30450.000000 22.418072 23.740360
30460.000000 22.428042 23.748806
30470.000000 22.439696 23.760688
30480.000000 22.451942 23.775673
30490.000000 22.464866 23.789725
30500.000000 22.478819 23.804867
30510.000000 22.492999 23.817769
30520.000000 22.507391 23.833376
30530.000000 22.522047 23.844300
30540.000000 22.537491 23.863502
30550.000000 22.552497 23.877276
30560.000000 22.565835 23.894249
30570.000000 22.579467 23.904083
30580.000000 22.595862 23.919325
30590.000000 22.611647 23.934748
30600.000000 22.626671 23.950193
30610.000000 22.643485 23.964218
30620.000000 22.662015 23.985859
30630.000000 22.680351 24.002320
30640.000000 22.699341 24.019472
30650.000000 22.719987 24.042522
30660.000000 22.739199 24.068210
30670.000000 22.756074 24.083950
30680.000000 22.773394 24.097666
30690.000000 22.790047 24.118989
30700.000000 22.804422 24.137071
30710.000000 22.817482 24.152100
30720.000000 22.830301 24.169373
30730.000000 22.842923 24.186439
30740.000000 22.852735 24.194698
30750.000000 22.862316 24.205213
30760.000000 22.870229 24.214796
30770.000000 22.878659 24.219092
30780.000000 22.885324 24.229853
30790.000000 22.890664 24.232544
30800.000000 22.895012 24.237518
30810.000000 22.898045 24.244433
30820.000000 22.900411 24.248142
30830.000000 22.902131 24.246169
30840.000000 22.904121 24.247815
30850.000000 22.905163 24.250122
30860.000000 22.907089 24.246707
30870.000000 22.909517 24.251313
30880.000000 22.912474 24.256478
30890.000000 22.914931 24.257787
30900.000000 22.916175 24.262800
30910.000000 22.917726 24.263150
30920.000000 22.918472 24.263479
30930.000000 22.918853 24.260100
30940.000000 22.920535 24.260591
30950.000000 22.922122 24.259324
30960.000000 22.924032 24.259230
30970.000000 22.925535 24.260364
30980.000000 22.928455 24.262998
30990.000000 22.931773 24.261911
31000.000000 22.937030 24.262879
31010.000000 22.942375 24.265597
31020.000000 22.946642 24.272970
31030.000000 22.948117 24.272423
31040.000000 22.950730 24.274735
31050.000000 22.954314 24.274768
31060.000000 22.959134 24.280242
31070.000000 22.960718 24.288081
31080.000000 22.962421 24.284472
31090.000000 22.965690 24.290784
31100.000000 22.968066 24.292847
31110.000000 22.971006 24.295505
31120.000000 22.974000 24.299874
31130.000000 22.977012 24.299306
31140.000000 22.979536 24.301527
31150.000000 22.982210 24.302256
31160.000000 22.985401 24.304357
31170.000000 22.988241 24.306912
31180.000000 22.990711 24.312375
31190.000000 22.994743 24.316190
31200.000000 22.998735 24.319964
31210.000000 23.003604 24.325489
31220.000000 23.009450 24.324632
31230.000000 23.015377 24.329629
31240.000000 23.021651 24.334169
31250.000000 23.027108 24.343610
31260.000000 23.031841 24.346523
31270.000000 23.037202 24.349276
31280.000000 23.042161 24.357365
31290.000000 23.046571 24.364052
31300.000000 23.050090 24.368973
31310.000000 23.052493 24.375184
31320.000000 23.056231 24.376221
31330.000000 23.061449 24.381292
31340.000000 23.065950 24.383959
31350.000000 23.069247 24.388646
31360.000000 23.071839 24.389296
31370.000000 23.075574 24.395267
31380.000000 23.079328 24.396326
31390.000000 23.080881 24.401632
31400.000000 23.081749 24.404570
31410.000000 23.082264 24.407134
31420.000000 23.082639 24.407906
31430.000000 23.084105 24.408189
31440.000000 23.085062 24.411218
31450.000000 23.086068 24.414299
31460.000000 23.085408 24.415617
31470.000000 23.083634 24.413294
31480.000000 23.081076 24.411782
31490.000000 23.077373 24.407418
31500.000000 23.075478 24.404148
31510.000000 23.075608 24.400564
31520.000000 23.075898 24.402882
31530.000000 23.076996 24.402780
31540.000000 23.078195 24.401967
31550.000000 23.078254 24.403221
31560.000000 23.077022 24.398205
31570.000000 23.076427 24.401219
31580.000000 23.074939 24.397568
31590.000000 23.073869 24.399261
31600.000000 23.073203 24.397297
31610.000000 23.071770 24.394523
31620.000000 23.072042 24.392736
31630.000000 23.072843 24.394773
31640.000000 23.072174 24.396885
31650.000000 23.070633 24.398889
31660.000000 23.068922 24.395820
31670.000000 23.068344 24.393137
31680.000000 23.069079 24.392658
31690.000000 23.070938 24.390113
31700.000000 23.072672 24.390693
31710.000000 23.073778 24.393862
31720.000000 23.075623 24.393747
31730.000000 23.077458 24.391184
31740.000000 23.079739 24.391533
31750.000000 23.081450 24.392904
31760.000000 23.084991 24.393775
31770.000000 23.087550 24.398479
31780.000000 23.089802 24.400423
31790.000000 23.092523 24.398807
31800.000000 23.094212 24.402590
31810.000000 23.095569 24.403589
31820.000000 23.096975 24.402209
31830.000000 23.097760 24.401796
31840.000000 23.099162 24.397987
31850.000000 23.101171 24.398870
31860.000000 23.103334 24.394254
31870.000000 23.105734 24.394744
31880.000000 23.108367 24.399522
31890.000000 23.110672 24.401527
31900.000000 23.112824 24.404988
31910.000000 23.115101 24.410195
31920.000000 23.115945 24.413889
31930.000000 23.115442 24.414544
31940.000000 23.114648 24.411661
31950.000000 23.114563 24.408722
31960.000000 23.114820 24.410179
31970.000000 23.114197 24.409899
31980.000000 23.112775 24.410388
31990.000000 23.112217 24.406147
32000.000000 23.111754 24.407647
32010.000000 23.109425 24.407981
32020.000000 23.107247 24.406057
32030.000000 23.104375 24.405815
32040.000000 23.101244 24.401274
32050.000000 23.097531 24.399336
32060.000000 23.095135 24.395573
32070.000000 23.092819 24.393501
32080.000000 23.088489 24.387696
32090.000000 23.084410 24.378948
32100.000000 23.080667 24.375372
32110.000000 23.076523 24.372974
32120.000000 23.070899 24.368211
32130.000000 23.064952 24.363105
32140.000000 23.058743 24.356920
32150.000000 23.052938 24.351161
32160.000000 23.045792 24.351185
32170.000000 23.039539 24.338553
32180.000000 23.032698 24.333297
32190.000000 23.025705 24.333469
32200.000000 23.019350 24.324727
32210.000000 23.014083 24.319531
32220.000000 23.010376 24.314388
32230.000000 23.007094 24.312883
32240.000000 23.004109 24.306114
32250.000000 23.001187 24.304193
32260.000000 22.997747 24.297745
32270.000000 22.993881 24.294825
32280.000000 22.987802 24.287976
32290.000000 22.980779 24.288078
32300.000000 22.974553 24.277098
32310.000000 22.967904 24.271234
32320.000000 22.961189 24.263712
32330.000000 22.954516 24.255442
32340.000000 22.947425 24.255450
32350.000000 22.940960 24.247397
32360.000000 22.934503 24.237770
32370.000000 22.929406 24.234331
32380.000000 22.923266 24.227416
32390.000000 22.916399 24.221314
32400.000000 22.909492 24.216747
32410.000000 22.902737 24.213920
32420.000000 22.896822 24.207238
32430.000000 22.890874 24.200523
32440.000000 22.883974 24.195168
32450.000000 22.877274 24.189232
32460.000000 22.871819 24.176737
32470.000000 22.867855 24.172910
32480.000000 22.863540 24.171070
32490.000000 22.859168 24.163664
32500.000000 22.855555 24.157064
32510.000000 22.854297 24.154525
32520.000000 22.852971 24.148777
32530.000000 22.852294 24.149994
32540.000000 22.850888 24.150440
32550.000000 22.849965 24.149043
32560.000000 22.849884 24.149319
32570.000000 22.849618 24.152535
32580.000000 22.848356 24.149211
32590.000000 22.846090 24.147961
32600.000000 22.843029 24.143520
32610.000000 22.841143 24.143453
32620.000000 22.839687 24.143057
32630.000000 22.837819 24.140660
32640.000000 22.835941 24.139035
32650.000000 22.832316 24.136344
32660.000000 22.828172 24.130760
32670.000000 22.824369 24.124758
32680.000000 22.822679 24.121771
32690.000000 22.819505 24.118776
32700.000000 22.815148 24.112972
32710.000000 22.809630 24.110615
32720.000000 22.802662 24.110619
32730.000000 22.796001 24.103932
32740.000000 22.789271 24.097950
32750.000000 22.783009 24.091684
32760.000000 22.777948 24.083578
32770.000000 22.773603 24.082448
32780.000000 22.768346 24.074913
32790.000000 22.763664 24.070318
32800.000000 22.759698 24.058722
32810.000000 22.759337 24.054822
32820.000000 22.759671 24.055532
32830.000000 22.760077 24.055545
32840.000000 22.761527 24.056661
32850.000000 22.762934 24.057731
32860.000000 22.764983 24.058706
32870.000000 22.767374 24.062365
32880.000000 22.766638 24.064264
32890.000000 22.764439 24.061523
32900.000000 22.762964 24.061093
32910.000000 22.759717 24.058789
32920.000000 22.754050 24.053927
32930.000000 22.747676 24.046771
32940.000000 22.741579 24.037595
32950.000000 22.736588 24.030362
32960.000000 22.731538 24.024610
32970.000000 22.726228 24.014735
32980.000000 22.719901 24.007636
32990.000000 22.713405 24.001897
33000.000000 22.706533 24.001909
33010.000000 22.700497 23.990504
33020.000000 22.694137 23.982603
33030.000000 22.687722 23.978480
33040.000000 22.681428 23.972949
33050.000000 22.675284 23.969109
33060.000000 22.669179 23.963008
33070.000000 22.662871 23.958224
33080.000000 22.656091 23.958298
33090.000000 22.652133 23.945279
33100.000000 22.648397 23.943975
33110.000000 22.643467 23.934529
33120.000000 22.637445 23.934627
33130.000000 22.631014 23.930468
33140.000000 22.624913 23.922839
33150.000000 22.618797 23.912907
33160.000000 22.613821 23.904947
33170.000000 22.608759 23.899947
33180.000000 22.603278 23.893742
33190.000000 22.597481 23.885681
33200.000000 22.591278 23.882516
33210.000000 22.584477 23.882519
33220.000000 22.578267 23.870979
33230.000000 22.572166 23.861840
33240.000000 22.565646 23.859849
33250.000000 22.559618 23.850788
33260.000000 22.553162 23.848101
33270.000000 22.546413 23.848133
33280.000000 22.543304 23.833826
33290.000000 22.540634 23.829079
33300.000000 22.539125 23.827832
33310.000000 22.537193 23.824624
33320.000000 22.534232 23.819574
33330.000000 22.531877 23.812901
33340.000000 22.530746 23.811299
33350.000000 22.530028 23.809380
33360.000000 22.529395 23.812832
33370.000000 22.527223 23.812393
33380.000000 22.524657 23.810782
33390.000000 22.520074 23.804776
33400.000000 22.515788 23.796074
33410.000000 22.513415 23.793161
33420.000000 22.511514 23.787738
33430.000000 22.510500 23.786264
33440.000000 22.510866 23.785496
33450.000000 22.511345 23.784096
33460.000000 22.510996 23.786330
33470.000000 22.510292 23.780679
33480.000000 22.510521 23.781270
33490.000000 22.510860 23.783478
33500.000000 22.509077 23.781194
33510.000000 22.507178 23.783285
33520.000000 22.503147 23.779373
33530.000000 22.499134 23.774730
33540.000000 22.493580 23.772953
33550.000000 22.488307 23.766229
33560.000000 22.482795 23.760749
33570.000000 22.477087 23.755062
33580.000000 22.471448 23.750195
33590.000000 22.466009 23.744045
33600.000000 22.461504 23.735895
33610.000000 22.458088 23.731885
33620.000000 22.453830 23.732953
33630.000000 22.448614 23.728530
33640.000000 22.442362 23.721519
33650.000000 22.436288 23.713208
33660.000000 22.430782 23.708476
33670.000000 22.424948 23.704885
33680.000000 22.419879 23.692433
33690.000000 22.416226 23.691145
33700.000000 22.411536 23.688018
33710.000000 22.406706 23.684740
33720.000000 22.401527 23.678866
33730.000000 22.396246 23.673625
33740.000000 22.390497 23.667889
33750.000000 22.384393 23.659555
33760.000000 22.378702 23.655363
33770.000000 22.373129 23.650553
33780.000000 22.368152 23.641932
33790.000000 22.363958 23.640799
33800.000000 22.360526 23.638250
33810.000000 22.357128 23.632781
33820.000000 22.355482 23.628427
33830.000000 22.354851 23.628838
33840.000000 22.353341 23.626844
33850.000000 22.351235 23.626434
33860.000000 22.349220 23.623169
33870.000000 22.345998 23.621577
33880.000000 22.341954 23.618379
33890.000000 22.338081 23.613150
33900.000000 22.334562 23.607560
33910.000000 22.332022 23.602271
33920.000000 22.329854 23.597378
33930.000000 22.327934 23.595689
33940.000000 22.326174 23.595639
33950.000000 22.323173 23.595010
33960.000000 22.319225 23.590441
33970.000000 22.315697 23.587051
33980.000000 22.311147 23.583313
33990.000000 22.306400 23.581567
34000.000000 22.301099 23.571169
34010.000000 22.296040 23.563962
34020.000000 22.290019 23.561597
34030.000000 22.285001 23.552240
34040.000000 22.280335 23.549109
34050.000000 22.274460 23.543236
34060.000000 22.268857 23.536191
34070.000000 22.263870 23.528336
34080.000000 22.258446 23.523671
34090.000000 22.252129 23.521708
34100.000000 22.245635 23.521741
34110.000000 22.242407 23.508459
34120.000000 22.238416 23.504577
34130.000000 22.235592 23.501200
34140.000000 22.231196 23.498344
34150.000000 22.226820 23.494055
34160.000000 22.222049 23.488620
34170.000000 22.217968 23.485367
34180.000000 22.213081 23.481987
34190.000000 22.207576 23.474324
34200.000000 22.202873 23.469687
34210.000000 22.198483 23.469006
34220.000000 22.192669 23.465367
34230.000000 22.187460 23.457292
34240.000000 22.182978 23.452886
34250.000000 22.177968 23.444303
34260.000000 22.172467 23.435928
34270.000000 22.168067 23.433779
34280.000000 22.162588 23.426874
34290.000000 22.156782 23.422513
34300.000000 22.151119 23.416858
34310.000000 22.145704 23.409302
34320.000000 22.140173 23.407391
34330.000000 22.134663 23.401176
34340.000000 22.129805 23.392769
34350.000000 22.124016 23.390580
34360.000000 22.118684 23.382395
34370.000000 22.113117 23.376121
34380.000000 22.106809 23.373377
34390.000000 22.100608 23.367150
34400.000000 22.095674 23.360108
34410.000000 22.090193 23.356796
34420.000000 22.084035 23.353482
34430.000000 22.078088 23.347521
34440.000000 22.072269 23.341694
34450.000000 22.067183 23.336642
34460.000000 22.063238 23.331364
34470.000000 22.058430 23.327323
34480.000000 22.054871 23.323170
34490.000000 22.051775 23.319507
34500.000000 22.050239 23.318923
34510.000000 22.049705 23.319399
34520.000000 22.048457 23.319120
34530.000000 22.048031 23.316137
34540.000000 22.045975 23.314289
34550.000000 22.043222 23.309562
34560.000000 22.041383 23.307944
34570.000000 22.039193 23.308092
34580.000000 22.037495 23.305907
34590.000000 22.036932 23.304925
34600.000000 22.035781 23.305457
34610.000000 22.033184 23.304459
34620.000000 22.029782 23.300472
34630.000000 22.025965 23.297470
34640.000000 22.021705 23.293287
34650.000000 22.017555 23.286377
34660.000000 22.013528 23.284573
34670.000000 22.008810 23.281325
34680.000000 22.005051 23.277671
34690.000000 22.001105 23.275948
34700.000000 21.996268 23.275409
34710.000000 21.990665 23.269090
34720.000000 21.984967 23.260545
34730.000000 21.978877 23.253005
34740.000000 21.974154 23.249744
34750.000000 21.969839 23.244791
34760.000000 21.966418 23.242198
34770.000000 21.962605 23.238482
34780.000000 21.958461 23.234416
34790.000000 21.955368 23.230756
34800.000000 21.952747 23.230420
34810.000000 21.948778 23.226538
34820.000000 21.945337 23.218980
34830.000000 21.943275 23.209362
34840.000000 21.942166 23.207804
34850.000000 21.941295 23.207203
34860.000000 21.940975 23.207184
34870.000000 21.942441 23.205535
34880.000000 21.945993 23.204688
34890.000000 21.949624 23.210959
34900.000000 21.951310 23.213766
34910.000000 21.951593 23.215090
34920.000000 21.951075 23.214862
34930.000000 21.951457 23.214180
34940.000000 21.951410 23.215154
34950.000000 21.950641 23.213958
34960.000000 21.950207 23.214522
34970.000000 21.948459 23.212291
34980.000000 21.944400 23.209019
34990.000000 21.939263 23.203204
35000.000000 21.933489 23.198118
35010.000000 21.929203 23.190401
35020.000000 21.924061 23.181782
35030.000000 21.918630 23.176360
35040.000000 21.912516 23.176508
35050.000000 21.906708 23.165790
35060.000000 21.900747 23.161202
35070.000000 21.895187 23.152848
35080.000000 21.891674 23.147358
35090.000000 21.887755 23.140047
35100.000000 21.884010 23.132924
35110.000000 21.883289 23.124129
35120.000000 21.884974 23.125535
35130.000000 21.885424 23.129812
35140.000000 21.884273 23.132396
35150.000000 21.882126 23.131142
35160.000000 21.879013 23.128171
35170.000000 21.875397 23.123278
35180.000000 21.871930 23.123407
35190.000000 21.868085 23.116189
35200.000000 21.864582 23.112111
35210.000000 21.862762 23.108424
35220.000000 21.862542 23.107819
35230.000000 21.862864 23.107785
35240.000000 21.863596 23.106107
35250.000000 21.864183 23.106355
35260.000000 21.864205 23.106698
35270.000000 21.862823 23.106250
35280.000000 21.861127 23.105470
35290.000000 21.859876 23.105851
35300.000000 21.858145 23.102956
35310.000000 21.856121 23.104593
35320.000000 21.852989 23.102291
35330.000000 21.848700 23.097384
35340.000000 21.843639 23.088898
35350.000000 21.839262 23.081138
35360.000000 21.834433 23.074974
35370.000000 21.828971 23.068142
35380.000000 21.825335 23.063929
35390.000000 21.821796 23.057755
35400.000000 21.818167 23.053551
35410.000000 21.813345 23.051527
35420.000000 21.807530 23.046388
35430.000000 21.802979 23.037086
35440.000000 21.799324 23.032856
35450.000000 21.795937 23.033028
35460.000000 21.791330 23.028477
35470.000000 21.785803 23.026385
35480.000000 21.779665 23.026387
35490.000000 21.773990 23.017273
35500.000000 21.767892 23.017310
35510.000000 21.764368 23.005677
35520.000000 21.760288 23.003733
35530.000000 21.755475 22.998275
35540.000000 21.751897 22.994124
35550.000000 21.748083 22.989722
35560.000000 21.743279 22.982908
35570.000000 21.738978 22.975945
35580.000000 21.734591 22.972307
35590.000000 21.731082 22.966866
35600.000000 21.727094 22.962966
35610.000000 21.724794 22.956762
35620.000000 21.722832 22.951600
35630.000000 21.720255 22.950554
35640.000000 21.718394 22.948903
35650.000000 21.716268 22.949013
35660.000000 21.713317 22.944849
35670.000000 21.710951 22.937907
35680.000000 21.710213 22.935406
35690.000000 21.711701 22.934578
35700.000000 21.713315 22.937279
35710.000000 21.715412 22.939132
35720.000000 21.719373 22.942954
35730.000000 21.723148 22.946580
35740.000000 21.726790 22.952779
35750.000000 21.728092 22.957184
35760.000000 21.728965 22.957065
35770.000000 21.729553 22.957324
35780.000000 21.729783 22.959916
35790.000000 21.731037 22.961556
35800.000000 21.732217 22.965150
35810.000000 21.733441 22.966080
35820.000000 21.733786 22.964726
35830.000000 21.733633 22.968943
35840.000000 21.732626 22.966160
35850.000000 21.732368 22.963493
35860.000000 21.733952 22.960068
35870.000000 21.735134 22.965690
35880.000000 21.733874 22.967378
35890.000000 21.732389 22.964094
35900.000000 21.731122 22.963745
35910.000000 21.729257 22.960060
35920.000000 21.727363 22.956346
35930.000000 21.725723 22.956276
35940.000000 21.723581 22.957701
35950.000000 21.721559 22.954527
35960.000000 21.720727 22.952611
35970.000000 21.720555 22.952741
35980.000000 21.718677 22.952417
35990.000000 21.715929 22.951847
36000.000000 21.711960 22.947962
36010.000000 21.708286 22.947084
36020.000000 21.704415 22.941955
36030.000000 21.701265 22.938937
36040.000000 21.699468 22.938019
36050.000000 21.698665 22.937480
36060.000000 21.696683 22.933677
36070.000000 21.694047 22.933888
36080.000000 21.690123 22.930049
36090.000000 21.685459 22.925426
36100.000000 21.679619 22.920903
36110.000000 21.673650 22.920940
36120.000000 21.667943 22.914539
36130.000000 21.662301 22.910220
36140.000000 21.656607 22.904503
36150.000000 21.650979 22.899526
36160.000000 21.645345 22.893202
36170.000000 21.639596 22.893451
36180.000000 21.636002 22.886605
36190.000000 21.630913 22.882863
36200.000000 21.625288 22.875879
36210.000000 21.619993 22.870580
36220.000000 21.616022 22.865347
36230.000000 21.611785 22.862502
36240.000000 21.605881 22.862565
36250.000000 21.600548 22.851219
36260.000000 21.594627 22.851257
36270.000000 21.589009 22.840947
36280.000000 21.583922 22.835867
36290.000000 21.579366 22.830016
36300.000000 21.576286 22.823067
36310.000000 21.573380 22.819630
36320.000000 21.569314 22.815631
36330.000000 21.564964 22.811995
36340.000000 21.560624 22.805050
36350.000000 21.555945 22.802393
36360.000000 21.550278 22.796035
36370.000000 21.545193 22.787643
36380.000000 21.541937 22.784500
36390.000000 21.538444 22.780444
36400.000000 21.534294 22.775033
36410.000000 21.531684 22.766622
36420.000000 21.529434 22.767849
36430.000000 21.527151 22.761112
36440.000000 21.523615 22.758997
36450.000000 21.518278 22.756295
36460.000000 21.512921 22.751591
36470.000000 21.507030 22.751599
36480.000000 21.501915 22.742530
36490.000000 21.496159 22.738718
36500.000000 21.490486 22.734334
36510.000000 21.485517 22.726083
36520.000000 21.479675 22.726127
36530.000000 21.476034 22.714020
36540.000000 21.472446 22.711181
36550.000000 21.470096 22.707023
36560.000000 21.469547 22.700831
36570.000000 21.470594 22.699614
36580.000000 21.471041 22.703011
36590.000000 21.470384 22.701305
36600.000000 21.469266 22.700423
36610.000000 21.466611 22.697916
36620.000000 21.463888 22.693371
36630.000000 21.460427 22.691976
36640.000000 21.456219 22.685207
36650.000000 21.451714 22.680744
36660.000000 21.446858 22.675256
36670.000000 21.441039 22.675287
36680.000000 21.438415 22.661702
36690.000000 21.435682 22.659114
36700.000000 21.434055 22.657041
36710.000000 21.432041 22.653256
36720.000000 21.429704 22.648478
36730.000000 21.427231 22.645514
36740.000000 21.423963 22.644316
36750.000000 21.420267 22.638104
36760.000000 21.417626 22.635614
36770.000000 21.413294 22.632637
36780.000000 21.407494 22.632661
36790.000000 21.402232 22.620895
36800.000000 21.397392 22.614780
36810.000000 21.393135 22.611229
36820.000000 21.388644 22.606782
36830.000000 21.383577 22.603672
36840.000000 21.377774 22.603673
36850.000000 21.372823 22.591605
36860.000000 21.367091 22.591674
36870.000000 21.363046 22.579925
36880.000000 21.358434 22.576642
36890.000000 21.353897 22.572791
36900.000000 21.348870 22.567774
36910.000000 21.343093 22.567782
36920.000000 21.337918 22.557437
36930.000000 21.332503 22.552654
36940.000000 21.328125 22.548322
36950.000000 21.323373 22.544240
36960.000000 21.317865 22.539357
36970.000000 21.312741 22.533590
36980.000000 21.309542 22.529214
36990.000000 21.306253 22.524745
37000.000000 21.302494 22.519779
37010.000000 21.297214 22.513206
37020.000000 21.293772 22.508579
37030.000000 21.289050 22.505167
37040.000000 21.283903 22.501307
37050.000000 21.278352 22.496375
37060.000000 21.273415 22.491449
37070.000000 21.268287 22.485039
37080.000000 21.263654 22.479793
37090.000000 21.258998 22.473884
37100.000000 21.253734 22.469894
37110.000000 21.249153 22.458306
37120.000000 21.246463 22.457038
37130.000000 21.243091 22.451851
37140.000000 21.240486 22.447476
37150.000000 21.239430 22.444102
37160.000000 21.239554 22.443889
37170.000000 21.239414 22.445313
37180.000000 21.238475 22.443979
37190.000000 21.235858 22.440871
37200.000000 21.233491 22.441214
37210.000000 21.230853 22.438721
37220.000000 21.229320 22.434846
37230.000000 21.228606 22.432477
37240.000000 21.228872 22.432415
37250.000000 21.228365 22.435994
37260.000000 21.227230 22.432542
37270.000000 21.225712 22.428689
37280.000000 21.223428 22.426570
37290.000000 21.220171 22.421517
37300.000000 21.216479 22.419816
37310.000000 21.211514 22.414864
37320.000000 21.206818 22.410195
37330.000000 21.201955 22.408522
37340.000000 21.196898 22.402836
37350.000000 21.191480 22.398670
37360.000000 21.186078 22.390718
37370.000000 21.181143 22.385795
37380.000000 21.176332 22.381003
37390.000000 21.170903 22.374924
37400.000000 21.166401 22.371090
37410.000000 21.161238 22.364661
37420.000000 21.155599 22.364678
37430.000000 21.150399 22.353158
37440.000000 21.145358 22.348752
37450.000000 21.140162 22.341660
37460.000000 21.136118 22.337047
37470.000000 21.131857 22.335356
37480.000000 21.127203 22.331357
37490.000000 21.122074 22.324967
37500.000000 21.117532 22.321085
37510.000000 21.112330 22.316505
37520.000000 21.107244 22.311419
37530.000000 21.103086 22.302287
37540.000000 21.098555 22.296534
37550.000000 21.093815 22.286169
37560.000000 21.089834 22.282255
37570.000000 21.085193 22.275763
37580.000000 21.081538 22.270316
37590.000000 21.077626 22.266475
37600.000000 21.074752 22.261228
37610.000000 21.070422 22.255696
37620.000000 21.066813 22.250302
37630.000000 21.063609 22.247834
37640.000000 21.060943 22.244062
37650.000000 21.058203 22.240212
37660.000000 21.056059 22.238241
37670.000000 21.052878 22.237667
37680.000000 21.047778 22.235064
37690.000000 21.043343 22.229423
37700.000000 21.037778 22.229442
37710.000000 21.033094 22.221045
37720.000000 21.028610 22.214109
37730.000000 21.025243 22.211463
37740.000000 21.022207 22.209790
37750.000000 21.018845 22.205905
37760.000000 21.015641 22.200946
37770.000000 21.013601 22.200943
37780.000000 21.011046 22.198532
37790.000000 21.006870 22.196271
37800.000000 21.001357 22.196317
37810.000000 20.997749 22.187829
37820.000000 20.993964 22.181637
37830.000000 20.992029 22.177403
37840.000000 20.989053 22.175785
37850.000000 20.985926 22.170913
37860.000000 20.984594 22.170412
37870.000000 20.983056 22.169076
37880.000000 20.981418 22.166395
37890.000000 20.980577 22.162705
37900.000000 20.980606 22.161788
37910.000000 20.980776 22.162256
37920.000000 20.981759 22.161731
37930.000000 20.982842 22.161929
37940.000000 20.985714 22.164017
37950.000000 20.988854 22.165771
37960.000000 20.993715 22.169961
37970.000000 20.998737 22.176170
37980.000000 21.002924 22.182115
37990.000000 21.006521 22.186203
38000.000000 21.009788 22.189326
38010.000000 21.012409 22.189916
38020.000000 21.015439 22.191556
38030.000000 21.018981 22.193121
38040.000000 21.022068 22.198519
38050.000000 21.025134 22.203280
38060.000000 21.028534 22.201614
38070.000000 21.032557 22.206768
38080.000000 21.036264 22.212820
38090.000000 21.039465 22.218953
38100.000000 21.041409 22.223144
38110.000000 21.043274 22.222938
38120.000000 21.046445 22.222267
38130.000000 21.050321 22.221111
38140.000000 21.054566 22.223422
38150.000000 21.058212 22.224488
38160.000000 21.063030 22.228020
38170.000000 21.066584 22.232678
38180.000000 21.069934 22.237120
38190.000000 21.072851 22.237418
38200.000000 21.077016 22.241492
38210.000000 21.080715 22.246302
38220.000000 21.083308 22.248102
38230.000000 21.084976 22.253841
38240.000000 21.085740 22.254325
38250.000000 21.085813 22.255922
38260.000000 21.085582 22.253513
38270.000000 21.084791 22.250515
38280.000000 21.084842 22.248408
38290.000000 21.084491 22.250169
38300.000000 21.083807 22.249126
38310.000000 21.083707 22.248088
38320.000000 21.083994 22.246845
38330.000000 21.086823 22.249509
38340.000000 21.089931 22.254306
38350.000000 21.091877 22.258489
38360.000000 21.091518 22.258401
38370.000000 21.091954 22.253644
38380.000000 21.093079 22.255123
38390.000000 21.094427 22.254392
38400.000000 21.095766 22.255486
38410.000000 21.097631 22.257135
38420.000000 21.098461 22.260137
38430.000000 21.098413 22.262212
38440.000000 21.097649 22.262308
38450.000000 21.095761 22.259997
38460.000000 21.092792 22.259598
38470.000000 21.089747 22.257897
38480.000000 21.085239 22.253428
38490.000000 21.081060 22.251749
38500.000000 21.076400 22.245289
38510.000000 21.071372 22.239052
38520.000000 21.066898 22.234620
38530.000000 21.061720 22.234925
38540.000000 21.056701 22.228696
38550.000000 21.051434 22.223424
38560.000000 21.045976 22.223425
38570.000000 21.041971 22.212186
38580.000000 21.038476 22.206961
38590.000000 21.035247 22.206270
38600.000000 21.032114 22.200820
38610.000000 21.027846 22.197816
38620.000000 21.022657 22.194445
38630.000000 21.017615 22.186983
38640.000000 21.013161 22.183174
38650.000000 21.009263 22.179951
38660.000000 21.005760 22.176539
38670.000000 21.001699 22.172537
38680.000000 20.996625 22.169887
38690.000000 20.992172 22.163655
38700.000000 20.987221 22.159318
38710.000000 20.982729 22.156672
38720.000000 20.977561 22.152104
38730.000000 20.972810 22.148577
38740.000000 20.967960 22.143135
38750.000000 20.963033 22.138215
38760.000000 20.957987 22.134979
38770.000000 20.952660 22.131444
38780.000000 20.947279 22.131466
38790.000000 20.942265 22.122231
38800.000000 20.937062 22.117618
38810.000000 20.931879 22.112424
38820.000000 20.926517 22.112455
38830.000000 20.924097 22.102959
38840.000000 20.921205 22.098382
38850.000000 20.918811 22.099138
38860.000000 20.914777 22.094556
38870.000000 20.911434 22.091304
38880.000000 20.908150 22.089915
38890.000000 20.903188 22.089152
38900.000000 20.898002 22.085149
38910.000000 20.893525 22.078297
38920.000000 20.891566 22.076504
38930.000000 20.889020 22.074691
38940.000000 20.884873 22.069987
38950.000000 20.881327 22.063524
38960.000000 20.879424 22.060594
38970.000000 20.878074 22.058249
38980.000000 20.878149 22.055618
38990.000000 20.878937 22.057924
39000.000000 20.878904 22.059363
39010.000000 20.875951 22.058911
39020.000000 20.872845 22.056502
39030.000000 20.870172 22.053954
39040.000000 20.867664 22.050984
39050.000000 20.866007 22.048913
39060.000000 20.864587 22.047689
39070.000000 20.864615 22.046206
39080.000000 20.865064 22.046361
39090.000000 20.865896 22.048708
39100.000000 20.867194 22.048569
39110.000000 20.869285 22.050459
39120.000000 20.872258 22.055068
39130.000000 20.875268 22.054356
39140.000000 20.878700 22.057664
39150.000000 20.883231 22.062727
39160.000000 20.887556 22.066383
39170.000000 20.891134 22.069250
39180.000000 20.895629 22.075467
39190.000000 20.898478 22.080539
39200.000000 20.900931 22.081622
39210.000000 20.903844 22.086167
39220.000000 20.906601 22.091737
39230.000000 20.907243 22.092095
39240.000000 20.907825 22.092987
39250.000000 20.907295 22.090323
39260.000000 20.906593 22.092236
39270.000000 20.904152 22.092310
39280.000000 20.901954 22.085507
39290.000000 20.901616 22.081269
39300.000000 20.902051 22.077851
39310.000000 20.902958 22.078493
39320.000000 20.902822 22.079813
39330.000000 20.901393 22.078580
39340.000000 20.899669 22.075258
39350.000000 20.897919 22.071317
39360.000000 20.896369 22.072326
39370.000000 20.893314 22.067600
39380.000000 20.889442 22.064970
39390.000000 20.886126 22.060561
39400.000000 20.883090 22.058814
39410.000000 20.879753 22.054973
39420.000000 20.877533 22.052905
39430.000000 20.876050 22.052796
39440.000000 20.875793 22.046304
39450.000000 20.876416 22.047829
39460.000000 20.877916 22.048510
39470.000000 20.879902 22.047934
39480.000000 20.882977 22.049100
39490.000000 20.884899 22.052585
39500.000000 20.887014 22.052739
39510.000000 20.889881 22.056633
39520.000000 20.893074 22.059103
39530.000000 20.898579 22.060480
39540.000000 20.905132 22.066497
39550.000000 20.911272 22.071490
39560.000000 20.919355 22.078534
39570.000000 20.927937 22.088460
39580.000000 20.936747 22.096271
39590.000000 20.945784 22.104910
39600.000000 20.955259 22.114011
39610.000000 20.965163 22.121796
39620.000000 20.974804 22.130482
39630.000000 20.985069 22.141005
39640.000000 20.995519 22.152312
39650.000000 21.004522 22.162683
39660.000000 21.012641 22.173300
39670.000000 21.019591 22.183276
39680.000000 21.026863 22.187690
39690.000000 21.031788 22.195529
39700.000000 21.036306 22.199397
39710.000000 21.041839 22.201388
39720.000000 21.047041 22.210699
39730.000000 21.050309 22.213248
39740.000000 21.054439 22.218477
39750.000000 21.057691 22.223960
39760.000000 21.061065 22.226031
39770.000000 21.064832 22.227338
39780.000000 21.068985 22.230233
39790.000000 21.074120 22.235343
39800.000000 21.078346 22.240083
39810.000000 21.081876 22.244679
39820.000000 21.085419 22.248109
39830.000000 21.087922 22.252800
39840.000000 21.090072 22.252992
39850.000000 21.092557 22.257663
39860.000000 21.095157 22.263635
39870.000000 21.095600 22.268508
39880.000000 21.094970 22.268122
39890.000000 21.092722 22.266617
39900.000000 21.090301 22.260218
39910.000000 21.088850 22.258377
39920.000000 21.088935 22.254038
39930.000000 21.089487 22.255489
39940.000000 21.089165 22.255430
39950.000000 21.089151 22.252168
39960.000000 21.089848 22.252596
39970.000000 21.091140 22.255415
39980.000000 21.093624 22.258316
39990.000000 21.097153 22.259971
40000.000000 21.101632 22.262040
40010.000000 21.108027 22.267894
40020.000000 21.113465 22.272738
40030.000000 21.117455 22.278990
40040.000000 21.120649 22.281467
40050.000000 21.122969 22.285957
40060.000000 21.125272 22.288079
40070.000000 21.127021 22.289032
40080.000000 21.129285 22.290528
40090.000000 21.132162 22.295017
40100.000000 21.134494 22.299518
40110.000000 21.135960 22.300172
40120.000000 21.138947 22.301845
40130.000000 21.142708 22.304921
40140.000000 21.145766 22.310187
40150.000000 21.148147 22.314738
40160.000000 21.150660 22.317670
40170.000000 21.152206 22.320753
40180.000000 21.152581 22.320256
40190.000000 21.151487 22.317624
40200.000000 21.150226 22.315987
40210.000000 21.148305 22.313654
40220.000000 21.145704 22.311189
40230.000000 21.142395 22.309147
40240.000000 21.139542 22.304661
40250.000000 21.136768 22.303183
40260.000000 21.134440 22.296915
40270.000000 21.132226 22.291939
40280.000000 21.130121 22.288830
40290.000000 21.127523 22.285786
40300.000000 21.126449 22.285518
40310.000000 21.126320 22.284494
40320.000000 21.126077 22.282770
40330.000000 21.127642 22.282369
40340.000000 21.130700 22.283545
40350.000000 21.134409 22.288320
40360.000000 21.137693 22.294977
40370.000000 21.141113 22.297116
40380.000000 21.145436 22.301374
40390.000000 21.151513 22.305734
40400.000000 21.157956 22.310481
40410.000000 21.164453 22.317613
40420.000000 21.171509 22.323587
40430.000000 21.178664 22.331996
40440.000000 21.185139 22.340270
40450.000000 21.191004 22.346153
40460.000000 21.195876 22.352155
40470.000000 21.198738 22.353125
40480.000000 21.201927 22.355604
40490.000000 21.206254 22.358702
40500.000000 21.210066 22.361838
40510.000000 21.215098 22.366262
40520.000000 21.220604 22.370021
40530.000000 21.226582 22.373696
40540.000000 21.234826 22.379178
40550.000000 21.243554 22.388079
40560.000000 21.253745 22.396194
40570.000000 21.264063 22.407351
40580.000000 21.274070 22.416435
40590.000000 21.284575 22.427208
40600.000000 21.294345 22.438370
40610.000000 21.303681 22.446746
40620.000000 21.312552 22.455797
40630.000000 21.320734 22.464703
40640.000000 21.329645 22.473795
40650.000000 21.338372 22.483859
40660.000000 21.346270 22.493050
40670.000000 21.353048 22.498147
40680.000000 21.361278 22.507104
40690.000000 21.368962 22.515487
40700.000000 21.377590 22.521365
40710.000000 21.386227 22.527837
40720.000000 21.395837 22.538830
40730.000000 21.405122 22.547149
40740.000000 21.414076 22.557452
40750.000000 21.423061 22.564288
40760.000000 21.432122 22.574703
40770.000000 21.440045 22.582754
40780.000000 21.448839 22.591721
40790.000000 21.458402 22.600331
40800.000000 21.467974 22.611868
40810.000000 21.476750 22.624320
40820.000000 21.483806 22.633793
40830.000000 21.491334 22.638507
40840.000000 21.499355 22.648412
40850.000000 21.506539 22.656268
40860.000000 21.513810 22.666554
40870.000000 21.519169 22.673656
40880.000000 21.523582 22.679762
40890.000000 21.528756 22.681993
40900.000000 21.532791 22.689454
40910.000000 21.536837 22.694588
40920.000000 21.540059 22.700608
40930.000000 21.542755 22.701397
40940.000000 21.544552 22.702408
40950.000000 21.546947 22.706971
40960.000000 21.549783 22.710245
40970.000000 21.552805 22.709627
40980.000000 21.554990 22.713967
40990.000000 21.556124 22.717201
41000.000000 21.557979 22.716521
41010.000000 21.559809 22.718736
41020.000000 21.561407 22.720122
41030.000000 21.562715 22.721786
41040.000000 21.564931 22.722073
41050.000000 21.566787 22.724898
41060.000000 21.568801 22.728473
41070.000000 21.570896 22.729218
41080.000000 21.572863 22.731576
41090.000000 21.575598 22.733577
41100.000000 21.578790 22.737227
41110.000000 21.581719 22.741765
41120.000000 21.584486 22.745549
41130.000000 21.587356 22.748859
41140.000000 21.590668 22.751468
41150.000000 21.594559 22.756437
41160.000000 21.598701 22.759921
41170.000000 21.602022 22.765455
41180.000000 21.605383 22.769282
41190.000000 21.609005 22.770471
41200.000000 21.611751 22.776562
41210.000000 21.614352 22.776675
41220.000000 21.618522 22.779607
41230.000000 21.622868 22.786220
41240.000000 21.627617 22.790344
41250.000000 21.631936 22.796345
41260.000000 21.634881 22.801481
41270.000000 21.636890 22.806795
41280.000000 21.638098 22.807187
41290.000000 21.640165 22.810815
41300.000000 21.641217 22.810460
41310.000000 21.641232 22.810177
41320.000000 21.641864 22.812291
41330.000000 21.642575 22.813325
41340.000000 21.643450 22.813366
41350.000000 21.645028 22.814150
41360.000000 21.646879 22.816966
41370.000000 21.648569 22.817868
41380.000000 21.650150 22.822724
41390.000000 21.650929 22.825572
41400.000000 21.652009 22.826411
41410.000000 21.653774 22.828554
41420.000000 21.656450 22.831077
41430.000000 21.659418 22.832744
41440.000000 21.662879 22.834352
41450.000000 21.666948 22.841247
41460.000000 21.671344 22.842098
41470.000000 21.676197 22.845755
41480.000000 21.680673 22.850755
41490.000000 21.685331 22.855948
41500.000000 21.690155 22.860735
41510.000000 21.695400 22.865385
41520.000000 21.700890 22.868552
41530.000000 21.707777 22.872611
41540.000000 21.714483 22.877641
41550.000000 21.722021 22.888189
41560.000000 21.728517 22.894739
41570.000000 21.735738 22.898569
41580.000000 21.743610 22.904246
41590.000000 21.752336 22.914305
41600.000000 21.760970 22.924267
41610.000000 21.770632 22.934150
41620.000000 21.781362 22.944578
41630.000000 21.793493 22.955320
41640.000000 21.805388 22.966974
41650.000000 21.816686 22.982648
41660.000000 21.826806 22.991851
41670.000000 21.837899 23.003823
41680.000000 21.849228 23.014881
41690.000000 21.861373 23.025052
41700.000000 21.874294 23.040113
41710.000000 21.886910 23.053689
41720.000000 21.901113 23.066024
41730.000000 21.914995 23.080351
41740.000000 21.929398 23.093477
41750.000000 21.945400 23.107704
41760.000000 21.962217 23.125118
41770.000000 21.979360 23.140542
41780.000000 21.996411 23.159952
41790.000000 22.012208 23.177459
41800.000000 22.028148 23.195117
41810.000000 22.043887 23.213735
41820.000000 22.058923 23.230444
41830.000000 22.073355 23.243591
41840.000000 22.088821 23.259583
41850.000000 22.104787 23.274344
41860.000000 22.120344 23.289844
41870.000000 22.136268 23.305729
41880.000000 22.152090 23.320921
41890.000000 22.168616 23.339784
41900.000000 22.184482 23.353260
41910.000000 22.200171 23.370656
41920.000000 22.215378 23.388132
41930.000000 22.229682 23.402897
41940.000000 22.243611 23.419030
41950.000000 22.258514 23.433249
41960.000000 22.273300 23.449109
41970.000000 22.287749 23.464025
41980.000000 22.303158 23.479952
41990.000000 22.318855 23.495004
42000.000000 22.335353 23.510898
42010.000000 22.352563 23.526950
42020.000000 22.370340 23.543009
42030.000000 22.388235 23.562727
42040.000000 22.406786 23.582548
42050.000000 22.425621 23.602077
42060.000000 22.444420 23.620385
42070.000000 22.462952 23.636637
42080.000000 22.481706 23.652529
42090.000000 22.501097 23.675004
42100.000000 22.520794 23.694842
42110.000000 22.540916 23.718683
42120.000000 22.561355 23.736931
42130.000000 22.583646 23.760089
42140.000000 22.605446 23.780949
42150.000000 22.626265 23.802558
42160.000000 22.647434 23.822750
42170.000000 22.668412 23.845118
42180.000000 22.688324 23.865175
42190.000000 22.707808 23.887162
42200.000000 22.726180 23.909175
42210.000000 22.743795 23.927411
42220.000000 22.761778 23.946632
42230.000000 22.779854 23.964159
42240.000000 22.799085 23.982303
42250.000000 22.817214 24.002871
42260.000000 22.833960 24.019594
42270.000000 22.850876 24.035298
42280.000000 22.868787 24.053244
42290.000000 22.886197 24.074255
42300.000000 22.901726 24.089696
42310.000000 22.917079 24.104950
42320.000000 22.933548 24.123775
42330.000000 22.949205 24.141749
42340.000000 22.964434 24.155073
42350.000000 22.979667 24.168398
42360.000000 22.995911 24.186388
42370.000000 23.012001 24.200613
42380.000000 23.028491 24.218260
42390.000000 23.045368 24.236315
42400.000000 23.061632 24.256132
42410.000000 23.078903 24.273399
42420.000000 23.097239 24.292388
42430.000000 23.116713 24.314381
42440.000000 23.135871 24.331220
42450.000000 23.156195 24.349884
42460.000000 23.178095 24.371410
42470.000000 23.200927 24.393915
42480.000000 23.225190 24.419129
42490.000000 23.248169 24.442389
42500.000000 23.271531 24.466049
42510.000000 23.294645 24.494901
42520.000000 23.316832 24.519753
42530.000000 23.339398 24.542579
42540.000000 23.362150 24.564992
42550.000000 23.385650 24.590011
42560.000000 23.408216 24.614050
42570.000000 23.431719 24.632381
42580.000000 23.456668 24.657703
42590.000000 23.481779 24.686240
42600.000000 23.507063 24.710084
42610.000000 23.533023 24.736465
42620.000000 23.558337 24.765220
42630.000000 23.582906 24.790139
42640.000000 23.607674 24.817712
42650.000000 23.632033 24.841796
42660.000000 23.656308 24.868854
42670.000000 23.681044 24.895172
42680.000000 23.705768 24.920250
42690.000000 23.730768 24.948690
42700.000000 23.756362 24.969149
42710.000000 23.782221 24.997260
42720.000000 23.807973 25.025260
42730.000000 23.834020 25.054188
42740.000000 23.857437 25.077270
42750.000000 23.880636 25.098269
42760.000000 23.904860 25.118490
42770.000000 23.929262 25.142597
42780.000000 23.953219 25.167470
42790.000000 23.977067 25.192847
42800.000000 24.000750 25.219290
42810.000000 24.024011 25.240954
42820.000000 24.047361 25.268288
42830.000000 24.070715 25.291908
42840.000000 24.094585 25.319794
42850.000000 24.117178 25.346342
42860.000000 24.138122 25.368675
42870.000000 24.157619 25.391976
42880.000000 24.175928 25.411541
42890.000000 24.192352 25.432864
42900.000000 24.206767 25.447714
42910.000000 24.220467 25.462436
42920.000000 24.234368 25.476745
42930.000000 24.249735 25.490723
42940.000000 24.266499 25.509914
42950.000000 24.282395 25.529445
42960.000000 24.296999 25.546994
42970.000000 24.311165 25.559081
42980.000000 24.326405 25.577926
42990.000000 24.341815 25.591945
43000.000000 24.359049 25.611010
43010.000000 24.376441 25.630244
43020.000000 24.393452 25.647196
43030.000000 24.410330 25.665889
43040.000000 24.426355 25.684313
43050.000000 24.443478 25.702010
43060.000000 24.460321 25.723183
43070.000000 24.474829 25.740016
43080.000000 24.488311 25.756402
43090.000000 24.501598 25.770696
43100.000000 24.515034 25.785147
43110.000000 24.527985 25.800348
43120.000000 24.540471 25.812540
43130.000000 24.552710 25.826994
43140.000000 24.564284 25.843268
43150.000000 24.574646 25.855119
43160.000000 24.584452 25.865123
43170.000000 24.595237 25.876788
43180.000000 24.606713 25.887289
43190.000000 24.619230 25.896991
43200.000000 24.631042 25.905320
43210.000000 24.642770 25.919868
43220.000000 24.653181 25.931769
43230.000000 24.662830 25.939714
43240.000000 24.673432 25.948661
43250.000000 24.684393 25.955460
43260.000000 24.696425 25.972222
43270.000000 24.706661 25.982045
43280.000000 24.716028 25.990954
43290.000000 24.726193 25.999439
43300.000000 24.736363 26.011718
43310.000000 24.747096 26.018273
43320.000000 24.758856 26.027170
43330.000000 24.771223 26.039863
43340.000000 24.784234 26.053232
43350.000000 24.796385 26.068226
43360.000000 24.808965 26.081775
43370.000000 24.821422 26.093297
43380.000000 24.834641 26.107518
43390.000000 24.847695 26.121566
43400.000000 24.861065 26.131514
43410.000000 24.876673 26.146979
43420.000000 24.892757 26.161677
43430.000000 24.908966 26.180305
43440.000000 24.924284 26.196097
43450.000000 24.940405 26.208929
43460.000000 24.957853 26.222519
43470.000000 24.975291 26.241169
43480.000000 24.993953 26.260471
43490.000000 25.011665 26.280045
43500.000000 25.028258 26.296537
43510.000000 25.044710 26.314151
43520.000000 25.060581 26.332427
43530.000000 25.076435 26.350052
43540.000000 25.092534 26.369206
43550.000000 25.106500 26.384848
43560.000000 25.120327 26.399070
43570.000000 25.134163 26.414576
43580.000000 25.147657 26.427173
43590.000000 25.161847 26.443690
43600.000000 25.175998 26.458253
43610.000000 25.189493 26.471487
43620.000000 25.203139 26.486157
43630.000000 25.216765 26.502083
43640.000000 25.229208 26.518043
43650.000000 25.241021 26.526317
43660.000000 25.251453 26.537609
43670.000000 25.259119 26.545995
43680.000000 25.265456 26.551706
43690.000000 25.272349 26.556086
43700.000000 25.280042 26.567055
43710.000000 25.287143 26.572930
43720.000000 25.294477 26.579050
43730.000000 25.303488 26.585016
43740.000000 25.312735 26.594423
43750.000000 25.321862 26.603704
43760.000000 25.330778 26.615320
43770.000000 25.338754 26.623392
43780.000000 25.345280 26.633775
43790.000000 25.351338 26.637914
43800.000000 25.357903 26.647061
43810.000000 25.364586 26.650579
43820.000000 25.372300 26.659653
43830.000000 25.382037 26.667018
43840.000000 25.391899 26.677711
43850.000000 25.401588 26.685664
43860.000000 25.411410 26.693757
43870.000000 25.419870 26.703616
43880.000000 25.427502 26.710686
43890.000000 25.433608 26.718072
43900.000000 25.439548 26.725923
43910.000000 25.445139 26.730850
43920.000000 25.450876 26.737209
43930.000000 25.456223 26.743797
43940.000000 25.461928 26.750762
43950.000000 25.467267 26.757982
43960.000000 25.472022 26.763309
43970.000000 25.475423 26.769133
43980.000000 25.479274 26.770951
43990.000000 25.483960 26.776205
44000.000000 25.487755 26.777966
44010.000000 25.491968 26.781445
44020.000000 25.496221 26.788163
44030.000000 25.500014 26.792479
44040.000000 25.503411 26.793822
44050.000000 25.507509 26.797180
44060.000000 25.511607 26.802457
44070.000000 25.515337 26.807984
44080.000000 25.517834 26.812216
44090.000000 25.520321 26.812605
44100.000000 25.523928 26.818003
44110.000000 25.528054 26.818197
44120.000000 25.532674 26.824660
44130.000000 25.537640 26.828292
44140.000000 25.543065 26.831129
44150.000000 25.548102 26.837391
44160.000000 25.551905 26.843633
44170.000000 25.554765 26.845692
44180.000000 25.559355 26.848930
44190.000000 25.563267 26.856563
44200.000000 25.566951 26.856935
44210.000000 25.571253 26.862423
44220.000000 25.576161 26.867911
44230.000000 25.581043 26.870818
44240.000000 25.586427 26.877443
44250.000000 25.592122 26.880567
44260.000000 25.597073 26.888651
44270.000000 25.601454 26.891033
44280.000000 25.605324 26.896706
44290.000000 25.608310 26.901451
44300.000000 25.611115 26.904090
44310.000000 25.614439 26.908551
44320.000000 25.616382 26.910286
44330.000000 25.618514 26.914133
44340.000000 25.619374 26.916642
44350.000000 25.619653 26.917265
44360.000000 25.618939 26.918758
44370.000000 25.617852 26.916671
44380.000000 25.616802 26.917172
44390.000000 25.615498 26.915493
44400.000000 25.613361 26.915489
44410.000000 25.609435 26.911692
44420.000000 25.604417 26.908021
44430.000000 25.599466 26.903146
44440.000000 25.593888 26.903338
44450.000000 25.589070 26.893511
44460.000000 25.583422 26.893625
44470.000000 25.578176 26.883987
44480.000000 25.572837 26.878702
44490.000000 25.567582 26.872870
44500.000000 25.562861 26.869504
44510.000000 25.557370 26.865961
44520.000000 25.551671 26.866005
44530.000000 25.546854 26.854289
44540.000000 25.542452 26.846819
44550.000000 25.539379 26.841382
44560.000000 25.535838 26.840518
44570.000000 25.531364 26.836774
44580.000000 25.526242 26.833613
44590.000000 25.520890 26.830209
44600.000000 25.515216 26.830260
44610.000000 25.509759 26.820418
44620.000000 25.504096 26.817947
44630.000000 25.498871 26.809617
44640.000000 25.494342 26.803915
44650.000000 25.489137 26.798765
44660.000000 25.483970 26.794286
44670.000000 25.478605 26.790229
44680.000000 25.472909 26.790236
44690.000000 25.467749 26.781977
44700.000000 25.462420 26.777954
44710.000000 25.457161 26.775264
44720.000000 25.451658 26.771055
44730.000000 25.445972 26.771059
44740.000000 25.441333 26.760833
44750.000000 25.436475 26.759187
44760.000000 25.432271 26.755081
44770.000000 25.428461 26.748248
44780.000000 25.424446 26.742458
44790.000000 25.420611 26.736860
44800.000000 25.417921 26.732467
44810.000000 25.415704 26.727944
44820.000000 25.413358 26.727050
44830.000000 25.409743 26.722940
44840.000000 25.407773 26.718054
44850.000000 25.405987 26.717121
44860.000000 25.404577 26.714705
44870.000000 25.402947 26.714562
44880.000000 25.400880 26.715212
44890.000000 25.398281 26.712170
44900.000000 25.395837 26.709292
44910.000000 25.393997 26.703922
44920.000000 25.393039 26.703233
44930.000000 25.390886 26.701287
44940.000000 25.388851 26.697592
44950.000000 25.387661 26.699157
44960.000000 25.385593 26.698549
44970.000000 25.382465 26.695576
44980.000000 25.378647 26.693751
44990.000000 25.373762 26.693297
45000.000000 25.368151 26.692078
45010.000000 25.362651 26.686606
45020.000000 25.357248 26.683729
45030.000000 25.352373 26.678289
45040.000000 25.347149 26.674975
45050.000000 25.342624 26.668657
45060.000000 25.337635 26.664343
45070.000000 25.332056 26.664388
45080.000000 25.327684 26.653874
45090.000000 25.323950 26.647769
45100.000000 25.320667 26.643384
45110.000000 25.317075 26.641782
45120.000000 25.312261 26.635164
45130.000000 25.308017 26.629769
45140.000000 25.304196 26.625440
45150.000000 25.299168 26.621704
45160.000000 25.293591 26.621730
45170.000000 25.288673 26.611283
45180.000000 25.283721 26.606384
45190.000000 25.278409 26.601106
45200.000000 25.273837 26.596607
45210.000000 25.270522 26.589715
45220.000000 25.269135 26.589187
45230.000000 25.268176 26.589107
45240.000000 25.267301 26.588498
45250.000000 25.266513 26.587362
45260.000000 25.266382 26.587534
45270.000000 25.266279 26.584647
45280.000000 25.267079 26.584565
45290.000000 25.268447 26.584463
45300.000000 25.269976 26.588236
45310.000000 25.271819 26.591104
45320.000000 25.272147 26.594847
45330.000000 25.271107 26.594680
45340.000000 25.270026 26.592619
45350.000000 25.268547 26.589522
45360.000000 25.267808 26.588437
45370.000000 25.266462 26.588564
45380.000000 25.264823 26.587150
45390.000000 25.263321 26.585262
45400.000000 25.261933 26.586577
45410.000000 25.259333 26.585382
45420.000000 25.257063 26.578990
45430.000000 25.256291 26.574794
45440.000000 25.255846 26.573405
45450.000000 25.254644 26.574912
45460.000000 25.252723 26.571354
45470.000000 25.252371 26.568220
45480.000000 25.251092 26.562268
45490.000000 25.251727 26.560176
45500.000000 25.252871 26.561077
45510.000000 25.253542 26.562708
45520.000000 25.253741 26.563843
45530.000000 25.253534 26.563322
45540.000000 25.252534 26.561968
45550.000000 25.250837 26.561107
45560.000000 25.248852 26.560557
45570.000000 25.246832 26.557515
45580.000000 25.244098 26.554950
45590.000000 25.241523 26.553776
45600.000000 25.238781 26.551815
45610.000000 25.236003 26.546752
45620.000000 25.232532 26.540963
45630.000000 25.229679 26.536438
45640.000000 25.227873 26.532402
45650.000000 25.225717 26.533502
45660.000000 25.223190 26.532987
45670.000000 25.220512 26.531091
45680.000000 25.217744 26.528489
45690.000000 25.214454 26.525947
45700.000000 25.211036 26.522050
45710.000000 25.208167 26.516288
45720.000000 25.205243 26.515351
45730.000000 25.201379 26.510986
45740.000000 25.196801 26.507088
45750.000000 25.193244 26.500607
45760.000000 25.189830 26.494889
45770.000000 25.186821 26.492642
45780.000000 25.183354 26.490521
45790.000000 25.180093 26.483140
45800.000000 25.175781 26.481346
45810.000000 25.170305 26.481367
45820.000000 25.166413 26.469070
45830.000000 25.161705 26.465641
45840.000000 25.156235 26.465662
45850.000000 25.151201 26.456423
45860.000000 25.145742 26.454629
45870.000000 25.140485 26.450618
45880.000000 25.135665 26.445246
45890.000000 25.131460 26.442341
45900.000000 25.126530 26.438671
45910.000000 25.121824 26.431601
45920.000000 25.117421 26.426063
45930.000000 25.112313 26.424022
45940.000000 25.107042 26.419990
45950.000000 25.102185 26.412764
45960.000000 25.097150 26.412003
45970.000000 25.092312 26.403589
45980.000000 25.088856 26.402673
45990.000000 25.085161 26.398484
46000.000000 25.082236 26.395710
46010.000000 25.080019 26.393076
46020.000000 25.078257 26.390318
46030.000000 25.076851 26.387935
46040.000000 25.076111 26.388063
46050.000000 25.074790 26.387580
46060.000000 25.074011 26.384651
46070.000000 25.072473 26.384541
46080.000000 25.070771 26.382450
46090.000000 25.068545 26.380411
46100.000000 25.065249 26.377245
46110.000000 25.062291 26.372028
46120.000000 25.060066 26.368785
46130.000000 25.057466 26.367556
46140.000000 25.053998 26.364209
46150.000000 25.049190 26.360053
46160.000000 25.044208 26.354511
46170.000000 25.038795 26.354523
46180.000000 25.034307 26.344096
46190.000000 25.029906 26.334367
46200.000000 25.026025 26.332385
46210.000000 25.021391 26.328410
46220.000000 25.016206 26.324455
46230.000000 25.011117 26.319401
46240.000000 25.005747 26.319443
46250.000000 25.001380 26.308560
46260.000000 24.996001 26.308586
46270.000000 24.991199 26.301440
46280.000000 24.986138 26.296413
46290.000000 24.981929 26.294076
46300.000000 24.976833 26.290208
46310.000000 24.972064 26.281306
46320.000000 24.967388 26.282059
46330.000000 24.962434 26.275351
46340.000000 24.957168 26.271300
46350.000000 24.951831 26.271350
46360.000000 24.948061 26.262309
46370.000000 24.945253 26.254883
46380.000000 24.943261 26.253085
46390.000000 24.941179 26.251787
46400.000000 24.940048 26.249704
46410.000000 24.938692 26.248576
46420.000000 24.937932 26.245099
46430.000000 24.938010 26.242505
46440.000000 24.937607 26.244164
46450.000000 24.937285 26.244124
46460.000000 24.935492 26.246102
46470.000000 24.933214 26.242219
46480.000000 24.932275 26.239151
46490.000000 24.931614 26.237567
46500.000000 24.930880 26.235905
46510.000000 24.931151 26.233521
46520.000000 24.932461 26.233417
46530.000000 24.934230 26.234985
46540.000000 24.935382 26.240055
46550.000000 24.936280 26.238925
46560.000000 24.937172 26.239570
46570.000000 24.938529 26.238925
46580.000000 24.941403 26.239285
46590.000000 24.945325 26.244302
46600.000000 24.947930 26.248527
46610.000000 24.949556 26.253501
46620.000000 24.951130 26.252492
46630.000000 24.953048 26.254809
46640.000000 24.954536 26.258450
46650.000000 24.954714 26.259528
46660.000000 24.954638 26.259154
46670.000000 24.954869 26.260288
46680.000000 24.955864 26.257488
46690.000000 24.958381 26.257477
46700.000000 24.960690 26.259021
46710.000000 24.962289 26.262777
46720.000000 24.963089 26.262143
46730.000000 24.964342 26.263760
46740.000000 24.965856 26.266243
46750.000000 24.966864 26.267011
46760.000000 24.969182 26.265612
46770.000000 24.972321 26.268622
46780.000000 24.975105 26.270667
46790.000000 24.977422 26.273995
46800.000000 24.979168 26.274359
46810.000000 24.981219 26.275045
46820.000000 24.983270 26.276911
46830.000000 24.985914 26.280582
46840.000000 24.988569 26.283084
46850.000000 24.990409 26.284728
46860.000000 24.993421 26.287606
46870.000000 24.996847 26.291509
46880.000000 25.000484 26.293864
46890.000000 25.005049 26.294836
46900.000000 25.009885 26.300811
46910.000000 25.014857 26.306930
46920.000000 25.019798 26.313017
46930.000000 25.024247 26.316227
46940.000000 25.030518 26.320763
46950.000000 25.036109 26.327532
46960.000000 25.041406 26.334582
46970.000000 25.047216 26.340403
46980.000000 25.052871 26.344881
46990.000000 25.058330 26.351511
47000.000000 25.063417 26.357751
47010.000000 25.068488 26.365154
47020.000000 25.073284 26.369317
47030.000000 25.077963 26.375128
47040.000000 25.082414 26.381289
47050.000000 25.086931 26.384569
47060.000000 25.091624 26.390395
47070.000000 25.095874 26.393395
47080.000000 25.100514 26.396806
47090.000000 25.104658 26.402053
47100.000000 25.107507 26.407119
47110.000000 25.109641 26.412021
47120.000000 25.111389 26.414748
47130.000000 25.111939 26.414446
47140.000000 25.111710 26.415094
47150.000000 25.110837 26.413885
47160.000000 25.110302 26.414209
47170.000000 25.110900 26.408658
47180.000000 25.112340 26.411061
47190.000000 25.113638 26.414492
47200.000000 25.115539 26.415024
47210.000000 25.118036 26.416184
47220.000000 25.121567 26.420784
47230.000000 25.124495 26.425340
47240.000000 25.127954 26.427512
47250.000000 25.131709 26.432937
47260.000000 25.135289 26.434060
47270.000000 25.139513 26.438213
47280.000000 25.145020 26.441951
47290.000000 25.150577 26.444566
47300.000000 25.156100 26.450673
47310.000000 25.161509 26.457837
47320.000000 25.167087 26.462238
47330.000000 25.172329 26.467462
47340.000000 25.176996 26.471494
47350.000000 25.180198 26.475749
47360.000000 25.183033 26.480205
47370.000000 25.184820 26.481797
47380.000000 25.186489 26.483263
47390.000000 25.188122 26.484692
47400.000000 25.189187 26.487875
47410.000000 25.189098 26.487493
47420.000000 25.189023 26.488889
47430.000000 25.188840 26.486059
47440.000000 25.187133 26.484564
47450.000000 25.185761 26.485182
47460.000000 25.183769 26.482213
47470.000000 25.181376 26.479994
47480.000000 25.180135 26.478988
47490.000000 25.178142 26.479537
47500.000000 25.176248 26.476084
47510.000000 25.174888 26.474366
47520.000000 25.173221 26.474083
47530.000000 25.171919 26.468913
47540.000000 25.173127 26.465213
47550.000000 25.174277 26.467892
47560.000000 25.174760 26.468698
47570.000000 25.175035 26.472212
47580.000000 25.174712 26.472171
47590.000000 25.174414 26.473326
47600.000000 25.173800 26.475318
47610.000000 25.172426 26.477094
47620.000000 25.169699 26.474523
47630.000000 25.165980 26.470908
47640.000000 25.161185 26.469083
47650.000000 25.156094 26.465190
47660.000000 25.150978 26.460104
47670.000000 25.146310 26.454904
47680.000000 25.141770 26.449838
47690.000000 25.136626 26.443555
47700.000000 25.131547 26.438507
47710.000000 25.126804 26.434396
47720.000000 25.121619 26.434480
47730.000000 25.119699 26.420520
47740.000000 25.118208 26.419831
47750.000000 25.116291 26.415200
47760.000000 25.116150 26.413603
47770.000000 25.115539 26.413837
47780.000000 25.115399 26.412823
47790.000000 25.115011 26.413872
47800.000000 25.113484 26.410819
47810.000000 25.111640 26.406851
47820.000000 25.108921 26.407772
47830.000000 25.103856 26.407967
47840.000000 25.098932 26.401339
47850.000000 25.093718 26.397890
47860.000000 25.088705 26.394650
47870.000000 25.083707 26.390845
47880.000000 25.078774 26.385367
47890.000000 25.073548 26.385379
47900.000000 25.069118 26.373476
47910.000000 25.064277 26.368676
47920.000000 25.059256 26.361371
47930.000000 25.054793 26.356390
47940.000000 25.049876 26.349198
47950.000000 25.044960 26.345476
47960.000000 25.040294 26.339705
47970.000000 25.035089 26.339721
47980.000000 25.031398 26.328046
47990.000000 25.028346 26.325706
48000.000000 25.025698 26.319753
48010.000000 25.023134 26.316196
48020.000000 25.021232 26.315642
48030.000000 25.018929 26.314665
48040.000000 25.015607 26.312039
48050.000000 25.010529 26.308141
48060.000000 25.005532 26.304329
48070.000000 25.001109 26.298241
48080.000000 24.996371 26.295274
48090.000000 24.991343 26.292001
48100.000000 24.986153 26.292007
48110.000000 24.983150 26.279365
48120.000000 24.979900 26.275664
48130.000000 24.975639 26.273770
48140.000000 24.970511 26.273833
48150.000000 24.966174 26.266115
48160.000000 24.961011 26.266137
48170.000000 24.957496 26.258137
48180.000000 24.952573 26.253248
48190.000000 24.947962 26.247539
48200.000000 24.943941 26.242453
48210.000000 24.940444 26.237918
48220.000000 24.937255 26.233707
48230.000000 24.933196 26.225151
48240.000000 24.930328 26.222996
48250.000000 24.925809 26.221962
48260.000000 24.920799 26.216981
48270.000000 24.915924 26.209285
48280.000000 24.911168 26.205142
48290.000000 24.906025 26.205158
48300.000000 24.901092 26.195690
48310.000000 24.895954 26.195708
48320.000000 24.891278 26.186513
48330.000000 24.886344 26.182750
48340.000000 24.881255 26.182812
48350.000000 24.876447 26.175191
48360.000000 24.871319 26.175208
48370.000000 24.868918 26.163859
48380.000000 24.866124 26.160068
48390.000000 24.862268 26.156300
48400.000000 24.857520 26.153865
48410.000000 24.852466 26.149403
48420.000000 24.847351 26.149422
48430.000000 24.844288 26.139667
48440.000000 24.840455 26.136488
48450.000000 24.837296 26.128911
48460.000000 24.833979 26.125141
48470.000000 24.831066 26.122364
48480.000000 24.828986 26.116495
48490.000000 24.828112 26.114730
48500.000000 24.827258 26.115818
48510.000000 24.826064 26.115416
48520.000000 24.825114 26.115268
48530.000000 24.823328 26.111978
48540.000000 24.821581 26.112124
48550.000000 24.819579 26.109739
48560.000000 24.817348 26.108809
48570.000000 24.814296 26.108712
48580.000000 24.810299 26.105922
48590.000000 24.805912 26.099896
48600.000000 24.801962 26.097154
48610.000000 24.798883 26.091940
48620.000000 24.796297 26.087246
48630.000000 24.793293 26.084934
48640.000000 24.791038 26.083411
48650.000000 24.787853 26.079780
48660.000000 24.784484 26.075957
48670.000000 24.780885 26.071891
48680.000000 24.777174 26.067707
48690.000000 24.772346 26.066292
48700.000000 24.767948 26.061948
48710.000000 24.763398 26.054629
48720.000000 24.759019 26.049743
48730.000000 24.754104 26.046543
48740.000000 24.749536 26.041458
48750.000000 24.746141 26.037044
48760.000000 24.742197 26.035425
48770.000000 24.739292 26.029843
48780.000000 24.736460 26.024901
48790.000000 24.733447 26.020892
48800.000000 24.730503 26.015274
48810.000000 24.727033 26.010786
48820.000000 24.723872 26.004943
48830.000000 24.721407 26.002075
48840.000000 24.719321 26.000165
48850.000000 24.716516 25.996939
48860.000000 24.713948 25.996759
48870.000000 24.710447 25.993361
48880.000000 24.706855 25.989865
48890.000000 24.703534 25.987214
48900.000000 24.699512 25.984384
48910.000000 24.695356 25.979736
48920.000000 24.692579 25.974863
48930.000000 24.690991 25.969008
48940.000000 24.690614 25.968895
48950.000000 24.689980 25.967953
48960.000000 24.690188 25.967898
48970.000000 24.689599 25.969793
48980.000000 24.689118 25.965666
48990.000000 24.689120 25.966509
49000.000000 24.689065 25.966735
49010.000000 24.688055 25.965955
49020.000000 24.686169 25.965369
49030.000000 24.684292 25.963120
49040.000000 24.682151 25.960594
49050.000000 24.679114 25.959909
49060.000000 24.674357 25.956856
49070.000000 24.669573 25.953218
49080.000000 24.665035 25.948725
49090.000000 24.660334 25.944616
49100.000000 24.655703 25.938358
49110.000000 24.651283 25.932322
49120.000000 24.647417 25.927425
49130.000000 24.643833 25.921716
49140.000000 24.640493 25.919039
49150.000000 24.636996 25.916196
49160.000000 24.633885 25.910987
49170.000000 24.631556 25.908818
49180.000000 24.629223 25.906645
49190.000000 24.626452 25.903457
49200.000000 24.623667 25.903023
49210.000000 24.620478 25.899949
49220.000000 24.616965 25.898748
49230.000000 24.614051 25.895409
49240.000000 24.610295 25.892289
49250.000000 24.606468 25.889096
49260.000000 24.602061 25.885843
49270.000000 24.597347 25.881714
49280.000000 24.592360 25.881719
49290.000000 24.588163 25.872607
49300.000000 24.583410 25.868989
49310.000000 24.578954 25.864577
49320.000000 24.576088 25.858528
49330.000000 24.573356 25.856483
49340.000000 24.569917 25.852592
49350.000000 24.565874 25.850268
49360.000000 24.561424 25.844210
49370.000000 24.558336 25.837934
49380.000000 24.554776 25.838870
49390.000000 24.550353 25.831742
49400.000000 24.546062 25.828053
49410.000000 24.542446 25.823426
49420.000000 24.539689 25.820252
49430.000000 24.537377 25.814800
49440.000000 24.535222 25.813360
49450.000000 24.532061 25.811958
49460.000000 24.528338 25.809416
49470.000000 24.524286 25.804331
49480.000000 24.520398 25.802163
49490.000000 24.516830 25.797038
49500.000000 24.513566 25.796074
49510.000000 24.509107 25.793851
49520.000000 24.504381 25.790796
49530.000000 24.500237 25.782874
49540.000000 24.497510 25.779183
49550.000000 24.495103 25.777474
49560.000000 24.491079 25.773514
49570.000000 24.486261 25.773643
49580.000000 24.481905 25.763863
49590.000000 24.477312 25.759303
49600.000000 24.472766 25.753701
49610.000000 24.469801 25.746486
49620.000000 24.467971 25.741561
49630.000000 24.466657 25.742091
49640.000000 24.465061 25.742870
49650.000000 24.463322 25.740223
49660.000000 24.462187 25.740941
49670.000000 24.460753 25.738615
49680.000000 24.460539 25.735939
49690.000000 24.461766 25.732056
49700.000000 24.464265 25.736595
49710.000000 24.466552 25.737642
49720.000000 24.468109 25.737923
49730.000000 24.469916 25.738466
49740.000000 24.471746 25.739578
49750.000000 24.473432 25.741628
49760.000000 24.475329 25.743899
49770.000000 24.478163 25.742260
49780.000000 24.482783 25.745763
49790.000000 24.488528 25.752625
49800.000000 24.494304 25.757889
49810.000000 24.499998 25.761978
49820.000000 24.507166 25.770336
49830.000000 24.515596 25.776758
49840.000000 24.525466 25.789047
49850.000000 24.535307 25.800217
49860.000000 24.543662 25.810369
49870.000000 24.551446 25.818831
49880.000000 24.558441 25.828099
49890.000000 24.565716 25.834393
49900.000000 24.573044 25.841831
49910.000000 24.579978 25.849401
49920.000000 24.586498 25.858168
49930.000000 24.592157 25.866577
49940.000000 24.597208 25.873801
49950.000000 24.601442 25.879076
49960.000000 24.605568 25.882057
49970.000000 24.610581 25.884882
49980.000000 24.615928 25.889693
49990.000000 24.621651 25.895444
50000.000000 24.627431 25.901254
50010.000000 24.633643 25.902617
50020.000000 24.639240 25.910415
50030.000000 24.643718 25.917036
50040.000000 24.646940 25.920156
50050.000000 24.649937 25.921407
50060.000000 24.653372 25.925296
50070.000000 24.657625 25.927324
50080.000000 24.661341 25.928787
50090.000000 24.665721 25.933670
50100.000000 24.669718 25.937606
50110.000000 24.674609 25.940306
50120.000000 24.679973 25.946223
50130.000000 24.685433 25.951697
50140.000000 24.690162 25.959125
50150.000000 24.694502 25.962878
50160.000000 24.698981 25.964600
50170.000000 24.703293 25.968868
50180.000000 24.707005 25.973049
50190.000000 24.710503 25.979182
50200.000000 24.714130 25.982185
50210.000000 24.716770 25.986872
50220.000000 24.719162 25.989120
50230.000000 24.721408 25.991760
50240.000000 24.724246 25.992845
50250.000000 24.728304 25.994128
50260.000000 24.733504 25.998242
50270.000000 24.739069 26.006001
50280.000000 24.744092 26.011560
50290.000000 24.749614 26.017644
50300.000000 24.755936 26.025657
50310.000000 24.762719 26.030891
50320.000000 24.770823 26.036968
50330.000000 24.779844 26.044011
50340.000000 24.787882 26.053826
50350.000000 24.796516 26.061006
50360.000000 24.806197 26.072548
50370.000000 24.815955 26.080908
50380.000000 24.825933 26.092219
50390.000000 24.835839 26.100732
50400.000000 24.845073 26.112351
50410.000000 24.853542 26.119354
50420.000000 24.861616 26.127030
50430.000000 24.868616 26.136301
50440.000000 24.876306 26.144119
50450.000000 24.884395 26.147999
50460.000000 24.893067 26.157937
50470.000000 24.901805 26.165766
50480.000000 24.910339 26.176650
50490.000000 24.916711 26.185262
50500.000000 24.922610 26.190652
50510.000000 24.928238 26.198484
50520.000000 24.934553 26.205401
50530.000000 24.939853 26.212342
50540.000000 24.944519 26.216436
50550.000000 24.948406 26.219712
50560.000000 24.953158 26.223352
50570.000000 24.958696 26.227272
50580.000000 24.963921 26.231410
50590.000000 24.970410 26.237964
50600.000000 24.977490 26.243506
50610.000000 24.985592 26.251210
50620.000000 24.994527 26.259246
50630.000000 25.002768 26.269821
50640.000000 25.010850 26.276414
50650.000000 25.019075 26.284248
50660.000000 25.026360 26.295456
50670.000000 25.032857 26.302019
50680.000000 25.039023 26.309325
50690.000000 25.044351 26.315206
50700.000000 25.050329 26.322314
50710.000000 25.055915 26.327921
50720.000000 25.060450 26.336788
50730.000000 25.063934 26.339093
50740.000000 25.068794 26.343391
50750.000000 25.073201 26.348849
50760.000000 25.076970 26.352000
50770.000000 25.080533 26.356025
50780.000000 25.083633 26.358474
50790.000000 25.086193 26.364172
50800.000000 25.088035 26.365844
50810.000000 25.091110 26.367721
50820.000000 25.095059 26.373242
50830.000000 25.098800 26.375274
50840.000000 25.102528 26.377837
50850.000000 25.106979 26.383341
50860.000000 25.111691 26.389120
50870.000000 25.116276 26.394765
50880.000000 25.121358 26.401477
50890.000000 25.126011 26.407193
50900.000000 25.130435 26.414305
50910.000000 25.133642 26.421229
50920.000000 25.136302 26.422669
50930.000000 25.138642 26.423772
50940.000000 25.141952 26.430804
50950.000000 25.144804 26.432446
50960.000000 25.147220 26.435265
50970.000000 25.148858 26.438357
50980.000000 25.150605 26.438292
50990.000000 25.153316 26.441966
51000.000000 25.156509 26.447238
51010.000000 25.158994 26.451765
51020.000000 25.160821 26.453419
51030.000000 25.163231 26.452962
51040.000000 25.166563 26.456199
51050.000000 25.169378 26.459437
51060.000000 25.172098 26.460942
51070.000000 25.175876 26.464104
51080.000000 25.179474 26.465986
51090.000000 25.183815 26.471373
51100.000000 25.187544 26.477751
51110.000000 25.191543 26.481146
51120.000000 25.195570 26.486747
51130.000000 25.198820 26.490443
51140.000000 25.201429 26.493465
51150.000000 25.204715 26.490120
51160.000000 25.209706 26.494013
51170.000000 25.214805 26.499108
51180.000000 25.221122 26.503851
51190.000000 25.227861 26.508492
51200.000000 25.235244 26.514898
51210.000000 25.242361 26.523746
51220.000000 25.248789 26.531871
51230.000000 25.255727 26.539442
51240.000000 25.262841 26.547743
51250.000000 25.270704 26.555198
51260.000000 25.278894 26.559730
51270.000000 25.288259 26.570940
51280.000000 25.297697 26.580594
51290.000000 25.307224 26.590886
51300.000000 25.316670 26.602183
51310.000000 25.326346 26.610452
51320.000000 25.336423 26.623502
51330.000000 25.346185 26.635133
51340.000000 25.355900 26.646714
51350.000000 25.366416 26.657500
51360.000000 25.377301 26.665402
51370.000000 25.388020 26.678039
51380.000000 25.398420 26.687065
51390.000000 25.409453 26.696211
51400.000000 25.420948 26.705842
51410.000000 25.434199 26.715133
51420.000000 25.448722 26.729033
51430.000000 25.463996 26.742084
51440.000000 25.480442 26.756362
51450.000000 25.498140 26.774140
51460.000000 25.517250 26.794492
51470.000000 25.536175 26.815745
51480.000000 25.554686 26.838755
51490.000000 25.572391 26.858182
51500.000000 25.589944 26.876356
51510.000000 25.608043 26.894555
51520.000000 25.625682 26.912817
51530.000000 25.642739 26.932115
51540.000000 25.658753 26.947024
51550.000000 25.674854 26.965318
51560.000000 25.690081 26.983796
51570.000000 25.703732 26.999520
51580.000000 25.716532 27.013252
51590.000000 25.729335 27.023685
51600.000000 25.742370 27.037113
51610.000000 25.753437 27.051225
51620.000000 25.763862 27.061361
51630.000000 25.774571 27.072345
51640.000000 25.784765 27.082237
51650.000000 25.794902 27.093722
51660.000000 25.805368 27.104450
51670.000000 25.816235 27.113947
51680.000000 25.826924 27.126012
51690.000000 25.836682 27.137651
51700.000000 25.846756 27.147417
51710.000000 25.857195 27.157565
51720.000000 25.867451 27.168625
51730.000000 25.876693 27.181930
51740.000000 25.885513 27.191482
51750.000000 25.893970 27.200101
51760.000000 25.902149 27.207322
51770.000000 25.911032 27.214180
51780.000000 25.920159 27.225157
51790.000000 25.930063 27.234191
51800.000000 25.939828 27.246945
51810.000000 25.948567 27.254754
51820.000000 25.956646 27.265738
51830.000000 25.963861 27.273605
51840.000000 25.971305 27.281158
51850.000000 25.977258 27.289911
51860.000000 25.982265 27.296011
51870.000000 25.987190 27.301472
51880.000000 25.991895 27.306701
51890.000000 25.996747 27.310980
51900.000000 26.002097 27.314675
51910.000000 26.006488 27.321234
51920.000000 26.010431 27.324557
51930.000000 26.014908 27.329547
51940.000000 26.019273 27.335525
51950.000000 26.023002 27.341389
51960.000000 26.026856 27.344618
51970.000000 26.030219 27.349543
51980.000000 26.032859 27.352051
51990.000000 26.034487 27.356812
52000.000000 26.034959 27.356488
52010.000000 26.034795 27.354943
52020.000000 26.034794 27.355781
52030.000000 26.033628 27.355946
52040.000000 26.031107 27.355239
52050.000000 26.027866 27.353223
52060.000000 26.024530 27.350002
52070.000000 26.022744 27.348410
52080.000000 26.020117 27.344829
52090.000000 26.015795 27.339468
52100.000000 26.012004 27.335769
52110.000000 26.007152 27.328750
52120.000000 26.002395 27.325137
52130.000000 25.997786 27.318925
52140.000000 25.993174 27.314914
52150.000000 25.989384 27.310666
52160.000000 25.985062 27.306407
52170.000000 25.981802 27.299416
52180.000000 25.979963 27.297218
52190.000000 25.977531 27.296047
52200.000000 25.975077 27.294302
52210.000000 25.971682 27.293215
52220.000000 25.967473 27.288526
52230.000000 25.962630 27.283720
52240.000000 25.958134 27.279279
52250.000000 25.954057 27.273631
52260.000000 25.949477 27.269101
52270.000000 25.945579 27.265288
52280.000000 25.942747 27.261498
52290.000000 25.939928 27.259915
52300.000000 25.937094 27.258314
52310.000000 25.933414 27.255825
52320.000000 25.929919 27.252433
52330.000000 25.926592 27.248671
52340.000000 25.923325 27.245519
52350.000000 25.919380 27.241107
52360.000000 25.914639 27.236406
52370.000000 25.909693 27.236408
52380.000000 25.907863 27.226022
52390.000000 25.904894 27.221545
52400.000000 25.902100 27.218346
52410.000000 25.899819 27.215139
52420.000000 25.897573 27.211425
52430.000000 25.896683 27.208046
52440.000000 25.896865 27.207974
52450.000000 25.896689 27.208616
52460.000000 25.896649 27.209402
52470.000000 25.896862 27.212086
52480.000000 25.896502 27.213079
52490.000000 25.895079 27.212956
52500.000000 25.893338 27.210862
52510.000000 25.891589 27.208760
52520.000000 25.889453 27.207885
52530.000000 25.887316 27.204287
52540.000000 25.885451 27.200432
52550.000000 25.884292 27.201127
52560.000000 25.881857 27.199392
52570.000000 25.878455 27.198816
52580.000000 25.874338 27.195313
52590.000000 25.870037 27.189441
52600.000000 25.865487 27.184939
52610.000000 25.860807 27.179756
52620.000000 25.856154 27.174060
52630.000000 25.852345 27.167624
52640.000000 25.848836 27.165301
52650.000000 25.845970 27.161484
52660.000000 25.842754 27.160009
52670.000000 25.838976 27.159027
52680.000000 25.834460 27.154018
52690.000000 25.829834 27.149433
52700.000000 25.825117 27.144212
52710.000000 25.820318 27.142153
52720.000000 25.815431 27.142163
52730.000000 25.811135 27.130350
52740.000000 25.806581 27.125842
52750.000000 25.803075 27.121353
52760.000000 25.799333 27.119318
52770.000000 25.794468 27.119343
52780.000000 25.790646 27.111821
52790.000000 25.785774 27.111835
52800.000000 25.781666 27.102934
52810.000000 25.776841 27.102994
52820.000000 25.773670 27.092924
52830.000000 25.769726 27.091211
52840.000000 25.766252 27.088374
52850.000000 25.762151 27.085954
52860.000000 25.757862 27.082259
52870.000000 25.753935 27.075175
52880.000000 25.751012 27.071839
52890.000000 25.748387 27.068817
52900.000000 25.745957 27.065462
52910.000000 25.743724 27.062853
52920.000000 25.740371 27.060141
52930.000000 25.736425 27.054656
52940.000000 25.732199 27.049951
52950.000000 25.729108 27.044830
52960.000000 25.724855 27.042783
52970.000000 25.720296 27.037728
52980.000000 25.715521 27.037812
52990.000000 25.711772 27.030926
53000.000000 25.707347 27.025476
53010.000000 25.703791 27.019334
53020.000000 25.700662 27.016855
53030.000000 25.696974 27.015394
53040.000000 25.693011 27.008825
53050.000000 25.688776 27.004648
53060.000000 25.684673 26.999005
53070.000000 25.680951 26.996436
53080.000000 25.676515 26.992046
53090.000000 25.671710 26.992080
53100.000000 25.667862 26.982964
53110.000000 25.663664 26.979892
53120.000000 25.659419 26.974102
53130.000000 25.655396 26.969079
53140.000000 25.650570 26.969081
53150.000000 25.646532 26.958175
53160.000000 25.642267 26.955565
53170.000000 25.638650 26.952569
53180.000000 25.634968 26.950037
53190.000000 25.632504 26.942927
53200.000000 25.631669 26.939660
53210.000000 25.631041 26.941402
53220.000000 25.629389 26.940472
53230.000000 25.628104 26.940458
53240.000000 25.626635 26.937591
53250.000000 25.626053 26.937252
53260.000000 25.624768 26.937238
53270.000000 25.623592 26.935211
53280.000000 25.622792 26.932518
53290.000000 25.622552 26.933069
53300.000000 25.622053 26.933880
53310.000000 25.621388 26.929736
53320.000000 25.620144 26.931887
53330.000000 25.618907 26.931920
53340.000000 25.618209 26.929335
53350.000000 25.617426 26.931438
53360.000000 25.615600 26.931912
53370.000000 25.612678 26.930173
53380.000000 25.609722 26.927336
53390.000000 25.606716 26.924446
53400.000000 25.603244 26.918945
53410.000000 25.599694 26.914954
53420.000000 25.597174 26.912045
53430.000000 25.594840 26.910392
53440.000000 25.592730 26.907915
53450.000000 25.590919 26.903635
53460.000000 25.588691 26.901564
53470.000000 25.586562 26.898009
53480.000000 25.584503 26.895059
53490.000000 25.582774 26.892984
53500.000000 25.581299 26.891704
53510.000000 25.580777 26.890369
53520.000000 25.579104 26.889938
53530.000000 25.577144 26.888149
53540.000000 25.575168 26.886342
53550.000000 25.573673 26.882929
53560.000000 25.573097 26.881540
53570.000000 25.572048 26.880708
53580.000000 25.571013 26.879362
53590.000000 25.569470 26.878011
53600.000000 25.567744 26.876468
53610.000000 25.565064 26.874974
53620.000000 25.562294 26.873913
53630.000000 25.558876 26.869537
53640.000000 25.556011 26.863635
53650.000000 25.554094 26.861890
53660.000000 25.551120 26.861139
53670.000000 25.547628 26.858790
53680.000000 25.543921 26.857265
53690.000000 25.539282 26.852657
53700.000000 25.534533 26.852663
53710.000000 25.530853 26.843280
53720.000000 25.527338 26.838802
53730.000000 25.523546 26.834559
53740.000000 25.519099 26.831727
53750.000000 25.514465 26.825548
53760.000000 25.510143 26.821273
53770.000000 25.505683 26.818424
53780.000000 25.501312 26.811999
53790.000000 25.496952 26.806634
53800.000000 25.493571 26.800730
53810.000000 25.489930 26.796646
53820.000000 25.487012 26.792277
53830.000000 25.484682 26.786957
53840.000000 25.483002 26.785460
53850.000000 25.481084 26.784236
53860.000000 25.479071 26.780820
53870.000000 25.477034 26.778947
53880.000000 25.475096 26.780313
53890.000000 25.472670 26.776986
53900.000000 25.470369 26.773269
53910.000000 25.468749 26.773399
53920.000000 25.468001 26.769750
53930.000000 25.467327 26.770353
53940.000000 25.465617 26.767779
53950.000000 25.464056 26.762235
53960.000000 25.463838 26.758105
53970.000000 25.462834 26.759925
53980.000000 25.460711 26.758482
53990.000000 25.458885 26.758395
54000.000000 25.457868 26.755510
54010.000000 25.456680 26.756612
54020.000000 25.455000 26.753552
54030.000000 25.454727 26.749891
54040.000000 25.455402 26.750869
54050.000000 25.456180 26.752995
54060.000000 25.457197 26.756932
54070.000000 25.457985 26.755428
54080.000000 25.459321 26.755020
54090.000000 25.461099 26.756636
54100.000000 25.463148 26.753342
54110.000000 25.465640 26.759347
54120.000000 25.466606 26.760630
54130.000000 25.468147 26.762517
54140.000000 25.469062 26.762708
54150.000000 25.469195 26.762077
54160.000000 25.469053 26.761678
54170.000000 25.469125 26.760984
54180.000000 25.468883 26.760998
54190.000000 25.469001 26.763466
54200.000000 25.469468 26.763187
54210.000000 25.469565 26.766151
54220.000000 25.467835 26.766156
54230.000000 25.465932 26.761830
54240.000000 25.464852 26.760444
54250.000000 25.464515 26.758284
54260.000000 25.463790 26.758309
54270.000000 25.463028 26.757257
54280.000000 25.462453 26.756402
54290.000000 25.461703 26.753810
54300.000000 25.461618 26.751917
54310.000000 25.461716 26.752289
54320.000000 25.460404 26.750660
54330.000000 25.458161 26.749089
54340.000000 25.454242 26.746790
54350.000000 25.449573 26.746806
54360.000000 25.445261 26.740989
54370.000000 25.440613 26.741023
54380.000000 25.436485 26.733849
54390.000000 25.431823 26.733864
54400.000000 25.427504 26.725974
54410.000000 25.423604 26.722140
54420.000000 25.419837 26.718446
54430.000000 25.415711 26.714890
54440.000000 25.411460 26.711203
54450.000000 25.406936 26.711353
54460.000000 25.403036 26.700815
54470.000000 25.399829 26.698739
54480.000000 25.397509 26.695535
54490.000000 25.395555 26.694776
54500.000000 25.393982 26.691842
54510.000000 25.392198 26.691260
54520.000000 25.389668 26.688866
54530.000000 25.387355 26.684640
54540.000000 25.384447 26.683906
54550.000000 25.380019 26.684143
54560.000000 25.376675 26.674721
54570.000000 25.373193 26.670811
54580.000000 25.369529 26.664656
54590.000000 25.366251 26.660960
54600.000000 25.361866 26.657129
54610.000000 25.357620 26.652416
54620.000000 25.353798 26.649689
54630.000000 25.349863 26.645817
54640.000000 25.345239 26.645832
54650.000000 25.341853 26.637411
54660.000000 25.337751 26.633362
54670.000000 25.333309 26.630492
54680.000000 25.329058 26.625774
54690.000000 25.324727 26.620972
54700.000000 25.321112 26.615901
54710.000000 25.317288 26.612143
54720.000000 25.312981 26.608389
54730.000000 25.309129 26.605113
54740.000000 25.304579 26.605190
54750.000000 25.300355 26.600500
54760.000000 25.296075 26.595750
54770.000000 25.291630 26.590828
54780.000000 25.287183 26.588965
54790.000000 25.283206 26.583003
54800.000000 25.279443 26.581857
54810.000000 25.275483 26.575914
54820.000000 25.272223 26.569688
54830.000000 25.269284 26.566859
54840.000000 25.266098 26.565298
54850.000000 25.262297 26.560544
54860.000000 25.258463 26.557282
54870.000000 25.254873 26.554276
54880.000000 25.251524 26.549488
54890.000000 25.248523 26.547610
54900.000000 25.246356 26.542541
54910.000000 25.244277 26.541632
54920.000000 25.242095 26.538073
54930.000000 25.239584 26.536708
54940.000000 25.236898 26.536176
54950.000000 25.233420 26.529731
54960.000000 25.231252 26.529742
54970.000000 25.229118 26.525727
54980.000000 25.226812 26.524070
54990.000000 25.224223 26.521607
55000.000000 25.221751 26.517239
55010.000000 25.220371 26.514020
55020.000000 25.218315 26.512625
55030.000000 25.216087 26.511554
55040.000000 25.213105 26.509691
55050.000000 25.210387 26.507092
55060.000000 25.208247 26.505100
55070.000000 25.205866 26.503361
55080.000000 25.203370 26.501501
55090.000000 25.201012 26.495233
55100.000000 25.199424 26.494328
55110.000000 25.197585 26.493158
55120.000000 25.196407 26.490663
55130.000000 25.195568 26.492059
55140.000000 25.193838 26.492014
55150.000000 25.190876 26.490673
55160.000000 25.188371 26.483246
55170.000000 25.186519 26.483576
55180.000000 25.183562 26.481733
55190.000000 25.179935 26.478177
55200.000000 25.175947 26.473232
55210.000000 25.173060 26.465412
55220.000000 25.170617 26.466125
55230.000000 25.166346 26.464410
55240.000000 25.162131 26.460235
55250.000000 25.157834 26.456475
55260.000000 25.153468 26.452644
55270.000000 25.149043 26.452776
55280.000000 25.146080 26.443878
55290.000000 25.141571 26.443918
55300.000000 25.137538 26.435909
55310.000000 25.133555 26.432981
55320.000000 25.129040 26.433011
55330.000000 25.125817 26.423346
55340.000000 25.121396 26.423470
55350.000000 25.117781 26.414401
55360.000000 25.113868 26.410542
55370.000000 25.110466 26.404712
55380.000000 25.108284 26.400668
55390.000000 25.106885 26.397949
55400.000000 25.105418 26.396662
55410.000000 25.103618 26.395527
55420.000000 25.101883 26.393457
55430.000000 25.099865 26.392092
55440.000000 25.097074 26.390914
55450.000000 25.092954 26.386337
55460.000000 25.089822 26.383799
55470.000000 25.086670 26.380239
55480.000000 25.083775 26.379949
55490.000000 25.080165 26.375407
55500.000000 25.076627 26.371441
55510.000000 25.073380 26.368780
55520.000000 25.069102 26.365035
55530.000000 25.065700 26.357717
55540.000000 25.063920 26.354603
55550.000000 25.061752 26.352578
55560.000000 25.059430 26.349393
55570.000000 25.057871 26.347011
55580.000000 25.056075 26.346374
55590.000000 25.053577 26.343503
55600.000000 25.051898 26.338506
55610.000000 25.050694 26.337494
55620.000000 25.050128 26.336656
55630.000000 25.049839 26.333621
55640.000000 25.050425 26.335985
55650.000000 25.051461 26.333349
55660.000000 25.053551 26.335801
55670.000000 25.055449 26.337554
55680.000000 25.056902 26.340828
55690.000000 25.056977 26.341659
55700.000000 25.058575 26.336634
55710.000000 25.060848 26.340273
55720.000000 25.062896 26.339204
55730.000000 25.065546 26.340755
55740.000000 25.068521 26.346621
55750.000000 25.071812 26.347851
55760.000000 25.075353 26.352822
55770.000000 25.079110 26.358020
55780.000000 25.081984 26.361296
55790.000000 25.085667 26.360457
55800.000000 25.089551 26.366781
55810.000000 25.092789 26.366964
55820.000000 25.097070 26.368244
55830.000000 25.101224 26.372369
55840.000000 25.105891 26.377530
55850.000000 25.110597 26.381739
55860.000000 25.115415 26.388050
55870.000000 25.119719 26.392829
55880.000000 25.123669 26.397733
55890.000000 25.126664 26.402130
55900.000000 25.129610 26.404985
55910.000000 25.132175 26.405456
55920.000000 25.135483 26.409684
55930.000000 25.139117 26.414752
55940.000000 25.142353 26.419897
55950.000000 25.145207 26.422160
55960.000000 25.146944 26.423746
55970.000000 25.149252 26.425434
55980.000000 25.151164 26.428196
55990.000000 25.151779 26.431579
56000.000000 25.152759 26.431377
56010.000000 25.153594 26.431518
56020.000000 25.154522 26.430767
56030.000000 25.156138 26.432721
56040.000000 25.156539 26.434885
56050.000000 25.156344 26.436919
56060.000000 25.156881 26.436253
56070.000000 25.158369 26.438072
56080.000000 25.160761 26.437868
56090.000000 25.163686 26.441198
56100.000000 25.166062 26.444942
56110.000000 25.166986 26.445177
56120.000000 25.167244 26.447685
56130.000000 25.166266 26.445428
56140.000000 25.166884 26.443857
56150.000000 25.168417 26.444240
56160.000000 25.170251 26.445927
56170.000000 25.172592 26.451118
56180.000000 25.174780 26.453177
56190.000000 25.176854 26.454623
56200.000000 25.179472 26.457630
56210.000000 25.182599 26.461171
56220.000000 25.185594 26.464079
56230.000000 25.188535 26.466436
56240.000000 25.191824 26.471137
56250.000000 25.193794 26.474946
56260.000000 25.194353 26.477273
56270.000000 25.194045 26.477204
56280.000000 25.192770 26.479085
56290.000000 25.190036 26.477455
56300.000000 25.186940 26.475443
56310.000000 25.183205 26.471770
56320.000000 25.178961 26.466081
56330.000000 25.175610 26.458863
56340.000000 25.172304 26.457617
56350.000000 25.168742 26.454619
56360.000000 25.164790 26.450226
56370.000000 25.160712 26.448165
56380.000000 25.156250 26.448166
56390.000000 25.153116 26.437237
56400.000000 25.150539 26.432811
56410.000000 25.147947 26.430834
56420.000000 25.144661 26.425171
56430.000000 25.141586 26.423178
56440.000000 25.138076 26.418759
56450.000000 25.134336 26.415082
56460.000000 25.130196 26.410984
56470.000000 25.126581 26.405472
56480.000000 25.123321 26.404265
56490.000000 25.120667 26.398781
56500.000000 25.118748 26.398982
56510.000000 25.116397 26.395782
56520.000000 25.113911 26.392931
56530.000000 25.110980 26.387161
56540.000000 25.108078 26.384365
56550.000000 25.104031 26.381346
56560.000000 25.099595 26.381348
56570.000000 25.095368 26.374707
56580.000000 25.091576 26.370974
56590.000000 25.087443 26.367861
56600.000000 25.083419 26.363394
56610.000000 25.079798 26.360330
56620.000000 25.076014 26.355626
56630.000000 25.072300 26.353441
56640.000000 25.067888 26.353456
56650.000000 25.064313 26.344571
56660.000000 25.059933 26.344617
56670.000000 25.056077 26.334951
56680.000000 25.052133 26.331057
56690.000000 25.048693 26.329157
56700.000000 25.044386 26.329273
56710.000000 25.040113 26.324542
56720.000000 25.035938 26.320404
56730.000000 25.032113 26.317607
56740.000000 25.027715 26.317622
56750.000000 25.024145 26.310216
56760.000000 25.019854 26.310340
56770.000000 25.015695 26.304265
56780.000000 25.011690 26.299329
56790.000000 25.007302 26.299346
56800.000000 25.004100 26.292331
56810.000000 25.000771 26.289566
56820.000000 24.998434 26.284924
56830.000000 24.996729 26.282408
56840.000000 24.995525 26.278960
56850.000000 24.994776 26.277934
56860.000000 24.993926 26.277775
56870.000000 24.992539 26.277537
56880.000000 24.990736 26.276861
56890.000000 24.988680 26.274947
56900.000000 24.985886 26.271286
56910.000000 24.982734 26.267249
56920.000000 24.978877 26.264897
56930.000000 24.974496 26.264904
56940.000000 24.970369 26.259356
56950.000000 24.966398 26.255427
56960.000000 24.962242 26.250818
56970.000000 24.958045 26.248105
56980.000000 24.953858 26.243947
56990.000000 24.950130 26.240273
57000.000000 24.945771 26.240292
57010.000000 24.941724 26.234344
57020.000000 24.937356 26.234350
57030.000000 24.934237 26.225508
57040.000000 24.931214 26.221124
57050.000000 24.928072 26.218549
57060.000000 24.924426 26.214960
57070.000000 24.920416 26.211952
57080.000000 24.916068 26.211971
57090.000000 24.913333 26.204993
57100.000000 24.909758 26.203408
57110.000000 24.906019 26.199719
57120.000000 24.901851 26.196061
57130.000000 24.898422 26.190287
57140.000000 24.895796 26.187287
57150.000000 24.893342 26.185432
57160.000000 24.889487 26.182102
57170.000000 24.885861 26.176605
57180.000000 24.883464 26.173365
57190.000000 24.881365 26.172846
57200.000000 24.878973 26.171055
57210.000000 24.876870 26.169086
57220.000000 24.874692 26.168962
57230.000000 24.871539 26.168775
57240.000000 24.867393 26.163213
57250.000000 24.863313 26.157239
57260.000000 24.859665 26.153164
57270.000000 24.855337 26.153178
57280.000000 24.851237 26.144783
57290.000000 24.847601 26.141681
57300.000000 24.843574 26.137206
57310.000000 24.839240 26.137207
57320.000000 24.835841 26.127637
57330.000000 24.832685 26.124559
57340.000000 24.829875 26.122324
57350.000000 24.827783 26.120365
57360.000000 24.824559 26.118653
57370.000000 24.820971 26.113204
57380.000000 24.817735 26.107648
57390.000000 24.814475 26.106375
57400.000000 24.811065 26.100158
57410.000000 24.807212 26.098738
57420.000000 24.802905 26.098752
57430.000000 24.799064 26.091126
57440.000000 24.796147 26.089255
57450.000000 24.792345 26.086929
57460.000000 24.788035 26.086934
57470.000000 24.784123 26.078758
57480.000000 24.779918 26.074574
57490.000000 24.775613 26.074580
57500.000000 24.771564 26.068172
57510.000000 24.767326 26.065383
57520.000000 24.763215 26.060819
57530.000000 24.758915 26.060824
57540.000000 24.756069 26.052825
57550.000000 24.753636 26.050503
57560.000000 24.751434 26.046520
57570.000000 24.749423 26.043690
57580.000000 24.747510 26.042393
57590.000000 24.745654 26.037825
57600.000000 24.744932 26.036828
57610.000000 24.744422 26.036532
57620.000000 24.743948 26.035322
57630.000000 24.743902 26.035988
57640.000000 24.744335 26.034782
57650.000000 24.744628 26.035330
57660.000000 24.744766 26.038091
57670.000000 24.744072 26.038074
57680.000000 24.742602 26.035342
57690.000000 24.740499 26.032893
57700.000000 24.738575 26.032531
57710.000000 24.735288 26.028363
57720.000000 24.731731 26.023909
57730.000000 24.728807 26.020597
57740.000000 24.725415 26.020112
57750.000000 24.721589 26.015850
57760.000000 24.717682 26.012450
57770.000000 24.713424 26.009154
57780.000000 24.709356 26.006058
57790.000000 24.705237 26.002908
57800.000000 24.701132 25.999771
57810.000000 24.696861 25.999773
57820.000000 24.692999 25.992157
57830.000000 24.689481 25.987271
57840.000000 24.685770 25.985494
57850.000000 24.681663 25.981880
57860.000000 24.678066 25.975967
57870.000000 24.675360 25.974300
57880.000000 24.673272 25.970920
57890.000000 24.670773 25.967110
57900.000000 24.668545 25.965945
57910.000000 24.666407 25.963459
57920.000000 24.664044 25.961680
57930.000000 24.662353 25.959192
57940.000000 24.661195 25.956795
57950.000000 24.659647 25.957287
57960.000000 24.658646 25.957413
57970.000000 24.657449 25.957331
57980.000000 24.655872 25.953078
57990.000000 24.655367 25.951369
58000.000000 24.654996 25.953099
58010.000000 24.653683 25.953365
58020.000000 24.652048 25.950466
58030.000000 24.651673 25.947953
58040.000000 24.652118 25.947716
58050.000000 24.652994 25.945580
58060.000000 24.654779 25.946754
58070.000000 24.656374 25.949610
58080.000000 24.657062 25.950099
58090.000000 24.657832 25.952086
58100.000000 24.657777 25.953674
58110.000000 24.657075 25.954581
58120.000000 24.656390 25.953625
58130.000000 24.655471 25.951013
58140.000000 24.655005 25.949348
58150.000000 24.654233 25.950650
58160.000000 24.652670 25.948300
58170.000000 24.651540 25.947346
58180.000000 24.650645 25.944761
58190.000000 24.650783 25.945141
58200.000000 24.651599 25.946236
58210.000000 24.651643 25.948394
58220.000000 24.651392 25.950242
58230.000000 24.650803 25.949387
58240.000000 24.649991 25.948297
58250.000000 24.649658 25.949588
58260.000000 24.648618 25.950134
58270.000000 24.646572 25.945400
58280.000000 24.644792 25.945636
58290.000000 24.643095 25.943145
58300.000000 24.641243 25.941429
58310.000000 24.639071 25.938439
58320.000000 24.636636 25.933301
58330.000000 24.633796 25.931481
58340.000000 24.630402 25.927675
58350.000000 24.626724 25.926376
58360.000000 24.622697 25.921434
58370.000000 24.618492 25.921448
58380.000000 24.614679 25.913460
58390.000000 24.610735 25.908606
58400.000000 24.607988 25.904546
58410.000000 24.605001 25.901168
58420.000000 24.602251 25.895240
58430.000000 24.600126 25.892303
58440.000000 24.598151 25.889992
58450.000000 24.596909 25.886589
58460.000000 24.595365 25.884731
58470.000000 24.593179 25.884062
58480.000000 24.590729 25.880319
58490.000000 24.587436 25.877087
58500.000000 24.584316 25.873571
58510.000000 24.581231 25.872420
58520.000000 24.577737 25.868975
58530.000000 24.574148 25.866361
58540.000000 24.569973 25.866385
58550.000000 24.567384 25.854129
58560.000000 24.565540 25.850564
58570.000000 24.564231 25.850813
58580.000000 24.562198 25.847514
58590.000000 24.559533 25.844479
58600.000000 24.556709 25.841276
58610.000000 24.554090 25.839218
58620.000000 24.550894 25.837015
58630.000000 24.547098 25.833717
58640.000000 24.542933 25.833739
58650.000000 24.540010 25.827186
58660.000000 24.535844 25.827204
58670.000000 24.532481 25.821580
58680.000000 24.528977 25.817660
58690.000000 24.525672 25.813488
58700.000000 24.523100 25.809624
58710.000000 24.521031 25.807216
58720.000000 24.518364 25.804640
58730.000000 24.515596 25.802422
58740.000000 24.512241 25.799123
58750.000000 24.509085 25.795570
58760.000000 24.506034 25.792129
58770.000000 24.503360 25.789085
58780.000000 24.500608 25.788266
58790.000000 24.497691 25.784965
58800.000000 24.495113 25.780637
58810.000000 24.493110 25.778299
58820.000000 24.490580 25.775407
58830.000000 24.486979 25.773231
58840.000000 24.483186 25.765783
58850.000000 24.480300 25.761134
58860.000000 24.476575 25.757446
58870.000000 24.473070 25.754909
58880.000000 24.468945 25.754942
58890.000000 24.465092 25.747435
58900.000000 24.460949 25.747447
58910.000000 24.457082 25.739008
58920.000000 24.453115 25.734604
58930.000000 24.448970 25.734608
58940.000000 24.446172 25.726840
58950.000000 24.443888 25.722830
58960.000000 24.441833 25.719521
58970.000000 24.439899 25.719094
58980.000000 24.437773 25.719381
58990.000000 24.435187 25.717348
59000.000000 24.432542 25.713877
59010.000000 24.430178 25.711620
59020.000000 24.426971 25.708016
59030.000000 24.423975 25.704176
59040.000000 24.421209 25.700579
59050.000000 24.418062 25.698413
59060.000000 24.414591 25.694532
59070.000000 24.411911 25.687822
59080.000000 24.410053 25.681524
59090.000000 24.409706 25.678646
59100.000000 24.410075 25.678351
59110.000000 24.410925 25.679933
59120.000000 24.411871 25.680702
59130.000000 24.412504 25.683885
59140.000000 24.412879 25.682226
59150.000000 24.414018 25.684569
59160.000000 24.414421 25.685680
59170.000000 24.413690 25.686054
59180.000000 24.413645 25.684868
59190.000000 24.414175 25.684286
59200.000000 24.414609 25.684973
59210.000000 24.415210 25.684468
59220.000000 24.415850 25.684460
59230.000000 24.416240 25.683276
59240.000000 24.416915 25.682849
59250.000000 24.418250 25.680837
59260.000000 24.420531 25.682556
59270.000000 24.423198 25.686961
59280.000000 24.426089 25.691144
59290.000000 24.427506 25.692866
59300.000000 24.429361 25.695504
59310.000000 24.431646 25.697683
59320.000000 24.434440 25.699941
59330.000000 24.437547 25.703440
59340.000000 24.440081 25.705425
59350.000000 24.442667 25.710655
59360.000000 24.444600 25.712919
59370.000000 24.446611 25.712076
59380.000000 24.448768 25.714576
59390.000000 24.450365 25.716488
59400.000000 24.451586 25.720280
59410.000000 24.451474 25.721759
59420.000000 24.450440 25.722269
59430.000000 24.449209 25.721659
59440.000000 24.448039 25.719747
59450.000000 24.446842 25.719629
59460.000000 24.444384 25.717727
59470.000000 24.441586 25.715468
59480.000000 24.437603 25.712872
59490.000000 24.433498 25.712874
59500.000000 24.429641 25.706771
59510.000000 24.425969 25.702681
59520.000000 24.422110 25.699303
59530.000000 24.418053 25.696171
59540.000000 24.413966 25.696186
59550.000000 24.409982 25.691766
59560.000000 24.406297 25.685846
59570.000000 24.402606 25.682189
59580.000000 24.398873 25.678487
59590.000000 24.394944 25.675034
59600.000000 24.391455 25.669322
59610.000000 24.387393 25.669353
59620.000000 24.383569 25.661478
59630.000000 24.380410 25.658833
59640.000000 24.377130 25.653798
59650.000000 24.374306 25.649243
59660.000000 24.371270 25.647633
59670.000000 24.368554 25.641384
59680.000000 24.365777 25.639142
59690.000000 24.363034 25.636031
59700.000000 24.360832 25.635749
59710.000000 24.357690 25.633573
59720.000000 24.353905 25.631623
59730.000000 24.350254 25.628459
59740.000000 24.346184 25.628466
59750.000000 24.342521 25.623932
59760.000000 24.338772 25.620662
59770.000000 24.335025 25.616041
59780.000000 24.330985 25.613819
59790.000000 24.326926 25.613830
59800.000000 24.323296 25.604370
59810.000000 24.320572 25.601278
59820.000000 24.317754 25.598537
59830.000000 24.314712 25.591957
59840.000000 24.312527 25.591233
59850.000000 24.310568 25.587147
59860.000000 24.309283 25.586020
59870.000000 24.308459 25.584928
59880.000000 24.307222 25.584301
59890.000000 24.305710 25.581586
59900.000000 24.304125 25.580592
59910.000000 24.301491 25.578944
59920.000000 24.298941 25.576485
59930.000000 24.296103 25.572374
59940.000000 24.293559 25.571719
59950.000000 24.290343 25.569905
59960.000000 24.286589 25.565728
59970.000000 24.283235 25.560627
59980.000000 24.281057 25.556765
59990.000000 24.279317 25.553812
60000.000000 24.277527 25.551257
60010.000000 24.276293 25.547047
60020.000000 24.276271 25.545905
60030.000000 24.276971 25.545524
60040.000000 24.278929 25.546913
60050.000000 24.282036 25.549066
60060.000000 24.285780 25.552335
60070.000000 24.290180 25.558086
60080.000000 24.293315 25.562505
60090.000000 24.295889 25.564096
60100.000000 24.298020 25.567012
60110.000000 24.300343 25.569682
60120.000000 24.302554 25.571786
60130.000000 24.305174 25.575216
60140.000000 24.306723 25.579756
60150.000000 24.307551 25.580852
60160.000000 24.307717 25.582594
60170.000000 24.307806 25.580228
60180.000000 24.308264 25.582277
60190.000000 24.308612 25.583762
60200.000000 24.308243 25.583151
60210.000000 24.309305 25.582257
60220.000000 24.310401 25.583636
60230.000000 24.311499 25.584121
60240.000000 24.312681 25.584248
60250.000000 24.313922 25.585332
60260.000000 24.315681 25.587856
60270.000000 24.317512 25.589113
60280.000000 24.319525 25.589669
60290.000000 24.320497 25.592257
60300.000000 24.321333 25.591128
60310.000000 24.322435 25.593406
60320.000000 24.323659 25.593579
60330.000000 24.324999 25.595214
60340.000000 24.326002 25.598726
60350.000000 24.327206 25.598879
60360.000000 24.328437 25.598613
60370.000000 24.330564 25.601968
60380.000000 24.333011 25.603876
60390.000000 24.336285 25.607099
60400.000000 24.339482 25.612919
60410.000000 24.342118 25.615025
60420.000000 24.344296 25.618880
60430.000000 24.346154 25.618383
60440.000000 24.349217 25.621384
60450.000000 24.352811 25.624944
60460.000000 24.356760 25.628433
60470.000000 24.359927 25.633327
60480.000000 24.362377 25.635684
60490.000000 24.365477 25.638725
60500.000000 24.368863 25.640727
60510.000000 24.372520 25.643017
60520.000000 24.375891 25.647234
60530.000000 24.378768 25.650932
60540.000000 24.381642 25.654627
60550.000000 24.383260 25.656108
60560.000000 24.384879 25.658036
60570.000000 24.386015 25.660347
60580.000000 24.386048 25.661053
60590.000000 24.385702 25.659130
60600.000000 24.384717 25.660546
60610.000000 24.383285 25.658372
60620.000000 24.383087 25.656161
60630.000000 24.383521 25.656396
60640.000000 24.384176 25.658646
60650.000000 24.384459 25.660504
60660.000000 24.384599 25.659984
60670.000000 24.384154 25.660184
60680.000000 24.382692 25.659315
60690.000000 24.380548 25.656837
60700.000000 24.378392 25.653012
60710.000000 24.375628 25.648995
60720.000000 24.372695 25.646576
60730.000000 24.369671 25.644951
60740.000000 24.366172 25.641936
60750.000000 24.362223 25.638892
60760.000000 24.358335 25.634579
60770.000000 24.354480 25.631190
60780.000000 24.350566 25.630399
60790.000000 24.346687 25.626982
60800.000000 24.343142 25.622142
60810.000000 24.339885 25.618936
60820.000000 24.336468 25.616448
60830.000000 24.333003 25.611693
60840.000000 24.329050 25.609526
60850.000000 24.325173 25.606109
60860.000000 24.321181 25.606115
60870.000000 24.318001 25.597674
60880.000000 24.314510 25.595991
60890.000000 24.310967 25.592482
60900.000000 24.307107 25.586871
60910.000000 24.303414 25.584531
60920.000000 24.300405 25.578047
60930.000000 24.297816 25.574218
60940.000000 24.295532 25.570710
60950.000000 24.293478 25.567004
60960.000000 24.291951 25.566060
60970.000000 24.289639 25.565172
60980.000000 24.286722 25.564088
60990.000000 24.283977 25.559654
61000.000000 24.281097 25.555962
61010.000000 24.277373 25.552264
61020.000000 24.273607 25.546758
61030.000000 24.270083 25.544152
61040.000000 24.266288 25.539498
61050.000000 24.262563 25.535357
61060.000000 24.258591 25.535358
61070.000000 24.255435 25.526977
61080.000000 24.251899 25.523916
61090.000000 24.247957 25.523945
61100.000000 24.244609 25.517124
61110.000000 24.241092 25.513204
61120.000000 24.238336 25.508327
61130.000000 24.236444 25.507434
61140.000000 24.234739 25.503665
61150.000000 24.233957 25.503501
61160.000000 24.233262 25.500797
61170.000000 24.232296 25.498685
61180.000000 24.232165 25.498330
61190.000000 24.232425 25.494878
61200.000000 24.233786 25.497407
61210.000000 24.234933 25.497959
61220.000000 24.236858 25.498015
61230.000000 24.239938 25.497533
61240.000000 24.243780 25.500920
61250.000000 24.247449 25.504126
61260.000000 24.251020 25.508980
61270.000000 24.254898 25.512843
61280.000000 24.258652 25.515700
61290.000000 24.262503 25.519973
61300.000000 24.265770 25.523193
61310.000000 24.269655 25.524874
61320.000000 24.274863 25.530137
61330.000000 24.279922 25.536118
61340.000000 24.285161 25.540974
61350.000000 24.289274 25.545960
61360.000000 24.293871 25.549704
61370.000000 24.298005 25.555588
61380.000000 24.300974 25.561123
61390.000000 24.302889 25.564236
61400.000000 24.304216 25.564977
61410.000000 24.305029 25.566055
61420.000000 24.305622 25.566463
61430.000000 24.306902 25.565404
61440.000000 24.308334 25.565382
61450.000000 24.309442 25.567645
61460.000000 24.309992 25.567570
61470.000000 24.310923 25.566585
61480.000000 24.311333 25.568550
61490.000000 24.310459 25.569603
61500.000000 24.309137 25.568434
61510.000000 24.307089 25.566065
61520.000000 24.304439 25.563499
61530.000000 24.301675 25.562125
61540.000000 24.299135 25.557927
61550.000000 24.296233 25.555533
61560.000000 24.292505 25.553143
61570.000000 24.288566 25.553150
61580.000000 24.285574 25.543677
61590.000000 24.282085 25.537176
61600.000000 24.278298 25.534722
61610.000000 24.274364 25.534729
61620.000000 24.272205 25.527886
61630.000000 24.269122 25.524864
61640.000000 24.266715 25.520812
61650.000000 24.266490 25.517315
61660.000000 24.266930 25.517999
61670.000000 24.267356 25.516493
61680.000000 24.268143 25.518413
61690.000000 24.269105 25.517472
61700.000000 24.270215 25.519730
61710.000000 24.271328 25.519384
61720.000000 24.272130 25.521754
61730.000000 24.272025 25.522300
61740.000000 24.270779 25.523819
61750.000000 24.268396 25.522838
61760.000000 24.266082 25.518453
61770.000000 24.263799 25.514971
61780.000000 24.260979 25.513963
61790.000000 24.257862 25.509170
61800.000000 24.254800 25.506170
61810.000000 24.250982 25.501943
61820.000000 24.247183 25.499470
61830.000000 24.243564 25.494150
61840.000000 24.240135 25.489899
61850.000000 24.237238 25.486640
61860.000000 24.234644 25.482833
61870.000000 24.232697 25.481007
61880.000000 24.230741 25.480470
61890.000000 24.228422 25.477386
61900.000000 24.226797 25.475465
61910.000000 24.224946 25.476769
61920.000000 24.222809 25.474742
61930.000000 24.221023 25.471786
61940.000000 24.220095 25.468435
61950.000000 24.219207 25.468586
61960.000000 24.217940 25.465313
61970.000000 24.217345 25.464043
61980.000000 24.216628 25.461782
61990.000000 24.216471 25.459679
62000.000000 24.216390 25.458520
62010.000000 24.216350 25.459130
62020.000000 24.216539 25.458686
62030.000000 24.217189 25.457865
62040.000000 24.218272 25.457930
62050.000000 24.219690 25.460505
62060.000000 24.220730 25.461388
62070.000000 24.221897 25.461542
62080.000000 24.223492 25.461285
62090.000000 24.226268 25.463561
62100.000000 24.228473 25.466963
62110.000000 24.230422 25.467509
62120.000000 24.232155 25.469983
62130.000000 24.233706 25.470973
62140.000000 24.235140 25.472271
62150.000000 24.236032 25.473430
62160.000000 24.236681 25.475196
62170.000000 24.237124 25.473728
62180.000000 24.238248 25.472979
62190.000000 24.240222 25.474844
62200.000000 24.241685 25.476174
62210.000000 24.242118 25.477711
62220.000000 24.241856 25.477227
62230.000000 24.241224 25.475924
62240.000000 24.240427 25.474448
62250.000000 24.239362 25.473120
62260.000000 24.237782 25.470392
62270.000000 24.236195 25.469376
62280.000000 24.235105 25.465874
62290.000000 24.234586 25.465980
62300.000000 24.234567 25.465322
62310.000000 24.235225 25.467095
62320.000000 24.236278 25.468852
62330.000000 24.237325 25.471892
62340.000000 24.237667 25.473762
62350.000000 24.236770 25.473898
62360.000000 24.235398 25.471389
62370.000000 24.234499 25.468090
62380.000000 24.233806 25.468012
62390.000000 24.232620 25.468274
62400.000000 24.232163 25.465870
62410.000000 24.232047 25.465112
62420.000000 24.232099 25.466245
62430.000000 24.231580 25.466777
62440.000000 24.231232 25.468347
62450.000000 24.230676 25.466697
62460.000000 24.230347 25.466573
62470.000000 24.229745 25.465731
62480.000000 24.229259 25.464585
62490.000000 24.229203 25.465174
62500.000000 24.229247 25.464157
62510.000000 24.229733 25.464460
62520.000000 24.230236 25.465209
62530.000000 24.230407 25.465181
62540.000000 24.230440 25.467577
62550.000000 24.229630 25.467800
62560.000000 24.227810 25.467819
62570.000000 24.224977 25.465489
62580.000000 24.221577 25.463845
62590.000000 24.217752 25.460470
62600.000000 24.214109 25.456860
62610.000000 24.210987 25.452513
62620.000000 24.208410 25.449596
62630.000000 24.205564 25.446395
62640.000000 24.202727 25.444486
62650.000000 24.199792 25.441619
62660.000000 24.196941 25.440548
62670.000000 24.194170 25.436999
62680.000000 24.191483 25.433965
62690.000000 24.189335 25.429793
62700.000000 24.188001 25.427756
62710.000000 24.187169 25.427527
62720.000000 24.186766 25.423912
62730.000000 24.186902 25.423847
62740.000000 24.187559 25.424330
62750.000000 24.187930 25.424513
62760.000000 24.187780 25.423298
62770.000000 24.188241 25.422298
62780.000000 24.189247 25.423149
62790.000000 24.189532 25.426646
62800.000000 24.189134 25.426447
62810.000000 24.188163 25.428197
62820.000000 24.186815 25.425722
62830.000000 24.184494 25.426053
62840.000000 24.181708 25.424192
62850.000000 24.179164 25.422160
62860.000000 24.176185 25.419670
62870.000000 24.172704 25.415378
62880.000000 24.169462 25.410911
62890.000000 24.166773 25.407027
62900.000000 24.164068 25.403975
62910.000000 24.161860 25.402296
62920.000000 24.159789 25.398214
62930.000000 24.158751 25.398613
62940.000000 24.157945 25.396286
62950.000000 24.157252 25.396623
62960.000000 24.155957 25.392511
62970.000000 24.154974 25.390848
62980.000000 24.154037 25.389233
62990.000000 24.153524 25.389335
63000.000000 24.152815 25.387959
63010.000000 24.152137 25.385771
63020.000000 24.151665 25.385492
63030.000000 24.152081 25.383607
63040.000000 24.153840 25.382711
63050.000000 24.156444 25.386935
63060.000000 24.158890 25.387186
63070.000000 24.161553 25.391048
63080.000000 24.164085 25.392658
63090.000000 24.166382 25.393599
63100.000000 24.168143 25.396514
63110.000000 24.170115 25.397958
63120.000000 24.173383 25.398651
63130.000000 24.177352 25.404308
63140.000000 24.181295 25.406979
63150.000000 24.185234 25.410914
63160.000000 24.189362 25.413355
63170.000000 24.194383 25.418005
63180.000000 24.199240 25.423749
63190.000000 24.205162 25.427230
63200.000000 24.212561 25.433532
63210.000000 24.220609 25.439668
63220.000000 24.229384 25.446569
63230.000000 24.238988 25.455607
63240.000000 24.248159 25.466305
63250.000000 24.256907 25.476983
63260.000000 24.265506 25.487080
63270.000000 24.274597 25.495581
63280.000000 24.283228 25.505712
63290.000000 24.292259 25.510338
63300.000000 24.302026 25.520816
63310.000000 24.312633 25.529212
63320.000000 24.323207 25.539266
63330.000000 24.333636 25.550015
63340.000000 24.343757 25.561711
63350.000000 24.353341 25.571149
63360.000000 24.361483 25.579920
63370.000000 24.369236 25.587860
63380.000000 24.376624 25.596262
63390.000000 24.383753 25.603546
63400.000000 24.390215 25.610554
63410.000000 24.397240 25.613911
63420.000000 24.404979 25.621411
63430.000000 24.412922 25.628276
63440.000000 24.420425 25.637647
63450.000000 24.426831 25.643747
63460.000000 24.433418 25.651310
63470.000000 24.439316 25.656876
63480.000000 24.444081 25.662950
63490.000000 24.448874 25.668629
63500.000000 24.454310 25.672437
63510.000000 24.459475 25.676384
63520.000000 24.465352 25.681504
63530.000000 24.471507 25.690311
63540.000000 24.477621 25.697801
63550.000000 24.483986 25.703433
63560.000000 24.490486 25.711754
63570.000000 24.496594 25.717964
63580.000000 24.503206 25.723855
63590.000000 24.510278 25.730653
63600.000000 24.517010 25.738794
63610.000000 24.523429 25.745756
63620.000000 24.529787 25.752654
63630.000000 24.536748 25.760610
63640.000000 24.543496 25.767493
63650.000000 24.549377 25.775166
63660.000000 24.554994 25.780860
63670.000000 24.560681 25.786630
63680.000000 24.566157 25.791751
63690.000000 24.571435 25.797516
63700.000000 24.577052 25.803636
63710.000000 24.582246 25.811014
63720.000000 24.586479 25.814830
63730.000000 24.590212 25.819824
63740.000000 24.593391 25.823385
63750.000000 24.596624 25.826577
63760.000000 24.600460 25.830402
63770.000000 24.604393 25.832202
63780.000000 24.608535 25.837625
63790.000000 24.611868 25.842623
63800.000000 24.614061 25.845999
63810.000000 24.615520 25.849456
63820.000000 24.616983 25.852065
63830.000000 24.617478 25.854083
63840.000000 24.618044 25.853624
63850.000000 24.619162 25.854595
63860.000000 24.620875 25.855340
63870.000000 24.623361 25.857748
63880.000000 24.625783 25.860514
63890.000000 24.627465 25.860376
63900.000000 24.628878 25.862508
63910.000000 24.630476 25.863983
63920.000000 24.631231 25.866697
63930.000000 24.632120 25.866154
63940.000000 24.632934 25.868080
63950.000000 24.633490 25.868461
63960.000000 24.634406 25.870070
63970.000000 24.635704 25.872079
63980.000000 24.635953 25.874686
63990.000000 24.635426 25.874779
64000.000000 24.634319 25.873838
64010.000000 24.633180 25.870740
64020.000000 24.632044 25.871041
64030.000000 24.630280 25.868985
64040.000000 24.628066 25.868154
64050.000000 24.624804 25.866645
64060.000000 24.621413 25.862455
64070.000000 24.618573 25.858845
64080.000000 24.615111 25.857125
64090.000000 24.611288 25.857143
64100.000000 24.608135 25.850237
64110.000000 24.605319 25.846651
64120.000000 24.602786 25.844635
64130.000000 24.600412 25.841091
64140.000000 24.598963 25.838096
64150.000000 24.597491 25.837193
64160.000000 24.595718 25.835551
64170.000000 24.593951 25.835184
64180.000000 24.591332 25.832229
64190.000000 24.588508 25.830327
64200.000000 24.584992 25.827276
64210.000000 24.581437 25.825451
64220.000000 24.577703 25.823436
64230.000000 24.573969 25.821422
64240.000000 24.570366 25.819121
64250.000000 24.566703 25.815912
64260.000000 24.563171 25.812418
64270.000000 24.559476 25.809175
64280.000000 24.556502 25.803737
64290.000000 24.554140 25.800207
64300.000000 24.552201 25.797544
64310.000000 24.551626 25.794630
64320.000000 24.551233 25.795699
64330.000000 24.549546 25.794565
64340.000000 24.548076 25.791555
64350.000000 24.547330 25.791831
64360.000000 24.546575 25.790414
64370.000000 24.545784 25.788537
64380.000000 24.545146 25.788085
64390.000000 24.544835 25.788397
64400.000000 24.543823 25.787972
64410.000000 24.542938 25.788102
64420.000000 24.541936 25.786846
64430.000000 24.541384 25.785222
64440.000000 24.540781 25.784385
64450.000000 24.540653 25.785730
64460.000000 24.539186 25.786508
64470.000000 24.537209 25.781285
64480.000000 24.535127 25.778474
64490.000000 24.532451 25.777141
64500.000000 24.529722 25.772811
64510.000000 24.527183 25.770780
64520.000000 24.524749 25.765503
64530.000000 24.522914 25.765889
64540.000000 24.520764 25.761331
64550.000000 24.519216 25.759923
64560.000000 24.516364 25.756725
64570.000000 24.513381 25.753389
64580.000000 24.509785 25.750666
64590.000000 24.506257 25.745919
64600.000000 24.502485 25.745943
64610.000000 24.499609 25.740207
64620.000000 24.496538 25.733850
64630.000000 24.493631 25.731013
64640.000000 24.490138 25.731324
64650.000000 24.487544 25.725470
64660.000000 24.485007 25.723440
64670.000000 24.482499 25.722275
64680.000000 24.479730 25.720836
64690.000000 24.476960 25.717306
64700.000000 24.473973 25.715637
64710.000000 24.471062 25.714047
64720.000000 24.468444 25.711512
64730.000000 24.466134 25.709300
64740.000000 24.463950 25.708889
64750.000000 24.460725 25.704464
64760.000000 24.457720 25.700270
64770.000000 24.454521 25.697541
64780.000000 24.451651 25.693073
64790.000000 24.449334 25.689604
64800.000000 24.447844 25.687004
64810.000000 24.447088 25.684760
64820.000000 24.446706 25.684574
64830.000000 24.447121 25.684393
64840.000000 24.446892 25.684368
64850.000000 24.447356 25.685488
64860.000000 24.447260 25.685186
64870.000000 24.447132 25.685683
64880.000000 24.446278 25.687081
64890.000000 24.445450 25.687675
64900.000000 24.444659 25.686226
64910.000000 24.444622 25.684323
64920.000000 24.445512 25.685473
64930.000000 24.445967 25.687829
64940.000000 24.445371 25.689496
64950.000000 24.444548 25.689261
64960.000000 24.442058 25.686858
64970.000000 24.439176 25.686121
64980.000000 24.435560 25.684196
64990.000000 24.432225 25.678828
65000.000000 24.429046 25.677776
65010.000000 24.425499 25.675506
65020.000000 24.421938 25.671976
65030.000000 24.418192 25.671986
65040.000000 24.415068 25.665595
65050.000000 24.412687 25.662061
65060.000000 24.409986 25.659020
65070.000000 24.407985 25.655471
65080.000000 24.406836 25.652819
65090.000000 24.406203 25.651124
65100.000000 24.404712 25.648941
65110.000000 24.404032 25.647198
65120.000000 24.402857 25.646591
65130.000000 24.401889 25.647028
65140.000000 24.400663 25.646366
65150.000000 24.398893 25.646787
65160.000000 24.396445 25.646496
65170.000000 24.394358 25.639963
65180.000000 24.392931 25.635369
65190.000000 24.391879 25.633650
65200.000000 24.391232 25.634836
65210.000000 24.389958 25.633710
65220.000000 24.388361 25.630179
65230.000000 24.387041 25.628179
65240.000000 24.385273 25.626947
65250.000000 24.382704 25.624872
65260.000000 24.380099 25.622347
65270.000000 24.377902 25.620250
65280.000000 24.375726 25.619002
65290.000000 24.373794 25.619245
65300.000000 24.370680 25.615771
65310.000000 24.367482 25.612210
65320.000000 24.364183 25.610190
65330.000000 24.360698 25.606327
65340.000000 24.357633 25.602081
65350.000000 24.354553 25.598643
65360.000000 24.351592 25.595331
65370.000000 24.348792 25.591776
65380.000000 24.346148 25.587563
65390.000000 24.343528 25.584610
65400.000000 24.340715 25.580633
65410.000000 24.337752 25.577319
65420.000000 24.335503 25.573524
65430.000000 24.332768 25.570862
65440.000000 24.330475 25.566611
65450.000000 24.329839 25.564513
65460.000000 24.329618 25.562852
65470.000000 24.330124 25.562775
65480.000000 24.331562 25.562858
65490.000000 24.333140 25.564729
65500.000000 24.334373 25.567877
65510.000000 24.335296 25.569469
65520.000000 24.335345 25.569732
65530.000000 24.336222 25.569226
65540.000000 24.338354 25.569629
65550.000000 24.340416 25.571598
65560.000000 24.342371 25.573864
65570.000000 24.343732 25.575916
65580.000000 24.345077 25.576722
65590.000000 24.347104 25.578245
65600.000000 24.349458 25.580521
65610.000000 24.352212 25.584036
65620.000000 24.354487 25.586639
65630.000000 24.356489 25.587726
65640.000000 24.358948 25.591340
65650.000000 24.361644 25.592337
65660.000000 24.364897 25.596787
65670.000000 24.367980 25.601057
65680.000000 24.370910 25.604756
65690.000000 24.373792 25.608406
65700.000000 24.376136 25.611901
65710.000000 24.377361 25.612990
65720.000000 24.378541 25.613213
65730.000000 24.379569 25.616962
65740.000000 24.380596 25.615797
65750.000000 24.382044 25.619576
65760.000000 24.383001 25.618337
65770.000000 24.383991 25.619999
65780.000000 24.385145 25.620195
65790.000000 24.387170 25.622944
65800.000000 24.389043 25.625124
65810.000000 24.391023 25.628644
65820.000000 24.392435 25.631566
65830.000000 24.393285 25.633489
65840.000000 24.393161 25.633571
65850.000000 24.393091 25.633708
65860.000000 24.391822 25.633403
65870.000000 24.389139 25.631613
65880.000000 24.385537 25.628855
65890.000000 24.382346 25.624895
65900.000000 24.379364 25.620337
65910.000000 24.377970 25.616632
65920.000000 24.376363 25.616380
65930.000000 24.374468 25.611741
65940.000000 24.372765 25.610570
65950.000000 24.371828 25.605717
65960.000000 24.370787 25.604835
65970.000000 24.369829 25.603632
65980.000000 24.368771 25.603954
65990.000000 24.366959 25.602669
66000.000000 24.364551 25.601980
66010.000000 24.361210 25.598272
66020.000000 24.357542 25.598296
66030.000000 24.354849 25.589159
66040.000000 24.352457 25.584414
66050.000000 24.350042 25.582902
66060.000000 24.346622 25.579926
66070.000000 24.342943 25.579932
66080.000000 24.340389 25.572985
66090.000000 24.336879 25.569508
66100.000000 24.333398 25.565654
66110.000000 24.330682 25.560981
66120.000000 24.328101 25.558480
66130.000000 24.325791 25.553828
66140.000000 24.323788 25.550717
66150.000000 24.322201 25.549261
66160.000000 24.320307 25.547482
66170.000000 24.318020 25.545290
66180.000000 24.316056 25.542627
66190.000000 24.314085 25.541173
66200.000000 24.312218 25.539016
66210.000000 24.309922 25.536410
66220.000000 24.308209 25.533606
66230.000000 24.306320 25.530213
66240.000000 24.304303 25.528305
66250.000000 24.302545 25.526669
66260.000000 24.300898 25.525554
66270.000000 24.298903 25.522860
66280.000000 24.297263 25.520134
66290.000000 24.295724 25.517516
66300.000000 24.294495 25.516436
66310.000000 24.293094 25.516388
66320.000000 24.291837 25.516490
66330.000000 24.290407 25.515198
66340.000000 24.288655 25.513164
66350.000000 24.286194 25.511596
66360.000000 24.283818 25.508099
66370.000000 24.281688 25.506475
66380.000000 24.278747 25.504000
66390.000000 24.275131 25.504042
66400.000000 24.271933 25.496857
66410.000000 24.268446 25.493807
66420.000000 24.265039 25.487212
66430.000000 24.262303 25.483340
66440.000000 24.260135 25.479661
66450.000000 24.258032 25.477260
66460.000000 24.254832 25.472901
66470.000000 24.252116 25.471064
66480.000000 24.248976 25.467171
66490.000000 24.246385 25.463453
66500.000000 24.242863 25.460769
66510.000000 24.239319 25.458462
66520.000000 24.236300 25.453893
66530.000000 24.234507 25.450211
66540.000000 24.232154 25.449958
66550.000000 24.230049 25.446350
66560.000000 24.228139 25.444955
66570.000000 24.226087 25.443010
66580.000000 24.223966 25.438183
66590.000000 24.222542 25.436095
66600.000000 24.221690 25.435409
66610.000000 24.220900 25.434789
66620.000000 24.219860 25.434709
66630.000000 24.218322 25.430898
66640.000000 24.217389 25.430129
66650.000000 24.216399 25.428497
66660.000000 24.215184 25.428232
66670.000000 24.213845 25.427836
66680.000000 24.212312 25.426036
66690.000000 24.210788 25.422642
66700.000000 24.208475 25.420824
66710.000000 24.205337 25.419338
66720.000000 24.202725 25.414004
66730.000000 24.200025 25.412577
66740.000000 24.196466 25.410249
66750.000000 24.192850 25.410258
66760.000000 24.190181 25.404066
66770.000000 24.186563 25.404071
66780.000000 24.184263 25.398269
66790.000000 24.181629 25.396110
66800.000000 24.178265 25.392786
66810.000000 24.174907 25.389467
66820.000000 24.171299 25.389477
66830.000000 24.168113 25.383146
66840.000000 24.164650 25.379717
66850.000000 24.161249 25.375556
66860.000000 24.158485 25.371665
66870.000000 24.156250 25.368331
66880.000000 24.153470 25.366416
66890.000000 24.150177 25.363563
66900.000000 24.147094 25.360135
66910.000000 24.144039 25.357134
66920.000000 24.141403 25.352584
66930.000000 24.138629 25.350674
66940.000000 24.135088 25.350742
66950.000000 24.131890 25.344408
66960.000000 24.128343 25.344469
66970.000000 24.125225 25.337823
66980.000000 24.122706 25.334591
66990.000000 24.120413 25.332390
67000.000000 24.118382 25.330860
67010.000000 24.116351 25.326553
67020.000000 24.114531 25.326436
67030.000000 24.112468 25.323683
67040.000000 24.110386 25.321703
67050.000000 24.107852 25.320835
67060.000000 24.104864 25.316318
67070.000000 24.102042 25.312767
67080.000000 24.099762 25.310184
67090.000000 24.097208 25.306519
67100.000000 24.094259 25.304817
67110.000000 24.090789 25.302568
67120.000000 24.087346 25.299157
67130.000000 24.083937 25.297762
67140.000000 24.080906 25.295180
67150.000000 24.077812 25.292927
67160.000000 24.074418 25.289963
67170.000000 24.070842 25.289972
67180.000000 24.067760 25.282984
67190.000000 24.064607 25.279877
67200.000000 24.061489 25.277202
67210.000000 24.058118 25.274261
67220.000000 24.054556 25.274278
67230.000000 24.051766 25.266813
67240.000000 24.048402 25.262300
67250.000000 24.044846 25.262320
67260.000000 24.041898 25.255483
67270.000000 24.038773 25.252011
67280.000000 24.035235 25.252048
67290.000000 24.032572 25.246301
67300.000000 24.029120 25.243272
67310.000000 24.025762 25.239556
67320.000000 24.022249 25.237644
67330.000000 24.018913 25.233557
67340.000000 24.015357 25.233568
67350.000000 24.012075 25.227568
67360.000000 24.008516 25.227574
67370.000000 24.005111 25.224200
67380.000000 24.001556 25.224208
67390.000000 23.998427 25.219942
67400.000000 23.995217 25.216771
67410.000000 23.991856 25.213835
67420.000000 23.988715 25.211916
67430.000000 23.986542 25.206691
67440.000000 23.985032 25.206092
67450.000000 23.982563 25.204092
67460.000000 23.979561 25.201925
67470.000000 23.976266 25.198665
67480.000000 23.973257 25.194134
67490.000000 23.970247 25.193527
67500.000000 23.966900 25.191388
67510.000000 23.963359 25.191398
67520.000000 23.960977 25.182430
67530.000000 23.958715 25.180645
67540.000000 23.956308 25.177534
67550.000000 23.953503 25.175179
67560.000000 23.950895 25.171073
67570.000000 23.948095 25.166767
67580.000000 23.945387 25.164515
67590.000000 23.941852 25.164522
67600.000000 23.939619 25.156900
67610.000000 23.936617 25.153948
67620.000000 23.933751 25.151138
67630.000000 23.931278 25.149521
67640.000000 23.928460 25.147153
67650.000000 23.926050 25.142478
67660.000000 23.923485 25.141545
67670.000000 23.920801 25.138926
67680.000000 23.918299 25.133766
67690.000000 23.916190 25.130971
67700.000000 23.914411 25.130863
67710.000000 23.912221 25.127204
67720.000000 23.909623 25.124675
67730.000000 23.907762 25.118244
67740.000000 23.907173 25.114711
67750.000000 23.907487 25.114464
67760.000000 23.907562 25.116303
67770.000000 23.906717 25.114449
67780.000000 23.906286 25.114977
67790.000000 23.906277 25.113223
67800.000000 23.906553 25.113327
67810.000000 23.907551 25.115354
67820.000000 23.908278 25.116710
67830.000000 23.908412 25.117442
67840.000000 23.909429 25.116378
67850.000000 23.911190 25.115708
67860.000000 23.913679 25.118136
67870.000000 23.916029 25.119251
67880.000000 23.918521 25.122460
67890.000000 23.920703 25.124176
67900.000000 23.922342 25.126489
67910.000000 23.924211 25.127489
67920.000000 23.925964 25.129921
67930.000000 23.927739 25.130433
67940.000000 23.929806 25.133585
67950.000000 23.932118 25.134661
67960.000000 23.935689 25.136671
67970.000000 23.939174 25.140535
67980.000000 23.941654 25.144507
67990.000000 23.943549 25.143981
68000.000000 23.946204 25.146972
68010.000000 23.947883 25.150103
68020.000000 23.949568 25.152464
68030.000000 23.951286 25.152529
68040.000000 23.953758 25.153387
68050.000000 23.956143 25.155318
68060.000000 23.959851 25.154757
68070.000000 23.964873 25.160621
68080.000000 23.970485 25.164777
68090.000000 23.976154 25.169380
68100.000000 23.982056 25.175004
68110.000000 23.988032 25.180317
68120.000000 23.993881 25.186273
68130.000000 23.999975 25.194427
68140.000000 24.005403 25.200329
68150.000000 24.009766 25.206278
68160.000000 24.013960 25.210497
68170.000000 24.017969 25.216463
68180.000000 24.021873 25.220377
68190.000000 24.026382 25.223373
68200.000000 24.030858 25.227499
68210.000000 24.035671 25.232757
68220.000000 24.040342 25.236311
68230.000000 24.045050 25.241458
68240.000000 24.050889 25.246238
68250.000000 24.057480 25.251808
68260.000000 24.064992 25.257955
68270.000000 24.073228 25.266028
68280.000000 24.082270 25.273392
68290.000000 24.091179 25.283723
68300.000000 24.099808 25.293374
68310.000000 24.107738 25.303457
68320.000000 24.116040 25.310821
68330.000000 24.123841 25.321158
68340.000000 24.130370 25.328994
68350.000000 24.136443 25.336741
68360.000000 24.142263 25.344223
68370.000000 24.147139 25.349157
68380.000000 24.151825 25.355838
68390.000000 24.155429 25.360604
68400.000000 24.158954 25.363731
68410.000000 24.162208 25.369299
68420.000000 24.165758 25.372840
68430.000000 24.169731 25.377995
68440.000000 24.173477 25.382911
68450.000000 24.177136 25.387347
68460.000000 24.180346 25.392089
68470.000000 24.183522 25.394460
68480.000000 24.186845 25.396206
68490.000000 24.190084 25.399811
68500.000000 24.193103 25.403185
68510.000000 24.195922 25.406348
68520.000000 24.199216 25.406508
68530.000000 24.202443 25.410100
68540.000000 24.205937 25.413194
68550.000000 24.209397 25.417030
68560.000000 24.213298 25.419773
68570.000000 24.216800 25.423654
68580.000000 24.220370 25.426828
68590.000000 24.224728 25.431608
68600.000000 24.228868 25.437327
68610.000000 24.233182 25.439335
68620.000000 24.237083 25.444024
68630.000000 24.241268 25.448233
68640.000000 24.245364 25.450791
68650.000000 24.250787 25.455521
68660.000000 24.256700 25.460376
68670.000000 24.263216 25.467031
68680.000000 24.269154 25.473858
68690.000000 24.273747 25.480053
68700.000000 24.278422 25.482050
68710.000000 24.283751 25.487459
68720.000000 24.288870 25.493817
68730.000000 24.293797 25.498803
68740.000000 24.298880 25.506291
68750.000000 24.303303 25.510361
68760.000000 24.308004 25.515889
68770.000000 24.313087 25.521431
68780.000000 24.317385 25.525758
68790.000000 24.321626 25.529636
68800.000000 24.326724 25.536360
68810.000000 24.331339 25.540631
68820.000000 24.335859 25.546749
68830.000000 24.339706 25.552163
68840.000000 24.342497 25.555687
68850.000000 24.344070 25.558322
68860.000000 24.345358 25.559099
68870.000000 24.346714 25.560728
68880.000000 24.348268 25.561784
68890.000000 24.349850 25.562871
68900.000000 24.352078 25.565025
68910.000000 24.353545 25.568718
68920.000000 24.354410 25.571388
68930.000000 24.355259 25.571316
68940.000000 24.356045 25.573903
68950.000000 24.356283 25.572800
68960.000000 24.356295 25.572237
68970.000000 24.356907 25.571527
68980.000000 24.358667 25.572411
68990.000000 24.360607 25.574653
69000.000000 24.362276 25.577776
69010.000000 24.364149 25.578779
69020.000000 24.366345 25.578954
69030.000000 24.368741 25.583231
69040.000000 24.370590 25.586933
69050.000000 24.371458 25.589605
69060.000000 24.372385 25.588448
69070.000000 24.373155 25.589071
69080.000000 24.374296 25.589306
69090.000000 24.375401 25.590282
69100.000000 24.377164 25.591171
69110.000000 24.379307 25.593625
69120.000000 24.381254 25.594707
69130.000000 24.382783 25.595738
69140.000000 24.383759 25.596967
69150.000000 24.384621 25.599243
69160.000000 24.385384 25.601026
69170.000000 24.385791 25.602045
69180.000000 24.386349 25.601281
69190.000000 24.387476 25.602280
69200.000000 24.388524 25.604750
69210.000000 24.389835 25.605165
69220.000000 24.391101 25.608252
69230.000000 24.391854 25.610411
69240.000000 24.391746 25.609336
69250.000000 24.391438 25.609604
69260.000000 24.391010 25.607418
69270.000000 24.391066 25.604575
69280.000000 24.391645 25.605388
69290.000000 24.391650 25.606372
69300.000000 24.391273 25.605405
69310.000000 24.391319 25.605270
69320.000000 24.391975 25.606162
69330.000000 24.391627 25.606388
69340.000000 24.390629 25.605932
69350.000000 24.389040 25.602529
69360.000000 24.387757 25.602162
69370.000000 24.386679 25.601233
69380.000000 24.385151 25.600995
69390.000000 24.383849 25.599445
69400.000000 24.383232 25.598225
69410.000000 24.382208 25.598129
69420.000000 24.381189 25.595326
69430.000000 24.380173 25.594850
69440.000000 24.378273 25.593058
69450.000000 24.376635 25.590769
69460.000000 24.375109 25.590530
69470.000000 24.373339 25.590422
69480.000000 24.370514 25.590366
69490.000000 24.367154 25.587813
69500.000000 24.363843 25.583379
69510.000000 24.360857 25.581605
69520.000000 24.357730 25.577364
69530.000000 24.354774 25.575235
69540.000000 24.351952 25.573245
69550.000000 24.349217 25.571348
69560.000000 24.346598 25.568413
69570.000000 24.343585 25.566607
69580.000000 24.340274 25.563331
69590.000000 24.337282 25.561162
69600.000000 24.334399 25.556406
69610.000000 24.331537 25.551674
69620.000000 24.329175 25.549395
69630.000000 24.326546 25.547221
69640.000000 24.323729 25.544463
69650.000000 24.321469 25.541521
69660.000000 24.319834 25.540390
69670.000000 24.317897 25.539712
69680.000000 24.315653 25.536402
69690.000000 24.313280 25.534110
69700.000000 24.310838 25.531747
69710.000000 24.308205 25.532259
69720.000000 24.304991 25.528699
69730.000000 24.301795 25.526311
69740.000000 24.298681 25.521703
69750.000000 24.295923 25.519390
69760.000000 24.293237 25.517154
69770.000000 24.290375 25.514347
69780.000000 24.287301 25.511702
69790.000000 24.284276 25.508724
69800.000000 24.281269 25.503079
69810.000000 24.279717 25.498196
69820.000000 24.278864 25.496350
69830.000000 24.278377 25.494121
69840.000000 24.277953 25.494260
69850.000000 24.277721 25.494983
69860.000000 24.277959 25.494283
69870.000000 24.278812 25.494230
69880.000000 24.279775 25.493910
69890.000000 24.281290 25.496084
69900.000000 24.282610 25.498053
69910.000000 24.284135 25.497175
69920.000000 24.286047 25.498235
69930.000000 24.288662 25.498884
69940.000000 24.291899 25.503248
69950.000000 24.295102 25.506047
69960.000000 24.298463 25.509777
69970.000000 24.301748 25.512661
69980.000000 24.305622 25.516928
69990.000000 24.310568 25.520791
70000.000000 24.315902 25.524295
70010.000000 24.321758 25.530261
70020.000000 24.327376 25.534828
70030.000000 24.333285 25.541232
70040.000000 24.339167 25.548374
70050.000000 24.344813 25.553737
70060.000000 24.350318 25.560099
70070.000000 24.355335 25.566333
70080.000000 24.360057 25.570725
70090.000000 24.364661 25.576143
70100.000000 24.369535 25.579929
70110.000000 24.375237 25.584201
70120.000000 24.380956 25.591172
70130.000000 24.386161 25.597220
70140.000000 24.390932 25.603196
70150.000000 24.395023 25.607692
70160.000000 24.399322 25.611641
70170.000000 24.403826 25.616570
70180.000000 24.408123 25.620900
70190.000000 24.412471 25.626432
70200.000000 24.416437 25.630030
70210.000000 24.420260 25.634245
70220.000000 24.423820 25.638567
70230.000000 24.427251 25.641987
70240.000000 24.430917 25.644887
70250.000000 24.435126 25.651040
70260.000000 24.438471 25.656670
70270.000000 24.440845 25.660897
70280.000000 24.442463 25.663947
70290.000000 24.443589 25.664947
70300.000000 24.443618 25.666328
70310.000000 24.443131 25.664868
70320.000000 24.443862 25.664303
70330.000000 24.445830 25.665038
70340.000000 24.447899 25.668177
70350.000000 24.449115 25.670422
70360.000000 24.449433 25.671722
70370.000000 24.449543 25.673571
70380.000000 24.448911 25.673873
70390.000000 24.448190 25.674082
70400.000000 24.447279 25.673326
70410.000000 24.445524 25.672832
70420.000000 24.443892 25.668638
70430.000000 24.442871 25.668532
70440.000000 24.441884 25.667695
70450.000000 24.440812 25.667917
70460.000000 24.439514 25.665989
70470.000000 24.437510 25.662172
70480.000000 24.436671 25.661108
70490.000000 24.435287 25.661001
70500.000000 24.433713 25.658401
70510.000000 24.432351 25.657935
70520.000000 24.430272 25.655951
70530.000000 24.427554 25.653296
70540.000000 24.424481 25.650269
70550.000000 24.421392 25.647224
70560.000000 24.417941 25.647235
70570.000000 24.416072 25.642417
70580.000000 24.413773 25.637912
70590.000000 24.411185 25.636919
70600.000000 24.408365 25.633013
70610.000000 24.405786 25.627835
70620.000000 24.404080 25.624338
70630.000000 24.403037 25.624586
70640.000000 24.402004 25.624462
70650.000000 24.400507 25.623089
70660.000000 24.398239 25.621668
70670.000000 24.395712 25.618071
70680.000000 24.393124 25.617836
70690.000000 24.389757 25.616022
70700.000000 24.386608 25.613292
70710.000000 24.383172 25.613307
70720.000000 24.380684 25.607087
70730.000000 24.377248 25.607098
70740.000000 24.374566 25.601437
70750.000000 24.371652 25.600094
70760.000000 24.368275 25.599025
70770.000000 24.365161 25.595571
70780.000000 24.361917 25.592361
70790.000000 24.359204 25.590847
70800.000000 24.356949 25.587915
70810.000000 24.354988 25.586812
70820.000000 24.353509 25.585835
70830.000000 24.351600 25.584405
70840.000000 24.349401 25.580394
70850.000000 24.347013 25.576945
70860.000000 24.344991 25.575397
70870.000000 24.342092 25.573306
70880.000000 24.338787 25.570409
70890.000000 24.335977 25.566516
70900.000000 24.332916 25.563119
70910.000000 24.329674 25.561424
70920.000000 24.326319 25.558852
70930.000000 24.323204 25.554262
70940.000000 24.320112 25.553479
70950.000000 24.316921 25.550701
70960.000000 24.314089 25.548678
70970.000000 24.311036 25.544909
70980.000000 24.308002 25.541160
70990.000000 24.305030 25.537855
71000.000000 24.301731 25.533828
71010.000000 24.298932 25.528439
71020.000000 24.296081 25.525261
71030.000000 24.293913 25.522047
71040.000000 24.292193 25.520436
71050.000000 24.291042 25.518291
71060.000000 24.290711 25.516252
71070.000000 24.290567 25.516674
71080.000000 24.289902 25.516172
71090.000000 24.288849 25.515638
71100.000000 24.287323 25.514985
71110.000000 24.285526 25.512915
71120.000000 24.283877 25.511002
71130.000000 24.282336 25.510709
71140.000000 24.280866 25.510490
71150.000000 24.279590 25.509345
71160.000000 24.277925 25.508167
71170.000000 24.276427 25.506035
71180.000000 24.274295 25.503990
71190.000000 24.272259 25.503552
71200.000000 24.270214 25.500469
71210.000000 24.268865 25.498117
71220.000000 24.267958 25.497735
71230.000000 24.266687 25.497346
71240.000000 24.265073 25.494717
71250.000000 24.263811 25.493210
71260.000000 24.262222 25.492862
71270.000000 24.260300 25.492165
71280.000000 24.257848 25.489407
71290.000000 24.254917 25.486146
71300.000000 24.252191 25.482724
71310.000000 24.249590 25.479059
71320.000000 24.247761 25.477331
71330.000000 24.245890 25.474059
71340.000000 24.244269 25.471425
71350.000000 24.243344 25.470647
71360.000000 24.241399 25.468423
71370.000000 24.239754 25.466139
71380.000000 24.237963 25.463328
71390.000000 24.236213 25.460559
71400.000000 24.234430 25.461128
71410.000000 24.231878 25.459390
71420.000000 24.228955 25.457262
71430.000000 24.225565 25.457265
71440.000000 24.222475 25.450467
71450.000000 24.219092 25.450475
71460.000000 24.216156 25.444215
71470.000000 24.213026 25.441494
71480.000000 24.209672 25.441529
71490.000000 24.207242 25.435429
71500.000000 24.204176 25.431654
71510.000000 24.200880 25.429879
71520.000000 24.197629 25.427402
71530.000000 24.194562 25.422131
71540.000000 24.191244 25.422199
71550.000000 24.188116 25.418357
71560.000000 24.184976 25.413011
71570.000000 24.182082 25.411283
71580.000000 24.179019 25.406764
71590.000000 24.175724 25.406851
71600.000000 24.172881 25.402564
71610.000000 24.170188 25.399554
71620.000000 24.167282 25.397437
71630.000000 24.163944 25.396357
71640.000000 24.160690 25.392756
71650.000000 24.157527 25.390741
71660.000000 24.154318 25.387932
71670.000000 24.151016 25.386514
71680.000000 24.147773 25.382925
71690.000000 24.144407 25.382927
71700.000000 24.141280 25.377598
71710.000000 24.138258 25.375355
71720.000000 24.135813 25.372604
71730.000000 24.133926 25.370067
71740.000000 24.132556 25.369933
71750.000000 24.131243 25.368743
71760.000000 24.130385 25.367659
71770.000000 24.128966 25.366730
71780.000000 24.127678 25.364451
71790.000000 24.126210 25.362726
71800.000000 24.125376 25.360926
71810.000000 24.124286 25.360342
71820.000000 24.123215 25.357550
71830.000000 24.121916 25.355634
71840.000000 24.119372 25.351296
71850.000000 24.117733 25.347539
71860.000000 24.116853 25.344580
71870.000000 24.116677 25.345699
71880.000000 24.116040 25.345961
71890.000000 24.115627 25.344976
71900.000000 24.114982 25.345971
71910.000000 24.114220 25.345731
71920.000000 24.113317 25.344232
71930.000000 24.113306 25.344040
71940.000000 24.113306 25.345342
71950.000000 24.112705 25.345641
71960.000000 24.112108 25.344093
71970.000000 24.111884 25.344418
71980.000000 24.111742 25.345939
71990.000000 24.111661 25.345674
72000.000000 24.112328 25.344345
72010.000000 24.113278 25.346644
72020.000000 24.113956 25.344587
72030.000000 24.114096 25.346404
72040.000000 24.113989 25.345372
72050.000000 24.113982 25.345924
72060.000000 24.114389 25.345063
72070.000000 24.114036 25.345622
72080.000000 24.113359 25.343991
72090.000000 24.112847 25.342904
72100.000000 24.112437 25.342294
72110.000000 24.111360 25.342091
72120.000000 24.109923 25.338925
72130.000000 24.109248 25.338405
72140.000000 24.108917 25.337509
72150.000000 24.108313 25.337802
72160.000000 24.107320 25.336210
72170.000000 24.106699 25.336117
72180.000000 24.106544 25.333562
72190.000000 24.107249 25.335230
72200.000000 24.107558 25.337220
72210.000000 24.107204 25.337407
72220.000000 24.106572 25.338407
72230.000000 24.105752 25.335154
72240.000000 24.104758 25.335405
72250.000000 24.103596 25.333636
72260.000000 24.102262 25.333161
72270.000000 24.100998 25.331653
72280.000000 24.100022 25.330448
72290.000000 24.097924 25.330642
72300.000000 24.095632 25.329158
72310.000000 24.092810 25.327117
72320.000000 24.089548 25.327190
72330.000000 24.086456 25.321551
72340.000000 24.084081 25.318875
72350.000000 24.081420 25.315530
72360.000000 24.078670 25.310621
72370.000000 24.076196 25.307842
72380.000000 24.074852 25.304413
72390.000000 24.073837 25.303902
72400.000000 24.072395 25.302943
72410.000000 24.070548 25.301190
72420.000000 24.068155 25.299598
72430.000000 24.065841 25.296987
72440.000000 24.063654 25.294142
72450.000000 24.062004 25.292229
72460.000000 24.059902 25.289841
72470.000000 24.057037 25.287384
72480.000000 24.053865 25.284606
72490.000000 24.050551 25.284610
72500.000000 24.047434 25.281154
72510.000000 24.044133 25.281171
72520.000000 24.041146 25.276385
72530.000000 24.037844 25.276398
72540.000000 24.035215 25.270890
72550.000000 24.032770 25.268140
72560.000000 24.030621 25.266068
72570.000000 24.028619 25.262319
72580.000000 24.027084 25.261991
72590.000000 24.025820 25.261215
72600.000000 24.025066 25.259512
72610.000000 24.024153 25.259105
72620.000000 24.022517 25.258302
72630.000000 24.021328 25.256508
72640.000000 24.020141 25.252157
72650.000000 24.020199 25.251309
72660.000000 24.019727 25.251000
72670.000000 24.018411 25.248342
72680.000000 24.017120 25.246443
72690.000000 24.015444 25.245963
72700.000000 24.013200 25.243791
72710.000000 24.010595 25.241605
72720.000000 24.008307 25.238657
72730.000000 24.006001 25.234231
72740.000000 24.004131 25.232088
72750.000000 24.002735 25.230808
72760.000000 24.001478 25.228580
72770.000000 24.000534 25.226317
72780.000000 23.999548 25.226925
72790.000000 23.997993 25.226571
72800.000000 23.995198 25.224548
72810.000000 23.991999 25.221372
72820.000000 23.988855 25.219346
72830.000000 23.986171 25.213799
72840.000000 23.984400 25.210305
72850.000000 23.981768 25.209180
72860.000000 23.978481 25.209185
72870.000000 23.975465 25.202564
72880.000000 23.972177 25.202566
72890.000000 23.970098 25.194752
72900.000000 23.966832 25.194775
72910.000000 23.964211 25.187848
72920.000000 23.961660 25.184627
72930.000000 23.958902 25.181553
72940.000000 23.955644 25.181580
72950.000000 23.952826 25.175539
72960.000000 23.949564 25.175561
72970.000000 23.947057 25.168761
72980.000000 23.944189 25.164846
72990.000000 23.941606 25.161231
73000.000000 23.939428 25.159129
73010.000000 23.937032 25.154986
73020.000000 23.934390 25.153122
73030.000000 23.931294 25.150416
73040.000000 23.928022 25.150421
73050.000000 23.925590 25.142624
73060.000000 23.923041 25.139770
73070.000000 23.920619 25.138858
73080.000000 23.918276 25.135135
73090.000000 23.916737 25.133344
73100.000000 23.915121 25.131471
73110.000000 23.913614 25.128267
73120.000000 23.911882 25.124106
73130.000000 23.910428 25.122044
73140.000000 23.909584 25.122426
73150.000000 23.908085 25.121038
73160.000000 23.906248 25.121099
73170.000000 23.904003 25.118926
73180.000000 23.902114 25.116045
73190.000000 23.900013 25.115105
73200.000000 23.897326 25.112828
73210.000000 23.894618 25.108726
73220.000000 23.892870 25.106716
73230.000000 23.891920 25.104103
73240.000000 23.890640 25.101863
73250.000000 23.889078 25.100409
73260.000000 23.887416 25.099928
73270.000000 23.885995 25.098261
73280.000000 23.883856 25.097280
73290.000000 23.880717 25.094526
73300.000000 23.877463 25.094531
73310.000000 23.874793 25.089032
73320.000000 23.871986 25.085908
73330.000000 23.868841 25.084227
73340.000000 23.865844 25.081263
73350.000000 23.863171 25.077560
73360.000000 23.860553 25.074636
73370.000000 23.858547 25.070918
73380.000000 23.856524 25.069336
73390.000000 23.854018 25.067965
73400.000000 23.851250 25.062729
73410.000000 23.849082 25.059919
73420.000000 23.846882 25.057792
73430.000000 23.844761 25.054315
73440.000000 23.842490 25.052832
73450.000000 23.839960 25.051433
73460.000000 23.837382 25.049984
73470.000000 23.834343 25.045900
73480.000000 23.831688 25.042937
73490.000000 23.829540 25.040149
73500.000000 23.827142 25.036382
73510.000000 23.824983 25.034299
73520.000000 23.822633 25.031656
73530.000000 23.819944 25.030089
73540.000000 23.817263 25.027099
73550.000000 23.814118 25.025409
73560.000000 23.810915 25.024015
73570.000000 23.807768 25.019462
73580.000000 23.805300 25.017411
73590.000000 23.802493 25.015716
73600.000000 23.799266 25.015724
73610.000000 23.796213 25.009483
73620.000000 23.793437 25.006750
73630.000000 23.790216 25.006761
73640.000000 23.787343 25.000356
73650.000000 23.784751 24.995675
73660.000000 23.783209 24.994595
73670.000000 23.780940 24.992395
73680.000000 23.778597 24.990828
73690.000000 23.776363 24.988664
73700.000000 23.773811 24.985096
73710.000000 23.771684 24.981263
73720.000000 23.770925 24.980650
73730.000000 23.769842 24.980764
73740.000000 23.768281 24.978951
73750.000000 23.766613 24.975246
73760.000000 23.765588 24.973996
73770.000000 23.764644 24.973188
73780.000000 23.763087 24.972091
73790.000000 23.761498 24.969893
73800.000000 23.759784 24.966853
73810.000000 23.758659 24.965854
73820.000000 23.757323 24.966057
73830.000000 23.755432 24.964253
73840.000000 23.753831 24.963464
73850.000000 23.752004 24.963148
73860.000000 23.749763 24.961331
73870.000000 23.748052 24.959004
73880.000000 23.747598 24.956580
73890.000000 23.747999 24.954345
73900.000000 23.749030 24.955612
73910.000000 23.750863 24.955238
73920.000000 23.752903 24.956855
73930.000000 23.754231 24.959144
73940.000000 23.755194 24.959630
73950.000000 23.756227 24.961608
73960.000000 23.756846 24.962796
73970.000000 23.757289 24.963445
73980.000000 23.757239 24.961448
73990.000000 23.757627 24.961685
74000.000000 23.758041 24.963366
74010.000000 23.758862 24.963349
74020.000000 23.760052 24.964429
74030.000000 23.760968 24.964158
74040.000000 23.761915 24.965691
74050.000000 23.762849 24.966147
74060.000000 23.763628 24.968211
74070.000000 23.764295 24.968741
74080.000000 23.764930 24.971362
74090.000000 23.764590 24.970834
74100.000000 23.764643 24.970719
74110.000000 23.764427 24.970675
74120.000000 23.763990 24.970044
74130.000000 23.763480 24.968984
74140.000000 23.763365 24.969399
74150.000000 23.763672 24.968844
74160.000000 23.763345 24.969745
74170.000000 23.762091 24.967902
74180.000000 23.761800 24.966011
74190.000000 23.761751 24.966496
74200.000000 23.761748 24.966323
74210.000000 23.761832 24.966947
74220.000000 23.761365 24.966639
74230.000000 23.759777 24.965154
74240.000000 23.758243 24.963724
74250.000000 23.756931 24.961822
74260.000000 23.756037 24.959299
74270.000000 23.755480 24.959957
74280.000000 23.754340 24.960707
74290.000000 23.752977 24.959104
74300.000000 23.751009 24.957219
74310.000000 23.748818 24.955451
74320.000000 23.746230 24.951503
74330.000000 23.744038 24.948676
74340.000000 23.742444 24.946831
74350.000000 23.740673 24.944095
74360.000000 23.739282 24.942464
74370.000000 23.737993 24.940940
74380.000000 23.736990 24.937955
74390.000000 23.736231 24.938045
74400.000000 23.735542 24.938207
74410.000000 23.735155 24.938334
74420.000000 23.733774 24.937771
74430.000000 23.732286 24.934629
74440.000000 23.730878 24.930517
74450.000000 23.729789 24.929907
74460.000000 23.728777 24.929730
74470.000000 23.726601 24.928681
74480.000000 23.723639 24.926454
74490.000000 23.720506 24.926508
74500.000000 23.717598 24.921877
74510.000000 23.714834 24.918803
74520.000000 23.712426 24.915400
74530.000000 23.709514 24.912521
74540.000000 23.706617 24.910713
74550.000000 23.703868 24.909059
74560.000000 23.701219 24.906807
74570.000000 23.698134 24.904449
74580.000000 23.695325 24.900976
74590.000000 23.693042 24.897705
74600.000000 23.690955 24.896043
74610.000000 23.689728 24.892480
74620.000000 23.688010 24.891207
74630.000000 23.685435 24.887982
74640.000000 23.683490 24.886469
74650.000000 23.681475 24.883482
74660.000000 23.679505 24.882644
74670.000000 23.677095 24.879241
74680.000000 23.675063 24.876588
74690.000000 23.672990 24.874940
74700.000000 23.671315 24.871961
74710.000000 23.669873 24.870977
74720.000000 23.668154 24.870750
74730.000000 23.665524 24.868868
74740.000000 23.662757 24.866489
74750.000000 23.660264 24.864050
74760.000000 23.657655 24.862188
74770.000000 23.654817 24.859035
74780.000000 23.651825 24.856770
74790.000000 23.648665 24.856772
74800.000000 23.645899 24.850901
74810.000000 23.643384 24.848438
74820.000000 23.641034 24.846847
74830.000000 23.638589 24.843758
74840.000000 23.636378 24.840917
74850.000000 23.634568 24.839543
74860.000000 23.632737 24.836055
74870.000000 23.630470 24.832807
74880.000000 23.628044 24.830436
74890.000000 23.625015 24.828479
74900.000000 23.621939 24.826471
74910.000000 23.618820 24.826506
74920.000000 23.616911 24.818411
74930.000000 23.614739 24.817700
74940.000000 23.612090 24.815443
74950.000000 23.609671 24.812037
74960.000000 23.606629 24.809367
74970.000000 23.603690 24.806806
74980.000000 23.600554 24.806817
74990.000000 23.597678 24.800845
75000.000000 23.594550 24.798084
75010.000000 23.591491 24.795395
75020.000000 23.588547 24.792132
75030.000000 23.585994 24.787544
75040.000000 23.583793 24.784369
75050.000000 23.581044 24.780964
75060.000000 23.578060 24.777661
75070.000000 23.575800 24.773384
75080.000000 23.574156 24.770796
75090.000000 23.571951 24.769004
75100.000000 23.569897 24.767718
75110.000000 23.567470 24.767426
75120.000000 23.565007 24.763630
75130.000000 23.562586 24.759187
75140.000000 23.560744 24.757084
75150.000000 23.559011 24.755788
75160.000000 23.557397 24.753924
75170.000000 23.556321 24.752626
75180.000000 23.555863 24.750249
75190.000000 23.556431 24.749641
75200.000000 23.556714 24.750118
75210.000000 23.556354 24.749226
75220.000000 23.555616 24.749322
75230.000000 23.554898 24.747018
75240.000000 23.554193 24.744038
75250.000000 23.554470 24.743126
75260.000000 23.554829 24.745065
75270.000000 23.554699 24.745799
75280.000000 23.554978 24.744889
75290.000000 23.555421 24.746915
75300.000000 23.554943 24.746591
75310.000000 23.554793 24.746613
75320.000000 23.554456 24.745058
75330.000000 23.554189 24.745646
75340.000000 23.553715 24.744291
75350.000000 23.553398 24.744828
75360.000000 23.552251 24.743801
75370.000000 23.551347 24.742686
75380.000000 23.550567 24.743769
75390.000000 23.549879 24.742191
75400.000000 23.549844 24.741298
75410.000000 23.550001 24.741297
75420.000000 23.549339 24.741814
75430.000000 23.548109 24.739322
75440.000000 23.546650 24.736246
75450.000000 23.545252 24.734955
75460.000000 23.544514 24.733326
75470.000000 23.543441 24.732722
75480.000000 23.541745 24.730430
75490.000000 23.539719 24.728137
75500.000000 23.538314 24.724432
75510.000000 23.537413 24.722977
75520.000000 23.536686 24.722048
75530.000000 23.536783 24.721641
75540.000000 23.537016 24.721378
75550.000000 23.537180 24.721042
75560.000000 23.536748 24.720080
75570.000000 23.536281 24.719425
75580.000000 23.535580 24.719211
75590.000000 23.534558 24.716943
75600.000000 23.532257 24.716422
75610.000000 23.529420 24.713964
75620.000000 23.526928 24.711526
75630.000000 23.524485 24.709825
75640.000000 23.521503 24.709959
75650.000000 23.518947 24.704021
75660.000000 23.516852 24.700971
75670.000000 23.514488 24.700037
75680.000000 23.511666 24.694853
75690.000000 23.509436 24.693031
75700.000000 23.507587 24.690583
75710.000000 23.505822 24.688907
75720.000000 23.504508 24.686678
75730.000000 23.504192 24.684470
75740.000000 23.504404 24.685214
75750.000000 23.504376 24.683994
75760.000000 23.503882 24.682970
75770.000000 23.504110 24.682019
75780.000000 23.504389 24.683517
75790.000000 23.504927 24.682551
75800.000000 23.505582 24.683417
75810.000000 23.505980 24.683331
75820.000000 23.505680 24.683194
75830.000000 23.505037 24.683039
75840.000000 23.504954 24.681422
75850.000000 23.504742 24.680695
75860.000000 23.504440 24.681240
75870.000000 23.503500 24.680773
75880.000000 23.501237 24.679942
75890.000000 23.498488 24.676892
75900.000000 23.495974 24.674771
75910.000000 23.493915 24.670057
75920.000000 23.492715 24.670340
75930.000000 23.491324 24.669399
75940.000000 23.489860 24.667016
75950.000000 23.489214 24.663788
75960.000000 23.489243 24.664339
75970.000000 23.488899 24.665519
75980.000000 23.488063 24.665842
75990.000000 23.487023 24.663906
76000.000000 23.486463 24.662474
76010.000000 23.486139 24.662312
76020.000000 23.485763 24.663798
76030.000000 23.484438 24.663267
76040.000000 23.483136 24.661396
76050.000000 23.482131 24.659496
76060.000000 23.481237 24.659076
76070.000000 23.481189 24.658182
76080.000000 23.481327 24.658505
76090.000000 23.480579 24.657897
76100.000000 23.479491 24.657612
76110.000000 23.478282 24.656180
76120.000000 23.476921 24.653229
76130.000000 23.475250 24.651312
76140.000000 23.472517 24.650999
76150.000000 23.469464 24.649330
76160.000000 23.466457 24.645329
76170.000000 23.463377 24.645330
76180.000000 23.460950 24.639560
76190.000000 23.458664 24.636318
76200.000000 23.455977 24.635371
76210.000000 23.452900 24.635371
76220.000000 23.450735 24.627844
76230.000000 23.449067 24.625252
76240.000000 23.448111 24.622050
76250.000000 23.447501 24.618875
76260.000000 23.447018 24.617529
76270.000000 23.446716 24.616711
76280.000000 23.445969 24.617122
76290.000000 23.444985 24.616944
76300.000000 23.443152 24.615536
76310.000000 23.441245 24.612694
76320.000000 23.438852 24.611375
76330.000000 23.435783 24.611377
76340.000000 23.433567 24.605164
76350.000000 23.430626 24.603946
76360.000000 23.428220 24.599905
76370.000000 23.426045 24.597122
76380.000000 23.423727 24.596218
76390.000000 23.421137 24.592999
76400.000000 23.418920 24.591523
76410.000000 23.416563 24.588211
76420.000000 23.414867 24.586946
76430.000000 23.412665 24.583459
76440.000000 23.410339 24.580519
76450.000000 23.407673 24.577221
76460.000000 23.404932 24.573507
76470.000000 23.402111 24.571060
76480.000000 23.399093 24.568068
76490.000000 23.396121 24.565799
76500.000000 23.393088 24.564139
76510.000000 23.390149 24.561566
76520.000000 23.387099 24.561573
76530.000000 23.385826 24.555695
76540.000000 23.383886 24.551140
76550.000000 23.382962 24.549336
76560.000000 23.382877 24.549760
76570.000000 23.382684 24.549734
76580.000000 23.381107 24.548928
76590.000000 23.378326 24.546858
76600.000000 23.375648 24.543549
76610.000000 23.373367 24.541667
76620.000000 23.370949 24.539977
76630.000000 23.368754 24.535831
76640.000000 23.366577 24.534729
76650.000000 23.363931 24.531119
76660.000000 23.361710 24.528291
76670.000000 23.359094 24.525385
76680.000000 23.356390 24.522723
76690.000000 23.353541 24.521922
76700.000000 23.350535 24.519948
76710.000000 23.348149 24.515605
76720.000000 23.346063 24.512919
76730.000000 23.344925 24.509552
76740.000000 23.344348 24.508116
76750.000000 23.344098 24.507024
76760.000000 23.344100 24.506532
76770.000000 23.344698 24.505660
76780.000000 23.345144 24.505635
76790.000000 23.345844 24.505876
76800.000000 23.346732 24.507320
76810.000000 23.347226 24.507679
76820.000000 23.347692 24.508345
76830.000000 23.348673 24.506203
76840.000000 23.350129 24.508242
76850.000000 23.350870 24.510200
76860.000000 23.351467 24.510335
76870.000000 23.351923 24.510989
76880.000000 23.352116 24.512707
76890.000000 23.351765 24.513853
76900.000000 23.351046 24.512606
76910.000000 23.351366 24.512114
76920.000000 23.351881 24.512496
76930.000000 23.351968 24.513098
76940.000000 23.351082 24.513348
76950.000000 23.349273 24.513296
76960.000000 23.347144 24.511236
76970.000000 23.345045 24.508874
76980.000000 23.342961 24.506862
76990.000000 23.341049 24.505030
77000.000000 23.339139 24.503201
77010.000000 23.337183 24.502658
77020.000000 23.334176 24.502683
77030.000000 23.331399 24.498939
77040.000000 23.328868 24.494453
77050.000000 23.326963 24.493962
77060.000000 23.325118 24.492200
77070.000000 23.324191 24.491401
77080.000000 23.322936 24.489258
77090.000000 23.321234 24.486978
77100.000000 23.319982 24.486172
77110.000000 23.318661 24.484625
77120.000000 23.316974 24.483029
77130.000000 23.315106 24.480575
77140.000000 23.313023 24.478896
77150.000000 23.310848 24.477786
77160.000000 23.308992 24.476011
77170.000000 23.307027 24.475122
77180.000000 23.304197 24.471991
77190.000000 23.301907 24.468762
77200.000000 23.300124 24.467730
77210.000000 23.298267 24.465953
77220.000000 23.296558 24.464665
77230.000000 23.294814 24.461345
77240.000000 23.293000 24.459946
77250.000000 23.290891 24.458903
77260.000000 23.288986 24.457076
77270.000000 23.287343 24.454526
77280.000000 23.285671 24.451947
77290.000000 23.284354 24.452400
77300.000000 23.283262 24.451759
77310.000000 23.281776 24.450703
77320.000000 23.280110 24.449127
77330.000000 23.278519 24.448625
77340.000000 23.276447 24.447618
77350.000000 23.274917 24.444857
77360.000000 23.273294 24.443326
77370.000000 23.271260 24.441362
77380.000000 23.268763 24.438249
77390.000000 23.266338 24.435212
77400.000000 23.263683 24.431933
77410.000000 23.261140 24.429104
77420.000000 23.258881 24.426242
77430.000000 23.256985 24.424424
77440.000000 23.254896 24.422072
77450.000000 23.251983 24.422165
77460.000000 23.249724 24.415330
77470.000000 23.247326 24.412655
77480.000000 23.244746 24.409788
77490.000000 23.242448 24.407216
77500.000000 23.240530 24.405044
77510.000000 23.238660 24.403584
77520.000000 23.236164 24.401136
77530.000000 23.233569 24.397262
77540.000000 23.231039 24.395438
77550.000000 23.228816 24.393937
77560.000000 23.226186 24.390687
77570.000000 23.223202 24.390698
77580.000000 23.221030 24.384627
77590.000000 23.218290 24.381263
77600.000000 23.215929 24.378626
77610.000000 23.213302 24.377029
77620.000000 23.211096 24.374225
77630.000000 23.208502 24.372004
77640.000000 23.205670 24.368542
77650.000000 23.202867 24.365771
77660.000000 23.199916 24.365810
77670.000000 23.197096 24.362362
77680.000000 23.194415 24.360376
77690.000000 23.191660 24.357326
77700.000000 23.189579 24.352678
77710.000000 23.188120 24.350660
77720.000000 23.186581 24.349216
77730.000000 23.184842 24.347561
77740.000000 23.182915 24.345709
77750.000000 23.180855 24.344704
77760.000000 23.178746 24.342990
77770.000000 23.176694 24.341006
77780.000000 23.175123 24.336570
77790.000000 23.173269 24.336438
77800.000000 23.170587 24.333792
77810.000000 23.167760 24.331980
77820.000000 23.164839 24.328755
77830.000000 23.161866 24.328759
77840.000000 23.160496 24.323224
77850.000000 23.158831 24.320990
77860.000000 23.157199 24.321088
77870.000000 23.154621 24.318880
77880.000000 23.151676 24.318909
77890.000000 23.149236 24.313893
77900.000000 23.146628 24.310669
77910.000000 23.144319 24.307104
77920.000000 23.141733 24.304231
77930.000000 23.139113 24.303288
77940.000000 23.137094 24.298064
77950.000000 23.135669 24.296739
77960.000000 23.134628 24.296470
77970.000000 23.132977 24.295235
77980.000000 23.131863 24.293253
77990.000000 23.130744 24.290614
78000.000000 23.130514 24.287927
78010.000000 23.131057 24.287688
78020.000000 23.131076 24.288533
78030.000000 23.130219 24.287477
78040.000000 23.129302 24.287012
78050.000000 23.127990 24.286459
78060.000000 23.126179 24.285381
78070.000000 23.123910 24.283496
78080.000000 23.121731 24.281378
78090.000000 23.120012 24.278764
78100.000000 23.119657 24.277256
78110.000000 23.119459 24.275914
78120.000000 23.117960 24.274837
78130.000000 23.115847 24.272136
78140.000000 23.113875 24.268606
78150.000000 23.112586 24.266119
78160.000000 23.110975 24.264925
78170.000000 23.109027 24.263050
78180.000000 23.107085 24.261182
78190.000000 23.104768 24.258921
78200.000000 23.101916 24.256097
78210.000000 23.098980 24.256115
78220.000000 23.096359 24.251905
78230.000000 23.093706 24.248639
78240.000000 23.090767 24.248652
78250.000000 23.088084 24.242752
78260.000000 23.085164 24.242784
78270.000000 23.082400 24.237124
78280.000000 23.079593 24.234346
78290.000000 23.077092 24.231890
78300.000000 23.074693 24.230192
78310.000000 23.072434 24.228639
78320.000000 23.070347 24.225318
78330.000000 23.069031 24.223457
78340.000000 23.067722 24.222902
78350.000000 23.066472 24.220784
78360.000000 23.064901 24.220278
78370.000000 23.062851 24.219919
78380.000000 23.060483 24.218250
78390.000000 23.057778 24.215579
78400.000000 23.054884 24.215628
78410.000000 23.052565 24.211415
78420.000000 23.050473 24.210035
78430.000000 23.048124 24.206764
78440.000000 23.045722 24.205059
78450.000000 23.042987 24.201707
78460.000000 23.040438 24.199199
78470.000000 23.037503 24.199200
78480.000000 23.035501 24.194027
78490.000000 23.032839 24.192047
78500.000000 23.030229 24.189151
78510.000000 23.027944 24.185949
78520.000000 23.025743 24.183806
78530.000000 23.023636 24.180792
78540.000000 23.020885 24.178070
78550.000000 23.017969 24.178086
78560.000000 23.016499 24.171539
78570.000000 23.014476 24.168937
78580.000000 23.012018 24.165879
78590.000000 23.009388 24.164577
78600.000000 23.006996 24.161265
78610.000000 23.004824 24.157862
78620.000000 23.002453 24.156185
78630.000000 23.000668 24.154157
78640.000000 22.999379 24.153618
78650.000000 22.998066 24.151440
78660.000000 22.996700 24.150818
78670.000000 22.994667 24.149819
78680.000000 22.992803 24.148029
78690.000000 22.990861 24.146802
78700.000000 22.989425 24.143850
78710.000000 22.987889 24.142084
78720.000000 22.986009 24.141888
78730.000000 22.983273 24.140470
78740.000000 22.980562 24.138113
78750.000000 22.977988 24.134288
78760.000000 22.975655 24.131684
78770.000000 22.973673 24.129448
78780.000000 22.972462 24.126413
78790.000000 22.971473 24.125543
78800.000000 22.970984 24.127127
78810.000000 22.970598 24.126246
78820.000000 22.970481 24.125647
78830.000000 22.970333 24.124052
78840.000000 22.970314 24.124200
78850.000000 22.969216 24.122893
78860.000000 22.967978 24.120796
78870.000000 22.967370 24.118721
78880.000000 22.966614 24.118736
78890.000000 22.966199 24.117826
78900.000000 22.965290 24.117681
78910.000000 22.964277 24.118069
78920.000000 22.962423 24.117252
78930.000000 22.960100 24.114980
78940.000000 22.957457 24.113333
78950.000000 22.954739 24.110324
78960.000000 22.952265 24.106610
78970.000000 22.949900 24.103652
78980.000000 22.947427 24.100581
78990.000000 22.945736 24.099292
79000.000000 22.943718 24.098301
79010.000000 22.941267 24.096854
79020.000000 22.938596 24.094216
79030.000000 22.936052 24.091390
79040.000000 22.933718 24.089105
79050.000000 22.931424 24.086222
79060.000000 22.929065 24.084870
79070.000000 22.926641 24.081532
79080.000000 22.924572 24.077926
79090.000000 22.922755 24.076183
79100.000000 22.921506 24.073440
79110.000000 22.920606 24.072980
79120.000000 22.919251 24.070766
79130.000000 22.917712 24.069316
79140.000000 22.916362 24.066787
79150.000000 22.915360 24.066540
79160.000000 22.913758 24.065663
79170.000000 22.912641 24.063060
79180.000000 22.911733 24.063230
79190.000000 22.910395 24.061354
79200.000000 22.908643 24.059042
79210.000000 22.907189 24.058000
79220.000000 22.906407 24.056389
79230.000000 22.905029 24.054470
79240.000000 22.903796 24.053980
79250.000000 22.901989 24.053205
79260.000000 22.899321 24.050568
79270.000000 22.896916 24.047890
79280.000000 22.894408 24.045103
79290.000000 22.891685 24.043365
79300.000000 22.889038 24.041388
79310.000000 22.886225 24.041464
79320.000000 22.883755 24.035852
79330.000000 22.881533 24.034320
79340.000000 22.879208 24.029817
79350.000000 22.876812 24.027784
79360.000000 22.874190 24.023923
79370.000000 22.871491 24.023162
79380.000000 22.868768 24.020785
79390.000000 22.866149 24.018200
79400.000000 22.863365 24.015759
79410.000000 22.861159 24.013289
79420.000000 22.858746 24.009967
79430.000000 22.856688 24.007336
79440.000000 22.854113 24.005748
79450.000000 22.851401 24.004017
79460.000000 22.848599 24.004095
79470.000000 22.846314 23.997417
79480.000000 22.844067 23.995539
79490.000000 22.841439 23.993578
79500.000000 22.838894 23.990752
79510.000000 22.836693 23.988605
79520.000000 22.834358 23.984732
79530.000000 22.831935 23.981719
79540.000000 22.829797 23.980271
79550.000000 22.828164 23.977138
79560.000000 22.826395 23.975761
79570.000000 22.825000 23.973195
79580.000000 22.823310 23.971268
79590.000000 22.820876 23.968876
79600.000000 22.818195 23.965909
79610.000000 22.815388 23.964074
79620.000000 22.812749 23.961783
79630.000000 22.810033 23.959094
79640.000000 22.807488 23.955006
79650.000000 22.805553 23.950611
79660.000000 22.804241 23.950346
79670.000000 22.802577 23.948763
79680.000000 22.801226 23.946561
79690.000000 22.800534 23.944738
79700.000000 22.799823 23.945102
79710.000000 22.798948 23.944347
79720.000000 22.797484 23.943605
79730.000000 22.795676 23.940925
79740.000000 22.793949 23.938645
79750.000000 22.792231 23.937951
79760.000000 22.789854 23.936564
79770.000000 22.787199 23.932680
79780.000000 22.784987 23.930835
79790.000000 22.782575 23.929412
79800.000000 22.779810 23.927931
79810.000000 22.777140 23.924975
79820.000000 22.774290 23.924979
79830.000000 22.773011 23.920022
79840.000000 22.771284 23.919001
79850.000000 22.769035 23.917116
79860.000000 22.766438 23.913923
79870.000000 22.763731 23.909671
79880.000000 22.761249 23.907857
79890.000000 22.758864 23.904572
79900.000000 22.756637 23.902710
79910.000000 22.754111 23.901164
79920.000000 22.751437 23.898204
79930.000000 22.749558 23.894823
79940.000000 22.748815 23.892637
79950.000000 22.748976 23.893283
79960.000000 22.748965 23.893121
79970.000000 22.748499 23.893737
79980.000000 22.747780 23.893145
79990.000000 22.746801 23.892908
80000.000000 22.745724 23.892567
80010.000000 22.745015 23.890417
80020.000000 22.744566 23.888855
80030.000000 22.744365 23.888807
80040.000000 22.744728 23.889979
80050.000000 22.743900 23.890526
80060.000000 22.742076 23.889086
80070.000000 22.739465 23.886193
80080.000000 22.736632 23.886200
80090.000000 22.734236 23.881966
80100.000000 22.731501 23.879255
80110.000000 22.728819 23.875975
80120.000000 22.726388 23.873897
80130.000000 22.724066 23.872245
80140.000000 22.721474 23.869372
80150.000000 22.719335 23.865411
80160.000000 22.717235 23.863680
80170.000000 22.714894 23.861070
80180.000000 22.712915 23.859154
80190.000000 22.710810 23.855230
80200.000000 22.708256 23.852710
80210.000000 22.705648 23.850758
80220.000000 22.702849 23.850791
80230.000000 22.701951 23.844078
80240.000000 22.699837 23.841083
80250.000000 22.697392 23.836806
80260.000000 22.695101 23.832692
80270.000000 22.693169 23.829891
80280.000000 22.691661 23.828159
80290.000000 22.689829 23.828268
80300.000000 22.687615 23.827040
80310.000000 22.685236 23.823146
80320.000000 22.682508 23.823248
80330.000000 22.680209 23.817258
80340.000000 22.678114 23.814288
80350.000000 22.676077 23.811377
80360.000000 22.674168 23.809224
80370.000000 22.672272 23.805219
80380.000000 22.671669 23.803816
80390.000000 22.670842 23.804354
80400.000000 22.669665 23.802659
80410.000000 22.668618 23.799548
80420.000000 22.668187 23.798326
80430.000000 22.668019 23.799556
80440.000000 22.667787 23.799475
80450.000000 22.666997 23.798498
80460.000000 22.666538 23.797557
80470.000000 22.666584 23.797459
80480.000000 22.666419 23.797448
80490.000000 22.666519 23.795854
80500.000000 22.666121 23.795288
80510.000000 22.665933 23.794634
80520.000000 22.666185 23.794751
80530.000000 22.666909 23.795364
80540.000000 22.667343 23.796603
80550.000000 22.667617 23.797984
80560.000000 22.667441 23.797963
80570.000000 22.667464 23.795049
80580.000000 22.668378 23.794622
80590.000000 22.669383 23.794600
80600.000000 22.670383 23.796122
80610.000000 22.670927 23.797476
80620.000000 22.671392 23.798128
80630.000000 22.671620 23.796671
80640.000000 22.672522 23.797472
80650.000000 22.674041 23.799849
80660.000000 22.675311 23.801655
80670.000000 22.676413 23.802975
80680.000000 22.677712 23.804502
80690.000000 22.679393 23.807048
80700.000000 22.680447 23.809557
80710.000000 22.680726 23.810632
80720.000000 22.680437 23.811730
80730.000000 22.680153 23.811285
80740.000000 22.681094 23.809029
80750.000000 22.682347 23.812055
80760.000000 22.683297 23.813215
80770.000000 22.684570 23.814405
80780.000000 22.686058 23.814583
80790.000000 22.687705 23.816474
80800.000000 22.689324 23.818646
80810.000000 22.690853 23.819796
80820.000000 22.693001 23.820357
80830.000000 22.695208 23.820670
80840.000000 22.697964 23.824654
80850.000000 22.700535 23.825970
80860.000000 22.703518 23.825243
80870.000000 22.707406 23.827941
80880.000000 22.711371 23.831338
80890.000000 22.714735 23.836578
80900.000000 22.717444 23.840202
80910.000000 22.720041 23.842164
80920.000000 22.722231 23.845244
80930.000000 22.724328 23.848536
80940.000000 22.726337 23.848953
80950.000000 22.729121 23.851728
80960.000000 22.731985 23.854279
80970.000000 22.734726 23.856391
80980.000000 22.738187 23.857715
80990.000000 22.742233 23.863669
81000.000000 22.746139 23.865767
81010.000000 22.750456 23.870770
81020.000000 22.755290 23.874770
81030.000000 22.760231 23.880118
81040.000000 22.765397 23.884466
81050.000000 22.770304 23.890706
81060.000000 22.775290 23.897029
81070.000000 22.780018 23.902773
81080.000000 22.784755 23.907598
81090.000000 22.789334 23.913805
81100.000000 22.794129 23.917762
81110.000000 22.798570 23.923206
81120.000000 22.803212 23.928859
81130.000000 22.807767 23.933184
81140.000000 22.812101 23.938825
81150.000000 22.816320 23.943106
81160.000000 22.820222 23.947675
81170.000000 22.823527 23.951616
81180.000000 22.826846 23.955263
81190.000000 22.830307 23.959989
81200.000000 22.833596 23.962985
81210.000000 22.836750 23.966148
81220.000000 22.840425 23.969549
81230.000000 22.843963 23.972497
81240.000000 22.847529 23.977332
81250.000000 22.851072 23.979356
81260.000000 22.854309 23.984465
81270.000000 22.857604 23.987159
81280.000000 22.860784 23.991279
81290.000000 22.863581 23.994997
81300.000000 22.865590 23.997889
81310.000000 22.867469 23.999405
81320.000000 22.869848 24.001756
81330.000000 22.872624 24.005143
81340.000000 22.875408 24.009157
81350.000000 22.877679 24.011395
81360.000000 22.879457 24.012804
81370.000000 22.881120 24.015333
81380.000000 22.882544 24.018230
81390.000000 22.883162 24.019662
81400.000000 22.883355 24.020337
81410.000000 22.882826 24.020255
81420.000000 22.881574 24.019723
81430.000000 22.879883 24.019659
81440.000000 22.877753 24.016347
81450.000000 22.875614 24.014884
81460.000000 22.873371 24.013620
81470.000000 22.870854 24.011450
81480.000000 22.868225 24.009161
81490.000000 22.865537 24.007430
81500.000000 22.862946 24.003943
81510.000000 22.860670 24.001097
81520.000000 22.858780 23.998349
81530.000000 22.856298 23.996214
81540.000000 22.853546 23.994722
81550.000000 22.850864 23.991451
81560.000000 22.848487 23.990352
81570.000000 22.845709 23.990376
81580.000000 22.843193 23.986970
81590.000000 22.840430 23.987008
81600.000000 22.837856 23.982615
81610.000000 22.835509 23.979385
81620.000000 22.832830 23.977351
81630.000000 22.830059 23.975836
81640.000000 22.827804 23.971470
81650.000000 22.826216 23.969039
81660.000000 22.824893 23.968427
81670.000000 22.822980 23.966887
81680.000000 22.820311 23.964246
81690.000000 22.817521 23.964250
81700.000000 22.815192 23.957961
81710.000000 22.812662 23.955773
81720.000000 22.809900 23.955804
81730.000000 22.807544 23.951951
81740.000000 22.804971 23.950024
81750.000000 22.802298 23.947686
81760.000000 22.799625 23.945962
81770.000000 22.797083 23.943452
81780.000000 22.794990 23.942029
81790.000000 22.793081 23.939262
81800.000000 22.791188 23.936819
81810.000000 22.789471 23.935176
81820.000000 22.787880 23.933359
81830.000000 22.786165 23.932639
81840.000000 22.783579 23.931311
81850.000000 22.781093 23.928860
81860.000000 22.778621 23.925502
81870.000000 22.776113 23.922721
81880.000000 22.773628 23.918736
81890.000000 22.771963 23.917454
81900.000000 22.770389 23.917801
81910.000000 22.767986 23.914823
81920.000000 22.765813 23.912087
81930.000000 22.763711 23.910039
81940.000000 22.761231 23.909432
81950.000000 22.758834 23.905848
81960.000000 22.757110 23.904502
81970.000000 22.755280 23.903046
81980.000000 22.753449 23.901895
81990.000000 22.751286 23.900087
82000.000000 22.748532 23.900109
82010.000000 22.746280 23.893616
82020.000000 22.744918 23.890509
82030.000000 22.743636 23.889627
82040.000000 22.742276 23.889276
82050.000000 22.740430 23.888719
82060.000000 22.738300 23.887557
82070.000000 22.735784 23.884767
82080.000000 22.733948 23.882386
82090.000000 22.731449 23.880225
82100.000000 22.728725 23.878744
82110.000000 22.726353 23.875800
82120.000000 22.724412 23.873918
82130.000000 22.722042 23.872198
82140.000000 22.719339 23.870432
82150.000000 22.716574 23.870432
82160.000000 22.714333 23.864268
82170.000000 22.711595 23.864295
82180.000000 22.709337 23.859029
82190.000000 22.707588 23.855826
82200.000000 22.706880 23.854630
82210.000000 22.705477 23.854228
82220.000000 22.703510 23.851406
82230.000000 22.701803 23.850076
82240.000000 22.700377 23.846907
82250.000000 22.699085 23.845709
82260.000000 22.697362 23.844970
82270.000000 22.695040 23.842080
82280.000000 22.692583 23.839352
82290.000000 22.690690 23.836000
82300.000000 22.689629 23.833218
82310.000000 22.689190 23.832915
82320.000000 22.688949 23.832820
82330.000000 22.688714 23.834252
82340.000000 22.688724 23.834116
82350.000000 22.688838 23.834090
82360.000000 22.688390 23.834994
82370.000000 22.687786 23.835125
82380.000000 22.686785 23.834231
82390.000000 22.686292 23.833870
82400.000000 22.685673 23.831555
82410.000000 22.685134 23.832058
82420.000000 22.684296 23.830727
82430.000000 22.683065 23.829591
82440.000000 22.681247 23.827535
82450.000000 22.679378 23.825729
82460.000000 22.677393 23.823802
82470.000000 22.675032 23.822389
82480.000000 22.672631 23.820934
82490.000000 22.670265 23.817392
82500.000000 22.668001 23.814868
82510.000000 22.665702 23.813216
82520.000000 22.662970 23.812322
82530.000000 22.660572 23.808746
82540.000000 22.658172 23.806079
82550.000000 22.655677 23.804219
82560.000000 22.653462 23.801443
82570.000000 22.650987 23.798091
82580.000000 22.649322 23.795288
82590.000000 22.647849 23.794502
82600.000000 22.646135 23.793162
82610.000000 22.643940 23.791919
82620.000000 22.641209 23.791930
82630.000000 22.638692 23.786719
82640.000000 22.636077 23.784127
82650.000000 22.633634 23.782321
82660.000000 22.630933 23.782361
82670.000000 22.628332 23.777063
82680.000000 22.625742 23.773592
82690.000000 22.623839 23.772050
82700.000000 22.621524 23.770076
82710.000000 22.619172 23.767761
82720.000000 22.616640 23.766464
82730.000000 22.613918 23.766475
82740.000000 22.611422 23.761292
82750.000000 22.609488 23.758811
82760.000000 22.608021 23.757425
82770.000000 22.606592 23.756381
82780.000000 22.605339 23.754014
82790.000000 22.604047 23.753415
82800.000000 22.602573 23.752625
82810.000000 22.601084 23.750613
82820.000000 22.599282 23.748874
82830.000000 22.597659 23.745216
82840.000000 22.596371 23.744921
82850.000000 22.594511 23.744628
82860.000000 22.592848 23.743036
82870.000000 22.590951 23.741498
82880.000000 22.588744 23.739936
82890.000000 22.586351 23.739382
82900.000000 22.584000 23.737969
82910.000000 22.581468 23.734258
82920.000000 22.578768 23.734283
82930.000000 22.576250 23.730587
82940.000000 22.573546 23.730607
82950.000000 22.571134 23.725819
82960.000000 22.568712 23.723127
82970.000000 22.566354 23.721103
82980.000000 22.563687 23.721158
82990.000000 22.561543 23.714853
83000.000000 22.559644 23.713912
83010.000000 22.557514 23.712727
83020.000000 22.555038 23.710578
83030.000000 22.552348 23.710606
83040.000000 22.550005 23.704996
83050.000000 22.547657 23.701481
83060.000000 22.545758 23.696940
83070.000000 22.544167 23.694523
83080.000000 22.542317 23.693331
83090.000000 22.540162 23.692120
83100.000000 22.537557 23.691034
83110.000000 22.534994 23.687894
83120.000000 22.532473 23.685098
83130.000000 22.529981 23.684429
83140.000000 22.527566 23.681744
83150.000000 22.525031 23.678336
83160.000000 22.522385 23.675708
83170.000000 22.519736 23.675171
83180.000000 22.517189 23.671449
83190.000000 22.514719 23.668708
83200.000000 22.512319 23.666636
83210.000000 22.510112 23.662676
83220.000000 22.508447 23.661078
83230.000000 22.506661 23.659055
83240.000000 22.504391 23.655926
83250.000000 22.501781 23.653934
83260.000000 22.499594 23.651489
83270.000000 22.497695 23.649049
83280.000000 22.495889 23.646408
83290.000000 22.493947 23.643625
83300.000000 22.491833 23.643047
83310.000000 22.489498 23.639852
83320.000000 22.486957 23.637334
83330.000000 22.484295 23.636478
83340.000000 22.481930 23.633846
83350.000000 22.480048 23.630232
83360.000000 22.478071 23.628605
83370.000000 22.475610 23.625873
83380.000000 22.473106 23.624287
83390.000000 22.470715 23.621331
83400.000000 22.468508 23.618866
83410.000000 22.466407 23.616512
83420.000000 22.464536 23.613508
83430.000000 22.463050 23.611206
83440.000000 22.461868 23.609819
83450.000000 22.460743 23.609086
83460.000000 22.459186 23.607305
83470.000000 22.458013 23.605333
83480.000000 22.457344 23.603297
83490.000000 22.457269 23.604262
83500.000000 22.456574 23.604576
83510.000000 22.455360 23.602561
83520.000000 22.454200 23.600306
83530.000000 22.453644 23.599281
83540.000000 22.452811 23.597667
83550.000000 22.452048 23.597316
83560.000000 22.451154 23.597122
83570.000000 22.449866 23.596515
83580.000000 22.448454 23.593996
83590.000000 22.447793 23.589895
83600.000000 22.447241 23.590358
83610.000000 22.446406 23.588743
83620.000000 22.445989 23.589644
83630.000000 22.443885 23.587586
83640.000000 22.441544 23.584685
83650.000000 22.439873 23.583081
83660.000000 22.438576 23.580982
83670.000000 22.437004 23.578890
83680.000000 22.436158 23.577266
83690.000000 22.434794 23.577466
83700.000000 22.433064 23.576097
83710.000000 22.430803 23.575056
83720.000000 22.428369 23.572355
83730.000000 22.425816 23.568640
83740.000000 22.423369 23.566812
83750.000000 22.420713 23.566836
83760.000000 22.418149 23.563700
83770.000000 22.415898 23.562077
83780.000000 22.414188 23.558955
83790.000000 22.412095 23.558088
83800.000000 22.409587 23.555603
83810.000000 22.406934 23.555625
83820.000000 22.404665 23.551324
83830.000000 22.402275 23.547782
83840.000000 22.399772 23.544417
83850.000000 22.397164 23.544484
83860.000000 22.394912 23.540792
83870.000000 22.393144 23.537905
83880.000000 22.391561 23.537573
83890.000000 22.390025 23.536994
83900.000000 22.388408 23.535740
83910.000000 22.387045 23.533575
83920.000000 22.386248 23.530235
83930.000000 22.384744 23.529395
83940.000000 22.382930 23.526460
83950.000000 22.381774 23.524514
83960.000000 22.381300 23.523578
83970.000000 22.381295 23.524019
83980.000000 22.380856 23.523120
83990.000000 22.379959 23.522622
84000.000000 22.379084 23.520676
84010.000000 22.378767 23.519907
84020.000000 22.378127 23.519386
84030.000000 22.378387 23.520104
84040.000000 22.378763 23.520356
84050.000000 22.379688 23.520010
84060.000000 22.380337 23.522902
84070.000000 22.380226 23.522937
84080.000000 22.380072 23.523808
84090.000000 22.379860 23.522560
84100.000000 22.379955 23.521930
84110.000000 22.379604 23.521123
84120.000000 22.379727 23.521111
84130.000000 22.379492 23.521015
84140.000000 22.378365 23.521451
84150.000000 22.377035 23.519616
84160.000000 22.375666 23.517740
84170.000000 22.374191 23.516635
84180.000000 22.372218 23.515300
84190.000000 22.370377 23.513222
84200.000000 22.368391 23.511285
84210.000000 22.366439 23.507917
84220.000000 22.364483 23.504546
84230.000000 22.363172 23.502732
84240.000000 22.361898 23.500958
84250.000000 22.359956 23.500241
84260.000000 22.358088 23.496377
84270.000000 22.356552 23.493742
84280.000000 22.355344 23.494088
84290.000000 22.353699 23.492510
84300.000000 22.352258 23.491439
84310.000000 22.350778 23.488278
84320.000000 22.349502 23.486503
84330.000000 22.348598 23.484241
84340.000000 22.347927 23.484272
84350.000000 22.346892 23.483043
84360.000000 22.345493 23.481431
84370.000000 22.343513 23.480671
84380.000000 22.341037 23.479097
84390.000000 22.338403 23.479111
84400.000000 22.335938 23.474916
84410.000000 22.333787 23.473098
84420.000000 22.331330 23.470667
84430.000000 22.328761 23.468993
84440.000000 22.326293 23.466549
84450.000000 22.324067 23.464944
84460.000000 22.321721 23.461752
84470.000000 22.319320 23.459379
84480.000000 22.317158 23.457548
84490.000000 22.314794 23.454337
84500.000000 22.312492 23.452068
84510.000000 22.310502 23.447793
84520.000000 22.309109 23.445896
84530.000000 22.307698 23.443106
84540.000000 22.306436 23.443388
84550.000000 22.304403 23.442567
84560.000000 22.301766 23.442567
84570.000000 22.299641 23.436113
84580.000000 22.298399 23.433794
84590.000000 22.297405 23.431735
84600.000000 22.296093 23.431961
84610.000000 22.294492 23.430138
84620.000000 22.292923 23.428930
84630.000000 22.291112 23.427468
84640.000000 22.288911 23.426468
84650.000000 22.286444 23.424605
84660.000000 22.284226 23.420679
84670.000000 22.282232 23.418733
84680.000000 22.281271 23.415839
84690.000000 22.280742 23.414852
84700.000000 22.279596 23.415540
84710.000000 22.278030 23.413172
84720.000000 22.275797 23.412137
84730.000000 22.273466 23.408094
84740.000000 22.271120 23.407230
84750.000000 22.268641 23.403903
84760.000000 22.266020 23.403910
84770.000000 22.263567 23.400320
84780.000000 22.260969 23.400349
84790.000000 22.258707 23.397540
84800.000000 22.256974 23.394417
84810.000000 22.255062 23.391397
84820.000000 22.252996 23.390534
84830.000000 22.250569 23.387262
84840.000000 22.248284 23.384140
84850.000000 22.245672 23.384151
84860.000000 22.243831 23.377441
84870.000000 22.241464 23.374524
84880.000000 22.238864 23.374545
84890.000000 22.237015 23.368989
84900.000000 22.235273 23.367019
84910.000000 22.233794 23.366770
84920.000000 22.232248 23.367030
84930.000000 22.229926 23.364160
84940.000000 22.228229 23.361947
84950.000000 22.227681 23.358918
84960.000000 22.227735 23.359702
84970.000000 22.227923 23.360337
84980.000000 22.228392 23.361556
84990.000000 22.228503 23.363266
85000.000000 22.228386 23.363581
85010.000000 22.228302 23.363352
85020.000000 22.227932 23.363401
85030.000000 22.227326 23.362912
85040.000000 22.226888 23.362022
85050.000000 22.226398 23.361656
85060.000000 22.226202 23.360733
85070.000000 22.226863 23.360999
85080.000000 22.228070 23.361261
85090.000000 22.229226 23.362625
85100.000000 22.230706 23.363175
85110.000000 22.232464 23.364305
85120.000000 22.234535 23.366919
85130.000000 22.236696 23.368474
85140.000000 22.239003 23.372489
85150.000000 22.240709 23.374719
85160.000000 22.241622 23.376116
85170.000000 22.242161 23.376254
85180.000000 22.242270 23.377959
85190.000000 22.241888 23.378283
85200.000000 22.241409 23.376774
85210.000000 22.241549 23.376493
85220.000000 22.242428 23.375547
85230.000000 22.244368 23.376293
85240.000000 22.246919 23.379699
85250.000000 22.249673 23.382165
85260.000000 22.253016 23.384674
85270.000000 22.257454 23.388910
85280.000000 22.261985 23.393820
85290.000000 22.266284 23.398486
85300.000000 22.270323 23.402014
85310.000000 22.274565 23.406044
85320.000000 22.279530 23.411699
85330.000000 22.284544 23.416251
85340.000000 22.289689 23.421231
85350.000000 22.295372 23.426486
85360.000000 22.301036 23.433163
85370.000000 22.306028 23.438269
85380.000000 22.311635 23.443444
85390.000000 22.317217 23.449748
85400.000000 22.322722 23.455969
85410.000000 22.328143 23.461814
85420.000000 22.333551 23.468513
85430.000000 22.338242 23.473880
85440.000000 22.342243 23.479100
85450.000000 22.345680 23.482572
85460.000000 22.349078 23.485714
85470.000000 22.352340 23.489579
85480.000000 22.355536 23.494243
85490.000000 22.358537 23.498123
85500.000000 22.361065 23.501795
85510.000000 22.363274 23.505132
85520.000000 22.364894 23.507850
85530.000000 22.366709 23.509329
85540.000000 22.368406 23.511550
85550.000000 22.369725 23.511930
85560.000000 22.371032 23.513740
85570.000000 22.372487 23.514841
85580.000000 22.373816 23.517252
85590.000000 22.374524 23.517857
85600.000000 22.375543 23.519075
85610.000000 22.376070 23.520645
85620.000000 22.376674 23.520850
85630.000000 22.376685 23.522164
85640.000000 22.376551 23.521883
85650.000000 22.376514 23.522282
85660.000000 22.375865 23.522036
85670.000000 22.375146 23.520562
85680.000000 22.374830 23.519801
85690.000000 22.374575 23.521700
85700.000000 22.374473 23.522030
85710.000000 22.374318 23.521726
85720.000000 22.373543 23.521059
85730.000000 22.372548 23.520737
85740.000000 22.371764 23.519773
85750.000000 22.371084 23.520071
85760.000000 22.370764 23.521323
85770.000000 22.369849 23.521950
85780.000000 22.368707 23.520896
85790.000000 22.368067 23.520659
85800.000000 22.366939 23.520197
85810.000000 22.364812 23.519836
85820.000000 22.362215 23.519846
85830.000000 22.360553 23.513057
85840.000000 22.358878 23.510003
85850.000000 22.358007 23.506931
85860.000000 22.358220 23.505862
85870.000000 22.358432 23.505657
85880.000000 22.358485 23.506148
85890.000000 22.358814 23.505202
85900.000000 22.359296 23.507008
85910.000000 22.359290 23.507724
85920.000000 22.358834 23.508542
85930.000000 22.358129 23.507947
85940.000000 22.357100 23.508451
85950.000000 22.354996 23.505810
85960.000000 22.352898 23.505476
85970.000000 22.350298 23.505476
85980.000000 22.347992 23.500897
85990.000000 22.346113 23.497343
86000.000000 22.344668 23.495970
86010.000000 22.343288 23.495815
86020.000000 22.341366 23.493940
86030.000000 22.339534 23.492447
86040.000000 22.337589 23.490835
86050.000000 22.335297 23.488284
86060.000000 22.332914 23.485637
86070.000000 22.330762 23.482946
86080.000000 22.328795 23.480164
86090.000000 22.326451 23.478418
86100.000000 22.324465 23.473895
86110.000000 22.322812 23.471444
86120.000000 22.320642 23.469595
86130.000000 22.318069 23.469614
86140.000000 22.315618 23.466897
86150.000000 22.313141 23.465010
86160.000000 22.310555 23.465014
86170.000000 22.308378 23.459434
86180.000000 22.306030 23.457111
86190.000000 22.303803 23.453770
86200.000000 22.301677 23.451966
86210.000000 22.299143 23.450019
86220.000000 22.296719 23.446758
86230.000000 22.294823 23.446053
86240.000000 22.292407 23.443372
86250.000000 22.289826 23.443376
86260.000000 22.287980 23.438436
86270.000000 22.286254 23.435624
86280.000000 22.284159 23.432995
86290.000000 22.281792 23.431794
86300.000000 22.279341 23.429076
86310.000000 22.277402 23.427753
86320.000000 22.275537 23.427079
86330.000000 22.273239 23.424807
86340.000000 22.271457 23.422793
86350.000000 22.270552 23.421131
86360.000000 22.270018 23.422140
86370.000000 22.269153 23.421660
86380.000000 22.268123 23.421007
86390.000000 22.266599 23.419264
