10.000000 1.004688 1.435269
20.000000 0.544713 1.556322
30.000000 2.164828 2.319458
40.000000 3.244657 3.932918
50.000000 3.166090 3.298011
60.000000 3.717210 3.656272
70.000000 3.856015 4.028672
80.000000 3.518173 3.909081
90.000000 3.128303 3.910378
100.000000 3.226697 3.432657
110.000000 2.974798 3.272278
120.000000 2.795662 3.106291
130.000000 2.692986 2.966849
140.000000 2.664298 2.984014
150.000000 2.695978 3.040576
160.000000 2.669025 2.986321
170.000000 2.515208 2.990108
180.000000 2.470733 2.797057
190.000000 2.627220 2.953680
200.000000 2.639680 2.999636
210.000000 2.708455 2.931833
220.000000 2.932439 3.225683
230.000000 3.063035 3.307502
240.000000 3.253455 3.470352
250.000000 3.571756 3.832356
260.000000 3.700485 3.975728
270.000000 3.664434 3.910661
280.000000 3.541442 3.919383
290.000000 3.532752 3.808543
300.000000 3.415540 3.809152
310.000000 3.529835 3.760305
320.000000 3.755791 4.006177
330.000000 4.235144 4.326927
340.000000 4.831788 4.963165
350.000000 5.386006 5.464064
360.000000 5.943931 6.044676
370.000000 6.456688 6.599378
380.000000 6.924326 7.016650
390.000000 7.315816 7.430125
400.000000 7.718623 7.856105
410.000000 8.181222 8.323327
420.000000 8.622522 8.747486
430.000000 9.018111 9.145726
440.000000 9.367723 9.475398
450.000000 9.787304 9.964450
460.000000 10.248465 10.499541
470.000000 10.608089 10.981942
480.000000 10.801950 11.198566
490.000000 10.853999 11.220379
500.000000 10.913681 11.274464
510.000000 10.920389 11.274086
520.000000 10.897608 11.243564
530.000000 10.939866 11.236684
540.000000 10.937160 11.206957
550.000000 10.884341 11.189509
560.000000 10.811796 11.129790
570.000000 10.675630 11.023748
580.000000 10.494782 11.027126
590.000000 10.350061 10.827191
600.000000 10.193504 10.711213
610.000000 10.060460 10.544469
620.000000 9.944907 10.380206
630.000000 9.844510 10.302395
640.000000 9.743385 10.155971
650.000000 9.774302 10.068616
660.000000 9.919181 10.181429
670.000000 10.143058 10.312366
680.000000 10.478567 10.650860
690.000000 10.775119 10.933577
700.000000 11.008932 11.250004
710.000000 11.155413 11.429066
720.000000 11.361187 11.586479
730.000000 11.595758 11.822491
740.000000 11.779886 11.957635
750.000000 11.976679 12.105808
760.000000 12.169698 12.315540
770.000000 12.331328 12.428171
780.000000 12.452098 12.630217
790.000000 12.493021 12.669431
800.000000 12.508720 12.699208
810.000000 12.499655 12.719498
820.000000 12.430868 12.646788
830.000000 12.387224 12.661818
840.000000 12.312789 12.567124
850.000000 12.212911 12.417434
860.000000 12.095106 12.324398
870.000000 11.971563 12.210152
880.000000 11.845802 12.121286
890.000000 11.739295 12.009164
900.000000 11.689894 11.969174
910.000000 11.618161 11.946358
920.000000 11.585050 11.895364
930.000000 11.572667 11.827011
940.000000 11.612673 11.903939
950.000000 11.699322 11.976677
960.000000 11.738514 12.026653
970.000000 11.729503 12.078150
980.000000 11.676011 12.044728
990.000000 11.585247 11.984739
1000.000000 11.470414 11.985803
1010.000000 11.416492 11.753982
1020.000000 11.363119 11.719294
1030.000000 11.317099 11.668280
1040.000000 11.309757 11.622675
1050.000000 11.330396 11.675089
1060.000000 11.383958 11.692825
1070.000000 11.477192 11.785600
1080.000000 11.603092 11.945986
1090.000000 11.737665 12.092679
1100.000000 11.902926 12.248099
1110.000000 12.087603 12.434883
1120.000000 12.241770 12.625030
1130.000000 12.404943 12.801448
1140.000000 12.541268 12.985509
1150.000000 12.646615 13.149735
1160.000000 12.755712 13.246755
1170.000000 12.910340 13.391045
1180.000000 13.046656 13.599872
1190.000000 13.127230 13.702986
1200.000000 13.197094 13.782866
1210.000000 13.243858 13.814713
1220.000000 13.277059 13.844454
1230.000000 13.328900 13.881919
1240.000000 13.376515 13.973781
1250.000000 13.375196 14.002508
1260.000000 13.323241 13.931355
1270.000000 13.289756 13.891350
1280.000000 13.251815 13.858107
1290.000000 13.208390 13.830213
1300.000000 13.154374 13.802006
1310.000000 13.076236 13.736864
1320.000000 12.980867 13.696838
1330.000000 12.888863 13.648239
1340.000000 12.796904 13.566338
1350.000000 12.712610 13.492157
1360.000000 12.627539 13.395829
1370.000000 12.535702 13.396187
1380.000000 12.503904 13.151972
1390.000000 12.484828 13.127013
1400.000000 12.472595 13.099500
1410.000000 12.453863 13.104438
1420.000000 12.388622 13.050329
1430.000000 12.316985 12.960477
1440.000000 12.287086 12.924327
1450.000000 12.231958 12.871073
1460.000000 12.160291 12.791084
1470.000000 12.121634 12.718631
1480.000000 12.068720 12.685871
1490.000000 11.995870 12.578358
1500.000000 11.944383 12.546621
1510.000000 11.877379 12.524331
1520.000000 11.808903 12.439039
1530.000000 11.746583 12.335121
1540.000000 11.686973 12.293673
1550.000000 11.620557 12.203160
1560.000000 11.577279 12.153805
1570.000000 11.533802 12.104325
1580.000000 11.478240 12.042243
1590.000000 11.422232 11.932555
1600.000000 11.383311 11.904116
1610.000000 11.343309 11.851219
1620.000000 11.327214 11.831133
1630.000000 11.306803 11.799033
1640.000000 11.276029 11.771284
1650.000000 11.270135 11.732317
1660.000000 11.260654 11.704875
1670.000000 11.238671 11.693819
1680.000000 11.199809 11.665021
1690.000000 11.145128 11.633889
1700.000000 11.104482 11.595590
1710.000000 11.081870 11.568985
1720.000000 11.056671 11.553751
1730.000000 11.031781 11.483141
1740.000000 11.046155 11.481667
1750.000000 11.045955 11.485693
1760.000000 11.024328 11.480957
1770.000000 10.985170 11.457720
1780.000000 10.923548 11.457816
1790.000000 10.878743 11.361114
1800.000000 10.851226 11.342745
1810.000000 10.836004 11.317465
1820.000000 10.851596 11.324487
1830.000000 10.858659 11.329160
1840.000000 10.866164 11.334321
1850.000000 10.860482 11.364192
1860.000000 10.840523 11.346862
1870.000000 10.797921 11.293128
1880.000000 10.752784 11.224450
1890.000000 10.719545 11.180983
1900.000000 10.683923 11.153546
1910.000000 10.632656 11.085356
1920.000000 10.595530 11.038208
1930.000000 10.546082 10.990247
1940.000000 10.496598 10.959849
1950.000000 10.463858 10.899852
1960.000000 10.439362 10.872024
1970.000000 10.437896 10.856735
1980.000000 10.439690 10.856401
1990.000000 10.452114 10.867140
2000.000000 10.470012 10.889248
2010.000000 10.486675 10.910051
2020.000000 10.491248 10.918249
2030.000000 10.493610 10.918518
2040.000000 10.513318 10.920147
2050.000000 10.550710 10.956918
2060.000000 10.600010 11.011609
2070.000000 10.643393 11.054602
2080.000000 10.737556 11.133658
2090.000000 10.815847 11.207298
2100.000000 10.896329 11.294319
2110.000000 10.990635 11.384507
2120.000000 11.066201 11.460843
2130.000000 11.164828 11.555434
2140.000000 11.258647 11.644999
2150.000000 11.333407 11.720455
2160.000000 11.418558 11.784083
2170.000000 11.547493 11.892767
2180.000000 11.698488 12.035255
2190.000000 11.844971 12.178632
2200.000000 11.981342 12.311515
2210.000000 12.106219 12.449857
2220.000000 12.227070 12.572531
2230.000000 12.346460 12.693686
2240.000000 12.471497 12.791279
2250.000000 12.612254 12.904762
2260.000000 12.798322 13.081957
2270.000000 12.971500 13.263650
2280.000000 13.148466 13.419204
2290.000000 13.338067 13.635792
2300.000000 13.503966 13.810192
2310.000000 13.661610 13.957682
2320.000000 13.833530 14.113363
2330.000000 14.024753 14.307213
2340.000000 14.230091 14.509112
2350.000000 14.460822 14.749536
2360.000000 14.689726 14.994703
2370.000000 14.916229 15.211473
2380.000000 15.141128 15.432927
2390.000000 15.332328 15.639891
2400.000000 15.501530 15.804448
2410.000000 15.683350 15.975010
2420.000000 15.866346 16.166972
2430.000000 16.042045 16.358443
2440.000000 16.206003 16.503609
2450.000000 16.383961 16.683584
2460.000000 16.560502 16.876071
2470.000000 16.718458 17.000655
2480.000000 16.902198 17.158187
2490.000000 17.086914 17.330515
2500.000000 17.259885 17.540534
2510.000000 17.416316 17.676892
2520.000000 17.563380 17.832279
2530.000000 17.699373 17.969267
2540.000000 17.830314 18.137363
2550.000000 17.958999 18.267031
2560.000000 18.062483 18.392982
2570.000000 18.154337 18.463255
2580.000000 18.245287 18.547218
2590.000000 18.349883 18.667006
2600.000000 18.431874 18.771200
2610.000000 18.502181 18.856186
2620.000000 18.557005 18.918036
2630.000000 18.604320 18.964869
2640.000000 18.654933 19.000395
2650.000000 18.735913 19.044944
2660.000000 18.843263 19.145562
2670.000000 18.966807 19.262600
2680.000000 19.084348 19.388192
2690.000000 19.175476 19.494342
2700.000000 19.247915 19.530015
2710.000000 19.310366 19.621707
2720.000000 19.374085 19.670591
2730.000000 19.449083 19.760326
2740.000000 19.508269 19.834010
2750.000000 19.544544 19.906480
2760.000000 19.566810 19.972040
2770.000000 19.566041 19.977122
2780.000000 19.565469 19.989711
2790.000000 19.580201 19.995886
2800.000000 19.604914 20.041533
2810.000000 19.629942 20.014564
2820.000000 19.662378 20.082545
2830.000000 19.674974 20.122940
2840.000000 19.697901 20.130277
2850.000000 19.751333 20.183327
2860.000000 19.808005 20.246925
2870.000000 19.867432 20.320574
2880.000000 19.924441 20.370036
2890.000000 19.992401 20.445166
2900.000000 20.034789 20.508609
2910.000000 20.052529 20.554018
2920.000000 20.055830 20.555641
2930.000000 20.055564 20.546434
2940.000000 20.045256 20.519865
2950.000000 20.020851 20.493237
2960.000000 20.008702 20.429720
2970.000000 20.023168 20.436017
2980.000000 20.030460 20.435047
2990.000000 20.040996 20.451392
3000.000000 20.038068 20.460927
3010.000000 20.037852 20.438473
3020.000000 20.059650 20.431752
3030.000000 20.082865 20.488580
3040.000000 20.095509 20.472637
3050.000000 20.127409 20.524439
3060.000000 20.172169 20.555057
3070.000000 20.236017 20.605165
3080.000000 20.315497 20.643923
3090.000000 20.405074 20.727047
3100.000000 20.488498 20.838039
3110.000000 20.581058 20.903687
3120.000000 20.676899 20.979487
3130.000000 20.782534 21.099362
3140.000000 20.894123 21.163725
3150.000000 21.023741 21.287298
3160.000000 21.153578 21.390498
3170.000000 21.278819 21.530117
3180.000000 21.394514 21.653264
3190.000000 21.496060 21.803635
3200.000000 21.583183 21.877157
3210.000000 21.687431 21.968019
3220.000000 21.787821 22.089667
3230.000000 21.876055 22.171214
3240.000000 21.962745 22.286030
3250.000000 22.030937 22.368181
3260.000000 22.090920 22.435015
3270.000000 22.153016 22.462128
3280.000000 22.216796 22.491077
3290.000000 22.285039 22.538512
3300.000000 22.364820 22.618421
3310.000000 22.437858 22.705384
3320.000000 22.517142 22.757050
3330.000000 22.585531 22.839301
3340.000000 22.651139 22.897943
3350.000000 22.710067 22.963696
3360.000000 22.772097 23.004885
3370.000000 22.823981 23.098143
3380.000000 22.866720 23.154438
3390.000000 22.910152 23.183706
3400.000000 22.962163 23.249361
3410.000000 23.010926 23.284053
3420.000000 23.067008 23.353809
3430.000000 23.121532 23.401255
3440.000000 23.160965 23.461048
3450.000000 23.183027 23.503215
3460.000000 23.199353 23.511939
3470.000000 23.227931 23.498810
3480.000000 23.274916 23.518208
3490.000000 23.326105 23.569226
3500.000000 23.372610 23.635983
3510.000000 23.414843 23.677931
3520.000000 23.449122 23.711838
3530.000000 23.494592 23.729874
3540.000000 23.535629 23.777433
3550.000000 23.563464 23.791324
3560.000000 23.598325 23.832634
3570.000000 23.624847 23.865507
3580.000000 23.650758 23.911244
3590.000000 23.675675 23.949189
3600.000000 23.700221 23.946337
3610.000000 23.738097 24.004070
3620.000000 23.791007 24.043396
3630.000000 23.852206 24.144871
3640.000000 23.917206 24.196395
3650.000000 23.987246 24.259753
3660.000000 24.061372 24.360891
3670.000000 24.123963 24.436915
3680.000000 24.183491 24.496352
3690.000000 24.248331 24.567913
3700.000000 24.308522 24.634767
3710.000000 24.360798 24.673372
3720.000000 24.413093 24.725485
3730.000000 24.466960 24.765743
3740.000000 24.533791 24.819145
3750.000000 24.608904 24.874229
3760.000000 24.692511 24.951314
3770.000000 24.770985 25.023208
3780.000000 24.851410 25.123918
3790.000000 24.921730 25.227926
3800.000000 24.978976 25.278324
3810.000000 25.042791 25.321930
3820.000000 25.118445 25.390966
3830.000000 25.206542 25.499487
3840.000000 25.279449 25.585947
3850.000000 25.349755 25.663044
3860.000000 25.408932 25.728877
3870.000000 25.461231 25.814766
3880.000000 25.501757 25.854930
3890.000000 25.547406 25.920555
3900.000000 25.583840 25.990356
3910.000000 25.605264 25.984060
3920.000000 25.637590 26.022619
3930.000000 25.679487 26.064148
3940.000000 25.721109 26.091960
3950.000000 25.767307 26.151301
3960.000000 25.816281 26.179891
3970.000000 25.894902 26.198461
3980.000000 25.992859 26.290109
3990.000000 26.094240 26.411978
4000.000000 26.192649 26.517489
4010.000000 26.297110 26.608986
4020.000000 26.400101 26.705689
4030.000000 26.503837 26.809855
4040.000000 26.618288 26.938347
4050.000000 26.720666 27.054674
4060.000000 26.812528 27.140081
4070.000000 26.909098 27.223472
4080.000000 27.007214 27.349077
4090.000000 27.090391 27.480084
4100.000000 27.157591 27.554101
4110.000000 27.205530 27.588139
4120.000000 27.269080 27.638035
4130.000000 27.333862 27.730005
4140.000000 27.394885 27.804566
4150.000000 27.468000 27.843723
4160.000000 27.546924 27.956869
4170.000000 27.627155 28.023653
4180.000000 27.707599 28.111108
4190.000000 27.787074 28.197588
4200.000000 27.868201 28.265260
4210.000000 27.951401 28.335034
4220.000000 28.022868 28.399736
4230.000000 28.101021 28.498518
4240.000000 28.174996 28.579421
4250.000000 28.236939 28.620795
4260.000000 28.293209 28.676915
4270.000000 28.350434 28.747650
4280.000000 28.400749 28.818209
4290.000000 28.458713 28.882867
4300.000000 28.512135 28.949747
4310.000000 28.556380 29.000471
4320.000000 28.602966 29.026266
4330.000000 28.656260 29.052120
4340.000000 28.706394 29.088431
4350.000000 28.771016 29.125883
4360.000000 28.842595 29.183967
4370.000000 28.916101 29.230480
4380.000000 28.983318 29.317998
4390.000000 29.036092 29.411270
4400.000000 29.076159 29.491724
4410.000000 29.110743 29.532637
4420.000000 29.139366 29.581074
4430.000000 29.153271 29.607747
4440.000000 29.176198 29.596143
4450.000000 29.209797 29.595536
4460.000000 29.255484 29.674655
4470.000000 29.302528 29.707939
4480.000000 29.361844 29.760421
4490.000000 29.423406 29.862362
4500.000000 29.474602 29.940341
4510.000000 29.519784 29.985186
4520.000000 29.554401 30.059832
4530.000000 29.575389 30.107081
4540.000000 29.586502 30.110451
4550.000000 29.594204 30.110382
4560.000000 29.602313 30.137653
4570.000000 29.609301 30.170458
4580.000000 29.618746 30.152001
4590.000000 29.629006 30.181344
4600.000000 29.633419 30.164578
4610.000000 29.653172 30.143577
4620.000000 29.671811 30.168082
4630.000000 29.700070 30.182468
4640.000000 29.738279 30.207009
4650.000000 29.788041 30.230116
4660.000000 29.829185 30.277500
4670.000000 29.867239 30.295397
4680.000000 29.910181 30.338025
4690.000000 29.951485 30.372424
4700.000000 29.994000 30.440899
4710.000000 30.037815 30.477835
4720.000000 30.097552 30.530936
4730.000000 30.170368 30.617001
4740.000000 30.246550 30.680216
4750.000000 30.334607 30.722683
4760.000000 30.425076 30.806926
4770.000000 30.509449 30.898105
4780.000000 30.590854 30.960043
4790.000000 30.668911 31.038260
4800.000000 30.748908 31.118440
4810.000000 30.834682 31.230748
4820.000000 30.915317 31.298431
4830.000000 30.984988 31.401068
4840.000000 31.054001 31.483319
4850.000000 31.125126 31.547933
4860.000000 31.189967 31.632562
4870.000000 31.239152 31.688121
4880.000000 31.288406 31.723960
4890.000000 31.336042 31.764769
4900.000000 31.381091 31.809546
4910.000000 31.414089 31.848684
4920.000000 31.438878 31.886061
4930.000000 31.463918 31.923671
4940.000000 31.496228 31.896549
4950.000000 31.520168 31.926506
4960.000000 31.537731 31.949989
4970.000000 31.548531 31.979645
4980.000000 31.544400 31.994117
4990.000000 31.534335 31.957013
5000.000000 31.512250 31.940249
5010.000000 31.485562 31.912333
5020.000000 31.462659 31.875388
5030.000000 31.439460 31.857471
5040.000000 31.423728 31.840689
5050.000000 31.415506 31.818754
5060.000000 31.418239 31.820714
5070.000000 31.433244 31.822394
5080.000000 31.449036 31.824921
5090.000000 31.470508 31.807960
5100.000000 31.501794 31.845223
5110.000000 31.523861 31.841655
5120.000000 31.545158 31.881407
5130.000000 31.562905 31.879839
5140.000000 31.586860 31.890878
5150.000000 31.609205 31.900335
5160.000000 31.622040 31.931453
5170.000000 31.621232 31.936270
5180.000000 31.613119 31.958617
5190.000000 31.606541 31.938853
5200.000000 31.606734 31.944609
5210.000000 31.614485 31.964189
5220.000000 31.621155 31.957876
5230.000000 31.633234 31.963256
5240.000000 31.648719 31.990603
5250.000000 31.656336 32.016136
5260.000000 31.661586 32.008446
5270.000000 31.660756 32.031520
5280.000000 31.647709 32.005345
5290.000000 31.617935 32.029658
5300.000000 31.571170 32.012092
5310.000000 31.518101 31.933051
5320.000000 31.469535 31.876985
5330.000000 31.424657 31.842856
5340.000000 31.375608 31.816510
5350.000000 31.320616 31.753893
5360.000000 31.269661 31.719414
5370.000000 31.218903 31.673060
5380.000000 31.167403 31.637854
5390.000000 31.112865 31.575662
5400.000000 31.057373 31.548121
5410.000000 31.000094 31.506765
5420.000000 30.943485 31.507362
5430.000000 30.897552 31.400656
5440.000000 30.853649 31.378548
5450.000000 30.814478 31.291020
5460.000000 30.775822 31.274146
5470.000000 30.731325 31.233807
5480.000000 30.681076 31.193376
5490.000000 30.628349 31.150359
5500.000000 30.587334 31.084689
5510.000000 30.545952 31.053173
5520.000000 30.503631 31.020642
5530.000000 30.460749 30.970388
5540.000000 30.409811 30.906321
5550.000000 30.356194 30.907517
5560.000000 30.312968 30.789204
5570.000000 30.273863 30.754225
5580.000000 30.225830 30.721335
5590.000000 30.180232 30.640664
5600.000000 30.141190 30.594647
5610.000000 30.101372 30.564470
5620.000000 30.056480 30.534602
5630.000000 30.008100 30.490092
5640.000000 29.956171 30.474893
5650.000000 29.903198 30.474940
5660.000000 29.860344 30.364633
5670.000000 29.818531 30.342978
5680.000000 29.779784 30.318906
5690.000000 29.749347 30.259883
5700.000000 29.731716 30.208696
5710.000000 29.712823 30.215534
5720.000000 29.694426 30.185199
5730.000000 29.681005 30.170686
5740.000000 29.672053 30.187448
5750.000000 29.656654 30.208283
5760.000000 29.637396 30.193032
5770.000000 29.620797 30.175141
5780.000000 29.608778 30.172556
5790.000000 29.599803 30.135899
5800.000000 29.589540 30.119223
5810.000000 29.574257 30.108013
5820.000000 29.557987 30.090516
5830.000000 29.535974 30.088193
5840.000000 29.507791 30.042800
5850.000000 29.485493 29.998284
5860.000000 29.463001 29.974511
5870.000000 29.446869 29.946834
5880.000000 29.431483 29.930322
5890.000000 29.412828 29.895005
5900.000000 29.392642 29.899411
5910.000000 29.366747 29.851647
5920.000000 29.339628 29.828370
5930.000000 29.310494 29.808134
5940.000000 29.279684 29.786149
5950.000000 29.244999 29.749999
5960.000000 29.209290 29.702673
5970.000000 29.178318 29.680450
5980.000000 29.143933 29.644620
5990.000000 29.107866 29.632243
6000.000000 29.063054 29.605828
6010.000000 29.021253 29.537296
6020.000000 28.983521 29.503009
6030.000000 28.941799 29.444753
6040.000000 28.903018 29.409405
6050.000000 28.866495 29.381275
6060.000000 28.822150 29.345133
6070.000000 28.778028 29.304250
6080.000000 28.745466 29.245721
6090.000000 28.719817 29.218792
6100.000000 28.687775 29.180495
6110.000000 28.656807 29.153029
6120.000000 28.611876 29.106496
6130.000000 28.574094 29.062419
6140.000000 28.534074 29.020907
6150.000000 28.492791 28.973324
6160.000000 28.463423 28.928343
6170.000000 28.442184 28.891715
6180.000000 28.427354 28.852200
6190.000000 28.411677 28.859251
6200.000000 28.396378 28.809941
6210.000000 28.382701 28.804801
6220.000000 28.377807 28.780362
6230.000000 28.377628 28.784211
6240.000000 28.378148 28.765374
6250.000000 28.390269 28.735090
6260.000000 28.400781 28.763775
6270.000000 28.405144 28.776903
6280.000000 28.409830 28.785694
6290.000000 28.424009 28.771648
6300.000000 28.440374 28.783029
6310.000000 28.456380 28.812541
6320.000000 28.459254 28.810265
6330.000000 28.460083 28.819761
6340.000000 28.452451 28.802258
6350.000000 28.443108 28.806018
6360.000000 28.430146 28.796899
6370.000000 28.422465 28.756529
6380.000000 28.430032 28.754535
6390.000000 28.430085 28.758627
6400.000000 28.428134 28.747046
6410.000000 28.426436 28.744826
6420.000000 28.419117 28.745979
6430.000000 28.412339 28.720538
6440.000000 28.410461 28.718155
6450.000000 28.409497 28.721200
6460.000000 28.407117 28.736295
6470.000000 28.402237 28.730843
6480.000000 28.397997 28.699161
6490.000000 28.400200 28.687517
6500.000000 28.406898 28.693837
6510.000000 28.417437 28.717404
6520.000000 28.430700 28.716989
6530.000000 28.450654 28.741147
6540.000000 28.466220 28.774201
6550.000000 28.480933 28.784155
6560.000000 28.499117 28.815383
6570.000000 28.517418 28.842277
6580.000000 28.534278 28.867704
6590.000000 28.554833 28.879121
6600.000000 28.574116 28.893698
6610.000000 28.602394 28.921803
6620.000000 28.627845 28.960320
6630.000000 28.655356 28.978800
6640.000000 28.682039 29.018550
6650.000000 28.706867 29.034322
6660.000000 28.729168 29.065207
6670.000000 28.745792 29.094755
6680.000000 28.761173 29.109794
6690.000000 28.779157 29.123062
6700.000000 28.804144 29.143425
6710.000000 28.823528 29.162526
6720.000000 28.839265 29.173545
6730.000000 28.850223 29.201685
6740.000000 28.855675 29.211062
6750.000000 28.857526 29.194889
6760.000000 28.855415 29.200988
6770.000000 28.847989 29.214793
6780.000000 28.833733 29.204170
6790.000000 28.822205 29.183234
6800.000000 28.812327 29.168352
6810.000000 28.801392 29.165424
6820.000000 28.785625 29.148918
6830.000000 28.769070 29.131616
6840.000000 28.743446 29.113752
6850.000000 28.716015 29.102634
6860.000000 28.686634 29.046540
6870.000000 28.658037 29.025610
6880.000000 28.633506 28.970371
6890.000000 28.608467 28.944543
6900.000000 28.576615 28.916064
6910.000000 28.541091 28.866940
6920.000000 28.516934 28.846248
6930.000000 28.488277 28.825195
6940.000000 28.468680 28.783893
6950.000000 28.459198 28.761295
6960.000000 28.454101 28.743185
6970.000000 28.457626 28.725511
6980.000000 28.464007 28.719105
6990.000000 28.475743 28.763792
7000.000000 28.483220 28.754332
7010.000000 28.506431 28.740124
7020.000000 28.534638 28.768226
7030.000000 28.564722 28.818886
7040.000000 28.592914 28.846964
7050.000000 28.616862 28.850118
7060.000000 28.646507 28.875548
7070.000000 28.671774 28.904812
7080.000000 28.695207 28.915751
7090.000000 28.709094 28.933543
7100.000000 28.725638 28.949898
7110.000000 28.748015 28.955714
7120.000000 28.777356 28.993176
7130.000000 28.806273 28.993327
7140.000000 28.839280 29.026284
7150.000000 28.875970 29.042508
7160.000000 28.914543 29.089241
7170.000000 28.949191 29.132028
7180.000000 28.981964 29.156579
7190.000000 29.012964 29.195691
7200.000000 29.043644 29.230393
7210.000000 29.070055 29.260798
7220.000000 29.095008 29.306077
7230.000000 29.118084 29.337200
7240.000000 29.139041 29.374361
7250.000000 29.158406 29.397642
7260.000000 29.179563 29.406389
7270.000000 29.198773 29.421356
7280.000000 29.216833 29.443320
7290.000000 29.229903 29.460251
7300.000000 29.246973 29.464933
7310.000000 29.267204 29.485014
7320.000000 29.294200 29.507850
7330.000000 29.324778 29.534298
7340.000000 29.360772 29.554041
7350.000000 29.408073 29.593283
7360.000000 29.450997 29.648384
7370.000000 29.494958 29.688315
7380.000000 29.548677 29.709705
7390.000000 29.608058 29.761092
7400.000000 29.670368 29.815416
7410.000000 29.738849 29.900254
7420.000000 29.812739 29.958088
7430.000000 29.887812 30.049586
7440.000000 29.962485 30.136662
7450.000000 30.039526 30.197607
7460.000000 30.124245 30.270321
7470.000000 30.210126 30.360506
7480.000000 30.300837 30.422854
7490.000000 30.385643 30.524204
7500.000000 30.466974 30.605720
7510.000000 30.555350 30.665600
7520.000000 30.642012 30.764744
7530.000000 30.723963 30.842747
7540.000000 30.813058 30.903226
7550.000000 30.906630 30.992835
7560.000000 30.998616 31.093212
7570.000000 31.095743 31.173987
7580.000000 31.195278 31.269533
7590.000000 31.293128 31.367517
7600.000000 31.395322 31.482313
7610.000000 31.501681 31.580528
7620.000000 31.613067 31.692090
7630.000000 31.721553 31.800742
7640.000000 31.830979 31.931287
7650.000000 31.943945 32.048679
7660.000000 32.057102 32.174712
7670.000000 32.169126 32.291218
7680.000000 32.281353 32.399476
7690.000000 32.393348 32.515970
7700.000000 32.505145 32.623777
7710.000000 32.620647 32.726765
7720.000000 32.738204 32.836032
7730.000000 32.849466 32.951774
7740.000000 32.966544 33.081947
7750.000000 33.085231 33.213801
7760.000000 33.200014 33.333175
7770.000000 33.308967 33.455361
7780.000000 33.419672 33.549039
7790.000000 33.526291 33.673261
7800.000000 33.627231 33.796212
7810.000000 33.728731 33.889282
7820.000000 33.830279 33.986740
7830.000000 33.932798 34.085158
7840.000000 34.034998 34.192002
7850.000000 34.133910 34.304339
7860.000000 34.237191 34.399120
7870.000000 34.336363 34.502960
7880.000000 34.438124 34.605001
7890.000000 34.540062 34.702800
7900.000000 34.645835 34.804438
7910.000000 34.748322 34.911626
7920.000000 34.845631 35.026957
7930.000000 34.948630 35.121358
7940.000000 35.052776 35.203522
7950.000000 35.157970 35.291144
7960.000000 35.264182 35.410986
7970.000000 35.369351 35.520883
7980.000000 35.472767 35.633520
7990.000000 35.574339 35.730857
8000.000000 35.678142 35.834920
8010.000000 35.783460 35.949519
8020.000000 35.892813 36.023071
8030.000000 36.004989 36.140007
8040.000000 36.122281 36.243996
8050.000000 36.242949 36.369451
8060.000000 36.361251 36.497097
8070.000000 36.486558 36.627257
8080.000000 36.604491 36.772882
8090.000000 36.716149 36.889425
8100.000000 36.826277 36.981508
8110.000000 36.940695 37.087031
8120.000000 37.061031 37.203062
8130.000000 37.183988 37.321706
8140.000000 37.306994 37.417315
8150.000000 37.434094 37.516954
8160.000000 37.565608 37.616316
8170.000000 37.702515 37.748719
8180.000000 37.836466 37.901334
8190.000000 37.966199 38.045170
8200.000000 38.087680 38.180804
8210.000000 38.209545 38.316889
8220.000000 38.326578 38.448190
8230.000000 38.438603 38.541631
8240.000000 38.547790 38.674515
8250.000000 38.651652 38.787998
8260.000000 38.750018 38.886545
8270.000000 38.843546 38.989699
8280.000000 38.932252 39.073824
8290.000000 39.023265 39.141302
8300.000000 39.111358 39.229519
8310.000000 39.199193 39.322222
8320.000000 39.289649 39.422321
8330.000000 39.382476 39.524823
8340.000000 39.475283 39.632101
8350.000000 39.571469 39.695071
8360.000000 39.669027 39.816673
8370.000000 39.766173 39.909217
8380.000000 39.869737 39.998610
8390.000000 39.974671 40.118121
8400.000000 40.076871 40.225321
8410.000000 40.176331 40.339415
8420.000000 40.279672 40.423699
8430.000000 40.391859 40.531290
8440.000000 40.508014 40.647680
8450.000000 40.623901 40.773484
8460.000000 40.743207 40.897904
8470.000000 40.861609 41.006852
8480.000000 40.985497 41.135876
8490.000000 41.110556 41.266094
8500.000000 41.234135 41.399734
8510.000000 41.358748 41.514855
8520.000000 41.477751 41.658663
8530.000000 41.589773 41.766042
8540.000000 41.702618 41.884083
8550.000000 41.817915 42.019412
8560.000000 41.931848 42.148499
8570.000000 42.048464 42.235740
8580.000000 42.169353 42.371829
8590.000000 42.292270 42.480192
8600.000000 42.414543 42.612742
8610.000000 42.534296 42.737809
8620.000000 42.657357 42.871216
8630.000000 42.778967 42.983174
8640.000000 42.902938 43.057426
8650.000000 43.035324 43.185099
8660.000000 43.173644 43.318706
8670.000000 43.313404 43.433635
8680.000000 43.459847 43.600494
8690.000000 43.602038 43.717747
8700.000000 43.746360 43.852210
8710.000000 43.892327 43.988283
8720.000000 44.039544 44.125568
8730.000000 44.187154 44.268287
8740.000000 44.331871 44.433550
8750.000000 44.470698 44.572578
8760.000000 44.611419 44.718621
8770.000000 44.760214 44.831782
8780.000000 44.916944 44.988680
8790.000000 45.067898 45.144937
8800.000000 45.221715 45.288619
8810.000000 45.382248 45.454480
8820.000000 45.545005 45.586353
8830.000000 45.709408 45.745673
8840.000000 45.872909 45.930062
8850.000000 46.036937 46.094229
8860.000000 46.200819 46.263479
8870.000000 46.357976 46.420778
8880.000000 46.511880 46.601094
8890.000000 46.664377 46.748514
8900.000000 46.820743 46.899787
8910.000000 46.977261 47.061772
8920.000000 47.134173 47.202966
8930.000000 47.293768 47.352097
8940.000000 47.445051 47.514144
8950.000000 47.593007 47.672906
8960.000000 47.740224 47.809590
8970.000000 47.884701 47.980983
8980.000000 48.025226 48.105581
8990.000000 48.161057 48.236175
9000.000000 48.292709 48.394876
9010.000000 48.422290 48.540813
9020.000000 48.546468 48.648944
9030.000000 48.673969 48.760366
9040.000000 48.803323 48.900692
9050.000000 48.936219 49.022889
9060.000000 49.069771 49.167455
9070.000000 49.207192 49.294150
9080.000000 49.345525 49.448997
9090.000000 49.483484 49.592599
9100.000000 49.620357 49.691344
9110.000000 49.760261 49.853291
9120.000000 49.898147 49.963889
9130.000000 50.035567 50.106913
9140.000000 50.171882 50.248849
9150.000000 50.311284 50.366329
9160.000000 50.460050 50.482095
9170.000000 50.613955 50.630519
9180.000000 50.773835 50.773835
9190.000000 50.940888 50.929805
9200.000000 51.114259 51.092045
9210.000000 51.286141 51.247190
9220.000000 51.458502 51.419463
9230.000000 51.632546 51.582249
9240.000000 51.797239 51.763626
9250.000000 51.961521 51.955904
9260.000000 52.120649 52.115021
9270.000000 52.279049 52.262135
9280.000000 52.439423 52.416829
9290.000000 52.598396 52.570102
9300.000000 52.760527 52.720844
9310.000000 52.924945 52.856816
9320.000000 53.095521 53.021564
9330.000000 53.263113 53.206086
9340.000000 53.431736 53.363176
9350.000000 53.597445 53.545903
9360.000000 53.760022 53.714113
9370.000000 53.928571 53.842377
9380.000000 54.097290 54.033924
9390.000000 54.260766 54.185749
9400.000000 54.430907 54.332646
9410.000000 54.603282 54.499033
9420.000000 54.779427 54.680746
9430.000000 54.956604 54.822889
9440.000000 55.141215 54.972338
9450.000000 55.339380 55.135176
9460.000000 55.545577 55.329173
9470.000000 55.752926 55.535943
9480.000000 55.962626 55.715784
9490.000000 56.175288 55.910171
9500.000000 56.387585 56.115866
9510.000000 56.609566 56.289939
9520.000000 56.837280 56.516702
9530.000000 57.071200 56.767408
9540.000000 57.304257 56.999543
9550.000000 57.540627 57.229014
9560.000000 57.769135 57.486513
9570.000000 57.995744 57.724313
9580.000000 58.222239 57.931975
9590.000000 58.449720 58.146558
9600.000000 58.675187 58.395376
9610.000000 58.895155 58.632802
9620.000000 59.112440 58.849392
9630.000000 59.335493 59.053410
9640.000000 59.560007 59.289391
9650.000000 59.779627 59.508294
9660.000000 59.998042 59.713691
9670.000000 60.218153 59.889905
9680.000000 60.441622 60.100144
9690.000000 60.667460 60.331249
9700.000000 60.890250 60.571780
9710.000000 61.113086 60.775099
9720.000000 61.341090 60.995948
9730.000000 61.567824 61.234276
9740.000000 61.793905 61.465751
9750.000000 62.017779 61.720256
9760.000000 62.233767 61.954464
9770.000000 62.447634 62.154991
9780.000000 62.661310 62.367964
9790.000000 62.875417 62.581368
9800.000000 63.088605 62.800237
9810.000000 63.301817 62.980814
9820.000000 63.520190 63.185602
9830.000000 63.738336 63.402939
9840.000000 63.959146 63.603638
9850.000000 64.176987 63.801304
9860.000000 64.396690 64.013646
9870.000000 64.617743 64.240242
9880.000000 64.838608 64.466685
9890.000000 65.062443 64.644119
9900.000000 65.288023 64.875181
9910.000000 65.510972 65.077559
9920.000000 65.738132 65.277505
9930.000000 65.971051 65.489607
9940.000000 66.206918 65.737365
9950.000000 66.440358 65.963038
9960.000000 66.673013 66.240719
9970.000000 66.908113 66.468104
9980.000000 67.146332 66.705195
9990.000000 67.383162 66.960886
10000.000000 67.613910 67.210646
10010.000000 67.836364 67.458971
10020.000000 68.057785 67.692973
10030.000000 68.282506 67.930325
10040.000000 68.506802 68.160568
10050.000000 68.731799 68.391543
10060.000000 68.953978 68.612959
10070.000000 69.177772 68.835985
10080.000000 69.405605 69.076669
10090.000000 69.632064 69.302380
10100.000000 69.859319 69.556302
10110.000000 70.089187 69.757991
10120.000000 70.319642 70.029008
10130.000000 70.550258 70.258957
10140.000000 70.780322 70.502207
10150.000000 71.009157 70.723476
10160.000000 71.231651 70.938402
10170.000000 71.450805 71.156941
10180.000000 71.666994 71.365548
10190.000000 71.890495 71.525497
10200.000000 72.118036 71.703281
10210.000000 72.349003 71.926322
10220.000000 72.575812 72.152217
10230.000000 72.800152 72.396768
10240.000000 73.019836 72.615628
10250.000000 73.235206 72.823133
10260.000000 73.452258 73.025210
10270.000000 73.672263 73.244350
10280.000000 73.890418 73.490083
10290.000000 74.106452 73.705334
10300.000000 74.319602 73.903446
10310.000000 74.533726 74.138226
10320.000000 74.743976 74.347743
10330.000000 74.957746 74.532055
10340.000000 75.177671 74.743954
10350.000000 75.400212 74.936834
10360.000000 75.623850 75.181181
10370.000000 75.849397 75.391378
10380.000000 76.073181 75.635979
10390.000000 76.294321 75.878050
10400.000000 76.515459 76.105659
10410.000000 76.733539 76.301093
10420.000000 76.954602 76.557853
10430.000000 77.179273 76.745144
10440.000000 77.405451 76.948477
10450.000000 77.632392 77.137825
10460.000000 77.860527 77.328248
10470.000000 78.094891 77.524747
10480.000000 78.331451 77.767488
10490.000000 78.565128 78.029559
10500.000000 78.798492 78.284054
10510.000000 79.028014 78.497725
10520.000000 79.258501 78.734601
10530.000000 79.487729 78.962810
10540.000000 79.719907 79.223818
10550.000000 79.953005 79.433487
10560.000000 80.191911 79.611411
10570.000000 80.434836 79.875631
10580.000000 80.678064 80.132737
10590.000000 80.922941 80.376472
10600.000000 81.166871 80.634379
10610.000000 81.411819 80.878221
10620.000000 81.654472 81.112196
10630.000000 81.896671 81.345694
10640.000000 82.141106 81.596617
10650.000000 82.389145 81.828257
10660.000000 82.639435 82.092664
10670.000000 82.888249 82.332677
10680.000000 83.139285 82.567190
10690.000000 83.392547 82.819243
10700.000000 83.647169 83.018710
10710.000000 83.905307 83.275492
10720.000000 84.162797 83.508439
10730.000000 84.424238 83.760709
10740.000000 84.686191 84.044511
10750.000000 84.946672 84.303612
10760.000000 85.207889 84.610270
10770.000000 85.463370 84.887991
10780.000000 85.716465 85.194863
10790.000000 85.964795 85.465782
10800.000000 86.209339 85.717259
10810.000000 86.450840 85.989472
10820.000000 86.697171 86.179457
10830.000000 86.945776 86.458796
10840.000000 87.197919 86.694070
10850.000000 87.447943 86.967020
10860.000000 87.694854 87.213015
10870.000000 87.938499 87.487780
10880.000000 88.179734 87.704133
10890.000000 88.423483 87.938970
10900.000000 88.665148 88.139545
10910.000000 88.908603 88.398146
10920.000000 89.151931 88.632473
10930.000000 89.401297 88.856614
10940.000000 89.646639 89.149553
10950.000000 89.883120 89.385176
10960.000000 90.116620 89.650373
10970.000000 90.345238 89.886383
10980.000000 90.571619 90.152876
10990.000000 90.795257 90.359492
11000.000000 91.019919 90.583472
11010.000000 91.245760 90.775804
11020.000000 91.478137 90.999194
11030.000000 91.712184 91.248908
11040.000000 91.947003 91.433518
11050.000000 92.181504 91.700182
11060.000000 92.412125 91.946573
11070.000000 92.636810 92.153980
11080.000000 92.867378 92.325756
11090.000000 93.102370 92.609676
11100.000000 93.337379 92.835566
11110.000000 93.573905 93.012980
11120.000000 93.808168 93.271354
11130.000000 94.043923 93.522951
11140.000000 94.281329 93.726040
11150.000000 94.526782 93.937043
11160.000000 94.775567 94.218362
11170.000000 95.020710 94.412144
11180.000000 95.265580 94.630758
11190.000000 95.506948 94.887929
11200.000000 95.745064 95.175710
11210.000000 95.984754 95.397561
11220.000000 96.225466 95.620382
11230.000000 96.462864 95.899253
11240.000000 96.695627 96.139659
11250.000000 96.929881 96.339002
11260.000000 97.163715 96.588985
11270.000000 97.397818 96.822211
11280.000000 97.637030 97.043413
11290.000000 97.880685 97.268984
11300.000000 98.126569 97.488151
11310.000000 98.368945 97.738098
11320.000000 98.608003 98.010588
11330.000000 98.849450 98.208021
11340.000000 99.097635 98.420667
11350.000000 99.349770 98.645779
11360.000000 99.605593 98.891761
11370.000000 99.860341 99.162627
11380.000000 100.110322 99.394126
11390.000000 100.364416 99.620976
11400.000000 100.619079 99.857012
11410.000000 100.875572 100.120936
11420.000000 101.129868 100.347823
11430.000000 101.381575 100.598264
11440.000000 101.630161 100.845610
11450.000000 101.877493 101.065438
11460.000000 102.129257 101.263306
11470.000000 102.379105 101.529338
11480.000000 102.628277 101.803562
11490.000000 102.875505 102.075954
11500.000000 103.122867 102.322085
11510.000000 103.371502 102.551801
11520.000000 103.623615 102.767221
11530.000000 103.877200 103.019449
11540.000000 104.130116 103.262141
11550.000000 104.385648 103.542960
11560.000000 104.640973 103.779139
11570.000000 104.899617 104.045312
11580.000000 105.162631 104.306918
11590.000000 105.429384 104.581185
11600.000000 105.693468 104.843871
11610.000000 105.956013 105.167933
11620.000000 106.212856 105.468586
11630.000000 106.462867 105.717481
11640.000000 106.710705 105.991348
11650.000000 106.952770 106.250514
11660.000000 107.193039 106.462593
11670.000000 107.439179 106.680441
11680.000000 107.684739 106.934004
11690.000000 107.931843 107.170920
11700.000000 108.178943 107.380473
11710.000000 108.423330 107.660239
11720.000000 108.665218 107.882792
11730.000000 108.909414 108.144200
11740.000000 109.151651 108.385383
11750.000000 109.395672 108.628340
11760.000000 109.639746 108.917335
11770.000000 109.882109 109.131080
11780.000000 110.124742 109.372689
11790.000000 110.365812 109.585053
11800.000000 110.611361 109.811043
11810.000000 110.857252 110.037329
11820.000000 111.109152 110.232514
11830.000000 111.366579 110.460856
11840.000000 111.620030 110.694460
11850.000000 111.870986 110.925545
11860.000000 112.121610 111.193436
11870.000000 112.372870 111.378254
11880.000000 112.628543 111.669762
11890.000000 112.883546 111.923395
11900.000000 113.137343 112.185183
11910.000000 113.392292 112.382641
11920.000000 113.650843 112.621003
11930.000000 113.909758 112.878429
11940.000000 114.163888 113.178083
11950.000000 114.412991 113.397632
11960.000000 114.660165 113.662294
11970.000000 114.910722 113.873776
11980.000000 115.161048 114.094389
11990.000000 115.412332 114.372582
12000.000000 115.658266 114.617160
12010.000000 115.902356 114.859914
12020.000000 116.141682 115.135919
12030.000000 116.379480 115.381997
12040.000000 116.620198 115.592919
12050.000000 116.864278 115.816642
12060.000000 117.107703 116.077825
12070.000000 117.348495 116.336454
12080.000000 117.587596 116.536070
12090.000000 117.825834 116.801766
12100.000000 118.061450 117.084136
12110.000000 118.293661 117.334444
12120.000000 118.524813 117.583755
12130.000000 118.756179 117.814055
12140.000000 118.987960 118.083368
12150.000000 119.215598 118.329346
12160.000000 119.440101 118.533553
12170.000000 119.659430 118.790705
12180.000000 119.878344 118.950569
12190.000000 120.099931 119.151800
12200.000000 120.322010 119.363191
12210.000000 120.545371 119.614708
12220.000000 120.768111 119.807300
12230.000000 120.994093 120.003062
12240.000000 121.220574 120.247980
12250.000000 121.445163 120.461802
12260.000000 121.669142 120.684764
12270.000000 121.893174 120.917556
12280.000000 122.115235 121.138629
12290.000000 122.335344 121.367564
12300.000000 122.555603 121.586863
12310.000000 122.775954 121.816071
12320.000000 122.988293 122.057014
12330.000000 123.198479 122.207340
12340.000000 123.408301 122.445801
12350.000000 123.615198 122.691287
12360.000000 123.818271 122.942949
12370.000000 124.017293 123.121502
12380.000000 124.209561 123.313101
12390.000000 124.399967 123.532547
12400.000000 124.587440 123.709502
12410.000000 124.775102 123.866811
12420.000000 124.965318 124.056370
12430.000000 125.161055 124.191898
12440.000000 125.363817 124.383944
12450.000000 125.565221 124.614348
12460.000000 125.767419 124.785957
12470.000000 125.972725 125.000388
12480.000000 126.180292 125.167319
12490.000000 126.392655 125.338965
12500.000000 126.604522 125.579791
12510.000000 126.810380 125.834684
12520.000000 127.011494 126.055006
12530.000000 127.213885 126.226638
12540.000000 127.414705 126.436686
12550.000000 127.615474 126.596648
12560.000000 127.818536 126.738834
12570.000000 128.020433 126.949893
12580.000000 128.227168 127.125681
12590.000000 128.438782 127.276211
12600.000000 128.649342 127.505838
12610.000000 128.854348 127.750085
12620.000000 129.057929 127.952790
12630.000000 129.263714 128.177805
12640.000000 129.468146 128.411595
12650.000000 129.671981 128.594431
12660.000000 129.875797 128.797398
12670.000000 130.076565 129.017542
12680.000000 130.277402 129.217574
12690.000000 130.476380 129.395535
12700.000000 130.674333 129.542114
12710.000000 130.873123 129.719831
12720.000000 131.069076 129.894713
12730.000000 131.265710 130.090501
12740.000000 131.462184 130.286132
12750.000000 131.656368 130.489637
12760.000000 131.854348 130.656324
12770.000000 132.050421 130.882014
12780.000000 132.246281 131.087216
12790.000000 132.441051 131.301530
12800.000000 132.633496 131.523764
12810.000000 132.827167 131.726872
12820.000000 133.019416 131.959214
12830.000000 133.213662 132.101660
12840.000000 133.408130 132.285148
12850.000000 133.603390 132.510308
12860.000000 133.795564 132.681289
12870.000000 133.990636 132.896076
12880.000000 134.184229 133.129939
12890.000000 134.369095 133.303905
12900.000000 134.554433 133.478329
12910.000000 134.743932 133.646601
12920.000000 134.934768 133.867558
12930.000000 135.123206 134.086190
12940.000000 135.307535 134.290497
12950.000000 135.489713 134.482393
12960.000000 135.673925 134.655695
12970.000000 135.857266 134.869402
12980.000000 136.037933 135.059842
12990.000000 136.216161 135.278894
13000.000000 136.395268 135.436793
13010.000000 136.575058 135.626403
13020.000000 136.753089 135.814280
13030.000000 136.934263 135.994928
13040.000000 137.111144 136.212808
13050.000000 137.288616 136.306790
13060.000000 137.468812 136.496821
13070.000000 137.642686 136.690974
13080.000000 137.820194 136.847198
13090.000000 137.996110 136.981048
13100.000000 138.170016 137.154445
13110.000000 138.341802 137.304945
13120.000000 138.513996 137.507841
13130.000000 138.684605 137.605143
13140.000000 138.861364 137.843795
13150.000000 139.040095 138.032406
13160.000000 139.212839 138.215086
13170.000000 139.383793 138.364706
13180.000000 139.554774 138.545641
13190.000000 139.728459 138.708390
13200.000000 139.905011 138.842654
13210.000000 140.079769 139.016884
13220.000000 140.255568 139.181700
13230.000000 140.430774 139.325020
13240.000000 140.607477 139.469808
13250.000000 140.789703 139.640958
13260.000000 140.973977 139.866437
13270.000000 141.159752 140.020175
13280.000000 141.346618 140.248288
13290.000000 141.533585 140.382219
13300.000000 141.725360 140.510420
13310.000000 141.921440 140.726690
13320.000000 142.116999 140.963469
13330.000000 142.310043 141.124302
13340.000000 142.503337 141.337882
13350.000000 142.697817 141.521124
13360.000000 142.891643 141.735270
13370.000000 143.080862 141.944879
13380.000000 143.266574 142.161581
13390.000000 143.450013 142.365525
13400.000000 143.632459 142.557955
13410.000000 143.814190 142.739123
13420.000000 143.993342 142.907163
13430.000000 144.174196 143.066311
13440.000000 144.354552 143.246100
13450.000000 144.536607 143.416995
13460.000000 144.717537 143.639706
13470.000000 144.894458 143.816104
13480.000000 145.071556 144.024493
13490.000000 145.252859 144.152216
13500.000000 145.434193 144.279954
13510.000000 145.618863 144.453399
13520.000000 145.804924 144.628215
13530.000000 145.990712 144.845225
13540.000000 146.173906 145.059710
13550.000000 146.353939 145.217917
13560.000000 146.540036 145.392762
13570.000000 146.725404 145.566876
13580.000000 146.912635 145.700254
13590.000000 147.103464 145.879749
13600.000000 147.295933 146.028917
13610.000000 147.489426 146.253631
13620.000000 147.678115 146.484300
13630.000000 147.865714 146.639237
13640.000000 148.051427 146.834979
13650.000000 148.238921 147.000455
13660.000000 148.426836 147.230454
13670.000000 148.614866 147.375061
13680.000000 148.807048 147.555844
13690.000000 148.994931 147.764460
13700.000000 149.179463 147.980497
13710.000000 149.360977 148.193588
13720.000000 149.542504 148.385272
13730.000000 149.724843 148.567037
13740.000000 149.909831 148.762175
13750.000000 150.097496 148.906246
13760.000000 150.286577 149.083938
13770.000000 150.475471 149.304456
13780.000000 150.660779 149.489165
13790.000000 150.845596 149.694931
13800.000000 151.031482 149.891007
13810.000000 151.217404 150.130291
13820.000000 151.404477 150.284413
13830.000000 151.590007 150.469374
13840.000000 151.771749 150.672191
13850.000000 151.954786 150.843878
13860.000000 152.135065 151.023636
13870.000000 152.314841 151.213717
13880.000000 152.492230 151.347311
13890.000000 152.671898 151.548108
13900.000000 152.848787 151.735334
13910.000000 153.026927 151.891291
13920.000000 153.201312 152.119429
13930.000000 153.373378 152.280196
13940.000000 153.543391 152.525823
13950.000000 153.709996 152.735554
13960.000000 153.873038 152.909141
13970.000000 154.032644 153.046660
13980.000000 154.195595 153.231051
13990.000000 154.359530 153.383751
14000.000000 154.522308 153.557092
14010.000000 154.686116 153.775100
14020.000000 154.850370 153.939033
14030.000000 155.012731 154.068335
14040.000000 155.171900 154.249042
14050.000000 155.330606 154.418384
14060.000000 155.489089 154.598444
14070.000000 155.645300 154.732522
14080.000000 155.800537 154.909368
14090.000000 155.957459 155.055080
14100.000000 156.114070 155.211422
14110.000000 156.274537 155.349705
14120.000000 156.437454 155.501363
14130.000000 156.601474 155.643161
14140.000000 156.764529 155.882591
14150.000000 156.923392 156.063114
14160.000000 157.081163 156.286486
14170.000000 157.238947 156.498973
14180.000000 157.394674 156.676482
14190.000000 157.548491 156.830100
14200.000000 157.700798 157.037260
14210.000000 157.853565 157.200866
14220.000000 158.005912 157.319988
14230.000000 158.161180 157.475063
14240.000000 158.316981 157.630668
14250.000000 158.472291 157.741697
14260.000000 158.627532 157.896734
14270.000000 158.787418 157.979255
14280.000000 158.949623 158.141198
14290.000000 159.113062 158.271312
14300.000000 159.278003 158.402910
14310.000000 159.446612 158.604269
14320.000000 159.614579 158.738855
14330.000000 159.783671 158.896600
14340.000000 159.952447 159.120228
14350.000000 160.117473 159.284973
14360.000000 160.280607 159.414705
14370.000000 160.442290 159.587160
14380.000000 160.602273 159.757934
14390.000000 160.762936 159.907282
14400.000000 160.920576 160.119977
14410.000000 161.079332 160.245301
14420.000000 161.241045 160.417819
14430.000000 161.402895 160.579411
14440.000000 161.563590 160.739854
14450.000000 161.725932 160.802292
14460.000000 161.890424 160.977550
14470.000000 162.057629 161.089091
14480.000000 162.230314 161.150782
14490.000000 162.407201 161.349355
14500.000000 162.585564 161.582637
14510.000000 162.759752 161.756438
14520.000000 162.932551 161.962116
14530.000000 163.101738 162.130960
14540.000000 163.267163 162.296065
14550.000000 163.437716 162.399697
14560.000000 163.607038 162.568653
14570.000000 163.777205 162.782856
14580.000000 163.944156 163.016149
14590.000000 164.109539 163.125642
14600.000000 164.279101 163.283741
14610.000000 164.451382 163.489024
14620.000000 164.616388 163.664848
14630.000000 164.779176 163.827342
14640.000000 164.942479 164.034908
14650.000000 165.100097 164.214571
14660.000000 165.256797 164.382185
14670.000000 165.413985 164.583774
14680.000000 165.572096 164.775159
14690.000000 165.729019 164.943042
14700.000000 165.883728 165.097549
14710.000000 166.039181 165.252797
14720.000000 166.196582 165.354085
14730.000000 166.355554 165.468115
14740.000000 166.518326 165.608267
14750.000000 166.682119 165.794137
14760.000000 166.842971 165.999478
14770.000000 167.002566 166.125262
14780.000000 167.162487 166.262554
14790.000000 167.324076 166.479858
14800.000000 167.485114 166.651855
14810.000000 167.641959 166.886967
14820.000000 167.793925 167.027537
14830.000000 167.946656 167.168864
14840.000000 168.098065 167.297652
14850.000000 168.248981 167.482060
14860.000000 168.399087 167.609540
14870.000000 168.553055 167.695968
14880.000000 168.712865 167.777012
14890.000000 168.873758 167.892786
14900.000000 169.032305 168.051068
14910.000000 169.193985 168.201248
14920.000000 169.353266 168.405141
14930.000000 169.510543 168.506053
14940.000000 169.667055 168.707208
14950.000000 169.821415 168.872566
14960.000000 169.972873 169.091247
14970.000000 170.123620 169.275546
14980.000000 170.273914 169.391900
14990.000000 170.430032 169.491554
15000.000000 170.589169 169.672935
15010.000000 170.750120 169.788625
15020.000000 170.913945 169.895927
15030.000000 171.081255 170.062914
15040.000000 171.249149 170.163002
15050.000000 171.423061 170.359025
15060.000000 171.595342 170.542193
15070.000000 171.765864 170.712364
15080.000000 171.936189 170.859818
15090.000000 172.105972 171.051776
15100.000000 172.274144 171.275980
15110.000000 172.440212 171.430463
15120.000000 172.607751 171.518743
15130.000000 172.775832 171.697756
15140.000000 172.942613 171.864205
15150.000000 173.109419 171.985553
15160.000000 173.273303 172.194250
15170.000000 173.434011 172.377248
15180.000000 173.596654 172.517002
15190.000000 173.759951 172.702589
15200.000000 173.920505 172.885467
15210.000000 174.076026 173.029432
15220.000000 174.234044 173.209808
15230.000000 174.392649 173.379466
15240.000000 174.550064 173.570597
15250.000000 174.704869 173.747832
15260.000000 174.861484 173.870219
15270.000000 175.018471 174.026962
15280.000000 175.175685 174.206604
15290.000000 175.332223 174.385591
15300.000000 175.487172 174.540320
15310.000000 175.645696 174.630535
15320.000000 175.805968 174.790540
15330.000000 175.969740 174.885971
15340.000000 176.135526 175.062781
15350.000000 176.298275 175.236581
15360.000000 176.461639 175.354259
15370.000000 176.624152 175.573225
15380.000000 176.785134 175.733930
15390.000000 176.949213 175.943170
15400.000000 177.113428 176.152596
15410.000000 177.277672 176.339331
15420.000000 177.437055 176.521251
15430.000000 177.593989 176.723543
15440.000000 177.749095 176.878450
15450.000000 177.903155 176.998116
15460.000000 178.056135 177.128103
15470.000000 178.214272 177.217638
15480.000000 178.373204 177.353536
15490.000000 178.529456 177.509550
15500.000000 178.686596 177.666447
15510.000000 178.846117 177.802915
15520.000000 179.005109 177.984451
15530.000000 179.164436 178.063720
15540.000000 179.329217 178.137051
15550.000000 179.494405 178.279126
15560.000000 179.661401 178.434378
15570.000000 179.827689 178.600314
15580.000000 179.995053 178.767319
15590.000000 180.161643 178.956356
15600.000000 180.327664 179.122035
15610.000000 180.491464 179.319740
15620.000000 180.654120 179.493503
15630.000000 180.813592 179.641269
15640.000000 180.971600 179.810420
15650.000000 181.129541 179.945237
15660.000000 181.288538 180.161093
15670.000000 181.445458 180.363507
15680.000000 181.601501 180.519306
15690.000000 181.754864 180.695338
15700.000000 181.911434 180.782979
15710.000000 182.069090 180.963267
15720.000000 182.230243 181.066900
15730.000000 182.391829 181.273992
15740.000000 182.548496 181.396043
15750.000000 182.708574 181.544384
15760.000000 182.870814 181.671964
15770.000000 183.030292 181.854064
15780.000000 183.190538 181.968191
15790.000000 183.353845 182.142637
15800.000000 183.517377 182.305850
15810.000000 183.680546 182.457240
15820.000000 183.845362 182.610261
15830.000000 184.010929 182.821378
15840.000000 184.173226 183.006330
15850.000000 184.337492 183.089939
15860.000000 184.506141 183.258229
15870.000000 184.677344 183.394622
15880.000000 184.846857 183.552282
15890.000000 185.019465 183.758941
15900.000000 185.191048 183.964617
15910.000000 185.361406 184.123118
15920.000000 185.531756 184.281604
15930.000000 185.697624 184.493149
15940.000000 185.860412 184.678654
15950.000000 186.021424 184.873930
15960.000000 186.181877 185.011068
15970.000000 186.344542 185.208012
15980.000000 186.506231 185.357894
15990.000000 186.670387 185.544818
16000.000000 186.832460 185.706614
16010.000000 186.993545 185.832816
16020.000000 187.155543 186.040692
16030.000000 187.312043 186.243149
16040.000000 187.467805 186.317838
16050.000000 187.625913 186.498786
16060.000000 187.785837 186.670001
16070.000000 187.944403 186.862993
16080.000000 188.103417 187.044892
16090.000000 188.258878 187.211703
16100.000000 188.413478 187.377664
16110.000000 188.568512 187.555642
16120.000000 188.722847 187.675033
16130.000000 188.878812 187.842360
16140.000000 189.032914 188.019427
16150.000000 189.183932 188.170260
16160.000000 189.335004 188.332738
16170.000000 189.484427 188.528377
16180.000000 189.630448 188.674249
16190.000000 189.773880 188.794342
16200.000000 189.916020 188.936350
16210.000000 190.057250 189.089058
16220.000000 190.197560 189.206037
16230.000000 190.339106 189.370667
16240.000000 190.480441 189.546713
16250.000000 190.622383 189.653690
16260.000000 190.762224 189.805028
16270.000000 190.901765 189.944455
16280.000000 191.044704 190.075645
16290.000000 191.188441 190.219245
16300.000000 191.329886 190.372186
16310.000000 191.467040 190.520860
16320.000000 191.604048 190.657768
16330.000000 191.743909 190.739402
16340.000000 191.886701 190.893681
16350.000000 192.029141 191.047612
16360.000000 192.173929 191.192257
16370.000000 192.318690 191.313621
16380.000000 192.465519 191.425418
16390.000000 192.612858 191.572592
16400.000000 192.763164 191.629744
16410.000000 192.914124 191.850238
16420.000000 193.060860 192.020069
16430.000000 193.205352 192.176047
16440.000000 193.346407 192.282072
16450.000000 193.488713 192.447508
16460.000000 193.632682 192.579695
16470.000000 193.777952 192.724811
16480.000000 193.923258 192.846686
16490.000000 194.068181 193.026377
16500.000000 194.214763 193.172800
16510.000000 194.358887 193.375028
16520.000000 194.500808 193.528480
16530.000000 194.642586 193.693453
16540.000000 194.787650 193.791743
16550.000000 194.933490 193.937437
16560.000000 195.079589 194.106711
16570.000000 195.222827 194.284819
16580.000000 195.368663 194.372183
16590.000000 195.514474 194.517848
16600.000000 195.662421 194.665639
16610.000000 195.809369 194.824105
16620.000000 195.952902 194.955836
16630.000000 196.096915 195.088041
16640.000000 196.241528 195.314255
16650.000000 196.381595 195.512649
16660.000000 196.517951 195.637231
16670.000000 196.655323 195.809595
16680.000000 196.793488 195.971067
16690.000000 196.933177 196.063871
16700.000000 197.076860 196.172353
16710.000000 197.222099 196.270697
16720.000000 197.368037 196.428189
16730.000000 197.512225 196.607338
16740.000000 197.653064 196.783174
16750.000000 197.789560 196.989840
16760.000000 197.924384 197.124595
16770.000000 198.057265 197.292565
16780.000000 198.189308 197.459719
16790.000000 198.323461 197.558642
16800.000000 198.458622 197.670294
16810.000000 198.596497 197.854982
16820.000000 198.733838 197.968798
16830.000000 198.871860 198.118468
16840.000000 199.005980 198.275985
16850.000000 199.137821 198.431241
16860.000000 199.266681 198.607013
16870.000000 199.391113 198.719683
16880.000000 199.514294 198.866329
16890.000000 199.636457 199.023714
16900.000000 199.752366 199.127882
16910.000000 199.864812 199.240345
16920.000000 199.974376 199.385176
16930.000000 200.081518 199.421883
16940.000000 200.189652 199.530048
16950.000000 200.298567 199.662474
16960.000000 200.405562 199.746024
16970.000000 200.510026 199.874009
16980.000000 200.613510 199.965800
16990.000000 200.720268 200.025653
17000.000000 200.831591 200.125267
17010.000000 200.943169 200.236866
17020.000000 201.054643 200.360093
17030.000000 201.166327 200.495262
17040.000000 201.272548 200.601522
17050.000000 201.377531 200.671356
17060.000000 201.485295 200.755702
17070.000000 201.591997 200.850720
17080.000000 201.702301 200.996226
17090.000000 201.812685 201.094909
17100.000000 201.926134 201.184926
17110.000000 202.038780 201.321037
17120.000000 202.149730 201.443735
17130.000000 202.255815 201.573313
17140.000000 202.357385 201.698394
17150.000000 202.459058 201.811848
17160.000000 202.560851 201.925422
17170.000000 202.662106 202.061922
17180.000000 202.765053 202.176646
17190.000000 202.868307 202.303411
17200.000000 202.969579 202.404729
17210.000000 203.070350 202.517281
17220.000000 203.168802 202.639257
17230.000000 203.264641 202.746889
17240.000000 203.361432 202.855470
17250.000000 203.455200 202.996252
17260.000000 203.549209 203.043365
17270.000000 203.643484 203.149432
17280.000000 203.737179 203.254919
17290.000000 203.830274 203.359806
17300.000000 203.925579 203.455162
17310.000000 204.021761 203.516204
17320.000000 204.117041 203.599812
17330.000000 204.211721 203.729730
17340.000000 204.303805 203.868791
17350.000000 204.395075 203.983581
17360.000000 204.486762 204.063589
17370.000000 204.577908 204.178250
17380.000000 204.667347 204.338148
17390.000000 204.753661 204.471469
17400.000000 204.838313 204.603137
17410.000000 204.917900 204.694512
17420.000000 204.992695 204.804585
17430.000000 205.067535 204.809027
17440.000000 205.145576 204.828468
17450.000000 205.224265 204.907216
17460.000000 205.304001 204.987010
17470.000000 205.385175 205.091683
17480.000000 205.467129 205.220582
17490.000000 205.549204 205.337879
17500.000000 205.629358 205.429797
17510.000000 205.710434 205.604755
17520.000000 205.784272 205.725561
17530.000000 205.858388 205.823164
17540.000000 205.930557 205.954040
17550.000000 206.003116 206.003116
17560.000000 206.078885 206.020224
17570.000000 206.156782 206.098132
17580.000000 206.235793 206.165430
17590.000000 206.314755 206.267850
17600.000000 206.391518 206.344622
17610.000000 206.469559 206.399236
17620.000000 206.548386 206.466362
17630.000000 206.626721 206.474471
17640.000000 206.706265 206.577447
17650.000000 206.786090 206.610501
17660.000000 206.863582 206.711416
17670.000000 206.940101 206.776272
17680.000000 207.015332 206.863226
17690.000000 207.089813 206.984507
17700.000000 207.163344 207.034678
17710.000000 207.236255 207.119304
17720.000000 207.307163 207.213612
17730.000000 207.380705 207.205404
17740.000000 207.456335 207.281069
17750.000000 207.534187 207.300609
17760.000000 207.612137 207.355278
17770.000000 207.690205 207.433394
17780.000000 207.766151 207.509390
17790.000000 207.842643 207.539326
17800.000000 207.919971 207.651657
17810.000000 207.996625 207.740011
17820.000000 208.073060 207.769917
17830.000000 208.153202 207.768661
17840.000000 208.236837 207.829100
17850.000000 208.319856 207.935437
17860.000000 208.397859 207.990264
17870.000000 208.476365 208.115337
17880.000000 208.549812 208.212108
17890.000000 208.623218 208.250718
17900.000000 208.698736 208.349547
17910.000000 208.771509 208.422393
17920.000000 208.842746 208.493706
17930.000000 208.914507 208.588768
17940.000000 208.984416 208.716831
17950.000000 209.051838 208.795933
17960.000000 209.122010 208.866161
17970.000000 209.190183 208.934392
17980.000000 209.256669 209.070622
17990.000000 209.321618 209.124002
18000.000000 209.386215 209.165429
18010.000000 209.449141 209.216807
18020.000000 209.511579 209.244508
18030.000000 209.576245 209.332430
18040.000000 209.639771 209.419208
18050.000000 209.702968 209.505649
18060.000000 209.766734 209.523102
18070.000000 209.832181 209.565441
18080.000000 209.897132 209.630456
18090.000000 209.963106 209.661768
18100.000000 210.030651 209.729382
18110.000000 210.094688 209.862923
18120.000000 210.157995 209.903146
18130.000000 210.222527 209.979307
18140.000000 210.285524 210.111782
18150.000000 210.346634 210.219228
18160.000000 210.406478 210.244396
18170.000000 210.466939 210.281771
18180.000000 210.527233 210.365235
18190.000000 210.589118 210.346277
18200.000000 210.653967 210.399638
18210.000000 210.716155 210.519624
18220.000000 210.775914 210.590983
18230.000000 210.835385 210.615873
18240.000000 210.897583 210.712747
18250.000000 210.962308 210.754441
18260.000000 211.029242 210.832957
18270.000000 211.096588 210.865756
18280.000000 211.165589 210.946334
18290.000000 211.232880 211.059786
18300.000000 211.301305 211.082149
18310.000000 211.371029 211.140401
18320.000000 211.442931 211.200834
18330.000000 211.514230 211.329763
18340.000000 211.585700 211.389755
18350.000000 211.658564 211.531760
18360.000000 211.729810 211.533946
18370.000000 211.803098 211.572752
18380.000000 211.873131 211.608332
18390.000000 211.943967 211.656234
18400.000000 212.015738 211.705084
18410.000000 212.088271 211.766194
18420.000000 212.160946 211.850416
18430.000000 212.231722 211.909776
18440.000000 212.304311 211.982429
18450.000000 212.378678 211.999492
18460.000000 212.455949 212.030969
18470.000000 212.535312 212.133327
18480.000000 212.611976 212.244454
18490.000000 212.687949 212.331957
18500.000000 212.762996 212.464398
18510.000000 212.838000 212.550924
18520.000000 212.915670 212.582792
18530.000000 212.990124 212.680228
18540.000000 213.062529 212.787076
18550.000000 213.133447 212.892436
18560.000000 213.203989 212.928650
18570.000000 213.276176 213.046723
18580.000000 213.350027 213.109161
18590.000000 213.424425 213.229433
18600.000000 213.495488 213.334913
18610.000000 213.565271 213.404730
18620.000000 213.634536 213.496944
18630.000000 213.698486 213.515113
18640.000000 213.761678 213.612700
18650.000000 213.824990 213.698947
18660.000000 213.890370 213.741461
18670.000000 213.953860 213.782102
18680.000000 214.017819 213.868981
18690.000000 214.083137 213.991541
18700.000000 214.148159 214.045142
18710.000000 214.212977 214.144304
18720.000000 214.277780 214.174811
18730.000000 214.343642 214.240697
18740.000000 214.409209 214.329150
18750.000000 214.471210 214.425466
18760.000000 214.532155 214.543591
18770.000000 214.590942 214.602375
18780.000000 214.647475 214.670336
18790.000000 214.706960 214.706960
18800.000000 214.765991 214.800268
18810.000000 214.822733 214.902707
18820.000000 214.877524 214.968903
18830.000000 214.933333 214.990420
18840.000000 214.993085 215.038741
18850.000000 215.050505 215.084736
18860.000000 215.104490 215.172944
18870.000000 215.158956 215.181763
18880.000000 215.213818 215.213818
18890.000000 215.269999 215.281396
18900.000000 215.328356 215.282794
18910.000000 215.388177 215.319858
18920.000000 215.449545 215.438159
18930.000000 215.506840 215.540999
18940.000000 215.561576 215.561576
18950.000000 215.620323 215.620323
18960.000000 215.679843 215.668468
18970.000000 215.737016 215.748389
18980.000000 215.791648 215.825761
18990.000000 215.843725 215.900571
19000.000000 215.899488 215.922216
19010.000000 215.957565 215.957565
19020.000000 216.021484 215.953359
19030.000000 216.087645 216.030884
19040.000000 216.153592 216.085498
19050.000000 216.221039 216.118935
19060.000000 216.290032 216.142611
19070.000000 216.359846 216.201124
19080.000000 216.427283 216.313911
19090.000000 216.491332 216.389315
19100.000000 216.554494 216.452501
19110.000000 216.618466 216.448569
19120.000000 216.683963 216.548054
19130.000000 216.748918 216.624356
19140.000000 216.814670 216.644886
19150.000000 216.881059 216.733929
19160.000000 216.942695 216.829527
19170.000000 217.001740 216.922530
19180.000000 217.058286 217.035654
19190.000000 217.112610 217.078674
19200.000000 217.169869 217.068118
19210.000000 217.227955 217.114933
19220.000000 217.287418 217.174424
19230.000000 217.345994 217.233029
19240.000000 217.400810 217.265301
19250.000000 217.456000 217.331811
19260.000000 217.510763 217.375327
19270.000000 217.563468 217.428069
19280.000000 217.617874 217.459967
19290.000000 217.673900 217.437187
19300.000000 217.734121 217.418695
19310.000000 217.796353 217.447267
19320.000000 217.860863 217.500614
19330.000000 217.926901 217.566728
19340.000000 217.993663 217.667274
19350.000000 218.059653 217.744570
19360.000000 218.127199 217.800948
19370.000000 218.195846 217.869660
19380.000000 218.264776 217.983579
19390.000000 218.332817 218.085376
19400.000000 218.399440 218.163284
19410.000000 218.465508 218.229402
19420.000000 218.532627 218.296570
19430.000000 218.604035 218.334348
19440.000000 218.676100 218.406462
19450.000000 218.749353 218.434897
19460.000000 218.823747 218.486922
19470.000000 218.897049 218.605127
19480.000000 218.968007 218.698563
19490.000000 219.035836 218.766447
19500.000000 219.103693 218.789533
19510.000000 219.171346 218.902066
19520.000000 219.236855 219.001249
19530.000000 219.301311 219.054553
19540.000000 219.365164 219.129661
19550.000000 219.426689 219.191240
19560.000000 219.488446 219.241855
19570.000000 219.551400 219.316058
19580.000000 219.612253 219.376967
19590.000000 219.671861 219.447820
19600.000000 219.729622 219.516825
19610.000000 219.790901 219.522235
19620.000000 219.855423 219.575638
19630.000000 219.921129 219.663755
19640.000000 219.987198 219.741052
19650.000000 220.052261 219.817342
19660.000000 220.114859 219.935867
19670.000000 220.176781 220.042541
19680.000000 220.240390 220.117357
19690.000000 220.301529 220.178524
19700.000000 220.362933 220.195271
19710.000000 220.424952 220.257329
19720.000000 220.484719 220.361799
19730.000000 220.542886 220.475838
19740.000000 220.601493 220.478633
19750.000000 220.662953 220.540120
19760.000000 220.723550 220.611904
19770.000000 220.783363 220.694059
19780.000000 220.842087 220.741648
19790.000000 220.902918 220.769051
19800.000000 220.962965 220.873723
19810.000000 221.021171 220.920803
19820.000000 221.080770 220.991570
19830.000000 221.140925 221.029463
19840.000000 221.198364 221.086929
19850.000000 221.254585 221.143178
19860.000000 221.310405 221.221293
19870.000000 221.365194 221.309505
19880.000000 221.421523 221.265702
19890.000000 221.477823 221.388778
19900.000000 221.531151 221.464378
19910.000000 221.580798 221.547416
19920.000000 221.625995 221.625995
19930.000000 221.671418 221.660296
19940.000000 221.716942 221.716942
19950.000000 221.760669 221.827384
19960.000000 221.801689 221.879502
19970.000000 221.844150 221.933056
19980.000000 221.887091 222.020436
19990.000000 221.928819 222.073239
20000.000000 221.967700 222.134301
20010.000000 222.003636 222.203519
20020.000000 222.037616 222.259654
20030.000000 222.070043 222.236470
20040.000000 222.106491 222.261764
20050.000000 222.143461 222.276494
20060.000000 222.181773 222.292587
20070.000000 222.219043 222.307656
20080.000000 222.257373 222.379195
20090.000000 222.295375 222.383930
20100.000000 222.333937 222.455679
20110.000000 222.374019 222.484652
20120.000000 222.414232 222.580171
20130.000000 222.451439 222.606257
20140.000000 222.488026 222.653856
20150.000000 222.523410 222.700244
20160.000000 222.560681 222.715345
20170.000000 222.601733 222.712151
20180.000000 222.644491 222.788011
20190.000000 222.687786 222.853353
20200.000000 222.729727 222.939423
20210.000000 222.772376 222.959922
20220.000000 222.816701 223.026271
20230.000000 222.859626 223.069133
20240.000000 222.903084 223.079431
20250.000000 222.946216 223.133538
20260.000000 222.990453 223.155672
20270.000000 223.033762 223.243018
20280.000000 223.074104 223.228206
20290.000000 223.115081 223.291160
20300.000000 223.153991 223.352037
20310.000000 223.190004 223.432027
20320.000000 223.224718 223.477670
20330.000000 223.260606 223.546499
20340.000000 223.296412 223.593217
20350.000000 223.332884 223.629592
20360.000000 223.367906 223.664514
20370.000000 223.405195 223.635747
20380.000000 223.442064 223.650570
20390.000000 223.478487 223.708889
20400.000000 223.511770 223.818972
20410.000000 223.541822 223.870883
20420.000000 223.572340 223.934232
20430.000000 223.600737 223.973478
20440.000000 223.627102 224.010682
20450.000000 223.654099 224.026563
20460.000000 223.681413 224.097626
20470.000000 223.706153 224.166093
20480.000000 223.734098 224.084230
20490.000000 223.765297 224.082446
20500.000000 223.800995 224.052371
20510.000000 223.838104 224.100338
20520.000000 223.875140 224.137289
20530.000000 223.913289 224.186288
20540.000000 223.950116 224.212097
20550.000000 223.984975 224.235945
20560.000000 224.020342 224.293072
20570.000000 224.055270 224.295158
20580.000000 224.088714 224.306699
20590.000000 224.123854 224.352674
20600.000000 224.159569 224.366509
20610.000000 224.194530 224.423200
20620.000000 224.230325 224.448024
20630.000000 224.266582 224.440651
20640.000000 224.301592 224.540928
20650.000000 224.335250 224.607171
20660.000000 224.369947 224.620008
20670.000000 224.404545 224.654524
20680.000000 224.439442 224.656711
20690.000000 224.477781 224.673244
20700.000000 224.516010 224.700547
20710.000000 224.556510 224.762714
20720.000000 224.596389 224.802530
20730.000000 224.634503 224.808016
20740.000000 224.670890 224.844347
20750.000000 224.709388 224.871946
20760.000000 224.748900 224.954784
20770.000000 224.788020 225.026373
20780.000000 224.827911 225.044509
20790.000000 224.868176 225.073872
20800.000000 224.912733 225.096706
20810.000000 224.956103 225.118370
20820.000000 224.999715 225.140293
20830.000000 225.041795 225.214787
20840.000000 225.082921 225.266680
20850.000000 225.121235 225.348204
20860.000000 225.157783 225.363051
20870.000000 225.197077 225.413093
20880.000000 225.235874 225.430211
20890.000000 225.275937 225.502628
20900.000000 225.316585 225.510805
20910.000000 225.357895 225.584450
20920.000000 225.398967 225.647049
20930.000000 225.440666 225.634714
20940.000000 225.484730 225.657152
20950.000000 225.527361 225.753653
20960.000000 225.570393 225.818190
20970.000000 225.611351 225.826732
20980.000000 225.651758 225.877851
20990.000000 225.693214 225.886923
21000.000000 225.736352 226.005406
21010.000000 225.778923 226.037129
21020.000000 225.822616 226.069981
21030.000000 225.864811 226.176704
21040.000000 225.908734 226.231307
21050.000000 225.950566 226.294577
21060.000000 225.989134 226.376102
21070.000000 226.025382 226.401464
21080.000000 226.061639 226.448363
21090.000000 226.095983 226.536381
21100.000000 226.127390 226.556882
21110.000000 226.158220 226.609077
21120.000000 226.189265 226.618466
21130.000000 226.221466 226.650526
21140.000000 226.255140 226.694803
21150.000000 226.286473 226.715249
21160.000000 226.319258 226.747893
21170.000000 226.352112 226.802074
21180.000000 226.385990 226.857271
21190.000000 226.417957 226.899812
21200.000000 226.449273 226.866622
21210.000000 226.481974 226.845612
21220.000000 226.516468 226.847866
21230.000000 226.550709 226.914114
21240.000000 226.583976 226.947262
21250.000000 226.615501 226.967969
21260.000000 226.644779 227.018516
21270.000000 226.669557 227.064545
21280.000000 226.692098 227.097630
21290.000000 226.711962 227.085282
21300.000000 226.731201 227.115058
21310.000000 226.748641 227.121671
21320.000000 226.764907 227.180482
21330.000000 226.782762 227.176833
21340.000000 226.803119 227.239708
21350.000000 226.821760 227.236853
21360.000000 226.839256 227.296830
21370.000000 226.856330 227.313724
21380.000000 226.873064 227.319623
21390.000000 226.889895 227.346927
21400.000000 226.909626 227.355838
21410.000000 226.931149 227.355915
21420.000000 226.951834 227.397712
21430.000000 226.972441 227.396887
21440.000000 226.997675 227.347604
21450.000000 227.022139 227.435658
21460.000000 227.043231 227.477835
21470.000000 227.063916 227.466511
21480.000000 227.086189 227.478027
21490.000000 227.106446 227.540563
21500.000000 227.125432 227.538176
21510.000000 227.145140 227.568326
21520.000000 227.163475 227.597094
21530.000000 227.179431 227.623471
21540.000000 227.195024 227.585956
21550.000000 227.214636 227.552533
21560.000000 227.238701 227.502503
21570.000000 227.262547 227.536815
21580.000000 227.285819 227.559987
21590.000000 227.306212 227.580278
21600.000000 227.328392 227.549621
21610.000000 227.348824 227.569970
21620.000000 227.369658 227.548581
21630.000000 227.391221 227.601671
21640.000000 227.413077 227.570820
21650.000000 227.438186 227.564318
21660.000000 227.464666 227.559220
21670.000000 227.491960 227.575975
21680.000000 227.518811 227.634309
21690.000000 227.547049 227.631007
21700.000000 227.576464 227.649899
21710.000000 227.605297 227.647241
21720.000000 227.633947 227.665392
21730.000000 227.663569 227.684524
21740.000000 227.692148 227.713097
21750.000000 227.721207 227.742148
21760.000000 227.750294 227.781698
21770.000000 227.779883 227.769421
21780.000000 227.813204 227.792286
21790.000000 227.846540 227.815175
21800.000000 227.878579 227.836774
21810.000000 227.910046 227.889148
21820.000000 227.940591 227.961486
21830.000000 227.968437 227.957995
21840.000000 227.997027 227.976150
21850.000000 228.027247 228.006377
21860.000000 228.055105 228.107279
21870.000000 228.079830 228.090259
21880.000000 228.105456 228.105456
21890.000000 228.132226 228.111384
21900.000000 228.157004 228.198685
21910.000000 228.181090 228.160263
21920.000000 228.209690 228.084826
21930.000000 228.239386 228.145756
21940.000000 228.269468 228.123902
21950.000000 228.302070 228.218892
21960.000000 228.334484 228.282507
21970.000000 228.364873 228.302524
21980.000000 228.396657 228.282412
21990.000000 228.428074 228.313865
22000.000000 228.460469 228.315178
22010.000000 228.492402 228.367894
22020.000000 228.524791 228.410690
22030.000000 228.558270 228.464934
22040.000000 228.588833 228.516255
22050.000000 228.615648 228.553457
22060.000000 228.640879 228.620152
22070.000000 228.663001 228.673362
22080.000000 228.683885 228.694243
22090.000000 228.703386 228.744806
22100.000000 228.723596 228.702899
22110.000000 228.744308 228.713275
22120.000000 228.765100 228.754759
22130.000000 228.784313 228.773975
22140.000000 228.805343 228.722697
22150.000000 228.825414 228.773772
22160.000000 228.845234 228.752330
22170.000000 228.866140 228.783584
22180.000000 228.885501 228.864864
22190.000000 228.904512 228.791096
22200.000000 228.924784 228.821711
22210.000000 228.943694 228.861259
22220.000000 228.962780 228.859783
22230.000000 228.981221 228.867971
22240.000000 229.000085 228.876590
22250.000000 229.018351 228.884621
22260.000000 229.037998 228.883764
22270.000000 229.058072 228.944987
22280.000000 229.076660 228.994435
22290.000000 229.093635 228.980634
22300.000000 229.110798 228.967052
22310.000000 229.129161 228.954700
22320.000000 229.150371 228.996475
22330.000000 229.170962 229.017121
22340.000000 229.191852 229.038066
22350.000000 229.212166 229.037954
22360.000000 229.232467 229.099270
22370.000000 229.252006 229.098387
22380.000000 229.272616 229.098591
22390.000000 229.295134 229.090497
22400.000000 229.316877 229.142974
22410.000000 229.334429 229.221915
22420.000000 229.352161 229.260130
22430.000000 229.368402 229.296842
22440.000000 229.378859 229.378859
22450.000000 229.387278 229.407715
22460.000000 229.395121 229.405335
22470.000000 229.404787 229.414997
22480.000000 229.414924 229.445544
22490.000000 229.424635 229.424635
22500.000000 229.431226 229.400640
22510.000000 229.438382 229.407808
22520.000000 229.445776 229.425401
22530.000000 229.452072 229.452072
22540.000000 229.456711 229.497438
22550.000000 229.459492 229.469668
22560.000000 229.463928 229.453757
22570.000000 229.468257 229.498762
22580.000000 229.472848 229.411888
22590.000000 229.478257 229.417323
22600.000000 229.483520 229.432761
22610.000000 229.487658 229.447066
22620.000000 229.491955 229.420958
22630.000000 229.495909 229.465489
22640.000000 229.497625 229.507762
22650.000000 229.497299 229.517565
22660.000000 229.495209 229.474955
22670.000000 229.493538 229.493538
22680.000000 229.488209 229.498328
22690.000000 229.483536 229.483536
22700.000000 229.479089 229.428554
22710.000000 229.472732 229.432321
22720.000000 229.467493 229.406911
22730.000000 229.463103 229.422730
22740.000000 229.457175 229.416820
22750.000000 229.448713 229.408377
22760.000000 229.438876 229.388483
22770.000000 229.429581 229.419506
22780.000000 229.419569 229.469935
22790.000000 229.406338 229.527195
22800.000000 229.391193 229.491848
22810.000000 229.375327 229.496061
22820.000000 229.360585 229.441020
22830.000000 229.348474 229.348474
22840.000000 229.338329 229.288135
22850.000000 229.327454 229.257222
22860.000000 229.315619 229.235396
22870.000000 229.303645 229.233481
22880.000000 229.290757 229.190586
22890.000000 229.279429 229.219346
22900.000000 229.267297 229.217250
22910.000000 229.254281 229.204259
22920.000000 229.242159 229.182163
22930.000000 229.229132 229.189151
22940.000000 229.215455 229.185483
22950.000000 229.201870 229.201870
22960.000000 229.186240 229.256135
22970.000000 229.166590 229.246432
22980.000000 229.146760 229.226560
22990.000000 229.124978 229.194763
23000.000000 229.101418 229.221012
23010.000000 229.074148 229.193675
23020.000000 229.047593 229.206903
23030.000000 229.020206 229.179428
23040.000000 228.991505 229.170545
23050.000000 228.961364 229.160202
23060.000000 228.932369 229.101264
23070.000000 228.903399 229.131835
23080.000000 228.873704 229.062274
23090.000000 228.847339 229.015952
23100.000000 228.822555 228.911742
23110.000000 228.801689 228.851202
23120.000000 228.782290 228.831778
23130.000000 228.764104 228.793779
23140.000000 228.748510 228.748510
23150.000000 228.736004 228.696488
23160.000000 228.722938 228.693315
23170.000000 228.710878 228.681269
23180.000000 228.696843 228.686977
23190.000000 228.682893 228.682893
23200.000000 228.668610 228.668610
23210.000000 228.655144 228.684703
23220.000000 228.640964 228.660660
23230.000000 228.627734 228.578535
23240.000000 228.615351 228.576009
23250.000000 228.600334 228.620000
23260.000000 228.583722 228.593550
23270.000000 228.566547 228.625496
23280.000000 228.550028 228.550028
23290.000000 228.533922 228.582995
23300.000000 228.517850 228.557087
23310.000000 228.503272 228.542490
23320.000000 228.489846 228.538847
23330.000000 228.476551 228.535326
23340.000000 228.463532 228.473321
23350.000000 228.451960 228.432394
23360.000000 228.442100 228.363893
23370.000000 228.432750 228.403430
23380.000000 228.422134 228.412365
23390.000000 228.413824 228.355246
23400.000000 228.406603 228.377323
23410.000000 228.398449 228.388693
23420.000000 228.390456 228.419716
23430.000000 228.382891 228.412138
23440.000000 228.375091 228.433564
23450.000000 228.366891 228.435080
23460.000000 228.359165 228.407845
23470.000000 228.351093 228.428955
23480.000000 228.343122 228.382029
23490.000000 228.336907 228.385521
23500.000000 228.331468 228.350902
23510.000000 228.328170 228.318459
23520.000000 228.325181 228.344598
23530.000000 228.321862 228.312159
23540.000000 228.318122 228.327821
23550.000000 228.315580 228.305886
23560.000000 228.313098 228.342174
23570.000000 228.311874 228.340937
23580.000000 228.309969 228.358391
23590.000000 228.306156 228.393292
23600.000000 228.301593 228.398372
23610.000000 228.295258 228.391994
23620.000000 228.289175 228.337511
23630.000000 228.283986 228.322635
23640.000000 228.278647 228.317279
23650.000000 228.274887 228.332815
23660.000000 228.271479 228.329382
23670.000000 228.265596 228.323473
23680.000000 228.260055 228.308262
23690.000000 228.255927 228.304113
23700.000000 228.252029 228.319465
23710.000000 228.248374 228.335047
23720.000000 228.243666 228.339931
23730.000000 228.238218 228.372951
23740.000000 228.234303 228.330483
23750.000000 228.229419 228.344794
23760.000000 228.224295 228.358850
23770.000000 228.217975 228.362082
23780.000000 228.210872 228.364524
23790.000000 228.202430 228.384831
23800.000000 228.192704 228.394229
23810.000000 228.181264 228.401896
23820.000000 228.171704 228.353850
23830.000000 228.165159 228.280113
23840.000000 228.159579 228.255324
23850.000000 228.152785 228.277213
23860.000000 228.145215 228.260014
23870.000000 228.136893 228.251640
23880.000000 228.128453 228.262275
23890.000000 228.120453 228.215981
23900.000000 228.112558 228.179389
23910.000000 228.107378 228.145545
23920.000000 228.103609 228.122683
23930.000000 228.098802 228.156008
23940.000000 228.092172 228.158885
23950.000000 228.084388 228.151071
23960.000000 228.077382 228.134511
23970.000000 228.071569 228.109635
23980.000000 228.066234 228.132828
23990.000000 228.060664 228.136741
24000.000000 228.053705 228.129748
24010.000000 228.046901 228.132415
24020.000000 228.040576 228.135553
24030.000000 228.034482 228.157913
24040.000000 228.029282 228.162155
24050.000000 228.023858 228.194648
24060.000000 228.017294 228.216485
24070.000000 228.007527 228.216116
24080.000000 227.996059 228.176098
24090.000000 227.983468 228.172902
24100.000000 227.970866 228.160211
24110.000000 227.959634 228.120482
24120.000000 227.947479 228.155581
24130.000000 227.933278 228.198075
24140.000000 227.919577 228.155861
24150.000000 227.909146 228.088595
24160.000000 227.899164 228.106877
24170.000000 227.887069 228.123026
24180.000000 227.877387 228.037712
24190.000000 227.869883 228.020703
24200.000000 227.862031 228.003355
24210.000000 227.853915 227.957489
24220.000000 227.847051 227.941163
24230.000000 227.838877 227.970597
24240.000000 227.828677 227.997983
24250.000000 227.817447 227.996083
24260.000000 227.808019 227.967765
24270.000000 227.799513 227.968588
24280.000000 227.794343 227.925766
24290.000000 227.791049 227.950586
24300.000000 227.788912 227.920224
24310.000000 227.789408 227.930047
24320.000000 227.788321 227.863276
24330.000000 227.789755 227.864679
24340.000000 227.791598 227.866493
24350.000000 227.793346 227.886934
24360.000000 227.794608 227.934962
24370.000000 227.796458 227.927397
24380.000000 227.802036 227.886162
24390.000000 227.808296 227.892389
24400.000000 227.814504 227.917253
24410.000000 227.818693 227.940087
24420.000000 227.823127 227.897787
24430.000000 227.827663 227.883632
24440.000000 227.833766 227.889713
24450.000000 227.842216 227.898142
24460.000000 227.852794 227.899380
24470.000000 227.862796 227.927998
24480.000000 227.872959 227.938138
24490.000000 227.880770 227.955235
24500.000000 227.889525 227.973271
24510.000000 227.898673 227.982387
24520.000000 227.909629 227.965412
24530.000000 227.921119 228.014072
24540.000000 227.929482 228.059590
24550.000000 227.934677 228.101921
24560.000000 227.938343 228.086934
24570.000000 227.945237 228.000915
24580.000000 227.954936 228.019872
24590.000000 227.965168 227.955897
24600.000000 227.977118 227.940055
24610.000000 227.990394 227.962605
24620.000000 228.003068 227.975289
24630.000000 228.015813 228.006556
24640.000000 228.025473 228.034727
24650.000000 228.036642 228.055145
24660.000000 228.045912 228.064409
24670.000000 228.053692 228.062937
24680.000000 228.061994 228.108207
24690.000000 228.070573 228.089049
24700.000000 228.078894 228.143550
24710.000000 228.087270 228.133433
24720.000000 228.095657 228.178731
24730.000000 228.103043 228.186087
24740.000000 228.111485 228.176046
24750.000000 228.121171 228.167265
24760.000000 228.131352 228.205086
24770.000000 228.143033 228.189094
24780.000000 228.155530 228.192365
24790.000000 228.166902 228.185312
24800.000000 228.179723 228.133728
24810.000000 228.196235 228.159450
24820.000000 228.213317 228.148972
24830.000000 228.229414 228.174277
24840.000000 228.246687 228.173201
24850.000000 228.262190 228.225454
24860.000000 228.276189 228.257825
24870.000000 228.290162 228.280983
24880.000000 228.305125 228.286774
24890.000000 228.319665 228.319665
24900.000000 228.334282 228.352624
24910.000000 228.349955 228.349955
24920.000000 228.365193 228.401854
24930.000000 228.376542 228.422355
24940.000000 228.387045 228.442003
24950.000000 228.396073 228.478490
24960.000000 228.404379 228.450143
24970.000000 228.413092 228.440538
24980.000000 228.423159 228.450595
24990.000000 228.432764 228.460190
25000.000000 228.442140 228.451278
25010.000000 228.451492 228.497173
25020.000000 228.459707 228.477971
25030.000000 228.469511 228.469511
25040.000000 228.480521 228.444029
25050.000000 228.491314 228.491314
25060.000000 228.500893 228.537371
25070.000000 228.506959 228.616388
25080.000000 228.508155 228.635782
25090.000000 228.505626 228.687920
25100.000000 228.501995 228.702451
25110.000000 228.499363 228.681507
25120.000000 228.494685 228.704088
25130.000000 228.489103 228.689309
25140.000000 228.485050 228.685172
25150.000000 228.480391 228.680429
25160.000000 228.475975 228.694126
25170.000000 228.473521 228.655209
25180.000000 228.472627 228.654243
25190.000000 228.473657 228.637034
25200.000000 228.473779 228.673415
25210.000000 228.474120 228.628292
25220.000000 228.475736 228.611706
25230.000000 228.478865 228.596651
25240.000000 228.480838 228.598579
25250.000000 228.483955 228.619769
25260.000000 228.489432 228.543718
25270.000000 228.498861 228.507904
25280.000000 228.508289 228.481175
25290.000000 228.517254 228.535327
25300.000000 228.526087 228.571259
25310.000000 228.532509 228.640912
25320.000000 228.536231 228.608461
25330.000000 228.542750 228.596899
25340.000000 228.549009 228.594114
25350.000000 228.556871 228.574905
25360.000000 228.565598 228.556586
25370.000000 228.574434 228.574434
25380.000000 228.582992 228.519964
25390.000000 228.591375 228.555368
25400.000000 228.602539 228.503581
25410.000000 228.613995 228.506082
25420.000000 228.627919 228.502072
25430.000000 228.642432 228.525608
25440.000000 228.655798 228.592899
25450.000000 228.666969 228.622053
25460.000000 228.677823 228.659861
25470.000000 228.688167 228.670211
25480.000000 228.696574 228.741461
25490.000000 228.702712 228.765535
25500.000000 228.707304 228.752157
25510.000000 228.715754 228.733687
25520.000000 228.724644 228.760499
25530.000000 228.730882 228.811544
25540.000000 228.735882 228.807553
25550.000000 228.742050 228.777867
25560.000000 228.747118 228.809781
25570.000000 228.749968 228.830511
25580.000000 228.751709 228.841170
25590.000000 228.751388 228.831868
25600.000000 228.751283 228.849617
25610.000000 228.752812 228.842168
25620.000000 228.753547 228.833934
25630.000000 228.753008 228.815501
25640.000000 228.751333 228.804875
25650.000000 228.750152 228.750152
25660.000000 228.749865 228.794447
25670.000000 228.748575 228.793139
25680.000000 228.747010 228.809381
25690.000000 228.745927 228.808272
25700.000000 228.745799 228.790310
25710.000000 228.744378 228.797773
25720.000000 228.744158 228.753052
25730.000000 228.747356 228.738466
25740.000000 228.751845 228.742958
25750.000000 228.757360 228.766244
25760.000000 228.762232 228.779995
25770.000000 228.768598 228.759721
25780.000000 228.779268 228.734905
25790.000000 228.790138 228.719190
25800.000000 228.803217 228.723430
25810.000000 228.815571 228.726951
25820.000000 228.827736 228.756858
25830.000000 228.838359 228.785215
25840.000000 228.848034 228.803761
25850.000000 228.855383 228.846531
25860.000000 228.860836 228.843137
25870.000000 228.866237 228.883932
25880.000000 228.871476 228.906856
25890.000000 228.876372 228.894054
25900.000000 228.884593 228.813917
25910.000000 228.894254 228.832431
25920.000000 228.902229 228.831602
25930.000000 228.909541 228.830117
25940.000000 228.917008 228.846431
25950.000000 228.924288 228.862553
25960.000000 228.932117 228.835153
25970.000000 228.941922 228.827377
25980.000000 228.950623 228.853726
25990.000000 228.957141 228.930715
26000.000000 228.960774 228.943163
26010.000000 228.964401 228.982008
26020.000000 228.966460 228.992862
26030.000000 228.967177 228.984771
26040.000000 228.967946 229.020715
26050.000000 228.967021 229.019771
26060.000000 228.965816 229.009755
26070.000000 228.964303 229.008225
26080.000000 228.962921 229.015609
26090.000000 228.960936 229.031164
26100.000000 228.956480 229.070576
26110.000000 228.951836 229.074664
26120.000000 228.945667 229.042124
26130.000000 228.940610 229.001958
26140.000000 228.937577 228.981376
26150.000000 228.933649 228.933649
26160.000000 228.929979 228.973743
26170.000000 228.924474 228.959470
26180.000000 228.920484 228.964213
26190.000000 228.918256 228.953224
26200.000000 228.915599 228.941813
26210.000000 228.913387 228.957065
26220.000000 228.909493 228.961887
26230.000000 228.905763 228.966867
26240.000000 228.902585 229.016046
26250.000000 228.897380 229.036984
26260.000000 228.889810 229.072998
26270.000000 228.880678 229.055063
26280.000000 228.872697 229.073179
26290.000000 228.863262 229.072381
26300.000000 228.852675 229.052988
26310.000000 228.841701 229.059356
26320.000000 228.830569 229.065553
26330.000000 228.819406 229.028167
26340.000000 228.807370 229.033447
26350.000000 228.792403 229.070591
26360.000000 228.776108 229.036772
26370.000000 228.759966 229.029208
26380.000000 228.745013 228.979374
26390.000000 228.730900 228.999903
26400.000000 228.717034 228.994603
26410.000000 228.704218 228.981666
26420.000000 228.692013 228.969342
26430.000000 228.678051 228.937912
26440.000000 228.661834 228.947586
26450.000000 228.644735 228.930357
26460.000000 228.627977 228.939459
26470.000000 228.610771 228.939433
26480.000000 228.592308 228.920820
26490.000000 228.575201 228.877606
26500.000000 228.558585 228.843560
26510.000000 228.541733 228.852509
26520.000000 228.521856 228.858412
26530.000000 228.499584 228.844619
26540.000000 228.474630 228.828133
26550.000000 228.449663 228.811625
26560.000000 228.426696 228.788485
26570.000000 228.402941 228.799055
26580.000000 228.378662 228.791830
26590.000000 228.351076 228.815764
26600.000000 228.323071 228.744442
26610.000000 228.297179 228.735567
26620.000000 228.271685 228.675432
26630.000000 228.244884 228.665635
26640.000000 228.217179 228.620526
26650.000000 228.189110 228.575072
26660.000000 228.159150 228.536329
26670.000000 228.127442 228.555930
26680.000000 228.094139 228.530987
26690.000000 228.059624 228.513398
26700.000000 228.025954 228.505216
26710.000000 227.993655 228.421250
26720.000000 227.959896 228.378704
26730.000000 227.926664 228.285362
26740.000000 227.893394 228.260455
26750.000000 227.859166 228.234580
26760.000000 227.825705 228.226551
26770.000000 227.791164 228.234503
26780.000000 227.755888 228.198993
26790.000000 227.722064 228.122278
26800.000000 227.691344 228.065780
26810.000000 227.661730 228.044498
26820.000000 227.631611 228.048254
26830.000000 227.600794 228.017225
26840.000000 227.570656 227.961349
26850.000000 227.541373 227.906362
26860.000000 227.511774 227.919076
26870.000000 227.481432 227.914019
26880.000000 227.451119 227.925965
26890.000000 227.420274 227.911865
26900.000000 227.387320 227.887147
26910.000000 227.352125 227.860175
26920.000000 227.315337 227.831597
26930.000000 227.278538 227.777568
26940.000000 227.240539 227.781668
26950.000000 227.201090 227.792760
26960.000000 227.161781 227.744659
26970.000000 227.120669 227.745555
26980.000000 227.078619 227.728548
26990.000000 227.035775 227.676881
27000.000000 226.990981 227.640177
27010.000000 226.945525 227.602800
27020.000000 226.899825 227.556724
27030.000000 226.854960 227.503045
27040.000000 226.810339 227.424317
27050.000000 226.767457 227.322106
27060.000000 226.727844 227.273771
27070.000000 226.689443 227.251906
27080.000000 226.652891 227.206645
27090.000000 226.616403 227.169862
27100.000000 226.579136 227.157508
27110.000000 226.542539 227.137403
27120.000000 226.507573 227.085334
27130.000000 226.473466 227.067709
27140.000000 226.440368 227.000761
27150.000000 226.408754 226.960481
27160.000000 226.378135 226.937960
27170.000000 226.348286 226.874347
27180.000000 226.319995 226.820703
27190.000000 226.291033 226.816574
27200.000000 226.261113 226.811464
27210.000000 226.229969 226.813465
27220.000000 226.198744 226.798652
27230.000000 226.168635 226.801647
27240.000000 226.138931 226.729893
27250.000000 226.108763 226.749486
27260.000000 226.074150 226.731221
27270.000000 226.038715 226.720456
27280.000000 226.004377 226.677429
27290.000000 225.971454 226.677485
27300.000000 225.936230 226.600260
27310.000000 225.902090 226.540818
27320.000000 225.870474 226.525507
27330.000000 225.838119 226.484507
27340.000000 225.805507 226.468179
27350.000000 225.770576 226.449511
27360.000000 225.735460 226.438944
27370.000000 225.699932 226.386453
27380.000000 225.662263 226.373297
27390.000000 225.625728 226.311520
27400.000000 225.590699 226.251286
27410.000000 225.556676 226.225200
27420.000000 225.524092 226.208823
27430.000000 225.490854 226.166964
27440.000000 225.458111 226.133876
27450.000000 225.424614 226.116556
27460.000000 225.392725 226.076057
27470.000000 225.359536 226.034265
27480.000000 225.327003 226.009638
27490.000000 225.293376 225.992151
27500.000000 225.260233 225.975136
27510.000000 225.226012 225.940546
27520.000000 225.191490 225.930361
27530.000000 225.155393 225.893877
27540.000000 225.117324 225.871871
27550.000000 225.079708 225.866757
27560.000000 225.043806 225.797557
27570.000000 225.006382 225.751518
27580.000000 224.970147 225.690261
27590.000000 224.935749 225.647286
27600.000000 224.901980 225.629553
27610.000000 224.867792 225.545818
27620.000000 224.835385 225.496689
27630.000000 224.803583 225.464554
27640.000000 224.771408 225.440224
27650.000000 224.737854 225.439038
27660.000000 224.701301 225.361252
27670.000000 224.665884 225.300993
27680.000000 224.633110 225.267896
27690.000000 224.599265 225.258200
27700.000000 224.566100 225.192086
27710.000000 224.533924 225.159593
27720.000000 224.504678 225.097467
27730.000000 224.475811 225.100866
27740.000000 224.446580 225.087601
27750.000000 224.415910 225.081014
27760.000000 224.384462 225.008586
27770.000000 224.353824 225.010138
27780.000000 224.323900 224.939285
27790.000000 224.294784 224.926098
27800.000000 224.265172 224.863730
27810.000000 224.236474 224.794216
27820.000000 224.209866 224.734947
27830.000000 224.183473 224.700211
27840.000000 224.156653 224.681232
27850.000000 224.130382 224.654711
27860.000000 224.103506 224.643747
27870.000000 224.077559 224.593309
27880.000000 224.052664 224.560099
27890.000000 224.025903 224.581519
27900.000000 223.997081 224.584705
27910.000000 223.966055 224.561453
27920.000000 223.934404 224.513378
27930.000000 223.902397 224.497198
27940.000000 223.868946 224.431229
27950.000000 223.837018 224.415118
27960.000000 223.804600 224.398502
27970.000000 223.773061 224.334499
27980.000000 223.741605 224.294727
27990.000000 223.710118 224.311166
28000.000000 223.677648 224.302491
28010.000000 223.645848 224.254321
28020.000000 223.613674 224.237891
28030.000000 223.582120 224.238114
28040.000000 223.549662 224.181271
28050.000000 223.516248 224.171580
28060.000000 223.483593 224.106555
28070.000000 223.454281 224.020918
28080.000000 223.426924 223.985292
28090.000000 223.401271 223.959376
28100.000000 223.376239 223.942072
28110.000000 223.351108 223.924661
28120.000000 223.326697 223.907966
28130.000000 223.301520 223.938387
28140.000000 223.273979 223.894582
28150.000000 223.245207 223.865509
28160.000000 223.217160 223.813254
28170.000000 223.189439 223.801178
28180.000000 223.161274 223.780681
28190.000000 223.130854 223.773837
28200.000000 223.098883 223.749502
28210.000000 223.066403 223.724650
28220.000000 223.035025 223.637308
28230.000000 223.004109 223.637868
28240.000000 222.972949 223.574637
28250.000000 222.941032 223.534486
28260.000000 222.907958 223.469399
28270.000000 222.875941 223.445026
28280.000000 222.845410 223.390457
28290.000000 222.814182 223.374790
28300.000000 222.782768 223.358924
28310.000000 222.753459 223.273985
28320.000000 222.729315 223.210099
28330.000000 222.706079 223.162961
28340.000000 222.683983 223.116991
28350.000000 222.664910 223.074076
28360.000000 222.646035 223.023507
28370.000000 222.629470 223.006781
28380.000000 222.612037 223.004928
28390.000000 222.593634 223.002092
28400.000000 222.573830 222.982107
28410.000000 222.554253 222.962350
28420.000000 222.534723 222.950500
28430.000000 222.516763 222.932360
28440.000000 222.499539 222.922810
28450.000000 222.482070 222.873764
28460.000000 222.464523 222.856048
28470.000000 222.446136 222.861016
28480.000000 222.424815 222.847348
28490.000000 222.403930 222.857624
28500.000000 222.383620 222.797946
28510.000000 222.365703 222.787679
28520.000000 222.346807 222.792079
28530.000000 222.329843 222.790574
28540.000000 222.312683 222.741934
28550.000000 222.294794 222.731675
28560.000000 222.276676 222.736812
28570.000000 222.257727 222.780172
28580.000000 222.235270 222.812181
28590.000000 222.209554 222.825265
28600.000000 222.178529 222.864266
28610.000000 222.144282 222.853112
28620.000000 222.110177 222.787413
28630.000000 222.079280 222.717170
28640.000000 222.050412 222.672402
28650.000000 222.022684 222.659966
28660.000000 221.993344 222.669277
28670.000000 221.961579 222.660548
28680.000000 221.928995 222.666559
28690.000000 221.895794 222.640775
28700.000000 221.862917 222.615310
28710.000000 221.829128 222.604483
28720.000000 221.792346 222.575079
28730.000000 221.755139 222.483068
28740.000000 221.719091 222.438883
28750.000000 221.681560 222.432026
28760.000000 221.641143 222.414490
28770.000000 221.598649 222.379334
28780.000000 221.556385 222.344402
28790.000000 221.511599 222.330182
28800.000000 221.465462 222.268097
28810.000000 221.418706 222.220892
28820.000000 221.372583 222.182059
28830.000000 221.325648 222.126938
28840.000000 221.276182 222.092472
28850.000000 221.226107 222.034204
28860.000000 221.177802 221.977722
28870.000000 221.129526 221.928993
28880.000000 221.081846 221.842317
28890.000000 221.036847 221.773790
28900.000000 220.992762 221.737000
28910.000000 220.950104 221.670861
28920.000000 220.909084 221.644835
28930.000000 220.866735 221.609775
28940.000000 220.824622 221.544220
28950.000000 220.782786 221.509674
28960.000000 220.739780 221.458603
28970.000000 220.696373 221.399471
28980.000000 220.652709 221.393744
28990.000000 220.610827 221.313166
29000.000000 220.569222 221.271186
29010.000000 220.525893 221.219826
29020.000000 220.482763 221.168675
29030.000000 220.439606 221.117507
29040.000000 220.397492 221.082666
29050.000000 220.356718 221.049161
29060.000000 220.316333 221.023670
29070.000000 220.274017 220.988600
29080.000000 220.232830 220.931789
29090.000000 220.193149 220.891741
29100.000000 220.154987 220.845604
29110.000000 220.116875 220.814743
29120.000000 220.078770 220.783883
29130.000000 220.041833 220.723781
29140.000000 220.006677 220.695878
29150.000000 219.972420 220.653684
29160.000000 219.936607 220.640295
29170.000000 219.901232 220.551470
29180.000000 219.866705 220.524197
29190.000000 219.833182 220.490347
29200.000000 219.799836 220.486970
29210.000000 219.764026 220.481099
29220.000000 219.728234 220.429807
29230.000000 219.693632 220.402419
29240.000000 219.660160 220.323239
29250.000000 219.626319 220.243754
29260.000000 219.594108 220.188602
29270.000000 219.563974 220.180812
29280.000000 219.533235 220.149774
29290.000000 219.504306 220.090412
29300.000000 219.474918 220.053214
29310.000000 219.446039 220.024062
29320.000000 219.416868 220.024712
29330.000000 219.387797 219.995353
29340.000000 219.358920 219.973707
29350.000000 219.330383 219.937365
29360.000000 219.301186 219.885350
29370.000000 219.273331 219.834707
29380.000000 219.246185 219.784800
29390.000000 219.218764 219.742138
29400.000000 219.189742 219.712868
29410.000000 219.160085 219.667988
29420.000000 219.129563 219.667157
29430.000000 219.098851 219.628706
29440.000000 219.069985 219.592113
29450.000000 219.040741 219.585044
29460.000000 219.013078 219.549655
29470.000000 218.986296 219.462904
29480.000000 218.960257 219.459027
29490.000000 218.933980 219.454897
29500.000000 218.906727 219.449772
29510.000000 218.879831 219.385362
29520.000000 218.853548 219.343951
29530.000000 218.826482 219.324101
29540.000000 218.798410 219.333007
29550.000000 218.768380 219.310161
29560.000000 218.738670 219.309944
29570.000000 218.709311 219.302622
29580.000000 218.678537 219.264130
29590.000000 218.646961 219.261991
29600.000000 218.615866 219.193471
29610.000000 218.587278 219.179455
29620.000000 218.557886 219.172042
29630.000000 218.528502 219.127534
29640.000000 218.499033 219.120021
29650.000000 218.469282 219.075156
29660.000000 218.440582 219.046171
29670.000000 218.411394 219.031503
29680.000000 218.379383 218.984394
29690.000000 218.349323 218.946651
29700.000000 218.319594 218.879690
29710.000000 218.291797 218.859018
29720.000000 218.263905 218.853011
29730.000000 218.236065 218.824898
29740.000000 218.207395 218.810706
29750.000000 218.178290 218.788692
29760.000000 218.150476 218.790085
29770.000000 218.122268 218.791061
29780.000000 218.093655 218.740033
29790.000000 218.066785 218.705502
29800.000000 218.039242 218.699745
29810.000000 218.009978 218.714325
29820.000000 217.979521 218.661463
29830.000000 217.948963 218.615877
29840.000000 217.920508 218.557723
29850.000000 217.891906 218.528824
29860.000000 217.863728 218.522369
29870.000000 217.832978 218.491305
29880.000000 217.801291 218.473969
29890.000000 217.768200 218.447881
29900.000000 217.732719 218.448705
29910.000000 217.698383 218.399363
29920.000000 217.666929 218.338290
29930.000000 217.636215 218.299940
29940.000000 217.606128 218.284165
29950.000000 217.576285 218.254001
29960.000000 217.546361 218.245680
29970.000000 217.516309 218.207992
29980.000000 217.487106 218.141969
29990.000000 217.458385 218.098354
30000.000000 217.428879 218.068547
30010.000000 217.400132 218.046789
30020.000000 217.369515 218.015865
30030.000000 217.339375 218.014545
30040.000000 217.308459 217.968751
30050.000000 217.276813 217.944063
30060.000000 217.243996 217.910922
30070.000000 217.210506 217.891644
30080.000000 217.177742 217.836757
30090.000000 217.146651 217.783572
30100.000000 217.114649 217.773032
30110.000000 217.082542 217.747863
30120.000000 217.049469 217.728968
30130.000000 217.015414 217.701829
30140.000000 216.981133 217.645479
30150.000000 216.948228 217.648457
30160.000000 216.914855 217.600267
30170.000000 216.881367 217.573680
30180.000000 216.848548 217.540525
30190.000000 216.814861 217.520958
30200.000000 216.781783 217.451418
30210.000000 216.749870 217.404747
30220.000000 216.719219 217.373786
30230.000000 216.689494 217.365390
30240.000000 216.659709 217.335288
30250.000000 216.629702 217.290553
30260.000000 216.602027 217.262574
30270.000000 216.573379 217.226422
30280.000000 216.542375 217.195108
30290.000000 216.511400 217.113498
30300.000000 216.481219 217.083033
30310.000000 216.450435 217.066327
30320.000000 216.420099 217.014168
30330.000000 216.389339 217.004651
30340.000000 216.358231 216.987595
30350.000000 216.327790 216.935352
30360.000000 216.298781 216.927556
30370.000000 216.269269 216.919241
30380.000000 216.237008 216.908153
30390.000000 216.201538 216.886669
30400.000000 216.165913 216.843549
30410.000000 216.129984 216.800132
30420.000000 216.093461 216.784721
30430.000000 216.058169 216.713365
30440.000000 216.024200 216.671938
30450.000000 215.992010 216.618032
30460.000000 215.961306 216.544255
30470.000000 215.932578 216.522383
30480.000000 215.903835 216.464882
30490.000000 215.873553 216.469928
30500.000000 215.842023 216.416769
30510.000000 215.810308 216.384781
30520.000000 215.779281 216.325055
30530.000000 215.747852 216.300470
30540.000000 215.717507 216.262767
30550.000000 215.686444 216.259834
30560.000000 215.655466 216.214397
30570.000000 215.623946 216.203884
30580.000000 215.592294 216.164869
30590.000000 215.561314 216.098204
30600.000000 215.532291 216.054776
30610.000000 215.504361 216.005386
30620.000000 215.478573 215.993516
30630.000000 215.452413 215.960057
30640.000000 215.424867 215.939344
30650.000000 215.397090 215.939581
30660.000000 215.368238 215.917539
30670.000000 215.338869 215.909089
30680.000000 215.308206 215.871104
30690.000000 215.278044 215.833627
30700.000000 215.246376 215.808744
30710.000000 215.214301 215.783447
30720.000000 215.179922 215.791049
30730.000000 215.143176 215.768082
30740.000000 215.106125 215.716644
30750.000000 215.068428 215.699744
30760.000000 215.030139 215.696301
30770.000000 214.990601 215.656424
30780.000000 214.951768 215.624281
30790.000000 214.911897 215.591089
30800.000000 214.872852 215.572764
30810.000000 214.832874 215.532428
30820.000000 214.793408 215.478577
30830.000000 214.754558 215.425361
30840.000000 214.716572 215.387037
30850.000000 214.678879 215.342007
30860.000000 214.640356 215.303150
30870.000000 214.601807 215.257272
30880.000000 214.564961 215.234083
30890.000000 214.526920 215.223662
30900.000000 214.488200 215.156648
30910.000000 214.448598 215.158600
30920.000000 214.408267 215.124886
30930.000000 214.369804 215.037233
30940.000000 214.332269 214.999364
30950.000000 214.294357 215.002929
30960.000000 214.254416 214.983526
30970.000000 214.214378 214.943117
30980.000000 214.175804 214.862421
30990.000000 214.137684 214.837865
31000.000000 214.100221 214.779200
31010.000000 214.064015 214.700987
31020.000000 214.029379 214.679925
31030.000000 213.992954 214.657056
31040.000000 213.958076 214.628790
31050.000000 213.923869 214.580395
31060.000000 213.889735 214.566733
31070.000000 213.854559 214.552009
31080.000000 213.817973 214.549707
31090.000000 213.779220 214.517508
31100.000000 213.738821 214.476732
31110.000000 213.697958 214.442406
31120.000000 213.658290 214.381621
31130.000000 213.619011 214.321252
31140.000000 213.581445 214.276432
31150.000000 213.543885 214.245427
31160.000000 213.507157 214.194559
31170.000000 213.470462 214.157525
31180.000000 213.433991 214.155168
31190.000000 213.398860 214.078364
31200.000000 213.365076 214.044255
31210.000000 213.331917 214.031411
31220.000000 213.297940 214.017730
31230.000000 213.263717 214.010664
31240.000000 213.228029 214.015860
31250.000000 213.190570 213.971137
31260.000000 213.153244 213.919687
31270.000000 213.115487 213.902144
31280.000000 213.076766 213.856165
31290.000000 213.037957 213.816964
31300.000000 213.001476 213.793811
31310.000000 212.966067 213.751164
31320.000000 212.931661 213.736928
31330.000000 212.894852 213.699722
31340.000000 212.855764 213.646543
31350.000000 212.816442 213.620500
31360.000000 212.776243 213.627757
31370.000000 212.734459 213.565028
31380.000000 212.692258 213.536059
31390.000000 212.649721 213.472600
31400.000000 212.607377 213.477604
31410.000000 212.562199 213.431963
31420.000000 212.517005 213.372669
31430.000000 212.473419 213.308192
31440.000000 212.431838 213.245753
31450.000000 212.391976 213.191870
31460.000000 212.353510 213.146202
31470.000000 212.313858 213.119745
31480.000000 212.273301 213.065188
31490.000000 212.233846 213.045706
31500.000000 212.193520 213.011756
31510.000000 212.152475 212.997434
31520.000000 212.111194 212.942155
31530.000000 212.069353 212.886329
31540.000000 212.026608 212.856708
31550.000000 211.983186 212.799311
31560.000000 211.939320 212.755016
31570.000000 211.895770 212.711038
31580.000000 211.851229 212.672827
31590.000000 211.807106 212.628273
31600.000000 211.762567 212.549538
31610.000000 211.720068 212.493137
31620.000000 211.677845 212.457258
31630.000000 211.635671 212.455131
31640.000000 211.592102 212.438095
31650.000000 211.548119 212.393667
31660.000000 211.505488 212.343864
31670.000000 211.462532 212.334127
31680.000000 211.418758 212.316815
31690.000000 211.374502 212.285541
31700.000000 211.330080 212.233915
31710.000000 211.285753 212.202554
31720.000000 211.241060 212.150659
31730.000000 211.196384 212.085365
31740.000000 211.152684 212.000955
31750.000000 211.108618 211.983258
31760.000000 211.062605 211.950179
31770.000000 211.017779 211.904884
31780.000000 210.973027 211.846277
31790.000000 210.927931 211.794028
31800.000000 210.883129 211.775517
31810.000000 210.837380 211.702559
31820.000000 210.790954 211.655669
31830.000000 210.745635 211.596542
31840.000000 210.701269 211.545058
31850.000000 210.658236 211.468256
31860.000000 210.615568 211.411846
31870.000000 210.573668 211.376195
31880.000000 210.531007 211.326465
31890.000000 210.490282 211.258737
31900.000000 210.450274 211.231632
31910.000000 210.410807 211.151923
31920.000000 210.370011 211.110751
31930.000000 210.328467 211.075461
31940.000000 210.286549 211.019899
31950.000000 210.244786 210.971135
31960.000000 210.203539 210.962635
31970.000000 210.161172 210.893395
31980.000000 210.116589 210.874894
31990.000000 210.070734 210.828636
32000.000000 210.023819 210.794536
32010.000000 209.976321 210.766448
32020.000000 209.929934 210.739458
32030.000000 209.884044 210.712949
32040.000000 209.838077 210.673143
32050.000000 209.792916 210.627540
32060.000000 209.747864 210.588642
32070.000000 209.702310 210.536051
32080.000000 209.654982 210.488274
32090.000000 209.609258 210.415775
32100.000000 209.563403 210.369492
32110.000000 209.518358 210.271432
32120.000000 209.477007 210.203426
32130.000000 209.438808 210.132054
32140.000000 209.400802 210.126503
32150.000000 209.361232 210.086570
32160.000000 209.321653 210.026967
32170.000000 209.283781 209.982199
32180.000000 209.245157 209.936682
32190.000000 209.207259 209.904986
32200.000000 209.168877 209.879338
32210.000000 209.129878 209.846522
32220.000000 209.089625 209.792841
32230.000000 209.049685 209.765609
32240.000000 209.009643 209.692574
32250.000000 208.970300 209.659413
32260.000000 208.932173 209.607909
32270.000000 208.893804 209.575721
32280.000000 208.855246 209.575906
32290.000000 208.814706 209.574079
32300.000000 208.771764 209.563303
32310.000000 208.727336 209.524970
32320.000000 208.683253 209.467460
32330.000000 208.638559 209.448366
32340.000000 208.592763 209.415142
32350.000000 208.546134 209.381069
32360.000000 208.499986 209.314995
32370.000000 208.453704 209.255300
32380.000000 208.406023 209.207187
32390.000000 208.358074 209.139361
32400.000000 208.310773 209.104596
32410.000000 208.264156 209.064031
32420.000000 208.216618 209.054901
32430.000000 208.168993 208.993884
32440.000000 208.121447 208.945895
32450.000000 208.074969 208.853746
32460.000000 208.027732 208.825463
32470.000000 207.977969 208.781718
32480.000000 207.927478 208.743686
32490.000000 207.875048 208.697247
32500.000000 207.822832 208.638126
32510.000000 207.772791 208.568314
32520.000000 207.722112 208.510759
32530.000000 207.672256 208.454038
32540.000000 207.621687 208.415896
32550.000000 207.570620 208.370815
32560.000000 207.518751 208.305655
32570.000000 207.466555 208.240183
32580.000000 207.415032 208.181815
32590.000000 207.363270 208.142447
32600.000000 207.312297 208.078229
32610.000000 207.260488 208.006787
32620.000000 207.208859 207.948345
32630.000000 207.157980 207.916240
32640.000000 207.107672 207.859124
32650.000000 207.058189 207.815618
32660.000000 207.007601 207.802928
32670.000000 206.955787 207.750670
32680.000000 206.903620 207.698058
32690.000000 206.852230 207.639852
32700.000000 206.799004 207.586181
32710.000000 206.747122 207.508388
32720.000000 206.695460 207.449938
32730.000000 206.644813 207.386157
32740.000000 206.594238 207.328818
32750.000000 206.546043 207.261173
32760.000000 206.497367 207.243850
32770.000000 206.448884 207.188617
32780.000000 206.399201 207.157557
32790.000000 206.347430 207.105364
32800.000000 206.294043 207.045213
32810.000000 206.240141 206.971891
32820.000000 206.187539 206.906226
32830.000000 206.134536 206.871789
32840.000000 206.082472 206.812993
32850.000000 206.030090 206.734940
32860.000000 205.978107 206.688875
32870.000000 205.926118 206.611261
32880.000000 205.876161 206.548322
32890.000000 205.827390 206.486590
32900.000000 205.779983 206.413655
32910.000000 205.732595 206.378508
32920.000000 205.685065 206.355784
32930.000000 205.638256 206.327477
32940.000000 205.591746 206.274318
32950.000000 205.545406 206.246456
32960.000000 205.497979 206.223766
32970.000000 205.449595 206.187543
32980.000000 205.400719 206.157087
32990.000000 205.350565 206.112788
33000.000000 205.301269 206.056810
33010.000000 205.251608 206.000474
33020.000000 205.201268 205.949722
33030.000000 205.150152 205.910707
33040.000000 205.099002 205.890409
33050.000000 205.045121 205.829828
33060.000000 204.992806 205.770827
33070.000000 204.941815 205.694431
33080.000000 204.891245 205.655927
33090.000000 204.839272 205.622239
33100.000000 204.785167 205.542757
33110.000000 204.730189 205.474888
33120.000000 204.675491 205.444668
33130.000000 204.619627 205.413255
33140.000000 204.563172 205.362561
33150.000000 204.506097 205.311239
33160.000000 204.448887 205.272204
33170.000000 204.391057 205.201470
33180.000000 204.332167 205.148308
33190.000000 204.273842 205.058489
33200.000000 204.218546 205.021341
33210.000000 204.164035 204.960177
33220.000000 204.111601 204.901105
33230.000000 204.060011 204.849077
33240.000000 204.008297 204.827855
33250.000000 203.956275 204.756828
33260.000000 203.903315 204.728137
33270.000000 203.849574 204.673929
33280.000000 203.795056 204.606597
33290.000000 203.739413 204.556656
33300.000000 203.680896 204.509991
33310.000000 203.620615 204.449214
33320.000000 203.560208 204.382153
33330.000000 203.500355 204.315656
33340.000000 203.440837 204.261806
33350.000000 203.381578 204.214357
33360.000000 203.323221 204.130933
33370.000000 203.264695 204.059653
33380.000000 203.206569 204.007197
33390.000000 203.148948 203.942976
33400.000000 203.091874 203.860930
33410.000000 203.036875 203.768759
33420.000000 202.981642 203.737580
33430.000000 202.926566 203.682072
33440.000000 202.872042 203.614895
33450.000000 202.819381 203.580144
33460.000000 202.768776 203.486391
33470.000000 202.718673 203.466398
33480.000000 202.667437 203.433045
33490.000000 202.615365 203.362262
33500.000000 202.562960 203.321623
33510.000000 202.509593 203.286096
33520.000000 202.454109 203.254515
33530.000000 202.396910 203.215104
33540.000000 202.339148 203.175110
33550.000000 202.281676 203.123229
33560.000000 202.223057 203.039814
33570.000000 202.164728 202.987077
33580.000000 202.105676 202.915404
33590.000000 202.048236 202.839304
33600.000000 201.990735 202.775282
33610.000000 201.932794 202.716882
33620.000000 201.875276 202.689167
33630.000000 201.817270 202.618586
33640.000000 201.759794 202.584827
33650.000000 201.703674 202.510103
33660.000000 201.649380 202.455352
33670.000000 201.594580 202.418200
33680.000000 201.539371 202.338392
33690.000000 201.483771 202.276305
33700.000000 201.428633 202.184576
33710.000000 201.375037 202.106482
33720.000000 201.322960 202.047984
33730.000000 201.270497 202.019160
33740.000000 201.216837 201.977095
33750.000000 201.162732 201.922560
33760.000000 201.109075 201.868474
33770.000000 201.055117 201.832084
33780.000000 201.000826 201.771356
33790.000000 200.945993 201.710092
33800.000000 200.892517 201.638221
33810.000000 200.840409 201.585697
33820.000000 200.788091 201.538946
33830.000000 200.734632 201.508979
33840.000000 200.679321 201.477132
33850.000000 200.622381 201.437654
33860.000000 200.564748 201.403433
33870.000000 200.505543 201.403444
33880.000000 200.447520 201.291185
33890.000000 200.388658 201.249715
33900.000000 200.330054 201.202525
33910.000000 200.271477 201.125564
33920.000000 200.213328 201.055009
33930.000000 200.155085 201.008170
33940.000000 200.096450 200.972820
33950.000000 200.037540 200.972848
33960.000000 199.979261 200.878363
33970.000000 199.920417 200.878389
33980.000000 199.862349 200.784137
33990.000000 199.803813 200.713193
34000.000000 199.746635 200.625848
34010.000000 199.689452 200.585925
34020.000000 199.634546 200.483152
34030.000000 199.581503 200.441464
34040.000000 199.528021 200.387498
34050.000000 199.474124 200.350843
34060.000000 199.419427 200.313368
34070.000000 199.363603 200.280650
34080.000000 199.306131 200.193137
34090.000000 199.250335 200.089667
34100.000000 199.197127 200.024207
34110.000000 199.145156 199.977663
34120.000000 199.094455 199.932390
34130.000000 199.043549 199.863382
34140.000000 198.995082 199.779219
34150.000000 198.947706 199.743169
34160.000000 198.900664 199.683968
34170.000000 198.854541 199.631568
34180.000000 198.807330 199.583944
34190.000000 198.759086 199.511851
34200.000000 198.711914 199.452571
34210.000000 198.664356 199.428024
34220.000000 198.615144 199.401796
34230.000000 198.565962 199.363883
34240.000000 198.515945 199.330967
34250.000000 198.466647 199.269544
34260.000000 198.418020 199.226323
34270.000000 198.368912 199.182614
34280.000000 198.319845 199.103948
34290.000000 198.270780 199.060287
34300.000000 198.221093 199.033475
34310.000000 198.171585 198.989349
34320.000000 198.123580 198.940907
34330.000000 198.074774 198.909115
34340.000000 198.024605 198.829418
34350.000000 197.976101 198.780481
34360.000000 197.928140 198.674035
34370.000000 197.882156 198.604459
34380.000000 197.837049 198.547384
34390.000000 197.791832 198.496005
34400.000000 197.747555 198.428210
34410.000000 197.704727 198.350331
34420.000000 197.661635 198.341598
34430.000000 197.618242 198.234306
34440.000000 197.576579 198.175017
34450.000000 197.534640 198.144315
34460.000000 197.492020 198.124455
34470.000000 197.448813 198.063632
34480.000000 197.405714 198.043267
34490.000000 197.361810 198.004795
34500.000000 197.318926 197.961584
34510.000000 197.276681 197.936278
34520.000000 197.233609 197.887118
34530.000000 197.191816 197.822004
34540.000000 197.151302 197.781179
34550.000000 197.110266 197.728345
34560.000000 197.068218 197.697463
34570.000000 197.026903 197.632894
34580.000000 196.985836 197.608721
34590.000000 196.943348 197.548730
34600.000000 196.901356 197.512160
34610.000000 196.858672 197.480613
34620.000000 196.814769 197.430670
34630.000000 196.771064 197.369499
34640.000000 196.728506 197.338066
34650.000000 196.684084 197.310467
34660.000000 196.639254 197.276732
34670.000000 196.593341 197.230486
34680.000000 196.546528 197.183337
34690.000000 196.500870 197.137347
34700.000000 196.455405 197.108647
34710.000000 196.409607 197.034031
34720.000000 196.366694 196.979418
34730.000000 196.327150 196.894077
34740.000000 196.289189 196.867211
34750.000000 196.250239 196.839341
34760.000000 196.210587 196.805079
34770.000000 196.170972 196.776526
34780.000000 196.131904 196.725814
34790.000000 196.092459 196.686079
34800.000000 196.053578 196.641242
34810.000000 196.016533 196.569933
34820.000000 195.980683 196.516843
34830.000000 195.946853 196.454487
34840.000000 195.913867 196.432575
34850.000000 195.880171 196.404291
34860.000000 195.845525 196.358106
34870.000000 195.811794 196.358015
34880.000000 195.777774 196.312455
34890.000000 195.745956 196.291679
34900.000000 195.713083 196.264197
34910.000000 195.679752 196.213705
34920.000000 195.646757 196.186101
34930.000000 195.612460 196.162816
34940.000000 195.578023 196.099983
34950.000000 195.543270 196.076238
34960.000000 195.506552 196.073010
34970.000000 195.468183 196.045612
34980.000000 195.429410 196.006559
34990.000000 195.389030 195.954661
35000.000000 195.350350 195.910093
35010.000000 195.312846 195.889155
35020.000000 195.275719 195.846145
35030.000000 195.238997 195.809152
35040.000000 195.201448 195.765727
35050.000000 195.163930 195.727939
35060.000000 195.126120 195.729050
35070.000000 195.087912 195.668165
35080.000000 195.050124 195.646881
35090.000000 195.012612 195.592310
35100.000000 194.976727 195.544977
35110.000000 194.940437 195.514004
35120.000000 194.904611 195.472326
35130.000000 194.868083 195.429951
35140.000000 194.831588 195.393190
35150.000000 194.794444 195.372502
35160.000000 194.756309 195.378676
35170.000000 194.716344 195.310550
35180.000000 194.676209 195.264556
35190.000000 194.634430 195.233613
35200.000000 194.590951 195.189828
35210.000000 194.546738 195.161989
35220.000000 194.502834 195.112213
35230.000000 194.459656 195.046512
35240.000000 194.417231 194.987142
35250.000000 194.376094 194.945722
35260.000000 194.334365 194.909253
35270.000000 194.292649 194.872792
35280.000000 194.251578 194.814818
35290.000000 194.210744 194.779241
35300.000000 194.169625 194.743373
35310.000000 194.129224 194.686100
35320.000000 194.089640 194.624140
35330.000000 194.051862 194.580584
35340.000000 194.014716 194.548706
35350.000000 193.978090 194.506311
35360.000000 193.942649 194.465109
35370.000000 193.907428 194.446182
35380.000000 193.872682 194.383639
35390.000000 193.838897 194.333104
35400.000000 193.807334 194.295817
35410.000000 193.777578 194.249350
35420.000000 193.747202 194.218767
35430.000000 193.716254 194.193104
35440.000000 193.685172 194.161810
35450.000000 193.656060 194.110536
35460.000000 193.628146 194.055001
35470.000000 193.602217 194.001487
35480.000000 193.577242 193.981827
35490.000000 193.552834 193.946300
35500.000000 193.528732 193.949411
35510.000000 193.504154 193.913715
35520.000000 193.481460 193.896328
35530.000000 193.458422 193.884062
35540.000000 193.435854 193.861323
35550.000000 193.413271 193.849500
35560.000000 193.389475 193.825528
35570.000000 193.366295 193.774873
35580.000000 193.342798 193.773042
35590.000000 193.317748 193.758728
35600.000000 193.291292 193.732087
35610.000000 193.263268 193.698423
35620.000000 193.236068 193.671039
35630.000000 193.209968 193.661101
35640.000000 193.183724 193.629223
35650.000000 193.158916 193.604233
35660.000000 193.134102 193.579237
35670.000000 193.109933 193.571204
35680.000000 193.084780 193.573053
35690.000000 193.059390 193.552899
35700.000000 193.032854 193.537027
35710.000000 193.004999 193.530692
35720.000000 192.973367 193.460811
35730.000000 192.941054 193.455419
35740.000000 192.906734 193.415437
35750.000000 192.872561 193.381032
35760.000000 192.837112 193.356189
35770.000000 192.803747 193.290079
35780.000000 192.773363 193.248653
35790.000000 192.743675 193.224170
35800.000000 192.712276 193.219612
35810.000000 192.680879 193.171765
35820.000000 192.650295 193.140965
35830.000000 192.619199 193.125865
35840.000000 192.588419 193.089461
35850.000000 192.555312 193.077726
35860.000000 192.522251 193.060624
35870.000000 192.488517 193.037439
35880.000000 192.454070 193.008135
35890.000000 192.418589 192.983182
35900.000000 192.383901 192.980582
35910.000000 192.347787 192.944189
35920.000000 192.311885 192.918785
35930.000000 192.276477 192.866940
35940.000000 192.241469 192.826279
35950.000000 192.205759 192.811816
35960.000000 192.169275 192.775048
35970.000000 192.131431 192.736915
35980.000000 192.093241 192.714555
35990.000000 192.054328 192.696829
36000.000000 192.014098 192.640179
36010.000000 191.974610 192.584291
36020.000000 191.936345 192.529649
36030.000000 191.898208 192.475152
36040.000000 191.861965 192.406512
36050.000000 191.827045 192.371342
36060.000000 191.789865 192.349952
36070.000000 191.753803 192.286897
36080.000000 191.718391 192.251238
36090.000000 191.683875 192.200457
36100.000000 191.648637 192.159643
36110.000000 191.612646 192.107411
36120.000000 191.576982 192.060856
36130.000000 191.541596 192.014591
36140.000000 191.506236 191.989663
36150.000000 191.469808 191.937041
36160.000000 191.432556 191.904888
36170.000000 191.394993 191.872420
36180.000000 191.357837 191.824409
36190.000000 191.318429 191.806026
36200.000000 191.278247 191.754986
36210.000000 191.237161 191.718973
36220.000000 191.196988 191.652043
36230.000000 191.158096 191.623535
36240.000000 191.119466 191.579383
36250.000000 191.081493 191.546489
36260.000000 191.043183 191.529136
36270.000000 191.003843 191.473685
36280.000000 190.964811 191.418559
36290.000000 190.926338 191.385156
36300.000000 190.886415 191.339727
36310.000000 190.847709 191.300803
36320.000000 190.808007 191.281998
36330.000000 190.768250 191.242012
36340.000000 190.727523 191.195779
36350.000000 190.684783 191.168621
36360.000000 190.640466 191.155682
36370.000000 190.593716 191.103395
36380.000000 190.546977 191.066923
36390.000000 190.501882 190.984723
36400.000000 190.457028 190.939623
36410.000000 190.411635 190.899238
36420.000000 190.366424 190.822260
36430.000000 190.320657 190.765759
36440.000000 190.275081 190.725200
36450.000000 190.228928 190.673572
36460.000000 190.183229 190.659092
36470.000000 190.137319 190.612937
36480.000000 190.091814 190.556714
36490.000000 190.046735 190.542804
36500.000000 189.999017 190.500059
36510.000000 189.950124 190.450898
36520.000000 189.901336 190.391390
36530.000000 189.853382 190.332731
36540.000000 189.806047 190.269484
36550.000000 189.759706 190.228120
36560.000000 189.712514 190.191113
36570.000000 189.665021 190.138157
36580.000000 189.617302 190.116241
36590.000000 189.569686 190.063154
36600.000000 189.521924 190.009928
36610.000000 189.474718 189.967669
36620.000000 189.427075 189.914567
36630.000000 189.379882 189.882711
36640.000000 189.332284 189.834849
36650.000000 189.283488 189.785786
36660.000000 189.234544 189.726197
36670.000000 189.186493 189.688259
36680.000000 189.138438 189.650308
36690.000000 189.090616 189.597035
36700.000000 189.042323 189.564011
36710.000000 188.993739 189.509975
36720.000000 188.943015 189.469319
36730.000000 188.891806 189.417824
36740.000000 188.840629 189.361192
36750.000000 188.789662 189.299612
36760.000000 188.740078 189.254917
36770.000000 188.691465 189.206031
36780.000000 188.642326 189.151461
36790.000000 188.593989 189.097701
36800.000000 188.545763 189.038908
36810.000000 188.498567 189.001750
36820.000000 188.451425 188.969783
36830.000000 188.403644 188.926874
36840.000000 188.355974 188.884070
36850.000000 188.307386 188.860900
36860.000000 188.258500 188.827133
36870.000000 188.209796 188.783263
36880.000000 188.161732 188.714366
36890.000000 188.114036 188.656121
36900.000000 188.068276 188.604957
36910.000000 188.022408 188.574183
36920.000000 187.975500 188.532109
36930.000000 187.928672 188.495229
36940.000000 187.880999 188.452376
36950.000000 187.833235 188.378744
36960.000000 187.784931 188.330151
36970.000000 187.737173 188.261678
36980.000000 187.690138 188.209266
36990.000000 187.643905 188.162764
37000.000000 187.598277 188.111771
37010.000000 187.553605 188.066838
37020.000000 187.509349 188.022322
37030.000000 187.466111 187.968647
37040.000000 187.422996 187.925280
37050.000000 187.379144 187.886259
37060.000000 187.334526 187.856631
37070.000000 187.288907 187.831069
37080.000000 187.242957 187.810237
37090.000000 187.196531 187.773673
37100.000000 187.148820 187.710434
37110.000000 187.100381 187.671842
37120.000000 187.052079 187.587755
37130.000000 187.003030 187.548552
37140.000000 186.953872 187.494041
37150.000000 186.904920 187.454922
37160.000000 186.855356 187.374721
37170.000000 186.806359 187.335556
37180.000000 186.756610 187.285523
37190.000000 186.707627 187.236258
37200.000000 186.657457 187.236279
37210.000000 186.607890 187.161175
37220.000000 186.557764 187.161185
37230.000000 186.509340 187.056996
37240.000000 186.459622 187.022094
37250.000000 186.409579 187.022107
37260.000000 186.361294 186.943297
37270.000000 186.315128 186.886770
37280.000000 186.270386 186.811578
37290.000000 186.227259 186.773203
37300.000000 186.185344 186.715958
37310.000000 186.143143 186.683530
37320.000000 186.100555 186.640672
37330.000000 186.057888 186.592724
37340.000000 186.015100 186.569713
37350.000000 185.971125 186.535476
37360.000000 185.927600 186.501682
37370.000000 185.881933 186.465730
37380.000000 185.835392 186.393876
37390.000000 185.789919 186.368114
37400.000000 185.744495 186.312399
37410.000000 185.699112 186.291700
37420.000000 185.654135 186.231443
37430.000000 185.609730 186.191734
37440.000000 185.564172 186.140891
37450.000000 185.517254 186.098657
37460.000000 185.470139 186.046257
37470.000000 185.423706 186.004505
37480.000000 185.375780 185.971206
37490.000000 185.327588 185.912750
37500.000000 185.280986 185.860872
37510.000000 185.235835 185.785614
37520.000000 185.191157 185.750587
37530.000000 185.147107 185.696329
37540.000000 185.103664 185.652610
37550.000000 185.060297 185.613925
37560.000000 185.016173 185.564567
37570.000000 184.972923 185.516090
37580.000000 184.931656 185.469607
37590.000000 184.892590 185.420390
37600.000000 184.853724 185.371383
37610.000000 184.815499 185.323030
37620.000000 184.777733 185.299843
37630.000000 184.737446 185.264240
37640.000000 184.696010 185.227481
37650.000000 184.654311 185.175655
37660.000000 184.613373 185.134463
37670.000000 184.571729 185.107347
37680.000000 184.529760 185.060187
37690.000000 184.487865 185.008185
37700.000000 184.445826 184.985572
37710.000000 184.403472 184.933113
37720.000000 184.362475 184.857454
37730.000000 184.322119 184.826682
37740.000000 184.281264 184.795401
37750.000000 184.239428 184.743497
37760.000000 184.198092 184.672489
37770.000000 184.158421 184.647294
37780.000000 184.119703 184.578952
37790.000000 184.081731 184.555451
37800.000000 184.043954 184.517451
37810.000000 184.007457 184.475843
37820.000000 183.970540 184.463157
37830.000000 183.932037 184.439086
37840.000000 183.893186 184.404880
37850.000000 183.853503 184.360067
37860.000000 183.813640 184.310197
37870.000000 183.773766 184.265205
37880.000000 183.733550 184.224751
37890.000000 183.692905 184.203366
37900.000000 183.651451 184.151917
37910.000000 183.610716 184.130419
37920.000000 183.569697 184.064808
37930.000000 183.529215 184.033816
37940.000000 183.489323 183.993681
37950.000000 183.447986 183.976403
37960.000000 183.406210 183.939227
37970.000000 183.364397 183.911725
37980.000000 183.322496 183.854988
37990.000000 183.279190 183.811416
38000.000000 183.235428 183.791639
38010.000000 183.192337 183.743423
38020.000000 183.148010 183.727898
38030.000000 183.102913 183.677660
38040.000000 183.057257 183.622025
38050.000000 183.011822 183.585980
38060.000000 182.966276 183.535303
38070.000000 182.920049 183.483947
38080.000000 182.875102 183.458044
38090.000000 182.831249 183.404237
38100.000000 182.788788 183.347010
38110.000000 182.747406 183.271589
38120.000000 182.708545 183.227658
38130.000000 182.670618 183.184669
38140.000000 182.632407 183.151031
38150.000000 182.593627 183.121632
38160.000000 182.556327 183.064840
38170.000000 182.519056 183.008100
38180.000000 182.482921 182.957326
38190.000000 182.447750 182.917136
38200.000000 182.412758 182.881931
38210.000000 182.379164 182.848128
38220.000000 182.347372 182.787363
38230.000000 182.316113 182.770290
38240.000000 182.283067 182.741833
38250.000000 182.249698 182.708260
38260.000000 182.216320 182.669891
38270.000000 182.183940 182.637312
38280.000000 182.152395 182.572101
38290.000000 182.121723 182.531692
38300.000000 182.092033 182.492277
38310.000000 182.061417 182.480585
38320.000000 182.029345 182.453101
38330.000000 181.996104 182.419672
38340.000000 181.961990 182.380599
38350.000000 181.927409 182.345830
38360.000000 181.893107 182.311340
38370.000000 181.859565 182.296659
38380.000000 181.826707 182.258847
38390.000000 181.794706 182.221900
38400.000000 181.761767 182.188772
38410.000000 181.729522 182.146833
38420.000000 181.695922 182.160569
38430.000000 181.661858 182.097793
38440.000000 181.629213 182.041221
38450.000000 181.597437 182.032990
38460.000000 181.565851 182.001215
38470.000000 181.534812 181.965247
38480.000000 181.504122 181.934372
38490.000000 181.474326 181.904393
38500.000000 181.445226 181.860908
38510.000000 181.416947 181.846655
38520.000000 181.388955 181.818485
38530.000000 181.360819 181.799630
38540.000000 181.332596 181.761768
38550.000000 181.304365 181.756989
38560.000000 181.274605 181.736487
38570.000000 181.245135 181.697377
38580.000000 181.214374 181.690027
38590.000000 181.182483 181.662649
38600.000000 181.150462 181.630418
38610.000000 181.118626 181.607806
38620.000000 181.084548 181.578222
38630.000000 181.048206 181.565219
38640.000000 181.010114 181.522172
38650.000000 180.972395 181.484214
38660.000000 180.935076 181.451363
38670.000000 180.898394 181.428557
38680.000000 180.861163 181.405191
38690.000000 180.824713 181.330884
38700.000000 180.789691 181.300330
38710.000000 180.755564 181.265974
38720.000000 180.722300 181.241873
38730.000000 180.689105 181.213140
38740.000000 180.657172 181.185669
38750.000000 180.626888 181.127032
38760.000000 180.597088 181.097021
38770.000000 180.567402 181.071807
38780.000000 180.536428 181.064025
38790.000000 180.506263 180.996199
38800.000000 180.477638 180.962693
38810.000000 180.449569 180.939098
38820.000000 180.421805 180.920478
38830.000000 180.393524 180.891991
38840.000000 180.365183 180.858773
38850.000000 180.336223 180.843609
38860.000000 180.308066 180.819908
38870.000000 180.281400 180.765052
38880.000000 180.255839 180.757944
38890.000000 180.229154 180.735716
38900.000000 180.202334 180.699373
38910.000000 180.175781 180.672619
38920.000000 180.148740 180.640721
38930.000000 180.121334 180.608462
38940.000000 180.093229 180.575505
38950.000000 180.064566 180.528053
38960.000000 180.037622 180.491631
38970.000000 180.011010 180.464835
38980.000000 179.985207 180.429569
38990.000000 179.961346 180.386983
39000.000000 179.936726 180.376104
39010.000000 179.912338 180.337641
39020.000000 179.887901 180.326934
39030.000000 179.862171 180.319554
39040.000000 179.835950 180.274631
39050.000000 179.810386 180.258146
39060.000000 179.784297 180.231877
39070.000000 179.757440 180.218711
39080.000000 179.729969 180.204921
39090.000000 179.702336 180.167850
39100.000000 179.675181 180.131267
39110.000000 179.648627 180.090681
39120.000000 179.622348 180.082682
39130.000000 179.596106 180.037804
39140.000000 179.570994 180.021738
39150.000000 179.545662 180.005446
39160.000000 179.520288 179.979889
39170.000000 179.495536 179.950350
39180.000000 179.471172 179.925808
39190.000000 179.447545 179.892802
39200.000000 179.424884 179.879171
39210.000000 179.401803 179.832925
39220.000000 179.379077 179.814630
39230.000000 179.355346 179.813704
39240.000000 179.330806 179.798172
39250.000000 179.306423 179.778197
39260.000000 179.282542 179.763315
39270.000000 179.258959 179.730368
39280.000000 179.235199 179.711012
39290.000000 179.212371 179.678832
39300.000000 179.189565 179.651264
39310.000000 179.166528 179.628050
39320.000000 179.144160 179.591769
39330.000000 179.121821 179.578415
39340.000000 179.099784 179.547054
39350.000000 179.077843 179.534092
39360.000000 179.056491 179.521715
39370.000000 179.035829 179.500881
39380.000000 179.016079 179.508383
39390.000000 178.996305 179.479291
39400.000000 178.977857 179.451537
39410.000000 178.960088 179.410777
39420.000000 178.942543 179.379388
39430.000000 178.925868 179.353442
39440.000000 178.909459 179.332327
39450.000000 178.892209 179.342269
39460.000000 178.874745 179.324647
39470.000000 178.857280 179.316133
39480.000000 178.840149 179.312502
39490.000000 178.821448 179.298184
39500.000000 178.802600 179.256414
39510.000000 178.785201 179.257049
39520.000000 178.768234 179.271756
39530.000000 178.750322 179.258213
39540.000000 178.731046 179.261486
39550.000000 178.710532 179.245322
39560.000000 178.690194 179.233876
39570.000000 178.669073 179.203468
39580.000000 178.649290 179.188031
39590.000000 178.629714 179.186418
39600.000000 178.609055 179.174631
39610.000000 178.587252 179.148079
39620.000000 178.565754 179.149051
39630.000000 178.542980 179.130590
39640.000000 178.520179 179.103032
39650.000000 178.496843 179.070410
39660.000000 178.473083 179.060017
39670.000000 178.449215 179.031395
39680.000000 178.426097 178.999002
39690.000000 178.403998 178.958594
39700.000000 178.382219 178.954693
39710.000000 178.360195 178.950538
39720.000000 178.337999 178.919080
39730.000000 178.316558 178.879355
39740.000000 178.294434 178.861534
39750.000000 178.271165 178.833535
39760.000000 178.249482 178.793598
39770.000000 178.227793 178.798762
39780.000000 178.206040 178.781304
39790.000000 178.184528 178.755071
39800.000000 178.163221 178.742563
39810.000000 178.141585 178.707200
39820.000000 178.120929 178.695339
39830.000000 178.100320 178.670018
39840.000000 178.081241 178.659732
39850.000000 178.061082 178.652856
39860.000000 178.041874 178.633435
39870.000000 178.022033 178.622369
39880.000000 178.001509 178.592638
39890.000000 177.980366 178.584751
39900.000000 177.959167 178.563328
39910.000000 177.938348 178.524334
39920.000000 177.918264 178.504037
39930.000000 177.897862 178.496875
39940.000000 177.878029 178.481309
39950.000000 177.857677 178.451772
39960.000000 177.838494 178.441337
39970.000000 177.818029 178.420650
39980.000000 177.797586 178.399987
39990.000000 177.776246 178.369473
40000.000000 177.754640 178.361068
40010.000000 177.732768 178.338968
40020.000000 177.710341 178.329727
40030.000000 177.688055 178.302739
40040.000000 177.666861 178.272382
40050.000000 177.646384 178.247217
40060.000000 177.626130 178.208890
40070.000000 177.607069 178.185159
40080.000000 177.589070 178.135744
40090.000000 177.570340 178.121276
40100.000000 177.551471 178.097756
40110.000000 177.532514 178.091965
40120.000000 177.513678 178.072930
40130.000000 177.493953 178.044102
40140.000000 177.475328 178.029730
40150.000000 177.457970 177.998838
40160.000000 177.441371 177.964274
40170.000000 177.425856 177.939697
40180.000000 177.410885 177.928996
40190.000000 177.396123 177.891865
40200.000000 177.382838 177.865109
40210.000000 177.368777 177.864196
40220.000000 177.353368 177.830885
40230.000000 177.336766 177.818552
40240.000000 177.318816 177.818156
40250.000000 177.299861 177.812314
40260.000000 177.280150 177.796847
40270.000000 177.260525 177.768182
40280.000000 177.241532 177.744583
40290.000000 177.222872 177.730169
40300.000000 177.205193 177.725581
40310.000000 177.186658 177.711284
40320.000000 177.168315 177.688335
40330.000000 177.150819 177.644152
40340.000000 177.134554 177.627720
40350.000000 177.120328 177.617746
40360.000000 177.106307 177.581500
40370.000000 177.093717 177.559938
40380.000000 177.082246 177.574776
40390.000000 177.070475 177.518777
40400.000000 177.059512 177.512080
40410.000000 177.048749 177.492370
40420.000000 177.037841 177.472521
40430.000000 177.027592 177.484142
40440.000000 177.015251 177.467257
40450.000000 177.002977 177.450442
40460.000000 176.990702 177.438024
40470.000000 176.978424 177.434396
40480.000000 176.966417 177.422245
40490.000000 176.955521 177.398030
40500.000000 176.945748 177.388123
40510.000000 176.935498 177.382128
40520.000000 176.925804 177.363523
40530.000000 176.915910 177.384208
40540.000000 176.904953 177.364333
40550.000000 176.893680 177.361688
40560.000000 176.881254 177.322812
40570.000000 176.868925 177.310343
40580.000000 176.856979 177.280740
40590.000000 176.844547 177.281308
40600.000000 176.830967 177.285096
40610.000000 176.815759 177.287245
40620.000000 176.800483 177.271812
40630.000000 176.785055 177.247477
40640.000000 176.769422 177.240435
40650.000000 176.753902 177.207273
40660.000000 176.739339 177.183824
40670.000000 176.725273 177.160879
40680.000000 176.712115 177.143216
40690.000000 176.698029 177.142081
40700.000000 176.682824 177.144183
40710.000000 176.667523 177.128727
40720.000000 176.652123 177.130620
40730.000000 176.635561 177.140061
40740.000000 176.617621 177.139386
40750.000000 176.599317 177.116541
40760.000000 176.580678 177.093363
40770.000000 176.562737 177.088312
40780.000000 176.545279 177.057608
40790.000000 176.528730 177.053945
40800.000000 176.512794 177.007373
40810.000000 176.498183 177.018699
40820.000000 176.482439 177.002781
40830.000000 176.466346 176.995208
40840.000000 176.449883 176.965527
40850.000000 176.433808 176.966657
40860.000000 176.417113 176.954125
40870.000000 176.399879 176.945392
40880.000000 176.381491 176.931155
40890.000000 176.363959 176.896075
40900.000000 176.347337 176.874934
40910.000000 176.331487 176.845901
40920.000000 176.316061 176.825970
40930.000000 176.301371 176.806780
40940.000000 176.287537 176.784122
40950.000000 176.275368 176.741500
40960.000000 176.263900 176.738540
40970.000000 176.252028 176.730845
40980.000000 176.236203 176.732157
40990.000000 176.219762 176.702579
41000.000000 176.203470 176.690446
41010.000000 176.188852 176.667029
41020.000000 176.173783 176.660439
41030.000000 176.158481 176.640659
41040.000000 176.143822 176.625841
41050.000000 176.128981 176.610842
41060.000000 176.114555 176.596259
41070.000000 176.099553 176.598345
41080.000000 176.084572 176.561649
41090.000000 176.070790 176.543406
41100.000000 176.058493 176.509430
41110.000000 176.046900 176.497697
41120.000000 176.035727 176.486385
41130.000000 176.023616 176.499947
41140.000000 176.010908 176.482787
41150.000000 175.996927 176.481555
41160.000000 175.983734 176.468207
41170.000000 175.970637 176.442063
41180.000000 175.957500 176.445962
41190.000000 175.944081 176.423796
41200.000000 175.930734 176.427472
41210.000000 175.917284 176.400985
41220.000000 175.904323 176.383579
41230.000000 175.891972 176.379657
41240.000000 175.879426 176.349806
41250.000000 175.866902 176.337135
41260.000000 175.854784 176.329155
41270.000000 175.842584 176.308239
41280.000000 175.831808 176.297321
41290.000000 175.821181 176.277992
41300.000000 175.811089 176.293442
41310.000000 175.799798 176.273445
41320.000000 175.789079 176.271138
41330.000000 175.778898 176.265087
41340.000000 175.768334 176.258652
41350.000000 175.757833 176.252277
41360.000000 175.746925 176.245492
41370.000000 175.735717 176.246948
41380.000000 175.724857 176.223119
41390.000000 175.715594 176.205171
41400.000000 175.707024 176.179389
41410.000000 175.698352 176.191910
41420.000000 175.687975 176.185651
41430.000000 175.677443 176.192028
41440.000000 175.667921 176.178089
41450.000000 175.658977 176.177521
41460.000000 175.650265 176.160135
41470.000000 175.641641 176.164144
41480.000000 175.632921 176.172311
41490.000000 175.622426 176.182950
41500.000000 175.610936 176.179806
41510.000000 175.598863 176.167556
41520.000000 175.587551 176.160327
41530.000000 175.575822 176.156932
41540.000000 175.564140 176.153580
41550.000000 175.551435 176.136437
41560.000000 175.539510 176.120079
41570.000000 175.529121 176.096765
41580.000000 175.519408 176.074139
41590.000000 175.510411 176.081968
41600.000000 175.502785 176.040216
41610.000000 175.497406 176.026204
41620.000000 175.492804 176.029945
41630.000000 175.488821 176.047029
41640.000000 175.484552 176.038371
41650.000000 175.480285 176.042437
41660.000000 175.476443 176.021493
41670.000000 175.474005 176.014679
41680.000000 175.472511 176.013050
41690.000000 175.471700 176.007872
41700.000000 175.471790 175.995133
41710.000000 175.471644 176.011791
41720.000000 175.471874 175.999197
41730.000000 175.472469 175.995437
41740.000000 175.472544 175.995386
41750.000000 175.472813 176.003986
41760.000000 175.473098 175.978785
41770.000000 175.475048 175.955270
41780.000000 175.478503 175.962843
41790.000000 175.482962 175.933426
41800.000000 175.488981 175.939353
41810.000000 175.494009 175.956943
41820.000000 175.499679 175.949861
41830.000000 175.505359 175.963883
41840.000000 175.510947 175.965159
41850.000000 175.517255 175.958728
41860.000000 175.523592 175.956548
41870.000000 175.529968 175.967049
41880.000000 175.537026 175.948750
41890.000000 175.544461 175.960314
41900.000000 175.552205 175.980606
41910.000000 175.561122 175.972607
41920.000000 175.569730 175.981136
41930.000000 175.578696 175.981612
41940.000000 175.587610 175.990449
41950.000000 175.596058 176.011436
41960.000000 175.603838 176.023341
41970.000000 175.611319 176.051763
41980.000000 175.618760 176.050709
41990.000000 175.626707 176.054369
42000.000000 175.634500 176.070484
42010.000000 175.641426 176.060518
42020.000000 175.648352 176.042164
42030.000000 175.656220 176.028967
42040.000000 175.664906 176.054370
42050.000000 175.673491 176.067078
42060.000000 175.683491 176.043446
42070.000000 175.694002 176.058087
42080.000000 175.703708 176.084499
42090.000000 175.712607 176.084942
42100.000000 175.721787 176.081479
42110.000000 175.731286 176.086721
42120.000000 175.741557 176.067608
42130.000000 175.753017 176.074825
42140.000000 175.765420 176.074616
42150.000000 175.778331 176.049819
42160.000000 175.792619 176.051518
42170.000000 175.806777 176.069817
42180.000000 175.820933 176.083931
42190.000000 175.835356 176.106675
42200.000000 175.850613 176.105173
42210.000000 175.866675 176.121197
42220.000000 175.883547 176.146390
42230.000000 175.899989 176.179506
42240.000000 175.916234 176.199890
42250.000000 175.931297 176.235799
42260.000000 175.945978 176.237901
42270.000000 175.962301 176.233300
42280.000000 175.978153 176.261639
42290.000000 175.995066 176.265988
42300.000000 176.013474 176.280186
42310.000000 176.032834 176.316207
42320.000000 176.052149 176.335486
42330.000000 176.071714 176.342497
42340.000000 176.092172 176.350408
42350.000000 176.112738 176.387627
42360.000000 176.133368 176.399883
42370.000000 176.154584 176.425239
42380.000000 176.176594 176.422203
42390.000000 176.198785 176.440199
42400.000000 176.219862 176.452913
42410.000000 176.241831 176.470690
42420.000000 176.264955 176.497955
42430.000000 176.289068 176.522045
42440.000000 176.312760 176.549879
42450.000000 176.335873 176.560473
42460.000000 176.358633 176.583209
42470.000000 176.380359 176.584094
42480.000000 176.404428 176.595656
42490.000000 176.426219 176.625749
42500.000000 176.447114 176.642459
42510.000000 176.469120 176.668605
42520.000000 176.490206 176.702149
42530.000000 176.510193 176.730430
42540.000000 176.530186 176.721281
42550.000000 176.550667 176.737581
42560.000000 176.571723 176.766931
42570.000000 176.593262 176.800922
42580.000000 176.614731 176.834840
42590.000000 176.635815 176.868372
42600.000000 176.656801 176.889332
42610.000000 176.677554 176.914215
42620.000000 176.697963 176.951225
42630.000000 176.717177 176.987037
42640.000000 176.734747 177.021202
42650.000000 176.751196 177.016825
42660.000000 176.769214 177.022340
42670.000000 176.787800 177.024275
42680.000000 176.805613 177.037902
42690.000000 176.823415 177.055674
42700.000000 176.841100 177.077480
42710.000000 176.859281 177.099782
42720.000000 176.877648 177.130573
42730.000000 176.894260 177.147149
42740.000000 176.909787 177.162640
42750.000000 176.924604 177.169118
42760.000000 176.939414 177.188041
42770.000000 176.953673 177.214710
42780.000000 176.966686 177.219383
42790.000000 176.979714 177.236519
42800.000000 176.992265 177.265618
42810.000000 177.004514 177.277823
42820.000000 177.017303 177.298861
42830.000000 177.030630 177.328731
42840.000000 177.042068 177.356707
42850.000000 177.051924 177.362360
42860.000000 177.061677 177.376203
42870.000000 177.070718 177.381042
42880.000000 177.079100 177.393511
42890.000000 177.086999 177.405494
42900.000000 177.094725 177.433876
42910.000000 177.101040 177.452554
42920.000000 177.107617 177.450777
42930.000000 177.114816 177.466193
42940.000000 177.121557 177.485290
42950.000000 177.127863 177.491524
42960.000000 177.134060 177.489369
42970.000000 177.140058 177.503574
42980.000000 177.146443 177.518165
42990.000000 177.153043 177.504005
43000.000000 177.160898 177.499386
43010.000000 177.169172 177.520002
43020.000000 177.176499 177.518993
43030.000000 177.184132 177.514161
43040.000000 177.192110 177.534475
43050.000000 177.200564 177.509814
43060.000000 177.211336 177.520533
43070.000000 177.223144 177.519903
43080.000000 177.235862 177.540830
43090.000000 177.248685 177.545349
43100.000000 177.262809 177.547049
43110.000000 177.277036 177.569484
43120.000000 177.289970 177.582371
43130.000000 177.302459 177.594813
43140.000000 177.313876 177.602057
43150.000000 177.325454 177.634205
43160.000000 177.336675 177.649496
43170.000000 177.348398 177.648801
43180.000000 177.360420 177.673138
43190.000000 177.371517 177.684182
43200.000000 177.383934 177.684187
43210.000000 177.396922 177.693008
43220.000000 177.408761 177.725393
43230.000000 177.420029 177.716017
43240.000000 177.430793 177.730848
43250.000000 177.442246 177.762835
43260.000000 177.453110 177.798349
43270.000000 177.462773 177.812068
43280.000000 177.470823 177.844758
43290.000000 177.478569 177.840083
43300.000000 177.486808 177.864719
43310.000000 177.495446 177.873288
43320.000000 177.504228 177.882001
43330.000000 177.511873 177.897804
43340.000000 177.519109 177.884400
43350.000000 177.526342 177.912126
43360.000000 177.534033 177.915633
43370.000000 177.541070 177.922597
43380.000000 177.549323 177.922558
43390.000000 177.557307 177.922255
43400.000000 177.565705 177.955239
43410.000000 177.573156 177.970834
43420.000000 177.580885 177.978488
43430.000000 177.589139 177.949709
43440.000000 177.598359 177.967076
43450.000000 177.608245 177.968688
43460.000000 177.618435 177.978816
43470.000000 177.627961 177.980073
43480.000000 177.638004 177.985953
43490.000000 177.647364 178.015757
43500.000000 177.656845 178.008770
43510.000000 177.667615 178.015381
43520.000000 177.677494 178.033397
43530.000000 177.685560 178.037299
43540.000000 177.693834 178.033218
43550.000000 177.702334 178.058041
43560.000000 177.710660 178.062206
43570.000000 177.719359 178.062652
43580.000000 177.728430 178.059380
43590.000000 177.736832 178.047260
43600.000000 177.746234 178.056608
43610.000000 177.755821 178.037513
43620.000000 177.767838 178.037221
43630.000000 177.780742 178.054169
43640.000000 177.794013 178.055138
43650.000000 177.808031 178.056862
43660.000000 177.821127 178.102599
43670.000000 177.833665 178.115092
43680.000000 177.845859 178.131326
43690.000000 177.858333 178.147839
43700.000000 177.870995 178.160455
43710.000000 177.884115 178.161282
43720.000000 177.898256 178.179463
43730.000000 177.911286 178.200613
43740.000000 177.924731 178.205851
43750.000000 177.938126 178.219203
43760.000000 177.951379 178.232412
43770.000000 177.965162 178.237996
43780.000000 177.979830 178.252624
43790.000000 177.994623 178.238842
43800.000000 178.010516 178.250625
43810.000000 178.026113 178.253966
43820.000000 178.042062 178.269883
43830.000000 178.057599 178.289461
43840.000000 178.072810 178.288350
43850.000000 178.089022 178.292320
43860.000000 178.105758 178.300889
43870.000000 178.123815 178.322990
43880.000000 178.140963 178.360458
43890.000000 178.156819 178.380353
43900.000000 178.173340 178.400913
43910.000000 178.191064 178.418608
43920.000000 178.209376 178.436891
43930.000000 178.227392 178.483355
43940.000000 178.243918 178.503914
43950.000000 178.261066 178.521028
43960.000000 178.277148 178.528940
43970.000000 178.294211 178.529706
43980.000000 178.311724 178.551254
43990.000000 178.328271 178.584029
44000.000000 178.344973 178.596632
44010.000000 178.362211 178.601645
44020.000000 178.378561 178.642344
44030.000000 178.394270 178.645827
44040.000000 178.410724 178.682562
44050.000000 178.427850 178.691526
44060.000000 178.445726 178.697183
44070.000000 178.464496 178.699681
44080.000000 178.482950 178.726225
44090.000000 178.500704 178.731770
44100.000000 178.518151 178.753246
44110.000000 178.536159 178.779341
44120.000000 178.554345 178.793439
44130.000000 178.572625 178.823862
44140.000000 178.591298 178.834390
44150.000000 178.611121 178.837960
44160.000000 178.630448 178.857260
44170.000000 178.649478 178.880318
44180.000000 178.669593 178.912571
44190.000000 178.690566 178.937571
44200.000000 178.711321 178.966409
44210.000000 178.732520 178.971364
44220.000000 178.752691 179.003668
44230.000000 178.771308 179.026308
44240.000000 178.790531 179.045500
44250.000000 178.810148 179.069141
44260.000000 178.829095 179.096161
44270.000000 178.846423 179.129664
44280.000000 178.864092 179.122987
44290.000000 178.882719 179.133482
44300.000000 178.902165 179.148848
44310.000000 178.922209 179.176963
44320.000000 178.940910 179.199683
44330.000000 178.959354 179.218094
44340.000000 178.979457 179.230072
44350.000000 179.001187 179.239634
44360.000000 179.024411 179.242605
44370.000000 179.047096 179.257178
44380.000000 179.069322 179.283428
44390.000000 179.089982 179.291933
44400.000000 179.111438 179.309325
44410.000000 179.133847 179.327671
44420.000000 179.155353 179.369369
44430.000000 179.175268 179.397344
44440.000000 179.194470 179.408436
44450.000000 179.213970 179.440036
44460.000000 179.233474 179.451431
44470.000000 179.253799 179.483855
44480.000000 179.273114 179.503143
44490.000000 179.293008 179.502811
44500.000000 179.313506 179.535404
44510.000000 179.333222 179.575291
44520.000000 179.353360 179.595403
44530.000000 179.373459 179.607397
44540.000000 179.394499 179.636488
44550.000000 179.416083 179.637858
44560.000000 179.438207 179.668033
44570.000000 179.461421 179.679116
44580.000000 179.483165 179.729093
44590.000000 179.503787 179.737579
44600.000000 179.526291 179.751989
44610.000000 179.549368 179.766975
44620.000000 179.572815 179.782333
44630.000000 179.595283 179.833019
44640.000000 179.616946 179.870796
44650.000000 179.638140 179.887928
44660.000000 179.659041 179.920905
44670.000000 179.679160 179.945029
44680.000000 179.699406 179.961212
44690.000000 179.718114 179.991988
44700.000000 179.736390 180.014264
44710.000000 179.753855 180.035727
44720.000000 179.769320 180.059219
44730.000000 179.785493 180.059225
44740.000000 179.802351 180.072016
44750.000000 179.819576 180.093237
44760.000000 179.837790 180.115448
44770.000000 179.856134 180.145848
44780.000000 179.873622 180.191512
44790.000000 179.889564 180.215473
44800.000000 179.905134 180.235028
44810.000000 179.920895 180.246715
44820.000000 179.936794 180.254512
44830.000000 179.953768 180.251306
44840.000000 179.971481 180.268982
44850.000000 179.988998 180.278408
44860.000000 180.006652 180.271876
44870.000000 180.024503 180.281646
44880.000000 180.041671 180.318899
44890.000000 180.057119 180.346380
44900.000000 180.070724 180.380062
44910.000000 180.083962 180.393253
44920.000000 180.096349 180.405593
44930.000000 180.108671 180.413845
44940.000000 180.120784 180.409826
44950.000000 180.133489 180.430527
44960.000000 180.145088 180.462182
44970.000000 180.156314 180.477377
44980.000000 180.167163 180.488174
44990.000000 180.178750 180.495691
45000.000000 180.191078 180.495916
45010.000000 180.203682 180.500439
45020.000000 180.216429 180.525191
45030.000000 180.228848 180.537562
45040.000000 180.241402 180.550069
45050.000000 180.254812 180.559418
45060.000000 180.267017 180.583620
45070.000000 180.278712 180.591251
45080.000000 180.290601 180.595065
45090.000000 180.302894 180.607311
45100.000000 180.315126 180.615484
45110.000000 180.326221 180.634553
45120.000000 180.336775 180.657089
45130.000000 180.347965 180.664217
45140.000000 180.359108 180.667291
45150.000000 180.370878 180.675004
45160.000000 180.382821 180.662856
45170.000000 180.394514 180.694539
45180.000000 180.405931 180.697895
45190.000000 180.417115 180.717044
45200.000000 180.428178 180.736070
45210.000000 180.437717 180.761577
45220.000000 180.446903 180.790733
45230.000000 180.455900 180.791662
45240.000000 180.464940 180.816661
45250.000000 180.474190 180.813840
45260.000000 180.483773 180.827369
45270.000000 180.492698 180.860251
45280.000000 180.501598 180.901115
45290.000000 180.507650 180.895083
45300.000000 180.515198 180.902561
45310.000000 180.522939 180.910233
45320.000000 180.531092 180.894318
45330.000000 180.541127 180.884300
45340.000000 180.551966 180.883093
45350.000000 180.563180 180.902247
45360.000000 180.573418 180.920422
45370.000000 180.581559 180.940488
45380.000000 180.590158 180.909081
45390.000000 180.599577 180.934419
45400.000000 180.608094 180.942878
45410.000000 180.614943 180.949666
45420.000000 180.622202 180.952874
45430.000000 180.629260 180.967852
45440.000000 180.635271 180.981781
45450.000000 180.641023 180.975499
45460.000000 180.647232 180.969681
45470.000000 180.653728 180.984093
45480.000000 180.659759 180.966144
45490.000000 180.664725 180.963082
45500.000000 180.670104 180.964420
45510.000000 180.675774 180.958086
45520.000000 180.682892 180.949227
45530.000000 180.690457 180.968687
45540.000000 180.697062 180.979221
45550.000000 180.704476 180.994544
45560.000000 180.710693 181.004686
45570.000000 180.716188 181.022063
45580.000000 180.721859 181.023698
45590.000000 180.729079 181.030863
45600.000000 180.736691 181.038422
45610.000000 180.743378 181.056983
45620.000000 180.750849 181.056446
45630.000000 180.758270 181.067788
45640.000000 180.764424 181.077858
45650.000000 180.770345 181.067827
45660.000000 180.777367 181.039053
45670.000000 180.786321 181.032084
45680.000000 180.795382 181.041103
45690.000000 180.804939 181.058556
45700.000000 180.813448 181.070989
45710.000000 180.822588 181.084052
45720.000000 180.831632 181.073222
45730.000000 180.842019 181.079605
45740.000000 180.853092 181.090640
45750.000000 180.864274 181.093857
45760.000000 180.875327 181.100912
45770.000000 180.886152 181.107739
45780.000000 180.896385 181.133781
45790.000000 180.906593 181.128108
45800.000000 180.916572 181.149931
45810.000000 180.926260 181.167501
45820.000000 180.935992 181.181152
45830.000000 180.945053 181.202049
45840.000000 180.954755 181.203792
45850.000000 180.965589 181.210629
45860.000000 180.976376 181.237206
45870.000000 180.987426 181.236345
45880.000000 181.000820 181.222015
45890.000000 181.015156 181.220505
45900.000000 181.029067 181.226481
45910.000000 181.043434 181.225014
45920.000000 181.057710 181.239265
45930.000000 181.071843 181.261273
45940.000000 181.084592 181.285845
45950.000000 181.096797 181.321723
45960.000000 181.107844 181.344587
45970.000000 181.118822 181.343677
45980.000000 181.128962 181.357730
45990.000000 181.138112 181.358945
46000.000000 181.147344 181.356298
46010.000000 181.155251 181.372061
46020.000000 181.163652 181.376479
46030.000000 181.172009 181.372965
46040.000000 181.180995 181.377974
46050.000000 181.188104 181.404766
46060.000000 181.194533 181.407211
46070.000000 181.200591 181.436888
46080.000000 181.206122 181.438433
46090.000000 181.212424 181.444692
46100.000000 181.217864 181.446148
46110.000000 181.222501 181.466503
46120.000000 181.225985 181.477819
46130.000000 181.228094 181.495636
46140.000000 181.229556 181.516741
46150.000000 181.231088 181.502457
46160.000000 181.232621 181.480309
46170.000000 181.234761 181.474526
46180.000000 181.236574 181.499902
46190.000000 181.236998 181.519947
46200.000000 181.237021 181.527780
46210.000000 181.236773 181.527468
46220.000000 181.237059 181.547363
46230.000000 181.236428 181.562399
46240.000000 181.235324 181.553357
46250.000000 181.234504 181.548534
46260.000000 181.233274 181.562960
46270.000000 181.231384 181.568858
46280.000000 181.229564 181.547311
46290.000000 181.227248 181.560638
46300.000000 181.224818 181.558132
46310.000000 181.221235 181.538762
46320.000000 181.217858 181.562796
46330.000000 181.213577 181.542728
46340.000000 181.209694 181.546617
46350.000000 181.206447 181.551140
46360.000000 181.202830 181.547441
46370.000000 181.199170 181.539778
46380.000000 181.196339 181.544711
46390.000000 181.193163 181.541454
46400.000000 181.190160 181.554050
46410.000000 181.187891 181.528183
46420.000000 181.186980 181.531115
46430.000000 181.185950 181.510425
46440.000000 181.186010 181.514331
46450.000000 181.185516 181.529426
46460.000000 181.185162 181.528997
46470.000000 181.184551 181.540052
46480.000000 181.184116 181.527801
46490.000000 181.183903 181.527513
46500.000000 181.182039 181.529482
46510.000000 181.180349 181.512074
46520.000000 181.179303 181.514864
46530.000000 181.177290 181.524500
46540.000000 181.175899 181.507401
46550.000000 181.174954 181.510290
46560.000000 181.173487 181.528278
46570.000000 181.172092 181.542427
46580.000000 181.170508 181.529046
46590.000000 181.169414 181.531776
46600.000000 181.167649 181.533833
46610.000000 181.165696 181.539603
46620.000000 181.163693 181.537515
46630.000000 181.160657 181.542195
46640.000000 181.158276 181.528027
46650.000000 181.157530 181.503807
46660.000000 181.157110 181.499415
46670.000000 181.156306 181.510225
46680.000000 181.154477 181.516109
46690.000000 181.152762 181.518209
46700.000000 181.150406 181.527455
46710.000000 181.146780 181.535424
46720.000000 181.141467 181.545593
46730.000000 181.136002 181.540029
46740.000000 181.130363 181.542076
46750.000000 181.123154 181.538654
46760.000000 181.114857 181.534140
46770.000000 181.108169 181.500119
46780.000000 181.101935 181.482124
46790.000000 181.095599 181.467920
46800.000000 181.089771 181.450345
46810.000000 181.083170 181.455307
46820.000000 181.076991 181.433502
46830.000000 181.070241 181.418900
46840.000000 181.064559 181.413133
46850.000000 181.058709 181.407196
46860.000000 181.052136 181.412173
46870.000000 181.044720 181.404665
46880.000000 181.038412 181.390514
46890.000000 181.031013 181.386901
46900.000000 181.024473 181.372522
46910.000000 181.017888 181.358104
46920.000000 181.011200 181.331970
46930.000000 181.004973 181.337277
46940.000000 180.997752 181.322231
46950.000000 180.991265 181.315664
46960.000000 180.985239 181.321161
46970.000000 180.979709 181.323285
46980.000000 180.973760 181.321118
46990.000000 180.968155 181.303832
47000.000000 180.963130 181.294861
47010.000000 180.957657 181.308627
47020.000000 180.952231 181.276076
47030.000000 180.948503 181.252968
47040.000000 180.946462 181.239281
47050.000000 180.945791 181.246263
47060.000000 180.945773 181.250039
47070.000000 180.945918 181.246263
47080.000000 180.946573 181.223720
47090.000000 180.947530 181.220765
47100.000000 180.949640 181.199703
47110.000000 180.951872 181.178778
47120.000000 180.954373 181.177384
47130.000000 180.955327 181.201389
47140.000000 180.955968 181.213526
47150.000000 180.955675 181.224725
47160.000000 180.954978 181.223971
47170.000000 180.954793 181.219880
47180.000000 180.955374 181.205020
47190.000000 180.956824 181.214111
47200.000000 180.958391 181.215625
47210.000000 180.958081 181.226793
47220.000000 180.957534 181.233875
47230.000000 180.957290 181.225887
47240.000000 180.957968 181.218825
47250.000000 180.959452 181.220255
47260.000000 180.960838 181.213908
47270.000000 180.962809 181.219668
47280.000000 180.964551 181.221358
47290.000000 180.967396 181.220315
47300.000000 180.970372 181.211732
47310.000000 180.972901 181.221884
47320.000000 180.975565 181.232170
47330.000000 180.977669 181.222720
47340.000000 180.979897 181.244068
47350.000000 180.980806 181.264091
47360.000000 180.980455 181.267513
47370.000000 180.979424 181.266420
47380.000000 180.978555 181.269320
47390.000000 180.978065 181.280263
47400.000000 180.977559 181.287354
47410.000000 180.977049 181.298269
47420.000000 180.974994 181.315295
47430.000000 180.971751 181.334956
47440.000000 180.968157 181.308302
47450.000000 180.965457 181.301696
47460.000000 180.961870 181.313341
47470.000000 180.958118 181.324817
47480.000000 180.954179 181.324619
47490.000000 180.950795 181.317324
47500.000000 180.946171 181.316438
47510.000000 180.940745 181.310923
47520.000000 180.935275 181.313011
47530.000000 180.928943 181.302763
47540.000000 180.922349 181.322831
47550.000000 180.914569 181.322592
47560.000000 180.907073 181.311173
47570.000000 180.899646 181.307464
47580.000000 180.891169 181.302701
47590.000000 180.883158 181.286949
47600.000000 180.875076 181.274948
47610.000000 180.865893 181.258029
47620.000000 180.857715 181.253564
47630.000000 180.848368 181.259369
47640.000000 180.839504 181.250399
47650.000000 180.830721 181.241510
47660.000000 180.822535 181.237030
47670.000000 180.814638 181.229028
47680.000000 180.807752 181.218229
47690.000000 180.800721 181.199672
47700.000000 180.795117 181.193972
47710.000000 180.790085 181.166012
47720.000000 180.786081 181.142900
47730.000000 180.783638 181.140378
47740.000000 180.781966 181.127223
47750.000000 180.780809 181.133593
47760.000000 180.780338 181.140647
47770.000000 180.779230 181.150860
47780.000000 180.777561 181.145311
47790.000000 180.776422 181.140295
47800.000000 180.774930 181.142520
47810.000000 180.773138 181.155834
47820.000000 180.771042 181.149858
47830.000000 180.769596 181.140740
47840.000000 180.768692 181.128375
47850.000000 180.768611 181.128218
47860.000000 180.768213 181.142913
47870.000000 180.766984 181.134020
47880.000000 180.765882 181.121467
47890.000000 180.766378 181.084003
47900.000000 180.768393 181.085955
47910.000000 180.770459 181.091744
47920.000000 180.771531 181.081395
47930.000000 180.773532 181.087119
47940.000000 180.775138 181.088662
47950.000000 180.776356 181.101167
47960.000000 180.776889 181.120550
47970.000000 180.776167 181.150023
47980.000000 180.774041 181.174301
47990.000000 180.770929 181.171098
48000.000000 180.767255 181.178681
48010.000000 180.763034 181.159238
48020.000000 180.759531 181.140522
48030.000000 180.757080 181.141766
48040.000000 180.754548 181.146706
48050.000000 180.751916 181.140208
48060.000000 180.750102 181.119426
48070.000000 180.748573 181.140472
48080.000000 180.746879 181.131142
48090.000000 180.745776 181.122408
48100.000000 180.745583 181.125910
48110.000000 180.745728 181.129748
48120.000000 180.746781 181.130724
48130.000000 180.747877 181.143057
48140.000000 180.748729 181.132516
48150.000000 180.748891 181.136368
48160.000000 180.747340 181.146042
48170.000000 180.746079 181.144695
48180.000000 180.744452 181.154287
48190.000000 180.743186 181.160468
48200.000000 180.741839 181.170333
48210.000000 180.740608 181.180311
48220.000000 180.739637 181.167948
48230.000000 180.739373 181.163829
48240.000000 180.738982 181.178407
48250.000000 180.738905 181.159421
48260.000000 180.739982 181.167937
48270.000000 180.740948 181.161294
48280.000000 180.742821 181.163083
48290.000000 180.744478 181.172178
48300.000000 180.746074 181.166170
48310.000000 180.748831 181.168846
48320.000000 180.751948 181.156851
48330.000000 180.755552 181.167893
48340.000000 180.757862 181.181393
48350.000000 180.760448 181.176386
48360.000000 180.763173 181.175276
48370.000000 180.765252 181.173519
48380.000000 180.766898 181.186346
48390.000000 180.768030 181.176135
48400.000000 180.770751 181.148768
48410.000000 180.774938 181.152885
48420.000000 180.779667 181.168794
48430.000000 180.783200 181.164757
48440.000000 180.787029 181.168515
48450.000000 180.791765 181.169435
48460.000000 180.796713 181.181808
48470.000000 180.801895 181.186922
48480.000000 180.807066 181.195770
48490.000000 180.811215 181.207337
48500.000000 180.814482 181.229254
48510.000000 180.816934 181.227881
48520.000000 180.820073 181.219713
48530.000000 180.822859 181.207453
48540.000000 180.826555 181.203596
48550.000000 180.829699 181.225371
48560.000000 180.831491 181.242048
48570.000000 180.832315 181.242788
48580.000000 180.832029 181.246157
48590.000000 180.831233 181.237796
48600.000000 180.830275 181.225540
48610.000000 180.829848 181.210088
48620.000000 180.830049 181.213946
48630.000000 180.830137 181.221423
48640.000000 180.829899 181.209903
48650.000000 180.829168 181.209093
48660.000000 180.829118 181.194038
48670.000000 180.829806 181.190922
48680.000000 180.831433 181.203667
48690.000000 180.832733 181.193706
48700.000000 180.834617 181.191792
48710.000000 180.835998 181.200557
48720.000000 180.837884 181.187466
48730.000000 180.839660 181.211529
48740.000000 180.841511 181.187231
48750.000000 180.843666 181.196767
48760.000000 180.845238 181.220613
48770.000000 180.847175 181.211306
48780.000000 180.849794 181.225024
48790.000000 180.851568 181.223003
48800.000000 180.852407 181.227488
48810.000000 180.853639 181.210044
48820.000000 180.855138 181.211474
48830.000000 180.856386 181.227526
48840.000000 180.856298 181.242236
48850.000000 180.856500 181.249795
48860.000000 180.857242 181.246740
48870.000000 180.857702 181.254556
48880.000000 180.857981 181.258471
48890.000000 180.858985 181.248248
48900.000000 180.860438 181.245910
48910.000000 180.861831 181.239799
48920.000000 180.864175 181.227223
48930.000000 180.866484 181.233173
48940.000000 180.868309 181.227506
48950.000000 180.871069 181.233907
48960.000000 180.872882 181.246778
48970.000000 180.873837 181.258785
48980.000000 180.875236 181.256400
48990.000000 180.875898 181.279234
49000.000000 180.876127 181.275674
49010.000000 180.876243 181.283122
49020.000000 180.876369 181.275752
49030.000000 180.877381 181.261865
49040.000000 180.878643 181.255643
49050.000000 180.880056 181.260685
49060.000000 180.882044 181.236685
49070.000000 180.885254 181.239830
49080.000000 180.888737 181.221049
49090.000000 180.892784 181.232433
49100.000000 180.897235 181.218335
49110.000000 180.902569 181.234703
49120.000000 180.908037 181.214242
49130.000000 180.914698 181.206073
49140.000000 180.922179 181.209814
49150.000000 180.929547 181.228214
49160.000000 180.936593 181.246290
49170.000000 180.943352 181.267769
49180.000000 180.950002 181.266980
49190.000000 180.957132 181.288826
49200.000000 180.964080 181.306794
49210.000000 180.970809 181.309774
49220.000000 180.977700 181.327682
49230.000000 180.984786 181.316260
49240.000000 180.992188 181.308852
49250.000000 180.999561 181.327239
49260.000000 181.006703 181.349080
49270.000000 181.014027 181.360036
49280.000000 181.022189 181.360768
49290.000000 181.029919 181.379504
49300.000000 181.038208 181.380365
49310.000000 181.046096 181.369773
49320.000000 181.054451 181.374394
49330.000000 181.063022 181.379232
49340.000000 181.072546 181.396074
49350.000000 181.083319 181.392071
49360.000000 181.093697 181.406086
49370.000000 181.103737 181.419760
49380.000000 181.113213 181.421828
49390.000000 181.122963 181.442573
49400.000000 181.132389 181.433554
49410.000000 181.142140 181.443260
49420.000000 181.151666 181.441709
49430.000000 181.161664 181.462694
49440.000000 181.170773 181.464404
49450.000000 181.179833 181.473420
49460.000000 181.188228 181.492796
49470.000000 181.196407 181.504602
49480.000000 181.204159 181.519654
49490.000000 181.211684 181.519779
49500.000000 181.218514 181.522886
49510.000000 181.226251 181.523229
49520.000000 181.234126 181.516370
49530.000000 181.242272 181.531814
49540.000000 181.249052 181.545888
49550.000000 181.255197 181.570334
49560.000000 181.260384 181.571797
49570.000000 181.265075 181.580102
49580.000000 181.269810 181.588451
49590.000000 181.274150 181.578061
49600.000000 181.279232 181.575757
49610.000000 181.285035 181.585176
49620.000000 181.289818 181.604570
49630.000000 181.294834 181.598535
49640.000000 181.299367 181.595685
49650.000000 181.303569 181.621818
49660.000000 181.306583 181.628438
49670.000000 181.310039 181.642825
49680.000000 181.313105 181.675139
49690.000000 181.314387 181.676350
49700.000000 181.316180 181.678074
49710.000000 181.318504 181.665682
49720.000000 181.321551 181.665005
49730.000000 181.324797 181.653549
49740.000000 181.329167 181.654201
49750.000000 181.334510 181.663147
49760.000000 181.341280 181.640607
49770.000000 181.348865 181.651800
49780.000000 181.356122 181.655354
49790.000000 181.363709 181.655584
49800.000000 181.371885 181.656407
49810.000000 181.380898 181.661725
49820.000000 181.389870 181.648743
49830.000000 181.398092 181.656924
49840.000000 181.407111 181.658605
49850.000000 181.416793 181.664600
49860.000000 181.426770 181.674541
49870.000000 181.436468 181.702446
49880.000000 181.445254 181.703894
49890.000000 181.455978 181.699993
49900.000000 181.466611 181.717884
49910.000000 181.477668 181.725260
49920.000000 181.488860 181.751001
49930.000000 181.499633 181.798200
49940.000000 181.512091 181.788741
49950.000000 181.523681 181.807585
49960.000000 181.534766 181.825921
49970.000000 181.545016 181.847064
49980.000000 181.554486 181.845555
49990.000000 181.563782 181.858451
50000.000000 181.573015 181.860354
50010.000000 181.582660 181.855389
50020.000000 181.592838 181.861886
50030.000000 181.603307 181.868676
50040.000000 181.613782 181.893674
50050.000000 181.624169 181.907661
50060.000000 181.634462 181.906995
50070.000000 181.645277 181.917773
50080.000000 181.656309 181.921490
50090.000000 181.666560 181.946253
50100.000000 181.676296 181.955949
50110.000000 181.686608 181.951675
50120.000000 181.697170 181.958563
50130.000000 181.708148 181.962234
50140.000000 181.719240 181.966023
50150.000000 181.730445 181.966293
50160.000000 181.742971 181.975156
50170.000000 181.755574 181.998626
50180.000000 181.767881 182.000006
50190.000000 181.781493 181.995435
50200.000000 181.795533 182.020339
50210.000000 181.808031 182.061851
50220.000000 181.819265 182.073051
50230.000000 181.829573 182.086953
50240.000000 181.839936 182.090020
50250.000000 181.849899 182.125352
50260.000000 181.857972 182.137012
50270.000000 181.864839 182.158350
50280.000000 181.871004 182.149953
50290.000000 181.877141 182.156044
50300.000000 181.883585 182.169696
50310.000000 181.890572 182.173010
50320.000000 181.897306 182.176073
50330.000000 181.903504 182.182225
50340.000000 181.910096 182.192396
50350.000000 181.917600 182.188984
50360.000000 181.925737 182.193455
50370.000000 181.934152 182.201830
50380.000000 181.942084 182.206098
50390.000000 181.949889 182.221105
50400.000000 181.958722 182.208174
50410.000000 181.967848 182.202785
50420.000000 181.977497 182.230494
50430.000000 181.985676 182.274829
50440.000000 181.993813 182.279302
50450.000000 182.001943 182.283769
50460.000000 182.010190 182.299210
50470.000000 182.018369 182.307345
50480.000000 182.026100 182.322266
50490.000000 182.033244 182.329362
50500.000000 182.040774 182.340463
50510.000000 182.049368 182.341779
50520.000000 182.058036 182.339558
50530.000000 182.067071 182.341322
50540.000000 182.075823 182.335581
50550.000000 182.085042 182.359212
50560.000000 182.093550 182.385742
50570.000000 182.101556 182.397316
50580.000000 182.109776 182.401879
50590.000000 182.118845 182.407293
50600.000000 182.128873 182.406448
50610.000000 182.139759 182.413686
50620.000000 182.150087 182.431194
50630.000000 182.159946 182.441012
50640.000000 182.170259 182.444070
50650.000000 182.180591 182.472403
50660.000000 182.190364 182.478526
50670.000000 182.201221 182.464096
50680.000000 182.213061 182.479507
50690.000000 182.224034 182.501260
50700.000000 182.234329 182.522333
50710.000000 182.243870 182.531832
50720.000000 182.252748 182.544272
50730.000000 182.261113 182.548989
50740.000000 182.269352 182.564391
50750.000000 182.277604 182.583408
50760.000000 182.285792 182.598757
50770.000000 182.293888 182.617615
50780.000000 182.302210 182.636696
50790.000000 182.310250 182.641083
50800.000000 182.317489 182.651871
50810.000000 182.324512 182.658841
50820.000000 182.331367 182.683649
50830.000000 182.338270 182.683294
50840.000000 182.344618 182.700388
50850.000000 182.350849 182.706561
50860.000000 182.357197 182.716451
50870.000000 182.362738 182.736329
50880.000000 182.367568 182.755493
50890.000000 182.372234 182.745698
50900.000000 182.377458 182.732871
50910.000000 182.381979 182.733735
50920.000000 182.386277 182.748760
50930.000000 182.391333 182.728590
50940.000000 182.397755 182.742145
50950.000000 182.403418 182.765721
50960.000000 182.408895 182.771138
50970.000000 182.415319 182.766725
50980.000000 182.421172 182.772520
50990.000000 182.425979 182.780859
51000.000000 182.430431 182.785250
51010.000000 182.435135 182.793483
51020.000000 182.440540 182.791649
51030.000000 182.445290 182.810696
51040.000000 182.449095 182.803671
51050.000000 182.453568 182.804496
51060.000000 182.458024 182.808891
51070.000000 182.462813 182.810034
51080.000000 182.467501 182.818249
51090.000000 182.472216 182.830075
51100.000000 182.477863 182.810571
51110.000000 182.483337 182.837493
51120.000000 182.488324 182.820921
51130.000000 182.494735 182.802206
51140.000000 182.502264 182.809688
51150.000000 182.510615 182.821572
51160.000000 182.518795 182.840446
51170.000000 182.526537 182.858878
51180.000000 182.534494 182.866784
51190.000000 182.542894 182.896611
51200.000000 182.551597 182.908841
51210.000000 182.561888 182.908346
51220.000000 182.572739 182.915572
51230.000000 182.582676 182.907575
51240.000000 182.594463 182.901440
51250.000000 182.606825 182.910188
51260.000000 182.618672 182.925570
51270.000000 182.631347 182.948929
51280.000000 182.643450 182.960991
51290.000000 182.654662 182.986456
51300.000000 182.664384 183.006853
51310.000000 182.674060 183.012906
51320.000000 182.684074 183.008583
51330.000000 182.694325 183.036649
51340.000000 182.704257 183.032247
51350.000000 182.713911 183.041854
51360.000000 182.724051 183.044807
51370.000000 182.734171 183.058452
51380.000000 182.744008 183.068243
51390.000000 182.753846 183.092312
51400.000000 182.763176 183.076615
51410.000000 182.774074 183.066068
51420.000000 182.786531 183.064224
51430.000000 182.800459 183.070990
51440.000000 182.814450 183.070692
51450.000000 182.828585 183.081234
51460.000000 182.842749 183.095368
51470.000000 182.856625 183.109214
51480.000000 182.870115 183.136923
51490.000000 182.882897 183.149671
51500.000000 182.894740 183.179290
51510.000000 182.906044 183.172749
51520.000000 182.918109 183.191901
51530.000000 182.930294 183.193370
51540.000000 182.943758 183.199683
51550.000000 182.957824 183.213719
51560.000000 182.972356 183.221104
51570.000000 182.987122 183.242958
51580.000000 183.002211 183.247346
51590.000000 183.017221 183.255215
51600.000000 183.032270 183.284463
51610.000000 183.047653 183.289150
51620.000000 183.062822 183.314960
51630.000000 183.077453 183.333118
51640.000000 183.091464 183.354210
51650.000000 183.104837 183.392442
51660.000000 183.117653 183.412334
51670.000000 183.130287 183.432043
51680.000000 183.143016 183.437624
51690.000000 183.154923 183.463712
51700.000000 183.165246 183.481103
51710.000000 183.175417 183.491230
51720.000000 183.185309 183.504632
51730.000000 183.195501 183.521888
51740.000000 183.206214 183.500581
51750.000000 183.217585 183.501258
51760.000000 183.228992 183.491325
51770.000000 183.242119 183.507969
51780.000000 183.255605 183.528523
51790.000000 183.269773 183.532012
51800.000000 183.283866 183.549623
51810.000000 183.299051 183.554135
51820.000000 183.315352 183.566862
51830.000000 183.331845 183.593970
51840.000000 183.346646 183.630026
51850.000000 183.359955 183.611381
51860.000000 183.375352 183.633842
51870.000000 183.392389 183.643762
51880.000000 183.409305 183.646474
51890.000000 183.426201 183.677523
51900.000000 183.443738 183.684403
51910.000000 183.460444 183.711716
51920.000000 183.477885 183.722045
51930.000000 183.496594 183.737189
51940.000000 183.515811 183.770557
51950.000000 183.535476 183.776030
51960.000000 183.554890 183.798965
51970.000000 183.574492 183.804381
51980.000000 183.592866 183.829815
51990.000000 183.611960 183.845348
52000.000000 183.630657 183.864023
52010.000000 183.650898 183.834697
52020.000000 183.671802 183.866201
52030.000000 183.692743 183.887127
52040.000000 183.714070 183.883678
52050.000000 183.735855 183.905451
52060.000000 183.756654 183.936845
52070.000000 183.776790 183.960503
52080.000000 183.797019 183.963038
52090.000000 183.817571 183.976506
52100.000000 183.837866 183.996788
52110.000000 183.859456 184.000696
52120.000000 183.881602 184.015766
52130.000000 183.903138 184.037292
52140.000000 183.925645 184.052724
52150.000000 183.948244 184.085911
52160.000000 183.970781 184.111972
52170.000000 183.993099 184.155475
52180.000000 184.015981 184.157152
52190.000000 184.040356 184.160330
52200.000000 184.065068 184.170913
52210.000000 184.090065 184.199434
52220.000000 184.115820 184.207536
52230.000000 184.142705 184.216773
52240.000000 184.170778 184.234259
52250.000000 184.199238 184.255660
52260.000000 184.227662 184.291138
52270.000000 184.255351 184.315297
52280.000000 184.283157 184.353683
52290.000000 184.310016 184.373483
52300.000000 184.337076 184.382907
52310.000000 184.364466 184.406770
52320.000000 184.392373 184.424097
52330.000000 184.420232 184.455480
52340.000000 184.447953 184.493777
52350.000000 184.474977 184.527851
52360.000000 184.502644 184.551989
52370.000000 184.531114 184.573407
52380.000000 184.560504 184.599270
52390.000000 184.590180 184.632471
52400.000000 184.618988 184.664802
52410.000000 184.646496 184.699357
52420.000000 184.673733 184.712494
52430.000000 184.701672 184.726335
52440.000000 184.731353 184.756015
52450.000000 184.761527 184.775619
52460.000000 184.791920 184.816581
52470.000000 184.822361 184.861116
52480.000000 184.852553 184.887783
52490.000000 184.882970 184.907629
52500.000000 184.913296 184.959095
52510.000000 184.942602 184.998972
52520.000000 184.972076 185.031968
52530.000000 185.000680 185.057046
52540.000000 185.030168 185.072438
52550.000000 185.058776 185.097522
52560.000000 185.087530 185.129797
52570.000000 185.116527 185.169362
52580.000000 185.144816 185.197649
52590.000000 185.173542 185.219327
52600.000000 185.201735 185.258087
52610.000000 185.229915 185.279220
52620.000000 185.258129 185.314477
52630.000000 185.287600 185.322813
52640.000000 185.318315 185.367615
52650.000000 185.348710 185.394487
52660.000000 185.380884 185.419615
52670.000000 185.414306 185.460082
52680.000000 185.446647 185.506510
52690.000000 185.479247 185.542633
52700.000000 185.512611 185.568951
52710.000000 185.546819 185.610204
52720.000000 185.581307 185.641168
52730.000000 185.615880 185.668697
52740.000000 185.650345 185.699640
52750.000000 185.684808 185.734102
52760.000000 185.718068 185.756797
52770.000000 185.751312 185.786519
52780.000000 185.784289 185.826538
52790.000000 185.818122 185.863893
52800.000000 185.851838 185.904652
52810.000000 185.885012 185.941347
52820.000000 185.918654 185.964423
52830.000000 185.953873 185.978515
52840.000000 185.989709 186.007310
52850.000000 186.025310 186.053474
52860.000000 186.061558 186.089722
52870.000000 186.097459 186.143229
52880.000000 186.133973 186.190309
52890.000000 186.170088 186.244036
52900.000000 186.205851 186.279799
52910.000000 186.241870 186.305251
52920.000000 186.277301 186.354773
52930.000000 186.312650 186.393645
52940.000000 186.347399 186.438963
52950.000000 186.382620 186.474184
52960.000000 186.416958 186.526141
52970.000000 186.451249 186.556907
52980.000000 186.485458 186.612262
52990.000000 186.519685 186.646488
53000.000000 186.554137 186.691513
53010.000000 186.588565 186.729467
53020.000000 186.622525 186.763425
53030.000000 186.655884 186.810885
53040.000000 186.689256 186.847781
53050.000000 186.722472 186.891572
53060.000000 186.755560 186.917607
53070.000000 186.789285 186.947805
53080.000000 186.822240 186.977233
53090.000000 186.855313 187.013830
53100.000000 186.887482 187.060099
53110.000000 186.918530 187.077040
53120.000000 186.949268 187.107774
53130.000000 186.980334 187.145887
53140.000000 187.011298 187.180373
53150.000000 187.041540 187.217662
53160.000000 187.071131 187.254299
53170.000000 187.100709 187.266244
53180.000000 187.130107 187.316790
53190.000000 187.158577 187.355831
53200.000000 187.186765 187.376960
53210.000000 187.215379 187.394990
53220.000000 187.243544 187.440776
53230.000000 187.270833 187.450430
53240.000000 187.298354 187.484994
53250.000000 187.325674 187.519356
53260.000000 187.353044 187.550243
53270.000000 187.381072 187.567689
53280.000000 187.409500 187.596110
53290.000000 187.437771 187.624374
53300.000000 187.466838 187.660484
53310.000000 187.495627 187.685742
53320.000000 187.523706 187.713813
53330.000000 187.551404 187.755601
53340.000000 187.579678 187.759201
53350.000000 187.608094 187.791133
53360.000000 187.636672 187.823228
53370.000000 187.665145 187.841125
53380.000000 187.694678 187.860085
53390.000000 187.723951 187.885830
53400.000000 187.752955 187.914829
53410.000000 187.782030 187.957988
53420.000000 187.811285 187.983715
53430.000000 187.841070 188.027584
53440.000000 187.870689 188.064244
53450.000000 187.900187 188.090213
53460.000000 187.930038 188.109492
53470.000000 187.960653 188.129537
53480.000000 187.992237 188.157596
53490.000000 188.022850 188.195248
53500.000000 188.052227 188.238706
53510.000000 188.081087 188.278127
53520.000000 188.108851 188.316450
53530.000000 188.136751 188.340820
53540.000000 188.164935 188.376040
53550.000000 188.193325 188.400900
53560.000000 188.221284 188.435896
53570.000000 188.249585 188.471233
53580.000000 188.277881 188.495999
53590.000000 188.306123 188.499583
53600.000000 188.334396 188.534890
53610.000000 188.362864 188.545748
53620.000000 188.391680 188.581598
53630.000000 188.420291 188.610202
53640.000000 188.448266 188.648732
53650.000000 188.475240 188.682739
53660.000000 188.501872 188.702319
53670.000000 188.528723 188.736203
53680.000000 188.554989 188.748378
53690.000000 188.581644 188.767986
53700.000000 188.608911 188.791726
53710.000000 188.637713 188.813484
53720.000000 188.665583 188.837829
53730.000000 188.693786 188.873063
53740.000000 188.720781 188.903568
53750.000000 188.747148 188.947520
53760.000000 188.772554 188.990512
53770.000000 188.797167 189.018632
53780.000000 188.822550 189.047522
53790.000000 188.847926 189.065849
53800.000000 188.873042 189.094472
53810.000000 188.898081 189.105426
53820.000000 188.923537 189.134389
53830.000000 188.948504 189.166381
53840.000000 188.973803 189.181115
53850.000000 188.999881 189.200149
53860.000000 189.025392 189.229166
53870.000000 189.050441 189.257721
53880.000000 189.075638 189.282907
53890.000000 189.100168 189.321494
53900.000000 189.123740 189.338019
53910.000000 189.147912 189.355145
53920.000000 189.172072 189.396876
53930.000000 189.196116 189.420906
53940.000000 189.219809 189.444586
53950.000000 189.243962 189.468726
53960.000000 189.268425 189.503724
53970.000000 189.293079 189.514302
53980.000000 189.318267 189.525418
53990.000000 189.344817 189.537901
54000.000000 189.372468 189.551488
54010.000000 189.399335 189.592402
54020.000000 189.424231 189.620802
54030.000000 189.450146 189.625627
54040.000000 189.476878 189.652353
54050.000000 189.502830 189.699373
54060.000000 189.528630 189.732190
54070.000000 189.554055 189.743553
54080.000000 189.580486 189.766463
54090.000000 189.607312 189.803818
54100.000000 189.634182 189.809607
54110.000000 189.660826 189.839755
54120.000000 189.687946 189.863356
54130.000000 189.714656 189.893569
54140.000000 189.742189 189.903540
54150.000000 189.769767 189.920581
54160.000000 189.797351 189.941139
54170.000000 189.825925 189.959180
54180.000000 189.855056 189.991816
54190.000000 189.884932 190.004144
54200.000000 189.916079 190.038798
54210.000000 189.947224 190.073449
54220.000000 189.977603 190.114351
54230.000000 190.008433 190.134652
54240.000000 190.039047 190.175789
54250.000000 190.069852 190.196065
54260.000000 190.100405 190.240648
54270.000000 190.130197 190.270437
54280.000000 190.160776 190.290487
54290.000000 190.192328 190.318529
54300.000000 190.224528 190.350728
54310.000000 190.257357 190.394079
54320.000000 190.289607 190.422819
54330.000000 190.322469 190.466204
54340.000000 190.354853 190.495077
54350.000000 190.387617 190.520823
54360.000000 190.420419 190.546609
54370.000000 190.453686 190.576367
54380.000000 190.486600 190.609280
54390.000000 190.519303 190.641981
54400.000000 190.553034 190.647657
54410.000000 190.587914 190.686043
54420.000000 190.621718 190.730366
54430.000000 190.654241 190.769902
54440.000000 190.685656 190.794301
54450.000000 190.717055 190.843233
54460.000000 190.748267 190.881457
54470.000000 190.779110 190.926327
54480.000000 190.810184 190.967921
54490.000000 190.842068 190.996295
54500.000000 190.874841 191.025559
54510.000000 190.907329 191.075585
54520.000000 190.940021 191.097750
54530.000000 190.972412 191.140664
54540.000000 191.005560 191.166794
54550.000000 191.038423 191.210179
54560.000000 191.071674 191.218874
54570.000000 191.105105 191.269842
54580.000000 191.136906 191.319182
54590.000000 191.167859 191.357148
54600.000000 191.199722 191.374974
54610.000000 191.232090 191.421373
54620.000000 191.265275 191.447539
54630.000000 191.299172 191.474418
54640.000000 191.333052 191.525840
54650.000000 191.367350 191.535579
54660.000000 191.402855 191.557054
54670.000000 191.438513 191.592712
54680.000000 191.473116 191.648362
54690.000000 191.506852 191.689112
54700.000000 191.539678 191.721937
54710.000000 191.572192 191.761465
54720.000000 191.603418 191.792687
54730.000000 191.633995 191.812735
54740.000000 191.664502 191.839730
54750.000000 191.695278 191.859979
54760.000000 191.725917 191.890615
54770.000000 191.755886 191.917073
54780.000000 191.786016 191.943692
54790.000000 191.817069 191.957209
54800.000000 191.848777 191.985409
54810.000000 191.880103 192.016733
54820.000000 191.912081 192.031181
54830.000000 191.945687 192.054271
54840.000000 191.979918 192.081493
54850.000000 192.013698 192.125786
54860.000000 192.046170 192.168772
54870.000000 192.078165 192.207775
54880.000000 192.110561 192.236664
54890.000000 192.142457 192.279074
54900.000000 192.173606 192.331254
54910.000000 192.204503 192.351631
54920.000000 192.235881 192.365479
54930.000000 192.267507 192.407619
54940.000000 192.298034 192.434637
54950.000000 192.328763 192.482889
54960.000000 192.359205 192.513328
54970.000000 192.389446 192.564601
54980.000000 192.418949 192.601110
54990.000000 192.448477 192.644660
55000.000000 192.477475 192.677158
55010.000000 192.505762 192.712452
55020.000000 192.534539 192.741222
55030.000000 192.562540 192.772723
55040.000000 192.589597 192.813799
55050.000000 192.615758 192.843456
55060.000000 192.641971 192.880182
55070.000000 192.669131 192.910839
55080.000000 192.696408 192.938107
55090.000000 192.724719 192.966409
55100.000000 192.752686 193.004889
55110.000000 192.780024 193.046247
55120.000000 192.807243 193.062933
55130.000000 192.834909 193.094096
55140.000000 192.863864 193.102002
55150.000000 192.893448 193.124567
55160.000000 192.923060 193.143656
55170.000000 192.953219 193.177314
55180.000000 192.983828 193.204413
55190.000000 193.014808 193.238893
55200.000000 193.045936 193.270018
55210.000000 193.077511 193.294578
55220.000000 193.109698 193.312743
55230.000000 193.142125 193.327646
55240.000000 193.173558 193.366084
55250.000000 193.203611 193.417157
55260.000000 193.233319 193.453869
55270.000000 193.263262 193.476797
55280.000000 193.294417 193.493932
55290.000000 193.324003 193.523512
55300.000000 193.353495 193.545991
55310.000000 193.382538 193.589042
55320.000000 193.411664 193.614659
55330.000000 193.440756 193.636737
55340.000000 193.469667 193.690167
55350.000000 193.497420 193.724920
55360.000000 193.524363 193.748350
55370.000000 193.551318 193.778799
55380.000000 193.578947 193.802915
55390.000000 193.606105 193.823058
55400.000000 193.634024 193.836958
55410.000000 193.662180 193.875615
55420.000000 193.689729 193.910161
55430.000000 193.717643 193.941570
55440.000000 193.744933 193.968851
55450.000000 193.772546 194.006963
55460.000000 193.800438 194.031345
55470.000000 193.828530 194.069937
55480.000000 193.856089 194.090481
55490.000000 193.882854 194.124242
55500.000000 193.909516 194.143888
55510.000000 193.936346 194.198729
55520.000000 193.962876 194.200730
55530.000000 193.990319 194.228164
55540.000000 194.017716 194.262556
55550.000000 194.044494 194.289323
55560.000000 194.071430 194.316249
55570.000000 194.098162 194.346472
55580.000000 194.125410 194.366707
55590.000000 194.152588 194.397377
55600.000000 194.179082 194.451874
55610.000000 194.204227 194.480507
55620.000000 194.229585 194.512856
55630.000000 194.255568 194.538826
55640.000000 194.282217 194.582975
55650.000000 194.308488 194.602227
55660.000000 194.334746 194.617967
55670.000000 194.361107 194.644315
55680.000000 194.387392 194.674088
55690.000000 194.414085 194.707772
55700.000000 194.441277 194.734953
55710.000000 194.469004 194.766170
55720.000000 194.496987 194.776638
55730.000000 194.526439 194.788580
55740.000000 194.557020 194.805157
55750.000000 194.587927 194.839558
55760.000000 194.619653 194.867781
55770.000000 194.651225 194.916846
55780.000000 194.682133 194.933751
55790.000000 194.713087 194.961201
55800.000000 194.743635 194.988244
55810.000000 194.774124 195.029224
55820.000000 194.805153 195.042754
55830.000000 194.837226 195.067828
55840.000000 194.869273 195.103369
55850.000000 194.901472 195.125071
55860.000000 194.934211 195.157807
55870.000000 194.965984 195.203568
55880.000000 194.996626 195.244700
55890.000000 195.026905 195.281970
55900.000000 195.056988 195.308548
55910.000000 195.088156 195.311728
55920.000000 195.120551 195.340623
55930.000000 195.152450 195.358532
55940.000000 195.183388 195.406950
55950.000000 195.212568 195.460606
55960.000000 195.240969 195.482003
55970.000000 195.269351 195.517372
55980.000000 195.297601 195.552609
55990.000000 195.325753 195.570259
56000.000000 195.353817 195.584328
56010.000000 195.382203 195.619699
56020.000000 195.409549 195.650532
56030.000000 195.436610 195.695069
56040.000000 195.462644 195.728086
56050.000000 195.488204 195.764125
56060.000000 195.513411 195.782323
56070.000000 195.538310 195.831691
56080.000000 195.562869 195.845742
56090.000000 195.588245 195.853619
56100.000000 195.614259 195.876126
56110.000000 195.640783 195.899142
56120.000000 195.666201 195.921052
56130.000000 195.692493 195.933352
56140.000000 195.719583 195.946454
56150.000000 195.747389 195.981240
56160.000000 195.775097 196.008940
56170.000000 195.802697 196.050509
56180.000000 195.830609 196.071422
56190.000000 195.859341 196.079184
56200.000000 195.888301 196.094165
56210.000000 195.917238 196.116110
56220.000000 195.946136 196.148495
56230.000000 195.974251 196.187081
56240.000000 196.000457 196.220263
56250.000000 196.026610 196.256885
56260.000000 196.051889 196.289139
56270.000000 196.076703 196.306955
56280.000000 196.100199 196.340916
56290.000000 196.123301 196.367496
56300.000000 196.146459 196.394132
56310.000000 196.169067 196.430695
56320.000000 196.191269 196.449388
56330.000000 196.214337 196.465456
56340.000000 196.237752 196.485364
56350.000000 196.260890 196.484048
56360.000000 196.284755 196.514882
56370.000000 196.308434 196.552512
56380.000000 196.331396 196.564987
56390.000000 196.355685 196.575303
56400.000000 196.380300 196.596417
56410.000000 196.404676 196.620781
56420.000000 196.429727 196.642332
56430.000000 196.455494 196.664601
56440.000000 196.482013 196.684134
56450.000000 196.507919 196.717007
56460.000000 196.533603 196.721753
56470.000000 196.558963 196.764543
56480.000000 196.583170 196.781763
56490.000000 196.607051 196.809121
56500.000000 196.630771 196.850268
56510.000000 196.654256 196.870252
56520.000000 196.678336 196.876885
56530.000000 196.702388 196.904413
56540.000000 196.727329 196.918885
56550.000000 196.752762 196.940823
56560.000000 196.779336 196.967388
56570.000000 196.806232 196.994277
56580.000000 196.832767 197.038233
56590.000000 196.859011 197.057496
56600.000000 196.885430 197.090878
56610.000000 196.911946 197.120871
56620.000000 196.939318 197.162179
56630.000000 196.966607 197.192946
56640.000000 196.994419 197.210292
56650.000000 197.022476 197.238342
56660.000000 197.049911 197.262283
56670.000000 197.076914 197.303219
56680.000000 197.104076 197.312946
56690.000000 197.131755 197.333649
56700.000000 197.159665 197.368521
56710.000000 197.187939 197.386334
56720.000000 197.215328 197.427654
56730.000000 197.242918 197.434332
56740.000000 197.271371 197.452329
56750.000000 197.300807 197.488726
56760.000000 197.329812 197.521209
56770.000000 197.358774 197.525786
56780.000000 197.388916 197.548959
56790.000000 197.419050 197.558200
56800.000000 197.450231 197.585897
56810.000000 197.481915 197.617579
56820.000000 197.513035 197.659140
56830.000000 197.544570 197.680229
56840.000000 197.576754 197.708931
56850.000000 197.609674 197.738369
56860.000000 197.642238 197.777893
56870.000000 197.673981 197.795713
56880.000000 197.705960 197.834650
56890.000000 197.737013 197.872661
56900.000000 197.767461 197.906586
56910.000000 197.797603 197.919325
56920.000000 197.827892 197.956571
56930.000000 197.859160 197.994797
56940.000000 197.890589 198.015784
56950.000000 197.922604 198.040837
56960.000000 197.954597 198.076308
56970.000000 197.986554 198.125663
56980.000000 198.017928 198.153555
56990.000000 198.049955 198.171661
57000.000000 198.083302 198.180654
57010.000000 198.116939 198.210812
57020.000000 198.150611 198.227093
57030.000000 198.185361 198.268798
57040.000000 198.219049 198.330314
57050.000000 198.251209 198.352036
57060.000000 198.282822 198.401042
57070.000000 198.313960 198.432178
57080.000000 198.345326 198.460063
57090.000000 198.376564 198.501736
57100.000000 198.407418 198.525630
57110.000000 198.438951 198.532812
57120.000000 198.471962 198.551911
57130.000000 198.505594 198.589020
57140.000000 198.539422 198.612416
57150.000000 198.574232 198.636795
57160.000000 198.609176 198.664786
57170.000000 198.645012 198.686716
57180.000000 198.680136 198.725317
57190.000000 198.714722 198.763379
57200.000000 198.748417 198.790122
57210.000000 198.782389 198.824093
57220.000000 198.816130 198.861310
57230.000000 198.850298 198.885050
57240.000000 198.885794 198.903169
57250.000000 198.921316 198.938690
57260.000000 198.957794 198.971693
57270.000000 198.994504 198.987555
57280.000000 199.031878 199.028403
57290.000000 199.068683 199.075633
57300.000000 199.106043 199.109518
57310.000000 199.144002 199.154427
57320.000000 199.181700 199.195601
57330.000000 199.219208 199.250488
57340.000000 199.256765 199.298473
57350.000000 199.294214 199.346354
57360.000000 199.332057 199.363338
57370.000000 199.369804 199.401085
57380.000000 199.408299 199.436105
57390.000000 199.446602 199.474408
57400.000000 199.484920 199.512727
57410.000000 199.523302 199.554586
57420.000000 199.561329 199.603043
57430.000000 199.598493 199.654117
57440.000000 199.634482 199.704017
57450.000000 199.669881 199.746372
57460.000000 199.705143 199.788591
57470.000000 199.740069 199.820039
57480.000000 199.774473 199.871836
57490.000000 199.808241 199.923000
57500.000000 199.841843 199.953122
57510.000000 199.875005 199.989761
57520.000000 199.908243 200.022999
57530.000000 199.941293 200.052569
57540.000000 199.973363 200.095075
57550.000000 200.005079 200.116351
57560.000000 200.037412 200.152162
57570.000000 200.069176 200.183925
57580.000000 200.102124 200.209913
57590.000000 200.135794 200.240104
57600.000000 200.170201 200.260596
57610.000000 200.204574 200.308883
57620.000000 200.239852 200.333726
57630.000000 200.274991 200.375822
57640.000000 200.309320 200.403194
57650.000000 200.344065 200.420548
57660.000000 200.379237 200.438333
57670.000000 200.415569 200.467711
57680.000000 200.453192 200.484474
57690.000000 200.491218 200.491218
57700.000000 200.529353 200.536304
57710.000000 200.567089 200.567089
57720.000000 200.604859 200.597908
57730.000000 200.643018 200.629117
57740.000000 200.681660 200.674709
57750.000000 200.720484 200.710057
57760.000000 200.759092 200.766044
57770.000000 200.796397 200.817254
57780.000000 200.833631 200.847535
57790.000000 200.871538 200.888919
57800.000000 200.910898 200.907422
57810.000000 200.950114 200.953590
57820.000000 200.990266 200.976362
57830.000000 201.030808 201.016904
57840.000000 201.070527 201.074004
57850.000000 201.109870 201.113346
57860.000000 201.149285 201.149285
57870.000000 201.189646 201.182693
57880.000000 201.228976 201.232452
57890.000000 201.267871 201.281779
57900.000000 201.307211 201.303735
57910.000000 201.347014 201.347014
57920.000000 201.386217 201.389694
57930.000000 201.425772 201.418818
57940.000000 201.464391 201.471346
57950.000000 201.503074 201.520461
57960.000000 201.542385 201.559773
57970.000000 201.581319 201.609141
57980.000000 201.619477 201.664693
57990.000000 201.657074 201.702291
58000.000000 201.694979 201.747155
58010.000000 201.731097 201.804152
58020.000000 201.764684 201.848179
58030.000000 201.798208 201.874742
58040.000000 201.832644 201.919618
58050.000000 201.867121 201.933214
58060.000000 201.902428 201.992883
58070.000000 201.936234 202.033650
58080.000000 201.968773 202.080112
58090.000000 202.000775 202.108631
58100.000000 202.032798 202.151096
58110.000000 202.064084 202.171937
58120.000000 202.095524 202.213818
58130.000000 202.127648 202.235497
58140.000000 202.159581 202.263949
58150.000000 202.192275 202.293160
58160.000000 202.224515 202.335841
58170.000000 202.257022 202.368347
58180.000000 202.289958 202.411725
58190.000000 202.322786 202.448033
58200.000000 202.355730 202.484457
58210.000000 202.388642 202.506924
58220.000000 202.421490 202.525849
58230.000000 202.454874 202.552272
58240.000000 202.488502 202.571979
58250.000000 202.521868 202.608824
58260.000000 202.555015 202.631532
58270.000000 202.589146 202.651746
58280.000000 202.623784 202.665514
58290.000000 202.658820 202.679682
58300.000000 202.694951 202.715813
58310.000000 202.730530 202.747916
58320.000000 202.766162 202.787025
58330.000000 202.801942 202.826282
58340.000000 202.837017 202.861357
58350.000000 202.872490 202.879443
58360.000000 202.908604 202.905128
58370.000000 202.945521 202.945521
58380.000000 202.982829 202.972399
58390.000000 203.020293 203.016816
58400.000000 203.057353 203.067785
58410.000000 203.094389 203.094389
58420.000000 203.131239 203.134717
58430.000000 203.168369 203.157938
58440.000000 203.205992 203.199038
58450.000000 203.243034 203.239556
58460.000000 203.280381 203.256043
58470.000000 203.318320 203.283553
58480.000000 203.357493 203.312297
58490.000000 203.396024 203.368209
58500.000000 203.433994 203.406178
58510.000000 203.471306 203.460874
58520.000000 203.508570 203.494660
58530.000000 203.546026 203.535593
58540.000000 203.584187 203.552892
58550.000000 203.622832 203.595014
58560.000000 203.662066 203.623817
58570.000000 203.701053 203.669757
58580.000000 203.740383 203.716040
58590.000000 203.778906 203.768472
58600.000000 203.817689 203.793345
58610.000000 203.857519 203.836652
58620.000000 203.897868 203.870045
58630.000000 203.938423 203.893214
58640.000000 203.978874 203.937140
58650.000000 204.019640 203.977905
58660.000000 204.061482 204.026701
58670.000000 204.102580 204.074753
58680.000000 204.145132 204.079053
58690.000000 204.188368 204.136195
58700.000000 204.231456 204.175803
58710.000000 204.274998 204.222820
58720.000000 204.318432 204.273208
58730.000000 204.362179 204.299564
58740.000000 204.406691 204.361463
58750.000000 204.450992 204.395327
58760.000000 204.495232 204.436086
58770.000000 204.539689 204.480541
58780.000000 204.583967 204.521337
58790.000000 204.627639 204.568485
58800.000000 204.670011 204.614334
58810.000000 204.712227 204.646111
58820.000000 204.755224 204.689105
58830.000000 204.798932 204.708460
58840.000000 204.843323 204.752848
58850.000000 204.888041 204.804518
58860.000000 204.932770 204.845764
58870.000000 204.977687 204.873284
58880.000000 205.023373 204.922443
58890.000000 205.068877 204.954028
58900.000000 205.114418 205.003042
58910.000000 205.160032 205.041692
58920.000000 205.206141 205.087795
58930.000000 205.251983 205.119715
58940.000000 205.298621 205.166346
58950.000000 205.345260 205.209498
58960.000000 205.392148 205.263336
58970.000000 205.438848 205.310029
58980.000000 205.484592 205.362725
58990.000000 205.529425 205.428434
59000.000000 205.573574 205.479541
59010.000000 205.616300 205.522263
59020.000000 205.659402 205.572325
59030.000000 205.702289 205.618690
59040.000000 205.744999 205.668361
59050.000000 205.788034 205.721840
59060.000000 205.831029 205.778766
59070.000000 205.873613 205.831799
59080.000000 205.915843 205.891448
59090.000000 205.957068 205.936157
59100.000000 205.997819 205.990848
59110.000000 206.037446 206.020019
59120.000000 206.077136 206.063194
59130.000000 206.117943 206.090060
59140.000000 206.158481 206.141053
59150.000000 206.199018 206.185075
59160.000000 206.240010 206.208640
59170.000000 206.280976 206.260061
59180.000000 206.321628 206.307684
59190.000000 206.362715 206.327856
59200.000000 206.404439 206.387008
59210.000000 206.446491 206.432545
59220.000000 206.488592 206.471160
59230.000000 206.530810 206.513377
59240.000000 206.572653 206.562193
59250.000000 206.613355 206.616842
59260.000000 206.652220 206.659195
59270.000000 206.691151 206.684177
59280.000000 206.730736 206.713301
59290.000000 206.770155 206.745746
59300.000000 206.809489 206.767647
59310.000000 206.850158 206.811801
59320.000000 206.892393 206.836604
59330.000000 206.934529 206.885710
59340.000000 206.976911 206.928090
59350.000000 207.019545 206.970723
59360.000000 207.062100 207.013276
59370.000000 207.105728 207.029012
59380.000000 207.149171 207.075937
59390.000000 207.191792 207.132502
59400.000000 207.234397 207.171618
59410.000000 207.277685 207.221877
59420.000000 207.320383 207.282011
59430.000000 207.363388 207.304088
59440.000000 207.407200 207.344411
59450.000000 207.450345 207.398015
59460.000000 207.493153 207.433846
59470.000000 207.536508 207.480687
59480.000000 207.579869 207.531022
59490.000000 207.624219 207.564905
59500.000000 207.668219 207.626344
59510.000000 207.712057 207.649249
59520.000000 207.756636 207.683361
59530.000000 207.801510 207.735208
59540.000000 207.846848 207.770077
59550.000000 207.892088 207.825779
59560.000000 207.936780 207.860002
59570.000000 207.981203 207.897444
59580.000000 208.025790 207.945516
59590.000000 208.069974 207.979230
59600.000000 208.115502 208.031731
59610.000000 208.161202 208.084405
59620.000000 208.207865 208.131064
59630.000000 208.254779 208.195425
59640.000000 208.301492 208.242134
59650.000000 208.347759 208.291889
59660.000000 208.394176 208.338303
59670.000000 208.440284 208.384408
59680.000000 208.485778 208.436882
59690.000000 208.530816 208.488902
59700.000000 208.574795 208.557328
59710.000000 208.618081 208.607600
59720.000000 208.660337 208.639375
59730.000000 208.702953 208.678497
59740.000000 208.745193 208.720736
59750.000000 208.787116 208.776634
59760.000000 208.829226 208.811755
59770.000000 208.871808 208.843855
59780.000000 208.914606 208.872677
59790.000000 208.958802 208.916872
59800.000000 209.002770 208.971319
59810.000000 209.046771 209.018813
59820.000000 209.090512 209.076531
59830.000000 209.133707 209.130212
59840.000000 209.175916 209.158439
59850.000000 209.219126 209.184174
59860.000000 209.262148 209.223700
59870.000000 209.305289 209.266840
59880.000000 209.349203 209.310753
59890.000000 209.393272 209.368801
59900.000000 209.438011 209.410043
59910.000000 209.483203 209.455233
59920.000000 209.528823 209.493861
59930.000000 209.573810 209.552831
59940.000000 209.618913 209.587443
59950.000000 209.664077 209.636102
59960.000000 209.709323 209.677851
59970.000000 209.754997 209.699050
59980.000000 209.800809 209.769333
59990.000000 209.846549 209.822066
60000.000000 209.891816 209.884819
60010.000000 209.936646 209.936646
60020.000000 209.981046 209.981046
60030.000000 210.025328 210.032325
60040.000000 210.069888 210.087384
60050.000000 210.114889 210.139385
60060.000000 210.160041 210.149544
60070.000000 210.207141 210.196643
60080.000000 210.253885 210.264385
60090.000000 210.300236 210.321237
60100.000000 210.345616 210.363117
60110.000000 210.391684 210.412687
60120.000000 210.438027 210.441528
60130.000000 210.484674 210.495176
60140.000000 210.531818 210.535319
60150.000000 210.578765 210.596270
60160.000000 210.625794 210.636298
60170.000000 210.673086 210.673086
60180.000000 210.719711 210.730216
60190.000000 210.766717 210.770219
60200.000000 210.813528 210.831039
60210.000000 210.860754 210.871261
60220.000000 210.908811 210.898305
60230.000000 210.957794 210.940283
60240.000000 211.006516 210.989004
60250.000000 211.055434 211.041422
60260.000000 211.103840 211.079320
60270.000000 211.152415 211.127894
60280.000000 211.201383 211.169854
60290.000000 211.250320 211.208281
60300.000000 211.300099 211.261561
60310.000000 211.348893 211.317358
60320.000000 211.398098 211.352548
60330.000000 211.447655 211.388090
60340.000000 211.498282 211.435209
60350.000000 211.548853 211.478769
60360.000000 211.599644 211.529554
60370.000000 211.649955 211.579860
60380.000000 211.700126 211.616013
60390.000000 211.750478 211.669862
60400.000000 211.801256 211.727642
60410.000000 211.852430 211.764794
60420.000000 211.903997 211.823363
60430.000000 211.955206 211.892091
60440.000000 212.005253 211.938628
60450.000000 212.055080 211.984945
60460.000000 212.105567 212.028414
60470.000000 212.155745 212.068070
60480.000000 212.206180 212.125511
60490.000000 212.256527 212.172345
60500.000000 212.306896 212.233228
60510.000000 212.356886 212.297242
60520.000000 212.406956 212.347308
60530.000000 212.457034 212.404398
60540.000000 212.506881 212.454241
60550.000000 212.558012 212.498351
60560.000000 212.608126 212.562497
60570.000000 212.657453 212.622350
60580.000000 212.705845 212.663720
60590.000000 212.753933 212.704786
60600.000000 212.802872 212.743192
60610.000000 212.852758 212.789563
60620.000000 212.902279 212.842590
60630.000000 212.952219 212.885506
60640.000000 213.001924 212.956270
60650.000000 213.050651 213.004994
60660.000000 213.099460 213.057312
60670.000000 213.148056 213.098882
60680.000000 213.196598 213.140398
60690.000000 213.244579 213.191887
60700.000000 213.292132 213.242949
60710.000000 213.340380 213.280658
60720.000000 213.388562 213.325323
60730.000000 213.437507 213.356703
60740.000000 213.486485 213.398652
60750.000000 213.534340 213.471090
60760.000000 213.581465 213.521724
60770.000000 213.628344 213.565087
60780.000000 213.674949 213.615201
60790.000000 213.722051 213.676356
60800.000000 213.768242 213.729573
60810.000000 213.814535 213.754778
60820.000000 213.860578 213.818391
60830.000000 213.906322 213.871163
60840.000000 213.952714 213.878890
60850.000000 214.000543 213.916172
60860.000000 214.048867 213.953948
60870.000000 214.097897 213.992430
60880.000000 214.147295 214.017226
60890.000000 214.196554 214.077017
60900.000000 214.245906 214.129875
60910.000000 214.295213 214.182689
60920.000000 214.344773 214.242786
60930.000000 214.393866 214.298903
60940.000000 214.442075 214.347106
60950.000000 214.490926 214.406500
60960.000000 214.540479 214.431434
60970.000000 214.590565 214.481513
60980.000000 214.641180 214.528603
60990.000000 214.691889 214.565239
61000.000000 214.742366 214.619223
61010.000000 214.792411 214.676294
61020.000000 214.842453 214.719294
61030.000000 214.891960 214.751209
61040.000000 214.942454 214.798176
61050.000000 214.993325 214.842003
61060.000000 215.044285 214.889435
61070.000000 215.095402 214.944058
61080.000000 215.147117 214.992244
61090.000000 215.199019 215.044134
61100.000000 215.250642 215.095745
61110.000000 215.301963 215.154091
61120.000000 215.353208 215.194769
61130.000000 215.404356 215.249424
61140.000000 215.455245 215.282709
61150.000000 215.506676 215.330609
61160.000000 215.558562 215.371925
61170.000000 215.611328 215.403566
61180.000000 215.665513 215.450697
61190.000000 215.719302 215.507986
61200.000000 215.773695 215.544766
61210.000000 215.828569 215.603138
61220.000000 215.882577 215.650090
61230.000000 215.936820 215.690236
61240.000000 215.990850 215.768880
61250.000000 216.044087 215.815059
61260.000000 216.097454 215.864887
61270.000000 216.151097 215.929071
61280.000000 216.204261 215.985738
61290.000000 216.257392 216.042372
61300.000000 216.310058 216.102064
61310.000000 216.362885 216.168964
61320.000000 216.416102 216.222164
61330.000000 216.470439 216.258870
61340.000000 216.524581 216.302425
61350.000000 216.579231 216.357056
61360.000000 216.634729 216.405486
61370.000000 216.690389 216.454078
61380.000000 216.745897 216.506041
61390.000000 216.801586 216.547612
61400.000000 216.857530 216.600009
61410.000000 216.913402 216.680526
61420.000000 216.969490 216.726018
61430.000000 217.026092 216.772020
61440.000000 217.083702 216.829604
61450.000000 217.142092 216.870342
61460.000000 217.200653 216.939450
61470.000000 217.258805 216.997575
61480.000000 217.317062 217.062857
61490.000000 217.374468 217.120237
61500.000000 217.431912 217.163547
61510.000000 217.489841 217.210867
61520.000000 217.548137 217.262080
61530.000000 217.606575 217.331070
61540.000000 217.663788 217.395312
61550.000000 217.719868 217.461952
61560.000000 217.774990 217.520580
61570.000000 217.830973 217.558892
61580.000000 217.887954 217.615846
61590.000000 217.945126 217.665932
61600.000000 218.002266 217.726573
61610.000000 218.059912 217.784191
61620.000000 218.117760 217.827889
61630.000000 218.175431 217.874938
61640.000000 218.232406 217.935415
61650.000000 218.289068 217.988516
61660.000000 218.346057 218.034881
61670.000000 218.403730 218.099586
61680.000000 218.461316 218.164205
61690.000000 218.519028 218.228952
61700.000000 218.576190 218.293152
61710.000000 218.634311 218.344176
61720.000000 218.691714 218.401550
61730.000000 218.748298 218.475778
61740.000000 218.805262 218.518575
61750.000000 218.862917 218.590343
61760.000000 218.920400 218.647798
61770.000000 218.976528 218.714510
61780.000000 219.032940 218.770896
61790.000000 219.089927 218.831395
61800.000000 219.147056 218.888498
61810.000000 219.205129 218.943006
61820.000000 219.263574 218.994348
61830.000000 219.321807 219.063169
61840.000000 219.379799 219.138832
61850.000000 219.437559 219.185947
61860.000000 219.495826 219.244187
61870.000000 219.553976 219.302312
61880.000000 219.612172 219.356941
61890.000000 219.670086 219.400665
61900.000000 219.728558 219.444946
61910.000000 219.786919 219.503277
61920.000000 219.844402 219.564273
61930.000000 219.901580 219.628507
61940.000000 219.958975 219.689417
61950.000000 220.015777 219.753279
61960.000000 220.071997 219.820105
61970.000000 220.128212 219.862121
61980.000000 220.184583 219.932644
61990.000000 220.240418 219.988455
62000.000000 220.295752 220.040222
62010.000000 220.351669 220.089024
62020.000000 220.407066 220.151489
62030.000000 220.461996 220.217035
62040.000000 220.516147 220.274711
62050.000000 220.570274 220.325271
62060.000000 220.624658 220.379634
62070.000000 220.679748 220.420513
62080.000000 220.735117 220.482954
62090.000000 220.791141 220.524764
62100.000000 220.847936 220.599273
62110.000000 220.905015 220.649231
62120.000000 220.962149 220.695694
62130.000000 221.018964 220.766679
62140.000000 221.075062 220.833403
62150.000000 221.130473 220.881692
62160.000000 221.186646 220.937842
62170.000000 221.243231 220.994404
62180.000000 221.299879 221.043926
62190.000000 221.356363 221.103937
62200.000000 221.413437 221.146781
62210.000000 221.471370 221.204687
62220.000000 221.529304 221.280355
62230.000000 221.586827 221.337853
62240.000000 221.644247 221.402355
62250.000000 221.702165 221.446035
62260.000000 221.760771 221.511722
62270.000000 221.819807 221.563623
62280.000000 221.879487 221.623275
62290.000000 221.939086 221.682846
62300.000000 221.998776 221.728288
62310.000000 222.057778 221.787262
62320.000000 222.117063 221.828742
62330.000000 222.176960 221.874388
62340.000000 222.237743 221.942247
62350.000000 222.298234 222.009817
62360.000000 222.357853 222.087189
62370.000000 222.416638 222.170850
62380.000000 222.473545 222.241969
62390.000000 222.530076 222.291360
62400.000000 222.586642 222.340784
62410.000000 222.643765 222.394325
62420.000000 222.700739 222.447714
62430.000000 222.755970 222.527846
62440.000000 222.810196 222.578492
62450.000000 222.864285 222.614757
62460.000000 222.917476 222.671489
62470.000000 222.971281 222.711030
62480.000000 223.025495 222.783029
62490.000000 223.079376 222.840453
62500.000000 223.133718 222.887650
62510.000000 223.188620 222.928281
62520.000000 223.243623 222.990387
62530.000000 223.297456 223.058452
62540.000000 223.350247 223.125481
62550.000000 223.402614 223.163574
62560.000000 223.455211 223.223282
62570.000000 223.507990 223.265349
62580.000000 223.561684 223.311894
62590.000000 223.614712 223.375597
62600.000000 223.667824 223.417995
62610.000000 223.721556 223.471707
62620.000000 223.774572 223.524705
62630.000000 223.827688 223.577800
62640.000000 223.881718 223.613981
62650.000000 223.936908 223.662016
62660.000000 223.992407 223.717491
62670.000000 224.046946 223.793407
62680.000000 224.100049 223.842922
62690.000000 224.153104 223.892390
62700.000000 224.206073 223.948907
62710.000000 224.258910 223.991021
62720.000000 224.313299 224.023982
62730.000000 224.368526 224.082752
62740.000000 224.423798 224.130863
62750.000000 224.479121 224.175457
62760.000000 224.534027 224.241041
62770.000000 224.589278 224.285562
62780.000000 224.644842 224.333962
62790.000000 224.700263 224.378650
62800.000000 224.754719 224.450924
62810.000000 224.808833 224.515722
62820.000000 224.862624 224.573060
62830.000000 224.916847 224.630829
62840.000000 224.971394 224.681782
62850.000000 225.025290 224.760655
62860.000000 225.077891 224.820381
62870.000000 225.129628 224.882818
62880.000000 225.180644 224.919526
62890.000000 225.232166 224.971029
62900.000000 225.283837 225.011962
62910.000000 225.335589 225.060122
62920.000000 225.387421 225.104788
62930.000000 225.439296 225.174511
62940.000000 225.489735 225.221358
62950.000000 225.539617 225.271224
62960.000000 225.588591 225.338056
62970.000000 225.636584 225.400338
62980.000000 225.685532 225.413518
62990.000000 225.735307 225.466852
63000.000000 225.784874 225.527128
63010.000000 225.832865 225.578681
63020.000000 225.881222 225.609145
63030.000000 225.929512 225.668148
63040.000000 225.977444 225.712490
63050.000000 226.024743 225.759776
63060.000000 226.071900 225.810496
63070.000000 226.118849 225.853855
63080.000000 226.166818 225.905387
63090.000000 226.214717 225.949695
63100.000000 226.262363 226.000904
63110.000000 226.310315 226.055998
63120.000000 226.358278 226.103946
63130.000000 226.406462 226.144961
63140.000000 226.454821 226.200462
63150.000000 226.503112 226.255897
63160.000000 226.551129 226.307480
63170.000000 226.598755 226.365832
63180.000000 226.646830 226.392416
63190.000000 226.695174 226.433588
63200.000000 226.743935 226.485913
63210.000000 226.792529 226.534493
63220.000000 226.840704 226.589814
63230.000000 226.888351 226.644609
63240.000000 226.935563 226.688228
63250.000000 226.982188 226.709777
63260.000000 227.029924 226.750339
63270.000000 227.076925 226.797327
63280.000000 227.124446 226.841253
63290.000000 227.172242 226.881873
63300.000000 227.221522 226.920395
63310.000000 227.270841 226.969696
63320.000000 227.320738 227.033898
63330.000000 227.370522 227.080083
63340.000000 227.420295 227.144165
63350.000000 227.469310 227.189582
63360.000000 227.518243 227.238498
63370.000000 227.567622 227.277115
63380.000000 227.617936 227.316664
63390.000000 227.669256 227.357218
63400.000000 227.720286 227.418974
63410.000000 227.771648 227.455986
63420.000000 227.823875 227.518938
63430.000000 227.876641 227.571682
63440.000000 227.929678 227.617529
63450.000000 227.983728 227.632145
63460.000000 228.038319 227.690290
63470.000000 228.092753 227.748278
63480.000000 228.147177 227.795508
63490.000000 228.201499 227.856968
63500.000000 228.255561 227.925338
63510.000000 228.309528 227.964942
63520.000000 228.364125 228.015927
63530.000000 228.418467 228.063072
63540.000000 228.473342 228.114333
63550.000000 228.528055 228.161848
63560.000000 228.582882 228.209474
63570.000000 228.637664 228.285737
63580.000000 228.691910 228.332784
63590.000000 228.746414 228.365744
63600.000000 228.801989 228.421287
63610.000000 228.857854 228.473532
63620.000000 228.913480 228.525540
63630.000000 228.969195 228.595567
63640.000000 229.024998 228.662100
63650.000000 229.079878 228.727713
63660.000000 229.134537 228.775167
63670.000000 229.189147 228.836924
63680.000000 229.243494 228.894832
63690.000000 229.297910 228.949220
63700.000000 229.352397 229.000090
63710.000000 229.406660 229.065094
63720.000000 229.459982 229.121980
63730.000000 229.512821 229.189158
63740.000000 229.564661 229.237384
63750.000000 229.617161 229.275496
63760.000000 229.669979 229.324697
63770.000000 229.723521 229.371030
63780.000000 229.777463 229.435720
63790.000000 229.831021 229.503621
63800.000000 229.884195 229.545993
63810.000000 229.937364 229.591951
63820.000000 229.990780 229.652526
63830.000000 230.043751 229.709066
63840.000000 230.096849 229.769327
63850.000000 230.149626 229.822080
63860.000000 230.201719 229.881339
63870.000000 230.253287 229.929291
63880.000000 230.304626 229.987799
63890.000000 230.356343 230.028708
63900.000000 230.408540 230.048527
63910.000000 230.461501 230.101461
63920.000000 230.513930 230.161055
63930.000000 230.565844 230.223731
63940.000000 230.616744 230.263821
63950.000000 230.667559 230.311018
63960.000000 230.717834 230.361271
63970.000000 230.768450 230.422653
63980.000000 230.818771 230.469357
63990.000000 230.867758 230.532713
64000.000000 230.916926 230.549487
64010.000000 230.967574 230.578534
64020.000000 231.019195 230.601360
64030.000000 231.070947 230.645893
64040.000000 231.122780 230.701292
64050.000000 231.173302 230.758981
64060.000000 231.223246 230.801706
64070.000000 231.273213 230.858842
64080.000000 231.322869 230.908473
64090.000000 231.372301 230.965076
64100.000000 231.421293 231.024839
64110.000000 231.470403 231.084721
64120.000000 231.519090 231.133387
64130.000000 231.567932 231.182208
64140.000000 231.616822 231.231076
64150.000000 231.665920 231.272955
64160.000000 231.715536 231.322547
64170.000000 231.765364 231.365153
64180.000000 231.815105 231.411271
64190.000000 231.864021 231.452966
64200.000000 231.913181 231.520102
64210.000000 231.962631 231.573129
64220.000000 232.012474 231.619349
64230.000000 232.062280 231.658330
64240.000000 232.112001 231.704427
64250.000000 232.161137 231.760741
64260.000000 232.209537 231.805518
64270.000000 232.258389 231.843545
64280.000000 232.307823 231.896556
64290.000000 232.356420 231.963140
64300.000000 232.404157 232.018062
64310.000000 232.452229 232.073319
64320.000000 232.499521 232.127799
64330.000000 232.546782 232.164233
64340.000000 232.594322 232.218960
64350.000000 232.641220 232.255031
64360.000000 232.688846 232.295431
64370.000000 232.736677 232.339639
64380.000000 232.784667 232.398419
64390.000000 232.832867 232.464621
64400.000000 232.880998 232.516338
64410.000000 232.928654 232.556765
64420.000000 232.977228 232.598109
64430.000000 233.026475 232.643731
64440.000000 233.075904 232.696742
64450.000000 233.125134 232.756768
64460.000000 233.173624 232.819663
64470.000000 233.221517 232.878359
64480.000000 233.268063 232.921282
64490.000000 233.314325 232.963922
64500.000000 233.360155 232.995309
64510.000000 233.406156 233.037688
64520.000000 233.452322 233.069412
64530.000000 233.498957 233.116030
64540.000000 233.545959 233.163014
64550.000000 233.592412 233.220271
64560.000000 233.637833 233.247641
64570.000000 233.683604 233.300611
64580.000000 233.728929 233.345920
64590.000000 233.773935 233.372876
64600.000000 233.819911 233.418835
64610.000000 233.865959 233.475689
64620.000000 233.912256 233.532792
64630.000000 233.958783 233.572087
64640.000000 234.005875 233.622769
64650.000000 234.052940 233.687859
64660.000000 234.099669 233.738181
64670.000000 234.146303 233.788408
64680.000000 234.192581 233.845500
64690.000000 234.238269 233.905616
64700.000000 234.282967 233.964746
64710.000000 234.327591 234.012970
64720.000000 234.372575 234.054331
64730.000000 234.417722 234.110300
64740.000000 234.462960 234.162751
64750.000000 234.508052 234.211444
64760.000000 234.553749 234.246292
64770.000000 234.599486 234.310080
64780.000000 234.645545 234.334449
64790.000000 234.691951 234.373617
64800.000000 234.737912 234.430403
64810.000000 234.783360 234.465000
64820.000000 234.829509 234.507522
64830.000000 234.875400 234.560627
64840.000000 234.919962 234.616017
64850.000000 234.963261 234.655694
64860.000000 235.006674 234.688256
64870.000000 235.050052 234.738852
64880.000000 235.093843 234.786247
64890.000000 235.137506 234.822672
64900.000000 235.182087 234.845559
64910.000000 235.227818 234.902118
64920.000000 235.273355 234.951257
64930.000000 235.318446 234.999949
64940.000000 235.363560 235.041436
64950.000000 235.407909 235.082160
64960.000000 235.451588 235.133058
64970.000000 235.495587 235.151745
64980.000000 235.540284 235.210888
64990.000000 235.585003 235.259209
65000.000000 235.629911 235.289646
65010.000000 235.674636 235.334358
65020.000000 235.718388 235.392560
65030.000000 235.761846 235.436008
65040.000000 235.805437 235.483205
65050.000000 235.848539 235.526297
65060.000000 235.891517 235.587347
65070.000000 235.932602 235.642892
65080.000000 235.972978 235.694115
65090.000000 236.013234 235.748836
65100.000000 236.053235 235.799687
65110.000000 236.092502 235.846187
65120.000000 236.132195 235.871403
65130.000000 236.172419 235.897152
65140.000000 236.212490 235.940836
65150.000000 236.252615 235.966485
65160.000000 236.292493 235.999124
65170.000000 236.331946 236.049426
65180.000000 236.371185 236.088661
65190.000000 236.410999 236.117618
65200.000000 236.451923 236.158536
65210.000000 236.492556 236.206399
65220.000000 236.531583 236.252659
65230.000000 236.570306 236.291378
65240.000000 236.609646 236.323479
65250.000000 236.649072 236.377374
65260.000000 236.687722 236.408784
65270.000000 236.725060 236.456976
65280.000000 236.762004 236.501158
65290.000000 236.799706 236.538857
65300.000000 236.838042 236.573572
65310.000000 236.875975 236.622360
65320.000000 236.912814 236.662818
65330.000000 236.948934 236.706177
65340.000000 236.984917 236.745780
65350.000000 237.020949 236.789052
65360.000000 237.056663 236.828386
65370.000000 237.092258 236.871222
65380.000000 237.127633 236.895738
65390.000000 237.162970 236.931076
65400.000000 237.198493 236.977459
65410.000000 237.233542 237.023370
65420.000000 237.268270 237.047238
65430.000000 237.303335 237.075065
65440.000000 237.338535 237.124746
65450.000000 237.374066 237.149417
65460.000000 237.410346 237.178457
65470.000000 237.446766 237.218497
65480.000000 237.482887 237.254618
65490.000000 237.518931 237.301522
65500.000000 237.555309 237.323421
65510.000000 237.592600 237.353471
65520.000000 237.630644 237.377036
65530.000000 237.669179 237.386619
65540.000000 237.708557 237.433230
65550.000000 237.748061 237.458256
65560.000000 237.788595 237.495167
65570.000000 237.828146 237.552806
65580.000000 237.866815 237.602329
65590.000000 237.904884 237.651254
65600.000000 237.942453 237.674345
65610.000000 237.980656 237.716165
65620.000000 238.019046 237.747314
65630.000000 238.057344 237.792848
65640.000000 238.094423 237.837164
65650.000000 238.131502 237.881482
65660.000000 238.168451 237.929289
65670.000000 238.204855 237.958453
65680.000000 238.241485 237.995083
65690.000000 238.277361 238.027340
65700.000000 238.313421 238.056161
65710.000000 238.350949 238.075592
65720.000000 238.388848 238.106251
65730.000000 238.427560 238.130485
65740.000000 238.466692 238.173232
65750.000000 238.505785 238.219560
65760.000000 238.544534 238.269162
65770.000000 238.583238 238.297006
65780.000000 238.621310 238.335076
65790.000000 238.659646 238.380648
65800.000000 238.697643 238.425881
65810.000000 238.735916 238.453294
65820.000000 238.774012 238.495007
65830.000000 238.812139 238.529512
65840.000000 238.850770 238.553665
65850.000000 238.890107 238.600236
65860.000000 238.929718 238.632604
65870.000000 238.969418 238.668682
65880.000000 239.008737 238.715235
65890.000000 239.048060 238.750934
65900.000000 239.087193 238.804541
65910.000000 239.126240 238.854444
65920.000000 239.164737 238.885699
65930.000000 239.203384 238.927962
65940.000000 239.241794 238.991711
65950.000000 239.279332 239.032869
65960.000000 239.317105 239.074261
65970.000000 239.354394 239.122412
65980.000000 239.391274 239.159292
65990.000000 239.429361 239.200998
66000.000000 239.467720 239.221250
66010.000000 239.506550 239.241974
66020.000000 239.545464 239.288125
66030.000000 239.584395 239.327054
66040.000000 239.623533 239.366189
66050.000000 239.662932 239.391103
66060.000000 239.702718 239.430884
66070.000000 239.742546 239.445368
66080.000000 239.783678 239.472017
66090.000000 239.824777 239.520348
66100.000000 239.865353 239.560918
66110.000000 239.905870 239.579714
66120.000000 239.947771 239.607132
66130.000000 239.990529 239.649880
66140.000000 240.034336 239.675584
66150.000000 240.078602 239.712601
66160.000000 240.123008 239.760613
66170.000000 240.168595 239.788094
66180.000000 240.214251 239.815645
66190.000000 240.260681 239.858440
66200.000000 240.305894 239.907257
66210.000000 240.350985 239.974044
66220.000000 240.395510 240.007700
66230.000000 240.440384 240.038086
66240.000000 240.485075 240.079144
66250.000000 240.530043 240.109625
66260.000000 240.576508 240.137982
66270.000000 240.623972 240.174574
66280.000000 240.671291 240.207402
66290.000000 240.718423 240.268983
66300.000000 240.764857 240.322635
66310.000000 240.810992 240.375988
66320.000000 240.857613 240.415353
66330.000000 240.904320 240.458422
66340.000000 240.951072 240.505155
66350.000000 240.998116 240.548560
66360.000000 241.045155 240.591960
66370.000000 241.091406 240.649049
66380.000000 241.137028 240.698274
66390.000000 241.182322 240.750791
66400.000000 241.227203 240.802896
66410.000000 241.272234 240.858773
66420.000000 241.316621 240.903147
66430.000000 241.361386 240.944276
66440.000000 241.407323 240.982955
66450.000000 241.453307 241.036164
66460.000000 241.499381 241.064116
66470.000000 241.545219 241.113558
66480.000000 241.591544 241.141761
66490.000000 241.638459 241.188656
66500.000000 241.685786 241.239583
66510.000000 241.733338 241.283494
66520.000000 241.780765 241.320036
66530.000000 241.828685 241.386041
66540.000000 241.876602 241.404966
66550.000000 241.925177 241.468002
66560.000000 241.972870 241.533784
66570.000000 242.020395 241.581288
66580.000000 242.068372 241.629244
66590.000000 242.116654 241.673882
66600.000000 242.165466 241.704558
66610.000000 242.215256 241.739833
66620.000000 242.265085 241.775148
66630.000000 242.314836 241.842983
66640.000000 242.364365 241.881619
66650.000000 242.413451 241.948793
66660.000000 242.461218 242.003785
66670.000000 242.509357 242.066397
66680.000000 242.557207 242.092483
66690.000000 242.605392 242.133397
66700.000000 242.653835 242.196313
66710.000000 242.701757 242.244212
66720.000000 242.749277 242.302586
66730.000000 242.796590 242.342629
66740.000000 242.844191 242.368460
66750.000000 242.892946 242.399070
66760.000000 242.942276 242.444749
66770.000000 242.991612 242.486809
66780.000000 243.041592 242.533137
66790.000000 243.091992 242.587132
66800.000000 243.141025 242.625264
66810.000000 243.190341 242.663680
66820.000000 243.240416 242.702852
66830.000000 243.290871 242.753276
66840.000000 243.341207 242.807206
66850.000000 243.391866 242.854208
66860.000000 243.442705 242.912265
66870.000000 243.493661 242.937814
66880.000000 243.544707 242.992452
66890.000000 243.594846 243.031684
66900.000000 243.644245 243.102806
66910.000000 243.691623 243.168289
66920.000000 243.737922 243.210941
66930.000000 243.784951 243.247067
66940.000000 243.831943 243.290409
66950.000000 243.878347 243.340418
66960.000000 243.924633 243.383055
66970.000000 243.971385 243.433411
66980.000000 244.018249 243.472997
66990.000000 244.065630 243.509473
67000.000000 244.113425 243.549988
67010.000000 244.159591 243.607013
67020.000000 244.205836 243.649608
67030.000000 244.251646 243.706279
67040.000000 244.296385 243.754627
67050.000000 244.341600 243.796194
67060.000000 244.387183 243.827246
67070.000000 244.433054 243.869467
67080.000000 244.478594 243.922242
67090.000000 244.523986 243.974870
67100.000000 244.569509 244.016744
67110.000000 244.615609 244.073708
67120.000000 244.661767 244.108958
67130.000000 244.708466 244.148376
67140.000000 244.755505 244.191761
67150.000000 244.801973 244.238206
67160.000000 244.848417 244.284628
67170.000000 244.895711 244.321009
67180.000000 244.942822 244.360837
67190.000000 244.989960 244.407949
67200.000000 245.037279 244.458872
67210.000000 245.084546 244.506113
67220.000000 245.132233 244.550144
67230.000000 245.180928 244.580663
67240.000000 245.230221 244.626295
67250.000000 245.279807 244.683108
67260.000000 245.329777 244.743934
67270.000000 245.380226 244.787089
67280.000000 245.431434 244.812852
67290.000000 245.482766 244.867776
67300.000000 245.533732 244.915076
67310.000000 245.585188 244.962863
67320.000000 245.637713 245.018979
67330.000000 245.689293 245.081413
67340.000000 245.740541 245.125361
67350.000000 245.792412 245.159039
67360.000000 245.844227 245.218076
67370.000000 245.895827 245.284164
67380.000000 245.946784 245.338717
67390.000000 245.998262 245.371997
67400.000000 246.049886 245.419950
67410.000000 246.102177 245.464937
67420.000000 246.154265 245.524248
67430.000000 246.206264 245.579841
67440.000000 246.257676 245.634847
67450.000000 246.308094 245.692497
67460.000000 246.358419 245.724620
67470.000000 246.408690 245.763955
67480.000000 246.459358 245.814587
67490.000000 246.510049 245.857974
67500.000000 246.560873 245.912393
67510.000000 246.611973 245.956187
67520.000000 246.663257 246.003797
67530.000000 246.714406 246.047640
67540.000000 246.766150 246.084807
67550.000000 246.818238 246.125952
67560.000000 246.870363 246.178033
67570.000000 246.921336 246.243502
67580.000000 246.971882 246.279471
67590.000000 247.023121 246.327034
67600.000000 247.074873 246.371475
67610.000000 247.127076 246.434537
67620.000000 247.178946 246.497269
67630.000000 247.230619 246.548901
67640.000000 247.282380 246.593348
67650.000000 247.334011 246.663116
67660.000000 247.386207 246.711634
67670.000000 247.439080 246.749916
67680.000000 247.492655 246.803443
67690.000000 247.546259 246.857000
67700.000000 247.600544 246.907598
67710.000000 247.655576 246.951667
67720.000000 247.710559 247.042974
67730.000000 247.765883 247.094609
67740.000000 247.821529 247.121097
67750.000000 247.877289 247.169527
67760.000000 247.932123 247.235224
67770.000000 247.986274 247.296602
67780.000000 248.040965 247.358521
67790.000000 248.095281 247.420068
67800.000000 248.149469 247.470567
67810.000000 248.203005 247.527697
67820.000000 248.257295 247.567377
67830.000000 248.312581 247.633533
67840.000000 248.367288 247.688190
67850.000000 248.422313 247.743164
67860.000000 248.477678 247.798477
67870.000000 248.533704 247.836243
67880.000000 248.590091 247.899857
67890.000000 248.646997 247.934855
67900.000000 248.704248 247.999331
67910.000000 248.760260 248.048003
67920.000000 248.815964 248.125509
67930.000000 248.871574 248.188353
67940.000000 248.926752 248.254411
67950.000000 248.981822 248.302143
67960.000000 249.036061 248.367268
67970.000000 249.089423 248.438811
67980.000000 249.142120 248.498757
67990.000000 249.193843 248.546795
68000.000000 249.245325 248.605532
68010.000000 249.296962 248.657130
68020.000000 249.348927 248.701761
68030.000000 249.401368 248.746867
68040.000000 249.454716 248.792877
68050.000000 249.508065 248.835241
68060.000000 249.561561 248.885044
68070.000000 249.615281 248.935071
68080.000000 249.669227 248.985322
68090.000000 249.723147 249.031900
68100.000000 249.776655 249.089009
68110.000000 249.829574 249.138234
68120.000000 249.882293 249.201853
68130.000000 249.933022 249.267139
68140.000000 249.983607 249.295793
68150.000000 250.034308 249.342807
68160.000000 250.085482 249.397589
68170.000000 250.136613 249.441383
68180.000000 250.187922 249.474407
68190.000000 250.239613 249.522405
68200.000000 250.290400 249.576800
68210.000000 250.341958 249.621017
68220.000000 250.393528 249.676194
68230.000000 250.444478 249.727103
68240.000000 250.495867 249.778449
68250.000000 250.546983 249.833174
68260.000000 250.597444 249.920104
68270.000000 250.648214 249.967184
68280.000000 250.698477 250.013759
68290.000000 250.748767 250.067664
68300.000000 250.798691 250.121203
68310.000000 250.848540 250.174669
68320.000000 250.898250 250.206081
68330.000000 250.948116 250.259564
68340.000000 250.997347 250.327024
68350.000000 251.046289 250.375934
68360.000000 251.095278 250.424890
68370.000000 251.144423 250.470347
68380.000000 251.193454 250.526653
68390.000000 251.242043 250.597138
68400.000000 251.289614 250.644680
68410.000000 251.337152 250.706812
68420.000000 251.384207 250.746529
68430.000000 251.431764 250.783092
68440.000000 251.479709 250.823698
68450.000000 251.527474 250.860467
68460.000000 251.576301 250.901952
68470.000000 251.624883 250.961468
68480.000000 251.673215 251.020737
68490.000000 251.720385 251.064224
68500.000000 251.767427 251.118551
68510.000000 251.814824 251.165921
68520.000000 251.862354 251.202453
68530.000000 251.909305 251.278633
68540.000000 251.955495 251.343089
68550.000000 252.001325 251.392555
68560.000000 252.046572 251.445099
68570.000000 252.092024 251.479554
68580.000000 252.138350 251.514881
68590.000000 252.183975 251.556825
68600.000000 252.230501 251.596010
68610.000000 252.276809 251.645952
68620.000000 252.322974 251.681117
68630.000000 252.368675 251.723137
68640.000000 252.414368 251.776124
68650.000000 252.459910 251.796034
68660.000000 252.504465 251.833252
68670.000000 252.548222 251.884307
68680.000000 252.592424 251.928489
68690.000000 252.636027 251.983050
68700.000000 252.679524 252.041167
68710.000000 252.722757 252.088042
68720.000000 252.765361 252.126972
68730.000000 252.807876 252.176792
68740.000000 252.850465 252.197408
68750.000000 252.893579 252.255144
68760.000000 252.937382 252.276971
68770.000000 252.982628 252.307558
68780.000000 253.028321 252.353227
68790.000000 253.074175 252.395397
68800.000000 253.119946 252.455782
68810.000000 253.166098 252.509229
68820.000000 253.212492 252.544617
68830.000000 253.259698 252.573497
68840.000000 253.306236 252.634648
68850.000000 253.352359 252.677086
68860.000000 253.399052 252.731073
68870.000000 253.445777 252.785092
68880.000000 253.492711 252.817357
68890.000000 253.539570 252.871510
68900.000000 253.586288 252.925525
68910.000000 253.632981 252.979515
68920.000000 253.679217 253.025726
68930.000000 253.725242 253.071728
68940.000000 253.771360 253.117821
68950.000000 253.816884 253.163323
68960.000000 253.861938 253.204692
68970.000000 253.906441 253.252838
68980.000000 253.950438 253.285828
68990.000000 253.995187 253.323232
69000.000000 254.039394 253.371082
69010.000000 254.082404 253.432389
69020.000000 254.125704 253.461020
69030.000000 254.168821 253.526099
69040.000000 254.211919 253.561854
69050.000000 254.255514 253.601768
69060.000000 254.299454 253.645690
69070.000000 254.343468 253.660381
69080.000000 254.387742 253.700971
69090.000000 254.432149 253.727045
69100.000000 254.476842 253.782704
69110.000000 254.521654 253.842146
69120.000000 254.566101 253.893899
69130.000000 254.610730 253.945835
69140.000000 254.655277 253.986698
69150.000000 254.699938 254.031338
69160.000000 254.744563 254.068614
69170.000000 254.789145 254.091193
69180.000000 254.833130 254.149813
69190.000000 254.876829 254.197157
69200.000000 254.920586 254.218912
69210.000000 254.964998 254.259640
69220.000000 255.009416 254.318692
69230.000000 255.053367 254.366287
69240.000000 255.095723 254.423287
69250.000000 255.137603 254.457824
69260.000000 255.178836 254.499045
69270.000000 255.218691 254.538892
69280.000000 255.258187 254.589375
69290.000000 255.297950 254.625465
69300.000000 255.337704 254.672542
69310.000000 255.376590 254.726084
69320.000000 255.414285 254.793108
69330.000000 255.451686 254.830507
69340.000000 255.489552 254.883037
69350.000000 255.526842 254.916659
69360.000000 255.564155 254.950304
69370.000000 255.601425 254.987573
69380.000000 255.638018 255.027833
69390.000000 255.674925 255.068407
69400.000000 255.712230 255.113045
69410.000000 255.750327 255.147472
69420.000000 255.788343 255.192819
69430.000000 255.826711 255.238519
69440.000000 255.864036 255.275843
69450.000000 255.901172 255.309311
69460.000000 255.938839 255.324971
69470.000000 255.976440 255.362570
69480.000000 256.013841 255.392635
69490.000000 256.051918 255.408710
69500.000000 256.090421 255.450875
69510.000000 256.128080 255.510532
69520.000000 256.164799 255.561920
69530.000000 256.201395 255.580180
69540.000000 256.237767 255.631222
69550.000000 256.274676 255.664464
69560.000000 256.311901 255.683352
69570.000000 256.350012 255.717793
69580.000000 256.388265 255.723047
69590.000000 256.426654 255.772429
69600.000000 256.464776 255.810547
69610.000000 256.502656 255.852091
69620.000000 256.540302 255.908067
69630.000000 256.577252 255.959685
69640.000000 256.613683 256.010786
69650.000000 256.650033 256.047136
69660.000000 256.686573 256.083678
69670.000000 256.723048 256.127489
69680.000000 256.759566 256.175011
69690.000000 256.795518 256.225638
69700.000000 256.830987 256.253772
69710.000000 256.866471 256.278255
69720.000000 256.901795 256.339261
69730.000000 256.935937 256.380746
69740.000000 256.970002 256.418486
69750.000000 257.004151 256.459978
69760.000000 257.037728 256.497231
69770.000000 257.071261 256.530770
69780.000000 257.104743 256.575267
69790.000000 257.137744 256.615615
69800.000000 257.171515 256.653062
69810.000000 257.204739 256.689962
69820.000000 257.237094 256.722326
69830.000000 257.268046 256.756959
69840.000000 257.298679 256.772927
69850.000000 257.330346 256.800935
69860.000000 257.362798 256.822390
69870.000000 257.395910 256.840837
69880.000000 257.429135 256.874070
69890.000000 257.462711 256.914988
69900.000000 257.495095 256.947382
69910.000000 257.528345 256.965968
69920.000000 257.562044 257.003341
69930.000000 257.595967 257.029935
69940.000000 257.630123 257.067764
69950.000000 257.663619 257.104934
69960.000000 257.697188 257.123842
69970.000000 257.731236 257.154228
69980.000000 257.765031 257.188030
69990.000000 257.798857 257.218196
70000.000000 257.832989 257.252334
70010.000000 257.867463 257.290480
70020.000000 257.901923 257.317612
70030.000000 257.937124 257.319821
70040.000000 257.973029 257.355728
70050.000000 258.008845 257.398878
70060.000000 258.043322 257.433360
70070.000000 258.077205 257.481914
70080.000000 258.110865 257.522913
70090.000000 258.144385 257.549109
70100.000000 258.178670 257.565070
70110.000000 258.212543 257.628277
70120.000000 258.245753 257.665162
70130.000000 258.279304 257.706053
70140.000000 258.312463 257.742886
70150.000000 258.346001 257.758099
70160.000000 258.379655 257.799092
70170.000000 258.412519 257.831965
70180.000000 258.444750 257.864206
70190.000000 258.476449 257.895917
70200.000000 258.507343 257.945154
70210.000000 258.538023 257.983181
70220.000000 258.568986 258.021490
70230.000000 258.599859 258.063375
70240.000000 258.630012 258.104543
70250.000000 258.659650 258.145197
70260.000000 258.690162 258.150053
70270.000000 258.720928 258.184498
70280.000000 258.752419 258.216000
70290.000000 258.784194 258.258785
70300.000000 258.815844 258.290445
70310.000000 258.847467 258.333078
70320.000000 258.878873 258.364495
70330.000000 258.910721 258.392686
70340.000000 258.942277 258.427919
70350.000000 258.973198 258.466186
70360.000000 259.004231 258.504563
70370.000000 259.035106 258.524450
70380.000000 259.066255 258.540945
70390.000000 259.098790 258.555159
70400.000000 259.132170 258.606875
70410.000000 259.165237 258.639949
70420.000000 259.198807 258.688189
70430.000000 259.232264 258.714321
70440.000000 259.266445 258.752173
70450.000000 259.300686 258.782753
70460.000000 259.335093 258.824497
70470.000000 259.369298 258.866039
70480.000000 259.403039 258.910785
70490.000000 259.436985 258.926405
70500.000000 259.471363 258.938794
70510.000000 259.506325 258.973759
70520.000000 259.541673 259.001780
70530.000000 259.577342 259.044781
70540.000000 259.612491 259.076269
70550.000000 259.647570 259.082033
70560.000000 259.682933 259.106407
70570.000000 259.718980 259.157112
70580.000000 259.754252 259.207045
70590.000000 259.789096 259.241893
70600.000000 259.823439 259.290901
70610.000000 259.857316 259.321118
70620.000000 259.891897 259.348375
70630.000000 259.926656 259.375809
70640.000000 259.960936 259.417423
70650.000000 259.995491 259.433660
70660.000000 260.030619 259.468791
70670.000000 260.066120 259.496967
70680.000000 260.101789 259.532638
70690.000000 260.137453 259.568305
70700.000000 260.172906 259.614752
70710.000000 260.208579 259.646764
70720.000000 260.244415 259.693594
70730.000000 260.280251 259.744090
70740.000000 260.315557 259.786729
70750.000000 260.350471 259.832642
70760.000000 260.384811 259.874318
70770.000000 260.418414 259.915257
70780.000000 260.451900 259.941418
70790.000000 260.485991 259.968184
70800.000000 260.519965 260.002164
70810.000000 260.553556 260.039426
70820.000000 260.587944 260.081150
70830.000000 260.622573 260.115782
70840.000000 260.657369 260.146917
70850.000000 260.691129 260.188013
70860.000000 260.725164 260.222054
70870.000000 260.759398 260.245297
70880.000000 260.794201 260.291099
70890.000000 260.828694 260.343924
70900.000000 260.862789 260.389020
70910.000000 260.896813 260.437714
70920.000000 260.930159 260.482066
70930.000000 260.964150 260.501396
70940.000000 260.998378 260.535628
70950.000000 261.032482 260.566070
70960.000000 261.066467 260.611058
70970.000000 261.100428 260.623029
70980.000000 261.134688 260.664625
70990.000000 261.169004 260.698946
71000.000000 261.203140 260.744083
71010.000000 261.236976 260.766927
71020.000000 261.271405 260.819690
71030.000000 261.305660 260.857615
71040.000000 261.339371 260.902330
71050.000000 261.372503 260.942801
71060.000000 261.406382 260.947356
71070.000000 261.440938 260.978250
71080.000000 261.475311 261.019958
71090.000000 261.510029 261.054680
71100.000000 261.544707 261.093027
71110.000000 261.579019 261.153006
71120.000000 261.612943 261.190602
71130.000000 261.646580 261.242578
71140.000000 261.679814 261.279484
71150.000000 261.713610 261.291284
71160.000000 261.748248 261.303928
71170.000000 261.783417 261.313442
71180.000000 261.819893 261.342588
71190.000000 261.856477 261.386503
71200.000000 261.893326 261.405028
71210.000000 261.930916 261.435286
71220.000000 261.968950 261.462326
71230.000000 262.007453 261.486169
71240.000000 262.045555 261.538925
71250.000000 262.084035 261.562745
71260.000000 262.122667 261.597710
71270.000000 262.161523 261.629234
71280.000000 262.200750 261.683111
71290.000000 262.239913 261.711277
71300.000000 262.279610 261.765625
71310.000000 262.318389 261.830051
71320.000000 262.356915 261.875904
71330.000000 262.394958 261.913944
71340.000000 262.432493 261.955142
71350.000000 262.469225 262.010202
71360.000000 262.506134 262.032448
71370.000000 262.543361 262.051349
71380.000000 262.582157 262.068153
71390.000000 262.621709 262.096708
71400.000000 262.661238 262.136231
71410.000000 262.700270 262.189916
71420.000000 262.738953 262.228594
71430.000000 262.778071 262.271373
71440.000000 262.816388 262.309687
71450.000000 262.854815 262.340781
71460.000000 262.893256 262.368226
71470.000000 262.930898 262.413194
71480.000000 262.968600 262.458224
71490.000000 263.006750 262.489041
71500.000000 263.044612 262.526902
71510.000000 263.082726 262.579671
71520.000000 263.121040 262.617983
71530.000000 263.159724 262.671324
71540.000000 263.198403 262.724661
71550.000000 263.237509 262.741770
71560.000000 263.276090 262.784012
71570.000000 263.315189 262.830438
71580.000000 263.354436 262.873347
71590.000000 263.393154 262.919392
71600.000000 263.430895 262.964464
71610.000000 263.468882 262.984118
71620.000000 263.507711 263.022943
71630.000000 263.547262 263.055158
71640.000000 263.586946 263.091172
71650.000000 263.626546 263.149094
71660.000000 263.665404 263.187949
71670.000000 263.703704 263.218914
71680.000000 263.741419 263.256627
71690.000000 263.778903 263.283112
71700.000000 263.816294 263.309506
71710.000000 263.854720 263.355260
71720.000000 263.893003 263.386209
71730.000000 263.931885 263.417756
71740.000000 263.970868 263.456735
71750.000000 264.010094 263.488625
71760.000000 264.050123 263.521318
71770.000000 264.090202 263.568720
71780.000000 264.130184 263.608696
71790.000000 264.169996 263.659498
71800.000000 264.209821 263.691986
71810.000000 264.250093 263.710260
71820.000000 264.290459 263.739624
71830.000000 264.331076 263.787563
71840.000000 264.371649 263.842788
71850.000000 264.412540 263.883671
71860.000000 264.453486 263.913612
71870.000000 264.494217 263.961666
71880.000000 264.534680 264.009452
71890.000000 264.575119 264.064548
71900.000000 264.614623 264.104046
71910.000000 264.654443 264.147527
71920.000000 264.693944 264.187022
71930.000000 264.733157 264.222564
71940.000000 264.772058 264.257795
71950.000000 264.811369 264.300767
71960.000000 264.850449 264.336177
71970.000000 264.889722 264.364446
71980.000000 264.928771 264.414489
71990.000000 264.967270 264.456651
72000.000000 265.006430 264.473809
72010.000000 265.046127 264.517166
72020.000000 265.086593 264.553958
72030.000000 265.127699 264.606055
72040.000000 265.169469 264.633150
72050.000000 265.211650 264.675319
72060.000000 265.253761 264.717420
72070.000000 265.295292 264.758941
72080.000000 265.337354 264.782662
72090.000000 265.378888 264.838850
72100.000000 265.419503 264.890457
72110.000000 265.459433 264.948715
72120.000000 265.498605 264.973215
72130.000000 265.537987 265.005258
72140.000000 265.577592 265.048523
72150.000000 265.616889 265.095149
72160.000000 265.655902 265.130491
72170.000000 265.695090 265.177009
72180.000000 265.734197 265.212443
72190.000000 265.773265 265.244173
72200.000000 265.813081 265.287650
72210.000000 265.853336 265.335232
72220.000000 265.893636 265.382860
72230.000000 265.933594 265.430148
72240.000000 265.973416 265.473632
72250.000000 266.012385 265.519933
72260.000000 266.052390 265.537924
72270.000000 266.092782 265.578310
72280.000000 266.133509 265.615360
72290.000000 266.174048 265.663228
72300.000000 266.214450 265.692619
72310.000000 266.255313 265.726139
72320.000000 266.296192 265.767010
72330.000000 266.335905 265.803050
72340.000000 266.375486 265.838957
72350.000000 266.415176 265.863972
72360.000000 266.455444 265.889566
72370.000000 266.495750 265.937197
72380.000000 266.535499 265.980607
72390.000000 266.574907 266.001675
72400.000000 266.615247 266.042007
72410.000000 266.655266 266.089353
72420.000000 266.694712 266.143462
72430.000000 266.733943 266.179021
72440.000000 266.773885 266.207954
72450.000000 266.814489 266.233882
72460.000000 266.855164 266.285550
72470.000000 266.895727 266.318771
72480.000000 266.935877 266.384585
72490.000000 266.975477 266.413176
72500.000000 267.015112 266.449137
72510.000000 267.055494 266.485844
72520.000000 267.095517 266.547866
72530.000000 267.134541 266.597890
72540.000000 267.173845 266.600510
72550.000000 267.213872 266.647866
72560.000000 267.253913 266.687899
72570.000000 267.293777 266.724089
72580.000000 267.333596 266.774906
72590.000000 267.371874 266.809512
72600.000000 267.410136 266.851438
72610.000000 267.448170 266.896806
72620.000000 267.485181 266.948490
72630.000000 267.522275 266.974578
72640.000000 267.559133 267.004099
72650.000000 267.596153 267.048456
72660.000000 267.633063 267.092702
72670.000000 267.669581 267.140226
72680.000000 267.705758 267.183743
72690.000000 267.742840 267.209818
72700.000000 267.779652 267.250298
72710.000000 267.816556 267.290870
72720.000000 267.853366 267.335019
72730.000000 267.889839 267.389839
72740.000000 267.926235 267.411558
72750.000000 267.963620 267.452611
72760.000000 268.000772 267.489762
72770.000000 268.037911 267.534239
72780.000000 268.075989 267.553969
72790.000000 268.114759 267.589066
72800.000000 268.153814 267.613441
72810.000000 268.192688 267.652310
72820.000000 268.230994 267.701620
72830.000000 268.269360 267.743652
72840.000000 268.307762 267.796728
72850.000000 268.345590 267.816208
72860.000000 268.383304 267.850250
72870.000000 268.422155 267.870753
72880.000000 268.462367 267.888949
72890.000000 268.503418 267.926323
72900.000000 268.544659 267.963886
72910.000000 268.585855 268.012409
72920.000000 268.627106 268.057319
72930.000000 268.668521 268.062045
72940.000000 268.710993 268.108172
72950.000000 268.753671 268.161841
72960.000000 268.796012 268.211505
72970.000000 268.838922 268.269075
72980.000000 268.881941 268.326757
72990.000000 268.925000 268.358796
73000.000000 268.968905 268.421032
73010.000000 269.013320 268.465431
73020.000000 269.057683 268.498770
73030.000000 269.102310 268.547051
73040.000000 269.147666 268.585049
73050.000000 269.193121 268.634156
73060.000000 269.238287 268.675634
73070.000000 269.284062 268.695704
73080.000000 269.330959 268.720565
73090.000000 269.378150 268.760394
73100.000000 269.425293 268.811183
73110.000000 269.472276 268.869150
73120.000000 269.519960 268.924149
73130.000000 269.567464 268.971629
73140.000000 269.614879 269.015350
73150.000000 269.662628 269.074086
73160.000000 269.710171 269.143630
73170.000000 269.757114 269.190552
73180.000000 269.803778 269.244539
73190.000000 269.850478 269.287546
73200.000000 269.897244 269.330619
73210.000000 269.943294 269.383993
73220.000000 269.988700 269.425710
73230.000000 270.034218 269.485899
73240.000000 270.079717 269.527707
73250.000000 270.125624 269.588288
73260.000000 270.171170 269.637490
73270.000000 270.216665 269.697661
73280.000000 270.262525 269.739830
73290.000000 270.308527 269.796837
73300.000000 270.354864 269.854179
73310.000000 270.401456 269.904428
73320.000000 270.447731 269.954361
73330.000000 270.493856 270.000469
73340.000000 270.540090 270.031985
73350.000000 270.586304 270.085532
73360.000000 270.631997 270.109158
73370.000000 270.677568 270.158386
73380.000000 270.722859 270.222039
73390.000000 270.767627 270.274144
73400.000000 270.812448 270.337332
73410.000000 270.857771 270.386317
73420.000000 270.903031 270.453626
73430.000000 270.948308 270.476825
73440.000000 270.994359 270.526536
73450.000000 271.040376 270.572538
73460.000000 271.086225 270.625727
73470.000000 271.132344 270.679186
73480.000000 271.178828 270.733011
73490.000000 271.225364 270.779530
73500.000000 271.271744 270.844289
73510.000000 271.317664 270.879158
73520.000000 271.364367 270.911129
73530.000000 271.410827 270.975968
73540.000000 271.456998 271.029483
73550.000000 271.503089 271.075560
73560.000000 271.548221 271.139079
73570.000000 271.592404 271.197974
73580.000000 271.636304 271.249227
73590.000000 271.680617 271.304574
73600.000000 271.723983 271.336886
73610.000000 271.768299 271.381191
73620.000000 271.813041 271.403834
73630.000000 271.858587 271.438324
73640.000000 271.904143 271.491229
73650.000000 271.949364 271.536436
73660.000000 271.994374 271.581435
73670.000000 272.039215 271.633627
73680.000000 272.084333 271.682415
73690.000000 272.129692 271.713033
73700.000000 272.175558 271.747841
73710.000000 272.221827 271.805140
73720.000000 272.268114 271.862459
73730.000000 272.313874 271.915571
73740.000000 272.358877 271.964245
73750.000000 272.403884 272.016606
73760.000000 272.448254 272.079382
73770.000000 272.492015 272.115767
73780.000000 272.535518 272.140844
73790.000000 272.579904 272.174170
73800.000000 272.624229 272.222167
73810.000000 272.668328 272.280988
73820.000000 272.711926 272.335629
73830.000000 272.755549 272.360823
73840.000000 272.799233 272.415550
73850.000000 272.843347 272.448600
73860.000000 272.888132 272.486006
73870.000000 272.933625 272.531487
73880.000000 272.979646 272.577494
73890.000000 273.025615 272.638188
73900.000000 273.072241 272.647958
73910.000000 273.119334 272.691351
73920.000000 273.166879 272.724145
73930.000000 273.214734 272.775666
73940.000000 273.262508 272.834475
73950.000000 273.309972 272.870869
73960.000000 273.358160 272.900620
73970.000000 273.406605 272.952729
73980.000000 273.454150 272.996573
73990.000000 273.502732 273.019349
74000.000000 273.550866 273.060095
74010.000000 273.600062 273.094536
74020.000000 273.649745 273.158930
74030.000000 273.699672 273.175683
74040.000000 273.750283 273.222584
74050.000000 273.801114 273.269704
74060.000000 273.852175 273.328106
74070.000000 273.903261 273.368113
74080.000000 273.954618 273.423126
74090.000000 274.005895 273.459640
74100.000000 274.057710 273.504058
74110.000000 274.109591 273.541174
74120.000000 274.162139 273.612109
74130.000000 274.214399 273.675392
74140.000000 274.265492 273.755939
74150.000000 274.316748 273.777685
74160.000000 274.368139 273.829048
74170.000000 274.420404 273.851803
74180.000000 274.473764 273.901444
74190.000000 274.527020 273.947296
74200.000000 274.580137 274.000378
74210.000000 274.633178 274.042330
74220.000000 274.686833 274.114377
74230.000000 274.740341 274.160478
74240.000000 274.794324 274.195997
74250.000000 274.849080 274.250715
74260.000000 274.903836 274.312804
74270.000000 274.958651 274.360208
74280.000000 275.014600 274.408743
74290.000000 275.071272 274.465372
74300.000000 275.127697 274.510695
74310.000000 275.183210 274.580913
74320.000000 275.239350 274.640699
74330.000000 275.295213 274.707583
74340.000000 275.351065 274.781837
74350.000000 275.406280 274.833325
74360.000000 275.461146 274.902911
74370.000000 275.515221 274.956952
74380.000000 275.568974 275.021741
74390.000000 275.622334 275.067687
74400.000000 275.675921 275.124932
74410.000000 275.729690 275.178667
74420.000000 275.783494 275.225056
74430.000000 275.836968 275.285878
74440.000000 275.889670 275.349623
74450.000000 275.941652 275.397884
74460.000000 275.993780 275.453675
74470.000000 276.046103 275.517045
74480.000000 276.098681 275.562208
74490.000000 276.151724 275.578296
74500.000000 276.205514 275.628360
74510.000000 276.259881 275.682690
74520.000000 276.313548 275.762171
74530.000000 276.366048 275.829415
74540.000000 276.418533 275.856014
74550.000000 276.471086 275.912229
74560.000000 276.523524 275.960943
74570.000000 276.575855 276.016936
74580.000000 276.628073 276.076512
74590.000000 276.680311 276.132415
74600.000000 276.732238 276.202787
74610.000000 276.783594 276.268900
74620.000000 276.834809 276.309000
74630.000000 276.886041 276.371294
74640.000000 276.937813 276.419341
74650.000000 276.989513 276.471014
74660.000000 277.041587 276.515666
74670.000000 277.093424 276.582263
74680.000000 277.144772 276.637283
74690.000000 277.195114 276.713486
74700.000000 277.244032 276.788276
74710.000000 277.292380 276.851404
74720.000000 277.340256 276.895563
74730.000000 277.388382 276.943672
74740.000000 277.435981 277.009756
74750.000000 277.482775 277.063936
74760.000000 277.529301 277.110447
74770.000000 277.575855 277.164390
74780.000000 277.622514 277.192528
74790.000000 277.669012 277.242713
74800.000000 277.715392 277.285378
74810.000000 277.762190 277.317355
74820.000000 277.809018 277.356766
74830.000000 277.856684 277.404414
74840.000000 277.903949 277.477574
74850.000000 277.951740 277.506840
74860.000000 278.000203 277.540478
74870.000000 278.049187 277.589442
74880.000000 278.097620 277.652664
74890.000000 278.145678 277.704407
74900.000000 278.193284 277.766807
74910.000000 278.240308 277.817518
74920.000000 278.286942 277.871544
74930.000000 278.333542 277.910724
74940.000000 278.380186 277.949946
74950.000000 278.427350 277.974876
74960.000000 278.473999 278.032618
74970.000000 278.521014 278.061102
74980.000000 278.568166 278.111941
74990.000000 278.615018 278.162480
75000.000000 278.661694 278.209140
75010.000000 278.708389 278.263227
75020.000000 278.754583 278.313111
75030.000000 278.799769 278.380510
75040.000000 278.843918 278.432059
75050.000000 278.887528 278.483069
75060.000000 278.931115 278.504416
75070.000000 278.974996 278.551992
75080.000000 279.019757 278.574513
75090.000000 279.064422 278.626575
75100.000000 279.108992 278.685953
75110.000000 279.153339 278.741406
75120.000000 279.197266 278.785323
75130.000000 279.241376 278.822011
75140.000000 279.285059 278.873096
75150.000000 279.327499 278.934059
75160.000000 279.369853 278.980113
75170.000000 279.411702 279.029368
75180.000000 279.453348 279.048768
75190.000000 279.495619 279.091032
75200.000000 279.537589 279.132995
75210.000000 279.579872 279.149327
75220.000000 279.622215 279.202780
75230.000000 279.664308 279.252278
75240.000000 279.706279 279.264593
75250.000000 279.749084 279.296271
75260.000000 279.792147 279.339325
75270.000000 279.835107 279.389687
75280.000000 279.877920 279.425080
75290.000000 279.920509 279.471365
75300.000000 279.963070 279.513918
75310.000000 280.006306 279.568262
75320.000000 280.048616 279.617978
75330.000000 280.090467 279.670942
75340.000000 280.132377 279.723967
75350.000000 280.173490 279.772489
75360.000000 280.214598 279.824715
75370.000000 280.255874 279.865985
75380.000000 280.297426 279.900115
75390.000000 280.339186 279.941868
75400.000000 280.380931 279.976191
75410.000000 280.422918 280.007048
75420.000000 280.465267 280.049389
75430.000000 280.507320 280.106266
75440.000000 280.548685 280.125378
75450.000000 280.590261 280.166947
75460.000000 280.630929 280.218733
75470.000000 280.671430 280.259230
75480.000000 280.712315 280.311234
75490.000000 280.752944 280.355566
75500.000000 280.792449 280.391360
75510.000000 280.831935 280.441968
75520.000000 280.871105 280.495971
75530.000000 280.910189 280.527635
75540.000000 280.949674 280.555990
75550.000000 280.989142 280.591745
75560.000000 281.028418 280.634727
75570.000000 281.068222 280.667110
75580.000000 281.108317 280.699783
75590.000000 281.148797 280.747676
75600.000000 281.187802 280.790387
75610.000000 281.226701 280.818157
75620.000000 281.265364 280.860527
75630.000000 281.303740 280.891484
75640.000000 281.342239 280.944816
75650.000000 281.380481 280.971929
75660.000000 281.418357 281.006096
75670.000000 281.456999 281.041027
75680.000000 281.495950 281.091102
75690.000000 281.534999 281.126439
75700.000000 281.574344 281.147238
75710.000000 281.613964 281.186854
75720.000000 281.653559 281.244988
75730.000000 281.692981 281.288117
75740.000000 281.731976 281.330818
75750.000000 281.771256 281.355259
75760.000000 281.811690 281.384562
75770.000000 281.852318 281.399227
75780.000000 281.892951 281.443562
75790.000000 281.933406 281.487720
75800.000000 281.974266 281.513742
75810.000000 282.015648 281.551409
75820.000000 282.057026 281.592780
75830.000000 282.098548 281.634296
75840.000000 282.140210 281.690782
75850.000000 282.181532 281.732098
75860.000000 282.222813 281.784498
75870.000000 282.263209 281.813763
75880.000000 282.304674 281.829264
75890.000000 282.346370 281.878368
75900.000000 282.388030 281.912604
75910.000000 282.429430 281.946581
75920.000000 282.470151 282.002129
75930.000000 282.510669 282.050058
75940.000000 282.551075 282.083042
75950.000000 282.591542 282.149465
75960.000000 282.631416 282.196753
75970.000000 282.671169 282.240211
75980.000000 282.710247 282.279286
75990.000000 282.748683 282.317720
76000.000000 282.787413 282.352738
76010.000000 282.826676 282.403127
76020.000000 282.866156 282.438894
76030.000000 282.905665 282.467271
76040.000000 282.944959 282.502852
76050.000000 282.983965 282.541855
76060.000000 283.023409 282.562749
76070.000000 283.063670 282.580753
76080.000000 283.104486 282.610438
76090.000000 283.146149 282.655801
76100.000000 283.187895 282.686414
76110.000000 283.229563 282.720659
76120.000000 283.270903 282.773115
76130.000000 283.312689 282.814893
76140.000000 283.354604 282.867926
76150.000000 283.396243 282.913266
76160.000000 283.437845 282.958569
76170.000000 283.479154 282.981327
76180.000000 283.521786 283.009115
76190.000000 283.565319 283.060053
76200.000000 283.608678 283.114528
76210.000000 283.652737 283.147449
76220.000000 283.698072 283.177934
76230.000000 283.743789 283.223636
76240.000000 283.789484 283.280441
76250.000000 283.834551 283.325494
76260.000000 283.879030 283.377378
76270.000000 283.923266 283.432731
76280.000000 283.967343 283.473086
76290.000000 284.011135 283.531707
76300.000000 284.054638 283.564068
76310.000000 284.097876 283.596166
76320.000000 284.141255 283.650664
76330.000000 284.184829 283.668257
76340.000000 284.228999 283.719834
76350.000000 284.272606 283.767140
76360.000000 284.315883 283.821537
76370.000000 284.359623 283.850424
76380.000000 284.403252 283.890331
76390.000000 284.447144 283.926792
76400.000000 284.490755 283.988942
76410.000000 284.533430 284.042740
76420.000000 284.575829 284.092552
76430.000000 284.618459 284.138884
76440.000000 284.661228 284.203914
76450.000000 284.703433 284.257248
76460.000000 284.745109 284.287780
76470.000000 284.786767 284.336855
76480.000000 284.828099 284.385606
76490.000000 284.869151 284.434078
76500.000000 284.910369 284.479002
76510.000000 284.951495 284.534975
76520.000000 284.992112 284.568161
76530.000000 285.032698 284.619882
76540.000000 285.073146 284.667753
76550.000000 285.113859 284.708461
76560.000000 285.154922 284.730949
76570.000000 285.196530 284.765124
76580.000000 285.238635 284.788655
76590.000000 285.281734 284.828032
76600.000000 285.325125 284.878839
76610.000000 285.368225 284.918218
76620.000000 285.411194 284.968604
76630.000000 285.453961 285.015076
76640.000000 285.496614 285.057720
76650.000000 285.539931 285.093601
76660.000000 285.582907 285.132853
76670.000000 285.625484 285.190278
76680.000000 285.668128 285.225485
76690.000000 285.710687 285.249467
76700.000000 285.753882 285.307508
76710.000000 285.796939 285.357984
76720.000000 285.839965 285.389859
76730.000000 285.883192 285.447933
76740.000000 285.926567 285.480155
76750.000000 285.969958 285.527251
76760.000000 286.013644 285.559784
76770.000000 286.057762 285.603891
76780.000000 286.101930 285.655477
76790.000000 286.146737 285.663129
76800.000000 286.192018 285.715825
76810.000000 286.237529 285.765037
76820.000000 286.282970 285.817893
76830.000000 286.327558 285.851325
76840.000000 286.371979 285.914308
76850.000000 286.416516 285.929116
76860.000000 286.461703 285.974289
76870.000000 286.507504 286.020075
76880.000000 286.553318 286.062160
76890.000000 286.598955 286.118927
76900.000000 286.644534 286.175638
76910.000000 286.690048 286.239716
76920.000000 286.735519 286.285175
76930.000000 286.780974 286.338049
76940.000000 286.825378 286.393592
76950.000000 286.869701 286.430470
76960.000000 286.914381 286.456557
76970.000000 286.958738 286.508335
76980.000000 287.003140 286.534144
76990.000000 287.047915 286.586339
77000.000000 287.092899 286.620162
77010.000000 287.138835 286.662367
77020.000000 287.185368 286.694020
77030.000000 287.232495 286.744847
77040.000000 287.279703 286.799470
77050.000000 287.326629 286.857530
77060.000000 287.373079 286.903965
77070.000000 287.419431 286.957737
77080.000000 287.465513 287.000087
77090.000000 287.511481 287.068348
77100.000000 287.557223 287.117795
77110.000000 287.602718 287.148404
77120.000000 287.648900 287.187136
77130.000000 287.695373 287.233594
77140.000000 287.741661 287.302179
77150.000000 287.787929 287.352152
77160.000000 287.834100 287.394591
77170.000000 287.881265 287.423146
77180.000000 287.929519 287.471382
77190.000000 287.978086 287.512494
77200.000000 288.026716 287.553668
77210.000000 288.075622 287.613711
77220.000000 288.124267 287.658619
77230.000000 288.172534 287.721746
77240.000000 288.220047 287.765523
77250.000000 288.267998 287.798579
77260.000000 288.316559 287.847121
77270.000000 288.364864 287.902849
77280.000000 288.412237 287.965086
77290.000000 288.459215 288.004608
77300.000000 288.506439 288.048096
77310.000000 288.554056 288.095697
77320.000000 288.601668 288.147013
77330.000000 288.649131 288.198181
77340.000000 288.696094 288.237687
77350.000000 288.743502 288.285078
77360.000000 288.791407 288.314362
77370.000000 288.839643 288.370022
77380.000000 288.887607 288.429133
77390.000000 288.935603 288.465947
77400.000000 288.983972 288.521740
77410.000000 289.032544 288.562851
77420.000000 289.081573 288.615583
77430.000000 289.130822 288.683424
77440.000000 289.179216 288.716911
77450.000000 289.228143 288.747208
77460.000000 289.277134 288.796180
77470.000000 289.325551 288.837134
77480.000000 289.374407 288.871083
77490.000000 289.423195 288.912407
77500.000000 289.472297 288.957766
77510.000000 289.520898 289.028680
77520.000000 289.569093 289.080580
77530.000000 289.617211 289.128679
77540.000000 289.664957 289.168962
77550.000000 289.712888 289.220598
77560.000000 289.761463 289.239370
77570.000000 289.810894 289.288780
77580.000000 289.860131 289.352887
77590.000000 289.908101 289.415732
77600.000000 289.955695 289.467033
77610.000000 290.003440 289.529658
77620.000000 290.051195 289.581120
77630.000000 290.099392 289.599504
77640.000000 290.148827 289.626574
77650.000000 290.198068 289.668346
77660.000000 290.247896 289.710703
77670.000000 290.297035 289.763545
77680.000000 290.345998 289.812487
77690.000000 290.394794 289.876159
77700.000000 290.442945 289.935464
77710.000000 290.490854 289.972180
77720.000000 290.538598 290.045982
77730.000000 290.585840 290.089483
77740.000000 290.632941 290.144019
77750.000000 290.679450 290.201690
77760.000000 290.725020 290.265880
77770.000000 290.770880 290.304273
77780.000000 290.816619 290.372362
77790.000000 290.862222 290.414225
77800.000000 290.907777 290.463495
77810.000000 290.953966 290.498487
77820.000000 290.999784 290.548019
77830.000000 291.045041 290.604448
77840.000000 291.089966 290.653090
77850.000000 291.134882 290.705452
77860.000000 291.179219 290.760966
77870.000000 291.222818 290.819473
77880.000000 291.266076 290.851534
77890.000000 291.309895 290.880428
77900.000000 291.355004 290.918067
77910.000000 291.400195 290.974433
77920.000000 291.444476 291.026163
77930.000000 291.488781 291.051811
77940.000000 291.533326 291.103804
77950.000000 291.577396 291.155324
77960.000000 291.621152 291.199070
77970.000000 291.664778 291.253877
77980.000000 291.708319 291.297410
77990.000000 291.751190 291.344003
78000.000000 291.793981 291.390518
78010.000000 291.836973 291.429771
78020.000000 291.879994 291.454132
78030.000000 291.923327 291.501186
78040.000000 291.967067 291.552378
78050.000000 292.010579 291.610805
78060.000000 292.053664 291.646420
78070.000000 292.096530 291.681816
78080.000000 292.139426 291.691130
78090.000000 292.183378 291.742533
78100.000000 292.227017 291.774971
78110.000000 292.270769 291.829904
78120.000000 292.314191 291.865857
78130.000000 292.358051 291.905976
78140.000000 292.401818 291.957195
78150.000000 292.446250 291.986694
78160.000000 292.491084 292.035246
78170.000000 292.535681 292.091024
78180.000000 292.580623 292.135955
78190.000000 292.625309 292.184361
78200.000000 292.669736 292.228777
78210.000000 292.714688 292.258793
78220.000000 292.759632 292.318650
78230.000000 292.803928 292.348011
78240.000000 292.847672 292.391744
78250.000000 292.891289 292.420426
78260.000000 292.934734 292.478787
78270.000000 292.977928 292.529435
78280.000000 293.021103 292.576334
78290.000000 293.064875 292.627559
78300.000000 293.107659 292.677800
78310.000000 293.151170 292.702641
78320.000000 293.195107 292.739104
78330.000000 293.239346 292.779601
78340.000000 293.283814 292.812861
78350.000000 293.328663 292.865163
78360.000000 293.373877 292.899168
78370.000000 293.419115 292.951858
78380.000000 293.464130 292.981932
78390.000000 293.509815 293.023871
78400.000000 293.555592 293.073366
78410.000000 293.600272 293.132964
78420.000000 293.644503 293.154790
78430.000000 293.688930 293.188010
78440.000000 293.733323 293.236123
78450.000000 293.777042 293.279831
78460.000000 293.820157 293.334133
78470.000000 293.863305 293.369807
78480.000000 293.906311 293.394143
78490.000000 293.949727 293.430084
78500.000000 293.992990 293.495730
78510.000000 294.036268 293.542731
78520.000000 294.079558 293.597209
78530.000000 294.122666 293.640308
78540.000000 294.165127 293.675294
78550.000000 294.207401 293.717560
78560.000000 294.249714 293.767332
78570.000000 294.291747 293.798157
78580.000000 294.333664 293.843800
78590.000000 294.375011 293.877673
78600.000000 294.416830 293.900821
78610.000000 294.458836 293.935354
78620.000000 294.500734 293.984709
78630.000000 294.542285 294.026253
78640.000000 294.584099 294.071792
78650.000000 294.626129 294.113814
78660.000000 294.667499 294.192513
78670.000000 294.708926 294.226464
78680.000000 294.749814 294.282284
78690.000000 294.790436 294.337838
78700.000000 294.830669 294.385538
78710.000000 294.870516 294.417911
78720.000000 294.911013 294.454668
78730.000000 294.952024 294.484469
78740.000000 294.993721 294.518691
78750.000000 295.035636 294.553130
78760.000000 295.077733 294.595219
78770.000000 295.119926 294.637405
78780.000000 295.161396 294.686336
78790.000000 295.202669 294.727604
78800.000000 295.243760 294.772424
78810.000000 295.285390 294.799108
78820.000000 295.327046 294.859431
78830.000000 295.368476 294.904590
78840.000000 295.410017 294.934919
78850.000000 295.451778 294.939327
78860.000000 295.494371 294.989380
78870.000000 295.536910 295.028177
78880.000000 295.579318 295.081779
78890.000000 295.621428 295.123881
78900.000000 295.663510 295.173424
78910.000000 295.705373 295.219015
78920.000000 295.746647 295.267754
78930.000000 295.787541 295.301172
78940.000000 295.827815 295.356382
78950.000000 295.867455 295.384812
78960.000000 295.907705 295.413852
78970.000000 295.948366 295.454507
78980.000000 295.989536 295.484466
78990.000000 296.030687 295.525611
79000.000000 296.072004 295.581862
79010.000000 296.113679 295.623530
79020.000000 296.155527 295.642960
79030.000000 296.198233 295.696862
79040.000000 296.241209 295.736092
79050.000000 296.283824 295.816057
79060.000000 296.328323 295.804510
79070.000000 296.372052 295.859433
79080.000000 296.415061 295.913639
79090.000000 296.457675 295.952509
79100.000000 296.500265 296.006297
79110.000000 296.542194 296.066900
79120.000000 296.583433 296.115606
79130.000000 296.625388 296.127663
79140.000000 296.667464 296.169731
79150.000000 296.709659 296.208182
79160.000000 296.751812 296.257799
79170.000000 296.793500 296.303217
79180.000000 296.835394 296.330158
79190.000000 296.877344 296.368365
79200.000000 296.919461 296.421682
79210.000000 296.961334 296.452338
79220.000000 297.003515 296.494512
79230.000000 297.045907 296.540632
79240.000000 297.088486 296.601885
79250.000000 297.130926 296.659265
79260.000000 297.172858 296.727355
79270.000000 297.214447 296.780153
79280.000000 297.256469 296.814691
79290.000000 297.298336 296.845337
79300.000000 297.340899 296.895368
79310.000000 297.383395 296.926642
79320.000000 297.426218 296.973196
79330.000000 297.469434 296.997711
79340.000000 297.513124 297.045130
79350.000000 297.556519 297.103469
79360.000000 297.599563 297.146505
79370.000000 297.641716 297.199866
79380.000000 297.683616 297.249238
79390.000000 297.725256 297.275916
79400.000000 297.767441 297.314355
79410.000000 297.809689 297.364074
79420.000000 297.850881 297.427696
79430.000000 297.891887 297.453740
79440.000000 297.933342 297.491449
79450.000000 297.974933 297.518077
79460.000000 298.016249 297.555648
79470.000000 298.057675 297.604546
79480.000000 298.098965 297.645831
79490.000000 298.140170 297.683290
79500.000000 298.180856 297.727711
79510.000000 298.221535 297.764645
79520.000000 298.262403 297.801769
79530.000000 298.303475 297.857793
79540.000000 298.343890 297.901944
79550.000000 298.384261 297.931092
79560.000000 298.424241 297.974807
79570.000000 298.464286 298.014848
79580.000000 298.503325 298.057624
79590.000000 298.542615 298.093172
79600.000000 298.581566 298.132121
79610.000000 298.619747 298.181521
79620.000000 298.658189 298.197522
79630.000000 298.697128 298.251417
79640.000000 298.735989 298.275318
79650.000000 298.775600 298.303707
79660.000000 298.815883 298.314074
79670.000000 298.856274 298.369415
79680.000000 298.896217 298.401877
79690.000000 298.936447 298.430886
79700.000000 298.977418 298.460636
79710.000000 299.018104 298.508792
79720.000000 299.058125 298.545071
79730.000000 299.098561 298.555597
79740.000000 299.139937 298.589490
79750.000000 299.181506 298.634789
79760.000000 299.222761 298.690989
79770.000000 299.264194 298.728677
79780.000000 299.305618 298.770093
79790.000000 299.347099 298.796615
79800.000000 299.388864 298.830897
79810.000000 299.430547 298.865096
79820.000000 299.472455 298.910733
79830.000000 299.514597 298.956605
79840.000000 299.556166 299.016857
79850.000000 299.597283 299.061706
79860.000000 299.638115 299.106271
79870.000000 299.678245 299.150135
79880.000000 299.717838 299.200941
79890.000000 299.757048 299.247626
79900.000000 299.795786 299.301321
79910.000000 299.833960 299.343233
79920.000000 299.871671 299.384684
79930.000000 299.909466 299.418738
79940.000000 299.947497 299.467989
79950.000000 299.985788 299.506279
79960.000000 300.024466 299.559916
79970.000000 300.062338 299.612751
79980.000000 300.099599 299.661235
79990.000000 300.135494 299.719581
80000.000000 300.171104 299.740228
80010.000000 300.207152 299.772536
80020.000000 300.242973 299.804618
80030.000000 300.279112 299.822055
80040.000000 300.316020 299.851482
80050.000000 300.353446 299.896390
80060.000000 300.390844 299.922567
80070.000000 300.428305 299.963767
80080.000000 300.464942 300.015368
80090.000000 300.501493 300.036959
80100.000000 300.538471 300.073937
80110.000000 300.575393 300.107120
80120.000000 300.611668 300.147137
80130.000000 300.648303 300.180032
80140.000000 300.684719 300.208970
80150.000000 300.720375 300.244629
80160.000000 300.756057 300.284054
80170.000000 300.791409 300.323149
80180.000000 300.827084 300.351347
80190.000000 300.862727 300.386992
80200.000000 300.898219 300.426228
80210.000000 300.933384 300.457656
80220.000000 300.968974 300.467072
80230.000000 301.005003 300.518061
80240.000000 301.040672 300.546254
80250.000000 301.076159 300.566787
80260.000000 301.111427 300.620756
80270.000000 301.146333 300.636969
80280.000000 301.180522 300.678642
80290.000000 301.214502 300.705150
80300.000000 301.248382 300.742775
80310.000000 301.282157 300.780295
80320.000000 301.316270 300.795720
80330.000000 301.350512 300.844922
80340.000000 301.384877 300.886770
80350.000000 301.419013 300.932129
80360.000000 301.453353 300.962734
80370.000000 301.487886 300.993533
80380.000000 301.522828 301.032219
80390.000000 301.557369 301.081720
80400.000000 301.591536 301.115892
80410.000000 301.625964 301.146587
80420.000000 301.661145 301.155599
80430.000000 301.697420 301.180661
80440.000000 301.733479 301.220460
80450.000000 301.769426 301.256410
80460.000000 301.805493 301.285003
80470.000000 301.841732 301.302555
80480.000000 301.878719 301.347018
80490.000000 301.915561 301.383862
80500.000000 301.953244 301.402857
80510.000000 301.990784 301.444133
80520.000000 302.027604 301.492167
80530.000000 302.064073 301.547327
80540.000000 302.100379 301.557471
80550.000000 302.137334 301.586952
80560.000000 302.174641 301.620522
80570.000000 302.212873 301.632594
80580.000000 302.251250 301.678443
80590.000000 302.289297 301.720226
80600.000000 302.327584 301.758511
80610.000000 302.365603 301.792792
80620.000000 302.403554 301.830742
80630.000000 302.441656 301.850160
80640.000000 302.480635 301.892872
80650.000000 302.520609 301.921633
80660.000000 302.561008 301.958289
80670.000000 302.601381 301.998656
80680.000000 302.642263 302.043268
80690.000000 302.683309 302.084307
80700.000000 302.724253 302.136454
80710.000000 302.764897 302.199513
80720.000000 302.805518 302.225179
80730.000000 302.846590 302.266245
80740.000000 302.887800 302.314922
80750.000000 302.928928 302.374731
80760.000000 302.969830 302.419363
80770.000000 303.010698 302.445275
80780.000000 303.052000 302.490307
80790.000000 303.093399 302.531699
80800.000000 303.134690 302.569245
80810.000000 303.176032 302.621793
80820.000000 303.216463 302.673433
80830.000000 303.256688 302.709915
80840.000000 303.297576 302.724631
80850.000000 303.338534 302.780534
80860.000000 303.378861 302.813380
80870.000000 303.419512 302.846549
80880.000000 303.459504 302.879061
80890.000000 303.499733 302.904334
80900.000000 303.539464 302.944061
80910.000000 303.579300 302.983893
80920.000000 303.619818 303.035617
80930.000000 303.660837 303.080367
80940.000000 303.701806 303.113853
80950.000000 303.742614 303.158393
80960.000000 303.783707 303.177053
80970.000000 303.824580 303.214182
80980.000000 303.865215 303.269761
80990.000000 303.905591 303.310131
81000.000000 303.946488 303.362234
81010.000000 303.987647 303.403387
81020.000000 304.029097 303.441091
81030.000000 304.070344 303.489807
81040.000000 304.112067 303.535260
81050.000000 304.153796 303.558290
81060.000000 304.195531 303.596279
81070.000000 304.236339 303.652033
81080.000000 304.277031 303.692719
81090.000000 304.317999 303.744896
81100.000000 304.358439 303.777852
81110.000000 304.399183 303.818590
81120.000000 304.439826 303.851750
81130.000000 304.480607 303.892524
81140.000000 304.521402 303.940790
81150.000000 304.561939 304.003756
81160.000000 304.602095 304.043907
81170.000000 304.642592 304.058225
81180.000000 304.684074 304.092221
81190.000000 304.726052 304.126714
81200.000000 304.768051 304.179920
81210.000000 304.809485 304.232564
81220.000000 304.850413 304.280963
81230.000000 304.891078 304.332841
81240.000000 304.931941 304.355000
81250.000000 304.972452 304.391766
81260.000000 305.013395 304.425224
81270.000000 305.054116 304.477156
81280.000000 305.094604 304.502682
81290.000000 305.134847 304.565356
81300.000000 305.174917 304.597942
81310.000000 305.214293 304.659753
81320.000000 305.253053 304.709731
81330.000000 305.291886 304.744821
81340.000000 305.331158 304.787830
81350.000000 305.370581 304.827250
81360.000000 305.409907 304.874054
81370.000000 305.449478 304.906141
81380.000000 305.489621 304.942538
81390.000000 305.529602 304.978774
81400.000000 305.569332 305.007279
81410.000000 305.609339 305.051022
81420.000000 305.649613 305.083810
81430.000000 305.689719 305.123911
81440.000000 305.729647 305.171316
81450.000000 305.769477 305.214882
81460.000000 305.808997 305.254398
81470.000000 305.848202 305.301081
81480.000000 305.887369 305.343986
81490.000000 305.927025 305.376157
81500.000000 305.967298 305.412683
81510.000000 306.007882 305.438300
81520.000000 306.049222 305.483373
81530.000000 306.091288 305.521690
81540.000000 306.133488 305.575104
81550.000000 306.175349 305.624438
81560.000000 306.217189 305.658789
81570.000000 306.259488 305.678635
81580.000000 306.302053 305.717450
81590.000000 306.344962 305.752868
81600.000000 306.388048 305.784723
81610.000000 306.430521 305.834667
81620.000000 306.472740 305.869396
81630.000000 306.515179 305.919305
81640.000000 306.557522 305.965379
81650.000000 306.600200 306.004307
81660.000000 306.643364 306.058681
81670.000000 306.686707 306.098273
81680.000000 306.730256 306.141810
81690.000000 306.773527 306.196294
81700.000000 306.816442 306.239198
81710.000000 306.859275 306.289504
81720.000000 306.901479 306.339182
81730.000000 306.943740 306.377693
81740.000000 306.986252 306.408971
81750.000000 307.028851 306.474011
81760.000000 307.070846 306.508514
81770.000000 307.113311 306.550970
81780.000000 307.155864 306.582288
81790.000000 307.198617 306.639999
81800.000000 307.241714 306.668117
81810.000000 307.284421 306.703331
81820.000000 307.327112 306.742270
81830.000000 307.369677 306.784826
81840.000000 307.411068 306.844920
81850.000000 307.452629 306.890216
81860.000000 307.494263 306.916872
81870.000000 307.536645 306.944276
81880.000000 307.579221 307.009296
81890.000000 307.621062 307.047387
81900.000000 307.663749 307.067610
81910.000000 307.707199 307.099823
81920.000000 307.750420 307.146775
81930.000000 307.793573 307.193658
81940.000000 307.836457 307.240274
81950.000000 307.879061 307.279126
81960.000000 307.921228 307.332512
81970.000000 307.962713 307.385217
81980.000000 308.003855 307.411382
81990.000000 308.044932 307.463680
82000.000000 308.086365 307.493877
82010.000000 308.127892 307.539139
82020.000000 308.169769 307.558551
82030.000000 308.211700 307.592989
82040.000000 308.253829 307.646337
82050.000000 308.296491 307.681503
82060.000000 308.339176 307.724178
82070.000000 308.381674 307.774151
82080.000000 308.424245 307.801741
82090.000000 308.467655 307.848882
82100.000000 308.511494 307.877738
82110.000000 308.556062 307.922292
82120.000000 308.600789 307.944551
82130.000000 308.645728 308.004442
82140.000000 308.690101 308.052544
82150.000000 308.734486 308.096915
82160.000000 308.778788 308.144946
82170.000000 308.822948 308.189092
82180.000000 308.866463 308.225109
82190.000000 308.910659 308.243093
82200.000000 308.954255 308.286676
82210.000000 308.997719 308.333869
82220.000000 309.041702 308.366611
82230.000000 309.086269 308.399936
82240.000000 309.130995 308.429678
82250.000000 309.176689 308.471611
82260.000000 309.222722 308.517625
82270.000000 309.268586 308.574696
82280.000000 309.314750 308.594646
82290.000000 309.361340 308.633731
82300.000000 309.408165 308.684276
82310.000000 309.454030 308.752576
82320.000000 309.499138 308.805151
82330.000000 309.544730 308.858212
82340.000000 309.590587 308.889078
82350.000000 309.637049 308.924291
82360.000000 309.684264 308.967741
82370.000000 309.731963 309.022902
82380.000000 309.779775 309.063204
82390.000000 309.827617 309.099793
82400.000000 309.876152 309.133331
82410.000000 309.924023 309.181178
82420.000000 309.971122 309.246969
82430.000000 310.018641 309.279492
82440.000000 310.067062 309.327887
82450.000000 310.115966 309.380507
82460.000000 310.164609 309.436611
82470.000000 310.213071 309.485048
82480.000000 310.261163 309.518140
82490.000000 310.308787 309.565740
82500.000000 310.356252 309.605692
82510.000000 310.404358 309.665005
82520.000000 310.452743 309.702132
82530.000000 310.501551 309.762145
82540.000000 310.550019 309.806843
82550.000000 310.597907 309.858450
82560.000000 310.645947 309.913956
82570.000000 310.694545 309.951292
82580.000000 310.743126 309.996102
82590.000000 310.792000 310.037459
82600.000000 310.842119 310.053847
82610.000000 310.892643 310.100593
82620.000000 310.943125 310.151043
82630.000000 310.993520 310.193916
82640.000000 311.044427 310.233555
82650.000000 311.095580 310.277184
82660.000000 311.146852 310.320931
82670.000000 311.197820 310.390586
82680.000000 311.248301 310.418566
82690.000000 311.299447 310.465931
82700.000000 311.350610 310.502079
82710.000000 311.402066 310.564731
82720.000000 311.453106 310.597012
82730.000000 311.505081 310.645202
82740.000000 311.557317 310.678675
82750.000000 311.609820 310.734880
82760.000000 311.662855 310.761661
82770.000000 311.716409 310.830146
82780.000000 311.769541 310.883235
82790.000000 311.822734 310.932638
82800.000000 311.875397 310.996494
82810.000000 311.927653 311.063692
82820.000000 311.979808 311.134538
82830.000000 312.032040 311.156759
82840.000000 312.084832 311.194524
82850.000000 312.137719 311.262352
82860.000000 312.190501 311.307599
82870.000000 312.243081 311.367630
82880.000000 312.295120 311.430870
82890.000000 312.346599 311.501048
82900.000000 312.398146 311.545061
82910.000000 312.450096 311.593224
82920.000000 312.502465 311.645552
82930.000000 312.555061 311.698107
82940.000000 312.607228 311.750235
82950.000000 312.659259 311.813472
82960.000000 312.710707 311.876130
82970.000000 312.762431 311.916568
82980.000000 312.814220 311.975817
82990.000000 312.865792 312.019853
83000.000000 312.916480 312.085505
83010.000000 312.967329 312.140070
83020.000000 313.018727 312.176429
83030.000000 313.070210 312.216625
83040.000000 313.121996 312.245873
83050.000000 313.174721 312.272308
83060.000000 313.227452 312.324996
83070.000000 313.279642 312.384643
83080.000000 313.332202 312.437160
83090.000000 313.384768 312.500935
83100.000000 313.437283 312.530906
83110.000000 313.490519 312.584097
83120.000000 313.544196 312.618977
83130.000000 313.598659 312.688390
83140.000000 313.653229 312.739161
83150.000000 313.707443 312.789576
83160.000000 313.761909 312.840242
83170.000000 313.816045 312.890578
83180.000000 313.869926 312.940660
83190.000000 313.923521 313.001710
83200.000000 313.976882 313.058777
83210.000000 314.030467 313.108564
83220.000000 314.084326 313.158623
83230.000000 314.137601 313.226861
83240.000000 314.190418 313.294645
83250.000000 314.243306 313.354997
83260.000000 314.296005 313.403899
83270.000000 314.349180 313.438263
83280.000000 314.403327 313.481102
83290.000000 314.457702 313.535428
83300.000000 314.511838 313.600777
83310.000000 314.565680 313.669589
83320.000000 314.619366 313.708211
83330.000000 314.672895 313.750432
83340.000000 314.726820 313.793047
83350.000000 314.780996 313.817143
83360.000000 314.835647 313.879249
83370.000000 314.889982 313.956060
83380.000000 314.943445 314.020741
83390.000000 314.997196 314.078200
83400.000000 315.050881 314.135593
83410.000000 315.105055 314.159676
83420.000000 315.159951 314.195745
83430.000000 315.214944 314.239420
83440.000000 315.270536 314.283691
83450.000000 315.325662 314.335008
83460.000000 315.381257 314.405568
83470.000000 315.437113 314.468879
83480.000000 315.492864 314.520819
83490.000000 315.548623 314.572765
83500.000000 315.604909 314.591435
83510.000000 315.661253 314.647719
83520.000000 315.717468 314.685096
83530.000000 315.773864 314.741431
83540.000000 315.830122 314.782605
83550.000000 315.886845 314.850532
83560.000000 315.942963 314.906590
83570.000000 315.999033 314.951331
83580.000000 316.055602 314.996568
83590.000000 316.112243 315.071929
83600.000000 316.168080 315.131463
83610.000000 316.223632 315.209502
83620.000000 316.278954 315.264768
83630.000000 316.333786 315.308271
83640.000000 316.388557 315.378020
83650.000000 316.443535 315.429184
83660.000000 316.498882 315.488234
83670.000000 316.553861 315.550676
83680.000000 316.608962 315.601962
83690.000000 316.663946 315.660651
83700.000000 316.719636 315.689966
83710.000000 316.775526 315.738278
83720.000000 316.831561 315.786734
83730.000000 316.887888 315.846759
83740.000000 316.944141 315.891672
83750.000000 317.000157 315.962668
83760.000000 317.056283 316.007452
83770.000000 317.112733 316.056319
83780.000000 317.169136 316.112660
83790.000000 317.225777 316.146675
83800.000000 317.283056 316.196367
83810.000000 317.340831 316.261595
83820.000000 317.398429 316.322886
83830.000000 317.456100 316.391774
83840.000000 317.513959 316.442041
83850.000000 317.571884 316.499899
83860.000000 317.629310 316.568545
83870.000000 317.686299 316.632995
83880.000000 317.742197 316.707648
83890.000000 317.797490 316.770413
83900.000000 317.852545 316.817883
83910.000000 317.907932 316.861922
83920.000000 317.963245 316.920940
83930.000000 318.018436 316.979839
83940.000000 318.072525 317.048934
83950.000000 318.126143 317.117562
83960.000000 318.179134 317.181802
83970.000000 318.231622 317.253076
83980.000000 318.284119 317.301761
83990.000000 318.336209 317.368874
84000.000000 318.388610 317.417464
84010.000000 318.441691 317.455429
84020.000000 318.494605 317.515831
84030.000000 318.547261 317.579744
84040.000000 318.599885 317.632323
84050.000000 318.652477 317.692407
84060.000000 318.704617 317.740736
84070.000000 318.756486 317.796331
84080.000000 318.808548 317.837043
84090.000000 318.860280 317.900039
84100.000000 318.912531 317.956016
84110.000000 318.964435 318.030497
84120.000000 319.016287 318.078537
84130.000000 319.068240 318.126679
84140.000000 319.120063 318.186002
84150.000000 319.171738 318.241407
84160.000000 319.222995 318.307709
84170.000000 319.273419 318.358097
84180.000000 319.323210 318.422941
84190.000000 319.373097 318.450162
84200.000000 319.423179 318.492666
84210.000000 319.472782 318.538463
84220.000000 319.522837 318.565853
84230.000000 319.573094 318.627387
84240.000000 319.623635 318.681663
84250.000000 319.674650 318.717551
84260.000000 319.725718 318.768580
84270.000000 319.776493 318.815545
84280.000000 319.826789 318.877120
84290.000000 319.876638 318.938251
84300.000000 319.925953 319.010170
84310.000000 319.975854 319.033624
84320.000000 320.025641 319.090923
84330.000000 320.075663 319.140909
84340.000000 320.125560 319.194544
84350.000000 320.174596 319.251096
84360.000000 320.223664 319.303905
84370.000000 320.272960 319.360717
84380.000000 320.322337 319.413836
84390.000000 320.371921 319.444514
84400.000000 320.422135 319.506016
84410.000000 320.472360 319.563756
84420.000000 320.522190 319.621103
84430.000000 320.571483 319.659037
84440.000000 320.621297 319.720143
84450.000000 320.672133 319.740739
84460.000000 320.723698 319.818694
84470.000000 320.775013 319.866195
84480.000000 320.825987 319.924684
84490.000000 320.877185 319.964515
84500.000000 320.929083 320.020151
84510.000000 320.980588 320.067840
84520.000000 321.031728 320.118942
84530.000000 321.083407 320.159252
84540.000000 321.134003 320.236251
84550.000000 321.184169 320.275050
84560.000000 321.235068 320.314580
84570.000000 321.285858 320.376666
84580.000000 321.336597 320.427368
84590.000000 321.387256 320.493103
84600.000000 321.437476 320.554625
84610.000000 321.487493 320.615945
84620.000000 321.537730 320.654812
84630.000000 321.587987 320.708813
84640.000000 321.638312 320.778002
84650.000000 321.688106 320.831544
84660.000000 321.737724 320.896253
84670.000000 321.786860 320.968045
84680.000000 321.835804 321.020742
84690.000000 321.884651 321.065780
84700.000000 321.933166 321.114267
84710.000000 321.981565 321.166421
84720.000000 322.029790 321.207057
84730.000000 322.077276 321.243174
84740.000000 322.124556 321.279085
84750.000000 322.172121 321.341751
84760.000000 322.219079 321.396250
84770.000000 322.265355 321.457634
84780.000000 322.310872 321.514481
84790.000000 322.356054 321.548296
84800.000000 322.401463 321.570991
84810.000000 322.447362 321.624435
84820.000000 322.493473 321.659177
84830.000000 322.540198 321.705878
84840.000000 322.586603 321.763611
84850.000000 322.632935 321.806138
84860.000000 322.679171 321.848569
84870.000000 322.725678 321.891272
84880.000000 322.772074 321.956562
84890.000000 322.817688 322.021076
84900.000000 322.862936 322.073874
84910.000000 322.908184 322.130457
84920.000000 322.953347 322.171818
84930.000000 322.997743 322.227553
84940.000000 323.041453 322.275035
84950.000000 323.085023 322.314806
84960.000000 323.128722 322.354707
84970.000000 323.172847 322.406387
84980.000000 323.217417 322.443371
84990.000000 323.261965 322.487903
85000.000000 323.306074 322.535783
85010.000000 323.349912 322.572035
85020.000000 323.393857 322.597040
85030.000000 323.438034 322.641202
85040.000000 323.482213 322.692936
85050.000000 323.526364 322.699222
85060.000000 323.570200 322.746827
85070.000000 323.614918 322.776390
85080.000000 323.660095 322.821548
85090.000000 323.705482 322.863131
85100.000000 323.751267 322.893759
85110.000000 323.797381 322.943635
85120.000000 323.844025 322.975119
85130.000000 323.890527 323.021597
85140.000000 323.936613 323.082800
85150.000000 323.982626 323.136362
85160.000000 324.028528 323.197384
85170.000000 324.074059 323.250467
85180.000000 324.118913 323.295303
85190.000000 324.163316 323.316976
85200.000000 324.208027 323.361669
85210.000000 324.252828 323.406453
85220.000000 324.297325 323.458504
85230.000000 324.341335 323.498713
85240.000000 324.384959 323.549893
85250.000000 324.428930 323.593849
85260.000000 324.473527 323.630857
85270.000000 324.518471 323.675782
85280.000000 324.564199 323.713918
85290.000000 324.610155 323.767426
85300.000000 324.656439 323.817475
85310.000000 324.702891 323.863905
85320.000000 324.749931 323.899562
85330.000000 324.797414 323.939447
85340.000000 324.844911 323.990705
85350.000000 324.892323 324.053239
85360.000000 324.939849 324.108315
85370.000000 324.987463 324.152117
85380.000000 325.035400 324.200028
85390.000000 325.083689 324.240716
85400.000000 325.132206 324.285419
85410.000000 325.180582 324.356494
85420.000000 325.229002 324.412464
85430.000000 325.278207 324.442699
85440.000000 325.328140 324.469875
85450.000000 325.378688 324.516602
85460.000000 325.429466 324.563558
85470.000000 325.480508 324.603202
85480.000000 325.531259 324.650131
85490.000000 325.582392 324.693652
85500.000000 325.634285 324.711421
85510.000000 325.686731 324.748678
85520.000000 325.740006 324.794335
85530.000000 325.794020 324.836942
85540.000000 325.848170 324.891045
85550.000000 325.902289 324.960265
85560.000000 325.956069 325.025363
85570.000000 326.009388 325.082426
85580.000000 326.062622 325.135617
85590.000000 326.116129 325.170138
85600.000000 326.170158 325.224121
85610.000000 326.223980 325.274108
85620.000000 326.278388 325.324680
85630.000000 326.332569 325.397758
85640.000000 326.387340 325.433536
85650.000000 326.442401 325.484758
85660.000000 326.497646 325.547531
85670.000000 326.552396 325.617391
85680.000000 326.606467 325.675206
85690.000000 326.660431 325.729125
85700.000000 326.714418 325.760324
85710.000000 326.768938 325.814796
85720.000000 326.823579 325.876969
85730.000000 326.878043 325.942758
85740.000000 326.931661 326.007706
85750.000000 326.985052 326.057262
85760.000000 327.039030 326.103612
85770.000000 327.093275 326.161602
85780.000000 327.147922 326.223786
85790.000000 327.202869 326.286270
85800.000000 327.257712 326.341067
85810.000000 327.312059 326.399161
85820.000000 327.365653 326.452711
85830.000000 327.419334 326.521523
85840.000000 327.473176 326.560146
85850.000000 327.527223 326.625531
85860.000000 327.581441 326.679704
85870.000000 327.635311 326.725942
85880.000000 327.688258 326.794027
85890.000000 327.740543 326.861453
85900.000000 327.793039 326.894935
85910.000000 327.846223 326.948076
85920.000000 327.899664 327.016658
85930.000000 327.953238 327.070190
85940.000000 328.006765 327.135065
85950.000000 328.060312 327.184774
85960.000000 328.113591 327.226622
85970.000000 328.166413 327.283201
85980.000000 328.219338 327.336087
85990.000000 328.272425 327.370149
86000.000000 328.325663 327.430939
86010.000000 328.378347 327.479786
86020.000000 328.431229 327.517439
86030.000000 328.484775 327.544365
86040.000000 328.538839 327.624962
86050.000000 328.592168 327.685843
86060.000000 328.645125 327.750153
86070.000000 328.698241 327.810825
86080.000000 328.751384 327.875323
86090.000000 328.804139 327.950834
86100.000000 328.856795 327.999653
86110.000000 328.910121 328.033942
86120.000000 328.964006 328.080186
86130.000000 329.018000 328.130337
86140.000000 329.072473 328.184766
86150.000000 329.126423 328.242473
86160.000000 329.180369 328.311578
86170.000000 329.233493 328.368463
86180.000000 329.286862 328.421791
86190.000000 329.340084 328.486378
86200.000000 329.393256 328.531908
86210.000000 329.446343 328.592559
86220.000000 329.498943 328.660329
86230.000000 329.551096 328.708644
86240.000000 329.603329 328.745632
86250.000000 329.655586 328.801655
86260.000000 329.707903 328.857738
86270.000000 329.760048 328.890834
86280.000000 329.812825 328.943573
86290.000000 329.866204 328.981701
86300.000000 329.919600 329.054070
86310.000000 329.973168 329.096188
86320.000000 330.026824 329.157409
86330.000000 330.080089 329.210634
86340.000000 330.133141 329.286470
86350.000000 330.186196 329.339487
86360.000000 330.239125 329.392377
86370.000000 330.292195 329.445410
86380.000000 330.344926 329.486689
86390.000000 330.397688 329.550827
