timestamp,sample_idx,system_occupancy,avg_wait_error,q0_len,q1_len,q2_len,server_busy,little_error
10.0000,1,2.9548,0.0000,0,0,0,1,0.0000
20.0000,2,6.6940,0.0000,7,5,10,1,2.4701
30.0000,3,14.2342,0.0000,14,11,12,1,3.5852
40.0000,4,22.2158,0.0000,20,18,18,1,4.5146
50.0000,5,30.4979,0.0000,26,19,26,1,6.3946
60.0000,6,39.2952,0.0000,36,28,29,1,10.0954
70.0000,7,48.5382,0.0000,39,31,37,1,12.4930
80.0000,8,56.8971,0.0000,43,35,46,1,15.0775
90.0000,9,65.0937,0.0000,51,40,50,1,16.6130
100.0000,10,73.0106,0.0000,56,42,52,1,18.4486
110.0000,11,81.2143,0.0000,63,52,59,1,20.8343
120.0000,12,89.3958,0.0000,68,57,66,1,22.5879
130.0000,13,97.9488,0.0000,77,62,70,1,25.0674
140.0000,14,106.5270,0.0000,79,68,77,1,25.6280
150.0000,15,114.7555,0.0000,88,68,80,1,26.9738
160.0000,16,122.5163,0.0000,89,69,83,1,28.2761
170.0000,17,129.9953,0.0000,92,73,97,1,30.5969
180.0000,18,137.4174,0.0000,93,75,98,1,31.4532
190.0000,19,144.7568,0.0000,98,85,102,1,32.9425
200.0000,20,152.2305,0.0000,105,92,106,1,35.0887
210.0000,21,159.6994,0.0000,108,94,109,1,36.6228
220.0000,22,166.8093,0.0000,110,99,117,1,38.0283
230.0000,23,174.0384,0.0000,115,106,125,1,39.4189
240.0000,24,181.4577,0.0000,120,108,132,1,41.7077
250.0000,25,188.7893,0.0000,124,108,135,1,43.4611
260.0000,26,195.9184,0.0000,129,114,139,1,45.1232
270.0000,27,203.1956,0.0000,131,126,142,1,46.1986
280.0000,28,210.3863,0.0000,138,128,141,1,47.7423
290.0000,29,217.4792,0.0000,149,131,146,1,50.4065
300.0000,30,224.5901,0.0000,150,136,150,1,49.8750
310.0000,31,231.5769,0.0000,155,139,155,1,50.7301
320.0000,32,238.6156,0.0000,162,146,157,1,52.8148
330.0000,33,245.7350,0.0000,170,150,160,1,54.1522
340.0000,34,252.7209,0.0000,178,155,161,1,54.1361
350.0000,35,259.5880,0.0000,176,156,159,1,53.5172
360.0000,36,266.1777,0.0000,179,160,163,1,53.4627
370.0000,37,272.8205,0.0000,184,167,169,1,54.8509
380.0000,38,279.5177,0.0000,187,172,172,1,55.8514
390.0000,39,286.2259,0.0000,189,181,178,1,57.3979
400.0000,40,292.8310,0.0000,188,179,184,1,58.2093
410.0000,41,299.2813,0.0000,195,182,189,1,59.6046
420.0000,42,305.6873,0.0000,197,188,191,1,60.9389
430.0000,43,312.1741,0.0000,201,195,194,1,61.7205
440.0000,44,318.6997,0.0000,206,197,204,1,63.1147
450.0000,45,325.3760,0.0000,216,207,203,1,63.9864
460.0000,46,332.1087,0.0000,220,210,208,1,65.5592
470.0000,47,338.7126,0.0000,224,215,212,1,66.4971
480.0000,48,345.3525,0.0000,227,219,218,1,68.5972
490.0000,49,352.0625,0.0000,233,229,221,1,70.1004
500.0000,50,358.6913,0.0000,235,235,221,1,70.9639
510.0000,51,365.1837,0.0000,234,236,223,1,71.1754
520.0000,52,371.5572,0.0000,235,240,223,1,71.3735
530.0000,53,377.8351,0.0000,237,246,225,1,71.5939
540.0000,54,384.1826,0.0000,244,255,229,1,72.4304
550.0000,55,390.5617,0.0000,251,262,232,1,73.8955
560.0000,56,396.9903,0.0000,253,265,240,1,74.8347
570.0000,57,403.5729,0.0000,262,271,249,1,76.3727
580.0000,58,410.1271,0.0000,267,273,253,1,77.8888
590.0000,59,416.6830,0.0000,272,278,255,1,78.8475
600.0000,60,423.3854,0.0000,281,285,265,1,81.0279
610.0000,61,430.2330,0.0000,286,292,274,1,82.6218
620.0000,62,437.1688,0.0000,292,296,281,1,84.7908
630.0000,63,444.1951,0.0000,298,305,286,1,86.4112
640.0000,64,451.2643,0.0000,303,311,290,1,87.4880
650.0000,65,458.3078,0.0000,306,314,293,1,88.5190
660.0000,66,465.2939,0.0000,309,320,300,1,89.5444
670.0000,67,472.3363,0.0000,310,323,305,1,89.9665
680.0000,68,479.2824,0.0000,315,332,309,1,90.9353
690.0000,69,486.3141,0.0000,322,339,312,1,92.4810
700.0000,70,493.2566,0.0000,322,340,314,1,92.3116
710.0000,71,500.1839,0.0000,322,345,321,1,93.2700
720.0000,72,507.0902,0.0000,326,350,330,1,95.3446
730.0000,73,513.9947,0.0000,331,357,339,1,96.8545
740.0000,74,521.0246,0.0000,336,362,341,1,98.2219
750.0000,75,527.9413,0.0000,336,365,341,1,100.1435
760.0000,76,534.8361,0.0000,342,371,349,1,102.5837
770.0000,77,541.7433,0.0000,346,374,351,1,103.8933
780.0000,78,548.5649,0.0000,355,374,352,1,104.6051
790.0000,79,555.3426,0.0000,357,376,356,1,105.8476
800.0000,80,562.0992,0.0000,357,380,363,1,106.5060
810.0000,81,568.8616,0.0000,364,388,371,1,109.3800
820.0000,82,575.7408,0.0000,369,397,380,1,111.1626
830.0000,83,582.7275,0.0000,373,399,393,1,112.9445
840.0000,84,589.6901,0.0000,376,401,394,1,112.4815
850.0000,85,596.6930,0.0000,387,409,403,1,115.3791
860.0000,86,603.7690,0.0000,391,417,404,1,116.0695
870.0000,87,610.7928,0.0000,395,419,410,1,116.7458
880.0000,88,617.7901,0.0000,396,421,413,1,116.8719
890.0000,89,624.7109,0.0000,399,424,417,1,118.6602
900.0000,90,631.6228,0.0000,406,426,423,1,120.4223
910.0000,91,638.6454,0.0000,415,435,435,1,122.7346
920.0000,92,645.7498,0.0000,418,438,444,1,125.0492
930.0000,93,652.8883,0.0000,419,446,450,1,126.2563
940.0000,94,660.0140,0.0000,423,448,456,1,126.9315
950.0000,95,667.1418,0.0000,430,455,463,1,129.2605
960.0000,96,674.2719,0.0000,436,456,465,1,130.4474
970.0000,97,681.3826,0.0000,439,464,469,1,132.7324
980.0000,98,688.5100,0.0000,441,467,476,1,134.4625
990.0000,99,695.6027,0.0000,447,470,477,1,135.0648
1000.0000,100,702.6760,0.0000,445,473,487,1,136.7631
1010.0000,101,709.7774,0.0000,448,483,499,1,138.4907
1020.0000,102,716.9311,0.0000,450,494,503,1,140.2533
1030.0000,103,724.0492,0.0000,449,497,507,1,140.8885
1040.0000,104,731.1199,0.0000,456,499,510,1,143.7607
1050.0000,105,738.1720,0.0000,461,505,513,1,144.9365
1060.0000,106,745.2533,0.0000,471,510,519,1,146.1277
1070.0000,107,752.4042,0.0000,478,517,524,1,147.8924
1080.0000,108,759.5832,0.0000,485,518,532,1,149.6379
1090.0000,109,766.7736,0.0000,489,528,533,1,150.8298
1100.0000,110,773.9946,0.0000,493,535,542,1,153.1661
1110.0000,111,781.2791,0.0000,503,540,552,1,154.9476
1120.0000,112,788.6922,0.0000,506,553,559,1,157.3369
1130.0000,113,796.0631,0.0000,513,551,561,1,158.0008
1140.0000,114,803.4665,0.0000,516,560,577,1,160.3651
1150.0000,115,810.8943,0.0000,518,562,583,1,161.5830
1160.0000,116,818.3500,0.0000,523,570,591,1,163.9480
1170.0000,117,825.8022,0.0000,526,581,591,1,166.3245
1180.0000,118,833.2774,0.0000,533,587,597,1,168.7063
1190.0000,119,840.7273,0.0000,533,590,600,1,170.5269
1200.0000,120,848.1491,0.0000,535,592,608,1,172.3166
1210.0000,121,855.5262,0.0000,546,597,612,1,173.5038
1220.0000,122,862.9436,0.0000,551,599,616,1,174.6913
1230.0000,123,870.3653,0.0000,559,608,617,1,176.4603
1240.0000,124,877.7880,0.0000,563,611,619,1,177.6681
1250.0000,125,885.1949,0.0000,566,617,627,1,179.4336
1260.0000,126,892.5517,0.0000,567,621,630,1,181.1904
1270.0000,127,899.9143,0.0000,570,628,639,1,182.9567
1280.0000,128,907.2963,0.0000,578,629,645,1,185.2827
1290.0000,129,914.6696,0.0000,577,628,654,1,186.4041
1300.0000,130,922.0200,0.0000,583,638,663,1,188.6728
1310.0000,131,929.4484,0.0000,584,651,668,1,191.0042
1320.0000,132,936.8416,0.0000,591,653,667,1,192.7483
1330.0000,133,944.2195,0.0000,595,657,672,1,193.8893
1340.0000,134,951.6107,0.0000,606,659,676,1,196.1813
1350.0000,135,958.9799,0.0000,615,663,678,1,197.2786
1360.0000,136,966.3400,0.0000,618,667,682,1,197.8649
1370.0000,137,973.6959,0.0000,620,672,689,1,200.3044
1380.0000,138,981.0682,0.0000,624,681,693,1,201.1691
1390.0000,139,988.4337,0.0000,625,684,703,1,202.3504
1400.0000,140,995.8066,0.0000,629,691,707,1,204.8064
1410.0000,141,1003.1474,0.0000,632,694,712,1,206.0986
1420.0000,142,1010.5508,0.0000,649,699,720,1,208.5572
1430.0000,143,1017.9866,0.0000,652,707,720,1,210.4232
1440.0000,144,1025.4127,0.0000,657,714,723,1,211.6832
1450.0000,145,1032.8780,0.0000,667,727,728,1,214.6555
1460.0000,146,1040.4249,0.0000,676,732,735,1,217.0465
1470.0000,147,1047.9836,0.0000,677,736,745,1,218.2982
1480.0000,148,1055.5100,0.0000,685,738,749,1,220.1376
1490.0000,149,1063.1169,0.0000,691,750,758,1,221.9989
1500.0000,150,1070.7321,0.0000,691,753,765,1,224.4437
1510.0000,151,1078.2960,0.0000,694,753,768,1,225.7341
1520.0000,152,1085.8267,0.0000,703,756,772,1,227.0169
1530.0000,153,1093.3656,0.0000,713,756,777,1,228.2945
1540.0000,154,1100.9177,0.0000,716,763,783,1,229.5878
1550.0000,155,1108.4535,0.0000,722,767,792,1,230.8835
1560.0000,156,1116.0233,0.0000,729,770,797,1,232.1981
1570.0000,157,1123.5719,0.0000,733,773,797,1,232.9162
1580.0000,158,1131.0758,0.0000,738,776,803,1,234.2093
1590.0000,159,1138.6429,0.0000,741,791,812,1,235.5214
1600.0000,160,1146.2197,0.0000,745,796,817,1,237.4234
1610.0000,161,1153.7645,0.0000,743,799,823,1,238.7455
1620.0000,162,1161.2864,0.0000,749,804,827,1,241.7960
1630.0000,163,1168.7974,0.0000,750,810,835,1,244.2481
1640.0000,164,1176.3039,0.0000,752,813,842,1,246.1377
1650.0000,165,1183.8222,0.0000,759,819,848,1,247.4683
1660.0000,166,1191.3611,0.0000,768,822,851,1,249.3700
1670.0000,167,1198.8623,0.0000,769,817,857,1,250.1026
1680.0000,168,1206.3248,0.0000,774,822,865,1,251.4256
1690.0000,169,1213.8006,0.0000,776,827,868,1,252.7719
1700.0000,170,1221.2151,0.0000,777,832,871,1,254.6695
1710.0000,171,1228.6300,0.0000,780,834,880,1,257.1499
1720.0000,172,1236.0439,0.0000,783,839,883,1,257.8910
1730.0000,173,1243.4007,0.0000,783,839,889,1,258.0533
1740.0000,174,1250.7666,0.0000,785,846,901,1,261.1449
1750.0000,175,1258.1437,0.0000,789,855,904,1,263.0670
1760.0000,176,1265.5171,0.0000,791,864,910,1,264.9745
1770.0000,177,1272.8641,0.0000,789,863,914,1,265.1464
1780.0000,178,1280.1451,0.0000,788,866,915,1,266.4921
1790.0000,179,1287.3730,0.0000,794,862,920,1,266.6912
1800.0000,180,1294.5541,0.0000,798,871,923,1,268.6020
1810.0000,181,1301.7927,0.0000,806,878,928,1,271.0877
1820.0000,182,1309.0528,0.0000,814,886,933,1,273.5611
1830.0000,183,1316.2992,0.0000,817,890,936,1,276.0117
1840.0000,184,1323.5352,0.0000,820,890,937,1,276.1602
1850.0000,185,1330.7300,0.0000,825,895,944,1,278.6041
1860.0000,186,1337.9383,0.0000,832,897,950,1,279.9034
1870.0000,187,1345.1447,0.0000,838,893,958,1,281.2138
1880.0000,188,1352.3466,0.0000,845,898,963,1,283.6790
1890.0000,189,1359.5396,0.0000,844,902,967,1,284.9848
1900.0000,190,1366.6989,0.0000,848,905,970,1,285.7122
1910.0000,191,1373.8172,0.0000,848,904,978,1,287.5877
1920.0000,192,1380.9136,0.0000,851,910,983,1,289.4690
1930.0000,193,1388.0128,0.0000,853,918,987,1,291.9186
1940.0000,194,1395.0940,0.0000,856,925,990,1,293.2042
1950.0000,195,1402.1966,0.0000,861,932,999,1,295.6419
1960.0000,196,1409.3081,0.0000,865,934,1000,1,297.4962
1970.0000,197,1416.3999,0.0000,879,936,1000,1,299.3215
1980.0000,198,1423.4688,0.0000,882,937,998,1,299.9517
1990.0000,199,1430.4849,0.0000,888,937,999,1,300.5557
2000.0000,200,1437.4878,0.0000,893,942,1000,1,302.8836
2010.0000,201,1444.4780,0.0000,898,948,1000,1,304.5983
2020.0000,202,1451.4422,0.0000,904,952,999,1,305.1198
2030.0000,203,1458.3690,0.0000,911,951,1000,1,307.3740
2040.0000,204,1465.2729,0.0000,918,956,1000,1,309.0146
2050.0000,205,1472.1566,0.0000,918,962,1000,1,310.6305
2060.0000,206,1479.0300,0.0000,930,969,999,1,312.8016
2070.0000,207,1485.9211,0.0000,936,973,1000,1,314.9434
2080.0000,208,1492.7846,0.0000,944,978,1000,1,316.4716
2090.0000,209,1499.6418,0.0000,949,985,1000,1,317.9830
2100.0000,210,1506.5055,0.0000,956,989,999,1,320.0528
2110.0000,211,1513.3344,0.0000,962,992,1000,1,321.5122
2120.0000,212,1520.1666,0.0000,968,1000,1000,1,322.3567
2130.0000,213,1526.9616,0.0000,972,1000,1000,1,323.1792
2140.0000,214,1533.7278,0.0000,981,1000,1000,1,323.9831
2150.0000,215,1540.4693,0.0000,985,1000,1000,1,325.3593
2160.0000,216,1547.1663,0.0000,989,999,1000,1,327.3043
2170.0000,217,1553.8133,0.0000,993,999,999,1,328.6309
2180.0000,218,1560.4119,0.0000,996,1000,998,1,329.3497
2190.0000,219,1566.9676,0.0000,999,1000,1000,1,331.2276
2200.0000,220,1573.4757,0.0000,1000,999,1000,1,331.3145
2210.0000,221,1579.9215,0.0000,999,1000,999,1,332.5680
2220.0000,222,1586.3129,0.0000,1000,999,1000,1,334.3876
2230.0000,223,1592.6484,0.0000,1000,999,1000,1,335.5922
2240.0000,224,1598.9277,0.0000,1000,999,999,1,336.7739
2250.0000,225,1605.1486,0.0000,1000,1000,999,1,336.7525
2260.0000,226,1611.3160,0.0000,1000,1000,1000,1,337.9066
2270.0000,227,1617.4294,0.0000,999,999,1000,1,338.4467
2280.0000,228,1623.4898,0.0000,1000,999,999,1,338.9701
2290.0000,229,1629.4962,0.0000,1000,1000,1000,1,341.2579
2300.0000,230,1635.4525,0.0000,1000,1000,1000,1,342.3335
2310.0000,231,1641.3500,0.0000,1000,1000,999,1,342.7901
2320.0000,232,1647.2002,0.0000,1000,1000,1000,1,344.4272
2330.0000,233,1652.9976,0.0000,1000,999,1000,1,345.4478
2340.0000,234,1658.7476,0.0000,1000,999,1000,1,347.0493
2350.0000,235,1664.4515,0.0000,1000,999,1000,1,348.0342
2360.0000,236,1670.1002,0.0000,1000,999,999,1,347.8077
2370.0000,237,1675.7085,0.0000,1000,1000,1000,1,349.9614
2380.0000,238,1681.2663,0.0000,1000,1000,999,1,350.8902
2390.0000,239,1686.7776,0.0000,1000,999,1000,1,351.8056
2400.0000,240,1692.2436,0.0000,1000,1000,1000,1,352.1075
2410.0000,241,1697.6602,0.0000,999,1000,998,1,351.8076
2420.0000,242,1703.0334,0.0000,999,1000,1000,1,352.6913
2430.0000,243,1708.3662,0.0000,999,999,999,1,353.5573
2440.0000,244,1713.6546,0.0000,1000,1000,1000,1,353.8144
2450.0000,245,1718.8981,0.0000,1000,1000,1000,1,354.0619
2460.0000,246,1724.1023,0.0000,998,999,998,1,354.8933
2470.0000,247,1729.2607,0.0000,1000,1000,999,1,355.7105
2480.0000,248,1734.3750,0.0000,998,1000,998,1,355.3110
2490.0000,249,1739.4509,0.0000,1000,1000,1000,1,356.6996
2500.0000,250,1744.4895,0.0000,1000,1000,1000,1,356.8783
2510.0000,251,1749.4883,0.0000,999,999,999,1,357.6436
2520.0000,252,1754.4416,0.0000,1000,1000,999,1,357.7900
2530.0000,253,1759.3619,0.0000,1000,999,998,1,359.1232
2540.0000,254,1764.2393,0.0000,1000,1000,1000,1,359.8390
2550.0000,255,1769.0771,0.0000,1000,1000,1000,1,359.9430
2560.0000,256,1773.8766,0.0000,999,999,1000,1,360.0379
2570.0000,257,1778.6438,0.0000,999,1000,1000,1,361.9254
2580.0000,258,1783.3735,0.0000,1000,1000,1000,1,361.9908
2590.0000,259,1788.0676,0.0000,1000,1000,1000,1,362.6493
2600.0000,260,1792.7240,0.0000,998,1000,1000,1,363.8952
2610.0000,261,1797.3425,0.0000,1000,1000,999,1,365.1251
2620.0000,262,1801.9272,0.0000,1000,1000,999,1,365.1408
2630.0000,263,1806.4792,0.0000,1000,999,1000,1,365.7521
2640.0000,264,1810.9925,0.0000,1000,998,998,1,365.7471
2650.0000,265,1815.4771,0.0000,1000,1000,1000,1,367.5393
2660.0000,266,1819.9256,0.0000,1000,1000,1000,1,368.1123
2670.0000,267,1824.3407,0.0000,999,1000,1000,1,368.0729
2680.0000,268,1828.7211,0.0000,997,1000,1000,1,368.6247
2690.0000,269,1833.0689,0.0000,999,999,999,1,369.7653
2700.0000,270,1837.3860,0.0000,1000,1000,1000,1,370.2880
2710.0000,271,1841.6697,0.0000,1000,1000,999,1,370.2000
2720.0000,272,1845.9256,0.0000,999,1000,1000,1,371.3073
2730.0000,273,1850.1525,0.0000,1000,1000,1000,1,373.0065
2740.0000,274,1854.3467,0.0000,1000,1000,1000,1,374.0852
2750.0000,275,1858.5103,0.0000,1000,1000,1000,1,375.1491
2760.0000,276,1862.6410,0.0000,1000,999,1000,1,375.5925
2770.0000,277,1866.7429,0.0000,1000,1000,1000,1,376.0316
2780.0000,278,1870.8155,0.0000,1000,1000,999,1,375.8549
2790.0000,279,1874.8586,0.0000,1000,1000,1000,1,376.8781
2800.0000,280,1878.8735,0.0000,1000,1000,1000,1,377.2863
2810.0000,281,1882.8615,0.0000,999,1000,1000,1,378.2900
2820.0000,282,1886.8185,0.0000,1000,1000,999,1,378.0631
2830.0000,283,1890.7460,0.0000,1000,1000,998,1,377.2188
2840.0000,284,1894.6478,0.0000,1000,999,999,1,377.5836
2850.0000,285,1898.5207,0.0000,1000,1000,999,1,377.9404
2860.0000,286,1902.3649,0.0000,1000,1000,1000,1,377.6831
2870.0000,287,1906.1848,0.0000,999,999,998,1,377.4179
2880.0000,288,1909.9799,0.0000,1000,1000,1000,1,378.3626
2890.0000,289,1913.7472,0.0000,1000,999,999,1,378.6866
2900.0000,290,1917.4870,0.0000,1000,997,1000,1,379.0031
2910.0000,291,1921.2014,0.0000,1000,1000,998,1,378.0901
2920.0000,292,1924.8903,0.0000,998,998,1000,1,378.3902
2930.0000,293,1928.5427,0.0000,996,999,999,1,376.8547
2940.0000,294,1932.1826,0.0000,999,1000,1000,1,376.5349
2950.0000,295,1935.7947,0.0000,1000,1000,1000,1,376.8148
2960.0000,296,1939.3848,0.0000,1000,999,1000,1,377.0856
2970.0000,297,1942.9483,0.0000,1000,1000,999,1,375.5197
2980.0000,298,1946.4874,0.0000,1000,999,1000,1,375.7809
2990.0000,299,1950.0082,0.0000,1000,999,1000,1,376.6485
3000.0000,300,1953.5020,0.0000,999,1000,999,1,375.6856
3010.0000,301,1956.9765,0.0000,1000,1000,1000,1,375.9340
3020.0000,302,1960.4281,0.0000,999,1000,1000,1,376.7834
3030.0000,303,1963.8563,0.0000,999,1000,998,1,377.0157
3040.0000,304,1967.2597,0.0000,1000,999,999,1,376.6330
3050.0000,305,1970.6424,0.0000,1000,1000,999,1,377.4580
3060.0000,306,1973.9992,0.0000,999,1000,999,1,377.0571
3070.0000,307,1977.3367,0.0000,999,1000,999,1,377.2591
3080.0000,308,1980.6552,0.0000,1000,1000,1000,1,377.4556
3090.0000,309,1983.9436,0.0000,998,999,999,1,377.0354
3100.0000,310,1987.2176,0.0000,1000,998,1000,1,377.2199
3110.0000,311,1990.4693,0.0000,1000,1000,1000,1,378.0066
3120.0000,312,1993.6985,0.0000,999,1000,999,1,376.9570
3130.0000,313,1996.9036,0.0000,997,999,999,1,375.9108
3140.0000,314,2000.0838,0.0000,1000,1000,1000,1,375.4747
3150.0000,315,2003.2540,0.0000,1000,1000,999,1,375.6403
3160.0000,316,2006.4042,0.0000,999,999,1000,1,375.7998
3170.0000,317,2009.5327,0.0000,1000,1000,1000,1,375.3475
3180.0000,318,2012.6436,0.0000,999,1000,1000,1,375.4938
3190.0000,319,2015.7342,0.0000,1000,999,1000,1,376.2425
3200.0000,320,2018.8052,0.0000,1000,998,999,1,376.3759
3210.0000,321,2021.8575,0.0000,1000,1000,1000,1,375.8978
3220.0000,322,2024.8893,0.0000,999,998,998,1,375.4138
3230.0000,323,2027.9033,0.0000,1000,1000,999,1,376.1329
3240.0000,324,2030.9014,0.0000,1000,1000,1000,1,376.8439
3250.0000,325,2033.8805,0.0000,1000,1000,1000,1,376.3332
3260.0000,326,2036.8414,0.0000,1000,999,1000,1,376.4245
3270.0000,327,2039.7828,0.0000,1000,1000,1000,1,375.9035
3280.0000,328,2042.7072,0.0000,1000,999,999,1,375.9832
3290.0000,329,2045.6137,0.0000,999,999,1000,1,376.0532
3300.0000,330,2048.4992,0.0000,999,1000,999,1,375.5093
3310.0000,331,2051.3707,0.0000,1000,1000,1000,1,375.5713
3320.0000,332,2054.2260,0.0000,1000,1000,1000,1,375.6275
3330.0000,333,2057.0659,0.0000,1000,999,1000,1,377.5025
3340.0000,334,2059.8827,0.0000,1000,999,999,1,376.9265
3350.0000,335,2062.6845,0.0000,999,999,999,1,376.3452
3360.0000,336,2065.4690,0.0000,999,999,1000,1,375.7609
3370.0000,337,2068.2377,0.0000,999,1000,998,1,375.7873
3380.0000,338,2070.9894,0.0000,1000,1000,1000,1,375.8109
3390.0000,339,2073.7249,0.0000,998,999,999,1,375.2208
3400.0000,340,2076.4442,0.0000,1000,1000,1000,1,375.8442
3410.0000,341,2079.1512,0.0000,999,1000,999,1,375.2455
3420.0000,342,2081.8395,0.0000,999,1000,1000,1,375.2513
3430.0000,343,2084.5136,0.0000,1000,1000,998,1,375.2526
3440.0000,344,2087.1595,0.0000,1000,999,993,1,374.0290
3450.0000,345,2089.7889,0.0000,1000,1000,999,1,374.6200
3460.0000,346,2092.4160,0.0000,999,1000,1000,1,374.6086
3470.0000,347,2095.0290,0.0000,999,999,1000,1,374.5917
3480.0000,348,2097.6256,0.0000,999,1000,999,1,374.5691
3490.0000,349,2100.2060,0.0000,1000,999,999,1,373.9327
3500.0000,350,2102.7735,0.0000,999,1000,1000,1,373.9024
3510.0000,351,2105.3227,0.0000,998,1000,1000,1,372.6548
3520.0000,352,2107.8567,0.0000,1000,998,999,1,371.4047
3530.0000,353,2110.3797,0.0000,1000,1000,1000,1,371.3657
3540.0000,354,2112.8893,0.0000,999,1000,1000,1,370.7151
3550.0000,355,2115.3858,0.0000,1000,1000,1000,1,370.6676
3560.0000,356,2117.8649,0.0000,1000,999,999,1,369.4046
3570.0000,357,2120.3330,0.0000,1000,1000,999,1,369.3555
3580.0000,358,2122.7871,0.0000,1000,999,1000,1,369.9042
3590.0000,359,2125.2277,0.0000,1000,1000,1000,1,369.8399
3600.0000,360,2127.6516,0.0000,999,999,999,1,369.7683
3610.0000,361,2130.0653,0.0000,999,999,1000,1,369.6918
3620.0000,362,2132.4615,0.0000,997,1000,999,1,369.6115
3630.0000,363,2134.8440,0.0000,1000,999,1000,1,370.1318
3640.0000,364,2137.2176,0.0000,1000,999,1000,1,369.4391
3650.0000,365,2139.5795,0.0000,999,999,999,1,369.3493
3660.0000,366,2141.9216,0.0000,1000,1000,1000,1,368.0446
3670.0000,367,2144.2567,0.0000,999,998,1000,1,367.9507
3680.0000,368,2146.5804,0.0000,1000,1000,999,1,368.4583
3690.0000,369,2148.8905,0.0000,1000,999,999,1,368.3541
3700.0000,370,2151.1886,0.0000,1000,1000,999,1,368.8474
3710.0000,371,2153.4734,0.0000,1000,1000,1000,1,369.3376
3720.0000,372,2155.7474,0.0000,1000,1000,1000,1,369.8221
3730.0000,373,2158.0061,0.0000,999,999,999,1,369.0855
3740.0000,374,2160.2542,0.0000,1000,999,1000,1,368.9513
3750.0000,375,2162.4918,0.0000,999,1000,1000,1,368.2039
3760.0000,376,2164.7174,0.0000,1000,1000,999,1,368.0613
3770.0000,377,2166.9281,0.0000,1000,1000,999,1,367.9122
3780.0000,378,2169.1283,0.0000,999,1000,999,1,367.1537
3790.0000,379,2171.3166,0.0000,998,999,999,1,366.9991
3800.0000,380,2173.4881,0.0000,999,997,996,1,364.4065
3810.0000,381,2175.6490,0.0000,999,999,998,1,363.6407
3820.0000,382,2177.8024,0.0000,999,999,1000,1,364.0881
3830.0000,383,2179.9442,0.0000,1000,1000,1000,1,362.7108
3840.0000,384,2182.0775,0.0000,1000,1000,999,1,363.1541
3850.0000,385,2184.1961,0.0000,1000,999,998,1,361.7679
3860.0000,386,2186.3046,0.0000,1000,1000,999,1,360.9916
3870.0000,387,2188.4054,0.0000,1000,1000,999,1,360.8229
3880.0000,388,2190.4914,0.0000,1000,999,999,1,359.4389
3890.0000,389,2192.5696,0.0000,1000,1000,1000,1,359.8727
3900.0000,390,2194.6378,0.0000,999,1000,1000,1,359.0872
3910.0000,391,2196.6947,0.0000,999,999,1000,1,358.9029
3920.0000,392,2198.7379,0.0000,1000,1000,999,1,358.1108
3930.0000,393,2200.7723,0.0000,1000,1000,998,1,357.3153
3940.0000,394,2202.7965,0.0000,1000,999,999,1,356.5188
3950.0000,395,2204.8090,0.0000,1000,999,999,1,355.7201
3960.0000,396,2206.8119,0.0000,1000,999,999,1,354.3094
3970.0000,397,2208.8047,0.0000,1000,999,999,1,353.5081
3980.0000,398,2210.7890,0.0000,999,1000,999,1,353.3108
3990.0000,399,2212.7629,0.0000,999,1000,1000,1,353.1147
4000.0000,400,2214.7244,0.0000,1000,999,998,1,352.3041
4010.0000,401,2216.6776,0.0000,1000,1000,1000,1,353.3091
4020.0000,402,2218.6239,0.0000,1000,998,1000,1,353.0975
4030.0000,403,2220.5608,0.0000,1000,1000,1000,1,353.4889
4040.0000,404,2222.4860,0.0000,1000,999,999,1,353.2642
4050.0000,405,2224.4008,0.0000,999,1000,1000,1,352.4264
4060.0000,406,2226.3098,0.0000,1000,1000,1000,1,354.0214
4070.0000,407,2228.2091,0.0000,1000,1000,999,1,353.7805
4080.0000,408,2230.0973,0.0000,1000,999,999,1,353.5348
4090.0000,409,2231.9757,0.0000,1000,999,999,1,353.2844
4100.0000,410,2233.8445,0.0000,1000,999,999,1,353.0303
4110.0000,411,2235.7073,0.0000,1000,1000,1000,1,354.6044
4120.0000,412,2237.5603,0.0000,999,1000,1000,1,354.3365
4130.0000,413,2239.4038,0.0000,1000,1000,999,1,354.0655
4140.0000,414,2241.2379,0.0000,999,1000,1000,1,353.1809
4150.0000,415,2243.0626,0.0000,999,999,999,1,352.2946
4160.0000,416,2244.8768,0.0000,999,1000,999,1,351.4074
4170.0000,417,2246.6850,0.0000,1000,1000,999,1,351.1331
4180.0000,418,2248.4851,0.0000,1000,999,1000,1,350.2469
4190.0000,419,2250.2776,0.0000,1000,1000,999,1,350.5759
4200.0000,420,2252.0611,0.0000,1000,1000,999,1,350.8991
4210.0000,421,2253.8351,0.0000,1000,1000,998,1,349.9960
4220.0000,422,2255.5991,0.0000,1000,999,1000,1,349.7035
4230.0000,423,2257.3566,0.0000,999,999,999,1,348.1871
4240.0000,424,2259.1049,0.0000,1000,999,1000,1,347.8915
4250.0000,425,2260.8459,0.0000,1000,999,1000,1,348.2037
4260.0000,426,2262.5739,0.0000,1000,1000,1000,1,347.2881
4270.0000,427,2264.2992,0.0000,1000,1000,1000,1,347.5957
4280.0000,428,2266.0147,0.0000,1000,1000,1000,1,346.6773
4290.0000,429,2267.7220,0.0000,998,999,998,1,345.1429
4300.0000,430,2269.4161,0.0000,1000,1000,1000,1,344.2168
4310.0000,431,2271.1093,0.0000,999,999,1000,1,344.5155
4320.0000,432,2272.7933,0.0000,999,1000,1000,1,343.5869
4330.0000,433,2274.4661,0.0000,1000,998,998,1,342.6535
4340.0000,434,2276.1344,0.0000,999,998,997,1,341.7175
4350.0000,435,2277.7924,0.0000,1000,1000,1000,1,342.0045
4360.0000,436,2279.4448,0.0000,998,1000,999,1,341.6757
4370.0000,437,2281.0902,0.0000,1000,1000,1000,1,341.9577
4380.0000,438,2282.7308,0.0000,1000,999,1000,1,342.2368
4390.0000,439,2284.3621,0.0000,1000,999,1000,1,341.9001
4400.0000,440,2285.9865,0.0000,1000,1000,1000,1,341.5599
4410.0000,441,2287.6047,0.0000,1000,999,1000,1,341.8286
4420.0000,442,2289.2152,0.0000,999,999,999,1,342.0918
4430.0000,443,2290.8178,0.0000,1000,1000,1000,1,342.3503
4440.0000,444,2292.4068,0.0000,1000,997,1000,1,340.1512
4450.0000,445,2293.9892,0.0000,1000,1000,1000,1,339.7967
4460.0000,446,2295.5693,0.0000,1000,1000,999,1,339.4387
4470.0000,447,2297.1421,0.0000,999,1000,1000,1,337.8501
4480.0000,448,2298.7087,0.0000,1000,1000,1000,1,338.7145
4490.0000,449,2300.2685,0.0000,1000,1000,1000,1,338.3468
4500.0000,450,2301.8180,0.0000,1000,1000,1000,1,336.7467
4510.0000,451,2303.3627,0.0000,998,1000,999,1,335.7585
4520.0000,452,2304.8995,0.0000,1000,1000,1000,1,335.3847
4530.0000,453,2306.4326,0.0000,999,1000,1000,1,335.0083
4540.0000,454,2307.9588,0.0000,1000,1000,1000,1,334.6303
4550.0000,455,2309.4787,0.0000,1000,1000,1000,1,334.8655
4560.0000,456,2310.9914,0.0000,1000,999,1000,1,335.7091
4570.0000,457,2312.4976,0.0000,1000,1000,1000,1,335.9338
4580.0000,458,2313.9974,0.0000,1000,999,1000,1,334.9223
4590.0000,459,2315.4899,0.0000,999,999,1000,1,335.1397
4600.0000,460,2316.9755,0.0000,1000,1000,999,1,334.1231
4610.0000,461,2318.4554,0.0000,1000,1000,1000,1,334.3362
4620.0000,462,2319.9290,0.0000,1000,1000,1000,1,333.9302
4630.0000,463,2321.3959,0.0000,1000,999,1000,1,334.1372
4640.0000,464,2322.8562,0.0000,1000,1000,999,1,333.1099
4650.0000,465,2324.3091,0.0000,1000,1000,998,1,332.6944
4660.0000,466,2325.7527,0.0000,999,1000,1000,1,332.2734
4670.0000,467,2327.1944,0.0000,1000,999,1000,1,332.4705
4680.0000,468,2328.6269,0.0000,997,1000,997,1,330.8163
4690.0000,469,2330.0487,0.0000,1000,999,997,1,329.7770
4700.0000,470,2331.4710,0.0000,999,999,999,1,329.3536
4710.0000,471,2332.8848,0.0000,1000,1000,1000,1,328.3150
4720.0000,472,2334.2944,0.0000,999,998,999,1,327.8930
4730.0000,473,2335.6974,0.0000,999,1000,999,1,326.8573
4740.0000,474,2337.0960,0.0000,999,1000,1000,1,325.8248
4750.0000,475,2338.4879,0.0000,998,999,998,1,324.1794
4760.0000,476,2339.8742,0.0000,1000,1000,999,1,323.7602
4770.0000,477,2341.2515,0.0000,998,1000,998,1,322.7272
4780.0000,478,2342.6277,0.0000,1000,1000,1000,1,322.3062
4790.0000,479,2343.9997,0.0000,1000,1000,1000,1,322.4959
4800.0000,480,2345.3631,0.0000,999,999,1000,1,321.4556
4810.0000,481,2346.7193,0.0000,1000,999,1000,1,321.0279
4820.0000,482,2348.0708,0.0000,1000,1000,999,1,321.2086
4830.0000,483,2349.4151,0.0000,1000,999,996,1,319.5423
4840.0000,484,2350.7565,0.0000,999,999,1000,1,320.3324
4850.0000,485,2352.0867,0.0000,1000,999,999,1,319.2767
4860.0000,486,2353.4147,0.0000,1000,999,1000,1,318.8342
4870.0000,487,2354.7355,0.0000,998,1000,999,1,316.5502
4880.0000,488,2356.0543,0.0000,999,999,1000,1,315.4973
4890.0000,489,2357.3664,0.0000,999,999,999,1,314.4450
4900.0000,490,2358.6743,0.0000,999,998,999,1,313.3927
4910.0000,491,2359.9767,0.0000,1000,1000,999,1,311.7288
4920.0000,492,2361.2761,0.0000,999,999,1000,1,311.9022
4930.0000,493,2362.5682,0.0000,1000,999,999,1,310.8479
4940.0000,494,2363.8567,0.0000,1000,999,999,1,310.4040
4950.0000,495,2365.1378,0.0000,1000,1000,1000,1,309.9564
4960.0000,496,2366.4165,0.0000,1000,1000,1000,1,309.5101
4970.0000,497,2367.6897,0.0000,999,999,1000,1,309.6730
4980.0000,498,2368.9576,0.0000,1000,1000,1000,1,309.2203
4990.0000,499,2370.2203,0.0000,1000,1000,1000,1,308.1547
5000.0000,500,2371.4788,0.0000,999,1000,999,1,307.7002
5010.0000,501,2372.7319,0.0000,1000,1000,1000,1,307.8567
5020.0000,502,2373.9782,0.0000,1000,1000,1000,1,307.3985
5030.0000,503,2375.2213,0.0000,998,999,999,1,307.5491
5040.0000,504,2376.4575,0.0000,999,1000,998,1,306.4689
5050.0000,505,2377.6877,0.0000,1000,999,999,1,305.9993
5060.0000,506,2378.9106,0.0000,998,999,1000,1,303.6961
5070.0000,507,2380.1319,0.0000,999,999,1000,1,303.2388
5080.0000,508,2381.3490,0.0000,1000,998,1000,1,302.7822
5090.0000,509,2382.5601,0.0000,1000,1000,1000,1,302.3242
5100.0000,510,2383.7676,0.0000,1000,1000,999,1,301.2584
5110.0000,511,2384.9710,0.0000,1000,999,1000,1,301.4119
5120.0000,512,2386.1703,0.0000,1000,1000,999,1,301.5637
5130.0000,513,2387.3650,0.0000,1000,1000,999,1,299.9966
5140.0000,514,2388.5497,0.0000,998,999,998,1,298.2397
5150.0000,515,2389.7318,0.0000,1000,1000,997,1,296.2174
5160.0000,516,2390.9104,0.0000,1000,1000,1000,1,295.2097
5170.0000,517,2392.0876,0.0000,1000,1000,999,1,294.8521
5180.0000,518,2393.2582,0.0000,1000,999,999,1,293.8744
5190.0000,519,2394.4240,0.0000,1000,1000,999,1,293.4792
5200.0000,520,2395.5862,0.0000,999,1000,1000,1,292.9691
5210.0000,521,2396.7447,0.0000,1000,1000,1000,1,293.1447
5220.0000,522,2397.8955,0.0000,1000,1000,999,1,291.7096
5230.0000,523,2399.0449,0.0000,999,1000,999,1,290.8891
5240.0000,524,2400.1881,0.0000,1000,1000,1000,1,290.1473
5250.0000,525,2401.3286,0.0000,999,999,1000,1,288.9134
5260.0000,526,2402.4637,0.0000,1000,999,999,1,288.3740
5270.0000,527,2403.5955,0.0000,1000,1000,1000,1,288.1200
5280.0000,528,2404.7201,0.0000,1000,998,998,1,287.0029
5290.0000,529,2405.8374,0.0000,998,999,998,1,285.8346
5300.0000,530,2406.9563,0.0000,1000,1000,999,1,285.6472
5310.0000,531,2408.0707,0.0000,999,1000,1000,1,285.0653
5320.0000,532,2409.1770,0.0000,998,1000,1000,1,283.5293
5330.0000,533,2410.2829,0.0000,999,999,999,1,282.5747
5340.0000,534,2411.3832,0.0000,999,1000,1000,1,280.4823
5350.0000,535,2412.4820,0.0000,1000,1000,999,1,280.3151
5360.0000,536,2413.5742,0.0000,1000,1000,1000,1,279.3818
5370.0000,537,2414.6641,0.0000,1000,1000,999,1,279.0214
5380.0000,538,2415.7499,0.0000,999,1000,999,1,278.6639
5390.0000,539,2416.8321,0.0000,999,1000,999,1,278.3081
5400.0000,540,2417.9091,0.0000,999,996,1000,1,276.4028
5410.0000,541,2418.9810,0.0000,999,998,999,1,274.9390
5420.0000,542,2420.0500,0.0000,999,999,1000,1,274.0430
5430.0000,543,2421.1154,0.0000,1000,1000,999,1,274.1278
5440.0000,544,2422.1771,0.0000,999,999,999,1,272.6805
5450.0000,545,2423.2300,0.0000,998,1000,1000,1,271.9307
5460.0000,546,2424.2843,0.0000,1000,999,1000,1,270.4949
5470.0000,547,2425.3319,0.0000,1000,999,998,1,269.4799
5480.0000,548,2426.3779,0.0000,999,1000,1000,1,268.1973
5490.0000,549,2427.4209,0.0000,1000,999,1000,1,267.8836
5500.0000,550,2428.4601,0.0000,1000,999,1000,1,267.4313
5510.0000,551,2429.4899,0.0000,1000,998,1000,1,266.7089
5520.0000,552,2430.5191,0.0000,1000,1000,999,1,265.7149
5530.0000,553,2431.5472,0.0000,1000,1000,1000,1,265.9521
5540.0000,554,2432.5698,0.0000,999,999,999,1,265.6428
5550.0000,555,2433.5845,0.0000,1000,998,1000,1,264.3859
5560.0000,556,2434.5977,0.0000,999,999,998,1,262.9989
5570.0000,557,2435.6093,0.0000,999,999,999,1,262.5629
5580.0000,558,2436.6176,0.0000,999,1000,999,1,261.5453
5590.0000,559,2437.6230,0.0000,999,1000,999,1,260.9002
5600.0000,560,2438.6221,0.0000,999,1000,1000,1,261.1474
5610.0000,561,2439.6199,0.0000,998,999,999,1,260.6800
5620.0000,562,2440.6152,0.0000,1000,999,1000,1,260.7126
5630.0000,563,2441.6061,0.0000,1000,1000,999,1,259.5774
5640.0000,564,2442.5926,0.0000,998,1000,998,1,258.4122
5650.0000,565,2443.5770,0.0000,1000,999,999,1,258.1367
5660.0000,566,2444.5555,0.0000,999,999,999,1,257.3357
5670.0000,567,2445.5336,0.0000,999,1000,1000,1,256.8906
5680.0000,568,2446.5068,0.0000,1000,1000,1000,1,256.4102
5690.0000,569,2447.4781,0.0000,1000,999,1000,1,256.3564
5700.0000,570,2448.4441,0.0000,998,1000,998,1,255.5676
5710.0000,571,2449.4035,0.0000,999,998,998,1,253.9280
5720.0000,572,2450.3608,0.0000,1000,999,1000,1,254.1977
5730.0000,573,2451.3194,0.0000,1000,1000,1000,1,254.8054
5740.0000,574,2452.2737,0.0000,998,1000,998,1,254.0356
5750.0000,575,2453.2227,0.0000,1000,999,1000,1,254.0960
5760.0000,576,2454.1706,0.0000,1000,1000,1000,1,254.2234
5770.0000,577,2455.1142,0.0000,999,1000,999,1,253.2824
5780.0000,578,2456.0536,0.0000,1000,999,1000,1,252.5258
5790.0000,579,2456.9915,0.0000,1000,1000,999,1,251.9460
5800.0000,580,2457.9225,0.0000,999,1000,998,1,250.3124
5810.0000,581,2458.8541,0.0000,1000,1000,1000,1,250.7848
5820.0000,582,2459.7829,0.0000,999,1000,1000,1,251.0547
5830.0000,583,2460.7081,0.0000,999,999,999,1,251.3205
5840.0000,584,2461.6297,0.0000,1000,999,1000,1,251.3843
5850.0000,585,2462.5492,0.0000,1000,999,999,1,252.0181
5860.0000,586,2463.4641,0.0000,1000,1000,1000,1,252.1040
5870.0000,587,2464.3770,0.0000,1000,1000,1000,1,252.3624
5880.0000,588,2465.2867,0.0000,1000,1000,1000,1,252.2857
5890.0000,589,2466.1941,0.0000,1000,1000,1000,1,252.3715
5900.0000,590,2467.0970,0.0000,998,1000,999,1,252.1180
5910.0000,591,2467.9943,0.0000,999,999,997,1,251.5269
5920.0000,592,2468.8910,0.0000,1000,1000,1000,1,251.6119
5930.0000,593,2469.7845,0.0000,999,1000,1000,1,251.8616
5940.0000,594,2470.6759,0.0000,1000,1000,1000,1,251.7766
5950.0000,595,2471.5644,0.0000,1000,1000,999,1,251.5175
5960.0000,596,2472.4487,0.0000,1000,1000,999,1,250.7542
5970.0000,597,2473.3292,0.0000,999,1000,1000,1,249.8227
5980.0000,598,2474.2066,0.0000,1000,999,997,1,249.7396
5990.0000,599,2475.0806,0.0000,1000,998,1000,1,249.1094
6000.0000,600,2475.9538,0.0000,1000,999,1000,1,248.7257
6010.0000,601,2476.8237,0.0000,999,999,998,1,248.0987
6020.0000,602,2477.6904,0.0000,999,998,1000,1,247.3464
6030.0000,603,2478.5526,0.0000,999,1000,998,1,246.8004
6040.0000,604,2479.4131,0.0000,1000,999,999,1,246.8535
6050.0000,605,2480.2712,0.0000,1000,999,1000,1,246.6071
6060.0000,606,2481.1276,0.0000,1000,1000,1000,1,246.3629
6070.0000,607,2481.9800,0.0000,998,1000,997,1,245.8201
6080.0000,608,2482.8266,0.0000,1000,999,999,1,245.2550
6090.0000,609,2483.6738,0.0000,1000,1000,1000,1,245.5071
6100.0000,610,2484.5196,0.0000,999,1000,1000,1,245.5849
6110.0000,611,2485.3606,0.0000,1000,1000,1000,1,245.1438
6120.0000,612,2486.1963,0.0000,997,1000,998,1,244.1173
6130.0000,613,2487.0304,0.0000,1000,998,999,1,244.1670
6140.0000,614,2487.8630,0.0000,1000,998,1000,1,244.4152
6150.0000,615,2488.6940,0.0000,1000,1000,999,1,245.0313
6160.0000,616,2489.5199,0.0000,1000,1000,1000,1,243.3178
6170.0000,617,2490.3453,0.0000,999,1000,999,1,243.0736
6180.0000,618,2491.1688,0.0000,999,1000,1000,1,243.1493
6190.0000,619,2491.9883,0.0000,1000,1000,999,1,243.0789
6200.0000,620,2492.8039,0.0000,998,1000,999,1,242.1749
6210.0000,621,2493.6182,0.0000,998,1000,999,1,241.9351
6220.0000,622,2494.4287,0.0000,1000,1000,998,1,240.8987
6230.0000,623,2495.2361,0.0000,999,1000,1000,1,240.4955
6240.0000,624,2496.0417,0.0000,1000,999,1000,1,239.4657
6250.0000,625,2496.8463,0.0000,999,999,1000,1,238.8659
6260.0000,626,2497.6474,0.0000,999,999,1000,1,238.8403
6270.0000,627,2498.4467,0.0000,1000,1000,999,1,238.3035
6280.0000,628,2499.2451,0.0000,1000,1000,1000,1,239.1470
6290.0000,629,2500.0400,0.0000,999,998,999,1,238.9166
6300.0000,630,2500.8288,0.0000,999,998,999,1,238.0994
6310.0000,631,2501.6151,0.0000,1000,1000,999,1,237.5041
6320.0000,632,2502.3995,0.0000,1000,998,998,1,236.3259
6330.0000,633,2503.1831,0.0000,999,999,1000,1,235.8242
6340.0000,634,2503.9651,0.0000,999,1000,1000,1,236.0845
6350.0000,635,2504.7447,0.0000,1000,1000,999,1,236.0435
6360.0000,636,2505.5217,0.0000,1000,999,999,1,235.8262
6370.0000,637,2506.2971,0.0000,999,1000,1000,1,235.4348
6380.0000,638,2507.0691,0.0000,1000,999,1000,1,235.3916
6390.0000,639,2507.8389,0.0000,999,1000,1000,1,235.4711
6400.0000,640,2508.6066,0.0000,1000,999,999,1,235.4262
6410.0000,641,2509.3698,0.0000,998,998,999,1,234.2701
6420.0000,642,2510.1289,0.0000,1000,997,999,1,233.4109
6430.0000,643,2510.8855,0.0000,1000,1000,1000,1,233.1981
6440.0000,644,2511.6416,0.0000,998,1000,999,1,232.0561
6450.0000,645,2512.3943,0.0000,999,999,1000,1,231.2133
6460.0000,646,2513.1477,0.0000,1000,999,999,1,231.3555
6470.0000,647,2513.8982,0.0000,1000,1000,999,1,230.6898
6480.0000,648,2514.6459,0.0000,999,999,999,1,230.1460
6490.0000,649,2515.3910,0.0000,998,999,999,1,229.8264
6500.0000,650,2516.1350,0.0000,1000,1000,999,1,229.6271
6510.0000,651,2516.8761,0.0000,998,999,998,1,228.5071
6520.0000,652,2517.6123,0.0000,999,1000,1000,1,228.1356
6530.0000,653,2518.3502,0.0000,999,1000,1000,1,228.3971
6540.0000,654,2519.0858,0.0000,1000,1000,1000,1,228.9505
6550.0000,655,2519.8176,0.0000,1000,1000,1000,1,228.7478
6560.0000,656,2520.5480,0.0000,999,999,999,1,228.8827
6570.0000,657,2521.2768,0.0000,1000,1000,1000,1,229.5965
6580.0000,658,2522.0016,0.0000,999,999,998,1,227.2171
6590.0000,659,2522.7238,0.0000,999,999,998,1,225.9844
6600.0000,660,2523.4426,0.0000,999,999,999,1,225.3379
6610.0000,661,2524.1595,0.0000,1000,998,1000,1,224.8146
6620.0000,662,2524.8680,0.0000,995,999,1000,1,222.8218
6630.0000,663,2525.5802,0.0000,1000,1000,1000,1,222.9737
6640.0000,664,2526.2939,0.0000,999,1000,999,1,223.3619
6650.0000,665,2527.0044,0.0000,1000,999,1000,1,222.7308
6660.0000,666,2527.7138,0.0000,1000,999,999,1,223.3274
6670.0000,667,2528.4178,0.0000,998,999,1000,1,222.8139
6680.0000,668,2529.1217,0.0000,999,1000,1000,1,222.7924
6690.0000,669,2529.8249,0.0000,1000,1000,1000,1,223.3456
6700.0000,670,2530.5233,0.0000,1000,998,1000,1,222.2692
6710.0000,671,2531.2206,0.0000,999,1000,1000,1,221.8084
6720.0000,672,2531.9164,0.0000,1000,1000,1000,1,221.3561
6730.0000,673,2532.6095,0.0000,1000,999,1000,1,220.8565
6740.0000,674,2533.3021,0.0000,1000,1000,1000,1,221.4530
6750.0000,675,2533.9926,0.0000,1000,999,999,1,221.7197
6760.0000,676,2534.6805,0.0000,1000,999,1000,1,221.6585
6770.0000,677,2535.3662,0.0000,1000,1000,1000,1,221.1980
6780.0000,678,2536.0494,0.0000,998,998,998,1,220.4219
6790.0000,679,2536.7308,0.0000,999,999,999,1,220.2464
6800.0000,680,2537.4096,0.0000,1000,999,999,1,219.6309
6810.0000,681,2538.0871,0.0000,998,999,999,1,219.1699
6820.0000,682,2538.7627,0.0000,1000,1000,1000,1,218.9930
6830.0000,683,2539.4361,0.0000,999,999,1000,1,218.3787
6840.0000,684,2540.1075,0.0000,998,1000,999,1,218.2041
6850.0000,685,2540.7748,0.0000,999,999,998,1,217.5928
6860.0000,686,2541.4434,0.0000,1000,1000,1000,1,217.8572
6870.0000,687,2542.1090,0.0000,1000,1000,1000,1,217.9714
6880.0000,688,2542.7727,0.0000,1000,997,1000,1,217.3582
6890.0000,689,2543.4327,0.0000,998,999,1000,1,216.4557
6900.0000,690,2544.0923,0.0000,1000,999,1000,1,216.5745
6910.0000,691,2544.7506,0.0000,1000,999,1000,1,216.5453
6920.0000,692,2545.4066,0.0000,1000,1000,1000,1,216.2287
6930.0000,693,2546.0613,0.0000,1000,1000,999,1,216.1985
6940.0000,694,2546.7129,0.0000,999,1000,999,1,215.3246
6950.0000,695,2547.3598,0.0000,997,999,1000,1,214.9833
6960.0000,696,2548.0058,0.0000,998,999,999,1,214.5423
6970.0000,697,2548.6532,0.0000,1000,1000,1000,1,214.5014
6980.0000,698,2549.2990,0.0000,999,999,1000,1,214.3289
6990.0000,699,2549.9412,0.0000,999,1000,1000,1,213.8618
7000.0000,700,2550.5831,0.0000,999,1000,1000,1,213.9818
7010.0000,701,2551.2225,0.0000,1000,1000,999,1,213.6760
7020.0000,702,2551.8615,0.0000,1000,1000,1000,1,214.0637
7030.0000,703,2552.4974,0.0000,1000,999,1000,1,213.7576
7040.0000,704,2553.1313,0.0000,1000,1000,1000,1,213.2845
7050.0000,705,2553.7618,0.0000,1000,1000,1000,1,212.5534
7060.0000,706,2554.3923,0.0000,1000,998,1000,1,212.0920
7070.0000,707,2555.0208,0.0000,999,1000,998,1,211.6351
7080.0000,708,2555.6477,0.0000,1000,1000,1000,1,211.6339
7090.0000,709,2556.2735,0.0000,999,999,1000,1,211.6040
7100.0000,710,2556.8961,0.0000,999,999,1000,1,211.5766
7110.0000,711,2557.5174,0.0000,1000,1000,999,1,211.5743
7120.0000,712,2558.1381,0.0000,1000,1000,999,1,210.9970
7130.0000,713,2558.7536,0.0000,1000,996,1000,1,210.5533
7140.0000,714,2559.3628,0.0000,1000,996,998,1,209.5583
7150.0000,715,2559.9744,0.0000,999,1000,999,1,208.6958
7160.0000,716,2560.5882,0.0000,1000,1000,1000,1,208.8405
7170.0000,717,2561.2002,0.0000,999,1000,999,1,208.3970
7180.0000,718,2561.8093,0.0000,999,1000,999,1,208.2477
7190.0000,719,2562.4168,0.0000,999,1000,1000,1,207.6862
7200.0000,720,2563.0240,0.0000,1000,1000,1000,1,207.9566
7210.0000,721,2563.6289,0.0000,1000,1000,1000,1,207.8101
7220.0000,722,2564.2321,0.0000,1000,1000,999,1,207.8299
7230.0000,723,2564.8329,0.0000,999,999,1000,1,207.3924
7240.0000,724,2565.4332,0.0000,999,1000,1000,1,207.3671
7250.0000,725,2566.0296,0.0000,999,1000,999,1,206.8074
7260.0000,726,2566.6263,0.0000,1000,999,1000,1,207.2378
7270.0000,727,2567.2195,0.0000,997,999,1000,1,205.5701
7280.0000,728,2567.8102,0.0000,1000,999,998,1,205.0197
7290.0000,729,2568.4000,0.0000,1000,999,1000,1,204.0591
7300.0000,730,2568.9902,0.0000,1000,999,999,1,203.9219
7310.0000,731,2569.5763,0.0000,999,1000,999,1,203.0888
7320.0000,732,2570.1629,0.0000,1000,999,1000,1,203.2423
7330.0000,733,2570.7476,0.0000,1000,999,1000,1,202.8203
7340.0000,734,2571.3314,0.0000,999,1000,1000,1,203.0922
7350.0000,735,2571.9114,0.0000,1000,999,1000,1,202.4322
7360.0000,736,2572.4917,0.0000,999,999,999,1,202.5798
7370.0000,737,2573.0697,0.0000,1000,1000,1000,1,202.8513
7380.0000,738,2573.6467,0.0000,999,999,999,1,201.9101
7390.0000,739,2574.2223,0.0000,1000,1000,1000,1,201.3808
7400.0000,740,2574.7968,0.0000,999,999,999,1,201.3818
7410.0000,741,2575.3689,0.0000,999,1000,1000,1,201.7742
7420.0000,742,2575.9387,0.0000,999,1000,999,1,201.4020
7430.0000,743,2576.5077,0.0000,1000,999,1000,1,201.0013
7440.0000,744,2577.0741,0.0000,999,998,998,1,200.8743
7450.0000,745,2577.6380,0.0000,1000,1000,999,1,201.2663
7460.0000,746,2578.2025,0.0000,1000,1000,1000,1,201.5367
7470.0000,747,2578.7650,0.0000,997,1000,999,1,201.0081
7480.0000,748,2579.3255,0.0000,1000,1000,1000,1,201.4294
7490.0000,749,2579.8864,0.0000,1000,999,1000,1,201.0272
7500.0000,750,2580.4447,0.0000,999,999,1000,1,200.4984
7510.0000,751,2581.0020,0.0000,1000,998,1000,1,200.3686
7520.0000,752,2581.5563,0.0000,998,1000,998,1,200.3591
7530.0000,753,2582.1075,0.0000,1000,998,999,1,199.8323
7540.0000,754,2582.6593,0.0000,1000,999,1000,1,199.9798
7550.0000,755,2583.2097,0.0000,1000,999,999,1,199.7354
7560.0000,756,2583.7580,0.0000,999,1000,1000,1,198.9473
7570.0000,757,2584.3063,0.0000,1000,1000,1000,1,199.1006
7580.0000,758,2584.8529,0.0000,999,1000,999,1,199.0991
7590.0000,759,2585.3965,0.0000,999,1000,998,1,198.7074
7600.0000,760,2585.9393,0.0000,999,999,1000,1,198.8585
7610.0000,761,2586.4828,0.0000,1000,1000,999,1,199.0103
7620.0000,762,2587.0243,0.0000,1000,1000,1000,1,198.8908
7630.0000,763,2587.5648,0.0000,999,1000,999,1,199.2822
7640.0000,764,2588.1037,0.0000,999,1000,998,1,199.2791
7650.0000,765,2588.6410,0.0000,1000,999,1000,1,198.9167
7660.0000,766,2589.1754,0.0000,1000,1000,1000,1,198.2596
7670.0000,767,2589.7090,0.0000,1000,999,1000,1,198.0267
7680.0000,768,2590.2421,0.0000,999,999,999,1,197.7828
7690.0000,769,2590.7713,0.0000,1000,998,1000,1,197.4028
7700.0000,770,2591.3008,0.0000,998,1000,999,1,196.6245
7710.0000,771,2591.8286,0.0000,1000,998,1000,1,196.3963
7720.0000,772,2592.3561,0.0000,1000,1000,998,1,196.2792
7730.0000,773,2592.8820,0.0000,1000,1000,999,1,196.4236
7740.0000,774,2593.4068,0.0000,999,999,1000,1,196.1550
7750.0000,775,2593.9297,0.0000,999,999,1000,1,195.5408
7760.0000,776,2594.4506,0.0000,999,999,1000,1,195.0403
7770.0000,777,2594.9704,0.0000,999,999,1000,1,194.8007
7780.0000,778,2595.4894,0.0000,1000,1000,999,1,194.6866
7790.0000,779,2596.0075,0.0000,1000,1000,999,1,194.5733
7800.0000,780,2596.5248,0.0000,1000,1000,1000,1,195.3467
7810.0000,781,2597.0404,0.0000,1000,1000,1000,1,195.6125
7820.0000,782,2597.5518,0.0000,1000,999,1000,1,194.6062
7830.0000,783,2598.0648,0.0000,1000,1000,1000,1,194.8725
7840.0000,784,2598.5764,0.0000,1000,999,1000,1,194.5036
7850.0000,785,2599.0858,0.0000,1000,1000,1000,1,194.1217
7860.0000,786,2599.5945,0.0000,1000,1000,999,1,193.6263
7870.0000,787,2600.1018,0.0000,999,999,1000,1,193.7773
7880.0000,788,2600.6081,0.0000,1000,1000,1000,1,193.5352
7890.0000,789,2601.1127,0.0000,1000,1000,1000,1,193.5429
7900.0000,790,2601.6163,0.0000,1000,1000,999,1,193.2991
7910.0000,791,2602.1189,0.0000,999,1000,1000,1,193.0410
7920.0000,792,2602.6192,0.0000,1000,1000,1000,1,192.6826
7930.0000,793,2603.1166,0.0000,999,1000,997,1,191.9332
7940.0000,794,2603.6136,0.0000,1000,999,1000,1,191.9334
7950.0000,795,2604.1115,0.0000,1000,1000,999,1,191.5783
7960.0000,796,2604.6070,0.0000,1000,1000,998,1,191.4634
7970.0000,797,2605.1018,0.0000,999,1000,1000,1,191.5882
7980.0000,798,2605.5961,0.0000,1000,1000,1000,1,191.6121
7990.0000,799,2606.0883,0.0000,1000,999,1000,1,191.6214
8000.0000,800,2606.5798,0.0000,1000,1000,1000,1,192.3701
8010.0000,801,2607.0695,0.0000,1000,999,1000,1,191.7627
8020.0000,802,2607.5580,0.0000,1000,1000,1000,1,191.6478
8030.0000,803,2608.0446,0.0000,1000,999,999,1,191.0398
8040.0000,804,2608.5297,0.0000,999,998,1000,1,190.5559
8050.0000,805,2609.0145,0.0000,1000,1000,1000,1,190.4460
8060.0000,806,2609.4951,0.0000,999,998,998,1,189.2202
8070.0000,807,2609.9778,0.0000,1000,1000,1000,1,189.6019
8080.0000,808,2610.4587,0.0000,998,999,1000,1,188.8631
8090.0000,809,2610.9395,0.0000,999,1000,1000,1,189.4953
8100.0000,810,2611.4179,0.0000,1000,1000,999,1,189.5215
8110.0000,811,2611.8962,0.0000,999,999,999,1,189.5312
8120.0000,812,2612.3716,0.0000,1000,999,999,1,189.2977
8130.0000,813,2612.8470,0.0000,1000,1000,999,1,189.1865
8140.0000,814,2613.3202,0.0000,999,1000,999,1,189.0745
8150.0000,815,2613.7932,0.0000,1000,1000,1000,1,188.9627
8160.0000,816,2614.2656,0.0000,999,999,1000,1,188.7155
8170.0000,817,2614.7346,0.0000,999,998,999,1,188.3661
8180.0000,818,2615.2041,0.0000,1000,1000,1000,1,188.3774
8190.0000,819,2615.6718,0.0000,1000,998,999,1,187.5246
8200.0000,820,2616.1390,0.0000,1000,1000,999,1,187.2859
8210.0000,821,2616.6056,0.0000,1000,998,1000,1,186.9337
8220.0000,822,2617.0702,0.0000,999,999,1000,1,187.2923
8230.0000,823,2617.5324,0.0000,1000,1000,999,1,186.9482
8240.0000,824,2617.9958,0.0000,1000,1000,1000,1,187.0672
8250.0000,825,2618.4569,0.0000,1000,1000,1000,1,186.7213
8260.0000,826,2618.9174,0.0000,1000,1000,1000,1,186.6088
8270.0000,827,2619.3769,0.0000,1000,999,1000,1,186.6234
8280.0000,828,2619.8355,0.0000,1000,1000,1000,1,186.5085
8290.0000,829,2620.2922,0.0000,1000,1000,999,1,186.2669
8300.0000,830,2620.7479,0.0000,1000,1000,999,1,186.1531
8310.0000,831,2621.2035,0.0000,1000,1000,1000,1,186.4031
8320.0000,832,2621.6578,0.0000,1000,999,1000,1,186.4127
8330.0000,833,2622.1104,0.0000,999,999,999,1,186.0369
8340.0000,834,2622.5613,0.0000,1000,998,998,1,185.6879
8350.0000,835,2623.0118,0.0000,999,999,999,1,185.6957
8360.0000,836,2623.4598,0.0000,1000,1000,1000,1,184.9583
8370.0000,837,2623.9085,0.0000,1000,1000,999,1,185.3398
8380.0000,838,2624.3561,0.0000,1000,998,999,1,185.2210
8390.0000,839,2624.8012,0.0000,1000,1000,999,1,184.7379
8400.0000,840,2625.2461,0.0000,1000,1000,1000,1,184.6180
8410.0000,841,2625.6893,0.0000,999,998,999,1,183.8956
8420.0000,842,2626.1298,0.0000,1000,999,1000,1,183.0551
8430.0000,843,2626.5715,0.0000,1000,1000,999,1,182.4589
8440.0000,844,2627.0135,0.0000,1000,1000,1000,1,182.5726
8450.0000,845,2627.4536,0.0000,999,999,999,1,181.9943
8460.0000,846,2627.8925,0.0000,1000,1000,999,1,182.1186
8470.0000,847,2628.3314,0.0000,1000,1000,1000,1,182.2290
8480.0000,848,2628.7687,0.0000,999,999,1000,1,181.6470
8490.0000,849,2629.2015,0.0000,1000,997,1000,1,180.6892
8500.0000,850,2629.6344,0.0000,1000,1000,1000,1,180.4399
8510.0000,851,2630.0689,0.0000,1000,1000,999,1,180.4633
8520.0000,852,2630.5015,0.0000,1000,1000,1000,1,180.2107
8530.0000,853,2630.9298,0.0000,1000,998,1000,1,179.2797
8540.0000,854,2631.3607,0.0000,1000,1000,1000,1,179.2646
8550.0000,855,2631.7897,0.0000,1000,1000,999,1,179.2855
8560.0000,856,2632.2184,0.0000,999,1000,1000,1,179.0330
8570.0000,857,2632.6467,0.0000,999,1000,999,1,178.9185
8580.0000,858,2633.0718,0.0000,1000,1000,998,1,178.0911
8590.0000,859,2633.4983,0.0000,1000,999,1000,1,178.5915
8600.0000,860,2633.9224,0.0000,999,1000,996,1,177.9930
8610.0000,861,2634.3428,0.0000,1000,1000,997,1,177.7497
8620.0000,862,2634.7599,0.0000,999,998,999,1,176.5708
8630.0000,863,2635.1814,0.0000,999,1000,1000,1,176.8146
8640.0000,864,2635.5998,0.0000,999,999,997,1,176.2415
8650.0000,865,2636.0158,0.0000,998,999,998,1,175.7731
8660.0000,866,2636.4322,0.0000,999,1000,1000,1,174.9550
8670.0000,867,2636.8507,0.0000,1000,1000,1000,1,175.3096
8680.0000,868,2637.2680,0.0000,1000,1000,1000,1,175.2013
8690.0000,869,2637.6848,0.0000,1000,1000,999,1,175.2255
8700.0000,870,2638.1002,0.0000,1000,999,1000,1,175.2277
8710.0000,871,2638.5144,0.0000,999,1000,1000,1,175.2258
8720.0000,872,2638.9268,0.0000,998,999,1000,1,174.6539
8730.0000,873,2639.3394,0.0000,1000,1000,1000,1,174.8956
8740.0000,874,2639.7517,0.0000,1000,1000,1000,1,175.1355
8750.0000,875,2640.1612,0.0000,998,999,999,1,174.7758
8760.0000,876,2640.5705,0.0000,1000,999,1000,1,174.9070
8770.0000,877,2640.9789,0.0000,999,999,1000,1,174.5504
8780.0000,878,2641.3860,0.0000,999,1000,999,1,173.8678
8790.0000,879,2641.7922,0.0000,1000,1000,999,1,173.7564
8800.0000,880,2642.1974,0.0000,999,1000,1000,1,173.7549
8810.0000,881,2642.6017,0.0000,1000,999,1000,1,173.4026
8820.0000,882,2643.0042,0.0000,996,998,999,1,172.8348
8830.0000,883,2643.4029,0.0000,1000,1000,999,1,172.6145
8840.0000,884,2643.8021,0.0000,998,999,999,1,171.1223
8850.0000,885,2644.2021,0.0000,1000,998,1000,1,170.8931
8860.0000,886,2644.6015,0.0000,1000,1000,1000,1,170.9176
8870.0000,887,2645.0009,0.0000,999,999,1000,1,170.5829
8880.0000,888,2645.3965,0.0000,998,1000,1000,1,170.4799
8890.0000,889,2645.7938,0.0000,1000,999,1000,1,170.3783
8900.0000,890,2646.1895,0.0000,1000,998,998,1,169.9347
8910.0000,891,2646.5851,0.0000,999,1000,1000,1,170.0647
8920.0000,892,2646.9788,0.0000,999,1000,999,1,169.8481
8930.0000,893,2647.3725,0.0000,1000,1000,1000,1,169.6506
8940.0000,894,2647.7658,0.0000,998,999,1000,1,169.5582
8950.0000,895,2648.1581,0.0000,1000,1000,999,1,169.2301
8960.0000,896,2648.5494,0.0000,1000,1000,997,1,168.9197
8970.0000,897,2648.9405,0.0000,1000,1000,1000,1,169.0502
8980.0000,898,2649.3303,0.0000,1000,1000,1000,1,168.8590
8990.0000,899,2649.7182,0.0000,1000,999,1000,1,168.4335
9000.0000,900,2650.1046,0.0000,999,1000,999,1,168.1108
9010.0000,901,2650.4900,0.0000,998,1000,998,1,167.8069
9020.0000,902,2650.8760,0.0000,1000,1000,1000,1,167.7202
9030.0000,903,2651.2605,0.0000,1000,999,999,1,166.8455
9040.0000,904,2651.6449,0.0000,1000,1000,1000,1,166.3271
9050.0000,905,2652.0277,0.0000,1000,1000,1000,1,166.2444
9060.0000,906,2652.4097,0.0000,999,1000,1000,1,165.9298
9070.0000,907,2652.7889,0.0000,999,995,997,1,164.8463
9080.0000,908,2653.1658,0.0000,1000,999,997,1,164.4363
9090.0000,909,2653.5455,0.0000,998,999,998,1,163.8180
9100.0000,910,2653.9227,0.0000,1000,999,1000,1,163.1967
9110.0000,911,2654.3007,0.0000,999,1000,999,1,162.5644
9120.0000,912,2654.6780,0.0000,998,1000,1000,1,162.8247
9130.0000,913,2655.0541,0.0000,1000,1000,1000,1,162.6579
9140.0000,914,2655.4279,0.0000,1000,1000,998,1,162.1506
9150.0000,915,2655.8037,0.0000,1000,999,1000,1,162.5231
9160.0000,916,2656.1789,0.0000,1000,1000,1000,1,162.6704
9170.0000,917,2656.5528,0.0000,1000,1000,1000,1,162.3844
9180.0000,918,2656.9243,0.0000,999,1000,1000,1,161.4350
9190.0000,919,2657.2960,0.0000,998,1000,1000,1,161.3710
9200.0000,920,2657.6667,0.0000,999,1000,1000,1,161.2087
9210.0000,921,2658.0373,0.0000,1000,1000,1000,1,161.3564
9220.0000,922,2658.4062,0.0000,1000,1000,999,1,160.9648
9230.0000,923,2658.7752,0.0000,999,999,1000,1,160.6893
9240.0000,924,2659.1435,0.0000,1000,999,999,1,161.1566
9250.0000,925,2659.5081,0.0000,1000,999,1000,1,160.4384
9260.0000,926,2659.8753,0.0000,999,1000,999,1,160.5813
9270.0000,927,2660.2404,0.0000,999,1000,999,1,159.8672
9280.0000,928,2660.6041,0.0000,1000,999,997,1,159.5945
9290.0000,929,2660.9663,0.0000,1000,999,1000,1,159.0029
9300.0000,930,2661.3300,0.0000,1000,999,1000,1,158.9425
9310.0000,931,2661.6900,0.0000,998,999,998,1,158.4456
9320.0000,932,2662.0476,0.0000,995,999,998,1,157.8570
9330.0000,933,2662.4046,0.0000,999,1000,999,1,157.9979
9340.0000,934,2662.7614,0.0000,998,997,1000,1,157.1959
9350.0000,935,2663.1205,0.0000,1000,1000,1000,1,157.3652
9360.0000,936,2663.4803,0.0000,1000,1000,1000,1,157.6275
9370.0000,937,2663.8381,0.0000,1000,998,999,1,157.5698
9380.0000,938,2664.1929,0.0000,997,999,998,1,156.8771
9390.0000,939,2664.5480,0.0000,999,1000,999,1,156.8233
9400.0000,940,2664.9028,0.0000,1000,999,1000,1,156.7672
9410.0000,941,2665.2570,0.0000,999,1000,999,1,156.4904
9420.0000,942,2665.6107,0.0000,1000,999,999,1,156.6550
9430.0000,943,2665.9638,0.0000,999,1000,998,1,156.6951
9440.0000,944,2666.3153,0.0000,998,998,1000,1,155.9047
9450.0000,945,2666.6662,0.0000,1000,999,999,1,156.0426
9460.0000,946,2667.0173,0.0000,1000,999,998,1,155.6689
9470.0000,947,2667.3667,0.0000,998,1000,998,1,155.5150
9480.0000,948,2667.7163,0.0000,1000,1000,1000,1,155.5548
9490.0000,949,2668.0641,0.0000,999,998,999,1,154.8673
9500.0000,950,2668.4123,0.0000,1000,1000,1000,1,154.9336
9510.0000,951,2668.7593,0.0000,999,1000,1000,1,154.9760
9520.0000,952,2669.1023,0.0000,998,999,997,1,154.0720
9530.0000,953,2669.4441,0.0000,996,1000,1000,1,153.3010
9540.0000,954,2669.7839,0.0000,993,999,1000,1,152.6329
9550.0000,955,2670.1267,0.0000,999,1000,999,1,152.2773
9560.0000,956,2670.4708,0.0000,999,1000,1000,1,152.4444
9570.0000,957,2670.8141,0.0000,998,1000,999,1,152.8051
9580.0000,958,2671.1567,0.0000,1000,1000,1000,1,153.3776
9590.0000,959,2671.4994,0.0000,1000,1000,999,1,153.4133
9600.0000,960,2671.8409,0.0000,1000,1000,1000,1,153.9824
9610.0000,961,2672.1804,0.0000,999,998,999,1,152.9898
9620.0000,962,2672.5201,0.0000,1000,1000,1000,1,153.3724
9630.0000,963,2672.8596,0.0000,999,1000,1000,1,153.4127
9640.0000,964,2673.1977,0.0000,1000,1000,1000,1,153.3531
9650.0000,965,2673.5356,0.0000,999,1000,1000,1,153.6062
9660.0000,966,2673.8726,0.0000,1000,999,1000,1,153.1387
9670.0000,967,2674.2088,0.0000,999,1000,999,1,152.8688
9680.0000,968,2674.5441,0.0000,1000,999,999,1,152.5959
9690.0000,969,2674.8790,0.0000,1000,999,1000,1,152.6616
9700.0000,970,2675.2109,0.0000,999,998,1000,1,152.0863
9710.0000,971,2675.5442,0.0000,1000,1000,999,1,152.1254
9720.0000,972,2675.8773,0.0000,1000,999,1000,1,152.4997
9730.0000,973,2676.2075,0.0000,997,1000,1000,1,151.9225
9740.0000,974,2676.5349,0.0000,997,1000,999,1,151.6492
9750.0000,975,2676.8612,0.0000,994,999,1000,1,151.4156
9760.0000,976,2677.1863,0.0000,997,1000,1000,1,151.2331
9770.0000,977,2677.5147,0.0000,1000,1000,1000,1,151.0102
9780.0000,978,2677.8425,0.0000,1000,1000,1000,1,150.7502
9790.0000,979,2678.1703,0.0000,1000,1000,999,1,150.7789
9800.0000,980,2678.4979,0.0000,999,1000,1000,1,150.6511
9810.0000,981,2678.8246,0.0000,1000,999,1000,1,150.5059
9820.0000,982,2679.1497,0.0000,999,999,1000,1,150.1512
9830.0000,983,2679.4733,0.0000,1000,1000,1000,1,149.6676
9840.0000,984,2679.7971,0.0000,999,999,1000,1,148.6318
9850.0000,985,2680.1208,0.0000,1000,1000,1000,1,148.2881
9860.0000,986,2680.4441,0.0000,999,1000,1000,1,148.2472
9870.0000,987,2680.7664,0.0000,1000,999,1000,1,148.1090
9880.0000,988,2681.0886,0.0000,1000,1000,1000,1,148.0656
9890.0000,989,2681.4108,0.0000,1000,1000,1000,1,148.4211
9900.0000,990,2681.7314,0.0000,1000,1000,999,1,148.0764
9910.0000,991,2682.0520,0.0000,999,1000,1000,1,148.5387
9920.0000,992,2682.3711,0.0000,999,1000,1000,1,148.5899
9930.0000,993,2682.6893,0.0000,1000,1000,1000,1,148.3185
9940.0000,994,2683.0079,0.0000,999,999,1000,1,148.4996
9950.0000,995,2683.3253,0.0000,999,999,1000,1,148.3555
9960.0000,996,2683.6414,0.0000,999,1000,999,1,147.8057
9970.0000,997,2683.9549,0.0000,995,1000,998,1,146.8643
9980.0000,998,2684.2675,0.0000,1000,1000,998,1,147.1221
9990.0000,999,2684.5812,0.0000,1000,999,1000,1,146.9826
10000.0000,1000,2684.8953,0.0000,1000,1000,998,1,146.8164
10010.0000,1001,2685.2068,0.0000,997,1000,1000,1,146.3077
10020.0000,1002,2685.5182,0.0000,1000,1000,1000,1,146.0728
10030.0000,1003,2685.8309,0.0000,1000,1000,999,1,145.8094
10040.0000,1004,2686.1423,0.0000,999,1000,999,1,145.4753
10050.0000,1005,2686.4516,0.0000,997,1000,999,1,145.2684
10060.0000,1006,2686.7608,0.0000,999,999,999,1,144.7418
10070.0000,1007,2687.0711,0.0000,1000,999,1000,1,144.7756
10080.0000,1008,2687.3792,0.0000,999,1000,998,1,144.3803
10090.0000,1009,2687.6876,0.0000,998,998,999,1,144.1207
10100.0000,1010,2687.9947,0.0000,1000,1000,999,1,144.0875
10110.0000,1011,2688.3017,0.0000,1000,1000,999,1,143.7607
10120.0000,1012,2688.6078,0.0000,999,998,999,1,142.7883
10130.0000,1013,2688.9132,0.0000,999,1000,1000,1,142.7580
10140.0000,1014,2689.2182,0.0000,1000,1000,1000,1,142.3342
10150.0000,1015,2689.5214,0.0000,999,999,1000,1,141.8858
10160.0000,1016,2689.8259,0.0000,1000,1000,999,1,141.9854
10170.0000,1017,2690.1297,0.0000,1000,1000,1000,1,141.7717
10180.0000,1018,2690.4336,0.0000,999,1000,999,1,141.4567
10190.0000,1019,2690.7353,0.0000,998,1000,1000,1,140.5662
10200.0000,1020,2691.0367,0.0000,998,999,1000,1,140.1563
10210.0000,1021,2691.3374,0.0000,1000,1000,1000,1,140.2368
10220.0000,1022,2691.6377,0.0000,1000,1000,1000,1,140.2132
10230.0000,1023,2691.9387,0.0000,1000,1000,1000,1,140.5383
10240.0000,1024,2692.2372,0.0000,999,997,1000,1,140.0653
10250.0000,1025,2692.5365,0.0000,1000,1000,1000,1,139.9116
10260.0000,1026,2692.8351,0.0000,1000,1000,1000,1,140.0157
10270.0000,1027,2693.1326,0.0000,999,998,1000,1,139.5721
10280.0000,1028,2693.4305,0.0000,1000,1000,1000,1,139.7748
10290.0000,1029,2693.7279,0.0000,1000,1000,999,1,139.8082
10300.0000,1030,2694.0234,0.0000,1000,1000,999,1,139.3387
10310.0000,1031,2694.3165,0.0000,999,1000,997,1,138.4574
10320.0000,1032,2694.6117,0.0000,1000,1000,1000,1,138.3117
10330.0000,1033,2694.9057,0.0000,1000,1000,999,1,137.8460
10340.0000,1034,2695.2000,0.0000,1000,1000,999,1,138.2134
10350.0000,1035,2695.4934,0.0000,1000,1000,1000,1,137.9685
10360.0000,1036,2695.7864,0.0000,999,999,1000,1,138.0721
10370.0000,1037,2696.0778,0.0000,1000,1000,1000,1,137.5872
10380.0000,1038,2696.3693,0.0000,1000,1000,999,1,137.6300
10390.0000,1039,2696.6610,0.0000,1000,1000,999,1,138.1767
10400.0000,1040,2696.9517,0.0000,999,1000,1000,1,138.0966
10410.0000,1041,2697.2421,0.0000,1000,1000,1000,1,138.1386
10420.0000,1042,2697.5303,0.0000,999,999,998,1,137.7769
10430.0000,1043,2697.8167,0.0000,998,999,999,1,137.4773
10440.0000,1044,2698.1044,0.0000,1000,1000,1000,1,137.3618
10450.0000,1045,2698.3916,0.0000,1000,1000,1000,1,137.3460
10460.0000,1046,2698.6789,0.0000,999,999,1000,1,137.2078
10470.0000,1047,2698.9650,0.0000,997,1000,999,1,136.8535
10480.0000,1048,2699.2493,0.0000,1000,999,999,1,136.6160
10490.0000,1049,2699.5344,0.0000,1000,1000,999,1,136.6018
10500.0000,1050,2699.8195,0.0000,1000,1000,1000,1,136.8105
10510.0000,1051,2700.1042,0.0000,1000,999,1000,1,136.6978
10520.0000,1052,2700.3875,0.0000,1000,1000,1000,1,136.5013
10530.0000,1053,2700.6716,0.0000,999,1000,999,1,136.4874
10540.0000,1054,2700.9547,0.0000,1000,999,1000,1,136.6553
10550.0000,1055,2701.2369,0.0000,1000,999,999,1,136.2409
10560.0000,1056,2701.5165,0.0000,1000,999,998,1,135.8962
10570.0000,1057,2701.7952,0.0000,1000,999,999,1,135.7892
10580.0000,1058,2702.0747,0.0000,1000,1000,998,1,135.6011
10590.0000,1059,2702.3547,0.0000,998,999,999,1,135.3718
10600.0000,1060,2702.6326,0.0000,997,1000,1000,1,135.3067
10610.0000,1061,2702.9115,0.0000,1000,1000,999,1,135.3507
10620.0000,1062,2703.1899,0.0000,1000,999,999,1,135.3397
10630.0000,1063,2703.4679,0.0000,999,999,999,1,135.4500
10640.0000,1064,2703.7444,0.0000,997,999,1000,1,134.9888
10650.0000,1065,2704.0208,0.0000,999,1000,1000,1,135.4267
10660.0000,1066,2704.2973,0.0000,999,999,999,1,135.4140
10670.0000,1067,2704.5741,0.0000,1000,1000,1000,1,135.8257
10680.0000,1068,2704.8499,0.0000,1000,1000,1000,1,135.9355
10690.0000,1069,2705.1252,0.0000,999,1000,1000,1,136.2956
10700.0000,1070,2705.3991,0.0000,1000,1000,1000,1,135.7796
10710.0000,1071,2705.6733,0.0000,1000,1000,1000,1,136.0371
10720.0000,1072,2705.9457,0.0000,1000,1000,1000,1,135.9705
10730.0000,1073,2706.2177,0.0000,1000,1000,999,1,135.7286
10740.0000,1074,2706.4905,0.0000,999,999,999,1,135.6644
10750.0000,1075,2706.7623,0.0000,1000,999,999,1,135.3774
10760.0000,1076,2707.0337,0.0000,1000,1000,1000,1,135.0927
10770.0000,1077,2707.3040,0.0000,1000,999,999,1,134.5891
10780.0000,1078,2707.5745,0.0000,1000,1000,1000,1,134.6971
10790.0000,1079,2707.8448,0.0000,1000,1000,1000,1,134.5656
10800.0000,1080,2708.1141,0.0000,999,1000,1000,1,134.5025
10810.0000,1081,2708.3831,0.0000,1000,998,998,1,134.2725
10820.0000,1082,2708.6480,0.0000,999,999,1000,1,133.5712
10830.0000,1083,2708.9165,0.0000,1000,999,1000,1,133.4468
10840.0000,1084,2709.1832,0.0000,1000,999,998,1,133.1187
10850.0000,1085,2709.4502,0.0000,999,999,999,1,133.1111
10860.0000,1086,2709.7169,0.0000,1000,999,1000,1,133.0045
10870.0000,1087,2709.9836,0.0000,1000,1000,999,1,133.4163
10880.0000,1088,2710.2489,0.0000,1000,1000,1000,1,133.0870
10890.0000,1089,2710.5139,0.0000,999,999,1000,1,132.9801
10900.0000,1090,2710.7780,0.0000,1000,999,1000,1,132.9728
10910.0000,1091,2711.0415,0.0000,1000,1000,1000,1,132.7018
10920.0000,1092,2711.3052,0.0000,1000,1000,1000,1,132.8470
10930.0000,1093,2711.5680,0.0000,999,1000,998,1,132.5758
10940.0000,1094,2711.8294,0.0000,1000,1000,1000,1,132.5222
10950.0000,1095,2712.0906,0.0000,1000,1000,998,1,132.2524
10960.0000,1096,2712.3526,0.0000,999,1000,999,1,132.2477
10970.0000,1097,2712.6131,0.0000,999,998,997,1,131.7619
10980.0000,1098,2712.8732,0.0000,999,1000,999,1,132.0213
10990.0000,1099,2713.1332,0.0000,999,999,1000,1,132.1296
11000.0000,1100,2713.3924,0.0000,1000,1000,1000,1,132.0097
11010.0000,1101,2713.6513,0.0000,1000,998,999,1,131.7417
11020.0000,1102,2713.9104,0.0000,999,999,1000,1,131.5876
11030.0000,1103,2714.1690,0.0000,998,998,1000,1,131.5850
11040.0000,1104,2714.4256,0.0000,999,1000,1000,1,131.9465
11050.0000,1105,2714.6828,0.0000,1000,999,999,1,131.9914
11060.0000,1106,2714.9393,0.0000,998,999,1000,1,131.6747
11070.0000,1107,2715.1928,0.0000,998,999,999,1,130.8869
11080.0000,1108,2715.4486,0.0000,1000,999,1000,1,130.9314
11090.0000,1109,2715.7046,0.0000,999,1000,1000,1,131.1474
11100.0000,1110,2715.9598,0.0000,1000,1000,1000,1,131.4067
11110.0000,1111,2716.2141,0.0000,1000,1000,999,1,130.9250
11120.0000,1112,2716.4675,0.0000,1000,999,1000,1,130.7753
11130.0000,1113,2716.7211,0.0000,1000,1000,1000,1,130.7738
11140.0000,1114,2716.9748,0.0000,1000,1000,1000,1,130.8753
11150.0000,1115,2717.2267,0.0000,1000,997,1000,1,130.5100
11160.0000,1116,2717.4788,0.0000,999,1000,1000,1,130.3516
11170.0000,1117,2717.7307,0.0000,1000,1000,1000,1,130.3963
11180.0000,1118,2717.9808,0.0000,1000,998,999,1,129.7325
11190.0000,1119,2718.2300,0.0000,1000,997,1000,1,129.4776
11200.0000,1120,2718.4784,0.0000,1000,1000,1000,1,129.1131
11210.0000,1121,2718.7282,0.0000,999,1000,999,1,129.0732
11220.0000,1122,2718.9771,0.0000,1000,1000,1000,1,129.1260
11230.0000,1123,2719.2267,0.0000,998,1000,999,1,129.3416
11240.0000,1124,2719.4744,0.0000,1000,1000,1000,1,129.0903
11250.0000,1125,2719.7228,0.0000,1000,1000,1000,1,129.1393
11260.0000,1126,2719.9713,0.0000,1000,1000,999,1,129.4000
11270.0000,1127,2720.2184,0.0000,1000,999,1000,1,129.2636
11280.0000,1128,2720.4650,0.0000,1000,999,1000,1,129.2673
11290.0000,1129,2720.7115,0.0000,999,1000,1000,1,129.1122
11300.0000,1130,2720.9576,0.0000,1000,998,1000,1,128.7645
11310.0000,1131,2721.2035,0.0000,1000,1000,999,1,128.3999
11320.0000,1132,2721.4492,0.0000,1000,1000,1000,1,128.9143
11330.0000,1133,2721.6932,0.0000,997,1000,999,1,128.3612
11340.0000,1134,2721.9363,0.0000,999,1000,1000,1,128.1110
11350.0000,1135,2722.1799,0.0000,1000,1000,1000,1,127.8614
11360.0000,1136,2722.4237,0.0000,1000,1000,1000,1,127.7694
11370.0000,1137,2722.6655,0.0000,999,999,999,1,127.6193
11380.0000,1138,2722.9055,0.0000,1000,999,998,1,127.5245
11390.0000,1139,2723.1459,0.0000,998,999,1000,1,126.8704
11400.0000,1140,2723.3872,0.0000,998,999,998,1,126.6651
11410.0000,1141,2723.6267,0.0000,997,1000,999,1,126.1286
11420.0000,1142,2723.8662,0.0000,999,1000,1000,1,126.1368
11430.0000,1143,2724.1061,0.0000,998,999,1000,1,125.7908
11440.0000,1144,2724.3454,0.0000,998,999,998,1,125.6538
11450.0000,1145,2724.5851,0.0000,1000,998,999,1,125.7017
11460.0000,1146,2724.8227,0.0000,998,999,1000,1,125.4218
11470.0000,1147,2725.0613,0.0000,998,1000,998,1,124.9707
11480.0000,1148,2725.2984,0.0000,998,998,997,1,124.8461
11490.0000,1149,2725.5333,0.0000,1000,1000,997,1,124.7453
11500.0000,1150,2725.7686,0.0000,999,1000,998,1,124.4679
11510.0000,1151,2726.0057,0.0000,999,999,999,1,124.2315
11520.0000,1152,2726.2426,0.0000,999,1000,1000,1,124.3953
11530.0000,1153,2726.4785,0.0000,1000,1000,999,1,124.5444
11540.0000,1154,2726.7145,0.0000,999,1000,1000,1,124.6654
11550.0000,1155,2726.9488,0.0000,1000,997,998,1,124.3129
11560.0000,1156,2727.1830,0.0000,1000,999,1000,1,124.5725
11570.0000,1157,2727.4179,0.0000,999,999,1000,1,124.4442
11580.0000,1158,2727.6513,0.0000,998,998,999,1,124.2070
11590.0000,1159,2727.8846,0.0000,999,999,999,1,123.9709
11600.0000,1160,2728.1181,0.0000,999,1000,999,1,123.9834
11610.0000,1161,2728.3503,0.0000,1000,1000,1000,1,123.9967
11620.0000,1162,2728.5830,0.0000,999,1000,999,1,124.1071
11630.0000,1163,2728.8144,0.0000,999,999,999,1,123.9159
11640.0000,1164,2729.0463,0.0000,999,999,999,1,124.0365
11650.0000,1165,2729.2767,0.0000,999,1000,998,1,123.6533
11660.0000,1166,2729.5074,0.0000,998,999,999,1,123.3247
11670.0000,1167,2729.7378,0.0000,1000,1000,1000,1,123.5851
11680.0000,1168,2729.9683,0.0000,999,999,999,1,123.5984
11690.0000,1169,2730.1977,0.0000,999,999,1000,1,123.8561
11700.0000,1170,2730.4276,0.0000,1000,999,1000,1,124.1134
11710.0000,1171,2730.6571,0.0000,1000,1000,1000,1,124.2661
11720.0000,1172,2730.8855,0.0000,1000,1000,999,1,124.0295
11730.0000,1173,2731.1137,0.0000,1000,1000,1000,1,124.0374
11740.0000,1174,2731.3422,0.0000,1000,1000,1000,1,124.0003
11750.0000,1175,2731.5702,0.0000,1000,1000,999,1,124.1536
11760.0000,1176,2731.7969,0.0000,1000,1000,1000,1,124.0130
11770.0000,1177,2732.0243,0.0000,1000,1000,1000,1,124.2653
11780.0000,1178,2732.2512,0.0000,1000,999,999,1,124.1700
11790.0000,1179,2732.4776,0.0000,1000,1000,1000,1,124.0305
11800.0000,1180,2732.7033,0.0000,1000,1000,999,1,124.0838
11810.0000,1181,2732.9273,0.0000,998,1000,998,1,123.7977
11820.0000,1182,2733.1524,0.0000,1000,1000,1000,1,124.1939
11830.0000,1183,2733.3766,0.0000,1000,999,999,1,123.8571
11840.0000,1184,2733.5994,0.0000,999,997,999,1,123.6194
11850.0000,1185,2733.8221,0.0000,999,999,999,1,123.4790
11860.0000,1186,2734.0458,0.0000,1000,1000,1000,1,123.7298
11870.0000,1187,2734.2695,0.0000,1000,1000,999,1,123.8825
11880.0000,1188,2734.4914,0.0000,999,1000,1000,1,123.9845
11890.0000,1189,2734.7120,0.0000,997,998,1000,1,123.7458
11900.0000,1190,2734.9317,0.0000,1000,1000,998,1,123.8925
11910.0000,1191,2735.1536,0.0000,999,1000,1000,1,124.0959
11920.0000,1192,2735.3753,0.0000,1000,1000,1000,1,124.2452
11930.0000,1193,2735.5964,0.0000,999,999,999,1,124.0033
11940.0000,1194,2735.8166,0.0000,1000,999,1000,1,124.0046
11950.0000,1195,2736.0345,0.0000,1000,999,1000,1,123.4185
11960.0000,1196,2736.2547,0.0000,1000,1000,1000,1,123.4206
11970.0000,1197,2736.4738,0.0000,1000,1000,999,1,123.4229
11980.0000,1198,2736.6930,0.0000,1000,1000,1000,1,123.4246
11990.0000,1199,2736.9120,0.0000,1000,1000,999,1,123.1820
12000.0000,1200,2737.1306,0.0000,1000,998,999,1,123.2842
12010.0000,1201,2737.3481,0.0000,999,1000,1000,1,123.3805
12020.0000,1202,2737.5653,0.0000,1000,999,1000,1,123.0386
12030.0000,1203,2737.7830,0.0000,1000,1000,1000,1,123.5239
12040.0000,1204,2738.0003,0.0000,1000,1000,1000,1,123.6621
12050.0000,1205,2738.2176,0.0000,1000,1000,1000,1,124.1450
12060.0000,1206,2738.4333,0.0000,1000,1000,999,1,123.6490
12070.0000,1207,2738.6494,0.0000,999,999,999,1,123.5016
12080.0000,1208,2738.8639,0.0000,1000,1000,1000,1,123.1051
12090.0000,1209,2739.0787,0.0000,998,1000,1000,1,122.8581
12100.0000,1210,2739.2937,0.0000,1000,1000,999,1,122.9013
12110.0000,1211,2739.5084,0.0000,1000,1000,1000,1,122.8983
12120.0000,1212,2739.7223,0.0000,999,1000,1000,1,122.8492
12130.0000,1213,2739.9357,0.0000,999,1000,1000,1,122.6021
12140.0000,1214,2740.1488,0.0000,1000,1000,999,1,122.1614
12150.0000,1215,2740.3618,0.0000,999,999,999,1,122.2605
12160.0000,1216,2740.5745,0.0000,999,1000,999,1,122.3522
12170.0000,1217,2740.7858,0.0000,999,1000,999,1,122.1529
12180.0000,1218,2740.9977,0.0000,1000,999,1000,1,122.3465
12190.0000,1219,2741.2095,0.0000,1000,1000,1000,1,122.4887
12200.0000,1220,2741.4194,0.0000,998,998,999,1,121.8587
12210.0000,1221,2741.6294,0.0000,1000,1000,1000,1,121.8562
12220.0000,1222,2741.8396,0.0000,999,999,1000,1,121.6130
12230.0000,1223,2742.0492,0.0000,1000,1000,1000,1,121.6535
12240.0000,1224,2742.2591,0.0000,1000,1000,1000,1,121.5110
12250.0000,1225,2742.4686,0.0000,1000,1000,999,1,121.5069
12260.0000,1226,2742.6759,0.0000,1000,999,999,1,120.8781
12270.0000,1227,2742.8848,0.0000,1000,999,1000,1,121.0193
12280.0000,1228,2743.0917,0.0000,999,999,997,1,120.4420
12290.0000,1229,2743.2978,0.0000,999,999,998,1,120.4395
12300.0000,1230,2743.5053,0.0000,1000,1000,1000,1,120.6261
12310.0000,1231,2743.7130,0.0000,999,1000,999,1,120.6727
12320.0000,1232,2743.9201,0.0000,1000,999,1000,1,120.5231
12330.0000,1233,2744.1260,0.0000,999,1000,1000,1,120.3796
12340.0000,1234,2744.3326,0.0000,1000,1000,1000,1,120.3767
12350.0000,1235,2744.5390,0.0000,1000,1000,1000,1,120.2763
12360.0000,1236,2744.7445,0.0000,999,999,1000,1,120.0367
12370.0000,1237,2744.9476,0.0000,998,999,1000,1,119.4679
12380.0000,1238,2745.1527,0.0000,1000,999,1000,1,119.5620
12390.0000,1239,2745.3574,0.0000,1000,999,999,1,119.7045
12400.0000,1240,2745.5621,0.0000,1000,1000,1000,1,119.7034
12410.0000,1241,2745.7663,0.0000,999,999,1000,1,119.7945
12420.0000,1242,2745.9702,0.0000,1000,999,1000,1,119.7925
12430.0000,1243,2746.1730,0.0000,999,999,999,1,119.3167
12440.0000,1244,2746.3752,0.0000,998,1000,998,1,118.7504
12450.0000,1245,2746.5776,0.0000,999,1000,999,1,118.7006
12460.0000,1246,2746.7790,0.0000,1000,1000,1000,1,118.7512
12470.0000,1247,2746.9812,0.0000,1000,1000,1000,1,118.7509
12480.0000,1248,2747.1829,0.0000,999,998,999,1,118.3680
12490.0000,1249,2747.3831,0.0000,999,1000,1000,1,118.2226
12500.0000,1250,2747.5848,0.0000,1000,1000,1000,1,118.5981
12510.0000,1251,2747.7857,0.0000,1000,1000,1000,1,118.5084
12520.0000,1252,2747.9861,0.0000,999,1000,999,1,118.4471
12530.0000,1253,2748.1867,0.0000,1000,999,1000,1,118.3526
12540.0000,1254,2748.3867,0.0000,999,1000,999,1,118.2684
12550.0000,1255,2748.5864,0.0000,999,1000,1000,1,118.6794
12560.0000,1256,2748.7858,0.0000,1000,1000,998,1,118.7350
12570.0000,1257,2748.9825,0.0000,998,999,999,1,118.2645
12580.0000,1258,2749.1810,0.0000,1000,999,1000,1,118.4977
12590.0000,1259,2749.3795,0.0000,1000,1000,1000,1,118.8141
12600.0000,1260,2749.5780,0.0000,1000,1000,1000,1,118.9629
12610.0000,1261,2749.7758,0.0000,1000,999,1000,1,118.8108
12620.0000,1262,2749.9732,0.0000,999,999,999,1,118.6692
12630.0000,1263,2750.1702,0.0000,999,1000,999,1,118.9006
12640.0000,1264,2750.3670,0.0000,998,998,1000,1,118.8020
12650.0000,1265,2750.5630,0.0000,1000,999,999,1,118.9474
12660.0000,1266,2750.7581,0.0000,998,999,998,1,118.4766
12670.0000,1267,2750.9536,0.0000,999,1000,999,1,118.7064
12680.0000,1268,2751.1497,0.0000,1000,1000,1000,1,119.0202
12690.0000,1269,2751.3452,0.0000,1000,999,1000,1,119.1652
12700.0000,1270,2751.5398,0.0000,1000,999,1000,1,119.2420
12710.0000,1271,2751.7344,0.0000,1000,1000,1000,1,119.0025
12720.0000,1272,2751.9293,0.0000,1000,1000,1000,1,119.2293
12730.0000,1273,2752.1239,0.0000,999,1000,999,1,119.3166
12740.0000,1274,2752.3169,0.0000,1000,1000,1000,1,118.8435
12750.0000,1275,2752.5108,0.0000,1000,1000,1000,1,119.0690
12760.0000,1276,2752.7045,0.0000,999,999,1000,1,119.0608
12770.0000,1277,2752.8965,0.0000,1000,1000,998,1,118.6529
12780.0000,1278,2753.0886,0.0000,1000,1000,1000,1,118.6464
12790.0000,1279,2753.2810,0.0000,999,999,1000,1,118.9431
12800.0000,1280,2753.4724,0.0000,999,1000,1000,1,118.7995
12810.0000,1281,2753.6645,0.0000,1000,999,1000,1,119.0847
12820.0000,1282,2753.8559,0.0000,999,1000,1000,1,119.1471
12830.0000,1283,2754.0469,0.0000,1000,1000,1000,1,119.0622
12840.0000,1284,2754.2383,0.0000,1000,999,999,1,119.3553
12850.0000,1285,2754.4275,0.0000,1000,999,999,1,118.8022
12860.0000,1286,2754.6178,0.0000,1000,1000,1000,1,118.9584
12870.0000,1287,2754.8063,0.0000,998,999,1000,1,118.8480
12880.0000,1288,2754.9960,0.0000,999,999,1000,1,118.9315
12890.0000,1289,2755.1851,0.0000,1000,1000,1000,1,119.0541
12900.0000,1290,2755.3743,0.0000,999,1000,1000,1,119.1370
12910.0000,1291,2755.5625,0.0000,1000,999,1000,1,118.9562
12920.0000,1292,2755.7504,0.0000,1000,998,1000,1,118.5548
12930.0000,1293,2755.9383,0.0000,998,999,1000,1,118.5443
12940.0000,1294,2756.1255,0.0000,1000,1000,1000,1,118.6291
12950.0000,1295,2756.3121,0.0000,1000,998,1000,1,118.0619
12960.0000,1296,2756.4988,0.0000,1000,1000,999,1,117.7493
12970.0000,1297,2756.6850,0.0000,999,1000,1000,1,117.5814
12980.0000,1298,2756.8707,0.0000,999,998,1000,1,117.1130
12990.0000,1299,2757.0570,0.0000,999,1000,999,1,117.4244
13000.0000,1300,2757.2426,0.0000,1000,1000,1000,1,117.7100
13010.0000,1301,2757.4282,0.0000,998,999,998,1,117.5402
13020.0000,1302,2757.6135,0.0000,1000,1000,1000,1,117.6861
13030.0000,1303,2757.7977,0.0000,1000,1000,1000,1,117.3767
13040.0000,1304,2757.9824,0.0000,999,999,1000,1,117.2732
13050.0000,1305,2758.1675,0.0000,1000,1000,1000,1,117.3521
13060.0000,1306,2758.3520,0.0000,1000,1000,1000,1,117.7068
13070.0000,1307,2758.5365,0.0000,999,999,1000,1,118.0131
13080.0000,1308,2758.7205,0.0000,1000,1000,1000,1,118.0656
13090.0000,1309,2758.9040,0.0000,1000,1000,999,1,118.0489
13100.0000,1310,2759.0876,0.0000,1000,999,1000,1,118.3310
13110.0000,1311,2759.2701,0.0000,999,999,999,1,118.0823
13120.0000,1312,2759.4527,0.0000,1000,1000,999,1,117.9937
13130.0000,1313,2759.6355,0.0000,1000,999,1000,1,118.2056
13140.0000,1314,2759.8173,0.0000,998,1000,999,1,118.0253
13150.0000,1315,2759.9985,0.0000,999,1000,999,1,118.0966
13160.0000,1316,2760.1797,0.0000,1000,1000,1000,1,117.9122
13170.0000,1317,2760.3603,0.0000,997,999,1000,1,117.5007
13180.0000,1318,2760.5410,0.0000,999,999,1000,1,117.7100
13190.0000,1319,2760.7218,0.0000,999,1000,1000,1,117.7791
13200.0000,1320,2760.9012,0.0000,1000,1000,1000,1,117.6653
13210.0000,1321,2761.0810,0.0000,1000,999,998,1,117.4118
13220.0000,1322,2761.2592,0.0000,998,1000,999,1,117.3166
13230.0000,1323,2761.4389,0.0000,1000,1000,999,1,117.2938
13240.0000,1324,2761.6178,0.0000,999,1000,1000,1,117.2035
13250.0000,1325,2761.7972,0.0000,1000,1000,1000,1,117.5473
13260.0000,1326,2761.9761,0.0000,1000,999,1000,1,117.2900
13270.0000,1327,2762.1537,0.0000,999,999,1000,1,117.0344
13280.0000,1328,2762.3315,0.0000,1000,1000,1000,1,116.9402
13290.0000,1329,2762.5101,0.0000,1000,1000,1000,1,117.2149
13300.0000,1330,2762.6882,0.0000,1000,1000,1000,1,117.4187
13310.0000,1331,2762.8655,0.0000,1000,999,999,1,117.3226
13320.0000,1332,2763.0427,0.0000,1000,1000,1000,1,117.4590
13330.0000,1333,2763.2200,0.0000,1000,1000,999,1,117.4983
13340.0000,1334,2763.3960,0.0000,998,1000,1000,1,116.9458
13350.0000,1335,2763.5722,0.0000,1000,999,999,1,116.7571
13360.0000,1336,2763.7469,0.0000,999,997,999,1,116.5026
13370.0000,1337,2763.9213,0.0000,1000,1000,1000,1,116.6376
13380.0000,1338,2764.0965,0.0000,999,999,1000,1,116.5210
13390.0000,1339,2764.2703,0.0000,999,999,1000,1,116.2644
13400.0000,1340,2764.4450,0.0000,1000,1000,1000,1,116.0971
13410.0000,1341,2764.6205,0.0000,1000,1000,999,1,116.3658
13420.0000,1342,2764.7947,0.0000,1000,1000,997,1,116.3381
13430.0000,1343,2764.9659,0.0000,1000,1000,996,1,116.1523
13440.0000,1344,2765.1394,0.0000,1000,999,1000,1,116.1242
13450.0000,1345,2765.3132,0.0000,1000,999,1000,1,116.0966
13460.0000,1346,2765.4869,0.0000,1000,998,1000,1,115.6157
13470.0000,1347,2765.6590,0.0000,1000,1000,1000,1,115.6833
13480.0000,1348,2765.8315,0.0000,999,999,999,1,115.2049
13490.0000,1349,2766.0033,0.0000,999,1000,999,1,114.7948
13500.0000,1350,2766.1763,0.0000,1000,1000,1000,1,115.2243
13510.0000,1351,2766.3491,0.0000,999,1000,1000,1,115.3575
13520.0000,1352,2766.5204,0.0000,998,1000,1000,1,115.3318
13530.0000,1353,2766.6920,0.0000,1000,998,1000,1,115.2172
13540.0000,1354,2766.8623,0.0000,999,1000,998,1,115.0534
13550.0000,1355,2767.0337,0.0000,1000,1000,1000,1,115.2534
13560.0000,1356,2767.2051,0.0000,999,1000,1000,1,115.2266
13570.0000,1357,2767.3752,0.0000,1000,1000,999,1,115.0430
13580.0000,1358,2767.5462,0.0000,1000,1000,1000,1,115.3096
13590.0000,1359,2767.7168,0.0000,1000,1000,1000,1,115.4412
13600.0000,1360,2767.8864,0.0000,999,999,999,1,115.3427
13610.0000,1361,2768.0563,0.0000,998,999,999,1,115.3144
13620.0000,1362,2768.2248,0.0000,999,1000,999,1,115.1293
13630.0000,1363,2768.3923,0.0000,997,998,997,1,114.5826
13640.0000,1364,2768.5603,0.0000,1000,1000,1000,1,114.6232
13650.0000,1365,2768.7286,0.0000,1000,1000,1000,1,114.2165
13660.0000,1366,2768.8960,0.0000,999,997,999,1,113.6723
13670.0000,1367,2769.0627,0.0000,1000,1000,999,1,113.4236
13680.0000,1368,2769.2307,0.0000,1000,999,1000,1,113.1084
13690.0000,1369,2769.3985,0.0000,1000,999,999,1,112.9319
13700.0000,1370,2769.5660,0.0000,999,999,999,1,112.7551
13710.0000,1371,2769.7334,0.0000,999,1000,999,1,112.7337
13720.0000,1372,2769.9005,0.0000,1000,999,1000,1,112.6461
13730.0000,1373,2770.0667,0.0000,1000,998,999,1,112.3350
13740.0000,1374,2770.2326,0.0000,999,1000,1000,1,112.3167
13750.0000,1375,2770.3981,0.0000,999,999,1000,1,111.7759
13760.0000,1376,2770.5632,0.0000,1000,1000,999,1,111.6214
13770.0000,1377,2770.7279,0.0000,999,1000,1000,1,111.3860
13780.0000,1378,2770.8935,0.0000,999,999,1000,1,111.3711
13790.0000,1379,2771.0585,0.0000,1000,998,1000,1,111.4936
13800.0000,1380,2771.2221,0.0000,1000,1000,1000,1,111.3386
13810.0000,1381,2771.3856,0.0000,999,998,999,1,111.1729
13820.0000,1382,2771.5469,0.0000,997,998,1000,1,110.9353
13830.0000,1383,2771.7090,0.0000,1000,1000,999,1,111.0670
13840.0000,1384,2771.8732,0.0000,1000,1000,999,1,111.1215
13850.0000,1385,2772.0366,0.0000,999,999,1000,1,111.0342
13860.0000,1386,2772.1986,0.0000,999,998,1000,1,110.8676
13870.0000,1387,2772.3612,0.0000,1000,1000,1000,1,110.4814
13880.0000,1388,2772.5245,0.0000,1000,1000,1000,1,110.6828
13890.0000,1389,2772.6875,0.0000,999,999,998,1,110.3039
13900.0000,1390,2772.8499,0.0000,1000,1000,1000,1,110.1387
13910.0000,1391,2773.0131,0.0000,1000,1000,1000,1,110.4884
13920.0000,1392,2773.1756,0.0000,1000,999,1000,1,110.3935
13930.0000,1393,2773.3370,0.0000,998,1000,1000,1,110.0163
13940.0000,1394,2773.4990,0.0000,1000,1000,1000,1,109.9996
13950.0000,1395,2773.6611,0.0000,999,1000,1000,1,110.2010
13960.0000,1396,2773.8221,0.0000,999,999,998,1,110.2530
13970.0000,1397,2773.9804,0.0000,997,1000,997,1,109.9459
13980.0000,1398,2774.1394,0.0000,1000,999,1000,1,109.9978
13990.0000,1399,2774.2996,0.0000,1000,999,1000,1,109.6924
14000.0000,1400,2774.4598,0.0000,999,999,999,1,109.3800
14010.0000,1401,2774.6201,0.0000,999,999,999,1,109.1468
14020.0000,1402,2774.7777,0.0000,1000,998,998,1,108.8439
14030.0000,1403,2774.9362,0.0000,1000,1000,998,1,108.5425
14040.0000,1404,2775.0940,0.0000,1000,997,998,1,108.1675
14050.0000,1405,2775.2528,0.0000,1000,1000,1000,1,108.3705
14060.0000,1406,2775.4119,0.0000,999,1000,1000,1,108.5723
14070.0000,1407,2775.5707,0.0000,1000,999,1000,1,108.6257
14080.0000,1408,2775.7290,0.0000,999,997,998,1,108.5433
14090.0000,1409,2775.8856,0.0000,1000,1000,1000,1,108.0269
14100.0000,1410,2776.0444,0.0000,1000,1000,1000,1,108.4441
14110.0000,1411,2776.2022,0.0000,999,999,999,1,108.2138
14120.0000,1412,2776.3582,0.0000,999,999,999,1,107.7685
14130.0000,1413,2776.5154,0.0000,1000,1000,999,1,107.5407
14140.0000,1414,2776.6727,0.0000,1000,1000,1000,1,107.6009
14150.0000,1415,2776.8297,0.0000,999,999,1000,1,107.2245
14160.0000,1416,2776.9865,0.0000,999,1000,999,1,107.0747
14170.0000,1417,2777.1433,0.0000,1000,1000,1000,1,106.9864
14180.0000,1418,2777.2994,0.0000,999,1000,1000,1,107.0519
14190.0000,1419,2777.4552,0.0000,1000,1000,1000,1,106.8270
14200.0000,1420,2777.6113,0.0000,1000,1000,1000,1,106.6739
14210.0000,1421,2777.7669,0.0000,1000,1000,1000,1,106.5909
14220.0000,1422,2777.9227,0.0000,1000,999,1000,1,106.5030
14230.0000,1423,2778.0760,0.0000,999,998,1000,1,105.7838
14240.0000,1424,2778.2307,0.0000,1000,1000,999,1,105.5596
14250.0000,1425,2778.3852,0.0000,999,1000,1000,1,105.2685
14260.0000,1426,2778.5402,0.0000,999,1000,1000,1,105.4717
14270.0000,1427,2778.6948,0.0000,999,1000,999,1,105.4618
14280.0000,1428,2778.8481,0.0000,1000,1000,1000,1,105.3740
14290.0000,1429,2779.0020,0.0000,1000,999,1000,1,105.1537
14300.0000,1430,2779.1557,0.0000,1000,998,1000,1,105.1452
14310.0000,1431,2779.3092,0.0000,1000,1000,999,1,105.2145
14320.0000,1432,2779.4625,0.0000,998,999,1000,1,105.2050
14330.0000,1433,2779.6156,0.0000,998,999,1000,1,104.9847
14340.0000,1434,2779.7680,0.0000,1000,1000,1000,1,104.8323
14350.0000,1435,2779.9206,0.0000,1000,1000,1000,1,104.8879
14360.0000,1436,2780.0735,0.0000,1000,999,998,1,104.8149
14370.0000,1437,2780.2253,0.0000,999,1000,1000,1,104.5233
14380.0000,1438,2780.3762,0.0000,1000,1000,998,1,104.3030
14390.0000,1439,2780.5269,0.0000,997,999,1000,1,104.0068
14400.0000,1440,2780.6782,0.0000,1000,1000,999,1,104.1438
14410.0000,1441,2780.8288,0.0000,1000,998,1000,1,103.9900
14420.0000,1442,2780.9797,0.0000,1000,1000,1000,1,104.0553
14430.0000,1443,2781.1308,0.0000,999,1000,1000,1,103.9703
14440.0000,1444,2781.2812,0.0000,997,998,1000,1,103.5394
14450.0000,1445,2781.4321,0.0000,999,1000,1000,1,103.8136
14460.0000,1446,2781.5822,0.0000,1000,1000,1000,1,103.8012
14470.0000,1447,2781.7320,0.0000,999,999,998,1,103.7886
14480.0000,1448,2781.8819,0.0000,999,1000,1000,1,103.7753
14490.0000,1449,2782.0319,0.0000,1000,1000,1000,1,103.7622
14500.0000,1450,2782.1814,0.0000,1000,1000,999,1,103.4027
14510.0000,1451,2782.3309,0.0000,999,999,1000,1,103.3174
14520.0000,1452,2782.4792,0.0000,999,1000,1000,1,103.0951
14530.0000,1453,2782.6284,0.0000,1000,1000,1000,1,103.5019
14540.0000,1454,2782.7764,0.0000,1000,1000,997,1,103.2777
14550.0000,1455,2782.9247,0.0000,998,1000,1000,1,103.2635
14560.0000,1456,2783.0728,0.0000,999,1000,998,1,103.1766
14570.0000,1457,2783.2209,0.0000,1000,999,1000,1,103.1616
14580.0000,1458,2783.3681,0.0000,1000,999,999,1,102.8711
14590.0000,1459,2783.5154,0.0000,1000,1000,999,1,102.7133
14600.0000,1460,2783.6626,0.0000,1000,998,998,1,102.4262
14610.0000,1461,2783.8098,0.0000,999,1000,1000,1,102.6877
14620.0000,1462,2783.9571,0.0000,999,1000,999,1,102.7479
14630.0000,1463,2784.1039,0.0000,999,998,999,1,102.5250
14640.0000,1464,2784.2508,0.0000,999,1000,1000,1,102.7204
14650.0000,1465,2784.3966,0.0000,1000,998,1000,1,102.6334
14660.0000,1466,2784.5430,0.0000,1000,1000,1000,1,102.9001
14670.0000,1467,2784.6893,0.0000,999,999,999,1,103.0209
14680.0000,1468,2784.8346,0.0000,1000,999,999,1,102.9386
14690.0000,1469,2784.9802,0.0000,1000,1000,1000,1,102.8521
14700.0000,1470,2785.1251,0.0000,999,999,1000,1,102.3492
14710.0000,1471,2785.2700,0.0000,1000,999,1000,1,101.9203
14720.0000,1472,2785.4152,0.0000,999,1000,999,1,101.5623
14730.0000,1473,2785.5600,0.0000,1000,1000,1000,1,101.6208
14740.0000,1474,2785.7042,0.0000,999,999,999,1,101.3316
14750.0000,1475,2785.8490,0.0000,1000,1000,999,1,101.7344
14760.0000,1476,2785.9929,0.0000,1000,1000,1000,1,101.4469
14770.0000,1477,2786.1360,0.0000,999,998,996,1,100.9584
14780.0000,1478,2786.2773,0.0000,999,1000,997,1,100.7445
14790.0000,1479,2786.4206,0.0000,999,1000,1000,1,101.0047
14800.0000,1480,2786.5641,0.0000,1000,999,1000,1,100.7907
14810.0000,1481,2786.7073,0.0000,1000,1000,998,1,100.7195
14820.0000,1482,2786.8501,0.0000,1000,1000,1000,1,100.6425
14830.0000,1483,2786.9933,0.0000,1000,999,1000,1,100.7674
14840.0000,1484,2787.1363,0.0000,1000,1000,999,1,100.9002
14850.0000,1485,2787.2782,0.0000,1000,1000,998,1,100.6871
14860.0000,1486,2787.4201,0.0000,1000,1000,1000,1,100.5378
14870.0000,1487,2787.5606,0.0000,1000,998,998,1,100.1212
14880.0000,1488,2787.7012,0.0000,999,999,998,1,99.9845
14890.0000,1489,2787.8424,0.0000,1000,1000,1000,1,100.1072
14900.0000,1490,2787.9838,0.0000,1000,1000,1000,1,99.9702
14910.0000,1491,2788.1252,0.0000,1000,999,999,1,99.8324
14920.0000,1492,2788.2665,0.0000,1000,1000,1000,1,100.0892
14930.0000,1493,2788.4076,0.0000,1000,1000,1000,1,99.8233
14940.0000,1494,2788.5472,0.0000,999,1000,997,1,99.5436
14950.0000,1495,2788.6854,0.0000,1000,999,999,1,99.1369
14960.0000,1496,2788.8247,0.0000,999,997,998,1,98.7319
14970.0000,1497,2788.9640,0.0000,999,997,1000,1,98.4539
14980.0000,1498,2789.1025,0.0000,1000,998,999,1,98.3982
14990.0000,1499,2789.2426,0.0000,1000,1000,1000,1,98.5243
15000.0000,1500,2789.3829,0.0000,1000,1000,1000,1,98.7234
15010.0000,1501,2789.5229,0.0000,1000,1000,1000,1,98.7949
15020.0000,1502,2789.6627,0.0000,999,999,999,1,98.8468
15030.0000,1503,2789.8011,0.0000,1000,1000,1000,1,98.7153
15040.0000,1504,2789.9402,0.0000,1000,1000,998,1,98.7858
15050.0000,1505,2790.0792,0.0000,1000,1000,999,1,98.9829
15060.0000,1506,2790.2180,0.0000,1000,999,1000,1,99.0342
15070.0000,1507,2790.3554,0.0000,999,998,1000,1,99.0327
15080.0000,1508,2790.4934,0.0000,1000,1000,1000,1,98.9009
15090.0000,1509,2790.6315,0.0000,1000,998,1000,1,98.8278
15100.0000,1510,2790.7697,0.0000,999,999,999,1,98.8246
15110.0000,1511,2790.9067,0.0000,1000,1000,999,1,98.5664
15120.0000,1512,2791.0445,0.0000,1000,999,1000,1,98.6174
15130.0000,1513,2791.1819,0.0000,1000,998,1000,1,98.5601
15140.0000,1514,2791.3189,0.0000,1000,999,1000,1,98.4118
15150.0000,1515,2791.4558,0.0000,998,1000,999,1,98.2793
15160.0000,1516,2791.5928,0.0000,1000,1000,1000,1,98.4751
15170.0000,1517,2791.7297,0.0000,1000,1000,1000,1,98.4708
15180.0000,1518,2791.8667,0.0000,1000,1000,1000,1,98.7409
15190.0000,1519,2792.0033,0.0000,999,1000,999,1,98.4608
15200.0000,1520,2792.1380,0.0000,1000,1000,999,1,98.1345
15210.0000,1521,2792.2726,0.0000,1000,998,998,1,97.9333
15220.0000,1522,2792.4079,0.0000,1000,999,1000,1,97.9854
15230.0000,1523,2792.5438,0.0000,1000,1000,1000,1,98.0500
15240.0000,1524,2792.6791,0.0000,999,1000,1000,1,98.0458
15250.0000,1525,2792.8139,0.0000,1000,999,1000,1,97.9735
15260.0000,1526,2792.9487,0.0000,1000,1000,999,1,97.5736
15270.0000,1527,2793.0839,0.0000,1000,999,1000,1,97.7685
15280.0000,1528,2793.2178,0.0000,1000,999,999,1,97.5666
15290.0000,1529,2793.3519,0.0000,999,999,1000,1,97.3648
15300.0000,1530,2793.4863,0.0000,998,1000,1000,1,97.4299
15310.0000,1531,2793.6200,0.0000,1000,1000,1000,1,97.4261
15320.0000,1532,2793.7532,0.0000,1000,999,1000,1,97.1560
15330.0000,1533,2793.8872,0.0000,998,1000,999,1,97.0219
15340.0000,1534,2794.0210,0.0000,1000,1000,1000,1,97.1491
15350.0000,1535,2794.1542,0.0000,998,1000,999,1,96.8926
15360.0000,1536,2794.2876,0.0000,999,999,1000,1,96.7479
15370.0000,1537,2794.4211,0.0000,1000,999,1000,1,96.9412
15380.0000,1538,2794.5525,0.0000,997,999,999,1,96.5437
15390.0000,1539,2794.6842,0.0000,1000,999,999,1,96.4844
15400.0000,1540,2794.8161,0.0000,999,999,1000,1,96.4074
15410.0000,1541,2794.9487,0.0000,1000,1000,1000,1,96.6000
15420.0000,1542,2795.0809,0.0000,998,1000,1000,1,96.5286
15430.0000,1543,2795.2126,0.0000,1000,1000,1000,1,96.2731
15440.0000,1544,2795.3447,0.0000,1000,1000,999,1,96.4665
15450.0000,1545,2795.4765,0.0000,1000,999,1000,1,96.5187
15460.0000,1546,2795.6073,0.0000,999,997,998,1,96.1899
15470.0000,1547,2795.7368,0.0000,999,998,998,1,95.7937
15480.0000,1548,2795.8669,0.0000,999,1000,1000,1,95.7894
15490.0000,1549,2795.9983,0.0000,1000,999,999,1,95.8613
15500.0000,1550,2796.1293,0.0000,999,1000,1000,1,96.1078
15510.0000,1551,2796.2598,0.0000,1000,1000,1000,1,96.1682
15520.0000,1552,2796.3905,0.0000,1000,1000,999,1,96.0437
15530.0000,1553,2796.5208,0.0000,1000,1000,1000,1,96.0378
15540.0000,1554,2796.6509,0.0000,1000,1000,1000,1,95.9565
15550.0000,1555,2796.7801,0.0000,1000,1000,999,1,95.6366
15560.0000,1556,2796.9104,0.0000,1000,999,999,1,95.8274
15570.0000,1557,2797.0403,0.0000,1000,1000,1000,1,95.8229
15580.0000,1558,2797.1694,0.0000,999,1000,999,1,95.3549
15590.0000,1559,2797.2986,0.0000,999,1000,999,1,95.3527
15600.0000,1560,2797.4275,0.0000,1000,1000,999,1,95.2306
15610.0000,1561,2797.5563,0.0000,1000,998,1000,1,95.2843
15620.0000,1562,2797.6843,0.0000,1000,998,999,1,95.0334
15630.0000,1563,2797.8125,0.0000,999,999,1000,1,94.8961
15640.0000,1564,2797.9407,0.0000,1000,1000,1000,1,94.8962
15650.0000,1565,2798.0694,0.0000,999,999,999,1,94.7648
15660.0000,1566,2798.1973,0.0000,1000,1000,999,1,94.6497
15670.0000,1567,2798.3257,0.0000,1000,1000,999,1,94.6507
15680.0000,1568,2798.4532,0.0000,1000,999,1000,1,94.5155
15690.0000,1569,2798.5809,0.0000,1000,1000,1000,1,94.5174
15700.0000,1570,2798.7087,0.0000,999,999,1000,1,94.5799
15710.0000,1571,2798.8361,0.0000,1000,1000,1000,1,94.5824
15720.0000,1572,2798.9632,0.0000,1000,1000,999,1,94.3933
15730.0000,1573,2799.0905,0.0000,1000,1000,998,1,94.4723
15740.0000,1574,2799.2175,0.0000,1000,1000,1000,1,94.6660
15750.0000,1575,2799.3445,0.0000,1000,1000,1000,1,94.4773
15760.0000,1576,2799.4705,0.0000,1000,999,999,1,94.2894
15770.0000,1577,2799.5970,0.0000,999,999,1000,1,93.9688
15780.0000,1578,2799.7233,0.0000,1000,999,1000,1,93.9723
15790.0000,1579,2799.8495,0.0000,1000,1000,1000,1,94.1660
15800.0000,1580,2799.9746,0.0000,1000,998,1000,1,93.9800
15810.0000,1581,2800.0985,0.0000,999,998,1000,1,93.7404
15820.0000,1582,2800.2231,0.0000,998,997,1000,1,93.2371
15830.0000,1583,2800.3483,0.0000,1000,1000,999,1,93.3766
15840.0000,1584,2800.4736,0.0000,999,1000,1000,1,93.4959
15850.0000,1585,2800.5989,0.0000,999,999,1000,1,93.4473
15860.0000,1586,2800.7241,0.0000,1000,1000,1000,1,93.5094
15870.0000,1587,2800.8492,0.0000,999,1000,999,1,93.5164
15880.0000,1588,2800.9719,0.0000,999,999,998,1,93.2794
15890.0000,1589,2801.0961,0.0000,1000,1000,1000,1,93.0998
15900.0000,1590,2801.2206,0.0000,998,999,1000,1,92.9771
15910.0000,1591,2801.3442,0.0000,999,997,1000,1,92.7418
15920.0000,1592,2801.4667,0.0000,999,999,998,1,92.6186
15930.0000,1593,2801.5902,0.0000,1000,1000,998,1,92.3313
15940.0000,1594,2801.7136,0.0000,999,999,1000,1,92.2067
15950.0000,1595,2801.8372,0.0000,999,1000,1000,1,92.0859
15960.0000,1596,2801.9607,0.0000,1000,1000,1000,1,91.8512
15970.0000,1597,2802.0840,0.0000,1000,998,999,1,91.7312
15980.0000,1598,2802.2068,0.0000,1000,999,999,1,91.8191
15990.0000,1599,2802.3301,0.0000,999,999,1000,1,91.8827
16000.0000,1600,2802.4512,0.0000,1000,1000,997,1,91.5771
16010.0000,1601,2802.5739,0.0000,1000,1000,1000,1,91.6649
16020.0000,1602,2802.6968,0.0000,1000,1000,999,1,91.9691
16030.0000,1603,2802.8190,0.0000,999,999,1000,1,91.7929
16040.0000,1604,2802.9414,0.0000,1000,1000,1000,1,91.8817
16050.0000,1605,2803.0638,0.0000,1000,1000,1000,1,92.0782
16060.0000,1606,2803.1859,0.0000,1000,1000,1000,1,92.1970
16070.0000,1607,2803.3079,0.0000,1000,999,1000,1,92.1532
16080.0000,1608,2803.4297,0.0000,1000,1000,1000,1,92.2968
16090.0000,1609,2803.5510,0.0000,999,998,999,1,92.1231
16100.0000,1610,2803.6705,0.0000,999,1000,997,1,91.6900
16110.0000,1611,2803.7904,0.0000,999,1000,999,1,91.5973
16120.0000,1612,2803.9113,0.0000,999,1000,1000,1,91.5331
16130.0000,1613,2804.0321,0.0000,1000,1000,1000,1,91.3080
16140.0000,1614,2804.1529,0.0000,1000,999,1000,1,91.3222
16150.0000,1615,2804.2734,0.0000,998,1000,1000,1,91.3913
16160.0000,1616,2804.3932,0.0000,1000,1000,1000,1,91.3502
16170.0000,1617,2804.5136,0.0000,1000,999,999,1,91.3137
16180.0000,1618,2804.6338,0.0000,999,1000,999,1,91.4322
16190.0000,1619,2804.7539,0.0000,1000,1000,1000,1,91.6278
16200.0000,1620,2804.8741,0.0000,1000,1000,999,1,91.7686
16210.0000,1621,2804.9931,0.0000,998,998,1000,1,91.1830
16220.0000,1622,2805.1109,0.0000,997,999,999,1,91.1949
16230.0000,1623,2805.2302,0.0000,1000,1000,1000,1,91.3898
16240.0000,1624,2805.3493,0.0000,999,1000,1000,1,91.3277
16250.0000,1625,2805.4686,0.0000,1000,1000,1000,1,91.5977
16260.0000,1626,2805.5881,0.0000,1000,1000,999,1,91.9746
16270.0000,1627,2805.7072,0.0000,1000,1000,1000,1,92.0408
16280.0000,1628,2805.8251,0.0000,999,1000,1000,1,91.8167
16290.0000,1629,2805.9436,0.0000,1000,999,999,1,91.6483
16300.0000,1630,2806.0615,0.0000,999,999,998,1,91.5341
16310.0000,1631,2806.1791,0.0000,1000,999,1000,1,91.7274
16320.0000,1632,2806.2972,0.0000,1000,998,998,1,91.6847
16330.0000,1633,2806.4147,0.0000,999,1000,1000,1,91.6238
16340.0000,1634,2806.5326,0.0000,1000,1000,1000,1,91.5272
16350.0000,1635,2806.6497,0.0000,1000,999,999,1,90.9974
16360.0000,1636,2806.7672,0.0000,999,1000,1000,1,90.7576
16370.0000,1637,2806.8850,0.0000,999,999,1000,1,90.8996
16380.0000,1638,2807.0020,0.0000,999,1000,999,1,91.1476
16390.0000,1639,2807.1192,0.0000,1000,1000,999,1,91.4124
16400.0000,1640,2807.2357,0.0000,1000,1000,1000,1,91.1210
16410.0000,1641,2807.3517,0.0000,1000,1000,1000,1,90.8970
16420.0000,1642,2807.4682,0.0000,1000,1000,999,1,90.7306
16430.0000,1643,2807.5847,0.0000,1000,999,999,1,90.7435
16440.0000,1644,2807.7007,0.0000,998,999,999,1,90.6345
16450.0000,1645,2807.8171,0.0000,1000,1000,1000,1,90.8812
16460.0000,1646,2807.9334,0.0000,1000,1000,1000,1,91.0192
16470.0000,1647,2808.0492,0.0000,998,1000,1000,1,90.7254
16480.0000,1648,2808.1643,0.0000,1000,997,1000,1,90.5590
16490.0000,1649,2808.2775,0.0000,999,997,998,1,90.1626
16500.0000,1650,2808.3928,0.0000,999,999,1000,1,90.3562
16510.0000,1651,2808.5079,0.0000,1000,1000,999,1,90.3148
16520.0000,1652,2808.6229,0.0000,1000,1000,1000,1,90.2601
16530.0000,1653,2808.7364,0.0000,1000,999,998,1,89.9905
16540.0000,1654,2808.8502,0.0000,998,1000,999,1,89.5834
16550.0000,1655,2808.9652,0.0000,1000,1000,1000,1,89.9059
16560.0000,1656,2809.0800,0.0000,999,999,1000,1,89.9234
16570.0000,1657,2809.1941,0.0000,999,999,998,1,90.0616
16580.0000,1658,2809.3084,0.0000,1000,997,1000,1,90.1338
16590.0000,1659,2809.4219,0.0000,1000,999,999,1,90.0928
16600.0000,1660,2809.5362,0.0000,999,1000,1000,1,90.3415
16610.0000,1661,2809.6503,0.0000,1000,1000,998,1,90.1206
16620.0000,1662,2809.7639,0.0000,1000,999,998,1,90.1346
16630.0000,1663,2809.8766,0.0000,998,998,999,1,89.8469
16640.0000,1664,2809.9898,0.0000,1000,999,1000,1,89.6824
16650.0000,1665,2810.1028,0.0000,999,1000,1000,1,89.5691
16660.0000,1666,2810.2163,0.0000,1000,1000,1000,1,89.5826
16670.0000,1667,2810.3282,0.0000,996,998,997,1,89.1912
16680.0000,1668,2810.4382,0.0000,1000,998,998,1,89.0277
16690.0000,1669,2810.5511,0.0000,1000,999,999,1,89.2189
16700.0000,1670,2810.6629,0.0000,1000,1000,999,1,89.0021
16710.0000,1671,2810.7759,0.0000,999,999,1000,1,89.2468
16720.0000,1672,2810.8887,0.0000,1000,1000,1000,1,89.4894
16730.0000,1673,2811.0000,0.0000,1000,1000,1000,1,89.3940
16740.0000,1674,2811.1122,0.0000,999,1000,1000,1,89.3350
16750.0000,1675,2811.2247,0.0000,1000,1000,1000,1,89.5238
16760.0000,1676,2811.3364,0.0000,999,998,999,1,89.1275
16770.0000,1677,2811.4469,0.0000,999,1000,997,1,88.9623
16780.0000,1678,2811.5583,0.0000,999,1000,1000,1,89.2050
16790.0000,1679,2811.6699,0.0000,1000,1000,1000,1,89.2171
16800.0000,1680,2811.7809,0.0000,999,1000,999,1,89.0521
16810.0000,1681,2811.8924,0.0000,1000,1000,999,1,89.1343
16820.0000,1682,2812.0032,0.0000,1000,999,997,1,88.9698
16830.0000,1683,2812.1143,0.0000,999,1000,1000,1,88.9124
16840.0000,1684,2812.2257,0.0000,1000,1000,999,1,89.3467
16850.0000,1685,2812.3364,0.0000,1000,1000,1000,1,89.3565
16860.0000,1686,2812.4471,0.0000,1000,1000,999,1,89.3665
16870.0000,1687,2812.5577,0.0000,1000,1000,999,1,89.3764
16880.0000,1688,2812.6682,0.0000,1000,1000,1000,1,89.4350
16890.0000,1689,2812.7788,0.0000,1000,1000,999,1,89.5706
16900.0000,1690,2812.8874,0.0000,997,998,1000,1,88.9244
16910.0000,1691,2812.9963,0.0000,1000,1000,1000,1,88.8153
16920.0000,1692,2813.1058,0.0000,999,999,1000,1,88.5943
16930.0000,1693,2813.2153,0.0000,1000,1000,999,1,88.5573
16940.0000,1694,2813.3244,0.0000,1000,999,1000,1,88.4462
16950.0000,1695,2813.4332,0.0000,999,999,1000,1,88.1635
16960.0000,1696,2813.5425,0.0000,1000,999,999,1,88.2459
16970.0000,1697,2813.6509,0.0000,998,1000,998,1,88.1883
16980.0000,1698,2813.7587,0.0000,999,1000,996,1,87.8506
16990.0000,1699,2813.8674,0.0000,1000,999,999,1,87.9325
17000.0000,1700,2813.9757,0.0000,999,999,999,1,87.8189
17010.0000,1701,2814.0843,0.0000,999,999,1000,1,87.6557
17020.0000,1702,2814.1930,0.0000,999,999,1000,1,87.5500
17030.0000,1703,2814.2999,0.0000,999,997,999,1,87.1578
17040.0000,1704,2814.4079,0.0000,1000,1000,1000,1,87.2970
17050.0000,1705,2814.5162,0.0000,1000,1000,999,1,87.3112
17060.0000,1706,2814.6240,0.0000,999,1000,1000,1,87.0824
17070.0000,1707,2814.7320,0.0000,1000,1000,999,1,87.1644
17080.0000,1708,2814.8400,0.0000,999,999,999,1,87.2271
17090.0000,1709,2814.9474,0.0000,1000,1000,1000,1,87.3649
17100.0000,1710,2815.0552,0.0000,1000,1000,1000,1,87.4825
17110.0000,1711,2815.1625,0.0000,1000,999,999,1,87.2141
17120.0000,1712,2815.2700,0.0000,999,999,999,1,87.2262
17130.0000,1713,2815.3753,0.0000,999,1000,999,1,86.9947
17140.0000,1714,2815.4825,0.0000,1000,1000,1000,1,86.8339
17150.0000,1715,2815.5885,0.0000,998,997,999,1,86.6723
17160.0000,1716,2815.6952,0.0000,1000,1000,1000,1,86.7545
17170.0000,1717,2815.8009,0.0000,999,1000,999,1,86.5236
17180.0000,1718,2815.9077,0.0000,998,1000,999,1,86.7089
17190.0000,1719,2816.0141,0.0000,1000,1000,999,1,86.6176
17200.0000,1720,2816.1203,0.0000,1000,1000,999,1,86.8024
17210.0000,1721,2816.2252,0.0000,997,997,999,1,86.2943
17220.0000,1722,2816.3302,0.0000,1000,1000,999,1,86.2362
17230.0000,1723,2816.4363,0.0000,1000,1000,998,1,86.3161
17240.0000,1724,2816.5422,0.0000,1000,999,1000,1,86.3739
17250.0000,1725,2816.6479,0.0000,1000,999,1000,1,86.5091
17260.0000,1726,2816.7526,0.0000,999,999,998,1,86.4503
17270.0000,1727,2816.8574,0.0000,999,999,999,1,86.4595
17280.0000,1728,2816.9621,0.0000,1000,998,1000,1,86.2961
17290.0000,1729,2817.0659,0.0000,998,1000,999,1,86.2017
17300.0000,1730,2817.1705,0.0000,1000,999,998,1,86.0400
17310.0000,1731,2817.2753,0.0000,1000,1000,1000,1,86.3280
17320.0000,1732,2817.3796,0.0000,1000,999,999,1,85.9371
17330.0000,1733,2817.4844,0.0000,1000,1000,1000,1,86.0048
17340.0000,1734,2817.5893,0.0000,1000,1000,1000,1,86.2550
17350.0000,1735,2817.6941,0.0000,1000,1000,1000,1,86.2653
17360.0000,1736,2817.7985,0.0000,999,999,1000,1,86.3221
17370.0000,1737,2817.9026,0.0000,999,1000,1000,1,86.0445
17380.0000,1738,2818.0070,0.0000,1000,1000,1000,1,86.2262
17390.0000,1739,2818.1111,0.0000,1000,1000,1000,1,86.2345
17400.0000,1740,2818.2151,0.0000,1000,998,1000,1,86.3570
17410.0000,1741,2818.3190,0.0000,1000,1000,999,1,86.4901
17420.0000,1742,2818.4225,0.0000,1000,999,999,1,86.6021
17430.0000,1743,2818.5250,0.0000,997,998,997,1,86.3776
17440.0000,1744,2818.6273,0.0000,999,1000,1000,1,86.4426
17450.0000,1745,2818.7309,0.0000,1000,998,1000,1,86.5633
17460.0000,1746,2818.8335,0.0000,1000,1000,999,1,86.5216
17470.0000,1747,2818.9365,0.0000,1000,1000,1000,1,86.5281
17480.0000,1748,2819.0396,0.0000,1000,1000,1000,1,86.4689
17490.0000,1749,2819.1424,0.0000,1000,999,1000,1,86.2473
17500.0000,1750,2819.2447,0.0000,999,998,1000,1,85.9683
17510.0000,1751,2819.3460,0.0000,999,1000,998,1,85.8039
17520.0000,1752,2819.4471,0.0000,999,999,1000,1,85.7074
17530.0000,1753,2819.5495,0.0000,1000,1000,999,1,85.7164
17540.0000,1754,2819.6521,0.0000,1000,1000,999,1,86.0001
17550.0000,1755,2819.7541,0.0000,1000,998,1000,1,85.9030
17560.0000,1756,2819.8555,0.0000,1000,1000,1000,1,85.8445
17570.0000,1757,2819.9574,0.0000,999,1000,999,1,85.8522
17580.0000,1758,2820.0585,0.0000,1000,998,1000,1,85.8050
17590.0000,1759,2820.1591,0.0000,998,997,998,1,85.5253
17600.0000,1760,2820.2602,0.0000,1000,999,1000,1,85.6008
17610.0000,1761,2820.3617,0.0000,1000,1000,1000,1,85.5409
17620.0000,1762,2820.4629,0.0000,999,998,999,1,85.3252
17630.0000,1763,2820.5624,0.0000,1000,1000,998,1,85.1160
17640.0000,1764,2820.6636,0.0000,1000,1000,1000,1,85.1738
17650.0000,1765,2820.7648,0.0000,998,1000,1000,1,85.3526
17660.0000,1766,2820.8660,0.0000,999,999,999,1,85.2480
17670.0000,1767,2820.9666,0.0000,1000,1000,1000,1,84.9875
17680.0000,1768,2821.0672,0.0000,999,1000,1000,1,85.1008
17690.0000,1769,2821.1678,0.0000,1000,1000,999,1,85.0079
17700.0000,1770,2821.2684,0.0000,1000,1000,1000,1,85.0663
17710.0000,1771,2821.3690,0.0000,1000,999,999,1,85.0267
17720.0000,1772,2821.4689,0.0000,998,999,999,1,84.9140
17730.0000,1773,2821.5682,0.0000,999,1000,998,1,84.8070
17740.0000,1774,2821.6673,0.0000,999,998,1000,1,84.4774
17750.0000,1775,2821.7663,0.0000,999,998,998,1,84.3861
17760.0000,1776,2821.8652,0.0000,1000,1000,1000,1,84.3284
17770.0000,1777,2821.9648,0.0000,999,1000,999,1,84.1699
17780.0000,1778,2822.0643,0.0000,999,1000,999,1,84.1792
17790.0000,1779,2822.1639,0.0000,1000,999,1000,1,84.1376
17800.0000,1780,2822.2635,0.0000,999,1000,999,1,84.1987
17810.0000,1781,2822.3616,0.0000,1000,1000,998,1,84.2079
17820.0000,1782,2822.4607,0.0000,1000,1000,1000,1,84.5016
17830.0000,1783,2822.5596,0.0000,1000,999,1000,1,84.3410
17840.0000,1784,2822.6583,0.0000,1000,1000,1000,1,84.4692
17850.0000,1785,2822.7573,0.0000,1000,999,999,1,84.5775
17860.0000,1786,2822.8560,0.0000,1000,1000,999,1,84.6529
17870.0000,1787,2822.9544,0.0000,1000,1000,1000,1,84.4917
17880.0000,1788,2823.0526,0.0000,999,1000,1000,1,84.4988
17890.0000,1789,2823.1510,0.0000,1000,999,999,1,84.5053
17900.0000,1790,2823.2480,0.0000,1000,997,999,1,84.3438
17910.0000,1791,2823.3455,0.0000,999,999,1000,1,84.0679
17920.0000,1792,2823.4435,0.0000,1000,1000,1000,1,84.1905
17930.0000,1793,2823.5414,0.0000,998,999,1000,1,84.0830
17940.0000,1794,2823.6370,0.0000,1000,999,999,1,83.7030
17950.0000,1795,2823.7346,0.0000,999,999,1000,1,83.7114
17960.0000,1796,2823.8323,0.0000,999,1000,1000,1,83.8206
17970.0000,1797,2823.9296,0.0000,1000,999,1000,1,83.7819
17980.0000,1798,2824.0265,0.0000,998,1000,997,1,83.4992
17990.0000,1799,2824.1235,0.0000,1000,1000,999,1,83.6736
18000.0000,1800,2824.2209,0.0000,1000,1000,1000,1,83.8474
18010.0000,1801,2824.3171,0.0000,999,998,998,1,83.4687
18020.0000,1802,2824.4120,0.0000,1000,999,1000,1,83.3088
18030.0000,1803,2824.5087,0.0000,998,999,1000,1,83.0955
18040.0000,1804,2824.6043,0.0000,997,1000,1000,1,82.8731
18050.0000,1805,2824.7007,0.0000,1000,1000,1000,1,82.8371
18060.0000,1806,2824.7971,0.0000,1000,1000,1000,1,82.7293
18070.0000,1807,2824.8938,0.0000,999,999,1000,1,82.6926
18080.0000,1808,2824.9900,0.0000,1000,1000,999,1,82.7516
18090.0000,1809,2825.0860,0.0000,999,1000,1000,1,82.9274
18100.0000,1810,2825.1813,0.0000,998,1000,998,1,82.6066
18110.0000,1811,2825.2767,0.0000,999,1000,1000,1,82.5689
18120.0000,1812,2825.3729,0.0000,1000,1000,1000,1,82.8537
18130.0000,1813,2825.4690,0.0000,999,999,1000,1,82.9677
18140.0000,1814,2825.5646,0.0000,1000,999,1000,1,82.9283
18150.0000,1815,2825.6605,0.0000,1000,1000,1000,1,83.1509
18160.0000,1816,2825.7549,0.0000,1000,999,999,1,82.9449
18170.0000,1817,2825.8482,0.0000,998,1000,997,1,82.5077
18180.0000,1818,2825.9426,0.0000,1000,999,1000,1,82.4700
18190.0000,1819,2826.0375,0.0000,999,999,1000,1,82.4804
18200.0000,1820,2826.1327,0.0000,1000,999,1000,1,82.6550
18210.0000,1821,2826.2279,0.0000,1000,999,999,1,82.7741
18220.0000,1822,2826.3222,0.0000,1000,998,1000,1,82.5087
18230.0000,1823,2826.4165,0.0000,1000,999,1000,1,82.3545
18240.0000,1824,2826.5101,0.0000,1000,999,999,1,82.1453
18250.0000,1825,2826.6038,0.0000,999,999,1000,1,81.9917
18260.0000,1826,2826.6977,0.0000,1000,999,1000,1,81.8948
18270.0000,1827,2826.7923,0.0000,1000,1000,1000,1,81.7897
18280.0000,1828,2826.8859,0.0000,999,1000,1000,1,81.6374
18290.0000,1829,2826.9796,0.0000,999,999,999,1,81.4403
18300.0000,1830,2827.0733,0.0000,999,999,999,1,81.2893
18310.0000,1831,2827.1664,0.0000,1000,999,1000,1,81.2446
18320.0000,1832,2827.2605,0.0000,999,1000,999,1,81.3602
18330.0000,1833,2827.3543,0.0000,1000,1000,999,1,81.4321
18340.0000,1834,2827.4472,0.0000,1000,998,1000,1,81.2207
18350.0000,1835,2827.5404,0.0000,1000,999,999,1,81.2325
18360.0000,1836,2827.6340,0.0000,1000,999,999,1,81.3051
18370.0000,1837,2827.7266,0.0000,998,1000,1000,1,81.4795
18380.0000,1838,2827.8192,0.0000,998,1000,999,1,81.4295
18390.0000,1839,2827.9121,0.0000,998,999,1000,1,81.3943
18400.0000,1840,2828.0047,0.0000,998,999,998,1,81.2877
18410.0000,1841,2828.0973,0.0000,999,999,999,1,81.2987
18420.0000,1842,2828.1900,0.0000,999,999,1000,1,81.1472
18430.0000,1843,2828.2820,0.0000,999,999,1000,1,80.9957
18440.0000,1844,2828.3746,0.0000,1000,1000,999,1,81.0682
18450.0000,1845,2828.4671,0.0000,1000,999,999,1,81.0803
18460.0000,1846,2828.5590,0.0000,1000,999,998,1,80.7676
18470.0000,1847,2828.6508,0.0000,1000,1000,1000,1,80.9408
18480.0000,1848,2828.7429,0.0000,999,999,1000,1,80.8455
18490.0000,1849,2828.8347,0.0000,1000,998,999,1,80.8011
18500.0000,1850,2828.9259,0.0000,1000,999,1000,1,80.8129
18510.0000,1851,2829.0179,0.0000,999,1000,999,1,80.9273
18520.0000,1852,2829.1095,0.0000,999,1000,1000,1,80.9386
18530.0000,1853,2829.2009,0.0000,1000,1000,1000,1,80.9039
18540.0000,1854,2829.2920,0.0000,998,1000,1000,1,80.8010
18550.0000,1855,2829.3829,0.0000,999,1000,1000,1,80.8123
18560.0000,1856,2829.4741,0.0000,999,999,998,1,80.8815
18570.0000,1857,2829.5653,0.0000,999,1000,999,1,80.9959
18580.0000,1858,2829.6562,0.0000,1000,999,999,1,81.0640
18590.0000,1859,2829.7471,0.0000,1000,1000,1000,1,81.1298
18600.0000,1860,2829.8372,0.0000,1000,999,999,1,80.7030
18610.0000,1861,2829.9270,0.0000,1000,1000,999,1,80.4506
18620.0000,1862,2830.0173,0.0000,999,999,1000,1,80.4616
18630.0000,1863,2830.1078,0.0000,1000,1000,1000,1,80.2539
18640.0000,1864,2830.1983,0.0000,1000,998,1000,1,80.0031
18650.0000,1865,2830.2889,0.0000,1000,1000,999,1,80.1755
18660.0000,1866,2830.3795,0.0000,1000,1000,1000,1,80.1868
18670.0000,1867,2830.4701,0.0000,999,1000,1000,1,80.2991
18680.0000,1868,2830.5605,0.0000,999,1000,1000,1,80.3096
18690.0000,1869,2830.6510,0.0000,1000,1000,1000,1,80.5397
18700.0000,1870,2830.7404,0.0000,998,998,999,1,80.2286
18710.0000,1871,2830.8282,0.0000,997,1000,1000,1,80.3406
18720.0000,1872,2830.9178,0.0000,999,1000,999,1,80.5109
18730.0000,1873,2831.0077,0.0000,999,999,1000,1,80.6349
18740.0000,1874,2831.0972,0.0000,1000,1000,1000,1,80.7471
18750.0000,1875,2831.1862,0.0000,1000,1000,998,1,80.5380
18760.0000,1876,2831.2739,0.0000,997,999,998,1,80.0682
18770.0000,1877,2831.3615,0.0000,1000,999,996,1,79.9756
18780.0000,1878,2831.4487,0.0000,998,1000,999,1,79.9288
18790.0000,1879,2831.5374,0.0000,1000,1000,1000,1,80.0502
18800.0000,1880,2831.6264,0.0000,1000,1000,1000,1,80.0608
18810.0000,1881,2831.7158,0.0000,1000,1000,1000,1,80.3363
18820.0000,1882,2831.8046,0.0000,1000,1000,1000,1,80.4492
18830.0000,1883,2831.8935,0.0000,1000,1000,1000,1,80.2471
18840.0000,1884,2831.9824,0.0000,1000,1000,1000,1,80.3062
18850.0000,1885,2832.0710,0.0000,999,999,999,1,80.2624
18860.0000,1886,2832.1580,0.0000,1000,1000,998,1,80.0580
18870.0000,1887,2832.2458,0.0000,1000,1000,1000,1,80.0665
18880.0000,1888,2832.3343,0.0000,1000,1000,1000,1,80.0753
18890.0000,1889,2832.4227,0.0000,1000,1000,999,1,79.9251
18900.0000,1890,2832.5106,0.0000,1000,1000,999,1,79.9339
18910.0000,1891,2832.5979,0.0000,999,998,1000,1,79.6750
18920.0000,1892,2832.6858,0.0000,999,999,999,1,79.7369
18930.0000,1893,2832.7739,0.0000,1000,1000,1000,1,79.9590
18940.0000,1894,2832.8619,0.0000,999,1000,1000,1,80.0721
18950.0000,1895,2832.9496,0.0000,999,1000,1000,1,80.2381
18960.0000,1896,2833.0366,0.0000,1000,1000,1000,1,80.2966
18970.0000,1897,2833.1242,0.0000,999,1000,1000,1,80.3545
18980.0000,1898,2833.2116,0.0000,1000,1000,1000,1,80.2525
18990.0000,1899,2833.2987,0.0000,1000,999,1000,1,80.3633
19000.0000,1900,2833.3860,0.0000,1000,999,1000,1,80.3142
19010.0000,1901,2833.4729,0.0000,1000,999,998,1,80.3176
19020.0000,1902,2833.5594,0.0000,1000,999,999,1,80.3206
19030.0000,1903,2833.6453,0.0000,999,997,999,1,80.1098
19040.0000,1904,2833.7310,0.0000,1000,1000,1000,1,80.0607
19050.0000,1905,2833.8167,0.0000,997,1000,999,1,79.6384
19060.0000,1906,2833.9029,0.0000,1000,999,1000,1,79.5925
19070.0000,1907,2833.9890,0.0000,1000,999,999,1,79.5978
19080.0000,1908,2834.0746,0.0000,997,997,998,1,79.5503
19090.0000,1909,2834.1605,0.0000,999,1000,1000,1,79.6614
19100.0000,1910,2834.2467,0.0000,999,1000,1000,1,79.6164
19110.0000,1911,2834.3330,0.0000,1000,1000,999,1,79.6748
19120.0000,1912,2834.4194,0.0000,1000,998,1000,1,79.6290
19130.0000,1913,2834.5057,0.0000,1000,1000,1000,1,79.6350
19140.0000,1914,2834.5919,0.0000,999,999,1000,1,79.6409
19150.0000,1915,2834.6775,0.0000,998,998,998,1,79.4873
19160.0000,1916,2834.7625,0.0000,999,999,999,1,79.2276
19170.0000,1917,2834.8473,0.0000,998,1000,1000,1,79.1261
19180.0000,1918,2834.9329,0.0000,1000,999,999,1,79.2391
19190.0000,1919,2835.0186,0.0000,999,1000,1000,1,79.2449
19200.0000,1920,2835.1036,0.0000,1000,999,1000,1,79.1442
19210.0000,1921,2835.1893,0.0000,1000,1000,1000,1,79.3079
19220.0000,1922,2835.2747,0.0000,1000,1000,1000,1,79.3677
19230.0000,1923,2835.3599,0.0000,999,998,998,1,79.3191
19240.0000,1924,2835.4443,0.0000,999,1000,1000,1,79.3248
19250.0000,1925,2835.5292,0.0000,1000,1000,999,1,79.3307
19260.0000,1926,2835.6139,0.0000,1000,1000,999,1,79.2312
19270.0000,1927,2835.6986,0.0000,999,1000,1000,1,79.0796
19280.0000,1928,2835.7831,0.0000,1000,1000,999,1,79.1362
19290.0000,1929,2835.8672,0.0000,1000,1000,1000,1,79.0930
19300.0000,1930,2835.9520,0.0000,1000,1000,1000,1,79.2052
19310.0000,1931,2836.0359,0.0000,999,999,1000,1,79.1571
19320.0000,1932,2836.1207,0.0000,999,1000,1000,1,79.4769
19330.0000,1933,2836.2045,0.0000,999,1000,1000,1,79.4317
19340.0000,1934,2836.2872,0.0000,1000,1000,1000,1,79.1252
19350.0000,1935,2836.3712,0.0000,1000,999,999,1,79.0799
19360.0000,1936,2836.4553,0.0000,1000,1000,1000,1,79.2952
19370.0000,1937,2836.5392,0.0000,1000,1000,1000,1,79.5067
19380.0000,1938,2836.6228,0.0000,998,1000,998,1,79.1982
19390.0000,1939,2836.7053,0.0000,998,999,998,1,79.1006
19400.0000,1940,2836.7884,0.0000,1000,999,999,1,79.2615
19410.0000,1941,2836.8721,0.0000,999,1000,1000,1,79.2106
19420.0000,1942,2836.9554,0.0000,1000,1000,1000,1,79.0583
19430.0000,1943,2837.0388,0.0000,1000,999,998,1,78.9628
19440.0000,1944,2837.1219,0.0000,999,999,1000,1,78.8119
19450.0000,1945,2837.2046,0.0000,1000,1000,1000,1,78.7619
19460.0000,1946,2837.2874,0.0000,1000,1000,998,1,78.8221
19470.0000,1947,2837.3704,0.0000,1000,1000,1000,1,78.9834
19480.0000,1948,2837.4532,0.0000,999,999,1000,1,78.6203
19490.0000,1949,2837.5362,0.0000,999,1000,1000,1,78.7817
19500.0000,1950,2837.6186,0.0000,999,998,999,1,78.3207
19510.0000,1951,2837.7014,0.0000,999,1000,1000,1,78.5895
19520.0000,1952,2837.7838,0.0000,998,998,1000,1,78.4391
19530.0000,1953,2837.8658,0.0000,998,1000,999,1,78.3381
19540.0000,1954,2837.9481,0.0000,999,1000,1000,1,78.4986
19550.0000,1955,2838.0302,0.0000,1000,1000,1000,1,78.2988
19560.0000,1956,2838.1123,0.0000,999,1000,1000,1,78.0429
19570.0000,1957,2838.1935,0.0000,998,999,998,1,77.5840
19580.0000,1958,2838.2748,0.0000,999,1000,998,1,77.2814
19590.0000,1959,2838.3567,0.0000,999,999,999,1,77.1876
19600.0000,1960,2838.4386,0.0000,1000,999,999,1,77.3501
19610.0000,1961,2838.5201,0.0000,999,1000,1000,1,77.3069
19620.0000,1962,2838.6019,0.0000,999,1000,1000,1,77.3155
19630.0000,1963,2838.6836,0.0000,999,1000,1000,1,77.4778
19640.0000,1964,2838.7656,0.0000,1000,1000,1000,1,77.7438
19650.0000,1965,2838.8472,0.0000,998,1000,999,1,77.6462
19660.0000,1966,2838.9275,0.0000,998,997,999,1,77.3961
19670.0000,1967,2839.0057,0.0000,997,997,999,1,76.9400
19680.0000,1968,2839.0836,0.0000,999,999,1000,1,76.5898
19690.0000,1969,2839.1645,0.0000,1000,1000,1000,1,76.7067
19700.0000,1970,2839.2457,0.0000,1000,999,999,1,76.7152
19710.0000,1971,2839.3265,0.0000,998,999,1000,1,76.5696
19720.0000,1972,2839.4071,0.0000,999,998,1000,1,76.4249
19730.0000,1973,2839.4874,0.0000,999,999,999,1,76.2232
19740.0000,1974,2839.5672,0.0000,996,1000,1000,1,76.1820
19750.0000,1975,2839.6471,0.0000,1000,1000,1000,1,76.1923
19760.0000,1976,2839.7277,0.0000,999,1000,1000,1,76.2024
19770.0000,1977,2839.8075,0.0000,999,998,999,1,75.7129
19780.0000,1978,2839.8880,0.0000,1000,1000,999,1,75.8167
19790.0000,1979,2839.9682,0.0000,998,999,1000,1,75.8878
19800.0000,1980,2840.0481,0.0000,1000,999,999,1,75.7898
19810.0000,1981,2840.1282,0.0000,1000,999,999,1,75.8484
19820.0000,1982,2840.2085,0.0000,999,999,1000,1,76.0723
19830.0000,1983,2840.2881,0.0000,998,1000,997,1,75.9731
19840.0000,1984,2840.3660,0.0000,1000,1000,997,1,75.7268
19850.0000,1985,2840.4453,0.0000,1000,1000,998,1,75.4962
19860.0000,1986,2840.5230,0.0000,1000,998,996,1,74.9507
19870.0000,1987,2840.6018,0.0000,1000,999,1000,1,74.9206
19880.0000,1988,2840.6813,0.0000,1000,999,1000,1,74.9357
19890.0000,1989,2840.7612,0.0000,999,1000,1000,1,75.1003
19900.0000,1990,2840.8408,0.0000,999,1000,1000,1,75.1588
19910.0000,1991,2840.9202,0.0000,1000,1000,1000,1,75.2770
19920.0000,1992,2840.9996,0.0000,1000,1000,1000,1,75.3341
19930.0000,1993,2841.0786,0.0000,999,998,1000,1,75.1498
19940.0000,1994,2841.1578,0.0000,1000,1000,999,1,75.2547
19950.0000,1995,2841.2368,0.0000,999,1000,1000,1,75.2173
19960.0000,1996,2841.3157,0.0000,999,999,998,1,74.9755
19970.0000,1997,2841.3945,0.0000,1000,1000,999,1,75.2878
19980.0000,1998,2841.4736,0.0000,1000,999,1000,1,75.3560
19990.0000,1999,2841.5520,0.0000,1000,1000,1000,1,75.2601
20000.0000,2000,2841.6307,0.0000,1000,999,999,1,74.9687
20010.0000,2001,2841.7088,0.0000,1000,999,999,1,74.7272
20020.0000,2002,2841.7873,0.0000,1000,999,1000,1,74.6475
20030.0000,2003,2841.8656,0.0000,999,999,1000,1,74.6584
20040.0000,2004,2841.9439,0.0000,999,998,1000,1,74.5187
20050.0000,2005,2842.0218,0.0000,999,998,1000,1,74.3794
20060.0000,2006,2842.0995,0.0000,1000,1000,1000,1,74.2834
20070.0000,2007,2842.1776,0.0000,1000,1000,1000,1,74.2523
20080.0000,2008,2842.2558,0.0000,1000,1000,999,1,74.2636
20090.0000,2009,2842.3338,0.0000,999,999,1000,1,74.3652
20100.0000,2010,2842.4118,0.0000,1000,1000,1000,1,74.6280
20110.0000,2011,2842.4894,0.0000,999,1000,999,1,74.4884
20120.0000,2012,2842.5671,0.0000,999,1000,999,1,74.4994
20130.0000,2013,2842.6433,0.0000,1000,1000,998,1,74.2590
20140.0000,2014,2842.7207,0.0000,1000,1000,999,1,74.0296
20150.0000,2015,2842.7984,0.0000,1000,1000,1000,1,74.0409
20160.0000,2016,2842.8761,0.0000,1000,1000,1000,1,74.1437
20170.0000,2017,2842.9535,0.0000,998,1000,999,1,74.1537
20180.0000,2018,2843.0302,0.0000,1000,999,999,1,74.0143
20190.0000,2019,2843.1076,0.0000,1000,1000,1000,1,74.1743
20200.0000,2020,2843.1849,0.0000,1000,999,999,1,74.1845
20210.0000,2021,2843.2615,0.0000,999,998,1000,1,74.1026
20220.0000,2022,2843.3387,0.0000,999,999,1000,1,74.2623
20230.0000,2023,2843.4152,0.0000,1000,1000,1000,1,74.3630
20240.0000,2024,2843.4921,0.0000,1000,1000,1000,1,74.6244
20250.0000,2025,2843.5693,0.0000,1000,1000,999,1,74.8286
20260.0000,2026,2843.6457,0.0000,999,1000,1000,1,74.7438
20270.0000,2027,2843.7222,0.0000,1000,1000,999,1,74.8416
20280.0000,2028,2843.7984,0.0000,1000,1000,997,1,74.7571
20290.0000,2029,2843.8736,0.0000,1000,1000,1000,1,74.8092
20300.0000,2030,2843.9503,0.0000,1000,1000,1000,1,74.9208
20310.0000,2031,2844.0263,0.0000,998,999,1000,1,74.9274
20320.0000,2032,2844.1013,0.0000,997,1000,1000,1,74.9338
20330.0000,2033,2844.1774,0.0000,1000,1000,1000,1,74.9395
20340.0000,2034,2844.2535,0.0000,1000,999,999,1,74.7381
20350.0000,2035,2844.3294,0.0000,1000,1000,1000,1,74.7446
20360.0000,2036,2844.4050,0.0000,1000,1000,999,1,74.7506
20370.0000,2037,2844.4813,0.0000,1000,1000,1000,1,74.9649
20380.0000,2038,2844.5570,0.0000,1000,1000,1000,1,74.9701
20390.0000,2039,2844.6327,0.0000,999,1000,1000,1,74.7225
20400.0000,2040,2844.7074,0.0000,1000,997,999,1,74.7746
20410.0000,2041,2844.7825,0.0000,1000,998,1000,1,74.6907
20420.0000,2042,2844.8580,0.0000,1000,1000,1000,1,74.8455
20430.0000,2043,2844.9333,0.0000,999,999,1000,1,74.8511
20440.0000,2044,2845.0087,0.0000,999,1000,1000,1,74.7536
20450.0000,2045,2845.0840,0.0000,999,1000,1000,1,74.6125
20460.0000,2046,2845.1589,0.0000,999,1000,1000,1,74.6206
20470.0000,2047,2845.2336,0.0000,999,1000,1000,1,74.6279
20480.0000,2048,2845.3083,0.0000,999,1000,998,1,74.3407
20490.0000,2049,2845.3830,0.0000,1000,1000,999,1,74.3953
20500.0000,2050,2845.4577,0.0000,1000,1000,999,1,74.4038
20510.0000,2051,2845.5326,0.0000,1000,1000,1000,1,74.5135
20520.0000,2052,2845.6068,0.0000,1000,1000,999,1,74.1807
20530.0000,2053,2845.6814,0.0000,1000,999,1000,1,74.2347
20540.0000,2054,2845.7558,0.0000,999,1000,1000,1,73.9479
20550.0000,2055,2845.8305,0.0000,1000,1000,1000,1,74.0586
20560.0000,2056,2845.9047,0.0000,999,1000,998,1,73.8621
20570.0000,2057,2845.9789,0.0000,1000,1000,998,1,73.6788
20580.0000,2058,2846.0526,0.0000,999,1000,998,1,73.4963
20590.0000,2059,2846.1263,0.0000,1000,999,1000,1,73.5519
20600.0000,2060,2846.2004,0.0000,999,1000,1000,1,73.5159
20610.0000,2061,2846.2745,0.0000,999,999,1000,1,73.5256
20620.0000,2062,2846.3486,0.0000,999,1000,999,1,73.4793
20630.0000,2063,2846.4223,0.0000,999,998,1000,1,73.2521
20640.0000,2064,2846.4952,0.0000,997,1000,1000,1,73.1616
20650.0000,2065,2846.5672,0.0000,997,1000,1000,1,73.1266
20660.0000,2066,2846.6402,0.0000,999,1000,1000,1,72.9904
20670.0000,2067,2846.7134,0.0000,999,1000,999,1,72.8994
20680.0000,2068,2846.7868,0.0000,1000,999,1000,1,72.8654
20690.0000,2069,2846.8601,0.0000,998,999,1000,1,72.8161
20700.0000,2070,2846.9336,0.0000,1000,1000,1000,1,72.9308
20710.0000,2071,2847.0068,0.0000,1000,999,1000,1,72.7502
20720.0000,2072,2847.0787,0.0000,1000,999,996,1,72.4115
20730.0000,2073,2847.1503,0.0000,999,1000,996,1,72.0922
20740.0000,2074,2847.2215,0.0000,1000,997,996,1,71.9115
20750.0000,2075,2847.2931,0.0000,1000,999,1000,1,71.7786
20760.0000,2076,2847.3664,0.0000,1000,1000,1000,1,71.9856
20770.0000,2077,2847.4392,0.0000,998,999,999,1,71.7485
20780.0000,2078,2847.5105,0.0000,1000,1000,1000,1,71.7206
20790.0000,2079,2847.5834,0.0000,999,1000,999,1,71.7327
20800.0000,2080,2847.6564,0.0000,1000,999,1000,1,71.9838
20810.0000,2081,2847.7289,0.0000,999,1000,1000,1,72.0453
20820.0000,2082,2847.8017,0.0000,1000,1000,1000,1,71.9508
20830.0000,2083,2847.8745,0.0000,1000,1000,999,1,71.8179
20840.0000,2084,2847.9469,0.0000,999,1000,1000,1,71.6483
20850.0000,2085,2848.0192,0.0000,998,1000,1000,1,71.7552
20860.0000,2086,2848.0911,0.0000,999,1000,999,1,71.5688
20870.0000,2087,2848.1626,0.0000,999,1000,1000,1,71.4024
20880.0000,2088,2848.2349,0.0000,999,1000,999,1,71.4166
20890.0000,2089,2848.3067,0.0000,1000,999,999,1,71.3242
20900.0000,2090,2848.3777,0.0000,1000,1000,999,1,71.1951
20910.0000,2091,2848.4491,0.0000,1000,1000,1000,1,71.0304
20920.0000,2092,2848.5212,0.0000,1000,1000,1000,1,71.1882
20930.0000,2093,2848.5928,0.0000,1000,999,1000,1,71.1507
20940.0000,2094,2848.6649,0.0000,1000,1000,1000,1,71.4511
20950.0000,2095,2848.7369,0.0000,999,999,1000,1,71.4634
20960.0000,2096,2848.8077,0.0000,1000,998,1000,1,71.2771
20970.0000,2097,2848.8793,0.0000,999,1000,1000,1,71.3448
20980.0000,2098,2848.9509,0.0000,1000,999,1000,1,71.2147
20990.0000,2099,2849.0224,0.0000,1000,999,999,1,71.3160
21000.0000,2100,2849.0935,0.0000,999,1000,999,1,71.2913
21010.0000,2101,2849.1647,0.0000,1000,1000,1000,1,71.3409
21020.0000,2102,2849.2354,0.0000,1000,999,999,1,71.0680
21030.0000,2103,2849.3060,0.0000,1000,999,1000,1,70.9381
21040.0000,2104,2849.3772,0.0000,1000,999,1000,1,70.9151
21050.0000,2105,2849.4473,0.0000,1000,1000,998,1,70.6792
21060.0000,2106,2849.5176,0.0000,999,1000,1000,1,70.5123
21070.0000,2107,2849.5883,0.0000,1000,999,1000,1,70.4723
21080.0000,2108,2849.6593,0.0000,1000,1000,1000,1,70.5754
21090.0000,2109,2849.7295,0.0000,1000,1000,1000,1,70.4092
21100.0000,2110,2849.8005,0.0000,1000,1000,1000,1,70.4233
21110.0000,2111,2849.8711,0.0000,997,1000,999,1,70.0106
21120.0000,2112,2849.9410,0.0000,998,1000,1000,1,69.8848
21130.0000,2113,2850.0111,0.0000,998,999,999,1,69.7958
21140.0000,2114,2850.0805,0.0000,1000,998,995,1,69.2500
21150.0000,2115,2850.1503,0.0000,999,1000,998,1,69.2307
21160.0000,2116,2850.2199,0.0000,998,999,999,1,69.0033
21170.0000,2117,2850.2898,0.0000,999,1000,1000,1,68.8448
21180.0000,2118,2850.3603,0.0000,1000,1000,1000,1,68.8124
21190.0000,2119,2850.4304,0.0000,1000,999,999,1,68.9197
21200.0000,2120,2850.5002,0.0000,1000,1000,999,1,69.0423
21210.0000,2121,2850.5703,0.0000,1000,1000,1000,1,69.0603
21220.0000,2122,2850.6400,0.0000,1000,999,999,1,68.8845
21230.0000,2123,2850.7100,0.0000,999,1000,999,1,68.9023
21240.0000,2124,2850.7798,0.0000,999,1000,1000,1,68.9734
21250.0000,2125,2850.8495,0.0000,1000,999,1000,1,69.0767
21260.0000,2126,2850.9193,0.0000,1000,1000,999,1,69.1827
21270.0000,2127,2850.9887,0.0000,1000,1000,1000,1,68.9180
21280.0000,2128,2851.0578,0.0000,998,999,1000,1,68.8443
21290.0000,2129,2851.1268,0.0000,999,1000,1000,1,68.6335
21300.0000,2130,2851.1960,0.0000,1000,1000,1000,1,68.4568
21310.0000,2131,2851.2656,0.0000,1000,1000,1000,1,68.7027
21320.0000,2132,2851.3344,0.0000,998,998,998,1,68.6837
21330.0000,2133,2851.4031,0.0000,999,1000,998,1,68.7004
21340.0000,2134,2851.4721,0.0000,1000,1000,1000,1,68.5766
21350.0000,2135,2851.5408,0.0000,999,999,1000,1,68.3147
21360.0000,2136,2851.6091,0.0000,1000,999,1000,1,68.2785
21370.0000,2137,2851.6779,0.0000,1000,1000,999,1,68.2480
21380.0000,2138,2851.7463,0.0000,1000,1000,999,1,68.3147
21390.0000,2139,2851.8150,0.0000,1000,1000,1000,1,68.3867
21400.0000,2140,2851.8838,0.0000,999,999,1000,1,68.2653
21410.0000,2141,2851.9525,0.0000,1000,1000,1000,1,68.2284
21420.0000,2142,2852.0212,0.0000,999,1000,1000,1,68.3003
21430.0000,2143,2852.0896,0.0000,999,1000,1000,1,68.2633
21440.0000,2144,2852.1574,0.0000,1000,1000,1000,1,68.2319
21450.0000,2145,2852.2255,0.0000,999,1000,999,1,68.2978
21460.0000,2146,2852.2936,0.0000,999,998,999,1,68.1751
21470.0000,2147,2852.3611,0.0000,997,1000,1000,1,68.0536
21480.0000,2148,2852.4288,0.0000,999,999,1000,1,68.0708
21490.0000,2149,2852.4965,0.0000,999,999,1000,1,68.0887
21500.0000,2150,2852.5647,0.0000,999,1000,998,1,68.0567
21510.0000,2151,2852.6328,0.0000,1000,1000,1000,1,68.2126
21520.0000,2152,2852.7009,0.0000,999,999,1000,1,68.0577
21530.0000,2153,2852.7690,0.0000,999,1000,999,1,68.2134
21540.0000,2154,2852.8357,0.0000,1000,1000,998,1,68.1264
21550.0000,2155,2852.9035,0.0000,1000,1000,1000,1,68.2483
21560.0000,2156,2852.9712,0.0000,999,999,999,1,68.1618
21570.0000,2157,2853.0389,0.0000,1000,1000,1000,1,68.3176
21580.0000,2158,2853.1056,0.0000,998,999,1000,1,67.9703
21590.0000,2159,2853.1725,0.0000,1000,999,1000,1,67.9057
21600.0000,2160,2853.2401,0.0000,1000,1000,999,1,67.9233
21610.0000,2161,2853.3078,0.0000,1000,1000,999,1,67.9723
21620.0000,2162,2853.3750,0.0000,1000,1000,999,1,67.9006
21630.0000,2163,2853.4425,0.0000,1000,1000,1000,1,68.0053
21640.0000,2164,2853.5096,0.0000,1000,998,999,1,67.9895
21650.0000,2165,2853.5766,0.0000,998,1000,998,1,68.0056
21660.0000,2166,2853.6431,0.0000,999,1000,999,1,68.0532
21670.0000,2167,2853.7096,0.0000,998,999,1000,1,67.9806
21680.0000,2168,2853.7764,0.0000,1000,1000,1000,1,67.9490
21690.0000,2169,2853.8434,0.0000,1000,1000,1000,1,67.9672
21700.0000,2170,2853.9099,0.0000,999,999,999,1,67.8950
21710.0000,2171,2853.9768,0.0000,1000,1000,999,1,68.0022
21720.0000,2172,2854.0436,0.0000,999,1000,1000,1,67.9887
21730.0000,2173,2854.1101,0.0000,1000,1000,999,1,67.9008
21740.0000,2174,2854.1767,0.0000,1000,999,1000,1,68.1039
21750.0000,2175,2854.2432,0.0000,999,999,999,1,67.9032
21760.0000,2176,2854.3098,0.0000,1000,1000,999,1,67.9199
21770.0000,2177,2854.3759,0.0000,997,999,1000,1,67.8806
21780.0000,2178,2854.4415,0.0000,998,998,999,1,67.7603
21790.0000,2179,2854.5072,0.0000,1000,999,1000,1,67.9140
21800.0000,2180,2854.5731,0.0000,1000,999,998,1,67.8497
21810.0000,2181,2854.6393,0.0000,1000,1000,999,1,67.7608
21820.0000,2182,2854.7056,0.0000,999,999,1000,1,67.8297
21830.0000,2183,2854.7708,0.0000,999,1000,997,1,67.6299
21840.0000,2184,2854.8369,0.0000,999,1000,1000,1,67.6476
21850.0000,2185,2854.9022,0.0000,997,997,1000,1,67.5285
21860.0000,2186,2854.9675,0.0000,1000,1000,1000,1,67.6825
21870.0000,2187,2855.0335,0.0000,1000,1000,999,1,67.7306
21880.0000,2188,2855.0991,0.0000,1000,1000,998,1,67.5804
21890.0000,2189,2855.1646,0.0000,999,998,999,1,67.4618
21900.0000,2190,2855.2300,0.0000,1000,1000,1000,1,67.5107
21910.0000,2191,2855.2956,0.0000,1000,999,999,1,67.4447
21920.0000,2192,2855.3613,0.0000,1000,1000,1000,1,67.5469
21930.0000,2193,2855.4271,0.0000,999,1000,1000,1,67.6697
21940.0000,2194,2855.4926,0.0000,999,1000,1000,1,67.7713
21950.0000,2195,2855.5575,0.0000,998,1000,999,1,67.7067
21960.0000,2196,2855.6231,0.0000,1000,1000,1000,1,68.0271
21970.0000,2197,2855.6883,0.0000,1000,1000,1000,1,68.0444
21980.0000,2198,2855.7532,0.0000,999,1000,998,1,67.7603
21990.0000,2199,2855.8182,0.0000,1000,1000,1000,1,67.6745
22000.0000,2200,2855.8834,0.0000,1000,999,1000,1,67.8805
22010.0000,2201,2855.9484,0.0000,1000,1000,999,1,67.9809
22020.0000,2202,2856.0133,0.0000,1000,1000,999,1,67.9984
22030.0000,2203,2856.0783,0.0000,1000,1000,999,1,67.8802
22040.0000,2204,2856.1424,0.0000,999,997,997,1,67.7618
22050.0000,2205,2856.2052,0.0000,999,1000,999,1,67.5080
22060.0000,2206,2856.2701,0.0000,999,1000,1000,1,67.6311
22070.0000,2207,2856.3346,0.0000,1000,998,999,1,67.6786
22080.0000,2208,2856.3987,0.0000,999,1000,999,1,67.6650
22090.0000,2209,2856.4631,0.0000,999,1000,999,1,67.6822
22100.0000,2210,2856.5274,0.0000,1000,1000,1000,1,67.7000
22110.0000,2211,2856.5917,0.0000,1000,1000,1000,1,67.5828
22120.0000,2212,2856.6558,0.0000,1000,999,1000,1,67.4125
22130.0000,2213,2856.7197,0.0000,999,999,998,1,67.3810
22140.0000,2214,2856.7838,0.0000,1000,1000,999,1,67.5018
22150.0000,2215,2856.8477,0.0000,998,999,999,1,67.3306
22160.0000,2216,2856.9115,0.0000,1000,1000,999,1,67.4016
22170.0000,2217,2856.9751,0.0000,999,1000,999,1,67.1511
22180.0000,2218,2857.0391,0.0000,999,1000,1000,1,67.1696
22190.0000,2219,2857.1032,0.0000,1000,1000,1000,1,67.3220
22200.0000,2220,2857.1672,0.0000,999,999,1000,1,67.4196
22210.0000,2221,2857.2307,0.0000,999,1000,999,1,67.3583
22220.0000,2222,2857.2936,0.0000,998,1000,997,1,67.0059
22230.0000,2223,2857.3566,0.0000,1000,999,1000,1,67.0729
22240.0000,2224,2857.4203,0.0000,1000,1000,999,1,67.1469
22250.0000,2225,2857.4836,0.0000,999,999,999,1,66.9760
22260.0000,2226,2857.5472,0.0000,1000,999,1000,1,67.1282
22270.0000,2227,2857.6101,0.0000,1000,998,998,1,66.9652
22280.0000,2228,2857.6732,0.0000,1000,999,1000,1,66.9844
22290.0000,2229,2857.7364,0.0000,999,999,1000,1,67.0043
22300.0000,2230,2857.7997,0.0000,999,1000,999,1,67.2598
22310.0000,2231,2857.8628,0.0000,999,1000,998,1,67.1757
22320.0000,2232,2857.9260,0.0000,999,1000,999,1,67.2968
22330.0000,2233,2857.9891,0.0000,1000,1000,1000,1,67.4480
22340.0000,2234,2858.0518,0.0000,999,1000,998,1,67.3331
22350.0000,2235,2858.1138,0.0000,1000,1000,997,1,67.4848
22360.0000,2236,2858.1768,0.0000,1000,999,1000,1,67.5784
22370.0000,2237,2858.2392,0.0000,998,1000,1000,1,67.3870
22380.0000,2238,2858.3017,0.0000,999,1000,1000,1,67.3480
22390.0000,2239,2858.3641,0.0000,1000,1000,1000,1,67.1586
22400.0000,2240,2858.4266,0.0000,999,999,1000,1,67.1198
22410.0000,2241,2858.4877,0.0000,995,1000,998,1,66.7992
22420.0000,2242,2858.5499,0.0000,999,1000,1000,1,66.7146
22430.0000,2243,2858.6128,0.0000,999,999,1000,1,66.7807
22440.0000,2244,2858.6751,0.0000,999,999,999,1,66.6684
22450.0000,2245,2858.7368,0.0000,999,999,999,1,66.4814
22460.0000,2246,2858.7972,0.0000,998,999,997,1,66.0027
22470.0000,2247,2858.8583,0.0000,998,1000,1000,1,65.7355
22480.0000,2248,2858.9199,0.0000,998,998,999,1,65.5235
22490.0000,2249,2858.9817,0.0000,999,999,999,1,65.5920
22500.0000,2250,2859.0437,0.0000,1000,999,998,1,65.5696
22510.0000,2251,2859.1053,0.0000,999,1000,1000,1,65.6363
22520.0000,2252,2859.1669,0.0000,999,1000,1000,1,65.5275
22530.0000,2253,2859.2277,0.0000,1000,999,999,1,65.4764
22540.0000,2254,2859.2895,0.0000,1000,1000,999,1,65.3663
22550.0000,2255,2859.3503,0.0000,998,1000,999,1,65.1531
22560.0000,2256,2859.4123,0.0000,1000,999,1000,1,65.1750
22570.0000,2257,2859.4743,0.0000,1000,1000,1000,1,65.3714
22580.0000,2258,2859.5362,0.0000,1000,1000,1000,1,65.3490
22590.0000,2259,2859.5980,0.0000,999,1000,1000,1,65.3445
22600.0000,2260,2859.6585,0.0000,999,1000,997,1,65.1071
22610.0000,2261,2859.7196,0.0000,999,1000,1000,1,65.2606
22620.0000,2262,2859.7811,0.0000,999,1000,1000,1,65.1798
22630.0000,2263,2859.8427,0.0000,999,999,1000,1,65.3724
22640.0000,2264,2859.9044,0.0000,1000,999,1000,1,65.5236
22650.0000,2265,2859.9654,0.0000,999,999,1000,1,65.4118
22660.0000,2266,2860.0268,0.0000,1000,1000,999,1,65.3009
22670.0000,2267,2860.0879,0.0000,1000,1000,1000,1,65.3212
22680.0000,2268,2860.1488,0.0000,999,998,1000,1,65.2743
22690.0000,2269,2860.2097,0.0000,999,999,999,1,65.0600
22700.0000,2270,2860.2701,0.0000,999,1000,1000,1,65.0531
22710.0000,2271,2860.3314,0.0000,1000,1000,1000,1,65.1398
22720.0000,2272,2860.3924,0.0000,999,1000,1000,1,65.0927
22730.0000,2273,2860.4526,0.0000,997,1000,999,1,65.0096
22740.0000,2274,2860.5133,0.0000,999,999,1000,1,65.0687
22750.0000,2275,2860.5736,0.0000,1000,1000,1000,1,65.0471
22760.0000,2276,2860.6338,0.0000,1000,1000,999,1,64.9093
22770.0000,2277,2860.6946,0.0000,1000,1000,1000,1,64.9556
22780.0000,2278,2860.7552,0.0000,999,1000,999,1,64.9481
22790.0000,2279,2860.8153,0.0000,1000,1000,999,1,64.8650
22800.0000,2280,2860.8756,0.0000,999,1000,999,1,64.8854
22810.0000,2281,2860.9359,0.0000,999,999,999,1,64.8784
22820.0000,2282,2860.9960,0.0000,999,999,999,1,64.8975
22830.0000,2283,2861.0566,0.0000,999,999,999,1,65.0461
22840.0000,2284,2861.1160,0.0000,1000,1000,1000,1,65.0021
22850.0000,2285,2861.1761,0.0000,998,999,999,1,64.8464
22860.0000,2286,2861.2342,0.0000,997,1000,1000,1,64.8379
22870.0000,2287,2861.2941,0.0000,1000,999,1000,1,64.7937
22880.0000,2288,2861.3537,0.0000,1000,1000,999,1,64.7431
22890.0000,2289,2861.4134,0.0000,1000,1000,1000,1,64.7617
22900.0000,2290,2861.4732,0.0000,998,999,999,1,64.5216
22910.0000,2291,2861.5328,0.0000,998,999,1000,1,64.4789
22920.0000,2292,2861.5921,0.0000,1000,998,1000,1,64.4549
22930.0000,2293,2861.6508,0.0000,998,996,999,1,64.2158
22940.0000,2294,2861.7096,0.0000,1000,999,1000,1,64.1081
22950.0000,2295,2861.7697,0.0000,1000,998,1000,1,64.3019
22960.0000,2296,2861.8296,0.0000,1000,1000,1000,1,64.5363
22970.0000,2297,2861.8893,0.0000,1000,999,1000,1,64.5298
22980.0000,2298,2861.9492,0.0000,999,1000,1000,1,64.5489
22990.0000,2299,2862.0088,0.0000,1000,1000,1000,1,64.3786
23000.0000,2300,2862.0685,0.0000,1000,999,1000,1,64.3972
23010.0000,2301,2862.1279,0.0000,1000,1000,1000,1,64.5008
23020.0000,2302,2862.1875,0.0000,1000,1000,999,1,64.6225
23030.0000,2303,2862.2466,0.0000,1000,1000,1000,1,64.6401
23040.0000,2304,2862.3060,0.0000,999,1000,1000,1,64.6575
23050.0000,2305,2862.3649,0.0000,1000,1000,1000,1,64.5450
23060.0000,2306,2862.4242,0.0000,999,999,999,1,64.5617
23070.0000,2307,2862.4827,0.0000,999,1000,1000,1,64.3204
23080.0000,2308,2862.5422,0.0000,1000,1000,999,1,64.4935
23090.0000,2309,2862.6012,0.0000,999,999,999,1,64.4862
23100.0000,2310,2862.6603,0.0000,1000,1000,999,1,64.5301
23110.0000,2311,2862.7190,0.0000,1000,1000,999,1,64.5477
23120.0000,2312,2862.7781,0.0000,999,1000,999,1,64.6680
23130.0000,2313,2862.8364,0.0000,1000,999,1000,1,64.4962
23140.0000,2314,2862.8949,0.0000,1000,999,1000,1,64.5126
23150.0000,2315,2862.9529,0.0000,1000,997,998,1,64.4848
23160.0000,2316,2863.0105,0.0000,999,998,1000,1,64.2883
23170.0000,2317,2863.0693,0.0000,999,1000,1000,1,64.4925
23180.0000,2318,2863.1280,0.0000,1000,1000,1000,1,64.5095
23190.0000,2319,2863.1867,0.0000,1000,1000,1000,1,64.5970
23200.0000,2320,2863.2455,0.0000,1000,1000,1000,1,64.8013
23210.0000,2321,2863.3041,0.0000,1000,999,1000,1,64.7586
23220.0000,2322,2863.3626,0.0000,999,1000,1000,1,64.8337
23230.0000,2323,2863.4205,0.0000,1000,999,1000,1,64.6646
23240.0000,2324,2863.4788,0.0000,1000,1000,999,1,64.7411
23250.0000,2325,2863.5369,0.0000,1000,1000,1000,1,64.8288
23260.0000,2326,2863.5951,0.0000,999,999,998,1,64.8472
23270.0000,2327,2863.6525,0.0000,1000,1000,998,1,64.6946
23280.0000,2328,2863.7099,0.0000,1000,999,998,1,64.6861
23290.0000,2329,2863.7669,0.0000,1000,1000,1000,1,64.5192
23300.0000,2330,2863.8242,0.0000,998,1000,1000,1,64.4702
23310.0000,2331,2863.8820,0.0000,1000,1000,999,1,64.3038
23320.0000,2332,2863.9400,0.0000,1000,999,999,1,64.2556
23330.0000,2333,2863.9980,0.0000,999,1000,999,1,64.2760
23340.0000,2334,2864.0558,0.0000,1000,1000,999,1,64.3240
23350.0000,2335,2864.1134,0.0000,1000,1000,1000,1,64.1902
23360.0000,2336,2864.1713,0.0000,1000,1000,1000,1,64.3649
23370.0000,2337,2864.2290,0.0000,1000,1000,1000,1,64.2581
23380.0000,2338,2864.2868,0.0000,999,999,1000,1,64.2786
23390.0000,2339,2864.3442,0.0000,1000,1000,1000,1,64.0877
23400.0000,2340,2864.4016,0.0000,1000,1000,1000,1,64.0680
23410.0000,2341,2864.4590,0.0000,1000,997,998,1,63.8364
23420.0000,2342,2864.5157,0.0000,999,1000,1000,1,63.8320
23430.0000,2343,2864.5730,0.0000,999,1000,1000,1,63.8537
23440.0000,2344,2864.6303,0.0000,1000,999,1000,1,63.9423
23450.0000,2345,2864.6876,0.0000,999,1000,998,1,63.9219
23460.0000,2346,2864.7446,0.0000,999,1000,999,1,63.7910
23470.0000,2347,2864.8018,0.0000,1000,1000,1000,1,64.0051
23480.0000,2348,2864.8590,0.0000,1000,999,1000,1,63.9588
23490.0000,2349,2864.9164,0.0000,999,999,1000,1,64.0463
23500.0000,2350,2864.9734,0.0000,999,999,1000,1,64.0664
23510.0000,2351,2865.0295,0.0000,1000,1000,998,1,63.7922
23520.0000,2352,2865.0867,0.0000,1000,999,1000,1,64.0641
23530.0000,2353,2865.1432,0.0000,999,1000,999,1,64.0584
23540.0000,2354,2865.2002,0.0000,1000,1000,999,1,64.2292
23550.0000,2355,2865.2568,0.0000,999,1000,999,1,64.2472
23560.0000,2356,2865.3137,0.0000,999,1000,1000,1,64.3657
23570.0000,2357,2865.3699,0.0000,996,998,999,1,63.9034
23580.0000,2358,2865.4264,0.0000,1000,1000,1000,1,64.1487
23590.0000,2359,2865.4826,0.0000,998,999,1000,1,63.9151
23600.0000,2360,2865.5387,0.0000,1000,999,1000,1,63.7494
23610.0000,2361,2865.5954,0.0000,1000,1000,998,1,63.8522
23620.0000,2362,2865.6515,0.0000,998,998,1000,1,63.7458
23630.0000,2363,2865.7069,0.0000,1000,999,1000,1,63.7641
23640.0000,2364,2865.7632,0.0000,1000,1000,1000,1,63.8805
23650.0000,2365,2865.8197,0.0000,1000,1000,999,1,63.9261
23660.0000,2366,2865.8758,0.0000,999,1000,1000,1,63.7893
23670.0000,2367,2865.9321,0.0000,998,1000,1000,1,63.8072
23680.0000,2368,2865.9881,0.0000,999,1000,1000,1,63.8248
23690.0000,2369,2866.0440,0.0000,1000,1000,1000,1,63.8421
23700.0000,2370,2866.1003,0.0000,999,1000,998,1,63.8592
23710.0000,2371,2866.1562,0.0000,1000,1000,999,1,63.7781
23720.0000,2372,2866.2121,0.0000,1000,1000,1000,1,63.6685
23730.0000,2373,2866.2681,0.0000,1000,1000,1000,1,63.8109
23740.0000,2374,2866.3241,0.0000,1000,1000,999,1,63.9247
23750.0000,2375,2866.3800,0.0000,1000,1000,999,1,63.9675
23760.0000,2376,2866.4353,0.0000,1000,997,997,1,63.7292
23770.0000,2377,2866.4904,0.0000,1000,1000,999,1,63.8704
23780.0000,2378,2866.5462,0.0000,1000,1000,1000,1,63.9828
23790.0000,2379,2866.6018,0.0000,999,999,1000,1,63.9965
23800.0000,2380,2866.6570,0.0000,1000,1000,999,1,63.8313
23810.0000,2381,2866.7126,0.0000,1000,1000,1000,1,63.9292
23820.0000,2382,2866.7683,0.0000,1000,1000,1000,1,64.0402
23830.0000,2383,2866.8237,0.0000,1000,999,999,1,63.9583
23840.0000,2384,2866.8789,0.0000,1000,999,1000,1,63.9728
23850.0000,2385,2866.9342,0.0000,997,999,1000,1,63.7779
23860.0000,2386,2866.9882,0.0000,998,999,999,1,63.6235
23870.0000,2387,2867.0428,0.0000,999,1000,999,1,63.6079
23880.0000,2388,2867.0980,0.0000,1000,1000,999,1,63.6535
23890.0000,2389,2867.1533,0.0000,1000,1000,999,1,63.6680
23900.0000,2390,2867.2076,0.0000,998,998,1000,1,63.4734
23910.0000,2391,2867.2620,0.0000,1000,1000,998,1,63.4453
23920.0000,2392,2867.3171,0.0000,1000,999,999,1,63.4595
23930.0000,2393,2867.3719,0.0000,1000,1000,1000,1,63.4421
23940.0000,2394,2867.4268,0.0000,1000,999,1000,1,63.4046
23950.0000,2395,2867.4818,0.0000,1000,1000,1000,1,63.6704
23960.0000,2396,2867.5367,0.0000,1000,1000,1000,1,63.7366
23970.0000,2397,2867.5919,0.0000,1000,999,1000,1,63.6989
23980.0000,2398,2867.6457,0.0000,999,1000,999,1,63.5143
23990.0000,2399,2867.6999,0.0000,1000,1000,1000,1,63.6008
24000.0000,2400,2867.7548,0.0000,1000,1000,999,1,63.5737
24010.0000,2401,2867.8090,0.0000,997,1000,998,1,63.4626
24020.0000,2402,2867.8634,0.0000,1000,999,1000,1,63.5186
24030.0000,2403,2867.9176,0.0000,1000,999,1000,1,63.4910
24040.0000,2404,2867.9711,0.0000,997,998,999,1,63.2542
24050.0000,2405,2868.0245,0.0000,999,1000,1000,1,63.1865
24060.0000,2406,2868.0790,0.0000,999,1000,1000,1,63.1277
24070.0000,2407,2868.1332,0.0000,999,1000,999,1,63.0168
24080.0000,2408,2868.1878,0.0000,1000,1000,1000,1,63.1558
24090.0000,2409,2868.2422,0.0000,999,999,1000,1,63.2436
24100.0000,2410,2868.2962,0.0000,999,999,1000,1,63.0071
24110.0000,2411,2868.3503,0.0000,999,999,998,1,62.9762
24120.0000,2412,2868.4036,0.0000,999,1000,998,1,62.7401
24130.0000,2413,2868.4578,0.0000,1000,999,1000,1,62.7982
24140.0000,2414,2868.5118,0.0000,999,1000,1000,1,62.8620
24150.0000,2415,2868.5656,0.0000,997,1000,998,1,62.7500
24160.0000,2416,2868.6189,0.0000,1000,1000,999,1,62.9618
24170.0000,2417,2868.6724,0.0000,1000,1000,999,1,62.7743
24180.0000,2418,2868.7259,0.0000,1000,1000,999,1,62.6912
24190.0000,2419,2868.7797,0.0000,999,999,1000,1,62.6220
24200.0000,2420,2868.8337,0.0000,1000,1000,999,1,62.7143
24210.0000,2421,2868.8872,0.0000,1000,999,1000,1,62.6440
24220.0000,2422,2868.9410,0.0000,1000,1000,1000,1,62.7800
24230.0000,2423,2868.9946,0.0000,999,999,998,1,62.6205
24240.0000,2424,2869.0481,0.0000,999,1000,1000,1,62.7265
24250.0000,2425,2869.1016,0.0000,999,999,1000,1,62.8117
24260.0000,2426,2869.1547,0.0000,998,1000,1000,1,62.8726
24270.0000,2427,2869.2081,0.0000,999,1000,1000,1,62.7572
24280.0000,2428,2869.2614,0.0000,999,999,999,1,62.7671
24290.0000,2429,2869.3142,0.0000,997,1000,999,1,62.4323
24300.0000,2430,2869.3673,0.0000,999,1000,1000,1,62.4151
24310.0000,2431,2869.4205,0.0000,998,998,1000,1,62.2517
24320.0000,2432,2869.4735,0.0000,999,999,999,1,62.4378
24330.0000,2433,2869.5264,0.0000,1000,1000,1000,1,62.4486
24340.0000,2434,2869.5800,0.0000,1000,1000,1000,1,62.7088
24350.0000,2435,2869.6323,0.0000,1000,999,999,1,62.4973
24360.0000,2436,2869.6849,0.0000,1000,998,1000,1,62.4292
24370.0000,2437,2869.7375,0.0000,999,1000,1000,1,62.4884
24380.0000,2438,2869.7903,0.0000,998,999,1000,1,62.5754
24390.0000,2439,2869.8433,0.0000,1000,1000,1000,1,62.7881
24400.0000,2440,2869.8964,0.0000,1000,1000,999,1,62.7967
24410.0000,2441,2869.9494,0.0000,1000,1000,1000,1,62.7272
24420.0000,2442,2870.0019,0.0000,1000,1000,999,1,62.6886
24430.0000,2443,2870.0544,0.0000,1000,999,1000,1,62.4946
24440.0000,2444,2870.1069,0.0000,998,1000,1000,1,62.6288
24450.0000,2445,2870.1593,0.0000,1000,1000,999,1,62.4652
24460.0000,2446,2870.2120,0.0000,999,1000,999,1,62.4452
24470.0000,2447,2870.2645,0.0000,1000,1000,999,1,62.3587
24480.0000,2448,2870.3171,0.0000,999,1000,1000,1,62.4632
24490.0000,2449,2870.3698,0.0000,999,999,998,1,62.3770
24500.0000,2450,2870.4220,0.0000,999,999,1000,1,62.6056
24510.0000,2451,2870.4735,0.0000,1000,1000,1000,1,62.4425
24520.0000,2452,2870.5258,0.0000,1000,999,999,1,62.4513
24530.0000,2453,2870.5779,0.0000,998,998,999,1,62.3353
24540.0000,2454,2870.6295,0.0000,1000,999,999,1,62.2968
24550.0000,2455,2870.6814,0.0000,999,998,999,1,62.1046
24560.0000,2456,2870.7334,0.0000,1000,1000,1000,1,62.1619
24570.0000,2457,2870.7857,0.0000,999,1000,998,1,62.2951
24580.0000,2458,2870.8371,0.0000,996,999,999,1,62.1802
24590.0000,2459,2870.8885,0.0000,1000,1000,1000,1,62.3135
24600.0000,2460,2870.9405,0.0000,1000,1000,1000,1,62.3227
24610.0000,2461,2870.9928,0.0000,1000,1000,1000,1,62.4854
24620.0000,2462,2871.0449,0.0000,999,1000,999,1,62.6177
24630.0000,2463,2871.0969,0.0000,1000,1000,1000,1,62.7198
24640.0000,2464,2871.1490,0.0000,1000,999,1000,1,62.8047
24650.0000,2465,2871.2005,0.0000,999,999,1000,1,62.9362
24660.0000,2466,2871.2519,0.0000,1000,999,1000,1,62.9883
24670.0000,2467,2871.3039,0.0000,1000,1000,1000,1,63.1189
24680.0000,2468,2871.3552,0.0000,999,998,998,1,62.9064
24690.0000,2469,2871.4059,0.0000,998,1000,998,1,62.6632
24700.0000,2470,2871.4570,0.0000,999,999,1000,1,62.5934
24710.0000,2471,2871.5089,0.0000,999,1000,1000,1,62.8948
24720.0000,2472,2871.5604,0.0000,1000,1000,1000,1,63.0557
24730.0000,2473,2871.6112,0.0000,997,999,1000,1,62.8610
24740.0000,2474,2871.6618,0.0000,997,1000,999,1,62.9129
24750.0000,2475,2871.7130,0.0000,999,999,1000,1,62.7495
24760.0000,2476,2871.7646,0.0000,1000,1000,1000,1,62.9250
24770.0000,2477,2871.8154,0.0000,998,1000,1000,1,62.5596
24780.0000,2478,2871.8661,0.0000,999,1000,999,1,62.4431
24790.0000,2479,2871.9170,0.0000,999,999,1000,1,62.2819
24800.0000,2480,2871.9683,0.0000,1000,998,999,1,62.3636
24810.0000,2481,2872.0186,0.0000,999,999,1000,1,62.4208
24820.0000,2482,2872.0693,0.0000,1000,1000,1000,1,62.2552
24830.0000,2483,2872.1203,0.0000,1000,1000,1000,1,62.1411
24840.0000,2484,2872.1715,0.0000,1000,1000,1000,1,62.2428
24850.0000,2485,2872.2223,0.0000,1000,1000,999,1,62.0050
24860.0000,2486,2872.2734,0.0000,999,998,999,1,62.0430
24870.0000,2487,2872.3242,0.0000,1000,1000,1000,1,62.2227
24880.0000,2488,2872.3753,0.0000,1000,1000,999,1,62.3044
24890.0000,2489,2872.4263,0.0000,1000,1000,1000,1,62.5282
24900.0000,2490,2872.4766,0.0000,998,999,997,1,62.4895
24910.0000,2491,2872.5275,0.0000,1000,999,1000,1,62.6188
24920.0000,2492,2872.5783,0.0000,1000,1000,1000,1,62.5757
24930.0000,2493,2872.6294,0.0000,1000,1000,1000,1,62.7988
24940.0000,2494,2872.6792,0.0000,998,999,1000,1,62.5115
24950.0000,2495,2872.7290,0.0000,1000,999,999,1,62.1943
24960.0000,2496,2872.7798,0.0000,1000,1000,999,1,62.1064
24970.0000,2497,2872.8301,0.0000,999,998,1000,1,62.0395
24980.0000,2498,2872.8807,0.0000,1000,1000,1000,1,62.1693
24990.0000,2499,2872.9305,0.0000,999,1000,997,1,61.8534
25000.0000,2500,2872.9803,0.0000,999,1000,998,1,61.6176
25010.0000,2501,2873.0305,0.0000,1000,1000,999,1,61.5331
25020.0000,2502,2873.0807,0.0000,999,1000,999,1,61.5151
25030.0000,2503,2873.1308,0.0000,1000,1000,1000,1,61.4314
25040.0000,2504,2873.1812,0.0000,999,1000,1000,1,61.6114
25050.0000,2505,2873.2316,0.0000,1000,1000,999,1,61.6651
25060.0000,2506,2873.2815,0.0000,1000,1000,1000,1,61.6293
25070.0000,2507,2873.3316,0.0000,1000,1000,999,1,61.4686
25080.0000,2508,2873.3817,0.0000,1000,1000,1000,1,61.4786
25090.0000,2509,2873.4318,0.0000,999,1000,999,1,61.4608
25100.0000,2510,2873.4818,0.0000,1000,1000,1000,1,61.4981
25110.0000,2511,2873.5315,0.0000,1000,1000,999,1,61.5067
25120.0000,2512,2873.5808,0.0000,1000,1000,1000,1,61.4878
25130.0000,2513,2873.6308,0.0000,1000,999,1000,1,61.5741
25140.0000,2514,2873.6806,0.0000,999,999,999,1,61.4617
25150.0000,2515,2873.7304,0.0000,999,1000,1000,1,61.4210
25160.0000,2516,2873.7801,0.0000,1000,1000,999,1,61.3086
25170.0000,2517,2873.8299,0.0000,1000,1000,1000,1,61.4118
25180.0000,2518,2873.8791,0.0000,999,999,1000,1,61.2555
25190.0000,2519,2873.9287,0.0000,1000,1000,1000,1,61.3354
25200.0000,2520,2873.9780,0.0000,999,999,1000,1,61.2739
25210.0000,2521,2874.0273,0.0000,1000,998,1000,1,61.1111
25220.0000,2522,2874.0768,0.0000,999,1000,998,1,61.0930
25230.0000,2523,2874.1258,0.0000,1000,998,999,1,61.0080
25240.0000,2524,2874.1747,0.0000,1000,1000,999,1,60.8690
25250.0000,2525,2874.2239,0.0000,999,999,1000,1,60.7859
25260.0000,2526,2874.2732,0.0000,1000,999,1000,1,60.8472
25270.0000,2527,2874.3225,0.0000,1000,1000,1000,1,60.8570
25280.0000,2528,2874.3719,0.0000,1000,1000,1000,1,60.8152
25290.0000,2529,2874.4213,0.0000,1000,1000,1000,1,60.8761
25300.0000,2530,2874.4706,0.0000,1000,999,1000,1,60.9544
25310.0000,2531,2874.5198,0.0000,1000,1000,1000,1,61.0561
25320.0000,2532,2874.5689,0.0000,998,999,1000,1,61.0231
25330.0000,2533,2874.6178,0.0000,1000,1000,999,1,61.0316
25340.0000,2534,2874.6672,0.0000,999,1000,1000,1,61.2020
25350.0000,2535,2874.7163,0.0000,1000,1000,999,1,61.4514
25360.0000,2536,2874.7653,0.0000,1000,1000,999,1,61.3651
25370.0000,2537,2874.8142,0.0000,999,999,1000,1,61.4932
25380.0000,2538,2874.8634,0.0000,999,999,1000,1,61.5522
25390.0000,2539,2874.9116,0.0000,999,1000,1000,1,61.6005
25400.0000,2540,2874.9606,0.0000,1000,1000,1000,1,61.8077
25410.0000,2541,2875.0094,0.0000,999,997,1000,1,61.8138
25420.0000,2542,2875.0571,0.0000,1000,1000,997,1,61.6471
25430.0000,2543,2875.1038,0.0000,1000,997,995,1,61.5857
25440.0000,2544,2875.1502,0.0000,1000,999,996,1,61.5413
25450.0000,2545,2875.1977,0.0000,999,1000,999,1,61.3992
25460.0000,2546,2875.2465,0.0000,999,999,1000,1,61.6053
25470.0000,2547,2875.2946,0.0000,1000,1000,1000,1,61.6828
25480.0000,2548,2875.3428,0.0000,1000,1000,1000,1,61.6176
25490.0000,2549,2875.3912,0.0000,1000,1000,1000,1,61.5452
25500.0000,2550,2875.4397,0.0000,1000,1000,1000,1,61.5077
25510.0000,2551,2875.4884,0.0000,999,1000,1000,1,61.5557
25520.0000,2552,2875.5366,0.0000,999,1000,999,1,61.6816
25530.0000,2553,2875.5848,0.0000,1000,1000,1000,1,61.5959
25540.0000,2554,2875.6330,0.0000,1000,1000,1000,1,61.4494
25550.0000,2555,2875.6811,0.0000,999,1000,998,1,61.2426
25560.0000,2556,2875.7288,0.0000,1000,1000,999,1,61.1255
25570.0000,2557,2875.7770,0.0000,999,999,999,1,61.0984
25580.0000,2558,2875.8246,0.0000,999,999,999,1,60.9377
25590.0000,2559,2875.8718,0.0000,1000,1000,997,1,60.6991
25600.0000,2560,2875.9191,0.0000,999,1000,999,1,60.6264
25610.0000,2561,2875.9670,0.0000,1000,999,1000,1,60.7073
25620.0000,2562,2876.0151,0.0000,1000,1000,1000,1,60.8322
25630.0000,2563,2876.0630,0.0000,1000,1000,999,1,60.6698
25640.0000,2564,2876.1108,0.0000,1000,1000,1000,1,60.5984
25650.0000,2565,2876.1589,0.0000,1000,1000,999,1,60.7982
25660.0000,2566,2876.2069,0.0000,999,999,999,1,60.7258
25670.0000,2567,2876.2542,0.0000,999,998,1000,1,60.6078
25680.0000,2568,2876.3017,0.0000,1000,1000,1000,1,60.5657
25690.0000,2569,2876.3493,0.0000,999,1000,1000,1,60.6581
25700.0000,2570,2876.3965,0.0000,999,1000,1000,1,60.6614
25710.0000,2571,2876.4444,0.0000,1000,1000,1000,1,60.7849
25720.0000,2572,2876.4922,0.0000,1000,1000,1000,1,60.9393
25730.0000,2573,2876.5400,0.0000,999,998,1000,1,60.9888
25740.0000,2574,2876.5876,0.0000,1000,1000,999,1,60.9902
25750.0000,2575,2876.6352,0.0000,1000,999,999,1,61.0653
25760.0000,2576,2876.6828,0.0000,1000,999,999,1,61.0674
25770.0000,2577,2876.7303,0.0000,999,1000,999,1,61.2793
25780.0000,2578,2876.7774,0.0000,1000,1000,999,1,61.3115
25790.0000,2579,2876.8246,0.0000,1000,1000,1000,1,61.4014
25800.0000,2580,2876.8720,0.0000,1000,1000,1000,1,61.3122
25810.0000,2581,2876.9190,0.0000,1000,997,1000,1,61.3597
25820.0000,2582,2876.9662,0.0000,1000,1000,999,1,61.3127
25830.0000,2583,2877.0133,0.0000,999,1000,1000,1,61.4011
25840.0000,2584,2877.0602,0.0000,999,1000,1000,1,61.3109
25850.0000,2585,2877.1068,0.0000,1000,1000,997,1,60.9480
25860.0000,2586,2877.1539,0.0000,1000,1000,1000,1,60.9948
25870.0000,2587,2877.2010,0.0000,1000,999,1000,1,60.9952
25880.0000,2588,2877.2482,0.0000,1000,999,999,1,60.8748
25890.0000,2589,2877.2947,0.0000,999,1000,999,1,60.7090
25900.0000,2590,2877.3416,0.0000,999,998,999,1,60.7096
25910.0000,2591,2877.3879,0.0000,998,1000,1000,1,60.5562
25920.0000,2592,2877.4350,0.0000,1000,999,1000,1,60.7570
25930.0000,2593,2877.4819,0.0000,1000,1000,1000,1,60.7986
25940.0000,2594,2877.5282,0.0000,1000,999,999,1,60.5918
25950.0000,2595,2877.5742,0.0000,1000,999,1000,1,60.4387
25960.0000,2596,2877.6211,0.0000,1000,1000,1000,1,60.5950
25970.0000,2597,2877.6679,0.0000,1000,999,1000,1,60.6414
25980.0000,2598,2877.7147,0.0000,1000,1000,1000,1,60.7624
25990.0000,2599,2877.7614,0.0000,1000,1000,999,1,60.8827
26000.0000,2600,2877.8080,0.0000,999,1000,1000,1,61.0432
26010.0000,2601,2877.8545,0.0000,1000,1000,1000,1,61.0014
26020.0000,2602,2877.9004,0.0000,997,999,1000,1,60.8001
26030.0000,2603,2877.9455,0.0000,997,999,999,1,60.6385
26040.0000,2604,2877.9918,0.0000,1000,1000,1000,1,60.7583
26050.0000,2605,2878.0385,0.0000,1000,1000,1000,1,60.8775
26060.0000,2606,2878.0850,0.0000,999,1000,1000,1,60.8303
26070.0000,2607,2878.1315,0.0000,1000,1000,1000,1,60.9152
26080.0000,2608,2878.1780,0.0000,999,999,1000,1,60.8719
26090.0000,2609,2878.2238,0.0000,998,998,999,1,60.6276
26100.0000,2610,2878.2697,0.0000,1000,1000,1000,1,60.5469
26110.0000,2611,2878.3158,0.0000,1000,1000,999,1,60.4596
26120.0000,2612,2878.3618,0.0000,1000,999,999,1,60.3386
26130.0000,2613,2878.4077,0.0000,1000,1000,1000,1,60.3048
26140.0000,2614,2878.4537,0.0000,999,1000,999,1,60.1842
26150.0000,2615,2878.4994,0.0000,999,1000,998,1,59.9451
26160.0000,2616,2878.5449,0.0000,997,1000,1000,1,59.5474
26170.0000,2617,2878.5895,0.0000,1000,1000,1000,1,59.4722
26180.0000,2618,2878.6356,0.0000,1000,1000,999,1,59.3878
26190.0000,2619,2878.6817,0.0000,1000,1000,1000,1,59.5090
26200.0000,2620,2878.7278,0.0000,1000,1000,999,1,59.4790
26210.0000,2621,2878.7736,0.0000,1000,1000,1000,1,59.4812
26220.0000,2622,2878.8193,0.0000,1000,1000,999,1,59.5149
26230.0000,2623,2878.8652,0.0000,999,999,999,1,59.3669
26240.0000,2624,2878.9104,0.0000,1000,1000,1000,1,59.2513
26250.0000,2625,2878.9556,0.0000,1000,1000,999,1,59.0945
26260.0000,2626,2879.0014,0.0000,1000,1000,1000,1,59.1399
26270.0000,2627,2879.0466,0.0000,1000,1000,999,1,58.9832
26280.0000,2628,2879.0924,0.0000,1000,1000,1000,1,59.1464
26290.0000,2629,2879.1382,0.0000,1000,999,1000,1,59.2258
26300.0000,2630,2879.1837,0.0000,999,998,1000,1,59.2284
26310.0000,2631,2879.2291,0.0000,999,1000,998,1,59.2732
26320.0000,2632,2879.2746,0.0000,999,998,999,1,59.2347
26330.0000,2633,2879.3200,0.0000,999,1000,999,1,59.3976
26340.0000,2634,2879.3652,0.0000,999,1000,1000,1,59.4006
26350.0000,2635,2879.4103,0.0000,1000,999,999,1,59.2434
26360.0000,2636,2879.4557,0.0000,1000,1000,1000,1,59.2021
26370.0000,2637,2879.5012,0.0000,1000,999,1000,1,59.2505
26380.0000,2638,2879.5464,0.0000,998,1000,1000,1,59.2083
26390.0000,2639,2879.5913,0.0000,1000,1000,999,1,59.2110
26400.0000,2640,2879.6365,0.0000,1000,999,999,1,59.2603
26410.0000,2641,2879.6812,0.0000,1000,1000,1000,1,59.2158
26420.0000,2642,2879.7265,0.0000,1000,1000,999,1,59.1006
26430.0000,2643,2879.7714,0.0000,999,999,999,1,59.0306
26440.0000,2644,2879.8161,0.0000,1000,1000,999,1,59.1047
26450.0000,2645,2879.8612,0.0000,998,1000,1000,1,59.0343
26460.0000,2646,2879.9062,0.0000,999,999,998,1,58.9898
26470.0000,2647,2879.9507,0.0000,1000,998,999,1,58.7564
26480.0000,2648,2879.9951,0.0000,1000,1000,1000,1,58.9625
26490.0000,2649,2880.0399,0.0000,1000,998,1000,1,58.8074
26500.0000,2650,2880.0849,0.0000,999,1000,1000,1,58.7641
26510.0000,2651,2880.1298,0.0000,1000,1000,1000,1,58.9692
26520.0000,2652,2880.1745,0.0000,1000,999,1000,1,58.7678
26530.0000,2653,2880.2195,0.0000,1000,1000,1000,1,58.9330
26540.0000,2654,2880.2640,0.0000,999,999,998,1,58.7385
26550.0000,2655,2880.3083,0.0000,999,999,998,1,58.7397
26560.0000,2656,2880.3526,0.0000,1000,999,999,1,58.6554
26570.0000,2657,2880.3972,0.0000,1000,1000,1000,1,58.6255
26580.0000,2658,2880.4420,0.0000,1000,1000,1000,1,58.7769
26590.0000,2659,2880.4864,0.0000,999,999,1000,1,58.5877
26600.0000,2660,2880.5307,0.0000,999,998,999,1,58.2787
26610.0000,2661,2880.5753,0.0000,1000,1000,999,1,58.3140
26620.0000,2662,2880.6195,0.0000,999,1000,1000,1,58.4018
26630.0000,2663,2880.6639,0.0000,1000,1000,1000,1,58.5213
26640.0000,2664,2880.7084,0.0000,999,1000,999,1,58.4064
26650.0000,2665,2880.7526,0.0000,1000,1000,1000,1,58.4849
26660.0000,2666,2880.7971,0.0000,999,999,999,1,58.5282
26670.0000,2667,2880.8410,0.0000,1000,999,1000,1,58.2980
26680.0000,2668,2880.8856,0.0000,999,1000,1000,1,58.5344
26690.0000,2669,2880.9297,0.0000,1000,999,1000,1,58.6126
26700.0000,2670,2880.9733,0.0000,1000,998,999,1,58.1041
26710.0000,2671,2881.0172,0.0000,999,998,1000,1,58.0344
26720.0000,2672,2881.0605,0.0000,999,998,996,1,57.7285
26730.0000,2673,2881.1036,0.0000,998,999,998,1,57.4594
26740.0000,2674,2881.1474,0.0000,1000,1000,1000,1,57.3483
26750.0000,2675,2881.1911,0.0000,1000,999,1000,1,57.3533
26760.0000,2676,2881.2351,0.0000,999,999,1000,1,57.3582
26770.0000,2677,2881.2791,0.0000,999,999,1000,1,57.2476
26780.0000,2678,2881.3233,0.0000,1000,1000,1000,1,57.4842
26790.0000,2679,2881.3674,0.0000,1000,1000,999,1,57.5622
26800.0000,2680,2881.4112,0.0000,1000,1000,1000,1,57.7662
26810.0000,2681,2881.4551,0.0000,1000,1000,999,1,57.8014
26820.0000,2682,2881.4982,0.0000,1000,1000,998,1,57.7731
26830.0000,2683,2881.5415,0.0000,1000,1000,1000,1,57.7337
26840.0000,2684,2881.5852,0.0000,999,999,1000,1,57.7368
26850.0000,2685,2881.6290,0.0000,1000,1000,1000,1,57.7402
26860.0000,2686,2881.6726,0.0000,1000,1000,1000,1,57.5867
26870.0000,2687,2881.7159,0.0000,998,1000,1000,1,57.5593
26880.0000,2688,2881.7587,0.0000,1000,998,998,1,57.2486
26890.0000,2689,2881.8023,0.0000,1000,999,999,1,57.4105
26900.0000,2690,2881.8455,0.0000,999,1000,999,1,57.4149
26910.0000,2691,2881.8892,0.0000,1000,999,1000,1,57.5345
26920.0000,2692,2881.9328,0.0000,1000,1000,999,1,57.6120
26930.0000,2693,2881.9762,0.0000,999,1000,1000,1,57.5856
26940.0000,2694,2882.0192,0.0000,998,998,999,1,57.5466
26950.0000,2695,2882.0622,0.0000,999,998,999,1,57.3206
26960.0000,2696,2882.1054,0.0000,1000,1000,999,1,57.1686
26970.0000,2697,2882.1487,0.0000,1000,999,1000,1,57.2879
26980.0000,2698,2882.1918,0.0000,1000,1000,999,1,57.2185
26990.0000,2699,2882.2345,0.0000,998,997,1000,1,57.2225
27000.0000,2700,2882.2766,0.0000,1000,999,1000,1,57.2270
27010.0000,2701,2882.3196,0.0000,1000,999,998,1,57.3039
27020.0000,2702,2882.3625,0.0000,1000,999,998,1,57.0773
27030.0000,2703,2882.4051,0.0000,1000,1000,1000,1,57.0506
27040.0000,2704,2882.4480,0.0000,998,999,997,1,56.9399
27050.0000,2705,2882.4900,0.0000,1000,1000,999,1,56.8603
27060.0000,2706,2882.5332,0.0000,1000,1000,998,1,56.9499
27070.0000,2707,2882.5763,0.0000,1000,999,999,1,57.0993
27080.0000,2708,2882.6193,0.0000,999,1000,999,1,57.1037
27090.0000,2709,2882.6620,0.0000,1000,1000,1000,1,57.1077
27100.0000,2710,2882.7047,0.0000,1000,999,998,1,56.9250
27110.0000,2711,2882.7470,0.0000,999,1000,999,1,56.7438
27120.0000,2712,2882.7889,0.0000,1000,1000,999,1,56.4071
27130.0000,2713,2882.8313,0.0000,998,1000,999,1,56.1859
27140.0000,2714,2882.8740,0.0000,1000,999,999,1,56.2626
27150.0000,2715,2882.9165,0.0000,998,999,1000,1,56.2284
27160.0000,2716,2882.9590,0.0000,999,999,1000,1,56.2740
27170.0000,2717,2883.0013,0.0000,999,999,999,1,56.1650
27180.0000,2718,2883.0437,0.0000,1000,1000,1000,1,56.0574
27190.0000,2719,2883.0863,0.0000,999,999,1000,1,56.0636
27200.0000,2720,2883.1288,0.0000,1000,1000,1000,1,56.1436
27210.0000,2721,2883.1714,0.0000,1000,999,999,1,56.1490
27220.0000,2722,2883.2139,0.0000,1000,999,999,1,56.1542
27230.0000,2723,2883.2558,0.0000,999,998,999,1,56.0451
27240.0000,2724,2883.2976,0.0000,1000,999,999,1,55.9364
27250.0000,2725,2883.3398,0.0000,999,1000,998,1,55.9115
27260.0000,2726,2883.3818,0.0000,999,999,1000,1,55.8039
27270.0000,2727,2883.4241,0.0000,999,999,999,1,55.6541
27280.0000,2728,2883.4655,0.0000,997,1000,1000,1,55.5069
27290.0000,2729,2883.5074,0.0000,1000,1000,1000,1,55.7087
27300.0000,2730,2883.5493,0.0000,999,1000,999,1,55.6015
27310.0000,2731,2883.5909,0.0000,999,999,999,1,55.4526
27320.0000,2732,2883.6332,0.0000,1000,1000,999,1,55.4194
27330.0000,2733,2883.6755,0.0000,998,1000,999,1,55.5093
27340.0000,2734,2883.7174,0.0000,999,999,999,1,55.2911
27350.0000,2735,2883.7588,0.0000,1000,999,1000,1,55.1438
27360.0000,2736,2883.8009,0.0000,999,1000,1000,1,55.1949
27370.0000,2737,2883.8430,0.0000,1000,999,1000,1,55.2025
27380.0000,2738,2883.8852,0.0000,1000,1000,999,1,55.3530
27390.0000,2739,2883.9274,0.0000,999,1000,999,1,55.3284
27400.0000,2740,2883.9689,0.0000,999,1000,1000,1,55.2223
27410.0000,2741,2884.0109,0.0000,999,1000,1000,1,55.1166
27420.0000,2742,2884.0528,0.0000,1000,999,999,1,54.8189
27430.0000,2743,2884.0945,0.0000,1000,999,999,1,54.7153
27440.0000,2744,2884.1355,0.0000,999,1000,999,1,54.6121
27450.0000,2745,2884.1774,0.0000,1000,1000,1000,1,54.6218
27460.0000,2746,2884.2194,0.0000,999,1000,1000,1,54.8249
27470.0000,2747,2884.2612,0.0000,1000,1000,1000,1,54.8343
27480.0000,2748,2884.3027,0.0000,1000,998,999,1,54.6504
27490.0000,2749,2884.3443,0.0000,1000,1000,999,1,54.7411
27500.0000,2750,2884.3860,0.0000,1000,1000,1000,1,54.7502
27510.0000,2751,2884.4273,0.0000,999,999,997,1,54.6777
27520.0000,2752,2884.4687,0.0000,1000,999,999,1,54.7981
27530.0000,2753,2884.5103,0.0000,999,1000,1000,1,54.7326
27540.0000,2754,2884.5516,0.0000,1000,1000,1000,1,54.8529
27550.0000,2755,2884.5925,0.0000,1000,999,1000,1,54.7121
27560.0000,2756,2884.6337,0.0000,1000,1000,1000,1,54.6093
27570.0000,2757,2884.6750,0.0000,999,999,999,1,54.5887
27580.0000,2758,2884.7163,0.0000,1000,998,1000,1,54.6657
27590.0000,2759,2884.7574,0.0000,999,1000,1000,1,54.6745
27600.0000,2760,2884.7989,0.0000,999,999,999,1,54.7257
27610.0000,2761,2884.8399,0.0000,999,998,999,1,54.5432
27620.0000,2762,2884.8809,0.0000,1000,1000,1000,1,54.6631
27630.0000,2763,2884.9220,0.0000,1000,1000,1000,1,54.3752
27640.0000,2764,2884.9627,0.0000,1000,1000,1000,1,54.3849
27650.0000,2765,2885.0041,0.0000,1000,999,1000,1,54.5048
27660.0000,2766,2885.0455,0.0000,1000,1000,1000,1,54.7356
27670.0000,2767,2885.0865,0.0000,1000,1000,1000,1,54.8176
27680.0000,2768,2885.1279,0.0000,1000,1000,1000,1,55.0163
27690.0000,2769,2885.1684,0.0000,997,998,1000,1,54.7598
27700.0000,2770,2885.2091,0.0000,1000,999,998,1,54.7687
27710.0000,2771,2885.2502,0.0000,1000,999,1000,1,54.8886
27720.0000,2772,2885.2913,0.0000,1000,998,999,1,54.8612
27730.0000,2773,2885.3321,0.0000,999,998,1000,1,54.8400
27740.0000,2774,2885.3728,0.0000,999,999,1000,1,54.7703
27750.0000,2775,2885.4133,0.0000,1000,1000,999,1,54.8902
27760.0000,2776,2885.4543,0.0000,999,999,1000,1,54.9363
27770.0000,2777,2885.4951,0.0000,1000,1000,999,1,54.9873
27780.0000,2778,2885.5359,0.0000,1000,1000,998,1,54.9170
27790.0000,2779,2885.5762,0.0000,1000,1000,998,1,54.8173
27800.0000,2780,2885.6165,0.0000,999,1000,999,1,54.7175
27810.0000,2781,2885.6570,0.0000,999,998,1000,1,54.6525
27820.0000,2782,2885.6976,0.0000,1000,1000,1000,1,54.5942
27830.0000,2783,2885.7381,0.0000,1000,999,1000,1,54.5278
27840.0000,2784,2885.7785,0.0000,999,999,998,1,54.4277
27850.0000,2785,2885.8188,0.0000,1000,1000,1000,1,54.5134
27860.0000,2786,2885.8595,0.0000,1000,999,1000,1,54.5565
27870.0000,2787,2885.9002,0.0000,999,1000,999,1,54.6418
27880.0000,2788,2885.9408,0.0000,1000,1000,999,1,54.7945
27890.0000,2789,2885.9814,0.0000,1000,999,1000,1,54.8373
27900.0000,2790,2886.0218,0.0000,1000,1000,999,1,54.8107
27910.0000,2791,2886.0622,0.0000,998,1000,1000,1,54.7842
27920.0000,2792,2886.1027,0.0000,1000,1000,1000,1,54.9363
27930.0000,2793,2886.1431,0.0000,1000,999,1000,1,54.9436
27940.0000,2794,2886.1833,0.0000,1000,999,999,1,54.9504
27950.0000,2795,2886.2235,0.0000,1000,999,1000,1,55.1017
27960.0000,2796,2886.2633,0.0000,1000,999,1000,1,54.9643
27970.0000,2797,2886.3037,0.0000,1000,1000,1000,1,54.8967
27980.0000,2798,2886.3441,0.0000,1000,999,1000,1,54.8712
27990.0000,2799,2886.3841,0.0000,1000,1000,1000,1,54.8044
28000.0000,2800,2886.4232,0.0000,999,1000,997,1,54.5271
28010.0000,2801,2886.4629,0.0000,999,1000,999,1,54.4273
28020.0000,2802,2886.5029,0.0000,1000,1000,1000,1,54.4714
28030.0000,2803,2886.5430,0.0000,1000,1000,999,1,54.5544
28040.0000,2804,2886.5821,0.0000,1000,997,1000,1,54.2701
28050.0000,2805,2886.6210,0.0000,1000,997,1000,1,54.0614
28060.0000,2806,2886.6586,0.0000,1000,994,998,1,53.6355
28070.0000,2807,2886.6976,0.0000,1000,1000,1000,1,53.7155
28080.0000,2808,2886.7376,0.0000,1000,1000,999,1,53.7649
28090.0000,2809,2886.7771,0.0000,999,1000,1000,1,53.7349
28100.0000,2810,2886.8172,0.0000,1000,1000,1000,1,53.8930
28110.0000,2811,2886.8571,0.0000,999,999,999,1,53.8625
28120.0000,2812,2886.8971,0.0000,1000,1000,1000,1,53.9811
28130.0000,2813,2886.9369,0.0000,1000,1000,1000,1,53.9902
28140.0000,2814,2886.9767,0.0000,999,1000,1000,1,53.8904
28150.0000,2815,2887.0162,0.0000,1000,998,999,1,53.7518
28160.0000,2816,2887.0555,0.0000,999,1000,1000,1,53.6913
28170.0000,2817,2887.0951,0.0000,999,1000,1000,1,53.5536
28180.0000,2818,2887.1346,0.0000,1000,999,1000,1,53.5634
28190.0000,2819,2887.1736,0.0000,1000,1000,998,1,53.4360
28200.0000,2820,2887.2127,0.0000,999,999,999,1,53.4466
28210.0000,2821,2887.2524,0.0000,1000,999,1000,1,53.4173
28220.0000,2822,2887.2916,0.0000,1000,999,1000,1,53.1435
28230.0000,2823,2887.3312,0.0000,1000,1000,999,1,53.0466
28240.0000,2824,2887.3702,0.0000,1000,1000,1000,1,52.9507
28250.0000,2825,2887.4094,0.0000,1000,1000,999,1,52.7476
28260.0000,2826,2887.4488,0.0000,1000,1000,999,1,52.7595
28270.0000,2827,2887.4882,0.0000,1000,1000,999,1,52.7716
28280.0000,2828,2887.5279,0.0000,1000,999,999,1,52.8910
28290.0000,2829,2887.5673,0.0000,1000,1000,1000,1,52.9026
28300.0000,2830,2887.6064,0.0000,1000,1000,999,1,52.7660
28310.0000,2831,2887.6457,0.0000,999,999,998,1,52.8170
28320.0000,2832,2887.6844,0.0000,998,1000,1000,1,52.7881
28330.0000,2833,2887.7234,0.0000,999,999,1000,1,52.6916
28340.0000,2834,2887.7614,0.0000,999,996,999,1,52.5281
28350.0000,2835,2887.7990,0.0000,1000,996,1000,1,52.6060
28360.0000,2836,2887.8376,0.0000,1000,1000,1000,1,52.5114
28370.0000,2837,2887.8761,0.0000,1000,1000,999,1,52.2464
28380.0000,2838,2887.9153,0.0000,1000,998,1000,1,52.2886
28390.0000,2839,2887.9545,0.0000,1000,1000,999,1,52.3823
28400.0000,2840,2887.9937,0.0000,1000,999,1000,1,52.3974
28410.0000,2841,2888.0328,0.0000,999,999,998,1,52.3064
28420.0000,2842,2888.0712,0.0000,1000,999,998,1,52.1109
28430.0000,2843,2888.1102,0.0000,1000,999,1000,1,52.1548
28440.0000,2844,2888.1491,0.0000,1000,1000,999,1,52.0373
28450.0000,2845,2888.1881,0.0000,1000,1000,1000,1,51.9069
28460.0000,2846,2888.2271,0.0000,999,1000,999,1,51.9229
28470.0000,2847,2888.2658,0.0000,999,999,999,1,51.8001
28480.0000,2848,2888.3044,0.0000,1000,1000,1000,1,51.8517
28490.0000,2849,2888.3431,0.0000,999,999,1000,1,51.6584
28500.0000,2850,2888.3816,0.0000,1000,1000,1000,1,51.7173
28510.0000,2851,2888.4205,0.0000,1000,1000,1000,1,51.7348
28520.0000,2852,2888.4585,0.0000,997,997,996,1,51.5430
28530.0000,2853,2888.4961,0.0000,997,999,1000,1,51.4147
28540.0000,2854,2888.5342,0.0000,999,999,999,1,51.3997
28550.0000,2855,2888.5730,0.0000,999,999,998,1,51.3873
28560.0000,2856,2888.6115,0.0000,999,999,1000,1,51.4685
28570.0000,2857,2888.6500,0.0000,1000,998,999,1,51.3180
28580.0000,2858,2888.6878,0.0000,998,998,998,1,51.1890
28590.0000,2859,2888.7254,0.0000,999,1000,1000,1,51.1743
28600.0000,2860,2888.7635,0.0000,999,999,999,1,51.0559
28610.0000,2861,2888.8020,0.0000,999,1000,999,1,51.0006
28620.0000,2862,2888.8405,0.0000,999,1000,1000,1,50.9461
28630.0000,2863,2888.8787,0.0000,999,999,1000,1,50.9645
28640.0000,2864,2888.9171,0.0000,1000,1000,999,1,50.9203
28650.0000,2865,2888.9556,0.0000,999,998,999,1,50.9391
28660.0000,2866,2888.9937,0.0000,1000,1000,999,1,51.0615
28670.0000,2867,2889.0320,0.0000,999,1000,1000,1,51.0795
28680.0000,2868,2889.0697,0.0000,1000,999,1000,1,50.9204
28690.0000,2869,2889.1076,0.0000,1000,999,999,1,50.8347
28700.0000,2870,2889.1457,0.0000,1000,999,1000,1,50.7211
28710.0000,2871,2889.1841,0.0000,1000,1000,1000,1,50.8035
28720.0000,2872,2889.2221,0.0000,999,1000,997,1,50.7207
28730.0000,2873,2889.2597,0.0000,1000,1000,1000,1,50.7416
28740.0000,2874,2889.2971,0.0000,1000,999,999,1,50.5986
28750.0000,2875,2889.3349,0.0000,1000,1000,999,1,50.5179
28760.0000,2876,2889.3730,0.0000,1000,1000,999,1,50.5404
28770.0000,2877,2889.4109,0.0000,999,999,1000,1,50.5224
28780.0000,2878,2889.4488,0.0000,998,1000,1000,1,50.5449
28790.0000,2879,2889.4868,0.0000,998,999,999,1,50.4650
28800.0000,2880,2889.5249,0.0000,1000,1000,1000,1,50.5898
28810.0000,2881,2889.5621,0.0000,1000,1000,1000,1,50.4061
28820.0000,2882,2889.6000,0.0000,1000,1000,1000,1,50.4697
28830.0000,2883,2889.6377,0.0000,999,998,999,1,50.4186
28840.0000,2884,2889.6752,0.0000,1000,998,1000,1,50.3383
28850.0000,2885,2889.7122,0.0000,999,1000,1000,1,50.0856
28860.0000,2886,2889.7495,0.0000,998,999,1000,1,49.8732
28870.0000,2887,2889.7859,0.0000,998,999,999,1,49.6642
28880.0000,2888,2889.8233,0.0000,999,1000,999,1,49.7184
28890.0000,2889,2889.8610,0.0000,1000,999,999,1,49.8136
28900.0000,2890,2889.8985,0.0000,1000,1000,1000,1,49.9386
28910.0000,2891,2889.9365,0.0000,999,1000,1000,1,50.1260
28920.0000,2892,2889.9743,0.0000,1000,1000,998,1,50.1486
28930.0000,2893,2890.0108,0.0000,1000,999,1000,1,50.0392
28940.0000,2894,2890.0485,0.0000,1000,1000,1000,1,50.1347
28950.0000,2895,2890.0864,0.0000,1000,1000,1000,1,50.2207
28960.0000,2896,2890.1240,0.0000,1000,999,1000,1,50.2840
28970.0000,2897,2890.1615,0.0000,999,1000,999,1,50.3079
28980.0000,2898,2890.1988,0.0000,999,999,998,1,50.3307
28990.0000,2899,2890.2362,0.0000,1000,1000,1000,1,50.3538
29000.0000,2900,2890.2737,0.0000,999,999,1000,1,50.3051
29010.0000,2901,2890.3111,0.0000,999,1000,999,1,50.2993
29020.0000,2902,2890.3479,0.0000,999,997,1000,1,50.2829
29030.0000,2903,2890.3837,0.0000,1000,995,999,1,50.2453
29040.0000,2904,2890.4206,0.0000,999,999,999,1,50.1263
29050.0000,2905,2890.4580,0.0000,1000,1000,1000,1,50.3219
29060.0000,2906,2890.4952,0.0000,999,1000,999,1,50.3448
29070.0000,2907,2890.5319,0.0000,1000,1000,999,1,50.3378
29080.0000,2908,2890.5690,0.0000,999,1000,1000,1,50.3190
29090.0000,2909,2890.6062,0.0000,1000,999,1000,1,50.2813
29100.0000,2910,2890.6430,0.0000,999,998,999,1,50.2314
29110.0000,2911,2890.6803,0.0000,1000,1000,999,1,50.2848
29120.0000,2912,2890.7174,0.0000,1000,1000,1000,1,50.3763
29130.0000,2913,2890.7546,0.0000,999,999,1000,1,50.3971
29140.0000,2914,2890.7917,0.0000,1000,1000,1000,1,50.4176
29150.0000,2915,2890.8287,0.0000,999,1000,1000,1,50.4689
29160.0000,2916,2890.8655,0.0000,1000,1000,999,1,50.2262
29170.0000,2917,2890.9018,0.0000,999,1000,998,1,50.1042
29180.0000,2918,2890.9387,0.0000,998,999,999,1,49.9934
29190.0000,2919,2890.9756,0.0000,1000,1000,1000,1,50.0464
29200.0000,2920,2891.0121,0.0000,999,999,1000,1,49.9665
29210.0000,2921,2891.0489,0.0000,999,999,999,1,49.9876
29220.0000,2922,2891.0857,0.0000,1000,1000,1000,1,49.8065
29230.0000,2923,2891.1229,0.0000,1000,1000,1000,1,49.9705
29240.0000,2924,2891.1591,0.0000,1000,1000,1000,1,49.8189
29250.0000,2925,2891.1959,0.0000,1000,999,999,1,49.9128
29260.0000,2926,2891.2323,0.0000,999,1000,998,1,49.7933
29270.0000,2927,2891.2686,0.0000,1000,1000,999,1,49.8162
29280.0000,2928,2891.3051,0.0000,1000,998,1000,1,49.8082
29290.0000,2929,2891.3415,0.0000,1000,1000,1000,1,49.9316
29300.0000,2930,2891.3783,0.0000,999,1000,999,1,49.9250
29310.0000,2931,2891.4149,0.0000,999,999,1000,1,49.9763
29320.0000,2932,2891.4517,0.0000,1000,999,999,1,49.9691
29330.0000,2933,2891.4876,0.0000,999,999,997,1,49.7189
29340.0000,2934,2891.5235,0.0000,1000,999,998,1,49.6147
29350.0000,2935,2891.5598,0.0000,1000,1000,999,1,49.6970
29360.0000,2936,2891.5965,0.0000,999,1000,1000,1,49.8203
29370.0000,2937,2891.6329,0.0000,1000,999,1000,1,49.8116
29380.0000,2938,2891.6695,0.0000,999,999,1000,1,49.8344
29390.0000,2939,2891.7060,0.0000,999,1000,1000,1,49.7888
29400.0000,2940,2891.7426,0.0000,999,1000,1000,1,49.9115
29410.0000,2941,2891.7790,0.0000,999,999,1000,1,50.0341
29420.0000,2942,2891.8155,0.0000,1000,1000,1000,1,50.1249
29430.0000,2943,2891.8520,0.0000,999,1000,1000,1,50.2781
29440.0000,2944,2891.8875,0.0000,997,999,999,1,49.9981
29450.0000,2945,2891.9234,0.0000,1000,999,999,1,49.9195
29460.0000,2946,2891.9598,0.0000,999,1000,1000,1,49.9414
29470.0000,2947,2891.9957,0.0000,1000,1000,1000,1,49.8047
29480.0000,2948,2892.0317,0.0000,1000,998,1000,1,49.8546
29490.0000,2949,2892.0679,0.0000,999,1000,1000,1,49.8088
29500.0000,2950,2892.1033,0.0000,1000,1000,1000,1,49.6316
29510.0000,2951,2892.1393,0.0000,999,999,1000,1,49.5545
29520.0000,2952,2892.1752,0.0000,999,999,1000,1,49.5480
29530.0000,2953,2892.2112,0.0000,1000,1000,999,1,49.4437
29540.0000,2954,2892.2471,0.0000,999,1000,999,1,49.4255
29550.0000,2955,2892.2831,0.0000,1000,1000,999,1,49.2907
29560.0000,2956,2892.3193,0.0000,999,999,1000,1,49.4427
29570.0000,2957,2892.3551,0.0000,999,999,999,1,49.2966
29580.0000,2958,2892.3908,0.0000,998,1000,998,1,49.2216
29590.0000,2959,2892.4262,0.0000,1000,1000,999,1,49.2869
29600.0000,2960,2892.4621,0.0000,998,999,999,1,49.3402
29610.0000,2961,2892.4982,0.0000,999,999,1000,1,49.3638
29620.0000,2962,2892.5339,0.0000,1000,1000,999,1,49.3592
29630.0000,2963,2892.5699,0.0000,1000,1000,1000,1,49.4826
29640.0000,2964,2892.6058,0.0000,1000,999,999,1,49.6051
29650.0000,2965,2892.6416,0.0000,1000,1000,999,1,49.6278
29660.0000,2966,2892.6775,0.0000,999,1000,1000,1,49.5797
29670.0000,2967,2892.7131,0.0000,1000,999,998,1,49.3741
29680.0000,2968,2892.7487,0.0000,1000,1000,1000,1,49.4261
29690.0000,2969,2892.7844,0.0000,999,999,999,1,49.5174
29700.0000,2970,2892.8203,0.0000,1000,1000,1000,1,49.6968
29710.0000,2971,2892.8559,0.0000,1000,1000,999,1,49.6585
29720.0000,2972,2892.8914,0.0000,999,1000,999,1,49.6093
29730.0000,2973,2892.9272,0.0000,1000,1000,1000,1,49.7295
29740.0000,2974,2892.9630,0.0000,1000,1000,1000,1,49.7784
29750.0000,2975,2892.9985,0.0000,1000,1000,998,1,49.7695
29760.0000,2976,2893.0333,0.0000,999,1000,997,1,49.7608
29770.0000,2977,2893.0688,0.0000,1000,999,1000,1,49.8118
29780.0000,2978,2893.1034,0.0000,998,1000,995,1,49.6641
29790.0000,2979,2893.1378,0.0000,1000,999,1000,1,49.6555
29800.0000,2980,2893.1731,0.0000,997,1000,1000,1,49.5101
29810.0000,2981,2893.2085,0.0000,1000,1000,1000,1,49.4739
29820.0000,2982,2893.2442,0.0000,999,999,999,1,49.6233
29830.0000,2983,2893.2795,0.0000,1000,1000,1000,1,49.5177
29840.0000,2984,2893.3149,0.0000,999,1000,999,1,49.4402
29850.0000,2985,2893.3501,0.0000,999,1000,999,1,49.5209
29860.0000,2986,2893.3854,0.0000,998,998,998,1,49.3460
29870.0000,2987,2893.4200,0.0000,1000,999,1000,1,49.2409
29880.0000,2988,2893.4554,0.0000,1000,999,1000,1,49.3625
29890.0000,2989,2893.4903,0.0000,1000,1000,1000,1,49.1892
29900.0000,2990,2893.5255,0.0000,999,999,997,1,49.2421
29910.0000,2991,2893.5606,0.0000,1000,1000,1000,1,49.2066
29920.0000,2992,2893.5957,0.0000,1000,999,999,1,49.1313
29930.0000,2993,2893.6310,0.0000,999,1000,1000,1,49.2131
29940.0000,2994,2893.6657,0.0000,999,1000,997,1,49.1774
29950.0000,2995,2893.7008,0.0000,999,999,999,1,49.2007
29960.0000,2996,2893.7359,0.0000,1000,999,999,1,49.2235
29970.0000,2997,2893.7708,0.0000,999,999,1000,1,49.1754
29980.0000,2998,2893.8059,0.0000,1000,1000,1000,1,49.2960
29990.0000,2999,2893.8407,0.0000,999,998,1000,1,49.2205
30000.0000,3000,2893.8756,0.0000,999,1000,1000,1,49.3718
30010.0000,3001,2893.9107,0.0000,1000,998,1000,1,49.4609
30020.0000,3002,2893.9453,0.0000,1000,1000,1000,1,49.3849
30030.0000,3003,2893.9803,0.0000,998,999,999,1,49.3398
30040.0000,3004,2894.0147,0.0000,999,999,999,1,49.2643
30050.0000,3005,2894.0492,0.0000,998,999,1000,1,49.1886
30060.0000,3006,2894.0832,0.0000,1000,1000,999,1,49.0553
30070.0000,3007,2894.1181,0.0000,1000,1000,1000,1,49.1753
30080.0000,3008,2894.1531,0.0000,999,1000,1000,1,49.2249
30090.0000,3009,2894.1881,0.0000,1000,1000,999,1,49.2176
30100.0000,3010,2894.2231,0.0000,1000,1000,1000,1,49.2971
30110.0000,3011,2894.2578,0.0000,1000,1000,1000,1,49.2202
30120.0000,3012,2894.2924,0.0000,1000,1000,1000,1,49.1829
30130.0000,3013,2894.3273,0.0000,1000,999,1000,1,49.3022
30140.0000,3014,2894.3620,0.0000,1000,1000,1000,1,49.3227
30150.0000,3015,2894.3967,0.0000,1000,999,1000,1,49.2449
30160.0000,3016,2894.4313,0.0000,1000,1000,999,1,49.3636
30170.0000,3017,2894.4655,0.0000,999,1000,1000,1,49.2164
30180.0000,3018,2894.4999,0.0000,999,1000,1000,1,49.1693
30190.0000,3019,2894.5343,0.0000,997,999,998,1,49.0928
30200.0000,3020,2894.5672,0.0000,997,1000,1000,1,49.0552
30210.0000,3021,2894.6014,0.0000,1000,1000,998,1,49.0369
30220.0000,3022,2894.6355,0.0000,1000,1000,999,1,48.9298
30230.0000,3023,2894.6697,0.0000,1000,1000,999,1,49.0210
30240.0000,3024,2894.7043,0.0000,1000,1000,1000,1,49.1394
30250.0000,3025,2894.7386,0.0000,1000,1000,997,1,48.9644
30260.0000,3026,2894.7726,0.0000,999,999,999,1,48.9144
30270.0000,3027,2894.8069,0.0000,1000,998,999,1,48.9082
30280.0000,3028,2894.8412,0.0000,999,1000,1000,1,48.8581
30290.0000,3029,2894.8754,0.0000,1000,998,1000,1,48.7143
30300.0000,3030,2894.9098,0.0000,1000,1000,1000,1,48.9003
30310.0000,3031,2894.9441,0.0000,999,999,999,1,48.7557
30320.0000,3032,2894.9784,0.0000,998,999,1000,1,48.7459
30330.0000,3033,2895.0124,0.0000,1000,1000,999,1,48.5048
30340.0000,3034,2895.0459,0.0000,999,997,1000,1,48.4294
30350.0000,3035,2895.0793,0.0000,1000,998,1000,1,48.3950
30360.0000,3036,2895.1135,0.0000,1000,1000,1000,1,48.3756
30370.0000,3037,2895.1478,0.0000,1000,1000,1000,1,48.4389
30380.0000,3038,2895.1822,0.0000,1000,1000,1000,1,48.5851
30390.0000,3039,2895.2162,0.0000,1000,1000,1000,1,48.3831
30400.0000,3040,2895.2497,0.0000,1000,997,1000,1,48.2650
30410.0000,3041,2895.2833,0.0000,999,1000,999,1,48.2856
30420.0000,3042,2895.3174,0.0000,999,999,999,1,48.2795
30430.0000,3043,2895.3513,0.0000,999,999,999,1,48.1770
30440.0000,3044,2895.3852,0.0000,1000,998,1000,1,48.1288
30450.0000,3045,2895.4185,0.0000,999,1000,1000,1,48.0543
30460.0000,3046,2895.4525,0.0000,999,999,1000,1,48.0768
30470.0000,3047,2895.4863,0.0000,998,1000,1000,1,48.0298
30480.0000,3048,2895.5203,0.0000,999,997,998,1,47.9982
30490.0000,3049,2895.5538,0.0000,1000,1000,1000,1,48.2406
30500.0000,3050,2895.5878,0.0000,1000,1000,1000,1,48.3590
30510.0000,3051,2895.6219,0.0000,1000,1000,999,1,48.5471
30520.0000,3052,2895.6559,0.0000,998,1000,999,1,48.6220
30530.0000,3053,2895.6892,0.0000,1000,998,1000,1,48.5451
30540.0000,3054,2895.7231,0.0000,1000,1000,1000,1,48.6627
30550.0000,3055,2895.7568,0.0000,998,999,999,1,48.4895
30560.0000,3056,2895.7902,0.0000,1000,1000,1000,1,48.4835
30570.0000,3057,2895.8241,0.0000,1000,1000,1000,1,48.5319
30580.0000,3058,2895.8579,0.0000,1000,1000,1000,1,48.4985
30590.0000,3059,2895.8915,0.0000,998,998,1000,1,48.4494
30600.0000,3060,2895.9250,0.0000,999,1000,999,1,48.5395
30610.0000,3061,2895.9585,0.0000,1000,1000,999,1,48.4902
30620.0000,3062,2895.9909,0.0000,1000,1000,997,1,48.3187
30630.0000,3063,2896.0241,0.0000,999,999,1000,1,48.2727
30640.0000,3064,2896.0570,0.0000,1000,1000,1000,1,48.2950
30650.0000,3065,2896.0906,0.0000,999,1000,999,1,48.3172
30660.0000,3066,2896.1240,0.0000,999,1000,1000,1,48.2168
30670.0000,3067,2896.1572,0.0000,1000,1000,999,1,48.1190
30680.0000,3068,2896.1907,0.0000,1000,1000,999,1,48.1000
30690.0000,3069,2896.2242,0.0000,1000,1000,999,1,48.0706
30700.0000,3070,2896.2575,0.0000,1000,1000,1000,1,48.0521
30710.0000,3071,2896.2908,0.0000,1000,1000,999,1,48.1184
30720.0000,3072,2896.3243,0.0000,998,1000,999,1,48.0995
30730.0000,3073,2896.3574,0.0000,1000,999,999,1,48.1903
30740.0000,3074,2896.3908,0.0000,1000,999,1000,1,48.2133
30750.0000,3075,2896.4242,0.0000,1000,1000,998,1,48.3072
30760.0000,3076,2896.4570,0.0000,998,999,999,1,48.1627
30770.0000,3077,2896.4899,0.0000,999,999,1000,1,48.0655
30780.0000,3078,2896.5225,0.0000,1000,1000,1000,1,47.9929
30790.0000,3079,2896.5560,0.0000,999,1000,999,1,48.0698
30800.0000,3080,2896.5894,0.0000,999,1000,1000,1,48.0931
30810.0000,3081,2896.6223,0.0000,1000,999,998,1,47.9682
30820.0000,3082,2896.6555,0.0000,1000,1000,1000,1,47.9226
30830.0000,3083,2896.6887,0.0000,998,1000,999,1,47.9471
30840.0000,3084,2896.7215,0.0000,999,1000,999,1,47.9059
30850.0000,3085,2896.7543,0.0000,997,1000,999,1,47.9310
30860.0000,3086,2896.7866,0.0000,998,998,999,1,47.9269
30870.0000,3087,2896.8191,0.0000,999,998,1000,1,47.8873
30880.0000,3088,2896.8519,0.0000,1000,999,999,1,47.8581
30890.0000,3089,2896.8850,0.0000,1000,1000,1000,1,47.8835
30900.0000,3090,2896.9178,0.0000,1000,999,1000,1,47.9088
30910.0000,3091,2896.9506,0.0000,1000,998,999,1,47.8396
30920.0000,3092,2896.9837,0.0000,1000,1000,1000,1,47.9849
30930.0000,3093,2897.0167,0.0000,998,1000,1000,1,47.9430
30940.0000,3094,2897.0493,0.0000,999,999,1000,1,47.9391
30950.0000,3095,2897.0821,0.0000,999,999,999,1,47.8970
30960.0000,3096,2897.1149,0.0000,1000,1000,1000,1,47.9217
30970.0000,3097,2897.1477,0.0000,999,1000,1000,1,47.8516
30980.0000,3098,2897.1804,0.0000,1000,1000,1000,1,47.9138
30990.0000,3099,2897.2130,0.0000,1000,1000,1000,1,47.9648
31000.0000,3100,2897.2458,0.0000,1000,999,998,1,47.8644
31010.0000,3101,2897.2786,0.0000,999,1000,1000,1,47.8203
31020.0000,3102,2897.3113,0.0000,999,1000,999,1,47.6850
31030.0000,3103,2897.3438,0.0000,1000,999,1000,1,47.6489
31040.0000,3104,2897.3757,0.0000,996,999,1000,1,47.5137
31050.0000,3105,2897.4072,0.0000,998,1000,999,1,47.4750
31060.0000,3106,2897.4397,0.0000,1000,999,999,1,47.6267
31070.0000,3107,2897.4721,0.0000,999,1000,999,1,47.5567
31080.0000,3108,2897.5041,0.0000,999,997,999,1,47.2986
31090.0000,3109,2897.5359,0.0000,1000,999,1000,1,47.3542
31100.0000,3110,2897.5685,0.0000,1000,1000,1000,1,47.2851
31110.0000,3111,2897.6010,0.0000,1000,1000,1000,1,47.3099
31120.0000,3112,2897.6335,0.0000,1000,999,1000,1,47.1472
31130.0000,3113,2897.6657,0.0000,1000,999,999,1,47.0471
31140.0000,3114,2897.6981,0.0000,1000,999,1000,1,47.0370
31150.0000,3115,2897.7304,0.0000,1000,1000,1000,1,47.0026
31160.0000,3116,2897.7628,0.0000,1000,1000,999,1,47.0269
31170.0000,3117,2897.7952,0.0000,999,999,999,1,47.0159
31180.0000,3118,2897.8276,0.0000,999,1000,1000,1,46.9459
31190.0000,3119,2897.8601,0.0000,1000,1000,1000,1,46.9421
31200.0000,3120,2897.8926,0.0000,1000,999,1000,1,47.0876
31210.0000,3121,2897.9247,0.0000,1000,999,1000,1,47.1463
31220.0000,3122,2897.9571,0.0000,999,998,1000,1,47.1344
31230.0000,3123,2897.9883,0.0000,1000,999,999,1,47.0372
31240.0000,3124,2898.0206,0.0000,998,1000,1000,1,47.1809
31250.0000,3125,2898.0528,0.0000,1000,999,1000,1,47.1108
31260.0000,3126,2898.0851,0.0000,999,1000,1000,1,47.1342
31270.0000,3127,2898.1174,0.0000,998,1000,1000,1,47.1581
31280.0000,3128,2898.1490,0.0000,1000,1000,999,1,47.1540
31290.0000,3129,2898.1799,0.0000,997,998,1000,1,46.9893
31300.0000,3130,2898.2118,0.0000,999,999,1000,1,47.0124
31310.0000,3131,2898.2440,0.0000,999,1000,999,1,47.1581
31320.0000,3132,2898.2761,0.0000,1000,999,1000,1,47.1511
31330.0000,3133,2898.3084,0.0000,1000,1000,1000,1,47.2351
31340.0000,3134,2898.3398,0.0000,999,998,999,1,47.0377
31350.0000,3135,2898.3715,0.0000,1000,1000,999,1,46.9993
31360.0000,3136,2898.4034,0.0000,998,999,998,1,46.9282
31370.0000,3137,2898.4341,0.0000,1000,996,998,1,46.6703
31380.0000,3138,2898.4658,0.0000,1000,1000,1000,1,46.6935
31390.0000,3139,2898.4978,0.0000,1000,1000,1000,1,46.6842
31400.0000,3140,2898.5297,0.0000,999,999,999,1,46.8006
31410.0000,3141,2898.5615,0.0000,999,1000,999,1,46.8231
31420.0000,3142,2898.5934,0.0000,1000,1000,1000,1,46.9106
31430.0000,3143,2898.6251,0.0000,1000,1000,1000,1,46.7737
31440.0000,3144,2898.6571,0.0000,999,1000,999,1,46.9830
31450.0000,3145,2898.6890,0.0000,998,1000,1000,1,47.0982
31460.0000,3146,2898.7210,0.0000,1000,1000,999,1,47.2459
31470.0000,3147,2898.7530,0.0000,1000,1000,1000,1,47.2991
31480.0000,3148,2898.7847,0.0000,1000,999,1000,1,47.1319
31490.0000,3149,2898.8157,0.0000,1000,1000,997,1,47.0265
31500.0000,3150,2898.8472,0.0000,1000,999,1000,1,46.9846
31510.0000,3151,2898.8788,0.0000,1000,1000,999,1,46.9738
31520.0000,3152,2898.9106,0.0000,1000,1000,1000,1,46.9323
31530.0000,3153,2898.9420,0.0000,1000,998,1000,1,46.8594
31540.0000,3154,2898.9737,0.0000,999,999,1000,1,46.8804
31550.0000,3155,2899.0053,0.0000,1000,1000,1000,1,46.8690
31560.0000,3156,2899.0368,0.0000,1000,998,1000,1,46.9215
31570.0000,3157,2899.0685,0.0000,1000,1000,1000,1,46.9709
31580.0000,3158,2899.1001,0.0000,1000,1000,998,1,47.0230
31590.0000,3159,2899.1317,0.0000,1000,1000,1000,1,47.1978
31600.0000,3160,2899.1632,0.0000,999,1000,999,1,46.9672
31610.0000,3161,2899.1948,0.0000,1000,1000,999,1,46.8601
31620.0000,3162,2899.2262,0.0000,1000,1000,999,1,46.7569
31630.0000,3163,2899.2578,0.0000,999,1000,1000,1,46.8066
31640.0000,3164,2899.2891,0.0000,1000,999,1000,1,46.7333
31650.0000,3165,2899.3207,0.0000,1000,1000,1000,1,46.8183
31660.0000,3166,2899.3524,0.0000,1000,999,998,1,46.8065
31670.0000,3167,2899.3838,0.0000,999,999,1000,1,46.7643
31680.0000,3168,2899.4151,0.0000,999,998,997,1,46.6582
31690.0000,3169,2899.4460,0.0000,1000,1000,1000,1,46.7379
31700.0000,3170,2899.4774,0.0000,1000,1000,999,1,46.6981
31710.0000,3171,2899.5088,0.0000,999,1000,1000,1,46.5904
31720.0000,3172,2899.5396,0.0000,998,998,999,1,46.5163
31730.0000,3173,2899.5706,0.0000,999,1000,1000,1,46.4427
31740.0000,3174,2899.6016,0.0000,999,1000,1000,1,46.3429
31750.0000,3175,2899.6331,0.0000,1000,1000,1000,1,46.5500
31760.0000,3176,2899.6638,0.0000,1000,1000,997,1,46.4439
31770.0000,3177,2899.6948,0.0000,1000,999,999,1,46.4028
31780.0000,3178,2899.7259,0.0000,999,1000,1000,1,46.2644
31790.0000,3179,2899.7570,0.0000,1000,1000,1000,1,46.3500
31800.0000,3180,2899.7885,0.0000,1000,1000,1000,1,46.5565
31810.0000,3181,2899.8195,0.0000,1000,1000,1000,1,46.6044
31820.0000,3182,2899.8504,0.0000,1000,1000,998,1,46.5300
31830.0000,3183,2899.8811,0.0000,999,996,999,1,46.3948
31840.0000,3184,2899.9107,0.0000,998,1000,1000,1,46.3797
31850.0000,3185,2899.9413,0.0000,999,997,999,1,46.3041
31860.0000,3186,2899.9718,0.0000,1000,999,1000,1,46.3569
31870.0000,3187,2900.0026,0.0000,1000,1000,1000,1,46.3123
31880.0000,3188,2900.0337,0.0000,1000,999,999,1,46.2996
31890.0000,3189,2900.0643,0.0000,1000,999,1000,1,46.3187
31900.0000,3190,2900.0952,0.0000,1000,1000,999,1,46.3381
31910.0000,3191,2900.1263,0.0000,1000,1000,1000,1,46.3216
31920.0000,3192,2900.1574,0.0000,999,999,1000,1,46.4074
31930.0000,3193,2900.1884,0.0000,1000,1000,1000,1,46.5816
31940.0000,3194,2900.2194,0.0000,1000,1000,1000,1,46.6313
31950.0000,3195,2900.2503,0.0000,999,1000,999,1,46.6758
31960.0000,3196,2900.2810,0.0000,999,1000,1000,1,46.6683
31970.0000,3197,2900.3119,0.0000,999,1000,1000,1,46.6197
31980.0000,3198,2900.3423,0.0000,1000,999,999,1,46.5810
31990.0000,3199,2900.3731,0.0000,1000,1000,999,1,46.5996
32000.0000,3200,2900.4039,0.0000,1000,1000,1000,1,46.5564
32010.0000,3201,2900.4347,0.0000,999,1000,1000,1,46.4172
32020.0000,3202,2900.4656,0.0000,1000,1000,999,1,46.5291
32030.0000,3203,2900.4961,0.0000,999,1000,998,1,46.4884
32040.0000,3204,2900.5268,0.0000,1000,1000,999,1,46.5665
32050.0000,3205,2900.5572,0.0000,1000,1000,999,1,46.3406
32060.0000,3206,2900.5877,0.0000,998,1000,998,1,46.2989
32070.0000,3207,2900.6182,0.0000,1000,1000,999,1,46.2865
32080.0000,3208,2900.6489,0.0000,1000,998,999,1,46.2454
32090.0000,3209,2900.6795,0.0000,1000,1000,999,1,46.2332
32100.0000,3210,2900.7097,0.0000,1000,999,1000,1,46.1005
32110.0000,3211,2900.7401,0.0000,1000,1000,1000,1,46.1481
32120.0000,3212,2900.7705,0.0000,999,1000,1000,1,46.0762
32130.0000,3213,2900.8010,0.0000,999,998,1000,1,46.0694
32140.0000,3214,2900.8311,0.0000,999,998,999,1,46.0894
32150.0000,3215,2900.8615,0.0000,1000,999,999,1,46.1089
32160.0000,3216,2900.8918,0.0000,1000,997,999,1,46.0042
32170.0000,3217,2900.9219,0.0000,1000,999,1000,1,46.0237
32180.0000,3218,2900.9521,0.0000,1000,999,1000,1,45.9828
32190.0000,3219,2900.9822,0.0000,999,1000,1000,1,46.0024
32200.0000,3220,2901.0128,0.0000,1000,999,1000,1,46.0216
32210.0000,3221,2901.0432,0.0000,1000,999,1000,1,46.0410
32220.0000,3222,2901.0732,0.0000,1000,1000,1000,1,46.0857
32230.0000,3223,2901.1036,0.0000,1000,999,999,1,46.1710
32240.0000,3224,2901.1336,0.0000,1000,999,997,1,45.9739
32250.0000,3225,2901.1635,0.0000,999,998,1000,1,45.9322
32260.0000,3226,2901.1938,0.0000,1000,999,1000,1,45.9515
32270.0000,3227,2901.2242,0.0000,1000,998,999,1,46.0629
32280.0000,3228,2901.2541,0.0000,1000,1000,999,1,46.0505
32290.0000,3229,2901.2844,0.0000,998,998,999,1,45.9432
32300.0000,3230,2901.3139,0.0000,1000,999,1000,1,45.9051
32310.0000,3231,2901.3441,0.0000,999,999,1000,1,45.7404
32320.0000,3232,2901.3741,0.0000,1000,1000,999,1,45.6681
32330.0000,3233,2901.4043,0.0000,1000,1000,1000,1,45.7452
32340.0000,3234,2901.4343,0.0000,1000,1000,1000,1,45.7405
32350.0000,3235,2901.4645,0.0000,998,1000,1000,1,45.8519
32360.0000,3236,2901.4946,0.0000,999,1000,1000,1,45.8961
32370.0000,3237,2901.5239,0.0000,997,999,999,1,45.7326
32380.0000,3238,2901.5538,0.0000,1000,999,1000,1,45.8200
32390.0000,3239,2901.5834,0.0000,999,999,1000,1,45.6823
32400.0000,3240,2901.6132,0.0000,1000,1000,1000,1,45.6461
32410.0000,3241,2901.6434,0.0000,999,1000,1000,1,45.7238
32420.0000,3242,2901.6733,0.0000,1000,999,999,1,45.7207
32430.0000,3243,2901.7032,0.0000,1000,999,1000,1,45.7408
32440.0000,3244,2901.7331,0.0000,1000,999,999,1,45.6926
32450.0000,3245,2901.7624,0.0000,1000,998,999,1,45.5978
32460.0000,3246,2901.7925,0.0000,1000,999,999,1,45.6758
32470.0000,3247,2901.8225,0.0000,999,999,1000,1,45.8201
32480.0000,3248,2901.8526,0.0000,1000,1000,1000,1,45.8628
32490.0000,3249,2901.8825,0.0000,1000,1000,1000,1,45.9732
32500.0000,3250,2901.9122,0.0000,1000,1000,999,1,46.0255
32510.0000,3251,2901.9420,0.0000,999,998,1000,1,45.9852
32520.0000,3252,2901.9718,0.0000,1000,999,1000,1,46.0032
32530.0000,3253,2902.0017,0.0000,1000,999,1000,1,46.0792
32540.0000,3254,2902.0314,0.0000,999,999,999,1,46.0964
32550.0000,3255,2902.0612,0.0000,1000,999,1000,1,46.0218
32560.0000,3256,2902.0909,0.0000,998,998,998,1,46.0049
32570.0000,3257,2902.1206,0.0000,999,999,1000,1,45.9981
32580.0000,3258,2902.1501,0.0000,1000,999,999,1,45.9817
32590.0000,3259,2902.1797,0.0000,999,999,1000,1,45.9643
32600.0000,3260,2902.2094,0.0000,998,999,1000,1,45.9816
32610.0000,3261,2902.2383,0.0000,999,999,1000,1,45.8840
32620.0000,3262,2902.2675,0.0000,1000,999,1000,1,45.6856
32630.0000,3263,2902.2967,0.0000,1000,1000,998,1,45.7048
32640.0000,3264,2902.3261,0.0000,999,1000,1000,1,45.6894
32650.0000,3265,2902.3555,0.0000,1000,1000,1000,1,45.7759
32660.0000,3266,2902.3851,0.0000,999,1000,1000,1,45.8176
32670.0000,3267,2902.4147,0.0000,1000,999,999,1,45.8699
32680.0000,3268,2902.4439,0.0000,998,999,997,1,45.7625
32690.0000,3269,2902.4731,0.0000,1000,999,1000,1,45.7579
32700.0000,3270,2902.5024,0.0000,998,1000,999,1,45.8343
32710.0000,3271,2902.5317,0.0000,999,999,1000,1,45.9095
32720.0000,3272,2902.5611,0.0000,999,1000,999,1,45.9279
32730.0000,3273,2902.5906,0.0000,1000,1000,1000,1,46.0374
32740.0000,3274,2902.6200,0.0000,1000,999,1000,1,46.0906
32750.0000,3275,2902.6491,0.0000,998,1000,999,1,46.0733
32760.0000,3276,2902.6774,0.0000,996,998,999,1,45.8529
32770.0000,3277,2902.7060,0.0000,998,999,1000,1,45.9076
32780.0000,3278,2902.7354,0.0000,1000,1000,1000,1,45.9460
32790.0000,3279,2902.7646,0.0000,1000,999,999,1,45.9067
32800.0000,3280,2902.7938,0.0000,1000,1000,1000,1,45.9246
32810.0000,3281,2902.8232,0.0000,1000,1000,1000,1,45.9429
32820.0000,3282,2902.8525,0.0000,1000,999,1000,1,45.9971
32830.0000,3283,2902.8820,0.0000,1000,1000,1000,1,46.0351
32840.0000,3284,2902.9105,0.0000,1000,1000,997,1,45.9958
32850.0000,3285,2902.9396,0.0000,1000,999,999,1,46.1396
32860.0000,3286,2902.9688,0.0000,1000,999,1000,1,46.1565
32870.0000,3287,2902.9981,0.0000,999,999,999,1,46.0118
32880.0000,3288,2903.0271,0.0000,999,1000,1000,1,46.1197
32890.0000,3289,2903.0563,0.0000,1000,999,999,1,46.1703
32900.0000,3290,2903.0853,0.0000,1000,1000,1000,1,46.0605
32910.0000,3291,2903.1139,0.0000,1000,998,1000,1,45.8739
32920.0000,3292,2903.1426,0.0000,1000,997,999,1,45.7999
32930.0000,3293,2903.1715,0.0000,1000,1000,1000,1,45.8371
32940.0000,3294,2903.2004,0.0000,999,1000,999,1,45.6726
32950.0000,3295,2903.2295,0.0000,1000,999,1000,1,45.7611
32960.0000,3296,2903.2576,0.0000,1000,1000,997,1,45.5619
32970.0000,3297,2903.2864,0.0000,999,1000,1000,1,45.6348
32980.0000,3298,2903.3150,0.0000,1000,1000,997,1,45.5079
32990.0000,3299,2903.3439,0.0000,1000,999,1000,1,45.6507
33000.0000,3300,2903.3728,0.0000,1000,1000,999,1,45.6900
33010.0000,3301,2903.4017,0.0000,1000,1000,1000,1,45.7982
33020.0000,3302,2903.4306,0.0000,1000,1000,999,1,45.7256
33030.0000,3303,2903.4595,0.0000,1000,999,1000,1,45.6318
33040.0000,3304,2903.4882,0.0000,999,1000,999,1,45.5804
33050.0000,3305,2903.5166,0.0000,998,999,1000,1,45.5070
33060.0000,3306,2903.5442,0.0000,1000,997,1000,1,45.3237
33070.0000,3307,2903.5727,0.0000,999,1000,999,1,45.3623
33080.0000,3308,2903.6014,0.0000,999,1000,1000,1,45.2911
33090.0000,3309,2903.6304,0.0000,1000,1000,999,1,45.4362
33100.0000,3310,2903.6592,0.0000,1000,1000,999,1,45.3277
33110.0000,3311,2903.6880,0.0000,1000,1000,1000,1,45.4159
33120.0000,3312,2903.7166,0.0000,999,1000,1000,1,45.4343
33130.0000,3313,2903.7448,0.0000,997,1000,1000,1,45.3297
33140.0000,3314,2903.7725,0.0000,999,1000,1000,1,45.2232
33150.0000,3315,2903.8012,0.0000,1000,1000,1000,1,45.3111
33160.0000,3316,2903.8296,0.0000,999,997,999,1,45.2398
33170.0000,3317,2903.8578,0.0000,1000,1000,1000,1,45.3683
33180.0000,3318,2903.8865,0.0000,1000,999,1000,1,45.3665
33190.0000,3319,2903.9150,0.0000,999,1000,1000,1,45.3149
33200.0000,3320,2903.9433,0.0000,999,1000,998,1,45.1534
33210.0000,3321,2903.9716,0.0000,1000,998,1000,1,45.0624
33220.0000,3322,2904.0002,0.0000,1000,1000,1000,1,45.1904
33230.0000,3323,2904.0286,0.0000,1000,1000,1000,1,45.1003
33240.0000,3324,2904.0572,0.0000,998,1000,998,1,45.0483
33250.0000,3325,2904.0848,0.0000,1000,1000,1000,1,45.0475
33260.0000,3326,2904.1131,0.0000,998,999,1000,1,44.9765
33270.0000,3327,2904.1413,0.0000,1000,1000,1000,1,45.0502
33280.0000,3328,2904.1698,0.0000,1000,1000,1000,1,45.0684
33290.0000,3329,2904.1984,0.0000,999,1000,1000,1,45.1408
33300.0000,3330,2904.2269,0.0000,999,999,1000,1,45.2285
33310.0000,3331,2904.2555,0.0000,1000,1000,999,1,45.3907
33320.0000,3332,2904.2840,0.0000,1000,1000,999,1,45.4975
33330.0000,3333,2904.3124,0.0000,999,1000,999,1,45.5681
33340.0000,3334,2904.3408,0.0000,999,1000,1000,1,45.6537
33350.0000,3335,2904.3694,0.0000,1000,1000,1000,1,45.8698
33360.0000,3336,2904.3975,0.0000,1000,1000,999,1,45.8637
33370.0000,3337,2904.4257,0.0000,999,1000,1000,1,45.9900
33380.0000,3338,2904.4539,0.0000,1000,1000,998,1,46.0385
33390.0000,3339,2904.4821,0.0000,999,999,999,1,46.0173
33400.0000,3340,2904.5104,0.0000,1000,1000,1000,1,46.0987
33410.0000,3341,2904.5386,0.0000,999,999,1000,1,46.0444
33420.0000,3342,2904.5670,0.0000,1000,999,1000,1,46.1484
33430.0000,3343,2904.5951,0.0000,1000,1000,1000,1,45.9805
33440.0000,3344,2904.6232,0.0000,999,999,999,1,45.7896
33450.0000,3345,2904.6507,0.0000,1000,1000,1000,1,45.8607
33460.0000,3346,2904.6787,0.0000,1000,998,999,1,45.9072
33470.0000,3347,2904.7061,0.0000,1000,999,999,1,45.9198
33480.0000,3348,2904.7337,0.0000,1000,1000,999,1,45.8099
33490.0000,3349,2904.7617,0.0000,998,1000,999,1,45.8547
33500.0000,3350,2904.7898,0.0000,999,1000,1000,1,45.8923
33510.0000,3351,2904.8178,0.0000,997,1000,1000,1,45.8799
33520.0000,3352,2904.8455,0.0000,999,1000,999,1,45.8602
33530.0000,3353,2904.8736,0.0000,1000,1000,1000,1,45.9308
33540.0000,3354,2904.9016,0.0000,1000,999,1000,1,45.9201
33550.0000,3355,2904.9298,0.0000,999,1000,999,1,46.0242
33560.0000,3356,2904.9572,0.0000,999,998,999,1,45.8251
33570.0000,3357,2904.9853,0.0000,1000,1000,1000,1,45.9617
33580.0000,3358,2905.0135,0.0000,1000,1000,999,1,46.0331
33590.0000,3359,2905.0410,0.0000,1000,998,1000,1,45.9566
33600.0000,3360,2905.0690,0.0000,1000,1000,1000,1,46.0926
33610.0000,3361,2905.0971,0.0000,1000,1000,999,1,46.2535
33620.0000,3362,2905.1249,0.0000,1000,999,1000,1,46.2661
33630.0000,3363,2905.1529,0.0000,1000,1000,1000,1,46.2787
33640.0000,3364,2905.1806,0.0000,999,1000,1000,1,46.2331
33650.0000,3365,2905.2081,0.0000,997,999,999,1,46.0003
33660.0000,3366,2905.2356,0.0000,1000,1000,1000,1,46.0130
33670.0000,3367,2905.2636,0.0000,1000,1000,999,1,46.1480
33680.0000,3368,2905.2913,0.0000,998,997,1000,1,46.1033
33690.0000,3369,2905.3181,0.0000,1000,998,1000,1,46.0819
33700.0000,3370,2905.3460,0.0000,1000,999,1000,1,46.1279
33710.0000,3371,2905.3737,0.0000,999,1000,999,1,46.1058
33720.0000,3372,2905.4011,0.0000,1000,1000,1000,1,46.0848
33730.0000,3373,2905.4289,0.0000,999,999,1000,1,46.1630
33740.0000,3374,2905.4568,0.0000,1000,1000,1000,1,46.2885
33750.0000,3375,2905.4846,0.0000,999,999,1000,1,46.4566
33760.0000,3376,2905.5120,0.0000,1000,1000,1000,1,46.4906
33770.0000,3377,2905.5397,0.0000,999,1000,999,1,46.5006
33780.0000,3378,2905.5674,0.0000,1000,998,1000,1,46.4864
33790.0000,3379,2905.5951,0.0000,1000,1000,1000,1,46.5207
33800.0000,3380,2905.6227,0.0000,999,999,998,1,46.5065
33810.0000,3381,2905.6501,0.0000,1000,999,999,1,46.5728
33820.0000,3382,2905.6778,0.0000,1000,1000,1000,1,46.7320
33830.0000,3383,2905.7053,0.0000,1000,999,999,1,46.7735
33840.0000,3384,2905.7327,0.0000,1000,1000,1000,1,46.7829
33850.0000,3385,2905.7603,0.0000,999,1000,1000,1,46.7592
33860.0000,3386,2905.7872,0.0000,999,1000,1000,1,46.5285
33870.0000,3387,2905.8146,0.0000,1000,1000,1000,1,46.6284
33880.0000,3388,2905.8422,0.0000,999,999,1000,1,46.6720
33890.0000,3389,2905.8698,0.0000,1000,1000,1000,1,46.6808
33900.0000,3390,2905.8969,0.0000,1000,1000,998,1,46.5639
33910.0000,3391,2905.9241,0.0000,999,998,1000,1,46.5166
33920.0000,3392,2905.9513,0.0000,1000,1000,1000,1,46.4911
33930.0000,3393,2905.9788,0.0000,1000,1000,999,1,46.5910
33940.0000,3394,2906.0061,0.0000,1000,1000,999,1,46.5996
33950.0000,3395,2906.0333,0.0000,999,998,999,1,46.6655
33960.0000,3396,2906.0602,0.0000,999,997,999,1,46.5597
33970.0000,3397,2906.0874,0.0000,1000,1000,1000,1,46.5909
33980.0000,3398,2906.1140,0.0000,1000,997,997,1,46.4518
33990.0000,3399,2906.1397,0.0000,999,997,999,1,46.3122
34000.0000,3400,2906.1670,0.0000,999,998,999,1,46.2309
34010.0000,3401,2906.1936,0.0000,1000,1000,1000,1,46.2079
34020.0000,3402,2906.2210,0.0000,1000,1000,1000,1,46.0694
34030.0000,3403,2906.2483,0.0000,1000,1000,1000,1,46.0791
34040.0000,3404,2906.2753,0.0000,1000,999,1000,1,46.0887
34050.0000,3405,2906.3023,0.0000,999,1000,1000,1,46.0083
34060.0000,3406,2906.3293,0.0000,1000,1000,999,1,45.8964
34070.0000,3407,2906.3564,0.0000,999,1000,999,1,45.9065
34080.0000,3408,2906.3836,0.0000,999,1000,1000,1,45.8814
34090.0000,3409,2906.4105,0.0000,1000,999,1000,1,45.9260
34100.0000,3410,2906.4370,0.0000,1000,998,1000,1,45.7873
34110.0000,3411,2906.4643,0.0000,1000,1000,1000,1,45.7969
34120.0000,3412,2906.4915,0.0000,1000,999,1000,1,45.8062
34130.0000,3413,2906.5188,0.0000,999,1000,999,1,45.8382
34140.0000,3414,2906.5459,0.0000,1000,1000,1000,1,45.7940
34150.0000,3415,2906.5730,0.0000,999,999,1000,1,45.8340
34160.0000,3416,2906.5995,0.0000,1000,999,1000,1,45.8427
34170.0000,3417,2906.6264,0.0000,999,1000,1000,1,45.8511
34180.0000,3418,2906.6533,0.0000,1000,1000,1000,1,45.8837
34190.0000,3419,2906.6801,0.0000,1000,998,1000,1,45.8364
34200.0000,3420,2906.7068,0.0000,1000,1000,1000,1,45.7850
34210.0000,3421,2906.7336,0.0000,1000,999,1000,1,45.6125
34220.0000,3422,2906.7604,0.0000,1000,1000,999,1,45.5548
34230.0000,3423,2906.7872,0.0000,999,1000,999,1,45.4729
34240.0000,3424,2906.8140,0.0000,999,1000,998,1,45.3911
34250.0000,3425,2906.8405,0.0000,998,1000,997,1,45.3098
34260.0000,3426,2906.8670,0.0000,1000,1000,999,1,45.3533
34270.0000,3427,2906.8934,0.0000,998,999,999,1,45.1815
34280.0000,3428,2906.9197,0.0000,1000,998,1000,1,45.3100
34290.0000,3429,2906.9465,0.0000,998,999,998,1,45.2286
34300.0000,3430,2906.9733,0.0000,1000,1000,1000,1,45.2977
34310.0000,3431,2906.9996,0.0000,1000,999,1000,1,45.3069
34320.0000,3432,2907.0264,0.0000,998,999,999,1,45.2818
34330.0000,3433,2907.0531,0.0000,1000,999,999,1,45.3245
34340.0000,3434,2907.0798,0.0000,1000,999,999,1,45.2436
34350.0000,3435,2907.1066,0.0000,1000,999,1000,1,45.3712
34360.0000,3436,2907.1334,0.0000,1000,999,1000,1,45.2901
34370.0000,3437,2907.1600,0.0000,999,1000,999,1,45.2353
34380.0000,3438,2907.1866,0.0000,1000,1000,1000,1,45.2179
34390.0000,3439,2907.2132,0.0000,997,1000,999,1,45.0736
34400.0000,3440,2907.2383,0.0000,999,1000,997,1,44.8494
34410.0000,3441,2907.2641,0.0000,1000,999,999,1,44.8877
34420.0000,3442,2907.2906,0.0000,999,1000,999,1,44.8344
34430.0000,3443,2907.3170,0.0000,1000,999,1000,1,44.8439
34440.0000,3444,2907.3435,0.0000,999,998,1000,1,44.7371
34450.0000,3445,2907.3699,0.0000,1000,999,1000,1,44.7465
34460.0000,3446,2907.3963,0.0000,999,1000,999,1,44.7554
34470.0000,3447,2907.4220,0.0000,999,999,997,1,44.4958
34480.0000,3448,2907.4479,0.0000,999,999,1000,1,44.4163
34490.0000,3449,2907.4745,0.0000,999,999,1000,1,44.4266
34500.0000,3450,2907.5009,0.0000,1000,1000,1000,1,44.4366
34510.0000,3451,2907.5275,0.0000,1000,1000,1000,1,44.4195
34520.0000,3452,2907.5541,0.0000,1000,1000,1000,1,44.3978
34530.0000,3453,2907.5808,0.0000,1000,999,1000,1,44.5577
34540.0000,3454,2907.6070,0.0000,1000,999,999,1,44.4797
34550.0000,3455,2907.6334,0.0000,999,999,999,1,44.5188
34560.0000,3456,2907.6596,0.0000,1000,1000,999,1,44.4122
34570.0000,3457,2907.6860,0.0000,999,999,1000,1,44.3341
34580.0000,3458,2907.7122,0.0000,999,999,999,1,44.2559
34590.0000,3459,2907.7380,0.0000,1000,1000,998,1,44.1507
34600.0000,3460,2907.7644,0.0000,1000,1000,1000,1,44.2167
34610.0000,3461,2907.7907,0.0000,999,1000,1000,1,44.3158
34620.0000,3462,2907.8168,0.0000,999,1000,999,1,44.3260
34630.0000,3463,2907.8427,0.0000,999,1000,998,1,44.1597
34640.0000,3464,2907.8687,0.0000,999,1000,999,1,44.1153
34650.0000,3465,2907.8948,0.0000,998,1000,1000,1,44.0658
34660.0000,3466,2907.9203,0.0000,1000,996,1000,1,43.9008
34670.0000,3467,2907.9459,0.0000,1000,1000,1000,1,43.9725
34680.0000,3468,2907.9719,0.0000,997,1000,1000,1,43.9231
34690.0000,3469,2907.9978,0.0000,1000,1000,999,1,43.9938
34700.0000,3470,2908.0240,0.0000,1000,1000,1000,1,44.0928
34710.0000,3471,2908.0502,0.0000,999,1000,1000,1,43.9832
34720.0000,3472,2908.0763,0.0000,1000,1000,1000,1,43.9378
34730.0000,3473,2908.1027,0.0000,1000,1000,1000,1,43.9486
34740.0000,3474,2908.1287,0.0000,1000,999,1000,1,43.8994
34750.0000,3475,2908.1547,0.0000,999,999,999,1,43.7941
34760.0000,3476,2908.1804,0.0000,1000,1000,1000,1,43.7171
34770.0000,3477,2908.2064,0.0000,1000,1000,1000,1,43.6687
34780.0000,3478,2908.2322,0.0000,1000,998,999,1,43.5918
34790.0000,3479,2908.2583,0.0000,1000,999,999,1,43.6626
34800.0000,3480,2908.2844,0.0000,1000,1000,999,1,43.7613
34810.0000,3481,2908.3105,0.0000,1000,999,1000,1,43.8876
34820.0000,3482,2908.3365,0.0000,999,998,999,1,43.8090
34830.0000,3483,2908.3622,0.0000,1000,999,1000,1,43.8794
34840.0000,3484,2908.3878,0.0000,1000,998,1000,1,43.8890
34850.0000,3485,2908.4138,0.0000,999,999,999,1,43.8984
34860.0000,3486,2908.4395,0.0000,1000,999,1000,1,43.9364
34870.0000,3487,2908.4656,0.0000,999,1000,1000,1,43.9735
34880.0000,3488,2908.4912,0.0000,999,998,999,1,43.7506
34890.0000,3489,2908.5167,0.0000,1000,1000,999,1,43.7609
34900.0000,3490,2908.5427,0.0000,999,999,1000,1,43.8000
34910.0000,3491,2908.5685,0.0000,999,1000,1000,1,43.7496
34920.0000,3492,2908.5939,0.0000,1000,999,998,1,43.7031
34930.0000,3493,2908.6196,0.0000,998,998,1000,1,43.5374
34940.0000,3494,2908.6445,0.0000,999,997,1000,1,43.4286
34950.0000,3495,2908.6698,0.0000,999,999,1000,1,43.4112
34960.0000,3496,2908.6953,0.0000,999,999,1000,1,43.2751
34970.0000,3497,2908.7210,0.0000,1000,999,998,1,43.2574
34980.0000,3498,2908.7468,0.0000,999,1000,1000,1,43.3847
34990.0000,3499,2908.7727,0.0000,1000,1000,1000,1,43.5141
35000.0000,3500,2908.7984,0.0000,1000,999,1000,1,43.3788
35010.0000,3501,2908.8242,0.0000,1000,1000,1000,1,43.4499
35020.0000,3502,2908.8500,0.0000,1000,999,1000,1,43.5484
35030.0000,3503,2908.8757,0.0000,1000,1000,998,1,43.5592
35040.0000,3504,2908.9007,0.0000,1000,999,1000,1,43.4232
35050.0000,3505,2908.9261,0.0000,1000,1000,1000,1,43.4069
35060.0000,3506,2908.9517,0.0000,999,1000,1000,1,43.2132
35070.0000,3507,2908.9771,0.0000,998,1000,1000,1,43.2549
35080.0000,3508,2909.0023,0.0000,999,998,997,1,43.0923
35090.0000,3509,2909.0278,0.0000,1000,1000,999,1,43.1912
35100.0000,3510,2909.0534,0.0000,1000,1000,999,1,43.1160
35110.0000,3511,2909.0792,0.0000,1000,1000,1000,1,43.2145
35120.0000,3512,2909.1049,0.0000,1000,1000,1000,1,43.2819
35130.0000,3513,2909.1307,0.0000,1000,1000,1000,1,43.4669
35140.0000,3514,2909.1560,0.0000,999,998,999,1,43.3612
35150.0000,3515,2909.1810,0.0000,999,999,999,1,43.3999
35160.0000,3516,2909.2059,0.0000,1000,999,999,1,43.2668
35170.0000,3517,2909.2314,0.0000,1000,1000,999,1,43.2772
35180.0000,3518,2909.2570,0.0000,1000,1000,1000,1,43.3141
35190.0000,3519,2909.2824,0.0000,1000,1000,999,1,43.2098
35200.0000,3520,2909.3078,0.0000,1000,998,1000,1,43.2197
35210.0000,3521,2909.3329,0.0000,1000,999,999,1,43.2295
35220.0000,3522,2909.3583,0.0000,1000,1000,1000,1,43.2665
35230.0000,3523,2909.3838,0.0000,999,1000,1000,1,43.2186
35240.0000,3524,2909.4090,0.0000,999,999,999,1,43.1991
35250.0000,3525,2909.4337,0.0000,998,1000,1000,1,43.3256
35260.0000,3526,2909.4591,0.0000,1000,1000,1000,1,43.2182
35270.0000,3527,2909.4845,0.0000,1000,999,1000,1,43.2006
35280.0000,3528,2909.5093,0.0000,1000,1000,998,1,43.0363
35290.0000,3529,2909.5347,0.0000,1000,999,1000,1,42.9869
35300.0000,3530,2909.5601,0.0000,999,999,1000,1,43.0845
35310.0000,3531,2909.5855,0.0000,1000,1000,1000,1,43.1248
35320.0000,3532,2909.6106,0.0000,1000,998,999,1,43.1048
35330.0000,3533,2909.6353,0.0000,1000,1000,1000,1,43.2013
35340.0000,3534,2909.6607,0.0000,1000,1000,1000,1,43.2707
35350.0000,3535,2909.6859,0.0000,999,1000,1000,1,43.2497
35360.0000,3536,2909.7104,0.0000,998,998,998,1,42.9418
35370.0000,3537,2909.7345,0.0000,999,997,1000,1,42.7187
35380.0000,3538,2909.7596,0.0000,999,1000,1000,1,42.7021
35390.0000,3539,2909.7850,0.0000,1000,1000,1000,1,42.8259
35400.0000,3540,2909.8100,0.0000,999,1000,998,1,42.6912
35410.0000,3541,2909.8351,0.0000,1000,1000,1000,1,42.6722
35420.0000,3542,2909.8602,0.0000,1000,1000,1000,1,42.5961
35430.0000,3543,2909.8854,0.0000,1000,1000,1000,1,42.6362
35440.0000,3544,2909.9099,0.0000,1000,999,1000,1,42.5308
35450.0000,3545,2909.9350,0.0000,1000,999,1000,1,42.6280
35460.0000,3546,2909.9598,0.0000,999,1000,1000,1,42.5815
35470.0000,3547,2909.9849,0.0000,1000,1000,1000,1,42.5619
35480.0000,3548,2910.0099,0.0000,1000,1000,1000,1,42.5460
35490.0000,3549,2910.0346,0.0000,1000,1000,1000,1,42.5825
35500.0000,3550,2910.0596,0.0000,999,1000,999,1,42.5364
35510.0000,3551,2910.0843,0.0000,1000,1000,1000,1,42.5469
35520.0000,3552,2910.1093,0.0000,999,1000,999,1,42.5011
35530.0000,3553,2910.1342,0.0000,1000,1000,1000,1,42.6235
35540.0000,3554,2910.1594,0.0000,1000,999,999,1,42.8062
35550.0000,3555,2910.1837,0.0000,999,998,999,1,42.7035
35560.0000,3556,2910.2083,0.0000,1000,1000,1000,1,42.7136
35570.0000,3557,2910.2331,0.0000,1000,1000,1000,1,42.8101
35580.0000,3558,2910.2580,0.0000,1000,1000,1000,1,42.8204
35590.0000,3559,2910.2828,0.0000,999,1000,998,1,42.7441
35600.0000,3560,2910.3074,0.0000,1000,1000,1000,1,42.7803
35610.0000,3561,2910.3323,0.0000,999,999,1000,1,42.7354
35620.0000,3562,2910.3572,0.0000,1000,1000,1000,1,42.7756
35630.0000,3563,2910.3821,0.0000,999,999,999,1,42.6996
35640.0000,3564,2910.4070,0.0000,999,999,1000,1,42.6803
35650.0000,3565,2910.4318,0.0000,999,999,999,1,42.7204
35660.0000,3566,2910.4565,0.0000,1000,999,1000,1,42.8164
35670.0000,3567,2910.4808,0.0000,1000,1000,999,1,42.7405
35680.0000,3568,2910.5057,0.0000,1000,1000,999,1,42.8368
35690.0000,3569,2910.5307,0.0000,1000,1000,1000,1,42.9583
35700.0000,3570,2910.5556,0.0000,1000,999,1000,1,43.0535
35710.0000,3571,2910.5801,0.0000,1000,999,1000,1,42.9500
35720.0000,3572,2910.6047,0.0000,999,1000,1000,1,42.9840
35730.0000,3573,2910.6290,0.0000,999,1000,998,1,42.8498
35740.0000,3574,2910.6537,0.0000,1000,1000,1000,1,42.9446
35750.0000,3575,2910.6785,0.0000,1000,999,999,1,42.8977
35760.0000,3576,2910.7033,0.0000,999,999,1000,1,43.0187
35770.0000,3577,2910.7281,0.0000,999,1000,1000,1,43.1435
35780.0000,3578,2910.7524,0.0000,999,1000,998,1,43.0092
35790.0000,3579,2910.7770,0.0000,1000,1000,1000,1,43.1900
35800.0000,3580,2910.8017,0.0000,1000,1000,999,1,43.1674
35810.0000,3581,2910.8264,0.0000,1000,1000,1000,1,43.1198
35820.0000,3582,2910.8509,0.0000,1000,1000,1000,1,43.0677
35830.0000,3583,2910.8756,0.0000,1000,999,1000,1,43.0764
35840.0000,3584,2910.9002,0.0000,1000,1000,999,1,43.0600
35850.0000,3585,2910.9242,0.0000,997,1000,999,1,43.0382
35860.0000,3586,2910.9480,0.0000,1000,999,999,1,42.9047
35870.0000,3587,2910.9726,0.0000,999,1000,999,1,42.9993
35880.0000,3588,2910.9965,0.0000,998,1000,1000,1,43.0072
35890.0000,3589,2911.0206,0.0000,996,999,999,1,42.9552
35900.0000,3590,2911.0448,0.0000,999,1000,1000,1,42.9942
35910.0000,3591,2911.0693,0.0000,1000,1000,1000,1,43.0312
35920.0000,3592,2911.0937,0.0000,999,999,1000,1,42.9806
35930.0000,3593,2911.1181,0.0000,999,1000,1000,1,42.9340
35940.0000,3594,2911.1425,0.0000,1000,999,1000,1,42.9130
35950.0000,3595,2911.1671,0.0000,1000,1000,1000,1,43.0077
35960.0000,3596,2911.1914,0.0000,1000,1000,1000,1,42.9609
35970.0000,3597,2911.2152,0.0000,999,1000,997,1,42.8843
35980.0000,3598,2911.2394,0.0000,1000,998,1000,1,42.7773
35990.0000,3599,2911.2635,0.0000,1000,999,1000,1,42.7010
36000.0000,3600,2911.2878,0.0000,998,999,998,1,42.5967
36010.0000,3601,2911.3116,0.0000,1000,1000,1000,1,42.6639
36020.0000,3602,2911.3359,0.0000,1000,1000,999,1,42.6144
36030.0000,3603,2911.3601,0.0000,999,998,999,1,42.5376
36040.0000,3604,2911.3837,0.0000,1000,1000,1000,1,42.5193
36050.0000,3605,2911.4079,0.0000,998,999,999,1,42.4126
36060.0000,3606,2911.4321,0.0000,1000,1000,1000,1,42.4516
36070.0000,3607,2911.4564,0.0000,1000,1000,1000,1,42.4869
36080.0000,3608,2911.4806,0.0000,998,999,1000,1,42.4394
36090.0000,3609,2911.5049,0.0000,999,1000,1000,1,42.6194
36100.0000,3610,2911.5290,0.0000,1000,999,1000,1,42.6279
36110.0000,3611,2911.5530,0.0000,999,1000,1000,1,42.5510
36120.0000,3612,2911.5772,0.0000,1000,999,1000,1,42.5596
36130.0000,3613,2911.6014,0.0000,1000,999,999,1,42.5381
36140.0000,3614,2911.6255,0.0000,1000,1000,1000,1,42.5205
36150.0000,3615,2911.6495,0.0000,997,1000,999,1,42.3583
36160.0000,3616,2911.6734,0.0000,1000,999,1000,1,42.2211
36170.0000,3617,2911.6976,0.0000,999,1000,1000,1,42.2046
36180.0000,3618,2911.7218,0.0000,1000,1000,1000,1,42.2384
36190.0000,3619,2911.7458,0.0000,1000,1000,999,1,42.2220
36200.0000,3620,2911.7699,0.0000,1000,1000,998,1,42.1703
36210.0000,3621,2911.7937,0.0000,999,1000,1000,1,42.2397
36220.0000,3622,2911.8176,0.0000,1000,999,999,1,42.2735
36230.0000,3623,2911.8415,0.0000,1000,1000,1000,1,42.1709
36240.0000,3624,2911.8656,0.0000,1000,1000,1000,1,42.2053
36250.0000,3625,2911.8895,0.0000,1000,1000,999,1,42.2137
36260.0000,3626,2911.9134,0.0000,1000,1000,999,1,42.1113
36270.0000,3627,2911.9374,0.0000,1000,1000,1000,1,42.1200
36280.0000,3628,2911.9612,0.0000,1000,998,998,1,41.9841
36290.0000,3629,2911.9851,0.0000,1000,1000,1000,1,42.0220
36300.0000,3630,2912.0091,0.0000,998,1000,997,1,41.9755
36310.0000,3631,2912.0331,0.0000,999,1000,1000,1,42.0689
36320.0000,3632,2912.0571,0.0000,999,1000,999,1,42.1025
36330.0000,3633,2912.0809,0.0000,1000,1000,999,1,42.0844
36340.0000,3634,2912.1045,0.0000,999,998,1000,1,41.9767
36350.0000,3635,2912.1284,0.0000,1000,999,1000,1,42.0698
36360.0000,3636,2912.1522,0.0000,1000,1000,999,1,42.1335
36370.0000,3637,2912.1762,0.0000,999,1000,1000,1,42.1145
36380.0000,3638,2912.1997,0.0000,1000,1000,999,1,42.0067
36390.0000,3639,2912.2234,0.0000,1000,1000,1000,1,42.0995
36400.0000,3640,2912.2470,0.0000,1000,1000,998,1,42.1921
36410.0000,3641,2912.2708,0.0000,999,1000,1000,1,42.1458
36420.0000,3642,2912.2946,0.0000,1000,1000,999,1,42.1811
36430.0000,3643,2912.3184,0.0000,1000,999,998,1,42.1896
36440.0000,3644,2912.3412,0.0000,999,998,999,1,42.1143
36450.0000,3645,2912.3645,0.0000,1000,999,999,1,42.0401
36460.0000,3646,2912.3884,0.0000,1000,1000,1000,1,42.1082
36470.0000,3647,2912.4120,0.0000,1000,998,1000,1,42.0056
36480.0000,3648,2912.4355,0.0000,1000,1000,1000,1,42.1841
36490.0000,3649,2912.4592,0.0000,1000,1000,1000,1,42.1656
36500.0000,3650,2912.4831,0.0000,1000,1000,1000,1,42.2886
36510.0000,3651,2912.5067,0.0000,1000,999,999,1,42.2692
36520.0000,3652,2912.5303,0.0000,998,998,1000,1,42.2514
36530.0000,3653,2912.5536,0.0000,1000,1000,1000,1,42.3445
36540.0000,3654,2912.5772,0.0000,999,1000,1000,1,42.3532
36550.0000,3655,2912.6005,0.0000,998,999,999,1,42.2500
36560.0000,3656,2912.6241,0.0000,1000,1000,999,1,42.2291
36570.0000,3657,2912.6477,0.0000,1000,999,999,1,42.2385
36580.0000,3658,2912.6713,0.0000,1000,1000,999,1,42.2477
36590.0000,3659,2912.6949,0.0000,1000,999,1000,1,42.2866
36600.0000,3660,2912.7183,0.0000,999,997,1000,1,42.2955
36610.0000,3661,2912.7414,0.0000,999,1000,999,1,42.2476
36620.0000,3662,2912.7649,0.0000,999,1000,1000,1,42.2569
36630.0000,3663,2912.7886,0.0000,999,1000,1000,1,42.4342
36640.0000,3664,2912.8117,0.0000,1000,998,1000,1,42.3315
36650.0000,3665,2912.8352,0.0000,999,1000,1000,1,42.3672
36660.0000,3666,2912.8587,0.0000,999,999,1000,1,42.4330
36670.0000,3667,2912.8823,0.0000,1000,999,999,1,42.4127
36680.0000,3668,2912.9058,0.0000,1000,1000,1000,1,42.4502
36690.0000,3669,2912.9293,0.0000,1000,1000,998,1,42.5142
36700.0000,3670,2912.9527,0.0000,999,1000,999,1,42.3281
36710.0000,3671,2912.9762,0.0000,1000,1000,1000,1,42.4777
36720.0000,3672,2912.9995,0.0000,999,999,1000,1,42.3470
36730.0000,3673,2913.0222,0.0000,999,1000,999,1,42.1886
36740.0000,3674,2913.0457,0.0000,1000,1000,999,1,42.2546
36750.0000,3675,2913.0691,0.0000,1000,999,1000,1,42.3476
36760.0000,3676,2913.0927,0.0000,1000,1000,1000,1,42.3570
36770.0000,3677,2913.1161,0.0000,999,1000,999,1,42.3943
36780.0000,3678,2913.1391,0.0000,999,999,997,1,42.2642
36790.0000,3679,2913.1617,0.0000,1000,999,999,1,42.3000
36800.0000,3680,2913.1850,0.0000,1000,1000,1000,1,42.3380
36810.0000,3681,2913.2082,0.0000,1000,1000,998,1,42.3472
36820.0000,3682,2913.2314,0.0000,999,1000,1000,1,42.3570
36830.0000,3683,2913.2545,0.0000,1000,1000,1000,1,42.2012
36840.0000,3684,2913.2775,0.0000,1000,999,1000,1,42.1579
36850.0000,3685,2913.3007,0.0000,1000,999,1000,1,42.1947
36860.0000,3686,2913.3240,0.0000,999,1000,1000,1,42.1510
36870.0000,3687,2913.3472,0.0000,1000,1000,1000,1,42.2174
36880.0000,3688,2913.3701,0.0000,1000,1000,997,1,42.0377
36890.0000,3689,2913.3932,0.0000,1000,998,1000,1,42.0755
36900.0000,3690,2913.4159,0.0000,1000,1000,999,1,41.9792
36910.0000,3691,2913.4390,0.0000,1000,999,998,1,41.9089
36920.0000,3692,2913.4621,0.0000,1000,1000,999,1,42.0035
36930.0000,3693,2913.4853,0.0000,1000,1000,1000,1,42.0157
36940.0000,3694,2913.5085,0.0000,999,1000,999,1,41.9985
36950.0000,3695,2913.5314,0.0000,998,998,1000,1,41.9825
36960.0000,3696,2913.5545,0.0000,999,999,1000,1,41.9942
36970.0000,3697,2913.5775,0.0000,999,1000,998,1,41.8985
36980.0000,3698,2913.6002,0.0000,998,1000,999,1,41.7993
36990.0000,3699,2913.6233,0.0000,1000,1000,1000,1,41.9763
37000.0000,3700,2913.6463,0.0000,999,998,1000,1,41.9600
37010.0000,3701,2913.6693,0.0000,1000,1000,999,1,41.9472
37020.0000,3702,2913.6924,0.0000,999,1000,999,1,42.0412
37030.0000,3703,2913.7155,0.0000,1000,999,1000,1,42.0781
37040.0000,3704,2913.7386,0.0000,999,999,1000,1,42.1188
37050.0000,3705,2913.7615,0.0000,999,999,999,1,42.0749
37060.0000,3706,2913.7841,0.0000,1000,1000,999,1,42.0035
37070.0000,3707,2913.8069,0.0000,1000,1000,1000,1,41.9578
37080.0000,3708,2913.8299,0.0000,998,999,999,1,41.7504
37090.0000,3709,2913.8526,0.0000,1000,1000,999,1,41.7887
37100.0000,3710,2913.8756,0.0000,1000,1000,999,1,41.7999
37110.0000,3711,2913.8985,0.0000,1000,1000,1000,1,41.7288
37120.0000,3712,2913.9211,0.0000,999,997,1000,1,41.6013
37130.0000,3713,2913.9438,0.0000,1000,998,999,1,41.6127
37140.0000,3714,2913.9665,0.0000,998,1000,1000,1,41.5417
37150.0000,3715,2913.9889,0.0000,999,999,1000,1,41.4180
37160.0000,3716,2914.0115,0.0000,999,1000,1000,1,41.3473
37170.0000,3717,2914.0344,0.0000,1000,1000,999,1,41.4121
37180.0000,3718,2914.0572,0.0000,1000,998,999,1,41.2601
37190.0000,3719,2914.0798,0.0000,999,1000,1000,1,41.2723
37200.0000,3720,2914.1025,0.0000,999,1000,1000,1,41.3133
37210.0000,3721,2914.1253,0.0000,1000,999,1000,1,41.2441
37220.0000,3722,2914.1482,0.0000,1000,1000,999,1,41.3657
37230.0000,3723,2914.1708,0.0000,1000,999,1000,1,41.4035
37240.0000,3724,2914.1936,0.0000,1000,999,1000,1,41.4153
37250.0000,3725,2914.2165,0.0000,1000,1000,999,1,41.4832
37260.0000,3726,2914.2394,0.0000,1000,999,1000,1,41.6023
37270.0000,3727,2914.2621,0.0000,999,1000,999,1,41.6418
37280.0000,3728,2914.2845,0.0000,999,998,998,1,41.5157
37290.0000,3729,2914.3071,0.0000,999,1000,1000,1,41.6628
37300.0000,3730,2914.3299,0.0000,999,1000,1000,1,41.5624
37310.0000,3731,2914.3526,0.0000,999,999,1000,1,41.6010
37320.0000,3732,2914.3750,0.0000,1000,1000,1000,1,41.5561
37330.0000,3733,2914.3977,0.0000,999,1000,999,1,41.6210
37340.0000,3734,2914.4203,0.0000,999,999,1000,1,41.6031
37350.0000,3735,2914.4424,0.0000,1000,998,999,1,41.5854
37360.0000,3736,2914.4645,0.0000,1000,1000,1000,1,41.5953
37370.0000,3737,2914.4870,0.0000,999,1000,1000,1,41.5502
37380.0000,3738,2914.5096,0.0000,1000,999,999,1,41.6419
37390.0000,3739,2914.5319,0.0000,998,999,999,1,41.5961
37400.0000,3740,2914.5543,0.0000,999,999,1000,1,41.6059
37410.0000,3741,2914.5767,0.0000,999,1000,1000,1,41.4795
37420.0000,3742,2914.5993,0.0000,1000,999,999,1,41.5438
37430.0000,3743,2914.6216,0.0000,999,999,1000,1,41.4721
37440.0000,3744,2914.6443,0.0000,1000,1000,1000,1,41.6736
37450.0000,3745,2914.6667,0.0000,1000,1000,999,1,41.6831
37460.0000,3746,2914.6892,0.0000,1000,999,999,1,41.6923
37470.0000,3747,2914.7113,0.0000,1000,1000,1000,1,41.7558
37480.0000,3748,2914.7334,0.0000,1000,1000,998,1,41.7104
37490.0000,3749,2914.7557,0.0000,999,1000,999,1,41.6909
37500.0000,3750,2914.7782,0.0000,1000,1000,1000,1,41.7275
37510.0000,3751,2914.8006,0.0000,1000,1000,999,1,41.7897
37520.0000,3752,2914.8230,0.0000,1000,1000,999,1,41.7433
37530.0000,3753,2914.8446,0.0000,999,998,1000,1,41.5040
37540.0000,3754,2914.8669,0.0000,999,999,1000,1,41.4848
37550.0000,3755,2914.8891,0.0000,999,998,1000,1,41.3854
37560.0000,3756,2914.9115,0.0000,999,1000,999,1,41.4197
37570.0000,3757,2914.9337,0.0000,998,1000,1000,1,41.3456
37580.0000,3758,2914.9559,0.0000,1000,1000,1000,1,41.4108
37590.0000,3759,2914.9782,0.0000,999,999,1000,1,41.3365
37600.0000,3760,2915.0003,0.0000,999,1000,999,1,41.3696
37610.0000,3761,2915.0227,0.0000,1000,1000,999,1,41.4051
37620.0000,3762,2915.0447,0.0000,998,1000,999,1,41.3034
37630.0000,3763,2915.0670,0.0000,1000,1000,1000,1,41.3118
37640.0000,3764,2915.0893,0.0000,1000,1000,1000,1,41.4593
37650.0000,3765,2915.1117,0.0000,999,999,999,1,41.4100
37660.0000,3766,2915.1329,0.0000,998,1000,1000,1,41.2803
37670.0000,3767,2915.1547,0.0000,1000,1000,999,1,41.2059
37680.0000,3768,2915.1770,0.0000,999,1000,1000,1,41.2701
37690.0000,3769,2915.1990,0.0000,1000,999,999,1,41.1706
37700.0000,3770,2915.2214,0.0000,999,1000,1000,1,41.2605
37710.0000,3771,2915.2436,0.0000,1000,999,1000,1,41.3505
37720.0000,3772,2915.2657,0.0000,1000,1000,1000,1,41.3270
37730.0000,3773,2915.2879,0.0000,999,1000,1000,1,41.3906
37740.0000,3774,2915.3102,0.0000,999,1000,1000,1,41.4800
37750.0000,3775,2915.3325,0.0000,999,1000,1000,1,41.5448
37760.0000,3776,2915.3545,0.0000,999,999,1000,1,41.3866
37770.0000,3777,2915.3763,0.0000,1000,998,1000,1,41.3933
37780.0000,3778,2915.3982,0.0000,999,1000,999,1,41.4242
37790.0000,3779,2915.4198,0.0000,999,1000,1000,1,41.2928
37800.0000,3780,2915.4419,0.0000,1000,999,1000,1,41.3307
37810.0000,3781,2915.4637,0.0000,999,999,999,1,41.3064
37820.0000,3782,2915.4859,0.0000,999,1000,1000,1,41.3686
37830.0000,3783,2915.5079,0.0000,1000,1000,1000,1,41.3507
37840.0000,3784,2915.5298,0.0000,1000,999,1000,1,41.2749
37850.0000,3785,2915.5518,0.0000,999,998,999,1,41.1995
37860.0000,3786,2915.5735,0.0000,999,1000,1000,1,41.3122
37870.0000,3787,2915.5955,0.0000,1000,1000,999,1,41.2634
37880.0000,3788,2915.6173,0.0000,1000,1000,999,1,41.2695
37890.0000,3789,2915.6394,0.0000,1000,1000,999,1,41.3577
37900.0000,3790,2915.6615,0.0000,1000,999,1000,1,41.3940
37910.0000,3791,2915.6832,0.0000,999,1000,1000,1,41.3685
37920.0000,3792,2915.7052,0.0000,1000,1000,1000,1,41.3738
37930.0000,3793,2915.7270,0.0000,1000,999,999,1,41.3796
37940.0000,3794,2915.7488,0.0000,1000,999,1000,1,41.3857
37950.0000,3795,2915.7708,0.0000,999,1000,1000,1,41.4228
37960.0000,3796,2915.7929,0.0000,1000,1000,1000,1,41.5108
37970.0000,3797,2915.8148,0.0000,1000,999,1000,1,41.4344
37980.0000,3798,2915.8364,0.0000,1000,998,1000,1,41.3003
37990.0000,3799,2915.8575,0.0000,1000,996,998,1,41.0881
38000.0000,3800,2915.8790,0.0000,1000,1000,999,1,41.0947
38010.0000,3801,2915.9009,0.0000,999,1000,1000,1,41.1012
38020.0000,3802,2915.9230,0.0000,1000,1000,1000,1,41.3534
38030.0000,3803,2915.9443,0.0000,1000,997,1000,1,41.1954
38040.0000,3804,2915.9659,0.0000,1000,999,999,1,41.1740
38050.0000,3805,2915.9877,0.0000,999,999,1000,1,41.1252
38060.0000,3806,2916.0094,0.0000,1000,1000,999,1,41.1310
38070.0000,3807,2916.0311,0.0000,999,1000,999,1,41.0282
38080.0000,3808,2916.0528,0.0000,1000,1000,1000,1,41.0914
38090.0000,3809,2916.0745,0.0000,1000,1000,999,1,41.0658
38100.0000,3810,2916.0958,0.0000,999,997,998,1,40.9067
38110.0000,3811,2916.1172,0.0000,998,998,998,1,40.8309
38120.0000,3812,2916.1381,0.0000,1000,1000,997,1,40.7554
38130.0000,3813,2916.1598,0.0000,1000,999,999,1,40.5995
38140.0000,3814,2916.1815,0.0000,1000,1000,1000,1,40.5806
38150.0000,3815,2916.2033,0.0000,1000,1000,1000,1,40.6449
38160.0000,3816,2916.2249,0.0000,1000,998,999,1,40.6214
38170.0000,3817,2916.2464,0.0000,999,1000,999,1,40.4382
38180.0000,3818,2916.2680,0.0000,1000,1000,1000,1,40.5540
38190.0000,3819,2916.2896,0.0000,999,999,999,1,40.5608
38200.0000,3820,2916.3109,0.0000,999,999,999,1,40.5397
38210.0000,3821,2916.3327,0.0000,999,999,1000,1,40.6274
38220.0000,3822,2916.3543,0.0000,999,1000,1000,1,40.5519
38230.0000,3823,2916.3759,0.0000,1000,999,1000,1,40.5344
38240.0000,3824,2916.3975,0.0000,1000,1000,1000,1,40.5926
38250.0000,3825,2916.4188,0.0000,1000,1000,999,1,40.5184
38260.0000,3826,2916.4401,0.0000,1000,1000,1000,1,40.4987
38270.0000,3827,2916.4618,0.0000,999,999,1000,1,40.6439
38280.0000,3828,2916.4833,0.0000,999,1000,1000,1,40.5934
38290.0000,3829,2916.5046,0.0000,999,1000,999,1,40.5185
38300.0000,3830,2916.5263,0.0000,1000,999,1000,1,40.5822
38310.0000,3831,2916.5471,0.0000,1000,999,999,1,40.4766
38320.0000,3832,2916.5685,0.0000,1000,1000,999,1,40.4835
38330.0000,3833,2916.5899,0.0000,1000,1000,1000,1,40.4091
38340.0000,3834,2916.6113,0.0000,998,999,999,1,40.3089
38350.0000,3835,2916.6324,0.0000,999,999,999,1,40.1545
38360.0000,3836,2916.6533,0.0000,997,997,1000,1,39.9199
38370.0000,3837,2916.6738,0.0000,998,999,999,1,39.8472
38380.0000,3838,2916.6950,0.0000,999,999,1000,1,39.8012
38390.0000,3839,2916.7164,0.0000,1000,1000,1000,1,39.7832
38400.0000,3840,2916.7379,0.0000,999,1000,1000,1,39.7691
38410.0000,3841,2916.7593,0.0000,999,1000,1000,1,39.7206
38420.0000,3842,2916.7806,0.0000,999,998,999,1,39.6267
38430.0000,3843,2916.8019,0.0000,1000,1000,999,1,39.6844
38440.0000,3844,2916.8232,0.0000,1000,1000,999,1,39.6936
38450.0000,3845,2916.8446,0.0000,999,998,1000,1,39.7347
38460.0000,3846,2916.8654,0.0000,1000,999,1000,1,39.7431
38470.0000,3847,2916.8867,0.0000,1000,1000,999,1,39.7186
38480.0000,3848,2916.9079,0.0000,999,999,999,1,39.6781
38490.0000,3849,2916.9290,0.0000,999,1000,999,1,39.6539
38500.0000,3850,2916.9503,0.0000,998,999,1000,1,39.6367
38510.0000,3851,2916.9718,0.0000,1000,999,1000,1,39.7020
38520.0000,3852,2916.9930,0.0000,1000,1000,1000,1,39.6772
38530.0000,3853,2917.0143,0.0000,1000,1000,999,1,39.6043
38540.0000,3854,2917.0357,0.0000,1000,999,1000,1,39.6444
38550.0000,3855,2917.0569,0.0000,999,1000,999,1,39.6195
38560.0000,3856,2917.0779,0.0000,1000,999,1000,1,39.5791
38570.0000,3857,2917.0989,0.0000,999,999,999,1,39.4745
38580.0000,3858,2917.1198,0.0000,1000,1000,1000,1,39.5146
38590.0000,3859,2917.1408,0.0000,1000,999,1000,1,39.3624
38600.0000,3860,2917.1620,0.0000,1000,999,998,1,39.3126
38610.0000,3861,2917.1829,0.0000,999,999,1000,1,39.2987
38620.0000,3862,2917.2040,0.0000,1000,1000,997,1,39.2749
38630.0000,3863,2917.2248,0.0000,1000,1000,999,1,39.3383
38640.0000,3864,2917.2461,0.0000,999,1000,999,1,39.3730
38650.0000,3865,2917.2671,0.0000,1000,1000,997,1,39.3817
38660.0000,3866,2917.2876,0.0000,999,999,997,1,39.2622
38670.0000,3867,2917.3081,0.0000,999,998,998,1,39.1916
38680.0000,3868,2917.3285,0.0000,1000,998,1000,1,39.2009
38690.0000,3869,2917.3496,0.0000,1000,1000,1000,1,39.3130
38700.0000,3870,2917.3704,0.0000,999,998,999,1,39.2191
38710.0000,3871,2917.3914,0.0000,999,999,999,1,39.2774
38720.0000,3872,2917.4124,0.0000,999,999,1000,1,39.3397
38730.0000,3873,2917.4334,0.0000,999,1000,1000,1,39.3486
38740.0000,3874,2917.4537,0.0000,995,1000,1000,1,39.2546
38750.0000,3875,2917.4742,0.0000,1000,1000,1000,1,39.2639
38760.0000,3876,2917.4952,0.0000,1000,1000,1000,1,39.2423
38770.0000,3877,2917.5163,0.0000,1000,1000,1000,1,39.3314
38780.0000,3878,2917.5374,0.0000,999,1000,998,1,39.3956
38790.0000,3879,2917.5585,0.0000,999,999,1000,1,39.4050
38800.0000,3880,2917.5794,0.0000,999,999,1000,1,39.3902
38810.0000,3881,2917.6003,0.0000,999,1000,999,1,39.3443
38820.0000,3882,2917.6211,0.0000,998,999,999,1,39.1953
38830.0000,3883,2917.6415,0.0000,998,998,998,1,39.1258
38840.0000,3884,2917.6614,0.0000,1000,1000,998,1,39.0819
38850.0000,3885,2917.6823,0.0000,1000,999,1000,1,39.0442
38860.0000,3886,2917.7031,0.0000,999,1000,1000,1,39.1038
38870.0000,3887,2917.7237,0.0000,1000,999,999,1,39.0664
38880.0000,3888,2917.7446,0.0000,999,1000,1000,1,39.0225
38890.0000,3889,2917.7655,0.0000,999,999,1000,1,39.0883
38900.0000,3890,2917.7862,0.0000,1000,1000,1000,1,39.0991
38910.0000,3891,2917.8065,0.0000,999,999,999,1,38.8741
38920.0000,3892,2917.8274,0.0000,999,999,1000,1,38.8853
38930.0000,3893,2917.8482,0.0000,999,1000,1000,1,38.8417
38940.0000,3894,2917.8690,0.0000,1000,998,1000,1,38.8293
38950.0000,3895,2917.8893,0.0000,999,1000,1000,1,38.7859
38960.0000,3896,2917.9101,0.0000,998,1000,999,1,38.7741
38970.0000,3897,2917.9308,0.0000,1000,1000,1000,1,38.8092
38980.0000,3898,2917.9515,0.0000,1000,999,999,1,38.7687
38990.0000,3899,2917.9721,0.0000,1000,1000,999,1,38.7803
39000.0000,3900,2917.9927,0.0000,1000,1000,1000,1,38.8201
39010.0000,3901,2918.0135,0.0000,1000,1000,999,1,38.7769
39020.0000,3902,2918.0338,0.0000,999,999,997,1,38.6868
39030.0000,3903,2918.0540,0.0000,1000,1000,999,1,38.6440
39040.0000,3904,2918.0747,0.0000,1000,1000,999,1,38.6557
39050.0000,3905,2918.0953,0.0000,1000,1000,1000,1,38.6936
39060.0000,3906,2918.1162,0.0000,1000,1000,1000,1,38.8105
39070.0000,3907,2918.1368,0.0000,999,1000,999,1,38.6891
39080.0000,3908,2918.1573,0.0000,1000,1000,1000,1,38.6220
39090.0000,3909,2918.1780,0.0000,1000,1000,1000,1,38.6598
39100.0000,3910,2918.1988,0.0000,999,999,999,1,38.8007
39110.0000,3911,2918.2194,0.0000,999,999,1000,1,38.7861
39120.0000,3912,2918.2393,0.0000,998,998,999,1,38.7695
39130.0000,3913,2918.2599,0.0000,999,999,1000,1,38.8067
39140.0000,3914,2918.2805,0.0000,1000,1000,999,1,38.7384
39150.0000,3915,2918.3010,0.0000,999,1000,1000,1,38.6168
39160.0000,3916,2918.3217,0.0000,1000,1000,1000,1,38.6038
39170.0000,3917,2918.3422,0.0000,999,1000,999,1,38.5614
39180.0000,3918,2918.3626,0.0000,1000,999,1000,1,38.4702
39190.0000,3919,2918.3832,0.0000,1000,1000,999,1,38.4554
39200.0000,3920,2918.4035,0.0000,999,1000,999,1,38.3375
39210.0000,3921,2918.4239,0.0000,1000,1000,999,1,38.3230
39220.0000,3922,2918.4445,0.0000,999,1000,1000,1,38.3603
39230.0000,3923,2918.4651,0.0000,998,1000,999,1,38.3180
39240.0000,3924,2918.4854,0.0000,1000,1000,1000,1,38.4602
39250.0000,3925,2918.5059,0.0000,999,999,1000,1,38.3930
39260.0000,3926,2918.5262,0.0000,1000,1000,1000,1,38.4820
39270.0000,3927,2918.5468,0.0000,1000,1000,1000,1,38.4928
39280.0000,3928,2918.5670,0.0000,997,999,999,1,38.3718
39290.0000,3929,2918.5872,0.0000,1000,999,1000,1,38.3588
39300.0000,3930,2918.6078,0.0000,1000,1000,1000,1,38.3935
39310.0000,3931,2918.6284,0.0000,999,1000,1000,1,38.4822
39320.0000,3932,2918.6488,0.0000,1000,1000,999,1,38.4420
39330.0000,3933,2918.6693,0.0000,999,999,1000,1,38.4796
39340.0000,3934,2918.6897,0.0000,1000,1000,999,1,38.5135
39350.0000,3935,2918.7100,0.0000,999,1000,1000,1,38.5237
39360.0000,3936,2918.7302,0.0000,999,1000,999,1,38.4050
39370.0000,3937,2918.7507,0.0000,1000,1000,1000,1,38.5207
39380.0000,3938,2918.7711,0.0000,1000,1000,1000,1,38.4529
39390.0000,3939,2918.7912,0.0000,1000,1000,1000,1,38.4364
39400.0000,3940,2918.8118,0.0000,999,1000,1000,1,38.5752
39410.0000,3941,2918.8320,0.0000,1000,1000,999,1,38.5619
39420.0000,3942,2918.8523,0.0000,1000,1000,1000,1,38.5446
39430.0000,3943,2918.8726,0.0000,1000,1000,1000,1,38.6055
39440.0000,3944,2918.8931,0.0000,1000,1000,1000,1,38.7476
39450.0000,3945,2918.9135,0.0000,1000,1000,1000,1,38.8082
39460.0000,3946,2918.9339,0.0000,999,1000,1000,1,38.7123
39470.0000,3947,2918.9538,0.0000,999,999,1000,1,38.6206
39480.0000,3948,2918.9737,0.0000,998,1000,999,1,38.4986
39490.0000,3949,2918.9939,0.0000,1000,1000,1000,1,38.5092
39500.0000,3950,2919.0142,0.0000,1000,1000,999,1,38.4693
39510.0000,3951,2919.0344,0.0000,1000,1000,998,1,38.4027
39520.0000,3952,2919.0537,0.0000,998,1000,999,1,38.3355
39530.0000,3953,2919.0738,0.0000,999,1000,1000,1,38.3203
39540.0000,3954,2919.0941,0.0000,1000,1000,999,1,38.4346
39550.0000,3955,2919.1145,0.0000,1000,1000,999,1,38.5743
39560.0000,3956,2919.1347,0.0000,1000,1000,1000,1,38.6106
39570.0000,3957,2919.1549,0.0000,1000,1000,999,1,38.5435
39580.0000,3958,2919.1752,0.0000,1000,1000,1000,1,38.5284
39590.0000,3959,2919.1952,0.0000,1000,999,999,1,38.4622
39600.0000,3960,2919.2151,0.0000,999,999,999,1,38.3962
39610.0000,3961,2919.2349,0.0000,999,1000,1000,1,38.3831
39620.0000,3962,2919.2549,0.0000,1000,1000,1000,1,38.3676
39630.0000,3963,2919.2749,0.0000,998,1000,999,1,38.4299
39640.0000,3964,2919.2951,0.0000,1000,999,1000,1,38.4938
39650.0000,3965,2919.3149,0.0000,998,999,998,1,38.4008
39660.0000,3966,2919.3349,0.0000,1000,999,1000,1,38.4389
39670.0000,3967,2919.3550,0.0000,1000,1000,999,1,38.5269
39680.0000,3968,2919.3749,0.0000,1000,999,999,1,38.5111
39690.0000,3969,2919.3950,0.0000,1000,1000,999,1,38.4970
39700.0000,3970,2919.4150,0.0000,998,998,998,1,38.3797
39710.0000,3971,2919.4349,0.0000,999,1000,1000,1,38.3663
39720.0000,3972,2919.4547,0.0000,1000,1000,999,1,38.4032
39730.0000,3973,2919.4748,0.0000,1000,1000,1000,1,38.4916
39740.0000,3974,2919.4950,0.0000,999,1000,1000,1,38.5548
39750.0000,3975,2919.5151,0.0000,1000,1000,999,1,38.6680
39760.0000,3976,2919.5350,0.0000,1000,1000,1000,1,38.7308
39770.0000,3977,2919.5550,0.0000,1000,1000,1000,1,38.7414
39780.0000,3978,2919.5750,0.0000,999,1000,1000,1,38.7269
39790.0000,3979,2919.5945,0.0000,999,1000,1000,1,38.6334
39800.0000,3980,2919.6145,0.0000,999,999,1000,1,38.6711
39810.0000,3981,2919.6346,0.0000,1000,999,1000,1,38.8355
39820.0000,3982,2919.6545,0.0000,999,999,1000,1,38.8456
39830.0000,3983,2919.6745,0.0000,1000,1000,1000,1,38.9326
39840.0000,3984,2919.6943,0.0000,1000,1000,998,1,38.9148
39850.0000,3985,2919.7142,0.0000,999,1000,1000,1,38.9772
39860.0000,3986,2919.7339,0.0000,1000,999,1000,1,38.8854
39870.0000,3987,2919.7533,0.0000,1000,999,1000,1,38.7415
39880.0000,3988,2919.7732,0.0000,1000,1000,1000,1,38.7522
39890.0000,3989,2919.7921,0.0000,999,999,999,1,38.6089
39900.0000,3990,2919.8114,0.0000,1000,999,1000,1,38.3896
39910.0000,3991,2919.8312,0.0000,1000,1000,999,1,38.4490
39920.0000,3992,2919.8511,0.0000,1000,1000,1000,1,38.3350
39930.0000,3993,2919.8709,0.0000,1000,999,998,1,38.3183
39940.0000,3994,2919.8907,0.0000,999,1000,1000,1,38.3056
39950.0000,3995,2919.9103,0.0000,999,1000,999,1,38.3170
39960.0000,3996,2919.9296,0.0000,998,1000,1000,1,38.2516
39970.0000,3997,2919.9495,0.0000,999,999,999,1,38.2625
39980.0000,3998,2919.9688,0.0000,998,1000,999,1,38.2198
39990.0000,3999,2919.9881,0.0000,999,999,998,1,38.1315
40000.0000,4000,2920.0070,0.0000,999,998,995,1,38.0138
40010.0000,4001,2920.0260,0.0000,998,999,998,1,37.8733
40020.0000,4002,2920.0457,0.0000,1000,1000,999,1,37.8094
40030.0000,4003,2920.0653,0.0000,999,999,998,1,37.8214
40040.0000,4004,2920.0842,0.0000,1000,999,997,1,37.7848
40050.0000,4005,2920.1036,0.0000,999,1000,999,1,37.7970
40060.0000,4006,2920.1231,0.0000,1000,999,1000,1,37.8096
40070.0000,4007,2920.1424,0.0000,999,998,1000,1,37.6215
40080.0000,4008,2920.1620,0.0000,1000,1000,1000,1,37.5829
40090.0000,4009,2920.1816,0.0000,999,999,1000,1,37.4971
40100.0000,4010,2920.2008,0.0000,998,1000,1000,1,37.4101
40110.0000,4011,2920.2204,0.0000,999,1000,1000,1,37.4487
40120.0000,4012,2920.2398,0.0000,1000,999,1000,1,37.3110
40130.0000,4013,2920.2592,0.0000,1000,1000,1000,1,37.2999
40140.0000,4014,2920.2788,0.0000,1000,1000,999,1,37.3615
40150.0000,4015,2920.2978,0.0000,998,1000,999,1,37.2762
40160.0000,4016,2920.3171,0.0000,1000,1000,1000,1,37.3395
40170.0000,4017,2920.3367,0.0000,998,999,999,1,37.3526
40180.0000,4018,2920.3559,0.0000,998,998,999,1,37.2630
40190.0000,4019,2920.3751,0.0000,1000,999,1000,1,37.2758
40200.0000,4020,2920.3943,0.0000,998,1000,999,1,37.2125
40210.0000,4021,2920.4140,0.0000,1000,1000,1000,1,37.3764
40220.0000,4022,2920.4334,0.0000,999,1000,1000,1,37.3664
40230.0000,4023,2920.4519,0.0000,997,997,998,1,37.0765
40240.0000,4024,2920.4712,0.0000,1000,1000,999,1,37.1115
40250.0000,4025,2920.4908,0.0000,1000,1000,1000,1,37.1524
40260.0000,4026,2920.5101,0.0000,1000,1000,999,1,37.0625
40270.0000,4027,2920.5295,0.0000,1000,1000,998,1,37.0009
40280.0000,4028,2920.5484,0.0000,1000,1000,998,1,36.9677
40290.0000,4029,2920.5678,0.0000,1000,1000,1000,1,37.0569
40300.0000,4030,2920.5873,0.0000,1000,1000,1000,1,36.9962
40310.0000,4031,2920.6067,0.0000,998,999,1000,1,37.0105
40320.0000,4032,2920.6256,0.0000,999,997,999,1,36.8752
40330.0000,4033,2920.6451,0.0000,999,999,1000,1,36.9645
40340.0000,4034,2920.6644,0.0000,1000,1000,1000,1,36.9786
40350.0000,4035,2920.6839,0.0000,1000,1000,1000,1,37.0410
40360.0000,4036,2920.7033,0.0000,999,999,1000,1,37.1080
40370.0000,4037,2920.7227,0.0000,1000,1000,999,1,37.1440
40380.0000,4038,2920.7421,0.0000,999,999,999,1,37.1577
40390.0000,4039,2920.7612,0.0000,1000,1000,1000,1,37.0966
40400.0000,4040,2920.7806,0.0000,1000,999,1000,1,37.1380
40410.0000,4041,2920.8000,0.0000,1000,998,1000,1,37.1521
40420.0000,4042,2920.8187,0.0000,1000,1000,997,1,37.0435
40430.0000,4043,2920.8378,0.0000,1000,999,1000,1,37.0305
40440.0000,4044,2920.8570,0.0000,1000,999,998,1,37.0182
40450.0000,4045,2920.8759,0.0000,1000,1000,1000,1,37.0112
40460.0000,4046,2920.8948,0.0000,999,998,999,1,36.9237
40470.0000,4047,2920.9133,0.0000,997,1000,999,1,36.8923
40480.0000,4048,2920.9322,0.0000,1000,1000,999,1,36.9535
40490.0000,4049,2920.9514,0.0000,999,1000,1000,1,36.9225
40500.0000,4050,2920.9707,0.0000,1000,1000,1000,1,37.0323
40510.0000,4051,2920.9899,0.0000,1000,999,1000,1,37.0727
40520.0000,4052,2921.0091,0.0000,1000,1000,1000,1,37.1154
40530.0000,4053,2921.0285,0.0000,999,1000,1000,1,37.0561
40540.0000,4054,2921.0476,0.0000,998,1000,999,1,37.1450
40550.0000,4055,2921.0664,0.0000,999,1000,1000,1,37.1593
40560.0000,4056,2921.0849,0.0000,1000,999,997,1,37.0448
40570.0000,4057,2921.1036,0.0000,1000,999,998,1,36.9847
40580.0000,4058,2921.1228,0.0000,1000,1000,1000,1,36.9249
40590.0000,4059,2921.1421,0.0000,1000,1000,999,1,36.9394
40600.0000,4060,2921.1611,0.0000,999,999,999,1,36.9330
40610.0000,4061,2921.1802,0.0000,1000,999,1000,1,36.9682
40620.0000,4062,2921.1993,0.0000,999,999,999,1,37.0067
40630.0000,4063,2921.2180,0.0000,1000,1000,1000,1,36.9966
40640.0000,4064,2921.2372,0.0000,1000,1000,1000,1,37.0108
40650.0000,4065,2921.2560,0.0000,999,997,1000,1,36.9294
40660.0000,4066,2921.2749,0.0000,1000,1000,999,1,37.0392
40670.0000,4067,2921.2933,0.0000,998,999,1000,1,36.9577
40680.0000,4068,2921.3123,0.0000,1000,1000,1000,1,37.0181
40690.0000,4069,2921.3313,0.0000,999,999,998,1,36.9114
40700.0000,4070,2921.3500,0.0000,1000,1000,999,1,36.9254
40710.0000,4071,2921.3688,0.0000,1000,1000,1000,1,36.8877
40720.0000,4072,2921.3879,0.0000,1000,1000,1000,1,36.9022
40730.0000,4073,2921.4071,0.0000,1000,1000,1000,1,37.0147
40740.0000,4074,2921.4261,0.0000,999,998,999,1,37.0561
40750.0000,4075,2921.4450,0.0000,1000,1000,999,1,37.0190
40760.0000,4076,2921.4638,0.0000,1000,1000,998,1,36.8863
40770.0000,4077,2921.4830,0.0000,1000,999,1000,1,36.9982
40780.0000,4078,2921.5016,0.0000,998,1000,1000,1,36.9391
40790.0000,4079,2921.5205,0.0000,1000,1000,1000,1,36.9822
40800.0000,4080,2921.5396,0.0000,999,1000,1000,1,37.0706
40810.0000,4081,2921.5585,0.0000,999,1000,1000,1,37.0846
40820.0000,4082,2921.5774,0.0000,1000,998,1000,1,37.0469
40830.0000,4083,2921.5961,0.0000,999,1000,1000,1,36.9650
40840.0000,4084,2921.6150,0.0000,1000,1000,999,1,37.0020
40850.0000,4085,2921.6340,0.0000,1000,1000,999,1,37.0165
40860.0000,4086,2921.6528,0.0000,1000,1000,998,1,36.9573
40870.0000,4087,2921.6715,0.0000,1000,999,999,1,36.8982
40880.0000,4088,2921.6903,0.0000,1000,999,999,1,36.8394
40890.0000,4089,2921.7091,0.0000,999,1000,1000,1,36.8775
40900.0000,4090,2921.7279,0.0000,999,1000,999,1,36.8925
40910.0000,4091,2921.7469,0.0000,1000,1000,1000,1,37.0094
40920.0000,4092,2921.7657,0.0000,999,999,1000,1,36.8774
40930.0000,4093,2921.7836,0.0000,998,997,1000,1,36.7908
40940.0000,4094,2921.8018,0.0000,999,999,1000,1,36.7330
40950.0000,4095,2921.8207,0.0000,1000,999,1000,1,36.8219
40960.0000,4096,2921.8394,0.0000,1000,999,1000,1,36.6917
40970.0000,4097,2921.8579,0.0000,1000,999,1000,1,36.7078
40980.0000,4098,2921.8769,0.0000,999,1000,1000,1,36.8249
40990.0000,4099,2921.8957,0.0000,999,999,1000,1,36.7390
41000.0000,4100,2921.9135,0.0000,999,996,996,1,36.4899
41010.0000,4101,2921.9316,0.0000,999,1000,1000,1,36.5059
41020.0000,4102,2921.9504,0.0000,1000,1000,1000,1,36.5676
41030.0000,4103,2921.9692,0.0000,1000,999,1000,1,36.6115
41040.0000,4104,2921.9880,0.0000,1000,1000,1000,1,36.7454
41050.0000,4105,2922.0068,0.0000,999,1000,999,1,36.7608
41060.0000,4106,2922.0253,0.0000,998,1000,1000,1,36.6583
41070.0000,4107,2922.0438,0.0000,1000,1000,998,1,36.6961
41080.0000,4108,2922.0624,0.0000,999,1000,1000,1,36.7619
41090.0000,4109,2922.0810,0.0000,999,998,999,1,36.6763
41100.0000,4110,2922.0995,0.0000,1000,1000,1000,1,36.7194
41110.0000,4111,2922.1179,0.0000,1000,1000,999,1,36.6845
41120.0000,4112,2922.1367,0.0000,1000,1000,1000,1,36.7497
41130.0000,4113,2922.1553,0.0000,1000,999,999,1,36.7144
41140.0000,4114,2922.1734,0.0000,999,998,1000,1,36.5326
41150.0000,4115,2922.1920,0.0000,1000,1000,1000,1,36.5740
41160.0000,4116,2922.2104,0.0000,999,999,999,1,36.4660
41170.0000,4117,2922.2283,0.0000,997,1000,999,1,36.3585
41180.0000,4118,2922.2469,0.0000,1000,1000,999,1,36.4003
41190.0000,4119,2922.2652,0.0000,1000,999,1000,1,36.4381
41200.0000,4120,2922.2838,0.0000,1000,1000,999,1,36.4535
41210.0000,4121,2922.3023,0.0000,1000,1000,998,1,36.4920
41220.0000,4122,2922.3206,0.0000,1000,1000,999,1,36.4840
41230.0000,4123,2922.3394,0.0000,1000,1000,1000,1,36.5950
41240.0000,4124,2922.3576,0.0000,999,997,1000,1,36.4642
41250.0000,4125,2922.3758,0.0000,998,999,1000,1,36.4794
41260.0000,4126,2922.3944,0.0000,999,999,1000,1,36.5672
41270.0000,4127,2922.4128,0.0000,1000,998,1000,1,36.5094
41280.0000,4128,2922.4313,0.0000,1000,1000,999,1,36.5014
41290.0000,4129,2922.4499,0.0000,999,999,1000,1,36.4675
41300.0000,4130,2922.4682,0.0000,1000,999,1000,1,36.4828
41310.0000,4131,2922.4867,0.0000,1000,1000,1000,1,36.6928
41320.0000,4132,2922.5052,0.0000,1000,1000,999,1,36.5620
41330.0000,4133,2922.5236,0.0000,999,1000,999,1,36.7221
41340.0000,4134,2922.5419,0.0000,998,1000,1000,1,36.7132
41350.0000,4135,2922.5597,0.0000,1000,998,1000,1,36.6048
41360.0000,4136,2922.5779,0.0000,999,999,1000,1,36.5694
41370.0000,4137,2922.5962,0.0000,1000,1000,999,1,36.5603
41380.0000,4138,2922.6145,0.0000,999,1000,1000,1,36.4782
41390.0000,4139,2922.6327,0.0000,999,998,999,1,36.3925
41400.0000,4140,2922.6510,0.0000,1000,1000,999,1,36.3835
41410.0000,4141,2922.6694,0.0000,999,999,999,1,36.3736
41420.0000,4142,2922.6875,0.0000,999,999,1000,1,36.3601
41430.0000,4143,2922.7059,0.0000,999,1000,1000,1,36.3278
41440.0000,4144,2922.7242,0.0000,998,998,999,1,36.3144
41450.0000,4145,2922.7425,0.0000,1000,999,1000,1,36.4738
41460.0000,4146,2922.7608,0.0000,1000,1000,1000,1,36.4869
41470.0000,4147,2922.7788,0.0000,997,998,1000,1,36.4270
41480.0000,4148,2922.7967,0.0000,1000,1000,997,1,36.4183
41490.0000,4149,2922.8145,0.0000,997,999,998,1,36.3804
41500.0000,4150,2922.8328,0.0000,1000,1000,1000,1,36.4451
41510.0000,4151,2922.8511,0.0000,999,998,1000,1,36.4345
41520.0000,4152,2922.8691,0.0000,1000,998,999,1,36.4203
41530.0000,4153,2922.8872,0.0000,1000,1000,1000,1,36.5334
41540.0000,4154,2922.9055,0.0000,999,1000,1000,1,36.6192
41550.0000,4155,2922.9238,0.0000,1000,1000,1000,1,36.5833
41560.0000,4156,2922.9421,0.0000,1000,1000,999,1,36.6449
41570.0000,4157,2922.9605,0.0000,1000,1000,1000,1,36.7304
41580.0000,4158,2922.9785,0.0000,999,1000,999,1,36.6208
41590.0000,4159,2922.9969,0.0000,999,999,999,1,36.7552
41600.0000,4160,2923.0148,0.0000,1000,998,1000,1,36.6669
41610.0000,4161,2923.0332,0.0000,1000,1000,1000,1,36.7522
41620.0000,4162,2923.0514,0.0000,1000,1000,999,1,36.7427
41630.0000,4163,2923.0696,0.0000,1000,999,1000,1,36.7027
41640.0000,4164,2923.0873,0.0000,1000,997,999,1,36.6199
41650.0000,4165,2923.1050,0.0000,999,998,998,1,36.5588
41660.0000,4166,2923.1229,0.0000,1000,1000,999,1,36.4462
41670.0000,4167,2923.1412,0.0000,999,1000,1000,1,36.4587
41680.0000,4168,2923.1591,0.0000,1000,999,1000,1,36.4712
41690.0000,4169,2923.1772,0.0000,999,1000,1000,1,36.4384
41700.0000,4170,2923.1954,0.0000,1000,999,1000,1,36.4970
41710.0000,4171,2923.2136,0.0000,1000,1000,1000,1,36.5359
41720.0000,4172,2923.2319,0.0000,1000,1000,1000,1,36.5718
41730.0000,4173,2923.2497,0.0000,999,997,999,1,36.4871
41740.0000,4174,2923.2671,0.0000,998,999,999,1,36.4497
41750.0000,4175,2923.2850,0.0000,999,1000,999,1,36.5115
41760.0000,4176,2923.3030,0.0000,1000,999,999,1,36.4744
41770.0000,4177,2923.3211,0.0000,1000,1000,999,1,36.3649
41780.0000,4178,2923.3392,0.0000,1000,1000,1000,1,36.4279
41790.0000,4179,2923.3572,0.0000,1000,1000,999,1,36.4404
41800.0000,4180,2923.3752,0.0000,999,998,1000,1,36.4023
41810.0000,4181,2923.3929,0.0000,998,999,999,1,36.3685
41820.0000,4182,2923.4100,0.0000,1000,1000,1000,1,36.1890
41830.0000,4183,2923.4278,0.0000,997,1000,998,1,36.0582
41840.0000,4184,2923.4458,0.0000,999,1000,1000,1,36.0476
41850.0000,4185,2923.4636,0.0000,1000,1000,999,1,36.0136
41860.0000,4186,2923.4818,0.0000,999,999,999,1,36.0029
41870.0000,4187,2923.4994,0.0000,1000,999,1000,1,35.8472
41880.0000,4188,2923.5173,0.0000,999,998,998,1,35.6949
41890.0000,4189,2923.5351,0.0000,999,999,999,1,35.7091
41900.0000,4190,2923.5529,0.0000,1000,999,999,1,35.7462
41910.0000,4191,2923.5709,0.0000,999,998,1000,1,35.7851
41920.0000,4192,2923.5886,0.0000,998,1000,999,1,35.7274
41930.0000,4193,2923.6062,0.0000,999,1000,1000,1,35.7414
41940.0000,4194,2923.6243,0.0000,1000,1000,999,1,35.8514
41950.0000,4195,2923.6421,0.0000,999,999,999,1,35.7931
41960.0000,4196,2923.6601,0.0000,1000,999,1000,1,35.8066
41970.0000,4197,2923.6781,0.0000,1000,1000,1000,1,35.6996
41980.0000,4198,2923.6961,0.0000,1000,998,997,1,35.6901
41990.0000,4199,2923.7138,0.0000,1000,1000,999,1,35.7040
42000.0000,4200,2923.7316,0.0000,999,1000,1000,1,35.6688
42010.0000,4201,2923.7495,0.0000,1000,1000,1000,1,35.6828
42020.0000,4202,2923.7673,0.0000,999,998,999,1,35.5775
42030.0000,4203,2923.7851,0.0000,1000,1000,999,1,35.5445
42040.0000,4204,2923.8029,0.0000,1000,998,999,1,35.5103
42050.0000,4205,2923.8201,0.0000,999,999,999,1,35.4292
42060.0000,4206,2923.8378,0.0000,999,1000,999,1,35.4186
42070.0000,4207,2923.8556,0.0000,1000,999,999,1,35.3865
42080.0000,4208,2923.8726,0.0000,997,999,999,1,35.2336
42090.0000,4209,2923.8902,0.0000,1000,1000,1000,1,35.2255
42100.0000,4210,2923.9081,0.0000,1000,1000,1000,1,35.2880
42110.0000,4211,2923.9260,0.0000,1000,1000,999,1,35.4458
42120.0000,4212,2923.9438,0.0000,1000,1000,999,1,35.3894
42130.0000,4213,2923.9616,0.0000,999,1000,1000,1,35.5230
42140.0000,4214,2923.9789,0.0000,1000,999,999,1,35.4422
42150.0000,4215,2923.9965,0.0000,1000,997,1000,1,35.3625
42160.0000,4216,2924.0136,0.0000,999,1000,1000,1,35.3524
42170.0000,4217,2924.0315,0.0000,1000,999,1000,1,35.4151
42180.0000,4218,2924.0492,0.0000,1000,999,1000,1,35.3582
42190.0000,4219,2924.0671,0.0000,1000,1000,1000,1,35.5154
42200.0000,4220,2924.0846,0.0000,998,1000,1000,1,35.4096
42210.0000,4221,2924.1023,0.0000,1000,999,998,1,35.4480
42220.0000,4222,2924.1194,0.0000,1000,1000,996,1,35.4370
42230.0000,4223,2924.1369,0.0000,1000,1000,999,1,35.5471
42240.0000,4224,2924.1547,0.0000,1000,999,999,1,35.6320
42250.0000,4225,2924.1718,0.0000,1000,998,999,1,35.5734
42260.0000,4226,2924.1895,0.0000,999,1000,1000,1,35.7039
42270.0000,4227,2924.2070,0.0000,1000,1000,999,1,35.6937
42280.0000,4228,2924.2245,0.0000,1000,999,1000,1,35.6843
42290.0000,4229,2924.2420,0.0000,999,1000,1000,1,35.6257
42300.0000,4230,2924.2596,0.0000,1000,1000,1000,1,35.6389
42310.0000,4231,2924.2770,0.0000,1000,1000,1000,1,35.5809
42320.0000,4232,2924.2946,0.0000,1000,998,1000,1,35.4964
42330.0000,4233,2924.3122,0.0000,1000,999,1000,1,35.4650
42340.0000,4234,2924.3296,0.0000,999,998,999,1,35.4076
42350.0000,4235,2924.3471,0.0000,1000,1000,1000,1,35.5380
42360.0000,4236,2924.3647,0.0000,1000,1000,1000,1,35.6001
42370.0000,4237,2924.3824,0.0000,998,999,999,1,35.4942
42380.0000,4238,2924.3991,0.0000,999,996,998,1,35.4136
42390.0000,4239,2924.4163,0.0000,999,1000,998,1,35.5216
42400.0000,4240,2924.4333,0.0000,1000,1000,999,1,35.4196
42410.0000,4241,2924.4504,0.0000,997,1000,1000,1,35.4074
42420.0000,4242,2924.4675,0.0000,1000,999,1000,1,35.3278
42430.0000,4243,2924.4850,0.0000,999,1000,1000,1,35.2954
42440.0000,4244,2924.5022,0.0000,999,1000,997,1,35.1947
42450.0000,4245,2924.5194,0.0000,1000,1000,998,1,35.1400
42460.0000,4246,2924.5361,0.0000,998,999,997,1,35.0607
42470.0000,4247,2924.5532,0.0000,999,1000,999,1,35.0309
42480.0000,4248,2924.5706,0.0000,1000,1000,999,1,35.0465
42490.0000,4249,2924.5883,0.0000,1000,1000,1000,1,35.2250
42500.0000,4250,2924.6057,0.0000,999,999,1000,1,35.2640
42510.0000,4251,2924.6234,0.0000,1000,999,1000,1,35.3255
42520.0000,4252,2924.6409,0.0000,1000,1000,1000,1,35.4595
42530.0000,4253,2924.6585,0.0000,999,1000,1000,1,35.5196
42540.0000,4254,2924.6760,0.0000,1000,1000,1000,1,35.5332
42550.0000,4255,2924.6936,0.0000,999,1000,1000,1,35.5467
42560.0000,4256,2924.7110,0.0000,999,1000,999,1,35.4895
42570.0000,4257,2924.7283,0.0000,998,999,999,1,35.3631
42580.0000,4258,2924.7449,0.0000,1000,999,1000,1,35.3540
42590.0000,4259,2924.7624,0.0000,1000,999,1000,1,35.3690
42600.0000,4260,2924.7797,0.0000,1000,999,999,1,35.2915
42610.0000,4261,2924.7970,0.0000,999,999,999,1,35.2358
42620.0000,4262,2924.8142,0.0000,999,999,999,1,35.2259
42630.0000,4263,2924.8311,0.0000,996,999,998,1,35.0999
42640.0000,4264,2924.8472,0.0000,996,1000,1000,1,34.9992
42650.0000,4265,2924.8634,0.0000,997,998,1000,1,34.8741
42660.0000,4266,2924.8802,0.0000,1000,999,1000,1,34.7740
42670.0000,4267,2924.8971,0.0000,999,998,998,1,34.5818
42680.0000,4268,2924.9133,0.0000,1000,999,1000,1,34.5290
42690.0000,4269,2924.9303,0.0000,1000,1000,1000,1,34.4311
42700.0000,4270,2924.9476,0.0000,1000,1000,1000,1,34.4261
42710.0000,4271,2924.9650,0.0000,999,999,1000,1,34.5136
42720.0000,4272,2924.9822,0.0000,999,999,998,1,34.4397
42730.0000,4273,2924.9987,0.0000,1000,1000,1000,1,34.4125
42740.0000,4274,2925.0159,0.0000,1000,999,999,1,34.4082
42750.0000,4275,2925.0330,0.0000,999,1000,999,1,34.2891
42760.0000,4276,2925.0498,0.0000,1000,1000,997,1,34.1717
42770.0000,4277,2925.0669,0.0000,999,1000,999,1,34.1238
42780.0000,4278,2925.0841,0.0000,1000,999,999,1,34.0761
42790.0000,4279,2925.1012,0.0000,1000,1000,1000,1,34.0739
42800.0000,4280,2925.1184,0.0000,1000,1000,999,1,34.1174
42810.0000,4281,2925.1354,0.0000,999,998,999,1,34.0456
42820.0000,4282,2925.1522,0.0000,1000,999,999,1,34.1578
42830.0000,4283,2925.1690,0.0000,999,997,1000,1,34.0850
42840.0000,4284,2925.1858,0.0000,1000,1000,999,1,34.1289
42850.0000,4285,2925.2028,0.0000,1000,999,999,1,34.1017
42860.0000,4286,2925.2200,0.0000,999,999,1000,1,34.1209
42870.0000,4287,2925.2372,0.0000,1000,1000,998,1,34.1177
42880.0000,4288,2925.2542,0.0000,1000,1000,1000,1,34.0684
42890.0000,4289,2925.2714,0.0000,1000,1000,1000,1,34.0877
42900.0000,4290,2925.2884,0.0000,999,998,999,1,34.0607
42910.0000,4291,2925.3050,0.0000,999,1000,998,1,33.9648
42920.0000,4292,2925.3219,0.0000,999,1000,1000,1,33.8942
42930.0000,4293,2925.3385,0.0000,998,999,1000,1,33.8675
42940.0000,4294,2925.3554,0.0000,999,1000,999,1,33.7737
42950.0000,4295,2925.3723,0.0000,998,1000,1000,1,33.7699
42960.0000,4296,2925.3891,0.0000,997,1000,1000,1,33.7891
42970.0000,4297,2925.4063,0.0000,1000,999,1000,1,33.8998
42980.0000,4298,2925.4230,0.0000,1000,999,999,1,33.8500
42990.0000,4299,2925.4401,0.0000,999,1000,1000,1,33.8456
43000.0000,4300,2925.4572,0.0000,1000,1000,998,1,33.8878
43010.0000,4301,2925.4741,0.0000,1000,999,1000,1,33.9997
43020.0000,4302,2925.4914,0.0000,1000,1000,1000,1,34.0868
43030.0000,4303,2925.5085,0.0000,999,1000,999,1,34.0570
43040.0000,4304,2925.5255,0.0000,1000,1000,1000,1,34.0976
43050.0000,4305,2925.5425,0.0000,1000,1000,1000,1,34.0463
43060.0000,4306,2925.5597,0.0000,1000,1000,999,1,34.1326
43070.0000,4307,2925.5764,0.0000,997,998,1000,1,34.0806
43080.0000,4308,2925.5923,0.0000,999,997,1000,1,34.1226
43090.0000,4309,2925.6087,0.0000,999,999,1000,1,34.0911
43100.0000,4310,2925.6257,0.0000,999,1000,999,1,34.1770
43110.0000,4311,2925.6428,0.0000,999,1000,999,1,34.1245
43120.0000,4312,2925.6593,0.0000,999,999,1000,1,34.0518
43130.0000,4313,2925.6764,0.0000,1000,999,1000,1,34.1809
43140.0000,4314,2925.6933,0.0000,999,1000,999,1,34.1976
43150.0000,4315,2925.7103,0.0000,999,1000,999,1,34.2596
43160.0000,4316,2925.7267,0.0000,1000,1000,998,1,34.0928
43170.0000,4317,2925.7433,0.0000,1000,998,999,1,34.0168
43180.0000,4318,2925.7601,0.0000,1000,999,1000,1,34.0134
43190.0000,4319,2925.7769,0.0000,999,1000,999,1,33.9816
43200.0000,4320,2925.7937,0.0000,999,1000,1000,1,33.9986
43210.0000,4321,2925.8106,0.0000,1000,1000,1000,1,33.9957
43220.0000,4322,2925.8275,0.0000,1000,1000,999,1,33.9633
43230.0000,4323,2925.8445,0.0000,999,1000,1000,1,33.9799
43240.0000,4324,2925.8613,0.0000,1000,1000,999,1,33.9529
43250.0000,4325,2925.8783,0.0000,999,1000,999,1,33.9442
43260.0000,4326,2925.8952,0.0000,1000,1000,999,1,33.9171
43270.0000,4327,2925.9115,0.0000,1000,996,1000,1,33.7276
43280.0000,4328,2925.9277,0.0000,998,1000,998,1,33.6502
43290.0000,4329,2925.9444,0.0000,999,1000,999,1,33.5992
43300.0000,4330,2925.9611,0.0000,1000,1000,999,1,33.5482
43310.0000,4331,2925.9781,0.0000,1000,1000,1000,1,33.6345
43320.0000,4332,2925.9949,0.0000,999,1000,999,1,33.6522
43330.0000,4333,2926.0116,0.0000,1000,999,1000,1,33.6700
43340.0000,4334,2926.0284,0.0000,1000,999,1000,1,33.7376
43350.0000,4335,2926.0451,0.0000,1000,1000,1000,1,33.7321
43360.0000,4336,2926.0620,0.0000,999,1000,1000,1,33.7229
43370.0000,4337,2926.0787,0.0000,999,999,999,1,33.7671
43380.0000,4338,2926.0951,0.0000,999,1000,1000,1,33.7582
43390.0000,4339,2926.1118,0.0000,999,1000,1000,1,33.7073
43400.0000,4340,2926.1286,0.0000,999,1000,1000,1,33.7930
43410.0000,4341,2926.1453,0.0000,1000,1000,1000,1,33.8605
43420.0000,4342,2926.1619,0.0000,999,1000,999,1,33.7592
43430.0000,4343,2926.1780,0.0000,999,998,998,1,33.5716
43440.0000,4344,2926.1948,0.0000,999,1000,999,1,33.6574
43450.0000,4345,2926.2112,0.0000,1000,998,998,1,33.7014
43460.0000,4346,2926.2277,0.0000,999,1000,1000,1,33.6919
43470.0000,4347,2926.2440,0.0000,1000,1000,1000,1,33.6412
43480.0000,4348,2926.2604,0.0000,1000,999,1000,1,33.5233
43490.0000,4349,2926.2771,0.0000,1000,999,999,1,33.5682
43500.0000,4350,2926.2936,0.0000,1000,999,999,1,33.5191
43510.0000,4351,2926.3099,0.0000,998,999,999,1,33.3751
43520.0000,4352,2926.3263,0.0000,999,1000,999,1,33.3938
43530.0000,4353,2926.3427,0.0000,1000,1000,997,1,33.3712
43540.0000,4354,2926.3589,0.0000,1000,1000,1000,1,33.3461
43550.0000,4355,2926.3753,0.0000,999,999,1000,1,33.2463
43560.0000,4356,2926.3920,0.0000,1000,999,999,1,33.2245
43570.0000,4357,2926.4079,0.0000,999,1000,999,1,33.0820
43580.0000,4358,2926.4246,0.0000,999,1000,998,1,33.1958
43590.0000,4359,2926.4410,0.0000,1000,1000,1000,1,33.2153
43600.0000,4360,2926.4577,0.0000,1000,1000,1000,1,33.2587
43610.0000,4361,2926.4744,0.0000,1000,999,1000,1,33.2781
43620.0000,4362,2926.4906,0.0000,1000,999,999,1,33.0714
43630.0000,4363,2926.5071,0.0000,999,1000,1000,1,33.1320
43640.0000,4364,2926.5236,0.0000,1000,1000,1000,1,33.1517
43650.0000,4365,2926.5401,0.0000,998,1000,1000,1,33.0627
43660.0000,4366,2926.5563,0.0000,1000,999,1000,1,33.1065
43670.0000,4367,2926.5728,0.0000,1000,999,999,1,33.0348
43680.0000,4368,2926.5894,0.0000,1000,1000,1000,1,33.0969
43690.0000,4369,2926.6060,0.0000,1000,999,1000,1,33.1168
43700.0000,4370,2926.6222,0.0000,1000,996,999,1,32.9187
43710.0000,4371,2926.6384,0.0000,1000,1000,999,1,32.8724
43720.0000,4372,2926.6546,0.0000,1000,1000,997,1,32.9355
43730.0000,4373,2926.6711,0.0000,999,1000,1000,1,32.9303
43740.0000,4374,2926.6871,0.0000,998,998,1000,1,32.9101
43750.0000,4375,2926.7037,0.0000,1000,1000,1000,1,32.9976
43760.0000,4376,2926.7201,0.0000,1000,998,999,1,32.9753
43770.0000,4377,2926.7366,0.0000,999,999,1000,1,33.0790
43780.0000,4378,2926.7530,0.0000,1000,999,1000,1,33.1494
43790.0000,4379,2926.7695,0.0000,1000,1000,999,1,33.2123
43800.0000,4380,2926.7855,0.0000,999,1000,998,1,33.0978
43810.0000,4381,2926.8020,0.0000,1000,999,1000,1,33.2086
43820.0000,4382,2926.8180,0.0000,1000,1000,1000,1,33.1611
43830.0000,4383,2926.8346,0.0000,1000,1000,999,1,33.2236
43840.0000,4384,2926.8510,0.0000,1000,1000,1000,1,33.2672
43850.0000,4385,2926.8674,0.0000,1000,1000,1000,1,33.2628
43860.0000,4386,2926.8836,0.0000,999,1000,1000,1,33.1891
43870.0000,4387,2926.9001,0.0000,1000,1000,999,1,33.1680
43880.0000,4388,2926.9162,0.0000,999,999,996,1,33.0944
43890.0000,4389,2926.9315,0.0000,999,1000,996,1,33.0296
43900.0000,4390,2926.9478,0.0000,1000,1000,1000,1,33.0670
43910.0000,4391,2926.9638,0.0000,999,1000,998,1,33.0457
43920.0000,4392,2926.9801,0.0000,998,998,1000,1,33.0217
43930.0000,4393,2926.9961,0.0000,1000,997,999,1,32.9746
43940.0000,4394,2927.0122,0.0000,1000,1000,1000,1,33.0791
43950.0000,4395,2927.0285,0.0000,998,1000,999,1,33.0316
43960.0000,4396,2927.0448,0.0000,1000,1000,1000,1,33.0508
43970.0000,4397,2927.0612,0.0000,1000,1000,1000,1,33.1368
43980.0000,4398,2927.0773,0.0000,997,1000,1000,1,33.0710
43990.0000,4399,2927.0930,0.0000,1000,997,1000,1,33.0671
44000.0000,4400,2927.1093,0.0000,1000,1000,1000,1,33.1770
44010.0000,4401,2927.1254,0.0000,999,999,1000,1,33.1058
44020.0000,4402,2927.1418,0.0000,1000,999,1000,1,33.1493
44030.0000,4403,2927.1582,0.0000,1000,1000,1000,1,33.1867
44040.0000,4404,2927.1747,0.0000,1000,1000,1000,1,33.2976
44050.0000,4405,2927.1905,0.0000,998,998,998,1,33.2065
44060.0000,4406,2927.2059,0.0000,999,999,999,1,33.2921
44070.0000,4407,2927.2223,0.0000,1000,1000,1000,1,33.4205
44080.0000,4408,2927.2386,0.0000,1000,1000,1000,1,33.4392
44090.0000,4409,2927.2549,0.0000,999,1000,1000,1,33.4334
44100.0000,4410,2927.2712,0.0000,999,1000,1000,1,33.5000
44110.0000,4411,2927.2875,0.0000,1000,999,1000,1,33.4695
44120.0000,4412,2927.3037,0.0000,1000,999,999,1,33.5118
44130.0000,4413,2927.3197,0.0000,999,1000,999,1,33.4377
44140.0000,4414,2927.3358,0.0000,999,999,999,1,33.3462
44150.0000,4415,2927.3521,0.0000,999,1000,1000,1,33.4064
44160.0000,4416,2927.3682,0.0000,999,1000,999,1,33.4241
44170.0000,4417,2927.3844,0.0000,1000,999,1000,1,33.4671
44180.0000,4418,2927.4006,0.0000,999,999,999,1,33.4598
44190.0000,4419,2927.4167,0.0000,1000,1000,999,1,33.4361
44200.0000,4420,2927.4322,0.0000,1000,999,996,1,33.3875
44210.0000,4421,2927.4478,0.0000,999,999,999,1,33.4281
44220.0000,4422,2927.4637,0.0000,999,999,1000,1,33.4237
44230.0000,4423,2927.4797,0.0000,998,1000,999,1,33.4415
44240.0000,4424,2927.4954,0.0000,1000,999,999,1,33.3923
44250.0000,4425,2927.5116,0.0000,1000,1000,1000,1,33.3668
44260.0000,4426,2927.5277,0.0000,999,998,999,1,33.3621
44270.0000,4427,2927.5436,0.0000,1000,1000,999,1,33.3144
44280.0000,4428,2927.5598,0.0000,1000,1000,1000,1,33.3337
44290.0000,4429,2927.5760,0.0000,1000,1000,1000,1,33.3529
44300.0000,4430,2927.5917,0.0000,1000,1000,998,1,33.3476
44310.0000,4431,2927.6077,0.0000,1000,999,1000,1,33.3464
44320.0000,4432,2927.6237,0.0000,1000,997,999,1,33.2985
44330.0000,4433,2927.6393,0.0000,1000,997,999,1,33.2947
44340.0000,4434,2927.6552,0.0000,999,1000,1000,1,33.3353
44350.0000,4435,2927.6711,0.0000,1000,998,998,1,33.2206
44360.0000,4436,2927.6869,0.0000,1000,1000,999,1,33.2168
44370.0000,4437,2927.7029,0.0000,1000,1000,999,1,33.1691
44380.0000,4438,2927.7188,0.0000,1000,1000,1000,1,33.1214
44390.0000,4439,2927.7348,0.0000,1000,1000,1000,1,33.0744
44400.0000,4440,2927.7510,0.0000,1000,999,1000,1,33.1597
44410.0000,4441,2927.7670,0.0000,1000,999,1000,1,33.1130
44420.0000,4442,2927.7827,0.0000,999,998,999,1,33.0413
44430.0000,4443,2927.7985,0.0000,1000,1000,999,1,33.0198
44440.0000,4444,2927.8143,0.0000,1000,999,999,1,32.9734
44450.0000,4445,2927.8302,0.0000,999,999,1000,1,32.9026
44460.0000,4446,2927.8463,0.0000,999,1000,999,1,32.9885
44470.0000,4447,2927.8622,0.0000,1000,998,1000,1,32.9901
44480.0000,4448,2927.8781,0.0000,999,1000,1000,1,33.0286
44490.0000,4449,2927.8940,0.0000,999,1000,1000,1,33.0488
44500.0000,4450,2927.9101,0.0000,1000,1000,1000,1,33.1166
44510.0000,4451,2927.9261,0.0000,999,1000,1000,1,33.1548
44520.0000,4452,2927.9421,0.0000,1000,1000,1000,1,33.2656
44530.0000,4453,2927.9575,0.0000,1000,1000,998,1,33.0884
44540.0000,4454,2927.9730,0.0000,1000,1000,998,1,32.9780
44550.0000,4455,2927.9888,0.0000,1000,1000,1000,1,33.0642
44560.0000,4456,2928.0047,0.0000,1000,1000,999,1,33.0599
44570.0000,4457,2928.0205,0.0000,1000,1000,1000,1,33.0616
44580.0000,4458,2928.0362,0.0000,1000,1000,1000,1,32.9943
44590.0000,4459,2928.0521,0.0000,999,1000,999,1,32.9896
44600.0000,4460,2928.0679,0.0000,1000,999,999,1,32.9442
44610.0000,4461,2928.0838,0.0000,1000,999,999,1,32.9896
44620.0000,4462,2928.0995,0.0000,999,998,999,1,33.0098
44630.0000,4463,2928.1153,0.0000,1000,998,1000,1,33.0512
44640.0000,4464,2928.1309,0.0000,999,999,999,1,32.9847
44650.0000,4465,2928.1466,0.0000,1000,1000,1000,1,32.9611
44660.0000,4466,2928.1623,0.0000,1000,999,1000,1,32.9163
44670.0000,4467,2928.1779,0.0000,999,1000,1000,1,32.8908
44680.0000,4468,2928.1937,0.0000,997,999,1000,1,32.8925
44690.0000,4469,2928.2092,0.0000,1000,999,999,1,32.8478
44700.0000,4470,2928.2250,0.0000,1000,999,1000,1,32.8223
44710.0000,4471,2928.2409,0.0000,999,998,998,1,32.8031
44720.0000,4472,2928.2565,0.0000,1000,999,1000,1,32.8241
44730.0000,4473,2928.2724,0.0000,1000,1000,999,1,32.9101
44740.0000,4474,2928.2876,0.0000,998,999,1000,1,32.7556
44750.0000,4475,2928.3033,0.0000,999,1000,1000,1,32.7957
44760.0000,4476,2928.3190,0.0000,999,1000,1000,1,32.7506
44770.0000,4477,2928.3347,0.0000,1000,999,1000,1,32.7511
44780.0000,4478,2928.3505,0.0000,1000,1000,999,1,32.7501
44790.0000,4479,2928.3659,0.0000,1000,997,1000,1,32.7261
44800.0000,4480,2928.3811,0.0000,1000,998,999,1,32.7904
44810.0000,4481,2928.3966,0.0000,999,1000,1000,1,32.7846
44820.0000,4482,2928.4119,0.0000,999,997,998,1,32.6331
44830.0000,4483,2928.4273,0.0000,999,1000,999,1,32.6270
44840.0000,4484,2928.4425,0.0000,1000,1000,1000,1,32.6473
44850.0000,4485,2928.4583,0.0000,1000,1000,999,1,32.6671
44860.0000,4486,2928.4740,0.0000,999,1000,1000,1,32.7520
44870.0000,4487,2928.4898,0.0000,1000,999,1000,1,32.8171
44880.0000,4488,2928.5054,0.0000,1000,999,1000,1,32.7911
44890.0000,4489,2928.5211,0.0000,1000,1000,1000,1,32.7909
44900.0000,4490,2928.5369,0.0000,1000,999,999,1,32.8560
44910.0000,4491,2928.5524,0.0000,1000,1000,1000,1,32.8296
44920.0000,4492,2928.5682,0.0000,1000,1000,999,1,32.8945
44930.0000,4493,2928.5839,0.0000,1000,1000,1000,1,32.9528
44940.0000,4494,2928.5995,0.0000,1000,999,1000,1,32.9322
44950.0000,4495,2928.6152,0.0000,1000,1000,1000,1,33.0163
44960.0000,4496,2928.6309,0.0000,1000,1000,1000,1,33.0741
44970.0000,4497,2928.6465,0.0000,1000,1000,1000,1,33.1387
44980.0000,4498,2928.6621,0.0000,999,999,998,1,33.0910
44990.0000,4499,2928.6771,0.0000,999,1000,1000,1,33.0630
45000.0000,4500,2928.6927,0.0000,1000,1000,999,1,33.1064
45010.0000,4501,2928.7083,0.0000,1000,1000,1000,1,33.1898
45020.0000,4502,2928.7236,0.0000,1000,999,999,1,32.9450
45030.0000,4503,2928.7389,0.0000,1000,1000,1000,1,32.8518
45040.0000,4504,2928.7543,0.0000,1000,998,1000,1,32.8044
45050.0000,4505,2928.7697,0.0000,1000,999,1000,1,32.8879
45060.0000,4506,2928.7850,0.0000,1000,1000,1000,1,32.8408
45070.0000,4507,2928.8007,0.0000,1000,1000,1000,1,32.9246
45080.0000,4508,2928.8161,0.0000,1000,1000,1000,1,32.9622
45090.0000,4509,2928.8316,0.0000,1000,999,999,1,32.9415
45100.0000,4510,2928.8472,0.0000,1000,999,999,1,33.0251
45110.0000,4511,2928.8625,0.0000,999,1000,997,1,32.9514
45120.0000,4512,2928.8779,0.0000,999,999,1000,1,32.8842
45130.0000,4513,2928.8935,0.0000,1000,1000,1000,1,32.9877
45140.0000,4514,2928.9089,0.0000,1000,999,999,1,32.9205
45150.0000,4515,2928.9242,0.0000,1000,1000,1000,1,32.8937
45160.0000,4516,2928.9397,0.0000,1000,1000,1000,1,32.9577
45170.0000,4517,2928.9552,0.0000,1000,1000,1000,1,33.0220
45180.0000,4518,2928.9707,0.0000,1000,1000,1000,1,33.0599
45190.0000,4519,2928.9862,0.0000,1000,1000,1000,1,33.0134
45200.0000,4520,2929.0014,0.0000,1000,1000,999,1,32.9475
45210.0000,4521,2929.0170,0.0000,1000,999,1000,1,32.9215
45220.0000,4522,2929.0323,0.0000,999,1000,1000,1,32.8959
45230.0000,4523,2929.0477,0.0000,1000,1000,998,1,32.9401
45240.0000,4524,2929.0632,0.0000,1000,1000,1000,1,33.0435
45250.0000,4525,2929.0786,0.0000,999,1000,999,1,33.0621
45260.0000,4526,2929.0940,0.0000,1000,1000,1000,1,33.1661
45270.0000,4527,2929.1096,0.0000,1000,999,999,1,33.2746
45280.0000,4528,2929.1248,0.0000,1000,1000,999,1,33.2463
45290.0000,4529,2929.1401,0.0000,999,999,1000,1,33.2638
45300.0000,4530,2929.1555,0.0000,999,1000,1000,1,33.3023
45310.0000,4531,2929.1710,0.0000,999,1000,1000,1,33.3638
45320.0000,4532,2929.1864,0.0000,999,999,1000,1,33.3163
45330.0000,4533,2929.2018,0.0000,999,1000,1000,1,33.3549
45340.0000,4534,2929.2171,0.0000,999,999,999,1,33.3972
45350.0000,4535,2929.2325,0.0000,1000,1000,1000,1,33.4143
45360.0000,4536,2929.2480,0.0000,1000,1000,1000,1,33.4722
45370.0000,4537,2929.2634,0.0000,998,1000,1000,1,33.4887
45380.0000,4538,2929.2781,0.0000,998,999,1000,1,33.3545
45390.0000,4539,2929.2929,0.0000,1000,999,1000,1,33.3062
45400.0000,4540,2929.3082,0.0000,1000,1000,999,1,33.3030
45410.0000,4541,2929.3236,0.0000,1000,998,1000,1,33.3399
45420.0000,4542,2929.3388,0.0000,999,999,1000,1,33.3112
45430.0000,4543,2929.3542,0.0000,1000,1000,1000,1,33.3081
45440.0000,4544,2929.3691,0.0000,1000,1000,1000,1,33.3443
45450.0000,4545,2929.3844,0.0000,999,1000,999,1,33.3605
45460.0000,4546,2929.3998,0.0000,1000,1000,1000,1,33.3764
45470.0000,4547,2929.4151,0.0000,999,998,999,1,33.3079
45480.0000,4548,2929.4302,0.0000,1000,1000,1000,1,33.2601
45490.0000,4549,2929.4455,0.0000,1000,1000,1000,1,33.2330
45500.0000,4550,2929.4609,0.0000,1000,1000,1000,1,33.2510
45510.0000,4551,2929.4761,0.0000,1000,1000,1000,1,33.2491
45520.0000,4552,2929.4913,0.0000,1000,1000,999,1,33.2669
45530.0000,4553,2929.5062,0.0000,1000,999,996,1,33.1748
45540.0000,4554,2929.5213,0.0000,999,999,1000,1,33.1722
45550.0000,4555,2929.5363,0.0000,1000,999,1000,1,33.1251
45560.0000,4556,2929.5514,0.0000,1000,1000,1000,1,33.1233
45570.0000,4557,2929.5661,0.0000,999,997,1000,1,33.0115
45580.0000,4558,2929.5812,0.0000,1000,1000,1000,1,33.0038
45590.0000,4559,2929.5963,0.0000,1000,1000,997,1,32.9833
45600.0000,4560,2929.6113,0.0000,998,1000,1000,1,32.9744
45610.0000,4561,2929.6264,0.0000,1000,1000,999,1,32.9540
45620.0000,4562,2929.6414,0.0000,1000,998,1000,1,32.8593
45630.0000,4563,2929.6565,0.0000,999,1000,1000,1,32.8963
45640.0000,4564,2929.6718,0.0000,1000,1000,1000,1,32.9583
45650.0000,4565,2929.6869,0.0000,1000,1000,998,1,32.8919
45660.0000,4566,2929.7021,0.0000,1000,1000,1000,1,32.8810
45670.0000,4567,2929.7169,0.0000,996,1000,999,1,32.7670
45680.0000,4568,2929.7319,0.0000,999,1000,1000,1,32.7834
45690.0000,4569,2929.7472,0.0000,1000,1000,999,1,32.8269
45700.0000,4570,2929.7622,0.0000,1000,999,1000,1,32.8434
45710.0000,4571,2929.7773,0.0000,1000,1000,1000,1,32.8777
45720.0000,4572,2929.7923,0.0000,998,1000,998,1,32.8482
45730.0000,4573,2929.8073,0.0000,999,1000,1000,1,32.9293
45740.0000,4574,2929.8223,0.0000,1000,1000,1000,1,32.7946
45750.0000,4575,2929.8373,0.0000,1000,1000,1000,1,32.7653
45760.0000,4576,2929.8518,0.0000,999,998,1000,1,32.6304
45770.0000,4577,2929.8669,0.0000,999,999,999,1,32.6277
45780.0000,4578,2929.8818,0.0000,1000,999,999,1,32.6162
45790.0000,4579,2929.8969,0.0000,1000,1000,1000,1,32.6323
45800.0000,4580,2929.9120,0.0000,1000,1000,1000,1,32.6099
45810.0000,4581,2929.9270,0.0000,998,999,1000,1,32.5995
45820.0000,4582,2929.9419,0.0000,999,1000,998,1,32.5504
45830.0000,4583,2929.9563,0.0000,1000,1000,1000,1,32.4815
45840.0000,4584,2929.9712,0.0000,999,999,999,1,32.4792
45850.0000,4585,2929.9860,0.0000,999,1000,999,1,32.4693
45860.0000,4586,2930.0011,0.0000,999,999,999,1,32.5304
45870.0000,4587,2930.0160,0.0000,998,999,1000,1,32.5272
45880.0000,4588,2930.0308,0.0000,999,1000,999,1,32.4783
45890.0000,4589,2930.0458,0.0000,999,1000,1000,1,32.5334
45900.0000,4590,2930.0609,0.0000,1000,999,1000,1,32.5491
45910.0000,4591,2930.0759,0.0000,1000,1000,1000,1,32.5444
45920.0000,4592,2930.0911,0.0000,1000,1000,1000,1,32.6712
45930.0000,4593,2930.1060,0.0000,1000,999,1000,1,32.6596
45940.0000,4594,2930.1208,0.0000,999,999,1000,1,32.6545
45950.0000,4595,2930.1357,0.0000,1000,1000,1000,1,32.6236
45960.0000,4596,2930.1504,0.0000,996,999,1000,1,32.4434
45970.0000,4597,2930.1646,0.0000,995,1000,1000,1,32.4850
45980.0000,4598,2930.1789,0.0000,999,1000,1000,1,32.4094
45990.0000,4599,2930.1940,0.0000,1000,1000,1000,1,32.4898
46000.0000,4600,2930.2088,0.0000,1000,999,1000,1,32.5307
46010.0000,4601,2930.2237,0.0000,1000,1000,1000,1,32.5663
46020.0000,4602,2930.2388,0.0000,1000,1000,1000,1,32.7116
46030.0000,4603,2930.2539,0.0000,1000,1000,1000,1,32.8367
46040.0000,4604,2930.2689,0.0000,1000,1000,1000,1,32.8515
46050.0000,4605,2930.2837,0.0000,999,1000,1000,1,32.8407
46060.0000,4606,2930.2986,0.0000,999,1000,1000,1,32.8808
46070.0000,4607,2930.3135,0.0000,1000,999,1000,1,32.9811
46080.0000,4608,2930.3285,0.0000,999,1000,1000,1,33.0800
46090.0000,4609,2930.3432,0.0000,999,999,999,1,32.9896
46100.0000,4610,2930.3581,0.0000,1000,1000,1000,1,32.9587
46110.0000,4611,2930.3730,0.0000,999,1000,1000,1,32.9083
46120.0000,4612,2930.3878,0.0000,1000,1000,1000,1,32.9033
46130.0000,4613,2930.4026,0.0000,1000,1000,1000,1,32.9179
46140.0000,4614,2930.4172,0.0000,1000,999,1000,1,32.8678
46150.0000,4615,2930.4321,0.0000,1000,1000,1000,1,33.0125
46160.0000,4616,2930.4469,0.0000,1000,1000,1000,1,32.9819
46170.0000,4617,2930.4618,0.0000,999,999,998,1,32.9761
46180.0000,4618,2930.4764,0.0000,999,1000,1000,1,32.9901
46190.0000,4619,2930.4911,0.0000,1000,1000,998,1,33.0039
46200.0000,4620,2930.5058,0.0000,1000,999,1000,1,32.9727
46210.0000,4621,2930.5205,0.0000,1000,999,1000,1,32.9669
46220.0000,4622,2930.5353,0.0000,1000,999,999,1,32.9158
46230.0000,4623,2930.5500,0.0000,999,1000,1000,1,32.9056
46240.0000,4624,2930.5649,0.0000,1000,1000,1000,1,33.0289
46250.0000,4625,2930.5795,0.0000,998,1000,998,1,32.9331
46260.0000,4626,2930.5942,0.0000,1000,1000,1000,1,32.9471
46270.0000,4627,2930.6091,0.0000,1000,1000,1000,1,32.9610
46280.0000,4628,2930.6236,0.0000,999,999,999,1,32.7799
46290.0000,4629,2930.6375,0.0000,996,999,998,1,32.6222
46300.0000,4630,2930.6516,0.0000,998,999,1000,1,32.4616
46310.0000,4631,2930.6662,0.0000,998,999,999,1,32.5201
46320.0000,4632,2930.6805,0.0000,999,1000,998,1,32.5762
46330.0000,4633,2930.6951,0.0000,1000,1000,999,1,32.5255
46340.0000,4634,2930.7092,0.0000,1000,998,999,1,32.3686
46350.0000,4635,2930.7235,0.0000,1000,1000,999,1,32.2549
46360.0000,4636,2930.7383,0.0000,1000,1000,1000,1,32.2911
46370.0000,4637,2930.7529,0.0000,1000,999,999,1,32.2860
46380.0000,4638,2930.7676,0.0000,1000,1000,1000,1,32.3658
46390.0000,4639,2930.7821,0.0000,999,1000,1000,1,32.2937
46400.0000,4640,2930.7968,0.0000,1000,1000,1000,1,32.3317
46410.0000,4641,2930.8116,0.0000,1000,1000,1000,1,32.3245
46420.0000,4642,2930.8262,0.0000,1000,999,999,1,32.2978
46430.0000,4643,2930.8410,0.0000,999,1000,1000,1,32.4190
46440.0000,4644,2930.8556,0.0000,999,998,999,1,32.4124
46450.0000,4645,2930.8704,0.0000,1000,1000,999,1,32.4707
46460.0000,4646,2930.8846,0.0000,999,998,997,1,32.3339
46470.0000,4647,2930.8982,0.0000,999,997,997,1,32.2196
46480.0000,4648,2930.9123,0.0000,1000,1000,1000,1,32.2343
46490.0000,4649,2930.9266,0.0000,1000,1000,998,1,32.1633
46500.0000,4650,2930.9413,0.0000,1000,1000,999,1,32.2229
46510.0000,4651,2930.9559,0.0000,1000,998,1000,1,32.3019
46520.0000,4652,2930.9704,0.0000,1000,1000,1000,1,32.2927
46530.0000,4653,2930.9850,0.0000,999,1000,1000,1,32.3304
46540.0000,4654,2930.9997,0.0000,1000,999,999,1,32.4290
46550.0000,4655,2931.0143,0.0000,1000,1000,1000,1,32.4428
46560.0000,4656,2931.0287,0.0000,998,998,999,1,32.3476
46570.0000,4657,2931.0431,0.0000,1000,999,1000,1,32.3848
46580.0000,4658,2931.0575,0.0000,1000,999,998,1,32.3335
46590.0000,4659,2931.0717,0.0000,1000,999,999,1,32.3229
46600.0000,4660,2931.0859,0.0000,997,999,1000,1,32.2714
46610.0000,4661,2931.1004,0.0000,999,1000,1000,1,32.3494
46620.0000,4662,2931.1150,0.0000,1000,999,1000,1,32.3420
46630.0000,4663,2931.1294,0.0000,1000,999,1000,1,32.3354
46640.0000,4664,2931.1441,0.0000,1000,999,1000,1,32.3041
46650.0000,4665,2931.1586,0.0000,1000,1000,998,1,32.2971
46660.0000,4666,2931.1729,0.0000,1000,1000,998,1,32.3103
46670.0000,4667,2931.1875,0.0000,999,1000,1000,1,32.2992
46680.0000,4668,2931.2017,0.0000,1000,1000,1000,1,32.1828
46690.0000,4669,2931.2162,0.0000,999,999,1000,1,32.1315
46700.0000,4670,2931.2304,0.0000,1000,998,1000,1,32.1240
46710.0000,4671,2931.2448,0.0000,1000,1000,998,1,32.1182
46720.0000,4672,2931.2594,0.0000,1000,1000,1000,1,32.2154
46730.0000,4673,2931.2734,0.0000,1000,1000,997,1,32.1442
46740.0000,4674,2931.2874,0.0000,999,1000,998,1,32.1327
46750.0000,4675,2931.3018,0.0000,1000,1000,1000,1,32.1887
46760.0000,4676,2931.3164,0.0000,1000,1000,998,1,32.1823
46770.0000,4677,2931.3308,0.0000,1000,999,1000,1,32.1304
46780.0000,4678,2931.3452,0.0000,999,998,998,1,32.0787
46790.0000,4679,2931.3594,0.0000,1000,1000,1000,1,32.1327
46800.0000,4680,2931.3733,0.0000,997,1000,999,1,32.0406
46810.0000,4681,2931.3875,0.0000,1000,1000,999,1,32.1185
46820.0000,4682,2931.4020,0.0000,1000,999,1000,1,32.0678
46830.0000,4683,2931.4163,0.0000,1000,999,1000,1,32.1651
46840.0000,4684,2931.4301,0.0000,999,1000,999,1,32.0717
46850.0000,4685,2931.4444,0.0000,1000,1000,1000,1,32.0442
46860.0000,4686,2931.4588,0.0000,999,1000,999,1,31.9069
46870.0000,4687,2931.4729,0.0000,1000,999,1000,1,31.7711
46880.0000,4688,2931.4874,0.0000,1000,1000,999,1,31.7665
46890.0000,4689,2931.5018,0.0000,1000,1000,1000,1,31.8448
46900.0000,4690,2931.5161,0.0000,998,1000,999,1,31.7717
46910.0000,4691,2931.5305,0.0000,1000,1000,1000,1,31.8086
46920.0000,4692,2931.5448,0.0000,1000,1000,1000,1,31.7787
46930.0000,4693,2931.5592,0.0000,999,1000,1000,1,31.8137
46940.0000,4694,2931.5734,0.0000,998,999,999,1,31.7424
46950.0000,4695,2931.5877,0.0000,1000,1000,1000,1,31.8003
46960.0000,4696,2931.6020,0.0000,1000,998,1000,1,31.7065
46970.0000,4697,2931.6158,0.0000,1000,997,998,1,31.5730
46980.0000,4698,2931.6297,0.0000,1000,999,1000,1,31.6715
46990.0000,4699,2931.6440,0.0000,1000,1000,1000,1,31.7065
47000.0000,4700,2931.6582,0.0000,1000,1000,1000,1,31.6171
47010.0000,4701,2931.6725,0.0000,1000,1000,1000,1,31.6719
47020.0000,4702,2931.6867,0.0000,1000,1000,1000,1,31.7502
47030.0000,4703,2931.7010,0.0000,999,999,999,1,31.6799
47040.0000,4704,2931.7152,0.0000,1000,1000,1000,1,31.7391
47050.0000,4705,2931.7294,0.0000,999,1000,999,1,31.7539
47060.0000,4706,2931.7438,0.0000,999,1000,999,1,31.8084
47070.0000,4707,2931.7578,0.0000,998,999,1000,1,31.8022
47080.0000,4708,2931.7720,0.0000,1000,999,999,1,31.7105
47090.0000,4709,2931.7860,0.0000,1000,999,1000,1,31.6418
47100.0000,4710,2931.8004,0.0000,1000,1000,999,1,31.7651
47110.0000,4711,2931.8146,0.0000,1000,999,1000,1,31.7169
47120.0000,4712,2931.8286,0.0000,1000,999,1000,1,31.7321
47130.0000,4713,2931.8428,0.0000,999,1000,999,1,31.6837
47140.0000,4714,2931.8571,0.0000,1000,1000,1000,1,31.6750
47150.0000,4715,2931.8713,0.0000,1000,1000,999,1,31.7139
47160.0000,4716,2931.8855,0.0000,1000,1000,1000,1,31.7289
47170.0000,4717,2931.8998,0.0000,999,999,999,1,31.7204
47180.0000,4718,2931.9135,0.0000,1000,998,1000,1,31.6522
47190.0000,4719,2931.9274,0.0000,998,1000,1000,1,31.6048
47200.0000,4720,2931.9416,0.0000,1000,999,1000,1,31.6203
47210.0000,4721,2931.9556,0.0000,998,1000,1000,1,31.5910
47220.0000,4722,2931.9697,0.0000,1000,1000,1000,1,31.6309
47230.0000,4723,2931.9838,0.0000,1000,1000,998,1,31.6215
47240.0000,4724,2931.9982,0.0000,1000,1000,1000,1,31.7632
47250.0000,4725,2932.0124,0.0000,1000,1000,1000,1,31.7593
47260.0000,4726,2932.0266,0.0000,999,1000,1000,1,31.7926
47270.0000,4727,2932.0408,0.0000,1000,999,1000,1,31.7885
47280.0000,4728,2932.0548,0.0000,1000,998,999,1,31.6948
47290.0000,4729,2932.0687,0.0000,999,1000,1000,1,31.6909
47300.0000,4730,2932.0828,0.0000,999,1000,999,1,31.6607
47310.0000,4731,2932.0969,0.0000,999,1000,999,1,31.7387
47320.0000,4732,2932.1111,0.0000,1000,1000,1000,1,31.8166
47330.0000,4733,2932.1252,0.0000,999,999,1000,1,31.8310
47340.0000,4734,2932.1390,0.0000,999,999,997,1,31.7819
47350.0000,4735,2932.1527,0.0000,1000,999,999,1,31.7573
47360.0000,4736,2932.1666,0.0000,1000,1000,999,1,31.7470
47370.0000,4737,2932.1806,0.0000,998,999,999,1,31.5955
47380.0000,4738,2932.1939,0.0000,999,998,999,1,31.4197
47390.0000,4739,2932.2076,0.0000,1000,999,999,1,31.4343
47400.0000,4740,2932.2216,0.0000,998,998,998,1,31.2800
47410.0000,4741,2932.2352,0.0000,1000,1000,1000,1,31.2319
47420.0000,4742,2932.2492,0.0000,998,998,999,1,31.2035
47430.0000,4743,2932.2631,0.0000,998,998,1000,1,31.1993
47440.0000,4744,2932.2762,0.0000,1000,996,1000,1,31.1514
47450.0000,4745,2932.2902,0.0000,1000,1000,1000,1,31.1464
47460.0000,4746,2932.3037,0.0000,999,1000,999,1,30.9729
47470.0000,4747,2932.3178,0.0000,1000,999,1000,1,31.0721
47480.0000,4748,2932.3320,0.0000,1000,1000,1000,1,31.1695
47490.0000,4749,2932.3459,0.0000,1000,999,999,1,31.1453
47500.0000,4750,2932.3596,0.0000,998,1000,1000,1,31.0755
47510.0000,4751,2932.3736,0.0000,999,1000,1000,1,31.1541
47520.0000,4752,2932.3876,0.0000,1000,1000,998,1,31.1695
47530.0000,4753,2932.4015,0.0000,1000,1000,1000,1,31.1449
47540.0000,4754,2932.4154,0.0000,998,999,1000,1,31.0556
47550.0000,4755,2932.4292,0.0000,1000,999,1000,1,31.0273
47560.0000,4756,2932.4430,0.0000,999,1000,999,1,30.9801
47570.0000,4757,2932.4569,0.0000,1000,999,998,1,30.9770
47580.0000,4758,2932.4707,0.0000,1000,1000,1000,1,30.9926
47590.0000,4759,2932.4846,0.0000,1000,1000,1000,1,30.9643
47600.0000,4760,2932.4983,0.0000,999,1000,999,1,30.9176
47610.0000,4761,2932.5121,0.0000,1000,1000,999,1,30.9961
47620.0000,4762,2932.5261,0.0000,1000,999,999,1,31.0551
47630.0000,4763,2932.5400,0.0000,1000,1000,1000,1,30.9871
47640.0000,4764,2932.5539,0.0000,1000,999,999,1,31.0233
47650.0000,4765,2932.5674,0.0000,1000,1000,998,1,30.9551
47660.0000,4766,2932.5812,0.0000,999,999,1000,1,30.8852
47670.0000,4767,2932.5951,0.0000,1000,1000,1000,1,30.9238
47680.0000,4768,2932.6090,0.0000,1000,1000,999,1,30.8533
47690.0000,4769,2932.6227,0.0000,1000,1000,999,1,30.7667
47700.0000,4770,2932.6368,0.0000,1000,1000,1000,1,30.8654
47710.0000,4771,2932.6506,0.0000,1000,1000,1000,1,30.8600
47720.0000,4772,2932.6646,0.0000,1000,1000,1000,1,30.8964
47730.0000,4773,2932.6785,0.0000,1000,1000,1000,1,30.9115
47740.0000,4774,2932.6923,0.0000,999,999,1000,1,30.8202
47750.0000,4775,2932.7062,0.0000,1000,999,1000,1,30.8790
47760.0000,4776,2932.7198,0.0000,998,1000,999,1,30.7690
47770.0000,4777,2932.7335,0.0000,999,999,999,1,30.6594
47780.0000,4778,2932.7474,0.0000,999,999,998,1,30.6542
47790.0000,4779,2932.7606,0.0000,997,1000,1000,1,30.5855
47800.0000,4780,2932.7743,0.0000,1000,999,1000,1,30.6851
47810.0000,4781,2932.7882,0.0000,1000,1000,1000,1,30.7004
47820.0000,4782,2932.8019,0.0000,1000,1000,999,1,30.7157
47830.0000,4783,2932.8155,0.0000,999,998,999,1,30.6275
47840.0000,4784,2932.8293,0.0000,1000,999,999,1,30.5186
47850.0000,4785,2932.8431,0.0000,1000,1000,1000,1,30.5756
47860.0000,4786,2932.8570,0.0000,1000,1000,1000,1,30.6944
47870.0000,4787,2932.8708,0.0000,1000,1000,999,1,30.6691
47880.0000,4788,2932.8845,0.0000,1000,999,1000,1,30.6441
47890.0000,4789,2932.8984,0.0000,999,999,999,1,30.6792
47900.0000,4790,2932.9120,0.0000,999,1000,1000,1,30.6134
47910.0000,4791,2932.9258,0.0000,1000,999,999,1,30.6081
47920.0000,4792,2932.9396,0.0000,999,1000,1000,1,30.6652
47930.0000,4793,2932.9535,0.0000,999,999,999,1,30.6618
47940.0000,4794,2932.9671,0.0000,1000,999,1000,1,30.6164
47950.0000,4795,2932.9809,0.0000,1000,998,1000,1,30.6334
47960.0000,4796,2932.9947,0.0000,1000,1000,1000,1,30.7306
47970.0000,4797,2933.0085,0.0000,999,999,999,1,30.7467
47980.0000,4798,2933.0221,0.0000,1000,1000,999,1,30.7628
47990.0000,4799,2933.0358,0.0000,1000,999,998,1,30.7600
48000.0000,4800,2933.0493,0.0000,999,999,999,1,30.7756
48010.0000,4801,2933.0631,0.0000,999,999,1000,1,30.8532
48020.0000,4802,2933.0767,0.0000,998,999,999,1,30.7845
48030.0000,4803,2933.0902,0.0000,1000,999,1000,1,30.7591
48040.0000,4804,2933.1037,0.0000,1000,998,997,1,30.7122
48050.0000,4805,2933.1168,0.0000,999,1000,1000,1,30.7274
48060.0000,4806,2933.1306,0.0000,999,1000,999,1,30.7835
48070.0000,4807,2933.1444,0.0000,1000,1000,1000,1,30.8611
48080.0000,4808,2933.1581,0.0000,1000,999,1000,1,30.8358
48090.0000,4809,2933.1717,0.0000,1000,999,1000,1,30.8093
48100.0000,4810,2933.1855,0.0000,1000,1000,1000,1,30.8456
48110.0000,4811,2933.1991,0.0000,1000,999,998,1,30.7988
48120.0000,4812,2933.2127,0.0000,1000,999,1000,1,30.7738
48130.0000,4813,2933.2261,0.0000,998,1000,1000,1,30.8089
48140.0000,4814,2933.2397,0.0000,998,998,999,1,30.7824
48150.0000,4815,2933.2532,0.0000,1000,1000,1000,1,30.7978
48160.0000,4816,2933.2669,0.0000,999,1000,1000,1,30.8550
48170.0000,4817,2933.2806,0.0000,1000,999,1000,1,30.9128
48180.0000,4818,2933.2942,0.0000,1000,999,999,1,30.9058
48190.0000,4819,2933.3077,0.0000,1000,998,1000,1,30.9206
48200.0000,4820,2933.3212,0.0000,1000,1000,1000,1,30.8339
48210.0000,4821,2933.3349,0.0000,1000,1000,1000,1,30.8886
48220.0000,4822,2933.3483,0.0000,1000,1000,1000,1,30.8417
48230.0000,4823,2933.3618,0.0000,1000,1000,1000,1,30.7953
48240.0000,4824,2933.3753,0.0000,999,1000,998,1,30.7911
48250.0000,4825,2933.3885,0.0000,999,999,999,1,30.7658
48260.0000,4826,2933.4020,0.0000,1000,999,999,1,30.8436
48270.0000,4827,2933.4156,0.0000,1000,1000,999,1,30.9212
48280.0000,4828,2933.4292,0.0000,999,1000,999,1,30.9985
48290.0000,4829,2933.4427,0.0000,999,1000,999,1,30.9941
48300.0000,4830,2933.4560,0.0000,998,1000,1000,1,30.8868
48310.0000,4831,2933.4696,0.0000,1000,999,999,1,30.8621
48320.0000,4832,2933.4827,0.0000,998,999,999,1,30.7556
48330.0000,4833,2933.4959,0.0000,998,1000,999,1,30.7525
48340.0000,4834,2933.5092,0.0000,1000,1000,1000,1,30.7508
48350.0000,4835,2933.5227,0.0000,1000,999,1000,1,30.8061
48360.0000,4836,2933.5362,0.0000,1000,1000,1000,1,30.8224
48370.0000,4837,2933.5498,0.0000,1000,1000,1000,1,30.8799
48380.0000,4838,2933.5633,0.0000,998,999,999,1,30.8162
48390.0000,4839,2933.5768,0.0000,999,1000,1000,1,30.8509
48400.0000,4840,2933.5904,0.0000,999,1000,1000,1,30.9485
48410.0000,4841,2933.6039,0.0000,999,1000,999,1,31.0055
48420.0000,4842,2933.6174,0.0000,999,999,1000,1,31.0639
48430.0000,4843,2933.6308,0.0000,1000,1000,1000,1,31.0182
48440.0000,4844,2933.6441,0.0000,999,1000,1000,1,31.0522
48450.0000,4845,2933.6576,0.0000,1000,1000,1000,1,31.0063
48460.0000,4846,2933.6711,0.0000,998,999,1000,1,31.0831
48470.0000,4847,2933.6845,0.0000,999,998,1000,1,31.0188
48480.0000,4848,2933.6978,0.0000,1000,999,999,1,30.9727
48490.0000,4849,2933.7112,0.0000,1000,1000,1000,1,30.9655
48500.0000,4850,2933.7248,0.0000,1000,1000,1000,1,31.0216
48510.0000,4851,2933.7382,0.0000,1000,1000,1000,1,31.0578
48520.0000,4852,2933.7513,0.0000,1000,1000,1000,1,31.0112
48530.0000,4853,2933.7648,0.0000,1000,1000,999,1,31.0878
48540.0000,4854,2933.7783,0.0000,1000,1000,1000,1,31.1028
48550.0000,4855,2933.7915,0.0000,1000,1000,998,1,31.1174
48560.0000,4856,2933.8047,0.0000,999,1000,999,1,30.9887
48570.0000,4857,2933.8182,0.0000,999,1000,1000,1,31.0473
48580.0000,4858,2933.8314,0.0000,1000,1000,1000,1,31.0003
48590.0000,4859,2933.8441,0.0000,1000,999,999,1,30.7455
48600.0000,4860,2933.8575,0.0000,999,1000,1000,1,30.8220
48610.0000,4861,2933.8709,0.0000,999,1000,999,1,30.7754
48620.0000,4862,2933.8841,0.0000,998,1000,1000,1,30.6476
48630.0000,4863,2933.8975,0.0000,1000,1000,1000,1,30.6630
48640.0000,4864,2933.9108,0.0000,999,1000,999,1,30.6986
48650.0000,4865,2933.9239,0.0000,997,997,998,1,30.5535
48660.0000,4866,2933.9369,0.0000,1000,999,1000,1,30.4843
48670.0000,4867,2933.9501,0.0000,999,999,999,1,30.4623
48680.0000,4868,2933.9629,0.0000,998,999,999,1,30.3126
48690.0000,4869,2933.9760,0.0000,1000,1000,1000,1,30.2683
48700.0000,4870,2933.9893,0.0000,999,999,1000,1,30.2445
48710.0000,4871,2934.0026,0.0000,1000,1000,1000,1,30.3013
48720.0000,4872,2934.0159,0.0000,999,1000,1000,1,30.2566
48730.0000,4873,2934.0289,0.0000,999,999,999,1,30.1712
48740.0000,4874,2934.0420,0.0000,998,1000,1000,1,30.1676
48750.0000,4875,2934.0553,0.0000,1000,1000,998,1,30.2036
48760.0000,4876,2934.0685,0.0000,998,999,999,1,30.1998
48770.0000,4877,2934.0813,0.0000,1000,1000,1000,1,30.1748
48780.0000,4878,2934.0945,0.0000,999,1000,999,1,30.1302
48790.0000,4879,2934.1072,0.0000,1000,998,1000,1,30.0856
48800.0000,4880,2934.1203,0.0000,1000,999,1000,1,30.0651
48810.0000,4881,2934.1334,0.0000,998,999,1000,1,30.0811
48820.0000,4882,2934.1466,0.0000,1000,998,999,1,30.0731
48830.0000,4883,2934.1596,0.0000,1000,1000,999,1,30.1501
48840.0000,4884,2934.1729,0.0000,998,999,999,1,30.1456
48850.0000,4885,2934.1862,0.0000,999,1000,1000,1,30.1618
48860.0000,4886,2934.1994,0.0000,1000,999,999,1,30.1776
48870.0000,4887,2934.2126,0.0000,998,1000,999,1,30.1934
48880.0000,4888,2934.2258,0.0000,999,998,1000,1,30.1323
48890.0000,4889,2934.2389,0.0000,1000,1000,1000,1,30.0643
48900.0000,4890,2934.2522,0.0000,999,999,1000,1,30.1049
48910.0000,4891,2934.2655,0.0000,999,1000,1000,1,30.1215
48920.0000,4892,2934.2787,0.0000,1000,999,1000,1,30.0773
48930.0000,4893,2934.2919,0.0000,999,1000,1000,1,30.1099
48940.0000,4894,2934.3049,0.0000,999,1000,1000,1,30.0653
48950.0000,4895,2934.3180,0.0000,1000,999,1000,1,30.0650
48960.0000,4896,2934.3313,0.0000,1000,1000,1000,1,30.1581
48970.0000,4897,2934.3445,0.0000,997,999,1000,1,30.0971
48980.0000,4898,2934.3576,0.0000,1000,1000,1000,1,30.1906
48990.0000,4899,2934.3705,0.0000,999,1000,999,1,30.1467
49000.0000,4900,2934.3835,0.0000,1000,999,999,1,30.0869
49010.0000,4901,2934.3965,0.0000,1000,999,1000,1,29.9840
49020.0000,4902,2934.4097,0.0000,1000,1000,1000,1,30.0783
49030.0000,4903,2934.4228,0.0000,999,1000,999,1,30.0362
49040.0000,4904,2934.4362,0.0000,999,1000,1000,1,30.1740
49050.0000,4905,2934.4494,0.0000,1000,1000,1000,1,30.1748
49060.0000,4906,2934.4625,0.0000,999,999,999,1,30.1101
49070.0000,4907,2934.4757,0.0000,1000,1000,999,1,30.1874
49080.0000,4908,2934.4886,0.0000,1000,1000,999,1,30.1443
49090.0000,4909,2934.5016,0.0000,998,1000,1000,1,30.0200
49100.0000,4910,2934.5144,0.0000,999,999,998,1,29.9995
49110.0000,4911,2934.5276,0.0000,1000,1000,1000,1,30.0396
49120.0000,4912,2934.5406,0.0000,999,1000,1000,1,30.0575
49130.0000,4913,2934.5538,0.0000,999,1000,1000,1,30.0319
49140.0000,4914,2934.5665,0.0000,1000,998,996,1,29.9516
49150.0000,4915,2934.5787,0.0000,998,1000,997,1,29.7698
49160.0000,4916,2934.5916,0.0000,1000,999,999,1,29.7289
49170.0000,4917,2934.6044,0.0000,1000,998,998,1,29.6503
49180.0000,4918,2934.6173,0.0000,1000,1000,999,1,29.6101
49190.0000,4919,2934.6305,0.0000,1000,1000,999,1,29.6886
49200.0000,4920,2934.6435,0.0000,999,999,999,1,29.6482
49210.0000,4921,2934.6565,0.0000,1000,1000,999,1,29.6077
49220.0000,4922,2934.6696,0.0000,1000,1000,1000,1,29.6862
49230.0000,4923,2934.6823,0.0000,1000,999,1000,1,29.6064
49240.0000,4924,2934.6956,0.0000,1000,1000,1000,1,29.7438
49250.0000,4925,2934.7086,0.0000,1000,1000,1000,1,29.7187
49260.0000,4926,2934.7217,0.0000,999,999,998,1,29.7368
49270.0000,4927,2934.7345,0.0000,999,999,999,1,29.6949
49280.0000,4928,2934.7474,0.0000,1000,1000,999,1,29.6531
49290.0000,4929,2934.7604,0.0000,999,998,999,1,29.6536
49300.0000,4930,2934.7731,0.0000,1000,1000,1000,1,29.6709
49310.0000,4931,2934.7862,0.0000,1000,999,999,1,29.6284
49320.0000,4932,2934.7991,0.0000,1000,1000,1000,1,29.6257
49330.0000,4933,2934.8121,0.0000,999,999,998,1,29.5838
49340.0000,4934,2934.8250,0.0000,1000,1000,1000,1,29.6215
49350.0000,4935,2934.8380,0.0000,1000,1000,999,1,29.5967
49360.0000,4936,2934.8510,0.0000,999,1000,999,1,29.6567
49370.0000,4937,2934.8639,0.0000,1000,1000,999,1,29.6544
49380.0000,4938,2934.8768,0.0000,1000,1000,1000,1,29.6324
49390.0000,4939,2934.8894,0.0000,999,999,999,1,29.5907
49400.0000,4940,2934.9022,0.0000,1000,999,997,1,29.5895
49410.0000,4941,2934.9151,0.0000,999,1000,999,1,29.6446
49420.0000,4942,2934.9279,0.0000,999,1000,998,1,29.6027
49430.0000,4943,2934.9407,0.0000,1000,999,999,1,29.6417
49440.0000,4944,2934.9535,0.0000,998,999,1000,1,29.6790
49450.0000,4945,2934.9663,0.0000,1000,999,1000,1,29.6367
49460.0000,4946,2934.9787,0.0000,999,999,998,1,29.5534
49470.0000,4947,2934.9916,0.0000,1000,999,1000,1,29.6125
49480.0000,4948,2935.0046,0.0000,1000,1000,1000,1,29.6106
49490.0000,4949,2935.0175,0.0000,1000,1000,1000,1,29.5895
49500.0000,4950,2935.0303,0.0000,1000,1000,999,1,29.5075
49510.0000,4951,2935.0432,0.0000,1000,999,1000,1,29.5074
49520.0000,4952,2935.0555,0.0000,999,1000,998,1,29.4259
49530.0000,4953,2935.0685,0.0000,999,1000,1000,1,29.5627
49540.0000,4954,2935.0815,0.0000,1000,1000,1000,1,29.5621
49550.0000,4955,2935.0944,0.0000,1000,1000,1000,1,29.6199
49560.0000,4956,2935.1073,0.0000,1000,1000,1000,1,29.6969
49570.0000,4957,2935.1202,0.0000,1000,1000,1000,1,29.6750
49580.0000,4958,2935.1331,0.0000,1000,1000,1000,1,29.6521
49590.0000,4959,2935.1459,0.0000,1000,999,999,1,29.7103
49600.0000,4960,2935.1585,0.0000,1000,999,1000,1,29.6688
49610.0000,4961,2935.1706,0.0000,1000,995,997,1,29.4499
49620.0000,4962,2935.1829,0.0000,1000,999,1000,1,29.5269
49630.0000,4963,2935.1957,0.0000,999,1000,1000,1,29.5252
49640.0000,4964,2935.2084,0.0000,999,1000,1000,1,29.4624
49650.0000,4965,2935.2213,0.0000,999,1000,1000,1,29.4803
49660.0000,4966,2935.2342,0.0000,1000,1000,1000,1,29.5983
49670.0000,4967,2935.2469,0.0000,1000,1000,1000,1,29.5375
49680.0000,4968,2935.2599,0.0000,1000,1000,999,1,29.6737
49690.0000,4969,2935.2724,0.0000,999,999,1000,1,29.5928
49700.0000,4970,2935.2853,0.0000,1000,1000,1000,1,29.6108
49710.0000,4971,2935.2979,0.0000,999,998,1000,1,29.6285
49720.0000,4972,2935.3105,0.0000,1000,1000,1000,1,29.5869
49730.0000,4973,2935.3234,0.0000,1000,999,1000,1,29.6638
49740.0000,4974,2935.3362,0.0000,1000,1000,1000,1,29.7575
49750.0000,4975,2935.3487,0.0000,999,1000,1000,1,29.7572
49760.0000,4976,2935.3614,0.0000,999,1000,1000,1,29.7149
49770.0000,4977,2935.3739,0.0000,999,999,1000,1,29.6530
49780.0000,4978,2935.3860,0.0000,999,999,1000,1,29.6702
49790.0000,4979,2935.3987,0.0000,999,999,999,1,29.7078
49800.0000,4980,2935.4112,0.0000,1000,1000,1000,1,29.7637
49810.0000,4981,2935.4239,0.0000,999,998,999,1,29.7804
49820.0000,4982,2935.4364,0.0000,999,1000,1000,1,29.7155
49830.0000,4983,2935.4490,0.0000,1000,999,1000,1,29.6355
49840.0000,4984,2935.4618,0.0000,998,999,999,1,29.6298
49850.0000,4985,2935.4742,0.0000,998,1000,999,1,29.6465
49860.0000,4986,2935.4869,0.0000,999,1000,1000,1,29.6040
49870.0000,4987,2935.4996,0.0000,1000,999,999,1,29.6047
49880.0000,4988,2935.5121,0.0000,999,999,999,1,29.4600
49890.0000,4989,2935.5247,0.0000,998,1000,999,1,29.4773
49900.0000,4990,2935.5372,0.0000,999,999,999,1,29.4944
49910.0000,4991,2935.5499,0.0000,1000,1000,1000,1,29.5926
49920.0000,4992,2935.5626,0.0000,1000,999,1000,1,29.5711
49930.0000,4993,2935.5753,0.0000,998,1000,1000,1,29.6043
49940.0000,4994,2935.5880,0.0000,1000,1000,1000,1,29.5829
49950.0000,4995,2935.6005,0.0000,999,1000,1000,1,29.5782
49960.0000,4996,2935.6133,0.0000,1000,999,1000,1,29.6370
49970.0000,4997,2935.6259,0.0000,1000,1000,1000,1,29.6109
49980.0000,4998,2935.6386,0.0000,1000,1000,1000,1,29.6488
49990.0000,4999,2935.6512,0.0000,1000,1000,998,1,29.6061
50000.0000,5000,2935.6639,0.0000,999,1000,1000,1,29.6017
50010.0000,5001,2935.6766,0.0000,999,1000,1000,1,29.6185
50020.0000,5002,2935.6891,0.0000,1000,1000,999,1,29.5978
50030.0000,5003,2935.7016,0.0000,1000,1000,1000,1,29.5934
50040.0000,5004,2935.7143,0.0000,1000,1000,999,1,29.6316
50050.0000,5005,2935.7267,0.0000,1000,1000,1000,1,29.6093
50060.0000,5006,2935.7393,0.0000,1000,1000,1000,1,29.5670
50070.0000,5007,2935.7515,0.0000,1000,1000,1000,1,29.5425
50080.0000,5008,2935.7641,0.0000,1000,1000,1000,1,29.6183
50090.0000,5009,2935.7768,0.0000,999,999,1000,1,29.5760
50100.0000,5010,2935.7895,0.0000,1000,999,999,1,29.6136
50110.0000,5011,2935.8021,0.0000,1000,1000,1000,1,29.6680
50120.0000,5012,2935.8146,0.0000,1000,1000,1000,1,29.6846
50130.0000,5013,2935.8273,0.0000,1000,1000,999,1,29.7223
50140.0000,5014,2935.8398,0.0000,999,999,999,1,29.7176
50150.0000,5015,2935.8517,0.0000,999,998,997,1,29.5383
50160.0000,5016,2935.8641,0.0000,999,1000,999,1,29.5148
50170.0000,5017,2935.8766,0.0000,1000,999,1000,1,29.5714
50180.0000,5018,2935.8891,0.0000,1000,1000,1000,1,29.5880
50190.0000,5019,2935.9016,0.0000,1000,1000,1000,1,29.5854
50200.0000,5020,2935.9143,0.0000,999,1000,1000,1,29.6406
50210.0000,5021,2935.9269,0.0000,1000,999,1000,1,29.6970
50220.0000,5022,2935.9394,0.0000,999,999,999,1,29.6740
50230.0000,5023,2935.9520,0.0000,1000,999,999,1,29.6714
50240.0000,5024,2935.9645,0.0000,1000,999,1000,1,29.7072
50250.0000,5025,2935.9772,0.0000,999,1000,1000,1,29.8414
50260.0000,5026,2935.9896,0.0000,999,999,1000,1,29.7983
50270.0000,5027,2936.0020,0.0000,998,1000,998,1,29.7554
50280.0000,5028,2936.0143,0.0000,1000,999,1000,1,29.7720
50290.0000,5029,2936.0269,0.0000,1000,999,1000,1,29.8279
50300.0000,5030,2936.0394,0.0000,1000,1000,1000,1,29.8249
50310.0000,5031,2936.0520,0.0000,1000,999,1000,1,29.8802
50320.0000,5032,2936.0645,0.0000,1000,1000,1000,1,29.8573
50330.0000,5033,2936.0771,0.0000,1000,1000,999,1,29.9322
50340.0000,5034,2936.0896,0.0000,999,1000,1000,1,29.9678
50350.0000,5035,2936.1020,0.0000,999,999,999,1,29.8652
50360.0000,5036,2936.1145,0.0000,999,1000,1000,1,30.0179
50370.0000,5037,2936.1268,0.0000,999,1000,1000,1,30.0135
50380.0000,5038,2936.1386,0.0000,998,1000,998,1,29.9291
50390.0000,5039,2936.1510,0.0000,999,1000,1000,1,29.9438
50400.0000,5040,2936.1635,0.0000,1000,1000,1000,1,30.0573
50410.0000,5041,2936.1760,0.0000,999,1000,1000,1,30.0313
50420.0000,5042,2936.1883,0.0000,1000,1000,1000,1,30.0062
50430.0000,5043,2936.2008,0.0000,999,1000,1000,1,29.9609
50440.0000,5044,2936.2133,0.0000,1000,1000,999,1,30.0343
50450.0000,5045,2936.2258,0.0000,1000,1000,1000,1,30.1476
50460.0000,5046,2936.2383,0.0000,999,1000,999,1,30.1014
50470.0000,5047,2936.2506,0.0000,998,1000,999,1,30.0550
50480.0000,5048,2936.2630,0.0000,1000,1000,1000,1,30.1072
50490.0000,5049,2936.2755,0.0000,1000,1000,1000,1,30.1608
50500.0000,5050,2936.2879,0.0000,1000,1000,999,1,30.0951
50510.0000,5051,2936.3002,0.0000,1000,999,998,1,30.1281
50520.0000,5052,2936.3122,0.0000,999,998,999,1,30.0820
50530.0000,5053,2936.3241,0.0000,999,1000,1000,1,30.0751
50540.0000,5054,2936.3365,0.0000,998,999,1000,1,30.0687
50550.0000,5055,2936.3486,0.0000,998,1000,1000,1,30.0423
50560.0000,5056,2936.3606,0.0000,999,1000,1000,1,29.9370
50570.0000,5057,2936.3730,0.0000,1000,999,1000,1,29.9903
50580.0000,5058,2936.3854,0.0000,1000,1000,1000,1,29.9445
50590.0000,5059,2936.3977,0.0000,999,1000,1000,1,29.9578
50600.0000,5060,2936.4101,0.0000,1000,1000,999,1,29.8922
50610.0000,5061,2936.4224,0.0000,1000,999,999,1,29.9058
50620.0000,5062,2936.4348,0.0000,1000,1000,1000,1,29.9581
50630.0000,5063,2936.4471,0.0000,1000,999,1000,1,30.0120
50640.0000,5064,2936.4595,0.0000,999,1000,999,1,29.9461
50650.0000,5065,2936.4719,0.0000,999,1000,1000,1,29.9987
50660.0000,5066,2936.4840,0.0000,999,1000,1000,1,30.0120
50670.0000,5067,2936.4964,0.0000,1000,1000,1000,1,30.0653
50680.0000,5068,2936.5087,0.0000,1000,1000,999,1,30.0575
50690.0000,5069,2936.5211,0.0000,1000,1000,1000,1,30.0704
50700.0000,5070,2936.5334,0.0000,1000,1000,1000,1,30.0634
50710.0000,5071,2936.5456,0.0000,1000,1000,999,1,30.0365
50720.0000,5072,2936.5580,0.0000,999,998,999,1,29.9895
50730.0000,5073,2936.5703,0.0000,998,999,999,1,30.0415
50740.0000,5074,2936.5825,0.0000,1000,1000,1000,1,30.1136
50750.0000,5075,2936.5947,0.0000,1000,999,1000,1,30.1667
50760.0000,5076,2936.6069,0.0000,1000,1000,999,1,30.1587
50770.0000,5077,2936.6193,0.0000,1000,1000,1000,1,30.2102
50780.0000,5078,2936.6317,0.0000,1000,1000,1000,1,30.2427
50790.0000,5079,2936.6437,0.0000,1000,1000,998,1,30.1557
50800.0000,5080,2936.6560,0.0000,1000,1000,1000,1,30.2464
50810.0000,5081,2936.6682,0.0000,1000,999,1000,1,30.1790
50820.0000,5082,2936.6804,0.0000,1000,999,999,1,30.0904
50830.0000,5083,2936.6927,0.0000,1000,999,1000,1,30.2023
50840.0000,5084,2936.7047,0.0000,999,1000,999,1,30.1346
50850.0000,5085,2936.7167,0.0000,998,1000,999,1,30.0656
50860.0000,5086,2936.7290,0.0000,999,999,1000,1,30.0985
50870.0000,5087,2936.7412,0.0000,1000,1000,999,1,30.1488
50880.0000,5088,2936.7534,0.0000,998,1000,999,1,30.1213
50890.0000,5089,2936.7654,0.0000,1000,1000,1000,1,30.0336
50900.0000,5090,2936.7778,0.0000,1000,1000,1000,1,30.0642
50910.0000,5091,2936.7898,0.0000,1000,998,1000,1,30.0375
50920.0000,5092,2936.8020,0.0000,1000,999,999,1,30.0101
50930.0000,5093,2936.8140,0.0000,1000,998,997,1,30.0019
50940.0000,5094,2936.8259,0.0000,1000,1000,1000,1,29.9542
50950.0000,5095,2936.8380,0.0000,1000,1000,1000,1,29.9071
50960.0000,5096,2936.8502,0.0000,999,998,1000,1,29.9391
50970.0000,5097,2936.8625,0.0000,1000,999,999,1,29.9908
50980.0000,5098,2936.8747,0.0000,999,1000,1000,1,29.9813
50990.0000,5099,2936.8868,0.0000,1000,1000,1000,1,30.0147
51000.0000,5100,2936.8991,0.0000,1000,1000,1000,1,30.0648
51010.0000,5101,2936.9113,0.0000,999,999,1000,1,30.1181
51020.0000,5102,2936.9234,0.0000,1000,1000,999,1,30.1100
51030.0000,5103,2936.9356,0.0000,999,999,1000,1,30.0826
51040.0000,5104,2936.9477,0.0000,998,999,1000,1,30.0355
51050.0000,5105,2936.9597,0.0000,1000,999,1000,1,29.9885
51060.0000,5106,2936.9718,0.0000,1000,1000,1000,1,29.9002
51070.0000,5107,2936.9836,0.0000,1000,1000,1000,1,29.8361
51080.0000,5108,2936.9959,0.0000,999,999,999,1,29.9467
51090.0000,5109,2937.0079,0.0000,999,998,999,1,29.9792
51100.0000,5110,2937.0199,0.0000,1000,1000,1000,1,29.9916
51110.0000,5111,2937.0317,0.0000,999,1000,999,1,29.9446
51120.0000,5112,2937.0437,0.0000,999,1000,1000,1,29.9367
51130.0000,5113,2937.0559,0.0000,999,999,1000,1,29.9104
51140.0000,5114,2937.0679,0.0000,998,999,1000,1,29.8050
51150.0000,5115,2937.0798,0.0000,1000,1000,999,1,29.8566
51160.0000,5116,2937.0918,0.0000,1000,1000,1000,1,29.8106
51170.0000,5117,2937.1037,0.0000,999,1000,999,1,29.7428
51180.0000,5118,2937.1158,0.0000,1000,1000,1000,1,29.7776
51190.0000,5119,2937.1280,0.0000,1000,1000,1000,1,29.8496
51200.0000,5120,2937.1400,0.0000,999,1000,1000,1,29.8410
51210.0000,5121,2937.1517,0.0000,998,1000,999,1,29.7364
51220.0000,5122,2937.1637,0.0000,999,997,999,1,29.6733
51230.0000,5123,2937.1753,0.0000,998,999,1000,1,29.6451
51240.0000,5124,2937.1872,0.0000,999,1000,1000,1,29.6582
51250.0000,5125,2937.1990,0.0000,1000,1000,999,1,29.5959
51260.0000,5126,2937.2109,0.0000,999,1000,1000,1,29.6263
51270.0000,5127,2937.2229,0.0000,1000,999,1000,1,29.6225
51280.0000,5128,2937.2349,0.0000,1000,998,999,1,29.6363
51290.0000,5129,2937.2465,0.0000,998,998,999,1,29.4749
51300.0000,5130,2937.2583,0.0000,1000,999,1000,1,29.4306
51310.0000,5131,2937.2701,0.0000,999,1000,1000,1,29.4620
51320.0000,5132,2937.2822,0.0000,1000,1000,1000,1,29.4972
51330.0000,5133,2937.2940,0.0000,999,998,999,1,29.3942
51340.0000,5134,2937.3058,0.0000,1000,1000,999,1,29.3497
51350.0000,5135,2937.3179,0.0000,999,1000,1000,1,29.4587
51360.0000,5136,2937.3300,0.0000,1000,1000,1000,1,29.5718
51370.0000,5137,2937.3418,0.0000,998,998,997,1,29.5441
51380.0000,5138,2937.3535,0.0000,1000,1000,1000,1,29.5986
51390.0000,5139,2937.3654,0.0000,1000,1000,1000,1,29.6295
51400.0000,5140,2937.3773,0.0000,1000,1000,1000,1,29.6649
51410.0000,5141,2937.3893,0.0000,999,1000,999,1,29.5981
51420.0000,5142,2937.4014,0.0000,1000,1000,999,1,29.6923
51430.0000,5143,2937.4133,0.0000,1000,998,1000,1,29.6665
51440.0000,5144,2937.4253,0.0000,1000,1000,1000,1,29.7196
51450.0000,5145,2937.4372,0.0000,999,1000,998,1,29.6748
51460.0000,5146,2937.4489,0.0000,1000,1000,1000,1,29.6493
51470.0000,5147,2937.4609,0.0000,1000,999,999,1,29.7024
51480.0000,5148,2937.4727,0.0000,999,999,998,1,29.5994
51490.0000,5149,2937.4845,0.0000,999,1000,999,1,29.5913
51500.0000,5150,2937.4961,0.0000,1000,1000,997,1,29.5470
51510.0000,5151,2937.5078,0.0000,1000,999,999,1,29.4667
51520.0000,5152,2937.5192,0.0000,1000,1000,1000,1,29.4592
51530.0000,5153,2937.5310,0.0000,999,1000,999,1,29.4160
51540.0000,5154,2937.5428,0.0000,999,1000,1000,1,29.4308
51550.0000,5155,2937.5547,0.0000,1000,1000,999,1,29.5031
51560.0000,5156,2937.5665,0.0000,1000,1000,1000,1,29.4810
51570.0000,5157,2937.5783,0.0000,999,996,999,1,29.3971
51580.0000,5158,2937.5896,0.0000,1000,1000,1000,1,29.4115
51590.0000,5159,2937.6014,0.0000,999,998,999,1,29.3493
51600.0000,5160,2937.6131,0.0000,1000,1000,1000,1,29.3411
51610.0000,5161,2937.6250,0.0000,998,999,1000,1,29.2794
51620.0000,5162,2937.6364,0.0000,999,999,999,1,29.1773
51630.0000,5163,2937.6483,0.0000,999,999,1000,1,29.1738
51640.0000,5164,2937.6598,0.0000,999,999,999,1,29.0903
51650.0000,5165,2937.6716,0.0000,1000,999,1000,1,29.1623
51660.0000,5166,2937.6828,0.0000,998,1000,1000,1,29.0600
51670.0000,5167,2937.6945,0.0000,1000,1000,999,1,29.0557
51680.0000,5168,2937.7064,0.0000,1000,1000,1000,1,29.0475
51690.0000,5169,2937.7183,0.0000,1000,1000,999,1,29.0832
51700.0000,5170,2937.7298,0.0000,999,999,1000,1,29.0565
51710.0000,5171,2937.7413,0.0000,999,998,1000,1,28.9138
51720.0000,5172,2937.7525,0.0000,998,996,999,1,28.8916
51730.0000,5173,2937.7635,0.0000,998,997,998,1,28.8246
51740.0000,5174,2937.7745,0.0000,998,998,997,1,28.6873
51750.0000,5175,2937.7859,0.0000,1000,1000,1000,1,28.7592
51760.0000,5176,2937.7976,0.0000,1000,1000,999,1,28.7158
51770.0000,5177,2937.8094,0.0000,1000,1000,999,1,28.7298
51780.0000,5178,2937.8211,0.0000,1000,999,1000,1,28.7041
51790.0000,5179,2937.8330,0.0000,1000,999,1000,1,28.7758
51800.0000,5180,2937.8449,0.0000,1000,1000,999,1,28.7894
51810.0000,5181,2937.8566,0.0000,1000,1000,998,1,28.8430
51820.0000,5182,2937.8683,0.0000,1000,1000,999,1,28.8344
51830.0000,5183,2937.8801,0.0000,1000,1000,1000,1,28.9456
51840.0000,5184,2937.8920,0.0000,999,999,999,1,29.0351
51850.0000,5185,2937.9038,0.0000,1000,1000,1000,1,29.0297
51860.0000,5186,2937.9157,0.0000,999,1000,1000,1,29.1192
51870.0000,5187,2937.9273,0.0000,1000,999,1000,1,29.1317
51880.0000,5188,2937.9390,0.0000,1000,999,1000,1,29.1258
51890.0000,5189,2937.9507,0.0000,998,1000,999,1,29.1212
51900.0000,5190,2937.9626,0.0000,1000,999,1000,1,29.2674
51910.0000,5191,2937.9741,0.0000,999,999,998,1,29.2212
51920.0000,5192,2937.9850,0.0000,1000,998,996,1,29.0999
51930.0000,5193,2937.9966,0.0000,999,1000,999,1,29.0899
51940.0000,5194,2938.0083,0.0000,998,1000,1000,1,29.1024
51950.0000,5195,2938.0200,0.0000,1000,1000,999,1,29.1371
51960.0000,5196,2938.0317,0.0000,999,1000,999,1,29.0692
51970.0000,5197,2938.0435,0.0000,1000,1000,1000,1,29.1205
51980.0000,5198,2938.0552,0.0000,999,1000,998,1,29.0746
51990.0000,5199,2938.0670,0.0000,1000,1000,1000,1,29.1647
52000.0000,5200,2938.0787,0.0000,1000,998,1000,1,29.2156
52010.0000,5201,2938.0904,0.0000,1000,1000,1000,1,29.3634
52020.0000,5202,2938.1022,0.0000,999,1000,999,1,29.3979
52030.0000,5203,2938.1139,0.0000,998,1000,999,1,29.3866
52040.0000,5204,2938.1255,0.0000,1000,999,1000,1,29.4371
52050.0000,5205,2938.1372,0.0000,1000,999,1000,1,29.4091
52060.0000,5206,2938.1487,0.0000,1000,999,1000,1,29.5177
52070.0000,5207,2938.1603,0.0000,998,1000,998,1,29.4539
52080.0000,5208,2938.1709,0.0000,998,1000,997,1,29.2901
52090.0000,5209,2938.1823,0.0000,1000,1000,1000,1,29.3600
52100.0000,5210,2938.1940,0.0000,1000,1000,1000,1,29.3879
52110.0000,5211,2938.2055,0.0000,1000,1000,1000,1,29.3027
52120.0000,5212,2938.2169,0.0000,999,1000,1000,1,29.3142
52130.0000,5213,2938.2286,0.0000,1000,1000,1000,1,29.3257
52140.0000,5214,2938.2402,0.0000,999,999,1000,1,29.3173
52150.0000,5215,2938.2519,0.0000,1000,1000,1000,1,29.3483
52160.0000,5216,2938.2636,0.0000,1000,1000,999,1,29.3824
52170.0000,5217,2938.2750,0.0000,999,1000,999,1,29.3122
52180.0000,5218,2938.2864,0.0000,998,999,998,1,29.2459
52190.0000,5219,2938.2978,0.0000,999,997,998,1,29.1407
52200.0000,5220,2938.3087,0.0000,998,1000,997,1,29.0931
52210.0000,5221,2938.3201,0.0000,999,1000,1000,1,29.1236
52220.0000,5222,2938.3317,0.0000,1000,1000,998,1,29.1147
52230.0000,5223,2938.3431,0.0000,1000,1000,1000,1,29.1252
52240.0000,5224,2938.3548,0.0000,1000,1000,1000,1,29.1559
52250.0000,5225,2938.3664,0.0000,999,1000,1000,1,29.0880
52260.0000,5226,2938.3778,0.0000,1000,1000,999,1,29.0826
52270.0000,5227,2938.3891,0.0000,1000,999,1000,1,29.0507
52280.0000,5228,2938.4006,0.0000,1000,1000,999,1,29.0456
52290.0000,5229,2938.4122,0.0000,999,1000,1000,1,29.0925
52300.0000,5230,2938.4238,0.0000,999,1000,999,1,29.1616
52310.0000,5231,2938.4355,0.0000,1000,999,999,1,29.1720
52320.0000,5232,2938.4472,0.0000,1000,1000,1000,1,29.2786
52330.0000,5233,2938.4586,0.0000,1000,999,1000,1,29.2304
52340.0000,5234,2938.4702,0.0000,1000,1000,1000,1,29.2612
52350.0000,5235,2938.4817,0.0000,999,999,1000,1,29.3088
52360.0000,5236,2938.4931,0.0000,1000,999,1000,1,29.2443
52370.0000,5237,2938.5044,0.0000,1000,1000,1000,1,29.2118
52380.0000,5238,2938.5159,0.0000,1000,1000,1000,1,29.2217
52390.0000,5239,2938.5274,0.0000,1000,1000,999,1,29.1352
52400.0000,5240,2938.5388,0.0000,1000,1000,1000,1,29.1086
52410.0000,5241,2938.5502,0.0000,999,1000,998,1,29.0764
52420.0000,5242,2938.5610,0.0000,1000,999,1000,1,29.0122
52430.0000,5243,2938.5724,0.0000,999,1000,999,1,29.0010
52440.0000,5244,2938.5840,0.0000,1000,1000,1000,1,29.0696
52450.0000,5245,2938.5955,0.0000,1000,1000,1000,1,29.0596
52460.0000,5246,2938.6071,0.0000,1000,1000,1000,1,29.0699
52470.0000,5247,2938.6185,0.0000,1000,1000,1000,1,29.0637
52480.0000,5248,2938.6301,0.0000,1000,1000,1000,1,29.1105
52490.0000,5249,2938.6410,0.0000,1000,1000,998,1,29.0622
52500.0000,5250,2938.6524,0.0000,1000,1000,999,1,29.0944
52510.0000,5251,2938.6637,0.0000,1000,1000,1000,1,28.9881
52520.0000,5252,2938.6749,0.0000,1000,998,999,1,28.9400
52530.0000,5253,2938.6861,0.0000,1000,999,999,1,28.9663
52540.0000,5254,2938.6975,0.0000,1000,999,1000,1,28.9185
52550.0000,5255,2938.7089,0.0000,1000,1000,1000,1,28.9289
52560.0000,5256,2938.7201,0.0000,999,1000,1000,1,28.8229
52570.0000,5257,2938.7315,0.0000,999,999,999,1,28.7586
52580.0000,5258,2938.7429,0.0000,1000,1000,999,1,28.7109
52590.0000,5259,2938.7543,0.0000,999,999,999,1,28.7579
52600.0000,5260,2938.7657,0.0000,1000,998,1000,1,28.7489
52610.0000,5261,2938.7769,0.0000,999,999,999,1,28.6638
52620.0000,5262,2938.7883,0.0000,999,1000,998,1,28.7130
52630.0000,5263,2938.7994,0.0000,1000,1000,999,1,28.7814
52640.0000,5264,2938.8106,0.0000,998,999,999,1,28.6389
52650.0000,5265,2938.8217,0.0000,999,999,1000,1,28.6137
52660.0000,5266,2938.8331,0.0000,1000,1000,1000,1,28.6034
52670.0000,5267,2938.8442,0.0000,1000,1000,999,1,28.5200
52680.0000,5268,2938.8555,0.0000,1000,998,999,1,28.4734
52690.0000,5269,2938.8669,0.0000,999,999,1000,1,28.4844
52700.0000,5270,2938.8783,0.0000,1000,999,999,1,28.4955
52710.0000,5271,2938.8895,0.0000,1000,999,999,1,28.4492
52720.0000,5272,2938.9007,0.0000,999,999,1000,1,28.3818
52730.0000,5273,2938.9122,0.0000,999,999,999,1,28.4508
52740.0000,5274,2938.9235,0.0000,1000,1000,1000,1,28.4259
52750.0000,5275,2938.9349,0.0000,999,1000,999,1,28.4165
52760.0000,5276,2938.9461,0.0000,998,1000,1000,1,28.3705
52770.0000,5277,2938.9575,0.0000,999,1000,999,1,28.3824
52780.0000,5278,2938.9689,0.0000,1000,1000,1000,1,28.4153
52790.0000,5279,2938.9800,0.0000,999,999,1000,1,28.2721
52800.0000,5280,2938.9914,0.0000,1000,999,999,1,28.2106
52810.0000,5281,2939.0023,0.0000,999,999,998,1,28.1089
52820.0000,5282,2939.0135,0.0000,1000,1000,1000,1,28.0810
52830.0000,5283,2939.0250,0.0000,1000,1000,999,1,28.1348
52840.0000,5284,2939.0362,0.0000,1000,1000,1000,1,28.0905
52850.0000,5285,2939.0474,0.0000,999,1000,1000,1,28.0825
52860.0000,5286,2939.0583,0.0000,998,1000,999,1,27.9448
52870.0000,5287,2939.0695,0.0000,1000,1000,999,1,27.9577
52880.0000,5288,2939.0805,0.0000,999,1000,999,1,27.8930
52890.0000,5289,2939.0917,0.0000,1000,1000,1000,1,27.8698
52900.0000,5290,2939.1028,0.0000,998,1000,999,1,27.8620
52910.0000,5291,2939.1139,0.0000,1000,999,998,1,27.8747
52920.0000,5292,2939.1243,0.0000,998,995,1000,1,27.7531
52930.0000,5293,2939.1353,0.0000,1000,1000,1000,1,27.7664
52940.0000,5294,2939.1463,0.0000,1000,1000,997,1,27.7074
52950.0000,5295,2939.1572,0.0000,1000,999,996,1,27.5512
52960.0000,5296,2939.1680,0.0000,1000,998,999,1,27.4672
52970.0000,5297,2939.1787,0.0000,999,999,997,1,27.3542
52980.0000,5298,2939.1899,0.0000,999,1000,1000,1,27.4045
52990.0000,5299,2939.2010,0.0000,997,998,1000,1,27.3625
53000.0000,5300,2939.2123,0.0000,1000,999,1000,1,27.3978
53010.0000,5301,2939.2235,0.0000,1000,999,1000,1,27.3705
53020.0000,5302,2939.2346,0.0000,1000,1000,1000,1,27.3498
53030.0000,5303,2939.2460,0.0000,1000,999,999,1,27.3997
53040.0000,5304,2939.2573,0.0000,999,1000,1000,1,27.4351
53050.0000,5305,2939.2685,0.0000,999,1000,999,1,27.3930
53060.0000,5306,2939.2795,0.0000,998,999,997,1,27.3154
53070.0000,5307,2939.2905,0.0000,1000,999,999,1,27.3300
53080.0000,5308,2939.3015,0.0000,999,1000,1000,1,27.3031
53090.0000,5309,2939.3128,0.0000,1000,1000,999,1,27.3593
53100.0000,5310,2939.3240,0.0000,1000,999,999,1,27.3887
53110.0000,5311,2939.3343,0.0000,997,997,998,1,27.2207
53120.0000,5312,2939.3448,0.0000,998,999,1000,1,27.2154
53130.0000,5313,2939.3558,0.0000,999,1000,1000,1,27.2863
53140.0000,5314,2939.3670,0.0000,999,1000,1000,1,27.2447
53150.0000,5315,2939.3781,0.0000,1000,1000,999,1,27.2239
53160.0000,5316,2939.3894,0.0000,999,1000,1000,1,27.2739
53170.0000,5317,2939.4005,0.0000,999,1000,1000,1,27.2327
53180.0000,5318,2939.4118,0.0000,1000,1000,1000,1,27.3397
53190.0000,5319,2939.4231,0.0000,998,1000,1000,1,27.3744
53200.0000,5320,2939.4334,0.0000,997,997,997,1,27.1653
53210.0000,5321,2939.4438,0.0000,999,998,998,1,27.0495
53220.0000,5322,2939.4544,0.0000,1000,1000,997,1,27.0299
53230.0000,5323,2939.4645,0.0000,1000,997,994,1,26.9903
53240.0000,5324,2939.4744,0.0000,999,996,995,1,26.8614
53250.0000,5325,2939.4849,0.0000,1000,999,999,1,26.8908
53260.0000,5326,2939.4961,0.0000,1000,1000,1000,1,26.9285
53270.0000,5327,2939.5072,0.0000,1000,999,999,1,26.9668
53280.0000,5328,2939.5182,0.0000,998,998,999,1,26.9065
53290.0000,5329,2939.5292,0.0000,1000,1000,1000,1,26.9575
53300.0000,5330,2939.5404,0.0000,999,999,1000,1,26.9741
53310.0000,5331,2939.5517,0.0000,1000,1000,1000,1,27.0672
53320.0000,5332,2939.5628,0.0000,999,1000,998,1,27.0285
53330.0000,5333,2939.5739,0.0000,1000,1000,1000,1,27.0673
53340.0000,5334,2939.5850,0.0000,1000,1000,1000,1,27.0960
53350.0000,5335,2939.5963,0.0000,999,1000,1000,1,27.2440
53360.0000,5336,2939.6074,0.0000,1000,999,1000,1,27.2821
53370.0000,5337,2939.6184,0.0000,999,1000,1000,1,27.2000
53380.0000,5338,2939.6296,0.0000,1000,1000,999,1,27.2588
53390.0000,5339,2939.6406,0.0000,999,999,1000,1,27.2322
53400.0000,5340,2939.6517,0.0000,1000,998,1000,1,27.2484
53410.0000,5341,2939.6628,0.0000,998,999,998,1,27.2520
53420.0000,5342,2939.6739,0.0000,1000,1000,1000,1,27.3568
53430.0000,5343,2939.6846,0.0000,999,998,1000,1,27.2419
53440.0000,5344,2939.6955,0.0000,1000,999,998,1,27.1687
53450.0000,5345,2939.7063,0.0000,1000,1000,1000,1,27.0973
53460.0000,5346,2939.7170,0.0000,998,999,998,1,26.9831
53470.0000,5347,2939.7280,0.0000,999,1000,1000,1,27.0343
53480.0000,5348,2939.7387,0.0000,998,999,1000,1,26.9965
53490.0000,5349,2939.7496,0.0000,999,1000,998,1,27.0347
53500.0000,5350,2939.7605,0.0000,999,999,999,1,27.0173
53510.0000,5351,2939.7714,0.0000,1000,999,1000,1,27.0469
53520.0000,5352,2939.7824,0.0000,1000,1000,1000,1,27.0509
53530.0000,5353,2939.7936,0.0000,1000,1000,1000,1,27.1354
53540.0000,5354,2939.8046,0.0000,1000,999,999,1,27.1941
53550.0000,5355,2939.8156,0.0000,1000,999,999,1,27.2104
53560.0000,5356,2939.8266,0.0000,999,999,999,1,27.2054
53570.0000,5357,2939.8376,0.0000,1000,1000,1000,1,27.2216
53580.0000,5358,2939.8484,0.0000,999,1000,999,1,27.2036
53590.0000,5359,2939.8593,0.0000,999,1000,999,1,27.2199
53600.0000,5360,2939.8703,0.0000,1000,999,1000,1,27.2488
53610.0000,5361,2939.8813,0.0000,1000,999,999,1,27.1976
53620.0000,5362,2939.8922,0.0000,1000,999,1000,1,27.1931
53630.0000,5363,2939.9031,0.0000,999,999,1000,1,27.1884
53640.0000,5364,2939.9141,0.0000,1000,999,1000,1,27.2050
53650.0000,5365,2939.9251,0.0000,1000,1000,998,1,27.1331
53660.0000,5366,2939.9361,0.0000,1000,1000,999,1,27.1708
53670.0000,5367,2939.9470,0.0000,999,1000,1000,1,27.1665
53680.0000,5368,2939.9580,0.0000,1000,1000,999,1,27.1833
53690.0000,5369,2939.9690,0.0000,1000,1000,999,1,27.1666
53700.0000,5370,2939.9799,0.0000,1000,1000,1000,1,27.1837
53710.0000,5371,2939.9909,0.0000,999,1000,1000,1,27.2347
53720.0000,5372,2940.0018,0.0000,998,999,998,1,27.1970
53730.0000,5373,2940.0128,0.0000,1000,1000,1000,1,27.2475
53740.0000,5374,2940.0239,0.0000,1000,1000,1000,1,27.3402
53750.0000,5375,2940.0348,0.0000,1000,999,1000,1,27.3359
53760.0000,5376,2940.0455,0.0000,999,1000,999,1,27.3738
53770.0000,5377,2940.0564,0.0000,1000,1000,1000,1,27.3902
53780.0000,5378,2940.0674,0.0000,998,997,1000,1,27.3851
53790.0000,5379,2940.0783,0.0000,1000,1000,1000,1,27.3469
53800.0000,5380,2940.0892,0.0000,1000,1000,1000,1,27.4396
53810.0000,5381,2940.1002,0.0000,1000,999,999,1,27.4769
53820.0000,5382,2940.1113,0.0000,1000,1000,1000,1,27.6149
53830.0000,5383,2940.1222,0.0000,1000,999,1000,1,27.5758
53840.0000,5384,2940.1331,0.0000,999,998,998,1,27.5366
53850.0000,5385,2940.1434,0.0000,1000,1000,998,1,27.5406
53860.0000,5386,2940.1542,0.0000,998,999,1000,1,27.4035
53870.0000,5387,2940.1648,0.0000,999,1000,999,1,27.3866
53880.0000,5388,2940.1757,0.0000,1000,999,999,1,27.4358
53890.0000,5389,2940.1866,0.0000,1000,1000,999,1,27.3854
53900.0000,5390,2940.1975,0.0000,1000,1000,999,1,27.4562
53910.0000,5391,2940.2083,0.0000,999,1000,999,1,27.3077
53920.0000,5392,2940.2193,0.0000,999,999,1000,1,27.3031
53930.0000,5393,2940.2299,0.0000,998,999,1000,1,27.2649
53940.0000,5394,2940.2409,0.0000,1000,1000,999,1,27.3569
53950.0000,5395,2940.2517,0.0000,999,1000,1000,1,27.3527
53960.0000,5396,2940.2625,0.0000,998,1000,1000,1,27.4019
53970.0000,5397,2940.2734,0.0000,1000,1000,1000,1,27.4064
53980.0000,5398,2940.2840,0.0000,999,999,1000,1,27.3481
53990.0000,5399,2940.2949,0.0000,1000,1000,1000,1,27.3646
54000.0000,5400,2940.3056,0.0000,999,998,1000,1,27.3590
54010.0000,5401,2940.3164,0.0000,1000,999,999,1,27.4177
54020.0000,5402,2940.3270,0.0000,999,999,998,1,27.3587
54030.0000,5403,2940.3377,0.0000,1000,999,998,1,27.2862
54040.0000,5404,2940.3482,0.0000,1000,999,998,1,27.2603
54050.0000,5405,2940.3591,0.0000,1000,1000,1000,1,27.2996
54060.0000,5406,2940.3700,0.0000,999,1000,999,1,27.3363
54070.0000,5407,2940.3807,0.0000,1000,1000,1000,1,27.3529
54080.0000,5408,2940.3914,0.0000,998,1000,999,1,27.2944
54090.0000,5409,2940.4017,0.0000,1000,1000,1000,1,27.2883
54100.0000,5410,2940.4125,0.0000,1000,999,1000,1,27.2927
54110.0000,5411,2940.4233,0.0000,1000,999,999,1,27.3089
54120.0000,5412,2940.4341,0.0000,1000,1000,1000,1,27.2826
54130.0000,5413,2940.4450,0.0000,1000,1000,1000,1,27.3958
54140.0000,5414,2940.4559,0.0000,1000,1000,1000,1,27.4783
54150.0000,5415,2940.4666,0.0000,1000,998,1000,1,27.4614
54160.0000,5416,2940.4774,0.0000,1000,999,1000,1,27.5096
54170.0000,5417,2940.4881,0.0000,999,1000,999,1,27.5677
54180.0000,5418,2940.4988,0.0000,1000,1000,1000,1,27.6499
54190.0000,5419,2940.5097,0.0000,1000,999,999,1,27.7072
54200.0000,5420,2940.5204,0.0000,999,999,1000,1,27.6794
54210.0000,5421,2940.5311,0.0000,999,1000,999,1,27.6072
54220.0000,5422,2940.5416,0.0000,1000,999,999,1,27.6419
54230.0000,5423,2940.5523,0.0000,999,998,999,1,27.5591
54240.0000,5424,2940.5630,0.0000,1000,1000,1000,1,27.5965
54250.0000,5425,2940.5739,0.0000,1000,1000,999,1,27.6313
54260.0000,5426,2940.5845,0.0000,999,1000,1000,1,27.6808
54270.0000,5427,2940.5953,0.0000,1000,999,1000,1,27.7155
54280.0000,5428,2940.6061,0.0000,1000,1000,1000,1,27.6870
54290.0000,5429,2940.6170,0.0000,999,1000,1000,1,27.7785
54300.0000,5430,2940.6277,0.0000,998,1000,1000,1,27.7921
54310.0000,5431,2940.6383,0.0000,1000,1000,999,1,27.7710
54320.0000,5432,2940.6489,0.0000,999,1000,999,1,27.7095
54330.0000,5433,2940.6593,0.0000,998,999,1000,1,27.7232
54340.0000,5434,2940.6698,0.0000,999,1000,999,1,27.6820
54350.0000,5435,2940.6805,0.0000,1000,1000,1000,1,27.7833
54360.0000,5436,2940.6913,0.0000,1000,1000,1000,1,27.8203
54370.0000,5437,2940.7018,0.0000,1000,1000,998,1,27.7792
54380.0000,5438,2940.7125,0.0000,1000,1000,1000,1,27.8256
54390.0000,5439,2940.7233,0.0000,1000,999,998,1,27.8278
54400.0000,5440,2940.7339,0.0000,999,999,1000,1,27.8218
54410.0000,5441,2940.7445,0.0000,1000,1000,999,1,27.8013
54420.0000,5442,2940.7551,0.0000,1000,1000,1000,1,27.8273
54430.0000,5443,2940.7658,0.0000,1000,999,1000,1,27.8646
54440.0000,5444,2940.7763,0.0000,1000,999,1000,1,27.8556
54450.0000,5445,2940.7870,0.0000,1000,1000,1000,1,27.8695
54460.0000,5446,2940.7978,0.0000,1000,1000,1000,1,27.9932
54470.0000,5447,2940.8085,0.0000,1000,999,1000,1,27.9521
54480.0000,5448,2940.8192,0.0000,1000,999,1000,1,27.9657
54490.0000,5449,2940.8299,0.0000,999,1000,999,1,27.9678
54500.0000,5450,2940.8404,0.0000,1000,1000,1000,1,27.9264
54510.0000,5451,2940.8509,0.0000,999,1000,1000,1,27.8645
54520.0000,5452,2940.8616,0.0000,1000,1000,1000,1,27.8780
54530.0000,5453,2940.8723,0.0000,1000,1000,1000,1,27.9236
54540.0000,5454,2940.8828,0.0000,998,1000,1000,1,27.9044
54550.0000,5455,2940.8933,0.0000,1000,1000,1000,1,27.9377
54560.0000,5456,2940.9040,0.0000,1000,1000,1000,1,28.0609
54570.0000,5457,2940.9147,0.0000,1000,1000,999,1,28.0188
54580.0000,5458,2940.9251,0.0000,999,999,999,1,27.9023
54590.0000,5459,2940.9355,0.0000,999,997,998,1,27.8248
54600.0000,5460,2940.9458,0.0000,998,998,1000,1,27.8185
54610.0000,5461,2940.9561,0.0000,1000,999,998,1,27.8088
54620.0000,5462,2940.9662,0.0000,999,998,999,1,27.7346
54630.0000,5463,2940.9768,0.0000,999,1000,999,1,27.6926
54640.0000,5464,2940.9872,0.0000,1000,998,1000,1,27.6708
54650.0000,5465,2940.9978,0.0000,1000,999,1000,1,27.6412
54660.0000,5466,2941.0084,0.0000,999,998,998,1,27.6424
54670.0000,5467,2941.0189,0.0000,1000,999,999,1,27.6673
54680.0000,5468,2941.0295,0.0000,1000,1000,1000,1,27.6134
54690.0000,5469,2941.0401,0.0000,1000,999,1000,1,27.6813
54700.0000,5470,2941.0507,0.0000,1000,1000,999,1,27.6942
54710.0000,5471,2941.0612,0.0000,1000,999,1000,1,27.7190
54720.0000,5472,2941.0716,0.0000,1000,999,999,1,27.6437
54730.0000,5473,2941.0821,0.0000,1000,999,1000,1,27.6893
54740.0000,5474,2941.0921,0.0000,997,1000,998,1,27.6344
54750.0000,5475,2941.1023,0.0000,999,999,999,1,27.6266
54760.0000,5476,2941.1129,0.0000,999,1000,999,1,27.6939
54770.0000,5477,2941.1234,0.0000,1000,999,999,1,27.7609
54780.0000,5478,2941.1340,0.0000,999,999,1000,1,27.8050
54790.0000,5479,2941.1446,0.0000,999,999,999,1,27.7836
54800.0000,5480,2941.1551,0.0000,999,999,999,1,27.7949
54810.0000,5481,2941.1654,0.0000,1000,997,1000,1,27.7284
54820.0000,5482,2941.1759,0.0000,1000,998,1000,1,27.5750
54830.0000,5483,2941.1864,0.0000,999,1000,999,1,27.6645
54840.0000,5484,2941.1967,0.0000,1000,1000,999,1,27.6544
54850.0000,5485,2941.2070,0.0000,1000,999,999,1,27.5572
54860.0000,5486,2941.2174,0.0000,1000,999,1000,1,27.6131
54870.0000,5487,2941.2278,0.0000,1000,999,1000,1,27.5836
54880.0000,5488,2941.2382,0.0000,998,999,997,1,27.5302
54890.0000,5489,2941.2485,0.0000,1000,998,1000,1,27.5012
54900.0000,5490,2941.2589,0.0000,1000,1000,1000,1,27.5695
54910.0000,5491,2941.2695,0.0000,1000,998,998,1,27.5708
54920.0000,5492,2941.2798,0.0000,999,999,1000,1,27.5967
54930.0000,5493,2941.2899,0.0000,998,1000,996,1,27.4880
54940.0000,5494,2941.2998,0.0000,998,999,999,1,27.4273
54950.0000,5495,2941.3098,0.0000,998,1000,998,1,27.3866
54960.0000,5496,2941.3203,0.0000,1000,1000,1000,1,27.4004
54970.0000,5497,2941.3307,0.0000,1000,1000,998,1,27.3795
54980.0000,5498,2941.3412,0.0000,1000,1000,1000,1,27.3935
54990.0000,5499,2941.3517,0.0000,999,1000,999,1,27.4078
55000.0000,5500,2941.3622,0.0000,1000,1000,1000,1,27.4574
55010.0000,5501,2941.3728,0.0000,1000,1000,1000,1,27.5453
55020.0000,5502,2941.3831,0.0000,999,999,1000,1,27.5179
55030.0000,5503,2941.3933,0.0000,1000,999,1000,1,27.4782
55040.0000,5504,2941.4038,0.0000,1000,1000,1000,1,27.5155
55050.0000,5505,2941.4143,0.0000,1000,1000,999,1,27.5492
55060.0000,5506,2941.4248,0.0000,998,999,1000,1,27.5442
55070.0000,5507,2941.4352,0.0000,999,999,1000,1,27.5361
55080.0000,5508,2941.4454,0.0000,1000,999,1000,1,27.5502
55090.0000,5509,2941.4558,0.0000,999,999,1000,1,27.5645
55100.0000,5510,2941.4662,0.0000,998,1000,999,1,27.5463
55110.0000,5511,2941.4763,0.0000,1000,1000,1000,1,27.5383
55120.0000,5512,2941.4867,0.0000,1000,1000,998,1,27.5938
55130.0000,5513,2941.4968,0.0000,1000,1000,999,1,27.5341
55140.0000,5514,2941.5073,0.0000,1000,999,1000,1,27.5804
55150.0000,5515,2941.5176,0.0000,1000,1000,998,1,27.5944
55160.0000,5516,2941.5278,0.0000,1000,1000,999,1,27.5961
55170.0000,5517,2941.5380,0.0000,1000,999,999,1,27.5140
55180.0000,5518,2941.5484,0.0000,1000,999,1000,1,27.5820
55190.0000,5519,2941.5585,0.0000,1000,1000,999,1,27.5294
55200.0000,5520,2941.5690,0.0000,1000,1000,999,1,27.5553
55210.0000,5521,2941.5793,0.0000,999,999,999,1,27.5024
55220.0000,5522,2941.5895,0.0000,1000,1000,999,1,27.5159
55230.0000,5523,2941.5998,0.0000,1000,1000,1000,1,27.4756
55240.0000,5524,2941.6101,0.0000,1000,998,999,1,27.4894
55250.0000,5525,2941.6203,0.0000,999,1000,999,1,27.4617
55260.0000,5526,2941.6308,0.0000,1000,1000,1000,1,27.5168
55270.0000,5527,2941.6413,0.0000,1000,1000,1000,1,27.6386
55280.0000,5528,2941.6515,0.0000,1000,1000,1000,1,27.6516
55290.0000,5529,2941.6619,0.0000,998,1000,1000,1,27.6449
55300.0000,5530,2941.6722,0.0000,1000,1000,998,1,27.6583
55310.0000,5531,2941.6826,0.0000,1000,999,999,1,27.6507
55320.0000,5532,2941.6927,0.0000,998,999,1000,1,27.5436
55330.0000,5533,2941.7029,0.0000,999,1000,1000,1,27.5381
55340.0000,5534,2941.7133,0.0000,1000,999,1000,1,27.5848
55350.0000,5535,2941.7237,0.0000,999,1000,1000,1,27.6202
55360.0000,5536,2941.7339,0.0000,1000,1000,1000,1,27.6340
55370.0000,5537,2941.7440,0.0000,997,999,998,1,27.5055
55380.0000,5538,2941.7540,0.0000,999,1000,1000,1,27.5003
55390.0000,5539,2941.7644,0.0000,1000,1000,1000,1,27.5331
55400.0000,5540,2941.7748,0.0000,1000,999,1000,1,27.6143
55410.0000,5541,2941.7852,0.0000,1000,1000,1000,1,27.7031
55420.0000,5542,2941.7956,0.0000,1000,1000,1000,1,27.6814
55430.0000,5543,2941.8059,0.0000,1000,1000,1000,1,27.6541
55440.0000,5544,2941.8157,0.0000,1000,997,997,1,27.5458
55450.0000,5545,2941.8258,0.0000,999,1000,1000,1,27.5056
55460.0000,5546,2941.8357,0.0000,1000,997,999,1,27.4119
55470.0000,5547,2941.8458,0.0000,997,998,998,1,27.2790
55480.0000,5548,2941.8559,0.0000,999,999,1000,1,27.2936
55490.0000,5549,2941.8662,0.0000,1000,1000,1000,1,27.3476
55500.0000,5550,2941.8764,0.0000,999,999,999,1,27.3082
55510.0000,5551,2941.8865,0.0000,1000,1000,999,1,27.3223
55520.0000,5552,2941.8967,0.0000,999,999,1000,1,27.2966
55530.0000,5553,2941.9069,0.0000,1000,999,1000,1,27.3507
55540.0000,5554,2941.9173,0.0000,1000,1000,1000,1,27.4525
55550.0000,5555,2941.9276,0.0000,1000,1000,1000,1,27.5397
55560.0000,5556,2941.9380,0.0000,999,1000,999,1,27.5870
55570.0000,5557,2941.9481,0.0000,1000,999,1000,1,27.5658
55580.0000,5558,2941.9584,0.0000,1000,1000,1000,1,27.5385
55590.0000,5559,2941.9684,0.0000,999,999,999,1,27.3898
55600.0000,5560,2941.9778,0.0000,999,1000,995,1,27.2624
55610.0000,5561,2941.9873,0.0000,999,1000,998,1,27.2422
55620.0000,5562,2941.9971,0.0000,999,999,1000,1,27.1620
55630.0000,5563,2942.0072,0.0000,1000,999,999,1,27.1223
55640.0000,5564,2942.0175,0.0000,999,1000,1000,1,27.1575
55650.0000,5565,2942.0274,0.0000,1000,999,999,1,27.1499
55660.0000,5566,2942.0375,0.0000,999,999,1000,1,27.1314
55670.0000,5567,2942.0475,0.0000,1000,1000,1000,1,27.1237
55680.0000,5568,2942.0576,0.0000,1000,1000,998,1,27.1243
55690.0000,5569,2942.0676,0.0000,1000,1000,1000,1,27.0842
55700.0000,5570,2942.0777,0.0000,999,999,999,1,27.0037
55710.0000,5571,2942.0880,0.0000,1000,1000,1000,1,27.0712
55720.0000,5572,2942.0982,0.0000,1000,1000,999,1,27.0720
55730.0000,5573,2942.1083,0.0000,1000,999,1000,1,27.0983
55740.0000,5574,2942.1184,0.0000,999,1000,1000,1,27.1875
55750.0000,5575,2942.1285,0.0000,1000,1000,1000,1,27.2545
55760.0000,5576,2942.1387,0.0000,999,999,1000,1,27.2864
55770.0000,5577,2942.1486,0.0000,998,999,998,1,27.1380
55780.0000,5578,2942.1588,0.0000,1000,1000,999,1,27.1513
55790.0000,5579,2942.1688,0.0000,999,1000,999,1,27.0570
55800.0000,5580,2942.1789,0.0000,999,999,999,1,27.0514
55810.0000,5581,2942.1890,0.0000,999,997,1000,1,26.9348
55820.0000,5582,2942.1991,0.0000,999,1000,999,1,26.9887
55830.0000,5583,2942.2092,0.0000,1000,999,1000,1,26.9609
55840.0000,5584,2942.2192,0.0000,999,1000,1000,1,26.9202
55850.0000,5585,2942.2293,0.0000,1000,1000,999,1,26.9204
55860.0000,5586,2942.2395,0.0000,999,1000,1000,1,26.9687
55870.0000,5587,2942.2496,0.0000,1000,999,1000,1,27.0002
55880.0000,5588,2942.2596,0.0000,998,1000,1000,1,26.9402
55890.0000,5589,2942.2695,0.0000,1000,999,1000,1,26.9306
55900.0000,5590,2942.2796,0.0000,999,1000,1000,1,26.9116
55910.0000,5591,2942.2898,0.0000,1000,1000,1000,1,26.9966
55920.0000,5592,2942.3001,0.0000,1000,999,999,1,27.0627
55930.0000,5593,2942.3102,0.0000,1000,999,1000,1,27.0881
55940.0000,5594,2942.3204,0.0000,1000,1000,999,1,27.1225
55950.0000,5595,2942.3305,0.0000,999,1000,1000,1,27.1343
55960.0000,5596,2942.3406,0.0000,1000,1000,1000,1,27.1101
55970.0000,5597,2942.3506,0.0000,1000,1000,1000,1,27.1032
55980.0000,5598,2942.3608,0.0000,999,999,999,1,27.0925
55990.0000,5599,2942.3706,0.0000,999,1000,998,1,27.0714
56000.0000,5600,2942.3807,0.0000,1000,999,1000,1,27.1691
56010.0000,5601,2942.3907,0.0000,999,1000,1000,1,27.1471
56020.0000,5602,2942.4008,0.0000,1000,1000,1000,1,27.1361
56030.0000,5603,2942.4108,0.0000,999,1000,1000,1,27.1463
56040.0000,5604,2942.4209,0.0000,999,999,1000,1,27.2111
56050.0000,5605,2942.4309,0.0000,1000,999,1000,1,27.1524
56060.0000,5606,2942.4409,0.0000,1000,1000,1000,1,27.1228
56070.0000,5607,2942.4509,0.0000,1000,1000,999,1,27.1731
56080.0000,5608,2942.4610,0.0000,999,999,1000,1,27.1976
56090.0000,5609,2942.4709,0.0000,1000,1000,1000,1,27.2289
56100.0000,5610,2942.4810,0.0000,999,1000,999,1,27.1847
56110.0000,5611,2942.4910,0.0000,1000,1000,999,1,27.2134
56120.0000,5612,2942.5011,0.0000,999,1000,1000,1,27.2045
56130.0000,5613,2942.5110,0.0000,999,999,1000,1,27.1602
56140.0000,5614,2942.5211,0.0000,1000,1000,1000,1,27.2245
56150.0000,5615,2942.5310,0.0000,999,1000,1000,1,27.1589
56160.0000,5616,2942.5411,0.0000,1000,1000,1000,1,27.2234
56170.0000,5617,2942.5510,0.0000,1000,999,999,1,27.1788
56180.0000,5618,2942.5612,0.0000,1000,1000,999,1,27.2826
56190.0000,5619,2942.5710,0.0000,998,999,999,1,27.2191
56200.0000,5620,2942.5810,0.0000,1000,1000,1000,1,27.2615
56210.0000,5621,2942.5910,0.0000,1000,999,1000,1,27.1618
56220.0000,5622,2942.6008,0.0000,1000,1000,999,1,27.2113
56230.0000,5623,2942.6108,0.0000,999,999,999,1,27.2207
56240.0000,5624,2942.6207,0.0000,999,1000,999,1,27.2444
56250.0000,5625,2942.6307,0.0000,999,999,1000,1,27.2212
56260.0000,5626,2942.6407,0.0000,1000,999,1000,1,27.2636
56270.0000,5627,2942.6505,0.0000,1000,1000,1000,1,27.2731
56280.0000,5628,2942.6605,0.0000,1000,1000,999,1,27.2674
56290.0000,5629,2942.6704,0.0000,1000,1000,1000,1,27.2034
56300.0000,5630,2942.6805,0.0000,999,999,1000,1,27.1367
56310.0000,5631,2942.6900,0.0000,998,999,1000,1,27.0574
56320.0000,5632,2942.6998,0.0000,999,999,1000,1,27.0460
56330.0000,5633,2942.7095,0.0000,998,998,999,1,26.8912
56340.0000,5634,2942.7187,0.0000,999,993,998,1,26.7747
56350.0000,5635,2942.7274,0.0000,1000,995,1000,1,26.7845
56360.0000,5636,2942.7370,0.0000,1000,1000,1000,1,26.8294
56370.0000,5637,2942.7471,0.0000,999,1000,1000,1,26.8933
56380.0000,5638,2942.7570,0.0000,1000,1000,999,1,26.9028
56390.0000,5639,2942.7669,0.0000,1000,1000,998,1,26.8772
56400.0000,5640,2942.7767,0.0000,999,1000,999,1,26.8134
56410.0000,5641,2942.7862,0.0000,998,998,1000,1,26.6621
56420.0000,5642,2942.7960,0.0000,999,999,999,1,26.7264
56430.0000,5643,2942.8058,0.0000,1000,1000,1000,1,26.6652
56440.0000,5644,2942.8157,0.0000,999,999,999,1,26.6938
56450.0000,5645,2942.8256,0.0000,999,1000,1000,1,26.7583
56460.0000,5646,2942.8355,0.0000,1000,998,1000,1,26.6971
56470.0000,5647,2942.8453,0.0000,1000,1000,1000,1,26.6717
56480.0000,5648,2942.8551,0.0000,999,999,999,1,26.6485
56490.0000,5649,2942.8649,0.0000,999,1000,999,1,26.6392
56500.0000,5650,2942.8746,0.0000,999,1000,1000,1,26.6494
56510.0000,5651,2942.8845,0.0000,1000,1000,999,1,26.5176
56520.0000,5652,2942.8943,0.0000,1000,999,1000,1,26.5619
56530.0000,5653,2942.9041,0.0000,999,1000,998,1,26.5721
56540.0000,5654,2942.9141,0.0000,999,1000,1000,1,26.6362
56550.0000,5655,2942.9241,0.0000,1000,1000,1000,1,26.6666
56560.0000,5656,2942.9338,0.0000,1000,1000,1000,1,26.6561
56570.0000,5657,2942.9437,0.0000,1000,1000,998,1,26.6660
56580.0000,5658,2942.9536,0.0000,1000,1000,999,1,26.6961
56590.0000,5659,2942.9636,0.0000,1000,999,1000,1,26.7060
56600.0000,5660,2942.9733,0.0000,1000,998,999,1,26.6420
56610.0000,5661,2942.9832,0.0000,1000,1000,1000,1,26.6523
56620.0000,5662,2942.9932,0.0000,999,1000,999,1,26.6626
56630.0000,5663,2943.0030,0.0000,1000,999,1000,1,26.7093
56640.0000,5664,2943.0127,0.0000,998,999,998,1,26.6292
56650.0000,5665,2943.0222,0.0000,999,1000,1000,1,26.6394
56660.0000,5666,2943.0321,0.0000,1000,1000,1000,1,26.6702
56670.0000,5667,2943.0417,0.0000,1000,1000,999,1,26.6266
56680.0000,5668,2943.0515,0.0000,999,999,998,1,26.5090
56690.0000,5669,2943.0609,0.0000,999,997,1000,1,26.5021
56700.0000,5670,2943.0707,0.0000,999,999,1000,1,26.5127
56710.0000,5671,2943.0805,0.0000,999,998,1000,1,26.4329
56720.0000,5672,2943.0902,0.0000,999,1000,1000,1,26.4435
56730.0000,5673,2943.0999,0.0000,1000,999,1000,1,26.5077
56740.0000,5674,2943.1096,0.0000,1000,998,998,1,26.4314
56750.0000,5675,2943.1193,0.0000,1000,1000,1000,1,26.4750
56760.0000,5676,2943.1290,0.0000,1000,1000,1000,1,26.5223
56770.0000,5677,2943.1390,0.0000,1000,1000,1000,1,26.6402
56780.0000,5678,2943.1485,0.0000,1000,1000,999,1,26.6340
56790.0000,5679,2943.1584,0.0000,1000,999,1000,1,26.6605
56800.0000,5680,2943.1682,0.0000,1000,1000,999,1,26.6340
56810.0000,5681,2943.1778,0.0000,1000,1000,999,1,26.6445
56820.0000,5682,2943.1876,0.0000,1000,998,998,1,26.7290
56830.0000,5683,2943.1969,0.0000,998,1000,1000,1,26.5581
56840.0000,5684,2943.2068,0.0000,1000,1000,999,1,26.6222
56850.0000,5685,2943.2166,0.0000,1000,999,1000,1,26.6160
56860.0000,5686,2943.2262,0.0000,999,999,1000,1,26.5736
56870.0000,5687,2943.2360,0.0000,1000,999,1000,1,26.5848
56880.0000,5688,2943.2450,0.0000,999,997,998,1,26.3665
56890.0000,5689,2943.2542,0.0000,999,1000,998,1,26.2718
56900.0000,5690,2943.2637,0.0000,997,1000,1000,1,26.1934
56910.0000,5691,2943.2734,0.0000,1000,1000,1000,1,26.2417
56920.0000,5692,2943.2832,0.0000,1000,1000,1000,1,26.3399
56930.0000,5693,2943.2929,0.0000,998,999,1000,1,26.2285
56940.0000,5694,2943.3025,0.0000,999,1000,999,1,26.1699
56950.0000,5695,2943.3121,0.0000,1000,998,999,1,26.1284
56960.0000,5696,2943.3215,0.0000,1000,1000,999,1,26.0871
56970.0000,5697,2943.3308,0.0000,998,995,1000,1,25.9572
56980.0000,5698,2943.3402,0.0000,1000,1000,999,1,26.0057
56990.0000,5699,2943.3497,0.0000,1000,998,1000,1,25.9123
57000.0000,5700,2943.3594,0.0000,999,1000,1000,1,25.9043
57010.0000,5701,2943.3690,0.0000,998,997,1000,1,25.8482
57020.0000,5702,2943.3787,0.0000,1000,1000,1000,1,25.8970
57030.0000,5703,2943.3884,0.0000,1000,1000,998,1,25.8569
57040.0000,5704,2943.3979,0.0000,1000,1000,999,1,25.8167
57050.0000,5705,2943.4075,0.0000,1000,1000,998,1,25.7034
57060.0000,5706,2943.4173,0.0000,999,1000,1000,1,25.7534
57070.0000,5707,2943.4266,0.0000,999,998,1000,1,25.6763
57080.0000,5708,2943.4361,0.0000,1000,1000,1000,1,25.7098
57090.0000,5709,2943.4457,0.0000,1000,1000,1000,1,25.6869
57100.0000,5710,2943.4554,0.0000,1000,999,1000,1,25.7524
57110.0000,5711,2943.4651,0.0000,999,1000,1000,1,25.7124
57120.0000,5712,2943.4748,0.0000,1000,1000,1000,1,25.7406
57130.0000,5713,2943.4845,0.0000,999,1000,1000,1,25.7532
57140.0000,5714,2943.4943,0.0000,1000,999,1000,1,25.8031
57150.0000,5715,2943.5040,0.0000,1000,1000,1000,1,25.8685
57160.0000,5716,2943.5137,0.0000,1000,1000,1000,1,25.8647
57170.0000,5717,2943.5234,0.0000,1000,999,1000,1,25.9466
57180.0000,5718,2943.5331,0.0000,999,1000,1000,1,25.9224
57190.0000,5719,2943.5429,0.0000,1000,1000,1000,1,25.9880
57200.0000,5720,2943.5525,0.0000,1000,999,1000,1,25.9331
57210.0000,5721,2943.5621,0.0000,1000,999,1000,1,25.9615
57220.0000,5722,2943.5719,0.0000,999,1000,1000,1,26.0114
57230.0000,5723,2943.5814,0.0000,1000,999,998,1,25.9550
57240.0000,5724,2943.5910,0.0000,1000,1000,1000,1,25.9842
57250.0000,5725,2943.6007,0.0000,1000,1000,1000,1,26.0124
57260.0000,5726,2943.6102,0.0000,1000,1000,1000,1,25.9407
57270.0000,5727,2943.6200,0.0000,1000,1000,1000,1,25.9538
57280.0000,5728,2943.6296,0.0000,1000,1000,999,1,25.9145
57290.0000,5729,2943.6392,0.0000,1000,1000,998,1,25.9280
57300.0000,5730,2943.6486,0.0000,1000,999,999,1,25.9052
57310.0000,5731,2943.6580,0.0000,999,997,999,1,25.8143
57320.0000,5732,2943.6673,0.0000,1000,998,999,1,25.8279
57330.0000,5733,2943.6769,0.0000,1000,999,999,1,25.8776
57340.0000,5734,2943.6866,0.0000,1000,999,1000,1,25.9429
57350.0000,5735,2943.6962,0.0000,1000,1000,999,1,25.9562
57360.0000,5736,2943.7058,0.0000,999,1000,1000,1,25.9489
57370.0000,5737,2943.7154,0.0000,1000,1000,999,1,25.9827
57380.0000,5738,2943.7251,0.0000,999,1000,999,1,26.0275
57390.0000,5739,2943.7346,0.0000,1000,999,1000,1,25.9732
57400.0000,5740,2943.7440,0.0000,998,1000,999,1,25.9181
57410.0000,5741,2943.7533,0.0000,1000,1000,1000,1,25.8961
57420.0000,5742,2943.7631,0.0000,998,1000,999,1,25.9252
57430.0000,5743,2943.7727,0.0000,1000,1000,1000,1,26.0105
57440.0000,5744,2943.7821,0.0000,999,998,999,1,25.8999
57450.0000,5745,2943.7918,0.0000,998,1000,1000,1,25.9657
57460.0000,5746,2943.8012,0.0000,999,999,1000,1,25.9640
57470.0000,5747,2943.8105,0.0000,1000,1000,1000,1,25.9413
57480.0000,5748,2943.8200,0.0000,998,999,998,1,25.9032
57490.0000,5749,2943.8295,0.0000,999,999,999,1,25.9015
57500.0000,5750,2943.8389,0.0000,997,999,997,1,25.7595
57510.0000,5751,2943.8477,0.0000,996,999,999,1,25.7376
57520.0000,5752,2943.8568,0.0000,1000,999,999,1,25.7361
57530.0000,5753,2943.8663,0.0000,1000,1000,999,1,25.7335
57540.0000,5754,2943.8759,0.0000,999,999,998,1,25.7480
57550.0000,5755,2943.8853,0.0000,998,1000,999,1,25.7108
57560.0000,5756,2943.8945,0.0000,1000,1000,999,1,25.6907
57570.0000,5757,2943.9041,0.0000,1000,1000,999,1,25.7050
57580.0000,5758,2943.9136,0.0000,999,1000,1000,1,25.7022
57590.0000,5759,2943.9233,0.0000,1000,1000,1000,1,25.8197
57600.0000,5760,2943.9327,0.0000,999,998,999,1,25.6958
57610.0000,5761,2943.9420,0.0000,1000,1000,1000,1,25.7260
57620.0000,5762,2943.9516,0.0000,999,1000,1000,1,25.6883
57630.0000,5763,2943.9612,0.0000,1000,1000,1000,1,25.7539
57640.0000,5764,2943.9707,0.0000,1000,999,1000,1,25.8025
57650.0000,5765,2943.9800,0.0000,999,1000,1000,1,25.7808
57660.0000,5766,2943.9894,0.0000,997,1000,1000,1,25.7943
57670.0000,5767,2943.9989,0.0000,1000,999,1000,1,25.8427
57680.0000,5768,2944.0085,0.0000,999,1000,998,1,25.8726
57690.0000,5769,2944.0175,0.0000,998,1000,996,1,25.8514
57700.0000,5770,2944.0266,0.0000,1000,1000,1000,1,25.8476
57710.0000,5771,2944.0363,0.0000,1000,1000,1000,1,25.8782
57720.0000,5772,2944.0453,0.0000,1000,998,998,1,25.7531
57730.0000,5773,2944.0547,0.0000,1000,1000,999,1,25.8018
57740.0000,5774,2944.0643,0.0000,1000,1000,1000,1,25.8669
57750.0000,5775,2944.0736,0.0000,1000,1000,999,1,25.8112
57760.0000,5776,2944.0826,0.0000,997,999,998,1,25.7388
57770.0000,5777,2944.0919,0.0000,999,998,998,1,25.7014
57780.0000,5778,2944.1011,0.0000,1000,1000,999,1,25.5613
57790.0000,5779,2944.1105,0.0000,999,1000,998,1,25.4729
57800.0000,5780,2944.1199,0.0000,1000,1000,1000,1,25.5222
57810.0000,5781,2944.1293,0.0000,1000,999,1000,1,25.4678
57820.0000,5782,2944.1389,0.0000,1000,1000,1000,1,25.5165
57830.0000,5783,2944.1484,0.0000,999,999,999,1,25.4283
57840.0000,5784,2944.1576,0.0000,999,999,999,1,25.4261
57850.0000,5785,2944.1670,0.0000,1000,999,999,1,25.4061
57860.0000,5786,2944.1765,0.0000,1000,1000,1000,1,25.4207
57870.0000,5787,2944.1858,0.0000,999,999,1000,1,25.4010
57880.0000,5788,2944.1951,0.0000,1000,998,1000,1,25.4158
57890.0000,5789,2944.2045,0.0000,999,1000,1000,1,25.4473
57900.0000,5790,2944.2134,0.0000,1000,997,999,1,25.2743
57910.0000,5791,2944.2228,0.0000,999,999,1000,1,25.3064
57920.0000,5792,2944.2322,0.0000,999,1000,1000,1,25.3721
57930.0000,5793,2944.2416,0.0000,999,1000,997,1,25.3178
57940.0000,5794,2944.2509,0.0000,1000,1000,1000,1,25.3656
57950.0000,5795,2944.2603,0.0000,1000,1000,1000,1,25.3797
57960.0000,5796,2944.2696,0.0000,999,999,999,1,25.3425
57970.0000,5797,2944.2790,0.0000,1000,1000,1000,1,25.3568
57980.0000,5798,2944.2885,0.0000,1000,999,999,1,25.4405
57990.0000,5799,2944.2979,0.0000,1000,1000,1000,1,25.4038
58000.0000,5800,2944.3074,0.0000,1000,1000,1000,1,25.4695
58010.0000,5801,2944.3168,0.0000,1000,998,999,1,25.4836
58020.0000,5802,2944.3263,0.0000,1000,1000,1000,1,25.5147
58030.0000,5803,2944.3357,0.0000,999,1000,999,1,25.4937
58040.0000,5804,2944.3448,0.0000,999,1000,1000,1,25.4569
58050.0000,5805,2944.3544,0.0000,1000,1000,1000,1,25.4891
58060.0000,5806,2944.3638,0.0000,999,999,1000,1,25.4855
58070.0000,5807,2944.3732,0.0000,1000,999,1000,1,25.5348
58080.0000,5808,2944.3826,0.0000,1000,998,999,1,25.4806
58090.0000,5809,2944.3919,0.0000,1000,1000,999,1,25.4440
58100.0000,5810,2944.4013,0.0000,999,999,999,1,25.4757
58110.0000,5811,2944.4107,0.0000,1000,1000,999,1,25.5572
58120.0000,5812,2944.4199,0.0000,999,999,1000,1,25.5552
58130.0000,5813,2944.4292,0.0000,999,998,999,1,25.5518
58140.0000,5814,2944.4385,0.0000,999,1000,1000,1,25.5484
58150.0000,5815,2944.4479,0.0000,999,1000,999,1,25.5288
58160.0000,5816,2944.4573,0.0000,1000,998,999,1,25.5430
58170.0000,5817,2944.4662,0.0000,999,998,999,1,25.5060
58180.0000,5818,2944.4753,0.0000,1000,1000,1000,1,25.4512
58190.0000,5819,2944.4848,0.0000,1000,1000,1000,1,25.5527
58200.0000,5820,2944.4942,0.0000,999,1000,1000,1,25.5817
58210.0000,5821,2944.5034,0.0000,999,1000,998,1,25.5443
58220.0000,5822,2944.5125,0.0000,999,1000,1000,1,25.5762
58230.0000,5823,2944.5217,0.0000,998,999,999,1,25.4876
58240.0000,5824,2944.5308,0.0000,999,998,1000,1,25.4332
58250.0000,5825,2944.5400,0.0000,1000,1000,999,1,25.4656
58260.0000,5826,2944.5486,0.0000,998,997,997,1,25.3101
58270.0000,5827,2944.5574,0.0000,999,996,999,1,25.3105
58280.0000,5828,2944.5661,0.0000,1000,1000,1000,1,25.4087
58290.0000,5829,2944.5755,0.0000,999,1000,1000,1,25.4555
58300.0000,5830,2944.5847,0.0000,999,1000,1000,1,25.4698
58310.0000,5831,2944.5938,0.0000,1000,998,1000,1,25.4701
58320.0000,5832,2944.6029,0.0000,1000,1000,999,1,25.4667
58330.0000,5833,2944.6122,0.0000,999,1000,1000,1,25.4813
58340.0000,5834,2944.6215,0.0000,1000,1000,999,1,25.4451
58350.0000,5835,2944.6305,0.0000,1000,999,1000,1,25.3755
58360.0000,5836,2944.6397,0.0000,999,999,1000,1,25.3902
58370.0000,5837,2944.6491,0.0000,999,1000,999,1,25.4697
58380.0000,5838,2944.6584,0.0000,1000,1000,1000,1,25.5034
58390.0000,5839,2944.6678,0.0000,1000,999,999,1,25.5687
58400.0000,5840,2944.6769,0.0000,998,1000,999,1,25.5321
58410.0000,5841,2944.6857,0.0000,998,1000,1000,1,25.5785
58420.0000,5842,2944.6950,0.0000,1000,999,999,1,25.5599
58430.0000,5843,2944.7042,0.0000,1000,1000,999,1,25.5418
58440.0000,5844,2944.7128,0.0000,999,999,1000,1,25.4030
58450.0000,5845,2944.7219,0.0000,999,998,1000,1,25.3802
58460.0000,5846,2944.7311,0.0000,1000,1000,1000,1,25.3293
58470.0000,5847,2944.7401,0.0000,1000,999,998,1,25.2558
58480.0000,5848,2944.7489,0.0000,1000,1000,997,1,25.1871
58490.0000,5849,2944.7580,0.0000,999,997,999,1,25.1511
58500.0000,5850,2944.7673,0.0000,1000,999,1000,1,25.1662
58510.0000,5851,2944.7766,0.0000,1000,1000,1000,1,25.1313
58520.0000,5852,2944.7858,0.0000,1000,999,999,1,25.1468
58530.0000,5853,2944.7950,0.0000,999,1000,999,1,25.1623
58540.0000,5854,2944.8040,0.0000,1000,998,999,1,25.0266
58550.0000,5855,2944.8130,0.0000,999,999,1000,1,24.9599
58560.0000,5856,2944.8219,0.0000,999,999,1000,1,24.9252
58570.0000,5857,2944.8312,0.0000,1000,1000,1000,1,25.0037
58580.0000,5858,2944.8404,0.0000,1000,1000,1000,1,25.0562
58590.0000,5859,2944.8497,0.0000,999,1000,1000,1,25.1345
58600.0000,5860,2944.8589,0.0000,999,1000,1000,1,25.0853
58610.0000,5861,2944.8680,0.0000,999,1000,1000,1,25.1127
58620.0000,5862,2944.8770,0.0000,999,998,999,1,25.0262
58630.0000,5863,2944.8862,0.0000,1000,999,1000,1,25.0279
58640.0000,5864,2944.8954,0.0000,1000,1000,999,1,25.0738
58650.0000,5865,2944.9046,0.0000,999,999,999,1,25.0194
58660.0000,5866,2944.9136,0.0000,999,999,1000,1,24.9707
58670.0000,5867,2944.9228,0.0000,999,1000,999,1,24.8971
58680.0000,5868,2944.9318,0.0000,1000,1000,1000,1,24.9120
58690.0000,5869,2944.9411,0.0000,999,1000,999,1,24.9773
58700.0000,5870,2944.9501,0.0000,999,998,1000,1,24.9922
58710.0000,5871,2944.9591,0.0000,998,999,1000,1,24.9446
58720.0000,5872,2944.9683,0.0000,1000,1000,1000,1,24.9725
58730.0000,5873,2944.9774,0.0000,999,999,998,1,24.9559
58740.0000,5874,2944.9866,0.0000,1000,1000,1000,1,24.9522
58750.0000,5875,2944.9959,0.0000,1000,999,1000,1,25.0049
58760.0000,5876,2945.0050,0.0000,1000,1000,999,1,25.0510
58770.0000,5877,2945.0142,0.0000,1000,1000,999,1,25.1159
58780.0000,5878,2945.0234,0.0000,1000,998,999,1,25.1490
58790.0000,5879,2945.0324,0.0000,1000,1000,1000,1,25.1125
58800.0000,5880,2945.0415,0.0000,999,1000,998,1,25.0381
58810.0000,5881,2945.0506,0.0000,999,1000,999,1,25.0018
58820.0000,5882,2945.0597,0.0000,999,999,1000,1,24.9529
58830.0000,5883,2945.0685,0.0000,1000,998,999,1,24.8666
58840.0000,5884,2945.0775,0.0000,1000,999,999,1,24.8813
58850.0000,5885,2945.0866,0.0000,999,999,999,1,24.8457
58860.0000,5886,2945.0956,0.0000,1000,1000,1000,1,24.8604
58870.0000,5887,2945.1048,0.0000,1000,1000,999,1,24.8575
58880.0000,5888,2945.1140,0.0000,999,998,1000,1,24.8402
58890.0000,5889,2945.1228,0.0000,1000,999,1000,1,24.8056
58900.0000,5890,2945.1320,0.0000,1000,1000,1000,1,24.8711
58910.0000,5891,2945.1412,0.0000,999,1000,1000,1,24.8685
58920.0000,5892,2945.1502,0.0000,999,1000,1000,1,24.8642
58930.0000,5893,2945.1594,0.0000,1000,1000,999,1,24.8991
58940.0000,5894,2945.1686,0.0000,999,1000,999,1,24.9446
58950.0000,5895,2945.1777,0.0000,999,1000,1000,1,24.9097
58960.0000,5896,2945.1868,0.0000,1000,999,999,1,24.9447
58970.0000,5897,2945.1961,0.0000,1000,1000,999,1,25.0099
58980.0000,5898,2945.2051,0.0000,1000,1000,1000,1,24.9750
58990.0000,5899,2945.2143,0.0000,1000,1000,999,1,24.9904
59000.0000,5900,2945.2231,0.0000,1000,1000,999,1,25.0556
59010.0000,5901,2945.2322,0.0000,999,999,1000,1,25.0884
59020.0000,5902,2945.2411,0.0000,1000,1000,999,1,25.0353
59030.0000,5903,2945.2503,0.0000,1000,1000,999,1,25.1004
59040.0000,5904,2945.2592,0.0000,999,999,998,1,25.0828
59050.0000,5905,2945.2682,0.0000,1000,1000,999,1,25.1303
59060.0000,5906,2945.2773,0.0000,1000,1000,1000,1,25.1627
59070.0000,5907,2945.2864,0.0000,1000,999,1000,1,25.1600
59080.0000,5908,2945.2955,0.0000,1000,1000,999,1,25.1925
59090.0000,5909,2945.3046,0.0000,999,1000,999,1,25.1698
59100.0000,5910,2945.3135,0.0000,1000,999,1000,1,25.1218
59110.0000,5911,2945.3225,0.0000,999,999,1000,1,25.1367
59120.0000,5912,2945.3316,0.0000,1000,1000,999,1,25.1843
59130.0000,5913,2945.3407,0.0000,999,999,999,1,25.2164
59140.0000,5914,2945.3492,0.0000,997,999,997,1,25.0318
59150.0000,5915,2945.3578,0.0000,1000,1000,1000,1,25.0602
59160.0000,5916,2945.3666,0.0000,998,998,1000,1,25.0754
59170.0000,5917,2945.3753,0.0000,1000,998,1000,1,25.0281
59180.0000,5918,2945.3843,0.0000,999,999,999,1,25.0560
59190.0000,5919,2945.3933,0.0000,1000,999,998,1,25.0915
59200.0000,5920,2945.4022,0.0000,1000,1000,999,1,25.2063
59210.0000,5921,2945.4112,0.0000,1000,998,999,1,25.1389
59220.0000,5922,2945.4198,0.0000,997,1000,999,1,25.0676
59230.0000,5923,2945.4286,0.0000,998,999,999,1,25.0034
59240.0000,5924,2945.4373,0.0000,1000,1000,1000,1,24.9500
59250.0000,5925,2945.4464,0.0000,999,999,1000,1,24.9656
59260.0000,5926,2945.4553,0.0000,999,998,1000,1,24.9681
59270.0000,5927,2945.4643,0.0000,1000,1000,999,1,24.9963
59280.0000,5928,2945.4729,0.0000,1000,1000,996,1,24.8821
59290.0000,5929,2945.4819,0.0000,1000,1000,1000,1,24.8973
59300.0000,5930,2945.4910,0.0000,1000,1000,1000,1,24.9788
59310.0000,5931,2945.4998,0.0000,1000,1000,998,1,24.8772
59320.0000,5932,2945.5087,0.0000,1000,1000,1000,1,24.8925
59330.0000,5933,2945.5177,0.0000,999,998,1000,1,24.8747
59340.0000,5934,2945.5268,0.0000,1000,1000,999,1,24.9231
59350.0000,5935,2945.5358,0.0000,1000,1000,999,1,24.9381
59360.0000,5936,2945.5448,0.0000,1000,999,1000,1,24.9699
59370.0000,5937,2945.5539,0.0000,1000,1000,1000,1,24.9680
59380.0000,5938,2945.5628,0.0000,999,1000,1000,1,24.9494
59390.0000,5939,2945.5719,0.0000,999,1000,999,1,24.8799
59400.0000,5940,2945.5808,0.0000,1000,1000,1000,1,24.9127
59410.0000,5941,2945.5899,0.0000,1000,1000,1000,1,25.0092
59420.0000,5942,2945.5988,0.0000,999,998,1000,1,24.9420
59430.0000,5943,2945.6076,0.0000,1000,998,998,1,24.8737
59440.0000,5944,2945.6162,0.0000,1000,1000,997,1,24.8882
59450.0000,5945,2945.6251,0.0000,999,1000,999,1,24.8195
59460.0000,5946,2945.6340,0.0000,1000,1000,1000,1,24.8524
59470.0000,5947,2945.6431,0.0000,1000,1000,1000,1,24.8671
59480.0000,5948,2945.6520,0.0000,1000,1000,999,1,24.7824
59490.0000,5949,2945.6610,0.0000,1000,1000,1000,1,24.8292
59500.0000,5950,2945.6700,0.0000,999,999,1000,1,24.8781
59510.0000,5951,2945.6788,0.0000,1000,999,999,1,24.8273
59520.0000,5952,2945.6874,0.0000,998,1000,1000,1,24.7596
59530.0000,5953,2945.6962,0.0000,1000,1000,1000,1,24.7750
59540.0000,5954,2945.7051,0.0000,1000,1000,1000,1,24.8555
59550.0000,5955,2945.7142,0.0000,1000,1000,1000,1,24.9375
59560.0000,5956,2945.7232,0.0000,999,1000,999,1,25.0019
59570.0000,5957,2945.7320,0.0000,1000,1000,1000,1,24.9496
59580.0000,5958,2945.7406,0.0000,999,999,1000,1,24.8824
59590.0000,5959,2945.7494,0.0000,1000,1000,999,1,24.8804
59600.0000,5960,2945.7584,0.0000,999,1000,1000,1,24.9450
59610.0000,5961,2945.7674,0.0000,999,1000,1000,1,25.0094
59620.0000,5962,2945.7764,0.0000,999,1000,1000,1,25.0241
59630.0000,5963,2945.7852,0.0000,1000,1000,1000,1,25.0556
59640.0000,5964,2945.7940,0.0000,1000,1000,1000,1,25.0202
59650.0000,5965,2945.8029,0.0000,1000,1000,1000,1,25.0179
59660.0000,5966,2945.8119,0.0000,999,1000,1000,1,25.0663
59670.0000,5967,2945.8208,0.0000,999,999,999,1,25.0464
59680.0000,5968,2945.8295,0.0000,1000,1000,1000,1,25.0607
59690.0000,5969,2945.8385,0.0000,1000,1000,1000,1,25.0912
59700.0000,5970,2945.8475,0.0000,1000,1000,1000,1,25.1383
59710.0000,5971,2945.8565,0.0000,1000,1000,1000,1,25.1521
59720.0000,5972,2945.8652,0.0000,999,999,999,1,25.0827
59730.0000,5973,2945.8741,0.0000,1000,999,1000,1,25.1639
59740.0000,5974,2945.8830,0.0000,999,1000,1000,1,25.1441
59750.0000,5975,2945.8917,0.0000,998,1000,1000,1,25.1250
59760.0000,5976,2945.9004,0.0000,1000,999,1000,1,25.1393
59770.0000,5977,2945.9094,0.0000,1000,1000,999,1,25.2527
59780.0000,5978,2945.9182,0.0000,999,998,997,1,25.2010
59790.0000,5979,2945.9267,0.0000,1000,1000,999,1,25.2312
59800.0000,5980,2945.9355,0.0000,1000,998,1000,1,25.2630
59810.0000,5981,2945.9442,0.0000,1000,1000,1000,1,25.2768
59820.0000,5982,2945.9530,0.0000,998,1000,1000,1,25.2568
59830.0000,5983,2945.9619,0.0000,1000,1000,1000,1,25.3543
59840.0000,5984,2945.9706,0.0000,1000,1000,1000,1,25.3680
59850.0000,5985,2945.9795,0.0000,1000,1000,1000,1,25.3137
59860.0000,5986,2945.9884,0.0000,1000,1000,1000,1,25.3453
59870.0000,5987,2945.9972,0.0000,1000,1000,1000,1,25.3586
59880.0000,5988,2946.0061,0.0000,999,998,1000,1,25.3215
59890.0000,5989,2946.0149,0.0000,999,1000,1000,1,25.3844
59900.0000,5990,2946.0235,0.0000,1000,999,1000,1,25.2968
59910.0000,5991,2946.0324,0.0000,1000,1000,1000,1,25.3754
59920.0000,5992,2946.0412,0.0000,1000,999,999,1,25.3721
59930.0000,5993,2946.0499,0.0000,999,999,999,1,25.3844
59940.0000,5994,2946.0586,0.0000,1000,999,1000,1,25.3294
59950.0000,5995,2946.0674,0.0000,1000,1000,1000,1,25.3919
59960.0000,5996,2946.0763,0.0000,1000,1000,1000,1,25.3715
59970.0000,5997,2946.0851,0.0000,1000,999,1000,1,25.4336
59980.0000,5998,2946.0937,0.0000,1000,999,997,1,25.4282
59990.0000,5999,2946.1021,0.0000,1000,1000,999,1,25.3562
60000.0000,6000,2946.1110,0.0000,1000,1000,998,1,25.4015
60010.0000,6001,2946.1195,0.0000,999,999,998,1,25.3628
60020.0000,6002,2946.1280,0.0000,1000,1000,1000,1,25.3244
60030.0000,6003,2946.1369,0.0000,1000,1000,1000,1,25.3362
60040.0000,6004,2946.1455,0.0000,999,999,998,1,25.2976
60050.0000,6005,2946.1542,0.0000,999,999,1000,1,25.3091
60060.0000,6006,2946.1626,0.0000,1000,997,1000,1,25.2867
60070.0000,6007,2946.1710,0.0000,999,999,998,1,25.2816
60080.0000,6008,2946.1796,0.0000,999,999,1000,1,25.2590
60090.0000,6009,2946.1884,0.0000,1000,999,1000,1,25.2705
60100.0000,6010,2946.1972,0.0000,1000,1000,999,1,25.2314
60110.0000,6011,2946.2059,0.0000,1000,999,999,1,25.1424
60120.0000,6012,2946.2145,0.0000,1000,999,1000,1,25.0540
60130.0000,6013,2946.2232,0.0000,1000,999,1000,1,24.9996
60140.0000,6014,2946.2319,0.0000,1000,1000,1000,1,24.9964
60150.0000,6015,2946.2406,0.0000,1000,998,1000,1,24.8917
60160.0000,6016,2946.2493,0.0000,1000,1000,1000,1,24.8552
60170.0000,6017,2946.2579,0.0000,999,999,1000,1,24.8189
60180.0000,6018,2946.2667,0.0000,1000,999,999,1,24.8322
60190.0000,6019,2946.2755,0.0000,1000,1000,1000,1,24.8631
60200.0000,6020,2946.2842,0.0000,1000,1000,998,1,24.7776
60210.0000,6021,2946.2927,0.0000,1000,999,1000,1,24.8723
60220.0000,6022,2946.3012,0.0000,999,1000,1000,1,24.9036
60230.0000,6023,2946.3100,0.0000,999,998,998,1,24.9325
60240.0000,6024,2946.3184,0.0000,999,1000,1000,1,24.9614
60250.0000,6025,2946.3270,0.0000,999,1000,1000,1,24.9925
60260.0000,6026,2946.3354,0.0000,997,999,1000,1,24.9212
60270.0000,6027,2946.3435,0.0000,997,1000,1000,1,24.8347
60280.0000,6028,2946.3521,0.0000,999,998,1000,1,24.8156
60290.0000,6029,2946.3607,0.0000,999,998,999,1,24.7972
60300.0000,6030,2946.3690,0.0000,1000,998,1000,1,24.8102
60310.0000,6031,2946.3775,0.0000,999,999,1000,1,24.7738
60320.0000,6032,2946.3861,0.0000,1000,1000,1000,1,24.7380
60330.0000,6033,2946.3947,0.0000,1000,1000,1000,1,24.7025
60340.0000,6034,2946.4034,0.0000,999,999,1000,1,24.6990
60350.0000,6035,2946.4122,0.0000,1000,999,1000,1,24.6954
60360.0000,6036,2946.4209,0.0000,1000,1000,1000,1,24.7443
60370.0000,6037,2946.4296,0.0000,1000,1000,999,1,24.7579
60380.0000,6038,2946.4383,0.0000,999,1000,1000,1,24.8701
60390.0000,6039,2946.4470,0.0000,999,1000,1000,1,24.9326
60400.0000,6040,2946.4558,0.0000,999,999,1000,1,24.9776
60410.0000,6041,2946.4645,0.0000,1000,1000,1000,1,24.9904
60420.0000,6042,2946.4732,0.0000,1000,998,1000,1,25.0033
60430.0000,6043,2946.4817,0.0000,1000,998,1000,1,24.9668
60440.0000,6044,2946.4904,0.0000,998,999,1000,1,24.9797
60450.0000,6045,2946.4989,0.0000,1000,999,999,1,24.9755
60460.0000,6046,2946.5073,0.0000,998,998,998,1,24.9236
60470.0000,6047,2946.5156,0.0000,999,999,1000,1,24.9195
60480.0000,6048,2946.5243,0.0000,1000,1000,1000,1,24.9497
60490.0000,6049,2946.5328,0.0000,1000,1000,999,1,24.9132
60500.0000,6050,2946.5415,0.0000,1000,999,1000,1,24.9583
60510.0000,6051,2946.5503,0.0000,1000,1000,1000,1,25.0373
60520.0000,6052,2946.5588,0.0000,998,1000,1000,1,25.0161
60530.0000,6053,2946.5671,0.0000,998,1000,999,1,24.9624
60540.0000,6054,2946.5756,0.0000,1000,1000,1000,1,25.0076
60550.0000,6055,2946.5843,0.0000,999,1000,1000,1,25.0365
60560.0000,6056,2946.5930,0.0000,1000,1000,1000,1,25.0319
60570.0000,6057,2946.6015,0.0000,999,1000,1000,1,24.9612
60580.0000,6058,2946.6102,0.0000,999,999,1000,1,25.0065
60590.0000,6059,2946.6188,0.0000,999,1000,1000,1,24.9851
60600.0000,6060,2946.6273,0.0000,1000,998,1000,1,24.9479
60610.0000,6061,2946.6358,0.0000,1000,998,1000,1,24.9271
60620.0000,6062,2946.6444,0.0000,999,997,1000,1,24.8574
60630.0000,6063,2946.6527,0.0000,999,999,1000,1,24.8362
60640.0000,6064,2946.6613,0.0000,1000,1000,1000,1,24.8655
60650.0000,6065,2946.6700,0.0000,1000,1000,1000,1,24.9606
60660.0000,6066,2946.6787,0.0000,1000,1000,999,1,25.0068
60670.0000,6067,2946.6873,0.0000,1000,1000,1000,1,25.0842
60680.0000,6068,2946.6959,0.0000,999,999,1000,1,25.0469
60690.0000,6069,2946.7045,0.0000,1000,1000,999,1,25.0757
60700.0000,6070,2946.7132,0.0000,1000,999,1000,1,25.1058
60710.0000,6071,2946.7217,0.0000,1000,999,1000,1,25.0508
60720.0000,6072,2946.7304,0.0000,999,1000,1000,1,25.1451
60730.0000,6073,2946.7390,0.0000,999,998,999,1,25.1913
60740.0000,6074,2946.7472,0.0000,999,1000,1000,1,25.1683
60750.0000,6075,2946.7558,0.0000,1000,1000,999,1,25.0984
60760.0000,6076,2946.7644,0.0000,1000,1000,1000,1,25.1599
60770.0000,6077,2946.7730,0.0000,1000,1000,999,1,25.1717
60780.0000,6078,2946.7815,0.0000,999,999,999,1,25.1017
60790.0000,6079,2946.7896,0.0000,1000,1000,1000,1,25.0638
60800.0000,6080,2946.7982,0.0000,1000,1000,1000,1,25.1400
60810.0000,6081,2946.8066,0.0000,998,998,999,1,25.1012
60820.0000,6082,2946.8151,0.0000,1000,1000,1000,1,25.0970
60830.0000,6083,2946.8235,0.0000,999,999,999,1,25.0085
60840.0000,6084,2946.8322,0.0000,999,1000,999,1,25.0348
60850.0000,6085,2946.8406,0.0000,999,1000,1000,1,25.0459
60860.0000,6086,2946.8492,0.0000,1000,1000,1000,1,25.1065
60870.0000,6087,2946.8576,0.0000,999,999,998,1,25.1021
60880.0000,6088,2946.8661,0.0000,1000,999,1000,1,25.1626
60890.0000,6089,2946.8746,0.0000,1000,1000,1000,1,25.2054
60900.0000,6090,2946.8831,0.0000,999,999,1000,1,25.0838
60910.0000,6091,2946.8911,0.0000,1000,997,997,1,25.0598
60920.0000,6092,2946.8995,0.0000,1000,999,1000,1,25.0554
60930.0000,6093,2946.9082,0.0000,999,1000,1000,1,25.1656
60940.0000,6094,2946.9169,0.0000,1000,1000,1000,1,25.2756
60950.0000,6095,2946.9255,0.0000,1000,1000,1000,1,25.3512
60960.0000,6096,2946.9341,0.0000,1000,1000,999,1,25.3952
60970.0000,6097,2946.9425,0.0000,999,1000,999,1,25.3370
60980.0000,6098,2946.9507,0.0000,998,996,1000,1,25.2639
60990.0000,6099,2946.9588,0.0000,1000,996,1000,1,25.3237
61000.0000,6100,2946.9670,0.0000,1000,997,997,1,25.2832
61010.0000,6101,2946.9751,0.0000,1000,1000,999,1,25.2578
61020.0000,6102,2946.9836,0.0000,998,1000,999,1,25.2676
61030.0000,6103,2946.9919,0.0000,999,1000,1000,1,25.2626
61040.0000,6104,2947.0003,0.0000,999,1000,999,1,25.2724
61050.0000,6105,2947.0088,0.0000,1000,1000,1000,1,25.2823
61060.0000,6106,2947.0173,0.0000,1000,1000,999,1,25.2751
61070.0000,6107,2947.0257,0.0000,999,999,999,1,25.2183
61080.0000,6108,2947.0337,0.0000,1000,1000,1000,1,25.1787
61090.0000,6109,2947.0420,0.0000,1000,999,999,1,25.1392
61100.0000,6110,2947.0505,0.0000,1000,999,999,1,25.1673
61110.0000,6111,2947.0588,0.0000,998,1000,1000,1,25.1778
61120.0000,6112,2947.0671,0.0000,1000,1000,999,1,25.1879
61130.0000,6113,2947.0757,0.0000,1000,1000,1000,1,25.2305
61140.0000,6114,2947.0843,0.0000,999,1000,1000,1,25.2405
61150.0000,6115,2947.0929,0.0000,1000,999,1000,1,25.3342
61160.0000,6116,2947.1013,0.0000,1000,998,998,1,25.3277
61170.0000,6117,2947.1096,0.0000,1000,999,999,1,25.3875
61180.0000,6118,2947.1179,0.0000,999,1000,998,1,25.2802
61190.0000,6119,2947.1261,0.0000,1000,997,1000,1,25.2250
61200.0000,6120,2947.1345,0.0000,1000,1000,1000,1,25.2012
61210.0000,6121,2947.1427,0.0000,997,1000,1000,1,25.1620
61220.0000,6122,2947.1508,0.0000,1000,1000,1000,1,25.1722
61230.0000,6123,2947.1591,0.0000,1000,1000,1000,1,25.1503
61240.0000,6124,2947.1675,0.0000,1000,999,1000,1,25.1278
61250.0000,6125,2947.1760,0.0000,1000,1000,1000,1,25.1220
61260.0000,6126,2947.1845,0.0000,1000,1000,1000,1,25.1326
61270.0000,6127,2947.1930,0.0000,1000,999,1000,1,25.1595
61280.0000,6128,2947.2014,0.0000,1000,999,1000,1,25.1696
61290.0000,6129,2947.2097,0.0000,998,1000,999,1,25.1633
61300.0000,6130,2947.2180,0.0000,1000,1000,999,1,25.1733
61310.0000,6131,2947.2264,0.0000,1000,1000,1000,1,25.1996
61320.0000,6132,2947.2345,0.0000,1000,1000,998,1,25.0438
61330.0000,6133,2947.2429,0.0000,1000,1000,1000,1,25.1199
61340.0000,6134,2947.2514,0.0000,1000,1000,1000,1,25.1634
61350.0000,6135,2947.2598,0.0000,1000,1000,998,1,25.2061
61360.0000,6136,2947.2683,0.0000,999,1000,1000,1,25.2161
61370.0000,6137,2947.2767,0.0000,1000,999,1000,1,25.2589
61380.0000,6138,2947.2852,0.0000,1000,998,998,1,25.2523
61390.0000,6139,2947.2936,0.0000,1000,1000,1000,1,25.3446
61400.0000,6140,2947.3020,0.0000,999,1000,1000,1,25.3538
61410.0000,6141,2947.3104,0.0000,999,999,998,1,25.3131
61420.0000,6142,2947.3188,0.0000,999,1000,1000,1,25.3553
61430.0000,6143,2947.3272,0.0000,999,1000,999,1,25.3812
61440.0000,6144,2947.3353,0.0000,1000,1000,999,1,25.3408
61450.0000,6145,2947.3437,0.0000,1000,999,999,1,25.3336
61460.0000,6146,2947.3520,0.0000,1000,1000,1000,1,25.3600
61470.0000,6147,2947.3605,0.0000,1000,1000,999,1,25.4191
61480.0000,6148,2947.3689,0.0000,1000,1000,1000,1,25.4463
61490.0000,6149,2947.3774,0.0000,1000,999,1000,1,25.4703
61500.0000,6150,2947.3857,0.0000,1000,1000,999,1,25.4465
61510.0000,6151,2947.3940,0.0000,1000,999,1000,1,25.4735
61520.0000,6152,2947.4025,0.0000,1000,1000,1000,1,25.5470
61530.0000,6153,2947.4108,0.0000,999,999,1000,1,25.5903
61540.0000,6154,2947.4193,0.0000,1000,1000,999,1,25.5983
61550.0000,6155,2947.4274,0.0000,999,999,999,1,25.4882
61560.0000,6156,2947.4353,0.0000,1000,1000,999,1,25.4639
61570.0000,6157,2947.4437,0.0000,1000,1000,1000,1,25.4371
61580.0000,6158,2947.4522,0.0000,1000,1000,1000,1,25.4951
61590.0000,6159,2947.4603,0.0000,1000,999,999,1,25.3525
61600.0000,6160,2947.4686,0.0000,998,999,999,1,25.2456
61610.0000,6161,2947.4766,0.0000,999,999,1000,1,25.2192
61620.0000,6162,2947.4849,0.0000,1000,1000,999,1,25.2120
61630.0000,6163,2947.4931,0.0000,999,1000,1000,1,25.2033
61640.0000,6164,2947.5014,0.0000,1000,1000,999,1,25.2282
61650.0000,6165,2947.5098,0.0000,1000,999,999,1,25.1861
61660.0000,6166,2947.5179,0.0000,1000,1000,1000,1,25.1591
61670.0000,6167,2947.5260,0.0000,1000,1000,1000,1,25.1029
61680.0000,6168,2947.5342,0.0000,1000,1000,999,1,25.0618
61690.0000,6169,2947.5426,0.0000,1000,1000,999,1,25.0705
61700.0000,6170,2947.5508,0.0000,998,1000,997,1,25.0117
61710.0000,6171,2947.5587,0.0000,999,999,1000,1,25.0022
61720.0000,6172,2947.5667,0.0000,1000,1000,998,1,24.9465
61730.0000,6173,2947.5750,0.0000,1000,999,999,1,24.9551
61740.0000,6174,2947.5832,0.0000,1000,999,999,1,24.9139
61750.0000,6175,2947.5911,0.0000,999,1000,999,1,24.8228
61760.0000,6176,2947.5994,0.0000,999,999,1000,1,24.8146
61770.0000,6177,2947.6076,0.0000,1000,999,1000,1,24.8902
61780.0000,6178,2947.6157,0.0000,997,1000,997,1,24.7642
61790.0000,6179,2947.6236,0.0000,998,999,1000,1,24.7728
61800.0000,6180,2947.6315,0.0000,1000,999,999,1,24.6683
61810.0000,6181,2947.6396,0.0000,999,1000,1000,1,24.6421
61820.0000,6182,2947.6480,0.0000,1000,1000,1000,1,24.6702
61830.0000,6183,2947.6562,0.0000,1000,1000,1000,1,24.6307
61840.0000,6184,2947.6644,0.0000,1000,999,1000,1,24.5587
61850.0000,6185,2947.6726,0.0000,998,999,999,1,24.5026
61860.0000,6186,2947.6807,0.0000,1000,999,999,1,24.4941
61870.0000,6187,2947.6888,0.0000,999,1000,999,1,24.5222
61880.0000,6188,2947.6969,0.0000,999,998,997,1,24.5131
61890.0000,6189,2947.7049,0.0000,1000,1000,1000,1,24.5083
61900.0000,6190,2947.7134,0.0000,1000,1000,1000,1,24.5999
61910.0000,6191,2947.7216,0.0000,999,1000,999,1,24.6090
61920.0000,6192,2947.7298,0.0000,1000,999,1000,1,24.6486
61930.0000,6193,2947.7382,0.0000,1000,999,1000,1,24.7069
61940.0000,6194,2947.7464,0.0000,999,1000,1000,1,24.7344
61950.0000,6195,2947.7547,0.0000,999,1000,1000,1,24.6933
61960.0000,6196,2947.7629,0.0000,999,999,1000,1,24.6830
61970.0000,6197,2947.7712,0.0000,999,999,1000,1,24.6914
61980.0000,6198,2947.7794,0.0000,999,1000,999,1,24.7190
61990.0000,6199,2947.7874,0.0000,1000,998,1000,1,24.6590
62000.0000,6200,2947.7957,0.0000,1000,1000,1000,1,24.6866
62010.0000,6201,2947.8039,0.0000,1000,1000,1000,1,24.6270
62020.0000,6202,2947.8123,0.0000,1000,999,1000,1,24.7347
62030.0000,6203,2947.8201,0.0000,998,998,999,1,24.5454
62040.0000,6204,2947.8282,0.0000,999,1000,1000,1,24.6232
62050.0000,6205,2947.8365,0.0000,1000,999,999,1,24.6483
62060.0000,6206,2947.8446,0.0000,1000,999,999,1,24.6218
62070.0000,6207,2947.8529,0.0000,1000,1000,1000,1,24.6501
62080.0000,6208,2947.8610,0.0000,1000,997,999,1,24.6402
62090.0000,6209,2947.8691,0.0000,1000,1000,1000,1,24.6985
62100.0000,6210,2947.8773,0.0000,1000,1000,998,1,24.6934
62110.0000,6211,2947.8855,0.0000,999,1000,999,1,24.6861
62120.0000,6212,2947.8936,0.0000,1000,1000,1000,1,24.6953
62130.0000,6213,2947.9018,0.0000,998,999,999,1,24.6363
62140.0000,6214,2947.9100,0.0000,999,1000,1000,1,24.6457
62150.0000,6215,2947.9183,0.0000,1000,999,999,1,24.6410
62160.0000,6216,2947.9264,0.0000,1000,1000,1000,1,24.6502
62170.0000,6217,2947.9347,0.0000,999,998,999,1,24.6734
62180.0000,6218,2947.9428,0.0000,999,1000,999,1,24.5700
62190.0000,6219,2947.9508,0.0000,999,999,1000,1,24.4325
62200.0000,6220,2947.9589,0.0000,1000,1000,1000,1,24.4258
62210.0000,6221,2947.9668,0.0000,1000,999,999,1,24.3052
62220.0000,6222,2947.9750,0.0000,999,999,999,1,24.2987
62230.0000,6223,2947.9832,0.0000,999,999,1000,1,24.3390
62240.0000,6224,2947.9913,0.0000,1000,999,999,1,24.3348
62250.0000,6225,2947.9993,0.0000,1000,1000,1000,1,24.3103
62260.0000,6226,2948.0075,0.0000,1000,1000,1000,1,24.3694
62270.0000,6227,2948.0156,0.0000,1000,1000,1000,1,24.3000
62280.0000,6228,2948.0238,0.0000,1000,1000,1000,1,24.3264
62290.0000,6229,2948.0320,0.0000,1000,999,1000,1,24.3009
62300.0000,6230,2948.0402,0.0000,1000,1000,1000,1,24.3945
62310.0000,6231,2948.0485,0.0000,1000,1000,999,1,24.5018
62320.0000,6232,2948.0567,0.0000,1000,999,1000,1,24.4756
62330.0000,6233,2948.0648,0.0000,1000,1000,999,1,24.4215
62340.0000,6234,2948.0730,0.0000,1000,1000,1000,1,24.4144
62350.0000,6235,2948.0812,0.0000,1000,1000,1000,1,24.4725
62360.0000,6236,2948.0891,0.0000,998,1000,1000,1,24.3155
62370.0000,6237,2948.0972,0.0000,1000,1000,1000,1,24.3430
62380.0000,6238,2948.1054,0.0000,999,1000,1000,1,24.3520
62390.0000,6239,2948.1135,0.0000,999,1000,1000,1,24.3428
62400.0000,6240,2948.1216,0.0000,1000,1000,999,1,24.3369
62410.0000,6241,2948.1296,0.0000,1000,1000,1000,1,24.2970
62420.0000,6242,2948.1378,0.0000,1000,998,1000,1,24.1745
62430.0000,6243,2948.1458,0.0000,1000,999,1000,1,24.1840
62440.0000,6244,2948.1539,0.0000,1000,999,1000,1,24.1446
62450.0000,6245,2948.1620,0.0000,1000,1000,998,1,24.0905
62460.0000,6246,2948.1701,0.0000,999,999,999,1,24.0846
62470.0000,6247,2948.1776,0.0000,998,999,998,1,24.0269
62480.0000,6248,2948.1856,0.0000,1000,999,1000,1,23.9882
62490.0000,6249,2948.1931,0.0000,998,998,996,1,23.8518
62500.0000,6250,2948.2009,0.0000,999,1000,999,1,23.8807
62510.0000,6251,2948.2089,0.0000,1000,1000,1000,1,23.8579
62520.0000,6252,2948.2172,0.0000,999,1000,999,1,23.9009
62530.0000,6253,2948.2251,0.0000,999,998,999,1,23.7808
62540.0000,6254,2948.2330,0.0000,1000,998,1000,1,23.7913
62550.0000,6255,2948.2409,0.0000,1000,1000,1000,1,23.7855
62560.0000,6256,2948.2490,0.0000,999,1000,999,1,23.7289
62570.0000,6257,2948.2570,0.0000,1000,1000,999,1,23.6769
62580.0000,6258,2948.2650,0.0000,1000,1000,999,1,23.6877
62590.0000,6259,2948.2731,0.0000,1000,999,1000,1,23.7608
62600.0000,6260,2948.2811,0.0000,999,1000,1000,1,23.7232
62610.0000,6261,2948.2892,0.0000,1000,999,999,1,23.7202
62620.0000,6262,2948.2969,0.0000,1000,999,1000,1,23.6826
62630.0000,6263,2948.3050,0.0000,1000,999,1000,1,23.7070
62640.0000,6264,2948.3132,0.0000,999,1000,1000,1,23.7358
62650.0000,6265,2948.3208,0.0000,999,997,998,1,23.6186
62660.0000,6266,2948.3288,0.0000,998,1000,999,1,23.6131
62670.0000,6267,2948.3368,0.0000,999,1000,1000,1,23.5930
62680.0000,6268,2948.3447,0.0000,998,999,999,1,23.5563
62690.0000,6269,2948.3522,0.0000,997,1000,998,1,23.4714
62700.0000,6270,2948.3602,0.0000,999,1000,1000,1,23.5149
62710.0000,6271,2948.3679,0.0000,1000,997,999,1,23.4135
62720.0000,6272,2948.3756,0.0000,1000,997,1000,1,23.4116
62730.0000,6273,2948.3834,0.0000,996,998,998,1,23.3758
62740.0000,6274,2948.3909,0.0000,998,998,999,1,23.3402
62750.0000,6275,2948.3988,0.0000,1000,999,1000,1,23.4003
62760.0000,6276,2948.4069,0.0000,1000,1000,998,1,23.3174
62770.0000,6277,2948.4148,0.0000,999,1000,999,1,23.3137
62780.0000,6278,2948.4228,0.0000,999,1000,1000,1,23.2790
62790.0000,6279,2948.4307,0.0000,1000,1000,1000,1,23.2752
62800.0000,6280,2948.4388,0.0000,1000,1000,1000,1,23.2577
62810.0000,6281,2948.4470,0.0000,999,1000,1000,1,23.3183
62820.0000,6282,2948.4551,0.0000,1000,1000,1000,1,23.3788
62830.0000,6283,2948.4630,0.0000,999,1000,1000,1,23.3442
62840.0000,6284,2948.4710,0.0000,999,999,998,1,23.3095
62850.0000,6285,2948.4788,0.0000,1000,1000,998,1,23.2914
62860.0000,6286,2948.4866,0.0000,999,999,998,1,23.3046
62870.0000,6287,2948.4946,0.0000,1000,1000,1000,1,23.3963
62880.0000,6288,2948.5027,0.0000,999,1000,1000,1,23.4091
62890.0000,6289,2948.5107,0.0000,1000,1000,999,1,23.4216
62900.0000,6290,2948.5187,0.0000,1000,1000,999,1,23.4508
62910.0000,6291,2948.5267,0.0000,999,999,998,1,23.4635
62920.0000,6292,2948.5346,0.0000,1000,1000,1000,1,23.4288
62930.0000,6293,2948.5425,0.0000,1000,1000,1000,1,23.4251
62940.0000,6294,2948.5505,0.0000,1000,1000,1000,1,23.4853
62950.0000,6295,2948.5582,0.0000,998,998,1000,1,23.4337
62960.0000,6296,2948.5658,0.0000,997,998,998,1,23.3050
62970.0000,6297,2948.5736,0.0000,999,1000,1000,1,23.3345
62980.0000,6298,2948.5816,0.0000,1000,1000,999,1,23.3003
62990.0000,6299,2948.5895,0.0000,1000,999,999,1,23.2829
63000.0000,6300,2948.5975,0.0000,999,998,999,1,23.3108
63010.0000,6301,2948.6054,0.0000,1000,1000,1000,1,23.3398
63020.0000,6302,2948.6131,0.0000,998,997,999,1,23.2423
63030.0000,6303,2948.6208,0.0000,1000,999,999,1,23.2714
63040.0000,6304,2948.6287,0.0000,1000,1000,1000,1,23.2540
63050.0000,6305,2948.6368,0.0000,1000,1000,1000,1,23.3452
63060.0000,6306,2948.6448,0.0000,1000,1000,1000,1,23.4053
63070.0000,6307,2948.6528,0.0000,999,1000,999,1,23.3705
63080.0000,6308,2948.6607,0.0000,999,1000,1000,1,23.4146
63090.0000,6309,2948.6683,0.0000,999,1000,997,1,23.3485
63100.0000,6310,2948.6762,0.0000,1000,1000,1000,1,23.3777
63110.0000,6311,2948.6843,0.0000,1000,1000,1000,1,23.4522
63120.0000,6312,2948.6921,0.0000,999,1000,998,1,23.4021
63130.0000,6313,2948.6997,0.0000,997,998,999,1,23.3336
63140.0000,6314,2948.7075,0.0000,999,999,1000,1,23.3456
63150.0000,6315,2948.7155,0.0000,999,999,999,1,23.3426
63160.0000,6316,2948.7233,0.0000,1000,998,1000,1,23.3069
63170.0000,6317,2948.7308,0.0000,1000,997,998,1,23.1910
63180.0000,6318,2948.7379,0.0000,999,1000,998,1,23.0935
63190.0000,6319,2948.7457,0.0000,999,999,1000,1,23.1202
63200.0000,6320,2948.7536,0.0000,999,1000,1000,1,23.1487
63210.0000,6321,2948.7616,0.0000,1000,1000,999,1,23.1299
63220.0000,6322,2948.7696,0.0000,999,1000,999,1,23.1261
63230.0000,6323,2948.7776,0.0000,1000,1000,1000,1,23.1859
63240.0000,6324,2948.7852,0.0000,996,999,995,1,23.0095
63250.0000,6325,2948.7923,0.0000,1000,1000,997,1,23.0530
63260.0000,6326,2948.7998,0.0000,1000,1000,999,1,23.0821
63270.0000,6327,2948.8075,0.0000,999,998,998,1,23.0301
63280.0000,6328,2948.8150,0.0000,999,999,998,1,22.9951
63290.0000,6329,2948.8229,0.0000,999,999,1000,1,23.0253
63300.0000,6330,2948.8308,0.0000,1000,1000,999,1,23.0550
63310.0000,6331,2948.8386,0.0000,998,1000,999,1,23.0028
63320.0000,6332,2948.8463,0.0000,1000,1000,1000,1,23.0153
63330.0000,6333,2948.8542,0.0000,1000,1000,1000,1,23.0568
63340.0000,6334,2948.8620,0.0000,1000,998,1000,1,23.0216
63350.0000,6335,2948.8698,0.0000,1000,1000,1000,1,23.0516
63360.0000,6336,2948.8778,0.0000,1000,1000,1000,1,23.1283
63370.0000,6337,2948.8856,0.0000,1000,1000,999,1,23.0928
63380.0000,6338,2948.8933,0.0000,999,999,1000,1,23.0703
63390.0000,6339,2948.9013,0.0000,1000,1000,1000,1,23.1302
63400.0000,6340,2948.9092,0.0000,1000,1000,1000,1,23.1134
63410.0000,6341,2948.9167,0.0000,1000,997,999,1,22.9205
63420.0000,6342,2948.9244,0.0000,999,999,999,1,22.9515
63430.0000,6343,2948.9319,0.0000,1000,999,999,1,22.8879
63440.0000,6344,2948.9395,0.0000,1000,999,1000,1,22.7731
63450.0000,6345,2948.9473,0.0000,1000,1000,1000,1,22.7577
63460.0000,6346,2948.9548,0.0000,1000,1000,1000,1,22.6947
63470.0000,6347,2948.9625,0.0000,999,999,998,1,22.6918
63480.0000,6348,2948.9703,0.0000,1000,999,1000,1,22.6423
63490.0000,6349,2948.9782,0.0000,1000,1000,999,1,22.6909
63500.0000,6350,2948.9859,0.0000,1000,1000,1000,1,22.6585
63510.0000,6351,2948.9937,0.0000,1000,999,998,1,22.6264
63520.0000,6352,2949.0015,0.0000,1000,1000,1000,1,22.6408
63530.0000,6353,2949.0095,0.0000,1000,1000,1000,1,22.7134
63540.0000,6354,2949.0171,0.0000,1000,1000,999,1,22.6807
63550.0000,6355,2949.0249,0.0000,999,1000,1000,1,22.6198
63560.0000,6356,2949.0327,0.0000,999,1000,1000,1,22.6341
63570.0000,6357,2949.0406,0.0000,1000,999,1000,1,22.6768
63580.0000,6358,2949.0485,0.0000,999,1000,998,1,22.6624
63590.0000,6359,2949.0563,0.0000,1000,999,1000,1,22.7511
63600.0000,6360,2949.0642,0.0000,1000,999,998,1,22.7999
63610.0000,6361,2949.0720,0.0000,999,1000,1000,1,22.8430
63620.0000,6362,2949.0798,0.0000,1000,1000,1000,1,22.8735
63630.0000,6363,2949.0877,0.0000,1000,999,1000,1,22.8980
63640.0000,6364,2949.0952,0.0000,999,999,997,1,22.8185
63650.0000,6365,2949.1031,0.0000,1000,999,999,1,22.8680
63660.0000,6366,2949.1110,0.0000,1000,999,999,1,22.8818
63670.0000,6367,2949.1188,0.0000,999,997,1000,1,22.8600
63680.0000,6368,2949.1260,0.0000,1000,997,998,1,22.8630
63690.0000,6369,2949.1335,0.0000,1000,999,999,1,22.8309
63700.0000,6370,2949.1412,0.0000,998,999,1000,1,22.8095
63710.0000,6371,2949.1488,0.0000,1000,1000,1000,1,22.7956
63720.0000,6372,2949.1566,0.0000,1000,1000,1000,1,22.8563
63730.0000,6373,2949.1643,0.0000,1000,1000,1000,1,22.8521
63740.0000,6374,2949.1721,0.0000,999,999,1000,1,22.8662
63750.0000,6375,2949.1798,0.0000,1000,999,1000,1,22.8338
63760.0000,6376,2949.1875,0.0000,1000,1000,1000,1,22.8019
63770.0000,6377,2949.1953,0.0000,999,1000,1000,1,22.8344
63780.0000,6378,2949.2031,0.0000,999,999,1000,1,22.8485
63790.0000,6379,2949.2109,0.0000,1000,1000,1000,1,22.9089
63800.0000,6380,2949.2187,0.0000,1000,999,1000,1,22.9042
63810.0000,6381,2949.2264,0.0000,999,1000,998,1,22.8899
63820.0000,6382,2949.2341,0.0000,1000,998,1000,1,22.8853
63830.0000,6383,2949.2417,0.0000,1000,999,999,1,22.8070
63840.0000,6384,2949.2495,0.0000,1000,1000,1000,1,22.8568
63850.0000,6385,2949.2571,0.0000,1000,999,1000,1,22.7895
63860.0000,6386,2949.2648,0.0000,998,1000,1000,1,22.8040
63870.0000,6387,2949.2725,0.0000,999,1000,1000,1,22.8828
63880.0000,6388,2949.2804,0.0000,1000,1000,1000,1,22.9711
63890.0000,6389,2949.2881,0.0000,1000,999,1000,1,22.9386
63900.0000,6390,2949.2959,0.0000,1000,1000,999,1,22.9420
63910.0000,6391,2949.3037,0.0000,1000,1000,1000,1,23.0028
63920.0000,6392,2949.3114,0.0000,999,998,1000,1,22.9825
63930.0000,6393,2949.3191,0.0000,999,1000,1000,1,23.0151
63940.0000,6394,2949.3268,0.0000,1000,999,1000,1,23.0758
63950.0000,6395,2949.3346,0.0000,999,999,1000,1,23.1174
63960.0000,6396,2949.3424,0.0000,1000,999,999,1,23.2125
63970.0000,6397,2949.3501,0.0000,998,999,998,1,23.0874
63980.0000,6398,2949.3577,0.0000,1000,1000,1000,1,23.1013
63990.0000,6399,2949.3655,0.0000,1000,999,1000,1,23.1733
64000.0000,6400,2949.3733,0.0000,998,1000,999,1,23.1593
64010.0000,6401,2949.3810,0.0000,999,1000,1000,1,23.2194
64020.0000,6402,2949.3887,0.0000,999,999,999,1,23.1684
64030.0000,6403,2949.3964,0.0000,999,1000,1000,1,23.1823
64040.0000,6404,2949.4041,0.0000,1000,1000,1000,1,23.2765
64050.0000,6405,2949.4119,0.0000,1000,999,1000,1,23.2556
64060.0000,6406,2949.4195,0.0000,998,999,1000,1,23.2226
64070.0000,6407,2949.4272,0.0000,1000,1000,1000,1,23.2080
64080.0000,6408,2949.4347,0.0000,1000,1000,999,1,23.2031
64090.0000,6409,2949.4426,0.0000,999,1000,999,1,23.3090
64100.0000,6410,2949.4503,0.0000,1000,999,1000,1,23.3685
64110.0000,6411,2949.4581,0.0000,1000,999,1000,1,23.4159
64120.0000,6412,2949.4657,0.0000,1000,999,997,1,23.3825
64130.0000,6413,2949.4734,0.0000,999,999,1000,1,23.4078
64140.0000,6414,2949.4810,0.0000,1000,999,999,1,23.3938
64150.0000,6415,2949.4886,0.0000,1000,1000,1000,1,23.3764
64160.0000,6416,2949.4964,0.0000,1000,1000,1000,1,23.4360
64170.0000,6417,2949.5040,0.0000,999,1000,999,1,23.3682
64180.0000,6418,2949.5117,0.0000,1000,1000,1000,1,23.4156
64190.0000,6419,2949.5192,0.0000,1000,1000,1000,1,23.3362
64200.0000,6420,2949.5270,0.0000,1000,1000,1000,1,23.3957
64210.0000,6421,2949.5345,0.0000,996,1000,998,1,23.3004
64220.0000,6422,2949.5421,0.0000,999,999,999,1,23.3135
64230.0000,6423,2949.5498,0.0000,1000,1000,999,1,23.3729
64240.0000,6424,2949.5573,0.0000,999,1000,999,1,23.2933
64250.0000,6425,2949.5648,0.0000,999,998,997,1,23.2142
64260.0000,6426,2949.5723,0.0000,1000,1000,1000,1,23.2086
64270.0000,6427,2949.5800,0.0000,1000,999,1000,1,23.1761
64280.0000,6428,2949.5877,0.0000,999,999,1000,1,23.2359
64290.0000,6429,2949.5955,0.0000,1000,1000,1000,1,23.3417
64300.0000,6430,2949.6032,0.0000,1000,1000,1000,1,23.4356
64310.0000,6431,2949.6109,0.0000,999,1000,999,1,23.4327
64320.0000,6432,2949.6184,0.0000,999,999,998,1,23.3803
64330.0000,6433,2949.6260,0.0000,999,999,1000,1,23.3934
64340.0000,6434,2949.6336,0.0000,999,1000,999,1,23.4257
64350.0000,6435,2949.6410,0.0000,1000,998,999,1,23.4081
64360.0000,6436,2949.6486,0.0000,1000,1000,999,1,23.4675
64370.0000,6437,2949.6563,0.0000,1000,1000,998,1,23.4810
64380.0000,6438,2949.6638,0.0000,998,1000,1000,1,23.4792
64390.0000,6439,2949.6716,0.0000,1000,999,1000,1,23.5653
64400.0000,6440,2949.6792,0.0000,1000,1000,1000,1,23.6245
64410.0000,6441,2949.6867,0.0000,998,1000,1000,1,23.5797
64420.0000,6442,2949.6942,0.0000,1000,1000,1000,1,23.5777
64430.0000,6443,2949.7018,0.0000,1000,999,999,1,23.5596
64440.0000,6444,2949.7095,0.0000,1000,1000,1000,1,23.6501
64450.0000,6445,2949.7169,0.0000,1000,999,999,1,23.6781
64460.0000,6446,2949.7246,0.0000,1000,1000,1000,1,23.7373
64470.0000,6447,2949.7323,0.0000,1000,999,999,1,23.7501
64480.0000,6448,2949.7396,0.0000,999,999,999,1,23.7749
64490.0000,6449,2949.7472,0.0000,1000,999,1000,1,23.7415
64500.0000,6450,2949.7548,0.0000,999,1000,999,1,23.6971
64510.0000,6451,2949.7624,0.0000,999,999,1000,1,23.7225
64520.0000,6452,2949.7699,0.0000,999,999,998,1,23.6898
64530.0000,6453,2949.7772,0.0000,1000,1000,999,1,23.5994
64540.0000,6454,2949.7847,0.0000,1000,999,999,1,23.5669
64550.0000,6455,2949.7924,0.0000,1000,1000,999,1,23.5653
64560.0000,6456,2949.8001,0.0000,1000,1000,1000,1,23.5602
64570.0000,6457,2949.8076,0.0000,1000,1000,1000,1,23.5462
64580.0000,6458,2949.8152,0.0000,1000,999,998,1,23.5290
64590.0000,6459,2949.8228,0.0000,1000,1000,1000,1,23.5536
64600.0000,6460,2949.8304,0.0000,1000,1000,1000,1,23.5667
64610.0000,6461,2949.8380,0.0000,1000,1000,1000,1,23.5984
64620.0000,6462,2949.8454,0.0000,999,999,997,1,23.6113
64630.0000,6463,2949.8528,0.0000,1000,1000,1000,1,23.6053
64640.0000,6464,2949.8602,0.0000,996,997,998,1,23.4342
64650.0000,6465,2949.8674,0.0000,999,999,1000,1,23.4932
64660.0000,6466,2949.8750,0.0000,1000,998,999,1,23.5061
64670.0000,6467,2949.8825,0.0000,998,1000,1000,1,23.5373
64680.0000,6468,2949.8897,0.0000,1000,1000,999,1,23.5198
64690.0000,6469,2949.8974,0.0000,999,1000,1000,1,23.6088
64700.0000,6470,2949.9049,0.0000,1000,1000,1000,1,23.6372
64710.0000,6471,2949.9125,0.0000,1000,1000,1000,1,23.6335
64720.0000,6472,2949.9201,0.0000,999,1000,999,1,23.6918
64730.0000,6473,2949.9275,0.0000,999,1000,999,1,23.6577
64740.0000,6474,2949.9347,0.0000,1000,999,999,1,23.5933
64750.0000,6475,2949.9421,0.0000,998,1000,999,1,23.5893
64760.0000,6476,2949.9490,0.0000,997,1000,1000,1,23.4450
64770.0000,6477,2949.9561,0.0000,997,999,999,1,23.3379
64780.0000,6478,2949.9635,0.0000,999,999,1000,1,23.2866
64790.0000,6479,2949.9710,0.0000,1000,999,1000,1,23.3452
64800.0000,6480,2949.9785,0.0000,999,998,1000,1,23.3294
64810.0000,6481,2949.9858,0.0000,1000,999,1000,1,23.2779
64820.0000,6482,2949.9933,0.0000,999,1000,999,1,23.3082
64830.0000,6483,2950.0008,0.0000,999,999,1000,1,23.2567
64840.0000,6484,2950.0083,0.0000,1000,1000,1000,1,23.3151
64850.0000,6485,2950.0158,0.0000,998,1000,998,1,23.2989
64860.0000,6486,2950.0232,0.0000,1000,1000,1000,1,23.2650
64870.0000,6487,2950.0308,0.0000,999,1000,1000,1,23.3234
64880.0000,6488,2950.0384,0.0000,1000,1000,1000,1,23.3045
64890.0000,6489,2950.0460,0.0000,1000,1000,999,1,23.3627
64900.0000,6490,2950.0536,0.0000,999,1000,999,1,23.4060
64910.0000,6491,2950.0611,0.0000,1000,1000,999,1,23.4181
64920.0000,6492,2950.0686,0.0000,999,999,999,1,23.3993
64930.0000,6493,2950.0759,0.0000,1000,1000,999,1,23.3970
64940.0000,6494,2950.0831,0.0000,998,1000,999,1,23.3635
64950.0000,6495,2950.0906,0.0000,999,998,1000,1,23.4217
64960.0000,6496,2950.0979,0.0000,999,1000,998,1,23.4339
64970.0000,6497,2950.1052,0.0000,1000,999,999,1,23.4615
64980.0000,6498,2950.1127,0.0000,999,1000,1000,1,23.5045
64990.0000,6499,2950.1202,0.0000,1000,998,1000,1,23.4989
65000.0000,6500,2950.1277,0.0000,999,999,1000,1,23.5110
65010.0000,6501,2950.1351,0.0000,1000,1000,1000,1,23.5098
65020.0000,6502,2950.1427,0.0000,1000,1000,999,1,23.5066
65030.0000,6503,2950.1502,0.0000,1000,999,1000,1,23.5339
65040.0000,6504,2950.1576,0.0000,1000,999,997,1,23.5456
65050.0000,6505,2950.1650,0.0000,1000,999,1000,1,23.5247
65060.0000,6506,2950.1725,0.0000,1000,1000,1000,1,23.5235
65070.0000,6507,2950.1801,0.0000,999,1000,1000,1,23.5663
65080.0000,6508,2950.1875,0.0000,999,1000,1000,1,23.5934
65090.0000,6509,2950.1950,0.0000,999,999,1000,1,23.5901
65100.0000,6510,2950.2024,0.0000,1000,999,1000,1,23.5846
65110.0000,6511,2950.2095,0.0000,1000,997,1000,1,23.4591
65120.0000,6512,2950.2169,0.0000,1000,1000,1000,1,23.5037
65130.0000,6513,2950.2243,0.0000,1000,999,1000,1,23.4834
65140.0000,6514,2950.2317,0.0000,1000,998,999,1,23.4822
65150.0000,6515,2950.2392,0.0000,1000,1000,1000,1,23.5403
65160.0000,6516,2950.2467,0.0000,1000,999,1000,1,23.5657
65170.0000,6517,2950.2540,0.0000,1000,1000,999,1,23.5187
65180.0000,6518,2950.2616,0.0000,999,1000,1000,1,23.6071
65190.0000,6519,2950.2690,0.0000,1000,999,1000,1,23.6013
65200.0000,6520,2950.2763,0.0000,998,998,1000,1,23.5665
65210.0000,6521,2950.2833,0.0000,997,999,999,1,23.5316
65220.0000,6522,2950.2906,0.0000,999,999,1000,1,23.5603
65230.0000,6523,2950.2980,0.0000,999,1000,1000,1,23.5541
65240.0000,6524,2950.3056,0.0000,1000,999,1000,1,23.6113
65250.0000,6525,2950.3130,0.0000,1000,999,999,1,23.5623
65260.0000,6526,2950.3203,0.0000,999,1000,1000,1,23.5581
65270.0000,6527,2950.3277,0.0000,1000,1000,1000,1,23.5981
65280.0000,6528,2950.3351,0.0000,1000,1000,999,1,23.6090
65290.0000,6529,2950.3425,0.0000,999,999,999,1,23.6522
65300.0000,6530,2950.3500,0.0000,1000,1000,1000,1,23.6769
65310.0000,6531,2950.3575,0.0000,999,999,1000,1,23.6876
65320.0000,6532,2950.3649,0.0000,999,999,1000,1,23.6984
65330.0000,6533,2950.3723,0.0000,1000,999,999,1,23.6635
65340.0000,6534,2950.3796,0.0000,1000,1000,1000,1,23.6745
65350.0000,6535,2950.3871,0.0000,999,1000,999,1,23.6568
65360.0000,6536,2950.3944,0.0000,1000,999,999,1,23.6369
65370.0000,6537,2950.4019,0.0000,999,1000,1000,1,23.6790
65380.0000,6538,2950.4094,0.0000,1000,1000,1000,1,23.6591
65390.0000,6539,2950.4168,0.0000,999,1000,1000,1,23.7007
65400.0000,6540,2950.4242,0.0000,999,1000,999,1,23.6654
65410.0000,6541,2950.4314,0.0000,1000,1000,1000,1,23.6916
65420.0000,6542,2950.4390,0.0000,1000,999,1000,1,23.7621
65430.0000,6543,2950.4464,0.0000,1000,1000,1000,1,23.8513
65440.0000,6544,2950.4537,0.0000,999,998,999,1,23.8291
65450.0000,6545,2950.4612,0.0000,1000,999,1000,1,23.9318
65460.0000,6546,2950.4685,0.0000,999,999,998,1,23.9276
65470.0000,6547,2950.4754,0.0000,999,997,1000,1,23.8441
65480.0000,6548,2950.4827,0.0000,1000,999,999,1,23.9145
65490.0000,6549,2950.4900,0.0000,999,1000,999,1,23.8945
65500.0000,6550,2950.4974,0.0000,999,1000,999,1,23.9040
65510.0000,6551,2950.5046,0.0000,999,1000,999,1,23.8818
65520.0000,6552,2950.5119,0.0000,998,998,998,1,23.8593
65530.0000,6553,2950.5191,0.0000,999,1000,1000,1,23.8391
65540.0000,6554,2950.5266,0.0000,1000,999,999,1,23.8164
65550.0000,6555,2950.5339,0.0000,1000,999,999,1,23.7790
65560.0000,6556,2950.5411,0.0000,1000,1000,1000,1,23.7733
65570.0000,6557,2950.5483,0.0000,1000,998,999,1,23.6580
65580.0000,6558,2950.5553,0.0000,1000,998,999,1,23.6209
65590.0000,6559,2950.5621,0.0000,1000,997,1000,1,23.5524
65600.0000,6560,2950.5693,0.0000,1000,1000,999,1,23.4544
65610.0000,6561,2950.5766,0.0000,999,1000,999,1,23.3561
65620.0000,6562,2950.5840,0.0000,1000,999,1000,1,23.3964
65630.0000,6563,2950.5914,0.0000,999,1000,1000,1,23.3913
65640.0000,6564,2950.5988,0.0000,1000,1000,1000,1,23.4322
65650.0000,6565,2950.6062,0.0000,1000,1000,1000,1,23.4574
65660.0000,6566,2950.6136,0.0000,1000,1000,999,1,23.5134
65670.0000,6567,2950.6211,0.0000,1000,1000,1000,1,23.5541
65680.0000,6568,2950.6285,0.0000,1000,1000,999,1,23.5324
65690.0000,6569,2950.6359,0.0000,1000,1000,1000,1,23.5565
65700.0000,6570,2950.6431,0.0000,1000,999,998,1,23.5050
65710.0000,6571,2950.6502,0.0000,1000,1000,1000,1,23.4680
65720.0000,6572,2950.6575,0.0000,999,1000,1000,1,23.4154
65730.0000,6573,2950.6649,0.0000,1000,1000,1000,1,23.4711
65740.0000,6574,2950.6723,0.0000,999,998,999,1,23.4962
65750.0000,6575,2950.6795,0.0000,999,1000,1000,1,23.4890
65760.0000,6576,2950.6868,0.0000,999,1000,998,1,23.4214
65770.0000,6577,2950.6939,0.0000,1000,999,1000,1,23.3508
65780.0000,6578,2950.7013,0.0000,1000,1000,1000,1,23.3770
65790.0000,6579,2950.7086,0.0000,998,1000,1000,1,23.3689
65800.0000,6580,2950.7159,0.0000,1000,999,1000,1,23.3779
65810.0000,6581,2950.7232,0.0000,999,999,999,1,23.3271
65820.0000,6582,2950.7304,0.0000,998,998,998,1,23.2271
65830.0000,6583,2950.7376,0.0000,1000,1000,1000,1,23.3117
65840.0000,6584,2950.7449,0.0000,999,999,999,1,23.2913
65850.0000,6585,2950.7522,0.0000,1000,1000,1000,1,23.2538
65860.0000,6586,2950.7595,0.0000,1000,1000,1000,1,23.1990
65870.0000,6587,2950.7664,0.0000,1000,1000,997,1,23.1153
65880.0000,6588,2950.7736,0.0000,1000,1000,1000,1,23.1423
65890.0000,6589,2950.7808,0.0000,999,999,999,1,23.1342
65900.0000,6590,2950.7879,0.0000,997,1000,999,1,23.0512
65910.0000,6591,2950.7948,0.0000,998,1000,999,1,22.9860
65920.0000,6592,2950.8020,0.0000,999,1000,1000,1,23.0421
65930.0000,6593,2950.8093,0.0000,999,999,999,1,23.0345
65940.0000,6594,2950.8165,0.0000,998,999,999,1,23.0158
65950.0000,6595,2950.8238,0.0000,1000,999,1000,1,23.0545
65960.0000,6596,2950.8312,0.0000,1000,1000,1000,1,23.1279
65970.0000,6597,2950.8384,0.0000,999,1000,1000,1,23.1375
65980.0000,6598,2950.8457,0.0000,1000,1000,999,1,23.1010
65990.0000,6599,2950.8528,0.0000,1000,998,999,1,23.0341
66000.0000,6600,2950.8599,0.0000,999,1000,1000,1,23.0285
66010.0000,6601,2950.8673,0.0000,1000,1000,999,1,23.0998
66020.0000,6602,2950.8743,0.0000,998,998,1000,1,23.0934
66030.0000,6603,2950.8815,0.0000,1000,1000,999,1,23.1183
66040.0000,6604,2950.8888,0.0000,999,1000,998,1,23.1118
66050.0000,6605,2950.8958,0.0000,1000,999,1000,1,23.0287
66060.0000,6606,2950.9029,0.0000,999,999,1000,1,22.9291
66070.0000,6607,2950.9101,0.0000,998,999,999,1,22.9557
66080.0000,6608,2950.9173,0.0000,1000,998,999,1,22.9811
66090.0000,6609,2950.9245,0.0000,999,999,1000,1,22.8984
66100.0000,6610,2950.9317,0.0000,998,999,998,1,22.8469
66110.0000,6611,2950.9387,0.0000,1000,1000,1000,1,22.8270
66120.0000,6612,2950.9460,0.0000,1000,1000,1000,1,22.8049
66130.0000,6613,2950.9532,0.0000,1000,1000,1000,1,22.8018
66140.0000,6614,2950.9605,0.0000,1000,1000,1000,1,22.8420
66150.0000,6615,2950.9677,0.0000,1000,1000,1000,1,22.7901
66160.0000,6616,2950.9750,0.0000,999,1000,1000,1,22.8626
66170.0000,6617,2950.9822,0.0000,999,1000,1000,1,22.8269
66180.0000,6618,2950.9895,0.0000,1000,1000,1000,1,22.8532
66190.0000,6619,2950.9966,0.0000,999,999,1000,1,22.8014
66200.0000,6620,2951.0037,0.0000,999,1000,999,1,22.7658
66210.0000,6621,2951.0109,0.0000,998,999,1000,1,22.7590
66220.0000,6622,2951.0181,0.0000,1000,1000,1000,1,22.8013
66230.0000,6623,2951.0254,0.0000,1000,999,1000,1,22.8413
66240.0000,6624,2951.0327,0.0000,1000,1000,1000,1,22.9122
66250.0000,6625,2951.0398,0.0000,999,998,1000,1,22.8755
66260.0000,6626,2951.0466,0.0000,997,998,999,1,22.8384
66270.0000,6627,2951.0535,0.0000,1000,1000,1000,1,22.8477
66280.0000,6628,2951.0605,0.0000,1000,1000,1000,1,22.7953
66290.0000,6629,2951.0676,0.0000,999,1000,1000,1,22.7428
66300.0000,6630,2951.0749,0.0000,1000,1000,1000,1,22.8300
66310.0000,6631,2951.0822,0.0000,999,999,1000,1,22.8694
66320.0000,6632,2951.0892,0.0000,1000,1000,1000,1,22.8482
66330.0000,6633,2951.0963,0.0000,1000,1000,1000,1,22.7654
66340.0000,6634,2951.1035,0.0000,998,999,999,1,22.7129
66350.0000,6635,2951.1107,0.0000,1000,1000,999,1,22.7380
66360.0000,6636,2951.1179,0.0000,999,999,999,1,22.7166
66370.0000,6637,2951.1252,0.0000,1000,999,1000,1,22.7720
66380.0000,6638,2951.1322,0.0000,999,997,998,1,22.7500
66390.0000,6639,2951.1389,0.0000,999,998,1000,1,22.7442
66400.0000,6640,2951.1460,0.0000,999,1000,1000,1,22.7224
66410.0000,6641,2951.1532,0.0000,999,1000,998,1,22.7169
66420.0000,6642,2951.1601,0.0000,1000,999,1000,1,22.7262
66430.0000,6643,2951.1673,0.0000,999,999,1000,1,22.7048
66440.0000,6644,2951.1740,0.0000,1000,997,999,1,22.6390
66450.0000,6645,2951.1812,0.0000,999,999,1000,1,22.7090
66460.0000,6646,2951.1883,0.0000,1000,1000,999,1,22.7184
66470.0000,6647,2951.1956,0.0000,1000,1000,1000,1,22.7424
66480.0000,6648,2951.2025,0.0000,999,1000,1000,1,22.6594
66490.0000,6649,2951.2097,0.0000,999,1000,1000,1,22.7145
66500.0000,6650,2951.2167,0.0000,1000,997,997,1,22.7083
66510.0000,6651,2951.2236,0.0000,998,999,1000,1,22.7165
66520.0000,6652,2951.2308,0.0000,1000,998,1000,1,22.7711
66530.0000,6653,2951.2379,0.0000,999,999,999,1,22.7019
66540.0000,6654,2951.2451,0.0000,999,998,999,1,22.7266
66550.0000,6655,2951.2521,0.0000,1000,1000,998,1,22.6885
66560.0000,6656,2951.2592,0.0000,999,1000,1000,1,22.6803
66570.0000,6657,2951.2664,0.0000,1000,1000,1000,1,22.6885
66580.0000,6658,2951.2735,0.0000,1000,999,1000,1,22.6668
66590.0000,6659,2951.2805,0.0000,1000,1000,999,1,22.6288
66600.0000,6660,2951.2877,0.0000,999,1000,1000,1,22.6666
66610.0000,6661,2951.2947,0.0000,1000,999,998,1,22.6134
66620.0000,6662,2951.3019,0.0000,999,999,998,1,22.6533
66630.0000,6663,2951.3087,0.0000,999,1000,999,1,22.6445
66640.0000,6664,2951.3157,0.0000,999,1000,999,1,22.6526
66650.0000,6665,2951.3227,0.0000,999,999,1000,1,22.6454
66660.0000,6666,2951.3298,0.0000,1000,1000,1000,1,22.6998
66670.0000,6667,2951.3370,0.0000,999,999,1000,1,22.7079
66680.0000,6668,2951.3441,0.0000,999,1000,999,1,22.6852
66690.0000,6669,2951.3510,0.0000,997,1000,999,1,22.6325
66700.0000,6670,2951.3577,0.0000,997,1000,999,1,22.5808
66710.0000,6671,2951.3644,0.0000,997,996,1000,1,22.4358
66720.0000,6672,2951.3714,0.0000,1000,999,999,1,22.4612
66730.0000,6673,2951.3785,0.0000,998,1000,1000,1,22.5001
66740.0000,6674,2951.3856,0.0000,999,999,999,1,22.5250
66750.0000,6675,2951.3927,0.0000,999,1000,1000,1,22.5641
66760.0000,6676,2951.3998,0.0000,1000,1000,1000,1,22.5728
66770.0000,6677,2951.4066,0.0000,999,1000,997,1,22.5355
66780.0000,6678,2951.4137,0.0000,999,999,1000,1,22.5744
66790.0000,6679,2951.4208,0.0000,1000,999,1000,1,22.5831
66800.0000,6680,2951.4279,0.0000,1000,1000,1000,1,22.5918
66810.0000,6681,2951.4350,0.0000,999,999,1000,1,22.5700
66820.0000,6682,2951.4420,0.0000,999,999,998,1,22.4869
66830.0000,6683,2951.4489,0.0000,999,1000,1000,1,22.4200
66840.0000,6684,2951.4558,0.0000,1000,999,1000,1,22.3522
66850.0000,6685,2951.4628,0.0000,1000,1000,1000,1,22.3471
66860.0000,6686,2951.4697,0.0000,999,999,999,1,22.3563
66870.0000,6687,2951.4767,0.0000,999,998,1000,1,22.2745
66880.0000,6688,2951.4836,0.0000,998,1000,999,1,22.2229
66890.0000,6689,2951.4907,0.0000,1000,1000,1000,1,22.3085
66900.0000,6690,2951.4978,0.0000,1000,999,1000,1,22.3177
66910.0000,6691,2951.5050,0.0000,1000,999,1000,1,22.3725
66920.0000,6692,2951.5121,0.0000,1000,1000,1000,1,22.3508
66930.0000,6693,2951.5193,0.0000,1000,1000,999,1,22.4056
66940.0000,6694,2951.5262,0.0000,998,999,999,1,22.3539
66950.0000,6695,2951.5333,0.0000,999,1000,1000,1,22.3330
66960.0000,6696,2951.5402,0.0000,999,1000,1000,1,22.2674
66970.0000,6697,2951.5473,0.0000,1000,1000,998,1,22.2772
66980.0000,6698,2951.5544,0.0000,1000,1000,1000,1,22.3168
66990.0000,6699,2951.5615,0.0000,998,999,999,1,22.3564
67000.0000,6700,2951.5686,0.0000,1000,1000,999,1,22.3368
67010.0000,6701,2951.5755,0.0000,1000,997,1000,1,22.2718
67020.0000,6702,2951.5822,0.0000,999,1000,999,1,22.2208
67030.0000,6703,2951.5892,0.0000,999,1000,999,1,22.1860
67040.0000,6704,2951.5962,0.0000,998,999,999,1,22.1513
67050.0000,6705,2951.6032,0.0000,999,999,999,1,22.1017
67060.0000,6706,2951.6101,0.0000,1000,1000,1000,1,22.0827
67070.0000,6707,2951.6171,0.0000,1000,999,1000,1,22.0785
67080.0000,6708,2951.6242,0.0000,999,998,999,1,22.0894
67090.0000,6709,2951.6312,0.0000,1000,999,999,1,22.0866
67100.0000,6710,2951.6382,0.0000,1000,1000,999,1,22.0974
67110.0000,6711,2951.6450,0.0000,1000,996,999,1,21.9882
67120.0000,6712,2951.6520,0.0000,1000,1000,1000,1,22.0000
67130.0000,6713,2951.6589,0.0000,1000,1000,999,1,21.9226
67140.0000,6714,2951.6658,0.0000,999,999,1000,1,21.9206
67150.0000,6715,2951.6729,0.0000,1000,1000,1000,1,21.9461
67160.0000,6716,2951.6800,0.0000,999,999,1000,1,21.9279
67170.0000,6717,2951.6867,0.0000,997,999,1000,1,21.8807
67180.0000,6718,2951.6934,0.0000,1000,1000,1000,1,21.8784
67190.0000,6719,2951.7004,0.0000,999,1000,999,1,21.8456
67200.0000,6720,2951.7073,0.0000,1000,1000,1000,1,21.8418
67210.0000,6721,2951.7144,0.0000,999,998,999,1,21.8835
67220.0000,6722,2951.7212,0.0000,999,1000,1000,1,21.8953
67230.0000,6723,2951.7282,0.0000,999,1000,999,1,21.8771
67240.0000,6724,2951.7351,0.0000,1000,998,1000,1,21.8745
67250.0000,6725,2951.7421,0.0000,999,1000,1000,1,21.8417
67260.0000,6726,2951.7490,0.0000,1000,1000,999,1,21.7944
67270.0000,6727,2951.7560,0.0000,999,1000,1000,1,21.8346
67280.0000,6728,2951.7630,0.0000,999,999,998,1,21.7429
67290.0000,6729,2951.7699,0.0000,999,1000,999,1,21.7414
67300.0000,6730,2951.7769,0.0000,1000,1000,1000,1,21.7538
67310.0000,6731,2951.7840,0.0000,999,1000,1000,1,21.7945
67320.0000,6732,2951.7908,0.0000,998,1000,1000,1,21.7926
67330.0000,6733,2951.7975,0.0000,999,1000,999,1,21.8049
67340.0000,6734,2951.8044,0.0000,1000,1000,999,1,21.8467
67350.0000,6735,2951.8113,0.0000,999,1000,999,1,21.8145
67360.0000,6736,2951.8182,0.0000,1000,999,999,1,21.7826
67370.0000,6737,2951.8251,0.0000,999,1000,999,1,21.7511
67380.0000,6738,2951.8318,0.0000,999,999,1000,1,21.6908
67390.0000,6739,2951.8387,0.0000,999,999,999,1,21.6598
67400.0000,6740,2951.8456,0.0000,999,1000,1000,1,21.6431
67410.0000,6741,2951.8526,0.0000,1000,999,1000,1,21.6280
67420.0000,6742,2951.8596,0.0000,999,999,1000,1,21.6702
67430.0000,6743,2951.8665,0.0000,1000,999,999,1,21.6555
67440.0000,6744,2951.8734,0.0000,1000,998,999,1,21.6692
67450.0000,6745,2951.8804,0.0000,1000,1000,1000,1,21.7266
67460.0000,6746,2951.8874,0.0000,1000,999,999,1,21.7837
67470.0000,6747,2951.8943,0.0000,1000,1000,1000,1,21.7674
67480.0000,6748,2951.9012,0.0000,1000,1000,1000,1,21.7807
67490.0000,6749,2951.9080,0.0000,1000,999,998,1,21.6915
67500.0000,6750,2951.9149,0.0000,1000,1000,999,1,21.7330
67510.0000,6751,2951.9218,0.0000,1000,1000,999,1,21.7615
67520.0000,6752,2951.9288,0.0000,1000,1000,999,1,21.7743
67530.0000,6753,2951.9353,0.0000,999,999,997,1,21.7273
67540.0000,6754,2951.9420,0.0000,1000,1000,999,1,21.7116
67550.0000,6755,2951.9490,0.0000,1000,1000,1000,1,21.7245
67560.0000,6756,2951.9560,0.0000,999,1000,1000,1,21.7218
67570.0000,6757,2951.9629,0.0000,999,1000,1000,1,21.6908
67580.0000,6758,2951.9698,0.0000,999,1000,999,1,21.6317
67590.0000,6759,2951.9766,0.0000,1000,1000,999,1,21.6450
67600.0000,6760,2951.9835,0.0000,999,1000,999,1,21.6144
67610.0000,6761,2951.9904,0.0000,1000,999,1000,1,21.5987
67620.0000,6762,2951.9973,0.0000,1000,1000,1000,1,21.5969
67630.0000,6763,2952.0041,0.0000,1000,999,998,1,21.6101
67640.0000,6764,2952.0111,0.0000,1000,1000,1000,1,21.6672
67650.0000,6765,2952.0179,0.0000,998,1000,1000,1,21.6647
67660.0000,6766,2952.0248,0.0000,1000,1000,1000,1,21.6341
67670.0000,6767,2952.0316,0.0000,1000,1000,1000,1,21.5604
67680.0000,6768,2952.0385,0.0000,999,1000,1000,1,21.5169
67690.0000,6769,2952.0454,0.0000,997,1000,998,1,21.5006
67700.0000,6770,2952.0521,0.0000,1000,999,1000,1,21.4859
67710.0000,6771,2952.0591,0.0000,1000,1000,1000,1,21.4843
67720.0000,6772,2952.0661,0.0000,1000,1000,999,1,21.5413
67730.0000,6773,2952.0730,0.0000,1000,1000,1000,1,21.5545
67740.0000,6774,2952.0798,0.0000,1000,999,998,1,21.5539
67750.0000,6775,2952.0862,0.0000,999,997,998,1,21.4486
67760.0000,6776,2952.0930,0.0000,999,1000,999,1,21.4483
67770.0000,6777,2952.0998,0.0000,1000,1000,999,1,21.4476
67780.0000,6778,2952.1067,0.0000,1000,1000,1000,1,21.4307
67790.0000,6779,2952.1137,0.0000,1000,1000,1000,1,21.4737
67800.0000,6780,2952.1206,0.0000,1000,999,998,1,21.5304
67810.0000,6781,2952.1272,0.0000,998,1000,1000,1,21.4992
67820.0000,6782,2952.1339,0.0000,999,1000,999,1,21.4683
67830.0000,6783,2952.1409,0.0000,999,1000,1000,1,21.5088
67840.0000,6784,2952.1478,0.0000,1000,999,1000,1,21.5082
67850.0000,6785,2952.1546,0.0000,999,1000,1000,1,21.5069
67860.0000,6786,2952.1616,0.0000,999,999,1000,1,21.5777
67870.0000,6787,2952.1683,0.0000,999,1000,1000,1,21.5603
67880.0000,6788,2952.1751,0.0000,998,1000,1000,1,21.5732
67890.0000,6789,2952.1817,0.0000,1000,1000,1000,1,21.5426
67900.0000,6790,2952.1885,0.0000,1000,999,1000,1,21.5427
67910.0000,6791,2952.1954,0.0000,1000,1000,1000,1,21.4817
67920.0000,6792,2952.2023,0.0000,1000,1000,998,1,21.5543
67930.0000,6793,2952.2090,0.0000,999,999,1000,1,21.5387
67940.0000,6794,2952.2159,0.0000,1000,1000,999,1,21.5652
67950.0000,6795,2952.2228,0.0000,1000,1000,999,1,21.5785
67960.0000,6796,2952.2298,0.0000,999,1000,1000,1,21.6353
67970.0000,6797,2952.2365,0.0000,1000,998,998,1,21.5481
67980.0000,6798,2952.2433,0.0000,998,1000,999,1,21.5748
67990.0000,6799,2952.2501,0.0000,1000,1000,1000,1,21.6315
68000.0000,6800,2952.2570,0.0000,999,1000,999,1,21.6602
68010.0000,6801,2952.2638,0.0000,1000,999,999,1,21.5429
68020.0000,6802,2952.2706,0.0000,999,1000,999,1,21.5410
68030.0000,6803,2952.2773,0.0000,999,999,999,1,21.4680
68040.0000,6804,2952.2841,0.0000,999,999,999,1,21.4541
68050.0000,6805,2952.2907,0.0000,999,998,996,1,21.3528
68060.0000,6806,2952.2967,0.0000,999,999,994,1,21.2659
68070.0000,6807,2952.3032,0.0000,1000,1000,999,1,21.2651
68080.0000,6808,2952.3101,0.0000,999,1000,998,1,21.2796
68090.0000,6809,2952.3168,0.0000,999,1000,1000,1,21.2657
68100.0000,6810,2952.3234,0.0000,999,998,1000,1,21.2506
68110.0000,6811,2952.3303,0.0000,998,998,998,1,21.3079
68120.0000,6812,2952.3371,0.0000,999,999,999,1,21.2940
68130.0000,6813,2952.3437,0.0000,1000,1000,1000,1,21.2939
68140.0000,6814,2952.3504,0.0000,1000,999,1000,1,21.2653
68150.0000,6815,2952.3573,0.0000,1000,1000,1000,1,21.3533
68160.0000,6816,2952.3642,0.0000,1000,1000,1000,1,21.4233
68170.0000,6817,2952.3710,0.0000,999,999,999,1,21.3941
68180.0000,6818,2952.3778,0.0000,1000,1000,1000,1,21.4819
68190.0000,6819,2952.3846,0.0000,1000,1000,999,1,21.4808
68200.0000,6820,2952.3913,0.0000,999,999,1000,1,21.3932
68210.0000,6821,2952.3980,0.0000,1000,999,999,1,21.4379
68220.0000,6822,2952.4047,0.0000,999,999,998,1,21.4090
68230.0000,6823,2952.4111,0.0000,996,1000,999,1,21.3654
68240.0000,6824,2952.4177,0.0000,1000,1000,998,1,21.3092
68250.0000,6825,2952.4245,0.0000,1000,1000,999,1,21.3241
68260.0000,6826,2952.4313,0.0000,1000,1000,1000,1,21.3090
68270.0000,6827,2952.4381,0.0000,999,999,1000,1,21.3239
68280.0000,6828,2952.4448,0.0000,1000,999,1000,1,21.3686
68290.0000,6829,2952.4517,0.0000,1000,999,1000,1,21.4391
68300.0000,6830,2952.4586,0.0000,1000,1000,1000,1,21.4963
68310.0000,6831,2952.4653,0.0000,999,999,1000,1,21.4831
68320.0000,6832,2952.4714,0.0000,998,998,998,1,21.3834
68330.0000,6833,2952.4778,0.0000,1000,997,1000,1,21.3681
68340.0000,6834,2952.4845,0.0000,1000,1000,1000,1,21.3978
68350.0000,6835,2952.4914,0.0000,1000,1000,998,1,21.4281
68360.0000,6836,2952.4977,0.0000,1000,999,1000,1,21.3707
68370.0000,6837,2952.5044,0.0000,998,1000,1000,1,21.2739
68380.0000,6838,2952.5110,0.0000,1000,1000,998,1,21.2623
68390.0000,6839,2952.5175,0.0000,1000,998,1000,1,21.2632
68400.0000,6840,2952.5241,0.0000,999,1000,1000,1,21.3211
68410.0000,6841,2952.5308,0.0000,1000,1000,1000,1,21.3523
68420.0000,6842,2952.5375,0.0000,999,1000,1000,1,21.3678
68430.0000,6843,2952.5444,0.0000,1000,1000,999,1,21.3835
68440.0000,6844,2952.5512,0.0000,1000,999,1000,1,21.4114
68450.0000,6845,2952.5579,0.0000,1000,1000,999,1,21.3988
68460.0000,6846,2952.5647,0.0000,1000,999,1000,1,21.4297
68470.0000,6847,2952.5715,0.0000,999,1000,1000,1,21.4998
68480.0000,6848,2952.5783,0.0000,1000,1000,1000,1,21.5574
68490.0000,6849,2952.5850,0.0000,1000,1000,998,1,21.4868
68500.0000,6850,2952.5915,0.0000,999,999,999,1,21.4312
68510.0000,6851,2952.5982,0.0000,999,999,1000,1,21.4035
68520.0000,6852,2952.6048,0.0000,1000,1000,1000,1,21.4027
68530.0000,6853,2952.6116,0.0000,1000,999,1000,1,21.4600
68540.0000,6854,2952.6183,0.0000,1000,1000,999,1,21.4899
68550.0000,6855,2952.6248,0.0000,1000,999,999,1,21.5038
68560.0000,6856,2952.6317,0.0000,1000,1000,999,1,21.6185
68570.0000,6857,2952.6385,0.0000,1000,1000,1000,1,21.6170
68580.0000,6858,2952.6453,0.0000,1000,1000,999,1,21.6736
68590.0000,6859,2952.6520,0.0000,999,999,998,1,21.7019
68600.0000,6860,2952.6583,0.0000,999,999,997,1,21.6413
68610.0000,6861,2952.6650,0.0000,1000,999,999,1,21.6859
68620.0000,6862,2952.6717,0.0000,999,1000,1000,1,21.7115
68630.0000,6863,2952.6783,0.0000,998,1000,1000,1,21.6556
68640.0000,6864,2952.6849,0.0000,999,998,997,1,21.5987
68650.0000,6865,2952.6911,0.0000,999,1000,998,1,21.5976
68660.0000,6866,2952.6977,0.0000,1000,1000,999,1,21.5838
68670.0000,6867,2952.7044,0.0000,998,999,999,1,21.6403
68680.0000,6868,2952.7109,0.0000,998,1000,999,1,21.5964
68690.0000,6869,2952.7175,0.0000,999,998,1000,1,21.5515
68700.0000,6870,2952.7241,0.0000,1000,1000,999,1,21.5818
68710.0000,6871,2952.7309,0.0000,1000,1000,999,1,21.6105
68720.0000,6872,2952.7377,0.0000,1000,1000,999,1,21.6671
68730.0000,6873,2952.7445,0.0000,1000,1000,1000,1,21.6806
68740.0000,6874,2952.7512,0.0000,1000,1000,1000,1,21.7489
68750.0000,6875,2952.7577,0.0000,999,998,998,1,21.6647
68760.0000,6876,2952.7639,0.0000,999,998,1000,1,21.5187
68770.0000,6877,2952.7703,0.0000,1000,999,999,1,21.4782
68780.0000,6878,2952.7771,0.0000,999,1000,1000,1,21.5624
68790.0000,6879,2952.7838,0.0000,999,999,999,1,21.5913
68800.0000,6880,2952.7905,0.0000,999,1000,999,1,21.5897
68810.0000,6881,2952.7972,0.0000,999,999,999,1,21.5443
68820.0000,6882,2952.8039,0.0000,1000,1000,1000,1,21.6007
68830.0000,6883,2952.8106,0.0000,1000,1000,1000,1,21.5869
68840.0000,6884,2952.8174,0.0000,999,1000,1000,1,21.6275
68850.0000,6885,2952.8241,0.0000,999,1000,1000,1,21.6563
68860.0000,6886,2952.8308,0.0000,1000,1000,1000,1,21.6846
68870.0000,6887,2952.8375,0.0000,1000,1000,1000,1,21.6976
68880.0000,6888,2952.8443,0.0000,1000,1000,999,1,21.7535
68890.0000,6889,2952.8510,0.0000,1000,1000,1000,1,21.8091
68900.0000,6890,2952.8576,0.0000,999,1000,1000,1,21.8215
68910.0000,6891,2952.8642,0.0000,1000,1000,998,1,21.8336
68920.0000,6892,2952.8709,0.0000,1000,1000,1000,1,21.9324
68930.0000,6893,2952.8775,0.0000,1000,1000,1000,1,21.9562
68940.0000,6894,2952.8843,0.0000,999,1000,1000,1,22.0269
68950.0000,6895,2952.8911,0.0000,1000,999,999,1,22.0664
68960.0000,6896,2952.8976,0.0000,1000,999,1000,1,22.0781
68970.0000,6897,2952.9040,0.0000,999,997,999,1,22.0185
68980.0000,6898,2952.9105,0.0000,1000,1000,1000,1,22.0303
68990.0000,6899,2952.9172,0.0000,999,1000,1000,1,22.0855
69000.0000,6900,2952.9239,0.0000,1000,1000,999,1,22.1132
69010.0000,6901,2952.9306,0.0000,999,1000,999,1,22.0930
69020.0000,6902,2952.9370,0.0000,997,1000,1000,1,22.0338
69030.0000,6903,2952.9434,0.0000,1000,999,1000,1,21.9868
69040.0000,6904,2952.9502,0.0000,1000,1000,999,1,22.0302
69050.0000,6905,2952.9567,0.0000,998,1000,1000,1,21.9395
69060.0000,6906,2952.9632,0.0000,1000,1000,999,1,21.9514
69070.0000,6907,2952.9699,0.0000,999,1000,1000,1,21.9632
69080.0000,6908,2952.9763,0.0000,998,999,999,1,21.9038
69090.0000,6909,2952.9828,0.0000,1000,998,999,1,21.9154
69100.0000,6910,2952.9894,0.0000,999,1000,999,1,21.9116
69110.0000,6911,2952.9961,0.0000,1000,999,1000,1,21.9073
69120.0000,6912,2953.0026,0.0000,1000,1000,1000,1,21.8754
69130.0000,6913,2953.0091,0.0000,1000,999,999,1,21.8318
69140.0000,6914,2953.0156,0.0000,998,999,998,1,21.8004
69150.0000,6915,2953.0221,0.0000,1000,1000,1000,1,21.8554
69160.0000,6916,2953.0288,0.0000,1000,999,1000,1,21.8671
69170.0000,6917,2953.0352,0.0000,1000,997,1000,1,21.8788
69180.0000,6918,2953.0416,0.0000,999,1000,1000,1,21.8041
69190.0000,6919,2953.0482,0.0000,997,999,1000,1,21.7725
69200.0000,6920,2953.0546,0.0000,999,996,1000,1,21.7969
69210.0000,6921,2953.0610,0.0000,999,1000,999,1,21.8230
69220.0000,6922,2953.0677,0.0000,1000,1000,999,1,21.8511
69230.0000,6923,2953.0740,0.0000,1000,998,999,1,21.7462
69240.0000,6924,2953.0806,0.0000,1000,998,999,1,21.7584
69250.0000,6925,2953.0869,0.0000,999,1000,1000,1,21.7275
69260.0000,6926,2953.0935,0.0000,1000,999,997,1,21.6850
69270.0000,6927,2953.0999,0.0000,1000,1000,999,1,21.6972
69280.0000,6928,2953.1065,0.0000,1000,1000,999,1,21.7094
69290.0000,6929,2953.1131,0.0000,999,999,999,1,21.7051
69300.0000,6930,2953.1194,0.0000,1000,996,999,1,21.6054
69310.0000,6931,2953.1255,0.0000,999,998,998,1,21.5321
69320.0000,6932,2953.1320,0.0000,1000,1000,999,1,21.5019
69330.0000,6933,2953.1384,0.0000,999,998,1000,1,21.5146
69340.0000,6934,2953.1448,0.0000,998,999,1000,1,21.5389
69350.0000,6935,2953.1513,0.0000,999,998,999,1,21.5089
69360.0000,6936,2953.1579,0.0000,1000,1000,1000,1,21.5217
69370.0000,6937,2953.1644,0.0000,997,999,999,1,21.5060
69380.0000,6938,2953.1707,0.0000,1000,999,1000,1,21.4621
69390.0000,6939,2953.1772,0.0000,999,1000,1000,1,21.4324
69400.0000,6940,2953.1840,0.0000,1000,1000,999,1,21.5184
69410.0000,6941,2953.1905,0.0000,1000,999,1000,1,21.5434
69420.0000,6942,2953.1971,0.0000,999,1000,1000,1,21.5274
69430.0000,6943,2953.2037,0.0000,1000,998,1000,1,21.5686
69440.0000,6944,2953.2100,0.0000,998,1000,1000,1,21.5526
69450.0000,6945,2953.2165,0.0000,1000,1000,999,1,21.5384
69460.0000,6946,2953.2231,0.0000,999,1000,1000,1,21.6062
69470.0000,6947,2953.2296,0.0000,999,997,999,1,21.5478
69480.0000,6948,2953.2359,0.0000,1000,998,1000,1,21.5763
69490.0000,6949,2953.2424,0.0000,1000,1000,1000,1,21.5728
69500.0000,6950,2953.2490,0.0000,999,1000,999,1,21.6282
69510.0000,6951,2953.2552,0.0000,998,997,999,1,21.5416
69520.0000,6952,2953.2616,0.0000,1000,999,1000,1,21.5118
69530.0000,6953,2953.2681,0.0000,999,999,1000,1,21.5246
69540.0000,6954,2953.2747,0.0000,1000,1000,1000,1,21.5801
69550.0000,6955,2953.2813,0.0000,999,1000,1000,1,21.6353
69560.0000,6956,2953.2878,0.0000,1000,1000,1000,1,21.6478
69570.0000,6957,2953.2943,0.0000,1000,1000,998,1,21.6471
69580.0000,6958,2953.3006,0.0000,999,1000,999,1,21.6008
69590.0000,6959,2953.3070,0.0000,1000,1000,1000,1,21.5707
69600.0000,6960,2953.3134,0.0000,1000,998,999,1,21.5564
69610.0000,6961,2953.3199,0.0000,999,999,998,1,21.5397
69620.0000,6962,2953.3263,0.0000,1000,1000,999,1,21.5818
69630.0000,6963,2953.3328,0.0000,1000,1000,1000,1,21.5520
69640.0000,6964,2953.3392,0.0000,999,1000,1000,1,21.5067
69650.0000,6965,2953.3456,0.0000,1000,1000,1000,1,21.4636
69660.0000,6966,2953.3522,0.0000,1000,1000,1000,1,21.4638
69670.0000,6967,2953.3587,0.0000,1000,1000,1000,1,21.4895
69680.0000,6968,2953.3652,0.0000,998,1000,1000,1,21.4734
69690.0000,6969,2953.3716,0.0000,1000,1000,1000,1,21.4593
69700.0000,6970,2953.3781,0.0000,999,998,1000,1,21.4846
69710.0000,6971,2953.3846,0.0000,999,1000,1000,1,21.4686
69720.0000,6972,2953.3911,0.0000,1000,999,999,1,21.4974
69730.0000,6973,2953.3976,0.0000,1000,1000,1000,1,21.4381
69740.0000,6974,2953.4040,0.0000,1000,999,1000,1,21.4221
69750.0000,6975,2953.4104,0.0000,999,998,999,1,21.3243
69760.0000,6976,2953.4165,0.0000,1000,1000,999,1,21.3506
69770.0000,6977,2953.4230,0.0000,999,1000,1000,1,21.3509
69780.0000,6978,2953.4293,0.0000,1000,1000,1000,1,21.3059
69790.0000,6979,2953.4358,0.0000,1000,1000,1000,1,21.2767
69800.0000,6980,2953.4422,0.0000,1000,1000,998,1,21.1789
69810.0000,6981,2953.4487,0.0000,999,1000,999,1,21.1924
69820.0000,6982,2953.4552,0.0000,999,999,1000,1,21.2057
69830.0000,6983,2953.4618,0.0000,1000,1000,1000,1,21.3035
69840.0000,6984,2953.4683,0.0000,1000,1000,999,1,21.2740
69850.0000,6985,2953.4744,0.0000,998,999,998,1,21.1597
69860.0000,6986,2953.4809,0.0000,1000,1000,1000,1,21.1853
69870.0000,6987,2953.4874,0.0000,1000,1000,999,1,21.2547
69880.0000,6988,2953.4936,0.0000,1000,998,999,1,21.2120
69890.0000,6989,2953.5001,0.0000,1000,1000,999,1,21.2552
69900.0000,6990,2953.5063,0.0000,1000,998,998,1,21.2685
69910.0000,6991,2953.5124,0.0000,1000,998,999,1,21.2394
69920.0000,6992,2953.5187,0.0000,999,1000,999,1,21.1679
69930.0000,6993,2953.5253,0.0000,999,1000,999,1,21.2064
69940.0000,6994,2953.5317,0.0000,1000,999,999,1,21.2367
69950.0000,6995,2953.5381,0.0000,1000,1000,998,1,21.2499
69960.0000,6996,2953.5446,0.0000,999,1000,999,1,21.2754
69970.0000,6997,2953.5511,0.0000,1000,999,1000,1,21.3306
69980.0000,6998,2953.5576,0.0000,1000,1000,999,1,21.3312
69990.0000,6999,2953.5641,0.0000,1000,999,999,1,21.3137
70000.0000,7000,2953.5702,0.0000,1000,1000,997,1,21.2719
70010.0000,7001,2953.5765,0.0000,1000,999,1000,1,21.2678
70020.0000,7002,2953.5830,0.0000,999,999,1000,1,21.3226
70030.0000,7003,2953.5893,0.0000,1000,1000,1000,1,21.2791
70040.0000,7004,2953.5956,0.0000,998,999,999,1,21.2491
70050.0000,7005,2953.6017,0.0000,1000,1000,996,1,21.1346
70060.0000,7006,2953.6079,0.0000,999,999,1000,1,21.1189
70070.0000,7007,2953.6144,0.0000,999,999,1000,1,21.1601
70080.0000,7008,2953.6206,0.0000,1000,999,996,1,21.1190
70090.0000,7009,2953.6271,0.0000,999,1000,1000,1,21.1573
70100.0000,7010,2953.6333,0.0000,998,998,999,1,21.1272
70110.0000,7011,2953.6394,0.0000,1000,999,1000,1,21.0834
70120.0000,7012,2953.6458,0.0000,1000,1000,999,1,21.0675
70130.0000,7013,2953.6523,0.0000,1000,1000,1000,1,21.1088
70140.0000,7014,2953.6587,0.0000,1000,999,1000,1,21.1213
70150.0000,7015,2953.6651,0.0000,1000,999,1000,1,21.1337
70160.0000,7016,2953.6716,0.0000,1000,999,1000,1,21.1599
70170.0000,7017,2953.6779,0.0000,1000,999,999,1,21.1159
70180.0000,7018,2953.6842,0.0000,998,1000,1000,1,21.0999
70190.0000,7019,2953.6906,0.0000,1000,1000,1000,1,21.0562
70200.0000,7020,2953.6971,0.0000,1000,999,1000,1,21.0999
70210.0000,7021,2953.7035,0.0000,999,1000,1000,1,21.1234
70220.0000,7022,2953.7099,0.0000,1000,999,999,1,21.0935
70230.0000,7023,2953.7163,0.0000,999,999,1000,1,21.1482
70240.0000,7024,2953.7227,0.0000,1000,1000,999,1,21.1319
70250.0000,7025,2953.7291,0.0000,999,1000,1000,1,21.1441
70260.0000,7026,2953.7355,0.0000,999,999,998,1,21.1420
70270.0000,7027,2953.7418,0.0000,999,999,1000,1,21.0832
70280.0000,7028,2953.7482,0.0000,999,1000,1000,1,21.0531
70290.0000,7029,2953.7546,0.0000,1000,1000,1000,1,21.0093
70300.0000,7030,2953.7610,0.0000,1000,999,999,1,20.9936
70310.0000,7031,2953.7674,0.0000,999,999,998,1,20.9818
70320.0000,7032,2953.7735,0.0000,999,998,1000,1,20.9207
70330.0000,7033,2953.7798,0.0000,1000,1000,1000,1,20.9335
70340.0000,7034,2953.7863,0.0000,999,1000,1000,1,20.9462
70350.0000,7035,2953.7924,0.0000,1000,998,999,1,20.9060
70360.0000,7036,2953.7985,0.0000,1000,1000,1000,1,20.9004
70370.0000,7037,2953.8049,0.0000,1000,1000,1000,1,20.9127
70380.0000,7038,2953.8114,0.0000,999,1000,999,1,20.9011
70390.0000,7039,2953.8176,0.0000,1000,1000,1000,1,20.8713
70400.0000,7040,2953.8241,0.0000,1000,1000,1000,1,20.9261
70410.0000,7041,2953.8305,0.0000,1000,1000,1000,1,20.8789
70420.0000,7042,2953.8369,0.0000,1000,1000,999,1,20.9758
70430.0000,7043,2953.8434,0.0000,1000,1000,1000,1,21.0589
70440.0000,7044,2953.8497,0.0000,1000,998,999,1,21.0290
70450.0000,7045,2953.8562,0.0000,999,999,1000,1,21.0834
70460.0000,7046,2953.8626,0.0000,999,1000,1000,1,21.1516
70470.0000,7047,2953.8690,0.0000,1000,1000,1000,1,21.2235
70480.0000,7048,2953.8754,0.0000,1000,1000,1000,1,21.2037
70490.0000,7049,2953.8819,0.0000,999,1000,1000,1,21.1869
70500.0000,7050,2953.8881,0.0000,998,998,999,1,21.1738
70510.0000,7051,2953.8942,0.0000,1000,1000,1000,1,21.1544
70520.0000,7052,2953.9006,0.0000,1000,999,1000,1,21.1663
70530.0000,7053,2953.9070,0.0000,1000,1000,999,1,21.1669
70540.0000,7054,2953.9134,0.0000,1000,999,1000,1,21.1898
70550.0000,7055,2953.9198,0.0000,1000,1000,999,1,21.2015
70560.0000,7056,2953.9262,0.0000,999,1000,1000,1,21.2442
70570.0000,7057,2953.9326,0.0000,998,999,999,1,21.2244
70580.0000,7058,2953.9387,0.0000,1000,1000,1000,1,21.2072
70590.0000,7059,2953.9450,0.0000,1000,1000,999,1,21.1512
70600.0000,7060,2953.9513,0.0000,1000,1000,1000,1,21.1313
70610.0000,7061,2953.9575,0.0000,999,998,1000,1,21.0580
70620.0000,7062,2953.9638,0.0000,999,999,1000,1,21.0698
70630.0000,7063,2953.9702,0.0000,999,1000,1000,1,21.0955
70640.0000,7064,2953.9765,0.0000,998,997,999,1,21.0823
70650.0000,7065,2953.9823,0.0000,1000,1000,999,1,21.0627
70660.0000,7066,2953.9887,0.0000,1000,1000,999,1,21.0212
70670.0000,7067,2953.9950,0.0000,1000,1000,999,1,21.0436
70680.0000,7068,2954.0014,0.0000,998,1000,998,1,21.0266
70690.0000,7069,2954.0075,0.0000,997,998,1000,1,20.9957
70700.0000,7070,2954.0137,0.0000,1000,999,999,1,20.9828
70710.0000,7071,2954.0201,0.0000,999,1000,999,1,21.0366
70720.0000,7072,2954.0264,0.0000,1000,1000,999,1,21.0479
70730.0000,7073,2954.0328,0.0000,1000,1000,999,1,21.1018
70740.0000,7074,2954.0391,0.0000,1000,999,1000,1,21.1131
70750.0000,7075,2954.0454,0.0000,999,1000,999,1,21.1492
70760.0000,7076,2954.0516,0.0000,999,999,1000,1,21.1179
70770.0000,7077,2954.0580,0.0000,1000,1000,1000,1,21.1712
70780.0000,7078,2954.0644,0.0000,1000,1000,1000,1,21.2245
70790.0000,7079,2954.0708,0.0000,1000,1000,1000,1,21.2637
70800.0000,7080,2954.0771,0.0000,1000,998,998,1,21.1891
70810.0000,7081,2954.0832,0.0000,997,1000,999,1,21.1714
70820.0000,7082,2954.0892,0.0000,999,999,1000,1,21.1685
70830.0000,7083,2954.0956,0.0000,999,999,1000,1,21.1793
70840.0000,7084,2954.1019,0.0000,1000,1000,1000,1,21.2326
70850.0000,7085,2954.1082,0.0000,1000,1000,1000,1,21.2148
70860.0000,7086,2954.1146,0.0000,1000,999,1000,1,21.2853
70870.0000,7087,2954.1209,0.0000,999,999,1000,1,21.3071
70880.0000,7088,2954.1273,0.0000,999,1000,1000,1,21.3741
70890.0000,7089,2954.1337,0.0000,999,1000,1000,1,21.4132
70900.0000,7090,2954.1401,0.0000,1000,1000,1000,1,21.3810
70910.0000,7091,2954.1465,0.0000,999,1000,999,1,21.4338
70920.0000,7092,2954.1528,0.0000,999,1000,1000,1,21.5006
70930.0000,7093,2954.1591,0.0000,1000,1000,1000,1,21.5281
70940.0000,7094,2954.1652,0.0000,999,1000,1000,1,21.5060
70950.0000,7095,2954.1714,0.0000,1000,1000,1000,1,21.5585
70960.0000,7096,2954.1774,0.0000,999,996,1000,1,21.4830
70970.0000,7097,2954.1834,0.0000,1000,999,999,1,21.4504
70980.0000,7098,2954.1898,0.0000,1000,1000,999,1,21.4496
70990.0000,7099,2954.1962,0.0000,1000,1000,1000,1,21.5134
71000.0000,7100,2954.2026,0.0000,1000,1000,1000,1,21.5372
71010.0000,7101,2954.2088,0.0000,1000,998,999,1,21.4796
71020.0000,7102,2954.2150,0.0000,1000,999,999,1,21.4474
71030.0000,7103,2954.2213,0.0000,999,999,1000,1,21.4684
71040.0000,7104,2954.2274,0.0000,999,1000,999,1,21.4920
71050.0000,7105,2954.2336,0.0000,999,998,999,1,21.4347
71060.0000,7106,2954.2399,0.0000,1000,999,999,1,21.4691
71070.0000,7107,2954.2462,0.0000,1000,1000,999,1,21.5393
71080.0000,7108,2954.2523,0.0000,998,1000,1000,1,21.4881
71090.0000,7109,2954.2585,0.0000,999,999,1000,1,21.4548
71100.0000,7110,2954.2648,0.0000,999,1000,1000,1,21.5068
71110.0000,7111,2954.2712,0.0000,1000,1000,999,1,21.5586
71120.0000,7112,2954.2775,0.0000,999,999,1000,1,21.5546
71130.0000,7113,2954.2838,0.0000,999,1000,1000,1,21.5761
71140.0000,7114,2954.2900,0.0000,999,1000,1000,1,21.5847
71150.0000,7115,2954.2962,0.0000,999,1000,999,1,21.5378
71160.0000,7116,2954.3025,0.0000,1000,1000,998,1,21.5769
71170.0000,7117,2954.3088,0.0000,1000,999,999,1,21.5856
71180.0000,7118,2954.3150,0.0000,999,1000,1000,1,21.6195
71190.0000,7119,2954.3213,0.0000,1000,1000,1000,1,21.6455
71200.0000,7120,2954.3275,0.0000,1000,999,1000,1,21.5807
71210.0000,7121,2954.3338,0.0000,1000,1000,1000,1,21.6193
71220.0000,7122,2954.3400,0.0000,999,1000,999,1,21.6104
71230.0000,7123,2954.3462,0.0000,1000,999,1000,1,21.6496
71240.0000,7124,2954.3524,0.0000,1000,1000,1000,1,21.6885
71250.0000,7125,2954.3588,0.0000,1000,999,1000,1,21.7527
71260.0000,7126,2954.3650,0.0000,999,1000,999,1,21.7307
71270.0000,7127,2954.3713,0.0000,1000,1000,1000,1,21.7267
71280.0000,7128,2954.3774,0.0000,1000,1000,998,1,21.6922
71290.0000,7129,2954.3836,0.0000,1000,1000,1000,1,21.7131
71300.0000,7130,2954.3897,0.0000,999,1000,999,1,21.6536
71310.0000,7131,2954.3954,0.0000,997,996,1000,1,21.5882
71320.0000,7132,2954.4015,0.0000,1000,999,1000,1,21.5967
71330.0000,7133,2954.4077,0.0000,999,1000,1000,1,21.6171
71340.0000,7134,2954.4141,0.0000,1000,999,1000,1,21.6562
71350.0000,7135,2954.4202,0.0000,1000,999,1000,1,21.5910
71360.0000,7136,2954.4263,0.0000,1000,1000,1000,1,21.5998
71370.0000,7137,2954.4325,0.0000,1000,999,1000,1,21.6085
71380.0000,7138,2954.4388,0.0000,1000,1000,999,1,21.5925
71390.0000,7139,2954.4451,0.0000,999,999,999,1,21.5708
71400.0000,7140,2954.4511,0.0000,1000,1000,999,1,21.6092
71410.0000,7141,2954.4574,0.0000,1000,1000,1000,1,21.6428
71420.0000,7142,2954.4636,0.0000,1000,999,1000,1,21.6816
71430.0000,7143,2954.4696,0.0000,1000,998,1000,1,21.6040
71440.0000,7144,2954.4759,0.0000,1000,1000,1000,1,21.6980
71450.0000,7145,2954.4821,0.0000,1000,1000,1000,1,21.6930
71460.0000,7146,2954.4883,0.0000,1000,1000,1000,1,21.7007
71470.0000,7147,2954.4945,0.0000,1000,1000,999,1,21.7335
71480.0000,7148,2954.5008,0.0000,999,999,1000,1,21.7589
71490.0000,7149,2954.5068,0.0000,1000,997,1000,1,21.7362
71500.0000,7150,2954.5130,0.0000,999,1000,1000,1,21.7439
71510.0000,7151,2954.5192,0.0000,999,999,999,1,21.7639
71520.0000,7152,2954.5252,0.0000,999,1000,1000,1,21.7716
71530.0000,7153,2954.5313,0.0000,1000,1000,998,1,21.7361
71540.0000,7154,2954.5375,0.0000,1000,999,1000,1,21.7617
71550.0000,7155,2954.5436,0.0000,1000,1000,1000,1,21.7394
71560.0000,7156,2954.5499,0.0000,1000,1000,1000,1,21.7777
71570.0000,7157,2954.5561,0.0000,1000,1000,1000,1,21.8412
71580.0000,7158,2954.5622,0.0000,1000,1000,998,1,21.7929
71590.0000,7159,2954.5682,0.0000,998,999,999,1,21.7396
71600.0000,7160,2954.5740,0.0000,1000,999,999,1,21.7219
71610.0000,7161,2954.5802,0.0000,999,999,999,1,21.6996
71620.0000,7162,2954.5863,0.0000,1000,999,999,1,21.6647
71630.0000,7163,2954.5925,0.0000,1000,999,1000,1,21.6730
71640.0000,7164,2954.5987,0.0000,1000,999,1000,1,21.7364
71650.0000,7165,2954.6049,0.0000,1000,999,1000,1,21.7751
71660.0000,7166,2954.6110,0.0000,999,997,998,1,21.7528
71670.0000,7167,2954.6170,0.0000,1000,1000,1000,1,21.7608
71680.0000,7168,2954.6232,0.0000,999,999,1000,1,21.8117
71690.0000,7169,2954.6293,0.0000,1000,1000,999,1,21.8375
71700.0000,7170,2954.6355,0.0000,999,999,999,1,21.8276
71710.0000,7171,2954.6416,0.0000,999,1000,998,1,21.8354
71720.0000,7172,2954.6477,0.0000,999,1000,1000,1,21.8314
71730.0000,7173,2954.6539,0.0000,1000,1000,1000,1,21.8683
71740.0000,7174,2954.6600,0.0000,1000,1000,1000,1,21.8329
71750.0000,7175,2954.6663,0.0000,1000,1000,999,1,21.8836
71760.0000,7176,2954.6725,0.0000,1000,999,1000,1,21.9049
71770.0000,7177,2954.6787,0.0000,1000,1000,1000,1,21.9845
71780.0000,7178,2954.6849,0.0000,1000,999,1000,1,22.0345
71790.0000,7179,2954.6910,0.0000,999,999,998,1,22.0239
71800.0000,7180,2954.6969,0.0000,1000,1000,998,1,22.0737
71810.0000,7181,2954.7029,0.0000,997,999,1000,1,21.9514
71820.0000,7182,2954.7089,0.0000,1000,999,1000,1,21.9157
71830.0000,7183,2954.7150,0.0000,1000,999,999,1,21.8978
71840.0000,7184,2954.7213,0.0000,1000,1000,1000,1,21.8878
71850.0000,7185,2954.7275,0.0000,1000,1000,1000,1,21.9554
71860.0000,7186,2954.7337,0.0000,1000,1000,1000,1,21.9879
71870.0000,7187,2954.7397,0.0000,1000,999,999,1,21.8826
71880.0000,7188,2954.7459,0.0000,1000,1000,998,1,21.8897
71890.0000,7189,2954.7519,0.0000,999,1000,999,1,21.8796
71900.0000,7190,2954.7580,0.0000,999,999,998,1,21.8608
71910.0000,7191,2954.7641,0.0000,999,1000,999,1,21.9108
71920.0000,7192,2954.7702,0.0000,999,1000,999,1,21.9435
71930.0000,7193,2954.7764,0.0000,999,1000,999,1,21.8645
71940.0000,7194,2954.7824,0.0000,1000,1000,998,1,21.8459
71950.0000,7195,2954.7885,0.0000,1000,999,999,1,21.8242
71960.0000,7196,2954.7947,0.0000,999,999,999,1,21.8606
71970.0000,7197,2954.8008,0.0000,1000,1000,1000,1,21.8822
71980.0000,7198,2954.8070,0.0000,999,1000,1000,1,21.8898
71990.0000,7199,2954.8131,0.0000,999,999,1000,1,21.9402
72000.0000,7200,2954.8192,0.0000,1000,999,1000,1,21.9053
72010.0000,7201,2954.8254,0.0000,999,1000,999,1,21.8827
72020.0000,7202,2954.8312,0.0000,1000,1000,998,1,21.8065
72030.0000,7203,2954.8370,0.0000,1000,1000,999,1,21.8152
72040.0000,7204,2954.8430,0.0000,1000,999,999,1,21.7684
72050.0000,7205,2954.8488,0.0000,999,1000,997,1,21.7214
72060.0000,7206,2954.8547,0.0000,1000,1000,1000,1,21.7855
72070.0000,7207,2954.8608,0.0000,1000,999,1000,1,21.8235
72080.0000,7208,2954.8668,0.0000,1000,998,1000,1,21.7473
72090.0000,7209,2954.8728,0.0000,998,999,1000,1,21.7263
72100.0000,7210,2954.8789,0.0000,1000,1000,1000,1,21.7349
72110.0000,7211,2954.8850,0.0000,1000,1000,1000,1,21.7856
72120.0000,7212,2954.8910,0.0000,998,1000,1000,1,21.7386
72130.0000,7213,2954.8971,0.0000,999,998,999,1,21.7301
72140.0000,7214,2954.9030,0.0000,999,1000,1000,1,21.6537
72150.0000,7215,2954.9091,0.0000,1000,999,999,1,21.6200
72160.0000,7216,2954.9151,0.0000,1000,1000,1000,1,21.5861
72170.0000,7217,2954.9213,0.0000,999,1000,999,1,21.5819
72180.0000,7218,2954.9272,0.0000,999,999,1000,1,21.5776
72190.0000,7219,2954.9332,0.0000,1000,1000,997,1,21.5014
72200.0000,7220,2954.9392,0.0000,1000,999,1000,1,21.5647
72210.0000,7221,2954.9454,0.0000,1000,999,999,1,21.6031
72220.0000,7222,2954.9515,0.0000,1000,1000,999,1,21.6371
72230.0000,7223,2954.9576,0.0000,999,1000,1000,1,21.6455
72240.0000,7224,2954.9636,0.0000,999,1000,1000,1,21.6115
72250.0000,7225,2954.9696,0.0000,999,1000,999,1,21.5774
72260.0000,7226,2954.9754,0.0000,998,1000,999,1,21.5014
72270.0000,7227,2954.9815,0.0000,1000,1000,999,1,21.4836
72280.0000,7228,2954.9875,0.0000,1000,1000,1000,1,21.5465
72290.0000,7229,2954.9936,0.0000,999,1000,999,1,21.5271
72300.0000,7230,2954.9995,0.0000,1000,1000,998,1,21.5088
72310.0000,7231,2955.0056,0.0000,1000,999,1000,1,21.5290
72320.0000,7232,2955.0115,0.0000,999,999,999,1,21.4525
72330.0000,7233,2955.0175,0.0000,1000,1000,1000,1,21.4332
72340.0000,7234,2955.0235,0.0000,998,1000,1000,1,21.4147
72350.0000,7235,2955.0295,0.0000,1000,1000,1000,1,21.4354
72360.0000,7236,2955.0352,0.0000,996,1000,1000,1,21.3592
72370.0000,7237,2955.0408,0.0000,997,998,1000,1,21.2407
72380.0000,7238,2955.0468,0.0000,1000,1000,998,1,21.2639
72390.0000,7239,2955.0522,0.0000,1000,1000,996,1,21.1878
72400.0000,7240,2955.0580,0.0000,996,1000,998,1,21.1383
72410.0000,7241,2955.0635,0.0000,994,1000,999,1,21.1206
72420.0000,7242,2955.0692,0.0000,1000,1000,1000,1,21.1291
72430.0000,7243,2955.0752,0.0000,999,1000,1000,1,21.1218
72440.0000,7244,2955.0812,0.0000,999,999,998,1,21.1040
72450.0000,7245,2955.0866,0.0000,1000,996,997,1,20.9993
72460.0000,7246,2955.0924,0.0000,1000,1000,1000,1,21.0504
72470.0000,7247,2955.0985,0.0000,1000,1000,1000,1,21.0453
72480.0000,7248,2955.1045,0.0000,1000,1000,999,1,20.9844
72490.0000,7249,2955.1103,0.0000,997,1000,999,1,20.8955
72500.0000,7250,2955.1164,0.0000,1000,1000,1000,1,20.8898
72510.0000,7251,2955.1224,0.0000,1000,1000,1000,1,20.9146
72520.0000,7252,2955.1285,0.0000,1000,1000,999,1,20.9378
72530.0000,7253,2955.1344,0.0000,1000,999,999,1,20.9176
72540.0000,7254,2955.1404,0.0000,1000,1000,999,1,20.8729
72550.0000,7255,2955.1465,0.0000,1000,1000,999,1,20.9241
72560.0000,7256,2955.1525,0.0000,998,1000,1000,1,20.8778
72570.0000,7257,2955.1585,0.0000,999,1000,1000,1,20.8870
72580.0000,7258,2955.1646,0.0000,1000,1000,999,1,20.9097
72590.0000,7259,2955.1705,0.0000,1000,1000,1000,1,20.8896
72600.0000,7260,2955.1765,0.0000,1000,999,999,1,20.8868
72610.0000,7261,2955.1825,0.0000,999,999,999,1,20.8545
72620.0000,7262,2955.1885,0.0000,999,999,999,1,20.8223
72630.0000,7263,2955.1945,0.0000,999,999,998,1,20.7901
72640.0000,7264,2955.2004,0.0000,999,1000,998,1,20.7861
72650.0000,7265,2955.2064,0.0000,1000,1000,999,1,20.8091
72660.0000,7266,2955.2124,0.0000,1000,999,999,1,20.7768
72670.0000,7267,2955.2184,0.0000,999,998,999,1,20.7031
72680.0000,7268,2955.2241,0.0000,1000,1000,1000,1,20.6710
72690.0000,7269,2955.2302,0.0000,1000,1000,1000,1,20.7347
72700.0000,7270,2955.2361,0.0000,1000,1000,1000,1,20.6899
72710.0000,7271,2955.2421,0.0000,998,1000,998,1,20.6443
72720.0000,7272,2955.2478,0.0000,1000,1000,996,1,20.6258
72730.0000,7273,2955.2536,0.0000,999,1000,1000,1,20.6221
72740.0000,7274,2955.2595,0.0000,1000,1000,1000,1,20.6156
72750.0000,7275,2955.2654,0.0000,1000,1000,999,1,20.6134
72760.0000,7276,2955.2714,0.0000,999,1000,1000,1,20.6515
72770.0000,7277,2955.2772,0.0000,998,999,998,1,20.6325
72780.0000,7278,2955.2831,0.0000,1000,1000,1000,1,20.6705
72790.0000,7279,2955.2889,0.0000,1000,998,999,1,20.6094
72800.0000,7280,2955.2947,0.0000,1000,999,1000,1,20.5770
72810.0000,7281,2955.3007,0.0000,999,1000,1000,1,20.5732
72820.0000,7282,2955.3065,0.0000,999,1000,1000,1,20.5408
72830.0000,7283,2955.3124,0.0000,1000,1000,1000,1,20.5085
72840.0000,7284,2955.3184,0.0000,999,999,1000,1,20.4598
72850.0000,7285,2955.3243,0.0000,999,1000,999,1,20.4434
72860.0000,7286,2955.3302,0.0000,1000,1000,1000,1,20.4366
72870.0000,7287,2955.3361,0.0000,999,1000,999,1,20.4208
72880.0000,7288,2955.3421,0.0000,1000,1000,1000,1,20.4304
72890.0000,7289,2955.3480,0.0000,999,1000,998,1,20.3567
72900.0000,7290,2955.3540,0.0000,1000,1000,1000,1,20.4495
72910.0000,7291,2955.3598,0.0000,1000,1000,999,1,20.4300
72920.0000,7292,2955.3657,0.0000,1000,999,999,1,20.3978
72930.0000,7293,2955.3714,0.0000,999,997,999,1,20.3244
72940.0000,7294,2955.3768,0.0000,997,999,1000,1,20.2223
72950.0000,7295,2955.3826,0.0000,999,1000,998,1,20.2195
72960.0000,7296,2955.3885,0.0000,999,999,997,1,20.2173
72970.0000,7297,2955.3941,0.0000,1000,1000,998,1,20.1981
72980.0000,7298,2955.4001,0.0000,999,1000,1000,1,20.2788
72990.0000,7299,2955.4061,0.0000,1000,1000,999,1,20.2473
73000.0000,7300,2955.4117,0.0000,998,998,998,1,20.1457
73010.0000,7301,2955.4176,0.0000,1000,1000,1000,1,20.1561
73020.0000,7302,2955.4236,0.0000,999,1000,1000,1,20.1252
73030.0000,7303,2955.4294,0.0000,1000,1000,1000,1,20.1356
73040.0000,7304,2955.4354,0.0000,999,999,1000,1,20.1342
73050.0000,7305,2955.4412,0.0000,999,999,999,1,20.1033
73060.0000,7306,2955.4472,0.0000,1000,1000,1000,1,20.0971
73070.0000,7307,2955.4530,0.0000,1000,1000,999,1,20.0662
73080.0000,7308,2955.4589,0.0000,1000,1000,1000,1,20.0764
73090.0000,7309,2955.4649,0.0000,1000,1000,999,1,20.0735
73100.0000,7310,2955.4707,0.0000,1000,1000,999,1,20.0424
73110.0000,7311,2955.4766,0.0000,1000,1000,1000,1,20.0406
73120.0000,7312,2955.4826,0.0000,1000,999,999,1,20.0628
73130.0000,7313,2955.4885,0.0000,1000,997,999,1,20.0447
73140.0000,7314,2955.4940,0.0000,1000,998,998,1,20.0544
73150.0000,7315,2955.4999,0.0000,998,1000,1000,1,20.0807
73160.0000,7316,2955.5059,0.0000,1000,1000,999,1,20.1025
73170.0000,7317,2955.5118,0.0000,1000,999,1000,1,20.1252
73180.0000,7318,2955.5177,0.0000,1000,1000,999,1,20.1104
73190.0000,7319,2955.5236,0.0000,998,1000,1000,1,20.0792
73200.0000,7320,2955.5294,0.0000,1000,999,999,1,20.0595
73210.0000,7321,2955.5353,0.0000,999,1000,999,1,20.0283
73220.0000,7322,2955.5412,0.0000,999,999,1000,1,19.9969
73230.0000,7323,2955.5468,0.0000,998,1000,998,1,19.9656
73240.0000,7324,2955.5527,0.0000,1000,1000,999,1,20.0169
73250.0000,7325,2955.5585,0.0000,1000,999,1000,1,19.9858
73260.0000,7326,2955.5644,0.0000,1000,1000,999,1,20.0254
73270.0000,7327,2955.5704,0.0000,1000,1000,1000,1,20.0767
73280.0000,7328,2955.5763,0.0000,999,999,999,1,20.0867
73290.0000,7329,2955.5820,0.0000,999,1000,999,1,20.0553
73300.0000,7330,2955.5877,0.0000,1000,999,997,1,20.0651
73310.0000,7331,2955.5935,0.0000,1000,999,1000,1,20.1410
73320.0000,7332,2955.5993,0.0000,999,999,1000,1,20.1254
73330.0000,7333,2955.6049,0.0000,999,1000,997,1,20.0931
73340.0000,7334,2955.6106,0.0000,998,1000,998,1,20.0199
73350.0000,7335,2955.6160,0.0000,1000,999,1000,1,19.9717
73360.0000,7336,2955.6219,0.0000,999,998,998,1,19.9685
73370.0000,7337,2955.6278,0.0000,999,999,1000,1,19.9494
73380.0000,7338,2955.6335,0.0000,1000,1000,1000,1,19.9758
73390.0000,7339,2955.6395,0.0000,1000,1000,1000,1,20.0512
73400.0000,7340,2955.6454,0.0000,999,999,1000,1,20.0602
73410.0000,7341,2955.6512,0.0000,1000,1000,996,1,20.0278
73420.0000,7342,2955.6568,0.0000,1000,1000,999,1,19.9955
73430.0000,7343,2955.6628,0.0000,999,1000,1000,1,20.0638
73440.0000,7344,2955.6687,0.0000,1000,1000,1000,1,20.0848
73450.0000,7345,2955.6747,0.0000,1000,1000,1000,1,20.2061
73460.0000,7346,2955.6806,0.0000,1000,1000,999,1,20.2268
73470.0000,7347,2955.6866,0.0000,1000,1000,1000,1,20.2472
73480.0000,7348,2955.6925,0.0000,999,999,1000,1,20.2974
73490.0000,7349,2955.6982,0.0000,998,999,998,1,20.2233
73500.0000,7350,2955.7034,0.0000,997,1000,1000,1,20.0853
73510.0000,7351,2955.7092,0.0000,1000,999,1000,1,20.1068
73520.0000,7352,2955.7151,0.0000,1000,999,1000,1,20.1285
73530.0000,7353,2955.7210,0.0000,999,1000,1000,1,20.1558
73540.0000,7354,2955.7267,0.0000,998,1000,1000,1,20.1771
73550.0000,7355,2955.7326,0.0000,1000,1000,999,1,20.2277
73560.0000,7356,2955.7382,0.0000,1000,997,999,1,20.1958
73570.0000,7357,2955.7438,0.0000,1000,1000,1000,1,20.1758
73580.0000,7358,2955.7497,0.0000,1000,999,1000,1,20.1852
73590.0000,7359,2955.7556,0.0000,1000,1000,1000,1,20.1830
73600.0000,7360,2955.7613,0.0000,998,1000,1000,1,20.1515
73610.0000,7361,2955.7670,0.0000,999,998,1000,1,20.0259
73620.0000,7362,2955.7723,0.0000,996,997,998,1,19.8954
73630.0000,7363,2955.7771,0.0000,993,999,997,1,19.8518
73640.0000,7364,2955.7823,0.0000,998,999,1000,1,19.8207
73650.0000,7365,2955.7881,0.0000,1000,1000,1000,1,19.8031
73660.0000,7366,2955.7940,0.0000,1000,1000,1000,1,19.8824
73670.0000,7367,2955.7999,0.0000,1000,1000,999,1,19.8925
73680.0000,7368,2955.8056,0.0000,999,1000,999,1,19.8203
73690.0000,7369,2955.8111,0.0000,997,998,1000,1,19.7211
73700.0000,7370,2955.8168,0.0000,1000,1000,1000,1,19.6907
73710.0000,7371,2955.8227,0.0000,999,999,1000,1,19.7592
73720.0000,7372,2955.8286,0.0000,1000,1000,1000,1,19.8204
73730.0000,7373,2955.8344,0.0000,1000,1000,1000,1,19.8030
73740.0000,7374,2955.8404,0.0000,1000,1000,1000,1,19.8408
73750.0000,7375,2955.8460,0.0000,1000,998,1000,1,19.7997
73760.0000,7376,2955.8517,0.0000,999,1000,999,1,19.7391
73770.0000,7377,2955.8576,0.0000,999,999,1000,1,19.7221
73780.0000,7378,2955.8633,0.0000,998,998,999,1,19.6791
73790.0000,7379,2955.8686,0.0000,1000,1000,1000,1,19.6497
73800.0000,7380,2955.8741,0.0000,999,998,998,1,19.5694
73810.0000,7381,2955.8798,0.0000,1000,998,999,1,19.5911
73820.0000,7382,2955.8856,0.0000,1000,1000,1000,1,19.5917
73830.0000,7383,2955.8914,0.0000,1000,999,1000,1,19.5863
73840.0000,7384,2955.8972,0.0000,998,1000,999,1,19.5976
73850.0000,7385,2955.9029,0.0000,1000,1000,1000,1,19.6494
73860.0000,7386,2955.9088,0.0000,999,999,998,1,19.6476
73870.0000,7387,2955.9144,0.0000,1000,999,999,1,19.5789
73880.0000,7388,2955.9199,0.0000,999,995,999,1,19.4705
73890.0000,7389,2955.9254,0.0000,1000,998,1000,1,19.4962
73900.0000,7390,2955.9313,0.0000,999,1000,999,1,19.5246
73910.0000,7391,2955.9371,0.0000,1000,999,1000,1,19.4813
73920.0000,7392,2955.9429,0.0000,1000,999,999,1,19.4938
73930.0000,7393,2955.9487,0.0000,999,1000,1000,1,19.5062
73940.0000,7394,2955.9544,0.0000,1000,1000,998,1,19.4949
73950.0000,7395,2955.9600,0.0000,1000,998,1000,1,19.4908
73960.0000,7396,2955.9659,0.0000,1000,1000,1000,1,19.5307
73970.0000,7397,2955.9716,0.0000,999,998,997,1,19.4633
73980.0000,7398,2955.9773,0.0000,999,1000,1000,1,19.4652
73990.0000,7399,2955.9831,0.0000,1000,998,1000,1,19.4378
74000.0000,7400,2955.9888,0.0000,1000,999,999,1,19.4505
74010.0000,7401,2955.9947,0.0000,1000,1000,1000,1,19.5270
74020.0000,7402,2956.0003,0.0000,1000,998,999,1,19.4467
74030.0000,7403,2956.0060,0.0000,998,1000,998,1,19.4087
74040.0000,7404,2956.0117,0.0000,999,1000,1000,1,19.4216
74050.0000,7405,2956.0176,0.0000,1000,1000,999,1,19.4853
74060.0000,7406,2956.0234,0.0000,999,998,1000,1,19.4980
74070.0000,7407,2956.0290,0.0000,999,999,1000,1,19.5235
74080.0000,7408,2956.0347,0.0000,999,1000,999,1,19.4728
74090.0000,7409,2956.0404,0.0000,1000,998,1000,1,19.4460
74100.0000,7410,2956.0458,0.0000,999,998,998,1,19.4431
74110.0000,7411,2956.0515,0.0000,1000,1000,1000,1,19.4563
74120.0000,7412,2956.0573,0.0000,1000,1000,999,1,19.4848
74130.0000,7413,2956.0632,0.0000,999,999,1000,1,19.4826
74140.0000,7414,2956.0688,0.0000,999,999,1000,1,19.4562
74150.0000,7415,2956.0745,0.0000,1000,999,1000,1,19.4694
74160.0000,7416,2956.0803,0.0000,1000,1000,1000,1,19.4827
74170.0000,7417,2956.0862,0.0000,1000,1000,1000,1,19.5627
74180.0000,7418,2956.0920,0.0000,1000,1000,1000,1,19.6154
74190.0000,7419,2956.0977,0.0000,998,999,998,1,19.5771
74200.0000,7420,2956.1027,0.0000,1000,998,996,1,19.5506
74210.0000,7421,2956.1081,0.0000,1000,1000,999,1,19.5363
74220.0000,7422,2956.1139,0.0000,1000,1000,999,1,19.5892
74230.0000,7423,2956.1197,0.0000,1000,1000,1000,1,19.6540
74240.0000,7424,2956.1253,0.0000,999,999,999,1,19.6431
74250.0000,7425,2956.1311,0.0000,1000,999,1000,1,19.6403
74260.0000,7426,2956.1369,0.0000,1000,1000,1000,1,19.6413
74270.0000,7427,2956.1427,0.0000,1000,998,1000,1,19.6421
74280.0000,7428,2956.1479,0.0000,999,996,997,1,19.5876
74290.0000,7429,2956.1534,0.0000,1000,1000,1000,1,19.6277
74300.0000,7430,2956.1592,0.0000,999,1000,1000,1,19.6407
74310.0000,7431,2956.1648,0.0000,999,999,1000,1,19.6382
74320.0000,7432,2956.1705,0.0000,1000,1000,1000,1,19.5872
74330.0000,7433,2956.1763,0.0000,1000,1000,1000,1,19.5849
74340.0000,7434,2956.1821,0.0000,1000,999,1000,1,19.5863
74350.0000,7435,2956.1876,0.0000,998,998,998,1,19.5204
74360.0000,7436,2956.1932,0.0000,999,1000,1000,1,19.5213
74370.0000,7437,2956.1989,0.0000,1000,999,1000,1,19.5472
74380.0000,7438,2956.2047,0.0000,1000,1000,1000,1,19.5877
74390.0000,7439,2956.2105,0.0000,1000,1000,1000,1,19.6252
74400.0000,7440,2956.2163,0.0000,999,1000,999,1,19.6538
74410.0000,7441,2956.2219,0.0000,1000,998,999,1,19.7191
74420.0000,7442,2956.2277,0.0000,1000,1000,1000,1,19.7439
74430.0000,7443,2956.2334,0.0000,999,999,999,1,19.6934
74440.0000,7444,2956.2391,0.0000,1000,1000,1000,1,19.7309
74450.0000,7445,2956.2449,0.0000,999,1000,1000,1,19.7594
74460.0000,7446,2956.2505,0.0000,1000,998,999,1,19.7067
74470.0000,7447,2956.2560,0.0000,997,999,1000,1,19.6922
74480.0000,7448,2956.2616,0.0000,999,1000,1000,1,19.6419
74490.0000,7449,2956.2673,0.0000,1000,1000,999,1,19.6799
74500.0000,7450,2956.2730,0.0000,998,999,1000,1,19.6542
74510.0000,7451,2956.2787,0.0000,999,999,999,1,19.6561
74520.0000,7452,2956.2843,0.0000,1000,1000,999,1,19.6306
74530.0000,7453,2956.2901,0.0000,1000,1000,999,1,19.7229
74540.0000,7454,2956.2958,0.0000,1000,1000,999,1,19.7362
74550.0000,7455,2956.3015,0.0000,1000,1000,1000,1,19.7615
74560.0000,7456,2956.3072,0.0000,999,999,1000,1,19.7892
74570.0000,7457,2956.3128,0.0000,999,1000,1000,1,19.8021
74580.0000,7458,2956.3186,0.0000,1000,1000,1000,1,19.8401
74590.0000,7459,2956.3243,0.0000,1000,1000,1000,1,19.8139
74600.0000,7460,2956.3300,0.0000,1000,1000,1000,1,19.8028
74610.0000,7461,2956.3358,0.0000,1000,999,999,1,19.8284
74620.0000,7462,2956.3411,0.0000,996,1000,1000,1,19.7902
74630.0000,7463,2956.3465,0.0000,1000,998,997,1,19.7496
74640.0000,7464,2956.3520,0.0000,1000,999,1000,1,19.7632
74650.0000,7465,2956.3577,0.0000,1000,1000,1000,1,19.8040
74660.0000,7466,2956.3633,0.0000,1000,1000,1000,1,19.7514
74670.0000,7467,2956.3691,0.0000,999,999,1000,1,19.8193
74680.0000,7468,2956.3748,0.0000,999,998,1000,1,19.7788
74690.0000,7469,2956.3806,0.0000,1000,1000,999,1,19.8202
74700.0000,7470,2956.3863,0.0000,1000,1000,1000,1,19.8223
74710.0000,7471,2956.3921,0.0000,1000,1000,1000,1,19.8607
74720.0000,7472,2956.3977,0.0000,999,999,999,1,19.8119
74730.0000,7473,2956.4034,0.0000,999,999,1000,1,19.8501
74740.0000,7474,2956.4092,0.0000,999,1000,999,1,19.9180
74750.0000,7475,2956.4147,0.0000,998,1000,1000,1,19.8536
74760.0000,7476,2956.4202,0.0000,999,999,1000,1,19.8134
74770.0000,7477,2956.4256,0.0000,1000,1000,998,1,19.7496
74780.0000,7478,2956.4312,0.0000,1000,999,1000,1,19.7639
74790.0000,7479,2956.4368,0.0000,999,1000,999,1,19.7276
74800.0000,7480,2956.4425,0.0000,999,999,1000,1,19.7032
74810.0000,7481,2956.4481,0.0000,999,1000,999,1,19.6903
74820.0000,7482,2956.4537,0.0000,1000,999,1000,1,19.6662
74830.0000,7483,2956.4593,0.0000,1000,999,1000,1,19.6695
74840.0000,7484,2956.4648,0.0000,999,1000,1000,1,19.6722
74850.0000,7485,2956.4705,0.0000,1000,1000,1000,1,19.6713
74860.0000,7486,2956.4760,0.0000,1000,999,999,1,19.7012
74870.0000,7487,2956.4818,0.0000,1000,1000,1000,1,19.7391
74880.0000,7488,2956.4873,0.0000,1000,999,997,1,19.7035
74890.0000,7489,2956.4927,0.0000,999,1000,997,1,19.7061
74900.0000,7490,2956.4982,0.0000,998,1000,1000,1,19.7595
74910.0000,7491,2956.5040,0.0000,1000,1000,999,1,19.8249
74920.0000,7492,2956.5096,0.0000,999,999,1000,1,19.8004
74930.0000,7493,2956.5151,0.0000,1000,1000,1000,1,19.7870
74940.0000,7494,2956.5208,0.0000,1000,1000,999,1,19.8288
74950.0000,7495,2956.5262,0.0000,1000,1000,1000,1,19.7652
74960.0000,7496,2956.5318,0.0000,1000,999,1000,1,19.8300
74970.0000,7497,2956.5374,0.0000,999,998,1000,1,19.8052
74980.0000,7498,2956.5431,0.0000,998,998,999,1,19.8194
74990.0000,7499,2956.5486,0.0000,998,1000,1000,1,19.8098
75000.0000,7500,2956.5539,0.0000,998,1000,999,1,19.7853
75010.0000,7501,2956.5594,0.0000,998,1000,1000,1,19.8230
75020.0000,7502,2956.5650,0.0000,999,999,1000,1,19.8371
75030.0000,7503,2956.5707,0.0000,1000,999,1000,1,19.8901
75040.0000,7504,2956.5764,0.0000,1000,999,1000,1,19.9302
75050.0000,7505,2956.5820,0.0000,1000,1000,999,1,19.9441
75060.0000,7506,2956.5875,0.0000,999,999,1000,1,19.9314
75070.0000,7507,2956.5932,0.0000,1000,1000,1000,1,19.9323
75080.0000,7508,2956.5986,0.0000,999,996,998,1,19.8805
75090.0000,7509,2956.6037,0.0000,1000,997,1000,1,19.8696
75100.0000,7510,2956.6093,0.0000,1000,1000,1000,1,19.8687
75110.0000,7511,2956.6150,0.0000,999,1000,999,1,19.8579
75120.0000,7512,2956.6205,0.0000,999,1000,999,1,19.8714
75130.0000,7513,2956.6260,0.0000,999,1000,999,1,19.8460
75140.0000,7514,2956.6315,0.0000,998,999,998,1,19.7823
75150.0000,7515,2956.6369,0.0000,998,1000,999,1,19.7692
75160.0000,7516,2956.6426,0.0000,1000,1000,1000,1,19.8349
75170.0000,7517,2956.6482,0.0000,999,999,998,1,19.8242
75180.0000,7518,2956.6537,0.0000,999,1000,999,1,19.8379
75190.0000,7519,2956.6594,0.0000,1000,1000,1000,1,19.9293
75200.0000,7520,2956.6652,0.0000,1000,1000,999,1,19.9545
75210.0000,7521,2956.6708,0.0000,1000,999,999,1,20.0067
75220.0000,7522,2956.6764,0.0000,1000,999,1000,1,19.9808
75230.0000,7523,2956.6820,0.0000,999,999,999,1,19.9822
75240.0000,7524,2956.6875,0.0000,1000,1000,1000,1,20.0072
75250.0000,7525,2956.6931,0.0000,1000,1000,999,1,19.9697
75260.0000,7526,2956.6988,0.0000,1000,1000,999,1,20.0078
75270.0000,7527,2956.7043,0.0000,999,999,1000,1,19.9817
75280.0000,7528,2956.7099,0.0000,1000,998,999,1,19.9817
75290.0000,7529,2956.7155,0.0000,1000,1000,1000,1,20.0338
75300.0000,7530,2956.7210,0.0000,998,998,999,1,19.9816
75310.0000,7531,2956.7265,0.0000,1000,1000,999,1,20.0084
75320.0000,7532,2956.7320,0.0000,1000,1000,1000,1,19.9818
75330.0000,7533,2956.7376,0.0000,999,998,999,1,19.9807
75340.0000,7534,2956.7432,0.0000,999,1000,1000,1,19.9808
75350.0000,7535,2956.7488,0.0000,999,1000,999,1,19.9803
75360.0000,7536,2956.7544,0.0000,1000,1000,1000,1,19.9281
75370.0000,7537,2956.7599,0.0000,999,998,1000,1,19.9268
75380.0000,7538,2956.7653,0.0000,997,998,1000,1,19.8870
75390.0000,7539,2956.7707,0.0000,1000,999,998,1,19.8873
75400.0000,7540,2956.7763,0.0000,999,1000,1000,1,19.8863
75410.0000,7541,2956.7817,0.0000,999,1000,996,1,19.8597
75420.0000,7542,2956.7869,0.0000,998,1000,1000,1,19.8195
75430.0000,7543,2956.7923,0.0000,999,1000,998,1,19.7806
75440.0000,7544,2956.7979,0.0000,1000,999,999,1,19.8192
75450.0000,7545,2956.8035,0.0000,1000,1000,1000,1,19.8840
75460.0000,7546,2956.8091,0.0000,999,1000,999,1,19.8436
75470.0000,7547,2956.8143,0.0000,999,998,998,1,19.8165
75480.0000,7548,2956.8198,0.0000,1000,1000,999,1,19.8680
75490.0000,7549,2956.8253,0.0000,1000,1000,1000,1,19.8801
75500.0000,7550,2956.8309,0.0000,1000,1000,1000,1,19.8531
75510.0000,7551,2956.8365,0.0000,1000,1000,1000,1,19.9572
75520.0000,7552,2956.8420,0.0000,999,1000,998,1,19.9163
75530.0000,7553,2956.8474,0.0000,1000,999,999,1,19.8634
75540.0000,7554,2956.8528,0.0000,1000,998,999,1,19.7973
75550.0000,7555,2956.8582,0.0000,999,1000,1000,1,19.7962
75560.0000,7556,2956.8636,0.0000,1000,997,1000,1,19.7950
75570.0000,7557,2956.8691,0.0000,999,999,999,1,19.7426
75580.0000,7558,2956.8745,0.0000,999,998,1000,1,19.7548
75590.0000,7559,2956.8798,0.0000,1000,1000,1000,1,19.6890
75600.0000,7560,2956.8854,0.0000,1000,999,1000,1,19.7275
75610.0000,7561,2956.8909,0.0000,999,999,1000,1,19.7400
75620.0000,7562,2956.8965,0.0000,999,1000,1000,1,19.7794
75630.0000,7563,2956.9021,0.0000,999,1000,999,1,19.8035
75640.0000,7564,2956.9074,0.0000,1000,1000,1000,1,19.7502
75650.0000,7565,2956.9131,0.0000,999,1000,999,1,19.8405
75660.0000,7566,2956.9184,0.0000,1000,999,998,1,19.8131
75670.0000,7567,2956.9238,0.0000,999,1000,998,1,19.7857
75680.0000,7568,2956.9288,0.0000,1000,998,997,1,19.7191
75690.0000,7569,2956.9340,0.0000,1000,999,1000,1,19.7065
75700.0000,7570,2956.9395,0.0000,1000,999,1000,1,19.7302
75710.0000,7571,2956.9451,0.0000,999,1000,999,1,19.7550
75720.0000,7572,2956.9507,0.0000,1000,1000,1000,1,19.8208
75730.0000,7573,2956.9562,0.0000,999,1000,999,1,19.8177
75740.0000,7574,2956.9617,0.0000,1000,1000,999,1,19.7904
75750.0000,7575,2956.9673,0.0000,999,999,999,1,19.8171
75760.0000,7576,2956.9728,0.0000,1000,999,998,1,19.8288
75770.0000,7577,2956.9783,0.0000,1000,1000,1000,1,19.8648
75780.0000,7578,2956.9839,0.0000,1000,999,1000,1,19.8633
75790.0000,7579,2956.9895,0.0000,999,1000,1000,1,19.8876
75800.0000,7580,2956.9950,0.0000,1000,1000,1000,1,19.8597
75810.0000,7581,2957.0005,0.0000,1000,1000,1000,1,19.8186
75820.0000,7582,2957.0059,0.0000,1000,999,999,1,19.7793
75830.0000,7583,2957.0115,0.0000,1000,1000,1000,1,19.8807
75840.0000,7584,2957.0168,0.0000,998,999,999,1,19.8523
75850.0000,7585,2957.0223,0.0000,999,1000,1000,1,19.8766
75860.0000,7586,2957.0278,0.0000,999,999,1000,1,19.9138
75870.0000,7587,2957.0332,0.0000,999,1000,1000,1,19.9378
75880.0000,7588,2957.0388,0.0000,999,1000,1000,1,20.0274
75890.0000,7589,2957.0442,0.0000,1000,1000,1000,1,20.0247
75900.0000,7590,2957.0495,0.0000,999,999,997,1,19.9841
75910.0000,7591,2957.0549,0.0000,999,999,999,1,19.9797
75920.0000,7592,2957.0602,0.0000,1000,1000,1000,1,19.9773
75930.0000,7593,2957.0657,0.0000,1000,999,1000,1,19.9763
75940.0000,7594,2957.0712,0.0000,1000,1000,1000,1,19.9587
75950.0000,7595,2957.0767,0.0000,999,998,999,1,19.9971
75960.0000,7596,2957.0819,0.0000,1000,1000,999,1,19.9280
75970.0000,7597,2957.0873,0.0000,999,998,999,1,19.8317
75980.0000,7598,2957.0927,0.0000,999,999,1000,1,19.8549
75990.0000,7599,2957.0982,0.0000,1000,999,1000,1,19.8531
76000.0000,7600,2957.1035,0.0000,1000,999,999,1,19.7848
76010.0000,7601,2957.1089,0.0000,1000,999,999,1,19.7438
76020.0000,7602,2957.1144,0.0000,1000,999,999,1,19.7270
76030.0000,7603,2957.1198,0.0000,999,1000,1000,1,19.7768
76040.0000,7604,2957.1253,0.0000,998,999,1000,1,19.7479
76050.0000,7605,2957.1307,0.0000,1000,999,999,1,19.7466
76060.0000,7606,2957.1361,0.0000,1000,999,999,1,19.7570
76070.0000,7607,2957.1416,0.0000,1000,999,1000,1,19.7793
76080.0000,7608,2957.1472,0.0000,1000,999,1000,1,19.8292
76090.0000,7609,2957.1527,0.0000,1000,1000,1000,1,19.8517
76100.0000,7610,2957.1580,0.0000,1000,998,1000,1,19.8493
76110.0000,7611,2957.1635,0.0000,999,999,999,1,19.8322
76120.0000,7612,2957.1689,0.0000,1000,1000,1000,1,19.8573
76130.0000,7613,2957.1743,0.0000,999,998,999,1,19.8398
76140.0000,7614,2957.1797,0.0000,1000,999,999,1,19.8377
76150.0000,7615,2957.1851,0.0000,1000,1000,1000,1,19.8478
76160.0000,7616,2957.1906,0.0000,1000,1000,999,1,19.8578
76170.0000,7617,2957.1960,0.0000,1000,1000,999,1,19.8286
76180.0000,7618,2957.2015,0.0000,1000,1000,1000,1,19.7994
76190.0000,7619,2957.2069,0.0000,1000,999,1000,1,19.7829
76200.0000,7620,2957.2121,0.0000,999,998,999,1,19.6872
76210.0000,7621,2957.2173,0.0000,999,1000,1000,1,19.6338
76220.0000,7622,2957.2228,0.0000,999,1000,1000,1,19.6297
76230.0000,7623,2957.2281,0.0000,1000,1000,999,1,19.6160
76240.0000,7624,2957.2336,0.0000,999,1000,1000,1,19.6659
76250.0000,7625,2957.2390,0.0000,999,997,999,1,19.5708
76260.0000,7626,2957.2441,0.0000,1000,1000,1000,1,19.5694
76270.0000,7627,2957.2496,0.0000,999,999,1000,1,19.5927
76280.0000,7628,2957.2552,0.0000,1000,999,999,1,19.6698
76290.0000,7629,2957.2607,0.0000,1000,1000,1000,1,19.7197
76300.0000,7630,2957.2661,0.0000,999,1000,1000,1,19.7155
76310.0000,7631,2957.2715,0.0000,998,1000,998,1,19.6869
76320.0000,7632,2957.2769,0.0000,1000,999,999,1,19.6340
76330.0000,7633,2957.2823,0.0000,999,999,1000,1,19.6185
76340.0000,7634,2957.2878,0.0000,1000,1000,999,1,19.6167
76350.0000,7635,2957.2931,0.0000,1000,1000,1000,1,19.6127
76360.0000,7636,2957.2986,0.0000,1000,1000,999,1,19.5596
76370.0000,7637,2957.3040,0.0000,1000,1000,1000,1,19.5950
76380.0000,7638,2957.3095,0.0000,1000,999,1000,1,19.6330
76390.0000,7639,2957.3150,0.0000,1000,1000,1000,1,19.7093
76400.0000,7640,2957.3205,0.0000,999,999,1000,1,19.6936
76410.0000,7641,2957.3259,0.0000,1000,1000,999,1,19.7305
76420.0000,7642,2957.3313,0.0000,1000,999,1000,1,19.7261
76430.0000,7643,2957.3368,0.0000,999,999,999,1,19.7251
76440.0000,7644,2957.3422,0.0000,1000,1000,1000,1,19.7615
76450.0000,7645,2957.3477,0.0000,1000,1000,1000,1,19.7969
76460.0000,7646,2957.3532,0.0000,1000,1000,999,1,19.8222
76470.0000,7647,2957.3584,0.0000,999,1000,998,1,19.7795
76480.0000,7648,2957.3638,0.0000,1000,1000,1000,1,19.8182
76490.0000,7649,2957.3691,0.0000,999,998,1000,1,19.7376
76500.0000,7650,2957.3745,0.0000,1000,1000,999,1,19.7484
76510.0000,7651,2957.3796,0.0000,996,999,1000,1,19.6939
76520.0000,7652,2957.3848,0.0000,1000,999,999,1,19.6657
76530.0000,7653,2957.3903,0.0000,1000,1000,999,1,19.6380
76540.0000,7654,2957.3957,0.0000,1000,1000,1000,1,19.5973
76550.0000,7655,2957.4011,0.0000,1000,1000,1000,1,19.6216
76560.0000,7656,2957.4065,0.0000,999,999,1000,1,19.5941
76570.0000,7657,2957.4118,0.0000,1000,998,1000,1,19.5148
76580.0000,7658,2957.4172,0.0000,999,999,998,1,19.5393
76590.0000,7659,2957.4225,0.0000,999,999,998,1,19.5115
76600.0000,7660,2957.4277,0.0000,998,999,999,1,19.4711
76610.0000,7661,2957.4328,0.0000,1000,1000,999,1,19.4435
76620.0000,7662,2957.4381,0.0000,998,997,999,1,19.4545
76630.0000,7663,2957.4431,0.0000,1000,998,999,1,19.4655
76640.0000,7664,2957.4485,0.0000,1000,1000,1000,1,19.4887
76650.0000,7665,2957.4540,0.0000,1000,999,999,1,19.4870
76660.0000,7666,2957.4594,0.0000,1000,1000,999,1,19.5368
76670.0000,7667,2957.4649,0.0000,1000,999,1000,1,19.5600
76680.0000,7668,2957.4704,0.0000,1000,1000,1000,1,19.5973
76690.0000,7669,2957.4758,0.0000,1000,1000,999,1,19.6077
76700.0000,7670,2957.4812,0.0000,1000,999,1000,1,19.5908
76710.0000,7671,2957.4866,0.0000,999,999,999,1,19.5888
76720.0000,7672,2957.4920,0.0000,998,1000,1000,1,19.5832
76730.0000,7673,2957.4973,0.0000,1000,999,1000,1,19.5823
76740.0000,7674,2957.5028,0.0000,1000,999,1000,1,19.6317
76750.0000,7675,2957.5082,0.0000,1000,999,998,1,19.6419
76760.0000,7676,2957.5135,0.0000,999,999,1000,1,19.6520
76770.0000,7677,2957.5186,0.0000,997,1000,999,1,19.5953
76780.0000,7678,2957.5239,0.0000,999,999,999,1,19.5546
76790.0000,7679,2957.5293,0.0000,1000,999,1000,1,19.6430
76800.0000,7680,2957.5347,0.0000,999,999,999,1,19.6529
76810.0000,7681,2957.5401,0.0000,1000,999,1000,1,19.6626
76820.0000,7682,2957.5455,0.0000,999,1000,999,1,19.6448
76830.0000,7683,2957.5508,0.0000,1000,1000,1000,1,19.6304
76840.0000,7684,2957.5563,0.0000,1000,1000,1000,1,19.6399
76850.0000,7685,2957.5616,0.0000,1000,1000,1000,1,19.6494
76860.0000,7686,2957.5670,0.0000,1000,1000,999,1,19.6589
76870.0000,7687,2957.5725,0.0000,1000,1000,1000,1,19.7199
76880.0000,7688,2957.5779,0.0000,1000,1000,1000,1,19.7805
76890.0000,7689,2957.5833,0.0000,1000,1000,1000,1,19.8291
76900.0000,7690,2957.5887,0.0000,1000,1000,1000,1,19.8144
76910.0000,7691,2957.5940,0.0000,1000,1000,999,1,19.8473
76920.0000,7692,2957.5995,0.0000,1000,1000,1000,1,19.8440
76930.0000,7693,2957.6046,0.0000,998,1000,1000,1,19.7860
76940.0000,7694,2957.6100,0.0000,1000,998,999,1,19.7306
76950.0000,7695,2957.6153,0.0000,1000,999,999,1,19.6606
76960.0000,7696,2957.6206,0.0000,1000,998,1000,1,19.6304
76970.0000,7697,2957.6259,0.0000,1000,999,999,1,19.6790
76980.0000,7698,2957.6311,0.0000,998,999,1000,1,19.6216
76990.0000,7699,2957.6364,0.0000,998,1000,998,1,19.5249
77000.0000,7700,2957.6418,0.0000,1000,1000,1000,1,19.5737
77010.0000,7701,2957.6470,0.0000,1000,1000,1000,1,19.5438
77020.0000,7702,2957.6524,0.0000,1000,999,999,1,19.5531
77030.0000,7703,2957.6577,0.0000,998,999,1000,1,19.5892
77040.0000,7704,2957.6630,0.0000,999,1000,1000,1,19.6500
77050.0000,7705,2957.6681,0.0000,999,999,1000,1,19.5680
77060.0000,7706,2957.6732,0.0000,998,999,1000,1,19.5377
77070.0000,7707,2957.6785,0.0000,999,1000,1000,1,19.5201
77080.0000,7708,2957.6836,0.0000,998,1000,1000,1,19.4509
77090.0000,7709,2957.6890,0.0000,999,999,1000,1,19.4480
77100.0000,7710,2957.6942,0.0000,1000,999,1000,1,19.4186
77110.0000,7711,2957.6996,0.0000,1000,1000,1000,1,19.4406
77120.0000,7712,2957.7050,0.0000,999,1000,1000,1,19.4894
77130.0000,7713,2957.7103,0.0000,999,999,1000,1,19.4470
77140.0000,7714,2957.7155,0.0000,1000,999,1000,1,19.4299
77150.0000,7715,2957.7209,0.0000,1000,1000,1000,1,19.4393
77160.0000,7716,2957.7264,0.0000,999,1000,1000,1,19.4880
77170.0000,7717,2957.7316,0.0000,1000,999,998,1,19.5111
77180.0000,7718,2957.7369,0.0000,1000,1000,1000,1,19.5203
77190.0000,7719,2957.7420,0.0000,1000,998,998,1,19.4638
77200.0000,7720,2957.7469,0.0000,999,999,996,1,19.3689
77210.0000,7721,2957.7516,0.0000,999,996,1000,1,19.3397
77220.0000,7722,2957.7569,0.0000,999,1000,1000,1,19.3885
77230.0000,7723,2957.7621,0.0000,1000,999,999,1,19.3733
77240.0000,7724,2957.7674,0.0000,1000,1000,999,1,19.3570
77250.0000,7725,2957.7727,0.0000,1000,998,998,1,19.3155
77260.0000,7726,2957.7773,0.0000,999,996,1000,1,19.2337
77270.0000,7727,2957.7824,0.0000,1000,1000,1000,1,19.2829
77280.0000,7728,2957.7878,0.0000,999,1000,1000,1,19.2935
77290.0000,7729,2957.7930,0.0000,998,998,999,1,19.2651
77300.0000,7730,2957.7981,0.0000,1000,1000,1000,1,19.2753
77310.0000,7731,2957.8035,0.0000,999,1000,1000,1,19.2735
77320.0000,7732,2957.8088,0.0000,1000,1000,1000,1,19.3101
77330.0000,7733,2957.8140,0.0000,998,1000,1000,1,19.2673
77340.0000,7734,2957.8193,0.0000,1000,999,1000,1,19.3041
77350.0000,7735,2957.8245,0.0000,999,998,999,1,19.2365
77360.0000,7736,2957.8298,0.0000,1000,1000,1000,1,19.2467
77370.0000,7737,2957.8351,0.0000,999,1000,1000,1,19.2689
77380.0000,7738,2957.8404,0.0000,1000,999,1000,1,19.2667
77390.0000,7739,2957.8455,0.0000,998,1000,999,1,19.2250
77400.0000,7740,2957.8509,0.0000,999,999,1000,1,19.2871
77410.0000,7741,2957.8562,0.0000,999,998,999,1,19.2842
77420.0000,7742,2957.8611,0.0000,1000,998,1000,1,19.2690
77430.0000,7743,2957.8662,0.0000,1000,1000,1000,1,19.2795
77440.0000,7744,2957.8715,0.0000,1000,1000,999,1,19.3153
77450.0000,7745,2957.8768,0.0000,1000,1000,999,1,19.3644
77460.0000,7746,2957.8818,0.0000,1000,999,998,1,19.2972
77470.0000,7747,2957.8869,0.0000,1000,1000,1000,1,19.2817
77480.0000,7748,2957.8923,0.0000,1000,1000,1000,1,19.3306
77490.0000,7749,2957.8976,0.0000,1000,1000,1000,1,19.3670
77500.0000,7750,2957.9030,0.0000,1000,1000,1000,1,19.4283
77510.0000,7751,2957.9082,0.0000,998,999,1000,1,19.4114
77520.0000,7752,2957.9133,0.0000,1000,1000,1000,1,19.3434
77530.0000,7753,2957.9186,0.0000,1000,1000,1000,1,19.4064
77540.0000,7754,2957.9239,0.0000,1000,999,999,1,19.4160
77550.0000,7755,2957.9292,0.0000,998,998,1000,1,19.3870
77560.0000,7756,2957.9344,0.0000,1000,1000,999,1,19.4218
77570.0000,7757,2957.9396,0.0000,1000,997,1000,1,19.3810
77580.0000,7758,2957.9449,0.0000,999,1000,999,1,19.4172
77590.0000,7759,2957.9501,0.0000,1000,1000,1000,1,19.4132
77600.0000,7760,2957.9555,0.0000,999,1000,1000,1,19.4233
77610.0000,7761,2957.9608,0.0000,1000,1000,999,1,19.4214
77620.0000,7762,2957.9659,0.0000,999,999,1000,1,19.3275
77630.0000,7763,2957.9712,0.0000,1000,1000,1000,1,19.3907
77640.0000,7764,2957.9765,0.0000,999,999,999,1,19.3749
77650.0000,7765,2957.9817,0.0000,1000,1000,1000,1,19.4236
77660.0000,7766,2957.9870,0.0000,1000,1000,999,1,19.4596
77670.0000,7767,2957.9923,0.0000,1000,998,999,1,19.4306
77680.0000,7768,2957.9975,0.0000,1000,1000,1000,1,19.4531
77690.0000,7769,2958.0028,0.0000,1000,999,999,1,19.4358
77700.0000,7770,2958.0080,0.0000,999,999,1000,1,19.4340
77710.0000,7771,2958.0132,0.0000,1000,1000,1000,1,19.4440
77720.0000,7772,2958.0184,0.0000,999,1000,998,1,19.4267
77730.0000,7773,2958.0236,0.0000,1000,1000,1000,1,19.4755
77740.0000,7774,2958.0289,0.0000,1000,1000,1000,1,19.4610
77750.0000,7775,2958.0340,0.0000,998,999,1000,1,19.4062
77760.0000,7776,2958.0393,0.0000,1000,1000,1000,1,19.4038
77770.0000,7777,2958.0446,0.0000,1000,999,1000,1,19.3877
77780.0000,7778,2958.0498,0.0000,1000,1000,1000,1,19.4363
77790.0000,7779,2958.0551,0.0000,1000,1000,1000,1,19.4848
77800.0000,7780,2958.0603,0.0000,1000,998,1000,1,19.4556
77810.0000,7781,2958.0655,0.0000,1000,999,1000,1,19.4766
77820.0000,7782,2958.0706,0.0000,1000,999,999,1,19.5134
77830.0000,7783,2958.0758,0.0000,1000,1000,999,1,19.5098
77840.0000,7784,2958.0810,0.0000,998,999,999,1,19.5042
77850.0000,7785,2958.0859,0.0000,997,998,998,1,19.4742
77860.0000,7786,2958.0911,0.0000,1000,1000,1000,1,19.5611
77870.0000,7787,2958.0962,0.0000,1000,1000,999,1,19.5459
77880.0000,7788,2958.1015,0.0000,1000,1000,1000,1,19.5788
77890.0000,7789,2958.1067,0.0000,1000,999,1000,1,19.5373
77900.0000,7790,2958.1120,0.0000,999,999,1000,1,19.6241
77910.0000,7791,2958.1173,0.0000,1000,1000,1000,1,19.6592
77920.0000,7792,2958.1225,0.0000,1000,999,1000,1,19.6026
77930.0000,7793,2958.1275,0.0000,1000,1000,999,1,19.5595
77940.0000,7794,2958.1327,0.0000,999,999,997,1,19.5299
77950.0000,7795,2958.1372,0.0000,999,1000,999,1,19.4467
77960.0000,7796,2958.1423,0.0000,1000,1000,998,1,19.4321
77970.0000,7797,2958.1475,0.0000,999,1000,1000,1,19.3879
77980.0000,7798,2958.1525,0.0000,999,999,1000,1,19.4121
77990.0000,7799,2958.1576,0.0000,999,1000,1000,1,19.4349
78000.0000,7800,2958.1628,0.0000,999,1000,998,1,19.4311
78010.0000,7801,2958.1680,0.0000,999,998,999,1,19.4404
78020.0000,7802,2958.1730,0.0000,1000,1000,1000,1,19.4500
78030.0000,7803,2958.1782,0.0000,998,1000,999,1,19.4059
78040.0000,7804,2958.1833,0.0000,1000,997,1000,1,19.3273
78050.0000,7805,2958.1884,0.0000,999,1000,999,1,19.3095
78060.0000,7806,2958.1937,0.0000,1000,1000,999,1,19.3346
78070.0000,7807,2958.1989,0.0000,999,1000,1000,1,19.3298
78080.0000,7808,2958.2042,0.0000,1000,999,999,1,19.3933
78090.0000,7809,2958.2094,0.0000,999,1000,1000,1,19.4266
78100.0000,7810,2958.2146,0.0000,1000,1000,999,1,19.4126
78110.0000,7811,2958.2197,0.0000,1000,999,1000,1,19.3191
78120.0000,7812,2958.2249,0.0000,1000,999,999,1,19.3548
78130.0000,7813,2958.2301,0.0000,1000,1000,1000,1,19.4273
78140.0000,7814,2958.2353,0.0000,1000,1000,1000,1,19.4253
78150.0000,7815,2958.2405,0.0000,999,1000,999,1,19.4076
78160.0000,7816,2958.2458,0.0000,1000,1000,1000,1,19.5087
78170.0000,7817,2958.2508,0.0000,999,1000,999,1,19.4645
78180.0000,7818,2958.2560,0.0000,1000,1000,999,1,19.4496
78190.0000,7819,2958.2613,0.0000,999,1000,999,1,19.5215
78200.0000,7820,2958.2663,0.0000,999,999,1000,1,19.5303
78210.0000,7821,2958.2715,0.0000,1000,1000,999,1,19.5281
78220.0000,7822,2958.2767,0.0000,1000,1000,1000,1,19.5871
78230.0000,7823,2958.2820,0.0000,999,1000,1000,1,19.5960
78240.0000,7824,2958.2872,0.0000,999,1000,1000,1,19.5665
78250.0000,7825,2958.2923,0.0000,999,1000,1000,1,19.5903
78260.0000,7826,2958.2975,0.0000,1000,999,1000,1,19.5736
78270.0000,7827,2958.3026,0.0000,998,998,999,1,19.5441
78280.0000,7828,2958.3078,0.0000,1000,1000,1000,1,19.6032
78290.0000,7829,2958.3130,0.0000,1000,1000,1000,1,19.6123
78300.0000,7830,2958.3181,0.0000,1000,1000,1000,1,19.6488
78310.0000,7831,2958.3233,0.0000,1000,999,1000,1,19.5675
78320.0000,7832,2958.3283,0.0000,999,998,1000,1,19.5123
78330.0000,7833,2958.3334,0.0000,1000,1000,1000,1,19.5089
78340.0000,7834,2958.3386,0.0000,1000,999,1000,1,19.5308
78350.0000,7835,2958.3438,0.0000,1000,999,1000,1,19.5787
78360.0000,7836,2958.3489,0.0000,1000,999,999,1,19.6137
78370.0000,7837,2958.3540,0.0000,1000,1000,999,1,19.6081
78380.0000,7838,2958.3592,0.0000,999,1000,999,1,19.6170
78390.0000,7839,2958.3644,0.0000,999,1000,1000,1,19.6645
78400.0000,7840,2958.3695,0.0000,1000,999,999,1,19.6491
78410.0000,7841,2958.3747,0.0000,1000,1000,998,1,19.6431
78420.0000,7842,2958.3799,0.0000,1000,999,1000,1,19.7175
78430.0000,7843,2958.3850,0.0000,999,1000,1000,1,19.6989
78440.0000,7844,2958.3903,0.0000,1000,1000,1000,1,19.7730
78450.0000,7845,2958.3954,0.0000,1000,999,999,1,19.7810
78460.0000,7846,2958.4006,0.0000,1000,1000,999,1,19.8010
78470.0000,7847,2958.4058,0.0000,1000,1000,1000,1,19.7311
78480.0000,7848,2958.4110,0.0000,1000,999,1000,1,19.7272
78490.0000,7849,2958.4161,0.0000,1000,1000,1000,1,19.7230
78500.0000,7850,2958.4213,0.0000,999,1000,1000,1,19.7548
78510.0000,7851,2958.4263,0.0000,999,999,999,1,19.7238
78520.0000,7852,2958.4310,0.0000,1000,1000,1000,1,19.7317
78530.0000,7853,2958.4361,0.0000,998,999,1000,1,19.7280
78540.0000,7854,2958.4409,0.0000,998,999,1000,1,19.7231
78550.0000,7855,2958.4460,0.0000,999,999,1000,1,19.7051
78560.0000,7856,2958.4510,0.0000,1000,999,1000,1,19.6226
78570.0000,7857,2958.4560,0.0000,998,1000,1000,1,19.6055
78580.0000,7858,2958.4611,0.0000,1000,1000,999,1,19.6395
78590.0000,7859,2958.4663,0.0000,1000,1000,1000,1,19.6865
78600.0000,7860,2958.4715,0.0000,998,999,1000,1,19.6687
78610.0000,7861,2958.4766,0.0000,1000,999,1000,1,19.6766
78620.0000,7862,2958.4817,0.0000,999,1000,1000,1,19.6570
78630.0000,7863,2958.4868,0.0000,999,999,1000,1,19.6534
78640.0000,7864,2958.4919,0.0000,999,999,999,1,19.6339
78650.0000,7865,2958.4968,0.0000,997,1000,999,1,19.5640
78660.0000,7866,2958.5018,0.0000,1000,999,1000,1,19.5600
78670.0000,7867,2958.5068,0.0000,1000,1000,999,1,19.5546
78680.0000,7868,2958.5119,0.0000,999,999,1000,1,19.5759
78690.0000,7869,2958.5171,0.0000,1000,999,1000,1,19.6616
78700.0000,7870,2958.5223,0.0000,1000,1000,1000,1,19.6814
78710.0000,7871,2958.5274,0.0000,1000,1000,1000,1,19.6639
78720.0000,7872,2958.5325,0.0000,1000,1000,999,1,19.5940
78730.0000,7873,2958.5376,0.0000,999,999,1000,1,19.6155
78740.0000,7874,2958.5424,0.0000,997,999,1000,1,19.4685
78750.0000,7875,2958.5475,0.0000,999,999,999,1,19.4236
78760.0000,7876,2958.5524,0.0000,1000,1000,1000,1,19.3932
78770.0000,7877,2958.5575,0.0000,999,998,999,1,19.3771
78780.0000,7878,2958.5624,0.0000,1000,1000,1000,1,19.3472
78790.0000,7879,2958.5675,0.0000,1000,999,1000,1,19.3174
78800.0000,7880,2958.5726,0.0000,1000,1000,1000,1,19.3263
78810.0000,7881,2958.5777,0.0000,1000,1000,1000,1,19.3463
78820.0000,7882,2958.5828,0.0000,1000,1000,999,1,19.3298
78830.0000,7883,2958.5878,0.0000,1000,1000,1000,1,19.3145
78840.0000,7884,2958.5929,0.0000,999,1000,1000,1,19.2850
78850.0000,7885,2958.5981,0.0000,1000,999,1000,1,19.2795
78860.0000,7886,2958.6031,0.0000,999,1000,999,1,19.2115
78870.0000,7887,2958.6082,0.0000,999,1000,999,1,19.2461
78880.0000,7888,2958.6133,0.0000,999,998,1000,1,19.2442
78890.0000,7889,2958.6184,0.0000,999,1000,1000,1,19.2775
78900.0000,7890,2958.6234,0.0000,999,999,999,1,19.2485
78910.0000,7891,2958.6285,0.0000,1000,1000,1000,1,19.2340
78920.0000,7892,2958.6337,0.0000,1000,999,999,1,19.2676
78930.0000,7893,2958.6388,0.0000,1000,999,1000,1,19.2532
78940.0000,7894,2958.6437,0.0000,998,999,999,1,19.1339
78950.0000,7895,2958.6488,0.0000,999,1000,1000,1,19.1435
78960.0000,7896,2958.6539,0.0000,1000,1000,999,1,19.1913
78970.0000,7897,2958.6590,0.0000,1000,1000,999,1,19.1500
78980.0000,7898,2958.6641,0.0000,1000,1000,1000,1,19.1486
78990.0000,7899,2958.6693,0.0000,1000,999,1000,1,19.1581
79000.0000,7900,2958.6744,0.0000,1000,999,999,1,19.1531
79010.0000,7901,2958.6793,0.0000,1000,999,999,1,19.1243
79020.0000,7902,2958.6841,0.0000,1000,1000,1000,1,19.1093
79030.0000,7903,2958.6892,0.0000,1000,1000,999,1,19.1298
79040.0000,7904,2958.6943,0.0000,1000,1000,1000,1,19.1390
79050.0000,7905,2958.6994,0.0000,1000,1000,1000,1,19.1368
79060.0000,7906,2958.7045,0.0000,999,1000,1000,1,19.1570
79070.0000,7907,2958.7093,0.0000,997,999,999,1,19.0783
79080.0000,7908,2958.7144,0.0000,1000,1000,1000,1,19.1369
79090.0000,7909,2958.7195,0.0000,1000,999,1000,1,19.1730
79100.0000,7910,2958.7246,0.0000,999,1000,1000,1,19.1820
79110.0000,7911,2958.7295,0.0000,1000,999,1000,1,19.1527
79120.0000,7912,2958.7345,0.0000,998,999,997,1,19.1098
79130.0000,7913,2958.7393,0.0000,999,999,1000,1,19.1571
79140.0000,7914,2958.7443,0.0000,999,998,998,1,19.0661
79150.0000,7915,2958.7491,0.0000,1000,1000,998,1,19.0487
79160.0000,7916,2958.7541,0.0000,999,999,1000,1,19.0469
79170.0000,7917,2958.7592,0.0000,1000,1000,999,1,19.0297
79180.0000,7918,2958.7641,0.0000,999,1000,1000,1,18.9763
79190.0000,7919,2958.7691,0.0000,999,999,998,1,18.9236
79200.0000,7920,2958.7738,0.0000,999,999,999,1,18.8574
79210.0000,7921,2958.7790,0.0000,1000,999,999,1,18.9295
79220.0000,7922,2958.7840,0.0000,1000,998,999,1,18.9009
79230.0000,7923,2958.7890,0.0000,1000,1000,1000,1,18.8978
79240.0000,7924,2958.7941,0.0000,1000,1000,1000,1,18.8819
79250.0000,7925,2958.7990,0.0000,999,999,999,1,18.8287
79260.0000,7926,2958.8041,0.0000,1000,1000,1000,1,18.8384
79270.0000,7927,2958.8091,0.0000,1000,1000,1000,1,18.8861
79280.0000,7928,2958.8141,0.0000,1000,999,1000,1,18.8575
79290.0000,7929,2958.8192,0.0000,1000,999,1000,1,18.8668
79300.0000,7930,2958.8243,0.0000,999,999,1000,1,18.8763
79310.0000,7931,2958.8293,0.0000,998,1000,1000,1,18.8975
79320.0000,7932,2958.8341,0.0000,998,1000,1000,1,18.9071
79330.0000,7933,2958.8391,0.0000,998,999,1000,1,18.8670
79340.0000,7934,2958.8439,0.0000,1000,999,1000,1,18.8007
79350.0000,7935,2958.8488,0.0000,997,1000,1000,1,18.7723
79360.0000,7936,2958.8537,0.0000,1000,998,999,1,18.7062
79370.0000,7937,2958.8587,0.0000,998,1000,1000,1,18.7014
79380.0000,7938,2958.8637,0.0000,999,1000,1000,1,18.6994
79390.0000,7939,2958.8688,0.0000,1000,1000,1000,1,18.7356
79400.0000,7940,2958.8738,0.0000,1000,1000,999,1,18.7195
79410.0000,7941,2958.8788,0.0000,999,1000,998,1,18.6802
79420.0000,7942,2958.8839,0.0000,1000,1000,1000,1,18.7398
79430.0000,7943,2958.8888,0.0000,1000,998,1000,1,18.7008
79440.0000,7944,2958.8938,0.0000,1000,999,999,1,18.6591
79450.0000,7945,2958.8988,0.0000,1000,1000,1000,1,18.6465
79460.0000,7946,2958.9036,0.0000,1000,1000,1000,1,18.6684
79470.0000,7947,2958.9085,0.0000,999,1000,1000,1,18.6788
79480.0000,7948,2958.9134,0.0000,1000,1000,998,1,18.6893
79490.0000,7949,2958.9182,0.0000,999,999,1000,1,18.6508
79500.0000,7950,2958.9232,0.0000,1000,1000,1000,1,18.6725
79510.0000,7951,2958.9279,0.0000,1000,997,1000,1,18.6576
79520.0000,7952,2958.9328,0.0000,999,1000,1000,1,18.6927
79530.0000,7953,2958.9378,0.0000,1000,1000,1000,1,18.7028
79540.0000,7954,2958.9428,0.0000,999,999,1000,1,18.7395
79550.0000,7955,2958.9479,0.0000,1000,1000,999,1,18.7493
79560.0000,7956,2958.9528,0.0000,1000,998,999,1,18.7450
79570.0000,7957,2958.9577,0.0000,1000,1000,1000,1,18.7546
79580.0000,7958,2958.9627,0.0000,1000,1000,999,1,18.7516
79590.0000,7959,2958.9677,0.0000,997,1000,999,1,18.7233
79600.0000,7960,2958.9726,0.0000,999,1000,1000,1,18.7328
79610.0000,7961,2958.9775,0.0000,998,1000,998,1,18.6287
79620.0000,7962,2958.9825,0.0000,999,1000,1000,1,18.6385
79630.0000,7963,2958.9874,0.0000,998,998,999,1,18.5993
79640.0000,7964,2958.9924,0.0000,1000,1000,1000,1,18.5712
79650.0000,7965,2958.9975,0.0000,1000,1000,1000,1,18.6188
79660.0000,7966,2959.0024,0.0000,1000,999,1000,1,18.5153
79670.0000,7967,2959.0072,0.0000,1000,999,1000,1,18.5117
79680.0000,7968,2959.0122,0.0000,999,999,1000,1,18.4983
79690.0000,7969,2959.0171,0.0000,1000,1000,1000,1,18.4446
79700.0000,7970,2959.0222,0.0000,1000,998,1000,1,18.4443
79710.0000,7971,2959.0271,0.0000,999,1000,1000,1,18.5032
79720.0000,7972,2959.0322,0.0000,1000,1000,999,1,18.5136
79730.0000,7973,2959.0372,0.0000,1000,1000,1000,1,18.5131
79740.0000,7974,2959.0421,0.0000,999,1000,1000,1,18.4968
79750.0000,7975,2959.0471,0.0000,1000,999,1000,1,18.4970
79760.0000,7976,2959.0521,0.0000,1000,998,1000,1,18.5076
79770.0000,7977,2959.0567,0.0000,1000,1000,998,1,18.3919
79780.0000,7978,2959.0616,0.0000,999,1000,998,1,18.4266
79790.0000,7979,2959.0666,0.0000,999,1000,1000,1,18.4375
79800.0000,7980,2959.0717,0.0000,1000,1000,1000,1,18.5231
79810.0000,7981,2959.0768,0.0000,1000,1000,1000,1,18.5845
79820.0000,7982,2959.0818,0.0000,1000,1000,1000,1,18.6085
79830.0000,7983,2959.0869,0.0000,1000,1000,1000,1,18.6050
79840.0000,7984,2959.0916,0.0000,997,999,1000,1,18.5540
79850.0000,7985,2959.0966,0.0000,1000,1000,1000,1,18.5748
79860.0000,7986,2959.1015,0.0000,999,1000,999,1,18.5105
79870.0000,7987,2959.1064,0.0000,1000,1000,1000,1,18.5483
79880.0000,7988,2959.1114,0.0000,1000,1000,1000,1,18.5219
79890.0000,7989,2959.1163,0.0000,1000,1000,999,1,18.5565
79900.0000,7990,2959.1213,0.0000,999,999,999,1,18.5675
79910.0000,7991,2959.1262,0.0000,999,1000,1000,1,18.6028
79920.0000,7992,2959.1312,0.0000,1000,1000,1000,1,18.5520
79930.0000,7993,2959.1362,0.0000,1000,999,998,1,18.6000
79940.0000,7994,2959.1410,0.0000,1000,1000,999,1,18.5973
79950.0000,7995,2959.1458,0.0000,1000,998,999,1,18.5086
79960.0000,7996,2959.1507,0.0000,1000,1000,1000,1,18.5435
79970.0000,7997,2959.1557,0.0000,1000,1000,1000,1,18.5673
79980.0000,7998,2959.1607,0.0000,999,1000,1000,1,18.5644
79990.0000,7999,2959.1657,0.0000,999,999,999,1,18.5637
80000.0000,8000,2959.1704,0.0000,999,1000,1000,1,18.5475
80010.0000,8001,2959.1754,0.0000,999,999,999,1,18.5466
80020.0000,8002,2959.1804,0.0000,1000,999,998,1,18.5567
80030.0000,8003,2959.1853,0.0000,1000,1000,999,1,18.5408
80040.0000,8004,2959.1902,0.0000,1000,998,999,1,18.5402
80050.0000,8005,2959.1953,0.0000,1000,1000,1000,1,18.5879
80060.0000,8006,2959.2001,0.0000,999,997,998,1,18.5232
80070.0000,8007,2959.2050,0.0000,999,1000,1000,1,18.5820
80080.0000,8008,2959.2100,0.0000,1000,999,998,1,18.5681
80090.0000,8009,2959.2148,0.0000,999,999,997,1,18.4896
80100.0000,8010,2959.2197,0.0000,999,999,1000,1,18.4507
80110.0000,8011,2959.2247,0.0000,1000,1000,999,1,18.5099
80120.0000,8012,2959.2296,0.0000,999,1000,1000,1,18.4826
80130.0000,8013,2959.2344,0.0000,997,1000,1000,1,18.4553
80140.0000,8014,2959.2392,0.0000,1000,999,999,1,18.4790
80150.0000,8015,2959.2442,0.0000,998,1000,1000,1,18.5129
80160.0000,8016,2959.2490,0.0000,999,999,999,1,18.5114
80170.0000,8017,2959.2539,0.0000,1000,999,1000,1,18.4844
80180.0000,8018,2959.2589,0.0000,999,998,1000,1,18.4576
80190.0000,8019,2959.2638,0.0000,1000,1000,1000,1,18.4925
80200.0000,8020,2959.2688,0.0000,1000,1000,999,1,18.5028
80210.0000,8021,2959.2737,0.0000,999,999,999,1,18.4996
80220.0000,8022,2959.2783,0.0000,1000,1000,999,1,18.4723
80230.0000,8023,2959.2827,0.0000,996,998,997,1,18.3455
80240.0000,8024,2959.2868,0.0000,996,999,1000,1,18.2810
80250.0000,8025,2959.2916,0.0000,998,1000,1000,1,18.2912
80260.0000,8026,2959.2962,0.0000,996,1000,999,1,18.3010
80270.0000,8027,2959.3007,0.0000,997,996,1000,1,18.2508
80280.0000,8028,2959.3051,0.0000,998,997,995,1,18.0979
80290.0000,8029,2959.3097,0.0000,999,999,998,1,18.0859
80300.0000,8030,2959.3144,0.0000,1000,1000,1000,1,18.0598
80310.0000,8031,2959.3193,0.0000,999,1000,1000,1,18.0457
80320.0000,8032,2959.3242,0.0000,1000,1000,1000,1,18.0939
80330.0000,8033,2959.3291,0.0000,999,999,1000,1,18.1300
80340.0000,8034,2959.3340,0.0000,1000,1000,999,1,18.1264
80350.0000,8035,2959.3390,0.0000,1000,1000,1000,1,18.1635
80360.0000,8036,2959.3440,0.0000,1000,1000,1000,1,18.1742
80370.0000,8037,2959.3487,0.0000,999,1000,997,1,18.1478
80380.0000,8038,2959.3533,0.0000,998,999,999,1,18.0473
80390.0000,8039,2959.3579,0.0000,999,1000,999,1,18.0321
80400.0000,8040,2959.3629,0.0000,999,999,1000,1,18.0941
80410.0000,8041,2959.3678,0.0000,999,999,1000,1,18.1420
80420.0000,8042,2959.3726,0.0000,1000,1000,1000,1,18.1528
80430.0000,8043,2959.3773,0.0000,999,1000,1000,1,18.1026
80440.0000,8044,2959.3821,0.0000,998,999,1000,1,18.1010
80450.0000,8045,2959.3867,0.0000,1000,999,998,1,18.0237
80460.0000,8046,2959.3914,0.0000,999,999,999,1,17.9616
80470.0000,8047,2959.3963,0.0000,1000,1000,1000,1,17.9637
80480.0000,8048,2959.4013,0.0000,1000,1000,999,1,18.0122
80490.0000,8049,2959.4062,0.0000,1000,1000,999,1,18.0333
80500.0000,8050,2959.4111,0.0000,1000,999,1000,1,18.0223
80510.0000,8051,2959.4161,0.0000,1000,999,1000,1,18.0707
80520.0000,8052,2959.4210,0.0000,999,999,1000,1,18.0454
80530.0000,8053,2959.4258,0.0000,998,999,1000,1,18.1161
80540.0000,8054,2959.4307,0.0000,1000,1000,1000,1,18.1549
80550.0000,8055,2959.4357,0.0000,1000,999,999,1,18.1530
80560.0000,8056,2959.4406,0.0000,1000,1000,1000,1,18.2379
80570.0000,8057,2959.4455,0.0000,1000,999,999,1,18.2344
80580.0000,8058,2959.4504,0.0000,999,999,999,1,18.1859
80590.0000,8059,2959.4553,0.0000,999,1000,999,1,18.2103
80600.0000,8060,2959.4601,0.0000,1000,1000,998,1,18.1935
80610.0000,8061,2959.4650,0.0000,1000,999,1000,1,18.1817
80620.0000,8062,2959.4698,0.0000,999,999,1000,1,18.1785
80630.0000,8063,2959.4747,0.0000,1000,999,1000,1,18.2040
80640.0000,8064,2959.4796,0.0000,999,1000,999,1,18.1916
80650.0000,8065,2959.4846,0.0000,1000,1000,999,1,18.2028
80660.0000,8066,2959.4894,0.0000,1000,999,1000,1,18.1641
80670.0000,8067,2959.4941,0.0000,999,999,999,1,18.1386
80680.0000,8068,2959.4989,0.0000,1000,1000,1000,1,18.1866
80690.0000,8069,2959.5038,0.0000,1000,1000,1000,1,18.1979
80700.0000,8070,2959.5087,0.0000,999,1000,999,1,18.2223
80710.0000,8071,2959.5134,0.0000,1000,1000,1000,1,18.1967
80720.0000,8072,2959.5183,0.0000,999,1000,1000,1,18.2316
80730.0000,8073,2959.5232,0.0000,1000,1000,1000,1,18.2558
80740.0000,8074,2959.5281,0.0000,1000,1000,1000,1,18.2391
80750.0000,8075,2959.5331,0.0000,1000,1000,1000,1,18.2868
80760.0000,8076,2959.5380,0.0000,1000,1000,999,1,18.3344
80770.0000,8077,2959.5427,0.0000,1000,998,997,1,18.2863
80780.0000,8078,2959.5475,0.0000,999,998,999,1,18.2972
80790.0000,8079,2959.5523,0.0000,999,1000,999,1,18.3302
80800.0000,8080,2959.5569,0.0000,999,999,999,1,18.3411
80810.0000,8081,2959.5610,0.0000,998,999,997,1,18.3152
80820.0000,8082,2959.5656,0.0000,1000,1000,1000,1,18.2809
80830.0000,8083,2959.5704,0.0000,999,1000,999,1,18.2922
80840.0000,8084,2959.5753,0.0000,999,999,1000,1,18.2538
80850.0000,8085,2959.5802,0.0000,1000,998,1000,1,18.2653
80860.0000,8086,2959.5850,0.0000,1000,1000,999,1,18.2618
80870.0000,8087,2959.5898,0.0000,1000,999,999,1,18.2734
80880.0000,8088,2959.5946,0.0000,999,999,999,1,18.2485
80890.0000,8089,2959.5994,0.0000,1000,1000,1000,1,18.2384
80900.0000,8090,2959.6043,0.0000,1000,999,1000,1,18.2500
80910.0000,8091,2959.6092,0.0000,999,1000,999,1,18.2743
80920.0000,8092,2959.6137,0.0000,999,999,997,1,18.2212
80930.0000,8093,2959.6184,0.0000,999,1000,1000,1,18.1957
80940.0000,8094,2959.6232,0.0000,1000,1000,999,1,18.2070
80950.0000,8095,2959.6281,0.0000,999,1000,999,1,18.2549
80960.0000,8096,2959.6326,0.0000,999,1000,998,1,18.1707
80970.0000,8097,2959.6373,0.0000,998,1000,1000,1,18.1092
80980.0000,8098,2959.6422,0.0000,1000,999,1000,1,18.1064
80990.0000,8099,2959.6471,0.0000,999,1000,1000,1,18.1821
81000.0000,8100,2959.6518,0.0000,1000,999,1000,1,18.1804
81010.0000,8101,2959.6566,0.0000,1000,1000,999,1,18.2140
81020.0000,8102,2959.6614,0.0000,999,999,1000,1,18.2393
81030.0000,8103,2959.6661,0.0000,1000,999,1000,1,18.1625
81040.0000,8104,2959.6709,0.0000,1000,1000,1000,1,18.1371
81050.0000,8105,2959.6757,0.0000,999,1000,1000,1,18.1033
81060.0000,8106,2959.6803,0.0000,996,1000,998,1,18.0420
81070.0000,8107,2959.6849,0.0000,999,999,999,1,18.0041
81080.0000,8108,2959.6895,0.0000,1000,1000,1000,1,18.0158
81090.0000,8109,2959.6944,0.0000,999,999,1000,1,18.0641
81100.0000,8110,2959.6992,0.0000,1000,1000,1000,1,18.0889
81110.0000,8111,2959.7041,0.0000,1000,999,1000,1,18.1240
81120.0000,8112,2959.7088,0.0000,999,999,1000,1,18.1488
81130.0000,8113,2959.7136,0.0000,1000,1000,1000,1,18.1840
81140.0000,8114,2959.7183,0.0000,1000,1000,1000,1,18.1956
81150.0000,8115,2959.7232,0.0000,999,1000,1000,1,18.2203
81160.0000,8116,2959.7279,0.0000,998,1000,1000,1,18.1956
81170.0000,8117,2959.7326,0.0000,998,998,998,1,18.1581
81180.0000,8118,2959.7373,0.0000,999,1000,1000,1,18.2195
81190.0000,8119,2959.7422,0.0000,1000,1000,1000,1,18.3040
81200.0000,8120,2959.7471,0.0000,1000,999,1000,1,18.3389
81210.0000,8121,2959.7519,0.0000,997,998,997,1,18.3270
81220.0000,8122,2959.7565,0.0000,999,999,1000,1,18.3980
81230.0000,8123,2959.7613,0.0000,1000,1000,1000,1,18.3944
81240.0000,8124,2959.7661,0.0000,1000,1000,1000,1,18.4570
81250.0000,8125,2959.7705,0.0000,1000,997,998,1,18.3805
81260.0000,8126,2959.7752,0.0000,1000,1000,998,1,18.3701
81270.0000,8127,2959.7800,0.0000,999,999,1000,1,18.4179
81280.0000,8128,2959.7846,0.0000,999,997,999,1,18.3927
81290.0000,8129,2959.7888,0.0000,997,999,999,1,18.3310
81300.0000,8130,2959.7931,0.0000,997,1000,1000,1,18.3423
81310.0000,8131,2959.7978,0.0000,999,1000,999,1,18.2945
81320.0000,8132,2959.8026,0.0000,999,1000,1000,1,18.3505
81330.0000,8133,2959.8074,0.0000,999,1000,999,1,18.3542
81340.0000,8134,2959.8122,0.0000,999,998,998,1,18.3524
81350.0000,8135,2959.8168,0.0000,997,1000,999,1,18.2689
81360.0000,8136,2959.8215,0.0000,1000,999,1000,1,18.3037
81370.0000,8137,2959.8263,0.0000,999,999,999,1,18.3158
81380.0000,8138,2959.8310,0.0000,1000,999,999,1,18.2766
81390.0000,8139,2959.8358,0.0000,999,999,999,1,18.2530
81400.0000,8140,2959.8405,0.0000,999,1000,1000,1,18.2809
81410.0000,8141,2959.8453,0.0000,998,1000,1000,1,18.3064
81420.0000,8142,2959.8501,0.0000,1000,999,1000,1,18.3261
81430.0000,8143,2959.8548,0.0000,999,1000,1000,1,18.3668
81440.0000,8144,2959.8597,0.0000,998,999,1000,1,18.3658
81450.0000,8145,2959.8645,0.0000,1000,1000,999,1,18.3985
81460.0000,8146,2959.8692,0.0000,999,999,998,1,18.3537
81470.0000,8147,2959.8740,0.0000,999,1000,1000,1,18.4151
81480.0000,8148,2959.8787,0.0000,999,999,999,1,18.4346
81490.0000,8149,2959.8834,0.0000,998,1000,999,1,18.4105
81500.0000,8150,2959.8881,0.0000,1000,1000,1000,1,18.3863
81510.0000,8151,2959.8929,0.0000,999,1000,1000,1,18.4133
81520.0000,8152,2959.8976,0.0000,999,999,998,1,18.3661
81530.0000,8153,2959.9023,0.0000,1000,1000,999,1,18.3283
81540.0000,8154,2959.9070,0.0000,1000,997,999,1,18.2684
81550.0000,8155,2959.9113,0.0000,998,999,996,1,18.1863
81560.0000,8156,2959.9159,0.0000,1000,1000,1000,1,18.2348
81570.0000,8157,2959.9206,0.0000,999,999,997,1,18.2190
81580.0000,8158,2959.9251,0.0000,999,999,998,1,18.1596
81590.0000,8159,2959.9294,0.0000,999,999,996,1,18.1361
81600.0000,8160,2959.9339,0.0000,1000,999,1000,1,18.1267
81610.0000,8161,2959.9387,0.0000,1000,998,999,1,18.1035
81620.0000,8162,2959.9434,0.0000,1000,1000,1000,1,18.1306
81630.0000,8163,2959.9482,0.0000,1000,1000,1000,1,18.1078
81640.0000,8164,2959.9530,0.0000,1000,1000,999,1,18.1286
81650.0000,8165,2959.9578,0.0000,1000,1000,1000,1,18.1772
81660.0000,8166,2959.9626,0.0000,999,1000,1000,1,18.2178
81670.0000,8167,2959.9673,0.0000,999,999,999,1,18.1584
81680.0000,8168,2959.9721,0.0000,1000,999,999,1,18.1430
81690.0000,8169,2959.9769,0.0000,1000,1000,1000,1,18.1829
81700.0000,8170,2959.9817,0.0000,1000,1000,999,1,18.1674
81710.0000,8171,2959.9865,0.0000,1000,1000,1000,1,18.2432
81720.0000,8172,2959.9912,0.0000,999,999,1000,1,18.2192
81730.0000,8173,2959.9957,0.0000,998,1000,1000,1,18.1950
81740.0000,8174,2960.0005,0.0000,999,1000,1000,1,18.2069
81750.0000,8175,2960.0053,0.0000,999,1000,1000,1,18.2768
81760.0000,8176,2960.0100,0.0000,1000,1000,1000,1,18.3025
81770.0000,8177,2960.0148,0.0000,1000,999,999,1,18.3140
81780.0000,8178,2960.0196,0.0000,1000,1000,1000,1,18.3474
81790.0000,8179,2960.0244,0.0000,998,999,1000,1,18.3369
81800.0000,8180,2960.0285,0.0000,997,994,997,1,18.2256
81810.0000,8181,2960.0322,0.0000,999,996,999,1,18.1513
81820.0000,8182,2960.0363,0.0000,1000,998,999,1,18.1271
81830.0000,8183,2960.0411,0.0000,1000,1000,999,1,18.1389
81840.0000,8184,2960.0459,0.0000,1000,999,1000,1,18.1645
81850.0000,8185,2960.0506,0.0000,1000,1000,999,1,18.1987
81860.0000,8186,2960.0553,0.0000,1000,1000,1000,1,18.2104
81870.0000,8187,2960.0600,0.0000,1000,999,999,1,18.2220
81880.0000,8188,2960.0648,0.0000,1000,999,1000,1,18.2475
81890.0000,8189,2960.0695,0.0000,1000,1000,1000,1,18.2230
81900.0000,8190,2960.0743,0.0000,1000,1000,1000,1,18.2473
81910.0000,8191,2960.0791,0.0000,1000,1000,1000,1,18.2683
81920.0000,8192,2960.0839,0.0000,1000,999,1000,1,18.2930
81930.0000,8193,2960.0886,0.0000,999,1000,1000,1,18.3172
81940.0000,8194,2960.0935,0.0000,1000,1000,999,1,18.4105
81950.0000,8195,2960.0982,0.0000,999,1000,999,1,18.4348
81960.0000,8196,2960.1029,0.0000,1000,1000,999,1,18.4682
81970.0000,8197,2960.1077,0.0000,999,999,999,1,18.4787
81980.0000,8198,2960.1123,0.0000,1000,1000,998,1,18.4893
81990.0000,8199,2960.1169,0.0000,1000,1000,1000,1,18.4903
82000.0000,8200,2960.1217,0.0000,1000,1000,1000,1,18.5009
82010.0000,8201,2960.1262,0.0000,999,999,1000,1,18.4256
82020.0000,8202,2960.1307,0.0000,999,998,1000,1,18.4000
82030.0000,8203,2960.1354,0.0000,1000,999,1000,1,18.3604
82040.0000,8204,2960.1401,0.0000,1000,999,1000,1,18.3495
82050.0000,8205,2960.1448,0.0000,998,999,999,1,18.3371
82060.0000,8206,2960.1495,0.0000,1000,999,1000,1,18.3353
82070.0000,8207,2960.1542,0.0000,999,1000,1000,1,18.3955
82080.0000,8208,2960.1589,0.0000,999,999,999,1,18.3936
82090.0000,8209,2960.1634,0.0000,1000,1000,1000,1,18.4406
82100.0000,8210,2960.1682,0.0000,998,999,998,1,18.4151
82110.0000,8211,2960.1727,0.0000,1000,999,999,1,18.3534
82120.0000,8212,2960.1773,0.0000,1000,1000,999,1,18.3505
82130.0000,8213,2960.1820,0.0000,999,998,1000,1,18.3028
82140.0000,8214,2960.1866,0.0000,1000,999,999,1,18.2637
82150.0000,8215,2960.1914,0.0000,1000,1000,1000,1,18.3377
82160.0000,8216,2960.1959,0.0000,999,999,997,1,18.2397
82170.0000,8217,2960.2004,0.0000,998,998,998,1,18.1875
82180.0000,8218,2960.2050,0.0000,1000,999,1000,1,18.2123
82190.0000,8219,2960.2095,0.0000,999,999,1000,1,18.2231
82200.0000,8220,2960.2142,0.0000,1000,1000,1000,1,18.1743
82210.0000,8221,2960.2189,0.0000,998,1000,999,1,18.1491
82220.0000,8222,2960.2236,0.0000,1000,1000,999,1,18.2058
82230.0000,8223,2960.2283,0.0000,999,1000,1000,1,18.1941
82240.0000,8224,2960.2331,0.0000,1000,999,1000,1,18.2772
82250.0000,8225,2960.2377,0.0000,1000,1000,1000,1,18.2513
82260.0000,8226,2960.2425,0.0000,998,998,999,1,18.2619
82270.0000,8227,2960.2472,0.0000,1000,1000,1000,1,18.2947
82280.0000,8228,2960.2519,0.0000,1000,999,999,1,18.3413
82290.0000,8229,2960.2566,0.0000,1000,999,999,1,18.3155
82300.0000,8230,2960.2613,0.0000,1000,1000,999,1,18.3624
82310.0000,8231,2960.2661,0.0000,1000,1000,1000,1,18.4355
82320.0000,8232,2960.2707,0.0000,999,1000,999,1,18.4094
82330.0000,8233,2960.2752,0.0000,998,998,998,1,18.3703
82340.0000,8234,2960.2795,0.0000,1000,1000,1000,1,18.4032
82350.0000,8235,2960.2843,0.0000,1000,1000,1000,1,18.4133
82360.0000,8236,2960.2889,0.0000,999,998,1000,1,18.3634
82370.0000,8237,2960.2936,0.0000,1000,999,1000,1,18.3733
82380.0000,8238,2960.2982,0.0000,1000,1000,1000,1,18.3102
82390.0000,8239,2960.3029,0.0000,999,999,999,1,18.2967
82400.0000,8240,2960.3075,0.0000,1000,998,1000,1,18.3302
82410.0000,8241,2960.3121,0.0000,999,1000,998,1,18.2674
82420.0000,8242,2960.3166,0.0000,999,1000,1000,1,18.3137
82430.0000,8243,2960.3213,0.0000,999,1000,999,1,18.3366
82440.0000,8244,2960.3260,0.0000,999,1000,1000,1,18.3464
82450.0000,8245,2960.3307,0.0000,999,999,1000,1,18.3795
82460.0000,8246,2960.3351,0.0000,998,998,998,1,18.2799
82470.0000,8247,2960.3396,0.0000,999,1000,1000,1,18.2534
82480.0000,8248,2960.3443,0.0000,1000,1000,1000,1,18.2869
82490.0000,8249,2960.3489,0.0000,999,1000,999,1,18.2503
82500.0000,8250,2960.3536,0.0000,1000,1000,999,1,18.2834
82510.0000,8251,2960.3582,0.0000,999,1000,999,1,18.2803
82520.0000,8252,2960.3626,0.0000,1000,1000,998,1,18.2538
82530.0000,8253,2960.3672,0.0000,999,999,998,1,18.2278
82540.0000,8254,2960.3718,0.0000,999,1000,999,1,18.2285
82550.0000,8255,2960.3765,0.0000,1000,1000,1000,1,18.2751
82560.0000,8256,2960.3811,0.0000,999,1000,999,1,18.2490
82570.0000,8257,2960.3858,0.0000,999,999,999,1,18.2457
82580.0000,8258,2960.3904,0.0000,1000,1000,1000,1,18.2793
82590.0000,8259,2960.3951,0.0000,999,999,1000,1,18.2661
82600.0000,8260,2960.3997,0.0000,1000,999,1000,1,18.2401
82610.0000,8261,2960.4039,0.0000,1000,997,1000,1,18.1647
82620.0000,8262,2960.4084,0.0000,999,1000,1000,1,18.1288
82630.0000,8263,2960.4130,0.0000,1000,999,1000,1,18.0897
82640.0000,8264,2960.4177,0.0000,1000,999,999,1,18.0870
82650.0000,8265,2960.4222,0.0000,1000,999,1000,1,18.0741
82660.0000,8266,2960.4270,0.0000,1000,1000,1000,1,18.1338
82670.0000,8267,2960.4317,0.0000,1000,999,1000,1,18.1304
82680.0000,8268,2960.4360,0.0000,1000,1000,1000,1,17.9956
82690.0000,8269,2960.4405,0.0000,999,1000,1000,1,17.9697
82700.0000,8270,2960.4452,0.0000,999,1000,1000,1,18.0161
82710.0000,8271,2960.4499,0.0000,1000,999,999,1,18.0494
82720.0000,8272,2960.4545,0.0000,1000,999,1000,1,18.0006
82730.0000,8273,2960.4589,0.0000,998,999,998,1,17.9026
82740.0000,8274,2960.4633,0.0000,997,998,1000,1,17.8772
82750.0000,8275,2960.4679,0.0000,1000,999,1000,1,17.8879
82760.0000,8276,2960.4726,0.0000,999,998,999,1,17.8854
82770.0000,8277,2960.4772,0.0000,1000,1000,1000,1,17.8369
82780.0000,8278,2960.4819,0.0000,999,999,999,1,17.8478
82790.0000,8279,2960.4864,0.0000,1000,999,1000,1,17.8819
82800.0000,8280,2960.4911,0.0000,1000,1000,1000,1,17.9288
82810.0000,8281,2960.4953,0.0000,1000,998,998,1,17.8806
82820.0000,8282,2960.4998,0.0000,1000,999,1000,1,17.8915
82830.0000,8283,2960.5045,0.0000,1000,1000,999,1,17.9155
82840.0000,8284,2960.5091,0.0000,999,1000,999,1,17.8903
82850.0000,8285,2960.5136,0.0000,1000,1000,1000,1,17.8397
82860.0000,8286,2960.5182,0.0000,1000,1000,1000,1,17.8762
82870.0000,8287,2960.5229,0.0000,1000,999,999,1,17.8258
82880.0000,8288,2960.5275,0.0000,1000,1000,999,1,17.8267
82890.0000,8289,2960.5321,0.0000,1000,1000,1000,1,17.7892
82900.0000,8290,2960.5368,0.0000,1000,1000,1000,1,17.8363
82910.0000,8291,2960.5414,0.0000,1000,999,1000,1,17.8348
82920.0000,8292,2960.5460,0.0000,999,999,1000,1,17.8586
82930.0000,8293,2960.5505,0.0000,1000,1000,999,1,17.8925
82940.0000,8294,2960.5552,0.0000,1000,1000,998,1,17.9032
82950.0000,8295,2960.5594,0.0000,1000,999,999,1,17.8425
82960.0000,8296,2960.5641,0.0000,999,1000,1000,1,17.8793
82970.0000,8297,2960.5686,0.0000,999,1000,999,1,17.8642
82980.0000,8298,2960.5731,0.0000,998,999,1000,1,17.8037
82990.0000,8299,2960.5774,0.0000,999,1000,1000,1,17.8405
83000.0000,8300,2960.5820,0.0000,998,1000,1000,1,17.8157
83010.0000,8301,2960.5866,0.0000,1000,999,1000,1,17.8502
83020.0000,8302,2960.5911,0.0000,1000,999,999,1,17.8254
83030.0000,8303,2960.5957,0.0000,1000,1000,1000,1,17.8230
83040.0000,8304,2960.6003,0.0000,999,999,997,1,17.8341
83050.0000,8305,2960.6043,0.0000,997,999,1000,1,17.8230
83060.0000,8306,2960.6087,0.0000,1000,999,1000,1,17.8342
83070.0000,8307,2960.6134,0.0000,1000,1000,1000,1,17.9166
83080.0000,8308,2960.6180,0.0000,998,1000,1000,1,17.9393
83090.0000,8309,2960.6225,0.0000,1000,999,999,1,17.9594
83100.0000,8310,2960.6271,0.0000,1000,999,1000,1,17.9699
83110.0000,8311,2960.6316,0.0000,1000,1000,999,1,17.9350
83120.0000,8312,2960.6361,0.0000,998,999,999,1,17.8977
83130.0000,8313,2960.6405,0.0000,1000,999,999,1,17.9084
83140.0000,8314,2960.6450,0.0000,1000,1000,1000,1,17.9409
83150.0000,8315,2960.6495,0.0000,999,997,1000,1,17.8581
83160.0000,8316,2960.6539,0.0000,1000,1000,1000,1,17.8549
83170.0000,8317,2960.6585,0.0000,999,998,999,1,17.8559
83180.0000,8318,2960.6631,0.0000,1000,1000,1000,1,17.9123
83190.0000,8319,2960.6677,0.0000,1000,1000,999,1,17.8873
83200.0000,8320,2960.6722,0.0000,1000,999,1000,1,17.9121
83210.0000,8321,2960.6768,0.0000,1000,999,1000,1,17.9087
83220.0000,8322,2960.6814,0.0000,1000,1000,1000,1,17.9193
83230.0000,8323,2960.6860,0.0000,1000,1000,1000,1,17.9297
83240.0000,8324,2960.6906,0.0000,1000,1000,1000,1,17.9895
83250.0000,8325,2960.6952,0.0000,1000,999,1000,1,17.9994
83260.0000,8326,2960.6998,0.0000,1000,1000,999,1,18.0210
83270.0000,8327,2960.7043,0.0000,997,999,999,1,17.9949
83280.0000,8328,2960.7088,0.0000,1000,1000,1000,1,18.0047
83290.0000,8329,2960.7134,0.0000,999,999,1000,1,18.0021
83300.0000,8330,2960.7180,0.0000,1000,1000,1000,1,17.9514
83310.0000,8331,2960.7226,0.0000,1000,1000,999,1,17.9489
83320.0000,8332,2960.7271,0.0000,1000,998,1000,1,17.9451
83330.0000,8333,2960.7316,0.0000,1000,1000,999,1,17.9543
83340.0000,8334,2960.7361,0.0000,1000,1000,1000,1,17.9522
83350.0000,8335,2960.7407,0.0000,1000,1000,1000,1,17.9617
83360.0000,8336,2960.7453,0.0000,1000,1000,1000,1,18.0073
83370.0000,8337,2960.7499,0.0000,1000,999,1000,1,18.0281
83380.0000,8338,2960.7540,0.0000,999,999,996,1,17.9176
83390.0000,8339,2960.7584,0.0000,999,999,1000,1,17.8432
83400.0000,8340,2960.7628,0.0000,999,999,999,1,17.7681
83410.0000,8341,2960.7673,0.0000,1000,1000,999,1,17.7781
83420.0000,8342,2960.7717,0.0000,999,999,999,1,17.7648
83430.0000,8343,2960.7762,0.0000,1000,999,1000,1,17.7505
83440.0000,8344,2960.7808,0.0000,999,1000,999,1,17.7846
83450.0000,8345,2960.7853,0.0000,1000,1000,1000,1,17.8303
83460.0000,8346,2960.7898,0.0000,998,999,1000,1,17.7554
83470.0000,8347,2960.7943,0.0000,1000,1000,999,1,17.7290
83480.0000,8348,2960.7988,0.0000,1000,999,999,1,17.7269
83490.0000,8349,2960.8031,0.0000,1000,997,999,1,17.6407
83500.0000,8350,2960.8073,0.0000,1000,1000,999,1,17.6273
83510.0000,8351,2960.8119,0.0000,1000,1000,998,1,17.6608
83520.0000,8352,2960.8163,0.0000,999,1000,998,1,17.6231
83530.0000,8353,2960.8207,0.0000,1000,999,1000,1,17.5865
83540.0000,8354,2960.8252,0.0000,1000,999,999,1,17.5496
83550.0000,8355,2960.8296,0.0000,999,998,1000,1,17.5017
83560.0000,8356,2960.8341,0.0000,1000,1000,1000,1,17.5004
83570.0000,8357,2960.8388,0.0000,1000,1000,999,1,17.5469
83580.0000,8358,2960.8432,0.0000,998,1000,999,1,17.5221
83590.0000,8359,2960.8478,0.0000,1000,1000,1000,1,17.5810
83600.0000,8360,2960.8524,0.0000,1000,998,999,1,17.6149
83610.0000,8361,2960.8568,0.0000,999,999,1000,1,17.6023
83620.0000,8362,2960.8613,0.0000,999,1000,999,1,17.5885
83630.0000,8363,2960.8655,0.0000,1000,999,999,1,17.5402
83640.0000,8364,2960.8700,0.0000,998,999,999,1,17.5387
83650.0000,8365,2960.8745,0.0000,1000,1000,999,1,17.5138
83660.0000,8366,2960.8791,0.0000,999,1000,1000,1,17.5602
83670.0000,8367,2960.8835,0.0000,999,998,998,1,17.5244
83680.0000,8368,2960.8879,0.0000,999,999,1000,1,17.5706
83690.0000,8369,2960.8924,0.0000,1000,999,1000,1,17.6169
83700.0000,8370,2960.8969,0.0000,1000,1000,1000,1,17.6276
83710.0000,8371,2960.9015,0.0000,999,999,998,1,17.6262
83720.0000,8372,2960.9055,0.0000,999,999,1000,1,17.5535
83730.0000,8373,2960.9100,0.0000,999,999,999,1,17.5183
83740.0000,8374,2960.9145,0.0000,1000,1000,999,1,17.5178
83750.0000,8375,2960.9189,0.0000,1000,1000,999,1,17.4702
83760.0000,8376,2960.9234,0.0000,999,1000,1000,1,17.4577
83770.0000,8377,2960.9279,0.0000,1000,1000,999,1,17.4820
83780.0000,8378,2960.9325,0.0000,998,1000,998,1,17.4102
83790.0000,8379,2960.9368,0.0000,999,1000,1000,1,17.4104
83800.0000,8380,2960.9413,0.0000,999,1000,1000,1,17.3979
83810.0000,8381,2960.9459,0.0000,1000,1000,1000,1,17.4685
83820.0000,8382,2960.9504,0.0000,999,999,999,1,17.4209
83830.0000,8383,2960.9549,0.0000,999,999,1000,1,17.4558
83840.0000,8384,2960.9593,0.0000,998,1000,1000,1,17.4205
83850.0000,8385,2960.9636,0.0000,1000,1000,998,1,17.4079
83860.0000,8386,2960.9682,0.0000,999,1000,1000,1,17.4311
83870.0000,8387,2960.9727,0.0000,1000,1000,1000,1,17.4425
83880.0000,8388,2960.9772,0.0000,998,1000,999,1,17.4308
83890.0000,8389,2960.9817,0.0000,1000,998,1000,1,17.4181
83900.0000,8390,2960.9861,0.0000,1000,1000,999,1,17.4058
83910.0000,8391,2960.9906,0.0000,1000,1000,1000,1,17.4172
83920.0000,8392,2960.9951,0.0000,999,1000,999,1,17.3931
83930.0000,8393,2960.9996,0.0000,999,999,1000,1,17.3817
83940.0000,8394,2961.0041,0.0000,1000,1000,999,1,17.3928
83950.0000,8395,2961.0086,0.0000,1000,1000,999,1,17.4038
83960.0000,8396,2961.0132,0.0000,1000,1000,999,1,17.4503
83970.0000,8397,2961.0177,0.0000,1000,999,999,1,17.4612
83980.0000,8398,2961.0222,0.0000,1000,1000,1000,1,17.4836
83990.0000,8399,2961.0268,0.0000,1000,1000,1000,1,17.5300
84000.0000,8400,2961.0312,0.0000,1000,1000,1000,1,17.4945
84010.0000,8401,2961.0355,0.0000,1000,998,1000,1,17.4811
84020.0000,8402,2961.0399,0.0000,1000,1000,998,1,17.5034
84030.0000,8403,2961.0442,0.0000,999,1000,999,1,17.4914
84040.0000,8404,2961.0487,0.0000,999,999,1000,1,17.4893
84050.0000,8405,2961.0532,0.0000,999,1000,1000,1,17.5353
84060.0000,8406,2961.0578,0.0000,1000,999,999,1,17.5810
84070.0000,8407,2961.0623,0.0000,1000,1000,1000,1,17.6150
84080.0000,8408,2961.0668,0.0000,1000,1000,1000,1,17.6498
84090.0000,8409,2961.0712,0.0000,999,999,1000,1,17.5999
84100.0000,8410,2961.0757,0.0000,999,1000,999,1,17.6219
84110.0000,8411,2961.0801,0.0000,999,1000,999,1,17.6323
84120.0000,8412,2961.0847,0.0000,1000,1000,1000,1,17.6428
84130.0000,8413,2961.0892,0.0000,1000,999,1000,1,17.7017
84140.0000,8414,2961.0937,0.0000,999,999,999,1,17.7343
84150.0000,8415,2961.0981,0.0000,1000,1000,1000,1,17.7329
84160.0000,8416,2961.1025,0.0000,998,1000,999,1,17.6837
84170.0000,8417,2961.1069,0.0000,1000,999,999,1,17.6016
84180.0000,8418,2961.1113,0.0000,999,1000,1000,1,17.6478
84190.0000,8419,2961.1158,0.0000,1000,1000,1000,1,17.7046
84200.0000,8420,2961.1203,0.0000,1000,999,1000,1,17.6567
84210.0000,8421,2961.1245,0.0000,999,999,999,1,17.5861
84220.0000,8422,2961.1290,0.0000,999,999,1000,1,17.5974
84230.0000,8423,2961.1333,0.0000,1000,1000,1000,1,17.5977
84240.0000,8424,2961.1378,0.0000,1000,1000,1000,1,17.5739
84250.0000,8425,2961.1422,0.0000,1000,999,998,1,17.5608
84260.0000,8426,2961.1467,0.0000,1000,1000,1000,1,17.6071
84270.0000,8427,2961.1513,0.0000,999,999,1000,1,17.5829
84280.0000,8428,2961.1557,0.0000,1000,999,999,1,17.5834
84290.0000,8429,2961.1600,0.0000,999,1000,1000,1,17.5810
84300.0000,8430,2961.1645,0.0000,1000,1000,999,1,17.6271
84310.0000,8431,2961.1689,0.0000,1000,1000,1000,1,17.5919
84320.0000,8432,2961.1733,0.0000,998,997,999,1,17.5434
84330.0000,8433,2961.1775,0.0000,998,1000,999,1,17.5542
84340.0000,8434,2961.1820,0.0000,1000,1000,999,1,17.6142
84350.0000,8435,2961.1865,0.0000,1000,1000,999,1,17.6955
84360.0000,8436,2961.1910,0.0000,1000,999,1000,1,17.6813
84370.0000,8437,2961.1954,0.0000,999,1000,1000,1,17.6675
84380.0000,8438,2961.2000,0.0000,999,1000,1000,1,17.7486
84390.0000,8439,2961.2040,0.0000,999,998,999,1,17.6773
84400.0000,8440,2961.2085,0.0000,1000,1000,1000,1,17.7341
84410.0000,8441,2961.2129,0.0000,998,1000,998,1,17.7095
84420.0000,8442,2961.2170,0.0000,995,999,999,1,17.6388
84430.0000,8443,2961.2213,0.0000,1000,1000,999,1,17.6742
84440.0000,8444,2961.2258,0.0000,999,999,1000,1,17.6607
84450.0000,8445,2961.2303,0.0000,1000,1000,999,1,17.6717
84460.0000,8446,2961.2343,0.0000,998,999,995,1,17.5884
84470.0000,8447,2961.2383,0.0000,1000,999,996,1,17.6129
84480.0000,8448,2961.2423,0.0000,1000,999,998,1,17.6103
84490.0000,8449,2961.2465,0.0000,1000,1000,1000,1,17.5744
84500.0000,8450,2961.2509,0.0000,1000,1000,998,1,17.5853
84510.0000,8451,2961.2554,0.0000,1000,1000,1000,1,17.6433
84520.0000,8452,2961.2599,0.0000,999,1000,1000,1,17.6891
84530.0000,8453,2961.2641,0.0000,997,999,998,1,17.6424
84540.0000,8454,2961.2681,0.0000,997,999,998,1,17.6393
84550.0000,8455,2961.2723,0.0000,999,999,1000,1,17.6497
84560.0000,8456,2961.2766,0.0000,1000,998,998,1,17.6481
84570.0000,8457,2961.2810,0.0000,999,1000,999,1,17.6349
84580.0000,8458,2961.2854,0.0000,999,1000,1000,1,17.6097
84590.0000,8459,2961.2898,0.0000,1000,1000,1000,1,17.6199
84600.0000,8460,2961.2941,0.0000,997,998,999,1,17.5594
84610.0000,8461,2961.2985,0.0000,1000,1000,1000,1,17.6050
84620.0000,8462,2961.3028,0.0000,1000,999,1000,1,17.5686
84630.0000,8463,2961.3073,0.0000,1000,1000,999,1,17.6033
84640.0000,8464,2961.3116,0.0000,999,1000,998,1,17.6135
84650.0000,8465,2961.3160,0.0000,998,1000,1000,1,17.5755
84660.0000,8466,2961.3200,0.0000,997,999,997,1,17.5506
84670.0000,8467,2961.3238,0.0000,999,999,1000,1,17.5147
84680.0000,8468,2961.3282,0.0000,999,1000,1000,1,17.5252
84690.0000,8469,2961.3327,0.0000,1000,1000,999,1,17.5247
84700.0000,8470,2961.3371,0.0000,1000,1000,1000,1,17.4877
84710.0000,8471,2961.3415,0.0000,1000,1000,1000,1,17.4985
84720.0000,8472,2961.3460,0.0000,1000,1000,1000,1,17.5678
84730.0000,8473,2961.3505,0.0000,1000,999,1000,1,17.6134
84740.0000,8474,2961.3550,0.0000,1000,999,1000,1,17.5890
84750.0000,8475,2961.3592,0.0000,1000,998,999,1,17.5648
84760.0000,8476,2961.3636,0.0000,999,1000,1000,1,17.5407
84770.0000,8477,2961.3680,0.0000,1000,1000,1000,1,17.5516
84780.0000,8478,2961.3723,0.0000,998,1000,1000,1,17.5043
84790.0000,8479,2961.3766,0.0000,1000,1000,1000,1,17.4802
84800.0000,8480,2961.3810,0.0000,1000,1000,1000,1,17.4558
84810.0000,8481,2961.3854,0.0000,1000,1000,1000,1,17.4539
84820.0000,8482,2961.3899,0.0000,1000,1000,999,1,17.4539
84830.0000,8483,2961.3943,0.0000,1000,999,1000,1,17.4055
84840.0000,8484,2961.3988,0.0000,1000,1000,1000,1,17.4057
84850.0000,8485,2961.4030,0.0000,1000,1000,999,1,17.3818
84860.0000,8486,2961.4075,0.0000,1000,999,1000,1,17.4384
84870.0000,8487,2961.4116,0.0000,999,999,997,1,17.3795
84880.0000,8488,2961.4159,0.0000,998,1000,1000,1,17.3340
84890.0000,8489,2961.4204,0.0000,1000,1000,1000,1,17.4022
84900.0000,8490,2961.4247,0.0000,1000,1000,999,1,17.4033
84910.0000,8491,2961.4291,0.0000,999,1000,998,1,17.4150
84920.0000,8492,2961.4334,0.0000,999,1000,999,1,17.4155
84930.0000,8493,2961.4376,0.0000,999,999,999,1,17.3692
84940.0000,8494,2961.4419,0.0000,1000,1000,1000,1,17.3698
84950.0000,8495,2961.4462,0.0000,1000,997,1000,1,17.2999
84960.0000,8496,2961.4506,0.0000,1000,1000,1000,1,17.3589
84970.0000,8497,2961.4549,0.0000,1000,1000,1000,1,17.3479
84980.0000,8498,2961.4593,0.0000,1000,1000,1000,1,17.3698
84990.0000,8499,2961.4638,0.0000,1000,1000,1000,1,17.3938
85000.0000,8500,2961.4682,0.0000,1000,1000,999,1,17.4053
85010.0000,8501,2961.4725,0.0000,1000,1000,1000,1,17.4168
85020.0000,8502,2961.4769,0.0000,999,1000,999,1,17.3463
85030.0000,8503,2961.4813,0.0000,1000,1000,1000,1,17.3708
85040.0000,8504,2961.4857,0.0000,999,1000,999,1,17.3826
85050.0000,8505,2961.4901,0.0000,999,999,999,1,17.4061
85060.0000,8506,2961.4944,0.0000,1000,1000,1000,1,17.4279
85070.0000,8507,2961.4988,0.0000,1000,1000,1000,1,17.4292
85080.0000,8508,2961.5030,0.0000,998,999,1000,1,17.3814
85090.0000,8509,2961.5074,0.0000,1000,1000,999,1,17.4170
85100.0000,8510,2961.5118,0.0000,999,999,1000,1,17.4386
85110.0000,8511,2961.5159,0.0000,1000,999,998,1,17.4149
85120.0000,8512,2961.5203,0.0000,1000,1000,1000,1,17.4609
85130.0000,8513,2961.5247,0.0000,1000,1000,999,1,17.4617
85140.0000,8514,2961.5290,0.0000,999,999,1000,1,17.4480
85150.0000,8515,2961.5334,0.0000,1000,1000,1000,1,17.5182
85160.0000,8516,2961.5377,0.0000,1000,998,1000,1,17.4697
85170.0000,8517,2961.5421,0.0000,1000,999,999,1,17.5048
85180.0000,8518,2961.5465,0.0000,999,1000,999,1,17.4805
85190.0000,8519,2961.5509,0.0000,1000,999,1000,1,17.5259
85200.0000,8520,2961.5550,0.0000,999,998,1000,1,17.5123
85210.0000,8521,2961.5593,0.0000,998,1000,999,1,17.4776
85220.0000,8522,2961.5637,0.0000,1000,1000,1000,1,17.5581
85230.0000,8523,2961.5681,0.0000,1000,999,999,1,17.5794
85240.0000,8524,2961.5726,0.0000,1000,1000,1000,1,17.6248
85250.0000,8525,2961.5770,0.0000,1000,999,999,1,17.6597
85260.0000,8526,2961.5813,0.0000,1000,999,1000,1,17.6460
85270.0000,8527,2961.5857,0.0000,999,999,1000,1,17.6218
85280.0000,8528,2961.5899,0.0000,1000,1000,1000,1,17.5875
85290.0000,8529,2961.5943,0.0000,999,1000,1000,1,17.5872
85300.0000,8530,2961.5986,0.0000,999,1000,1000,1,17.5636
85310.0000,8531,2961.6030,0.0000,1000,1000,999,1,17.5514
85320.0000,8532,2961.6073,0.0000,1000,1000,1000,1,17.5733
85330.0000,8533,2961.6117,0.0000,1000,1000,999,1,17.5968
85340.0000,8534,2961.6160,0.0000,1000,1000,999,1,17.5842
85350.0000,8535,2961.6204,0.0000,1000,1000,1000,1,17.5491
85360.0000,8536,2961.6243,0.0000,999,999,999,1,17.4782
85370.0000,8537,2961.6285,0.0000,1000,1000,999,1,17.3981
85380.0000,8538,2961.6329,0.0000,1000,1000,1000,1,17.4315
85390.0000,8539,2961.6370,0.0000,998,999,996,1,17.3975
85400.0000,8540,2961.6413,0.0000,999,998,999,1,17.3508
85410.0000,8541,2961.6454,0.0000,1000,999,1000,1,17.2593
85420.0000,8542,2961.6498,0.0000,1000,1000,1000,1,17.2601
85430.0000,8543,2961.6540,0.0000,999,999,1000,1,17.2484
85440.0000,8544,2961.6583,0.0000,999,998,1000,1,17.2258
85450.0000,8545,2961.6626,0.0000,999,1000,999,1,17.2154
85460.0000,8546,2961.6669,0.0000,1000,1000,1000,1,17.2617
85470.0000,8547,2961.6713,0.0000,1000,1000,998,1,17.2849
85480.0000,8548,2961.6757,0.0000,1000,999,1000,1,17.3073
85490.0000,8549,2961.6799,0.0000,1000,999,998,1,17.3187
85500.0000,8550,2961.6843,0.0000,1000,999,1000,1,17.3538
85510.0000,8551,2961.6887,0.0000,1000,1000,1000,1,17.3417
85520.0000,8552,2961.6931,0.0000,1000,1000,1000,1,17.4221
85530.0000,8553,2961.6975,0.0000,1000,1000,999,1,17.4226
85540.0000,8554,2961.7019,0.0000,1000,1000,999,1,17.4225
85550.0000,8555,2961.7061,0.0000,999,999,998,1,17.3869
85560.0000,8556,2961.7103,0.0000,999,1000,999,1,17.4219
85570.0000,8557,2961.7147,0.0000,999,999,1000,1,17.4090
85580.0000,8558,2961.7189,0.0000,1000,1000,1000,1,17.3982
85590.0000,8559,2961.7232,0.0000,1000,1000,1000,1,17.3745
85600.0000,8560,2961.7275,0.0000,1000,1000,999,1,17.3622
85610.0000,8561,2961.7319,0.0000,1000,999,999,1,17.4077
85620.0000,8562,2961.7362,0.0000,1000,1000,1000,1,17.3944
85630.0000,8563,2961.7406,0.0000,1000,1000,1000,1,17.4398
85640.0000,8564,2961.7448,0.0000,998,999,998,1,17.3364
85650.0000,8565,2961.7488,0.0000,999,1000,999,1,17.3015
85660.0000,8566,2961.7531,0.0000,1000,1000,1000,1,17.2993
85670.0000,8567,2961.7573,0.0000,999,1000,998,1,17.2412
85680.0000,8568,2961.7615,0.0000,998,999,1000,1,17.2521
85690.0000,8569,2961.7656,0.0000,999,1000,1000,1,17.2871
85700.0000,8570,2961.7697,0.0000,1000,999,1000,1,17.2396
85710.0000,8571,2961.7740,0.0000,1000,1000,1000,1,17.2396
85720.0000,8572,2961.7782,0.0000,999,1000,999,1,17.2398
85730.0000,8573,2961.7824,0.0000,1000,999,999,1,17.2264
85740.0000,8574,2961.7866,0.0000,1000,1000,997,1,17.2026
85750.0000,8575,2961.7904,0.0000,999,1000,996,1,17.1098
85760.0000,8576,2961.7943,0.0000,999,999,998,1,17.0866
85770.0000,8577,2961.7986,0.0000,1000,1000,1000,1,17.0979
85780.0000,8578,2961.8029,0.0000,1000,1000,1000,1,17.1338
85790.0000,8579,2961.8072,0.0000,999,999,999,1,17.1106
85800.0000,8580,2961.8114,0.0000,998,1000,1000,1,17.0874
85810.0000,8581,2961.8155,0.0000,1000,1000,1000,1,17.0641
85820.0000,8582,2961.8199,0.0000,1000,999,1000,1,17.0954
85830.0000,8583,2961.8242,0.0000,999,999,999,1,17.1305
85840.0000,8584,2961.8286,0.0000,998,1000,1000,1,17.1317
85850.0000,8585,2961.8328,0.0000,999,999,1000,1,17.0938
85860.0000,8586,2961.8371,0.0000,998,998,999,1,17.0941
85870.0000,8587,2961.8414,0.0000,1000,1000,1000,1,17.1396
85880.0000,8588,2961.8457,0.0000,1000,999,1000,1,17.1411
85890.0000,8589,2961.8499,0.0000,1000,999,1000,1,17.1378
85900.0000,8590,2961.8543,0.0000,999,999,999,1,17.1384
85910.0000,8591,2961.8586,0.0000,1000,999,999,1,17.1945
85920.0000,8592,2961.8628,0.0000,999,999,1000,1,17.1709
85930.0000,8593,2961.8671,0.0000,999,1000,999,1,17.2306
85940.0000,8594,2961.8713,0.0000,999,998,999,1,17.2165
85950.0000,8595,2961.8756,0.0000,1000,999,999,1,17.2273
85960.0000,8596,2961.8797,0.0000,1000,999,999,1,17.2380
85970.0000,8597,2961.8840,0.0000,1000,1000,1000,1,17.2388
85980.0000,8598,2961.8883,0.0000,999,999,999,1,17.1904
85990.0000,8599,2961.8925,0.0000,1000,999,1000,1,17.1423
86000.0000,8600,2961.8968,0.0000,1000,999,1000,1,17.1189
86010.0000,8601,2961.9012,0.0000,999,1000,1000,1,17.1644
86020.0000,8602,2961.9055,0.0000,1000,1000,1000,1,17.1752
86030.0000,8603,2961.9098,0.0000,1000,999,999,1,17.1419
86040.0000,8604,2961.9140,0.0000,999,1000,1000,1,17.0847
86050.0000,8605,2961.9184,0.0000,1000,1000,1000,1,17.0961
86060.0000,8606,2961.9227,0.0000,1000,1000,1000,1,17.1418
86070.0000,8607,2961.9271,0.0000,1000,999,999,1,17.1873
86080.0000,8608,2961.9314,0.0000,1000,1000,999,1,17.1985
86090.0000,8609,2961.9356,0.0000,999,999,999,1,17.1505
86100.0000,8610,2961.9399,0.0000,999,999,1000,1,17.1960
86110.0000,8611,2961.9441,0.0000,999,1000,1000,1,17.1872
86120.0000,8612,2961.9484,0.0000,998,1000,999,1,17.1295
86130.0000,8613,2961.9526,0.0000,999,1000,999,1,17.1063
86140.0000,8614,2961.9569,0.0000,1000,1000,999,1,17.1276
86150.0000,8615,2961.9611,0.0000,1000,998,1000,1,17.1140
86160.0000,8616,2961.9655,0.0000,999,1000,1000,1,17.1058
86170.0000,8617,2961.9698,0.0000,1000,1000,1000,1,17.1171
86180.0000,8618,2961.9741,0.0000,1000,999,998,1,17.1381
86190.0000,8619,2961.9783,0.0000,999,998,998,1,17.1493
86200.0000,8620,2961.9826,0.0000,999,1000,1000,1,17.1508
86210.0000,8621,2961.9868,0.0000,1000,1000,1000,1,17.1721
86220.0000,8622,2961.9911,0.0000,1000,1000,1000,1,17.2177
86230.0000,8623,2961.9954,0.0000,999,1000,1000,1,17.1948
86240.0000,8624,2961.9998,0.0000,1000,1000,1000,1,17.2499
86250.0000,8625,2962.0041,0.0000,1000,1000,1000,1,17.2416
86260.0000,8626,2962.0084,0.0000,1000,1000,1000,1,17.2378
86270.0000,8627,2962.0125,0.0000,998,997,999,1,17.1802
86280.0000,8628,2962.0164,0.0000,1000,999,999,1,17.1378
86290.0000,8629,2962.0204,0.0000,998,998,999,1,17.0566
86300.0000,8630,2962.0244,0.0000,1000,1000,998,1,17.0681
86310.0000,8631,2962.0285,0.0000,998,999,1000,1,17.0702
86320.0000,8632,2962.0326,0.0000,999,999,1000,1,17.0478
86330.0000,8633,2962.0369,0.0000,1000,999,1000,1,17.0792
86340.0000,8634,2962.0411,0.0000,999,1000,1000,1,17.1049
86350.0000,8635,2962.0454,0.0000,1000,999,1000,1,17.1161
86360.0000,8636,2962.0497,0.0000,999,1000,1000,1,17.0929
86370.0000,8637,2962.0538,0.0000,1000,1000,1000,1,17.0215
86380.0000,8638,2962.0581,0.0000,1000,999,1000,1,17.0669
86390.0000,8639,2962.0623,0.0000,1000,999,1000,1,17.0438
86400.0000,8640,2962.0666,0.0000,1000,1000,1000,1,17.0893
86410.0000,8641,2962.0710,0.0000,1000,1000,1000,1,17.2030
