timestamp,sample_idx,system_occupancy,avg_wait_error,q0_len,q1_len,q2_len,server_busy,little_error
10.0000,1,7.1020,0.0000,4,5,4,1,1.9180
20.0000,2,15.8686,0.0000,11,11,14,1,4.8199
30.0000,3,25.7471,0.0000,20,20,17,1,6.6818
40.0000,4,34.1810,0.0000,22,21,21,1,7.5962
50.0000,5,41.4712,0.0000,25,26,27,1,10.7028
60.0000,6,48.8180,0.0000,32,30,30,1,10.9826
70.0000,7,56.8429,0.0000,36,39,41,1,13.5406
80.0000,8,65.5231,0.0000,43,43,43,1,14.1344
90.0000,9,73.7680,0.0000,50,49,50,1,15.8846
100.0000,10,83.6404,0.0000,62,60,62,1,18.1253
110.0000,11,94.1736,0.0000,70,68,71,1,21.9893
120.0000,12,104.5483,0.0000,76,76,78,1,24.7731
130.0000,13,114.4949,0.0000,79,80,80,1,26.7750
140.0000,14,124.1692,0.0000,86,86,87,1,29.5632
150.0000,15,134.2412,0.0000,96,100,95,1,33.0422
160.0000,16,144.8569,0.0000,106,107,102,1,37.1117
170.0000,17,155.2138,0.0000,108,107,110,1,38.4905
180.0000,18,165.1793,0.0000,115,115,112,1,41.2214
190.0000,19,174.8169,0.0000,119,120,122,1,44.4203
200.0000,20,184.3333,0.0000,124,122,123,1,46.9859
210.0000,21,193.5076,0.0000,130,130,133,1,46.8179
220.0000,22,203.0284,0.0000,137,135,136,1,48.8382
230.0000,23,212.6290,0.0000,143,147,148,1,52.8570
240.0000,24,222.6623,0.0000,156,157,157,1,56.2652
250.0000,25,232.9777,0.0000,163,160,161,1,59.7022
260.0000,26,242.8581,0.0000,163,168,168,1,61.5983
270.0000,27,252.6892,0.0000,173,173,175,1,64.1895
280.0000,28,262.7006,0.0000,181,182,183,1,64.7135
290.0000,29,272.8574,0.0000,188,189,190,1,68.8453
300.0000,30,283.0953,0.0000,194,200,201,1,72.2784
310.0000,31,293.6069,0.0000,211,204,210,1,75.1377
320.0000,32,304.4027,0.0000,217,216,218,1,75.3981
330.0000,33,315.3754,0.0000,229,223,224,1,76.4561
340.0000,34,326.1481,0.0000,228,230,229,1,77.6286
350.0000,35,336.9281,0.0000,239,242,241,1,80.8805
360.0000,36,347.9693,0.0000,246,249,249,1,83.1423
370.0000,37,358.9756,0.0000,255,254,255,1,86.9469
380.0000,38,369.7882,0.0000,261,261,260,1,89.3368
390.0000,39,380.3930,0.0000,263,264,264,1,91.6473
400.0000,40,390.6336,0.0000,263,264,264,1,91.1276
410.0000,41,400.6103,0.0000,266,274,270,1,94.0076
420.0000,42,410.6296,0.0000,272,283,277,1,98.1633
430.0000,43,420.6300,0.0000,280,283,283,1,102.2741
440.0000,44,430.4822,0.0000,285,290,287,1,104.9881
450.0000,45,440.3195,0.0000,297,294,299,1,108.4099
460.0000,46,450.3943,0.0000,307,304,308,1,110.4845
470.0000,47,460.5117,0.0000,310,311,313,1,113.9976
480.0000,48,470.5656,0.0000,319,321,316,1,116.0378
490.0000,49,480.6854,0.0000,327,327,326,1,117.4132
500.0000,50,490.9329,0.0000,339,334,335,1,118.1762
510.0000,51,501.2690,0.0000,344,343,344,1,117.5964
520.0000,52,511.6959,0.0000,351,351,352,1,119.9157
530.0000,53,522.0378,0.0000,352,356,359,1,120.8038
540.0000,54,532.5073,0.0000,366,367,368,1,123.1859
550.0000,55,543.0271,0.0000,378,375,375,1,126.9763
560.0000,56,553.6404,0.0000,381,382,383,1,127.3119
570.0000,57,564.1833,0.0000,390,387,392,1,131.8129
580.0000,58,574.7425,0.0000,397,392,398,1,133.5075
590.0000,59,585.3241,0.0000,401,403,405,1,137.3179
600.0000,60,595.8720,0.0000,408,409,408,1,141.0826
610.0000,61,606.3715,0.0000,413,417,419,1,144.7904
620.0000,62,616.8292,0.0000,420,422,424,1,149.1685
630.0000,63,627.2684,0.0000,428,430,427,1,152.1049
640.0000,64,637.7150,0.0000,435,434,437,1,156.4709
650.0000,65,648.1130,0.0000,441,441,442,1,160.0627
660.0000,66,658.5148,0.0000,448,448,449,1,161.5163
670.0000,67,668.9641,0.0000,458,457,456,1,163.0323
680.0000,68,679.4464,0.0000,464,467,464,1,163.2016
690.0000,69,689.9150,0.0000,469,469,469,1,164.1215
700.0000,70,700.2934,0.0000,478,473,477,1,165.7588
710.0000,71,710.6926,0.0000,482,483,482,1,165.3527
720.0000,72,720.9151,0.0000,483,483,483,1,167.0245
730.0000,73,730.8881,0.0000,484,482,484,1,166.5819
740.0000,74,740.7599,0.0000,491,490,491,1,167.1971
750.0000,75,750.5825,0.0000,494,494,494,1,169.8028
760.0000,76,760.3149,0.0000,496,504,504,1,173.4074
770.0000,77,770.0660,0.0000,505,508,508,1,177.6401
780.0000,78,779.8177,0.0000,513,514,514,1,180.5197
790.0000,79,789.5805,0.0000,519,519,520,1,184.7628
800.0000,80,799.2844,0.0000,527,526,524,1,184.8195
810.0000,81,808.9982,0.0000,530,533,532,1,187.6771
820.0000,82,818.6919,0.0000,541,538,541,1,190.5120
830.0000,83,828.3942,0.0000,542,544,543,1,191.9515
840.0000,84,838.1522,0.0000,554,555,555,1,194.8265
850.0000,85,848.0354,0.0000,563,563,563,1,195.0228
860.0000,86,857.8956,0.0000,568,571,572,1,197.9677
870.0000,87,867.8078,0.0000,572,578,577,1,202.2534
880.0000,88,877.6757,0.0000,581,583,581,1,204.4411
890.0000,89,887.5906,0.0000,592,590,593,1,207.3560
900.0000,90,897.5876,0.0000,601,599,600,1,209.6114
910.0000,91,907.5879,0.0000,606,605,606,1,210.4922
920.0000,92,917.6049,0.0000,617,617,609,1,210.7681
930.0000,93,927.6714,0.0000,621,620,623,1,211.7669
940.0000,94,937.7619,0.0000,629,631,631,1,215.4739
950.0000,95,947.8753,0.0000,636,634,639,1,219.1824
960.0000,96,957.9818,0.0000,642,640,644,1,222.1943
970.0000,97,968.0685,0.0000,652,647,651,1,222.4704
980.0000,98,978.2440,0.0000,655,656,658,1,224.9395
990.0000,99,988.3184,0.0000,661,663,661,1,226.6333
1000.0000,100,998.3659,0.0000,668,669,669,1,229.0094
1010.0000,101,1008.4808,0.0000,676,678,682,1,232.0704
1020.0000,102,1018.6205,0.0000,682,682,683,1,236.4583
1030.0000,103,1028.7101,0.0000,688,688,688,1,238.8040
1040.0000,104,1038.7916,0.0000,696,698,698,1,239.1536
1050.0000,105,1048.8457,0.0000,699,700,700,1,240.8600
1060.0000,106,1058.8170,0.0000,704,705,704,1,243.2108
1070.0000,107,1068.7931,0.0000,715,712,715,1,246.2276
1080.0000,108,1078.8081,0.0000,719,719,719,1,249.9022
1090.0000,109,1088.8047,0.0000,727,726,726,1,251.5450
1100.0000,110,1098.7772,0.0000,728,730,733,1,254.5250
1110.0000,111,1108.7390,0.0000,738,741,737,1,258.8478
1120.0000,112,1118.7377,0.0000,747,745,745,1,257.7576
1130.0000,113,1128.7260,0.0000,754,754,754,1,260.7456
1140.0000,114,1138.7118,0.0000,756,757,757,1,259.0249
1150.0000,115,1148.6178,0.0000,762,761,763,1,262.0413
1160.0000,116,1158.5510,0.0000,771,772,768,1,265.0552
1170.0000,117,1168.4699,0.0000,778,777,777,1,264.7363
1180.0000,118,1178.4102,0.0000,781,786,786,1,266.4564
1190.0000,119,1188.3508,0.0000,789,792,791,1,266.2221
1200.0000,120,1198.3505,0.0000,797,802,801,1,269.2329
1210.0000,121,1208.4118,0.0000,810,811,811,1,273.6493
1220.0000,122,1218.5250,0.0000,816,819,819,1,277.3833
1230.0000,123,1228.6721,0.0000,824,825,828,1,281.1118
1240.0000,124,1238.8580,0.0000,835,834,835,1,283.4604
1250.0000,125,1249.0988,0.0000,847,842,844,1,285.8563
1260.0000,126,1259.3600,0.0000,850,850,852,1,286.2139
1270.0000,127,1269.6373,0.0000,860,858,859,1,290.6751
1280.0000,128,1279.9205,0.0000,865,862,866,1,293.7760
1290.0000,129,1290.2009,0.0000,873,873,873,1,296.8636
1300.0000,130,1300.5099,0.0000,878,879,881,1,301.3138
1310.0000,131,1310.8609,0.0000,889,890,889,1,304.3854
1320.0000,132,1321.2260,0.0000,897,897,897,1,304.0567
1330.0000,133,1331.6482,0.0000,907,906,906,1,305.8498
1340.0000,134,1342.0374,0.0000,911,911,913,1,306.2873
1350.0000,135,1352.4369,0.0000,919,918,920,1,307.4190
1360.0000,136,1362.8503,0.0000,924,925,925,1,309.9308
1370.0000,137,1373.2419,0.0000,932,932,932,1,313.7715
1380.0000,138,1383.5968,0.0000,936,935,938,1,316.0093
1390.0000,139,1393.9330,0.0000,943,942,945,1,317.7801
1400.0000,140,1404.2662,0.0000,949,948,949,1,320.8924
1410.0000,141,1414.5597,0.0000,954,957,954,1,324.6850
1420.0000,142,1424.8498,0.0000,966,962,965,1,325.7397
1430.0000,143,1435.2334,0.0000,978,972,977,1,330.2220
1440.0000,144,1445.7016,0.0000,989,985,985,1,334.7199
1450.0000,145,1456.1903,0.0000,990,990,990,1,337.8560
1460.0000,146,1466.6409,0.0000,999,1000,1000,1,340.2932
1470.0000,147,1477.0673,0.0000,1000,999,1000,1,342.0343
1480.0000,148,1487.3479,0.0000,1000,999,1000,1,345.1031
1490.0000,149,1497.4953,0.0000,999,1000,1000,1,348.8094
1500.0000,150,1507.5060,0.0000,999,1000,1000,1,351.7751
1510.0000,151,1517.3851,0.0000,999,999,1000,1,354.0101
1520.0000,152,1527.1347,0.0000,999,999,1000,1,357.5698
1530.0000,153,1536.7569,0.0000,999,999,1000,1,360.7429
1540.0000,154,1546.2519,0.0000,999,1000,1000,1,364.2228
1550.0000,155,1555.6254,0.0000,999,999,1000,1,368.3246
1560.0000,156,1564.8768,0.0000,1000,999,1000,1,371.0185
1570.0000,157,1574.0112,0.0000,999,1000,1000,1,374.3481
1580.0000,158,1583.0301,0.0000,1000,1000,1000,1,377.6295
1590.0000,159,1591.9356,0.0000,999,999,999,1,379.5017
1600.0000,160,1600.7256,0.0000,1000,1000,1000,1,382.6945
1610.0000,161,1609.4133,0.0000,1000,1000,1000,1,384.4871
1620.0000,162,1617.9918,0.0000,1000,999,1000,1,386.9208
1630.0000,163,1626.4600,0.0000,1000,999,1000,1,388.6304
1640.0000,164,1634.8301,0.0000,999,999,999,1,391.6718
1650.0000,165,1643.0928,0.0000,1000,998,999,1,394.6700
1660.0000,166,1651.2524,0.0000,1000,999,999,1,395.5684
1670.0000,167,1659.3241,0.0000,999,1000,1000,1,398.5022
1680.0000,168,1667.2938,0.0000,999,1000,1000,1,400.7083
1690.0000,169,1675.1765,0.0000,1000,999,1000,1,404.2544
1700.0000,170,1682.9556,0.0000,1000,1000,1000,1,406.3792
1710.0000,171,1690.6538,0.0000,999,1000,1000,1,409.8507
1720.0000,172,1698.2579,0.0000,1000,1000,1000,1,411.2096
1730.0000,173,1705.7744,0.0000,1000,1000,1000,1,412.5346
1740.0000,174,1713.2074,0.0000,1000,1000,1000,1,415.2183
1750.0000,175,1720.5552,0.0000,999,1000,1000,1,418.5599
1760.0000,176,1727.8145,0.0000,1000,1000,1000,1,421.1651
1770.0000,177,1734.9983,0.0000,999,1000,1000,1,424.4353
1780.0000,178,1742.1013,0.0000,999,1000,1000,1,427.6689
1790.0000,179,1749.1219,0.0000,999,999,999,1,428.7619
1800.0000,180,1756.0562,0.0000,999,1000,1000,1,431.2299
1810.0000,181,1762.9242,0.0000,999,999,999,1,432.9608
1820.0000,182,1769.7133,0.0000,1000,1000,1000,1,434.6734
1830.0000,183,1776.4272,0.0000,999,1000,1000,1,437.0590
1840.0000,184,1783.0690,0.0000,1000,1000,1000,1,437.3032
1850.0000,185,1789.6440,0.0000,1000,1000,1000,1,440.3448
1860.0000,186,1796.1461,0.0000,999,1000,1000,1,442.6452
1870.0000,187,1802.5779,0.0000,999,1000,1000,1,444.9182
1880.0000,188,1808.9414,0.0000,999,999,1000,1,446.4489
1890.0000,189,1815.2361,0.0000,999,1000,1000,1,447.9559
1900.0000,190,1821.4646,0.0000,1000,1000,1000,1,449.4402
1910.0000,191,1827.6251,0.0000,999,1000,1000,1,450.1906
1920.0000,192,1833.7255,0.0000,1000,1000,1000,1,453.0542
1930.0000,193,1839.7627,0.0000,999,999,1000,1,455.1730
1940.0000,194,1845.7368,0.0000,1000,1000,999,1,456.5501
1950.0000,195,1851.6488,0.0000,1000,1000,1000,1,457.9083
1960.0000,196,1857.5028,0.0000,999,1000,1000,1,459.9585
1970.0000,197,1863.2955,0.0000,998,999,1000,1,461.9816
1980.0000,198,1869.0246,0.0000,999,1000,1000,1,462.5513
1990.0000,199,1874.7038,0.0000,1000,1000,1000,1,464.5373
2000.0000,200,1880.3270,0.0000,1000,1000,1000,1,466.4994
2010.0000,201,1885.8939,0.0000,1000,1000,1000,1,468.4355
2020.0000,202,1891.4077,0.0000,1000,1000,1000,1,470.3469
2030.0000,203,1896.8651,0.0000,1000,1000,1000,1,472.2364
2040.0000,204,1902.2649,0.0000,999,999,1000,1,473.3818
2050.0000,205,1907.6172,0.0000,999,1000,1000,1,475.9507
2060.0000,206,1912.9147,0.0000,1000,1000,1000,1,477.0509
2070.0000,207,1918.1631,0.0000,999,999,1000,1,478.1312
2080.0000,208,1923.3572,0.0000,999,999,1000,1,479.1937
2090.0000,209,1928.5058,0.0000,999,1000,1000,1,480.9585
2100.0000,210,1933.6040,0.0000,999,1000,1000,1,483.4301
2110.0000,211,1938.6536,0.0000,1000,1000,1000,1,484.4258
2120.0000,212,1943.6491,0.0000,998,999,998,1,484.6715
2130.0000,213,1948.6006,0.0000,999,999,1000,1,485.6328
2140.0000,214,1953.5106,0.0000,1000,1000,1000,1,488.0363
2150.0000,215,1958.3735,0.0000,999,1000,999,1,486.7669
2160.0000,216,1963.1917,0.0000,1000,1000,1000,1,488.4122
2170.0000,217,1967.9616,0.0000,998,1000,999,1,488.5797
2180.0000,218,1972.6915,0.0000,1000,1000,1000,1,490.1955
2190.0000,219,1977.3783,0.0000,1000,1000,1000,1,491.0604
2200.0000,220,1982.0222,0.0000,1000,1000,1000,1,491.9096
2210.0000,221,1986.6256,0.0000,999,1000,1000,1,493.4752
2220.0000,222,1991.1874,0.0000,1000,1000,999,1,495.0210
2230.0000,223,1995.7074,0.0000,999,999,1000,1,497.2855
2240.0000,224,2000.1858,0.0000,1000,1000,1000,1,498.7930
2250.0000,225,2004.6180,0.0000,999,1000,1000,1,498.0847
2260.0000,226,2009.0194,0.0000,1000,1000,1000,1,499.5717
2270.0000,227,2013.3830,0.0000,999,1000,1000,1,501.7762
2280.0000,228,2017.7066,0.0000,1000,1000,1000,1,502.4910
2290.0000,229,2021.9919,0.0000,999,999,1000,1,503.9249
2300.0000,230,2026.2400,0.0000,999,1000,1000,1,506.0817
2310.0000,231,2030.4539,0.0000,999,1000,1000,1,508.2199
2320.0000,232,2034.6299,0.0000,999,1000,1000,1,510.3396
2330.0000,233,2038.7678,0.0000,999,1000,1000,1,510.9566
2340.0000,234,2042.8729,0.0000,1000,1000,1000,1,512.3040
2350.0000,235,2046.9420,0.0000,999,1000,1000,1,512.8924
2360.0000,236,2050.9677,0.0000,997,1000,998,1,510.4984
2370.0000,237,2054.9662,0.0000,999,1000,1000,1,511.8230
2380.0000,238,2058.9318,0.0000,999,999,999,1,512.3895
2390.0000,239,2062.8632,0.0000,1000,1000,1000,1,512.9489
2400.0000,240,2066.7642,0.0000,999,999,999,1,512.7511
2410.0000,241,2070.6315,0.0000,999,1000,1000,1,513.2882
2420.0000,242,2074.4695,0.0000,1000,1000,1000,1,515.2994
2430.0000,243,2078.2707,0.0000,1000,1000,1000,1,513.5804
2440.0000,244,2082.0367,0.0000,999,1000,1000,1,511.8661
2450.0000,245,2085.7797,0.0000,999,999,1000,1,513.8585
2460.0000,246,2089.4918,0.0000,999,999,1000,1,515.0938
2470.0000,247,2093.1734,0.0000,999,1000,1000,1,515.5726
2480.0000,248,2096.8281,0.0000,1000,1000,1000,1,516.7820
2490.0000,249,2100.4513,0.0000,1000,999,1000,1,517.9805
2500.0000,250,2104.0463,0.0000,1000,999,1000,1,519.1628
2510.0000,251,2107.6115,0.0000,1000,1000,1000,1,520.3343
2520.0000,252,2111.1498,0.0000,1000,1000,1000,1,521.4920
2530.0000,253,2114.6580,0.0000,1000,1000,1000,1,522.6372
2540.0000,254,2118.1408,0.0000,1000,1000,1000,1,523.0260
2550.0000,255,2121.5963,0.0000,999,1000,1000,1,524.1474
2560.0000,256,2125.0222,0.0000,1000,1000,1000,1,523.7630
2570.0000,257,2128.4235,0.0000,1000,1000,999,1,524.8666
2580.0000,258,2131.7989,0.0000,999,999,999,1,525.9575
2590.0000,259,2135.1468,0.0000,1000,1000,1000,1,527.0377
2600.0000,260,2138.4700,0.0000,1000,1000,999,1,526.6038
2610.0000,261,2141.7675,0.0000,999,999,999,1,526.9155
2620.0000,262,2145.0345,0.0000,999,999,1000,1,526.4723
2630.0000,263,2148.2775,0.0000,998,1000,999,1,524.5273
2640.0000,264,2151.4965,0.0000,1000,999,999,1,524.0793
2650.0000,265,2154.6948,0.0000,999,1000,1000,1,524.3796
2660.0000,266,2157.8687,0.0000,1000,1000,999,1,525.4171
2670.0000,267,2161.0125,0.0000,1000,1000,1000,1,524.9435
2680.0000,268,2164.1391,0.0000,1000,1000,999,1,525.2160
2690.0000,269,2167.2454,0.0000,1000,1000,1000,1,526.9804
2700.0000,270,2170.3258,0.0000,999,1000,1000,1,528.7323
2710.0000,271,2173.3837,0.0000,999,999,999,1,529.7190
2720.0000,272,2176.4126,0.0000,1000,1000,1000,1,528.4459
2730.0000,273,2179.4273,0.0000,1000,1000,1000,1,530.1732
2740.0000,274,2182.4197,0.0000,1000,1000,1000,1,531.1357
2750.0000,275,2185.3896,0.0000,999,999,1000,1,530.5850
2760.0000,276,2188.3355,0.0000,999,1000,999,1,530.0297
2770.0000,277,2191.2622,0.0000,1000,1000,1000,1,530.9722
2780.0000,278,2194.1638,0.0000,1000,999,1000,1,530.4018
2790.0000,279,2197.0451,0.0000,998,999,1000,1,529.8254
2800.0000,280,2199.8956,0.0000,1000,999,999,1,525.4984
2810.0000,281,2202.7410,0.0000,1000,1000,1000,1,527.1860
2820.0000,282,2205.5650,0.0000,999,999,999,1,527.3571
2830.0000,283,2208.3665,0.0000,1000,1000,1000,1,528.2757
2840.0000,284,2211.1526,0.0000,999,999,1000,1,529.9367
2850.0000,285,2213.9169,0.0000,998,998,1000,1,530.0786
2860.0000,286,2216.6562,0.0000,999,1000,1000,1,529.4628
2870.0000,287,2219.3840,0.0000,999,1000,1000,1,531.1023
2880.0000,288,2222.0914,0.0000,999,1000,1000,1,530.4714
2890.0000,289,2224.7785,0.0000,999,1000,1000,1,529.8374
2900.0000,290,2227.4467,0.0000,998,999,999,1,529.2035
2910.0000,291,2230.0968,0.0000,999,1000,1000,1,530.8183
2920.0000,292,2232.7303,0.0000,1000,1000,1000,1,531.6729
2930.0000,293,2235.3466,0.0000,998,999,999,1,531.7667
2940.0000,294,2237.9417,0.0000,1000,1000,1000,1,531.8600
2950.0000,295,2240.5232,0.0000,999,1000,1000,1,533.4469
2960.0000,296,2243.0850,0.0000,999,999,999,1,532.0158
2970.0000,297,2245.6301,0.0000,1000,1000,1000,1,532.8402
2980.0000,298,2248.1564,0.0000,999,999,999,1,532.1506
2990.0000,299,2250.6658,0.0000,1000,1000,1000,1,532.2088
3000.0000,300,2253.1605,0.0000,999,1000,1000,1,532.2635
3010.0000,301,2255.6403,0.0000,1000,1000,1000,1,533.0649
3020.0000,302,2258.1031,0.0000,1000,1000,1000,1,533.8567
3030.0000,303,2260.5493,0.0000,1000,1000,1000,1,534.6401
3040.0000,304,2262.9792,0.0000,999,1000,1000,1,534.6650
3050.0000,305,2265.3941,0.0000,999,999,1000,1,535.4354
3060.0000,306,2267.7927,0.0000,999,1000,1000,1,536.9535
3070.0000,307,2270.1749,0.0000,999,1000,1000,1,538.4618
3080.0000,308,2272.5430,0.0000,1000,1000,1000,1,539.9603
3090.0000,309,2274.8947,0.0000,999,999,999,1,540.6907
3100.0000,310,2277.2281,0.0000,999,1000,1000,1,540.6576
3110.0000,311,2279.5490,0.0000,999,1000,1000,1,541.3770
3120.0000,312,2281.8545,0.0000,999,1000,1000,1,542.0887
3130.0000,313,2284.1453,0.0000,999,1000,1000,1,542.7945
3140.0000,314,2286.4220,0.0000,1000,1000,1000,1,543.4923
3150.0000,315,2288.6843,0.0000,999,1000,1000,1,544.1830
3160.0000,316,2290.9335,0.0000,999,1000,1000,1,545.6254
3170.0000,317,2293.1694,0.0000,1000,999,1000,1,547.0588
3180.0000,318,2295.3891,0.0000,1000,1000,1000,1,546.9620
3190.0000,319,2297.5955,0.0000,999,999,1000,1,548.3822
3200.0000,320,2299.7861,0.0000,999,1000,1000,1,547.5099
3210.0000,321,2301.9643,0.0000,1000,1000,999,1,547.3946
3220.0000,322,2304.1265,0.0000,999,999,999,1,547.2739
3230.0000,323,2306.2719,0.0000,1000,999,999,1,544.8638
3240.0000,324,2308.4098,0.0000,999,999,1000,1,546.2683
3250.0000,325,2310.5348,0.0000,999,999,1000,1,546.9011
3260.0000,326,2312.6470,0.0000,1000,1000,1000,1,548.2910
3270.0000,327,2314.7467,0.0000,999,999,1000,1,549.6724
3280.0000,328,2316.8346,0.0000,1000,999,1000,1,551.0453
3290.0000,329,2318.9075,0.0000,999,1000,1000,1,551.6455
3300.0000,330,2320.9689,0.0000,1000,1000,1000,1,551.4741
3310.0000,331,2323.0182,0.0000,999,1000,1000,1,551.3004
3320.0000,332,2325.0562,0.0000,999,999,1000,1,552.6519
3330.0000,333,2327.0802,0.0000,999,999,1000,1,553.2285
3340.0000,334,2329.0902,0.0000,999,999,1000,1,552.2682
3350.0000,335,2331.0904,0.0000,1000,1000,1000,1,552.0746
3360.0000,336,2333.0757,0.0000,999,999,1000,1,550.3442
3370.0000,337,2335.0505,0.0000,999,1000,1000,1,550.1475
3380.0000,338,2337.0131,0.0000,1000,1000,1000,1,549.1813
3390.0000,339,2338.9670,0.0000,999,999,1000,1,550.5111
3400.0000,340,2340.9079,0.0000,1000,1000,1000,1,551.0682
3410.0000,341,2342.8363,0.0000,1000,1000,1000,1,550.0882
3420.0000,342,2344.7558,0.0000,1000,1000,1000,1,551.4037
3430.0000,343,2346.6644,0.0000,999,1000,1000,1,551.1773
3440.0000,344,2348.5595,0.0000,999,1000,1000,1,550.9509
3450.0000,345,2350.4452,0.0000,1000,1000,1000,1,551.4865
3460.0000,346,2352.3210,0.0000,999,1000,1000,1,552.0151
3470.0000,347,2354.1839,0.0000,1000,1000,1000,1,552.5384
3480.0000,348,2356.0378,0.0000,1000,1000,1000,1,553.8243
3490.0000,349,2357.8812,0.0000,999,1000,1000,1,555.1027
3500.0000,350,2359.7118,0.0000,1000,999,1000,1,554.8374
3510.0000,351,2361.5352,0.0000,1000,999,999,1,555.3353
3520.0000,352,2363.3465,0.0000,999,999,1000,1,555.8275
3530.0000,353,2365.1473,0.0000,1000,1000,999,1,554.7760
3540.0000,354,2366.9373,0.0000,1000,1000,1000,1,554.4953
3550.0000,355,2368.7184,0.0000,999,999,1000,1,554.9819
3560.0000,356,2370.4910,0.0000,1000,1000,1000,1,556.2319
3570.0000,357,2372.2523,0.0000,999,1000,1000,1,556.7040
3580.0000,358,2374.0037,0.0000,1000,999,1000,1,557.9422
3590.0000,359,2375.7430,0.0000,999,999,1000,1,558.4014
3600.0000,360,2377.4722,0.0000,999,999,1000,1,558.0840
3610.0000,361,2379.1911,0.0000,1000,1000,1000,1,555.4502
3620.0000,362,2380.9044,0.0000,999,1000,1000,1,555.9068
3630.0000,363,2382.6080,0.0000,1000,1000,1000,1,557.1302
3640.0000,364,2384.3012,0.0000,999,999,1000,1,555.2565
3650.0000,365,2385.9854,0.0000,999,999,999,1,554.1575
3660.0000,366,2387.6605,0.0000,998,998,1000,1,554.6022
3670.0000,367,2389.3256,0.0000,1000,1000,1000,1,554.2708
3680.0000,368,2390.9815,0.0000,1000,1000,1000,1,553.9382
3690.0000,369,2392.6305,0.0000,999,999,999,1,554.3730
3700.0000,370,2394.2702,0.0000,1000,1000,1000,1,554.8055
3710.0000,371,2395.9008,0.0000,999,999,1000,1,556.0054
3720.0000,372,2397.5224,0.0000,1000,1000,1000,1,555.6532
3730.0000,373,2399.1370,0.0000,999,1000,1000,1,556.8445
3740.0000,374,2400.7420,0.0000,1000,1000,1000,1,557.2540
3750.0000,375,2402.3356,0.0000,999,1000,1000,1,556.8827
3760.0000,376,2403.9245,0.0000,999,1000,1000,1,558.0612
3770.0000,377,2405.5028,0.0000,999,1000,1000,1,558.4571
3780.0000,378,2407.0721,0.0000,1000,1000,1000,1,558.0729
3790.0000,379,2408.6338,0.0000,999,1000,1000,1,559.2389
3800.0000,380,2410.1885,0.0000,1000,1000,1000,1,559.6226
3810.0000,381,2411.7341,0.0000,999,999,1000,1,560.0001
3820.0000,382,2413.2723,0.0000,1000,1000,1000,1,561.1519
3830.0000,383,2414.8030,0.0000,999,999,1000,1,562.2978
3840.0000,384,2416.3255,0.0000,999,1000,1000,1,563.4376
3850.0000,385,2417.8405,0.0000,999,999,1000,1,564.5715
3860.0000,386,2419.3465,0.0000,1000,1000,1000,1,564.9188
3870.0000,387,2420.8458,0.0000,999,999,1000,1,566.0431
3880.0000,388,2422.3353,0.0000,1000,1000,1000,1,566.3808
3890.0000,389,2423.8178,0.0000,1000,999,1000,1,565.9340
3900.0000,390,2425.2918,0.0000,1000,1000,1000,1,564.7011
3910.0000,391,2426.7613,0.0000,999,1000,1000,1,565.8144
3920.0000,392,2428.2202,0.0000,999,1000,1000,1,566.1394
3930.0000,393,2429.6726,0.0000,1000,1000,1000,1,565.6755
3940.0000,394,2431.1160,0.0000,999,1000,1000,1,563.6475
3950.0000,395,2432.5533,0.0000,1000,1000,1000,1,563.9710
3960.0000,396,2433.9847,0.0000,999,1000,1000,1,564.2891
3970.0000,397,2435.4081,0.0000,1000,1000,1000,1,565.3866
3980.0000,398,2436.8231,0.0000,999,1000,999,1,564.1297
3990.0000,399,2438.2324,0.0000,1000,1000,1000,1,564.4388
4000.0000,400,2439.6349,0.0000,999,1000,1000,1,563.9600
4010.0000,401,2441.0299,0.0000,1000,1000,1000,1,563.4791
4020.0000,402,2442.4186,0.0000,999,1000,1000,1,564.5650
4030.0000,403,2443.8000,0.0000,1000,1000,1000,1,564.8601
4040.0000,404,2445.1753,0.0000,999,1000,1000,1,565.9372
4050.0000,405,2446.5426,0.0000,999,999,1000,1,564.6558
4060.0000,406,2447.9039,0.0000,1000,1000,1000,1,564.9441
4070.0000,407,2449.2568,0.0000,999,1000,1000,1,563.6590
4080.0000,408,2450.6019,0.0000,999,999,1000,1,562.3746
4090.0000,409,2451.9403,0.0000,1000,1000,1000,1,561.8770
4100.0000,410,2453.2741,0.0000,999,999,1000,1,561.3767
4110.0000,411,2454.5998,0.0000,998,998,998,1,557.7403
4120.0000,412,2455.9188,0.0000,1000,999,1000,1,558.8123
4130.0000,413,2457.2338,0.0000,1000,999,1000,1,559.0950
4140.0000,414,2458.5408,0.0000,1000,999,1000,1,558.5900
4150.0000,415,2459.8444,0.0000,1000,1000,1000,1,559.6536
4160.0000,416,2461.1407,0.0000,1000,1000,1000,1,559.1418
4170.0000,417,2462.4303,0.0000,999,1000,1000,1,559.4140
4180.0000,418,2463.7147,0.0000,1000,1000,1000,1,558.8964
4190.0000,419,2464.9920,0.0000,999,1000,1000,1,559.1618
4200.0000,420,2466.2632,0.0000,1000,999,1000,1,558.6372
4210.0000,421,2467.5289,0.0000,999,1000,1000,1,558.8985
4220.0000,422,2468.7864,0.0000,999,1000,1000,1,558.3673
4230.0000,423,2470.0393,0.0000,999,999,999,1,558.6226
4240.0000,424,2471.2862,0.0000,999,1000,1000,1,559.6629
4250.0000,425,2472.5284,0.0000,1000,1000,1000,1,559.9108
4260.0000,426,2473.7656,0.0000,1000,999,1000,1,560.1545
4270.0000,427,2474.9956,0.0000,1000,1000,1000,1,559.6069
4280.0000,428,2476.2174,0.0000,999,999,1000,1,558.2689
4290.0000,429,2477.4348,0.0000,1000,1000,1000,1,554.5745
4300.0000,430,2478.6468,0.0000,1000,1000,1000,1,554.8226
4310.0000,431,2479.8543,0.0000,1000,1000,1000,1,554.2820
4320.0000,432,2481.0577,0.0000,999,999,1000,1,555.3137
4330.0000,433,2482.2550,0.0000,1000,1000,1000,1,556.3407
4340.0000,434,2483.4419,0.0000,999,1000,1000,1,555.7887
4350.0000,435,2484.6261,0.0000,999,1000,1000,1,555.2344
4360.0000,436,2485.8065,0.0000,1000,1000,1000,1,555.4680
4370.0000,437,2486.9815,0.0000,1000,1000,1000,1,556.4852
4380.0000,438,2488.1509,0.0000,1000,1000,1000,1,556.7089
4390.0000,439,2489.3125,0.0000,999,1000,1000,1,555.3530
4400.0000,440,2490.4703,0.0000,999,999,1000,1,555.5747
4410.0000,441,2491.6225,0.0000,999,1000,1000,1,555.0050
4420.0000,442,2492.7698,0.0000,1000,1000,1000,1,555.2220
4430.0000,443,2493.9119,0.0000,999,1000,1000,1,554.6478
4440.0000,444,2495.0487,0.0000,999,999,1000,1,554.0723
4450.0000,445,2496.1812,0.0000,1000,1000,1000,1,554.2856
4460.0000,446,2497.3094,0.0000,1000,1000,1000,1,554.4947
4470.0000,447,2498.4330,0.0000,1000,1000,1000,1,555.4913
4480.0000,448,2499.5519,0.0000,999,1000,1000,1,556.4836
4490.0000,449,2500.6630,0.0000,1000,1000,1000,1,555.8884
4500.0000,450,2501.7702,0.0000,1000,999,1000,1,555.2908
4510.0000,451,2502.8736,0.0000,999,1000,1000,1,556.2768
4520.0000,452,2503.9704,0.0000,1000,999,1000,1,554.8829
4530.0000,453,2505.0630,0.0000,999,1000,1000,1,555.0726
4540.0000,454,2506.1476,0.0000,999,1000,999,1,554.4655
4550.0000,455,2507.2308,0.0000,999,999,1000,1,554.6518
4560.0000,456,2508.3089,0.0000,1000,1000,1000,1,554.0438
4570.0000,457,2509.3842,0.0000,999,999,1000,1,555.0197
4580.0000,458,2510.4526,0.0000,1000,1000,1000,1,552.8199
4590.0000,459,2511.5176,0.0000,999,1000,1000,1,553.7942
4600.0000,460,2512.5776,0.0000,1000,1000,1000,1,553.9702
4610.0000,461,2513.6313,0.0000,998,1000,1000,1,553.3493
4620.0000,462,2514.6821,0.0000,1000,999,1000,1,554.3161
4630.0000,463,2515.7291,0.0000,1000,1000,1000,1,555.2787
4640.0000,464,2516.7666,0.0000,1000,1000,999,1,550.6718
4650.0000,465,2517.8035,0.0000,999,999,1000,1,550.8425
4660.0000,466,2518.8352,0.0000,999,999,1000,1,548.6294
4670.0000,467,2519.8644,0.0000,1000,1000,1000,1,549.5960
4680.0000,468,2520.8873,0.0000,999,1000,1000,1,548.1729
4690.0000,469,2521.9070,0.0000,1000,1000,1000,1,548.3413
4700.0000,470,2522.9205,0.0000,999,1000,1000,1,546.9172
4710.0000,471,2523.9326,0.0000,1000,1000,1000,1,547.8792
4720.0000,472,2524.9378,0.0000,1000,999,1000,1,547.2459
4730.0000,473,2525.9404,0.0000,999,1000,1000,1,545.8151
4740.0000,474,2526.9374,0.0000,999,999,999,1,544.3885
4750.0000,475,2527.9307,0.0000,1000,1000,1000,1,544.5513
4760.0000,476,2528.9218,0.0000,999,1000,1000,1,545.5081
4770.0000,477,2529.9083,0.0000,999,1000,1000,1,546.4609
4780.0000,478,2530.8900,0.0000,1000,1000,1000,1,547.4097
4790.0000,479,2531.8673,0.0000,998,999,1000,1,546.7602
4800.0000,480,2532.8393,0.0000,999,1000,1000,1,546.1119
4810.0000,481,2533.8086,0.0000,999,1000,1000,1,547.0556
4820.0000,482,2534.7745,0.0000,999,1000,1000,1,547.9953
4830.0000,483,2535.7351,0.0000,999,1000,1000,1,547.3357
4840.0000,484,2536.6930,0.0000,1000,1000,1000,1,548.2709
4850.0000,485,2537.6459,0.0000,1000,1000,1000,1,546.8085
4860.0000,486,2538.5966,0.0000,999,1000,1000,1,547.7410
4870.0000,487,2539.5428,0.0000,1000,999,999,1,547.8698
4880.0000,488,2540.4851,0.0000,999,1000,1000,1,548.7960
4890.0000,489,2541.4228,0.0000,999,999,1000,1,548.9200
4900.0000,490,2542.3548,0.0000,999,1000,1000,1,548.2425
4910.0000,491,2543.2838,0.0000,999,1000,1000,1,547.5653
4920.0000,492,2544.2106,0.0000,998,999,999,1,547.6853
4930.0000,493,2545.1321,0.0000,999,999,1000,1,547.0046
4940.0000,494,2546.0516,0.0000,1000,1000,1000,1,547.1227
4950.0000,495,2546.9673,0.0000,1000,1000,1000,1,548.0376
4960.0000,496,2547.8747,0.0000,998,998,998,1,545.7513
4970.0000,497,2548.7813,0.0000,999,1000,1000,1,546.6646
4980.0000,498,2549.6858,0.0000,999,1000,1000,1,546.7748
4990.0000,499,2550.5870,0.0000,999,1000,1000,1,547.6830
5000.0000,500,2551.4841,0.0000,999,1000,999,1,547.7868
5010.0000,501,2552.3776,0.0000,999,999,1000,1,548.6893
5020.0000,502,2553.2673,0.0000,999,999,1000,1,549.5884
5030.0000,503,2554.1531,0.0000,1000,1000,1000,1,549.6837
5040.0000,504,2555.0364,0.0000,1000,999,1000,1,550.5772
5050.0000,505,2555.9161,0.0000,1000,999,1000,1,550.6645
5060.0000,506,2556.7924,0.0000,998,999,999,1,550.7500
5070.0000,507,2557.6638,0.0000,999,1000,1000,1,549.2297
5080.0000,508,2558.5333,0.0000,999,999,999,1,549.3143
5090.0000,509,2559.3901,0.0000,999,998,999,1,545.3862
5100.0000,510,2560.2523,0.0000,999,1000,1000,1,545.4744
5110.0000,511,2561.1117,0.0000,999,1000,1000,1,546.3639
5120.0000,512,2561.9664,0.0000,1000,1000,1000,1,546.4475
5130.0000,513,2562.8198,0.0000,1000,1000,1000,1,547.3316
5140.0000,514,2563.6692,0.0000,1000,1000,1000,1,548.2123
5150.0000,515,2564.5156,0.0000,999,1000,1000,1,548.2861
5160.0000,516,2565.3575,0.0000,999,1000,1000,1,547.5561
5170.0000,517,2566.1967,0.0000,1000,1000,999,1,547.6263
5180.0000,518,2567.0330,0.0000,999,1000,1000,1,546.8919
5190.0000,519,2567.8652,0.0000,999,999,1000,1,547.7649
5200.0000,520,2568.6944,0.0000,998,999,1000,1,547.0252
5210.0000,521,2569.5191,0.0000,999,1000,1000,1,546.2874
5220.0000,522,2570.3427,0.0000,1000,1000,1000,1,546.3530
5230.0000,523,2571.1633,0.0000,1000,999,1000,1,546.4154
5240.0000,524,2571.9760,0.0000,999,999,1000,1,544.0653
5250.0000,525,2572.7879,0.0000,999,1000,1000,1,542.5227
5260.0000,526,2573.5973,0.0000,1000,1000,1000,1,541.7857
5270.0000,527,2574.4053,0.0000,999,1000,1000,1,542.6552
5280.0000,528,2575.2092,0.0000,1000,1000,1000,1,541.1103
5290.0000,529,2576.0085,0.0000,998,999,1000,1,539.5654
5300.0000,530,2576.8060,0.0000,1000,1000,1000,1,538.0247
5310.0000,531,2577.6011,0.0000,998,999,1000,1,537.2872
5320.0000,532,2578.3929,0.0000,999,1000,1000,1,537.3533
5330.0000,533,2579.1815,0.0000,1000,1000,1000,1,535.0082
5340.0000,534,2579.9645,0.0000,997,999,999,1,532.6661
5350.0000,535,2580.7458,0.0000,1000,1000,1000,1,531.9338
5360.0000,536,2581.5271,0.0000,999,1000,1000,1,532.0039
5370.0000,537,2582.3003,0.0000,999,999,1000,1,528.0613
5380.0000,538,2583.0711,0.0000,999,999,999,1,523.3284
5390.0000,539,2583.8419,0.0000,1000,1000,1000,1,523.4114
5400.0000,540,2584.6103,0.0000,999,1000,1000,1,522.6913
5410.0000,541,2585.3760,0.0000,999,1000,1000,1,520.3675
5420.0000,542,2586.1394,0.0000,999,1000,1000,1,520.4510
5430.0000,543,2586.9004,0.0000,999,1000,1000,1,521.3342
5440.0000,544,2587.6583,0.0000,999,1000,1000,1,521.4127
5450.0000,545,2588.4138,0.0000,1000,1000,1000,1,522.2909
5460.0000,546,2589.1668,0.0000,1000,1000,1000,1,523.1658
5470.0000,547,2589.9169,0.0000,1000,1000,1000,1,524.0375
5480.0000,548,2590.6635,0.0000,999,1000,1000,1,524.1029
5490.0000,549,2591.4081,0.0000,999,1000,1000,1,524.9697
5500.0000,550,2592.1491,0.0000,999,999,999,1,523.4223
5510.0000,551,2592.8871,0.0000,1000,1000,1000,1,523.4839
5520.0000,552,2593.6236,0.0000,999,1000,1000,1,523.5441
5530.0000,553,2594.3567,0.0000,999,999,1000,1,522.7993
5540.0000,554,2595.0873,0.0000,999,999,1000,1,522.8572
5550.0000,555,2595.8153,0.0000,1000,1000,1000,1,523.7169
5560.0000,556,2596.5417,0.0000,1000,999,1000,1,524.5735
5570.0000,557,2597.2637,0.0000,999,999,1000,1,523.0154
5580.0000,558,2597.9812,0.0000,998,999,999,1,520.6535
5590.0000,559,2598.6979,0.0000,999,1000,1000,1,519.9049
5600.0000,560,2599.4135,0.0000,998,999,999,1,519.1537
5610.0000,561,2600.1248,0.0000,999,999,1000,1,518.4045
5620.0000,562,2600.8347,0.0000,999,999,1000,1,518.4585
5630.0000,563,2601.5405,0.0000,1000,1000,1000,1,515.2956
5640.0000,564,2602.2451,0.0000,1000,999,999,1,512.9419
5650.0000,565,2602.9472,0.0000,999,1000,1000,1,513.8039
5660.0000,566,2603.6476,0.0000,1000,1000,1000,1,513.0571
5670.0000,567,2604.3442,0.0000,999,1000,1000,1,512.3093
5680.0000,568,2605.0390,0.0000,1000,1000,1000,1,512.3653
5690.0000,569,2605.7306,0.0000,1000,1000,1000,1,512.4194
5700.0000,570,2606.4201,0.0000,1000,999,999,1,512.4707
5710.0000,571,2607.1082,0.0000,999,999,999,1,511.7171
5720.0000,572,2607.7924,0.0000,999,1000,1000,1,511.7677
5730.0000,573,2608.4745,0.0000,1000,999,999,1,509.4067
5740.0000,574,2609.1531,0.0000,1000,1000,999,1,507.8519
5750.0000,575,2609.8313,0.0000,999,1000,1000,1,508.7078
5760.0000,576,2610.5074,0.0000,1000,1000,1000,1,509.5607
5770.0000,577,2611.1810,0.0000,999,999,1000,1,508.8040
5780.0000,578,2611.8527,0.0000,999,999,1000,1,509.6539
5790.0000,579,2612.5218,0.0000,1000,1000,1000,1,510.5007
5800.0000,580,2613.1874,0.0000,1000,1000,1000,1,508.9315
5810.0000,581,2613.8521,0.0000,999,1000,1000,1,509.7767
5820.0000,582,2614.5146,0.0000,999,999,1000,1,509.8136
5830.0000,583,2615.1737,0.0000,1000,1000,1000,1,508.2428
5840.0000,584,2615.8319,0.0000,1000,1000,1000,1,509.0849
5850.0000,585,2616.4863,0.0000,1000,1000,1000,1,507.5138
5860.0000,586,2617.1357,0.0000,1000,999,1000,1,506.7473
5870.0000,587,2617.7870,0.0000,999,1000,1000,1,507.5876
5880.0000,588,2618.4356,0.0000,999,1000,1000,1,507.6215
5890.0000,589,2619.0822,0.0000,999,999,1000,1,507.6526
5900.0000,590,2619.7261,0.0000,999,1000,1000,1,507.6828
5910.0000,591,2620.3682,0.0000,998,999,1000,1,507.7106
5920.0000,592,2621.0076,0.0000,999,1000,1000,1,508.5422
5930.0000,593,2621.6440,0.0000,998,999,999,1,507.7603
5940.0000,594,2622.2755,0.0000,998,1000,1000,1,506.1744
5950.0000,595,2622.9084,0.0000,1000,1000,1000,1,505.3966
5960.0000,596,2623.5395,0.0000,999,999,1000,1,505.4217
5970.0000,597,2624.1675,0.0000,999,999,999,1,504.6400
5980.0000,598,2624.7934,0.0000,999,999,1000,1,503.0549
5990.0000,599,2625.4187,0.0000,999,999,1000,1,503.8845
6000.0000,600,2626.0408,0.0000,1000,1000,1000,1,503.1025
6010.0000,601,2626.6606,0.0000,999,1000,1000,1,502.3198
6020.0000,602,2627.2789,0.0000,999,999,1000,1,501.5367
6030.0000,603,2627.8951,0.0000,999,1000,1000,1,500.7533
6040.0000,604,2628.5093,0.0000,999,999,1000,1,499.9699
6050.0000,605,2629.1213,0.0000,999,1000,1000,1,499.9906
6060.0000,606,2629.7314,0.0000,1000,1000,1000,1,499.2055
6070.0000,607,2630.3403,0.0000,1000,999,1000,1,500.0305
6080.0000,608,2630.9472,0.0000,999,1000,1000,1,500.0474
6090.0000,609,2631.5523,0.0000,1000,1000,1000,1,500.8684
6100.0000,610,2632.1543,0.0000,1000,999,1000,1,500.8808
6110.0000,611,2632.7546,0.0000,999,999,1000,1,501.6977
6120.0000,612,2633.3528,0.0000,999,999,1000,1,500.8997
6130.0000,613,2633.9501,0.0000,999,999,1000,1,501.7139
6140.0000,614,2634.5446,0.0000,999,1000,1000,1,501.7190
6150.0000,615,2635.1372,0.0000,999,1000,1000,1,501.7223
6160.0000,616,2635.7278,0.0000,999,1000,1000,1,501.7246
6170.0000,617,2636.3178,0.0000,1000,1000,1000,1,502.5322
6180.0000,618,2636.9052,0.0000,999,1000,1000,1,503.3372
6190.0000,619,2637.4899,0.0000,1000,1000,1000,1,504.1395
6200.0000,620,2638.0730,0.0000,999,1000,1000,1,503.3227
6210.0000,621,2638.6540,0.0000,999,1000,1000,1,503.3140
6220.0000,622,2639.2341,0.0000,1000,1000,1000,1,504.1125
6230.0000,623,2639.8111,0.0000,999,1000,1000,1,502.4851
6240.0000,624,2640.3878,0.0000,1000,1000,1000,1,503.2824
6250.0000,625,2640.9619,0.0000,1000,1000,1000,1,504.0771
6260.0000,626,2641.5331,0.0000,1000,1000,1000,1,501.6359
6270.0000,627,2642.1032,0.0000,999,1000,999,1,500.0051
6280.0000,628,2642.6717,0.0000,999,1000,1000,1,499.9923
6290.0000,629,2643.2388,0.0000,1000,999,1000,1,499.9782
6300.0000,630,2643.8031,0.0000,999,1000,1000,1,499.1549
6310.0000,631,2644.3655,0.0000,998,998,999,1,499.1394
6320.0000,632,2644.9235,0.0000,998,1000,1000,1,496.6980
6330.0000,633,2645.4816,0.0000,1000,1000,1000,1,495.0671
6340.0000,634,2646.0403,0.0000,1000,1000,1000,1,495.8636
6350.0000,635,2646.5968,0.0000,1000,1000,1000,1,496.6575
6360.0000,636,2647.1514,0.0000,999,1000,1000,1,496.6397
6370.0000,637,2647.7034,0.0000,999,999,1000,1,495.8104
6380.0000,638,2648.2536,0.0000,999,999,1000,1,495.7910
6390.0000,639,2648.8028,0.0000,1000,1000,1000,1,495.7705
6400.0000,640,2649.3502,0.0000,1000,1000,1000,1,495.7482
6410.0000,641,2649.8964,0.0000,1000,1000,1000,1,496.5349
6420.0000,642,2650.4410,0.0000,999,999,1000,1,497.3191
6430.0000,643,2650.9811,0.0000,999,999,1000,1,495.6695
6440.0000,644,2651.5211,0.0000,1000,999,1000,1,494.8322
6450.0000,645,2652.0599,0.0000,999,1000,1000,1,494.8050
6460.0000,646,2652.5971,0.0000,1000,999,1000,1,495.5870
6470.0000,647,2653.1328,0.0000,1000,1000,1000,1,496.3666
6480.0000,648,2653.6670,0.0000,999,999,1000,1,497.1438
6490.0000,649,2654.1994,0.0000,1000,1000,1000,1,497.1065
6500.0000,650,2654.7308,0.0000,1000,1000,1000,1,497.8802
6510.0000,651,2655.2608,0.0000,999,999,1000,1,498.6515
6520.0000,652,2655.7879,0.0000,1000,1000,1000,1,498.6082
6530.0000,653,2656.3131,0.0000,999,1000,1000,1,498.5629
6540.0000,654,2656.8353,0.0000,998,999,999,1,496.0779
6550.0000,655,2657.3573,0.0000,1000,1000,1000,1,496.8469
6560.0000,656,2657.8783,0.0000,1000,1000,1000,1,496.8004
6570.0000,657,2658.3970,0.0000,999,1000,999,1,495.9391
6580.0000,658,2658.9150,0.0000,999,1000,1000,1,496.7050
6590.0000,659,2659.4319,0.0000,999,1000,1000,1,496.6551
6600.0000,660,2659.9465,0.0000,1000,1000,999,1,495.7895
6610.0000,661,2660.4599,0.0000,999,1000,1000,1,496.5521
6620.0000,662,2660.9714,0.0000,999,999,1000,1,496.4987
6630.0000,663,2661.4809,0.0000,1000,999,1000,1,495.6306
6640.0000,664,2661.9891,0.0000,999,1000,1000,1,495.5758
6650.0000,665,2662.4952,0.0000,999,999,999,1,494.7046
6660.0000,666,2662.9988,0.0000,1000,1000,1000,1,493.0188
6670.0000,667,2663.5039,0.0000,1000,1000,1000,1,493.7789
6680.0000,668,2664.0064,0.0000,1000,1000,1000,1,492.9072
6690.0000,669,2664.5063,0.0000,999,999,999,1,491.2205
6700.0000,670,2665.0042,0.0000,1000,999,999,1,491.1641
6710.0000,671,2665.5017,0.0000,999,999,1000,1,491.1067
6720.0000,672,2665.9972,0.0000,1000,1000,1000,1,490.2337
6730.0000,673,2666.4927,0.0000,1000,999,1000,1,490.1753
6740.0000,674,2666.9873,0.0000,1000,1000,1000,1,490.9317
6750.0000,675,2667.4796,0.0000,1000,1000,1000,1,490.8704
6760.0000,676,2667.9696,0.0000,999,1000,1000,1,489.9917
6770.0000,677,2668.4582,0.0000,1000,1000,999,1,489.1127
6780.0000,678,2668.9464,0.0000,999,999,1000,1,489.8661
6790.0000,679,2669.4330,0.0000,1000,1000,1000,1,489.8021
6800.0000,680,2669.9174,0.0000,999,1000,1000,1,489.7359
6810.0000,681,2670.3995,0.0000,999,1000,999,1,486.4043
6820.0000,682,2670.8824,0.0000,999,1000,1000,1,487.1573
6830.0000,683,2671.3621,0.0000,1000,1000,1000,1,486.2772
6840.0000,684,2671.8421,0.0000,1000,1000,1000,1,487.0283
6850.0000,685,2672.3197,0.0000,1000,999,1000,1,486.1463
6860.0000,686,2672.7964,0.0000,999,1000,1000,1,486.8953
6870.0000,687,2673.2686,0.0000,999,1000,1000,1,483.5627
6880.0000,688,2673.7416,0.0000,1000,1000,1000,1,483.4976
6890.0000,689,2674.2135,0.0000,1000,1000,1000,1,481.7996
6900.0000,690,2674.6848,0.0000,1000,999,1000,1,481.7340
6910.0000,691,2675.1542,0.0000,999,1000,1000,1,480.0346
6920.0000,692,2675.6217,0.0000,999,1000,1000,1,479.1531
6930.0000,693,2676.0872,0.0000,1000,999,1000,1,476.6399
6940.0000,694,2676.5525,0.0000,1000,999,1000,1,476.5777
6950.0000,695,2677.0151,0.0000,999,999,1000,1,471.6187
6960.0000,696,2677.4770,0.0000,999,1000,1000,1,471.5620
6970.0000,697,2677.9385,0.0000,1000,1000,1000,1,472.3202
6980.0000,698,2678.3996,0.0000,1000,1000,1000,1,473.0762
6990.0000,699,2678.8588,0.0000,999,1000,1000,1,472.1967
7000.0000,700,2679.3167,0.0000,1000,1000,1000,1,472.1343
7010.0000,701,2679.7736,0.0000,1000,1000,1000,1,472.8873
7020.0000,702,2680.2282,0.0000,999,1000,1000,1,472.8213
7030.0000,703,2680.6795,0.0000,999,1000,1000,1,471.1191
7040.0000,704,2681.1319,0.0000,999,1000,1000,1,471.8703
7050.0000,705,2681.5824,0.0000,999,999,1000,1,471.8020
7060.0000,706,2682.0313,0.0000,1000,1000,1000,1,470.0986
7070.0000,707,2682.4794,0.0000,1000,1000,1000,1,468.3957
7080.0000,708,2682.9270,0.0000,999,1000,1000,1,468.3289
7090.0000,709,2683.3733,0.0000,1000,1000,1000,1,467.4453
7100.0000,710,2683.8179,0.0000,1000,999,1000,1,466.5601
7110.0000,711,2684.2610,0.0000,998,999,999,1,465.6748
7120.0000,712,2684.7022,0.0000,1000,1000,999,1,465.6073
7130.0000,713,2685.1430,0.0000,999,1000,1000,1,463.9041
7140.0000,714,2685.5827,0.0000,999,1000,999,1,463.0194
7150.0000,715,2686.0213,0.0000,1000,1000,1000,1,463.7703
7160.0000,716,2686.4586,0.0000,999,1000,1000,1,462.8845
7170.0000,717,2686.8951,0.0000,999,1000,1000,1,462.8156
7180.0000,718,2687.3296,0.0000,1000,999,999,1,460.2914
7190.0000,719,2687.7630,0.0000,1000,999,1000,1,461.0418
7200.0000,720,2688.1958,0.0000,999,999,1000,1,461.7904
7210.0000,721,2688.6265,0.0000,999,1000,1000,1,461.7199
7220.0000,722,2689.0563,0.0000,1000,999,999,1,461.6471
7230.0000,723,2689.4846,0.0000,1000,1000,1000,1,461.5741
7240.0000,724,2689.9121,0.0000,999,999,1000,1,461.4999
7250.0000,725,2690.3382,0.0000,999,999,1000,1,460.6070
7260.0000,726,2690.7630,0.0000,1000,999,1000,1,459.7149
7270.0000,727,2691.1871,0.0000,1000,1000,1000,1,459.6397
7280.0000,728,2691.6107,0.0000,1000,1000,1000,1,460.3819
7290.0000,729,2692.0325,0.0000,1000,1000,999,1,459.4848
7300.0000,730,2692.4533,0.0000,1000,1000,1000,1,458.5887
7310.0000,731,2692.8735,0.0000,1000,1000,1000,1,459.3293
7320.0000,732,2693.2914,0.0000,1000,1000,1000,1,458.4310
7330.0000,733,2693.7091,0.0000,1000,1000,1000,1,458.3507
7340.0000,734,2694.1250,0.0000,1000,1000,1000,1,458.2702
7350.0000,735,2694.5380,0.0000,998,999,1000,1,455.7311
7360.0000,736,2694.9515,0.0000,1000,1000,1000,1,455.6522
7370.0000,737,2695.3651,0.0000,999,1000,1000,1,456.3908
7380.0000,738,2695.7762,0.0000,999,1000,1000,1,455.4908
7390.0000,739,2696.1867,0.0000,999,1000,1000,1,456.2276
7400.0000,740,2696.5953,0.0000,999,1000,1000,1,455.3251
7410.0000,741,2697.0042,0.0000,1000,1000,1000,1,455.2409
7420.0000,742,2697.4107,0.0000,1000,1000,1000,1,454.3366
7430.0000,743,2697.8167,0.0000,1000,1000,1000,1,453.4326
7440.0000,744,2698.2218,0.0000,1000,1000,1000,1,454.1672
7450.0000,745,2698.6251,0.0000,999,1000,1000,1,454.0808
7460.0000,746,2699.0277,0.0000,1000,1000,1000,1,453.9935
7470.0000,747,2699.4287,0.0000,999,999,1000,1,453.0856
7480.0000,748,2699.8288,0.0000,1000,999,999,1,452.1781
7490.0000,749,2700.2280,0.0000,999,999,1000,1,452.0896
7500.0000,750,2700.6264,0.0000,1000,1000,1000,1,451.1818
7510.0000,751,2701.0244,0.0000,999,1000,1000,1,451.0938
7520.0000,752,2701.4205,0.0000,999,1000,1000,1,451.8237
7530.0000,753,2701.8157,0.0000,1000,1000,1000,1,450.9130
7540.0000,754,2702.2108,0.0000,1000,1000,1000,1,451.6412
7550.0000,755,2702.6032,0.0000,999,1000,1000,1,451.5478
7560.0000,756,2702.9956,0.0000,1000,1000,1000,1,450.6339
7570.0000,757,2703.3873,0.0000,1000,1000,1000,1,451.3596
7580.0000,758,2703.7770,0.0000,998,1000,1000,1,449.6226
7590.0000,759,2704.1650,0.0000,999,999,999,1,447.0685
7600.0000,760,2704.5522,0.0000,999,999,1000,1,446.1566
7610.0000,761,2704.9379,0.0000,999,1000,1000,1,444.4261
7620.0000,762,2705.3218,0.0000,1000,998,999,1,441.8768
7630.0000,763,2705.7069,0.0000,1000,1000,1000,1,440.9708
7640.0000,764,2706.0914,0.0000,999,1000,1000,1,441.7025
7650.0000,765,2706.4738,0.0000,1000,999,1000,1,440.7940
7660.0000,766,2706.8555,0.0000,999,999,1000,1,439.8854
7670.0000,767,2707.2347,0.0000,1000,1000,1000,1,438.9776
7680.0000,768,2707.6146,0.0000,999,1000,1000,1,439.7081
7690.0000,769,2707.9936,0.0000,999,1000,1000,1,438.7981
7700.0000,770,2708.3706,0.0000,998,998,999,1,436.2494
7710.0000,771,2708.7461,0.0000,999,1000,1000,1,435.3422
7720.0000,772,2709.1225,0.0000,999,999,1000,1,436.0736
7730.0000,773,2709.4973,0.0000,1000,1000,1000,1,435.9837
7740.0000,774,2709.8713,0.0000,999,1000,1000,1,435.0734
7750.0000,775,2710.2446,0.0000,999,1000,1000,1,435.8023
7760.0000,776,2710.6171,0.0000,1000,1000,1000,1,436.5294
7770.0000,777,2710.9889,0.0000,1000,1000,1000,1,437.2545
7780.0000,778,2711.3592,0.0000,999,1000,999,1,437.1575
7790.0000,779,2711.7291,0.0000,999,1000,1000,1,437.8800
7800.0000,780,2712.0980,0.0000,1000,1000,1000,1,438.6006
7810.0000,781,2712.4647,0.0000,998,999,1000,1,438.4989
7820.0000,782,2712.8316,0.0000,999,1000,1000,1,439.2169
7830.0000,783,2713.1965,0.0000,1000,1000,1000,1,435.8333
7840.0000,784,2713.5599,0.0000,1000,999,1000,1,434.9136
7850.0000,785,2713.9244,0.0000,999,1000,1000,1,435.6335
7860.0000,786,2714.2873,0.0000,999,1000,1000,1,435.5323
7870.0000,787,2714.6480,0.0000,999,998,1000,1,434.6096
7880.0000,788,2715.0091,0.0000,1000,1000,1000,1,435.3271
7890.0000,789,2715.3681,0.0000,999,1000,1000,1,434.4021
7900.0000,790,2715.7275,0.0000,1000,1000,1000,1,435.1181
7910.0000,791,2716.0859,0.0000,1000,1000,1000,1,435.8322
7920.0000,792,2716.4431,0.0000,1000,1000,1000,1,434.9036
7930.0000,793,2716.7995,0.0000,999,1000,1000,1,434.7953
7940.0000,794,2717.1554,0.0000,1000,1000,1000,1,435.5072
7950.0000,795,2717.5104,0.0000,1000,1000,1000,1,435.3966
7960.0000,796,2717.8647,0.0000,999,1000,1000,1,436.1059
7970.0000,797,2718.2175,0.0000,999,1000,1000,1,435.9923
7980.0000,798,2718.5687,0.0000,999,1000,999,1,435.0548
7990.0000,799,2718.9196,0.0000,999,1000,1000,1,434.9400
8000.0000,800,2719.2701,0.0000,1000,1000,1000,1,434.8245
8010.0000,801,2719.6198,0.0000,1000,999,1000,1,434.7078
8020.0000,802,2719.9685,0.0000,1000,999,1000,1,434.5908
8030.0000,803,2720.3164,0.0000,999,1000,1000,1,434.4723
8040.0000,804,2720.6627,0.0000,1000,999,1000,1,434.3531
8050.0000,805,2721.0090,0.0000,1000,1000,1000,1,435.0558
8060.0000,806,2721.3535,0.0000,999,999,999,1,434.1108
8070.0000,807,2721.6974,0.0000,999,1000,1000,1,433.9889
8080.0000,808,2722.0405,0.0000,999,999,1000,1,433.0441
8090.0000,809,2722.3823,0.0000,1000,1000,1000,1,431.2763
8100.0000,810,2722.7235,0.0000,999,1000,1000,1,431.1553
8110.0000,811,2723.0642,0.0000,999,999,1000,1,429.3872
8120.0000,812,2723.4031,0.0000,1000,1000,1000,1,427.6203
8130.0000,813,2723.7419,0.0000,999,999,999,1,425.0328
8140.0000,814,2724.0795,0.0000,1000,999,1000,1,424.9162
8150.0000,815,2724.4170,0.0000,999,1000,1000,1,424.7987
8160.0000,816,2724.7543,0.0000,1000,1000,1000,1,425.5036
8170.0000,817,2725.0891,0.0000,1000,999,1000,1,424.5610
8180.0000,818,2725.4237,0.0000,1000,999,1000,1,423.6190
8190.0000,819,2725.7567,0.0000,999,999,1000,1,421.0345
8200.0000,820,2726.0902,0.0000,1000,1000,1000,1,420.9192
8210.0000,821,2726.4231,0.0000,1000,1000,1000,1,421.6246
8220.0000,822,2726.7541,0.0000,998,999,1000,1,419.8612
8230.0000,823,2727.0845,0.0000,999,1000,999,1,418.1016
8240.0000,824,2727.4143,0.0000,999,999,1000,1,417.1681
8250.0000,825,2727.7436,0.0000,1000,1000,1000,1,417.0565
8260.0000,826,2728.0723,0.0000,998,999,1000,1,416.1286
8270.0000,827,2728.4002,0.0000,999,999,1000,1,415.2057
8280.0000,828,2728.7276,0.0000,1000,1000,1000,1,415.9120
8290.0000,829,2729.0535,0.0000,998,999,999,1,415.8041
8300.0000,830,2729.3787,0.0000,1000,1000,1000,1,414.8854
8310.0000,831,2729.7027,0.0000,1000,1000,1000,1,414.7794
8320.0000,832,2730.0268,0.0000,1000,1000,1000,1,414.6734
8330.0000,833,2730.3501,0.0000,1000,999,1000,1,414.5669
8340.0000,834,2730.6725,0.0000,999,1000,1000,1,413.6533
8350.0000,835,2730.9936,0.0000,999,1000,1000,1,413.5478
8360.0000,836,2731.3145,0.0000,1000,1000,1000,1,414.2493
8370.0000,837,2731.6344,0.0000,1000,1000,1000,1,414.1411
8380.0000,838,2731.9537,0.0000,1000,1000,1000,1,414.0318
8390.0000,839,2732.2717,0.0000,999,999,999,1,413.1161
8400.0000,840,2732.5889,0.0000,1000,1000,1000,1,413.8142
8410.0000,841,2732.9059,0.0000,999,1000,1000,1,414.5113
8420.0000,842,2733.2221,0.0000,1000,1000,1000,1,414.4000
8430.0000,843,2733.5376,0.0000,999,999,999,1,413.4819
8440.0000,844,2733.8523,0.0000,999,1000,1000,1,414.1766
8450.0000,845,2734.1665,0.0000,999,999,1000,1,414.0641
8460.0000,846,2734.4784,0.0000,999,1000,1000,1,412.3440
8470.0000,847,2734.7899,0.0000,999,1000,1000,1,410.6273
8480.0000,848,2735.1018,0.0000,1000,1000,1000,1,410.5200
8490.0000,849,2735.4126,0.0000,1000,999,1000,1,411.2143
8500.0000,850,2735.7227,0.0000,999,1000,1000,1,410.3053
8510.0000,851,2736.0326,0.0000,999,999,1000,1,410.9982
8520.0000,852,2736.3405,0.0000,1000,1000,1000,1,408.4944
8530.0000,853,2736.6489,0.0000,999,999,1000,1,409.1879
8540.0000,854,2736.9568,0.0000,1000,1000,1000,1,409.8797
8550.0000,855,2737.2637,0.0000,1000,1000,1000,1,410.5699
8560.0000,856,2737.5690,0.0000,999,1000,1000,1,408.8653
8570.0000,857,2737.8737,0.0000,999,1000,1000,1,407.1716
8580.0000,858,2738.1768,0.0000,999,1000,1000,1,405.4901
8590.0000,859,2738.4806,0.0000,999,1000,1000,1,405.3934
8600.0000,860,2738.7836,0.0000,999,1000,1000,1,403.7182
8610.0000,861,2739.0853,0.0000,1000,1000,1000,1,402.8372
8620.0000,862,2739.3871,0.0000,1000,1000,1000,1,401.9566
8630.0000,863,2739.6887,0.0000,1000,1000,1000,1,402.6495
8640.0000,864,2739.9890,0.0000,1000,1000,1000,1,402.5544
8650.0000,865,2740.2886,0.0000,1000,999,1000,1,402.4601
8660.0000,866,2740.5877,0.0000,1000,999,1000,1,403.1501
8670.0000,867,2740.8859,0.0000,999,1000,1000,1,403.0546
8680.0000,868,2741.1827,0.0000,999,1000,1000,1,402.9595
8690.0000,869,2741.4799,0.0000,999,1000,1000,1,403.6465
8700.0000,870,2741.7761,0.0000,1000,1000,1000,1,404.3320
8710.0000,871,2742.0721,0.0000,999,1000,1000,1,405.0159
8720.0000,872,2742.3667,0.0000,1000,1000,1000,1,404.9141
8730.0000,873,2742.6610,0.0000,999,999,1000,1,405.5958
8740.0000,874,2742.9548,0.0000,999,999,1000,1,405.4920
8750.0000,875,2743.2472,0.0000,999,999,1000,1,405.3882
8760.0000,876,2743.5389,0.0000,999,999,999,1,403.7186
8770.0000,877,2743.8291,0.0000,1000,1000,1000,1,402.8329
8780.0000,878,2744.1191,0.0000,999,1000,1000,1,401.9548
8790.0000,879,2744.4091,0.0000,1000,1000,999,1,401.0780
8800.0000,880,2744.6986,0.0000,999,1000,1000,1,401.7584
8810.0000,881,2744.9862,0.0000,1000,1000,1000,1,400.1055
8820.0000,882,2745.2742,0.0000,999,1000,1000,1,400.7857
8830.0000,883,2745.5619,0.0000,999,999,1000,1,400.6879
8840.0000,884,2745.8484,0.0000,998,999,1000,1,399.8134
8850.0000,885,2746.1345,0.0000,999,1000,1000,1,398.9421
8860.0000,886,2746.4194,0.0000,998,999,999,1,397.3044
8870.0000,887,2746.7043,0.0000,1000,999,1000,1,397.9839
8880.0000,888,2746.9888,0.0000,1000,1000,1000,1,397.8913
8890.0000,889,2747.2727,0.0000,1000,1000,1000,1,398.5685
8900.0000,890,2747.5557,0.0000,1000,1000,1000,1,399.2443
8910.0000,891,2747.8388,0.0000,1000,1000,1000,1,399.9186
8920.0000,892,2748.1203,0.0000,999,999,999,1,399.8196
8930.0000,893,2748.4019,0.0000,999,1000,1000,1,400.4917
8940.0000,894,2748.6829,0.0000,999,1000,1000,1,401.1622
8950.0000,895,2748.9633,0.0000,1000,999,1000,1,401.0606
8960.0000,896,2749.2430,0.0000,999,1000,1000,1,401.7291
8970.0000,897,2749.5219,0.0000,999,999,1000,1,402.3961
8980.0000,898,2749.7988,0.0000,1000,999,1000,1,399.2156
8990.0000,899,2750.0755,0.0000,1000,1000,1000,1,399.1165
9000.0000,900,2750.3520,0.0000,999,999,1000,1,398.2524
9010.0000,901,2750.6265,0.0000,999,1000,1000,1,396.6280
9020.0000,902,2750.9018,0.0000,999,999,999,1,395.0072
9030.0000,903,2751.1758,0.0000,1000,1000,1000,1,393.3909
9040.0000,904,2751.4495,0.0000,999,999,1000,1,391.7778
9050.0000,905,2751.7233,0.0000,998,998,999,1,390.9299
9060.0000,906,2751.9945,0.0000,999,1000,1000,1,390.0845
9070.0000,907,2752.2667,0.0000,998,998,999,1,388.4834
9080.0000,908,2752.5388,0.0000,999,1000,1000,1,389.1568
9090.0000,909,2752.8099,0.0000,999,999,999,1,388.3167
9100.0000,910,2753.0804,0.0000,999,1000,1000,1,388.2354
9110.0000,911,2753.3500,0.0000,999,1000,1000,1,387.4005
9120.0000,912,2753.6198,0.0000,1000,999,1000,1,387.3191
9130.0000,913,2753.8885,0.0000,999,999,1000,1,387.2366
9140.0000,914,2754.1549,0.0000,1000,999,1000,1,384.1574
9150.0000,915,2754.4229,0.0000,1000,1000,1000,1,384.8304
9160.0000,916,2754.6894,0.0000,999,1000,1000,1,384.0124
9170.0000,917,2754.9550,0.0000,999,1000,1000,1,381.7118
9180.0000,918,2755.2209,0.0000,1000,999,1000,1,381.6424
9190.0000,919,2755.4863,0.0000,1000,1000,1000,1,381.5720
9200.0000,920,2755.7514,0.0000,1000,1000,1000,1,381.5010
9210.0000,921,2756.0158,0.0000,1000,1000,1000,1,381.4296
9220.0000,922,2756.2793,0.0000,1000,1000,999,1,379.8735
9230.0000,923,2756.5421,0.0000,999,1000,1000,1,379.8032
9240.0000,924,2756.8050,0.0000,999,999,1000,1,378.9923
9250.0000,925,2757.0673,0.0000,1000,1000,1000,1,379.6637
9260.0000,926,2757.3290,0.0000,1000,1000,1000,1,380.3336
9270.0000,927,2757.5904,0.0000,999,1000,1000,1,381.0020
9280.0000,928,2757.8509,0.0000,1000,1000,1000,1,381.6691
9290.0000,929,2758.1100,0.0000,1000,1000,999,1,380.1113
9300.0000,930,2758.3691,0.0000,1000,1000,1000,1,380.0373
9310.0000,931,2758.6267,0.0000,1000,1000,1000,1,379.2243
9320.0000,932,2758.8851,0.0000,1000,1000,1000,1,379.1513
9330.0000,933,2759.1429,0.0000,1000,1000,1000,1,379.8167
9340.0000,934,2759.3995,0.0000,999,1000,1000,1,379.0017
9350.0000,935,2759.6560,0.0000,999,999,1000,1,378.9266
9360.0000,936,2759.9117,0.0000,1000,999,1000,1,379.5901
9370.0000,937,2760.1673,0.0000,999,1000,1000,1,379.5126
9380.0000,938,2760.4219,0.0000,999,1000,1000,1,379.4341
9390.0000,939,2760.6765,0.0000,999,1000,1000,1,380.0950
9400.0000,940,2760.9303,0.0000,998,999,999,1,379.2736
9410.0000,941,2761.1830,0.0000,1000,999,1000,1,377.7187
9420.0000,942,2761.4356,0.0000,999,1000,1000,1,377.6425
9430.0000,943,2761.6880,0.0000,1000,1000,1000,1,378.3025
9440.0000,944,2761.9394,0.0000,999,1000,1000,1,378.2245
9450.0000,945,2762.1900,0.0000,1000,1000,1000,1,375.9467
9460.0000,946,2762.4408,0.0000,1000,999,1000,1,375.8740
9470.0000,947,2762.6905,0.0000,998,999,1000,1,375.0705
9480.0000,948,2762.9398,0.0000,1000,1000,1000,1,374.2701
9490.0000,949,2763.1889,0.0000,999,1000,1000,1,374.9295
9500.0000,950,2763.4366,0.0000,1000,999,1000,1,374.1282
9510.0000,951,2763.6850,0.0000,999,1000,1000,1,374.7863
9520.0000,952,2763.9319,0.0000,999,998,999,1,374.7141
9530.0000,953,2764.1787,0.0000,1000,1000,1000,1,375.3702
9540.0000,954,2764.4246,0.0000,1000,1000,1000,1,373.8426
9550.0000,955,2764.6704,0.0000,1000,999,1000,1,373.7715
9560.0000,956,2764.9154,0.0000,1000,1000,1000,1,372.2473
9570.0000,957,2765.1604,0.0000,999,999,1000,1,371.4509
9580.0000,958,2765.4043,0.0000,999,999,1000,1,370.6553
9590.0000,959,2765.6484,0.0000,999,1000,1000,1,370.5858
9600.0000,960,2765.8916,0.0000,999,1000,999,1,370.5153
9610.0000,961,2766.1345,0.0000,1000,1000,1000,1,371.1703
9620.0000,962,2766.3768,0.0000,1000,1000,1000,1,371.8240
9630.0000,963,2766.6184,0.0000,999,1000,1000,1,371.0232
9640.0000,964,2766.8590,0.0000,999,998,998,1,370.2233
9650.0000,965,2767.0982,0.0000,999,999,1000,1,367.9780
9660.0000,966,2767.3387,0.0000,1000,1000,1000,1,367.9093
9670.0000,967,2767.5777,0.0000,999,999,999,1,365.6742
9680.0000,968,2767.8158,0.0000,1000,1000,1000,1,366.3292
9690.0000,969,2768.0541,0.0000,999,1000,1000,1,366.2631
9700.0000,970,2768.2924,0.0000,1000,1000,1000,1,365.4762
9710.0000,971,2768.5288,0.0000,999,999,1000,1,363.9746
9720.0000,972,2768.7663,0.0000,998,999,999,1,363.1934
9730.0000,973,2769.0019,0.0000,998,1000,999,1,361.6980
9740.0000,974,2769.2372,0.0000,1000,1000,999,1,361.6371
9750.0000,975,2769.4724,0.0000,1000,1000,1000,1,360.8617
9760.0000,976,2769.7071,0.0000,1000,999,1000,1,360.8010
9770.0000,977,2769.9402,0.0000,999,998,999,1,357.8844
9780.0000,978,2770.1742,0.0000,1000,1000,1000,1,356.3999
9790.0000,979,2770.4080,0.0000,999,999,1000,1,356.3433
9800.0000,980,2770.6413,0.0000,999,999,1000,1,356.2867
9810.0000,981,2770.8743,0.0000,999,999,1000,1,356.2286
9820.0000,982,2771.1059,0.0000,998,998,999,1,354.0377
9830.0000,983,2771.3378,0.0000,999,999,999,1,353.9846
9840.0000,984,2771.5692,0.0000,999,999,1000,1,353.9312
9850.0000,985,2771.8000,0.0000,1000,1000,1000,1,353.8775
9860.0000,986,2772.0310,0.0000,1000,1000,1000,1,354.5328
9870.0000,987,2772.2612,0.0000,999,999,1000,1,354.4769
9880.0000,988,2772.4904,0.0000,1000,1000,1000,1,353.0045
9890.0000,989,2772.7198,0.0000,999,999,999,1,352.2423
9900.0000,990,2772.9480,0.0000,1000,1000,1000,1,352.8964
9910.0000,991,2773.1762,0.0000,999,999,999,1,352.1330
9920.0000,992,2773.4036,0.0000,1000,1000,1000,1,352.0791
9930.0000,993,2773.6306,0.0000,1000,999,1000,1,352.0245
9940.0000,994,2773.8571,0.0000,999,1000,1000,1,351.9705
9950.0000,995,2774.0828,0.0000,1000,1000,1000,1,351.9165
9960.0000,996,2774.3091,0.0000,1000,1000,1000,1,351.8618
9970.0000,997,2774.5346,0.0000,1000,1000,1000,1,352.5119
9980.0000,998,2774.7596,0.0000,999,1000,999,1,352.4547
9990.0000,999,2774.9836,0.0000,999,999,1000,1,351.6929
10000.0000,1000,2775.2073,0.0000,1000,1000,1000,1,351.6375
10010.0000,1001,2775.4310,0.0000,999,999,1000,1,351.5816
10020.0000,1002,2775.6543,0.0000,1000,1000,1000,1,351.5250
10030.0000,1003,2775.8769,0.0000,999,999,1000,1,351.4679
10040.0000,1004,2776.0983,0.0000,999,999,1000,1,349.3036
10050.0000,1005,2776.3201,0.0000,999,1000,1000,1,349.2493
10060.0000,1006,2776.5424,0.0000,1000,1000,1000,1,349.8962
10070.0000,1007,2776.7638,0.0000,999,999,1000,1,349.8395
10080.0000,1008,2776.9836,0.0000,999,1000,1000,1,349.0801
10090.0000,1009,2777.2037,0.0000,999,1000,1000,1,349.7252
10100.0000,1010,2777.4230,0.0000,1000,1000,1000,1,348.2694
10110.0000,1011,2777.6419,0.0000,1000,1000,1000,1,347.5171
10120.0000,1012,2777.8611,0.0000,1000,1000,1000,1,348.1618
10130.0000,1013,2778.0792,0.0000,1000,999,999,1,348.1104
10140.0000,1014,2778.2969,0.0000,999,1000,1000,1,347.3652
10150.0000,1015,2778.5151,0.0000,1000,1000,1000,1,348.0082
10160.0000,1016,2778.7322,0.0000,999,1000,1000,1,347.2639
10170.0000,1017,2778.9491,0.0000,1000,1000,1000,1,347.9057
10180.0000,1018,2779.1655,0.0000,1000,1000,999,1,347.1611
10190.0000,1019,2779.3811,0.0000,999,1000,1000,1,347.1105
10200.0000,1020,2779.5964,0.0000,999,999,1000,1,346.3741
10210.0000,1021,2779.8110,0.0000,999,1000,1000,1,344.9529
10220.0000,1022,2780.0251,0.0000,999,1000,999,1,344.2222
10230.0000,1023,2780.2392,0.0000,999,999,999,1,343.4928
10240.0000,1024,2780.4523,0.0000,999,1000,1000,1,341.3964
10250.0000,1025,2780.6651,0.0000,1000,1000,1000,1,339.9930
10260.0000,1026,2780.8780,0.0000,999,999,1000,1,339.9576
10270.0000,1027,2781.0905,0.0000,999,999,1000,1,338.5673
10280.0000,1028,2781.3018,0.0000,1000,1000,999,1,337.8589
10290.0000,1029,2781.5135,0.0000,999,1000,1000,1,337.8266
10300.0000,1030,2781.7248,0.0000,1000,1000,1000,1,337.1190
10310.0000,1031,2781.9349,0.0000,999,999,999,1,335.0633
10320.0000,1032,2782.1445,0.0000,999,999,1000,1,335.0336
10330.0000,1033,2782.3530,0.0000,999,999,1000,1,330.9714
10340.0000,1034,2782.5628,0.0000,1000,1000,1000,1,330.2790
10350.0000,1035,2782.7716,0.0000,999,1000,1000,1,330.2575
10360.0000,1036,2782.9808,0.0000,999,1000,1000,1,330.9040
10370.0000,1037,2783.1893,0.0000,999,999,999,1,329.5436
10380.0000,1038,2783.3970,0.0000,1000,1000,1000,1,330.1892
10390.0000,1039,2783.6048,0.0000,999,999,1000,1,330.8339
10400.0000,1040,2783.8115,0.0000,999,1000,1000,1,329.4759
10410.0000,1041,2784.0179,0.0000,999,1000,1000,1,328.1298
10420.0000,1042,2784.2249,0.0000,999,1000,1000,1,328.7746
10430.0000,1043,2784.4307,0.0000,1000,1000,1000,1,328.0948
10440.0000,1044,2784.6359,0.0000,1000,1000,1000,1,327.4153
10450.0000,1045,2784.8410,0.0000,999,1000,1000,1,326.7366
10460.0000,1046,2785.0457,0.0000,1000,1000,1000,1,326.0616
10470.0000,1047,2785.2502,0.0000,1000,1000,1000,1,326.7052
10480.0000,1048,2785.4541,0.0000,999,1000,1000,1,326.0343
10490.0000,1049,2785.6577,0.0000,999,1000,1000,1,326.0201
10500.0000,1050,2785.8615,0.0000,999,1000,1000,1,326.0055
10510.0000,1051,2786.0637,0.0000,1000,999,1000,1,324.6768
10520.0000,1052,2786.2657,0.0000,1000,999,1000,1,324.6619
10530.0000,1053,2786.4680,0.0000,1000,1000,1000,1,323.9925
10540.0000,1054,2786.6693,0.0000,999,1000,1000,1,323.9789
10550.0000,1055,2786.8694,0.0000,999,1000,1000,1,323.3107
10560.0000,1056,2787.0704,0.0000,1000,1000,1000,1,322.6426
10570.0000,1057,2787.2712,0.0000,999,999,1000,1,322.6290
10580.0000,1058,2787.4711,0.0000,999,1000,999,1,321.9621
10590.0000,1059,2787.6708,0.0000,999,1000,1000,1,322.6023
10600.0000,1060,2787.8707,0.0000,1000,999,1000,1,323.2413
10610.0000,1061,2788.0697,0.0000,999,999,1000,1,323.2253
10620.0000,1062,2788.2682,0.0000,1000,1000,1000,1,322.5554
10630.0000,1063,2788.4659,0.0000,998,998,999,1,321.8877
10640.0000,1064,2788.6628,0.0000,998,999,999,1,320.5745
10650.0000,1065,2788.8593,0.0000,1000,1000,1000,1,320.5641
10660.0000,1066,2789.0567,0.0000,1000,1000,1000,1,320.5537
10670.0000,1067,2789.2530,0.0000,1000,1000,1000,1,319.8977
10680.0000,1068,2789.4499,0.0000,999,999,999,1,319.8883
10690.0000,1069,2789.6454,0.0000,1000,1000,999,1,319.2359
10700.0000,1070,2789.8403,0.0000,999,1000,1000,1,317.3216
10710.0000,1071,2790.0354,0.0000,999,1000,1000,1,317.3232
10720.0000,1072,2790.2305,0.0000,999,999,999,1,317.3234
10730.0000,1073,2790.4252,0.0000,999,1000,1000,1,317.3235
10740.0000,1074,2790.6195,0.0000,1000,1000,1000,1,316.6903
10750.0000,1075,2790.8136,0.0000,1000,1000,1000,1,317.3259
10760.0000,1076,2791.0071,0.0000,999,999,1000,1,316.0583
10770.0000,1077,2791.2009,0.0000,999,1000,1000,1,316.6933
10780.0000,1078,2791.3932,0.0000,999,1000,1000,1,316.0586
10790.0000,1079,2791.5850,0.0000,1000,999,1000,1,314.7945
10800.0000,1080,2791.7769,0.0000,1000,1000,1000,1,314.1659
10810.0000,1081,2791.9687,0.0000,999,1000,1000,1,313.5396
10820.0000,1082,2792.1597,0.0000,1000,999,1000,1,312.2854
10830.0000,1083,2792.3508,0.0000,999,999,1000,1,311.6658
10840.0000,1084,2792.5390,0.0000,998,997,998,1,309.7966
10850.0000,1085,2792.7267,0.0000,1000,1000,1000,1,308.5585
10860.0000,1086,2792.9166,0.0000,999,1000,1000,1,308.5708
10870.0000,1087,2793.1067,0.0000,1000,1000,1000,1,307.9595
10880.0000,1088,2793.2961,0.0000,999,1000,1000,1,308.5956
10890.0000,1089,2793.4846,0.0000,999,999,1000,1,307.3593
10900.0000,1090,2793.6726,0.0000,999,999,1000,1,306.7476
10910.0000,1091,2793.8611,0.0000,999,1000,1000,1,306.7592
10920.0000,1092,2794.0497,0.0000,1000,1000,1000,1,307.3941
10930.0000,1093,2794.2371,0.0000,999,1000,999,1,306.1564
10940.0000,1094,2794.4243,0.0000,1000,1000,1000,1,306.1687
10950.0000,1095,2794.6111,0.0000,999,1000,1000,1,306.1805
10960.0000,1096,2794.7974,0.0000,1000,1000,1000,1,305.5705
10970.0000,1097,2794.9838,0.0000,1000,1000,1000,1,306.2036
10980.0000,1098,2795.1695,0.0000,999,1000,1000,1,306.2141
10990.0000,1099,2795.3550,0.0000,999,999,1000,1,304.9856
11000.0000,1100,2795.5403,0.0000,999,1000,1000,1,303.7631
11010.0000,1101,2795.7239,0.0000,999,1000,1000,1,301.9299
11020.0000,1102,2795.9085,0.0000,999,1000,1000,1,301.9488
11030.0000,1103,2796.0923,0.0000,999,1000,1000,1,301.3551
11040.0000,1104,2796.2760,0.0000,999,999,999,1,300.7617
11050.0000,1105,2796.4584,0.0000,1000,999,999,1,299.5572
11060.0000,1106,2796.6411,0.0000,999,999,999,1,298.9646
11070.0000,1107,2796.8235,0.0000,1000,1000,1000,1,299.5978
11080.0000,1108,2797.0057,0.0000,1000,1000,999,1,299.0034
11090.0000,1109,2797.1879,0.0000,1000,999,1000,1,299.0220
11100.0000,1110,2797.3697,0.0000,999,1000,1000,1,299.0415
11110.0000,1111,2797.5518,0.0000,999,1000,1000,1,299.6724
11120.0000,1112,2797.7326,0.0000,1000,1000,1000,1,299.6896
11130.0000,1113,2797.9132,0.0000,999,999,999,1,299.0954
11140.0000,1114,2798.0937,0.0000,999,999,1000,1,299.7245
11150.0000,1115,2798.2730,0.0000,1000,1000,1000,1,297.9135
11160.0000,1116,2798.4527,0.0000,999,1000,1000,1,297.9355
11170.0000,1117,2798.6322,0.0000,1000,1000,1000,1,297.3500
11180.0000,1118,2798.8108,0.0000,1000,1000,1000,1,294.9497
11190.0000,1119,2798.9899,0.0000,999,1000,999,1,294.9751
11200.0000,1120,2799.1672,0.0000,999,1000,1000,1,294.3957
11210.0000,1121,2799.3456,0.0000,1000,999,1000,1,293.8185
11220.0000,1122,2799.5238,0.0000,999,999,999,1,293.2455
11230.0000,1123,2799.7012,0.0000,1000,1000,1000,1,292.6763
11240.0000,1124,2799.8790,0.0000,1000,1000,1000,1,293.3056
11250.0000,1125,2800.0565,0.0000,1000,1000,1000,1,293.9338
11260.0000,1126,2800.2333,0.0000,1000,1000,1000,1,293.9612
11270.0000,1127,2800.4102,0.0000,999,1000,1000,1,294.5877
11280.0000,1128,2800.5854,0.0000,999,999,999,1,292.8166
11290.0000,1129,2800.7611,0.0000,1000,1000,1000,1,292.8454
11300.0000,1130,2800.9364,0.0000,999,1000,1000,1,292.2760
11310.0000,1131,2801.1116,0.0000,999,1000,1000,1,291.7079
11320.0000,1132,2801.2860,0.0000,998,999,1000,1,291.1421
11330.0000,1133,2801.4601,0.0000,998,998,1000,1,289.9823
11340.0000,1134,2801.6338,0.0000,1000,1000,1000,1,288.8309
11350.0000,1135,2801.8078,0.0000,999,1000,1000,1,288.8658
11360.0000,1136,2801.9815,0.0000,999,999,999,1,287.7174
11370.0000,1137,2802.1549,0.0000,999,999,1000,1,288.3438
11380.0000,1138,2802.3273,0.0000,1000,1000,1000,1,287.7852
11390.0000,1139,2802.5004,0.0000,999,1000,1000,1,288.4105
11400.0000,1140,2802.6727,0.0000,999,999,1000,1,288.4428
11410.0000,1141,2802.8438,0.0000,999,1000,999,1,287.2908
11420.0000,1142,2803.0158,0.0000,1000,1000,1000,1,287.9149
11430.0000,1143,2803.1873,0.0000,998,999,1000,1,287.9452
11440.0000,1144,2803.3576,0.0000,999,999,1000,1,286.2051
11450.0000,1145,2803.5276,0.0000,999,1000,1000,1,284.4713
11460.0000,1146,2803.6976,0.0000,1000,1000,1000,1,283.3335
11470.0000,1147,2803.8685,0.0000,1000,1000,1000,1,283.9583
11480.0000,1148,2804.0386,0.0000,1000,1000,1000,1,284.5821
11490.0000,1149,2804.2086,0.0000,999,999,1000,1,285.2047
11500.0000,1150,2804.3783,0.0000,1000,999,1000,1,285.2383
11510.0000,1151,2804.5473,0.0000,999,1000,1000,1,284.0946
11520.0000,1152,2804.7164,0.0000,1000,1000,1000,1,284.1285
11530.0000,1153,2804.8855,0.0000,1000,1000,1000,1,284.7494
11540.0000,1154,2805.0537,0.0000,1000,999,1000,1,284.1998
11550.0000,1155,2805.2215,0.0000,999,999,1000,1,284.2345
11560.0000,1156,2805.3894,0.0000,1000,999,1000,1,284.2691
11570.0000,1157,2805.5570,0.0000,1000,1000,1000,1,284.3050
11580.0000,1158,2805.7233,0.0000,1000,1000,1000,1,282.0180
11590.0000,1159,2805.8905,0.0000,1000,1000,1000,1,282.0596
11600.0000,1160,2806.0576,0.0000,999,1000,1000,1,282.6785
11610.0000,1161,2806.2237,0.0000,1000,1000,1000,1,282.7181
11620.0000,1162,2806.3901,0.0000,1000,1000,1000,1,283.3354
11630.0000,1163,2806.5564,0.0000,1000,1000,1000,1,283.9516
11640.0000,1164,2806.7213,0.0000,1000,1000,1000,1,283.4100
11650.0000,1165,2806.8855,0.0000,1000,999,1000,1,282.2925
11660.0000,1166,2807.0502,0.0000,999,1000,1000,1,281.7552
11670.0000,1167,2807.2145,0.0000,1000,1000,1000,1,281.7954
11680.0000,1168,2807.3781,0.0000,999,999,1000,1,280.6852
11690.0000,1169,2807.5413,0.0000,998,998,999,1,279.5843
11700.0000,1170,2807.7037,0.0000,999,1000,1000,1,278.4984
11710.0000,1171,2807.8675,0.0000,999,1000,1000,1,279.1145
11720.0000,1172,2808.0305,0.0000,999,999,1000,1,278.0293
11730.0000,1173,2808.1927,0.0000,1000,1000,1000,1,277.5119
11740.0000,1174,2808.3556,0.0000,999,1000,1000,1,278.1273
11750.0000,1175,2808.5176,0.0000,999,999,1000,1,277.6082
11760.0000,1176,2808.6793,0.0000,999,999,1000,1,277.6557
11770.0000,1177,2808.8406,0.0000,1000,1000,1000,1,277.1362
11780.0000,1178,2809.0024,0.0000,1000,1000,1000,1,276.6217
11790.0000,1179,2809.1632,0.0000,999,1000,999,1,275.5484
11800.0000,1180,2809.3237,0.0000,999,999,999,1,274.4794
11810.0000,1181,2809.4839,0.0000,1000,1000,1000,1,273.9752
11820.0000,1182,2809.6447,0.0000,999,1000,1000,1,274.5894
11830.0000,1183,2809.8047,0.0000,1000,1000,1000,1,274.6428
11840.0000,1184,2809.9650,0.0000,1000,999,1000,1,275.2554
11850.0000,1185,2810.1250,0.0000,999,1000,1000,1,275.8670
11860.0000,1186,2810.2842,0.0000,998,998,998,1,275.3582
11870.0000,1187,2810.4429,0.0000,999,1000,1000,1,275.9684
11880.0000,1188,2810.6016,0.0000,999,1000,1000,1,276.0185
11890.0000,1189,2810.7598,0.0000,999,999,1000,1,276.0677
11900.0000,1190,2810.9175,0.0000,1000,999,1000,1,274.9977
11910.0000,1191,2811.0753,0.0000,1000,1000,1000,1,275.0468
11920.0000,1192,2811.2317,0.0000,999,1000,1000,1,273.9776
11930.0000,1193,2811.3889,0.0000,1000,1000,1000,1,272.9146
11940.0000,1194,2811.5459,0.0000,999,1000,1000,1,272.9669
11950.0000,1195,2811.7033,0.0000,999,1000,1000,1,273.5753
11960.0000,1196,2811.8601,0.0000,999,1000,1000,1,273.6249
11970.0000,1197,2812.0165,0.0000,1000,1000,1000,1,273.1167
11980.0000,1198,2812.1728,0.0000,1000,1000,1000,1,273.7234
11990.0000,1199,2812.3288,0.0000,999,1000,1000,1,273.7711
12000.0000,1200,2812.4841,0.0000,999,1000,1000,1,273.8180
12010.0000,1201,2812.6398,0.0000,1000,1000,1000,1,273.3069
12020.0000,1202,2812.7950,0.0000,999,999,999,1,273.3536
12030.0000,1203,2812.9497,0.0000,1000,1000,1000,1,273.4008
12040.0000,1204,2813.1047,0.0000,999,1000,1000,1,274.0043
12050.0000,1205,2813.2593,0.0000,999,1000,1000,1,274.6067
12060.0000,1206,2813.4133,0.0000,999,999,1000,1,275.2082
12070.0000,1207,2813.5676,0.0000,1000,1000,1000,1,275.8087
12080.0000,1208,2813.7216,0.0000,1000,1000,1000,1,276.4082
12090.0000,1209,2813.8752,0.0000,999,1000,1000,1,276.4476
12100.0000,1210,2814.0271,0.0000,999,999,1000,1,275.9267
12110.0000,1211,2814.1796,0.0000,999,1000,999,1,275.9652
12120.0000,1212,2814.3324,0.0000,1000,1000,1000,1,276.5625
12130.0000,1213,2814.4850,0.0000,1000,1000,1000,1,276.5991
12140.0000,1214,2814.6362,0.0000,999,999,1000,1,276.6349
12150.0000,1215,2814.7877,0.0000,1000,999,1000,1,276.6699
12160.0000,1216,2814.9395,0.0000,999,1000,1000,1,277.2648
12170.0000,1217,2815.0908,0.0000,1000,999,1000,1,276.1785
12180.0000,1218,2815.2420,0.0000,1000,1000,1000,1,276.2135
12190.0000,1219,2815.3919,0.0000,999,999,999,1,274.0094
12200.0000,1220,2815.5419,0.0000,1000,998,1000,1,272.9257
12210.0000,1221,2815.6919,0.0000,1000,1000,1000,1,272.4026
12220.0000,1222,2815.8423,0.0000,999,1000,1000,1,272.9980
12230.0000,1223,2815.9920,0.0000,1000,1000,1000,1,272.4732
12240.0000,1224,2816.1420,0.0000,999,1000,1000,1,273.0676
12250.0000,1225,2816.2917,0.0000,1000,1000,1000,1,273.1009
12260.0000,1226,2816.4406,0.0000,999,999,999,1,273.1338
12270.0000,1227,2816.5896,0.0000,1000,1000,1000,1,273.7262
12280.0000,1228,2816.7385,0.0000,999,1000,999,1,273.7570
12290.0000,1229,2816.8866,0.0000,999,1000,999,1,273.7873
12300.0000,1230,2817.0348,0.0000,999,999,1000,1,273.8177
12310.0000,1231,2817.1826,0.0000,1000,1000,1000,1,273.8475
12320.0000,1232,2817.3300,0.0000,999,1000,999,1,273.3161
12330.0000,1233,2817.4775,0.0000,999,999,1000,1,273.9054
12340.0000,1234,2817.6244,0.0000,999,1000,1000,1,274.4938
12350.0000,1235,2817.7712,0.0000,1000,999,1000,1,274.5217
12360.0000,1236,2817.9185,0.0000,1000,1000,1000,1,275.1087
12370.0000,1237,2818.0646,0.0000,999,999,999,1,275.1373
12380.0000,1238,2818.2109,0.0000,1000,1000,1000,1,275.1668
12390.0000,1239,2818.3568,0.0000,1000,1000,1000,1,274.6405
12400.0000,1240,2818.5025,0.0000,1000,1000,1000,1,274.6698
12410.0000,1241,2818.6482,0.0000,999,999,1000,1,275.2543
12420.0000,1242,2818.7935,0.0000,1000,1000,1000,1,275.8378
12430.0000,1243,2818.9388,0.0000,1000,1000,1000,1,275.3087
12440.0000,1244,2819.0835,0.0000,1000,999,1000,1,275.3362
12450.0000,1245,2819.2276,0.0000,1000,1000,1000,1,274.8106
12460.0000,1246,2819.3724,0.0000,1000,1000,999,1,274.8391
12470.0000,1247,2819.5163,0.0000,999,1000,1000,1,275.4206
12480.0000,1248,2819.6598,0.0000,999,999,1000,1,274.8954
12490.0000,1249,2819.8038,0.0000,1000,1000,1000,1,275.4759
12500.0000,1250,2819.9472,0.0000,999,1000,1000,1,275.5023
12510.0000,1251,2820.0905,0.0000,1000,999,1000,1,276.0815
12520.0000,1252,2820.2338,0.0000,999,999,1000,1,276.6597
12530.0000,1253,2820.3762,0.0000,1000,1000,1000,1,276.1283
12540.0000,1254,2820.5192,0.0000,1000,1000,1000,1,276.7055
12550.0000,1255,2820.6619,0.0000,1000,1000,1000,1,276.7267
12560.0000,1256,2820.8040,0.0000,1000,999,1000,1,276.1934
12570.0000,1257,2820.9460,0.0000,1000,1000,1000,1,276.2153
12580.0000,1258,2821.0877,0.0000,1000,1000,1000,1,276.2363
12590.0000,1259,2821.2285,0.0000,1000,999,999,1,276.2563
12600.0000,1260,2821.3697,0.0000,1000,1000,1000,1,276.8304
12610.0000,1261,2821.5106,0.0000,1000,1000,1000,1,276.8496
12620.0000,1262,2821.6514,0.0000,1000,1000,1000,1,277.4226
12630.0000,1263,2821.7923,0.0000,1000,1000,1000,1,277.9947
12640.0000,1264,2821.9318,0.0000,999,1000,1000,1,278.0110
12650.0000,1265,2822.0721,0.0000,999,999,1000,1,278.0268
12660.0000,1266,2822.2119,0.0000,1000,999,999,1,278.0414
12670.0000,1267,2822.3512,0.0000,1000,999,999,1,277.5000
12680.0000,1268,2822.4900,0.0000,999,999,999,1,277.5140
12690.0000,1269,2822.6295,0.0000,1000,1000,1000,1,278.0832
12700.0000,1270,2822.7680,0.0000,1000,1000,1000,1,278.0954
12710.0000,1271,2822.9069,0.0000,999,1000,1000,1,278.6634
12720.0000,1272,2823.0453,0.0000,999,999,999,1,278.1170
12730.0000,1273,2823.1827,0.0000,999,999,999,1,276.4631
12740.0000,1274,2823.3204,0.0000,1000,1000,1000,1,275.3706
12750.0000,1275,2823.4587,0.0000,999,1000,1000,1,275.9389
12760.0000,1276,2823.5966,0.0000,999,999,1000,1,275.9537
12770.0000,1277,2823.7328,0.0000,999,999,1000,1,275.4161
12780.0000,1278,2823.8696,0.0000,999,999,999,1,274.8791
12790.0000,1279,2824.0066,0.0000,1000,1000,1000,1,274.8942
12800.0000,1280,2824.1432,0.0000,999,999,999,1,274.3565
12810.0000,1281,2824.2794,0.0000,1000,1000,1000,1,274.3709
12820.0000,1282,2824.4161,0.0000,1000,999,1000,1,274.9369
12830.0000,1283,2824.5525,0.0000,999,1000,1000,1,275.5020
12840.0000,1284,2824.6884,0.0000,999,999,1000,1,275.5137
12850.0000,1285,2824.8240,0.0000,999,999,999,1,274.4258
12860.0000,1286,2824.9593,0.0000,999,1000,1000,1,274.4408
12870.0000,1287,2825.0946,0.0000,1000,999,1000,1,273.9079
12880.0000,1288,2825.2297,0.0000,1000,1000,1000,1,273.3770
12890.0000,1289,2825.3640,0.0000,999,999,1000,1,273.3928
12900.0000,1290,2825.4984,0.0000,999,1000,1000,1,272.3163
12910.0000,1291,2825.6332,0.0000,1000,1000,1000,1,272.8800
12920.0000,1292,2825.7679,0.0000,1000,1000,1000,1,272.8965
12930.0000,1293,2825.9009,0.0000,998,1000,1000,1,272.3663
12940.0000,1294,2826.0350,0.0000,999,999,1000,1,272.3838
12950.0000,1295,2826.1683,0.0000,1000,1000,1000,1,272.4013
12960.0000,1296,2826.3017,0.0000,1000,999,1000,1,272.4191
12970.0000,1297,2826.4350,0.0000,999,1000,999,1,271.8947
12980.0000,1298,2826.5675,0.0000,1000,1000,1000,1,271.3708
12990.0000,1299,2826.7000,0.0000,999,999,999,1,269.7636
13000.0000,1300,2826.8328,0.0000,999,999,1000,1,270.3253
13010.0000,1301,2826.9654,0.0000,999,1000,1000,1,270.3452
13020.0000,1302,2827.0969,0.0000,1000,999,999,1,269.8237
13030.0000,1303,2827.2285,0.0000,1000,999,1000,1,270.3839
13040.0000,1304,2827.3599,0.0000,999,999,1000,1,269.8609
13050.0000,1305,2827.4913,0.0000,999,999,999,1,269.3399
13060.0000,1306,2827.6223,0.0000,1000,1000,999,1,268.2807
13070.0000,1307,2827.7517,0.0000,1000,999,998,1,267.2238
13080.0000,1308,2827.8817,0.0000,1000,1000,1000,1,267.2452
13090.0000,1309,2828.0123,0.0000,1000,1000,1000,1,267.2665
13100.0000,1310,2828.1428,0.0000,999,999,999,1,267.2877
13110.0000,1311,2828.2729,0.0000,999,1000,1000,1,267.3085
13120.0000,1312,2828.4035,0.0000,1000,1000,1000,1,267.8669
13130.0000,1313,2828.5333,0.0000,1000,999,1000,1,267.8861
13140.0000,1314,2828.6628,0.0000,999,1000,1000,1,267.3702
13150.0000,1315,2828.7919,0.0000,999,999,999,1,266.8572
13160.0000,1316,2828.9208,0.0000,999,999,999,1,266.3476
13170.0000,1317,2829.0499,0.0000,999,999,999,1,266.3720
13180.0000,1318,2829.1781,0.0000,1000,999,999,1,266.3987
13190.0000,1319,2829.3068,0.0000,1000,1000,1000,1,265.8963
13200.0000,1320,2829.4353,0.0000,999,1000,999,1,265.9237
13210.0000,1321,2829.5635,0.0000,999,1000,1000,1,264.8966
13220.0000,1322,2829.6911,0.0000,998,998,1000,1,264.9257
13230.0000,1323,2829.8191,0.0000,1000,1000,1000,1,265.4813
13240.0000,1324,2829.9473,0.0000,1000,1000,1000,1,264.9818
13250.0000,1325,2830.0747,0.0000,1000,999,1000,1,263.9562
13260.0000,1326,2830.2024,0.0000,999,999,1000,1,263.9853
13270.0000,1327,2830.3297,0.0000,1000,1000,1000,1,264.0144
13280.0000,1328,2830.4570,0.0000,999,1000,1000,1,264.0429
13290.0000,1329,2830.5840,0.0000,999,999,999,1,264.0706
13300.0000,1330,2830.7103,0.0000,998,999,1000,1,262.5234
13310.0000,1331,2830.8367,0.0000,999,1000,1000,1,262.0279
13320.0000,1332,2830.9632,0.0000,999,1000,1000,1,262.5819
13330.0000,1333,2831.0893,0.0000,999,1000,1000,1,263.1352
13340.0000,1334,2831.2154,0.0000,1000,1000,1000,1,263.1619
13350.0000,1335,2831.3413,0.0000,1000,999,1000,1,263.7138
13360.0000,1336,2831.4669,0.0000,1000,999,1000,1,262.6920
13370.0000,1337,2831.5925,0.0000,1000,1000,1000,1,263.2434
13380.0000,1338,2831.7175,0.0000,1000,1000,1000,1,263.2702
13390.0000,1339,2831.8428,0.0000,1000,1000,1000,1,263.8204
13400.0000,1340,2831.9676,0.0000,1000,1000,1000,1,263.8463
13410.0000,1341,2832.0923,0.0000,999,1000,1000,1,264.3952
13420.0000,1342,2832.2167,0.0000,1000,1000,1000,1,264.4194
13430.0000,1343,2832.3413,0.0000,998,998,999,1,264.4435
13440.0000,1344,2832.4649,0.0000,999,1000,1000,1,264.4691
13450.0000,1345,2832.5887,0.0000,1000,999,1000,1,263.4507
13460.0000,1346,2832.7121,0.0000,999,999,999,1,262.9553
13470.0000,1347,2832.8351,0.0000,999,999,1000,1,262.9838
13480.0000,1348,2832.9588,0.0000,1000,999,1000,1,263.5306
13490.0000,1349,2833.0821,0.0000,1000,1000,1000,1,264.0765
13500.0000,1350,2833.2053,0.0000,999,1000,1000,1,264.6216
13510.0000,1351,2833.3278,0.0000,999,999,1000,1,263.6156
13520.0000,1352,2833.4508,0.0000,999,1000,1000,1,264.1603
13530.0000,1353,2833.5732,0.0000,1000,1000,1000,1,264.1874
13540.0000,1354,2833.6949,0.0000,1000,1000,1000,1,263.6974
13550.0000,1355,2833.8165,0.0000,999,999,999,1,261.1560
13560.0000,1356,2833.9382,0.0000,999,1000,1000,1,261.1890
13570.0000,1357,2834.0597,0.0000,1000,1000,1000,1,261.2219
13580.0000,1358,2834.1811,0.0000,999,1000,1000,1,261.2539
13590.0000,1359,2834.3027,0.0000,1000,1000,1000,1,261.2863
13600.0000,1360,2834.4241,0.0000,1000,1000,1000,1,261.3184
13610.0000,1361,2834.5452,0.0000,1000,1000,1000,1,261.3500
13620.0000,1362,2834.6661,0.0000,1000,1000,1000,1,261.3813
13630.0000,1363,2834.7870,0.0000,999,1000,1000,1,261.9232
13640.0000,1364,2834.9073,0.0000,999,1000,1000,1,261.9530
13650.0000,1365,2835.0273,0.0000,1000,999,1000,1,261.4708
13660.0000,1366,2835.1464,0.0000,999,999,1000,1,260.4798
13670.0000,1367,2835.2664,0.0000,999,999,1000,1,261.0207
13680.0000,1368,2835.3858,0.0000,999,998,1000,1,260.5402
13690.0000,1369,2835.5049,0.0000,1000,1000,1000,1,260.0614
13700.0000,1370,2835.6245,0.0000,999,1000,1000,1,260.6015
13710.0000,1371,2835.7439,0.0000,1000,1000,1000,1,261.1408
13720.0000,1372,2835.8626,0.0000,1000,1000,1000,1,261.1694
13730.0000,1373,2835.9809,0.0000,1000,999,1000,1,259.6742
13740.0000,1374,2836.0996,0.0000,1000,1000,1000,1,259.1994
13750.0000,1375,2836.2179,0.0000,1000,1000,1000,1,259.2317
13760.0000,1376,2836.3363,0.0000,999,1000,1000,1,259.2644
13770.0000,1377,2836.4549,0.0000,1000,1000,1000,1,259.8023
13780.0000,1378,2836.5732,0.0000,999,999,1000,1,259.3273
13790.0000,1379,2836.6911,0.0000,999,999,1000,1,259.8644
13800.0000,1380,2836.8086,0.0000,1000,1000,1000,1,259.3884
13810.0000,1381,2836.9261,0.0000,999,1000,1000,1,259.4180
13820.0000,1382,2837.0437,0.0000,1000,1000,1000,1,259.9538
13830.0000,1383,2837.1608,0.0000,1000,1000,1000,1,259.9827
13840.0000,1384,2837.2779,0.0000,999,1000,999,1,260.0107
13850.0000,1385,2837.3948,0.0000,999,999,999,1,260.0391
13860.0000,1386,2837.5112,0.0000,1000,999,1000,1,260.0669
13870.0000,1387,2837.6272,0.0000,1000,999,1000,1,259.0857
13880.0000,1388,2837.7426,0.0000,1000,1000,1000,1,258.1052
13890.0000,1389,2837.8589,0.0000,999,1000,1000,1,258.1351
13900.0000,1390,2837.9750,0.0000,999,999,999,1,258.1641
13910.0000,1391,2838.0911,0.0000,999,1000,1000,1,258.6973
13920.0000,1392,2838.2062,0.0000,999,999,1000,1,257.7161
13930.0000,1393,2838.3221,0.0000,999,1000,1000,1,258.2490
13940.0000,1394,2838.4367,0.0000,999,999,1000,1,255.7598
13950.0000,1395,2838.5518,0.0000,1000,1000,1000,1,255.7900
13960.0000,1396,2838.6668,0.0000,999,1000,1000,1,255.3172
13970.0000,1397,2838.7819,0.0000,1000,1000,1000,1,255.8503
13980.0000,1398,2838.8961,0.0000,1000,1000,1000,1,255.3763
13990.0000,1399,2839.0103,0.0000,999,999,1000,1,254.9022
14000.0000,1400,2839.1250,0.0000,999,999,1000,1,254.9311
14010.0000,1401,2839.2395,0.0000,1000,1000,1000,1,255.4629
14020.0000,1402,2839.3533,0.0000,999,999,1000,1,254.9850
14030.0000,1403,2839.4671,0.0000,999,1000,1000,1,255.0123
14040.0000,1404,2839.5798,0.0000,1000,1000,1000,1,254.0374
14050.0000,1405,2839.6937,0.0000,1000,1000,1000,1,254.5683
14060.0000,1406,2839.8070,0.0000,999,1000,1000,1,254.5975
14070.0000,1407,2839.9198,0.0000,997,997,998,1,254.1262
14080.0000,1408,2840.0294,0.0000,998,998,999,1,252.1596
14090.0000,1409,2840.1423,0.0000,1000,1000,1000,1,252.1922
14100.0000,1410,2840.2550,0.0000,1000,1000,1000,1,251.7258
14110.0000,1411,2840.3669,0.0000,1000,999,1000,1,251.2601
14120.0000,1412,2840.4795,0.0000,1000,1000,1000,1,251.7903
14130.0000,1413,2840.5921,0.0000,1000,999,1000,1,252.3199
14140.0000,1414,2840.7045,0.0000,1000,1000,1000,1,252.8486
14150.0000,1415,2840.8166,0.0000,999,999,1000,1,252.8773
14160.0000,1416,2840.9277,0.0000,1000,1000,1000,1,252.4083
14170.0000,1417,2841.0390,0.0000,999,998,1000,1,251.4427
14180.0000,1418,2841.1502,0.0000,999,1000,1000,1,251.4733
14190.0000,1419,2841.2618,0.0000,999,1000,1000,1,252.0008
14200.0000,1420,2841.3729,0.0000,1000,1000,1000,1,251.5322
14210.0000,1421,2841.4832,0.0000,999,1000,999,1,250.5679
14220.0000,1422,2841.5941,0.0000,999,1000,1000,1,251.0948
14230.0000,1423,2841.7047,0.0000,999,1000,1000,1,251.1240
14240.0000,1424,2841.8146,0.0000,1000,999,999,1,250.6578
14250.0000,1425,2841.9246,0.0000,1000,1000,1000,1,250.6878
14260.0000,1426,2842.0352,0.0000,999,999,1000,1,251.2133
14270.0000,1427,2842.1454,0.0000,1000,999,1000,1,251.7380
14280.0000,1428,2842.2550,0.0000,999,1000,1000,1,250.7732
14290.0000,1429,2842.3644,0.0000,1000,1000,1000,1,250.3091
14300.0000,1430,2842.4739,0.0000,1000,1000,1000,1,250.3394
14310.0000,1431,2842.5834,0.0000,1000,1000,1000,1,250.3694
14320.0000,1432,2842.6930,0.0000,1000,1000,1000,1,250.8929
14330.0000,1433,2842.8025,0.0000,999,999,1000,1,250.9213
14340.0000,1434,2842.9113,0.0000,1000,1000,1000,1,250.4559
14350.0000,1435,2843.0196,0.0000,999,998,998,1,249.5002
14360.0000,1436,2843.1274,0.0000,999,1000,1000,1,249.0392
14370.0000,1437,2843.2357,0.0000,1000,1000,1000,1,248.5806
14380.0000,1438,2843.3442,0.0000,999,1000,1000,1,248.6131
14390.0000,1439,2843.4517,0.0000,1000,1000,1000,1,247.1777
14400.0000,1440,2843.5598,0.0000,1000,1000,1000,1,247.7005
14410.0000,1441,2843.6676,0.0000,1000,1000,1000,1,247.7331
14420.0000,1442,2843.7755,0.0000,1000,1000,1000,1,247.7653
14430.0000,1443,2843.8831,0.0000,998,998,999,1,247.7976
14440.0000,1444,2843.9902,0.0000,999,999,1000,1,246.3683
14450.0000,1445,2844.0974,0.0000,1000,1000,1000,1,246.8899
14460.0000,1446,2844.2048,0.0000,999,1000,1000,1,246.9236
14470.0000,1447,2844.3118,0.0000,1000,1000,1000,1,246.9572
14480.0000,1448,2844.4183,0.0000,998,998,999,1,246.0177
14490.0000,1449,2844.5244,0.0000,1000,1000,1000,1,244.6003
14500.0000,1450,2844.6312,0.0000,999,1000,1000,1,245.1213
14510.0000,1451,2844.7380,0.0000,1000,1000,1000,1,245.6416
14520.0000,1452,2844.8442,0.0000,1000,1000,1000,1,244.7091
14530.0000,1453,2844.9504,0.0000,999,1000,999,1,244.2612
14540.0000,1454,2845.0565,0.0000,999,1000,999,1,244.2982
14550.0000,1455,2845.1627,0.0000,999,1000,1000,1,244.8175
14560.0000,1456,2845.2678,0.0000,998,998,1000,1,244.3714
14570.0000,1457,2845.3728,0.0000,999,999,1000,1,242.9687
14580.0000,1458,2845.4782,0.0000,1000,1000,1000,1,243.4879
14590.0000,1459,2845.5834,0.0000,999,999,999,1,243.5260
14600.0000,1460,2845.6880,0.0000,1000,1000,1000,1,242.1233
14610.0000,1461,2845.7929,0.0000,999,1000,1000,1,242.1620
14620.0000,1462,2845.8982,0.0000,1000,1000,1000,1,242.6804
14630.0000,1463,2846.0027,0.0000,999,1000,1000,1,242.2371
14640.0000,1464,2846.1071,0.0000,1000,1000,1000,1,242.2745
14650.0000,1465,2846.2115,0.0000,999,999,1000,1,242.3112
14660.0000,1466,2846.3157,0.0000,999,1000,1000,1,242.3475
14670.0000,1467,2846.4200,0.0000,1000,1000,1000,1,242.3832
14680.0000,1468,2846.5240,0.0000,998,999,999,1,241.9373
14690.0000,1469,2846.6278,0.0000,999,1000,1000,1,242.4532
14700.0000,1470,2846.7315,0.0000,1000,1000,1000,1,242.4871
14710.0000,1471,2846.8348,0.0000,999,1000,999,1,242.0403
14720.0000,1472,2846.9376,0.0000,999,999,1000,1,240.6367
14730.0000,1473,2847.0403,0.0000,999,1000,1000,1,238.7625
14740.0000,1474,2847.1435,0.0000,1000,1000,1000,1,238.3248
14750.0000,1475,2847.2465,0.0000,999,999,999,1,237.8864
14760.0000,1476,2847.3492,0.0000,1000,1000,1000,1,237.9264
14770.0000,1477,2847.4521,0.0000,999,1000,1000,1,238.4423
14780.0000,1478,2847.5543,0.0000,998,1000,999,1,236.5889
14790.0000,1479,2847.6566,0.0000,1000,1000,1000,1,236.6346
14800.0000,1480,2847.7587,0.0000,999,999,1000,1,237.1504
14810.0000,1481,2847.8610,0.0000,1000,1000,1000,1,236.7232
14820.0000,1482,2847.9632,0.0000,999,999,1000,1,236.7668
14830.0000,1483,2848.0650,0.0000,1000,999,1000,1,235.8689
14840.0000,1484,2848.1669,0.0000,1000,1000,1000,1,236.3838
14850.0000,1485,2848.2687,0.0000,999,999,999,1,235.9578
14860.0000,1486,2848.3699,0.0000,999,1000,1000,1,236.4718
14870.0000,1487,2848.4713,0.0000,1000,999,1000,1,236.9852
14880.0000,1488,2848.5724,0.0000,999,999,1000,1,237.0282
14890.0000,1489,2848.6727,0.0000,999,1000,1000,1,236.6025
14900.0000,1490,2848.7739,0.0000,1000,1000,1000,1,236.1781
14910.0000,1491,2848.8746,0.0000,999,999,999,1,235.2928
14920.0000,1492,2848.9755,0.0000,1000,1000,1000,1,235.8053
14930.0000,1493,2849.0761,0.0000,1000,999,1000,1,235.3869
14940.0000,1494,2849.1768,0.0000,1000,999,1000,1,235.8987
14950.0000,1495,2849.2772,0.0000,1000,1000,1000,1,235.9446
14960.0000,1496,2849.3775,0.0000,1000,1000,1000,1,236.4554
14970.0000,1497,2849.4778,0.0000,1000,1000,1000,1,236.9654
14980.0000,1498,2849.5776,0.0000,999,1000,1000,1,236.5445
14990.0000,1499,2849.6774,0.0000,999,999,1000,1,235.6638
15000.0000,1500,2849.7767,0.0000,999,1000,1000,1,235.2494
15010.0000,1501,2849.8764,0.0000,1000,1000,1000,1,235.7589
15020.0000,1502,2849.9754,0.0000,1000,1000,1000,1,234.8815
15030.0000,1503,2850.0742,0.0000,999,999,999,1,234.4668
15040.0000,1504,2850.1717,0.0000,998,1000,999,1,232.6718
15050.0000,1505,2850.2699,0.0000,999,1000,1000,1,231.8009
15060.0000,1506,2850.3681,0.0000,999,999,1000,1,230.0130
15070.0000,1507,2850.4671,0.0000,1000,1000,999,1,230.0657
15080.0000,1508,2850.5658,0.0000,999,1000,1000,1,230.5763
15090.0000,1509,2850.6646,0.0000,999,1000,1000,1,231.0862
15100.0000,1510,2850.7631,0.0000,999,999,1000,1,231.5954
15110.0000,1511,2850.8616,0.0000,1000,1000,1000,1,232.1039
15120.0000,1512,2850.9595,0.0000,998,999,999,1,231.2338
15130.0000,1513,2851.0572,0.0000,1000,1000,1000,1,231.7419
15140.0000,1514,2851.1548,0.0000,999,1000,1000,1,231.3313
15150.0000,1515,2851.2528,0.0000,999,1000,1000,1,231.8386
15160.0000,1516,2851.3501,0.0000,1000,999,1000,1,231.4261
15170.0000,1517,2851.4478,0.0000,999,1000,1000,1,231.9328
15180.0000,1518,2851.5453,0.0000,1000,1000,1000,1,232.4388
15190.0000,1519,2851.6423,0.0000,1000,1000,1000,1,232.0251
15200.0000,1520,2851.7393,0.0000,999,1000,1000,1,231.6120
15210.0000,1521,2851.8357,0.0000,999,1000,1000,1,230.7402
15220.0000,1522,2851.9327,0.0000,1000,1000,1000,1,230.7875
15230.0000,1523,2852.0296,0.0000,999,1000,1000,1,231.2925
15240.0000,1524,2852.1258,0.0000,999,1000,1000,1,231.3376
15250.0000,1525,2852.2222,0.0000,1000,1000,1000,1,231.3825
15260.0000,1526,2852.3183,0.0000,1000,1000,1000,1,230.9689
15270.0000,1527,2852.4141,0.0000,1000,999,999,1,230.5549
15280.0000,1528,2852.5096,0.0000,999,1000,1000,1,230.1445
15290.0000,1529,2852.6059,0.0000,1000,1000,1000,1,230.6480
15300.0000,1530,2852.7019,0.0000,1000,999,1000,1,231.1509
15310.0000,1531,2852.7963,0.0000,1000,1000,1000,1,229.8263
15320.0000,1532,2852.8918,0.0000,1000,999,999,1,229.8729
15330.0000,1533,2852.9873,0.0000,1000,1000,1000,1,229.9191
15340.0000,1534,2853.0825,0.0000,1000,1000,1000,1,229.5113
15350.0000,1535,2853.1779,0.0000,999,1000,999,1,229.5591
15360.0000,1536,2853.2728,0.0000,999,1000,1000,1,229.1540
15370.0000,1537,2853.3678,0.0000,1000,1000,1000,1,229.6555
15380.0000,1538,2853.4625,0.0000,999,1000,1000,1,229.2522
15390.0000,1539,2853.5573,0.0000,1000,1000,1000,1,229.3010
15400.0000,1540,2853.6520,0.0000,1000,1000,1000,1,229.8015
15410.0000,1541,2853.7465,0.0000,999,1000,1000,1,229.8497
15420.0000,1542,2853.8408,0.0000,999,1000,1000,1,229.8979
15430.0000,1543,2853.9349,0.0000,999,999,1000,1,229.4938
15440.0000,1544,2854.0294,0.0000,999,1000,1000,1,229.9928
15450.0000,1545,2854.1232,0.0000,999,1000,1000,1,230.0396
15460.0000,1546,2854.2172,0.0000,1000,1000,1000,1,230.0857
15470.0000,1547,2854.3111,0.0000,999,1000,1000,1,229.2281
15480.0000,1548,2854.4046,0.0000,999,999,1000,1,229.2755
15490.0000,1549,2854.4979,0.0000,1000,1000,1000,1,229.3231
15500.0000,1550,2854.5907,0.0000,999,1000,999,1,228.0213
15510.0000,1551,2854.6837,0.0000,1000,1000,999,1,227.6225
15520.0000,1552,2854.7769,0.0000,999,1000,1000,1,228.1200
15530.0000,1553,2854.8696,0.0000,999,1000,1000,1,227.7207
15540.0000,1554,2854.9622,0.0000,999,999,1000,1,226.4260
15550.0000,1555,2855.0548,0.0000,999,1000,1000,1,226.9234
15560.0000,1556,2855.1469,0.0000,1000,1000,999,1,226.5244
15570.0000,1557,2855.2395,0.0000,999,1000,1000,1,227.0211
15580.0000,1558,2855.3316,0.0000,1000,1000,1000,1,226.6214
15590.0000,1559,2855.4241,0.0000,999,999,999,1,226.6691
15600.0000,1560,2855.5156,0.0000,1000,1000,1000,1,225.3756
15610.0000,1561,2855.6072,0.0000,1000,1000,1000,1,225.4262
15620.0000,1562,2855.6991,0.0000,999,1000,999,1,225.4766
15630.0000,1563,2855.7906,0.0000,999,999,1000,1,225.0854
15640.0000,1564,2855.8823,0.0000,999,999,1000,1,224.6992
15650.0000,1565,2855.9740,0.0000,1000,1000,1000,1,225.1946
15660.0000,1566,2856.0650,0.0000,999,999,999,1,223.0477
15670.0000,1567,2856.1561,0.0000,999,999,999,1,222.6641
15680.0000,1568,2856.2474,0.0000,1000,1000,1000,1,223.1598
15690.0000,1569,2856.3383,0.0000,999,999,999,1,222.3378
15700.0000,1570,2856.4293,0.0000,999,999,1000,1,221.9568
15710.0000,1571,2856.5193,0.0000,1000,999,1000,1,221.5777
15720.0000,1572,2856.6103,0.0000,999,1000,1000,1,222.0729
15730.0000,1573,2856.7010,0.0000,999,1000,1000,1,222.5674
15740.0000,1574,2856.7917,0.0000,1000,999,1000,1,223.0614
15750.0000,1575,2856.8819,0.0000,1000,1000,1000,1,222.6780
15760.0000,1576,2856.9724,0.0000,1000,1000,1000,1,223.1713
15770.0000,1577,2857.0629,0.0000,1000,1000,1000,1,223.6639
15780.0000,1578,2857.1532,0.0000,999,999,999,1,223.7169
15790.0000,1579,2857.2429,0.0000,1000,1000,1000,1,223.3311
15800.0000,1580,2857.3325,0.0000,999,999,999,1,222.9495
15810.0000,1581,2857.4214,0.0000,999,999,999,1,221.7101
15820.0000,1582,2857.5106,0.0000,1000,1000,999,1,220.0437
15830.0000,1583,2857.5996,0.0000,1000,999,1000,1,218.8128
15840.0000,1584,2857.6886,0.0000,1000,999,1000,1,218.4456
15850.0000,1585,2857.7773,0.0000,999,1000,999,1,218.0780
15860.0000,1586,2857.8657,0.0000,999,999,1000,1,217.2806
15870.0000,1587,2857.9544,0.0000,1000,1000,1000,1,217.3438
15880.0000,1588,2858.0432,0.0000,1000,1000,999,1,216.9763
15890.0000,1589,2858.1318,0.0000,1000,999,1000,1,217.4691
15900.0000,1590,2858.2200,0.0000,1000,999,1000,1,217.1008
15910.0000,1591,2858.3084,0.0000,999,999,999,1,217.1625
15920.0000,1592,2858.3961,0.0000,999,999,1000,1,216.3646
15930.0000,1593,2858.4843,0.0000,999,1000,999,1,215.9984
15940.0000,1594,2858.5717,0.0000,1000,1000,1000,1,215.2045
15950.0000,1595,2858.6596,0.0000,999,1000,1000,1,214.8418
15960.0000,1596,2858.7472,0.0000,999,1000,1000,1,213.6249
15970.0000,1597,2858.8351,0.0000,999,1000,1000,1,213.2646
15980.0000,1598,2858.9230,0.0000,1000,1000,1000,1,213.3305
15990.0000,1599,2859.0110,0.0000,999,1000,1000,1,213.8225
16000.0000,1600,2859.0986,0.0000,1000,1000,1000,1,213.8870
16010.0000,1601,2859.1865,0.0000,1000,1000,1000,1,214.3780
16020.0000,1602,2859.2740,0.0000,999,999,1000,1,214.8684
16030.0000,1603,2859.3611,0.0000,999,1000,1000,1,214.5031
16040.0000,1604,2859.4479,0.0000,1000,1000,1000,1,214.1383
16050.0000,1605,2859.5353,0.0000,999,999,1000,1,214.6280
16060.0000,1606,2859.6222,0.0000,998,999,1000,1,214.2634
16070.0000,1607,2859.7080,0.0000,999,1000,1000,1,212.6232
16080.0000,1608,2859.7947,0.0000,999,1000,1000,1,212.6878
16090.0000,1609,2859.8813,0.0000,1000,1000,1000,1,212.7544
16100.0000,1610,2859.9677,0.0000,999,1000,1000,1,212.3978
16110.0000,1611,2860.0541,0.0000,1000,1000,1000,1,212.4641
16120.0000,1612,2860.1396,0.0000,999,1000,1000,1,211.6861
16130.0000,1613,2860.2259,0.0000,999,1000,1000,1,211.7539
16140.0000,1614,2860.3121,0.0000,1000,1000,1000,1,211.8212
16150.0000,1615,2860.3983,0.0000,1000,1000,1000,1,212.3093
16160.0000,1616,2860.4844,0.0000,999,1000,1000,1,212.7967
16170.0000,1617,2860.5702,0.0000,998,999,999,1,212.0211
16180.0000,1618,2860.6551,0.0000,1000,1000,999,1,211.6700
16190.0000,1619,2860.7407,0.0000,998,999,1000,1,211.7380
16200.0000,1620,2860.8258,0.0000,999,1000,1000,1,210.9688
16210.0000,1621,2860.9110,0.0000,999,999,999,1,211.0376
16220.0000,1622,2860.9958,0.0000,1000,999,1000,1,209.8551
16230.0000,1623,2861.0808,0.0000,999,1000,1000,1,209.5081
16240.0000,1624,2861.1658,0.0000,1000,1000,1000,1,209.5784
16250.0000,1625,2861.2506,0.0000,998,999,999,1,208.8155
16260.0000,1626,2861.3348,0.0000,1000,1000,1000,1,208.0588
16270.0000,1627,2861.4195,0.0000,1000,999,999,1,207.7181
16280.0000,1628,2861.5040,0.0000,999,1000,1000,1,208.2047
16290.0000,1629,2861.5885,0.0000,999,999,1000,1,207.8629
16300.0000,1630,2861.6726,0.0000,999,999,1000,1,207.5217
16310.0000,1631,2861.7567,0.0000,1000,1000,1000,1,207.5946
16320.0000,1632,2861.8403,0.0000,998,1000,1000,1,206.8398
16330.0000,1633,2861.9237,0.0000,999,1000,1000,1,205.6814
16340.0000,1634,2862.0078,0.0000,1000,1000,1000,1,205.7580
16350.0000,1635,2862.0916,0.0000,1000,999,1000,1,206.2437
16360.0000,1636,2862.1755,0.0000,999,1000,1000,1,206.3187
16370.0000,1637,2862.2593,0.0000,999,1000,1000,1,206.3929
16380.0000,1638,2862.3430,0.0000,1000,999,1000,1,206.4666
16390.0000,1639,2862.4264,0.0000,999,999,1000,1,206.5394
16400.0000,1640,2862.5094,0.0000,998,999,1000,1,205.3795
16410.0000,1641,2862.5923,0.0000,1000,1000,1000,1,205.0430
16420.0000,1642,2862.6749,0.0000,1000,1000,1000,1,203.8909
16430.0000,1643,2862.7580,0.0000,999,1000,1000,1,203.9662
16440.0000,1644,2862.8407,0.0000,999,999,1000,1,204.0411
16450.0000,1645,2862.9235,0.0000,999,1000,1000,1,203.7075
16460.0000,1646,2863.0063,0.0000,1000,999,1000,1,202.9659
16470.0000,1647,2863.0888,0.0000,1000,1000,1000,1,202.2257
16480.0000,1648,2863.1713,0.0000,999,999,1000,1,202.7097
16490.0000,1649,2863.2535,0.0000,999,1000,999,1,201.9700
16500.0000,1650,2863.3360,0.0000,999,1000,1000,1,202.4536
16510.0000,1651,2863.4184,0.0000,999,1000,1000,1,202.9367
16520.0000,1652,2863.5008,0.0000,999,999,1000,1,203.4191
16530.0000,1653,2863.5826,0.0000,999,999,1000,1,203.0831
16540.0000,1654,2863.6646,0.0000,999,1000,1000,1,202.7474
16550.0000,1655,2863.7467,0.0000,1000,1000,1000,1,202.8200
16560.0000,1656,2863.8284,0.0000,1000,1000,1000,1,203.3014
16570.0000,1657,2863.9103,0.0000,1000,1000,1000,1,203.7822
16580.0000,1658,2863.9918,0.0000,999,1000,1000,1,203.8525
16590.0000,1659,2864.0736,0.0000,999,999,999,1,203.9223
16600.0000,1660,2864.1544,0.0000,998,998,998,1,202.7657
16610.0000,1661,2864.2347,0.0000,1000,1000,1000,1,201.6138
16620.0000,1662,2864.3159,0.0000,1000,1000,1000,1,201.6869
16630.0000,1663,2864.3969,0.0000,999,1000,1000,1,201.7607
16640.0000,1664,2864.4778,0.0000,999,999,999,1,201.8336
16650.0000,1665,2864.5583,0.0000,1000,999,1000,1,202.3129
16660.0000,1666,2864.6393,0.0000,1000,1000,1000,1,201.9781
16670.0000,1667,2864.7192,0.0000,998,1000,999,1,200.8329
16680.0000,1668,2864.7993,0.0000,1000,999,1000,1,200.5020
16690.0000,1669,2864.8799,0.0000,1000,1000,1000,1,200.5768
16700.0000,1670,2864.9600,0.0000,999,1000,1000,1,199.4440
16710.0000,1671,2865.0400,0.0000,999,1000,1000,1,199.1197
16720.0000,1672,2865.1205,0.0000,999,999,1000,1,199.5987
16730.0000,1673,2865.2003,0.0000,999,999,1000,1,198.8735
16740.0000,1674,2865.2802,0.0000,1000,1000,1000,1,198.1514
16750.0000,1675,2865.3601,0.0000,1000,1000,1000,1,198.6301
16760.0000,1676,2865.4399,0.0000,999,999,1000,1,198.7073
16770.0000,1677,2865.5196,0.0000,1000,1000,1000,1,198.7839
16780.0000,1678,2865.5986,0.0000,999,999,1000,1,198.8614
16790.0000,1679,2865.6777,0.0000,1000,1000,1000,1,197.7426
16800.0000,1680,2865.7571,0.0000,999,1000,1000,1,197.8216
16810.0000,1681,2865.8365,0.0000,999,999,1000,1,197.5014
16820.0000,1682,2865.9157,0.0000,999,999,1000,1,197.9786
16830.0000,1683,2865.9943,0.0000,999,998,999,1,197.6591
16840.0000,1684,2866.0731,0.0000,999,1000,1000,1,196.9444
16850.0000,1685,2866.1515,0.0000,999,999,1000,1,196.6298
16860.0000,1686,2866.2302,0.0000,1000,1000,1000,1,195.9211
16870.0000,1687,2866.3090,0.0000,1000,1000,1000,1,195.6087
16880.0000,1688,2866.3875,0.0000,1000,999,1000,1,195.6900
16890.0000,1689,2866.4658,0.0000,1000,1000,999,1,195.3761
16900.0000,1690,2866.5443,0.0000,999,999,999,1,194.6680
16910.0000,1691,2866.6227,0.0000,1000,1000,1000,1,194.7496
16920.0000,1692,2866.7008,0.0000,1000,1000,1000,1,194.4357
16930.0000,1693,2866.7789,0.0000,998,999,999,1,193.7271
16940.0000,1694,2866.8572,0.0000,1000,1000,1000,1,193.8087
16950.0000,1695,2866.9353,0.0000,999,999,1000,1,194.2843
16960.0000,1696,2867.0133,0.0000,1000,1000,1000,1,194.3647
16970.0000,1697,2867.0906,0.0000,998,998,999,1,194.0491
16980.0000,1698,2867.1681,0.0000,999,999,1000,1,193.7355
16990.0000,1699,2867.2457,0.0000,999,999,1000,1,193.8158
17000.0000,1700,2867.3225,0.0000,999,999,999,1,192.3219
17010.0000,1701,2867.3999,0.0000,999,1000,1000,1,192.0099
17020.0000,1702,2867.4771,0.0000,999,1000,1000,1,191.3051
17030.0000,1703,2867.5546,0.0000,1000,1000,1000,1,191.7800
17040.0000,1704,2867.6319,0.0000,1000,1000,1000,1,191.4667
17050.0000,1705,2867.7092,0.0000,1000,1000,1000,1,191.9409
17060.0000,1706,2867.7862,0.0000,999,1000,1000,1,192.0198
17070.0000,1707,2867.8632,0.0000,1000,1000,1000,1,192.0986
17080.0000,1708,2867.9404,0.0000,999,1000,1000,1,192.5716
17090.0000,1709,2868.0174,0.0000,1000,1000,1000,1,192.6488
17100.0000,1710,2868.0943,0.0000,1000,1000,1000,1,192.7254
17110.0000,1711,2868.1708,0.0000,999,1000,1000,1,192.8022
17120.0000,1712,2868.2471,0.0000,1000,1000,1000,1,192.0912
17130.0000,1713,2868.3234,0.0000,1000,1000,1000,1,191.7767
17140.0000,1714,2868.3996,0.0000,999,1000,1000,1,191.8552
17150.0000,1715,2868.4754,0.0000,999,998,999,1,191.1472
17160.0000,1716,2868.5518,0.0000,1000,1000,1000,1,191.6185
17170.0000,1717,2868.6278,0.0000,999,1000,1000,1,191.6966
17180.0000,1718,2868.7035,0.0000,1000,1000,1000,1,191.3815
17190.0000,1719,2868.7789,0.0000,1000,1000,1000,1,190.6752
17200.0000,1720,2868.8543,0.0000,999,999,1000,1,190.7538
17210.0000,1721,2868.9300,0.0000,999,1000,1000,1,190.8315
17220.0000,1722,2869.0047,0.0000,999,1000,1000,1,190.1280
17230.0000,1723,2869.0802,0.0000,1000,1000,1000,1,189.4279
17240.0000,1724,2869.1558,0.0000,1000,1000,1000,1,189.8981
17250.0000,1725,2869.2314,0.0000,999,1000,1000,1,190.3677
17260.0000,1726,2869.3068,0.0000,1000,1000,1000,1,190.4460
17270.0000,1727,2869.3819,0.0000,998,998,1000,1,190.1333
17280.0000,1728,2869.4564,0.0000,1000,1000,1000,1,189.8219
17290.0000,1729,2869.5308,0.0000,999,999,999,1,189.1210
17300.0000,1730,2869.6056,0.0000,1000,1000,1000,1,189.2002
17310.0000,1731,2869.6803,0.0000,1000,999,1000,1,189.2792
17320.0000,1732,2869.7551,0.0000,1000,999,1000,1,189.3580
17330.0000,1733,2869.8296,0.0000,999,1000,1000,1,189.4364
17340.0000,1734,2869.9039,0.0000,1000,1000,1000,1,188.7412
17350.0000,1735,2869.9785,0.0000,999,1000,1000,1,189.2088
17360.0000,1736,2870.0527,0.0000,1000,1000,1000,1,188.9004
17370.0000,1737,2870.1268,0.0000,999,1000,1000,1,188.2050
17380.0000,1738,2870.2010,0.0000,1000,999,1000,1,187.8982
17390.0000,1739,2870.2751,0.0000,999,1000,1000,1,187.9789
17400.0000,1740,2870.3493,0.0000,999,1000,1000,1,188.4456
17410.0000,1741,2870.4231,0.0000,1000,1000,999,1,188.5244
17420.0000,1742,2870.4970,0.0000,1000,1000,1000,1,188.9901
17430.0000,1743,2870.5710,0.0000,1000,1000,1000,1,189.0684
17440.0000,1744,2870.6448,0.0000,1000,1000,1000,1,188.7596
17450.0000,1745,2870.7182,0.0000,1000,999,1000,1,188.8376
17460.0000,1746,2870.7918,0.0000,1000,1000,1000,1,189.3022
17470.0000,1747,2870.8653,0.0000,1000,1000,1000,1,189.3784
17480.0000,1748,2870.9388,0.0000,999,999,1000,1,189.4541
17490.0000,1749,2871.0122,0.0000,1000,1000,1000,1,189.9175
17500.0000,1750,2871.0858,0.0000,999,1000,1000,1,190.3804
17510.0000,1751,2871.1588,0.0000,999,1000,1000,1,190.4541
17520.0000,1752,2871.2322,0.0000,999,1000,1000,1,190.9161
17530.0000,1753,2871.3050,0.0000,999,1000,1000,1,190.9883
17540.0000,1754,2871.3761,0.0000,998,1000,1000,1,190.2843
17550.0000,1755,2871.4488,0.0000,1000,1000,1000,1,189.9707
17560.0000,1756,2871.5219,0.0000,1000,1000,1000,1,189.6581
17570.0000,1757,2871.5947,0.0000,1000,999,1000,1,189.7328
17580.0000,1758,2871.6672,0.0000,1000,1000,1000,1,189.4208
17590.0000,1759,2871.7395,0.0000,1000,999,1000,1,188.7220
17600.0000,1760,2871.8121,0.0000,1000,999,1000,1,189.1830
17610.0000,1761,2871.8843,0.0000,1000,1000,1000,1,189.2567
17620.0000,1762,2871.9570,0.0000,999,1000,1000,1,189.7169
17630.0000,1763,2872.0292,0.0000,999,1000,1000,1,189.7897
17640.0000,1764,2872.1012,0.0000,999,1000,1000,1,189.8619
17650.0000,1765,2872.1732,0.0000,1000,1000,1000,1,189.5471
17660.0000,1766,2872.2452,0.0000,999,999,1000,1,190.0061
17670.0000,1767,2872.3171,0.0000,999,1000,1000,1,190.0773
17680.0000,1768,2872.3891,0.0000,1000,1000,1000,1,190.5354
17690.0000,1769,2872.4606,0.0000,1000,999,1000,1,190.2182
17700.0000,1770,2872.5320,0.0000,1000,999,1000,1,190.2879
17710.0000,1771,2872.6032,0.0000,1000,999,1000,1,189.5826
17720.0000,1772,2872.6748,0.0000,1000,1000,1000,1,190.0399
17730.0000,1773,2872.7460,0.0000,999,1000,1000,1,189.7205
17740.0000,1774,2872.8172,0.0000,1000,1000,1000,1,189.4015
17750.0000,1775,2872.8885,0.0000,1000,999,1000,1,189.8582
17760.0000,1776,2872.9591,0.0000,1000,1000,999,1,189.1509
17770.0000,1777,2873.0299,0.0000,999,1000,1000,1,189.2204
17780.0000,1778,2873.1008,0.0000,1000,1000,1000,1,189.2892
17790.0000,1779,2873.1720,0.0000,999,1000,1000,1,189.7449
17800.0000,1780,2873.2425,0.0000,999,999,1000,1,189.4251
17810.0000,1781,2873.3133,0.0000,1000,1000,1000,1,189.8802
17820.0000,1782,2873.3836,0.0000,998,998,999,1,189.1739
17830.0000,1783,2873.4523,0.0000,999,1000,1000,1,188.4694
17840.0000,1784,2873.5227,0.0000,999,1000,1000,1,188.1531
17850.0000,1785,2873.5934,0.0000,999,1000,1000,1,188.2232
17860.0000,1786,2873.6636,0.0000,1000,1000,1000,1,188.2927
17870.0000,1787,2873.7339,0.0000,999,1000,1000,1,188.3618
17880.0000,1788,2873.8038,0.0000,1000,1000,1000,1,188.0454
17890.0000,1789,2873.8736,0.0000,998,999,999,1,187.3441
17900.0000,1790,2873.9437,0.0000,999,1000,1000,1,187.7980
17910.0000,1791,2874.0136,0.0000,1000,1000,1000,1,187.4811
17920.0000,1792,2874.0832,0.0000,999,1000,1000,1,187.5489
17930.0000,1793,2874.1529,0.0000,999,999,1000,1,187.2324
17940.0000,1794,2874.2225,0.0000,999,1000,1000,1,186.9161
17950.0000,1795,2874.2919,0.0000,999,999,1000,1,186.5999
17960.0000,1796,2874.3611,0.0000,999,999,1000,1,186.6682
17970.0000,1797,2874.4308,0.0000,1000,1000,1000,1,186.7362
17980.0000,1798,2874.5006,0.0000,1000,1000,1000,1,187.1886
17990.0000,1799,2874.5701,0.0000,999,1000,1000,1,187.6404
18000.0000,1800,2874.6395,0.0000,1000,1000,1000,1,187.7066
18010.0000,1801,2874.7087,0.0000,999,999,999,1,187.7718
18020.0000,1802,2874.7775,0.0000,999,999,1000,1,187.4524
18030.0000,1803,2874.8462,0.0000,999,1000,1000,1,186.7506
18040.0000,1804,2874.9150,0.0000,1000,1000,1000,1,186.8184
18050.0000,1805,2874.9840,0.0000,1000,1000,1000,1,187.2689
18060.0000,1806,2875.0526,0.0000,999,999,1000,1,187.3356
18070.0000,1807,2875.1215,0.0000,1000,1000,1000,1,187.4025
18080.0000,1808,2875.1902,0.0000,1000,1000,1000,1,187.8519
18090.0000,1809,2875.2587,0.0000,999,1000,1000,1,187.5336
18100.0000,1810,2875.3264,0.0000,1000,999,1000,1,186.4492
18110.0000,1811,2875.3950,0.0000,1000,1000,1000,1,186.8984
18120.0000,1812,2875.4629,0.0000,999,999,1000,1,186.1976
18130.0000,1813,2875.5311,0.0000,999,1000,1000,1,186.2636
18140.0000,1814,2875.5993,0.0000,999,999,1000,1,186.3288
18150.0000,1815,2875.6674,0.0000,1000,1000,1000,1,186.7771
18160.0000,1816,2875.7350,0.0000,1000,1000,1000,1,185.6920
18170.0000,1817,2875.8030,0.0000,999,1000,1000,1,185.3741
18180.0000,1818,2875.8709,0.0000,1000,1000,1000,1,185.8222
18190.0000,1819,2875.9387,0.0000,1000,999,1000,1,185.5038
18200.0000,1820,2876.0062,0.0000,1000,1000,1000,1,185.1867
18210.0000,1821,2876.0737,0.0000,1000,1000,1000,1,184.1121
18220.0000,1822,2876.1410,0.0000,999,1000,1000,1,183.7997
18230.0000,1823,2876.2083,0.0000,1000,1000,1000,1,183.4875
18240.0000,1824,2876.2754,0.0000,999,1000,1000,1,183.1759
18250.0000,1825,2876.3428,0.0000,1000,1000,1000,1,183.6235
18260.0000,1826,2876.4102,0.0000,1000,1000,1000,1,184.0705
18270.0000,1827,2876.4777,0.0000,1000,1000,1000,1,184.5171
18280.0000,1828,2876.5446,0.0000,999,999,1000,1,184.5827
18290.0000,1829,2876.6115,0.0000,999,1000,1000,1,184.2672
18300.0000,1830,2876.6786,0.0000,1000,1000,1000,1,184.3324
18310.0000,1831,2876.7446,0.0000,999,1000,1000,1,184.0163
18320.0000,1832,2876.8113,0.0000,1000,999,1000,1,184.0807
18330.0000,1833,2876.8780,0.0000,1000,999,1000,1,184.1450
18340.0000,1834,2876.9445,0.0000,999,999,1000,1,183.8287
18350.0000,1835,2877.0110,0.0000,999,1000,1000,1,183.5130
18360.0000,1836,2877.0776,0.0000,1000,1000,1000,1,183.9577
18370.0000,1837,2877.1444,0.0000,999,1000,1000,1,184.4020
18380.0000,1838,2877.2107,0.0000,999,1000,1000,1,183.7058
18390.0000,1839,2877.2771,0.0000,1000,1000,1000,1,184.1497
18400.0000,1840,2877.3429,0.0000,1000,1000,1000,1,183.0767
18410.0000,1841,2877.4092,0.0000,999,999,1000,1,183.5205
18420.0000,1842,2877.4754,0.0000,1000,1000,1000,1,183.9637
18430.0000,1843,2877.5415,0.0000,1000,1000,1000,1,184.0270
18440.0000,1844,2877.6076,0.0000,999,1000,1000,1,184.4695
18450.0000,1845,2877.6731,0.0000,998,998,999,1,184.1515
18460.0000,1846,2877.7386,0.0000,999,1000,1000,1,184.2138
18470.0000,1847,2877.8042,0.0000,999,1000,1000,1,183.8957
18480.0000,1848,2877.8691,0.0000,999,1000,1000,1,183.1972
18490.0000,1849,2877.9345,0.0000,999,1000,1000,1,183.2590
18500.0000,1850,2878.0002,0.0000,1000,1000,1000,1,183.3218
18510.0000,1851,2878.0656,0.0000,1000,1000,1000,1,183.7630
18520.0000,1852,2878.1304,0.0000,998,1000,999,1,182.3142
18530.0000,1853,2878.1950,0.0000,1000,1000,1000,1,180.8750
18540.0000,1854,2878.2597,0.0000,998,998,999,1,180.1905
18550.0000,1855,2878.3247,0.0000,999,999,999,1,179.5068
18560.0000,1856,2878.3895,0.0000,1000,1000,1000,1,179.5757
18570.0000,1857,2878.4545,0.0000,1000,1000,1000,1,179.2714
18580.0000,1858,2878.5195,0.0000,999,1000,1000,1,179.7131
18590.0000,1859,2878.5834,0.0000,1000,999,1000,1,179.0352
18600.0000,1860,2878.6481,0.0000,999,1000,1000,1,178.7309
18610.0000,1861,2878.7117,0.0000,1000,1000,1000,1,177.6835
18620.0000,1862,2878.7762,0.0000,1000,1000,1000,1,177.7530
18630.0000,1863,2878.8409,0.0000,1000,999,1000,1,177.8219
18640.0000,1864,2878.9052,0.0000,1000,1000,1000,1,176.7751
18650.0000,1865,2878.9697,0.0000,1000,1000,1000,1,176.4731
18660.0000,1866,2879.0340,0.0000,1000,1000,1000,1,176.5434
18670.0000,1867,2879.0982,0.0000,998,999,1000,1,176.2418
18680.0000,1868,2879.1620,0.0000,1000,999,1000,1,174.8327
18690.0000,1869,2879.2260,0.0000,999,1000,1000,1,174.9047
18700.0000,1870,2879.2899,0.0000,999,1000,1000,1,174.9763
18710.0000,1871,2879.3540,0.0000,999,1000,1000,1,175.4172
18720.0000,1872,2879.4181,0.0000,999,1000,1000,1,175.8577
18730.0000,1873,2879.4819,0.0000,1000,999,1000,1,175.1870
18740.0000,1874,2879.5457,0.0000,1000,1000,1000,1,174.8868
18750.0000,1875,2879.6095,0.0000,999,1000,1000,1,174.5868
18760.0000,1876,2879.6734,0.0000,1000,1000,1000,1,174.6576
18770.0000,1877,2879.7365,0.0000,999,1000,1000,1,173.9947
18780.0000,1878,2879.7999,0.0000,999,999,999,1,173.7011
18790.0000,1879,2879.8631,0.0000,999,1000,999,1,173.4071
18800.0000,1880,2879.9262,0.0000,1000,1000,1000,1,173.4802
18810.0000,1881,2879.9898,0.0000,999,1000,1000,1,173.5533
18820.0000,1882,2880.0528,0.0000,998,1000,1000,1,173.2595
18830.0000,1883,2880.1163,0.0000,1000,1000,1000,1,173.3321
18840.0000,1884,2880.1795,0.0000,999,1000,1000,1,173.0372
18850.0000,1885,2880.2427,0.0000,1000,1000,1000,1,173.1093
18860.0000,1886,2880.3058,0.0000,999,1000,1000,1,173.1820
18870.0000,1887,2880.3688,0.0000,999,999,1000,1,173.2544
18880.0000,1888,2880.4315,0.0000,999,1000,999,1,172.9609
18890.0000,1889,2880.4944,0.0000,999,1000,1000,1,173.3987
18900.0000,1890,2880.5567,0.0000,998,998,998,1,172.3777
18910.0000,1891,2880.6191,0.0000,1000,1000,1000,1,172.4515
18920.0000,1892,2880.6819,0.0000,1000,1000,1000,1,172.8889
18930.0000,1893,2880.7446,0.0000,1000,1000,1000,1,173.3258
18940.0000,1894,2880.8068,0.0000,999,999,1000,1,172.6786
18950.0000,1895,2880.8695,0.0000,999,1000,1000,1,173.1151
18960.0000,1896,2880.9319,0.0000,1000,1000,1000,1,173.1904
18970.0000,1897,2880.9945,0.0000,1000,1000,1000,1,173.6262
18980.0000,1898,2881.0558,0.0000,998,998,999,1,172.2629
18990.0000,1899,2881.1176,0.0000,1000,1000,1000,1,171.9811
19000.0000,1900,2881.1794,0.0000,999,999,999,1,171.6997
19010.0000,1901,2881.2412,0.0000,999,1000,999,1,171.7765
19020.0000,1902,2881.3029,0.0000,998,1000,1000,1,171.8527
19030.0000,1903,2881.3647,0.0000,1000,1000,1000,1,171.2116
19040.0000,1904,2881.4261,0.0000,999,999,1000,1,170.2123
19050.0000,1905,2881.4876,0.0000,1000,1000,1000,1,169.9333
19060.0000,1906,2881.5496,0.0000,999,1000,1000,1,170.0121
19070.0000,1907,2881.6116,0.0000,999,1000,1000,1,170.0915
19080.0000,1908,2881.6730,0.0000,1000,1000,999,1,169.8150
19090.0000,1909,2881.7347,0.0000,1000,1000,1000,1,169.8946
19100.0000,1910,2881.7960,0.0000,999,999,1000,1,168.5621
19110.0000,1911,2881.8572,0.0000,999,999,999,1,167.9425
19120.0000,1912,2881.9187,0.0000,1000,999,1000,1,168.0281
19130.0000,1913,2881.9800,0.0000,999,999,1000,1,168.1128
19140.0000,1914,2882.0412,0.0000,999,1000,1000,1,168.1975
19150.0000,1915,2882.1023,0.0000,1000,999,1000,1,168.2817
19160.0000,1916,2882.1632,0.0000,999,999,1000,1,168.7158
19170.0000,1917,2882.2242,0.0000,999,1000,1000,1,168.7993
19180.0000,1918,2882.2851,0.0000,999,999,1000,1,168.5327
19190.0000,1919,2882.3456,0.0000,1000,999,1000,1,168.2673
19200.0000,1920,2882.4066,0.0000,1000,1000,1000,1,168.7005
19210.0000,1921,2882.4676,0.0000,1000,1000,1000,1,169.1332
19220.0000,1922,2882.5283,0.0000,1000,999,999,1,169.2171
19230.0000,1923,2882.5888,0.0000,1000,1000,1000,1,168.9536
19240.0000,1924,2882.6496,0.0000,999,1000,1000,1,169.3855
19250.0000,1925,2882.7102,0.0000,1000,1000,1000,1,169.8170
19260.0000,1926,2882.7704,0.0000,998,999,999,1,169.5522
19270.0000,1927,2882.8304,0.0000,1000,1000,1000,1,168.5964
19280.0000,1928,2882.8905,0.0000,1000,1000,1000,1,168.3395
19290.0000,1929,2882.9506,0.0000,999,1000,1000,1,168.4274
19300.0000,1930,2883.0112,0.0000,1000,1000,1000,1,168.8582
19310.0000,1931,2883.0713,0.0000,999,1000,1000,1,169.2886
19320.0000,1932,2883.1314,0.0000,1000,1000,1000,1,169.0307
19330.0000,1933,2883.1909,0.0000,998,999,1000,1,168.7739
19340.0000,1934,2883.2506,0.0000,1000,1000,1000,1,168.8615
19350.0000,1935,2883.3109,0.0000,1000,1000,1000,1,169.2911
19360.0000,1936,2883.3706,0.0000,1000,1000,1000,1,169.0350
19370.0000,1937,2883.4302,0.0000,999,1000,1000,1,169.1214
19380.0000,1938,2883.4899,0.0000,999,1000,1000,1,169.2071
19390.0000,1939,2883.5488,0.0000,1000,1000,1000,1,168.2636
19400.0000,1940,2883.6082,0.0000,999,998,1000,1,168.0079
19410.0000,1941,2883.6675,0.0000,999,1000,1000,1,168.0948
19420.0000,1942,2883.7269,0.0000,1000,1000,1000,1,168.1808
19430.0000,1943,2883.7863,0.0000,999,1000,1000,1,168.2669
19440.0000,1944,2883.8449,0.0000,999,1000,1000,1,167.6704
19450.0000,1945,2883.9042,0.0000,1000,1000,1000,1,167.7568
19460.0000,1946,2883.9636,0.0000,999,1000,1000,1,167.8440
19470.0000,1947,2884.0228,0.0000,999,1000,1000,1,167.9312
19480.0000,1948,2884.0810,0.0000,998,998,999,1,166.9990
19490.0000,1949,2884.1395,0.0000,999,1000,1000,1,166.7478
19500.0000,1950,2884.1987,0.0000,999,999,1000,1,167.1751
19510.0000,1951,2884.2573,0.0000,999,999,1000,1,166.9231
19520.0000,1952,2884.3160,0.0000,999,1000,999,1,167.0104
19530.0000,1953,2884.3743,0.0000,1000,1000,1000,1,166.4192
19540.0000,1954,2884.4333,0.0000,1000,1000,1000,1,166.8458
19550.0000,1955,2884.4918,0.0000,1000,1000,1000,1,166.9333
19560.0000,1956,2884.5502,0.0000,1000,999,1000,1,166.6825
19570.0000,1957,2884.6089,0.0000,1000,1000,1000,1,167.1083
19580.0000,1958,2884.6677,0.0000,999,1000,1000,1,167.5337
19590.0000,1959,2884.7261,0.0000,999,1000,1000,1,167.9586
19600.0000,1960,2884.7841,0.0000,1000,999,1000,1,167.0288
19610.0000,1961,2884.8425,0.0000,1000,999,1000,1,167.1152
19620.0000,1962,2884.9008,0.0000,1000,1000,1000,1,167.5397
19630.0000,1963,2884.9593,0.0000,999,1000,1000,1,167.9638
19640.0000,1964,2885.0174,0.0000,999,1000,1000,1,168.3874
19650.0000,1965,2885.0753,0.0000,1000,1000,1000,1,167.7936
19660.0000,1966,2885.1331,0.0000,1000,1000,999,1,167.2001
19670.0000,1967,2885.1907,0.0000,998,998,999,1,166.9471
19680.0000,1968,2885.2487,0.0000,999,1000,1000,1,167.3703
19690.0000,1969,2885.3068,0.0000,999,1000,999,1,167.4550
19700.0000,1970,2885.3647,0.0000,1000,1000,1000,1,167.8776
19710.0000,1971,2885.4223,0.0000,1000,1000,1000,1,167.6233
19720.0000,1972,2885.4802,0.0000,1000,1000,1000,1,168.0454
19730.0000,1973,2885.5376,0.0000,1000,1000,1000,1,167.7905
19740.0000,1974,2885.5955,0.0000,999,999,1000,1,168.2121
19750.0000,1975,2885.6518,0.0000,998,998,998,1,166.6037
19760.0000,1976,2885.7088,0.0000,1000,1000,1000,1,167.0251
19770.0000,1977,2885.7660,0.0000,1000,1000,1000,1,166.7718
19780.0000,1978,2885.8235,0.0000,999,999,1000,1,167.1930
19790.0000,1979,2885.8805,0.0000,999,1000,1000,1,167.2761
19800.0000,1980,2885.9375,0.0000,999,998,999,1,167.0230
19810.0000,1981,2885.9930,0.0000,999,1000,1000,1,167.1065
19820.0000,1982,2886.0503,0.0000,999,999,1000,1,167.5267
19830.0000,1983,2886.1075,0.0000,1000,1000,1000,1,167.2734
19840.0000,1984,2886.1644,0.0000,999,1000,1000,1,167.0198
19850.0000,1985,2886.2212,0.0000,999,999,999,1,166.7671
19860.0000,1986,2886.2780,0.0000,999,999,1000,1,166.8506
19870.0000,1987,2886.3346,0.0000,999,999,1000,1,166.5983
19880.0000,1988,2886.3914,0.0000,999,1000,1000,1,166.6819
19890.0000,1989,2886.4477,0.0000,999,999,1000,1,166.4290
19900.0000,1990,2886.5041,0.0000,999,1000,1000,1,166.1774
19910.0000,1991,2886.5608,0.0000,1000,1000,1000,1,166.5962
19920.0000,1992,2886.6172,0.0000,999,999,1000,1,165.6753
19930.0000,1993,2886.6737,0.0000,1000,1000,1000,1,166.0939
19940.0000,1994,2886.7300,0.0000,999,1000,999,1,165.8421
19950.0000,1995,2886.7860,0.0000,998,998,998,1,164.9256
19960.0000,1996,2886.8414,0.0000,1000,1000,1000,1,165.0103
19970.0000,1997,2886.8977,0.0000,999,1000,1000,1,165.0946
19980.0000,1998,2886.9538,0.0000,999,1000,1000,1,165.1785
19990.0000,1999,2887.0101,0.0000,999,999,1000,1,165.5962
20000.0000,2000,2887.0659,0.0000,999,1000,1000,1,164.6825
20010.0000,2001,2887.1218,0.0000,1000,1000,1000,1,164.4366
20020.0000,2002,2887.1777,0.0000,999,1000,1000,1,163.8648
20030.0000,2003,2887.2333,0.0000,998,999,999,1,162.6395
20040.0000,2004,2887.2888,0.0000,999,999,999,1,161.7504
20050.0000,2005,2887.3442,0.0000,999,1000,1000,1,161.5176
20060.0000,2006,2887.3995,0.0000,999,999,1000,1,160.9610
20070.0000,2007,2887.4553,0.0000,999,999,1000,1,161.3791
20080.0000,2008,2887.5107,0.0000,1000,1000,999,1,160.8209
20090.0000,2009,2887.5664,0.0000,1000,1000,1000,1,161.2386
20100.0000,2010,2887.6215,0.0000,1000,999,1000,1,160.3544
20110.0000,2011,2887.6768,0.0000,1000,999,1000,1,160.1234
20120.0000,2012,2887.7325,0.0000,1000,1000,1000,1,160.5408
20130.0000,2013,2887.7880,0.0000,999,1000,1000,1,160.6334
20140.0000,2014,2887.8433,0.0000,1000,1000,1000,1,160.4020
20150.0000,2015,2887.8981,0.0000,998,999,1000,1,159.5282
20160.0000,2016,2887.9531,0.0000,999,1000,1000,1,159.3006
20170.0000,2017,2888.0083,0.0000,999,1000,1000,1,159.3959
20180.0000,2018,2888.0636,0.0000,1000,1000,1000,1,159.8125
20190.0000,2019,2888.1189,0.0000,999,1000,1000,1,160.2286
20200.0000,2020,2888.1734,0.0000,1000,999,1000,1,159.6774
20210.0000,2021,2888.2279,0.0000,1000,999,999,1,158.8102
20220.0000,2022,2888.2826,0.0000,1000,999,999,1,158.5845
20230.0000,2023,2888.3374,0.0000,1000,1000,1000,1,158.0395
20240.0000,2024,2888.3923,0.0000,999,1000,1000,1,158.4555
20250.0000,2025,2888.4470,0.0000,999,999,1000,1,158.8711
20260.0000,2026,2888.5016,0.0000,999,999,1000,1,158.6471
20270.0000,2027,2888.5560,0.0000,1000,1000,1000,1,158.4236
20280.0000,2028,2888.6102,0.0000,1000,1000,1000,1,158.2018
20290.0000,2029,2888.6643,0.0000,999,1000,1000,1,157.6653
20300.0000,2030,2888.7187,0.0000,1000,1000,1000,1,157.7635
20310.0000,2031,2888.7729,0.0000,999,1000,1000,1,157.5442
20320.0000,2032,2888.8272,0.0000,999,999,1000,1,157.9588
20330.0000,2033,2888.8813,0.0000,999,1000,1000,1,157.4217
20340.0000,2034,2888.9355,0.0000,1000,999,999,1,157.5187
20350.0000,2035,2888.9895,0.0000,1000,999,1000,1,157.2999
20360.0000,2036,2889.0437,0.0000,999,1000,1000,1,156.7665
20370.0000,2037,2889.0971,0.0000,998,1000,999,1,156.5487
20380.0000,2038,2889.1509,0.0000,999,1000,1000,1,156.6466
20390.0000,2039,2889.2051,0.0000,999,1000,999,1,156.7438
20400.0000,2040,2889.2588,0.0000,1000,999,1000,1,156.8408
20410.0000,2041,2889.3127,0.0000,1000,1000,1000,1,156.9372
20420.0000,2042,2889.3665,0.0000,999,1000,1000,1,157.0336
20430.0000,2043,2889.4202,0.0000,1000,1000,1000,1,157.1294
20440.0000,2044,2889.4738,0.0000,999,1000,1000,1,156.9097
20450.0000,2045,2889.5275,0.0000,999,1000,1000,1,157.3220
20460.0000,2046,2889.5810,0.0000,1000,1000,1000,1,157.4175
20470.0000,2047,2889.6346,0.0000,999,999,1000,1,157.8291
20480.0000,2048,2889.6883,0.0000,999,1000,1000,1,157.9232
20490.0000,2049,2889.7417,0.0000,1000,1000,1000,1,158.3342
20500.0000,2050,2889.7952,0.0000,999,1000,1000,1,158.1117
20510.0000,2051,2889.8483,0.0000,999,999,1000,1,158.2058
20520.0000,2052,2889.9016,0.0000,999,1000,999,1,158.2994
20530.0000,2053,2889.9548,0.0000,1000,1000,1000,1,157.7612
20540.0000,2054,2890.0082,0.0000,1000,1000,1000,1,157.5411
20550.0000,2055,2890.0611,0.0000,998,999,1000,1,157.3208
20560.0000,2056,2890.1140,0.0000,1000,1000,1000,1,156.7857
20570.0000,2057,2890.1672,0.0000,999,999,1000,1,156.2502
20580.0000,2058,2890.2195,0.0000,1000,1000,1000,1,155.7172
20590.0000,2059,2890.2727,0.0000,999,1000,1000,1,156.1273
20600.0000,2060,2890.3251,0.0000,1000,1000,1000,1,155.5984
20610.0000,2061,2890.3781,0.0000,999,999,1000,1,156.0081
20620.0000,2062,2890.4303,0.0000,998,999,999,1,155.4787
20630.0000,2063,2890.4825,0.0000,999,1000,1000,1,155.5755
20640.0000,2064,2890.5351,0.0000,999,999,999,1,155.0491
20650.0000,2065,2890.5875,0.0000,1000,1000,1000,1,154.8348
20660.0000,2066,2890.6401,0.0000,1000,1000,1000,1,154.9328
20670.0000,2067,2890.6927,0.0000,999,1000,1000,1,155.3417
20680.0000,2068,2890.7452,0.0000,1000,1000,1000,1,155.7501
20690.0000,2069,2890.7973,0.0000,999,998,1000,1,155.2232
20700.0000,2070,2890.8493,0.0000,1000,1000,1000,1,155.0109
20710.0000,2071,2890.9015,0.0000,1000,1000,1000,1,155.1086
20720.0000,2072,2890.9539,0.0000,1000,1000,1000,1,155.5164
20730.0000,2073,2891.0059,0.0000,1000,1000,1000,1,155.6128
20740.0000,2074,2891.0577,0.0000,999,999,1000,1,155.0887
20750.0000,2075,2891.1094,0.0000,999,1000,1000,1,154.2608
20760.0000,2076,2891.1612,0.0000,999,1000,1000,1,154.0515
20770.0000,2077,2891.2133,0.0000,1000,1000,1000,1,154.4588
20780.0000,2078,2891.2652,0.0000,999,999,1000,1,154.5567
20790.0000,2079,2891.3165,0.0000,998,999,1000,1,153.4195
20800.0000,2080,2891.3681,0.0000,999,999,1000,1,153.2102
20810.0000,2081,2891.4195,0.0000,1000,1000,1000,1,153.0011
20820.0000,2082,2891.4713,0.0000,1000,1000,1000,1,153.4079
20830.0000,2083,2891.5233,0.0000,1000,999,1000,1,153.8144
20840.0000,2084,2891.5740,0.0000,998,998,1000,1,153.9121
20850.0000,2085,2891.6253,0.0000,1000,999,999,1,153.7023
20860.0000,2086,2891.6765,0.0000,998,998,999,1,153.4918
20870.0000,2087,2891.7273,0.0000,1000,1000,1000,1,153.2825
20880.0000,2088,2891.7789,0.0000,1000,1000,999,1,153.3808
20890.0000,2089,2891.8302,0.0000,999,999,999,1,153.1720
20900.0000,2090,2891.8817,0.0000,999,1000,1000,1,152.9634
20910.0000,2091,2891.9328,0.0000,1000,1000,1000,1,151.5311
20920.0000,2092,2891.9837,0.0000,999,999,1000,1,151.0211
20930.0000,2093,2892.0350,0.0000,1000,999,999,1,150.8182
20940.0000,2094,2892.0862,0.0000,999,999,1000,1,150.9195
20950.0000,2095,2892.1372,0.0000,999,1000,1000,1,151.0201
20960.0000,2096,2892.1883,0.0000,999,999,1000,1,151.4251
20970.0000,2097,2892.2390,0.0000,999,999,999,1,150.9150
20980.0000,2098,2892.2896,0.0000,1000,999,999,1,150.7110
20990.0000,2099,2892.3405,0.0000,1000,1000,1000,1,151.1153
21000.0000,2100,2892.3907,0.0000,1000,1000,1000,1,150.9104
21010.0000,2101,2892.4415,0.0000,999,1000,1000,1,150.4023
21020.0000,2102,2892.4922,0.0000,1000,1000,1000,1,150.2000
21030.0000,2103,2892.5431,0.0000,1000,1000,1000,1,150.6041
21040.0000,2104,2892.5935,0.0000,999,1000,999,1,150.4019
21050.0000,2105,2892.6440,0.0000,999,998,1000,1,150.5028
21060.0000,2106,2892.6943,0.0000,999,1000,1000,1,150.3018
21070.0000,2107,2892.7449,0.0000,1000,999,1000,1,150.1013
21080.0000,2108,2892.7954,0.0000,1000,1000,1000,1,150.2028
21090.0000,2109,2892.8461,0.0000,1000,1000,1000,1,150.6057
21100.0000,2110,2892.8963,0.0000,1000,999,999,1,150.4036
21110.0000,2111,2892.9469,0.0000,1000,1000,1000,1,150.8060
21120.0000,2112,2892.9970,0.0000,999,1000,1000,1,150.2999
21130.0000,2113,2893.0475,0.0000,1000,1000,1000,1,150.3991
21140.0000,2114,2893.0976,0.0000,1000,1000,1000,1,150.4980
21150.0000,2115,2893.1480,0.0000,1000,1000,1000,1,150.8996
21160.0000,2116,2893.1982,0.0000,1000,1000,1000,1,151.3009
21170.0000,2117,2893.2482,0.0000,999,999,1000,1,151.3977
21180.0000,2118,2893.2980,0.0000,999,999,1000,1,151.1899
21190.0000,2119,2893.3475,0.0000,1000,1000,1000,1,150.9829
21200.0000,2120,2893.3972,0.0000,999,1000,1000,1,150.7771
21210.0000,2121,2893.4465,0.0000,1000,1000,999,1,150.2682
21220.0000,2122,2893.4962,0.0000,1000,999,1000,1,150.0623
21230.0000,2123,2893.5457,0.0000,999,999,1000,1,150.1599
21240.0000,2124,2893.5950,0.0000,1000,1000,1000,1,150.2572
21250.0000,2125,2893.6447,0.0000,1000,1000,1000,1,150.3544
21260.0000,2126,2893.6941,0.0000,1000,999,999,1,150.1485
21270.0000,2127,2893.7437,0.0000,999,1000,1000,1,150.5479
21280.0000,2128,2893.7933,0.0000,1000,1000,1000,1,150.9471
21290.0000,2129,2893.8427,0.0000,1000,1000,1000,1,150.7399
21300.0000,2130,2893.8921,0.0000,1000,1000,1000,1,150.5346
21310.0000,2131,2893.9417,0.0000,1000,1000,1000,1,150.9332
21320.0000,2132,2893.9911,0.0000,999,1000,1000,1,151.0299
21330.0000,2133,2894.0404,0.0000,999,999,1000,1,151.1260
21340.0000,2134,2894.0892,0.0000,999,999,999,1,149.7163
21350.0000,2135,2894.1375,0.0000,1000,1000,1000,1,149.2163
21360.0000,2136,2894.1862,0.0000,998,998,999,1,148.7193
21370.0000,2137,2894.2351,0.0000,1000,1000,1000,1,149.1176
21380.0000,2138,2894.2837,0.0000,999,1000,1000,1,148.6198
21390.0000,2139,2894.3326,0.0000,1000,999,1000,1,148.7197
21400.0000,2140,2894.3816,0.0000,999,999,1000,1,148.5212
21410.0000,2141,2894.4303,0.0000,1000,1000,1000,1,148.3228
21420.0000,2142,2894.4790,0.0000,1000,1000,1000,1,148.1245
21430.0000,2143,2894.5280,0.0000,1000,999,999,1,148.2236
21440.0000,2144,2894.5767,0.0000,1000,1000,1000,1,147.4278
21450.0000,2145,2894.6255,0.0000,1000,1000,1000,1,147.8253
21460.0000,2146,2894.6741,0.0000,1000,1000,1000,1,147.3275
21470.0000,2147,2894.7225,0.0000,998,998,1000,1,147.1276
21480.0000,2148,2894.7706,0.0000,999,1000,1000,1,146.6320
21490.0000,2149,2894.8188,0.0000,1000,1000,1000,1,145.8454
21500.0000,2150,2894.8673,0.0000,1000,1000,1000,1,145.6527
21510.0000,2151,2894.9157,0.0000,1000,999,1000,1,145.7558
21520.0000,2152,2894.9643,0.0000,1000,1000,1000,1,145.8586
21530.0000,2153,2895.0127,0.0000,1000,999,999,1,145.6672
21540.0000,2154,2895.0605,0.0000,999,999,1000,1,144.8890
21550.0000,2155,2895.1087,0.0000,1000,1000,1000,1,144.7010
21560.0000,2156,2895.1570,0.0000,1000,1000,1000,1,144.8056
21570.0000,2157,2895.2051,0.0000,999,999,1000,1,145.2021
21580.0000,2158,2895.2532,0.0000,1000,1000,1000,1,145.0133
21590.0000,2159,2895.3014,0.0000,999,999,1000,1,145.4093
21600.0000,2160,2895.3493,0.0000,1000,1000,1000,1,145.5120
21610.0000,2161,2895.3975,0.0000,999,1000,1000,1,145.9074
21620.0000,2162,2895.4454,0.0000,1000,1000,1000,1,146.0092
21630.0000,2163,2895.4936,0.0000,999,1000,1000,1,146.4040
21640.0000,2164,2895.5414,0.0000,1000,999,1000,1,146.5047
21650.0000,2165,2895.5890,0.0000,1000,999,1000,1,146.0197
21660.0000,2166,2895.6364,0.0000,1000,1000,1000,1,145.8286
21670.0000,2167,2895.6841,0.0000,999,999,1000,1,146.2228
21680.0000,2168,2895.7319,0.0000,999,999,1000,1,146.3239
21690.0000,2169,2895.7794,0.0000,999,1000,1000,1,146.4244
21700.0000,2170,2895.8270,0.0000,999,1000,1000,1,146.5248
21710.0000,2171,2895.8741,0.0000,999,1000,1000,1,146.3326
21720.0000,2172,2895.9215,0.0000,999,999,1000,1,146.4326
21730.0000,2173,2895.9685,0.0000,998,1000,999,1,146.2405
21740.0000,2174,2896.0156,0.0000,1000,1000,1000,1,146.3410
21750.0000,2175,2896.0628,0.0000,1000,1000,1000,1,146.1512
21760.0000,2176,2896.1098,0.0000,999,1000,999,1,145.9614
21770.0000,2177,2896.1574,0.0000,1000,1000,1000,1,146.3537
21780.0000,2178,2896.2047,0.0000,999,999,1000,1,146.7457
21790.0000,2179,2896.2520,0.0000,1000,1000,1000,1,146.8464
21800.0000,2180,2896.2993,0.0000,999,999,1000,1,146.9467
21810.0000,2181,2896.3463,0.0000,999,1000,1000,1,146.7570
21820.0000,2182,2896.3934,0.0000,1000,1000,1000,1,147.1480
21830.0000,2183,2896.4403,0.0000,1000,1000,999,1,146.9563
21840.0000,2184,2896.4872,0.0000,999,1000,1000,1,147.0560
21850.0000,2185,2896.5341,0.0000,999,998,999,1,147.1554
21860.0000,2186,2896.5809,0.0000,999,999,1000,1,147.2547
21870.0000,2187,2896.6274,0.0000,1000,1000,1000,1,147.0625
21880.0000,2188,2896.6742,0.0000,1000,1000,1000,1,146.8702
21890.0000,2189,2896.7211,0.0000,1000,1000,1000,1,147.2599
21900.0000,2190,2896.7675,0.0000,999,1000,1000,1,146.1964
21910.0000,2191,2896.8144,0.0000,1000,1000,1000,1,146.5860
21920.0000,2192,2896.8608,0.0000,999,999,1000,1,146.3944
21930.0000,2193,2896.9073,0.0000,999,1000,1000,1,146.4936
21940.0000,2194,2896.9536,0.0000,999,999,1000,1,146.0136
21950.0000,2195,2896.9991,0.0000,999,999,1000,1,145.2455
21960.0000,2196,2897.0457,0.0000,999,1000,1000,1,145.3455
21970.0000,2197,2897.0920,0.0000,999,1000,999,1,145.4455
21980.0000,2198,2897.1383,0.0000,1000,1000,1000,1,145.5452
21990.0000,2199,2897.1849,0.0000,999,1000,1000,1,145.9338
22000.0000,2200,2897.2311,0.0000,1000,1000,1000,1,145.7433
22010.0000,2201,2897.2775,0.0000,1000,1000,1000,1,146.1315
22020.0000,2202,2897.3238,0.0000,999,1000,1000,1,145.9408
22030.0000,2203,2897.3701,0.0000,1000,1000,1000,1,146.0393
22040.0000,2204,2897.4165,0.0000,1000,1000,1000,1,146.4267
22050.0000,2205,2897.4628,0.0000,999,1000,1000,1,146.8138
22060.0000,2206,2897.5084,0.0000,997,998,998,1,146.0403
22070.0000,2207,2897.5533,0.0000,999,1000,1000,1,144.9806
22080.0000,2208,2897.5994,0.0000,1000,1000,1000,1,145.0787
22090.0000,2209,2897.6453,0.0000,1000,999,1000,1,145.4657
22100.0000,2210,2897.6912,0.0000,999,1000,1000,1,145.5630
22110.0000,2211,2897.7371,0.0000,1000,1000,1000,1,145.3710
22120.0000,2212,2897.7832,0.0000,1000,1000,1000,1,145.7574
22130.0000,2213,2897.8293,0.0000,999,1000,1000,1,146.1434
22140.0000,2214,2897.8752,0.0000,999,1000,1000,1,145.9523
22150.0000,2215,2897.9212,0.0000,1000,1000,1000,1,146.3378
22160.0000,2216,2897.9668,0.0000,999,999,999,1,146.1474
22170.0000,2217,2898.0121,0.0000,999,999,1000,1,145.6702
22180.0000,2218,2898.0575,0.0000,999,1000,1000,1,145.4809
22190.0000,2219,2898.1029,0.0000,1000,1000,1000,1,145.2912
22200.0000,2220,2898.1482,0.0000,999,1000,1000,1,145.3887
22210.0000,2221,2898.1937,0.0000,999,999,1000,1,145.4858
22220.0000,2222,2898.2389,0.0000,999,1000,1000,1,144.7192
22230.0000,2223,2898.2839,0.0000,1000,1000,1000,1,143.9536
22240.0000,2224,2898.3293,0.0000,999,999,1000,1,144.3386
22250.0000,2225,2898.3745,0.0000,1000,1000,1000,1,143.8605
22260.0000,2226,2898.4196,0.0000,999,999,1000,1,143.3826
22270.0000,2227,2898.4650,0.0000,1000,1000,1000,1,143.4800
22280.0000,2228,2898.5102,0.0000,1000,1000,1000,1,143.5769
22290.0000,2229,2898.5553,0.0000,999,1000,1000,1,143.3868
22300.0000,2230,2898.6001,0.0000,999,1000,1000,1,143.4841
22310.0000,2231,2898.6449,0.0000,999,1000,1000,1,143.2950
22320.0000,2232,2898.6901,0.0000,999,1000,1000,1,143.6788
22330.0000,2233,2898.7351,0.0000,999,999,999,1,143.7751
22340.0000,2234,2898.7801,0.0000,999,999,1000,1,143.8709
22350.0000,2235,2898.8245,0.0000,999,1000,1000,1,143.1064
22360.0000,2236,2898.8694,0.0000,1000,1000,1000,1,143.4896
22370.0000,2237,2898.9141,0.0000,1000,1000,1000,1,143.0110
22380.0000,2238,2898.9585,0.0000,999,999,999,1,142.8196
22390.0000,2239,2899.0026,0.0000,1000,1000,1000,1,142.6284
22400.0000,2240,2899.0474,0.0000,999,1000,1000,1,142.7238
22410.0000,2241,2899.0921,0.0000,999,999,1000,1,143.1063
22420.0000,2242,2899.1364,0.0000,999,1000,1000,1,142.6275
22430.0000,2243,2899.1804,0.0000,998,1000,1000,1,142.1537
22440.0000,2244,2899.2248,0.0000,999,999,1000,1,142.5360
22450.0000,2245,2899.2687,0.0000,999,999,1000,1,142.0634
22460.0000,2246,2899.3133,0.0000,1000,1000,1000,1,142.1607
22470.0000,2247,2899.3579,0.0000,999,1000,1000,1,142.5425
22480.0000,2248,2899.4023,0.0000,1000,999,1000,1,142.9239
22490.0000,2249,2899.4465,0.0000,1000,1000,1000,1,142.7339
22500.0000,2250,2899.4909,0.0000,1000,1000,1000,1,143.1149
22510.0000,2251,2899.5353,0.0000,1000,1000,1000,1,143.2097
22520.0000,2252,2899.5795,0.0000,1000,1000,1000,1,143.3039
22530.0000,2253,2899.6232,0.0000,999,1000,1000,1,143.1118
22540.0000,2254,2899.6672,0.0000,999,999,1000,1,142.9207
22550.0000,2255,2899.7114,0.0000,999,1000,1000,1,143.3008
22560.0000,2256,2899.7553,0.0000,1000,999,1000,1,142.8231
22570.0000,2257,2899.7995,0.0000,999,1000,1000,1,143.2029
22580.0000,2258,2899.8432,0.0000,999,999,1000,1,142.7255
22590.0000,2259,2899.8870,0.0000,999,1000,1000,1,143.1050
22600.0000,2260,2899.9310,0.0000,1000,1000,1000,1,143.4842
22610.0000,2261,2899.9748,0.0000,998,999,1000,1,142.7242
22620.0000,2262,2900.0183,0.0000,1000,1000,1000,1,142.2506
22630.0000,2263,2900.0621,0.0000,999,1000,1000,1,142.3451
22640.0000,2264,2900.1059,0.0000,1000,1000,1000,1,142.4397
22650.0000,2265,2900.1497,0.0000,1000,999,1000,1,142.8183
22660.0000,2266,2900.1937,0.0000,999,1000,1000,1,143.1966
22670.0000,2267,2900.2374,0.0000,1000,1000,1000,1,143.2899
22680.0000,2268,2900.2806,0.0000,999,1000,1000,1,142.8129
22690.0000,2269,2900.3243,0.0000,1000,1000,1000,1,142.6211
22700.0000,2270,2900.3678,0.0000,999,999,1000,1,142.7140
22710.0000,2271,2900.4107,0.0000,1000,1000,998,1,142.5215
22720.0000,2272,2900.4539,0.0000,1000,999,1000,1,142.3295
22730.0000,2273,2900.4974,0.0000,999,1000,999,1,141.8524
22740.0000,2274,2900.5404,0.0000,999,1000,1000,1,141.9448
22750.0000,2275,2900.5837,0.0000,1000,999,1000,1,142.0373
22760.0000,2276,2900.6270,0.0000,999,1000,1000,1,142.1304
22770.0000,2277,2900.6702,0.0000,999,999,1000,1,142.2228
22780.0000,2278,2900.7134,0.0000,1000,999,1000,1,141.7465
22790.0000,2279,2900.7568,0.0000,999,999,999,1,141.8390
22800.0000,2280,2900.8000,0.0000,999,1000,1000,1,142.2154
22810.0000,2281,2900.8433,0.0000,1000,1000,1000,1,142.5915
22820.0000,2282,2900.8865,0.0000,999,1000,1000,1,142.3977
22830.0000,2283,2900.9294,0.0000,1000,999,1000,1,142.4884
22840.0000,2284,2900.9725,0.0000,1000,999,1000,1,142.8639
22850.0000,2285,2901.0154,0.0000,1000,1000,1000,1,143.2390
22860.0000,2286,2901.0582,0.0000,1000,1000,1000,1,143.0420
22870.0000,2287,2901.1013,0.0000,999,1000,1000,1,143.4167
22880.0000,2288,2901.1440,0.0000,1000,1000,1000,1,143.5048
22890.0000,2289,2901.1870,0.0000,999,1000,1000,1,143.8790
22900.0000,2290,2901.2299,0.0000,999,1000,1000,1,143.9664
22910.0000,2291,2901.2725,0.0000,1000,999,1000,1,144.0539
22920.0000,2292,2901.3155,0.0000,999,999,1000,1,144.4273
22930.0000,2293,2901.3578,0.0000,1000,999,1000,1,144.5143
22940.0000,2294,2901.4001,0.0000,1000,1000,1000,1,144.6012
22950.0000,2295,2901.4428,0.0000,999,1000,1000,1,144.9739
22960.0000,2296,2901.4849,0.0000,1000,1000,1000,1,143.9171
22970.0000,2297,2901.5275,0.0000,999,999,1000,1,144.2898
22980.0000,2298,2901.5698,0.0000,1000,999,1000,1,144.0902
22990.0000,2299,2901.6124,0.0000,999,1000,1000,1,144.4625
23000.0000,2300,2901.6548,0.0000,999,999,1000,1,144.8345
23010.0000,2301,2901.6972,0.0000,1000,1000,1000,1,145.2061
23020.0000,2302,2901.7396,0.0000,1000,1000,1000,1,145.2907
23030.0000,2303,2901.7819,0.0000,999,1000,1000,1,145.3745
23040.0000,2304,2901.8243,0.0000,1000,1000,1000,1,145.7454
23050.0000,2305,2901.8666,0.0000,1000,1000,1000,1,146.1160
23060.0000,2306,2901.9088,0.0000,1000,1000,1000,1,146.1985
23070.0000,2307,2901.9509,0.0000,1000,1000,1000,1,146.2806
23080.0000,2308,2901.9930,0.0000,1000,1000,1000,1,146.0750
23090.0000,2309,2902.0354,0.0000,999,1000,1000,1,146.4448
23100.0000,2310,2902.0776,0.0000,1000,1000,1000,1,146.8143
23110.0000,2311,2902.1198,0.0000,1000,1000,1000,1,146.8953
23120.0000,2312,2902.1615,0.0000,998,999,1000,1,146.6874
23130.0000,2313,2902.2026,0.0000,1000,1000,999,1,145.6154
23140.0000,2314,2902.2448,0.0000,999,1000,1000,1,145.6970
23150.0000,2315,2902.2868,0.0000,1000,1000,1000,1,146.0660
23160.0000,2316,2902.3284,0.0000,999,1000,1000,1,145.8590
23170.0000,2317,2902.3703,0.0000,999,1000,1000,1,146.2276
23180.0000,2318,2902.4118,0.0000,1000,1000,1000,1,145.7361
23190.0000,2319,2902.4533,0.0000,999,1000,1000,1,145.2461
23200.0000,2320,2902.4949,0.0000,1000,1000,1000,1,145.3298
23210.0000,2321,2902.5368,0.0000,1000,1000,1000,1,145.4130
23220.0000,2322,2902.5783,0.0000,999,999,1000,1,145.2111
23230.0000,2323,2902.6197,0.0000,999,1000,1000,1,144.7237
23240.0000,2324,2902.6612,0.0000,999,1000,1000,1,145.0917
23250.0000,2325,2902.7023,0.0000,1000,1000,1000,1,144.8881
23260.0000,2326,2902.7438,0.0000,999,1000,999,1,144.6848
23270.0000,2327,2902.7848,0.0000,1000,1000,1000,1,144.7675
23280.0000,2328,2902.8255,0.0000,1000,1000,999,1,143.1463
23290.0000,2329,2902.8669,0.0000,1000,999,1000,1,143.2304
23300.0000,2330,2902.9081,0.0000,1000,1000,1000,1,142.7474
23310.0000,2331,2902.9492,0.0000,999,1000,1000,1,142.2647
23320.0000,2332,2902.9905,0.0000,1000,999,1000,1,142.0662
23330.0000,2333,2903.0317,0.0000,1000,1000,1000,1,142.1510
23340.0000,2334,2903.0728,0.0000,1000,1000,999,1,142.2352
23350.0000,2335,2903.1138,0.0000,1000,1000,1000,1,142.0359
23360.0000,2336,2903.1551,0.0000,1000,1000,1000,1,142.1197
23370.0000,2337,2903.1961,0.0000,999,1000,1000,1,142.2041
23380.0000,2338,2903.2372,0.0000,999,1000,1000,1,142.5710
23390.0000,2339,2903.2783,0.0000,999,999,1000,1,142.9376
23400.0000,2340,2903.3190,0.0000,1000,1000,1000,1,142.4551
23410.0000,2341,2903.3600,0.0000,1000,1000,1000,1,142.8214
23420.0000,2342,2903.4005,0.0000,999,999,1000,1,142.3379
23430.0000,2343,2903.4415,0.0000,1000,999,1000,1,142.4208
23440.0000,2344,2903.4822,0.0000,1000,999,1000,1,142.5039
23450.0000,2345,2903.5229,0.0000,1000,999,999,1,142.3042
23460.0000,2346,2903.5636,0.0000,1000,1000,1000,1,142.6697
23470.0000,2347,2903.6043,0.0000,999,999,1000,1,142.7521
23480.0000,2348,2903.6448,0.0000,998,1000,1000,1,142.8342
23490.0000,2349,2903.6850,0.0000,998,1000,1000,1,142.9158
23500.0000,2350,2903.7254,0.0000,998,1000,1000,1,142.9969
23510.0000,2351,2903.7658,0.0000,998,1000,999,1,142.7947
23520.0000,2352,2903.8062,0.0000,999,1000,1000,1,142.5925
23530.0000,2353,2903.8462,0.0000,998,999,999,1,142.1070
23540.0000,2354,2903.8861,0.0000,1000,1000,1000,1,141.9066
23550.0000,2355,2903.9265,0.0000,999,1000,999,1,141.7058
23560.0000,2356,2903.9669,0.0000,999,1000,1000,1,141.7876
23570.0000,2357,2904.0073,0.0000,999,1000,1000,1,141.8690
23580.0000,2358,2904.0478,0.0000,1000,1000,1000,1,142.2329
23590.0000,2359,2904.0881,0.0000,999,999,1000,1,142.3135
23600.0000,2360,2904.1285,0.0000,1000,999,999,1,142.1111
23610.0000,2361,2904.1689,0.0000,999,1000,1000,1,142.4744
23620.0000,2362,2904.2091,0.0000,999,1000,1000,1,142.8375
23630.0000,2363,2904.2493,0.0000,1000,1000,1000,1,142.9168
23640.0000,2364,2904.2894,0.0000,1000,1000,1000,1,143.2794
23650.0000,2365,2904.3295,0.0000,1000,1000,1000,1,143.6416
23660.0000,2366,2904.3697,0.0000,1000,1000,1000,1,143.4352
23670.0000,2367,2904.4097,0.0000,1000,1000,1000,1,143.5127
23680.0000,2368,2904.4488,0.0000,999,1000,1000,1,142.4574
23690.0000,2369,2904.4886,0.0000,1000,1000,1000,1,142.2542
23700.0000,2370,2904.5285,0.0000,1000,1000,1000,1,142.3333
23710.0000,2371,2904.5686,0.0000,1000,999,1000,1,142.6950
23720.0000,2372,2904.6084,0.0000,1000,1000,1000,1,142.7731
23730.0000,2373,2904.6484,0.0000,999,1000,1000,1,143.1343
23740.0000,2374,2904.6880,0.0000,1000,1000,1000,1,143.2113
23750.0000,2375,2904.7276,0.0000,999,1000,999,1,143.0040
23760.0000,2376,2904.7664,0.0000,1000,999,1000,1,142.5130
23770.0000,2377,2904.8061,0.0000,1000,1000,1000,1,142.5898
23780.0000,2378,2904.8459,0.0000,1000,1000,1000,1,142.6669
23790.0000,2379,2904.8856,0.0000,998,999,999,1,142.7434
23800.0000,2380,2904.9250,0.0000,1000,1000,1000,1,142.8205
23810.0000,2381,2904.9642,0.0000,999,1000,999,1,142.6149
23820.0000,2382,2905.0037,0.0000,1000,1000,1000,1,142.6929
23830.0000,2383,2905.0431,0.0000,1000,1000,1000,1,142.4889
23840.0000,2384,2905.0822,0.0000,999,1000,1000,1,142.0031
23850.0000,2385,2905.1212,0.0000,1000,1000,1000,1,141.5188
23860.0000,2386,2905.1608,0.0000,1000,1000,1000,1,141.8786
23870.0000,2387,2905.2004,0.0000,1000,1000,1000,1,142.2381
23880.0000,2388,2905.2397,0.0000,1000,999,1000,1,141.7528
23890.0000,2389,2905.2788,0.0000,1000,999,1000,1,141.8310
23900.0000,2390,2905.3181,0.0000,999,1000,1000,1,141.6283
23910.0000,2391,2905.3575,0.0000,1000,1000,1000,1,141.9873
23920.0000,2392,2905.3968,0.0000,1000,1000,1000,1,142.3460
23930.0000,2393,2905.4359,0.0000,1000,999,1000,1,142.4228
23940.0000,2394,2905.4750,0.0000,1000,1000,1000,1,142.4992
23950.0000,2395,2905.5142,0.0000,999,999,1000,1,142.5753
23960.0000,2396,2905.5525,0.0000,997,999,998,1,142.0883
23970.0000,2397,2905.5906,0.0000,998,999,998,1,141.3202
23980.0000,2398,2905.6292,0.0000,1000,1000,1000,1,141.1185
23990.0000,2399,2905.6684,0.0000,999,1000,1000,1,141.4765
24000.0000,2400,2905.7072,0.0000,1000,1000,1000,1,140.9938
24010.0000,2401,2905.7461,0.0000,999,1000,1000,1,140.7920
24020.0000,2402,2905.7849,0.0000,999,999,1000,1,140.8699
24030.0000,2403,2905.8229,0.0000,1000,999,1000,1,139.2743
24040.0000,2404,2905.8615,0.0000,1000,999,1000,1,138.7992
24050.0000,2405,2905.8999,0.0000,999,1000,1000,1,138.6018
24060.0000,2406,2905.9387,0.0000,999,999,1000,1,138.9598
24070.0000,2407,2905.9766,0.0000,998,999,1000,1,138.4840
24080.0000,2408,2906.0151,0.0000,1000,1000,1000,1,138.2892
24090.0000,2409,2906.0538,0.0000,1000,1000,1000,1,138.3707
24100.0000,2410,2906.0922,0.0000,1000,1000,1000,1,138.4522
24110.0000,2411,2906.1304,0.0000,1000,1000,1000,1,137.9830
24120.0000,2412,2906.1686,0.0000,999,999,1000,1,136.9749
24130.0000,2413,2906.2072,0.0000,1000,1000,1000,1,137.3326
24140.0000,2414,2906.2457,0.0000,999,1000,1000,1,137.1438
24150.0000,2415,2906.2842,0.0000,1000,1000,1000,1,137.5011
24160.0000,2416,2906.3226,0.0000,999,1000,1000,1,137.0387
24170.0000,2417,2906.3608,0.0000,1000,1000,1000,1,136.3065
24180.0000,2418,2906.3990,0.0000,1000,1000,1000,1,135.8485
24190.0000,2419,2906.4372,0.0000,998,999,1000,1,134.8555
24200.0000,2420,2906.4751,0.0000,999,1000,1000,1,134.4071
24210.0000,2421,2906.5134,0.0000,999,999,1000,1,134.2278
24220.0000,2422,2906.5517,0.0000,1000,1000,1000,1,134.3175
24230.0000,2423,2906.5897,0.0000,1000,1000,1000,1,134.1386
24240.0000,2424,2906.6280,0.0000,1000,1000,1000,1,134.4958
24250.0000,2425,2906.6662,0.0000,1000,1000,1000,1,134.8527
24260.0000,2426,2906.7044,0.0000,999,999,1000,1,134.9408
24270.0000,2427,2906.7424,0.0000,999,999,1000,1,134.7606
24280.0000,2428,2906.7800,0.0000,999,999,1000,1,133.5131
24290.0000,2429,2906.8181,0.0000,999,999,999,1,133.3372
24300.0000,2430,2906.8553,0.0000,999,999,1000,1,132.6291
24310.0000,2431,2906.8932,0.0000,1000,999,999,1,132.1886
24320.0000,2432,2906.9311,0.0000,999,999,999,1,132.2801
24330.0000,2433,2906.9688,0.0000,999,999,1000,1,132.3714
24340.0000,2434,2907.0063,0.0000,1000,999,999,1,131.9323
24350.0000,2435,2907.0442,0.0000,1000,999,999,1,132.0236
24360.0000,2436,2907.0819,0.0000,1000,1000,1000,1,132.1150
24370.0000,2437,2907.1200,0.0000,1000,1000,1000,1,132.4712
24380.0000,2438,2907.1578,0.0000,999,1000,1000,1,132.8270
24390.0000,2439,2907.1955,0.0000,999,999,1000,1,132.9170
24400.0000,2440,2907.2330,0.0000,1000,1000,1000,1,132.7415
24410.0000,2441,2907.2707,0.0000,999,1000,1000,1,132.3012
24420.0000,2442,2907.3079,0.0000,999,999,1000,1,132.1267
24430.0000,2443,2907.3455,0.0000,999,1000,1000,1,131.9525
24440.0000,2444,2907.3831,0.0000,1000,1000,1000,1,132.0440
24450.0000,2445,2907.4205,0.0000,1000,1000,1000,1,132.1358
24460.0000,2446,2907.4580,0.0000,1000,1000,1000,1,132.4906
24470.0000,2447,2907.4954,0.0000,999,1000,1000,1,132.3183
24480.0000,2448,2907.5321,0.0000,999,998,999,1,131.6192
24490.0000,2449,2907.5693,0.0000,1000,1000,1000,1,131.4488
24500.0000,2450,2907.6066,0.0000,1000,999,1000,1,131.5417
24510.0000,2451,2907.6440,0.0000,999,1000,1000,1,131.8960
24520.0000,2452,2907.6810,0.0000,999,999,1000,1,131.2019
24530.0000,2453,2907.7182,0.0000,999,1000,999,1,131.0326
24540.0000,2454,2907.7555,0.0000,1000,1000,1000,1,131.1251
24550.0000,2455,2907.7927,0.0000,999,999,1000,1,131.2173
24560.0000,2456,2907.8300,0.0000,1000,1000,1000,1,131.5710
24570.0000,2457,2907.8671,0.0000,999,1000,1000,1,131.4006
24580.0000,2458,2907.9042,0.0000,1000,1000,1000,1,131.2316
24590.0000,2459,2907.9411,0.0000,999,1000,1000,1,130.8011
24600.0000,2460,2907.9780,0.0000,1000,1000,999,1,130.6323
24610.0000,2461,2908.0151,0.0000,1000,1000,999,1,130.7246
24620.0000,2462,2908.0520,0.0000,1000,1000,1000,1,130.8169
24630.0000,2463,2908.0887,0.0000,999,1000,1000,1,130.6480
24640.0000,2464,2908.1253,0.0000,1000,1000,999,1,130.2181
24650.0000,2465,2908.1617,0.0000,999,1000,999,1,129.7887
24660.0000,2466,2908.1983,0.0000,1000,1000,1000,1,129.3602
24670.0000,2467,2908.2354,0.0000,1000,1000,1000,1,129.7131
24680.0000,2468,2908.2721,0.0000,1000,999,1000,1,129.0298
24690.0000,2469,2908.3087,0.0000,999,999,1000,1,129.1241
24700.0000,2470,2908.3454,0.0000,998,1000,999,1,128.7021
24710.0000,2471,2908.3816,0.0000,999,999,999,1,128.5384
24720.0000,2472,2908.4174,0.0000,998,999,999,1,128.1184
24730.0000,2473,2908.4538,0.0000,999,999,999,1,127.9574
24740.0000,2474,2908.4904,0.0000,999,1000,1000,1,128.0537
24750.0000,2475,2908.5269,0.0000,999,999,1000,1,128.1492
24760.0000,2476,2908.5631,0.0000,999,1000,1000,1,127.7320
24770.0000,2477,2908.5994,0.0000,998,999,999,1,127.3192
24780.0000,2478,2908.6358,0.0000,999,1000,1000,1,127.4167
24790.0000,2479,2908.6717,0.0000,999,999,1000,1,126.7500
24800.0000,2480,2908.7083,0.0000,999,1000,999,1,126.8474
24810.0000,2481,2908.7447,0.0000,1000,1000,1000,1,126.9448
24820.0000,2482,2908.7811,0.0000,1000,1000,1000,1,127.0424
24830.0000,2483,2908.8176,0.0000,1000,1000,1000,1,127.3940
24840.0000,2484,2908.8542,0.0000,1000,1000,1000,1,127.7453
24850.0000,2485,2908.8903,0.0000,999,1000,1000,1,127.0776
24860.0000,2486,2908.9269,0.0000,1000,1000,1000,1,127.4287
24870.0000,2487,2908.9629,0.0000,1000,1000,1000,1,127.5245
24880.0000,2488,2908.9989,0.0000,1000,1000,1000,1,127.1093
24890.0000,2489,2909.0345,0.0000,998,999,1000,1,126.4386
24900.0000,2490,2909.0705,0.0000,1000,1000,1000,1,126.5345
24910.0000,2491,2909.1066,0.0000,999,1000,1000,1,126.3748
24920.0000,2492,2909.1427,0.0000,999,1000,1000,1,126.4701
24930.0000,2493,2909.1789,0.0000,999,1000,1000,1,126.5656
24940.0000,2494,2909.2151,0.0000,1000,1000,1000,1,126.6607
24950.0000,2495,2909.2513,0.0000,1000,1000,1000,1,126.7556
24960.0000,2496,2909.2859,0.0000,999,1000,1000,1,125.8308
24970.0000,2497,2909.3220,0.0000,999,1000,1000,1,125.9264
24980.0000,2498,2909.3578,0.0000,999,999,1000,1,126.0213
24990.0000,2499,2909.3934,0.0000,1000,1000,1000,1,125.0983
25000.0000,2500,2909.4294,0.0000,1000,999,1000,1,124.9395
25010.0000,2501,2909.4645,0.0000,999,1000,999,1,124.0201
25020.0000,2502,2909.5004,0.0000,999,1000,1000,1,123.8631
25030.0000,2503,2909.5362,0.0000,999,999,999,1,123.7052
25040.0000,2504,2909.5719,0.0000,1000,1000,1000,1,123.5478
25050.0000,2505,2909.6076,0.0000,999,999,1000,1,123.6440
25060.0000,2506,2909.6432,0.0000,1000,1000,999,1,123.4884
25070.0000,2507,2909.6787,0.0000,999,1000,1000,1,123.5850
25080.0000,2508,2909.7143,0.0000,999,999,1000,1,123.6819
25090.0000,2509,2909.7499,0.0000,1000,1000,1000,1,123.5256
25100.0000,2510,2909.7855,0.0000,1000,1000,1000,1,123.3691
25110.0000,2511,2909.8210,0.0000,999,999,999,1,123.2128
25120.0000,2512,2909.8565,0.0000,999,1000,999,1,123.0566
25130.0000,2513,2909.8918,0.0000,999,999,1000,1,123.1531
25140.0000,2514,2909.9272,0.0000,1000,999,1000,1,123.5018
25150.0000,2515,2909.9621,0.0000,999,1000,1000,1,123.0926
25160.0000,2516,2909.9975,0.0000,1000,999,1000,1,123.1888
25170.0000,2517,2910.0330,0.0000,999,1000,1000,1,123.0328
25180.0000,2518,2910.0682,0.0000,1000,1000,1000,1,122.8768
25190.0000,2519,2910.1037,0.0000,1000,1000,1000,1,123.2250
25200.0000,2520,2910.1391,0.0000,1000,1000,1000,1,123.5729
25210.0000,2521,2910.1742,0.0000,1000,1000,1000,1,123.4157
25220.0000,2522,2910.2094,0.0000,999,1000,999,1,123.2592
25230.0000,2523,2910.2443,0.0000,998,1000,999,1,122.8523
25240.0000,2524,2910.2794,0.0000,1000,999,1000,1,122.9488
25250.0000,2525,2910.3144,0.0000,999,999,1000,1,122.7934
25260.0000,2526,2910.3493,0.0000,999,999,999,1,122.3886
25270.0000,2527,2910.3842,0.0000,999,1000,1000,1,122.4854
25280.0000,2528,2910.4191,0.0000,999,1000,1000,1,122.0838
25290.0000,2529,2910.4542,0.0000,1000,1000,1000,1,121.9325
25300.0000,2530,2910.4893,0.0000,999,1000,1000,1,122.2796
25310.0000,2531,2910.5244,0.0000,999,1000,1000,1,122.3766
25320.0000,2532,2910.5594,0.0000,999,999,1000,1,121.7243
25330.0000,2533,2910.5941,0.0000,999,1000,1000,1,120.8267
25340.0000,2534,2910.6290,0.0000,999,1000,1000,1,120.4275
25350.0000,2535,2910.6634,0.0000,999,1000,999,1,120.0282
25360.0000,2536,2910.6985,0.0000,1000,1000,1000,1,120.3752
25370.0000,2537,2910.7331,0.0000,1000,1000,1000,1,119.9772
25380.0000,2538,2910.7679,0.0000,999,1000,1000,1,119.8280
25390.0000,2539,2910.8026,0.0000,999,1000,1000,1,119.9267
25400.0000,2540,2910.8373,0.0000,1000,1000,1000,1,120.0251
25410.0000,2541,2910.8721,0.0000,1000,1000,1000,1,120.1229
25420.0000,2542,2910.9070,0.0000,1000,1000,1000,1,120.4691
25430.0000,2543,2910.9415,0.0000,1000,1000,1000,1,120.0686
25440.0000,2544,2910.9762,0.0000,999,999,1000,1,120.1658
25450.0000,2545,2911.0105,0.0000,1000,1000,1000,1,120.0135
25460.0000,2546,2911.0451,0.0000,1000,1000,1000,1,119.8622
25470.0000,2547,2911.0797,0.0000,999,1000,1000,1,119.7122
25480.0000,2548,2911.1137,0.0000,999,1000,1000,1,118.8245
25490.0000,2549,2911.1482,0.0000,1000,1000,1000,1,118.9246
25500.0000,2550,2911.1828,0.0000,999,999,1000,1,119.2702
25510.0000,2551,2911.2171,0.0000,999,1000,1000,1,119.1245
25520.0000,2552,2911.2512,0.0000,999,999,1000,1,119.2245
25530.0000,2553,2911.2855,0.0000,1000,1000,1000,1,119.3241
25540.0000,2554,2911.3200,0.0000,1000,1000,1000,1,119.4234
25550.0000,2555,2911.3542,0.0000,999,1000,1000,1,119.2766
25560.0000,2556,2911.3886,0.0000,1000,999,1000,1,119.6212
25570.0000,2557,2911.4227,0.0000,999,1000,999,1,119.2274
25580.0000,2558,2911.4569,0.0000,999,1000,1000,1,119.3270
25590.0000,2559,2911.4908,0.0000,1000,1000,1000,1,118.6928
25600.0000,2560,2911.5251,0.0000,1000,1000,1000,1,119.0370
25610.0000,2561,2911.5594,0.0000,999,1000,1000,1,119.3810
25620.0000,2562,2911.5937,0.0000,999,999,999,1,119.4802
25630.0000,2563,2911.6276,0.0000,999,1000,1000,1,119.5792
25640.0000,2564,2911.6616,0.0000,1000,1000,1000,1,118.9462
25650.0000,2565,2911.6958,0.0000,999,1000,1000,1,119.0456
25660.0000,2566,2911.7300,0.0000,1000,1000,1000,1,119.3890
25670.0000,2567,2911.7641,0.0000,999,999,1000,1,119.4874
25680.0000,2568,2911.7981,0.0000,1000,1000,1000,1,119.5859
25690.0000,2569,2911.8322,0.0000,1000,1000,1000,1,119.9286
25700.0000,2570,2911.8663,0.0000,1000,1000,1000,1,120.2710
25710.0000,2571,2911.9003,0.0000,1000,1000,1000,1,120.3681
25720.0000,2572,2911.9342,0.0000,1000,1000,1000,1,120.4648
25730.0000,2573,2911.9680,0.0000,999,999,999,1,120.3164
25740.0000,2574,2912.0018,0.0000,999,1000,1000,1,120.4131
25750.0000,2575,2912.0355,0.0000,998,1000,1000,1,120.2644
25760.0000,2576,2912.0691,0.0000,1000,1000,1000,1,120.3611
25770.0000,2577,2912.1031,0.0000,999,1000,1000,1,120.7024
25780.0000,2578,2912.1368,0.0000,1000,1000,1000,1,120.7983
25790.0000,2579,2912.1705,0.0000,1000,999,1000,1,120.6498
25800.0000,2580,2912.2041,0.0000,1000,1000,1000,1,120.7458
25810.0000,2581,2912.2379,0.0000,1000,1000,1000,1,121.0864
25820.0000,2582,2912.2716,0.0000,1000,1000,1000,1,121.1813
25830.0000,2583,2912.3054,0.0000,1000,1000,1000,1,121.5215
25840.0000,2584,2912.3391,0.0000,998,999,999,1,121.3695
25850.0000,2585,2912.3726,0.0000,1000,999,1000,1,121.7093
25860.0000,2586,2912.4060,0.0000,999,999,1000,1,121.8024
25870.0000,2587,2912.4395,0.0000,1000,1000,1000,1,121.8959
25880.0000,2588,2912.4726,0.0000,999,1000,1000,1,121.2527
25890.0000,2589,2912.5062,0.0000,1000,1000,1000,1,121.5922
25900.0000,2590,2912.5397,0.0000,999,1000,1000,1,121.9313
25910.0000,2591,2912.5733,0.0000,999,1000,1000,1,122.2702
25920.0000,2592,2912.6067,0.0000,999,999,1000,1,122.6088
25930.0000,2593,2912.6402,0.0000,1000,1000,1000,1,122.9472
25940.0000,2594,2912.6733,0.0000,1000,999,1000,1,122.7919
25950.0000,2595,2912.7066,0.0000,1000,999,1000,1,122.8835
25960.0000,2596,2912.7400,0.0000,999,1000,1000,1,122.9750
25970.0000,2597,2912.7731,0.0000,1000,1000,1000,1,122.8217
25980.0000,2598,2912.8063,0.0000,1000,1000,1000,1,122.9139
25990.0000,2599,2912.8394,0.0000,999,999,999,1,122.2723
26000.0000,2600,2912.8721,0.0000,1000,1000,1000,1,122.3658
26010.0000,2601,2912.9051,0.0000,999,1000,1000,1,122.2150
26020.0000,2602,2912.9382,0.0000,999,1000,1000,1,122.3081
26030.0000,2603,2912.9712,0.0000,1000,1000,999,1,121.9134
26040.0000,2604,2913.0040,0.0000,999,1000,1000,1,121.2798
26050.0000,2605,2913.0371,0.0000,999,1000,1000,1,121.6171
26060.0000,2606,2913.0702,0.0000,999,1000,1000,1,121.7120
26070.0000,2607,2913.1031,0.0000,998,999,999,1,121.5639
26080.0000,2608,2913.1358,0.0000,998,1000,1000,1,121.4156
26090.0000,2609,2913.1685,0.0000,1000,1000,1000,1,120.5429
26100.0000,2610,2913.2015,0.0000,1000,1000,1000,1,120.8798
26110.0000,2611,2913.2345,0.0000,1000,1000,1000,1,121.2165
26120.0000,2612,2913.2669,0.0000,1000,1000,1000,1,120.8288
26130.0000,2613,2913.2998,0.0000,1000,999,1000,1,121.1652
26140.0000,2614,2913.3325,0.0000,1000,1000,1000,1,121.0189
26150.0000,2615,2913.3653,0.0000,1000,999,1000,1,121.1137
26160.0000,2616,2913.3982,0.0000,1000,1000,1000,1,121.4497
26170.0000,2617,2913.4311,0.0000,999,1000,1000,1,121.7854
26180.0000,2618,2913.4635,0.0000,999,1000,1000,1,121.3963
26190.0000,2619,2913.4961,0.0000,1000,999,1000,1,121.2491
26200.0000,2620,2913.5283,0.0000,1000,1000,1000,1,120.8614
26210.0000,2621,2913.5607,0.0000,1000,1000,1000,1,120.2352
26220.0000,2622,2913.5934,0.0000,1000,1000,1000,1,120.3304
26230.0000,2623,2913.6261,0.0000,1000,1000,1000,1,120.6658
26240.0000,2624,2913.6589,0.0000,1000,1000,1000,1,121.0009
26250.0000,2625,2913.6915,0.0000,1000,999,1000,1,120.8541
26260.0000,2626,2913.7242,0.0000,1000,1000,1000,1,121.1889
26270.0000,2627,2913.7564,0.0000,999,999,1000,1,121.0419
26280.0000,2628,2913.7888,0.0000,1000,1000,1000,1,121.1353
26290.0000,2629,2913.8211,0.0000,1000,1000,1000,1,121.2286
26300.0000,2630,2913.8536,0.0000,999,1000,1000,1,120.8400
26310.0000,2631,2913.8858,0.0000,999,999,1000,1,120.9333
26320.0000,2632,2913.9181,0.0000,1000,1000,1000,1,121.0271
26330.0000,2633,2913.9506,0.0000,1000,1000,1000,1,121.3610
26340.0000,2634,2913.9829,0.0000,1000,1000,1000,1,121.4536
26350.0000,2635,2914.0154,0.0000,1000,1000,1000,1,121.5457
26360.0000,2636,2914.0477,0.0000,1000,1000,1000,1,121.3966
26370.0000,2637,2914.0801,0.0000,1000,1000,1000,1,121.4887
26380.0000,2638,2914.1121,0.0000,1000,1000,1000,1,121.0984
26390.0000,2639,2914.1441,0.0000,1000,1000,1000,1,120.4673
26400.0000,2640,2914.1761,0.0000,999,1000,999,1,119.8362
26410.0000,2641,2914.2082,0.0000,999,1000,1000,1,119.9283
26420.0000,2642,2914.2402,0.0000,999,999,1000,1,119.2974
26430.0000,2643,2914.2724,0.0000,1000,1000,1000,1,119.3899
26440.0000,2644,2914.3042,0.0000,1000,999,1000,1,119.0015
26450.0000,2645,2914.3362,0.0000,999,1000,1000,1,119.0943
26460.0000,2646,2914.3683,0.0000,999,1000,1000,1,119.1868
26470.0000,2647,2914.4004,0.0000,999,1000,1000,1,119.5195
26480.0000,2648,2914.4324,0.0000,999,999,1000,1,119.8520
26490.0000,2649,2914.4638,0.0000,1000,1000,1000,1,119.7018
26500.0000,2650,2914.4955,0.0000,1000,1000,1000,1,119.7927
26510.0000,2651,2914.5276,0.0000,999,1000,1000,1,120.1247
26520.0000,2652,2914.5593,0.0000,999,999,999,1,119.2525
26530.0000,2653,2914.5912,0.0000,999,1000,1000,1,119.3441
26540.0000,2654,2914.6231,0.0000,1000,999,1000,1,119.6759
26550.0000,2655,2914.6547,0.0000,999,999,999,1,119.5253
26560.0000,2656,2914.6865,0.0000,1000,1000,1000,1,119.6157
26570.0000,2657,2914.7182,0.0000,999,999,999,1,119.4644
26580.0000,2658,2914.7492,0.0000,999,999,1000,1,118.5954
26590.0000,2659,2914.7807,0.0000,1000,1000,1000,1,118.2079
26600.0000,2660,2914.8125,0.0000,1000,999,1000,1,118.2999
26610.0000,2661,2914.8443,0.0000,1000,999,1000,1,118.1513
26620.0000,2662,2914.8760,0.0000,1000,1000,1000,1,118.2426
26630.0000,2663,2914.9077,0.0000,1000,999,1000,1,118.5737
26640.0000,2664,2914.9393,0.0000,1000,1000,1000,1,118.1864
26650.0000,2665,2914.9709,0.0000,999,999,1000,1,118.2781
26660.0000,2666,2915.0021,0.0000,998,1000,1000,1,117.6519
26670.0000,2667,2915.0335,0.0000,1000,1000,1000,1,117.5044
26680.0000,2668,2915.0652,0.0000,999,1000,1000,1,117.8352
26690.0000,2669,2915.0968,0.0000,999,1000,1000,1,118.1657
26700.0000,2670,2915.1281,0.0000,999,999,1000,1,118.2566
26710.0000,2671,2915.1593,0.0000,998,999,1000,1,118.1083
26720.0000,2672,2915.1907,0.0000,1000,1000,1000,1,118.1993
26730.0000,2673,2915.2218,0.0000,1000,1000,1000,1,118.0506
26740.0000,2674,2915.2534,0.0000,1000,1000,1000,1,118.3804
26750.0000,2675,2915.2849,0.0000,1000,1000,1000,1,118.7100
26760.0000,2676,2915.3161,0.0000,1000,1000,999,1,118.3211
26770.0000,2677,2915.3468,0.0000,1000,1000,1000,1,118.1713
26780.0000,2678,2915.3782,0.0000,999,1000,999,1,118.2611
26790.0000,2679,2915.4094,0.0000,999,1000,1000,1,118.3507
26800.0000,2680,2915.4405,0.0000,999,1000,1000,1,118.4399
26810.0000,2681,2915.4717,0.0000,999,1000,1000,1,118.5294
26820.0000,2682,2915.5027,0.0000,999,1000,1000,1,118.1410
26830.0000,2683,2915.5340,0.0000,1000,1000,1000,1,118.4697
26840.0000,2684,2915.5653,0.0000,999,999,1000,1,118.5593
26850.0000,2685,2915.5965,0.0000,999,1000,1000,1,118.8876
26860.0000,2686,2915.6274,0.0000,1000,1000,1000,1,118.7378
26870.0000,2687,2915.6584,0.0000,1000,1000,1000,1,118.5894
26880.0000,2688,2915.6895,0.0000,1000,1000,1000,1,118.4424
26890.0000,2689,2915.7207,0.0000,1000,1000,1000,1,118.7703
26900.0000,2690,2915.7514,0.0000,1000,999,1000,1,118.3865
26910.0000,2691,2915.7823,0.0000,999,1000,1000,1,118.2400
26920.0000,2692,2915.8131,0.0000,999,999,1000,1,118.5676
26930.0000,2693,2915.8439,0.0000,1000,999,999,1,118.1833
26940.0000,2694,2915.8749,0.0000,1000,999,1000,1,118.5105
26950.0000,2695,2915.9058,0.0000,999,1000,1000,1,118.6002
26960.0000,2696,2915.9366,0.0000,999,999,1000,1,118.6897
26970.0000,2697,2915.9675,0.0000,1000,1000,1000,1,118.5411
26980.0000,2698,2915.9982,0.0000,1000,1000,999,1,118.6301
26990.0000,2699,2916.0291,0.0000,1000,1000,1000,1,118.7189
27000.0000,2700,2916.0598,0.0000,999,999,1000,1,118.8073
27010.0000,2701,2916.0904,0.0000,999,999,1000,1,118.6575
27020.0000,2702,2916.1210,0.0000,1000,1000,999,1,118.7451
27030.0000,2703,2916.1518,0.0000,1000,1000,1000,1,118.8332
27040.0000,2704,2916.1828,0.0000,1000,1000,1000,1,119.1591
27050.0000,2705,2916.2131,0.0000,998,1000,999,1,118.5324
27060.0000,2706,2916.2437,0.0000,999,1000,1000,1,118.8581
27070.0000,2707,2916.2745,0.0000,1000,1000,1000,1,119.1836
27080.0000,2708,2916.3044,0.0000,999,998,998,1,118.5562
27090.0000,2709,2916.3344,0.0000,1000,999,1000,1,118.6437
27100.0000,2710,2916.3648,0.0000,999,1000,1000,1,118.4931
27110.0000,2711,2916.3954,0.0000,999,1000,1000,1,118.3434
27120.0000,2712,2916.4259,0.0000,1000,1000,1000,1,118.6685
27130.0000,2713,2916.4564,0.0000,1000,999,1000,1,118.7560
27140.0000,2714,2916.4867,0.0000,1000,1000,1000,1,118.8433
27150.0000,2715,2916.5173,0.0000,1000,1000,1000,1,119.1678
27160.0000,2716,2916.5477,0.0000,999,1000,1000,1,119.2541
27170.0000,2717,2916.5776,0.0000,999,999,1000,1,118.6288
27180.0000,2718,2916.6077,0.0000,999,1000,1000,1,118.2429
27190.0000,2719,2916.6380,0.0000,999,999,999,1,117.3835
27200.0000,2720,2916.6683,0.0000,1000,1000,1000,1,117.2364
27210.0000,2721,2916.6984,0.0000,999,1000,1000,1,117.3250
27220.0000,2722,2916.7286,0.0000,1000,1000,1000,1,117.4132
27230.0000,2723,2916.7584,0.0000,999,999,999,1,116.7921
27240.0000,2724,2916.7883,0.0000,998,1000,999,1,116.1747
27250.0000,2725,2916.8179,0.0000,1000,1000,1000,1,116.0297
27260.0000,2726,2916.8482,0.0000,1000,1000,1000,1,116.1194
27270.0000,2727,2916.8784,0.0000,999,1000,1000,1,116.4436
27280.0000,2728,2916.9083,0.0000,1000,1000,999,1,116.2974
27290.0000,2729,2916.9384,0.0000,1000,999,999,1,116.3864
27300.0000,2730,2916.9685,0.0000,1000,1000,1000,1,116.7101
27310.0000,2731,2916.9987,0.0000,1000,1000,1000,1,116.5637
27320.0000,2732,2917.0282,0.0000,1000,1000,1000,1,115.9474
27330.0000,2733,2917.0582,0.0000,999,1000,1000,1,116.0358
27340.0000,2734,2917.0883,0.0000,1000,1000,1000,1,116.1237
27350.0000,2735,2917.1183,0.0000,1000,1000,1000,1,116.2114
27360.0000,2736,2917.1483,0.0000,1000,1000,1000,1,116.5344
27370.0000,2737,2917.1783,0.0000,999,1000,1000,1,116.8572
27380.0000,2738,2917.2083,0.0000,1000,1000,1000,1,117.1797
27390.0000,2739,2917.2382,0.0000,999,999,999,1,117.0292
27400.0000,2740,2917.2680,0.0000,999,1000,1000,1,116.4064
27410.0000,2741,2917.2972,0.0000,999,999,1000,1,115.5525
27420.0000,2742,2917.3269,0.0000,1000,1000,1000,1,115.1719
27430.0000,2743,2917.3567,0.0000,999,1000,1000,1,115.0261
27440.0000,2744,2917.3865,0.0000,1000,1000,1000,1,114.8802
27450.0000,2745,2917.4163,0.0000,1000,1000,1000,1,114.5008
27460.0000,2746,2917.4460,0.0000,1000,1000,1000,1,114.3565
27470.0000,2747,2917.4756,0.0000,999,999,1000,1,114.6789
27480.0000,2748,2917.5053,0.0000,999,999,1000,1,114.5338
27490.0000,2749,2917.5350,0.0000,1000,999,1000,1,114.6224
27500.0000,2750,2917.5646,0.0000,1000,1000,999,1,114.4771
27510.0000,2751,2917.5944,0.0000,1000,1000,1000,1,114.5659
27520.0000,2752,2917.6238,0.0000,999,999,1000,1,114.6544
27530.0000,2753,2917.6535,0.0000,1000,1000,1000,1,114.9760
27540.0000,2754,2917.6830,0.0000,1000,1000,1000,1,114.8309
27550.0000,2755,2917.7127,0.0000,999,999,1000,1,115.1522
27560.0000,2756,2917.7420,0.0000,999,999,1000,1,115.0062
27570.0000,2757,2917.7715,0.0000,1000,1000,1000,1,115.0937
27580.0000,2758,2917.8012,0.0000,1000,1000,1000,1,115.1823
27590.0000,2759,2917.8308,0.0000,1000,1000,1000,1,115.2708
27600.0000,2760,2917.8598,0.0000,999,999,999,1,114.6622
27610.0000,2761,2917.8890,0.0000,1000,999,999,1,114.5185
27620.0000,2762,2917.9184,0.0000,1000,1000,1000,1,114.6071
27630.0000,2763,2917.9478,0.0000,1000,1000,1000,1,114.6954
27640.0000,2764,2917.9773,0.0000,999,1000,1000,1,114.7833
27650.0000,2765,2918.0065,0.0000,999,1000,999,1,114.6386
27660.0000,2766,2918.0356,0.0000,999,1000,1000,1,114.2634
27670.0000,2767,2918.0645,0.0000,1000,1000,1000,1,113.8912
27680.0000,2768,2918.0941,0.0000,999,1000,1000,1,114.2113
27690.0000,2769,2918.1233,0.0000,999,999,1000,1,114.0696
27700.0000,2770,2918.1525,0.0000,999,999,1000,1,114.3894
27710.0000,2771,2918.1814,0.0000,1000,1000,1000,1,114.0183
27720.0000,2772,2918.2107,0.0000,999,999,1000,1,114.3379
27730.0000,2773,2918.2399,0.0000,999,1000,1000,1,114.1965
27740.0000,2774,2918.2690,0.0000,999,999,1000,1,114.2852
27750.0000,2775,2918.2975,0.0000,1000,1000,1000,1,113.9119
27760.0000,2776,2918.3266,0.0000,999,1000,999,1,113.7689
27770.0000,2777,2918.3553,0.0000,1000,1000,999,1,113.3956
27780.0000,2778,2918.3843,0.0000,1000,1000,1000,1,113.4841
27790.0000,2779,2918.4130,0.0000,1000,1000,1000,1,113.3419
27800.0000,2780,2918.4419,0.0000,999,1000,1000,1,113.2003
27810.0000,2781,2918.4708,0.0000,999,999,1000,1,112.8286
27820.0000,2782,2918.4997,0.0000,999,1000,999,1,112.4576
27830.0000,2783,2918.5286,0.0000,1000,999,1000,1,112.5468
27840.0000,2784,2918.5578,0.0000,999,1000,1000,1,112.8656
27850.0000,2785,2918.5865,0.0000,1000,1000,1000,1,112.4939
27860.0000,2786,2918.6154,0.0000,999,999,1000,1,112.3528
27870.0000,2787,2918.6443,0.0000,999,1000,1000,1,112.2119
27880.0000,2788,2918.6729,0.0000,1000,999,999,1,111.8413
27890.0000,2789,2918.7015,0.0000,1000,1000,1000,1,112.1595
27900.0000,2790,2918.7303,0.0000,999,1000,999,1,112.2474
27910.0000,2791,2918.7588,0.0000,1000,1000,1000,1,112.3353
27920.0000,2792,2918.7875,0.0000,1000,1000,1000,1,112.6533
27930.0000,2793,2918.8163,0.0000,999,1000,1000,1,112.7404
27940.0000,2794,2918.8451,0.0000,1000,1000,1000,1,112.8271
27950.0000,2795,2918.8738,0.0000,999,999,999,1,112.9133
27960.0000,2796,2918.9025,0.0000,999,1000,1000,1,112.7686
27970.0000,2797,2918.9311,0.0000,999,1000,1000,1,112.6243
27980.0000,2798,2918.9599,0.0000,1000,1000,1000,1,112.9414
27990.0000,2799,2918.9885,0.0000,1000,1000,1000,1,112.5663
28000.0000,2800,2919.0171,0.0000,999,1000,1000,1,112.6523
28010.0000,2801,2919.0456,0.0000,999,999,1000,1,112.5074
28020.0000,2802,2919.0741,0.0000,999,1000,999,1,112.5929
28030.0000,2803,2919.1024,0.0000,999,1000,1000,1,112.2170
28040.0000,2804,2919.1308,0.0000,1000,1000,1000,1,112.0737
28050.0000,2805,2919.1594,0.0000,1000,1000,1000,1,112.3903
28060.0000,2806,2919.1880,0.0000,999,1000,1000,1,112.7066
28070.0000,2807,2919.2165,0.0000,1000,1000,1000,1,113.0227
28080.0000,2808,2919.2450,0.0000,1000,999,999,1,113.1082
28090.0000,2809,2919.2734,0.0000,1000,1000,1000,1,113.1942
28100.0000,2810,2919.3018,0.0000,1000,1000,1000,1,112.8219
28110.0000,2811,2919.3304,0.0000,999,1000,1000,1,113.1375
28120.0000,2812,2919.3589,0.0000,999,1000,1000,1,113.4529
28130.0000,2813,2919.3866,0.0000,1000,999,999,1,112.6211
28140.0000,2814,2919.4150,0.0000,999,1000,1000,1,112.9364
28150.0000,2815,2919.4432,0.0000,999,999,1000,1,113.0225
28160.0000,2816,2919.4709,0.0000,999,1000,1000,1,112.4238
28170.0000,2817,2919.4993,0.0000,1000,1000,1000,1,112.5107
28180.0000,2818,2919.5278,0.0000,1000,1000,1000,1,112.8256
28190.0000,2819,2919.5561,0.0000,999,1000,1000,1,113.1404
28200.0000,2820,2919.5842,0.0000,999,999,1000,1,113.2260
28210.0000,2821,2919.6123,0.0000,1000,1000,1000,1,113.0829
28220.0000,2822,2919.6403,0.0000,999,1000,1000,1,112.9403
28230.0000,2823,2919.6685,0.0000,1000,1000,1000,1,113.2546
28240.0000,2824,2919.6967,0.0000,999,1000,1000,1,113.3407
28250.0000,2825,2919.7247,0.0000,1000,1000,1000,1,113.4265
28260.0000,2826,2919.7529,0.0000,1000,1000,1000,1,113.7402
28270.0000,2827,2919.7807,0.0000,999,999,1000,1,113.3696
28280.0000,2828,2919.8088,0.0000,1000,1000,1000,1,113.6831
28290.0000,2829,2919.8370,0.0000,999,999,1000,1,113.9964
28300.0000,2830,2919.8649,0.0000,999,1000,1000,1,114.0812
28310.0000,2831,2919.8928,0.0000,999,999,999,1,113.7105
28320.0000,2832,2919.9207,0.0000,1000,1000,1000,1,113.5681
28330.0000,2833,2919.9486,0.0000,999,1000,1000,1,113.4264
28340.0000,2834,2919.9765,0.0000,1000,1000,1000,1,113.2848
28350.0000,2835,2920.0044,0.0000,999,1000,1000,1,113.1427
28360.0000,2836,2920.0322,0.0000,999,1000,1000,1,112.5480
28370.0000,2837,2920.0597,0.0000,1000,999,999,1,112.1811
28380.0000,2838,2920.0873,0.0000,999,1000,1000,1,111.5881
28390.0000,2839,2920.1152,0.0000,1000,1000,1000,1,111.9010
28400.0000,2840,2920.1429,0.0000,1000,1000,1000,1,111.7614
28410.0000,2841,2920.1708,0.0000,999,999,999,1,111.6225
28420.0000,2842,2920.1983,0.0000,1000,999,1000,1,111.4846
28430.0000,2843,2920.2260,0.0000,1000,1000,1000,1,111.5719
28440.0000,2844,2920.2539,0.0000,1000,1000,1000,1,111.8843
28450.0000,2845,2920.2817,0.0000,1000,1000,1000,1,112.1964
28460.0000,2846,2920.3093,0.0000,999,998,1000,1,112.2833
28470.0000,2847,2920.3366,0.0000,1000,999,1000,1,111.6957
28480.0000,2848,2920.3642,0.0000,998,1000,999,1,111.5572
28490.0000,2849,2920.3920,0.0000,999,999,1000,1,111.8690
28500.0000,2850,2920.4197,0.0000,1000,999,1000,1,112.1806
28510.0000,2851,2920.4473,0.0000,999,1000,1000,1,112.4920
28520.0000,2852,2920.4750,0.0000,1000,1000,1000,1,112.8032
28530.0000,2853,2920.5028,0.0000,999,1000,1000,1,113.1142
28540.0000,2854,2920.5301,0.0000,999,999,999,1,113.1981
28550.0000,2855,2920.5575,0.0000,999,999,999,1,113.0552
28560.0000,2856,2920.5848,0.0000,1000,1000,1000,1,112.6876
28570.0000,2857,2920.6123,0.0000,999,1000,1000,1,112.7731
28580.0000,2858,2920.6397,0.0000,999,999,1000,1,112.1845
28590.0000,2859,2920.6668,0.0000,1000,999,1000,1,111.5979
28600.0000,2860,2920.6944,0.0000,1000,1000,1000,1,111.9086
28610.0000,2861,2920.7219,0.0000,999,999,1000,1,111.9944
28620.0000,2862,2920.7492,0.0000,1000,1000,1000,1,112.0802
28630.0000,2863,2920.7766,0.0000,999,1000,1000,1,111.9414
28640.0000,2864,2920.8040,0.0000,999,999,1000,1,112.2515
28650.0000,2865,2920.8313,0.0000,999,1000,1000,1,112.3367
28660.0000,2866,2920.8587,0.0000,999,999,1000,1,112.4216
28670.0000,2867,2920.8860,0.0000,999,1000,1000,1,112.5063
28680.0000,2868,2920.9132,0.0000,999,1000,1000,1,112.3656
28690.0000,2869,2920.9404,0.0000,999,1000,1000,1,112.2246
28700.0000,2870,2920.9679,0.0000,1000,1000,1000,1,112.5339
28710.0000,2871,2920.9949,0.0000,999,999,999,1,112.3919
28720.0000,2872,2921.0214,0.0000,998,998,1000,1,111.5750
28730.0000,2873,2921.0487,0.0000,999,1000,999,1,111.6591
28740.0000,2874,2921.0758,0.0000,999,1000,1000,1,111.2949
28750.0000,2875,2921.1030,0.0000,999,1000,1000,1,111.6040
28760.0000,2876,2921.1302,0.0000,1000,1000,1000,1,111.9129
28770.0000,2877,2921.1573,0.0000,1000,1000,1000,1,112.2216
28780.0000,2878,2921.1844,0.0000,999,1000,1000,1,111.8552
28790.0000,2879,2921.2113,0.0000,1000,999,1000,1,111.7157
28800.0000,2880,2921.2384,0.0000,999,999,999,1,111.5757
28810.0000,2881,2921.2651,0.0000,1000,1000,999,1,111.4356
28820.0000,2882,2921.2920,0.0000,1000,1000,1000,1,111.2962
28830.0000,2883,2921.3190,0.0000,999,999,1000,1,111.6045
28840.0000,2884,2921.3460,0.0000,999,999,1000,1,111.4647
28850.0000,2885,2921.3730,0.0000,1000,1000,1000,1,111.5484
28860.0000,2886,2921.3997,0.0000,999,999,1000,1,111.4077
28870.0000,2887,2921.4265,0.0000,999,1000,1000,1,111.4915
28880.0000,2888,2921.4534,0.0000,999,1000,1000,1,111.7992
28890.0000,2889,2921.4803,0.0000,1000,1000,1000,1,111.8825
28900.0000,2890,2921.5071,0.0000,999,1000,1000,1,111.9656
28910.0000,2891,2921.5339,0.0000,1000,1000,1000,1,112.0483
28920.0000,2892,2921.5610,0.0000,999,1000,1000,1,112.3553
28930.0000,2893,2921.5877,0.0000,999,1000,1000,1,111.9886
28940.0000,2894,2921.6146,0.0000,999,1000,1000,1,112.2954
28950.0000,2895,2921.6410,0.0000,999,999,999,1,111.2575
28960.0000,2896,2921.6675,0.0000,999,1000,1000,1,111.1193
28970.0000,2897,2921.6941,0.0000,1000,999,1000,1,111.2039
28980.0000,2898,2921.7209,0.0000,999,999,1000,1,111.2881
28990.0000,2899,2921.7474,0.0000,999,999,1000,1,110.9279
29000.0000,2900,2921.7739,0.0000,1000,1000,1000,1,110.5693
29010.0000,2901,2921.8006,0.0000,999,1000,1000,1,110.4326
29020.0000,2902,2921.8272,0.0000,999,1000,1000,1,110.5184
29030.0000,2903,2921.8539,0.0000,1000,1000,999,1,110.6035
29040.0000,2904,2921.8806,0.0000,1000,999,1000,1,110.6885
29050.0000,2905,2921.9073,0.0000,999,999,1000,1,110.9947
29060.0000,2906,2921.9340,0.0000,999,1000,1000,1,111.3006
29070.0000,2907,2921.9604,0.0000,1000,1000,1000,1,111.1622
29080.0000,2908,2921.9870,0.0000,1000,1000,999,1,111.2455
29090.0000,2909,2922.0134,0.0000,999,999,1000,1,111.3287
29100.0000,2910,2922.0400,0.0000,1000,1000,1000,1,111.6340
29110.0000,2911,2922.0664,0.0000,1000,1000,1000,1,111.4942
29120.0000,2912,2922.0926,0.0000,1000,999,1000,1,111.3566
29130.0000,2913,2922.1190,0.0000,1000,1000,1000,1,111.4402
29140.0000,2914,2922.1454,0.0000,999,1000,1000,1,111.3021
29150.0000,2915,2922.1719,0.0000,999,1000,1000,1,111.3853
29160.0000,2916,2922.1982,0.0000,999,1000,1000,1,111.2472
29170.0000,2917,2922.2244,0.0000,1000,1000,1000,1,111.1096
29180.0000,2918,2922.2509,0.0000,1000,1000,1000,1,111.4142
29190.0000,2919,2922.2773,0.0000,999,999,1000,1,111.4971
29200.0000,2920,2922.3037,0.0000,999,1000,1000,1,111.8013
29210.0000,2921,2922.3295,0.0000,999,999,1000,1,111.8836
29220.0000,2922,2922.3557,0.0000,1000,999,1000,1,111.7435
29230.0000,2923,2922.3820,0.0000,999,1000,1000,1,111.8256
29240.0000,2924,2922.4081,0.0000,1000,1000,1000,1,111.6855
29250.0000,2925,2922.4344,0.0000,1000,1000,1000,1,111.9892
29260.0000,2926,2922.4606,0.0000,1000,1000,1000,1,112.0709
29270.0000,2927,2922.4866,0.0000,999,998,999,1,111.9302
29280.0000,2928,2922.5127,0.0000,1000,1000,1000,1,112.2334
29290.0000,2929,2922.5390,0.0000,999,999,1000,1,112.5365
29300.0000,2930,2922.5650,0.0000,1000,1000,1000,1,112.6169
29310.0000,2931,2922.5910,0.0000,999,1000,1000,1,112.6974
29320.0000,2932,2922.6169,0.0000,1000,1000,1000,1,112.7784
29330.0000,2933,2922.6432,0.0000,999,1000,1000,1,113.0809
29340.0000,2934,2922.6692,0.0000,999,1000,999,1,112.9392
29350.0000,2935,2922.6952,0.0000,1000,999,1000,1,113.2413
29360.0000,2936,2922.7211,0.0000,1000,1000,1000,1,113.3220
29370.0000,2937,2922.7471,0.0000,999,1000,1000,1,113.4024
29380.0000,2938,2922.7729,0.0000,999,1000,1000,1,113.0422
29390.0000,2939,2922.7989,0.0000,999,1000,999,1,112.6857
29400.0000,2940,2922.8248,0.0000,1000,1000,1000,1,112.5494
29410.0000,2941,2922.8508,0.0000,1000,1000,1000,1,112.8511
29420.0000,2942,2922.8769,0.0000,1000,1000,1000,1,112.9333
29430.0000,2943,2922.9029,0.0000,999,999,1000,1,113.2347
29440.0000,2944,2922.9285,0.0000,1000,1000,1000,1,112.6590
29450.0000,2945,2922.9546,0.0000,1000,1000,1000,1,112.7425
29460.0000,2946,2922.9806,0.0000,1000,1000,1000,1,112.8262
29470.0000,2947,2923.0060,0.0000,1000,1000,999,1,112.4760
29480.0000,2948,2923.0318,0.0000,999,1000,1000,1,112.7771
29490.0000,2949,2923.0574,0.0000,999,999,1000,1,112.8615
29500.0000,2950,2923.0830,0.0000,999,999,1000,1,112.9460
29510.0000,2951,2923.1086,0.0000,1000,1000,1000,1,112.3816
29520.0000,2952,2923.1342,0.0000,998,999,999,1,111.8178
29530.0000,2953,2923.1595,0.0000,998,998,999,1,111.4726
29540.0000,2954,2923.1846,0.0000,1000,1000,1000,1,110.9134
29550.0000,2955,2923.2104,0.0000,999,1000,1000,1,111.2143
29560.0000,2956,2923.2362,0.0000,1000,1000,1000,1,111.2998
29570.0000,2957,2923.2619,0.0000,999,1000,1000,1,110.9556
29580.0000,2958,2923.2875,0.0000,999,1000,1000,1,111.0415
29590.0000,2959,2923.3125,0.0000,999,1000,999,1,109.6291
29600.0000,2960,2923.3378,0.0000,1000,1000,1000,1,109.2894
29610.0000,2961,2923.3634,0.0000,1000,999,1000,1,109.3765
29620.0000,2962,2923.3891,0.0000,999,999,1000,1,109.6772
29630.0000,2963,2923.4149,0.0000,1000,1000,1000,1,109.9777
29640.0000,2964,2923.4401,0.0000,1000,1000,1000,1,109.4207
29650.0000,2965,2923.4657,0.0000,1000,999,1000,1,109.5070
29660.0000,2966,2923.4911,0.0000,1000,1000,1000,1,109.5930
29670.0000,2967,2923.5168,0.0000,999,1000,1000,1,109.6788
29680.0000,2968,2923.5422,0.0000,1000,1000,1000,1,109.7642
29690.0000,2969,2923.5678,0.0000,999,1000,1000,1,110.0640
29700.0000,2970,2923.5933,0.0000,1000,1000,1000,1,110.3637
29710.0000,2971,2923.6186,0.0000,1000,999,1000,1,110.4478
29720.0000,2972,2923.6441,0.0000,999,999,999,1,110.3163
29730.0000,2973,2923.6691,0.0000,1000,1000,1000,1,110.1858
29740.0000,2974,2923.6945,0.0000,999,999,1000,1,110.2702
29750.0000,2975,2923.7198,0.0000,999,1000,1000,1,110.3542
29760.0000,2976,2923.7451,0.0000,999,1000,1000,1,110.6531
29770.0000,2977,2923.7706,0.0000,1000,1000,1000,1,110.9518
29780.0000,2978,2923.7958,0.0000,999,999,1000,1,111.0348
29790.0000,2979,2923.8212,0.0000,999,1000,1000,1,110.9031
29800.0000,2980,2923.8457,0.0000,999,998,1000,1,109.9163
29810.0000,2981,2923.8709,0.0000,999,1000,1000,1,110.0013
29820.0000,2982,2923.8962,0.0000,1000,1000,1000,1,110.0860
29830.0000,2983,2923.9213,0.0000,999,999,1000,1,110.1707
29840.0000,2984,2923.9465,0.0000,1000,1000,1000,1,110.2555
29850.0000,2985,2923.9718,0.0000,999,1000,1000,1,110.5536
29860.0000,2986,2923.9971,0.0000,1000,1000,1000,1,110.6379
29870.0000,2987,2924.0223,0.0000,1000,1000,1000,1,110.9356
29880.0000,2988,2924.0473,0.0000,999,999,1000,1,111.0193
29890.0000,2989,2924.0723,0.0000,999,999,1000,1,111.1032
29900.0000,2990,2924.0974,0.0000,1000,1000,1000,1,110.9732
29910.0000,2991,2924.1226,0.0000,999,1000,1000,1,111.2704
29920.0000,2992,2924.1476,0.0000,999,999,1000,1,111.3535
29930.0000,2993,2924.1726,0.0000,1000,1000,1000,1,111.4363
29940.0000,2994,2924.1976,0.0000,1000,1000,1000,1,111.3049
29950.0000,2995,2924.2227,0.0000,1000,1000,1000,1,111.3876
29960.0000,2996,2924.2477,0.0000,999,1000,1000,1,111.4698
29970.0000,2997,2924.2728,0.0000,1000,1000,1000,1,111.5517
29980.0000,2998,2924.2979,0.0000,1000,1000,1000,1,111.8481
29990.0000,2999,2924.3229,0.0000,999,1000,1000,1,111.7150
30000.0000,3000,2924.3478,0.0000,999,1000,1000,1,111.3684
30010.0000,3001,2924.3726,0.0000,1000,999,1000,1,111.4506
30020.0000,3002,2924.3975,0.0000,999,999,1000,1,111.7466
30030.0000,3003,2924.4223,0.0000,998,999,999,1,111.6151
30040.0000,3004,2924.4469,0.0000,998,999,999,1,111.4859
30050.0000,3005,2924.4718,0.0000,1000,1000,1000,1,111.3575
30060.0000,3006,2924.4965,0.0000,1000,1000,1000,1,111.2288
30070.0000,3007,2924.5214,0.0000,999,1000,1000,1,111.5244
30080.0000,3008,2924.5463,0.0000,1000,1000,1000,1,111.6070
30090.0000,3009,2924.5711,0.0000,1000,1000,1000,1,111.2637
30100.0000,3010,2924.5960,0.0000,999,1000,1000,1,111.5589
30110.0000,3011,2924.6205,0.0000,1000,1000,1000,1,111.4289
30120.0000,3012,2924.6453,0.0000,1000,1000,1000,1,111.5122
30130.0000,3013,2924.6699,0.0000,1000,1000,1000,1,111.3834
30140.0000,3014,2924.6947,0.0000,1000,1000,1000,1,111.4666
30150.0000,3015,2924.7194,0.0000,1000,999,1000,1,111.5493
30160.0000,3016,2924.7442,0.0000,1000,1000,1000,1,111.8439
30170.0000,3017,2924.7689,0.0000,999,999,999,1,111.7135
30180.0000,3018,2924.7936,0.0000,999,999,999,1,111.5839
30190.0000,3019,2924.8180,0.0000,1000,1000,1000,1,111.4552
30200.0000,3020,2924.8425,0.0000,999,1000,1000,1,111.5379
30210.0000,3021,2924.8669,0.0000,999,1000,1000,1,110.9871
30220.0000,3022,2924.8917,0.0000,999,1000,1000,1,111.2813
30230.0000,3023,2924.9161,0.0000,999,1000,1000,1,111.3641
30240.0000,3024,2924.9406,0.0000,1000,1000,1000,1,111.2350
30250.0000,3025,2924.9651,0.0000,1000,999,1000,1,111.3172
30260.0000,3026,2924.9897,0.0000,1000,1000,1000,1,111.3992
30270.0000,3027,2925.0142,0.0000,999,999,1000,1,111.6928
30280.0000,3028,2925.0386,0.0000,1000,1000,1000,1,111.5635
30290.0000,3029,2925.0629,0.0000,999,1000,1000,1,111.2232
30300.0000,3030,2925.0875,0.0000,1000,999,1000,1,111.5165
30310.0000,3031,2925.1113,0.0000,999,1000,1000,1,111.3875
30320.0000,3032,2925.1355,0.0000,999,999,1000,1,111.4701
30330.0000,3033,2925.1598,0.0000,999,1000,1000,1,111.1329
30340.0000,3034,2925.1844,0.0000,1000,1000,1000,1,111.4258
30350.0000,3035,2925.2088,0.0000,1000,1000,1000,1,111.7186
30360.0000,3036,2925.2333,0.0000,1000,1000,1000,1,112.0112
30370.0000,3037,2925.2578,0.0000,1000,1000,1000,1,112.0927
30380.0000,3038,2925.2822,0.0000,1000,1000,1000,1,112.3850
30390.0000,3039,2925.3065,0.0000,1000,1000,1000,1,112.4659
30400.0000,3040,2925.3308,0.0000,1000,999,1000,1,112.3352
30410.0000,3041,2925.3551,0.0000,1000,1000,1000,1,112.4155
30420.0000,3042,2925.3793,0.0000,1000,1000,1000,1,112.2838
30430.0000,3043,2925.4032,0.0000,998,999,998,1,112.1525
30440.0000,3044,2925.4270,0.0000,999,1000,1000,1,112.4440
30450.0000,3045,2925.4510,0.0000,1000,1000,1000,1,112.3120
30460.0000,3046,2925.4753,0.0000,1000,1000,1000,1,112.6035
30470.0000,3047,2925.4996,0.0000,999,1000,1000,1,112.8947
30480.0000,3048,2925.5238,0.0000,999,1000,1000,1,113.1857
30490.0000,3049,2925.5479,0.0000,999,1000,1000,1,113.2640
30500.0000,3050,2925.5721,0.0000,999,1000,1000,1,113.5548
30510.0000,3051,2925.5961,0.0000,999,1000,1000,1,113.6325
30520.0000,3052,2925.6202,0.0000,999,1000,1000,1,113.7102
30530.0000,3053,2925.6444,0.0000,1000,999,1000,1,114.0005
30540.0000,3054,2925.6684,0.0000,1000,1000,1000,1,114.2906
30550.0000,3055,2925.6923,0.0000,999,999,1000,1,114.3671
30560.0000,3056,2925.7163,0.0000,1000,1000,1000,1,114.6569
30570.0000,3057,2925.7403,0.0000,999,1000,1000,1,114.7325
30580.0000,3058,2925.7645,0.0000,1000,1000,1000,1,114.8079
30590.0000,3059,2925.7885,0.0000,1000,1000,1000,1,115.0973
30600.0000,3060,2925.8125,0.0000,1000,1000,1000,1,115.1717
30610.0000,3061,2925.8365,0.0000,999,1000,1000,1,115.0312
30620.0000,3062,2925.8603,0.0000,999,1000,1000,1,114.8904
30630.0000,3063,2925.8843,0.0000,1000,1000,1000,1,114.9644
30640.0000,3064,2925.9084,0.0000,999,1000,1000,1,115.2532
30650.0000,3065,2925.9317,0.0000,999,999,1000,1,114.6818
30660.0000,3066,2925.9554,0.0000,999,1000,1000,1,114.5411
30670.0000,3067,2925.9793,0.0000,998,999,1000,1,114.6147
30680.0000,3068,2926.0031,0.0000,1000,1000,1000,1,114.6886
30690.0000,3069,2926.0268,0.0000,1000,999,999,1,114.5476
30700.0000,3070,2926.0506,0.0000,1000,1000,1000,1,114.6214
30710.0000,3071,2926.0740,0.0000,999,999,999,1,113.8362
30720.0000,3072,2926.0977,0.0000,999,1000,1000,1,113.6958
30730.0000,3073,2926.1214,0.0000,999,1000,1000,1,113.7697
30740.0000,3074,2926.1452,0.0000,999,1000,1000,1,113.6300
30750.0000,3075,2926.1688,0.0000,999,1000,1000,1,113.0621
30760.0000,3076,2926.1923,0.0000,1000,999,1000,1,112.9222
30770.0000,3077,2926.2160,0.0000,999,1000,1000,1,112.7821
30780.0000,3078,2926.2397,0.0000,999,1000,1000,1,112.4278
30790.0000,3079,2926.2631,0.0000,1000,1000,1000,1,112.0737
30800.0000,3080,2926.2867,0.0000,1000,999,1000,1,111.9332
30810.0000,3081,2926.3103,0.0000,1000,1000,999,1,112.0069
30820.0000,3082,2926.3340,0.0000,999,1000,1000,1,112.0807
30830.0000,3083,2926.3577,0.0000,1000,999,1000,1,112.1540
30840.0000,3084,2926.3814,0.0000,1000,1000,1000,1,112.4419
30850.0000,3085,2926.4051,0.0000,1000,1000,1000,1,112.7296
30860.0000,3086,2926.4286,0.0000,1000,1000,1000,1,112.8023
30870.0000,3087,2926.4522,0.0000,999,1000,1000,1,113.0897
30880.0000,3088,2926.4759,0.0000,999,999,1000,1,113.1615
30890.0000,3089,2926.4991,0.0000,999,1000,1000,1,111.9489
30900.0000,3090,2926.5222,0.0000,1000,999,999,1,111.8078
30910.0000,3091,2926.5457,0.0000,999,1000,1000,1,112.0951
30920.0000,3092,2926.5692,0.0000,999,1000,1000,1,112.1679
30930.0000,3093,2926.5927,0.0000,1000,1000,1000,1,112.2403
30940.0000,3094,2926.6162,0.0000,999,1000,1000,1,112.3124
30950.0000,3095,2926.6397,0.0000,999,999,1000,1,112.5992
30960.0000,3096,2926.6630,0.0000,1000,1000,1000,1,112.8858
30970.0000,3097,2926.6863,0.0000,1000,999,1000,1,112.9569
30980.0000,3098,2926.7094,0.0000,999,1000,1000,1,112.5969
30990.0000,3099,2926.7328,0.0000,999,999,1000,1,112.8833
31000.0000,3100,2926.7560,0.0000,999,999,1000,1,112.9535
31010.0000,3101,2926.7793,0.0000,1000,1000,1000,1,113.0237
31020.0000,3102,2926.8027,0.0000,1000,1000,1000,1,113.0938
31030.0000,3103,2926.8260,0.0000,999,999,1000,1,113.1636
31040.0000,3104,2926.8492,0.0000,999,1000,1000,1,113.2335
31050.0000,3105,2926.8725,0.0000,999,1000,1000,1,113.3030
31060.0000,3106,2926.8957,0.0000,999,1000,1000,1,113.5885
31070.0000,3107,2926.9181,0.0000,999,1000,1000,1,112.7954
31080.0000,3108,2926.9412,0.0000,998,999,999,1,112.4365
31090.0000,3109,2926.9640,0.0000,999,999,1000,1,112.2924
31100.0000,3110,2926.9868,0.0000,1000,1000,1000,1,111.7199
31110.0000,3111,2927.0101,0.0000,1000,999,1000,1,112.0054
31120.0000,3112,2927.0334,0.0000,1000,1000,1000,1,112.2907
31130.0000,3113,2927.0566,0.0000,999,999,999,1,112.3612
31140.0000,3114,2927.0797,0.0000,999,1000,1000,1,112.4320
31150.0000,3115,2927.1029,0.0000,1000,1000,1000,1,112.7169
31160.0000,3116,2927.1260,0.0000,1000,999,1000,1,112.5725
31170.0000,3117,2927.1492,0.0000,1000,1000,1000,1,112.8572
31180.0000,3118,2927.1722,0.0000,1000,999,1000,1,112.7118
31190.0000,3119,2927.1954,0.0000,998,1000,999,1,112.7812
31200.0000,3120,2927.2185,0.0000,999,1000,999,1,112.6351
31210.0000,3121,2927.2416,0.0000,999,999,999,1,112.7042
31220.0000,3122,2927.2647,0.0000,1000,1000,1000,1,112.7738
31230.0000,3123,2927.2877,0.0000,1000,1000,999,1,112.8430
31240.0000,3124,2927.3108,0.0000,999,1000,1000,1,112.9118
31250.0000,3125,2927.3336,0.0000,999,1000,999,1,112.9803
31260.0000,3126,2927.3565,0.0000,1000,999,1000,1,113.0485
31270.0000,3127,2927.3794,0.0000,999,1000,1000,1,113.1167
31280.0000,3128,2927.4022,0.0000,999,1000,1000,1,112.9696
31290.0000,3129,2927.4252,0.0000,999,999,1000,1,113.0382
31300.0000,3130,2927.4479,0.0000,999,1000,1000,1,112.8917
31310.0000,3131,2927.4710,0.0000,1000,1000,1000,1,113.1750
31320.0000,3132,2927.4937,0.0000,1000,1000,1000,1,112.5986
31330.0000,3133,2927.5166,0.0000,999,1000,1000,1,112.6671
31340.0000,3134,2927.5393,0.0000,999,999,1000,1,112.5209
31350.0000,3135,2927.5622,0.0000,999,1000,1000,1,112.8039
31360.0000,3136,2927.5852,0.0000,1000,999,1000,1,113.0868
31370.0000,3137,2927.6081,0.0000,1000,1000,1000,1,113.3696
31380.0000,3138,2927.6308,0.0000,1000,1000,1000,1,113.2215
31390.0000,3139,2927.6533,0.0000,1000,1000,1000,1,112.4290
31400.0000,3140,2927.6760,0.0000,1000,999,1000,1,112.4966
31410.0000,3141,2927.6988,0.0000,999,1000,1000,1,112.7791
31420.0000,3142,2927.7217,0.0000,999,1000,999,1,112.8460
31430.0000,3143,2927.7446,0.0000,999,999,1000,1,113.1283
31440.0000,3144,2927.7670,0.0000,999,1000,1000,1,112.9791
31450.0000,3145,2927.7895,0.0000,1000,999,1000,1,112.6147
31460.0000,3146,2927.8118,0.0000,1000,1000,1000,1,112.2506
31470.0000,3147,2927.8344,0.0000,1000,1000,1000,1,112.1023
31480.0000,3148,2927.8570,0.0000,1000,1000,1000,1,112.1691
31490.0000,3149,2927.8795,0.0000,998,998,999,1,111.8056
31500.0000,3150,2927.9019,0.0000,999,999,1000,1,111.4422
31510.0000,3151,2927.9242,0.0000,998,999,1000,1,111.2940
31520.0000,3152,2927.9466,0.0000,999,1000,1000,1,111.5759
31530.0000,3153,2927.9692,0.0000,999,1000,1000,1,111.8577
31540.0000,3154,2927.9918,0.0000,999,999,999,1,111.9239
31550.0000,3155,2928.0143,0.0000,1000,999,1000,1,111.9899
31560.0000,3156,2928.0368,0.0000,1000,1000,1000,1,111.8405
31570.0000,3157,2928.0592,0.0000,1000,1000,1000,1,111.4756
31580.0000,3158,2928.0814,0.0000,999,999,999,1,110.8962
31590.0000,3159,2928.1037,0.0000,1000,1000,1000,1,110.7479
31600.0000,3160,2928.1263,0.0000,1000,1000,1000,1,110.8145
31610.0000,3161,2928.1487,0.0000,999,1000,1000,1,110.8811
31620.0000,3162,2928.1710,0.0000,999,1000,1000,1,110.9480
31630.0000,3163,2928.1933,0.0000,1000,1000,1000,1,110.5859
31640.0000,3164,2928.2156,0.0000,999,1000,1000,1,110.4394
31650.0000,3165,2928.2380,0.0000,1000,1000,1000,1,110.2927
31660.0000,3166,2928.2601,0.0000,999,999,999,1,109.7188
31670.0000,3167,2928.2822,0.0000,1000,999,998,1,109.1458
31680.0000,3168,2928.3044,0.0000,998,999,1000,1,109.2137
31690.0000,3169,2928.3266,0.0000,1000,1000,1000,1,109.4947
31700.0000,3170,2928.3488,0.0000,999,1000,999,1,109.1366
31710.0000,3171,2928.3712,0.0000,1000,999,1000,1,109.2047
31720.0000,3172,2928.3933,0.0000,999,999,999,1,109.0594
31730.0000,3173,2928.4150,0.0000,999,999,999,1,108.2760
31740.0000,3174,2928.4371,0.0000,1000,1000,1000,1,108.5569
31750.0000,3175,2928.4594,0.0000,999,1000,1000,1,108.8377
31760.0000,3176,2928.4816,0.0000,1000,999,1000,1,108.6921
31770.0000,3177,2928.5036,0.0000,998,999,1000,1,108.7592
31780.0000,3178,2928.5256,0.0000,998,999,1000,1,108.6128
31790.0000,3179,2928.5477,0.0000,999,1000,1000,1,108.4666
31800.0000,3180,2928.5701,0.0000,999,1000,1000,1,108.7470
31810.0000,3181,2928.5920,0.0000,999,999,1000,1,107.9593
31820.0000,3182,2928.6141,0.0000,999,1000,1000,1,107.5998
31830.0000,3183,2928.6362,0.0000,1000,1000,1000,1,107.4542
31840.0000,3184,2928.6585,0.0000,1000,1000,1000,1,107.7345
31850.0000,3185,2928.6807,0.0000,999,1000,1000,1,107.8015
31860.0000,3186,2928.7022,0.0000,999,999,999,1,107.2296
31870.0000,3187,2928.7241,0.0000,1000,999,1000,1,106.8722
31880.0000,3188,2928.7464,0.0000,999,999,1000,1,107.1524
31890.0000,3189,2928.7682,0.0000,999,999,1000,1,107.2197
31900.0000,3190,2928.7903,0.0000,999,1000,1000,1,106.8623
31910.0000,3191,2928.8122,0.0000,1000,1000,1000,1,106.5059
31920.0000,3192,2928.8340,0.0000,999,999,999,1,105.9389
31930.0000,3193,2928.8561,0.0000,1000,999,1000,1,106.0073
31940.0000,3194,2928.8780,0.0000,1000,999,1000,1,105.8649
31950.0000,3195,2928.9001,0.0000,999,1000,1000,1,105.9338
31960.0000,3196,2928.9219,0.0000,999,1000,1000,1,105.7919
31970.0000,3197,2928.9438,0.0000,999,999,1000,1,105.6500
31980.0000,3198,2928.9650,0.0000,999,999,1000,1,104.8768
31990.0000,3199,2928.9870,0.0000,999,1000,1000,1,105.1566
32000.0000,3200,2929.0085,0.0000,999,999,999,1,104.1746
32010.0000,3201,2929.0303,0.0000,1000,1000,1000,1,104.0343
32020.0000,3202,2929.0518,0.0000,1000,1000,1000,1,103.6860
32030.0000,3203,2929.0737,0.0000,1000,1000,1000,1,103.7563
32040.0000,3204,2929.0954,0.0000,1000,1000,1000,1,103.6167
32050.0000,3205,2929.1173,0.0000,1000,1000,1000,1,103.6866
32060.0000,3206,2929.1392,0.0000,1000,1000,1000,1,103.7561
32070.0000,3207,2929.1610,0.0000,1000,999,1000,1,104.0356
32080.0000,3208,2929.1826,0.0000,999,1000,1000,1,104.1045
32090.0000,3209,2929.2046,0.0000,999,1000,1000,1,104.3837
32100.0000,3210,2929.2264,0.0000,1000,999,1000,1,104.4517
32110.0000,3211,2929.2482,0.0000,999,999,1000,1,104.3091
32120.0000,3212,2929.2697,0.0000,998,999,999,1,103.7443
32130.0000,3213,2929.2912,0.0000,999,999,999,1,103.6024
32140.0000,3214,2929.3129,0.0000,999,1000,1000,1,103.8812
32150.0000,3215,2929.3348,0.0000,1000,1000,1000,1,104.1600
32160.0000,3216,2929.3563,0.0000,998,1000,999,1,103.8056
32170.0000,3217,2929.3780,0.0000,1000,1000,1000,1,104.0841
32180.0000,3218,2929.3998,0.0000,999,1000,1000,1,104.3625
32190.0000,3219,2929.4209,0.0000,1000,1000,1000,1,104.0081
32200.0000,3220,2929.4426,0.0000,999,1000,1000,1,104.0760
32210.0000,3221,2929.4642,0.0000,1000,999,999,1,103.7228
32220.0000,3222,2929.4858,0.0000,1000,1000,1000,1,103.7908
32230.0000,3223,2929.5075,0.0000,999,1000,1000,1,103.6486
32240.0000,3224,2929.5291,0.0000,998,999,999,1,103.5062
32250.0000,3225,2929.5505,0.0000,999,1000,1000,1,103.3637
32260.0000,3226,2929.5721,0.0000,1000,1000,1000,1,103.2212
32270.0000,3227,2929.5937,0.0000,1000,1000,1000,1,103.4991
32280.0000,3228,2929.6153,0.0000,998,999,999,1,103.5660
32290.0000,3229,2929.6369,0.0000,999,999,1000,1,103.6330
32300.0000,3230,2929.6585,0.0000,999,999,1000,1,103.9105
32310.0000,3231,2929.6800,0.0000,1000,1000,1000,1,103.9766
32320.0000,3232,2929.7014,0.0000,999,1000,1000,1,104.0431
32330.0000,3233,2929.7223,0.0000,1000,1000,999,1,103.6884
32340.0000,3234,2929.7435,0.0000,1000,1000,1000,1,103.5452
32350.0000,3235,2929.7649,0.0000,1000,1000,1000,1,103.8224
32360.0000,3236,2929.7862,0.0000,999,1000,999,1,103.4690
32370.0000,3237,2929.8076,0.0000,999,999,1000,1,103.5359
32380.0000,3238,2929.8291,0.0000,999,1000,1000,1,103.6028
32390.0000,3239,2929.8505,0.0000,999,999,999,1,103.6694
32400.0000,3240,2929.8720,0.0000,1000,1000,1000,1,103.9460
32410.0000,3241,2929.8935,0.0000,999,1000,1000,1,104.2225
32420.0000,3242,2929.9147,0.0000,1000,1000,1000,1,103.8666
32430.0000,3243,2929.9361,0.0000,999,999,1000,1,104.1430
32440.0000,3244,2929.9570,0.0000,1000,1000,1000,1,103.7894
32450.0000,3245,2929.9783,0.0000,999,1000,1000,1,103.4360
32460.0000,3246,2929.9996,0.0000,999,999,999,1,103.0843
32470.0000,3247,2930.0209,0.0000,1000,1000,1000,1,103.1521
32480.0000,3248,2930.0423,0.0000,1000,1000,1000,1,103.4282
32490.0000,3249,2930.0636,0.0000,1000,1000,1000,1,103.4956
32500.0000,3250,2930.0851,0.0000,999,1000,1000,1,103.7715
32510.0000,3251,2930.1063,0.0000,999,999,1000,1,103.6303
32520.0000,3252,2930.1274,0.0000,1000,1000,1000,1,103.2813
32530.0000,3253,2930.1487,0.0000,999,1000,1000,1,103.3488
32540.0000,3254,2930.1698,0.0000,999,1000,1000,1,103.2093
32550.0000,3255,2930.1912,0.0000,999,1000,1000,1,103.4848
32560.0000,3256,2930.2123,0.0000,1000,1000,1000,1,103.7602
32570.0000,3257,2930.2336,0.0000,1000,999,1000,1,104.0353
32580.0000,3258,2930.2547,0.0000,1000,1000,1000,1,104.1018
32590.0000,3259,2930.2758,0.0000,999,1000,999,1,104.1681
32600.0000,3260,2930.2970,0.0000,1000,1000,1000,1,104.4429
32610.0000,3261,2930.3180,0.0000,1000,1000,1000,1,104.5093
32620.0000,3262,2930.3387,0.0000,999,1000,1000,1,103.7477
32630.0000,3263,2930.3599,0.0000,1000,1000,1000,1,103.8157
32640.0000,3264,2930.3811,0.0000,1000,1000,1000,1,104.0902
32650.0000,3265,2930.4021,0.0000,1000,1000,1000,1,104.3646
32660.0000,3266,2930.4229,0.0000,1000,999,1000,1,104.0178
32670.0000,3267,2930.4441,0.0000,999,1000,1000,1,104.2921
32680.0000,3268,2930.4652,0.0000,999,1000,1000,1,104.3601
32690.0000,3269,2930.4862,0.0000,1000,1000,1000,1,104.4279
32700.0000,3270,2930.5074,0.0000,999,1000,1000,1,104.7018
32710.0000,3271,2930.5281,0.0000,999,999,1000,1,104.3569
32720.0000,3272,2930.5491,0.0000,999,999,1000,1,104.2190
32730.0000,3273,2930.5700,0.0000,1000,1000,1000,1,104.0808
32740.0000,3274,2930.5911,0.0000,999,1000,1000,1,104.3545
32750.0000,3275,2930.6121,0.0000,999,1000,1000,1,104.6280
32760.0000,3276,2930.6331,0.0000,1000,1000,1000,1,104.9013
32770.0000,3277,2930.6541,0.0000,999,999,1000,1,104.9676
32780.0000,3278,2930.6747,0.0000,1000,1000,1000,1,104.8273
32790.0000,3279,2930.6956,0.0000,999,1000,1000,1,105.1003
32800.0000,3280,2930.7163,0.0000,999,999,999,1,104.7528
32810.0000,3281,2930.7371,0.0000,1000,1000,999,1,104.8189
32820.0000,3282,2930.7577,0.0000,998,1000,999,1,104.4712
32830.0000,3283,2930.7784,0.0000,999,999,1000,1,104.3307
32840.0000,3284,2930.7991,0.0000,999,999,1000,1,104.1907
32850.0000,3285,2930.8198,0.0000,999,1000,999,1,104.2571
32860.0000,3286,2930.8407,0.0000,1000,1000,1000,1,104.5296
32870.0000,3287,2930.8615,0.0000,999,999,1000,1,104.5955
32880.0000,3288,2930.8823,0.0000,999,1000,1000,1,104.6613
32890.0000,3289,2930.9029,0.0000,1000,1000,1000,1,104.7266
32900.0000,3290,2930.9238,0.0000,999,999,1000,1,104.9988
32910.0000,3291,2930.9445,0.0000,1000,1000,1000,1,104.8560
32920.0000,3292,2930.9653,0.0000,999,1000,1000,1,105.1280
32930.0000,3293,2930.9860,0.0000,999,1000,1000,1,104.9846
32940.0000,3294,2931.0066,0.0000,998,999,999,1,104.6351
32950.0000,3295,2931.0270,0.0000,999,999,1000,1,104.2876
32960.0000,3296,2931.0474,0.0000,1000,1000,1000,1,103.7369
32970.0000,3297,2931.0681,0.0000,999,1000,1000,1,104.0088
32980.0000,3298,2931.0886,0.0000,999,999,1000,1,104.0747
32990.0000,3299,2931.1093,0.0000,1000,1000,1000,1,104.1404
33000.0000,3300,2931.1300,0.0000,998,999,999,1,103.9998
33010.0000,3301,2931.1503,0.0000,999,999,1000,1,103.8592
33020.0000,3302,2931.1708,0.0000,998,999,1000,1,103.1021
33030.0000,3303,2931.1915,0.0000,1000,1000,1000,1,103.3736
33040.0000,3304,2931.2122,0.0000,1000,999,1000,1,103.4399
33050.0000,3305,2931.2325,0.0000,999,1000,1000,1,103.0968
33060.0000,3306,2931.2531,0.0000,999,999,1000,1,103.3681
33070.0000,3307,2931.2734,0.0000,1000,1000,1000,1,103.0249
33080.0000,3308,2931.2938,0.0000,999,1000,1000,1,102.6835
33090.0000,3309,2931.3143,0.0000,1000,999,1000,1,102.7510
33100.0000,3310,2931.3348,0.0000,999,1000,1000,1,103.0221
33110.0000,3311,2931.3547,0.0000,1000,1000,1000,1,102.8854
33120.0000,3312,2931.3753,0.0000,1000,1000,1000,1,102.9524
33130.0000,3313,2931.3958,0.0000,999,1000,1000,1,103.2231
33140.0000,3314,2931.4162,0.0000,1000,998,999,1,103.2895
33150.0000,3315,2931.4364,0.0000,1000,1000,1000,1,102.9472
33160.0000,3316,2931.4567,0.0000,999,999,1000,1,103.0135
33170.0000,3317,2931.4771,0.0000,1000,1000,1000,1,103.0797
33180.0000,3318,2931.4971,0.0000,999,999,999,1,102.3279
33190.0000,3319,2931.5173,0.0000,998,1000,1000,1,102.3941
33200.0000,3320,2931.5374,0.0000,998,999,1000,1,102.0516
33210.0000,3321,2931.5577,0.0000,1000,999,1000,1,101.9133
33220.0000,3322,2931.5779,0.0000,999,1000,1000,1,101.7752
33230.0000,3323,2931.5983,0.0000,999,999,999,1,101.8412
33240.0000,3324,2931.6184,0.0000,1000,998,1000,1,101.4999
33250.0000,3325,2931.6388,0.0000,1000,1000,1000,1,101.5670
33260.0000,3326,2931.6590,0.0000,1000,999,1000,1,101.6339
33270.0000,3327,2931.6792,0.0000,1000,1000,1000,1,101.7010
33280.0000,3328,2931.6996,0.0000,999,1000,1000,1,101.9709
33290.0000,3329,2931.7200,0.0000,1000,1000,1000,1,102.2406
33300.0000,3330,2931.7402,0.0000,1000,1000,1000,1,102.1032
33310.0000,3331,2931.7604,0.0000,1000,999,1000,1,101.9652
33320.0000,3332,2931.7804,0.0000,1000,999,1000,1,101.4217
33330.0000,3333,2931.8007,0.0000,1000,1000,1000,1,101.6913
33340.0000,3334,2931.8207,0.0000,999,999,999,1,101.1493
33350.0000,3335,2931.8408,0.0000,999,999,1000,1,100.8098
33360.0000,3336,2931.8610,0.0000,1000,1000,1000,1,100.6734
33370.0000,3337,2931.8812,0.0000,1000,1000,1000,1,100.9429
33380.0000,3338,2931.9009,0.0000,998,1000,1000,1,99.9953
33390.0000,3339,2931.9210,0.0000,999,999,1000,1,100.0626
33400.0000,3340,2931.9412,0.0000,999,1000,1000,1,100.1298
33410.0000,3341,2931.9611,0.0000,1000,999,999,1,99.7924
33420.0000,3342,2931.9810,0.0000,1000,1000,1000,1,99.8595
33430.0000,3343,2932.0009,0.0000,999,1000,1000,1,99.7242
33440.0000,3344,2932.0211,0.0000,1000,1000,1000,1,99.9934
33450.0000,3345,2932.0411,0.0000,999,999,1000,1,100.0598
33460.0000,3346,2932.0608,0.0000,1000,999,1000,1,99.9248
33470.0000,3347,2932.0808,0.0000,1000,1000,1000,1,99.9919
33480.0000,3348,2932.1008,0.0000,1000,1000,1000,1,99.8572
33490.0000,3349,2932.1208,0.0000,1000,999,1000,1,99.7233
33500.0000,3350,2932.1407,0.0000,999,1000,1000,1,99.7907
33510.0000,3351,2932.1607,0.0000,999,1000,1000,1,99.8581
33520.0000,3352,2932.1808,0.0000,1000,999,1000,1,99.9253
33530.0000,3353,2932.2008,0.0000,999,999,1000,1,99.9921
33540.0000,3354,2932.2207,0.0000,1000,999,999,1,99.6568
33550.0000,3355,2932.2405,0.0000,999,999,998,1,99.3226
33560.0000,3356,2932.2604,0.0000,1000,1000,1000,1,99.5908
33570.0000,3357,2932.2803,0.0000,1000,1000,1000,1,99.4577
33580.0000,3358,2932.3003,0.0000,999,1000,1000,1,99.7259
33590.0000,3359,2932.3202,0.0000,999,1000,1000,1,99.5931
33600.0000,3360,2932.3399,0.0000,999,999,999,1,99.2603
33610.0000,3361,2932.3597,0.0000,999,1000,1000,1,99.1282
33620.0000,3362,2932.3795,0.0000,1000,1000,1000,1,99.1963
33630.0000,3363,2932.3991,0.0000,998,998,998,1,98.8641
33640.0000,3364,2932.4187,0.0000,999,1000,1000,1,98.9323
33650.0000,3365,2932.4386,0.0000,999,999,999,1,99.0003
33660.0000,3366,2932.4581,0.0000,1000,1000,1000,1,98.2726
33670.0000,3367,2932.4779,0.0000,1000,999,1000,1,98.3417
33680.0000,3368,2932.4977,0.0000,1000,1000,1000,1,98.4109
33690.0000,3369,2932.5175,0.0000,999,1000,1000,1,98.4800
33700.0000,3370,2932.5369,0.0000,999,1000,1000,1,97.7565
33710.0000,3371,2932.5567,0.0000,999,1000,1000,1,98.0241
33720.0000,3372,2932.5764,0.0000,998,1000,999,1,97.6984
33730.0000,3373,2932.5960,0.0000,1000,1000,1000,1,97.9658
33740.0000,3374,2932.6157,0.0000,1000,1000,1000,1,98.0357
33750.0000,3375,2932.6356,0.0000,999,1000,1000,1,98.3029
33760.0000,3376,2932.6551,0.0000,999,1000,1000,1,97.9766
33770.0000,3377,2932.6747,0.0000,1000,999,999,1,97.4537
33780.0000,3378,2932.6938,0.0000,999,999,1000,1,97.1299
33790.0000,3379,2932.7136,0.0000,999,1000,1000,1,97.3971
33800.0000,3380,2932.7333,0.0000,999,999,1000,1,97.6641
33810.0000,3381,2932.7531,0.0000,999,1000,1000,1,97.9310
33820.0000,3382,2932.7725,0.0000,999,999,1000,1,97.6077
33830.0000,3383,2932.7918,0.0000,1000,999,1000,1,96.8909
33840.0000,3384,2932.8115,0.0000,999,1000,1000,1,97.1578
33850.0000,3385,2932.8311,0.0000,1000,1000,1000,1,97.2276
33860.0000,3386,2932.8507,0.0000,999,1000,1000,1,97.2971
33870.0000,3387,2932.8703,0.0000,1000,1000,1000,1,97.5636
33880.0000,3388,2932.8900,0.0000,1000,1000,1000,1,97.8300
33890.0000,3389,2932.9090,0.0000,998,1000,1000,1,97.3055
33900.0000,3390,2932.9286,0.0000,999,1000,1000,1,97.3739
33910.0000,3391,2932.9483,0.0000,999,1000,1000,1,97.6401
33920.0000,3392,2932.9676,0.0000,999,1000,1000,1,97.3135
33930.0000,3393,2932.9870,0.0000,1000,1000,1000,1,97.1848
33940.0000,3394,2933.0065,0.0000,1000,1000,1000,1,97.2532
33950.0000,3395,2933.0260,0.0000,999,999,1000,1,97.3214
33960.0000,3396,2933.0455,0.0000,1000,999,1000,1,97.3892
33970.0000,3397,2933.0649,0.0000,1000,1000,1000,1,97.4568
33980.0000,3398,2933.0843,0.0000,999,1000,1000,1,97.7224
33990.0000,3399,2933.1039,0.0000,1000,1000,1000,1,97.9879
34000.0000,3400,2933.1232,0.0000,999,1000,1000,1,98.0547
34010.0000,3401,2933.1428,0.0000,1000,1000,1000,1,98.3199
34020.0000,3402,2933.1619,0.0000,1000,1000,1000,1,98.1870
34030.0000,3403,2933.1813,0.0000,999,1000,1000,1,98.0547
34040.0000,3404,2933.2006,0.0000,999,1000,1000,1,98.3196
34050.0000,3405,2933.2198,0.0000,999,999,1000,1,97.9893
34060.0000,3406,2933.2391,0.0000,999,999,1000,1,97.8581
34070.0000,3407,2933.2583,0.0000,1000,999,1000,1,97.5285
34080.0000,3408,2933.2775,0.0000,999,999,999,1,97.3974
34090.0000,3409,2933.2967,0.0000,1000,1000,1000,1,97.4645
34100.0000,3410,2933.3161,0.0000,1000,999,999,1,97.5322
34110.0000,3411,2933.3352,0.0000,999,999,1000,1,97.4031
34120.0000,3412,2933.3544,0.0000,999,999,1000,1,97.2737
34130.0000,3413,2933.3737,0.0000,1000,1000,1000,1,97.3410
34140.0000,3414,2933.3928,0.0000,1000,1000,1000,1,97.4083
34150.0000,3415,2933.4121,0.0000,999,1000,1000,1,97.4752
34160.0000,3416,2933.4312,0.0000,999,1000,1000,1,97.7394
34170.0000,3417,2933.4505,0.0000,1000,1000,1000,1,97.8056
34180.0000,3418,2933.4699,0.0000,999,999,1000,1,98.0695
34190.0000,3419,2933.4887,0.0000,1000,1000,999,1,97.5404
34200.0000,3420,2933.5078,0.0000,999,999,1000,1,97.2099
34210.0000,3421,2933.5270,0.0000,1000,1000,1000,1,97.2760
34220.0000,3422,2933.5463,0.0000,1000,1000,1000,1,97.3417
34230.0000,3423,2933.5653,0.0000,1000,999,1000,1,97.4073
34240.0000,3424,2933.5842,0.0000,1000,1000,1000,1,97.0760
34250.0000,3425,2933.6033,0.0000,1000,999,1000,1,97.1415
34260.0000,3426,2933.6223,0.0000,1000,1000,1000,1,97.2072
34270.0000,3427,2933.6415,0.0000,1000,1000,1000,1,97.2724
34280.0000,3428,2933.6606,0.0000,999,999,1000,1,97.3377
34290.0000,3429,2933.6795,0.0000,999,999,1000,1,97.4028
34300.0000,3430,2933.6986,0.0000,1000,1000,1000,1,97.4679
34310.0000,3431,2933.7176,0.0000,1000,1000,1000,1,97.3351
34320.0000,3432,2933.7366,0.0000,999,1000,1000,1,97.2033
34330.0000,3433,2933.7556,0.0000,1000,1000,1000,1,97.0721
34340.0000,3434,2933.7747,0.0000,999,999,1000,1,97.1379
34350.0000,3435,2933.7938,0.0000,999,1000,1000,1,97.2036
34360.0000,3436,2933.8127,0.0000,999,1000,999,1,96.8757
34370.0000,3437,2933.8315,0.0000,999,999,1000,1,96.9415
34380.0000,3438,2933.8503,0.0000,1000,999,1000,1,96.6136
34390.0000,3439,2933.8692,0.0000,1000,999,1000,1,96.8763
34400.0000,3440,2933.8882,0.0000,999,999,1000,1,96.7450
34410.0000,3441,2933.9071,0.0000,1000,1000,1000,1,96.8106
34420.0000,3442,2933.9260,0.0000,998,999,999,1,96.6797
34430.0000,3443,2933.9446,0.0000,1000,1000,1000,1,96.1556
34440.0000,3444,2933.9635,0.0000,1000,999,1000,1,96.2214
34450.0000,3445,2933.9826,0.0000,999,999,1000,1,96.4837
34460.0000,3446,2934.0012,0.0000,1000,999,1000,1,95.9602
34470.0000,3447,2934.0199,0.0000,999,1000,1000,1,95.6344
34480.0000,3448,2934.0386,0.0000,999,999,1000,1,95.7009
34490.0000,3449,2934.0577,0.0000,1000,1000,1000,1,95.9631
34500.0000,3450,2934.0763,0.0000,999,999,999,1,95.6377
34510.0000,3451,2934.0948,0.0000,999,999,1000,1,95.7039
34520.0000,3452,2934.1137,0.0000,999,999,1000,1,95.9658
34530.0000,3453,2934.1325,0.0000,1000,1000,1000,1,96.0318
34540.0000,3454,2934.1515,0.0000,1000,1000,1000,1,96.2935
34550.0000,3455,2934.1702,0.0000,999,1000,1000,1,95.9662
34560.0000,3456,2934.1891,0.0000,999,1000,1000,1,96.0315
34570.0000,3457,2934.2078,0.0000,1000,1000,1000,1,96.0966
34580.0000,3458,2934.2266,0.0000,999,1000,1000,1,96.1616
34590.0000,3459,2934.2453,0.0000,1000,1000,1000,1,96.2262
34600.0000,3460,2934.2641,0.0000,1000,1000,999,1,96.0942
34610.0000,3461,2934.2829,0.0000,999,999,1000,1,96.3553
34620.0000,3462,2934.3016,0.0000,998,999,999,1,96.4194
34630.0000,3463,2934.3201,0.0000,999,1000,1000,1,96.0901
34640.0000,3464,2934.3387,0.0000,999,1000,1000,1,95.9574
34650.0000,3465,2934.3573,0.0000,1000,999,1000,1,95.6288
34660.0000,3466,2934.3759,0.0000,1000,1000,1000,1,95.1048
34670.0000,3467,2934.3947,0.0000,1000,1000,1000,1,95.3658
34680.0000,3468,2934.4134,0.0000,999,999,1000,1,95.2341
34690.0000,3469,2934.4321,0.0000,999,1000,1000,1,95.2987
34700.0000,3470,2934.4509,0.0000,999,999,1000,1,95.3631
34710.0000,3471,2934.4696,0.0000,1000,1000,1000,1,95.6237
34720.0000,3472,2934.4884,0.0000,1000,999,1000,1,95.6878
34730.0000,3473,2934.5071,0.0000,1000,1000,1000,1,95.9482
34740.0000,3474,2934.5256,0.0000,999,999,1000,1,95.8159
34750.0000,3475,2934.5443,0.0000,1000,1000,1000,1,96.0761
34760.0000,3476,2934.5629,0.0000,999,1000,1000,1,96.1398
34770.0000,3477,2934.5815,0.0000,999,999,1000,1,96.3998
34780.0000,3478,2934.5999,0.0000,1000,1000,1000,1,96.0712
34790.0000,3479,2934.6184,0.0000,1000,1000,1000,1,95.9390
34800.0000,3480,2934.6370,0.0000,1000,999,1000,1,96.1988
34810.0000,3481,2934.6554,0.0000,999,1000,1000,1,96.2625
34820.0000,3482,2934.6738,0.0000,1000,1000,1000,1,96.1299
34830.0000,3483,2934.6923,0.0000,1000,1000,1000,1,96.3894
34840.0000,3484,2934.7107,0.0000,999,999,1000,1,96.0602
34850.0000,3485,2934.7292,0.0000,999,999,1000,1,95.9280
34860.0000,3486,2934.7476,0.0000,1000,999,1000,1,95.5997
34870.0000,3487,2934.7661,0.0000,999,1000,1000,1,95.6632
34880.0000,3488,2934.7845,0.0000,999,1000,1000,1,95.5330
34890.0000,3489,2934.8026,0.0000,999,999,999,1,95.0141
34900.0000,3490,2934.8208,0.0000,999,999,999,1,94.4972
34910.0000,3491,2934.8393,0.0000,1000,999,1000,1,94.5629
34920.0000,3492,2934.8578,0.0000,1000,1000,1000,1,94.8222
34930.0000,3493,2934.8762,0.0000,1000,1000,1000,1,94.6934
34940.0000,3494,2934.8944,0.0000,999,999,1000,1,94.3705
34950.0000,3495,2934.9125,0.0000,998,1000,1000,1,93.4737
34960.0000,3496,2934.9307,0.0000,1000,1000,1000,1,93.5410
34970.0000,3497,2934.9489,0.0000,999,1000,1000,1,93.4168
34980.0000,3498,2934.9673,0.0000,999,1000,1000,1,93.4844
34990.0000,3499,2934.9856,0.0000,999,1000,1000,1,93.5524
35000.0000,3500,2935.0038,0.0000,999,1000,1000,1,93.4293
35010.0000,3501,2935.0220,0.0000,1000,1000,1000,1,93.3062
35020.0000,3502,2935.0401,0.0000,1000,1000,1000,1,92.9919
35030.0000,3503,2935.0583,0.0000,999,1000,1000,1,92.4869
35040.0000,3504,2935.0763,0.0000,999,1000,1000,1,91.9836
35050.0000,3505,2935.0946,0.0000,999,1000,1000,1,91.4805
35060.0000,3506,2935.1128,0.0000,1000,1000,1000,1,91.1683
35070.0000,3507,2935.1312,0.0000,1000,1000,1000,1,91.4274
35080.0000,3508,2935.1495,0.0000,1000,1000,1000,1,91.6864
35090.0000,3509,2935.1679,0.0000,999,1000,1000,1,91.7544
35100.0000,3510,2935.1860,0.0000,1000,1000,1000,1,91.6319
35110.0000,3511,2935.2041,0.0000,1000,1000,1000,1,91.8907
35120.0000,3512,2935.2224,0.0000,999,1000,1000,1,92.1492
35130.0000,3513,2935.2408,0.0000,999,1000,1000,1,92.2165
35140.0000,3514,2935.2589,0.0000,999,1000,1000,1,92.2837
35150.0000,3515,2935.2769,0.0000,999,999,1000,1,92.1593
35160.0000,3516,2935.2949,0.0000,999,1000,1000,1,92.2271
35170.0000,3517,2935.3130,0.0000,999,999,1000,1,92.4852
35180.0000,3518,2935.3310,0.0000,999,1000,1000,1,92.5524
35190.0000,3519,2935.3491,0.0000,1000,999,1000,1,92.6192
35200.0000,3520,2935.3672,0.0000,1000,1000,1000,1,92.6858
35210.0000,3521,2935.3853,0.0000,999,999,999,1,92.7519
35220.0000,3522,2935.4033,0.0000,999,1000,1000,1,92.8183
35230.0000,3523,2935.4215,0.0000,1000,1000,1000,1,93.0758
35240.0000,3524,2935.4395,0.0000,999,999,999,1,92.7614
35250.0000,3525,2935.4572,0.0000,1000,999,1000,1,92.4491
35260.0000,3526,2935.4753,0.0000,999,999,1000,1,92.5164
35270.0000,3527,2935.4932,0.0000,999,1000,1000,1,92.2043
35280.0000,3528,2935.5113,0.0000,1000,1000,1000,1,92.4616
35290.0000,3529,2935.5294,0.0000,1000,1000,1000,1,92.5287
35300.0000,3530,2935.5474,0.0000,1000,999,999,1,92.5954
35310.0000,3531,2935.5651,0.0000,999,1000,1000,1,92.2812
35320.0000,3532,2935.5829,0.0000,1000,1000,1000,1,91.7785
35330.0000,3533,2935.6010,0.0000,1000,1000,1000,1,92.0356
35340.0000,3534,2935.6191,0.0000,999,1000,1000,1,92.2925
35350.0000,3535,2935.6371,0.0000,1000,1000,1000,1,92.3594
35360.0000,3536,2935.6551,0.0000,999,999,1000,1,92.2368
35370.0000,3537,2935.6727,0.0000,999,999,1000,1,91.5475
35380.0000,3538,2935.6906,0.0000,999,1000,1000,1,91.6160
35390.0000,3539,2935.7086,0.0000,999,999,999,1,91.6839
35400.0000,3540,2935.7266,0.0000,1000,1000,1000,1,91.7518
35410.0000,3541,2935.7442,0.0000,999,999,999,1,91.2527
35420.0000,3542,2935.7620,0.0000,1000,999,999,1,91.1318
35430.0000,3543,2935.7796,0.0000,1000,1000,999,1,90.2599
35440.0000,3544,2935.7974,0.0000,999,999,999,1,90.3288
35450.0000,3545,2935.8151,0.0000,1000,999,999,1,90.2104
35460.0000,3546,2935.8330,0.0000,999,1000,1000,1,90.4669
35470.0000,3547,2935.8509,0.0000,999,999,999,1,90.3479
35480.0000,3548,2935.8685,0.0000,1000,1000,1000,1,90.4165
35490.0000,3549,2935.8863,0.0000,999,999,1000,1,90.4851
35500.0000,3550,2935.9032,0.0000,998,1000,1000,1,89.8049
35510.0000,3551,2935.9210,0.0000,1000,1000,1000,1,89.8743
35520.0000,3552,2935.9389,0.0000,999,999,1000,1,90.1305
35530.0000,3553,2935.9558,0.0000,1000,1000,1000,1,88.8987
35540.0000,3554,2935.9737,0.0000,1000,1000,1000,1,89.1550
35550.0000,3555,2935.9914,0.0000,1000,1000,1000,1,89.2255
35560.0000,3556,2936.0094,0.0000,999,1000,1000,1,89.2959
35570.0000,3557,2936.0270,0.0000,999,1000,1000,1,89.1799
35580.0000,3558,2936.0447,0.0000,999,1000,1000,1,89.4359
35590.0000,3559,2936.0623,0.0000,1000,1000,1000,1,89.1332
35600.0000,3560,2936.0799,0.0000,999,1000,1000,1,88.8315
35610.0000,3561,2936.0977,0.0000,1000,1000,1000,1,89.0874
35620.0000,3562,2936.1150,0.0000,999,998,1000,1,88.5989
35630.0000,3563,2936.1324,0.0000,999,999,999,1,88.1126
35640.0000,3564,2936.1500,0.0000,1000,1000,1000,1,88.3684
35650.0000,3565,2936.1677,0.0000,999,1000,1000,1,88.4387
35660.0000,3566,2936.1854,0.0000,1000,1000,1000,1,88.5095
35670.0000,3567,2936.2030,0.0000,999,999,1000,1,88.5801
35680.0000,3568,2936.2206,0.0000,999,1000,999,1,88.6505
35690.0000,3569,2936.2383,0.0000,1000,1000,1000,1,88.7211
35700.0000,3570,2936.2558,0.0000,1000,999,1000,1,88.2385
35710.0000,3571,2936.2734,0.0000,1000,999,999,1,87.9413
35720.0000,3572,2936.2907,0.0000,1000,1000,1000,1,87.8291
35730.0000,3573,2936.3084,0.0000,1000,1000,1000,1,88.0844
35740.0000,3574,2936.3260,0.0000,999,999,1000,1,88.1556
35750.0000,3575,2936.3434,0.0000,999,1000,1000,1,88.0425
35760.0000,3576,2936.3611,0.0000,1000,1000,1000,1,88.1139
35770.0000,3577,2936.3784,0.0000,1000,999,1000,1,88.1854
35780.0000,3578,2936.3959,0.0000,999,999,1000,1,88.2569
35790.0000,3579,2936.4133,0.0000,999,999,999,1,87.9619
35800.0000,3580,2936.4309,0.0000,1000,1000,1000,1,88.2166
35810.0000,3581,2936.4485,0.0000,999,999,1000,1,88.2879
35820.0000,3582,2936.4661,0.0000,1000,1000,1000,1,88.3594
35830.0000,3583,2936.4837,0.0000,1000,1000,1000,1,88.6139
35840.0000,3584,2936.5010,0.0000,1000,999,1000,1,88.6849
35850.0000,3585,2936.5184,0.0000,999,999,999,1,88.3905
35860.0000,3586,2936.5357,0.0000,999,999,1000,1,88.4623
35870.0000,3587,2936.5531,0.0000,999,999,1000,1,88.3526
35880.0000,3588,2936.5704,0.0000,999,1000,1000,1,88.2435
35890.0000,3589,2936.5880,0.0000,1000,1000,1000,1,88.4975
35900.0000,3590,2936.6054,0.0000,1000,1000,1000,1,88.7514
35910.0000,3591,2936.6230,0.0000,1000,1000,1000,1,89.0052
35920.0000,3592,2936.6405,0.0000,999,1000,1000,1,89.0766
35930.0000,3593,2936.6578,0.0000,999,999,1000,1,88.9655
35940.0000,3594,2936.6751,0.0000,999,1000,1000,1,89.0368
35950.0000,3595,2936.6920,0.0000,1000,1000,1000,1,88.3795
35960.0000,3596,2936.7095,0.0000,1000,999,1000,1,88.4515
35970.0000,3597,2936.7268,0.0000,1000,1000,1000,1,88.5233
35980.0000,3598,2936.7440,0.0000,999,999,1000,1,88.5948
35990.0000,3599,2936.7614,0.0000,1000,1000,1000,1,88.8481
36000.0000,3600,2936.7789,0.0000,999,999,1000,1,89.1012
36010.0000,3601,2936.7959,0.0000,999,999,1000,1,88.9895
36020.0000,3602,2936.8130,0.0000,999,1000,999,1,88.6969
36030.0000,3603,2936.8302,0.0000,1000,1000,1000,1,88.7679
36040.0000,3604,2936.8473,0.0000,999,999,999,1,88.6572
36050.0000,3605,2936.8641,0.0000,1000,999,1000,1,88.3655
36060.0000,3606,2936.8813,0.0000,998,999,999,1,88.4367
36070.0000,3607,2936.8984,0.0000,1000,999,999,1,88.3261
36080.0000,3608,2936.9158,0.0000,1000,1000,1000,1,88.5788
36090.0000,3609,2936.9330,0.0000,999,1000,1000,1,88.8314
36100.0000,3610,2936.9503,0.0000,1000,1000,1000,1,89.0838
36110.0000,3611,2936.9674,0.0000,1000,1000,1000,1,88.7890
36120.0000,3612,2936.9848,0.0000,1000,1000,1000,1,89.0413
36130.0000,3613,2937.0018,0.0000,999,1000,1000,1,89.1107
36140.0000,3614,2937.0190,0.0000,1000,1000,1000,1,89.1801
36150.0000,3615,2937.0360,0.0000,999,999,1000,1,88.8834
36160.0000,3616,2937.0529,0.0000,998,998,998,1,88.5874
36170.0000,3617,2937.0700,0.0000,999,1000,1000,1,88.6570
36180.0000,3618,2937.0870,0.0000,999,1000,999,1,88.1793
36190.0000,3619,2937.1042,0.0000,1000,1000,1000,1,88.2488
36200.0000,3620,2937.1209,0.0000,1000,999,1000,1,87.5883
36210.0000,3621,2937.1381,0.0000,999,1000,1000,1,87.8403
36220.0000,3622,2937.1550,0.0000,999,999,1000,1,87.5438
36230.0000,3623,2937.1718,0.0000,999,1000,999,1,86.7039
36240.0000,3624,2937.1889,0.0000,1000,1000,1000,1,86.7743
36250.0000,3625,2937.2058,0.0000,999,1000,999,1,86.6632
36260.0000,3626,2937.2226,0.0000,1000,1000,1000,1,86.5541
36270.0000,3627,2937.2396,0.0000,999,1000,1000,1,86.4451
36280.0000,3628,2937.2565,0.0000,1000,1000,1000,1,86.3359
36290.0000,3629,2937.2733,0.0000,998,999,1000,1,86.2281
36300.0000,3630,2937.2902,0.0000,999,999,1000,1,86.1210
36310.0000,3631,2937.3072,0.0000,999,1000,1000,1,86.1933
36320.0000,3632,2937.3243,0.0000,1000,1000,1000,1,86.4449
36330.0000,3633,2937.3413,0.0000,999,999,1000,1,86.6964
36340.0000,3634,2937.3582,0.0000,1000,999,1000,1,86.4081
36350.0000,3635,2937.3753,0.0000,1000,1000,1000,1,86.4794
36360.0000,3636,2937.3923,0.0000,1000,1000,1000,1,86.5504
36370.0000,3637,2937.4092,0.0000,1000,999,1000,1,86.6210
36380.0000,3638,2937.4262,0.0000,1000,1000,1000,1,86.6917
36390.0000,3639,2937.4431,0.0000,1000,999,1000,1,86.7624
36400.0000,3640,2937.4600,0.0000,1000,999,1000,1,86.8331
36410.0000,3641,2937.4769,0.0000,998,998,999,1,86.9039
36420.0000,3642,2937.4936,0.0000,1000,999,1000,1,86.4377
36430.0000,3643,2937.5105,0.0000,1000,1000,1000,1,86.6884
36440.0000,3644,2937.5273,0.0000,999,1000,1000,1,86.2245
36450.0000,3645,2937.5441,0.0000,1000,1000,1000,1,86.1187
36460.0000,3646,2937.5609,0.0000,1000,999,999,1,85.6591
36470.0000,3647,2937.5777,0.0000,999,1000,1000,1,85.7324
36480.0000,3648,2937.5946,0.0000,1000,999,1000,1,85.9830
36490.0000,3649,2937.6113,0.0000,1000,1000,1000,1,85.7012
36500.0000,3650,2937.6279,0.0000,999,1000,1000,1,85.4206
36510.0000,3651,2937.6447,0.0000,999,1000,1000,1,85.4941
36520.0000,3652,2937.6613,0.0000,999,999,1000,1,85.2135
36530.0000,3653,2937.6781,0.0000,999,1000,1000,1,85.4639
36540.0000,3654,2937.6950,0.0000,1000,1000,1000,1,85.7142
36550.0000,3655,2937.7117,0.0000,999,1000,1000,1,85.9643
36560.0000,3656,2937.7286,0.0000,999,1000,1000,1,86.0373
36570.0000,3657,2937.7453,0.0000,999,1000,1000,1,85.7560
36580.0000,3658,2937.7618,0.0000,999,999,1000,1,85.6521
36590.0000,3659,2937.7786,0.0000,999,999,1000,1,85.7253
36600.0000,3660,2937.7954,0.0000,1000,1000,999,1,85.7982
36610.0000,3661,2937.8121,0.0000,999,999,1000,1,85.8710
36620.0000,3662,2937.8288,0.0000,999,1000,1000,1,85.9436
36630.0000,3663,2937.8453,0.0000,999,1000,1000,1,85.8399
36640.0000,3664,2937.8620,0.0000,1000,1000,1000,1,85.7366
36650.0000,3665,2937.8785,0.0000,1000,1000,1000,1,85.6335
36660.0000,3666,2937.8953,0.0000,1000,1000,1000,1,85.8829
36670.0000,3667,2937.9119,0.0000,999,1000,1000,1,85.4265
36680.0000,3668,2937.9287,0.0000,1000,1000,1000,1,85.4995
36690.0000,3669,2937.9454,0.0000,1000,1000,1000,1,85.3959
36700.0000,3670,2937.9621,0.0000,999,1000,1000,1,85.6451
36710.0000,3671,2937.9787,0.0000,1000,1000,1000,1,85.5417
36720.0000,3672,2937.9953,0.0000,999,999,1000,1,85.6145
36730.0000,3673,2938.0120,0.0000,999,1000,1000,1,85.8635
36740.0000,3674,2938.0286,0.0000,999,1000,1000,1,86.1123
36750.0000,3675,2938.0453,0.0000,1000,1000,1000,1,86.3610
36760.0000,3676,2938.0618,0.0000,1000,1000,1000,1,86.4326
36770.0000,3677,2938.0784,0.0000,999,999,1000,1,86.3279
36780.0000,3678,2938.0949,0.0000,999,999,1000,1,86.3999
36790.0000,3679,2938.1113,0.0000,1000,1000,1000,1,86.2949
36800.0000,3680,2938.1278,0.0000,999,1000,1000,1,86.5432
36810.0000,3681,2938.1442,0.0000,1000,1000,1000,1,86.4383
36820.0000,3682,2938.1608,0.0000,999,1000,1000,1,86.6864
36830.0000,3683,2938.1773,0.0000,1000,999,1000,1,86.7575
36840.0000,3684,2938.1936,0.0000,1000,1000,1000,1,86.2999
36850.0000,3685,2938.2101,0.0000,999,999,1000,1,86.3724
36860.0000,3686,2938.2266,0.0000,999,1000,1000,1,86.2695
36870.0000,3687,2938.2431,0.0000,999,1000,1000,1,86.1670
36880.0000,3688,2938.2596,0.0000,1000,1000,1000,1,86.2396
36890.0000,3689,2938.2761,0.0000,1000,1000,1000,1,86.3124
36900.0000,3690,2938.2926,0.0000,1000,1000,1000,1,86.2102
36910.0000,3691,2938.3092,0.0000,1000,1000,1000,1,86.4578
36920.0000,3692,2938.3255,0.0000,999,999,999,1,86.1822
36930.0000,3693,2938.3418,0.0000,1000,1000,1000,1,86.0832
36940.0000,3694,2938.3583,0.0000,999,1000,1000,1,86.3306
36950.0000,3695,2938.3747,0.0000,1000,999,1000,1,86.4052
36960.0000,3696,2938.3913,0.0000,1000,999,1000,1,86.6524
36970.0000,3697,2938.4077,0.0000,1000,1000,1000,1,86.8995
36980.0000,3698,2938.4242,0.0000,1000,1000,999,1,86.9731
36990.0000,3699,2938.4406,0.0000,999,999,1000,1,87.0472
37000.0000,3700,2938.4569,0.0000,999,1000,1000,1,86.9486
37010.0000,3701,2938.4733,0.0000,1000,1000,1000,1,86.6775
37020.0000,3702,2938.4896,0.0000,1000,1000,1000,1,86.5800
37030.0000,3703,2938.5060,0.0000,1000,1000,1000,1,86.8267
37040.0000,3704,2938.5221,0.0000,998,998,1000,1,86.5560
37050.0000,3705,2938.5374,0.0000,1000,1000,1000,1,85.9430
37060.0000,3706,2938.5536,0.0000,1000,1000,1000,1,85.8466
37070.0000,3707,2938.5700,0.0000,999,1000,1000,1,86.0932
37080.0000,3708,2938.5863,0.0000,999,1000,1000,1,86.3397
37090.0000,3709,2938.6027,0.0000,1000,999,1000,1,86.5860
37100.0000,3710,2938.6190,0.0000,1000,1000,1000,1,86.6600
37110.0000,3711,2938.6354,0.0000,1000,999,1000,1,86.9061
37120.0000,3712,2938.6516,0.0000,998,999,999,1,86.8068
37130.0000,3713,2938.6678,0.0000,999,1000,1000,1,86.7074
37140.0000,3714,2938.6839,0.0000,1000,1000,1000,1,86.6080
37150.0000,3715,2938.7002,0.0000,999,1000,1000,1,86.8538
37160.0000,3716,2938.7162,0.0000,999,1000,1000,1,86.0635
37170.0000,3717,2938.7326,0.0000,999,1000,1000,1,86.3094
37180.0000,3718,2938.7488,0.0000,1000,999,999,1,86.3823
37190.0000,3719,2938.7651,0.0000,999,1000,1000,1,86.6280
37200.0000,3720,2938.7813,0.0000,999,1000,1000,1,86.7005
37210.0000,3721,2938.7973,0.0000,999,999,1000,1,86.4269
37220.0000,3722,2938.8136,0.0000,1000,1000,1000,1,86.6723
37230.0000,3723,2938.8298,0.0000,999,1000,1000,1,86.5712
37240.0000,3724,2938.8460,0.0000,1000,1000,1000,1,86.2967
37250.0000,3725,2938.8621,0.0000,999,1000,999,1,86.1958
37260.0000,3726,2938.8782,0.0000,998,1000,999,1,86.0949
37270.0000,3727,2938.8943,0.0000,1000,1000,1000,1,86.1674
37280.0000,3728,2938.9104,0.0000,999,999,1000,1,86.4126
37290.0000,3729,2938.9266,0.0000,999,999,1000,1,86.4851
37300.0000,3730,2938.9426,0.0000,999,999,999,1,86.2140
37310.0000,3731,2938.9584,0.0000,998,999,999,1,85.9426
37320.0000,3732,2938.9743,0.0000,1000,999,1000,1,85.8430
37330.0000,3733,2938.9902,0.0000,999,1000,999,1,85.4004
37340.0000,3734,2939.0063,0.0000,1000,1000,1000,1,85.6453
37350.0000,3735,2939.0223,0.0000,999,1000,1000,1,85.7185
37360.0000,3736,2939.0381,0.0000,1000,1000,1000,1,85.6212
37370.0000,3737,2939.0541,0.0000,999,1000,1000,1,85.5241
37380.0000,3738,2939.0700,0.0000,999,999,999,1,85.4275
37390.0000,3739,2939.0855,0.0000,999,1000,999,1,84.6539
37400.0000,3740,2939.1014,0.0000,1000,1000,1000,1,84.3912
37410.0000,3741,2939.1173,0.0000,1000,1000,999,1,83.9594
37420.0000,3742,2939.1333,0.0000,1000,1000,1000,1,84.0350
37430.0000,3743,2939.1493,0.0000,1000,1000,999,1,83.9413
37440.0000,3744,2939.1649,0.0000,1000,1000,999,1,83.5105
37450.0000,3745,2939.1808,0.0000,999,999,1000,1,83.2519
37460.0000,3746,2939.1965,0.0000,1000,1000,1000,1,82.8279
37470.0000,3747,2939.2125,0.0000,1000,1000,1000,1,82.9056
37480.0000,3748,2939.2285,0.0000,999,999,1000,1,83.1503
37490.0000,3749,2939.2444,0.0000,999,1000,1000,1,83.0609
37500.0000,3750,2939.2603,0.0000,1000,1000,1000,1,83.1386
37510.0000,3751,2939.2764,0.0000,999,1000,1000,1,83.3830
37520.0000,3752,2939.2924,0.0000,999,1000,1000,1,83.4604
37530.0000,3753,2939.3081,0.0000,999,1000,1000,1,83.3708
37540.0000,3754,2939.3239,0.0000,1000,1000,1000,1,83.2817
37550.0000,3755,2939.3399,0.0000,999,1000,1000,1,83.5258
37560.0000,3756,2939.3558,0.0000,999,999,1000,1,83.7698
37570.0000,3757,2939.3717,0.0000,1000,999,1000,1,83.8466
37580.0000,3758,2939.3875,0.0000,999,1000,999,1,83.9230
37590.0000,3759,2939.4034,0.0000,999,1000,1000,1,83.9995
37600.0000,3760,2939.4194,0.0000,1000,1000,1000,1,84.2431
37610.0000,3761,2939.4353,0.0000,1000,1000,1000,1,84.4866
37620.0000,3762,2939.4512,0.0000,999,1000,1000,1,84.5624
37630.0000,3763,2939.4671,0.0000,1000,1000,1000,1,84.6380
37640.0000,3764,2939.4829,0.0000,999,1000,1000,1,84.3777
37650.0000,3765,2939.4989,0.0000,999,1000,1000,1,84.6209
37660.0000,3766,2939.5148,0.0000,1000,999,1000,1,84.8639
37670.0000,3767,2939.5305,0.0000,1000,999,1000,1,84.9388
37680.0000,3768,2939.5463,0.0000,999,999,1000,1,85.0133
37690.0000,3769,2939.5620,0.0000,999,1000,1000,1,85.0885
37700.0000,3770,2939.5777,0.0000,999,999,999,1,84.6612
37710.0000,3771,2939.5934,0.0000,1000,1000,1000,1,84.5687
37720.0000,3772,2939.6092,0.0000,999,1000,1000,1,84.6439
37730.0000,3773,2939.6249,0.0000,999,1000,999,1,84.5525
37740.0000,3774,2939.6407,0.0000,1000,1000,999,1,84.6280
37750.0000,3775,2939.6565,0.0000,1000,1000,1000,1,84.8705
37760.0000,3776,2939.6721,0.0000,1000,1000,1000,1,84.6114
37770.0000,3777,2939.6877,0.0000,1000,1000,1000,1,84.6867
37780.0000,3778,2939.7035,0.0000,1000,1000,1000,1,84.7618
37790.0000,3779,2939.7191,0.0000,998,998,1000,1,84.8365
37800.0000,3780,2939.7348,0.0000,999,1000,1000,1,84.9112
37810.0000,3781,2939.7505,0.0000,1000,999,1000,1,84.9855
37820.0000,3782,2939.7661,0.0000,999,1000,1000,1,84.7252
37830.0000,3783,2939.7817,0.0000,999,999,1000,1,84.4650
37840.0000,3784,2939.7973,0.0000,1000,1000,1000,1,84.3724
37850.0000,3785,2939.8129,0.0000,999,999,1000,1,84.4468
37860.0000,3786,2939.8285,0.0000,999,1000,1000,1,84.3553
37870.0000,3787,2939.8441,0.0000,1000,999,1000,1,84.4304
37880.0000,3788,2939.8598,0.0000,1000,1000,1000,1,84.5053
37890.0000,3789,2939.8753,0.0000,1000,1000,1000,1,84.2465
37900.0000,3790,2939.8909,0.0000,998,999,999,1,84.3213
37910.0000,3791,2939.9061,0.0000,1000,998,1000,1,84.0619
37920.0000,3792,2939.9217,0.0000,1000,1000,1000,1,84.3034
37930.0000,3793,2939.9371,0.0000,1000,1000,1000,1,84.0436
37940.0000,3794,2939.9528,0.0000,999,1000,1000,1,84.2850
37950.0000,3795,2939.9683,0.0000,1000,1000,1000,1,84.0260
37960.0000,3796,2939.9838,0.0000,999,999,1000,1,83.9339
37970.0000,3797,2939.9992,0.0000,1000,1000,1000,1,83.5090
37980.0000,3798,2940.0149,0.0000,999,1000,1000,1,83.5838
37990.0000,3799,2940.0305,0.0000,999,1000,1000,1,83.6583
38000.0000,3800,2940.0456,0.0000,1000,1000,1000,1,82.9002
38010.0000,3801,2940.0610,0.0000,1000,1000,999,1,82.6428
38020.0000,3802,2940.0767,0.0000,999,1000,1000,1,82.7179
38030.0000,3803,2940.0922,0.0000,999,999,1000,1,82.9591
38040.0000,3804,2940.1076,0.0000,999,1000,1000,1,82.7013
38050.0000,3805,2940.1227,0.0000,998,999,1000,1,82.2778
38060.0000,3806,2940.1376,0.0000,999,999,1000,1,81.6916
38070.0000,3807,2940.1531,0.0000,1000,999,1000,1,81.9328
38080.0000,3808,2940.1687,0.0000,999,1000,1000,1,82.1739
38090.0000,3809,2940.1840,0.0000,999,999,999,1,81.5887
38100.0000,3810,2940.1995,0.0000,999,999,1000,1,81.4995
38110.0000,3811,2940.2148,0.0000,1000,1000,1000,1,81.0802
38120.0000,3812,2940.2300,0.0000,1000,1000,1000,1,80.8265
38130.0000,3813,2940.2456,0.0000,1000,1000,1000,1,81.0675
38140.0000,3814,2940.2612,0.0000,999,999,1000,1,81.3085
38150.0000,3815,2940.2766,0.0000,998,999,1000,1,81.3842
38160.0000,3816,2940.2919,0.0000,999,999,1000,1,81.2950
38170.0000,3817,2940.3073,0.0000,999,1000,1000,1,81.2054
38180.0000,3818,2940.3228,0.0000,999,999,1000,1,81.1156
38190.0000,3819,2940.3382,0.0000,999,1000,1000,1,81.3562
38200.0000,3820,2940.3535,0.0000,1000,1000,1000,1,81.2665
38210.0000,3821,2940.3688,0.0000,999,1000,1000,1,81.1766
38220.0000,3822,2940.3841,0.0000,999,1000,1000,1,81.0867
38230.0000,3823,2940.3995,0.0000,1000,1000,1000,1,80.9966
38240.0000,3824,2940.4148,0.0000,999,999,1000,1,81.0716
38250.0000,3825,2940.4302,0.0000,1000,1000,1000,1,81.1465
38260.0000,3826,2940.4455,0.0000,1000,1000,1000,1,81.2211
38270.0000,3827,2940.4606,0.0000,999,1000,999,1,80.9648
38280.0000,3828,2940.4759,0.0000,999,999,1000,1,81.0394
38290.0000,3829,2940.4912,0.0000,1000,1000,1000,1,81.1142
38300.0000,3830,2940.5067,0.0000,1000,1000,1000,1,81.3541
38310.0000,3831,2940.5220,0.0000,999,1000,1000,1,81.4282
38320.0000,3832,2940.5373,0.0000,999,999,1000,1,81.5021
38330.0000,3833,2940.5525,0.0000,1000,1000,999,1,81.4102
38340.0000,3834,2940.5679,0.0000,999,1000,1000,1,81.6498
38350.0000,3835,2940.5832,0.0000,999,1000,1000,1,81.8892
38360.0000,3836,2940.5982,0.0000,1000,1000,1000,1,81.4635
38370.0000,3837,2940.6134,0.0000,999,999,999,1,81.5367
38380.0000,3838,2940.6284,0.0000,999,1000,1000,1,81.1112
38390.0000,3839,2940.6436,0.0000,999,999,1000,1,80.8516
38400.0000,3840,2940.6589,0.0000,999,999,1000,1,81.0910
38410.0000,3841,2940.6738,0.0000,999,1000,999,1,80.6649
38420.0000,3842,2940.6891,0.0000,1000,1000,1000,1,80.7382
38430.0000,3843,2940.7043,0.0000,1000,1000,1000,1,80.9774
38440.0000,3844,2940.7195,0.0000,999,999,999,1,81.0499
38450.0000,3845,2940.7345,0.0000,1000,1000,1000,1,81.2889
38460.0000,3846,2940.7498,0.0000,1000,1000,1000,1,81.5277
38470.0000,3847,2940.7650,0.0000,1000,999,1000,1,81.7665
38480.0000,3848,2940.7801,0.0000,999,1000,1000,1,81.6714
38490.0000,3849,2940.7951,0.0000,999,1000,1000,1,81.5774
38500.0000,3850,2940.8101,0.0000,1000,1000,1000,1,81.6500
38510.0000,3851,2940.8252,0.0000,999,999,999,1,81.5563
38520.0000,3852,2940.8402,0.0000,999,999,1000,1,81.6286
38530.0000,3853,2940.8551,0.0000,999,999,999,1,81.5342
38540.0000,3854,2940.8702,0.0000,999,999,1000,1,81.4399
38550.0000,3855,2940.8853,0.0000,999,1000,1000,1,81.6781
38560.0000,3856,2940.9005,0.0000,999,1000,1000,1,81.9163
38570.0000,3857,2940.9154,0.0000,999,999,1000,1,81.8221
38580.0000,3858,2940.9305,0.0000,999,999,999,1,81.7280
38590.0000,3859,2940.9456,0.0000,1000,1000,1000,1,81.8001
38600.0000,3860,2940.9607,0.0000,999,999,1000,1,81.8720
38610.0000,3861,2940.9755,0.0000,999,1000,1000,1,81.4469
38620.0000,3862,2940.9905,0.0000,1000,1000,1000,1,81.3537
38630.0000,3863,2941.0055,0.0000,999,999,1000,1,81.2603
38640.0000,3864,2941.0206,0.0000,1000,1000,1000,1,81.3328
38650.0000,3865,2941.0358,0.0000,1000,1000,1000,1,81.5704
38660.0000,3866,2941.0507,0.0000,1000,1000,1000,1,81.6423
38670.0000,3867,2941.0654,0.0000,998,998,999,1,81.3822
38680.0000,3868,2941.0804,0.0000,1000,1000,1000,1,81.4544
38690.0000,3869,2941.0953,0.0000,999,1000,1000,1,81.3613
38700.0000,3870,2941.1103,0.0000,999,1000,1000,1,81.5987
38710.0000,3871,2941.1252,0.0000,999,999,1000,1,81.5060
38720.0000,3872,2941.1402,0.0000,999,1000,1000,1,81.5781
38730.0000,3873,2941.1550,0.0000,998,1000,999,1,81.4850
38740.0000,3874,2941.1699,0.0000,1000,1000,1000,1,81.5569
38750.0000,3875,2941.1848,0.0000,1000,999,1000,1,81.4642
38760.0000,3876,2941.1999,0.0000,999,1000,1000,1,81.7012
38770.0000,3877,2941.2146,0.0000,1000,1000,999,1,81.4429
38780.0000,3878,2941.2294,0.0000,999,999,1000,1,81.3510
38790.0000,3879,2941.2444,0.0000,1000,1000,1000,1,81.4236
38800.0000,3880,2941.2590,0.0000,999,1000,1000,1,81.1681
38810.0000,3881,2941.2740,0.0000,1000,1000,1000,1,81.4048
38820.0000,3882,2941.2889,0.0000,998,998,1000,1,81.4771
38830.0000,3883,2941.3035,0.0000,999,999,1000,1,80.7286
38840.0000,3884,2941.3183,0.0000,999,999,1000,1,80.6380
38850.0000,3885,2941.3332,0.0000,1000,1000,1000,1,80.3853
38860.0000,3886,2941.3482,0.0000,1000,1000,1000,1,80.6220
38870.0000,3887,2941.3631,0.0000,999,999,1000,1,80.5318
38880.0000,3888,2941.3778,0.0000,1000,1000,1000,1,80.4418
38890.0000,3889,2941.3926,0.0000,1000,1000,1000,1,80.5149
38900.0000,3890,2941.4075,0.0000,1000,1000,999,1,80.4267
38910.0000,3891,2941.4223,0.0000,1000,1000,1000,1,80.5012
38920.0000,3892,2941.4371,0.0000,1000,1000,1000,1,80.7374
38930.0000,3893,2941.4519,0.0000,1000,1000,1000,1,80.6493
38940.0000,3894,2941.4666,0.0000,999,1000,999,1,80.5606
38950.0000,3895,2941.4815,0.0000,999,1000,1000,1,80.7966
38960.0000,3896,2941.4963,0.0000,999,1000,1000,1,80.8699
38970.0000,3897,2941.5111,0.0000,1000,1000,1000,1,80.9430
38980.0000,3898,2941.5258,0.0000,1000,1000,1000,1,80.8546
38990.0000,3899,2941.5406,0.0000,999,999,1000,1,81.0904
39000.0000,3900,2941.5553,0.0000,999,999,1000,1,81.0015
39010.0000,3901,2941.5701,0.0000,999,1000,1000,1,80.9137
39020.0000,3902,2941.5846,0.0000,999,1000,1000,1,80.6643
39030.0000,3903,2941.5994,0.0000,1000,1000,1000,1,80.4151
39040.0000,3904,2941.6140,0.0000,1000,1000,999,1,79.8495
39050.0000,3905,2941.6283,0.0000,997,998,998,1,79.6057
39060.0000,3906,2941.6424,0.0000,999,1000,1000,1,79.2030
39070.0000,3907,2941.6570,0.0000,1000,1000,999,1,79.1198
39080.0000,3908,2941.6717,0.0000,1000,1000,1000,1,79.3554
39090.0000,3909,2941.6864,0.0000,1000,1000,1000,1,79.2723
39100.0000,3910,2941.7010,0.0000,999,1000,1000,1,79.1898
39110.0000,3911,2941.7157,0.0000,1000,1000,1000,1,79.2667
39120.0000,3912,2941.7305,0.0000,1000,1000,1000,1,79.5021
39130.0000,3913,2941.7451,0.0000,999,999,999,1,79.4197
39140.0000,3914,2941.7596,0.0000,1000,999,1000,1,79.3376
39150.0000,3915,2941.7743,0.0000,1000,999,1000,1,79.5728
39160.0000,3916,2941.7889,0.0000,999,1000,1000,1,79.3319
39170.0000,3917,2941.8036,0.0000,1000,999,1000,1,79.5670
39180.0000,3918,2941.8181,0.0000,999,1000,999,1,79.4836
39190.0000,3919,2941.8326,0.0000,999,999,1000,1,79.4005
39200.0000,3920,2941.8471,0.0000,999,1000,1000,1,79.6354
39210.0000,3921,2941.8618,0.0000,999,1000,1000,1,79.7106
39220.0000,3922,2941.8761,0.0000,1000,999,1000,1,79.6265
39230.0000,3923,2941.8906,0.0000,1000,1000,1000,1,79.7021
39240.0000,3924,2941.9052,0.0000,1000,1000,1000,1,79.6186
39250.0000,3925,2941.9197,0.0000,1000,1000,1000,1,79.6940
39260.0000,3926,2941.9342,0.0000,1000,1000,1000,1,79.7693
39270.0000,3927,2941.9488,0.0000,1000,1000,1000,1,80.0037
39280.0000,3928,2941.9634,0.0000,999,1000,1000,1,80.2379
39290.0000,3929,2941.9780,0.0000,999,1000,999,1,80.3122
39300.0000,3930,2941.9926,0.0000,999,1000,1000,1,80.5462
39310.0000,3931,2942.0073,0.0000,1000,1000,1000,1,80.7801
39320.0000,3932,2942.0217,0.0000,999,1000,999,1,80.8536
39330.0000,3933,2942.0361,0.0000,999,1000,1000,1,80.9268
39340.0000,3934,2942.0505,0.0000,1000,1000,1000,1,80.8393
39350.0000,3935,2942.0651,0.0000,1000,1000,1000,1,81.0729
39360.0000,3936,2942.0797,0.0000,999,1000,1000,1,81.3064
39370.0000,3937,2942.0941,0.0000,999,1000,1000,1,81.2186
39380.0000,3938,2942.1085,0.0000,999,1000,1000,1,81.1304
39390.0000,3939,2942.1228,0.0000,1000,999,1000,1,80.8822
39400.0000,3940,2942.1370,0.0000,1000,1000,1000,1,80.6342
39410.0000,3941,2942.1515,0.0000,1000,999,999,1,80.7071
39420.0000,3942,2942.1659,0.0000,1000,1000,1000,1,80.7801
39430.0000,3943,2942.1803,0.0000,1000,999,1000,1,80.8528
39440.0000,3944,2942.1948,0.0000,1000,1000,1000,1,80.7658
39450.0000,3945,2942.2092,0.0000,999,999,1000,1,80.8392
39460.0000,3946,2942.2236,0.0000,1000,1000,1000,1,80.7524
39470.0000,3947,2942.2379,0.0000,998,999,1000,1,80.6658
39480.0000,3948,2942.2521,0.0000,1000,1000,1000,1,80.7391
39490.0000,3949,2942.2662,0.0000,998,1000,1000,1,80.6522
39500.0000,3950,2942.2804,0.0000,999,1000,1000,1,80.4056
39510.0000,3951,2942.2943,0.0000,1000,1000,1000,1,80.4785
39520.0000,3952,2942.3087,0.0000,1000,1000,1000,1,80.2317
39530.0000,3953,2942.3231,0.0000,1000,1000,1000,1,80.1449
39540.0000,3954,2942.3374,0.0000,1000,1000,1000,1,80.2178
39550.0000,3955,2942.3516,0.0000,999,1000,1000,1,79.9717
39560.0000,3956,2942.3657,0.0000,999,999,1000,1,79.7255
39570.0000,3957,2942.3801,0.0000,999,1000,1000,1,79.9581
39580.0000,3958,2942.3942,0.0000,999,1000,1000,1,79.7136
39590.0000,3959,2942.4085,0.0000,1000,1000,1000,1,79.7876
39600.0000,3960,2942.4228,0.0000,999,1000,1000,1,79.5441
39610.0000,3961,2942.4370,0.0000,1000,1000,1000,1,79.4590
39620.0000,3962,2942.4512,0.0000,999,1000,999,1,79.2157
39630.0000,3963,2942.4656,0.0000,999,1000,1000,1,79.4481
39640.0000,3964,2942.4799,0.0000,999,1000,1000,1,79.6803
39650.0000,3965,2942.4943,0.0000,1000,1000,1000,1,79.9124
39660.0000,3966,2942.5087,0.0000,1000,1000,1000,1,80.1444
39670.0000,3967,2942.5229,0.0000,998,999,999,1,80.0575
39680.0000,3968,2942.5369,0.0000,1000,1000,1000,1,79.8110
39690.0000,3969,2942.5512,0.0000,1000,1000,1000,1,80.0428
39700.0000,3970,2942.5656,0.0000,1000,1000,1000,1,80.2745
39710.0000,3971,2942.5799,0.0000,999,1000,1000,1,80.1868
39720.0000,3972,2942.5942,0.0000,1000,1000,1000,1,80.2588
39730.0000,3973,2942.6086,0.0000,999,1000,1000,1,80.3304
39740.0000,3974,2942.6226,0.0000,1000,1000,1000,1,79.9220
39750.0000,3975,2942.6369,0.0000,1000,1000,1000,1,79.9937
39760.0000,3976,2942.6510,0.0000,999,1000,1000,1,79.9057
39770.0000,3977,2942.6647,0.0000,999,999,1000,1,79.4989
39780.0000,3978,2942.6788,0.0000,999,1000,1000,1,79.2536
39790.0000,3979,2942.6930,0.0000,999,1000,999,1,79.3260
39800.0000,3980,2942.7072,0.0000,1000,1000,1000,1,79.3983
39810.0000,3981,2942.7214,0.0000,999,999,1000,1,79.4706
39820.0000,3982,2942.7355,0.0000,1000,1000,1000,1,79.3838
39830.0000,3983,2942.7496,0.0000,999,1000,1000,1,79.4561
39840.0000,3984,2942.7637,0.0000,999,999,999,1,79.3694
39850.0000,3985,2942.7777,0.0000,999,1000,1000,1,79.4420
39860.0000,3986,2942.7920,0.0000,999,1000,1000,1,79.5142
39870.0000,3987,2942.8060,0.0000,1000,1000,1000,1,79.2696
39880.0000,3988,2942.8201,0.0000,1000,1000,1000,1,79.5005
39890.0000,3989,2942.8343,0.0000,999,1000,1000,1,79.7312
39900.0000,3990,2942.8483,0.0000,999,1000,1000,1,79.4851
39910.0000,3991,2942.8624,0.0000,999,1000,1000,1,79.3988
39920.0000,3992,2942.8764,0.0000,999,999,999,1,79.1542
39930.0000,3993,2942.8906,0.0000,1000,999,999,1,79.2263
39940.0000,3994,2942.9047,0.0000,1000,999,1000,1,79.4568
39950.0000,3995,2942.9186,0.0000,999,999,999,1,79.3696
39960.0000,3996,2942.9327,0.0000,999,1000,1000,1,79.4414
39970.0000,3997,2942.9468,0.0000,1000,1000,1000,1,79.6717
39980.0000,3998,2942.9609,0.0000,999,1000,1000,1,79.7431
39990.0000,3999,2942.9749,0.0000,999,1000,1000,1,79.6553
40000.0000,4000,2942.9889,0.0000,999,999,1000,1,79.7265
40010.0000,4001,2943.0030,0.0000,998,999,999,1,79.7975
40020.0000,4002,2943.0169,0.0000,1000,1000,1000,1,79.8685
40030.0000,4003,2943.0309,0.0000,999,999,1000,1,79.7800
40040.0000,4004,2943.0447,0.0000,1000,1000,999,1,79.6912
40050.0000,4005,2943.0588,0.0000,999,1000,1000,1,79.9209
40060.0000,4006,2943.0728,0.0000,998,998,999,1,79.8317
40070.0000,4007,2943.0864,0.0000,1000,1000,1000,1,79.5840
40080.0000,4008,2943.1004,0.0000,1000,1000,1000,1,79.8137
40090.0000,4009,2943.1140,0.0000,1000,999,1000,1,79.5650
40100.0000,4010,2943.1280,0.0000,999,1000,1000,1,79.7945
40110.0000,4011,2943.1421,0.0000,1000,999,1000,1,80.0240
40120.0000,4012,2943.1560,0.0000,1000,1000,1000,1,79.9342
40130.0000,4013,2943.1700,0.0000,1000,1000,1000,1,80.0040
40140.0000,4014,2943.1840,0.0000,1000,999,1000,1,80.2332
40150.0000,4015,2943.1980,0.0000,1000,1000,1000,1,80.4623
40160.0000,4016,2943.2120,0.0000,999,999,1000,1,80.6913
40170.0000,4017,2943.2258,0.0000,998,999,1000,1,80.6003
40180.0000,4018,2943.2395,0.0000,1000,1000,999,1,80.0310
40190.0000,4019,2943.2535,0.0000,999,1000,1000,1,80.2598
40200.0000,4020,2943.2673,0.0000,998,999,999,1,80.0095
40210.0000,4021,2943.2813,0.0000,1000,1000,1000,1,80.0785
40220.0000,4022,2943.2949,0.0000,999,999,1000,1,79.5114
40230.0000,4023,2943.3086,0.0000,999,998,998,1,78.9461
40240.0000,4024,2943.3222,0.0000,1000,1000,1000,1,79.0172
40250.0000,4025,2943.3360,0.0000,999,1000,1000,1,78.7724
40260.0000,4026,2943.3499,0.0000,1000,1000,1000,1,78.8435
40270.0000,4027,2943.3638,0.0000,1000,1000,1000,1,78.7567
40280.0000,4028,2943.3776,0.0000,999,1000,1000,1,78.6696
40290.0000,4029,2943.3914,0.0000,1000,1000,1000,1,78.5830
40300.0000,4030,2943.4052,0.0000,999,1000,1000,1,78.4968
40310.0000,4031,2943.4189,0.0000,1000,999,999,1,78.5681
40320.0000,4032,2943.4327,0.0000,999,999,999,1,78.3272
40330.0000,4033,2943.4465,0.0000,1000,1000,1000,1,78.5558
40340.0000,4034,2943.4604,0.0000,1000,1000,1000,1,78.7842
40350.0000,4035,2943.4742,0.0000,1000,1000,1000,1,79.0125
40360.0000,4036,2943.4881,0.0000,1000,1000,1000,1,79.0837
40370.0000,4037,2943.5018,0.0000,999,999,999,1,78.6851
40380.0000,4038,2943.5154,0.0000,999,1000,1000,1,78.7566
40390.0000,4039,2943.5291,0.0000,1000,1000,999,1,78.8279
40400.0000,4040,2943.5428,0.0000,1000,1000,1000,1,78.5862
40410.0000,4041,2943.5566,0.0000,999,1000,1000,1,78.8142
40420.0000,4042,2943.5704,0.0000,1000,1000,1000,1,79.0421
40430.0000,4043,2943.5841,0.0000,1000,1000,999,1,79.1128
40440.0000,4044,2943.5978,0.0000,1000,1000,1000,1,79.3405
40450.0000,4045,2943.6115,0.0000,1000,1000,1000,1,79.0967
40460.0000,4046,2943.6253,0.0000,999,999,1000,1,79.3243
40470.0000,4047,2943.6390,0.0000,999,999,1000,1,79.5518
40480.0000,4048,2943.6523,0.0000,998,998,999,1,79.3072
40490.0000,4049,2943.6658,0.0000,999,1000,1000,1,79.2205
40500.0000,4050,2943.6796,0.0000,999,1000,1000,1,79.2907
40510.0000,4051,2943.6931,0.0000,999,999,999,1,79.0483
40520.0000,4052,2943.7068,0.0000,999,1000,1000,1,78.9633
40530.0000,4053,2943.7205,0.0000,999,1000,1000,1,79.0344
40540.0000,4054,2943.7342,0.0000,1000,1000,1000,1,79.2615
40550.0000,4055,2943.7478,0.0000,1000,1000,1000,1,79.0189
40560.0000,4056,2943.7615,0.0000,999,999,1000,1,79.0893
40570.0000,4057,2943.7752,0.0000,1000,1000,1000,1,79.1599
40580.0000,4058,2943.7887,0.0000,999,1000,1000,1,78.7618
40590.0000,4059,2943.8025,0.0000,1000,1000,1000,1,78.9887
40600.0000,4060,2943.8162,0.0000,999,1000,999,1,79.0590
40610.0000,4061,2943.8299,0.0000,1000,999,1000,1,79.2858
40620.0000,4062,2943.8433,0.0000,998,998,1000,1,79.0435
40630.0000,4063,2943.8568,0.0000,999,999,1000,1,78.8026
40640.0000,4064,2943.8704,0.0000,1000,1000,1000,1,78.8736
40650.0000,4065,2943.8840,0.0000,999,999,999,1,78.9443
40660.0000,4066,2943.8974,0.0000,999,1000,1000,1,79.1708
40670.0000,4067,2943.9110,0.0000,999,999,1000,1,79.0849
40680.0000,4068,2943.9244,0.0000,1000,1000,1000,1,79.1553
40690.0000,4069,2943.9379,0.0000,998,999,999,1,78.9140
40700.0000,4070,2943.9511,0.0000,1000,1000,999,1,78.3626
40710.0000,4071,2943.9648,0.0000,1000,1000,1000,1,78.5890
40720.0000,4072,2943.9783,0.0000,1000,1000,1000,1,78.6597
40730.0000,4073,2943.9919,0.0000,999,1000,1000,1,78.8859
40740.0000,4074,2944.0055,0.0000,1000,1000,1000,1,79.1120
40750.0000,4075,2944.0187,0.0000,999,1000,1000,1,78.8707
40760.0000,4076,2944.0321,0.0000,999,1000,1000,1,78.7858
40770.0000,4077,2944.0458,0.0000,999,1000,1000,1,79.0118
40780.0000,4078,2944.0594,0.0000,999,1000,1000,1,79.2376
40790.0000,4079,2944.0730,0.0000,999,999,1000,1,79.3074
40800.0000,4080,2944.0864,0.0000,999,1000,1000,1,79.2209
40810.0000,4081,2944.0998,0.0000,999,1000,1000,1,79.2902
40820.0000,4082,2944.1134,0.0000,1000,1000,1000,1,79.5157
40830.0000,4083,2944.1268,0.0000,1000,999,999,1,79.4285
40840.0000,4084,2944.1403,0.0000,1000,1000,1000,1,79.6539
40850.0000,4085,2944.1538,0.0000,999,999,999,1,79.7226
40860.0000,4086,2944.1674,0.0000,1000,1000,1000,1,79.7911
40870.0000,4087,2944.1808,0.0000,1000,999,1000,1,79.7030
40880.0000,4088,2944.1943,0.0000,1000,1000,1000,1,79.7713
40890.0000,4089,2944.2073,0.0000,1000,1000,1000,1,79.3701
40900.0000,4090,2944.2209,0.0000,1000,999,1000,1,79.5952
40910.0000,4091,2944.2343,0.0000,999,999,1000,1,79.8202
40920.0000,4092,2944.2476,0.0000,1000,1000,1000,1,79.8885
40930.0000,4093,2944.2611,0.0000,1000,1000,1000,1,80.1133
40940.0000,4094,2944.2744,0.0000,999,1000,999,1,80.0241
40950.0000,4095,2944.2878,0.0000,999,1000,1000,1,80.0924
40960.0000,4096,2944.3012,0.0000,999,999,1000,1,80.1604
40970.0000,4097,2944.3146,0.0000,999,1000,1000,1,80.0719
40980.0000,4098,2944.3280,0.0000,1000,1000,1000,1,79.9839
40990.0000,4099,2944.3414,0.0000,998,999,1000,1,80.0522
41000.0000,4100,2944.3546,0.0000,999,1000,1000,1,79.9646
41010.0000,4101,2944.3680,0.0000,1000,1000,1000,1,80.0332
41020.0000,4102,2944.3815,0.0000,999,1000,1000,1,80.1015
41030.0000,4103,2944.3947,0.0000,1000,1000,999,1,79.8578
41040.0000,4104,2944.4080,0.0000,1000,999,1000,1,79.7704
41050.0000,4105,2944.4214,0.0000,999,1000,1000,1,79.9946
41060.0000,4106,2944.4347,0.0000,999,999,1000,1,80.0626
41070.0000,4107,2944.4479,0.0000,1000,1000,1000,1,80.1305
41080.0000,4108,2944.4609,0.0000,1000,1000,1000,1,79.4179
41090.0000,4109,2944.4743,0.0000,999,1000,1000,1,79.4860
41100.0000,4110,2944.4876,0.0000,1000,1000,1000,1,79.5543
41110.0000,4111,2944.5009,0.0000,1000,1000,1000,1,79.6229
41120.0000,4112,2944.5143,0.0000,1000,1000,1000,1,79.8468
41130.0000,4113,2944.5272,0.0000,1000,1000,1000,1,79.9151
41140.0000,4114,2944.5401,0.0000,1000,999,999,1,79.5190
41150.0000,4115,2944.5534,0.0000,1000,1000,1000,1,79.5879
41160.0000,4116,2944.5666,0.0000,999,999,1000,1,79.1933
41170.0000,4117,2944.5798,0.0000,1000,1000,1000,1,79.1091
41180.0000,4118,2944.5933,0.0000,999,1000,1000,1,79.3327
41190.0000,4119,2944.6066,0.0000,1000,1000,1000,1,79.5562
41200.0000,4120,2944.6200,0.0000,999,1000,1000,1,79.6253
41210.0000,4121,2944.6333,0.0000,1000,1000,1000,1,79.8486
41220.0000,4122,2944.6463,0.0000,999,999,1000,1,79.9172
41230.0000,4123,2944.6595,0.0000,1000,1000,1000,1,79.9855
41240.0000,4124,2944.6724,0.0000,999,999,1000,1,79.7441
41250.0000,4125,2944.6857,0.0000,1000,1000,1000,1,79.9672
41260.0000,4126,2944.6989,0.0000,998,999,1000,1,79.8803
41270.0000,4127,2944.7118,0.0000,1000,1000,1000,1,79.7936
41280.0000,4128,2944.7249,0.0000,1000,1000,1000,1,79.8616
41290.0000,4129,2944.7383,0.0000,1000,1000,1000,1,80.0844
41300.0000,4130,2944.7515,0.0000,999,1000,1000,1,80.1519
41310.0000,4131,2944.7645,0.0000,1000,999,999,1,79.7536
41320.0000,4132,2944.7776,0.0000,999,999,1000,1,79.8208
41330.0000,4133,2944.7909,0.0000,999,1000,1000,1,79.8880
41340.0000,4134,2944.8037,0.0000,999,999,999,1,79.4902
41350.0000,4135,2944.8168,0.0000,999,1000,1000,1,79.4030
41360.0000,4136,2944.8297,0.0000,999,999,1000,1,79.1605
41370.0000,4137,2944.8430,0.0000,1000,1000,1000,1,79.3831
41380.0000,4138,2944.8559,0.0000,1000,999,1000,1,79.1396
41390.0000,4139,2944.8688,0.0000,999,999,1000,1,79.0516
41400.0000,4140,2944.8820,0.0000,999,1000,1000,1,79.2741
41410.0000,4141,2944.8951,0.0000,1000,1000,1000,1,79.4964
41420.0000,4142,2944.9083,0.0000,999,999,1000,1,79.7187
41430.0000,4143,2944.9214,0.0000,1000,1000,1000,1,79.7850
41440.0000,4144,2944.9343,0.0000,1000,1000,1000,1,79.6955
41450.0000,4145,2944.9475,0.0000,1000,1000,1000,1,79.9175
41460.0000,4146,2944.9605,0.0000,999,999,1000,1,79.8277
41470.0000,4147,2944.9734,0.0000,999,1000,1000,1,79.7379
41480.0000,4148,2944.9862,0.0000,1000,1000,999,1,79.3371
41490.0000,4149,2944.9989,0.0000,1000,998,1000,1,79.0919
41500.0000,4150,2945.0120,0.0000,1000,1000,1000,1,79.3138
41510.0000,4151,2945.0250,0.0000,1000,1000,1000,1,79.2237
41520.0000,4152,2945.0381,0.0000,1000,1000,1000,1,79.4454
41530.0000,4153,2945.0510,0.0000,1000,1000,1000,1,79.3546
41540.0000,4154,2945.0640,0.0000,999,999,1000,1,79.4198
41550.0000,4155,2945.0768,0.0000,1000,1000,1000,1,79.0160
41560.0000,4156,2945.0898,0.0000,1000,1000,1000,1,79.0812
41570.0000,4157,2945.1025,0.0000,998,998,999,1,78.5238
41580.0000,4158,2945.1152,0.0000,999,1000,1000,1,78.2811
41590.0000,4159,2945.1282,0.0000,999,999,1000,1,78.5027
41600.0000,4160,2945.1411,0.0000,1000,1000,1000,1,78.4150
41610.0000,4161,2945.1539,0.0000,999,999,999,1,78.0208
41620.0000,4162,2945.1668,0.0000,999,1000,1000,1,77.9359
41630.0000,4163,2945.1794,0.0000,999,999,999,1,77.5444
41640.0000,4164,2945.1924,0.0000,1000,1000,1000,1,77.6127
41650.0000,4165,2945.2054,0.0000,1000,999,1000,1,77.8342
41660.0000,4166,2945.2185,0.0000,999,1000,1000,1,78.0556
41670.0000,4167,2945.2312,0.0000,998,999,999,1,77.9694
41680.0000,4168,2945.2441,0.0000,999,999,999,1,77.7304
41690.0000,4169,2945.2568,0.0000,1000,999,1000,1,77.4925
41700.0000,4170,2945.2695,0.0000,1000,1000,1000,1,77.2548
41710.0000,4171,2945.2824,0.0000,999,1000,1000,1,77.3229
41720.0000,4172,2945.2954,0.0000,1000,1000,1000,1,77.2388
41730.0000,4173,2945.3082,0.0000,1000,1000,1000,1,77.1550
41740.0000,4174,2945.3211,0.0000,999,1000,999,1,77.0708
41750.0000,4175,2945.3340,0.0000,1000,1000,1000,1,77.1392
41760.0000,4176,2945.3468,0.0000,1000,1000,1000,1,77.2072
41770.0000,4177,2945.3598,0.0000,1000,1000,1000,1,77.4281
41780.0000,4178,2945.3726,0.0000,1000,1000,999,1,77.1900
41790.0000,4179,2945.3854,0.0000,1000,999,1000,1,77.4108
41800.0000,4180,2945.3983,0.0000,1000,999,1000,1,77.6315
41810.0000,4181,2945.4110,0.0000,999,1000,1000,1,77.6991
41820.0000,4182,2945.4239,0.0000,1000,1000,1000,1,77.9196
41830.0000,4183,2945.4368,0.0000,999,999,1000,1,77.9867
41840.0000,4184,2945.4495,0.0000,999,1000,999,1,77.7461
41850.0000,4185,2945.4623,0.0000,1000,1000,1000,1,77.8130
41860.0000,4186,2945.4753,0.0000,1000,1000,1000,1,78.0333
41870.0000,4187,2945.4882,0.0000,999,1000,1000,1,78.2535
41880.0000,4188,2945.5009,0.0000,1000,1000,1000,1,78.3196
41890.0000,4189,2945.5137,0.0000,1000,1000,1000,1,78.3853
41900.0000,4190,2945.5266,0.0000,1000,1000,1000,1,78.6052
41910.0000,4191,2945.5396,0.0000,999,1000,1000,1,78.8251
41920.0000,4192,2945.5523,0.0000,1000,999,1000,1,78.8901
41930.0000,4193,2945.5650,0.0000,999,1000,1000,1,78.7999
41940.0000,4194,2945.5776,0.0000,1000,999,1000,1,78.5548
41950.0000,4195,2945.5904,0.0000,1000,1000,1000,1,78.7744
41960.0000,4196,2945.6032,0.0000,999,1000,1000,1,78.8389
41970.0000,4197,2945.6159,0.0000,1000,1000,1000,1,78.9035
41980.0000,4198,2945.6285,0.0000,999,999,999,1,78.3495
41990.0000,4199,2945.6413,0.0000,999,1000,1000,1,78.5690
42000.0000,4200,2945.6542,0.0000,999,1000,1000,1,78.7884
42010.0000,4201,2945.6668,0.0000,1000,1000,1000,1,78.6977
42020.0000,4202,2945.6794,0.0000,998,998,999,1,78.4523
42030.0000,4203,2945.6918,0.0000,1000,1000,1000,1,78.3622
42040.0000,4204,2945.7045,0.0000,999,999,1000,1,78.2719
42050.0000,4205,2945.7172,0.0000,1000,1000,1000,1,78.3361
42060.0000,4206,2945.7296,0.0000,1000,999,1000,1,78.2449
42070.0000,4207,2945.7422,0.0000,1000,1000,1000,1,78.1544
42080.0000,4208,2945.7548,0.0000,999,999,1000,1,78.3735
42090.0000,4209,2945.7674,0.0000,999,999,999,1,78.2824
42100.0000,4210,2945.7801,0.0000,999,1000,1000,1,78.1920
42110.0000,4211,2945.7927,0.0000,1000,1000,1000,1,78.1014
42120.0000,4212,2945.8054,0.0000,999,1000,1000,1,78.1656
42130.0000,4213,2945.8181,0.0000,999,1000,1000,1,78.3844
42140.0000,4214,2945.8308,0.0000,999,999,1000,1,78.6031
42150.0000,4215,2945.8432,0.0000,999,999,999,1,77.8922
42160.0000,4216,2945.8558,0.0000,999,1000,1000,1,77.9560
42170.0000,4217,2945.8682,0.0000,1000,1000,1000,1,77.7099
42180.0000,4218,2945.8810,0.0000,999,1000,1000,1,77.9285
42190.0000,4219,2945.8935,0.0000,999,1000,999,1,77.8376
42200.0000,4220,2945.9060,0.0000,1000,1000,1000,1,77.7473
42210.0000,4221,2945.9186,0.0000,1000,1000,1000,1,77.8115
42220.0000,4222,2945.9311,0.0000,999,999,999,1,77.7209
42230.0000,4223,2945.9436,0.0000,999,1000,1000,1,77.7848
42240.0000,4224,2945.9563,0.0000,1000,1000,1000,1,78.0031
42250.0000,4225,2945.9686,0.0000,999,1000,1000,1,77.9119
42260.0000,4226,2945.9809,0.0000,999,999,999,1,77.5112
42270.0000,4227,2945.9934,0.0000,999,999,999,1,77.2667
42280.0000,4228,2946.0054,0.0000,1000,998,1000,1,77.0235
42290.0000,4229,2946.0180,0.0000,998,998,999,1,76.9342
42300.0000,4230,2946.0303,0.0000,1000,1000,1000,1,76.6931
42310.0000,4231,2946.0429,0.0000,1000,1000,1000,1,76.7586
42320.0000,4232,2946.0556,0.0000,1000,1000,1000,1,76.9768
42330.0000,4233,2946.0682,0.0000,999,1000,1000,1,77.1949
42340.0000,4234,2946.0806,0.0000,1000,1000,1000,1,77.2596
42350.0000,4235,2946.0932,0.0000,999,999,1000,1,77.4775
42360.0000,4236,2946.1056,0.0000,999,999,1000,1,76.9286
42370.0000,4237,2946.1182,0.0000,1000,1000,1000,1,77.1465
42380.0000,4238,2946.1307,0.0000,999,999,1000,1,77.2108
42390.0000,4239,2946.1433,0.0000,1000,1000,1000,1,77.4285
42400.0000,4240,2946.1555,0.0000,1000,999,1000,1,76.8834
42410.0000,4241,2946.1678,0.0000,999,1000,1000,1,76.9488
42420.0000,4242,2946.1804,0.0000,1000,1000,1000,1,77.1664
42430.0000,4243,2946.1929,0.0000,1000,1000,1000,1,77.3839
42440.0000,4244,2946.2055,0.0000,999,1000,1000,1,77.4484
42450.0000,4245,2946.2180,0.0000,999,1000,999,1,77.5126
42460.0000,4246,2946.2304,0.0000,1000,1000,1000,1,77.5766
42470.0000,4247,2946.2429,0.0000,999,1000,1000,1,77.6405
42480.0000,4248,2946.2553,0.0000,999,1000,1000,1,77.8577
42490.0000,4249,2946.2678,0.0000,1000,1000,1000,1,77.9213
42500.0000,4250,2946.2803,0.0000,1000,999,1000,1,77.9850
42510.0000,4251,2946.2928,0.0000,999,999,1000,1,78.2019
42520.0000,4252,2946.3051,0.0000,1000,1000,1000,1,78.2654
42530.0000,4253,2946.3175,0.0000,999,1000,1000,1,78.3289
42540.0000,4254,2946.3299,0.0000,1000,1000,1000,1,78.3923
42550.0000,4255,2946.3420,0.0000,999,999,1000,1,78.1488
42560.0000,4256,2946.3545,0.0000,999,999,999,1,78.0591
42570.0000,4257,2946.3667,0.0000,1000,999,1000,1,77.9691
42580.0000,4258,2946.3791,0.0000,1000,999,1000,1,78.0322
42590.0000,4259,2946.3915,0.0000,1000,1000,1000,1,77.9424
42600.0000,4260,2946.4038,0.0000,999,1000,1000,1,78.0056
42610.0000,4261,2946.4162,0.0000,1000,999,1000,1,78.2220
42620.0000,4262,2946.4286,0.0000,999,999,1000,1,78.1327
42630.0000,4263,2946.4409,0.0000,1000,999,1000,1,78.0436
42640.0000,4264,2946.4531,0.0000,999,999,1000,1,78.1073
42650.0000,4265,2946.4651,0.0000,1000,1000,1000,1,77.7140
42660.0000,4266,2946.4774,0.0000,1000,1000,1000,1,77.7781
42670.0000,4267,2946.4893,0.0000,1000,1000,1000,1,77.2331
42680.0000,4268,2946.5016,0.0000,998,1000,1000,1,77.2970
42690.0000,4269,2946.5139,0.0000,999,999,999,1,77.3608
42700.0000,4270,2946.5261,0.0000,1000,1000,999,1,77.2720
42710.0000,4271,2946.5384,0.0000,1000,1000,1000,1,77.0309
42720.0000,4272,2946.5507,0.0000,998,999,999,1,76.9425
42730.0000,4273,2946.5629,0.0000,999,1000,1000,1,76.8540
42740.0000,4274,2946.5751,0.0000,999,999,1000,1,76.7654
42750.0000,4275,2946.5875,0.0000,1000,1000,1000,1,76.6766
42760.0000,4276,2946.5998,0.0000,1000,1000,1000,1,76.7399
42770.0000,4277,2946.6121,0.0000,1000,1000,1000,1,76.8030
42780.0000,4278,2946.6243,0.0000,1000,999,1000,1,76.7137
42790.0000,4279,2946.6366,0.0000,999,1000,1000,1,76.9295
42800.0000,4280,2946.6489,0.0000,1000,999,999,1,76.8395
42810.0000,4281,2946.6613,0.0000,999,1000,1000,1,76.9024
42820.0000,4282,2946.6728,0.0000,999,1000,1000,1,76.0503
42830.0000,4283,2946.6848,0.0000,999,1000,999,1,75.9622
42840.0000,4284,2946.6971,0.0000,999,1000,1000,1,76.1779
42850.0000,4285,2946.7092,0.0000,1000,1000,1000,1,76.0894
42860.0000,4286,2946.7213,0.0000,1000,999,1000,1,75.8500
42870.0000,4287,2946.7336,0.0000,999,999,1000,1,75.9142
42880.0000,4288,2946.7458,0.0000,1000,1000,1000,1,75.8270
42890.0000,4289,2946.7580,0.0000,1000,1000,1000,1,75.8915
42900.0000,4290,2946.7703,0.0000,999,1000,1000,1,76.1069
42910.0000,4291,2946.7825,0.0000,1000,1000,1000,1,76.1708
42920.0000,4292,2946.7947,0.0000,999,999,1000,1,76.2344
42930.0000,4293,2946.8068,0.0000,998,1000,1000,1,75.8441
42940.0000,4294,2946.8188,0.0000,999,999,1000,1,75.9081
42950.0000,4295,2946.8310,0.0000,999,1000,1000,1,75.9717
42960.0000,4296,2946.8432,0.0000,1000,1000,1000,1,76.0352
42970.0000,4297,2946.8553,0.0000,999,1000,999,1,75.7956
42980.0000,4298,2946.8674,0.0000,1000,999,1000,1,76.0106
42990.0000,4299,2946.8795,0.0000,999,999,999,1,75.9218
43000.0000,4300,2946.8915,0.0000,1000,1000,1000,1,75.8333
43010.0000,4301,2946.9038,0.0000,1000,1000,1000,1,76.0482
43020.0000,4302,2946.9160,0.0000,1000,1000,1000,1,75.9593
43030.0000,4303,2946.9282,0.0000,999,1000,1000,1,76.0223
43040.0000,4304,2946.9401,0.0000,999,999,1000,1,75.9331
43050.0000,4305,2946.9523,0.0000,1000,1000,1000,1,75.9957
43060.0000,4306,2946.9644,0.0000,1000,1000,1000,1,75.6037
43070.0000,4307,2946.9764,0.0000,999,999,1000,1,75.6673
43080.0000,4308,2946.9881,0.0000,999,999,1000,1,75.1271
43090.0000,4309,2947.0001,0.0000,998,1000,999,1,74.8906
43100.0000,4310,2947.0121,0.0000,1000,1000,1000,1,74.8052
43110.0000,4311,2947.0242,0.0000,1000,1000,1000,1,74.7199
43120.0000,4312,2947.0364,0.0000,1000,1000,1000,1,74.7843
43130.0000,4313,2947.0485,0.0000,999,999,1000,1,74.8485
43140.0000,4314,2947.0606,0.0000,999,1000,1000,1,74.9131
43150.0000,4315,2947.0728,0.0000,1000,1000,1000,1,75.1275
43160.0000,4316,2947.0849,0.0000,1000,1000,1000,1,75.3418
43170.0000,4317,2947.0969,0.0000,999,1000,1000,1,75.2549
43180.0000,4318,2947.1086,0.0000,999,998,1000,1,75.1678
43190.0000,4319,2947.1205,0.0000,999,999,1000,1,74.9310
43200.0000,4320,2947.1325,0.0000,999,999,1000,1,74.8451
43210.0000,4321,2947.1444,0.0000,999,1000,1000,1,74.7608
43220.0000,4322,2947.1562,0.0000,999,999,1000,1,74.6766
43230.0000,4323,2947.1683,0.0000,1000,999,1000,1,74.8906
43240.0000,4324,2947.1803,0.0000,1000,1000,1000,1,74.8063
43250.0000,4325,2947.1923,0.0000,1000,1000,1000,1,74.8712
43260.0000,4326,2947.2043,0.0000,1000,999,1000,1,74.9359
43270.0000,4327,2947.2161,0.0000,1000,999,1000,1,74.8523
43280.0000,4328,2947.2281,0.0000,999,999,1000,1,74.7683
43290.0000,4329,2947.2400,0.0000,1000,1000,1000,1,74.8331
43300.0000,4330,2947.2520,0.0000,999,1000,1000,1,75.0468
43310.0000,4331,2947.2641,0.0000,1000,1000,1000,1,75.2604
43320.0000,4332,2947.2760,0.0000,1000,999,1000,1,75.3245
43330.0000,4333,2947.2880,0.0000,1000,999,1000,1,75.5379
43340.0000,4334,2947.3000,0.0000,999,1000,1000,1,75.6018
43350.0000,4335,2947.3121,0.0000,1000,1000,1000,1,75.8150
43360.0000,4336,2947.3241,0.0000,1000,1000,1000,1,76.0281
43370.0000,4337,2947.3362,0.0000,1000,999,1000,1,76.2412
43380.0000,4338,2947.3481,0.0000,999,999,1000,1,76.1539
43390.0000,4339,2947.3597,0.0000,999,1000,1000,1,75.9168
43400.0000,4340,2947.3716,0.0000,999,999,1000,1,75.9799
43410.0000,4341,2947.3835,0.0000,1000,999,1000,1,76.0428
43420.0000,4342,2947.3956,0.0000,1000,1000,1000,1,76.1060
43430.0000,4343,2947.4075,0.0000,1000,1000,1000,1,76.1689
43440.0000,4344,2947.4193,0.0000,999,999,999,1,76.0815
43450.0000,4345,2947.4311,0.0000,999,1000,1000,1,76.1442
43460.0000,4346,2947.4430,0.0000,1000,1000,1000,1,76.2071
43470.0000,4347,2947.4544,0.0000,998,998,998,1,75.6745
43480.0000,4348,2947.4661,0.0000,999,1000,1000,1,75.2927
43490.0000,4349,2947.4780,0.0000,1000,1000,1000,1,75.3570
43500.0000,4350,2947.4897,0.0000,999,999,1000,1,75.1243
43510.0000,4351,2947.5013,0.0000,999,999,1000,1,74.8914
43520.0000,4352,2947.5130,0.0000,1000,999,1000,1,74.8067
43530.0000,4353,2947.5248,0.0000,999,1000,1000,1,74.7231
43540.0000,4354,2947.5367,0.0000,1000,1000,1000,1,74.7881
43550.0000,4355,2947.5485,0.0000,1000,1000,999,1,74.7054
43560.0000,4356,2947.5605,0.0000,1000,1000,1000,1,74.9178
43570.0000,4357,2947.5721,0.0000,999,999,1000,1,74.6870
43580.0000,4358,2947.5839,0.0000,999,1000,1000,1,74.7520
43590.0000,4359,2947.5957,0.0000,1000,1000,1000,1,74.8167
43600.0000,4360,2947.6073,0.0000,998,1000,999,1,74.7334
43610.0000,4361,2947.6191,0.0000,1000,1000,1000,1,74.9456
43620.0000,4362,2947.6311,0.0000,1000,1000,1000,1,75.1577
43630.0000,4363,2947.6430,0.0000,1000,1000,1000,1,75.3696
43640.0000,4364,2947.6548,0.0000,1000,1000,1000,1,75.4332
43650.0000,4365,2947.6664,0.0000,1000,1000,999,1,75.0528
43660.0000,4366,2947.6780,0.0000,1000,1000,1000,1,74.8219
43670.0000,4367,2947.6898,0.0000,1000,999,1000,1,74.8864
43680.0000,4368,2947.7016,0.0000,1000,1000,1000,1,74.8033
43690.0000,4369,2947.7133,0.0000,1000,1000,1000,1,74.5727
43700.0000,4370,2947.7251,0.0000,1000,1000,1000,1,74.7845
43710.0000,4371,2947.7370,0.0000,999,999,1000,1,74.8487
43720.0000,4372,2947.7487,0.0000,1000,1000,1000,1,74.7650
43730.0000,4373,2947.7606,0.0000,999,1000,1000,1,74.9766
43740.0000,4374,2947.7724,0.0000,1000,1000,1000,1,75.1881
43750.0000,4375,2947.7842,0.0000,1000,1000,1000,1,75.3995
43760.0000,4376,2947.7960,0.0000,999,999,1000,1,75.6107
43770.0000,4377,2947.8074,0.0000,1000,1000,1000,1,75.3784
43780.0000,4378,2947.8191,0.0000,1000,1000,1000,1,75.4417
43790.0000,4379,2947.8309,0.0000,1000,1000,1000,1,75.5047
43800.0000,4380,2947.8426,0.0000,999,999,1000,1,75.5676
43810.0000,4381,2947.8542,0.0000,999,999,1000,1,75.4819
43820.0000,4382,2947.8659,0.0000,999,1000,1000,1,75.6929
43830.0000,4383,2947.8777,0.0000,999,999,1000,1,75.9038
43840.0000,4384,2947.8895,0.0000,1000,1000,1000,1,76.1146
43850.0000,4385,2947.9013,0.0000,1000,1000,1000,1,76.3253
43860.0000,4386,2947.9128,0.0000,1000,999,999,1,75.7911
43870.0000,4387,2947.9244,0.0000,1000,1000,1000,1,75.5565
43880.0000,4388,2947.9361,0.0000,999,1000,1000,1,75.4705
43890.0000,4389,2947.9477,0.0000,999,999,1000,1,75.5330
43900.0000,4390,2947.9593,0.0000,999,1000,999,1,75.2985
43910.0000,4391,2947.9710,0.0000,1000,999,1000,1,75.3605
43920.0000,4392,2947.9826,0.0000,999,1000,999,1,74.9764
43930.0000,4393,2947.9943,0.0000,999,999,1000,1,75.0383
43940.0000,4394,2948.0059,0.0000,1000,1000,1000,1,75.1000
43950.0000,4395,2948.0173,0.0000,998,999,999,1,75.0127
43960.0000,4396,2948.0285,0.0000,1000,1000,1000,1,74.7765
43970.0000,4397,2948.0397,0.0000,997,997,998,1,73.7988
43980.0000,4398,2948.0506,0.0000,1000,999,1000,1,73.4161
43990.0000,4399,2948.0623,0.0000,1000,1000,1000,1,73.3304
44000.0000,4400,2948.0739,0.0000,1000,1000,1000,1,73.3929
44010.0000,4401,2948.0856,0.0000,1000,1000,1000,1,73.4551
44020.0000,4402,2948.0971,0.0000,998,999,999,1,73.3697
44030.0000,4403,2948.1086,0.0000,1000,1000,1000,1,73.4327
44040.0000,4404,2948.1202,0.0000,999,1000,1000,1,73.6430
44050.0000,4405,2948.1318,0.0000,999,999,1000,1,73.4097
44060.0000,4406,2948.1433,0.0000,1000,1000,1000,1,73.4727
44070.0000,4407,2948.1549,0.0000,1000,999,1000,1,73.6830
44080.0000,4408,2948.1665,0.0000,999,1000,1000,1,73.8931
44090.0000,4409,2948.1780,0.0000,999,1000,1000,1,73.6615
44100.0000,4410,2948.1896,0.0000,1000,1000,1000,1,73.8716
44110.0000,4411,2948.2012,0.0000,999,1000,1000,1,73.7879
44120.0000,4412,2948.2127,0.0000,998,999,999,1,73.7040
44130.0000,4413,2948.2239,0.0000,999,1000,999,1,73.4754
44140.0000,4414,2948.2356,0.0000,1000,1000,1000,1,73.6853
44150.0000,4415,2948.2471,0.0000,999,1000,1000,1,73.7489
44160.0000,4416,2948.2586,0.0000,999,1000,1000,1,73.8125
44170.0000,4417,2948.2703,0.0000,999,1000,1000,1,74.0221
44180.0000,4418,2948.2818,0.0000,999,1000,1000,1,73.9386
44190.0000,4419,2948.2931,0.0000,998,999,999,1,73.8549
44200.0000,4420,2948.3041,0.0000,999,999,1000,1,73.6251
44210.0000,4421,2948.3156,0.0000,999,1000,1000,1,73.5425
44220.0000,4422,2948.3268,0.0000,999,999,999,1,73.1683
44230.0000,4423,2948.3381,0.0000,998,999,1000,1,73.0866
44240.0000,4424,2948.3496,0.0000,1000,999,1000,1,73.1508
44250.0000,4425,2948.3609,0.0000,1000,999,1000,1,73.0694
44260.0000,4426,2948.3725,0.0000,999,999,1000,1,73.1333
44270.0000,4427,2948.3836,0.0000,1000,1000,1000,1,72.7610
44280.0000,4428,2948.3952,0.0000,999,1000,1000,1,72.8249
44290.0000,4429,2948.4065,0.0000,1000,999,1000,1,72.7437
44300.0000,4430,2948.4180,0.0000,999,1000,1000,1,72.8076
44310.0000,4431,2948.4293,0.0000,1000,1000,1000,1,72.7263
44320.0000,4432,2948.4408,0.0000,999,999,999,1,72.7902
44330.0000,4433,2948.4523,0.0000,1000,1000,1000,1,72.8541
44340.0000,4434,2948.4638,0.0000,1000,1000,1000,1,73.0632
44350.0000,4435,2948.4752,0.0000,999,1000,1000,1,73.1266
44360.0000,4436,2948.4867,0.0000,999,1000,1000,1,73.3356
44370.0000,4437,2948.4979,0.0000,1000,1000,1000,1,72.6720
44380.0000,4438,2948.5092,0.0000,999,1000,1000,1,72.5906
44390.0000,4439,2948.5204,0.0000,1000,1000,1000,1,72.5094
44400.0000,4440,2948.5318,0.0000,999,999,1000,1,72.2831
44410.0000,4441,2948.5433,0.0000,1000,1000,1000,1,72.2019
44420.0000,4442,2948.5548,0.0000,1000,1000,1000,1,72.4108
44430.0000,4443,2948.5663,0.0000,1000,1000,1000,1,72.6196
44440.0000,4444,2948.5776,0.0000,1000,1000,1000,1,72.5373
44450.0000,4445,2948.5890,0.0000,999,1000,1000,1,72.6006
44460.0000,4446,2948.6003,0.0000,1000,1000,1000,1,72.6638
44470.0000,4447,2948.6118,0.0000,1000,1000,1000,1,72.8723
44480.0000,4448,2948.6233,0.0000,1000,1000,1000,1,72.9351
44490.0000,4449,2948.6344,0.0000,1000,1000,1000,1,72.8515
44500.0000,4450,2948.6457,0.0000,999,999,999,1,72.4758
44510.0000,4451,2948.6567,0.0000,999,999,999,1,71.8112
44520.0000,4452,2948.6681,0.0000,1000,1000,1000,1,72.0197
44530.0000,4453,2948.6794,0.0000,1000,1000,1000,1,71.9372
44540.0000,4454,2948.6907,0.0000,1000,1000,1000,1,71.9999
44550.0000,4455,2948.7018,0.0000,1000,998,998,1,71.6250
44560.0000,4456,2948.7131,0.0000,1000,1000,1000,1,71.6876
44570.0000,4457,2948.7244,0.0000,1000,1000,1000,1,71.8959
44580.0000,4458,2948.7356,0.0000,1000,999,1000,1,71.9583
44590.0000,4459,2948.7469,0.0000,999,1000,999,1,72.0205
44600.0000,4460,2948.7582,0.0000,999,1000,1000,1,71.9365
44610.0000,4461,2948.7694,0.0000,999,1000,1000,1,71.8525
44620.0000,4462,2948.7806,0.0000,999,1000,1000,1,71.7683
44630.0000,4463,2948.7918,0.0000,999,1000,1000,1,71.8304
44640.0000,4464,2948.8029,0.0000,1000,1000,1000,1,71.7458
44650.0000,4465,2948.8142,0.0000,1000,1000,1000,1,71.9537
44660.0000,4466,2948.8255,0.0000,1000,999,999,1,72.0149
44670.0000,4467,2948.8369,0.0000,999,1000,1000,1,72.0760
44680.0000,4468,2948.8482,0.0000,999,999,1000,1,71.9907
44690.0000,4469,2948.8595,0.0000,1000,1000,1000,1,72.1984
44700.0000,4470,2948.8707,0.0000,1000,1000,1000,1,72.1132
44710.0000,4471,2948.8820,0.0000,999,1000,1000,1,72.0283
44720.0000,4472,2948.8932,0.0000,999,999,1000,1,72.0894
44730.0000,4473,2948.9043,0.0000,1000,1000,1000,1,71.8585
44740.0000,4474,2948.9155,0.0000,999,1000,1000,1,71.7739
44750.0000,4475,2948.9267,0.0000,1000,1000,1000,1,71.8355
44760.0000,4476,2948.9380,0.0000,999,1000,1000,1,72.0429
44770.0000,4477,2948.9491,0.0000,1000,999,1000,1,72.1038
44780.0000,4478,2948.9604,0.0000,999,999,999,1,72.1646
44790.0000,4479,2948.9712,0.0000,1000,1000,1000,1,71.7874
44800.0000,4480,2948.9825,0.0000,1000,1000,1000,1,71.9946
44810.0000,4481,2948.9936,0.0000,1000,1000,999,1,72.0556
44820.0000,4482,2949.0048,0.0000,1000,1000,1000,1,71.9704
44830.0000,4483,2949.0160,0.0000,1000,999,1000,1,72.0313
44840.0000,4484,2949.0272,0.0000,1000,1000,1000,1,71.9465
44850.0000,4485,2949.0382,0.0000,999,999,1000,1,72.0077
44860.0000,4486,2949.0492,0.0000,999,999,999,1,71.7785
44870.0000,4487,2949.0603,0.0000,1000,1000,1000,1,71.9853
44880.0000,4488,2949.0714,0.0000,1000,1000,1000,1,71.9015
44890.0000,4489,2949.0826,0.0000,999,999,1000,1,72.1082
44900.0000,4490,2949.0936,0.0000,999,999,1000,1,72.0240
44910.0000,4491,2949.1047,0.0000,999,1000,1000,1,71.7944
44920.0000,4492,2949.1160,0.0000,1000,1000,1000,1,72.0011
44930.0000,4493,2949.1273,0.0000,999,999,1000,1,72.0619
44940.0000,4494,2949.1383,0.0000,999,1000,1000,1,71.9770
44950.0000,4495,2949.1494,0.0000,1000,1000,1000,1,71.8919
44960.0000,4496,2949.1604,0.0000,1000,1000,1000,1,71.8070
44970.0000,4497,2949.1715,0.0000,999,999,1000,1,72.0134
44980.0000,4498,2949.1825,0.0000,999,1000,1000,1,71.7825
44990.0000,4499,2949.1937,0.0000,1000,1000,1000,1,71.9888
45000.0000,4500,2949.2049,0.0000,1000,1000,1000,1,72.1950
45010.0000,4501,2949.2161,0.0000,1000,1000,1000,1,72.2559
45020.0000,4502,2949.2268,0.0000,998,999,1000,1,71.4482
45030.0000,4503,2949.2380,0.0000,999,1000,1000,1,71.3661
45040.0000,4504,2949.2490,0.0000,999,1000,1000,1,71.2838
45050.0000,4505,2949.2601,0.0000,999,1000,1000,1,71.3461
45060.0000,4506,2949.2710,0.0000,1000,998,999,1,71.4081
45070.0000,4507,2949.2820,0.0000,999,999,1000,1,71.6142
45080.0000,4508,2949.2930,0.0000,1000,999,1000,1,71.5319
45090.0000,4509,2949.3040,0.0000,1000,1000,1000,1,71.4498
45100.0000,4510,2949.3150,0.0000,1000,1000,1000,1,71.5117
45110.0000,4511,2949.3261,0.0000,999,999,1000,1,71.7175
45120.0000,4512,2949.3371,0.0000,999,999,1000,1,71.7790
45130.0000,4513,2949.3481,0.0000,999,999,1000,1,71.9847
45140.0000,4514,2949.3591,0.0000,999,999,999,1,72.0455
45150.0000,4515,2949.3702,0.0000,1000,1000,1000,1,72.2510
45160.0000,4516,2949.3808,0.0000,1000,1000,1000,1,71.8770
45170.0000,4517,2949.3918,0.0000,1000,1000,1000,1,71.9378
45180.0000,4518,2949.4029,0.0000,999,999,1000,1,71.9982
45190.0000,4519,2949.4138,0.0000,999,999,1000,1,71.9147
45200.0000,4520,2949.4247,0.0000,999,999,1000,1,71.9757
45210.0000,4521,2949.4354,0.0000,998,999,1000,1,71.6035
45220.0000,4522,2949.4463,0.0000,999,1000,999,1,71.5209
45230.0000,4523,2949.4574,0.0000,1000,1000,1000,1,71.4387
45240.0000,4524,2949.4684,0.0000,1000,1000,1000,1,71.6440
45250.0000,4525,2949.4795,0.0000,999,1000,1000,1,71.8491
45260.0000,4526,2949.4904,0.0000,999,1000,1000,1,71.9101
45270.0000,4527,2949.5013,0.0000,1000,999,999,1,71.8267
45280.0000,4528,2949.5121,0.0000,999,999,1000,1,71.4561
45290.0000,4529,2949.5230,0.0000,999,999,1000,1,71.2303
45300.0000,4530,2949.5339,0.0000,999,999,1000,1,71.2918
45310.0000,4531,2949.5449,0.0000,999,999,1000,1,71.4967
45320.0000,4532,2949.5558,0.0000,1000,1000,1000,1,71.7016
45330.0000,4533,2949.5668,0.0000,1000,1000,1000,1,71.7624
45340.0000,4534,2949.5776,0.0000,1000,1000,1000,1,71.5355
45350.0000,4535,2949.5886,0.0000,999,1000,1000,1,71.7402
45360.0000,4536,2949.5995,0.0000,1000,1000,1000,1,71.9449
45370.0000,4537,2949.6105,0.0000,999,999,999,1,71.8612
45380.0000,4538,2949.6215,0.0000,999,1000,1000,1,72.0657
45390.0000,4539,2949.6323,0.0000,999,1000,1000,1,71.9813
45400.0000,4540,2949.6432,0.0000,1000,1000,1000,1,72.1857
45410.0000,4541,2949.6539,0.0000,1000,1000,1000,1,72.1003
45420.0000,4542,2949.6648,0.0000,999,1000,1000,1,72.1596
45430.0000,4543,2949.6754,0.0000,998,998,1000,1,71.3522
45440.0000,4544,2949.6862,0.0000,999,999,1000,1,71.5566
45450.0000,4545,2949.6965,0.0000,1000,1000,999,1,70.8976
45460.0000,4546,2949.7073,0.0000,1000,999,1000,1,71.1019
45470.0000,4547,2949.7183,0.0000,1000,1000,1000,1,71.3062
45480.0000,4548,2949.7293,0.0000,1000,1000,1000,1,71.5104
45490.0000,4549,2949.7403,0.0000,1000,1000,1000,1,71.7145
45500.0000,4550,2949.7512,0.0000,1000,1000,1000,1,71.7743
45510.0000,4551,2949.7619,0.0000,998,1000,999,1,71.8339
45520.0000,4552,2949.7726,0.0000,999,999,999,1,71.6060
45530.0000,4553,2949.7833,0.0000,1000,1000,1000,1,71.5226
45540.0000,4554,2949.7941,0.0000,999,999,1000,1,71.4395
45550.0000,4555,2949.8050,0.0000,1000,999,999,1,71.2129
45560.0000,4556,2949.8158,0.0000,999,999,1000,1,71.4168
45570.0000,4557,2949.8267,0.0000,999,999,1000,1,71.6206
45580.0000,4558,2949.8373,0.0000,1000,1000,1000,1,71.1061
45590.0000,4559,2949.8478,0.0000,999,999,1000,1,70.7353
45600.0000,4560,2949.8586,0.0000,1000,1000,1000,1,70.6521
45610.0000,4561,2949.8695,0.0000,1000,1000,1000,1,70.8558
45620.0000,4562,2949.8804,0.0000,1000,1000,1000,1,71.0595
45630.0000,4563,2949.8912,0.0000,1000,999,1000,1,71.2631
45640.0000,4564,2949.9020,0.0000,1000,999,1000,1,71.3222
45650.0000,4565,2949.9128,0.0000,999,1000,1000,1,71.5257
45660.0000,4566,2949.9234,0.0000,1000,1000,1000,1,71.2952
45670.0000,4567,2949.9343,0.0000,1000,1000,1000,1,71.4986
45680.0000,4568,2949.9451,0.0000,999,1000,1000,1,71.7019
45690.0000,4569,2949.9559,0.0000,999,999,1000,1,71.6152
45700.0000,4570,2949.9665,0.0000,1000,999,1000,1,71.2397
45710.0000,4571,2949.9772,0.0000,999,1000,1000,1,71.2983
45720.0000,4572,2949.9878,0.0000,999,1000,1000,1,71.3569
45730.0000,4573,2949.9985,0.0000,1000,1000,1000,1,71.5600
45740.0000,4574,2950.0092,0.0000,1000,1000,1000,1,71.6185
45750.0000,4575,2950.0200,0.0000,1000,1000,1000,1,71.6769
45760.0000,4576,2950.0303,0.0000,998,998,999,1,71.3016
45770.0000,4577,2950.0410,0.0000,1000,1000,1000,1,71.5045
45780.0000,4578,2950.0515,0.0000,1000,999,1000,1,71.4185
45790.0000,4579,2950.0623,0.0000,1000,1000,1000,1,71.6213
45800.0000,4580,2950.0729,0.0000,1000,999,999,1,71.2467
45810.0000,4581,2950.0836,0.0000,999,1000,1000,1,71.3056
45820.0000,4582,2950.0943,0.0000,1000,1000,1000,1,71.2205
45830.0000,4583,2950.1050,0.0000,1000,1000,999,1,71.2792
45840.0000,4584,2950.1155,0.0000,998,1000,1000,1,71.3378
45850.0000,4585,2950.1260,0.0000,999,1000,1000,1,71.3963
45860.0000,4586,2950.1367,0.0000,999,999,1000,1,71.5988
45870.0000,4587,2950.1474,0.0000,1000,1000,1000,1,71.6571
45880.0000,4588,2950.1581,0.0000,999,1000,1000,1,71.8595
45890.0000,4589,2950.1689,0.0000,1000,999,1000,1,72.0617
45900.0000,4590,2950.1795,0.0000,1000,1000,1000,1,72.1200
45910.0000,4591,2950.1903,0.0000,1000,1000,1000,1,72.1787
45920.0000,4592,2950.2006,0.0000,1000,999,998,1,71.6652
45930.0000,4593,2950.2112,0.0000,1000,1000,1000,1,71.8672
45940.0000,4594,2950.2219,0.0000,1000,1000,1000,1,71.7836
45950.0000,4595,2950.2326,0.0000,1000,1000,1000,1,71.8429
45960.0000,4596,2950.2432,0.0000,1000,1000,1000,1,71.7590
45970.0000,4597,2950.2538,0.0000,999,999,1000,1,71.8179
45980.0000,4598,2950.2644,0.0000,999,999,1000,1,71.5909
45990.0000,4599,2950.2749,0.0000,999,1000,1000,1,71.5073
46000.0000,4600,2950.2854,0.0000,999,1000,1000,1,71.1395
46010.0000,4601,2950.2960,0.0000,1000,1000,1000,1,71.1990
46020.0000,4602,2950.3065,0.0000,998,999,999,1,70.9738
46030.0000,4603,2950.3169,0.0000,1000,999,1000,1,70.8916
46040.0000,4604,2950.3276,0.0000,1000,1000,1000,1,71.0934
46050.0000,4605,2950.3383,0.0000,1000,1000,1000,1,71.1528
46060.0000,4606,2950.3488,0.0000,1000,1000,1000,1,70.7852
46070.0000,4607,2950.3594,0.0000,998,999,999,1,70.8446
46080.0000,4608,2950.3698,0.0000,1000,1000,1000,1,70.7618
46090.0000,4609,2950.3803,0.0000,1000,1000,999,1,70.6791
46100.0000,4610,2950.3909,0.0000,1000,1000,1000,1,70.8806
46110.0000,4611,2950.4015,0.0000,1000,1000,1000,1,71.0821
46120.0000,4612,2950.4121,0.0000,1000,1000,1000,1,71.2835
46130.0000,4613,2950.4227,0.0000,1000,999,1000,1,71.3421
46140.0000,4614,2950.4333,0.0000,1000,1000,1000,1,71.4005
46150.0000,4615,2950.4437,0.0000,998,999,999,1,71.3159
46160.0000,4616,2950.4541,0.0000,999,1000,1000,1,71.3740
46170.0000,4617,2950.4647,0.0000,1000,999,1000,1,71.4321
46180.0000,4618,2950.4753,0.0000,1000,999,999,1,71.4901
46190.0000,4619,2950.4858,0.0000,999,999,999,1,71.5480
46200.0000,4620,2950.4963,0.0000,1000,1000,1000,1,71.6056
46210.0000,4621,2950.5070,0.0000,1000,1000,1000,1,71.8065
46220.0000,4622,2950.5175,0.0000,999,1000,1000,1,71.8638
46230.0000,4623,2950.5280,0.0000,999,1000,1000,1,72.0646
46240.0000,4624,2950.5384,0.0000,1000,999,999,1,72.1214
46250.0000,4625,2950.5488,0.0000,999,999,999,1,71.8907
46260.0000,4626,2950.5589,0.0000,1000,1000,1000,1,71.6607
46270.0000,4627,2950.5694,0.0000,999,1000,1000,1,71.8613
46280.0000,4628,2950.5799,0.0000,1000,999,1000,1,71.9180
46290.0000,4629,2950.5904,0.0000,1000,1000,1000,1,71.9755
46300.0000,4630,2950.6008,0.0000,1000,1000,1000,1,71.8898
46310.0000,4631,2950.6111,0.0000,998,1000,999,1,71.5188
46320.0000,4632,2950.6214,0.0000,1000,1000,1000,1,71.1505
46330.0000,4633,2950.6318,0.0000,1000,999,1000,1,70.9245
46340.0000,4634,2950.6423,0.0000,1000,1000,1000,1,70.8410
46350.0000,4635,2950.6526,0.0000,999,999,1000,1,70.7574
46360.0000,4636,2950.6630,0.0000,1000,999,1000,1,70.8157
46370.0000,4637,2950.6733,0.0000,998,1000,1000,1,70.7315
46380.0000,4638,2950.6838,0.0000,1000,1000,1000,1,70.7897
46390.0000,4639,2950.6943,0.0000,1000,1000,1000,1,70.8475
46400.0000,4640,2950.7046,0.0000,999,1000,999,1,70.4792
46410.0000,4641,2950.7151,0.0000,999,1000,1000,1,70.5375
46420.0000,4642,2950.7255,0.0000,999,1000,1000,1,70.7377
46430.0000,4643,2950.7359,0.0000,999,999,999,1,70.3701
46440.0000,4644,2950.7462,0.0000,1000,1000,1000,1,70.0040
46450.0000,4645,2950.7566,0.0000,1000,1000,1000,1,69.9220
46460.0000,4646,2950.7671,0.0000,1000,1000,1000,1,70.1222
46470.0000,4647,2950.7774,0.0000,999,1000,1000,1,70.0398
46480.0000,4648,2950.7878,0.0000,999,999,1000,1,70.0985
46490.0000,4649,2950.7982,0.0000,1000,999,1000,1,70.2985
46500.0000,4650,2950.8087,0.0000,1000,1000,1000,1,70.4984
46510.0000,4651,2950.8191,0.0000,999,999,999,1,70.4148
46520.0000,4652,2950.8295,0.0000,1000,1000,1000,1,70.6146
46530.0000,4653,2950.8400,0.0000,999,1000,1000,1,70.8144
46540.0000,4654,2950.8503,0.0000,1000,1000,1000,1,70.7301
46550.0000,4655,2950.8607,0.0000,1000,1000,1000,1,70.7880
46560.0000,4656,2950.8707,0.0000,1000,999,1000,1,70.2804
46570.0000,4657,2950.8809,0.0000,999,1000,1000,1,70.1982
46580.0000,4658,2950.8912,0.0000,1000,1000,1000,1,70.1163
46590.0000,4659,2950.9016,0.0000,1000,999,1000,1,70.3159
46600.0000,4660,2950.9120,0.0000,1000,1000,1000,1,70.3745
46610.0000,4661,2950.9221,0.0000,999,1000,999,1,70.2919
46620.0000,4662,2950.9325,0.0000,1000,1000,1000,1,70.2101
46630.0000,4663,2950.9427,0.0000,1000,1000,1000,1,69.9876
46640.0000,4664,2950.9531,0.0000,1000,1000,1000,1,70.0466
46650.0000,4665,2950.9635,0.0000,1000,1000,1000,1,70.1054
46660.0000,4666,2950.9738,0.0000,1000,1000,1000,1,70.3047
46670.0000,4667,2950.9841,0.0000,999,999,999,1,70.2225
46680.0000,4668,2950.9944,0.0000,1000,1000,1000,1,70.2811
46690.0000,4669,2951.0047,0.0000,1000,1000,1000,1,70.3398
46700.0000,4670,2951.0150,0.0000,1000,1000,1000,1,70.3992
46710.0000,4671,2951.0254,0.0000,999,1000,1000,1,70.5982
46720.0000,4672,2951.0355,0.0000,1000,1000,1000,1,70.2367
46730.0000,4673,2951.0459,0.0000,1000,1000,1000,1,70.2956
46740.0000,4674,2951.0563,0.0000,1000,1000,1000,1,70.4945
46750.0000,4675,2951.0666,0.0000,999,999,1000,1,70.5529
46760.0000,4676,2951.0768,0.0000,999,999,1000,1,70.7517
46770.0000,4677,2951.0871,0.0000,999,1000,1000,1,70.5292
46780.0000,4678,2951.0973,0.0000,1000,999,1000,1,70.4471
46790.0000,4679,2951.1076,0.0000,1000,1000,1000,1,70.5054
46800.0000,4680,2951.1180,0.0000,1000,1000,1000,1,70.7040
46810.0000,4681,2951.1281,0.0000,999,999,999,1,70.4802
46820.0000,4682,2951.1379,0.0000,999,999,999,1,70.1155
46830.0000,4683,2951.1480,0.0000,999,1000,1000,1,70.1733
46840.0000,4684,2951.1582,0.0000,1000,1000,1000,1,70.2308
46850.0000,4685,2951.1685,0.0000,1000,999,1000,1,70.2882
46860.0000,4686,2951.1787,0.0000,1000,1000,1000,1,70.2044
46870.0000,4687,2951.1890,0.0000,1000,1000,1000,1,70.4028
46880.0000,4688,2951.1993,0.0000,999,1000,1000,1,70.6011
46890.0000,4689,2951.2095,0.0000,998,1000,999,1,70.5165
46900.0000,4690,2951.2195,0.0000,999,1000,1000,1,70.5734
46910.0000,4691,2951.2297,0.0000,1000,999,1000,1,70.6303
46920.0000,4692,2951.2397,0.0000,1000,1000,1000,1,70.5454
46930.0000,4693,2951.2498,0.0000,999,1000,999,1,70.3193
46940.0000,4694,2951.2599,0.0000,999,999,1000,1,70.3762
46950.0000,4695,2951.2699,0.0000,999,999,1000,1,70.0100
46960.0000,4696,2951.2798,0.0000,998,999,1000,1,69.6468
46970.0000,4697,2951.2898,0.0000,999,1000,1000,1,69.4247
46980.0000,4698,2951.3000,0.0000,1000,1000,1000,1,69.4828
46990.0000,4699,2951.3099,0.0000,998,998,999,1,69.1225
47000.0000,4700,2951.3200,0.0000,999,999,999,1,69.0425
47010.0000,4701,2951.3302,0.0000,999,999,999,1,69.1015
47020.0000,4702,2951.3403,0.0000,998,999,999,1,69.1604
47030.0000,4703,2951.3504,0.0000,1000,1000,1000,1,69.2192
47040.0000,4704,2951.3607,0.0000,999,999,1000,1,69.4171
47050.0000,4705,2951.3707,0.0000,1000,999,999,1,69.1971
47060.0000,4706,2951.3806,0.0000,1000,1000,1000,1,68.8386
47070.0000,4707,2951.3907,0.0000,1000,1000,1000,1,68.8973
47080.0000,4708,2951.4009,0.0000,1000,1000,999,1,68.8175
47090.0000,4709,2951.4111,0.0000,1000,1000,1000,1,68.8764
47100.0000,4710,2951.4211,0.0000,1000,1000,1000,1,68.7965
47110.0000,4711,2951.4311,0.0000,999,1000,1000,1,68.8554
47120.0000,4712,2951.4411,0.0000,999,1000,1000,1,68.6367
47130.0000,4713,2951.4513,0.0000,999,999,1000,1,68.8343
47140.0000,4714,2951.4613,0.0000,999,1000,1000,1,68.7550
47150.0000,4715,2951.4714,0.0000,999,999,1000,1,68.9525
47160.0000,4716,2951.4814,0.0000,999,998,999,1,68.8726
47170.0000,4717,2951.4916,0.0000,999,1000,1000,1,69.0700
47180.0000,4718,2951.5017,0.0000,1000,1000,1000,1,69.2673
47190.0000,4719,2951.5116,0.0000,1000,999,1000,1,68.9085
47200.0000,4720,2951.5216,0.0000,1000,1000,1000,1,68.9671
47210.0000,4721,2951.5313,0.0000,998,1000,999,1,68.6108
47220.0000,4722,2951.5414,0.0000,1000,1000,1000,1,68.8080
47230.0000,4723,2951.5514,0.0000,999,1000,1000,1,68.7283
47240.0000,4724,2951.5614,0.0000,999,999,1000,1,68.6485
47250.0000,4725,2951.5713,0.0000,1000,1000,1000,1,68.4299
47260.0000,4726,2951.5815,0.0000,999,1000,1000,1,68.6270
47270.0000,4727,2951.5916,0.0000,999,1000,1000,1,68.8240
47280.0000,4728,2951.6017,0.0000,999,999,999,1,68.8821
47290.0000,4729,2951.6116,0.0000,999,1000,1000,1,68.6642
47300.0000,4730,2951.6217,0.0000,1000,1000,1000,1,68.8611
47310.0000,4731,2951.6316,0.0000,1000,1000,1000,1,68.7811
47320.0000,4732,2951.6415,0.0000,999,1000,1000,1,68.4268
47330.0000,4733,2951.6516,0.0000,1000,1000,1000,1,68.6236
47340.0000,4734,2951.6616,0.0000,999,1000,1000,1,68.4083
47350.0000,4735,2951.6716,0.0000,1000,1000,1000,1,68.4680
47360.0000,4736,2951.6818,0.0000,999,999,1000,1,68.6647
47370.0000,4737,2951.6917,0.0000,1000,999,1000,1,68.8613
47380.0000,4738,2951.7017,0.0000,1000,999,1000,1,68.7831
47390.0000,4739,2951.7117,0.0000,999,1000,1000,1,68.8422
47400.0000,4740,2951.7217,0.0000,999,999,1000,1,69.0387
47410.0000,4741,2951.7315,0.0000,999,999,1000,1,68.8225
47420.0000,4742,2951.7414,0.0000,1000,1000,1000,1,69.0188
47430.0000,4743,2951.7513,0.0000,1000,1000,1000,1,69.0773
47440.0000,4744,2951.7612,0.0000,1000,1000,1000,1,68.7254
47450.0000,4745,2951.7712,0.0000,999,999,1000,1,68.7849
47460.0000,4746,2951.7805,0.0000,1000,999,1000,1,68.2981
47470.0000,4747,2951.7905,0.0000,1000,1000,1000,1,68.4944
47480.0000,4748,2951.8003,0.0000,999,1000,999,1,68.4174
47490.0000,4749,2951.8102,0.0000,999,999,1000,1,68.4772
47500.0000,4750,2951.8202,0.0000,999,1000,1000,1,68.6733
47510.0000,4751,2951.8302,0.0000,1000,1000,1000,1,68.7328
47520.0000,4752,2951.8402,0.0000,999,1000,1000,1,68.7922
47530.0000,4753,2951.8502,0.0000,1000,1000,1000,1,68.9881
47540.0000,4754,2951.8602,0.0000,999,1000,1000,1,68.7731
47550.0000,4755,2951.8700,0.0000,1000,1000,1000,1,68.8322
47560.0000,4756,2951.8799,0.0000,1000,999,1000,1,68.8912
47570.0000,4757,2951.8897,0.0000,999,1000,1000,1,68.8138
47580.0000,4758,2951.8997,0.0000,1000,1000,1000,1,69.0095
47590.0000,4759,2951.9096,0.0000,999,1000,1000,1,69.2051
47600.0000,4760,2951.9195,0.0000,1000,999,1000,1,69.1265
47610.0000,4761,2951.9293,0.0000,1000,999,1000,1,69.1848
47620.0000,4762,2951.9392,0.0000,1000,1000,1000,1,69.3802
47630.0000,4763,2951.9492,0.0000,999,999,1000,1,69.5756
47640.0000,4764,2951.9590,0.0000,999,999,1000,1,69.3581
47650.0000,4765,2951.9689,0.0000,999,1000,1000,1,69.5534
47660.0000,4766,2951.9789,0.0000,1000,999,1000,1,69.6110
47670.0000,4767,2951.9887,0.0000,999,1000,999,1,69.5313
47680.0000,4768,2951.9987,0.0000,1000,1000,1000,1,69.7265
47690.0000,4769,2952.0085,0.0000,1000,999,1000,1,69.6466
47700.0000,4770,2952.0184,0.0000,1000,999,1000,1,69.8416
47710.0000,4771,2952.0282,0.0000,999,999,1000,1,69.6238
47720.0000,4772,2952.0380,0.0000,999,999,999,1,69.5438
47730.0000,4773,2952.0479,0.0000,999,1000,1000,1,69.7387
47740.0000,4774,2952.0578,0.0000,999,1000,1000,1,69.7958
47750.0000,4775,2952.0677,0.0000,1000,1000,1000,1,69.8527
47760.0000,4776,2952.0774,0.0000,999,999,999,1,69.9094
47770.0000,4777,2952.0870,0.0000,999,999,1000,1,69.6912
47780.0000,4778,2952.0969,0.0000,999,1000,1000,1,69.4754
47790.0000,4779,2952.1067,0.0000,999,1000,1000,1,69.6701
47800.0000,4780,2952.1165,0.0000,1000,1000,1000,1,69.5907
47810.0000,4781,2952.1262,0.0000,998,999,1000,1,69.3747
47820.0000,4782,2952.1361,0.0000,999,1000,1000,1,69.5693
47830.0000,4783,2952.1459,0.0000,1000,1000,1000,1,69.4904
47840.0000,4784,2952.1556,0.0000,999,999,999,1,69.5483
47850.0000,4785,2952.1653,0.0000,1000,1000,1000,1,69.4695
47860.0000,4786,2952.1752,0.0000,999,999,999,1,69.5271
47870.0000,4787,2952.1849,0.0000,1000,999,1000,1,69.5848
47880.0000,4788,2952.1948,0.0000,1000,1000,1000,1,69.7791
47890.0000,4789,2952.2046,0.0000,1000,1000,1000,1,69.5628
47900.0000,4790,2952.2144,0.0000,999,1000,1000,1,69.6200
47910.0000,4791,2952.2243,0.0000,1000,1000,1000,1,69.8142
47920.0000,4792,2952.2340,0.0000,999,1000,1000,1,69.5970
47930.0000,4793,2952.2438,0.0000,1000,999,1000,1,69.7911
47940.0000,4794,2952.2535,0.0000,999,1000,1000,1,69.8478
47950.0000,4795,2952.2632,0.0000,1000,1000,1000,1,69.7669
47960.0000,4796,2952.2728,0.0000,1000,999,998,1,69.5490
47970.0000,4797,2952.2826,0.0000,999,999,1000,1,69.7429
47980.0000,4798,2952.2922,0.0000,999,1000,1000,1,69.6622
47990.0000,4799,2952.3014,0.0000,1000,999,998,1,69.3100
48000.0000,4800,2952.3112,0.0000,999,999,1000,1,69.5039
48010.0000,4801,2952.3209,0.0000,1000,1000,1000,1,69.2889
48020.0000,4802,2952.3306,0.0000,999,1000,1000,1,69.2102
48030.0000,4803,2952.3403,0.0000,1000,1000,1000,1,69.2676
48040.0000,4804,2952.3499,0.0000,999,999,1000,1,69.0522
48050.0000,4805,2952.3593,0.0000,1000,1000,1000,1,68.8373
48060.0000,4806,2952.3690,0.0000,998,999,999,1,68.6234
48070.0000,4807,2952.3785,0.0000,1000,999,1000,1,68.6815
48080.0000,4808,2952.3883,0.0000,1000,1000,1000,1,68.8752
48090.0000,4809,2952.3978,0.0000,998,999,1000,1,68.9327
48100.0000,4810,2952.4075,0.0000,1000,1000,1000,1,68.8540
48110.0000,4811,2952.4171,0.0000,999,1000,1000,1,68.6395
48120.0000,4812,2952.4265,0.0000,999,999,1000,1,68.4252
48130.0000,4813,2952.4361,0.0000,1000,1000,1000,1,68.4827
48140.0000,4814,2952.4458,0.0000,999,1000,1000,1,68.5399
48150.0000,4815,2952.4555,0.0000,1000,1000,1000,1,68.5970
48160.0000,4816,2952.4653,0.0000,999,1000,1000,1,68.7904
48170.0000,4817,2952.4750,0.0000,998,1000,1000,1,68.8472
48180.0000,4818,2952.4843,0.0000,999,1000,1000,1,68.9039
48190.0000,4819,2952.4940,0.0000,999,1000,1000,1,68.9605
48200.0000,4820,2952.5030,0.0000,997,998,999,1,68.7434
48210.0000,4821,2952.5120,0.0000,999,1000,1000,1,68.7996
48220.0000,4822,2952.5216,0.0000,999,999,1000,1,68.8558
48230.0000,4823,2952.5314,0.0000,1000,1000,1000,1,69.0489
48240.0000,4824,2952.5410,0.0000,1000,999,1000,1,68.8307
48250.0000,4825,2952.5506,0.0000,999,1000,1000,1,68.7496
48260.0000,4826,2952.5603,0.0000,999,1000,1000,1,68.8061
48270.0000,4827,2952.5699,0.0000,1000,1000,1000,1,68.8624
48280.0000,4828,2952.5795,0.0000,1000,1000,1000,1,68.9186
48290.0000,4829,2952.5892,0.0000,999,1000,1000,1,69.1114
48300.0000,4830,2952.5989,0.0000,1000,999,1000,1,69.3041
48310.0000,4831,2952.6084,0.0000,999,999,1000,1,69.2225
48320.0000,4832,2952.6179,0.0000,998,999,999,1,68.8665
48330.0000,4833,2952.6275,0.0000,1000,1000,1000,1,69.0591
48340.0000,4834,2952.6370,0.0000,1000,1000,1000,1,68.9771
48350.0000,4835,2952.6467,0.0000,1000,1000,1000,1,69.0324
48360.0000,4836,2952.6563,0.0000,1000,1000,1000,1,68.9503
48370.0000,4837,2952.6659,0.0000,999,1000,1000,1,69.0054
48380.0000,4838,2952.6750,0.0000,999,1000,1000,1,68.7860
48390.0000,4839,2952.6845,0.0000,999,1000,1000,1,68.8411
48400.0000,4840,2952.6942,0.0000,1000,1000,1000,1,69.0335
48410.0000,4841,2952.7039,0.0000,1000,999,1000,1,69.0884
48420.0000,4842,2952.7133,0.0000,999,999,1000,1,69.1435
48430.0000,4843,2952.7228,0.0000,998,999,1000,1,69.1983
48440.0000,4844,2952.7325,0.0000,1000,1000,1000,1,69.1162
48450.0000,4845,2952.7420,0.0000,1000,1000,999,1,68.8988
48460.0000,4846,2952.7514,0.0000,998,999,999,1,68.5465
48470.0000,4847,2952.7609,0.0000,999,999,999,1,68.3336
48480.0000,4848,2952.7705,0.0000,999,999,999,1,68.3907
48490.0000,4849,2952.7800,0.0000,1000,1000,1000,1,68.4478
48500.0000,4850,2952.7896,0.0000,1000,1000,1000,1,68.5046
48510.0000,4851,2952.7992,0.0000,1000,999,1000,1,68.6966
48520.0000,4852,2952.8087,0.0000,1000,1000,1000,1,68.7533
48530.0000,4853,2952.8183,0.0000,1000,1000,1000,1,68.9452
48540.0000,4854,2952.8277,0.0000,998,998,1000,1,68.8662
48550.0000,4855,2952.8372,0.0000,1000,1000,1000,1,68.7874
48560.0000,4856,2952.8467,0.0000,1000,999,1000,1,68.8437
48570.0000,4857,2952.8563,0.0000,1000,1000,1000,1,68.9000
48580.0000,4858,2952.8659,0.0000,999,1000,1000,1,68.8212
48590.0000,4859,2952.8752,0.0000,999,1000,1000,1,68.7424
48600.0000,4860,2952.8846,0.0000,1000,1000,1000,1,68.3933
48610.0000,4861,2952.8941,0.0000,999,999,999,1,68.3146
48620.0000,4862,2952.9033,0.0000,999,1000,1000,1,68.3713
48630.0000,4863,2952.9129,0.0000,1000,1000,1000,1,68.4277
48640.0000,4864,2952.9223,0.0000,999,1000,999,1,68.2145
48650.0000,4865,2952.9317,0.0000,1000,1000,1000,1,68.1365
48660.0000,4866,2952.9412,0.0000,999,1000,1000,1,68.1931
48670.0000,4867,2952.9507,0.0000,999,999,999,1,67.9804
48680.0000,4868,2952.9602,0.0000,1000,1000,1000,1,68.1719
48690.0000,4869,2952.9699,0.0000,999,1000,1000,1,68.3633
48700.0000,4870,2952.9793,0.0000,1000,999,1000,1,68.2855
48710.0000,4871,2952.9888,0.0000,999,999,1000,1,68.4768
48720.0000,4872,2952.9983,0.0000,1000,1000,1000,1,68.5330
48730.0000,4873,2953.0078,0.0000,1000,1000,1000,1,68.5891
48740.0000,4874,2953.0172,0.0000,999,999,999,1,68.5098
48750.0000,4875,2953.0265,0.0000,999,999,1000,1,68.5656
48760.0000,4876,2953.0358,0.0000,999,999,999,1,68.2163
48770.0000,4877,2953.0449,0.0000,1000,1000,1000,1,68.0031
48780.0000,4878,2953.0543,0.0000,1000,1000,999,1,68.0594
48790.0000,4879,2953.0637,0.0000,999,1000,1000,1,68.2504
48800.0000,4880,2953.0731,0.0000,999,999,999,1,68.1717
48810.0000,4881,2953.0826,0.0000,1000,1000,1000,1,68.3626
48820.0000,4882,2953.0920,0.0000,998,999,999,1,68.4183
48830.0000,4883,2953.1012,0.0000,999,999,1000,1,68.3396
48840.0000,4884,2953.1105,0.0000,999,1000,999,1,68.2609
48850.0000,4885,2953.1199,0.0000,999,1000,1000,1,68.4517
48860.0000,4886,2953.1294,0.0000,999,999,1000,1,68.6423
48870.0000,4887,2953.1387,0.0000,1000,1000,1000,1,68.2922
48880.0000,4888,2953.1481,0.0000,999,1000,1000,1,68.4828
48890.0000,4889,2953.1575,0.0000,999,1000,1000,1,68.6734
48900.0000,4890,2953.1669,0.0000,1000,1000,1000,1,68.4577
48910.0000,4891,2953.1761,0.0000,1000,999,1000,1,68.3774
48920.0000,4892,2953.1855,0.0000,1000,1000,1000,1,68.0264
48930.0000,4893,2953.1950,0.0000,1000,999,1000,1,68.0815
48940.0000,4894,2953.2043,0.0000,999,999,1000,1,68.0026
48950.0000,4895,2953.2137,0.0000,1000,1000,1000,1,68.0584
48960.0000,4896,2953.2230,0.0000,999,1000,1000,1,67.9793
48970.0000,4897,2953.2323,0.0000,1000,1000,1000,1,67.7661
48980.0000,4898,2953.2417,0.0000,1000,1000,1000,1,67.8220
48990.0000,4899,2953.2511,0.0000,1000,999,1000,1,68.0123
49000.0000,4900,2953.2604,0.0000,998,999,999,1,67.7984
49010.0000,4901,2953.2691,0.0000,997,1000,1000,1,67.5858
49020.0000,4902,2953.2782,0.0000,999,1000,1000,1,67.3753
49030.0000,4903,2953.2875,0.0000,999,999,1000,1,67.2996
49040.0000,4904,2953.2966,0.0000,1000,1000,1000,1,66.9595
49050.0000,4905,2953.3060,0.0000,1000,1000,1000,1,67.1497
49060.0000,4906,2953.3155,0.0000,1000,1000,1000,1,67.3398
49070.0000,4907,2953.3249,0.0000,999,999,1000,1,67.5299
49080.0000,4908,2953.3342,0.0000,1000,1000,1000,1,67.4542
49090.0000,4909,2953.3435,0.0000,999,1000,1000,1,67.5113
49100.0000,4910,2953.3528,0.0000,1000,1000,1000,1,67.4353
49110.0000,4911,2953.3622,0.0000,998,1000,1000,1,67.4922
49120.0000,4912,2953.3715,0.0000,999,1000,1000,1,67.6821
49130.0000,4913,2953.3809,0.0000,1000,1000,1000,1,67.8718
49140.0000,4914,2953.3900,0.0000,999,999,1000,1,67.6620
49150.0000,4915,2953.3992,0.0000,1000,1000,1000,1,67.5859
49160.0000,4916,2953.4085,0.0000,1000,1000,1000,1,67.6427
49170.0000,4917,2953.4178,0.0000,999,1000,999,1,67.6993
49180.0000,4918,2953.4272,0.0000,1000,1000,1000,1,67.8889
49190.0000,4919,2953.4364,0.0000,999,1000,1000,1,67.9452
49200.0000,4920,2953.4455,0.0000,1000,999,1000,1,67.7350
49210.0000,4921,2953.4547,0.0000,1000,1000,1000,1,67.5250
49220.0000,4922,2953.4638,0.0000,1000,1000,1000,1,67.3154
49230.0000,4923,2953.4731,0.0000,999,1000,1000,1,67.5048
49240.0000,4924,2953.4824,0.0000,1000,999,1000,1,67.6942
49250.0000,4925,2953.4917,0.0000,1000,1000,1000,1,67.8835
49260.0000,4926,2953.5008,0.0000,999,998,1000,1,67.9390
49270.0000,4927,2953.5100,0.0000,1000,1000,1000,1,67.7277
49280.0000,4928,2953.5193,0.0000,998,999,999,1,67.5165
49290.0000,4929,2953.5285,0.0000,1000,1000,1000,1,67.5723
49300.0000,4930,2953.5377,0.0000,999,1000,1000,1,67.7614
49310.0000,4931,2953.5470,0.0000,999,1000,1000,1,67.9505
49320.0000,4932,2953.5563,0.0000,999,1000,1000,1,67.8719
49330.0000,4933,2953.5654,0.0000,1000,1000,1000,1,67.7931
49340.0000,4934,2953.5746,0.0000,1000,1000,1000,1,67.7144
49350.0000,4935,2953.5837,0.0000,999,1000,1000,1,67.6358
49360.0000,4936,2953.5929,0.0000,999,1000,1000,1,67.6910
49370.0000,4937,2953.6022,0.0000,999,999,1000,1,67.7462
49380.0000,4938,2953.6113,0.0000,999,1000,1000,1,67.8013
49390.0000,4939,2953.6205,0.0000,999,1000,1000,1,67.8563
49400.0000,4940,2953.6296,0.0000,998,1000,999,1,67.7778
49410.0000,4941,2953.6387,0.0000,999,999,999,1,67.6991
49420.0000,4942,2953.6480,0.0000,1000,1000,1000,1,67.8878
49430.0000,4943,2953.6571,0.0000,1000,1000,1000,1,67.9426
49440.0000,4944,2953.6663,0.0000,999,1000,1000,1,67.9971
49450.0000,4945,2953.6754,0.0000,1000,1000,1000,1,67.5155
49460.0000,4946,2953.6845,0.0000,998,999,999,1,67.4363
49470.0000,4947,2953.6936,0.0000,1000,1000,1000,1,67.3573
49480.0000,4948,2953.7027,0.0000,1000,1000,1000,1,67.1446
49490.0000,4949,2953.7119,0.0000,1000,1000,1000,1,67.1995
49500.0000,4950,2953.7210,0.0000,1000,999,1000,1,67.2543
49510.0000,4951,2953.7302,0.0000,1000,1000,999,1,67.1756
49520.0000,4952,2953.7393,0.0000,1000,1000,1000,1,67.0976
49530.0000,4953,2953.7481,0.0000,1000,1000,999,1,66.7530
49540.0000,4954,2953.7573,0.0000,1000,999,1000,1,66.8084
49550.0000,4955,2953.7664,0.0000,1000,1000,1000,1,66.8638
49560.0000,4956,2953.7756,0.0000,999,1000,1000,1,67.0521
49570.0000,4957,2953.7848,0.0000,999,999,1000,1,67.2403
49580.0000,4958,2953.7936,0.0000,999,999,1000,1,66.6300
49590.0000,4959,2953.8028,0.0000,1000,1000,1000,1,66.8183
49600.0000,4960,2953.8118,0.0000,998,998,998,1,66.3431
49610.0000,4961,2953.8205,0.0000,1000,999,999,1,66.1345
49620.0000,4962,2953.8297,0.0000,999,1000,1000,1,66.3227
49630.0000,4963,2953.8389,0.0000,999,1000,1000,1,66.3784
49640.0000,4964,2953.8480,0.0000,999,1000,1000,1,66.4338
49650.0000,4965,2953.8571,0.0000,999,1000,1000,1,66.4892
49660.0000,4966,2953.8662,0.0000,999,1000,1000,1,66.5444
49670.0000,4967,2953.8753,0.0000,999,999,999,1,66.4668
49680.0000,4968,2953.8842,0.0000,998,999,1000,1,66.1236
49690.0000,4969,2953.8932,0.0000,1000,1000,1000,1,65.9133
49700.0000,4970,2953.9023,0.0000,1000,1000,1000,1,65.9685
49710.0000,4971,2953.9109,0.0000,999,998,998,1,65.6257
49720.0000,4972,2953.9199,0.0000,999,999,1000,1,65.5494
49730.0000,4973,2953.9291,0.0000,1000,1000,1000,1,65.4737
49740.0000,4974,2953.9382,0.0000,1000,1000,1000,1,65.5298
49750.0000,4975,2953.9473,0.0000,999,999,1000,1,65.7176
49760.0000,4976,2953.9564,0.0000,999,1000,1000,1,65.5094
49770.0000,4977,2953.9653,0.0000,1000,1000,1000,1,65.3013
49780.0000,4978,2953.9745,0.0000,999,999,1000,1,65.4891
49790.0000,4979,2953.9836,0.0000,999,1000,1000,1,65.5447
49800.0000,4980,2953.9924,0.0000,998,998,998,1,64.9415
49810.0000,4981,2954.0011,0.0000,1000,1000,1000,1,65.1290
49820.0000,4982,2954.0098,0.0000,999,1000,1000,1,64.6601
49830.0000,4983,2954.0189,0.0000,999,1000,1000,1,64.7173
49840.0000,4984,2954.0278,0.0000,999,1000,1000,1,64.6449
49850.0000,4985,2954.0367,0.0000,998,999,999,1,64.5729
49860.0000,4986,2954.0457,0.0000,1000,1000,1000,1,64.5010
49870.0000,4987,2954.0547,0.0000,998,1000,1000,1,64.4291
49880.0000,4988,2954.0637,0.0000,999,1000,1000,1,64.4870
49890.0000,4989,2954.0727,0.0000,1000,1000,1000,1,64.4158
49900.0000,4990,2954.0818,0.0000,998,1000,1000,1,64.3444
49910.0000,4991,2954.0908,0.0000,999,1000,1000,1,64.4027
49920.0000,4992,2954.0998,0.0000,999,1000,1000,1,64.4608
49930.0000,4993,2954.1089,0.0000,1000,1000,1000,1,64.5189
49940.0000,4994,2954.1180,0.0000,999,999,999,1,64.4472
49950.0000,4995,2954.1270,0.0000,999,999,1000,1,64.5049
49960.0000,4996,2954.1360,0.0000,1000,999,1000,1,64.3030
49970.0000,4997,2954.1448,0.0000,999,1000,1000,1,64.1010
49980.0000,4998,2954.1537,0.0000,1000,999,999,1,63.8996
49990.0000,4999,2954.1626,0.0000,1000,1000,1000,1,63.8278
50000.0000,5000,2954.1716,0.0000,1000,1000,1000,1,63.8855
50010.0000,5001,2954.1806,0.0000,999,999,999,1,63.8132
50020.0000,5002,2954.1894,0.0000,998,1000,1000,1,63.6115
50030.0000,5003,2954.1983,0.0000,999,1000,1000,1,63.5403
50040.0000,5004,2954.2073,0.0000,1000,1000,1000,1,63.5982
50050.0000,5005,2954.2163,0.0000,1000,1000,1000,1,63.6559
50060.0000,5006,2954.2252,0.0000,1000,1000,1000,1,63.7134
50070.0000,5007,2954.2343,0.0000,1000,1000,1000,1,63.7709
50080.0000,5008,2954.2431,0.0000,1000,1000,1000,1,63.6991
50090.0000,5009,2954.2522,0.0000,1000,1000,1000,1,63.8860
50100.0000,5010,2954.2611,0.0000,999,1000,1000,1,63.6863
50110.0000,5011,2954.2700,0.0000,998,1000,999,1,63.7442
50120.0000,5012,2954.2790,0.0000,1000,1000,1000,1,63.8019
50130.0000,5013,2954.2880,0.0000,999,1000,1000,1,63.9887
50140.0000,5014,2954.2969,0.0000,1000,1000,1000,1,63.7876
50150.0000,5015,2954.3058,0.0000,999,1000,999,1,63.8450
50160.0000,5016,2954.3148,0.0000,1000,1000,1000,1,63.9024
50170.0000,5017,2954.3236,0.0000,1000,1000,1000,1,63.9597
50180.0000,5018,2954.3326,0.0000,1000,1000,1000,1,64.1463
50190.0000,5019,2954.3416,0.0000,1000,1000,1000,1,64.3327
50200.0000,5020,2954.3507,0.0000,999,999,999,1,64.3893
50210.0000,5021,2954.3595,0.0000,1000,1000,1000,1,64.4458
50220.0000,5022,2954.3684,0.0000,998,1000,999,1,64.3724
50230.0000,5023,2954.3772,0.0000,999,999,1000,1,64.4291
50240.0000,5024,2954.3861,0.0000,999,999,1000,1,64.6153
50250.0000,5025,2954.3950,0.0000,999,1000,1000,1,64.6716
50260.0000,5026,2954.4040,0.0000,999,1000,999,1,64.4701
50270.0000,5027,2954.4128,0.0000,999,1000,1000,1,64.5271
50280.0000,5028,2954.4217,0.0000,1000,1000,1000,1,64.7132
50290.0000,5029,2954.4306,0.0000,998,1000,999,1,64.6410
50300.0000,5030,2954.4395,0.0000,999,1000,1000,1,64.8269
50310.0000,5031,2954.4484,0.0000,1000,999,1000,1,64.7544
50320.0000,5032,2954.4571,0.0000,999,1000,1000,1,64.6837
50330.0000,5033,2954.4660,0.0000,999,1000,1000,1,64.7410
50340.0000,5034,2954.4750,0.0000,1000,1000,1000,1,64.9268
50350.0000,5035,2954.4838,0.0000,1000,999,1000,1,64.9836
50360.0000,5036,2954.4923,0.0000,998,999,998,1,64.5247
50370.0000,5037,2954.5012,0.0000,1000,1000,1000,1,64.7104
50380.0000,5038,2954.5098,0.0000,999,999,1000,1,64.6379
50390.0000,5039,2954.5181,0.0000,997,998,999,1,64.3086
50400.0000,5040,2954.5262,0.0000,999,999,999,1,63.7234
50410.0000,5041,2954.5350,0.0000,1000,1000,1000,1,63.6530
50420.0000,5042,2954.5437,0.0000,1000,1000,1000,1,63.5824
50430.0000,5043,2954.5524,0.0000,999,1000,1000,1,63.3836
50440.0000,5044,2954.5611,0.0000,999,1000,1000,1,63.4410
50450.0000,5045,2954.5698,0.0000,1000,1000,1000,1,63.3698
50460.0000,5046,2954.5784,0.0000,999,1000,1000,1,63.0414
50470.0000,5047,2954.5873,0.0000,1000,1000,1000,1,63.2270
50480.0000,5048,2954.5962,0.0000,999,999,1000,1,63.4126
50490.0000,5049,2954.6050,0.0000,1000,1000,1000,1,63.4693
50500.0000,5050,2954.6139,0.0000,1000,1000,1000,1,63.6547
50510.0000,5051,2954.6227,0.0000,1000,1000,1000,1,63.4526
50520.0000,5052,2954.6316,0.0000,1000,1000,1000,1,63.6380
50530.0000,5053,2954.6404,0.0000,1000,1000,1000,1,63.5646
50540.0000,5054,2954.6492,0.0000,1000,1000,1000,1,63.7499
50550.0000,5055,2954.6580,0.0000,1000,1000,1000,1,63.8059
50560.0000,5056,2954.6668,0.0000,999,999,999,1,63.8616
50570.0000,5057,2954.6755,0.0000,999,999,999,1,63.9172
50580.0000,5058,2954.6838,0.0000,1000,1000,999,1,63.5853
50590.0000,5059,2954.6924,0.0000,998,999,999,1,63.3842
50600.0000,5060,2954.7012,0.0000,999,1000,1000,1,63.4406
50610.0000,5061,2954.7099,0.0000,999,1000,999,1,63.3687
50620.0000,5062,2954.7187,0.0000,1000,999,999,1,63.4253
50630.0000,5063,2954.7272,0.0000,999,1000,1000,1,63.2251
50640.0000,5064,2954.7360,0.0000,1000,1000,1000,1,63.2816
50650.0000,5065,2954.7446,0.0000,999,1000,1000,1,63.2100
50660.0000,5066,2954.7531,0.0000,999,999,1000,1,62.6285
50670.0000,5067,2954.7616,0.0000,998,1000,999,1,62.4307
50680.0000,5068,2954.7701,0.0000,998,999,999,1,62.2330
50690.0000,5069,2954.7787,0.0000,999,1000,1000,1,62.1631
50700.0000,5070,2954.7874,0.0000,1000,999,1000,1,62.0931
50710.0000,5071,2954.7960,0.0000,999,1000,1000,1,62.0235
50720.0000,5072,2954.8049,0.0000,1000,1000,1000,1,62.0811
50730.0000,5073,2954.8135,0.0000,999,1000,1000,1,61.8838
50740.0000,5074,2954.8221,0.0000,999,1000,1000,1,61.6869
50750.0000,5075,2954.8309,0.0000,1000,1000,1000,1,61.7446
50760.0000,5076,2954.8395,0.0000,1000,1000,1000,1,61.8022
50770.0000,5077,2954.8483,0.0000,999,999,1000,1,61.9870
50780.0000,5078,2954.8569,0.0000,999,1000,1000,1,61.9169
50790.0000,5079,2954.8656,0.0000,1000,1000,999,1,61.9743
50800.0000,5080,2954.8743,0.0000,999,999,1000,1,62.1589
50810.0000,5081,2954.8830,0.0000,1000,999,1000,1,62.2160
50820.0000,5082,2954.8917,0.0000,999,999,1000,1,62.2732
50830.0000,5083,2954.9004,0.0000,999,1000,1000,1,62.3306
50840.0000,5084,2954.9090,0.0000,999,1000,1000,1,62.1333
50850.0000,5085,2954.9177,0.0000,1000,1000,1000,1,62.1904
50860.0000,5086,2954.9264,0.0000,999,999,999,1,62.1198
50870.0000,5087,2954.9350,0.0000,1000,999,1000,1,62.1766
50880.0000,5088,2954.9437,0.0000,1000,1000,1000,1,62.2333
50890.0000,5089,2954.9524,0.0000,999,1000,1000,1,62.2899
50900.0000,5090,2954.9612,0.0000,999,1000,1000,1,62.4741
50910.0000,5091,2954.9697,0.0000,1000,998,1000,1,62.2747
50920.0000,5092,2954.9783,0.0000,1000,1000,1000,1,62.0760
50930.0000,5093,2954.9870,0.0000,1000,1000,1000,1,62.2602
50940.0000,5094,2954.9957,0.0000,999,999,999,1,62.3165
50950.0000,5095,2955.0044,0.0000,1000,999,999,1,62.3730
50960.0000,5096,2955.0131,0.0000,1000,999,1000,1,62.4293
50970.0000,5097,2955.0218,0.0000,1000,1000,1000,1,62.6133
50980.0000,5098,2955.0305,0.0000,1000,1000,1000,1,62.6697
50990.0000,5099,2955.0392,0.0000,999,999,999,1,62.5985
51000.0000,5100,2955.0478,0.0000,1000,999,1000,1,62.6549
51010.0000,5101,2955.0563,0.0000,1000,999,1000,1,62.5837
51020.0000,5102,2955.0650,0.0000,1000,1000,1000,1,62.6398
51030.0000,5103,2955.0737,0.0000,1000,999,999,1,62.4401
51040.0000,5104,2955.0824,0.0000,1000,1000,1000,1,62.6238
51050.0000,5105,2955.0910,0.0000,1000,1000,1000,1,62.5513
51060.0000,5106,2955.0995,0.0000,1000,1000,999,1,62.3507
51070.0000,5107,2955.1081,0.0000,1000,1000,1000,1,62.4064
51080.0000,5108,2955.1167,0.0000,1000,1000,1000,1,62.4620
51090.0000,5109,2955.1253,0.0000,999,1000,1000,1,62.5175
51100.0000,5110,2955.1339,0.0000,999,999,1000,1,62.4448
51110.0000,5111,2955.1425,0.0000,999,1000,1000,1,62.4999
51120.0000,5112,2955.1511,0.0000,999,999,999,1,62.4277
51130.0000,5113,2955.1597,0.0000,999,999,1000,1,62.4834
51140.0000,5114,2955.1682,0.0000,1000,1000,1000,1,62.5390
51150.0000,5115,2955.1769,0.0000,1000,1000,1000,1,62.4664
51160.0000,5116,2955.1855,0.0000,1000,1000,1000,1,62.5218
51170.0000,5117,2955.1940,0.0000,1000,999,1000,1,62.3217
51180.0000,5118,2955.2025,0.0000,1000,1000,1000,1,61.9958
51190.0000,5119,2955.2111,0.0000,1000,1000,999,1,62.0519
51200.0000,5120,2955.2196,0.0000,999,999,1000,1,61.9810
51210.0000,5121,2955.2281,0.0000,998,999,999,1,62.0371
51220.0000,5122,2955.2366,0.0000,1000,999,1000,1,62.0931
51230.0000,5123,2955.2450,0.0000,999,1000,1000,1,61.6419
51240.0000,5124,2955.2537,0.0000,999,1000,1000,1,61.8250
51250.0000,5125,2955.2622,0.0000,1000,1000,1000,1,61.8812
51260.0000,5126,2955.2708,0.0000,1000,1000,1000,1,61.8106
51270.0000,5127,2955.2793,0.0000,1000,1000,1000,1,61.7405
51280.0000,5128,2955.2877,0.0000,1000,999,999,1,61.4175
51290.0000,5129,2955.2963,0.0000,999,1000,1000,1,61.4743
51300.0000,5130,2955.3048,0.0000,999,1000,1000,1,61.4048
51310.0000,5131,2955.3133,0.0000,1000,1000,1000,1,61.3354
51320.0000,5132,2955.3219,0.0000,1000,1000,1000,1,61.1404
51330.0000,5133,2955.3305,0.0000,1000,1000,1000,1,61.3233
51340.0000,5134,2955.3390,0.0000,1000,1000,1000,1,61.2542
51350.0000,5135,2955.3475,0.0000,1000,1000,1000,1,61.4370
51360.0000,5136,2955.3559,0.0000,999,999,999,1,61.3677
51370.0000,5137,2955.3642,0.0000,999,999,1000,1,61.0469
51380.0000,5138,2955.3726,0.0000,1000,1000,1000,1,60.9788
51390.0000,5139,2955.3810,0.0000,999,1000,1000,1,60.9107
51400.0000,5140,2955.3896,0.0000,1000,1000,1000,1,60.9680
51410.0000,5141,2955.3981,0.0000,1000,1000,1000,1,60.8999
51420.0000,5142,2955.4066,0.0000,1000,999,1000,1,60.8318
51430.0000,5143,2955.4149,0.0000,999,999,1000,1,60.7644
51440.0000,5144,2955.4235,0.0000,999,1000,1000,1,60.8221
51450.0000,5145,2955.4320,0.0000,1000,1000,1000,1,60.8796
51460.0000,5146,2955.4405,0.0000,999,999,1000,1,60.9371
51470.0000,5147,2955.4488,0.0000,999,1000,1000,1,60.3680
51480.0000,5148,2955.4572,0.0000,999,1000,999,1,60.3002
51490.0000,5149,2955.4657,0.0000,1000,1000,1000,1,60.4827
51500.0000,5150,2955.4742,0.0000,999,999,1000,1,60.6652
51510.0000,5151,2955.4826,0.0000,999,999,1000,1,60.8475
51520.0000,5152,2955.4910,0.0000,1000,1000,1000,1,60.9042
51530.0000,5153,2955.4995,0.0000,1000,999,1000,1,60.9610
51540.0000,5154,2955.5080,0.0000,1000,1000,1000,1,61.1432
51550.0000,5155,2955.5164,0.0000,1000,999,1000,1,61.1998
51560.0000,5156,2955.5248,0.0000,1000,999,1000,1,61.2561
51570.0000,5157,2955.5333,0.0000,1000,1000,1000,1,61.3123
51580.0000,5158,2955.5418,0.0000,999,1000,1000,1,61.1174
51590.0000,5159,2955.5501,0.0000,999,1000,1000,1,60.9255
51600.0000,5160,2955.5586,0.0000,999,1000,1000,1,60.9826
51610.0000,5161,2955.5671,0.0000,1000,1000,1000,1,61.1646
51620.0000,5162,2955.5756,0.0000,999,999,1000,1,61.3465
51630.0000,5163,2955.5840,0.0000,999,999,1000,1,61.2779
51640.0000,5164,2955.5923,0.0000,1000,999,999,1,61.2096
51650.0000,5165,2955.6007,0.0000,1000,999,1000,1,61.3913
51660.0000,5166,2955.6090,0.0000,999,1000,1000,1,61.1976
51670.0000,5167,2955.6175,0.0000,999,1000,1000,1,61.2543
51680.0000,5168,2955.6259,0.0000,999,999,1000,1,61.4359
51690.0000,5169,2955.6340,0.0000,1000,1000,999,1,61.1165
51700.0000,5170,2955.6425,0.0000,999,1000,1000,1,61.2981
51710.0000,5171,2955.6510,0.0000,1000,1000,1000,1,61.4797
51720.0000,5172,2955.6595,0.0000,1000,1000,1000,1,61.6611
51730.0000,5173,2955.6679,0.0000,1000,1000,1000,1,61.8425
51740.0000,5174,2955.6762,0.0000,999,999,1000,1,61.6470
51750.0000,5175,2955.6845,0.0000,1000,1000,1000,1,61.5778
51760.0000,5176,2955.6929,0.0000,999,1000,1000,1,61.6339
51770.0000,5177,2955.7013,0.0000,1000,1000,1000,1,61.8151
51780.0000,5178,2955.7098,0.0000,1000,1000,1000,1,61.9963
51790.0000,5179,2955.7182,0.0000,1000,1000,1000,1,62.0518
51800.0000,5180,2955.7265,0.0000,998,1000,1000,1,62.1069
51810.0000,5181,2955.7349,0.0000,1000,1000,1000,1,62.0361
51820.0000,5182,2955.7432,0.0000,999,1000,1000,1,61.8393
51830.0000,5183,2955.7515,0.0000,1000,1000,1000,1,61.8948
51840.0000,5184,2955.7599,0.0000,1000,1000,1000,1,62.0758
51850.0000,5185,2955.7684,0.0000,999,1000,1000,1,62.2567
51860.0000,5186,2955.7768,0.0000,1000,1000,1000,1,62.4375
51870.0000,5187,2955.7852,0.0000,1000,1000,1000,1,62.3664
51880.0000,5188,2955.7934,0.0000,999,1000,1000,1,62.4211
51890.0000,5189,2955.8018,0.0000,999,1000,1000,1,62.6018
51900.0000,5190,2955.8100,0.0000,999,999,1000,1,62.4053
51910.0000,5191,2955.8184,0.0000,1000,1000,1000,1,62.4603
51920.0000,5192,2955.8267,0.0000,1000,1000,1000,1,62.3902
51930.0000,5193,2955.8351,0.0000,999,1000,1000,1,62.4454
51940.0000,5194,2955.8434,0.0000,999,999,1000,1,62.6260
51950.0000,5195,2955.8516,0.0000,1000,1000,1000,1,62.5552
51960.0000,5196,2955.8598,0.0000,999,999,1000,1,62.3585
51970.0000,5197,2955.8679,0.0000,1000,1000,1000,1,62.0363
51980.0000,5198,2955.8762,0.0000,999,1000,1000,1,61.9655
51990.0000,5199,2955.8846,0.0000,1000,1000,1000,1,62.0202
52000.0000,5200,2955.8929,0.0000,1000,1000,999,1,62.0746
52010.0000,5201,2955.9013,0.0000,999,1000,1000,1,62.2550
52020.0000,5202,2955.9096,0.0000,999,1000,999,1,62.3099
52030.0000,5203,2955.9180,0.0000,1000,1000,1000,1,62.4901
52040.0000,5204,2955.9261,0.0000,1000,1000,1000,1,62.4194
52050.0000,5205,2955.9344,0.0000,1000,1000,1000,1,62.4742
52060.0000,5206,2955.9428,0.0000,999,999,999,1,62.5286
52070.0000,5207,2955.9511,0.0000,1000,1000,999,1,62.4574
52080.0000,5208,2955.9594,0.0000,999,1000,1000,1,62.5118
52090.0000,5209,2955.9676,0.0000,1000,1000,1000,1,62.4404
52100.0000,5210,2955.9758,0.0000,1000,1000,1000,1,62.3690
52110.0000,5211,2955.9840,0.0000,1000,1000,1000,1,62.4236
52120.0000,5212,2955.9923,0.0000,999,1000,1000,1,62.4779
52130.0000,5213,2956.0003,0.0000,999,999,1000,1,62.1552
52140.0000,5214,2956.0085,0.0000,999,1000,1000,1,62.0840
52150.0000,5215,2956.0168,0.0000,999,999,1000,1,62.0124
52160.0000,5216,2956.0248,0.0000,999,999,1000,1,61.8169
52170.0000,5217,2956.0328,0.0000,1000,999,1000,1,61.6229
52180.0000,5218,2956.0411,0.0000,999,1000,1000,1,61.6783
52190.0000,5219,2956.0494,0.0000,1000,1000,1000,1,61.8581
52200.0000,5220,2956.0577,0.0000,999,1000,1000,1,61.7887
52210.0000,5221,2956.0661,0.0000,1000,1000,1000,1,61.9684
52220.0000,5222,2956.0742,0.0000,999,999,999,1,61.7736
52230.0000,5223,2956.0824,0.0000,999,999,1000,1,61.9531
52240.0000,5224,2956.0906,0.0000,998,1000,1000,1,61.8834
52250.0000,5225,2956.0988,0.0000,998,998,1000,1,61.6900
52260.0000,5226,2956.1070,0.0000,1000,1000,1000,1,61.8696
52270.0000,5227,2956.1152,0.0000,1000,1000,1000,1,61.9246
52280.0000,5228,2956.1234,0.0000,999,1000,1000,1,62.1040
52290.0000,5229,2956.1316,0.0000,999,999,1000,1,62.1585
52300.0000,5230,2956.1398,0.0000,1000,1000,1000,1,62.2132
52310.0000,5231,2956.1480,0.0000,999,999,1000,1,62.2678
52320.0000,5232,2956.1562,0.0000,1000,1000,1000,1,62.4470
52330.0000,5233,2956.1646,0.0000,999,1000,1000,1,62.6262
52340.0000,5234,2956.1727,0.0000,999,999,1000,1,62.4305
52350.0000,5235,2956.1809,0.0000,1000,1000,1000,1,62.4846
52360.0000,5236,2956.1891,0.0000,1000,999,1000,1,62.4136
52370.0000,5237,2956.1972,0.0000,998,999,999,1,62.2181
52380.0000,5238,2956.2052,0.0000,1000,1000,1000,1,62.2724
52390.0000,5239,2956.2136,0.0000,1000,1000,1000,1,62.4514
52400.0000,5240,2956.2218,0.0000,1000,999,1000,1,62.6304
52410.0000,5241,2956.2300,0.0000,999,1000,1000,1,62.6844
52420.0000,5242,2956.2382,0.0000,1000,1000,1000,1,62.6148
52430.0000,5243,2956.2461,0.0000,1000,1000,1000,1,62.1730
52440.0000,5244,2956.2542,0.0000,999,1000,1000,1,62.2278
52450.0000,5245,2956.2624,0.0000,999,999,999,1,62.1584
52460.0000,5246,2956.2704,0.0000,999,999,999,1,61.8419
52470.0000,5247,2956.2786,0.0000,999,1000,1000,1,62.0207
52480.0000,5248,2956.2867,0.0000,999,999,1000,1,62.0756
52490.0000,5249,2956.2947,0.0000,999,1000,1000,1,61.8827
52500.0000,5250,2956.3028,0.0000,998,999,999,1,61.9375
52510.0000,5251,2956.3106,0.0000,999,1000,1000,1,61.6204
52520.0000,5252,2956.3186,0.0000,1000,1000,1000,1,61.1811
52530.0000,5253,2956.3268,0.0000,1000,1000,1000,1,61.3598
52540.0000,5254,2956.3349,0.0000,999,999,1000,1,61.4150
52550.0000,5255,2956.3430,0.0000,999,999,1000,1,61.4700
52560.0000,5256,2956.3512,0.0000,999,999,1000,1,61.5250
52570.0000,5257,2956.3593,0.0000,999,1000,1000,1,61.4560
52580.0000,5258,2956.3674,0.0000,1000,1000,1000,1,61.6345
52590.0000,5259,2956.3756,0.0000,1000,1000,1000,1,61.8130
52600.0000,5260,2956.3837,0.0000,1000,1000,1000,1,61.8673
52610.0000,5261,2956.3919,0.0000,1000,1000,1000,1,61.7975
52620.0000,5262,2956.4001,0.0000,999,1000,1000,1,61.8516
52630.0000,5263,2956.4081,0.0000,999,1000,1000,1,61.7822
52640.0000,5264,2956.4162,0.0000,999,1000,1000,1,61.7136
52650.0000,5265,2956.4243,0.0000,999,1000,1000,1,61.8918
52660.0000,5266,2956.4325,0.0000,999,1000,1000,1,62.0699
52670.0000,5267,2956.4405,0.0000,1000,1000,1000,1,62.1244
52680.0000,5268,2956.4486,0.0000,999,1000,1000,1,62.3025
52690.0000,5269,2956.4567,0.0000,999,1000,1000,1,62.2327
52700.0000,5270,2956.4648,0.0000,1000,999,1000,1,62.2869
52710.0000,5271,2956.4729,0.0000,1000,999,1000,1,62.4648
52720.0000,5272,2956.4811,0.0000,999,1000,1000,1,62.6427
52730.0000,5273,2956.4892,0.0000,999,1000,1000,1,62.8204
52740.0000,5274,2956.4972,0.0000,999,1000,1000,1,62.8740
52750.0000,5275,2956.5053,0.0000,1000,1000,1000,1,62.9276
52760.0000,5276,2956.5135,0.0000,999,1000,1000,1,63.1052
52770.0000,5277,2956.5213,0.0000,1000,1000,1000,1,62.9113
52780.0000,5278,2956.5294,0.0000,1000,1000,1000,1,63.0889
52790.0000,5279,2956.5375,0.0000,999,1000,1000,1,63.2663
52800.0000,5280,2956.5456,0.0000,1000,1000,1000,1,63.4438
52810.0000,5281,2956.5536,0.0000,999,999,999,1,63.1245
52820.0000,5282,2956.5617,0.0000,1000,1000,1000,1,63.3019
52830.0000,5283,2956.5698,0.0000,1000,1000,1000,1,63.3548
52840.0000,5284,2956.5780,0.0000,1000,1000,1000,1,63.5321
52850.0000,5285,2956.5861,0.0000,999,1000,1000,1,63.7093
52860.0000,5286,2956.5942,0.0000,999,1000,1000,1,63.8864
52870.0000,5287,2956.6021,0.0000,1000,1000,1000,1,63.8144
52880.0000,5288,2956.6100,0.0000,1000,1000,1000,1,63.3697
52890.0000,5289,2956.6181,0.0000,1000,1000,1000,1,63.4224
52900.0000,5290,2956.6261,0.0000,1000,1000,999,1,63.2259
52910.0000,5291,2956.6341,0.0000,1000,999,1000,1,63.2785
52920.0000,5292,2956.6419,0.0000,999,999,999,1,62.8332
52930.0000,5293,2956.6499,0.0000,999,1000,1000,1,62.8859
52940.0000,5294,2956.6579,0.0000,1000,1000,999,1,62.9384
52950.0000,5295,2956.6659,0.0000,1000,1000,1000,1,63.1154
52960.0000,5296,2956.6737,0.0000,1000,999,999,1,62.9186
52970.0000,5297,2956.6816,0.0000,999,1000,1000,1,62.4749
52980.0000,5298,2956.6897,0.0000,1000,1000,1000,1,62.6519
52990.0000,5299,2956.6978,0.0000,1000,1000,999,1,62.7044
53000.0000,5300,2956.7058,0.0000,1000,1000,1000,1,62.7570
53010.0000,5301,2956.7137,0.0000,998,998,999,1,62.5614
53020.0000,5302,2956.7216,0.0000,1000,1000,1000,1,62.6141
53030.0000,5303,2956.7297,0.0000,999,999,1000,1,62.7908
53040.0000,5304,2956.7376,0.0000,1000,1000,1000,1,62.7186
53050.0000,5305,2956.7456,0.0000,1000,999,1000,1,62.6461
53060.0000,5306,2956.7535,0.0000,1000,1000,1000,1,62.6982
53070.0000,5307,2956.7615,0.0000,999,1000,1000,1,62.7502
53080.0000,5308,2956.7692,0.0000,998,999,999,1,62.5532
53090.0000,5309,2956.7770,0.0000,1000,999,1000,1,62.3584
53100.0000,5310,2956.7849,0.0000,1000,1000,1000,1,62.1648
53110.0000,5311,2956.7924,0.0000,999,1000,999,1,61.6019
53120.0000,5312,2956.8003,0.0000,1000,1000,1000,1,61.7784
53130.0000,5313,2956.8082,0.0000,1000,1000,1000,1,61.7084
53140.0000,5314,2956.8162,0.0000,1000,1000,1000,1,61.8849
53150.0000,5315,2956.8240,0.0000,1000,1000,1000,1,61.9381
53160.0000,5316,2956.8320,0.0000,999,999,1000,1,62.1145
53170.0000,5317,2956.8398,0.0000,999,999,999,1,61.9210
53180.0000,5318,2956.8478,0.0000,999,1000,1000,1,61.9741
53190.0000,5319,2956.8558,0.0000,999,1000,1000,1,62.1505
53200.0000,5320,2956.8638,0.0000,999,999,1000,1,62.2032
53210.0000,5321,2956.8718,0.0000,1000,1000,1000,1,62.3795
53220.0000,5322,2956.8796,0.0000,1000,1000,1000,1,62.4317
53230.0000,5323,2956.8875,0.0000,1000,1000,1000,1,62.4839
53240.0000,5324,2956.8956,0.0000,1000,1000,1000,1,62.6600
53250.0000,5325,2956.9035,0.0000,999,1000,1000,1,62.8360
53260.0000,5326,2956.9115,0.0000,999,1000,1000,1,62.8877
53270.0000,5327,2956.9192,0.0000,998,999,999,1,62.8153
53280.0000,5328,2956.9271,0.0000,1000,999,1000,1,62.7435
53290.0000,5329,2956.9350,0.0000,1000,999,1000,1,62.7954
53300.0000,5330,2956.9430,0.0000,999,999,1000,1,62.9712
53310.0000,5331,2956.9509,0.0000,999,999,1000,1,63.0229
53320.0000,5332,2956.9588,0.0000,999,1000,1000,1,63.0748
53330.0000,5333,2956.9665,0.0000,998,999,999,1,62.8787
53340.0000,5334,2956.9743,0.0000,1000,1000,1000,1,62.6838
53350.0000,5335,2956.9822,0.0000,999,1000,1000,1,62.4897
53360.0000,5336,2956.9901,0.0000,999,999,1000,1,62.6654
53370.0000,5337,2956.9980,0.0000,1000,999,999,1,62.7174
53380.0000,5338,2957.0059,0.0000,1000,1000,1000,1,62.7696
53390.0000,5339,2957.0138,0.0000,1000,1000,1000,1,62.8219
53400.0000,5340,2957.0219,0.0000,1000,1000,1000,1,62.9974
53410.0000,5341,2957.0298,0.0000,1000,1000,1000,1,63.1728
53420.0000,5342,2957.0377,0.0000,1000,1000,1000,1,63.3482
53430.0000,5343,2957.0455,0.0000,1000,999,1000,1,63.2759
53440.0000,5344,2957.0531,0.0000,998,999,1000,1,63.3273
53450.0000,5345,2957.0608,0.0000,1000,1000,1000,1,63.2545
53460.0000,5346,2957.0684,0.0000,1000,1000,1000,1,62.8107
53470.0000,5347,2957.0762,0.0000,1000,999,1000,1,62.4935
53480.0000,5348,2957.0839,0.0000,998,999,999,1,62.1781
53490.0000,5349,2957.0916,0.0000,999,999,1000,1,61.9859
53500.0000,5350,2957.0994,0.0000,999,1000,1000,1,62.0389
53510.0000,5351,2957.1072,0.0000,1000,1000,1000,1,62.0917
53520.0000,5352,2957.1152,0.0000,1000,1000,1000,1,62.2669
53530.0000,5353,2957.1230,0.0000,1000,1000,1000,1,62.4421
53540.0000,5354,2957.1309,0.0000,1000,1000,1000,1,62.6172
53550.0000,5355,2957.1388,0.0000,999,999,1000,1,62.7923
53560.0000,5356,2957.1466,0.0000,1000,1000,1000,1,62.5974
53570.0000,5357,2957.1544,0.0000,1000,1000,1000,1,62.6489
53580.0000,5358,2957.1620,0.0000,1000,999,1000,1,62.4534
53590.0000,5359,2957.1694,0.0000,998,1000,1000,1,62.1347
53600.0000,5360,2957.1773,0.0000,1000,1000,1000,1,62.3096
53610.0000,5361,2957.1850,0.0000,1000,999,1000,1,61.9908
53620.0000,5362,2957.1928,0.0000,999,1000,1000,1,62.1658
53630.0000,5363,2957.2006,0.0000,999,1000,1000,1,62.0938
53640.0000,5364,2957.2085,0.0000,1000,1000,1000,1,62.1453
53650.0000,5365,2957.2163,0.0000,1000,1000,1000,1,62.0734
53660.0000,5366,2957.2240,0.0000,999,998,1000,1,62.1249
53670.0000,5367,2957.2317,0.0000,1000,1000,999,1,62.0531
53680.0000,5368,2957.2395,0.0000,999,1000,1000,1,62.2278
53690.0000,5369,2957.2472,0.0000,999,999,999,1,62.0319
53700.0000,5370,2957.2550,0.0000,998,999,1000,1,61.9599
53710.0000,5371,2957.2626,0.0000,999,1000,1000,1,62.0112
53720.0000,5372,2957.2703,0.0000,1000,1000,999,1,61.8160
53730.0000,5373,2957.2781,0.0000,999,1000,1000,1,61.9906
53740.0000,5374,2957.2858,0.0000,1000,1000,1000,1,62.0418
53750.0000,5375,2957.2935,0.0000,999,999,1000,1,61.9696
53760.0000,5376,2957.3013,0.0000,1000,1000,1000,1,62.0205
53770.0000,5377,2957.3089,0.0000,999,999,1000,1,61.8251
53780.0000,5378,2957.3168,0.0000,999,1000,1000,1,61.9995
53790.0000,5379,2957.3246,0.0000,999,1000,1000,1,62.0507
53800.0000,5380,2957.3325,0.0000,999,1000,1000,1,62.1022
53810.0000,5381,2957.3402,0.0000,999,1000,1000,1,62.1536
53820.0000,5382,2957.3479,0.0000,1000,999,1000,1,62.2047
53830.0000,5383,2957.3556,0.0000,1000,1000,1000,1,62.3789
53840.0000,5384,2957.3634,0.0000,1000,1000,1000,1,62.3064
53850.0000,5385,2957.3713,0.0000,1000,1000,1000,1,62.4805
53860.0000,5386,2957.3791,0.0000,998,999,999,1,62.4075
53870.0000,5387,2957.3868,0.0000,999,999,1000,1,62.3345
53880.0000,5388,2957.3944,0.0000,999,999,1000,1,61.8919
53890.0000,5389,2957.4021,0.0000,999,1000,1000,1,61.8195
53900.0000,5390,2957.4096,0.0000,999,1000,1000,1,61.2584
53910.0000,5391,2957.4172,0.0000,1000,1000,1000,1,61.1880
53920.0000,5392,2957.4250,0.0000,999,999,1000,1,61.3621
53930.0000,5393,2957.4324,0.0000,999,999,1000,1,60.9247
53940.0000,5394,2957.4400,0.0000,999,999,1000,1,60.7332
53950.0000,5395,2957.4477,0.0000,1000,999,1000,1,60.9073
53960.0000,5396,2957.4553,0.0000,999,999,1000,1,60.5955
53970.0000,5397,2957.4630,0.0000,999,999,999,1,60.5274
53980.0000,5398,2957.4707,0.0000,1000,1000,999,1,60.5801
53990.0000,5399,2957.4784,0.0000,1000,1000,1000,1,60.7540
54000.0000,5400,2957.4861,0.0000,999,1000,1000,1,60.6849
54010.0000,5401,2957.4939,0.0000,999,999,1000,1,60.8589
54020.0000,5402,2957.5015,0.0000,1000,1000,1000,1,60.6681
54030.0000,5403,2957.5092,0.0000,999,1000,1000,1,60.5988
54040.0000,5404,2957.5167,0.0000,1000,1000,999,1,60.1663
54050.0000,5405,2957.5244,0.0000,1000,999,1000,1,59.9786
54060.0000,5406,2957.5320,0.0000,999,1000,999,1,59.9113
54070.0000,5407,2957.5396,0.0000,1000,1000,1000,1,59.9648
54080.0000,5408,2957.5472,0.0000,999,1000,1000,1,59.8979
54090.0000,5409,2957.5548,0.0000,1000,1000,1000,1,59.7121
54100.0000,5410,2957.5624,0.0000,1000,1000,1000,1,59.6471
54110.0000,5411,2957.5702,0.0000,1000,1000,1000,1,59.8209
54120.0000,5412,2957.5778,0.0000,999,999,999,1,59.7555
54130.0000,5413,2957.5855,0.0000,999,1000,1000,1,59.9292
54140.0000,5414,2957.5932,0.0000,999,1000,1000,1,60.1029
54150.0000,5415,2957.6008,0.0000,999,999,1000,1,60.1566
54160.0000,5416,2957.6085,0.0000,999,1000,1000,1,60.0911
54170.0000,5417,2957.6160,0.0000,1000,1000,1000,1,59.9065
54180.0000,5418,2957.6238,0.0000,999,1000,1000,1,60.0800
54190.0000,5419,2957.6314,0.0000,1000,1000,1000,1,60.0146
54200.0000,5420,2957.6390,0.0000,999,1000,1000,1,60.0685
54210.0000,5421,2957.6461,0.0000,999,999,1000,1,59.4096
54220.0000,5422,2957.6537,0.0000,999,1000,999,1,59.2269
54230.0000,5423,2957.6613,0.0000,1000,1000,1000,1,59.2818
54240.0000,5424,2957.6689,0.0000,1000,1000,1000,1,59.0997
54250.0000,5425,2957.6764,0.0000,1000,1000,1000,1,58.9182
54260.0000,5426,2957.6841,0.0000,1000,1000,1000,1,58.9734
54270.0000,5427,2957.6916,0.0000,999,999,999,1,58.9104
54280.0000,5428,2957.6992,0.0000,1000,999,1000,1,58.8480
54290.0000,5429,2957.7068,0.0000,999,1000,1000,1,59.0213
54300.0000,5430,2957.7145,0.0000,1000,999,1000,1,59.0765
54310.0000,5431,2957.7221,0.0000,1000,1000,1000,1,59.0137
54320.0000,5432,2957.7296,0.0000,1000,1000,1000,1,58.7159
54330.0000,5433,2957.7372,0.0000,999,1000,1000,1,58.7718
54340.0000,5434,2957.7447,0.0000,999,1000,1000,1,58.7100
54350.0000,5435,2957.7522,0.0000,999,999,999,1,58.7657
54360.0000,5436,2957.7597,0.0000,1000,1000,1000,1,58.4692
54370.0000,5437,2957.7673,0.0000,1000,1000,1000,1,58.4078
54380.0000,5438,2957.7749,0.0000,999,1000,1000,1,58.4635
54390.0000,5439,2957.7824,0.0000,1000,1000,1000,1,58.5193
54400.0000,5440,2957.7901,0.0000,999,1000,1000,1,58.6924
54410.0000,5441,2957.7974,0.0000,1000,1000,999,1,58.3952
54420.0000,5442,2957.8051,0.0000,1000,1000,1000,1,58.5682
54430.0000,5443,2957.8126,0.0000,999,999,1000,1,58.6236
54440.0000,5444,2957.8203,0.0000,1000,1000,1000,1,58.6790
54450.0000,5445,2957.8280,0.0000,999,1000,1000,1,58.8519
54460.0000,5446,2957.8353,0.0000,1000,1000,1000,1,58.5536
54470.0000,5447,2957.8428,0.0000,999,1000,1000,1,58.6087
54480.0000,5448,2957.8504,0.0000,999,1000,1000,1,58.6637
54490.0000,5449,2957.8580,0.0000,999,999,1000,1,58.8364
54500.0000,5450,2957.8656,0.0000,1000,1000,1000,1,58.8910
54510.0000,5451,2957.8731,0.0000,1000,1000,1000,1,58.9454
54520.0000,5452,2957.8807,0.0000,999,1000,1000,1,58.9996
54530.0000,5453,2957.8882,0.0000,999,998,999,1,58.8182
54540.0000,5454,2957.8957,0.0000,1000,999,1000,1,58.8729
54550.0000,5455,2957.9032,0.0000,999,999,1000,1,58.8092
54560.0000,5456,2957.9107,0.0000,1000,1000,999,1,58.7455
54570.0000,5457,2957.9184,0.0000,999,1000,1000,1,58.7998
54580.0000,5458,2957.9258,0.0000,999,1000,1000,1,58.6183
54590.0000,5459,2957.9333,0.0000,999,999,999,1,58.6731
54600.0000,5460,2957.9405,0.0000,998,999,1000,1,58.3761
54610.0000,5461,2957.9479,0.0000,1000,1000,1000,1,58.1971
54620.0000,5462,2957.9554,0.0000,1000,1000,1000,1,58.3695
54630.0000,5463,2957.9630,0.0000,999,1000,1000,1,58.4249
54640.0000,5464,2957.9703,0.0000,998,999,1000,1,58.1292
54650.0000,5465,2957.9778,0.0000,999,1000,1000,1,58.0678
54660.0000,5466,2957.9852,0.0000,999,998,1000,1,57.8909
54670.0000,5467,2957.9926,0.0000,1000,999,999,1,57.7146
54680.0000,5468,2958.0000,0.0000,999,1000,1000,1,57.5388
54690.0000,5469,2958.0074,0.0000,999,1000,999,1,57.3637
54700.0000,5470,2958.0149,0.0000,999,999,1000,1,57.5360
54710.0000,5471,2958.0224,0.0000,999,1000,1000,1,57.2454
54720.0000,5472,2958.0295,0.0000,999,999,1000,1,56.9569
54730.0000,5473,2958.0369,0.0000,1000,999,1000,1,56.8994
54740.0000,5474,2958.0443,0.0000,999,1000,1000,1,56.7270
54750.0000,5475,2958.0516,0.0000,999,998,999,1,56.5545
54760.0000,5476,2958.0590,0.0000,1000,1000,1000,1,56.4970
54770.0000,5477,2958.0664,0.0000,1000,1000,1000,1,56.4393
54780.0000,5478,2958.0739,0.0000,1000,1000,1000,1,56.4966
54790.0000,5479,2958.0815,0.0000,1000,1000,1000,1,56.6688
54800.0000,5480,2958.0888,0.0000,1000,1000,1000,1,56.3821
54810.0000,5481,2958.0963,0.0000,999,1000,1000,1,56.3255
54820.0000,5482,2958.1036,0.0000,999,999,1000,1,56.1550
54830.0000,5483,2958.1110,0.0000,999,999,1000,1,55.9851
54840.0000,5484,2958.1184,0.0000,1000,1000,1000,1,56.1573
54850.0000,5485,2958.1259,0.0000,1000,999,999,1,56.1012
54860.0000,5486,2958.1332,0.0000,999,1000,999,1,55.8171
54870.0000,5487,2958.1406,0.0000,1000,1000,1000,1,55.7611
54880.0000,5488,2958.1479,0.0000,1000,1000,1000,1,55.7054
54890.0000,5489,2958.1553,0.0000,1000,1000,1000,1,55.5360
54900.0000,5490,2958.1627,0.0000,1000,1000,1000,1,55.4807
54910.0000,5491,2958.1701,0.0000,1000,1000,1000,1,55.3118
54920.0000,5492,2958.1776,0.0000,1000,1000,1000,1,55.3705
54930.0000,5493,2958.1850,0.0000,999,999,1000,1,55.0904
54940.0000,5494,2958.1924,0.0000,999,999,999,1,55.0369
54950.0000,5495,2958.1998,0.0000,999,1000,1000,1,55.0961
54960.0000,5496,2958.2073,0.0000,1000,1000,1000,1,55.2680
54970.0000,5497,2958.2147,0.0000,1000,1000,1000,1,55.3270
54980.0000,5498,2958.2221,0.0000,999,1000,999,1,55.2726
54990.0000,5499,2958.2296,0.0000,1000,1000,1000,1,55.4444
55000.0000,5500,2958.2372,0.0000,999,999,1000,1,55.6162
55010.0000,5501,2958.2446,0.0000,999,1000,1000,1,55.3348
55020.0000,5502,2958.2518,0.0000,1000,1000,1000,1,55.1678
55030.0000,5503,2958.2594,0.0000,999,999,1000,1,55.3395
55040.0000,5504,2958.2669,0.0000,1000,1000,1000,1,55.5111
55050.0000,5505,2958.2743,0.0000,999,999,1000,1,55.5697
55060.0000,5506,2958.2817,0.0000,1000,1000,999,1,55.6280
55070.0000,5507,2958.2892,0.0000,999,1000,1000,1,55.6862
55080.0000,5508,2958.2967,0.0000,1000,1000,1000,1,55.8577
55090.0000,5509,2958.3040,0.0000,999,999,1000,1,55.8027
55100.0000,5510,2958.3114,0.0000,999,1000,1000,1,55.8612
55110.0000,5511,2958.3188,0.0000,999,1000,999,1,55.9192
55120.0000,5512,2958.3261,0.0000,1000,1000,1000,1,55.7514
55130.0000,5513,2958.3336,0.0000,999,1000,1000,1,55.9227
55140.0000,5514,2958.3410,0.0000,999,999,1000,1,55.9808
55150.0000,5515,2958.3485,0.0000,999,1000,1000,1,56.1520
55160.0000,5516,2958.3558,0.0000,1000,1000,1000,1,56.0966
55170.0000,5517,2958.3632,0.0000,999,1000,1000,1,56.1543
55180.0000,5518,2958.3706,0.0000,999,999,1000,1,56.0984
55190.0000,5519,2958.3781,0.0000,1000,1000,1000,1,56.2695
55200.0000,5520,2958.3855,0.0000,1000,1000,1000,1,56.4404
55210.0000,5521,2958.3928,0.0000,999,999,999,1,56.4973
55220.0000,5522,2958.4000,0.0000,999,999,1000,1,56.3267
55230.0000,5523,2958.4073,0.0000,1000,1000,1000,1,56.3838
55240.0000,5524,2958.4147,0.0000,1000,1000,1000,1,56.5546
55250.0000,5525,2958.4220,0.0000,999,999,1000,1,56.4978
55260.0000,5526,2958.4292,0.0000,998,1000,1000,1,56.0998
55270.0000,5527,2958.4367,0.0000,999,1000,1000,1,56.1573
55280.0000,5528,2958.4441,0.0000,999,1000,1000,1,56.3281
55290.0000,5529,2958.4513,0.0000,999,999,1000,1,56.2716
55300.0000,5530,2958.4587,0.0000,1000,1000,1000,1,56.3286
55310.0000,5531,2958.4661,0.0000,1000,1000,1000,1,56.3853
55320.0000,5532,2958.4734,0.0000,999,999,1000,1,56.4420
55330.0000,5533,2958.4806,0.0000,999,999,1000,1,56.4985
55340.0000,5534,2958.4879,0.0000,1000,1000,1000,1,56.5549
55350.0000,5535,2958.4951,0.0000,998,998,999,1,56.4969
55360.0000,5536,2958.5024,0.0000,999,1000,1000,1,56.4391
55370.0000,5537,2958.5097,0.0000,999,1000,999,1,56.4952
55380.0000,5538,2958.5169,0.0000,1000,1000,1000,1,56.5512
55390.0000,5539,2958.5243,0.0000,1000,1000,1000,1,56.6075
55400.0000,5540,2958.5317,0.0000,1000,1000,1000,1,56.6638
55410.0000,5541,2958.5391,0.0000,1000,1000,1000,1,56.8340
55420.0000,5542,2958.5464,0.0000,999,1000,1000,1,56.8899
55430.0000,5543,2958.5537,0.0000,999,999,1000,1,56.7176
55440.0000,5544,2958.5607,0.0000,1000,1000,1000,1,56.6604
55450.0000,5545,2958.5681,0.0000,999,999,1000,1,56.7168
55460.0000,5546,2958.5754,0.0000,1000,1000,1000,1,56.8868
55470.0000,5547,2958.5828,0.0000,998,1000,1000,1,56.8289
55480.0000,5548,2958.5898,0.0000,999,1000,999,1,56.5447
55490.0000,5549,2958.5971,0.0000,999,1000,1000,1,56.6014
55500.0000,5550,2958.6043,0.0000,1000,1000,999,1,56.4311
55510.0000,5551,2958.6115,0.0000,1000,1000,1000,1,56.4876
55520.0000,5552,2958.6187,0.0000,999,999,1000,1,56.3171
55530.0000,5553,2958.6260,0.0000,999,1000,1000,1,56.3743
55540.0000,5554,2958.6333,0.0000,999,1000,1000,1,56.5442
55550.0000,5555,2958.6406,0.0000,1000,1000,1000,1,56.4878
55560.0000,5556,2958.6479,0.0000,999,1000,1000,1,56.5444
55570.0000,5557,2958.6552,0.0000,999,1000,1000,1,56.7142
55580.0000,5558,2958.6625,0.0000,1000,999,1000,1,56.6573
55590.0000,5559,2958.6697,0.0000,999,1000,1000,1,56.6002
55600.0000,5560,2958.6770,0.0000,999,1000,1000,1,56.7699
55610.0000,5561,2958.6843,0.0000,1000,1000,1000,1,56.7133
55620.0000,5562,2958.6916,0.0000,1000,1000,1000,1,56.6568
55630.0000,5563,2958.6989,0.0000,1000,1000,1000,1,56.7133
55640.0000,5564,2958.7062,0.0000,1000,1000,1000,1,56.8828
55650.0000,5565,2958.7135,0.0000,999,1000,1000,1,56.9389
55660.0000,5566,2958.7207,0.0000,1000,1000,1000,1,56.8816
55670.0000,5567,2958.7280,0.0000,999,1000,1000,1,56.9376
55680.0000,5568,2958.7353,0.0000,999,1000,1000,1,56.9937
55690.0000,5569,2958.7424,0.0000,999,999,999,1,56.7106
55700.0000,5570,2958.7495,0.0000,999,1000,1000,1,56.6542
55710.0000,5571,2958.7568,0.0000,1000,1000,1000,1,56.8236
55720.0000,5572,2958.7640,0.0000,1000,999,1000,1,56.8800
55730.0000,5573,2958.7713,0.0000,999,999,1000,1,57.0492
55740.0000,5574,2958.7782,0.0000,1000,1000,1000,1,56.6538
55750.0000,5575,2958.7855,0.0000,1000,1000,1000,1,56.8230
55760.0000,5576,2958.7929,0.0000,1000,1000,1000,1,56.9922
55770.0000,5577,2958.8001,0.0000,1000,1000,1000,1,56.8217
55780.0000,5578,2958.8072,0.0000,999,1000,1000,1,56.8776
55790.0000,5579,2958.8144,0.0000,998,999,999,1,56.8203
55800.0000,5580,2958.8215,0.0000,1000,1000,1000,1,56.8762
55810.0000,5581,2958.8287,0.0000,999,1000,1000,1,57.0452
55820.0000,5582,2958.8359,0.0000,1000,1000,1000,1,57.2141
55830.0000,5583,2958.8431,0.0000,1000,1000,1000,1,57.2694
55840.0000,5584,2958.8504,0.0000,1000,1000,1000,1,57.2109
55850.0000,5585,2958.8577,0.0000,1000,1000,1000,1,57.3797
55860.0000,5586,2958.8650,0.0000,1000,1000,1000,1,57.5485
55870.0000,5587,2958.8722,0.0000,999,1000,1000,1,57.6034
55880.0000,5588,2958.8794,0.0000,1000,1000,999,1,57.4305
55890.0000,5589,2958.8866,0.0000,999,999,1000,1,57.5991
55900.0000,5590,2958.8938,0.0000,999,1000,1000,1,57.4260
55910.0000,5591,2958.9011,0.0000,1000,1000,1000,1,57.4806
55920.0000,5592,2958.9083,0.0000,1000,1000,1000,1,57.6491
55930.0000,5593,2958.9156,0.0000,999,1000,1000,1,57.8176
55940.0000,5594,2958.9227,0.0000,1000,1000,1000,1,57.7574
55950.0000,5595,2958.9299,0.0000,999,1000,1000,1,57.8118
55960.0000,5596,2958.9371,0.0000,999,1000,1000,1,57.8661
55970.0000,5597,2958.9443,0.0000,999,1000,999,1,57.9202
55980.0000,5598,2958.9513,0.0000,999,999,1000,1,57.6315
55990.0000,5599,2958.9583,0.0000,999,999,1000,1,57.3435
56000.0000,5600,2958.9654,0.0000,999,1000,1000,1,57.3978
56010.0000,5601,2958.9725,0.0000,998,998,999,1,57.2237
56020.0000,5602,2958.9796,0.0000,1000,1000,1000,1,57.1645
56030.0000,5603,2958.9868,0.0000,1000,1000,1000,1,57.2191
56040.0000,5604,2958.9939,0.0000,999,1000,999,1,57.0465
56050.0000,5605,2959.0010,0.0000,999,1000,1000,1,57.2147
56060.0000,5606,2959.0080,0.0000,999,1000,999,1,56.9279
56070.0000,5607,2959.0152,0.0000,1000,1000,1000,1,56.9823
56080.0000,5608,2959.0224,0.0000,1000,1000,1000,1,57.1505
56090.0000,5609,2959.0295,0.0000,1000,1000,999,1,57.2045
56100.0000,5610,2959.0367,0.0000,1000,1000,1000,1,57.2583
56110.0000,5611,2959.0439,0.0000,1000,1000,1000,1,57.4264
56120.0000,5612,2959.0510,0.0000,1000,1000,1000,1,57.4801
56130.0000,5613,2959.0582,0.0000,999,1000,1000,1,57.5336
56140.0000,5614,2959.0654,0.0000,1000,999,1000,1,57.7014
56150.0000,5615,2959.0725,0.0000,1000,1000,1000,1,57.7547
56160.0000,5616,2959.0796,0.0000,1000,1000,1000,1,57.8078
56170.0000,5617,2959.0868,0.0000,1000,1000,1000,1,57.9755
56180.0000,5618,2959.0939,0.0000,999,1000,1000,1,58.0282
56190.0000,5619,2959.1010,0.0000,999,999,999,1,57.9657
56200.0000,5620,2959.1081,0.0000,1000,1000,1000,1,57.9033
56210.0000,5621,2959.1152,0.0000,1000,1000,1000,1,57.8413
56220.0000,5622,2959.1223,0.0000,999,1000,1000,1,57.8940
56230.0000,5623,2959.1294,0.0000,999,1000,1000,1,57.8315
56240.0000,5624,2959.1366,0.0000,1000,1000,1000,1,57.8840
56250.0000,5625,2959.1437,0.0000,1000,1000,1000,1,57.8220
56260.0000,5626,2959.1508,0.0000,999,1000,1000,1,57.8746
56270.0000,5627,2959.1580,0.0000,1000,1000,1000,1,58.0420
56280.0000,5628,2959.1652,0.0000,999,1000,1000,1,58.0943
56290.0000,5629,2959.1723,0.0000,1000,1000,1000,1,58.2617
56300.0000,5630,2959.1794,0.0000,1000,999,1000,1,58.3135
56310.0000,5631,2959.1865,0.0000,999,1000,1000,1,58.3653
56320.0000,5632,2959.1936,0.0000,1000,1000,1000,1,58.4170
56330.0000,5633,2959.2002,0.0000,998,999,1000,1,58.1217
56340.0000,5634,2959.2072,0.0000,999,1000,1000,1,58.1732
56350.0000,5635,2959.2142,0.0000,998,1000,999,1,57.9935
56360.0000,5636,2959.2213,0.0000,998,999,1000,1,57.9297
56370.0000,5637,2959.2283,0.0000,1000,1000,1000,1,57.9814
56380.0000,5638,2959.2354,0.0000,999,1000,1000,1,58.0329
56390.0000,5639,2959.2425,0.0000,999,1000,1000,1,58.1999
56400.0000,5640,2959.2496,0.0000,999,1000,1000,1,58.1355
56410.0000,5641,2959.2567,0.0000,1000,1000,1000,1,58.3025
56420.0000,5642,2959.2639,0.0000,999,1000,1000,1,58.4694
56430.0000,5643,2959.2708,0.0000,999,1000,1000,1,58.2884
56440.0000,5644,2959.2777,0.0000,999,999,1000,1,58.2235
56450.0000,5645,2959.2848,0.0000,1000,1000,1000,1,58.1589
56460.0000,5646,2959.2918,0.0000,1000,1000,1000,1,58.0944
56470.0000,5647,2959.2989,0.0000,1000,1000,1000,1,58.0303
56480.0000,5648,2959.3059,0.0000,1000,1000,1000,1,58.0816
56490.0000,5649,2959.3129,0.0000,1000,1000,1000,1,58.0170
56500.0000,5650,2959.3199,0.0000,1000,1000,1000,1,57.8369
56510.0000,5651,2959.3268,0.0000,1000,1000,1000,1,57.6571
56520.0000,5652,2959.3339,0.0000,1000,1000,1000,1,57.7082
56530.0000,5653,2959.3409,0.0000,1000,1000,999,1,57.5282
56540.0000,5654,2959.3480,0.0000,998,1000,999,1,57.5794
56550.0000,5655,2959.3549,0.0000,1000,999,1000,1,57.5152
56560.0000,5656,2959.3619,0.0000,999,999,999,1,57.5661
56570.0000,5657,2959.3690,0.0000,1000,1000,1000,1,57.5014
56580.0000,5658,2959.3761,0.0000,999,1000,1000,1,57.5523
56590.0000,5659,2959.3830,0.0000,1000,1000,1000,1,57.3729
56600.0000,5660,2959.3901,0.0000,1000,1000,1000,1,57.4243
56610.0000,5661,2959.3971,0.0000,1000,999,999,1,57.4754
56620.0000,5662,2959.4041,0.0000,999,1000,1000,1,57.2964
56630.0000,5663,2959.4109,0.0000,1000,1000,999,1,57.0037
56640.0000,5664,2959.4179,0.0000,999,999,1000,1,57.0555
56650.0000,5665,2959.4244,0.0000,998,999,1000,1,56.5374
56660.0000,5666,2959.4313,0.0000,999,1000,999,1,56.4767
56670.0000,5667,2959.4384,0.0000,1000,1000,1000,1,56.6432
56680.0000,5668,2959.4453,0.0000,999,999,1000,1,56.5828
56690.0000,5669,2959.4521,0.0000,999,1000,999,1,56.2963
56700.0000,5670,2959.4590,0.0000,1000,1000,1000,1,56.2371
56710.0000,5671,2959.4661,0.0000,999,999,1000,1,56.2907
56720.0000,5672,2959.4730,0.0000,1000,1000,1000,1,56.2313
56730.0000,5673,2959.4800,0.0000,999,1000,1000,1,56.1726
56740.0000,5674,2959.4871,0.0000,999,1000,1000,1,56.3389
56750.0000,5675,2959.4941,0.0000,999,1000,1000,1,56.5052
56760.0000,5676,2959.5010,0.0000,1000,1000,1000,1,56.3334
56770.0000,5677,2959.5079,0.0000,1000,1000,1000,1,56.2740
56780.0000,5678,2959.5150,0.0000,1000,1000,1000,1,56.4402
56790.0000,5679,2959.5220,0.0000,1000,1000,1000,1,56.6064
56800.0000,5680,2959.5291,0.0000,1000,1000,1000,1,56.6595
56810.0000,5681,2959.5359,0.0000,1000,998,1000,1,56.4862
56820.0000,5682,2959.5428,0.0000,999,1000,1000,1,56.4261
56830.0000,5683,2959.5498,0.0000,999,1000,1000,1,56.4790
56840.0000,5684,2959.5565,0.0000,999,1000,999,1,55.8524
56850.0000,5685,2959.5635,0.0000,1000,999,1000,1,55.9054
56860.0000,5686,2959.5704,0.0000,999,999,1000,1,55.9582
56870.0000,5687,2959.5774,0.0000,1000,1000,1000,1,55.7844
56880.0000,5688,2959.5844,0.0000,999,999,1000,1,55.8371
56890.0000,5689,2959.5913,0.0000,1000,1000,1000,1,55.7768
56900.0000,5690,2959.5982,0.0000,999,1000,1000,1,55.7163
56910.0000,5691,2959.6052,0.0000,1000,1000,1000,1,55.8822
56920.0000,5692,2959.6120,0.0000,999,999,999,1,55.5953
56930.0000,5693,2959.6189,0.0000,999,999,1000,1,55.3106
56940.0000,5694,2959.6258,0.0000,1000,1000,1000,1,55.2523
56950.0000,5695,2959.6326,0.0000,999,1000,999,1,55.1944
56960.0000,5696,2959.6395,0.0000,1000,1000,1000,1,55.1362
56970.0000,5697,2959.6463,0.0000,997,999,998,1,55.0778
56980.0000,5698,2959.6528,0.0000,1000,1000,1000,1,55.0194
56990.0000,5699,2959.6599,0.0000,1000,1000,1000,1,55.1852
57000.0000,5700,2959.6669,0.0000,1000,1000,1000,1,55.2387
57010.0000,5701,2959.6737,0.0000,999,999,1000,1,55.2922
57020.0000,5702,2959.6803,0.0000,999,999,1000,1,54.7853
57030.0000,5703,2959.6872,0.0000,999,999,1000,1,54.9510
57040.0000,5704,2959.6940,0.0000,998,1000,1000,1,55.0046
57050.0000,5705,2959.7010,0.0000,999,999,999,1,55.0580
57060.0000,5706,2959.7076,0.0000,1000,1000,1000,1,54.9992
57070.0000,5707,2959.7145,0.0000,999,999,1000,1,54.9403
57080.0000,5708,2959.7213,0.0000,1000,998,999,1,54.8809
57090.0000,5709,2959.7283,0.0000,999,1000,1000,1,55.0464
57100.0000,5710,2959.7349,0.0000,999,1000,1000,1,54.9868
57110.0000,5711,2959.7417,0.0000,998,999,1000,1,54.7019
57120.0000,5712,2959.7481,0.0000,999,998,999,1,54.3053
57130.0000,5713,2959.7550,0.0000,999,999,1000,1,54.3584
57140.0000,5714,2959.7618,0.0000,1000,1000,1000,1,54.4116
57150.0000,5715,2959.7687,0.0000,999,999,1000,1,54.3524
57160.0000,5716,2959.7756,0.0000,1000,1000,1000,1,54.5178
57170.0000,5717,2959.7824,0.0000,1000,1000,1000,1,54.5706
57180.0000,5718,2959.7892,0.0000,999,999,999,1,54.2855
57190.0000,5719,2959.7961,0.0000,1000,1000,1000,1,54.2264
57200.0000,5720,2959.8030,0.0000,1000,999,1000,1,54.3917
57210.0000,5721,2959.8099,0.0000,1000,1000,1000,1,54.5570
57220.0000,5722,2959.8169,0.0000,1000,999,999,1,54.4973
57230.0000,5723,2959.8237,0.0000,1000,1000,1000,1,54.5502
57240.0000,5724,2959.8304,0.0000,1000,1000,999,1,54.2673
57250.0000,5725,2959.8372,0.0000,1000,1000,1000,1,54.4323
57260.0000,5726,2959.8440,0.0000,1000,1000,1000,1,54.2615
57270.0000,5727,2959.8508,0.0000,1000,1000,1000,1,54.0914
57280.0000,5728,2959.8576,0.0000,1000,1000,1000,1,54.0336
57290.0000,5729,2959.8645,0.0000,999,1000,1000,1,54.0874
57300.0000,5730,2959.8714,0.0000,1000,1000,1000,1,54.1410
57310.0000,5731,2959.8783,0.0000,999,1000,1000,1,54.3060
57320.0000,5732,2959.8852,0.0000,999,1000,1000,1,54.3593
57330.0000,5733,2959.8919,0.0000,1000,999,1000,1,54.3007
57340.0000,5734,2959.8988,0.0000,999,1000,999,1,54.3540
57350.0000,5735,2959.9056,0.0000,1000,1000,1000,1,54.5189
57360.0000,5736,2959.9125,0.0000,1000,999,999,1,54.4605
57370.0000,5737,2959.9192,0.0000,999,999,999,1,54.2913
57380.0000,5738,2959.9261,0.0000,1000,1000,1000,1,54.3449
57390.0000,5739,2959.9329,0.0000,1000,1000,1000,1,54.5096
57400.0000,5740,2959.9399,0.0000,1000,1000,1000,1,54.6744
57410.0000,5741,2959.9467,0.0000,999,1000,1000,1,54.8390
57420.0000,5742,2959.9536,0.0000,1000,1000,1000,1,54.8919
57430.0000,5743,2959.9605,0.0000,999,999,1000,1,55.0564
57440.0000,5744,2959.9671,0.0000,1000,1000,1000,1,54.9971
57450.0000,5745,2959.9738,0.0000,999,1000,1000,1,54.9380
57460.0000,5746,2959.9807,0.0000,1000,1000,1000,1,55.1024
57470.0000,5747,2959.9875,0.0000,1000,1000,1000,1,55.2669
57480.0000,5748,2959.9943,0.0000,1000,999,999,1,55.2071
57490.0000,5749,2960.0011,0.0000,999,999,999,1,55.2594
57500.0000,5750,2960.0078,0.0000,1000,1000,1000,1,55.3117
57510.0000,5751,2960.0147,0.0000,1000,1000,1000,1,55.4759
57520.0000,5752,2960.0216,0.0000,999,1000,999,1,55.5278
57530.0000,5753,2960.0283,0.0000,999,999,999,1,55.5795
57540.0000,5754,2960.0351,0.0000,998,1000,999,1,55.5190
57550.0000,5755,2960.0418,0.0000,999,999,1000,1,55.6831
57560.0000,5756,2960.0485,0.0000,999,1000,1000,1,55.7348
57570.0000,5757,2960.0554,0.0000,1000,1000,1000,1,55.8988
57580.0000,5758,2960.0623,0.0000,1000,1000,999,1,55.9502
57590.0000,5759,2960.0691,0.0000,999,1000,1000,1,56.1141
57600.0000,5760,2960.0759,0.0000,999,999,999,1,56.1651
57610.0000,5761,2960.0826,0.0000,999,1000,1000,1,56.2162
57620.0000,5762,2960.0893,0.0000,1000,1000,1000,1,56.2673
57630.0000,5763,2960.0961,0.0000,999,999,999,1,56.2052
57640.0000,5764,2960.1027,0.0000,999,1000,1000,1,56.2561
57650.0000,5765,2960.1095,0.0000,999,999,1000,1,56.4198
57660.0000,5766,2960.1163,0.0000,1000,1000,1000,1,56.4705
57670.0000,5767,2960.1230,0.0000,1000,1000,1000,1,56.4084
57680.0000,5768,2960.1293,0.0000,999,999,1000,1,55.8950
57690.0000,5769,2960.1361,0.0000,999,1000,1000,1,55.9459
57700.0000,5770,2960.1429,0.0000,1000,1000,1000,1,56.1095
57710.0000,5771,2960.1497,0.0000,1000,1000,1000,1,56.2731
57720.0000,5772,2960.1561,0.0000,999,1000,1000,1,56.0978
57730.0000,5773,2960.1629,0.0000,999,999,1000,1,56.1486
57740.0000,5774,2960.1696,0.0000,1000,1000,999,1,56.0863
57750.0000,5775,2960.1764,0.0000,1000,1000,1000,1,56.1367
57760.0000,5776,2960.1832,0.0000,999,1000,1000,1,56.3001
57770.0000,5777,2960.1898,0.0000,999,1000,999,1,56.2370
57780.0000,5778,2960.1965,0.0000,999,1000,1000,1,56.1740
57790.0000,5779,2960.2032,0.0000,999,1000,1000,1,56.2242
57800.0000,5780,2960.2099,0.0000,999,999,1000,1,56.1614
57810.0000,5781,2960.2167,0.0000,999,999,1000,1,56.3247
57820.0000,5782,2960.2234,0.0000,1000,1000,1000,1,56.4879
57830.0000,5783,2960.2301,0.0000,999,999,1000,1,56.5376
57840.0000,5784,2960.2368,0.0000,999,1000,1000,1,56.2470
57850.0000,5785,2960.2433,0.0000,1000,1000,1000,1,55.9576
57860.0000,5786,2960.2501,0.0000,999,999,999,1,55.8944
57870.0000,5787,2960.2567,0.0000,999,999,1000,1,55.7182
57880.0000,5788,2960.2635,0.0000,999,1000,1000,1,55.8813
57890.0000,5789,2960.2703,0.0000,999,999,999,1,55.8184
57900.0000,5790,2960.2769,0.0000,999,1000,1000,1,55.7558
57910.0000,5791,2960.2835,0.0000,998,999,999,1,55.6930
57920.0000,5792,2960.2902,0.0000,998,999,999,1,55.6300
57930.0000,5793,2960.2968,0.0000,1000,999,1000,1,55.5670
57940.0000,5794,2960.3035,0.0000,999,1000,1000,1,55.6171
57950.0000,5795,2960.3102,0.0000,1000,1000,1000,1,55.5540
57960.0000,5796,2960.3169,0.0000,999,999,1000,1,55.3784
57970.0000,5797,2960.3235,0.0000,999,1000,1000,1,55.3157
57980.0000,5798,2960.3301,0.0000,998,998,998,1,55.2531
57990.0000,5799,2960.3368,0.0000,1000,1000,1000,1,55.4160
58000.0000,5800,2960.3434,0.0000,999,999,1000,1,55.4660
58010.0000,5801,2960.3500,0.0000,1000,1000,1000,1,55.5160
58020.0000,5802,2960.3567,0.0000,999,1000,1000,1,55.5658
58030.0000,5803,2960.3633,0.0000,1000,1000,1000,1,55.5025
58040.0000,5804,2960.3698,0.0000,999,999,999,1,55.3258
58050.0000,5805,2960.3764,0.0000,1000,1000,1000,1,55.2629
58060.0000,5806,2960.3830,0.0000,1000,1000,1000,1,55.3131
58070.0000,5807,2960.3897,0.0000,999,999,999,1,55.2514
58080.0000,5808,2960.3964,0.0000,1000,1000,1000,1,55.3022
58090.0000,5809,2960.4031,0.0000,999,1000,1000,1,55.4648
58100.0000,5810,2960.4098,0.0000,999,1000,1000,1,55.6274
58110.0000,5811,2960.4166,0.0000,1000,1000,1000,1,55.7899
58120.0000,5812,2960.4233,0.0000,999,1000,1000,1,55.8397
58130.0000,5813,2960.4300,0.0000,1000,1000,1000,1,55.7768
58140.0000,5814,2960.4366,0.0000,998,998,999,1,55.6010
58150.0000,5815,2960.4432,0.0000,999,1000,1000,1,55.6507
58160.0000,5816,2960.4498,0.0000,1000,1000,1000,1,55.7007
58170.0000,5817,2960.4565,0.0000,1000,999,1000,1,55.8630
58180.0000,5818,2960.4632,0.0000,1000,1000,1000,1,56.0253
58190.0000,5819,2960.4699,0.0000,1000,999,1000,1,56.1875
58200.0000,5820,2960.4766,0.0000,999,999,999,1,56.1241
58210.0000,5821,2960.4832,0.0000,1000,999,1000,1,56.1734
58220.0000,5822,2960.4898,0.0000,999,1000,1000,1,56.1103
58230.0000,5823,2960.4962,0.0000,1000,1000,1000,1,56.0469
58240.0000,5824,2960.5029,0.0000,999,1000,1000,1,56.2090
58250.0000,5825,2960.5095,0.0000,999,1000,1000,1,56.2584
58260.0000,5826,2960.5162,0.0000,1000,1000,1000,1,56.1948
58270.0000,5827,2960.5229,0.0000,999,1000,1000,1,56.3568
58280.0000,5828,2960.5294,0.0000,999,999,1000,1,56.2935
58290.0000,5829,2960.5361,0.0000,1000,1000,1000,1,56.4554
58300.0000,5830,2960.5428,0.0000,1000,1000,1000,1,56.6172
58310.0000,5831,2960.5494,0.0000,999,1000,1000,1,56.4411
58320.0000,5832,2960.5561,0.0000,999,1000,1000,1,56.6029
58330.0000,5833,2960.5627,0.0000,999,999,1000,1,56.5393
58340.0000,5834,2960.5691,0.0000,1000,1000,1000,1,56.3646
58350.0000,5835,2960.5758,0.0000,999,1000,1000,1,56.4143
58360.0000,5836,2960.5824,0.0000,1000,999,1000,1,56.5759
58370.0000,5837,2960.5889,0.0000,999,1000,999,1,56.5130
58380.0000,5838,2960.5954,0.0000,999,1000,1000,1,56.5622
58390.0000,5839,2960.6020,0.0000,999,999,1000,1,56.6114
58400.0000,5840,2960.6085,0.0000,1000,1000,1000,1,56.4377
58410.0000,5841,2960.6151,0.0000,999,1000,1000,1,56.4877
58420.0000,5842,2960.6216,0.0000,1000,1000,1000,1,56.4261
58430.0000,5843,2960.6282,0.0000,1000,1000,1000,1,56.4761
58440.0000,5844,2960.6348,0.0000,1000,1000,1000,1,56.4144
58450.0000,5845,2960.6415,0.0000,999,999,1000,1,56.4642
58460.0000,5846,2960.6480,0.0000,999,999,1000,1,56.5143
58470.0000,5847,2960.6545,0.0000,999,999,1000,1,56.6756
58480.0000,5848,2960.6611,0.0000,1000,999,1000,1,56.7254
58490.0000,5849,2960.6677,0.0000,999,1000,1000,1,56.8866
58500.0000,5850,2960.6743,0.0000,1000,1000,1000,1,57.0479
58510.0000,5851,2960.6809,0.0000,999,1000,1000,1,57.0970
58520.0000,5852,2960.6875,0.0000,1000,999,1000,1,57.1461
58530.0000,5853,2960.6941,0.0000,1000,1000,1000,1,57.3072
58540.0000,5854,2960.7005,0.0000,999,1000,1000,1,57.2436
58550.0000,5855,2960.7069,0.0000,999,999,999,1,57.1799
58560.0000,5856,2960.7134,0.0000,1000,1000,1000,1,57.1160
58570.0000,5857,2960.7200,0.0000,998,998,999,1,57.0521
58580.0000,5858,2960.7264,0.0000,999,1000,1000,1,56.9890
58590.0000,5859,2960.7329,0.0000,1000,1000,1000,1,57.0381
58600.0000,5860,2960.7394,0.0000,999,1000,1000,1,57.1990
58610.0000,5861,2960.7459,0.0000,999,999,1000,1,57.1358
58620.0000,5862,2960.7525,0.0000,1000,1000,1000,1,57.2967
58630.0000,5863,2960.7589,0.0000,998,999,999,1,57.2334
58640.0000,5864,2960.7654,0.0000,999,1000,1000,1,57.3942
58650.0000,5865,2960.7720,0.0000,999,1000,1000,1,57.4428
58660.0000,5866,2960.7786,0.0000,999,1000,1000,1,57.4912
58670.0000,5867,2960.7852,0.0000,1000,1000,1000,1,57.6519
58680.0000,5868,2960.7918,0.0000,1000,999,1000,1,57.7000
58690.0000,5869,2960.7983,0.0000,1000,999,1000,1,57.8606
58700.0000,5870,2960.8048,0.0000,1000,1000,1000,1,57.9084
58710.0000,5871,2960.8114,0.0000,999,1000,1000,1,58.0689
58720.0000,5872,2960.8180,0.0000,1000,1000,1000,1,58.2293
58730.0000,5873,2960.8244,0.0000,999,999,1000,1,58.1639
58740.0000,5874,2960.8308,0.0000,999,1000,1000,1,58.2114
58750.0000,5875,2960.8372,0.0000,1000,1000,1000,1,58.1463
58760.0000,5876,2960.8437,0.0000,999,1000,1000,1,58.1937
58770.0000,5877,2960.8501,0.0000,999,999,999,1,58.0152
58780.0000,5878,2960.8565,0.0000,999,999,1000,1,58.1754
58790.0000,5879,2960.8629,0.0000,999,999,1000,1,58.1094
58800.0000,5880,2960.8693,0.0000,999,1000,1000,1,58.0437
58810.0000,5881,2960.8758,0.0000,999,1000,1000,1,58.0907
58820.0000,5882,2960.8823,0.0000,999,999,1000,1,58.2509
58830.0000,5883,2960.8889,0.0000,998,1000,999,1,58.1844
58840.0000,5884,2960.8952,0.0000,1000,1000,1000,1,58.1177
58850.0000,5885,2960.9017,0.0000,999,999,1000,1,58.0513
58860.0000,5886,2960.9082,0.0000,999,1000,1000,1,58.0982
58870.0000,5887,2960.9147,0.0000,1000,1000,1000,1,58.0321
58880.0000,5888,2960.9209,0.0000,999,1000,1000,1,57.7409
58890.0000,5889,2960.9274,0.0000,1000,999,1000,1,57.7882
58900.0000,5890,2960.9339,0.0000,999,1000,1000,1,57.8353
58910.0000,5891,2960.9403,0.0000,999,999,1000,1,57.8825
58920.0000,5892,2960.9466,0.0000,1000,1000,1000,1,57.7054
58930.0000,5893,2960.9531,0.0000,999,999,999,1,57.6414
58940.0000,5894,2960.9594,0.0000,1000,1000,1000,1,57.2428
58950.0000,5895,2960.9658,0.0000,1000,1000,1000,1,57.1796
58960.0000,5896,2960.9723,0.0000,1000,1000,1000,1,57.3395
58970.0000,5897,2960.9787,0.0000,999,1000,1000,1,57.2762
58980.0000,5898,2960.9853,0.0000,999,999,1000,1,57.4361
58990.0000,5899,2960.9918,0.0000,999,1000,1000,1,57.4845
59000.0000,5900,2960.9982,0.0000,1000,999,1000,1,57.1985
59010.0000,5901,2961.0046,0.0000,999,1000,1000,1,57.2468
59020.0000,5902,2961.0112,0.0000,1000,1000,1000,1,57.4065
59030.0000,5903,2961.0176,0.0000,1000,1000,1000,1,57.3427
59040.0000,5904,2961.0241,0.0000,999,999,1000,1,57.5024
59050.0000,5905,2961.0305,0.0000,1000,999,1000,1,57.5503
59060.0000,5906,2961.0369,0.0000,999,999,1000,1,57.7098
59070.0000,5907,2961.0433,0.0000,1000,1000,1000,1,57.7574
59080.0000,5908,2961.0498,0.0000,1000,999,1000,1,57.9169
59090.0000,5909,2961.0562,0.0000,1000,1000,1000,1,57.8518
59100.0000,5910,2961.0626,0.0000,1000,1000,1000,1,57.5627
59110.0000,5911,2961.0691,0.0000,1000,1000,1000,1,57.7221
59120.0000,5912,2961.0756,0.0000,1000,999,1000,1,57.8815
59130.0000,5913,2961.0818,0.0000,1000,1000,1000,1,57.8162
59140.0000,5914,2961.0882,0.0000,999,1000,1000,1,57.9755
59150.0000,5915,2961.0946,0.0000,1000,1000,1000,1,58.0225
59160.0000,5916,2961.1009,0.0000,999,1000,1000,1,57.6198
59170.0000,5917,2961.1070,0.0000,998,998,998,1,57.5540
59180.0000,5918,2961.1132,0.0000,1000,999,1000,1,57.2639
59190.0000,5919,2961.1195,0.0000,999,999,1000,1,56.9759
59200.0000,5920,2961.1258,0.0000,999,1000,1000,1,56.9125
59210.0000,5921,2961.1323,0.0000,1000,1000,1000,1,57.0718
59220.0000,5922,2961.1386,0.0000,998,999,1000,1,56.8970
59230.0000,5923,2961.1449,0.0000,999,1000,1000,1,56.8337
59240.0000,5924,2961.1511,0.0000,999,999,999,1,56.5505
59250.0000,5925,2961.1574,0.0000,1000,1000,1000,1,56.4901
59260.0000,5926,2961.1637,0.0000,999,999,1000,1,56.2119
59270.0000,5927,2961.1700,0.0000,1000,1000,1000,1,56.1532
59280.0000,5928,2961.1765,0.0000,999,1000,1000,1,56.2034
59290.0000,5929,2961.1829,0.0000,999,1000,1000,1,56.3625
59300.0000,5930,2961.1892,0.0000,999,999,1000,1,56.4126
59310.0000,5931,2961.1956,0.0000,1000,1000,1000,1,56.3546
59320.0000,5932,2961.2020,0.0000,1000,1000,999,1,56.4051
59330.0000,5933,2961.2083,0.0000,1000,1000,1000,1,56.3468
59340.0000,5934,2961.2147,0.0000,999,1000,1000,1,56.2881
59350.0000,5935,2961.2210,0.0000,999,1000,1000,1,56.2297
59360.0000,5936,2961.2274,0.0000,999,999,1000,1,56.3887
59370.0000,5937,2961.2339,0.0000,1000,1000,1000,1,56.4388
59380.0000,5938,2961.2402,0.0000,999,1000,1000,1,56.4886
59390.0000,5939,2961.2466,0.0000,999,1000,1000,1,56.5384
59400.0000,5940,2961.2529,0.0000,999,1000,1000,1,56.4789
59410.0000,5941,2961.2592,0.0000,999,1000,999,1,56.4192
59420.0000,5942,2961.2656,0.0000,1000,1000,1000,1,56.4686
59430.0000,5943,2961.2720,0.0000,999,999,1000,1,56.6274
59440.0000,5944,2961.2784,0.0000,1000,1000,1000,1,56.6765
59450.0000,5945,2961.2847,0.0000,998,1000,999,1,56.6166
59460.0000,5946,2961.2910,0.0000,1000,1000,1000,1,56.5568
59470.0000,5947,2961.2973,0.0000,999,1000,1000,1,56.3873
59480.0000,5948,2961.3036,0.0000,1000,1000,1000,1,56.1092
59490.0000,5949,2961.3100,0.0000,998,1000,999,1,56.1588
59500.0000,5950,2961.3162,0.0000,999,1000,1000,1,56.2083
59510.0000,5951,2961.3225,0.0000,1000,1000,1000,1,56.1487
59520.0000,5952,2961.3286,0.0000,1000,999,1000,1,55.9809
59530.0000,5953,2961.3351,0.0000,1000,1000,1000,1,56.0307
59540.0000,5954,2961.3415,0.0000,1000,1000,1000,1,56.1893
59550.0000,5955,2961.3479,0.0000,1000,1000,1000,1,56.2387
59560.0000,5956,2961.3543,0.0000,999,999,1000,1,56.2882
59570.0000,5957,2961.3606,0.0000,1000,1000,1000,1,56.2290
59580.0000,5958,2961.3670,0.0000,999,999,1000,1,56.3874
59590.0000,5959,2961.3733,0.0000,1000,999,1000,1,56.3276
59600.0000,5960,2961.3796,0.0000,999,999,1000,1,56.3767
59610.0000,5961,2961.3859,0.0000,1000,1000,1000,1,56.3165
59620.0000,5962,2961.3923,0.0000,999,999,1000,1,56.3653
59630.0000,5963,2961.3985,0.0000,999,1000,1000,1,56.3049
59640.0000,5964,2961.4049,0.0000,999,999,999,1,56.2441
59650.0000,5965,2961.4112,0.0000,999,1000,1000,1,56.4023
59660.0000,5966,2961.4175,0.0000,999,1000,1000,1,56.4507
59670.0000,5967,2961.4238,0.0000,999,1000,1000,1,56.3891
59680.0000,5968,2961.4302,0.0000,999,1000,1000,1,56.4375
59690.0000,5969,2961.4366,0.0000,1000,1000,1000,1,56.5956
59700.0000,5970,2961.4429,0.0000,1000,1000,1000,1,56.5339
59710.0000,5971,2961.4490,0.0000,999,1000,1000,1,56.4728
59720.0000,5972,2961.4553,0.0000,999,1000,1000,1,56.4117
59730.0000,5973,2961.4616,0.0000,999,999,1000,1,56.4602
59740.0000,5974,2961.4678,0.0000,1000,999,1000,1,56.6181
59750.0000,5975,2961.4736,0.0000,999,1000,1000,1,56.1237
59760.0000,5976,2961.4799,0.0000,999,1000,1000,1,56.2817
59770.0000,5977,2961.4862,0.0000,999,1000,1000,1,56.3310
59780.0000,5978,2961.4925,0.0000,999,999,1000,1,56.2721
59790.0000,5979,2961.4988,0.0000,1000,1000,1000,1,56.2137
59800.0000,5980,2961.5051,0.0000,999,1000,1000,1,56.3715
59810.0000,5981,2961.5111,0.0000,1000,1000,1000,1,56.0962
59820.0000,5982,2961.5174,0.0000,1000,1000,999,1,56.1456
59830.0000,5983,2961.5237,0.0000,1000,1000,1000,1,56.1949
59840.0000,5984,2961.5298,0.0000,999,999,1000,1,55.8119
59850.0000,5985,2961.5360,0.0000,999,999,999,1,55.5413
59860.0000,5986,2961.5422,0.0000,1000,1000,1000,1,55.4851
59870.0000,5987,2961.5483,0.0000,999,1000,1000,1,55.3215
59880.0000,5988,2961.5545,0.0000,999,999,999,1,55.2649
59890.0000,5989,2961.5608,0.0000,999,999,999,1,55.3153
59900.0000,5990,2961.5671,0.0000,999,1000,1000,1,55.4730
59910.0000,5991,2961.5733,0.0000,1000,1000,1000,1,55.4157
59920.0000,5992,2961.5796,0.0000,999,1000,1000,1,55.3583
59930.0000,5993,2961.5859,0.0000,999,999,1000,1,55.4084
59940.0000,5994,2961.5921,0.0000,999,999,1000,1,55.4583
59950.0000,5995,2961.5983,0.0000,1000,1000,1000,1,55.4002
59960.0000,5996,2961.6046,0.0000,1000,1000,1000,1,55.4500
59970.0000,5997,2961.6108,0.0000,998,999,999,1,55.2848
59980.0000,5998,2961.6170,0.0000,999,1000,1000,1,55.2284
59990.0000,5999,2961.6232,0.0000,1000,999,1000,1,55.2789
60000.0000,6000,2961.6294,0.0000,999,1000,999,1,55.2222
60010.0000,6001,2961.6353,0.0000,999,1000,999,1,55.0585
60020.0000,6002,2961.6415,0.0000,999,999,1000,1,55.0018
60030.0000,6003,2961.6478,0.0000,999,1000,999,1,54.9451
60040.0000,6004,2961.6540,0.0000,999,1000,1000,1,55.1025
60050.0000,6005,2961.6602,0.0000,998,999,999,1,55.0453
60060.0000,6006,2961.6665,0.0000,999,1000,1000,1,55.2026
60070.0000,6007,2961.6728,0.0000,999,1000,1000,1,55.3599
60080.0000,6008,2961.6791,0.0000,1000,1000,1000,1,55.4098
60090.0000,6009,2961.6853,0.0000,1000,999,1000,1,55.3521
60100.0000,6010,2961.6915,0.0000,999,1000,999,1,55.4019
60110.0000,6011,2961.6975,0.0000,1000,1000,1000,1,55.4516
60120.0000,6012,2961.7038,0.0000,999,1000,1000,1,55.5014
60130.0000,6013,2961.7101,0.0000,1000,1000,1000,1,55.4438
60140.0000,6014,2961.7163,0.0000,1000,1000,1000,1,55.4936
60150.0000,6015,2961.7225,0.0000,999,999,999,1,55.2214
60160.0000,6016,2961.7286,0.0000,999,1000,999,1,55.1641
60170.0000,6017,2961.7348,0.0000,999,999,1000,1,55.2139
60180.0000,6018,2961.7410,0.0000,1000,999,1000,1,55.2636
60190.0000,6019,2961.7471,0.0000,999,999,999,1,55.2062
60200.0000,6020,2961.7533,0.0000,1000,1000,1000,1,55.3631
60210.0000,6021,2961.7593,0.0000,999,1000,1000,1,55.1985
60220.0000,6022,2961.7655,0.0000,1000,1000,1000,1,55.2485
60230.0000,6023,2961.7718,0.0000,1000,1000,1000,1,55.4053
60240.0000,6024,2961.7781,0.0000,999,999,1000,1,55.4548
60250.0000,6025,2961.7843,0.0000,999,1000,1000,1,55.6116
60260.0000,6026,2961.7906,0.0000,999,999,1000,1,55.7683
60270.0000,6027,2961.7967,0.0000,1000,1000,1000,1,55.7101
60280.0000,6028,2961.8029,0.0000,999,999,999,1,55.6520
60290.0000,6029,2961.8091,0.0000,1000,1000,1000,1,55.7016
60300.0000,6030,2961.8152,0.0000,999,999,1000,1,55.5377
60310.0000,6031,2961.8213,0.0000,999,999,1000,1,55.5874
60320.0000,6032,2961.8275,0.0000,999,1000,1000,1,55.5303
60330.0000,6033,2961.8337,0.0000,999,1000,1000,1,55.5799
60340.0000,6034,2961.8399,0.0000,999,1000,1000,1,55.6295
60350.0000,6035,2961.8460,0.0000,1000,999,1000,1,55.5717
60360.0000,6036,2961.8520,0.0000,999,1000,999,1,55.4067
60370.0000,6037,2961.8579,0.0000,1000,1000,999,1,55.1342
60380.0000,6038,2961.8641,0.0000,1000,1000,1000,1,55.1834
60390.0000,6039,2961.8702,0.0000,999,1000,1000,1,55.1253
60400.0000,6040,2961.8764,0.0000,999,999,1000,1,55.1746
60410.0000,6041,2961.8825,0.0000,999,1000,1000,1,55.3310
60420.0000,6042,2961.8887,0.0000,1000,1000,1000,1,55.3800
60430.0000,6043,2961.8949,0.0000,1000,1000,1000,1,55.5363
60440.0000,6044,2961.9011,0.0000,1000,1000,1000,1,55.6926
60450.0000,6045,2961.9073,0.0000,1000,1000,1000,1,55.8488
60460.0000,6046,2961.9134,0.0000,1000,1000,1000,1,55.8970
60470.0000,6047,2961.9195,0.0000,999,999,1000,1,55.9449
60480.0000,6048,2961.9257,0.0000,1000,1000,1000,1,55.9927
60490.0000,6049,2961.9318,0.0000,1000,999,1000,1,56.0406
60500.0000,6050,2961.9380,0.0000,1000,1000,1000,1,55.8718
60510.0000,6051,2961.9440,0.0000,1000,999,1000,1,55.5949
60520.0000,6052,2961.9500,0.0000,999,1000,999,1,55.4271
60530.0000,6053,2961.9559,0.0000,998,998,999,1,55.1526
60540.0000,6054,2961.9619,0.0000,998,1000,999,1,54.9862
60550.0000,6055,2961.9681,0.0000,1000,1000,1000,1,55.1423
60560.0000,6056,2961.9741,0.0000,999,999,1000,1,55.0829
60570.0000,6057,2961.9801,0.0000,999,1000,1000,1,55.1311
60580.0000,6058,2961.9863,0.0000,999,999,999,1,55.1791
60590.0000,6059,2961.9922,0.0000,999,999,1000,1,55.2271
60600.0000,6060,2961.9984,0.0000,1000,1000,1000,1,55.1669
60610.0000,6061,2962.0046,0.0000,1000,1000,1000,1,55.1067
60620.0000,6062,2962.0107,0.0000,999,999,1000,1,55.2626
60630.0000,6063,2962.0169,0.0000,999,1000,1000,1,55.2022
60640.0000,6064,2962.0230,0.0000,998,1000,999,1,55.0336
60650.0000,6065,2962.0286,0.0000,999,999,1000,1,54.7575
60660.0000,6066,2962.0347,0.0000,999,999,999,1,54.5911
60670.0000,6067,2962.0407,0.0000,999,1000,999,1,54.6395
60680.0000,6068,2962.0467,0.0000,1000,1000,1000,1,54.5806
60690.0000,6069,2962.0527,0.0000,998,999,999,1,54.6289
60700.0000,6070,2962.0586,0.0000,999,1000,1000,1,54.4631
60710.0000,6071,2962.0647,0.0000,999,1000,1000,1,54.5118
60720.0000,6072,2962.0709,0.0000,1000,999,1000,1,54.6675
60730.0000,6073,2962.0770,0.0000,999,999,999,1,54.5010
60740.0000,6074,2962.0830,0.0000,999,999,1000,1,54.4417
60750.0000,6075,2962.0892,0.0000,1000,1000,999,1,54.4897
60760.0000,6076,2962.0953,0.0000,999,1000,1000,1,54.5376
60770.0000,6077,2962.1014,0.0000,999,999,1000,1,54.4777
60780.0000,6078,2962.1074,0.0000,1000,1000,1000,1,54.4179
60790.0000,6079,2962.1135,0.0000,1000,1000,1000,1,54.3580
60800.0000,6080,2962.1196,0.0000,999,1000,1000,1,54.4058
60810.0000,6081,2962.1255,0.0000,999,999,999,1,54.2379
60820.0000,6082,2962.1312,0.0000,999,999,999,1,53.8555
60830.0000,6083,2962.1373,0.0000,1000,1000,1000,1,54.0111
60840.0000,6084,2962.1434,0.0000,999,1000,1000,1,54.1665
60850.0000,6085,2962.1496,0.0000,999,1000,1000,1,54.3220
60860.0000,6086,2962.1556,0.0000,999,999,1000,1,54.4774
60870.0000,6087,2962.1615,0.0000,999,999,999,1,53.9868
60880.0000,6088,2962.1674,0.0000,999,999,1000,1,54.0345
60890.0000,6089,2962.1735,0.0000,999,1000,1000,1,53.9749
60900.0000,6090,2962.1794,0.0000,998,999,998,1,53.8077
60910.0000,6091,2962.1853,0.0000,999,1000,1000,1,53.5334
60920.0000,6092,2962.1911,0.0000,999,999,1000,1,53.3672
60930.0000,6093,2962.1972,0.0000,999,999,999,1,53.0950
60940.0000,6094,2962.2032,0.0000,999,999,999,1,53.1436
60950.0000,6095,2962.2091,0.0000,1000,999,1000,1,53.0858
60960.0000,6096,2962.2151,0.0000,1000,1000,1000,1,52.9216
60970.0000,6097,2962.2211,0.0000,1000,1000,1000,1,52.9705
60980.0000,6098,2962.2272,0.0000,1000,1000,1000,1,53.1258
60990.0000,6099,2962.2333,0.0000,1000,1000,1000,1,53.1748
61000.0000,6100,2962.2394,0.0000,1000,1000,1000,1,53.3300
61010.0000,6101,2962.2454,0.0000,999,1000,999,1,53.3785
61020.0000,6102,2962.2514,0.0000,1000,1000,999,1,53.3207
61030.0000,6103,2962.2575,0.0000,999,1000,1000,1,53.3693
61040.0000,6104,2962.2633,0.0000,999,999,1000,1,53.0987
61050.0000,6105,2962.2694,0.0000,999,1000,1000,1,53.0412
61060.0000,6106,2962.2755,0.0000,1000,1000,1000,1,53.0900
61070.0000,6107,2962.2816,0.0000,1000,1000,1000,1,53.2451
61080.0000,6108,2962.2877,0.0000,999,999,1000,1,53.1871
61090.0000,6109,2962.2936,0.0000,999,999,999,1,53.1291
61100.0000,6110,2962.2996,0.0000,1000,1000,1000,1,53.1776
61110.0000,6111,2962.3056,0.0000,1000,1000,1000,1,53.2260
61120.0000,6112,2962.3117,0.0000,1000,1000,1000,1,53.0612
61130.0000,6113,2962.3177,0.0000,999,999,1000,1,53.2161
61140.0000,6114,2962.3236,0.0000,999,998,999,1,52.9444
61150.0000,6115,2962.3295,0.0000,999,999,1000,1,52.9927
61160.0000,6116,2962.3355,0.0000,999,1000,1000,1,53.1475
61170.0000,6117,2962.3416,0.0000,1000,1000,1000,1,53.3023
61180.0000,6118,2962.3477,0.0000,1000,999,1000,1,53.4571
61190.0000,6119,2962.3536,0.0000,1000,1000,1000,1,53.2908
61200.0000,6120,2962.3596,0.0000,1000,1000,1000,1,53.1248
61210.0000,6121,2962.3657,0.0000,1000,1000,1000,1,53.2795
61220.0000,6122,2962.3718,0.0000,999,1000,1000,1,53.4341
61230.0000,6123,2962.3778,0.0000,1000,1000,1000,1,53.3744
61240.0000,6124,2962.3839,0.0000,999,1000,1000,1,53.5290
61250.0000,6125,2962.3898,0.0000,999,1000,1000,1,53.4687
61260.0000,6126,2962.3959,0.0000,1000,1000,1000,1,53.5157
61270.0000,6127,2962.4019,0.0000,999,999,1000,1,53.5626
61280.0000,6128,2962.4079,0.0000,1000,1000,1000,1,53.7171
61290.0000,6129,2962.4140,0.0000,999,1000,1000,1,53.8715
61300.0000,6130,2962.4201,0.0000,999,1000,1000,1,54.0258
61310.0000,6131,2962.4260,0.0000,1000,1000,1000,1,53.9640
61320.0000,6132,2962.4319,0.0000,999,1000,1000,1,54.0102
61330.0000,6133,2962.4379,0.0000,1000,1000,999,1,53.9481
61340.0000,6134,2962.4440,0.0000,1000,1000,1000,1,54.1023
61350.0000,6135,2962.4498,0.0000,1000,999,1000,1,53.9318
61360.0000,6136,2962.4557,0.0000,1000,1000,1000,1,53.7612
61370.0000,6137,2962.4617,0.0000,1000,999,999,1,53.6986
61380.0000,6138,2962.4676,0.0000,999,1000,1000,1,53.7445
61390.0000,6139,2962.4734,0.0000,1000,1000,1000,1,53.5735
61400.0000,6140,2962.4793,0.0000,999,999,999,1,53.5111
61410.0000,6141,2962.4853,0.0000,1000,1000,999,1,53.4484
61420.0000,6142,2962.4912,0.0000,1000,1000,1000,1,53.3858
61430.0000,6143,2962.4972,0.0000,1000,1000,1000,1,53.4316
61440.0000,6144,2962.5033,0.0000,1000,1000,1000,1,53.5857
61450.0000,6145,2962.5091,0.0000,998,999,1000,1,53.5229
61460.0000,6146,2962.5150,0.0000,1000,1000,1000,1,53.4603
61470.0000,6147,2962.5210,0.0000,1000,1000,1000,1,53.5058
61480.0000,6148,2962.5270,0.0000,1000,1000,1000,1,53.6598
61490.0000,6149,2962.5330,0.0000,999,1000,1000,1,53.7051
61500.0000,6150,2962.5388,0.0000,999,999,1000,1,53.7502
61510.0000,6151,2962.5447,0.0000,999,1000,1000,1,53.9041
61520.0000,6152,2962.5507,0.0000,999,1000,1000,1,53.9489
61530.0000,6153,2962.5564,0.0000,999,1000,1000,1,53.7758
61540.0000,6154,2962.5624,0.0000,1000,1000,1000,1,53.8206
61550.0000,6155,2962.5683,0.0000,999,1000,1000,1,53.6476
61560.0000,6156,2962.5743,0.0000,1000,999,999,1,53.6924
61570.0000,6157,2962.5802,0.0000,1000,1000,1000,1,53.8461
61580.0000,6158,2962.5862,0.0000,1000,1000,1000,1,53.9997
61590.0000,6159,2962.5922,0.0000,999,1000,1000,1,54.1533
61600.0000,6160,2962.5981,0.0000,1000,999,1000,1,54.3069
61610.0000,6161,2962.6040,0.0000,1000,1000,1000,1,54.3508
61620.0000,6162,2962.6094,0.0000,998,999,999,1,54.0658
61630.0000,6163,2962.6150,0.0000,999,999,999,1,53.7815
61640.0000,6164,2962.6209,0.0000,999,1000,1000,1,53.8256
61650.0000,6165,2962.6267,0.0000,1000,1000,1000,1,53.7601
61660.0000,6166,2962.6326,0.0000,1000,999,999,1,53.8040
61670.0000,6167,2962.6384,0.0000,1000,1000,1000,1,53.8477
61680.0000,6168,2962.6441,0.0000,999,1000,1000,1,53.4536
61690.0000,6169,2962.6499,0.0000,998,1000,999,1,52.9519
61700.0000,6170,2962.6558,0.0000,999,999,1000,1,53.1053
61710.0000,6171,2962.6615,0.0000,999,1000,999,1,52.8238
61720.0000,6172,2962.6674,0.0000,1000,1000,1000,1,52.8686
61730.0000,6173,2962.6733,0.0000,1000,1000,1000,1,52.9133
61740.0000,6174,2962.6792,0.0000,1000,1000,1000,1,52.8491
61750.0000,6175,2962.6850,0.0000,1000,999,1000,1,52.8940
61760.0000,6176,2962.6909,0.0000,1000,999,1000,1,53.0473
61770.0000,6177,2962.6967,0.0000,999,999,999,1,52.7673
61780.0000,6178,2962.7026,0.0000,1000,1000,1000,1,52.9206
61790.0000,6179,2962.7085,0.0000,999,1000,1000,1,52.8576
61800.0000,6180,2962.7143,0.0000,999,1000,1000,1,52.7947
61810.0000,6181,2962.7202,0.0000,999,999,1000,1,52.9479
61820.0000,6182,2962.7262,0.0000,1000,1000,1000,1,53.1011
61830.0000,6183,2962.7320,0.0000,999,1000,1000,1,52.9295
61840.0000,6184,2962.7380,0.0000,1000,1000,1000,1,53.0827
61850.0000,6185,2962.7439,0.0000,999,999,1000,1,53.2358
61860.0000,6186,2962.7498,0.0000,999,999,1000,1,53.1724
61870.0000,6187,2962.7554,0.0000,999,1000,1000,1,52.8942
61880.0000,6188,2962.7612,0.0000,1000,1000,999,1,52.8321
61890.0000,6189,2962.7671,0.0000,998,999,999,1,52.7701
61900.0000,6190,2962.7730,0.0000,1000,1000,1000,1,52.9231
61910.0000,6191,2962.7788,0.0000,998,1000,1000,1,52.8610
61920.0000,6192,2962.7846,0.0000,998,998,998,1,52.6912
61930.0000,6193,2962.7902,0.0000,998,998,999,1,52.5215
61940.0000,6194,2962.7959,0.0000,1000,1000,1000,1,52.5671
61950.0000,6195,2962.8018,0.0000,999,999,1000,1,52.6127
61960.0000,6196,2962.8077,0.0000,1000,1000,1000,1,52.5513
61970.0000,6197,2962.8136,0.0000,999,999,1000,1,52.5969
61980.0000,6198,2962.8194,0.0000,999,999,1000,1,52.5358
61990.0000,6199,2962.8253,0.0000,999,1000,1000,1,52.6886
62000.0000,6200,2962.8311,0.0000,999,999,1000,1,52.8414
62010.0000,6201,2962.8370,0.0000,1000,1000,1000,1,52.6723
62020.0000,6202,2962.8428,0.0000,1000,1000,1000,1,52.7179
62030.0000,6203,2962.8486,0.0000,1000,1000,1000,1,52.7635
62040.0000,6204,2962.8545,0.0000,999,999,1000,1,52.9162
62050.0000,6205,2962.8604,0.0000,1000,1000,1000,1,52.9616
62060.0000,6206,2962.8663,0.0000,1000,1000,1000,1,53.1142
62070.0000,6207,2962.8722,0.0000,1000,1000,1000,1,53.2667
62080.0000,6208,2962.8780,0.0000,999,1000,999,1,53.2042
62090.0000,6209,2962.8837,0.0000,998,1000,999,1,52.9276
62100.0000,6210,2962.8895,0.0000,999,1000,1000,1,52.8658
62110.0000,6211,2962.8953,0.0000,1000,1000,1000,1,52.8045
62120.0000,6212,2962.9011,0.0000,1000,1000,999,1,52.7431
62130.0000,6213,2962.9068,0.0000,999,1000,999,1,52.6815
62140.0000,6214,2962.9127,0.0000,999,1000,1000,1,52.7270
62150.0000,6215,2962.9184,0.0000,998,999,1000,1,52.6653
62160.0000,6216,2962.9241,0.0000,999,999,999,1,52.4968
62170.0000,6217,2962.9295,0.0000,998,1000,999,1,52.2217
62180.0000,6218,2962.9353,0.0000,999,999,999,1,52.0548
62190.0000,6219,2962.9410,0.0000,999,1000,999,1,51.8888
62200.0000,6220,2962.9469,0.0000,1000,1000,1000,1,52.0412
62210.0000,6221,2962.9527,0.0000,999,1000,1000,1,52.1936
62220.0000,6222,2962.9585,0.0000,1000,1000,1000,1,52.2396
62230.0000,6223,2962.9644,0.0000,1000,999,1000,1,52.2855
62240.0000,6224,2962.9701,0.0000,1000,1000,1000,1,52.2251
62250.0000,6225,2962.9759,0.0000,999,999,1000,1,52.1651
62260.0000,6226,2962.9816,0.0000,999,1000,999,1,51.9994
62270.0000,6227,2962.9874,0.0000,999,1000,1000,1,52.0458
62280.0000,6228,2962.9930,0.0000,998,1000,1000,1,51.9864
62290.0000,6229,2962.9988,0.0000,1000,999,1000,1,52.1386
62300.0000,6230,2963.0045,0.0000,1000,1000,1000,1,52.1848
62310.0000,6231,2963.0102,0.0000,999,1000,1000,1,52.1247
62320.0000,6232,2963.0159,0.0000,1000,999,999,1,51.7479
62330.0000,6233,2963.0215,0.0000,1000,999,1000,1,51.6887
62340.0000,6234,2963.0273,0.0000,1000,1000,1000,1,51.7355
62350.0000,6235,2963.0330,0.0000,999,999,1000,1,51.6766
62360.0000,6236,2963.0388,0.0000,1000,1000,1000,1,51.8287
62370.0000,6237,2963.0446,0.0000,999,1000,1000,1,51.8750
62380.0000,6238,2963.0504,0.0000,1000,1000,1000,1,51.9214
62390.0000,6239,2963.0562,0.0000,999,999,1000,1,52.0733
62400.0000,6240,2963.0619,0.0000,999,1000,1000,1,51.6979
62410.0000,6241,2963.0676,0.0000,1000,1000,1000,1,51.7451
62420.0000,6242,2963.0735,0.0000,1000,1000,1000,1,51.7921
62430.0000,6243,2963.0793,0.0000,1000,1000,1000,1,51.9440
62440.0000,6244,2963.0850,0.0000,1000,1000,1000,1,51.8858
62450.0000,6245,2963.0909,0.0000,999,1000,1000,1,52.0376
62460.0000,6246,2963.0967,0.0000,999,1000,1000,1,52.0844
62470.0000,6247,2963.1025,0.0000,1000,1000,1000,1,52.2361
62480.0000,6248,2963.1083,0.0000,1000,1000,1000,1,52.3878
62490.0000,6249,2963.1141,0.0000,1000,999,1000,1,52.4340
62500.0000,6250,2963.1199,0.0000,999,1000,1000,1,52.5856
62510.0000,6251,2963.1257,0.0000,999,999,999,1,52.6313
62520.0000,6252,2963.1314,0.0000,1000,1000,1000,1,52.5717
62530.0000,6253,2963.1370,0.0000,1000,999,1000,1,52.4077
62540.0000,6254,2963.1427,0.0000,1000,999,1000,1,52.3492
62550.0000,6255,2963.1486,0.0000,1000,1000,1000,1,52.5007
62560.0000,6256,2963.1544,0.0000,1000,1000,1000,1,52.4417
62570.0000,6257,2963.1602,0.0000,1000,1000,1000,1,52.5931
62580.0000,6258,2963.1659,0.0000,999,1000,1000,1,52.3232
62590.0000,6259,2963.1716,0.0000,999,1000,1000,1,52.2639
62600.0000,6260,2963.1769,0.0000,1000,1000,1000,1,51.9944
62610.0000,6261,2963.1827,0.0000,1000,1000,1000,1,51.9355
62620.0000,6262,2963.1883,0.0000,1000,999,999,1,51.7716
62630.0000,6263,2963.1940,0.0000,999,1000,1000,1,51.8180
62640.0000,6264,2963.1998,0.0000,1000,1000,1000,1,51.9694
62650.0000,6265,2963.2055,0.0000,1000,1000,1000,1,52.0154
62660.0000,6266,2963.2112,0.0000,1000,1000,1000,1,52.1667
62670.0000,6267,2963.2170,0.0000,1000,1000,1000,1,52.2125
62680.0000,6268,2963.2227,0.0000,1000,1000,1000,1,52.1526
62690.0000,6269,2963.2283,0.0000,1000,1000,1000,1,52.0936
62700.0000,6270,2963.2341,0.0000,999,999,999,1,52.0349
62710.0000,6271,2963.2398,0.0000,999,999,1000,1,52.0814
62720.0000,6272,2963.2454,0.0000,1000,999,1000,1,51.9195
62730.0000,6273,2963.2510,0.0000,1000,999,1000,1,51.3430
62740.0000,6274,2963.2567,0.0000,1000,999,1000,1,51.4942
62750.0000,6275,2963.2625,0.0000,999,999,1000,1,51.5415
62760.0000,6276,2963.2682,0.0000,1000,1000,1000,1,51.6926
62770.0000,6277,2963.2740,0.0000,999,1000,1000,1,51.8437
62780.0000,6278,2963.2797,0.0000,1000,1000,1000,1,51.8906
62790.0000,6279,2963.2854,0.0000,999,999,999,1,51.9373
62800.0000,6280,2963.2910,0.0000,1000,999,1000,1,52.0882
62810.0000,6281,2963.2965,0.0000,999,998,1000,1,51.9263
62820.0000,6282,2963.3021,0.0000,1000,999,999,1,51.8698
62830.0000,6283,2963.3079,0.0000,1000,1000,1000,1,52.0207
62840.0000,6284,2963.3136,0.0000,999,1000,1000,1,52.0678
62850.0000,6285,2963.3192,0.0000,999,1000,1000,1,52.0110
62860.0000,6286,2963.3248,0.0000,999,999,1000,1,51.9542
62870.0000,6287,2963.3304,0.0000,1000,1000,1000,1,52.0011
62880.0000,6288,2963.3362,0.0000,999,999,1000,1,52.1518
62890.0000,6289,2963.3419,0.0000,999,1000,1000,1,52.0945
62900.0000,6290,2963.3476,0.0000,1000,999,1000,1,52.2452
62910.0000,6291,2963.3533,0.0000,1000,999,1000,1,52.2917
62920.0000,6292,2963.3591,0.0000,999,1000,1000,1,52.4423
62930.0000,6293,2963.3647,0.0000,1000,999,1000,1,52.5929
62940.0000,6294,2963.3704,0.0000,1000,1000,1000,1,52.6388
62950.0000,6295,2963.3761,0.0000,999,999,999,1,52.6846
62960.0000,6296,2963.3817,0.0000,999,1000,1000,1,52.7304
62970.0000,6297,2963.3873,0.0000,1000,1000,1000,1,52.6718
62980.0000,6298,2963.3930,0.0000,999,999,1000,1,52.8222
62990.0000,6299,2963.3987,0.0000,999,1000,1000,1,52.9726
63000.0000,6300,2963.4044,0.0000,999,1000,1000,1,53.1229
63010.0000,6301,2963.4101,0.0000,998,998,1000,1,53.1682
63020.0000,6302,2963.4157,0.0000,999,999,999,1,53.0045
63030.0000,6303,2963.4211,0.0000,1000,999,1000,1,52.8414
63040.0000,6304,2963.4265,0.0000,1000,1000,999,1,52.4699
63050.0000,6305,2963.4322,0.0000,999,1000,1000,1,52.6201
63060.0000,6306,2963.4378,0.0000,999,999,1000,1,52.6660
63070.0000,6307,2963.4434,0.0000,999,999,1000,1,52.7118
63080.0000,6308,2963.4490,0.0000,1000,1000,1000,1,52.5490
63090.0000,6309,2963.4547,0.0000,1000,1000,1000,1,52.6992
63100.0000,6310,2963.4604,0.0000,999,999,1000,1,52.7447
63110.0000,6311,2963.4662,0.0000,1000,1000,1000,1,52.8948
63120.0000,6312,2963.4717,0.0000,999,999,999,1,52.7306
63130.0000,6313,2963.4773,0.0000,998,999,1000,1,52.6712
63140.0000,6314,2963.4829,0.0000,999,1000,1000,1,52.6120
63150.0000,6315,2963.4885,0.0000,999,999,1000,1,52.7620
63160.0000,6316,2963.4941,0.0000,1000,1000,1000,1,52.7026
63170.0000,6317,2963.4997,0.0000,999,1000,1000,1,52.7478
63180.0000,6318,2963.5055,0.0000,1000,1000,1000,1,52.8978
63190.0000,6319,2963.5111,0.0000,1000,1000,1000,1,52.8380
63200.0000,6320,2963.5167,0.0000,998,999,999,1,52.7782
63210.0000,6321,2963.5224,0.0000,1000,1000,1000,1,52.9280
63220.0000,6322,2963.5280,0.0000,999,999,1000,1,52.9728
63230.0000,6323,2963.5335,0.0000,997,998,998,1,52.8075
63240.0000,6324,2963.5391,0.0000,999,1000,1000,1,52.9573
63250.0000,6325,2963.5448,0.0000,1000,1000,1000,1,53.0021
63260.0000,6326,2963.5504,0.0000,999,1000,1000,1,53.0468
63270.0000,6327,2963.5559,0.0000,1000,1000,1000,1,52.8813
63280.0000,6328,2963.5613,0.0000,1000,999,1000,1,52.7158
63290.0000,6329,2963.5671,0.0000,1000,1000,1000,1,52.8654
63300.0000,6330,2963.5727,0.0000,999,1000,1000,1,53.0151
63310.0000,6331,2963.5782,0.0000,1000,999,1000,1,52.6385
63320.0000,6332,2963.5839,0.0000,1000,1000,1000,1,52.4724
63330.0000,6333,2963.5895,0.0000,1000,1000,1000,1,52.6220
63340.0000,6334,2963.5950,0.0000,999,999,1000,1,52.6662
63350.0000,6335,2963.6005,0.0000,1000,1000,1000,1,52.6053
63360.0000,6336,2963.6061,0.0000,999,999,1000,1,52.7548
63370.0000,6337,2963.6116,0.0000,999,1000,1000,1,52.3773
63380.0000,6338,2963.6171,0.0000,999,1000,1000,1,52.4214
63390.0000,6339,2963.6227,0.0000,999,999,1000,1,52.5709
63400.0000,6340,2963.6281,0.0000,998,1000,1000,1,52.5094
63410.0000,6341,2963.6337,0.0000,1000,999,1000,1,52.5534
63420.0000,6342,2963.6392,0.0000,1000,1000,1000,1,52.4917
63430.0000,6343,2963.6449,0.0000,999,1000,1000,1,52.6411
63440.0000,6344,2963.6504,0.0000,1000,1000,1000,1,52.6851
63450.0000,6345,2963.6561,0.0000,1000,1000,1000,1,52.8344
63460.0000,6346,2963.6616,0.0000,999,999,1000,1,52.7724
63470.0000,6347,2963.6671,0.0000,1000,999,1000,1,52.6055
63480.0000,6348,2963.6725,0.0000,999,1000,1000,1,52.3347
63490.0000,6349,2963.6781,0.0000,999,1000,1000,1,52.4839
63500.0000,6350,2963.6837,0.0000,1000,999,1000,1,52.6332
63510.0000,6351,2963.6893,0.0000,999,1000,1000,1,52.7823
63520.0000,6352,2963.6949,0.0000,1000,1000,1000,1,52.8260
63530.0000,6353,2963.7005,0.0000,999,1000,1000,1,52.8697
63540.0000,6354,2963.7061,0.0000,999,1000,1000,1,53.0187
63550.0000,6355,2963.7115,0.0000,999,999,999,1,52.6397
63560.0000,6356,2963.7171,0.0000,999,1000,1000,1,52.6831
63570.0000,6357,2963.7227,0.0000,1000,1000,1000,1,52.7264
63580.0000,6358,2963.7283,0.0000,999,1000,999,1,52.6637
63590.0000,6359,2963.7339,0.0000,1000,999,1000,1,52.8127
63600.0000,6360,2963.7395,0.0000,999,1000,1000,1,52.9616
63610.0000,6361,2963.7451,0.0000,999,999,1000,1,53.1105
63620.0000,6362,2963.7505,0.0000,1000,999,1000,1,52.7296
63630.0000,6363,2963.7560,0.0000,1000,1000,1000,1,52.7724
63640.0000,6364,2963.7616,0.0000,1000,1000,999,1,52.8152
63650.0000,6365,2963.7671,0.0000,998,1000,999,1,52.7522
63660.0000,6366,2963.7724,0.0000,1000,999,1000,1,52.5836
63670.0000,6367,2963.7779,0.0000,999,999,999,1,52.3090
63680.0000,6368,2963.7835,0.0000,1000,1000,1000,1,52.3520
63690.0000,6369,2963.7891,0.0000,999,999,1000,1,52.3948
63700.0000,6370,2963.7947,0.0000,1000,999,1000,1,52.4375
63710.0000,6371,2963.8003,0.0000,999,999,999,1,52.3742
63720.0000,6372,2963.8058,0.0000,999,1000,1000,1,52.4169
63730.0000,6373,2963.8112,0.0000,999,1000,1000,1,52.3537
63740.0000,6374,2963.8167,0.0000,1000,999,1000,1,52.3963
63750.0000,6375,2963.8222,0.0000,1000,999,1000,1,52.3328
63760.0000,6376,2963.8277,0.0000,999,999,1000,1,52.4814
63770.0000,6377,2963.8333,0.0000,999,1000,1000,1,52.5240
63780.0000,6378,2963.8389,0.0000,1000,1000,1000,1,52.6726
63790.0000,6379,2963.8444,0.0000,999,1000,1000,1,52.7149
63800.0000,6380,2963.8500,0.0000,1000,1000,1000,1,52.8634
63810.0000,6381,2963.8556,0.0000,999,1000,1000,1,53.0118
63820.0000,6382,2963.8612,0.0000,999,999,1000,1,52.8405
63830.0000,6383,2963.8666,0.0000,1000,999,1000,1,52.8822
63840.0000,6384,2963.8722,0.0000,1000,1000,1000,1,52.8173
63850.0000,6385,2963.8777,0.0000,1000,1000,1000,1,52.7529
63860.0000,6386,2963.8832,0.0000,1000,1000,1000,1,52.7948
63870.0000,6387,2963.8887,0.0000,999,1000,1000,1,52.8366
63880.0000,6388,2963.8942,0.0000,998,999,999,1,52.7718
63890.0000,6389,2963.8995,0.0000,1000,1000,1000,1,52.8135
63900.0000,6390,2963.9051,0.0000,1000,1000,1000,1,52.9618
63910.0000,6391,2963.9105,0.0000,999,1000,1000,1,52.7904
63920.0000,6392,2963.9158,0.0000,999,999,1000,1,52.2997
63930.0000,6393,2963.9212,0.0000,1000,1000,1000,1,52.2350
63940.0000,6394,2963.9267,0.0000,999,1000,1000,1,52.2767
63950.0000,6395,2963.9321,0.0000,999,1000,1000,1,51.9996
63960.0000,6396,2963.9376,0.0000,999,1000,1000,1,52.0419
63970.0000,6397,2963.9430,0.0000,1000,999,1000,1,51.9778
63980.0000,6398,2963.9484,0.0000,999,999,1000,1,51.9136
63990.0000,6399,2963.9539,0.0000,999,999,1000,1,52.0617
64000.0000,6400,2963.9595,0.0000,999,1000,1000,1,52.2098
64010.0000,6401,2963.9651,0.0000,999,999,999,1,52.1454
64020.0000,6402,2963.9705,0.0000,1000,1000,1000,1,52.2934
64030.0000,6403,2963.9760,0.0000,999,999,1000,1,52.3351
64040.0000,6404,2963.9814,0.0000,999,1000,1000,1,52.1645
64050.0000,6405,2963.9868,0.0000,999,999,999,1,51.9942
64060.0000,6406,2963.9923,0.0000,999,999,1000,1,52.1421
64070.0000,6407,2963.9976,0.0000,1000,1000,999,1,51.7591
64080.0000,6408,2964.0030,0.0000,1000,1000,1000,1,51.8010
64090.0000,6409,2964.0085,0.0000,1000,999,1000,1,51.7367
64100.0000,6410,2964.0139,0.0000,999,1000,1000,1,51.7786
64110.0000,6411,2964.0194,0.0000,999,1000,999,1,51.6089
64120.0000,6412,2964.0248,0.0000,999,1000,1000,1,51.7568
64130.0000,6413,2964.0303,0.0000,1000,1000,1000,1,51.7989
64140.0000,6414,2964.0358,0.0000,999,1000,1000,1,51.8410
64150.0000,6415,2964.0413,0.0000,1000,999,1000,1,51.8831
64160.0000,6416,2964.0467,0.0000,999,1000,1000,1,51.9250
64170.0000,6417,2964.0522,0.0000,999,1000,999,1,51.9668
64180.0000,6418,2964.0576,0.0000,999,999,1000,1,51.9026
64190.0000,6419,2964.0629,0.0000,1000,1000,999,1,51.6295
64200.0000,6420,2964.0684,0.0000,999,1000,1000,1,51.7772
64210.0000,6421,2964.0739,0.0000,1000,1000,1000,1,51.8196
64220.0000,6422,2964.0794,0.0000,999,1000,1000,1,51.9672
64230.0000,6423,2964.0846,0.0000,1000,999,999,1,51.9046
64240.0000,6424,2964.0901,0.0000,999,1000,1000,1,52.0522
64250.0000,6425,2964.0955,0.0000,999,1000,1000,1,52.1997
64260.0000,6426,2964.1010,0.0000,999,999,1000,1,52.2420
64270.0000,6427,2964.1064,0.0000,1000,999,999,1,52.2840
64280.0000,6428,2964.1118,0.0000,999,999,999,1,52.3262
64290.0000,6429,2964.1172,0.0000,1000,1000,999,1,52.3685
64300.0000,6430,2964.1227,0.0000,998,999,999,1,52.4106
64310.0000,6431,2964.1282,0.0000,1000,999,1000,1,52.5579
64320.0000,6432,2964.1336,0.0000,1000,1000,1000,1,52.7052
64330.0000,6433,2964.1390,0.0000,999,999,999,1,52.6417
64340.0000,6434,2964.1445,0.0000,1000,1000,1000,1,52.7890
64350.0000,6435,2964.1500,0.0000,1000,1000,1000,1,52.8310
64360.0000,6436,2964.1553,0.0000,999,1000,1000,1,52.5590
64370.0000,6437,2964.1608,0.0000,1000,1000,1000,1,52.7062
64380.0000,6438,2964.1663,0.0000,999,1000,1000,1,52.8533
64390.0000,6439,2964.1716,0.0000,999,999,1000,1,52.8955
64400.0000,6440,2964.1770,0.0000,999,1000,1000,1,52.8331
64410.0000,6441,2964.1824,0.0000,1000,1000,1000,1,52.9801
64420.0000,6442,2964.1877,0.0000,999,1000,1000,1,52.9174
64430.0000,6443,2964.1932,0.0000,999,1000,1000,1,52.9596
64440.0000,6444,2964.1985,0.0000,1000,1000,999,1,52.7918
64450.0000,6445,2964.2040,0.0000,999,1000,1000,1,52.9387
64460.0000,6446,2964.2094,0.0000,1000,1000,1000,1,52.8754
64470.0000,6447,2964.2149,0.0000,999,999,1000,1,52.9171
64480.0000,6448,2964.2203,0.0000,999,1000,1000,1,52.8542
64490.0000,6449,2964.2257,0.0000,999,999,1000,1,52.8961
64500.0000,6450,2964.2310,0.0000,998,998,998,1,52.6236
64510.0000,6451,2964.2363,0.0000,999,1000,1000,1,52.7704
64520.0000,6452,2964.2416,0.0000,999,1000,1000,1,52.7080
64530.0000,6453,2964.2469,0.0000,1000,1000,1000,1,52.6455
64540.0000,6454,2964.2524,0.0000,999,999,1000,1,52.7923
64550.0000,6455,2964.2576,0.0000,999,999,1000,1,52.3133
64560.0000,6456,2964.2628,0.0000,1000,1000,1000,1,52.1482
64570.0000,6457,2964.2681,0.0000,999,999,1000,1,51.9826
64580.0000,6458,2964.2735,0.0000,1000,1000,1000,1,51.8177
64590.0000,6459,2964.2788,0.0000,1000,1000,1000,1,51.5494
64600.0000,6460,2964.2841,0.0000,1000,999,999,1,51.4888
64610.0000,6461,2964.2895,0.0000,999,999,999,1,51.2211
64620.0000,6462,2964.2949,0.0000,999,999,999,1,51.2644
64630.0000,6463,2964.3001,0.0000,1000,1000,1000,1,51.4111
64640.0000,6464,2964.3056,0.0000,1000,999,1000,1,51.5579
64650.0000,6465,2964.3109,0.0000,999,1000,1000,1,51.3933
64660.0000,6466,2964.3162,0.0000,1000,1000,999,1,51.1254
64670.0000,6467,2964.3216,0.0000,1000,999,1000,1,51.2721
64680.0000,6468,2964.3269,0.0000,1000,1000,1000,1,51.0044
64690.0000,6469,2964.3323,0.0000,1000,1000,1000,1,51.0478
64700.0000,6470,2964.3376,0.0000,999,1000,1000,1,50.7816
64710.0000,6471,2964.3429,0.0000,1000,999,999,1,50.5163
64720.0000,6472,2964.3482,0.0000,1000,999,1000,1,50.3543
64730.0000,6473,2964.3536,0.0000,999,999,1000,1,50.3982
64740.0000,6474,2964.3589,0.0000,999,1000,1000,1,50.1356
64750.0000,6475,2964.3642,0.0000,999,1000,1000,1,50.1802
64760.0000,6476,2964.3696,0.0000,1000,1000,1000,1,50.1225
64770.0000,6477,2964.3750,0.0000,1000,1000,1000,1,50.2692
64780.0000,6478,2964.3803,0.0000,999,999,1000,1,50.4158
64790.0000,6479,2964.3856,0.0000,1000,1000,999,1,50.1543
64800.0000,6480,2964.3910,0.0000,1000,1000,1000,1,50.3008
64810.0000,6481,2964.3965,0.0000,998,999,1000,1,50.3455
64820.0000,6482,2964.4018,0.0000,1000,1000,1000,1,50.2883
64830.0000,6483,2964.4071,0.0000,999,1000,1000,1,50.2313
64840.0000,6484,2964.4125,0.0000,1000,1000,1000,1,50.3778
64850.0000,6485,2964.4178,0.0000,1000,1000,1000,1,50.4224
64860.0000,6486,2964.4232,0.0000,1000,1000,1000,1,50.4670
64870.0000,6487,2964.4285,0.0000,1000,999,999,1,50.4098
64880.0000,6488,2964.4339,0.0000,999,1000,1000,1,50.3531
64890.0000,6489,2964.4393,0.0000,999,999,1000,1,50.4995
64900.0000,6490,2964.4446,0.0000,1000,1000,999,1,50.4426
64910.0000,6491,2964.4499,0.0000,1000,999,1000,1,50.5888
64920.0000,6492,2964.4553,0.0000,1000,1000,1000,1,50.7350
64930.0000,6493,2964.4605,0.0000,1000,1000,1000,1,50.6779
64940.0000,6494,2964.4659,0.0000,1000,1000,1000,1,50.8241
64950.0000,6495,2964.4713,0.0000,1000,1000,1000,1,50.8685
64960.0000,6496,2964.4766,0.0000,998,999,1000,1,50.7090
64970.0000,6497,2964.4820,0.0000,999,1000,1000,1,50.7535
64980.0000,6498,2964.4873,0.0000,1000,1000,1000,1,50.6965
64990.0000,6499,2964.4927,0.0000,999,999,999,1,50.6394
65000.0000,6500,2964.4980,0.0000,999,999,1000,1,50.6839
65010.0000,6501,2964.5032,0.0000,999,999,1000,1,50.4241
65020.0000,6502,2964.5085,0.0000,1000,999,999,1,50.4687
65030.0000,6503,2964.5138,0.0000,999,1000,999,1,50.5134
65040.0000,6504,2964.5189,0.0000,999,999,999,1,50.3553
65050.0000,6505,2964.5242,0.0000,999,1000,1000,1,50.4002
65060.0000,6506,2964.5295,0.0000,1000,1000,1000,1,50.5462
65070.0000,6507,2964.5349,0.0000,1000,999,1000,1,50.4906
65080.0000,6508,2964.5402,0.0000,999,1000,1000,1,50.6365
65090.0000,6509,2964.5455,0.0000,1000,1000,1000,1,50.5811
65100.0000,6510,2964.5509,0.0000,1000,1000,1000,1,50.7269
65110.0000,6511,2964.5562,0.0000,999,1000,1000,1,50.7719
65120.0000,6512,2964.5615,0.0000,1000,999,1000,1,50.9177
65130.0000,6513,2964.5668,0.0000,1000,999,999,1,50.6598
65140.0000,6514,2964.5721,0.0000,1000,1000,1000,1,50.8055
65150.0000,6515,2964.5774,0.0000,999,1000,1000,1,50.9512
65160.0000,6516,2964.5826,0.0000,998,999,998,1,50.7936
65170.0000,6517,2964.5878,0.0000,999,1000,1000,1,50.4363
65180.0000,6518,2964.5931,0.0000,1000,1000,1000,1,50.4818
65190.0000,6519,2964.5984,0.0000,999,1000,1000,1,50.4277
65200.0000,6520,2964.6034,0.0000,999,1000,1000,1,50.2753
65210.0000,6521,2964.6087,0.0000,999,1000,1000,1,50.2227
65220.0000,6522,2964.6140,0.0000,1000,999,1000,1,50.3683
65230.0000,6523,2964.6193,0.0000,1000,1000,1000,1,50.5139
65240.0000,6524,2964.6246,0.0000,999,1000,1000,1,50.5599
65250.0000,6525,2964.6298,0.0000,999,1000,1000,1,50.5066
65260.0000,6526,2964.6351,0.0000,999,1000,1000,1,50.5527
65270.0000,6527,2964.6405,0.0000,999,1000,1000,1,50.6981
65280.0000,6528,2964.6458,0.0000,999,1000,1000,1,50.8436
65290.0000,6529,2964.6511,0.0000,1000,1000,1000,1,50.9889
65300.0000,6530,2964.6562,0.0000,999,999,1000,1,50.8349
65310.0000,6531,2964.6614,0.0000,1000,1000,1000,1,50.8805
65320.0000,6532,2964.6668,0.0000,1000,1000,1000,1,50.9261
65330.0000,6533,2964.6719,0.0000,998,998,998,1,50.6732
65340.0000,6534,2964.6771,0.0000,1000,1000,1000,1,50.7191
65350.0000,6535,2964.6823,0.0000,1000,1000,1000,1,50.7649
65360.0000,6536,2964.6876,0.0000,1000,999,1000,1,50.9101
65370.0000,6537,2964.6929,0.0000,999,1000,1000,1,50.9556
65380.0000,6538,2964.6981,0.0000,1000,1000,1000,1,50.9016
65390.0000,6539,2964.7033,0.0000,999,999,999,1,50.7479
65400.0000,6540,2964.7086,0.0000,1000,1000,1000,1,50.7933
65410.0000,6541,2964.7137,0.0000,1000,1000,1000,1,50.6394
65420.0000,6542,2964.7188,0.0000,998,1000,1000,1,50.4862
65430.0000,6543,2964.7240,0.0000,999,1000,1000,1,50.4325
65440.0000,6544,2964.7293,0.0000,1000,1000,1000,1,50.4782
65450.0000,6545,2964.7347,0.0000,1000,1000,1000,1,50.6233
65460.0000,6546,2964.7400,0.0000,1000,999,1000,1,50.6686
65470.0000,6547,2964.7453,0.0000,999,1000,1000,1,50.8136
65480.0000,6548,2964.7506,0.0000,999,1000,1000,1,50.9585
65490.0000,6549,2964.7559,0.0000,999,1000,1000,1,51.1035
65500.0000,6550,2964.7610,0.0000,1000,1000,1000,1,50.8478
65510.0000,6551,2964.7662,0.0000,999,999,1000,1,50.8926
65520.0000,6552,2964.7715,0.0000,1000,999,1000,1,51.0374
65530.0000,6553,2964.7767,0.0000,1000,1000,1000,1,50.7818
65540.0000,6554,2964.7818,0.0000,999,1000,999,1,50.7271
65550.0000,6555,2964.7868,0.0000,1000,1000,1000,1,50.4728
65560.0000,6556,2964.7920,0.0000,1000,1000,1000,1,50.4188
65570.0000,6557,2964.7972,0.0000,1000,1000,1000,1,50.3658
65580.0000,6558,2964.8024,0.0000,999,1000,1000,1,50.4116
65590.0000,6559,2964.8076,0.0000,1000,999,1000,1,50.4575
65600.0000,6560,2964.8129,0.0000,1000,1000,1000,1,50.6022
65610.0000,6561,2964.8181,0.0000,999,1000,1000,1,50.6477
65620.0000,6562,2964.8233,0.0000,1000,1000,1000,1,50.6930
65630.0000,6563,2964.8286,0.0000,999,999,1000,1,50.8377
65640.0000,6564,2964.8339,0.0000,1000,1000,999,1,50.7835
65650.0000,6565,2964.8390,0.0000,999,999,1000,1,50.5320
65660.0000,6566,2964.8443,0.0000,1000,1000,1000,1,50.4787
65670.0000,6567,2964.8495,0.0000,999,1000,999,1,50.4252
65680.0000,6568,2964.8547,0.0000,1000,1000,1000,1,50.5697
65690.0000,6569,2964.8600,0.0000,1000,999,1000,1,50.7143
65700.0000,6570,2964.8652,0.0000,1000,1000,1000,1,50.7595
65710.0000,6571,2964.8704,0.0000,1000,999,1000,1,50.9039
65720.0000,6572,2964.8756,0.0000,999,1000,1000,1,51.0484
65730.0000,6573,2964.8808,0.0000,1000,1000,1000,1,51.0931
65740.0000,6574,2964.8859,0.0000,1000,999,1000,1,50.9383
65750.0000,6575,2964.8912,0.0000,999,1000,1000,1,51.0827
65760.0000,6576,2964.8964,0.0000,999,1000,1000,1,51.1270
65770.0000,6577,2964.9015,0.0000,999,1000,999,1,50.9712
65780.0000,6578,2964.9067,0.0000,1000,1000,1000,1,51.1154
65790.0000,6579,2964.9119,0.0000,1000,999,1000,1,51.1594
65800.0000,6580,2964.9170,0.0000,1000,1000,1000,1,51.1033
65810.0000,6581,2964.9222,0.0000,1000,1000,1000,1,50.9473
65820.0000,6582,2964.9275,0.0000,999,1000,1000,1,50.9914
65830.0000,6583,2964.9326,0.0000,999,1000,1000,1,50.7351
65840.0000,6584,2964.9378,0.0000,1000,1000,1000,1,50.7793
65850.0000,6585,2964.9430,0.0000,999,1000,1000,1,50.7230
65860.0000,6586,2964.9482,0.0000,1000,1000,1000,1,50.7670
65870.0000,6587,2964.9535,0.0000,999,1000,1000,1,50.9111
65880.0000,6588,2964.9587,0.0000,1000,1000,1000,1,51.0551
65890.0000,6589,2964.9640,0.0000,999,1000,1000,1,51.1992
65900.0000,6590,2964.9690,0.0000,999,999,1000,1,50.7398
65910.0000,6591,2964.9741,0.0000,998,999,999,1,50.5836
65920.0000,6592,2964.9792,0.0000,999,1000,1000,1,50.4280
65930.0000,6593,2964.9843,0.0000,1000,1000,1000,1,50.3723
65940.0000,6594,2964.9895,0.0000,1000,999,1000,1,50.5163
65950.0000,6595,2964.9945,0.0000,1000,999,1000,1,50.3607
65960.0000,6596,2964.9996,0.0000,998,1000,1000,1,50.3056
65970.0000,6597,2965.0048,0.0000,1000,1000,1000,1,50.4496
65980.0000,6598,2965.0100,0.0000,1000,1000,999,1,50.4937
65990.0000,6599,2965.0150,0.0000,1000,1000,1000,1,50.4382
66000.0000,6600,2965.0202,0.0000,1000,999,1000,1,50.4824
66010.0000,6601,2965.0254,0.0000,999,1000,1000,1,50.5267
66020.0000,6602,2965.0306,0.0000,999,1000,1000,1,50.6705
66030.0000,6603,2965.0357,0.0000,999,1000,1000,1,50.7146
66040.0000,6604,2965.0410,0.0000,1000,999,1000,1,50.7587
66050.0000,6605,2965.0461,0.0000,1000,1000,1000,1,50.6032
66060.0000,6606,2965.0513,0.0000,1000,1000,1000,1,50.5474
66070.0000,6607,2965.0565,0.0000,999,1000,1000,1,50.6911
66080.0000,6608,2965.0616,0.0000,1000,999,999,1,50.7348
66090.0000,6609,2965.0668,0.0000,1000,1000,1000,1,50.7784
66100.0000,6610,2965.0719,0.0000,1000,1000,1000,1,50.8219
66110.0000,6611,2965.0770,0.0000,998,999,999,1,50.7651
66120.0000,6612,2965.0818,0.0000,999,999,1000,1,50.4089
66130.0000,6613,2965.0870,0.0000,1000,1000,1000,1,50.4526
66140.0000,6614,2965.0922,0.0000,1000,1000,1000,1,50.5962
66150.0000,6615,2965.0974,0.0000,999,1000,1000,1,50.7397
66160.0000,6616,2965.1025,0.0000,999,1000,1000,1,50.6831
66170.0000,6617,2965.1076,0.0000,999,1000,999,1,50.4275
66180.0000,6618,2965.1127,0.0000,999,1000,1000,1,50.5710
66190.0000,6619,2965.1179,0.0000,999,1000,1000,1,50.6147
66200.0000,6620,2965.1230,0.0000,1000,1000,1000,1,50.5588
66210.0000,6621,2965.1282,0.0000,1000,1000,1000,1,50.7022
66220.0000,6622,2965.1333,0.0000,1000,999,1000,1,50.6462
66230.0000,6623,2965.1384,0.0000,999,1000,1000,1,50.7895
66240.0000,6624,2965.1433,0.0000,999,999,999,1,50.7329
66250.0000,6625,2965.1483,0.0000,1000,1000,1000,1,50.5773
66260.0000,6626,2965.1534,0.0000,999,1000,1000,1,50.7206
66270.0000,6627,2965.1586,0.0000,999,1000,1000,1,50.8638
66280.0000,6628,2965.1638,0.0000,999,999,1000,1,50.8074
66290.0000,6629,2965.1690,0.0000,999,999,1000,1,50.9506
66300.0000,6630,2965.1740,0.0000,1000,999,1000,1,50.8943
66310.0000,6631,2965.1792,0.0000,1000,999,999,1,50.9378
66320.0000,6632,2965.1843,0.0000,1000,1000,1000,1,51.0809
66330.0000,6633,2965.1895,0.0000,1000,999,1000,1,51.1242
66340.0000,6634,2965.1945,0.0000,1000,1000,1000,1,51.0675
66350.0000,6635,2965.1996,0.0000,999,1000,1000,1,51.0108
66360.0000,6636,2965.2048,0.0000,1000,1000,1000,1,51.1538
66370.0000,6637,2965.2099,0.0000,999,999,1000,1,51.1969
66380.0000,6638,2965.2151,0.0000,999,1000,1000,1,51.3399
66390.0000,6639,2965.2202,0.0000,999,999,1000,1,51.3827
66400.0000,6640,2965.2253,0.0000,999,999,999,1,51.3253
66410.0000,6641,2965.2303,0.0000,1000,1000,1000,1,51.3680
66420.0000,6642,2965.2355,0.0000,999,999,1000,1,51.5108
66430.0000,6643,2965.2406,0.0000,999,999,1000,1,51.4527
66440.0000,6644,2965.2456,0.0000,999,999,1000,1,51.2950
66450.0000,6645,2965.2505,0.0000,999,999,999,1,51.1376
66460.0000,6646,2965.2556,0.0000,1000,999,1000,1,50.9805
66470.0000,6647,2965.2607,0.0000,1000,1000,1000,1,51.1232
66480.0000,6648,2965.2659,0.0000,1000,1000,1000,1,51.2660
66490.0000,6649,2965.2710,0.0000,1000,1000,1000,1,51.3085
66500.0000,6650,2965.2762,0.0000,1000,1000,1000,1,51.4511
66510.0000,6651,2965.2811,0.0000,999,1000,1000,1,51.0924
66520.0000,6652,2965.2862,0.0000,999,999,1000,1,51.1347
66530.0000,6653,2965.2912,0.0000,999,1000,1000,1,51.0764
66540.0000,6654,2965.2962,0.0000,1000,1000,1000,1,50.9178
66550.0000,6655,2965.3013,0.0000,1000,1000,1000,1,51.0604
66560.0000,6656,2965.3063,0.0000,1000,1000,1000,1,51.0021
66570.0000,6657,2965.3114,0.0000,1000,999,1000,1,50.9436
66580.0000,6658,2965.3165,0.0000,1000,1000,1000,1,50.8854
66590.0000,6659,2965.3215,0.0000,1000,1000,1000,1,50.9275
66600.0000,6660,2965.3265,0.0000,999,1000,1000,1,50.7690
66610.0000,6661,2965.3317,0.0000,999,1000,1000,1,50.9116
66620.0000,6662,2965.3368,0.0000,999,999,1000,1,51.0540
66630.0000,6663,2965.3418,0.0000,1000,999,1000,1,50.9954
66640.0000,6664,2965.3469,0.0000,999,999,1000,1,50.9371
66650.0000,6665,2965.3519,0.0000,999,1000,1000,1,51.0795
66660.0000,6666,2965.3570,0.0000,999,999,999,1,51.1212
66670.0000,6667,2965.3620,0.0000,1000,1000,1000,1,51.1630
66680.0000,6668,2965.3671,0.0000,999,999,999,1,51.2045
66690.0000,6669,2965.3721,0.0000,999,999,1000,1,51.1455
66700.0000,6670,2965.3771,0.0000,999,1000,1000,1,51.0865
66710.0000,6671,2965.3821,0.0000,999,1000,1000,1,51.1281
66720.0000,6672,2965.3871,0.0000,1000,1000,1000,1,51.0691
66730.0000,6673,2965.3921,0.0000,1000,1000,1000,1,51.1106
66740.0000,6674,2965.3972,0.0000,999,999,1000,1,51.2527
66750.0000,6675,2965.4022,0.0000,999,1000,1000,1,51.0924
66760.0000,6676,2965.4072,0.0000,998,1000,1000,1,51.1337
66770.0000,6677,2965.4123,0.0000,999,999,1000,1,51.1750
66780.0000,6678,2965.4173,0.0000,1000,1000,999,1,51.2163
66790.0000,6679,2965.4223,0.0000,999,1000,1000,1,51.3583
66800.0000,6680,2965.4272,0.0000,998,999,999,1,51.1982
66810.0000,6681,2965.4321,0.0000,1000,999,1000,1,51.3402
66820.0000,6682,2965.4371,0.0000,999,1000,1000,1,51.3814
66830.0000,6683,2965.4420,0.0000,999,1000,1000,1,50.8214
66840.0000,6684,2965.4471,0.0000,999,1000,1000,1,50.9634
66850.0000,6685,2965.4522,0.0000,999,1000,1000,1,51.1054
66860.0000,6686,2965.4571,0.0000,999,999,999,1,50.9463
66870.0000,6687,2965.4621,0.0000,999,1000,1000,1,50.8876
66880.0000,6688,2965.4672,0.0000,1000,1000,1000,1,51.0295
66890.0000,6689,2965.4721,0.0000,999,1000,1000,1,50.9705
66900.0000,6690,2965.4771,0.0000,998,999,999,1,50.9118
66910.0000,6691,2965.4821,0.0000,1000,1000,1000,1,51.0536
66920.0000,6692,2965.4872,0.0000,999,1000,1000,1,51.0952
66930.0000,6693,2965.4922,0.0000,1000,1000,1000,1,51.1366
66940.0000,6694,2965.4972,0.0000,999,999,999,1,51.0773
66950.0000,6695,2965.5020,0.0000,998,1000,1000,1,51.0190
66960.0000,6696,2965.5069,0.0000,1000,1000,1000,1,50.9612
66970.0000,6697,2965.5118,0.0000,999,1000,1000,1,51.0030
66980.0000,6698,2965.5168,0.0000,999,1000,1000,1,51.0448
66990.0000,6699,2965.5219,0.0000,999,1000,1000,1,51.1865
67000.0000,6700,2965.5268,0.0000,999,999,1000,1,51.2280
67010.0000,6701,2965.5319,0.0000,1000,1000,1000,1,51.3696
67020.0000,6702,2965.5369,0.0000,999,1000,1000,1,51.4108
67030.0000,6703,2965.5419,0.0000,999,1000,1000,1,51.4519
67040.0000,6704,2965.5470,0.0000,1000,1000,1000,1,51.5933
67050.0000,6705,2965.5520,0.0000,1000,1000,1000,1,51.7348
67060.0000,6706,2965.5569,0.0000,999,1000,999,1,51.6749
67070.0000,6707,2965.5619,0.0000,998,1000,999,1,51.7157
67080.0000,6708,2965.5667,0.0000,1000,999,1000,1,51.6559
67090.0000,6709,2965.5718,0.0000,999,1000,1000,1,51.7973
67100.0000,6710,2965.5768,0.0000,999,1000,1000,1,51.7374
67110.0000,6711,2965.5818,0.0000,1000,1000,1000,1,51.7782
67120.0000,6712,2965.5868,0.0000,1000,1000,1000,1,51.9195
67130.0000,6713,2965.5917,0.0000,1000,1000,1000,1,51.3557
67140.0000,6714,2965.5968,0.0000,999,999,1000,1,51.4970
67150.0000,6715,2965.6017,0.0000,1000,1000,1000,1,51.3363
67160.0000,6716,2965.6066,0.0000,1000,1000,1000,1,51.2774
67170.0000,6717,2965.6115,0.0000,999,999,1000,1,51.2192
67180.0000,6718,2965.6164,0.0000,999,999,1000,1,51.0619
67190.0000,6719,2965.6213,0.0000,1000,1000,1000,1,51.0041
67200.0000,6720,2965.6263,0.0000,1000,1000,1000,1,50.9463
67210.0000,6721,2965.6312,0.0000,999,1000,1000,1,50.9878
67220.0000,6722,2965.6362,0.0000,999,1000,1000,1,50.7306
67230.0000,6723,2965.6412,0.0000,999,1000,1000,1,50.7722
67240.0000,6724,2965.6462,0.0000,1000,1000,1000,1,50.8136
67250.0000,6725,2965.6511,0.0000,999,999,999,1,50.8548
67260.0000,6726,2965.6561,0.0000,999,999,1000,1,50.8959
67270.0000,6727,2965.6611,0.0000,999,1000,1000,1,50.9370
67280.0000,6728,2965.6661,0.0000,1000,999,1000,1,51.0781
67290.0000,6729,2965.6710,0.0000,999,1000,1000,1,51.1189
67300.0000,6730,2965.6760,0.0000,1000,1000,1000,1,51.2599
67310.0000,6731,2965.6810,0.0000,1000,1000,1000,1,51.4008
67320.0000,6732,2965.6860,0.0000,1000,1000,1000,1,51.5417
67330.0000,6733,2965.6910,0.0000,1000,1000,1000,1,51.5820
67340.0000,6734,2965.6960,0.0000,1000,1000,1000,1,51.5216
67350.0000,6735,2965.7010,0.0000,999,1000,999,1,51.5619
67360.0000,6736,2965.7060,0.0000,1000,1000,1000,1,51.5018
67370.0000,6737,2965.7110,0.0000,1000,1000,999,1,51.5421
67380.0000,6738,2965.7157,0.0000,999,999,1000,1,51.3816
67390.0000,6739,2965.7207,0.0000,999,1000,1000,1,51.5224
67400.0000,6740,2965.7257,0.0000,1000,999,1000,1,51.5627
67410.0000,6741,2965.7305,0.0000,999,1000,1000,1,51.6030
67420.0000,6742,2965.7355,0.0000,999,999,999,1,51.6430
67430.0000,6743,2965.7404,0.0000,999,999,999,1,51.5824
67440.0000,6744,2965.7453,0.0000,1000,1000,1000,1,51.6224
67450.0000,6745,2965.7501,0.0000,999,1000,1000,1,51.4607
67460.0000,6746,2965.7550,0.0000,999,1000,1000,1,51.3999
67470.0000,6747,2965.7600,0.0000,1000,999,999,1,51.4397
67480.0000,6748,2965.7649,0.0000,1000,1000,1000,1,51.4794
67490.0000,6749,2965.7699,0.0000,1000,1000,1000,1,51.6199
67500.0000,6750,2965.7749,0.0000,1000,1000,1000,1,51.6594
67510.0000,6751,2965.7799,0.0000,1000,1000,1000,1,51.7999
67520.0000,6752,2965.7849,0.0000,1000,1000,1000,1,51.9403
67530.0000,6753,2965.7898,0.0000,999,1000,1000,1,52.0807
67540.0000,6754,2965.7948,0.0000,1000,1000,1000,1,52.2211
67550.0000,6755,2965.7998,0.0000,1000,1000,1000,1,52.3614
67560.0000,6756,2965.8046,0.0000,998,998,998,1,51.9937
67570.0000,6757,2965.8092,0.0000,999,999,1000,1,51.9314
67580.0000,6758,2965.8142,0.0000,999,1000,1000,1,51.9705
67590.0000,6759,2965.8192,0.0000,999,999,1000,1,52.1107
67600.0000,6760,2965.8241,0.0000,1000,1000,1000,1,52.2509
67610.0000,6761,2965.8291,0.0000,1000,1000,1000,1,52.2895
67620.0000,6762,2965.8340,0.0000,998,998,999,1,52.0236
67630.0000,6763,2965.8387,0.0000,999,999,1000,1,51.8597
67640.0000,6764,2965.8437,0.0000,999,999,1000,1,51.8986
67650.0000,6765,2965.8485,0.0000,1000,1000,1000,1,51.8362
67660.0000,6766,2965.8534,0.0000,1000,1000,1000,1,51.7740
67670.0000,6767,2965.8583,0.0000,999,999,1000,1,51.8128
67680.0000,6768,2965.8630,0.0000,999,999,1000,1,51.8515
67690.0000,6769,2965.8679,0.0000,999,999,1000,1,51.8900
67700.0000,6770,2965.8728,0.0000,999,1000,1000,1,51.7255
67710.0000,6771,2965.8776,0.0000,999,999,1000,1,51.6634
67720.0000,6772,2965.8822,0.0000,998,1000,1000,1,51.2978
67730.0000,6773,2965.8871,0.0000,1000,1000,1000,1,51.4378
67740.0000,6774,2965.8918,0.0000,998,1000,1000,1,51.1735
67750.0000,6775,2965.8968,0.0000,1000,1000,1000,1,51.1114
67760.0000,6776,2965.9016,0.0000,999,999,1000,1,51.1503
67770.0000,6777,2965.9066,0.0000,999,999,1000,1,51.1890
67780.0000,6778,2965.9114,0.0000,999,1000,1000,1,51.0252
67790.0000,6779,2965.9161,0.0000,999,999,999,1,50.7602
67800.0000,6780,2965.9210,0.0000,999,1000,1000,1,50.7989
67810.0000,6781,2965.9258,0.0000,999,999,1000,1,50.7365
67820.0000,6782,2965.9307,0.0000,999,999,1000,1,50.6741
67830.0000,6783,2965.9356,0.0000,999,999,1000,1,50.8140
67840.0000,6784,2965.9404,0.0000,999,1000,1000,1,50.7511
67850.0000,6785,2965.9453,0.0000,1000,1000,1000,1,50.7895
67860.0000,6786,2965.9501,0.0000,999,999,1000,1,50.8281
67870.0000,6787,2965.9550,0.0000,1000,1000,1000,1,50.7660
67880.0000,6788,2965.9600,0.0000,1000,1000,1000,1,50.9059
67890.0000,6789,2965.9648,0.0000,1000,1000,999,1,50.9445
67900.0000,6790,2965.9697,0.0000,1000,1000,1000,1,50.9831
67910.0000,6791,2965.9747,0.0000,999,1000,1000,1,51.1229
67920.0000,6792,2965.9796,0.0000,1000,1000,1000,1,51.2626
67930.0000,6793,2965.9846,0.0000,1000,1000,1000,1,51.4022
67940.0000,6794,2965.9895,0.0000,999,1000,1000,1,51.4403
67950.0000,6795,2965.9944,0.0000,999,1000,1000,1,51.5799
67960.0000,6796,2965.9992,0.0000,1000,999,1000,1,51.5158
67970.0000,6797,2966.0041,0.0000,999,1000,1000,1,51.4516
67980.0000,6798,2966.0090,0.0000,999,1000,1000,1,51.5911
67990.0000,6799,2966.0139,0.0000,1000,1000,1000,1,51.6286
68000.0000,6800,2966.0188,0.0000,999,1000,999,1,51.5642
68010.0000,6801,2966.0236,0.0000,1000,999,1000,1,51.7037
68020.0000,6802,2966.0284,0.0000,1000,999,1000,1,51.6392
68030.0000,6803,2966.0332,0.0000,999,1000,1000,1,51.6766
68040.0000,6804,2966.0379,0.0000,1000,999,1000,1,51.6122
68050.0000,6805,2966.0427,0.0000,1000,999,999,1,51.4460
68060.0000,6806,2966.0475,0.0000,1000,1000,1000,1,51.3820
68070.0000,6807,2966.0523,0.0000,999,1000,1000,1,51.5214
68080.0000,6808,2966.0573,0.0000,1000,1000,1000,1,51.6607
68090.0000,6809,2966.0622,0.0000,999,1000,1000,1,51.8000
68100.0000,6810,2966.0671,0.0000,999,1000,1000,1,51.8372
68110.0000,6811,2966.0719,0.0000,1000,1000,1000,1,51.5688
68120.0000,6812,2966.0768,0.0000,1000,1000,1000,1,51.7080
68130.0000,6813,2966.0815,0.0000,999,1000,1000,1,51.6436
68140.0000,6814,2966.0863,0.0000,1000,999,1000,1,51.5791
68150.0000,6815,2966.0910,0.0000,998,998,1000,1,51.6166
68160.0000,6816,2966.0957,0.0000,999,999,1000,1,51.4512
68170.0000,6817,2966.1006,0.0000,999,999,1000,1,51.4891
68180.0000,6818,2966.1055,0.0000,1000,1000,1000,1,51.6282
68190.0000,6819,2966.1103,0.0000,999,999,999,1,51.6658
68200.0000,6820,2966.1149,0.0000,999,999,999,1,51.5017
68210.0000,6821,2966.1197,0.0000,999,999,1000,1,51.6408
68220.0000,6822,2966.1245,0.0000,999,1000,999,1,51.3764
68230.0000,6823,2966.1291,0.0000,1000,999,1000,1,51.4145
68240.0000,6824,2966.1339,0.0000,1000,1000,1000,1,51.4528
68250.0000,6825,2966.1388,0.0000,1000,1000,1000,1,51.4908
68260.0000,6826,2966.1437,0.0000,1000,1000,1000,1,51.6297
68270.0000,6827,2966.1486,0.0000,1000,1000,1000,1,51.7687
68280.0000,6828,2966.1534,0.0000,1000,1000,1000,1,51.7050
68290.0000,6829,2966.1582,0.0000,1000,1000,1000,1,51.7426
68300.0000,6830,2966.1629,0.0000,1000,1000,1000,1,51.2747
68310.0000,6831,2966.1677,0.0000,999,999,1000,1,51.4136
68320.0000,6832,2966.1724,0.0000,999,999,1000,1,51.3503
68330.0000,6833,2966.1772,0.0000,999,999,1000,1,51.2869
68340.0000,6834,2966.1818,0.0000,999,1000,1000,1,50.8210
68350.0000,6835,2966.1866,0.0000,999,999,1000,1,50.8594
68360.0000,6836,2966.1915,0.0000,999,1000,1000,1,50.8980
68370.0000,6837,2966.1963,0.0000,999,999,1000,1,51.0368
68380.0000,6838,2966.2011,0.0000,999,999,1000,1,51.0753
68390.0000,6839,2966.2059,0.0000,999,999,999,1,50.8129
68400.0000,6840,2966.2107,0.0000,999,1000,1000,1,50.8515
68410.0000,6841,2966.2154,0.0000,1000,1000,1000,1,50.6897
68420.0000,6842,2966.2203,0.0000,1000,1000,1000,1,50.8284
68430.0000,6843,2966.2250,0.0000,1000,999,999,1,50.7678
68440.0000,6844,2966.2297,0.0000,1000,999,1000,1,50.8068
68450.0000,6845,2966.2345,0.0000,999,1000,1000,1,50.6464
68460.0000,6846,2966.2392,0.0000,1000,1000,1000,1,50.6853
68470.0000,6847,2966.2441,0.0000,999,1000,1000,1,50.8240
68480.0000,6848,2966.2489,0.0000,1000,999,1000,1,50.9626
68490.0000,6849,2966.2536,0.0000,999,1000,1000,1,51.0010
68500.0000,6850,2966.2583,0.0000,999,999,999,1,50.8391
68510.0000,6851,2966.2631,0.0000,999,1000,1000,1,50.6779
68520.0000,6852,2966.2679,0.0000,999,1000,1000,1,50.6166
68530.0000,6853,2966.2726,0.0000,999,999,1000,1,50.5553
68540.0000,6854,2966.2773,0.0000,999,999,1000,1,50.5937
68550.0000,6855,2966.2821,0.0000,999,1000,1000,1,50.7322
68560.0000,6856,2966.2869,0.0000,1000,1000,1000,1,50.5700
68570.0000,6857,2966.2917,0.0000,999,999,1000,1,50.7085
68580.0000,6858,2966.2964,0.0000,999,1000,1000,1,50.6459
68590.0000,6859,2966.3012,0.0000,1000,999,1000,1,50.5835
68600.0000,6860,2966.3059,0.0000,1000,999,999,1,50.4207
68610.0000,6861,2966.3105,0.0000,999,1000,999,1,50.3582
68620.0000,6862,2966.3153,0.0000,999,999,1000,1,50.3962
68630.0000,6863,2966.3199,0.0000,999,998,998,1,50.3339
68640.0000,6864,2966.3246,0.0000,999,1000,1000,1,50.3720
68650.0000,6865,2966.3294,0.0000,999,999,1000,1,50.4102
68660.0000,6866,2966.3342,0.0000,1000,1000,1000,1,50.4482
68670.0000,6867,2966.3390,0.0000,1000,1000,1000,1,50.4861
68680.0000,6868,2966.3436,0.0000,1000,1000,1000,1,50.5240
68690.0000,6869,2966.3483,0.0000,1000,999,1000,1,50.4613
68700.0000,6870,2966.3530,0.0000,999,999,1000,1,50.2991
68710.0000,6871,2966.3578,0.0000,999,1000,1000,1,50.4373
68720.0000,6872,2966.3626,0.0000,999,999,1000,1,50.3755
68730.0000,6873,2966.3673,0.0000,1000,1000,1000,1,50.4137
68740.0000,6874,2966.3721,0.0000,999,1000,1000,1,50.4519
68750.0000,6875,2966.3769,0.0000,1000,1000,1000,1,50.4899
68760.0000,6876,2966.3815,0.0000,998,999,1000,1,50.2274
68770.0000,6877,2966.3863,0.0000,999,1000,1000,1,50.3655
68780.0000,6878,2966.3909,0.0000,999,999,1000,1,50.4034
68790.0000,6879,2966.3958,0.0000,1000,1000,1000,1,50.3412
68800.0000,6880,2966.4006,0.0000,1000,1000,1000,1,50.3791
68810.0000,6881,2966.4053,0.0000,1000,1000,1000,1,50.2170
68820.0000,6882,2966.4100,0.0000,1000,1000,1000,1,50.2549
68830.0000,6883,2966.4147,0.0000,999,1000,1000,1,50.0923
68840.0000,6884,2966.4195,0.0000,999,999,1000,1,50.2303
68850.0000,6885,2966.4242,0.0000,999,1000,1000,1,50.3683
68860.0000,6886,2966.4290,0.0000,999,1000,1000,1,50.2053
68870.0000,6887,2966.4337,0.0000,999,1000,1000,1,50.2430
68880.0000,6888,2966.4383,0.0000,1000,1000,1000,1,50.0807
68890.0000,6889,2966.4431,0.0000,999,999,1000,1,50.0189
68900.0000,6890,2966.4478,0.0000,1000,999,1000,1,50.0569
68910.0000,6891,2966.4524,0.0000,997,998,999,1,49.5002
68920.0000,6892,2966.4570,0.0000,1000,1000,1000,1,49.5391
68930.0000,6893,2966.4618,0.0000,1000,1000,1000,1,49.5779
68940.0000,6894,2966.4665,0.0000,999,1000,1000,1,49.6166
68950.0000,6895,2966.4713,0.0000,1000,1000,1000,1,49.6552
68960.0000,6896,2966.4760,0.0000,999,999,1000,1,49.7931
68970.0000,6897,2966.4808,0.0000,1000,1000,1000,1,49.7321
68980.0000,6898,2966.4854,0.0000,1000,999,1000,1,49.7704
68990.0000,6899,2966.4902,0.0000,1000,1000,1000,1,49.9082
69000.0000,6900,2966.4941,0.0000,997,998,998,1,49.3504
69010.0000,6901,2966.4985,0.0000,1000,1000,1000,1,49.3889
69020.0000,6902,2966.5033,0.0000,999,1000,1000,1,49.5266
69030.0000,6903,2966.5080,0.0000,1000,1000,1000,1,49.4657
69040.0000,6904,2966.5127,0.0000,999,1000,1000,1,49.5038
69050.0000,6905,2966.5174,0.0000,1000,1000,1000,1,49.5419
69060.0000,6906,2966.5222,0.0000,999,999,1000,1,49.5799
69070.0000,6907,2966.5269,0.0000,1000,1000,1000,1,49.7175
69080.0000,6908,2966.5317,0.0000,998,999,999,1,49.6553
69090.0000,6909,2966.5362,0.0000,1000,1000,1000,1,49.3939
69100.0000,6910,2966.5408,0.0000,998,1000,1000,1,49.0352
69110.0000,6911,2966.5455,0.0000,1000,1000,1000,1,49.0736
69120.0000,6912,2966.5501,0.0000,1000,999,1000,1,49.1120
69130.0000,6913,2966.5548,0.0000,999,1000,1000,1,49.1503
69140.0000,6914,2966.5595,0.0000,999,1000,1000,1,49.1885
69150.0000,6915,2966.5641,0.0000,999,999,1000,1,49.0281
69160.0000,6916,2966.5687,0.0000,999,1000,1000,1,48.9676
69170.0000,6917,2966.5735,0.0000,1000,1000,1000,1,49.1051
69180.0000,6918,2966.5781,0.0000,999,999,1000,1,49.1433
69190.0000,6919,2966.5828,0.0000,1000,1000,1000,1,49.2808
69200.0000,6920,2966.5876,0.0000,1000,1000,1000,1,49.4181
69210.0000,6921,2966.5923,0.0000,999,1000,1000,1,49.5555
69220.0000,6922,2966.5970,0.0000,1000,999,1000,1,49.5931
69230.0000,6923,2966.6017,0.0000,999,999,1000,1,49.6305
69240.0000,6924,2966.6064,0.0000,999,1000,999,1,49.5680
69250.0000,6925,2966.6111,0.0000,1000,999,1000,1,49.6052
69260.0000,6926,2966.6157,0.0000,1000,999,1000,1,49.6425
69270.0000,6927,2966.6203,0.0000,1000,1000,1000,1,49.5798
69280.0000,6928,2966.6251,0.0000,1000,999,1000,1,49.6169
69290.0000,6929,2966.6297,0.0000,999,999,1000,1,49.5544
69300.0000,6930,2966.6344,0.0000,999,1000,1000,1,49.5919
69310.0000,6931,2966.6392,0.0000,1000,1000,1000,1,49.7290
69320.0000,6932,2966.6438,0.0000,998,999,999,1,49.5666
69330.0000,6933,2966.6484,0.0000,999,1000,1000,1,49.5040
69340.0000,6934,2966.6531,0.0000,1000,999,1000,1,49.5413
69350.0000,6935,2966.6577,0.0000,999,999,1000,1,49.3797
69360.0000,6936,2966.6623,0.0000,1000,999,1000,1,49.3190
69370.0000,6937,2966.6668,0.0000,999,999,999,1,49.2586
69380.0000,6938,2966.6714,0.0000,999,1000,1000,1,49.1981
69390.0000,6939,2966.6761,0.0000,999,999,1000,1,49.1377
69400.0000,6940,2966.6807,0.0000,999,999,1000,1,49.1759
69410.0000,6941,2966.6853,0.0000,999,1000,1000,1,49.2142
69420.0000,6942,2966.6899,0.0000,999,999,1000,1,49.1538
69430.0000,6943,2966.6945,0.0000,1000,1000,1000,1,49.1920
69440.0000,6944,2966.6992,0.0000,1000,1000,1000,1,49.3289
69450.0000,6945,2966.7039,0.0000,1000,999,1000,1,49.2681
69460.0000,6946,2966.7086,0.0000,1000,1000,1000,1,49.4049
69470.0000,6947,2966.7133,0.0000,1000,1000,1000,1,49.5418
69480.0000,6948,2966.7180,0.0000,1000,1000,1000,1,49.4803
69490.0000,6949,2966.7226,0.0000,999,999,1000,1,49.5178
69500.0000,6950,2966.7272,0.0000,999,999,1000,1,49.4560
69510.0000,6951,2966.7317,0.0000,999,1000,999,1,49.2948
69520.0000,6952,2966.7364,0.0000,999,999,1000,1,49.3323
69530.0000,6953,2966.7409,0.0000,999,1000,1000,1,48.8751
69540.0000,6954,2966.7456,0.0000,1000,1000,1000,1,49.0119
69550.0000,6955,2966.7503,0.0000,999,1000,1000,1,49.0498
69560.0000,6956,2966.7547,0.0000,999,999,1000,1,48.9890
69570.0000,6957,2966.7593,0.0000,999,999,1000,1,49.0270
69580.0000,6958,2966.7639,0.0000,998,999,1000,1,48.8674
69590.0000,6959,2966.7685,0.0000,1000,1000,1000,1,49.0041
69600.0000,6960,2966.7731,0.0000,999,999,1000,1,48.9431
69610.0000,6961,2966.7777,0.0000,999,999,999,1,48.9808
69620.0000,6962,2966.7823,0.0000,999,1000,1000,1,48.9194
69630.0000,6963,2966.7869,0.0000,1000,1000,1000,1,48.7587
69640.0000,6964,2966.7916,0.0000,999,1000,1000,1,48.6973
69650.0000,6965,2966.7962,0.0000,999,999,999,1,48.6367
69660.0000,6966,2966.8009,0.0000,1000,1000,1000,1,48.6750
69670.0000,6967,2966.8055,0.0000,1000,1000,1000,1,48.8115
69680.0000,6968,2966.8102,0.0000,999,1000,1000,1,48.8495
69690.0000,6969,2966.8148,0.0000,999,1000,1000,1,48.8873
69700.0000,6970,2966.8194,0.0000,1000,1000,1000,1,48.9251
69710.0000,6971,2966.8241,0.0000,1000,1000,1000,1,48.9627
69720.0000,6972,2966.8288,0.0000,999,999,1000,1,49.0991
69730.0000,6973,2966.8334,0.0000,1000,1000,1000,1,49.2354
69740.0000,6974,2966.8381,0.0000,1000,1000,1000,1,49.3718
69750.0000,6975,2966.8426,0.0000,999,1000,1000,1,49.1125
69760.0000,6976,2966.8471,0.0000,1000,1000,1000,1,49.0512
69770.0000,6977,2966.8517,0.0000,1000,1000,999,1,49.0888
69780.0000,6978,2966.8564,0.0000,999,999,1000,1,49.2251
69790.0000,6979,2966.8610,0.0000,999,1000,1000,1,49.2625
69800.0000,6980,2966.8656,0.0000,999,1000,1000,1,49.3000
69810.0000,6981,2966.8700,0.0000,1000,1000,1000,1,49.1415
69820.0000,6982,2966.8745,0.0000,998,998,1000,1,48.8865
69830.0000,6983,2966.8790,0.0000,999,999,999,1,48.8277
69840.0000,6984,2966.8836,0.0000,999,1000,1000,1,48.7688
69850.0000,6985,2966.8881,0.0000,999,1000,999,1,48.6122
69860.0000,6986,2966.8927,0.0000,999,1000,1000,1,48.7484
69870.0000,6987,2966.8973,0.0000,1000,999,1000,1,48.5914
69880.0000,6988,2966.9019,0.0000,999,1000,1000,1,48.7275
69890.0000,6989,2966.9065,0.0000,1000,1000,1000,1,48.7659
69900.0000,6990,2966.9111,0.0000,999,1000,1000,1,48.7067
69910.0000,6991,2966.9157,0.0000,999,1000,1000,1,48.7450
69920.0000,6992,2966.9204,0.0000,1000,1000,1000,1,48.8811
69930.0000,6993,2966.9250,0.0000,1000,999,1000,1,48.9191
69940.0000,6994,2966.9294,0.0000,999,1000,999,1,48.7622
69950.0000,6995,2966.9339,0.0000,1000,999,1000,1,48.7031
69960.0000,6996,2966.9385,0.0000,1000,1000,1000,1,48.8391
69970.0000,6997,2966.9431,0.0000,1000,1000,1000,1,48.8774
69980.0000,6998,2966.9478,0.0000,1000,1000,1000,1,49.0133
69990.0000,6999,2966.9524,0.0000,1000,1000,1000,1,49.0513
70000.0000,7000,2966.9570,0.0000,1000,1000,1000,1,49.1871
70010.0000,7001,2966.9617,0.0000,1000,1000,1000,1,49.3230
70020.0000,7002,2966.9663,0.0000,998,999,999,1,49.1644
70030.0000,7003,2966.9707,0.0000,1000,999,1000,1,49.2022
70040.0000,7004,2966.9754,0.0000,1000,999,1000,1,49.2402
70050.0000,7005,2966.9799,0.0000,999,999,1000,1,49.0825
70060.0000,7006,2966.9844,0.0000,999,999,1000,1,49.0232
70070.0000,7007,2966.9890,0.0000,999,1000,1000,1,48.9639
70080.0000,7008,2966.9936,0.0000,999,1000,1000,1,48.8077
70090.0000,7009,2966.9982,0.0000,999,1000,1000,1,48.7489
70100.0000,7010,2967.0027,0.0000,998,1000,1000,1,48.6899
70110.0000,7011,2967.0072,0.0000,1000,1000,999,1,48.6311
70120.0000,7012,2967.0117,0.0000,999,999,1000,1,48.6696
70130.0000,7013,2967.0163,0.0000,1000,999,1000,1,48.5133
70140.0000,7014,2967.0208,0.0000,1000,1000,1000,1,48.4545
70150.0000,7015,2967.0254,0.0000,1000,999,1000,1,48.4927
70160.0000,7016,2967.0300,0.0000,1000,1000,1000,1,48.3371
70170.0000,7017,2967.0347,0.0000,999,999,1000,1,48.4727
70180.0000,7018,2967.0393,0.0000,999,1000,1000,1,48.6083
70190.0000,7019,2967.0439,0.0000,1000,1000,1000,1,48.6466
70200.0000,7020,2967.0484,0.0000,1000,1000,1000,1,48.5875
70210.0000,7021,2967.0531,0.0000,1000,1000,1000,1,48.7230
70220.0000,7022,2967.0576,0.0000,999,999,999,1,48.6633
70230.0000,7023,2967.0621,0.0000,1000,1000,1000,1,48.7013
70240.0000,7024,2967.0665,0.0000,999,999,999,1,48.4474
70250.0000,7025,2967.0711,0.0000,999,1000,1000,1,48.5829
70260.0000,7026,2967.0756,0.0000,998,999,999,1,48.6209
70270.0000,7027,2967.0800,0.0000,1000,1000,1000,1,48.6590
70280.0000,7028,2967.0846,0.0000,999,998,999,1,48.6972
70290.0000,7029,2967.0892,0.0000,1000,1000,1000,1,48.7355
70300.0000,7030,2967.0937,0.0000,999,999,1000,1,48.7735
70310.0000,7031,2967.0982,0.0000,1000,1000,999,1,48.6169
70320.0000,7032,2967.1028,0.0000,1000,1000,1000,1,48.5577
70330.0000,7033,2967.1074,0.0000,1000,1000,1000,1,48.6930
70340.0000,7034,2967.1119,0.0000,1000,1000,1000,1,48.5370
70350.0000,7035,2967.1163,0.0000,999,999,1000,1,48.1888
70360.0000,7036,2967.1208,0.0000,1000,1000,1000,1,48.2275
70370.0000,7037,2967.1254,0.0000,1000,1000,1000,1,48.3627
70380.0000,7038,2967.1299,0.0000,1000,1000,1000,1,48.3045
70390.0000,7039,2967.1344,0.0000,1000,1000,1000,1,48.3430
70400.0000,7040,2967.1391,0.0000,999,1000,1000,1,48.4782
70410.0000,7041,2967.1437,0.0000,1000,1000,1000,1,48.6133
70420.0000,7042,2967.1482,0.0000,1000,1000,1000,1,48.6518
70430.0000,7043,2967.1527,0.0000,1000,1000,1000,1,48.6901
70440.0000,7044,2967.1572,0.0000,999,1000,1000,1,48.7283
70450.0000,7045,2967.1616,0.0000,999,999,1000,1,48.3798
70460.0000,7046,2967.1661,0.0000,999,1000,999,1,48.2250
70470.0000,7047,2967.1706,0.0000,999,1000,1000,1,48.2634
70480.0000,7048,2967.1752,0.0000,999,1000,1000,1,48.3985
70490.0000,7049,2967.1797,0.0000,1000,1000,1000,1,48.3400
70500.0000,7050,2967.1843,0.0000,999,1000,1000,1,48.4749
70510.0000,7051,2967.1886,0.0000,1000,1000,1000,1,48.4159
70520.0000,7052,2967.1932,0.0000,1000,1000,1000,1,48.4538
70530.0000,7053,2967.1977,0.0000,999,1000,1000,1,48.4918
70540.0000,7054,2967.2023,0.0000,999,1000,1000,1,48.4330
70550.0000,7055,2967.2068,0.0000,1000,999,1000,1,48.5678
70560.0000,7056,2967.2113,0.0000,999,1000,1000,1,48.6057
70570.0000,7057,2967.2157,0.0000,999,999,999,1,48.3526
70580.0000,7058,2967.2201,0.0000,1000,1000,1000,1,48.1012
70590.0000,7059,2967.2246,0.0000,999,1000,1000,1,48.0443
70600.0000,7060,2967.2291,0.0000,1000,1000,1000,1,47.7958
70610.0000,7061,2967.2336,0.0000,999,999,1000,1,47.8349
70620.0000,7062,2967.2381,0.0000,1000,1000,1000,1,47.5872
70630.0000,7063,2967.2427,0.0000,1000,999,1000,1,47.7221
70640.0000,7064,2967.2472,0.0000,999,999,998,1,47.5702
70650.0000,7065,2967.2516,0.0000,1000,1000,1000,1,47.6096
70660.0000,7066,2967.2560,0.0000,1000,999,1000,1,47.5535
70670.0000,7067,2967.2605,0.0000,999,1000,999,1,47.4972
70680.0000,7068,2967.2649,0.0000,1000,1000,1000,1,47.4408
70690.0000,7069,2967.2693,0.0000,999,1000,1000,1,47.1931
70700.0000,7070,2967.2735,0.0000,999,999,1000,1,46.9460
70710.0000,7071,2967.2779,0.0000,999,1000,1000,1,46.9854
70720.0000,7072,2967.2825,0.0000,1000,1000,1000,1,47.1201
70730.0000,7073,2967.2869,0.0000,999,999,1000,1,47.0636
70740.0000,7074,2967.2913,0.0000,999,1000,1000,1,46.8170
70750.0000,7075,2967.2957,0.0000,998,999,999,1,46.4774
70760.0000,7076,2967.3000,0.0000,1000,1000,1000,1,46.3279
70770.0000,7077,2967.3046,0.0000,1000,1000,1000,1,46.4627
70780.0000,7078,2967.3091,0.0000,998,1000,1000,1,46.5026
70790.0000,7079,2967.3135,0.0000,1000,1000,1000,1,46.3527
70800.0000,7080,2967.3181,0.0000,999,1000,1000,1,46.4874
70810.0000,7081,2967.3225,0.0000,997,997,998,1,46.4319
70820.0000,7082,2967.3265,0.0000,1000,1000,1000,1,46.1870
70830.0000,7083,2967.3309,0.0000,1000,1000,1000,1,45.9435
70840.0000,7084,2967.3354,0.0000,1000,1000,1000,1,46.0782
70850.0000,7085,2967.3399,0.0000,1000,1000,1000,1,46.1184
70860.0000,7086,2967.3443,0.0000,1000,999,1000,1,46.0643
70870.0000,7087,2967.3487,0.0000,999,998,999,1,45.9159
70880.0000,7088,2967.3531,0.0000,999,1000,1000,1,45.7679
70890.0000,7089,2967.3576,0.0000,1000,1000,1000,1,45.7147
70900.0000,7090,2967.3620,0.0000,1000,999,999,1,45.6622
70910.0000,7091,2967.3664,0.0000,1000,1000,1000,1,45.6101
70920.0000,7092,2967.3708,0.0000,1000,999,1000,1,45.6514
70930.0000,7093,2967.3753,0.0000,1000,1000,1000,1,45.6928
70940.0000,7094,2967.3798,0.0000,999,1000,1000,1,45.8273
70950.0000,7095,2967.3844,0.0000,1000,1000,1000,1,45.9618
70960.0000,7096,2967.3888,0.0000,999,999,1000,1,45.8167
70970.0000,7097,2967.3932,0.0000,1000,1000,1000,1,45.7649
70980.0000,7098,2967.3975,0.0000,1000,1000,999,1,45.3429
70990.0000,7099,2967.4019,0.0000,1000,999,999,1,45.2004
71000.0000,7100,2967.4064,0.0000,1000,1000,1000,1,45.3349
71010.0000,7101,2967.4107,0.0000,999,999,999,1,45.1922
71020.0000,7102,2967.4152,0.0000,999,999,999,1,45.0502
71030.0000,7103,2967.4196,0.0000,999,999,1000,1,45.0005
71040.0000,7104,2967.4240,0.0000,999,1000,999,1,44.9508
71050.0000,7105,2967.4283,0.0000,999,999,1000,1,44.8092
71060.0000,7106,2967.4327,0.0000,999,999,1000,1,44.6683
71070.0000,7107,2967.4371,0.0000,999,1000,1000,1,44.7110
71080.0000,7108,2967.4415,0.0000,1000,1000,1000,1,44.6616
71090.0000,7109,2967.4460,0.0000,1000,1000,1000,1,44.7041
71100.0000,7110,2967.4505,0.0000,1000,1000,1000,1,44.6544
71110.0000,7111,2967.4550,0.0000,1000,1000,1000,1,44.7888
71120.0000,7112,2967.4593,0.0000,1000,1000,1000,1,44.7386
71130.0000,7113,2967.4638,0.0000,1000,1000,1000,1,44.8729
71140.0000,7114,2967.4682,0.0000,999,999,1000,1,44.9147
71150.0000,7115,2967.4727,0.0000,1000,1000,1000,1,44.9565
71160.0000,7116,2967.4769,0.0000,1000,1000,998,1,44.7205
71170.0000,7117,2967.4814,0.0000,999,999,1000,1,44.8547
71180.0000,7118,2967.4858,0.0000,1000,1000,1000,1,44.6185
71190.0000,7119,2967.4902,0.0000,998,1000,999,1,44.5676
71200.0000,7120,2967.4946,0.0000,999,1000,1000,1,44.7017
71210.0000,7121,2967.4991,0.0000,999,999,1000,1,44.8359
71220.0000,7122,2967.5035,0.0000,999,1000,1000,1,44.7845
71230.0000,7123,2967.5079,0.0000,998,998,999,1,44.8256
71240.0000,7124,2967.5123,0.0000,1000,1000,1000,1,44.9597
71250.0000,7125,2967.5166,0.0000,1000,1000,1000,1,44.8150
71260.0000,7126,2967.5208,0.0000,999,999,1000,1,44.4856
71270.0000,7127,2967.5252,0.0000,999,1000,1000,1,44.4345
71280.0000,7128,2967.5297,0.0000,998,999,1000,1,44.2906
71290.0000,7129,2967.5340,0.0000,1000,999,1000,1,44.3321
71300.0000,7130,2967.5384,0.0000,999,1000,1000,1,44.2809
71310.0000,7131,2967.5428,0.0000,999,999,1000,1,44.1372
71320.0000,7132,2967.5472,0.0000,1000,1000,1000,1,44.0858
71330.0000,7133,2967.5517,0.0000,1000,1000,1000,1,44.2198
71340.0000,7134,2967.5561,0.0000,999,999,1000,1,44.3538
71350.0000,7135,2967.5603,0.0000,998,999,1000,1,44.2088
71360.0000,7136,2967.5647,0.0000,1000,1000,1000,1,44.3428
71370.0000,7137,2967.5692,0.0000,1000,1000,1000,1,44.4767
71380.0000,7138,2967.5736,0.0000,1000,1000,1000,1,44.5172
71390.0000,7139,2967.5780,0.0000,1000,999,1000,1,44.6511
71400.0000,7140,2967.5825,0.0000,999,1000,1000,1,44.7849
71410.0000,7141,2967.5868,0.0000,999,1000,1000,1,44.8251
71420.0000,7142,2967.5912,0.0000,999,999,1000,1,44.7717
71430.0000,7143,2967.5956,0.0000,999,1000,1000,1,44.9055
71440.0000,7144,2967.6000,0.0000,999,1000,1000,1,44.9455
71450.0000,7145,2967.6043,0.0000,1000,1000,1000,1,44.8914
71460.0000,7146,2967.6087,0.0000,1000,1000,999,1,44.8376
71470.0000,7147,2967.6131,0.0000,1000,1000,999,1,44.7841
71480.0000,7148,2967.6174,0.0000,1000,1000,1000,1,44.7306
71490.0000,7149,2967.6219,0.0000,1000,1000,1000,1,44.8642
71500.0000,7150,2967.6262,0.0000,999,1000,1000,1,44.8108
71510.0000,7151,2967.6305,0.0000,998,1000,999,1,44.5709
71520.0000,7152,2967.6348,0.0000,999,1000,1000,1,44.5183
71530.0000,7153,2967.6392,0.0000,1000,999,999,1,44.5588
71540.0000,7154,2967.6435,0.0000,1000,1000,1000,1,44.5993
71550.0000,7155,2967.6479,0.0000,1000,1000,1000,1,44.7328
71560.0000,7156,2967.6524,0.0000,999,1000,1000,1,44.7731
71570.0000,7157,2967.6567,0.0000,1000,999,1000,1,44.8134
71580.0000,7158,2967.6612,0.0000,999,1000,1000,1,44.9468
71590.0000,7159,2967.6656,0.0000,999,1000,1000,1,44.9869
71600.0000,7160,2967.6700,0.0000,1000,1000,1000,1,45.0271
71610.0000,7161,2967.6744,0.0000,999,1000,1000,1,45.1605
71620.0000,7162,2967.6787,0.0000,998,1000,999,1,44.7354
71630.0000,7163,2967.6831,0.0000,1000,999,1000,1,44.6830
71640.0000,7164,2967.6874,0.0000,1000,1000,1000,1,44.5382
71650.0000,7165,2967.6918,0.0000,999,999,1000,1,44.6716
71660.0000,7166,2967.6962,0.0000,1000,1000,999,1,44.5264
71670.0000,7167,2967.7006,0.0000,998,999,1000,1,44.4739
71680.0000,7168,2967.7049,0.0000,999,1000,1000,1,44.5145
71690.0000,7169,2967.7092,0.0000,1000,1000,1000,1,44.3696
71700.0000,7170,2967.7136,0.0000,999,1000,1000,1,44.3176
71710.0000,7171,2967.7178,0.0000,1000,999,1000,1,44.1736
71720.0000,7172,2967.7221,0.0000,1000,1000,999,1,44.2147
71730.0000,7173,2967.7265,0.0000,999,999,999,1,44.1639
71740.0000,7174,2967.7308,0.0000,1000,1000,1000,1,44.2051
71750.0000,7175,2967.7352,0.0000,1000,1000,1000,1,44.3383
71760.0000,7176,2967.7395,0.0000,999,999,1000,1,44.2872
71770.0000,7177,2967.7438,0.0000,1000,1000,999,1,44.0524
71780.0000,7178,2967.7482,0.0000,1000,1000,1000,1,44.1856
71790.0000,7179,2967.7525,0.0000,999,1000,1000,1,44.1343
71800.0000,7180,2967.7569,0.0000,999,1000,1000,1,44.2674
71810.0000,7181,2967.7611,0.0000,999,1000,1000,1,44.1234
71820.0000,7182,2967.7654,0.0000,1000,999,1000,1,43.9798
71830.0000,7183,2967.7697,0.0000,1000,1000,1000,1,43.7444
71840.0000,7184,2967.7741,0.0000,1000,999,1000,1,43.7857
71850.0000,7185,2967.7785,0.0000,1000,1000,1000,1,43.9188
71860.0000,7186,2967.7827,0.0000,999,999,1000,1,43.8680
71870.0000,7187,2967.7868,0.0000,999,998,998,1,43.2715
71880.0000,7188,2967.7910,0.0000,999,1000,1000,1,43.4045
71890.0000,7189,2967.7953,0.0000,998,999,999,1,43.4463
71900.0000,7190,2967.7997,0.0000,999,1000,1000,1,43.4880
71910.0000,7191,2967.8041,0.0000,999,999,1000,1,43.5298
71920.0000,7192,2967.8085,0.0000,1000,1000,1000,1,43.6627
71930.0000,7193,2967.8127,0.0000,999,998,1000,1,43.5222
71940.0000,7194,2967.8171,0.0000,999,999,999,1,43.4731
71950.0000,7195,2967.8215,0.0000,1000,1000,1000,1,43.5149
71960.0000,7196,2967.8259,0.0000,999,999,1000,1,43.6478
71970.0000,7197,2967.8302,0.0000,999,1000,1000,1,43.6894
71980.0000,7198,2967.8346,0.0000,999,1000,1000,1,43.8223
71990.0000,7199,2967.8389,0.0000,999,1000,999,1,43.6808
72000.0000,7200,2967.8432,0.0000,999,1000,1000,1,43.5395
72010.0000,7201,2967.8476,0.0000,1000,1000,1000,1,43.6723
72020.0000,7202,2967.8520,0.0000,999,1000,1000,1,43.7135
72030.0000,7203,2967.8563,0.0000,999,999,1000,1,43.8463
72040.0000,7204,2967.8607,0.0000,1000,1000,1000,1,43.9790
72050.0000,7205,2967.8650,0.0000,1000,1000,1000,1,44.0198
72060.0000,7206,2967.8694,0.0000,999,1000,1000,1,44.0606
72070.0000,7207,2967.8737,0.0000,1000,1000,1000,1,43.9192
72080.0000,7208,2967.8779,0.0000,1000,1000,1000,1,43.7781
72090.0000,7209,2967.8822,0.0000,999,1000,1000,1,43.8198
72100.0000,7210,2967.8865,0.0000,1000,999,1000,1,43.7701
72110.0000,7211,2967.8908,0.0000,999,999,1000,1,43.8115
72120.0000,7212,2967.8951,0.0000,999,1000,1000,1,43.7618
72130.0000,7213,2967.8995,0.0000,999,1000,1000,1,43.8944
72140.0000,7214,2967.9038,0.0000,1000,999,1000,1,43.8442
72150.0000,7215,2967.9080,0.0000,1000,999,1000,1,43.7025
72160.0000,7216,2967.9123,0.0000,1000,999,1000,1,43.7435
72170.0000,7217,2967.9166,0.0000,1000,1000,1000,1,43.6931
72180.0000,7218,2967.9209,0.0000,999,1000,1000,1,43.7342
72190.0000,7219,2967.9253,0.0000,999,999,1000,1,43.8667
72200.0000,7220,2967.9296,0.0000,999,999,1000,1,43.9991
72210.0000,7221,2967.9339,0.0000,999,999,999,1,43.8572
72220.0000,7222,2967.9382,0.0000,1000,1000,1000,1,43.8073
72230.0000,7223,2967.9424,0.0000,998,999,999,1,43.5754
72240.0000,7224,2967.9467,0.0000,999,999,1000,1,43.7078
72250.0000,7225,2967.9508,0.0000,999,1000,1000,1,43.3851
72260.0000,7226,2967.9551,0.0000,1000,1000,1000,1,43.5175
72270.0000,7227,2967.9594,0.0000,999,999,999,1,43.4688
72280.0000,7228,2967.9637,0.0000,1000,1000,1000,1,43.6012
72290.0000,7229,2967.9679,0.0000,999,1000,1000,1,43.4619
72300.0000,7230,2967.9723,0.0000,1000,1000,1000,1,43.5942
72310.0000,7231,2967.9765,0.0000,1000,1000,1000,1,43.7264
72320.0000,7232,2967.9807,0.0000,1000,999,1000,1,43.5869
72330.0000,7233,2967.9850,0.0000,1000,1000,1000,1,43.7192
72340.0000,7234,2967.9893,0.0000,1000,999,1000,1,43.7609
72350.0000,7235,2967.9935,0.0000,1000,1000,1000,1,43.8025
72360.0000,7236,2967.9978,0.0000,1000,1000,1000,1,43.9346
72370.0000,7237,2968.0022,0.0000,1000,1000,1000,1,43.9760
72380.0000,7238,2968.0062,0.0000,999,1000,1000,1,43.7452
72390.0000,7239,2968.0105,0.0000,999,999,1000,1,43.6055
72400.0000,7240,2968.0148,0.0000,999,1000,1000,1,43.6469
72410.0000,7241,2968.0190,0.0000,999,999,999,1,43.5975
72420.0000,7242,2968.0232,0.0000,998,999,999,1,43.5482
72430.0000,7243,2968.0273,0.0000,999,1000,1000,1,43.4099
72440.0000,7244,2968.0314,0.0000,999,999,1000,1,43.2711
72450.0000,7245,2968.0357,0.0000,1000,999,999,1,43.2224
72460.0000,7246,2968.0399,0.0000,999,999,999,1,43.1737
72470.0000,7247,2968.0441,0.0000,999,999,1000,1,43.3057
72480.0000,7248,2968.0484,0.0000,1000,1000,1000,1,43.2567
72490.0000,7249,2968.0527,0.0000,999,1000,1000,1,43.3887
72500.0000,7250,2968.0570,0.0000,1000,1000,1000,1,43.4300
72510.0000,7251,2968.0613,0.0000,999,999,1000,1,43.5619
72520.0000,7252,2968.0655,0.0000,1000,1000,1000,1,43.4217
72530.0000,7253,2968.0698,0.0000,999,999,1000,1,43.4629
72540.0000,7254,2968.0740,0.0000,999,1000,999,1,43.4134
72550.0000,7255,2968.0783,0.0000,1000,1000,1000,1,43.5452
72560.0000,7256,2968.0825,0.0000,1000,1000,1000,1,43.6770
72570.0000,7257,2968.0867,0.0000,1000,999,1000,1,43.4463
72580.0000,7258,2968.0910,0.0000,999,1000,1000,1,43.4876
72590.0000,7259,2968.0952,0.0000,1000,1000,1000,1,43.5289
72600.0000,7260,2968.0996,0.0000,999,1000,1000,1,43.6606
72610.0000,7261,2968.1039,0.0000,999,1000,1000,1,43.7923
72620.0000,7262,2968.1082,0.0000,1000,1000,1000,1,43.9240
72630.0000,7263,2968.1123,0.0000,999,999,999,1,43.7836
72640.0000,7264,2968.1166,0.0000,999,999,1000,1,43.9153
72650.0000,7265,2968.1207,0.0000,999,1000,1000,1,43.8653
72660.0000,7266,2968.1250,0.0000,1000,1000,1000,1,43.9969
72670.0000,7267,2968.1291,0.0000,1000,1000,999,1,43.9469
72680.0000,7268,2968.1334,0.0000,999,1000,1000,1,43.9877
72690.0000,7269,2968.1376,0.0000,999,1000,1000,1,44.0286
72700.0000,7270,2968.1419,0.0000,1000,1000,1000,1,44.1601
72710.0000,7271,2968.1461,0.0000,999,999,999,1,43.9286
72720.0000,7272,2968.1504,0.0000,999,1000,1000,1,43.9693
72730.0000,7273,2968.1546,0.0000,1000,1000,1000,1,43.9191
72740.0000,7274,2968.1588,0.0000,999,999,1000,1,43.8691
72750.0000,7275,2968.1630,0.0000,1000,1000,1000,1,43.7290
72760.0000,7276,2968.1672,0.0000,1000,1000,999,1,43.6794
72770.0000,7277,2968.1714,0.0000,998,999,999,1,43.6300
72780.0000,7278,2968.1756,0.0000,1000,1000,1000,1,43.6710
72790.0000,7279,2968.1799,0.0000,1000,1000,1000,1,43.7122
72800.0000,7280,2968.1841,0.0000,1000,999,1000,1,43.7531
72810.0000,7281,2968.1880,0.0000,998,999,1000,1,43.2546
72820.0000,7282,2968.1922,0.0000,999,1000,1000,1,43.1177
72830.0000,7283,2968.1965,0.0000,1000,1000,999,1,43.1597
72840.0000,7284,2968.2007,0.0000,999,1000,999,1,43.2018
72850.0000,7285,2968.2050,0.0000,1000,1000,1000,1,43.3331
72860.0000,7286,2968.2093,0.0000,1000,1000,1000,1,43.4644
72870.0000,7287,2968.2135,0.0000,998,998,999,1,43.4166
72880.0000,7288,2968.2177,0.0000,999,1000,1000,1,43.4584
72890.0000,7289,2968.2220,0.0000,999,999,1000,1,43.5002
72900.0000,7290,2968.2262,0.0000,999,999,1000,1,43.3638
72910.0000,7291,2968.2304,0.0000,1000,999,999,1,43.4057
72920.0000,7292,2968.2345,0.0000,998,998,999,1,43.3588
72930.0000,7293,2968.2386,0.0000,1000,1000,1000,1,43.3120
72940.0000,7294,2968.2428,0.0000,998,999,999,1,43.1759
72950.0000,7295,2968.2470,0.0000,999,999,1000,1,43.2180
72960.0000,7296,2968.2511,0.0000,999,999,1000,1,43.0820
72970.0000,7297,2968.2554,0.0000,1000,1000,1000,1,43.2131
72980.0000,7298,2968.2597,0.0000,999,999,999,1,43.2553
72990.0000,7299,2968.2639,0.0000,1000,1000,1000,1,43.2975
73000.0000,7300,2968.2682,0.0000,1000,1000,1000,1,43.3397
73010.0000,7301,2968.2723,0.0000,1000,1000,1000,1,43.2036
73020.0000,7302,2968.2764,0.0000,998,999,999,1,42.9789
73030.0000,7303,2968.2803,0.0000,1000,998,1000,1,42.5780
73040.0000,7304,2968.2846,0.0000,999,999,1000,1,42.6206
73050.0000,7305,2968.2888,0.0000,999,1000,1000,1,42.6631
73060.0000,7306,2968.2930,0.0000,999,999,999,1,42.7055
73070.0000,7307,2968.2971,0.0000,999,999,1000,1,42.8365
73080.0000,7308,2968.3013,0.0000,999,999,999,1,42.7014
73090.0000,7309,2968.3054,0.0000,1000,999,1000,1,42.6554
73100.0000,7310,2968.3097,0.0000,1000,1000,1000,1,42.7864
73110.0000,7311,2968.3139,0.0000,1000,1000,1000,1,42.7402
73120.0000,7312,2968.3180,0.0000,999,1000,1000,1,42.6066
73130.0000,7313,2968.3222,0.0000,999,1000,1000,1,42.5614
73140.0000,7314,2968.3264,0.0000,999,1000,1000,1,42.6923
73150.0000,7315,2968.3306,0.0000,1000,1000,1000,1,42.7349
73160.0000,7316,2968.3348,0.0000,1000,1000,1000,1,42.7774
73170.0000,7317,2968.3389,0.0000,1000,1000,1000,1,42.5558
73180.0000,7318,2968.3431,0.0000,1000,1000,1000,1,42.5988
73190.0000,7319,2968.3473,0.0000,1000,1000,1000,1,42.6415
73200.0000,7320,2968.3515,0.0000,999,1000,1000,1,42.6841
73210.0000,7321,2968.3557,0.0000,999,999,999,1,42.5511
73220.0000,7322,2968.3599,0.0000,1000,1000,1000,1,42.5066
73230.0000,7323,2968.3638,0.0000,998,998,999,1,42.1122
73240.0000,7324,2968.3679,0.0000,998,999,1000,1,41.9804
73250.0000,7325,2968.3719,0.0000,999,998,1000,1,41.7623
73260.0000,7326,2968.3760,0.0000,999,1000,1000,1,41.5453
73270.0000,7327,2968.3800,0.0000,1000,1000,1000,1,41.4160
73280.0000,7328,2968.3842,0.0000,999,1000,1000,1,41.4604
73290.0000,7329,2968.3883,0.0000,999,1000,1000,1,41.5046
73300.0000,7330,2968.3925,0.0000,999,1000,1000,1,41.5488
73310.0000,7331,2968.3967,0.0000,1000,1000,1000,1,41.5928
73320.0000,7332,2968.4009,0.0000,1000,1000,1000,1,41.7235
73330.0000,7333,2968.4050,0.0000,999,999,1000,1,41.8542
73340.0000,7334,2968.4092,0.0000,1000,1000,1000,1,41.8109
73350.0000,7335,2968.4134,0.0000,1000,1000,1000,1,41.5948
73360.0000,7336,2968.4176,0.0000,1000,1000,1000,1,41.7254
73370.0000,7337,2968.4218,0.0000,999,1000,1000,1,41.7697
73380.0000,7338,2968.4259,0.0000,998,999,1000,1,41.8141
73390.0000,7339,2968.4300,0.0000,1000,999,1000,1,41.7724
73400.0000,7340,2968.4342,0.0000,999,1000,1000,1,41.8168
73410.0000,7341,2968.4382,0.0000,1000,1000,1000,1,41.6891
73420.0000,7342,2968.4424,0.0000,1000,1000,1000,1,41.6479
73430.0000,7343,2968.4466,0.0000,1000,1000,1000,1,41.6069
73440.0000,7344,2968.4507,0.0000,1000,1000,999,1,41.6514
73450.0000,7345,2968.4547,0.0000,997,997,997,1,41.2664
73460.0000,7346,2968.4587,0.0000,1000,1000,1000,1,41.2253
73470.0000,7347,2968.4627,0.0000,999,1000,1000,1,41.0987
73480.0000,7348,2968.4669,0.0000,1000,1000,1000,1,41.2292
73490.0000,7349,2968.4711,0.0000,999,1000,1000,1,41.2738
73500.0000,7350,2968.4751,0.0000,998,999,998,1,41.0607
73510.0000,7351,2968.4792,0.0000,1000,1000,1000,1,41.1053
73520.0000,7352,2968.4834,0.0000,1000,1000,999,1,41.1498
73530.0000,7353,2968.4877,0.0000,1000,1000,1000,1,41.2802
73540.0000,7354,2968.4918,0.0000,999,1000,1000,1,41.2386
73550.0000,7355,2968.4960,0.0000,1000,1000,1000,1,41.2828
73560.0000,7356,2968.5001,0.0000,1000,1000,1000,1,41.2408
73570.0000,7357,2968.5042,0.0000,999,1000,999,1,41.1135
73580.0000,7358,2968.5084,0.0000,999,1000,1000,1,41.2437
73590.0000,7359,2968.5125,0.0000,1000,1000,1000,1,41.3740
73600.0000,7360,2968.5166,0.0000,999,999,999,1,41.2472
73610.0000,7361,2968.5207,0.0000,999,1000,1000,1,41.2071
73620.0000,7362,2968.5248,0.0000,998,998,999,1,41.1671
73630.0000,7363,2968.5289,0.0000,999,1000,1000,1,40.9577
73640.0000,7364,2968.5330,0.0000,1000,1000,1000,1,40.9182
73650.0000,7365,2968.5372,0.0000,998,999,999,1,40.8791
73660.0000,7366,2968.5412,0.0000,999,1000,1000,1,40.8402
73670.0000,7367,2968.5451,0.0000,999,1000,1000,1,40.5482
73680.0000,7368,2968.5492,0.0000,999,1000,1000,1,40.5940
73690.0000,7369,2968.5534,0.0000,999,1000,1000,1,40.6399
73700.0000,7370,2968.5575,0.0000,998,999,999,1,40.5183
73710.0000,7371,2968.5616,0.0000,999,1000,999,1,40.4815
73720.0000,7372,2968.5657,0.0000,1000,999,1000,1,40.6117
73730.0000,7373,2968.5699,0.0000,1000,999,1000,1,40.5747
73740.0000,7374,2968.5741,0.0000,1000,999,1000,1,40.7048
73750.0000,7375,2968.5783,0.0000,1000,1000,1000,1,40.8349
73760.0000,7376,2968.5824,0.0000,999,1000,1000,1,40.7132
73770.0000,7377,2968.5866,0.0000,1000,1000,1000,1,40.8433
73780.0000,7378,2968.5908,0.0000,999,1000,1000,1,40.8061
73790.0000,7379,2968.5950,0.0000,999,1000,1000,1,40.9361
73800.0000,7380,2968.5992,0.0000,1000,1000,1000,1,41.0660
73810.0000,7381,2968.6031,0.0000,998,998,999,1,40.8607
73820.0000,7382,2968.6072,0.0000,999,1000,1000,1,40.9068
73830.0000,7383,2968.6113,0.0000,999,1000,1000,1,40.8689
73840.0000,7384,2968.6154,0.0000,1000,1000,1000,1,40.9150
73850.0000,7385,2968.6196,0.0000,999,999,1000,1,41.0448
73860.0000,7386,2968.6237,0.0000,999,1000,1000,1,41.1747
73870.0000,7387,2968.6280,0.0000,1000,1000,1000,1,41.3045
73880.0000,7388,2968.6320,0.0000,999,1000,1000,1,41.0975
73890.0000,7389,2968.6361,0.0000,1000,999,1000,1,41.1432
73900.0000,7390,2968.6402,0.0000,999,1000,1000,1,41.1890
73910.0000,7391,2968.6443,0.0000,1000,1000,1000,1,41.3187
73920.0000,7392,2968.6485,0.0000,1000,1000,1000,1,41.4484
73930.0000,7393,2968.6527,0.0000,999,1000,1000,1,41.5780
73940.0000,7394,2968.6568,0.0000,1000,1000,1000,1,41.7077
73950.0000,7395,2968.6610,0.0000,1000,1000,1000,1,41.7527
73960.0000,7396,2968.6651,0.0000,999,1000,1000,1,41.7129
73970.0000,7397,2968.6692,0.0000,998,1000,1000,1,41.6732
73980.0000,7398,2968.6732,0.0000,999,999,999,1,41.6335
73990.0000,7399,2968.6773,0.0000,1000,1000,1000,1,41.7630
74000.0000,7400,2968.6814,0.0000,1000,1000,1000,1,41.8077
74010.0000,7401,2968.6856,0.0000,999,999,999,1,41.8522
74020.0000,7402,2968.6898,0.0000,1000,999,1000,1,41.9816
74030.0000,7403,2968.6940,0.0000,999,1000,1000,1,42.1110
74040.0000,7404,2968.6980,0.0000,999,1000,999,1,42.0699
74050.0000,7405,2968.7019,0.0000,998,999,1000,1,42.0288
74060.0000,7406,2968.7060,0.0000,1000,1000,999,1,42.0728
74070.0000,7407,2968.7101,0.0000,1000,1000,1000,1,42.1168
74080.0000,7408,2968.7142,0.0000,1000,1000,1000,1,42.0754
74090.0000,7409,2968.7183,0.0000,999,999,1000,1,42.1195
74100.0000,7410,2968.7224,0.0000,999,999,1000,1,42.0783
74110.0000,7411,2968.7264,0.0000,999,1000,1000,1,42.1222
74120.0000,7412,2968.7305,0.0000,999,1000,1000,1,42.0807
74130.0000,7413,2968.7347,0.0000,999,1000,1000,1,42.2100
74140.0000,7414,2968.7387,0.0000,999,1000,999,1,42.2535
74150.0000,7415,2968.7429,0.0000,1000,1000,1000,1,42.3826
74160.0000,7416,2968.7470,0.0000,1000,999,1000,1,42.1689
74170.0000,7417,2968.7510,0.0000,1000,1000,1000,1,42.0414
74180.0000,7418,2968.7551,0.0000,999,999,999,1,41.9144
74190.0000,7419,2968.7592,0.0000,999,1000,1000,1,41.9584
74200.0000,7420,2968.7633,0.0000,1000,1000,1000,1,42.0875
74210.0000,7421,2968.7674,0.0000,999,1000,1000,1,42.2166
74220.0000,7422,2968.7713,0.0000,997,1000,999,1,42.0896
74230.0000,7423,2968.7754,0.0000,999,999,999,1,42.0493
74240.0000,7424,2968.7794,0.0000,999,1000,1000,1,42.0938
74250.0000,7425,2968.7835,0.0000,1000,1000,1000,1,42.2228
74260.0000,7426,2968.7876,0.0000,1000,999,1000,1,42.3517
74270.0000,7427,2968.7917,0.0000,999,1000,1000,1,42.3958
74280.0000,7428,2968.7958,0.0000,999,1000,1000,1,42.3550
74290.0000,7429,2968.7999,0.0000,999,1000,1000,1,42.4839
74300.0000,7430,2968.8040,0.0000,999,1000,1000,1,42.5279
74310.0000,7431,2968.8080,0.0000,998,998,999,1,42.4025
74320.0000,7432,2968.8118,0.0000,999,999,999,1,42.1089
74330.0000,7433,2968.8157,0.0000,999,999,1000,1,41.9847
74340.0000,7434,2968.8198,0.0000,1000,1000,1000,1,42.0296
74350.0000,7435,2968.8239,0.0000,999,999,1000,1,42.0744
74360.0000,7436,2968.8280,0.0000,999,999,1000,1,42.2032
74370.0000,7437,2968.8321,0.0000,999,1000,1000,1,42.0795
74380.0000,7438,2968.8362,0.0000,999,999,1000,1,42.0404
74390.0000,7439,2968.8403,0.0000,999,999,1000,1,42.0852
74400.0000,7440,2968.8442,0.0000,1000,1000,1000,1,42.1297
74410.0000,7441,2968.8483,0.0000,1000,999,1000,1,42.2585
74420.0000,7442,2968.8524,0.0000,1000,1000,1000,1,42.3030
74430.0000,7443,2968.8565,0.0000,999,1000,1000,1,42.3474
74440.0000,7444,2968.8606,0.0000,1000,1000,1000,1,42.3917
74450.0000,7445,2968.8647,0.0000,1000,999,1000,1,42.4359
74460.0000,7446,2968.8688,0.0000,1000,1000,1000,1,42.5645
74470.0000,7447,2968.8729,0.0000,999,1000,1000,1,42.6084
74480.0000,7448,2968.8769,0.0000,999,999,999,1,42.6525
74490.0000,7449,2968.8809,0.0000,1000,1000,1000,1,42.6966
74500.0000,7450,2968.8850,0.0000,999,999,1000,1,42.7405
74510.0000,7451,2968.8891,0.0000,999,1000,1000,1,42.7844
74520.0000,7452,2968.8931,0.0000,1000,1000,1000,1,42.9129
74530.0000,7453,2968.8972,0.0000,1000,999,1000,1,42.9565
74540.0000,7454,2968.9012,0.0000,1000,1000,1000,1,42.9154
74550.0000,7455,2968.9053,0.0000,1000,1000,1000,1,42.8743
74560.0000,7456,2968.9093,0.0000,999,1000,1000,1,42.8332
74570.0000,7457,2968.9134,0.0000,1000,999,1000,1,42.9616
74580.0000,7458,2968.9173,0.0000,1000,1000,1000,1,42.7525
74590.0000,7459,2968.9213,0.0000,998,1000,1000,1,42.6278
74600.0000,7460,2968.9254,0.0000,1000,1000,1000,1,42.7562
74610.0000,7461,2968.9295,0.0000,1000,1000,1000,1,42.8845
74620.0000,7462,2968.9335,0.0000,999,999,1000,1,42.9281
74630.0000,7463,2968.9376,0.0000,1000,1000,1000,1,42.9715
74640.0000,7464,2968.9416,0.0000,1000,1000,1000,1,43.0150
74650.0000,7465,2968.9457,0.0000,999,999,1000,1,43.1432
74660.0000,7466,2968.9496,0.0000,999,999,999,1,43.1015
74670.0000,7467,2968.9537,0.0000,999,999,1000,1,43.1447
74680.0000,7468,2968.9577,0.0000,1000,1000,999,1,43.0181
74690.0000,7469,2968.9617,0.0000,1000,1000,1000,1,43.0612
74700.0000,7470,2968.9658,0.0000,999,999,1000,1,43.1893
74710.0000,7471,2968.9698,0.0000,1000,999,1000,1,43.2322
74720.0000,7472,2968.9739,0.0000,1000,1000,1000,1,43.2749
74730.0000,7473,2968.9780,0.0000,999,1000,1000,1,43.3176
74740.0000,7474,2968.9820,0.0000,1000,1000,999,1,43.2750
74750.0000,7475,2968.9861,0.0000,1000,1000,1000,1,43.4029
74760.0000,7476,2968.9902,0.0000,999,999,1000,1,43.5309
74770.0000,7477,2968.9942,0.0000,1000,1000,1000,1,43.5735
74780.0000,7478,2968.9981,0.0000,999,999,999,1,43.4450
74790.0000,7479,2969.0021,0.0000,998,999,999,1,43.4021
74800.0000,7480,2969.0060,0.0000,999,999,1000,1,43.3591
74810.0000,7481,2969.0098,0.0000,998,1000,1000,1,43.1462
74820.0000,7482,2969.0138,0.0000,999,1000,1000,1,43.1890
74830.0000,7483,2969.0179,0.0000,1000,1000,1000,1,43.3168
74840.0000,7484,2969.0219,0.0000,999,999,999,1,43.1892
74850.0000,7485,2969.0259,0.0000,1000,1000,1000,1,43.2322
74860.0000,7486,2969.0299,0.0000,1000,999,1000,1,43.3600
74870.0000,7487,2969.0340,0.0000,1000,1000,1000,1,43.3177
74880.0000,7488,2969.0380,0.0000,999,1000,1000,1,43.4455
74890.0000,7489,2969.0420,0.0000,1000,1000,1000,1,43.4028
74900.0000,7490,2969.0460,0.0000,1000,1000,1000,1,43.3601
74910.0000,7491,2969.0500,0.0000,1000,1000,1000,1,43.4025
74920.0000,7492,2969.0541,0.0000,1000,1000,1000,1,43.5302
74930.0000,7493,2969.0581,0.0000,1000,999,1000,1,43.6578
74940.0000,7494,2969.0621,0.0000,999,1000,1000,1,43.5290
74950.0000,7495,2969.0661,0.0000,999,999,1000,1,43.6566
74960.0000,7496,2969.0700,0.0000,1000,1000,1000,1,43.6134
74970.0000,7497,2969.0740,0.0000,1000,1000,1000,1,43.6555
74980.0000,7498,2969.0780,0.0000,999,1000,1000,1,43.6123
74990.0000,7499,2969.0819,0.0000,998,1000,1000,1,43.4839
75000.0000,7500,2969.0859,0.0000,999,1000,1000,1,43.3558
75010.0000,7501,2969.0899,0.0000,999,1000,1000,1,43.1432
75020.0000,7502,2969.0939,0.0000,999,999,1000,1,43.2707
75030.0000,7503,2969.0978,0.0000,1000,1000,1000,1,43.0584
75040.0000,7504,2969.1019,0.0000,1000,1000,1000,1,43.1860
75050.0000,7505,2969.1059,0.0000,1000,1000,1000,1,43.1438
75060.0000,7506,2969.1099,0.0000,998,999,999,1,43.1016
75070.0000,7507,2969.1137,0.0000,1000,1000,1000,1,43.0593
75080.0000,7508,2969.1177,0.0000,998,999,1000,1,42.9326
75090.0000,7509,2969.1216,0.0000,999,999,999,1,42.8911
75100.0000,7510,2969.1254,0.0000,1000,998,1000,1,42.5967
75110.0000,7511,2969.1293,0.0000,1000,1000,999,1,42.3879
75120.0000,7512,2969.1331,0.0000,999,1000,1000,1,42.3473
75130.0000,7513,2969.1371,0.0000,1000,999,1000,1,42.3069
75140.0000,7514,2969.1410,0.0000,1000,1000,1000,1,42.2664
75150.0000,7515,2969.1451,0.0000,999,1000,1000,1,42.3101
75160.0000,7516,2969.1490,0.0000,999,999,999,1,42.2699
75170.0000,7517,2969.1529,0.0000,999,1000,1000,1,42.1460
75180.0000,7518,2969.1569,0.0000,1000,1000,1000,1,42.0222
75190.0000,7519,2969.1610,0.0000,1000,1000,1000,1,42.1496
75200.0000,7520,2969.1649,0.0000,999,1000,999,1,42.1931
75210.0000,7521,2969.1689,0.0000,999,1000,1000,1,42.1528
75220.0000,7522,2969.1729,0.0000,1000,1000,1000,1,42.1124
75230.0000,7523,2969.1768,0.0000,1000,999,999,1,42.0717
75240.0000,7524,2969.1806,0.0000,999,1000,1000,1,42.1150
75250.0000,7525,2969.1847,0.0000,1000,1000,1000,1,42.2423
75260.0000,7526,2969.1887,0.0000,999,1000,1000,1,42.3695
75270.0000,7527,2969.1927,0.0000,999,1000,1000,1,42.4968
75280.0000,7528,2969.1965,0.0000,998,1000,1000,1,42.2867
75290.0000,7529,2969.2005,0.0000,1000,1000,1000,1,42.2460
75300.0000,7530,2969.2045,0.0000,1000,1000,1000,1,42.3732
75310.0000,7531,2969.2084,0.0000,999,999,1000,1,42.4163
75320.0000,7532,2969.2124,0.0000,1000,1000,1000,1,42.5434
75330.0000,7533,2969.2164,0.0000,1000,1000,1000,1,42.5865
75340.0000,7534,2969.2204,0.0000,1000,999,1000,1,42.5453
75350.0000,7535,2969.2243,0.0000,999,1000,1000,1,42.4197
75360.0000,7536,2969.2282,0.0000,999,999,1000,1,42.3782
75370.0000,7537,2969.2322,0.0000,1000,1000,1000,1,42.4211
75380.0000,7538,2969.2360,0.0000,998,999,999,1,41.7943
75390.0000,7539,2969.2399,0.0000,1000,999,1000,1,41.6710
75400.0000,7540,2969.2438,0.0000,1000,999,999,1,41.7145
75410.0000,7541,2969.2477,0.0000,999,999,1000,1,41.6742
75420.0000,7542,2969.2516,0.0000,999,1000,1000,1,41.7176
75430.0000,7543,2969.2556,0.0000,1000,1000,1000,1,41.8447
75440.0000,7544,2969.2597,0.0000,1000,1000,1000,1,41.9717
75450.0000,7545,2969.2636,0.0000,1000,1000,1000,1,42.0147
75460.0000,7546,2969.2675,0.0000,1000,1000,1000,1,41.8903
75470.0000,7547,2969.2716,0.0000,1000,1000,1000,1,42.0173
75480.0000,7548,2969.2755,0.0000,999,1000,1000,1,42.0603
75490.0000,7549,2969.2795,0.0000,999,1000,1000,1,42.1034
75500.0000,7550,2969.2835,0.0000,999,1000,1000,1,42.2302
75510.0000,7551,2969.2873,0.0000,1000,1000,1000,1,41.8554
75520.0000,7552,2969.2913,0.0000,999,1000,1000,1,41.8992
75530.0000,7553,2969.2953,0.0000,1000,1000,1000,1,42.0261
75540.0000,7554,2969.2992,0.0000,999,1000,1000,1,42.0697
75550.0000,7555,2969.3031,0.0000,999,999,1000,1,42.0299
75560.0000,7556,2969.3071,0.0000,1000,1000,1000,1,42.0735
75570.0000,7557,2969.3109,0.0000,1000,1000,1000,1,41.9508
75580.0000,7558,2969.3148,0.0000,999,999,999,1,41.9116
75590.0000,7559,2969.3188,0.0000,999,999,1000,1,41.9553
75600.0000,7560,2969.3227,0.0000,1000,1000,1000,1,41.9990
75610.0000,7561,2969.3266,0.0000,999,999,1000,1,42.1257
75620.0000,7562,2969.3306,0.0000,1000,999,1000,1,42.1691
75630.0000,7563,2969.3346,0.0000,999,1000,1000,1,42.2958
75640.0000,7564,2969.3386,0.0000,1000,1000,1000,1,42.4224
75650.0000,7565,2969.3426,0.0000,1000,1000,1000,1,42.5490
75660.0000,7566,2969.3465,0.0000,999,1000,1000,1,42.5919
75670.0000,7567,2969.3503,0.0000,999,1000,999,1,42.3007
75680.0000,7568,2969.3541,0.0000,998,999,999,1,42.3437
75690.0000,7569,2969.3580,0.0000,1000,1000,1000,1,42.3867
75700.0000,7570,2969.3620,0.0000,999,1000,1000,1,42.4296
75710.0000,7571,2969.3659,0.0000,1000,999,1000,1,42.5561
75720.0000,7572,2969.3699,0.0000,999,1000,1000,1,42.6825
75730.0000,7573,2969.3739,0.0000,1000,1000,1000,1,42.8089
75740.0000,7574,2969.3777,0.0000,999,999,1000,1,42.5995
75750.0000,7575,2969.3816,0.0000,999,999,1000,1,42.6421
75760.0000,7576,2969.3853,0.0000,999,999,1000,1,42.5173
75770.0000,7577,2969.3892,0.0000,999,1000,1000,1,42.5600
75780.0000,7578,2969.3930,0.0000,998,1000,1000,1,42.4361
75790.0000,7579,2969.3969,0.0000,1000,1000,1000,1,42.3961
75800.0000,7580,2969.4008,0.0000,1000,1000,1000,1,42.3562
75810.0000,7581,2969.4046,0.0000,999,1000,1000,1,42.2334
75820.0000,7582,2969.4085,0.0000,999,1000,1000,1,42.1105
75830.0000,7583,2969.4123,0.0000,999,999,999,1,42.0706
75840.0000,7584,2969.4162,0.0000,999,999,1000,1,42.1969
75850.0000,7585,2969.4201,0.0000,1000,1000,1000,1,42.2400
75860.0000,7586,2969.4240,0.0000,998,1000,999,1,42.2828
75870.0000,7587,2969.4279,0.0000,1000,1000,1000,1,42.3258
75880.0000,7588,2969.4319,0.0000,1000,1000,1000,1,42.3687
75890.0000,7589,2969.4359,0.0000,1000,999,1000,1,42.4949
75900.0000,7590,2969.4397,0.0000,1000,999,1000,1,42.3709
75910.0000,7591,2969.4434,0.0000,1000,999,999,1,42.2471
75920.0000,7592,2969.4474,0.0000,1000,1000,1000,1,42.3732
75930.0000,7593,2969.4512,0.0000,999,1000,1000,1,42.3328
75940.0000,7594,2969.4549,0.0000,998,1000,1000,1,42.3757
75950.0000,7595,2969.4587,0.0000,998,998,999,1,42.2519
75960.0000,7596,2969.4625,0.0000,1000,999,1000,1,42.0452
75970.0000,7597,2969.4662,0.0000,999,999,999,1,41.9222
75980.0000,7598,2969.4701,0.0000,999,1000,1000,1,42.0482
75990.0000,7599,2969.4741,0.0000,999,1000,1000,1,42.0914
76000.0000,7600,2969.4780,0.0000,999,999,1000,1,41.9694
76010.0000,7601,2969.4818,0.0000,1000,1000,1000,1,41.8484
76020.0000,7602,2969.4857,0.0000,999,1000,1000,1,41.8921
76030.0000,7603,2969.4896,0.0000,999,999,1000,1,41.9356
76040.0000,7604,2969.4934,0.0000,1000,999,1000,1,41.9793
76050.0000,7605,2969.4973,0.0000,999,1000,1000,1,41.9408
76060.0000,7606,2969.5012,0.0000,998,999,999,1,41.8201
76070.0000,7607,2969.5051,0.0000,999,999,1000,1,41.9460
76080.0000,7608,2969.5089,0.0000,999,999,1000,1,41.8253
76090.0000,7609,2969.5127,0.0000,1000,1000,1000,1,41.8689
76100.0000,7610,2969.5166,0.0000,999,1000,1000,1,41.9124
76110.0000,7611,2969.5205,0.0000,999,999,1000,1,42.0383
76120.0000,7612,2969.5244,0.0000,999,999,1000,1,42.0816
76130.0000,7613,2969.5283,0.0000,1000,1000,1000,1,42.1249
76140.0000,7614,2969.5322,0.0000,999,1000,1000,1,42.1680
76150.0000,7615,2969.5361,0.0000,999,1000,1000,1,42.2110
76160.0000,7616,2969.5399,0.0000,999,999,1000,1,42.2539
76170.0000,7617,2969.5438,0.0000,999,1000,1000,1,42.2968
76180.0000,7618,2969.5476,0.0000,999,1000,999,1,42.1740
76190.0000,7619,2969.5515,0.0000,1000,1000,1000,1,42.2170
76200.0000,7620,2969.5553,0.0000,999,1000,1000,1,42.0126
76210.0000,7621,2969.5592,0.0000,999,999,1000,1,41.9739
76220.0000,7622,2969.5631,0.0000,1000,1000,1000,1,42.0173
76230.0000,7623,2969.5670,0.0000,1000,999,999,1,42.0605
76240.0000,7624,2969.5709,0.0000,999,999,1000,1,42.1036
76250.0000,7625,2969.5746,0.0000,1000,1000,1000,1,42.0648
76260.0000,7626,2969.5786,0.0000,999,999,999,1,42.1085
76270.0000,7627,2969.5823,0.0000,1000,1000,1000,1,42.1521
76280.0000,7628,2969.5862,0.0000,1000,1000,1000,1,42.0319
76290.0000,7629,2969.5900,0.0000,1000,999,1000,1,41.9938
76300.0000,7630,2969.5940,0.0000,999,1000,1000,1,42.1194
76310.0000,7631,2969.5978,0.0000,999,1000,1000,1,42.1629
76320.0000,7632,2969.6016,0.0000,998,998,998,1,41.9605
76330.0000,7633,2969.6053,0.0000,1000,1000,1000,1,41.6767
76340.0000,7634,2969.6092,0.0000,1000,999,1000,1,41.8023
76350.0000,7635,2969.6129,0.0000,999,1000,1000,1,41.8459
76360.0000,7636,2969.6169,0.0000,999,1000,1000,1,41.8895
76370.0000,7637,2969.6207,0.0000,999,999,1000,1,41.9329
76380.0000,7638,2969.6246,0.0000,1000,1000,1000,1,41.9763
76390.0000,7639,2969.6284,0.0000,1000,1000,1000,1,42.0196
76400.0000,7640,2969.6322,0.0000,998,999,999,1,41.9809
76410.0000,7641,2969.6361,0.0000,1000,1000,1000,1,42.1063
76420.0000,7642,2969.6401,0.0000,1000,1000,1000,1,42.2316
76430.0000,7643,2969.6439,0.0000,1000,999,1000,1,42.2746
76440.0000,7644,2969.6477,0.0000,1000,1000,999,1,42.2349
76450.0000,7645,2969.6516,0.0000,999,1000,1000,1,42.1133
76460.0000,7646,2969.6554,0.0000,999,999,1000,1,42.1562
76470.0000,7647,2969.6591,0.0000,1000,1000,1000,1,42.1174
76480.0000,7648,2969.6629,0.0000,999,1000,1000,1,41.9970
76490.0000,7649,2969.6668,0.0000,1000,1000,1000,1,42.1222
76500.0000,7650,2969.6706,0.0000,1000,1000,1000,1,42.2474
76510.0000,7651,2969.6746,0.0000,999,1000,1000,1,42.2906
76520.0000,7652,2969.6784,0.0000,999,999,1000,1,42.0875
76530.0000,7653,2969.6822,0.0000,999,999,1000,1,42.1308
76540.0000,7654,2969.6861,0.0000,999,1000,1000,1,42.0922
76550.0000,7655,2969.6900,0.0000,1000,1000,1000,1,42.2174
76560.0000,7656,2969.6938,0.0000,999,1000,1000,1,42.2605
76570.0000,7657,2969.6976,0.0000,999,999,1000,1,42.3038
76580.0000,7658,2969.7014,0.0000,999,1000,1000,1,42.3471
76590.0000,7659,2969.7053,0.0000,999,1000,1000,1,42.2263
76600.0000,7660,2969.7091,0.0000,999,1000,1000,1,42.3514
76610.0000,7661,2969.7130,0.0000,1000,1000,1000,1,42.4764
76620.0000,7662,2969.7167,0.0000,1000,1000,1000,1,42.3551
76630.0000,7663,2969.7205,0.0000,1000,999,1000,1,42.4800
76640.0000,7664,2969.7244,0.0000,999,999,999,1,42.5227
76650.0000,7665,2969.7283,0.0000,999,1000,1000,1,42.6476
76660.0000,7666,2969.7322,0.0000,1000,1000,1000,1,42.7725
76670.0000,7667,2969.7360,0.0000,1000,1000,1000,1,42.6501
76680.0000,7668,2969.7397,0.0000,1000,1000,1000,1,42.6098
76690.0000,7669,2969.7435,0.0000,999,999,1000,1,42.6520
76700.0000,7670,2969.7474,0.0000,999,1000,1000,1,42.7769
76710.0000,7671,2969.7513,0.0000,1000,1000,1000,1,42.9016
76720.0000,7672,2969.7551,0.0000,1000,1000,1000,1,42.9437
76730.0000,7673,2969.7589,0.0000,1000,1000,1000,1,42.9858
76740.0000,7674,2969.7627,0.0000,1000,1000,1000,1,42.9454
76750.0000,7675,2969.7666,0.0000,1000,1000,1000,1,42.9878
76760.0000,7676,2969.7705,0.0000,1000,1000,1000,1,43.0301
76770.0000,7677,2969.7743,0.0000,999,1000,1000,1,43.1548
76780.0000,7678,2969.7781,0.0000,999,1000,999,1,43.0320
76790.0000,7679,2969.7819,0.0000,1000,1000,1000,1,42.9913
76800.0000,7680,2969.7856,0.0000,999,999,999,1,42.7859
76810.0000,7681,2969.7895,0.0000,1000,1000,1000,1,42.9105
76820.0000,7682,2969.7934,0.0000,1000,1000,1000,1,43.0351
76830.0000,7683,2969.7971,0.0000,999,1000,999,1,42.9945
76840.0000,7684,2969.8008,0.0000,1000,1000,998,1,42.8719
76850.0000,7685,2969.8046,0.0000,1000,1000,1000,1,42.9964
76860.0000,7686,2969.8084,0.0000,999,999,1000,1,43.1209
76870.0000,7687,2969.8122,0.0000,999,1000,1000,1,43.2454
76880.0000,7688,2969.8160,0.0000,999,1000,1000,1,43.2047
76890.0000,7689,2969.8198,0.0000,999,999,1000,1,43.2466
76900.0000,7690,2969.8236,0.0000,999,1000,1000,1,43.2885
76910.0000,7691,2969.8275,0.0000,999,1000,1000,1,43.2481
76920.0000,7692,2969.8313,0.0000,1000,1000,1000,1,43.2076
76930.0000,7693,2969.8351,0.0000,1000,1000,1000,1,43.1668
76940.0000,7694,2969.8389,0.0000,1000,999,1000,1,43.2085
76950.0000,7695,2969.8426,0.0000,1000,1000,1000,1,43.3328
76960.0000,7696,2969.8464,0.0000,998,1000,1000,1,43.1259
76970.0000,7697,2969.8502,0.0000,1000,999,1000,1,43.0847
76980.0000,7698,2969.8539,0.0000,999,998,999,1,42.8780
76990.0000,7699,2969.8577,0.0000,1000,1000,999,1,42.8368
77000.0000,7700,2969.8615,0.0000,1000,1000,1000,1,42.9610
77010.0000,7701,2969.8652,0.0000,999,999,1000,1,42.8374
77020.0000,7702,2969.8689,0.0000,1000,999,1000,1,42.7962
77030.0000,7703,2969.8726,0.0000,999,1000,1000,1,42.5078
77040.0000,7704,2969.8764,0.0000,999,999,1000,1,42.6321
77050.0000,7705,2969.8801,0.0000,998,999,999,1,42.4262
77060.0000,7706,2969.8835,0.0000,999,998,999,1,42.1378
77070.0000,7707,2969.8873,0.0000,999,1000,1000,1,42.0975
77080.0000,7708,2969.8910,0.0000,1000,1000,1000,1,42.1395
77090.0000,7709,2969.8948,0.0000,1000,1000,1000,1,42.0990
77100.0000,7710,2969.8985,0.0000,999,1000,1000,1,41.9759
77110.0000,7711,2969.9022,0.0000,1000,1000,1000,1,41.9352
77120.0000,7712,2969.9061,0.0000,999,1000,1000,1,42.0594
77130.0000,7713,2969.9099,0.0000,1000,1000,1000,1,42.1836
77140.0000,7714,2969.9137,0.0000,1000,999,999,1,42.2250
77150.0000,7715,2969.9175,0.0000,999,1000,1000,1,42.1835
77160.0000,7716,2969.9213,0.0000,1000,1000,1000,1,42.2246
77170.0000,7717,2969.9251,0.0000,1000,1000,1000,1,42.2660
77180.0000,7718,2969.9288,0.0000,1000,1000,1000,1,42.3073
77190.0000,7719,2969.9326,0.0000,1000,1000,1000,1,42.4313
77200.0000,7720,2969.9364,0.0000,1000,1000,1000,1,42.5554
77210.0000,7721,2969.9402,0.0000,999,1000,1000,1,42.6794
77220.0000,7722,2969.9439,0.0000,1000,1000,999,1,42.5537
77230.0000,7723,2969.9477,0.0000,999,999,1000,1,42.6777
77240.0000,7724,2969.9515,0.0000,1000,999,1000,1,42.8016
77250.0000,7725,2969.9553,0.0000,999,1000,1000,1,42.8422
77260.0000,7726,2969.9589,0.0000,999,1000,1000,1,42.7161
77270.0000,7727,2969.9626,0.0000,1000,999,1000,1,42.6732
77280.0000,7728,2969.9663,0.0000,999,1000,1000,1,42.6302
77290.0000,7729,2969.9700,0.0000,999,999,1000,1,42.6706
77300.0000,7730,2969.9737,0.0000,1000,1000,1000,1,42.5444
77310.0000,7731,2969.9775,0.0000,1000,1000,1000,1,42.5848
77320.0000,7732,2969.9812,0.0000,998,1000,1000,1,42.4586
77330.0000,7733,2969.9849,0.0000,999,1000,1000,1,42.4990
77340.0000,7734,2969.9886,0.0000,998,999,999,1,42.4558
77350.0000,7735,2969.9923,0.0000,1000,1000,1000,1,42.3293
77360.0000,7736,2969.9961,0.0000,999,1000,1000,1,42.4531
77370.0000,7737,2969.9999,0.0000,1000,1000,1000,1,42.4933
77380.0000,7738,2970.0035,0.0000,1000,1000,1000,1,42.3667
77390.0000,7739,2970.0072,0.0000,1000,1000,1000,1,42.4073
77400.0000,7740,2970.0109,0.0000,999,999,1000,1,42.5310
77410.0000,7741,2970.0147,0.0000,1000,1000,1000,1,42.5714
77420.0000,7742,2970.0184,0.0000,1000,999,1000,1,42.5282
77430.0000,7743,2970.0222,0.0000,1000,1000,1000,1,42.4851
77440.0000,7744,2970.0259,0.0000,999,999,1000,1,42.4419
77450.0000,7745,2970.0297,0.0000,1000,1000,1000,1,42.5655
77460.0000,7746,2970.0333,0.0000,999,1000,1000,1,42.6055
77470.0000,7747,2970.0370,0.0000,999,999,1000,1,42.4781
77480.0000,7748,2970.0406,0.0000,999,999,1000,1,42.4343
77490.0000,7749,2970.0445,0.0000,1000,1000,1000,1,42.5579
77500.0000,7750,2970.0482,0.0000,999,1000,1000,1,42.5977
77510.0000,7751,2970.0520,0.0000,1000,999,1000,1,42.7212
77520.0000,7752,2970.0557,0.0000,998,999,999,1,42.6768
77530.0000,7753,2970.0593,0.0000,998,999,999,1,42.6323
77540.0000,7754,2970.0630,0.0000,999,999,999,1,42.5040
77550.0000,7755,2970.0667,0.0000,998,999,999,1,42.4596
77560.0000,7756,2970.0704,0.0000,999,999,1000,1,42.4152
77570.0000,7757,2970.0741,0.0000,999,999,1000,1,42.3707
77580.0000,7758,2970.0778,0.0000,999,1000,1000,1,42.2422
77590.0000,7759,2970.0815,0.0000,999,999,1000,1,42.2817
77600.0000,7760,2970.0852,0.0000,1000,1000,1000,1,42.1534
77610.0000,7761,2970.0890,0.0000,999,1000,1000,1,42.1929
77620.0000,7762,2970.0928,0.0000,999,1000,1000,1,42.3163
77630.0000,7763,2970.0964,0.0000,999,999,1000,1,42.1048
77640.0000,7764,2970.1001,0.0000,999,999,1000,1,42.1448
77650.0000,7765,2970.1038,0.0000,999,999,1000,1,42.1846
77660.0000,7766,2970.1076,0.0000,1000,1000,1000,1,42.1407
77670.0000,7767,2970.1114,0.0000,999,1000,1000,1,42.2640
77680.0000,7768,2970.1151,0.0000,1000,1000,1000,1,42.3873
77690.0000,7769,2970.1189,0.0000,1000,1000,1000,1,42.4267
77700.0000,7770,2970.1227,0.0000,1000,1000,1000,1,42.5499
77710.0000,7771,2970.1265,0.0000,1000,1000,1000,1,42.6731
77720.0000,7772,2970.1300,0.0000,998,998,999,1,42.3758
77730.0000,7773,2970.1337,0.0000,1000,1000,1000,1,42.3315
77740.0000,7774,2970.1372,0.0000,998,999,999,1,42.2874
77750.0000,7775,2970.1409,0.0000,1000,1000,1000,1,42.2434
77760.0000,7776,2970.1446,0.0000,1000,1000,1000,1,42.2830
77770.0000,7777,2970.1483,0.0000,999,1000,1000,1,42.1549
77780.0000,7778,2970.1519,0.0000,999,1000,1000,1,41.9433
77790.0000,7779,2970.1556,0.0000,1000,1000,1000,1,41.9828
77800.0000,7780,2970.1593,0.0000,999,1000,1000,1,41.9384
77810.0000,7781,2970.1630,0.0000,999,999,1000,1,41.9779
77820.0000,7782,2970.1668,0.0000,1000,1000,1000,1,42.1010
77830.0000,7783,2970.1705,0.0000,999,999,999,1,41.9726
77840.0000,7784,2970.1741,0.0000,999,1000,1000,1,41.9279
77850.0000,7785,2970.1779,0.0000,1000,1000,1000,1,42.0509
77860.0000,7786,2970.1816,0.0000,999,1000,1000,1,42.1740
77870.0000,7787,2970.1853,0.0000,999,999,1000,1,42.1292
77880.0000,7788,2970.1890,0.0000,1000,1000,1000,1,42.0846
77890.0000,7789,2970.1927,0.0000,1000,1000,1000,1,42.1240
77900.0000,7790,2970.1964,0.0000,999,1000,1000,1,42.2470
77910.0000,7791,2970.2002,0.0000,999,999,1000,1,42.2864
77920.0000,7792,2970.2038,0.0000,1000,1000,1000,1,42.2425
77930.0000,7793,2970.2075,0.0000,1000,1000,1000,1,42.3654
77940.0000,7794,2970.2112,0.0000,999,1000,1000,1,42.3215
77950.0000,7795,2970.2149,0.0000,999,1000,1000,1,42.2777
77960.0000,7796,2970.2186,0.0000,999,1000,1000,1,42.4006
77970.0000,7797,2970.2223,0.0000,1000,999,1000,1,42.3565
77980.0000,7798,2970.2259,0.0000,1000,1000,1000,1,42.3959
77990.0000,7799,2970.2296,0.0000,1000,1000,1000,1,42.4352
78000.0000,7800,2970.2333,0.0000,999,1000,1000,1,42.3911
78010.0000,7801,2970.2369,0.0000,999,1000,1000,1,42.2638
78020.0000,7802,2970.2404,0.0000,998,999,1000,1,41.8040
78030.0000,7803,2970.2441,0.0000,1000,1000,1000,1,41.8441
78040.0000,7804,2970.2478,0.0000,999,1000,1000,1,41.7195
78050.0000,7805,2970.2515,0.0000,999,1000,1000,1,41.7599
78060.0000,7806,2970.2552,0.0000,1000,999,1000,1,41.7176
78070.0000,7807,2970.2589,0.0000,999,1000,1000,1,41.8403
78080.0000,7808,2970.2626,0.0000,999,999,1000,1,41.7976
78090.0000,7809,2970.2663,0.0000,1000,1000,1000,1,41.8376
78100.0000,7810,2970.2701,0.0000,999,1000,1000,1,41.9603
78110.0000,7811,2970.2737,0.0000,999,1000,1000,1,41.9171
78120.0000,7812,2970.2774,0.0000,1000,1000,1000,1,41.9567
78130.0000,7813,2970.2811,0.0000,999,1000,1000,1,42.0794
78140.0000,7814,2970.2848,0.0000,1000,1000,1000,1,42.2019
78150.0000,7815,2970.2885,0.0000,1000,1000,1000,1,42.3245
78160.0000,7816,2970.2922,0.0000,999,1000,1000,1,42.4470
78170.0000,7817,2970.2958,0.0000,999,999,1000,1,42.2363
78180.0000,7818,2970.2995,0.0000,1000,1000,1000,1,42.2755
78190.0000,7819,2970.3032,0.0000,1000,999,1000,1,42.3980
78200.0000,7820,2970.3068,0.0000,1000,999,1000,1,42.3536
78210.0000,7821,2970.3105,0.0000,999,1000,1000,1,42.3927
78220.0000,7822,2970.3141,0.0000,999,1000,1000,1,42.2649
78230.0000,7823,2970.3178,0.0000,1000,1000,1000,1,42.3873
78240.0000,7824,2970.3214,0.0000,1000,1000,1000,1,42.2592
78250.0000,7825,2970.3249,0.0000,1000,1000,1000,1,42.2146
78260.0000,7826,2970.3286,0.0000,999,1000,999,1,42.0868
78270.0000,7827,2970.3323,0.0000,999,1000,999,1,42.1259
78280.0000,7828,2970.3359,0.0000,999,1000,999,1,42.1649
78290.0000,7829,2970.3395,0.0000,999,1000,999,1,42.1205
78300.0000,7830,2970.3430,0.0000,999,1000,1000,1,42.0761
78310.0000,7831,2970.3467,0.0000,999,999,1000,1,42.1984
78320.0000,7832,2970.3504,0.0000,1000,1000,1000,1,42.1541
78330.0000,7833,2970.3539,0.0000,998,998,1000,1,41.9434
78340.0000,7834,2970.3572,0.0000,1000,999,1000,1,41.5670
78350.0000,7835,2970.3609,0.0000,1000,1000,1000,1,41.3578
78360.0000,7836,2970.3646,0.0000,1000,1000,1000,1,41.4801
78370.0000,7837,2970.3683,0.0000,1000,1000,1000,1,41.5195
78380.0000,7838,2970.3719,0.0000,1000,1000,1000,1,41.5587
78390.0000,7839,2970.3756,0.0000,1000,1000,1000,1,41.6810
78400.0000,7840,2970.3792,0.0000,1000,1000,1000,1,41.5534
78410.0000,7841,2970.3828,0.0000,1000,1000,1000,1,41.5089
78420.0000,7842,2970.3865,0.0000,1000,1000,1000,1,41.5480
78430.0000,7843,2970.3901,0.0000,1000,1000,1000,1,41.5869
78440.0000,7844,2970.3937,0.0000,999,1000,1000,1,41.6259
78450.0000,7845,2970.3973,0.0000,999,1000,1000,1,41.3327
78460.0000,7846,2970.4010,0.0000,999,999,1000,1,41.3720
78470.0000,7847,2970.4046,0.0000,999,999,1000,1,41.4113
78480.0000,7848,2970.4081,0.0000,999,999,1000,1,41.3680
78490.0000,7849,2970.4117,0.0000,1000,1000,1000,1,41.4074
78500.0000,7850,2970.4154,0.0000,999,999,999,1,41.3639
78510.0000,7851,2970.4189,0.0000,998,999,1000,1,41.2382
78520.0000,7852,2970.4225,0.0000,1000,1000,1000,1,41.1138
78530.0000,7853,2970.4262,0.0000,999,1000,1000,1,41.2359
78540.0000,7854,2970.4298,0.0000,1000,1000,1000,1,41.1934
78550.0000,7855,2970.4335,0.0000,1000,1000,1000,1,41.3154
78560.0000,7856,2970.4372,0.0000,1000,1000,1000,1,41.4374
78570.0000,7857,2970.4409,0.0000,999,999,1000,1,41.4769
78580.0000,7858,2970.4446,0.0000,1000,1000,1000,1,41.5988
78590.0000,7859,2970.4482,0.0000,999,1000,1000,1,41.5552
78600.0000,7860,2970.4518,0.0000,1000,1000,1000,1,41.6771
78610.0000,7861,2970.4554,0.0000,999,1000,1000,1,41.5507
78620.0000,7862,2970.4590,0.0000,999,999,999,1,41.5071
78630.0000,7863,2970.4626,0.0000,998,999,999,1,41.5463
78640.0000,7864,2970.4662,0.0000,999,1000,1000,1,41.5855
78650.0000,7865,2970.4698,0.0000,999,999,999,1,41.5419
78660.0000,7866,2970.4733,0.0000,1000,1000,1000,1,41.4158
78670.0000,7867,2970.4768,0.0000,999,999,999,1,41.2082
78680.0000,7868,2970.4802,0.0000,999,999,1000,1,41.0836
78690.0000,7869,2970.4837,0.0000,1000,1000,1000,1,41.1233
78700.0000,7870,2970.4874,0.0000,1000,999,1000,1,41.2452
78710.0000,7871,2970.4911,0.0000,999,999,1000,1,41.3670
78720.0000,7872,2970.4947,0.0000,1000,1000,1000,1,41.2416
78730.0000,7873,2970.4983,0.0000,999,999,999,1,41.2810
78740.0000,7874,2970.5019,0.0000,1000,1000,1000,1,41.2379
78750.0000,7875,2970.5057,0.0000,1000,1000,1000,1,41.3596
78760.0000,7876,2970.5093,0.0000,1000,1000,1000,1,41.4814
78770.0000,7877,2970.5130,0.0000,999,999,1000,1,41.6030
78780.0000,7878,2970.5166,0.0000,1000,1000,1000,1,41.7247
78790.0000,7879,2970.5203,0.0000,999,1000,1000,1,41.8463
78800.0000,7880,2970.5239,0.0000,1000,1000,1000,1,41.8017
78810.0000,7881,2970.5276,0.0000,1000,1000,1000,1,41.9233
78820.0000,7882,2970.5312,0.0000,1000,1000,1000,1,42.0448
78830.0000,7883,2970.5349,0.0000,1000,999,1000,1,42.1663
78840.0000,7884,2970.5385,0.0000,999,999,1000,1,42.2045
78850.0000,7885,2970.5421,0.0000,999,999,1000,1,42.0762
78860.0000,7886,2970.5457,0.0000,1000,1000,1000,1,41.9487
78870.0000,7887,2970.5493,0.0000,1000,1000,1000,1,42.0702
78880.0000,7888,2970.5530,0.0000,1000,1000,1000,1,42.1916
78890.0000,7889,2970.5565,0.0000,1000,999,1000,1,41.9811
78900.0000,7890,2970.5600,0.0000,999,999,1000,1,41.7720
78910.0000,7891,2970.5636,0.0000,1000,1000,1000,1,41.7282
78920.0000,7892,2970.5672,0.0000,1000,999,1000,1,41.6842
78930.0000,7893,2970.5709,0.0000,1000,1000,1000,1,41.8056
78940.0000,7894,2970.5745,0.0000,999,999,1000,1,41.9270
78950.0000,7895,2970.5781,0.0000,1000,1000,1000,1,41.9656
78960.0000,7896,2970.5816,0.0000,999,1000,1000,1,41.9212
78970.0000,7897,2970.5852,0.0000,999,999,1000,1,41.9597
78980.0000,7898,2970.5887,0.0000,998,1000,1000,1,41.6664
78990.0000,7899,2970.5922,0.0000,997,998,999,1,41.6219
79000.0000,7900,2970.5957,0.0000,999,999,1000,1,41.6604
79010.0000,7901,2970.5993,0.0000,1000,1000,1000,1,41.6988
79020.0000,7902,2970.6029,0.0000,1000,999,1000,1,41.6543
79030.0000,7903,2970.6065,0.0000,1000,999,1000,1,41.6928
79040.0000,7904,2970.6101,0.0000,1000,1000,1000,1,41.6487
79050.0000,7905,2970.6137,0.0000,999,999,999,1,41.6873
79060.0000,7906,2970.6172,0.0000,1000,999,1000,1,41.7257
79070.0000,7907,2970.6208,0.0000,1000,1000,1000,1,41.7642
79080.0000,7908,2970.6245,0.0000,1000,1000,1000,1,41.8027
79090.0000,7909,2970.6279,0.0000,1000,1000,1000,1,41.6761
79100.0000,7910,2970.6316,0.0000,1000,999,1000,1,41.7147
79110.0000,7911,2970.6351,0.0000,1000,1000,999,1,41.7531
79120.0000,7912,2970.6388,0.0000,999,1000,1000,1,41.8742
79130.0000,7913,2970.6423,0.0000,999,1000,1000,1,41.9126
79140.0000,7914,2970.6459,0.0000,1000,1000,1000,1,41.9510
79150.0000,7915,2970.6495,0.0000,1000,999,1000,1,42.0720
79160.0000,7916,2970.6531,0.0000,999,999,1000,1,42.1930
79170.0000,7917,2970.6566,0.0000,1000,999,1000,1,41.9840
79180.0000,7918,2970.6601,0.0000,999,1000,1000,1,41.9402
79190.0000,7919,2970.6637,0.0000,999,1000,1000,1,42.0612
79200.0000,7920,2970.6672,0.0000,999,1000,1000,1,41.8532
79210.0000,7921,2970.6708,0.0000,1000,1000,1000,1,41.8922
79220.0000,7922,2970.6743,0.0000,1000,1000,1000,1,41.6849
79230.0000,7923,2970.6779,0.0000,999,1000,1000,1,41.7237
79240.0000,7924,2970.6816,0.0000,998,999,999,1,41.6805
79250.0000,7925,2970.6852,0.0000,1000,1000,1000,1,41.8014
79260.0000,7926,2970.6888,0.0000,1000,1000,999,1,41.7579
79270.0000,7927,2970.6924,0.0000,999,1000,1000,1,41.7145
79280.0000,7928,2970.6958,0.0000,1000,1000,1000,1,41.4252
79290.0000,7929,2970.6994,0.0000,999,1000,1000,1,41.4643
79300.0000,7930,2970.7030,0.0000,1000,1000,1000,1,41.5032
79310.0000,7931,2970.7066,0.0000,1000,1000,1000,1,41.6241
79320.0000,7932,2970.7102,0.0000,1000,1000,1000,1,41.7449
79330.0000,7933,2970.7138,0.0000,999,1000,1000,1,41.8657
79340.0000,7934,2970.7174,0.0000,1000,1000,1000,1,41.9865
79350.0000,7935,2970.7209,0.0000,999,1000,1000,1,41.8599
79360.0000,7936,2970.7245,0.0000,1000,1000,1000,1,41.8981
79370.0000,7937,2970.7281,0.0000,999,999,1000,1,42.0188
79380.0000,7938,2970.7317,0.0000,999,1000,1000,1,42.1395
79390.0000,7939,2970.7352,0.0000,1000,1000,1000,1,42.0117
79400.0000,7940,2970.7388,0.0000,999,999,1000,1,41.9666
79410.0000,7941,2970.7423,0.0000,999,1000,1000,1,41.8394
79420.0000,7942,2970.7459,0.0000,1000,1000,1000,1,41.8777
79430.0000,7943,2970.7494,0.0000,998,1000,999,1,41.8335
79440.0000,7944,2970.7530,0.0000,999,1000,1000,1,41.9541
79450.0000,7945,2970.7566,0.0000,1000,999,1000,1,41.9922
79460.0000,7946,2970.7601,0.0000,999,999,1000,1,42.0302
79470.0000,7947,2970.7637,0.0000,1000,1000,1000,1,42.1508
79480.0000,7948,2970.7672,0.0000,999,1000,1000,1,42.0235
79490.0000,7949,2970.7708,0.0000,999,1000,1000,1,41.8964
79500.0000,7950,2970.7743,0.0000,1000,1000,999,1,41.9344
79510.0000,7951,2970.7778,0.0000,999,1000,1000,1,41.9723
79520.0000,7952,2970.7814,0.0000,999,1000,1000,1,42.0928
79530.0000,7953,2970.7850,0.0000,999,1000,1000,1,42.2132
79540.0000,7954,2970.7886,0.0000,1000,1000,1000,1,42.0853
79550.0000,7955,2970.7922,0.0000,999,1000,1000,1,42.2057
79560.0000,7956,2970.7958,0.0000,999,1000,1000,1,42.1602
79570.0000,7957,2970.7993,0.0000,999,1000,1000,1,42.1978
79580.0000,7958,2970.8029,0.0000,999,1000,1000,1,42.2353
79590.0000,7959,2970.8064,0.0000,999,1000,1000,1,42.3557
79600.0000,7960,2970.8099,0.0000,1000,1000,1000,1,42.3931
79610.0000,7961,2970.8132,0.0000,998,999,1000,1,42.2646
79620.0000,7962,2970.8167,0.0000,1000,1000,1000,1,42.2192
79630.0000,7963,2970.8203,0.0000,999,1000,999,1,42.1735
79640.0000,7964,2970.8237,0.0000,999,1000,1000,1,42.2106
79650.0000,7965,2970.8273,0.0000,1000,999,1000,1,42.1646
79660.0000,7966,2970.8308,0.0000,999,999,1000,1,42.1183
79670.0000,7967,2970.8344,0.0000,999,999,1000,1,42.1552
79680.0000,7968,2970.8378,0.0000,1000,999,1000,1,42.0258
79690.0000,7969,2970.8413,0.0000,1000,1000,1000,1,41.8974
79700.0000,7970,2970.8450,0.0000,1000,1000,1000,1,42.0176
79710.0000,7971,2970.8485,0.0000,999,1000,1000,1,41.9717
79720.0000,7972,2970.8519,0.0000,1000,1000,1000,1,41.9261
79730.0000,7973,2970.8555,0.0000,1000,1000,1000,1,41.7976
79740.0000,7974,2970.8590,0.0000,999,1000,1000,1,41.8349
79750.0000,7975,2970.8625,0.0000,999,1000,1000,1,41.7893
79760.0000,7976,2970.8660,0.0000,999,1000,1000,1,41.9094
79770.0000,7977,2970.8695,0.0000,999,1000,1000,1,41.7810
79780.0000,7978,2970.8731,0.0000,1000,1000,1000,1,41.9011
79790.0000,7979,2970.8767,0.0000,1000,1000,1000,1,42.0212
79800.0000,7980,2970.8803,0.0000,1000,1000,1000,1,42.1413
79810.0000,7981,2970.8838,0.0000,1000,1000,1000,1,42.2613
79820.0000,7982,2970.8873,0.0000,1000,1000,1000,1,42.2146
79830.0000,7983,2970.8909,0.0000,999,1000,1000,1,42.3346
79840.0000,7984,2970.8944,0.0000,1000,1000,1000,1,42.3711
79850.0000,7985,2970.8980,0.0000,1000,1000,1000,1,42.4910
79860.0000,7986,2970.9015,0.0000,1000,999,1000,1,42.6109
79870.0000,7987,2970.9050,0.0000,1000,1000,1000,1,42.4803
79880.0000,7988,2970.9085,0.0000,1000,1000,1000,1,42.5167
79890.0000,7989,2970.9121,0.0000,999,1000,1000,1,42.5530
79900.0000,7990,2970.9156,0.0000,999,999,1000,1,42.6729
79910.0000,7991,2970.9190,0.0000,999,999,999,1,42.6251
79920.0000,7992,2970.9225,0.0000,1000,999,1000,1,42.6612
79930.0000,7993,2970.9260,0.0000,999,999,1000,1,42.4459
79940.0000,7994,2970.9293,0.0000,999,1000,1000,1,42.3142
79950.0000,7995,2970.9329,0.0000,999,999,999,1,42.3500
79960.0000,7996,2970.9364,0.0000,999,1000,999,1,42.3858
79970.0000,7997,2970.9399,0.0000,1000,1000,1000,1,42.4216
79980.0000,7998,2970.9434,0.0000,998,998,999,1,42.2889
79990.0000,7999,2970.9468,0.0000,999,1000,1000,1,42.2404
80000.0000,8000,2970.9502,0.0000,999,1000,1000,1,42.1917
80010.0000,8001,2970.9537,0.0000,1000,1000,1000,1,42.2272
80020.0000,8002,2970.9573,0.0000,1000,1000,1000,1,42.3469
80030.0000,8003,2970.9608,0.0000,998,998,999,1,42.3821
80040.0000,8004,2970.9643,0.0000,999,1000,1000,1,42.3330
80050.0000,8005,2970.9677,0.0000,1000,1000,1000,1,42.1165
80060.0000,8006,2970.9712,0.0000,1000,1000,1000,1,42.2361
80070.0000,8007,2970.9747,0.0000,1000,1000,1000,1,42.1879
80080.0000,8008,2970.9782,0.0000,999,1000,1000,1,42.2236
80090.0000,8009,2970.9817,0.0000,999,1000,1000,1,42.2590
80100.0000,8010,2970.9852,0.0000,1000,1000,1000,1,42.2108
80110.0000,8011,2970.9887,0.0000,999,1000,1000,1,42.2464
80120.0000,8012,2970.9921,0.0000,999,999,999,1,42.1144
80130.0000,8013,2970.9956,0.0000,1000,1000,1000,1,42.2339
80140.0000,8014,2970.9992,0.0000,999,1000,1000,1,42.3534
80150.0000,8015,2971.0028,0.0000,1000,1000,1000,1,42.4729
80160.0000,8016,2971.0063,0.0000,1000,1000,1000,1,42.5082
80170.0000,8017,2971.0098,0.0000,1000,1000,1000,1,42.6276
80180.0000,8018,2971.0132,0.0000,1000,1000,1000,1,42.5782
80190.0000,8019,2971.0167,0.0000,1000,1000,1000,1,42.6132
80200.0000,8020,2971.0202,0.0000,1000,1000,1000,1,42.6481
80210.0000,8021,2971.0238,0.0000,1000,1000,1000,1,42.7674
80220.0000,8022,2971.0273,0.0000,1000,1000,1000,1,42.8021
80230.0000,8023,2971.0307,0.0000,1000,999,1000,1,42.7523
80240.0000,8024,2971.0343,0.0000,1000,1000,1000,1,42.8716
80250.0000,8025,2971.0378,0.0000,1000,1000,1000,1,42.8214
80260.0000,8026,2971.0413,0.0000,999,1000,1000,1,42.7711
80270.0000,8027,2971.0448,0.0000,999,999,999,1,42.5510
80280.0000,8028,2971.0483,0.0000,999,999,1000,1,42.6703
80290.0000,8029,2971.0519,0.0000,1000,1000,1000,1,42.7895
80300.0000,8030,2971.0553,0.0000,999,1000,999,1,42.6537
80310.0000,8031,2971.0587,0.0000,999,999,1000,1,42.7729
80320.0000,8032,2971.0621,0.0000,1000,1000,1000,1,42.5526
80330.0000,8033,2971.0656,0.0000,999,999,1000,1,42.5869
80340.0000,8034,2971.0691,0.0000,1000,1000,1000,1,42.6213
80350.0000,8035,2971.0726,0.0000,1000,1000,1000,1,42.6557
80360.0000,8036,2971.0760,0.0000,999,1000,1000,1,42.5206
80370.0000,8037,2971.0794,0.0000,1000,1000,1000,1,42.4703
80380.0000,8038,2971.0830,0.0000,1000,1000,1000,1,42.5047
80390.0000,8039,2971.0864,0.0000,998,1000,1000,1,42.4546
80400.0000,8040,2971.0897,0.0000,998,999,999,1,42.2357
80410.0000,8041,2971.0932,0.0000,1000,1000,1000,1,42.3548
80420.0000,8042,2971.0967,0.0000,999,999,1000,1,42.4739
80430.0000,8043,2971.1001,0.0000,1000,1000,1000,1,42.3392
80440.0000,8044,2971.1036,0.0000,1000,1000,1000,1,42.4583
80450.0000,8045,2971.1071,0.0000,999,1000,1000,1,42.5773
80460.0000,8046,2971.1105,0.0000,1000,1000,1000,1,42.6963
80470.0000,8047,2971.1140,0.0000,999,1000,1000,1,42.6452
80480.0000,8048,2971.1174,0.0000,999,999,999,1,42.6790
80490.0000,8049,2971.1208,0.0000,1000,999,1000,1,42.6276
80500.0000,8050,2971.1244,0.0000,999,1000,1000,1,42.7466
80510.0000,8051,2971.1278,0.0000,999,999,1000,1,42.7803
80520.0000,8052,2971.1313,0.0000,999,999,1000,1,42.7286
80530.0000,8053,2971.1347,0.0000,999,1000,1000,1,42.5918
80540.0000,8054,2971.1382,0.0000,1000,1000,999,1,42.6254
80550.0000,8055,2971.1416,0.0000,999,1000,1000,1,42.4882
80560.0000,8056,2971.1451,0.0000,1000,1000,1000,1,42.3513
80570.0000,8057,2971.1484,0.0000,999,999,999,1,42.2148
80580.0000,8058,2971.1519,0.0000,1000,999,1000,1,42.2486
80590.0000,8059,2971.1553,0.0000,999,1000,1000,1,42.1127
80600.0000,8060,2971.1588,0.0000,1000,999,1000,1,42.1467
80610.0000,8061,2971.1623,0.0000,999,1000,1000,1,42.1808
80620.0000,8062,2971.1658,0.0000,1000,1000,1000,1,42.2148
80630.0000,8063,2971.1693,0.0000,1000,1000,1000,1,42.3336
80640.0000,8064,2971.1728,0.0000,1000,1000,1000,1,42.2829
80650.0000,8065,2971.1761,0.0000,1000,1000,1000,1,42.1474
80660.0000,8066,2971.1796,0.0000,999,1000,999,1,42.1814
80670.0000,8067,2971.1830,0.0000,999,999,1000,1,42.3001
80680.0000,8068,2971.1864,0.0000,1000,1000,1000,1,42.2491
80690.0000,8069,2971.1899,0.0000,999,1000,1000,1,42.3678
80700.0000,8070,2971.1933,0.0000,1000,1000,1000,1,42.3175
80710.0000,8071,2971.1968,0.0000,1000,1000,1000,1,42.3515
80720.0000,8072,2971.2003,0.0000,999,999,1000,1,42.4702
80730.0000,8073,2971.2037,0.0000,1000,1000,1000,1,42.3347
80740.0000,8074,2971.2071,0.0000,999,1000,1000,1,42.4533
80750.0000,8075,2971.2105,0.0000,998,999,999,1,42.3195
80760.0000,8076,2971.2139,0.0000,1000,999,1000,1,42.3539
80770.0000,8077,2971.2173,0.0000,1000,1000,1000,1,42.2202
80780.0000,8078,2971.2208,0.0000,999,1000,1000,1,42.3388
80790.0000,8079,2971.2243,0.0000,1000,1000,1000,1,42.3733
80800.0000,8080,2971.2275,0.0000,998,1000,1000,1,41.9902
80810.0000,8081,2971.2309,0.0000,1000,1000,1000,1,42.0253
80820.0000,8082,2971.2343,0.0000,999,1000,1000,1,42.0604
80830.0000,8083,2971.2376,0.0000,1000,999,1000,1,41.8455
80840.0000,8084,2971.2411,0.0000,999,1000,1000,1,41.9640
80850.0000,8085,2971.2445,0.0000,1000,999,1000,1,41.9991
80860.0000,8086,2971.2477,0.0000,998,999,999,1,41.8677
80870.0000,8087,2971.2511,0.0000,1000,999,1000,1,41.5713
80880.0000,8088,2971.2545,0.0000,999,999,1000,1,41.6068
80890.0000,8089,2971.2579,0.0000,999,999,1000,1,41.5594
80900.0000,8090,2971.2613,0.0000,1000,1000,1000,1,41.6779
80910.0000,8091,2971.2647,0.0000,999,999,999,1,41.4642
80920.0000,8092,2971.2681,0.0000,1000,1000,1000,1,41.5000
80930.0000,8093,2971.2715,0.0000,1000,1000,1000,1,41.2875
80940.0000,8094,2971.2750,0.0000,1000,1000,1000,1,41.4059
80950.0000,8095,2971.2785,0.0000,1000,1000,1000,1,41.4418
80960.0000,8096,2971.2820,0.0000,998,1000,999,1,41.4777
80970.0000,8097,2971.2853,0.0000,999,1000,1000,1,41.4311
80980.0000,8098,2971.2888,0.0000,1000,1000,1000,1,41.5494
80990.0000,8099,2971.2921,0.0000,999,999,1000,1,41.5853
81000.0000,8100,2971.2955,0.0000,999,1000,1000,1,41.3735
81010.0000,8101,2971.2990,0.0000,999,999,999,1,41.4092
81020.0000,8102,2971.3023,0.0000,1000,1000,1000,1,41.4449
81030.0000,8103,2971.3056,0.0000,998,1000,1000,1,41.4804
81040.0000,8104,2971.3089,0.0000,998,998,998,1,41.1851
81050.0000,8105,2971.3123,0.0000,999,1000,1000,1,41.1385
81060.0000,8106,2971.3157,0.0000,999,1000,1000,1,41.1742
81070.0000,8107,2971.3192,0.0000,1000,1000,1000,1,41.2925
81080.0000,8108,2971.3226,0.0000,999,999,1000,1,41.2453
81090.0000,8109,2971.3260,0.0000,1000,1000,1000,1,41.1161
81100.0000,8110,2971.3293,0.0000,1000,999,1000,1,40.9062
81110.0000,8111,2971.3327,0.0000,999,1000,1000,1,40.9428
81120.0000,8112,2971.3361,0.0000,999,1000,1000,1,40.9793
81130.0000,8113,2971.3396,0.0000,999,1000,1000,1,41.0158
81140.0000,8114,2971.3429,0.0000,1000,999,1000,1,40.8896
81150.0000,8115,2971.3463,0.0000,1000,1000,999,1,40.8449
81160.0000,8116,2971.3496,0.0000,1000,1000,1000,1,40.8003
81170.0000,8117,2971.3529,0.0000,999,1000,1000,1,40.5933
81180.0000,8118,2971.3563,0.0000,999,1000,999,1,40.4678
81190.0000,8119,2971.3598,0.0000,999,1000,1000,1,40.5047
81200.0000,8120,2971.3631,0.0000,1000,1000,1000,1,40.3803
81210.0000,8121,2971.3665,0.0000,1000,1000,1000,1,40.3372
81220.0000,8122,2971.3698,0.0000,999,1000,1000,1,40.2137
81230.0000,8123,2971.3732,0.0000,999,999,1000,1,40.1707
81240.0000,8124,2971.3766,0.0000,999,1000,1000,1,40.0481
81250.0000,8125,2971.3800,0.0000,999,1000,1000,1,40.0861
81260.0000,8126,2971.3835,0.0000,1000,1000,1000,1,40.1241
81270.0000,8127,2971.3869,0.0000,999,999,999,1,40.0024
81280.0000,8128,2971.3903,0.0000,998,1000,1000,1,39.8809
81290.0000,8129,2971.3937,0.0000,999,999,1000,1,39.8394
81300.0000,8130,2971.3970,0.0000,999,999,999,1,39.7978
81310.0000,8131,2971.4003,0.0000,1000,1000,1000,1,39.5966
81320.0000,8132,2971.4037,0.0000,1000,1000,1000,1,39.6350
81330.0000,8133,2971.4072,0.0000,1000,1000,1000,1,39.7531
81340.0000,8134,2971.4106,0.0000,1000,1000,1000,1,39.7115
81350.0000,8135,2971.4140,0.0000,999,1000,1000,1,39.7498
81360.0000,8136,2971.4174,0.0000,999,1000,1000,1,39.7881
81370.0000,8137,2971.4207,0.0000,999,1000,1000,1,39.5878
81380.0000,8138,2971.4241,0.0000,1000,1000,1000,1,39.6264
81390.0000,8139,2971.4274,0.0000,999,1000,1000,1,39.5858
81400.0000,8140,2971.4308,0.0000,999,1000,1000,1,39.5453
81410.0000,8141,2971.4342,0.0000,999,999,1000,1,39.5840
81420.0000,8142,2971.4375,0.0000,1000,1000,1000,1,39.4646
81430.0000,8143,2971.4409,0.0000,999,1000,999,1,39.4243
81440.0000,8144,2971.4443,0.0000,1000,1000,1000,1,39.5422
81450.0000,8145,2971.4477,0.0000,1000,1000,1000,1,39.6601
81460.0000,8146,2971.4511,0.0000,1000,1000,1000,1,39.7780
81470.0000,8147,2971.4545,0.0000,999,999,999,1,39.6574
81480.0000,8148,2971.4579,0.0000,1000,999,1000,1,39.7752
81490.0000,8149,2971.4613,0.0000,1000,1000,1000,1,39.8134
81500.0000,8150,2971.4647,0.0000,999,1000,1000,1,39.9312
81510.0000,8151,2971.4682,0.0000,1000,1000,1000,1,39.9692
81520.0000,8152,2971.4716,0.0000,1000,1000,1000,1,40.0071
81530.0000,8153,2971.4751,0.0000,1000,1000,1000,1,40.1248
81540.0000,8154,2971.4784,0.0000,1000,1000,999,1,40.0822
81550.0000,8155,2971.4817,0.0000,999,1000,1000,1,40.1199
81560.0000,8156,2971.4850,0.0000,998,1000,1000,1,40.1574
81570.0000,8157,2971.4884,0.0000,998,999,999,1,40.1948
81580.0000,8158,2971.4918,0.0000,1000,1000,1000,1,40.2322
81590.0000,8159,2971.4952,0.0000,1000,1000,1000,1,40.3499
81600.0000,8160,2971.4986,0.0000,999,999,1000,1,40.3872
81610.0000,8161,2971.5020,0.0000,999,1000,1000,1,40.4244
81620.0000,8162,2971.5054,0.0000,1000,1000,1000,1,40.3814
81630.0000,8163,2971.5088,0.0000,1000,1000,1000,1,40.4186
81640.0000,8164,2971.5122,0.0000,1000,999,1000,1,40.4557
81650.0000,8165,2971.5156,0.0000,1000,1000,1000,1,40.4124
81660.0000,8166,2971.5190,0.0000,999,1000,1000,1,40.5299
81670.0000,8167,2971.5224,0.0000,999,1000,1000,1,40.5668
81680.0000,8168,2971.5258,0.0000,1000,1000,1000,1,40.3618
81690.0000,8169,2971.5292,0.0000,1000,1000,1000,1,40.3987
81700.0000,8170,2971.5325,0.0000,999,999,999,1,40.2738
81710.0000,8171,2971.5358,0.0000,999,1000,1000,1,40.2298
81720.0000,8172,2971.5392,0.0000,1000,999,1000,1,40.3473
81730.0000,8173,2971.5426,0.0000,1000,1000,1000,1,40.3837
81740.0000,8174,2971.5460,0.0000,1000,999,1000,1,40.4201
81750.0000,8175,2971.5493,0.0000,1000,1000,1000,1,40.3755
81760.0000,8176,2971.5528,0.0000,1000,1000,1000,1,40.4118
81770.0000,8177,2971.5562,0.0000,1000,999,1000,1,40.5292
81780.0000,8178,2971.5596,0.0000,1000,999,1000,1,40.6465
81790.0000,8179,2971.5630,0.0000,1000,1000,1000,1,40.7638
81800.0000,8180,2971.5663,0.0000,999,999,999,1,40.7996
81810.0000,8181,2971.5697,0.0000,1000,1000,1000,1,40.9168
81820.0000,8182,2971.5731,0.0000,999,1000,1000,1,41.0340
81830.0000,8183,2971.5765,0.0000,1000,1000,1000,1,41.1512
81840.0000,8184,2971.5799,0.0000,1000,1000,1000,1,41.2684
81850.0000,8185,2971.5833,0.0000,1000,1000,1000,1,41.3855
81860.0000,8186,2971.5867,0.0000,999,1000,1000,1,41.4206
81870.0000,8187,2971.5900,0.0000,999,999,1000,1,41.2099
81880.0000,8188,2971.5933,0.0000,998,999,999,1,41.0813
81890.0000,8189,2971.5966,0.0000,1000,1000,1000,1,41.1165
81900.0000,8190,2971.6000,0.0000,1000,999,1000,1,41.1516
81910.0000,8191,2971.6031,0.0000,999,999,999,1,40.9415
81920.0000,8192,2971.6065,0.0000,1000,999,1000,1,40.9769
81930.0000,8193,2971.6098,0.0000,999,1000,1000,1,41.0122
81940.0000,8194,2971.6132,0.0000,1000,1000,1000,1,41.0475
81950.0000,8195,2971.6166,0.0000,999,1000,1000,1,41.0012
81960.0000,8196,2971.6199,0.0000,999,999,1000,1,40.8738
81970.0000,8197,2971.6232,0.0000,999,999,1000,1,40.7467
81980.0000,8198,2971.6266,0.0000,999,999,1000,1,40.7014
81990.0000,8199,2971.6299,0.0000,999,999,999,1,40.7373
82000.0000,8200,2971.6331,0.0000,998,999,999,1,40.6110
82010.0000,8201,2971.6364,0.0000,1000,1000,1000,1,40.5660
82020.0000,8202,2971.6398,0.0000,999,999,1000,1,40.6018
82030.0000,8203,2971.6431,0.0000,999,1000,1000,1,40.5566
82040.0000,8204,2971.6464,0.0000,1000,1000,1000,1,40.3488
82050.0000,8205,2971.6498,0.0000,999,1000,1000,1,40.4658
82060.0000,8206,2971.6531,0.0000,1000,1000,1000,1,40.5013
82070.0000,8207,2971.6563,0.0000,999,999,999,1,40.2923
82080.0000,8208,2971.6597,0.0000,1000,1000,1000,1,40.4092
82090.0000,8209,2971.6631,0.0000,1000,1000,1000,1,40.5261
82100.0000,8210,2971.6662,0.0000,999,1000,1000,1,40.2353
82110.0000,8211,2971.6695,0.0000,1000,1000,1000,1,40.1091
82120.0000,8212,2971.6729,0.0000,1000,999,1000,1,40.2260
82130.0000,8213,2971.6762,0.0000,999,1000,1000,1,40.3428
82140.0000,8214,2971.6795,0.0000,999,1000,1000,1,40.2973
82150.0000,8215,2971.6828,0.0000,999,999,999,1,40.1711
82160.0000,8216,2971.6862,0.0000,1000,1000,1000,1,40.2070
82170.0000,8217,2971.6896,0.0000,1000,1000,1000,1,40.2428
82180.0000,8218,2971.6928,0.0000,999,999,1000,1,40.1163
82190.0000,8219,2971.6961,0.0000,1000,999,1000,1,40.2331
82200.0000,8220,2971.6995,0.0000,1000,1000,1000,1,40.2689
82210.0000,8221,2971.7028,0.0000,1000,999,1000,1,40.3045
82220.0000,8222,2971.7061,0.0000,1000,1000,1000,1,40.2591
82230.0000,8223,2971.7094,0.0000,999,1000,1000,1,40.2948
82240.0000,8224,2971.7127,0.0000,999,999,1000,1,40.3304
82250.0000,8225,2971.7160,0.0000,999,1000,1000,1,40.4471
82260.0000,8226,2971.7193,0.0000,999,999,1000,1,40.4013
82270.0000,8227,2971.7226,0.0000,999,999,1000,1,40.4367
82280.0000,8228,2971.7260,0.0000,1000,1000,1000,1,40.3909
82290.0000,8229,2971.7293,0.0000,1000,1000,1000,1,40.3460
82300.0000,8230,2971.7326,0.0000,1000,1000,1000,1,40.2209
82310.0000,8231,2971.7359,0.0000,999,998,999,1,40.1761
82320.0000,8232,2971.7392,0.0000,999,999,999,1,40.1315
82330.0000,8233,2971.7425,0.0000,1000,1000,1000,1,40.0875
82340.0000,8234,2971.7458,0.0000,1000,999,999,1,40.1239
82350.0000,8235,2971.7491,0.0000,999,1000,1000,1,40.2404
82360.0000,8236,2971.7525,0.0000,1000,1000,1000,1,40.3569
82370.0000,8237,2971.7559,0.0000,999,1000,1000,1,40.3930
82380.0000,8238,2971.7592,0.0000,1000,1000,1000,1,40.4289
82390.0000,8239,2971.7624,0.0000,999,999,1000,1,40.3843
82400.0000,8240,2971.7657,0.0000,998,998,999,1,40.3396
82410.0000,8241,2971.7688,0.0000,999,999,1000,1,40.2146
82420.0000,8242,2971.7720,0.0000,1000,1000,1000,1,40.0896
82430.0000,8243,2971.7754,0.0000,999,1000,1000,1,40.2061
82440.0000,8244,2971.7786,0.0000,1000,1000,1000,1,40.1615
82450.0000,8245,2971.7817,0.0000,1000,999,1000,1,40.1167
82460.0000,8246,2971.7850,0.0000,999,1000,1000,1,40.0718
82470.0000,8247,2971.7883,0.0000,999,1000,1000,1,40.1882
82480.0000,8248,2971.7916,0.0000,999,999,1000,1,40.2238
82490.0000,8249,2971.7948,0.0000,998,999,999,1,40.0980
82500.0000,8250,2971.7981,0.0000,1000,999,1000,1,40.1337
82510.0000,8251,2971.8015,0.0000,1000,1000,1000,1,40.0890
82520.0000,8252,2971.8048,0.0000,1000,999,1000,1,40.2054
82530.0000,8253,2971.8082,0.0000,999,999,1000,1,40.2411
82540.0000,8254,2971.8114,0.0000,1000,999,1000,1,40.1161
82550.0000,8255,2971.8147,0.0000,999,1000,1000,1,40.2323
82560.0000,8256,2971.8180,0.0000,998,998,999,1,40.1069
82570.0000,8257,2971.8211,0.0000,999,1000,1000,1,40.0624
82580.0000,8258,2971.8245,0.0000,999,999,1000,1,40.1786
82590.0000,8259,2971.8277,0.0000,1000,1000,1000,1,40.1339
82600.0000,8260,2971.8311,0.0000,1000,1000,1000,1,40.2501
82610.0000,8261,2971.8344,0.0000,1000,999,1000,1,40.2856
82620.0000,8262,2971.8377,0.0000,999,1000,1000,1,40.4018
82630.0000,8263,2971.8409,0.0000,999,999,1000,1,40.4371
82640.0000,8264,2971.8441,0.0000,999,999,1000,1,40.3915
82650.0000,8265,2971.8474,0.0000,1000,998,998,1,40.3457
82660.0000,8266,2971.8507,0.0000,1000,1000,1000,1,40.4618
82670.0000,8267,2971.8540,0.0000,1000,1000,1000,1,40.5779
82680.0000,8268,2971.8573,0.0000,999,999,1000,1,40.6127
82690.0000,8269,2971.8606,0.0000,1000,1000,999,1,40.5662
82700.0000,8270,2971.8639,0.0000,1000,1000,1000,1,40.6822
82710.0000,8271,2971.8672,0.0000,999,1000,1000,1,40.7169
82720.0000,8272,2971.8704,0.0000,1000,999,999,1,40.5892
82730.0000,8273,2971.8737,0.0000,1000,1000,1000,1,40.7051
82740.0000,8274,2971.8771,0.0000,999,1000,1000,1,40.8211
82750.0000,8275,2971.8804,0.0000,1000,1000,1000,1,40.8555
82760.0000,8276,2971.8835,0.0000,998,999,999,1,40.5642
82770.0000,8277,2971.8868,0.0000,1000,1000,1000,1,40.4366
82780.0000,8278,2971.8901,0.0000,1000,1000,1000,1,40.4713
82790.0000,8279,2971.8934,0.0000,999,1000,1000,1,40.5060
82800.0000,8280,2971.8967,0.0000,999,1000,1000,1,40.5407
82810.0000,8281,2971.9000,0.0000,999,1000,1000,1,40.5752
82820.0000,8282,2971.9033,0.0000,999,1000,1000,1,40.6910
82830.0000,8283,2971.9066,0.0000,1000,1000,1000,1,40.6440
82840.0000,8284,2971.9099,0.0000,1000,1000,1000,1,40.7598
82850.0000,8285,2971.9132,0.0000,1000,1000,1000,1,40.8755
82860.0000,8286,2971.9165,0.0000,999,999,999,1,40.8283
82870.0000,8287,2971.9198,0.0000,1000,1000,1000,1,40.9440
82880.0000,8288,2971.9231,0.0000,1000,1000,1000,1,41.0597
82890.0000,8289,2971.9264,0.0000,1000,999,1000,1,41.0937
82900.0000,8290,2971.9297,0.0000,1000,1000,1000,1,41.0465
82910.0000,8291,2971.9330,0.0000,1000,999,1000,1,41.1622
82920.0000,8292,2971.9362,0.0000,998,997,998,1,41.1147
82930.0000,8293,2971.9394,0.0000,999,999,999,1,41.1488
82940.0000,8294,2971.9426,0.0000,999,1000,1000,1,41.0201
82950.0000,8295,2971.9458,0.0000,999,1000,1000,1,40.9730
82960.0000,8296,2971.9491,0.0000,1000,1000,1000,1,41.0071
82970.0000,8297,2971.9524,0.0000,1000,1000,1000,1,41.0412
82980.0000,8298,2971.9557,0.0000,999,999,1000,1,41.1567
82990.0000,8299,2971.9590,0.0000,1000,1000,1000,1,41.1089
83000.0000,8300,2971.9622,0.0000,1000,1000,1000,1,40.9797
83010.0000,8301,2971.9654,0.0000,1000,1000,1000,1,41.0952
83020.0000,8302,2971.9688,0.0000,999,1000,1000,1,41.1291
83030.0000,8303,2971.9719,0.0000,999,1000,1000,1,41.0000
83040.0000,8304,2971.9752,0.0000,1000,1000,1000,1,40.9528
83050.0000,8305,2971.9783,0.0000,1000,999,1000,1,40.7428
83060.0000,8306,2971.9815,0.0000,999,999,1000,1,40.6959
83070.0000,8307,2971.9847,0.0000,1000,1000,1000,1,40.4867
83080.0000,8308,2971.9880,0.0000,1000,1000,1000,1,40.6022
83090.0000,8309,2971.9912,0.0000,999,999,999,1,40.6362
83100.0000,8310,2971.9944,0.0000,1000,999,1000,1,40.6702
83110.0000,8311,2971.9976,0.0000,1000,1000,1000,1,40.6229
83120.0000,8312,2972.0007,0.0000,1000,1000,1000,1,40.4946
83130.0000,8313,2972.0040,0.0000,999,1000,1000,1,40.6101
83140.0000,8314,2972.0072,0.0000,1000,1000,1000,1,40.5632
83150.0000,8315,2972.0105,0.0000,999,999,999,1,40.5974
83160.0000,8316,2972.0138,0.0000,998,998,999,1,40.6317
83170.0000,8317,2972.0168,0.0000,999,999,999,1,40.3428
83180.0000,8318,2972.0200,0.0000,1000,1000,1000,1,40.2159
83190.0000,8319,2972.0232,0.0000,999,1000,1000,1,40.1700
83200.0000,8320,2972.0265,0.0000,998,1000,1000,1,40.2046
83210.0000,8321,2972.0297,0.0000,1000,999,1000,1,40.2394
83220.0000,8322,2972.0329,0.0000,1000,1000,1000,1,40.2743
83230.0000,8323,2972.0363,0.0000,1000,1000,1000,1,40.3896
83240.0000,8324,2972.0396,0.0000,1000,1000,1000,1,40.5048
83250.0000,8325,2972.0429,0.0000,1000,1000,1000,1,40.6201
83260.0000,8326,2972.0461,0.0000,1000,1000,999,1,40.6543
83270.0000,8327,2972.0493,0.0000,1000,1000,1000,1,40.6074
83280.0000,8328,2972.0525,0.0000,999,1000,999,1,40.3991
83290.0000,8329,2972.0558,0.0000,1000,1000,1000,1,40.4335
83300.0000,8330,2972.0591,0.0000,1000,1000,1000,1,40.5487
83310.0000,8331,2972.0623,0.0000,999,999,1000,1,40.5023
83320.0000,8332,2972.0656,0.0000,1000,1000,1000,1,40.6175
83330.0000,8333,2972.0688,0.0000,999,999,1000,1,40.6517
83340.0000,8334,2972.0721,0.0000,999,999,1000,1,40.7668
83350.0000,8335,2972.0753,0.0000,999,1000,1000,1,40.8819
83360.0000,8336,2972.0785,0.0000,999,999,1000,1,40.9158
83370.0000,8337,2972.0818,0.0000,999,999,999,1,40.9498
83380.0000,8338,2972.0848,0.0000,999,1000,1000,1,40.8220
83390.0000,8339,2972.0881,0.0000,1000,1000,1000,1,40.9370
83400.0000,8340,2972.0914,0.0000,999,999,1000,1,40.9712
83410.0000,8341,2972.0944,0.0000,1000,999,1000,1,40.7633
83420.0000,8342,2972.0976,0.0000,1000,1000,1000,1,40.7173
83430.0000,8343,2972.1009,0.0000,1000,1000,1000,1,40.7519
83440.0000,8344,2972.1041,0.0000,999,1000,999,1,40.7865
83450.0000,8345,2972.1073,0.0000,999,1000,1000,1,40.8211
83460.0000,8346,2972.1106,0.0000,1000,1000,1000,1,40.9360
83470.0000,8347,2972.1139,0.0000,1000,1000,1000,1,41.0509
83480.0000,8348,2972.1171,0.0000,1000,1000,1000,1,41.0046
83490.0000,8349,2972.1203,0.0000,999,999,1000,1,40.9585
83500.0000,8350,2972.1235,0.0000,1000,1000,1000,1,40.9930
83510.0000,8351,2972.1268,0.0000,1000,1000,1000,1,41.1079
83520.0000,8352,2972.1301,0.0000,1000,1000,1000,1,41.2227
83530.0000,8353,2972.1333,0.0000,999,999,1000,1,40.9344
83540.0000,8354,2972.1364,0.0000,1000,1000,1000,1,40.8882
83550.0000,8355,2972.1397,0.0000,1000,1000,1000,1,40.9227
83560.0000,8356,2972.1430,0.0000,999,1000,1000,1,41.0375
83570.0000,8357,2972.1461,0.0000,1000,1000,1000,1,40.9109
83580.0000,8358,2972.1493,0.0000,999,999,1000,1,41.0256
83590.0000,8359,2972.1526,0.0000,1000,1000,1000,1,41.1403
83600.0000,8360,2972.1556,0.0000,997,998,998,1,40.8537
83610.0000,8361,2972.1587,0.0000,1000,1000,1000,1,40.9684
83620.0000,8362,2972.1620,0.0000,1000,1000,1000,1,41.0027
83630.0000,8363,2972.1651,0.0000,999,999,1000,1,40.9568
83640.0000,8364,2972.1681,0.0000,1000,999,1000,1,40.8310
83650.0000,8365,2972.1714,0.0000,1000,1000,1000,1,40.8656
83660.0000,8366,2972.1746,0.0000,1000,1000,1000,1,40.9002
83670.0000,8367,2972.1778,0.0000,999,999,1000,1,40.9347
83680.0000,8368,2972.1809,0.0000,1000,999,1000,1,40.7284
83690.0000,8369,2972.1841,0.0000,999,1000,1000,1,40.6828
83700.0000,8370,2972.1874,0.0000,999,1000,1000,1,40.7172
83710.0000,8371,2972.1905,0.0000,999,1000,1000,1,40.4312
83720.0000,8372,2972.1937,0.0000,1000,1000,999,1,40.3858
83730.0000,8373,2972.1968,0.0000,998,1000,999,1,40.3402
83740.0000,8374,2972.1999,0.0000,999,1000,1000,1,40.2146
83750.0000,8375,2972.2030,0.0000,999,999,1000,1,40.2491
83760.0000,8376,2972.2062,0.0000,1000,999,1000,1,40.1235
83770.0000,8377,2972.2092,0.0000,999,1000,1000,1,39.9977
83780.0000,8378,2972.2123,0.0000,999,999,1000,1,39.9520
83790.0000,8379,2972.2155,0.0000,1000,1000,1000,1,39.9063
83800.0000,8380,2972.2188,0.0000,1000,1000,1000,1,40.0208
83810.0000,8381,2972.2221,0.0000,1000,1000,1000,1,40.1354
83820.0000,8382,2972.2253,0.0000,1000,1000,999,1,40.1694
83830.0000,8383,2972.2286,0.0000,1000,1000,1000,1,40.2839
83840.0000,8384,2972.2318,0.0000,999,999,1000,1,40.3984
83850.0000,8385,2972.2350,0.0000,1000,1000,1000,1,40.3515
83860.0000,8386,2972.2383,0.0000,999,1000,1000,1,40.4659
83870.0000,8387,2972.2416,0.0000,999,1000,1000,1,40.4996
83880.0000,8388,2972.2447,0.0000,999,1000,1000,1,40.6140
83890.0000,8389,2972.2479,0.0000,1000,1000,1000,1,40.5665
83900.0000,8390,2972.2511,0.0000,999,999,1000,1,40.4385
83910.0000,8391,2972.2543,0.0000,1000,1000,999,1,40.4722
83920.0000,8392,2972.2576,0.0000,999,1000,1000,1,40.5865
83930.0000,8393,2972.2606,0.0000,999,1000,1000,1,40.5395
83940.0000,8394,2972.2638,0.0000,1000,1000,1000,1,40.5731
83950.0000,8395,2972.2670,0.0000,999,1000,1000,1,40.6068
83960.0000,8396,2972.2701,0.0000,999,999,999,1,40.5605
83970.0000,8397,2972.2733,0.0000,1000,1000,1000,1,40.6748
83980.0000,8398,2972.2765,0.0000,999,1000,1000,1,40.7086
83990.0000,8399,2972.2797,0.0000,1000,1000,1000,1,40.7426
84000.0000,8400,2972.2829,0.0000,1000,1000,999,1,40.7765
84010.0000,8401,2972.2861,0.0000,999,999,1000,1,40.8907
84020.0000,8402,2972.2893,0.0000,1000,999,1000,1,40.8439
84030.0000,8403,2972.2925,0.0000,1000,1000,1000,1,40.7972
84040.0000,8404,2972.2958,0.0000,999,999,1000,1,40.9113
84050.0000,8405,2972.2990,0.0000,999,999,1000,1,40.9448
84060.0000,8406,2972.3022,0.0000,999,999,999,1,40.9782
84070.0000,8407,2972.3053,0.0000,998,999,999,1,40.9310
84080.0000,8408,2972.3085,0.0000,999,1000,1000,1,40.9644
84090.0000,8409,2972.3116,0.0000,1000,1000,1000,1,40.8366
84100.0000,8410,2972.3146,0.0000,998,999,998,1,40.7089
84110.0000,8411,2972.3177,0.0000,998,1000,1000,1,40.7423
84120.0000,8412,2972.3208,0.0000,999,1000,1000,1,40.6148
84130.0000,8413,2972.3240,0.0000,1000,999,1000,1,40.6483
84140.0000,8414,2972.3272,0.0000,1000,1000,1000,1,40.6818
84150.0000,8415,2972.3304,0.0000,1000,1000,1000,1,40.7958
84160.0000,8416,2972.3335,0.0000,998,999,999,1,40.6681
84170.0000,8417,2972.3367,0.0000,1000,1000,1000,1,40.6213
84180.0000,8418,2972.3399,0.0000,1000,1000,1000,1,40.7353
84190.0000,8419,2972.3431,0.0000,999,1000,1000,1,40.6884
84200.0000,8420,2972.3462,0.0000,999,1000,1000,1,40.8023
84210.0000,8421,2972.3494,0.0000,999,1000,999,1,40.7552
84220.0000,8422,2972.3525,0.0000,1000,1000,999,1,40.7080
84230.0000,8423,2972.3557,0.0000,999,1000,1000,1,40.8219
84240.0000,8424,2972.3589,0.0000,1000,1000,1000,1,40.9357
84250.0000,8425,2972.3621,0.0000,999,1000,1000,1,41.0496
84260.0000,8426,2972.3652,0.0000,1000,1000,1000,1,41.0020
84270.0000,8427,2972.3684,0.0000,1000,999,1000,1,41.0351
84280.0000,8428,2972.3714,0.0000,1000,999,999,1,40.8261
84290.0000,8429,2972.3746,0.0000,1000,999,1000,1,40.8596
84300.0000,8430,2972.3777,0.0000,1000,1000,1000,1,40.8930
84310.0000,8431,2972.3810,0.0000,999,999,1000,1,41.0068
84320.0000,8432,2972.3840,0.0000,999,1000,1000,1,40.8790
84330.0000,8433,2972.3872,0.0000,999,1000,1000,1,40.9122
84340.0000,8434,2972.3903,0.0000,999,1000,1000,1,40.8649
84350.0000,8435,2972.3935,0.0000,999,1000,1000,1,40.8980
84360.0000,8436,2972.3967,0.0000,1000,1000,1000,1,40.9311
84370.0000,8437,2972.3998,0.0000,1000,1000,1000,1,40.9641
84380.0000,8438,2972.4030,0.0000,999,999,1000,1,40.9162
84390.0000,8439,2972.4061,0.0000,999,1000,1000,1,41.0299
84400.0000,8440,2972.4093,0.0000,999,999,1000,1,41.0627
84410.0000,8441,2972.4125,0.0000,1000,1000,1000,1,41.1763
84420.0000,8442,2972.4155,0.0000,998,1000,1000,1,41.0468
84430.0000,8443,2972.4186,0.0000,1000,1000,1000,1,40.9177
84440.0000,8444,2972.4218,0.0000,999,1000,1000,1,40.9505
84450.0000,8445,2972.4249,0.0000,999,1000,1000,1,41.0640
84460.0000,8446,2972.4280,0.0000,999,1000,1000,1,40.9348
84470.0000,8447,2972.4311,0.0000,999,1000,1000,1,40.8866
84480.0000,8448,2972.4343,0.0000,1000,1000,1000,1,41.0001
84490.0000,8449,2972.4374,0.0000,999,1000,1000,1,40.9518
84500.0000,8450,2972.4405,0.0000,1000,999,999,1,40.9037
84510.0000,8451,2972.4436,0.0000,1000,1000,1000,1,40.9369
84520.0000,8452,2972.4467,0.0000,1000,999,1000,1,41.0503
84530.0000,8453,2972.4499,0.0000,999,1000,1000,1,41.1638
84540.0000,8454,2972.4529,0.0000,1000,998,999,1,40.9546
84550.0000,8455,2972.4561,0.0000,1000,1000,1000,1,41.0680
84560.0000,8456,2972.4592,0.0000,999,1000,1000,1,41.1006
84570.0000,8457,2972.4624,0.0000,1000,1000,1000,1,41.2140
84580.0000,8458,2972.4656,0.0000,1000,999,1000,1,41.3273
84590.0000,8459,2972.4686,0.0000,1000,1000,1000,1,41.1976
84600.0000,8460,2972.4718,0.0000,999,1000,999,1,41.1489
84610.0000,8461,2972.4749,0.0000,999,1000,1000,1,41.1813
84620.0000,8462,2972.4781,0.0000,1000,1000,1000,1,41.2946
84630.0000,8463,2972.4812,0.0000,998,998,999,1,41.2458
84640.0000,8464,2972.4843,0.0000,1000,1000,1000,1,41.1969
84650.0000,8465,2972.4873,0.0000,998,999,1000,1,40.9047
84660.0000,8466,2972.4905,0.0000,1000,999,1000,1,40.9370
84670.0000,8467,2972.4936,0.0000,1000,1000,1000,1,40.8885
84680.0000,8468,2972.4968,0.0000,1000,1000,1000,1,40.7593
84690.0000,8469,2972.4999,0.0000,1000,1000,1000,1,40.7917
84700.0000,8470,2972.5031,0.0000,1000,1000,1000,1,40.9050
84710.0000,8471,2972.5063,0.0000,1000,1000,1000,1,41.0182
84720.0000,8472,2972.5095,0.0000,1000,1000,1000,1,41.1314
84730.0000,8473,2972.5126,0.0000,998,999,999,1,41.0825
84740.0000,8474,2972.5156,0.0000,998,1000,999,1,40.8723
84750.0000,8475,2972.5187,0.0000,1000,1000,1000,1,40.9048
84760.0000,8476,2972.5219,0.0000,999,1000,1000,1,40.9373
84770.0000,8477,2972.5249,0.0000,999,999,1000,1,41.0505
84780.0000,8478,2972.5281,0.0000,1000,1000,1000,1,41.0023
84790.0000,8479,2972.5311,0.0000,1000,999,999,1,40.8736
84800.0000,8480,2972.5342,0.0000,999,1000,1000,1,40.6653
84810.0000,8481,2972.5373,0.0000,999,999,999,1,40.5375
84820.0000,8482,2972.5404,0.0000,999,999,1000,1,40.5704
84830.0000,8483,2972.5435,0.0000,1000,1000,1000,1,40.6032
84840.0000,8484,2972.5466,0.0000,998,1000,1000,1,40.6358
84850.0000,8485,2972.5497,0.0000,1000,1000,1000,1,40.6683
84860.0000,8486,2972.5527,0.0000,999,999,1000,1,40.5396
84870.0000,8487,2972.5558,0.0000,999,1000,1000,1,40.5720
84880.0000,8488,2972.5590,0.0000,1000,1000,1000,1,40.5237
84890.0000,8489,2972.5620,0.0000,1000,999,1000,1,40.5561
84900.0000,8490,2972.5651,0.0000,998,1000,1000,1,40.5075
84910.0000,8491,2972.5682,0.0000,999,1000,1000,1,40.6205
84920.0000,8492,2972.5714,0.0000,1000,999,1000,1,40.7335
84930.0000,8493,2972.5745,0.0000,999,1000,1000,1,40.6848
84940.0000,8494,2972.5776,0.0000,999,999,1000,1,40.6362
84950.0000,8495,2972.5806,0.0000,1000,999,1000,1,40.4271
84960.0000,8496,2972.5835,0.0000,999,1000,1000,1,40.3801
84970.0000,8497,2972.5863,0.0000,998,998,998,1,40.0937
84980.0000,8498,2972.5891,0.0000,999,999,1000,1,39.8883
84990.0000,8499,2972.5922,0.0000,999,999,1000,1,39.9219
85000.0000,8500,2972.5952,0.0000,1000,1000,1000,1,39.8759
85010.0000,8501,2972.5984,0.0000,1000,999,1000,1,39.9093
85020.0000,8502,2972.6014,0.0000,1000,1000,999,1,39.8631
85030.0000,8503,2972.6045,0.0000,1000,999,1000,1,39.8963
85040.0000,8504,2972.6076,0.0000,1000,1000,1000,1,40.0092
85050.0000,8505,2972.6107,0.0000,1000,1000,1000,1,39.9626
85060.0000,8506,2972.6138,0.0000,999,1000,1000,1,40.0755
85070.0000,8507,2972.6169,0.0000,1000,1000,1000,1,40.1085
85080.0000,8508,2972.6200,0.0000,1000,1000,1000,1,39.9822
85090.0000,8509,2972.6231,0.0000,999,1000,1000,1,40.0950
85100.0000,8510,2972.6262,0.0000,1000,999,1000,1,40.1279
85110.0000,8511,2972.6293,0.0000,999,999,999,1,39.9216
85120.0000,8512,2972.6323,0.0000,999,1000,1000,1,40.0344
85130.0000,8513,2972.6354,0.0000,999,1000,1000,1,40.1471
85140.0000,8514,2972.6385,0.0000,999,999,1000,1,40.1799
85150.0000,8515,2972.6415,0.0000,1000,999,1000,1,40.1325
85160.0000,8516,2972.6446,0.0000,1000,999,1000,1,40.1651
85170.0000,8517,2972.6478,0.0000,1000,1000,1000,1,40.1976
85180.0000,8518,2972.6508,0.0000,1000,999,1000,1,40.3103
85190.0000,8519,2972.6539,0.0000,999,1000,1000,1,40.3425
85200.0000,8520,2972.6571,0.0000,1000,1000,1000,1,40.3747
85210.0000,8521,2972.6602,0.0000,999,999,999,1,40.3261
85220.0000,8522,2972.6632,0.0000,998,1000,1000,1,40.1164
85230.0000,8523,2972.6662,0.0000,999,999,1000,1,39.9884
85240.0000,8524,2972.6693,0.0000,998,999,999,1,39.9406
85250.0000,8525,2972.6723,0.0000,998,999,999,1,39.8129
85260.0000,8526,2972.6753,0.0000,999,1000,1000,1,39.7656
85270.0000,8527,2972.6782,0.0000,999,1000,999,1,39.3987
85280.0000,8528,2972.6813,0.0000,1000,1000,1000,1,39.5113
85290.0000,8529,2972.6844,0.0000,1000,1000,1000,1,39.3846
85300.0000,8530,2972.6876,0.0000,1000,1000,1000,1,39.2581
85310.0000,8531,2972.6907,0.0000,1000,999,1000,1,39.3707
85320.0000,8532,2972.6938,0.0000,999,1000,999,1,39.2440
85330.0000,8533,2972.6969,0.0000,999,999,1000,1,39.2767
85340.0000,8534,2972.6999,0.0000,1000,1000,1000,1,39.2297
85350.0000,8535,2972.7031,0.0000,999,1000,999,1,39.2625
85360.0000,8536,2972.7062,0.0000,1000,1000,1000,1,39.2954
85370.0000,8537,2972.7092,0.0000,1000,1000,1000,1,39.3286
85380.0000,8538,2972.7124,0.0000,999,1000,1000,1,39.4411
85390.0000,8539,2972.7155,0.0000,999,1000,1000,1,39.4740
85400.0000,8540,2972.7185,0.0000,1000,1000,1000,1,39.1894
85410.0000,8541,2972.7215,0.0000,1000,999,1000,1,39.1433
85420.0000,8542,2972.7246,0.0000,999,999,1000,1,39.2558
85430.0000,8543,2972.7277,0.0000,999,999,1000,1,39.3682
85440.0000,8544,2972.7305,0.0000,998,998,1000,1,39.0046
85450.0000,8545,2972.7336,0.0000,1000,1000,1000,1,39.0378
85460.0000,8546,2972.7367,0.0000,999,1000,1000,1,38.9121
85470.0000,8547,2972.7398,0.0000,1000,1000,1000,1,38.8656
85480.0000,8548,2972.7429,0.0000,1000,1000,1000,1,38.9781
85490.0000,8549,2972.7460,0.0000,999,1000,1000,1,39.0905
85500.0000,8550,2972.7491,0.0000,1000,1000,1000,1,39.1233
85510.0000,8551,2972.7522,0.0000,1000,999,1000,1,39.0767
85520.0000,8552,2972.7552,0.0000,999,999,1000,1,39.0302
85530.0000,8553,2972.7583,0.0000,1000,1000,1000,1,38.9836
85540.0000,8554,2972.7612,0.0000,999,999,1000,1,38.7818
85550.0000,8555,2972.7642,0.0000,999,1000,1000,1,38.7377
85560.0000,8556,2972.7672,0.0000,999,999,1000,1,38.5370
85570.0000,8557,2972.7701,0.0000,999,1000,1000,1,38.4932
85580.0000,8558,2972.7732,0.0000,1000,1000,1000,1,38.5275
85590.0000,8559,2972.7762,0.0000,999,1000,1000,1,38.4834
85600.0000,8560,2972.7793,0.0000,1000,1000,1000,1,38.5957
85610.0000,8561,2972.7825,0.0000,999,999,1000,1,38.6296
85620.0000,8562,2972.7855,0.0000,1000,1000,1000,1,38.3502
85630.0000,8563,2972.7884,0.0000,1000,1000,1000,1,37.9178
85640.0000,8564,2972.7915,0.0000,999,1000,1000,1,38.0302
85650.0000,8565,2972.7943,0.0000,1000,999,999,1,37.8313
85660.0000,8566,2972.7974,0.0000,1000,999,999,1,37.8658
85670.0000,8567,2972.8005,0.0000,999,1000,1000,1,37.9781
85680.0000,8568,2972.8034,0.0000,999,1000,999,1,37.6245
85690.0000,8569,2972.8064,0.0000,999,999,999,1,37.5048
85700.0000,8570,2972.8094,0.0000,999,999,1000,1,37.5398
85710.0000,8571,2972.8125,0.0000,1000,1000,1000,1,37.4977
85720.0000,8572,2972.8155,0.0000,999,999,1000,1,37.5327
85730.0000,8573,2972.8186,0.0000,999,999,1000,1,37.4904
85740.0000,8574,2972.8217,0.0000,999,1000,1000,1,37.6026
85750.0000,8575,2972.8248,0.0000,999,999,1000,1,37.4837
85760.0000,8576,2972.8278,0.0000,999,1000,999,1,37.4421
85770.0000,8577,2972.8309,0.0000,999,1000,1000,1,37.5543
85780.0000,8578,2972.8339,0.0000,1000,1000,1000,1,37.5126
85790.0000,8579,2972.8370,0.0000,999,1000,1000,1,37.6248
85800.0000,8580,2972.8400,0.0000,1000,1000,1000,1,37.5059
85810.0000,8581,2972.8431,0.0000,999,1000,1000,1,37.5411
85820.0000,8582,2972.8462,0.0000,1000,1000,1000,1,37.6532
85830.0000,8583,2972.8493,0.0000,1000,1000,1000,1,37.6881
85840.0000,8584,2972.8523,0.0000,999,999,999,1,37.6457
85850.0000,8585,2972.8553,0.0000,999,1000,1000,1,37.6033
85860.0000,8586,2972.8584,0.0000,1000,1000,1000,1,37.5610
85870.0000,8587,2972.8614,0.0000,999,1000,1000,1,37.5958
85880.0000,8588,2972.8645,0.0000,999,1000,1000,1,37.7079
85890.0000,8589,2972.8675,0.0000,999,1000,1000,1,37.5883
85900.0000,8590,2972.8706,0.0000,999,1000,1000,1,37.7003
85910.0000,8591,2972.8737,0.0000,1000,1000,1000,1,37.7350
85920.0000,8592,2972.8767,0.0000,1000,1000,1000,1,37.7696
85930.0000,8593,2972.8798,0.0000,1000,999,1000,1,37.6493
85940.0000,8594,2972.8829,0.0000,999,1000,1000,1,37.6838
85950.0000,8595,2972.8860,0.0000,1000,1000,1000,1,37.7958
85960.0000,8596,2972.8890,0.0000,999,1000,1000,1,37.9077
85970.0000,8597,2972.8919,0.0000,1000,1000,1000,1,37.6326
85980.0000,8598,2972.8950,0.0000,998,1000,999,1,37.5904
85990.0000,8599,2972.8979,0.0000,999,1000,1000,1,37.4720
86000.0000,8600,2972.9010,0.0000,1000,1000,1000,1,37.5839
86010.0000,8601,2972.9040,0.0000,1000,1000,1000,1,37.4653
86020.0000,8602,2972.9071,0.0000,1000,1000,1000,1,37.5772
86030.0000,8603,2972.9101,0.0000,999,1000,1000,1,37.6121
86040.0000,8604,2972.9131,0.0000,999,999,1000,1,37.5699
86050.0000,8605,2972.9162,0.0000,999,1000,1000,1,37.6048
86060.0000,8606,2972.9192,0.0000,1000,1000,1000,1,37.6397
86070.0000,8607,2972.9223,0.0000,999,1000,1000,1,37.7515
86080.0000,8608,2972.9252,0.0000,999,999,1000,1,37.5560
86090.0000,8609,2972.9282,0.0000,1000,999,1000,1,37.5142
86100.0000,8610,2972.9313,0.0000,1000,1000,1000,1,37.5492
86110.0000,8611,2972.9342,0.0000,998,999,999,1,37.5073
86120.0000,8612,2972.9371,0.0000,1000,999,999,1,37.5423
86130.0000,8613,2972.9401,0.0000,1000,1000,1000,1,37.4243
86140.0000,8614,2972.9432,0.0000,1000,1000,1000,1,37.5360
86150.0000,8615,2972.9462,0.0000,1000,1000,1000,1,37.5712
86160.0000,8616,2972.9492,0.0000,1000,1000,1000,1,37.5298
86170.0000,8617,2972.9522,0.0000,999,999,999,1,37.3364
86180.0000,8618,2972.9552,0.0000,999,1000,1000,1,37.3719
86190.0000,8619,2972.9582,0.0000,1000,1000,1000,1,37.2550
86200.0000,8620,2972.9612,0.0000,999,1000,1000,1,37.1385
86210.0000,8621,2972.9643,0.0000,1000,999,1000,1,37.0982
86220.0000,8622,2972.9673,0.0000,999,999,1000,1,37.2098
86230.0000,8623,2972.9703,0.0000,999,999,1000,1,37.2453
86240.0000,8624,2972.9734,0.0000,1000,1000,1000,1,37.2809
86250.0000,8625,2972.9763,0.0000,999,999,1000,1,37.3925
86260.0000,8626,2972.9794,0.0000,999,999,1000,1,37.5041
86270.0000,8627,2972.9823,0.0000,998,999,999,1,37.1574
86280.0000,8628,2972.9852,0.0000,999,999,999,1,37.0406
86290.0000,8629,2972.9882,0.0000,1000,1000,999,1,36.9240
86300.0000,8630,2972.9912,0.0000,999,1000,1000,1,37.0356
86310.0000,8631,2972.9944,0.0000,1000,1000,1000,1,37.1471
86320.0000,8632,2972.9974,0.0000,999,1000,1000,1,37.2587
86330.0000,8633,2973.0002,0.0000,998,999,998,1,36.9889
86340.0000,8634,2973.0033,0.0000,999,1000,1000,1,37.1004
86350.0000,8635,2973.0063,0.0000,1000,1000,1000,1,37.2119
86360.0000,8636,2973.0092,0.0000,999,1000,999,1,37.0194
86370.0000,8637,2973.0123,0.0000,1000,999,1000,1,37.1309
86380.0000,8638,2973.0153,0.0000,1000,999,1000,1,37.0159
86390.0000,8639,2973.0183,0.0000,1000,1000,1000,1,37.0519
86400.0000,8640,2973.0213,0.0000,1000,1000,1000,1,37.0879
86410.0000,8641,2973.0245,0.0000,1000,1000,1000,1,37.1993
