timestamp,sample_idx,system_occupancy,avg_wait_error,q0_len,q1_len,q2_len,server_busy,little_error
10.0000,1,9.0161,0.0000,4,5,5,1,2.2676
20.0000,2,17.2823,0.0000,11,13,10,1,4.3276
30.0000,3,26.4725,0.0000,15,19,20,1,7.9920
40.0000,4,35.8898,0.0000,26,23,23,1,10.0614
50.0000,5,44.9162,0.0000,29,29,29,1,13.3376
60.0000,6,52.6205,0.0000,32,31,32,1,13.2838
70.0000,7,59.6683,0.0000,37,36,37,1,14.2076
80.0000,8,66.8952,0.0000,40,43,42,1,15.7289
90.0000,9,73.5075,0.0000,44,44,42,1,16.5069
100.0000,10,79.5411,0.0000,45,46,48,1,17.8102
110.0000,11,85.7222,0.0000,48,52,53,1,17.9317
120.0000,12,92.3334,0.0000,58,57,56,1,18.8120
130.0000,13,98.8663,0.0000,61,62,61,1,20.5624
140.0000,14,105.4628,0.0000,64,67,67,1,23.6624
150.0000,15,112.0441,0.0000,68,71,72,1,24.6916
160.0000,16,118.7744,0.0000,77,78,77,1,26.9562
170.0000,17,126.0813,0.0000,83,83,85,1,28.0087
180.0000,18,133.3568,0.0000,88,88,89,1,29.2256
190.0000,19,140.7674,0.0000,93,93,94,1,32.4510
200.0000,20,148.2455,0.0000,103,102,100,1,35.0087
210.0000,21,156.3060,0.0000,112,108,109,1,34.4350
220.0000,22,164.3691,0.0000,112,113,112,1,35.3067
230.0000,23,172.2758,0.0000,116,118,118,1,37.2448
240.0000,24,179.8045,0.0000,117,117,119,1,37.5512
250.0000,25,187.2469,0.0000,123,131,125,1,39.5932
260.0000,26,194.8117,0.0000,128,133,129,1,42.5815
270.0000,27,202.4136,0.0000,136,136,136,1,44.2798
280.0000,28,210.0342,0.0000,139,140,139,1,45.6823
290.0000,29,217.4152,0.0000,141,142,143,1,47.1662
300.0000,30,224.3593,0.0000,141,142,143,1,49.0943
310.0000,31,230.9520,0.0000,146,146,147,1,50.2496
320.0000,32,237.6111,0.0000,150,150,151,1,50.7629
330.0000,33,244.3837,0.0000,158,158,156,1,53.2557
340.0000,34,251.3701,0.0000,166,164,161,1,56.3479
350.0000,35,258.4089,0.0000,166,169,170,1,59.4661
360.0000,36,265.5983,0.0000,182,176,184,1,60.7086
370.0000,37,273.2367,0.0000,183,184,185,1,59.0620
380.0000,38,280.8248,0.0000,189,189,190,1,60.5840
390.0000,39,288.4035,0.0000,196,191,196,1,62.7437
400.0000,40,296.0682,0.0000,198,202,203,1,64.9097
410.0000,41,303.8954,0.0000,209,208,210,1,67.7062
420.0000,42,311.8280,0.0000,213,218,215,1,69.8825
430.0000,43,319.6704,0.0000,217,220,218,1,69.4369
440.0000,44,327.4940,0.0000,223,224,223,1,72.2361
450.0000,45,335.2198,0.0000,227,227,228,1,74.3252
460.0000,46,342.7957,0.0000,228,230,230,1,76.3644
470.0000,47,350.1861,0.0000,234,230,233,1,76.4214
480.0000,48,357.5683,0.0000,238,238,238,1,77.1767
490.0000,49,365.0124,0.0000,241,242,249,1,77.4083
500.0000,50,372.4975,0.0000,246,251,252,1,80.7199
510.0000,51,380.0972,0.0000,256,256,257,1,82.8049
520.0000,52,387.7142,0.0000,263,262,260,1,84.9287
530.0000,53,395.2854,0.0000,264,266,263,1,84.5521
540.0000,54,402.7334,0.0000,267,267,268,1,83.5403
550.0000,55,410.0740,0.0000,271,275,270,1,86.2832
560.0000,56,417.4078,0.0000,276,275,275,1,87.7347
570.0000,57,424.7835,0.0000,281,284,286,1,90.4350
580.0000,58,432.2171,0.0000,287,287,287,1,91.8716
590.0000,59,439.6426,0.0000,292,293,293,1,93.3079
600.0000,60,447.1147,0.0000,299,300,301,1,94.7483
610.0000,61,454.6679,0.0000,305,306,305,1,95.6063
620.0000,62,462.2133,0.0000,308,311,310,1,95.7182
630.0000,63,469.8293,0.0000,318,319,316,1,98.0789
640.0000,64,477.3962,0.0000,319,319,318,1,97.7781
650.0000,65,484.8001,0.0000,320,322,322,1,99.9460
660.0000,66,492.1454,0.0000,324,326,327,1,101.4550
670.0000,67,499.4937,0.0000,328,328,329,1,102.3501
680.0000,68,506.7527,0.0000,335,333,335,1,102.6297
690.0000,69,514.0129,0.0000,337,340,339,1,104.1888
700.0000,70,521.2173,0.0000,341,341,340,1,107.5319
710.0000,71,528.3996,0.0000,347,348,344,1,108.3948
720.0000,72,535.6268,0.0000,353,355,349,1,109.3000
730.0000,73,542.7992,0.0000,355,354,354,1,110.1671
740.0000,74,549.8801,0.0000,356,357,357,1,109.5065
750.0000,75,556.9947,0.0000,365,364,363,1,112.5611
760.0000,76,564.0807,0.0000,367,367,367,1,114.5884
770.0000,77,571.1751,0.0000,372,371,373,1,117.3060
780.0000,78,578.2447,0.0000,377,376,378,1,118.2122
790.0000,79,585.3104,0.0000,382,383,383,1,119.8100
800.0000,80,592.4522,0.0000,387,387,391,1,120.2062
810.0000,81,599.6336,0.0000,392,392,393,1,119.4637
820.0000,82,606.7755,0.0000,396,396,396,1,122.0954
830.0000,83,613.8557,0.0000,403,402,401,1,124.8256
840.0000,84,620.9198,0.0000,403,404,404,1,126.9317
850.0000,85,627.9648,0.0000,405,407,408,1,128.4293
860.0000,86,634.9161,0.0000,409,409,409,1,131.6850
870.0000,87,641.7782,0.0000,415,411,414,1,133.0993
880.0000,88,648.6716,0.0000,421,415,421,1,135.1281
890.0000,89,655.5887,0.0000,426,418,425,1,136.5615
900.0000,90,662.5583,0.0000,432,426,437,1,138.6221
910.0000,91,669.6009,0.0000,436,437,438,1,136.4758
920.0000,92,676.5983,0.0000,440,439,441,1,137.5313
930.0000,93,683.5636,0.0000,443,443,443,1,139.5969
940.0000,94,690.4720,0.0000,446,446,447,1,139.2620
950.0000,95,697.3572,0.0000,449,450,450,1,141.3076
960.0000,96,704.1470,0.0000,450,449,451,1,141.5318
970.0000,97,710.8443,0.0000,453,451,454,1,144.1289
980.0000,98,717.4961,0.0000,459,457,458,1,146.6939
990.0000,99,724.1762,0.0000,461,461,463,1,147.4631
1000.0000,100,730.9533,0.0000,469,470,470,1,148.2538
1010.0000,101,737.7071,0.0000,471,473,476,1,149.0440
1020.0000,102,744.5149,0.0000,477,483,479,1,149.2569
1030.0000,103,751.2898,0.0000,482,483,483,1,150.0975
1040.0000,104,758.0051,0.0000,484,485,487,1,148.5098
1050.0000,105,764.6642,0.0000,489,487,487,1,147.5437
1060.0000,106,771.2858,0.0000,493,490,491,1,149.9850
1070.0000,107,777.8971,0.0000,493,495,493,1,152.5859
1080.0000,108,784.5078,0.0000,498,499,498,1,154.5782
1090.0000,109,791.0640,0.0000,500,500,501,1,155.9411
1100.0000,110,797.5449,0.0000,504,502,505,1,154.3085
1110.0000,111,804.0075,0.0000,509,508,507,1,153.9433
1120.0000,112,810.5373,0.0000,514,514,513,1,156.5397
1130.0000,113,817.0761,0.0000,518,520,521,1,157.3837
1140.0000,114,823.6236,0.0000,520,523,524,1,158.8175
1150.0000,115,830.1824,0.0000,526,529,532,1,158.2616
1160.0000,116,836.7452,0.0000,531,533,533,1,160.8723
1170.0000,117,843.3137,0.0000,537,536,537,1,161.1322
1180.0000,118,849.8404,0.0000,538,539,540,1,163.7303
1190.0000,119,856.3377,0.0000,545,540,544,1,165.7095
1200.0000,120,862.8189,0.0000,550,545,547,1,168.8435
1210.0000,121,869.3421,0.0000,554,552,556,1,171.9853
1220.0000,122,875.8628,0.0000,558,558,557,1,173.3197
1230.0000,123,882.3853,0.0000,560,560,561,1,173.4729
1240.0000,124,888.8643,0.0000,564,563,565,1,175.4155
1250.0000,125,895.3186,0.0000,567,567,568,1,177.3413
1260.0000,126,901.7459,0.0000,571,568,571,1,178.6494
1270.0000,127,908.1720,0.0000,573,574,575,1,181.1401
1280.0000,128,914.6102,0.0000,582,581,582,1,182.4316
1290.0000,129,921.0707,0.0000,583,584,582,1,183.7357
1300.0000,130,927.4647,0.0000,585,585,586,1,182.0326
1310.0000,131,933.8055,0.0000,587,588,587,1,182.7368
1320.0000,132,940.1502,0.0000,592,593,591,1,181.6632
1330.0000,133,946.4704,0.0000,597,596,596,1,182.9828
1340.0000,134,952.8184,0.0000,601,601,602,1,183.1185
1350.0000,135,959.1770,0.0000,605,604,606,1,185.6363
1360.0000,136,965.5322,0.0000,609,611,611,1,186.3610
1370.0000,137,971.9118,0.0000,615,615,615,1,187.0955
1380.0000,138,978.2898,0.0000,619,619,621,1,189.0252
1390.0000,139,984.6660,0.0000,622,625,625,1,189.1744
1400.0000,140,991.0560,0.0000,630,628,630,1,189.9198
1410.0000,141,997.4851,0.0000,634,634,636,1,192.4518
1420.0000,142,1003.8698,0.0000,638,634,640,1,191.9857
1430.0000,143,1010.2554,0.0000,642,641,642,1,195.1042
1440.0000,144,1016.6300,0.0000,646,645,646,1,195.2233
1450.0000,145,1023.0538,0.0000,652,651,653,1,198.3539
1460.0000,146,1029.5371,0.0000,659,660,660,1,199.0763
1470.0000,147,1036.0456,0.0000,663,665,665,1,197.4354
1480.0000,148,1042.5717,0.0000,670,671,669,1,198.2179
1490.0000,149,1049.1420,0.0000,675,677,678,1,199.0261
1500.0000,150,1055.7139,0.0000,680,679,680,1,199.2379
1510.0000,151,1062.2631,0.0000,684,683,684,1,201.8298
1520.0000,152,1068.7906,0.0000,685,687,690,1,204.4064
1530.0000,153,1075.3371,0.0000,692,694,692,1,205.7858
1540.0000,154,1081.9132,0.0000,699,699,698,1,205.9917
1550.0000,155,1088.5326,0.0000,704,705,705,1,206.8005
1560.0000,156,1095.1600,0.0000,710,711,707,1,207.6220
1570.0000,157,1101.8053,0.0000,717,717,712,1,209.6474
1580.0000,158,1108.4123,0.0000,714,716,716,1,208.0596
1590.0000,159,1114.9852,0.0000,718,721,723,1,210.0751
1600.0000,160,1121.5655,0.0000,723,727,726,1,211.4879
1610.0000,161,1128.1649,0.0000,732,730,731,1,212.3114
1620.0000,162,1134.8092,0.0000,737,737,738,1,214.9329
1630.0000,163,1141.4737,0.0000,743,743,743,1,215.7640
1640.0000,164,1148.1488,0.0000,747,746,748,1,218.9844
1650.0000,165,1154.8071,0.0000,752,752,753,1,220.3907
1660.0000,166,1161.5160,0.0000,758,757,761,1,223.0122
1670.0000,167,1168.2650,0.0000,766,769,765,1,224.4314
1680.0000,168,1175.0865,0.0000,774,776,774,1,222.9015
1690.0000,169,1181.9313,0.0000,780,780,778,1,222.6291
1700.0000,170,1188.7974,0.0000,787,785,786,1,225.9218
1710.0000,171,1195.6620,0.0000,789,789,789,1,226.2341
1720.0000,172,1202.5088,0.0000,793,792,795,1,227.1592
1730.0000,173,1209.3266,0.0000,795,796,796,1,227.4876
1740.0000,174,1216.1012,0.0000,797,796,795,1,227.8072
1750.0000,175,1222.8362,0.0000,803,803,799,1,229.8887
1760.0000,176,1229.5838,0.0000,805,805,806,1,230.7940
1770.0000,177,1236.3119,0.0000,807,809,809,1,229.9790
1780.0000,178,1243.0333,0.0000,817,810,816,1,233.2472
1790.0000,179,1249.7760,0.0000,820,814,821,1,233.9786
1800.0000,180,1256.5147,0.0000,823,820,823,1,234.3933
1810.0000,181,1263.2160,0.0000,825,826,827,1,236.6307
1820.0000,182,1269.9399,0.0000,831,833,830,1,237.5512
1830.0000,183,1276.6980,0.0000,838,842,839,1,239.6542
1840.0000,184,1283.4712,0.0000,845,844,842,1,240.2763
1850.0000,185,1290.2332,0.0000,845,846,844,1,243.3258
1860.0000,186,1297.0023,0.0000,853,853,853,1,245.4302
1870.0000,187,1303.8090,0.0000,862,862,859,1,248.6949
1880.0000,188,1310.6165,0.0000,862,861,863,1,251.9463
1890.0000,189,1317.4319,0.0000,870,868,874,1,254.6171
1900.0000,190,1324.2765,0.0000,875,875,874,1,254.3838
1910.0000,191,1331.0754,0.0000,878,875,874,1,257.0469
1920.0000,192,1337.8126,0.0000,875,876,876,1,258.5129
1930.0000,193,1344.5472,0.0000,882,885,883,1,259.9764
1940.0000,194,1351.3025,0.0000,884,885,886,1,259.6849
1950.0000,195,1358.0259,0.0000,890,888,891,1,259.9917
1960.0000,196,1364.7642,0.0000,896,896,895,1,262.0586
1970.0000,197,1371.5320,0.0000,903,905,902,1,264.7084
1980.0000,198,1378.3161,0.0000,905,908,909,1,265.6135
1990.0000,199,1385.1128,0.0000,917,911,915,1,267.1191
2000.0000,200,1391.9460,0.0000,918,920,922,1,268.6350
2010.0000,201,1398.7653,0.0000,922,923,923,1,268.9958
2020.0000,202,1405.6197,0.0000,930,932,934,1,271.8051
2030.0000,203,1412.5105,0.0000,934,937,945,1,275.0710
2040.0000,204,1419.4373,0.0000,939,947,948,1,278.3336
2050.0000,205,1426.3322,0.0000,945,944,945,1,276.8102
2060.0000,206,1433.2090,0.0000,949,950,950,1,278.2741
2070.0000,207,1440.1002,0.0000,956,954,956,1,280.9346
2080.0000,208,1447.0263,0.0000,964,962,961,1,284.1932
2090.0000,209,1453.9367,0.0000,965,965,966,1,284.4500
2100.0000,210,1460.8437,0.0000,968,972,971,1,287.1036
2110.0000,211,1467.7582,0.0000,974,978,978,1,288.5608
2120.0000,212,1474.6844,0.0000,980,981,982,1,291.2126
2130.0000,213,1481.5991,0.0000,985,986,988,1,290.8442
2140.0000,214,1488.5567,0.0000,995,995,995,1,291.1154
2150.0000,215,1495.5429,0.0000,997,999,998,1,291.4068
2160.0000,216,1502.4764,0.0000,997,998,999,1,292.2935
2170.0000,217,1509.3596,0.0000,999,1000,1000,1,293.7686
2180.0000,218,1516.1922,0.0000,999,1000,1000,1,295.2285
2190.0000,219,1522.9640,0.0000,1000,1000,1000,1,296.6755
2200.0000,220,1529.6758,0.0000,1000,1000,1000,1,299.2798
2210.0000,221,1536.3224,0.0000,1000,999,1000,1,299.4871
2220.0000,222,1542.9092,0.0000,999,1000,1000,1,300.2743
2230.0000,223,1549.4313,0.0000,999,998,1000,1,299.8590
2240.0000,224,1555.8988,0.0000,999,999,1000,1,301.2105
2250.0000,225,1562.3138,0.0000,999,1000,1000,1,304.3161
2260.0000,226,1568.6706,0.0000,1000,999,1000,1,305.6192
2270.0000,227,1574.9695,0.0000,999,999,1000,1,306.9037
2280.0000,228,1581.2148,0.0000,999,999,1000,1,306.9879
2290.0000,229,1587.4066,0.0000,999,1000,1000,1,307.6523
2300.0000,230,1593.5421,0.0000,999,999,999,1,307.7172
2310.0000,231,1599.6260,0.0000,1000,1000,999,1,308.9485
2320.0000,232,1605.6562,0.0000,1000,1000,1000,1,309.5859
2330.0000,233,1611.6345,0.0000,999,1000,1000,1,311.5404
2340.0000,234,1617.5633,0.0000,999,1000,1000,1,314.4825
2350.0000,235,1623.4411,0.0000,1000,999,1000,1,317.3996
2360.0000,236,1629.2661,0.0000,998,999,1000,1,319.1250
2370.0000,237,1635.0377,0.0000,999,1000,1000,1,319.0865
2380.0000,238,1640.7683,0.0000,999,1000,1000,1,320.7851
2390.0000,239,1646.4448,0.0000,1000,998,999,1,322.4571
2400.0000,240,1652.0768,0.0000,999,1000,1000,1,324.1120
2410.0000,241,1657.6670,0.0000,999,1000,1000,1,326.3304
2420.0000,242,1663.2088,0.0000,1000,1000,1000,1,327.3562
2430.0000,243,1668.7071,0.0000,1000,999,1000,1,330.1243
2440.0000,244,1674.1597,0.0000,1000,1000,1000,1,332.2799
2450.0000,245,1679.5703,0.0000,999,1000,1000,1,335.0052
2460.0000,246,1684.9340,0.0000,999,999,1000,1,337.1153
2470.0000,247,1690.2513,0.0000,999,1000,1000,1,336.8466
2480.0000,248,1695.5238,0.0000,998,998,999,1,335.9725
2490.0000,249,1700.7546,0.0000,1000,1000,1000,1,338.0477
2500.0000,250,1705.9464,0.0000,1000,999,999,1,340.1033
2510.0000,251,1711.0944,0.0000,998,998,999,1,342.1403
2520.0000,252,1716.2028,0.0000,999,999,1000,1,342.9800
2530.0000,253,1721.2723,0.0000,1000,1000,1000,1,343.8056
2540.0000,254,1726.3051,0.0000,999,1000,1000,1,346.3890
2550.0000,255,1731.2976,0.0000,1000,1000,1000,1,348.3613
2560.0000,256,1736.2517,0.0000,999,1000,1000,1,350.9068
2570.0000,257,1741.1639,0.0000,1000,1000,1000,1,352.8374
2580.0000,258,1746.0393,0.0000,999,1000,999,1,353.5579
2590.0000,259,1750.8774,0.0000,1000,1000,1000,1,354.8579
2600.0000,260,1755.6746,0.0000,1000,999,999,1,354.9494
2610.0000,261,1760.4371,0.0000,1000,1000,1000,1,356.8233
2620.0000,262,1765.1644,0.0000,999,1000,999,1,358.6784
2630.0000,263,1769.8561,0.0000,1000,1000,1000,1,361.1161
2640.0000,264,1774.5131,0.0000,999,999,1000,1,363.5361
2650.0000,265,1779.1269,0.0000,998,999,999,1,362.9400
2660.0000,266,1783.7047,0.0000,999,999,1000,1,363.5401
2670.0000,267,1788.2540,0.0000,999,1000,1000,1,364.7294
2680.0000,268,1792.7701,0.0000,1000,1000,1000,1,365.9030
2690.0000,269,1797.2518,0.0000,1000,998,1000,1,367.6588
2700.0000,270,1801.6951,0.0000,997,998,998,1,366.4109
2710.0000,271,1806.1057,0.0000,1000,999,1000,1,366.3669
2720.0000,272,1810.4837,0.0000,998,998,999,1,366.9071
2730.0000,273,1814.8304,0.0000,999,999,1000,1,368.0310
2740.0000,274,1819.1539,0.0000,999,999,1000,1,370.3375
2750.0000,275,1823.4436,0.0000,1000,999,1000,1,371.4309
2760.0000,276,1827.6997,0.0000,999,999,999,1,371.3094
2770.0000,277,1831.9272,0.0000,1000,1000,1000,1,372.3787
2780.0000,278,1836.1257,0.0000,1000,1000,1000,1,374.0352
2790.0000,279,1840.2940,0.0000,1000,999,1000,1,375.6758
2800.0000,280,1844.4311,0.0000,999,1000,999,1,376.0934
2810.0000,281,1848.5403,0.0000,999,999,1000,1,378.3135
2820.0000,282,1852.6193,0.0000,999,1000,1000,1,379.9144
2830.0000,283,1856.6717,0.0000,1000,1000,1000,1,382.1055
2840.0000,284,1860.6886,0.0000,999,1000,1000,1,382.4614
2850.0000,285,1864.6786,0.0000,999,1000,1000,1,380.9949
2860.0000,286,1868.6411,0.0000,999,1000,1000,1,381.9467
2870.0000,287,1872.5798,0.0000,1000,1000,1000,1,383.4930
2880.0000,288,1876.4932,0.0000,1000,1000,1000,1,385.6337
2890.0000,289,1880.3774,0.0000,1000,1000,999,1,386.5400
2900.0000,290,1884.2347,0.0000,999,1000,1000,1,388.6539
2910.0000,291,1888.0646,0.0000,999,1000,1000,1,388.9264
2920.0000,292,1891.8680,0.0000,999,999,1000,1,389.1859
2930.0000,293,1895.6466,0.0000,999,999,1000,1,391.2706
2940.0000,294,1899.3980,0.0000,999,999,1000,1,392.7298
2950.0000,295,1903.1230,0.0000,999,999,1000,1,392.9500
2960.0000,296,1906.8246,0.0000,1000,1000,1000,1,394.3886
2970.0000,297,1910.5012,0.0000,1000,1000,999,1,394.5831
2980.0000,298,1914.1525,0.0000,999,999,999,1,395.9968
2990.0000,299,1917.7762,0.0000,1000,1000,1000,1,397.3994
3000.0000,300,1921.3796,0.0000,999,999,1000,1,398.7893
3010.0000,301,1924.9544,0.0000,1000,1000,1000,1,397.0816
3020.0000,302,1928.5085,0.0000,1000,1000,999,1,397.8390
3030.0000,303,1932.0416,0.0000,999,999,1000,1,398.5845
3040.0000,304,1935.5526,0.0000,1000,1000,1000,1,399.9420
3050.0000,305,1939.0408,0.0000,999,1000,1000,1,401.2894
3060.0000,306,1942.5052,0.0000,1000,999,1000,1,403.2459
3070.0000,307,1945.9445,0.0000,999,999,999,1,403.3190
3080.0000,308,1949.3589,0.0000,999,999,1000,1,404.0074
3090.0000,309,1952.7548,0.0000,1000,1000,1000,1,402.2043
3100.0000,310,1956.1314,0.0000,1000,999,1000,1,404.1327
3110.0000,311,1959.4854,0.0000,999,999,1000,1,406.0487
3120.0000,312,1962.8159,0.0000,1000,999,1000,1,406.0797
3130.0000,313,1966.1257,0.0000,999,999,1000,1,406.7272
3140.0000,314,1969.4171,0.0000,1000,1000,1000,1,408.6166
3150.0000,315,1972.6847,0.0000,999,1000,999,1,409.2403
3160.0000,316,1975.9292,0.0000,1000,1000,999,1,410.4809
3170.0000,317,1979.1560,0.0000,999,1000,1000,1,412.3400
3180.0000,318,1982.3637,0.0000,1000,1000,1000,1,414.1880
3190.0000,319,1985.5527,0.0000,999,999,1000,1,416.0244
3200.0000,320,1988.7206,0.0000,1000,1000,1000,1,417.8493
3210.0000,321,1991.8698,0.0000,999,1000,1000,1,419.6628
3220.0000,322,1994.9924,0.0000,998,1000,999,1,417.0352
3230.0000,323,1998.0992,0.0000,999,1000,1000,1,418.2066
3240.0000,324,2001.1850,0.0000,1000,1000,1000,1,418.1030
3250.0000,325,2004.2507,0.0000,999,999,999,1,417.9912
3260.0000,326,2007.2974,0.0000,1000,999,1000,1,417.8738
3270.0000,327,2010.3280,0.0000,1000,1000,1000,1,418.3842
3280.0000,328,2013.3417,0.0000,1000,1000,1000,1,418.2566
3290.0000,329,2016.3329,0.0000,1000,1000,1000,1,417.4912
3300.0000,330,2019.3063,0.0000,997,998,998,1,417.3523
3310.0000,331,2022.2604,0.0000,999,1000,1000,1,415.9479
3320.0000,332,2025.2043,0.0000,1000,1000,1000,1,417.7071
3330.0000,333,2028.1284,0.0000,999,999,1000,1,418.1854
3340.0000,334,2031.0348,0.0000,999,1000,1000,1,418.6575
3350.0000,335,2033.9221,0.0000,999,999,999,1,417.8481
3360.0000,336,2036.7921,0.0000,1000,1000,999,1,417.6754
3370.0000,337,2039.6437,0.0000,1000,999,1000,1,417.4990
3380.0000,338,2042.4805,0.0000,999,1000,1000,1,417.9543
3390.0000,339,2045.2997,0.0000,1000,1000,1000,1,418.4031
3400.0000,340,2048.1051,0.0000,999,1000,1000,1,418.8444
3410.0000,341,2050.8939,0.0000,999,1000,1000,1,419.2812
3420.0000,342,2053.6527,0.0000,997,999,997,1,417.1723
3430.0000,343,2056.4066,0.0000,999,1000,999,1,417.6049
3440.0000,344,2059.1453,0.0000,999,999,1000,1,418.0283
3450.0000,345,2061.8670,0.0000,1000,1000,1000,1,417.8131
3460.0000,346,2064.5744,0.0000,1000,1000,999,1,418.2267
3470.0000,347,2067.2656,0.0000,999,1000,1000,1,418.6346
3480.0000,348,2069.9424,0.0000,1000,1000,1000,1,419.0347
3490.0000,349,2072.6049,0.0000,1000,999,999,1,420.0620
3500.0000,350,2075.2522,0.0000,998,999,999,1,421.0807
3510.0000,351,2077.8797,0.0000,999,1000,1000,1,420.8180
3520.0000,352,2080.4932,0.0000,999,999,999,1,418.0057
3530.0000,353,2083.0929,0.0000,998,998,1000,1,418.3822
3540.0000,354,2085.6790,0.0000,1000,1000,1000,1,419.3890
3550.0000,355,2088.2510,0.0000,999,1000,1000,1,419.7491
3560.0000,356,2090.8103,0.0000,999,999,1000,1,421.3790
3570.0000,357,2093.3495,0.0000,999,1000,999,1,419.8105
3580.0000,358,2095.8793,0.0000,999,1000,1000,1,420.7944
3590.0000,359,2098.3961,0.0000,1000,1000,1000,1,421.7708
3600.0000,360,2100.8977,0.0000,1000,1000,1000,1,422.7377
3610.0000,361,2103.3865,0.0000,1000,999,1000,1,423.6970
3620.0000,362,2105.8614,0.0000,998,999,999,1,424.0086
3630.0000,363,2108.3162,0.0000,999,1000,1000,1,423.6815
3640.0000,364,2110.7606,0.0000,1000,1000,1000,1,422.0790
3650.0000,365,2113.1955,0.0000,999,1000,1000,1,423.0255
3660.0000,366,2115.6151,0.0000,1000,1000,1000,1,423.9656
3670.0000,367,2118.0220,0.0000,999,999,1000,1,425.5351
3680.0000,368,2120.4151,0.0000,999,1000,1000,1,424.5419
3690.0000,369,2122.7944,0.0000,999,1000,1000,1,424.8235
3700.0000,370,2125.1620,0.0000,1000,1000,1000,1,425.7380
3710.0000,371,2127.5163,0.0000,1000,1000,1000,1,426.0061
3720.0000,372,2129.8583,0.0000,999,1000,1000,1,426.9088
3730.0000,373,2132.1899,0.0000,1000,1000,1000,1,427.8040
3740.0000,374,2134.5059,0.0000,1000,1000,1000,1,426.7713
3750.0000,375,2136.8106,0.0000,999,1000,1000,1,427.6595
3760.0000,376,2139.1026,0.0000,999,1000,999,1,427.8995
3770.0000,377,2141.3839,0.0000,999,1000,1000,1,429.4166
3780.0000,378,2143.6502,0.0000,998,999,999,1,429.6417
3790.0000,379,2145.9007,0.0000,997,998,998,1,429.2178
3800.0000,380,2148.1422,0.0000,1000,1000,1000,1,430.7193
3810.0000,381,2150.3773,0.0000,1000,1000,1000,1,432.2135
3820.0000,382,2152.6004,0.0000,999,1000,1000,1,433.6999
3830.0000,383,2154.8088,0.0000,998,998,998,1,432.5984
3840.0000,384,2157.0060,0.0000,998,999,999,1,433.4303
3850.0000,385,2159.1922,0.0000,999,999,1000,1,434.2577
3860.0000,386,2161.3668,0.0000,1000,999,999,1,434.4313
3870.0000,387,2163.5318,0.0000,999,1000,1000,1,435.2476
3880.0000,388,2165.6841,0.0000,999,998,1000,1,436.0559
3890.0000,389,2167.8236,0.0000,999,1000,1000,1,434.2743
3900.0000,390,2169.9547,0.0000,1000,1000,1000,1,434.4319
3910.0000,391,2172.0725,0.0000,1000,1000,1000,1,435.2310
3920.0000,392,2174.1816,0.0000,1000,999,1000,1,436.0237
3930.0000,393,2176.2751,0.0000,1000,999,1000,1,433.5744
3940.0000,394,2178.3636,0.0000,1000,1000,1000,1,434.3657
3950.0000,395,2180.4407,0.0000,999,1000,1000,1,435.1497
3960.0000,396,2182.5084,0.0000,1000,1000,999,1,435.2780
3970.0000,397,2184.5647,0.0000,999,999,1000,1,435.4026
3980.0000,398,2186.6119,0.0000,999,1000,1000,1,436.1720
3990.0000,399,2188.6482,0.0000,1000,1000,999,1,436.2834
4000.0000,400,2190.6719,0.0000,999,1000,1000,1,436.3917
4010.0000,401,2192.6887,0.0000,1000,1000,1000,1,437.7972
4020.0000,402,2194.6920,0.0000,999,1000,1000,1,435.9395
4030.0000,403,2196.6871,0.0000,1000,1000,999,1,436.0360
4040.0000,404,2198.6711,0.0000,999,1000,1000,1,436.7789
4050.0000,405,2200.6447,0.0000,1000,1000,1000,1,436.2142
4060.0000,406,2202.6119,0.0000,1000,1000,1000,1,436.9504
4070.0000,407,2204.5654,0.0000,999,999,1000,1,437.0280
4080.0000,408,2206.5131,0.0000,1000,1000,1000,1,437.7551
4090.0000,409,2208.4495,0.0000,997,999,998,1,437.1653
4100.0000,410,2210.3707,0.0000,998,999,1000,1,437.2286
4110.0000,411,2212.2879,0.0000,998,999,999,1,436.6347
4120.0000,412,2214.1971,0.0000,1000,1000,1000,1,438.0019
4130.0000,413,2216.0969,0.0000,999,999,999,1,437.3958
4140.0000,414,2217.9851,0.0000,999,1000,1000,1,437.4425
4150.0000,415,2219.8655,0.0000,1000,1000,1000,1,434.8673
4160.0000,416,2221.7386,0.0000,999,1000,1000,1,435.5715
4170.0000,417,2223.6012,0.0000,1000,999,999,1,433.6508
4180.0000,418,2225.4562,0.0000,999,999,999,1,433.0419
4190.0000,419,2227.3007,0.0000,999,999,999,1,433.0822
4200.0000,420,2229.1372,0.0000,999,999,999,1,432.4634
4210.0000,421,2230.9622,0.0000,999,1000,1000,1,433.1553
4220.0000,422,2232.7823,0.0000,1000,1000,1000,1,433.8431
4230.0000,423,2234.5945,0.0000,999,1000,1000,1,435.1815
4240.0000,424,2236.3990,0.0000,999,1000,1000,1,436.5136
4250.0000,425,2238.1931,0.0000,1000,1000,1000,1,436.5221
4260.0000,426,2239.9783,0.0000,999,999,999,1,436.5255
4270.0000,427,2241.7551,0.0000,999,999,1000,1,436.5258
4280.0000,428,2243.5233,0.0000,999,1000,1000,1,435.8636
4290.0000,429,2245.2834,0.0000,999,999,1000,1,436.5190
4300.0000,430,2247.0360,0.0000,1000,1000,1000,1,436.5083
4310.0000,431,2248.7802,0.0000,999,999,1000,1,436.4924
4320.0000,432,2250.5170,0.0000,999,1000,1000,1,437.7968
4330.0000,433,2252.2435,0.0000,1000,999,999,1,436.4482
4340.0000,434,2253.9648,0.0000,999,999,1000,1,437.7463
4350.0000,435,2255.6759,0.0000,1000,1000,999,1,437.0528
4360.0000,436,2257.3821,0.0000,1000,1000,1000,1,438.3437
4370.0000,437,2259.0786,0.0000,998,999,999,1,437.6426
4380.0000,438,2260.7641,0.0000,999,999,1000,1,437.6006
4390.0000,439,2262.4461,0.0000,1000,1000,1000,1,438.2192
4400.0000,440,2264.1157,0.0000,998,998,999,1,436.1816
4410.0000,441,2265.7804,0.0000,999,1000,999,1,436.1326
4420.0000,442,2267.4379,0.0000,1000,999,1000,1,437.4067
4430.0000,443,2269.0891,0.0000,1000,1000,1000,1,438.0123
4440.0000,444,2270.7322,0.0000,999,999,1000,1,437.2849
4450.0000,445,2272.3678,0.0000,1000,1000,999,1,435.8914
4460.0000,446,2273.9965,0.0000,1000,1000,1000,1,436.4911
4470.0000,447,2275.6192,0.0000,1000,999,1000,1,437.7517
4480.0000,448,2277.2331,0.0000,999,999,1000,1,438.3422
4490.0000,449,2278.8410,0.0000,1000,999,1000,1,438.9282
4500.0000,450,2280.4429,0.0000,999,1000,1000,1,440.1750
4510.0000,451,2282.0344,0.0000,1000,1000,999,1,440.0832
4520.0000,452,2283.6202,0.0000,999,1000,1000,1,439.3243
4530.0000,453,2285.1987,0.0000,1000,1000,1000,1,439.2299
4540.0000,454,2286.7705,0.0000,1000,1000,1000,1,439.1317
4550.0000,455,2288.3369,0.0000,1000,999,1000,1,439.6988
4560.0000,456,2289.8950,0.0000,1000,999,1000,1,438.9281
4570.0000,457,2291.4456,0.0000,999,999,1000,1,439.4891
4580.0000,458,2292.9913,0.0000,1000,1000,1000,1,440.7129
4590.0000,459,2294.5311,0.0000,1000,1000,1000,1,441.9314
4600.0000,460,2296.0614,0.0000,998,999,999,1,441.8051
4610.0000,461,2297.5858,0.0000,1000,1000,1000,1,442.3456
4620.0000,462,2299.1022,0.0000,1000,1000,1000,1,442.2115
4630.0000,463,2300.6113,0.0000,999,1000,1000,1,442.0750
4640.0000,464,2302.1153,0.0000,999,999,1000,1,442.6063
4650.0000,465,2303.6097,0.0000,999,999,999,1,442.4622
4660.0000,466,2305.1019,0.0000,1000,1000,1000,1,443.6580
4670.0000,467,2306.5894,0.0000,1000,1000,1000,1,444.8494
4680.0000,468,2308.0675,0.0000,1000,1000,1000,1,445.3628
4690.0000,469,2309.5402,0.0000,999,1000,999,1,445.1992
4700.0000,470,2311.0048,0.0000,999,999,999,1,444.3587
4710.0000,471,2312.4625,0.0000,1000,1000,1000,1,443.5220
4720.0000,472,2313.9178,0.0000,999,1000,1000,1,444.0294
4730.0000,473,2315.3643,0.0000,998,998,999,1,443.8582
4740.0000,474,2316.8039,0.0000,999,1000,1000,1,443.0126
4750.0000,475,2318.2401,0.0000,1000,1000,1000,1,443.5122
4760.0000,476,2319.6699,0.0000,1000,999,1000,1,443.3337
4770.0000,477,2321.0929,0.0000,999,1000,1000,1,443.8274
4780.0000,478,2322.5108,0.0000,999,1000,999,1,442.9740
4790.0000,479,2323.9228,0.0000,999,999,1000,1,444.1365
4800.0000,480,2325.3272,0.0000,999,999,999,1,442.6067
4810.0000,481,2326.7230,0.0000,999,998,1000,1,441.7492
4820.0000,482,2328.1080,0.0000,999,1000,998,1,440.2202
4830.0000,483,2329.4956,0.0000,999,999,999,1,440.0354
4840.0000,484,2330.8751,0.0000,999,999,999,1,437.8350
4850.0000,485,2332.2502,0.0000,998,998,1000,1,436.9779
4860.0000,486,2333.6184,0.0000,999,1000,1000,1,436.1220
4870.0000,487,2334.9851,0.0000,999,1000,999,1,436.6078
4880.0000,488,2336.3429,0.0000,1000,1000,1000,1,435.7477
4890.0000,489,2337.6982,0.0000,1000,1000,1000,1,435.5588
4900.0000,490,2339.0462,0.0000,999,999,1000,1,434.0281
4910.0000,491,2340.3899,0.0000,999,999,1000,1,434.5108
4920.0000,492,2341.7259,0.0000,998,999,999,1,432.9752
4930.0000,493,2343.0579,0.0000,998,998,999,1,432.7809
4940.0000,494,2344.3789,0.0000,999,998,999,1,431.9141
4950.0000,495,2345.6999,0.0000,999,1000,1000,1,431.0484
4960.0000,496,2347.0163,0.0000,999,1000,1000,1,431.5230
4970.0000,497,2348.3275,0.0000,1000,1000,1000,1,431.3218
4980.0000,498,2349.6332,0.0000,999,1000,1000,1,431.1178
4990.0000,499,2350.9355,0.0000,1000,1000,1000,1,432.2578
5000.0000,500,2352.2316,0.0000,999,1000,1000,1,432.7192
5010.0000,501,2353.5232,0.0000,999,1000,1000,1,433.1772
5020.0000,502,2354.8073,0.0000,999,1000,999,1,432.9573
5030.0000,503,2356.0861,0.0000,999,1000,1000,1,432.7350
5040.0000,504,2357.3563,0.0000,999,999,1000,1,428.4729
5050.0000,505,2358.6266,0.0000,1000,1000,1000,1,428.9312
5060.0000,506,2359.8938,0.0000,999,1000,1000,1,430.0598
5070.0000,507,2361.1545,0.0000,999,1000,1000,1,430.5109
5080.0000,508,2362.4093,0.0000,999,999,1000,1,430.2836
5090.0000,509,2363.6595,0.0000,998,999,999,1,430.0522
5100.0000,510,2364.9059,0.0000,999,1000,1000,1,431.1696
5110.0000,511,2366.1462,0.0000,999,1000,1000,1,430.2553
5120.0000,512,2367.3831,0.0000,999,1000,1000,1,431.3681
5130.0000,513,2368.6135,0.0000,999,1000,1000,1,431.1240
5140.0000,514,2369.8383,0.0000,1000,999,1000,1,430.8774
5150.0000,515,2371.0607,0.0000,999,999,1000,1,431.9825
5160.0000,516,2372.2767,0.0000,999,1000,1000,1,431.0512
5170.0000,517,2373.4889,0.0000,999,999,1000,1,431.4747
5180.0000,518,2374.6959,0.0000,1000,1000,1000,1,431.8931
5190.0000,519,2375.8988,0.0000,999,999,999,1,432.3082
5200.0000,520,2377.0965,0.0000,999,1000,1000,1,432.7202
5210.0000,521,2378.2895,0.0000,999,1000,999,1,431.7682
5220.0000,522,2379.4781,0.0000,999,999,1000,1,432.1773
5230.0000,523,2380.6597,0.0000,998,999,1000,1,431.9029
5240.0000,524,2381.8394,0.0000,999,999,1000,1,432.3079
5250.0000,525,2383.0149,0.0000,999,1000,1000,1,432.0296
5260.0000,526,2384.1849,0.0000,999,999,1000,1,431.0679
5270.0000,527,2385.3517,0.0000,998,1000,1000,1,431.4661
5280.0000,528,2386.5127,0.0000,998,998,998,1,429.8181
5290.0000,529,2387.6666,0.0000,999,999,999,1,428.1728
5300.0000,530,2388.8193,0.0000,1000,1000,1000,1,427.8925
5310.0000,531,2389.9681,0.0000,999,1000,1000,1,428.9699
5320.0000,532,2391.1122,0.0000,999,999,1000,1,428.6824
5330.0000,533,2392.2512,0.0000,1000,1000,1000,1,426.3501
5340.0000,534,2393.3872,0.0000,1000,1000,1000,1,426.7435
5350.0000,535,2394.5175,0.0000,999,999,1000,1,425.7724
5360.0000,536,2395.6379,0.0000,998,999,999,1,424.1224
5370.0000,537,2396.7582,0.0000,999,1000,1000,1,423.8348
5380.0000,538,2397.8768,0.0000,999,999,1000,1,424.2264
5390.0000,539,2398.9912,0.0000,999,1000,1000,1,422.5753
5400.0000,540,2400.1017,0.0000,1000,1000,1000,1,421.6051
5410.0000,541,2401.2090,0.0000,999,1000,1000,1,421.3147
5420.0000,542,2402.3120,0.0000,999,999,1000,1,422.3824
5430.0000,543,2403.4115,0.0000,999,1000,1000,1,423.4461
5440.0000,544,2404.5057,0.0000,1000,999,1000,1,423.1429
5450.0000,545,2405.5937,0.0000,998,998,998,1,421.4741
5460.0000,546,2406.6797,0.0000,1000,1000,1000,1,421.8523
5470.0000,547,2407.7597,0.0000,998,1000,999,1,420.1850
5480.0000,548,2408.8372,0.0000,1000,999,1000,1,418.5231
5490.0000,549,2409.9106,0.0000,998,999,998,1,417.5430
5500.0000,550,2410.9802,0.0000,1000,1000,1000,1,416.5632
5510.0000,551,2412.0477,0.0000,999,999,1000,1,416.2616
5520.0000,552,2413.1103,0.0000,1000,999,999,1,415.9585
5530.0000,553,2414.1680,0.0000,998,999,999,1,415.6543
5540.0000,554,2415.2205,0.0000,999,1000,1000,1,413.9891
5550.0000,555,2416.2715,0.0000,1000,1000,1000,1,413.6869
5560.0000,556,2417.3197,0.0000,999,999,1000,1,412.7021
5570.0000,557,2418.3626,0.0000,998,998,1000,1,411.7183
5580.0000,558,2419.3978,0.0000,998,998,998,1,409.3718
5590.0000,559,2420.4326,0.0000,1000,999,999,1,407.0329
5600.0000,560,2421.4658,0.0000,999,999,999,1,407.4118
5610.0000,561,2422.4940,0.0000,999,999,999,1,407.1093
5620.0000,562,2423.5164,0.0000,999,999,1000,1,406.1266
5630.0000,563,2424.5382,0.0000,1000,999,999,1,405.8237
5640.0000,564,2425.5556,0.0000,999,999,999,1,405.5188
5650.0000,565,2426.5667,0.0000,999,998,999,1,403.8532
5660.0000,566,2427.5782,0.0000,999,1000,1000,1,404.9063
5670.0000,567,2428.5851,0.0000,1000,999,999,1,403.2373
5680.0000,568,2429.5855,0.0000,1000,1000,1000,1,400.8955
5690.0000,569,2430.5870,0.0000,999,999,1000,1,401.9484
5700.0000,570,2431.5845,0.0000,999,1000,1000,1,402.9977
5710.0000,571,2432.5778,0.0000,999,999,1000,1,402.6838
5720.0000,572,2433.5673,0.0000,1000,1000,1000,1,403.0482
5730.0000,573,2434.5551,0.0000,1000,999,999,1,403.4086
5740.0000,574,2435.5394,0.0000,999,1000,1000,1,404.4479
5750.0000,575,2436.5195,0.0000,999,999,1000,1,405.4836
5760.0000,576,2437.4965,0.0000,999,999,1000,1,405.8342
5770.0000,577,2438.4693,0.0000,1000,1000,1000,1,405.4998
5780.0000,578,2439.4404,0.0000,1000,1000,1000,1,406.5283
5790.0000,579,2440.4056,0.0000,999,1000,999,1,405.5022
5800.0000,580,2441.3682,0.0000,1000,1000,1000,1,406.5267
5810.0000,581,2442.3257,0.0000,999,1000,1000,1,404.8175
5820.0000,582,2443.2811,0.0000,1000,999,999,1,404.4752
5830.0000,583,2444.2328,0.0000,1000,1000,999,1,403.4516
5840.0000,584,2445.1829,0.0000,999,1000,1000,1,403.7916
5850.0000,585,2446.1297,0.0000,999,1000,1000,1,404.8107
5860.0000,586,2447.0736,0.0000,1000,1000,1000,1,405.1433
5870.0000,587,2448.0150,0.0000,999,999,1000,1,406.1567
5880.0000,588,2448.9525,0.0000,1000,1000,1000,1,406.4836
5890.0000,589,2449.8863,0.0000,999,999,1000,1,405.4394
5900.0000,590,2450.8159,0.0000,999,1000,1000,1,405.0791
5910.0000,591,2451.7423,0.0000,999,1000,1000,1,403.3510
5920.0000,592,2452.6664,0.0000,999,1000,1000,1,402.9927
5930.0000,593,2453.5881,0.0000,999,1000,1000,1,403.3164
5940.0000,594,2454.5049,0.0000,999,1000,1000,1,402.2729
5950.0000,595,2455.4198,0.0000,998,1000,999,1,401.9112
5960.0000,596,2456.3306,0.0000,999,999,999,1,400.8651
5970.0000,597,2457.2373,0.0000,1000,1000,1000,1,400.5014
5980.0000,598,2458.1427,0.0000,999,1000,999,1,400.1361
5990.0000,599,2459.0449,0.0000,1000,1000,1000,1,399.7701
6000.0000,600,2459.9454,0.0000,1000,1000,1000,1,400.0871
6010.0000,601,2460.8421,0.0000,1000,1000,1000,1,400.4005
6020.0000,602,2461.7361,0.0000,1000,1000,1000,1,400.7121
6030.0000,603,2462.6282,0.0000,1000,1000,1000,1,401.7059
6040.0000,604,2463.5150,0.0000,1000,1000,999,1,400.6413
6050.0000,605,2464.3994,0.0000,999,1000,1000,1,400.2636
6060.0000,606,2465.2817,0.0000,1000,1000,1000,1,399.8867
6070.0000,607,2466.1607,0.0000,1000,1000,1000,1,400.1916
6080.0000,608,2467.0347,0.0000,999,999,999,1,399.1261
6090.0000,609,2467.9086,0.0000,999,1000,1000,1,400.1127
6100.0000,610,2468.7791,0.0000,1000,1000,1000,1,399.7281
6110.0000,611,2469.6476,0.0000,999,1000,1000,1,400.0269
6120.0000,612,2470.5136,0.0000,1000,1000,1000,1,401.0072
6130.0000,613,2471.3764,0.0000,1000,1000,1000,1,401.2987
6140.0000,614,2472.2367,0.0000,1000,1000,1000,1,402.2738
6150.0000,615,2473.0900,0.0000,997,998,999,1,399.8154
6160.0000,616,2473.9424,0.0000,1000,1000,1000,1,400.1045
6170.0000,617,2474.7936,0.0000,999,1000,1000,1,400.3909
6180.0000,618,2475.6394,0.0000,998,999,999,1,399.9872
6190.0000,619,2476.4822,0.0000,999,1000,1000,1,398.2113
6200.0000,620,2477.3253,0.0000,999,1000,1000,1,398.4965
6210.0000,621,2478.1644,0.0000,999,998,999,1,396.7181
6220.0000,622,2478.9994,0.0000,999,999,999,1,395.6281
6230.0000,623,2479.8338,0.0000,1000,1000,1000,1,395.9113
6240.0000,624,2480.6654,0.0000,1000,1000,1000,1,395.5049
6250.0000,625,2481.4929,0.0000,999,999,1000,1,394.4124
6260.0000,626,2482.3183,0.0000,999,998,1000,1,393.3187
6270.0000,627,2483.1399,0.0000,999,1000,1000,1,391.5435
6280.0000,628,2483.9626,0.0000,999,1000,1000,1,392.5124
6290.0000,629,2484.7793,0.0000,999,999,1000,1,391.4190
6300.0000,630,2485.5960,0.0000,1000,1000,1000,1,392.3850
6310.0000,631,2486.4085,0.0000,999,1000,1000,1,391.2870
6320.0000,632,2487.2170,0.0000,998,998,998,1,389.5018
6330.0000,633,2488.0215,0.0000,998,999,1000,1,388.4052
6340.0000,634,2488.8257,0.0000,1000,999,999,1,387.9950
6350.0000,635,2489.6284,0.0000,999,1000,1000,1,387.5836
6360.0000,636,2490.4291,0.0000,1000,1000,1000,1,387.8598
6370.0000,637,2491.2274,0.0000,1000,1000,1000,1,388.1330
6380.0000,638,2492.0242,0.0000,1000,1000,1000,1,389.0921
6390.0000,639,2492.8176,0.0000,1000,999,1000,1,388.6708
6400.0000,640,2493.6088,0.0000,1000,1000,1000,1,387.5605
6410.0000,641,2494.3972,0.0000,999,1000,1000,1,387.8276
6420.0000,642,2495.1838,0.0000,999,999,999,1,388.0916
6430.0000,643,2495.9678,0.0000,999,999,1000,1,389.0432
6440.0000,644,2496.7484,0.0000,999,999,999,1,388.6116
6450.0000,645,2497.5259,0.0000,999,999,1000,1,388.1804
6460.0000,646,2498.3005,0.0000,1000,1000,1000,1,387.0584
6470.0000,647,2499.0743,0.0000,999,999,999,1,385.9363
6480.0000,648,2499.8435,0.0000,998,999,999,1,385.5030
6490.0000,649,2500.6118,0.0000,1000,1000,999,1,385.0695
6500.0000,650,2501.3786,0.0000,1000,1000,1000,1,385.3249
6510.0000,651,2502.1431,0.0000,999,1000,1000,1,385.5787
6520.0000,652,2502.9055,0.0000,999,1000,1000,1,386.5211
6530.0000,653,2503.6651,0.0000,1000,1000,1000,1,386.7687
6540.0000,654,2504.4232,0.0000,999,999,1000,1,387.7063
6550.0000,655,2505.1770,0.0000,1000,1000,1000,1,385.1838
6560.0000,656,2505.9311,0.0000,1000,1000,1000,1,386.1211
6570.0000,657,2506.6821,0.0000,1000,1000,1000,1,387.0554
6580.0000,658,2507.4313,0.0000,1000,1000,1000,1,387.9870
6590.0000,659,2508.1770,0.0000,999,999,1000,1,387.5294
6600.0000,660,2508.9202,0.0000,999,1000,1000,1,386.3760
6610.0000,661,2509.6618,0.0000,999,999,1000,1,386.6104
6620.0000,662,2510.3993,0.0000,999,1000,999,1,384.7610
6630.0000,663,2511.1367,0.0000,999,999,1000,1,385.6888
6640.0000,664,2511.8692,0.0000,998,998,998,1,381.7537
6650.0000,665,2512.5967,0.0000,999,1000,1000,1,381.2927
6660.0000,666,2513.3274,0.0000,999,1000,1000,1,381.5271
6670.0000,667,2514.0534,0.0000,999,998,1000,1,380.3687
6680.0000,668,2514.7783,0.0000,999,999,999,1,378.5143
6690.0000,669,2515.5008,0.0000,999,1000,1000,1,378.0525
6700.0000,670,2516.2229,0.0000,999,1000,1000,1,378.2847
6710.0000,671,2516.9417,0.0000,999,998,999,1,378.5144
6720.0000,672,2517.6559,0.0000,998,998,999,1,378.0459
6730.0000,673,2518.3693,0.0000,1000,999,1000,1,376.1880
6740.0000,674,2519.0818,0.0000,999,999,999,1,375.7223
6750.0000,675,2519.7918,0.0000,999,1000,1000,1,375.2558
6760.0000,676,2520.4985,0.0000,998,999,1000,1,374.0914
6770.0000,677,2521.2052,0.0000,1000,1000,1000,1,375.0159
6780.0000,678,2521.9054,0.0000,998,998,999,1,372.4546
6790.0000,679,2522.6077,0.0000,1000,1000,1000,1,373.3786
6800.0000,680,2523.3086,0.0000,999,1000,1000,1,374.3001
6810.0000,681,2524.0077,0.0000,999,999,1000,1,375.2189
6820.0000,682,2524.7039,0.0000,999,1000,1000,1,374.7388
6830.0000,683,2525.3979,0.0000,999,1000,999,1,373.5594
6840.0000,684,2526.0888,0.0000,998,998,999,1,372.3799
6850.0000,685,2526.7776,0.0000,999,999,1000,1,371.9000
6860.0000,686,2527.4660,0.0000,999,1000,1000,1,371.4191
6870.0000,687,2528.1522,0.0000,1000,1000,1000,1,370.9372
6880.0000,688,2528.8349,0.0000,998,1000,999,1,370.4536
6890.0000,689,2529.5163,0.0000,998,999,999,1,370.6677
6900.0000,690,2530.1914,0.0000,1000,999,999,1,367.3900
6910.0000,691,2530.8701,0.0000,1000,1000,1000,1,366.9106
6920.0000,692,2531.5471,0.0000,1000,999,1000,1,367.1279
6930.0000,693,2532.2216,0.0000,1000,999,1000,1,366.6457
6940.0000,694,2532.8925,0.0000,999,1000,999,1,363.3726
6950.0000,695,2533.5618,0.0000,999,1000,1000,1,361.4989
6960.0000,696,2534.2274,0.0000,999,999,999,1,358.2318
6970.0000,697,2534.8938,0.0000,1000,1000,1000,1,357.7590
6980.0000,698,2535.5600,0.0000,1000,999,1000,1,358.6791
6990.0000,699,2536.2232,0.0000,999,999,999,1,358.8981
7000.0000,700,2536.8845,0.0000,1000,999,1000,1,359.8139
7010.0000,701,2537.5417,0.0000,998,1000,999,1,359.3290
7020.0000,702,2538.1990,0.0000,1000,999,1000,1,358.8433
7030.0000,703,2538.8544,0.0000,999,999,999,1,359.0557
7040.0000,704,2539.5079,0.0000,1000,999,1000,1,359.2676
7050.0000,705,2540.1595,0.0000,999,1000,1000,1,359.4775
7060.0000,706,2540.8088,0.0000,999,1000,1000,1,359.6850
7070.0000,707,2541.4565,0.0000,998,1000,1000,1,359.1913
7080.0000,708,2542.1025,0.0000,999,1000,999,1,358.6961
7090.0000,709,2542.7452,0.0000,1000,999,1000,1,358.8995
7100.0000,710,2543.3871,0.0000,998,999,999,1,358.4019
7110.0000,711,2544.0268,0.0000,1000,1000,1000,1,357.9034
7120.0000,712,2544.6658,0.0000,999,999,1000,1,358.8052
7130.0000,713,2545.3030,0.0000,1000,1000,1000,1,359.0042
7140.0000,714,2545.9390,0.0000,1000,999,1000,1,359.9019
7150.0000,715,2546.5727,0.0000,1000,1000,1000,1,360.7972
7160.0000,716,2547.2039,0.0000,1000,1000,1000,1,360.2848
7170.0000,717,2547.8344,0.0000,998,1000,1000,1,360.4739
7180.0000,718,2548.4621,0.0000,999,999,999,1,358.5550
7190.0000,719,2549.0889,0.0000,1000,1000,1000,1,359.4470
7200.0000,720,2549.7136,0.0000,1000,1000,1000,1,358.9310
7210.0000,721,2550.3367,0.0000,999,999,1000,1,358.4138
7220.0000,722,2550.9588,0.0000,1000,1000,1000,1,359.3024
7230.0000,723,2551.5778,0.0000,999,999,1000,1,358.7811
7240.0000,724,2552.1958,0.0000,1000,999,1000,1,358.9623
7250.0000,725,2552.8123,0.0000,999,1000,999,1,359.1416
7260.0000,726,2553.4256,0.0000,999,1000,1000,1,357.2077
7270.0000,727,2554.0358,0.0000,999,1000,1000,1,355.2780
7280.0000,728,2554.6457,0.0000,1000,1000,999,1,353.3516
7290.0000,729,2555.2548,0.0000,999,1000,1000,1,352.8322
7300.0000,730,2555.8634,0.0000,999,1000,1000,1,353.7187
7310.0000,731,2556.4683,0.0000,999,998,999,1,351.0932
7320.0000,732,2557.0700,0.0000,998,997,999,1,347.0985
7330.0000,733,2557.6713,0.0000,999,999,1000,1,345.2075
7340.0000,734,2558.2689,0.0000,998,1000,999,1,344.0137
7350.0000,735,2558.8683,0.0000,999,1000,1000,1,343.5168
7360.0000,736,2559.4663,0.0000,1000,999,1000,1,343.0246
7370.0000,737,2560.0615,0.0000,1000,999,1000,1,343.2234
7380.0000,738,2560.6556,0.0000,999,999,1000,1,342.7298
7390.0000,739,2561.2484,0.0000,998,999,999,1,342.9279
7400.0000,740,2561.8400,0.0000,1000,1000,1000,1,342.4381
7410.0000,741,2562.4294,0.0000,999,999,1000,1,341.9509
7420.0000,742,2563.0183,0.0000,1000,1000,1000,1,342.8377
7430.0000,743,2563.6051,0.0000,1000,1000,999,1,343.0354
7440.0000,744,2564.1902,0.0000,1000,1000,1000,1,342.5528
7450.0000,745,2564.7744,0.0000,999,1000,1000,1,343.4352
7460.0000,746,2565.3560,0.0000,999,1000,1000,1,342.9498
7470.0000,747,2565.9364,0.0000,1000,1000,1000,1,342.4643
7480.0000,748,2566.5159,0.0000,999,999,1000,1,342.6602
7490.0000,749,2567.0927,0.0000,999,1000,1000,1,341.4917
7500.0000,750,2567.6680,0.0000,1000,1000,1000,1,340.3295
7510.0000,751,2568.2424,0.0000,999,999,999,1,339.8500
7520.0000,752,2568.8143,0.0000,1000,1000,1000,1,340.0495
7530.0000,753,2569.3851,0.0000,999,999,999,1,339.5713
7540.0000,754,2569.9525,0.0000,998,998,999,1,337.7541
7550.0000,755,2570.5204,0.0000,999,1000,1000,1,337.9584
7560.0000,756,2571.0875,0.0000,999,1000,1000,1,338.8342
7570.0000,757,2571.6528,0.0000,1000,1000,1000,1,339.0340
7580.0000,758,2572.2167,0.0000,999,1000,1000,1,338.5593
7590.0000,759,2572.7787,0.0000,999,1000,1000,1,338.7583
7600.0000,760,2573.3384,0.0000,999,999,1000,1,338.9549
7610.0000,761,2573.8973,0.0000,998,999,999,1,338.4764
7620.0000,762,2574.4552,0.0000,1000,999,1000,1,339.3444
7630.0000,763,2575.0109,0.0000,1000,1000,1000,1,339.5364
7640.0000,764,2575.5659,0.0000,999,1000,1000,1,339.0588
7650.0000,765,2576.1199,0.0000,1000,1000,1000,1,339.9227
7660.0000,766,2576.6725,0.0000,999,1000,999,1,340.1125
7670.0000,767,2577.2227,0.0000,999,1000,999,1,339.6297
7680.0000,768,2577.7714,0.0000,999,999,1000,1,339.1475
7690.0000,769,2578.3188,0.0000,1000,999,999,1,338.6669
7700.0000,770,2578.8647,0.0000,999,1000,1000,1,338.8592
7710.0000,771,2579.4092,0.0000,1000,1000,1000,1,338.3848
7720.0000,772,2579.9528,0.0000,1000,1000,1000,1,338.5765
7730.0000,773,2580.4957,0.0000,999,1000,1000,1,339.4321
7740.0000,774,2581.0366,0.0000,999,999,1000,1,338.9546
7750.0000,775,2581.5758,0.0000,999,1000,1000,1,339.1426
7760.0000,776,2582.1139,0.0000,999,1000,1000,1,338.6646
7770.0000,777,2582.6505,0.0000,1000,1000,1000,1,338.8515
7780.0000,778,2583.1858,0.0000,1000,1000,1000,1,338.3739
7790.0000,779,2583.7201,0.0000,1000,1000,1000,1,337.9024
7800.0000,780,2584.2521,0.0000,999,1000,999,1,337.4299
7810.0000,781,2584.7833,0.0000,1000,1000,1000,1,338.2782
7820.0000,782,2585.3138,0.0000,1000,999,1000,1,339.1244
7830.0000,783,2585.8408,0.0000,998,999,1000,1,338.6465
7840.0000,784,2586.3647,0.0000,1000,1000,1000,1,336.8499
7850.0000,785,2586.8900,0.0000,1000,999,1000,1,336.3776
7860.0000,786,2587.4143,0.0000,1000,1000,1000,1,337.2219
7870.0000,787,2587.9379,0.0000,1000,1000,1000,1,337.4063
7880.0000,788,2588.4590,0.0000,1000,1000,1000,1,337.5889
7890.0000,789,2588.9785,0.0000,1000,1000,1000,1,337.1119
7900.0000,790,2589.4976,0.0000,999,999,1000,1,336.6345
7910.0000,791,2590.0138,0.0000,999,999,999,1,335.4991
7920.0000,792,2590.5297,0.0000,1000,1000,1000,1,335.0222
7930.0000,793,2591.0450,0.0000,999,999,1000,1,335.8608
7940.0000,794,2591.5575,0.0000,1000,999,999,1,334.7260
7950.0000,795,2592.0699,0.0000,1000,1000,1000,1,334.9062
7960.0000,796,2592.5809,0.0000,999,1000,1000,1,335.7417
7970.0000,797,2593.0910,0.0000,1000,1000,1000,1,335.9178
7980.0000,798,2593.6003,0.0000,1000,1000,1000,1,336.0943
7990.0000,799,2594.1081,0.0000,999,999,1000,1,336.9253
8000.0000,800,2594.6143,0.0000,999,999,1000,1,337.0972
8010.0000,801,2595.1187,0.0000,999,999,1000,1,335.3039
8020.0000,802,2595.6208,0.0000,998,1000,1000,1,333.5169
8030.0000,803,2596.1216,0.0000,1000,1000,999,1,331.0986
8040.0000,804,2596.6214,0.0000,999,1000,1000,1,331.2827
8050.0000,805,2597.1211,0.0000,999,1000,1000,1,330.8207
8060.0000,806,2597.6188,0.0000,1000,1000,1000,1,331.0042
8070.0000,807,2598.1163,0.0000,999,999,1000,1,330.5392
8080.0000,808,2598.6128,0.0000,999,1000,1000,1,330.7210
8090.0000,809,2599.1080,0.0000,999,1000,1000,1,330.9007
8100.0000,810,2599.6012,0.0000,1000,1000,1000,1,330.4340
8110.0000,811,2600.0931,0.0000,999,999,999,1,329.3265
8120.0000,812,2600.5835,0.0000,999,1000,1000,1,329.5100
8130.0000,813,2601.0731,0.0000,999,1000,1000,1,329.0502
8140.0000,814,2601.5611,0.0000,999,999,999,1,328.5911
8150.0000,815,2602.0481,0.0000,1000,1000,1000,1,328.7730
8160.0000,816,2602.5348,0.0000,998,999,999,1,328.9553
8170.0000,817,2603.0190,0.0000,998,999,999,1,327.8597
8180.0000,818,2603.5019,0.0000,999,999,999,1,327.4044
8190.0000,819,2603.9831,0.0000,1000,999,999,1,325.6812
8200.0000,820,2604.4623,0.0000,999,999,999,1,323.9695
8210.0000,821,2604.9418,0.0000,1000,1000,1000,1,324.7919
8220.0000,822,2605.4211,0.0000,998,999,999,1,324.3448
8230.0000,823,2605.8976,0.0000,999,1000,1000,1,323.8987
8240.0000,824,2606.3720,0.0000,999,999,1000,1,323.4541
8250.0000,825,2606.8469,0.0000,1000,999,1000,1,323.0110
8260.0000,826,2607.3224,0.0000,1000,1000,1000,1,323.8306
8270.0000,827,2607.7966,0.0000,1000,1000,1000,1,324.0166
8280.0000,828,2608.2687,0.0000,999,1000,1000,1,322.3171
8290.0000,829,2608.7398,0.0000,999,1000,1000,1,321.8790
8300.0000,830,2609.2095,0.0000,999,1000,999,1,321.4399
8310.0000,831,2609.6784,0.0000,1000,999,1000,1,321.6277
8320.0000,832,2610.1467,0.0000,1000,1000,1000,1,321.8149
8330.0000,833,2610.6127,0.0000,1000,1000,999,1,320.1230
8340.0000,834,2611.0775,0.0000,998,999,999,1,319.6877
8350.0000,835,2611.5408,0.0000,1000,1000,1000,1,319.8795
8360.0000,836,2612.0014,0.0000,998,999,999,1,318.8336
8370.0000,837,2612.4640,0.0000,1000,1000,1000,1,319.6474
8380.0000,838,2612.9218,0.0000,997,999,999,1,317.3800
8390.0000,839,2613.3816,0.0000,1000,1000,1000,1,317.5783
8400.0000,840,2613.8413,0.0000,1000,1000,1000,1,317.7757
8410.0000,841,2614.2983,0.0000,999,1000,1000,1,317.3575
8420.0000,842,2614.7548,0.0000,999,1000,1000,1,316.9388
8430.0000,843,2615.2108,0.0000,999,1000,1000,1,317.1349
8440.0000,844,2615.6637,0.0000,999,1000,1000,1,316.7152
8450.0000,845,2616.1170,0.0000,999,1000,1000,1,316.2963
8460.0000,846,2616.5701,0.0000,1000,1000,999,1,316.4905
8470.0000,847,2617.0200,0.0000,999,1000,1000,1,316.0699
8480.0000,848,2617.4700,0.0000,999,1000,1000,1,315.6499
8490.0000,849,2617.9188,0.0000,998,1000,1000,1,314.6188
8500.0000,850,2618.3664,0.0000,999,999,1000,1,314.8127
8510.0000,851,2618.8141,0.0000,1000,1000,1000,1,315.6179
8520.0000,852,2619.2608,0.0000,999,1000,1000,1,316.4212
8530.0000,853,2619.7058,0.0000,1000,1000,1000,1,316.6097
8540.0000,854,2620.1509,0.0000,1000,1000,1000,1,317.4100
8550.0000,855,2620.5942,0.0000,1000,999,1000,1,318.2083
8560.0000,856,2621.0366,0.0000,999,999,1000,1,318.3904
8570.0000,857,2621.4772,0.0000,1000,999,1000,1,317.3431
8580.0000,858,2621.9178,0.0000,999,1000,1000,1,318.1388
8590.0000,859,2622.3564,0.0000,1000,1000,1000,1,317.7025
8600.0000,860,2622.7953,0.0000,999,1000,1000,1,318.4959
8610.0000,861,2623.2328,0.0000,999,1000,1000,1,319.2874
8620.0000,862,2623.6694,0.0000,1000,1000,1000,1,320.0771
8630.0000,863,2624.1043,0.0000,999,999,999,1,320.2480
8640.0000,864,2624.5388,0.0000,999,999,1000,1,320.4207
8650.0000,865,2624.9711,0.0000,998,1000,1000,1,319.9776
8660.0000,866,2625.3995,0.0000,998,998,998,1,317.6971
8670.0000,867,2625.8295,0.0000,1000,1000,1000,1,318.4832
8680.0000,868,2626.2596,0.0000,1000,1000,1000,1,319.2684
8690.0000,869,2626.6876,0.0000,998,999,999,1,318.8247
8700.0000,870,2627.1147,0.0000,998,999,1000,1,317.1553
8710.0000,871,2627.5409,0.0000,999,1000,1000,1,317.3276
8720.0000,872,2627.9668,0.0000,999,999,999,1,316.8862
8730.0000,873,2628.3916,0.0000,1000,999,1000,1,317.6685
8740.0000,874,2628.8154,0.0000,999,1000,1000,1,316.6159
8750.0000,875,2629.2387,0.0000,999,999,1000,1,315.5658
8760.0000,876,2629.6600,0.0000,999,1000,1000,1,315.1279
8770.0000,877,2630.0811,0.0000,999,999,999,1,314.0801
8780.0000,878,2630.5015,0.0000,999,999,999,1,314.2509
8790.0000,879,2630.9208,0.0000,999,1000,1000,1,315.0309
8800.0000,880,2631.3395,0.0000,999,999,999,1,315.1991
8810.0000,881,2631.7569,0.0000,999,999,999,1,315.3665
8820.0000,882,2632.1732,0.0000,1000,1000,1000,1,315.5329
8830.0000,883,2632.5882,0.0000,1000,999,1000,1,315.0888
8840.0000,884,2633.0028,0.0000,1000,1000,1000,1,315.2541
8850.0000,885,2633.4165,0.0000,999,1000,1000,1,315.4184
8860.0000,886,2633.8294,0.0000,1000,1000,1000,1,315.5823
8870.0000,887,2634.2397,0.0000,1000,999,1000,1,315.1352
8880.0000,888,2634.6499,0.0000,999,999,999,1,314.0827
8890.0000,889,2635.0589,0.0000,998,999,999,1,313.0367
8900.0000,890,2635.4674,0.0000,1000,1000,1000,1,313.8083
8910.0000,891,2635.8747,0.0000,1000,1000,1000,1,313.3673
8920.0000,892,2636.2816,0.0000,1000,1000,1000,1,313.5316
8930.0000,893,2636.6881,0.0000,1000,999,1000,1,313.6940
8940.0000,894,2637.0932,0.0000,1000,1000,1000,1,313.8553
8950.0000,895,2637.4977,0.0000,1000,1000,999,1,314.0151
8960.0000,896,2637.9007,0.0000,999,999,999,1,313.5664
8970.0000,897,2638.3035,0.0000,1000,999,1000,1,313.7244
8980.0000,898,2638.7045,0.0000,999,1000,1000,1,313.8822
8990.0000,899,2639.1050,0.0000,999,1000,1000,1,313.4342
9000.0000,900,2639.5039,0.0000,998,1000,999,1,312.9881
9010.0000,901,2639.9025,0.0000,1000,999,1000,1,311.9397
9020.0000,902,2640.3004,0.0000,999,1000,1000,1,312.0989
9030.0000,903,2640.6971,0.0000,999,999,999,1,311.0529
9040.0000,904,2641.0930,0.0000,999,999,1000,1,310.6161
9050.0000,905,2641.4874,0.0000,999,999,999,1,308.9819
9060.0000,906,2641.8823,0.0000,999,999,1000,1,309.7446
9070.0000,907,2642.2759,0.0000,999,999,999,1,309.3078
9080.0000,908,2642.6686,0.0000,1000,1000,1000,1,308.8708
9090.0000,909,2643.0609,0.0000,999,1000,1000,1,309.0319
9100.0000,910,2643.4527,0.0000,1000,1000,1000,1,309.7912
9110.0000,911,2643.8421,0.0000,1000,1000,1000,1,309.3517
9120.0000,912,2644.2311,0.0000,999,1000,1000,1,308.9158
9130.0000,913,2644.6176,0.0000,999,1000,1000,1,307.8836
9140.0000,914,2645.0061,0.0000,999,1000,1000,1,308.6408
9150.0000,915,2645.3933,0.0000,999,1000,1000,1,309.3964
9160.0000,916,2645.7783,0.0000,999,999,999,1,308.3618
9170.0000,917,2646.1609,0.0000,998,999,999,1,304.9647
9180.0000,918,2646.5437,0.0000,999,1000,1000,1,304.5402
9190.0000,919,2646.9274,0.0000,999,1000,1000,1,305.2970
9200.0000,920,2647.3095,0.0000,1000,1000,1000,1,304.2839
9210.0000,921,2647.6902,0.0000,999,999,1000,1,303.8622
9220.0000,922,2648.0711,0.0000,999,1000,1000,1,304.0285
9230.0000,923,2648.4517,0.0000,999,1000,1000,1,304.7825
9240.0000,924,2648.8311,0.0000,1000,999,1000,1,304.9489
9250.0000,925,2649.2103,0.0000,1000,1000,1000,1,305.7003
9260.0000,926,2649.5887,0.0000,1000,1000,1000,1,306.4501
9270.0000,927,2649.9648,0.0000,1000,1000,1000,1,306.0251
9280.0000,928,2650.3400,0.0000,999,999,999,1,303.2639
9290.0000,929,2650.7146,0.0000,999,1000,999,1,302.8494
9300.0000,930,2651.0897,0.0000,1000,1000,1000,1,303.5990
9310.0000,931,2651.4641,0.0000,999,999,1000,1,304.3470
9320.0000,932,2651.8364,0.0000,998,999,999,1,303.3455
9330.0000,933,2652.2072,0.0000,998,999,1000,1,301.1855
9340.0000,934,2652.5788,0.0000,1000,1000,1000,1,301.3545
9350.0000,935,2652.9491,0.0000,999,1000,1000,1,301.5217
9360.0000,936,2653.3191,0.0000,999,1000,1000,1,302.2679
9370.0000,937,2653.6875,0.0000,999,1000,1000,1,301.8511
9380.0000,938,2654.0555,0.0000,1000,1000,1000,1,300.8549
9390.0000,939,2654.4229,0.0000,1000,1000,1000,1,300.4421
9400.0000,940,2654.7895,0.0000,999,999,1000,1,301.1863
9410.0000,941,2655.1550,0.0000,1000,999,1000,1,300.7720
9420.0000,942,2655.5204,0.0000,999,999,1000,1,300.9364
9430.0000,943,2655.8848,0.0000,1000,1000,1000,1,301.1000
9440.0000,944,2656.2478,0.0000,999,999,1000,1,300.1103
9450.0000,945,2656.6092,0.0000,999,998,999,1,297.9753
9460.0000,946,2656.9702,0.0000,999,999,1000,1,297.5689
9470.0000,947,2657.3306,0.0000,1000,1000,1000,1,297.1635
9480.0000,948,2657.6897,0.0000,1000,1000,999,1,296.1851
9490.0000,949,2658.0488,0.0000,1000,1000,1000,1,295.7827
9500.0000,950,2658.4043,0.0000,999,997,999,1,294.2421
9510.0000,951,2658.7600,0.0000,1000,1000,999,1,291.5749
9520.0000,952,2659.1171,0.0000,1000,1000,1000,1,290.6206
9530.0000,953,2659.4726,0.0000,998,999,998,1,289.1034
9540.0000,954,2659.8278,0.0000,999,1000,1000,1,288.7190
9550.0000,955,2660.1826,0.0000,998,999,999,1,288.3328
9560.0000,956,2660.5361,0.0000,1000,1000,999,1,288.5117
9570.0000,957,2660.8899,0.0000,999,999,999,1,288.1258
9580.0000,958,2661.2417,0.0000,998,999,1000,1,286.6113
9590.0000,959,2661.5932,0.0000,998,999,999,1,286.2275
9600.0000,960,2661.9430,0.0000,999,999,1000,1,284.1578
9610.0000,961,2662.2931,0.0000,997,998,998,1,283.2210
9620.0000,962,2662.6407,0.0000,999,999,1000,1,283.9644
9630.0000,963,2662.9900,0.0000,1000,1000,1000,1,283.5929
9640.0000,964,2663.3388,0.0000,999,1000,1000,1,283.7783
9650.0000,965,2663.6864,0.0000,999,1000,1000,1,283.4062
9660.0000,966,2664.0332,0.0000,999,999,1000,1,283.5904
9670.0000,967,2664.3787,0.0000,1000,1000,1000,1,282.6598
9680.0000,968,2664.7245,0.0000,999,1000,1000,1,282.8447
9690.0000,969,2665.0683,0.0000,1000,999,999,1,281.3652
9700.0000,970,2665.4122,0.0000,999,999,1000,1,281.5525
9710.0000,971,2665.7560,0.0000,999,1000,1000,1,281.7390
9720.0000,972,2666.0984,0.0000,998,1000,1000,1,280.8185
9730.0000,973,2666.4406,0.0000,999,999,999,1,280.4539
9740.0000,974,2666.7825,0.0000,999,1000,1000,1,281.1926
9750.0000,975,2667.1233,0.0000,999,1000,999,1,281.3775
9760.0000,976,2667.4602,0.0000,1000,999,1000,1,279.9094
9770.0000,977,2667.7965,0.0000,999,998,1000,1,278.4476
9780.0000,978,2668.1348,0.0000,1000,1000,1000,1,276.9933
9790.0000,979,2668.4722,0.0000,1000,1000,1000,1,276.0932
9800.0000,980,2668.8094,0.0000,1000,1000,1000,1,275.7391
9810.0000,981,2669.1457,0.0000,1000,1000,1000,1,275.3852
9820.0000,982,2669.4806,0.0000,999,999,1000,1,275.0329
9830.0000,983,2669.8156,0.0000,1000,1000,1000,1,275.2268
9840.0000,984,2670.1503,0.0000,999,1000,1000,1,275.9634
9850.0000,985,2670.4846,0.0000,999,1000,1000,1,276.1561
9860.0000,986,2670.8173,0.0000,998,999,999,1,275.2638
9870.0000,987,2671.1490,0.0000,999,999,1000,1,274.9143
9880.0000,988,2671.4797,0.0000,999,999,1000,1,274.5670
9890.0000,989,2671.8108,0.0000,999,1000,1000,1,275.3005
9900.0000,990,2672.1414,0.0000,999,999,1000,1,276.0325
9910.0000,991,2672.4707,0.0000,1000,1000,1000,1,275.6803
9920.0000,992,2672.7999,0.0000,999,999,1000,1,275.8693
9930.0000,993,2673.1280,0.0000,1000,1000,1000,1,275.5167
9940.0000,994,2673.4554,0.0000,1000,999,999,1,275.1680
9950.0000,995,2673.7819,0.0000,999,1000,1000,1,274.8228
9960.0000,996,2674.1085,0.0000,1000,1000,1000,1,275.0145
9970.0000,997,2674.4334,0.0000,998,998,999,1,274.1339
9980.0000,998,2674.7568,0.0000,1000,999,1000,1,273.2592
9990.0000,999,2675.0810,0.0000,999,1000,1000,1,272.3953
10000.0000,1000,2675.4052,0.0000,1000,1000,1000,1,273.1229
10010.0000,1001,2675.7287,0.0000,999,1000,1000,1,272.7886
10020.0000,1002,2676.0514,0.0000,999,1000,1000,1,272.9842
10030.0000,1003,2676.3730,0.0000,1000,1000,1000,1,272.6478
10040.0000,1004,2676.6939,0.0000,1000,1000,1000,1,271.7832
10050.0000,1005,2677.0146,0.0000,999,1000,1000,1,271.9790
10060.0000,1006,2677.3343,0.0000,1000,1000,1000,1,271.6451
10070.0000,1007,2677.6540,0.0000,999,1000,1000,1,271.8393
10080.0000,1008,2677.9730,0.0000,1000,1000,1000,1,272.0331
10090.0000,1009,2678.2917,0.0000,999,1000,1000,1,272.7546
10100.0000,1010,2678.6098,0.0000,1000,1000,1000,1,273.4746
10110.0000,1011,2678.9269,0.0000,999,999,999,1,272.6070
10120.0000,1012,2679.2424,0.0000,1000,1000,1000,1,273.3254
10130.0000,1013,2679.5583,0.0000,999,1000,1000,1,273.5144
10140.0000,1014,2679.8736,0.0000,999,1000,1000,1,274.2308
10150.0000,1015,2680.1882,0.0000,999,999,1000,1,274.4171
10160.0000,1016,2680.5022,0.0000,1000,1000,1000,1,275.1313
10170.0000,1017,2680.8143,0.0000,998,999,998,1,274.2571
10180.0000,1018,2681.1267,0.0000,1000,1000,1000,1,274.9698
10190.0000,1019,2681.4383,0.0000,999,999,1000,1,275.1527
10200.0000,1020,2681.7497,0.0000,1000,1000,1000,1,275.8633
10210.0000,1021,2682.0609,0.0000,1000,1000,1000,1,276.5726
10220.0000,1022,2682.3710,0.0000,999,999,999,1,276.7504
10230.0000,1023,2682.6796,0.0000,998,999,1000,1,276.3972
10240.0000,1024,2682.9881,0.0000,999,1000,1000,1,276.0450
10250.0000,1025,2683.2959,0.0000,1000,1000,1000,1,275.1628
10260.0000,1026,2683.6036,0.0000,999,1000,1000,1,275.8692
10270.0000,1027,2683.9110,0.0000,999,999,999,1,276.0442
10280.0000,1028,2684.2172,0.0000,999,1000,1000,1,276.2190
10290.0000,1029,2684.5231,0.0000,999,1000,1000,1,276.3925
10300.0000,1030,2684.8280,0.0000,999,1000,1000,1,275.5052
10310.0000,1031,2685.1319,0.0000,999,1000,1000,1,275.1485
10320.0000,1032,2685.4360,0.0000,998,998,1000,1,274.7909
10330.0000,1033,2685.7392,0.0000,999,1000,1000,1,273.3773
10340.0000,1034,2686.0423,0.0000,1000,1000,1000,1,273.0245
10350.0000,1035,2686.3451,0.0000,1000,999,1000,1,273.7269
10360.0000,1036,2686.6470,0.0000,999,1000,1000,1,273.8993
10370.0000,1037,2686.9465,0.0000,998,999,1000,1,272.4875
10380.0000,1038,2687.2444,0.0000,999,1000,1000,1,269.5013
10390.0000,1039,2687.5441,0.0000,998,1000,999,1,269.6787
10400.0000,1040,2687.8430,0.0000,999,999,1000,1,268.8049
10410.0000,1041,2688.1405,0.0000,1000,999,999,1,267.4085
10420.0000,1042,2688.4383,0.0000,998,1000,999,1,267.0643
10430.0000,1043,2688.7358,0.0000,999,1000,999,1,266.7206
10440.0000,1044,2689.0323,0.0000,999,1000,999,1,266.8999
10450.0000,1045,2689.3283,0.0000,999,1000,1000,1,266.5599
10460.0000,1046,2689.6234,0.0000,999,1000,1000,1,266.7410
10470.0000,1047,2689.9185,0.0000,998,1000,999,1,266.4011
10480.0000,1048,2690.2138,0.0000,999,1000,1000,1,266.5811
10490.0000,1049,2690.5076,0.0000,1000,1000,1000,1,266.2403
10500.0000,1050,2690.8018,0.0000,999,999,1000,1,266.9392
10510.0000,1051,2691.0955,0.0000,999,1000,1000,1,267.1165
10520.0000,1052,2691.3883,0.0000,999,999,999,1,266.2504
10530.0000,1053,2691.6803,0.0000,999,1000,1000,1,266.4259
10540.0000,1054,2691.9724,0.0000,1000,1000,1000,1,267.1219
10550.0000,1055,2692.2637,0.0000,1000,999,1000,1,266.7730
10560.0000,1056,2692.5540,0.0000,999,999,1000,1,266.9473
10570.0000,1057,2692.8421,0.0000,998,999,1000,1,265.5649
10580.0000,1058,2693.1303,0.0000,998,1000,999,1,264.7085
10590.0000,1059,2693.4184,0.0000,999,1000,1000,1,264.3708
10600.0000,1060,2693.7063,0.0000,999,1000,999,1,264.5490
10610.0000,1061,2693.9941,0.0000,999,999,999,1,263.6980
10620.0000,1062,2694.2814,0.0000,998,999,999,1,263.3639
10630.0000,1063,2694.5666,0.0000,999,1000,1000,1,262.5220
10640.0000,1064,2694.8515,0.0000,998,1000,999,1,262.1945
10650.0000,1065,2695.1354,0.0000,999,999,1000,1,261.8659
10660.0000,1066,2695.4198,0.0000,999,999,999,1,260.5222
10670.0000,1067,2695.7015,0.0000,1000,999,1000,1,259.1851
10680.0000,1068,2695.9849,0.0000,999,1000,1000,1,258.3609
10690.0000,1069,2696.2690,0.0000,1000,1000,1000,1,259.0546
10700.0000,1070,2696.5522,0.0000,999,1000,1000,1,259.2411
10710.0000,1071,2696.8345,0.0000,1000,999,1000,1,259.4267
10720.0000,1072,2697.1165,0.0000,1000,1000,1000,1,259.6108
10730.0000,1073,2697.3966,0.0000,1000,999,1000,1,258.2740
10740.0000,1074,2697.6775,0.0000,999,999,1000,1,258.4583
10750.0000,1075,2697.9579,0.0000,1000,1000,999,1,258.6423
10760.0000,1076,2698.2379,0.0000,1000,1000,1000,1,259.3312
10770.0000,1077,2698.5177,0.0000,1000,1000,1000,1,260.0190
10780.0000,1078,2698.7959,0.0000,1000,1000,1000,1,260.1987
10790.0000,1079,2699.0743,0.0000,1000,999,1000,1,260.8843
10800.0000,1080,2699.3516,0.0000,999,999,1000,1,260.5547
10810.0000,1081,2699.6283,0.0000,999,1000,1000,1,260.7317
10820.0000,1082,2699.9050,0.0000,999,1000,1000,1,260.4007
10830.0000,1083,2700.1804,0.0000,998,1000,1000,1,260.0705
10840.0000,1084,2700.4562,0.0000,1000,1000,1000,1,260.2464
10850.0000,1085,2700.7313,0.0000,1000,1000,1000,1,260.9282
10860.0000,1086,2701.0054,0.0000,999,1000,1000,1,261.1016
10870.0000,1087,2701.2791,0.0000,998,998,1000,1,260.7672
10880.0000,1088,2701.5524,0.0000,998,999,999,1,259.9264
10890.0000,1089,2701.8240,0.0000,1000,1000,1000,1,260.0991
10900.0000,1090,2702.0967,0.0000,999,999,1000,1,260.2712
10910.0000,1091,2702.3682,0.0000,999,999,999,1,259.4309
10920.0000,1092,2702.6396,0.0000,1000,1000,1000,1,259.6027
10930.0000,1093,2702.9102,0.0000,999,1000,1000,1,258.7634
10940.0000,1094,2703.1802,0.0000,999,1000,1000,1,258.9350
10950.0000,1095,2703.4490,0.0000,998,999,998,1,256.5938
10960.0000,1096,2703.7167,0.0000,998,999,1000,1,256.2675
10970.0000,1097,2703.9856,0.0000,1000,1000,1000,1,256.4439
10980.0000,1098,2704.2536,0.0000,998,1000,1000,1,255.6160
10990.0000,1099,2704.5212,0.0000,999,1000,1000,1,255.2896
11000.0000,1100,2704.7888,0.0000,1000,999,1000,1,255.4646
11010.0000,1101,2705.0555,0.0000,998,999,999,1,255.1372
11020.0000,1102,2705.3221,0.0000,999,1000,1000,1,255.3121
11030.0000,1103,2705.5876,0.0000,1000,1000,1000,1,254.9835
11040.0000,1104,2705.8535,0.0000,999,1000,1000,1,255.6583
11050.0000,1105,2706.1187,0.0000,999,999,1000,1,255.8294
11060.0000,1106,2706.3834,0.0000,1000,1000,1000,1,255.4982
11070.0000,1107,2706.6473,0.0000,1000,1000,999,1,255.1670
11080.0000,1108,2706.9111,0.0000,999,1000,1000,1,255.3380
11090.0000,1109,2707.1741,0.0000,1000,1000,1000,1,255.5078
11100.0000,1110,2707.4370,0.0000,999,999,999,1,255.6767
11110.0000,1111,2707.6992,0.0000,999,1000,1000,1,256.3462
11120.0000,1112,2707.9608,0.0000,1000,1000,1000,1,256.5126
11130.0000,1113,2708.2223,0.0000,1000,1000,1000,1,255.6741
11140.0000,1114,2708.4824,0.0000,999,999,1000,1,254.8373
11150.0000,1115,2708.7423,0.0000,1000,999,1000,1,254.0031
11160.0000,1116,2709.0028,0.0000,1000,1000,1000,1,254.6715
11170.0000,1117,2709.2624,0.0000,1000,1000,1000,1,254.3360
11180.0000,1118,2709.5217,0.0000,1000,1000,1000,1,254.5020
11190.0000,1119,2709.7803,0.0000,999,1000,1000,1,254.6671
11200.0000,1120,2710.0385,0.0000,1000,1000,1000,1,254.8309
11210.0000,1121,2710.2958,0.0000,1000,999,1000,1,253.9905
11220.0000,1122,2710.5536,0.0000,999,1000,1000,1,254.6554
11230.0000,1123,2710.8107,0.0000,999,999,1000,1,254.8163
11240.0000,1124,2711.0663,0.0000,998,1000,999,1,253.9722
11250.0000,1125,2711.3223,0.0000,999,1000,1000,1,254.6353
11260.0000,1126,2711.5776,0.0000,1000,1000,1000,1,254.7948
11270.0000,1127,2711.8326,0.0000,999,1000,1000,1,254.4519
11280.0000,1128,2712.0876,0.0000,999,1000,1000,1,255.1128
11290.0000,1129,2712.3412,0.0000,1000,1000,1000,1,254.2663
11300.0000,1130,2712.5950,0.0000,999,1000,999,1,254.4237
11310.0000,1131,2712.8479,0.0000,1000,1000,1000,1,254.0792
11320.0000,1132,2713.1010,0.0000,999,1000,1000,1,254.2366
11330.0000,1133,2713.3530,0.0000,999,999,999,1,253.8916
11340.0000,1134,2713.6027,0.0000,999,999,1000,1,253.5466
11350.0000,1135,2713.8544,0.0000,999,1000,1000,1,253.7038
11360.0000,1136,2714.1056,0.0000,1000,999,1000,1,254.3608
11370.0000,1137,2714.3555,0.0000,998,999,999,1,253.5126
11380.0000,1138,2714.6045,0.0000,999,1000,1000,1,253.1658
11390.0000,1139,2714.8539,0.0000,999,1000,1000,1,252.8189
11400.0000,1140,2715.1028,0.0000,1000,1000,1000,1,251.9739
11410.0000,1141,2715.3515,0.0000,999,1000,1000,1,252.6295
11420.0000,1142,2715.6004,0.0000,999,1000,1000,1,253.2839
11430.0000,1143,2715.8485,0.0000,999,1000,1000,1,253.4372
11440.0000,1144,2716.0952,0.0000,999,1000,998,1,253.0935
11450.0000,1145,2716.3412,0.0000,999,999,999,1,253.2479
11460.0000,1146,2716.5876,0.0000,1000,1000,1000,1,253.4031
11470.0000,1147,2716.8338,0.0000,999,1000,1000,1,253.0634
11480.0000,1148,2717.0802,0.0000,1000,1000,1000,1,253.7141
11490.0000,1149,2717.3255,0.0000,999,999,1000,1,253.8683
11500.0000,1150,2717.5702,0.0000,1000,999,1000,1,254.0221
11510.0000,1151,2717.8149,0.0000,1000,1000,1000,1,253.6793
11520.0000,1152,2718.0590,0.0000,1000,1000,1000,1,253.8320
11530.0000,1153,2718.3028,0.0000,999,1000,1000,1,254.4791
11540.0000,1154,2718.5465,0.0000,1000,1000,1000,1,255.1251
11550.0000,1155,2718.7888,0.0000,999,1000,1000,1,254.7788
11560.0000,1156,2719.0313,0.0000,999,1000,1000,1,254.9278
11570.0000,1157,2719.2736,0.0000,999,1000,1000,1,255.5717
11580.0000,1158,2719.5152,0.0000,999,999,1000,1,255.7183
11590.0000,1159,2719.7564,0.0000,1000,1000,1000,1,255.8640
11600.0000,1160,2719.9973,0.0000,999,999,1000,1,255.5140
11610.0000,1161,2720.2351,0.0000,998,999,998,1,252.2167
11620.0000,1162,2720.4726,0.0000,1000,1000,1000,1,251.8766
11630.0000,1163,2720.7122,0.0000,999,1000,1000,1,251.5384
11640.0000,1164,2720.9509,0.0000,999,999,999,1,251.6905
11650.0000,1165,2721.1894,0.0000,999,999,1000,1,252.3327
11660.0000,1166,2721.4277,0.0000,1000,1000,1000,1,252.9739
11670.0000,1167,2721.6652,0.0000,999,999,1000,1,252.6317
11680.0000,1168,2721.9025,0.0000,1000,1000,1000,1,252.7807
11690.0000,1169,2722.1399,0.0000,999,1000,1000,1,252.9293
11700.0000,1170,2722.3755,0.0000,1000,999,999,1,252.5859
11710.0000,1171,2722.6069,0.0000,998,996,997,1,249.3065
11720.0000,1172,2722.8406,0.0000,999,999,999,1,248.9705
11730.0000,1173,2723.0745,0.0000,998,1000,1000,1,248.6382
11740.0000,1174,2723.3094,0.0000,999,1000,1000,1,248.3076
11750.0000,1175,2723.5438,0.0000,999,999,1000,1,247.4925
11760.0000,1176,2723.7778,0.0000,1000,1000,1000,1,247.6478
11770.0000,1177,2724.0117,0.0000,1000,1000,1000,1,247.8030
11780.0000,1178,2724.2453,0.0000,999,999,1000,1,247.9577
11790.0000,1179,2724.4783,0.0000,1000,1000,1000,1,247.6275
11800.0000,1180,2724.7116,0.0000,1000,1000,1000,1,248.2651
11810.0000,1181,2724.9440,0.0000,999,1000,1000,1,248.9016
11820.0000,1182,2725.1757,0.0000,1000,1000,1000,1,248.5687
11830.0000,1183,2725.4076,0.0000,999,1000,1000,1,249.2038
11840.0000,1184,2725.6391,0.0000,1000,999,999,1,249.3534
11850.0000,1185,2725.8692,0.0000,1000,1000,1000,1,249.5046
11860.0000,1186,2726.0998,0.0000,1000,999,1000,1,250.1374
11870.0000,1187,2726.3289,0.0000,1000,1000,1000,1,249.3237
11880.0000,1188,2726.5578,0.0000,999,999,1000,1,248.5100
11890.0000,1189,2726.7866,0.0000,999,999,1000,1,247.7016
11900.0000,1190,2727.0146,0.0000,999,999,1000,1,246.4146
11910.0000,1191,2727.2407,0.0000,997,997,998,1,244.1758
11920.0000,1192,2727.4683,0.0000,1000,1000,1000,1,244.3317
11930.0000,1193,2727.6957,0.0000,1000,1000,1000,1,244.4869
11940.0000,1194,2727.9220,0.0000,999,999,999,1,242.7327
11950.0000,1195,2728.1484,0.0000,1000,1000,1000,1,242.8892
11960.0000,1196,2728.3740,0.0000,997,998,998,1,242.0920
11970.0000,1197,2728.5975,0.0000,999,1000,1000,1,240.8197
11980.0000,1198,2728.8226,0.0000,999,999,999,1,240.0281
11990.0000,1199,2729.0475,0.0000,999,1000,1000,1,239.7148
12000.0000,1200,2729.2728,0.0000,1000,1000,1000,1,240.3483
12010.0000,1201,2729.4968,0.0000,1000,1000,1000,1,239.0858
12020.0000,1202,2729.7209,0.0000,1000,1000,1000,1,239.2452
12030.0000,1203,2729.9436,0.0000,999,998,1000,1,237.9831
12040.0000,1204,2730.1659,0.0000,1000,1000,1000,1,237.1982
12050.0000,1205,2730.3888,0.0000,999,1000,1000,1,236.4176
12060.0000,1206,2730.6111,0.0000,999,999,999,1,235.6421
12070.0000,1207,2730.8322,0.0000,1000,1000,1000,1,234.4020
12080.0000,1208,2731.0547,0.0000,999,1000,1000,1,235.0357
12090.0000,1209,2731.2758,0.0000,999,999,1000,1,233.8020
12100.0000,1210,2731.4957,0.0000,999,999,1000,1,233.0371
12110.0000,1211,2731.7165,0.0000,1000,999,999,1,232.7392
12120.0000,1212,2731.9362,0.0000,1000,1000,1000,1,232.4419
12130.0000,1213,2732.1556,0.0000,999,1000,1000,1,231.6816
12140.0000,1214,2732.3758,0.0000,999,999,1000,1,232.3144
12150.0000,1215,2732.5949,0.0000,1000,1000,1000,1,232.0200
12160.0000,1216,2732.8142,0.0000,1000,1000,1000,1,232.6516
12170.0000,1217,2733.0329,0.0000,998,999,1000,1,232.8195
12180.0000,1218,2733.2512,0.0000,1000,1000,1000,1,232.0627
12190.0000,1219,2733.4695,0.0000,999,999,999,1,232.2298
12200.0000,1220,2733.6865,0.0000,999,999,999,1,231.9387
12210.0000,1221,2733.9040,0.0000,1000,1000,1000,1,232.5676
12220.0000,1222,2734.1210,0.0000,1000,1000,1000,1,232.7361
12230.0000,1223,2734.3374,0.0000,999,1000,1000,1,232.4428
12240.0000,1224,2734.5532,0.0000,998,999,999,1,231.2319
12250.0000,1225,2734.7678,0.0000,999,999,1000,1,229.5667
12260.0000,1226,2734.9830,0.0000,1000,1000,1000,1,229.2789
12270.0000,1227,2735.1980,0.0000,1000,1000,1000,1,228.9907
12280.0000,1228,2735.4134,0.0000,999,1000,1000,1,229.6186
12290.0000,1229,2735.6283,0.0000,999,1000,1000,1,230.2454
12300.0000,1230,2735.8421,0.0000,1000,1000,1000,1,229.4957
12310.0000,1231,2736.0562,0.0000,999,1000,1000,1,229.2059
12320.0000,1232,2736.2692,0.0000,998,998,999,1,228.4577
12330.0000,1233,2736.4811,0.0000,998,999,999,1,226.3439
12340.0000,1234,2736.6929,0.0000,998,998,999,1,225.6062
12350.0000,1235,2736.9052,0.0000,999,1000,1000,1,226.2333
12360.0000,1236,2737.1175,0.0000,1000,1000,1000,1,226.4041
12370.0000,1237,2737.3285,0.0000,999,1000,1000,1,225.2093
12380.0000,1238,2737.5401,0.0000,1000,1000,1000,1,225.8351
12390.0000,1239,2737.7506,0.0000,999,1000,1000,1,226.0051
12400.0000,1240,2737.9616,0.0000,1000,1000,1000,1,226.6292
12410.0000,1241,2738.1712,0.0000,1000,1000,1000,1,226.3418
12420.0000,1242,2738.3814,0.0000,999,1000,1000,1,226.5096
12430.0000,1243,2738.5907,0.0000,999,999,1000,1,225.3142
12440.0000,1244,2738.7998,0.0000,1000,999,1000,1,225.4823
12450.0000,1245,2739.0089,0.0000,999,1000,1000,1,225.6521
12460.0000,1246,2739.2166,0.0000,998,1000,999,1,225.3693
12470.0000,1247,2739.4234,0.0000,1000,999,1000,1,224.6349
12480.0000,1248,2739.6310,0.0000,999,999,1000,1,224.3532
12490.0000,1249,2739.8390,0.0000,999,1000,1000,1,224.0708
12500.0000,1250,2740.0456,0.0000,998,999,999,1,221.0925
12510.0000,1251,2740.2524,0.0000,999,1000,1000,1,221.7151
12520.0000,1252,2740.4591,0.0000,999,999,1000,1,221.8875
12530.0000,1253,2740.6653,0.0000,999,999,1000,1,221.6101
12540.0000,1254,2740.8708,0.0000,998,999,999,1,221.7809
12550.0000,1255,2741.0755,0.0000,999,999,999,1,221.5007
12560.0000,1256,2741.2808,0.0000,1000,1000,1000,1,221.6710
12570.0000,1257,2741.4856,0.0000,999,999,999,1,220.9433
12580.0000,1258,2741.6906,0.0000,1000,1000,1000,1,220.6649
12590.0000,1259,2741.8945,0.0000,1000,1000,1000,1,220.3859
12600.0000,1260,2742.0984,0.0000,999,999,1000,1,220.1074
12610.0000,1261,2742.3007,0.0000,998,1000,999,1,218.0330
12620.0000,1262,2742.5030,0.0000,1000,999,999,1,216.8592
12630.0000,1263,2742.7056,0.0000,999,1000,1000,1,216.5818
12640.0000,1264,2742.9082,0.0000,999,1000,1000,1,216.3100
12650.0000,1265,2743.1105,0.0000,999,1000,999,1,216.4837
12660.0000,1266,2743.3114,0.0000,999,1000,1000,1,216.2115
12670.0000,1267,2743.5130,0.0000,1000,1000,1000,1,216.3851
12680.0000,1268,2743.7150,0.0000,999,1000,1000,1,217.0031
12690.0000,1269,2743.9166,0.0000,999,999,1000,1,217.6201
12700.0000,1270,2744.1176,0.0000,999,1000,1000,1,217.3452
12710.0000,1271,2744.3182,0.0000,1000,999,1000,1,217.0730
12720.0000,1272,2744.5183,0.0000,1000,1000,1000,1,216.8017
12730.0000,1273,2744.7185,0.0000,999,999,999,1,216.5306
12740.0000,1274,2744.9176,0.0000,999,1000,1000,1,215.8194
12750.0000,1275,2745.1169,0.0000,1000,1000,1000,1,216.4344
12760.0000,1276,2745.3163,0.0000,1000,1000,1000,1,217.0485
12770.0000,1277,2745.5151,0.0000,1000,1000,1000,1,216.7766
12780.0000,1278,2745.7131,0.0000,999,999,1000,1,216.0715
12790.0000,1279,2745.9098,0.0000,1000,1000,999,1,214.9302
12800.0000,1280,2746.1072,0.0000,999,999,1000,1,214.2318
12810.0000,1281,2746.3045,0.0000,1000,1000,1000,1,213.1030
12820.0000,1282,2746.5016,0.0000,1000,999,1000,1,213.2826
12830.0000,1283,2746.6980,0.0000,1000,1000,1000,1,213.0276
12840.0000,1284,2746.8945,0.0000,999,1000,1000,1,212.7713
12850.0000,1285,2747.0907,0.0000,1000,999,999,1,212.5153
12860.0000,1286,2747.2860,0.0000,1000,999,1000,1,212.2582
12870.0000,1287,2747.4814,0.0000,999,999,1000,1,212.0012
12880.0000,1288,2747.6771,0.0000,999,1000,1000,1,212.6130
12890.0000,1289,2747.8722,0.0000,1000,999,1000,1,213.2239
12900.0000,1290,2748.0668,0.0000,999,999,1000,1,213.3984
12910.0000,1291,2748.2609,0.0000,999,999,1000,1,213.1371
12920.0000,1292,2748.4546,0.0000,1000,1000,999,1,212.8763
12930.0000,1293,2748.6486,0.0000,999,1000,1000,1,213.0503
12940.0000,1294,2748.8419,0.0000,1000,1000,1000,1,212.7888
12950.0000,1295,2749.0342,0.0000,999,999,1000,1,211.6570
12960.0000,1296,2749.2263,0.0000,999,999,998,1,210.9599
12970.0000,1297,2749.4174,0.0000,1000,1000,1000,1,211.5674
12980.0000,1298,2749.6090,0.0000,998,1000,1000,1,211.3029
12990.0000,1299,2749.7991,0.0000,997,1000,1000,1,211.0383
13000.0000,1300,2749.9897,0.0000,999,1000,1000,1,209.9045
13010.0000,1301,2750.1806,0.0000,999,1000,999,1,209.2068
13020.0000,1302,2750.3720,0.0000,1000,999,1000,1,209.8142
13030.0000,1303,2750.5628,0.0000,1000,999,999,1,209.5512
13040.0000,1304,2750.7527,0.0000,999,1000,999,1,209.2895
13050.0000,1305,2750.9425,0.0000,999,1000,1000,1,208.5964
13060.0000,1306,2751.1321,0.0000,999,1000,1000,1,208.7696
13070.0000,1307,2751.3214,0.0000,998,1000,999,1,208.9418
13080.0000,1308,2751.5105,0.0000,999,999,1000,1,209.1153
13090.0000,1309,2751.6989,0.0000,999,998,999,1,207.9952
13100.0000,1310,2751.8873,0.0000,1000,1000,1000,1,208.1698
13110.0000,1311,2752.0755,0.0000,1000,1000,1000,1,207.9141
13120.0000,1312,2752.2633,0.0000,999,1000,999,1,207.6593
13130.0000,1313,2752.4517,0.0000,1000,1000,1000,1,208.2626
13140.0000,1314,2752.6387,0.0000,998,999,999,1,207.5762
13150.0000,1315,2752.8262,0.0000,999,1000,1000,1,207.7492
13160.0000,1316,2753.0136,0.0000,999,1000,1000,1,208.3513
13170.0000,1317,2753.2003,0.0000,999,999,1000,1,208.0931
13180.0000,1318,2753.3858,0.0000,998,998,999,1,206.9784
13190.0000,1319,2753.5709,0.0000,999,999,1000,1,205.8675
13200.0000,1320,2753.7564,0.0000,1000,999,1000,1,204.3425
13210.0000,1321,2753.9419,0.0000,1000,1000,999,1,203.6746
13220.0000,1322,2754.1275,0.0000,1000,1000,1000,1,203.8542
13230.0000,1323,2754.3121,0.0000,999,1000,1000,1,204.0332
13240.0000,1324,2754.4969,0.0000,1000,999,1000,1,204.6344
13250.0000,1325,2754.6817,0.0000,1000,999,1000,1,205.2347
13260.0000,1326,2754.8656,0.0000,999,999,999,1,205.4118
13270.0000,1327,2755.0481,0.0000,999,1000,1000,1,204.7451
13280.0000,1328,2755.2318,0.0000,998,998,999,1,204.0798
13290.0000,1329,2755.4147,0.0000,1000,1000,1000,1,203.8380
13300.0000,1330,2755.5979,0.0000,1000,1000,1000,1,203.5968
13310.0000,1331,2755.7801,0.0000,999,999,1000,1,202.1069
13320.0000,1332,2755.9627,0.0000,999,1000,999,1,202.2887
13330.0000,1333,2756.1449,0.0000,999,1000,1000,1,202.0549
13340.0000,1334,2756.3265,0.0000,999,1000,1000,1,201.4057
13350.0000,1335,2756.5078,0.0000,998,999,999,1,201.1746
13360.0000,1336,2756.6882,0.0000,999,999,998,1,200.1185
13370.0000,1337,2756.8683,0.0000,1000,999,999,1,200.3027
13380.0000,1338,2757.0491,0.0000,999,1000,999,1,200.4864
13390.0000,1339,2757.2298,0.0000,999,999,999,1,200.2576
13400.0000,1340,2757.4101,0.0000,999,1000,1000,1,200.4425
13410.0000,1341,2757.5902,0.0000,998,999,1000,1,200.2152
13420.0000,1342,2757.7699,0.0000,999,999,1000,1,200.4002
13430.0000,1343,2757.9491,0.0000,1000,999,1000,1,200.1734
13440.0000,1344,2758.1282,0.0000,1000,999,1000,1,199.9462
13450.0000,1345,2758.3069,0.0000,1000,1000,1000,1,199.3093
13460.0000,1346,2758.4857,0.0000,1000,1000,1000,1,199.4941
13470.0000,1347,2758.6648,0.0000,1000,1000,1000,1,200.0884
13480.0000,1348,2758.8428,0.0000,999,1000,1000,1,199.8609
13490.0000,1349,2759.0193,0.0000,998,998,999,1,198.4162
13500.0000,1350,2759.1965,0.0000,1000,1000,1000,1,197.7917
13510.0000,1351,2759.3738,0.0000,999,999,1000,1,197.5730
13520.0000,1352,2759.5504,0.0000,999,998,999,1,197.3532
13530.0000,1353,2759.7274,0.0000,1000,1000,1000,1,197.5396
13540.0000,1354,2759.9038,0.0000,999,1000,1000,1,196.9125
13550.0000,1355,2760.0790,0.0000,998,1000,1000,1,195.4767
13560.0000,1356,2760.2543,0.0000,999,999,999,1,194.0515
13570.0000,1357,2760.4293,0.0000,1000,999,1000,1,193.0375
13580.0000,1358,2760.6044,0.0000,1000,1000,1000,1,193.2301
13590.0000,1359,2760.7798,0.0000,999,999,1000,1,193.4218
13600.0000,1360,2760.9549,0.0000,1000,1000,1000,1,193.2125
13610.0000,1361,2761.1295,0.0000,1000,1000,1000,1,193.0039
13620.0000,1362,2761.3044,0.0000,999,1000,1000,1,193.5964
13630.0000,1363,2761.4780,0.0000,999,999,1000,1,193.7870
13640.0000,1364,2761.6512,0.0000,999,1000,1000,1,192.3773
13650.0000,1365,2761.8251,0.0000,1000,999,999,1,192.1688
13660.0000,1366,2761.9983,0.0000,1000,999,1000,1,191.9595
13670.0000,1367,2762.1714,0.0000,998,998,1000,1,192.1503
13680.0000,1368,2762.3431,0.0000,998,999,1000,1,191.5414
13690.0000,1369,2762.5142,0.0000,1000,1000,1000,1,190.1397
13700.0000,1370,2762.6864,0.0000,1000,999,1000,1,189.9345
13710.0000,1371,2762.8586,0.0000,1000,999,999,1,189.3359
13720.0000,1372,2763.0304,0.0000,999,1000,1000,1,189.5303
13730.0000,1373,2763.2025,0.0000,1000,1000,1000,1,190.1206
13740.0000,1374,2763.3742,0.0000,1000,1000,1000,1,189.9161
13750.0000,1375,2763.5449,0.0000,999,1000,1000,1,189.3159
13760.0000,1376,2763.7159,0.0000,999,1000,1000,1,189.1135
13770.0000,1377,2763.8869,0.0000,999,999,1000,1,188.9114
13780.0000,1378,2764.0555,0.0000,999,998,1000,1,187.1326
13790.0000,1379,2764.2240,0.0000,998,1000,1000,1,184.5823
13800.0000,1380,2764.3934,0.0000,999,1000,1000,1,184.0000
13810.0000,1381,2764.5636,0.0000,1000,1000,1000,1,184.5909
13820.0000,1382,2764.7332,0.0000,998,999,999,1,184.3992
13830.0000,1383,2764.9013,0.0000,1000,1000,1000,1,183.8190
13840.0000,1384,2765.0703,0.0000,1000,1000,1000,1,183.6295
13850.0000,1385,2765.2394,0.0000,1000,1000,1000,1,184.2190
13860.0000,1386,2765.4087,0.0000,1000,1000,1000,1,184.8075
13870.0000,1387,2765.5771,0.0000,999,1000,1000,1,185.0060
13880.0000,1388,2765.7450,0.0000,999,999,1000,1,184.8142
13890.0000,1389,2765.9128,0.0000,1000,999,1000,1,185.0115
13900.0000,1390,2766.0806,0.0000,1000,1000,1000,1,185.5979
13910.0000,1391,2766.2481,0.0000,999,1000,1000,1,185.7929
13920.0000,1392,2766.4150,0.0000,1000,1000,1000,1,185.5972
13930.0000,1393,2766.5817,0.0000,999,1000,999,1,185.4014
13940.0000,1394,2766.7467,0.0000,1000,1000,1000,1,184.4406
13950.0000,1395,2766.9121,0.0000,998,998,999,1,183.1087
13960.0000,1396,2767.0778,0.0000,999,999,999,1,182.9329
13970.0000,1397,2767.2413,0.0000,998,999,1000,1,181.2391
13980.0000,1398,2767.4066,0.0000,999,999,999,1,180.6914
13990.0000,1399,2767.5724,0.0000,1000,1000,1000,1,180.8991
14000.0000,1400,2767.7377,0.0000,999,1000,1000,1,181.1057
14010.0000,1401,2767.9029,0.0000,1000,1000,1000,1,181.6902
14020.0000,1402,2768.0674,0.0000,999,1000,1000,1,181.8947
14030.0000,1403,2768.2310,0.0000,1000,1000,1000,1,181.3446
14040.0000,1404,2768.3957,0.0000,1000,1000,1000,1,181.1728
14050.0000,1405,2768.5600,0.0000,999,1000,1000,1,181.3782
14060.0000,1406,2768.7235,0.0000,999,999,1000,1,180.4516
14070.0000,1407,2768.8866,0.0000,999,999,1000,1,180.2806
14080.0000,1408,2769.0503,0.0000,999,1000,1000,1,180.8628
14090.0000,1409,2769.2137,0.0000,999,999,1000,1,181.4441
14100.0000,1410,2769.3756,0.0000,999,1000,1000,1,180.8948
14110.0000,1411,2769.5382,0.0000,1000,1000,1000,1,181.1001
14120.0000,1412,2769.7007,0.0000,999,1000,1000,1,180.9307
14130.0000,1413,2769.8628,0.0000,998,999,999,1,180.7605
14140.0000,1414,2770.0232,0.0000,999,999,1000,1,180.9657
14150.0000,1415,2770.1850,0.0000,1000,1000,1000,1,181.1708
14160.0000,1416,2770.3468,0.0000,1000,1000,1000,1,181.7491
14170.0000,1417,2770.5082,0.0000,999,1000,1000,1,181.9529
14180.0000,1418,2770.6695,0.0000,999,999,1000,1,182.5298
14190.0000,1419,2770.8301,0.0000,999,1000,999,1,181.9833
14200.0000,1420,2770.9907,0.0000,999,999,999,1,182.1848
14210.0000,1421,2771.1511,0.0000,1000,1000,1000,1,181.6386
14220.0000,1422,2771.3116,0.0000,1000,1000,1000,1,181.8408
14230.0000,1423,2771.4711,0.0000,999,999,1000,1,182.0417
14240.0000,1424,2771.6301,0.0000,998,999,1000,1,181.4974
14250.0000,1425,2771.7891,0.0000,999,999,999,1,180.9583
14260.0000,1426,2771.9477,0.0000,999,1000,1000,1,181.1618
14270.0000,1427,2772.1066,0.0000,999,999,999,1,180.6241
14280.0000,1428,2772.2647,0.0000,998,1000,1000,1,180.0888
14290.0000,1429,2772.4232,0.0000,999,999,999,1,180.2926
14300.0000,1430,2772.5817,0.0000,999,1000,1000,1,180.4959
14310.0000,1431,2772.7397,0.0000,1000,999,1000,1,180.3292
14320.0000,1432,2772.8981,0.0000,999,1000,1000,1,180.9016
14330.0000,1433,2773.0552,0.0000,999,1000,999,1,179.6261
14340.0000,1434,2773.2116,0.0000,1000,1000,999,1,179.4597
14350.0000,1435,2773.3685,0.0000,1000,999,1000,1,179.2944
14360.0000,1436,2773.5262,0.0000,1000,1000,1000,1,179.8659
14370.0000,1437,2773.6820,0.0000,997,999,999,1,178.5972
14380.0000,1438,2773.8359,0.0000,999,999,999,1,176.9743
14390.0000,1439,2773.9925,0.0000,1000,1000,1000,1,177.5462
14400.0000,1440,2774.1488,0.0000,999,999,999,1,177.0260
14410.0000,1441,2774.3037,0.0000,998,999,999,1,175.4147
14420.0000,1442,2774.4595,0.0000,1000,1000,1000,1,175.9865
14430.0000,1443,2774.6149,0.0000,999,999,1000,1,176.1935
14440.0000,1444,2774.7700,0.0000,1000,1000,1000,1,176.3993
14450.0000,1445,2774.9258,0.0000,1000,1000,1000,1,176.9693
14460.0000,1446,2775.0807,0.0000,999,1000,1000,1,176.8098
14470.0000,1447,2775.2358,0.0000,1000,999,999,1,177.0141
14480.0000,1448,2775.3889,0.0000,998,998,999,1,176.4900
14490.0000,1449,2775.5415,0.0000,999,999,999,1,175.2523
14500.0000,1450,2775.6952,0.0000,1000,999,999,1,174.7402
14510.0000,1451,2775.8486,0.0000,999,999,1000,1,174.5885
14520.0000,1452,2776.0024,0.0000,1000,1000,1000,1,175.1569
14530.0000,1453,2776.1558,0.0000,999,1000,999,1,175.0037
14540.0000,1454,2776.3088,0.0000,1000,1000,1000,1,174.4944
14550.0000,1455,2776.4616,0.0000,1000,1000,999,1,174.3433
14560.0000,1456,2776.6145,0.0000,999,999,1000,1,174.9103
14570.0000,1457,2776.7671,0.0000,1000,999,1000,1,174.3984
14580.0000,1458,2776.9189,0.0000,998,999,999,1,173.5322
14590.0000,1459,2777.0707,0.0000,998,999,999,1,173.7409
14600.0000,1460,2777.2223,0.0000,999,999,1000,1,173.9490
14610.0000,1461,2777.3740,0.0000,999,999,999,1,173.7988
14620.0000,1462,2777.5251,0.0000,999,999,1000,1,173.2937
14630.0000,1463,2777.6766,0.0000,999,1000,1000,1,172.7926
14640.0000,1464,2777.8280,0.0000,1000,1000,1000,1,173.0023
14650.0000,1465,2777.9795,0.0000,999,999,1000,1,173.5668
14660.0000,1466,2778.1302,0.0000,1000,1000,1000,1,173.7750
14670.0000,1467,2778.2803,0.0000,999,999,999,1,172.5597
14680.0000,1468,2778.4297,0.0000,998,999,999,1,172.0565
14690.0000,1469,2778.5783,0.0000,1000,1000,1000,1,170.8473
14700.0000,1470,2778.7287,0.0000,999,1000,1000,1,171.4114
14710.0000,1471,2778.8787,0.0000,999,999,1000,1,171.9747
14720.0000,1472,2779.0280,0.0000,1000,999,1000,1,172.1820
14730.0000,1473,2779.1775,0.0000,999,999,1000,1,172.7440
14740.0000,1474,2779.3260,0.0000,1000,1000,1000,1,172.2398
14750.0000,1475,2779.4741,0.0000,998,999,999,1,171.3789
14760.0000,1476,2779.6216,0.0000,999,998,999,1,170.5185
14770.0000,1477,2779.7702,0.0000,1000,1000,999,1,170.7243
14780.0000,1478,2779.9177,0.0000,999,1000,1000,1,170.5739
14790.0000,1479,2780.0660,0.0000,999,1000,1000,1,170.4240
14800.0000,1480,2780.2138,0.0000,999,999,1000,1,170.2731
14810.0000,1481,2780.3613,0.0000,999,1000,1000,1,170.4775
14820.0000,1482,2780.5086,0.0000,999,1000,1000,1,169.9717
14830.0000,1483,2780.6562,0.0000,999,1000,1000,1,170.1767
14840.0000,1484,2780.8032,0.0000,1000,999,1000,1,170.3814
14850.0000,1485,2780.9504,0.0000,999,999,1000,1,170.9401
14860.0000,1486,2781.0965,0.0000,1000,1000,1000,1,170.7877
14870.0000,1487,2781.2429,0.0000,999,999,999,1,170.2791
14880.0000,1488,2781.3889,0.0000,999,999,999,1,170.1262
14890.0000,1489,2781.5343,0.0000,1000,1000,1000,1,169.2635
14900.0000,1490,2781.6798,0.0000,999,1000,1000,1,169.1114
14910.0000,1491,2781.8243,0.0000,999,999,999,1,167.8983
14920.0000,1492,2781.9693,0.0000,999,999,1000,1,167.7502
14930.0000,1493,2782.1144,0.0000,1000,1000,1000,1,167.9551
14940.0000,1494,2782.2595,0.0000,1000,999,999,1,167.4544
14950.0000,1495,2782.4044,0.0000,1000,1000,1000,1,167.6589
14960.0000,1496,2782.5489,0.0000,999,999,1000,1,167.5112
14970.0000,1497,2782.6931,0.0000,1000,1000,1000,1,167.3633
14980.0000,1498,2782.8377,0.0000,999,999,1000,1,167.9191
14990.0000,1499,2782.9820,0.0000,999,1000,1000,1,168.4742
15000.0000,1500,2783.1251,0.0000,998,999,999,1,167.6196
15010.0000,1501,2783.2687,0.0000,999,1000,1000,1,167.8222
15020.0000,1502,2783.4122,0.0000,1000,1000,1000,1,167.6739
15030.0000,1503,2783.5551,0.0000,1000,1000,1000,1,167.1754
15040.0000,1504,2783.6983,0.0000,999,1000,1000,1,167.0276
15050.0000,1505,2783.8410,0.0000,999,1000,1000,1,166.8798
15060.0000,1506,2783.9831,0.0000,998,999,999,1,166.3803
15070.0000,1507,2784.1256,0.0000,1000,1000,1000,1,166.2317
15080.0000,1508,2784.2684,0.0000,999,1000,1000,1,166.4334
15090.0000,1509,2784.4106,0.0000,999,999,1000,1,166.6345
15100.0000,1510,2784.5526,0.0000,1000,1000,1000,1,166.1334
15110.0000,1511,2784.6948,0.0000,1000,999,1000,1,166.6853
15120.0000,1512,2784.8366,0.0000,999,1000,1000,1,166.8854
15130.0000,1513,2784.9784,0.0000,999,1000,999,1,167.0844
15140.0000,1514,2785.1195,0.0000,1000,1000,1000,1,167.2829
15150.0000,1515,2785.2608,0.0000,1000,1000,1000,1,167.4811
15160.0000,1516,2785.4015,0.0000,999,1000,1000,1,166.9794
15170.0000,1517,2785.5422,0.0000,1000,1000,999,1,167.1784
15180.0000,1518,2785.6831,0.0000,999,999,1000,1,167.7271
15190.0000,1519,2785.8232,0.0000,998,999,1000,1,167.5743
15200.0000,1520,2785.9629,0.0000,1000,1000,999,1,167.4213
15210.0000,1521,2786.1029,0.0000,999,999,1000,1,167.6180
15220.0000,1522,2786.2425,0.0000,1000,1000,1000,1,167.1189
15230.0000,1523,2786.3821,0.0000,1000,1000,1000,1,166.6225
15240.0000,1524,2786.5211,0.0000,1000,1000,999,1,166.1272
15250.0000,1525,2786.6600,0.0000,1000,1000,999,1,165.6346
15260.0000,1526,2786.7982,0.0000,998,999,999,1,164.7965
15270.0000,1527,2786.9369,0.0000,999,999,1000,1,164.3062
15280.0000,1528,2787.0751,0.0000,1000,999,1000,1,163.8192
15290.0000,1529,2787.2134,0.0000,1000,1000,1000,1,164.0221
15300.0000,1530,2787.3518,0.0000,1000,1000,1000,1,164.2241
15310.0000,1531,2787.4906,0.0000,999,999,1000,1,164.7700
15320.0000,1532,2787.6286,0.0000,1000,1000,1000,1,164.2811
15330.0000,1533,2787.7666,0.0000,1000,1000,1000,1,163.7940
15340.0000,1534,2787.9044,0.0000,1000,1000,1000,1,163.3120
15350.0000,1535,2788.0413,0.0000,1000,999,1000,1,162.4953
15360.0000,1536,2788.1783,0.0000,1000,1000,1000,1,162.7027
15370.0000,1537,2788.3160,0.0000,999,1000,1000,1,163.2474
15380.0000,1538,2788.4530,0.0000,1000,1000,1000,1,163.4529
15390.0000,1539,2788.5898,0.0000,999,1000,1000,1,163.6574
15400.0000,1540,2788.7262,0.0000,1000,1000,1000,1,163.1903
15410.0000,1541,2788.8627,0.0000,999,999,1000,1,163.3974
15420.0000,1542,2788.9984,0.0000,999,1000,1000,1,162.2626
15430.0000,1543,2789.1338,0.0000,999,1000,1000,1,162.1375
15440.0000,1544,2789.2696,0.0000,1000,1000,1000,1,161.6809
15450.0000,1545,2789.4054,0.0000,1000,999,1000,1,161.8904
15460.0000,1546,2789.5399,0.0000,998,1000,1000,1,161.4335
15470.0000,1547,2789.6751,0.0000,1000,1000,1000,1,161.6431
15480.0000,1548,2789.8102,0.0000,1000,1000,1000,1,161.5189
15490.0000,1549,2789.9439,0.0000,998,999,1000,1,160.7282
15500.0000,1550,2790.0775,0.0000,999,999,999,1,160.2755
15510.0000,1551,2790.2119,0.0000,1000,1000,1000,1,160.4856
15520.0000,1552,2790.3464,0.0000,999,999,1000,1,161.0265
15530.0000,1553,2790.4801,0.0000,999,1000,1000,1,160.9029
15540.0000,1554,2790.6140,0.0000,1000,999,1000,1,160.7787
15550.0000,1555,2790.7477,0.0000,1000,1000,1000,1,160.6535
15560.0000,1556,2790.8806,0.0000,998,999,998,1,159.8637
15570.0000,1557,2791.0120,0.0000,999,1000,1000,1,160.0704
15580.0000,1558,2791.1453,0.0000,999,1000,999,1,159.6130
15590.0000,1559,2791.2788,0.0000,999,1000,1000,1,160.1521
15600.0000,1560,2791.4118,0.0000,999,1000,1000,1,160.6904
15610.0000,1561,2791.5447,0.0000,999,999,999,1,160.8948
15620.0000,1562,2791.6773,0.0000,1000,1000,1000,1,161.0987
15630.0000,1563,2791.8095,0.0000,999,1000,999,1,160.6366
15640.0000,1564,2791.9415,0.0000,1000,1000,1000,1,160.5079
15650.0000,1565,2792.0741,0.0000,999,999,1000,1,161.0443
15660.0000,1566,2792.2063,0.0000,999,1000,1000,1,161.2472
15670.0000,1567,2792.3376,0.0000,999,999,999,1,161.1164
15680.0000,1568,2792.4695,0.0000,999,999,999,1,160.6554
15690.0000,1569,2792.6000,0.0000,1000,1000,1000,1,160.1971
15700.0000,1570,2792.7317,0.0000,999,1000,1000,1,160.4018
15710.0000,1571,2792.8616,0.0000,999,999,1000,1,159.9459
15720.0000,1572,2792.9916,0.0000,999,1000,1000,1,159.4944
15730.0000,1573,2793.1222,0.0000,999,1000,1000,1,158.7172
15740.0000,1574,2793.2533,0.0000,1000,1000,1000,1,159.2517
15750.0000,1575,2793.3838,0.0000,999,1000,1000,1,159.1283
15760.0000,1576,2793.5143,0.0000,999,999,999,1,159.3335
15770.0000,1577,2793.6440,0.0000,1000,1000,999,1,158.8823
15780.0000,1578,2793.7742,0.0000,999,999,999,1,158.7600
15790.0000,1579,2793.9030,0.0000,999,997,999,1,157.9828
15800.0000,1580,2794.0320,0.0000,1000,1000,999,1,157.8612
15810.0000,1581,2794.1612,0.0000,999,1000,999,1,157.4136
15820.0000,1582,2794.2902,0.0000,1000,1000,1000,1,157.2935
15830.0000,1583,2794.4187,0.0000,998,999,998,1,157.1723
15840.0000,1584,2794.5473,0.0000,1000,1000,1000,1,157.7040
15850.0000,1585,2794.6762,0.0000,999,1000,1000,1,157.9083
15860.0000,1586,2794.8046,0.0000,1000,1000,999,1,157.1307
15870.0000,1587,2794.9332,0.0000,999,1000,1000,1,157.3347
15880.0000,1588,2795.0611,0.0000,1000,1000,1000,1,156.8847
15890.0000,1589,2795.1893,0.0000,999,1000,999,1,156.4388
15900.0000,1590,2795.3174,0.0000,999,1000,1000,1,155.6693
15910.0000,1591,2795.4453,0.0000,999,1000,1000,1,155.8759
15920.0000,1592,2795.5732,0.0000,1000,1000,1000,1,155.4408
15930.0000,1593,2795.7002,0.0000,999,1000,999,1,154.3676
15940.0000,1594,2795.8279,0.0000,999,1000,1000,1,154.8981
15950.0000,1595,2795.9550,0.0000,999,998,999,1,154.4703
15960.0000,1596,2796.0815,0.0000,999,999,1000,1,154.0449
15970.0000,1597,2796.2087,0.0000,999,1000,1000,1,154.5746
15980.0000,1598,2796.3357,0.0000,1000,999,1000,1,154.4666
15990.0000,1599,2796.4626,0.0000,999,1000,1000,1,154.9954
16000.0000,1600,2796.5886,0.0000,999,999,1000,1,154.8865
16010.0000,1601,2796.7154,0.0000,1000,1000,1000,1,155.4144
16020.0000,1602,2796.8411,0.0000,999,1000,999,1,154.9852
16030.0000,1603,2796.9678,0.0000,999,1000,1000,1,155.5124
16040.0000,1604,2797.0937,0.0000,999,1000,1000,1,155.7200
16050.0000,1605,2797.2193,0.0000,999,999,1000,1,155.6078
16060.0000,1606,2797.3445,0.0000,999,1000,1000,1,154.8596
16070.0000,1607,2797.4695,0.0000,999,1000,1000,1,154.4302
16080.0000,1608,2797.5949,0.0000,999,1000,1000,1,154.6374
16090.0000,1609,2797.7197,0.0000,999,999,1000,1,154.5259
16100.0000,1610,2797.8446,0.0000,999,999,1000,1,155.0511
16110.0000,1611,2797.9692,0.0000,999,999,999,1,154.3028
16120.0000,1612,2798.0942,0.0000,999,1000,1000,1,154.5098
16130.0000,1613,2798.2184,0.0000,1000,1000,1000,1,154.7163
16140.0000,1614,2798.3429,0.0000,999,1000,1000,1,154.9221
16150.0000,1615,2798.4668,0.0000,1000,1000,1000,1,154.4922
16160.0000,1616,2798.5910,0.0000,999,1000,1000,1,154.6980
16170.0000,1617,2798.7147,0.0000,999,999,999,1,154.2718
16180.0000,1618,2798.8384,0.0000,998,999,1000,1,154.1631
16190.0000,1619,2798.9617,0.0000,999,1000,1000,1,153.7413
16200.0000,1620,2799.0851,0.0000,998,1000,1000,1,153.6370
16210.0000,1621,2799.2080,0.0000,999,999,1000,1,153.2191
16220.0000,1622,2799.3314,0.0000,999,1000,1000,1,153.7412
16230.0000,1623,2799.4547,0.0000,999,1000,1000,1,154.2626
16240.0000,1624,2799.5776,0.0000,1000,1000,1000,1,154.7834
16250.0000,1625,2799.6999,0.0000,999,999,1000,1,154.3608
16260.0000,1626,2799.8222,0.0000,998,1000,999,1,153.9388
16270.0000,1627,2799.9443,0.0000,999,999,999,1,153.8322
16280.0000,1628,2800.0662,0.0000,999,999,1000,1,154.0393
16290.0000,1629,2800.1876,0.0000,998,999,999,1,153.0002
16300.0000,1630,2800.3093,0.0000,999,1000,1000,1,153.5198
16310.0000,1631,2800.4306,0.0000,999,999,1000,1,153.1056
16320.0000,1632,2800.5517,0.0000,999,1000,1000,1,153.3147
16330.0000,1633,2800.6732,0.0000,1000,1000,999,1,152.9043
16340.0000,1634,2800.7932,0.0000,998,998,998,1,152.1883
16350.0000,1635,2800.9143,0.0000,999,999,1000,1,152.7067
16360.0000,1636,2801.0351,0.0000,1000,999,999,1,151.9935
16370.0000,1637,2801.1550,0.0000,999,1000,999,1,151.5893
16380.0000,1638,2801.2753,0.0000,999,999,999,1,151.4950
16390.0000,1639,2801.3959,0.0000,998,999,999,1,151.7066
16400.0000,1640,2801.5157,0.0000,999,1000,999,1,151.6113
16410.0000,1641,2801.6363,0.0000,999,999,1000,1,151.8221
16420.0000,1642,2801.7562,0.0000,999,999,999,1,151.7263
16430.0000,1643,2801.8761,0.0000,999,1000,1000,1,151.6304
16440.0000,1644,2801.9958,0.0000,998,1000,999,1,151.5379
16450.0000,1645,2802.1151,0.0000,998,999,1000,1,150.8390
16460.0000,1646,2802.2331,0.0000,1000,999,998,1,150.1471
16470.0000,1647,2802.3523,0.0000,1000,1000,1000,1,150.0613
16480.0000,1648,2802.4704,0.0000,999,1000,1000,1,149.3824
16490.0000,1649,2802.5891,0.0000,999,1000,1000,1,148.7115
16500.0000,1650,2802.7078,0.0000,999,1000,999,1,148.6343
16510.0000,1651,2802.8267,0.0000,999,1000,1000,1,148.8531
16520.0000,1652,2802.9455,0.0000,1000,999,1000,1,148.4769
16530.0000,1653,2803.0639,0.0000,1000,999,1000,1,148.3979
16540.0000,1654,2803.1823,0.0000,999,1000,1000,1,148.3185
16550.0000,1655,2803.3005,0.0000,1000,999,999,1,147.9441
16560.0000,1656,2803.4184,0.0000,999,1000,1000,1,147.8685
16570.0000,1657,2803.5361,0.0000,999,1000,1000,1,148.0882
16580.0000,1658,2803.6527,0.0000,998,1000,999,1,147.1318
16590.0000,1659,2803.7698,0.0000,999,999,999,1,147.0572
16600.0000,1660,2803.8871,0.0000,1000,999,1000,1,147.2767
16610.0000,1661,2804.0044,0.0000,1000,1000,1000,1,146.6127
16620.0000,1662,2804.1214,0.0000,999,999,1000,1,146.8317
16630.0000,1663,2804.2385,0.0000,1000,1000,1000,1,147.0505
16640.0000,1664,2804.3556,0.0000,999,1000,1000,1,147.5631
16650.0000,1665,2804.4723,0.0000,999,1000,1000,1,147.7800
16660.0000,1666,2804.5889,0.0000,999,1000,1000,1,147.7014
16670.0000,1667,2804.7050,0.0000,999,998,999,1,147.6225
16680.0000,1668,2804.8211,0.0000,999,999,1000,1,147.5442
16690.0000,1669,2804.9371,0.0000,1000,999,1000,1,147.1740
16700.0000,1670,2805.0534,0.0000,1000,1000,1000,1,147.6847
16710.0000,1671,2805.1682,0.0000,999,998,1000,1,147.0270
16720.0000,1672,2805.2828,0.0000,1000,999,1000,1,147.2467
16730.0000,1673,2805.3984,0.0000,999,999,1000,1,147.1757
16740.0000,1674,2805.5141,0.0000,1000,1000,1000,1,147.6851
16750.0000,1675,2805.6301,0.0000,999,1000,1000,1,148.1940
16760.0000,1676,2805.7450,0.0000,999,999,999,1,147.8285
16770.0000,1677,2805.8596,0.0000,999,1000,1000,1,147.1727
16780.0000,1678,2805.9746,0.0000,999,1000,1000,1,147.3898
16790.0000,1679,2806.0896,0.0000,1000,1000,1000,1,147.3153
16800.0000,1680,2806.2045,0.0000,999,1000,1000,1,147.8228
16810.0000,1681,2806.3191,0.0000,999,1000,1000,1,148.0382
16820.0000,1682,2806.4336,0.0000,1000,1000,1000,1,147.9607
16830.0000,1683,2806.5479,0.0000,999,999,1000,1,148.1750
16840.0000,1684,2806.6616,0.0000,998,1000,999,1,148.0957
16850.0000,1685,2806.7750,0.0000,1000,1000,1000,1,147.4342
16860.0000,1686,2806.8887,0.0000,999,1000,1000,1,147.6480
16870.0000,1687,2807.0019,0.0000,998,998,1000,1,146.6964
16880.0000,1688,2807.1148,0.0000,1000,1000,1000,1,146.9106
16890.0000,1689,2807.2280,0.0000,999,999,999,1,146.2503
16900.0000,1690,2807.3412,0.0000,999,999,1000,1,146.1729
16910.0000,1691,2807.4542,0.0000,999,1000,999,1,145.5142
16920.0000,1692,2807.5675,0.0000,999,1000,1000,1,145.7290
16930.0000,1693,2807.6799,0.0000,999,1000,1000,1,145.3622
16940.0000,1694,2807.7927,0.0000,998,999,999,1,145.5765
16950.0000,1695,2807.9053,0.0000,1000,1000,1000,1,145.7901
16960.0000,1696,2808.0184,0.0000,1000,1000,1000,1,146.2938
16970.0000,1697,2808.1308,0.0000,997,999,1000,1,146.2146
16980.0000,1698,2808.2424,0.0000,999,1000,1000,1,146.1354
16990.0000,1699,2808.3548,0.0000,999,999,999,1,146.0559
17000.0000,1700,2808.4667,0.0000,999,1000,1000,1,146.5579
17010.0000,1701,2808.5788,0.0000,1000,1000,1000,1,147.0596
17020.0000,1702,2808.6907,0.0000,999,1000,999,1,147.2685
17030.0000,1703,2808.8023,0.0000,999,1000,999,1,147.1847
17040.0000,1704,2808.9138,0.0000,999,1000,1000,1,147.1009
17050.0000,1705,2809.0254,0.0000,999,1000,1000,1,147.6012
17060.0000,1706,2809.1367,0.0000,999,1000,1000,1,147.5161
17070.0000,1707,2809.2477,0.0000,1000,1000,1000,1,147.4302
17080.0000,1708,2809.3591,0.0000,999,1000,1000,1,147.6370
17090.0000,1709,2809.4703,0.0000,1000,1000,1000,1,148.1358
17100.0000,1710,2809.5813,0.0000,999,1000,1000,1,148.6340
17110.0000,1711,2809.6920,0.0000,1000,1000,1000,1,148.5452
17120.0000,1712,2809.8027,0.0000,999,1000,1000,1,149.0425
17130.0000,1713,2809.9128,0.0000,1000,999,999,1,148.9515
17140.0000,1714,2810.0231,0.0000,1000,1000,1000,1,149.1538
17150.0000,1715,2810.1336,0.0000,999,1000,1000,1,149.6499
17160.0000,1716,2810.2441,0.0000,1000,1000,1000,1,150.1455
17170.0000,1717,2810.3531,0.0000,999,999,999,1,149.7559
17180.0000,1718,2810.4627,0.0000,999,999,1000,1,149.9565
17190.0000,1719,2810.5716,0.0000,998,998,999,1,150.1559
17200.0000,1720,2810.6802,0.0000,999,999,1000,1,149.4723
17210.0000,1721,2810.7889,0.0000,997,999,998,1,148.7942
17220.0000,1722,2810.8973,0.0000,1000,1000,1000,1,148.9953
17230.0000,1723,2811.0058,0.0000,999,999,1000,1,148.9052
17240.0000,1724,2811.1138,0.0000,999,1000,1000,1,148.8156
17250.0000,1725,2811.2229,0.0000,999,1000,1000,1,149.0182
17260.0000,1726,2811.3315,0.0000,1000,1000,1000,1,149.2199
17270.0000,1727,2811.4396,0.0000,1000,1000,1000,1,148.2571
17280.0000,1728,2811.5483,0.0000,998,999,999,1,148.1676
17290.0000,1729,2811.6551,0.0000,999,1000,1000,1,147.2053
17300.0000,1730,2811.7634,0.0000,1000,1000,1000,1,147.1184
17310.0000,1731,2811.8709,0.0000,998,998,998,1,145.8773
17320.0000,1732,2811.9782,0.0000,1000,999,1000,1,145.5053
17330.0000,1733,2812.0863,0.0000,999,999,999,1,145.7095
17340.0000,1734,2812.1928,0.0000,999,1000,1000,1,145.0471
17350.0000,1735,2812.2999,0.0000,999,998,999,1,144.3871
17360.0000,1736,2812.4058,0.0000,1000,1000,1000,1,144.5922
17370.0000,1737,2812.5131,0.0000,1000,1000,1000,1,144.2227
17380.0000,1738,2812.6200,0.0000,999,1000,999,1,143.5726
17390.0000,1739,2812.7270,0.0000,999,999,1000,1,144.0650
17400.0000,1740,2812.8339,0.0000,999,1000,1000,1,143.7001
17410.0000,1741,2812.9404,0.0000,998,998,999,1,143.3370
17420.0000,1742,2813.0458,0.0000,1000,1000,999,1,142.9756
17430.0000,1743,2813.1525,0.0000,999,999,1000,1,143.1827
17440.0000,1744,2813.2590,0.0000,999,999,1000,1,143.3895
17450.0000,1745,2813.3652,0.0000,999,1000,1000,1,143.0272
17460.0000,1746,2813.4714,0.0000,999,999,1000,1,143.2338
17470.0000,1747,2813.5772,0.0000,999,1000,999,1,143.1546
17480.0000,1748,2813.6829,0.0000,1000,1000,1000,1,142.7910
17490.0000,1749,2813.7890,0.0000,1000,999,1000,1,143.2811
17500.0000,1750,2813.8948,0.0000,999,999,999,1,143.1993
17510.0000,1751,2814.0001,0.0000,999,999,999,1,143.1189
17520.0000,1752,2814.1058,0.0000,999,1000,1000,1,143.3229
17530.0000,1753,2814.2114,0.0000,999,1000,1000,1,143.5273
17540.0000,1754,2814.3168,0.0000,998,1000,999,1,143.4470
17550.0000,1755,2814.4220,0.0000,1000,1000,1000,1,143.6505
17560.0000,1756,2814.5261,0.0000,998,998,999,1,143.0014
17570.0000,1757,2814.6301,0.0000,999,999,999,1,142.3550
17580.0000,1758,2814.7347,0.0000,1000,1000,1000,1,141.9938
17590.0000,1759,2814.8391,0.0000,998,999,999,1,141.0668
17600.0000,1760,2814.9435,0.0000,1000,1000,999,1,141.2715
17610.0000,1761,2815.0473,0.0000,998,1000,1000,1,141.1930
17620.0000,1762,2815.1517,0.0000,1000,1000,1000,1,141.1147
17630.0000,1763,2815.2557,0.0000,1000,1000,1000,1,141.0355
17640.0000,1764,2815.3604,0.0000,1000,1000,1000,1,141.5224
17650.0000,1765,2815.4646,0.0000,999,999,1000,1,142.0088
17660.0000,1766,2815.5688,0.0000,999,999,999,1,142.2111
17670.0000,1767,2815.6722,0.0000,1000,1000,1000,1,141.8471
17680.0000,1768,2815.7758,0.0000,999,1000,1000,1,142.3325
17690.0000,1769,2815.8795,0.0000,999,1000,1000,1,142.2528
17700.0000,1770,2815.9830,0.0000,1000,1000,1000,1,142.1735
17710.0000,1771,2816.0864,0.0000,1000,1000,1000,1,142.3761
17720.0000,1772,2816.1893,0.0000,998,999,998,1,141.4518
17730.0000,1773,2816.2923,0.0000,1000,1000,1000,1,141.6543
17740.0000,1774,2816.3955,0.0000,999,1000,1000,1,142.1382
17750.0000,1775,2816.4985,0.0000,999,1000,1000,1,142.6215
17760.0000,1776,2816.6007,0.0000,998,999,999,1,142.2617
17770.0000,1777,2816.7025,0.0000,1000,999,1000,1,142.4635
17780.0000,1778,2816.8049,0.0000,1000,1000,1000,1,142.3840
17790.0000,1779,2816.9072,0.0000,999,1000,1000,1,142.3040
17800.0000,1780,2817.0090,0.0000,998,999,999,1,141.6622
17810.0000,1781,2817.1105,0.0000,1000,1000,1000,1,141.3018
17820.0000,1782,2817.2126,0.0000,999,999,999,1,141.5023
17830.0000,1783,2817.3143,0.0000,1000,1000,999,1,141.1420
17840.0000,1784,2817.4160,0.0000,999,999,1000,1,141.3427
17850.0000,1785,2817.5175,0.0000,1000,1000,1000,1,141.2632
17860.0000,1786,2817.6189,0.0000,1000,1000,1000,1,140.9039
17870.0000,1787,2817.7205,0.0000,1000,1000,1000,1,141.3846
17880.0000,1788,2817.8215,0.0000,998,998,999,1,141.0256
17890.0000,1789,2817.9228,0.0000,1000,1000,1000,1,140.6714
17900.0000,1790,2818.0239,0.0000,999,1000,1000,1,140.5962
17910.0000,1791,2818.1251,0.0000,999,1000,1000,1,141.0760
17920.0000,1792,2818.2261,0.0000,1000,999,1000,1,141.5553
17930.0000,1793,2818.3269,0.0000,999,1000,1000,1,141.7558
17940.0000,1794,2818.4280,0.0000,1000,1000,1000,1,142.2342
17950.0000,1795,2818.5278,0.0000,999,998,999,1,141.5964
17960.0000,1796,2818.6277,0.0000,1000,998,1000,1,141.2392
17970.0000,1797,2818.7275,0.0000,999,1000,998,1,141.1609
17980.0000,1798,2818.8273,0.0000,999,999,1000,1,140.5288
17990.0000,1799,2818.9277,0.0000,1000,1000,1000,1,141.0066
18000.0000,1800,2819.0276,0.0000,999,1000,1000,1,141.2057
18010.0000,1801,2819.1277,0.0000,1000,1000,1000,1,141.4044
18020.0000,1802,2819.2274,0.0000,1000,999,1000,1,140.4920
18030.0000,1803,2819.3269,0.0000,1000,1000,999,1,140.1380
18040.0000,1804,2819.4262,0.0000,1000,999,999,1,140.3375
18050.0000,1805,2819.5252,0.0000,1000,1000,1000,1,140.5366
18060.0000,1806,2819.6245,0.0000,1000,1000,1000,1,140.4585
18070.0000,1807,2819.7237,0.0000,1000,1000,1000,1,140.3815
18080.0000,1808,2819.8228,0.0000,999,999,999,1,140.3047
18090.0000,1809,2819.9215,0.0000,998,999,1000,1,140.2272
18100.0000,1810,2820.0205,0.0000,1000,1000,1000,1,140.4262
18110.0000,1811,2820.1196,0.0000,1000,999,1000,1,140.9009
18120.0000,1812,2820.2183,0.0000,999,999,1000,1,141.0986
18130.0000,1813,2820.3161,0.0000,1000,999,1000,1,140.7433
18140.0000,1814,2820.4140,0.0000,999,1000,1000,1,139.8412
18150.0000,1815,2820.5126,0.0000,999,999,1000,1,140.3151
18160.0000,1816,2820.6112,0.0000,999,1000,1000,1,140.7885
18170.0000,1817,2820.7086,0.0000,998,998,998,1,139.6132
18180.0000,1818,2820.8064,0.0000,999,999,1000,1,140.0863
18190.0000,1819,2820.9040,0.0000,1000,999,1000,1,139.1852
18200.0000,1820,2821.0014,0.0000,1000,1000,1000,1,138.8340
18210.0000,1821,2821.0988,0.0000,998,999,999,1,138.2092
18220.0000,1822,2821.1957,0.0000,1000,999,1000,1,137.8650
18230.0000,1823,2821.2926,0.0000,1000,999,1000,1,137.5230
18240.0000,1824,2821.3903,0.0000,999,999,1000,1,137.9959
18250.0000,1825,2821.4870,0.0000,999,999,1000,1,137.6522
18260.0000,1826,2821.5838,0.0000,999,1000,1000,1,137.3095
18270.0000,1827,2821.6802,0.0000,1000,1000,1000,1,137.2384
18280.0000,1828,2821.7754,0.0000,997,998,999,1,136.3523
18290.0000,1829,2821.8717,0.0000,999,1000,1000,1,136.8243
18300.0000,1830,2821.9687,0.0000,1000,1000,1000,1,137.2960
18310.0000,1831,2822.0656,0.0000,1000,1000,1000,1,137.7672
18320.0000,1832,2822.1625,0.0000,1000,999,1000,1,138.2378
18330.0000,1833,2822.2591,0.0000,1000,1000,1000,1,138.7080
18340.0000,1834,2822.3558,0.0000,999,999,1000,1,138.9046
18350.0000,1835,2822.4519,0.0000,999,999,1000,1,139.1006
18360.0000,1836,2822.5480,0.0000,999,1000,1000,1,139.0227
18370.0000,1837,2822.6440,0.0000,999,1000,1000,1,138.9455
18380.0000,1838,2822.7399,0.0000,999,999,1000,1,139.1404
18390.0000,1839,2822.8358,0.0000,1000,1000,1000,1,139.3352
18400.0000,1840,2822.9316,0.0000,1000,999,1000,1,139.2557
18410.0000,1841,2823.0274,0.0000,999,999,1000,1,139.1771
18420.0000,1842,2823.1226,0.0000,999,999,1000,1,138.2829
18430.0000,1843,2823.2176,0.0000,999,1000,1000,1,137.9357
18440.0000,1844,2823.3124,0.0000,998,1000,1000,1,138.1316
18450.0000,1845,2823.4073,0.0000,998,999,1000,1,138.3272
18460.0000,1846,2823.5021,0.0000,996,997,997,1,137.1682
18470.0000,1847,2823.5940,0.0000,999,999,1000,1,135.7482
18480.0000,1848,2823.6887,0.0000,999,1000,1000,1,135.6776
18490.0000,1849,2823.7834,0.0000,999,1000,1000,1,135.8758
18500.0000,1850,2823.8778,0.0000,999,1000,1000,1,135.8048
18510.0000,1851,2823.9727,0.0000,1000,1000,1000,1,136.2717
18520.0000,1852,2824.0671,0.0000,999,1000,1000,1,136.4688
18530.0000,1853,2824.1618,0.0000,999,999,1000,1,136.9348
18540.0000,1854,2824.2561,0.0000,999,1000,1000,1,137.4003
18550.0000,1855,2824.3500,0.0000,997,1000,998,1,137.0544
18560.0000,1856,2824.4438,0.0000,999,1000,999,1,136.9789
18570.0000,1857,2824.5377,0.0000,1000,1000,1000,1,137.1736
18580.0000,1858,2824.6318,0.0000,999,1000,999,1,137.3672
18590.0000,1859,2824.7255,0.0000,999,999,999,1,137.2892
18600.0000,1860,2824.8189,0.0000,1000,1000,1000,1,137.2111
18610.0000,1861,2824.9123,0.0000,999,999,999,1,136.8614
18620.0000,1862,2825.0055,0.0000,999,999,1000,1,136.7825
18630.0000,1863,2825.0985,0.0000,1000,1000,1000,1,136.7034
18640.0000,1864,2825.1920,0.0000,1000,999,1000,1,137.1666
18650.0000,1865,2825.2851,0.0000,1000,999,1000,1,137.3582
18660.0000,1866,2825.3782,0.0000,999,1000,1000,1,137.5491
18670.0000,1867,2825.4705,0.0000,999,1000,1000,1,137.1980
18680.0000,1868,2825.5636,0.0000,999,1000,1000,1,137.3900
18690.0000,1869,2825.6565,0.0000,1000,1000,1000,1,137.8515
18700.0000,1870,2825.7492,0.0000,998,999,1000,1,137.7709
18710.0000,1871,2825.8416,0.0000,1000,1000,1000,1,137.6898
18720.0000,1872,2825.9338,0.0000,999,999,1000,1,137.3379
18730.0000,1873,2826.0256,0.0000,1000,999,999,1,136.7178
18740.0000,1874,2826.1173,0.0000,1000,1000,1000,1,136.9085
18750.0000,1875,2826.2096,0.0000,999,1000,1000,1,137.0984
18760.0000,1876,2826.3018,0.0000,999,1000,1000,1,137.5584
18770.0000,1877,2826.3937,0.0000,999,999,1000,1,138.0179
18780.0000,1878,2826.4858,0.0000,1000,1000,1000,1,137.9344
18790.0000,1879,2826.5780,0.0000,1000,1000,1000,1,138.3932
18800.0000,1880,2826.6698,0.0000,1000,1000,1000,1,138.5796
18810.0000,1881,2826.7612,0.0000,999,1000,1000,1,138.4934
18820.0000,1882,2826.8513,0.0000,997,999,998,1,137.3215
18830.0000,1883,2826.9415,0.0000,999,1000,1000,1,137.5088
18840.0000,1884,2827.0318,0.0000,997,1000,1000,1,136.6150
18850.0000,1885,2827.1226,0.0000,999,1000,1000,1,135.9957
18860.0000,1886,2827.2136,0.0000,999,999,999,1,135.6457
18870.0000,1887,2827.3048,0.0000,999,1000,1000,1,136.1037
18880.0000,1888,2827.3956,0.0000,999,999,999,1,135.7516
18890.0000,1889,2827.4858,0.0000,999,1000,1000,1,135.9387
18900.0000,1890,2827.5763,0.0000,1000,999,1000,1,135.8549
18910.0000,1891,2827.6672,0.0000,999,1000,1000,1,136.3119
18920.0000,1892,2827.7579,0.0000,998,1000,1000,1,136.2262
18930.0000,1893,2827.8474,0.0000,999,999,1000,1,135.8691
18940.0000,1894,2827.9376,0.0000,1000,999,1000,1,136.0542
18950.0000,1895,2828.0278,0.0000,999,1000,1000,1,135.9675
18960.0000,1896,2828.1181,0.0000,999,999,1000,1,136.4232
18970.0000,1897,2828.2079,0.0000,1000,999,1000,1,136.3359
18980.0000,1898,2828.2979,0.0000,1000,1000,1000,1,136.2484
18990.0000,1899,2828.3878,0.0000,999,1000,1000,1,136.4318
19000.0000,1900,2828.4775,0.0000,998,998,1000,1,136.3442
19010.0000,1901,2828.5666,0.0000,1000,999,1000,1,136.2586
19020.0000,1902,2828.6564,0.0000,1000,1000,1000,1,136.7127
19030.0000,1903,2828.7458,0.0000,998,998,999,1,136.6269
19040.0000,1904,2828.8347,0.0000,1000,1000,1000,1,136.8111
19050.0000,1905,2828.9243,0.0000,1000,1000,1000,1,137.2642
19060.0000,1906,2829.0136,0.0000,999,999,999,1,137.4470
19070.0000,1907,2829.1025,0.0000,1000,1000,1000,1,137.3601
19080.0000,1908,2829.1916,0.0000,1000,1000,1000,1,137.5429
19090.0000,1909,2829.2804,0.0000,999,1000,1000,1,137.4557
19100.0000,1910,2829.3695,0.0000,999,1000,1000,1,137.6371
19110.0000,1911,2829.4574,0.0000,999,1000,1000,1,137.2783
19120.0000,1912,2829.5463,0.0000,999,1000,1000,1,137.7295
19130.0000,1913,2829.6341,0.0000,1000,1000,1000,1,137.3688
19140.0000,1914,2829.7228,0.0000,1000,999,1000,1,137.8195
19150.0000,1915,2829.8109,0.0000,1000,1000,1000,1,137.7288
19160.0000,1916,2829.8986,0.0000,1000,1000,1000,1,136.8248
19170.0000,1917,2829.9871,0.0000,999,1000,1000,1,137.2751
19180.0000,1918,2830.0752,0.0000,999,999,999,1,136.9116
19190.0000,1919,2830.1625,0.0000,1000,1000,1000,1,137.3610
19200.0000,1920,2830.2503,0.0000,1000,1000,1000,1,137.2683
19210.0000,1921,2830.3382,0.0000,1000,1000,1000,1,137.4471
19220.0000,1922,2830.4257,0.0000,1000,998,998,1,137.0850
19230.0000,1923,2830.5128,0.0000,1000,999,1000,1,137.2639
19240.0000,1924,2830.6001,0.0000,999,1000,1000,1,136.6335
19250.0000,1925,2830.6867,0.0000,1000,1000,1000,1,135.7374
19260.0000,1926,2830.7739,0.0000,999,999,1000,1,135.6501
19270.0000,1927,2830.8604,0.0000,999,1000,999,1,135.0292
19280.0000,1928,2830.9480,0.0000,1000,1000,1000,1,135.4778
19290.0000,1929,2831.0351,0.0000,1000,999,999,1,135.6587
19300.0000,1930,2831.1219,0.0000,999,999,999,1,135.3056
19310.0000,1931,2831.2084,0.0000,999,999,999,1,134.9574
19320.0000,1932,2831.2952,0.0000,999,1000,1000,1,135.4051
19330.0000,1933,2831.3818,0.0000,1000,999,1000,1,135.3221
19340.0000,1934,2831.4687,0.0000,1000,1000,1000,1,135.5035
19350.0000,1935,2831.5552,0.0000,999,1000,999,1,135.6845
19360.0000,1936,2831.6419,0.0000,999,999,1000,1,136.1309
19370.0000,1937,2831.7285,0.0000,1000,999,999,1,136.3106
19380.0000,1938,2831.8142,0.0000,998,999,1000,1,135.6948
19390.0000,1939,2831.9003,0.0000,999,1000,1000,1,135.8755
19400.0000,1940,2831.9862,0.0000,1000,1000,1000,1,136.0555
19410.0000,1941,2832.0724,0.0000,999,999,1000,1,136.5006
19420.0000,1942,2832.1585,0.0000,1000,1000,1000,1,136.9452
19430.0000,1943,2832.2445,0.0000,1000,1000,1000,1,137.1230
19440.0000,1944,2832.3302,0.0000,1000,1000,1000,1,137.3003
19450.0000,1945,2832.4156,0.0000,999,1000,1000,1,137.4773
19460.0000,1946,2832.5013,0.0000,1000,1000,1000,1,137.3874
19470.0000,1947,2832.5870,0.0000,1000,999,1000,1,137.5638
19480.0000,1948,2832.6719,0.0000,998,998,999,1,137.2063
19490.0000,1949,2832.7565,0.0000,999,1000,1000,1,136.8518
19500.0000,1950,2832.8415,0.0000,999,1000,999,1,136.4988
19510.0000,1951,2832.9260,0.0000,998,1000,1000,1,136.4107
19520.0000,1952,2833.0109,0.0000,1000,1000,1000,1,136.5878
19530.0000,1953,2833.0961,0.0000,1000,1000,1000,1,136.7645
19540.0000,1954,2833.1806,0.0000,999,1000,1000,1,136.6749
19550.0000,1955,2833.2651,0.0000,1000,1000,999,1,136.5864
19560.0000,1956,2833.3499,0.0000,999,1000,1000,1,137.0277
19570.0000,1957,2833.4340,0.0000,998,999,1000,1,136.1412
19580.0000,1958,2833.5184,0.0000,1000,999,1000,1,136.3169
19590.0000,1959,2833.6015,0.0000,999,999,999,1,134.3727
19600.0000,1960,2833.6857,0.0000,999,999,1000,1,134.2845
19610.0000,1961,2833.7698,0.0000,1000,1000,1000,1,133.9334
19620.0000,1962,2833.8537,0.0000,998,999,999,1,133.8482
19630.0000,1963,2833.9372,0.0000,999,999,999,1,133.2403
19640.0000,1964,2834.0211,0.0000,1000,1000,1000,1,133.1573
19650.0000,1965,2834.1051,0.0000,1000,999,1000,1,133.5985
19660.0000,1966,2834.1884,0.0000,998,999,999,1,132.9881
19670.0000,1967,2834.2717,0.0000,998,1000,999,1,132.6406
19680.0000,1968,2834.3549,0.0000,999,999,1000,1,132.2955
19690.0000,1969,2834.4380,0.0000,998,1000,1000,1,131.9507
19700.0000,1970,2834.5217,0.0000,999,1000,1000,1,132.3913
19710.0000,1971,2834.6051,0.0000,999,1000,1000,1,132.5698
19720.0000,1972,2834.6887,0.0000,999,1000,1000,1,132.7479
19730.0000,1973,2834.7719,0.0000,1000,1000,1000,1,132.9258
19740.0000,1974,2834.8552,0.0000,999,1000,999,1,133.1029
19750.0000,1975,2834.9382,0.0000,999,1000,1000,1,133.0176
19760.0000,1976,2835.0213,0.0000,999,1000,1000,1,133.1940
19770.0000,1977,2835.1044,0.0000,999,1000,1000,1,133.6325
19780.0000,1978,2835.1871,0.0000,999,999,1000,1,133.8076
19790.0000,1979,2835.2696,0.0000,999,1000,1000,1,133.7198
19800.0000,1980,2835.3524,0.0000,999,1000,999,1,133.6320
19810.0000,1981,2835.4352,0.0000,999,1000,1000,1,134.0693
19820.0000,1982,2835.5171,0.0000,998,999,999,1,133.9809
19830.0000,1983,2835.5979,0.0000,997,997,999,1,133.3667
19840.0000,1984,2835.6798,0.0000,999,1000,1000,1,133.5408
19850.0000,1985,2835.7617,0.0000,1000,999,1000,1,133.1919
19860.0000,1986,2835.8440,0.0000,999,1000,1000,1,133.3671
19870.0000,1987,2835.9260,0.0000,1000,999,1000,1,133.0182
19880.0000,1988,2836.0082,0.0000,1000,1000,1000,1,132.6700
19890.0000,1989,2836.0899,0.0000,1000,1000,1000,1,132.5827
19900.0000,1990,2836.1709,0.0000,999,999,1000,1,131.7141
19910.0000,1991,2836.2529,0.0000,1000,1000,1000,1,132.1502
19920.0000,1992,2836.3348,0.0000,999,999,1000,1,132.3257
19930.0000,1993,2836.4164,0.0000,1000,999,1000,1,132.5004
19940.0000,1994,2836.4978,0.0000,1000,999,1000,1,132.4146
19950.0000,1995,2836.5790,0.0000,998,998,999,1,132.5888
19960.0000,1996,2836.6595,0.0000,1000,1000,1000,1,132.5018
19970.0000,1997,2836.7406,0.0000,999,999,1000,1,132.6752
19980.0000,1998,2836.8212,0.0000,999,1000,1000,1,132.3267
19990.0000,1999,2836.9024,0.0000,999,999,1000,1,132.5002
20000.0000,2000,2836.9831,0.0000,999,999,1000,1,132.1525
20010.0000,2001,2837.0638,0.0000,1000,1000,1000,1,131.8060
20020.0000,2002,2837.1445,0.0000,998,1000,1000,1,131.7199
20030.0000,2003,2837.2245,0.0000,1000,1000,1000,1,131.3749
20040.0000,2004,2837.3050,0.0000,999,1000,1000,1,131.2909
20050.0000,2005,2837.3855,0.0000,1000,1000,1000,1,130.9493
20060.0000,2006,2837.4663,0.0000,1000,1000,1000,1,131.3825
20070.0000,2007,2837.5468,0.0000,1000,1000,999,1,131.5566
20080.0000,2008,2837.6273,0.0000,999,1000,999,1,131.4714
20090.0000,2009,2837.7073,0.0000,1000,999,999,1,130.6097
20100.0000,2010,2837.7873,0.0000,999,999,999,1,130.5257
20110.0000,2011,2837.8673,0.0000,999,1000,999,1,130.4408
20120.0000,2012,2837.9476,0.0000,999,999,1000,1,130.8730
20130.0000,2013,2838.0275,0.0000,999,998,999,1,130.5278
20140.0000,2014,2838.1069,0.0000,999,999,1000,1,130.1847
20150.0000,2015,2838.1866,0.0000,999,1000,1000,1,130.3581
20160.0000,2016,2838.2664,0.0000,999,999,1000,1,130.2730
20170.0000,2017,2838.3456,0.0000,999,998,999,1,129.6731
20180.0000,2018,2838.4248,0.0000,999,999,1000,1,129.8473
20190.0000,2019,2838.5040,0.0000,1000,1000,1000,1,129.5081
20200.0000,2020,2838.5832,0.0000,999,999,1000,1,129.6825
20210.0000,2021,2838.6624,0.0000,999,999,999,1,129.5997
20220.0000,2022,2838.7412,0.0000,999,999,1000,1,129.7736
20230.0000,2023,2838.8202,0.0000,1000,1000,1000,1,129.1774
20240.0000,2024,2838.8994,0.0000,999,999,1000,1,128.8389
20250.0000,2025,2838.9781,0.0000,998,999,999,1,128.7567
20260.0000,2026,2839.0571,0.0000,1000,1000,1000,1,129.1866
20270.0000,2027,2839.1358,0.0000,998,998,999,1,128.8479
20280.0000,2028,2839.2146,0.0000,1000,1000,1000,1,129.0217
20290.0000,2029,2839.2936,0.0000,999,999,999,1,129.1947
20300.0000,2030,2839.3723,0.0000,1000,1000,1000,1,129.3678
20310.0000,2031,2839.4501,0.0000,999,998,999,1,129.2858
20320.0000,2032,2839.5281,0.0000,999,1000,1000,1,128.9512
20330.0000,2033,2839.6060,0.0000,999,1000,1000,1,128.8709
20340.0000,2034,2839.6845,0.0000,999,1000,1000,1,129.0454
20350.0000,2035,2839.7627,0.0000,999,1000,1000,1,128.9666
20360.0000,2036,2839.8408,0.0000,1000,1000,1000,1,129.3944
20370.0000,2037,2839.9193,0.0000,1000,1000,1000,1,129.8218
20380.0000,2038,2839.9969,0.0000,999,1000,999,1,129.4865
20390.0000,2039,2840.0748,0.0000,998,999,1000,1,129.6596
20400.0000,2040,2840.1519,0.0000,1000,1000,1000,1,129.0714
20410.0000,2041,2840.2296,0.0000,999,1000,1000,1,128.4850
20420.0000,2042,2840.3073,0.0000,1000,1000,1000,1,128.4052
20430.0000,2043,2840.3847,0.0000,1000,1000,1000,1,128.3254
20440.0000,2044,2840.4623,0.0000,1000,1000,1000,1,128.2451
20450.0000,2045,2840.5402,0.0000,999,999,1000,1,128.6714
20460.0000,2046,2840.6173,0.0000,999,999,999,1,128.0821
20470.0000,2047,2840.6941,0.0000,998,999,1000,1,128.0004
20480.0000,2048,2840.7707,0.0000,998,998,999,1,128.1721
20490.0000,2049,2840.8467,0.0000,999,998,999,1,127.0815
20500.0000,2050,2840.9233,0.0000,1000,1000,1000,1,127.0031
20510.0000,2051,2841.0004,0.0000,1000,1000,1000,1,127.4288
20520.0000,2052,2841.0775,0.0000,999,999,999,1,127.3486
20530.0000,2053,2841.1538,0.0000,999,999,1000,1,127.2684
20540.0000,2054,2841.2304,0.0000,999,999,1000,1,127.4407
20550.0000,2055,2841.3069,0.0000,1000,1000,1000,1,126.8558
20560.0000,2056,2841.3831,0.0000,999,999,1000,1,126.7780
20570.0000,2057,2841.4592,0.0000,998,998,999,1,126.1979
20580.0000,2058,2841.5351,0.0000,998,999,1000,1,125.8702
20590.0000,2059,2841.6106,0.0000,1000,999,1000,1,125.2922
20600.0000,2060,2841.6865,0.0000,1000,1000,1000,1,124.9659
20610.0000,2061,2841.7626,0.0000,1000,999,1000,1,125.1407
20620.0000,2062,2841.8384,0.0000,999,999,1000,1,124.5656
20630.0000,2063,2841.9145,0.0000,999,999,1000,1,124.4916
20640.0000,2064,2841.9907,0.0000,999,1000,1000,1,124.9158
20650.0000,2065,2842.0662,0.0000,999,999,1000,1,124.5901
20660.0000,2066,2842.1424,0.0000,999,1000,1000,1,125.0139
20670.0000,2067,2842.2184,0.0000,999,1000,1000,1,125.4372
20680.0000,2068,2842.2942,0.0000,1000,1000,1000,1,125.8601
20690.0000,2069,2842.3699,0.0000,999,999,1000,1,125.7807
20700.0000,2070,2842.4454,0.0000,999,1000,999,1,125.4510
20710.0000,2071,2842.5207,0.0000,1000,1000,1000,1,125.3734
20720.0000,2072,2842.5961,0.0000,999,999,1000,1,125.5455
20730.0000,2073,2842.6714,0.0000,999,1000,1000,1,125.4674
20740.0000,2074,2842.7462,0.0000,998,999,1000,1,124.8904
20750.0000,2075,2842.8208,0.0000,999,1000,1000,1,124.3154
20760.0000,2076,2842.8959,0.0000,999,1000,1000,1,124.4892
20770.0000,2077,2842.9708,0.0000,998,1000,1000,1,124.1679
20780.0000,2078,2843.0460,0.0000,1000,1000,1000,1,124.5893
20790.0000,2079,2843.1210,0.0000,999,1000,999,1,124.7624
20800.0000,2080,2843.1955,0.0000,1000,999,1000,1,124.6870
20810.0000,2081,2843.2700,0.0000,999,999,1000,1,124.1197
20820.0000,2082,2843.3445,0.0000,1000,1000,1000,1,123.5543
20830.0000,2083,2843.4191,0.0000,999,999,999,1,122.9903
20840.0000,2084,2843.4938,0.0000,1000,1000,1000,1,123.1652
20850.0000,2085,2843.5679,0.0000,1000,1000,1000,1,122.6017
20860.0000,2086,2843.6413,0.0000,999,1000,999,1,122.5300
20870.0000,2087,2843.7157,0.0000,999,1000,1000,1,122.9504
20880.0000,2088,2843.7886,0.0000,999,997,998,1,121.8979
20890.0000,2089,2843.8625,0.0000,1000,1000,1000,1,122.3179
20900.0000,2090,2843.9366,0.0000,999,1000,1000,1,122.4926
20910.0000,2091,2844.0105,0.0000,999,1000,999,1,121.9320
20920.0000,2092,2844.0842,0.0000,999,1000,1000,1,121.6169
20930.0000,2093,2844.1585,0.0000,1000,1000,1000,1,122.0365
20940.0000,2094,2844.2322,0.0000,1000,1000,1000,1,122.2106
20950.0000,2095,2844.3059,0.0000,1000,1000,1000,1,121.8943
20960.0000,2096,2844.3798,0.0000,999,999,999,1,122.0677
20970.0000,2097,2844.4531,0.0000,1000,1000,1000,1,121.7514
20980.0000,2098,2844.5268,0.0000,999,999,1000,1,121.6813
20990.0000,2099,2844.6004,0.0000,999,999,999,1,121.8550
21000.0000,2100,2844.6740,0.0000,999,1000,1000,1,122.2731
21010.0000,2101,2844.7467,0.0000,999,1000,1000,1,121.7123
21020.0000,2102,2844.8199,0.0000,1000,1000,999,1,121.3966
21030.0000,2103,2844.8934,0.0000,1000,1000,1000,1,121.8144
21040.0000,2104,2844.9665,0.0000,998,999,1000,1,121.9867
21050.0000,2105,2845.0391,0.0000,999,1000,1000,1,121.9141
21060.0000,2106,2845.1123,0.0000,1000,1000,1000,1,122.0859
21070.0000,2107,2845.1855,0.0000,999,1000,1000,1,122.5025
21080.0000,2108,2845.2577,0.0000,999,1000,1000,1,122.1822
21090.0000,2109,2845.3303,0.0000,999,999,1000,1,121.8631
21100.0000,2110,2845.4024,0.0000,998,998,999,1,121.0541
21110.0000,2111,2845.4746,0.0000,999,999,1000,1,120.9816
21120.0000,2112,2845.5475,0.0000,999,999,1000,1,121.3978
21130.0000,2113,2845.6187,0.0000,1000,998,998,1,121.0788
21140.0000,2114,2845.6911,0.0000,1000,1000,1000,1,121.4944
21150.0000,2115,2845.7639,0.0000,1000,1000,1000,1,121.6640
21160.0000,2116,2845.8362,0.0000,1000,999,999,1,121.3454
21170.0000,2117,2845.9084,0.0000,999,999,1000,1,121.5161
21180.0000,2118,2845.9805,0.0000,1000,999,999,1,120.9576
21190.0000,2119,2846.0522,0.0000,999,998,999,1,120.4022
21200.0000,2120,2846.1242,0.0000,999,1000,1000,1,120.3327
21210.0000,2121,2846.1962,0.0000,999,1000,1000,1,120.5051
21220.0000,2122,2846.2683,0.0000,1000,1000,1000,1,120.9196
21230.0000,2123,2846.3401,0.0000,999,999,999,1,120.1210
21240.0000,2124,2846.4120,0.0000,1000,1000,1000,1,120.2936
21250.0000,2125,2846.4838,0.0000,999,1000,1000,1,120.4655
21260.0000,2126,2846.5555,0.0000,999,1000,1000,1,120.6372
21270.0000,2127,2846.6272,0.0000,1000,1000,1000,1,120.3244
21280.0000,2128,2846.6986,0.0000,999,999,999,1,120.2551
21290.0000,2129,2846.7703,0.0000,999,1000,1000,1,120.6683
21300.0000,2130,2846.8417,0.0000,1000,1000,1000,1,120.8396
21310.0000,2131,2846.9133,0.0000,1000,1000,1000,1,121.2521
21320.0000,2132,2846.9843,0.0000,998,998,999,1,120.9379
21330.0000,2133,2847.0546,0.0000,1000,1000,1000,1,121.1078
21340.0000,2134,2847.1262,0.0000,999,1000,1000,1,121.5197
21350.0000,2135,2847.1975,0.0000,1000,1000,1000,1,121.9312
21360.0000,2136,2847.2683,0.0000,1000,1000,999,1,121.6142
21370.0000,2137,2847.3390,0.0000,998,999,998,1,121.5397
21380.0000,2138,2847.4095,0.0000,1000,1000,1000,1,121.7071
21390.0000,2139,2847.4801,0.0000,1000,999,1000,1,121.6326
21400.0000,2140,2847.5508,0.0000,999,999,1000,1,121.3154
21410.0000,2141,2847.6215,0.0000,999,1000,1000,1,121.4847
21420.0000,2142,2847.6921,0.0000,999,999,1000,1,121.4120
21430.0000,2143,2847.7624,0.0000,999,999,1000,1,121.3394
21440.0000,2144,2847.8329,0.0000,1000,1000,1000,1,121.5078
21450.0000,2145,2847.9030,0.0000,999,1000,1000,1,121.4348
21460.0000,2146,2847.9731,0.0000,999,999,999,1,120.6389
21470.0000,2147,2848.0422,0.0000,998,998,999,1,119.6067
21480.0000,2148,2848.1117,0.0000,998,1000,999,1,119.5371
21490.0000,2149,2848.1819,0.0000,1000,999,999,1,119.7068
21500.0000,2150,2848.2521,0.0000,1000,1000,1000,1,119.8761
21510.0000,2151,2848.3224,0.0000,999,999,1000,1,120.2853
21520.0000,2152,2848.3915,0.0000,999,999,1000,1,119.9731
21530.0000,2153,2848.4606,0.0000,999,1000,1000,1,118.9436
21540.0000,2154,2848.5294,0.0000,999,999,999,1,118.3964
21550.0000,2155,2848.5990,0.0000,1000,1000,1000,1,118.3285
21560.0000,2156,2848.6686,0.0000,1000,1000,999,1,118.4990
21570.0000,2157,2848.7385,0.0000,999,999,1000,1,118.9076
21580.0000,2158,2848.8082,0.0000,999,1000,1000,1,119.0771
21590.0000,2159,2848.8775,0.0000,998,999,999,1,119.2459
21600.0000,2160,2848.9469,0.0000,999,999,1000,1,119.6535
21610.0000,2161,2849.0160,0.0000,999,999,1000,1,119.8214
21620.0000,2162,2849.0852,0.0000,1000,1000,1000,1,119.7500
21630.0000,2163,2849.1543,0.0000,999,1000,999,1,119.4387
21640.0000,2164,2849.2237,0.0000,1000,1000,1000,1,119.8455
21650.0000,2165,2849.2930,0.0000,999,1000,1000,1,120.0121
21660.0000,2166,2849.3621,0.0000,999,1000,999,1,119.9379
21670.0000,2167,2849.4310,0.0000,999,1000,1000,1,120.1038
21680.0000,2168,2849.5003,0.0000,1000,1000,1000,1,120.5096
21690.0000,2169,2849.5693,0.0000,1000,1000,1000,1,120.9151
21700.0000,2170,2849.6382,0.0000,999,999,1000,1,120.8377
21710.0000,2171,2849.7070,0.0000,999,999,999,1,120.5192
21720.0000,2172,2849.7756,0.0000,999,1000,1000,1,120.6829
21730.0000,2173,2849.8441,0.0000,999,1000,1000,1,120.3639
21740.0000,2174,2849.9119,0.0000,998,999,1000,1,119.8040
21750.0000,2175,2849.9800,0.0000,998,999,999,1,119.4871
21760.0000,2176,2850.0483,0.0000,1000,999,1000,1,119.4107
21770.0000,2177,2850.1169,0.0000,998,999,999,1,119.5745
21780.0000,2178,2850.1850,0.0000,998,999,999,1,119.2570
21790.0000,2179,2850.2520,0.0000,998,998,998,1,118.2210
21800.0000,2180,2850.3193,0.0000,1000,1000,999,1,118.3852
21810.0000,2181,2850.3875,0.0000,1000,1000,1000,1,118.3101
21820.0000,2182,2850.4557,0.0000,999,1000,1000,1,118.4742
21830.0000,2183,2850.5237,0.0000,999,999,1000,1,118.6379
21840.0000,2184,2850.5916,0.0000,999,1000,1000,1,118.3221
21850.0000,2185,2850.6590,0.0000,998,1000,1000,1,118.2457
21860.0000,2186,2850.7266,0.0000,999,999,1000,1,117.9302
21870.0000,2187,2850.7946,0.0000,1000,1000,1000,1,118.0947
21880.0000,2188,2850.8621,0.0000,999,1000,1000,1,118.0205
21890.0000,2189,2850.9290,0.0000,1000,998,999,1,117.7080
21900.0000,2190,2850.9963,0.0000,1000,999,1000,1,117.3966
21910.0000,2191,2851.0639,0.0000,1000,1000,1000,1,117.7994
21920.0000,2192,2851.1312,0.0000,1000,1000,1000,1,117.4882
21930.0000,2193,2851.1985,0.0000,1000,1000,1000,1,117.6526
21940.0000,2194,2851.2657,0.0000,999,1000,999,1,117.5788
21950.0000,2195,2851.3327,0.0000,1000,998,1000,1,117.5048
21960.0000,2196,2851.3988,0.0000,999,998,1000,1,116.9596
21970.0000,2197,2851.4658,0.0000,999,1000,1000,1,117.1251
21980.0000,2198,2851.5327,0.0000,999,1000,999,1,117.2895
21990.0000,2199,2851.5996,0.0000,999,1000,999,1,117.2166
22000.0000,2200,2851.6665,0.0000,999,1000,1000,1,117.1446
22010.0000,2201,2851.7333,0.0000,999,999,1000,1,117.3093
22020.0000,2202,2851.8000,0.0000,1000,1000,1000,1,117.4739
22030.0000,2203,2851.8670,0.0000,999,1000,1000,1,117.6381
22040.0000,2204,2851.9340,0.0000,1000,1000,1000,1,118.0384
22050.0000,2205,2852.0008,0.0000,1000,1000,1000,1,118.2015
22060.0000,2206,2852.0675,0.0000,999,999,1000,1,118.3647
22070.0000,2207,2852.1340,0.0000,999,1000,1000,1,118.2907
22080.0000,2208,2852.2003,0.0000,999,999,1000,1,117.9790
22090.0000,2209,2852.2669,0.0000,999,999,1000,1,118.3783
22100.0000,2210,2852.3327,0.0000,1000,1000,1000,1,118.3034
22110.0000,2211,2852.3992,0.0000,999,999,1000,1,118.7022
22120.0000,2212,2852.4656,0.0000,999,999,1000,1,118.8631
22130.0000,2213,2852.5318,0.0000,999,999,1000,1,119.0238
22140.0000,2214,2852.5972,0.0000,999,999,999,1,117.9966
22150.0000,2215,2852.6628,0.0000,999,1000,1000,1,117.6837
22160.0000,2216,2852.7288,0.0000,999,999,999,1,117.8447
22170.0000,2217,2852.7946,0.0000,999,999,1000,1,118.0052
22180.0000,2218,2852.8604,0.0000,999,1000,1000,1,118.1655
22190.0000,2219,2852.9264,0.0000,1000,1000,1000,1,118.5629
22200.0000,2220,2852.9921,0.0000,999,999,1000,1,118.7219
22210.0000,2221,2853.0577,0.0000,1000,1000,1000,1,118.6431
22220.0000,2222,2853.1225,0.0000,997,997,998,1,118.0888
22230.0000,2223,2853.1872,0.0000,998,999,999,1,117.3043
22240.0000,2224,2853.2530,0.0000,999,999,999,1,117.4654
22250.0000,2225,2853.3182,0.0000,999,999,1000,1,117.6273
22260.0000,2226,2853.3833,0.0000,1000,999,1000,1,117.7886
22270.0000,2227,2853.4485,0.0000,999,1000,1000,1,117.7149
22280.0000,2228,2853.5136,0.0000,999,1000,1000,1,117.4072
22290.0000,2229,2853.5788,0.0000,1000,1000,1000,1,117.3348
22300.0000,2230,2853.6443,0.0000,999,999,1000,1,117.7307
22310.0000,2231,2853.7080,0.0000,997,1000,1000,1,117.1934
22320.0000,2232,2853.7727,0.0000,999,1000,1000,1,117.3565
22330.0000,2233,2853.8377,0.0000,1000,1000,1000,1,117.5195
22340.0000,2234,2853.9030,0.0000,999,1000,1000,1,117.9145
22350.0000,2235,2853.9680,0.0000,999,999,1000,1,118.0771
22360.0000,2236,2854.0331,0.0000,1000,1000,1000,1,118.4715
22370.0000,2237,2854.0977,0.0000,1000,1000,1000,1,118.4011
22380.0000,2238,2854.1622,0.0000,999,999,1000,1,118.0990
22390.0000,2239,2854.2265,0.0000,1000,1000,1000,1,117.7976
22400.0000,2240,2854.2911,0.0000,1000,1000,1000,1,117.7283
22410.0000,2241,2854.3557,0.0000,999,999,1000,1,117.6585
22420.0000,2242,2854.4196,0.0000,999,999,999,1,117.5885
22430.0000,2243,2854.4837,0.0000,1000,1000,1000,1,116.8258
22440.0000,2244,2854.5481,0.0000,1000,1000,1000,1,116.9889
22450.0000,2245,2854.6120,0.0000,1000,1000,1000,1,116.9205
22460.0000,2246,2854.6761,0.0000,999,1000,1000,1,116.3912
22470.0000,2247,2854.7403,0.0000,1000,1000,1000,1,116.7844
22480.0000,2248,2854.8038,0.0000,997,999,998,1,116.7150
22490.0000,2249,2854.8681,0.0000,1000,1000,1000,1,117.1077
22500.0000,2250,2854.9321,0.0000,999,999,1000,1,117.0373
22510.0000,2251,2854.9959,0.0000,998,999,999,1,116.7348
22520.0000,2252,2855.0597,0.0000,999,1000,1000,1,117.1269
22530.0000,2253,2855.1236,0.0000,998,998,999,1,117.2868
22540.0000,2254,2855.1873,0.0000,1000,1000,1000,1,117.4466
22550.0000,2255,2855.2508,0.0000,999,999,1000,1,117.3734
22560.0000,2256,2855.3143,0.0000,999,999,999,1,117.5319
22570.0000,2257,2855.3770,0.0000,998,999,999,1,116.5285
22580.0000,2258,2855.4405,0.0000,1000,1000,1000,1,116.4558
22590.0000,2259,2855.5040,0.0000,1000,1000,1000,1,116.1510
22600.0000,2260,2855.5677,0.0000,1000,1000,1000,1,116.3098
22610.0000,2261,2855.6312,0.0000,998,999,999,1,116.4683
22620.0000,2262,2855.6942,0.0000,999,999,999,1,116.1619
22630.0000,2263,2855.7577,0.0000,1000,1000,1000,1,116.5524
22640.0000,2264,2855.8212,0.0000,999,999,1000,1,116.9427
22650.0000,2265,2855.8840,0.0000,999,999,999,1,116.4013
22660.0000,2266,2855.9468,0.0000,999,1000,1000,1,116.0940
22670.0000,2267,2856.0098,0.0000,999,1000,1000,1,116.2514
22680.0000,2268,2856.0727,0.0000,999,999,1000,1,115.9444
22690.0000,2269,2856.1354,0.0000,1000,1000,1000,1,115.6376
22700.0000,2270,2856.1981,0.0000,999,999,1000,1,115.3323
22710.0000,2271,2856.2608,0.0000,999,999,1000,1,115.0275
22720.0000,2272,2856.3238,0.0000,999,1000,1000,1,115.4170
22730.0000,2273,2856.3869,0.0000,1000,1000,1000,1,115.8062
22740.0000,2274,2856.4498,0.0000,1000,999,1000,1,115.9634
22750.0000,2275,2856.5114,0.0000,998,999,998,1,115.1935
22760.0000,2276,2856.5728,0.0000,999,1000,1000,1,114.8900
22770.0000,2277,2856.6353,0.0000,999,999,1000,1,114.5884
22780.0000,2278,2856.6977,0.0000,1000,1000,1000,1,114.5181
22790.0000,2279,2856.7601,0.0000,999,1000,999,1,114.6771
22800.0000,2280,2856.8226,0.0000,999,1000,1000,1,114.8356
22810.0000,2281,2856.8849,0.0000,999,999,1000,1,114.7638
22820.0000,2282,2856.9469,0.0000,1000,999,1000,1,114.4621
22830.0000,2283,2857.0090,0.0000,999,999,1000,1,114.6197
22840.0000,2284,2857.0712,0.0000,999,1000,1000,1,115.0074
22850.0000,2285,2857.1328,0.0000,999,1000,1000,1,114.9331
22860.0000,2286,2857.1948,0.0000,999,1000,1000,1,115.0893
22870.0000,2287,2857.2569,0.0000,999,1000,1000,1,115.2452
22880.0000,2288,2857.3187,0.0000,999,1000,1000,1,115.1698
22890.0000,2289,2857.3808,0.0000,999,999,1000,1,115.5564
22900.0000,2290,2857.4422,0.0000,998,998,999,1,115.4790
22910.0000,2291,2857.5030,0.0000,999,999,999,1,115.1706
22920.0000,2292,2857.5646,0.0000,999,1000,1000,1,115.5565
22930.0000,2293,2857.6254,0.0000,999,999,999,1,114.7871
22940.0000,2294,2857.6870,0.0000,999,999,1000,1,115.1729
22950.0000,2295,2857.7484,0.0000,999,999,999,1,115.0977
22960.0000,2296,2857.8096,0.0000,1000,999,1000,1,115.2528
22970.0000,2297,2857.8707,0.0000,1000,1000,1000,1,115.1784
22980.0000,2298,2857.9324,0.0000,1000,1000,1000,1,115.5634
22990.0000,2299,2857.9935,0.0000,999,1000,1000,1,115.7177
23000.0000,2300,2858.0546,0.0000,999,999,1000,1,115.8718
23010.0000,2301,2858.1156,0.0000,999,998,998,1,115.1058
23020.0000,2302,2858.1760,0.0000,999,1000,1000,1,115.0301
23030.0000,2303,2858.2367,0.0000,1000,1000,1000,1,114.9566
23040.0000,2304,2858.2981,0.0000,999,1000,1000,1,115.3407
23050.0000,2305,2858.3592,0.0000,1000,1000,1000,1,115.4952
23060.0000,2306,2858.4202,0.0000,999,999,1000,1,115.6492
23070.0000,2307,2858.4810,0.0000,999,1000,999,1,115.5738
23080.0000,2308,2858.5416,0.0000,999,1000,1000,1,115.7276
23090.0000,2309,2858.6023,0.0000,1000,999,1000,1,115.6520
23100.0000,2310,2858.6628,0.0000,1000,1000,1000,1,115.5759
23110.0000,2311,2858.7234,0.0000,1000,1000,1000,1,115.7291
23120.0000,2312,2858.7841,0.0000,1000,1000,1000,1,115.8817
23130.0000,2313,2858.8447,0.0000,999,1000,1000,1,115.8038
23140.0000,2314,2858.9048,0.0000,1000,1000,1000,1,115.7265
23150.0000,2315,2858.9651,0.0000,1000,1000,1000,1,115.6493
23160.0000,2316,2859.0251,0.0000,999,999,999,1,114.8850
23170.0000,2317,2859.0849,0.0000,999,1000,1000,1,114.5815
23180.0000,2318,2859.1451,0.0000,999,999,1000,1,114.0505
23190.0000,2319,2859.2053,0.0000,999,1000,1000,1,113.9764
23200.0000,2320,2859.2656,0.0000,999,1000,1000,1,114.1310
23210.0000,2321,2859.3258,0.0000,1000,1000,1000,1,114.0598
23220.0000,2322,2859.3863,0.0000,999,1000,1000,1,114.4413
23230.0000,2323,2859.4465,0.0000,999,1000,1000,1,114.5953
23240.0000,2324,2859.5065,0.0000,1000,999,1000,1,114.7487
23250.0000,2325,2859.5664,0.0000,998,1000,1000,1,114.9017
23260.0000,2326,2859.6264,0.0000,999,1000,1000,1,115.2822
23270.0000,2327,2859.6863,0.0000,1000,1000,999,1,115.4341
23280.0000,2328,2859.7452,0.0000,1000,999,1000,1,114.9020
23290.0000,2329,2859.8049,0.0000,999,1000,1000,1,114.8260
23300.0000,2330,2859.8645,0.0000,999,1000,1000,1,114.9775
23310.0000,2331,2859.9239,0.0000,999,1000,999,1,114.9020
23320.0000,2332,2859.9831,0.0000,999,999,999,1,114.3716
23330.0000,2333,2860.0426,0.0000,1000,999,999,1,114.2961
23340.0000,2334,2860.1018,0.0000,999,1000,1000,1,114.2208
23350.0000,2335,2860.1610,0.0000,1000,999,1000,1,114.3730
23360.0000,2336,2860.2204,0.0000,1000,1000,1000,1,114.2978
23370.0000,2337,2860.2800,0.0000,1000,999,1000,1,114.6768
23380.0000,2338,2860.3395,0.0000,999,1000,1000,1,115.0554
23390.0000,2339,2860.3987,0.0000,999,1000,999,1,114.9783
23400.0000,2340,2860.4574,0.0000,1000,1000,999,1,114.4474
23410.0000,2341,2860.5166,0.0000,999,999,1000,1,114.8256
23420.0000,2342,2860.5759,0.0000,999,1000,1000,1,115.2035
23430.0000,2343,2860.6351,0.0000,1000,1000,1000,1,115.5812
23440.0000,2344,2860.6938,0.0000,1000,1000,1000,1,115.5023
23450.0000,2345,2860.7527,0.0000,1000,999,1000,1,115.4250
23460.0000,2346,2860.8115,0.0000,1000,1000,1000,1,115.5748
23470.0000,2347,2860.8704,0.0000,1000,999,1000,1,115.4973
23480.0000,2348,2860.9286,0.0000,999,1000,999,1,115.4190
23490.0000,2349,2860.9873,0.0000,1000,1000,1000,1,115.5679
23500.0000,2350,2861.0462,0.0000,999,999,1000,1,115.9443
23510.0000,2351,2861.1043,0.0000,1000,1000,1000,1,115.4109
23520.0000,2352,2861.1626,0.0000,999,999,1000,1,115.3325
23530.0000,2353,2861.2197,0.0000,997,997,998,1,114.1191
23540.0000,2354,2861.2775,0.0000,1000,999,1000,1,114.2686
23550.0000,2355,2861.3362,0.0000,999,1000,1000,1,114.4177
23560.0000,2356,2861.3947,0.0000,999,1000,1000,1,114.5663
23570.0000,2357,2861.4532,0.0000,999,1000,1000,1,114.9419
23580.0000,2358,2861.5113,0.0000,1000,998,999,1,115.0895
23590.0000,2359,2861.5695,0.0000,999,1000,1000,1,115.2365
23600.0000,2360,2861.6276,0.0000,1000,1000,1000,1,115.1550
23610.0000,2361,2861.6857,0.0000,999,1000,1000,1,115.5298
23620.0000,2362,2861.7437,0.0000,999,1000,999,1,115.4469
23630.0000,2363,2861.8018,0.0000,1000,1000,1000,1,115.5924
23640.0000,2364,2861.8598,0.0000,999,999,1000,1,115.7376
23650.0000,2365,2861.9178,0.0000,999,1000,1000,1,116.1115
23660.0000,2366,2861.9755,0.0000,999,999,999,1,116.2554
23670.0000,2367,2862.0332,0.0000,999,1000,1000,1,116.1708
23680.0000,2368,2862.0909,0.0000,999,999,999,1,115.8570
23690.0000,2369,2862.1486,0.0000,999,1000,1000,1,116.2301
23700.0000,2370,2862.2058,0.0000,1000,1000,1000,1,115.6872
23710.0000,2371,2862.2635,0.0000,1000,999,1000,1,116.0601
23720.0000,2372,2862.3210,0.0000,1000,999,999,1,116.2034
23730.0000,2373,2862.3786,0.0000,1000,1000,1000,1,115.8874
23740.0000,2374,2862.4363,0.0000,999,999,999,1,116.0320
23750.0000,2375,2862.4938,0.0000,1000,1000,1000,1,116.1770
23760.0000,2376,2862.5506,0.0000,998,1000,1000,1,116.0944
23770.0000,2377,2862.6082,0.0000,999,1000,1000,1,116.4663
23780.0000,2378,2862.6656,0.0000,999,999,1000,1,116.6100
23790.0000,2379,2862.7221,0.0000,1000,1000,1000,1,116.0726
23800.0000,2380,2862.7790,0.0000,999,1000,1000,1,115.3119
23810.0000,2381,2862.8362,0.0000,1000,1000,1000,1,115.4571
23820.0000,2382,2862.8935,0.0000,1000,1000,1000,1,115.8284
23830.0000,2383,2862.9506,0.0000,1000,1000,1000,1,115.7457
23840.0000,2384,2863.0080,0.0000,1000,1000,1000,1,116.1166
23850.0000,2385,2863.0649,0.0000,999,999,1000,1,116.0323
23860.0000,2386,2863.1220,0.0000,1000,1000,1000,1,116.4028
23870.0000,2387,2863.1790,0.0000,1000,999,1000,1,116.7730
23880.0000,2388,2863.2356,0.0000,1000,1000,1000,1,116.6872
23890.0000,2389,2863.2926,0.0000,1000,1000,1000,1,116.8294
23900.0000,2390,2863.3494,0.0000,1000,1000,1000,1,117.1989
23910.0000,2391,2863.4059,0.0000,1000,1000,1000,1,117.3400
23920.0000,2392,2863.4625,0.0000,1000,1000,1000,1,117.0246
23930.0000,2393,2863.5192,0.0000,1000,1000,1000,1,117.1654
23940.0000,2394,2863.5756,0.0000,999,999,1000,1,117.0768
23950.0000,2395,2863.6320,0.0000,1000,1000,1000,1,116.9878
23960.0000,2396,2863.6887,0.0000,1000,1000,1000,1,117.3564
23970.0000,2397,2863.7451,0.0000,1000,1000,1000,1,117.4952
23980.0000,2398,2863.8015,0.0000,999,1000,1000,1,117.4039
23990.0000,2399,2863.8579,0.0000,1000,1000,1000,1,117.5418
24000.0000,2400,2863.9143,0.0000,999,1000,999,1,117.6791
24010.0000,2401,2863.9703,0.0000,999,1000,999,1,117.3564
24020.0000,2402,2864.0266,0.0000,1000,1000,1000,1,117.4942
24030.0000,2403,2864.0829,0.0000,1000,999,999,1,117.4038
24040.0000,2404,2864.1392,0.0000,999,1000,1000,1,117.0865
24050.0000,2405,2864.1950,0.0000,999,1000,1000,1,116.7699
24060.0000,2406,2864.2506,0.0000,1000,1000,1000,1,116.6827
24070.0000,2407,2864.3065,0.0000,999,999,1000,1,116.8225
24080.0000,2408,2864.3620,0.0000,1000,1000,1000,1,116.5073
24090.0000,2409,2864.4180,0.0000,999,999,1000,1,116.6467
24100.0000,2410,2864.4737,0.0000,999,1000,999,1,116.5581
24110.0000,2411,2864.5288,0.0000,999,1000,1000,1,116.2430
24120.0000,2412,2864.5840,0.0000,997,999,998,1,115.9307
24130.0000,2413,2864.6393,0.0000,998,999,1000,1,115.6197
24140.0000,2414,2864.6947,0.0000,1000,1000,1000,1,115.3112
24150.0000,2415,2864.7504,0.0000,999,1000,1000,1,115.4527
24160.0000,2416,2864.8058,0.0000,999,1000,1000,1,115.3684
24170.0000,2417,2864.8614,0.0000,1000,1000,1000,1,115.2843
24180.0000,2418,2864.9165,0.0000,998,1000,1000,1,115.4246
24190.0000,2419,2864.9715,0.0000,999,999,1000,1,114.8914
24200.0000,2420,2865.0263,0.0000,999,1000,1000,1,114.5872
24210.0000,2421,2865.0817,0.0000,999,999,999,1,114.7298
24220.0000,2422,2865.1369,0.0000,1000,1000,1000,1,114.4265
24230.0000,2423,2865.1922,0.0000,1000,999,1000,1,114.7920
24240.0000,2424,2865.2471,0.0000,999,999,1000,1,114.4869
24250.0000,2425,2865.3021,0.0000,999,999,1000,1,114.4054
24260.0000,2426,2865.3569,0.0000,999,999,999,1,113.8773
24270.0000,2427,2865.4119,0.0000,999,1000,1000,1,113.7954
24280.0000,2428,2865.4669,0.0000,1000,1000,1000,1,113.7134
24290.0000,2429,2865.5213,0.0000,998,1000,999,1,113.4077
24300.0000,2430,2865.5759,0.0000,1000,1000,1000,1,113.1039
24310.0000,2431,2865.6307,0.0000,999,1000,1000,1,113.2457
24320.0000,2432,2865.6854,0.0000,1000,1000,1000,1,113.1649
24330.0000,2433,2865.7401,0.0000,999,999,1000,1,113.0846
24340.0000,2434,2865.7948,0.0000,999,1000,1000,1,112.7822
24350.0000,2435,2865.8491,0.0000,1000,1000,1000,1,112.9243
24360.0000,2436,2865.9032,0.0000,1000,998,1000,1,112.4020
24370.0000,2437,2865.9572,0.0000,1000,1000,999,1,111.8825
24380.0000,2438,2866.0116,0.0000,1000,999,999,1,111.8057
24390.0000,2439,2866.0660,0.0000,999,999,999,1,111.5100
24400.0000,2440,2866.1206,0.0000,1000,1000,1000,1,111.8740
24410.0000,2441,2866.1748,0.0000,999,1000,1000,1,111.7988
24420.0000,2442,2866.2291,0.0000,999,1000,1000,1,111.9436
24430.0000,2443,2866.2828,0.0000,998,999,999,1,111.2136
24440.0000,2444,2866.3361,0.0000,1000,1000,1000,1,110.4884
24450.0000,2445,2866.3898,0.0000,1000,999,1000,1,109.9845
24460.0000,2446,2866.4440,0.0000,999,1000,1000,1,110.1317
24470.0000,2447,2866.4982,0.0000,1000,999,1000,1,110.0612
24480.0000,2448,2866.5524,0.0000,1000,1000,1000,1,110.4248
24490.0000,2449,2866.6061,0.0000,999,999,1000,1,110.3533
24500.0000,2450,2866.6595,0.0000,998,1000,1000,1,110.4992
24510.0000,2451,2866.7135,0.0000,999,999,1000,1,110.6453
24520.0000,2452,2866.7675,0.0000,1000,1000,1000,1,111.0080
24530.0000,2453,2866.8213,0.0000,999,999,1000,1,111.3704
24540.0000,2454,2866.8749,0.0000,999,1000,1000,1,111.2974
24550.0000,2455,2866.9287,0.0000,1000,1000,1000,1,111.4421
24560.0000,2456,2866.9825,0.0000,999,999,1000,1,111.5864
24570.0000,2457,2867.0360,0.0000,1000,1000,1000,1,111.2956
24580.0000,2458,2867.0898,0.0000,1000,1000,1000,1,111.2226
24590.0000,2459,2867.1432,0.0000,999,1000,1000,1,111.1490
24600.0000,2460,2867.1969,0.0000,1000,1000,1000,1,111.2928
24610.0000,2461,2867.2505,0.0000,1000,1000,1000,1,111.4360
24620.0000,2462,2867.3042,0.0000,999,1000,1000,1,111.7969
24630.0000,2463,2867.3577,0.0000,999,1000,1000,1,111.9389
24640.0000,2464,2867.4110,0.0000,999,999,1000,1,112.0805
24650.0000,2465,2867.4644,0.0000,1000,1000,1000,1,112.0030
24660.0000,2466,2867.5175,0.0000,998,999,1000,1,111.7070
24670.0000,2467,2867.5705,0.0000,999,1000,1000,1,111.6297
24680.0000,2468,2867.6229,0.0000,997,999,999,1,110.4649
24690.0000,2469,2867.6763,0.0000,1000,1000,1000,1,110.8252
24700.0000,2470,2867.7294,0.0000,999,999,999,1,110.9675
24710.0000,2471,2867.7824,0.0000,1000,999,1000,1,111.3272
24720.0000,2472,2867.8356,0.0000,1000,1000,1000,1,111.4687
24730.0000,2473,2867.8887,0.0000,999,1000,1000,1,111.6102
24740.0000,2474,2867.9407,0.0000,998,1000,999,1,111.5345
24750.0000,2475,2867.9937,0.0000,999,1000,1000,1,111.8935
24760.0000,2476,2868.0467,0.0000,999,999,1000,1,112.0349
24770.0000,2477,2868.0996,0.0000,999,1000,1000,1,112.1759
24780.0000,2478,2868.1524,0.0000,1000,1000,1000,1,112.0985
24790.0000,2479,2868.2054,0.0000,999,1000,1000,1,112.0213
24800.0000,2480,2868.2585,0.0000,999,1000,1000,1,112.3793
24810.0000,2481,2868.3113,0.0000,1000,999,999,1,112.5201
24820.0000,2482,2868.3639,0.0000,999,999,1000,1,112.6609
24830.0000,2483,2868.4165,0.0000,999,999,999,1,112.8015
24840.0000,2484,2868.4690,0.0000,999,999,1000,1,112.9419
24850.0000,2485,2868.5214,0.0000,999,999,999,1,112.4335
24860.0000,2486,2868.5734,0.0000,999,1000,999,1,112.1416
24870.0000,2487,2868.6256,0.0000,999,1000,1000,1,112.4983
24880.0000,2488,2868.6780,0.0000,1000,999,1000,1,112.4224
24890.0000,2489,2868.7301,0.0000,999,999,999,1,112.3459
24900.0000,2490,2868.7817,0.0000,998,999,1000,1,111.6225
24910.0000,2491,2868.8329,0.0000,999,999,1000,1,110.9046
24920.0000,2492,2868.8850,0.0000,999,1000,1000,1,110.6179
24930.0000,2493,2868.9374,0.0000,1000,999,1000,1,110.9746
24940.0000,2494,2868.9893,0.0000,999,999,999,1,110.6867
24950.0000,2495,2869.0410,0.0000,1000,999,999,1,110.6129
24960.0000,2496,2869.0928,0.0000,999,1000,1000,1,110.9690
24970.0000,2497,2869.1447,0.0000,1000,1000,1000,1,110.8943
24980.0000,2498,2869.1968,0.0000,999,1000,1000,1,111.2503
24990.0000,2499,2869.2486,0.0000,999,999,999,1,110.9580
25000.0000,2500,2869.3005,0.0000,999,999,1000,1,110.6660
25010.0000,2501,2869.3522,0.0000,1000,1000,1000,1,110.3745
25020.0000,2502,2869.4039,0.0000,1000,999,1000,1,110.5144
25030.0000,2503,2869.4551,0.0000,999,1000,1000,1,110.2221
25040.0000,2504,2869.5069,0.0000,999,1000,1000,1,110.5774
25050.0000,2505,2869.5587,0.0000,999,1000,1000,1,110.9325
25060.0000,2506,2869.6102,0.0000,1000,1000,1000,1,110.6378
25070.0000,2507,2869.6610,0.0000,998,999,1000,1,110.3451
25080.0000,2508,2869.7126,0.0000,999,999,999,1,110.4837
25090.0000,2509,2869.7643,0.0000,1000,1000,1000,1,110.6223
25100.0000,2510,2869.8158,0.0000,1000,1000,1000,1,110.7605
25110.0000,2511,2869.8673,0.0000,1000,1000,1000,1,110.8982
25120.0000,2512,2869.9184,0.0000,999,1000,999,1,110.8190
25130.0000,2513,2869.9697,0.0000,1000,1000,1000,1,110.9561
25140.0000,2514,2870.0211,0.0000,1000,999,1000,1,111.0932
25150.0000,2515,2870.0724,0.0000,998,1000,1000,1,111.0124
25160.0000,2516,2870.1237,0.0000,999,1000,1000,1,111.1490
25170.0000,2517,2870.1748,0.0000,1000,1000,999,1,111.0691
25180.0000,2518,2870.2255,0.0000,1000,1000,1000,1,110.9904
25190.0000,2519,2870.2766,0.0000,999,1000,1000,1,111.3434
25200.0000,2520,2870.3276,0.0000,999,999,999,1,111.4796
25210.0000,2521,2870.3780,0.0000,999,998,999,1,111.1854
25220.0000,2522,2870.4287,0.0000,998,999,999,1,110.8931
25230.0000,2523,2870.4797,0.0000,1000,1000,1000,1,111.2454
25240.0000,2524,2870.5307,0.0000,999,1000,1000,1,111.3827
25250.0000,2525,2870.5815,0.0000,1000,1000,1000,1,111.5198
25260.0000,2526,2870.6322,0.0000,1000,999,999,1,111.4415
25270.0000,2527,2870.6829,0.0000,999,1000,1000,1,111.3631
25280.0000,2528,2870.7339,0.0000,1000,1000,1000,1,111.4992
25290.0000,2529,2870.7849,0.0000,999,999,1000,1,111.8505
25300.0000,2530,2870.8355,0.0000,999,1000,1000,1,111.9860
25310.0000,2531,2870.8860,0.0000,999,1000,1000,1,112.1213
25320.0000,2532,2870.9366,0.0000,999,999,1000,1,112.4720
25330.0000,2533,2870.9872,0.0000,1000,1000,1000,1,112.8223
25340.0000,2534,2871.0376,0.0000,999,1000,1000,1,112.9558
25350.0000,2535,2871.0882,0.0000,1000,999,1000,1,113.0889
25360.0000,2536,2871.1382,0.0000,999,999,1000,1,112.7894
25370.0000,2537,2871.1887,0.0000,999,1000,1000,1,113.1391
25380.0000,2538,2871.2392,0.0000,1000,1000,1000,1,113.4885
25390.0000,2539,2871.2896,0.0000,1000,1000,1000,1,113.8377
25400.0000,2540,2871.3398,0.0000,999,999,999,1,113.7517
25410.0000,2541,2871.3898,0.0000,999,1000,1000,1,113.6656
25420.0000,2542,2871.4397,0.0000,999,999,1000,1,113.7967
25430.0000,2543,2871.4893,0.0000,998,1000,1000,1,113.2748
25440.0000,2544,2871.5393,0.0000,999,999,1000,1,113.4057
25450.0000,2545,2871.5895,0.0000,999,999,999,1,113.3200
25460.0000,2546,2871.6395,0.0000,999,1000,1000,1,113.4515
25470.0000,2547,2871.6893,0.0000,1000,999,1000,1,113.3661
25480.0000,2548,2871.7391,0.0000,1000,1000,1000,1,113.2807
25490.0000,2549,2871.7893,0.0000,999,1000,1000,1,113.6286
25500.0000,2550,2871.8392,0.0000,999,1000,999,1,113.5425
25510.0000,2551,2871.8889,0.0000,999,1000,1000,1,113.6731
25520.0000,2552,2871.9388,0.0000,1000,1000,1000,1,114.0204
25530.0000,2553,2871.9887,0.0000,1000,1000,1000,1,114.3674
25540.0000,2554,2872.0385,0.0000,999,1000,1000,1,114.7142
25550.0000,2555,2872.0882,0.0000,999,999,1000,1,114.8428
25560.0000,2556,2872.1381,0.0000,999,999,1000,1,115.1892
25570.0000,2557,2872.1877,0.0000,1000,999,1000,1,115.5352
25580.0000,2558,2872.2371,0.0000,1000,999,1000,1,115.6624
25590.0000,2559,2872.2867,0.0000,1000,1000,1000,1,116.0080
25600.0000,2560,2872.3362,0.0000,1000,1000,1000,1,116.1342
25610.0000,2561,2872.3858,0.0000,999,999,1000,1,116.4794
25620.0000,2562,2872.4350,0.0000,999,999,999,1,115.9472
25630.0000,2563,2872.4844,0.0000,1000,1000,1000,1,116.0728
25640.0000,2564,2872.5337,0.0000,999,1000,1000,1,116.4175
25650.0000,2565,2872.5831,0.0000,999,999,999,1,116.5424
25660.0000,2566,2872.6317,0.0000,998,998,999,1,115.7894
25670.0000,2567,2872.6805,0.0000,1000,1000,1000,1,115.9146
25680.0000,2568,2872.7298,0.0000,1000,1000,1000,1,115.8199
25690.0000,2569,2872.7789,0.0000,1000,1000,999,1,115.9445
25700.0000,2570,2872.8276,0.0000,998,998,999,1,115.6324
25710.0000,2571,2872.8760,0.0000,999,999,1000,1,115.3208
25720.0000,2572,2872.9251,0.0000,999,999,1000,1,115.6648
25730.0000,2573,2872.9739,0.0000,999,1000,1000,1,115.5704
25740.0000,2574,2873.0225,0.0000,998,1000,999,1,115.0384
25750.0000,2575,2873.0713,0.0000,999,999,999,1,114.9455
25760.0000,2576,2873.1200,0.0000,999,998,999,1,115.0705
25770.0000,2577,2873.1685,0.0000,999,1000,999,1,114.7583
25780.0000,2578,2873.2168,0.0000,998,1000,1000,1,114.4474
25790.0000,2579,2873.2641,0.0000,997,999,998,1,113.2673
25800.0000,2580,2873.3113,0.0000,998,1000,999,1,112.9597
25810.0000,2581,2873.3596,0.0000,998,1000,1000,1,112.4373
25820.0000,2582,2873.4077,0.0000,998,1000,1000,1,112.3483
25830.0000,2583,2873.4562,0.0000,999,1000,1000,1,112.6919
25840.0000,2584,2873.5045,0.0000,999,999,999,1,112.1691
25850.0000,2585,2873.5528,0.0000,999,1000,1000,1,112.2960
25860.0000,2586,2873.6013,0.0000,999,999,1000,1,112.4229
25870.0000,2587,2873.6496,0.0000,1000,1000,1000,1,112.3335
25880.0000,2588,2873.6979,0.0000,999,1000,1000,1,112.2443
25890.0000,2589,2873.7462,0.0000,1000,1000,1000,1,111.9405
25900.0000,2590,2873.7945,0.0000,1000,1000,1000,1,111.4214
25910.0000,2591,2873.8428,0.0000,1000,1000,1000,1,111.3340
25920.0000,2592,2873.8908,0.0000,999,1000,1000,1,111.2468
25930.0000,2593,2873.9390,0.0000,999,1000,1000,1,111.1618
25940.0000,2594,2873.9874,0.0000,998,999,999,1,111.2901
25950.0000,2595,2874.0353,0.0000,998,998,999,1,111.2045
25960.0000,2596,2874.0825,0.0000,999,1000,999,1,111.1182
25970.0000,2597,2874.1306,0.0000,1000,1000,1000,1,111.2462
25980.0000,2598,2874.1789,0.0000,1000,1000,1000,1,111.5883
25990.0000,2599,2874.2271,0.0000,1000,1000,1000,1,111.7155
26000.0000,2600,2874.2750,0.0000,1000,999,1000,1,111.8422
26010.0000,2601,2874.3228,0.0000,999,999,1000,1,111.9683
26020.0000,2602,2874.3707,0.0000,999,999,1000,1,112.0940
26030.0000,2603,2874.4184,0.0000,999,999,1000,1,112.0042
26040.0000,2604,2874.4663,0.0000,1000,999,1000,1,112.3452
26050.0000,2605,2874.5141,0.0000,998,998,999,1,112.0388
26060.0000,2606,2874.5619,0.0000,1000,1000,1000,1,112.3795
26070.0000,2607,2874.6096,0.0000,999,999,1000,1,112.5040
26080.0000,2608,2874.6573,0.0000,999,999,1000,1,112.6286
26090.0000,2609,2874.7047,0.0000,1000,1000,1000,1,112.5371
26100.0000,2610,2874.7523,0.0000,1000,1000,1000,1,112.2301
26110.0000,2611,2874.7999,0.0000,1000,999,1000,1,112.3546
26120.0000,2612,2874.8471,0.0000,999,1000,1000,1,112.4788
26130.0000,2613,2874.8945,0.0000,999,999,1000,1,112.1707
26140.0000,2614,2874.9420,0.0000,1000,1000,1000,1,112.2941
26150.0000,2615,2874.9891,0.0000,1000,999,1000,1,111.9850
26160.0000,2616,2875.0364,0.0000,999,999,999,1,112.1087
26170.0000,2617,2875.0834,0.0000,1000,1000,1000,1,112.0167
26180.0000,2618,2875.1298,0.0000,998,1000,1000,1,111.2792
26190.0000,2619,2875.1771,0.0000,999,1000,1000,1,111.4034
26200.0000,2620,2875.2245,0.0000,1000,1000,1000,1,111.7425
26210.0000,2621,2875.2719,0.0000,1000,1000,1000,1,112.0814
26220.0000,2622,2875.3189,0.0000,999,1000,1000,1,111.7729
26230.0000,2623,2875.3662,0.0000,998,999,999,1,111.6802
26240.0000,2624,2875.4132,0.0000,1000,1000,1000,1,112.0187
26250.0000,2625,2875.4604,0.0000,1000,1000,1000,1,112.3569
26260.0000,2626,2875.5072,0.0000,999,1000,999,1,112.0454
26270.0000,2627,2875.5539,0.0000,998,998,999,1,111.5180
26280.0000,2628,2875.5999,0.0000,999,999,1000,1,111.6394
26290.0000,2629,2875.6459,0.0000,999,999,999,1,111.3279
26300.0000,2630,2875.6927,0.0000,999,1000,1000,1,111.2335
26310.0000,2631,2875.7396,0.0000,999,999,1000,1,111.3549
26320.0000,2632,2875.7860,0.0000,998,999,999,1,111.0429
26330.0000,2633,2875.8325,0.0000,999,1000,1000,1,111.1639
26340.0000,2634,2875.8793,0.0000,999,999,1000,1,111.5013
26350.0000,2635,2875.9249,0.0000,999,999,1000,1,111.4057
26360.0000,2636,2875.9717,0.0000,1000,1000,1000,1,111.7428
26370.0000,2637,2876.0182,0.0000,1000,1000,1000,1,111.6474
26380.0000,2638,2876.0646,0.0000,998,1000,1000,1,111.5531
26390.0000,2639,2876.1107,0.0000,999,999,999,1,111.2432
26400.0000,2640,2876.1570,0.0000,1000,999,1000,1,111.3642
26410.0000,2641,2876.2034,0.0000,999,1000,1000,1,111.4852
26420.0000,2642,2876.2499,0.0000,1000,1000,1000,1,111.6061
26430.0000,2643,2876.2961,0.0000,999,1000,1000,1,111.0808
26440.0000,2644,2876.3422,0.0000,1000,1000,999,1,110.7710
26450.0000,2645,2876.3882,0.0000,1000,999,999,1,110.6760
26460.0000,2646,2876.4343,0.0000,999,1000,1000,1,110.7966
26470.0000,2647,2876.4801,0.0000,999,999,1000,1,110.7016
26480.0000,2648,2876.5265,0.0000,999,1000,1000,1,111.0375
26490.0000,2649,2876.5728,0.0000,1000,1000,999,1,111.1570
26500.0000,2650,2876.6189,0.0000,999,999,1000,1,111.0618
26510.0000,2651,2876.6651,0.0000,1000,1000,1000,1,111.1818
26520.0000,2652,2876.7108,0.0000,999,999,999,1,110.4405
26530.0000,2653,2876.7566,0.0000,999,1000,1000,1,110.3453
26540.0000,2654,2876.8022,0.0000,998,999,999,1,109.8196
26550.0000,2655,2876.8479,0.0000,999,1000,1000,1,109.7246
26560.0000,2656,2876.8939,0.0000,999,999,1000,1,110.0598
26570.0000,2657,2876.9399,0.0000,1000,1000,1000,1,109.9643
26580.0000,2658,2876.9856,0.0000,999,999,1000,1,109.8681
26590.0000,2659,2877.0310,0.0000,1000,1000,1000,1,109.3428
26600.0000,2660,2877.0766,0.0000,999,1000,999,1,108.6041
26610.0000,2661,2877.1225,0.0000,1000,1000,1000,1,108.9390
26620.0000,2662,2877.1683,0.0000,999,1000,1000,1,109.0592
26630.0000,2663,2877.2141,0.0000,999,1000,1000,1,109.1790
26640.0000,2664,2877.2592,0.0000,1000,1000,1000,1,108.6541
26650.0000,2665,2877.3049,0.0000,1000,1000,1000,1,108.7738
26660.0000,2666,2877.3502,0.0000,999,1000,1000,1,108.2507
26670.0000,2667,2877.3959,0.0000,1000,1000,1000,1,108.1572
26680.0000,2668,2877.4416,0.0000,999,1000,1000,1,108.4915
26690.0000,2669,2877.4871,0.0000,1000,1000,1000,1,108.8255
26700.0000,2670,2877.5324,0.0000,1000,1000,999,1,108.5156
26710.0000,2671,2877.5775,0.0000,998,998,999,1,108.2072
26720.0000,2672,2877.6224,0.0000,999,1000,1000,1,107.8996
26730.0000,2673,2877.6675,0.0000,999,1000,1000,1,107.5929
26740.0000,2674,2877.7128,0.0000,1000,1000,1000,1,107.5006
26750.0000,2675,2877.7581,0.0000,999,1000,1000,1,107.6212
26760.0000,2676,2877.8034,0.0000,1000,1000,1000,1,107.7416
26770.0000,2677,2877.8480,0.0000,999,999,998,1,107.2249
26780.0000,2678,2877.8928,0.0000,999,1000,1000,1,107.5581
26790.0000,2679,2877.9381,0.0000,1000,1000,1000,1,107.4655
26800.0000,2680,2877.9834,0.0000,999,999,1000,1,107.7985
26810.0000,2681,2878.0285,0.0000,1000,1000,1000,1,107.9181
26820.0000,2682,2878.0739,0.0000,1000,1000,1000,1,108.2507
26830.0000,2683,2878.1186,0.0000,1000,999,1000,1,107.3025
26840.0000,2684,2878.1630,0.0000,1000,1000,1000,1,106.3619
26850.0000,2685,2878.2079,0.0000,999,1000,1000,1,106.2714
26860.0000,2686,2878.2524,0.0000,998,998,1000,1,105.3355
26870.0000,2687,2878.2971,0.0000,1000,1000,1000,1,105.6685
26880.0000,2688,2878.3420,0.0000,1000,1000,1000,1,105.5781
26890.0000,2689,2878.3867,0.0000,999,999,999,1,105.6989
26900.0000,2690,2878.4313,0.0000,1000,1000,1000,1,105.6078
26910.0000,2691,2878.4761,0.0000,1000,1000,1000,1,105.9402
26920.0000,2692,2878.5209,0.0000,1000,999,999,1,106.0606
26930.0000,2693,2878.5656,0.0000,999,1000,1000,1,106.3925
26940.0000,2694,2878.6104,0.0000,999,1000,1000,1,106.5123
26950.0000,2695,2878.6549,0.0000,999,999,1000,1,105.9955
26960.0000,2696,2878.6993,0.0000,999,1000,1000,1,106.1153
26970.0000,2697,2878.7439,0.0000,999,999,1000,1,105.8120
26980.0000,2698,2878.7879,0.0000,999,1000,998,1,105.2984
26990.0000,2699,2878.8323,0.0000,999,1000,1000,1,105.4199
27000.0000,2700,2878.8769,0.0000,999,1000,999,1,105.5408
27010.0000,2701,2878.9215,0.0000,1000,1000,1000,1,105.8719
27020.0000,2702,2878.9659,0.0000,1000,1000,1000,1,105.9921
27030.0000,2703,2879.0101,0.0000,999,1000,1000,1,105.9023
27040.0000,2704,2879.0548,0.0000,1000,1000,1000,1,106.2329
27050.0000,2705,2879.0987,0.0000,1000,999,1000,1,105.9332
27060.0000,2706,2879.1432,0.0000,1000,999,1000,1,106.0535
27070.0000,2707,2879.1873,0.0000,999,1000,1000,1,105.7542
27080.0000,2708,2879.2317,0.0000,999,1000,1000,1,106.0844
27090.0000,2709,2879.2760,0.0000,999,1000,1000,1,106.4144
27100.0000,2710,2879.3201,0.0000,999,999,1000,1,106.3235
27110.0000,2711,2879.3639,0.0000,1000,1000,1000,1,105.8130
27120.0000,2712,2879.4076,0.0000,1000,999,1000,1,105.3045
27130.0000,2713,2879.4516,0.0000,999,1000,1000,1,105.2158
27140.0000,2714,2879.4954,0.0000,1000,999,999,1,105.3360
27150.0000,2715,2879.5391,0.0000,999,999,999,1,105.2461
27160.0000,2716,2879.5825,0.0000,1000,1000,1000,1,105.1563
27170.0000,2717,2879.6265,0.0000,1000,1000,1000,1,104.8565
27180.0000,2718,2879.6703,0.0000,999,999,999,1,104.7658
27190.0000,2719,2879.7141,0.0000,1000,1000,1000,1,104.8849
27200.0000,2720,2879.7581,0.0000,1000,1000,1000,1,105.0040
27210.0000,2721,2879.8018,0.0000,999,1000,1000,1,104.7043
27220.0000,2722,2879.8452,0.0000,1000,999,1000,1,104.6147
27230.0000,2723,2879.8889,0.0000,1000,1000,1000,1,104.5246
27240.0000,2724,2879.9322,0.0000,999,999,1000,1,104.2244
27250.0000,2725,2879.9759,0.0000,1000,999,1000,1,104.3434
27260.0000,2726,2880.0194,0.0000,998,998,999,1,104.2519
27270.0000,2727,2880.0626,0.0000,999,999,999,1,103.9504
27280.0000,2728,2880.1062,0.0000,999,1000,999,1,104.0686
27290.0000,2729,2880.1497,0.0000,999,1000,1000,1,104.3967
27300.0000,2730,2880.1934,0.0000,999,1000,1000,1,104.7248
27310.0000,2731,2880.2369,0.0000,1000,1000,1000,1,104.8425
27320.0000,2732,2880.2803,0.0000,999,1000,1000,1,104.9600
27330.0000,2733,2880.3239,0.0000,999,1000,1000,1,105.0778
27340.0000,2734,2880.3671,0.0000,999,999,1000,1,105.1953
27350.0000,2735,2880.4100,0.0000,998,999,1000,1,105.1032
27360.0000,2736,2880.4529,0.0000,1000,1000,1000,1,105.0116
27370.0000,2737,2880.4953,0.0000,998,999,999,1,103.6739
27380.0000,2738,2880.5385,0.0000,999,999,1000,1,103.7940
27390.0000,2739,2880.5813,0.0000,1000,999,1000,1,103.2936
27400.0000,2740,2880.6243,0.0000,999,999,1000,1,103.0005
27410.0000,2741,2880.6674,0.0000,1000,1000,1000,1,102.7078
27420.0000,2742,2880.7101,0.0000,999,998,1000,1,102.4149
27430.0000,2743,2880.7531,0.0000,1000,1000,1000,1,102.5356
27440.0000,2744,2880.7962,0.0000,998,999,999,1,102.4499
27450.0000,2745,2880.8389,0.0000,1000,1000,1000,1,102.5705
27460.0000,2746,2880.8818,0.0000,999,999,1000,1,102.2775
27470.0000,2747,2880.9247,0.0000,999,999,1000,1,102.6043
27480.0000,2748,2880.9675,0.0000,999,999,1000,1,102.1038
27490.0000,2749,2881.0102,0.0000,1000,999,1000,1,102.0167
27500.0000,2750,2881.0529,0.0000,1000,999,1000,1,101.9299
27510.0000,2751,2881.0958,0.0000,1000,1000,1000,1,102.0499
27520.0000,2752,2881.1388,0.0000,999,999,1000,1,102.3762
27530.0000,2753,2881.1817,0.0000,999,1000,1000,1,102.4953
27540.0000,2754,2881.2243,0.0000,999,1000,999,1,101.9942
27550.0000,2755,2881.2663,0.0000,1000,1000,1000,1,101.0831
27560.0000,2756,2881.3092,0.0000,1000,1000,1000,1,101.4092
27570.0000,2757,2881.3520,0.0000,999,1000,1000,1,101.5293
27580.0000,2758,2881.3947,0.0000,999,1000,999,1,101.2368
27590.0000,2759,2881.4362,0.0000,997,999,999,1,100.7384
27600.0000,2760,2881.4783,0.0000,998,999,999,1,100.4477
27610.0000,2761,2881.5195,0.0000,997,999,998,1,100.1582
27620.0000,2762,2881.5604,0.0000,1000,999,999,1,99.4595
27630.0000,2763,2881.6029,0.0000,999,1000,1000,1,99.7854
27640.0000,2764,2881.6452,0.0000,999,1000,1000,1,99.7021
27650.0000,2765,2881.6877,0.0000,1000,1000,1000,1,100.0277
27660.0000,2766,2881.7299,0.0000,998,999,1000,1,99.7387
27670.0000,2767,2881.7717,0.0000,999,999,1000,1,99.6551
27680.0000,2768,2881.8141,0.0000,999,999,1000,1,99.7762
27690.0000,2769,2881.8563,0.0000,998,1000,999,1,99.6941
27700.0000,2770,2881.8984,0.0000,1000,999,1000,1,100.0190
27710.0000,2771,2881.9407,0.0000,1000,1000,1000,1,100.3438
27720.0000,2772,2881.9828,0.0000,999,999,1000,1,100.2606
27730.0000,2773,2882.0248,0.0000,999,999,1000,1,99.7707
27740.0000,2774,2882.0668,0.0000,999,1000,999,1,99.6892
27750.0000,2775,2882.1084,0.0000,999,999,1000,1,99.6088
27760.0000,2776,2882.1500,0.0000,998,1000,1000,1,99.5281
27770.0000,2777,2882.1920,0.0000,999,999,1000,1,99.4469
27780.0000,2778,2882.2340,0.0000,999,999,999,1,99.3654
27790.0000,2779,2882.2761,0.0000,999,999,999,1,99.4863
27800.0000,2780,2882.3179,0.0000,999,1000,999,1,99.4044
27810.0000,2781,2882.3599,0.0000,1000,1000,1000,1,99.7282
27820.0000,2782,2882.4020,0.0000,999,999,1000,1,99.8488
27830.0000,2783,2882.4439,0.0000,1000,1000,1000,1,99.9692
27840.0000,2784,2882.4859,0.0000,1000,1000,1000,1,100.2925
27850.0000,2785,2882.5280,0.0000,1000,1000,1000,1,100.6156
27860.0000,2786,2882.5696,0.0000,999,999,1000,1,100.5324
27870.0000,2787,2882.6109,0.0000,999,1000,1000,1,100.4494
27880.0000,2788,2882.6523,0.0000,1000,1000,1000,1,100.5690
27890.0000,2789,2882.6940,0.0000,999,1000,1000,1,100.6884
27900.0000,2790,2882.7359,0.0000,1000,1000,1000,1,101.0108
27910.0000,2791,2882.7772,0.0000,1000,1000,999,1,100.7218
27920.0000,2792,2882.8188,0.0000,1000,1000,1000,1,100.8401
27930.0000,2793,2882.8604,0.0000,999,999,999,1,100.9579
27940.0000,2794,2882.9017,0.0000,1000,1000,1000,1,101.0753
27950.0000,2795,2882.9431,0.0000,1000,999,999,1,100.7851
27960.0000,2796,2882.9843,0.0000,1000,1000,999,1,100.2926
27970.0000,2797,2883.0260,0.0000,999,999,999,1,100.2075
27980.0000,2798,2883.0670,0.0000,999,1000,1000,1,99.9202
27990.0000,2799,2883.1083,0.0000,999,999,1000,1,100.0391
28000.0000,2800,2883.1496,0.0000,999,1000,1000,1,99.9546
28010.0000,2801,2883.1911,0.0000,1000,1000,1000,1,100.0730
28020.0000,2802,2883.2324,0.0000,999,999,999,1,99.9900
28030.0000,2803,2883.2737,0.0000,999,1000,1000,1,100.3110
28040.0000,2804,2883.3147,0.0000,999,999,1000,1,100.0260
28050.0000,2805,2883.3557,0.0000,999,999,1000,1,99.7411
28060.0000,2806,2883.3964,0.0000,999,999,1000,1,99.2552
28070.0000,2807,2883.4374,0.0000,999,1000,1000,1,98.9724
28080.0000,2808,2883.4782,0.0000,1000,999,1000,1,98.4882
28090.0000,2809,2883.5191,0.0000,999,1000,999,1,98.2057
28100.0000,2810,2883.5599,0.0000,998,999,1000,1,97.5228
28110.0000,2811,2883.6004,0.0000,1000,1000,999,1,97.4435
28120.0000,2812,2883.6416,0.0000,999,999,1000,1,97.5645
28130.0000,2813,2883.6824,0.0000,999,999,999,1,97.4851
28140.0000,2814,2883.7230,0.0000,1000,1000,1000,1,97.4060
28150.0000,2815,2883.7640,0.0000,999,1000,1000,1,97.5271
28160.0000,2816,2883.8049,0.0000,1000,1000,1000,1,97.4486
28170.0000,2817,2883.8458,0.0000,999,999,1000,1,97.3705
28180.0000,2818,2883.8868,0.0000,999,1000,1000,1,97.2927
28190.0000,2819,2883.9276,0.0000,1000,1000,1000,1,97.6129
28200.0000,2820,2883.9680,0.0000,999,1000,1000,1,97.5337
28210.0000,2821,2884.0087,0.0000,999,1000,1000,1,97.4543
28220.0000,2822,2884.0494,0.0000,999,1000,1000,1,97.5741
28230.0000,2823,2884.0903,0.0000,1000,1000,1000,1,97.8938
28240.0000,2824,2884.1310,0.0000,999,1000,1000,1,97.8126
28250.0000,2825,2884.1714,0.0000,1000,999,1000,1,97.5313
28260.0000,2826,2884.2118,0.0000,998,998,999,1,97.4511
28270.0000,2827,2884.2514,0.0000,999,998,1000,1,97.1719
28280.0000,2828,2884.2915,0.0000,999,999,1000,1,96.8942
28290.0000,2829,2884.3311,0.0000,999,998,1000,1,96.6161
28300.0000,2830,2884.3701,0.0000,999,1000,1000,1,95.9421
28310.0000,2831,2884.4106,0.0000,999,999,999,1,95.6658
28320.0000,2832,2884.4510,0.0000,1000,1000,1000,1,95.9851
28330.0000,2833,2884.4917,0.0000,1000,1000,1000,1,96.3042
28340.0000,2834,2884.5324,0.0000,1000,1000,1000,1,96.6231
28350.0000,2835,2884.5726,0.0000,999,1000,1000,1,96.1451
28360.0000,2836,2884.6127,0.0000,1000,1000,1000,1,96.0665
28370.0000,2837,2884.6531,0.0000,999,999,1000,1,96.3851
28380.0000,2838,2884.6930,0.0000,998,1000,999,1,95.7124
28390.0000,2839,2884.7329,0.0000,1000,999,1000,1,95.6343
28400.0000,2840,2884.7731,0.0000,999,1000,1000,1,95.7543
28410.0000,2841,2884.8132,0.0000,998,999,998,1,95.6750
28420.0000,2842,2884.8526,0.0000,998,999,1000,1,95.1992
28430.0000,2843,2884.8926,0.0000,999,999,1000,1,95.1217
28440.0000,2844,2884.9326,0.0000,1000,1000,1000,1,95.0442
28450.0000,2845,2884.9725,0.0000,999,999,1000,1,94.7686
28460.0000,2846,2885.0125,0.0000,1000,1000,1000,1,94.6924
28470.0000,2847,2885.0526,0.0000,999,1000,1000,1,94.8135
28480.0000,2848,2885.0919,0.0000,999,1000,998,1,94.3448
28490.0000,2849,2885.1309,0.0000,998,998,1000,1,94.0745
28500.0000,2850,2885.1707,0.0000,999,1000,1000,1,94.1967
28510.0000,2851,2885.2104,0.0000,1000,999,1000,1,94.1226
28520.0000,2852,2885.2503,0.0000,999,999,1000,1,94.4402
28530.0000,2853,2885.2898,0.0000,999,1000,1000,1,94.1692
28540.0000,2854,2885.3295,0.0000,999,999,999,1,94.0949
28550.0000,2855,2885.3683,0.0000,999,999,999,1,93.2422
28560.0000,2856,2885.4080,0.0000,1000,1000,1000,1,92.9774
28570.0000,2857,2885.4479,0.0000,1000,999,1000,1,93.2949
28580.0000,2858,2885.4878,0.0000,999,1000,1000,1,93.6121
28590.0000,2859,2885.5275,0.0000,999,1000,1000,1,93.7344
28600.0000,2860,2885.5668,0.0000,998,999,999,1,93.6609
28610.0000,2861,2885.6065,0.0000,999,999,1000,1,93.9777
28620.0000,2862,2885.6460,0.0000,999,1000,1000,1,93.7092
28630.0000,2863,2885.6854,0.0000,1000,1000,1000,1,93.4432
28640.0000,2864,2885.7246,0.0000,998,999,998,1,93.1776
28650.0000,2865,2885.7633,0.0000,999,999,1000,1,93.4937
28660.0000,2866,2885.8023,0.0000,999,1000,999,1,93.0352
28670.0000,2867,2885.8416,0.0000,1000,1000,1000,1,92.7719
28680.0000,2868,2885.8811,0.0000,1000,999,1000,1,92.8952
28690.0000,2869,2885.9197,0.0000,999,999,999,1,92.0539
28700.0000,2870,2885.9590,0.0000,1000,1000,1000,1,92.3702
28710.0000,2871,2885.9984,0.0000,999,1000,999,1,92.4931
28720.0000,2872,2886.0376,0.0000,998,998,999,1,92.4223
28730.0000,2873,2886.0769,0.0000,1000,1000,1000,1,92.5446
28740.0000,2874,2886.1163,0.0000,999,1000,999,1,92.4730
28750.0000,2875,2886.1554,0.0000,999,1000,1000,1,92.5947
28760.0000,2876,2886.1947,0.0000,1000,1000,1000,1,92.7161
28770.0000,2877,2886.2339,0.0000,998,1000,999,1,92.8372
28780.0000,2878,2886.2725,0.0000,998,999,1000,1,92.5703
28790.0000,2879,2886.3115,0.0000,999,1000,1000,1,92.4987
28800.0000,2880,2886.3507,0.0000,999,1000,1000,1,92.6209
28810.0000,2881,2886.3898,0.0000,998,998,999,1,92.5507
28820.0000,2882,2886.4285,0.0000,1000,1000,1000,1,92.6729
28830.0000,2883,2886.4674,0.0000,1000,999,1000,1,92.6026
28840.0000,2884,2886.5061,0.0000,999,999,999,1,92.3395
28850.0000,2885,2886.5451,0.0000,1000,1000,1000,1,92.4618
28860.0000,2886,2886.5840,0.0000,999,1000,999,1,92.3915
28870.0000,2887,2886.6226,0.0000,999,1000,1000,1,92.3214
28880.0000,2888,2886.6615,0.0000,999,999,1000,1,92.4431
28890.0000,2889,2886.6994,0.0000,998,999,1000,1,91.6039
28900.0000,2890,2886.7380,0.0000,999,1000,1000,1,91.1541
28910.0000,2891,2886.7767,0.0000,999,1000,1000,1,90.8964
28920.0000,2892,2886.8156,0.0000,999,1000,1000,1,91.2108
28930.0000,2893,2886.8544,0.0000,999,999,1000,1,91.3341
28940.0000,2894,2886.8932,0.0000,999,1000,1000,1,91.6480
28950.0000,2895,2886.9318,0.0000,999,999,999,1,91.7714
28960.0000,2896,2886.9706,0.0000,999,1000,1000,1,92.0850
28970.0000,2897,2887.0094,0.0000,1000,999,1000,1,92.3984
28980.0000,2898,2887.0480,0.0000,1000,1000,1000,1,92.5204
28990.0000,2899,2887.0868,0.0000,1000,1000,1000,1,92.6422
29000.0000,2900,2887.1255,0.0000,999,1000,1000,1,92.9551
29010.0000,2901,2887.1640,0.0000,999,1000,1000,1,92.6941
29020.0000,2902,2887.2027,0.0000,1000,1000,1000,1,92.8155
29030.0000,2903,2887.2410,0.0000,999,999,1000,1,92.5548
29040.0000,2904,2887.2793,0.0000,999,999,999,1,92.1053
29050.0000,2905,2887.3173,0.0000,1000,1000,1000,1,91.6569
29060.0000,2906,2887.3553,0.0000,1000,1000,1000,1,91.5892
29070.0000,2907,2887.3937,0.0000,1000,1000,1000,1,91.7112
29080.0000,2908,2887.4323,0.0000,999,1000,1000,1,92.0235
29090.0000,2909,2887.4707,0.0000,999,1000,1000,1,92.3357
29100.0000,2910,2887.5091,0.0000,999,999,999,1,92.2650
29110.0000,2911,2887.5472,0.0000,999,999,999,1,92.1940
29120.0000,2912,2887.5849,0.0000,999,999,1000,1,91.7454
29130.0000,2913,2887.6232,0.0000,999,999,999,1,91.8673
29140.0000,2914,2887.6611,0.0000,999,999,999,1,91.8001
29150.0000,2915,2887.6993,0.0000,1000,1000,1000,1,92.1116
29160.0000,2916,2887.7375,0.0000,999,1000,1000,1,91.8557
29170.0000,2917,2887.7757,0.0000,1000,1000,1000,1,92.1670
29180.0000,2918,2887.8140,0.0000,999,1000,1000,1,92.4782
29190.0000,2919,2887.8521,0.0000,998,999,999,1,92.5997
29200.0000,2920,2887.8900,0.0000,999,1000,1000,1,92.7212
29210.0000,2921,2887.9280,0.0000,1000,999,1000,1,92.4640
29220.0000,2922,2887.9661,0.0000,1000,999,1000,1,92.7746
29230.0000,2923,2888.0042,0.0000,1000,999,999,1,92.8955
29240.0000,2924,2888.0417,0.0000,998,1000,999,1,92.8262
29250.0000,2925,2888.0794,0.0000,999,999,999,1,92.5688
29260.0000,2926,2888.1163,0.0000,998,999,999,1,91.7482
29270.0000,2927,2888.1542,0.0000,1000,1000,1000,1,91.6839
29280.0000,2928,2888.1918,0.0000,1000,1000,1000,1,91.6194
29290.0000,2929,2888.2298,0.0000,1000,999,1000,1,91.9296
29300.0000,2930,2888.2673,0.0000,1000,1000,999,1,91.8636
29310.0000,2931,2888.3050,0.0000,1000,999,1000,1,92.1734
29320.0000,2932,2888.3428,0.0000,999,1000,1000,1,92.2946
29330.0000,2933,2888.3804,0.0000,999,999,1000,1,92.2269
29340.0000,2934,2888.4174,0.0000,998,999,999,1,91.4092
29350.0000,2935,2888.4548,0.0000,997,998,998,1,91.1596
29360.0000,2936,2888.4917,0.0000,998,999,999,1,91.0978
29370.0000,2937,2888.5290,0.0000,1000,1000,1000,1,91.2216
29380.0000,2938,2888.5664,0.0000,1000,1000,1000,1,90.9744
29390.0000,2939,2888.6039,0.0000,1000,999,1000,1,90.9131
29400.0000,2940,2888.6406,0.0000,997,998,998,1,89.7493
29410.0000,2941,2888.6771,0.0000,1000,999,1000,1,88.9613
29420.0000,2942,2888.7147,0.0000,999,999,1000,1,89.2710
29430.0000,2943,2888.7518,0.0000,1000,999,1000,1,89.2147
29440.0000,2944,2888.7893,0.0000,1000,1000,1000,1,89.3412
29450.0000,2945,2888.8265,0.0000,999,999,999,1,88.9183
29460.0000,2946,2888.8634,0.0000,998,998,1000,1,88.4971
29470.0000,2947,2888.9005,0.0000,999,999,1000,1,88.6243
29480.0000,2948,2888.9374,0.0000,999,999,1000,1,88.2047
29490.0000,2949,2888.9746,0.0000,999,1000,1000,1,87.9682
29500.0000,2950,2889.0120,0.0000,1000,1000,1000,1,88.2774
29510.0000,2951,2889.0491,0.0000,999,999,999,1,87.8571
29520.0000,2952,2889.0861,0.0000,999,999,1000,1,87.8015
29530.0000,2953,2889.1229,0.0000,999,998,999,1,87.2010
29540.0000,2954,2889.1599,0.0000,998,999,999,1,86.9657
29550.0000,2955,2889.1972,0.0000,1000,1000,1000,1,87.2747
29560.0000,2956,2889.2342,0.0000,998,1000,1000,1,87.2198
29570.0000,2957,2889.2712,0.0000,998,999,999,1,87.3466
29580.0000,2958,2889.3080,0.0000,998,999,1000,1,87.2915
29590.0000,2959,2889.3448,0.0000,1000,1000,1000,1,87.0556
29600.0000,2960,2889.3821,0.0000,999,1000,1000,1,87.3640
29610.0000,2961,2889.4190,0.0000,999,1000,999,1,87.3086
29620.0000,2962,2889.4555,0.0000,1000,999,1000,1,87.0722
29630.0000,2963,2889.4922,0.0000,999,999,1000,1,86.8362
29640.0000,2964,2889.5290,0.0000,1000,1000,1000,1,86.9627
29650.0000,2965,2889.5652,0.0000,997,1000,998,1,86.1827
29660.0000,2966,2889.6017,0.0000,998,998,998,1,85.7666
29670.0000,2967,2889.6380,0.0000,1000,999,999,1,85.5325
29680.0000,2968,2889.6747,0.0000,999,999,1000,1,85.4794
29690.0000,2969,2889.7116,0.0000,1000,1000,1000,1,85.4269
29700.0000,2970,2889.7486,0.0000,1000,999,1000,1,85.7349
29710.0000,2971,2889.7849,0.0000,998,1000,1000,1,85.3207
29720.0000,2972,2889.8213,0.0000,999,1000,1000,1,84.9076
29730.0000,2973,2889.8581,0.0000,1000,1000,1000,1,85.2154
29740.0000,2974,2889.8949,0.0000,999,999,1000,1,85.1620
29750.0000,2975,2889.9315,0.0000,999,1000,999,1,84.5677
29760.0000,2976,2889.9679,0.0000,999,999,999,1,84.5151
29770.0000,2977,2890.0037,0.0000,999,999,1000,1,83.9247
29780.0000,2978,2890.0400,0.0000,999,1000,1000,1,83.3352
29790.0000,2979,2890.0765,0.0000,999,1000,1000,1,83.6430
29800.0000,2980,2890.1128,0.0000,1000,1000,1000,1,83.5908
29810.0000,2981,2890.1492,0.0000,999,1000,1000,1,83.7183
29820.0000,2982,2890.1856,0.0000,1000,999,1000,1,83.8454
29830.0000,2983,2890.2221,0.0000,999,999,999,1,83.9721
29840.0000,2984,2890.2582,0.0000,1000,1000,1000,1,83.9180
29850.0000,2985,2890.2947,0.0000,999,999,1000,1,83.8644
29860.0000,2986,2890.3310,0.0000,1000,1000,1000,1,83.8119
29870.0000,2987,2890.3676,0.0000,999,1000,1000,1,83.9389
29880.0000,2988,2890.4040,0.0000,999,999,1000,1,84.2455
29890.0000,2989,2890.4403,0.0000,1000,1000,1000,1,84.1925
29900.0000,2990,2890.4769,0.0000,999,1000,1000,1,84.4988
29910.0000,2991,2890.5134,0.0000,1000,1000,1000,1,84.8049
29920.0000,2992,2890.5496,0.0000,1000,1000,1000,1,84.9312
29930.0000,2993,2890.5858,0.0000,999,999,999,1,84.8777
29940.0000,2994,2890.6220,0.0000,1000,1000,1000,1,84.6449
29950.0000,2995,2890.6580,0.0000,1000,1000,999,1,84.2335
29960.0000,2996,2890.6937,0.0000,999,999,999,1,84.0037
29970.0000,2997,2890.7298,0.0000,999,999,1000,1,83.9539
29980.0000,2998,2890.7658,0.0000,999,999,1000,1,84.2595
29990.0000,2999,2890.8018,0.0000,1000,1000,1000,1,84.3869
30000.0000,3000,2890.8376,0.0000,999,999,1000,1,83.9805
30010.0000,3001,2890.8732,0.0000,1000,1000,1000,1,83.5747
30020.0000,3002,2890.9091,0.0000,1000,1000,1000,1,83.7022
30030.0000,3003,2890.9450,0.0000,1000,999,1000,1,83.6511
30040.0000,3004,2890.9810,0.0000,1000,1000,1000,1,83.6003
30050.0000,3005,2891.0169,0.0000,999,1000,1000,1,83.5511
30060.0000,3006,2891.0528,0.0000,999,1000,1000,1,83.5022
30070.0000,3007,2891.0888,0.0000,999,1000,1000,1,83.8070
30080.0000,3008,2891.1249,0.0000,999,1000,1000,1,83.9346
30090.0000,3009,2891.1609,0.0000,998,999,999,1,84.0620
30100.0000,3010,2891.1963,0.0000,1000,1000,1000,1,83.8365
30110.0000,3011,2891.2317,0.0000,999,999,1000,1,83.6125
30120.0000,3012,2891.2673,0.0000,998,998,998,1,83.5658
30130.0000,3013,2891.3025,0.0000,1000,1000,999,1,83.3439
30140.0000,3014,2891.3380,0.0000,1000,1000,1000,1,83.2978
30150.0000,3015,2891.3734,0.0000,999,999,1000,1,83.2513
30160.0000,3016,2891.4091,0.0000,999,1000,1000,1,83.3803
30170.0000,3017,2891.4447,0.0000,1000,1000,1000,1,83.1591
30180.0000,3018,2891.4803,0.0000,999,1000,1000,1,83.4629
30190.0000,3019,2891.5156,0.0000,998,1000,1000,1,82.8907
30200.0000,3020,2891.5510,0.0000,999,999,999,1,82.8437
30210.0000,3021,2891.5865,0.0000,1000,1000,1000,1,82.7964
30220.0000,3022,2891.6218,0.0000,999,999,1000,1,82.7489
30230.0000,3023,2891.6572,0.0000,999,999,1000,1,82.5259
30240.0000,3024,2891.6924,0.0000,999,1000,1000,1,82.3039
30250.0000,3025,2891.7279,0.0000,999,999,999,1,82.2578
30260.0000,3026,2891.7633,0.0000,999,1000,1000,1,82.2117
30270.0000,3027,2891.7986,0.0000,999,999,999,1,81.9920
30280.0000,3028,2891.8337,0.0000,1000,999,1000,1,81.7722
30290.0000,3029,2891.8692,0.0000,1000,1000,1000,1,82.0754
30300.0000,3030,2891.9045,0.0000,999,999,999,1,82.0290
30310.0000,3031,2891.9396,0.0000,999,1000,1000,1,82.1574
30320.0000,3032,2891.9749,0.0000,999,999,999,1,81.9365
30330.0000,3033,2892.0095,0.0000,1000,1000,1000,1,81.8914
30340.0000,3034,2892.0449,0.0000,1000,1000,1000,1,82.0200
30350.0000,3035,2892.0791,0.0000,999,1000,999,1,81.4537
30360.0000,3036,2892.1141,0.0000,1000,999,1000,1,81.4096
30370.0000,3037,2892.1494,0.0000,999,1000,1000,1,81.7121
30380.0000,3038,2892.1847,0.0000,1000,1000,1000,1,82.0144
30390.0000,3039,2892.2196,0.0000,999,999,1000,1,81.9696
30400.0000,3040,2892.2548,0.0000,1000,999,1000,1,82.0981
30410.0000,3041,2892.2900,0.0000,1000,1000,1000,1,82.2266
30420.0000,3042,2892.3251,0.0000,999,1000,1000,1,82.1822
30430.0000,3043,2892.3602,0.0000,1000,1000,1000,1,81.9651
30440.0000,3044,2892.3947,0.0000,998,998,998,1,81.5769
30450.0000,3045,2892.4292,0.0000,1000,1000,1000,1,81.7063
30460.0000,3046,2892.4643,0.0000,1000,1000,1000,1,82.0078
30470.0000,3047,2892.4994,0.0000,999,1000,1000,1,82.3091
30480.0000,3048,2892.5345,0.0000,1000,999,1000,1,82.6101
30490.0000,3049,2892.5694,0.0000,999,1000,1000,1,82.3926
30500.0000,3050,2892.6044,0.0000,1000,999,1000,1,82.6935
30510.0000,3051,2892.6393,0.0000,999,1000,1000,1,82.8210
30520.0000,3052,2892.6738,0.0000,999,999,1000,1,82.6036
30530.0000,3053,2892.7087,0.0000,1000,999,1000,1,82.7316
30540.0000,3054,2892.7428,0.0000,999,999,999,1,82.3430
30550.0000,3055,2892.7775,0.0000,999,999,1000,1,82.3013
30560.0000,3056,2892.8120,0.0000,999,1000,1000,1,81.9207
30570.0000,3057,2892.8468,0.0000,1000,999,1000,1,81.8831
30580.0000,3058,2892.8814,0.0000,1000,1000,1000,1,81.8451
30590.0000,3059,2892.9160,0.0000,1000,1000,1000,1,81.9763
30600.0000,3060,2892.9506,0.0000,1000,1000,1000,1,81.9382
30610.0000,3061,2892.9852,0.0000,999,999,999,1,81.8997
30620.0000,3062,2893.0196,0.0000,1000,1000,1000,1,81.5244
30630.0000,3063,2893.0541,0.0000,999,1000,1000,1,81.4875
30640.0000,3064,2893.0885,0.0000,998,998,998,1,81.1150
30650.0000,3065,2893.1226,0.0000,1000,1000,1000,1,81.2471
30660.0000,3066,2893.1570,0.0000,999,999,1000,1,81.0492
30670.0000,3067,2893.1912,0.0000,999,1000,1000,1,80.8548
30680.0000,3068,2893.2254,0.0000,1000,1000,1000,1,80.8251
30690.0000,3069,2893.2600,0.0000,999,1000,1000,1,81.1246
30700.0000,3070,2893.2945,0.0000,1000,1000,1000,1,81.4239
30710.0000,3071,2893.3290,0.0000,1000,999,1000,1,81.0646
30720.0000,3072,2893.3631,0.0000,999,1000,1000,1,80.8701
30730.0000,3073,2893.3972,0.0000,999,999,1000,1,80.6769
30740.0000,3074,2893.4314,0.0000,1000,999,999,1,80.4842
30750.0000,3075,2893.4656,0.0000,1000,999,1000,1,80.2910
30760.0000,3076,2893.4993,0.0000,1000,1000,1000,1,80.0999
30770.0000,3077,2893.5333,0.0000,998,1000,1000,1,79.9084
30780.0000,3078,2893.5675,0.0000,1000,1000,999,1,79.8803
30790.0000,3079,2893.6017,0.0000,1000,999,999,1,80.0158
30800.0000,3080,2893.6349,0.0000,998,999,1000,1,79.3354
30810.0000,3081,2893.6688,0.0000,1000,1000,1000,1,79.1452
30820.0000,3082,2893.7031,0.0000,999,999,1000,1,79.2810
30830.0000,3083,2893.7365,0.0000,1000,1000,1000,1,79.0897
30840.0000,3084,2893.7706,0.0000,999,1000,1000,1,79.2247
30850.0000,3085,2893.8043,0.0000,999,1000,1000,1,78.7057
30860.0000,3086,2893.8385,0.0000,999,999,999,1,78.8406
30870.0000,3087,2893.8723,0.0000,998,1000,999,1,78.3230
30880.0000,3088,2893.9056,0.0000,998,998,999,1,78.2954
30890.0000,3089,2893.9397,0.0000,1000,999,1000,1,78.5937
30900.0000,3090,2893.9736,0.0000,1000,1000,1000,1,78.4035
30910.0000,3091,2894.0075,0.0000,1000,1000,1000,1,78.0510
30920.0000,3092,2894.0414,0.0000,1000,999,998,1,77.8614
30930.0000,3093,2894.0743,0.0000,998,1000,1000,1,77.8340
30940.0000,3094,2894.1082,0.0000,999,1000,1000,1,78.1320
30950.0000,3095,2894.1422,0.0000,999,999,1000,1,78.4299
30960.0000,3096,2894.1754,0.0000,998,1000,999,1,77.7509
30970.0000,3097,2894.2092,0.0000,1000,1000,1000,1,77.8863
30980.0000,3098,2894.2425,0.0000,1000,999,1000,1,77.6973
30990.0000,3099,2894.2764,0.0000,999,999,1000,1,77.8327
31000.0000,3100,2894.3098,0.0000,1000,999,1000,1,77.4840
31010.0000,3101,2894.3436,0.0000,1000,1000,1000,1,77.6207
31020.0000,3102,2894.3773,0.0000,1000,1000,1000,1,77.7573
31030.0000,3103,2894.4110,0.0000,1000,1000,1000,1,77.7329
31040.0000,3104,2894.4447,0.0000,1000,999,1000,1,77.8693
31050.0000,3105,2894.4786,0.0000,1000,1000,1000,1,78.1663
31060.0000,3106,2894.5119,0.0000,1000,1000,1000,1,77.6612
31070.0000,3107,2894.5453,0.0000,999,999,1000,1,77.6380
31080.0000,3108,2894.5786,0.0000,999,999,1000,1,77.6149
31090.0000,3109,2894.6120,0.0000,999,999,999,1,77.5920
31100.0000,3110,2894.6455,0.0000,999,1000,1000,1,77.8885
31110.0000,3111,2894.6791,0.0000,1000,1000,1000,1,78.0248
31120.0000,3112,2894.7128,0.0000,999,1000,1000,1,78.3211
31130.0000,3113,2894.7465,0.0000,1000,1000,1000,1,78.6172
31140.0000,3114,2894.7802,0.0000,1000,1000,1000,1,78.9131
31150.0000,3115,2894.8137,0.0000,998,999,1000,1,78.8868
31160.0000,3116,2894.8469,0.0000,1000,1000,1000,1,78.7004
31170.0000,3117,2894.8802,0.0000,999,999,999,1,78.3542
31180.0000,3118,2894.9136,0.0000,1000,1000,1000,1,78.6497
31190.0000,3119,2894.9470,0.0000,999,1000,1000,1,78.7846
31200.0000,3120,2894.9804,0.0000,999,1000,1000,1,78.9189
31210.0000,3121,2895.0135,0.0000,999,999,999,1,79.0528
31220.0000,3122,2895.0465,0.0000,1000,1000,1000,1,78.8651
31230.0000,3123,2895.0785,0.0000,997,998,998,1,78.2008
31240.0000,3124,2895.1101,0.0000,999,998,998,1,77.6998
31250.0000,3125,2895.1431,0.0000,1000,1000,999,1,77.6767
31260.0000,3126,2895.1758,0.0000,999,1000,999,1,77.6538
31270.0000,3127,2895.2090,0.0000,999,1000,1000,1,77.9487
31280.0000,3128,2895.2423,0.0000,999,1000,1000,1,77.9249
31290.0000,3129,2895.2753,0.0000,999,1000,1000,1,77.7429
31300.0000,3130,2895.3083,0.0000,999,999,999,1,77.5614
31310.0000,3131,2895.3411,0.0000,999,999,1000,1,77.2244
31320.0000,3132,2895.3743,0.0000,1000,1000,1000,1,77.2041
31330.0000,3133,2895.4070,0.0000,999,1000,1000,1,76.7127
31340.0000,3134,2895.4401,0.0000,1000,1000,1000,1,76.6942
31350.0000,3135,2895.4732,0.0000,1000,1000,1000,1,76.9887
31360.0000,3136,2895.5061,0.0000,998,998,1000,1,76.9686
31370.0000,3137,2895.5389,0.0000,999,1000,1000,1,77.2629
31380.0000,3138,2895.5718,0.0000,999,1000,1000,1,77.0849
31390.0000,3139,2895.6046,0.0000,998,999,1000,1,76.9074
31400.0000,3140,2895.6374,0.0000,999,1000,1000,1,76.8873
31410.0000,3141,2895.6703,0.0000,999,1000,1000,1,77.0248
31420.0000,3142,2895.7027,0.0000,1000,999,1000,1,76.8492
31430.0000,3143,2895.7356,0.0000,999,999,1000,1,76.9868
31440.0000,3144,2895.7682,0.0000,999,1000,1000,1,77.1238
31450.0000,3145,2895.8010,0.0000,1000,1000,1000,1,77.2606
31460.0000,3146,2895.8337,0.0000,1000,1000,1000,1,77.2402
31470.0000,3147,2895.8663,0.0000,999,1000,1000,1,77.3764
31480.0000,3148,2895.8989,0.0000,999,999,1000,1,77.3554
31490.0000,3149,2895.9317,0.0000,999,1000,1000,1,77.4913
31500.0000,3150,2895.9646,0.0000,1000,1000,1000,1,77.7842
31510.0000,3151,2895.9972,0.0000,1000,1000,1000,1,77.7617
31520.0000,3152,2896.0300,0.0000,999,999,1000,1,78.0543
31530.0000,3153,2896.0627,0.0000,1000,1000,1000,1,78.3467
31540.0000,3154,2896.0952,0.0000,998,999,1000,1,78.4805
31550.0000,3155,2896.1275,0.0000,1000,1000,1000,1,78.1407
31560.0000,3156,2896.1601,0.0000,999,999,1000,1,78.2751
31570.0000,3157,2896.1922,0.0000,998,1000,1000,1,77.9361
31580.0000,3158,2896.2247,0.0000,1000,1000,1000,1,77.9127
31590.0000,3159,2896.2569,0.0000,1000,1000,1000,1,77.7308
31600.0000,3160,2896.2892,0.0000,999,999,1000,1,77.5507
31610.0000,3161,2896.3218,0.0000,999,1000,1000,1,77.5283
31620.0000,3162,2896.3536,0.0000,999,999,1000,1,77.3483
31630.0000,3163,2896.3858,0.0000,1000,1000,1000,1,77.1689
31640.0000,3164,2896.4184,0.0000,999,1000,1000,1,77.4606
31650.0000,3165,2896.4511,0.0000,999,1000,1000,1,77.7520
31660.0000,3166,2896.4834,0.0000,999,1000,1000,1,77.8857
31670.0000,3167,2896.5158,0.0000,999,999,1000,1,78.0190
31680.0000,3168,2896.5481,0.0000,1000,1000,1000,1,78.1530
31690.0000,3169,2896.5806,0.0000,999,999,999,1,78.1290
31700.0000,3170,2896.6131,0.0000,999,1000,1000,1,78.4198
31710.0000,3171,2896.6452,0.0000,998,1000,999,1,78.3950
31720.0000,3172,2896.6775,0.0000,1000,999,1000,1,78.6856
31730.0000,3173,2896.7096,0.0000,999,999,1000,1,78.6600
31740.0000,3174,2896.7418,0.0000,1000,1000,1000,1,78.7922
31750.0000,3175,2896.7740,0.0000,1000,999,1000,1,78.7657
31760.0000,3176,2896.8062,0.0000,999,1000,1000,1,78.7389
31770.0000,3177,2896.8381,0.0000,999,1000,1000,1,78.2396
31780.0000,3178,2896.8700,0.0000,1000,1000,999,1,78.0570
31790.0000,3179,2896.9023,0.0000,999,999,1000,1,78.3470
31800.0000,3180,2896.9340,0.0000,997,998,999,1,78.1647
31810.0000,3181,2896.9660,0.0000,999,1000,1000,1,78.2977
31820.0000,3182,2896.9981,0.0000,998,999,999,1,78.4304
31830.0000,3183,2897.0301,0.0000,1000,1000,1000,1,78.4060
31840.0000,3184,2897.0622,0.0000,1000,999,1000,1,78.6954
31850.0000,3185,2897.0941,0.0000,999,999,1000,1,78.8271
31860.0000,3186,2897.1261,0.0000,999,999,1000,1,78.9583
31870.0000,3187,2897.1580,0.0000,999,999,1000,1,78.9317
31880.0000,3188,2897.1898,0.0000,1000,1000,1000,1,79.0624
31890.0000,3189,2897.2218,0.0000,999,1000,1000,1,79.0347
31900.0000,3190,2897.2538,0.0000,1000,999,1000,1,79.1649
31910.0000,3191,2897.2856,0.0000,999,1000,1000,1,79.2949
31920.0000,3192,2897.3173,0.0000,1000,1000,999,1,79.2659
31930.0000,3193,2897.3488,0.0000,999,999,1000,1,79.0782
31940.0000,3194,2897.3806,0.0000,999,999,1000,1,79.2075
31950.0000,3195,2897.4123,0.0000,999,999,1000,1,79.1777
31960.0000,3196,2897.4439,0.0000,999,999,999,1,78.9900
31970.0000,3197,2897.4754,0.0000,1000,1000,1000,1,78.9616
31980.0000,3198,2897.5073,0.0000,999,999,1000,1,79.2496
31990.0000,3199,2897.5390,0.0000,1000,1000,1000,1,79.2221
32000.0000,3200,2897.5709,0.0000,1000,1000,1000,1,79.5099
32010.0000,3201,2897.6026,0.0000,1000,999,1000,1,79.4811
32020.0000,3202,2897.6343,0.0000,1000,1000,1000,1,79.4525
32030.0000,3203,2897.6662,0.0000,1000,1000,1000,1,79.7399
32040.0000,3204,2897.6978,0.0000,1000,1000,1000,1,79.5522
32050.0000,3205,2897.7295,0.0000,1000,1000,1000,1,79.6811
32060.0000,3206,2897.7601,0.0000,1000,998,998,1,79.1772
32070.0000,3207,2897.7912,0.0000,998,999,999,1,78.8361
32080.0000,3208,2897.8228,0.0000,1000,1000,1000,1,79.1232
32090.0000,3209,2897.8544,0.0000,1000,999,1000,1,79.2530
32100.0000,3210,2897.8860,0.0000,1000,1000,1000,1,79.2255
32110.0000,3211,2897.9175,0.0000,1000,999,1000,1,79.3553
32120.0000,3212,2897.9489,0.0000,1000,1000,1000,1,79.1712
32130.0000,3213,2897.9802,0.0000,1000,999,1000,1,78.9888
32140.0000,3214,2898.0117,0.0000,998,999,999,1,79.1186
32150.0000,3215,2898.0431,0.0000,1000,1000,999,1,79.2483
32160.0000,3216,2898.0746,0.0000,1000,999,1000,1,79.5345
32170.0000,3217,2898.1060,0.0000,1000,1000,1000,1,79.5065
32180.0000,3218,2898.1373,0.0000,999,999,999,1,79.3211
32190.0000,3219,2898.1684,0.0000,1000,999,1000,1,79.2934
32200.0000,3220,2898.1997,0.0000,999,1000,1000,1,79.4227
32210.0000,3221,2898.2310,0.0000,1000,1000,1000,1,79.5518
32220.0000,3222,2898.2623,0.0000,1000,1000,1000,1,79.5233
32230.0000,3223,2898.2934,0.0000,1000,999,1000,1,79.4946
32240.0000,3224,2898.3244,0.0000,1000,1000,1000,1,79.3093
32250.0000,3225,2898.3556,0.0000,1000,1000,1000,1,79.1251
32260.0000,3226,2898.3865,0.0000,999,999,999,1,78.7846
32270.0000,3227,2898.4175,0.0000,1000,1000,1000,1,78.9140
32280.0000,3228,2898.4485,0.0000,999,999,1000,1,78.8867
32290.0000,3229,2898.4795,0.0000,999,999,999,1,79.0155
32300.0000,3230,2898.5105,0.0000,1000,999,999,1,78.9874
32310.0000,3231,2898.5417,0.0000,999,1000,1000,1,79.2724
32320.0000,3232,2898.5729,0.0000,1000,1000,1000,1,79.5573
32330.0000,3233,2898.6038,0.0000,998,1000,1000,1,79.6851
32340.0000,3234,2898.6346,0.0000,1000,1000,1000,1,79.8128
32350.0000,3235,2898.6656,0.0000,999,1000,1000,1,80.0972
32360.0000,3236,2898.6964,0.0000,999,1000,1000,1,79.7529
32370.0000,3237,2898.7272,0.0000,999,999,1000,1,79.8808
32380.0000,3238,2898.7580,0.0000,999,999,999,1,79.6972
32390.0000,3239,2898.7890,0.0000,999,1000,1000,1,79.6700
32400.0000,3240,2898.8199,0.0000,999,1000,1000,1,79.6430
32410.0000,3241,2898.8508,0.0000,999,1000,1000,1,79.4601
32420.0000,3242,2898.8817,0.0000,999,1000,1000,1,79.5883
32430.0000,3243,2898.9128,0.0000,999,1000,1000,1,79.8721
32440.0000,3244,2898.9431,0.0000,1000,998,1000,1,79.8430
32450.0000,3245,2898.9737,0.0000,999,1000,1000,1,79.9700
32460.0000,3246,2899.0043,0.0000,999,999,999,1,79.4716
32470.0000,3247,2899.0348,0.0000,999,999,999,1,79.2865
32480.0000,3248,2899.0654,0.0000,999,999,1000,1,79.2574
32490.0000,3249,2899.0963,0.0000,999,999,1000,1,79.5408
32500.0000,3250,2899.1269,0.0000,999,1000,1000,1,79.3545
32510.0000,3251,2899.1572,0.0000,999,999,1000,1,78.7008
32520.0000,3252,2899.1877,0.0000,999,999,1000,1,78.6730
32530.0000,3253,2899.2179,0.0000,1000,1000,1000,1,78.6451
32540.0000,3254,2899.2486,0.0000,998,999,999,1,78.7725
32550.0000,3255,2899.2792,0.0000,999,999,1000,1,79.0555
32560.0000,3256,2899.3098,0.0000,1000,1000,1000,1,79.1825
32570.0000,3257,2899.3404,0.0000,998,1000,999,1,79.3089
32580.0000,3258,2899.3709,0.0000,1000,1000,1000,1,79.4353
32590.0000,3259,2899.4015,0.0000,999,1000,1000,1,79.4053
32600.0000,3260,2899.4321,0.0000,999,1000,1000,1,79.6877
32610.0000,3261,2899.4628,0.0000,999,1000,1000,1,79.9699
32620.0000,3262,2899.4932,0.0000,999,1000,1000,1,80.0950
32630.0000,3263,2899.5236,0.0000,998,997,998,1,79.9075
32640.0000,3264,2899.5534,0.0000,999,1000,1000,1,79.8768
32650.0000,3265,2899.5836,0.0000,998,998,999,1,79.8457
32660.0000,3266,2899.6135,0.0000,1000,1000,1000,1,79.5016
32670.0000,3267,2899.6439,0.0000,1000,1000,1000,1,79.6267
32680.0000,3268,2899.6743,0.0000,999,999,999,1,79.7518
32690.0000,3269,2899.7048,0.0000,999,1000,1000,1,79.8767
32700.0000,3270,2899.7350,0.0000,1000,999,1000,1,79.8450
32710.0000,3271,2899.7653,0.0000,1000,1000,999,1,79.8134
32720.0000,3272,2899.7956,0.0000,1000,999,1000,1,79.7813
32730.0000,3273,2899.8246,0.0000,997,998,999,1,78.9669
32740.0000,3274,2899.8548,0.0000,999,999,999,1,79.0917
32750.0000,3275,2899.8843,0.0000,999,999,999,1,78.9032
32760.0000,3276,2899.9143,0.0000,1000,999,1000,1,78.7159
32770.0000,3277,2899.9444,0.0000,999,1000,1000,1,78.6854
32780.0000,3278,2899.9747,0.0000,999,999,1000,1,78.9665
32790.0000,3279,2900.0048,0.0000,1000,1000,1000,1,78.7797
32800.0000,3280,2900.0349,0.0000,1000,1000,999,1,78.9047
32810.0000,3281,2900.0652,0.0000,1000,1000,1000,1,79.1855
32820.0000,3282,2900.0954,0.0000,1000,1000,1000,1,79.3099
32830.0000,3283,2900.1255,0.0000,999,1000,1000,1,79.2790
32840.0000,3284,2900.1556,0.0000,1000,1000,1000,1,79.4038
32850.0000,3285,2900.1856,0.0000,999,999,1000,1,78.9058
32860.0000,3286,2900.2156,0.0000,999,999,1000,1,79.1861
32870.0000,3287,2900.2454,0.0000,998,1000,999,1,79.1546
32880.0000,3288,2900.2755,0.0000,999,1000,1000,1,79.2790
32890.0000,3289,2900.3057,0.0000,1000,1000,1000,1,79.5589
32900.0000,3290,2900.3357,0.0000,999,999,999,1,79.5266
32910.0000,3291,2900.3655,0.0000,1000,1000,1000,1,79.6501
32920.0000,3292,2900.3955,0.0000,1000,1000,1000,1,79.6174
32930.0000,3293,2900.4253,0.0000,998,999,1000,1,79.4291
32940.0000,3294,2900.4550,0.0000,999,1000,1000,1,79.0896
32950.0000,3295,2900.4849,0.0000,999,999,1000,1,79.3691
32960.0000,3296,2900.5147,0.0000,999,1000,1000,1,79.1858
32970.0000,3297,2900.5444,0.0000,998,999,999,1,79.0040
32980.0000,3298,2900.5738,0.0000,999,1000,1000,1,78.6708
32990.0000,3299,2900.6033,0.0000,999,999,1000,1,78.6445
33000.0000,3300,2900.6332,0.0000,1000,999,1000,1,78.7711
33010.0000,3301,2900.6626,0.0000,1000,999,999,1,78.5912
33020.0000,3302,2900.6923,0.0000,999,1000,1000,1,78.4116
33030.0000,3303,2900.7220,0.0000,1000,999,1000,1,78.3845
33040.0000,3304,2900.7518,0.0000,1000,1000,1000,1,78.5105
33050.0000,3305,2900.7817,0.0000,1000,999,1000,1,78.7893
33060.0000,3306,2900.8114,0.0000,999,999,1000,1,78.9143
33070.0000,3307,2900.8410,0.0000,999,1000,1000,1,79.0395
33080.0000,3308,2900.8708,0.0000,1000,1000,1000,1,79.1645
33090.0000,3309,2900.9003,0.0000,999,1000,1000,1,79.2893
33100.0000,3310,2900.9301,0.0000,999,999,1000,1,79.4141
33110.0000,3311,2900.9591,0.0000,998,1000,1000,1,79.0790
33120.0000,3312,2900.9887,0.0000,1000,1000,1000,1,79.2040
33130.0000,3313,2901.0183,0.0000,1000,1000,1000,1,79.3285
33140.0000,3314,2901.0479,0.0000,1000,1000,1000,1,79.6063
33150.0000,3315,2901.0775,0.0000,999,1000,1000,1,79.7301
33160.0000,3316,2901.1069,0.0000,999,1000,1000,1,79.6999
33170.0000,3317,2901.1362,0.0000,999,999,1000,1,79.5153
33180.0000,3318,2901.1655,0.0000,1000,1000,999,1,79.3307
33190.0000,3319,2901.1950,0.0000,1000,1000,1000,1,79.3001
33200.0000,3320,2901.2244,0.0000,1000,1000,1000,1,79.2693
33210.0000,3321,2901.2539,0.0000,1000,999,1000,1,79.3924
33220.0000,3322,2901.2831,0.0000,999,1000,1000,1,79.2068
33230.0000,3323,2901.3127,0.0000,1000,1000,1000,1,79.3295
33240.0000,3324,2901.3421,0.0000,999,1000,1000,1,79.4519
33250.0000,3325,2901.3712,0.0000,999,999,1000,1,79.4193
33260.0000,3326,2901.4005,0.0000,999,1000,999,1,79.3869
33270.0000,3327,2901.4299,0.0000,999,999,1000,1,79.6636
33280.0000,3328,2901.4589,0.0000,1000,1000,1000,1,79.6306
33290.0000,3329,2901.4881,0.0000,999,1000,1000,1,79.4431
33300.0000,3330,2901.5171,0.0000,1000,998,1000,1,79.4106
33310.0000,3331,2901.5463,0.0000,1000,1000,1000,1,79.3786
33320.0000,3332,2901.5756,0.0000,999,1000,1000,1,79.6549
33330.0000,3333,2901.6048,0.0000,1000,1000,1000,1,79.7765
33340.0000,3334,2901.6338,0.0000,1000,1000,1000,1,79.1277
33350.0000,3335,2901.6628,0.0000,1000,999,1000,1,78.9445
33360.0000,3336,2901.6919,0.0000,999,1000,1000,1,78.7614
33370.0000,3337,2901.7209,0.0000,998,1000,1000,1,78.5787
33380.0000,3338,2901.7501,0.0000,998,999,999,1,78.5487
33390.0000,3339,2901.7787,0.0000,1000,1000,1000,1,78.5185
33400.0000,3340,2901.8078,0.0000,999,999,1000,1,78.4884
33410.0000,3341,2901.8365,0.0000,1000,1000,1000,1,78.4581
33420.0000,3342,2901.8652,0.0000,998,998,1000,1,78.4275
33430.0000,3343,2901.8941,0.0000,1000,1000,1000,1,78.3967
33440.0000,3344,2901.9232,0.0000,1000,1000,1000,1,78.5189
33450.0000,3345,2901.9522,0.0000,999,1000,1000,1,78.6408
33460.0000,3346,2901.9810,0.0000,998,998,999,1,78.4566
33470.0000,3347,2902.0097,0.0000,1000,999,1000,1,78.4261
33480.0000,3348,2902.0388,0.0000,1000,1000,1000,1,78.7013
33490.0000,3349,2902.0674,0.0000,1000,999,999,1,78.3646
33500.0000,3350,2902.0962,0.0000,999,999,999,1,78.0285
33510.0000,3351,2902.1251,0.0000,999,999,1000,1,78.1510
33520.0000,3352,2902.1540,0.0000,1000,1000,1000,1,77.9687
33530.0000,3353,2902.1826,0.0000,999,999,999,1,77.4820
33540.0000,3354,2902.2114,0.0000,1000,1000,1000,1,77.7569
33550.0000,3355,2902.2404,0.0000,1000,999,1000,1,78.0318
33560.0000,3356,2902.2691,0.0000,1000,999,1000,1,78.1539
33570.0000,3357,2902.2978,0.0000,999,999,999,1,77.9701
33580.0000,3358,2902.3265,0.0000,999,999,1000,1,78.0920
33590.0000,3359,2902.3553,0.0000,999,1000,1000,1,78.3665
33600.0000,3360,2902.3841,0.0000,999,1000,1000,1,78.4876
33610.0000,3361,2902.4129,0.0000,999,1000,999,1,78.6083
33620.0000,3362,2902.4415,0.0000,999,1000,1000,1,78.7290
33630.0000,3363,2902.4702,0.0000,999,1000,1000,1,79.0029
33640.0000,3364,2902.4986,0.0000,998,998,998,1,78.6628
33650.0000,3365,2902.5256,0.0000,1000,1000,1000,1,78.3229
33660.0000,3366,2902.5542,0.0000,999,1000,1000,1,78.4433
33670.0000,3367,2902.5826,0.0000,999,1000,1000,1,78.4105
33680.0000,3368,2902.6109,0.0000,999,999,1000,1,78.2254
33690.0000,3369,2902.6395,0.0000,999,1000,1000,1,78.1933
33700.0000,3370,2902.6682,0.0000,1000,999,1000,1,78.4668
33710.0000,3371,2902.6958,0.0000,998,998,998,1,77.9746
33720.0000,3372,2902.7241,0.0000,1000,1000,1000,1,77.9417
33730.0000,3373,2902.7528,0.0000,1000,1000,1000,1,78.2151
33740.0000,3374,2902.7812,0.0000,998,998,999,1,78.3346
33750.0000,3375,2902.8094,0.0000,999,1000,1000,1,78.1485
33760.0000,3376,2902.8379,0.0000,999,1000,1000,1,78.2689
33770.0000,3377,2902.8660,0.0000,1000,1000,1000,1,78.2368
33780.0000,3378,2902.8946,0.0000,1000,1000,1000,1,78.3569
33790.0000,3379,2902.9230,0.0000,1000,1000,1000,1,78.4770
33800.0000,3380,2902.9515,0.0000,998,999,999,1,78.5965
33810.0000,3381,2902.9791,0.0000,999,1000,1000,1,78.1056
33820.0000,3382,2903.0073,0.0000,999,1000,999,1,77.7682
33830.0000,3383,2903.0356,0.0000,1000,1000,1000,1,77.8883
33840.0000,3384,2903.0636,0.0000,998,998,999,1,77.0944
33850.0000,3385,2903.0919,0.0000,1000,1000,1000,1,77.0631
33860.0000,3386,2903.1202,0.0000,1000,1000,1000,1,77.1838
33870.0000,3387,2903.1485,0.0000,998,998,999,1,77.3042
33880.0000,3388,2903.1765,0.0000,999,1000,1000,1,77.2730
33890.0000,3389,2903.2048,0.0000,999,1000,1000,1,77.5453
33900.0000,3390,2903.2330,0.0000,999,999,1000,1,77.6654
33910.0000,3391,2903.2611,0.0000,1000,1000,999,1,77.1794
33920.0000,3392,2903.2895,0.0000,1000,1000,1000,1,77.4514
33930.0000,3393,2903.3176,0.0000,1000,1000,1000,1,77.5717
33940.0000,3394,2903.3458,0.0000,999,999,1000,1,77.8434
33950.0000,3395,2903.3739,0.0000,1000,999,1000,1,77.9630
33960.0000,3396,2903.4021,0.0000,1000,1000,1000,1,78.2345
33970.0000,3397,2903.4305,0.0000,999,999,1000,1,78.5059
33980.0000,3398,2903.4587,0.0000,1000,1000,1000,1,78.7770
33990.0000,3399,2903.4868,0.0000,999,1000,1000,1,78.8951
34000.0000,3400,2903.5149,0.0000,999,1000,1000,1,79.0130
34010.0000,3401,2903.5430,0.0000,999,999,1000,1,79.1309
34020.0000,3402,2903.5711,0.0000,1000,1000,1000,1,79.2487
34030.0000,3403,2903.5993,0.0000,999,1000,1000,1,79.5192
34040.0000,3404,2903.6269,0.0000,999,1000,999,1,79.1775
34050.0000,3405,2903.6549,0.0000,1000,999,1000,1,79.4478
34060.0000,3406,2903.6825,0.0000,999,1000,1000,1,79.4118
34070.0000,3407,2903.7101,0.0000,1000,1000,1000,1,79.2233
34080.0000,3408,2903.7383,0.0000,999,1000,1000,1,79.4935
34090.0000,3409,2903.7662,0.0000,999,1000,999,1,79.3046
34100.0000,3410,2903.7940,0.0000,999,1000,1000,1,79.4217
34110.0000,3411,2903.8219,0.0000,1000,1000,1000,1,79.5386
34120.0000,3412,2903.8497,0.0000,999,1000,999,1,79.5017
34130.0000,3413,2903.8773,0.0000,999,999,999,1,79.0041
34140.0000,3414,2903.9052,0.0000,999,999,999,1,79.1202
34150.0000,3415,2903.9327,0.0000,998,998,1000,1,78.7764
34160.0000,3416,2903.9601,0.0000,1000,1000,1000,1,78.4400
34170.0000,3417,2903.9881,0.0000,1000,1000,1000,1,78.7097
34180.0000,3418,2904.0161,0.0000,1000,1000,1000,1,78.8277
34190.0000,3419,2904.0440,0.0000,999,1000,1000,1,78.9456
34200.0000,3420,2904.0717,0.0000,999,1000,1000,1,79.0634
34210.0000,3421,2904.0995,0.0000,1000,1000,999,1,79.0294
34220.0000,3422,2904.1273,0.0000,1000,1000,1000,1,79.2986
34230.0000,3423,2904.1548,0.0000,999,999,999,1,79.1123
34240.0000,3424,2904.1823,0.0000,1000,998,999,1,78.7743
34250.0000,3425,2904.2099,0.0000,1000,1000,1000,1,78.8915
34260.0000,3426,2904.2377,0.0000,1000,999,1000,1,79.1604
34270.0000,3427,2904.2646,0.0000,999,1000,999,1,78.3688
34280.0000,3428,2904.2921,0.0000,999,1000,1000,1,78.4869
34290.0000,3429,2904.3198,0.0000,1000,1000,1000,1,78.4541
34300.0000,3430,2904.3473,0.0000,999,1000,1000,1,78.4209
34310.0000,3431,2904.3748,0.0000,1000,1000,1000,1,78.0874
34320.0000,3432,2904.4022,0.0000,1000,1000,1000,1,77.9060
34330.0000,3433,2904.4298,0.0000,999,1000,1000,1,78.0250
34340.0000,3434,2904.4573,0.0000,1000,1000,1000,1,78.1440
34350.0000,3435,2904.4846,0.0000,1000,1000,999,1,77.8155
34360.0000,3436,2904.5121,0.0000,999,999,1000,1,78.0839
34370.0000,3437,2904.5396,0.0000,999,1000,999,1,77.9049
34380.0000,3438,2904.5671,0.0000,1000,1000,1000,1,78.0241
34390.0000,3439,2904.5948,0.0000,999,1000,1000,1,78.2922
34400.0000,3440,2904.6220,0.0000,998,999,999,1,78.2609
34410.0000,3441,2904.6493,0.0000,999,999,1000,1,78.3791
34420.0000,3442,2904.6765,0.0000,999,1000,1000,1,78.1972
34430.0000,3443,2904.7039,0.0000,999,999,999,1,77.8653
34440.0000,3444,2904.7313,0.0000,999,999,1000,1,78.1330
34450.0000,3445,2904.7577,0.0000,999,998,999,1,77.5070
34460.0000,3446,2904.7848,0.0000,999,1000,1000,1,77.6260
34470.0000,3447,2904.8121,0.0000,1000,1000,1000,1,77.7447
34480.0000,3448,2904.8394,0.0000,999,999,1000,1,77.7141
34490.0000,3449,2904.8666,0.0000,999,999,1000,1,77.8324
34500.0000,3450,2904.8940,0.0000,999,1000,1000,1,78.0997
34510.0000,3451,2904.9213,0.0000,1000,1000,999,1,78.0676
34520.0000,3452,2904.9483,0.0000,1000,1000,1000,1,78.1851
34530.0000,3453,2904.9757,0.0000,999,1000,1000,1,78.4521
34540.0000,3454,2905.0027,0.0000,999,999,1000,1,78.2694
34550.0000,3455,2905.0300,0.0000,1000,1000,1000,1,78.3865
34560.0000,3456,2905.0571,0.0000,1000,1000,1000,1,78.5032
34570.0000,3457,2905.0842,0.0000,1000,1000,1000,1,78.3202
34580.0000,3458,2905.1112,0.0000,1000,999,1000,1,78.1371
34590.0000,3459,2905.1382,0.0000,1000,999,1000,1,77.8035
34600.0000,3460,2905.1651,0.0000,999,1000,1000,1,77.6195
34610.0000,3461,2905.1923,0.0000,999,1000,1000,1,77.8861
34620.0000,3462,2905.2196,0.0000,999,1000,1000,1,78.1524
34630.0000,3463,2905.2464,0.0000,999,999,1000,1,77.8158
34640.0000,3464,2905.2736,0.0000,999,999,999,1,77.7812
34650.0000,3465,2905.3005,0.0000,999,999,1000,1,77.5966
34660.0000,3466,2905.3272,0.0000,998,998,1000,1,77.7124
34670.0000,3467,2905.3540,0.0000,999,1000,1000,1,77.6777
34680.0000,3468,2905.3811,0.0000,1000,1000,1000,1,77.9437
34690.0000,3469,2905.4082,0.0000,1000,1000,1000,1,78.0588
34700.0000,3470,2905.4350,0.0000,1000,1000,1000,1,78.0227
34710.0000,3471,2905.4621,0.0000,999,999,999,1,78.1372
34720.0000,3472,2905.4889,0.0000,999,999,1000,1,78.2515
34730.0000,3473,2905.5158,0.0000,1000,999,1000,1,78.0637
34740.0000,3474,2905.5426,0.0000,998,999,1000,1,78.1777
34750.0000,3475,2905.5693,0.0000,999,999,1000,1,78.2915
34760.0000,3476,2905.5962,0.0000,1000,999,1000,1,78.4049
34770.0000,3477,2905.6229,0.0000,1000,1000,1000,1,78.2163
34780.0000,3478,2905.6497,0.0000,999,1000,1000,1,77.8766
34790.0000,3479,2905.6763,0.0000,1000,1000,1000,1,77.5374
34800.0000,3480,2905.7030,0.0000,999,1000,1000,1,77.1992
34810.0000,3481,2905.7299,0.0000,1000,1000,1000,1,77.3136
34820.0000,3482,2905.7567,0.0000,999,1000,1000,1,77.4279
34830.0000,3483,2905.7826,0.0000,998,1000,999,1,77.0900
34840.0000,3484,2905.8094,0.0000,1000,1000,1000,1,77.2042
34850.0000,3485,2905.8362,0.0000,1000,1000,1000,1,77.4690
34860.0000,3486,2905.8628,0.0000,999,1000,1000,1,77.4324
34870.0000,3487,2905.8897,0.0000,999,999,1000,1,77.6970
34880.0000,3488,2905.9165,0.0000,1000,1000,1000,1,77.8105
34890.0000,3489,2905.9431,0.0000,1000,1000,1000,1,77.9238
34900.0000,3490,2905.9697,0.0000,1000,1000,1000,1,77.8858
34910.0000,3491,2905.9961,0.0000,998,998,999,1,77.3950
34920.0000,3492,2906.0225,0.0000,1000,1000,1000,1,77.5083
34930.0000,3493,2906.0491,0.0000,1000,1000,1000,1,77.6213
34940.0000,3494,2906.0758,0.0000,999,1000,1000,1,77.8853
34950.0000,3495,2906.1020,0.0000,1000,999,1000,1,77.8459
34960.0000,3496,2906.1283,0.0000,999,999,1000,1,77.8065
34970.0000,3497,2906.1550,0.0000,999,1000,1000,1,78.0703
34980.0000,3498,2906.1813,0.0000,1000,1000,1000,1,78.0300
34990.0000,3499,2906.2078,0.0000,999,999,1000,1,78.2935
35000.0000,3500,2906.2342,0.0000,999,1000,999,1,78.2521
35010.0000,3501,2906.2605,0.0000,999,999,1000,1,78.2108
35020.0000,3502,2906.2865,0.0000,999,999,999,1,77.8652
35030.0000,3503,2906.3121,0.0000,997,1000,998,1,77.2177
35040.0000,3504,2906.3378,0.0000,998,999,1000,1,77.1780
35050.0000,3505,2906.3641,0.0000,1000,1000,1000,1,76.8362
35060.0000,3506,2906.3893,0.0000,998,999,998,1,76.4942
35070.0000,3507,2906.4149,0.0000,999,1000,1000,1,76.4548
35080.0000,3508,2906.4411,0.0000,999,1000,1000,1,76.4153
35090.0000,3509,2906.4674,0.0000,1000,1000,1000,1,76.3756
35100.0000,3510,2906.4937,0.0000,1000,1000,1000,1,76.3355
35110.0000,3511,2906.5200,0.0000,999,1000,1000,1,76.4468
35120.0000,3512,2906.5460,0.0000,1000,1000,999,1,76.4061
35130.0000,3513,2906.5724,0.0000,1000,999,1000,1,76.5173
35140.0000,3514,2906.5988,0.0000,999,1000,1000,1,76.6285
35150.0000,3515,2906.6250,0.0000,999,1000,1000,1,76.7396
35160.0000,3516,2906.6512,0.0000,999,1000,1000,1,76.6994
35170.0000,3517,2906.6775,0.0000,999,999,1000,1,76.6592
35180.0000,3518,2906.7039,0.0000,999,1000,1000,1,76.9217
35190.0000,3519,2906.7297,0.0000,998,999,1000,1,76.5781
35200.0000,3520,2906.7552,0.0000,1000,1000,1000,1,76.0894
35210.0000,3521,2906.7816,0.0000,1000,1000,1000,1,76.3518
35220.0000,3522,2906.8078,0.0000,1000,1000,1000,1,76.3143
35230.0000,3523,2906.8341,0.0000,999,999,1000,1,76.4264
35240.0000,3524,2906.8601,0.0000,999,999,999,1,76.2383
35250.0000,3525,2906.8861,0.0000,999,999,1000,1,76.3502
35260.0000,3526,2906.9121,0.0000,1000,1000,1000,1,76.4618
35270.0000,3527,2906.9382,0.0000,999,1000,1000,1,76.5731
35280.0000,3528,2906.9643,0.0000,999,1000,1000,1,76.6844
35290.0000,3529,2906.9904,0.0000,1000,1000,999,1,76.6443
35300.0000,3530,2907.0165,0.0000,1000,1000,1000,1,76.9059
35310.0000,3531,2907.0425,0.0000,1000,1000,1000,1,76.8662
35320.0000,3532,2907.0683,0.0000,999,1000,1000,1,76.8263
35330.0000,3533,2907.0942,0.0000,999,999,999,1,76.7862
35340.0000,3534,2907.1201,0.0000,1000,1000,1000,1,76.7456
35350.0000,3535,2907.1456,0.0000,997,998,999,1,76.4041
35360.0000,3536,2907.1710,0.0000,999,1000,999,1,76.3643
35370.0000,3537,2907.1969,0.0000,1000,1000,1000,1,76.3242
35380.0000,3538,2907.2223,0.0000,998,999,1000,1,76.1349
35390.0000,3539,2907.2482,0.0000,999,1000,1000,1,76.0969
35400.0000,3540,2907.2740,0.0000,1000,1000,1000,1,76.0585
35410.0000,3541,2907.2999,0.0000,1000,1000,1000,1,76.0201
35420.0000,3542,2907.3259,0.0000,1000,1000,1000,1,76.2810
35430.0000,3543,2907.3520,0.0000,1000,1000,1000,1,76.3915
35440.0000,3544,2907.3780,0.0000,999,999,1000,1,76.6522
35450.0000,3545,2907.4039,0.0000,999,999,1000,1,76.9126
35460.0000,3546,2907.4296,0.0000,999,1000,1000,1,76.8719
35470.0000,3547,2907.4549,0.0000,998,1000,999,1,76.5300
35480.0000,3548,2907.4803,0.0000,999,1000,999,1,76.4894
35490.0000,3549,2907.5057,0.0000,1000,999,1000,1,75.9991
35500.0000,3550,2907.5312,0.0000,999,999,1000,1,75.5114
35510.0000,3551,2907.5564,0.0000,998,1000,999,1,75.3234
35520.0000,3552,2907.5819,0.0000,999,1000,1000,1,75.2850
35530.0000,3553,2907.6070,0.0000,999,999,999,1,75.0973
35540.0000,3554,2907.6327,0.0000,999,1000,1000,1,75.3575
35550.0000,3555,2907.6583,0.0000,999,1000,1000,1,75.4680
35560.0000,3556,2907.6839,0.0000,999,999,1000,1,75.4289
35570.0000,3557,2907.7092,0.0000,999,999,1000,1,75.3893
35580.0000,3558,2907.7346,0.0000,999,1000,999,1,75.3499
35590.0000,3559,2907.7593,0.0000,997,1000,1000,1,75.3101
35600.0000,3560,2907.7851,0.0000,1000,999,1000,1,75.5699
35610.0000,3561,2907.8106,0.0000,1000,999,1000,1,75.5298
35620.0000,3562,2907.8361,0.0000,999,1000,999,1,75.6392
35630.0000,3563,2907.8616,0.0000,998,998,999,1,75.7483
35640.0000,3564,2907.8869,0.0000,998,1000,999,1,75.7075
35650.0000,3565,2907.9123,0.0000,1000,1000,1000,1,75.3681
35660.0000,3566,2907.9380,0.0000,1000,1000,1000,1,75.6274
35670.0000,3567,2907.9638,0.0000,1000,1000,1000,1,75.8865
35680.0000,3568,2907.9888,0.0000,1000,999,1000,1,75.6957
35690.0000,3569,2908.0145,0.0000,1000,1000,1000,1,75.8050
35700.0000,3570,2908.0400,0.0000,1000,1000,1000,1,76.0639
35710.0000,3571,2908.0657,0.0000,1000,1000,1000,1,76.3226
35720.0000,3572,2908.0908,0.0000,999,1000,1000,1,76.2804
35730.0000,3573,2908.1163,0.0000,1000,999,1000,1,76.3884
35740.0000,3574,2908.1415,0.0000,999,999,1000,1,76.0444
35750.0000,3575,2908.1667,0.0000,999,1000,1000,1,75.7041
35760.0000,3576,2908.1921,0.0000,1000,1000,1000,1,75.8133
35770.0000,3577,2908.2176,0.0000,999,1000,1000,1,75.9221
35780.0000,3578,2908.2431,0.0000,999,1000,999,1,76.0307
35790.0000,3579,2908.2681,0.0000,1000,1000,1000,1,75.6908
35800.0000,3580,2908.2935,0.0000,1000,1000,1000,1,75.9489
35810.0000,3581,2908.3183,0.0000,999,999,999,1,75.0158
35820.0000,3582,2908.3435,0.0000,1000,1000,1000,1,75.2739
35830.0000,3583,2908.3686,0.0000,999,1000,1000,1,75.2356
35840.0000,3584,2908.3934,0.0000,999,1000,1000,1,75.1976
35850.0000,3585,2908.4185,0.0000,1000,999,999,1,74.7155
35860.0000,3586,2908.4436,0.0000,999,1000,1000,1,74.8255
35870.0000,3587,2908.4685,0.0000,999,1000,1000,1,74.7873
35880.0000,3588,2908.4934,0.0000,1000,999,1000,1,74.6006
35890.0000,3589,2908.5188,0.0000,999,1000,1000,1,74.8585
35900.0000,3590,2908.5440,0.0000,1000,1000,1000,1,74.8200
35910.0000,3591,2908.5691,0.0000,999,999,999,1,74.6338
35920.0000,3592,2908.5942,0.0000,999,1000,999,1,74.4483
35930.0000,3593,2908.6188,0.0000,1000,999,1000,1,74.1150
35940.0000,3594,2908.6440,0.0000,999,1000,1000,1,74.2250
35950.0000,3595,2908.6691,0.0000,1000,1000,1000,1,74.3348
35960.0000,3596,2908.6944,0.0000,999,1000,1000,1,74.5922
35970.0000,3597,2908.7195,0.0000,999,1000,1000,1,74.8495
35980.0000,3598,2908.7441,0.0000,1000,999,1000,1,74.3658
35990.0000,3599,2908.7687,0.0000,1000,1000,1000,1,74.0313
36000.0000,3600,2908.7938,0.0000,999,1000,1000,1,74.2885
36010.0000,3601,2908.8189,0.0000,999,1000,1000,1,74.3974
36020.0000,3602,2908.8441,0.0000,1000,1000,1000,1,74.6543
36030.0000,3603,2908.8693,0.0000,999,1000,1000,1,74.9112
36040.0000,3604,2908.8943,0.0000,999,999,1000,1,75.0192
36050.0000,3605,2908.9190,0.0000,998,1000,999,1,74.6824
36060.0000,3606,2908.9432,0.0000,999,999,1000,1,74.4944
36070.0000,3607,2908.9682,0.0000,1000,1000,999,1,74.4546
36080.0000,3608,2908.9931,0.0000,999,1000,999,1,74.5627
36090.0000,3609,2909.0180,0.0000,999,999,1000,1,74.5225
36100.0000,3610,2909.0425,0.0000,998,999,1000,1,73.8895
36110.0000,3611,2909.0670,0.0000,1000,999,1000,1,73.5541
36120.0000,3612,2909.0921,0.0000,1000,1000,1000,1,73.8106
36130.0000,3613,2909.1170,0.0000,1000,1000,1000,1,74.0669
36140.0000,3614,2909.1418,0.0000,1000,1000,1000,1,74.1746
36150.0000,3615,2909.1667,0.0000,1000,1000,1000,1,74.2823
36160.0000,3616,2909.1916,0.0000,1000,1000,999,1,74.3895
36170.0000,3617,2909.2164,0.0000,1000,1000,1000,1,74.3483
36180.0000,3618,2909.2412,0.0000,999,1000,1000,1,74.0098
36190.0000,3619,2909.2659,0.0000,1000,999,1000,1,74.1168
36200.0000,3620,2909.2907,0.0000,999,1000,1000,1,73.9260
36210.0000,3621,2909.3155,0.0000,999,999,1000,1,74.1818
36220.0000,3622,2909.3401,0.0000,1000,999,1000,1,74.1395
36230.0000,3623,2909.3648,0.0000,999,999,1000,1,74.2460
36240.0000,3624,2909.3895,0.0000,1000,1000,1000,1,74.2035
36250.0000,3625,2909.4141,0.0000,999,999,999,1,73.8629
36260.0000,3626,2909.4388,0.0000,1000,1000,1000,1,73.9691
36270.0000,3627,2909.4629,0.0000,998,1000,999,1,73.7773
36280.0000,3628,2909.4873,0.0000,999,1000,1000,1,73.2880
36290.0000,3629,2909.5118,0.0000,999,1000,1000,1,73.2462
36300.0000,3630,2909.5364,0.0000,1000,1000,1000,1,72.9072
36310.0000,3631,2909.5611,0.0000,1000,1000,1000,1,72.8654
36320.0000,3632,2909.5856,0.0000,999,999,999,1,72.6753
36330.0000,3633,2909.6097,0.0000,999,999,1000,1,72.3385
36340.0000,3634,2909.6345,0.0000,1000,1000,1000,1,72.5937
36350.0000,3635,2909.6590,0.0000,999,999,1000,1,72.5523
36360.0000,3636,2909.6836,0.0000,999,1000,1000,1,72.8073
36370.0000,3637,2909.7082,0.0000,1000,1000,1000,1,72.7652
36380.0000,3638,2909.7329,0.0000,1000,1000,1000,1,72.8716
36390.0000,3639,2909.7576,0.0000,999,1000,1000,1,73.1263
36400.0000,3640,2909.7818,0.0000,998,1000,1000,1,73.0832
36410.0000,3641,2909.8059,0.0000,999,1000,1000,1,72.8917
36420.0000,3642,2909.8305,0.0000,1000,1000,1000,1,73.1463
36430.0000,3643,2909.8548,0.0000,1000,999,1000,1,73.2515
36440.0000,3644,2909.8795,0.0000,1000,1000,1000,1,73.5058
36450.0000,3645,2909.9038,0.0000,1000,999,1000,1,73.6107
36460.0000,3646,2909.9281,0.0000,999,1000,1000,1,73.5659
36470.0000,3647,2909.9523,0.0000,1000,999,1000,1,73.2244
36480.0000,3648,2909.9766,0.0000,999,1000,1000,1,73.3299
36490.0000,3649,2910.0008,0.0000,999,999,1000,1,73.2861
36500.0000,3650,2910.0252,0.0000,1000,1000,1000,1,73.2424
36510.0000,3651,2910.0495,0.0000,999,999,1000,1,73.3473
36520.0000,3652,2910.0733,0.0000,999,1000,1000,1,73.3029
36530.0000,3653,2910.0974,0.0000,1000,1000,1000,1,73.1106
36540.0000,3654,2910.1216,0.0000,999,1000,999,1,73.2167
36550.0000,3655,2910.1459,0.0000,999,999,999,1,73.0273
36560.0000,3656,2910.1702,0.0000,999,1000,1000,1,73.1330
36570.0000,3657,2910.1944,0.0000,999,999,999,1,72.7958
36580.0000,3658,2910.2187,0.0000,1000,1000,1000,1,72.9018
36590.0000,3659,2910.2430,0.0000,999,1000,1000,1,73.1552
36600.0000,3660,2910.2671,0.0000,999,999,1000,1,73.1138
36610.0000,3661,2910.2914,0.0000,1000,1000,1000,1,73.2197
36620.0000,3662,2910.3155,0.0000,1000,999,1000,1,73.1778
36630.0000,3663,2910.3394,0.0000,999,1000,999,1,72.9882
36640.0000,3664,2910.3633,0.0000,999,1000,1000,1,72.9460
36650.0000,3665,2910.3874,0.0000,999,999,999,1,72.9037
36660.0000,3666,2910.4113,0.0000,999,1000,1000,1,72.4184
36670.0000,3667,2910.4353,0.0000,999,1000,1000,1,72.5236
36680.0000,3668,2910.4595,0.0000,999,1000,1000,1,72.7765
36690.0000,3669,2910.4838,0.0000,1000,999,1000,1,73.0292
36700.0000,3670,2910.5079,0.0000,1000,1000,999,1,73.1335
36710.0000,3671,2910.5320,0.0000,999,999,1000,1,73.2374
36720.0000,3672,2910.5561,0.0000,1000,1000,999,1,73.1936
36730.0000,3673,2910.5803,0.0000,1000,1000,1000,1,73.4459
36740.0000,3674,2910.6036,0.0000,998,999,999,1,73.1048
36750.0000,3675,2910.6273,0.0000,1000,1000,1000,1,72.9125
36760.0000,3676,2910.6514,0.0000,999,999,1000,1,73.1647
36770.0000,3677,2910.6755,0.0000,1000,1000,1000,1,73.1199
36780.0000,3678,2910.6994,0.0000,998,999,1000,1,73.0747
36790.0000,3679,2910.7231,0.0000,1000,999,1000,1,72.8810
36800.0000,3680,2910.7468,0.0000,999,1000,1000,1,72.8357
36810.0000,3681,2910.7705,0.0000,999,999,1000,1,72.7899
36820.0000,3682,2910.7944,0.0000,1000,999,1000,1,72.8929
36830.0000,3683,2910.8185,0.0000,1000,1000,1000,1,73.1446
36840.0000,3684,2910.8424,0.0000,999,999,1000,1,73.3962
36850.0000,3685,2910.8662,0.0000,999,1000,1000,1,73.2014
36860.0000,3686,2910.8902,0.0000,999,1000,1000,1,73.4529
36870.0000,3687,2910.9139,0.0000,1000,1000,1000,1,73.1093
36880.0000,3688,2910.9378,0.0000,999,999,1000,1,73.2118
36890.0000,3689,2910.9611,0.0000,998,1000,1000,1,72.7204
36900.0000,3690,2910.9846,0.0000,998,1000,1000,1,72.6748
36910.0000,3691,2911.0081,0.0000,1000,1000,1000,1,72.7778
36920.0000,3692,2911.0321,0.0000,1000,1000,1000,1,73.0290
36930.0000,3693,2911.0559,0.0000,999,1000,1000,1,73.1315
36940.0000,3694,2911.0797,0.0000,999,999,1000,1,73.2339
36950.0000,3695,2911.1034,0.0000,998,999,999,1,73.0397
36960.0000,3696,2911.1270,0.0000,999,999,1000,1,73.1422
36970.0000,3697,2911.1505,0.0000,999,999,999,1,72.6559
36980.0000,3698,2911.1743,0.0000,999,1000,1000,1,72.7597
36990.0000,3699,2911.1976,0.0000,997,998,998,1,71.9830
37000.0000,3700,2911.2208,0.0000,1000,999,999,1,71.9404
37010.0000,3701,2911.2447,0.0000,998,1000,999,1,72.0445
37020.0000,3702,2911.2680,0.0000,999,1000,1000,1,72.0018
37030.0000,3703,2911.2918,0.0000,1000,1000,1000,1,72.1058
37040.0000,3704,2911.3156,0.0000,999,1000,1000,1,72.3563
37050.0000,3705,2911.3392,0.0000,999,1000,999,1,72.3124
37060.0000,3706,2911.3628,0.0000,999,1000,1000,1,72.5626
37070.0000,3707,2911.3866,0.0000,1000,1000,1000,1,72.6655
37080.0000,3708,2911.4098,0.0000,999,999,1000,1,72.0324
37090.0000,3709,2911.4333,0.0000,998,999,999,1,71.9890
37100.0000,3710,2911.4566,0.0000,999,1000,1000,1,71.9465
37110.0000,3711,2911.4801,0.0000,1000,1000,1000,1,71.9047
37120.0000,3712,2911.5037,0.0000,998,1000,999,1,71.8632
37130.0000,3713,2911.5270,0.0000,1000,1000,999,1,71.5320
37140.0000,3714,2911.5505,0.0000,1000,1000,1000,1,71.4920
37150.0000,3715,2911.5742,0.0000,999,1000,1000,1,71.7420
37160.0000,3716,2911.5973,0.0000,999,999,1000,1,71.5562
37170.0000,3717,2911.6206,0.0000,999,1000,1000,1,71.5153
37180.0000,3718,2911.6440,0.0000,1000,999,1000,1,71.6196
37190.0000,3719,2911.6674,0.0000,1000,1000,1000,1,71.4330
37200.0000,3720,2911.6909,0.0000,1000,999,1000,1,71.5374
37210.0000,3721,2911.7143,0.0000,999,1000,1000,1,71.6416
37220.0000,3722,2911.7376,0.0000,999,1000,1000,1,71.6003
37230.0000,3723,2911.7606,0.0000,1000,999,1000,1,71.1256
37240.0000,3724,2911.7841,0.0000,1000,1000,1000,1,71.2308
37250.0000,3725,2911.8072,0.0000,999,1000,999,1,71.0476
37260.0000,3726,2911.8300,0.0000,998,999,999,1,71.0087
37270.0000,3727,2911.8529,0.0000,999,998,999,1,70.9704
37280.0000,3728,2911.8761,0.0000,999,999,999,1,70.6451
37290.0000,3729,2911.8994,0.0000,999,999,1000,1,70.7511
37300.0000,3730,2911.9226,0.0000,1000,999,1000,1,70.5703
37310.0000,3731,2911.9460,0.0000,999,999,1000,1,70.8194
37320.0000,3732,2911.9689,0.0000,999,1000,999,1,70.7812
37330.0000,3733,2911.9918,0.0000,999,999,1000,1,70.8862
37340.0000,3734,2912.0152,0.0000,999,1000,1000,1,71.1351
37350.0000,3735,2912.0385,0.0000,999,999,1000,1,71.3838
37360.0000,3736,2912.0617,0.0000,1000,1000,1000,1,71.3443
37370.0000,3737,2912.0848,0.0000,999,1000,999,1,71.0187
37380.0000,3738,2912.1076,0.0000,998,1000,1000,1,70.6953
37390.0000,3739,2912.1308,0.0000,999,1000,1000,1,70.9439
37400.0000,3740,2912.1535,0.0000,999,1000,1000,1,70.7636
37410.0000,3741,2912.1767,0.0000,1000,1000,999,1,70.7261
37420.0000,3742,2912.1999,0.0000,999,999,1000,1,70.6882
37430.0000,3743,2912.2228,0.0000,998,999,999,1,70.6498
37440.0000,3744,2912.2460,0.0000,999,1000,1000,1,70.8980
37450.0000,3745,2912.2691,0.0000,998,998,1000,1,71.0025
37460.0000,3746,2912.2921,0.0000,999,999,1000,1,70.9643
37470.0000,3747,2912.3154,0.0000,1000,1000,1000,1,71.2123
37480.0000,3748,2912.3386,0.0000,1000,1000,1000,1,71.4601
37490.0000,3749,2912.3619,0.0000,999,1000,1000,1,71.7078
37500.0000,3750,2912.3850,0.0000,999,1000,1000,1,71.6676
37510.0000,3751,2912.4081,0.0000,999,1000,999,1,71.4839
37520.0000,3752,2912.4310,0.0000,1000,999,1000,1,71.4437
37530.0000,3753,2912.4540,0.0000,999,999,1000,1,71.4037
37540.0000,3754,2912.4771,0.0000,999,999,1000,1,71.5077
37550.0000,3755,2912.5002,0.0000,999,999,1000,1,71.7550
37560.0000,3756,2912.5224,0.0000,999,1000,998,1,71.4285
37570.0000,3757,2912.5455,0.0000,1000,1000,1000,1,71.5322
37580.0000,3758,2912.5686,0.0000,999,1000,1000,1,71.7793
37590.0000,3759,2912.5917,0.0000,999,1000,1000,1,71.8825
37600.0000,3760,2912.6145,0.0000,999,999,1000,1,71.8416
37610.0000,3761,2912.6374,0.0000,1000,999,1000,1,72.0884
37620.0000,3762,2912.6602,0.0000,999,1000,1000,1,71.7608
37630.0000,3763,2912.6833,0.0000,1000,1000,1000,1,72.0074
37640.0000,3764,2912.7064,0.0000,999,1000,1000,1,72.2540
37650.0000,3765,2912.7294,0.0000,999,999,999,1,72.3564
37660.0000,3766,2912.7523,0.0000,999,1000,1000,1,72.6027
37670.0000,3767,2912.7751,0.0000,1000,1000,1000,1,72.7046
37680.0000,3768,2912.7981,0.0000,1000,1000,1000,1,72.8065
37690.0000,3769,2912.8210,0.0000,1000,1000,1000,1,72.7635
37700.0000,3770,2912.8438,0.0000,1000,1000,1000,1,72.7203
37710.0000,3771,2912.8666,0.0000,1000,1000,999,1,72.6771
37720.0000,3772,2912.8894,0.0000,1000,1000,999,1,72.7781
37730.0000,3773,2912.9120,0.0000,998,998,998,1,72.5895
37740.0000,3774,2912.9346,0.0000,999,1000,1000,1,72.4024
37750.0000,3775,2912.9574,0.0000,1000,999,1000,1,72.5040
37760.0000,3776,2912.9802,0.0000,999,1000,1000,1,72.7496
37770.0000,3777,2913.0030,0.0000,1000,1000,1000,1,72.8512
37780.0000,3778,2913.0257,0.0000,1000,1000,1000,1,72.8090
37790.0000,3779,2913.0483,0.0000,999,999,999,1,72.7668
37800.0000,3780,2913.0710,0.0000,1000,1000,1000,1,73.0121
37810.0000,3781,2913.0938,0.0000,999,1000,999,1,72.9691
37820.0000,3782,2913.1165,0.0000,999,999,1000,1,73.2142
37830.0000,3783,2913.1390,0.0000,999,1000,1000,1,72.7396
37840.0000,3784,2913.1613,0.0000,999,1000,999,1,72.5534
37850.0000,3785,2913.1838,0.0000,999,999,1000,1,72.5110
37860.0000,3786,2913.2063,0.0000,1000,1000,1000,1,72.6122
37870.0000,3787,2913.2289,0.0000,999,1000,1000,1,72.7138
37880.0000,3788,2913.2516,0.0000,1000,1000,1000,1,72.8150
37890.0000,3789,2913.2738,0.0000,999,1000,1000,1,72.6294
37900.0000,3790,2913.2961,0.0000,998,1000,1000,1,72.3004
37910.0000,3791,2913.3185,0.0000,999,999,1000,1,72.1149
37920.0000,3792,2913.3407,0.0000,999,1000,999,1,71.7872
37930.0000,3793,2913.3633,0.0000,999,1000,1000,1,71.8890
37940.0000,3794,2913.3858,0.0000,999,999,1000,1,71.7040
37950.0000,3795,2913.4084,0.0000,1000,1000,1000,1,71.5189
37960.0000,3796,2913.4310,0.0000,999,1000,1000,1,71.7635
37970.0000,3797,2913.4535,0.0000,1000,1000,1000,1,71.8644
37980.0000,3798,2913.4754,0.0000,999,998,998,1,71.5355
37990.0000,3799,2913.4976,0.0000,999,1000,1000,1,71.6372
38000.0000,3800,2913.5200,0.0000,999,999,1000,1,71.5965
38010.0000,3801,2913.5424,0.0000,999,1000,1000,1,71.5564
38020.0000,3802,2913.5647,0.0000,999,999,999,1,71.5172
38030.0000,3803,2913.5870,0.0000,999,999,1000,1,71.6197
38040.0000,3804,2913.6093,0.0000,1000,1000,1000,1,71.5799
38050.0000,3805,2913.6318,0.0000,999,1000,1000,1,71.8239
38060.0000,3806,2913.6541,0.0000,1000,1000,1000,1,71.7837
38070.0000,3807,2913.6765,0.0000,1000,1000,999,1,71.4589
38080.0000,3808,2913.6988,0.0000,1000,1000,1000,1,71.5605
38090.0000,3809,2913.7210,0.0000,1000,1000,1000,1,71.6622
38100.0000,3810,2913.7433,0.0000,998,1000,999,1,71.6221
38110.0000,3811,2913.7654,0.0000,999,1000,1000,1,71.7238
38120.0000,3812,2913.7878,0.0000,1000,1000,1000,1,71.9673
38130.0000,3813,2913.8100,0.0000,999,1000,1000,1,71.7845
38140.0000,3814,2913.8320,0.0000,1000,1000,1000,1,71.3186
38150.0000,3815,2913.8543,0.0000,1000,1000,1000,1,71.1362
38160.0000,3816,2913.8763,0.0000,998,999,999,1,70.8124
38170.0000,3817,2913.8981,0.0000,999,1000,999,1,70.0655
38180.0000,3818,2913.9202,0.0000,999,999,999,1,70.0270
38190.0000,3819,2913.9425,0.0000,1000,1000,1000,1,69.9898
38200.0000,3820,2913.9644,0.0000,999,998,999,1,69.8121
38210.0000,3821,2913.9867,0.0000,999,999,1000,1,69.9152
38220.0000,3822,2914.0090,0.0000,999,1000,1000,1,70.1586
38230.0000,3823,2914.0309,0.0000,1000,1000,1000,1,69.6998
38240.0000,3824,2914.0533,0.0000,999,1000,1000,1,69.9431
38250.0000,3825,2914.0750,0.0000,1000,1000,999,1,69.4872
38260.0000,3826,2914.0968,0.0000,998,998,999,1,69.1729
38270.0000,3827,2914.1187,0.0000,1000,1000,999,1,68.8590
38280.0000,3828,2914.1406,0.0000,1000,1000,999,1,68.8240
38290.0000,3829,2914.1624,0.0000,1000,1000,1000,1,68.9277
38300.0000,3830,2914.1845,0.0000,1000,1000,1000,1,68.8924
38310.0000,3831,2914.2068,0.0000,999,999,1000,1,69.1354
38320.0000,3832,2914.2282,0.0000,998,998,999,1,68.6811
38330.0000,3833,2914.2501,0.0000,1000,1000,1000,1,68.5064
38340.0000,3834,2914.2724,0.0000,999,999,1000,1,68.7494
38350.0000,3835,2914.2944,0.0000,999,1000,1000,1,68.8531
38360.0000,3836,2914.3163,0.0000,1000,999,999,1,68.5383
38370.0000,3837,2914.3379,0.0000,1000,1000,1000,1,68.3634
38380.0000,3838,2914.3599,0.0000,998,998,999,1,68.1899
38390.0000,3839,2914.3811,0.0000,1000,999,998,1,68.0181
38400.0000,3840,2914.4031,0.0000,1000,1000,1000,1,67.8477
38410.0000,3841,2914.4251,0.0000,999,999,999,1,67.8145
38420.0000,3842,2914.4470,0.0000,999,1000,1000,1,67.9195
38430.0000,3843,2914.4690,0.0000,999,1000,1000,1,68.0249
38440.0000,3844,2914.4911,0.0000,1000,1000,1000,1,68.2673
38450.0000,3845,2914.5132,0.0000,1000,1000,1000,1,68.5097
38460.0000,3846,2914.5352,0.0000,1000,1000,1000,1,68.4764
38470.0000,3847,2914.5571,0.0000,999,1000,1000,1,68.4429
38480.0000,3848,2914.5791,0.0000,999,999,1000,1,68.6850
38490.0000,3849,2914.6006,0.0000,999,999,1000,1,68.6507
38500.0000,3850,2914.6222,0.0000,1000,1000,1000,1,68.4787
38510.0000,3851,2914.6440,0.0000,1000,999,1000,1,68.5825
38520.0000,3852,2914.6656,0.0000,1000,1000,999,1,68.4103
38530.0000,3853,2914.6870,0.0000,1000,998,1000,1,68.2385
38540.0000,3854,2914.7091,0.0000,1000,1000,1000,1,68.4803
38550.0000,3855,2914.7309,0.0000,1000,1000,1000,1,68.4463
38560.0000,3856,2914.7524,0.0000,998,998,1000,1,68.2751
38570.0000,3857,2914.7741,0.0000,999,999,1000,1,68.2420
38580.0000,3858,2914.7959,0.0000,1000,1000,1000,1,68.3462
38590.0000,3859,2914.8174,0.0000,998,998,998,1,68.0384
38600.0000,3860,2914.8386,0.0000,999,999,999,1,67.4591
38610.0000,3861,2914.8602,0.0000,999,1000,1000,1,67.4277
38620.0000,3862,2914.8820,0.0000,999,1000,999,1,67.3958
38630.0000,3863,2914.9037,0.0000,999,999,1000,1,67.5004
38640.0000,3864,2914.9254,0.0000,998,1000,999,1,67.3311
38650.0000,3865,2914.9470,0.0000,1000,1000,1000,1,67.2987
38660.0000,3866,2914.9688,0.0000,1000,1000,1000,1,67.5399
38670.0000,3867,2914.9902,0.0000,998,1000,1000,1,67.2332
38680.0000,3868,2915.0119,0.0000,999,1000,1000,1,67.4744
38690.0000,3869,2915.0336,0.0000,1000,1000,1000,1,67.0311
38700.0000,3870,2915.0551,0.0000,999,1000,1000,1,66.9987
38710.0000,3871,2915.0767,0.0000,1000,999,999,1,67.1030
38720.0000,3872,2915.0985,0.0000,1000,1000,1000,1,67.3439
38730.0000,3873,2915.1200,0.0000,999,999,999,1,67.0370
38740.0000,3874,2915.1415,0.0000,1000,1000,999,1,67.0050
38750.0000,3875,2915.1625,0.0000,999,1000,999,1,66.8362
38760.0000,3876,2915.1840,0.0000,1000,1000,1000,1,66.9406
38770.0000,3877,2915.2057,0.0000,999,999,999,1,66.9087
38780.0000,3878,2915.2273,0.0000,999,999,999,1,67.0128
38790.0000,3879,2915.2490,0.0000,999,1000,1000,1,67.2533
38800.0000,3880,2915.2704,0.0000,999,1000,1000,1,67.3570
38810.0000,3881,2915.2920,0.0000,1000,1000,1000,1,67.4604
38820.0000,3882,2915.3136,0.0000,999,1000,1000,1,67.2897
38830.0000,3883,2915.3348,0.0000,999,1000,1000,1,66.9823
38840.0000,3884,2915.3563,0.0000,1000,1000,1000,1,67.0857
38850.0000,3885,2915.3778,0.0000,1000,999,1000,1,67.0519
38860.0000,3886,2915.3993,0.0000,999,999,999,1,67.0179
38870.0000,3887,2915.4207,0.0000,1000,1000,1000,1,66.8486
38880.0000,3888,2915.4418,0.0000,1000,1000,1000,1,66.4095
38890.0000,3889,2915.4632,0.0000,999,999,1000,1,66.6495
38900.0000,3890,2915.4846,0.0000,998,1000,999,1,66.4838
38910.0000,3891,2915.5060,0.0000,1000,1000,1000,1,66.5885
38920.0000,3892,2915.5273,0.0000,999,999,999,1,66.5573
38930.0000,3893,2915.5485,0.0000,999,999,1000,1,66.3908
38940.0000,3894,2915.5699,0.0000,1000,999,1000,1,66.4952
38950.0000,3895,2915.5913,0.0000,999,999,999,1,66.3287
38960.0000,3896,2915.6128,0.0000,1000,1000,1000,1,66.5683
38970.0000,3897,2915.6341,0.0000,999,1000,1000,1,66.5366
38980.0000,3898,2915.6551,0.0000,1000,1000,1000,1,66.3702
38990.0000,3899,2915.6765,0.0000,999,1000,999,1,66.4742
39000.0000,3900,2915.6972,0.0000,1000,999,1000,1,66.3070
39010.0000,3901,2915.7181,0.0000,999,1000,1000,1,66.0060
39020.0000,3902,2915.7392,0.0000,999,999,1000,1,65.5720
39030.0000,3903,2915.7601,0.0000,999,1000,1000,1,65.1419
39040.0000,3904,2915.7814,0.0000,999,999,1000,1,65.2474
39050.0000,3905,2915.8026,0.0000,1000,1000,1000,1,65.3525
39060.0000,3906,2915.8236,0.0000,999,1000,1000,1,65.1893
39070.0000,3907,2915.8449,0.0000,1000,1000,999,1,65.1601
39080.0000,3908,2915.8663,0.0000,999,999,1000,1,65.3993
39090.0000,3909,2915.8876,0.0000,999,1000,1000,1,65.5041
39100.0000,3910,2915.9086,0.0000,998,999,999,1,65.4739
39110.0000,3911,2915.9294,0.0000,999,999,1000,1,65.5779
39120.0000,3912,2915.9502,0.0000,998,999,999,1,65.4121
39130.0000,3913,2915.9712,0.0000,1000,1000,1000,1,64.8438
39140.0000,3914,2915.9919,0.0000,998,999,999,1,64.0153
39150.0000,3915,2916.0132,0.0000,999,1000,1000,1,64.2543
39160.0000,3916,2916.0342,0.0000,1000,999,999,1,64.0982
39170.0000,3917,2916.0554,0.0000,999,999,1000,1,64.2056
39180.0000,3918,2916.0766,0.0000,1000,1000,1000,1,64.1822
39190.0000,3919,2916.0977,0.0000,1000,999,1000,1,64.1583
39200.0000,3920,2916.1187,0.0000,999,999,1000,1,64.2657
39210.0000,3921,2916.1397,0.0000,999,999,1000,1,64.1109
39220.0000,3922,2916.1603,0.0000,998,1000,1000,1,63.6952
39230.0000,3923,2916.1813,0.0000,999,999,999,1,63.8033
39240.0000,3924,2916.2021,0.0000,999,1000,1000,1,63.5208
39250.0000,3925,2916.2232,0.0000,1000,1000,1000,1,63.6290
39260.0000,3926,2916.2444,0.0000,1000,1000,999,1,63.7369
39270.0000,3927,2916.2653,0.0000,998,998,999,1,63.7139
39280.0000,3928,2916.2862,0.0000,1000,1000,1000,1,63.6912
39290.0000,3929,2916.3074,0.0000,1000,999,1000,1,63.9295
39300.0000,3930,2916.3281,0.0000,1000,1000,1000,1,63.6442
39310.0000,3931,2916.3487,0.0000,999,998,1000,1,63.4902
39320.0000,3932,2916.3693,0.0000,1000,999,1000,1,63.3378
39330.0000,3933,2916.3903,0.0000,999,999,1000,1,63.4459
39340.0000,3934,2916.4112,0.0000,1000,999,1000,1,63.5541
39350.0000,3935,2916.4320,0.0000,999,1000,1000,1,63.5319
39360.0000,3936,2916.4531,0.0000,999,1000,1000,1,63.7698
39370.0000,3937,2916.4741,0.0000,999,999,1000,1,64.0076
39380.0000,3938,2916.4946,0.0000,1000,999,1000,1,63.7234
39390.0000,3939,2916.5154,0.0000,1000,1000,1000,1,63.9611
39400.0000,3940,2916.5363,0.0000,998,999,999,1,63.9375
39410.0000,3941,2916.5567,0.0000,999,998,999,1,64.0443
39420.0000,3942,2916.5774,0.0000,999,1000,1000,1,64.2817
39430.0000,3943,2916.5983,0.0000,999,999,1000,1,64.2573
39440.0000,3944,2916.6191,0.0000,1000,1000,1000,1,64.2326
39450.0000,3945,2916.6399,0.0000,999,1000,1000,1,64.3387
39460.0000,3946,2916.6606,0.0000,999,1000,999,1,64.1823
39470.0000,3947,2916.6817,0.0000,1000,1000,1000,1,64.4193
39480.0000,3948,2916.7025,0.0000,998,1000,1000,1,64.5250
39490.0000,3949,2916.7233,0.0000,1000,1000,1000,1,64.4993
39500.0000,3950,2916.7440,0.0000,999,999,1000,1,64.4731
39510.0000,3951,2916.7648,0.0000,1000,1000,999,1,64.3156
39520.0000,3952,2916.7856,0.0000,1000,999,999,1,64.1584
39530.0000,3953,2916.8062,0.0000,1000,1000,1000,1,64.1331
39540.0000,3954,2916.8265,0.0000,998,999,1000,1,63.8458
39550.0000,3955,2916.8469,0.0000,999,999,1000,1,63.3011
39560.0000,3956,2916.8675,0.0000,999,1000,1000,1,63.4079
39570.0000,3957,2916.8884,0.0000,1000,1000,1000,1,63.6446
39580.0000,3958,2916.9092,0.0000,999,1000,999,1,63.7508
39590.0000,3959,2916.9299,0.0000,1000,1000,1000,1,63.8570
39600.0000,3960,2916.9507,0.0000,1000,999,1000,1,64.0934
39610.0000,3961,2916.9714,0.0000,999,999,1000,1,64.0685
39620.0000,3962,2916.9921,0.0000,1000,1000,1000,1,64.1738
39630.0000,3963,2917.0127,0.0000,1000,1000,1000,1,64.2793
39640.0000,3964,2917.0334,0.0000,1000,1000,1000,1,64.5154
39650.0000,3965,2917.0542,0.0000,999,1000,1000,1,64.7513
39660.0000,3966,2917.0749,0.0000,1000,999,1000,1,64.9871
39670.0000,3967,2917.0955,0.0000,1000,999,1000,1,65.2228
39680.0000,3968,2917.1160,0.0000,1000,1000,1000,1,65.1947
39690.0000,3969,2917.1366,0.0000,999,999,999,1,64.9025
39700.0000,3970,2917.1572,0.0000,1000,1000,1000,1,65.1379
39710.0000,3971,2917.1779,0.0000,999,999,999,1,65.2413
39720.0000,3972,2917.1985,0.0000,1000,1000,1000,1,65.2126
39730.0000,3973,2917.2191,0.0000,999,999,1000,1,65.4479
39740.0000,3974,2917.2396,0.0000,999,1000,1000,1,65.4195
39750.0000,3975,2917.2602,0.0000,1000,999,999,1,65.5228
39760.0000,3976,2917.2807,0.0000,1000,999,1000,1,65.6260
39770.0000,3977,2917.3012,0.0000,1000,1000,1000,1,65.7296
39780.0000,3978,2917.3219,0.0000,999,1000,1000,1,65.9644
39790.0000,3979,2917.3423,0.0000,998,999,1000,1,65.9354
39800.0000,3980,2917.3629,0.0000,999,999,999,1,65.9066
39810.0000,3981,2917.3835,0.0000,999,1000,1000,1,66.1412
39820.0000,3982,2917.4040,0.0000,1000,1000,1000,1,66.2439
39830.0000,3983,2917.4244,0.0000,999,1000,1000,1,66.0823
39840.0000,3984,2917.4450,0.0000,999,999,999,1,66.1846
39850.0000,3985,2917.4651,0.0000,999,999,1000,1,65.8909
39860.0000,3986,2917.4853,0.0000,999,999,1000,1,65.5974
39870.0000,3987,2917.5055,0.0000,998,1000,999,1,65.3060
39880.0000,3988,2917.5255,0.0000,1000,999,1000,1,65.2776
39890.0000,3989,2917.5459,0.0000,1000,1000,1000,1,65.1178
39900.0000,3990,2917.5663,0.0000,1000,1000,999,1,65.0895
39910.0000,3991,2917.5867,0.0000,1000,999,999,1,65.0615
39920.0000,3992,2917.6071,0.0000,999,999,999,1,65.0341
39930.0000,3993,2917.6271,0.0000,999,1000,1000,1,64.8770
39940.0000,3994,2917.6474,0.0000,1000,1000,1000,1,64.8503
39950.0000,3995,2917.6676,0.0000,999,998,999,1,64.8238
39960.0000,3996,2917.6880,0.0000,1000,1000,1000,1,64.9278
39970.0000,3997,2917.7084,0.0000,1000,1000,1000,1,64.9015
39980.0000,3998,2917.7289,0.0000,1000,1000,1000,1,65.1354
39990.0000,3999,2917.7491,0.0000,999,999,1000,1,65.1084
40000.0000,4000,2917.7694,0.0000,999,999,999,1,65.0809
40010.0000,4001,2917.7896,0.0000,1000,1000,1000,1,65.0535
40020.0000,4002,2917.8090,0.0000,1000,999,1000,1,64.7645
40030.0000,4003,2917.8294,0.0000,999,1000,1000,1,64.8673
40040.0000,4004,2917.8496,0.0000,999,1000,1000,1,64.8392
40050.0000,4005,2917.8693,0.0000,998,998,998,1,64.1597
40060.0000,4006,2917.8889,0.0000,1000,1000,999,1,64.0044
40070.0000,4007,2917.9091,0.0000,999,999,999,1,63.9795
40080.0000,4008,2917.9292,0.0000,1000,1000,1000,1,63.9547
40090.0000,4009,2917.9493,0.0000,1000,999,999,1,63.8007
40100.0000,4010,2917.9693,0.0000,999,999,1000,1,63.5185
40110.0000,4011,2917.9893,0.0000,998,998,999,1,63.4950
40120.0000,4012,2918.0094,0.0000,999,1000,1000,1,63.5998
40130.0000,4013,2918.0297,0.0000,999,1000,1000,1,63.8332
40140.0000,4014,2918.0494,0.0000,999,999,1000,1,63.5531
40150.0000,4015,2918.0694,0.0000,999,1000,999,1,62.8919
40160.0000,4016,2918.0895,0.0000,999,1000,999,1,62.8697
40170.0000,4017,2918.1097,0.0000,999,1000,1000,1,63.1030
40180.0000,4018,2918.1299,0.0000,999,1000,999,1,63.2079
40190.0000,4019,2918.1502,0.0000,1000,1000,1000,1,63.4410
40200.0000,4020,2918.1701,0.0000,999,999,1000,1,63.4170
40210.0000,4021,2918.1901,0.0000,1000,999,1000,1,63.5213
40220.0000,4022,2918.2100,0.0000,1000,1000,1000,1,63.6254
40230.0000,4023,2918.2302,0.0000,1000,1000,1000,1,63.8582
40240.0000,4024,2918.2502,0.0000,999,1000,1000,1,63.8327
40250.0000,4025,2918.2702,0.0000,1000,1000,1000,1,63.8069
40260.0000,4026,2918.2900,0.0000,999,999,1000,1,63.5232
40270.0000,4027,2918.3100,0.0000,1000,1000,999,1,63.2399
40280.0000,4028,2918.3301,0.0000,999,1000,1000,1,63.3435
40290.0000,4029,2918.3501,0.0000,1000,1000,1000,1,63.1893
40300.0000,4030,2918.3702,0.0000,1000,1000,1000,1,63.2931
40310.0000,4031,2918.3902,0.0000,999,1000,1000,1,63.2681
40320.0000,4032,2918.4102,0.0000,999,1000,1000,1,63.5005
40330.0000,4033,2918.4296,0.0000,999,1000,1000,1,63.4750
40340.0000,4034,2918.4492,0.0000,999,999,1000,1,63.3215
40350.0000,4035,2918.4690,0.0000,999,999,999,1,62.9133
40360.0000,4036,2918.4888,0.0000,1000,1000,1000,1,63.1453
40370.0000,4037,2918.5088,0.0000,1000,1000,1000,1,63.3774
40380.0000,4038,2918.5289,0.0000,1000,1000,1000,1,63.6093
40390.0000,4039,2918.5489,0.0000,999,1000,999,1,63.7124
40400.0000,4040,2918.5688,0.0000,999,1000,1000,1,63.8154
40410.0000,4041,2918.5887,0.0000,1000,1000,1000,1,64.0471
40420.0000,4042,2918.6086,0.0000,999,999,999,1,64.1494
40430.0000,4043,2918.6284,0.0000,999,999,999,1,63.9928
40440.0000,4044,2918.6484,0.0000,1000,1000,1000,1,64.0951
40450.0000,4045,2918.6682,0.0000,1000,1000,1000,1,64.0684
40460.0000,4046,2918.6880,0.0000,998,999,999,1,64.0414
40470.0000,4047,2918.7077,0.0000,1000,1000,999,1,64.1435
40480.0000,4048,2918.7273,0.0000,999,999,999,1,63.8591
40490.0000,4049,2918.7473,0.0000,999,1000,1000,1,64.0903
40500.0000,4050,2918.7671,0.0000,999,1000,1000,1,64.1927
40510.0000,4051,2918.7868,0.0000,999,999,999,1,64.1665
40520.0000,4052,2918.8067,0.0000,1000,1000,1000,1,64.3974
40530.0000,4053,2918.8265,0.0000,1000,1000,1000,1,64.6283
40540.0000,4054,2918.8462,0.0000,999,1000,1000,1,64.6011
40550.0000,4055,2918.8659,0.0000,999,999,1000,1,64.7027
40560.0000,4056,2918.8856,0.0000,999,999,1000,1,64.8044
40570.0000,4057,2918.9052,0.0000,999,999,1000,1,64.9059
40580.0000,4058,2918.9250,0.0000,999,1000,1000,1,65.0073
40590.0000,4059,2918.9447,0.0000,999,999,999,1,64.9791
40600.0000,4060,2918.9641,0.0000,1000,1000,1000,1,64.9507
40610.0000,4061,2918.9838,0.0000,1000,1000,1000,1,64.9223
40620.0000,4062,2919.0036,0.0000,1000,1000,1000,1,65.1525
40630.0000,4063,2919.0232,0.0000,999,1000,1000,1,65.2531
40640.0000,4064,2919.0425,0.0000,999,1000,1000,1,64.8354
40650.0000,4065,2919.0620,0.0000,1000,1000,999,1,64.8066
40660.0000,4066,2919.0816,0.0000,1000,1000,1000,1,64.9072
40670.0000,4067,2919.1015,0.0000,1000,999,1000,1,65.1371
40680.0000,4068,2919.1210,0.0000,999,1000,999,1,65.1074
40690.0000,4069,2919.1406,0.0000,999,1000,1000,1,65.3371
40700.0000,4070,2919.1595,0.0000,998,997,998,1,65.0498
40710.0000,4071,2919.1775,0.0000,999,999,998,1,65.0215
40720.0000,4072,2919.1971,0.0000,999,1000,1000,1,65.1220
40730.0000,4073,2919.2166,0.0000,1000,1000,1000,1,65.2225
40740.0000,4074,2919.2362,0.0000,999,999,1000,1,65.3227
40750.0000,4075,2919.2559,0.0000,1000,1000,1000,1,65.5521
40760.0000,4076,2919.2755,0.0000,999,1000,1000,1,65.7813
40770.0000,4077,2919.2950,0.0000,1000,1000,1000,1,65.4922
40780.0000,4078,2919.3145,0.0000,999,1000,999,1,65.4619
40790.0000,4079,2919.3341,0.0000,999,999,1000,1,65.5613
40800.0000,4080,2919.3533,0.0000,999,999,1000,1,65.2707
40810.0000,4081,2919.3727,0.0000,998,1000,999,1,65.1104
40820.0000,4082,2919.3918,0.0000,997,997,998,1,64.6909
40830.0000,4083,2919.4101,0.0000,996,997,997,1,64.4031
40840.0000,4084,2919.4290,0.0000,1000,999,1000,1,64.5031
40850.0000,4085,2919.4486,0.0000,1000,1000,1000,1,64.7321
40860.0000,4086,2919.4679,0.0000,999,999,999,1,64.7027
40870.0000,4087,2919.4872,0.0000,999,1000,999,1,64.6733
40880.0000,4088,2919.5067,0.0000,1000,999,999,1,64.6441
40890.0000,4089,2919.5254,0.0000,999,1000,1000,1,64.3587
40900.0000,4090,2919.5450,0.0000,1000,1000,1000,1,64.5874
40910.0000,4091,2919.5645,0.0000,999,999,999,1,64.6873
40920.0000,4092,2919.5835,0.0000,999,999,1000,1,64.5295
40930.0000,4093,2919.6029,0.0000,999,999,999,1,64.5013
40940.0000,4094,2919.6224,0.0000,1000,1000,1000,1,64.7298
40950.0000,4095,2919.6419,0.0000,1000,1000,1000,1,64.8295
40960.0000,4096,2919.6612,0.0000,999,1000,1000,1,64.8011
40970.0000,4097,2919.6805,0.0000,1000,999,1000,1,64.6457
40980.0000,4098,2919.6999,0.0000,999,999,1000,1,64.8740
40990.0000,4099,2919.7192,0.0000,999,1000,1000,1,64.9740
41000.0000,4100,2919.7382,0.0000,1000,1000,1000,1,64.8173
41010.0000,4101,2919.7571,0.0000,999,999,999,1,64.2774
41020.0000,4102,2919.7762,0.0000,999,999,999,1,64.2501
41030.0000,4103,2919.7954,0.0000,1000,1000,1000,1,64.2227
41040.0000,4104,2919.8147,0.0000,999,1000,1000,1,64.4507
41050.0000,4105,2919.8340,0.0000,999,999,1000,1,64.5508
41060.0000,4106,2919.8531,0.0000,1000,1000,999,1,64.3948
41070.0000,4107,2919.8721,0.0000,999,999,1000,1,64.4945
41080.0000,4108,2919.8915,0.0000,999,999,1000,1,64.7222
41090.0000,4109,2919.9108,0.0000,998,999,999,1,64.8213
41100.0000,4110,2919.9299,0.0000,999,999,1000,1,65.0487
41110.0000,4111,2919.9492,0.0000,1000,1000,1000,1,65.1474
41120.0000,4112,2919.9682,0.0000,999,1000,1000,1,65.1172
41130.0000,4113,2919.9875,0.0000,1000,1000,1000,1,65.3445
41140.0000,4114,2920.0068,0.0000,1000,1000,1000,1,65.4427
41150.0000,4115,2920.0261,0.0000,999,1000,999,1,65.5406
41160.0000,4116,2920.0451,0.0000,999,999,999,1,65.3802
41170.0000,4117,2920.0641,0.0000,1000,1000,999,1,64.9621
41180.0000,4118,2920.0831,0.0000,999,1000,999,1,64.5458
41190.0000,4119,2920.1023,0.0000,999,1000,1000,1,64.7729
41200.0000,4120,2920.1215,0.0000,1000,1000,1000,1,64.8712
41210.0000,4121,2920.1406,0.0000,1000,999,1000,1,64.9693
41220.0000,4122,2920.1598,0.0000,999,999,1000,1,65.0673
41230.0000,4123,2920.1787,0.0000,999,1000,999,1,64.7787
41240.0000,4124,2920.1978,0.0000,1000,1000,1000,1,64.8766
41250.0000,4125,2920.2169,0.0000,999,999,1000,1,64.8452
41260.0000,4126,2920.2361,0.0000,999,1000,1000,1,65.0719
41270.0000,4127,2920.2551,0.0000,999,999,999,1,65.1690
41280.0000,4128,2920.2741,0.0000,1000,1000,1000,1,65.2660
41290.0000,4129,2920.2933,0.0000,999,1000,1000,1,65.4924
41300.0000,4130,2920.3124,0.0000,1000,999,1000,1,65.5892
41310.0000,4131,2920.3314,0.0000,999,1000,1000,1,65.5571
41320.0000,4132,2920.3504,0.0000,1000,1000,1000,1,65.5249
41330.0000,4133,2920.3696,0.0000,1000,1000,1000,1,65.7510
41340.0000,4134,2920.3887,0.0000,999,1000,1000,1,65.9770
41350.0000,4135,2920.4075,0.0000,999,999,1000,1,65.8137
41360.0000,4136,2920.4266,0.0000,999,1000,1000,1,65.9099
41370.0000,4137,2920.4456,0.0000,999,999,999,1,65.7469
41380.0000,4138,2920.4647,0.0000,999,1000,1000,1,65.9727
41390.0000,4139,2920.4838,0.0000,999,1000,1000,1,66.1983
41400.0000,4140,2920.5028,0.0000,999,1000,1000,1,66.1652
41410.0000,4141,2920.5218,0.0000,1000,1000,1000,1,66.2614
41420.0000,4142,2920.5409,0.0000,1000,1000,1000,1,66.3574
41430.0000,4143,2920.5598,0.0000,1000,1000,1000,1,66.3235
41440.0000,4144,2920.5786,0.0000,1000,1000,1000,1,66.1599
41450.0000,4145,2920.5975,0.0000,999,1000,1000,1,66.1263
41460.0000,4146,2920.6164,0.0000,999,999,999,1,66.2218
41470.0000,4147,2920.6352,0.0000,1000,999,1000,1,66.1879
41480.0000,4148,2920.6539,0.0000,999,1000,1000,1,66.0241
41490.0000,4149,2920.6729,0.0000,1000,999,1000,1,66.1193
41500.0000,4150,2920.6917,0.0000,998,999,999,1,66.0844
41510.0000,4151,2920.7106,0.0000,999,999,1000,1,66.3094
41520.0000,4152,2920.7295,0.0000,999,1000,1000,1,66.4041
41530.0000,4153,2920.7485,0.0000,1000,1000,1000,1,66.6289
41540.0000,4154,2920.7673,0.0000,1000,1000,1000,1,66.8536
41550.0000,4155,2920.7862,0.0000,1000,1000,1000,1,66.9472
41560.0000,4156,2920.8051,0.0000,999,1000,1000,1,67.1717
41570.0000,4157,2920.8239,0.0000,998,999,1000,1,67.2654
41580.0000,4158,2920.8425,0.0000,999,999,1000,1,67.0990
41590.0000,4159,2920.8614,0.0000,999,1000,1000,1,67.3234
41600.0000,4160,2920.8802,0.0000,1000,1000,1000,1,67.2868
41610.0000,4161,2920.8989,0.0000,999,1000,1000,1,67.3804
41620.0000,4162,2920.9178,0.0000,1000,1000,1000,1,67.6045
41630.0000,4163,2920.9366,0.0000,1000,1000,1000,1,67.6976
41640.0000,4164,2920.9553,0.0000,999,1000,1000,1,67.6596
41650.0000,4165,2920.9739,0.0000,999,1000,999,1,67.2297
41660.0000,4166,2920.9925,0.0000,999,1000,1000,1,67.1931
41670.0000,4167,2921.0112,0.0000,1000,1000,999,1,67.1563
41680.0000,4168,2921.0298,0.0000,1000,1000,1000,1,67.3801
41690.0000,4169,2921.0484,0.0000,1000,1000,1000,1,67.4733
41700.0000,4170,2921.0670,0.0000,999,1000,1000,1,67.4358
41710.0000,4171,2921.0858,0.0000,1000,1000,1000,1,67.6594
41720.0000,4172,2921.1046,0.0000,999,999,1000,1,67.7521
41730.0000,4173,2921.1233,0.0000,999,1000,1000,1,67.8448
41740.0000,4174,2921.1419,0.0000,999,999,999,1,67.9370
41750.0000,4175,2921.1605,0.0000,1000,1000,1000,1,68.0291
41760.0000,4176,2921.1788,0.0000,1000,1000,1000,1,67.9896
41770.0000,4177,2921.1975,0.0000,1000,999,999,1,68.0811
41780.0000,4178,2921.2155,0.0000,999,999,1000,1,67.9094
41790.0000,4179,2921.2340,0.0000,999,1000,1000,1,67.8696
41800.0000,4180,2921.2526,0.0000,999,999,999,1,67.8293
41810.0000,4181,2921.2710,0.0000,1000,1000,1000,1,67.6576
41820.0000,4182,2921.2894,0.0000,998,998,999,1,67.6176
41830.0000,4183,2921.3072,0.0000,999,1000,1000,1,67.1827
41840.0000,4184,2921.3258,0.0000,999,1000,1000,1,67.2744
41850.0000,4185,2921.3444,0.0000,999,1000,1000,1,67.2348
41860.0000,4186,2921.3629,0.0000,999,1000,1000,1,67.1956
41870.0000,4187,2921.3815,0.0000,1000,1000,1000,1,67.2877
41880.0000,4188,2921.3998,0.0000,998,998,998,1,66.8574
41890.0000,4189,2921.4177,0.0000,998,999,998,1,66.5613
41900.0000,4190,2921.4360,0.0000,998,1000,999,1,66.6543
41910.0000,4191,2921.4545,0.0000,999,999,1000,1,66.8770
41920.0000,4192,2921.4730,0.0000,1000,1000,999,1,66.8395
41930.0000,4193,2921.4914,0.0000,999,1000,1000,1,66.9320
41940.0000,4194,2921.5099,0.0000,1000,999,999,1,66.7647
41950.0000,4195,2921.5282,0.0000,1000,999,1000,1,66.7274
41960.0000,4196,2921.5466,0.0000,999,999,1000,1,66.8202
41970.0000,4197,2921.5652,0.0000,1000,1000,1000,1,67.0426
41980.0000,4198,2921.5837,0.0000,999,1000,1000,1,67.2648
41990.0000,4199,2921.6023,0.0000,999,1000,1000,1,67.4869
42000.0000,4200,2921.6206,0.0000,1000,999,1000,1,67.7090
42010.0000,4201,2921.6388,0.0000,1000,1000,1000,1,67.5393
42020.0000,4202,2921.6573,0.0000,1000,1000,1000,1,67.7612
42030.0000,4203,2921.6757,0.0000,1000,1000,1000,1,67.8521
42040.0000,4204,2921.6941,0.0000,999,999,1000,1,67.8123
42050.0000,4205,2921.7122,0.0000,1000,1000,1000,1,67.5118
42060.0000,4206,2921.7305,0.0000,1000,999,1000,1,67.4725
42070.0000,4207,2921.7490,0.0000,1000,1000,1000,1,67.6941
42080.0000,4208,2921.7672,0.0000,1000,1000,1000,1,67.7849
42090.0000,4209,2921.7852,0.0000,999,999,999,1,67.2245
42100.0000,4210,2921.8035,0.0000,1000,999,1000,1,67.1866
42110.0000,4211,2921.8217,0.0000,998,1000,999,1,67.2780
42120.0000,4212,2921.8399,0.0000,1000,1000,1000,1,67.3694
42130.0000,4213,2921.8582,0.0000,1000,999,1000,1,67.4606
42140.0000,4214,2921.8763,0.0000,999,999,1000,1,67.1611
42150.0000,4215,2921.8944,0.0000,1000,999,1000,1,67.2521
42160.0000,4216,2921.9124,0.0000,1000,999,1000,1,67.2124
42170.0000,4217,2921.9307,0.0000,1000,1000,1000,1,67.3033
42180.0000,4218,2921.9490,0.0000,999,1000,1000,1,67.5244
42190.0000,4219,2921.9668,0.0000,999,999,999,1,67.3558
42200.0000,4220,2921.9849,0.0000,1000,1000,1000,1,67.3177
42210.0000,4221,2922.0031,0.0000,998,998,999,1,67.2795
42220.0000,4222,2922.0208,0.0000,999,998,1000,1,67.2411
42230.0000,4223,2922.0389,0.0000,999,999,999,1,67.2024
42240.0000,4224,2922.0569,0.0000,1000,999,1000,1,67.2937
42250.0000,4225,2922.0752,0.0000,999,1000,1000,1,67.3849
42260.0000,4226,2922.0934,0.0000,998,999,999,1,67.2167
42270.0000,4227,2922.1113,0.0000,1000,999,1000,1,67.1780
42280.0000,4228,2922.1295,0.0000,999,999,1000,1,67.1394
42290.0000,4229,2922.1476,0.0000,999,1000,1000,1,67.2304
42300.0000,4230,2922.1655,0.0000,999,1000,1000,1,67.0627
42310.0000,4231,2922.1835,0.0000,1000,999,1000,1,66.8963
42320.0000,4232,2922.2016,0.0000,999,1000,1000,1,66.8592
42330.0000,4233,2922.2187,0.0000,1000,997,999,1,66.4362
42340.0000,4234,2922.2367,0.0000,1000,999,1000,1,66.3992
42350.0000,4235,2922.2545,0.0000,1000,999,999,1,65.9783
42360.0000,4236,2922.2725,0.0000,998,1000,999,1,65.8153
42370.0000,4237,2922.2902,0.0000,997,998,998,1,65.3978
42380.0000,4238,2922.3067,0.0000,996,996,997,1,64.9809
42390.0000,4239,2922.3237,0.0000,1000,1000,1000,1,64.6921
42400.0000,4240,2922.3416,0.0000,1000,999,999,1,64.5312
42410.0000,4241,2922.3597,0.0000,999,1000,1000,1,64.6247
42420.0000,4242,2922.3778,0.0000,1000,1000,1000,1,64.7179
42430.0000,4243,2922.3957,0.0000,999,999,1000,1,64.6841
42440.0000,4244,2922.4139,0.0000,1000,999,1000,1,64.7777
42450.0000,4245,2922.4319,0.0000,1000,999,999,1,64.7445
42460.0000,4246,2922.4496,0.0000,999,1000,1000,1,64.4579
42470.0000,4247,2922.4675,0.0000,1000,1000,1000,1,64.2981
42480.0000,4248,2922.4856,0.0000,999,1000,1000,1,64.5184
42490.0000,4249,2922.5037,0.0000,1000,1000,1000,1,64.6117
42500.0000,4250,2922.5217,0.0000,1000,1000,1000,1,64.8318
42510.0000,4251,2922.5396,0.0000,999,999,999,1,64.7972
42520.0000,4252,2922.5574,0.0000,1000,999,1000,1,65.0171
42530.0000,4253,2922.5754,0.0000,999,999,1000,1,65.1095
42540.0000,4254,2922.5933,0.0000,999,1000,1000,1,64.9474
42550.0000,4255,2922.6112,0.0000,1000,1000,999,1,65.0397
42560.0000,4256,2922.6291,0.0000,1000,1000,1000,1,65.1318
42570.0000,4257,2922.6472,0.0000,1000,1000,1000,1,65.3514
42580.0000,4258,2922.6652,0.0000,1000,1000,999,1,65.4429
42590.0000,4259,2922.6832,0.0000,1000,999,1000,1,65.6623
42600.0000,4260,2922.7010,0.0000,1000,1000,1000,1,65.3701
42610.0000,4261,2922.7189,0.0000,1000,999,1000,1,65.4616
42620.0000,4262,2922.7369,0.0000,999,1000,1000,1,65.6809
42630.0000,4263,2922.7547,0.0000,999,999,999,1,65.5159
42640.0000,4264,2922.7725,0.0000,1000,999,1000,1,65.6071
42650.0000,4265,2922.7902,0.0000,999,999,999,1,65.1873
42660.0000,4266,2922.8078,0.0000,999,1000,999,1,65.2788
42670.0000,4267,2922.8256,0.0000,1000,999,1000,1,65.2427
42680.0000,4268,2922.8435,0.0000,1000,1000,1000,1,65.2064
42690.0000,4269,2922.8613,0.0000,1000,1000,1000,1,65.2975
42700.0000,4270,2922.8791,0.0000,999,1000,1000,1,65.2608
42710.0000,4271,2922.8969,0.0000,999,1000,1000,1,65.2241
42720.0000,4272,2922.9146,0.0000,999,999,999,1,65.1874
42730.0000,4273,2922.9325,0.0000,999,1000,1000,1,65.4062
42740.0000,4274,2922.9502,0.0000,999,999,1000,1,65.2413
42750.0000,4275,2922.9680,0.0000,1000,999,1000,1,65.4600
42760.0000,4276,2922.9859,0.0000,1000,1000,1000,1,65.6786
42770.0000,4277,2923.0034,0.0000,999,1000,999,1,65.5121
42780.0000,4278,2923.0212,0.0000,1000,1000,1000,1,65.4738
42790.0000,4279,2923.0390,0.0000,998,999,1000,1,65.4355
42800.0000,4280,2923.0567,0.0000,1000,1000,1000,1,65.3980
42810.0000,4281,2923.0745,0.0000,999,1000,1000,1,65.6163
42820.0000,4282,2923.0923,0.0000,999,1000,1000,1,65.7064
42830.0000,4283,2923.1099,0.0000,998,999,1000,1,65.5415
42840.0000,4284,2923.1275,0.0000,999,1000,1000,1,65.5044
42850.0000,4285,2923.1449,0.0000,1000,1000,1000,1,65.0842
42860.0000,4286,2923.1625,0.0000,999,999,999,1,64.9201
42870.0000,4287,2923.1797,0.0000,998,999,999,1,64.7562
42880.0000,4288,2923.1970,0.0000,998,998,998,1,64.3399
42890.0000,4289,2923.2141,0.0000,999,999,1000,1,64.3054
42900.0000,4290,2923.2315,0.0000,999,999,1000,1,64.0211
42910.0000,4291,2923.2492,0.0000,999,999,1000,1,64.2392
42920.0000,4292,2923.2668,0.0000,999,1000,1000,1,64.2059
42930.0000,4293,2923.2843,0.0000,998,999,999,1,64.1723
42940.0000,4294,2923.3018,0.0000,999,1000,1000,1,64.2644
42950.0000,4295,2923.3191,0.0000,1000,1000,999,1,63.8552
42960.0000,4296,2923.3367,0.0000,999,1000,1000,1,64.0731
42970.0000,4297,2923.3544,0.0000,998,1000,1000,1,64.1656
42980.0000,4298,2923.3715,0.0000,1000,999,1000,1,63.6343
42990.0000,4299,2923.3890,0.0000,1000,999,1000,1,63.7279
43000.0000,4300,2923.4066,0.0000,999,1000,1000,1,63.6980
43010.0000,4301,2923.4236,0.0000,1000,1000,1000,1,63.2982
43020.0000,4302,2923.4411,0.0000,1000,1000,1000,1,63.2695
43030.0000,4303,2923.4587,0.0000,999,1000,1000,1,63.2410
43040.0000,4304,2923.4762,0.0000,999,999,1000,1,63.3354
43050.0000,4305,2923.4937,0.0000,1000,1000,1000,1,63.4296
43060.0000,4306,2923.5114,0.0000,999,1000,1000,1,63.6471
43070.0000,4307,2923.5290,0.0000,998,999,999,1,63.4933
43080.0000,4308,2923.5463,0.0000,998,998,999,1,63.3414
43090.0000,4309,2923.5638,0.0000,999,1000,1000,1,63.4359
43100.0000,4310,2923.5813,0.0000,1000,1000,1000,1,63.4073
43110.0000,4311,2923.5989,0.0000,999,999,1000,1,63.6245
43120.0000,4312,2923.6159,0.0000,1000,1000,1000,1,63.5959
43130.0000,4313,2923.6333,0.0000,1000,999,1000,1,63.3214
43140.0000,4314,2923.6508,0.0000,1000,1000,1000,1,63.5385
43150.0000,4315,2923.6681,0.0000,998,998,999,1,63.2635
43160.0000,4316,2923.6852,0.0000,1000,1000,1000,1,63.1122
43170.0000,4317,2923.7028,0.0000,1000,1000,1000,1,63.3292
43180.0000,4318,2923.7202,0.0000,999,1000,1000,1,63.3011
43190.0000,4319,2923.7374,0.0000,1000,999,999,1,63.1501
43200.0000,4320,2923.7549,0.0000,1000,1000,1000,1,63.3669
43210.0000,4321,2923.7722,0.0000,998,1000,999,1,63.3378
43220.0000,4322,2923.7893,0.0000,1000,999,1000,1,63.3087
43230.0000,4323,2923.8068,0.0000,1000,1000,1000,1,63.4022
43240.0000,4324,2923.8241,0.0000,998,1000,1000,1,63.3724
43250.0000,4325,2923.8412,0.0000,999,999,1000,1,63.3425
43260.0000,4326,2923.8584,0.0000,999,1000,1000,1,63.3124
43270.0000,4327,2923.8758,0.0000,1000,1000,1000,1,63.5289
43280.0000,4328,2923.8932,0.0000,1000,1000,1000,1,63.6219
43290.0000,4329,2923.9105,0.0000,1000,1000,1000,1,63.5911
43300.0000,4330,2923.9279,0.0000,999,1000,1000,1,63.8074
43310.0000,4331,2923.9450,0.0000,1000,1000,1000,1,63.6522
43320.0000,4332,2923.9624,0.0000,1000,999,999,1,63.7449
43330.0000,4333,2923.9798,0.0000,1000,1000,1000,1,63.8376
43340.0000,4334,2923.9971,0.0000,1000,1000,999,1,63.8063
43350.0000,4335,2924.0140,0.0000,999,999,1000,1,63.5280
43360.0000,4336,2924.0314,0.0000,999,1000,1000,1,63.6206
43370.0000,4337,2924.0486,0.0000,1000,999,1000,1,63.7129
43380.0000,4338,2924.0660,0.0000,1000,1000,1000,1,63.9287
43390.0000,4339,2924.0833,0.0000,1000,1000,1000,1,64.0206
43400.0000,4340,2924.1004,0.0000,999,1000,1000,1,63.7417
43410.0000,4341,2924.1177,0.0000,999,1000,1000,1,63.9574
43420.0000,4342,2924.1346,0.0000,999,999,999,1,63.8028
43430.0000,4343,2924.1519,0.0000,1000,1000,1000,1,63.8949
43440.0000,4344,2924.1690,0.0000,1000,1000,1000,1,63.8633
43450.0000,4345,2924.1863,0.0000,999,1000,1000,1,63.9552
43460.0000,4346,2924.2033,0.0000,999,999,1000,1,63.8007
43470.0000,4347,2924.2202,0.0000,1000,1000,1000,1,63.5244
43480.0000,4348,2924.2374,0.0000,998,1000,1000,1,63.3710
43490.0000,4349,2924.2543,0.0000,999,999,1000,1,63.2175
43500.0000,4350,2924.2715,0.0000,1000,1000,1000,1,63.3099
43510.0000,4351,2924.2887,0.0000,999,1000,1000,1,63.5252
43520.0000,4352,2924.3056,0.0000,999,999,999,1,63.3705
43530.0000,4353,2924.3227,0.0000,999,999,999,1,63.4622
43540.0000,4354,2924.3395,0.0000,1000,1000,999,1,63.1837
43550.0000,4355,2924.3559,0.0000,997,998,998,1,63.0279
43560.0000,4356,2924.3725,0.0000,999,999,1000,1,62.5026
43570.0000,4357,2924.3897,0.0000,999,1000,1000,1,62.5945
43580.0000,4358,2924.4066,0.0000,999,1000,1000,1,62.5629
43590.0000,4359,2924.4238,0.0000,1000,1000,1000,1,62.5319
43600.0000,4360,2924.4407,0.0000,999,999,1000,1,62.5004
43610.0000,4361,2924.4578,0.0000,1000,1000,1000,1,62.4692
43620.0000,4362,2924.4746,0.0000,999,1000,1000,1,62.3146
43630.0000,4363,2924.4917,0.0000,1000,1000,1000,1,62.2833
43640.0000,4364,2924.5087,0.0000,1000,999,1000,1,62.3749
43650.0000,4365,2924.5258,0.0000,1000,999,1000,1,62.4663
43660.0000,4366,2924.5426,0.0000,999,999,1000,1,62.3105
43670.0000,4367,2924.5596,0.0000,1000,1000,1000,1,62.2782
43680.0000,4368,2924.5767,0.0000,999,1000,999,1,62.2456
43690.0000,4369,2924.5936,0.0000,999,999,1000,1,62.2133
43700.0000,4370,2924.6106,0.0000,999,1000,1000,1,62.1813
43710.0000,4371,2924.6276,0.0000,1000,999,1000,1,61.9025
43720.0000,4372,2924.6447,0.0000,1000,1000,1000,1,61.9937
43730.0000,4373,2924.6618,0.0000,999,1000,999,1,62.0845
43740.0000,4374,2924.6786,0.0000,999,1000,1000,1,62.0519
43750.0000,4375,2924.6955,0.0000,999,1000,1000,1,62.1430
43760.0000,4376,2924.7125,0.0000,998,1000,999,1,62.2339
43770.0000,4377,2924.7295,0.0000,1000,999,1000,1,62.2012
43780.0000,4378,2924.7464,0.0000,998,999,999,1,62.0445
43790.0000,4379,2924.7632,0.0000,999,1000,1000,1,62.0118
43800.0000,4380,2924.7802,0.0000,999,999,1000,1,62.2259
43810.0000,4381,2924.7970,0.0000,999,1000,1000,1,62.1927
43820.0000,4382,2924.8139,0.0000,999,1000,1000,1,62.2830
43830.0000,4383,2924.8308,0.0000,999,1000,1000,1,62.3730
43840.0000,4384,2924.8479,0.0000,999,999,1000,1,62.4628
43850.0000,4385,2924.8645,0.0000,999,999,999,1,62.1801
43860.0000,4386,2924.8812,0.0000,999,999,1000,1,62.0226
43870.0000,4387,2924.8981,0.0000,998,999,999,1,61.9899
43880.0000,4388,2924.9148,0.0000,998,998,998,1,61.8345
43890.0000,4389,2924.9316,0.0000,999,999,1000,1,61.9252
43900.0000,4390,2924.9485,0.0000,999,999,1000,1,62.0159
43910.0000,4391,2924.9654,0.0000,1000,1000,1000,1,62.1063
43920.0000,4392,2924.9824,0.0000,999,1000,1000,1,62.3198
43930.0000,4393,2924.9993,0.0000,999,999,1000,1,62.5333
43940.0000,4394,2925.0161,0.0000,999,1000,1000,1,62.6230
43950.0000,4395,2925.0331,0.0000,1000,1000,1000,1,62.7127
43960.0000,4396,2925.0497,0.0000,999,999,1000,1,62.6787
43970.0000,4397,2925.0666,0.0000,999,999,1000,1,62.8918
43980.0000,4398,2925.0834,0.0000,999,1000,1000,1,62.9811
43990.0000,4399,2925.0999,0.0000,1000,999,1000,1,62.4514
44000.0000,4400,2925.1166,0.0000,999,1000,1000,1,62.4175
44010.0000,4401,2925.1334,0.0000,1000,1000,1000,1,62.5070
44020.0000,4402,2925.1500,0.0000,999,1000,1000,1,62.4731
44030.0000,4403,2925.1665,0.0000,998,998,998,1,62.1921
44040.0000,4404,2925.1830,0.0000,1000,1000,1000,1,62.2815
44050.0000,4405,2925.1998,0.0000,999,1000,1000,1,62.3706
44060.0000,4406,2925.2166,0.0000,1000,999,1000,1,62.5834
44070.0000,4407,2925.2334,0.0000,1000,999,1000,1,62.6720
44080.0000,4408,2925.2500,0.0000,1000,1000,1000,1,62.7604
44090.0000,4409,2925.2664,0.0000,999,999,999,1,62.4757
44100.0000,4410,2925.2829,0.0000,1000,999,999,1,62.4400
44110.0000,4411,2925.2997,0.0000,1000,1000,1000,1,62.6526
44120.0000,4412,2925.3165,0.0000,1000,999,999,1,62.7406
44130.0000,4413,2925.3331,0.0000,999,999,1000,1,62.8285
44140.0000,4414,2925.3497,0.0000,999,999,999,1,62.6674
44150.0000,4415,2925.3663,0.0000,1000,1000,999,1,62.6312
44160.0000,4416,2925.3830,0.0000,999,1000,1000,1,62.5949
44170.0000,4417,2925.3997,0.0000,999,999,1000,1,62.8071
44180.0000,4418,2925.4165,0.0000,1000,1000,1000,1,63.0193
44190.0000,4419,2925.4332,0.0000,1000,999,1000,1,63.2313
44200.0000,4420,2925.4500,0.0000,1000,999,1000,1,63.4432
44210.0000,4421,2925.4665,0.0000,1000,1000,1000,1,63.5301
44220.0000,4422,2925.4830,0.0000,999,1000,999,1,63.4916
44230.0000,4423,2925.4993,0.0000,999,1000,999,1,63.2027
44240.0000,4424,2925.5158,0.0000,999,1000,1000,1,63.2896
44250.0000,4425,2925.5323,0.0000,1000,1000,1000,1,63.2519
44260.0000,4426,2925.5488,0.0000,999,999,999,1,63.0890
44270.0000,4427,2925.5652,0.0000,999,999,1000,1,62.9265
44280.0000,4428,2925.5817,0.0000,1000,999,999,1,62.7641
44290.0000,4429,2925.5982,0.0000,1000,1000,1000,1,62.8512
44300.0000,4430,2925.6148,0.0000,999,999,999,1,62.6900
44310.0000,4431,2925.6313,0.0000,999,999,1000,1,62.6538
44320.0000,4432,2925.6478,0.0000,1000,999,1000,1,62.8653
44330.0000,4433,2925.6644,0.0000,1000,1000,1000,1,62.8284
44340.0000,4434,2925.6809,0.0000,999,999,1000,1,63.0397
44350.0000,4435,2925.6975,0.0000,999,1000,1000,1,63.1265
44360.0000,4436,2925.7138,0.0000,999,998,1000,1,63.2130
44370.0000,4437,2925.7302,0.0000,999,999,999,1,63.2992
44380.0000,4438,2925.7468,0.0000,1000,1000,1000,1,63.5103
44390.0000,4439,2925.7633,0.0000,1000,1000,1000,1,63.7213
44400.0000,4440,2925.7797,0.0000,1000,1000,999,1,63.8069
44410.0000,4441,2925.7961,0.0000,999,1000,1000,1,63.8925
44420.0000,4442,2925.8123,0.0000,999,1000,1000,1,63.7274
44430.0000,4443,2925.8283,0.0000,1000,1000,1000,1,63.5625
44440.0000,4444,2925.8445,0.0000,999,998,1000,1,63.3976
44450.0000,4445,2925.8610,0.0000,999,1000,1000,1,63.4831
44460.0000,4446,2925.8775,0.0000,1000,1000,1000,1,63.5684
44470.0000,4447,2925.8939,0.0000,999,999,1000,1,63.6536
44480.0000,4448,2925.9100,0.0000,999,999,1000,1,63.2382
44490.0000,4449,2925.9263,0.0000,999,999,1000,1,63.0737
44500.0000,4450,2925.9426,0.0000,1000,1000,1000,1,63.0345
44510.0000,4451,2925.9590,0.0000,999,1000,1000,1,63.1202
44520.0000,4452,2925.9754,0.0000,999,999,999,1,63.2055
44530.0000,4453,2925.9918,0.0000,999,999,1000,1,63.4158
44540.0000,4454,2926.0080,0.0000,1000,999,1000,1,63.2511
44550.0000,4455,2926.0244,0.0000,999,1000,999,1,63.2112
44560.0000,4456,2926.0404,0.0000,998,1000,999,1,62.9222
44570.0000,4457,2926.0568,0.0000,999,1000,1000,1,63.0074
44580.0000,4458,2926.0732,0.0000,999,999,1000,1,63.0925
44590.0000,4459,2926.0896,0.0000,999,1000,1000,1,63.1776
44600.0000,4460,2926.1057,0.0000,999,999,999,1,63.0120
44610.0000,4461,2926.1216,0.0000,998,1000,1000,1,62.7210
44620.0000,4462,2926.1379,0.0000,999,1000,1000,1,62.8057
44630.0000,4463,2926.1542,0.0000,1000,1000,1000,1,62.8901
44640.0000,4464,2926.1703,0.0000,999,999,1000,1,62.5980
44650.0000,4465,2926.1864,0.0000,999,999,1000,1,62.4324
44660.0000,4466,2926.2026,0.0000,1000,1000,1000,1,62.3920
44670.0000,4467,2926.2188,0.0000,1000,999,1000,1,62.3521
44680.0000,4468,2926.2350,0.0000,999,999,1000,1,62.4373
44690.0000,4469,2926.2512,0.0000,999,1000,1000,1,62.3976
44700.0000,4470,2926.2673,0.0000,1000,1000,1000,1,62.3578
44710.0000,4471,2926.2837,0.0000,1000,999,1000,1,62.4425
44720.0000,4472,2926.3000,0.0000,1000,1000,1000,1,62.4019
44730.0000,4473,2926.3163,0.0000,1000,1000,1000,1,62.4863
44740.0000,4474,2926.3321,0.0000,998,998,998,1,62.0693
44750.0000,4475,2926.3482,0.0000,999,1000,1000,1,62.0280
44760.0000,4476,2926.3643,0.0000,999,1000,1000,1,62.1121
44770.0000,4477,2926.3804,0.0000,998,999,1000,1,61.9447
44780.0000,4478,2926.3966,0.0000,1000,1000,1000,1,61.9035
44790.0000,4479,2926.4128,0.0000,999,999,1000,1,61.8621
44800.0000,4480,2926.4289,0.0000,999,999,999,1,61.8206
44810.0000,4481,2926.4449,0.0000,1000,1000,1000,1,61.9045
44820.0000,4482,2926.4611,0.0000,999,1000,1000,1,61.9885
44830.0000,4483,2926.4770,0.0000,998,999,998,1,61.8213
44840.0000,4484,2926.4932,0.0000,1000,1000,1000,1,62.0305
44850.0000,4485,2926.5085,0.0000,998,998,1000,1,61.4865
44860.0000,4486,2926.5242,0.0000,1000,999,1000,1,61.3199
44870.0000,4487,2926.5402,0.0000,998,999,999,1,61.1534
44880.0000,4488,2926.5562,0.0000,999,999,1000,1,60.6143
44890.0000,4489,2926.5724,0.0000,999,1000,1000,1,60.8235
44900.0000,4490,2926.5882,0.0000,999,1000,1000,1,60.6587
44910.0000,4491,2926.6042,0.0000,1000,1000,1000,1,60.7432
44920.0000,4492,2926.6203,0.0000,999,999,1000,1,60.8274
44930.0000,4493,2926.6361,0.0000,999,999,999,1,60.4129
44940.0000,4494,2926.6521,0.0000,999,1000,999,1,60.4974
44950.0000,4495,2926.6682,0.0000,1000,1000,1000,1,60.7064
44960.0000,4496,2926.6844,0.0000,999,1000,1000,1,60.7906
44970.0000,4497,2926.7005,0.0000,1000,999,1000,1,60.9995
44980.0000,4498,2926.7165,0.0000,1000,1000,1000,1,61.0836
44990.0000,4499,2926.7327,0.0000,999,1000,1000,1,61.2923
45000.0000,4500,2926.7488,0.0000,1000,999,1000,1,61.5009
45010.0000,4501,2926.7645,0.0000,999,1000,1000,1,61.4593
45020.0000,4502,2926.7804,0.0000,1000,1000,1000,1,61.4177
45030.0000,4503,2926.7964,0.0000,999,999,999,1,61.2523
45040.0000,4504,2926.8122,0.0000,999,1000,1000,1,61.0875
45050.0000,4505,2926.8283,0.0000,1000,999,1000,1,61.2959
45060.0000,4506,2926.8444,0.0000,1000,999,1000,1,61.3796
45070.0000,4507,2926.8603,0.0000,1000,1000,999,1,61.3389
45080.0000,4508,2926.8764,0.0000,999,999,1000,1,61.4226
45090.0000,4509,2926.8923,0.0000,1000,1000,1000,1,61.5064
45100.0000,4510,2926.9083,0.0000,999,1000,1000,1,61.5900
45110.0000,4511,2926.9242,0.0000,1000,1000,1000,1,61.4249
45120.0000,4512,2926.9402,0.0000,999,999,999,1,61.3840
45130.0000,4513,2926.9561,0.0000,999,1000,1000,1,61.4675
45140.0000,4514,2926.9716,0.0000,1000,998,1000,1,61.3020
45150.0000,4515,2926.9873,0.0000,999,998,999,1,61.1366
45160.0000,4516,2927.0032,0.0000,998,999,999,1,61.2200
45170.0000,4517,2927.0190,0.0000,1000,1000,1000,1,61.3033
45180.0000,4518,2927.0350,0.0000,1000,1000,1000,1,61.3863
45190.0000,4519,2927.0509,0.0000,1000,999,1000,1,61.5940
45200.0000,4520,2927.0667,0.0000,999,1000,1000,1,61.5514
45210.0000,4521,2927.0826,0.0000,998,999,1000,1,61.5084
45220.0000,4522,2927.0985,0.0000,999,1000,1000,1,61.4654
45230.0000,4523,2927.1142,0.0000,1000,1000,1000,1,61.4227
45240.0000,4524,2927.1302,0.0000,1000,1000,1000,1,61.5053
45250.0000,4525,2927.1461,0.0000,1000,1000,1000,1,61.4633
45260.0000,4526,2927.1621,0.0000,999,1000,1000,1,61.6706
45270.0000,4527,2927.1778,0.0000,1000,1000,1000,1,61.6285
45280.0000,4528,2927.1938,0.0000,999,1000,1000,1,61.8357
45290.0000,4529,2927.2095,0.0000,999,999,1000,1,61.5482
45300.0000,4530,2927.2251,0.0000,999,999,999,1,61.3845
45310.0000,4531,2927.2410,0.0000,1000,1000,999,1,61.3449
45320.0000,4532,2927.2566,0.0000,998,1000,999,1,61.3055
45330.0000,4533,2927.2721,0.0000,999,1000,1000,1,61.1440
45340.0000,4534,2927.2878,0.0000,999,1000,998,1,60.9837
45350.0000,4535,2927.3034,0.0000,998,998,998,1,60.8245
45360.0000,4536,2927.3185,0.0000,998,998,998,1,60.4231
45370.0000,4537,2927.3340,0.0000,999,1000,1000,1,60.3867
45380.0000,4538,2927.3498,0.0000,999,1000,1000,1,60.3505
45390.0000,4539,2927.3656,0.0000,999,1000,1000,1,60.4358
45400.0000,4540,2927.3812,0.0000,1000,999,1000,1,60.3988
45410.0000,4541,2927.3970,0.0000,1000,1000,1000,1,60.6057
45420.0000,4542,2927.4128,0.0000,999,999,1000,1,60.6903
45430.0000,4543,2927.4286,0.0000,999,1000,1000,1,60.7746
45440.0000,4544,2927.4444,0.0000,1000,1000,1000,1,60.8590
45450.0000,4545,2927.4601,0.0000,999,1000,999,1,60.9429
45460.0000,4546,2927.4757,0.0000,1000,1000,1000,1,61.0267
45470.0000,4547,2927.4912,0.0000,999,999,999,1,60.7427
45480.0000,4548,2927.5066,0.0000,999,999,1000,1,60.5817
45490.0000,4549,2927.5224,0.0000,1000,1000,1000,1,60.7882
45500.0000,4550,2927.5380,0.0000,1000,999,999,1,60.6270
45510.0000,4551,2927.5537,0.0000,1000,1000,1000,1,60.8333
45520.0000,4552,2927.5694,0.0000,1000,1000,1000,1,61.0396
45530.0000,4553,2927.5851,0.0000,999,999,999,1,60.9998
45540.0000,4554,2927.6005,0.0000,999,999,1000,1,60.7149
45550.0000,4555,2927.6162,0.0000,999,1000,1000,1,60.9211
45560.0000,4556,2927.6318,0.0000,999,999,999,1,60.8814
45570.0000,4557,2927.6475,0.0000,999,1000,999,1,60.9645
45580.0000,4558,2927.6632,0.0000,999,999,1000,1,61.1705
45590.0000,4559,2927.6790,0.0000,1000,1000,1000,1,61.3764
45600.0000,4560,2927.6946,0.0000,1000,1000,1000,1,61.4592
45610.0000,4561,2927.7103,0.0000,1000,1000,1000,1,61.6650
45620.0000,4562,2927.7259,0.0000,998,998,999,1,61.5008
45630.0000,4563,2927.7414,0.0000,1000,1000,1000,1,61.3372
45640.0000,4564,2927.7570,0.0000,999,1000,1000,1,61.4197
45650.0000,4565,2927.7725,0.0000,1000,999,1000,1,61.2558
45660.0000,4566,2927.7880,0.0000,999,1000,1000,1,61.2151
45670.0000,4567,2927.8035,0.0000,1000,1000,1000,1,61.1745
45680.0000,4568,2927.8189,0.0000,998,999,999,1,60.8871
45690.0000,4569,2927.8343,0.0000,999,999,1000,1,60.6000
45700.0000,4570,2927.8498,0.0000,999,999,1000,1,60.8055
45710.0000,4571,2927.8654,0.0000,999,1000,1000,1,61.0110
45720.0000,4572,2927.8810,0.0000,1000,1000,1000,1,61.2164
45730.0000,4573,2927.8967,0.0000,999,999,1000,1,61.2979
45740.0000,4574,2927.9122,0.0000,999,1000,1000,1,61.2555
45750.0000,4575,2927.9277,0.0000,999,1000,1000,1,61.4607
45760.0000,4576,2927.9431,0.0000,999,999,999,1,61.1698
45770.0000,4577,2927.9584,0.0000,999,999,999,1,60.3853
45780.0000,4578,2927.9739,0.0000,1000,1000,1000,1,60.5905
45790.0000,4579,2927.9894,0.0000,1000,1000,1000,1,60.6723
45800.0000,4580,2928.0050,0.0000,999,1000,1000,1,60.7539
45810.0000,4581,2928.0205,0.0000,999,1000,1000,1,60.9589
45820.0000,4582,2928.0360,0.0000,1000,1000,1000,1,61.0400
45830.0000,4583,2928.0516,0.0000,999,999,1000,1,61.2449
45840.0000,4584,2928.0670,0.0000,999,1000,1000,1,61.2012
45850.0000,4585,2928.0823,0.0000,999,1000,1000,1,61.0328
45860.0000,4586,2928.0978,0.0000,1000,999,1000,1,61.2376
45870.0000,4587,2928.1132,0.0000,998,999,999,1,61.1930
45880.0000,4588,2928.1285,0.0000,999,1000,1000,1,61.1483
45890.0000,4589,2928.1439,0.0000,999,999,1000,1,61.1045
45900.0000,4590,2928.1589,0.0000,1000,1000,1000,1,61.0609
45910.0000,4591,2928.1741,0.0000,1000,1000,1000,1,61.1415
45920.0000,4592,2928.1896,0.0000,1000,1000,1000,1,61.2222
45930.0000,4593,2928.2049,0.0000,1000,1000,1000,1,61.0554
45940.0000,4594,2928.2202,0.0000,999,1000,1000,1,61.1360
45950.0000,4595,2928.2355,0.0000,999,999,999,1,60.9688
45960.0000,4596,2928.2507,0.0000,1000,999,1000,1,61.0491
45970.0000,4597,2928.2662,0.0000,1000,1000,1000,1,61.2534
45980.0000,4598,2928.2817,0.0000,999,1000,1000,1,61.4575
45990.0000,4599,2928.2971,0.0000,999,999,1000,1,61.5370
46000.0000,4600,2928.3124,0.0000,1000,1000,1000,1,61.4921
46010.0000,4601,2928.3277,0.0000,1000,1000,1000,1,61.4473
46020.0000,4602,2928.3429,0.0000,1000,1000,1000,1,61.2779
46030.0000,4603,2928.3581,0.0000,999,1000,999,1,61.1093
46040.0000,4604,2928.3733,0.0000,1000,1000,1000,1,61.0655
46050.0000,4605,2928.3885,0.0000,1000,1000,1000,1,60.8976
46060.0000,4606,2928.4037,0.0000,998,999,999,1,60.8532
46070.0000,4607,2928.4187,0.0000,999,999,1000,1,60.6858
46080.0000,4608,2928.4337,0.0000,998,999,999,1,60.3983
46090.0000,4609,2928.4490,0.0000,999,999,1000,1,60.6022
46100.0000,4610,2928.4640,0.0000,1000,1000,1000,1,60.1928
46110.0000,4611,2928.4794,0.0000,1000,1000,1000,1,60.1519
46120.0000,4612,2928.4947,0.0000,1000,1000,1000,1,60.1111
46130.0000,4613,2928.5099,0.0000,1000,999,1000,1,60.0700
46140.0000,4614,2928.5251,0.0000,1000,999,1000,1,59.9077
46150.0000,4615,2928.5403,0.0000,1000,1000,1000,1,59.8685
46160.0000,4616,2928.5557,0.0000,999,1000,1000,1,59.8292
46170.0000,4617,2928.5709,0.0000,999,999,999,1,59.9115
46180.0000,4618,2928.5861,0.0000,998,1000,1000,1,59.9936
46190.0000,4619,2928.6012,0.0000,999,999,999,1,60.0758
46200.0000,4620,2928.6164,0.0000,1000,1000,1000,1,60.0368
46210.0000,4621,2928.6315,0.0000,999,1000,1000,1,60.1188
46220.0000,4622,2928.6467,0.0000,999,1000,1000,1,60.3222
46230.0000,4623,2928.6616,0.0000,1000,1000,1000,1,60.2823
46240.0000,4624,2928.6767,0.0000,998,999,1000,1,60.3641
46250.0000,4625,2928.6920,0.0000,999,1000,1000,1,60.4458
46260.0000,4626,2928.7069,0.0000,1000,999,1000,1,60.4058
46270.0000,4627,2928.7222,0.0000,1000,1000,1000,1,60.4874
46280.0000,4628,2928.7374,0.0000,998,999,999,1,60.4469
46290.0000,4629,2928.7523,0.0000,999,999,1000,1,60.2853
46300.0000,4630,2928.7675,0.0000,999,1000,1000,1,60.3670
46310.0000,4631,2928.7826,0.0000,999,1000,1000,1,60.3275
46320.0000,4632,2928.7978,0.0000,999,1000,1000,1,60.5304
46330.0000,4633,2928.8130,0.0000,1000,1000,1000,1,60.6119
46340.0000,4634,2928.8281,0.0000,1000,1000,1000,1,60.5717
46350.0000,4635,2928.8432,0.0000,999,999,1000,1,60.5314
46360.0000,4636,2928.8584,0.0000,999,1000,1000,1,60.6128
46370.0000,4637,2928.8734,0.0000,999,1000,999,1,60.5731
46380.0000,4638,2928.8884,0.0000,999,1000,1000,1,60.6546
46390.0000,4639,2928.9036,0.0000,1000,1000,1000,1,60.7359
46400.0000,4640,2928.9186,0.0000,999,1000,1000,1,60.8170
46410.0000,4641,2928.9334,0.0000,998,999,1000,1,60.6556
46420.0000,4642,2928.9483,0.0000,999,999,1000,1,60.2529
46430.0000,4643,2928.9635,0.0000,1000,999,1000,1,60.4553
46440.0000,4644,2928.9785,0.0000,1000,1000,999,1,60.1731
46450.0000,4645,2928.9936,0.0000,1000,1000,1000,1,60.2542
46460.0000,4646,2929.0086,0.0000,999,1000,1000,1,60.0930
46470.0000,4647,2929.0236,0.0000,999,999,999,1,59.8101
46480.0000,4648,2929.0387,0.0000,1000,1000,1000,1,59.8915
46490.0000,4649,2929.0538,0.0000,999,999,1000,1,60.0937
46500.0000,4650,2929.0688,0.0000,999,1000,1000,1,59.9328
46510.0000,4651,2929.0836,0.0000,998,999,999,1,59.6512
46520.0000,4652,2929.0985,0.0000,1000,1000,1000,1,59.4909
46530.0000,4653,2929.1136,0.0000,999,1000,999,1,59.3313
46540.0000,4654,2929.1286,0.0000,999,1000,1000,1,59.5334
46550.0000,4655,2929.1436,0.0000,1000,1000,1000,1,59.6148
46560.0000,4656,2929.1583,0.0000,1000,1000,1000,1,59.3349
46570.0000,4657,2929.1733,0.0000,1000,1000,1000,1,59.5369
46580.0000,4658,2929.1882,0.0000,999,999,999,1,59.3774
46590.0000,4659,2929.2031,0.0000,1000,999,1000,1,59.0996
46600.0000,4660,2929.2180,0.0000,999,1000,999,1,59.1814
46610.0000,4661,2929.2329,0.0000,1000,999,1000,1,59.2631
46620.0000,4662,2929.2479,0.0000,998,999,999,1,59.3444
46630.0000,4663,2929.2627,0.0000,999,1000,1000,1,59.0643
46640.0000,4664,2929.2776,0.0000,1000,1000,1000,1,59.1457
46650.0000,4665,2929.2925,0.0000,999,999,999,1,59.1064
46660.0000,4666,2929.3074,0.0000,999,1000,1000,1,59.1880
46670.0000,4667,2929.3223,0.0000,999,999,1000,1,59.0290
46680.0000,4668,2929.3371,0.0000,1000,1000,999,1,58.8715
46690.0000,4669,2929.3520,0.0000,999,999,1000,1,58.8343
46700.0000,4670,2929.3668,0.0000,998,999,998,1,58.5607
46710.0000,4671,2929.3816,0.0000,999,1000,1000,1,58.7622
46720.0000,4672,2929.3965,0.0000,999,1000,1000,1,58.8447
46730.0000,4673,2929.4115,0.0000,999,999,999,1,58.9269
46740.0000,4674,2929.4262,0.0000,999,999,1000,1,58.7707
46750.0000,4675,2929.4410,0.0000,999,1000,1000,1,58.6146
46760.0000,4676,2929.4559,0.0000,999,1000,1000,1,58.4582
46770.0000,4677,2929.4709,0.0000,1000,1000,1000,1,58.5405
46780.0000,4678,2929.4858,0.0000,999,1000,1000,1,58.5040
46790.0000,4679,2929.5006,0.0000,998,999,999,1,58.4674
46800.0000,4680,2929.5153,0.0000,999,1000,1000,1,58.5495
46810.0000,4681,2929.5303,0.0000,1000,1000,1000,1,58.6317
46820.0000,4682,2929.5452,0.0000,1000,1000,1000,1,58.7135
46830.0000,4683,2929.5601,0.0000,1000,999,1000,1,58.9145
46840.0000,4684,2929.5743,0.0000,997,997,998,1,58.7577
46850.0000,4685,2929.5884,0.0000,999,999,999,1,58.3664
46860.0000,4686,2929.6032,0.0000,1000,999,999,1,58.3314
46870.0000,4687,2929.6179,0.0000,1000,1000,999,1,58.2966
46880.0000,4688,2929.6326,0.0000,999,1000,1000,1,58.3796
46890.0000,4689,2929.6471,0.0000,1000,999,998,1,58.3449
46900.0000,4690,2929.6618,0.0000,999,1000,1000,1,58.4279
46910.0000,4691,2929.6766,0.0000,999,1000,1000,1,58.5112
46920.0000,4692,2929.6913,0.0000,1000,1000,1000,1,58.5943
46930.0000,4693,2929.7060,0.0000,998,1000,999,1,58.5596
46940.0000,4694,2929.7207,0.0000,1000,999,999,1,58.6426
46950.0000,4695,2929.7351,0.0000,999,1000,1000,1,58.7255
46960.0000,4696,2929.7499,0.0000,1000,1000,1000,1,58.8083
46970.0000,4697,2929.7645,0.0000,998,999,1000,1,58.6557
46980.0000,4698,2929.7791,0.0000,999,1000,999,1,58.5034
46990.0000,4699,2929.7937,0.0000,1000,1000,1000,1,58.3519
47000.0000,4700,2929.8085,0.0000,999,999,999,1,58.4348
47010.0000,4701,2929.8233,0.0000,1000,999,1000,1,58.6350
47020.0000,4702,2929.8378,0.0000,999,1000,1000,1,58.6001
47030.0000,4703,2929.8527,0.0000,999,1000,1000,1,58.8003
47040.0000,4704,2929.8673,0.0000,1000,1000,1000,1,58.6487
47050.0000,4705,2929.8820,0.0000,999,999,1000,1,58.7323
47060.0000,4706,2929.8966,0.0000,998,998,999,1,58.8157
47070.0000,4707,2929.9109,0.0000,1000,1000,1000,1,58.6660
47080.0000,4708,2929.9256,0.0000,999,1000,1000,1,58.7494
47090.0000,4709,2929.9403,0.0000,1000,1000,1000,1,58.9493
47100.0000,4710,2929.9551,0.0000,999,1000,1000,1,59.1491
47110.0000,4711,2929.9698,0.0000,999,999,999,1,59.2319
47120.0000,4712,2929.9846,0.0000,1000,1000,1000,1,59.4316
47130.0000,4713,2929.9991,0.0000,999,1000,1000,1,59.3977
47140.0000,4714,2930.0137,0.0000,999,1000,1000,1,59.2476
47150.0000,4715,2930.0284,0.0000,1000,1000,1000,1,59.4471
47160.0000,4716,2930.0428,0.0000,998,999,999,1,59.1795
47170.0000,4717,2930.0573,0.0000,999,999,999,1,59.0290
47180.0000,4718,2930.0719,0.0000,1000,1000,1000,1,59.2284
47190.0000,4719,2930.0865,0.0000,1000,1000,1000,1,59.0784
47200.0000,4720,2930.1012,0.0000,1000,1000,1000,1,59.2777
47210.0000,4721,2930.1159,0.0000,1000,999,1000,1,59.4770
47220.0000,4722,2930.1304,0.0000,999,999,1000,1,59.6762
47230.0000,4723,2930.1450,0.0000,999,1000,1000,1,59.6421
47240.0000,4724,2930.1595,0.0000,999,1000,1000,1,59.6087
47250.0000,4725,2930.1740,0.0000,999,999,1000,1,59.6915
47260.0000,4726,2930.1885,0.0000,999,1000,1000,1,59.5423
47270.0000,4727,2930.2031,0.0000,1000,1000,1000,1,59.7412
47280.0000,4728,2930.2175,0.0000,998,998,998,1,59.4750
47290.0000,4729,2930.2317,0.0000,1000,1000,1000,1,59.3259
47300.0000,4730,2930.2464,0.0000,1000,1000,1000,1,59.5248
47310.0000,4731,2930.2611,0.0000,1000,1000,1000,1,59.7236
47320.0000,4732,2930.2756,0.0000,1000,1000,1000,1,59.8058
47330.0000,4733,2930.2901,0.0000,1000,1000,1000,1,59.6552
47340.0000,4734,2930.3046,0.0000,999,999,1000,1,59.7374
47350.0000,4735,2930.3190,0.0000,999,1000,1000,1,59.7029
47360.0000,4736,2930.3336,0.0000,999,999,999,1,59.7846
47370.0000,4737,2930.3480,0.0000,999,999,1000,1,59.8663
47380.0000,4738,2930.3625,0.0000,999,1000,1000,1,60.0647
47390.0000,4739,2930.3768,0.0000,999,999,999,1,59.6789
47400.0000,4740,2930.3911,0.0000,999,1000,999,1,59.6440
47410.0000,4741,2930.4055,0.0000,999,999,1000,1,59.4924
47420.0000,4742,2930.4200,0.0000,1000,999,999,1,59.2242
47430.0000,4743,2930.4345,0.0000,999,1000,999,1,59.1893
47440.0000,4744,2930.4485,0.0000,999,998,998,1,58.9227
47450.0000,4745,2930.4626,0.0000,999,999,1000,1,58.7730
47460.0000,4746,2930.4770,0.0000,999,1000,1000,1,58.7393
47470.0000,4747,2930.4914,0.0000,999,1000,1000,1,58.7076
47480.0000,4748,2930.5059,0.0000,999,1000,1000,1,58.9059
47490.0000,4749,2930.5203,0.0000,1000,1000,1000,1,58.9887
47500.0000,4750,2930.5348,0.0000,999,1000,1000,1,59.0717
47510.0000,4751,2930.5490,0.0000,999,1000,999,1,58.8095
47520.0000,4752,2930.5630,0.0000,1000,1000,1000,1,58.6626
47530.0000,4753,2930.5770,0.0000,999,998,1000,1,58.2873
47540.0000,4754,2930.5914,0.0000,1000,999,1000,1,58.2560
47550.0000,4755,2930.6055,0.0000,999,1000,1000,1,57.9955
47560.0000,4756,2930.6198,0.0000,1000,999,1000,1,57.9649
47570.0000,4757,2930.6342,0.0000,1000,1000,1000,1,58.0487
47580.0000,4758,2930.6486,0.0000,1000,1000,1000,1,58.1324
47590.0000,4759,2930.6630,0.0000,999,1000,1000,1,58.2157
47600.0000,4760,2930.6773,0.0000,999,999,1000,1,58.0701
47610.0000,4761,2930.6914,0.0000,1000,998,998,1,57.9252
47620.0000,4762,2930.7056,0.0000,999,1000,1000,1,58.0091
47630.0000,4763,2930.7197,0.0000,998,998,999,1,57.8645
47640.0000,4764,2930.7339,0.0000,1000,999,1000,1,57.8346
47650.0000,4765,2930.7482,0.0000,1000,1000,1000,1,57.9182
47660.0000,4766,2930.7625,0.0000,1000,999,1000,1,58.0019
47670.0000,4767,2930.7766,0.0000,1000,1000,1000,1,57.5169
47680.0000,4768,2930.7907,0.0000,1000,999,999,1,57.4875
47690.0000,4769,2930.8050,0.0000,1000,1000,1000,1,57.5716
47700.0000,4770,2930.8193,0.0000,1000,1000,1000,1,57.6554
47710.0000,4771,2930.8337,0.0000,1000,1000,1000,1,57.8529
47720.0000,4772,2930.8481,0.0000,999,1000,1000,1,58.0504
47730.0000,4773,2930.8624,0.0000,999,999,999,1,58.1335
47740.0000,4774,2930.8760,0.0000,1000,1000,1000,1,57.5334
47750.0000,4775,2930.8899,0.0000,999,998,999,1,57.2761
47760.0000,4776,2930.9041,0.0000,999,1000,1000,1,57.4734
47770.0000,4777,2930.9184,0.0000,999,999,1000,1,57.6707
47780.0000,4778,2930.9326,0.0000,999,999,1000,1,57.8679
47790.0000,4779,2930.9469,0.0000,999,1000,1000,1,58.0651
47800.0000,4780,2930.9612,0.0000,1000,999,999,1,58.1476
47810.0000,4781,2930.9755,0.0000,1000,1000,1000,1,58.1156
47820.0000,4782,2930.9896,0.0000,1000,999,999,1,58.0833
47830.0000,4783,2931.0038,0.0000,999,1000,1000,1,58.2802
47840.0000,4784,2931.0180,0.0000,1000,999,1000,1,58.2475
47850.0000,4785,2931.0320,0.0000,999,999,999,1,57.8705
47860.0000,4786,2931.0460,0.0000,999,1000,999,1,57.9524
47870.0000,4787,2931.0603,0.0000,999,999,1000,1,58.1492
47880.0000,4788,2931.0742,0.0000,1000,999,1000,1,57.7710
47890.0000,4789,2931.0884,0.0000,1000,1000,1000,1,57.8527
47900.0000,4790,2931.1022,0.0000,1000,999,1000,1,57.4739
47910.0000,4791,2931.1162,0.0000,998,1000,1000,1,57.4403
47920.0000,4792,2931.1299,0.0000,1000,998,1000,1,57.4064
47930.0000,4793,2931.1441,0.0000,999,999,1000,1,57.4877
47940.0000,4794,2931.1581,0.0000,999,1000,1000,1,57.5688
47950.0000,4795,2931.1723,0.0000,1000,1000,1000,1,57.6498
47960.0000,4796,2931.1866,0.0000,1000,1000,1000,1,57.8463
47970.0000,4797,2931.2008,0.0000,1000,1000,1000,1,58.0427
47980.0000,4798,2931.2145,0.0000,999,1000,1000,1,57.8920
47990.0000,4799,2931.2286,0.0000,999,1000,999,1,57.9725
48000.0000,4800,2931.2428,0.0000,1000,1000,1000,1,58.1688
48010.0000,4801,2931.2568,0.0000,1000,999,999,1,58.1333
48020.0000,4802,2931.2709,0.0000,1000,1000,1000,1,58.0977
48030.0000,4803,2931.2849,0.0000,999,999,1000,1,58.0618
48040.0000,4804,2931.2990,0.0000,1000,999,1000,1,58.1420
48050.0000,4805,2931.3129,0.0000,999,1000,1000,1,58.1057
48060.0000,4806,2931.3268,0.0000,1000,1000,1000,1,58.0704
48070.0000,4807,2931.3405,0.0000,998,998,999,1,57.8053
48080.0000,4808,2931.3545,0.0000,1000,1000,1000,1,57.8861
48090.0000,4809,2931.3686,0.0000,999,999,999,1,57.8518
48100.0000,4810,2931.3826,0.0000,1000,1000,1000,1,57.9331
48110.0000,4811,2931.3967,0.0000,999,999,1000,1,58.1289
48120.0000,4812,2931.4108,0.0000,1000,1000,1000,1,58.2099
48130.0000,4813,2931.4249,0.0000,999,1000,1000,1,58.1757
48140.0000,4814,2931.4388,0.0000,999,1000,1000,1,58.2563
48150.0000,4815,2931.4529,0.0000,1000,1000,1000,1,58.2222
48160.0000,4816,2931.4668,0.0000,1000,999,1000,1,58.3031
48170.0000,4817,2931.4807,0.0000,999,1000,1000,1,58.2689
48180.0000,4818,2931.4948,0.0000,999,1000,1000,1,58.3497
48190.0000,4819,2931.5087,0.0000,999,999,1000,1,58.3153
48200.0000,4820,2931.5226,0.0000,1000,1000,1000,1,58.0513
48210.0000,4821,2931.5365,0.0000,998,999,1000,1,58.1317
48220.0000,4822,2931.5504,0.0000,1000,999,1000,1,57.8681
48230.0000,4823,2931.5643,0.0000,998,999,999,1,57.8343
48240.0000,4824,2931.5779,0.0000,998,999,999,1,57.6861
48250.0000,4825,2931.5919,0.0000,1000,1000,1000,1,57.8814
48260.0000,4826,2931.6060,0.0000,999,999,1000,1,58.0766
48270.0000,4827,2931.6200,0.0000,1000,1000,1000,1,58.1572
48280.0000,4828,2931.6340,0.0000,1000,1000,1000,1,58.1228
48290.0000,4829,2931.6479,0.0000,999,1000,999,1,58.2034
48300.0000,4830,2931.6617,0.0000,1000,1000,1000,1,58.0551
48310.0000,4831,2931.6758,0.0000,999,999,1000,1,58.2501
48320.0000,4832,2931.6898,0.0000,1000,1000,1000,1,58.3304
48330.0000,4833,2931.7037,0.0000,999,1000,1000,1,58.2960
48340.0000,4834,2931.7176,0.0000,999,999,1000,1,58.2615
48350.0000,4835,2931.7316,0.0000,999,1000,1000,1,58.3419
48360.0000,4836,2931.7451,0.0000,999,998,999,1,58.0793
48370.0000,4837,2931.7589,0.0000,999,999,1000,1,58.1595
48380.0000,4838,2931.7725,0.0000,999,1000,999,1,58.0111
48390.0000,4839,2931.7864,0.0000,1000,999,1000,1,58.2057
48400.0000,4840,2931.8002,0.0000,999,1000,1000,1,57.9423
48410.0000,4841,2931.8139,0.0000,999,1000,1000,1,58.0224
48420.0000,4842,2931.8277,0.0000,1000,1000,1000,1,58.1024
48430.0000,4843,2931.8415,0.0000,999,999,1000,1,57.9526
48440.0000,4844,2931.8551,0.0000,999,999,999,1,57.3447
48450.0000,4845,2931.8688,0.0000,998,999,999,1,57.3100
48460.0000,4846,2931.8821,0.0000,998,999,999,1,57.1608
48470.0000,4847,2931.8960,0.0000,1000,1000,1000,1,57.3553
48480.0000,4848,2931.9099,0.0000,1000,1000,1000,1,57.5497
48490.0000,4849,2931.9239,0.0000,1000,999,1000,1,57.7441
48500.0000,4850,2931.9377,0.0000,1000,1000,1000,1,57.5943
48510.0000,4851,2931.9515,0.0000,1000,999,1000,1,57.6739
48520.0000,4852,2931.9655,0.0000,1000,1000,1000,1,57.7533
48530.0000,4853,2931.9793,0.0000,999,1000,1000,1,57.8324
48540.0000,4854,2931.9930,0.0000,1000,1000,1000,1,57.7963
48550.0000,4855,2932.0066,0.0000,999,1000,999,1,57.6459
48560.0000,4856,2932.0205,0.0000,1000,1000,1000,1,57.7250
48570.0000,4857,2932.0338,0.0000,997,999,999,1,57.3441
48580.0000,4858,2932.0472,0.0000,999,1000,1000,1,57.3085
48590.0000,4859,2932.0610,0.0000,999,1000,1000,1,57.0431
48600.0000,4860,2932.0748,0.0000,1000,1000,1000,1,57.1223
48610.0000,4861,2932.0885,0.0000,999,999,1000,1,57.2012
48620.0000,4862,2932.1022,0.0000,999,1000,1000,1,57.1653
48630.0000,4863,2932.1157,0.0000,998,999,1000,1,56.7865
48640.0000,4864,2932.1295,0.0000,1000,999,1000,1,56.8661
48650.0000,4865,2932.1433,0.0000,1000,1000,1000,1,57.0600
48660.0000,4866,2932.1571,0.0000,1000,999,1000,1,57.2538
48670.0000,4867,2932.1708,0.0000,999,1000,1000,1,57.2179
48680.0000,4868,2932.1846,0.0000,999,1000,1000,1,57.4116
48690.0000,4869,2932.1983,0.0000,999,999,1000,1,57.4900
48700.0000,4870,2932.2121,0.0000,1000,1000,1000,1,57.6835
48710.0000,4871,2932.2255,0.0000,999,998,1000,1,57.6467
48720.0000,4872,2932.2392,0.0000,999,1000,1000,1,57.7250
48730.0000,4873,2932.2528,0.0000,999,999,1000,1,57.4583
48740.0000,4874,2932.2664,0.0000,999,999,1000,1,57.6517
48750.0000,4875,2932.2799,0.0000,998,998,998,1,57.3851
48760.0000,4876,2932.2935,0.0000,1000,1000,1000,1,57.5784
48770.0000,4877,2932.3071,0.0000,998,999,999,1,57.5413
48780.0000,4878,2932.3206,0.0000,999,999,1000,1,57.6192
48790.0000,4879,2932.3342,0.0000,1000,1000,1000,1,57.6970
48800.0000,4880,2932.3479,0.0000,1000,1000,1000,1,57.6596
48810.0000,4881,2932.3617,0.0000,1000,1000,1000,1,57.8527
48820.0000,4882,2932.3753,0.0000,999,999,1000,1,57.9302
48830.0000,4883,2932.3890,0.0000,1000,1000,1000,1,57.8922
48840.0000,4884,2932.4025,0.0000,1000,1000,1000,1,57.9698
48850.0000,4885,2932.4160,0.0000,999,999,999,1,58.0472
48860.0000,4886,2932.4296,0.0000,1000,1000,1000,1,58.1245
48870.0000,4887,2932.4431,0.0000,998,999,1000,1,57.9710
48880.0000,4888,2932.4564,0.0000,999,999,1000,1,57.7031
48890.0000,4889,2932.4697,0.0000,999,999,999,1,57.5515
48900.0000,4890,2932.4833,0.0000,1000,1000,1000,1,57.5154
48910.0000,4891,2932.4969,0.0000,998,998,999,1,57.4791
48920.0000,4892,2932.5101,0.0000,1000,1000,1000,1,57.3289
48930.0000,4893,2932.5237,0.0000,1000,1000,1000,1,57.4074
48940.0000,4894,2932.5372,0.0000,999,1000,1000,1,57.2571
48950.0000,4895,2932.5508,0.0000,998,1000,1000,1,57.3353
48960.0000,4896,2932.5640,0.0000,999,999,999,1,57.1855
48970.0000,4897,2932.5777,0.0000,999,999,1000,1,57.2641
48980.0000,4898,2932.5912,0.0000,1000,1000,1000,1,57.2286
48990.0000,4899,2932.6047,0.0000,999,999,999,1,57.1931
49000.0000,4900,2932.6181,0.0000,999,999,999,1,56.9305
49010.0000,4901,2932.6315,0.0000,1000,998,1000,1,57.0092
49020.0000,4902,2932.6449,0.0000,999,999,1000,1,56.6345
49030.0000,4903,2932.6579,0.0000,1000,1000,999,1,55.9212
49040.0000,4904,2932.6713,0.0000,999,999,999,1,55.6625
49050.0000,4905,2932.6844,0.0000,999,999,999,1,55.4051
49060.0000,4906,2932.6978,0.0000,1000,1000,1000,1,55.4850
49070.0000,4907,2932.7115,0.0000,1000,1000,1000,1,55.6775
49080.0000,4908,2932.7247,0.0000,999,999,1000,1,55.3069
49090.0000,4909,2932.7378,0.0000,997,998,998,1,54.7114
49100.0000,4910,2932.7504,0.0000,999,999,998,1,54.4548
49110.0000,4911,2932.7635,0.0000,999,1000,1000,1,54.4231
49120.0000,4912,2932.7766,0.0000,999,1000,999,1,54.1675
49130.0000,4913,2932.7901,0.0000,999,1000,1000,1,54.2480
49140.0000,4914,2932.8035,0.0000,1000,1000,1000,1,54.4404
49150.0000,4915,2932.8171,0.0000,999,1000,1000,1,54.6328
49160.0000,4916,2932.8307,0.0000,1000,1000,1000,1,54.8251
49170.0000,4917,2932.8442,0.0000,1000,1000,1000,1,55.0173
49180.0000,4918,2932.8576,0.0000,1000,999,999,1,54.9840
49190.0000,4919,2932.8710,0.0000,1000,999,1000,1,55.1761
49200.0000,4920,2932.8844,0.0000,999,999,999,1,55.1427
49210.0000,4921,2932.8973,0.0000,999,999,999,1,55.2216
49220.0000,4922,2932.9108,0.0000,1000,1000,1000,1,55.1878
49230.0000,4923,2932.9241,0.0000,998,1000,999,1,55.2666
49240.0000,4924,2932.9374,0.0000,999,1000,1000,1,55.2329
49250.0000,4925,2932.9507,0.0000,1000,1000,1000,1,55.1990
49260.0000,4926,2932.9642,0.0000,1000,1000,1000,1,55.3908
49270.0000,4927,2932.9776,0.0000,1000,1000,1000,1,55.5826
49280.0000,4928,2932.9911,0.0000,999,1000,1000,1,55.6609
49290.0000,4929,2933.0045,0.0000,999,1000,1000,1,55.8524
49300.0000,4930,2933.0178,0.0000,1000,1000,1000,1,55.7036
49310.0000,4931,2933.0312,0.0000,999,999,999,1,55.6680
49320.0000,4932,2933.0445,0.0000,1000,999,1000,1,55.7459
49330.0000,4933,2933.0575,0.0000,1000,999,999,1,55.1460
49340.0000,4934,2933.0707,0.0000,998,999,999,1,54.9994
49350.0000,4935,2933.0838,0.0000,1000,1000,1000,1,54.8531
49360.0000,4936,2933.0971,0.0000,1000,1000,1000,1,54.9321
49370.0000,4937,2933.1105,0.0000,999,999,1000,1,55.0110
49380.0000,4938,2933.1238,0.0000,999,999,1000,1,55.0899
49390.0000,4939,2933.1372,0.0000,998,999,999,1,55.0564
49400.0000,4940,2933.1502,0.0000,1000,999,1000,1,54.6865
49410.0000,4941,2933.1635,0.0000,1000,999,999,1,54.6533
49420.0000,4942,2933.1770,0.0000,1000,1000,1000,1,54.8446
49430.0000,4943,2933.1902,0.0000,999,999,1000,1,54.9235
49440.0000,4944,2933.2035,0.0000,1000,1000,999,1,55.0022
49450.0000,4945,2933.2168,0.0000,1000,1000,1000,1,54.9681
49460.0000,4946,2933.2301,0.0000,999,1000,1000,1,55.1592
49470.0000,4947,2933.2434,0.0000,999,1000,1000,1,55.1248
49480.0000,4948,2933.2567,0.0000,998,999,999,1,54.9794
49490.0000,4949,2933.2691,0.0000,999,998,998,1,54.6128
49500.0000,4950,2933.2823,0.0000,999,1000,1000,1,54.5811
49510.0000,4951,2933.2956,0.0000,1000,1000,1000,1,54.4377
49520.0000,4952,2933.3088,0.0000,1000,1000,1000,1,54.5171
49530.0000,4953,2933.3220,0.0000,999,999,999,1,54.5964
49540.0000,4954,2933.3349,0.0000,999,1000,1000,1,54.2310
49550.0000,4955,2933.3480,0.0000,999,1000,1000,1,53.9781
49560.0000,4956,2933.3613,0.0000,999,1000,1000,1,54.1689
49570.0000,4957,2933.3743,0.0000,1000,999,1000,1,54.0278
49580.0000,4958,2933.3874,0.0000,999,999,999,1,53.8866
49590.0000,4959,2933.4002,0.0000,998,999,1000,1,53.9667
49600.0000,4960,2933.4135,0.0000,1000,1000,1000,1,54.0471
49610.0000,4961,2933.4268,0.0000,999,999,999,1,54.0170
49620.0000,4962,2933.4398,0.0000,1000,1000,1000,1,53.7665
49630.0000,4963,2933.4531,0.0000,999,1000,1000,1,53.8470
49640.0000,4964,2933.4664,0.0000,1000,999,1000,1,54.0376
49650.0000,4965,2933.4796,0.0000,999,1000,1000,1,54.2281
49660.0000,4966,2933.4924,0.0000,999,1000,1000,1,53.8698
49670.0000,4967,2933.5046,0.0000,1000,999,998,1,53.2951
49680.0000,4968,2933.5177,0.0000,999,999,1000,1,53.4855
49690.0000,4969,2933.5309,0.0000,999,1000,1000,1,53.6760
49700.0000,4970,2933.5437,0.0000,997,998,998,1,53.3196
49710.0000,4971,2933.5564,0.0000,1000,1000,1000,1,53.4007
49720.0000,4972,2933.5696,0.0000,1000,1000,1000,1,53.5910
49730.0000,4973,2933.5826,0.0000,1000,1000,1000,1,53.5624
49740.0000,4974,2933.5958,0.0000,999,999,1000,1,53.6431
49750.0000,4975,2933.6089,0.0000,1000,1000,1000,1,53.7238
49760.0000,4976,2933.6217,0.0000,999,998,1000,1,53.3662
49770.0000,4977,2933.6347,0.0000,999,1000,1000,1,53.3383
49780.0000,4978,2933.6479,0.0000,999,1000,1000,1,53.4197
49790.0000,4979,2933.6610,0.0000,1000,999,1000,1,53.5011
49800.0000,4980,2933.6740,0.0000,999,999,1000,1,53.4746
49810.0000,4981,2933.6872,0.0000,999,1000,1000,1,53.6646
49820.0000,4982,2933.7004,0.0000,1000,999,1000,1,53.8546
49830.0000,4983,2933.7134,0.0000,999,999,999,1,53.7187
49840.0000,4984,2933.7263,0.0000,999,1000,1000,1,53.6914
49850.0000,4985,2933.7390,0.0000,997,997,998,1,53.2302
49860.0000,4986,2933.7514,0.0000,998,999,999,1,52.7726
49870.0000,4987,2933.7643,0.0000,1000,1000,1000,1,52.7468
49880.0000,4988,2933.7774,0.0000,999,1000,1000,1,52.7208
49890.0000,4989,2933.7905,0.0000,998,999,999,1,52.8026
49900.0000,4990,2933.8035,0.0000,1000,1000,1000,1,52.8844
49910.0000,4991,2933.8165,0.0000,1000,1000,1000,1,52.7511
49920.0000,4992,2933.8295,0.0000,999,999,1000,1,52.8331
49930.0000,4993,2933.8424,0.0000,1000,999,1000,1,52.8073
49940.0000,4994,2933.8555,0.0000,1000,1000,1000,1,52.8892
49950.0000,4995,2933.8685,0.0000,999,999,1000,1,52.9710
49960.0000,4996,2933.8815,0.0000,999,1000,1000,1,52.8368
49970.0000,4997,2933.8945,0.0000,999,1000,1000,1,52.8109
49980.0000,4998,2933.9074,0.0000,998,998,998,1,52.4626
49990.0000,4999,2933.9200,0.0000,999,999,999,1,52.3294
50000.0000,5000,2933.9326,0.0000,1000,998,1000,1,52.0899
50010.0000,5001,2933.9455,0.0000,999,1000,1000,1,52.2794
50020.0000,5002,2933.9583,0.0000,998,998,998,1,51.9321
50030.0000,5003,2933.9711,0.0000,999,1000,1000,1,51.9071
50040.0000,5004,2933.9839,0.0000,999,999,1000,1,51.8823
50050.0000,5005,2933.9966,0.0000,999,999,999,1,51.5371
50060.0000,5006,2934.0096,0.0000,999,1000,999,1,51.6199
50070.0000,5007,2934.0227,0.0000,999,999,1000,1,51.8093
50080.0000,5008,2934.0357,0.0000,1000,1000,1000,1,51.7849
50090.0000,5009,2934.0484,0.0000,1000,1000,999,1,51.7604
50100.0000,5010,2934.0615,0.0000,1000,1000,1000,1,51.9497
50110.0000,5011,2934.0745,0.0000,999,1000,1000,1,52.1389
50120.0000,5012,2934.0874,0.0000,1000,999,999,1,52.1133
50130.0000,5013,2934.1003,0.0000,1000,999,1000,1,52.1949
50140.0000,5014,2934.1133,0.0000,999,1000,1000,1,52.2763
50150.0000,5015,2934.1262,0.0000,1000,999,1000,1,52.3577
50160.0000,5016,2934.1391,0.0000,998,999,999,1,52.4388
50170.0000,5017,2934.1520,0.0000,999,999,1000,1,52.5200
50180.0000,5018,2934.1647,0.0000,999,999,1000,1,52.3858
50190.0000,5019,2934.1776,0.0000,1000,1000,1000,1,52.3593
50200.0000,5020,2934.1905,0.0000,999,1000,999,1,52.4403
50210.0000,5021,2934.2034,0.0000,999,999,1000,1,52.6290
50220.0000,5022,2934.2162,0.0000,999,1000,1000,1,52.4944
50230.0000,5023,2934.2289,0.0000,999,999,1000,1,52.1460
50240.0000,5024,2934.2417,0.0000,1000,1000,1000,1,52.0131
50250.0000,5025,2934.2545,0.0000,1000,1000,1000,1,51.8797
50260.0000,5026,2934.2674,0.0000,1000,1000,1000,1,51.9608
50270.0000,5027,2934.2803,0.0000,999,999,1000,1,52.0418
50280.0000,5028,2934.2931,0.0000,999,999,1000,1,52.1226
50290.0000,5029,2934.3058,0.0000,999,1000,1000,1,52.0957
50300.0000,5030,2934.3185,0.0000,999,1000,1000,1,52.0686
50310.0000,5031,2934.3314,0.0000,1000,1000,1000,1,52.2570
50320.0000,5032,2934.3442,0.0000,1000,1000,1000,1,52.3373
50330.0000,5033,2934.3571,0.0000,999,1000,1000,1,52.5256
50340.0000,5034,2934.3700,0.0000,999,999,999,1,52.6053
50350.0000,5035,2934.3827,0.0000,999,1000,1000,1,52.5762
50360.0000,5036,2934.3955,0.0000,1000,1000,1000,1,52.5475
50370.0000,5037,2934.4080,0.0000,999,999,999,1,52.1943
50380.0000,5038,2934.4208,0.0000,999,1000,1000,1,52.1661
50390.0000,5039,2934.4336,0.0000,1000,1000,1000,1,52.2460
50400.0000,5040,2934.4465,0.0000,1000,1000,1000,1,52.4341
50410.0000,5041,2934.4593,0.0000,999,1000,1000,1,52.5136
50420.0000,5042,2934.4722,0.0000,1000,1000,1000,1,52.7015
50430.0000,5043,2934.4850,0.0000,1000,1000,1000,1,52.7809
50440.0000,5044,2934.4979,0.0000,999,1000,1000,1,52.7529
50450.0000,5045,2934.5108,0.0000,999,1000,1000,1,52.9407
50460.0000,5046,2934.5236,0.0000,1000,999,1000,1,52.9125
50470.0000,5047,2934.5362,0.0000,999,999,999,1,52.8843
50480.0000,5048,2934.5489,0.0000,1000,1000,1000,1,52.8562
50490.0000,5049,2934.5616,0.0000,999,999,1000,1,52.9358
50500.0000,5050,2934.5743,0.0000,999,999,999,1,52.9070
50510.0000,5051,2934.5871,0.0000,1000,999,1000,1,52.8789
50520.0000,5052,2934.5995,0.0000,999,1000,1000,1,52.4221
50530.0000,5053,2934.6123,0.0000,999,999,1000,1,52.5024
50540.0000,5054,2934.6251,0.0000,999,1000,1000,1,52.6898
50550.0000,5055,2934.6379,0.0000,999,999,1000,1,52.6625
50560.0000,5056,2934.6506,0.0000,999,1000,1000,1,52.8499
50570.0000,5057,2934.6634,0.0000,999,1000,1000,1,53.0372
50580.0000,5058,2934.6762,0.0000,999,1000,1000,1,53.1167
50590.0000,5059,2934.6890,0.0000,1000,1000,1000,1,53.3038
50600.0000,5060,2934.7015,0.0000,999,1000,999,1,53.1672
50610.0000,5061,2934.7140,0.0000,999,1000,1000,1,53.1383
50620.0000,5062,2934.7265,0.0000,999,999,1000,1,53.1096
50630.0000,5063,2934.7393,0.0000,998,999,999,1,53.1887
50640.0000,5064,2934.7517,0.0000,999,999,999,1,53.2677
50650.0000,5065,2934.7642,0.0000,999,999,999,1,53.1320
50660.0000,5066,2934.7768,0.0000,1000,999,1000,1,52.8894
50670.0000,5067,2934.7893,0.0000,999,1000,999,1,52.7547
50680.0000,5068,2934.8019,0.0000,1000,1000,1000,1,52.7277
50690.0000,5069,2934.8146,0.0000,1000,1000,1000,1,52.7011
50700.0000,5070,2934.8274,0.0000,999,1000,1000,1,52.7811
50710.0000,5071,2934.8400,0.0000,999,1000,1000,1,52.8610
50720.0000,5072,2934.8528,0.0000,1000,1000,1000,1,53.0477
50730.0000,5073,2934.8656,0.0000,999,1000,1000,1,53.2344
50740.0000,5074,2934.8780,0.0000,999,1000,1000,1,52.9919
50750.0000,5075,2934.8905,0.0000,999,999,999,1,53.0712
50760.0000,5076,2934.9028,0.0000,999,998,1000,1,52.9363
50770.0000,5077,2934.9152,0.0000,1000,1000,1000,1,52.9085
50780.0000,5078,2934.9279,0.0000,999,1000,1000,1,52.9878
50790.0000,5079,2934.9400,0.0000,1000,999,1000,1,52.9598
50800.0000,5080,2934.9526,0.0000,999,1000,1000,1,52.9316
50810.0000,5081,2934.9652,0.0000,1000,1000,1000,1,53.0107
50820.0000,5082,2934.9775,0.0000,1000,999,1000,1,52.8744
50830.0000,5083,2934.9900,0.0000,999,1000,1000,1,52.8456
50840.0000,5084,2935.0025,0.0000,1000,1000,1000,1,52.9243
50850.0000,5085,2935.0151,0.0000,999,1000,1000,1,53.0029
50860.0000,5086,2935.0277,0.0000,1000,1000,999,1,52.9733
50870.0000,5087,2935.0402,0.0000,999,1000,1000,1,53.0515
50880.0000,5088,2935.0527,0.0000,1000,999,1000,1,52.9143
50890.0000,5089,2935.0651,0.0000,997,999,997,1,52.7782
50900.0000,5090,2935.0772,0.0000,1000,999,1000,1,52.9639
50910.0000,5091,2935.0897,0.0000,1000,1000,1000,1,52.9358
50920.0000,5092,2935.1022,0.0000,999,999,1000,1,52.9076
50930.0000,5093,2935.1148,0.0000,999,1000,999,1,52.8793
50940.0000,5094,2935.1273,0.0000,1000,1000,1000,1,52.9579
50950.0000,5095,2935.1399,0.0000,999,1000,1000,1,52.9291
50960.0000,5096,2935.1520,0.0000,998,998,999,1,52.6869
50970.0000,5097,2935.1644,0.0000,999,999,1000,1,52.6596
50980.0000,5098,2935.1768,0.0000,1000,1000,1000,1,52.5255
50990.0000,5099,2935.1891,0.0000,998,998,999,1,52.2863
51000.0000,5100,2935.2013,0.0000,1000,1000,1000,1,52.2612
51010.0000,5101,2935.2138,0.0000,1000,1000,1000,1,52.3414
51020.0000,5102,2935.2260,0.0000,999,1000,1000,1,51.7889
51030.0000,5103,2935.2382,0.0000,1000,1000,1000,1,51.5543
51040.0000,5104,2935.2507,0.0000,1000,999,1000,1,51.6351
51050.0000,5105,2935.2632,0.0000,999,1000,1000,1,51.8208
51060.0000,5106,2935.2756,0.0000,1000,1000,1000,1,51.7958
51070.0000,5107,2935.2881,0.0000,999,1000,1000,1,51.8760
51080.0000,5108,2935.3005,0.0000,1000,1000,1000,1,51.9560
51090.0000,5109,2935.3129,0.0000,998,1000,1000,1,52.0358
51100.0000,5110,2935.3252,0.0000,998,998,999,1,51.9044
51110.0000,5111,2935.3375,0.0000,1000,1000,1000,1,51.8797
51120.0000,5112,2935.3500,0.0000,1000,1000,1000,1,51.9603
51130.0000,5113,2935.3626,0.0000,1000,1000,1000,1,52.1457
51140.0000,5114,2935.3750,0.0000,1000,1000,1000,1,52.2259
51150.0000,5115,2935.3875,0.0000,1000,1000,999,1,52.2004
51160.0000,5116,2935.3999,0.0000,998,999,1000,1,52.0695
51170.0000,5117,2935.4121,0.0000,1000,999,1000,1,52.1492
51180.0000,5118,2935.4245,0.0000,999,1000,1000,1,52.2287
51190.0000,5119,2935.4369,0.0000,1000,999,1000,1,52.4139
51200.0000,5120,2935.4491,0.0000,1000,998,1000,1,52.1753
51210.0000,5121,2935.4613,0.0000,1000,1000,1000,1,52.2546
51220.0000,5122,2935.4736,0.0000,999,999,1000,1,52.2291
51230.0000,5123,2935.4860,0.0000,999,999,1000,1,52.3090
51240.0000,5124,2935.4982,0.0000,999,1000,1000,1,51.9690
51250.0000,5125,2935.5106,0.0000,1000,1000,1000,1,52.1540
51260.0000,5126,2935.5228,0.0000,1000,999,1000,1,52.1289
51270.0000,5127,2935.5351,0.0000,1000,1000,1000,1,51.9993
51280.0000,5128,2935.5474,0.0000,1000,999,1000,1,51.9745
51290.0000,5129,2935.5598,0.0000,1000,999,1000,1,52.0547
51300.0000,5130,2935.5721,0.0000,999,999,1000,1,52.1348
51310.0000,5131,2935.5842,0.0000,1000,1000,1000,1,52.0052
51320.0000,5132,2935.5966,0.0000,999,1000,1000,1,52.0853
51330.0000,5133,2935.6084,0.0000,999,999,1000,1,51.9559
51340.0000,5134,2935.6204,0.0000,1000,1000,999,1,51.7246
51350.0000,5135,2935.6327,0.0000,999,1000,999,1,51.8051
51360.0000,5136,2935.6450,0.0000,999,1000,1000,1,51.9897
51370.0000,5137,2935.6574,0.0000,1000,1000,1000,1,51.9659
51380.0000,5138,2935.6698,0.0000,999,1000,1000,1,52.1505
51390.0000,5139,2935.6821,0.0000,1000,1000,1000,1,52.1263
51400.0000,5140,2935.6944,0.0000,999,999,1000,1,51.9977
51410.0000,5141,2935.7064,0.0000,999,999,1000,1,51.8692
51420.0000,5142,2935.7184,0.0000,999,999,1000,1,51.5329
51430.0000,5143,2935.7306,0.0000,999,999,1000,1,51.4050
51440.0000,5144,2935.7428,0.0000,999,1000,1000,1,51.2774
51450.0000,5145,2935.7551,0.0000,999,999,1000,1,51.4618
51460.0000,5146,2935.7672,0.0000,998,999,999,1,51.2294
51470.0000,5147,2935.7792,0.0000,999,1000,1000,1,51.2055
51480.0000,5148,2935.7916,0.0000,999,1000,1000,1,51.3898
51490.0000,5149,2935.8039,0.0000,998,999,999,1,51.3654
51500.0000,5150,2935.8158,0.0000,1000,1000,1000,1,51.0288
51510.0000,5151,2935.8282,0.0000,1000,1000,1000,1,51.2130
51520.0000,5152,2935.8401,0.0000,1000,1000,999,1,51.0844
51530.0000,5153,2935.8525,0.0000,999,1000,1000,1,51.2686
51540.0000,5154,2935.8644,0.0000,999,1000,1000,1,51.1405
51550.0000,5155,2935.8766,0.0000,999,1000,1000,1,51.1168
51560.0000,5156,2935.8889,0.0000,1000,1000,1000,1,51.3008
51570.0000,5157,2935.9012,0.0000,1000,1000,1000,1,51.2770
51580.0000,5158,2935.9135,0.0000,999,1000,1000,1,51.4609
51590.0000,5159,2935.9257,0.0000,999,1000,1000,1,51.4369
51600.0000,5160,2935.9378,0.0000,999,998,1000,1,51.3097
51610.0000,5161,2935.9501,0.0000,999,999,1000,1,51.4935
51620.0000,5162,2935.9624,0.0000,999,999,1000,1,51.6772
51630.0000,5163,2935.9745,0.0000,1000,1000,1000,1,51.5495
51640.0000,5164,2935.9867,0.0000,999,1000,1000,1,51.6294
51650.0000,5165,2935.9988,0.0000,1000,1000,1000,1,51.6055
51660.0000,5166,2936.0108,0.0000,1000,998,998,1,51.5812
51670.0000,5167,2936.0230,0.0000,1000,1000,1000,1,51.7647
51680.0000,5168,2936.0352,0.0000,1000,999,1000,1,51.7405
51690.0000,5169,2936.0472,0.0000,1000,999,1000,1,51.7167
51700.0000,5170,2936.0593,0.0000,1000,999,1000,1,51.5897
51710.0000,5171,2936.0713,0.0000,999,1000,1000,1,51.1547
51720.0000,5172,2936.0835,0.0000,999,1000,1000,1,51.2354
51730.0000,5173,2936.0956,0.0000,1000,1000,1000,1,51.1107
51740.0000,5174,2936.1078,0.0000,1000,1000,1000,1,51.2940
51750.0000,5175,2936.1199,0.0000,999,999,1000,1,51.2714
51760.0000,5176,2936.1319,0.0000,1000,999,1000,1,51.0427
51770.0000,5177,2936.1440,0.0000,999,999,1000,1,51.0202
51780.0000,5178,2936.1561,0.0000,1000,1000,1000,1,50.9978
51790.0000,5179,2936.1682,0.0000,1000,999,1000,1,51.0780
51800.0000,5180,2936.1800,0.0000,1000,999,1000,1,50.7467
51810.0000,5181,2936.1920,0.0000,999,1000,1000,1,50.8270
51820.0000,5182,2936.2040,0.0000,999,1000,1000,1,50.7019
51830.0000,5183,2936.2161,0.0000,999,1000,1000,1,50.7824
51840.0000,5184,2936.2282,0.0000,999,999,1000,1,50.8628
51850.0000,5185,2936.2403,0.0000,999,1000,1000,1,50.9430
51860.0000,5186,2936.2523,0.0000,999,1000,1000,1,51.0230
51870.0000,5187,2936.2644,0.0000,1000,999,999,1,50.9995
51880.0000,5188,2936.2765,0.0000,999,1000,1000,1,51.0791
51890.0000,5189,2936.2884,0.0000,998,999,999,1,50.8491
51900.0000,5190,2936.3003,0.0000,1000,1000,1000,1,51.0318
51910.0000,5191,2936.3124,0.0000,999,1000,1000,1,51.1115
51920.0000,5192,2936.3246,0.0000,1000,1000,1000,1,51.2943
51930.0000,5193,2936.3366,0.0000,1000,1000,1000,1,51.1668
51940.0000,5194,2936.3488,0.0000,999,1000,1000,1,51.1431
51950.0000,5195,2936.3608,0.0000,999,1000,1000,1,51.1192
51960.0000,5196,2936.3729,0.0000,1000,1000,1000,1,51.1985
51970.0000,5197,2936.3848,0.0000,1000,999,999,1,51.1738
51980.0000,5198,2936.3967,0.0000,999,999,1000,1,51.1496
51990.0000,5199,2936.4086,0.0000,998,1000,1000,1,51.2289
52000.0000,5200,2936.4206,0.0000,999,1000,999,1,51.2048
52010.0000,5201,2936.4321,0.0000,1000,1000,1000,1,50.9739
52020.0000,5202,2936.4440,0.0000,999,999,1000,1,50.9500
52030.0000,5203,2936.4561,0.0000,1000,1000,1000,1,51.1324
52040.0000,5204,2936.4680,0.0000,999,1000,1000,1,51.2115
52050.0000,5205,2936.4798,0.0000,1000,999,999,1,50.9806
52060.0000,5206,2936.4917,0.0000,1000,1000,1000,1,50.9565
52070.0000,5207,2936.5037,0.0000,1000,1000,1000,1,51.0355
52080.0000,5208,2936.5157,0.0000,1000,1000,999,1,51.1142
52090.0000,5209,2936.5275,0.0000,1000,1000,1000,1,51.0896
52100.0000,5210,2936.5395,0.0000,1000,1000,999,1,51.0650
52110.0000,5211,2936.5516,0.0000,1000,999,1000,1,51.2471
52120.0000,5212,2936.5635,0.0000,1000,1000,999,1,51.3257
52130.0000,5213,2936.5756,0.0000,999,1000,1000,1,51.5077
52140.0000,5214,2936.5876,0.0000,1000,1000,1000,1,51.4823
52150.0000,5215,2936.5997,0.0000,999,1000,1000,1,51.6642
52160.0000,5216,2936.6115,0.0000,999,1000,1000,1,51.4309
52170.0000,5217,2936.6234,0.0000,998,999,999,1,51.4051
52180.0000,5218,2936.6349,0.0000,999,999,999,1,51.3791
52190.0000,5219,2936.6469,0.0000,1000,1000,1000,1,51.4572
52200.0000,5220,2936.6588,0.0000,999,999,999,1,51.5350
52210.0000,5221,2936.6708,0.0000,1000,1000,1000,1,51.6128
52220.0000,5222,2936.6826,0.0000,999,1000,1000,1,51.6904
52230.0000,5223,2936.6944,0.0000,999,1000,1000,1,51.1482
52240.0000,5224,2936.7062,0.0000,1000,1000,1000,1,51.1235
52250.0000,5225,2936.7182,0.0000,1000,999,999,1,51.2017
52260.0000,5226,2936.7299,0.0000,1000,1000,1000,1,51.0734
52270.0000,5227,2936.7418,0.0000,998,1000,1000,1,51.0483
52280.0000,5228,2936.7536,0.0000,999,1000,1000,1,50.9206
52290.0000,5229,2936.7653,0.0000,1000,1000,999,1,50.9989
52300.0000,5230,2936.7771,0.0000,1000,1000,1000,1,51.0772
52310.0000,5231,2936.7890,0.0000,1000,1000,1000,1,51.1557
52320.0000,5232,2936.8008,0.0000,998,999,1000,1,51.0284
52330.0000,5233,2936.8126,0.0000,999,1000,1000,1,51.1070
52340.0000,5234,2936.8246,0.0000,1000,1000,1000,1,51.2882
52350.0000,5235,2936.8365,0.0000,1000,1000,999,1,51.3664
52360.0000,5236,2936.8483,0.0000,999,1000,1000,1,51.4445
52370.0000,5237,2936.8602,0.0000,999,999,999,1,51.4194
52380.0000,5238,2936.8720,0.0000,1000,1000,1000,1,51.4974
52390.0000,5239,2936.8839,0.0000,999,1000,1000,1,51.6784
52400.0000,5240,2936.8955,0.0000,1000,1000,1000,1,51.4461
52410.0000,5241,2936.9074,0.0000,1000,1000,1000,1,51.5237
52420.0000,5242,2936.9190,0.0000,999,1000,1000,1,51.4983
52430.0000,5243,2936.9310,0.0000,999,1000,1000,1,51.6792
52440.0000,5244,2936.9424,0.0000,999,998,999,1,51.2426
52450.0000,5245,2936.9542,0.0000,999,1000,1000,1,51.4234
52460.0000,5246,2936.9660,0.0000,999,999,1000,1,51.5015
52470.0000,5247,2936.9777,0.0000,1000,999,999,1,51.3737
52480.0000,5248,2936.9894,0.0000,999,999,1000,1,51.2484
52490.0000,5249,2937.0013,0.0000,1000,1000,1000,1,51.4292
52500.0000,5250,2937.0132,0.0000,999,1000,1000,1,51.5077
52510.0000,5251,2937.0250,0.0000,998,999,999,1,51.4837
52520.0000,5252,2937.0364,0.0000,998,998,998,1,51.2561
52530.0000,5253,2937.0480,0.0000,1000,999,1000,1,51.3347
52540.0000,5254,2937.0599,0.0000,999,1000,1000,1,51.5153
52550.0000,5255,2937.0716,0.0000,1000,1000,1000,1,51.5934
52560.0000,5256,2937.0833,0.0000,999,1000,1000,1,51.5693
52570.0000,5257,2937.0951,0.0000,1000,1000,1000,1,51.6474
52580.0000,5258,2937.1069,0.0000,999,1000,1000,1,51.7254
52590.0000,5259,2937.1187,0.0000,1000,999,1000,1,51.9057
52600.0000,5260,2937.1304,0.0000,999,1000,999,1,51.8816
52610.0000,5261,2937.1421,0.0000,1000,1000,1000,1,51.9598
52620.0000,5262,2937.1539,0.0000,1000,1000,1000,1,52.1399
52630.0000,5263,2937.1654,0.0000,999,999,999,1,51.9111
52640.0000,5264,2937.1771,0.0000,1000,999,1000,1,51.9891
52650.0000,5265,2937.1887,0.0000,998,999,1000,1,51.8632
52660.0000,5266,2937.2003,0.0000,1000,998,999,1,51.7372
52670.0000,5267,2937.2119,0.0000,998,1000,999,1,51.8149
52680.0000,5268,2937.2232,0.0000,999,1000,1000,1,51.7915
52690.0000,5269,2937.2348,0.0000,1000,1000,1000,1,51.5652
52700.0000,5270,2937.2464,0.0000,999,1000,1000,1,51.5424
52710.0000,5271,2937.2578,0.0000,999,999,1000,1,51.3181
52720.0000,5272,2937.2695,0.0000,999,999,1000,1,51.4981
52730.0000,5273,2937.2812,0.0000,999,1000,1000,1,51.4755
52740.0000,5274,2937.2928,0.0000,1000,1000,1000,1,51.4531
52750.0000,5275,2937.3046,0.0000,999,999,1000,1,51.5318
52760.0000,5276,2937.3159,0.0000,999,999,1000,1,51.4075
52770.0000,5277,2937.3274,0.0000,1000,999,1000,1,51.2832
52780.0000,5278,2937.3385,0.0000,998,1000,1000,1,51.0580
52790.0000,5279,2937.3501,0.0000,1000,1000,1000,1,51.1364
52800.0000,5280,2937.3618,0.0000,1000,1000,1000,1,51.2147
52810.0000,5281,2937.3734,0.0000,999,999,1000,1,51.2928
52820.0000,5282,2937.3851,0.0000,999,999,999,1,51.2692
52830.0000,5283,2937.3967,0.0000,1000,1000,1000,1,51.3471
52840.0000,5284,2937.4081,0.0000,999,999,999,1,51.1200
52850.0000,5285,2937.4196,0.0000,998,999,1000,1,51.1982
52860.0000,5286,2937.4311,0.0000,998,999,999,1,50.9731
52870.0000,5287,2937.4425,0.0000,1000,1000,1000,1,50.8490
52880.0000,5288,2937.4541,0.0000,999,1000,1000,1,50.8261
52890.0000,5289,2937.4657,0.0000,998,999,1000,1,50.9041
52900.0000,5290,2937.4771,0.0000,1000,999,1000,1,50.6780
52910.0000,5291,2937.4886,0.0000,1000,999,1000,1,50.7561
52920.0000,5292,2937.4999,0.0000,999,1000,999,1,50.4286
52930.0000,5293,2937.5115,0.0000,1000,1000,1000,1,50.6080
52940.0000,5294,2937.5232,0.0000,1000,1000,1000,1,50.7873
52950.0000,5295,2937.5350,0.0000,999,999,1000,1,50.9666
52960.0000,5296,2937.5466,0.0000,1000,999,1000,1,51.0441
52970.0000,5297,2937.5582,0.0000,1000,1000,1000,1,51.1214
52980.0000,5298,2937.5697,0.0000,1000,1000,1000,1,50.9957
52990.0000,5299,2937.5814,0.0000,1000,1000,1000,1,51.0731
53000.0000,5300,2937.5930,0.0000,999,1000,1000,1,51.1506
53010.0000,5301,2937.6046,0.0000,999,1000,1000,1,51.2278
53020.0000,5302,2937.6162,0.0000,999,1000,1000,1,51.4068
53030.0000,5303,2937.6277,0.0000,1000,1000,1000,1,51.1779
53040.0000,5304,2937.6393,0.0000,1000,999,1000,1,51.2548
53050.0000,5305,2937.6509,0.0000,1000,1000,1000,1,51.4337
53060.0000,5306,2937.6624,0.0000,997,999,998,1,51.3059
53070.0000,5307,2937.6737,0.0000,999,999,1000,1,51.3825
53080.0000,5308,2937.6852,0.0000,1000,1000,1000,1,51.3573
53090.0000,5309,2937.6967,0.0000,999,1000,1000,1,51.2297
53100.0000,5310,2937.7083,0.0000,998,999,999,1,51.3061
53110.0000,5311,2937.7198,0.0000,1000,1000,1000,1,51.4847
53120.0000,5312,2937.7314,0.0000,999,1000,999,1,51.2540
53130.0000,5313,2937.7429,0.0000,1000,1000,1000,1,51.3311
53140.0000,5314,2937.7545,0.0000,1000,1000,1000,1,51.5096
53150.0000,5315,2937.7659,0.0000,999,999,1000,1,51.4844
53160.0000,5316,2937.7774,0.0000,1000,999,999,1,51.4588
53170.0000,5317,2937.7888,0.0000,1000,1000,1000,1,51.4331
53180.0000,5318,2937.8002,0.0000,999,999,999,1,51.4069
53190.0000,5319,2937.8116,0.0000,999,1000,999,1,51.2787
53200.0000,5320,2937.8231,0.0000,999,1000,1000,1,51.4570
53210.0000,5321,2937.8347,0.0000,999,999,1000,1,51.5338
53220.0000,5322,2937.8458,0.0000,999,1000,999,1,51.3059
53230.0000,5323,2937.8572,0.0000,999,1000,1000,1,51.1803
53240.0000,5324,2937.8688,0.0000,999,1000,1000,1,51.3585
53250.0000,5325,2937.8803,0.0000,1000,1000,1000,1,51.4352
53260.0000,5326,2937.8919,0.0000,1000,1000,1000,1,51.6133
53270.0000,5327,2937.9033,0.0000,1000,1000,1000,1,51.4864
53280.0000,5328,2937.9148,0.0000,999,999,1000,1,51.5628
53290.0000,5329,2937.9263,0.0000,999,1000,1000,1,51.5377
53300.0000,5330,2937.9377,0.0000,999,1000,999,1,51.6138
53310.0000,5331,2937.9490,0.0000,1000,1000,1000,1,51.4864
53320.0000,5332,2937.9602,0.0000,1000,999,999,1,51.3591
53330.0000,5333,2937.9716,0.0000,1000,1000,999,1,51.1300
53340.0000,5334,2937.9830,0.0000,1000,1000,999,1,51.2061
53350.0000,5335,2937.9945,0.0000,1000,1000,1000,1,51.2822
53360.0000,5336,2938.0060,0.0000,999,1000,1000,1,51.3581
53370.0000,5337,2938.0174,0.0000,998,1000,1000,1,51.4341
53380.0000,5338,2938.0285,0.0000,998,999,1000,1,51.5100
53390.0000,5339,2938.0401,0.0000,1000,1000,1000,1,51.6876
53400.0000,5340,2938.0515,0.0000,999,999,1000,1,51.7636
53410.0000,5341,2938.0628,0.0000,998,998,999,1,51.6364
53420.0000,5342,2938.0742,0.0000,1000,1000,1000,1,51.8139
53430.0000,5343,2938.0856,0.0000,1000,1000,999,1,51.8899
53440.0000,5344,2938.0966,0.0000,998,998,998,1,51.6616
53450.0000,5345,2938.1078,0.0000,999,999,1000,1,51.7376
53460.0000,5346,2938.1192,0.0000,999,1000,1000,1,51.7125
53470.0000,5347,2938.1306,0.0000,1000,1000,1000,1,51.7886
53480.0000,5348,2938.1419,0.0000,999,999,1000,1,51.8645
53490.0000,5349,2938.1533,0.0000,999,1000,1000,1,51.9403
53500.0000,5350,2938.1646,0.0000,1000,999,1000,1,52.0160
53510.0000,5351,2938.1758,0.0000,999,1000,999,1,51.7868
53520.0000,5352,2938.1873,0.0000,1000,1000,1000,1,51.9639
53530.0000,5353,2938.1987,0.0000,999,1000,1000,1,52.1410
53540.0000,5354,2938.2100,0.0000,998,999,1000,1,52.2163
53550.0000,5355,2938.2213,0.0000,999,1000,1000,1,52.2914
53560.0000,5356,2938.2326,0.0000,999,1000,1000,1,52.3663
53570.0000,5357,2938.2439,0.0000,1000,1000,1000,1,52.3398
53580.0000,5358,2938.2552,0.0000,1000,1000,1000,1,52.5166
53590.0000,5359,2938.2665,0.0000,999,999,1000,1,52.3882
53600.0000,5360,2938.2778,0.0000,1000,1000,1000,1,52.4632
53610.0000,5361,2938.2890,0.0000,1000,1000,1000,1,52.3353
53620.0000,5362,2938.3005,0.0000,1000,1000,1000,1,52.5121
53630.0000,5363,2938.3116,0.0000,999,1000,1000,1,52.4856
53640.0000,5364,2938.3229,0.0000,1000,1000,1000,1,52.4591
53650.0000,5365,2938.3342,0.0000,999,1000,1000,1,52.4323
53660.0000,5366,2938.3455,0.0000,999,1000,1000,1,52.6089
53670.0000,5367,2938.3565,0.0000,999,999,1000,1,52.3787
53680.0000,5368,2938.3677,0.0000,1000,1000,1000,1,52.2505
53690.0000,5369,2938.3790,0.0000,998,999,999,1,52.2237
53700.0000,5370,2938.3901,0.0000,999,998,1000,1,52.1969
53710.0000,5371,2938.4013,0.0000,1000,1000,1000,1,52.1711
53720.0000,5372,2938.4125,0.0000,998,1000,999,1,52.2462
53730.0000,5373,2938.4234,0.0000,999,1000,1000,1,52.2203
53740.0000,5374,2938.4346,0.0000,998,998,999,1,52.1943
53750.0000,5375,2938.4457,0.0000,998,999,999,1,52.1687
53760.0000,5376,2938.4567,0.0000,998,998,999,1,52.0424
53770.0000,5377,2938.4677,0.0000,998,998,999,1,52.0170
53780.0000,5378,2938.4787,0.0000,1000,999,999,1,51.7906
53790.0000,5379,2938.4899,0.0000,999,1000,999,1,51.8662
53800.0000,5380,2938.5010,0.0000,1000,1000,1000,1,51.8410
53810.0000,5381,2938.5122,0.0000,1000,1000,1000,1,51.6149
53820.0000,5382,2938.5234,0.0000,1000,1000,1000,1,51.4901
53830.0000,5383,2938.5344,0.0000,999,1000,999,1,51.5659
53840.0000,5384,2938.5456,0.0000,1000,1000,1000,1,51.6417
53850.0000,5385,2938.5569,0.0000,999,999,1000,1,51.6168
53860.0000,5386,2938.5680,0.0000,1000,1000,1000,1,51.6922
53870.0000,5387,2938.5790,0.0000,998,999,1000,1,51.6666
53880.0000,5388,2938.5902,0.0000,1000,1000,1000,1,51.7417
53890.0000,5389,2938.6015,0.0000,1000,1000,1000,1,51.9177
53900.0000,5390,2938.6126,0.0000,999,999,999,1,51.8911
53910.0000,5391,2938.6237,0.0000,999,999,1000,1,51.8647
53920.0000,5392,2938.6348,0.0000,1000,1000,1000,1,51.9393
53930.0000,5393,2938.6459,0.0000,1000,1000,1000,1,51.9130
53940.0000,5394,2938.6571,0.0000,998,999,1000,1,51.9878
53950.0000,5395,2938.6681,0.0000,1000,1000,1000,1,51.7607
53960.0000,5396,2938.6792,0.0000,999,999,1000,1,51.6351
53970.0000,5397,2938.6903,0.0000,1000,999,999,1,51.5099
53980.0000,5398,2938.7015,0.0000,999,1000,1000,1,51.3848
53990.0000,5399,2938.7125,0.0000,1000,1000,1000,1,51.2596
54000.0000,5400,2938.7237,0.0000,1000,1000,1000,1,51.3349
54010.0000,5401,2938.7349,0.0000,999,1000,1000,1,51.3098
54020.0000,5402,2938.7461,0.0000,999,1000,1000,1,51.4854
54030.0000,5403,2938.7573,0.0000,999,999,1000,1,51.5603
54040.0000,5404,2938.7682,0.0000,999,1000,1000,1,51.2332
54050.0000,5405,2938.7787,0.0000,999,999,999,1,50.9071
54060.0000,5406,2938.7897,0.0000,999,999,1000,1,50.8827
54070.0000,5407,2938.8007,0.0000,998,999,999,1,50.8589
54080.0000,5408,2938.8116,0.0000,999,1000,999,1,50.6380
54090.0000,5409,2938.8225,0.0000,999,999,999,1,50.5162
54100.0000,5410,2938.8334,0.0000,1000,999,1000,1,50.2961
54110.0000,5411,2938.8443,0.0000,999,998,1000,1,50.2743
54120.0000,5412,2938.8553,0.0000,999,999,1000,1,50.1542
54130.0000,5413,2938.8664,0.0000,999,1000,1000,1,50.3296
54140.0000,5414,2938.8771,0.0000,998,1000,998,1,50.2100
54150.0000,5415,2938.8882,0.0000,999,1000,1000,1,50.2872
54160.0000,5416,2938.8993,0.0000,1000,1000,1000,1,50.3643
54170.0000,5417,2938.9103,0.0000,999,999,1000,1,50.2455
54180.0000,5418,2938.9214,0.0000,1000,1000,1000,1,50.2249
54190.0000,5419,2938.9326,0.0000,998,999,999,1,50.3021
54200.0000,5420,2938.9434,0.0000,1000,999,1000,1,50.0847
54210.0000,5421,2938.9545,0.0000,1000,1000,999,1,50.1618
54220.0000,5422,2938.9655,0.0000,1000,999,1000,1,50.2386
54230.0000,5423,2938.9765,0.0000,999,1000,999,1,50.1189
54240.0000,5424,2938.9875,0.0000,1000,999,1000,1,50.0978
54250.0000,5425,2938.9984,0.0000,999,999,1000,1,50.0764
54260.0000,5426,2939.0093,0.0000,1000,1000,1000,1,50.0552
54270.0000,5427,2939.0203,0.0000,1000,1000,1000,1,50.0340
54280.0000,5428,2939.0312,0.0000,999,1000,1000,1,49.9149
54290.0000,5429,2939.0423,0.0000,999,1000,1000,1,49.9918
54300.0000,5430,2939.0528,0.0000,999,997,1000,1,49.8727
54310.0000,5431,2939.0636,0.0000,999,999,999,1,49.6562
54320.0000,5432,2939.0744,0.0000,1000,1000,1000,1,49.3425
54330.0000,5433,2939.0855,0.0000,1000,1000,1000,1,49.5175
54340.0000,5434,2939.0966,0.0000,1000,1000,1000,1,49.5945
54350.0000,5435,2939.1074,0.0000,1000,1000,1000,1,49.1816
54360.0000,5436,2939.1181,0.0000,998,999,998,1,48.9642
54370.0000,5437,2939.1289,0.0000,1000,1000,1000,1,48.7469
54380.0000,5438,2939.1399,0.0000,1000,1000,1000,1,48.7258
54390.0000,5439,2939.1508,0.0000,999,999,1000,1,48.7044
54400.0000,5440,2939.1619,0.0000,999,1000,1000,1,48.8793
54410.0000,5441,2939.1729,0.0000,1000,1000,1000,1,48.9558
54420.0000,5442,2939.1840,0.0000,1000,999,1000,1,49.1306
54430.0000,5443,2939.1951,0.0000,1000,1000,1000,1,49.3053
54440.0000,5444,2939.2060,0.0000,1000,1000,1000,1,49.2829
54450.0000,5445,2939.2171,0.0000,1000,1000,1000,1,49.4575
54460.0000,5446,2939.2279,0.0000,999,1000,1000,1,49.3357
54470.0000,5447,2939.2388,0.0000,999,999,999,1,49.2139
54480.0000,5448,2939.2496,0.0000,999,999,999,1,48.9930
54490.0000,5449,2939.2601,0.0000,1000,998,1000,1,48.8706
54500.0000,5450,2939.2709,0.0000,999,999,1000,1,48.7484
54510.0000,5451,2939.2819,0.0000,1000,1000,1000,1,48.9229
54520.0000,5452,2939.2929,0.0000,1000,1000,1000,1,48.9983
54530.0000,5453,2939.3039,0.0000,998,1000,999,1,48.9742
54540.0000,5454,2939.3147,0.0000,1000,1000,1000,1,49.0492
54550.0000,5455,2939.3257,0.0000,1000,999,999,1,49.1241
54560.0000,5456,2939.3365,0.0000,1000,1000,1000,1,49.1012
54570.0000,5457,2939.3474,0.0000,999,1000,1000,1,49.0787
54580.0000,5458,2939.3582,0.0000,1000,1000,1000,1,48.9583
54590.0000,5459,2939.3690,0.0000,999,1000,1000,1,48.9363
54600.0000,5460,2939.3798,0.0000,999,999,999,1,48.8163
54610.0000,5461,2939.3904,0.0000,999,1000,1000,1,48.6011
54620.0000,5462,2939.4012,0.0000,1000,1000,999,1,48.4839
54630.0000,5463,2939.4121,0.0000,1000,1000,1000,1,48.4640
54640.0000,5464,2939.4229,0.0000,1000,999,1000,1,48.6382
54650.0000,5465,2939.4339,0.0000,1000,1000,1000,1,48.8122
54660.0000,5466,2939.4448,0.0000,999,1000,1000,1,48.8887
54670.0000,5467,2939.4554,0.0000,999,999,1000,1,48.7696
54680.0000,5468,2939.4663,0.0000,999,999,1000,1,48.9435
54690.0000,5469,2939.4770,0.0000,1000,999,1000,1,48.4332
54700.0000,5470,2939.4879,0.0000,999,1000,1000,1,48.6072
54710.0000,5471,2939.4989,0.0000,1000,1000,1000,1,48.7811
54720.0000,5472,2939.5098,0.0000,998,1000,1000,1,48.8569
54730.0000,5473,2939.5207,0.0000,999,999,1000,1,48.8349
54740.0000,5474,2939.5313,0.0000,1000,999,1000,1,48.6180
54750.0000,5475,2939.5422,0.0000,999,1000,999,1,48.5963
54760.0000,5476,2939.5531,0.0000,1000,1000,1000,1,48.7700
54770.0000,5477,2939.5640,0.0000,999,1000,1000,1,48.7478
54780.0000,5478,2939.5748,0.0000,1000,1000,1000,1,48.7259
54790.0000,5479,2939.5857,0.0000,1000,1000,1000,1,48.7045
54800.0000,5480,2939.5964,0.0000,999,1000,1000,1,48.6834
54810.0000,5481,2939.6072,0.0000,999,1000,1000,1,48.7595
54820.0000,5482,2939.6180,0.0000,998,999,1000,1,48.7382
54830.0000,5483,2939.6287,0.0000,999,1000,1000,1,48.5221
54840.0000,5484,2939.6394,0.0000,1000,999,999,1,48.5980
54850.0000,5485,2939.6501,0.0000,1000,1000,999,1,48.5763
54860.0000,5486,2939.6607,0.0000,999,1000,1000,1,48.5544
54870.0000,5487,2939.6715,0.0000,999,1000,1000,1,48.5326
54880.0000,5488,2939.6822,0.0000,999,1000,999,1,48.5108
54890.0000,5489,2939.6927,0.0000,998,998,998,1,48.0016
54900.0000,5490,2939.7031,0.0000,998,1000,999,1,47.8828
54910.0000,5491,2939.7139,0.0000,1000,1000,1000,1,47.9590
54920.0000,5492,2939.7247,0.0000,1000,999,999,1,48.0349
54930.0000,5493,2939.7354,0.0000,998,999,999,1,47.9161
54940.0000,5494,2939.7460,0.0000,999,1000,1000,1,47.8948
54950.0000,5495,2939.7568,0.0000,999,1000,1000,1,47.9709
54960.0000,5496,2939.7675,0.0000,998,999,999,1,47.8524
54970.0000,5497,2939.7780,0.0000,998,999,999,1,47.5406
54980.0000,5498,2939.7887,0.0000,998,1000,999,1,47.6170
54990.0000,5499,2939.7992,0.0000,999,1000,1000,1,47.6932
55000.0000,5500,2939.8101,0.0000,998,999,999,1,47.7692
55010.0000,5501,2939.8208,0.0000,1000,1000,1000,1,47.8452
55020.0000,5502,2939.8316,0.0000,1000,1000,1000,1,47.9210
55030.0000,5503,2939.8424,0.0000,1000,999,1000,1,47.9966
55040.0000,5504,2939.8530,0.0000,999,999,1000,1,48.0720
55050.0000,5505,2939.8637,0.0000,999,1000,1000,1,48.0496
55060.0000,5506,2939.8745,0.0000,999,999,1000,1,48.2225
55070.0000,5507,2939.8851,0.0000,999,1000,1000,1,48.2000
55080.0000,5508,2939.8958,0.0000,1000,1000,1000,1,48.1775
55090.0000,5509,2939.9066,0.0000,1000,999,1000,1,48.2525
55100.0000,5510,2939.9173,0.0000,999,1000,1000,1,48.4252
55110.0000,5511,2939.9280,0.0000,1000,1000,1000,1,48.4018
55120.0000,5512,2939.9387,0.0000,999,998,1000,1,48.2813
55130.0000,5513,2939.9494,0.0000,1000,1000,1000,1,48.3563
55140.0000,5514,2939.9599,0.0000,999,999,999,1,48.3337
55150.0000,5515,2939.9705,0.0000,999,1000,1000,1,48.4085
55160.0000,5516,2939.9812,0.0000,999,999,999,1,48.3853
55170.0000,5517,2939.9917,0.0000,1000,1000,1000,1,48.3619
55180.0000,5518,2940.0024,0.0000,998,1000,999,1,48.3387
55190.0000,5519,2940.0131,0.0000,999,999,1000,1,48.3158
55200.0000,5520,2940.0237,0.0000,999,998,1000,1,48.3909
55210.0000,5521,2940.0341,0.0000,999,1000,999,1,48.2712
55220.0000,5522,2940.0442,0.0000,999,998,999,1,47.9571
55230.0000,5523,2940.0548,0.0000,1000,1000,1000,1,48.0323
55240.0000,5524,2940.0654,0.0000,998,998,998,1,47.9121
55250.0000,5525,2940.0758,0.0000,999,1000,1000,1,47.8891
55260.0000,5526,2940.0863,0.0000,1000,1000,1000,1,47.7686
55270.0000,5527,2940.0970,0.0000,1000,1000,1000,1,47.7455
55280.0000,5528,2940.1077,0.0000,999,999,1000,1,47.8200
55290.0000,5529,2940.1183,0.0000,999,998,1000,1,47.7970
55300.0000,5530,2940.1286,0.0000,1000,1000,999,1,47.4825
55310.0000,5531,2940.1392,0.0000,1000,1000,1000,1,47.4603
55320.0000,5532,2940.1499,0.0000,1000,1000,1000,1,47.5354
55330.0000,5533,2940.1604,0.0000,999,999,999,1,47.3193
55340.0000,5534,2940.1709,0.0000,1000,1000,1000,1,47.2005
55350.0000,5535,2940.1816,0.0000,999,1000,1000,1,47.2757
55360.0000,5536,2940.1923,0.0000,999,999,999,1,47.3506
55370.0000,5537,2940.2029,0.0000,999,1000,1000,1,47.4254
55380.0000,5538,2940.2135,0.0000,999,1000,999,1,47.5000
55390.0000,5539,2940.2242,0.0000,999,999,1000,1,47.6720
55400.0000,5540,2940.2347,0.0000,999,999,1000,1,47.7463
55410.0000,5541,2940.2452,0.0000,1000,1000,1000,1,47.8204
55420.0000,5542,2940.2557,0.0000,999,999,1000,1,47.8944
55430.0000,5543,2940.2662,0.0000,1000,1000,1000,1,47.8704
55440.0000,5544,2940.2770,0.0000,1000,1000,1000,1,48.0421
55450.0000,5545,2940.2874,0.0000,998,999,999,1,47.9197
55460.0000,5546,2940.2976,0.0000,998,999,999,1,47.6014
55470.0000,5547,2940.3083,0.0000,1000,1000,1000,1,47.6751
55480.0000,5548,2940.3187,0.0000,998,998,1000,1,47.7487
55490.0000,5549,2940.3290,0.0000,998,999,1000,1,47.4301
55500.0000,5550,2940.3394,0.0000,999,999,1000,1,47.2112
55510.0000,5551,2940.3498,0.0000,999,999,1000,1,47.0914
55520.0000,5552,2940.3604,0.0000,999,999,1000,1,47.1659
55530.0000,5553,2940.3707,0.0000,998,999,998,1,46.7576
55540.0000,5554,2940.3811,0.0000,999,999,999,1,46.8325
55550.0000,5555,2940.3916,0.0000,999,1000,1000,1,46.9076
55560.0000,5556,2940.4022,0.0000,1000,1000,1000,1,47.0791
55570.0000,5557,2940.4128,0.0000,1000,1000,1000,1,47.2506
55580.0000,5558,2940.4234,0.0000,1000,1000,1000,1,47.4220
55590.0000,5559,2940.4340,0.0000,1000,1000,1000,1,47.3993
55600.0000,5560,2940.4447,0.0000,1000,1000,1000,1,47.5706
55610.0000,5561,2940.4551,0.0000,999,999,1000,1,47.4510
55620.0000,5562,2940.4653,0.0000,999,1000,1000,1,47.4284
55630.0000,5563,2940.4759,0.0000,1000,1000,1000,1,47.5996
55640.0000,5564,2940.4864,0.0000,1000,999,1000,1,47.7708
55650.0000,5565,2940.4970,0.0000,999,999,1000,1,47.8445
55660.0000,5566,2940.5074,0.0000,1000,1000,1000,1,47.8205
55670.0000,5567,2940.5177,0.0000,1000,998,1000,1,47.6988
55680.0000,5568,2940.5282,0.0000,998,999,999,1,47.6747
55690.0000,5569,2940.5385,0.0000,1000,999,1000,1,47.6507
55700.0000,5570,2940.5490,0.0000,999,999,1000,1,47.7241
55710.0000,5571,2940.5594,0.0000,999,999,999,1,47.6031
55720.0000,5572,2940.5697,0.0000,999,999,1000,1,47.3860
55730.0000,5573,2940.5802,0.0000,999,999,1000,1,47.2676
55740.0000,5574,2940.5903,0.0000,999,1000,999,1,47.0529
55750.0000,5575,2940.6004,0.0000,998,999,999,1,47.0308
55760.0000,5576,2940.6106,0.0000,999,999,999,1,47.0086
55770.0000,5577,2940.6210,0.0000,999,999,999,1,46.8911
55780.0000,5578,2940.6312,0.0000,999,999,1000,1,47.0618
55790.0000,5579,2940.6413,0.0000,999,999,999,1,46.8498
55800.0000,5580,2940.6518,0.0000,999,999,1000,1,46.9251
55810.0000,5581,2940.6624,0.0000,999,999,1000,1,47.0959
55820.0000,5582,2940.6728,0.0000,1000,1000,1000,1,47.1708
55830.0000,5583,2940.6833,0.0000,999,1000,1000,1,47.3415
55840.0000,5584,2940.6937,0.0000,999,999,1000,1,47.2242
55850.0000,5585,2940.7042,0.0000,999,1000,999,1,47.2031
55860.0000,5586,2940.7146,0.0000,999,1000,1000,1,47.2778
55870.0000,5587,2940.7250,0.0000,998,999,999,1,47.1608
55880.0000,5588,2940.7351,0.0000,1000,1000,1000,1,46.9478
55890.0000,5589,2940.7456,0.0000,1000,1000,1000,1,47.1184
55900.0000,5590,2940.7560,0.0000,999,1000,999,1,47.0969
55910.0000,5591,2940.7662,0.0000,998,999,999,1,47.0760
55920.0000,5592,2940.7765,0.0000,1000,1000,1000,1,47.1513
55930.0000,5593,2940.7868,0.0000,1000,1000,1000,1,47.1312
55940.0000,5594,2940.7971,0.0000,998,998,998,1,47.1109
55950.0000,5595,2940.8071,0.0000,1000,999,999,1,46.9006
55960.0000,5596,2940.8173,0.0000,999,1000,1000,1,46.9759
55970.0000,5597,2940.8278,0.0000,999,999,999,1,47.0511
55980.0000,5598,2940.8380,0.0000,1000,1000,1000,1,47.1261
55990.0000,5599,2940.8483,0.0000,999,999,1000,1,47.0105
56000.0000,5600,2940.8585,0.0000,999,1000,1000,1,46.8001
56010.0000,5601,2940.8689,0.0000,1000,1000,1000,1,46.9703
56020.0000,5602,2940.8791,0.0000,999,998,999,1,46.7594
56030.0000,5603,2940.8894,0.0000,999,999,1000,1,46.8344
56040.0000,5604,2940.8996,0.0000,999,998,999,1,46.8147
56050.0000,5605,2940.9097,0.0000,1000,1000,1000,1,46.5118
56060.0000,5606,2940.9201,0.0000,1000,1000,1000,1,46.3041
56070.0000,5607,2940.9304,0.0000,1000,1000,999,1,46.1915
56080.0000,5608,2940.9406,0.0000,998,999,999,1,45.9853
56090.0000,5609,2940.9507,0.0000,999,999,1000,1,45.9676
56100.0000,5610,2940.9610,0.0000,1000,1000,1000,1,45.9498
56110.0000,5611,2940.9713,0.0000,999,999,999,1,45.9320
56120.0000,5612,2940.9815,0.0000,999,1000,1000,1,45.8211
56130.0000,5613,2940.9919,0.0000,1000,1000,1000,1,45.8976
56140.0000,5614,2941.0021,0.0000,998,998,998,1,45.8800
56150.0000,5615,2941.0123,0.0000,999,999,1000,1,46.0498
56160.0000,5616,2941.0225,0.0000,999,1000,1000,1,46.0323
56170.0000,5617,2941.0328,0.0000,1000,1000,1000,1,45.8278
56180.0000,5618,2941.0430,0.0000,999,999,1000,1,45.8105
56190.0000,5619,2941.0533,0.0000,1000,999,1000,1,45.7935
56200.0000,5620,2941.0632,0.0000,1000,999,1000,1,45.5900
56210.0000,5621,2941.0737,0.0000,1000,1000,1000,1,45.7598
56220.0000,5622,2941.0840,0.0000,999,999,1000,1,45.8359
56230.0000,5623,2941.0940,0.0000,1000,1000,1000,1,45.8183
56240.0000,5624,2941.1043,0.0000,998,999,999,1,45.8942
56250.0000,5625,2941.1146,0.0000,1000,999,999,1,45.9699
56260.0000,5626,2941.1245,0.0000,999,999,999,1,45.7642
56270.0000,5627,2941.1348,0.0000,999,1000,999,1,45.8399
56280.0000,5628,2941.1450,0.0000,1000,1000,1000,1,45.9155
56290.0000,5629,2941.1554,0.0000,999,1000,1000,1,46.0850
56300.0000,5630,2941.1656,0.0000,998,999,999,1,46.0662
56310.0000,5631,2941.1759,0.0000,1000,1000,1000,1,46.0474
56320.0000,5632,2941.1861,0.0000,999,999,999,1,45.8401
56330.0000,5633,2941.1962,0.0000,999,1000,1000,1,46.0094
56340.0000,5634,2941.2064,0.0000,998,999,999,1,45.9899
56350.0000,5635,2941.2166,0.0000,999,999,1000,1,46.0647
56360.0000,5636,2941.2267,0.0000,1000,1000,1000,1,46.0448
56370.0000,5637,2941.2368,0.0000,999,999,1000,1,45.9306
56380.0000,5638,2941.2469,0.0000,999,1000,999,1,45.9114
56390.0000,5639,2941.2572,0.0000,999,1000,1000,1,45.9865
56400.0000,5640,2941.2674,0.0000,999,999,1000,1,46.1556
56410.0000,5641,2941.2772,0.0000,1000,999,998,1,46.0420
56420.0000,5642,2941.2870,0.0000,999,1000,1000,1,45.8346
56430.0000,5643,2941.2972,0.0000,998,999,1000,1,45.8164
56440.0000,5644,2941.3073,0.0000,999,1000,1000,1,45.7049
56450.0000,5645,2941.3172,0.0000,1000,999,1000,1,45.5934
56460.0000,5646,2941.3274,0.0000,999,1000,1000,1,45.6694
56470.0000,5647,2941.3373,0.0000,1000,1000,1000,1,45.6518
56480.0000,5648,2941.3477,0.0000,999,1000,1000,1,45.8207
56490.0000,5649,2941.3575,0.0000,998,999,998,1,45.6159
56500.0000,5650,2941.3673,0.0000,998,1000,1000,1,45.5052
56510.0000,5651,2941.3773,0.0000,1000,999,1000,1,45.4875
56520.0000,5652,2941.3876,0.0000,999,1000,1000,1,45.6563
56530.0000,5653,2941.3975,0.0000,1000,1000,1000,1,45.4521
56540.0000,5654,2941.4077,0.0000,999,999,999,1,45.5276
56550.0000,5655,2941.4178,0.0000,999,999,1000,1,45.4165
56560.0000,5656,2941.4279,0.0000,999,1000,1000,1,45.4920
56570.0000,5657,2941.4381,0.0000,999,1000,999,1,45.5676
56580.0000,5658,2941.4483,0.0000,1000,999,1000,1,45.5500
56590.0000,5659,2941.4585,0.0000,999,999,999,1,45.6253
56600.0000,5660,2941.4685,0.0000,999,999,1000,1,45.6076
56610.0000,5661,2941.4787,0.0000,1000,1000,1000,1,45.5898
56620.0000,5662,2941.4889,0.0000,999,999,1000,1,45.6650
56630.0000,5663,2941.4990,0.0000,999,999,1000,1,45.7401
56640.0000,5664,2941.5090,0.0000,1000,999,1000,1,45.6282
56650.0000,5665,2941.5191,0.0000,999,999,1000,1,45.7966
56660.0000,5666,2941.5293,0.0000,999,999,1000,1,45.5925
56670.0000,5667,2941.5392,0.0000,1000,1000,999,1,45.5748
56680.0000,5668,2941.5494,0.0000,1000,999,1000,1,45.7432
56690.0000,5669,2941.5595,0.0000,1000,999,1000,1,45.8182
56700.0000,5670,2941.5697,0.0000,999,1000,1000,1,45.8931
56710.0000,5671,2941.5798,0.0000,999,1000,1000,1,45.9678
56720.0000,5672,2941.5898,0.0000,999,999,1000,1,46.0424
56730.0000,5673,2941.5999,0.0000,999,1000,1000,1,45.9297
56740.0000,5674,2941.6100,0.0000,1000,999,1000,1,45.8167
56750.0000,5675,2941.6200,0.0000,999,1000,999,1,45.7973
56760.0000,5676,2941.6300,0.0000,1000,1000,1000,1,45.5908
56770.0000,5677,2941.6401,0.0000,1000,999,1000,1,45.7590
56780.0000,5678,2941.6502,0.0000,1000,1000,1000,1,45.8334
56790.0000,5679,2941.6604,0.0000,1000,1000,1000,1,46.0014
56800.0000,5680,2941.6704,0.0000,999,1000,999,1,46.0753
56810.0000,5681,2941.6803,0.0000,998,998,999,1,46.0549
56820.0000,5682,2941.6901,0.0000,1000,1000,1000,1,46.1287
56830.0000,5683,2941.6999,0.0000,999,999,1000,1,46.1088
56840.0000,5684,2941.7100,0.0000,999,1000,1000,1,46.0887
56850.0000,5685,2941.7201,0.0000,1000,1000,1000,1,46.1624
56860.0000,5686,2941.7301,0.0000,999,1000,999,1,46.1416
56870.0000,5687,2941.7402,0.0000,1000,999,1000,1,46.2152
56880.0000,5688,2941.7502,0.0000,1000,1000,1000,1,46.2887
56890.0000,5689,2941.7603,0.0000,999,999,999,1,46.2678
56900.0000,5690,2941.7703,0.0000,999,999,999,1,46.2468
56910.0000,5691,2941.7804,0.0000,999,999,1000,1,46.3202
56920.0000,5692,2941.7903,0.0000,999,999,1000,1,46.3935
56930.0000,5693,2941.8003,0.0000,1000,1000,1000,1,46.4667
56940.0000,5694,2941.8104,0.0000,999,999,1000,1,46.5398
56950.0000,5695,2941.8203,0.0000,1000,1000,1000,1,46.2373
56960.0000,5696,2941.8303,0.0000,999,1000,999,1,46.1238
56970.0000,5697,2941.8403,0.0000,999,999,1000,1,46.1041
56980.0000,5698,2941.8503,0.0000,999,1000,1000,1,46.1781
56990.0000,5699,2941.8602,0.0000,999,999,999,1,46.1585
57000.0000,5700,2941.8699,0.0000,1000,998,1000,1,46.1391
57010.0000,5701,2941.8798,0.0000,999,999,1000,1,46.2131
57020.0000,5702,2941.8895,0.0000,999,1000,999,1,46.0069
57030.0000,5703,2941.8995,0.0000,999,1000,1000,1,46.0807
57040.0000,5704,2941.9095,0.0000,1000,999,999,1,46.0610
57050.0000,5705,2941.9195,0.0000,999,999,1000,1,46.2282
57060.0000,5706,2941.9293,0.0000,1000,999,1000,1,46.2078
57070.0000,5707,2941.9390,0.0000,998,999,999,1,46.0937
57080.0000,5708,2941.9490,0.0000,1000,1000,1000,1,46.2608
57090.0000,5709,2941.9590,0.0000,999,999,999,1,46.1463
57100.0000,5710,2941.9690,0.0000,1000,1000,1000,1,46.3134
57110.0000,5711,2941.9789,0.0000,998,1000,999,1,46.2927
57120.0000,5712,2941.9888,0.0000,999,999,1000,1,46.3657
57130.0000,5713,2941.9987,0.0000,1000,999,1000,1,46.2508
57140.0000,5714,2942.0086,0.0000,999,999,999,1,46.1361
57150.0000,5715,2942.0183,0.0000,999,999,999,1,46.1156
57160.0000,5716,2942.0282,0.0000,999,999,1000,1,46.1886
57170.0000,5717,2942.0381,0.0000,1000,1000,1000,1,45.9800
57180.0000,5718,2942.0481,0.0000,1000,999,1000,1,46.1468
57190.0000,5719,2942.0579,0.0000,998,999,999,1,46.0319
57200.0000,5720,2942.0676,0.0000,1000,1000,1000,1,45.9175
57210.0000,5721,2942.0776,0.0000,1000,1000,999,1,45.8973
57220.0000,5722,2942.0871,0.0000,999,1000,1000,1,45.9705
57230.0000,5723,2942.0969,0.0000,999,999,1000,1,45.9505
57240.0000,5724,2942.1070,0.0000,1000,1000,1000,1,46.0238
57250.0000,5725,2942.1167,0.0000,997,999,999,1,45.9101
57260.0000,5726,2942.1267,0.0000,1000,999,1000,1,46.0767
57270.0000,5727,2942.1364,0.0000,1000,1000,1000,1,45.9635
57280.0000,5728,2942.1464,0.0000,1000,1000,1000,1,46.0369
57290.0000,5729,2942.1564,0.0000,999,999,1000,1,46.2034
57300.0000,5730,2942.1662,0.0000,1000,999,1000,1,46.2764
57310.0000,5731,2942.1760,0.0000,998,1000,999,1,46.2558
57320.0000,5732,2942.1855,0.0000,999,1000,1000,1,46.0488
57330.0000,5733,2942.1953,0.0000,1000,1000,1000,1,46.0287
57340.0000,5734,2942.2052,0.0000,999,1000,1000,1,46.1019
57350.0000,5735,2942.2151,0.0000,999,999,1000,1,46.1750
57360.0000,5736,2942.2249,0.0000,999,1000,999,1,46.1548
57370.0000,5737,2942.2347,0.0000,999,1000,1000,1,46.1343
57380.0000,5738,2942.2446,0.0000,998,999,999,1,46.2070
57390.0000,5739,2942.2544,0.0000,999,999,999,1,46.1864
57400.0000,5740,2942.2642,0.0000,1000,1000,1000,1,46.2594
57410.0000,5741,2942.2741,0.0000,999,999,999,1,46.3320
57420.0000,5742,2942.2838,0.0000,999,999,1000,1,46.2179
57430.0000,5743,2942.2928,0.0000,998,998,999,1,45.8249
57440.0000,5744,2942.3027,0.0000,999,1000,1000,1,45.9910
57450.0000,5745,2942.3127,0.0000,999,1000,1000,1,46.1571
57460.0000,5746,2942.3224,0.0000,999,1000,999,1,46.0445
57470.0000,5747,2942.3322,0.0000,999,1000,1000,1,46.0253
57480.0000,5748,2942.3420,0.0000,999,999,999,1,46.0061
57490.0000,5749,2942.3517,0.0000,998,999,1000,1,45.8943
57500.0000,5750,2942.3614,0.0000,999,999,1000,1,45.6909
57510.0000,5751,2942.3713,0.0000,999,1000,1000,1,45.8568
57520.0000,5752,2942.3812,0.0000,999,1000,1000,1,46.0227
57530.0000,5753,2942.3909,0.0000,999,1000,1000,1,45.9116
57540.0000,5754,2942.4009,0.0000,1000,1000,1000,1,46.0775
57550.0000,5755,2942.4108,0.0000,1000,1000,1000,1,46.2432
57560.0000,5756,2942.4204,0.0000,999,998,999,1,46.0385
57570.0000,5757,2942.4301,0.0000,1000,1000,1000,1,45.8338
57580.0000,5758,2942.4399,0.0000,998,999,999,1,45.8146
57590.0000,5759,2942.4496,0.0000,1000,1000,1000,1,45.6104
57600.0000,5760,2942.4594,0.0000,1000,999,1000,1,45.7761
57610.0000,5761,2942.4693,0.0000,1000,1000,1000,1,45.8492
57620.0000,5762,2942.4790,0.0000,999,998,1000,1,45.7369
57630.0000,5763,2942.4885,0.0000,999,999,999,1,45.5333
57640.0000,5764,2942.4981,0.0000,999,1000,1000,1,45.6066
57650.0000,5765,2942.5079,0.0000,999,1000,1000,1,45.6798
57660.0000,5766,2942.5176,0.0000,999,999,999,1,45.5697
57670.0000,5767,2942.5272,0.0000,999,1000,1000,1,45.4603
57680.0000,5768,2942.5369,0.0000,999,999,999,1,45.5342
57690.0000,5769,2942.5466,0.0000,999,999,999,1,45.4247
57700.0000,5770,2942.5564,0.0000,999,999,1000,1,45.4985
57710.0000,5771,2942.5662,0.0000,1000,1000,1000,1,45.5724
57720.0000,5772,2942.5759,0.0000,999,1000,1000,1,45.6462
57730.0000,5773,2942.5855,0.0000,998,999,999,1,45.4449
57740.0000,5774,2942.5952,0.0000,999,1000,1000,1,45.6102
57750.0000,5775,2942.6048,0.0000,999,999,1000,1,45.4091
57760.0000,5776,2942.6145,0.0000,999,999,1000,1,45.4829
57770.0000,5777,2942.6244,0.0000,999,1000,1000,1,45.6482
57780.0000,5778,2942.6342,0.0000,999,999,1000,1,45.8133
57790.0000,5779,2942.6437,0.0000,998,998,998,1,45.5198
57800.0000,5780,2942.6533,0.0000,999,1000,999,1,45.4106
57810.0000,5781,2942.6629,0.0000,1000,1000,1000,1,45.5756
57820.0000,5782,2942.6726,0.0000,999,999,1000,1,45.4660
57830.0000,5783,2942.6822,0.0000,999,1000,1000,1,45.5398
57840.0000,5784,2942.6920,0.0000,999,1000,1000,1,45.6135
57850.0000,5785,2942.7018,0.0000,999,999,1000,1,45.7784
57860.0000,5786,2942.7114,0.0000,1000,1000,1000,1,45.7604
57870.0000,5787,2942.7212,0.0000,1000,1000,1000,1,45.9253
57880.0000,5788,2942.7308,0.0000,999,1000,1000,1,45.9985
57890.0000,5789,2942.7406,0.0000,999,999,1000,1,46.0718
57900.0000,5790,2942.7500,0.0000,998,998,1000,1,45.8715
57910.0000,5791,2942.7597,0.0000,1000,1000,1000,1,46.0363
57920.0000,5792,2942.7694,0.0000,999,999,1000,1,46.1098
57930.0000,5793,2942.7788,0.0000,1000,999,999,1,46.0005
57940.0000,5794,2942.7883,0.0000,998,998,999,1,45.7093
57950.0000,5795,2942.7969,0.0000,997,997,998,1,45.4193
57960.0000,5796,2942.8065,0.0000,1000,1000,1000,1,45.4930
57970.0000,5797,2942.8162,0.0000,999,1000,1000,1,45.6576
57980.0000,5798,2942.8258,0.0000,999,1000,1000,1,45.6399
57990.0000,5799,2942.8355,0.0000,1000,1000,1000,1,45.7133
58000.0000,5800,2942.8453,0.0000,1000,1000,1000,1,45.8778
58010.0000,5801,2942.8550,0.0000,999,999,1000,1,45.9509
58020.0000,5802,2942.8646,0.0000,999,999,999,1,45.9323
58030.0000,5803,2942.8741,0.0000,998,998,999,1,45.8222
58040.0000,5804,2942.8837,0.0000,999,1000,1000,1,45.9866
58050.0000,5805,2942.8933,0.0000,1000,1000,1000,1,45.9679
58060.0000,5806,2942.9029,0.0000,999,1000,1000,1,45.9493
58070.0000,5807,2942.9126,0.0000,999,1000,1000,1,46.0221
58080.0000,5808,2942.9220,0.0000,999,999,1000,1,46.0948
58090.0000,5809,2942.9317,0.0000,999,999,1000,1,46.2590
58100.0000,5810,2942.9413,0.0000,1000,1000,1000,1,46.1478
58110.0000,5811,2942.9510,0.0000,999,999,1000,1,46.3120
58120.0000,5812,2942.9606,0.0000,999,1000,1000,1,46.2924
58130.0000,5813,2942.9701,0.0000,999,999,999,1,46.1807
58140.0000,5814,2942.9796,0.0000,999,999,1000,1,46.0697
58150.0000,5815,2942.9891,0.0000,1000,1000,1000,1,45.7769
58160.0000,5816,2942.9986,0.0000,999,999,1000,1,45.7584
58170.0000,5817,2943.0082,0.0000,1000,1000,1000,1,45.9224
58180.0000,5818,2943.0178,0.0000,1000,1000,999,1,45.9948
58190.0000,5819,2943.0275,0.0000,1000,1000,1000,1,46.1587
58200.0000,5820,2943.0371,0.0000,1000,1000,1000,1,46.2308
58210.0000,5821,2943.0467,0.0000,999,1000,999,1,46.2107
58220.0000,5822,2943.0563,0.0000,1000,1000,1000,1,46.1906
58230.0000,5823,2943.0659,0.0000,1000,999,1000,1,46.3544
58240.0000,5824,2943.0756,0.0000,999,1000,1000,1,46.5182
58250.0000,5825,2943.0852,0.0000,999,1000,1000,1,46.5895
58260.0000,5826,2943.0949,0.0000,999,1000,1000,1,46.6608
58270.0000,5827,2943.1042,0.0000,999,999,1000,1,46.5474
58280.0000,5828,2943.1136,0.0000,999,1000,999,1,46.5264
58290.0000,5829,2943.1233,0.0000,999,999,1000,1,46.6900
58300.0000,5830,2943.1326,0.0000,999,999,999,1,46.5762
58310.0000,5831,2943.1421,0.0000,1000,999,1000,1,46.5549
58320.0000,5832,2943.1515,0.0000,1000,1000,1000,1,46.5333
58330.0000,5833,2943.1611,0.0000,999,1000,1000,1,46.6967
58340.0000,5834,2943.1707,0.0000,1000,1000,1000,1,46.8601
58350.0000,5835,2943.1802,0.0000,998,999,999,1,46.6548
58360.0000,5836,2943.1898,0.0000,1000,1000,1000,1,46.6339
58370.0000,5837,2943.1994,0.0000,999,1000,1000,1,46.7973
58380.0000,5838,2943.2090,0.0000,999,1000,1000,1,46.8683
58390.0000,5839,2943.2183,0.0000,1000,999,1000,1,46.8475
58400.0000,5840,2943.2279,0.0000,1000,1000,1000,1,47.0108
58410.0000,5841,2943.2376,0.0000,1000,1000,1000,1,47.1739
58420.0000,5842,2943.2471,0.0000,999,1000,1000,1,47.1525
58430.0000,5843,2943.2567,0.0000,999,999,1000,1,47.2232
58440.0000,5844,2943.2664,0.0000,1000,1000,1000,1,47.3863
58450.0000,5845,2943.2756,0.0000,1000,1000,999,1,47.3645
58460.0000,5846,2943.2850,0.0000,998,998,998,1,47.2505
58470.0000,5847,2943.2941,0.0000,1000,999,1000,1,47.2291
58480.0000,5848,2943.3035,0.0000,1000,999,1000,1,46.9319
58490.0000,5849,2943.3131,0.0000,999,999,999,1,46.6366
58500.0000,5850,2943.3225,0.0000,999,1000,999,1,46.5257
58510.0000,5851,2943.3319,0.0000,1000,1000,1000,1,46.5972
58520.0000,5852,2943.3415,0.0000,1000,999,1000,1,46.6687
58530.0000,5853,2943.3510,0.0000,999,999,1000,1,46.7402
58540.0000,5854,2943.3605,0.0000,999,1000,1000,1,46.9030
58550.0000,5855,2943.3700,0.0000,999,999,1000,1,46.6998
58560.0000,5856,2943.3795,0.0000,1000,1000,1000,1,46.7712
58570.0000,5857,2943.3891,0.0000,999,999,999,1,46.8425
58580.0000,5858,2943.3981,0.0000,1000,999,1000,1,46.5481
58590.0000,5859,2943.4075,0.0000,999,999,999,1,46.4374
58600.0000,5860,2943.4169,0.0000,999,999,1000,1,46.4181
58610.0000,5861,2943.4261,0.0000,1000,1000,1000,1,46.3082
58620.0000,5862,2943.4353,0.0000,999,1000,1000,1,46.1085
58630.0000,5863,2943.4444,0.0000,1000,1000,1000,1,45.9092
58640.0000,5864,2943.4538,0.0000,999,999,999,1,45.8004
58650.0000,5865,2943.4629,0.0000,999,1000,1000,1,45.4228
58660.0000,5866,2943.4724,0.0000,1000,1000,1000,1,45.4066
58670.0000,5867,2943.4819,0.0000,999,1000,1000,1,45.4798
58680.0000,5868,2943.4914,0.0000,1000,1000,1000,1,45.5530
58690.0000,5869,2943.5009,0.0000,999,1000,1000,1,45.7157
58700.0000,5870,2943.5104,0.0000,1000,1000,1000,1,45.7886
58710.0000,5871,2943.5199,0.0000,1000,1000,1000,1,45.8614
58720.0000,5872,2943.5293,0.0000,1000,999,1000,1,45.8443
58730.0000,5873,2943.5387,0.0000,1000,1000,999,1,45.9168
58740.0000,5874,2943.5480,0.0000,999,1000,1000,1,45.9892
58750.0000,5875,2943.5573,0.0000,999,999,1000,1,45.8818
58760.0000,5876,2943.5668,0.0000,999,999,1000,1,45.9544
58770.0000,5877,2943.5760,0.0000,998,998,999,1,45.6691
58780.0000,5878,2943.5850,0.0000,1000,1000,1000,1,45.6533
58790.0000,5879,2943.5943,0.0000,1000,1000,1000,1,45.6378
58800.0000,5880,2943.6037,0.0000,999,1000,999,1,45.6225
58810.0000,5881,2943.6130,0.0000,998,999,1000,1,45.7846
58820.0000,5882,2943.6217,0.0000,998,998,999,1,45.6803
58830.0000,5883,2943.6310,0.0000,1000,1000,1000,1,45.6651
58840.0000,5884,2943.6405,0.0000,1000,1000,1000,1,45.8273
58850.0000,5885,2943.6500,0.0000,1000,1000,1000,1,45.9004
58860.0000,5886,2943.6594,0.0000,1000,999,1000,1,45.9736
58870.0000,5887,2943.6687,0.0000,1000,999,1000,1,45.9578
58880.0000,5888,2943.6782,0.0000,1000,1000,1000,1,46.1198
58890.0000,5889,2943.6875,0.0000,998,999,999,1,45.9259
58900.0000,5890,2943.6968,0.0000,999,1000,999,1,45.9101
58910.0000,5891,2943.7061,0.0000,999,999,1000,1,45.7166
58920.0000,5892,2943.7154,0.0000,1000,1000,1000,1,45.6128
58930.0000,5893,2943.7248,0.0000,999,999,999,1,45.6859
58940.0000,5894,2943.7341,0.0000,999,999,999,1,45.6701
58950.0000,5895,2943.7434,0.0000,998,1000,999,1,45.7433
58960.0000,5896,2943.7528,0.0000,999,999,1000,1,45.8165
58970.0000,5897,2943.7620,0.0000,1000,998,998,1,45.7119
58980.0000,5898,2943.7712,0.0000,999,999,1000,1,45.8737
58990.0000,5899,2943.7806,0.0000,999,1000,1000,1,45.9466
59000.0000,5900,2943.7900,0.0000,999,999,1000,1,45.9305
59010.0000,5901,2943.7993,0.0000,999,1000,1000,1,45.6483
59020.0000,5902,2943.8085,0.0000,998,999,999,1,45.6325
59030.0000,5903,2943.8176,0.0000,999,999,1000,1,45.6167
59040.0000,5904,2943.8269,0.0000,999,1000,1000,1,45.5122
59050.0000,5905,2943.8361,0.0000,998,999,999,1,45.4077
59060.0000,5906,2943.8454,0.0000,999,1000,1000,1,45.5694
59070.0000,5907,2943.8547,0.0000,1000,1000,1000,1,45.6420
59080.0000,5908,2943.8641,0.0000,1000,1000,1000,1,45.7144
59090.0000,5909,2943.8735,0.0000,1000,1000,1000,1,45.7868
59100.0000,5910,2943.8829,0.0000,1000,999,1000,1,45.9482
59110.0000,5911,2943.8923,0.0000,999,1000,1000,1,46.0204
59120.0000,5912,2943.9016,0.0000,999,999,1000,1,46.0925
59130.0000,5913,2943.9110,0.0000,1000,1000,1000,1,46.2538
59140.0000,5914,2943.9202,0.0000,999,1000,999,1,45.9687
59150.0000,5915,2943.9294,0.0000,1000,1000,1000,1,46.1300
59160.0000,5916,2943.9387,0.0000,999,999,999,1,46.1129
59170.0000,5917,2943.9480,0.0000,1000,1000,1000,1,46.1852
59180.0000,5918,2943.9573,0.0000,1000,1000,1000,1,46.2573
59190.0000,5919,2943.9665,0.0000,1000,1000,1000,1,46.3292
59200.0000,5920,2943.9759,0.0000,1000,1000,1000,1,46.4903
59210.0000,5921,2943.9852,0.0000,999,1000,1000,1,46.5620
59220.0000,5922,2943.9945,0.0000,999,1000,999,1,46.6335
59230.0000,5923,2944.0034,0.0000,999,999,999,1,46.5265
59240.0000,5924,2944.0126,0.0000,999,1000,1000,1,46.5982
59250.0000,5925,2944.0218,0.0000,999,1000,1000,1,46.5803
59260.0000,5926,2944.0310,0.0000,998,1000,1000,1,46.6516
59270.0000,5927,2944.0400,0.0000,999,998,1000,1,46.5439
59280.0000,5928,2944.0493,0.0000,999,999,1000,1,46.6151
59290.0000,5929,2944.0585,0.0000,1000,1000,1000,1,46.6863
59300.0000,5930,2944.0678,0.0000,999,1000,1000,1,46.8470
59310.0000,5931,2944.0771,0.0000,1000,1000,1000,1,46.6486
59320.0000,5932,2944.0864,0.0000,1000,999,1000,1,46.8094
59330.0000,5933,2944.0956,0.0000,999,999,1000,1,46.8800
59340.0000,5934,2944.1046,0.0000,1000,999,1000,1,46.8605
59350.0000,5935,2944.1139,0.0000,1000,1000,1000,1,46.9311
59360.0000,5936,2944.1231,0.0000,1000,999,1000,1,46.9117
59370.0000,5937,2944.1322,0.0000,998,999,999,1,46.9823
59380.0000,5938,2944.1414,0.0000,1000,1000,1000,1,47.0529
59390.0000,5939,2944.1504,0.0000,998,999,999,1,46.9430
59400.0000,5940,2944.1594,0.0000,998,999,1000,1,47.0133
59410.0000,5941,2944.1685,0.0000,1000,1000,1000,1,46.9033
59420.0000,5942,2944.1778,0.0000,1000,999,1000,1,47.0637
59430.0000,5943,2944.1869,0.0000,999,1000,1000,1,47.1336
59440.0000,5944,2944.1961,0.0000,999,999,1000,1,47.2034
59450.0000,5945,2944.2053,0.0000,998,998,998,1,47.1823
59460.0000,5946,2944.2141,0.0000,1000,1000,1000,1,47.2518
59470.0000,5947,2944.2233,0.0000,1000,1000,999,1,47.3212
59480.0000,5948,2944.2324,0.0000,999,1000,1000,1,47.2997
59490.0000,5949,2944.2416,0.0000,1000,1000,1000,1,47.2783
59500.0000,5950,2944.2507,0.0000,1000,1000,1000,1,47.2568
59510.0000,5951,2944.2599,0.0000,1000,999,1000,1,47.3260
59520.0000,5952,2944.2691,0.0000,1000,999,1000,1,47.4861
59530.0000,5953,2944.2783,0.0000,999,1000,1000,1,47.6461
59540.0000,5954,2944.2875,0.0000,1000,999,1000,1,47.7146
59550.0000,5955,2944.2966,0.0000,1000,1000,999,1,47.7830
59560.0000,5956,2944.3058,0.0000,999,1000,1000,1,47.6682
59570.0000,5957,2944.3150,0.0000,999,999,1000,1,47.8281
59580.0000,5958,2944.3242,0.0000,999,1000,1000,1,47.8046
59590.0000,5959,2944.3334,0.0000,999,999,1000,1,47.8726
59600.0000,5960,2944.3424,0.0000,998,998,998,1,47.6661
59610.0000,5961,2944.3514,0.0000,1000,1000,1000,1,47.8257
59620.0000,5962,2944.3605,0.0000,999,1000,999,1,47.8024
59630.0000,5963,2944.3697,0.0000,1000,1000,1000,1,47.8706
59640.0000,5964,2944.3789,0.0000,1000,999,1000,1,47.9385
59650.0000,5965,2944.3878,0.0000,999,999,999,1,47.6405
59660.0000,5966,2944.3968,0.0000,999,1000,1000,1,47.4348
59670.0000,5967,2944.4059,0.0000,999,1000,1000,1,47.4119
59680.0000,5968,2944.4150,0.0000,1000,1000,1000,1,47.4802
59690.0000,5969,2944.4240,0.0000,999,1000,1000,1,47.4572
59700.0000,5970,2944.4331,0.0000,999,1000,1000,1,47.5255
59710.0000,5971,2944.4422,0.0000,999,999,1000,1,47.4110
59720.0000,5972,2944.4513,0.0000,1000,1000,1000,1,47.4792
59730.0000,5973,2944.4605,0.0000,999,1000,1000,1,47.6387
59740.0000,5974,2944.4695,0.0000,999,1000,1000,1,47.6152
59750.0000,5975,2944.4787,0.0000,1000,1000,1000,1,47.7746
59760.0000,5976,2944.4877,0.0000,1000,1000,999,1,47.8421
59770.0000,5977,2944.4968,0.0000,1000,1000,1000,1,47.8178
59780.0000,5978,2944.5059,0.0000,998,999,1000,1,47.7937
59790.0000,5979,2944.5151,0.0000,999,1000,1000,1,47.8612
59800.0000,5980,2944.5241,0.0000,999,1000,1000,1,47.8367
59810.0000,5981,2944.5332,0.0000,1000,1000,1000,1,47.9039
59820.0000,5982,2944.5421,0.0000,999,998,998,1,47.6950
59830.0000,5983,2944.5510,0.0000,1000,1000,1000,1,47.6700
59840.0000,5984,2944.5601,0.0000,1000,1000,1000,1,47.7372
59850.0000,5985,2944.5693,0.0000,1000,1000,1000,1,47.8043
59860.0000,5986,2944.5783,0.0000,999,1000,999,1,47.7791
59870.0000,5987,2944.5874,0.0000,1000,1000,1000,1,47.6617
59880.0000,5988,2944.5965,0.0000,999,1000,1000,1,47.7286
59890.0000,5989,2944.6056,0.0000,1000,1000,1000,1,47.7031
59900.0000,5990,2944.6147,0.0000,1000,1000,1000,1,47.7697
59910.0000,5991,2944.6236,0.0000,999,999,1000,1,47.4667
59920.0000,5992,2944.6327,0.0000,1000,1000,1000,1,47.5333
59930.0000,5993,2944.6416,0.0000,1000,999,1000,1,47.4152
59940.0000,5994,2944.6505,0.0000,1000,999,999,1,47.3906
59950.0000,5995,2944.6596,0.0000,1000,1000,1000,1,47.3663
59960.0000,5996,2944.6686,0.0000,999,1000,1000,1,47.4334
59970.0000,5997,2944.6776,0.0000,1000,999,1000,1,47.4087
59980.0000,5998,2944.6866,0.0000,1000,999,999,1,47.4757
59990.0000,5999,2944.6956,0.0000,999,999,999,1,47.5425
60000.0000,6000,2944.7045,0.0000,999,1000,999,1,47.6091
60010.0000,6001,2944.7135,0.0000,1000,1000,1000,1,47.7677
60020.0000,6002,2944.7227,0.0000,999,1000,1000,1,47.9264
60030.0000,6003,2944.7318,0.0000,999,1000,1000,1,48.0850
60040.0000,6004,2944.7409,0.0000,999,1000,1000,1,48.1510
60050.0000,6005,2944.7500,0.0000,999,1000,1000,1,48.2169
60060.0000,6006,2944.7588,0.0000,998,999,999,1,48.0971
60070.0000,6007,2944.7678,0.0000,1000,999,999,1,47.9774
60080.0000,6008,2944.7767,0.0000,1000,1000,1000,1,47.9510
60090.0000,6009,2944.7858,0.0000,1000,1000,1000,1,47.9247
60100.0000,6010,2944.7946,0.0000,1000,999,999,1,47.4387
60110.0000,6011,2944.8036,0.0000,999,1000,1000,1,47.3214
60120.0000,6012,2944.8126,0.0000,999,1000,1000,1,47.2045
60130.0000,6013,2944.8214,0.0000,999,1000,1000,1,47.0876
60140.0000,6014,2944.8304,0.0000,999,1000,1000,1,47.1541
60150.0000,6015,2944.8395,0.0000,999,999,1000,1,47.2206
60160.0000,6016,2944.8481,0.0000,998,998,999,1,46.9195
60170.0000,6017,2944.8569,0.0000,999,999,1000,1,46.6214
60180.0000,6018,2944.8659,0.0000,999,1000,1000,1,46.6885
60190.0000,6019,2944.8748,0.0000,998,1000,1000,1,46.6641
60200.0000,6020,2944.8837,0.0000,1000,1000,1000,1,46.5487
60210.0000,6021,2944.8927,0.0000,999,1000,1000,1,46.6161
60220.0000,6022,2944.9016,0.0000,999,1000,999,1,46.6833
60230.0000,6023,2944.9104,0.0000,998,998,998,1,46.4769
60240.0000,6024,2944.9188,0.0000,1000,1000,1000,1,46.2713
60250.0000,6025,2944.9277,0.0000,999,1000,1000,1,46.2479
60260.0000,6026,2944.9367,0.0000,999,999,999,1,46.3153
60270.0000,6027,2944.9454,0.0000,998,999,999,1,46.1104
60280.0000,6028,2944.9542,0.0000,1000,1000,1000,1,46.0875
60290.0000,6029,2944.9631,0.0000,1000,999,999,1,46.0645
60300.0000,6030,2944.9718,0.0000,1000,1000,1000,1,46.1320
60310.0000,6031,2944.9807,0.0000,999,999,999,1,46.0180
60320.0000,6032,2944.9896,0.0000,1000,999,999,1,45.8141
60330.0000,6033,2944.9984,0.0000,998,1000,999,1,45.6109
60340.0000,6034,2945.0072,0.0000,1000,1000,999,1,45.5884
60350.0000,6035,2945.0159,0.0000,999,999,1000,1,45.5656
60360.0000,6036,2945.0246,0.0000,999,999,1000,1,45.3620
60370.0000,6037,2945.0335,0.0000,999,999,1000,1,45.3392
60380.0000,6038,2945.0422,0.0000,1000,999,999,1,45.2263
60390.0000,6039,2945.0511,0.0000,1000,1000,1000,1,45.2940
60400.0000,6040,2945.0601,0.0000,1000,1000,1000,1,45.2712
60410.0000,6041,2945.0689,0.0000,998,999,1000,1,45.3389
60420.0000,6042,2945.0776,0.0000,999,1000,1000,1,45.0456
60430.0000,6043,2945.0865,0.0000,1000,1000,1000,1,45.1132
60440.0000,6044,2945.0955,0.0000,1000,1000,1000,1,45.2712
60450.0000,6045,2945.1044,0.0000,999,1000,1000,1,45.3386
60460.0000,6046,2945.1132,0.0000,1000,1000,1000,1,45.3152
60470.0000,6047,2945.1222,0.0000,999,999,1000,1,45.4731
60480.0000,6048,2945.1307,0.0000,999,1000,1000,1,45.2688
60490.0000,6049,2945.1395,0.0000,999,999,1000,1,45.2464
60500.0000,6050,2945.1483,0.0000,999,999,999,1,44.9548
60510.0000,6051,2945.1572,0.0000,1000,1000,1000,1,45.0229
60520.0000,6052,2945.1662,0.0000,999,999,1000,1,45.1807
60530.0000,6053,2945.1751,0.0000,999,1000,1000,1,45.2487
60540.0000,6054,2945.1839,0.0000,998,999,999,1,45.2270
60550.0000,6055,2945.1928,0.0000,999,1000,1000,1,45.2051
60560.0000,6056,2945.2017,0.0000,999,1000,1000,1,45.3628
60570.0000,6057,2945.2107,0.0000,1000,1000,1000,1,45.5204
60580.0000,6058,2945.2195,0.0000,999,999,999,1,45.4080
60590.0000,6059,2945.2280,0.0000,998,1000,1000,1,45.2066
60600.0000,6060,2945.2369,0.0000,999,1000,1000,1,45.2745
60610.0000,6061,2945.2457,0.0000,998,999,999,1,45.1631
60620.0000,6062,2945.2544,0.0000,998,999,999,1,44.8736
60630.0000,6063,2945.2632,0.0000,1000,1000,1000,1,44.8525
60640.0000,6064,2945.2721,0.0000,999,1000,1000,1,44.9206
60650.0000,6065,2945.2808,0.0000,999,1000,1000,1,44.8992
60660.0000,6066,2945.2897,0.0000,999,1000,1000,1,45.0566
60670.0000,6067,2945.2986,0.0000,999,1000,1000,1,45.1243
60680.0000,6068,2945.3074,0.0000,999,999,1000,1,45.1917
60690.0000,6069,2945.3161,0.0000,999,1000,1000,1,45.1697
60700.0000,6070,2945.3251,0.0000,999,1000,1000,1,45.3270
60710.0000,6071,2945.3337,0.0000,999,999,1000,1,45.3043
60720.0000,6072,2945.3425,0.0000,998,999,1000,1,45.0117
60730.0000,6073,2945.3514,0.0000,999,1000,1000,1,45.1690
60740.0000,6074,2945.3603,0.0000,999,1000,1000,1,45.3262
60750.0000,6075,2945.3691,0.0000,1000,1000,1000,1,45.3933
60760.0000,6076,2945.3780,0.0000,999,999,999,1,45.2801
60770.0000,6077,2945.3867,0.0000,1000,1000,1000,1,45.3471
60780.0000,6078,2945.3955,0.0000,1000,1000,1000,1,45.4140
60790.0000,6079,2945.4045,0.0000,999,1000,1000,1,45.5710
60800.0000,6080,2945.4131,0.0000,1000,1000,1000,1,45.6375
60810.0000,6081,2945.4217,0.0000,998,998,998,1,45.4323
60820.0000,6082,2945.4299,0.0000,997,1000,999,1,45.1378
60830.0000,6083,2945.4387,0.0000,999,999,1000,1,45.2947
60840.0000,6084,2945.4475,0.0000,999,1000,1000,1,45.2709
60850.0000,6085,2945.4563,0.0000,1000,999,1000,1,45.4278
60860.0000,6086,2945.4650,0.0000,1000,999,1000,1,45.3130
60870.0000,6087,2945.4737,0.0000,1000,1000,999,1,45.2893
60880.0000,6088,2945.4825,0.0000,1000,1000,1000,1,45.3561
60890.0000,6089,2945.4911,0.0000,998,1000,1000,1,45.2432
60900.0000,6090,2945.4997,0.0000,1000,999,1000,1,44.9524
60910.0000,6091,2945.5085,0.0000,999,999,1000,1,44.9302
60920.0000,6092,2945.5173,0.0000,1000,1000,1000,1,45.0870
60930.0000,6093,2945.5261,0.0000,1000,1000,1000,1,45.1540
60940.0000,6094,2945.5349,0.0000,999,1000,1000,1,45.2209
60950.0000,6095,2945.5435,0.0000,998,998,999,1,45.0187
60960.0000,6096,2945.5521,0.0000,998,999,999,1,44.7270
60970.0000,6097,2945.5608,0.0000,999,1000,1000,1,44.7939
60980.0000,6098,2945.5689,0.0000,998,1000,999,1,44.4123
60990.0000,6099,2945.5775,0.0000,1000,1000,1000,1,44.3003
61000.0000,6100,2945.5863,0.0000,999,999,1000,1,44.3674
61010.0000,6101,2945.5947,0.0000,998,1000,1000,1,44.2551
61020.0000,6102,2945.6033,0.0000,999,1000,1000,1,44.3227
61030.0000,6103,2945.6121,0.0000,1000,1000,1000,1,44.3903
61040.0000,6104,2945.6209,0.0000,1000,999,1000,1,44.4578
61050.0000,6105,2945.6297,0.0000,1000,999,1000,1,44.6143
61060.0000,6106,2945.6383,0.0000,999,999,1000,1,44.5924
61070.0000,6107,2945.6470,0.0000,1000,1000,1000,1,44.5704
61080.0000,6108,2945.6556,0.0000,998,998,999,1,44.2832
61090.0000,6109,2945.6643,0.0000,999,1000,1000,1,44.3510
61100.0000,6110,2945.6729,0.0000,999,1000,999,1,44.2414
61110.0000,6111,2945.6815,0.0000,998,999,999,1,44.1321
61120.0000,6112,2945.6903,0.0000,1000,1000,1000,1,44.2000
61130.0000,6113,2945.6990,0.0000,999,1000,1000,1,44.1792
61140.0000,6114,2945.7076,0.0000,1000,999,1000,1,44.2469
61150.0000,6115,2945.7163,0.0000,1000,999,1000,1,44.4032
61160.0000,6116,2945.7249,0.0000,1000,1000,1000,1,44.3816
61170.0000,6117,2945.7338,0.0000,1000,1000,1000,1,44.5379
61180.0000,6118,2945.7425,0.0000,999,999,1000,1,44.6049
61190.0000,6119,2945.7510,0.0000,1000,1000,1000,1,44.4933
61200.0000,6120,2945.7597,0.0000,999,999,1000,1,44.5602
61210.0000,6121,2945.7685,0.0000,1000,1000,999,1,44.6269
61220.0000,6122,2945.7772,0.0000,999,999,1000,1,44.6935
61230.0000,6123,2945.7858,0.0000,1000,1000,1000,1,44.5813
61240.0000,6124,2945.7943,0.0000,1000,1000,1000,1,44.3801
61250.0000,6125,2945.8030,0.0000,999,1000,1000,1,44.4468
61260.0000,6126,2945.8115,0.0000,999,999,999,1,44.3348
61270.0000,6127,2945.8202,0.0000,999,1000,1000,1,44.4015
61280.0000,6128,2945.8290,0.0000,1000,1000,1000,1,44.5574
61290.0000,6129,2945.8377,0.0000,1000,1000,1000,1,44.7133
61300.0000,6130,2945.8465,0.0000,999,999,1000,1,44.8691
61310.0000,6131,2945.8551,0.0000,1000,999,999,1,44.8461
61320.0000,6132,2945.8638,0.0000,1000,1000,1000,1,45.0018
61330.0000,6133,2945.8724,0.0000,1000,999,1000,1,44.9786
61340.0000,6134,2945.8811,0.0000,999,1000,999,1,45.0447
61350.0000,6135,2945.8897,0.0000,999,1000,1000,1,45.1109
61360.0000,6136,2945.8984,0.0000,1000,1000,1000,1,45.2665
61370.0000,6137,2945.9071,0.0000,1000,1000,1000,1,45.1529
61380.0000,6138,2945.9157,0.0000,999,1000,1000,1,45.1292
61390.0000,6139,2945.9244,0.0000,1000,1000,1000,1,45.1949
61400.0000,6140,2945.9331,0.0000,1000,1000,1000,1,45.3504
61410.0000,6141,2945.9417,0.0000,999,1000,1000,1,45.3258
61420.0000,6142,2945.9504,0.0000,999,999,1000,1,45.3914
61430.0000,6143,2945.9588,0.0000,999,999,1000,1,45.1876
61440.0000,6144,2945.9675,0.0000,999,1000,1000,1,45.2533
61450.0000,6145,2945.9761,0.0000,998,999,999,1,45.3188
61460.0000,6146,2945.9848,0.0000,999,1000,1000,1,45.4742
61470.0000,6147,2945.9933,0.0000,1000,1000,999,1,45.4496
61480.0000,6148,2946.0018,0.0000,999,999,1000,1,45.1555
61490.0000,6149,2946.0105,0.0000,999,1000,1000,1,45.3108
61500.0000,6150,2946.0191,0.0000,1000,1000,1000,1,45.4660
61510.0000,6151,2946.0277,0.0000,998,1000,999,1,45.4413
61520.0000,6152,2946.0363,0.0000,999,999,1000,1,45.5965
61530.0000,6153,2946.0448,0.0000,999,999,1000,1,45.6616
61540.0000,6154,2946.0533,0.0000,999,1000,1000,1,45.4563
61550.0000,6155,2946.0618,0.0000,1000,1000,1000,1,45.3413
61560.0000,6156,2946.0704,0.0000,999,999,999,1,45.3162
61570.0000,6157,2946.0789,0.0000,998,998,999,1,45.2912
61580.0000,6158,2946.0873,0.0000,999,1000,1000,1,45.1765
61590.0000,6159,2946.0960,0.0000,1000,999,1000,1,45.3315
61600.0000,6160,2946.1045,0.0000,999,999,1000,1,45.3963
61610.0000,6161,2946.1129,0.0000,998,999,999,1,45.2805
61620.0000,6162,2946.1214,0.0000,999,1000,1000,1,45.3452
61630.0000,6163,2946.1300,0.0000,998,999,999,1,45.0482
61640.0000,6164,2946.1384,0.0000,999,1000,1000,1,45.1128
61650.0000,6165,2946.1469,0.0000,999,1000,1000,1,45.1773
61660.0000,6166,2946.1554,0.0000,998,999,999,1,45.1512
61670.0000,6167,2946.1637,0.0000,999,999,1000,1,44.9440
61680.0000,6168,2946.1722,0.0000,999,1000,1000,1,44.9183
61690.0000,6169,2946.1808,0.0000,999,999,999,1,44.8922
61700.0000,6170,2946.1893,0.0000,1000,999,1000,1,44.8661
61710.0000,6171,2946.1976,0.0000,998,999,999,1,44.4803
61720.0000,6172,2946.2062,0.0000,999,1000,1000,1,44.5452
61730.0000,6173,2946.2148,0.0000,999,999,999,1,44.4298
61740.0000,6174,2946.2231,0.0000,999,999,1000,1,44.2250
61750.0000,6175,2946.2311,0.0000,997,997,998,1,43.8418
61760.0000,6176,2946.2394,0.0000,1000,1000,1000,1,43.8182
61770.0000,6177,2946.2480,0.0000,999,999,1000,1,43.8839
61780.0000,6178,2946.2566,0.0000,1000,1000,1000,1,44.0386
61790.0000,6179,2946.2651,0.0000,999,1000,1000,1,44.1038
61800.0000,6180,2946.2736,0.0000,999,999,1000,1,43.9897
61810.0000,6181,2946.2821,0.0000,999,1000,1000,1,44.0549
61820.0000,6182,2946.2906,0.0000,1000,999,1000,1,44.2095
61830.0000,6183,2946.2990,0.0000,999,1000,1000,1,44.3641
61840.0000,6184,2946.3076,0.0000,1000,999,1000,1,44.4289
61850.0000,6185,2946.3159,0.0000,999,1000,1000,1,44.3146
61860.0000,6186,2946.3244,0.0000,999,999,1000,1,44.3795
61870.0000,6187,2946.3329,0.0000,1000,1000,1000,1,44.3545
61880.0000,6188,2946.3414,0.0000,999,1000,999,1,44.3297
61890.0000,6189,2946.3500,0.0000,999,999,999,1,44.3945
61900.0000,6190,2946.3585,0.0000,999,1000,1000,1,44.5488
61910.0000,6191,2946.3670,0.0000,1000,999,1000,1,44.6134
61920.0000,6192,2946.3756,0.0000,999,1000,1000,1,44.7677
61930.0000,6193,2946.3841,0.0000,999,999,1000,1,44.7419
61940.0000,6194,2946.3924,0.0000,1000,1000,1000,1,44.7162
61950.0000,6195,2946.4007,0.0000,998,1000,1000,1,44.6004
61960.0000,6196,2946.4092,0.0000,999,999,1000,1,44.6648
61970.0000,6197,2946.4173,0.0000,999,1000,1000,1,44.4603
61980.0000,6198,2946.4258,0.0000,1000,1000,1000,1,44.5248
61990.0000,6199,2946.4341,0.0000,1000,999,1000,1,44.3201
62000.0000,6200,2946.4426,0.0000,999,999,1000,1,44.3845
62010.0000,6201,2946.4510,0.0000,999,1000,999,1,44.2691
62020.0000,6202,2946.4594,0.0000,999,1000,1000,1,44.3334
62030.0000,6203,2946.4679,0.0000,999,999,999,1,44.2179
62040.0000,6204,2946.4762,0.0000,999,1000,1000,1,44.1928
62050.0000,6205,2946.4846,0.0000,999,1000,1000,1,44.1679
62060.0000,6206,2946.4932,0.0000,1000,1000,1000,1,44.2322
62070.0000,6207,2946.5017,0.0000,1000,1000,1000,1,44.3862
62080.0000,6208,2946.5102,0.0000,1000,1000,1000,1,44.4502
62090.0000,6209,2946.5186,0.0000,1000,1000,999,1,44.5140
62100.0000,6210,2946.5271,0.0000,1000,1000,1000,1,44.6679
62110.0000,6211,2946.5356,0.0000,1000,1000,1000,1,44.7314
62120.0000,6212,2946.5441,0.0000,999,1000,1000,1,44.7948
62130.0000,6213,2946.5525,0.0000,999,1000,1000,1,44.8581
62140.0000,6214,2946.5607,0.0000,997,998,998,1,44.7408
62150.0000,6215,2946.5690,0.0000,1000,1000,1000,1,44.8944
62160.0000,6216,2946.5775,0.0000,999,1000,1000,1,45.0480
62170.0000,6217,2946.5859,0.0000,999,1000,1000,1,44.9302
62180.0000,6218,2946.5943,0.0000,1000,1000,1000,1,44.9029
62190.0000,6219,2946.6028,0.0000,999,999,999,1,44.7853
62200.0000,6220,2946.6113,0.0000,1000,1000,1000,1,44.9388
62210.0000,6221,2946.6196,0.0000,998,999,999,1,45.0018
62220.0000,6222,2946.6277,0.0000,1000,999,998,1,44.7938
62230.0000,6223,2946.6360,0.0000,999,1000,1000,1,44.7668
62240.0000,6224,2946.6444,0.0000,1000,1000,1000,1,44.8302
62250.0000,6225,2946.6527,0.0000,1000,1000,1000,1,44.6234
62260.0000,6226,2946.6611,0.0000,999,1000,1000,1,44.6868
62270.0000,6227,2946.6693,0.0000,999,1000,1000,1,44.5698
62280.0000,6228,2946.6777,0.0000,1000,999,1000,1,44.5434
62290.0000,6229,2946.6861,0.0000,999,999,999,1,44.5174
62300.0000,6230,2946.6944,0.0000,999,1000,1000,1,44.5812
62310.0000,6231,2946.7027,0.0000,999,999,999,1,44.5553
62320.0000,6232,2946.7109,0.0000,999,1000,999,1,44.3503
62330.0000,6233,2946.7193,0.0000,999,999,999,1,44.3247
62340.0000,6234,2946.7275,0.0000,998,999,1000,1,44.2988
62350.0000,6235,2946.7356,0.0000,1000,1000,999,1,44.0944
62360.0000,6236,2946.7438,0.0000,999,1000,999,1,44.0698
62370.0000,6237,2946.7522,0.0000,999,1000,1000,1,44.2230
62380.0000,6238,2946.7606,0.0000,999,1000,999,1,44.1981
62390.0000,6239,2946.7689,0.0000,1000,1000,1000,1,44.2622
62400.0000,6240,2946.7774,0.0000,999,1000,1000,1,44.4153
62410.0000,6241,2946.7858,0.0000,999,999,1000,1,44.5685
62420.0000,6242,2946.7940,0.0000,999,999,1000,1,44.3644
62430.0000,6243,2946.8023,0.0000,1000,1000,1000,1,44.4283
62440.0000,6244,2946.8108,0.0000,1000,999,1000,1,44.5814
62450.0000,6245,2946.8189,0.0000,1000,1000,1000,1,44.2889
62460.0000,6246,2946.8273,0.0000,1000,999,1000,1,44.4420
62470.0000,6247,2946.8357,0.0000,1000,1000,1000,1,44.5949
62480.0000,6248,2946.8441,0.0000,999,1000,1000,1,44.5696
62490.0000,6249,2946.8525,0.0000,1000,999,1000,1,44.7225
62500.0000,6250,2946.8608,0.0000,999,999,1000,1,44.7860
62510.0000,6251,2946.8692,0.0000,1000,1000,1000,1,44.8496
62520.0000,6252,2946.8775,0.0000,999,1000,1000,1,44.9131
62530.0000,6253,2946.8857,0.0000,998,999,1000,1,44.9765
62540.0000,6254,2946.8940,0.0000,999,1000,1000,1,44.6826
62550.0000,6255,2946.9022,0.0000,1000,999,1000,1,44.5676
62560.0000,6256,2946.9104,0.0000,999,999,1000,1,44.6311
62570.0000,6257,2946.9185,0.0000,998,998,998,1,44.6050
62580.0000,6258,2946.9266,0.0000,998,999,999,1,44.6683
62590.0000,6259,2946.9347,0.0000,999,1000,1000,1,44.5533
62600.0000,6260,2946.9429,0.0000,999,1000,1000,1,44.4385
62610.0000,6261,2946.9513,0.0000,1000,1000,1000,1,44.5020
62620.0000,6262,2946.9596,0.0000,1000,1000,1000,1,44.6545
62630.0000,6263,2946.9680,0.0000,999,1000,1000,1,44.6284
62640.0000,6264,2946.9762,0.0000,999,1000,1000,1,44.6916
62650.0000,6265,2946.9844,0.0000,999,999,999,1,44.7548
62660.0000,6266,2946.9928,0.0000,999,1000,1000,1,44.9072
62670.0000,6267,2947.0007,0.0000,997,998,998,1,44.7020
62680.0000,6268,2947.0087,0.0000,999,999,1000,1,44.5871
62690.0000,6269,2947.0171,0.0000,1000,1000,1000,1,44.7395
62700.0000,6270,2947.0251,0.0000,1000,1000,1000,1,44.7136
62710.0000,6271,2947.0332,0.0000,998,1000,1000,1,44.5987
62720.0000,6272,2947.0414,0.0000,999,1000,1000,1,44.5730
62730.0000,6273,2947.0495,0.0000,999,999,999,1,44.4582
62740.0000,6274,2947.0578,0.0000,999,1000,999,1,44.5214
62750.0000,6275,2947.0660,0.0000,1000,999,1000,1,44.5846
62760.0000,6276,2947.0741,0.0000,997,997,998,1,44.5584
62770.0000,6277,2947.0820,0.0000,999,1000,999,1,44.4433
62780.0000,6278,2947.0902,0.0000,999,999,1000,1,44.4175
62790.0000,6279,2947.0985,0.0000,1000,1000,1000,1,44.4806
62800.0000,6280,2947.1066,0.0000,998,999,999,1,44.4545
62810.0000,6281,2947.1148,0.0000,1000,1000,1000,1,44.4284
62820.0000,6282,2947.1231,0.0000,1000,1000,1000,1,44.4914
62830.0000,6283,2947.1313,0.0000,999,1000,1000,1,44.4650
62840.0000,6284,2947.1396,0.0000,1000,1000,1000,1,44.5279
62850.0000,6285,2947.1479,0.0000,999,1000,1000,1,44.6799
62860.0000,6286,2947.1561,0.0000,1000,1000,1000,1,44.6535
62870.0000,6287,2947.1643,0.0000,1000,1000,999,1,44.4489
62880.0000,6288,2947.1725,0.0000,999,999,999,1,44.4229
62890.0000,6289,2947.1806,0.0000,1000,1000,1000,1,44.3088
62900.0000,6290,2947.1888,0.0000,1000,1000,1000,1,44.2833
62910.0000,6291,2947.1968,0.0000,998,997,1000,1,43.9919
62920.0000,6292,2947.2050,0.0000,999,999,1000,1,44.0555
62930.0000,6293,2947.2133,0.0000,1000,1000,1000,1,44.2074
62940.0000,6294,2947.2213,0.0000,1000,998,999,1,44.0054
62950.0000,6295,2947.2295,0.0000,1000,999,1000,1,44.1572
62960.0000,6296,2947.2377,0.0000,1000,999,1000,1,44.0439
62970.0000,6297,2947.2459,0.0000,999,1000,1000,1,44.1074
62980.0000,6298,2947.2539,0.0000,1000,999,1000,1,43.9944
62990.0000,6299,2947.2622,0.0000,1000,1000,1000,1,44.1461
63000.0000,6300,2947.2705,0.0000,1000,1000,1000,1,44.2979
63010.0000,6301,2947.2786,0.0000,999,998,1000,1,44.0954
63020.0000,6302,2947.2865,0.0000,998,999,998,1,43.8051
63030.0000,6303,2947.2946,0.0000,1000,999,1000,1,43.8685
63040.0000,6304,2947.3028,0.0000,1000,1000,1000,1,44.0201
63050.0000,6305,2947.3111,0.0000,999,999,999,1,43.9948
63060.0000,6306,2947.3192,0.0000,1000,999,1000,1,44.0581
63070.0000,6307,2947.3274,0.0000,999,1000,999,1,43.9443
63080.0000,6308,2947.3356,0.0000,999,999,1000,1,44.0074
63090.0000,6309,2947.3438,0.0000,1000,1000,1000,1,43.8934
63100.0000,6310,2947.3519,0.0000,998,1000,1000,1,43.8682
63110.0000,6311,2947.3601,0.0000,999,1000,1000,1,43.9314
63120.0000,6312,2947.3681,0.0000,998,998,1000,1,43.9066
63130.0000,6313,2947.3760,0.0000,1000,1000,1000,1,43.8816
63140.0000,6314,2947.3841,0.0000,997,997,998,1,43.6799
63150.0000,6315,2947.3918,0.0000,1000,1000,1000,1,43.6549
63160.0000,6316,2947.4000,0.0000,999,1000,999,1,43.5416
63170.0000,6317,2947.4080,0.0000,998,999,999,1,43.3411
63180.0000,6318,2947.4159,0.0000,998,999,999,1,43.1410
63190.0000,6319,2947.4240,0.0000,999,999,1000,1,43.2045
63200.0000,6320,2947.4322,0.0000,1000,1000,1000,1,43.2679
63210.0000,6321,2947.4404,0.0000,999,1000,1000,1,43.3313
63220.0000,6322,2947.4485,0.0000,999,999,1000,1,43.3067
63230.0000,6323,2947.4566,0.0000,1000,1000,1000,1,43.2821
63240.0000,6324,2947.4648,0.0000,1000,999,1000,1,43.4334
63250.0000,6325,2947.4730,0.0000,1000,1000,1000,1,43.4083
63260.0000,6326,2947.4807,0.0000,1000,1000,999,1,43.1196
63270.0000,6327,2947.4886,0.0000,999,1000,1000,1,43.0950
63280.0000,6328,2947.4967,0.0000,999,1000,1000,1,43.1585
63290.0000,6329,2947.5047,0.0000,999,999,1000,1,43.1339
63300.0000,6330,2947.5129,0.0000,1000,1000,1000,1,43.1096
63310.0000,6331,2947.5208,0.0000,998,999,1000,1,42.9971
63320.0000,6332,2947.5288,0.0000,1000,1000,1000,1,42.9731
63330.0000,6333,2947.5368,0.0000,998,998,999,1,42.8618
63340.0000,6334,2947.5446,0.0000,999,999,1000,1,42.4887
63350.0000,6335,2947.5527,0.0000,999,998,998,1,42.2916
63360.0000,6336,2947.5607,0.0000,999,1000,1000,1,42.4427
63370.0000,6337,2947.5689,0.0000,1000,1000,1000,1,42.5938
63380.0000,6338,2947.5771,0.0000,1000,999,1000,1,42.7449
63390.0000,6339,2947.5852,0.0000,1000,1000,1000,1,42.8087
63400.0000,6340,2947.5933,0.0000,999,999,1000,1,42.9596
63410.0000,6341,2947.6013,0.0000,998,998,998,1,42.8493
63420.0000,6342,2947.6093,0.0000,999,1000,1000,1,42.8262
63430.0000,6343,2947.6172,0.0000,1000,1000,1000,1,42.8030
63440.0000,6344,2947.6254,0.0000,1000,1000,1000,1,42.8670
63450.0000,6345,2947.6335,0.0000,999,999,999,1,42.5832
63460.0000,6346,2947.6417,0.0000,1000,1000,1000,1,42.7341
63470.0000,6347,2947.6497,0.0000,999,1000,1000,1,42.7108
63480.0000,6348,2947.6578,0.0000,999,1000,1000,1,42.8616
63490.0000,6349,2947.6658,0.0000,999,1000,1000,1,42.8377
63500.0000,6350,2947.6740,0.0000,1000,1000,1000,1,42.9884
63510.0000,6351,2947.6821,0.0000,999,1000,1000,1,43.1391
63520.0000,6352,2947.6899,0.0000,999,999,999,1,43.1145
63530.0000,6353,2947.6980,0.0000,1000,1000,1000,1,43.2651
63540.0000,6354,2947.7061,0.0000,999,1000,1000,1,43.2400
63550.0000,6355,2947.7141,0.0000,999,999,1000,1,43.1277
63560.0000,6356,2947.7222,0.0000,1000,999,1000,1,43.1038
63570.0000,6357,2947.7302,0.0000,1000,1000,1000,1,43.1672
63580.0000,6358,2947.7384,0.0000,1000,1000,1000,1,43.3177
63590.0000,6359,2947.7464,0.0000,999,999,999,1,43.2059
63600.0000,6360,2947.7544,0.0000,1000,1000,1000,1,43.1817
63610.0000,6361,2947.7625,0.0000,999,999,1000,1,43.1577
63620.0000,6362,2947.7705,0.0000,999,1000,1000,1,43.0471
63630.0000,6363,2947.7785,0.0000,999,999,1000,1,43.1106
63640.0000,6364,2947.7864,0.0000,999,999,1000,1,43.0873
63650.0000,6365,2947.7944,0.0000,1000,1000,1000,1,42.8906
63660.0000,6366,2947.8024,0.0000,1000,1000,1000,1,42.9542
63670.0000,6367,2947.8106,0.0000,999,999,1000,1,43.1045
63680.0000,6368,2947.8186,0.0000,999,999,1000,1,43.1678
63690.0000,6369,2947.8266,0.0000,999,999,999,1,43.1439
63700.0000,6370,2947.8346,0.0000,1000,1000,1000,1,43.1197
63710.0000,6371,2947.8426,0.0000,1000,999,1000,1,43.2699
63720.0000,6372,2947.8505,0.0000,999,1000,999,1,43.1579
63730.0000,6373,2947.8583,0.0000,999,999,1000,1,43.1336
63740.0000,6374,2947.8663,0.0000,999,1000,1000,1,42.9371
63750.0000,6375,2947.8741,0.0000,998,998,998,1,42.6561
63760.0000,6376,2947.8815,0.0000,1000,1000,1000,1,42.4626
63770.0000,6377,2947.8896,0.0000,1000,999,999,1,42.5269
63780.0000,6378,2947.8975,0.0000,999,1000,999,1,42.3338
63790.0000,6379,2947.9054,0.0000,1000,999,1000,1,42.2275
63800.0000,6380,2947.9134,0.0000,998,1000,999,1,42.2922
63810.0000,6381,2947.9212,0.0000,1000,1000,1000,1,42.2714
63820.0000,6382,2947.9290,0.0000,999,1000,1000,1,42.2507
63830.0000,6383,2947.9368,0.0000,999,999,999,1,42.0606
63840.0000,6384,2947.9448,0.0000,999,1000,1000,1,42.1258
63850.0000,6385,2947.9526,0.0000,1000,999,1000,1,42.0225
63860.0000,6386,2947.9606,0.0000,999,1000,1000,1,42.0034
63870.0000,6387,2947.9685,0.0000,1000,1000,1000,1,41.9844
63880.0000,6388,2947.9765,0.0000,999,999,999,1,41.9651
63890.0000,6389,2947.9845,0.0000,999,1000,1000,1,42.1151
63900.0000,6390,2947.9925,0.0000,1000,999,1000,1,42.0105
63910.0000,6391,2948.0005,0.0000,1000,1000,1000,1,42.0756
63920.0000,6392,2948.0084,0.0000,998,999,1000,1,42.1404
63930.0000,6393,2948.0164,0.0000,1000,999,1000,1,42.2902
63940.0000,6394,2948.0244,0.0000,1000,1000,1000,1,42.2695
63950.0000,6395,2948.0324,0.0000,1000,1000,1000,1,42.2488
63960.0000,6396,2948.0404,0.0000,999,1000,1000,1,42.3131
63970.0000,6397,2948.0483,0.0000,998,1000,999,1,42.2068
63980.0000,6398,2948.0562,0.0000,999,1000,1000,1,42.3565
63990.0000,6399,2948.0641,0.0000,999,1000,1000,1,42.2507
64000.0000,6400,2948.0720,0.0000,999,1000,1000,1,42.3152
64010.0000,6401,2948.0799,0.0000,1000,1000,1000,1,42.2943
64020.0000,6402,2948.0879,0.0000,1000,1000,1000,1,42.4439
64030.0000,6403,2948.0959,0.0000,1000,1000,1000,1,42.5934
64040.0000,6404,2948.1037,0.0000,1000,1000,1000,1,42.6576
64050.0000,6405,2948.1116,0.0000,999,1000,1000,1,42.7216
64060.0000,6406,2948.1195,0.0000,999,999,1000,1,42.6999
64070.0000,6407,2948.1273,0.0000,1000,1000,1000,1,42.6781
64080.0000,6408,2948.1353,0.0000,999,1000,1000,1,42.7417
64090.0000,6409,2948.1433,0.0000,999,999,1000,1,42.6340
64100.0000,6410,2948.1512,0.0000,999,999,1000,1,42.3552
64110.0000,6411,2948.1586,0.0000,998,999,999,1,42.1621
64120.0000,6412,2948.1665,0.0000,1000,1000,1000,1,42.1402
64130.0000,6413,2948.1745,0.0000,999,999,1000,1,42.2039
64140.0000,6414,2948.1823,0.0000,1000,1000,1000,1,42.2674
64150.0000,6415,2948.1902,0.0000,999,1000,1000,1,42.1592
64160.0000,6416,2948.1981,0.0000,998,999,1000,1,42.2226
64170.0000,6417,2948.2061,0.0000,999,1000,1000,1,42.3718
64180.0000,6418,2948.2139,0.0000,998,999,999,1,42.3486
64190.0000,6419,2948.2218,0.0000,999,999,999,1,42.3251
64200.0000,6420,2948.2297,0.0000,1000,1000,1000,1,42.3879
64210.0000,6421,2948.2375,0.0000,998,999,999,1,42.3641
64220.0000,6422,2948.2452,0.0000,1000,1000,1000,1,42.1694
64230.0000,6423,2948.2531,0.0000,999,999,1000,1,42.1473
64240.0000,6424,2948.2609,0.0000,1000,1000,999,1,42.0399
64250.0000,6425,2948.2688,0.0000,1000,1000,1000,1,42.1890
64260.0000,6426,2948.2768,0.0000,999,1000,1000,1,42.2522
64270.0000,6427,2948.2847,0.0000,1000,1000,1000,1,42.4012
64280.0000,6428,2948.2926,0.0000,999,999,1000,1,42.3785
64290.0000,6429,2948.3005,0.0000,1000,999,1000,1,42.3559
64300.0000,6430,2948.3083,0.0000,999,999,1000,1,42.2472
64310.0000,6431,2948.3159,0.0000,999,999,999,1,41.9673
64320.0000,6432,2948.3237,0.0000,999,1000,1000,1,42.0308
64330.0000,6433,2948.3316,0.0000,999,1000,1000,1,42.0086
64340.0000,6434,2948.3393,0.0000,999,1000,999,1,42.0718
64350.0000,6435,2948.3472,0.0000,998,999,999,1,42.0492
64360.0000,6436,2948.3550,0.0000,998,999,999,1,42.1126
64370.0000,6437,2948.3628,0.0000,999,1000,1000,1,42.0904
64380.0000,6438,2948.3707,0.0000,999,999,1000,1,42.2392
64390.0000,6439,2948.3786,0.0000,1000,1000,1000,1,42.3025
64400.0000,6440,2948.3864,0.0000,1000,999,999,1,42.3656
64410.0000,6441,2948.3942,0.0000,999,999,1000,1,42.4286
64420.0000,6442,2948.4021,0.0000,1000,1000,999,1,42.4915
64430.0000,6443,2948.4099,0.0000,999,1000,1000,1,42.3828
64440.0000,6444,2948.4175,0.0000,1000,1000,1000,1,42.2742
64450.0000,6445,2948.4253,0.0000,999,1000,1000,1,42.2510
64460.0000,6446,2948.4332,0.0000,1000,1000,1000,1,42.3996
64470.0000,6447,2948.4411,0.0000,1000,1000,999,1,42.2904
64480.0000,6448,2948.4489,0.0000,999,999,1000,1,42.2673
64490.0000,6449,2948.4567,0.0000,999,1000,1000,1,42.2445
64500.0000,6450,2948.4645,0.0000,1000,1000,1000,1,42.3073
64510.0000,6451,2948.4723,0.0000,1000,1000,1000,1,42.3699
64520.0000,6452,2948.4799,0.0000,998,1000,1000,1,42.4326
64530.0000,6453,2948.4873,0.0000,998,998,999,1,41.9818
64540.0000,6454,2948.4948,0.0000,1000,999,1000,1,41.9592
64550.0000,6455,2948.5026,0.0000,1000,999,999,1,41.8510
64560.0000,6456,2948.5103,0.0000,999,999,1000,1,41.9138
64570.0000,6457,2948.5181,0.0000,1000,1000,1000,1,41.7201
64580.0000,6458,2948.5257,0.0000,1000,1000,1000,1,41.5283
64590.0000,6459,2948.5334,0.0000,998,1000,999,1,41.5075
64600.0000,6460,2948.5410,0.0000,999,1000,1000,1,41.5713
64610.0000,6461,2948.5488,0.0000,1000,1000,1000,1,41.7196
64620.0000,6462,2948.5566,0.0000,998,998,999,1,41.7831
64630.0000,6463,2948.5644,0.0000,999,999,1000,1,41.7615
64640.0000,6464,2948.5721,0.0000,1000,999,1000,1,41.7403
64650.0000,6465,2948.5798,0.0000,999,999,999,1,41.6346
64660.0000,6466,2948.5874,0.0000,998,998,998,1,41.2787
64670.0000,6467,2948.5949,0.0000,1000,1000,1000,1,41.2592
64680.0000,6468,2948.6026,0.0000,1000,1000,1000,1,41.3237
64690.0000,6469,2948.6104,0.0000,1000,1000,1000,1,41.3882
64700.0000,6470,2948.6183,0.0000,999,1000,1000,1,41.5363
64710.0000,6471,2948.6259,0.0000,998,999,999,1,41.3486
64720.0000,6472,2948.6336,0.0000,1000,1000,1000,1,41.4968
64730.0000,6473,2948.6414,0.0000,998,999,999,1,41.4772
64740.0000,6474,2948.6486,0.0000,998,999,1000,1,41.0411
64750.0000,6475,2948.6563,0.0000,999,1000,1000,1,41.0230
64760.0000,6476,2948.6635,0.0000,998,999,1000,1,40.9221
64770.0000,6477,2948.6712,0.0000,999,999,999,1,40.7386
64780.0000,6478,2948.6789,0.0000,1000,1000,1000,1,40.6387
64790.0000,6479,2948.6866,0.0000,999,1000,1000,1,40.6222
64800.0000,6480,2948.6943,0.0000,1000,999,1000,1,40.6057
64810.0000,6481,2948.7019,0.0000,1000,1000,1000,1,40.5893
64820.0000,6482,2948.7097,0.0000,1000,1000,1000,1,40.7373
64830.0000,6483,2948.7175,0.0000,998,998,999,1,40.8027
64840.0000,6484,2948.7252,0.0000,999,999,1000,1,40.9506
64850.0000,6485,2948.7327,0.0000,999,999,1000,1,40.9333
64860.0000,6486,2948.7404,0.0000,999,1000,1000,1,40.7524
64870.0000,6487,2948.7481,0.0000,1000,1000,1000,1,40.8184
64880.0000,6488,2948.7559,0.0000,1000,1000,1000,1,40.9663
64890.0000,6489,2948.7638,0.0000,1000,1000,1000,1,41.1141
64900.0000,6490,2948.7715,0.0000,999,1000,1000,1,41.1796
64910.0000,6491,2948.7792,0.0000,999,1000,999,1,41.0807
64920.0000,6492,2948.7870,0.0000,999,999,1000,1,41.1464
64930.0000,6493,2948.7945,0.0000,1000,1000,1000,1,41.0480
64940.0000,6494,2948.8022,0.0000,1000,1000,1000,1,41.0316
64950.0000,6495,2948.8098,0.0000,999,999,1000,1,40.9338
64960.0000,6496,2948.8175,0.0000,998,999,999,1,40.7544
64970.0000,6497,2948.8251,0.0000,1000,1000,1000,1,40.8202
64980.0000,6498,2948.8329,0.0000,1000,999,1000,1,40.8860
64990.0000,6499,2948.8406,0.0000,999,999,999,1,40.8695
65000.0000,6500,2948.8482,0.0000,999,999,999,1,40.7710
65010.0000,6501,2948.8559,0.0000,999,999,1000,1,40.9185
65020.0000,6502,2948.8636,0.0000,999,999,1000,1,40.9020
65030.0000,6503,2948.8711,0.0000,1000,999,1000,1,40.8855
65040.0000,6504,2948.8788,0.0000,999,999,1000,1,40.7871
65050.0000,6505,2948.8865,0.0000,999,1000,1000,1,40.8526
65060.0000,6506,2948.8942,0.0000,999,1000,1000,1,40.8364
65070.0000,6507,2948.9018,0.0000,1000,1000,1000,1,40.8209
65080.0000,6508,2948.9095,0.0000,1000,1000,999,1,40.8867
65090.0000,6509,2948.9172,0.0000,999,999,1000,1,41.0339
65100.0000,6510,2948.9247,0.0000,999,999,1000,1,40.9363
65110.0000,6511,2948.9323,0.0000,999,1000,999,1,40.7580
65120.0000,6512,2948.9400,0.0000,1000,1000,1000,1,40.7426
65130.0000,6513,2948.9477,0.0000,1000,999,999,1,40.7270
65140.0000,6514,2948.9553,0.0000,999,1000,1000,1,40.7927
65150.0000,6515,2948.9631,0.0000,999,999,999,1,40.8584
65160.0000,6516,2948.9709,0.0000,999,1000,1000,1,41.0056
65170.0000,6517,2948.9786,0.0000,999,1000,1000,1,41.0711
65180.0000,6518,2948.9861,0.0000,999,999,1000,1,40.9736
65190.0000,6519,2948.9937,0.0000,999,999,1000,1,40.8761
65200.0000,6520,2949.0012,0.0000,999,999,1000,1,40.6978
65210.0000,6521,2949.0089,0.0000,999,1000,1000,1,40.8449
65220.0000,6522,2949.0165,0.0000,1000,1000,1000,1,40.9106
65230.0000,6523,2949.0241,0.0000,998,999,999,1,40.8943
65240.0000,6524,2949.0317,0.0000,999,999,1000,1,40.9597
65250.0000,6525,2949.0392,0.0000,999,999,999,1,40.6990
65260.0000,6526,2949.0467,0.0000,999,1000,1000,1,40.6832
65270.0000,6527,2949.0543,0.0000,1000,1000,1000,1,40.5863
65280.0000,6528,2949.0618,0.0000,999,1000,1000,1,40.4899
65290.0000,6529,2949.0695,0.0000,999,1000,1000,1,40.5560
65300.0000,6530,2949.0772,0.0000,999,1000,1000,1,40.6223
65310.0000,6531,2949.0847,0.0000,998,998,999,1,40.4475
65320.0000,6532,2949.0923,0.0000,1000,1000,1000,1,40.5140
65330.0000,6533,2949.0998,0.0000,999,999,1000,1,40.4999
65340.0000,6534,2949.1074,0.0000,1000,999,1000,1,40.4053
65350.0000,6535,2949.1148,0.0000,1000,1000,999,1,40.1501
65360.0000,6536,2949.1224,0.0000,999,1000,1000,1,40.2165
65370.0000,6537,2949.1299,0.0000,999,999,1000,1,40.1217
65380.0000,6538,2949.1376,0.0000,999,999,1000,1,40.2685
65390.0000,6539,2949.1451,0.0000,998,999,1000,1,40.0122
65400.0000,6540,2949.1527,0.0000,1000,1000,1000,1,40.0784
65410.0000,6541,2949.1602,0.0000,1000,1000,999,1,40.1444
65420.0000,6542,2949.1679,0.0000,999,1000,1000,1,40.2911
65430.0000,6543,2949.1755,0.0000,999,1000,1000,1,40.2759
65440.0000,6544,2949.1831,0.0000,1000,999,1000,1,40.2610
65450.0000,6545,2949.1907,0.0000,999,999,1000,1,40.3267
65460.0000,6546,2949.1982,0.0000,1000,1000,1000,1,40.2307
65470.0000,6547,2949.2054,0.0000,998,998,998,1,39.7305
65480.0000,6548,2949.2125,0.0000,999,998,1000,1,39.7157
65490.0000,6549,2949.2200,0.0000,1000,1000,1000,1,39.6206
65500.0000,6550,2949.2276,0.0000,1000,1000,999,1,39.5258
65510.0000,6551,2949.2352,0.0000,999,1000,1000,1,39.5919
65520.0000,6552,2949.2428,0.0000,999,999,999,1,39.6578
65530.0000,6553,2949.2503,0.0000,999,999,1000,1,39.7237
65540.0000,6554,2949.2580,0.0000,1000,1000,1000,1,39.8702
65550.0000,6555,2949.2656,0.0000,1000,1000,1000,1,39.9356
65560.0000,6556,2949.2732,0.0000,999,999,999,1,40.0009
65570.0000,6557,2949.2807,0.0000,1000,999,1000,1,40.0661
65580.0000,6558,2949.2883,0.0000,1000,1000,1000,1,40.1313
65590.0000,6559,2949.2959,0.0000,998,1000,1000,1,40.1965
65600.0000,6560,2949.3035,0.0000,999,1000,999,1,40.2614
65610.0000,6561,2949.3109,0.0000,999,999,1000,1,40.0823
65620.0000,6562,2949.3184,0.0000,998,1000,1000,1,39.9847
65630.0000,6563,2949.3259,0.0000,999,1000,1000,1,40.0499
65640.0000,6564,2949.3335,0.0000,999,1000,1000,1,40.1961
65650.0000,6565,2949.3410,0.0000,1000,1000,1000,1,40.1796
65660.0000,6566,2949.3487,0.0000,999,1000,1000,1,40.3258
65670.0000,6567,2949.3560,0.0000,998,1000,1000,1,40.1461
65680.0000,6568,2949.3636,0.0000,1000,1000,1000,1,40.2106
65690.0000,6569,2949.3711,0.0000,1000,1000,1000,1,40.2751
65700.0000,6570,2949.3786,0.0000,999,999,1000,1,40.2576
65710.0000,6571,2949.3862,0.0000,1000,1000,1000,1,40.4037
65720.0000,6572,2949.3937,0.0000,1000,1000,1000,1,40.4678
65730.0000,6573,2949.4013,0.0000,1000,1000,1000,1,40.5317
65740.0000,6574,2949.4087,0.0000,1000,1000,1000,1,40.4318
65750.0000,6575,2949.4161,0.0000,999,1000,1000,1,40.2496
65760.0000,6576,2949.4237,0.0000,999,1000,1000,1,40.3135
65770.0000,6577,2949.4313,0.0000,1000,1000,1000,1,40.3773
65780.0000,6578,2949.4388,0.0000,1000,1000,1000,1,40.3590
65790.0000,6579,2949.4463,0.0000,999,1000,999,1,40.4227
65800.0000,6580,2949.4539,0.0000,1000,1000,1000,1,40.5685
65810.0000,6581,2949.4615,0.0000,999,1000,1000,1,40.7143
65820.0000,6582,2949.4690,0.0000,1000,1000,1000,1,40.6952
65830.0000,6583,2949.4766,0.0000,1000,1000,1000,1,40.8409
65840.0000,6584,2949.4839,0.0000,998,999,999,1,40.6567
65850.0000,6585,2949.4915,0.0000,1000,1000,1000,1,40.8024
65860.0000,6586,2949.4989,0.0000,999,999,999,1,40.7001
65870.0000,6587,2949.5061,0.0000,1000,1000,1000,1,40.5986
65880.0000,6588,2949.5135,0.0000,1000,999,1000,1,40.6621
65890.0000,6589,2949.5211,0.0000,1000,1000,1000,1,40.7256
65900.0000,6590,2949.5287,0.0000,1000,1000,1000,1,40.8711
65910.0000,6591,2949.5359,0.0000,1000,1000,1000,1,40.8519
65920.0000,6592,2949.5435,0.0000,1000,1000,1000,1,40.9150
65930.0000,6593,2949.5511,0.0000,999,999,1000,1,41.0604
65940.0000,6594,2949.5584,0.0000,999,1000,998,1,40.9579
65950.0000,6595,2949.5658,0.0000,1000,1000,1000,1,40.9380
65960.0000,6596,2949.5734,0.0000,1000,1000,1000,1,41.0834
65970.0000,6597,2949.5808,0.0000,1000,1000,1000,1,40.9802
65980.0000,6598,2949.5881,0.0000,1000,1000,1000,1,40.7958
65990.0000,6599,2949.5954,0.0000,999,999,999,1,40.4493
66000.0000,6600,2949.6029,0.0000,1000,1000,1000,1,40.5946
66010.0000,6601,2949.6104,0.0000,999,999,1000,1,40.4940
66020.0000,6602,2949.6179,0.0000,999,999,1000,1,40.6393
66030.0000,6603,2949.6252,0.0000,1000,1000,1000,1,40.5386
66040.0000,6604,2949.6328,0.0000,1000,1000,1000,1,40.6838
66050.0000,6605,2949.6402,0.0000,999,998,999,1,40.5822
66060.0000,6606,2949.6474,0.0000,999,999,999,1,40.3165
66070.0000,6607,2949.6549,0.0000,998,999,999,1,40.3796
66080.0000,6608,2949.6621,0.0000,999,1000,1000,1,40.3609
66090.0000,6609,2949.6696,0.0000,1000,999,999,1,40.4242
66100.0000,6610,2949.6769,0.0000,999,1000,999,1,40.2424
66110.0000,6611,2949.6842,0.0000,1000,1000,1000,1,40.3060
66120.0000,6612,2949.6918,0.0000,999,1000,1000,1,40.4511
66130.0000,6613,2949.6993,0.0000,999,999,999,1,40.4325
66140.0000,6614,2949.7066,0.0000,999,999,1000,1,40.2511
66150.0000,6615,2949.7139,0.0000,999,999,1000,1,40.1521
66160.0000,6616,2949.7214,0.0000,1000,1000,1000,1,40.2972
66170.0000,6617,2949.7288,0.0000,999,999,999,1,40.3607
66180.0000,6618,2949.7363,0.0000,999,1000,1000,1,40.5057
66190.0000,6619,2949.7435,0.0000,999,1000,1000,1,40.4067
66200.0000,6620,2949.7510,0.0000,999,1000,1000,1,40.4703
66210.0000,6621,2949.7584,0.0000,1000,1000,1000,1,40.6152
66220.0000,6622,2949.7658,0.0000,998,999,999,1,40.5968
66230.0000,6623,2949.7731,0.0000,1000,999,1000,1,40.5783
66240.0000,6624,2949.7805,0.0000,1000,1000,1000,1,40.6414
66250.0000,6625,2949.7880,0.0000,1000,1000,1000,1,40.7862
66260.0000,6626,2949.7954,0.0000,999,999,1000,1,40.8489
66270.0000,6627,2949.8029,0.0000,1000,999,1000,1,40.9936
66280.0000,6628,2949.8101,0.0000,1000,999,1000,1,40.8923
66290.0000,6629,2949.8175,0.0000,1000,999,1000,1,40.9551
66300.0000,6630,2949.8249,0.0000,1000,1000,999,1,40.9358
66310.0000,6631,2949.8322,0.0000,999,999,999,1,40.6713
66320.0000,6632,2949.8396,0.0000,999,1000,1000,1,40.7341
66330.0000,6633,2949.8470,0.0000,1000,1000,1000,1,40.8787
66340.0000,6634,2949.8544,0.0000,999,999,1000,1,40.9412
66350.0000,6635,2949.8617,0.0000,999,999,1000,1,40.8394
66360.0000,6636,2949.8690,0.0000,1000,1000,1000,1,40.7379
66370.0000,6637,2949.8764,0.0000,999,1000,999,1,40.7187
66380.0000,6638,2949.8838,0.0000,999,1000,999,1,40.7813
66390.0000,6639,2949.8912,0.0000,999,1000,1000,1,40.8438
66400.0000,6640,2949.8985,0.0000,1000,999,1000,1,40.6604
66410.0000,6641,2949.9059,0.0000,998,999,999,1,40.6409
66420.0000,6642,2949.9131,0.0000,1000,1000,1000,1,40.7032
66430.0000,6643,2949.9201,0.0000,999,998,999,1,40.3554
66440.0000,6644,2949.9272,0.0000,999,999,999,1,40.2537
66450.0000,6645,2949.9346,0.0000,999,1000,1000,1,40.3160
66460.0000,6646,2949.9420,0.0000,1000,1000,1000,1,40.3784
66470.0000,6647,2949.9493,0.0000,999,1000,1000,1,40.2766
66480.0000,6648,2949.9567,0.0000,999,999,1000,1,40.3388
66490.0000,6649,2949.9640,0.0000,999,999,999,1,40.4012
66500.0000,6650,2949.9714,0.0000,999,1000,1000,1,40.3819
66510.0000,6651,2949.9788,0.0000,1000,1000,1000,1,40.4444
66520.0000,6652,2949.9861,0.0000,999,1000,999,1,40.3430
66530.0000,6653,2949.9934,0.0000,998,998,999,1,40.2415
66540.0000,6654,2950.0006,0.0000,999,1000,1000,1,40.1404
66550.0000,6655,2950.0079,0.0000,999,999,1000,1,40.1210
66560.0000,6656,2950.0152,0.0000,1000,1000,1000,1,40.0198
66570.0000,6657,2950.0226,0.0000,1000,1000,1000,1,40.0824
66580.0000,6658,2950.0299,0.0000,999,1000,1000,1,40.0630
66590.0000,6659,2950.0373,0.0000,999,1000,1000,1,40.1256
66600.0000,6660,2950.0447,0.0000,999,999,1000,1,40.1880
66610.0000,6661,2950.0519,0.0000,998,1000,999,1,40.1691
66620.0000,6662,2950.0589,0.0000,999,1000,1000,1,39.9067
66630.0000,6663,2950.0662,0.0000,1000,999,1000,1,39.9696
66640.0000,6664,2950.0735,0.0000,1000,1000,1000,1,39.9514
66650.0000,6665,2950.0808,0.0000,1000,999,1000,1,39.9329
66660.0000,6666,2950.0881,0.0000,1000,1000,1000,1,39.9957
66670.0000,6667,2950.0955,0.0000,1000,1000,1000,1,40.0583
66680.0000,6668,2950.1028,0.0000,1000,1000,1000,1,40.1209
66690.0000,6669,2950.1102,0.0000,1000,1000,1000,1,40.1834
66700.0000,6670,2950.1175,0.0000,998,999,999,1,40.2457
66710.0000,6671,2950.1249,0.0000,999,1000,1000,1,40.3080
66720.0000,6672,2950.1323,0.0000,1000,1000,1000,1,40.3702
66730.0000,6673,2950.1394,0.0000,998,999,999,1,40.2706
66740.0000,6674,2950.1465,0.0000,999,999,1000,1,40.2526
66750.0000,6675,2950.1538,0.0000,999,1000,1000,1,40.2349
66760.0000,6676,2950.1612,0.0000,999,1000,1000,1,40.3787
66770.0000,6677,2950.1684,0.0000,999,1000,999,1,40.3606
66780.0000,6678,2950.1757,0.0000,999,999,1000,1,40.4234
66790.0000,6679,2950.1829,0.0000,1000,1000,999,1,40.2439
66800.0000,6680,2950.1902,0.0000,999,999,999,1,40.1460
66810.0000,6681,2950.1974,0.0000,1000,1000,1000,1,40.0482
66820.0000,6682,2950.2048,0.0000,1000,1000,1000,1,40.1116
66830.0000,6683,2950.2120,0.0000,1000,1000,1000,1,39.7747
66840.0000,6684,2950.2191,0.0000,999,999,1000,1,39.6788
66850.0000,6685,2950.2263,0.0000,999,999,1000,1,39.7429
66860.0000,6686,2950.2336,0.0000,1000,1000,1000,1,39.8070
66870.0000,6687,2950.2409,0.0000,999,999,1000,1,39.9506
66880.0000,6688,2950.2482,0.0000,998,1000,999,1,39.8545
66890.0000,6689,2950.2555,0.0000,999,1000,1000,1,39.9182
66900.0000,6690,2950.2628,0.0000,999,999,999,1,39.9017
66910.0000,6691,2950.2701,0.0000,1000,1000,1000,1,39.9653
66920.0000,6692,2950.2775,0.0000,1000,1000,1000,1,40.1087
66930.0000,6693,2950.2847,0.0000,999,1000,1000,1,40.0919
66940.0000,6694,2950.2920,0.0000,999,1000,1000,1,40.0751
66950.0000,6695,2950.2993,0.0000,1000,1000,1000,1,40.1383
66960.0000,6696,2950.3064,0.0000,999,999,999,1,40.0414
66970.0000,6697,2950.3136,0.0000,999,1000,1000,1,40.0248
66980.0000,6698,2950.3205,0.0000,999,1000,999,1,39.6891
66990.0000,6699,2950.3276,0.0000,999,999,1000,1,39.5932
67000.0000,6700,2950.3349,0.0000,999,1000,1000,1,39.4184
67010.0000,6701,2950.3422,0.0000,1000,1000,1000,1,39.4821
67020.0000,6702,2950.3494,0.0000,999,999,1000,1,39.5457
67030.0000,6703,2950.3566,0.0000,1000,999,1000,1,39.5295
67040.0000,6704,2950.3639,0.0000,999,1000,1000,1,39.6728
67050.0000,6705,2950.3712,0.0000,1000,1000,1000,1,39.8160
67060.0000,6706,2950.3784,0.0000,1000,999,999,1,39.7194
67070.0000,6707,2950.3856,0.0000,999,1000,1000,1,39.7826
67080.0000,6708,2950.3927,0.0000,999,1000,1000,1,39.5255
67090.0000,6709,2950.3998,0.0000,999,999,1000,1,39.5886
67100.0000,6710,2950.4070,0.0000,999,1000,1000,1,39.6517
67110.0000,6711,2950.4142,0.0000,999,1000,1000,1,39.7146
67120.0000,6712,2950.4214,0.0000,999,1000,1000,1,39.7775
67130.0000,6713,2950.4287,0.0000,1000,1000,1000,1,39.9205
67140.0000,6714,2950.4359,0.0000,999,999,999,1,39.9025
67150.0000,6715,2950.4430,0.0000,999,999,1000,1,40.0453
67160.0000,6716,2950.4497,0.0000,999,999,999,1,39.7851
67170.0000,6717,2950.4568,0.0000,999,999,1000,1,39.7667
67180.0000,6718,2950.4641,0.0000,999,1000,1000,1,39.8290
67190.0000,6719,2950.4711,0.0000,998,999,1000,1,39.7294
67200.0000,6720,2950.4783,0.0000,1000,1000,1000,1,39.7115
67210.0000,6721,2950.4855,0.0000,999,1000,1000,1,39.7740
67220.0000,6722,2950.4927,0.0000,999,999,999,1,39.7557
67230.0000,6723,2950.4998,0.0000,999,999,1000,1,39.7383
67240.0000,6724,2950.5069,0.0000,999,1000,1000,1,39.5610
67250.0000,6725,2950.5141,0.0000,999,1000,1000,1,39.7038
67260.0000,6726,2950.5213,0.0000,999,1000,1000,1,39.7665
67270.0000,6727,2950.5285,0.0000,999,999,1000,1,39.7491
67280.0000,6728,2950.5357,0.0000,999,1000,1000,1,39.7320
67290.0000,6729,2950.5428,0.0000,999,1000,1000,1,39.6359
67300.0000,6730,2950.5499,0.0000,999,999,1000,1,39.6990
67310.0000,6731,2950.5571,0.0000,1000,999,999,1,39.4438
67320.0000,6732,2950.5643,0.0000,999,999,1000,1,39.5069
67330.0000,6733,2950.5714,0.0000,1000,999,1000,1,39.5700
67340.0000,6734,2950.5785,0.0000,1000,1000,999,1,39.3149
67350.0000,6735,2950.5857,0.0000,999,1000,1000,1,39.4575
67360.0000,6736,2950.5927,0.0000,999,1000,1000,1,39.4407
67370.0000,6737,2950.5998,0.0000,998,999,1000,1,39.2654
67380.0000,6738,2950.6070,0.0000,999,999,999,1,39.2491
67390.0000,6739,2950.6141,0.0000,999,1000,1000,1,39.3122
67400.0000,6740,2950.6213,0.0000,1000,1000,1000,1,39.4547
67410.0000,6741,2950.6285,0.0000,999,999,1000,1,39.5972
67420.0000,6742,2950.6356,0.0000,998,1000,1000,1,39.6598
67430.0000,6743,2950.6428,0.0000,1000,1000,1000,1,39.7222
67440.0000,6744,2950.6499,0.0000,1000,1000,1000,1,39.7846
67450.0000,6745,2950.6571,0.0000,1000,1000,1000,1,39.8469
67460.0000,6746,2950.6644,0.0000,1000,1000,1000,1,39.9892
67470.0000,6747,2950.6715,0.0000,999,999,1000,1,40.0513
67480.0000,6748,2950.6787,0.0000,1000,1000,1000,1,40.1936
67490.0000,6749,2950.6857,0.0000,1000,1000,1000,1,40.1757
67500.0000,6750,2950.6928,0.0000,1000,1000,1000,1,40.1584
67510.0000,6751,2950.7000,0.0000,999,1000,1000,1,40.3006
67520.0000,6752,2950.7072,0.0000,1000,1000,1000,1,40.3629
67530.0000,6753,2950.7141,0.0000,1000,1000,1000,1,40.3454
67540.0000,6754,2950.7211,0.0000,999,1000,1000,1,40.3281
67550.0000,6755,2950.7279,0.0000,997,998,998,1,40.1516
67560.0000,6756,2950.7348,0.0000,1000,999,1000,1,40.2936
67570.0000,6757,2950.7418,0.0000,998,999,1000,1,40.3560
67580.0000,6758,2950.7487,0.0000,1000,1000,999,1,40.2591
67590.0000,6759,2950.7559,0.0000,1000,1000,1000,1,40.3216
67600.0000,6760,2950.7630,0.0000,998,1000,999,1,40.3839
67610.0000,6761,2950.7701,0.0000,999,1000,999,1,40.3665
67620.0000,6762,2950.7772,0.0000,998,1000,1000,1,40.3489
67630.0000,6763,2950.7842,0.0000,998,999,999,1,40.0928
67640.0000,6764,2950.7912,0.0000,1000,1000,1000,1,40.1551
67650.0000,6765,2950.7981,0.0000,999,999,999,1,39.8206
67660.0000,6766,2950.8052,0.0000,999,999,999,1,39.8831
67670.0000,6767,2950.8122,0.0000,998,1000,999,1,39.8663
67680.0000,6768,2950.8190,0.0000,997,998,998,1,39.7704
67690.0000,6769,2950.8257,0.0000,999,1000,999,1,39.6743
67700.0000,6770,2950.8327,0.0000,1000,1000,1000,1,39.6577
67710.0000,6771,2950.8397,0.0000,998,998,1000,1,39.4036
67720.0000,6772,2950.8468,0.0000,999,1000,1000,1,39.3873
67730.0000,6773,2950.8539,0.0000,1000,1000,1000,1,39.5291
67740.0000,6774,2950.8611,0.0000,1000,1000,1000,1,39.5128
67750.0000,6775,2950.8681,0.0000,1000,1000,1000,1,39.5754
67760.0000,6776,2950.8752,0.0000,998,999,999,1,39.5594
67770.0000,6777,2950.8823,0.0000,999,1000,1000,1,39.7011
67780.0000,6778,2950.8895,0.0000,999,999,1000,1,39.7638
67790.0000,6779,2950.8964,0.0000,999,999,999,1,39.7471
67800.0000,6780,2950.9035,0.0000,999,999,1000,1,39.8887
67810.0000,6781,2950.9106,0.0000,999,999,1000,1,40.0302
67820.0000,6782,2950.9176,0.0000,1000,999,1000,1,39.9342
67830.0000,6783,2950.9244,0.0000,998,1000,999,1,39.6806
67840.0000,6784,2950.9315,0.0000,1000,1000,1000,1,39.8221
67850.0000,6785,2950.9387,0.0000,999,999,1000,1,39.9636
67860.0000,6786,2950.9457,0.0000,1000,1000,1000,1,39.9475
67870.0000,6787,2950.9528,0.0000,999,1000,999,1,39.8532
67880.0000,6788,2950.9598,0.0000,1000,1000,1000,1,39.9159
67890.0000,6789,2950.9669,0.0000,1000,1000,1000,1,39.9785
67900.0000,6790,2950.9740,0.0000,1000,999,1000,1,40.0410
67910.0000,6791,2950.9810,0.0000,998,999,999,1,40.0243
67920.0000,6792,2950.9879,0.0000,999,1000,999,1,39.9290
67930.0000,6793,2950.9945,0.0000,997,999,1000,1,39.7554
67940.0000,6794,2951.0016,0.0000,999,1000,1000,1,39.8181
67950.0000,6795,2951.0087,0.0000,999,1000,1000,1,39.9594
67960.0000,6796,2951.0158,0.0000,999,1000,1000,1,40.0217
67970.0000,6797,2951.0229,0.0000,999,1000,1000,1,40.1630
67980.0000,6798,2951.0299,0.0000,1000,1000,1000,1,40.2250
67990.0000,6799,2951.0370,0.0000,1000,1000,1000,1,40.2868
68000.0000,6800,2951.0440,0.0000,999,1000,1000,1,40.3487
68010.0000,6801,2951.0510,0.0000,999,1000,1000,1,40.4898
68020.0000,6802,2951.0579,0.0000,998,999,999,1,40.3932
68030.0000,6803,2951.0647,0.0000,999,1000,1000,1,40.2975
68040.0000,6804,2951.0717,0.0000,999,1000,1000,1,40.2021
68050.0000,6805,2951.0787,0.0000,999,999,1000,1,40.2642
68060.0000,6806,2951.0857,0.0000,1000,1000,1000,1,40.2474
68070.0000,6807,2951.0929,0.0000,1000,1000,1000,1,40.3884
68080.0000,6808,2951.0999,0.0000,998,999,1000,1,40.4503
68090.0000,6809,2951.1068,0.0000,998,998,998,1,40.1964
68100.0000,6810,2951.1136,0.0000,1000,999,999,1,39.9435
68110.0000,6811,2951.1206,0.0000,1000,1000,1000,1,40.0060
68120.0000,6812,2951.1275,0.0000,1000,1000,1000,1,39.9111
68130.0000,6813,2951.1345,0.0000,999,1000,1000,1,39.8950
68140.0000,6814,2951.1417,0.0000,999,999,1000,1,40.0359
68150.0000,6815,2951.1486,0.0000,999,1000,1000,1,40.0980
68160.0000,6816,2951.1557,0.0000,1000,1000,1000,1,40.1600
68170.0000,6817,2951.1627,0.0000,1000,1000,1000,1,40.2220
68180.0000,6818,2951.1698,0.0000,999,1000,1000,1,40.3628
68190.0000,6819,2951.1769,0.0000,999,999,1000,1,40.5035
68200.0000,6820,2951.1840,0.0000,1000,1000,1000,1,40.4860
68210.0000,6821,2951.1910,0.0000,999,999,1000,1,40.6267
68220.0000,6822,2951.1980,0.0000,998,999,999,1,40.4509
68230.0000,6823,2951.2048,0.0000,998,1000,999,1,40.3550
68240.0000,6824,2951.2118,0.0000,1000,1000,1000,1,40.4956
68250.0000,6825,2951.2187,0.0000,998,1000,998,1,40.3995
68260.0000,6826,2951.2254,0.0000,1000,1000,1000,1,40.3822
68270.0000,6827,2951.2325,0.0000,1000,1000,1000,1,40.4438
68280.0000,6828,2951.2395,0.0000,999,999,1000,1,40.5844
68290.0000,6829,2951.2464,0.0000,999,998,1000,1,40.4877
68300.0000,6830,2951.2532,0.0000,999,1000,999,1,40.1545
68310.0000,6831,2951.2596,0.0000,997,997,998,1,39.7441
68320.0000,6832,2951.2664,0.0000,999,999,1000,1,39.8062
68330.0000,6833,2951.2734,0.0000,1000,1000,1000,1,39.7897
68340.0000,6834,2951.2803,0.0000,999,999,1000,1,39.6949
68350.0000,6835,2951.2874,0.0000,1000,999,1000,1,39.8354
68360.0000,6836,2951.2944,0.0000,999,1000,1000,1,39.9759
68370.0000,6837,2951.3014,0.0000,1000,1000,1000,1,40.0378
68380.0000,6838,2951.3084,0.0000,1000,1000,1000,1,39.8644
68390.0000,6839,2951.3154,0.0000,1000,999,999,1,39.9261
68400.0000,6840,2951.3224,0.0000,1000,1000,999,1,39.9092
68410.0000,6841,2951.3290,0.0000,999,999,1000,1,39.7356
68420.0000,6842,2951.3357,0.0000,998,1000,1000,1,39.4849
68430.0000,6843,2951.3426,0.0000,999,999,999,1,39.3910
68440.0000,6844,2951.3495,0.0000,1000,1000,999,1,39.4532
68450.0000,6845,2951.3564,0.0000,998,999,999,1,39.3594
68460.0000,6846,2951.3631,0.0000,999,1000,1000,1,39.3439
68470.0000,6847,2951.3700,0.0000,1000,1000,1000,1,39.2507
68480.0000,6848,2951.3770,0.0000,999,999,1000,1,39.3910
68490.0000,6849,2951.3838,0.0000,999,1000,1000,1,39.2192
68500.0000,6850,2951.3907,0.0000,997,998,998,1,39.1256
68510.0000,6851,2951.3974,0.0000,998,1000,1000,1,39.1097
68520.0000,6852,2951.4043,0.0000,999,1000,1000,1,39.1719
68530.0000,6853,2951.4111,0.0000,999,999,1000,1,39.0778
68540.0000,6854,2951.4179,0.0000,1000,1000,1000,1,39.0616
68550.0000,6855,2951.4248,0.0000,998,999,1000,1,39.0456
68560.0000,6856,2951.4312,0.0000,998,998,999,1,38.5641
68570.0000,6857,2951.4381,0.0000,1000,1000,1000,1,38.6269
68580.0000,6858,2951.4450,0.0000,999,999,1000,1,38.6119
68590.0000,6859,2951.4519,0.0000,998,999,1000,1,38.4420
68600.0000,6860,2951.4587,0.0000,1000,1000,1000,1,38.4274
68610.0000,6861,2951.4656,0.0000,999,1000,1000,1,38.4901
68620.0000,6862,2951.4724,0.0000,999,1000,1000,1,38.3981
68630.0000,6863,2951.4793,0.0000,999,999,1000,1,38.4608
68640.0000,6864,2951.4862,0.0000,999,999,1000,1,38.5234
68650.0000,6865,2951.4931,0.0000,1000,1000,1000,1,38.5857
68660.0000,6866,2951.5001,0.0000,1000,1000,1000,1,38.7258
68670.0000,6867,2951.5071,0.0000,1000,1000,1000,1,38.7103
68680.0000,6868,2951.5139,0.0000,999,1000,1000,1,38.6947
68690.0000,6869,2951.5208,0.0000,1000,1000,1000,1,38.7567
68700.0000,6870,2951.5277,0.0000,1000,999,1000,1,38.7406
68710.0000,6871,2951.5346,0.0000,999,1000,1000,1,38.8024
68720.0000,6872,2951.5416,0.0000,1000,999,1000,1,38.9423
68730.0000,6873,2951.5486,0.0000,999,1000,1000,1,39.0821
68740.0000,6874,2951.5556,0.0000,1000,1000,1000,1,39.2219
68750.0000,6875,2951.5625,0.0000,999,1000,1000,1,39.2831
68760.0000,6876,2951.5695,0.0000,999,1000,1000,1,39.4228
68770.0000,6877,2951.5762,0.0000,999,999,1000,1,39.4049
68780.0000,6878,2951.5831,0.0000,1000,1000,1000,1,39.3869
68790.0000,6879,2951.5900,0.0000,1000,1000,1000,1,39.3698
68800.0000,6880,2951.5970,0.0000,999,1000,1000,1,39.5094
68810.0000,6881,2951.6038,0.0000,1000,1000,1000,1,39.5706
68820.0000,6882,2951.6107,0.0000,999,999,1000,1,39.6316
68830.0000,6883,2951.6175,0.0000,999,1000,999,1,39.5353
68840.0000,6884,2951.6244,0.0000,1000,1000,1000,1,39.5962
68850.0000,6885,2951.6312,0.0000,999,1000,1000,1,39.5788
68860.0000,6886,2951.6378,0.0000,1000,999,1000,1,39.4825
68870.0000,6887,2951.6447,0.0000,999,999,1000,1,39.4649
68880.0000,6888,2951.6514,0.0000,1000,1000,1000,1,39.5258
68890.0000,6889,2951.6583,0.0000,999,1000,1000,1,39.5084
68900.0000,6890,2951.6651,0.0000,999,1000,999,1,39.5696
68910.0000,6891,2951.6718,0.0000,999,1000,999,1,39.6308
68920.0000,6892,2951.6786,0.0000,999,999,1000,1,39.6921
68930.0000,6893,2951.6852,0.0000,1000,999,1000,1,39.6751
68940.0000,6894,2951.6921,0.0000,1000,1000,1000,1,39.6580
68950.0000,6895,2951.6989,0.0000,998,999,999,1,39.7190
68960.0000,6896,2951.7056,0.0000,999,1000,1000,1,39.6238
68970.0000,6897,2951.7125,0.0000,1000,1000,1000,1,39.7630
68980.0000,6898,2951.7193,0.0000,1000,1000,1000,1,39.8241
68990.0000,6899,2951.7262,0.0000,999,1000,1000,1,39.7289
69000.0000,6900,2951.7331,0.0000,1000,1000,1000,1,39.8681
69010.0000,6901,2951.7398,0.0000,999,999,1000,1,39.7725
69020.0000,6902,2951.7464,0.0000,999,999,1000,1,39.6770
69030.0000,6903,2951.7532,0.0000,999,1000,1000,1,39.6598
69040.0000,6904,2951.7599,0.0000,1000,1000,1000,1,39.6426
69050.0000,6905,2951.7668,0.0000,999,999,1000,1,39.7817
69060.0000,6906,2951.7736,0.0000,999,1000,1000,1,39.7641
69070.0000,6907,2951.7804,0.0000,999,999,1000,1,39.7469
69080.0000,6908,2951.7872,0.0000,1000,1000,1000,1,39.7299
69090.0000,6909,2951.7939,0.0000,999,1000,1000,1,39.7129
69100.0000,6910,2951.8007,0.0000,999,1000,1000,1,39.6185
69110.0000,6911,2951.8075,0.0000,1000,999,1000,1,39.4461
69120.0000,6912,2951.8141,0.0000,999,999,1000,1,39.3516
69130.0000,6913,2951.8210,0.0000,999,999,1000,1,39.4905
69140.0000,6914,2951.8278,0.0000,1000,1000,999,1,39.3957
69150.0000,6915,2951.8344,0.0000,1000,1000,1000,1,39.4566
69160.0000,6916,2951.8414,0.0000,1000,1000,1000,1,39.5955
69170.0000,6917,2951.8479,0.0000,999,1000,1000,1,39.5778
69180.0000,6918,2951.8548,0.0000,1000,1000,1000,1,39.7167
69190.0000,6919,2951.8616,0.0000,1000,1000,1000,1,39.7770
69200.0000,6920,2951.8685,0.0000,999,999,999,1,39.8371
69210.0000,6921,2951.8752,0.0000,999,999,1000,1,39.8973
69220.0000,6922,2951.8818,0.0000,1000,1000,1000,1,39.7217
69230.0000,6923,2951.8887,0.0000,999,1000,1000,1,39.8604
69240.0000,6924,2951.8955,0.0000,1000,1000,1000,1,39.8417
69250.0000,6925,2951.9024,0.0000,1000,1000,1000,1,39.9803
69260.0000,6926,2951.9093,0.0000,999,1000,1000,1,40.1189
69270.0000,6927,2951.9160,0.0000,998,998,999,1,40.0995
69280.0000,6928,2951.9226,0.0000,1000,1000,1000,1,40.0014
69290.0000,6929,2951.9294,0.0000,999,1000,1000,1,39.9822
69300.0000,6930,2951.9362,0.0000,1000,1000,1000,1,40.0418
69310.0000,6931,2951.9429,0.0000,999,999,1000,1,39.9434
69320.0000,6932,2951.9495,0.0000,998,998,998,1,39.7663
69330.0000,6933,2951.9562,0.0000,1000,999,1000,1,39.9048
69340.0000,6934,2951.9630,0.0000,998,1000,1000,1,39.9642
69350.0000,6935,2951.9698,0.0000,1000,1000,1000,1,40.1026
69360.0000,6936,2951.9767,0.0000,999,1000,1000,1,40.2410
69370.0000,6937,2951.9834,0.0000,1000,1000,1000,1,40.1415
69380.0000,6938,2951.9901,0.0000,1000,1000,1000,1,40.1216
69390.0000,6939,2951.9969,0.0000,999,999,1000,1,40.0228
69400.0000,6940,2952.0036,0.0000,999,999,1000,1,39.9251
69410.0000,6941,2952.0103,0.0000,998,999,999,1,39.7491
69420.0000,6942,2952.0168,0.0000,1000,1000,1000,1,39.7305
69430.0000,6943,2952.0235,0.0000,999,1000,1000,1,39.7904
69440.0000,6944,2952.0302,0.0000,999,999,1000,1,39.7717
69450.0000,6945,2952.0369,0.0000,999,1000,1000,1,39.5971
69460.0000,6946,2952.0438,0.0000,999,999,1000,1,39.5797
69470.0000,6947,2952.0504,0.0000,998,998,998,1,39.4845
69480.0000,6948,2952.0570,0.0000,999,1000,1000,1,39.5450
69490.0000,6949,2952.0637,0.0000,999,999,1000,1,39.6055
69500.0000,6950,2952.0704,0.0000,999,1000,1000,1,39.5881
69510.0000,6951,2952.0770,0.0000,1000,999,1000,1,39.6484
69520.0000,6952,2952.0837,0.0000,999,1000,1000,1,39.7086
69530.0000,6953,2952.0904,0.0000,999,1000,1000,1,39.6125
69540.0000,6954,2952.0972,0.0000,999,999,1000,1,39.6726
69550.0000,6955,2952.1035,0.0000,999,999,1000,1,39.4201
69560.0000,6956,2952.1104,0.0000,1000,1000,1000,1,39.5582
69570.0000,6957,2952.1172,0.0000,1000,1000,1000,1,39.6181
69580.0000,6958,2952.1240,0.0000,999,999,999,1,39.4437
69590.0000,6959,2952.1307,0.0000,1000,1000,1000,1,39.4262
69600.0000,6960,2952.1375,0.0000,1000,1000,1000,1,39.5642
69610.0000,6961,2952.1442,0.0000,999,1000,999,1,39.5463
69620.0000,6962,2952.1509,0.0000,1000,1000,1000,1,39.6843
69630.0000,6963,2952.1575,0.0000,999,999,1000,1,39.6661
69640.0000,6964,2952.1641,0.0000,998,999,999,1,39.4926
69650.0000,6965,2952.1708,0.0000,999,1000,1000,1,39.4746
69660.0000,6966,2952.1775,0.0000,1000,1000,1000,1,39.6125
69670.0000,6967,2952.1843,0.0000,1000,1000,1000,1,39.6721
69680.0000,6968,2952.1910,0.0000,999,1000,1000,1,39.8100
69690.0000,6969,2952.1978,0.0000,999,999,999,1,39.8693
69700.0000,6970,2952.2045,0.0000,998,998,999,1,39.8503
69710.0000,6971,2952.2111,0.0000,999,1000,1000,1,39.8315
69720.0000,6972,2952.2179,0.0000,1000,1000,1000,1,39.9692
69730.0000,6973,2952.2246,0.0000,999,999,1000,1,39.9506
69740.0000,6974,2952.2312,0.0000,1000,1000,1000,1,39.9320
69750.0000,6975,2952.2379,0.0000,1000,1000,1000,1,39.9914
69760.0000,6976,2952.2446,0.0000,999,999,1000,1,40.0507
69770.0000,6977,2952.2514,0.0000,999,1000,1000,1,40.1883
69780.0000,6978,2952.2580,0.0000,1000,999,1000,1,40.2473
69790.0000,6979,2952.2646,0.0000,998,999,1000,1,39.9922
69800.0000,6980,2952.2713,0.0000,999,1000,1000,1,40.0513
69810.0000,6981,2952.2779,0.0000,999,999,1000,1,40.1102
69820.0000,6982,2952.2839,0.0000,1000,999,1000,1,40.0123
69830.0000,6983,2952.2906,0.0000,1000,999,1000,1,40.0713
69840.0000,6984,2952.2972,0.0000,999,1000,1000,1,40.1303
69850.0000,6985,2952.3039,0.0000,999,1000,1000,1,40.1109
69860.0000,6986,2952.3106,0.0000,1000,1000,1000,1,40.0920
69870.0000,6987,2952.3173,0.0000,1000,1000,999,1,40.0733
69880.0000,6988,2952.3240,0.0000,999,1000,1000,1,40.2107
69890.0000,6989,2952.3306,0.0000,999,1000,999,1,40.1917
69900.0000,6990,2952.3373,0.0000,1000,999,1000,1,40.2507
69910.0000,6991,2952.3439,0.0000,1000,999,1000,1,40.2315
69920.0000,6992,2952.3506,0.0000,999,1000,1000,1,40.2904
69930.0000,6993,2952.3573,0.0000,1000,1000,1000,1,40.3492
69940.0000,6994,2952.3636,0.0000,996,1000,1000,1,40.0173
69950.0000,6995,2952.3700,0.0000,1000,999,1000,1,40.0763
69960.0000,6996,2952.3767,0.0000,1000,999,1000,1,40.0574
69970.0000,6997,2952.3832,0.0000,1000,999,1000,1,39.8832
69980.0000,6998,2952.3899,0.0000,1000,1000,999,1,39.9424
69990.0000,6999,2952.3965,0.0000,999,999,1000,1,40.0015
70000.0000,7000,2952.4031,0.0000,1000,1000,1000,1,40.0606
70010.0000,7001,2952.4098,0.0000,999,999,999,1,40.0412
70020.0000,7002,2952.4161,0.0000,1000,999,1000,1,39.8656
70030.0000,7003,2952.4228,0.0000,999,999,1000,1,39.9246
70040.0000,7004,2952.4295,0.0000,1000,1000,1000,1,40.0616
70050.0000,7005,2952.4361,0.0000,999,999,1000,1,40.0420
70060.0000,7006,2952.4427,0.0000,999,1000,1000,1,40.0223
70070.0000,7007,2952.4493,0.0000,1000,1000,1000,1,40.0026
70080.0000,7008,2952.4559,0.0000,1000,1000,1000,1,40.0611
70090.0000,7009,2952.4626,0.0000,1000,1000,1000,1,40.1195
70100.0000,7010,2952.4693,0.0000,1000,1000,999,1,39.9422
70110.0000,7011,2952.4758,0.0000,1000,1000,1000,1,39.9226
70120.0000,7012,2952.4824,0.0000,999,999,1000,1,39.8252
70130.0000,7013,2952.4888,0.0000,999,999,999,1,39.5715
70140.0000,7014,2952.4954,0.0000,999,999,1000,1,39.5522
70150.0000,7015,2952.5019,0.0000,998,999,999,1,39.4545
70160.0000,7016,2952.5084,0.0000,1000,999,1000,1,39.5132
70170.0000,7017,2952.5149,0.0000,998,999,1000,1,39.4159
70180.0000,7018,2952.5213,0.0000,999,999,1000,1,39.3191
70190.0000,7019,2952.5280,0.0000,1000,1000,1000,1,39.3782
70200.0000,7020,2952.5345,0.0000,999,999,998,1,39.2815
70210.0000,7021,2952.5411,0.0000,1000,1000,1000,1,39.3404
70220.0000,7022,2952.5476,0.0000,1000,1000,1000,1,39.3211
70230.0000,7023,2952.5542,0.0000,1000,1000,1000,1,39.3016
70240.0000,7024,2952.5609,0.0000,1000,999,1000,1,39.4384
70250.0000,7025,2952.5675,0.0000,1000,999,1000,1,39.4969
70260.0000,7026,2952.5741,0.0000,1000,1000,1000,1,39.6336
70270.0000,7027,2952.5808,0.0000,1000,1000,1000,1,39.7702
70280.0000,7028,2952.5875,0.0000,1000,1000,1000,1,39.9069
70290.0000,7029,2952.5941,0.0000,1000,999,1000,1,39.9646
70300.0000,7030,2952.6005,0.0000,999,999,1000,1,39.9436
70310.0000,7031,2952.6071,0.0000,999,999,1000,1,40.0014
70320.0000,7032,2952.6137,0.0000,1000,1000,1000,1,39.9800
70330.0000,7033,2952.6204,0.0000,999,999,1000,1,40.1165
70340.0000,7034,2952.6270,0.0000,999,999,1000,1,40.0946
70350.0000,7035,2952.6336,0.0000,999,999,1000,1,40.2311
70360.0000,7036,2952.6401,0.0000,1000,998,1000,1,40.2881
70370.0000,7037,2952.6466,0.0000,999,1000,1000,1,40.4245
70380.0000,7038,2952.6531,0.0000,999,1000,1000,1,40.2431
70390.0000,7039,2952.6597,0.0000,999,1000,1000,1,40.3000
70400.0000,7040,2952.6664,0.0000,1000,1000,1000,1,40.3568
70410.0000,7041,2952.6729,0.0000,999,1000,1000,1,40.2548
70420.0000,7042,2952.6795,0.0000,1000,1000,1000,1,40.3911
70430.0000,7043,2952.6860,0.0000,999,999,1000,1,40.2898
70440.0000,7044,2952.6925,0.0000,1000,1000,1000,1,40.1883
70450.0000,7045,2952.6991,0.0000,1000,1000,1000,1,40.3245
70460.0000,7046,2952.7055,0.0000,999,999,999,1,39.9875
70470.0000,7047,2952.7119,0.0000,1000,999,1000,1,39.9663
70480.0000,7048,2952.7184,0.0000,1000,1000,1000,1,39.9452
70490.0000,7049,2952.7249,0.0000,999,1000,1000,1,39.8452
70500.0000,7050,2952.7314,0.0000,999,1000,1000,1,39.6668
70510.0000,7051,2952.7380,0.0000,999,1000,1000,1,39.7244
70520.0000,7052,2952.7444,0.0000,998,998,1000,1,39.6247
70530.0000,7053,2952.7509,0.0000,1000,1000,1000,1,39.6038
70540.0000,7054,2952.7576,0.0000,999,1000,1000,1,39.7400
70550.0000,7055,2952.7641,0.0000,1000,999,999,1,39.6405
70560.0000,7056,2952.7704,0.0000,999,999,999,1,39.4630
70570.0000,7057,2952.7769,0.0000,1000,1000,999,1,39.4423
70580.0000,7058,2952.7834,0.0000,1000,1000,1000,1,39.5000
70590.0000,7059,2952.7900,0.0000,1000,1000,1000,1,39.6361
70600.0000,7060,2952.7967,0.0000,999,1000,1000,1,39.7721
70610.0000,7061,2952.8032,0.0000,1000,999,1000,1,39.8295
70620.0000,7062,2952.8098,0.0000,999,1000,1000,1,39.7296
70630.0000,7063,2952.8163,0.0000,999,999,1000,1,39.7871
70640.0000,7064,2952.8229,0.0000,999,999,999,1,39.8445
70650.0000,7065,2952.8294,0.0000,1000,1000,1000,1,39.9018
70660.0000,7066,2952.8359,0.0000,999,999,1000,1,39.8803
70670.0000,7067,2952.8424,0.0000,999,999,999,1,39.9374
70680.0000,7068,2952.8486,0.0000,1000,999,999,1,39.9155
70690.0000,7069,2952.8551,0.0000,999,1000,1000,1,39.9726
70700.0000,7070,2952.8616,0.0000,1000,1000,1000,1,40.0294
70710.0000,7071,2952.8682,0.0000,999,999,999,1,40.0862
70720.0000,7072,2952.8745,0.0000,1000,1000,1000,1,39.9069
70730.0000,7073,2952.8810,0.0000,999,999,999,1,39.8072
70740.0000,7074,2952.8874,0.0000,999,999,1000,1,39.7859
70750.0000,7075,2952.8938,0.0000,999,1000,1000,1,39.7647
70760.0000,7076,2952.9003,0.0000,998,1000,999,1,39.8217
70770.0000,7077,2952.9067,0.0000,999,999,1000,1,39.8000
70780.0000,7078,2952.9131,0.0000,999,1000,1000,1,39.7787
70790.0000,7079,2952.9196,0.0000,999,999,1000,1,39.8359
70800.0000,7080,2952.9260,0.0000,999,999,1000,1,39.8145
70810.0000,7081,2952.9326,0.0000,999,1000,1000,1,39.9501
70820.0000,7082,2952.9388,0.0000,998,999,998,1,39.6140
70830.0000,7083,2952.9452,0.0000,999,999,1000,1,39.6709
70840.0000,7084,2952.9517,0.0000,999,1000,1000,1,39.7277
70850.0000,7085,2952.9581,0.0000,999,999,999,1,39.5485
70860.0000,7086,2952.9646,0.0000,999,999,1000,1,39.5269
70870.0000,7087,2952.9711,0.0000,999,1000,1000,1,39.6625
70880.0000,7088,2952.9776,0.0000,1000,999,1000,1,39.7193
70890.0000,7089,2952.9841,0.0000,1000,1000,1000,1,39.6188
70900.0000,7090,2952.9906,0.0000,1000,1000,1000,1,39.6755
70910.0000,7091,2952.9971,0.0000,999,999,999,1,39.5749
70920.0000,7092,2953.0035,0.0000,1000,999,1000,1,39.6317
70930.0000,7093,2953.0100,0.0000,1000,1000,1000,1,39.6096
70940.0000,7094,2953.0166,0.0000,999,1000,1000,1,39.7450
70950.0000,7095,2953.0228,0.0000,999,999,1000,1,39.5648
70960.0000,7096,2953.0292,0.0000,1000,1000,1000,1,39.4637
70970.0000,7097,2953.0357,0.0000,1000,1000,1000,1,39.5991
70980.0000,7098,2953.0421,0.0000,999,1000,1000,1,39.5766
70990.0000,7099,2953.0485,0.0000,999,1000,1000,1,39.2392
71000.0000,7100,2953.0550,0.0000,1000,1000,1000,1,39.2960
71010.0000,7101,2953.0615,0.0000,999,999,999,1,39.3527
71020.0000,7102,2953.0679,0.0000,999,1000,1000,1,39.4094
71030.0000,7103,2953.0744,0.0000,999,1000,1000,1,39.4660
71040.0000,7104,2953.0809,0.0000,1000,1000,1000,1,39.5225
71050.0000,7105,2953.0873,0.0000,999,999,1000,1,39.4215
71060.0000,7106,2953.0939,0.0000,1000,1000,1000,1,39.4780
71070.0000,7107,2953.1002,0.0000,998,999,999,1,39.3767
71080.0000,7108,2953.1066,0.0000,1000,1000,1000,1,39.3540
71090.0000,7109,2953.1130,0.0000,999,998,999,1,39.3310
71100.0000,7110,2953.1192,0.0000,1000,999,1000,1,39.2290
71110.0000,7111,2953.1257,0.0000,1000,999,1000,1,39.3641
71120.0000,7112,2953.1321,0.0000,1000,1000,1000,1,39.4992
71130.0000,7113,2953.1384,0.0000,999,998,999,1,39.2380
71140.0000,7114,2953.1448,0.0000,1000,1000,1000,1,39.1360
71150.0000,7115,2953.1512,0.0000,1000,1000,1000,1,39.1924
71160.0000,7116,2953.1578,0.0000,1000,1000,1000,1,39.3274
71170.0000,7117,2953.1642,0.0000,998,999,999,1,39.2264
71180.0000,7118,2953.1706,0.0000,999,999,1000,1,39.2828
71190.0000,7119,2953.1770,0.0000,999,999,999,1,39.1826
71200.0000,7120,2953.1835,0.0000,1000,1000,1000,1,39.0820
71210.0000,7121,2953.1899,0.0000,999,1000,1000,1,39.2169
71220.0000,7122,2953.1963,0.0000,999,999,999,1,39.2732
71230.0000,7123,2953.2027,0.0000,1000,999,1000,1,39.4080
71240.0000,7124,2953.2091,0.0000,1000,999,1000,1,39.4640
71250.0000,7125,2953.2155,0.0000,999,1000,1000,1,39.5199
71260.0000,7126,2953.2218,0.0000,999,999,1000,1,39.4972
71270.0000,7127,2953.2282,0.0000,1000,999,1000,1,39.5534
71280.0000,7128,2953.2343,0.0000,999,999,1000,1,39.3736
71290.0000,7129,2953.2405,0.0000,1000,998,999,1,39.1169
71300.0000,7130,2953.2469,0.0000,999,999,1000,1,39.2516
71310.0000,7131,2953.2533,0.0000,1000,999,999,1,39.1519
71320.0000,7132,2953.2598,0.0000,1000,1000,1000,1,39.2084
71330.0000,7133,2953.2662,0.0000,1000,999,1000,1,39.2649
71340.0000,7134,2953.2724,0.0000,999,1000,1000,1,38.9307
71350.0000,7135,2953.2784,0.0000,1000,1000,1000,1,38.9100
71360.0000,7136,2953.2849,0.0000,1000,1000,1000,1,39.0447
71370.0000,7137,2953.2912,0.0000,1000,999,1000,1,39.1016
71380.0000,7138,2953.2976,0.0000,999,999,999,1,39.1585
71390.0000,7139,2953.3039,0.0000,998,999,1000,1,39.2153
71400.0000,7140,2953.3103,0.0000,1000,1000,1000,1,39.1944
71410.0000,7141,2953.3168,0.0000,999,1000,1000,1,39.3289
71420.0000,7142,2953.3231,0.0000,1000,1000,1000,1,39.3078
71430.0000,7143,2953.3295,0.0000,1000,1000,1000,1,39.2866
71440.0000,7144,2953.3359,0.0000,1000,1000,1000,1,39.3431
71450.0000,7145,2953.3424,0.0000,1000,999,1000,1,39.3214
71460.0000,7146,2953.3488,0.0000,999,1000,1000,1,39.3779
71470.0000,7147,2953.3552,0.0000,1000,1000,999,1,39.2789
71480.0000,7148,2953.3613,0.0000,1000,1000,1000,1,39.2582
71490.0000,7149,2953.3677,0.0000,999,1000,1000,1,39.3150
71500.0000,7150,2953.3742,0.0000,999,1000,1000,1,39.3718
71510.0000,7151,2953.3805,0.0000,999,1000,1000,1,39.5062
71520.0000,7152,2953.3868,0.0000,999,1000,1000,1,39.5626
71530.0000,7153,2953.3932,0.0000,1000,1000,1000,1,39.6191
71540.0000,7154,2953.3995,0.0000,1000,1000,1000,1,39.5978
71550.0000,7155,2953.4057,0.0000,999,1000,1000,1,39.3428
71560.0000,7156,2953.4120,0.0000,998,998,999,1,39.3991
71570.0000,7157,2953.4182,0.0000,999,1000,1000,1,39.2994
71580.0000,7158,2953.4246,0.0000,999,1000,1000,1,39.3557
71590.0000,7159,2953.4309,0.0000,999,999,1000,1,39.3339
71600.0000,7160,2953.4372,0.0000,998,999,999,1,39.1565
71610.0000,7161,2953.4435,0.0000,1000,999,1000,1,39.2131
71620.0000,7162,2953.4498,0.0000,999,999,1000,1,39.3473
71630.0000,7163,2953.4562,0.0000,999,1000,1000,1,39.4036
71640.0000,7164,2953.4626,0.0000,1000,1000,1000,1,39.3817
71650.0000,7165,2953.4690,0.0000,1000,1000,1000,1,39.5158
71660.0000,7166,2953.4753,0.0000,1000,1000,1000,1,39.4935
71670.0000,7167,2953.4815,0.0000,998,998,999,1,39.3929
71680.0000,7168,2953.4878,0.0000,999,999,999,1,39.3705
71690.0000,7169,2953.4938,0.0000,1000,999,1000,1,39.3485
71700.0000,7170,2953.5001,0.0000,1000,1000,1000,1,39.4045
71710.0000,7171,2953.5064,0.0000,1000,1000,1000,1,39.3821
71720.0000,7172,2953.5127,0.0000,999,1000,1000,1,39.3599
71730.0000,7173,2953.5189,0.0000,998,999,1000,1,39.2597
71740.0000,7174,2953.5252,0.0000,1000,1000,1000,1,39.3156
71750.0000,7175,2953.5316,0.0000,1000,1000,1000,1,39.3714
71760.0000,7176,2953.5379,0.0000,1000,1000,1000,1,39.4270
71770.0000,7177,2953.5442,0.0000,1000,1000,1000,1,39.2486
71780.0000,7178,2953.5506,0.0000,1000,1000,1000,1,39.3825
71790.0000,7179,2953.5569,0.0000,999,1000,999,1,39.3602
71800.0000,7180,2953.5633,0.0000,999,1000,1000,1,39.4940
71810.0000,7181,2953.5695,0.0000,999,999,1000,1,39.4719
71820.0000,7182,2953.5758,0.0000,1000,1000,1000,1,39.4499
71830.0000,7183,2953.5820,0.0000,999,999,999,1,39.4278
71840.0000,7184,2953.5883,0.0000,999,1000,999,1,39.4838
71850.0000,7185,2953.5946,0.0000,1000,1000,1000,1,39.4624
71860.0000,7186,2953.6009,0.0000,999,1000,1000,1,39.5184
71870.0000,7187,2953.6072,0.0000,999,1000,1000,1,39.4970
71880.0000,7188,2953.6134,0.0000,999,1000,1000,1,39.3207
71890.0000,7189,2953.6196,0.0000,1000,999,999,1,39.1445
71900.0000,7190,2953.6257,0.0000,1000,1000,1000,1,39.0466
71910.0000,7191,2953.6321,0.0000,1000,999,999,1,39.1030
71920.0000,7192,2953.6384,0.0000,999,999,999,1,39.0820
71930.0000,7193,2953.6445,0.0000,999,999,1000,1,38.9839
71940.0000,7194,2953.6508,0.0000,999,999,999,1,38.8092
71950.0000,7195,2953.6570,0.0000,999,1000,999,1,38.7119
71960.0000,7196,2953.6633,0.0000,1000,1000,1000,1,38.8454
71970.0000,7197,2953.6697,0.0000,1000,1000,1000,1,38.8248
71980.0000,7198,2953.6758,0.0000,1000,1000,1000,1,38.7271
71990.0000,7199,2953.6821,0.0000,1000,1000,1000,1,38.8606
72000.0000,7200,2953.6884,0.0000,999,1000,1000,1,38.9168
72010.0000,7201,2953.6945,0.0000,1000,1000,1000,1,38.7409
72020.0000,7202,2953.7007,0.0000,1000,999,1000,1,38.5657
72030.0000,7203,2953.7070,0.0000,1000,1000,1000,1,38.6992
72040.0000,7204,2953.7133,0.0000,1000,1000,1000,1,38.6783
72050.0000,7205,2953.7197,0.0000,999,1000,1000,1,38.8117
72060.0000,7206,2953.7257,0.0000,999,999,1000,1,38.7907
72070.0000,7207,2953.7319,0.0000,1000,1000,1000,1,38.7696
72080.0000,7208,2953.7381,0.0000,999,999,1000,1,38.6716
72090.0000,7209,2953.7444,0.0000,999,1000,1000,1,38.7278
72100.0000,7210,2953.7507,0.0000,1000,999,1000,1,38.7066
72110.0000,7211,2953.7570,0.0000,999,999,1000,1,38.7627
72120.0000,7212,2953.7633,0.0000,999,1000,1000,1,38.8185
72130.0000,7213,2953.7694,0.0000,1000,1000,1000,1,38.7968
72140.0000,7214,2953.7756,0.0000,999,999,999,1,38.6203
72150.0000,7215,2953.7816,0.0000,998,1000,999,1,38.2909
72160.0000,7216,2953.7879,0.0000,1000,1000,1000,1,38.2706
72170.0000,7217,2953.7941,0.0000,998,999,999,1,38.1732
72180.0000,7218,2953.8002,0.0000,998,999,999,1,38.1525
72190.0000,7219,2953.8062,0.0000,998,999,999,1,37.9784
72200.0000,7220,2953.8124,0.0000,1000,1000,999,1,37.9582
72210.0000,7221,2953.8186,0.0000,999,1000,1000,1,38.0148
72220.0000,7222,2953.8248,0.0000,1000,999,1000,1,38.1480
72230.0000,7223,2953.8311,0.0000,1000,999,1000,1,38.2812
72240.0000,7224,2953.8375,0.0000,999,999,1000,1,38.4143
72250.0000,7225,2953.8437,0.0000,1000,1000,1000,1,38.5474
72260.0000,7226,2953.8499,0.0000,1000,999,1000,1,38.5264
72270.0000,7227,2953.8562,0.0000,1000,1000,1000,1,38.5057
72280.0000,7228,2953.8624,0.0000,1000,1000,1000,1,38.4851
72290.0000,7229,2953.8687,0.0000,999,1000,1000,1,38.6181
72300.0000,7230,2953.8751,0.0000,999,1000,1000,1,38.7511
72310.0000,7231,2953.8812,0.0000,1000,999,1000,1,38.7299
72320.0000,7232,2953.8873,0.0000,1000,1000,999,1,38.5548
72330.0000,7233,2953.8934,0.0000,999,1000,1000,1,38.5343
72340.0000,7234,2953.8996,0.0000,999,999,1000,1,38.5136
72350.0000,7235,2953.9058,0.0000,999,1000,1000,1,38.4163
72360.0000,7236,2953.9121,0.0000,999,1000,1000,1,38.5492
72370.0000,7237,2953.9183,0.0000,999,1000,1000,1,38.6821
72380.0000,7238,2953.9245,0.0000,999,999,999,1,38.5837
72390.0000,7239,2953.9304,0.0000,1000,1000,1000,1,38.4855
72400.0000,7240,2953.9367,0.0000,999,999,999,1,38.5413
72410.0000,7241,2953.9428,0.0000,999,999,1000,1,38.5969
72420.0000,7242,2953.9489,0.0000,999,1000,1000,1,38.4980
72430.0000,7243,2953.9550,0.0000,999,999,1000,1,38.4763
72440.0000,7244,2953.9607,0.0000,998,998,999,1,38.2234
72450.0000,7245,2953.9666,0.0000,1000,999,1000,1,38.2023
72460.0000,7246,2953.9729,0.0000,1000,1000,1000,1,38.2581
72470.0000,7247,2953.9790,0.0000,999,999,1000,1,38.1603
72480.0000,7248,2953.9852,0.0000,1000,1000,1000,1,38.2164
72490.0000,7249,2953.9914,0.0000,999,999,1000,1,38.1957
72500.0000,7250,2953.9976,0.0000,998,1000,999,1,38.1750
72510.0000,7251,2954.0038,0.0000,999,999,1000,1,38.3076
72520.0000,7252,2954.0099,0.0000,999,999,1000,1,38.1338
72530.0000,7253,2954.0159,0.0000,1000,1000,1000,1,38.0366
72540.0000,7254,2954.0222,0.0000,999,999,1000,1,38.0925
72550.0000,7255,2954.0280,0.0000,999,998,998,1,37.6884
72560.0000,7256,2954.0339,0.0000,999,1000,999,1,37.5909
72570.0000,7257,2954.0401,0.0000,1000,1000,1000,1,37.7235
72580.0000,7258,2954.0463,0.0000,999,1000,999,1,37.7027
72590.0000,7259,2954.0524,0.0000,999,999,1000,1,37.5297
72600.0000,7260,2954.0586,0.0000,1000,1000,1000,1,37.5861
72610.0000,7261,2954.0648,0.0000,999,1000,1000,1,37.5661
72620.0000,7262,2954.0709,0.0000,1000,1000,1000,1,37.5461
72630.0000,7263,2954.0772,0.0000,1000,1000,1000,1,37.5258
72640.0000,7264,2954.0833,0.0000,999,999,1000,1,37.6583
72650.0000,7265,2954.0895,0.0000,999,1000,1000,1,37.7908
72660.0000,7266,2954.0953,0.0000,998,998,998,1,37.6172
72670.0000,7267,2954.1012,0.0000,999,999,1000,1,37.6735
72680.0000,7268,2954.1074,0.0000,1000,1000,1000,1,37.5781
72690.0000,7269,2954.1135,0.0000,999,999,1000,1,37.4823
72700.0000,7270,2954.1195,0.0000,998,998,999,1,37.3866
72710.0000,7271,2954.1256,0.0000,1000,1000,1000,1,37.3673
72720.0000,7272,2954.1316,0.0000,999,998,999,1,37.1960
72730.0000,7273,2954.1374,0.0000,999,998,999,1,37.1768
72740.0000,7274,2954.1436,0.0000,999,1000,1000,1,37.3092
72750.0000,7275,2954.1498,0.0000,999,999,1000,1,37.3656
72760.0000,7276,2954.1558,0.0000,998,999,1000,1,37.1185
72770.0000,7277,2954.1619,0.0000,1000,999,999,1,37.1750
72780.0000,7278,2954.1679,0.0000,999,1000,1000,1,36.9292
72790.0000,7279,2954.1741,0.0000,1000,1000,1000,1,36.9861
72800.0000,7280,2954.1799,0.0000,998,999,998,1,36.7410
72810.0000,7281,2954.1860,0.0000,1000,1000,1000,1,36.7979
72820.0000,7282,2954.1922,0.0000,999,1000,1000,1,36.9301
72830.0000,7283,2954.1984,0.0000,999,1000,999,1,36.9866
72840.0000,7284,2954.2044,0.0000,998,999,1000,1,36.8918
72850.0000,7285,2954.2104,0.0000,999,999,1000,1,36.8727
72860.0000,7286,2954.2165,0.0000,998,999,999,1,36.7026
72870.0000,7287,2954.2224,0.0000,1000,1000,1000,1,36.6082
72880.0000,7288,2954.2284,0.0000,999,999,1000,1,36.5893
72890.0000,7289,2954.2345,0.0000,998,998,999,1,36.5706
72900.0000,7290,2954.2404,0.0000,999,999,1000,1,36.4776
72910.0000,7291,2954.2466,0.0000,1000,1000,1000,1,36.4603
72920.0000,7292,2954.2527,0.0000,999,999,1000,1,36.5180
72930.0000,7293,2954.2589,0.0000,1000,1000,1000,1,36.6501
72940.0000,7294,2954.2651,0.0000,999,999,1000,1,36.6328
72950.0000,7295,2954.2712,0.0000,1000,1000,1000,1,36.7648
72960.0000,7296,2954.2774,0.0000,999,999,1000,1,36.8220
72970.0000,7297,2954.2834,0.0000,998,1000,999,1,36.7302
72980.0000,7298,2954.2894,0.0000,999,999,1000,1,36.7877
72990.0000,7299,2954.2955,0.0000,1000,1000,1000,1,36.7705
73000.0000,7300,2954.3016,0.0000,1000,1000,1000,1,36.6788
73010.0000,7301,2954.3076,0.0000,999,1000,1000,1,36.6620
73020.0000,7302,2954.3137,0.0000,999,999,1000,1,36.7939
73030.0000,7303,2954.3198,0.0000,999,1000,1000,1,36.8512
73040.0000,7304,2954.3258,0.0000,998,999,999,1,36.7594
73050.0000,7305,2954.3316,0.0000,999,1000,1000,1,36.5938
73060.0000,7306,2954.3377,0.0000,1000,1000,1000,1,36.5028
73070.0000,7307,2954.3437,0.0000,998,1000,999,1,36.1889
73080.0000,7308,2954.3496,0.0000,998,998,999,1,36.1721
73090.0000,7309,2954.3551,0.0000,998,998,998,1,35.8590
73100.0000,7310,2954.3610,0.0000,1000,1000,1000,1,35.6948
73110.0000,7311,2954.3671,0.0000,999,999,1000,1,35.6788
73120.0000,7312,2954.3732,0.0000,1000,999,1000,1,35.8107
73130.0000,7313,2954.3794,0.0000,1000,1000,1000,1,35.9425
73140.0000,7314,2954.3855,0.0000,999,1000,1000,1,36.0743
73150.0000,7315,2954.3916,0.0000,999,999,1000,1,36.1316
73160.0000,7316,2954.3975,0.0000,998,999,1000,1,36.0400
73170.0000,7317,2954.4036,0.0000,1000,1000,1000,1,35.9483
73180.0000,7318,2954.4096,0.0000,999,999,1000,1,35.9312
73190.0000,7319,2954.4157,0.0000,999,999,1000,1,35.9887
73200.0000,7320,2954.4217,0.0000,999,1000,999,1,35.8976
73210.0000,7321,2954.4278,0.0000,999,999,1000,1,35.9553
73220.0000,7322,2954.4338,0.0000,999,1000,1000,1,35.9392
73230.0000,7323,2954.4399,0.0000,1000,1000,1000,1,35.9970
73240.0000,7324,2954.4460,0.0000,999,1000,1000,1,35.9807
73250.0000,7325,2954.4520,0.0000,999,999,999,1,35.8904
73260.0000,7326,2954.4579,0.0000,999,999,1000,1,35.8742
73270.0000,7327,2954.4639,0.0000,999,999,1000,1,35.8583
73280.0000,7328,2954.4697,0.0000,1000,1000,1000,1,35.6952
73290.0000,7329,2954.4759,0.0000,999,1000,1000,1,35.7532
73300.0000,7330,2954.4819,0.0000,999,999,1000,1,35.8112
73310.0000,7331,2954.4880,0.0000,999,1000,1000,1,35.8692
73320.0000,7332,2954.4938,0.0000,999,1000,1000,1,35.9269
73330.0000,7333,2954.4999,0.0000,999,999,1000,1,35.9846
73340.0000,7334,2954.5059,0.0000,999,1000,999,1,35.8948
73350.0000,7335,2954.5119,0.0000,999,999,999,1,35.8046
73360.0000,7336,2954.5179,0.0000,999,999,1000,1,35.8625
73370.0000,7337,2954.5239,0.0000,1000,999,1000,1,35.8472
73380.0000,7338,2954.5299,0.0000,999,1000,1000,1,35.9052
73390.0000,7339,2954.5359,0.0000,999,999,999,1,35.8902
73400.0000,7340,2954.5419,0.0000,999,999,999,1,35.7289
73410.0000,7341,2954.5480,0.0000,1000,999,1000,1,35.7869
73420.0000,7342,2954.5541,0.0000,999,1000,999,1,35.8449
73430.0000,7343,2954.5601,0.0000,999,999,1000,1,35.8296
73440.0000,7344,2954.5661,0.0000,1000,1000,1000,1,35.9608
73450.0000,7345,2954.5722,0.0000,1000,1000,1000,1,35.9453
73460.0000,7346,2954.5782,0.0000,999,1000,1000,1,36.0033
73470.0000,7347,2954.5842,0.0000,998,999,999,1,36.0612
73480.0000,7348,2954.5902,0.0000,999,999,1000,1,36.1191
73490.0000,7349,2954.5963,0.0000,999,1000,1000,1,36.2502
73500.0000,7350,2954.6023,0.0000,999,1000,1000,1,36.3078
73510.0000,7351,2954.6083,0.0000,999,1000,1000,1,36.1443
73520.0000,7352,2954.6143,0.0000,999,1000,1000,1,36.1280
73530.0000,7353,2954.6204,0.0000,1000,1000,1000,1,36.1853
73540.0000,7354,2954.6262,0.0000,998,999,1000,1,35.9479
73550.0000,7355,2954.6323,0.0000,999,1000,1000,1,35.9319
73560.0000,7356,2954.6383,0.0000,999,1000,1000,1,35.9161
73570.0000,7357,2954.6443,0.0000,999,1000,1000,1,35.8284
73580.0000,7358,2954.6502,0.0000,999,999,1000,1,35.8866
73590.0000,7359,2954.6559,0.0000,998,998,1000,1,35.7262
73600.0000,7360,2954.6619,0.0000,999,1000,1000,1,35.8573
73610.0000,7361,2954.6680,0.0000,999,1000,1000,1,35.8425
73620.0000,7362,2954.6740,0.0000,999,1000,1000,1,35.9735
73630.0000,7363,2954.6800,0.0000,999,1000,1000,1,35.9585
73640.0000,7364,2954.6860,0.0000,999,1000,1000,1,35.9434
73650.0000,7365,2954.6920,0.0000,1000,999,1000,1,35.9284
73660.0000,7366,2954.6981,0.0000,999,1000,1000,1,35.9863
73670.0000,7367,2954.7041,0.0000,999,999,1000,1,36.1172
73680.0000,7368,2954.7101,0.0000,1000,1000,1000,1,36.1019
73690.0000,7369,2954.7161,0.0000,999,1000,1000,1,36.1594
73700.0000,7370,2954.7221,0.0000,999,999,1000,1,35.9972
73710.0000,7371,2954.7281,0.0000,1000,1000,1000,1,36.1280
73720.0000,7372,2954.7342,0.0000,999,1000,1000,1,36.1119
73730.0000,7373,2954.7401,0.0000,999,999,1000,1,36.0956
73740.0000,7374,2954.7462,0.0000,999,1000,1000,1,36.2263
73750.0000,7375,2954.7522,0.0000,1000,1000,1000,1,36.3570
73760.0000,7376,2954.7583,0.0000,1000,1000,1000,1,36.4139
73770.0000,7377,2954.7643,0.0000,999,999,999,1,36.4705
73780.0000,7378,2954.7702,0.0000,999,1000,1000,1,36.3053
73790.0000,7379,2954.7761,0.0000,999,999,1000,1,36.3620
73800.0000,7380,2954.7821,0.0000,999,999,1000,1,36.4185
73810.0000,7381,2954.7880,0.0000,1000,1000,1000,1,36.4750
73820.0000,7382,2954.7941,0.0000,1000,1000,1000,1,36.6056
73830.0000,7383,2954.8002,0.0000,1000,1000,1000,1,36.7360
73840.0000,7384,2954.8062,0.0000,998,998,1000,1,36.7184
73850.0000,7385,2954.8119,0.0000,999,1000,999,1,36.4788
73860.0000,7386,2954.8178,0.0000,999,999,1000,1,36.6093
73870.0000,7387,2954.8238,0.0000,1000,999,1000,1,36.6656
73880.0000,7388,2954.8299,0.0000,1000,1000,1000,1,36.7960
73890.0000,7389,2954.8359,0.0000,999,999,1000,1,36.8522
73900.0000,7390,2954.8418,0.0000,998,999,999,1,36.6112
73910.0000,7391,2954.8477,0.0000,1000,1000,1000,1,36.6673
73920.0000,7392,2954.8537,0.0000,1000,1000,1000,1,36.4262
73930.0000,7393,2954.8597,0.0000,1000,1000,1000,1,36.5566
73940.0000,7394,2954.8656,0.0000,999,999,999,1,36.5382
73950.0000,7395,2954.8715,0.0000,999,1000,1000,1,36.5942
73960.0000,7396,2954.8775,0.0000,999,1000,1000,1,36.6500
73970.0000,7397,2954.8835,0.0000,1000,1000,1000,1,36.7803
73980.0000,7398,2954.8895,0.0000,1000,1000,999,1,36.8358
73990.0000,7399,2954.8955,0.0000,1000,1000,1000,1,36.9659
74000.0000,7400,2954.9015,0.0000,999,999,1000,1,36.9464
74010.0000,7401,2954.9074,0.0000,1000,1000,1000,1,37.0017
74020.0000,7402,2954.9133,0.0000,999,1000,1000,1,37.1318
74030.0000,7403,2954.9192,0.0000,999,999,1000,1,37.0370
74040.0000,7404,2954.9252,0.0000,999,1000,1000,1,37.0922
74050.0000,7405,2954.9312,0.0000,1000,1000,1000,1,37.1473
74060.0000,7406,2954.9372,0.0000,1000,1000,1000,1,37.2022
74070.0000,7407,2954.9431,0.0000,998,999,999,1,37.2570
74080.0000,7408,2954.9488,0.0000,998,998,998,1,37.0861
74090.0000,7409,2954.9546,0.0000,999,999,999,1,36.9908
74100.0000,7410,2954.9606,0.0000,999,1000,1000,1,37.1207
74110.0000,7411,2954.9664,0.0000,1000,999,999,1,37.1003
74120.0000,7412,2954.9724,0.0000,999,1000,1000,1,37.1550
74130.0000,7413,2954.9783,0.0000,1000,999,1000,1,37.2849
74140.0000,7414,2954.9841,0.0000,999,999,999,1,37.1135
74150.0000,7415,2954.9901,0.0000,999,1000,1000,1,37.1680
74160.0000,7416,2954.9960,0.0000,1000,1000,999,1,37.0713
74170.0000,7417,2955.0021,0.0000,1000,1000,1000,1,37.2012
74180.0000,7418,2955.0080,0.0000,1000,1000,1000,1,37.1795
74190.0000,7419,2955.0139,0.0000,999,1000,999,1,37.2336
74200.0000,7420,2955.0198,0.0000,999,999,1000,1,37.2875
74210.0000,7421,2955.0256,0.0000,1000,999,1000,1,37.1143
74220.0000,7422,2955.0315,0.0000,1000,1000,1000,1,37.0170
74230.0000,7423,2955.0375,0.0000,999,999,1000,1,37.1468
74240.0000,7424,2955.0433,0.0000,1000,1000,1000,1,37.2007
74250.0000,7425,2955.0492,0.0000,1000,1000,1000,1,37.2545
74260.0000,7426,2955.0551,0.0000,999,1000,1000,1,37.2323
74270.0000,7427,2955.0611,0.0000,999,999,999,1,37.2861
74280.0000,7428,2955.0670,0.0000,999,1000,1000,1,37.4156
74290.0000,7429,2955.0726,0.0000,998,1000,998,1,37.3179
74300.0000,7430,2955.0784,0.0000,998,998,998,1,37.1451
74310.0000,7431,2955.0841,0.0000,1000,1000,1000,1,37.2746
74320.0000,7432,2955.0901,0.0000,999,999,999,1,37.3285
74330.0000,7433,2955.0960,0.0000,998,1000,1000,1,37.3072
74340.0000,7434,2955.1018,0.0000,1000,1000,1000,1,37.2119
74350.0000,7435,2955.1077,0.0000,1000,1000,1000,1,37.1917
74360.0000,7436,2955.1135,0.0000,999,999,999,1,37.0970
74370.0000,7437,2955.1194,0.0000,998,1000,999,1,37.0775
74380.0000,7438,2955.1252,0.0000,999,1000,1000,1,37.1324
74390.0000,7439,2955.1311,0.0000,1000,1000,1000,1,37.1127
74400.0000,7440,2955.1371,0.0000,999,1000,1000,1,37.1675
74410.0000,7441,2955.1429,0.0000,1000,1000,1000,1,37.2223
74420.0000,7442,2955.1488,0.0000,999,999,999,1,37.1276
74430.0000,7443,2955.1547,0.0000,1000,999,1000,1,37.2569
74440.0000,7444,2955.1605,0.0000,1000,998,1000,1,37.0132
74450.0000,7445,2955.1663,0.0000,998,1000,999,1,36.9198
74460.0000,7446,2955.1720,0.0000,999,999,999,1,36.8266
74470.0000,7447,2955.1778,0.0000,1000,1000,1000,1,36.8079
74480.0000,7448,2955.1836,0.0000,1000,1000,1000,1,36.7151
74490.0000,7449,2955.1896,0.0000,999,999,999,1,36.7705
74500.0000,7450,2955.1955,0.0000,999,1000,1000,1,36.6783
74510.0000,7451,2955.2011,0.0000,1000,999,1000,1,36.5863
74520.0000,7452,2955.2070,0.0000,1000,1000,1000,1,36.5680
74530.0000,7453,2955.2129,0.0000,999,1000,1000,1,36.6973
74540.0000,7454,2955.2188,0.0000,1000,1000,1000,1,36.7526
74550.0000,7455,2955.2246,0.0000,999,999,999,1,36.7339
74560.0000,7456,2955.2304,0.0000,1000,999,1000,1,36.7153
74570.0000,7457,2955.2360,0.0000,998,998,998,1,36.3286
74580.0000,7458,2955.2416,0.0000,1000,998,1000,1,36.2373
74590.0000,7459,2955.2472,0.0000,998,998,1000,1,35.9261
74600.0000,7460,2955.2531,0.0000,999,1000,1000,1,35.9087
74610.0000,7461,2955.2590,0.0000,1000,1000,1000,1,36.0379
74620.0000,7462,2955.2649,0.0000,999,1000,1000,1,36.1671
74630.0000,7463,2955.2706,0.0000,1000,1000,999,1,36.1491
74640.0000,7464,2955.2765,0.0000,1000,1000,1000,1,36.2783
74650.0000,7465,2955.2824,0.0000,1000,1000,1000,1,36.3336
74660.0000,7466,2955.2883,0.0000,999,1000,1000,1,36.4627
74670.0000,7467,2955.2943,0.0000,1000,1000,1000,1,36.5182
74680.0000,7468,2955.3000,0.0000,999,999,999,1,36.3533
74690.0000,7469,2955.3059,0.0000,999,1000,1000,1,36.4823
74700.0000,7470,2955.3119,0.0000,999,1000,1000,1,36.6113
74710.0000,7471,2955.3177,0.0000,999,1000,1000,1,36.5932
74720.0000,7472,2955.3235,0.0000,1000,999,999,1,36.5016
74730.0000,7473,2955.3294,0.0000,1000,1000,1000,1,36.6305
74740.0000,7474,2955.3351,0.0000,999,1000,1000,1,36.5394
74750.0000,7475,2955.3409,0.0000,998,1000,1000,1,36.5219
74760.0000,7476,2955.3467,0.0000,998,998,999,1,36.4312
74770.0000,7477,2955.3524,0.0000,999,1000,1000,1,36.2679
74780.0000,7478,2955.3582,0.0000,1000,1000,1000,1,36.3237
74790.0000,7479,2955.3639,0.0000,1000,1000,1000,1,36.3063
74800.0000,7480,2955.3698,0.0000,1000,999,999,1,36.2889
74810.0000,7481,2955.3756,0.0000,999,999,1000,1,36.1995
74820.0000,7482,2955.3814,0.0000,999,999,1000,1,36.1829
74830.0000,7483,2955.3872,0.0000,999,1000,1000,1,36.1663
74840.0000,7484,2955.3930,0.0000,999,1000,1000,1,36.2223
74850.0000,7485,2955.3988,0.0000,1000,1000,1000,1,36.2053
74860.0000,7486,2955.4046,0.0000,999,1000,1000,1,36.2612
74870.0000,7487,2955.4104,0.0000,999,1000,1000,1,36.3169
74880.0000,7488,2955.4161,0.0000,999,999,1000,1,36.2996
74890.0000,7489,2955.4218,0.0000,999,1000,1000,1,36.2821
74900.0000,7490,2955.4277,0.0000,999,1000,1000,1,36.4107
74910.0000,7491,2955.4335,0.0000,1000,1000,1000,1,36.4661
74920.0000,7492,2955.4394,0.0000,999,999,1000,1,36.5214
74930.0000,7493,2955.4452,0.0000,999,1000,1000,1,36.5767
74940.0000,7494,2955.4508,0.0000,1000,1000,1000,1,36.5585
74950.0000,7495,2955.4565,0.0000,999,1000,1000,1,36.5402
74960.0000,7496,2955.4622,0.0000,999,999,999,1,36.5218
74970.0000,7497,2955.4679,0.0000,999,999,1000,1,36.5034
74980.0000,7498,2955.4738,0.0000,1000,1000,1000,1,36.6319
74990.0000,7499,2955.4796,0.0000,1000,1000,999,1,36.5397
75000.0000,7500,2955.4854,0.0000,1000,1000,1000,1,36.5947
75010.0000,7501,2955.4913,0.0000,1000,1000,1000,1,36.7231
75020.0000,7502,2955.4971,0.0000,1000,1000,1000,1,36.7778
75030.0000,7503,2955.5029,0.0000,1000,1000,1000,1,36.7589
75040.0000,7504,2955.5087,0.0000,999,999,999,1,36.8136
75050.0000,7505,2955.5142,0.0000,999,999,1000,1,36.6478
75060.0000,7506,2955.5196,0.0000,999,999,1000,1,36.2629
75070.0000,7507,2955.5255,0.0000,1000,1000,1000,1,36.2451
75080.0000,7508,2955.5313,0.0000,1000,1000,1000,1,36.3003
75090.0000,7509,2955.5370,0.0000,999,999,1000,1,36.4286
75100.0000,7510,2955.5429,0.0000,1000,1000,1000,1,36.5569
75110.0000,7511,2955.5488,0.0000,1000,1000,1000,1,36.6852
75120.0000,7512,2955.5547,0.0000,1000,1000,1000,1,36.8134
75130.0000,7513,2955.5605,0.0000,999,999,1000,1,36.9416
75140.0000,7514,2955.5661,0.0000,999,1000,1000,1,36.7750
75150.0000,7515,2955.5718,0.0000,1000,999,1000,1,36.7563
75160.0000,7516,2955.5775,0.0000,1000,999,1000,1,36.7374
75170.0000,7517,2955.5833,0.0000,999,1000,1000,1,36.7920
75180.0000,7518,2955.5891,0.0000,999,999,1000,1,36.8465
75190.0000,7519,2955.5949,0.0000,1000,1000,1000,1,36.9010
75200.0000,7520,2955.6007,0.0000,999,999,1000,1,36.9553
75210.0000,7521,2955.6062,0.0000,1000,1000,1000,1,36.7899
75220.0000,7522,2955.6120,0.0000,999,1000,1000,1,36.7715
75230.0000,7523,2955.6177,0.0000,999,999,1000,1,36.8264
75240.0000,7524,2955.6234,0.0000,999,1000,1000,1,36.8081
75250.0000,7525,2955.6292,0.0000,998,999,999,1,36.8628
75260.0000,7526,2955.6349,0.0000,999,999,999,1,36.7717
75270.0000,7527,2955.6406,0.0000,999,1000,1000,1,36.8268
75280.0000,7528,2955.6464,0.0000,1000,1000,1000,1,36.8089
75290.0000,7529,2955.6521,0.0000,999,1000,1000,1,36.8638
75300.0000,7530,2955.6579,0.0000,1000,999,1000,1,36.6999
75310.0000,7531,2955.6635,0.0000,999,1000,1000,1,36.7549
75320.0000,7532,2955.6691,0.0000,999,999,1000,1,36.6642
75330.0000,7533,2955.6749,0.0000,999,999,1000,1,36.7193
75340.0000,7534,2955.6807,0.0000,999,999,1000,1,36.8472
75350.0000,7535,2955.6864,0.0000,999,1000,999,1,36.9020
75360.0000,7536,2955.6923,0.0000,999,1000,1000,1,37.0298
75370.0000,7537,2955.6980,0.0000,999,1000,1000,1,37.0844
75380.0000,7538,2955.7036,0.0000,999,999,999,1,37.0656
75390.0000,7539,2955.7090,0.0000,999,1000,998,1,36.9014
75400.0000,7540,2955.7144,0.0000,999,998,998,1,36.9559
75410.0000,7541,2955.7200,0.0000,999,1000,1000,1,37.0106
75420.0000,7542,2955.7257,0.0000,998,1000,1000,1,36.9926
75430.0000,7543,2955.7314,0.0000,1000,1000,1000,1,37.0475
75440.0000,7544,2955.7369,0.0000,999,999,1000,1,36.9564
75450.0000,7545,2955.7427,0.0000,1000,1000,1000,1,36.9380
75460.0000,7546,2955.7484,0.0000,999,999,1000,1,36.9926
75470.0000,7547,2955.7541,0.0000,999,1000,1000,1,37.1202
75480.0000,7548,2955.7599,0.0000,999,1000,1000,1,37.2478
75490.0000,7549,2955.7656,0.0000,1000,1000,1000,1,37.2288
75500.0000,7550,2955.7714,0.0000,999,1000,1000,1,37.2830
75510.0000,7551,2955.7770,0.0000,999,1000,1000,1,37.3371
75520.0000,7552,2955.7827,0.0000,999,1000,1000,1,37.4646
75530.0000,7553,2955.7884,0.0000,1000,999,1000,1,37.3714
75540.0000,7554,2955.7942,0.0000,1000,1000,1000,1,37.4988
75550.0000,7555,2955.7999,0.0000,999,999,1000,1,37.5526
75560.0000,7556,2955.8054,0.0000,1000,998,1000,1,37.5328
75570.0000,7557,2955.8111,0.0000,999,999,1000,1,37.5132
75580.0000,7558,2955.8168,0.0000,999,1000,1000,1,37.4935
75590.0000,7559,2955.8224,0.0000,998,1000,999,1,37.4735
75600.0000,7560,2955.8280,0.0000,998,998,999,1,37.4539
75610.0000,7561,2955.8334,0.0000,999,999,1000,1,37.3612
75620.0000,7562,2955.8390,0.0000,999,999,999,1,36.9767
75630.0000,7563,2955.8446,0.0000,999,999,999,1,36.9580
75640.0000,7564,2955.8502,0.0000,999,1000,1000,1,36.9393
75650.0000,7565,2955.8559,0.0000,999,1000,1000,1,36.9935
75660.0000,7566,2955.8615,0.0000,998,999,999,1,36.9745
75670.0000,7567,2955.8672,0.0000,999,999,1000,1,37.1018
75680.0000,7568,2955.8729,0.0000,1000,1000,1000,1,37.1557
75690.0000,7569,2955.8786,0.0000,1000,999,1000,1,37.2830
75700.0000,7570,2955.8843,0.0000,998,999,1000,1,37.1895
75710.0000,7571,2955.8898,0.0000,999,1000,1000,1,37.0229
75720.0000,7572,2955.8956,0.0000,1000,999,1000,1,37.1501
75730.0000,7573,2955.9011,0.0000,1000,1000,1000,1,37.0568
75740.0000,7574,2955.9067,0.0000,1000,999,1000,1,36.9635
75750.0000,7575,2955.9124,0.0000,998,998,999,1,36.9436
75760.0000,7576,2955.9180,0.0000,999,999,1000,1,36.9239
75770.0000,7577,2955.9235,0.0000,999,998,1000,1,36.9041
75780.0000,7578,2955.9290,0.0000,999,999,1000,1,36.8112
75790.0000,7579,2955.9346,0.0000,999,1000,1000,1,36.6469
75800.0000,7580,2955.9401,0.0000,999,1000,999,1,36.6289
75810.0000,7581,2955.9459,0.0000,1000,1000,1000,1,36.7559
75820.0000,7582,2955.9515,0.0000,999,999,1000,1,36.8104
75830.0000,7583,2955.9569,0.0000,1000,1000,1000,1,36.5760
75840.0000,7584,2955.9626,0.0000,999,1000,1000,1,36.5590
75850.0000,7585,2955.9681,0.0000,998,999,999,1,36.3982
75860.0000,7586,2955.9736,0.0000,999,1000,1000,1,36.2384
75870.0000,7587,2955.9792,0.0000,999,999,1000,1,36.3654
75880.0000,7588,2955.9848,0.0000,999,1000,1000,1,36.2056
75890.0000,7589,2955.9904,0.0000,999,1000,1000,1,36.1894
75900.0000,7590,2955.9960,0.0000,999,999,999,1,36.1731
75910.0000,7591,2956.0014,0.0000,1000,1000,1000,1,36.0134
75920.0000,7592,2956.0069,0.0000,998,1000,1000,1,35.9971
75930.0000,7593,2956.0127,0.0000,1000,1000,1000,1,36.1240
75940.0000,7594,2956.0183,0.0000,1000,1000,1000,1,36.0357
75950.0000,7595,2956.0240,0.0000,1000,1000,1000,1,36.0908
75960.0000,7596,2956.0296,0.0000,999,1000,1000,1,36.0021
75970.0000,7597,2956.0354,0.0000,1000,1000,1000,1,36.0572
75980.0000,7598,2956.0410,0.0000,999,1000,1000,1,35.9685
75990.0000,7599,2956.0467,0.0000,1000,1000,1000,1,36.0953
76000.0000,7600,2956.0523,0.0000,998,999,999,1,36.0782
76010.0000,7601,2956.0578,0.0000,999,999,999,1,35.9177
76020.0000,7602,2956.0635,0.0000,1000,1000,1000,1,36.0445
76030.0000,7603,2956.0690,0.0000,1000,1000,999,1,35.9555
76040.0000,7604,2956.0747,0.0000,999,1000,1000,1,36.0823
76050.0000,7605,2956.0804,0.0000,1000,999,999,1,36.0649
76060.0000,7606,2956.0859,0.0000,1000,1000,1000,1,35.8333
76070.0000,7607,2956.0916,0.0000,999,1000,1000,1,35.9600
76080.0000,7608,2956.0972,0.0000,999,999,1000,1,35.8723
76090.0000,7609,2956.1028,0.0000,1000,1000,1000,1,35.8564
76100.0000,7610,2956.1084,0.0000,1000,1000,1000,1,35.9119
76110.0000,7611,2956.1138,0.0000,999,998,1000,1,35.6828
76120.0000,7612,2956.1192,0.0000,999,1000,999,1,35.5966
76130.0000,7613,2956.1249,0.0000,1000,1000,1000,1,35.6522
76140.0000,7614,2956.1304,0.0000,999,1000,1000,1,35.7078
76150.0000,7615,2956.1361,0.0000,999,999,1000,1,35.8344
76160.0000,7616,2956.1417,0.0000,999,999,1000,1,35.8186
76170.0000,7617,2956.1473,0.0000,1000,999,1000,1,35.7315
76180.0000,7618,2956.1530,0.0000,1000,1000,1000,1,35.7868
76190.0000,7619,2956.1586,0.0000,999,999,1000,1,35.8421
76200.0000,7620,2956.1643,0.0000,999,1000,1000,1,35.8261
76210.0000,7621,2956.1696,0.0000,999,1000,1000,1,35.4555
76220.0000,7622,2956.1753,0.0000,999,999,999,1,35.5112
76230.0000,7623,2956.1807,0.0000,999,1000,1000,1,35.4958
76240.0000,7624,2956.1863,0.0000,999,999,999,1,35.2681
76250.0000,7625,2956.1919,0.0000,999,1000,1000,1,35.3238
76260.0000,7626,2956.1974,0.0000,1000,1000,999,1,35.3794
76270.0000,7627,2956.2029,0.0000,998,999,999,1,35.2226
76280.0000,7628,2956.2084,0.0000,1000,1000,1000,1,35.2785
76290.0000,7629,2956.2141,0.0000,1000,1000,1000,1,35.4049
76300.0000,7630,2956.2197,0.0000,1000,999,1000,1,35.4604
76310.0000,7631,2956.2252,0.0000,999,1000,1000,1,35.3744
76320.0000,7632,2956.2306,0.0000,997,998,998,1,35.2885
76330.0000,7633,2956.2356,0.0000,999,999,999,1,35.2028
76340.0000,7634,2956.2410,0.0000,997,998,998,1,35.0469
76350.0000,7635,2956.2464,0.0000,999,999,1000,1,35.0323
76360.0000,7636,2956.2519,0.0000,999,999,1000,1,35.0883
76370.0000,7637,2956.2576,0.0000,998,999,999,1,35.1441
76380.0000,7638,2956.2631,0.0000,1000,1000,1000,1,35.1996
76390.0000,7639,2956.2687,0.0000,1000,1000,1000,1,35.3259
76400.0000,7640,2956.2743,0.0000,999,999,1000,1,35.4522
76410.0000,7641,2956.2799,0.0000,1000,1000,1000,1,35.4365
76420.0000,7642,2956.2855,0.0000,999,1000,999,1,35.4205
76430.0000,7643,2956.2911,0.0000,999,999,1000,1,35.3340
76440.0000,7644,2956.2966,0.0000,999,1000,1000,1,35.3188
76450.0000,7645,2956.3020,0.0000,998,1000,1000,1,35.3037
76460.0000,7646,2956.3074,0.0000,1000,1000,1000,1,35.0772
76470.0000,7647,2956.3129,0.0000,999,1000,1000,1,35.0624
76480.0000,7648,2956.3185,0.0000,999,999,1000,1,35.1182
76490.0000,7649,2956.3240,0.0000,999,1000,1000,1,35.1034
76500.0000,7650,2956.3296,0.0000,1000,1000,1000,1,35.2295
76510.0000,7651,2956.3349,0.0000,999,999,1000,1,35.0736
76520.0000,7652,2956.3405,0.0000,999,999,1000,1,35.1997
76530.0000,7653,2956.3460,0.0000,1000,1000,1000,1,35.2553
76540.0000,7654,2956.3513,0.0000,997,997,997,1,35.0282
76550.0000,7655,2956.3567,0.0000,999,1000,1000,1,35.1542
76560.0000,7656,2956.3623,0.0000,1000,1000,1000,1,35.2095
76570.0000,7657,2956.3679,0.0000,999,1000,999,1,35.1944
76580.0000,7658,2956.3733,0.0000,999,999,1000,1,35.0384
76590.0000,7659,2956.3788,0.0000,1000,1000,1000,1,34.8830
76600.0000,7660,2956.3843,0.0000,1000,999,1000,1,34.9388
76610.0000,7661,2956.3897,0.0000,999,999,999,1,34.7851
76620.0000,7662,2956.3952,0.0000,1000,1000,1000,1,34.7017
76630.0000,7663,2956.4007,0.0000,1000,1000,1000,1,34.6880
76640.0000,7664,2956.4063,0.0000,1000,999,1000,1,34.7441
76650.0000,7665,2956.4117,0.0000,1000,1000,1000,1,34.4513
76660.0000,7666,2956.4171,0.0000,999,1000,1000,1,34.4379
76670.0000,7667,2956.4227,0.0000,1000,1000,1000,1,34.4246
76680.0000,7668,2956.4282,0.0000,1000,1000,1000,1,34.4111
76690.0000,7669,2956.4335,0.0000,999,999,1000,1,34.2581
76700.0000,7670,2956.4391,0.0000,999,1000,1000,1,34.3840
76710.0000,7671,2956.4446,0.0000,998,1000,1000,1,34.4400
76720.0000,7672,2956.4500,0.0000,999,1000,999,1,34.3571
76730.0000,7673,2956.4556,0.0000,999,1000,1000,1,34.4830
76740.0000,7674,2956.4610,0.0000,1000,1000,999,1,34.4695
76750.0000,7675,2956.4666,0.0000,999,999,1000,1,34.4564
76760.0000,7676,2956.4722,0.0000,1000,1000,1000,1,34.5127
76770.0000,7677,2956.4778,0.0000,999,1000,1000,1,34.5689
76780.0000,7678,2956.4832,0.0000,1000,1000,1000,1,34.4864
76790.0000,7679,2956.4887,0.0000,998,999,999,1,34.4734
76800.0000,7680,2956.4942,0.0000,1000,1000,1000,1,34.5297
76810.0000,7681,2956.4998,0.0000,1000,1000,1000,1,34.5861
76820.0000,7682,2956.5053,0.0000,999,999,999,1,34.6422
76830.0000,7683,2956.5108,0.0000,1000,1000,1000,1,34.6982
76840.0000,7684,2956.5163,0.0000,999,1000,1000,1,34.6846
76850.0000,7685,2956.5218,0.0000,999,999,1000,1,34.6717
76860.0000,7686,2956.5273,0.0000,1000,1000,1000,1,34.5898
76870.0000,7687,2956.5326,0.0000,1000,1000,1000,1,34.5078
76880.0000,7688,2956.5382,0.0000,999,999,999,1,34.4950
76890.0000,7689,2956.5437,0.0000,1000,999,1000,1,34.5513
76900.0000,7690,2956.5492,0.0000,999,999,1000,1,34.6075
76910.0000,7691,2956.5548,0.0000,1000,1000,1000,1,34.6636
76920.0000,7692,2956.5604,0.0000,1000,1000,1000,1,34.7891
76930.0000,7693,2956.5660,0.0000,1000,1000,1000,1,34.9146
76940.0000,7694,2956.5715,0.0000,999,1000,1000,1,34.8314
76950.0000,7695,2956.5770,0.0000,1000,1000,1000,1,34.7482
76960.0000,7696,2956.5826,0.0000,999,1000,1000,1,34.8737
76970.0000,7697,2956.5882,0.0000,999,1000,1000,1,34.9990
76980.0000,7698,2956.5937,0.0000,999,999,1000,1,35.0546
76990.0000,7699,2956.5991,0.0000,1000,1000,1000,1,35.0403
77000.0000,7700,2956.6047,0.0000,999,1000,1000,1,35.1657
77010.0000,7701,2956.6102,0.0000,999,1000,1000,1,35.2909
77020.0000,7702,2956.6157,0.0000,999,1000,1000,1,35.2765
77030.0000,7703,2956.6213,0.0000,1000,1000,1000,1,35.4017
77040.0000,7704,2956.6267,0.0000,999,1000,1000,1,35.2478
77050.0000,7705,2956.6323,0.0000,1000,999,1000,1,35.3730
77060.0000,7706,2956.6377,0.0000,1000,999,1000,1,35.4283
77070.0000,7707,2956.6432,0.0000,998,999,1000,1,35.4136
77080.0000,7708,2956.6487,0.0000,1000,1000,1000,1,35.4688
77090.0000,7709,2956.6540,0.0000,999,998,998,1,35.4538
77100.0000,7710,2956.6594,0.0000,1000,998,999,1,35.2995
77110.0000,7711,2956.6648,0.0000,999,1000,1000,1,35.0760
77120.0000,7712,2956.6703,0.0000,999,999,1000,1,35.1316
77130.0000,7713,2956.6757,0.0000,1000,1000,1000,1,35.1177
77140.0000,7714,2956.6813,0.0000,999,999,1000,1,35.2428
77150.0000,7715,2956.6867,0.0000,999,1000,1000,1,35.2284
77160.0000,7716,2956.6920,0.0000,998,1000,1000,1,35.0756
77170.0000,7717,2956.6975,0.0000,1000,1000,1000,1,35.1313
77180.0000,7718,2956.7030,0.0000,999,1000,1000,1,35.1869
77190.0000,7719,2956.7085,0.0000,1000,1000,1000,1,35.3119
77200.0000,7720,2956.7140,0.0000,1000,1000,1000,1,35.2978
77210.0000,7721,2956.7195,0.0000,999,999,1000,1,35.4228
77220.0000,7722,2956.7248,0.0000,999,999,1000,1,35.4086
77230.0000,7723,2956.7302,0.0000,1000,1000,1000,1,35.3248
77240.0000,7724,2956.7357,0.0000,1000,999,1000,1,35.2412
77250.0000,7725,2956.7410,0.0000,1000,1000,1000,1,35.2270
77260.0000,7726,2956.7465,0.0000,1000,1000,1000,1,35.2129
77270.0000,7727,2956.7520,0.0000,1000,1000,1000,1,35.2681
77280.0000,7728,2956.7574,0.0000,999,1000,1000,1,35.2536
77290.0000,7729,2956.7629,0.0000,999,1000,999,1,35.3086
77300.0000,7730,2956.7683,0.0000,999,999,1000,1,35.3636
77310.0000,7731,2956.7738,0.0000,1000,1000,1000,1,35.4186
77320.0000,7732,2956.7791,0.0000,999,999,1000,1,35.4735
77330.0000,7733,2956.7845,0.0000,1000,1000,1000,1,35.4586
77340.0000,7734,2956.7900,0.0000,999,1000,1000,1,35.5134
77350.0000,7735,2956.7952,0.0000,999,1000,998,1,35.1485
77360.0000,7736,2956.8005,0.0000,999,1000,999,1,34.9944
77370.0000,7737,2956.8059,0.0000,999,1000,1000,1,35.1191
77380.0000,7738,2956.8114,0.0000,999,1000,1000,1,35.1044
77390.0000,7739,2956.8167,0.0000,1000,999,1000,1,34.9508
77400.0000,7740,2956.8222,0.0000,999,1000,1000,1,35.0059
77410.0000,7741,2956.8276,0.0000,1000,999,1000,1,35.0608
77420.0000,7742,2956.8330,0.0000,999,999,1000,1,35.1157
77430.0000,7743,2956.8382,0.0000,1000,1000,1000,1,34.9614
77440.0000,7744,2956.8436,0.0000,1000,1000,1000,1,35.0165
77450.0000,7745,2956.8490,0.0000,1000,1000,1000,1,35.0714
77460.0000,7746,2956.8545,0.0000,999,1000,1000,1,35.1960
77470.0000,7747,2956.8600,0.0000,999,1000,1000,1,35.3206
77480.0000,7748,2956.8655,0.0000,1000,999,1000,1,35.3752
77490.0000,7749,2956.8710,0.0000,1000,1000,1000,1,35.3600
77500.0000,7750,2956.8764,0.0000,999,1000,1000,1,35.4146
77510.0000,7751,2956.8818,0.0000,1000,1000,1000,1,35.3990
77520.0000,7752,2956.8872,0.0000,999,1000,1000,1,35.4535
77530.0000,7753,2956.8925,0.0000,998,999,999,1,35.2985
77540.0000,7754,2956.8978,0.0000,999,999,999,1,35.3530
77550.0000,7755,2956.9033,0.0000,1000,1000,1000,1,35.4774
77560.0000,7756,2956.9087,0.0000,999,1000,1000,1,35.5318
77570.0000,7757,2956.9139,0.0000,998,1000,1000,1,35.4463
77580.0000,7758,2956.9188,0.0000,998,999,1000,1,35.2207
77590.0000,7759,2956.9241,0.0000,999,1000,1000,1,35.1349
77600.0000,7760,2956.9294,0.0000,999,999,1000,1,35.0493
77610.0000,7761,2956.9347,0.0000,1000,999,999,1,34.9640
77620.0000,7762,2956.9401,0.0000,999,1000,1000,1,35.0184
77630.0000,7763,2956.9454,0.0000,1000,1000,1000,1,34.9327
77640.0000,7764,2956.9508,0.0000,999,999,999,1,34.9170
77650.0000,7765,2956.9561,0.0000,999,1000,1000,1,35.0413
77660.0000,7766,2956.9616,0.0000,1000,1000,1000,1,35.1656
77670.0000,7767,2956.9667,0.0000,999,999,998,1,35.0809
77680.0000,7768,2956.9720,0.0000,1000,1000,1000,1,35.1353
77690.0000,7769,2956.9774,0.0000,1000,1000,1000,1,35.1900
77700.0000,7770,2956.9828,0.0000,999,999,1000,1,35.3141
77710.0000,7771,2956.9882,0.0000,1000,999,1000,1,35.2990
77720.0000,7772,2956.9936,0.0000,1000,1000,1000,1,35.2839
77730.0000,7773,2956.9990,0.0000,1000,1000,999,1,35.3384
77740.0000,7774,2957.0043,0.0000,999,999,999,1,35.3231
77750.0000,7775,2957.0096,0.0000,999,999,1000,1,35.3076
77760.0000,7776,2957.0150,0.0000,1000,1000,1000,1,35.3621
77770.0000,7777,2957.0205,0.0000,1000,1000,1000,1,35.4164
77780.0000,7778,2957.0258,0.0000,1000,1000,1000,1,35.4705
77790.0000,7779,2957.0313,0.0000,1000,1000,1000,1,35.5945
77800.0000,7780,2957.0367,0.0000,999,999,1000,1,35.5783
77810.0000,7781,2957.0421,0.0000,999,1000,1000,1,35.7022
77820.0000,7782,2957.0474,0.0000,1000,1000,1000,1,35.6166
77830.0000,7783,2957.0527,0.0000,998,999,999,1,35.5307
77840.0000,7784,2957.0579,0.0000,1000,1000,1000,1,35.5150
77850.0000,7785,2957.0633,0.0000,1000,1000,1000,1,35.6389
77860.0000,7786,2957.0687,0.0000,999,1000,1000,1,35.7628
77870.0000,7787,2957.0741,0.0000,998,998,999,1,35.6766
77880.0000,7788,2957.0794,0.0000,1000,1000,1000,1,35.6605
77890.0000,7789,2957.0847,0.0000,998,999,999,1,35.5743
77900.0000,7790,2957.0900,0.0000,999,1000,1000,1,35.4882
77910.0000,7791,2957.0953,0.0000,999,1000,1000,1,35.5419
77920.0000,7792,2957.1006,0.0000,1000,1000,1000,1,35.5257
77930.0000,7793,2957.1060,0.0000,999,999,1000,1,35.6495
77940.0000,7794,2957.1113,0.0000,998,1000,999,1,35.4929
77950.0000,7795,2957.1163,0.0000,998,998,998,1,35.3370
77960.0000,7796,2957.1216,0.0000,999,999,999,1,35.3908
77970.0000,7797,2957.1269,0.0000,1000,999,1000,1,35.4446
77980.0000,7798,2957.1322,0.0000,1000,999,999,1,35.4283
77990.0000,7799,2957.1374,0.0000,1000,1000,1000,1,35.4119
78000.0000,7800,2957.1428,0.0000,1000,1000,1000,1,35.3957
78010.0000,7801,2957.1482,0.0000,1000,1000,1000,1,35.4493
78020.0000,7802,2957.1535,0.0000,999,999,999,1,35.1523
78030.0000,7803,2957.1588,0.0000,999,1000,1000,1,35.1359
78040.0000,7804,2957.1642,0.0000,999,1000,1000,1,35.2595
78050.0000,7805,2957.1696,0.0000,999,1000,1000,1,35.2430
78060.0000,7806,2957.1749,0.0000,999,1000,1000,1,35.3666
78070.0000,7807,2957.1803,0.0000,999,999,1000,1,35.2796
78080.0000,7808,2957.1854,0.0000,999,999,1000,1,35.1925
78090.0000,7809,2957.1906,0.0000,998,998,999,1,35.0358
78100.0000,7810,2957.1958,0.0000,997,998,998,1,34.9499
78110.0000,7811,2957.2005,0.0000,998,999,1000,1,34.9340
78120.0000,7812,2957.2057,0.0000,998,999,1000,1,34.8484
78130.0000,7813,2957.2111,0.0000,999,1000,1000,1,34.8326
78140.0000,7814,2957.2165,0.0000,999,999,1000,1,34.9562
78150.0000,7815,2957.2216,0.0000,1000,1000,1000,1,34.9400
78160.0000,7816,2957.2270,0.0000,999,999,999,1,34.9936
78170.0000,7817,2957.2324,0.0000,999,1000,1000,1,35.1170
78180.0000,7818,2957.2375,0.0000,998,999,999,1,35.0302
78190.0000,7819,2957.2424,0.0000,1000,1000,1000,1,34.9434
78200.0000,7820,2957.2478,0.0000,999,1000,1000,1,35.0668
78210.0000,7821,2957.2531,0.0000,1000,1000,1000,1,35.1201
78220.0000,7822,2957.2585,0.0000,1000,1000,1000,1,35.2434
78230.0000,7823,2957.2638,0.0000,1000,1000,1000,1,35.2262
78240.0000,7824,2957.2692,0.0000,999,999,1000,1,35.2792
78250.0000,7825,2957.2745,0.0000,1000,1000,1000,1,35.3322
78260.0000,7826,2957.2798,0.0000,1000,1000,1000,1,35.2446
78270.0000,7827,2957.2851,0.0000,999,999,1000,1,35.2975
78280.0000,7828,2957.2904,0.0000,1000,1000,1000,1,35.3503
78290.0000,7829,2957.2958,0.0000,999,999,999,1,35.4030
78300.0000,7830,2957.3011,0.0000,1000,1000,1000,1,35.4557
78310.0000,7831,2957.3064,0.0000,999,999,1000,1,35.5082
78320.0000,7832,2957.3118,0.0000,999,1000,1000,1,35.4899
78330.0000,7833,2957.3171,0.0000,999,999,1000,1,35.4715
78340.0000,7834,2957.3224,0.0000,1000,1000,1000,1,35.4531
78350.0000,7835,2957.3275,0.0000,998,1000,1000,1,35.2227
78360.0000,7836,2957.3326,0.0000,1000,999,999,1,34.9938
78370.0000,7837,2957.3378,0.0000,999,1000,1000,1,34.9059
78380.0000,7838,2957.3429,0.0000,1000,1000,999,1,34.8180
78390.0000,7839,2957.3483,0.0000,999,999,999,1,34.8707
78400.0000,7840,2957.3536,0.0000,1000,1000,1000,1,34.9938
78410.0000,7841,2957.3589,0.0000,1000,1000,1000,1,35.1169
78420.0000,7842,2957.3642,0.0000,999,1000,1000,1,35.1692
78430.0000,7843,2957.3695,0.0000,998,999,999,1,35.0803
78440.0000,7844,2957.3747,0.0000,999,999,999,1,35.0619
78450.0000,7845,2957.3799,0.0000,999,999,1000,1,35.0435
78460.0000,7846,2957.3853,0.0000,1000,1000,1000,1,35.1665
78470.0000,7847,2957.3906,0.0000,999,1000,1000,1,35.2186
78480.0000,7848,2957.3959,0.0000,999,999,1000,1,35.2707
78490.0000,7849,2957.4011,0.0000,998,999,999,1,35.1818
78500.0000,7850,2957.4062,0.0000,999,999,1000,1,35.0230
78510.0000,7851,2957.4114,0.0000,999,1000,1000,1,35.0754
78520.0000,7852,2957.4165,0.0000,1000,999,999,1,34.9170
78530.0000,7853,2957.4219,0.0000,999,1000,1000,1,35.0399
78540.0000,7854,2957.4270,0.0000,999,1000,1000,1,35.0219
78550.0000,7855,2957.4322,0.0000,999,1000,999,1,35.0744
78560.0000,7856,2957.4375,0.0000,1000,1000,1000,1,35.1269
78570.0000,7857,2957.4428,0.0000,1000,1000,1000,1,35.2497
78580.0000,7858,2957.4481,0.0000,1000,1000,1000,1,35.3020
78590.0000,7859,2957.4533,0.0000,1000,1000,1000,1,35.2837
78600.0000,7860,2957.4586,0.0000,998,999,999,1,35.3357
78610.0000,7861,2957.4637,0.0000,1000,1000,999,1,35.3170
78620.0000,7862,2957.4690,0.0000,999,999,1000,1,35.2273
78630.0000,7863,2957.4743,0.0000,999,999,1000,1,35.3500
78640.0000,7864,2957.4794,0.0000,1000,1000,1000,1,35.1188
78650.0000,7865,2957.4847,0.0000,999,999,999,1,35.1706
78660.0000,7866,2957.4900,0.0000,1000,1000,1000,1,35.2223
78670.0000,7867,2957.4953,0.0000,999,1000,1000,1,35.2739
78680.0000,7868,2957.5004,0.0000,999,999,1000,1,35.2543
78690.0000,7869,2957.5055,0.0000,1000,998,999,1,35.2345
78700.0000,7870,2957.5108,0.0000,1000,1000,1000,1,35.3571
78710.0000,7871,2957.5160,0.0000,1000,1000,999,1,35.3370
78720.0000,7872,2957.5213,0.0000,999,999,1000,1,35.4595
78730.0000,7873,2957.5266,0.0000,1000,1000,1000,1,35.5105
78740.0000,7874,2957.5318,0.0000,998,998,999,1,35.4897
78750.0000,7875,2957.5368,0.0000,1000,1000,1000,1,35.3971
78760.0000,7876,2957.5421,0.0000,999,1000,1000,1,35.3772
78770.0000,7877,2957.5474,0.0000,1000,1000,1000,1,35.4283
78780.0000,7878,2957.5525,0.0000,1000,1000,1000,1,35.3370
78790.0000,7879,2957.5577,0.0000,999,1000,1000,1,35.3881
78800.0000,7880,2957.5629,0.0000,999,1000,1000,1,35.3680
78810.0000,7881,2957.5682,0.0000,998,998,998,1,35.3477
78820.0000,7882,2957.5734,0.0000,1000,1000,1000,1,35.3988
78830.0000,7883,2957.5786,0.0000,999,999,1000,1,35.4497
78840.0000,7884,2957.5838,0.0000,999,1000,1000,1,35.2870
78850.0000,7885,2957.5889,0.0000,999,999,1000,1,35.1959
78860.0000,7886,2957.5940,0.0000,999,999,1000,1,35.0342
78870.0000,7887,2957.5993,0.0000,1000,1000,1000,1,35.1565
78880.0000,7888,2957.6046,0.0000,999,1000,1000,1,35.2076
78890.0000,7889,2957.6098,0.0000,1000,1000,1000,1,35.1876
78900.0000,7890,2957.6151,0.0000,1000,1000,1000,1,35.3099
78910.0000,7891,2957.6204,0.0000,1000,1000,1000,1,35.3607
78920.0000,7892,2957.6255,0.0000,1000,1000,1000,1,35.3400
78930.0000,7893,2957.6305,0.0000,998,999,999,1,35.2482
78940.0000,7894,2957.6357,0.0000,1000,999,999,1,35.2282
78950.0000,7895,2957.6409,0.0000,999,1000,999,1,35.2792
78960.0000,7896,2957.6461,0.0000,999,999,1000,1,35.3301
78970.0000,7897,2957.6511,0.0000,999,999,999,1,35.0964
78980.0000,7898,2957.6563,0.0000,1000,1000,1000,1,35.1474
78990.0000,7899,2957.6616,0.0000,1000,1000,1000,1,35.2696
79000.0000,7900,2957.6669,0.0000,1000,1000,1000,1,35.3205
79010.0000,7901,2957.6721,0.0000,999,999,1000,1,35.3002
79020.0000,7902,2957.6771,0.0000,1000,1000,1000,1,34.9957
79030.0000,7903,2957.6824,0.0000,999,1000,1000,1,35.1179
79040.0000,7904,2957.6874,0.0000,1000,1000,1000,1,34.8855
79050.0000,7905,2957.6926,0.0000,1000,999,1000,1,34.9370
79060.0000,7906,2957.6978,0.0000,999,999,1000,1,34.9884
79070.0000,7907,2957.7030,0.0000,999,999,999,1,35.0396
79080.0000,7908,2957.7082,0.0000,998,1000,999,1,35.0205
79090.0000,7909,2957.7134,0.0000,999,999,1000,1,35.1425
79100.0000,7910,2957.7187,0.0000,1000,1000,1000,1,35.2645
79110.0000,7911,2957.7240,0.0000,1000,999,1000,1,35.3156
79120.0000,7912,2957.7292,0.0000,999,1000,1000,1,35.2958
79130.0000,7913,2957.7344,0.0000,1000,1000,1000,1,35.3468
79140.0000,7914,2957.7393,0.0000,999,1000,1000,1,35.3267
79150.0000,7915,2957.7444,0.0000,1000,999,1000,1,35.3069
79160.0000,7916,2957.7496,0.0000,999,999,999,1,35.3577
79170.0000,7917,2957.7548,0.0000,999,1000,1000,1,35.4084
79180.0000,7918,2957.7600,0.0000,999,999,1000,1,35.4590
79190.0000,7919,2957.7652,0.0000,999,1000,1000,1,35.4384
79200.0000,7920,2957.7703,0.0000,1000,1000,1000,1,35.4890
79210.0000,7921,2957.7756,0.0000,1000,1000,1000,1,35.5395
79220.0000,7922,2957.7807,0.0000,999,1000,1000,1,35.5185
79230.0000,7923,2957.7856,0.0000,999,997,1000,1,35.3550
79240.0000,7924,2957.7907,0.0000,999,999,1000,1,35.3342
79250.0000,7925,2957.7960,0.0000,1000,1000,1000,1,35.3847
79260.0000,7926,2957.8011,0.0000,1000,1000,1000,1,35.3641
79270.0000,7927,2957.8063,0.0000,998,998,999,1,35.4146
79280.0000,7928,2957.8114,0.0000,999,1000,1000,1,35.3939
79290.0000,7929,2957.8166,0.0000,1000,999,1000,1,35.3025
79300.0000,7930,2957.8219,0.0000,999,1000,1000,1,35.4242
79310.0000,7931,2957.8270,0.0000,998,998,999,1,35.4747
79320.0000,7932,2957.8321,0.0000,1000,1000,1000,1,35.4542
79330.0000,7933,2957.8372,0.0000,1000,1000,1000,1,35.3629
79340.0000,7934,2957.8424,0.0000,999,999,1000,1,35.3426
79350.0000,7935,2957.8476,0.0000,999,1000,1000,1,35.2517
79360.0000,7936,2957.8528,0.0000,999,999,999,1,35.1618
79370.0000,7937,2957.8580,0.0000,1000,1000,1000,1,35.2130
79380.0000,7938,2957.8631,0.0000,999,1000,1000,1,35.1934
79390.0000,7939,2957.8683,0.0000,999,999,1000,1,35.1739
79400.0000,7940,2957.8735,0.0000,1000,1000,1000,1,35.2251
79410.0000,7941,2957.8787,0.0000,999,999,999,1,35.2062
79420.0000,7942,2957.8838,0.0000,999,999,1000,1,35.1172
79430.0000,7943,2957.8889,0.0000,1000,1000,1000,1,35.0983
79440.0000,7944,2957.8941,0.0000,1000,1000,1000,1,35.2198
79450.0000,7945,2957.8994,0.0000,999,1000,1000,1,35.3412
79460.0000,7946,2957.9045,0.0000,999,999,1000,1,35.3222
79470.0000,7947,2957.9097,0.0000,998,1000,1000,1,35.2332
79480.0000,7948,2957.9148,0.0000,999,1000,1000,1,35.2844
79490.0000,7949,2957.9199,0.0000,999,999,1000,1,35.1952
79500.0000,7950,2957.9249,0.0000,998,1000,1000,1,35.0359
79510.0000,7951,2957.9299,0.0000,998,998,998,1,34.6003
79520.0000,7952,2957.9347,0.0000,998,1000,998,1,34.3765
79530.0000,7953,2957.9397,0.0000,1000,1000,1000,1,34.4291
79540.0000,7954,2957.9449,0.0000,1000,1000,1000,1,34.4819
79550.0000,7955,2957.9501,0.0000,998,999,1000,1,34.4656
79560.0000,7956,2957.9553,0.0000,1000,1000,1000,1,34.5870
79570.0000,7957,2957.9605,0.0000,999,1000,1000,1,34.6394
79580.0000,7958,2957.9656,0.0000,999,1000,1000,1,34.6917
79590.0000,7959,2957.9707,0.0000,998,999,999,1,34.6057
79600.0000,7960,2957.9757,0.0000,999,999,1000,1,34.5204
79610.0000,7961,2957.9808,0.0000,999,1000,999,1,34.5728
79620.0000,7962,2957.9858,0.0000,998,1000,1000,1,34.4876
79630.0000,7963,2957.9908,0.0000,998,999,999,1,34.4713
79640.0000,7964,2957.9959,0.0000,999,1000,1000,1,34.5924
79650.0000,7965,2958.0010,0.0000,998,998,998,1,34.4386
79660.0000,7966,2958.0057,0.0000,999,998,999,1,34.3541
79670.0000,7967,2958.0107,0.0000,1000,1000,1000,1,34.4067
79680.0000,7968,2958.0158,0.0000,999,999,1000,1,34.3221
79690.0000,7969,2958.0207,0.0000,998,999,999,1,34.2375
79700.0000,7970,2958.0257,0.0000,999,1000,1000,1,34.1539
79710.0000,7971,2958.0308,0.0000,1000,1000,1000,1,34.2751
79720.0000,7972,2958.0360,0.0000,1000,1000,1000,1,34.3279
79730.0000,7973,2958.0411,0.0000,999,1000,1000,1,34.3808
79740.0000,7974,2958.0463,0.0000,999,1000,1000,1,34.5019
79750.0000,7975,2958.0515,0.0000,1000,999,1000,1,34.6229
79760.0000,7976,2958.0566,0.0000,999,1000,1000,1,34.7440
79770.0000,7977,2958.0618,0.0000,999,1000,1000,1,34.7277
79780.0000,7978,2958.0667,0.0000,998,999,999,1,34.3011
79790.0000,7979,2958.0716,0.0000,999,1000,1000,1,34.2856
79800.0000,7980,2958.0767,0.0000,1000,999,1000,1,34.3383
79810.0000,7981,2958.0819,0.0000,1000,1000,1000,1,34.4593
79820.0000,7982,2958.0869,0.0000,999,1000,1000,1,34.5117
79830.0000,7983,2958.0921,0.0000,999,1000,1000,1,34.6326
79840.0000,7984,2958.0973,0.0000,1000,1000,1000,1,34.7536
79850.0000,7985,2958.1024,0.0000,999,1000,1000,1,34.8744
79860.0000,7986,2958.1076,0.0000,999,1000,1000,1,34.9953
79870.0000,7987,2958.1127,0.0000,1000,1000,1000,1,35.1161
79880.0000,7988,2958.1178,0.0000,1000,1000,1000,1,35.0297
79890.0000,7989,2958.1229,0.0000,1000,1000,1000,1,35.0814
79900.0000,7990,2958.1280,0.0000,999,999,1000,1,35.1330
79910.0000,7991,2958.1331,0.0000,1000,999,1000,1,35.2537
79920.0000,7992,2958.1382,0.0000,1000,999,1000,1,35.3051
79930.0000,7993,2958.1432,0.0000,999,1000,1000,1,35.2180
79940.0000,7994,2958.1484,0.0000,1000,1000,1000,1,35.2006
79950.0000,7995,2958.1533,0.0000,1000,1000,1000,1,35.1140
79960.0000,7996,2958.1585,0.0000,999,1000,1000,1,35.1657
79970.0000,7997,2958.1636,0.0000,999,1000,1000,1,35.2172
79980.0000,7998,2958.1687,0.0000,1000,1000,1000,1,35.2686
79990.0000,7999,2958.1737,0.0000,998,999,1000,1,35.1812
80000.0000,8000,2958.1786,0.0000,998,999,999,1,35.0940
80010.0000,8001,2958.1836,0.0000,1000,999,1000,1,35.0069
80020.0000,8002,2958.1887,0.0000,1000,1000,1000,1,35.0582
80030.0000,8003,2958.1936,0.0000,998,998,1000,1,34.9017
80040.0000,8004,2958.1982,0.0000,997,997,999,1,34.7455
80050.0000,8005,2958.2030,0.0000,1000,1000,1000,1,34.6587
80060.0000,8006,2958.2081,0.0000,999,1000,999,1,34.7103
80070.0000,8007,2958.2132,0.0000,999,1000,1000,1,34.6242
80080.0000,8008,2958.2182,0.0000,998,999,1000,1,34.6070
80090.0000,8009,2958.2233,0.0000,999,1000,1000,1,34.7275
80100.0000,8010,2958.2284,0.0000,999,999,1000,1,34.7789
80110.0000,8011,2958.2336,0.0000,999,1000,999,1,34.8302
80120.0000,8012,2958.2387,0.0000,999,1000,1000,1,34.9506
80130.0000,8013,2958.2438,0.0000,999,1000,1000,1,35.0711
80140.0000,8014,2958.2490,0.0000,999,999,999,1,35.1219
80150.0000,8015,2958.2539,0.0000,999,999,1000,1,35.0337
80160.0000,8016,2958.2588,0.0000,999,1000,1000,1,34.8758
80170.0000,8017,2958.2638,0.0000,998,999,1000,1,34.7177
80180.0000,8018,2958.2688,0.0000,999,1000,1000,1,34.7685
80190.0000,8019,2958.2739,0.0000,999,999,999,1,34.6800
80200.0000,8020,2958.2789,0.0000,999,1000,1000,1,34.7309
80210.0000,8021,2958.2839,0.0000,998,999,1000,1,34.7819
80220.0000,8022,2958.2888,0.0000,998,999,999,1,34.6259
80230.0000,8023,2958.2937,0.0000,999,999,999,1,34.6082
80240.0000,8024,2958.2985,0.0000,1000,999,1000,1,34.5907
80250.0000,8025,2958.3036,0.0000,1000,1000,1000,1,34.5733
80260.0000,8026,2958.3084,0.0000,999,999,998,1,34.3499
80270.0000,8027,2958.3131,0.0000,998,999,1000,1,34.0585
80280.0000,8028,2958.3182,0.0000,999,1000,1000,1,33.9734
80290.0000,8029,2958.3233,0.0000,999,1000,1000,1,34.0937
80300.0000,8030,2958.3284,0.0000,1000,1000,1000,1,34.0086
80310.0000,8031,2958.3334,0.0000,999,999,999,1,33.9918
80320.0000,8032,2958.3383,0.0000,1000,1000,1000,1,33.9751
80330.0000,8033,2958.3432,0.0000,999,999,1000,1,33.8216
80340.0000,8034,2958.3480,0.0000,999,1000,1000,1,33.5331
80350.0000,8035,2958.3531,0.0000,1000,1000,1000,1,33.6534
80360.0000,8036,2958.3580,0.0000,999,998,999,1,33.6374
80370.0000,8037,2958.3626,0.0000,999,999,999,1,33.4189
80380.0000,8038,2958.3676,0.0000,998,1000,999,1,33.4715
80390.0000,8039,2958.3725,0.0000,999,999,1000,1,33.4566
80400.0000,8040,2958.3774,0.0000,999,1000,1000,1,33.5092
80410.0000,8041,2958.3824,0.0000,1000,1000,1000,1,33.4267
80420.0000,8042,2958.3875,0.0000,999,1000,1000,1,33.4119
80430.0000,8043,2958.3926,0.0000,999,1000,1000,1,33.5321
80440.0000,8044,2958.3976,0.0000,999,999,1000,1,33.4500
80450.0000,8045,2958.4026,0.0000,999,1000,1000,1,33.4356
80460.0000,8046,2958.4075,0.0000,998,1000,1000,1,33.4212
80470.0000,8047,2958.4123,0.0000,1000,1000,1000,1,33.2721
80480.0000,8048,2958.4174,0.0000,999,999,999,1,33.3247
80490.0000,8049,2958.4221,0.0000,999,1000,1000,1,33.2424
80500.0000,8050,2958.4271,0.0000,1000,1000,999,1,33.1601
80510.0000,8051,2958.4323,0.0000,999,1000,1000,1,33.2802
80520.0000,8052,2958.4373,0.0000,998,999,1000,1,33.2658
80530.0000,8053,2958.4423,0.0000,1000,1000,1000,1,33.3858
80540.0000,8054,2958.4473,0.0000,999,999,999,1,33.0373
80550.0000,8055,2958.4522,0.0000,999,1000,1000,1,32.9573
80560.0000,8056,2958.4572,0.0000,999,998,998,1,32.8778
80570.0000,8057,2958.4622,0.0000,999,1000,1000,1,32.9979
80580.0000,8058,2958.4672,0.0000,1000,999,1000,1,32.9845
80590.0000,8059,2958.4721,0.0000,1000,999,999,1,32.9047
80600.0000,8060,2958.4772,0.0000,999,1000,1000,1,33.0247
80610.0000,8061,2958.4822,0.0000,999,1000,1000,1,33.0779
80620.0000,8062,2958.4873,0.0000,1000,1000,1000,1,33.1979
80630.0000,8063,2958.4922,0.0000,1000,1000,999,1,33.0511
80640.0000,8064,2958.4972,0.0000,999,1000,1000,1,33.1043
80650.0000,8065,2958.5023,0.0000,999,999,1000,1,33.2242
80660.0000,8066,2958.5071,0.0000,999,1000,998,1,32.8778
80670.0000,8067,2958.5119,0.0000,1000,1000,1000,1,32.8646
80680.0000,8068,2958.5169,0.0000,1000,1000,1000,1,32.9181
80690.0000,8069,2958.5219,0.0000,1000,1000,999,1,32.9048
80700.0000,8070,2958.5268,0.0000,1000,999,1000,1,32.7598
80710.0000,8071,2958.5317,0.0000,999,1000,999,1,32.6819
80720.0000,8072,2958.5367,0.0000,1000,1000,1000,1,32.7359
80730.0000,8073,2958.5417,0.0000,1000,999,1000,1,32.7898
80740.0000,8074,2958.5467,0.0000,1000,1000,1000,1,32.7775
80750.0000,8075,2958.5517,0.0000,999,999,1000,1,32.8313
80760.0000,8076,2958.5568,0.0000,1000,1000,1000,1,32.9510
80770.0000,8077,2958.5615,0.0000,997,998,999,1,32.8064
80780.0000,8078,2958.5662,0.0000,1000,1000,1000,1,32.6621
80790.0000,8079,2958.5712,0.0000,1000,1000,1000,1,32.6506
80800.0000,8080,2958.5762,0.0000,1000,1000,1000,1,32.7047
80810.0000,8081,2958.5812,0.0000,1000,1000,1000,1,32.6935
80820.0000,8082,2958.5863,0.0000,999,999,1000,1,32.8132
80830.0000,8083,2958.5911,0.0000,999,999,999,1,32.5410
80840.0000,8084,2958.5962,0.0000,999,1000,1000,1,32.6607
80850.0000,8085,2958.6011,0.0000,998,999,999,1,32.7149
80860.0000,8086,2958.6060,0.0000,1000,1000,1000,1,32.8345
80870.0000,8087,2958.6110,0.0000,999,1000,1000,1,32.8232
80880.0000,8088,2958.6159,0.0000,1000,1000,1000,1,32.8121
80890.0000,8089,2958.6209,0.0000,999,999,1000,1,32.7356
80900.0000,8090,2958.6258,0.0000,999,999,999,1,32.5284
80910.0000,8091,2958.6307,0.0000,999,1000,1000,1,32.5826
80920.0000,8092,2958.6357,0.0000,999,999,1000,1,32.6367
80930.0000,8093,2958.6408,0.0000,998,1000,1000,1,32.6906
80940.0000,8094,2958.6457,0.0000,999,999,1000,1,32.6789
80950.0000,8095,2958.6507,0.0000,999,1000,1000,1,32.7984
80960.0000,8096,2958.6556,0.0000,999,999,1000,1,32.7864
80970.0000,8097,2958.6606,0.0000,999,1000,1000,1,32.8401
80980.0000,8098,2958.6656,0.0000,999,1000,1000,1,32.8280
80990.0000,8099,2958.6705,0.0000,999,999,1000,1,32.8161
81000.0000,8100,2958.6755,0.0000,1000,1000,999,1,32.8047
81010.0000,8101,2958.6804,0.0000,998,999,999,1,32.7930
81020.0000,8102,2958.6853,0.0000,999,1000,1000,1,32.7814
81030.0000,8103,2958.6903,0.0000,998,999,999,1,32.7042
81040.0000,8104,2958.6950,0.0000,999,999,999,1,32.6271
81050.0000,8105,2958.6997,0.0000,999,1000,1000,1,32.4851
81060.0000,8106,2958.7047,0.0000,1000,1000,1000,1,32.4739
81070.0000,8107,2958.7095,0.0000,999,999,999,1,32.3320
81080.0000,8108,2958.7143,0.0000,1000,999,999,1,32.2556
81090.0000,8109,2958.7193,0.0000,1000,1000,1000,1,32.3095
81100.0000,8110,2958.7243,0.0000,999,1000,1000,1,32.1682
81110.0000,8111,2958.7292,0.0000,1000,1000,1000,1,32.1574
81120.0000,8112,2958.7342,0.0000,999,1000,1000,1,32.2115
81130.0000,8113,2958.7391,0.0000,1000,1000,1000,1,32.2655
81140.0000,8114,2958.7440,0.0000,998,999,1000,1,32.3194
81150.0000,8115,2958.7491,0.0000,1000,1000,1000,1,32.4386
81160.0000,8116,2958.7539,0.0000,999,998,999,1,32.4923
81170.0000,8117,2958.7589,0.0000,1000,1000,1000,1,32.5459
81180.0000,8118,2958.7637,0.0000,999,999,999,1,32.5993
81190.0000,8119,2958.7684,0.0000,999,1000,1000,1,32.3245
81200.0000,8120,2958.7734,0.0000,1000,1000,1000,1,32.3781
81210.0000,8121,2958.7783,0.0000,1000,1000,999,1,32.2348
81220.0000,8122,2958.7831,0.0000,999,999,1000,1,32.2883
81230.0000,8123,2958.7881,0.0000,1000,1000,1000,1,32.4074
81240.0000,8124,2958.7930,0.0000,999,1000,1000,1,32.4607
81250.0000,8125,2958.7980,0.0000,1000,1000,1000,1,32.5798
81260.0000,8126,2958.8029,0.0000,999,1000,1000,1,32.5671
81270.0000,8127,2958.8079,0.0000,1000,1000,1000,1,32.4882
81280.0000,8128,2958.8128,0.0000,999,999,999,1,32.4097
81290.0000,8129,2958.8176,0.0000,999,1000,1000,1,32.3972
81300.0000,8130,2958.8225,0.0000,1000,1000,1000,1,32.3847
81310.0000,8131,2958.8274,0.0000,999,999,1000,1,32.5037
81320.0000,8132,2958.8324,0.0000,998,999,999,1,32.5567
81330.0000,8133,2958.8372,0.0000,1000,1000,1000,1,32.6096
81340.0000,8134,2958.8422,0.0000,1000,1000,1000,1,32.7286
81350.0000,8135,2958.8472,0.0000,1000,1000,1000,1,32.7813
81360.0000,8136,2958.8521,0.0000,999,999,1000,1,32.6362
81370.0000,8137,2958.8570,0.0000,1000,999,1000,1,32.6891
81380.0000,8138,2958.8620,0.0000,1000,1000,1000,1,32.7419
81390.0000,8139,2958.8669,0.0000,1000,1000,1000,1,32.7945
81400.0000,8140,2958.8718,0.0000,998,999,1000,1,32.8471
81410.0000,8141,2958.8763,0.0000,1000,999,999,1,32.6357
81420.0000,8142,2958.8811,0.0000,1000,999,1000,1,32.6228
81430.0000,8143,2958.8861,0.0000,1000,1000,1000,1,32.6756
81440.0000,8144,2958.8911,0.0000,1000,1000,1000,1,32.7283
81450.0000,8145,2958.8959,0.0000,999,1000,1000,1,32.7147
81460.0000,8146,2958.9009,0.0000,999,999,1000,1,32.7013
81470.0000,8147,2958.9058,0.0000,999,1000,1000,1,32.6879
81480.0000,8148,2958.9106,0.0000,998,1000,1000,1,32.6084
81490.0000,8149,2958.9153,0.0000,1000,999,1000,1,32.5951
81500.0000,8150,2958.9202,0.0000,999,999,1000,1,32.7138
81510.0000,8151,2958.9252,0.0000,1000,1000,1000,1,32.7001
81520.0000,8152,2958.9301,0.0000,1000,1000,1000,1,32.7524
81530.0000,8153,2958.9350,0.0000,999,999,1000,1,32.8047
81540.0000,8154,2958.9398,0.0000,1000,1000,1000,1,32.7244
81550.0000,8155,2958.9446,0.0000,999,1000,999,1,32.5786
81560.0000,8156,2958.9495,0.0000,999,1000,1000,1,32.6972
81570.0000,8157,2958.9545,0.0000,1000,1000,1000,1,32.7496
81580.0000,8158,2958.9593,0.0000,998,998,999,1,32.8020
81590.0000,8159,2958.9640,0.0000,1000,999,1000,1,32.7221
81600.0000,8160,2958.9686,0.0000,999,999,1000,1,32.5763
81610.0000,8161,2958.9735,0.0000,999,1000,1000,1,32.6287
81620.0000,8162,2958.9784,0.0000,998,1000,1000,1,32.5486
81630.0000,8163,2958.9832,0.0000,999,999,999,1,32.4688
81640.0000,8164,2958.9881,0.0000,999,999,999,1,32.4549
81650.0000,8165,2958.9929,0.0000,999,1000,1000,1,32.5071
81660.0000,8166,2958.9977,0.0000,999,1000,1000,1,32.5593
81670.0000,8167,2959.0025,0.0000,999,1000,1000,1,32.4792
81680.0000,8168,2959.0074,0.0000,998,999,999,1,32.4652
81690.0000,8169,2959.0121,0.0000,1000,1000,1000,1,32.4511
81700.0000,8170,2959.0171,0.0000,1000,1000,1000,1,32.5695
81710.0000,8171,2959.0219,0.0000,999,999,1000,1,32.6217
81720.0000,8172,2959.0268,0.0000,999,1000,1000,1,32.6738
81730.0000,8173,2959.0317,0.0000,999,999,1000,1,32.6595
81740.0000,8174,2959.0366,0.0000,1000,1000,1000,1,32.6454
81750.0000,8175,2959.0415,0.0000,1000,999,999,1,32.6974
81760.0000,8176,2959.0462,0.0000,999,999,1000,1,32.6165
81770.0000,8177,2959.0510,0.0000,998,999,999,1,32.4693
81780.0000,8178,2959.0559,0.0000,999,1000,1000,1,32.5876
81790.0000,8179,2959.0608,0.0000,999,999,1000,1,32.6393
81800.0000,8180,2959.0655,0.0000,1000,998,1000,1,32.5581
81810.0000,8181,2959.0703,0.0000,999,1000,1000,1,32.5439
81820.0000,8182,2959.0751,0.0000,999,999,999,1,32.3982
81830.0000,8183,2959.0800,0.0000,999,1000,1000,1,32.5164
81840.0000,8184,2959.0849,0.0000,998,999,1000,1,32.4365
81850.0000,8185,2959.0897,0.0000,999,999,1000,1,32.5547
81860.0000,8186,2959.0946,0.0000,998,999,999,1,32.6066
81870.0000,8187,2959.0995,0.0000,1000,1000,1000,1,32.7248
81880.0000,8188,2959.1044,0.0000,999,1000,1000,1,32.7765
81890.0000,8189,2959.1092,0.0000,999,999,1000,1,32.7619
81900.0000,8190,2959.1140,0.0000,999,999,999,1,32.6806
81910.0000,8191,2959.1188,0.0000,999,999,999,1,32.7321
81920.0000,8192,2959.1236,0.0000,1000,1000,1000,1,32.7836
81930.0000,8193,2959.1285,0.0000,999,999,1000,1,32.9017
81940.0000,8194,2959.1333,0.0000,1000,1000,999,1,32.7532
81950.0000,8195,2959.1382,0.0000,1000,999,1000,1,32.8048
81960.0000,8196,2959.1430,0.0000,999,999,999,1,32.8563
81970.0000,8197,2959.1478,0.0000,1000,999,1000,1,32.9077
81980.0000,8198,2959.1526,0.0000,1000,1000,999,1,32.9589
81990.0000,8199,2959.1575,0.0000,998,999,999,1,32.8109
82000.0000,8200,2959.1622,0.0000,998,999,999,1,32.5971
82010.0000,8201,2959.1664,0.0000,999,1000,999,1,32.3840
82020.0000,8202,2959.1711,0.0000,1000,1000,999,1,32.3034
82030.0000,8203,2959.1760,0.0000,999,999,999,1,32.3551
82040.0000,8204,2959.1805,0.0000,999,999,1000,1,32.2082
82050.0000,8205,2959.1853,0.0000,999,1000,999,1,32.1938
82060.0000,8206,2959.1901,0.0000,1000,1000,999,1,32.2455
82070.0000,8207,2959.1949,0.0000,999,1000,1000,1,32.2308
82080.0000,8208,2959.1996,0.0000,1000,999,1000,1,32.0176
82090.0000,8209,2959.2045,0.0000,1000,1000,1000,1,32.1355
82100.0000,8210,2959.2092,0.0000,998,999,1000,1,32.0543
82110.0000,8211,2959.2138,0.0000,999,999,1000,1,31.8411
82120.0000,8212,2959.2186,0.0000,1000,999,1000,1,31.7606
82130.0000,8213,2959.2234,0.0000,1000,1000,1000,1,31.8123
82140.0000,8214,2959.2283,0.0000,1000,1000,1000,1,31.7981
82150.0000,8215,2959.2330,0.0000,999,999,1000,1,31.7179
82160.0000,8216,2959.2378,0.0000,1000,1000,1000,1,31.7040
82170.0000,8217,2959.2426,0.0000,998,998,998,1,31.6241
82180.0000,8218,2959.2475,0.0000,1000,1000,1000,1,31.7419
82190.0000,8219,2959.2523,0.0000,1000,1000,1000,1,31.6623
82200.0000,8220,2959.2572,0.0000,1000,1000,1000,1,31.7801
82210.0000,8221,2959.2620,0.0000,999,999,999,1,31.7660
82220.0000,8222,2959.2669,0.0000,1000,1000,1000,1,31.8178
82230.0000,8223,2959.2717,0.0000,999,999,999,1,31.7382
82240.0000,8224,2959.2764,0.0000,1000,1000,1000,1,31.7246
82250.0000,8225,2959.2813,0.0000,999,1000,1000,1,31.7766
82260.0000,8226,2959.2862,0.0000,999,1000,1000,1,31.8943
82270.0000,8227,2959.2909,0.0000,1000,999,1000,1,31.8804
82280.0000,8228,2959.2957,0.0000,999,1000,1000,1,31.8663
82290.0000,8229,2959.3004,0.0000,999,999,1000,1,31.8521
82300.0000,8230,2959.3052,0.0000,999,1000,1000,1,31.8380
82310.0000,8231,2959.3100,0.0000,1000,1000,999,1,31.7582
82320.0000,8232,2959.3147,0.0000,1000,999,1000,1,31.4836
82330.0000,8233,2959.3195,0.0000,999,999,1000,1,31.5360
82340.0000,8234,2959.3243,0.0000,999,1000,999,1,31.5884
82350.0000,8235,2959.3291,0.0000,999,1000,1000,1,31.7060
82360.0000,8236,2959.3339,0.0000,999,1000,1000,1,31.6932
82370.0000,8237,2959.3386,0.0000,1000,1000,1000,1,31.6161
82380.0000,8238,2959.3434,0.0000,999,1000,1000,1,31.6688
82390.0000,8239,2959.3482,0.0000,998,999,999,1,31.7214
82400.0000,8240,2959.3530,0.0000,1000,1000,1000,1,31.7092
82410.0000,8241,2959.3578,0.0000,999,1000,1000,1,31.7619
82420.0000,8242,2959.3625,0.0000,1000,999,999,1,31.6851
82430.0000,8243,2959.3673,0.0000,999,999,1000,1,31.7377
82440.0000,8244,2959.3721,0.0000,1000,999,1000,1,31.7904
82450.0000,8245,2959.3770,0.0000,1000,1000,1000,1,31.8429
82460.0000,8246,2959.3818,0.0000,999,1000,1000,1,31.9603
82470.0000,8247,2959.3865,0.0000,1000,1000,1000,1,31.8825
82480.0000,8248,2959.3913,0.0000,998,999,999,1,31.8045
82490.0000,8249,2959.3958,0.0000,998,1000,1000,1,31.6616
82500.0000,8250,2959.4006,0.0000,999,1000,1000,1,31.7141
82510.0000,8251,2959.4054,0.0000,1000,1000,1000,1,31.8314
82520.0000,8252,2959.4102,0.0000,999,999,999,1,31.8836
82530.0000,8253,2959.4150,0.0000,1000,1000,1000,1,31.8707
82540.0000,8254,2959.4196,0.0000,1000,998,1000,1,31.7926
82550.0000,8255,2959.4244,0.0000,999,1000,1000,1,31.8449
82560.0000,8256,2959.4292,0.0000,999,999,1000,1,31.9621
82570.0000,8257,2959.4340,0.0000,999,999,1000,1,31.9493
82580.0000,8258,2959.4388,0.0000,999,1000,1000,1,31.9368
82590.0000,8259,2959.4435,0.0000,1000,999,1000,1,31.8593
82600.0000,8260,2959.4481,0.0000,1000,1000,1000,1,31.8467
82610.0000,8261,2959.4528,0.0000,999,1000,1000,1,31.8341
82620.0000,8262,2959.4575,0.0000,999,999,1000,1,31.6272
82630.0000,8263,2959.4623,0.0000,999,999,1000,1,31.7444
82640.0000,8264,2959.4672,0.0000,999,1000,1000,1,31.7969
82650.0000,8265,2959.4720,0.0000,999,1000,1000,1,31.8492
82660.0000,8266,2959.4766,0.0000,999,999,999,1,31.7721
82670.0000,8267,2959.4815,0.0000,1000,1000,1000,1,31.7600
82680.0000,8268,2959.4861,0.0000,1000,998,999,1,31.6834
82690.0000,8269,2959.4908,0.0000,999,999,1000,1,31.6714
82700.0000,8270,2959.4954,0.0000,996,997,998,1,31.5297
82710.0000,8271,2959.4998,0.0000,999,1000,1000,1,31.4528
82720.0000,8272,2959.5046,0.0000,999,1000,1000,1,31.5699
82730.0000,8273,2959.5094,0.0000,1000,1000,1000,1,31.6222
82740.0000,8274,2959.5142,0.0000,1000,1000,1000,1,31.7392
82750.0000,8275,2959.5190,0.0000,999,1000,1000,1,31.7264
82760.0000,8276,2959.5233,0.0000,998,999,1000,1,31.5194
82770.0000,8277,2959.5280,0.0000,1000,1000,1000,1,31.5718
82780.0000,8278,2959.5328,0.0000,999,999,1000,1,31.6241
82790.0000,8279,2959.5375,0.0000,999,1000,1000,1,31.6764
82800.0000,8280,2959.5423,0.0000,1000,1000,1000,1,31.6636
82810.0000,8281,2959.5469,0.0000,998,999,999,1,31.5865
82820.0000,8282,2959.5511,0.0000,998,999,999,1,31.4462
82830.0000,8283,2959.5558,0.0000,999,999,999,1,31.4348
82840.0000,8284,2959.5606,0.0000,999,999,1000,1,31.5517
82850.0000,8285,2959.5652,0.0000,999,999,999,1,31.4760
82860.0000,8286,2959.5698,0.0000,999,999,999,1,31.2728
82870.0000,8287,2959.5744,0.0000,1000,999,1000,1,31.3257
82880.0000,8288,2959.5791,0.0000,1000,1000,1000,1,31.3786
82890.0000,8289,2959.5838,0.0000,1000,999,999,1,31.3673
82900.0000,8290,2959.5883,0.0000,999,1000,1000,1,31.0998
82910.0000,8291,2959.5930,0.0000,1000,1000,1000,1,31.0887
82920.0000,8292,2959.5978,0.0000,999,999,999,1,31.0773
82930.0000,8293,2959.6022,0.0000,998,999,999,1,30.9381
82940.0000,8294,2959.6069,0.0000,999,999,1000,1,30.9908
82950.0000,8295,2959.6116,0.0000,999,1000,1000,1,30.9798
82960.0000,8296,2959.6163,0.0000,1000,1000,1000,1,30.9055
82970.0000,8297,2959.6210,0.0000,1000,999,1000,1,30.8948
82980.0000,8298,2959.6258,0.0000,1000,1000,1000,1,30.9481
82990.0000,8299,2959.6306,0.0000,1000,1000,1000,1,31.0648
83000.0000,8300,2959.6353,0.0000,999,999,1000,1,31.1179
83010.0000,8301,2959.6399,0.0000,999,998,998,1,30.9166
83020.0000,8302,2959.6446,0.0000,999,1000,999,1,30.9063
83030.0000,8303,2959.6492,0.0000,999,999,999,1,30.5815
83040.0000,8304,2959.6538,0.0000,1000,1000,999,1,30.5725
83050.0000,8305,2959.6586,0.0000,1000,1000,1000,1,30.6264
83060.0000,8306,2959.6631,0.0000,997,998,998,1,30.4919
83070.0000,8307,2959.6676,0.0000,999,1000,1000,1,30.5460
83080.0000,8308,2959.6723,0.0000,999,1000,1000,1,30.5373
83090.0000,8309,2959.6771,0.0000,999,1000,1000,1,30.5913
83100.0000,8310,2959.6819,0.0000,999,999,1000,1,30.5826
83110.0000,8311,2959.6866,0.0000,999,999,1000,1,30.6365
83120.0000,8312,2959.6913,0.0000,1000,1000,1000,1,30.6274
83130.0000,8313,2959.6960,0.0000,999,999,1000,1,30.6811
83140.0000,8314,2959.7007,0.0000,1000,1000,1000,1,30.6720
83150.0000,8315,2959.7053,0.0000,1000,1000,1000,1,30.6004
83160.0000,8316,2959.7101,0.0000,1000,1000,1000,1,30.7169
83170.0000,8317,2959.7149,0.0000,1000,1000,1000,1,30.7706
83180.0000,8318,2959.7196,0.0000,999,999,999,1,30.6984
83190.0000,8319,2959.7244,0.0000,1000,1000,1000,1,30.8149
83200.0000,8320,2959.7291,0.0000,999,1000,1000,1,30.8684
83210.0000,8321,2959.7337,0.0000,999,1000,999,1,30.7957
83220.0000,8322,2959.7384,0.0000,999,1000,1000,1,30.8491
83230.0000,8323,2959.7431,0.0000,999,1000,1000,1,30.8396
83240.0000,8324,2959.7478,0.0000,1000,1000,1000,1,30.8929
83250.0000,8325,2959.7525,0.0000,998,999,999,1,30.9462
83260.0000,8326,2959.7572,0.0000,999,1000,1000,1,30.9365
83270.0000,8327,2959.7619,0.0000,999,999,1000,1,31.0529
83280.0000,8328,2959.7666,0.0000,1000,1000,1000,1,30.9797
83290.0000,8329,2959.7714,0.0000,999,1000,1000,1,31.0961
83300.0000,8330,2959.7760,0.0000,999,1000,1000,1,31.0857
83310.0000,8331,2959.7807,0.0000,999,1000,1000,1,31.0752
83320.0000,8332,2959.7851,0.0000,999,999,1000,1,30.8754
83330.0000,8333,2959.7897,0.0000,999,1000,1000,1,30.8027
83340.0000,8334,2959.7942,0.0000,1000,999,1000,1,30.7298
83350.0000,8335,2959.7989,0.0000,998,999,1000,1,30.6571
83360.0000,8336,2959.8036,0.0000,999,1000,1000,1,30.7733
83370.0000,8337,2959.8082,0.0000,999,999,999,1,30.7633
83380.0000,8338,2959.8129,0.0000,1000,1000,1000,1,30.8795
83390.0000,8339,2959.8176,0.0000,1000,1000,1000,1,30.8691
83400.0000,8340,2959.8223,0.0000,999,1000,1000,1,30.8586
83410.0000,8341,2959.8267,0.0000,997,998,998,1,30.7215
83420.0000,8342,2959.8314,0.0000,999,1000,1000,1,30.7746
83430.0000,8343,2959.8361,0.0000,999,999,999,1,30.7018
83440.0000,8344,2959.8407,0.0000,1000,1000,1000,1,30.7550
83450.0000,8345,2959.8453,0.0000,999,999,1000,1,30.6193
83460.0000,8346,2959.8499,0.0000,999,1000,1000,1,30.4227
83470.0000,8347,2959.8546,0.0000,1000,1000,999,1,30.3517
83480.0000,8348,2959.8591,0.0000,998,998,999,1,30.1576
83490.0000,8349,2959.8636,0.0000,999,1000,999,1,30.0264
83500.0000,8350,2959.8683,0.0000,999,1000,1000,1,30.0191
83510.0000,8351,2959.8730,0.0000,1000,1000,1000,1,30.1353
83520.0000,8352,2959.8777,0.0000,999,999,999,1,30.1276
83530.0000,8353,2959.8823,0.0000,999,999,1000,1,30.1816
83540.0000,8354,2959.8870,0.0000,999,1000,1000,1,30.2357
83550.0000,8355,2959.8915,0.0000,999,1000,999,1,30.0412
83560.0000,8356,2959.8961,0.0000,1000,1000,1000,1,30.0952
83570.0000,8357,2959.9009,0.0000,1000,1000,1000,1,30.1491
83580.0000,8358,2959.9054,0.0000,999,999,1000,1,30.0784
83590.0000,8359,2959.9100,0.0000,999,1000,1000,1,30.1321
83600.0000,8360,2959.9146,0.0000,998,1000,999,1,30.0620
83610.0000,8361,2959.9192,0.0000,1000,1000,1000,1,30.0542
83620.0000,8362,2959.9238,0.0000,999,999,1000,1,30.0464
83630.0000,8363,2959.9281,0.0000,999,1000,1000,1,29.9153
83640.0000,8364,2959.9328,0.0000,1000,1000,1000,1,29.9697
83650.0000,8365,2959.9374,0.0000,999,999,999,1,29.9008
83660.0000,8366,2959.9419,0.0000,1000,1000,1000,1,29.8934
83670.0000,8367,2959.9465,0.0000,999,1000,1000,1,29.8244
83680.0000,8368,2959.9513,0.0000,1000,1000,1000,1,29.9403
83690.0000,8369,2959.9558,0.0000,999,999,999,1,29.9326
83700.0000,8370,2959.9605,0.0000,999,1000,1000,1,29.9867
83710.0000,8371,2959.9652,0.0000,999,1000,1000,1,30.0408
83720.0000,8372,2959.9698,0.0000,998,1000,999,1,29.9713
83730.0000,8373,2959.9744,0.0000,999,999,1000,1,29.9643
83740.0000,8374,2959.9789,0.0000,1000,1000,1000,1,29.9574
83750.0000,8375,2959.9835,0.0000,999,999,1000,1,29.9505
83760.0000,8376,2959.9881,0.0000,999,999,1000,1,29.8824
83770.0000,8377,2959.9927,0.0000,999,1000,1000,1,29.6918
83780.0000,8378,2959.9973,0.0000,999,1000,999,1,29.6244
83790.0000,8379,2960.0019,0.0000,1000,1000,1000,1,29.6183
83800.0000,8380,2960.0064,0.0000,999,1000,1000,1,29.6122
83810.0000,8381,2960.0110,0.0000,999,999,999,1,29.6063
83820.0000,8382,2960.0155,0.0000,999,1000,1000,1,29.6007
83830.0000,8383,2960.0202,0.0000,999,1000,999,1,29.5951
83840.0000,8384,2960.0249,0.0000,1000,999,999,1,29.5894
83850.0000,8385,2960.0295,0.0000,998,998,999,1,29.6444
83860.0000,8386,2960.0340,0.0000,999,1000,1000,1,29.5780
83870.0000,8387,2960.0386,0.0000,999,1000,1000,1,29.5118
83880.0000,8388,2960.0432,0.0000,999,999,1000,1,29.5063
83890.0000,8389,2960.0479,0.0000,999,1000,999,1,29.5010
83900.0000,8390,2960.0525,0.0000,1000,1000,1000,1,29.6166
83910.0000,8391,2960.0572,0.0000,999,1000,1000,1,29.6716
83920.0000,8392,2960.0618,0.0000,1000,1000,1000,1,29.6054
83930.0000,8393,2960.0666,0.0000,999,1000,1000,1,29.6603
83940.0000,8394,2960.0711,0.0000,998,998,998,1,29.6544
83950.0000,8395,2960.0757,0.0000,1000,1000,1000,1,29.7700
83960.0000,8396,2960.0803,0.0000,1000,999,1000,1,29.8247
83970.0000,8397,2960.0850,0.0000,999,1000,1000,1,29.8793
83980.0000,8398,2960.0896,0.0000,999,1000,1000,1,29.8728
83990.0000,8399,2960.0942,0.0000,999,1000,1000,1,29.9272
84000.0000,8400,2960.0989,0.0000,999,999,1000,1,30.0426
84010.0000,8401,2960.1034,0.0000,1000,1000,999,1,29.9137
84020.0000,8402,2960.1079,0.0000,1000,1000,1000,1,29.9684
84030.0000,8403,2960.1125,0.0000,1000,1000,1000,1,30.0229
84040.0000,8404,2960.1172,0.0000,999,999,999,1,30.0166
84050.0000,8405,2960.1216,0.0000,999,997,999,1,29.9493
84060.0000,8406,2960.1263,0.0000,999,1000,1000,1,30.0038
84070.0000,8407,2960.1309,0.0000,999,999,1000,1,30.0583
84080.0000,8408,2960.1353,0.0000,1000,1000,999,1,29.9913
84090.0000,8409,2960.1396,0.0000,1000,1000,1000,1,29.7425
84100.0000,8410,2960.1442,0.0000,999,999,1000,1,29.6764
84110.0000,8411,2960.1488,0.0000,999,1000,1000,1,29.7312
84120.0000,8412,2960.1535,0.0000,999,1000,1000,1,29.7860
84130.0000,8413,2960.1581,0.0000,999,1000,1000,1,29.6589
84140.0000,8414,2960.1626,0.0000,1000,999,1000,1,29.5925
84150.0000,8415,2960.1672,0.0000,1000,1000,1000,1,29.6472
84160.0000,8416,2960.1719,0.0000,999,1000,1000,1,29.7625
84170.0000,8417,2960.1766,0.0000,999,1000,999,1,29.8170
84180.0000,8418,2960.1812,0.0000,998,1000,1000,1,29.8111
84190.0000,8419,2960.1858,0.0000,1000,1000,1000,1,29.8657
84200.0000,8420,2960.1905,0.0000,999,999,999,1,29.9205
84210.0000,8421,2960.1950,0.0000,998,999,999,1,29.8543
84220.0000,8422,2960.1993,0.0000,999,999,1000,1,29.6685
84230.0000,8423,2960.2038,0.0000,999,1000,1000,1,29.6637
84240.0000,8424,2960.2083,0.0000,999,1000,1000,1,29.5394
84250.0000,8425,2960.2128,0.0000,1000,1000,1000,1,29.5949
84260.0000,8426,2960.2175,0.0000,999,1000,1000,1,29.7101
84270.0000,8427,2960.2221,0.0000,998,1000,999,1,29.7653
84280.0000,8428,2960.2265,0.0000,998,998,999,1,29.6407
84290.0000,8429,2960.2310,0.0000,998,1000,1000,1,29.6359
84300.0000,8430,2960.2356,0.0000,1000,1000,1000,1,29.7510
84310.0000,8431,2960.2402,0.0000,998,999,999,1,29.8060
84320.0000,8432,2960.2448,0.0000,998,999,1000,1,29.8610
84330.0000,8433,2960.2493,0.0000,999,999,1000,1,29.8561
84340.0000,8434,2960.2539,0.0000,999,1000,1000,1,29.9111
84350.0000,8435,2960.2585,0.0000,1000,1000,1000,1,30.0261
84360.0000,8436,2960.2630,0.0000,999,1000,1000,1,30.0207
84370.0000,8437,2960.2675,0.0000,999,1000,1000,1,29.8954
84380.0000,8438,2960.2721,0.0000,1000,1000,1000,1,29.9505
84390.0000,8439,2960.2766,0.0000,1000,1000,1000,1,30.0055
84400.0000,8440,2960.2812,0.0000,998,999,999,1,30.0603
84410.0000,8441,2960.2858,0.0000,1000,1000,1000,1,30.1751
84420.0000,8442,2960.2904,0.0000,999,1000,1000,1,30.2298
84430.0000,8443,2960.2950,0.0000,999,999,999,1,30.1638
84440.0000,8444,2960.2994,0.0000,999,1000,1000,1,29.9176
84450.0000,8445,2960.3040,0.0000,1000,1000,1000,1,29.9724
84460.0000,8446,2960.3084,0.0000,999,999,1000,1,29.9671
84470.0000,8447,2960.3129,0.0000,999,1000,1000,1,29.9618
84480.0000,8448,2960.3175,0.0000,999,999,1000,1,30.0767
84490.0000,8449,2960.3221,0.0000,999,1000,1000,1,30.1314
84500.0000,8450,2960.3267,0.0000,999,999,1000,1,30.1860
84510.0000,8451,2960.3313,0.0000,1000,1000,1000,1,30.3007
84520.0000,8452,2960.3358,0.0000,999,1000,1000,1,30.2947
84530.0000,8453,2960.3404,0.0000,1000,1000,1000,1,30.2284
84540.0000,8454,2960.3448,0.0000,1000,1000,1000,1,30.1631
84550.0000,8455,2960.3494,0.0000,1000,1000,1000,1,30.1577
84560.0000,8456,2960.3540,0.0000,1000,999,1000,1,30.2123
84570.0000,8457,2960.3584,0.0000,999,999,1000,1,30.2668
84580.0000,8458,2960.3630,0.0000,1000,1000,1000,1,30.2612
84590.0000,8459,2960.3676,0.0000,999,1000,1000,1,30.3759
84600.0000,8460,2960.3721,0.0000,1000,1000,1000,1,30.3698
84610.0000,8461,2960.3766,0.0000,1000,999,1000,1,30.3637
84620.0000,8462,2960.3811,0.0000,999,999,1000,1,30.4178
84630.0000,8463,2960.3857,0.0000,999,1000,1000,1,30.4113
84640.0000,8464,2960.3900,0.0000,999,998,1000,1,30.2834
84650.0000,8465,2960.3944,0.0000,999,999,1000,1,30.0949
84660.0000,8466,2960.3988,0.0000,1000,1000,999,1,30.0277
84670.0000,8467,2960.4032,0.0000,998,998,999,1,29.8410
84680.0000,8468,2960.4077,0.0000,1000,1000,1000,1,29.8355
84690.0000,8469,2960.4123,0.0000,999,999,1000,1,29.8298
84700.0000,8470,2960.4168,0.0000,1000,1000,1000,1,29.7642
84710.0000,8471,2960.4213,0.0000,999,1000,1000,1,29.7586
84720.0000,8472,2960.4259,0.0000,1000,999,1000,1,29.8131
84730.0000,8473,2960.4304,0.0000,999,1000,999,1,29.8074
84740.0000,8474,2960.4350,0.0000,999,1000,1000,1,29.8619
84750.0000,8475,2960.4395,0.0000,1000,1000,1000,1,29.7961
84760.0000,8476,2960.4441,0.0000,999,1000,1000,1,29.8505
84770.0000,8477,2960.4486,0.0000,1000,999,1000,1,29.9048
84780.0000,8478,2960.4529,0.0000,998,997,997,1,29.7183
84790.0000,8479,2960.4572,0.0000,999,999,1000,1,29.6523
84800.0000,8480,2960.4618,0.0000,999,1000,1000,1,29.7066
84810.0000,8481,2960.4661,0.0000,999,1000,999,1,29.5814
84820.0000,8482,2960.4707,0.0000,1000,1000,1000,1,29.6363
84830.0000,8483,2960.4752,0.0000,999,1000,999,1,29.5123
84840.0000,8484,2960.4797,0.0000,999,1000,1000,1,29.5670
84850.0000,8485,2960.4841,0.0000,999,1000,999,1,29.5618
84860.0000,8486,2960.4886,0.0000,999,1000,1000,1,29.5566
84870.0000,8487,2960.4928,0.0000,999,999,1000,1,29.4919
84880.0000,8488,2960.4974,0.0000,1000,1000,1000,1,29.6062
84890.0000,8489,2960.5020,0.0000,999,1000,1000,1,29.6616
84900.0000,8490,2960.5066,0.0000,999,1000,1000,1,29.7759
84910.0000,8491,2960.5111,0.0000,1000,1000,999,1,29.8309
84920.0000,8492,2960.5153,0.0000,998,999,1000,1,29.8264
84930.0000,8493,2960.5198,0.0000,999,999,999,1,29.8814
84940.0000,8494,2960.5242,0.0000,998,999,1000,1,29.8184
84950.0000,8495,2960.5286,0.0000,998,999,999,1,29.7557
84960.0000,8496,2960.5330,0.0000,999,1000,1000,1,29.7519
84970.0000,8497,2960.5375,0.0000,1000,999,1000,1,29.7480
84980.0000,8498,2960.5420,0.0000,999,1000,1000,1,29.8032
84990.0000,8499,2960.5465,0.0000,1000,999,1000,1,29.7996
85000.0000,8500,2960.5509,0.0000,999,999,999,1,29.7958
85010.0000,8501,2960.5555,0.0000,1000,1000,1000,1,29.8510
85020.0000,8502,2960.5599,0.0000,999,999,1000,1,29.7880
85030.0000,8503,2960.5644,0.0000,999,999,1000,1,29.8431
85040.0000,8504,2960.5688,0.0000,999,999,1000,1,29.6624
85050.0000,8505,2960.5733,0.0000,999,999,1000,1,29.5410
85060.0000,8506,2960.5777,0.0000,998,999,999,1,29.5371
85070.0000,8507,2960.5821,0.0000,999,999,999,1,29.4156
85080.0000,8508,2960.5864,0.0000,1000,1000,1000,1,29.3531
85090.0000,8509,2960.5909,0.0000,1000,999,1000,1,29.3496
85100.0000,8510,2960.5955,0.0000,999,1000,1000,1,29.4637
85110.0000,8511,2960.5999,0.0000,1000,1000,1000,1,29.2857
85120.0000,8512,2960.6044,0.0000,999,999,1000,1,29.3415
85130.0000,8513,2960.6086,0.0000,998,998,998,1,29.1054
85140.0000,8514,2960.6131,0.0000,1000,1000,1000,1,29.2194
85150.0000,8515,2960.6176,0.0000,999,999,999,1,29.2749
85160.0000,8516,2960.6221,0.0000,1000,1000,1000,1,29.3888
85170.0000,8517,2960.6265,0.0000,1000,1000,998,1,29.3856
85180.0000,8518,2960.6310,0.0000,999,1000,1000,1,29.3825
85190.0000,8519,2960.6356,0.0000,1000,1000,1000,1,29.4965
85200.0000,8520,2960.6402,0.0000,1000,1000,1000,1,29.5517
85210.0000,8521,2960.6447,0.0000,999,1000,999,1,29.4897
85220.0000,8522,2960.6491,0.0000,999,1000,1000,1,29.4277
85230.0000,8523,2960.6536,0.0000,1000,999,1000,1,29.4246
85240.0000,8524,2960.6581,0.0000,998,999,999,1,29.4797
85250.0000,8525,2960.6624,0.0000,999,998,998,1,29.2421
85260.0000,8526,2960.6665,0.0000,1000,1000,1000,1,29.1217
85270.0000,8527,2960.6709,0.0000,998,999,1000,1,29.0597
85280.0000,8528,2960.6750,0.0000,1000,999,1000,1,28.9392
85290.0000,8529,2960.6794,0.0000,1000,1000,1000,1,28.8777
85300.0000,8530,2960.6839,0.0000,1000,999,1000,1,28.9331
85310.0000,8531,2960.6884,0.0000,1000,1000,1000,1,28.9299
85320.0000,8532,2960.6928,0.0000,999,1000,1000,1,28.8683
85330.0000,8533,2960.6972,0.0000,999,1000,1000,1,28.8649
85340.0000,8534,2960.7016,0.0000,999,999,1000,1,28.9201
85350.0000,8535,2960.7058,0.0000,999,999,999,1,28.7406
85360.0000,8536,2960.7102,0.0000,999,999,999,1,28.7374
85370.0000,8537,2960.7146,0.0000,1000,1000,1000,1,28.7341
85380.0000,8538,2960.7191,0.0000,999,1000,1000,1,28.7892
85390.0000,8539,2960.7233,0.0000,999,999,1000,1,28.7270
85400.0000,8540,2960.7277,0.0000,1000,1000,1000,1,28.7236
85410.0000,8541,2960.7322,0.0000,999,1000,1000,1,28.8373
85420.0000,8542,2960.7367,0.0000,1000,1000,1000,1,28.8923
85430.0000,8543,2960.7412,0.0000,999,999,999,1,28.9472
85440.0000,8544,2960.7456,0.0000,998,999,1000,1,28.8844
85450.0000,8545,2960.7500,0.0000,1000,999,1000,1,28.8222
85460.0000,8546,2960.7544,0.0000,999,999,1000,1,28.7601
85470.0000,8547,2960.7588,0.0000,1000,1000,1000,1,28.6981
85480.0000,8548,2960.7632,0.0000,999,1000,1000,1,28.6946
85490.0000,8549,2960.7676,0.0000,999,1000,1000,1,28.7496
85500.0000,8550,2960.7721,0.0000,999,999,1000,1,28.8632
85510.0000,8551,2960.7765,0.0000,1000,1000,1000,1,28.8007
85520.0000,8552,2960.7809,0.0000,999,1000,1000,1,28.8556
85530.0000,8553,2960.7853,0.0000,999,999,999,1,28.7343
85540.0000,8554,2960.7898,0.0000,1000,1000,1000,1,28.8478
85550.0000,8555,2960.7943,0.0000,1000,1000,1000,1,28.9027
85560.0000,8556,2960.7988,0.0000,1000,1000,1000,1,29.0162
85570.0000,8557,2960.8031,0.0000,997,1000,1000,1,28.9533
85580.0000,8558,2960.8074,0.0000,999,1000,1000,1,28.9490
85590.0000,8559,2960.8120,0.0000,1000,1000,1000,1,29.0625
85600.0000,8560,2960.8165,0.0000,999,999,1000,1,29.1759
85610.0000,8561,2960.8208,0.0000,1000,1000,999,1,29.0528
85620.0000,8562,2960.8252,0.0000,999,999,1000,1,29.1662
85630.0000,8563,2960.8297,0.0000,1000,1000,1000,1,29.2203
85640.0000,8564,2960.8340,0.0000,998,999,998,1,29.0970
85650.0000,8565,2960.8384,0.0000,1000,1000,1000,1,29.1512
85660.0000,8566,2960.8428,0.0000,1000,1000,999,1,29.1463
85670.0000,8567,2960.8473,0.0000,1000,999,1000,1,29.2596
85680.0000,8568,2960.8518,0.0000,999,1000,1000,1,29.3137
85690.0000,8569,2960.8562,0.0000,999,1000,1000,1,29.3679
85700.0000,8570,2960.8603,0.0000,998,998,1000,1,29.2447
85710.0000,8571,2960.8647,0.0000,1000,1000,1000,1,29.2400
85720.0000,8572,2960.8691,0.0000,1000,1000,1000,1,29.2943
85730.0000,8573,2960.8736,0.0000,1000,1000,1000,1,29.4075
85740.0000,8574,2960.8780,0.0000,999,999,1000,1,29.4614
85750.0000,8575,2960.8825,0.0000,999,999,1000,1,29.5746
85760.0000,8576,2960.8869,0.0000,1000,1000,1000,1,29.5689
85770.0000,8577,2960.8913,0.0000,999,1000,999,1,29.6225
85780.0000,8578,2960.8955,0.0000,1000,1000,999,1,29.4977
85790.0000,8579,2960.8998,0.0000,998,1000,999,1,29.3734
85800.0000,8580,2960.9042,0.0000,999,999,1000,1,29.4866
85810.0000,8581,2960.9087,0.0000,1000,1000,1000,1,29.5402
85820.0000,8582,2960.9132,0.0000,1000,1000,1000,1,29.5937
85830.0000,8583,2960.9176,0.0000,999,999,999,1,29.5874
85840.0000,8584,2960.9220,0.0000,999,999,1000,1,29.7005
85850.0000,8585,2960.9264,0.0000,998,1000,1000,1,29.6345
85860.0000,8586,2960.9308,0.0000,1000,1000,1000,1,29.6880
85870.0000,8587,2960.9353,0.0000,999,999,999,1,29.7412
85880.0000,8588,2960.9396,0.0000,1000,1000,1000,1,29.7352
85890.0000,8589,2960.9440,0.0000,999,999,1000,1,29.7887
85900.0000,8590,2960.9484,0.0000,999,999,1000,1,29.8420
85910.0000,8591,2960.9526,0.0000,999,999,998,1,29.6565
85920.0000,8592,2960.9570,0.0000,999,1000,1000,1,29.7694
85930.0000,8593,2960.9614,0.0000,1000,999,1000,1,29.8225
85940.0000,8594,2960.9657,0.0000,999,999,1000,1,29.7563
85950.0000,8595,2960.9701,0.0000,999,1000,1000,1,29.6309
85960.0000,8596,2960.9744,0.0000,999,999,999,1,29.4468
85970.0000,8597,2960.9788,0.0000,999,1000,999,1,29.4412
85980.0000,8598,2960.9832,0.0000,999,1000,1000,1,29.4948
85990.0000,8599,2960.9874,0.0000,999,1000,999,1,29.3706
86000.0000,8600,2960.9918,0.0000,999,999,999,1,29.3649
86010.0000,8601,2960.9963,0.0000,1000,1000,1000,1,29.4777
86020.0000,8602,2961.0007,0.0000,999,1000,1000,1,29.5906
86030.0000,8603,2961.0050,0.0000,1000,1000,999,1,29.4064
86040.0000,8604,2961.0093,0.0000,999,999,1000,1,29.4599
86050.0000,8605,2961.0136,0.0000,999,999,999,1,29.4544
86060.0000,8606,2961.0181,0.0000,999,999,1000,1,29.5672
86070.0000,8607,2961.0223,0.0000,999,999,999,1,29.3842
86080.0000,8608,2961.0266,0.0000,1000,1000,1000,1,29.4379
86090.0000,8609,2961.0311,0.0000,1000,1000,1000,1,29.5506
86100.0000,8610,2961.0356,0.0000,1000,1000,1000,1,29.6633
86110.0000,8611,2961.0399,0.0000,998,998,998,1,29.5982
86120.0000,8612,2961.0442,0.0000,999,1000,999,1,29.5923
86130.0000,8613,2961.0485,0.0000,1000,1000,1000,1,29.6458
86140.0000,8614,2961.0529,0.0000,1000,1000,1000,1,29.6991
86150.0000,8615,2961.0574,0.0000,999,999,999,1,29.7523
86160.0000,8616,2961.0616,0.0000,998,999,999,1,29.7460
86170.0000,8617,2961.0660,0.0000,1000,1000,1000,1,29.7991
86180.0000,8618,2961.0704,0.0000,1000,999,1000,1,29.7926
86190.0000,8619,2961.0748,0.0000,1000,1000,1000,1,29.9052
86200.0000,8620,2961.0791,0.0000,998,999,999,1,29.8385
86210.0000,8621,2961.0834,0.0000,999,1000,999,1,29.8316
86220.0000,8622,2961.0877,0.0000,1000,1000,999,1,29.7649
86230.0000,8623,2961.0919,0.0000,999,1000,1000,1,29.6386
86240.0000,8624,2961.0963,0.0000,999,1000,1000,1,29.6318
86250.0000,8625,2961.1006,0.0000,1000,999,999,1,29.5652
86260.0000,8626,2961.1050,0.0000,999,1000,1000,1,29.6181
86270.0000,8627,2961.1093,0.0000,999,999,1000,1,29.5518
86280.0000,8628,2961.1137,0.0000,999,1000,1000,1,29.6643
86290.0000,8629,2961.1180,0.0000,1000,1000,1000,1,29.7174
86300.0000,8630,2961.1224,0.0000,999,1000,1000,1,29.5927
86310.0000,8631,2961.1268,0.0000,1000,1000,1000,1,29.6458
86320.0000,8632,2961.1312,0.0000,999,1000,1000,1,29.6988
86330.0000,8633,2961.1355,0.0000,998,999,1000,1,29.5732
86340.0000,8634,2961.1396,0.0000,999,1000,1000,1,29.5074
86350.0000,8635,2961.1439,0.0000,999,998,998,1,29.4421
86360.0000,8636,2961.1481,0.0000,998,999,999,1,29.4954
86370.0000,8637,2961.1525,0.0000,999,999,1000,1,29.5487
86380.0000,8638,2961.1567,0.0000,999,999,999,1,29.4246
86390.0000,8639,2961.1611,0.0000,999,999,999,1,29.4778
86400.0000,8640,2961.1655,0.0000,999,999,1000,1,29.5901
86410.0000,8641,2961.1697,0.0000,999,999,1000,1,29.7024
