timestamp,sample_idx,system_occupancy,avg_wait_error,q0_len,q1_len,q2_len,server_busy,little_error
10.0000,1,9.3923,0.0000,6,6,4,1,2.5670
20.0000,2,17.6969,0.0000,9,10,12,1,4.6048
30.0000,3,25.5044,0.0000,16,16,18,1,6.9912
40.0000,4,32.8732,0.0000,19,22,22,1,7.6015
50.0000,5,40.5805,0.0000,24,26,27,1,10.3790
60.0000,6,47.5411,0.0000,28,28,29,1,12.9842
70.0000,7,54.5344,0.0000,36,36,37,1,13.4081
80.0000,8,63.0744,0.0000,41,42,44,1,15.1621
90.0000,9,70.9239,0.0000,46,49,46,1,13.7392
100.0000,10,78.6687,0.0000,50,53,54,1,16.1851
110.0000,11,86.6866,0.0000,58,58,59,1,18.3141
120.0000,12,94.4913,0.0000,61,64,61,1,20.4765
130.0000,13,102.4656,0.0000,71,72,70,1,22.6174
140.0000,14,111.4364,0.0000,81,78,83,1,25.0719
150.0000,15,120.6396,0.0000,89,85,89,1,25.8795
160.0000,16,129.8734,0.0000,94,92,90,1,28.7306
170.0000,17,138.7769,0.0000,97,95,99,1,29.9916
180.0000,18,147.9749,0.0000,103,105,105,1,32.7776
190.0000,19,157.4397,0.0000,111,113,114,1,35.6002
200.0000,20,167.3055,0.0000,123,123,120,1,37.8958
210.0000,21,177.3945,0.0000,130,130,132,1,39.6279
220.0000,22,187.6620,0.0000,135,140,140,1,41.6252
230.0000,23,197.9206,0.0000,147,146,146,1,43.9014
240.0000,24,208.3028,0.0000,150,152,154,1,45.6437
250.0000,25,218.4719,0.0000,157,160,156,1,48.8147
260.0000,26,228.6048,0.0000,163,165,164,1,50.4327
270.0000,27,238.6265,0.0000,167,168,169,1,53.5290
280.0000,28,248.3030,0.0000,173,172,171,1,55.3022
290.0000,29,257.8606,0.0000,178,180,181,1,58.2289
300.0000,30,267.7323,0.0000,188,188,189,1,60.1796
310.0000,31,277.6920,0.0000,194,197,194,1,63.7980
320.0000,32,287.5766,0.0000,200,202,200,1,65.5320
330.0000,33,297.4730,0.0000,208,208,209,1,67.8970
340.0000,34,307.6261,0.0000,221,220,218,1,70.9479
350.0000,35,317.7916,0.0000,224,224,223,1,75.2109
360.0000,36,327.7127,0.0000,226,226,226,1,76.8317
370.0000,37,337.5586,0.0000,233,233,234,1,75.3316
380.0000,38,347.1237,0.0000,238,233,237,1,76.4317
390.0000,39,356.5339,0.0000,241,243,239,1,78.9927
400.0000,40,365.8632,0.0000,244,245,247,1,81.1994
410.0000,41,374.9812,0.0000,247,246,248,1,83.9336
420.0000,42,383.9700,0.0000,254,256,257,1,87.8780
430.0000,43,393.1492,0.0000,262,265,264,1,89.3236
440.0000,44,402.3065,0.0000,267,267,266,1,90.1130
450.0000,45,411.3396,0.0000,270,272,274,1,91.5277
460.0000,46,420.3518,0.0000,277,277,276,1,95.3506
470.0000,47,429.2597,0.0000,282,285,287,1,96.1717
480.0000,48,438.2317,0.0000,290,289,290,1,98.8850
490.0000,49,447.2320,0.0000,296,295,295,1,99.1271
500.0000,50,456.1788,0.0000,303,304,301,1,101.2843
510.0000,51,465.1850,0.0000,307,309,308,1,102.8006
520.0000,52,474.1627,0.0000,312,312,312,1,104.5505
530.0000,53,482.9710,0.0000,315,319,316,1,106.5783
540.0000,54,491.8869,0.0000,325,326,325,1,109.2638
550.0000,55,500.9279,0.0000,333,335,335,1,111.9899
560.0000,56,510.1120,0.0000,341,342,342,1,114.1003
570.0000,57,519.2215,0.0000,343,343,344,1,116.1755
580.0000,58,528.1117,0.0000,346,347,347,1,118.1859
590.0000,59,536.9717,0.0000,351,354,355,1,120.1982
600.0000,60,545.8366,0.0000,363,358,360,1,121.5621
610.0000,61,554.7152,0.0000,368,364,369,1,124.8688
620.0000,62,563.5919,0.0000,370,370,370,1,127.4915
630.0000,63,572.3911,0.0000,375,374,374,1,130.0672
640.0000,64,581.1442,0.0000,380,379,382,1,133.2683
650.0000,65,589.9452,0.0000,386,385,388,1,133.8205
660.0000,66,598.6891,0.0000,392,392,393,1,136.3702
670.0000,67,607.4315,0.0000,396,398,398,1,138.8902
680.0000,68,616.1005,0.0000,402,401,401,1,138.0909
690.0000,69,624.6740,0.0000,404,403,404,1,137.9870
700.0000,70,633.1867,0.0000,411,410,409,1,140.5257
710.0000,71,641.7867,0.0000,417,418,423,1,143.0729
720.0000,72,650.4603,0.0000,424,430,428,1,143.2517
730.0000,73,659.2632,0.0000,434,437,436,1,147.1695
740.0000,74,668.1481,0.0000,443,441,441,1,151.0972
750.0000,75,677.0163,0.0000,446,446,447,1,152.3567
760.0000,76,685.8349,0.0000,452,452,452,1,154.2735
770.0000,77,694.5596,0.0000,453,453,454,1,155.5058
780.0000,78,703.2290,0.0000,461,462,462,1,154.7675
790.0000,79,712.0319,0.0000,470,468,473,1,155.7823
800.0000,80,720.9648,0.0000,480,481,478,1,159.1291
810.0000,81,729.9272,0.0000,485,486,485,1,161.5182
820.0000,82,738.8473,0.0000,488,492,489,1,163.5229
830.0000,83,747.8343,0.0000,500,498,500,1,166.8326
840.0000,84,756.8245,0.0000,502,502,502,1,168.5107
850.0000,85,765.8034,0.0000,514,513,510,1,170.2231
860.0000,86,774.8509,0.0000,515,519,516,1,173.2101
870.0000,87,783.8489,0.0000,521,520,521,1,175.2083
880.0000,88,792.8326,0.0000,528,528,530,1,177.2036
890.0000,89,801.8144,0.0000,534,534,533,1,178.5393
900.0000,90,810.7883,0.0000,538,538,540,1,180.5308
910.0000,91,819.7451,0.0000,545,543,545,1,180.5376
920.0000,92,828.7321,0.0000,553,552,552,1,181.8858
930.0000,93,837.6775,0.0000,559,556,559,1,183.9102
940.0000,94,846.6776,0.0000,562,569,562,1,185.9382
950.0000,95,855.6726,0.0000,568,570,570,1,189.2799
960.0000,96,864.6290,0.0000,574,570,576,1,191.2921
970.0000,97,873.5268,0.0000,578,580,584,1,191.9895
980.0000,98,882.4706,0.0000,585,586,586,1,193.5654
990.0000,99,891.4415,0.0000,592,595,592,1,196.8997
1000.0000,100,900.4053,0.0000,598,601,601,1,200.2160
1010.0000,101,909.4287,0.0000,606,607,609,1,204.1916
1020.0000,102,918.4532,0.0000,614,612,617,1,205.4921
1030.0000,103,927.5313,0.0000,624,616,620,1,206.1436
1040.0000,104,936.6232,0.0000,630,625,629,1,206.1518
1050.0000,105,945.6815,0.0000,630,632,635,1,206.1748
1060.0000,106,954.7067,0.0000,631,638,639,1,210.1778
1070.0000,107,963.6618,0.0000,640,639,641,1,214.1514
1080.0000,108,972.5916,0.0000,645,646,649,1,216.7689
1090.0000,109,981.5390,0.0000,651,650,651,1,219.3848
1100.0000,110,990.4232,0.0000,655,657,657,1,219.9650
1110.0000,111,999.3547,0.0000,664,666,663,1,221.2471
1120.0000,112,1008.3345,0.0000,672,672,674,1,220.1383
1130.0000,113,1017.3094,0.0000,678,677,677,1,223.5266
1140.0000,114,1026.3371,0.0000,688,685,686,1,226.9147
1150.0000,115,1035.4090,0.0000,692,692,692,1,230.3033
1160.0000,116,1044.4439,0.0000,696,697,699,1,232.4065
1170.0000,117,1053.5245,0.0000,705,706,707,1,234.5094
1180.0000,118,1062.6235,0.0000,714,710,712,1,238.5218
1190.0000,119,1071.7359,0.0000,720,719,719,1,242.5139
1200.0000,120,1080.8661,0.0000,721,727,727,1,244.5890
1210.0000,121,1090.0193,0.0000,730,733,734,1,244.0900
1220.0000,122,1099.1435,0.0000,737,739,739,1,246.1980
1230.0000,123,1108.3063,0.0000,744,747,747,1,247.6713
1240.0000,124,1117.4684,0.0000,750,752,752,1,250.4306
1250.0000,125,1126.6270,0.0000,758,758,757,1,250.6193
1260.0000,126,1135.7347,0.0000,761,761,759,1,253.3694
1270.0000,127,1144.8331,0.0000,768,766,768,1,256.1082
1280.0000,128,1153.9523,0.0000,773,773,773,1,259.4823
1290.0000,129,1163.0058,0.0000,775,775,777,1,258.9672
1300.0000,130,1172.0246,0.0000,784,782,781,1,262.9610
1310.0000,131,1181.0732,0.0000,786,788,789,1,261.8019
1320.0000,132,1190.0979,0.0000,792,793,793,1,263.2279
1330.0000,133,1199.1528,0.0000,803,801,801,1,266.1754
1340.0000,134,1208.2239,0.0000,806,806,814,1,268.2291
1350.0000,135,1217.2930,0.0000,814,812,814,1,272.2430
1360.0000,136,1226.3440,0.0000,819,821,820,1,274.2633
1370.0000,137,1235.4210,0.0000,828,825,831,1,277.6096
1380.0000,138,1244.5155,0.0000,831,833,834,1,276.9968
1390.0000,139,1253.5855,0.0000,839,839,838,1,279.0327
1400.0000,140,1262.6297,0.0000,842,840,841,1,279.0917
1410.0000,141,1271.6364,0.0000,848,847,850,1,281.7831
1420.0000,142,1280.6592,0.0000,852,852,854,1,284.4742
1430.0000,143,1289.6674,0.0000,861,859,860,1,287.8082
1440.0000,144,1298.6997,0.0000,867,866,867,1,289.8222
1450.0000,145,1307.7477,0.0000,872,872,871,1,289.8747
1460.0000,146,1316.7405,0.0000,878,876,877,1,292.5503
1470.0000,147,1325.6942,0.0000,878,879,879,1,291.9210
1480.0000,148,1334.5924,0.0000,882,881,884,1,293.3268
1490.0000,149,1343.4162,0.0000,886,885,885,1,295.9972
1500.0000,150,1352.2363,0.0000,890,893,893,1,298.6636
1510.0000,151,1361.0720,0.0000,896,898,898,1,300.6848
1520.0000,152,1369.8550,0.0000,900,901,903,1,301.3991
1530.0000,153,1378.6151,0.0000,906,903,908,1,304.0406
1540.0000,154,1387.4038,0.0000,915,912,916,1,307.9670
1550.0000,155,1396.2184,0.0000,919,919,921,1,311.8782
1560.0000,156,1405.0564,0.0000,929,930,927,1,312.5520
1570.0000,157,1413.9518,0.0000,940,940,937,1,313.9199
1580.0000,158,1422.8748,0.0000,942,945,944,1,314.6388
1590.0000,159,1431.7524,0.0000,947,947,948,1,312.1153
1600.0000,160,1440.6048,0.0000,951,951,952,1,314.8046
1610.0000,161,1449.4463,0.0000,961,956,959,1,318.1284
1620.0000,162,1458.3380,0.0000,972,960,971,1,322.0770
1630.0000,163,1467.2563,0.0000,974,966,976,1,326.0115
1640.0000,164,1476.1364,0.0000,978,972,978,1,329.9248
1650.0000,165,1484.9641,0.0000,981,978,980,1,331.8786
1660.0000,166,1493.7402,0.0000,982,982,984,1,331.8674
1670.0000,167,1502.4792,0.0000,990,986,986,1,333.8263
1680.0000,168,1511.2211,0.0000,995,994,993,1,337.7270
1690.0000,169,1519.9845,0.0000,1000,1000,1000,1,340.3148
1700.0000,170,1528.6877,0.0000,999,999,1000,1,341.5753
1710.0000,171,1537.2880,0.0000,999,1000,1000,1,344.7674
1720.0000,172,1545.7867,0.0000,1000,1000,999,1,345.9511
1730.0000,173,1554.1851,0.0000,999,1000,999,1,348.4167
1740.0000,174,1562.4879,0.0000,999,999,999,1,349.5319
1750.0000,175,1570.6971,0.0000,1000,1000,1000,1,350.6268
1760.0000,176,1578.8122,0.0000,999,999,1000,1,351.6994
1770.0000,177,1586.8326,0.0000,1000,1000,1000,1,353.4032
1780.0000,178,1594.7648,0.0000,1000,1000,1000,1,355.7285
1790.0000,179,1602.6026,0.0000,998,999,999,1,354.7551
1800.0000,180,1610.3607,0.0000,1000,1000,1000,1,355.0805
1810.0000,181,1618.0308,0.0000,1000,1000,1000,1,356.0335
1820.0000,182,1625.6182,0.0000,999,1000,1000,1,357.6189
1830.0000,183,1633.1217,0.0000,998,1000,999,1,359.1728
1840.0000,184,1640.5465,0.0000,1000,1000,1000,1,360.6985
1850.0000,185,1647.8835,0.0000,999,998,1000,1,360.2457
1860.0000,186,1655.1452,0.0000,999,1000,1000,1,362.3788
1870.0000,187,1662.3327,0.0000,999,999,1000,1,362.5352
1880.0000,188,1669.4441,0.0000,1000,1000,1000,1,365.9251
1890.0000,189,1676.4820,0.0000,999,1000,1000,1,368.6288
1900.0000,190,1683.4428,0.0000,999,1000,1000,1,371.2969
1910.0000,191,1690.3294,0.0000,1000,1000,1000,1,371.9715
1920.0000,192,1697.1468,0.0000,999,999,1000,1,375.1834
1930.0000,193,1703.8805,0.0000,1000,998,1000,1,375.1984
1940.0000,194,1710.5543,0.0000,999,1000,1000,1,377.7738
1950.0000,195,1717.1544,0.0000,1000,1000,999,1,376.4485
1960.0000,196,1723.6941,0.0000,1000,1000,1000,1,378.9841
1970.0000,197,1730.1671,0.0000,999,1000,1000,1,380.8480
1980.0000,198,1736.5760,0.0000,1000,1000,1000,1,383.3298
1990.0000,199,1742.9214,0.0000,1000,1000,1000,1,385.7821
2000.0000,200,1749.1995,0.0000,1000,999,1000,1,388.2056
2010.0000,201,1755.4159,0.0000,1000,999,999,1,390.5987
2020.0000,202,1761.5707,0.0000,999,1000,1000,1,392.9650
2030.0000,203,1767.6665,0.0000,1000,999,1000,1,395.9553
2040.0000,204,1773.7024,0.0000,1000,1000,1000,1,398.2640
2050.0000,205,1779.6834,0.0000,1000,1000,1000,1,401.1993
2060.0000,206,1785.6047,0.0000,999,1000,1000,1,404.1061
2070.0000,207,1791.4673,0.0000,999,1000,999,1,406.3249
2080.0000,208,1797.2750,0.0000,999,1000,1000,1,408.5181
2090.0000,209,1803.0246,0.0000,999,999,1000,1,410.6865
2100.0000,210,1808.7200,0.0000,999,1000,1000,1,412.8329
2110.0000,211,1814.3620,0.0000,1000,1000,1000,1,414.9516
2120.0000,212,1819.9427,0.0000,998,999,998,1,415.7131
2130.0000,213,1825.4767,0.0000,998,998,998,1,415.7877
2140.0000,214,1830.9580,0.0000,999,999,1000,1,418.5159
2150.0000,215,1836.3910,0.0000,1000,1000,1000,1,421.2204
2160.0000,216,1841.7750,0.0000,1000,999,999,1,423.2295
2170.0000,217,1847.1083,0.0000,1000,1000,1000,1,425.8865
2180.0000,218,1852.3940,0.0000,999,1000,1000,1,428.5200
2190.0000,219,1857.6297,0.0000,1000,1000,1000,1,430.4577
2200.0000,220,1862.8180,0.0000,998,999,1000,1,431.0271
2210.0000,221,1867.9573,0.0000,999,999,999,1,431.5777
2220.0000,222,1873.0481,0.0000,999,999,1000,1,432.7892
2230.0000,223,1878.0998,0.0000,1000,1000,1000,1,434.6549
2240.0000,224,1883.0994,0.0000,1000,999,1000,1,435.8249
2250.0000,225,1888.0566,0.0000,999,999,999,1,436.9755
2260.0000,226,1892.9678,0.0000,1000,1000,1000,1,438.1106
2270.0000,227,1897.8372,0.0000,999,1000,1000,1,439.2276
2280.0000,228,1902.6660,0.0000,999,1000,1000,1,439.6490
2290.0000,229,1907.4555,0.0000,1000,1000,1000,1,441.4173
2300.0000,230,1912.2030,0.0000,998,998,1000,1,442.4817
2310.0000,231,1916.9038,0.0000,1000,1000,999,1,442.8537
2320.0000,232,1921.5677,0.0000,1000,999,1000,1,444.5736
2330.0000,233,1926.1889,0.0000,997,998,998,1,444.9073
2340.0000,234,1930.7687,0.0000,999,999,1000,1,445.9170
2350.0000,235,1935.3128,0.0000,1000,1000,1000,1,446.9123
2360.0000,236,1939.8202,0.0000,999,1000,1000,1,449.2559
2370.0000,237,1944.2839,0.0000,998,1000,1000,1,448.8406
2380.0000,238,1948.7164,0.0000,1000,1000,1000,1,451.1564
2390.0000,239,1953.1117,0.0000,999,999,1000,1,452.7681
2400.0000,240,1957.4635,0.0000,1000,999,999,1,452.3090
2410.0000,241,1961.7801,0.0000,998,999,999,1,453.2110
2420.0000,242,1966.0660,0.0000,1000,999,1000,1,454.7866
2430.0000,243,1970.3188,0.0000,1000,1000,1000,1,457.0303
2440.0000,244,1974.5352,0.0000,1000,999,1000,1,459.2555
2450.0000,245,1978.7187,0.0000,1000,1000,1000,1,461.4627
2460.0000,246,1982.8610,0.0000,1000,999,1000,1,462.2707
2470.0000,247,1986.9739,0.0000,1000,1000,1000,1,463.7572
2480.0000,248,1991.0562,0.0000,999,999,1000,1,465.9195
2490.0000,249,1995.1060,0.0000,999,999,1000,1,468.0644
2500.0000,250,1999.1237,0.0000,1000,1000,1000,1,469.4967
2510.0000,251,2003.1056,0.0000,1000,1000,1000,1,470.9167
2520.0000,252,2007.0566,0.0000,999,1000,1000,1,472.3209
2530.0000,253,2010.9783,0.0000,999,999,1000,1,473.7105
2540.0000,254,2014.8643,0.0000,1000,1000,1000,1,473.7016
2550.0000,255,2018.7237,0.0000,999,999,999,1,475.0694
2560.0000,256,2022.5509,0.0000,999,999,1000,1,475.0355
2570.0000,257,2026.3519,0.0000,999,1000,1000,1,477.0782
2580.0000,258,2030.1194,0.0000,1000,1000,1000,1,477.0157
2590.0000,259,2033.8598,0.0000,1000,1000,1000,1,476.9452
2600.0000,260,2037.5715,0.0000,1000,999,1000,1,476.8691
2610.0000,261,2041.2548,0.0000,999,999,1000,1,478.1749
2620.0000,262,2044.9091,0.0000,999,999,1000,1,476.6800
2630.0000,263,2048.5360,0.0000,1000,1000,1000,1,477.9701
2640.0000,264,2052.1352,0.0000,999,1000,1000,1,478.5496
2650.0000,265,2055.7034,0.0000,999,999,1000,1,478.4220
2660.0000,266,2059.2487,0.0000,999,1000,999,1,478.9826
2670.0000,267,2062.7702,0.0000,999,1000,1000,1,480.9339
2680.0000,268,2066.2650,0.0000,999,999,1000,1,482.8707
2690.0000,269,2069.7325,0.0000,998,999,1000,1,484.0906
2700.0000,270,2073.1712,0.0000,1000,1000,1000,1,485.2984
2710.0000,271,2076.5894,0.0000,999,1000,1000,1,487.1977
2720.0000,272,2079.9795,0.0000,998,999,999,1,486.9701
2730.0000,273,2083.3456,0.0000,1000,1000,1000,1,488.1453
2740.0000,274,2086.6893,0.0000,1000,1000,1000,1,490.0134
2750.0000,275,2090.0082,0.0000,1000,1000,1000,1,491.8679
2760.0000,276,2093.3023,0.0000,1000,1000,1000,1,492.2969
2770.0000,277,2096.5701,0.0000,1000,1000,1000,1,492.0117
2780.0000,278,2099.8191,0.0000,1000,1000,1000,1,493.8390
2790.0000,279,2103.0445,0.0000,1000,1000,1000,1,495.6532
2800.0000,280,2106.2458,0.0000,999,999,1000,1,497.4545
2810.0000,281,2109.4244,0.0000,999,1000,1000,1,499.2429
2820.0000,282,2112.5784,0.0000,999,1000,1000,1,500.3094
2830.0000,283,2115.7067,0.0000,999,1000,999,1,499.2349
2840.0000,284,2118.8179,0.0000,999,1000,1000,1,499.5774
2850.0000,285,2121.9054,0.0000,999,999,1000,1,500.6230
2860.0000,286,2124.9705,0.0000,998,1000,999,1,500.9473
2870.0000,287,2128.0129,0.0000,999,999,999,1,501.9719
2880.0000,288,2131.0377,0.0000,999,999,1000,1,503.7010
2890.0000,289,2134.0394,0.0000,1000,1000,1000,1,502.5693
2900.0000,290,2137.0137,0.0000,998,999,998,1,501.4329
2910.0000,291,2139.9768,0.0000,999,999,1000,1,502.4366
2920.0000,292,2142.9182,0.0000,998,999,1000,1,503.4272
2930.0000,293,2145.8412,0.0000,999,1000,1000,1,504.4113
2940.0000,294,2148.7437,0.0000,999,1000,1000,1,505.3829
2950.0000,295,2151.6243,0.0000,999,999,1000,1,504.9182
2960.0000,296,2154.4804,0.0000,998,1000,999,1,503.0232
2970.0000,297,2157.3223,0.0000,1000,999,999,1,503.9807
2980.0000,298,2160.1438,0.0000,999,999,1000,1,503.5012
2990.0000,299,2162.9491,0.0000,1000,999,1000,1,503.7328
3000.0000,300,2165.7372,0.0000,999,999,1000,1,505.3870
3010.0000,301,2168.5053,0.0000,999,998,999,1,505.5970
3020.0000,302,2171.2537,0.0000,999,999,1000,1,505.8046
3030.0000,303,2173.9841,0.0000,1000,999,1000,1,506.0071
3040.0000,304,2176.6950,0.0000,999,999,999,1,504.0578
3050.0000,305,2179.3900,0.0000,999,999,1000,1,504.9679
3060.0000,306,2182.0690,0.0000,999,1000,1000,1,506.5857
3070.0000,307,2184.7279,0.0000,999,999,999,1,506.0453
3080.0000,308,2187.3730,0.0000,999,1000,1000,1,507.6490
3090.0000,309,2189.9967,0.0000,998,1000,999,1,507.8088
3100.0000,310,2192.6067,0.0000,999,999,1000,1,508.6783
3110.0000,311,2195.2002,0.0000,1000,1000,1000,1,509.5402
3120.0000,312,2197.7746,0.0000,1000,999,1000,1,509.6755
3130.0000,313,2200.3356,0.0000,999,1000,1000,1,509.8037
3140.0000,314,2202.8797,0.0000,999,1000,1000,1,511.3649
3150.0000,315,2205.4091,0.0000,1000,1000,1000,1,512.1972
3160.0000,316,2207.9233,0.0000,1000,1000,1000,1,513.7409
3170.0000,317,2210.4193,0.0000,999,1000,1000,1,513.1145
3180.0000,318,2212.8981,0.0000,1000,1000,1000,1,513.9237
3190.0000,319,2215.3624,0.0000,1000,1000,999,1,514.7243
3200.0000,320,2217.8121,0.0000,1000,1000,1000,1,515.5192
3210.0000,321,2220.2453,0.0000,1000,1000,1000,1,515.5858
3220.0000,322,2222.6644,0.0000,1000,1000,1000,1,516.3675
3230.0000,323,2225.0690,0.0000,999,1000,1000,1,517.8648
3240.0000,324,2227.4576,0.0000,1000,1000,1000,1,517.9083
3250.0000,325,2229.8331,0.0000,1000,1000,1000,1,519.3917
3260.0000,326,2232.1952,0.0000,999,1000,1000,1,520.8659
3270.0000,327,2234.5415,0.0000,1000,1000,1000,1,522.3312
3280.0000,328,2236.8722,0.0000,1000,999,1000,1,523.0604
3290.0000,329,2239.1892,0.0000,999,999,1000,1,523.0551
3300.0000,330,2241.4924,0.0000,999,1000,1000,1,523.7740
3310.0000,331,2243.7827,0.0000,999,999,999,1,524.4841
3320.0000,332,2246.0579,0.0000,1000,1000,1000,1,525.1889
3330.0000,333,2248.3177,0.0000,1000,999,1000,1,525.1592
3340.0000,334,2250.5677,0.0000,1000,1000,1000,1,526.5809
3350.0000,335,2252.8024,0.0000,999,999,999,1,527.2629
3360.0000,336,2255.0225,0.0000,1000,1000,1000,1,527.9390
3370.0000,337,2257.2314,0.0000,1000,1000,1000,1,529.3398
3380.0000,338,2259.4258,0.0000,998,999,1000,1,529.9994
3390.0000,339,2261.6066,0.0000,1000,999,1000,1,529.1936
3400.0000,340,2263.7748,0.0000,999,999,1000,1,529.8454
3410.0000,341,2265.9273,0.0000,1000,1000,1000,1,527.5637
3420.0000,342,2268.0706,0.0000,999,999,999,1,527.4792
3430.0000,343,2270.2006,0.0000,1000,999,1000,1,527.3945
3440.0000,344,2272.3178,0.0000,1000,1000,1000,1,527.3039
3450.0000,345,2274.4249,0.0000,1000,999,999,1,527.2087
3460.0000,346,2276.5190,0.0000,999,1000,1000,1,526.3745
3470.0000,347,2278.6018,0.0000,999,999,1000,1,527.7394
3480.0000,348,2280.6706,0.0000,1000,999,1000,1,527.6298
3490.0000,349,2282.7283,0.0000,1000,999,999,1,528.2487
3500.0000,350,2284.7765,0.0000,1000,1000,1000,1,529.5965
3510.0000,351,2286.8103,0.0000,998,999,999,1,529.4663
3520.0000,352,2288.8346,0.0000,999,1000,1000,1,530.8029
3530.0000,353,2290.8462,0.0000,1000,1000,1000,1,530.6617
3540.0000,354,2292.8467,0.0000,1000,1000,1000,1,531.9875
3550.0000,355,2294.8357,0.0000,1000,1000,1000,1,532.5694
3560.0000,356,2296.8138,0.0000,1000,1000,1000,1,533.8825
3570.0000,357,2298.7786,0.0000,1000,1000,1000,1,534.4497
3580.0000,358,2300.7344,0.0000,1000,1000,1000,1,535.0120
3590.0000,359,2302.6805,0.0000,999,999,1000,1,536.3072
3600.0000,360,2304.6141,0.0000,998,999,1000,1,536.1169
3610.0000,361,2306.5375,0.0000,1000,999,1000,1,536.6637
3620.0000,362,2308.4504,0.0000,999,999,1000,1,535.7261
3630.0000,363,2310.3532,0.0000,1000,999,1000,1,536.2671
3640.0000,364,2312.2437,0.0000,1000,1000,1000,1,535.3248
3650.0000,365,2314.1246,0.0000,999,999,1000,1,535.8577
3660.0000,366,2315.9952,0.0000,998,999,1000,1,534.1660
3670.0000,367,2317.8550,0.0000,999,999,1000,1,533.9566
3680.0000,368,2319.7040,0.0000,999,1000,1000,1,532.2664
3690.0000,369,2321.5436,0.0000,999,1000,1000,1,531.3171
3700.0000,370,2323.3743,0.0000,999,1000,999,1,531.8442
3710.0000,371,2325.1953,0.0000,999,1000,1000,1,532.3664
3720.0000,372,2327.0065,0.0000,999,1000,1000,1,531.4036
3730.0000,373,2328.8079,0.0000,1000,1000,1000,1,529.7045
3740.0000,374,2330.5996,0.0000,1000,999,1000,1,529.4815
3750.0000,375,2332.3830,0.0000,999,1000,1000,1,530.7363
3760.0000,376,2334.1542,0.0000,999,999,1000,1,530.5026
3770.0000,377,2335.9154,0.0000,1000,1000,1000,1,528.7840
3780.0000,378,2337.6692,0.0000,999,1000,1000,1,528.5493
3790.0000,379,2339.4144,0.0000,999,1000,1000,1,528.3125
3800.0000,380,2341.1482,0.0000,999,1000,999,1,527.3306
3810.0000,381,2342.8729,0.0000,999,1000,999,1,527.0894
3820.0000,382,2344.5916,0.0000,1000,1000,1000,1,527.5865
3830.0000,383,2346.2991,0.0000,999,1000,1000,1,527.3365
3840.0000,384,2347.9964,0.0000,999,999,1000,1,525.6060
3850.0000,385,2349.6854,0.0000,999,998,998,1,525.3552
3860.0000,386,2351.3606,0.0000,1000,1000,1000,1,524.3595
3870.0000,387,2353.0253,0.0000,1000,1000,1000,1,522.6253
3880.0000,388,2354.6905,0.0000,1000,1000,1000,1,523.1147
3890.0000,389,2356.3461,0.0000,1000,999,1000,1,522.1170
3900.0000,390,2357.9947,0.0000,1000,1000,1000,1,521.8593
3910.0000,391,2359.6329,0.0000,1000,1000,1000,1,522.3403
3920.0000,392,2361.2619,0.0000,999,1000,1000,1,519.8498
3930.0000,393,2362.8856,0.0000,1000,1000,1000,1,521.0715
3940.0000,394,2364.4995,0.0000,1000,1000,1000,1,521.5445
3950.0000,395,2366.1047,0.0000,999,999,1000,1,521.2692
3960.0000,396,2367.7009,0.0000,999,1000,1000,1,520.9938
3970.0000,397,2369.2908,0.0000,999,999,1000,1,522.2003
3980.0000,398,2370.8724,0.0000,1000,1000,1000,1,521.9128
3990.0000,399,2372.4470,0.0000,1000,999,1000,1,522.3655
4000.0000,400,2374.0122,0.0000,999,1000,1000,1,522.0710
4010.0000,401,2375.5713,0.0000,999,999,1000,1,522.5174
4020.0000,402,2377.1225,0.0000,1000,1000,1000,1,522.9609
4030.0000,403,2378.6663,0.0000,1000,1000,1000,1,523.3987
4040.0000,404,2380.2014,0.0000,998,1000,999,1,523.8309
4050.0000,405,2381.7264,0.0000,999,1000,999,1,523.5112
4060.0000,406,2383.2454,0.0000,1000,1000,1000,1,523.1912
4070.0000,407,2384.7588,0.0000,999,1000,1000,1,523.6145
4080.0000,408,2386.2651,0.0000,999,999,1000,1,524.7821
4090.0000,409,2387.7626,0.0000,999,1000,1000,1,522.9552
4100.0000,410,2389.2536,0.0000,1000,1000,1000,1,524.1187
4110.0000,411,2390.7376,0.0000,1000,1000,1000,1,523.0365
4120.0000,412,2392.2148,0.0000,1000,1000,999,1,523.4455
4130.0000,413,2393.6852,0.0000,999,1000,1000,1,523.8508
4140.0000,414,2395.1486,0.0000,1000,1000,1000,1,525.0010
4150.0000,415,2396.6049,0.0000,1000,1000,1000,1,526.1455
4160.0000,416,2398.0531,0.0000,999,999,1000,1,527.2846
4170.0000,417,2399.4936,0.0000,1000,1000,1000,1,527.6687
4180.0000,418,2400.9268,0.0000,999,1000,1000,1,526.5465
4190.0000,419,2402.3531,0.0000,999,1000,1000,1,525.4269
4200.0000,420,2403.7733,0.0000,999,999,1000,1,525.8081
4210.0000,421,2405.1877,0.0000,999,999,999,1,525.4325
4220.0000,422,2406.5927,0.0000,999,1000,1000,1,525.0559
4230.0000,423,2407.9939,0.0000,999,1000,1000,1,525.4279
4240.0000,424,2409.3875,0.0000,1000,1000,1000,1,525.0468
4250.0000,425,2410.7745,0.0000,1000,1000,1000,1,525.4130
4260.0000,426,2412.1551,0.0000,999,999,999,1,525.0238
4270.0000,427,2413.5246,0.0000,999,1000,1000,1,520.8885
4280.0000,428,2414.8927,0.0000,999,1000,1000,1,521.2599
4290.0000,429,2416.2543,0.0000,999,1000,1000,1,520.8786
4300.0000,430,2417.6096,0.0000,999,999,999,1,520.4953
4310.0000,431,2418.9584,0.0000,999,1000,1000,1,520.8578
4320.0000,432,2420.3002,0.0000,1000,1000,1000,1,520.4692
4330.0000,433,2421.6367,0.0000,1000,1000,1000,1,520.8264
4340.0000,434,2422.9677,0.0000,1000,999,999,1,520.4286
4350.0000,435,2424.2925,0.0000,1000,1000,1000,1,521.5309
4360.0000,436,2425.6099,0.0000,1000,1000,1000,1,521.8775
4370.0000,437,2426.9210,0.0000,998,1000,999,1,520.7177
4380.0000,438,2428.2264,0.0000,999,1000,999,1,520.3080
4390.0000,439,2429.5265,0.0000,999,1000,1000,1,520.6487
4400.0000,440,2430.8214,0.0000,999,1000,1000,1,521.7381
4410.0000,441,2432.1106,0.0000,998,999,999,1,522.0691
4420.0000,442,2433.3925,0.0000,1000,1000,1000,1,521.6454
4430.0000,443,2434.6697,0.0000,998,1000,1000,1,521.9715
4440.0000,444,2435.9402,0.0000,999,1000,1000,1,522.2947
4450.0000,445,2437.2053,0.0000,999,1000,1000,1,522.6150
4460.0000,446,2438.4637,0.0000,1000,1000,1000,1,519.9228
4470.0000,447,2439.7178,0.0000,999,1000,1000,1,520.2435
4480.0000,448,2440.9651,0.0000,999,999,1000,1,519.0534
4490.0000,449,2442.2078,0.0000,1000,1000,1000,1,519.3701
4500.0000,450,2443.4460,0.0000,1000,1000,1000,1,519.6847
4510.0000,451,2444.6785,0.0000,999,999,1000,1,520.7497
4520.0000,452,2445.9037,0.0000,999,999,1000,1,519.5466
4530.0000,453,2447.1249,0.0000,999,1000,1000,1,519.0963
4540.0000,454,2448.3392,0.0000,999,1000,999,1,517.1346
4550.0000,455,2449.5509,0.0000,1000,1000,1000,1,518.1959
4560.0000,456,2450.7551,0.0000,998,999,1000,1,516.2331
4570.0000,457,2451.9549,0.0000,1000,1000,1000,1,515.7834
4580.0000,458,2453.1485,0.0000,998,999,1000,1,513.0667
4590.0000,459,2454.3372,0.0000,1000,1000,1000,1,513.3743
4600.0000,460,2455.5210,0.0000,999,1000,1000,1,513.6785
4610.0000,461,2456.6995,0.0000,999,1000,1000,1,513.2255
4620.0000,462,2457.8737,0.0000,1000,1000,1000,1,513.5242
4630.0000,463,2459.0366,0.0000,1000,999,998,1,510.8008
4640.0000,464,2460.1973,0.0000,999,1000,1000,1,509.5906
4650.0000,465,2461.3570,0.0000,1000,1000,1000,1,510.6452
4660.0000,466,2462.5106,0.0000,999,1000,1000,1,510.9411
4670.0000,467,2463.6597,0.0000,999,1000,1000,1,511.9883
4680.0000,468,2464.8032,0.0000,999,999,1000,1,511.5186
4690.0000,469,2465.9438,0.0000,1000,1000,1000,1,511.8043
4700.0000,470,2467.0790,0.0000,999,1000,1000,1,512.8430
4710.0000,471,2468.2085,0.0000,999,1000,1000,1,513.1205
4720.0000,472,2469.3325,0.0000,999,999,1000,1,513.3947
4730.0000,473,2470.4527,0.0000,999,999,1000,1,514.4235
4740.0000,474,2471.5673,0.0000,1000,1000,1000,1,514.6903
4750.0000,475,2472.6770,0.0000,999,999,999,1,513.4383
4760.0000,476,2473.7823,0.0000,999,1000,1000,1,512.9465
4770.0000,477,2474.8832,0.0000,998,999,999,1,513.2092
4780.0000,478,2475.9774,0.0000,999,1000,1000,1,513.4687
4790.0000,479,2477.0693,0.0000,1000,999,1000,1,513.7271
4800.0000,480,2478.1547,0.0000,999,999,1000,1,511.7070
4810.0000,481,2479.2373,0.0000,1000,999,999,1,511.2064
4820.0000,482,2480.3155,0.0000,1000,999,1000,1,512.2204
4830.0000,483,2481.3892,0.0000,1000,999,999,1,512.4706
4840.0000,484,2482.4577,0.0000,1000,1000,1000,1,512.7176
4850.0000,485,2483.5221,0.0000,998,1000,999,1,510.6855
4860.0000,486,2484.5818,0.0000,999,1000,999,1,509.4123
4870.0000,487,2485.6376,0.0000,1000,1000,1000,1,509.6602
4880.0000,488,2486.6912,0.0000,999,1000,1000,1,510.6650
4890.0000,489,2487.7397,0.0000,999,1000,1000,1,511.6657
4900.0000,490,2488.7839,0.0000,999,1000,1000,1,511.1410
4910.0000,491,2489.8209,0.0000,998,1000,1000,1,508.3334
4920.0000,492,2490.8508,0.0000,997,999,998,1,504.7692
4930.0000,493,2491.8811,0.0000,999,1000,1000,1,504.2541
4940.0000,494,2492.9072,0.0000,1000,1000,1000,1,503.7377
4950.0000,495,2493.9298,0.0000,999,999,999,1,503.9792
4960.0000,496,2494.9462,0.0000,999,1000,1000,1,502.7000
4970.0000,497,2495.9619,0.0000,1000,1000,1000,1,503.7006
4980.0000,498,2496.9726,0.0000,999,1000,1000,1,504.6972
4990.0000,499,2497.9785,0.0000,999,999,1000,1,504.9280
5000.0000,500,2498.9804,0.0000,999,999,999,1,504.3932
5010.0000,501,2499.9780,0.0000,1000,1000,1000,1,503.8591
5020.0000,502,2500.9719,0.0000,999,1000,1000,1,504.0857
5030.0000,503,2501.9618,0.0000,999,1000,1000,1,503.5480
5040.0000,504,2502.9486,0.0000,1000,1000,1000,1,503.7716
5050.0000,505,2503.9314,0.0000,1000,1000,1000,1,504.7542
5060.0000,506,2504.9101,0.0000,1000,1000,1000,1,503.4439
5070.0000,507,2505.8848,0.0000,999,999,999,1,502.8965
5080.0000,508,2506.8567,0.0000,1000,1000,1000,1,503.1124
5090.0000,509,2507.8241,0.0000,1000,1000,1000,1,503.3253
5100.0000,510,2508.7863,0.0000,1000,1000,1000,1,501.2464
5110.0000,511,2509.7439,0.0000,999,999,999,1,498.4049
5120.0000,512,2510.7003,0.0000,1000,1000,1000,1,499.3846
5130.0000,513,2511.6530,0.0000,999,1000,1000,1,500.3604
5140.0000,514,2512.6018,0.0000,1000,1000,1000,1,501.3325
5150.0000,515,2513.5462,0.0000,1000,1000,999,1,500.7705
5160.0000,516,2514.4872,0.0000,999,999,1000,1,501.7379
5170.0000,517,2515.4220,0.0000,999,999,1000,1,499.6436
5180.0000,518,2516.3568,0.0000,999,999,1000,1,500.6095
5190.0000,519,2517.2863,0.0000,1000,1000,1000,1,500.8071
5200.0000,520,2518.2126,0.0000,1000,1000,1000,1,499.4715
5210.0000,521,2519.1356,0.0000,1000,1000,1000,1,498.9019
5220.0000,522,2520.0559,0.0000,999,1000,1000,1,498.3326
5230.0000,523,2520.9717,0.0000,999,999,1000,1,498.5259
5240.0000,524,2521.8833,0.0000,1000,1000,1000,1,498.7181
5250.0000,525,2522.7926,0.0000,1000,1000,1000,1,499.6729
5260.0000,526,2523.6971,0.0000,999,999,1000,1,499.0922
5270.0000,527,2524.5991,0.0000,999,999,1000,1,499.2765
5280.0000,528,2525.4983,0.0000,999,1000,1000,1,499.4586
5290.0000,529,2526.3946,0.0000,999,999,1000,1,500.4048
5300.0000,530,2527.2866,0.0000,1000,1000,1000,1,499.8119
5310.0000,531,2528.1756,0.0000,999,999,1000,1,499.9876
5320.0000,532,2529.0606,0.0000,999,999,1000,1,500.1594
5330.0000,533,2529.9419,0.0000,999,1000,1000,1,498.0285
5340.0000,534,2530.8214,0.0000,999,1000,1000,1,498.9685
5350.0000,535,2531.6965,0.0000,1000,999,999,1,498.3687
5360.0000,536,2532.5676,0.0000,999,1000,1000,1,497.7686
5370.0000,537,2533.4356,0.0000,999,1000,1000,1,497.9352
5380.0000,538,2534.3011,0.0000,999,999,999,1,497.3304
5390.0000,539,2535.1644,0.0000,1000,1000,1000,1,498.2630
5400.0000,540,2536.0239,0.0000,999,1000,1000,1,499.1921
5410.0000,541,2536.8795,0.0000,1000,999,1000,1,499.3473
5420.0000,542,2537.7301,0.0000,999,998,999,1,496.4239
5430.0000,543,2538.5784,0.0000,999,1000,1000,1,495.0450
5440.0000,544,2539.4240,0.0000,1000,999,999,1,493.6685
5450.0000,545,2540.2664,0.0000,1000,999,1000,1,490.7581
5460.0000,546,2541.1068,0.0000,1000,1000,1000,1,490.9236
5470.0000,547,2541.9423,0.0000,999,998,998,1,487.2473
5480.0000,548,2542.7731,0.0000,1000,1000,1000,1,487.4152
5490.0000,549,2543.6056,0.0000,1000,1000,1000,1,488.3488
5500.0000,550,2544.4324,0.0000,1000,999,1000,1,487.7435
5510.0000,551,2545.2565,0.0000,998,1000,999,1,486.3700
5520.0000,552,2546.0787,0.0000,1000,1000,1000,1,486.5334
5530.0000,553,2546.8971,0.0000,999,1000,999,1,485.1584
5540.0000,554,2547.7135,0.0000,999,1000,1000,1,485.3205
5550.0000,555,2548.5276,0.0000,1000,1000,1000,1,486.2478
5560.0000,556,2549.3369,0.0000,999,1000,1000,1,484.8684
5570.0000,557,2550.1441,0.0000,1000,999,1000,1,485.0252
5580.0000,558,2550.9469,0.0000,999,999,999,1,482.1064
5590.0000,559,2551.7490,0.0000,999,1000,1000,1,481.4972
5600.0000,560,2552.5477,0.0000,999,1000,1000,1,481.6546
5610.0000,561,2553.3438,0.0000,1000,1000,1000,1,481.8099
5620.0000,562,2554.1378,0.0000,1000,1000,1000,1,482.7319
5630.0000,563,2554.9279,0.0000,1000,1000,1000,1,482.8817
5640.0000,564,2555.7152,0.0000,1000,999,999,1,482.2600
5650.0000,565,2556.4989,0.0000,1000,1000,1000,1,480.1018
5660.0000,566,2557.2801,0.0000,998,999,999,1,479.4824
5670.0000,567,2558.0570,0.0000,999,1000,1000,1,478.0960
5680.0000,568,2558.8333,0.0000,999,1000,1000,1,478.2466
5690.0000,569,2559.6057,0.0000,1000,1000,1000,1,478.3946
5700.0000,570,2560.3777,0.0000,999,1000,1000,1,478.5404
5710.0000,571,2561.1461,0.0000,1000,1000,1000,1,477.9153
5720.0000,572,2561.9127,0.0000,1000,1000,1000,1,478.8281
5730.0000,573,2562.6755,0.0000,1000,1000,1000,1,477.4291
5740.0000,574,2563.4365,0.0000,1000,999,1000,1,477.5697
5750.0000,575,2564.1941,0.0000,999,1000,1000,1,476.1686
5760.0000,576,2564.9485,0.0000,1000,1000,1000,1,476.3076
5770.0000,577,2565.7002,0.0000,999,1000,1000,1,474.9058
5780.0000,578,2566.4501,0.0000,1000,1000,1000,1,475.0452
5790.0000,579,2567.1981,0.0000,999,1000,1000,1,475.9519
5800.0000,580,2567.9426,0.0000,1000,999,1000,1,476.0850
5810.0000,581,2568.6844,0.0000,999,1000,1000,1,475.4470
5820.0000,582,2569.4235,0.0000,999,999,1000,1,473.2707
5830.0000,583,2570.1594,0.0000,999,1000,1000,1,472.6337
5840.0000,584,2570.8938,0.0000,999,999,1000,1,471.9950
5850.0000,585,2571.6257,0.0000,1000,1000,1000,1,470.5864
5860.0000,586,2572.3534,0.0000,1000,1000,1000,1,468.4095
5870.0000,587,2573.0817,0.0000,999,1000,1000,1,469.3151
5880.0000,588,2573.8072,0.0000,999,1000,999,1,469.4469
5890.0000,589,2574.5279,0.0000,1000,1000,1000,1,469.5764
5900.0000,590,2575.2474,0.0000,1000,1000,999,1,469.7039
5910.0000,591,2575.9628,0.0000,999,1000,999,1,466.7477
5920.0000,592,2576.6761,0.0000,999,1000,1000,1,465.3382
5930.0000,593,2577.3881,0.0000,1000,1000,1000,1,465.4695
5940.0000,594,2578.0967,0.0000,999,999,1000,1,462.5175
5950.0000,595,2578.8039,0.0000,999,1000,1000,1,462.6501
5960.0000,596,2579.5091,0.0000,999,1000,1000,1,463.5517
5970.0000,597,2580.2124,0.0000,999,1000,1000,1,464.4503
5980.0000,598,2580.9133,0.0000,999,1000,1000,1,465.3458
5990.0000,599,2581.6118,0.0000,1000,1000,1000,1,466.2384
6000.0000,600,2582.3078,0.0000,1000,1000,1000,1,467.1280
6010.0000,601,2583.0014,0.0000,1000,999,1000,1,467.2424
6020.0000,602,2583.6919,0.0000,1000,999,1000,1,467.3552
6030.0000,603,2584.3819,0.0000,999,999,1000,1,468.2385
6040.0000,604,2585.0680,0.0000,999,999,1000,1,468.3447
6050.0000,605,2585.7509,0.0000,998,999,999,1,467.6753
6060.0000,606,2586.4326,0.0000,1000,1000,1000,1,468.5537
6070.0000,607,2587.1130,0.0000,1000,999,1000,1,469.4293
6080.0000,608,2587.7913,0.0000,999,999,1000,1,470.3019
6090.0000,609,2588.4666,0.0000,999,999,1000,1,470.3978
6100.0000,610,2589.1393,0.0000,1000,1000,1000,1,468.9416
6110.0000,611,2589.8068,0.0000,1000,999,1000,1,467.4853
6120.0000,612,2590.4748,0.0000,999,999,1000,1,466.8045
6130.0000,613,2591.1405,0.0000,999,1000,1000,1,466.1251
6140.0000,614,2591.8044,0.0000,999,1000,1000,1,465.4461
6150.0000,615,2592.4677,0.0000,999,999,1000,1,466.3153
6160.0000,616,2593.1279,0.0000,999,1000,1000,1,467.1817
6170.0000,617,2593.7859,0.0000,1000,1000,1000,1,467.2697
6180.0000,618,2594.4420,0.0000,1000,1000,1000,1,468.1318
6190.0000,619,2595.0958,0.0000,1000,1000,1000,1,467.4383
6200.0000,620,2595.7479,0.0000,1000,999,1000,1,468.2973
6210.0000,621,2596.3976,0.0000,999,1000,1000,1,468.3765
6220.0000,622,2597.0453,0.0000,999,1000,1000,1,469.2312
6230.0000,623,2597.6908,0.0000,999,1000,1000,1,470.0832
6240.0000,624,2598.3341,0.0000,999,999,999,1,470.1547
6250.0000,625,2598.9748,0.0000,999,1000,1000,1,470.2245
6260.0000,626,2599.6145,0.0000,1000,1000,1000,1,470.2936
6270.0000,627,2600.2493,0.0000,999,999,999,1,468.0282
6280.0000,628,2600.8832,0.0000,1000,1000,999,1,466.5423
6290.0000,629,2601.5160,0.0000,999,1000,1000,1,465.8364
6300.0000,630,2602.1476,0.0000,1000,1000,1000,1,466.6843
6310.0000,631,2602.7751,0.0000,998,998,999,1,464.4199
6320.0000,632,2603.4016,0.0000,999,999,1000,1,463.7126
6330.0000,633,2604.0253,0.0000,1000,1000,1000,1,461.4521
6340.0000,634,2604.6478,0.0000,999,999,1000,1,460.7473
6350.0000,635,2605.2687,0.0000,999,999,999,1,459.2648
6360.0000,636,2605.8883,0.0000,998,999,1000,1,459.3369
6370.0000,637,2606.5036,0.0000,1000,999,1000,1,457.0768
6380.0000,638,2607.1187,0.0000,1000,1000,1000,1,456.3732
6390.0000,639,2607.7303,0.0000,999,999,1000,1,454.8911
6400.0000,640,2608.3416,0.0000,999,1000,1000,1,455.7429
6410.0000,641,2608.9508,0.0000,999,999,999,1,453.4810
6420.0000,642,2609.5550,0.0000,999,999,999,1,451.9994
6430.0000,643,2610.1612,0.0000,1000,1000,1000,1,452.8515
6440.0000,644,2610.7656,0.0000,1000,1000,1000,1,452.9233
6450.0000,645,2611.3677,0.0000,1000,1000,1000,1,452.9933
6460.0000,646,2611.9666,0.0000,1000,1000,999,1,452.2841
6470.0000,647,2612.5639,0.0000,1000,999,1000,1,451.5740
6480.0000,648,2613.1610,0.0000,1000,1000,1000,1,452.4203
6490.0000,649,2613.7565,0.0000,1000,1000,1000,1,452.4861
6500.0000,650,2614.3483,0.0000,1000,999,1000,1,450.9945
6510.0000,651,2614.9374,0.0000,999,1000,1000,1,449.5032
6520.0000,652,2615.5268,0.0000,999,1000,1000,1,448.7912
6530.0000,653,2616.1126,0.0000,999,1000,999,1,447.3019
6540.0000,654,2616.6981,0.0000,999,999,1000,1,447.3700
6550.0000,655,2617.2820,0.0000,999,1000,1000,1,447.4359
6560.0000,656,2617.8642,0.0000,1000,1000,1000,1,448.2782
6570.0000,657,2618.4442,0.0000,1000,999,999,1,447.5622
6580.0000,658,2619.0215,0.0000,999,999,1000,1,446.8465
6590.0000,659,2619.5982,0.0000,999,999,1000,1,446.9076
6600.0000,660,2620.1729,0.0000,999,999,999,1,445.4133
6610.0000,661,2620.7456,0.0000,1000,1000,999,1,445.4739
6620.0000,662,2621.3173,0.0000,1000,1000,1000,1,445.5341
6630.0000,663,2621.8876,0.0000,999,1000,1000,1,446.3704
6640.0000,664,2622.4552,0.0000,1000,1000,1000,1,444.0970
6650.0000,665,2623.0199,0.0000,999,1000,1000,1,443.3781
6660.0000,666,2623.5849,0.0000,999,1000,1000,1,444.2139
6670.0000,667,2624.1484,0.0000,999,1000,1000,1,445.0471
6680.0000,668,2624.7094,0.0000,999,1000,1000,1,444.3239
6690.0000,669,2625.2680,0.0000,999,1000,1000,1,442.0451
6700.0000,670,2625.8255,0.0000,999,1000,999,1,441.3219
6710.0000,671,2626.3821,0.0000,1000,1000,1000,1,442.1542
6720.0000,672,2626.9360,0.0000,999,1000,1000,1,440.6512
6730.0000,673,2627.4898,0.0000,1000,1000,1000,1,441.4823
6740.0000,674,2628.0411,0.0000,999,999,1000,1,441.5327
6750.0000,675,2628.5899,0.0000,1000,1000,1000,1,440.0262
6760.0000,676,2629.1381,0.0000,1000,1000,1000,1,440.8546
6770.0000,677,2629.6849,0.0000,999,1000,1000,1,440.9021
6780.0000,678,2630.2285,0.0000,999,1000,1000,1,439.3901
6790.0000,679,2630.7728,0.0000,999,1000,1000,1,440.2158
6800.0000,680,2631.3132,0.0000,999,999,1000,1,438.7029
6810.0000,681,2631.8511,0.0000,1000,1000,1000,1,436.4128
6820.0000,682,2632.3904,0.0000,1000,1000,1000,1,437.2392
6830.0000,683,2632.9277,0.0000,999,1000,1000,1,438.0632
6840.0000,684,2633.4632,0.0000,1000,1000,1000,1,437.3263
6850.0000,685,2633.9972,0.0000,999,1000,1000,1,437.3679
6860.0000,686,2634.5284,0.0000,999,1000,1000,1,435.0715
6870.0000,687,2635.0588,0.0000,1000,1000,1000,1,435.1148
6880.0000,688,2635.5883,0.0000,999,1000,1000,1,435.1571
6890.0000,689,2636.1162,0.0000,1000,1000,1000,1,435.9769
6900.0000,690,2636.6427,0.0000,999,999,999,1,435.2348
6910.0000,691,2637.1658,0.0000,1000,1000,1000,1,433.7135
6920.0000,692,2637.6888,0.0000,999,1000,1000,1,433.7527
6930.0000,693,2638.2085,0.0000,998,1000,999,1,433.0103
6940.0000,694,2638.7279,0.0000,999,1000,1000,1,433.8272
6950.0000,695,2639.2464,0.0000,999,999,1000,1,434.6418
6960.0000,696,2639.7635,0.0000,999,1000,1000,1,435.4541
6970.0000,697,2640.2793,0.0000,1000,1000,1000,1,434.7041
6980.0000,698,2640.7922,0.0000,1000,999,1000,1,433.9539
6990.0000,699,2641.3044,0.0000,1000,999,1000,1,433.9836
7000.0000,700,2641.8154,0.0000,1000,1000,1000,1,434.0110
7010.0000,701,2642.3254,0.0000,1000,1000,1000,1,434.0373
7020.0000,702,2642.8332,0.0000,999,1000,1000,1,432.5006
7030.0000,703,2643.3399,0.0000,1000,999,1000,1,432.5264
7040.0000,704,2643.8452,0.0000,1000,1000,1000,1,432.5508
7050.0000,705,2644.3497,0.0000,1000,1000,1000,1,433.3557
7060.0000,706,2644.8524,0.0000,999,1000,1000,1,433.3770
7070.0000,707,2645.3532,0.0000,1000,1000,1000,1,433.3964
7080.0000,708,2645.8523,0.0000,1000,1000,1000,1,432.6325
7090.0000,709,2646.3517,0.0000,999,1000,1000,1,433.4327
7100.0000,710,2646.8490,0.0000,999,999,1000,1,433.4484
7110.0000,711,2647.3435,0.0000,999,999,1000,1,431.8980
7120.0000,712,2647.8379,0.0000,1000,1000,1000,1,432.6959
7130.0000,713,2648.3308,0.0000,1000,1000,1000,1,433.4916
7140.0000,714,2648.8213,0.0000,1000,999,999,1,432.7172
7150.0000,715,2649.3112,0.0000,1000,1000,1000,1,432.7272
7160.0000,716,2649.8002,0.0000,1000,1000,1000,1,432.7363
7170.0000,717,2650.2875,0.0000,1000,1000,1000,1,432.7441
7180.0000,718,2650.7734,0.0000,1000,999,1000,1,432.7500
7190.0000,719,2651.2580,0.0000,999,1000,1000,1,433.5389
7200.0000,720,2651.7408,0.0000,1000,1000,1000,1,433.5412
7210.0000,721,2652.2224,0.0000,1000,1000,1000,1,433.5423
7220.0000,722,2652.7023,0.0000,999,1000,1000,1,433.5423
7230.0000,723,2653.1816,0.0000,999,1000,999,1,433.5402
7240.0000,724,2653.6594,0.0000,1000,999,1000,1,434.3226
7250.0000,725,2654.1344,0.0000,1000,999,999,1,433.5312
7260.0000,726,2654.6093,0.0000,1000,1000,1000,1,433.5264
7270.0000,727,2655.0833,0.0000,1000,1000,1000,1,434.3056
7280.0000,728,2655.5558,0.0000,998,998,999,1,433.5109
7290.0000,729,2656.0265,0.0000,1000,1000,1000,1,433.5021
7300.0000,730,2656.4954,0.0000,1000,1000,1000,1,431.1363
7310.0000,731,2656.9645,0.0000,1000,999,1000,1,431.1289
7320.0000,732,2657.4316,0.0000,999,999,999,1,430.3345
7330.0000,733,2657.8975,0.0000,1000,1000,1000,1,429.5418
7340.0000,734,2658.3623,0.0000,1000,1000,1000,1,428.7482
7350.0000,735,2658.8260,0.0000,999,1000,1000,1,428.7397
7360.0000,736,2659.2885,0.0000,999,1000,1000,1,428.7305
7370.0000,737,2659.7474,0.0000,1000,999,998,1,427.9327
7380.0000,738,2660.2071,0.0000,999,999,1000,1,427.9211
7390.0000,739,2660.6652,0.0000,999,1000,1000,1,425.5515
7400.0000,740,2661.1213,0.0000,999,999,1000,1,424.7557
7410.0000,741,2661.5771,0.0000,1000,1000,1000,1,423.9608
7420.0000,742,2662.0323,0.0000,999,1000,1000,1,423.9519
7430.0000,743,2662.4854,0.0000,1000,1000,1000,1,423.9412
7440.0000,744,2662.9375,0.0000,999,1000,1000,1,423.1449
7450.0000,745,2663.3881,0.0000,1000,1000,1000,1,423.1332
7460.0000,746,2663.8390,0.0000,1000,1000,1000,1,423.9065
7470.0000,747,2664.2882,0.0000,1000,1000,1000,1,423.1057
7480.0000,748,2664.7347,0.0000,1000,1000,1000,1,422.3040
7490.0000,749,2665.1816,0.0000,1000,1000,1000,1,422.2896
7500.0000,750,2665.6270,0.0000,999,1000,1000,1,421.4869
7510.0000,751,2666.0709,0.0000,1000,1000,1000,1,420.6843
7520.0000,752,2666.5143,0.0000,999,1000,1000,1,421.4547
7530.0000,753,2666.9560,0.0000,1000,999,999,1,420.6487
7540.0000,754,2667.3965,0.0000,1000,999,1000,1,420.6310
7550.0000,755,2667.8357,0.0000,999,999,1000,1,420.6110
7560.0000,756,2668.2740,0.0000,1000,1000,1000,1,421.3774
7570.0000,757,2668.7106,0.0000,999,1000,1000,1,419.7797
7580.0000,758,2669.1456,0.0000,1000,1000,1000,1,418.1844
7590.0000,759,2669.5809,0.0000,1000,1000,1000,1,418.9510
7600.0000,760,2670.0140,0.0000,999,1000,1000,1,418.1415
7610.0000,761,2670.4467,0.0000,1000,1000,1000,1,418.9061
7620.0000,762,2670.8778,0.0000,999,1000,999,1,418.0930
7630.0000,763,2671.3084,0.0000,999,1000,1000,1,418.0682
7640.0000,764,2671.7366,0.0000,999,999,1000,1,417.2547
7650.0000,765,2672.1636,0.0000,999,999,999,1,415.6525
7660.0000,766,2672.5896,0.0000,999,1000,1000,1,414.0511
7670.0000,767,2673.0157,0.0000,1000,1000,1000,1,414.8150
7680.0000,768,2673.4395,0.0000,998,1000,1000,1,414.0005
7690.0000,769,2673.8619,0.0000,1000,999,1000,1,412.3981
7700.0000,770,2674.2831,0.0000,998,998,999,1,411.5851
7710.0000,771,2674.7034,0.0000,999,999,999,1,408.4099
7720.0000,772,2675.1215,0.0000,1000,998,1000,1,406.0265
7730.0000,773,2675.5404,0.0000,999,999,999,1,403.6502
7740.0000,774,2675.9559,0.0000,999,999,1000,1,401.2760
7750.0000,775,2676.3727,0.0000,1000,1000,1000,1,401.2629
7760.0000,776,2676.7887,0.0000,999,999,1000,1,402.0345
7770.0000,777,2677.2031,0.0000,1000,1000,1000,1,401.2321
7780.0000,778,2677.6171,0.0000,999,999,999,1,401.2147
7790.0000,779,2678.0298,0.0000,1000,1000,1000,1,401.1963
7800.0000,780,2678.4415,0.0000,999,999,1000,1,401.9639
7810.0000,781,2678.8523,0.0000,1000,1000,1000,1,401.9432
7820.0000,782,2679.2608,0.0000,999,999,1000,1,401.9206
7830.0000,783,2679.6687,0.0000,999,1000,1000,1,400.3228
7840.0000,784,2680.0760,0.0000,999,999,999,1,399.5135
7850.0000,785,2680.4808,0.0000,999,1000,999,1,395.5599
7860.0000,786,2680.8860,0.0000,999,999,999,1,393.9697
7870.0000,787,2681.2896,0.0000,1000,999,1000,1,393.9528
7880.0000,788,2681.6930,0.0000,1000,1000,1000,1,393.9356
7890.0000,789,2682.0955,0.0000,1000,1000,1000,1,393.1313
7900.0000,790,2682.4966,0.0000,999,1000,999,1,391.5391
7910.0000,791,2682.8973,0.0000,1000,1000,1000,1,392.3079
7920.0000,792,2683.2971,0.0000,999,1000,1000,1,393.0752
7930.0000,793,2683.6946,0.0000,999,1000,1000,1,392.2667
7940.0000,794,2684.0923,0.0000,1000,1000,1000,1,393.0322
7950.0000,795,2684.4892,0.0000,1000,1000,1000,1,393.0082
7960.0000,796,2684.8841,0.0000,1000,1000,1000,1,391.4160
7970.0000,797,2685.2783,0.0000,1000,1000,1000,1,391.3974
7980.0000,798,2685.6718,0.0000,1000,1000,1000,1,392.1600
7990.0000,799,2686.0629,0.0000,1000,1000,999,1,389.0199
8000.0000,800,2686.4535,0.0000,999,999,1000,1,387.4509
8010.0000,801,2686.8441,0.0000,999,999,1000,1,386.6613
8020.0000,802,2687.2333,0.0000,999,1000,1000,1,386.6503
8030.0000,803,2687.6197,0.0000,998,998,999,1,382.7643
8040.0000,804,2688.0055,0.0000,998,999,1000,1,381.2151
8050.0000,805,2688.3911,0.0000,999,1000,999,1,378.9025
8060.0000,806,2688.7761,0.0000,999,999,1000,1,378.1340
8070.0000,807,2689.1609,0.0000,999,999,1000,1,378.9046
8080.0000,808,2689.5444,0.0000,1000,1000,1000,1,378.9038
8090.0000,809,2689.9271,0.0000,999,1000,1000,1,379.6715
8100.0000,810,2690.3092,0.0000,1000,1000,1000,1,379.6688
8110.0000,811,2690.6894,0.0000,1000,1000,1000,1,377.3705
8120.0000,812,2691.0685,0.0000,999,1000,1000,1,376.6121
8130.0000,813,2691.4468,0.0000,1000,1000,1000,1,375.0908
8140.0000,814,2691.8251,0.0000,1000,1000,1000,1,375.0964
8150.0000,815,2692.2020,0.0000,998,1000,999,1,374.3403
8160.0000,816,2692.5766,0.0000,1000,999,999,1,373.5841
8170.0000,817,2692.9521,0.0000,1000,1000,1000,1,374.3508
8180.0000,818,2693.3261,0.0000,1000,1000,1000,1,373.5931
8190.0000,819,2693.6997,0.0000,1000,999,1000,1,373.5963
8200.0000,820,2694.0727,0.0000,1000,1000,1000,1,374.3602
8210.0000,821,2694.4444,0.0000,999,1000,1000,1,374.3610
8220.0000,822,2694.8150,0.0000,999,1000,1000,1,374.3610
8230.0000,823,2695.1855,0.0000,999,1000,1000,1,375.1212
8240.0000,824,2695.5515,0.0000,997,997,998,1,372.0851
8250.0000,825,2695.9146,0.0000,999,1000,1000,1,369.8415
8260.0000,826,2696.2821,0.0000,999,999,1000,1,370.6044
8270.0000,827,2696.6487,0.0000,1000,1000,1000,1,371.3654
8280.0000,828,2697.0142,0.0000,1000,1000,1000,1,371.3776
8290.0000,829,2697.3784,0.0000,999,1000,999,1,371.3881
8300.0000,830,2697.7421,0.0000,999,1000,1000,1,371.4003
8310.0000,831,2698.1047,0.0000,1000,1000,1000,1,371.4123
8320.0000,832,2698.4658,0.0000,999,1000,1000,1,371.4235
8330.0000,833,2698.8265,0.0000,999,999,999,1,371.4327
8340.0000,834,2699.1850,0.0000,1000,1000,1000,1,372.1858
8350.0000,835,2699.5443,0.0000,1000,1000,1000,1,372.1932
8360.0000,836,2699.9027,0.0000,1000,1000,1000,1,370.7112
8370.0000,837,2700.2598,0.0000,998,999,999,1,370.7213
8380.0000,838,2700.6165,0.0000,1000,1000,1000,1,370.7329
8390.0000,839,2700.9730,0.0000,999,999,1000,1,371.4829
8400.0000,840,2701.3276,0.0000,999,1000,999,1,370.0169
8410.0000,841,2701.6818,0.0000,999,1000,1000,1,370.7659
8420.0000,842,2702.0340,0.0000,999,1000,1000,1,368.5639
8430.0000,843,2702.3863,0.0000,1000,1000,1000,1,368.5761
8440.0000,844,2702.7376,0.0000,999,999,1000,1,367.8537
8450.0000,845,2703.0877,0.0000,999,1000,1000,1,367.1329
8460.0000,846,2703.4373,0.0000,1000,1000,1000,1,366.4142
8470.0000,847,2703.7867,0.0000,999,1000,1000,1,367.1623
8480.0000,848,2704.1336,0.0000,1000,999,1000,1,366.4428
8490.0000,849,2704.4811,0.0000,1000,1000,1000,1,366.4570
8500.0000,850,2704.8272,0.0000,999,999,999,1,365.0064
8510.0000,851,2705.1727,0.0000,999,999,1000,1,365.0211
8520.0000,852,2705.5175,0.0000,998,999,999,1,364.3066
8530.0000,853,2705.8612,0.0000,1000,1000,1000,1,365.0518
8540.0000,854,2706.2044,0.0000,999,999,1000,1,364.3355
8550.0000,855,2706.5470,0.0000,1000,1000,1000,1,363.6213
8560.0000,856,2706.8887,0.0000,999,1000,1000,1,362.9088
8570.0000,857,2707.2296,0.0000,1000,1000,1000,1,362.9251
8580.0000,858,2707.5693,0.0000,1000,999,1000,1,362.2117
8590.0000,859,2707.9082,0.0000,1000,1000,999,1,360.0531
8600.0000,860,2708.2465,0.0000,999,1000,1000,1,359.3488
8610.0000,861,2708.5825,0.0000,998,999,1000,1,357.9272
8620.0000,862,2708.9195,0.0000,1000,1000,1000,1,358.6721
8630.0000,863,2709.2553,0.0000,998,1000,1000,1,357.9719
8640.0000,864,2709.5903,0.0000,1000,1000,1000,1,357.2731
8650.0000,865,2709.9244,0.0000,999,1000,1000,1,355.8634
8660.0000,866,2710.2576,0.0000,998,1000,999,1,355.1807
8670.0000,867,2710.5888,0.0000,999,1000,1000,1,355.2131
8680.0000,868,2710.9217,0.0000,998,999,999,1,355.2460
8690.0000,869,2711.2523,0.0000,998,1000,999,1,354.5710
8700.0000,870,2711.5822,0.0000,1000,1000,1000,1,353.8962
8710.0000,871,2711.9125,0.0000,999,1000,1000,1,353.9310
8720.0000,872,2712.2421,0.0000,999,1000,1000,1,353.9650
8730.0000,873,2712.5705,0.0000,999,999,1000,1,353.2910
8740.0000,874,2712.8985,0.0000,1000,1000,1000,1,353.3254
8750.0000,875,2713.2264,0.0000,1000,1000,1000,1,354.0645
8760.0000,876,2713.5527,0.0000,1000,1000,999,1,354.0960
8770.0000,877,2713.8779,0.0000,1000,999,1000,1,353.4217
8780.0000,878,2714.2019,0.0000,1000,1000,999,1,352.7475
8790.0000,879,2714.5259,0.0000,999,999,1000,1,353.4838
8800.0000,880,2714.8491,0.0000,1000,1000,1000,1,351.4009
8810.0000,881,2715.1718,0.0000,999,1000,999,1,351.4334
8820.0000,882,2715.4936,0.0000,1000,1000,1000,1,352.1686
8830.0000,883,2715.8157,0.0000,1000,1000,1000,1,352.9023
8840.0000,884,2716.1362,0.0000,1000,1000,1000,1,352.9300
8850.0000,885,2716.4566,0.0000,1000,1000,1000,1,353.6612
8860.0000,886,2716.7764,0.0000,999,1000,1000,1,354.3907
8870.0000,887,2717.0946,0.0000,999,1000,1000,1,354.4142
8880.0000,888,2717.4122,0.0000,999,1000,1000,1,355.1412
8890.0000,889,2717.7279,0.0000,999,999,1000,1,353.7540
8900.0000,890,2718.0434,0.0000,999,999,1000,1,353.0737
8910.0000,891,2718.3586,0.0000,1000,1000,1000,1,353.0973
8920.0000,892,2718.6729,0.0000,999,1000,1000,1,353.1195
8930.0000,893,2718.9861,0.0000,1000,1000,1000,1,353.1410
8940.0000,894,2719.2997,0.0000,999,1000,1000,1,353.1619
8950.0000,895,2719.6119,0.0000,1000,1000,1000,1,353.1825
8960.0000,896,2719.9244,0.0000,999,1000,1000,1,353.9044
8970.0000,897,2720.2360,0.0000,1000,1000,1000,1,354.6247
8980.0000,898,2720.5469,0.0000,1000,1000,1000,1,355.3433
8990.0000,899,2720.8558,0.0000,999,1000,1000,1,354.6604
9000.0000,900,2721.1642,0.0000,998,999,1000,1,351.2001
9010.0000,901,2721.4713,0.0000,999,999,999,1,349.1538
9020.0000,902,2721.7790,0.0000,999,1000,1000,1,349.8753
9030.0000,903,2722.0856,0.0000,1000,1000,1000,1,349.2214
9040.0000,904,2722.3927,0.0000,999,999,999,1,349.2541
9050.0000,905,2722.6987,0.0000,1000,1000,1000,1,349.2859
9060.0000,906,2723.0031,0.0000,1000,999,1000,1,348.6307
9070.0000,907,2723.3075,0.0000,999,1000,1000,1,348.6632
9080.0000,908,2723.6107,0.0000,999,1000,999,1,347.3265
9090.0000,909,2723.9136,0.0000,998,999,999,1,346.6787
9100.0000,910,2724.2152,0.0000,999,1000,999,1,345.3500
9110.0000,911,2724.5157,0.0000,1000,1000,1000,1,344.7054
9120.0000,912,2724.8165,0.0000,999,999,1000,1,344.7426
9130.0000,913,2725.1150,0.0000,999,1000,1000,1,342.0650
9140.0000,914,2725.4149,0.0000,1000,1000,1000,1,342.1080
9150.0000,915,2725.7142,0.0000,999,1000,1000,1,341.4729
9160.0000,916,2726.0120,0.0000,1000,999,1000,1,341.5145
9170.0000,917,2726.3096,0.0000,1000,1000,1000,1,340.8784
9180.0000,918,2726.6062,0.0000,1000,1000,1000,1,339.5680
9190.0000,919,2726.9031,0.0000,1000,1000,1000,1,339.6112
9200.0000,920,2727.1989,0.0000,1000,1000,1000,1,339.6532
9210.0000,921,2727.4912,0.0000,998,1000,999,1,337.0009
9220.0000,922,2727.7837,0.0000,999,1000,999,1,334.3632
9230.0000,923,2728.0773,0.0000,999,999,1000,1,334.4132
9240.0000,924,2728.3698,0.0000,1000,999,1000,1,331.7878
9250.0000,925,2728.6623,0.0000,1000,1000,1000,1,332.5102
9260.0000,926,2728.9544,0.0000,1000,1000,1000,1,333.2311
9270.0000,927,2729.2463,0.0000,999,1000,1000,1,333.2822
9280.0000,928,2729.5369,0.0000,999,999,1000,1,332.0021
9290.0000,929,2729.8273,0.0000,1000,1000,1000,1,330.7293
9300.0000,930,2730.1156,0.0000,999,999,999,1,330.1216
9310.0000,931,2730.4042,0.0000,999,999,999,1,329.5188
9320.0000,932,2730.6916,0.0000,999,999,1000,1,328.9172
9330.0000,933,2730.9797,0.0000,1000,1000,1000,1,328.9774
9340.0000,934,2731.2673,0.0000,1000,1000,1000,1,329.6958
9350.0000,935,2731.5544,0.0000,999,1000,1000,1,330.4128
9360.0000,936,2731.8399,0.0000,1000,1000,1000,1,330.4692
9370.0000,937,2732.1251,0.0000,999,999,1000,1,330.5253
9380.0000,938,2732.4093,0.0000,999,999,999,1,330.5806
9390.0000,939,2732.6934,0.0000,1000,999,1000,1,331.2934
9400.0000,940,2732.9766,0.0000,999,999,999,1,330.6882
9410.0000,941,2733.2595,0.0000,1000,1000,1000,1,331.3993
9420.0000,942,2733.5414,0.0000,1000,999,999,1,330.1440
9430.0000,943,2733.8234,0.0000,999,1000,1000,1,330.8544
9440.0000,944,2734.1036,0.0000,1000,1000,1000,1,330.2612
9450.0000,945,2734.3843,0.0000,999,998,999,1,330.3182
9460.0000,946,2734.6632,0.0000,999,1000,1000,1,328.4298
9470.0000,947,2734.9424,0.0000,999,999,1000,1,328.4935
9480.0000,948,2735.2197,0.0000,1000,1000,1000,1,327.9127
9490.0000,949,2735.4971,0.0000,1000,1000,1000,1,326.6914
9500.0000,950,2735.7750,0.0000,999,999,1000,1,326.7580
9510.0000,951,2736.0517,0.0000,1000,1000,1000,1,325.5418
9520.0000,952,2736.3277,0.0000,1000,999,999,1,324.3262
9530.0000,953,2736.6027,0.0000,999,1000,1000,1,323.7543
9540.0000,954,2736.8770,0.0000,999,1000,1000,1,321.9052
9550.0000,955,2737.1515,0.0000,999,999,999,1,321.3386
9560.0000,956,2737.4249,0.0000,999,999,1000,1,321.4108
9570.0000,957,2737.6981,0.0000,1000,999,1000,1,321.4819
9580.0000,958,2737.9705,0.0000,1000,1000,1000,1,320.9165
9590.0000,959,2738.2433,0.0000,999,999,1000,1,320.9885
9600.0000,960,2738.5141,0.0000,1000,999,1000,1,321.0618
9610.0000,961,2738.7857,0.0000,999,999,999,1,321.1336
9620.0000,962,2739.0561,0.0000,999,1000,1000,1,320.5730
9630.0000,963,2739.3255,0.0000,1000,1000,1000,1,318.7640
9640.0000,964,2739.5945,0.0000,999,1000,1000,1,317.5933
9650.0000,965,2739.8630,0.0000,999,999,999,1,317.6749
9660.0000,966,2740.1309,0.0000,999,999,1000,1,317.7560
9670.0000,967,2740.3986,0.0000,1000,999,1000,1,316.5894
9680.0000,968,2740.6652,0.0000,998,998,1000,1,316.6712
9690.0000,969,2740.9316,0.0000,1000,1000,1000,1,316.7537
9700.0000,970,2741.1974,0.0000,1000,1000,1000,1,315.5908
9710.0000,971,2741.4634,0.0000,1000,1000,1000,1,315.6726
9720.0000,972,2741.7287,0.0000,1000,1000,1000,1,316.3767
9730.0000,973,2741.9915,0.0000,1000,1000,1000,1,315.2118
9740.0000,974,2742.2559,0.0000,1000,1000,1000,1,315.9148
9750.0000,975,2742.5189,0.0000,1000,999,1000,1,315.3715
9760.0000,976,2742.7816,0.0000,999,999,1000,1,315.4503
9770.0000,977,2743.0433,0.0000,1000,1000,1000,1,313.0442
9780.0000,978,2743.3054,0.0000,999,1000,1000,1,313.7466
9790.0000,979,2743.5663,0.0000,1000,1000,1000,1,313.2072
9800.0000,980,2743.8273,0.0000,999,1000,1000,1,313.2874
9810.0000,981,2744.0877,0.0000,999,999,1000,1,313.3674
9820.0000,982,2744.3467,0.0000,999,1000,1000,1,312.2060
9830.0000,983,2744.6059,0.0000,999,1000,1000,1,312.9057
9840.0000,984,2744.8640,0.0000,1000,1000,1000,1,312.3646
9850.0000,985,2745.1221,0.0000,998,999,1000,1,311.8264
9860.0000,986,2745.3794,0.0000,999,999,1000,1,310.6726
9870.0000,987,2745.6360,0.0000,999,1000,1000,1,308.9026
9880.0000,988,2745.8925,0.0000,999,999,999,1,308.3701
9890.0000,989,2746.1482,0.0000,999,999,1000,1,307.2236
9900.0000,990,2746.4033,0.0000,999,1000,999,1,306.0807
9910.0000,991,2746.6581,0.0000,999,999,1000,1,305.5558
9920.0000,992,2746.9104,0.0000,998,999,999,1,305.0300
9930.0000,993,2747.1642,0.0000,1000,1000,1000,1,305.1163
9940.0000,994,2747.4168,0.0000,1000,1000,1000,1,304.5916
9950.0000,995,2747.6696,0.0000,1000,1000,999,1,303.4549
9960.0000,996,2747.9216,0.0000,999,1000,1000,1,304.1537
9970.0000,997,2748.1724,0.0000,998,999,1000,1,301.7931
9980.0000,998,2748.4238,0.0000,999,1000,1000,1,301.8825
9990.0000,999,2748.6747,0.0000,999,1000,1000,1,301.3607
10000.0000,1000,2748.9247,0.0000,1000,999,1000,1,301.4491
10010.0000,1001,2749.1741,0.0000,999,999,999,1,300.3185
10020.0000,1002,2749.4219,0.0000,997,998,999,1,299.7978
10030.0000,1003,2749.6698,0.0000,998,1000,1000,1,298.6712
10040.0000,1004,2749.9173,0.0000,999,1000,1000,1,298.1571
10050.0000,1005,2750.1652,0.0000,999,1000,1000,1,298.2490
10060.0000,1006,2750.4124,0.0000,1000,1000,1000,1,297.7351
10070.0000,1007,2750.6596,0.0000,999,1000,1000,1,298.4325
10080.0000,1008,2750.9063,0.0000,999,1000,1000,1,299.1285
10090.0000,1009,2751.1524,0.0000,1000,1000,1000,1,299.2175
10100.0000,1010,2751.3983,0.0000,1000,1000,1000,1,299.3071
10110.0000,1011,2751.6435,0.0000,1000,1000,1000,1,299.3951
10120.0000,1012,2751.8882,0.0000,1000,1000,1000,1,300.0874
10130.0000,1013,2752.1328,0.0000,999,999,1000,1,300.7783
10140.0000,1014,2752.3763,0.0000,999,1000,1000,1,300.2581
10150.0000,1015,2752.6185,0.0000,998,999,1000,1,298.5380
10160.0000,1016,2752.8610,0.0000,1000,1000,1000,1,298.6279
10170.0000,1017,2753.1031,0.0000,999,1000,1000,1,299.3175
10180.0000,1018,2753.3441,0.0000,999,999,1000,1,298.8027
10190.0000,1019,2753.5856,0.0000,999,1000,1000,1,299.4909
10200.0000,1020,2753.8264,0.0000,1000,999,999,1,299.5766
10210.0000,1021,2754.0664,0.0000,999,999,1000,1,300.2623
10220.0000,1022,2754.3051,0.0000,998,1000,1000,1,299.7465
10230.0000,1023,2754.5443,0.0000,999,1000,1000,1,299.8303
10240.0000,1024,2754.7829,0.0000,1000,1000,1000,1,299.3148
10250.0000,1025,2755.0214,0.0000,1000,1000,1000,1,299.3987
10260.0000,1026,2755.2597,0.0000,1000,1000,1000,1,300.0816
10270.0000,1027,2755.4975,0.0000,999,1000,1000,1,300.7631
10280.0000,1028,2755.7338,0.0000,999,999,999,1,300.2439
10290.0000,1029,2755.9698,0.0000,999,999,1000,1,300.3255
10300.0000,1030,2756.2050,0.0000,1000,1000,1000,1,299.8147
10310.0000,1031,2756.4402,0.0000,1000,1000,1000,1,299.3045
10320.0000,1032,2756.6757,0.0000,1000,1000,1000,1,299.9835
10330.0000,1033,2756.9098,0.0000,999,999,1000,1,298.2841
10340.0000,1034,2757.1433,0.0000,998,999,999,1,297.7777
10350.0000,1035,2757.3765,0.0000,999,1000,1000,1,297.8636
10360.0000,1036,2757.6099,0.0000,1000,1000,1000,1,298.5413
10370.0000,1037,2757.8430,0.0000,999,1000,1000,1,299.2177
10380.0000,1038,2758.0753,0.0000,1000,1000,1000,1,299.8929
10390.0000,1039,2758.3080,0.0000,999,1000,1000,1,300.5667
10400.0000,1040,2758.5397,0.0000,999,1000,1000,1,301.2392
10410.0000,1041,2758.7703,0.0000,998,999,999,1,300.1292
10420.0000,1042,2758.9998,0.0000,1000,999,1000,1,298.4342
10430.0000,1043,2759.2301,0.0000,1000,1000,1000,1,298.5164
10440.0000,1044,2759.4594,0.0000,999,999,1000,1,298.0058
10450.0000,1045,2759.6888,0.0000,1000,1000,1000,1,297.4944
10460.0000,1046,2759.9176,0.0000,999,999,999,1,296.3918
10470.0000,1047,2760.1462,0.0000,1000,1000,1000,1,297.0638
10480.0000,1048,2760.3745,0.0000,999,1000,1000,1,297.7346
10490.0000,1049,2760.6018,0.0000,1000,1000,1000,1,297.2217
10500.0000,1050,2760.8291,0.0000,1000,1000,1000,1,297.8910
10510.0000,1051,2761.0562,0.0000,1000,1000,1000,1,297.9678
10520.0000,1052,2761.2822,0.0000,1000,999,1000,1,298.0448
10530.0000,1053,2761.5081,0.0000,1000,1000,1000,1,297.5308
10540.0000,1054,2761.7335,0.0000,999,1000,1000,1,297.6067
10550.0000,1055,2761.9584,0.0000,999,1000,1000,1,296.5066
10560.0000,1056,2762.1827,0.0000,1000,1000,1000,1,295.9998
10570.0000,1057,2762.4068,0.0000,1000,1000,999,1,296.0788
10580.0000,1058,2762.6310,0.0000,1000,1000,1000,1,296.7440
10590.0000,1059,2762.8530,0.0000,999,1000,1000,1,294.4799
10600.0000,1060,2763.0754,0.0000,1000,1000,1000,1,293.3983
10610.0000,1061,2763.2977,0.0000,999,1000,1000,1,292.9026
10620.0000,1062,2763.5194,0.0000,998,998,999,1,291.8263
10630.0000,1063,2763.7400,0.0000,999,1000,999,1,290.7515
10640.0000,1064,2763.9612,0.0000,999,1000,1000,1,290.8390
10650.0000,1065,2764.1818,0.0000,998,999,999,1,290.3459
10660.0000,1066,2764.4024,0.0000,999,999,1000,1,291.0115
10670.0000,1067,2764.6222,0.0000,999,1000,1000,1,289.9423
10680.0000,1068,2764.8404,0.0000,1000,1000,1000,1,288.3025
10690.0000,1069,2765.0598,0.0000,1000,999,1000,1,288.9683
10700.0000,1070,2765.2786,0.0000,1000,1000,1000,1,289.6328
10710.0000,1071,2765.4967,0.0000,1000,1000,999,1,289.1434
10720.0000,1072,2765.7147,0.0000,1000,999,1000,1,289.8063
10730.0000,1073,2765.9329,0.0000,1000,1000,1000,1,290.4682
10740.0000,1074,2766.1499,0.0000,1000,1000,1000,1,291.1289
10750.0000,1075,2766.3666,0.0000,999,999,1000,1,291.7883
10760.0000,1076,2766.5829,0.0000,1000,1000,1000,1,292.4465
10770.0000,1077,2766.7990,0.0000,1000,999,999,1,292.5249
10780.0000,1078,2767.0142,0.0000,1000,1000,1000,1,292.0251
10790.0000,1079,2767.2293,0.0000,1000,1000,1000,1,292.1035
10800.0000,1080,2767.4432,0.0000,999,998,999,1,291.0260
10810.0000,1081,2767.6574,0.0000,1000,999,1000,1,291.1051
10820.0000,1082,2767.8711,0.0000,1000,1000,1000,1,290.6067
10830.0000,1083,2768.0841,0.0000,999,999,999,1,289.5312
10840.0000,1084,2768.2970,0.0000,999,1000,999,1,289.0328
10850.0000,1085,2768.5095,0.0000,1000,1000,999,1,288.5368
10860.0000,1086,2768.7215,0.0000,1000,1000,1000,1,288.0435
10870.0000,1087,2768.9336,0.0000,1000,1000,1000,1,288.1242
10880.0000,1088,2769.1446,0.0000,999,1000,1000,1,287.6301
10890.0000,1089,2769.3556,0.0000,998,999,1000,1,287.7095
10900.0000,1090,2769.5661,0.0000,998,1000,1000,1,287.7884
10910.0000,1091,2769.7767,0.0000,999,1000,1000,1,288.4412
10920.0000,1092,2769.9861,0.0000,999,1000,1000,1,287.9424
10930.0000,1093,2770.1959,0.0000,999,1000,1000,1,288.0202
10940.0000,1094,2770.4052,0.0000,999,1000,999,1,288.0984
10950.0000,1095,2770.6127,0.0000,1000,1000,1000,1,285.8983
10960.0000,1096,2770.8202,0.0000,999,1000,1000,1,285.4157
10970.0000,1097,2771.0276,0.0000,1000,1000,1000,1,284.9344
10980.0000,1098,2771.2346,0.0000,1000,1000,1000,1,283.8903
10990.0000,1099,2771.4421,0.0000,999,999,1000,1,283.9775
11000.0000,1100,2771.6487,0.0000,999,1000,1000,1,283.5008
11010.0000,1101,2771.8556,0.0000,999,999,1000,1,284.1515
11020.0000,1102,2772.0613,0.0000,1000,1000,1000,1,283.1092
11030.0000,1103,2772.2673,0.0000,999,1000,1000,1,283.7592
11040.0000,1104,2772.4722,0.0000,999,1000,1000,1,282.7213
11050.0000,1105,2772.6768,0.0000,1000,1000,1000,1,282.2479
11060.0000,1106,2772.8807,0.0000,998,998,998,1,281.2128
11070.0000,1107,2773.0841,0.0000,1000,999,1000,1,281.3005
11080.0000,1108,2773.2882,0.0000,1000,1000,1000,1,281.9492
11090.0000,1109,2773.4921,0.0000,999,1000,1000,1,282.5966
11100.0000,1110,2773.6955,0.0000,1000,1000,1000,1,283.2429
11110.0000,1111,2773.8986,0.0000,1000,1000,1000,1,282.7642
11120.0000,1112,2774.1010,0.0000,999,998,998,1,282.2896
11130.0000,1113,2774.3026,0.0000,999,999,1000,1,281.8159
11140.0000,1114,2774.5033,0.0000,1000,1000,1000,1,280.2241
11150.0000,1115,2774.7047,0.0000,1000,1000,1000,1,279.7519
11160.0000,1116,2774.9054,0.0000,999,1000,999,1,278.7208
11170.0000,1117,2775.1057,0.0000,1000,999,1000,1,278.2487
11180.0000,1118,2775.3057,0.0000,999,1000,1000,1,278.3366
11190.0000,1119,2775.5050,0.0000,999,999,999,1,275.6392
11200.0000,1120,2775.7047,0.0000,1000,1000,1000,1,275.7326
11210.0000,1121,2775.9029,0.0000,999,1000,1000,1,274.7180
11220.0000,1122,2776.0991,0.0000,999,998,1000,1,273.1560
11230.0000,1123,2776.2977,0.0000,1000,999,1000,1,273.2542
11240.0000,1124,2776.4954,0.0000,999,999,999,1,272.8009
11250.0000,1125,2776.6931,0.0000,999,999,1000,1,272.3485
11260.0000,1126,2776.8899,0.0000,1000,1000,999,1,270.8035
11270.0000,1127,2777.0859,0.0000,999,999,999,1,270.3550
11280.0000,1128,2777.2822,0.0000,998,998,999,1,269.3606
11290.0000,1129,2777.4786,0.0000,999,1000,1000,1,270.0076
11300.0000,1130,2777.6739,0.0000,998,999,999,1,268.4699
11310.0000,1131,2777.8690,0.0000,1000,1000,1000,1,269.1166
11320.0000,1132,2778.0647,0.0000,999,1000,1000,1,269.7622
11330.0000,1133,2778.2595,0.0000,1000,1000,1000,1,269.3194
11340.0000,1134,2778.4540,0.0000,999,1000,1000,1,269.4197
11350.0000,1135,2778.6484,0.0000,1000,1000,1000,1,268.9766
11360.0000,1136,2778.8427,0.0000,1000,1000,1000,1,269.6201
11370.0000,1137,2779.0370,0.0000,999,999,1000,1,270.2624
11380.0000,1138,2779.2296,0.0000,998,1000,999,1,269.2750
11390.0000,1139,2779.4213,0.0000,999,999,1000,1,269.3737
11400.0000,1140,2779.6138,0.0000,1000,1000,1000,1,269.4719
11410.0000,1141,2779.8061,0.0000,999,1000,1000,1,269.0264
11420.0000,1142,2779.9985,0.0000,999,999,1000,1,269.1246
11430.0000,1143,2780.1906,0.0000,999,1000,1000,1,269.7640
11440.0000,1144,2780.3809,0.0000,1000,1000,999,1,268.7797
11450.0000,1145,2780.5720,0.0000,1000,1000,1000,1,269.4182
11460.0000,1146,2780.7625,0.0000,1000,1000,1000,1,268.4386
11470.0000,1147,2780.9526,0.0000,1000,999,1000,1,268.0015
11480.0000,1148,2781.1422,0.0000,999,1000,1000,1,267.5670
11490.0000,1149,2781.3306,0.0000,1000,1000,1000,1,264.9935
11500.0000,1150,2781.5204,0.0000,1000,1000,1000,1,265.6327
11510.0000,1151,2781.7083,0.0000,1000,1000,1000,1,264.1385
11520.0000,1152,2781.8972,0.0000,999,999,1000,1,264.7772
11530.0000,1153,2782.0858,0.0000,999,1000,1000,1,264.8846
11540.0000,1154,2782.2736,0.0000,999,999,1000,1,264.9914
11550.0000,1155,2782.4605,0.0000,1000,1000,1000,1,262.9768
11560.0000,1156,2782.6479,0.0000,999,999,999,1,263.0840
11570.0000,1157,2782.8353,0.0000,999,1000,1000,1,263.7208
11580.0000,1158,2783.0217,0.0000,999,999,999,1,262.2349
11590.0000,1159,2783.2068,0.0000,999,1000,1000,1,260.2234
11600.0000,1160,2783.3929,0.0000,1000,1000,1000,1,260.3320
11610.0000,1161,2783.5790,0.0000,999,999,999,1,259.9113
11620.0000,1162,2783.7641,0.0000,999,999,1000,1,259.4897
11630.0000,1163,2783.9493,0.0000,999,1000,1000,1,259.5977
11640.0000,1164,2784.1340,0.0000,1000,999,1000,1,259.1755
11650.0000,1165,2784.3181,0.0000,1000,1000,1000,1,257.7011
11660.0000,1166,2784.5022,0.0000,1000,1000,1000,1,257.8105
11670.0000,1167,2784.6868,0.0000,1000,1000,1000,1,258.4465
11680.0000,1168,2784.8706,0.0000,999,999,1000,1,258.5537
11690.0000,1169,2785.0538,0.0000,1000,1000,1000,1,259.1880
11700.0000,1170,2785.2371,0.0000,999,1000,1000,1,259.8212
11710.0000,1171,2785.4197,0.0000,999,1000,1000,1,259.3978
11720.0000,1172,2785.6023,0.0000,999,999,1000,1,260.0297
11730.0000,1173,2785.7846,0.0000,1000,1000,1000,1,259.6049
11740.0000,1174,2785.9666,0.0000,1000,1000,1000,1,260.2356
11750.0000,1175,2786.1483,0.0000,1000,1000,1000,1,260.3377
11760.0000,1176,2786.3290,0.0000,999,999,1000,1,260.4392
11770.0000,1177,2786.5099,0.0000,999,1000,1000,1,261.0676
11780.0000,1178,2786.6905,0.0000,998,1000,999,1,261.1667
11790.0000,1179,2786.8705,0.0000,999,1000,1000,1,261.2655
11800.0000,1180,2787.0502,0.0000,999,1000,1000,1,260.8379
11810.0000,1181,2787.2303,0.0000,1000,1000,1000,1,261.4637
11820.0000,1182,2787.4100,0.0000,1000,1000,1000,1,262.0885
11830.0000,1183,2787.5889,0.0000,1000,999,1000,1,262.1838
11840.0000,1184,2787.7669,0.0000,999,999,1000,1,260.1686
11850.0000,1185,2787.9447,0.0000,999,1000,1000,1,259.7418
11860.0000,1186,2788.1226,0.0000,999,999,1000,1,259.8417
11870.0000,1187,2788.2973,0.0000,996,1000,997,1,257.8437
11880.0000,1188,2788.4738,0.0000,999,1000,1000,1,258.4674
11890.0000,1189,2788.6510,0.0000,999,999,1000,1,258.0432
11900.0000,1190,2788.8284,0.0000,999,1000,1000,1,258.6667
11910.0000,1191,2789.0053,0.0000,1000,1000,1000,1,259.2892
11920.0000,1192,2789.1816,0.0000,999,999,999,1,258.3377
11930.0000,1193,2789.3578,0.0000,999,1000,1000,1,258.9593
11940.0000,1194,2789.5334,0.0000,999,1000,1000,1,259.0559
11950.0000,1195,2789.7084,0.0000,999,1000,999,1,259.1519
11960.0000,1196,2789.8835,0.0000,1000,1000,1000,1,259.2481
11970.0000,1197,2790.0579,0.0000,1000,1000,1000,1,259.3440
11980.0000,1198,2790.2327,0.0000,1000,999,1000,1,259.9622
11990.0000,1199,2790.4072,0.0000,1000,1000,1000,1,260.0560
12000.0000,1200,2790.5807,0.0000,1000,999,999,1,259.1053
12010.0000,1201,2790.7541,0.0000,999,1000,1000,1,259.2002
12020.0000,1202,2790.9275,0.0000,999,1000,1000,1,259.2952
12030.0000,1203,2791.1001,0.0000,1000,999,999,1,259.3887
12040.0000,1204,2791.2724,0.0000,999,1000,1000,1,258.9598
12050.0000,1205,2791.4448,0.0000,999,1000,1000,1,258.5326
12060.0000,1206,2791.6163,0.0000,999,999,1000,1,257.0672
12070.0000,1207,2791.7850,0.0000,999,998,999,1,253.5412
12080.0000,1208,2791.9561,0.0000,999,999,1000,1,253.1268
12090.0000,1209,2792.1276,0.0000,999,999,1000,1,253.7445
12100.0000,1210,2792.2989,0.0000,999,999,1000,1,253.8444
12110.0000,1211,2792.4693,0.0000,999,1000,1000,1,253.4273
12120.0000,1212,2792.6401,0.0000,1000,1000,1000,1,253.5269
12130.0000,1213,2792.8108,0.0000,1000,999,1000,1,253.6252
12140.0000,1214,2792.9800,0.0000,1000,999,1000,1,252.1805
12150.0000,1215,2793.1490,0.0000,998,999,999,1,251.7679
12160.0000,1216,2793.3189,0.0000,1000,1000,1000,1,252.3832
12170.0000,1217,2793.4880,0.0000,1000,1000,1000,1,252.4829
12180.0000,1218,2793.6561,0.0000,1000,1000,1000,1,252.0677
12190.0000,1219,2793.8239,0.0000,998,998,999,1,250.1116
12200.0000,1220,2793.9896,0.0000,1000,999,1000,1,249.1864
12210.0000,1221,2794.1577,0.0000,1000,1000,1000,1,248.2678
12220.0000,1222,2794.3256,0.0000,1000,1000,1000,1,248.3752
12230.0000,1223,2794.4930,0.0000,999,999,1000,1,248.4839
12240.0000,1224,2794.6599,0.0000,1000,1000,1000,1,248.0870
12250.0000,1225,2794.8264,0.0000,1000,1000,1000,1,247.6951
12260.0000,1226,2794.9925,0.0000,1000,1000,1000,1,247.3041
12270.0000,1227,2795.1592,0.0000,1000,1000,1000,1,247.4154
12280.0000,1228,2795.3251,0.0000,1000,999,1000,1,247.5256
12290.0000,1229,2795.4913,0.0000,1000,1000,1000,1,248.1379
12300.0000,1230,2795.6568,0.0000,999,999,1000,1,248.7491
12310.0000,1231,2795.8215,0.0000,1000,1000,1000,1,248.3531
12320.0000,1232,2795.9865,0.0000,1000,999,1000,1,248.4601
12330.0000,1233,2796.1509,0.0000,999,1000,999,1,248.0635
12340.0000,1234,2796.3152,0.0000,999,999,1000,1,248.6729
12350.0000,1235,2796.4794,0.0000,999,1000,1000,1,248.7781
12360.0000,1236,2796.6429,0.0000,1000,1000,1000,1,248.8823
12370.0000,1237,2796.8067,0.0000,1000,1000,1000,1,249.4895
12380.0000,1238,2796.9695,0.0000,1000,1000,1000,1,249.0938
12390.0000,1239,2797.1324,0.0000,1000,1000,1000,1,249.1998
12400.0000,1240,2797.2957,0.0000,1000,1000,1000,1,249.8053
12410.0000,1241,2797.4578,0.0000,1000,999,1000,1,248.9172
12420.0000,1242,2797.6195,0.0000,999,999,999,1,248.0349
12430.0000,1243,2797.7813,0.0000,1000,1000,1000,1,247.6497
12440.0000,1244,2797.9431,0.0000,998,999,999,1,247.2636
12450.0000,1245,2798.1035,0.0000,999,999,999,1,246.3839
12460.0000,1246,2798.2646,0.0000,998,998,999,1,245.5074
12470.0000,1247,2798.4250,0.0000,999,999,999,1,244.6325
12480.0000,1248,2798.5859,0.0000,1000,999,1000,1,245.2378
12490.0000,1249,2798.7458,0.0000,1000,1000,1000,1,244.3618
12500.0000,1250,2798.9059,0.0000,999,1000,1000,1,244.4729
12510.0000,1251,2799.0655,0.0000,999,999,999,1,244.0905
12520.0000,1252,2799.2253,0.0000,999,1000,1000,1,244.6942
12530.0000,1253,2799.3846,0.0000,999,1000,1000,1,244.8033
12540.0000,1254,2799.5444,0.0000,999,1000,1000,1,245.4055
12550.0000,1255,2799.7036,0.0000,1000,999,1000,1,245.5127
12560.0000,1256,2799.8622,0.0000,998,999,1000,1,245.1262
12570.0000,1257,2800.0195,0.0000,999,1000,1000,1,243.2613
12580.0000,1258,2800.1772,0.0000,1000,1000,1000,1,241.4031
12590.0000,1259,2800.3353,0.0000,999,1000,1000,1,241.5146
12600.0000,1260,2800.4930,0.0000,999,1000,1000,1,242.1166
12610.0000,1261,2800.6501,0.0000,1000,999,999,1,241.7347
12620.0000,1262,2800.8070,0.0000,999,1000,1000,1,240.8622
12630.0000,1263,2800.9635,0.0000,1000,1000,1000,1,240.9733
12640.0000,1264,2801.1206,0.0000,1000,1000,1000,1,241.5738
12650.0000,1265,2801.2759,0.0000,999,1000,999,1,241.1935
12660.0000,1266,2801.4307,0.0000,1000,1000,1000,1,238.8650
12670.0000,1267,2801.5870,0.0000,1000,999,999,1,238.9784
12680.0000,1268,2801.7427,0.0000,999,1000,1000,1,239.0920
12690.0000,1269,2801.8986,0.0000,999,1000,1000,1,239.2046
12700.0000,1270,2802.0537,0.0000,1000,1000,1000,1,238.8294
12710.0000,1271,2802.2091,0.0000,1000,1000,1000,1,239.4283
12720.0000,1272,2802.3634,0.0000,999,1000,1000,1,239.5388
12730.0000,1273,2802.5181,0.0000,999,1000,1000,1,239.6493
12740.0000,1274,2802.6726,0.0000,999,1000,1000,1,239.7589
12750.0000,1275,2802.8262,0.0000,999,999,1000,1,238.8943
12760.0000,1276,2802.9795,0.0000,999,1000,1000,1,239.0055
12770.0000,1277,2803.1326,0.0000,999,1000,1000,1,239.1162
12780.0000,1278,2803.2860,0.0000,999,999,999,1,239.2259
12790.0000,1279,2803.4388,0.0000,999,999,1000,1,239.3352
12800.0000,1280,2803.5916,0.0000,1000,1000,1000,1,238.4757
12810.0000,1281,2803.7441,0.0000,999,999,1000,1,238.1018
12820.0000,1282,2803.8963,0.0000,1000,1000,999,1,237.2479
12830.0000,1283,2804.0483,0.0000,1000,1000,1000,1,237.3597
12840.0000,1284,2804.1999,0.0000,999,999,999,1,236.0264
12850.0000,1285,2804.3513,0.0000,1000,1000,1000,1,236.1406
12860.0000,1286,2804.5031,0.0000,1000,999,1000,1,236.7346
12870.0000,1287,2804.6545,0.0000,1000,1000,1000,1,237.3276
12880.0000,1288,2804.8059,0.0000,999,999,1000,1,237.9198
12890.0000,1289,2804.9567,0.0000,1000,1000,1000,1,238.0301
12900.0000,1290,2805.1072,0.0000,999,999,1000,1,238.1394
12910.0000,1291,2805.2574,0.0000,1000,1000,1000,1,237.7659
12920.0000,1292,2805.4075,0.0000,999,999,1000,1,238.3558
12930.0000,1293,2805.5571,0.0000,999,1000,1000,1,237.9823
12940.0000,1294,2805.7064,0.0000,999,999,999,1,237.1292
12950.0000,1295,2805.8550,0.0000,999,1000,1000,1,236.2818
12960.0000,1296,2806.0040,0.0000,1000,1000,999,1,236.3918
12970.0000,1297,2806.1529,0.0000,998,1000,1000,1,236.0255
12980.0000,1298,2806.3018,0.0000,1000,1000,1000,1,236.6141
12990.0000,1299,2806.4500,0.0000,999,1000,1000,1,236.7242
13000.0000,1300,2806.5981,0.0000,999,999,999,1,236.3554
13010.0000,1301,2806.7456,0.0000,1000,1000,1000,1,236.9422
13020.0000,1302,2806.8933,0.0000,1000,1000,1000,1,236.0965
13030.0000,1303,2807.0407,0.0000,1000,1000,999,1,235.7279
13040.0000,1304,2807.1879,0.0000,1000,1000,1000,1,235.8365
13050.0000,1305,2807.3352,0.0000,999,999,999,1,235.9459
13060.0000,1306,2807.4824,0.0000,1000,1000,1000,1,236.0545
13070.0000,1307,2807.6290,0.0000,999,999,999,1,235.2118
13080.0000,1308,2807.7747,0.0000,999,999,1000,1,235.7964
13090.0000,1309,2807.9209,0.0000,999,1000,1000,1,235.9046
13100.0000,1310,2808.0669,0.0000,1000,1000,1000,1,236.4879
13110.0000,1311,2808.2128,0.0000,1000,1000,1000,1,236.5934
13120.0000,1312,2808.3584,0.0000,999,1000,999,1,236.6985
13130.0000,1313,2808.5035,0.0000,999,999,1000,1,236.8033
13140.0000,1314,2808.6470,0.0000,1000,1000,1000,1,235.0123
13150.0000,1315,2808.7917,0.0000,1000,1000,1000,1,234.1748
13160.0000,1316,2808.9361,0.0000,1000,1000,1000,1,234.2863
13170.0000,1317,2809.0801,0.0000,999,999,1000,1,233.4567
13180.0000,1318,2809.2242,0.0000,1000,1000,1000,1,233.5684
13190.0000,1319,2809.3684,0.0000,999,1000,1000,1,234.1495
13200.0000,1320,2809.5122,0.0000,1000,1000,1000,1,234.7297
13210.0000,1321,2809.6553,0.0000,1000,1000,1000,1,233.9007
13220.0000,1322,2809.7989,0.0000,999,1000,1000,1,234.0113
13230.0000,1323,2809.9422,0.0000,999,1000,1000,1,234.1212
13240.0000,1324,2810.0844,0.0000,1000,1000,1000,1,232.3652
13250.0000,1325,2810.2272,0.0000,1000,1000,1000,1,232.4793
13260.0000,1326,2810.3698,0.0000,1000,1000,1000,1,232.5935
13270.0000,1327,2810.5114,0.0000,999,999,1000,1,232.2427
13280.0000,1328,2810.6533,0.0000,999,999,1000,1,231.4331
13290.0000,1329,2810.7955,0.0000,999,999,1000,1,232.0114
13300.0000,1330,2810.9371,0.0000,1000,1000,1000,1,232.1260
13310.0000,1331,2811.0787,0.0000,999,1000,1000,1,232.7030
13320.0000,1332,2811.2195,0.0000,1000,1000,1000,1,232.3545
13330.0000,1333,2811.3605,0.0000,1000,1000,1000,1,232.4691
13340.0000,1334,2811.5011,0.0000,1000,999,1000,1,232.5838
13350.0000,1335,2811.6405,0.0000,999,999,999,1,231.3238
13360.0000,1336,2811.7800,0.0000,1000,1000,1000,1,230.9859
13370.0000,1337,2811.9197,0.0000,999,1000,1000,1,229.7422
13380.0000,1338,2812.0596,0.0000,999,1000,1000,1,229.8639
13390.0000,1339,2812.1991,0.0000,999,1000,1000,1,229.9843
13400.0000,1340,2812.3385,0.0000,999,1000,1000,1,230.5590
13410.0000,1341,2812.4763,0.0000,1000,1000,1000,1,228.4070
13420.0000,1342,2812.6154,0.0000,999,999,1000,1,227.6233
13430.0000,1343,2812.7542,0.0000,1000,999,1000,1,228.1984
13440.0000,1344,2812.8932,0.0000,1000,1000,1000,1,228.7727
13450.0000,1345,2813.0317,0.0000,1000,999,1000,1,228.8927
13460.0000,1346,2813.1698,0.0000,999,999,999,1,228.5610
13470.0000,1347,2813.3080,0.0000,1000,999,1000,1,228.6820
13480.0000,1348,2813.4461,0.0000,998,1000,999,1,228.8018
13490.0000,1349,2813.5836,0.0000,999,999,1000,1,229.3735
13500.0000,1350,2813.7203,0.0000,999,999,1000,1,228.5861
13510.0000,1351,2813.8570,0.0000,1000,1000,1000,1,227.3511
13520.0000,1352,2813.9942,0.0000,999,1000,1000,1,227.4717
13530.0000,1353,2814.1307,0.0000,998,998,999,1,226.6913
13540.0000,1354,2814.2668,0.0000,999,1000,1000,1,226.8128
13550.0000,1355,2814.4034,0.0000,999,999,1000,1,227.3834
13560.0000,1356,2814.5394,0.0000,1000,1000,1000,1,227.5042
13570.0000,1357,2814.6759,0.0000,1000,999,1000,1,228.0735
13580.0000,1358,2814.8112,0.0000,999,999,1000,1,227.7429
13590.0000,1359,2814.9468,0.0000,999,1000,1000,1,227.8619
13600.0000,1360,2815.0822,0.0000,1000,1000,1000,1,227.5314
13610.0000,1361,2815.2175,0.0000,999,999,1000,1,227.2016
13620.0000,1362,2815.3525,0.0000,999,999,1000,1,227.3207
13630.0000,1363,2815.4874,0.0000,1000,1000,1000,1,227.4403
13640.0000,1364,2815.6195,0.0000,999,998,1000,1,225.7748
13650.0000,1365,2815.7535,0.0000,1000,1000,1000,1,225.4524
13660.0000,1366,2815.8877,0.0000,999,999,1000,1,226.0194
13670.0000,1367,2816.0209,0.0000,1000,999,999,1,225.2506
13680.0000,1368,2816.1539,0.0000,999,1000,1000,1,224.4872
13690.0000,1369,2816.2875,0.0000,999,999,1000,1,223.7261
13700.0000,1370,2816.4209,0.0000,1000,999,1000,1,223.8512
13710.0000,1371,2816.5538,0.0000,1000,999,1000,1,223.5332
13720.0000,1372,2816.6872,0.0000,1000,1000,1000,1,224.0992
13730.0000,1373,2816.8203,0.0000,1000,1000,1000,1,224.6643
13740.0000,1374,2816.9531,0.0000,999,1000,1000,1,225.2286
13750.0000,1375,2817.0856,0.0000,999,1000,1000,1,224.4633
13760.0000,1376,2817.2176,0.0000,1000,1000,1000,1,224.1435
13770.0000,1377,2817.3497,0.0000,999,1000,1000,1,224.7070
13780.0000,1378,2817.4815,0.0000,999,999,1000,1,224.8272
13790.0000,1379,2817.6135,0.0000,1000,1000,1000,1,225.3893
13800.0000,1380,2817.7453,0.0000,999,999,999,1,225.5076
13810.0000,1381,2817.8764,0.0000,1000,1000,1000,1,224.7417
13820.0000,1382,2818.0070,0.0000,1000,999,1000,1,224.4176
13830.0000,1383,2818.1374,0.0000,999,1000,1000,1,223.6518
13840.0000,1384,2818.2683,0.0000,1000,1000,1000,1,223.3286
13850.0000,1385,2818.3983,0.0000,998,998,999,1,222.1197
13860.0000,1386,2818.5278,0.0000,1000,1000,1000,1,222.2382
13870.0000,1387,2818.6578,0.0000,999,999,1000,1,222.3566
13880.0000,1388,2818.7875,0.0000,999,999,999,1,221.1476
13890.0000,1389,2818.9170,0.0000,1000,1000,1000,1,221.2661
13900.0000,1390,2819.0459,0.0000,1000,1000,1000,1,220.9438
13910.0000,1391,2819.1754,0.0000,999,999,999,1,221.0632
13920.0000,1392,2819.3048,0.0000,999,999,999,1,220.7433
13930.0000,1393,2819.4331,0.0000,1000,1000,1000,1,219.1137
13940.0000,1394,2819.5623,0.0000,1000,999,1000,1,219.6739
13950.0000,1395,2819.6912,0.0000,999,999,999,1,219.7953
13960.0000,1396,2819.8196,0.0000,999,1000,1000,1,219.9163
13970.0000,1397,2819.9477,0.0000,999,1000,1000,1,219.5989
13980.0000,1398,2820.0749,0.0000,998,999,999,1,218.4041
13990.0000,1399,2820.2004,0.0000,998,999,999,1,216.3404
14000.0000,1400,2820.3275,0.0000,1000,999,1000,1,216.4647
14010.0000,1401,2820.4550,0.0000,999,999,1000,1,216.5878
14020.0000,1402,2820.5807,0.0000,1000,1000,1000,1,215.4091
14030.0000,1403,2820.7077,0.0000,999,1000,1000,1,215.1032
14040.0000,1404,2820.8347,0.0000,998,999,999,1,215.2291
14050.0000,1405,2820.9614,0.0000,999,999,1000,1,215.3551
14060.0000,1406,2821.0879,0.0000,1000,1000,1000,1,215.0499
14070.0000,1407,2821.2142,0.0000,999,1000,1000,1,213.8808
14080.0000,1408,2821.3404,0.0000,999,998,999,1,213.5753
14090.0000,1409,2821.4657,0.0000,999,999,1000,1,213.2711
14100.0000,1410,2821.5909,0.0000,999,1000,1000,1,212.1066
14110.0000,1411,2821.7167,0.0000,999,1000,1000,1,212.6650
14120.0000,1412,2821.8426,0.0000,1000,1000,1000,1,212.7917
14130.0000,1413,2821.9681,0.0000,999,999,1000,1,213.3488
14140.0000,1414,2822.0928,0.0000,999,1000,1000,1,212.1795
14150.0000,1415,2822.2182,0.0000,1000,1000,1000,1,212.7363
14160.0000,1416,2822.3427,0.0000,1000,1000,1000,1,212.4291
14170.0000,1417,2822.4678,0.0000,1000,1000,1000,1,212.1205
14180.0000,1418,2822.5926,0.0000,1000,1000,1000,1,211.8120
14190.0000,1419,2822.7171,0.0000,999,1000,1000,1,211.9355
14200.0000,1420,2822.8406,0.0000,1000,1000,1000,1,210.3436
14210.0000,1421,2822.9641,0.0000,1000,999,1000,1,209.6128
14220.0000,1422,2823.0883,0.0000,1000,1000,1000,1,210.1686
14230.0000,1423,2823.2123,0.0000,999,1000,1000,1,210.2946
14240.0000,1424,2823.3357,0.0000,999,1000,1000,1,210.4201
14250.0000,1425,2823.4591,0.0000,1000,999,1000,1,210.9742
14260.0000,1426,2823.5825,0.0000,999,1000,1000,1,211.5275
14270.0000,1427,2823.7051,0.0000,1000,1000,1000,1,211.2212
14280.0000,1428,2823.8271,0.0000,999,998,999,1,209.6304
14290.0000,1429,2823.9483,0.0000,1000,1000,1000,1,208.9037
14300.0000,1430,2824.0713,0.0000,1000,1000,1000,1,209.4570
14310.0000,1431,2824.1934,0.0000,999,1000,1000,1,209.5838
14320.0000,1432,2824.3155,0.0000,1000,1000,1000,1,210.1358
14330.0000,1433,2824.4379,0.0000,1000,1000,1000,1,210.6870
14340.0000,1434,2824.5597,0.0000,1000,1000,1000,1,211.2374
14350.0000,1435,2824.6816,0.0000,999,999,1000,1,211.3611
14360.0000,1436,2824.8023,0.0000,999,999,999,1,210.2068
14370.0000,1437,2824.9231,0.0000,999,1000,1000,1,210.7563
14380.0000,1438,2825.0440,0.0000,1000,999,1000,1,210.8787
14390.0000,1439,2825.1651,0.0000,1000,1000,1000,1,211.0007
14400.0000,1440,2825.2856,0.0000,1000,1000,1000,1,210.2699
14410.0000,1441,2825.4059,0.0000,1000,1000,1000,1,210.3937
14420.0000,1442,2825.5258,0.0000,1000,1000,1000,1,209.6694
14430.0000,1443,2825.6459,0.0000,998,1000,1000,1,209.7947
14440.0000,1444,2825.7658,0.0000,999,999,1000,1,209.9202
14450.0000,1445,2825.8856,0.0000,999,1000,1000,1,209.2028
14460.0000,1446,2826.0053,0.0000,999,999,999,1,208.9081
14470.0000,1447,2826.1247,0.0000,1000,1000,1000,1,209.4547
14480.0000,1448,2826.2443,0.0000,999,1000,1000,1,210.0007
14490.0000,1449,2826.3633,0.0000,999,1000,999,1,210.1250
14500.0000,1450,2826.4821,0.0000,999,1000,999,1,210.2484
14510.0000,1451,2826.6013,0.0000,1000,1000,1000,1,209.5324
14520.0000,1452,2826.7201,0.0000,1000,1000,1000,1,209.6567
14530.0000,1453,2826.8389,0.0000,999,1000,1000,1,210.2007
14540.0000,1454,2826.9572,0.0000,1000,1000,1000,1,209.4840
14550.0000,1455,2827.0756,0.0000,999,1000,1000,1,209.1881
14560.0000,1456,2827.1939,0.0000,999,1000,1000,1,209.7312
14570.0000,1457,2827.3108,0.0000,1000,999,999,1,208.1796
14580.0000,1458,2827.4289,0.0000,1000,1000,1000,1,208.3050
14590.0000,1459,2827.5468,0.0000,1000,1000,1000,1,208.8477
14600.0000,1460,2827.6638,0.0000,1000,1000,1000,1,208.5544
14610.0000,1461,2827.7815,0.0000,999,1000,1000,1,209.0961
14620.0000,1462,2827.8990,0.0000,1000,1000,1000,1,209.6371
14630.0000,1463,2828.0162,0.0000,999,1000,1000,1,209.7588
14640.0000,1464,2828.1332,0.0000,999,1000,1000,1,210.2986
14650.0000,1465,2828.2503,0.0000,1000,1000,1000,1,210.8376
14660.0000,1466,2828.3670,0.0000,1000,1000,1000,1,210.5379
14670.0000,1467,2828.4831,0.0000,999,1000,1000,1,210.6571
14680.0000,1468,2828.5994,0.0000,999,999,1000,1,211.1948
14690.0000,1469,2828.7152,0.0000,998,998,998,1,210.8938
14700.0000,1470,2828.8307,0.0000,1000,1000,1000,1,211.0121
14710.0000,1471,2828.9463,0.0000,999,1000,1000,1,210.7119
14720.0000,1472,2829.0624,0.0000,1000,1000,1000,1,211.2481
14730.0000,1473,2829.1778,0.0000,999,1000,1000,1,210.5293
14740.0000,1474,2829.2931,0.0000,999,1000,1000,1,211.0649
14750.0000,1475,2829.4084,0.0000,1000,1000,1000,1,211.1819
14760.0000,1476,2829.5231,0.0000,1000,1000,1000,1,211.2977
14770.0000,1477,2829.6380,0.0000,999,1000,1000,1,211.8317
14780.0000,1478,2829.7515,0.0000,999,999,1000,1,211.5270
14790.0000,1479,2829.8658,0.0000,1000,999,1000,1,211.6411
14800.0000,1480,2829.9800,0.0000,998,999,999,1,210.0810
14810.0000,1481,2830.0930,0.0000,1000,1000,1000,1,209.3633
14820.0000,1482,2830.2065,0.0000,998,999,999,1,209.0634
14830.0000,1483,2830.3204,0.0000,1000,1000,1000,1,209.1802
14840.0000,1484,2830.4335,0.0000,998,1000,1000,1,207.6330
14850.0000,1485,2830.5467,0.0000,998,999,1000,1,207.7513
14860.0000,1486,2830.6603,0.0000,1000,1000,1000,1,207.4548
14870.0000,1487,2830.7729,0.0000,1000,999,1000,1,207.1588
14880.0000,1488,2830.8864,0.0000,999,999,1000,1,207.6916
14890.0000,1489,2830.9997,0.0000,1000,1000,1000,1,208.2237
14900.0000,1490,2831.1126,0.0000,1000,1000,1000,1,208.3403
14910.0000,1491,2831.2246,0.0000,999,999,999,1,208.0427
14920.0000,1492,2831.3362,0.0000,999,999,1000,1,206.9225
14930.0000,1493,2831.4485,0.0000,1000,1000,1000,1,207.0420
14940.0000,1494,2831.5600,0.0000,999,999,1000,1,206.3387
14950.0000,1495,2831.6717,0.0000,1000,1000,1000,1,206.0474
14960.0000,1496,2831.7839,0.0000,999,1000,1000,1,206.5782
14970.0000,1497,2831.8960,0.0000,999,999,1000,1,207.1082
14980.0000,1498,2832.0070,0.0000,999,999,1000,1,206.8158
14990.0000,1499,2832.1178,0.0000,999,999,1000,1,204.4964
15000.0000,1500,2832.2289,0.0000,999,1000,1000,1,203.4099
15010.0000,1501,2832.3402,0.0000,999,999,1000,1,203.9406
15020.0000,1502,2832.4513,0.0000,999,1000,1000,1,204.0693
15030.0000,1503,2832.5625,0.0000,1000,1000,1000,1,204.1974
15040.0000,1504,2832.6733,0.0000,999,999,1000,1,203.9232
15050.0000,1505,2832.7839,0.0000,999,1000,1000,1,203.2468
15060.0000,1506,2832.8946,0.0000,999,1000,1000,1,203.7758
15070.0000,1507,2833.0050,0.0000,1000,1000,1000,1,204.3042
15080.0000,1508,2833.1151,0.0000,999,1000,1000,1,204.4289
15090.0000,1509,2833.2251,0.0000,999,1000,1000,1,204.5531
15100.0000,1510,2833.3350,0.0000,999,1000,1000,1,204.2741
15110.0000,1511,2833.4449,0.0000,1000,999,1000,1,204.3977
15120.0000,1512,2833.5541,0.0000,999,1000,1000,1,203.7168
15130.0000,1513,2833.6634,0.0000,1000,1000,1000,1,203.8415
15140.0000,1514,2833.7727,0.0000,999,1000,1000,1,203.9660
15150.0000,1515,2833.8796,0.0000,999,1000,1000,1,201.6876
15160.0000,1516,2833.9890,0.0000,999,1000,1000,1,202.2142
15170.0000,1517,2834.0974,0.0000,999,999,999,1,201.9393
15180.0000,1518,2834.2055,0.0000,999,999,1000,1,202.0650
15190.0000,1519,2834.3142,0.0000,1000,1000,1000,1,202.1903
15200.0000,1520,2834.4224,0.0000,1000,1000,999,1,201.9142
15210.0000,1521,2834.5302,0.0000,1000,1000,1000,1,202.4385
15220.0000,1522,2834.6380,0.0000,999,1000,999,1,202.1614
15230.0000,1523,2834.7459,0.0000,999,1000,1000,1,202.6851
15240.0000,1524,2834.8540,0.0000,1000,999,1000,1,203.2082
15250.0000,1525,2834.9618,0.0000,1000,1000,1000,1,203.7307
15260.0000,1526,2835.0695,0.0000,999,999,999,1,203.8505
15270.0000,1527,2835.1767,0.0000,1000,999,1000,1,203.5674
15280.0000,1528,2835.2833,0.0000,998,999,1000,1,202.8841
15290.0000,1529,2835.3899,0.0000,998,998,998,1,201.4047
15300.0000,1530,2835.4960,0.0000,998,998,1000,1,200.7284
15310.0000,1531,2835.6024,0.0000,999,1000,1000,1,200.4533
15320.0000,1532,2835.7090,0.0000,1000,999,1000,1,200.5763
15330.0000,1533,2835.8160,0.0000,999,1000,1000,1,201.0978
15340.0000,1534,2835.9224,0.0000,1000,1000,1000,1,201.2191
15350.0000,1535,2836.0283,0.0000,999,999,1000,1,200.9403
15360.0000,1536,2836.1348,0.0000,999,1000,1000,1,201.4606
15370.0000,1537,2836.2402,0.0000,999,1000,999,1,199.9801
15380.0000,1538,2836.3456,0.0000,999,1000,1000,1,199.3021
15390.0000,1539,2836.4515,0.0000,1000,1000,1000,1,199.8224
15400.0000,1540,2836.5571,0.0000,999,1000,1000,1,199.9420
15410.0000,1541,2836.6630,0.0000,998,999,999,1,200.0608
15420.0000,1542,2836.7682,0.0000,1000,1000,1000,1,200.5795
15430.0000,1543,2836.8735,0.0000,999,1000,1000,1,200.2995
15440.0000,1544,2836.9786,0.0000,999,1000,1000,1,200.0196
15450.0000,1545,2837.0833,0.0000,1000,999,1000,1,198.9423
15460.0000,1546,2837.1884,0.0000,999,999,1000,1,199.4604
15470.0000,1547,2837.2928,0.0000,999,999,1000,1,198.7838
15480.0000,1548,2837.3971,0.0000,999,1000,1000,1,197.7135
15490.0000,1549,2837.5011,0.0000,999,999,1000,1,197.0491
15500.0000,1550,2837.6052,0.0000,999,999,1000,1,196.3899
15510.0000,1551,2837.7091,0.0000,999,1000,1000,1,196.5156
15520.0000,1552,2837.8127,0.0000,999,1000,1000,1,196.6412
15530.0000,1553,2837.9163,0.0000,1000,999,1000,1,196.3751
15540.0000,1554,2838.0199,0.0000,999,999,999,1,195.7183
15550.0000,1555,2838.1231,0.0000,999,999,1000,1,195.4531
15560.0000,1556,2838.2265,0.0000,1000,1000,1000,1,195.5795
15570.0000,1557,2838.3296,0.0000,1000,1000,1000,1,195.3147
15580.0000,1558,2838.4329,0.0000,998,1000,999,1,195.0495
15590.0000,1559,2838.5359,0.0000,1000,1000,1000,1,194.7849
15600.0000,1560,2838.6388,0.0000,1000,1000,1000,1,194.5202
15610.0000,1561,2838.7418,0.0000,1000,1000,1000,1,195.0362
15620.0000,1562,2838.8445,0.0000,999,1000,1000,1,194.7704
15630.0000,1563,2838.9467,0.0000,999,999,1000,1,194.8949
15640.0000,1564,2839.0491,0.0000,999,999,1000,1,195.4097
15650.0000,1565,2839.1511,0.0000,1000,1000,1000,1,195.1416
15660.0000,1566,2839.2534,0.0000,999,999,1000,1,195.2642
15670.0000,1567,2839.3555,0.0000,1000,1000,1000,1,195.3868
15680.0000,1568,2839.4577,0.0000,1000,1000,1000,1,195.5085
15690.0000,1569,2839.5595,0.0000,999,1000,1000,1,195.2381
15700.0000,1570,2839.6603,0.0000,1000,1000,1000,1,193.7988
15710.0000,1571,2839.7623,0.0000,999,1000,1000,1,194.3120
15720.0000,1572,2839.8634,0.0000,999,999,1000,1,194.4349
15730.0000,1573,2839.9645,0.0000,1000,1000,1000,1,194.1687
15740.0000,1574,2840.0648,0.0000,1000,1000,1000,1,193.5143
15750.0000,1575,2840.1660,0.0000,999,999,999,1,193.6374
15760.0000,1576,2840.2664,0.0000,1000,1000,1000,1,193.3711
15770.0000,1577,2840.3668,0.0000,999,1000,1000,1,192.7163
15780.0000,1578,2840.4673,0.0000,1000,1000,1000,1,192.4519
15790.0000,1579,2840.5682,0.0000,1000,999,1000,1,192.9633
15800.0000,1580,2840.6679,0.0000,999,999,1000,1,192.6976
15810.0000,1581,2840.7681,0.0000,999,1000,1000,1,192.8202
15820.0000,1582,2840.8677,0.0000,1000,1000,1000,1,192.5550
15830.0000,1583,2840.9677,0.0000,999,999,999,1,192.6774
15840.0000,1584,2841.0673,0.0000,1000,1000,1000,1,191.6392
15850.0000,1585,2841.1666,0.0000,1000,1000,1000,1,191.3772
15860.0000,1586,2841.2660,0.0000,999,999,999,1,191.1164
15870.0000,1587,2841.3655,0.0000,999,1000,1000,1,191.6260
15880.0000,1588,2841.4649,0.0000,1000,1000,999,1,191.7495
15890.0000,1589,2841.5632,0.0000,1000,999,1000,1,191.1017
15900.0000,1590,2841.6624,0.0000,999,1000,1000,1,191.6104
15910.0000,1591,2841.7614,0.0000,1000,999,1000,1,192.1185
15920.0000,1592,2841.8601,0.0000,1000,1000,1000,1,191.8533
15930.0000,1593,2841.9591,0.0000,999,1000,1000,1,192.3606
15940.0000,1594,2842.0573,0.0000,1000,999,999,1,192.0959
15950.0000,1595,2842.1556,0.0000,999,999,1000,1,192.6023
15960.0000,1596,2842.2537,0.0000,1000,1000,1000,1,191.5674
15970.0000,1597,2842.3514,0.0000,1000,1000,1000,1,191.3044
15980.0000,1598,2842.4494,0.0000,999,1000,1000,1,191.0426
15990.0000,1599,2842.5476,0.0000,999,1000,1000,1,191.5486
16000.0000,1600,2842.6452,0.0000,1000,1000,1000,1,191.6696
16010.0000,1601,2842.7429,0.0000,999,1000,999,1,191.4055
16020.0000,1602,2842.8407,0.0000,999,1000,1000,1,191.9102
16030.0000,1603,2842.9381,0.0000,999,999,1000,1,192.0290
16040.0000,1604,2843.0355,0.0000,999,1000,1000,1,192.5328
16050.0000,1605,2843.1325,0.0000,999,1000,1000,1,191.8807
16060.0000,1606,2843.2300,0.0000,1000,1000,1000,1,192.3839
16070.0000,1607,2843.3266,0.0000,999,999,999,1,191.7307
16080.0000,1608,2843.4232,0.0000,1000,999,1000,1,191.4632
16090.0000,1609,2843.5199,0.0000,999,999,1000,1,191.5806
16100.0000,1610,2843.6159,0.0000,999,1000,999,1,190.1583
16110.0000,1611,2843.7125,0.0000,1000,1000,1000,1,189.8923
16120.0000,1612,2843.8085,0.0000,1000,1000,1000,1,189.6273
16130.0000,1613,2843.9049,0.0000,1000,1000,1000,1,189.7461
16140.0000,1614,2844.0011,0.0000,999,999,1000,1,190.2481
16150.0000,1615,2844.0971,0.0000,999,1000,1000,1,189.2155
16160.0000,1616,2844.1929,0.0000,1000,999,1000,1,188.9507
16170.0000,1617,2844.2885,0.0000,1000,1000,1000,1,188.6855
16180.0000,1618,2844.3835,0.0000,999,1000,1000,1,187.2745
16190.0000,1619,2844.4789,0.0000,999,1000,1000,1,187.0136
16200.0000,1620,2844.5743,0.0000,999,1000,1000,1,187.5154
16210.0000,1621,2844.6697,0.0000,999,1000,1000,1,188.0167
16220.0000,1622,2844.7649,0.0000,999,999,1000,1,188.1350
16230.0000,1623,2844.8601,0.0000,999,1000,1000,1,188.2532
16240.0000,1624,2844.9534,0.0000,998,1000,998,1,187.6052
16250.0000,1625,2845.0483,0.0000,1000,1000,1000,1,188.1050
16260.0000,1626,2845.1431,0.0000,999,999,1000,1,188.2219
16270.0000,1627,2845.2375,0.0000,1000,1000,1000,1,187.5747
16280.0000,1628,2845.3324,0.0000,1000,1000,1000,1,187.6921
16290.0000,1629,2845.4265,0.0000,1000,1000,1000,1,187.8103
16300.0000,1630,2845.5205,0.0000,999,999,1000,1,187.5482
16310.0000,1631,2845.6146,0.0000,999,1000,1000,1,187.2900
16320.0000,1632,2845.7086,0.0000,998,999,999,1,187.0315
16330.0000,1633,2845.8021,0.0000,1000,1000,999,1,186.7728
16340.0000,1634,2845.8957,0.0000,999,999,1000,1,186.5151
16350.0000,1635,2845.9896,0.0000,1000,1000,999,1,186.2598
16360.0000,1636,2846.0835,0.0000,999,1000,1000,1,186.7571
16370.0000,1637,2846.1773,0.0000,1000,1000,1000,1,187.2538
16380.0000,1638,2846.2709,0.0000,1000,1000,1000,1,187.7500
16390.0000,1639,2846.3643,0.0000,1000,999,1000,1,188.2456
16400.0000,1640,2846.4571,0.0000,999,999,1000,1,187.6107
16410.0000,1641,2846.5501,0.0000,1000,1000,1000,1,187.3540
16420.0000,1642,2846.6430,0.0000,1000,1000,1000,1,186.7258
16430.0000,1643,2846.7358,0.0000,999,999,999,1,186.4734
16440.0000,1644,2846.8280,0.0000,1000,999,1000,1,186.2223
16450.0000,1645,2846.9206,0.0000,999,999,1000,1,186.3440
16460.0000,1646,2847.0118,0.0000,998,999,999,1,184.9761
16470.0000,1647,2847.1042,0.0000,999,999,1000,1,185.0993
16480.0000,1648,2847.1962,0.0000,1000,998,1000,1,184.8529
16490.0000,1649,2847.2884,0.0000,1000,1000,1000,1,184.9785
16500.0000,1650,2847.3804,0.0000,1000,999,1000,1,185.4724
16510.0000,1651,2847.4721,0.0000,1000,999,1000,1,185.2272
16520.0000,1652,2847.5642,0.0000,999,1000,1000,1,185.7204
16530.0000,1653,2847.6546,0.0000,1000,1000,1000,1,183.6300
16540.0000,1654,2847.7457,0.0000,999,998,1000,1,183.0203
16550.0000,1655,2847.8369,0.0000,999,1000,999,1,182.7800
16560.0000,1656,2847.9284,0.0000,1000,1000,1000,1,182.9068
16570.0000,1657,2848.0197,0.0000,999,999,1000,1,183.3999
16580.0000,1658,2848.1104,0.0000,998,1000,1000,1,182.0668
16590.0000,1659,2848.2008,0.0000,1000,999,1000,1,180.7407
16600.0000,1660,2848.2909,0.0000,998,998,1000,1,179.4227
16610.0000,1661,2848.3815,0.0000,1000,1000,1000,1,179.1927
16620.0000,1662,2848.4720,0.0000,999,999,1000,1,179.3242
16630.0000,1663,2848.5623,0.0000,998,998,999,1,178.7305
16640.0000,1664,2848.6523,0.0000,999,999,999,1,178.5007
16650.0000,1665,2848.7426,0.0000,999,999,1000,1,178.2710
16660.0000,1666,2848.8320,0.0000,998,999,1000,1,176.9582
16670.0000,1667,2848.9217,0.0000,999,999,1000,1,176.0131
16680.0000,1668,2849.0111,0.0000,1000,1000,1000,1,175.7876
16690.0000,1669,2849.1008,0.0000,999,999,1000,1,175.5633
16700.0000,1670,2849.1894,0.0000,999,1000,1000,1,174.9893
16710.0000,1671,2849.2788,0.0000,999,999,1000,1,174.7744
16720.0000,1672,2849.3679,0.0000,999,1000,999,1,173.8519
16730.0000,1673,2849.4573,0.0000,999,1000,1000,1,173.9922
16740.0000,1674,2849.5464,0.0000,1000,999,1000,1,173.7788
16750.0000,1675,2849.6355,0.0000,999,999,999,1,173.5653
16760.0000,1676,2849.7240,0.0000,1000,1000,1000,1,173.3525
16770.0000,1677,2849.8131,0.0000,1000,1000,999,1,173.4923
16780.0000,1678,2849.9024,0.0000,1000,1000,1000,1,173.9849
16790.0000,1679,2849.9912,0.0000,1000,999,1000,1,174.1232
16800.0000,1680,2850.0800,0.0000,1000,1000,1000,1,174.2615
16810.0000,1681,2850.1688,0.0000,999,1000,999,1,174.3987
16820.0000,1682,2850.2573,0.0000,1000,1000,1000,1,174.5362
16830.0000,1683,2850.3452,0.0000,999,999,999,1,173.2634
16840.0000,1684,2850.4334,0.0000,1000,1000,1000,1,173.7542
16850.0000,1685,2850.5220,0.0000,1000,1000,1000,1,174.2446
16860.0000,1686,2850.6103,0.0000,998,999,999,1,174.3820
16870.0000,1687,2850.6981,0.0000,1000,1000,1000,1,174.1681
16880.0000,1688,2850.7856,0.0000,999,999,1000,1,173.9547
16890.0000,1689,2850.8725,0.0000,999,999,1000,1,173.0380
16900.0000,1690,2850.9599,0.0000,998,1000,1000,1,171.7727
16910.0000,1691,2851.0466,0.0000,998,1000,1000,1,171.5611
16920.0000,1692,2851.1341,0.0000,1000,1000,1000,1,171.0025
16930.0000,1693,2851.2214,0.0000,999,1000,1000,1,170.4458
16940.0000,1694,2851.3082,0.0000,1000,1000,1000,1,169.5430
16950.0000,1695,2851.3952,0.0000,999,999,999,1,168.9907
16960.0000,1696,2851.4821,0.0000,1000,1000,1000,1,169.1335
16970.0000,1697,2851.5688,0.0000,1000,999,1000,1,169.2776
16980.0000,1698,2851.6561,0.0000,999,1000,1000,1,169.7668
16990.0000,1699,2851.7429,0.0000,1000,1000,1000,1,169.9093
17000.0000,1700,2851.8295,0.0000,999,1000,1000,1,169.7068
17010.0000,1701,2851.9163,0.0000,999,1000,1000,1,169.5040
17020.0000,1702,2852.0029,0.0000,999,1000,1000,1,169.9919
17030.0000,1703,2852.0896,0.0000,999,1000,1000,1,170.4793
17040.0000,1704,2852.1753,0.0000,998,1000,1000,1,169.9271
17050.0000,1705,2852.2598,0.0000,1000,999,1000,1,169.3761
17060.0000,1706,2852.3460,0.0000,1000,1000,1000,1,169.5173
17070.0000,1707,2852.4321,0.0000,999,999,1000,1,169.6577
17080.0000,1708,2852.5174,0.0000,1000,1000,1000,1,168.7604
17090.0000,1709,2852.6034,0.0000,999,1000,1000,1,169.2468
17100.0000,1710,2852.6889,0.0000,1000,1000,1000,1,169.0416
17110.0000,1711,2852.7744,0.0000,1000,1000,1000,1,169.1813
17120.0000,1712,2852.8598,0.0000,999,999,1000,1,168.6283
17130.0000,1713,2852.9454,0.0000,999,1000,1000,1,169.1136
17140.0000,1714,2853.0306,0.0000,1000,999,999,1,168.2141
17150.0000,1715,2853.1157,0.0000,1000,1000,1000,1,168.0079
17160.0000,1716,2853.2004,0.0000,1000,999,1000,1,167.8009
17170.0000,1717,2853.2854,0.0000,1000,1000,1000,1,168.2856
17180.0000,1718,2853.3705,0.0000,999,999,1000,1,168.7697
17190.0000,1719,2853.4548,0.0000,999,999,1000,1,168.2148
17200.0000,1720,2853.5395,0.0000,999,1000,1000,1,168.6984
17210.0000,1721,2853.6244,0.0000,999,999,999,1,168.4887
17220.0000,1722,2853.7084,0.0000,1000,1000,1000,1,168.2784
17230.0000,1723,2853.7933,0.0000,1000,1000,1000,1,168.7611
17240.0000,1724,2853.8777,0.0000,1000,1000,1000,1,169.2433
17250.0000,1725,2853.9615,0.0000,999,1000,999,1,169.0302
17260.0000,1726,2854.0455,0.0000,1000,1000,1000,1,168.4713
17270.0000,1727,2854.1293,0.0000,1000,999,1000,1,168.2593
17280.0000,1728,2854.2130,0.0000,999,1000,1000,1,168.0484
17290.0000,1729,2854.2964,0.0000,1000,1000,1000,1,167.8369
17300.0000,1730,2854.3801,0.0000,1000,999,1000,1,167.9725
17310.0000,1731,2854.4637,0.0000,999,1000,1000,1,168.4531
17320.0000,1732,2854.5471,0.0000,1000,1000,1000,1,168.5874
17330.0000,1733,2854.6298,0.0000,999,999,1000,1,168.3763
17340.0000,1734,2854.7133,0.0000,1000,1000,1000,1,168.8559
17350.0000,1735,2854.7968,0.0000,999,999,1000,1,169.3350
17360.0000,1736,2854.8797,0.0000,999,999,1000,1,169.1224
17370.0000,1737,2854.9627,0.0000,999,1000,1000,1,169.6008
17380.0000,1738,2855.0456,0.0000,1000,999,1000,1,169.7330
17390.0000,1739,2855.1286,0.0000,1000,1000,1000,1,169.8652
17400.0000,1740,2855.2114,0.0000,999,999,1000,1,170.3423
17410.0000,1741,2855.2938,0.0000,999,999,1000,1,170.4730
17420.0000,1742,2855.3764,0.0000,1000,1000,1000,1,170.2584
17430.0000,1743,2855.4592,0.0000,1000,1000,1000,1,170.7345
17440.0000,1744,2855.5418,0.0000,1000,999,1000,1,171.2100
17450.0000,1745,2855.6238,0.0000,1000,1000,999,1,170.9933
17460.0000,1746,2855.7061,0.0000,999,1000,1000,1,171.1229
17470.0000,1747,2855.7877,0.0000,1000,1000,1000,1,170.9071
17480.0000,1748,2855.8698,0.0000,999,999,1000,1,171.3814
17490.0000,1749,2855.9517,0.0000,1000,1000,1000,1,171.8551
17500.0000,1750,2856.0336,0.0000,999,1000,1000,1,171.9830
17510.0000,1751,2856.1157,0.0000,1000,1000,1000,1,172.4559
17520.0000,1752,2856.1973,0.0000,1000,1000,1000,1,172.9282
17530.0000,1753,2856.2792,0.0000,1000,1000,1000,1,173.4000
17540.0000,1754,2856.3609,0.0000,999,999,1000,1,173.8713
17550.0000,1755,2856.4419,0.0000,999,1000,1000,1,173.6482
17560.0000,1756,2856.5232,0.0000,1000,1000,1000,1,173.7719
17570.0000,1757,2856.6046,0.0000,999,1000,1000,1,174.2421
17580.0000,1758,2856.6856,0.0000,999,1000,1000,1,174.7118
17590.0000,1759,2856.7667,0.0000,1000,1000,1000,1,174.1378
17600.0000,1760,2856.8470,0.0000,999,999,999,1,173.5649
17610.0000,1761,2856.9277,0.0000,1000,1000,1000,1,174.0341
17620.0000,1762,2857.0085,0.0000,999,1000,1000,1,174.5029
17630.0000,1763,2857.0893,0.0000,1000,999,1000,1,174.9711
17640.0000,1764,2857.1692,0.0000,1000,1000,1000,1,174.3935
17650.0000,1765,2857.2497,0.0000,999,1000,1000,1,174.5130
17660.0000,1766,2857.3293,0.0000,999,1000,1000,1,173.2421
17670.0000,1767,2857.4090,0.0000,1000,999,1000,1,173.0171
17680.0000,1768,2857.4894,0.0000,999,1000,1000,1,173.4849
17690.0000,1769,2857.5690,0.0000,1000,999,1000,1,173.6050
17700.0000,1770,2857.6490,0.0000,1000,1000,1000,1,173.7245
17710.0000,1771,2857.7289,0.0000,1000,1000,1000,1,173.8433
17720.0000,1772,2857.8083,0.0000,999,1000,999,1,173.2688
17730.0000,1773,2857.8879,0.0000,999,1000,1000,1,173.3882
17740.0000,1774,2857.9677,0.0000,999,1000,1000,1,173.8542
17750.0000,1775,2858.0471,0.0000,998,999,999,1,173.2777
17760.0000,1776,2858.1256,0.0000,1000,1000,1000,1,172.7010
17770.0000,1777,2858.2050,0.0000,1000,1000,1000,1,172.8191
17780.0000,1778,2858.2846,0.0000,1000,1000,1000,1,173.2843
17790.0000,1779,2858.3640,0.0000,999,1000,1000,1,173.7490
17800.0000,1780,2858.4432,0.0000,1000,1000,1000,1,173.8652
17810.0000,1781,2858.5215,0.0000,999,999,1000,1,173.6336
17820.0000,1782,2858.6003,0.0000,999,1000,1000,1,173.7498
17830.0000,1783,2858.6793,0.0000,999,999,1000,1,174.2132
17840.0000,1784,2858.7581,0.0000,1000,1000,1000,1,174.3278
17850.0000,1785,2858.8369,0.0000,999,1000,1000,1,174.7904
17860.0000,1786,2858.9156,0.0000,999,999,1000,1,175.2525
17870.0000,1787,2858.9938,0.0000,999,1000,999,1,175.0165
17880.0000,1788,2859.0723,0.0000,999,999,1000,1,175.4779
17890.0000,1789,2859.1507,0.0000,1000,999,1000,1,175.5902
17900.0000,1790,2859.2288,0.0000,999,1000,1000,1,175.3527
17910.0000,1791,2859.3066,0.0000,999,1000,1000,1,174.7666
17920.0000,1792,2859.3843,0.0000,999,999,1000,1,174.8802
17930.0000,1793,2859.4621,0.0000,1000,999,1000,1,174.9940
17940.0000,1794,2859.5399,0.0000,1000,1000,1000,1,174.7615
17950.0000,1795,2859.6179,0.0000,999,1000,1000,1,175.2212
17960.0000,1796,2859.6948,0.0000,1000,1000,1000,1,173.9591
17970.0000,1797,2859.7720,0.0000,998,999,999,1,173.3924
17980.0000,1798,2859.8494,0.0000,1000,1000,1000,1,173.5104
17990.0000,1799,2859.9267,0.0000,999,1000,1000,1,173.6281
18000.0000,1800,2860.0038,0.0000,999,999,999,1,173.0612
18010.0000,1801,2860.0805,0.0000,999,999,999,1,172.1545
18020.0000,1802,2860.1570,0.0000,998,1000,999,1,171.9319
18030.0000,1803,2860.2324,0.0000,1000,1000,1000,1,170.3528
18040.0000,1804,2860.3093,0.0000,1000,1000,1000,1,170.1368
18050.0000,1805,2860.3860,0.0000,1000,1000,1000,1,170.2590
18060.0000,1806,2860.4629,0.0000,1000,999,1000,1,170.0452
18070.0000,1807,2860.5398,0.0000,999,999,1000,1,170.5045
18080.0000,1808,2860.6166,0.0000,999,999,1000,1,170.2905
18090.0000,1809,2860.6928,0.0000,999,999,1000,1,170.0769
18100.0000,1810,2860.7693,0.0000,1000,1000,1000,1,170.5354
18110.0000,1811,2860.8458,0.0000,999,999,999,1,170.6567
18120.0000,1812,2860.9219,0.0000,999,1000,1000,1,170.4430
18130.0000,1813,2860.9984,0.0000,999,999,999,1,170.5646
18140.0000,1814,2861.0742,0.0000,999,999,1000,1,170.6858
18150.0000,1815,2861.1501,0.0000,999,1000,1000,1,170.8068
18160.0000,1816,2861.2260,0.0000,998,999,999,1,169.9198
18170.0000,1817,2861.3019,0.0000,1000,1000,1000,1,170.3766
18180.0000,1818,2861.3779,0.0000,1000,999,1000,1,170.4968
18190.0000,1819,2861.4530,0.0000,1000,1000,1000,1,169.9438
18200.0000,1820,2861.5289,0.0000,999,1000,1000,1,170.0630
18210.0000,1821,2861.6048,0.0000,999,1000,1000,1,170.5187
18220.0000,1822,2861.6801,0.0000,999,999,1000,1,170.6367
18230.0000,1823,2861.7554,0.0000,1000,999,1000,1,170.4164
18240.0000,1824,2861.8305,0.0000,999,1000,1000,1,170.5335
18250.0000,1825,2861.9056,0.0000,1000,1000,1000,1,170.3130
18260.0000,1826,2861.9802,0.0000,999,1000,1000,1,169.4225
18270.0000,1827,2862.0552,0.0000,1000,1000,1000,1,169.2055
18280.0000,1828,2862.1304,0.0000,999,999,1000,1,169.3238
18290.0000,1829,2862.2043,0.0000,998,999,999,1,168.4360
18300.0000,1830,2862.2789,0.0000,999,999,1000,1,168.8903
18310.0000,1831,2862.3537,0.0000,1000,1000,1000,1,169.0093
18320.0000,1832,2862.4284,0.0000,999,1000,1000,1,169.1276
18330.0000,1833,2862.5031,0.0000,1000,999,1000,1,169.2456
18340.0000,1834,2862.5768,0.0000,1000,1000,1000,1,168.6924
18350.0000,1835,2862.6514,0.0000,1000,1000,1000,1,169.1455
18360.0000,1836,2862.7258,0.0000,999,999,1000,1,169.2622
18370.0000,1837,2862.7994,0.0000,999,999,1000,1,169.0427
18380.0000,1838,2862.8738,0.0000,999,999,1000,1,169.4948
18390.0000,1839,2862.9480,0.0000,1000,1000,1000,1,169.9464
18400.0000,1840,2863.0222,0.0000,1000,1000,1000,1,170.3975
18410.0000,1841,2863.0961,0.0000,999,1000,1000,1,170.5107
18420.0000,1842,2863.1695,0.0000,1000,999,1000,1,170.2865
18430.0000,1843,2863.2430,0.0000,999,1000,1000,1,170.3993
18440.0000,1844,2863.3164,0.0000,1000,1000,1000,1,170.1751
18450.0000,1845,2863.3900,0.0000,999,1000,1000,1,170.2882
18460.0000,1846,2863.4633,0.0000,1000,999,999,1,170.0643
18470.0000,1847,2863.5365,0.0000,999,999,1000,1,169.8404
18480.0000,1848,2863.6099,0.0000,1000,1000,1000,1,170.2896
18490.0000,1849,2863.6834,0.0000,1000,1000,1000,1,170.7383
18500.0000,1850,2863.7566,0.0000,1000,1000,1000,1,171.1866
18510.0000,1851,2863.8297,0.0000,999,1000,1000,1,170.9597
18520.0000,1852,2863.9027,0.0000,1000,1000,1000,1,170.7353
18530.0000,1853,2863.9756,0.0000,999,1000,1000,1,170.8471
18540.0000,1854,2864.0483,0.0000,1000,1000,1000,1,170.9588
18550.0000,1855,2864.1210,0.0000,1000,1000,1000,1,170.7355
18560.0000,1856,2864.1933,0.0000,999,999,1000,1,170.8476
18570.0000,1857,2864.2661,0.0000,1000,1000,1000,1,170.9599
18580.0000,1858,2864.3388,0.0000,1000,1000,1000,1,171.4061
18590.0000,1859,2864.4113,0.0000,999,1000,1000,1,171.5176
18600.0000,1860,2864.4839,0.0000,1000,1000,1000,1,171.9630
18610.0000,1861,2864.5564,0.0000,999,999,1000,1,172.0732
18620.0000,1862,2864.6278,0.0000,1000,999,999,1,171.5156
18630.0000,1863,2864.7002,0.0000,999,999,1000,1,171.6267
18640.0000,1864,2864.7715,0.0000,998,1000,1000,1,171.0703
18650.0000,1865,2864.8435,0.0000,1000,1000,1000,1,171.5148
18660.0000,1866,2864.9155,0.0000,999,1000,1000,1,171.6248
18670.0000,1867,2864.9874,0.0000,1000,1000,1000,1,171.7340
18680.0000,1868,2865.0592,0.0000,999,1000,1000,1,171.5100
18690.0000,1869,2865.1301,0.0000,999,999,1000,1,171.2849
18700.0000,1870,2865.2018,0.0000,1000,1000,1000,1,171.7281
18710.0000,1871,2865.2734,0.0000,1000,999,1000,1,171.8367
18720.0000,1872,2865.3448,0.0000,999,1000,1000,1,171.6106
18730.0000,1873,2865.4156,0.0000,998,998,998,1,170.3820
18740.0000,1874,2865.4866,0.0000,1000,1000,1000,1,170.8243
18750.0000,1875,2865.5579,0.0000,1000,999,1000,1,170.9325
18760.0000,1876,2865.6294,0.0000,1000,1000,1000,1,171.3745
18770.0000,1877,2865.7008,0.0000,1000,1000,1000,1,171.8159
18780.0000,1878,2865.7718,0.0000,999,1000,1000,1,171.2542
18790.0000,1879,2865.8427,0.0000,998,999,999,1,170.6958
18800.0000,1880,2865.9136,0.0000,1000,1000,1000,1,170.8049
18810.0000,1881,2865.9845,0.0000,999,1000,1000,1,171.2457
18820.0000,1882,2866.0555,0.0000,1000,1000,1000,1,171.6861
18830.0000,1883,2866.1264,0.0000,1000,1000,1000,1,172.1260
18840.0000,1884,2866.1968,0.0000,1000,1000,1000,1,171.2334
18850.0000,1885,2866.2671,0.0000,999,1000,999,1,171.0068
18860.0000,1886,2866.3375,0.0000,1000,1000,1000,1,171.1134
18870.0000,1887,2866.4078,0.0000,1000,1000,1000,1,170.8860
18880.0000,1888,2866.4777,0.0000,999,999,999,1,170.3246
18890.0000,1889,2866.5477,0.0000,999,999,1000,1,170.4313
18900.0000,1890,2866.6172,0.0000,999,999,1000,1,170.2052
18910.0000,1891,2866.6875,0.0000,999,1000,1000,1,170.3116
18920.0000,1892,2866.7572,0.0000,999,1000,1000,1,170.4170
18930.0000,1893,2866.8271,0.0000,999,1000,1000,1,170.5221
18940.0000,1894,2866.8970,0.0000,1000,999,1000,1,170.2967
18950.0000,1895,2866.9669,0.0000,1000,1000,1000,1,170.4023
18960.0000,1896,2867.0366,0.0000,1000,999,1000,1,170.1749
18970.0000,1897,2867.1061,0.0000,999,999,999,1,170.2795
18980.0000,1898,2867.1752,0.0000,999,999,999,1,169.3868
18990.0000,1899,2867.2448,0.0000,1000,1000,1000,1,169.8242
19000.0000,1900,2867.3143,0.0000,999,1000,1000,1,169.9293
19010.0000,1901,2867.3838,0.0000,999,1000,1000,1,170.0340
19020.0000,1902,2867.4533,0.0000,1000,999,1000,1,170.4703
19030.0000,1903,2867.5223,0.0000,999,1000,1000,1,170.5738
19040.0000,1904,2867.5913,0.0000,1000,1000,999,1,170.6773
19050.0000,1905,2867.6604,0.0000,999,1000,1000,1,171.1126
19060.0000,1906,2867.7291,0.0000,998,998,1000,1,170.8833
19070.0000,1907,2867.7972,0.0000,999,1000,1000,1,170.6553
19080.0000,1908,2867.8662,0.0000,1000,1000,1000,1,170.7587
19090.0000,1909,2867.9352,0.0000,1000,1000,1000,1,171.1931
19100.0000,1910,2868.0036,0.0000,999,1000,999,1,170.6331
19110.0000,1911,2868.0720,0.0000,999,1000,1000,1,170.0753
19120.0000,1912,2868.1405,0.0000,999,1000,1000,1,170.5094
19130.0000,1913,2868.2091,0.0000,999,1000,1000,1,170.6121
19140.0000,1914,2868.2775,0.0000,1000,999,1000,1,170.7150
19150.0000,1915,2868.3447,0.0000,999,1000,999,1,170.1554
19160.0000,1916,2868.4129,0.0000,1000,1000,1000,1,170.2578
19170.0000,1917,2868.4813,0.0000,1000,1000,1000,1,170.6907
19180.0000,1918,2868.5492,0.0000,998,999,1000,1,170.4609
19190.0000,1919,2868.6166,0.0000,999,1000,1000,1,169.5708
19200.0000,1920,2868.6846,0.0000,999,999,1000,1,170.0033
19210.0000,1921,2868.7524,0.0000,999,999,1000,1,169.7782
19220.0000,1922,2868.8203,0.0000,1000,1000,1000,1,169.8815
19230.0000,1923,2868.8878,0.0000,999,999,999,1,169.3290
19240.0000,1924,2868.9546,0.0000,1000,999,1000,1,168.7780
19250.0000,1925,2869.0221,0.0000,999,999,1000,1,168.5553
19260.0000,1926,2869.0893,0.0000,998,999,999,1,167.3535
19270.0000,1927,2869.1567,0.0000,999,1000,1000,1,167.4604
19280.0000,1928,2869.2240,0.0000,1000,1000,1000,1,167.5667
19290.0000,1929,2869.2906,0.0000,999,998,1000,1,167.3477
19300.0000,1930,2869.3579,0.0000,999,999,1000,1,167.4540
19310.0000,1931,2869.4254,0.0000,999,1000,1000,1,167.8851
19320.0000,1932,2869.4927,0.0000,999,1000,1000,1,168.3158
19330.0000,1933,2869.5599,0.0000,999,999,1000,1,168.7461
19340.0000,1934,2869.6267,0.0000,999,999,1000,1,168.8497
19350.0000,1935,2869.6939,0.0000,1000,1000,1000,1,168.9530
19360.0000,1936,2869.7607,0.0000,1000,999,1000,1,168.7302
19370.0000,1937,2869.8276,0.0000,1000,1000,999,1,168.8334
19380.0000,1938,2869.8944,0.0000,999,1000,1000,1,168.9367
19390.0000,1939,2869.9611,0.0000,1000,1000,1000,1,169.3653
19400.0000,1940,2870.0268,0.0000,997,998,999,1,168.4914
19410.0000,1941,2870.0923,0.0000,999,1000,1000,1,167.9496
19420.0000,1942,2870.1590,0.0000,1000,1000,1000,1,168.0544
19430.0000,1943,2870.2255,0.0000,1000,1000,1000,1,168.4826
19440.0000,1944,2870.2920,0.0000,1000,1000,1000,1,168.5862
19450.0000,1945,2870.3581,0.0000,999,999,999,1,168.3649
19460.0000,1946,2870.4243,0.0000,999,1000,1000,1,168.7922
19470.0000,1947,2870.4903,0.0000,1000,1000,1000,1,168.5695
19480.0000,1948,2870.5558,0.0000,999,1000,1000,1,168.0228
19490.0000,1949,2870.6219,0.0000,1000,1000,1000,1,168.4497
19500.0000,1950,2870.6878,0.0000,999,999,1000,1,168.5513
19510.0000,1951,2870.7538,0.0000,999,1000,1000,1,168.9775
19520.0000,1952,2870.8199,0.0000,999,999,1000,1,169.4032
19530.0000,1953,2870.8849,0.0000,1000,1000,999,1,168.2075
19540.0000,1954,2870.9504,0.0000,999,1000,1000,1,167.9868
19550.0000,1955,2871.0162,0.0000,1000,1000,1000,1,168.4124
19560.0000,1956,2871.0816,0.0000,1000,1000,1000,1,168.5143
19570.0000,1957,2871.1472,0.0000,1000,1000,1000,1,168.6154
19580.0000,1958,2871.2127,0.0000,999,1000,1000,1,169.0400
19590.0000,1959,2871.2776,0.0000,1000,999,999,1,169.1398
19600.0000,1960,2871.3428,0.0000,1000,1000,1000,1,169.5637
19610.0000,1961,2871.4078,0.0000,999,999,1000,1,169.6622
19620.0000,1962,2871.4731,0.0000,1000,1000,1000,1,170.0854
19630.0000,1963,2871.5382,0.0000,1000,1000,1000,1,169.8577
19640.0000,1964,2871.6035,0.0000,1000,1000,1000,1,170.2804
19650.0000,1965,2871.6682,0.0000,998,1000,1000,1,170.3773
19660.0000,1966,2871.7330,0.0000,1000,1000,1000,1,170.7993
19670.0000,1967,2871.7980,0.0000,999,999,999,1,170.8952
19680.0000,1968,2871.8626,0.0000,1000,1000,1000,1,171.3165
19690.0000,1969,2871.9273,0.0000,999,1000,1000,1,171.4113
19700.0000,1970,2871.9918,0.0000,999,1000,1000,1,171.5057
19710.0000,1971,2872.0561,0.0000,1000,1000,1000,1,171.5994
19720.0000,1972,2872.1207,0.0000,999,1000,1000,1,172.0195
19730.0000,1973,2872.1849,0.0000,999,999,1000,1,172.1124
19740.0000,1974,2872.2494,0.0000,1000,1000,1000,1,172.2060
19750.0000,1975,2872.3131,0.0000,999,999,1000,1,171.0005
19760.0000,1976,2872.3773,0.0000,999,1000,1000,1,171.0957
19770.0000,1977,2872.4416,0.0000,1000,1000,1000,1,171.5150
19780.0000,1978,2872.5059,0.0000,999,999,1000,1,171.9338
19790.0000,1979,2872.5694,0.0000,1000,998,999,1,171.7017
19800.0000,1980,2872.6335,0.0000,999,1000,1000,1,172.1200
19810.0000,1981,2872.6974,0.0000,1000,999,1000,1,172.2122
19820.0000,1982,2872.7611,0.0000,999,999,1000,1,172.6299
19830.0000,1983,2872.8250,0.0000,1000,1000,1000,1,172.7210
19840.0000,1984,2872.8887,0.0000,1000,1000,1000,1,172.8116
19850.0000,1985,2872.9522,0.0000,1000,999,1000,1,173.2283
19860.0000,1986,2873.0160,0.0000,999,999,1000,1,173.6446
19870.0000,1987,2873.0795,0.0000,1000,1000,1000,1,172.7524
19880.0000,1988,2873.1428,0.0000,999,999,999,1,172.1907
19890.0000,1989,2873.2059,0.0000,999,1000,1000,1,172.6068
19900.0000,1990,2873.2693,0.0000,999,999,1000,1,173.0226
19910.0000,1991,2873.3324,0.0000,998,999,999,1,172.7850
19920.0000,1992,2873.3955,0.0000,999,999,1000,1,172.5466
19930.0000,1993,2873.4585,0.0000,999,1000,1000,1,171.6570
19940.0000,1994,2873.5212,0.0000,999,999,1000,1,171.4231
19950.0000,1995,2873.5838,0.0000,1000,1000,1000,1,170.5431
19960.0000,1996,2873.6468,0.0000,1000,1000,1000,1,170.9587
19970.0000,1997,2873.7098,0.0000,1000,999,999,1,171.0498
19980.0000,1998,2873.7727,0.0000,1000,1000,1000,1,171.1405
19990.0000,1999,2873.8353,0.0000,1000,1000,1000,1,171.2309
20000.0000,2000,2873.8980,0.0000,999,1000,1000,1,170.9961
20010.0000,2001,2873.9608,0.0000,1000,1000,1000,1,171.4104
20020.0000,2002,2874.0233,0.0000,1000,1000,1000,1,171.4995
20030.0000,2003,2874.0858,0.0000,1000,1000,1000,1,171.2639
20040.0000,2004,2874.1482,0.0000,999,999,1000,1,171.3527
20050.0000,2005,2874.2106,0.0000,999,1000,1000,1,171.4411
20060.0000,2006,2874.2727,0.0000,1000,1000,1000,1,171.2068
20070.0000,2007,2874.3346,0.0000,999,1000,1000,1,170.6511
20080.0000,2008,2874.3968,0.0000,999,999,1000,1,171.0642
20090.0000,2009,2874.4592,0.0000,999,1000,1000,1,171.4768
20100.0000,2010,2874.5211,0.0000,1000,1000,1000,1,171.2430
20110.0000,2011,2874.5833,0.0000,1000,1000,1000,1,171.3322
20120.0000,2012,2874.6452,0.0000,1000,999,1000,1,171.4207
20130.0000,2013,2874.7068,0.0000,1000,999,1000,1,171.5093
20140.0000,2014,2874.7685,0.0000,1000,1000,1000,1,171.2750
20150.0000,2015,2874.8302,0.0000,1000,1000,1000,1,171.3632
20160.0000,2016,2874.8916,0.0000,1000,999,999,1,170.8046
20170.0000,2017,2874.9525,0.0000,998,998,999,1,169.6031
20180.0000,2018,2875.0131,0.0000,999,1000,1000,1,169.0484
20190.0000,2019,2875.0747,0.0000,1000,1000,1000,1,169.4600
20200.0000,2020,2875.1364,0.0000,1000,1000,1000,1,169.8711
20210.0000,2021,2875.1976,0.0000,1000,999,999,1,169.3145
20220.0000,2022,2875.2585,0.0000,1000,1000,1000,1,168.7615
20230.0000,2023,2875.3198,0.0000,1000,1000,1000,1,168.8523
20240.0000,2024,2875.3808,0.0000,999,999,1000,1,168.9425
20250.0000,2025,2875.4421,0.0000,999,1000,1000,1,169.0324
20260.0000,2026,2875.5033,0.0000,1000,1000,1000,1,169.1217
20270.0000,2027,2875.5644,0.0000,999,999,1000,1,169.5316
20280.0000,2028,2875.6252,0.0000,999,1000,1000,1,169.6208
20290.0000,2029,2875.6857,0.0000,999,1000,1000,1,169.0716
20300.0000,2030,2875.7462,0.0000,998,999,1000,1,168.5228
20310.0000,2031,2875.8060,0.0000,998,1000,999,1,167.6562
20320.0000,2032,2875.8661,0.0000,999,999,1000,1,167.4283
20330.0000,2033,2875.9269,0.0000,1000,1000,1000,1,167.8378
20340.0000,2034,2875.9869,0.0000,1000,1000,1000,1,167.2905
20350.0000,2035,2876.0476,0.0000,999,1000,1000,1,167.6997
20360.0000,2036,2876.1082,0.0000,999,999,1000,1,168.1085
20370.0000,2037,2876.1687,0.0000,999,1000,1000,1,168.5168
20380.0000,2038,2876.2291,0.0000,999,999,1000,1,168.6047
20390.0000,2039,2876.2893,0.0000,1000,1000,1000,1,168.6926
20400.0000,2040,2876.3497,0.0000,999,1000,1000,1,169.1001
20410.0000,2041,2876.4101,0.0000,999,1000,1000,1,169.5072
20420.0000,2042,2876.4701,0.0000,1000,1000,1000,1,169.5933
20430.0000,2043,2876.5304,0.0000,999,1000,1000,1,169.9998
20440.0000,2044,2876.5901,0.0000,1000,999,1000,1,169.4432
20450.0000,2045,2876.6501,0.0000,1000,999,999,1,169.2077
20460.0000,2046,2876.7099,0.0000,999,1000,1000,1,169.6138
20470.0000,2047,2876.7698,0.0000,999,1000,1000,1,170.0194
20480.0000,2048,2876.8297,0.0000,1000,1000,1000,1,170.4247
20490.0000,2049,2876.8897,0.0000,1000,1000,1000,1,170.8296
20500.0000,2050,2876.9493,0.0000,999,999,1000,1,170.9122
20510.0000,2051,2877.0089,0.0000,999,999,999,1,170.9947
20520.0000,2052,2877.0683,0.0000,999,1000,1000,1,171.3985
20530.0000,2053,2877.1273,0.0000,998,1000,999,1,170.8367
20540.0000,2054,2877.1863,0.0000,999,1000,1000,1,170.9187
20550.0000,2055,2877.2456,0.0000,999,1000,1000,1,170.9998
20560.0000,2056,2877.3044,0.0000,999,1000,1000,1,170.1161
20570.0000,2057,2877.3633,0.0000,999,1000,1000,1,169.5569
20580.0000,2058,2877.4225,0.0000,999,999,1000,1,169.3195
20590.0000,2059,2877.4815,0.0000,1000,999,1000,1,168.7606
20600.0000,2060,2877.5405,0.0000,999,1000,1000,1,168.8432
20610.0000,2061,2877.5996,0.0000,999,999,1000,1,169.2465
20620.0000,2062,2877.6585,0.0000,999,1000,1000,1,169.0068
20630.0000,2063,2877.7177,0.0000,1000,1000,1000,1,169.4096
20640.0000,2064,2877.7766,0.0000,999,999,1000,1,169.8120
20650.0000,2065,2877.8353,0.0000,1000,999,1000,1,169.5695
20660.0000,2066,2877.8940,0.0000,1000,1000,1000,1,169.3284
20670.0000,2067,2877.9524,0.0000,999,1000,1000,1,169.4084
20680.0000,2068,2878.0111,0.0000,999,999,1000,1,169.4881
20690.0000,2069,2878.0696,0.0000,999,1000,1000,1,169.2456
20700.0000,2070,2878.1281,0.0000,999,1000,1000,1,169.3246
20710.0000,2071,2878.1866,0.0000,999,1000,1000,1,169.7257
20720.0000,2072,2878.2448,0.0000,999,1000,1000,1,169.8042
20730.0000,2073,2878.3029,0.0000,999,1000,999,1,169.2383
20740.0000,2074,2878.3610,0.0000,1000,1000,1000,1,168.9953
20750.0000,2075,2878.4194,0.0000,1000,1000,1000,1,169.3958
20760.0000,2076,2878.4774,0.0000,1000,1000,1000,1,168.8298
20770.0000,2077,2878.5354,0.0000,999,1000,1000,1,168.9079
20780.0000,2078,2878.5936,0.0000,1000,1000,1000,1,168.9858
20790.0000,2079,2878.6516,0.0000,999,1000,1000,1,169.3855
20800.0000,2080,2878.7091,0.0000,1000,1000,1000,1,168.8177
20810.0000,2081,2878.7669,0.0000,999,999,1000,1,168.2505
20820.0000,2082,2878.8246,0.0000,1000,1000,1000,1,168.0081
20830.0000,2083,2878.8822,0.0000,999,1000,1000,1,167.7653
20840.0000,2084,2878.9401,0.0000,999,999,1000,1,168.1646
20850.0000,2085,2878.9978,0.0000,1000,1000,1000,1,168.5636
20860.0000,2086,2879.0556,0.0000,999,999,999,1,168.6405
20870.0000,2087,2879.1126,0.0000,998,1000,1000,1,168.7171
20880.0000,2088,2879.1695,0.0000,1000,999,999,1,167.8311
20890.0000,2089,2879.2266,0.0000,999,1000,999,1,167.5880
20900.0000,2090,2879.2839,0.0000,1000,1000,1000,1,167.6655
20910.0000,2091,2879.3411,0.0000,999,1000,1000,1,167.4219
20920.0000,2092,2879.3983,0.0000,1000,999,1000,1,167.4986
20930.0000,2093,2879.4548,0.0000,999,1000,1000,1,167.2542
20940.0000,2094,2879.5120,0.0000,999,1000,1000,1,167.0104
20950.0000,2095,2879.5686,0.0000,1000,999,999,1,166.4496
20960.0000,2096,2879.6253,0.0000,999,1000,1000,1,165.8912
20970.0000,2097,2879.6822,0.0000,999,999,1000,1,165.9699
20980.0000,2098,2879.7391,0.0000,1000,999,1000,1,166.0482
20990.0000,2099,2879.7955,0.0000,1000,999,1000,1,164.8535
21000.0000,2100,2879.8526,0.0000,999,1000,1000,1,165.2512
21010.0000,2101,2879.9088,0.0000,999,1000,1000,1,164.6986
21020.0000,2102,2879.9655,0.0000,1000,1000,1000,1,164.1478
21030.0000,2103,2880.0219,0.0000,1000,1000,1000,1,163.9148
21040.0000,2104,2880.0782,0.0000,1000,998,1000,1,163.9964
21050.0000,2105,2880.1343,0.0000,999,999,999,1,163.7627
21060.0000,2106,2880.1903,0.0000,999,999,1000,1,163.8443
21070.0000,2107,2880.2467,0.0000,999,999,999,1,163.6104
21080.0000,2108,2880.3026,0.0000,999,999,1000,1,163.6919
21090.0000,2109,2880.3583,0.0000,1000,999,1000,1,162.5154
21100.0000,2110,2880.4143,0.0000,1000,1000,1000,1,161.6625
21110.0000,2111,2880.4707,0.0000,999,1000,1000,1,162.0596
21120.0000,2112,2880.5270,0.0000,999,1000,1000,1,162.4564
21130.0000,2113,2880.5831,0.0000,1000,1000,999,1,162.5394
21140.0000,2114,2880.6391,0.0000,999,1000,1000,1,162.6225
21150.0000,2115,2880.6951,0.0000,999,1000,1000,1,162.7058
21160.0000,2116,2880.7512,0.0000,1000,1000,1000,1,163.1015
21170.0000,2117,2880.8071,0.0000,999,1000,1000,1,163.1833
21180.0000,2118,2880.8629,0.0000,999,1000,1000,1,162.6388
21190.0000,2119,2880.9183,0.0000,1000,1000,1000,1,162.0963
21200.0000,2120,2880.9739,0.0000,999,999,1000,1,161.5543
21210.0000,2121,2881.0296,0.0000,999,1000,1000,1,161.3263
21220.0000,2122,2881.0853,0.0000,999,1000,1000,1,161.7215
21230.0000,2123,2881.1409,0.0000,1000,1000,1000,1,161.4958
21240.0000,2124,2881.1962,0.0000,999,1000,1000,1,161.2716
21250.0000,2125,2881.2518,0.0000,1000,1000,1000,1,161.6663
21260.0000,2126,2881.3072,0.0000,1000,999,1000,1,162.0606
21270.0000,2127,2881.3616,0.0000,999,998,999,1,160.9102
21280.0000,2128,2881.4168,0.0000,999,999,1000,1,160.6888
21290.0000,2129,2881.4723,0.0000,1000,1000,1000,1,161.0831
21300.0000,2130,2881.5273,0.0000,1000,999,1000,1,160.8609
21310.0000,2131,2881.5825,0.0000,1000,1000,1000,1,160.6411
21320.0000,2132,2881.6376,0.0000,1000,1000,1000,1,160.4218
21330.0000,2133,2881.6928,0.0000,999,1000,1000,1,160.5091
21340.0000,2134,2881.7476,0.0000,999,1000,1000,1,160.2893
21350.0000,2135,2881.8024,0.0000,999,999,999,1,160.0692
21360.0000,2136,2881.8575,0.0000,1000,999,1000,1,160.1555
21370.0000,2137,2881.9125,0.0000,999,1000,999,1,159.9341
21380.0000,2138,2881.9671,0.0000,1000,1000,1000,1,159.7139
21390.0000,2139,2882.0211,0.0000,1000,1000,1000,1,159.1872
21400.0000,2140,2882.0760,0.0000,1000,999,1000,1,159.2738
21410.0000,2141,2882.1307,0.0000,999,999,1000,1,159.6664
21420.0000,2142,2882.1848,0.0000,1000,998,1000,1,158.8315
21430.0000,2143,2882.2393,0.0000,999,999,999,1,158.3054
21440.0000,2144,2882.2936,0.0000,1000,1000,1000,1,157.7838
21450.0000,2145,2882.3481,0.0000,999,1000,1000,1,157.8721
21460.0000,2146,2882.4023,0.0000,1000,1000,1000,1,157.6550
21470.0000,2147,2882.4566,0.0000,1000,1000,1000,1,157.7426
21480.0000,2148,2882.5109,0.0000,999,1000,1000,1,158.1347
21490.0000,2149,2882.5648,0.0000,999,1000,999,1,157.9160
21500.0000,2150,2882.6190,0.0000,999,999,999,1,158.0022
21510.0000,2151,2882.6734,0.0000,1000,1000,1000,1,158.3936
21520.0000,2152,2882.7278,0.0000,999,1000,1000,1,158.7847
21530.0000,2153,2882.7817,0.0000,1000,1000,1000,1,158.8695
21540.0000,2154,2882.8359,0.0000,999,1000,1000,1,159.2600
21550.0000,2155,2882.8899,0.0000,1000,999,1000,1,159.6502
21560.0000,2156,2882.9434,0.0000,1000,1000,1000,1,158.5119
21570.0000,2157,2882.9975,0.0000,1000,1000,1000,1,158.9020
21580.0000,2158,2883.0510,0.0000,1000,1000,1000,1,158.3754
21590.0000,2159,2883.1047,0.0000,999,1000,1000,1,158.4597
21600.0000,2160,2883.1584,0.0000,999,1000,999,1,158.5432
21610.0000,2161,2883.2113,0.0000,1000,999,1000,1,158.3200
21620.0000,2162,2883.2652,0.0000,999,1000,1000,1,158.7093
21630.0000,2163,2883.3184,0.0000,1000,999,1000,1,158.4850
21640.0000,2164,2883.3718,0.0000,1000,999,1000,1,158.2611
21650.0000,2165,2883.4250,0.0000,1000,1000,1000,1,158.0385
21660.0000,2166,2883.4779,0.0000,1000,1000,1000,1,157.2066
21670.0000,2167,2883.5314,0.0000,1000,1000,1000,1,157.2915
21680.0000,2168,2883.5850,0.0000,1000,1000,1000,1,157.6802
21690.0000,2169,2883.6385,0.0000,1000,1000,1000,1,158.0685
21700.0000,2170,2883.6916,0.0000,1000,999,1000,1,157.8475
21710.0000,2171,2883.7448,0.0000,1000,1000,1000,1,157.3230
21720.0000,2172,2883.7979,0.0000,999,1000,1000,1,157.4069
21730.0000,2173,2883.8510,0.0000,1000,1000,1000,1,157.7947
21740.0000,2174,2883.9043,0.0000,1000,1000,1000,1,158.1821
21750.0000,2175,2883.9574,0.0000,999,1000,1000,1,158.2644
21760.0000,2176,2884.0103,0.0000,999,1000,999,1,158.3463
21770.0000,2177,2884.0629,0.0000,1000,999,999,1,157.8194
21780.0000,2178,2884.1154,0.0000,1000,1000,999,1,158.2056
21790.0000,2179,2884.1684,0.0000,1000,1000,1000,1,158.5920
21800.0000,2180,2884.2211,0.0000,1000,1000,999,1,158.3678
21810.0000,2181,2884.2737,0.0000,1000,1000,1000,1,158.4484
21820.0000,2182,2884.3267,0.0000,1000,1000,1000,1,158.8341
21830.0000,2183,2884.3792,0.0000,1000,1000,1000,1,158.9136
21840.0000,2184,2884.4318,0.0000,1000,1000,1000,1,158.6876
21850.0000,2185,2884.4840,0.0000,1000,1000,1000,1,158.1565
21860.0000,2186,2884.5364,0.0000,999,1000,999,1,158.2368
21870.0000,2187,2884.5884,0.0000,999,999,1000,1,157.4071
21880.0000,2188,2884.6401,0.0000,1000,1000,1000,1,156.8866
21890.0000,2189,2884.6924,0.0000,999,999,999,1,156.9695
21900.0000,2190,2884.7449,0.0000,1000,1000,1000,1,157.3544
21910.0000,2191,2884.7973,0.0000,1000,1000,1000,1,157.7390
21920.0000,2192,2884.8491,0.0000,1000,1000,999,1,156.9131
21930.0000,2193,2884.9011,0.0000,1000,999,1000,1,157.2974
21940.0000,2194,2884.9534,0.0000,1000,1000,1000,1,157.6815
21950.0000,2195,2885.0049,0.0000,1000,1000,1000,1,156.8527
21960.0000,2196,2885.0571,0.0000,1000,1000,1000,1,157.2367
21970.0000,2197,2885.1089,0.0000,1000,1000,1000,1,157.3169
21980.0000,2198,2885.1606,0.0000,1000,1000,1000,1,157.0933
21990.0000,2199,2885.2121,0.0000,1000,999,1000,1,156.8709
22000.0000,2200,2885.2639,0.0000,1000,1000,1000,1,156.6499
22010.0000,2201,2885.3151,0.0000,999,999,1000,1,156.1281
22020.0000,2202,2885.3667,0.0000,1000,999,1000,1,156.2097
22030.0000,2203,2885.4186,0.0000,1000,1000,1000,1,156.5927
22040.0000,2204,2885.4703,0.0000,999,1000,1000,1,156.6730
22050.0000,2205,2885.5221,0.0000,1000,1000,1000,1,157.0554
22060.0000,2206,2885.5738,0.0000,999,1000,1000,1,157.4376
22070.0000,2207,2885.6249,0.0000,1000,1000,1000,1,157.2130
22080.0000,2208,2885.6764,0.0000,999,1000,1000,1,157.2914
22090.0000,2209,2885.7277,0.0000,1000,1000,1000,1,157.0678
22100.0000,2210,2885.7788,0.0000,999,1000,1000,1,157.1471
22110.0000,2211,2885.8298,0.0000,1000,999,999,1,157.2262
22120.0000,2212,2885.8799,0.0000,999,999,999,1,156.7011
22130.0000,2213,2885.9312,0.0000,999,1000,1000,1,157.0822
22140.0000,2214,2885.9823,0.0000,999,999,999,1,157.1606
22150.0000,2215,2886.0332,0.0000,1000,1000,1000,1,157.2388
22160.0000,2216,2886.0845,0.0000,999,1000,1000,1,157.6191
22170.0000,2217,2886.1355,0.0000,1000,1000,999,1,157.3937
22180.0000,2218,2886.1866,0.0000,999,1000,1000,1,157.4708
22190.0000,2219,2886.2376,0.0000,1000,1000,1000,1,157.5479
22200.0000,2220,2886.2882,0.0000,998,999,999,1,156.7159
22210.0000,2221,2886.3384,0.0000,999,1000,1000,1,156.1882
22220.0000,2222,2886.3889,0.0000,999,1000,1000,1,156.2653
22230.0000,2223,2886.4396,0.0000,1000,1000,1000,1,156.3419
22240.0000,2224,2886.4906,0.0000,1000,1000,1000,1,156.7212
22250.0000,2225,2886.5410,0.0000,1000,1000,999,1,156.7968
22260.0000,2226,2886.5914,0.0000,999,1000,1000,1,156.8723
22270.0000,2227,2886.6420,0.0000,999,999,999,1,156.9476
22280.0000,2228,2886.6924,0.0000,999,1000,999,1,156.7198
22290.0000,2229,2886.7431,0.0000,1000,1000,1000,1,157.0981
22300.0000,2230,2886.7935,0.0000,1000,1000,1000,1,157.1729
22310.0000,2231,2886.8439,0.0000,1000,1000,1000,1,157.2473
22320.0000,2232,2886.8942,0.0000,1000,999,1000,1,157.3213
22330.0000,2233,2886.9441,0.0000,1000,1000,1000,1,156.7880
22340.0000,2234,2886.9941,0.0000,998,999,1000,1,156.8622
22350.0000,2235,2887.0440,0.0000,1000,999,1000,1,156.6334
22360.0000,2236,2887.0940,0.0000,999,999,999,1,156.7074
22370.0000,2237,2887.1437,0.0000,998,998,1000,1,156.1755
22380.0000,2238,2887.1933,0.0000,999,999,1000,1,155.9477
22390.0000,2239,2887.2432,0.0000,1000,1000,1000,1,155.4195
22400.0000,2240,2887.2930,0.0000,999,999,1000,1,155.1945
22410.0000,2241,2887.3428,0.0000,1000,1000,1000,1,154.9703
22420.0000,2242,2887.3929,0.0000,999,1000,1000,1,155.3473
22430.0000,2243,2887.4427,0.0000,1000,1000,1000,1,155.7238
22440.0000,2244,2887.4918,0.0000,999,998,999,1,154.5969
22450.0000,2245,2887.5415,0.0000,1000,1000,1000,1,154.9735
22460.0000,2246,2887.5911,0.0000,999,998,999,1,154.1476
22470.0000,2247,2887.6407,0.0000,999,999,1000,1,154.5240
22480.0000,2248,2887.6902,0.0000,999,999,1000,1,154.2999
22490.0000,2249,2887.7398,0.0000,999,1000,1000,1,154.6759
22500.0000,2250,2887.7892,0.0000,1000,999,1000,1,154.1507
22510.0000,2251,2887.8381,0.0000,999,1000,1000,1,153.9265
22520.0000,2252,2887.8871,0.0000,999,1000,1000,1,153.4034
22530.0000,2253,2887.9358,0.0000,1000,1000,1000,1,152.8815
22540.0000,2254,2887.9850,0.0000,999,1000,1000,1,152.6599
22550.0000,2255,2888.0344,0.0000,999,999,1000,1,153.0357
22560.0000,2256,2888.0836,0.0000,1000,1000,1000,1,152.8138
22570.0000,2257,2888.1327,0.0000,1000,1000,999,1,152.8905
22580.0000,2258,2888.1820,0.0000,1000,1000,1000,1,153.2657
22590.0000,2259,2888.2312,0.0000,1000,1000,1000,1,153.0428
22600.0000,2260,2888.2803,0.0000,1000,1000,1000,1,152.8196
22610.0000,2261,2888.3294,0.0000,1000,1000,1000,1,152.8953
22620.0000,2262,2888.3782,0.0000,1000,1000,1000,1,152.6716
22630.0000,2263,2888.4272,0.0000,1000,1000,1000,1,152.4493
22640.0000,2264,2888.4758,0.0000,999,999,1000,1,151.9294
22650.0000,2265,2888.5243,0.0000,999,1000,1000,1,151.4136
22660.0000,2266,2888.5732,0.0000,1000,1000,1000,1,151.7881
22670.0000,2267,2888.6221,0.0000,1000,1000,1000,1,152.1623
22680.0000,2268,2888.6710,0.0000,999,999,1000,1,152.5361
22690.0000,2269,2888.7192,0.0000,1000,999,1000,1,152.0193
22700.0000,2270,2888.7676,0.0000,999,1000,1000,1,151.7990
22710.0000,2271,2888.8161,0.0000,1000,999,1000,1,151.5791
22720.0000,2272,2888.8645,0.0000,1000,1000,1000,1,151.3592
22730.0000,2273,2888.9128,0.0000,1000,999,1000,1,151.1406
22740.0000,2274,2888.9613,0.0000,998,999,999,1,150.9229
22750.0000,2275,2889.0095,0.0000,999,1000,1000,1,151.0016
22760.0000,2276,2889.0580,0.0000,999,1000,1000,1,151.3746
22770.0000,2277,2889.1062,0.0000,998,999,999,1,150.8627
22780.0000,2278,2889.1544,0.0000,999,999,999,1,150.6464
22790.0000,2279,2889.2026,0.0000,1000,1000,1000,1,151.0190
22800.0000,2280,2889.2509,0.0000,1000,1000,1000,1,151.3914
22810.0000,2281,2889.2991,0.0000,999,1000,1000,1,151.4681
22820.0000,2282,2889.3474,0.0000,1000,1000,1000,1,151.5449
22830.0000,2283,2889.3957,0.0000,999,999,1000,1,151.9165
22840.0000,2284,2889.4437,0.0000,999,999,1000,1,152.2878
22850.0000,2285,2889.4916,0.0000,999,1000,1000,1,152.0674
22860.0000,2286,2889.5395,0.0000,1000,1000,1000,1,152.1426
22870.0000,2287,2889.5873,0.0000,997,998,998,1,151.6252
22880.0000,2288,2889.6338,0.0000,1000,998,1000,1,150.5181
22890.0000,2289,2889.6810,0.0000,1000,999,1000,1,149.4170
22900.0000,2290,2889.7288,0.0000,999,1000,1000,1,149.4941
22910.0000,2291,2889.7766,0.0000,999,999,1000,1,149.8653
22920.0000,2292,2889.8242,0.0000,1000,1000,1000,1,149.9420
22930.0000,2293,2889.8717,0.0000,1000,1000,1000,1,149.4289
22940.0000,2294,2889.9193,0.0000,999,1000,1000,1,149.5048
22950.0000,2295,2889.9670,0.0000,999,1000,1000,1,149.5807
22960.0000,2296,2890.0146,0.0000,1000,1000,1000,1,149.3608
22970.0000,2297,2890.0623,0.0000,1000,1000,1000,1,149.7312
22980.0000,2298,2890.1100,0.0000,1000,1000,1000,1,150.1012
22990.0000,2299,2890.1575,0.0000,998,999,999,1,150.1749
23000.0000,2300,2890.2050,0.0000,999,1000,1000,1,150.5444
23010.0000,2301,2890.2521,0.0000,998,1000,999,1,150.0296
23020.0000,2302,2890.2985,0.0000,999,1000,999,1,148.6364
23030.0000,2303,2890.3454,0.0000,999,999,1000,1,148.7127
23040.0000,2304,2890.3927,0.0000,1000,1000,1000,1,148.7894
23050.0000,2305,2890.4398,0.0000,1000,1000,1000,1,148.8659
23060.0000,2306,2890.4871,0.0000,999,999,1000,1,149.2350
23070.0000,2307,2890.5341,0.0000,999,1000,1000,1,149.6038
23080.0000,2308,2890.5812,0.0000,999,1000,1000,1,149.6784
23090.0000,2309,2890.6282,0.0000,999,1000,1000,1,149.7529
23100.0000,2310,2890.6754,0.0000,999,1000,1000,1,150.1210
23110.0000,2311,2890.7221,0.0000,999,999,1000,1,150.1945
23120.0000,2312,2890.7689,0.0000,1000,1000,1000,1,150.2678
23130.0000,2313,2890.8155,0.0000,1000,1000,1000,1,150.0469
23140.0000,2314,2890.8623,0.0000,1000,1000,1000,1,150.1202
23150.0000,2315,2890.9089,0.0000,999,999,1000,1,150.1930
23160.0000,2316,2890.9557,0.0000,1000,1000,1000,1,150.2659
23170.0000,2317,2891.0025,0.0000,1000,1000,1000,1,150.6326
23180.0000,2318,2891.0491,0.0000,1000,1000,1000,1,150.7041
23190.0000,2319,2891.0955,0.0000,1000,1000,1000,1,150.1901
23200.0000,2320,2891.1422,0.0000,999,1000,1000,1,150.5564
23210.0000,2321,2891.1886,0.0000,999,999,1000,1,150.0428
23220.0000,2322,2891.2349,0.0000,999,1000,1000,1,149.5303
23230.0000,2323,2891.2812,0.0000,1000,999,1000,1,149.3112
23240.0000,2324,2891.3274,0.0000,1000,1000,1000,1,148.7996
23250.0000,2325,2891.3740,0.0000,1000,1000,1000,1,149.1657
23260.0000,2326,2891.4202,0.0000,1000,999,1000,1,149.2388
23270.0000,2327,2891.4666,0.0000,1000,1000,1000,1,149.6044
23280.0000,2328,2891.5130,0.0000,1000,1000,1000,1,149.9697
23290.0000,2329,2891.5593,0.0000,999,1000,1000,1,150.3347
23300.0000,2330,2891.6055,0.0000,999,1000,999,1,150.1122
23310.0000,2331,2891.6513,0.0000,999,999,1000,1,149.8893
23320.0000,2332,2891.6973,0.0000,1000,1000,1000,1,149.9600
23330.0000,2333,2891.7435,0.0000,1000,999,1000,1,150.0309
23340.0000,2334,2891.7892,0.0000,1000,1000,1000,1,149.8081
23350.0000,2335,2891.8349,0.0000,999,999,1000,1,149.5866
23360.0000,2336,2891.8808,0.0000,1000,1000,1000,1,149.6580
23370.0000,2337,2891.9267,0.0000,1000,1000,1000,1,148.5583
23380.0000,2338,2891.9728,0.0000,999,1000,1000,1,148.9225
23390.0000,2339,2892.0184,0.0000,999,1000,1000,1,148.4075
23400.0000,2340,2892.0640,0.0000,999,1000,1000,1,148.4783
23410.0000,2341,2892.1095,0.0000,999,999,1000,1,148.2560
23420.0000,2342,2892.1546,0.0000,999,999,999,1,147.4503
23430.0000,2343,2892.2003,0.0000,1000,1000,1000,1,147.8141
23440.0000,2344,2892.2459,0.0000,999,1000,1000,1,147.5925
23450.0000,2345,2892.2913,0.0000,999,1000,1000,1,147.3705
23460.0000,2346,2892.3369,0.0000,999,1000,1000,1,147.7339
23470.0000,2347,2892.3823,0.0000,1000,1000,1000,1,147.5108
23480.0000,2348,2892.4281,0.0000,1000,1000,1000,1,147.8739
23490.0000,2349,2892.4729,0.0000,998,999,999,1,147.3559
23500.0000,2350,2892.5179,0.0000,999,999,1000,1,147.4252
23510.0000,2351,2892.5633,0.0000,999,1000,1000,1,147.7878
23520.0000,2352,2892.6075,0.0000,998,999,999,1,146.6803
23530.0000,2353,2892.6525,0.0000,998,999,1000,1,146.7494
23540.0000,2354,2892.6976,0.0000,999,1000,1000,1,146.5252
23550.0000,2355,2892.7427,0.0000,999,999,999,1,145.7141
23560.0000,2356,2892.7877,0.0000,999,1000,1000,1,145.1982
23570.0000,2357,2892.8327,0.0000,1000,1000,1000,1,145.2678
23580.0000,2358,2892.8778,0.0000,999,1000,999,1,145.3368
23590.0000,2359,2892.9229,0.0000,1000,1000,1000,1,145.6991
23600.0000,2360,2892.9680,0.0000,999,999,999,1,145.4734
23610.0000,2361,2893.0126,0.0000,999,999,1000,1,145.2475
23620.0000,2362,2893.0575,0.0000,999,999,1000,1,145.3155
23630.0000,2363,2893.1021,0.0000,999,1000,1000,1,145.3830
23640.0000,2364,2893.1471,0.0000,999,999,1000,1,145.7445
23650.0000,2365,2893.1918,0.0000,999,999,1000,1,145.8116
23660.0000,2366,2893.2365,0.0000,1000,1000,1000,1,146.1726
23670.0000,2367,2893.2812,0.0000,999,999,1000,1,146.2387
23680.0000,2368,2893.3261,0.0000,1000,1000,1000,1,146.3045
23690.0000,2369,2893.3708,0.0000,1000,1000,1000,1,146.3698
23700.0000,2370,2893.4154,0.0000,999,999,999,1,146.1394
23710.0000,2371,2893.4600,0.0000,1000,999,1000,1,146.2044
23720.0000,2372,2893.5042,0.0000,998,1000,999,1,145.9737
23730.0000,2373,2893.5486,0.0000,1000,1000,1000,1,146.3336
23740.0000,2374,2893.5930,0.0000,1000,999,999,1,145.5116
23750.0000,2375,2893.6373,0.0000,999,999,1000,1,145.2817
23760.0000,2376,2893.6816,0.0000,998,1000,1000,1,145.0517
23770.0000,2377,2893.7259,0.0000,1000,1000,1000,1,145.4114
23780.0000,2378,2893.7703,0.0000,999,999,1000,1,145.4755
23790.0000,2379,2893.8148,0.0000,999,1000,1000,1,145.8347
23800.0000,2380,2893.8592,0.0000,999,1000,1000,1,146.1936
23810.0000,2381,2893.9033,0.0000,1000,1000,1000,1,146.2566
23820.0000,2382,2893.9472,0.0000,998,999,999,1,145.4364
23830.0000,2383,2893.9905,0.0000,1000,1000,999,1,144.0345
23840.0000,2384,2894.0348,0.0000,1000,1000,1000,1,144.3935
23850.0000,2385,2894.0790,0.0000,1000,1000,1000,1,144.4595
23860.0000,2386,2894.1232,0.0000,1000,1000,1000,1,144.8181
23870.0000,2387,2894.1672,0.0000,1000,999,1000,1,145.1763
23880.0000,2388,2894.2110,0.0000,999,1000,1000,1,145.5343
23890.0000,2389,2894.2547,0.0000,999,1000,1000,1,145.5979
23900.0000,2390,2894.2987,0.0000,1000,1000,1000,1,145.6616
23910.0000,2391,2894.3425,0.0000,999,999,1000,1,145.4313
23920.0000,2392,2894.3861,0.0000,1000,1000,1000,1,145.2008
23930.0000,2393,2894.4300,0.0000,999,999,1000,1,145.5580
23940.0000,2394,2894.4738,0.0000,999,1000,1000,1,145.6207
23950.0000,2395,2894.5173,0.0000,999,1000,1000,1,145.0943
23960.0000,2396,2894.5605,0.0000,998,1000,1000,1,145.1565
23970.0000,2397,2894.6037,0.0000,1000,999,1000,1,144.9240
23980.0000,2398,2894.6471,0.0000,999,1000,1000,1,144.6916
23990.0000,2399,2894.6906,0.0000,1000,1000,1000,1,144.7534
24000.0000,2400,2894.7341,0.0000,1000,1000,1000,1,144.5199
24010.0000,2401,2894.7775,0.0000,1000,1000,1000,1,144.5812
24020.0000,2402,2894.8210,0.0000,1000,1000,1000,1,144.9373
24030.0000,2403,2894.8644,0.0000,1000,1000,1000,1,144.9977
24040.0000,2404,2894.9077,0.0000,1000,999,1000,1,143.8771
24050.0000,2405,2894.9508,0.0000,999,1000,1000,1,143.6433
24060.0000,2406,2894.9939,0.0000,998,999,999,1,143.1156
24070.0000,2407,2895.0370,0.0000,1000,1000,1000,1,143.4715
24080.0000,2408,2895.0803,0.0000,999,999,1000,1,143.5331
24090.0000,2409,2895.1229,0.0000,1000,1000,1000,1,143.0063
24100.0000,2410,2895.1661,0.0000,999,999,1000,1,143.3619
24110.0000,2411,2895.2090,0.0000,998,999,999,1,142.5448
24120.0000,2412,2895.2519,0.0000,999,1000,1000,1,142.9001
24130.0000,2413,2895.2951,0.0000,999,1000,1000,1,143.2553
24140.0000,2414,2895.3381,0.0000,999,999,1000,1,143.0231
24150.0000,2415,2895.3808,0.0000,1000,999,1000,1,142.7909
24160.0000,2416,2895.4239,0.0000,999,1000,1000,1,142.8526
24170.0000,2417,2895.4670,0.0000,999,1000,1000,1,143.2073
24180.0000,2418,2895.5101,0.0000,1000,1000,1000,1,143.2679
24190.0000,2419,2895.5530,0.0000,1000,1000,1000,1,143.6221
24200.0000,2420,2895.5955,0.0000,999,999,1000,1,143.3876
24210.0000,2421,2895.6375,0.0000,1000,1000,1000,1,141.6901
24220.0000,2422,2895.6798,0.0000,1000,999,1000,1,141.1678
24230.0000,2423,2895.7219,0.0000,998,999,1000,1,140.0634
24240.0000,2424,2895.7638,0.0000,998,999,999,1,139.2564
24250.0000,2425,2895.8064,0.0000,1000,1000,1000,1,138.7431
24260.0000,2426,2895.8492,0.0000,999,1000,1000,1,139.0982
24270.0000,2427,2895.8918,0.0000,999,999,1000,1,138.8752
24280.0000,2428,2895.9341,0.0000,1000,999,1000,1,137.4983
24290.0000,2429,2895.9763,0.0000,999,1000,999,1,136.9894
24300.0000,2430,2896.0190,0.0000,999,1000,1000,1,137.3445
24310.0000,2431,2896.0612,0.0000,999,999,999,1,136.8376
24320.0000,2432,2896.1034,0.0000,999,999,999,1,136.0499
24330.0000,2433,2896.1454,0.0000,999,999,1000,1,136.1205
24340.0000,2434,2896.1877,0.0000,999,999,1000,1,136.1911
24350.0000,2435,2896.2299,0.0000,1000,1000,1000,1,135.9778
24360.0000,2436,2896.2722,0.0000,999,1000,1000,1,136.3325
24370.0000,2437,2896.3147,0.0000,999,1000,1000,1,136.6869
24380.0000,2438,2896.3564,0.0000,1000,999,1000,1,136.1897
24390.0000,2439,2896.3986,0.0000,999,1000,1000,1,136.2602
24400.0000,2440,2896.4405,0.0000,998,999,1000,1,136.0505
24410.0000,2441,2896.4823,0.0000,1000,999,1000,1,135.8429
24420.0000,2442,2896.5241,0.0000,999,1000,1000,1,135.3581
24430.0000,2443,2896.5658,0.0000,998,999,999,1,134.8737
24440.0000,2444,2896.6076,0.0000,999,1000,1000,1,134.6710
24450.0000,2445,2896.6496,0.0000,999,1000,1000,1,134.7465
24460.0000,2446,2896.6912,0.0000,1000,999,999,1,133.9876
24470.0000,2447,2896.7331,0.0000,999,1000,1000,1,134.3415
24480.0000,2448,2896.7751,0.0000,1000,1000,1000,1,134.4165
24490.0000,2449,2896.8168,0.0000,999,999,1000,1,134.7699
24500.0000,2450,2896.8586,0.0000,999,1000,1000,1,134.2867
24510.0000,2451,2896.9003,0.0000,999,1000,1000,1,134.0838
24520.0000,2452,2896.9420,0.0000,999,999,1000,1,133.8821
24530.0000,2453,2896.9832,0.0000,1000,1000,1000,1,133.6805
24540.0000,2454,2897.0250,0.0000,1000,1000,1000,1,134.0335
24550.0000,2455,2897.0663,0.0000,999,999,999,1,133.2774
24560.0000,2456,2897.1078,0.0000,1000,1000,1000,1,133.3533
24570.0000,2457,2897.1493,0.0000,999,1000,999,1,133.4286
24580.0000,2458,2897.1901,0.0000,998,998,999,1,132.4000
24590.0000,2459,2897.2315,0.0000,1000,1000,1000,1,132.4775
24600.0000,2460,2897.2729,0.0000,1000,1000,1000,1,132.2814
24610.0000,2461,2897.3143,0.0000,999,1000,1000,1,132.6340
24620.0000,2462,2897.3555,0.0000,999,1000,1000,1,132.4389
24630.0000,2463,2897.3968,0.0000,1000,1000,1000,1,132.7911
24640.0000,2464,2897.4380,0.0000,1000,1000,1000,1,132.8693
24650.0000,2465,2897.4789,0.0000,1000,1000,1000,1,132.1271
24660.0000,2466,2897.5201,0.0000,1000,1000,1000,1,132.2057
24670.0000,2467,2897.5612,0.0000,999,1000,1000,1,132.2839
24680.0000,2468,2897.6025,0.0000,999,1000,1000,1,132.6355
24690.0000,2469,2897.6434,0.0000,1000,1000,1000,1,132.7131
24700.0000,2470,2897.6845,0.0000,999,1000,1000,1,132.5175
24710.0000,2471,2897.7252,0.0000,999,999,999,1,131.5033
24720.0000,2472,2897.7663,0.0000,1000,999,1000,1,131.8546
24730.0000,2473,2897.8074,0.0000,1000,1000,1000,1,131.9322
24740.0000,2474,2897.8483,0.0000,1000,1000,1000,1,131.7362
24750.0000,2475,2897.8892,0.0000,999,999,1000,1,131.5407
24760.0000,2476,2897.9301,0.0000,1000,1000,1000,1,131.6180
24770.0000,2477,2897.9710,0.0000,1000,1000,1000,1,131.9686
24780.0000,2478,2898.0119,0.0000,1000,1000,1000,1,132.0455
24790.0000,2479,2898.0528,0.0000,1000,999,1000,1,132.3956
24800.0000,2480,2898.0936,0.0000,999,999,1000,1,132.7455
24810.0000,2481,2898.1344,0.0000,999,1000,1000,1,133.0950
24820.0000,2482,2898.1751,0.0000,999,1000,1000,1,133.4443
24830.0000,2483,2898.2159,0.0000,999,999,999,1,133.5184
24840.0000,2484,2898.2563,0.0000,1000,1000,1000,1,133.3176
24850.0000,2485,2898.2970,0.0000,999,1000,1000,1,133.6664
24860.0000,2486,2898.3375,0.0000,999,999,999,1,133.7393
24870.0000,2487,2898.3777,0.0000,999,1000,1000,1,133.8122
24880.0000,2488,2898.4182,0.0000,1000,1000,1000,1,133.8848
24890.0000,2489,2898.4588,0.0000,999,999,1000,1,133.9569
24900.0000,2490,2898.4991,0.0000,999,1000,1000,1,133.7529
24910.0000,2491,2898.5393,0.0000,999,999,1000,1,133.5482
24920.0000,2492,2898.5794,0.0000,997,998,998,1,132.7914
24930.0000,2493,2898.6192,0.0000,999,999,1000,1,132.8637
24940.0000,2494,2898.6597,0.0000,1000,1000,1000,1,133.2113
24950.0000,2495,2898.7000,0.0000,999,999,999,1,133.0068
24960.0000,2496,2898.7404,0.0000,1000,1000,1000,1,133.3541
24970.0000,2497,2898.7807,0.0000,1000,1000,1000,1,133.7012
24980.0000,2498,2898.8208,0.0000,999,999,1000,1,133.7719
24990.0000,2499,2898.8607,0.0000,999,999,999,1,133.5661
25000.0000,2500,2898.9006,0.0000,1000,1000,1000,1,133.6372
25010.0000,2501,2898.9406,0.0000,999,999,1000,1,133.1577
25020.0000,2502,2898.9806,0.0000,999,999,999,1,132.6803
25030.0000,2503,2899.0204,0.0000,999,1000,1000,1,132.2038
25040.0000,2504,2899.0599,0.0000,999,999,999,1,131.4554
25050.0000,2505,2899.0997,0.0000,998,999,999,1,131.2558
25060.0000,2506,2899.1395,0.0000,1000,1000,1000,1,131.3298
25070.0000,2507,2899.1795,0.0000,1000,999,1000,1,131.6763
25080.0000,2508,2899.2195,0.0000,999,1000,1000,1,131.7496
25090.0000,2509,2899.2589,0.0000,1000,1000,999,1,131.2773
25100.0000,2510,2899.2989,0.0000,999,999,1000,1,131.6234
25110.0000,2511,2899.3383,0.0000,999,999,1000,1,130.8777
25120.0000,2512,2899.3780,0.0000,1000,1000,1000,1,130.6786
25130.0000,2513,2899.4179,0.0000,999,1000,1000,1,131.0245
25140.0000,2514,2899.4570,0.0000,999,1000,1000,1,130.8250
25150.0000,2515,2899.4967,0.0000,1000,1000,999,1,130.6250
25160.0000,2516,2899.5363,0.0000,1000,999,1000,1,130.9704
25170.0000,2517,2899.5751,0.0000,1000,999,1000,1,130.4979
25180.0000,2518,2899.6143,0.0000,999,1000,1000,1,130.5712
25190.0000,2519,2899.6539,0.0000,1000,1000,1000,1,130.9163
25200.0000,2520,2899.6934,0.0000,1000,1000,1000,1,130.7167
25210.0000,2521,2899.7323,0.0000,1000,999,1000,1,130.7890
25220.0000,2522,2899.7721,0.0000,1000,1000,1000,1,131.1336
25230.0000,2523,2899.8111,0.0000,1000,999,999,1,130.9336
25240.0000,2524,2899.8504,0.0000,999,1000,1000,1,131.0058
25250.0000,2525,2899.8888,0.0000,1000,1000,1000,1,130.8085
25260.0000,2526,2899.9281,0.0000,1000,999,1000,1,130.3415
25270.0000,2527,2899.9671,0.0000,998,999,999,1,129.6063
25280.0000,2528,2900.0060,0.0000,999,999,1000,1,128.8762
25290.0000,2529,2900.0450,0.0000,998,999,999,1,128.6850
25300.0000,2530,2900.0839,0.0000,1000,1000,1000,1,128.7618
25310.0000,2531,2900.1231,0.0000,999,1000,999,1,128.8385
25320.0000,2532,2900.1622,0.0000,1000,999,1000,1,128.9151
25330.0000,2533,2900.2013,0.0000,1000,999,1000,1,128.9911
25340.0000,2534,2900.2403,0.0000,999,1000,1000,1,128.7998
25350.0000,2535,2900.2795,0.0000,1000,1000,1000,1,128.8770
25360.0000,2536,2900.3183,0.0000,999,1000,1000,1,128.9543
25370.0000,2537,2900.3570,0.0000,999,999,1000,1,128.7658
25380.0000,2538,2900.3956,0.0000,999,999,1000,1,128.3111
25390.0000,2539,2900.4345,0.0000,1000,1000,1000,1,128.1227
25400.0000,2540,2900.4735,0.0000,1000,1000,1000,1,128.4660
25410.0000,2541,2900.5124,0.0000,999,1000,1000,1,128.8090
25420.0000,2542,2900.5512,0.0000,999,1000,1000,1,128.3554
25430.0000,2543,2900.5897,0.0000,999,999,1000,1,128.4327
25440.0000,2544,2900.6283,0.0000,999,1000,1000,1,128.2450
25450.0000,2545,2900.6668,0.0000,999,999,1000,1,128.3227
25460.0000,2546,2900.7052,0.0000,999,999,999,1,127.8712
25470.0000,2547,2900.7438,0.0000,1000,999,1000,1,127.6844
25480.0000,2548,2900.7825,0.0000,1000,1000,1000,1,128.0267
25490.0000,2549,2900.8203,0.0000,1000,1000,1000,1,127.0480
25500.0000,2550,2900.8590,0.0000,999,1000,1000,1,127.1267
25510.0000,2551,2900.8971,0.0000,998,999,999,1,126.6788
25520.0000,2552,2900.9351,0.0000,1000,1000,1000,1,125.9724
25530.0000,2553,2900.9731,0.0000,999,999,1000,1,124.4859
25540.0000,2554,2901.0113,0.0000,999,1000,1000,1,124.3074
25550.0000,2555,2901.0497,0.0000,1000,999,1000,1,124.3894
25560.0000,2556,2901.0881,0.0000,1000,1000,1000,1,124.4714
25570.0000,2557,2901.1265,0.0000,999,1000,1000,1,124.5530
25580.0000,2558,2901.1646,0.0000,999,1000,1000,1,124.3740
25590.0000,2559,2901.2027,0.0000,1000,999,1000,1,123.6762
25600.0000,2560,2901.2409,0.0000,1000,999,1000,1,123.5000
25610.0000,2561,2901.2791,0.0000,999,1000,999,1,123.3242
25620.0000,2562,2901.3174,0.0000,1000,999,1000,1,123.6664
25630.0000,2563,2901.3554,0.0000,1000,999,1000,1,123.7485
25640.0000,2564,2901.3935,0.0000,999,999,1000,1,123.3121
25650.0000,2565,2901.4311,0.0000,999,1000,1000,1,122.6229
25660.0000,2566,2901.4685,0.0000,999,998,1000,1,121.9371
25670.0000,2567,2901.5065,0.0000,999,1000,999,1,121.7670
25680.0000,2568,2901.5445,0.0000,998,1000,999,1,121.8527
25690.0000,2569,2901.5824,0.0000,1000,999,1000,1,122.1945
25700.0000,2570,2901.6200,0.0000,999,1000,1000,1,122.0233
25710.0000,2571,2901.6580,0.0000,1000,1000,1000,1,122.1083
25720.0000,2572,2901.6960,0.0000,1000,1000,1000,1,122.1936
25730.0000,2573,2901.7335,0.0000,999,1000,1000,1,121.7671
25740.0000,2574,2901.7714,0.0000,1000,1000,1000,1,122.1083
25750.0000,2575,2901.8094,0.0000,1000,1000,1000,1,122.1929
25760.0000,2576,2901.8467,0.0000,999,1000,1000,1,122.0219
25770.0000,2577,2901.8845,0.0000,999,1000,1000,1,122.1069
25780.0000,2578,2901.9223,0.0000,999,1000,1000,1,122.4475
25790.0000,2579,2901.9599,0.0000,1000,1000,1000,1,122.5317
25800.0000,2580,2901.9970,0.0000,1000,1000,1000,1,121.5917
25810.0000,2581,2902.0344,0.0000,1000,1000,1000,1,121.1672
25820.0000,2582,2902.0721,0.0000,1000,1000,1000,1,121.2527
25830.0000,2583,2902.1099,0.0000,999,1000,1000,1,121.5929
25840.0000,2584,2902.1472,0.0000,1000,999,1000,1,121.4221
25850.0000,2585,2902.1849,0.0000,1000,1000,1000,1,121.7620
25860.0000,2586,2902.2224,0.0000,999,1000,1000,1,122.1016
25870.0000,2587,2902.2598,0.0000,999,1000,1000,1,122.4410
25880.0000,2588,2902.2973,0.0000,999,1000,1000,1,122.5236
25890.0000,2589,2902.3341,0.0000,1000,999,1000,1,122.0928
25900.0000,2590,2902.3716,0.0000,1000,1000,1000,1,122.4317
25910.0000,2591,2902.4091,0.0000,1000,999,1000,1,122.5136
25920.0000,2592,2902.4464,0.0000,1000,1000,1000,1,122.0816
25930.0000,2593,2902.4837,0.0000,999,999,1000,1,121.9068
25940.0000,2594,2902.5210,0.0000,1000,1000,1000,1,121.9888
25950.0000,2595,2902.5582,0.0000,1000,1000,999,1,121.8139
25960.0000,2596,2902.5954,0.0000,1000,1000,1000,1,122.1521
25970.0000,2597,2902.6326,0.0000,1000,1000,1000,1,122.2346
25980.0000,2598,2902.6696,0.0000,998,998,1000,1,122.0621
25990.0000,2599,2902.7068,0.0000,1000,1000,1000,1,122.1451
26000.0000,2600,2902.7440,0.0000,1000,1000,1000,1,122.4827
26010.0000,2601,2902.7811,0.0000,1000,1000,999,1,122.5648
26020.0000,2602,2902.8183,0.0000,1000,1000,1000,1,122.9020
26030.0000,2603,2902.8555,0.0000,999,1000,1000,1,123.2390
26040.0000,2604,2902.8925,0.0000,999,999,999,1,123.3197
26050.0000,2605,2902.9295,0.0000,999,999,1000,1,123.6563
26060.0000,2606,2902.9664,0.0000,1000,1000,1000,1,123.7370
26070.0000,2607,2903.0033,0.0000,999,1000,1000,1,123.5617
26080.0000,2608,2903.0401,0.0000,1000,1000,1000,1,123.3857
26090.0000,2609,2903.0770,0.0000,1000,1000,1000,1,123.4656
26100.0000,2610,2903.1137,0.0000,999,999,1000,1,123.0344
26110.0000,2611,2903.1505,0.0000,999,1000,1000,1,123.3703
26120.0000,2612,2903.1874,0.0000,1000,1000,1000,1,123.7059
26130.0000,2613,2903.2241,0.0000,999,999,1000,1,123.7856
26140.0000,2614,2903.2602,0.0000,1000,1000,1000,1,123.1006
26150.0000,2615,2903.2969,0.0000,999,1000,1000,1,123.1810
26160.0000,2616,2903.3337,0.0000,999,999,1000,1,123.5162
26170.0000,2617,2903.3700,0.0000,999,999,999,1,123.3408
26180.0000,2618,2903.4066,0.0000,999,1000,1000,1,123.1676
26190.0000,2619,2903.4431,0.0000,999,1000,1000,1,123.5024
26200.0000,2620,2903.4794,0.0000,1000,999,1000,1,123.5822
26210.0000,2621,2903.5159,0.0000,1000,1000,1000,1,123.6617
26220.0000,2622,2903.5524,0.0000,1000,999,1000,1,123.7410
26230.0000,2623,2903.5889,0.0000,1000,1000,1000,1,124.0750
26240.0000,2624,2903.6253,0.0000,999,1000,1000,1,124.4088
26250.0000,2625,2903.6617,0.0000,1000,1000,1000,1,124.4867
26260.0000,2626,2903.6983,0.0000,999,1000,1000,1,124.8201
26270.0000,2627,2903.7346,0.0000,999,999,999,1,124.3863
26280.0000,2628,2903.7704,0.0000,999,1000,999,1,123.7051
26290.0000,2629,2903.8065,0.0000,999,1000,1000,1,123.7860
26300.0000,2630,2903.8428,0.0000,999,1000,1000,1,124.1191
26310.0000,2631,2903.8791,0.0000,999,1000,1000,1,124.1998
26320.0000,2632,2903.9150,0.0000,999,1000,1000,1,123.7786
26330.0000,2633,2903.9510,0.0000,999,999,1000,1,123.3602
26340.0000,2634,2903.9869,0.0000,1000,1000,1000,1,122.9425
26350.0000,2635,2904.0230,0.0000,999,999,999,1,123.0249
26360.0000,2636,2904.0589,0.0000,999,1000,1000,1,122.1124
26370.0000,2637,2904.0944,0.0000,999,1000,999,1,121.4575
26380.0000,2638,2904.1304,0.0000,999,1000,999,1,121.5436
26390.0000,2639,2904.1660,0.0000,999,1000,1000,1,120.8910
26400.0000,2640,2904.2017,0.0000,999,1000,1000,1,120.7329
26410.0000,2641,2904.2375,0.0000,1000,1000,1000,1,120.3297
26420.0000,2642,2904.2735,0.0000,999,999,1000,1,120.6627
26430.0000,2643,2904.3094,0.0000,1000,1000,1000,1,120.7498
26440.0000,2644,2904.3452,0.0000,998,1000,1000,1,120.5901
26450.0000,2645,2904.3805,0.0000,999,999,1000,1,120.4306
26460.0000,2646,2904.4156,0.0000,999,1000,1000,1,120.0244
26470.0000,2647,2904.4514,0.0000,1000,1000,1000,1,120.3569
26480.0000,2648,2904.4867,0.0000,1000,1000,1000,1,119.7078
26490.0000,2649,2904.5224,0.0000,999,1000,1000,1,119.7954
26500.0000,2650,2904.5575,0.0000,998,1000,1000,1,119.8828
26510.0000,2651,2904.5927,0.0000,999,999,999,1,119.2382
26520.0000,2652,2904.6282,0.0000,1000,999,1000,1,119.0830
26530.0000,2653,2904.6636,0.0000,1000,999,1000,1,118.4418
26540.0000,2654,2904.6989,0.0000,999,1000,1000,1,118.5311
26550.0000,2655,2904.7341,0.0000,999,1000,999,1,118.1367
26560.0000,2656,2904.7696,0.0000,1000,1000,1000,1,118.2270
26570.0000,2657,2904.8046,0.0000,999,999,999,1,117.5924
26580.0000,2658,2904.8399,0.0000,1000,999,1000,1,117.2004
26590.0000,2659,2904.8756,0.0000,1000,1000,1000,1,117.5324
26600.0000,2660,2904.9111,0.0000,1000,1000,1000,1,117.8641
26610.0000,2661,2904.9465,0.0000,1000,1000,1000,1,117.7118
26620.0000,2662,2904.9820,0.0000,999,1000,1000,1,118.0432
26630.0000,2663,2905.0172,0.0000,999,999,1000,1,118.1319
26640.0000,2664,2905.0526,0.0000,1000,1000,1000,1,118.2205
26650.0000,2665,2905.0880,0.0000,1000,1000,1000,1,118.0661
26660.0000,2666,2905.1230,0.0000,999,1000,1000,1,117.6715
26670.0000,2667,2905.1583,0.0000,1000,1000,1000,1,118.0023
26680.0000,2668,2905.1936,0.0000,999,999,1000,1,118.3329
26690.0000,2669,2905.2287,0.0000,999,999,1000,1,118.4209
26700.0000,2670,2905.2636,0.0000,999,1000,1000,1,118.5084
26710.0000,2671,2905.2986,0.0000,1000,1000,1000,1,118.5954
26720.0000,2672,2905.3337,0.0000,999,1000,1000,1,118.6824
26730.0000,2673,2905.3688,0.0000,999,1000,1000,1,119.0121
26740.0000,2674,2905.4037,0.0000,1000,1000,1000,1,119.0983
26750.0000,2675,2905.4386,0.0000,999,999,999,1,118.9419
26760.0000,2676,2905.4734,0.0000,999,1000,1000,1,118.7871
26770.0000,2677,2905.5076,0.0000,1000,1000,1000,1,117.9071
26780.0000,2678,2905.5423,0.0000,999,999,1000,1,117.5114
26790.0000,2679,2905.5772,0.0000,1000,1000,1000,1,117.3576
26800.0000,2680,2905.6123,0.0000,999,999,999,1,117.2037
26810.0000,2681,2905.6471,0.0000,1000,1000,1000,1,116.8108
26820.0000,2682,2905.6819,0.0000,1000,999,999,1,116.6618
26830.0000,2683,2905.7164,0.0000,999,999,1000,1,116.2763
26840.0000,2684,2905.7511,0.0000,1000,1000,1000,1,115.8935
26850.0000,2685,2905.7855,0.0000,999,999,1000,1,115.5160
26860.0000,2686,2905.8193,0.0000,1000,1000,1000,1,115.3743
26870.0000,2687,2905.8543,0.0000,999,1000,1000,1,115.7035
26880.0000,2688,2905.8888,0.0000,999,1000,999,1,115.5617
26890.0000,2689,2905.9235,0.0000,1000,999,1000,1,115.6551
26900.0000,2690,2905.9580,0.0000,998,999,999,1,115.5124
26910.0000,2691,2905.9923,0.0000,1000,1000,1000,1,115.8409
26920.0000,2692,2906.0271,0.0000,1000,1000,1000,1,116.1694
26930.0000,2693,2906.0614,0.0000,1000,1000,1000,1,115.7890
26940.0000,2694,2906.0959,0.0000,1000,1000,1000,1,115.8809
26950.0000,2695,2906.1304,0.0000,999,999,1000,1,115.9724
26960.0000,2696,2906.1647,0.0000,999,1000,1000,1,115.8278
26970.0000,2697,2906.1990,0.0000,1000,1000,1000,1,115.9192
26980.0000,2698,2906.2335,0.0000,999,1000,1000,1,116.0104
26990.0000,2699,2906.2680,0.0000,999,1000,1000,1,116.1019
27000.0000,2700,2906.3025,0.0000,1000,1000,1000,1,116.4293
27010.0000,2701,2906.3368,0.0000,999,999,999,1,116.5196
27020.0000,2702,2906.3708,0.0000,999,999,1000,1,116.6106
27030.0000,2703,2906.4047,0.0000,999,998,999,1,116.2297
27040.0000,2704,2906.4389,0.0000,999,1000,1000,1,116.5565
27050.0000,2705,2906.4730,0.0000,1000,1000,1000,1,116.1765
27060.0000,2706,2906.5073,0.0000,999,1000,1000,1,116.5031
27070.0000,2707,2906.5413,0.0000,999,1000,1000,1,116.3584
27080.0000,2708,2906.5754,0.0000,1000,1000,1000,1,116.2156
27090.0000,2709,2906.6096,0.0000,1000,1000,1000,1,116.3071
27100.0000,2710,2906.6440,0.0000,999,1000,1000,1,116.6332
27110.0000,2711,2906.6781,0.0000,999,999,1000,1,116.7241
27120.0000,2712,2906.7119,0.0000,999,999,999,1,116.5791
27130.0000,2713,2906.7459,0.0000,999,1000,1000,1,116.6697
27140.0000,2714,2906.7800,0.0000,999,999,1000,1,116.9952
27150.0000,2715,2906.8140,0.0000,999,999,1000,1,117.0852
27160.0000,2716,2906.8480,0.0000,999,1000,1000,1,116.9396
27170.0000,2717,2906.8818,0.0000,999,1000,999,1,116.5602
27180.0000,2718,2906.9158,0.0000,1000,1000,1000,1,116.8852
27190.0000,2719,2906.9499,0.0000,1000,1000,1000,1,117.2100
27200.0000,2720,2906.9840,0.0000,1000,999,1000,1,117.2993
27210.0000,2721,2907.0179,0.0000,999,999,999,1,117.3883
27220.0000,2722,2907.0517,0.0000,1000,999,999,1,117.0063
27230.0000,2723,2907.0854,0.0000,999,1000,1000,1,117.0952
27240.0000,2724,2907.1193,0.0000,999,1000,1000,1,117.1837
27250.0000,2725,2907.1529,0.0000,1000,1000,1000,1,117.2720
27260.0000,2726,2907.1865,0.0000,999,999,999,1,116.8924
27270.0000,2727,2907.2201,0.0000,999,999,999,1,116.7474
27280.0000,2728,2907.2536,0.0000,1000,1000,1000,1,116.6023
27290.0000,2729,2907.2872,0.0000,1000,999,1000,1,116.4576
27300.0000,2730,2907.3209,0.0000,999,999,1000,1,116.5470
27310.0000,2731,2907.3547,0.0000,1000,1000,1000,1,116.6362
27320.0000,2732,2907.3883,0.0000,999,1000,1000,1,116.7254
27330.0000,2733,2907.4216,0.0000,999,1000,1000,1,116.5802
27340.0000,2734,2907.4550,0.0000,1000,1000,1000,1,115.9675
27350.0000,2735,2907.4884,0.0000,999,1000,999,1,115.5894
27360.0000,2736,2907.5214,0.0000,999,1000,1000,1,115.4451
27370.0000,2737,2907.5551,0.0000,1000,1000,1000,1,115.5351
27380.0000,2738,2907.5885,0.0000,1000,1000,1000,1,115.3913
27390.0000,2739,2907.6220,0.0000,999,1000,1000,1,115.7143
27400.0000,2740,2907.6555,0.0000,1000,1000,1000,1,116.0370
27410.0000,2741,2907.6890,0.0000,999,1000,1000,1,116.3595
27420.0000,2742,2907.7224,0.0000,999,999,1000,1,116.2129
27430.0000,2743,2907.7554,0.0000,999,1000,1000,1,115.8323
27440.0000,2744,2907.7886,0.0000,999,1000,1000,1,115.6864
27450.0000,2745,2907.8217,0.0000,998,999,999,1,115.3062
27460.0000,2746,2907.8547,0.0000,999,999,1000,1,114.6939
27470.0000,2747,2907.8876,0.0000,999,999,1000,1,114.7829
27480.0000,2748,2907.9209,0.0000,1000,1000,1000,1,115.1050
27490.0000,2749,2907.9537,0.0000,1000,1000,1000,1,114.7273
27500.0000,2750,2907.9867,0.0000,1000,1000,1000,1,114.1162
27510.0000,2751,2908.0200,0.0000,998,999,1000,1,113.9718
27520.0000,2752,2908.0527,0.0000,1000,1000,1000,1,113.8272
27530.0000,2753,2908.0858,0.0000,1000,1000,1000,1,113.9157
27540.0000,2754,2908.1190,0.0000,999,1000,1000,1,114.2375
27550.0000,2755,2908.1520,0.0000,998,999,999,1,114.0933
27560.0000,2756,2908.1842,0.0000,1000,999,1000,1,113.7187
27570.0000,2757,2908.2172,0.0000,999,1000,1000,1,113.5766
27580.0000,2758,2908.2502,0.0000,1000,1000,1000,1,113.6663
27590.0000,2759,2908.2832,0.0000,1000,1000,1000,1,113.7557
27600.0000,2760,2908.3161,0.0000,1000,999,1000,1,113.8448
27610.0000,2761,2908.3485,0.0000,999,999,999,1,113.0052
27620.0000,2762,2908.3811,0.0000,998,998,999,1,112.4013
27630.0000,2763,2908.4138,0.0000,999,1000,1000,1,112.4924
27640.0000,2764,2908.4466,0.0000,1000,1000,1000,1,112.1221
27650.0000,2765,2908.4795,0.0000,1000,1000,1000,1,112.2129
27660.0000,2766,2908.5122,0.0000,1000,1000,1000,1,112.0723
27670.0000,2767,2908.5451,0.0000,1000,1000,1000,1,112.3932
27680.0000,2768,2908.5778,0.0000,1000,1000,1000,1,112.4833
27690.0000,2769,2908.6107,0.0000,999,999,1000,1,112.8038
27700.0000,2770,2908.6433,0.0000,1000,1000,1000,1,112.4315
27710.0000,2771,2908.6758,0.0000,1000,1000,1000,1,112.5212
27720.0000,2772,2908.7081,0.0000,1000,1000,1000,1,112.3802
27730.0000,2773,2908.7410,0.0000,1000,1000,1000,1,112.7003
27740.0000,2774,2908.7736,0.0000,1000,1000,1000,1,112.7894
27750.0000,2775,2908.8063,0.0000,999,1000,1000,1,112.8781
27760.0000,2776,2908.8390,0.0000,1000,1000,1000,1,113.1976
27770.0000,2777,2908.8715,0.0000,1000,1000,1000,1,113.0549
27780.0000,2778,2908.9039,0.0000,1000,999,1000,1,112.9128
27790.0000,2779,2908.9364,0.0000,999,999,999,1,112.7701
27800.0000,2780,2908.9688,0.0000,998,999,999,1,112.8579
27810.0000,2781,2909.0010,0.0000,1000,1000,1000,1,112.9458
27820.0000,2782,2909.0335,0.0000,1000,1000,1000,1,112.8029
27830.0000,2783,2909.0660,0.0000,999,1000,1000,1,112.8906
27840.0000,2784,2909.0975,0.0000,1000,999,999,1,112.5175
27850.0000,2785,2909.1297,0.0000,999,1000,1000,1,112.6056
27860.0000,2786,2909.1621,0.0000,1000,999,1000,1,112.9241
27870.0000,2787,2909.1943,0.0000,1000,999,1000,1,113.2424
27880.0000,2788,2909.2262,0.0000,1000,1000,1000,1,113.0976
27890.0000,2789,2909.2585,0.0000,1000,1000,1000,1,113.1841
27900.0000,2790,2909.2903,0.0000,1000,999,1000,1,112.8073
27910.0000,2791,2909.3226,0.0000,1000,1000,1000,1,113.1252
27920.0000,2792,2909.3544,0.0000,999,999,999,1,112.5171
27930.0000,2793,2909.3865,0.0000,999,1000,1000,1,112.6044
27940.0000,2794,2909.4182,0.0000,999,999,1000,1,112.4612
27950.0000,2795,2909.4504,0.0000,999,999,1000,1,112.5493
27960.0000,2796,2909.4823,0.0000,999,1000,1000,1,112.6376
27970.0000,2797,2909.5144,0.0000,999,999,1000,1,112.4965
27980.0000,2798,2909.5461,0.0000,1000,1000,1000,1,112.1258
27990.0000,2799,2909.5779,0.0000,999,999,1000,1,111.9852
28000.0000,2800,2909.6098,0.0000,1000,1000,1000,1,112.0734
28010.0000,2801,2909.6415,0.0000,999,999,999,1,111.7049
28020.0000,2802,2909.6734,0.0000,1000,1000,1000,1,112.0219
28030.0000,2803,2909.7052,0.0000,999,1000,1000,1,111.6542
28040.0000,2804,2909.7368,0.0000,1000,1000,999,1,111.0592
28050.0000,2805,2909.7686,0.0000,999,1000,1000,1,110.9204
28060.0000,2806,2909.8005,0.0000,999,999,999,1,111.0090
28070.0000,2807,2909.8323,0.0000,999,999,1000,1,111.3257
28080.0000,2808,2909.8642,0.0000,999,1000,1000,1,111.4140
28090.0000,2809,2909.8960,0.0000,1000,1000,1000,1,111.2757
28100.0000,2810,2909.9277,0.0000,1000,1000,1000,1,111.1369
28110.0000,2811,2909.9592,0.0000,999,999,999,1,110.9980
28120.0000,2812,2909.9907,0.0000,999,1000,1000,1,111.0875
28130.0000,2813,2910.0224,0.0000,998,1000,1000,1,111.1771
28140.0000,2814,2910.0541,0.0000,1000,999,1000,1,111.2664
28150.0000,2815,2910.0858,0.0000,1000,1000,1000,1,111.3556
28160.0000,2816,2910.1173,0.0000,999,1000,1000,1,111.4447
28170.0000,2817,2910.1488,0.0000,999,1000,1000,1,111.7602
28180.0000,2818,2910.1803,0.0000,1000,1000,1000,1,111.1715
28190.0000,2819,2910.2119,0.0000,1000,1000,1000,1,110.8111
28200.0000,2820,2910.2433,0.0000,999,1000,1000,1,110.9012
28210.0000,2821,2910.2745,0.0000,998,998,998,1,110.3166
28220.0000,2822,2910.3056,0.0000,999,1000,1000,1,110.1820
28230.0000,2823,2910.3371,0.0000,1000,1000,1000,1,110.2721
28240.0000,2824,2910.3685,0.0000,998,999,999,1,110.3618
28250.0000,2825,2910.3997,0.0000,999,1000,1000,1,110.0024
28260.0000,2826,2910.4311,0.0000,1000,999,1000,1,110.0927
28270.0000,2827,2910.4623,0.0000,1000,999,1000,1,109.7349
28280.0000,2828,2910.4934,0.0000,1000,1000,1000,1,109.6022
28290.0000,2829,2910.5245,0.0000,1000,1000,1000,1,108.8009
28300.0000,2830,2910.5559,0.0000,1000,1000,1000,1,109.1158
28310.0000,2831,2910.5874,0.0000,1000,1000,1000,1,109.4305
28320.0000,2832,2910.6184,0.0000,1000,1000,1000,1,109.2983
28330.0000,2833,2910.6498,0.0000,1000,1000,1000,1,109.6127
28340.0000,2834,2910.6810,0.0000,1000,1000,1000,1,109.7030
28350.0000,2835,2910.7123,0.0000,998,999,999,1,109.7932
28360.0000,2836,2910.7429,0.0000,999,1000,1000,1,109.8829
28370.0000,2837,2910.7742,0.0000,999,1000,1000,1,109.9725
28380.0000,2838,2910.8047,0.0000,1000,999,1000,1,109.3936
28390.0000,2839,2910.8359,0.0000,1000,1000,1000,1,109.7073
28400.0000,2840,2910.8668,0.0000,999,1000,1000,1,109.3539
28410.0000,2841,2910.8973,0.0000,999,999,998,1,108.5597
28420.0000,2842,2910.9281,0.0000,999,999,1000,1,108.6523
28430.0000,2843,2910.9588,0.0000,999,999,1000,1,108.0851
28440.0000,2844,2910.9898,0.0000,1000,1000,1000,1,108.3987
28450.0000,2845,2911.0210,0.0000,1000,1000,1000,1,108.7121
28460.0000,2846,2911.0519,0.0000,1000,1000,1000,1,108.8049
28470.0000,2847,2911.0828,0.0000,999,1000,1000,1,108.8978
28480.0000,2848,2911.1137,0.0000,1000,1000,1000,1,108.7700
28490.0000,2849,2911.1446,0.0000,1000,1000,1000,1,108.4213
28500.0000,2850,2911.1755,0.0000,1000,1000,1000,1,108.5133
28510.0000,2851,2911.2062,0.0000,999,999,1000,1,108.3855
28520.0000,2852,2911.2366,0.0000,999,1000,1000,1,108.0400
28530.0000,2853,2911.2673,0.0000,999,1000,1000,1,107.9148
28540.0000,2854,2911.2978,0.0000,999,999,1000,1,107.5726
28550.0000,2855,2911.3286,0.0000,999,1000,1000,1,107.6674
28560.0000,2856,2911.3592,0.0000,999,999,999,1,107.1084
28570.0000,2857,2911.3897,0.0000,1000,999,999,1,106.9858
28580.0000,2858,2911.4203,0.0000,999,1000,1000,1,107.0807
28590.0000,2859,2911.4511,0.0000,999,1000,1000,1,107.3930
28600.0000,2860,2911.4819,0.0000,1000,1000,1000,1,107.4872
28610.0000,2861,2911.5125,0.0000,999,1000,1000,1,107.5813
28620.0000,2862,2911.5431,0.0000,1000,999,1000,1,107.6752
28630.0000,2863,2911.5736,0.0000,1000,1000,1000,1,107.5504
28640.0000,2864,2911.6039,0.0000,1000,999,1000,1,107.2074
28650.0000,2865,2911.6345,0.0000,1000,999,1000,1,107.5190
28660.0000,2866,2911.6650,0.0000,1000,1000,1000,1,107.8304
28670.0000,2867,2911.6957,0.0000,999,999,999,1,107.9228
28680.0000,2868,2911.7258,0.0000,999,999,1000,1,107.1437
28690.0000,2869,2911.7560,0.0000,999,1000,999,1,107.2370
28700.0000,2870,2911.7864,0.0000,999,1000,1000,1,106.8953
28710.0000,2871,2911.8166,0.0000,999,1000,1000,1,106.7713
28720.0000,2872,2911.8469,0.0000,1000,999,1000,1,106.6477
28730.0000,2873,2911.8774,0.0000,1000,1000,1000,1,106.9586
28740.0000,2874,2911.9079,0.0000,1000,1000,1000,1,107.2694
28750.0000,2875,2911.9382,0.0000,1000,1000,1000,1,107.5799
28760.0000,2876,2911.9687,0.0000,1000,1000,1000,1,107.8902
28770.0000,2877,2911.9989,0.0000,999,1000,1000,1,107.5467
28780.0000,2878,2912.0292,0.0000,999,1000,1000,1,107.8568
28790.0000,2879,2912.0593,0.0000,1000,1000,1000,1,107.5127
28800.0000,2880,2912.0896,0.0000,999,1000,1000,1,107.6044
28810.0000,2881,2912.1196,0.0000,1000,1000,1000,1,106.8244
28820.0000,2882,2912.1498,0.0000,1000,1000,1000,1,106.9165
28830.0000,2883,2912.1797,0.0000,1000,1000,1000,1,105.9250
28840.0000,2884,2912.2096,0.0000,998,999,1000,1,105.5866
28850.0000,2885,2912.2391,0.0000,999,998,1000,1,105.2493
28860.0000,2886,2912.2693,0.0000,1000,1000,1000,1,105.3437
28870.0000,2887,2912.2990,0.0000,1000,999,1000,1,105.2219
28880.0000,2888,2912.3291,0.0000,1000,1000,1000,1,105.3159
28890.0000,2889,2912.3589,0.0000,998,998,999,1,104.9787
28900.0000,2890,2912.3886,0.0000,1000,1000,1000,1,104.4299
28910.0000,2891,2912.4185,0.0000,999,1000,1000,1,104.3105
28920.0000,2892,2912.4485,0.0000,999,1000,1000,1,104.6202
28930.0000,2893,2912.4785,0.0000,1000,1000,1000,1,104.7151
28940.0000,2894,2912.5082,0.0000,998,999,1000,1,104.5950
28950.0000,2895,2912.5382,0.0000,1000,1000,1000,1,104.9043
28960.0000,2896,2912.5684,0.0000,999,1000,1000,1,105.2133
28970.0000,2897,2912.5983,0.0000,999,1000,1000,1,105.5222
28980.0000,2898,2912.6280,0.0000,1000,999,1000,1,105.4004
28990.0000,2899,2912.6579,0.0000,1000,1000,1000,1,105.7090
29000.0000,2900,2912.6874,0.0000,1000,1000,1000,1,104.9419
29010.0000,2901,2912.7172,0.0000,1000,999,1000,1,104.8211
29020.0000,2902,2912.7466,0.0000,999,1000,999,1,104.4891
29030.0000,2903,2912.7762,0.0000,999,999,999,1,104.5846
29040.0000,2904,2912.8060,0.0000,1000,1000,1000,1,104.6802
29050.0000,2905,2912.8356,0.0000,1000,999,999,1,104.3505
29060.0000,2906,2912.8651,0.0000,1000,1000,1000,1,104.0209
29070.0000,2907,2912.8950,0.0000,1000,1000,1000,1,104.3291
29080.0000,2908,2912.9246,0.0000,1000,999,1000,1,104.4239
29090.0000,2909,2912.9540,0.0000,999,999,1000,1,104.3050
29100.0000,2910,2912.9837,0.0000,1000,1000,1000,1,104.6128
29110.0000,2911,2913.0133,0.0000,1000,999,1000,1,104.7066
29120.0000,2912,2913.0428,0.0000,999,1000,1000,1,104.5862
29130.0000,2913,2913.0713,0.0000,998,997,998,1,103.4016
29140.0000,2914,2913.1004,0.0000,1000,1000,1000,1,103.0729
29150.0000,2915,2913.1300,0.0000,999,999,1000,1,103.3805
29160.0000,2916,2913.1594,0.0000,1000,1000,1000,1,103.2655
29170.0000,2917,2913.1890,0.0000,999,999,1000,1,103.3614
29180.0000,2918,2913.2186,0.0000,999,999,1000,1,103.6687
29190.0000,2919,2913.2478,0.0000,999,1000,1000,1,103.5526
29200.0000,2920,2913.2773,0.0000,1000,1000,1000,1,103.8596
29210.0000,2921,2913.3069,0.0000,999,999,1000,1,103.9543
29220.0000,2922,2913.3363,0.0000,999,1000,1000,1,104.2609
29230.0000,2923,2913.3655,0.0000,1000,1000,1000,1,104.1425
29240.0000,2924,2913.3949,0.0000,1000,1000,1000,1,104.4489
29250.0000,2925,2913.4240,0.0000,999,1000,1000,1,104.3292
29260.0000,2926,2913.4527,0.0000,999,1000,1000,1,103.9976
29270.0000,2927,2913.4820,0.0000,1000,1000,1000,1,104.3037
29280.0000,2928,2913.5104,0.0000,999,999,1000,1,103.9760
29290.0000,2929,2913.5396,0.0000,999,1000,1000,1,103.8607
29300.0000,2930,2913.5687,0.0000,1000,1000,1000,1,103.9562
29310.0000,2931,2913.5973,0.0000,1000,998,1000,1,104.0514
29320.0000,2932,2913.6262,0.0000,1000,1000,1000,1,103.9361
29330.0000,2933,2913.6554,0.0000,999,1000,1000,1,104.0321
29340.0000,2934,2913.6845,0.0000,999,1000,1000,1,104.1278
29350.0000,2935,2913.7136,0.0000,999,999,1000,1,104.2231
29360.0000,2936,2913.7425,0.0000,999,1000,1000,1,103.8993
29370.0000,2937,2913.7717,0.0000,1000,1000,1000,1,104.2044
29380.0000,2938,2913.8008,0.0000,1000,1000,1000,1,104.2993
29390.0000,2939,2913.8296,0.0000,999,999,1000,1,104.3940
29400.0000,2940,2913.8585,0.0000,999,999,999,1,104.2783
29410.0000,2941,2913.8875,0.0000,1000,1000,1000,1,104.1626
29420.0000,2942,2913.9164,0.0000,999,1000,1000,1,104.2568
29430.0000,2943,2913.9454,0.0000,999,999,999,1,104.1407
29440.0000,2944,2913.9741,0.0000,999,999,1000,1,104.2352
29450.0000,2945,2914.0029,0.0000,999,999,1000,1,104.1217
29460.0000,2946,2914.0318,0.0000,999,999,1000,1,104.2172
29470.0000,2947,2914.0606,0.0000,1000,1000,1000,1,103.6875
29480.0000,2948,2914.0895,0.0000,999,1000,1000,1,103.7832
29490.0000,2949,2914.1181,0.0000,999,1000,999,1,103.0474
29500.0000,2950,2914.1468,0.0000,1000,1000,1000,1,102.9360
29510.0000,2951,2914.1758,0.0000,1000,1000,1000,1,103.2400
29520.0000,2952,2914.2046,0.0000,1000,1000,1000,1,103.3357
29530.0000,2953,2914.2332,0.0000,999,999,1000,1,103.0152
29540.0000,2954,2914.2619,0.0000,998,998,999,1,102.9033
29550.0000,2955,2914.2902,0.0000,999,999,999,1,102.5841
29560.0000,2956,2914.3189,0.0000,999,999,1000,1,102.4725
29570.0000,2957,2914.3473,0.0000,1000,1000,1000,1,102.3617
29580.0000,2958,2914.3759,0.0000,998,999,999,1,102.2506
29590.0000,2959,2914.4044,0.0000,1000,1000,1000,1,102.1401
29600.0000,2960,2914.4330,0.0000,999,1000,999,1,102.2369
29610.0000,2961,2914.4612,0.0000,999,1000,1000,1,101.5093
29620.0000,2962,2914.4898,0.0000,999,1000,1000,1,101.6068
29630.0000,2963,2914.5183,0.0000,999,1000,1000,1,101.7038
29640.0000,2964,2914.5468,0.0000,999,1000,1000,1,101.8007
29650.0000,2965,2914.5751,0.0000,999,1000,1000,1,101.2796
29660.0000,2966,2914.6035,0.0000,1000,999,1000,1,101.1709
29670.0000,2967,2914.6320,0.0000,1000,1000,1000,1,101.4739
29680.0000,2968,2914.6604,0.0000,999,1000,1000,1,101.5701
29690.0000,2969,2914.6890,0.0000,1000,999,1000,1,101.8727
29700.0000,2970,2914.7172,0.0000,999,1000,1000,1,101.7612
29710.0000,2971,2914.7453,0.0000,999,1000,1000,1,101.6500
29720.0000,2972,2914.7736,0.0000,999,999,999,1,101.7457
29730.0000,2973,2914.8017,0.0000,999,999,1000,1,101.6356
29740.0000,2974,2914.8290,0.0000,999,998,999,1,100.5009
29750.0000,2975,2914.8572,0.0000,1000,1000,1000,1,100.5997
29760.0000,2976,2914.8851,0.0000,999,999,999,1,99.8859
29770.0000,2977,2914.9134,0.0000,999,999,1000,1,99.7835
29780.0000,2978,2914.9415,0.0000,999,1000,1000,1,99.6804
29790.0000,2979,2914.9697,0.0000,999,999,1000,1,99.7797
29800.0000,2980,2914.9977,0.0000,999,999,999,1,99.6760
29810.0000,2981,2915.0259,0.0000,1000,1000,1000,1,99.9780
29820.0000,2982,2915.0543,0.0000,999,1000,1000,1,100.2798
29830.0000,2983,2915.0825,0.0000,1000,1000,1000,1,100.5815
29840.0000,2984,2915.1106,0.0000,999,999,1000,1,100.6792
29850.0000,2985,2915.1386,0.0000,1000,999,1000,1,100.7773
29860.0000,2986,2915.1667,0.0000,999,1000,999,1,100.8757
29870.0000,2987,2915.1948,0.0000,1000,1000,1000,1,100.9742
29880.0000,2988,2915.2226,0.0000,999,1000,1000,1,101.0724
29890.0000,2989,2915.2506,0.0000,999,1000,999,1,100.9673
29900.0000,2990,2915.2781,0.0000,999,999,999,1,100.6583
29910.0000,2991,2915.3061,0.0000,999,1000,1000,1,100.7556
29920.0000,2992,2915.3342,0.0000,999,999,1000,1,101.0561
29930.0000,2993,2915.3616,0.0000,998,999,1000,1,100.3427
29940.0000,2994,2915.3893,0.0000,999,1000,1000,1,100.0395
29950.0000,2995,2915.4173,0.0000,999,1000,1000,1,100.1389
29960.0000,2996,2915.4450,0.0000,999,998,1000,1,100.0374
29970.0000,2997,2915.4724,0.0000,999,998,1000,1,99.7354
29980.0000,2998,2915.5002,0.0000,1000,1000,1000,1,99.6349
29990.0000,2999,2915.5278,0.0000,999,999,1000,1,99.3338
30000.0000,3000,2915.5558,0.0000,1000,1000,1000,1,99.4343
30010.0000,3001,2915.5836,0.0000,999,999,1000,1,99.5342
30020.0000,3002,2915.6115,0.0000,1000,1000,1000,1,99.6342
30030.0000,3003,2915.6395,0.0000,999,999,1000,1,99.9340
30040.0000,3004,2915.6671,0.0000,1000,1000,1000,1,99.8340
30050.0000,3005,2915.6946,0.0000,999,1000,999,1,99.3339
30060.0000,3006,2915.7221,0.0000,999,1000,1000,1,99.2333
30070.0000,3007,2915.7498,0.0000,999,1000,1000,1,98.9340
30080.0000,3008,2915.7775,0.0000,1000,1000,1000,1,98.8346
30090.0000,3009,2915.8049,0.0000,1000,1000,1000,1,98.3377
30100.0000,3010,2915.8328,0.0000,1000,1000,1000,1,98.6372
30110.0000,3011,2915.8607,0.0000,1000,1000,1000,1,98.7376
30120.0000,3012,2915.8884,0.0000,1000,1000,1000,1,98.6389
30130.0000,3013,2915.9162,0.0000,999,1000,1000,1,98.9380
30140.0000,3014,2915.9438,0.0000,999,1000,1000,1,99.2370
30150.0000,3015,2915.9713,0.0000,999,1000,1000,1,99.1371
30160.0000,3016,2915.9989,0.0000,998,999,999,1,99.2365
30170.0000,3017,2916.0264,0.0000,1000,1000,1000,1,99.1370
30180.0000,3018,2916.0538,0.0000,999,1000,1000,1,99.2374
30190.0000,3019,2916.0812,0.0000,1000,1000,1000,1,99.3373
30200.0000,3020,2916.1084,0.0000,998,998,999,1,98.2471
30210.0000,3021,2916.1357,0.0000,1000,1000,1000,1,98.3472
30220.0000,3022,2916.1631,0.0000,999,1000,999,1,98.0502
30230.0000,3023,2916.1905,0.0000,1000,1000,1000,1,97.9516
30240.0000,3024,2916.2178,0.0000,999,1000,1000,1,97.8526
30250.0000,3025,2916.2453,0.0000,1000,1000,1000,1,98.1509
30260.0000,3026,2916.2729,0.0000,999,999,1000,1,98.4489
30270.0000,3027,2916.2999,0.0000,998,999,999,1,98.1493
30280.0000,3028,2916.3268,0.0000,1000,1000,1000,1,97.8498
30290.0000,3029,2916.3543,0.0000,999,1000,1000,1,98.1477
30300.0000,3030,2916.3816,0.0000,1000,999,1000,1,98.2458
30310.0000,3031,2916.4089,0.0000,1000,999,1000,1,98.3438
30320.0000,3032,2916.4361,0.0000,999,1000,1000,1,98.4417
30330.0000,3033,2916.4634,0.0000,1000,999,1000,1,98.1399
30340.0000,3034,2916.4903,0.0000,1000,999,1000,1,97.8381
30350.0000,3035,2916.5173,0.0000,999,1000,1000,1,97.3374
30360.0000,3036,2916.5445,0.0000,1000,1000,1000,1,97.2366
30370.0000,3037,2916.5716,0.0000,1000,1000,999,1,97.1352
30380.0000,3038,2916.5984,0.0000,1000,1000,1000,1,97.0337
30390.0000,3039,2916.6254,0.0000,998,1000,1000,1,96.9321
30400.0000,3040,2916.6525,0.0000,998,1000,999,1,97.0300
30410.0000,3041,2916.6798,0.0000,1000,1000,1000,1,97.3269
30420.0000,3042,2916.7070,0.0000,1000,1000,1000,1,97.2256
30430.0000,3043,2916.7341,0.0000,999,1000,1000,1,97.3236
30440.0000,3044,2916.7611,0.0000,999,999,999,1,97.4210
30450.0000,3045,2916.7882,0.0000,999,1000,1000,1,97.3196
30460.0000,3046,2916.8152,0.0000,998,999,1000,1,97.2183
30470.0000,3047,2916.8421,0.0000,1000,999,1000,1,97.1174
30480.0000,3048,2916.8690,0.0000,1000,1000,1000,1,97.2149
30490.0000,3049,2916.8958,0.0000,999,999,999,1,96.7157
30500.0000,3050,2916.9225,0.0000,1000,1000,1000,1,96.4162
30510.0000,3051,2916.9496,0.0000,1000,1000,1000,1,96.7123
30520.0000,3052,2916.9766,0.0000,1000,1000,1000,1,97.0083
30530.0000,3053,2917.0030,0.0000,999,1000,1000,1,96.9063
30540.0000,3054,2917.0298,0.0000,999,1000,1000,1,96.6056
30550.0000,3055,2917.0566,0.0000,1000,999,1000,1,96.5048
30560.0000,3056,2917.0834,0.0000,999,1000,1000,1,96.6022
30570.0000,3057,2917.1105,0.0000,999,1000,1000,1,96.8977
30580.0000,3058,2917.1374,0.0000,1000,1000,1000,1,96.9943
30590.0000,3059,2917.1643,0.0000,999,1000,1000,1,97.2895
30600.0000,3060,2917.1911,0.0000,1000,1000,1000,1,97.3857
30610.0000,3061,2917.2180,0.0000,999,1000,1000,1,97.4815
30620.0000,3062,2917.2445,0.0000,999,1000,1000,1,97.5771
30630.0000,3063,2917.2710,0.0000,998,999,999,1,97.0761
30640.0000,3064,2917.2979,0.0000,999,1000,1000,1,97.3708
30650.0000,3065,2917.3243,0.0000,998,999,1000,1,96.8704
30660.0000,3066,2917.3510,0.0000,999,1000,1000,1,96.9667
30670.0000,3067,2917.3775,0.0000,999,1000,1000,1,96.8641
30680.0000,3068,2917.4041,0.0000,999,999,1000,1,97.1585
30690.0000,3069,2917.4305,0.0000,999,999,1000,1,96.8557
30700.0000,3070,2917.4569,0.0000,1000,1000,1000,1,96.7526
30710.0000,3071,2917.4836,0.0000,998,999,999,1,96.6500
30720.0000,3072,2917.5101,0.0000,1000,999,1000,1,96.3512
30730.0000,3073,2917.5367,0.0000,999,999,1000,1,96.4474
30740.0000,3074,2917.5626,0.0000,999,999,1000,1,96.1483
30750.0000,3075,2917.5890,0.0000,1000,1000,1000,1,96.0483
30760.0000,3076,2917.6155,0.0000,999,999,1000,1,96.1454
30770.0000,3077,2917.6418,0.0000,1000,1000,1000,1,96.2422
30780.0000,3078,2917.6681,0.0000,1000,999,999,1,96.1412
30790.0000,3079,2917.6947,0.0000,1000,1000,1000,1,96.4348
30800.0000,3080,2917.7214,0.0000,1000,1000,1000,1,96.7281
30810.0000,3081,2917.7477,0.0000,1000,1000,1000,1,96.6257
30820.0000,3082,2917.7741,0.0000,999,1000,1000,1,96.7214
30830.0000,3083,2917.8006,0.0000,1000,1000,1000,1,97.0143
30840.0000,3084,2917.8270,0.0000,1000,1000,1000,1,97.1093
30850.0000,3085,2917.8533,0.0000,999,1000,1000,1,97.0063
30860.0000,3086,2917.8795,0.0000,1000,1000,1000,1,97.1010
30870.0000,3087,2917.9060,0.0000,999,1000,1000,1,97.3935
30880.0000,3088,2917.9318,0.0000,999,998,999,1,97.0942
30890.0000,3089,2917.9580,0.0000,1000,1000,1000,1,97.1906
30900.0000,3090,2917.9843,0.0000,999,999,1000,1,97.2867
30910.0000,3091,2918.0106,0.0000,999,1000,1000,1,97.5787
30920.0000,3092,2918.0362,0.0000,1000,1000,1000,1,97.0890
30930.0000,3093,2918.0624,0.0000,999,1000,1000,1,96.9907
30940.0000,3094,2918.0883,0.0000,999,999,999,1,96.6980
30950.0000,3095,2918.1144,0.0000,1000,1000,1000,1,96.9898
30960.0000,3096,2918.1407,0.0000,1000,1000,1000,1,97.0865
30970.0000,3097,2918.1668,0.0000,1000,1000,1000,1,97.1830
30980.0000,3098,2918.1929,0.0000,999,1000,1000,1,97.0837
30990.0000,3099,2918.2191,0.0000,999,1000,1000,1,97.3750
31000.0000,3100,2918.2451,0.0000,1000,1000,1000,1,97.2764
31010.0000,3101,2918.2711,0.0000,999,1000,1000,1,97.1791
31020.0000,3102,2918.2973,0.0000,999,999,1000,1,97.4701
31030.0000,3103,2918.3234,0.0000,999,999,1000,1,97.3723
31040.0000,3104,2918.3495,0.0000,1000,1000,1000,1,97.6631
31050.0000,3105,2918.3754,0.0000,1000,999,999,1,97.5646
31060.0000,3106,2918.4015,0.0000,999,1000,1000,1,97.6605
31070.0000,3107,2918.4275,0.0000,999,999,1000,1,97.9509
31080.0000,3108,2918.4534,0.0000,999,1000,1000,1,98.0462
31090.0000,3109,2918.4789,0.0000,1000,999,1000,1,97.7508
31100.0000,3110,2918.5049,0.0000,999,1000,1000,1,97.6507
31110.0000,3111,2918.5309,0.0000,999,1000,1000,1,97.7456
31120.0000,3112,2918.5568,0.0000,999,999,999,1,97.6447
31130.0000,3113,2918.5823,0.0000,999,1000,1000,1,97.3488
31140.0000,3114,2918.6082,0.0000,999,1000,1000,1,97.6386
31150.0000,3115,2918.6338,0.0000,1000,1000,1000,1,97.7327
31160.0000,3116,2918.6596,0.0000,999,999,1000,1,97.8270
31170.0000,3117,2918.6855,0.0000,999,1000,1000,1,97.9215
31180.0000,3118,2918.7113,0.0000,999,1000,1000,1,98.0153
31190.0000,3119,2918.7369,0.0000,1000,1000,1000,1,97.9141
31200.0000,3120,2918.7626,0.0000,999,999,1000,1,98.2032
31210.0000,3121,2918.7881,0.0000,1000,999,1000,1,98.1012
31220.0000,3122,2918.8140,0.0000,1000,1000,1000,1,98.1946
31230.0000,3123,2918.8396,0.0000,1000,1000,1000,1,98.0917
31240.0000,3124,2918.8650,0.0000,1000,999,1000,1,97.9897
31250.0000,3125,2918.8906,0.0000,1000,1000,1000,1,97.8884
31260.0000,3126,2918.9164,0.0000,1000,1000,1000,1,98.1770
31270.0000,3127,2918.9420,0.0000,1000,1000,1000,1,98.0753
31280.0000,3128,2918.9678,0.0000,1000,1000,1000,1,98.1685
31290.0000,3129,2918.9934,0.0000,1000,999,999,1,98.0667
31300.0000,3130,2919.0190,0.0000,1000,1000,1000,1,97.9655
31310.0000,3131,2919.0444,0.0000,1000,999,1000,1,97.6718
31320.0000,3132,2919.0698,0.0000,999,1000,1000,1,97.5724
31330.0000,3133,2919.0954,0.0000,999,1000,1000,1,97.8604
31340.0000,3134,2919.1209,0.0000,1000,1000,1000,1,97.5665
31350.0000,3135,2919.1465,0.0000,999,1000,1000,1,97.6604
31360.0000,3136,2919.1721,0.0000,999,1000,1000,1,97.9481
31370.0000,3137,2919.1975,0.0000,1000,1000,999,1,97.4586
31380.0000,3138,2919.2229,0.0000,999,999,1000,1,97.3574
31390.0000,3139,2919.2480,0.0000,999,1000,999,1,97.0618
31400.0000,3140,2919.2732,0.0000,999,999,999,1,96.7675
31410.0000,3141,2919.2985,0.0000,999,999,999,1,96.8614
31420.0000,3142,2919.3238,0.0000,999,1000,1000,1,96.9554
31430.0000,3143,2919.3492,0.0000,1000,1000,1000,1,97.0491
31440.0000,3144,2919.3741,0.0000,998,998,999,1,96.7560
31450.0000,3145,2919.3991,0.0000,1000,1000,1000,1,96.4641
31460.0000,3146,2919.4243,0.0000,999,999,1000,1,96.1725
31470.0000,3147,2919.4493,0.0000,1000,1000,1000,1,95.8825
31480.0000,3148,2919.4746,0.0000,999,999,999,1,95.4015
31490.0000,3149,2919.4996,0.0000,999,1000,999,1,95.1140
31500.0000,3150,2919.5247,0.0000,998,998,999,1,95.0183
31510.0000,3151,2919.5499,0.0000,999,1000,1000,1,95.1144
31520.0000,3152,2919.5751,0.0000,1000,999,1000,1,95.2102
31530.0000,3153,2919.6003,0.0000,998,998,999,1,94.9222
31540.0000,3154,2919.6243,0.0000,999,999,1000,1,94.2531
31550.0000,3155,2919.6495,0.0000,1000,1000,1000,1,94.3491
31560.0000,3156,2919.6747,0.0000,1000,1000,1000,1,94.2535
31570.0000,3157,2919.6998,0.0000,999,1000,1000,1,94.3488
31580.0000,3158,2919.7250,0.0000,1000,1000,1000,1,94.4441
31590.0000,3159,2919.7504,0.0000,999,1000,1000,1,94.7307
31600.0000,3160,2919.7753,0.0000,1000,999,1000,1,94.2489
31610.0000,3161,2919.8003,0.0000,1000,999,1000,1,93.9593
31620.0000,3162,2919.8251,0.0000,999,999,1000,1,93.6709
31630.0000,3163,2919.8502,0.0000,1000,1000,1000,1,93.9575
31640.0000,3164,2919.8752,0.0000,999,999,1000,1,94.0522
31650.0000,3165,2919.9000,0.0000,999,1000,1000,1,93.7640
31660.0000,3166,2919.9239,0.0000,999,998,999,1,92.7115
31670.0000,3167,2919.9489,0.0000,1000,1000,1000,1,92.8075
31680.0000,3168,2919.9741,0.0000,999,1000,1000,1,93.0939
31690.0000,3169,2919.9985,0.0000,999,999,999,1,92.9980
31700.0000,3170,2920.0234,0.0000,999,1000,1000,1,93.0931
31710.0000,3171,2920.0482,0.0000,1000,1000,999,1,92.9966
31720.0000,3172,2920.0726,0.0000,1000,1000,1000,1,92.5182
31730.0000,3173,2920.0975,0.0000,1000,1000,1000,1,92.8042
31740.0000,3174,2920.1223,0.0000,999,999,1000,1,92.7071
31750.0000,3175,2920.1470,0.0000,1000,1000,1000,1,92.4198
31760.0000,3176,2920.1720,0.0000,999,1000,1000,1,92.7056
31770.0000,3177,2920.1969,0.0000,999,1000,1000,1,92.9912
31780.0000,3178,2920.2218,0.0000,1000,1000,1000,1,93.2766
31790.0000,3179,2920.2467,0.0000,1000,1000,1000,1,93.5618
31800.0000,3180,2920.2717,0.0000,999,999,1000,1,93.8468
31810.0000,3181,2920.2966,0.0000,999,1000,1000,1,94.1317
31820.0000,3182,2920.3214,0.0000,999,1000,1000,1,94.4164
31830.0000,3183,2920.3460,0.0000,999,1000,1000,1,94.3159
31840.0000,3184,2920.3708,0.0000,1000,1000,1000,1,94.4081
31850.0000,3185,2920.3948,0.0000,998,998,998,1,93.5420
31860.0000,3186,2920.4193,0.0000,999,999,1000,1,93.8264
31870.0000,3187,2920.4441,0.0000,999,999,1000,1,93.9195
31880.0000,3188,2920.4685,0.0000,999,999,999,1,93.6312
31890.0000,3189,2920.4930,0.0000,1000,1000,1000,1,92.9614
31900.0000,3190,2920.5177,0.0000,1000,1000,1000,1,93.0550
31910.0000,3191,2920.5420,0.0000,999,1000,1000,1,92.5790
31920.0000,3192,2920.5662,0.0000,1000,1000,1000,1,92.4857
31930.0000,3193,2920.5908,0.0000,999,999,1000,1,92.5809
31940.0000,3194,2920.6153,0.0000,1000,1000,1000,1,92.4878
31950.0000,3195,2920.6399,0.0000,1000,998,999,1,92.5830
31960.0000,3196,2920.6646,0.0000,999,1000,1000,1,92.8669
31970.0000,3197,2920.6891,0.0000,1000,1000,1000,1,92.9616
31980.0000,3198,2920.7132,0.0000,998,999,999,1,92.4896
31990.0000,3199,2920.7376,0.0000,1000,1000,1000,1,92.5845
32000.0000,3200,2920.7621,0.0000,999,1000,1000,1,92.8681
32010.0000,3201,2920.7866,0.0000,999,1000,1000,1,92.9628
32020.0000,3202,2920.8110,0.0000,999,1000,1000,1,93.0574
32030.0000,3203,2920.8356,0.0000,1000,1000,1000,1,93.3406
32040.0000,3204,2920.8600,0.0000,1000,1000,1000,1,93.4344
32050.0000,3205,2920.8846,0.0000,999,1000,1000,1,93.7173
32060.0000,3206,2920.9086,0.0000,998,998,999,1,92.8736
32070.0000,3207,2920.9324,0.0000,999,1000,1000,1,92.7831
32080.0000,3208,2920.9567,0.0000,999,1000,999,1,92.5062
32090.0000,3209,2920.9811,0.0000,1000,1000,1000,1,92.7890
32100.0000,3210,2921.0055,0.0000,1000,1000,1000,1,92.6986
32110.0000,3211,2921.0299,0.0000,1000,1000,1000,1,92.9812
32120.0000,3212,2921.0543,0.0000,999,1000,1000,1,93.0773
32130.0000,3213,2921.0786,0.0000,999,1000,1000,1,92.9863
32140.0000,3214,2921.1030,0.0000,999,1000,1000,1,93.2685
32150.0000,3215,2921.1273,0.0000,1000,999,1000,1,92.9908
32160.0000,3216,2921.1513,0.0000,998,999,999,1,92.5291
32170.0000,3217,2921.1752,0.0000,1000,999,999,1,92.0735
32180.0000,3218,2921.1992,0.0000,999,999,999,1,91.9884
32190.0000,3219,2921.2229,0.0000,999,1000,1000,1,91.3529
32200.0000,3220,2921.2469,0.0000,999,1000,1000,1,91.0865
32210.0000,3221,2921.2710,0.0000,999,999,1000,1,91.3687
32220.0000,3222,2921.2952,0.0000,999,1000,1000,1,91.2848
32230.0000,3223,2921.3193,0.0000,1000,999,1000,1,91.5667
32240.0000,3224,2921.3434,0.0000,1000,1000,1000,1,91.6651
32250.0000,3225,2921.3676,0.0000,1000,1000,1000,1,91.9468
32260.0000,3226,2921.3916,0.0000,999,999,1000,1,91.8609
32270.0000,3227,2921.4156,0.0000,1000,1000,1000,1,91.9585
32280.0000,3228,2921.4396,0.0000,1000,999,1000,1,92.0559
32290.0000,3229,2921.4635,0.0000,999,999,1000,1,91.9698
32300.0000,3230,2921.4873,0.0000,1000,999,1000,1,91.8833
32310.0000,3231,2921.5112,0.0000,1000,1000,1000,1,91.6126
32320.0000,3232,2921.5352,0.0000,999,999,1000,1,91.7096
32330.0000,3233,2921.5590,0.0000,999,999,1000,1,91.4381
32340.0000,3234,2921.5828,0.0000,999,999,1000,1,91.1671
32350.0000,3235,2921.6068,0.0000,1000,1000,1000,1,91.2639
32360.0000,3236,2921.6306,0.0000,999,1000,1000,1,91.3605
32370.0000,3237,2921.6544,0.0000,1000,1000,1000,1,91.4569
32380.0000,3238,2921.6784,0.0000,999,1000,1000,1,91.7375
32390.0000,3239,2921.7024,0.0000,1000,1000,1000,1,92.0179
32400.0000,3240,2921.7262,0.0000,999,1000,999,1,91.7433
32410.0000,3241,2921.7497,0.0000,999,1000,1000,1,91.4709
32420.0000,3242,2921.7734,0.0000,999,999,1000,1,91.1990
32430.0000,3243,2921.7972,0.0000,999,1000,1000,1,91.1113
32440.0000,3244,2921.8210,0.0000,1000,999,999,1,91.0237
32450.0000,3245,2921.8449,0.0000,1000,999,1000,1,91.3038
32460.0000,3246,2921.8686,0.0000,1000,1000,1000,1,91.3997
32470.0000,3247,2921.8924,0.0000,999,1000,1000,1,91.6795
32480.0000,3248,2921.9159,0.0000,999,1000,1000,1,91.5900
32490.0000,3249,2921.9396,0.0000,1000,1000,999,1,91.5012
32500.0000,3250,2921.9633,0.0000,999,1000,1000,1,91.7807
32510.0000,3251,2921.9870,0.0000,999,1000,1000,1,91.8756
32520.0000,3252,2922.0104,0.0000,998,998,1000,1,91.4161
32530.0000,3253,2922.0336,0.0000,999,1000,999,1,90.7736
32540.0000,3254,2922.0569,0.0000,999,1000,1000,1,90.5006
32550.0000,3255,2922.0800,0.0000,998,998,1000,1,89.8613
32560.0000,3256,2922.1034,0.0000,999,1000,1000,1,89.5902
32570.0000,3257,2922.1268,0.0000,998,999,999,1,89.3214
32580.0000,3258,2922.1501,0.0000,1000,1000,1000,1,89.2362
32590.0000,3259,2922.1738,0.0000,1000,1000,1000,1,89.3335
32600.0000,3260,2922.1975,0.0000,999,1000,1000,1,89.4305
32610.0000,3261,2922.2201,0.0000,999,999,1000,1,88.0814
32620.0000,3262,2922.2436,0.0000,1000,1000,1000,1,88.0016
32630.0000,3263,2922.2674,0.0000,1000,1000,1000,1,88.2811
32640.0000,3264,2922.2910,0.0000,1000,1000,1000,1,88.5604
32650.0000,3265,2922.3147,0.0000,999,999,1000,1,88.6592
32660.0000,3266,2922.3377,0.0000,999,999,1000,1,87.8569
32670.0000,3267,2922.3609,0.0000,999,1000,1000,1,87.2369
32680.0000,3268,2922.3843,0.0000,999,999,999,1,86.9770
32690.0000,3269,2922.4076,0.0000,1000,1000,1000,1,86.8971
32700.0000,3270,2922.4310,0.0000,1000,1000,1000,1,86.9968
32710.0000,3271,2922.4545,0.0000,1000,999,1000,1,87.0961
32720.0000,3272,2922.4779,0.0000,999,1000,1000,1,87.1951
32730.0000,3273,2922.5012,0.0000,999,1000,1000,1,87.2939
32740.0000,3274,2922.5242,0.0000,999,999,1000,1,87.0324
32750.0000,3275,2922.5475,0.0000,999,999,1000,1,86.9509
32760.0000,3276,2922.5707,0.0000,999,999,1000,1,86.8697
32770.0000,3277,2922.5940,0.0000,1000,1000,1000,1,86.9687
32780.0000,3278,2922.6174,0.0000,1000,1000,1000,1,87.0673
32790.0000,3279,2922.6405,0.0000,1000,999,1000,1,86.8070
32800.0000,3280,2922.6636,0.0000,1000,1000,999,1,86.7275
32810.0000,3281,2922.6867,0.0000,1000,1000,1000,1,86.8267
32820.0000,3282,2922.7099,0.0000,999,999,999,1,86.5684
32830.0000,3283,2922.7329,0.0000,1000,1000,1000,1,86.3109
32840.0000,3284,2922.7561,0.0000,1000,1000,1000,1,86.4108
32850.0000,3285,2922.7794,0.0000,1000,1000,1000,1,86.5113
32860.0000,3286,2922.8023,0.0000,999,1000,1000,1,86.2568
32870.0000,3287,2922.8256,0.0000,998,998,999,1,86.3571
32880.0000,3288,2922.8483,0.0000,1000,999,1000,1,86.4576
32890.0000,3289,2922.8715,0.0000,1000,1000,1000,1,86.5577
32900.0000,3290,2922.8947,0.0000,1000,1000,1000,1,86.6576
32910.0000,3291,2922.9180,0.0000,999,1000,1000,1,86.9351
32920.0000,3292,2922.9411,0.0000,998,1000,1000,1,86.8570
32930.0000,3293,2922.9640,0.0000,999,999,999,1,86.6016
32940.0000,3294,2922.9870,0.0000,999,1000,1000,1,86.7018
32950.0000,3295,2923.0099,0.0000,1000,1000,1000,1,86.4486
32960.0000,3296,2923.0332,0.0000,999,1000,1000,1,86.5494
32970.0000,3297,2923.0562,0.0000,998,999,999,1,86.6500
32980.0000,3298,2923.0787,0.0000,999,999,1000,1,86.3982
32990.0000,3299,2923.1014,0.0000,998,998,999,1,86.1480
33000.0000,3300,2923.1241,0.0000,999,999,1000,1,86.0747
33010.0000,3301,2923.1472,0.0000,1000,1000,1000,1,86.1762
33020.0000,3302,2923.1702,0.0000,999,1000,1000,1,86.4529
33030.0000,3303,2923.1934,0.0000,1000,1000,1000,1,86.7295
33040.0000,3304,2923.2161,0.0000,999,1000,1000,1,86.8301
33050.0000,3305,2923.2391,0.0000,1000,1000,1000,1,86.9306
33060.0000,3306,2923.2618,0.0000,999,1000,1000,1,86.6801
33070.0000,3307,2923.2846,0.0000,999,1000,1000,1,86.6055
33080.0000,3308,2923.3076,0.0000,1000,1000,1000,1,86.8816
33090.0000,3309,2923.3304,0.0000,998,999,999,1,86.6309
33100.0000,3310,2923.3531,0.0000,999,1000,999,1,86.5557
33110.0000,3311,2923.3761,0.0000,1000,999,1000,1,86.8315
33120.0000,3312,2923.3990,0.0000,1000,1000,1000,1,86.7561
33130.0000,3313,2923.4218,0.0000,1000,1000,1000,1,87.0317
33140.0000,3314,2923.4447,0.0000,999,1000,1000,1,86.9562
33150.0000,3315,2923.4674,0.0000,999,999,1000,1,87.0561
33160.0000,3316,2923.4903,0.0000,999,1000,1000,1,87.1557
33170.0000,3317,2923.5131,0.0000,1000,999,1000,1,87.2550
33180.0000,3318,2923.5352,0.0000,998,998,999,1,86.8265
33190.0000,3319,2923.5578,0.0000,999,1000,1000,1,86.7504
33200.0000,3320,2923.5804,0.0000,999,999,1000,1,86.6740
33210.0000,3321,2923.6028,0.0000,1000,1000,1000,1,85.5532
33220.0000,3322,2923.6255,0.0000,999,999,1000,1,85.6545
33230.0000,3323,2923.6481,0.0000,1000,999,1000,1,85.7558
33240.0000,3324,2923.6708,0.0000,999,1000,1000,1,85.6825
33250.0000,3325,2923.6936,0.0000,1000,999,999,1,85.7831
33260.0000,3326,2923.7162,0.0000,1000,1000,1000,1,85.8836
33270.0000,3327,2923.7389,0.0000,1000,1000,1000,1,86.1584
33280.0000,3328,2923.7616,0.0000,999,1000,1000,1,86.0835
33290.0000,3329,2923.7842,0.0000,999,1000,999,1,85.8345
33300.0000,3330,2923.8069,0.0000,999,999,999,1,85.9343
33310.0000,3331,2923.8295,0.0000,999,998,1000,1,85.8597
33320.0000,3332,2923.8520,0.0000,1000,1000,1000,1,85.6105
33330.0000,3333,2923.8747,0.0000,1000,1000,1000,1,85.8849
33340.0000,3334,2923.8973,0.0000,1000,1000,1000,1,86.1591
33350.0000,3335,2923.9198,0.0000,1000,1000,1000,1,86.4331
33360.0000,3336,2923.9422,0.0000,999,998,1000,1,86.5316
33370.0000,3337,2923.9645,0.0000,999,1000,1000,1,86.2795
33380.0000,3338,2923.9869,0.0000,999,999,1000,1,86.2041
33390.0000,3339,2924.0093,0.0000,999,999,1000,1,86.3030
33400.0000,3340,2924.0319,0.0000,1000,1000,1000,1,86.5766
33410.0000,3341,2924.0544,0.0000,999,999,1000,1,86.8500
33420.0000,3342,2924.0769,0.0000,1000,1000,1000,1,87.1232
33430.0000,3343,2924.0994,0.0000,1000,1000,1000,1,87.2206
33440.0000,3344,2924.1219,0.0000,999,999,1000,1,87.3179
33450.0000,3345,2924.1441,0.0000,999,1000,1000,1,86.7137
33460.0000,3346,2924.1665,0.0000,999,999,1000,1,86.8115
33470.0000,3347,2924.1887,0.0000,999,999,1000,1,86.7340
33480.0000,3348,2924.2109,0.0000,999,999,999,1,86.3061
33490.0000,3349,2924.2331,0.0000,999,1000,1000,1,86.2288
33500.0000,3350,2924.2553,0.0000,999,1000,1000,1,86.1511
33510.0000,3351,2924.2775,0.0000,999,999,999,1,86.0736
33520.0000,3352,2924.2996,0.0000,998,999,1000,1,85.9959
33530.0000,3353,2924.3216,0.0000,999,1000,1000,1,85.9191
33540.0000,3354,2924.3437,0.0000,999,1000,1000,1,85.6693
33550.0000,3355,2924.3659,0.0000,1000,999,1000,1,85.5940
33560.0000,3356,2924.3878,0.0000,999,1000,1000,1,85.5191
33570.0000,3357,2924.4098,0.0000,999,1000,1000,1,85.2725
33580.0000,3358,2924.4320,0.0000,999,1000,1000,1,85.5449
33590.0000,3359,2924.4543,0.0000,999,999,1000,1,85.6440
33600.0000,3360,2924.4765,0.0000,999,1000,1000,1,85.7430
33610.0000,3361,2924.4985,0.0000,1000,999,1000,1,85.6690
33620.0000,3362,2924.5206,0.0000,1000,1000,1000,1,85.7681
33630.0000,3363,2924.5428,0.0000,999,999,999,1,85.8669
33640.0000,3364,2924.5643,0.0000,999,1000,1000,1,85.4470
33650.0000,3365,2924.5866,0.0000,1000,1000,1000,1,85.7188
33660.0000,3366,2924.6087,0.0000,999,1000,1000,1,85.9904
33670.0000,3367,2924.6308,0.0000,999,1000,1000,1,86.0888
33680.0000,3368,2924.6529,0.0000,1000,1000,1000,1,86.0137
33690.0000,3369,2924.6750,0.0000,999,999,999,1,86.1125
33700.0000,3370,2924.6971,0.0000,999,999,1000,1,85.8667
33710.0000,3371,2924.7188,0.0000,999,999,1000,1,85.7935
33720.0000,3372,2924.7408,0.0000,999,999,1000,1,85.8924
33730.0000,3373,2924.7627,0.0000,999,999,1000,1,85.8189
33740.0000,3374,2924.7847,0.0000,1000,1000,1000,1,86.0899
33750.0000,3375,2924.8066,0.0000,1000,1000,1000,1,85.8433
33760.0000,3376,2924.8287,0.0000,999,999,1000,1,85.9418
33770.0000,3377,2924.8503,0.0000,999,1000,1000,1,85.6960
33780.0000,3378,2924.8723,0.0000,999,1000,1000,1,85.9667
33790.0000,3379,2924.8942,0.0000,999,1000,1000,1,86.0652
33800.0000,3380,2924.9161,0.0000,1000,999,1000,1,86.3356
33810.0000,3381,2924.9381,0.0000,999,1000,1000,1,86.4332
33820.0000,3382,2924.9600,0.0000,1000,1000,1000,1,86.7033
33830.0000,3383,2924.9814,0.0000,999,999,1000,1,86.6274
33840.0000,3384,2925.0033,0.0000,1000,1000,1000,1,86.5515
33850.0000,3385,2925.0253,0.0000,999,999,1000,1,86.8214
33860.0000,3386,2925.0466,0.0000,999,999,999,1,85.7114
33870.0000,3387,2925.0685,0.0000,999,1000,1000,1,85.8094
33880.0000,3388,2925.0904,0.0000,999,1000,1000,1,85.9069
33890.0000,3389,2925.1121,0.0000,998,999,999,1,85.6593
33900.0000,3390,2925.1338,0.0000,1000,999,1000,1,85.5851
33910.0000,3391,2925.1556,0.0000,1000,999,1000,1,85.5114
33920.0000,3392,2925.1773,0.0000,1000,1000,1000,1,85.6095
33930.0000,3393,2925.1991,0.0000,999,1000,1000,1,85.5360
33940.0000,3394,2925.2209,0.0000,1000,1000,1000,1,85.4622
33950.0000,3395,2925.2425,0.0000,1000,1000,1000,1,85.2185
33960.0000,3396,2925.2643,0.0000,1000,1000,1000,1,85.3171
33970.0000,3397,2925.2861,0.0000,1000,1000,1000,1,85.2451
33980.0000,3398,2925.3077,0.0000,999,999,999,1,85.0023
33990.0000,3399,2925.3291,0.0000,1000,1000,1000,1,84.9302
34000.0000,3400,2925.3507,0.0000,999,999,999,1,84.8583
34010.0000,3401,2925.3723,0.0000,1000,1000,1000,1,84.6162
34020.0000,3402,2925.3940,0.0000,1000,1000,1000,1,84.7147
34030.0000,3403,2925.4158,0.0000,1000,1000,1000,1,84.9837
34040.0000,3404,2925.4374,0.0000,999,999,999,1,85.0814
34050.0000,3405,2925.4589,0.0000,999,1000,1000,1,85.1791
34060.0000,3406,2925.4802,0.0000,1000,1000,1000,1,84.7653
34070.0000,3407,2925.5019,0.0000,999,1000,1000,1,84.8635
34080.0000,3408,2925.5234,0.0000,1000,1000,1000,1,84.9614
34090.0000,3409,2925.5452,0.0000,1000,999,1000,1,85.2299
34100.0000,3410,2925.5668,0.0000,999,1000,999,1,85.3270
34110.0000,3411,2925.5884,0.0000,1000,999,999,1,85.2528
34120.0000,3412,2925.6099,0.0000,1000,1000,1000,1,85.3495
34130.0000,3413,2925.6315,0.0000,999,1000,1000,1,85.4464
34140.0000,3414,2925.6529,0.0000,999,999,999,1,85.3715
34150.0000,3415,2925.6742,0.0000,1000,1000,1000,1,85.4678
34160.0000,3416,2925.6957,0.0000,1000,1000,1000,1,85.5637
34170.0000,3417,2925.7173,0.0000,999,999,1000,1,85.6600
34180.0000,3418,2925.7382,0.0000,1000,1000,999,1,85.2447
34190.0000,3419,2925.7592,0.0000,999,999,1000,1,85.0016
34200.0000,3420,2925.7804,0.0000,999,999,1000,1,84.7593
34210.0000,3421,2925.8018,0.0000,999,1000,1000,1,85.0268
34220.0000,3422,2925.8231,0.0000,999,999,1000,1,84.9542
34230.0000,3423,2925.8443,0.0000,999,998,999,1,84.5414
34240.0000,3424,2925.8656,0.0000,999,999,1000,1,84.6387
34250.0000,3425,2925.8869,0.0000,999,1000,1000,1,84.3960
34260.0000,3426,2925.9080,0.0000,998,999,1000,1,84.1533
34270.0000,3427,2925.9289,0.0000,999,1000,1000,1,83.5760
34280.0000,3428,2925.9503,0.0000,1000,1000,1000,1,83.8434
34290.0000,3429,2925.9714,0.0000,999,1000,1000,1,83.9413
34300.0000,3430,2925.9927,0.0000,999,999,999,1,83.7014
34310.0000,3431,2926.0139,0.0000,998,999,1000,1,83.6307
34320.0000,3432,2926.0351,0.0000,999,1000,1000,1,83.5600
34330.0000,3433,2926.0563,0.0000,999,1000,1000,1,83.4893
34340.0000,3434,2926.0777,0.0000,999,1000,1000,1,83.5873
34350.0000,3435,2926.0988,0.0000,1000,1000,1000,1,83.6851
34360.0000,3436,2926.1198,0.0000,998,1000,999,1,83.4449
34370.0000,3437,2926.1410,0.0000,999,1000,1000,1,83.5427
34380.0000,3438,2926.1622,0.0000,999,1000,1000,1,83.6402
34390.0000,3439,2926.1836,0.0000,1000,1000,1000,1,83.9067
34400.0000,3440,2926.2048,0.0000,1000,1000,1000,1,84.0034
34410.0000,3441,2926.2260,0.0000,1000,1000,1000,1,84.2696
34420.0000,3442,2926.2469,0.0000,1000,1000,1000,1,83.8586
34430.0000,3443,2926.2679,0.0000,999,999,999,1,83.7872
34440.0000,3444,2926.2886,0.0000,999,999,1000,1,83.7161
34450.0000,3445,2926.3096,0.0000,1000,999,1000,1,83.6450
34460.0000,3446,2926.3309,0.0000,999,1000,999,1,83.7429
34470.0000,3447,2926.3521,0.0000,999,1000,1000,1,84.0087
34480.0000,3448,2926.3733,0.0000,1000,1000,1000,1,84.1060
34490.0000,3449,2926.3945,0.0000,999,1000,999,1,84.2030
34500.0000,3450,2926.4153,0.0000,1000,1000,1000,1,83.6261
34510.0000,3451,2926.4361,0.0000,1000,998,1000,1,83.3867
34520.0000,3452,2926.4572,0.0000,999,999,999,1,83.4838
34530.0000,3453,2926.4781,0.0000,999,1000,1000,1,83.4127
34540.0000,3454,2926.4991,0.0000,1000,999,1000,1,83.5110
34550.0000,3455,2926.5202,0.0000,1000,999,1000,1,83.7763
34560.0000,3456,2926.5412,0.0000,1000,1000,1000,1,84.0414
34570.0000,3457,2926.5624,0.0000,1000,1000,1000,1,84.3063
34580.0000,3458,2926.5834,0.0000,999,1000,1000,1,84.5711
34590.0000,3459,2926.6042,0.0000,1000,1000,1000,1,84.6675
34600.0000,3460,2926.6252,0.0000,1000,1000,1000,1,84.7637
34610.0000,3461,2926.6464,0.0000,1000,1000,1000,1,85.0281
34620.0000,3462,2926.6671,0.0000,999,1000,1000,1,84.4514
34630.0000,3463,2926.6881,0.0000,999,999,999,1,84.5474
34640.0000,3464,2926.7090,0.0000,999,1000,1000,1,84.6434
34650.0000,3465,2926.7300,0.0000,999,1000,1000,1,84.5705
34660.0000,3466,2926.7505,0.0000,999,1000,1000,1,84.3294
34670.0000,3467,2926.7713,0.0000,1000,1000,1000,1,84.4251
34680.0000,3468,2926.7920,0.0000,1000,1000,1000,1,84.1834
34690.0000,3469,2926.8127,0.0000,999,999,1000,1,84.2788
34700.0000,3470,2926.8337,0.0000,1000,1000,1000,1,84.3741
34710.0000,3471,2926.8546,0.0000,1000,1000,1000,1,84.4689
34720.0000,3472,2926.8754,0.0000,999,999,1000,1,84.3945
34730.0000,3473,2926.8963,0.0000,999,1000,1000,1,84.4889
34740.0000,3474,2926.9171,0.0000,999,999,1000,1,84.5832
34750.0000,3475,2926.9377,0.0000,999,999,1000,1,84.3395
34760.0000,3476,2926.9583,0.0000,1000,1000,1000,1,84.4340
34770.0000,3477,2926.9792,0.0000,999,1000,1000,1,84.6973
34780.0000,3478,2926.9995,0.0000,1000,1000,1000,1,84.6218
34790.0000,3479,2927.0203,0.0000,1000,1000,999,1,84.7153
34800.0000,3480,2927.0412,0.0000,999,1000,1000,1,84.9783
34810.0000,3481,2927.0617,0.0000,999,1000,999,1,84.9014
34820.0000,3482,2927.0824,0.0000,1000,999,1000,1,85.1641
34830.0000,3483,2927.1030,0.0000,999,1000,1000,1,84.9168
34840.0000,3484,2927.1235,0.0000,999,999,999,1,84.8401
34850.0000,3485,2927.1439,0.0000,999,999,999,1,84.7644
34860.0000,3486,2927.1644,0.0000,999,999,1000,1,84.8582
34870.0000,3487,2927.1850,0.0000,1000,999,1000,1,84.9521
34880.0000,3488,2927.2053,0.0000,998,999,998,1,84.5399
34890.0000,3489,2927.2257,0.0000,999,1000,1000,1,84.4652
34900.0000,3490,2927.2462,0.0000,999,999,1000,1,84.3904
34910.0000,3491,2927.2668,0.0000,1000,1000,1000,1,84.3158
34920.0000,3492,2927.2874,0.0000,1000,1000,1000,1,84.4095
34930.0000,3493,2927.3080,0.0000,999,1000,1000,1,84.5033
34940.0000,3494,2927.3286,0.0000,999,1000,1000,1,84.5968
34950.0000,3495,2927.3491,0.0000,999,1000,1000,1,84.6902
34960.0000,3496,2927.3696,0.0000,999,999,1000,1,84.9520
34970.0000,3497,2927.3901,0.0000,999,1000,1000,1,84.8755
34980.0000,3498,2927.4107,0.0000,999,999,1000,1,85.1371
34990.0000,3499,2927.4312,0.0000,1000,1000,1000,1,85.0603
35000.0000,3500,2927.4517,0.0000,999,1000,1000,1,85.1529
35010.0000,3501,2927.4721,0.0000,999,999,1000,1,85.2453
35020.0000,3502,2927.4925,0.0000,1000,1000,1000,1,85.3380
35030.0000,3503,2927.5130,0.0000,1000,1000,1000,1,85.2618
35040.0000,3504,2927.5334,0.0000,1000,999,1000,1,85.5228
35050.0000,3505,2927.5539,0.0000,1000,999,1000,1,85.6146
35060.0000,3506,2927.5743,0.0000,1000,1000,1000,1,85.7061
35070.0000,3507,2927.5946,0.0000,1000,1000,1000,1,85.7974
35080.0000,3508,2927.6150,0.0000,1000,1000,1000,1,85.7189
35090.0000,3509,2927.6351,0.0000,999,999,999,1,85.3007
35100.0000,3510,2927.6554,0.0000,1000,999,1000,1,85.3916
35110.0000,3511,2927.6758,0.0000,999,999,999,1,85.3133
35120.0000,3512,2927.6962,0.0000,1000,1000,1000,1,85.5737
35130.0000,3513,2927.7164,0.0000,999,1000,1000,1,85.1579
35140.0000,3514,2927.7369,0.0000,1000,1000,1000,1,85.4183
35150.0000,3515,2927.7569,0.0000,1000,999,1000,1,85.1735
35160.0000,3516,2927.7772,0.0000,1000,1000,1000,1,85.0977
35170.0000,3517,2927.7976,0.0000,1000,1000,1000,1,85.1899
35180.0000,3518,2927.8175,0.0000,1000,1000,1000,1,84.9461
35190.0000,3519,2927.8378,0.0000,1000,1000,1000,1,85.0381
35200.0000,3520,2927.8580,0.0000,1000,999,1000,1,85.2981
35210.0000,3521,2927.8783,0.0000,1000,1000,1000,1,85.3897
35220.0000,3522,2927.8985,0.0000,999,1000,999,1,85.4809
35230.0000,3523,2927.9186,0.0000,999,999,1000,1,85.5722
35240.0000,3524,2927.9387,0.0000,1000,1000,1000,1,85.4955
35250.0000,3525,2927.9584,0.0000,1000,1000,999,1,85.2510
35260.0000,3526,2927.9786,0.0000,999,1000,1000,1,85.3428
35270.0000,3527,2927.9987,0.0000,999,1000,1000,1,85.0993
35280.0000,3528,2928.0188,0.0000,1000,999,999,1,85.0245
35290.0000,3529,2928.0390,0.0000,1000,1000,999,1,85.1166
35300.0000,3530,2928.0590,0.0000,1000,1000,1000,1,85.2087
35310.0000,3531,2928.0789,0.0000,1000,999,1000,1,84.9669
35320.0000,3532,2928.0989,0.0000,998,999,999,1,84.8922
35330.0000,3533,2928.1189,0.0000,999,999,999,1,84.9843
35340.0000,3534,2928.1389,0.0000,999,1000,1000,1,85.0767
35350.0000,3535,2928.1591,0.0000,1000,1000,1000,1,85.1689
35360.0000,3536,2928.1791,0.0000,1000,999,1000,1,85.2606
35370.0000,3537,2928.1994,0.0000,1000,1000,1000,1,85.5193
35380.0000,3538,2928.2193,0.0000,1000,999,999,1,85.6104
35390.0000,3539,2928.2393,0.0000,1000,1000,1000,1,85.7015
35400.0000,3540,2928.2592,0.0000,1000,999,1000,1,85.4575
35410.0000,3541,2928.2792,0.0000,999,999,1000,1,85.3812
35420.0000,3542,2928.2993,0.0000,999,1000,1000,1,85.4720
35430.0000,3543,2928.3193,0.0000,999,1000,1000,1,85.5625
35440.0000,3544,2928.3393,0.0000,999,1000,1000,1,85.8205
35450.0000,3545,2928.3594,0.0000,1000,1000,1000,1,86.0784
35460.0000,3546,2928.3793,0.0000,999,999,999,1,85.8316
35470.0000,3547,2928.3988,0.0000,999,1000,1000,1,85.7540
35480.0000,3548,2928.4187,0.0000,999,1000,1000,1,85.8440
35490.0000,3549,2928.4385,0.0000,999,1000,1000,1,85.7660
35500.0000,3550,2928.4584,0.0000,1000,1000,1000,1,86.0235
35510.0000,3551,2928.4783,0.0000,1000,999,1000,1,85.7772
35520.0000,3552,2928.4980,0.0000,1000,999,1000,1,85.6989
35530.0000,3553,2928.5177,0.0000,1000,999,1000,1,85.6202
35540.0000,3554,2928.5375,0.0000,1000,1000,999,1,85.5417
35550.0000,3555,2928.5574,0.0000,1000,1000,1000,1,85.7988
35560.0000,3556,2928.5773,0.0000,999,1000,1000,1,86.0559
35570.0000,3557,2928.5971,0.0000,999,1000,1000,1,86.1445
35580.0000,3558,2928.6167,0.0000,1000,1000,1000,1,86.2331
35590.0000,3559,2928.6363,0.0000,1000,999,1000,1,85.9851
35600.0000,3560,2928.6560,0.0000,1000,1000,1000,1,86.0737
35610.0000,3561,2928.6753,0.0000,998,998,1000,1,85.1535
35620.0000,3562,2928.6950,0.0000,1000,1000,1000,1,85.0751
35630.0000,3563,2928.7147,0.0000,999,1000,1000,1,85.1642
35640.0000,3564,2928.7341,0.0000,1000,1000,1000,1,84.7513
35650.0000,3565,2928.7540,0.0000,999,1000,1000,1,85.0080
35660.0000,3566,2928.7738,0.0000,1000,1000,1000,1,84.9307
35670.0000,3567,2928.7931,0.0000,999,999,999,1,84.6868
35680.0000,3568,2928.8123,0.0000,999,999,999,1,84.4433
35690.0000,3569,2928.8320,0.0000,1000,999,1000,1,84.5331
35700.0000,3570,2928.8516,0.0000,999,1000,1000,1,84.2892
35710.0000,3571,2928.8711,0.0000,999,1000,1000,1,84.2115
35720.0000,3572,2928.8908,0.0000,999,999,1000,1,84.4679
35730.0000,3573,2928.9105,0.0000,999,999,1000,1,84.5571
35740.0000,3574,2928.9302,0.0000,1000,999,1000,1,84.6460
35750.0000,3575,2928.9497,0.0000,1000,1000,1000,1,84.5670
35760.0000,3576,2928.9693,0.0000,1000,1000,1000,1,84.3204
35770.0000,3577,2928.9890,0.0000,1000,1000,1000,1,84.5764
35780.0000,3578,2929.0084,0.0000,999,1000,1000,1,84.3297
35790.0000,3579,2929.0280,0.0000,1000,1000,1000,1,84.5855
35800.0000,3580,2929.0477,0.0000,999,1000,1000,1,84.8412
35810.0000,3581,2929.0675,0.0000,1000,1000,1000,1,85.0968
35820.0000,3582,2929.0870,0.0000,999,1000,1000,1,85.1839
35830.0000,3583,2929.1064,0.0000,1000,1000,998,1,85.1038
35840.0000,3584,2929.1259,0.0000,1000,1000,1000,1,85.1919
35850.0000,3585,2929.1453,0.0000,1000,1000,1000,1,85.1134
35860.0000,3586,2929.1647,0.0000,999,999,1000,1,85.0350
35870.0000,3587,2929.1842,0.0000,1000,1000,1000,1,85.1236
35880.0000,3588,2929.2037,0.0000,1000,999,1000,1,85.2120
35890.0000,3589,2929.2231,0.0000,999,1000,1000,1,85.3002
35900.0000,3590,2929.2424,0.0000,999,999,999,1,85.0547
35910.0000,3591,2929.2616,0.0000,999,999,1000,1,84.9763
35920.0000,3592,2929.2808,0.0000,998,999,1000,1,84.7310
35930.0000,3593,2929.3002,0.0000,1000,1000,1000,1,84.4858
35940.0000,3594,2929.3196,0.0000,999,1000,999,1,84.5740
35950.0000,3595,2929.3386,0.0000,998,998,999,1,84.3292
35960.0000,3596,2929.3575,0.0000,1000,1000,1000,1,83.7527
35970.0000,3597,2929.3770,0.0000,1000,1000,1000,1,83.8413
35980.0000,3598,2929.3961,0.0000,1000,1000,1000,1,83.5977
35990.0000,3599,2929.4156,0.0000,999,999,999,1,83.6867
36000.0000,3600,2929.4349,0.0000,999,999,999,1,83.7755
36010.0000,3601,2929.4541,0.0000,999,999,1000,1,83.6990
36020.0000,3602,2929.4735,0.0000,1000,999,999,1,83.4566
36030.0000,3603,2929.4927,0.0000,999,999,1000,1,83.0489
36040.0000,3604,2929.5120,0.0000,1000,1000,1000,1,83.1380
36050.0000,3605,2929.5313,0.0000,1000,999,1000,1,83.3924
36060.0000,3606,2929.5507,0.0000,999,1000,1000,1,83.6466
36070.0000,3607,2929.5700,0.0000,999,1000,1000,1,83.9006
36080.0000,3608,2929.5889,0.0000,999,1000,1000,1,83.3241
36090.0000,3609,2929.6080,0.0000,1000,1000,1000,1,82.7524
36100.0000,3610,2929.6274,0.0000,1000,1000,1000,1,83.0065
36110.0000,3611,2929.6467,0.0000,999,1000,1000,1,83.2604
36120.0000,3612,2929.6660,0.0000,999,1000,1000,1,83.1847
36130.0000,3613,2929.6850,0.0000,1000,999,999,1,83.2734
36140.0000,3614,2929.7042,0.0000,999,999,999,1,83.3619
36150.0000,3615,2929.7234,0.0000,998,999,999,1,83.4505
36160.0000,3616,2929.7425,0.0000,1000,1000,1000,1,83.3741
36170.0000,3617,2929.7615,0.0000,999,1000,1000,1,83.2975
36180.0000,3618,2929.7807,0.0000,999,1000,1000,1,83.3857
36190.0000,3619,2929.7999,0.0000,999,999,1000,1,83.6389
36200.0000,3620,2929.8190,0.0000,999,999,1000,1,83.5607
36210.0000,3621,2929.8379,0.0000,1000,1000,1000,1,83.3169
36220.0000,3622,2929.8571,0.0000,999,1000,1000,1,83.4044
36230.0000,3623,2929.8761,0.0000,999,999,999,1,82.8308
36240.0000,3624,2929.8953,0.0000,1000,1000,1000,1,83.0839
36250.0000,3625,2929.9144,0.0000,999,998,999,1,83.1717
36260.0000,3626,2929.9336,0.0000,1000,1000,1000,1,83.4245
36270.0000,3627,2929.9528,0.0000,999,999,1000,1,83.6772
36280.0000,3628,2929.9714,0.0000,999,1000,1000,1,82.9389
36290.0000,3629,2929.9906,0.0000,1000,1000,1000,1,83.0271
36300.0000,3630,2930.0096,0.0000,999,999,1000,1,83.1152
36310.0000,3631,2930.0287,0.0000,1000,1000,1000,1,83.2032
36320.0000,3632,2930.0477,0.0000,999,999,1000,1,83.4556
36330.0000,3633,2930.0667,0.0000,999,1000,1000,1,83.5428
36340.0000,3634,2930.0857,0.0000,999,1000,1000,1,83.6298
36350.0000,3635,2930.1044,0.0000,998,998,999,1,83.3860
36360.0000,3636,2930.1234,0.0000,999,1000,1000,1,83.6381
36370.0000,3637,2930.1424,0.0000,999,999,1000,1,83.7244
36380.0000,3638,2930.1611,0.0000,1000,1000,1000,1,83.6449
36390.0000,3639,2930.1801,0.0000,999,999,1000,1,83.7309
36400.0000,3640,2930.1990,0.0000,999,1000,1000,1,83.6510
36410.0000,3641,2930.2180,0.0000,1000,1000,1000,1,83.7370
36420.0000,3642,2930.2370,0.0000,999,999,1000,1,83.8227
36430.0000,3643,2930.2558,0.0000,1000,1000,1000,1,83.5768
36440.0000,3644,2930.2747,0.0000,999,1000,1000,1,83.4976
36450.0000,3645,2930.2933,0.0000,999,999,999,1,83.2535
36460.0000,3646,2930.3118,0.0000,1000,999,1000,1,83.3401
36470.0000,3647,2930.3308,0.0000,999,999,1000,1,83.5914
36480.0000,3648,2930.3496,0.0000,999,1000,1000,1,83.6774
36490.0000,3649,2930.3681,0.0000,999,1000,999,1,83.4330
36500.0000,3650,2930.3870,0.0000,999,1000,1000,1,83.6840
36510.0000,3651,2930.4059,0.0000,999,999,1000,1,83.7694
36520.0000,3652,2930.4247,0.0000,1000,1000,1000,1,83.6896
36530.0000,3653,2930.4435,0.0000,999,1000,1000,1,83.6098
36540.0000,3654,2930.4623,0.0000,1000,1000,1000,1,83.8606
36550.0000,3655,2930.4811,0.0000,1000,1000,1000,1,84.1113
36560.0000,3656,2930.4998,0.0000,999,999,1000,1,84.0299
36570.0000,3657,2930.5184,0.0000,999,1000,1000,1,84.2804
36580.0000,3658,2930.5369,0.0000,1000,1000,999,1,84.1982
36590.0000,3659,2930.5556,0.0000,999,1000,1000,1,84.4485
36600.0000,3660,2930.5741,0.0000,1000,998,1000,1,84.0358
36610.0000,3661,2930.5928,0.0000,1000,1000,999,1,83.6242
36620.0000,3662,2930.6113,0.0000,999,999,1000,1,83.7094
36630.0000,3663,2930.6299,0.0000,999,1000,1000,1,83.7950
36640.0000,3664,2930.6484,0.0000,999,1000,999,1,83.5519
36650.0000,3665,2930.6670,0.0000,1000,1000,1000,1,83.1458
36660.0000,3666,2930.6857,0.0000,1000,1000,1000,1,83.3959
36670.0000,3667,2930.7045,0.0000,1000,1000,1000,1,83.4817
36680.0000,3668,2930.7231,0.0000,999,999,999,1,83.4029
36690.0000,3669,2930.7416,0.0000,1000,999,1000,1,83.6527
36700.0000,3670,2930.7603,0.0000,999,1000,1000,1,83.7377
36710.0000,3671,2930.7790,0.0000,1000,1000,1000,1,83.8227
36720.0000,3672,2930.7975,0.0000,999,1000,1000,1,83.9074
36730.0000,3673,2930.8162,0.0000,1000,1000,1000,1,83.9925
36740.0000,3674,2930.8348,0.0000,1000,999,1000,1,84.0772
36750.0000,3675,2930.8534,0.0000,999,999,1000,1,84.3264
36760.0000,3676,2930.8706,0.0000,996,996,997,1,83.7513
36770.0000,3677,2930.8883,0.0000,1000,1000,1000,1,83.3424
36780.0000,3678,2930.9070,0.0000,999,1000,1000,1,83.5916
36790.0000,3679,2930.9255,0.0000,1000,1000,1000,1,83.5117
36800.0000,3680,2930.9439,0.0000,1000,1000,1000,1,83.5961
36810.0000,3681,2930.9620,0.0000,1000,999,1000,1,83.3512
36820.0000,3682,2930.9803,0.0000,999,999,999,1,82.9443
36830.0000,3683,2930.9987,0.0000,1000,1000,1000,1,83.1932
36840.0000,3684,2931.0172,0.0000,999,999,1000,1,83.2783
36850.0000,3685,2931.0358,0.0000,999,1000,1000,1,83.3634
36860.0000,3686,2931.0544,0.0000,1000,1000,1000,1,83.6120
36870.0000,3687,2931.0730,0.0000,999,1000,1000,1,83.8606
36880.0000,3688,2931.0912,0.0000,998,999,999,1,83.6182
36890.0000,3689,2931.1095,0.0000,999,999,999,1,83.5401
36900.0000,3690,2931.1277,0.0000,1000,999,1000,1,83.1368
36910.0000,3691,2931.1461,0.0000,999,1000,1000,1,83.3852
36920.0000,3692,2931.1646,0.0000,1000,1000,1000,1,83.6335
36930.0000,3693,2931.1829,0.0000,998,999,1000,1,83.3932
36940.0000,3694,2931.2012,0.0000,1000,999,999,1,83.3159
36950.0000,3695,2931.2196,0.0000,1000,1000,1000,1,83.4010
36960.0000,3696,2931.2378,0.0000,1000,1000,1000,1,83.3234
36970.0000,3697,2931.2561,0.0000,1000,1000,1000,1,83.0835
36980.0000,3698,2931.2746,0.0000,1000,1000,1000,1,83.1692
36990.0000,3699,2931.2929,0.0000,999,999,999,1,82.9302
37000.0000,3700,2931.3109,0.0000,1000,999,1000,1,82.8543
37010.0000,3701,2931.3290,0.0000,999,999,1000,1,82.6179
37020.0000,3702,2931.3471,0.0000,999,999,999,1,82.2228
37030.0000,3703,2931.3655,0.0000,999,1000,1000,1,82.4706
37040.0000,3704,2931.3837,0.0000,1000,1000,1000,1,82.5576
37050.0000,3705,2931.4019,0.0000,999,1000,1000,1,82.3232
37060.0000,3706,2931.4200,0.0000,999,1000,1000,1,82.2499
37070.0000,3707,2931.4382,0.0000,998,999,1000,1,82.0165
37080.0000,3708,2931.4561,0.0000,999,1000,999,1,81.4655
37090.0000,3709,2931.4744,0.0000,1000,1000,1000,1,81.5539
37100.0000,3710,2931.4926,0.0000,1000,999,1000,1,81.6422
37110.0000,3711,2931.5106,0.0000,1000,999,1000,1,81.5718
37120.0000,3712,2931.5286,0.0000,1000,999,1000,1,81.5016
37130.0000,3713,2931.5468,0.0000,1000,1000,1000,1,81.5902
37140.0000,3714,2931.5647,0.0000,998,1000,1000,1,81.3612
37150.0000,3715,2931.5829,0.0000,999,1000,1000,1,81.4496
37160.0000,3716,2931.6010,0.0000,999,999,999,1,81.0636
37170.0000,3717,2931.6192,0.0000,1000,1000,1000,1,81.3108
37180.0000,3718,2931.6374,0.0000,1000,1000,1000,1,81.5579
37190.0000,3719,2931.6557,0.0000,999,1000,1000,1,81.8048
37200.0000,3720,2931.6737,0.0000,1000,1000,1000,1,81.5758
37210.0000,3721,2931.6918,0.0000,1000,1000,1000,1,81.5054
37220.0000,3722,2931.7101,0.0000,1000,1000,1000,1,81.7522
37230.0000,3723,2931.7283,0.0000,1000,1000,1000,1,81.9988
37240.0000,3724,2931.7465,0.0000,1000,1000,1000,1,82.2453
37250.0000,3725,2931.7647,0.0000,1000,1000,1000,1,82.4917
37260.0000,3726,2931.7828,0.0000,1000,1000,1000,1,82.5782
37270.0000,3727,2931.8008,0.0000,999,1000,1000,1,82.8244
37280.0000,3728,2931.8188,0.0000,999,999,999,1,82.7506
37290.0000,3729,2931.8369,0.0000,1000,1000,1000,1,82.8368
37300.0000,3730,2931.8549,0.0000,1000,999,1000,1,82.9230
37310.0000,3731,2931.8727,0.0000,998,999,1000,1,82.8489
37320.0000,3732,2931.8907,0.0000,1000,999,1000,1,83.0946
37330.0000,3733,2931.9087,0.0000,1000,1000,1000,1,82.8611
37340.0000,3734,2931.9267,0.0000,1000,1000,1000,1,82.7873
37350.0000,3735,2931.9448,0.0000,999,999,1000,1,83.0329
37360.0000,3736,2931.9626,0.0000,999,1000,1000,1,82.9586
37370.0000,3737,2931.9804,0.0000,999,999,1000,1,82.7245
37380.0000,3738,2931.9984,0.0000,999,999,1000,1,82.9699
37390.0000,3739,2932.0162,0.0000,999,999,1000,1,82.8951
37400.0000,3740,2932.0341,0.0000,1000,1000,1000,1,82.8204
37410.0000,3741,2932.0521,0.0000,1000,1000,999,1,82.9056
37420.0000,3742,2932.0699,0.0000,999,1000,1000,1,83.1507
37430.0000,3743,2932.0878,0.0000,999,1000,1000,1,83.2355
37440.0000,3744,2932.1057,0.0000,999,999,1000,1,83.4804
37450.0000,3745,2932.1235,0.0000,999,999,1000,1,83.4043
37460.0000,3746,2932.1414,0.0000,1000,1000,1000,1,83.4883
37470.0000,3747,2932.1594,0.0000,1000,1000,1000,1,83.5722
37480.0000,3748,2932.1775,0.0000,1000,1000,1000,1,83.8167
37490.0000,3749,2932.1954,0.0000,999,1000,1000,1,83.9000
37500.0000,3750,2932.2129,0.0000,999,1000,1000,1,83.5000
37510.0000,3751,2932.2307,0.0000,999,1000,1000,1,83.5834
37520.0000,3752,2932.2486,0.0000,999,1000,1000,1,83.8276
37530.0000,3753,2932.2665,0.0000,999,1000,1000,1,84.0717
37540.0000,3754,2932.2843,0.0000,1000,1000,1000,1,83.9927
37550.0000,3755,2932.3022,0.0000,999,1000,1000,1,84.0751
37560.0000,3756,2932.3200,0.0000,999,1000,1000,1,84.1572
37570.0000,3757,2932.3375,0.0000,998,999,998,1,83.9154
37580.0000,3758,2932.3548,0.0000,999,999,1000,1,83.6735
37590.0000,3759,2932.3726,0.0000,1000,1000,1000,1,83.9173
37600.0000,3760,2932.3905,0.0000,999,1000,1000,1,83.9989
37610.0000,3761,2932.4084,0.0000,999,1000,1000,1,84.2425
37620.0000,3762,2932.4260,0.0000,1000,999,999,1,84.1618
37630.0000,3763,2932.4436,0.0000,999,1000,1000,1,83.9193
37640.0000,3764,2932.4613,0.0000,999,999,999,1,84.0005
37650.0000,3765,2932.4790,0.0000,1000,1000,1000,1,84.2438
37660.0000,3766,2932.4965,0.0000,1000,1000,1000,1,84.1620
37670.0000,3767,2932.5143,0.0000,999,1000,1000,1,84.4051
37680.0000,3768,2932.5317,0.0000,998,999,999,1,84.1599
37690.0000,3769,2932.5489,0.0000,1000,1000,1000,1,83.9157
37700.0000,3770,2932.5666,0.0000,998,1000,999,1,83.9967
37710.0000,3771,2932.5838,0.0000,999,1000,1000,1,83.7534
37720.0000,3772,2932.6013,0.0000,999,1000,1000,1,83.6722
37730.0000,3773,2932.6185,0.0000,998,1000,999,1,83.2671
37740.0000,3774,2932.6362,0.0000,1000,1000,1000,1,83.3483
37750.0000,3775,2932.6537,0.0000,1000,999,1000,1,83.5911
37760.0000,3776,2932.6714,0.0000,1000,1000,1000,1,83.6719
37770.0000,3777,2932.6891,0.0000,999,1000,1000,1,83.7525
37780.0000,3778,2932.7066,0.0000,999,1000,999,1,83.8327
37790.0000,3779,2932.7240,0.0000,1000,1000,1000,1,83.7504
37800.0000,3780,2932.7414,0.0000,999,999,999,1,83.5055
37810.0000,3781,2932.7585,0.0000,999,999,1000,1,83.5853
37820.0000,3782,2932.7757,0.0000,999,1000,1000,1,83.0163
37830.0000,3783,2932.7933,0.0000,1000,1000,1000,1,83.0970
37840.0000,3784,2932.8109,0.0000,999,1000,1000,1,83.3393
37850.0000,3785,2932.8285,0.0000,1000,1000,1000,1,83.5814
37860.0000,3786,2932.8459,0.0000,999,999,1000,1,83.6612
37870.0000,3787,2932.8633,0.0000,1000,1000,1000,1,83.5785
37880.0000,3788,2932.8810,0.0000,999,1000,1000,1,83.8204
37890.0000,3789,2932.8985,0.0000,999,999,999,1,83.7365
37900.0000,3790,2932.9160,0.0000,999,1000,1000,1,83.8158
37910.0000,3791,2932.9332,0.0000,1000,999,1000,1,83.5699
37920.0000,3792,2932.9506,0.0000,999,1000,1000,1,83.6491
37930.0000,3793,2932.9680,0.0000,999,1000,1000,1,83.0882
37940.0000,3794,2932.9854,0.0000,999,1000,1000,1,83.1695
37950.0000,3795,2933.0028,0.0000,1000,1000,1000,1,83.2504
37960.0000,3796,2933.0203,0.0000,1000,1000,1000,1,83.4919
37970.0000,3797,2933.0375,0.0000,998,1000,999,1,83.2505
37980.0000,3798,2933.0548,0.0000,999,999,1000,1,83.3311
37990.0000,3799,2933.0723,0.0000,999,1000,1000,1,83.5724
38000.0000,3800,2933.0896,0.0000,1000,1000,1000,1,83.4916
38010.0000,3801,2933.1069,0.0000,1000,999,1000,1,83.4104
38020.0000,3802,2933.1240,0.0000,999,999,1000,1,83.1678
38030.0000,3803,2933.1412,0.0000,999,999,999,1,82.9255
38040.0000,3804,2933.1586,0.0000,1000,999,999,1,83.0052
38050.0000,3805,2933.1759,0.0000,1000,1000,1000,1,82.7625
38060.0000,3806,2933.1931,0.0000,999,999,999,1,82.8423
38070.0000,3807,2933.2104,0.0000,999,999,1000,1,83.0832
38080.0000,3808,2933.2275,0.0000,999,999,1000,1,83.0014
38090.0000,3809,2933.2448,0.0000,1000,999,1000,1,83.0811
38100.0000,3810,2933.2621,0.0000,999,999,1000,1,83.3217
38110.0000,3811,2933.2794,0.0000,1000,1000,1000,1,83.5623
38120.0000,3812,2933.2967,0.0000,1000,1000,1000,1,83.6413
38130.0000,3813,2933.3139,0.0000,999,1000,1000,1,83.7203
38140.0000,3814,2933.3310,0.0000,1000,999,999,1,83.3149
38150.0000,3815,2933.3482,0.0000,999,1000,1000,1,83.3943
38160.0000,3816,2933.3654,0.0000,1000,1000,1000,1,83.4737
38170.0000,3817,2933.3827,0.0000,1000,1000,1000,1,83.5532
38180.0000,3818,2933.4000,0.0000,999,1000,1000,1,83.7933
38190.0000,3819,2933.4172,0.0000,999,1000,1000,1,83.8725
38200.0000,3820,2933.4343,0.0000,999,1000,1000,1,83.9515
38210.0000,3821,2933.4513,0.0000,999,999,1000,1,83.7082
38220.0000,3822,2933.4685,0.0000,999,1000,1000,1,83.7869
38230.0000,3823,2933.4854,0.0000,999,1000,1000,1,83.5432
38240.0000,3824,2933.5025,0.0000,1000,1000,1000,1,83.6217
38250.0000,3825,2933.5196,0.0000,999,1000,1000,1,83.3787
38260.0000,3826,2933.5368,0.0000,1000,999,1000,1,83.4578
38270.0000,3827,2933.5540,0.0000,1000,1000,1000,1,83.6973
38280.0000,3828,2933.5711,0.0000,1000,1000,1000,1,83.6153
38290.0000,3829,2933.5881,0.0000,999,1000,1000,1,83.5338
38300.0000,3830,2933.6053,0.0000,999,1000,1000,1,83.6126
38310.0000,3831,2933.6225,0.0000,1000,999,1000,1,83.8518
38320.0000,3832,2933.6396,0.0000,998,999,999,1,83.9300
38330.0000,3833,2933.6565,0.0000,999,999,1000,1,83.8474
38340.0000,3834,2933.6737,0.0000,1000,999,1000,1,83.9254
38350.0000,3835,2933.6907,0.0000,999,1000,1000,1,83.8418
38360.0000,3836,2933.7074,0.0000,999,999,999,1,83.2751
38370.0000,3837,2933.7245,0.0000,999,1000,1000,1,83.3531
38380.0000,3838,2933.7416,0.0000,999,1000,1000,1,83.5919
38390.0000,3839,2933.7585,0.0000,999,999,999,1,83.1849
38400.0000,3840,2933.7754,0.0000,1000,1000,1000,1,82.7792
38410.0000,3841,2933.7922,0.0000,999,999,1000,1,82.3770
38420.0000,3842,2933.8092,0.0000,1000,1000,1000,1,82.4559
38430.0000,3843,2933.8262,0.0000,1000,1000,1000,1,82.5349
38440.0000,3844,2933.8432,0.0000,999,1000,1000,1,82.6135
38450.0000,3845,2933.8601,0.0000,1000,1000,1000,1,82.5321
38460.0000,3846,2933.8772,0.0000,1000,1000,1000,1,82.7707
38470.0000,3847,2933.8942,0.0000,998,999,999,1,82.8488
38480.0000,3848,2933.9108,0.0000,999,999,1000,1,82.7662
38490.0000,3849,2933.9276,0.0000,1000,999,1000,1,82.5239
38500.0000,3850,2933.9446,0.0000,1000,1000,1000,1,82.7622
38510.0000,3851,2933.9615,0.0000,999,1000,1000,1,82.8400
38520.0000,3852,2933.9785,0.0000,999,999,1000,1,83.0781
38530.0000,3853,2933.9953,0.0000,999,1000,1000,1,83.1554
38540.0000,3854,2934.0122,0.0000,999,999,1000,1,83.3933
38550.0000,3855,2934.0288,0.0000,1000,1000,1000,1,83.3089
38560.0000,3856,2934.0457,0.0000,999,999,999,1,83.2247
38570.0000,3857,2934.0625,0.0000,998,999,999,1,82.9815
38580.0000,3858,2934.0793,0.0000,1000,1000,1000,1,83.2192
38590.0000,3859,2934.0962,0.0000,1000,1000,1000,1,83.4568
38600.0000,3860,2934.1129,0.0000,1000,1000,1000,1,83.5338
38610.0000,3861,2934.1299,0.0000,999,1000,1000,1,83.7712
38620.0000,3862,2934.1467,0.0000,999,1000,1000,1,83.6868
38630.0000,3863,2934.1636,0.0000,999,1000,1000,1,83.9240
38640.0000,3864,2934.1804,0.0000,999,1000,1000,1,83.9997
38650.0000,3865,2934.1973,0.0000,999,999,1000,1,84.0754
38660.0000,3866,2934.2141,0.0000,1000,1000,1000,1,84.1508
38670.0000,3867,2934.2309,0.0000,1000,999,1000,1,84.0645
38680.0000,3868,2934.2476,0.0000,999,999,1000,1,84.1399
38690.0000,3869,2934.2642,0.0000,999,999,999,1,83.7321
38700.0000,3870,2934.2808,0.0000,1000,999,999,1,83.4873
38710.0000,3871,2934.2975,0.0000,1000,1000,1000,1,83.7240
38720.0000,3872,2934.3141,0.0000,999,999,1000,1,83.8002
38730.0000,3873,2934.3305,0.0000,999,999,999,1,83.3956
38740.0000,3874,2934.3473,0.0000,1000,1000,1000,1,83.6322
38750.0000,3875,2934.3641,0.0000,999,999,1000,1,83.7082
38760.0000,3876,2934.3805,0.0000,998,999,999,1,83.4625
38770.0000,3877,2934.3972,0.0000,999,1000,1000,1,83.3775
38780.0000,3878,2934.4140,0.0000,1000,1000,1000,1,83.4530
38790.0000,3879,2934.4307,0.0000,999,1000,999,1,83.5281
38800.0000,3880,2934.4472,0.0000,999,999,1000,1,83.1200
38810.0000,3881,2934.4640,0.0000,999,1000,1000,1,83.3563
38820.0000,3882,2934.4806,0.0000,998,998,999,1,83.2694
38830.0000,3883,2934.4972,0.0000,999,999,1000,1,83.1827
38840.0000,3884,2934.5137,0.0000,999,999,999,1,82.9344
38850.0000,3885,2934.5302,0.0000,998,999,1000,1,82.6865
38860.0000,3886,2934.5468,0.0000,1000,999,1000,1,82.7616
38870.0000,3887,2934.5634,0.0000,1000,1000,1000,1,82.8364
38880.0000,3888,2934.5800,0.0000,1000,1000,1000,1,82.9109
38890.0000,3889,2934.5965,0.0000,999,999,999,1,82.8234
38900.0000,3890,2934.6128,0.0000,998,999,1000,1,82.7356
38910.0000,3891,2934.6295,0.0000,1000,1000,1000,1,82.8095
38920.0000,3892,2934.6461,0.0000,999,1000,1000,1,83.0451
38930.0000,3893,2934.6627,0.0000,1000,1000,1000,1,83.2807
38940.0000,3894,2934.6793,0.0000,1000,1000,1000,1,83.3535
38950.0000,3895,2934.6958,0.0000,1000,1000,1000,1,83.2636
38960.0000,3896,2934.7123,0.0000,999,999,999,1,83.1742
38970.0000,3897,2934.7289,0.0000,1000,1000,1000,1,83.4094
38980.0000,3898,2934.7453,0.0000,999,1000,1000,1,83.1578
38990.0000,3899,2934.7615,0.0000,999,999,999,1,82.5815
39000.0000,3900,2934.7779,0.0000,999,999,1000,1,82.4919
39010.0000,3901,2934.7939,0.0000,999,998,999,1,81.9161
39020.0000,3902,2934.8096,0.0000,998,998,999,1,81.3429
39030.0000,3903,2934.8257,0.0000,998,1000,1000,1,80.7729
39040.0000,3904,2934.8419,0.0000,999,1000,1000,1,80.8474
39050.0000,3905,2934.8583,0.0000,1000,1000,1000,1,80.9216
39060.0000,3906,2934.8749,0.0000,1000,999,1000,1,81.1569
39070.0000,3907,2934.8914,0.0000,998,1000,1000,1,81.0698
39080.0000,3908,2934.9078,0.0000,1000,1000,1000,1,81.3050
39090.0000,3909,2934.9242,0.0000,1000,1000,1000,1,81.0563
39100.0000,3910,2934.9407,0.0000,999,1000,1000,1,81.1301
39110.0000,3911,2934.9569,0.0000,998,1000,1000,1,81.0427
39120.0000,3912,2934.9732,0.0000,1000,1000,1000,1,81.1166
39130.0000,3913,2934.9897,0.0000,999,999,1000,1,81.3514
39140.0000,3914,2935.0060,0.0000,999,1000,1000,1,81.1020
39150.0000,3915,2935.0224,0.0000,1000,1000,1000,1,81.1753
39160.0000,3916,2935.0388,0.0000,1000,999,999,1,81.2482
39170.0000,3917,2935.0550,0.0000,999,999,1000,1,81.3211
39180.0000,3918,2935.0715,0.0000,999,999,1000,1,81.5556
39190.0000,3919,2935.0877,0.0000,999,1000,1000,1,81.6282
39200.0000,3920,2935.1039,0.0000,998,998,999,1,81.5388
39210.0000,3921,2935.1196,0.0000,998,1000,999,1,80.9659
39220.0000,3922,2935.1357,0.0000,999,999,1000,1,81.0395
39230.0000,3923,2935.1520,0.0000,999,1000,1000,1,80.9523
39240.0000,3924,2935.1683,0.0000,1000,1000,1000,1,81.1865
39250.0000,3925,2935.1846,0.0000,1000,1000,1000,1,81.2596
39260.0000,3926,2935.2009,0.0000,999,1000,1000,1,81.3324
39270.0000,3927,2935.2172,0.0000,999,999,1000,1,81.5664
39280.0000,3928,2935.2336,0.0000,999,999,1000,1,81.8002
39290.0000,3929,2935.2498,0.0000,1000,1000,1000,1,81.8723
39300.0000,3930,2935.2662,0.0000,999,1000,1000,1,82.1059
39310.0000,3931,2935.2825,0.0000,1000,1000,1000,1,82.3394
39320.0000,3932,2935.2988,0.0000,1000,1000,1000,1,82.4107
39330.0000,3933,2935.3151,0.0000,999,1000,1000,1,82.4819
39340.0000,3934,2935.3312,0.0000,1000,1000,1000,1,82.7151
39350.0000,3935,2935.3476,0.0000,999,999,1000,1,82.9482
39360.0000,3936,2935.3637,0.0000,1000,1000,1000,1,82.8558
39370.0000,3937,2935.3795,0.0000,999,999,999,1,82.2770
39380.0000,3938,2935.3956,0.0000,999,999,1000,1,82.3478
39390.0000,3939,2935.4116,0.0000,998,998,999,1,82.2559
39400.0000,3940,2935.4275,0.0000,999,999,1000,1,82.3264
39410.0000,3941,2935.4437,0.0000,1000,1000,1000,1,82.2355
39420.0000,3942,2935.4600,0.0000,999,999,999,1,82.1453
39430.0000,3943,2935.4761,0.0000,1000,1000,1000,1,82.2165
39440.0000,3944,2935.4919,0.0000,999,1000,999,1,81.9643
39450.0000,3945,2935.5081,0.0000,1000,1000,1000,1,82.1970
39460.0000,3946,2935.5242,0.0000,999,999,1000,1,82.1068
39470.0000,3947,2935.5402,0.0000,1000,1000,1000,1,82.0165
39480.0000,3948,2935.5564,0.0000,999,1000,1000,1,82.2490
39490.0000,3949,2935.5725,0.0000,1000,1000,1000,1,82.3199
39500.0000,3950,2935.5888,0.0000,1000,1000,1000,1,82.5522
39510.0000,3951,2935.6049,0.0000,999,1000,1000,1,82.6228
39520.0000,3952,2935.6210,0.0000,1000,1000,1000,1,82.6931
39530.0000,3953,2935.6369,0.0000,998,999,1000,1,82.4402
39540.0000,3954,2935.6529,0.0000,1000,1000,1000,1,82.5109
39550.0000,3955,2935.6689,0.0000,1000,1000,1000,1,82.4208
39560.0000,3956,2935.6850,0.0000,1000,1000,1000,1,82.4915
39570.0000,3957,2935.7010,0.0000,999,1000,999,1,82.4004
39580.0000,3958,2935.7169,0.0000,999,999,999,1,82.4706
39590.0000,3959,2935.7328,0.0000,1000,999,999,1,82.3790
39600.0000,3960,2935.7482,0.0000,997,998,1000,1,81.9642
39610.0000,3961,2935.7637,0.0000,999,1000,1000,1,81.5499
39620.0000,3962,2935.7796,0.0000,999,1000,1000,1,81.6201
39630.0000,3963,2935.7956,0.0000,999,1000,1000,1,81.6901
39640.0000,3964,2935.8117,0.0000,999,1000,1000,1,81.9218
39650.0000,3965,2935.8276,0.0000,999,999,1000,1,81.8297
39660.0000,3966,2935.8435,0.0000,1000,999,1000,1,81.8994
39670.0000,3967,2935.8594,0.0000,1000,1000,1000,1,81.8077
39680.0000,3968,2935.8752,0.0000,1000,1000,999,1,81.3938
39690.0000,3969,2935.8906,0.0000,999,999,1000,1,80.9821
39700.0000,3970,2935.9065,0.0000,1000,999,999,1,80.7313
39710.0000,3971,2935.9225,0.0000,1000,1000,1000,1,80.9628
39720.0000,3972,2935.9385,0.0000,999,1000,1000,1,81.1942
39730.0000,3973,2935.9544,0.0000,999,999,1000,1,81.4255
39740.0000,3974,2935.9704,0.0000,1000,1000,1000,1,81.3358
39750.0000,3975,2935.9863,0.0000,999,999,1000,1,81.4063
39760.0000,3976,2936.0021,0.0000,1000,1000,1000,1,80.9956
39770.0000,3977,2936.0180,0.0000,1000,1000,1000,1,81.2267
39780.0000,3978,2936.0338,0.0000,1000,999,999,1,80.8200
39790.0000,3979,2936.0497,0.0000,999,1000,1000,1,80.8917
39800.0000,3980,2936.0655,0.0000,1000,1000,1000,1,80.6444
39810.0000,3981,2936.0814,0.0000,999,1000,1000,1,80.5571
39820.0000,3982,2936.0973,0.0000,999,1000,1000,1,80.7880
39830.0000,3983,2936.1126,0.0000,1000,1000,1000,1,80.0629
39840.0000,3984,2936.1285,0.0000,998,999,999,1,80.1346
39850.0000,3985,2936.1441,0.0000,1000,999,1000,1,79.8882
39860.0000,3986,2936.1601,0.0000,1000,1000,1000,1,80.1190
39870.0000,3987,2936.1758,0.0000,998,999,999,1,80.0312
39880.0000,3988,2936.1915,0.0000,1000,1000,1000,1,80.1026
39890.0000,3989,2936.2072,0.0000,1000,1000,1000,1,80.0147
39900.0000,3990,2936.2231,0.0000,1000,1000,1000,1,80.0857
39910.0000,3991,2936.2388,0.0000,1000,999,1000,1,79.9972
39920.0000,3992,2936.2545,0.0000,1000,1000,1000,1,80.2277
39930.0000,3993,2936.2702,0.0000,1000,999,1000,1,80.2983
39940.0000,3994,2936.2860,0.0000,999,999,1000,1,80.5285
39950.0000,3995,2936.3017,0.0000,1000,999,1000,1,80.7587
39960.0000,3996,2936.3175,0.0000,1000,1000,1000,1,80.8285
39970.0000,3997,2936.3331,0.0000,999,999,1000,1,80.8982
39980.0000,3998,2936.3490,0.0000,1000,1000,1000,1,81.1281
39990.0000,3999,2936.3647,0.0000,999,999,1000,1,81.1973
40000.0000,4000,2936.3801,0.0000,1000,1000,1000,1,80.7852
40010.0000,4001,2936.3958,0.0000,999,999,1000,1,80.8550
40020.0000,4002,2936.4114,0.0000,1000,1000,1000,1,80.7647
40030.0000,4003,2936.4271,0.0000,999,1000,1000,1,80.8346
40040.0000,4004,2936.4429,0.0000,999,999,999,1,80.9041
40050.0000,4005,2936.4582,0.0000,999,999,1000,1,80.8136
40060.0000,4006,2936.4737,0.0000,999,1000,1000,1,80.4047
40070.0000,4007,2936.4893,0.0000,999,1000,1000,1,80.4751
40080.0000,4008,2936.5050,0.0000,1000,1000,1000,1,80.7046
40090.0000,4009,2936.5204,0.0000,1000,999,1000,1,80.4554
40100.0000,4010,2936.5359,0.0000,999,1000,1000,1,80.2066
40110.0000,4011,2936.5515,0.0000,999,1000,1000,1,79.9591
40120.0000,4012,2936.5666,0.0000,997,1000,1000,1,79.3954
40130.0000,4013,2936.5819,0.0000,1000,1000,1000,1,79.3082
40140.0000,4014,2936.5976,0.0000,1000,1000,1000,1,79.3800
40150.0000,4015,2936.6132,0.0000,999,999,1000,1,79.4520
40160.0000,4016,2936.6287,0.0000,999,1000,1000,1,79.2088
40170.0000,4017,2936.6442,0.0000,999,1000,1000,1,79.2808
40180.0000,4018,2936.6596,0.0000,999,1000,1000,1,79.3525
40190.0000,4019,2936.6753,0.0000,999,1000,1000,1,79.4241
40200.0000,4020,2936.6908,0.0000,999,999,1000,1,79.4953
40210.0000,4021,2936.7062,0.0000,1000,999,1000,1,79.2506
40220.0000,4022,2936.7216,0.0000,1000,1000,1000,1,79.0061
40230.0000,4023,2936.7371,0.0000,999,1000,1000,1,79.0773
40240.0000,4024,2936.7525,0.0000,998,999,999,1,79.1483
40250.0000,4025,2936.7677,0.0000,1000,1000,1000,1,78.7463
40260.0000,4026,2936.7831,0.0000,999,999,1000,1,78.8176
40270.0000,4027,2936.7984,0.0000,998,999,999,1,78.5736
40280.0000,4028,2936.8134,0.0000,1000,1000,1000,1,78.3305
40290.0000,4029,2936.8290,0.0000,999,999,1000,1,78.5592
40300.0000,4030,2936.8445,0.0000,1000,1000,1000,1,78.6303
40310.0000,4031,2936.8600,0.0000,1000,1000,1000,1,78.5437
40320.0000,4032,2936.8752,0.0000,1000,1000,1000,1,78.3003
40330.0000,4033,2936.8905,0.0000,999,1000,1000,1,78.0570
40340.0000,4034,2936.9060,0.0000,1000,1000,1000,1,78.2856
40350.0000,4035,2936.9215,0.0000,999,1000,1000,1,78.5140
40360.0000,4036,2936.9370,0.0000,1000,1000,1000,1,78.7423
40370.0000,4037,2936.9523,0.0000,999,999,1000,1,78.4970
40380.0000,4038,2936.9676,0.0000,999,1000,1000,1,78.2520
40390.0000,4039,2936.9830,0.0000,1000,1000,1000,1,78.3224
40400.0000,4040,2936.9984,0.0000,1000,1000,1000,1,78.3935
40410.0000,4041,2937.0138,0.0000,999,1000,999,1,78.4640
40420.0000,4042,2937.0291,0.0000,998,1000,1000,1,78.5345
40430.0000,4043,2937.0443,0.0000,1000,1000,1000,1,78.6049
40440.0000,4044,2937.0595,0.0000,999,1000,999,1,78.3596
40450.0000,4045,2937.0745,0.0000,1000,999,1000,1,78.2729
40460.0000,4046,2937.0899,0.0000,999,1000,1000,1,78.5007
40470.0000,4047,2937.1049,0.0000,999,999,999,1,77.7877
40480.0000,4048,2937.1202,0.0000,999,1000,999,1,77.8590
40490.0000,4049,2937.1355,0.0000,1000,1000,1000,1,77.9304
40500.0000,4050,2937.1509,0.0000,999,1000,1000,1,78.1581
40510.0000,4051,2937.1660,0.0000,999,1000,1000,1,78.2293
40520.0000,4052,2937.1812,0.0000,1000,1000,1000,1,77.9872
40530.0000,4053,2937.1964,0.0000,999,999,1000,1,78.0582
40540.0000,4054,2937.2115,0.0000,999,1000,1000,1,77.8158
40550.0000,4055,2937.2267,0.0000,1000,999,1000,1,77.7299
40560.0000,4056,2937.2420,0.0000,999,999,999,1,77.6439
40570.0000,4057,2937.2573,0.0000,999,1000,1000,1,77.8712
40580.0000,4058,2937.2725,0.0000,999,1000,1000,1,77.9417
40590.0000,4059,2937.2877,0.0000,1000,1000,1000,1,77.8554
40600.0000,4060,2937.3030,0.0000,1000,1000,1000,1,77.9258
40610.0000,4061,2937.3181,0.0000,1000,999,1000,1,77.5255
40620.0000,4062,2937.3332,0.0000,999,1000,1000,1,77.4394
40630.0000,4063,2937.3480,0.0000,1000,1000,1000,1,77.0397
40640.0000,4064,2937.3629,0.0000,1000,1000,1000,1,76.6404
40650.0000,4065,2937.3780,0.0000,999,999,999,1,76.5551
40660.0000,4066,2937.3931,0.0000,1000,1000,1000,1,76.6258
40670.0000,4067,2937.4083,0.0000,1000,1000,1000,1,76.6964
40680.0000,4068,2937.4235,0.0000,1000,999,1000,1,76.6103
40690.0000,4069,2937.4385,0.0000,998,998,999,1,76.6807
40700.0000,4070,2937.4535,0.0000,999,1000,1000,1,76.4384
40710.0000,4071,2937.4686,0.0000,999,1000,1000,1,76.5091
40720.0000,4072,2937.4838,0.0000,999,999,1000,1,76.7359
40730.0000,4073,2937.4987,0.0000,1000,999,1000,1,76.3373
40740.0000,4074,2937.5136,0.0000,1000,1000,999,1,75.7865
40750.0000,4075,2937.5283,0.0000,1000,998,1000,1,75.5479
40760.0000,4076,2937.5433,0.0000,999,1000,1000,1,75.4646
40770.0000,4077,2937.5584,0.0000,1000,1000,1000,1,75.2267
40780.0000,4078,2937.5735,0.0000,999,999,999,1,75.1449
40790.0000,4079,2937.5885,0.0000,1000,1000,1000,1,75.2174
40800.0000,4080,2937.6038,0.0000,1000,1000,1000,1,75.4440
40810.0000,4081,2937.6186,0.0000,998,1000,1000,1,75.2064
40820.0000,4082,2937.6337,0.0000,999,1000,1000,1,75.1236
40830.0000,4083,2937.6488,0.0000,999,999,999,1,75.1954
40840.0000,4084,2937.6636,0.0000,1000,999,1000,1,74.8033
40850.0000,4085,2937.6786,0.0000,1000,999,999,1,74.7220
40860.0000,4086,2937.6935,0.0000,999,1000,1000,1,74.4896
40870.0000,4087,2937.7083,0.0000,999,999,1000,1,74.1045
40880.0000,4088,2937.7233,0.0000,999,1000,1000,1,73.5692
40890.0000,4089,2937.7379,0.0000,998,998,1000,1,73.3392
40900.0000,4090,2937.7526,0.0000,999,999,999,1,73.1095
40910.0000,4091,2937.7674,0.0000,999,1000,999,1,72.8811
40920.0000,4092,2937.7825,0.0000,999,1000,1000,1,73.1077
40930.0000,4093,2937.7975,0.0000,999,1000,1000,1,73.3342
40940.0000,4094,2937.8123,0.0000,999,999,1000,1,73.2571
40950.0000,4095,2937.8272,0.0000,1000,1000,1000,1,73.0289
40960.0000,4096,2937.8422,0.0000,1000,1000,1000,1,72.9525
40970.0000,4097,2937.8571,0.0000,999,999,1000,1,72.8767
40980.0000,4098,2937.8721,0.0000,999,1000,1000,1,72.9521
40990.0000,4099,2937.8870,0.0000,999,1000,1000,1,73.0275
41000.0000,4100,2937.9019,0.0000,999,999,999,1,72.9520
41010.0000,4101,2937.9168,0.0000,1000,999,1000,1,73.0275
41020.0000,4102,2937.9318,0.0000,999,999,1000,1,73.1026
41030.0000,4103,2937.9467,0.0000,1000,1000,1000,1,72.8765
41040.0000,4104,2937.9615,0.0000,1000,1000,1000,1,72.8012
41050.0000,4105,2937.9764,0.0000,999,1000,1000,1,72.8767
41060.0000,4106,2937.9912,0.0000,1000,1000,1000,1,72.5007
41070.0000,4107,2938.0060,0.0000,1000,999,1000,1,72.2751
41080.0000,4108,2938.0207,0.0000,999,1000,1000,1,72.0500
41090.0000,4109,2938.0355,0.0000,1000,1000,1000,1,71.9759
41100.0000,4110,2938.0503,0.0000,1000,1000,1000,1,71.9019
41110.0000,4111,2938.0651,0.0000,1000,1000,1000,1,71.9783
41120.0000,4112,2938.0797,0.0000,999,1000,999,1,71.9051
41130.0000,4113,2938.0945,0.0000,1000,1000,1000,1,72.1307
41140.0000,4114,2938.1091,0.0000,1000,1000,1000,1,72.0576
41150.0000,4115,2938.1240,0.0000,1000,1000,1000,1,72.1337
41160.0000,4116,2938.1387,0.0000,999,1000,1000,1,71.9121
41170.0000,4117,2938.1537,0.0000,1000,1000,1000,1,72.1375
41180.0000,4118,2938.1685,0.0000,1000,1000,1000,1,72.0656
41190.0000,4119,2938.1835,0.0000,1000,1000,1000,1,72.2909
41200.0000,4120,2938.1983,0.0000,999,999,1000,1,72.5160
41210.0000,4121,2938.2130,0.0000,1000,999,1000,1,72.1461
41220.0000,4122,2938.2277,0.0000,1000,1000,1000,1,72.2225
41230.0000,4123,2938.2421,0.0000,1000,1000,1000,1,72.0010
41240.0000,4124,2938.2568,0.0000,999,1000,1000,1,72.0774
41250.0000,4125,2938.2715,0.0000,999,999,1000,1,72.1535
41260.0000,4126,2938.2860,0.0000,999,999,1000,1,72.0813
41270.0000,4127,2938.3006,0.0000,999,1000,1000,1,72.1575
41280.0000,4128,2938.3152,0.0000,999,999,1000,1,72.0848
41290.0000,4129,2938.3295,0.0000,1000,1000,1000,1,71.7154
41300.0000,4130,2938.3444,0.0000,1000,999,1000,1,71.9402
41310.0000,4131,2938.3590,0.0000,1000,1000,1000,1,71.8677
41320.0000,4132,2938.3737,0.0000,1000,999,1000,1,71.9437
41330.0000,4133,2938.3884,0.0000,1000,1000,1000,1,72.0195
41340.0000,4134,2938.4030,0.0000,999,999,1000,1,72.0951
41350.0000,4135,2938.4176,0.0000,1000,1000,1000,1,72.0231
41360.0000,4136,2938.4322,0.0000,999,999,999,1,71.9509
41370.0000,4137,2938.4468,0.0000,1000,1000,1000,1,72.0270
41380.0000,4138,2938.4614,0.0000,1000,1000,1000,1,72.1031
41390.0000,4139,2938.4759,0.0000,999,1000,1000,1,71.7348
41400.0000,4140,2938.4905,0.0000,999,1000,1000,1,71.9590
41410.0000,4141,2938.5052,0.0000,999,1000,1000,1,72.1831
41420.0000,4142,2938.5198,0.0000,1000,1000,1000,1,72.1103
41430.0000,4143,2938.5345,0.0000,1000,1000,1000,1,72.1858
41440.0000,4144,2938.5490,0.0000,1000,1000,1000,1,72.2612
41450.0000,4145,2938.5636,0.0000,1000,1000,1000,1,72.3364
41460.0000,4146,2938.5781,0.0000,999,1000,1000,1,72.2633
41470.0000,4147,2938.5928,0.0000,999,1000,1000,1,72.4870
41480.0000,4148,2938.6075,0.0000,999,999,1000,1,72.5620
41490.0000,4149,2938.6220,0.0000,999,999,1000,1,72.4881
41500.0000,4150,2938.6366,0.0000,1000,1000,1000,1,72.4144
41510.0000,4151,2938.6509,0.0000,999,1000,999,1,72.3406
41520.0000,4152,2938.6652,0.0000,999,999,1000,1,72.2679
41530.0000,4153,2938.6797,0.0000,1000,999,1000,1,72.1958
41540.0000,4154,2938.6943,0.0000,999,1000,1000,1,72.2714
41550.0000,4155,2938.7085,0.0000,997,999,998,1,72.1987
41560.0000,4156,2938.7230,0.0000,999,1000,1000,1,72.2740
41570.0000,4157,2938.7374,0.0000,998,1000,999,1,72.2016
41580.0000,4158,2938.7519,0.0000,1000,1000,1000,1,72.2775
41590.0000,4159,2938.7663,0.0000,1000,1000,1000,1,72.2060
41600.0000,4160,2938.7808,0.0000,999,1000,1000,1,72.2816
41610.0000,4161,2938.7952,0.0000,999,999,1000,1,72.3569
41620.0000,4162,2938.8097,0.0000,998,999,999,1,72.2849
41630.0000,4163,2938.8239,0.0000,1000,1000,1000,1,72.2132
41640.0000,4164,2938.8385,0.0000,1000,1000,1000,1,72.4360
41650.0000,4165,2938.8529,0.0000,999,1000,999,1,72.5112
41660.0000,4166,2938.8674,0.0000,1000,1000,1000,1,72.7337
41670.0000,4167,2938.8816,0.0000,999,1000,1000,1,72.5132
41680.0000,4168,2938.8960,0.0000,1000,999,999,1,72.2935
41690.0000,4169,2938.9101,0.0000,1000,1000,1000,1,71.9290
41700.0000,4170,2938.9244,0.0000,1000,1000,1000,1,71.8586
41710.0000,4171,2938.9389,0.0000,1000,1000,1000,1,71.7883
41720.0000,4172,2938.9534,0.0000,999,1000,1000,1,72.0108
41730.0000,4173,2938.9678,0.0000,1000,1000,1000,1,72.0865
41740.0000,4174,2938.9820,0.0000,1000,1000,1000,1,71.8683
41750.0000,4175,2938.9965,0.0000,1000,1000,1000,1,72.0907
41760.0000,4176,2939.0109,0.0000,999,999,1000,1,72.0185
41770.0000,4177,2939.0252,0.0000,1000,999,1000,1,72.2407
41780.0000,4178,2939.0398,0.0000,999,999,999,1,72.3151
41790.0000,4179,2939.0540,0.0000,999,1000,1000,1,72.2421
41800.0000,4180,2939.0685,0.0000,1000,1000,1000,1,72.3166
41810.0000,4181,2939.0829,0.0000,1000,1000,1000,1,72.5385
41820.0000,4182,2939.0973,0.0000,999,999,1000,1,72.7602
41830.0000,4183,2939.1117,0.0000,999,1000,999,1,72.8339
41840.0000,4184,2939.1260,0.0000,1000,1000,1000,1,72.7592
41850.0000,4185,2939.1403,0.0000,999,1000,1000,1,72.6849
41860.0000,4186,2939.1547,0.0000,1000,1000,1000,1,72.9065
41870.0000,4187,2939.1690,0.0000,1000,1000,1000,1,72.9796
41880.0000,4188,2939.1834,0.0000,999,1000,1000,1,73.0528
41890.0000,4189,2939.1976,0.0000,999,999,999,1,72.9773
41900.0000,4190,2939.2116,0.0000,1000,1000,1000,1,72.7538
41910.0000,4191,2939.2261,0.0000,999,999,1000,1,72.9751
41920.0000,4192,2939.2402,0.0000,999,1000,1000,1,72.8993
41930.0000,4193,2939.2544,0.0000,999,1000,1000,1,72.9717
41940.0000,4194,2939.2686,0.0000,999,1000,1000,1,73.0442
41950.0000,4195,2939.2828,0.0000,999,999,1000,1,73.1166
41960.0000,4196,2939.2972,0.0000,1000,1000,1000,1,73.3375
41970.0000,4197,2939.3114,0.0000,999,1000,1000,1,73.2610
41980.0000,4198,2939.3255,0.0000,999,1000,1000,1,73.3333
41990.0000,4199,2939.3396,0.0000,999,1000,1000,1,73.2569
42000.0000,4200,2939.3538,0.0000,1000,999,999,1,73.1803
42010.0000,4201,2939.3680,0.0000,999,999,999,1,72.9559
42020.0000,4202,2939.3822,0.0000,1000,1000,1000,1,73.0291
42030.0000,4203,2939.3961,0.0000,998,999,999,1,72.9548
42040.0000,4204,2939.4103,0.0000,1000,999,999,1,73.0276
42050.0000,4205,2939.4244,0.0000,1000,1000,1000,1,73.1005
42060.0000,4206,2939.4384,0.0000,999,1000,1000,1,72.5845
42070.0000,4207,2939.4524,0.0000,999,1000,1000,1,72.5113
42080.0000,4208,2939.4666,0.0000,999,1000,1000,1,72.7317
42090.0000,4209,2939.4809,0.0000,1000,1000,1000,1,72.9520
42100.0000,4210,2939.4951,0.0000,999,999,999,1,73.0249
42110.0000,4211,2939.5091,0.0000,998,999,999,1,72.9502
42120.0000,4212,2939.5229,0.0000,999,1000,999,1,72.7284
42130.0000,4213,2939.5370,0.0000,999,999,999,1,72.5067
42140.0000,4214,2939.5512,0.0000,999,999,1000,1,72.7268
42150.0000,4215,2939.5648,0.0000,1000,999,1000,1,72.3579
42160.0000,4216,2939.5788,0.0000,999,999,999,1,72.2835
42170.0000,4217,2939.5928,0.0000,999,1000,1000,1,72.2087
42180.0000,4218,2939.6069,0.0000,999,1000,999,1,71.9864
42190.0000,4219,2939.6209,0.0000,999,1000,1000,1,71.9120
42200.0000,4220,2939.6347,0.0000,1000,999,1000,1,71.2508
42210.0000,4221,2939.6488,0.0000,999,1000,1000,1,71.3242
42220.0000,4222,2939.6628,0.0000,1000,1000,1000,1,71.1042
42230.0000,4223,2939.6770,0.0000,1000,1000,1000,1,71.3241
42240.0000,4224,2939.6911,0.0000,1000,1000,1000,1,71.5440
42250.0000,4225,2939.7051,0.0000,999,999,1000,1,71.6164
42260.0000,4226,2939.7192,0.0000,999,1000,1000,1,71.8361
42270.0000,4227,2939.7332,0.0000,1000,999,1000,1,71.9082
42280.0000,4228,2939.7473,0.0000,999,1000,1000,1,72.1277
42290.0000,4229,2939.7611,0.0000,998,999,999,1,71.9053
42300.0000,4230,2939.7748,0.0000,1000,1000,1000,1,71.6838
42310.0000,4231,2939.7888,0.0000,1000,1000,1000,1,71.6090
42320.0000,4232,2939.8025,0.0000,999,998,1000,1,71.5339
42330.0000,4233,2939.8166,0.0000,1000,1000,1000,1,71.6060
42340.0000,4234,2939.8306,0.0000,999,999,1000,1,71.6784
42350.0000,4235,2939.8445,0.0000,1000,1000,1000,1,71.4574
42360.0000,4236,2939.8586,0.0000,999,1000,1000,1,71.6766
42370.0000,4237,2939.8726,0.0000,999,999,1000,1,71.8957
42380.0000,4238,2939.8865,0.0000,1000,1000,1000,1,71.8211
42390.0000,4239,2939.9006,0.0000,999,1000,1000,1,72.0400
42400.0000,4240,2939.9144,0.0000,1000,999,1000,1,71.9647
42410.0000,4241,2939.9283,0.0000,1000,1000,1000,1,71.7434
42420.0000,4242,2939.9419,0.0000,1000,1000,999,1,71.3765
42430.0000,4243,2939.9558,0.0000,998,1000,999,1,71.3027
42440.0000,4244,2939.9697,0.0000,999,1000,1000,1,71.5215
42450.0000,4245,2939.9837,0.0000,1000,1000,1000,1,71.7403
42460.0000,4246,2939.9977,0.0000,1000,1000,1000,1,71.8122
42470.0000,4247,2940.0114,0.0000,1000,1000,1000,1,71.7369
42480.0000,4248,2940.0253,0.0000,999,999,1000,1,71.8084
42490.0000,4249,2940.0392,0.0000,999,1000,1000,1,71.5877
42500.0000,4250,2940.0529,0.0000,999,1000,1000,1,71.6598
42510.0000,4251,2940.0669,0.0000,1000,1000,1000,1,71.5852
42520.0000,4252,2940.0807,0.0000,1000,1000,1000,1,71.6567
42530.0000,4253,2940.0946,0.0000,999,1000,1000,1,71.7282
42540.0000,4254,2940.1084,0.0000,1000,999,1000,1,71.6532
42550.0000,4255,2940.1222,0.0000,999,1000,1000,1,71.5794
42560.0000,4256,2940.1362,0.0000,1000,1000,1000,1,71.7975
42570.0000,4257,2940.1503,0.0000,1000,1000,1000,1,72.0155
42580.0000,4258,2940.1641,0.0000,999,1000,1000,1,72.0872
42590.0000,4259,2940.1780,0.0000,1000,1000,1000,1,72.3051
42600.0000,4260,2940.1918,0.0000,998,998,999,1,72.0832
42610.0000,4261,2940.2054,0.0000,999,999,1000,1,72.1545
42620.0000,4262,2940.2192,0.0000,1000,999,1000,1,72.2258
42630.0000,4263,2940.2330,0.0000,1000,1000,1000,1,72.2969
42640.0000,4264,2940.2469,0.0000,1000,1000,1000,1,72.5145
42650.0000,4265,2940.2607,0.0000,1000,1000,1000,1,72.4386
42660.0000,4266,2940.2743,0.0000,1000,1000,1000,1,72.3633
42670.0000,4267,2940.2879,0.0000,1000,999,1000,1,72.1419
42680.0000,4268,2940.3017,0.0000,999,1000,1000,1,72.2130
42690.0000,4269,2940.3156,0.0000,999,999,1000,1,72.2838
42700.0000,4270,2940.3291,0.0000,998,998,1000,1,72.2084
42710.0000,4271,2940.3429,0.0000,999,1000,1000,1,72.2793
42720.0000,4272,2940.3565,0.0000,999,1000,1000,1,72.3498
42730.0000,4273,2940.3700,0.0000,999,1000,1000,1,72.1283
42740.0000,4274,2940.3837,0.0000,1000,1000,1000,1,72.1993
42750.0000,4275,2940.3973,0.0000,1000,1000,1000,1,72.1247
42760.0000,4276,2940.4111,0.0000,999,1000,1000,1,72.3417
42770.0000,4277,2940.4246,0.0000,1000,1000,1000,1,71.9757
42780.0000,4278,2940.4383,0.0000,1000,999,1000,1,72.0473
42790.0000,4279,2940.4520,0.0000,999,999,1000,1,71.8291
42800.0000,4280,2940.4657,0.0000,999,999,1000,1,71.9012
42810.0000,4281,2940.4793,0.0000,999,999,1000,1,71.8280
42820.0000,4282,2940.4927,0.0000,1000,999,1000,1,71.4646
42830.0000,4283,2940.5064,0.0000,999,1000,1000,1,71.5365
42840.0000,4284,2940.5201,0.0000,1000,1000,1000,1,71.7532
42850.0000,4285,2940.5339,0.0000,999,1000,1000,1,71.9698
42860.0000,4286,2940.5475,0.0000,1000,1000,1000,1,72.0409
42870.0000,4287,2940.5613,0.0000,999,1000,1000,1,72.2574
42880.0000,4288,2940.5749,0.0000,1000,1000,1000,1,72.3282
42890.0000,4289,2940.5885,0.0000,1000,1000,999,1,72.1074
42900.0000,4290,2940.6020,0.0000,1000,999,1000,1,72.1779
42910.0000,4291,2940.6155,0.0000,999,1000,1000,1,71.9571
42920.0000,4292,2940.6290,0.0000,999,1000,1000,1,71.8826
42930.0000,4293,2940.6427,0.0000,999,999,999,1,71.9536
42940.0000,4294,2940.6560,0.0000,1000,1000,999,1,71.7350
42950.0000,4295,2940.6696,0.0000,999,1000,1000,1,71.9511
42960.0000,4296,2940.6832,0.0000,999,999,1000,1,71.8779
42970.0000,4297,2940.6965,0.0000,1000,1000,1000,1,71.6606
42980.0000,4298,2940.7101,0.0000,1000,1000,1000,1,71.8766
42990.0000,4299,2940.7237,0.0000,1000,1000,1000,1,71.9478
43000.0000,4300,2940.7372,0.0000,1000,1000,1000,1,72.0186
43010.0000,4301,2940.7507,0.0000,998,1000,1000,1,72.0892
43020.0000,4302,2940.7644,0.0000,999,1000,1000,1,72.3049
43030.0000,4303,2940.7780,0.0000,1000,1000,1000,1,72.5205
43040.0000,4304,2940.7915,0.0000,998,999,999,1,72.5902
43050.0000,4305,2940.8049,0.0000,999,999,999,1,72.3690
43060.0000,4306,2940.8183,0.0000,999,999,1000,1,72.5843
43070.0000,4307,2940.8319,0.0000,999,1000,1000,1,72.6542
43080.0000,4308,2940.8455,0.0000,1000,1000,1000,1,72.5785
43090.0000,4309,2940.8590,0.0000,999,999,999,1,72.6480
43100.0000,4310,2940.8724,0.0000,999,1000,1000,1,72.7173
43110.0000,4311,2940.8857,0.0000,1000,1000,998,1,72.4949
43120.0000,4312,2940.8990,0.0000,999,999,999,1,72.1294
43130.0000,4313,2940.9124,0.0000,1000,999,1000,1,72.1998
43140.0000,4314,2940.9259,0.0000,999,999,999,1,72.1251
43150.0000,4315,2940.9394,0.0000,999,1000,1000,1,72.3401
43160.0000,4316,2940.9527,0.0000,999,999,999,1,72.1198
43170.0000,4317,2940.9663,0.0000,1000,1000,1000,1,72.3348
43180.0000,4318,2940.9796,0.0000,1000,1000,1000,1,72.4042
43190.0000,4319,2940.9931,0.0000,999,999,1000,1,72.3290
43200.0000,4320,2941.0067,0.0000,1000,1000,1000,1,72.5437
43210.0000,4321,2941.0200,0.0000,999,999,1000,1,72.6132
43220.0000,4322,2941.0334,0.0000,999,999,999,1,72.6823
43230.0000,4323,2941.0469,0.0000,999,1000,1000,1,72.7514
43240.0000,4324,2941.0603,0.0000,1000,1000,1000,1,72.8205
43250.0000,4325,2941.0739,0.0000,999,1000,1000,1,72.7438
43260.0000,4326,2941.0873,0.0000,998,999,999,1,72.8126
43270.0000,4327,2941.1005,0.0000,1000,1000,1000,1,72.7357
43280.0000,4328,2941.1140,0.0000,999,1000,1000,1,72.8043
43290.0000,4329,2941.1273,0.0000,999,1000,999,1,72.4367
43300.0000,4330,2941.1408,0.0000,1000,1000,1000,1,72.5054
43310.0000,4331,2941.1543,0.0000,1000,1000,1000,1,72.7196
43320.0000,4332,2941.1676,0.0000,999,1000,1000,1,72.6421
43330.0000,4333,2941.1810,0.0000,1000,1000,1000,1,72.8561
43340.0000,4334,2941.1943,0.0000,999,1000,999,1,72.9240
43350.0000,4335,2941.2075,0.0000,999,1000,999,1,72.5535
43360.0000,4336,2941.2209,0.0000,999,1000,1000,1,72.7674
43370.0000,4337,2941.2342,0.0000,999,1000,1000,1,72.6895
43380.0000,4338,2941.2474,0.0000,999,1000,999,1,72.4657
43390.0000,4339,2941.2606,0.0000,1000,1000,1000,1,72.2423
43400.0000,4340,2941.2740,0.0000,999,999,1000,1,72.4560
43410.0000,4341,2941.2872,0.0000,999,999,1000,1,72.3778
43420.0000,4342,2941.3006,0.0000,999,1000,1000,1,72.5914
43430.0000,4343,2941.3139,0.0000,999,999,1000,1,72.5128
43440.0000,4344,2941.3273,0.0000,999,999,1000,1,72.7263
43450.0000,4345,2941.3403,0.0000,999,1000,999,1,72.2082
43460.0000,4346,2941.3536,0.0000,1000,999,1000,1,72.2756
43470.0000,4347,2941.3669,0.0000,999,1000,1000,1,72.1968
43480.0000,4348,2941.3802,0.0000,1000,1000,999,1,72.2640
43490.0000,4349,2941.3932,0.0000,1000,1000,1000,1,71.8934
43500.0000,4350,2941.4065,0.0000,999,1000,1000,1,71.9611
43510.0000,4351,2941.4198,0.0000,1000,999,1000,1,72.0283
43520.0000,4352,2941.4328,0.0000,999,1000,1000,1,71.9495
43530.0000,4353,2941.4461,0.0000,999,1000,1000,1,72.0172
43540.0000,4354,2941.4593,0.0000,1000,1000,1000,1,71.9391
43550.0000,4355,2941.4726,0.0000,1000,1000,1000,1,72.1522
43560.0000,4356,2941.4859,0.0000,1000,1000,1000,1,72.0737
43570.0000,4357,2941.4992,0.0000,1000,1000,1000,1,72.2866
43580.0000,4358,2941.5124,0.0000,999,1000,1000,1,72.3545
43590.0000,4359,2941.5256,0.0000,999,1000,1000,1,72.5673
43600.0000,4360,2941.5389,0.0000,999,1000,1000,1,72.7800
43610.0000,4361,2941.5521,0.0000,998,999,1000,1,72.8474
43620.0000,4362,2941.5653,0.0000,1000,1000,1000,1,72.9147
43630.0000,4363,2941.5784,0.0000,999,1000,1000,1,73.1271
43640.0000,4364,2941.5913,0.0000,999,999,999,1,72.7586
43650.0000,4365,2941.6045,0.0000,999,999,1000,1,72.8262
43660.0000,4366,2941.6176,0.0000,1000,1000,1000,1,73.0386
43670.0000,4367,2941.6309,0.0000,1000,1000,1000,1,73.1056
43680.0000,4368,2941.6441,0.0000,1000,1000,1000,1,73.3178
43690.0000,4369,2941.6572,0.0000,1000,999,1000,1,73.2391
43700.0000,4370,2941.6704,0.0000,1000,999,999,1,73.3055
43710.0000,4371,2941.6837,0.0000,1000,1000,1000,1,73.5175
43720.0000,4372,2941.6970,0.0000,999,999,1000,1,73.7294
43730.0000,4373,2941.7102,0.0000,999,1000,1000,1,73.6498
43740.0000,4374,2941.7233,0.0000,999,999,999,1,73.4245
43750.0000,4375,2941.7362,0.0000,1000,1000,1000,1,73.3455
43760.0000,4376,2941.7494,0.0000,999,1000,1000,1,73.5573
43770.0000,4377,2941.7625,0.0000,999,999,1000,1,73.6234
43780.0000,4378,2941.7754,0.0000,998,999,999,1,73.2541
43790.0000,4379,2941.7882,0.0000,1000,1000,1000,1,72.7448
43800.0000,4380,2941.8014,0.0000,999,1000,1000,1,72.8127
43810.0000,4381,2941.8144,0.0000,999,999,1000,1,72.5925
43820.0000,4382,2941.8275,0.0000,1000,1000,1000,1,72.5176
43830.0000,4383,2941.8407,0.0000,1000,1000,1000,1,72.7292
43840.0000,4384,2941.8537,0.0000,999,1000,999,1,72.7971
43850.0000,4385,2941.8666,0.0000,1000,1000,1000,1,72.5789
43860.0000,4386,2941.8797,0.0000,1000,999,1000,1,72.6471
43870.0000,4387,2941.8928,0.0000,999,1000,1000,1,72.5717
43880.0000,4388,2941.9059,0.0000,1000,1000,1000,1,72.6395
43890.0000,4389,2941.9189,0.0000,998,999,1000,1,72.7074
43900.0000,4390,2941.9318,0.0000,999,999,1000,1,72.7756
43910.0000,4391,2941.9448,0.0000,1000,1000,1000,1,72.9868
43920.0000,4392,2941.9578,0.0000,1000,1000,999,1,73.0544
43930.0000,4393,2941.9709,0.0000,999,999,1000,1,73.1219
43940.0000,4394,2941.9839,0.0000,999,999,999,1,73.0457
43950.0000,4395,2941.9967,0.0000,999,999,999,1,72.6841
43960.0000,4396,2942.0096,0.0000,1000,1000,1000,1,72.8950
43970.0000,4397,2942.0225,0.0000,999,999,999,1,72.9628
43980.0000,4398,2942.0355,0.0000,999,1000,1000,1,72.8874
43990.0000,4399,2942.0485,0.0000,1000,1000,1000,1,72.9550
44000.0000,4400,2942.0614,0.0000,999,999,1000,1,73.0223
44010.0000,4401,2942.0744,0.0000,999,999,1000,1,72.9465
44020.0000,4402,2942.0873,0.0000,999,1000,1000,1,73.1571
44030.0000,4403,2942.1003,0.0000,1000,999,1000,1,73.3676
44040.0000,4404,2942.1133,0.0000,1000,999,1000,1,73.4342
44050.0000,4405,2942.1263,0.0000,999,1000,1000,1,73.5007
44060.0000,4406,2942.1393,0.0000,999,1000,1000,1,73.5671
44070.0000,4407,2942.1521,0.0000,998,999,1000,1,73.3453
44080.0000,4408,2942.1651,0.0000,1000,1000,1000,1,73.5556
44090.0000,4409,2942.1780,0.0000,1000,1000,1000,1,73.6214
44100.0000,4410,2942.1910,0.0000,999,999,1000,1,73.6871
44110.0000,4411,2942.2040,0.0000,1000,999,1000,1,73.8971
44120.0000,4412,2942.2168,0.0000,1000,999,1000,1,73.5305
44130.0000,4413,2942.2298,0.0000,1000,1000,1000,1,73.7404
44140.0000,4414,2942.2426,0.0000,1000,1000,1000,1,73.6626
44150.0000,4415,2942.2551,0.0000,1000,1000,1000,1,73.0107
44160.0000,4416,2942.2680,0.0000,1000,1000,1000,1,73.0770
44170.0000,4417,2942.2809,0.0000,999,999,999,1,72.9993
44180.0000,4418,2942.2936,0.0000,999,1000,999,1,72.7793
44190.0000,4419,2942.3065,0.0000,999,1000,1000,1,72.9891
44200.0000,4420,2942.3193,0.0000,999,1000,1000,1,73.0557
44210.0000,4421,2942.3318,0.0000,998,999,1000,1,72.9794
44220.0000,4422,2942.3446,0.0000,1000,1000,1000,1,72.9035
44230.0000,4423,2942.3573,0.0000,1000,1000,999,1,72.8273
44240.0000,4424,2942.3699,0.0000,1000,999,999,1,72.6083
44250.0000,4425,2942.3826,0.0000,999,1000,1000,1,72.3892
44260.0000,4426,2942.3955,0.0000,999,1000,1000,1,72.5988
44270.0000,4427,2942.4083,0.0000,1000,1000,1000,1,72.5225
44280.0000,4428,2942.4212,0.0000,1000,1000,1000,1,72.7320
44290.0000,4429,2942.4340,0.0000,1000,1000,1000,1,72.7986
44300.0000,4430,2942.4469,0.0000,1000,1000,1000,1,73.0079
44310.0000,4431,2942.4597,0.0000,999,1000,1000,1,73.2171
44320.0000,4432,2942.4725,0.0000,999,1000,1000,1,73.2829
44330.0000,4433,2942.4852,0.0000,999,999,1000,1,73.3485
44340.0000,4434,2942.4979,0.0000,1000,1000,1000,1,72.9853
44350.0000,4435,2942.5107,0.0000,1000,1000,1000,1,73.0514
44360.0000,4436,2942.5234,0.0000,999,1000,1000,1,72.8317
44370.0000,4437,2942.5360,0.0000,1000,1000,1000,1,72.4696
44380.0000,4438,2942.5486,0.0000,999,999,1000,1,72.5360
44390.0000,4439,2942.5614,0.0000,1000,1000,1000,1,72.4596
44400.0000,4440,2942.5742,0.0000,1000,1000,1000,1,72.6685
44410.0000,4441,2942.5869,0.0000,1000,1000,1000,1,72.5920
44420.0000,4442,2942.5997,0.0000,1000,1000,1000,1,72.8007
44430.0000,4443,2942.6125,0.0000,1000,1000,1000,1,73.0094
44440.0000,4444,2942.6252,0.0000,1000,1000,1000,1,73.0749
44450.0000,4445,2942.6380,0.0000,1000,1000,1000,1,73.1403
44460.0000,4446,2942.6508,0.0000,1000,1000,1000,1,73.3488
44470.0000,4447,2942.6633,0.0000,999,998,998,1,73.1291
44480.0000,4448,2942.6757,0.0000,998,998,998,1,72.7675
44490.0000,4449,2942.6883,0.0000,999,999,1000,1,72.9758
44500.0000,4450,2942.7010,0.0000,999,1000,1000,1,73.1841
44510.0000,4451,2942.7130,0.0000,999,998,999,1,73.1070
44520.0000,4452,2942.7254,0.0000,1000,1000,1000,1,73.0312
44530.0000,4453,2942.7379,0.0000,999,998,1000,1,72.9554
44540.0000,4454,2942.7506,0.0000,1000,1000,1000,1,73.0216
44550.0000,4455,2942.7634,0.0000,1000,1000,1000,1,73.2296
44560.0000,4456,2942.7761,0.0000,1000,1000,1000,1,73.4376
44570.0000,4457,2942.7888,0.0000,999,1000,1000,1,73.5031
44580.0000,4458,2942.8014,0.0000,1000,1000,1000,1,73.7109
44590.0000,4459,2942.8139,0.0000,1000,1000,1000,1,73.3484
44600.0000,4460,2942.8265,0.0000,1000,1000,1000,1,73.5562
44610.0000,4461,2942.8391,0.0000,999,999,999,1,73.3360
44620.0000,4462,2942.8516,0.0000,999,1000,1000,1,73.1171
44630.0000,4463,2942.8642,0.0000,1000,999,1000,1,73.3248
44640.0000,4464,2942.8768,0.0000,1000,1000,1000,1,73.3902
44650.0000,4465,2942.8893,0.0000,1000,1000,1000,1,73.4553
44660.0000,4466,2942.9018,0.0000,1000,999,1000,1,73.2368
44670.0000,4467,2942.9143,0.0000,999,1000,1000,1,73.1606
44680.0000,4468,2942.9268,0.0000,1000,999,1000,1,73.3680
44690.0000,4469,2942.9393,0.0000,999,1000,1000,1,73.2917
44700.0000,4470,2942.9519,0.0000,1000,1000,1000,1,73.4991
44710.0000,4471,2942.9645,0.0000,1000,1000,1000,1,73.5641
44720.0000,4472,2942.9770,0.0000,1000,1000,1000,1,73.6289
44730.0000,4473,2942.9895,0.0000,999,1000,1000,1,73.5511
44740.0000,4474,2943.0016,0.0000,1000,1000,1000,1,73.1895
44750.0000,4475,2943.0141,0.0000,999,999,999,1,73.1123
44760.0000,4476,2943.0266,0.0000,999,999,1000,1,73.0351
44770.0000,4477,2943.0392,0.0000,999,1000,1000,1,72.9576
44780.0000,4478,2943.0517,0.0000,999,999,1000,1,73.0224
44790.0000,4479,2943.0642,0.0000,1000,1000,1000,1,72.6602
44800.0000,4480,2943.0767,0.0000,1000,1000,1000,1,72.7249
44810.0000,4481,2943.0893,0.0000,999,1000,1000,1,72.9319
44820.0000,4482,2943.1017,0.0000,999,999,1000,1,72.9965
44830.0000,4483,2943.1142,0.0000,999,1000,1000,1,72.9187
44840.0000,4484,2943.1266,0.0000,1000,1000,1000,1,72.8417
44850.0000,4485,2943.1392,0.0000,1000,999,1000,1,72.7645
44860.0000,4486,2943.1516,0.0000,1000,1000,1000,1,72.6874
44870.0000,4487,2943.1641,0.0000,1000,1000,1000,1,72.8940
44880.0000,4488,2943.1766,0.0000,1000,1000,1000,1,72.9586
44890.0000,4489,2943.1890,0.0000,1000,1000,1000,1,72.5999
44900.0000,4490,2943.2016,0.0000,1000,1000,1000,1,72.8065
44910.0000,4491,2943.2139,0.0000,998,1000,999,1,72.5892
44920.0000,4492,2943.2263,0.0000,999,999,1000,1,72.7956
44930.0000,4493,2943.2384,0.0000,999,1000,1000,1,72.2988
44940.0000,4494,2943.2509,0.0000,1000,1000,1000,1,72.5052
44950.0000,4495,2943.2633,0.0000,999,1000,1000,1,72.4315
44960.0000,4496,2943.2757,0.0000,999,999,999,1,72.2182
44970.0000,4497,2943.2881,0.0000,999,1000,1000,1,72.2847
44980.0000,4498,2943.3005,0.0000,1000,999,999,1,72.3509
44990.0000,4499,2943.3127,0.0000,999,999,1000,1,72.1375
45000.0000,4500,2943.3249,0.0000,999,1000,1000,1,72.0639
45010.0000,4501,2943.3372,0.0000,999,1000,1000,1,71.8513
45020.0000,4502,2943.3496,0.0000,999,1000,1000,1,71.9176
45030.0000,4503,2943.3619,0.0000,998,999,1000,1,71.8443
45040.0000,4504,2943.3735,0.0000,998,1000,998,1,71.7711
45050.0000,4505,2943.3859,0.0000,1000,999,999,1,71.8375
45060.0000,4506,2943.3983,0.0000,999,1000,1000,1,72.0435
45070.0000,4507,2943.4106,0.0000,999,999,999,1,71.8298
45080.0000,4508,2943.4229,0.0000,1000,1000,1000,1,71.7568
45090.0000,4509,2943.4352,0.0000,999,1000,1000,1,71.8231
45100.0000,4510,2943.4475,0.0000,1000,1000,1000,1,71.8893
45110.0000,4511,2943.4599,0.0000,1000,1000,1000,1,71.8159
45120.0000,4512,2943.4722,0.0000,999,1000,1000,1,71.7426
45130.0000,4513,2943.4842,0.0000,1000,999,1000,1,71.3907
45140.0000,4514,2943.4966,0.0000,1000,999,1000,1,71.5964
45150.0000,4515,2943.5091,0.0000,1000,1000,1000,1,71.8020
45160.0000,4516,2943.5216,0.0000,1000,1000,1000,1,72.0076
45170.0000,4517,2943.5339,0.0000,1000,1000,1000,1,72.0731
45180.0000,4518,2943.5459,0.0000,998,999,1000,1,71.7186
45190.0000,4519,2943.5582,0.0000,1000,1000,1000,1,71.9240
45200.0000,4520,2943.5705,0.0000,999,999,1000,1,71.8500
45210.0000,4521,2943.5827,0.0000,1000,999,1000,1,71.7760
45220.0000,4522,2943.5950,0.0000,999,1000,1000,1,71.9813
45230.0000,4523,2943.6070,0.0000,999,998,999,1,71.9066
45240.0000,4524,2943.6193,0.0000,999,999,1000,1,71.9726
45250.0000,4525,2943.6316,0.0000,1000,1000,1000,1,72.0385
45260.0000,4526,2943.6437,0.0000,999,1000,1000,1,71.8259
45270.0000,4527,2943.6559,0.0000,998,998,999,1,71.7531
45280.0000,4528,2943.6679,0.0000,999,999,999,1,71.2633
45290.0000,4529,2943.6801,0.0000,1000,1000,1000,1,71.3294
45300.0000,4530,2943.6924,0.0000,999,999,999,1,71.3953
45310.0000,4531,2943.7046,0.0000,999,1000,1000,1,71.3217
45320.0000,4532,2943.7165,0.0000,999,999,999,1,71.2481
45330.0000,4533,2943.7286,0.0000,999,999,999,1,71.3135
45340.0000,4534,2943.7408,0.0000,1000,1000,1000,1,71.5183
45350.0000,4535,2943.7530,0.0000,1000,1000,1000,1,71.5833
45360.0000,4536,2943.7653,0.0000,999,1000,1000,1,71.6481
45370.0000,4537,2943.7775,0.0000,998,999,1000,1,71.7127
45380.0000,4538,2943.7897,0.0000,999,1000,1000,1,71.9173
45390.0000,4539,2943.8015,0.0000,1000,1000,1000,1,71.7008
45400.0000,4540,2943.8137,0.0000,999,999,1000,1,71.6245
45410.0000,4541,2943.8259,0.0000,999,1000,1000,1,71.8290
45420.0000,4542,2943.8378,0.0000,1000,1000,1000,1,71.3306
45430.0000,4543,2943.8501,0.0000,999,999,999,1,71.3948
45440.0000,4544,2943.8622,0.0000,1000,999,1000,1,71.4590
45450.0000,4545,2943.8742,0.0000,997,998,999,1,71.2435
45460.0000,4546,2943.8858,0.0000,999,1000,1000,1,70.8889
45470.0000,4547,2943.8978,0.0000,999,1000,1000,1,70.9541
45480.0000,4548,2943.9097,0.0000,999,999,1000,1,71.0190
45490.0000,4549,2943.9218,0.0000,999,1000,999,1,70.8052
45500.0000,4550,2943.9340,0.0000,999,999,1000,1,71.0094
45510.0000,4551,2943.9460,0.0000,999,999,1000,1,71.0743
45520.0000,4552,2943.9582,0.0000,1000,1000,1000,1,71.1394
45530.0000,4553,2943.9703,0.0000,999,1000,1000,1,71.3434
45540.0000,4554,2943.9824,0.0000,999,999,999,1,71.2689
45550.0000,4555,2943.9944,0.0000,1000,1000,1000,1,71.1943
45560.0000,4556,2944.0065,0.0000,999,999,999,1,70.8409
45570.0000,4557,2944.0183,0.0000,1000,1000,1000,1,70.9055
45580.0000,4558,2944.0304,0.0000,1000,1000,1000,1,70.9701
45590.0000,4559,2944.0422,0.0000,1000,1000,1000,1,70.6205
45600.0000,4560,2944.0543,0.0000,999,1000,1000,1,70.6869
45610.0000,4561,2944.0662,0.0000,999,1000,1000,1,70.4799
45620.0000,4562,2944.0783,0.0000,999,999,1000,1,70.5467
45630.0000,4563,2944.0904,0.0000,999,1000,1000,1,70.6133
45640.0000,4564,2944.1022,0.0000,999,1000,1000,1,70.2687
45650.0000,4565,2944.1142,0.0000,1000,999,999,1,70.1983
45660.0000,4566,2944.1260,0.0000,999,1000,1000,1,70.2649
45670.0000,4567,2944.1380,0.0000,999,1000,1000,1,70.4685
45680.0000,4568,2944.1500,0.0000,1000,1000,1000,1,70.5346
45690.0000,4569,2944.1620,0.0000,999,999,1000,1,70.4636
45700.0000,4570,2944.1742,0.0000,1000,1000,1000,1,70.6670
45710.0000,4571,2944.1863,0.0000,999,1000,1000,1,70.8703
45720.0000,4572,2944.1980,0.0000,999,999,999,1,70.2502
45730.0000,4573,2944.2098,0.0000,1000,1000,1000,1,70.1795
45740.0000,4574,2944.2218,0.0000,999,999,1000,1,70.2460
45750.0000,4575,2944.2335,0.0000,1000,1000,1000,1,69.3625
45760.0000,4576,2944.2454,0.0000,999,1000,1000,1,69.1600
45770.0000,4577,2944.2573,0.0000,999,999,1000,1,68.9585
45780.0000,4578,2944.2692,0.0000,1000,1000,1000,1,69.0270
45790.0000,4579,2944.2813,0.0000,1000,1000,1000,1,69.2303
45800.0000,4580,2944.2931,0.0000,999,1000,1000,1,69.2983
45810.0000,4581,2944.3050,0.0000,999,1000,1000,1,69.3659
45820.0000,4582,2944.3171,0.0000,1000,1000,1000,1,69.5690
45830.0000,4583,2944.3291,0.0000,1000,1000,1000,1,69.7720
45840.0000,4584,2944.3411,0.0000,1000,1000,1000,1,69.9750
45850.0000,4585,2944.3530,0.0000,999,1000,999,1,69.9053
45860.0000,4586,2944.3649,0.0000,1000,1000,1000,1,69.9717
45870.0000,4587,2944.3769,0.0000,999,1000,1000,1,70.0380
45880.0000,4588,2944.3885,0.0000,998,998,999,1,69.4238
45890.0000,4589,2944.4001,0.0000,1000,1000,1000,1,69.2201
45900.0000,4590,2944.4118,0.0000,998,998,998,1,69.0164
45910.0000,4591,2944.4228,0.0000,999,1000,999,1,68.4061
45920.0000,4592,2944.4346,0.0000,999,999,999,1,68.4735
45930.0000,4593,2944.4465,0.0000,1000,1000,1000,1,68.6763
45940.0000,4594,2944.4585,0.0000,1000,1000,1000,1,68.7439
45950.0000,4595,2944.4703,0.0000,1000,1000,1000,1,68.6767
45960.0000,4596,2944.4822,0.0000,1000,1000,1000,1,68.7444
45970.0000,4597,2944.4940,0.0000,1000,1000,1000,1,68.5418
45980.0000,4598,2944.5058,0.0000,999,1000,1000,1,68.3397
45990.0000,4599,2944.5177,0.0000,999,1000,1000,1,68.5423
46000.0000,4600,2944.5294,0.0000,999,999,1000,1,68.4745
46010.0000,4601,2944.5413,0.0000,1000,1000,1000,1,68.6770
46020.0000,4602,2944.5529,0.0000,998,999,999,1,68.2038
46030.0000,4603,2944.5646,0.0000,1000,1000,1000,1,68.1368
46040.0000,4604,2944.5765,0.0000,1000,1000,1000,1,68.3392
46050.0000,4605,2944.5883,0.0000,1000,1000,1000,1,68.2713
46060.0000,4606,2944.6001,0.0000,1000,1000,1000,1,68.3383
46070.0000,4607,2944.6116,0.0000,998,999,1000,1,67.8648
46080.0000,4608,2944.6234,0.0000,1000,999,1000,1,67.9325
46090.0000,4609,2944.6353,0.0000,1000,1000,1000,1,67.8650
46100.0000,4610,2944.6470,0.0000,999,999,1000,1,67.6633
46110.0000,4611,2944.6586,0.0000,999,1000,999,1,67.4626
46120.0000,4612,2944.6702,0.0000,999,1000,1000,1,67.2649
46130.0000,4613,2944.6820,0.0000,999,999,999,1,67.3341
46140.0000,4614,2944.6936,0.0000,999,999,1000,1,67.1370
46150.0000,4615,2944.7054,0.0000,999,999,999,1,67.2060
46160.0000,4616,2944.7170,0.0000,999,1000,1000,1,66.8769
46170.0000,4617,2944.7288,0.0000,1000,999,1000,1,66.8139
46180.0000,4618,2944.7405,0.0000,999,1000,1000,1,66.6182
46190.0000,4619,2944.7523,0.0000,999,1000,1000,1,66.6876
46200.0000,4620,2944.7640,0.0000,1000,1000,999,1,66.4924
46210.0000,4621,2944.7756,0.0000,999,1000,1000,1,66.4298
46220.0000,4622,2944.7875,0.0000,1000,1000,1000,1,66.6318
46230.0000,4623,2944.7992,0.0000,1000,1000,1000,1,66.7012
46240.0000,4624,2944.8109,0.0000,999,999,1000,1,66.3726
46250.0000,4625,2944.8226,0.0000,999,999,999,1,66.3093
46260.0000,4626,2944.8341,0.0000,999,1000,1000,1,66.1132
46270.0000,4627,2944.8458,0.0000,1000,1000,1000,1,65.7849
46280.0000,4628,2944.8576,0.0000,1000,1000,1000,1,65.8546
46290.0000,4629,2944.8693,0.0000,999,999,1000,1,65.9239
46300.0000,4630,2944.8807,0.0000,999,999,999,1,65.7285
46310.0000,4631,2944.8925,0.0000,1000,1000,1000,1,65.7981
46320.0000,4632,2944.9038,0.0000,998,1000,1000,1,65.6037
46330.0000,4633,2944.9156,0.0000,999,999,1000,1,65.6733
46340.0000,4634,2944.9274,0.0000,1000,1000,1000,1,65.8749
46350.0000,4635,2944.9391,0.0000,1000,1000,1000,1,65.9441
46360.0000,4636,2944.9508,0.0000,1000,999,999,1,65.7482
46370.0000,4637,2944.9621,0.0000,999,999,1000,1,65.5535
46380.0000,4638,2944.9739,0.0000,1000,1000,1000,1,65.7549
46390.0000,4639,2944.9857,0.0000,1000,1000,1000,1,65.9563
46400.0000,4640,2944.9974,0.0000,1000,1000,1000,1,66.1576
46410.0000,4641,2945.0093,0.0000,999,1000,1000,1,66.3588
46420.0000,4642,2945.0209,0.0000,999,1000,1000,1,66.5600
46430.0000,4643,2945.0326,0.0000,1000,1000,1000,1,66.6279
46440.0000,4644,2945.0443,0.0000,999,999,1000,1,66.6956
46450.0000,4645,2945.0560,0.0000,1000,1000,1000,1,66.8965
46460.0000,4646,2945.0677,0.0000,1000,999,1000,1,67.0973
46470.0000,4647,2945.0792,0.0000,1000,999,1000,1,67.0309
46480.0000,4648,2945.0909,0.0000,999,999,999,1,67.0979
46490.0000,4649,2945.1024,0.0000,999,1000,1000,1,67.0311
46500.0000,4650,2945.1141,0.0000,1000,1000,1000,1,66.9641
46510.0000,4651,2945.1257,0.0000,1000,999,999,1,67.0311
46520.0000,4652,2945.1374,0.0000,1000,1000,1000,1,67.2316
46530.0000,4653,2945.1489,0.0000,999,999,1000,1,67.2983
46540.0000,4654,2945.1604,0.0000,999,1000,1000,1,67.0973
46550.0000,4655,2945.1720,0.0000,999,1000,1000,1,67.2977
46560.0000,4656,2945.1835,0.0000,1000,1000,1000,1,67.2302
46570.0000,4657,2945.1952,0.0000,999,1000,1000,1,67.4305
46580.0000,4658,2945.2068,0.0000,999,1000,1000,1,67.3623
46590.0000,4659,2945.2182,0.0000,999,1000,1000,1,67.2955
46600.0000,4660,2945.2297,0.0000,999,1000,1000,1,67.2283
46610.0000,4661,2945.2412,0.0000,1000,1000,1000,1,67.2947
46620.0000,4662,2945.2528,0.0000,999,1000,1000,1,67.3609
46630.0000,4663,2945.2640,0.0000,999,999,999,1,67.0269
46640.0000,4664,2945.2756,0.0000,999,1000,1000,1,67.0938
46650.0000,4665,2945.2872,0.0000,1000,1000,1000,1,67.2938
46660.0000,4666,2945.2987,0.0000,999,1000,1000,1,67.3604
46670.0000,4667,2945.3101,0.0000,1000,1000,1000,1,67.2934
46680.0000,4668,2945.3216,0.0000,1000,1000,1000,1,67.2265
46690.0000,4669,2945.3332,0.0000,999,1000,1000,1,67.4262
46700.0000,4670,2945.3446,0.0000,999,1000,1000,1,67.3591
46710.0000,4671,2945.3559,0.0000,1000,1000,1000,1,67.2917
46720.0000,4672,2945.3674,0.0000,1000,1000,1000,1,67.3576
46730.0000,4673,2945.3787,0.0000,1000,999,999,1,67.2895
46740.0000,4674,2945.3903,0.0000,1000,1000,1000,1,67.4891
46750.0000,4675,2945.4018,0.0000,1000,1000,1000,1,67.2880
46760.0000,4676,2945.4134,0.0000,999,1000,1000,1,67.3541
46770.0000,4677,2945.4246,0.0000,1000,999,999,1,67.0202
46780.0000,4678,2945.4361,0.0000,999,999,1000,1,67.0863
46790.0000,4679,2945.4475,0.0000,999,999,1000,1,67.1523
46800.0000,4680,2945.4589,0.0000,1000,1000,1000,1,67.3516
46810.0000,4681,2945.4704,0.0000,1000,1000,1000,1,67.4171
46820.0000,4682,2945.4819,0.0000,999,1000,1000,1,67.4827
46830.0000,4683,2945.4935,0.0000,1000,1000,1000,1,67.5481
46840.0000,4684,2945.5049,0.0000,998,999,999,1,67.4800
46850.0000,4685,2945.5164,0.0000,999,1000,1000,1,67.6790
46860.0000,4686,2945.5279,0.0000,999,1000,1000,1,67.8780
46870.0000,4687,2945.5394,0.0000,1000,1000,1000,1,68.0769
46880.0000,4688,2945.5509,0.0000,1000,1000,1000,1,68.2757
46890.0000,4689,2945.5624,0.0000,999,1000,1000,1,68.4744
46900.0000,4690,2945.5738,0.0000,999,999,1000,1,68.2701
46910.0000,4691,2945.5848,0.0000,999,1000,1000,1,67.9318
46920.0000,4692,2945.5962,0.0000,999,999,999,1,67.9961
46930.0000,4693,2945.6074,0.0000,1000,1000,1000,1,67.9261
46940.0000,4694,2945.6186,0.0000,1000,1000,1000,1,67.5874
46950.0000,4695,2945.6299,0.0000,999,999,1000,1,67.6515
46960.0000,4696,2945.6413,0.0000,1000,1000,1000,1,67.5813
46970.0000,4697,2945.6527,0.0000,1000,1000,1000,1,67.6454
46980.0000,4698,2945.6642,0.0000,999,999,1000,1,67.5752
46990.0000,4699,2945.6756,0.0000,999,999,1000,1,67.7736
47000.0000,4700,2945.6870,0.0000,999,999,999,1,67.8375
47010.0000,4701,2945.6983,0.0000,999,1000,1000,1,67.9011
47020.0000,4702,2945.7096,0.0000,999,999,999,1,67.9647
47030.0000,4703,2945.7208,0.0000,999,999,999,1,67.4903
47040.0000,4704,2945.7319,0.0000,999,1000,1000,1,67.4201
47050.0000,4705,2945.7434,0.0000,999,1000,1000,1,67.4840
47060.0000,4706,2945.7547,0.0000,999,999,1000,1,67.6822
47070.0000,4707,2945.7661,0.0000,1000,1000,1000,1,67.8802
47080.0000,4708,2945.7775,0.0000,1000,1000,1000,1,67.9435
47090.0000,4709,2945.7887,0.0000,999,999,1000,1,68.0067
47100.0000,4710,2945.8000,0.0000,999,999,1000,1,67.9347
47110.0000,4711,2945.8113,0.0000,1000,999,1000,1,68.1326
47120.0000,4712,2945.8228,0.0000,1000,1000,1000,1,68.3303
47130.0000,4713,2945.8342,0.0000,999,1000,1000,1,68.5280
47140.0000,4714,2945.8454,0.0000,999,1000,1000,1,68.4542
47150.0000,4715,2945.8566,0.0000,1000,1000,1000,1,68.3807
47160.0000,4716,2945.8680,0.0000,999,1000,1000,1,68.4424
47170.0000,4717,2945.8794,0.0000,999,999,1000,1,68.6399
47180.0000,4718,2945.8906,0.0000,999,999,999,1,68.5654
47190.0000,4719,2945.9020,0.0000,1000,1000,1000,1,68.6266
47200.0000,4720,2945.9133,0.0000,1000,999,999,1,68.6876
47210.0000,4721,2945.9245,0.0000,998,1000,999,1,68.7485
47220.0000,4722,2945.9355,0.0000,999,1000,1000,1,68.5374
47230.0000,4723,2945.9467,0.0000,1000,1000,1000,1,68.4628
47240.0000,4724,2945.9579,0.0000,1000,1000,1000,1,68.5240
47250.0000,4725,2945.9691,0.0000,1000,1000,1000,1,68.5851
47260.0000,4726,2945.9802,0.0000,1000,1000,1000,1,68.6462
47270.0000,4727,2945.9915,0.0000,999,999,1000,1,68.5710
47280.0000,4728,2946.0022,0.0000,999,1000,999,1,67.8164
47290.0000,4729,2946.0135,0.0000,1000,1000,1000,1,68.0135
47300.0000,4730,2946.0248,0.0000,1000,1000,1000,1,68.2105
47310.0000,4731,2946.0361,0.0000,999,999,999,1,68.2713
47320.0000,4732,2946.0473,0.0000,999,999,1000,1,68.1957
47330.0000,4733,2946.0582,0.0000,999,1000,1000,1,67.4390
47340.0000,4734,2946.0692,0.0000,999,1000,1000,1,66.6839
47350.0000,4735,2946.0803,0.0000,1000,1000,1000,1,66.4745
47360.0000,4736,2946.0917,0.0000,1000,1000,1000,1,66.6716
47370.0000,4737,2946.1029,0.0000,999,1000,1000,1,66.8686
47380.0000,4738,2946.1142,0.0000,999,1000,1000,1,67.0656
47390.0000,4739,2946.1251,0.0000,1000,999,1000,1,66.8549
47400.0000,4740,2946.1364,0.0000,999,1000,1000,1,66.9158
47410.0000,4741,2946.1477,0.0000,999,999,1000,1,66.9764
47420.0000,4742,2946.1588,0.0000,999,999,1000,1,67.0370
47430.0000,4743,2946.1699,0.0000,1000,999,999,1,66.9615
47440.0000,4744,2946.1811,0.0000,999,1000,1000,1,66.7508
47450.0000,4745,2946.1923,0.0000,999,1000,1000,1,66.9475
47460.0000,4746,2946.2034,0.0000,999,1000,1000,1,67.1441
47470.0000,4747,2946.2146,0.0000,999,1000,1000,1,67.2043
47480.0000,4748,2946.2259,0.0000,1000,1000,1000,1,67.2648
47490.0000,4749,2946.2371,0.0000,1000,1000,1000,1,67.4612
47500.0000,4750,2946.2483,0.0000,999,1000,1000,1,67.5213
47510.0000,4751,2946.2594,0.0000,999,999,999,1,67.4446
47520.0000,4752,2946.2705,0.0000,1000,1000,1000,1,67.3681
47530.0000,4753,2946.2814,0.0000,999,999,999,1,66.8833
47540.0000,4754,2946.2925,0.0000,999,1000,1000,1,66.9434
47550.0000,4755,2946.3034,0.0000,1000,1000,1000,1,66.4593
47560.0000,4756,2946.3145,0.0000,999,999,1000,1,66.5196
47570.0000,4757,2946.3255,0.0000,1000,999,1000,1,66.3078
47580.0000,4758,2946.3366,0.0000,1000,1000,1000,1,66.5040
47590.0000,4759,2946.3477,0.0000,999,1000,1000,1,66.5641
47600.0000,4760,2946.3587,0.0000,999,999,1000,1,66.6241
47610.0000,4761,2946.3697,0.0000,999,1000,1000,1,66.4122
47620.0000,4762,2946.3808,0.0000,1000,1000,1000,1,66.3367
47630.0000,4763,2946.3919,0.0000,999,1000,1000,1,66.2610
47640.0000,4764,2946.4028,0.0000,999,1000,1000,1,66.1858
47650.0000,4765,2946.4138,0.0000,999,1000,999,1,66.1113
47660.0000,4766,2946.4248,0.0000,1000,1000,1000,1,66.1719
47670.0000,4767,2946.4359,0.0000,999,1000,1000,1,66.2323
47680.0000,4768,2946.4467,0.0000,999,999,1000,1,66.1573
47690.0000,4769,2946.4575,0.0000,999,1000,999,1,65.9470
47700.0000,4770,2946.4684,0.0000,999,1000,1000,1,65.8725
47710.0000,4771,2946.4795,0.0000,999,1000,1000,1,65.9332
47720.0000,4772,2946.4904,0.0000,999,1000,1000,1,65.8588
47730.0000,4773,2946.5014,0.0000,1000,999,1000,1,65.9195
47740.0000,4774,2946.5125,0.0000,999,999,1000,1,65.9799
47750.0000,4775,2946.5235,0.0000,999,999,1000,1,66.1755
47760.0000,4776,2946.5342,0.0000,998,999,999,1,65.5596
47770.0000,4777,2946.5452,0.0000,999,1000,1000,1,65.7552
47780.0000,4778,2946.5560,0.0000,999,1000,1000,1,65.5463
47790.0000,4779,2946.5671,0.0000,1000,1000,1000,1,65.7418
47800.0000,4780,2946.5780,0.0000,1000,1000,1000,1,65.8023
47810.0000,4781,2946.5889,0.0000,999,999,1000,1,65.5934
47820.0000,4782,2946.5998,0.0000,1000,999,999,1,65.3850
47830.0000,4783,2946.6106,0.0000,1000,1000,1000,1,65.3112
47840.0000,4784,2946.6216,0.0000,999,1000,1000,1,65.3723
47850.0000,4785,2946.6326,0.0000,1000,1000,1000,1,65.4334
47860.0000,4786,2946.6437,0.0000,999,999,1000,1,65.3603
47870.0000,4787,2946.6542,0.0000,1000,1000,1000,1,64.8866
47880.0000,4788,2946.6652,0.0000,999,1000,1000,1,65.0819
47890.0000,4789,2946.6761,0.0000,999,999,999,1,64.8766
47900.0000,4790,2946.6871,0.0000,1000,1000,1000,1,65.0718
47910.0000,4791,2946.6981,0.0000,999,1000,1000,1,65.1334
47920.0000,4792,2946.7089,0.0000,999,1000,1000,1,65.1947
47930.0000,4793,2946.7197,0.0000,999,999,1000,1,65.2559
47940.0000,4794,2946.7303,0.0000,999,999,1000,1,64.7828
47950.0000,4795,2946.7414,0.0000,1000,1000,1000,1,64.9778
47960.0000,4796,2946.7518,0.0000,999,1000,1000,1,64.2407
47970.0000,4797,2946.7626,0.0000,999,999,999,1,63.6418
47980.0000,4798,2946.7734,0.0000,1000,1000,1000,1,63.5737
47990.0000,4799,2946.7844,0.0000,999,1000,1000,1,63.7689
48000.0000,4800,2946.7951,0.0000,1000,999,1000,1,63.5685
48010.0000,4801,2946.8060,0.0000,999,999,1000,1,63.6315
48020.0000,4802,2946.8169,0.0000,999,1000,1000,1,63.5629
48030.0000,4803,2946.8277,0.0000,1000,1000,1000,1,63.3620
48040.0000,4804,2946.8386,0.0000,1000,999,1000,1,63.2930
48050.0000,4805,2946.8494,0.0000,1000,999,1000,1,63.0925
48060.0000,4806,2946.8602,0.0000,999,1000,1000,1,63.1561
48070.0000,4807,2946.8711,0.0000,999,1000,1000,1,63.0878
48080.0000,4808,2946.8818,0.0000,999,1000,1000,1,63.0198
48090.0000,4809,2946.8926,0.0000,999,999,1000,1,62.9524
48100.0000,4810,2946.9034,0.0000,999,1000,1000,1,63.0159
48110.0000,4811,2946.9143,0.0000,999,1000,1000,1,63.2107
48120.0000,4812,2946.9248,0.0000,1000,1000,1000,1,62.8824
48130.0000,4813,2946.9357,0.0000,999,1000,1000,1,63.0771
48140.0000,4814,2946.9465,0.0000,1000,1000,1000,1,63.0104
48150.0000,4815,2946.9574,0.0000,999,1000,1000,1,62.9444
48160.0000,4816,2946.9682,0.0000,999,999,1000,1,62.8787
48170.0000,4817,2946.9790,0.0000,1000,1000,1000,1,63.0732
48180.0000,4818,2946.9897,0.0000,999,1000,999,1,63.0067
48190.0000,4819,2947.0006,0.0000,1000,1000,1000,1,63.0707
48200.0000,4820,2947.0113,0.0000,998,999,999,1,63.0044
48210.0000,4821,2947.0220,0.0000,1000,1000,1000,1,63.0686
48220.0000,4822,2947.0328,0.0000,1000,999,1000,1,63.2629
48230.0000,4823,2947.0433,0.0000,999,999,1000,1,63.0665
48240.0000,4824,2947.0541,0.0000,1000,1000,1000,1,63.0010
48250.0000,4825,2947.0651,0.0000,999,999,1000,1,63.1952
48260.0000,4826,2947.0758,0.0000,1000,1000,999,1,62.9996
48270.0000,4827,2947.0866,0.0000,999,1000,1000,1,63.1937
48280.0000,4828,2947.0973,0.0000,999,1000,1000,1,63.1278
48290.0000,4829,2947.1082,0.0000,1000,999,1000,1,63.3219
48300.0000,4830,2947.1187,0.0000,998,1000,999,1,62.8656
48310.0000,4831,2947.1292,0.0000,1000,1000,1000,1,62.8003
48320.0000,4832,2947.1400,0.0000,1000,999,1000,1,62.9942
48330.0000,4833,2947.1507,0.0000,1000,1000,1000,1,62.7988
48340.0000,4834,2947.1614,0.0000,1000,1000,1000,1,62.8629
48350.0000,4835,2947.1721,0.0000,1000,1000,1000,1,62.7968
48360.0000,4836,2947.1826,0.0000,999,1000,1000,1,62.6019
48370.0000,4837,2947.1932,0.0000,999,1000,1000,1,62.6664
48380.0000,4838,2947.2041,0.0000,998,999,999,1,62.7305
48390.0000,4839,2947.2148,0.0000,998,999,1000,1,62.6651
48400.0000,4840,2947.2254,0.0000,999,999,1000,1,62.4703
48410.0000,4841,2947.2361,0.0000,1000,1000,1000,1,62.1469
48420.0000,4842,2947.2468,0.0000,999,1000,1000,1,62.0822
48430.0000,4843,2947.2573,0.0000,999,999,999,1,61.8882
48440.0000,4844,2947.2679,0.0000,1000,999,1000,1,61.8236
48450.0000,4845,2947.2786,0.0000,1000,1000,1000,1,61.8880
48460.0000,4846,2947.2892,0.0000,999,999,1000,1,61.9522
48470.0000,4847,2947.2996,0.0000,1000,1000,1000,1,61.7574
48480.0000,4848,2947.3102,0.0000,999,999,1000,1,61.9510
48490.0000,4849,2947.3210,0.0000,999,1000,1000,1,61.8851
48500.0000,4850,2947.3318,0.0000,1000,1000,1000,1,62.0785
48510.0000,4851,2947.3424,0.0000,1000,999,1000,1,62.1418
48520.0000,4852,2947.3530,0.0000,1000,1000,1000,1,62.2050
48530.0000,4853,2947.3636,0.0000,999,999,1000,1,62.0081
48540.0000,4854,2947.3743,0.0000,999,1000,1000,1,62.0718
48550.0000,4855,2947.3850,0.0000,999,1000,1000,1,62.2650
48560.0000,4856,2947.3957,0.0000,999,1000,1000,1,62.4581
48570.0000,4857,2947.4063,0.0000,999,999,1000,1,62.2629
48580.0000,4858,2947.4168,0.0000,998,998,999,1,62.0678
48590.0000,4859,2947.4273,0.0000,999,1000,1000,1,62.0022
48600.0000,4860,2947.4379,0.0000,999,999,1000,1,62.1952
48610.0000,4861,2947.4484,0.0000,1000,1000,1000,1,62.0000
48620.0000,4862,2947.4591,0.0000,999,1000,1000,1,61.9341
48630.0000,4863,2947.4697,0.0000,999,1000,1000,1,61.8686
48640.0000,4864,2947.4804,0.0000,999,1000,1000,1,62.0615
48650.0000,4865,2947.4909,0.0000,998,999,999,1,61.8669
48660.0000,4866,2947.5012,0.0000,998,998,999,1,61.2885
48670.0000,4867,2947.5116,0.0000,999,1000,1000,1,61.3529
48680.0000,4868,2947.5222,0.0000,1000,999,1000,1,61.5457
48690.0000,4869,2947.5328,0.0000,1000,1000,1000,1,61.7385
48700.0000,4870,2947.5433,0.0000,1000,1000,1000,1,61.8023
48710.0000,4871,2947.5540,0.0000,999,999,1000,1,61.9949
48720.0000,4872,2947.5645,0.0000,1000,1000,1000,1,61.8002
48730.0000,4873,2947.5751,0.0000,999,1000,1000,1,61.9927
48740.0000,4874,2947.5856,0.0000,1000,1000,999,1,61.7990
48750.0000,4875,2947.5959,0.0000,999,1000,1000,1,61.6058
48760.0000,4876,2947.6063,0.0000,999,1000,1000,1,61.4131
48770.0000,4877,2947.6170,0.0000,1000,1000,1000,1,61.6055
48780.0000,4878,2947.6275,0.0000,998,998,998,1,61.4127
48790.0000,4879,2947.6378,0.0000,1000,1000,1000,1,61.3488
48800.0000,4880,2947.6481,0.0000,998,1000,999,1,61.0303
48810.0000,4881,2947.6585,0.0000,1000,1000,1000,1,61.0956
48820.0000,4882,2947.6691,0.0000,999,999,1000,1,61.0335
48830.0000,4883,2947.6797,0.0000,1000,1000,1000,1,61.2257
48840.0000,4884,2947.6900,0.0000,1000,1000,1000,1,61.1636
48850.0000,4885,2947.7004,0.0000,1000,1000,1000,1,61.1020
48860.0000,4886,2947.7109,0.0000,999,999,1000,1,61.2942
48870.0000,4887,2947.7213,0.0000,999,1000,1000,1,61.2320
48880.0000,4888,2947.7317,0.0000,999,999,1000,1,61.1700
48890.0000,4889,2947.7418,0.0000,1000,1000,1000,1,60.9811
48900.0000,4890,2947.7523,0.0000,1000,1000,1000,1,61.0463
48910.0000,4891,2947.7629,0.0000,999,1000,1000,1,61.2382
48920.0000,4892,2947.7733,0.0000,999,1000,1000,1,61.0496
48930.0000,4893,2947.7837,0.0000,999,999,1000,1,61.1148
48940.0000,4894,2947.7942,0.0000,1000,1000,1000,1,60.9265
48950.0000,4895,2947.8047,0.0000,1000,1000,1000,1,60.8651
48960.0000,4896,2947.8152,0.0000,999,1000,1000,1,61.0569
48970.0000,4897,2947.8256,0.0000,998,1000,999,1,61.1219
48980.0000,4898,2947.8358,0.0000,999,999,999,1,61.0597
48990.0000,4899,2947.8460,0.0000,999,1000,1000,1,61.1243
49000.0000,4900,2947.8565,0.0000,1000,1000,1000,1,61.3159
49010.0000,4901,2947.8670,0.0000,999,999,999,1,61.2534
49020.0000,4902,2947.8774,0.0000,999,1000,1000,1,61.3178
49030.0000,4903,2947.8879,0.0000,1000,1000,1000,1,61.5092
49040.0000,4904,2947.8984,0.0000,1000,1000,1000,1,61.4458
49050.0000,4905,2947.9089,0.0000,1000,1000,1000,1,61.5099
49060.0000,4906,2947.9194,0.0000,1000,1000,1000,1,61.4465
49070.0000,4907,2947.9298,0.0000,999,1000,1000,1,61.2557
49080.0000,4908,2947.9402,0.0000,1000,1000,1000,1,61.1928
49090.0000,4909,2947.9506,0.0000,1000,1000,1000,1,61.1313
49100.0000,4910,2947.9610,0.0000,1000,1000,1000,1,60.9435
49110.0000,4911,2947.9713,0.0000,999,1000,1000,1,60.8821
49120.0000,4912,2947.9818,0.0000,999,1000,1000,1,61.0733
49130.0000,4913,2947.9922,0.0000,999,1000,1000,1,61.1377
49140.0000,4914,2948.0025,0.0000,1000,1000,1000,1,61.2022
49150.0000,4915,2948.0130,0.0000,998,999,1000,1,61.1400
49160.0000,4916,2948.0234,0.0000,999,1000,1000,1,61.3310
49170.0000,4917,2948.0337,0.0000,999,1000,1000,1,61.1421
49180.0000,4918,2948.0441,0.0000,999,1000,1000,1,61.3330
49190.0000,4919,2948.0545,0.0000,999,999,1000,1,61.5239
49200.0000,4920,2948.0647,0.0000,1000,1000,1000,1,61.4610
49210.0000,4921,2948.0752,0.0000,999,1000,1000,1,61.5247
49220.0000,4922,2948.0855,0.0000,999,999,1000,1,61.4614
49230.0000,4923,2948.0959,0.0000,999,1000,1000,1,61.2728
49240.0000,4924,2948.1063,0.0000,999,999,999,1,61.3375
49250.0000,4925,2948.1166,0.0000,1000,1000,1000,1,61.2762
49260.0000,4926,2948.1268,0.0000,1000,999,1000,1,61.2151
49270.0000,4927,2948.1370,0.0000,998,999,999,1,60.9037
49280.0000,4928,2948.1472,0.0000,999,1000,1000,1,60.9690
49290.0000,4929,2948.1575,0.0000,999,998,999,1,61.0341
49300.0000,4930,2948.1676,0.0000,999,1000,1000,1,61.2246
49310.0000,4931,2948.1781,0.0000,999,1000,1000,1,61.2894
49320.0000,4932,2948.1884,0.0000,1000,1000,1000,1,61.4797
49330.0000,4933,2948.1988,0.0000,1000,999,1000,1,61.6700
49340.0000,4934,2948.2092,0.0000,998,999,999,1,61.6079
49350.0000,4935,2948.2195,0.0000,999,1000,1000,1,61.6719
49360.0000,4936,2948.2293,0.0000,1000,1000,1000,1,61.3575
49370.0000,4937,2948.2396,0.0000,999,1000,1000,1,61.4218
49380.0000,4938,2948.2497,0.0000,999,1000,999,1,61.3600
49390.0000,4939,2948.2599,0.0000,999,998,999,1,61.2987
49400.0000,4940,2948.2693,0.0000,1000,1000,1000,1,60.7384
49410.0000,4941,2948.2797,0.0000,999,1000,1000,1,60.9285
49420.0000,4942,2948.2900,0.0000,1000,1000,999,1,60.9937
49430.0000,4943,2948.3000,0.0000,999,1000,999,1,60.8095
49440.0000,4944,2948.3103,0.0000,999,1000,1000,1,60.7504
49450.0000,4945,2948.3206,0.0000,999,999,1000,1,60.8157
49460.0000,4946,2948.3308,0.0000,1000,1000,1000,1,61.0056
49470.0000,4947,2948.3412,0.0000,999,999,1000,1,61.1954
49480.0000,4948,2948.3512,0.0000,1000,999,1000,1,60.8855
49490.0000,4949,2948.3613,0.0000,1000,999,999,1,60.8265
49500.0000,4950,2948.3716,0.0000,1000,1000,1000,1,60.8919
49510.0000,4951,2948.3817,0.0000,1000,1000,999,1,60.7085
49520.0000,4952,2948.3920,0.0000,999,999,1000,1,60.7739
49530.0000,4953,2948.4023,0.0000,999,1000,1000,1,60.9635
49540.0000,4954,2948.4125,0.0000,999,999,1000,1,61.0286
49550.0000,4955,2948.4226,0.0000,999,999,999,1,60.9690
49560.0000,4956,2948.4328,0.0000,1000,1000,1000,1,61.0340
49570.0000,4957,2948.4431,0.0000,1000,1000,1000,1,60.9740
49580.0000,4958,2948.4529,0.0000,1000,1000,1000,1,60.5416
49590.0000,4959,2948.4631,0.0000,1000,1000,1000,1,60.4832
49600.0000,4960,2948.4734,0.0000,1000,1000,1000,1,60.6726
49610.0000,4961,2948.4836,0.0000,1000,1000,1000,1,60.7378
49620.0000,4962,2948.4939,0.0000,1000,1000,1000,1,60.8027
49630.0000,4963,2948.5040,0.0000,999,999,999,1,60.6190
49640.0000,4964,2948.5142,0.0000,999,1000,1000,1,60.6840
49650.0000,4965,2948.5242,0.0000,1000,1000,1000,1,60.7491
49660.0000,4966,2948.5345,0.0000,999,1000,1000,1,60.8139
49670.0000,4967,2948.5446,0.0000,999,1000,1000,1,60.8786
49680.0000,4968,2948.5547,0.0000,998,998,999,1,60.8184
49690.0000,4969,2948.5646,0.0000,999,1000,999,1,60.3862
49700.0000,4970,2948.5742,0.0000,999,1000,1000,1,60.3273
49710.0000,4971,2948.5844,0.0000,998,999,999,1,60.3925
49720.0000,4972,2948.5939,0.0000,1000,1000,1000,1,59.8440
49730.0000,4973,2948.6039,0.0000,999,999,1000,1,59.7883
49740.0000,4974,2948.6138,0.0000,1000,1000,1000,1,59.6113
49750.0000,4975,2948.6240,0.0000,999,1000,1000,1,59.6786
49760.0000,4976,2948.6341,0.0000,1000,1000,1000,1,59.7459
49770.0000,4977,2948.6442,0.0000,999,999,999,1,59.5708
49780.0000,4978,2948.6541,0.0000,1000,1000,1000,1,59.3959
49790.0000,4979,2948.6643,0.0000,1000,1000,1000,1,59.5848
49800.0000,4980,2948.6744,0.0000,999,1000,1000,1,59.6523
49810.0000,4981,2948.6845,0.0000,1000,1000,1000,1,59.7197
49820.0000,4982,2948.6947,0.0000,1000,1000,1000,1,59.7872
49830.0000,4983,2948.7047,0.0000,1000,1000,1000,1,59.4906
49840.0000,4984,2948.7147,0.0000,999,999,1000,1,58.9511
49850.0000,4985,2948.7247,0.0000,999,1000,1000,1,58.8977
49860.0000,4986,2948.7347,0.0000,999,999,1000,1,58.7232
49870.0000,4987,2948.7449,0.0000,999,999,999,1,58.7911
49880.0000,4988,2948.7549,0.0000,1000,1000,1000,1,58.7379
49890.0000,4989,2948.7649,0.0000,999,999,1000,1,58.5644
49900.0000,4990,2948.7751,0.0000,1000,1000,1000,1,58.7531
49910.0000,4991,2948.7851,0.0000,999,1000,1000,1,58.4598
49920.0000,4992,2948.7952,0.0000,999,999,1000,1,58.5286
49930.0000,4993,2948.8053,0.0000,1000,1000,1000,1,58.5970
49940.0000,4994,2948.8153,0.0000,999,999,999,1,58.4253
49950.0000,4995,2948.8252,0.0000,999,999,1000,1,58.1345
49960.0000,4996,2948.8353,0.0000,999,1000,1000,1,58.2035
49970.0000,4997,2948.8454,0.0000,999,1000,1000,1,58.2722
49980.0000,4998,2948.8554,0.0000,1000,1000,1000,1,58.2216
49990.0000,4999,2948.8653,0.0000,999,999,1000,1,58.1713
50000.0000,5000,2948.8752,0.0000,998,1000,1000,1,57.8849
50010.0000,5001,2948.8850,0.0000,999,1000,1000,1,57.8361
50020.0000,5002,2948.8951,0.0000,1000,1000,1000,1,57.9061
50030.0000,5003,2948.9052,0.0000,999,1000,1000,1,57.9762
50040.0000,5004,2948.9152,0.0000,1000,1000,1000,1,58.1645
50050.0000,5005,2948.9252,0.0000,1000,1000,1000,1,58.3526
50060.0000,5006,2948.9353,0.0000,1000,1000,1000,1,58.5407
50070.0000,5007,2948.9454,0.0000,1000,1000,1000,1,58.6099
50080.0000,5008,2948.9553,0.0000,998,1000,999,1,58.3227
50090.0000,5009,2948.9652,0.0000,999,999,999,1,58.2732
50100.0000,5010,2948.9751,0.0000,1000,999,1000,1,58.1049
50110.0000,5011,2948.9851,0.0000,1000,1000,1000,1,58.1739
50120.0000,5012,2948.9951,0.0000,999,999,1000,1,58.2430
50130.0000,5013,2949.0046,0.0000,998,999,1000,1,57.8371
50140.0000,5014,2949.0140,0.0000,999,999,1000,1,57.6701
50150.0000,5015,2949.0240,0.0000,999,1000,1000,1,57.7397
50160.0000,5016,2949.0339,0.0000,1000,1000,1000,1,57.8091
50170.0000,5017,2949.0439,0.0000,1000,1000,1000,1,57.7602
50180.0000,5018,2949.0539,0.0000,999,1000,999,1,57.7112
50190.0000,5019,2949.0634,0.0000,999,1000,1000,1,57.1895
50200.0000,5020,2949.0733,0.0000,999,1000,1000,1,57.3773
50210.0000,5021,2949.0834,0.0000,1000,1000,1000,1,57.5650
50220.0000,5022,2949.0933,0.0000,999,999,999,1,57.5170
50230.0000,5023,2949.1032,0.0000,999,999,1000,1,57.7046
50240.0000,5024,2949.1131,0.0000,1000,999,1000,1,57.7745
50250.0000,5025,2949.1229,0.0000,999,1000,1000,1,57.6093
50260.0000,5026,2949.1328,0.0000,1000,1000,1000,1,57.4441
50270.0000,5027,2949.1426,0.0000,1000,999,1000,1,57.1615
50280.0000,5028,2949.1526,0.0000,1000,1000,1000,1,57.3491
50290.0000,5029,2949.1623,0.0000,1000,1000,1000,1,57.3011
50300.0000,5030,2949.1723,0.0000,1000,1000,1000,1,57.3707
50310.0000,5031,2949.1822,0.0000,1000,1000,1000,1,57.5581
50320.0000,5032,2949.1921,0.0000,1000,1000,1000,1,57.6274
50330.0000,5033,2949.2019,0.0000,1000,1000,1000,1,57.5790
50340.0000,5034,2949.2118,0.0000,999,1000,1000,1,57.6484
50350.0000,5035,2949.2216,0.0000,999,999,999,1,57.6010
50360.0000,5036,2949.2312,0.0000,1000,1000,1000,1,57.4374
50370.0000,5037,2949.2411,0.0000,999,1000,1000,1,57.6246
50380.0000,5038,2949.2511,0.0000,1000,1000,1000,1,57.8116
50390.0000,5039,2949.2610,0.0000,999,999,1000,1,57.8812
50400.0000,5040,2949.2710,0.0000,999,1000,1000,1,58.0682
50410.0000,5041,2949.2807,0.0000,1000,1000,1000,1,58.0198
50420.0000,5042,2949.2907,0.0000,1000,1000,1000,1,58.2066
50430.0000,5043,2949.3007,0.0000,1000,1000,1000,1,58.3934
50440.0000,5044,2949.3106,0.0000,999,1000,1000,1,58.5800
50450.0000,5045,2949.3206,0.0000,1000,1000,1000,1,58.7667
50460.0000,5046,2949.3305,0.0000,999,1000,1000,1,58.9532
50470.0000,5047,2949.3403,0.0000,998,999,1000,1,58.9029
50480.0000,5048,2949.3501,0.0000,1000,1000,1000,1,58.9712
50490.0000,5049,2949.3599,0.0000,1000,999,999,1,58.9210
50500.0000,5050,2949.3698,0.0000,1000,1000,1000,1,59.1073
50510.0000,5051,2949.3796,0.0000,1000,1000,1000,1,59.1751
50520.0000,5052,2949.3896,0.0000,1000,1000,1000,1,59.3613
50530.0000,5053,2949.3995,0.0000,999,1000,1000,1,59.4288
50540.0000,5054,2949.4094,0.0000,1000,1000,1000,1,59.6150
50550.0000,5055,2949.4193,0.0000,1000,1000,1000,1,59.4459
50560.0000,5056,2949.4292,0.0000,999,1000,1000,1,59.6319
50570.0000,5057,2949.4387,0.0000,998,997,998,1,59.3450
50580.0000,5058,2949.4484,0.0000,1000,999,1000,1,59.5309
50590.0000,5059,2949.4581,0.0000,999,1000,1000,1,59.4807
50600.0000,5060,2949.4680,0.0000,999,1000,999,1,59.4301
50610.0000,5061,2949.4779,0.0000,999,1000,1000,1,59.6160
50620.0000,5062,2949.4877,0.0000,999,1000,1000,1,59.6832
50630.0000,5063,2949.4975,0.0000,1000,1000,1000,1,59.8689
50640.0000,5064,2949.5074,0.0000,1000,1000,1000,1,59.8178
50650.0000,5065,2949.5171,0.0000,999,1000,1000,1,59.8851
50660.0000,5066,2949.5270,0.0000,999,999,999,1,59.8336
50670.0000,5067,2949.5369,0.0000,1000,1000,1000,1,60.0191
50680.0000,5068,2949.5467,0.0000,999,999,1000,1,60.0859
50690.0000,5069,2949.5563,0.0000,999,1000,999,1,59.7978
50700.0000,5070,2949.5661,0.0000,1000,1000,1000,1,59.8653
50710.0000,5071,2949.5759,0.0000,1000,1000,999,1,59.9327
50720.0000,5072,2949.5857,0.0000,999,1000,1000,1,60.1180
50730.0000,5073,2949.5955,0.0000,1000,1000,1000,1,60.1850
50740.0000,5074,2949.6053,0.0000,999,1000,1000,1,60.2518
50750.0000,5075,2949.6150,0.0000,1000,1000,1000,1,60.3185
50760.0000,5076,2949.6247,0.0000,999,1000,1000,1,60.3851
50770.0000,5077,2949.6344,0.0000,1000,1000,1000,1,60.2145
50780.0000,5078,2949.6443,0.0000,999,1000,1000,1,60.3996
50790.0000,5079,2949.6535,0.0000,999,999,1000,1,59.7553
50800.0000,5080,2949.6632,0.0000,999,1000,1000,1,59.7039
50810.0000,5081,2949.6728,0.0000,999,1000,1000,1,59.6527
50820.0000,5082,2949.6825,0.0000,999,999,1000,1,59.7198
50830.0000,5083,2949.6921,0.0000,999,1000,1000,1,59.5512
50840.0000,5084,2949.7018,0.0000,999,1000,1000,1,59.7362
50850.0000,5085,2949.7115,0.0000,999,999,1000,1,59.8032
50860.0000,5086,2949.7212,0.0000,1000,1000,1000,1,59.8700
50870.0000,5087,2949.7309,0.0000,1000,999,1000,1,59.8185
50880.0000,5088,2949.7405,0.0000,1000,1000,1000,1,59.7677
50890.0000,5089,2949.7502,0.0000,1000,1000,1000,1,59.5987
50900.0000,5090,2949.7599,0.0000,1000,1000,1000,1,59.6658
50910.0000,5091,2949.7696,0.0000,1000,1000,1000,1,59.7327
50920.0000,5092,2949.7794,0.0000,999,999,1000,1,59.9174
50930.0000,5093,2949.7890,0.0000,999,999,999,1,59.7480
50940.0000,5094,2949.7985,0.0000,1000,1000,1000,1,59.5789
50950.0000,5095,2949.8083,0.0000,999,999,1000,1,59.7635
50960.0000,5096,2949.8180,0.0000,1000,1000,1000,1,59.7123
50970.0000,5097,2949.8277,0.0000,1000,1000,1000,1,59.6609
50980.0000,5098,2949.8373,0.0000,999,999,1000,1,59.7274
50990.0000,5099,2949.8468,0.0000,998,999,999,1,59.4406
51000.0000,5100,2949.8561,0.0000,999,1000,1000,1,59.3895
51010.0000,5101,2949.8657,0.0000,1000,999,1000,1,59.3383
51020.0000,5102,2949.8754,0.0000,1000,999,1000,1,59.4048
51030.0000,5103,2949.8851,0.0000,1000,999,1000,1,59.5891
51040.0000,5104,2949.8947,0.0000,1000,1000,1000,1,59.6552
51050.0000,5105,2949.9044,0.0000,1000,1000,1000,1,59.7214
51060.0000,5106,2949.9139,0.0000,1000,998,999,1,59.6692
51070.0000,5107,2949.9234,0.0000,999,1000,1000,1,59.7354
51080.0000,5108,2949.9328,0.0000,998,998,1000,1,59.3305
51090.0000,5109,2949.9422,0.0000,1000,999,999,1,59.0446
51100.0000,5110,2949.9518,0.0000,999,999,1000,1,58.9942
51110.0000,5111,2949.9615,0.0000,1000,1000,1000,1,59.1783
51120.0000,5112,2949.9709,0.0000,997,998,997,1,58.7757
51130.0000,5113,2949.9800,0.0000,999,999,1000,1,58.8423
51140.0000,5114,2949.9896,0.0000,1000,1000,1000,1,58.7930
51150.0000,5115,2949.9992,0.0000,1000,1000,1000,1,58.8604
51160.0000,5116,2950.0089,0.0000,999,1000,1000,1,59.0443
51170.0000,5117,2950.0185,0.0000,999,999,999,1,59.1111
51180.0000,5118,2950.0281,0.0000,999,1000,999,1,59.0609
51190.0000,5119,2950.0376,0.0000,1000,1000,1000,1,59.0109
51200.0000,5120,2950.0471,0.0000,999,999,1000,1,59.0779
51210.0000,5121,2950.0566,0.0000,999,1000,1000,1,58.9117
51220.0000,5122,2950.0658,0.0000,999,1000,1000,1,58.6296
51230.0000,5123,2950.0753,0.0000,999,1000,1000,1,58.5807
51240.0000,5124,2950.0846,0.0000,1000,998,1000,1,58.4153
51250.0000,5125,2950.0942,0.0000,999,1000,1000,1,58.5990
51260.0000,5126,2950.1038,0.0000,1000,1000,1000,1,58.6660
51270.0000,5127,2950.1133,0.0000,999,1000,1000,1,58.8496
51280.0000,5128,2950.1228,0.0000,998,998,999,1,58.9162
51290.0000,5129,2950.1322,0.0000,1000,1000,1000,1,58.8660
51300.0000,5130,2950.1417,0.0000,1000,1000,1000,1,58.9327
51310.0000,5131,2950.1513,0.0000,999,999,1000,1,59.1161
51320.0000,5132,2950.1609,0.0000,1000,1000,1000,1,59.1824
51330.0000,5133,2950.1705,0.0000,1000,1000,1000,1,59.2486
51340.0000,5134,2950.1801,0.0000,999,1000,1000,1,59.4318
51350.0000,5135,2950.1893,0.0000,999,1000,1000,1,59.0307
51360.0000,5136,2950.1987,0.0000,998,998,999,1,58.8653
51370.0000,5137,2950.2081,0.0000,1000,1000,1000,1,58.8163
51380.0000,5138,2950.2176,0.0000,1000,1000,1000,1,58.7673
51390.0000,5139,2950.2272,0.0000,1000,1000,1000,1,58.9504
51400.0000,5140,2950.2366,0.0000,1000,1000,1000,1,58.7846
51410.0000,5141,2950.2462,0.0000,999,1000,1000,1,58.9677
51420.0000,5142,2950.2558,0.0000,999,1000,1000,1,59.1507
51430.0000,5143,2950.2653,0.0000,999,999,1000,1,59.3337
51440.0000,5144,2950.2747,0.0000,999,1000,1000,1,59.1666
51450.0000,5145,2950.2843,0.0000,1000,1000,1000,1,59.3495
51460.0000,5146,2950.2937,0.0000,1000,999,1000,1,59.4156
51470.0000,5147,2950.3032,0.0000,999,1000,1000,1,59.3647
51480.0000,5148,2950.3126,0.0000,1000,1000,1000,1,59.3136
51490.0000,5149,2950.3218,0.0000,998,998,998,1,59.0288
51500.0000,5150,2950.3310,0.0000,999,1000,999,1,58.6298
51510.0000,5151,2950.3406,0.0000,999,1000,1000,1,58.8126
51520.0000,5152,2950.3500,0.0000,999,1000,1000,1,58.8793
51530.0000,5153,2950.3594,0.0000,999,1000,1000,1,58.9458
51540.0000,5154,2950.3688,0.0000,1000,1000,1000,1,58.8961
51550.0000,5155,2950.3782,0.0000,999,1000,1000,1,58.9626
51560.0000,5156,2950.3877,0.0000,999,1000,1000,1,59.1451
51570.0000,5157,2950.3973,0.0000,999,1000,1000,1,59.3275
51580.0000,5158,2950.4066,0.0000,999,999,1000,1,59.3932
51590.0000,5159,2950.4160,0.0000,999,999,1000,1,59.3423
51600.0000,5160,2950.4253,0.0000,1000,1000,1000,1,59.2913
51610.0000,5161,2950.4347,0.0000,999,999,1000,1,59.4736
51620.0000,5162,2950.4442,0.0000,1000,1000,1000,1,59.5390
51630.0000,5163,2950.4536,0.0000,1000,1000,1000,1,59.7212
51640.0000,5164,2950.4630,0.0000,1000,1000,999,1,59.7860
51650.0000,5165,2950.4724,0.0000,1000,1000,1000,1,59.9680
51660.0000,5166,2950.4818,0.0000,999,999,1000,1,59.9152
51670.0000,5167,2950.4910,0.0000,999,999,1000,1,59.7452
51680.0000,5168,2950.5004,0.0000,1000,1000,1000,1,59.8099
51690.0000,5169,2950.5099,0.0000,1000,1000,1000,1,59.9918
51700.0000,5170,2950.5193,0.0000,1000,1000,1000,1,60.0561
51710.0000,5171,2950.5288,0.0000,999,999,1000,1,60.2379
51720.0000,5172,2950.5382,0.0000,999,999,1000,1,60.0667
51730.0000,5173,2950.5474,0.0000,1000,1000,1000,1,59.7786
51740.0000,5174,2950.5566,0.0000,1000,999,1000,1,59.6094
51750.0000,5175,2950.5660,0.0000,999,1000,1000,1,59.3249
51760.0000,5176,2950.5754,0.0000,1000,1000,1000,1,59.5066
51770.0000,5177,2950.5846,0.0000,999,999,999,1,59.1047
51780.0000,5178,2950.5938,0.0000,999,999,999,1,59.0532
51790.0000,5179,2950.6030,0.0000,1000,999,1000,1,59.0015
51800.0000,5180,2950.6124,0.0000,1000,1000,1000,1,59.0664
51810.0000,5181,2950.6219,0.0000,1000,1000,1000,1,59.2480
51820.0000,5182,2950.6312,0.0000,1000,1000,1000,1,59.1952
51830.0000,5183,2950.6406,0.0000,999,1000,1000,1,59.2595
51840.0000,5184,2950.6499,0.0000,999,999,1000,1,59.3235
51850.0000,5185,2950.6593,0.0000,1000,1000,1000,1,59.5050
51860.0000,5186,2950.6687,0.0000,999,1000,1000,1,59.6863
51870.0000,5187,2950.6781,0.0000,999,1000,1000,1,59.6322
51880.0000,5188,2950.6874,0.0000,1000,1000,1000,1,59.6957
51890.0000,5189,2950.6968,0.0000,1000,1000,1000,1,59.8769
51900.0000,5190,2950.7061,0.0000,1000,1000,1000,1,59.9399
51910.0000,5191,2950.7154,0.0000,999,1000,999,1,59.8845
51920.0000,5192,2950.7243,0.0000,999,999,1000,1,59.5961
51930.0000,5193,2950.7337,0.0000,999,1000,1000,1,59.7772
51940.0000,5194,2950.7430,0.0000,999,1000,1000,1,59.6076
51950.0000,5195,2950.7523,0.0000,1000,1000,1000,1,59.7886
51960.0000,5196,2950.7616,0.0000,998,999,1000,1,59.8525
51970.0000,5197,2950.7708,0.0000,999,1000,1000,1,59.5652
51980.0000,5198,2950.7801,0.0000,1000,1000,1000,1,59.3947
51990.0000,5199,2950.7894,0.0000,1000,1000,1000,1,59.3415
52000.0000,5200,2950.7986,0.0000,999,999,1000,1,59.2881
52010.0000,5201,2950.8078,0.0000,998,999,999,1,59.3516
52020.0000,5202,2950.8169,0.0000,998,1000,1000,1,59.0627
52030.0000,5203,2950.8259,0.0000,1000,1000,1000,1,58.8923
52040.0000,5204,2950.8352,0.0000,999,999,1000,1,58.9562
52050.0000,5205,2950.8444,0.0000,1000,1000,999,1,58.9031
52060.0000,5206,2950.8536,0.0000,998,999,999,1,58.8500
52070.0000,5207,2950.8628,0.0000,999,1000,1000,1,59.0307
52080.0000,5208,2950.8721,0.0000,999,999,1000,1,58.9771
52090.0000,5209,2950.8812,0.0000,1000,1000,1000,1,58.9237
52100.0000,5210,2950.8904,0.0000,999,1000,999,1,58.8706
52110.0000,5211,2950.8997,0.0000,1000,1000,1000,1,58.9343
52120.0000,5212,2950.9089,0.0000,1000,1000,1000,1,58.9978
52130.0000,5213,2950.9182,0.0000,999,999,1000,1,59.0611
52140.0000,5214,2950.9274,0.0000,998,998,1000,1,59.0069
52150.0000,5215,2950.9365,0.0000,998,998,999,1,58.8360
52160.0000,5216,2950.9455,0.0000,998,999,1000,1,58.6658
52170.0000,5217,2950.9546,0.0000,998,1000,1000,1,58.4957
52180.0000,5218,2950.9639,0.0000,1000,1000,1000,1,58.6761
52190.0000,5219,2950.9729,0.0000,998,999,1000,1,58.5055
52200.0000,5220,2950.9819,0.0000,999,999,999,1,58.4521
52210.0000,5221,2950.9912,0.0000,1000,999,1000,1,58.6324
52220.0000,5222,2951.0002,0.0000,999,1000,1000,1,58.4613
52230.0000,5223,2951.0094,0.0000,1000,1000,999,1,58.5244
52240.0000,5224,2951.0183,0.0000,1000,1000,1000,1,58.2363
52250.0000,5225,2951.0277,0.0000,1000,1000,1000,1,58.4166
52260.0000,5226,2951.0369,0.0000,999,1000,1000,1,58.5967
52270.0000,5227,2951.0459,0.0000,999,1000,1000,1,58.4252
52280.0000,5228,2951.0550,0.0000,1000,1000,1000,1,58.3709
52290.0000,5229,2951.0640,0.0000,999,1000,1000,1,58.1992
52300.0000,5230,2951.0732,0.0000,998,999,1000,1,58.2619
52310.0000,5231,2951.0823,0.0000,1000,999,1000,1,58.2074
52320.0000,5232,2951.0915,0.0000,1000,1000,1000,1,58.2701
52330.0000,5233,2951.1006,0.0000,999,999,999,1,58.0980
52340.0000,5234,2951.1098,0.0000,999,999,999,1,58.1606
52350.0000,5235,2951.1184,0.0000,999,1000,1000,1,57.9884
52360.0000,5236,2951.1275,0.0000,1000,999,1000,1,57.9344
52370.0000,5237,2951.1366,0.0000,999,999,1000,1,57.8801
52380.0000,5238,2951.1457,0.0000,1000,1000,1000,1,57.8258
52390.0000,5239,2951.1549,0.0000,999,1000,1000,1,58.0057
52400.0000,5240,2951.1641,0.0000,999,999,1000,1,58.1854
52410.0000,5241,2951.1733,0.0000,1000,1000,1000,1,58.3651
52420.0000,5242,2951.1823,0.0000,1000,1000,1000,1,58.3097
52430.0000,5243,2951.1915,0.0000,1000,999,1000,1,58.3716
52440.0000,5244,2951.2006,0.0000,1000,1000,1000,1,58.4333
52450.0000,5245,2951.2098,0.0000,1000,1000,1000,1,58.4950
52460.0000,5246,2951.2187,0.0000,1000,1000,1000,1,58.5563
52470.0000,5247,2951.2279,0.0000,999,1000,1000,1,58.6177
52480.0000,5248,2951.2370,0.0000,1000,1000,1000,1,58.6787
52490.0000,5249,2951.2462,0.0000,999,999,1000,1,58.8580
52500.0000,5250,2951.2551,0.0000,998,999,999,1,58.6824
52510.0000,5251,2951.2641,0.0000,998,999,1000,1,58.3891
52520.0000,5252,2951.2731,0.0000,1000,1000,1000,1,58.0972
52530.0000,5253,2951.2821,0.0000,999,1000,1000,1,58.1590
52540.0000,5254,2951.2912,0.0000,1000,1000,1000,1,58.2207
52550.0000,5255,2951.3001,0.0000,999,999,999,1,58.0468
52560.0000,5256,2951.3091,0.0000,999,999,1000,1,57.9917
52570.0000,5257,2951.3182,0.0000,999,999,1000,1,57.7064
52580.0000,5258,2951.3269,0.0000,999,999,1000,1,57.5384
52590.0000,5259,2951.3359,0.0000,1000,999,1000,1,57.6019
52600.0000,5260,2951.3447,0.0000,1000,1000,999,1,57.3196
52610.0000,5261,2951.3538,0.0000,1000,999,1000,1,57.3835
52620.0000,5262,2951.3626,0.0000,999,1000,999,1,56.9878
52630.0000,5263,2951.3717,0.0000,999,1000,1000,1,57.0523
52640.0000,5264,2951.3808,0.0000,999,1000,1000,1,57.0019
52650.0000,5265,2951.3899,0.0000,999,1000,1000,1,57.1810
52660.0000,5266,2951.3989,0.0000,1000,1000,1000,1,57.1305
52670.0000,5267,2951.4080,0.0000,999,999,1000,1,57.3095
52680.0000,5268,2951.4171,0.0000,999,1000,1000,1,57.3737
52690.0000,5269,2951.4262,0.0000,1000,1000,1000,1,57.5526
52700.0000,5270,2951.4351,0.0000,999,1000,999,1,57.2709
52710.0000,5271,2951.4442,0.0000,999,999,1000,1,57.4497
52720.0000,5272,2951.4533,0.0000,1000,1000,1000,1,57.3987
52730.0000,5273,2951.4624,0.0000,999,1000,1000,1,57.4626
52740.0000,5274,2951.4713,0.0000,1000,999,999,1,57.2967
52750.0000,5275,2951.4802,0.0000,999,1000,1000,1,57.3607
52760.0000,5276,2951.4892,0.0000,1000,1000,1000,1,57.3101
52770.0000,5277,2951.4980,0.0000,999,1000,999,1,56.9170
52780.0000,5278,2951.5070,0.0000,1000,1000,1000,1,57.0957
52790.0000,5279,2951.5161,0.0000,1000,1000,1000,1,57.2743
52800.0000,5280,2951.5252,0.0000,999,1000,1000,1,57.4528
52810.0000,5281,2951.5341,0.0000,1000,1000,1000,1,57.0589
52820.0000,5282,2951.5429,0.0000,1000,1000,1000,1,56.8945
52830.0000,5283,2951.5520,0.0000,1000,1000,1000,1,57.0730
52840.0000,5284,2951.5612,0.0000,999,1000,1000,1,57.2514
52850.0000,5285,2951.5702,0.0000,1000,1000,1000,1,57.2016
52860.0000,5286,2951.5791,0.0000,999,1000,999,1,56.9253
52870.0000,5287,2951.5879,0.0000,999,1000,1000,1,56.7651
52880.0000,5288,2951.5969,0.0000,1000,1000,1000,1,56.9434
52890.0000,5289,2951.6059,0.0000,1000,1000,1000,1,56.8956
52900.0000,5290,2951.6148,0.0000,1000,1000,1000,1,56.8477
52910.0000,5291,2951.6238,0.0000,1000,999,1000,1,56.9130
52920.0000,5292,2951.6327,0.0000,1000,1000,1000,1,57.0912
52930.0000,5293,2951.6409,0.0000,998,998,997,1,56.5903
52940.0000,5294,2951.6497,0.0000,999,999,1000,1,56.6553
52950.0000,5295,2951.6587,0.0000,999,999,1000,1,56.8335
52960.0000,5296,2951.6677,0.0000,999,1000,1000,1,57.0115
52970.0000,5297,2951.6764,0.0000,999,1000,999,1,56.6240
52980.0000,5298,2951.6853,0.0000,1000,1000,1000,1,56.5769
52990.0000,5299,2951.6942,0.0000,999,1000,1000,1,56.6424
53000.0000,5300,2951.7032,0.0000,999,1000,1000,1,56.7078
53010.0000,5301,2951.7122,0.0000,999,1000,999,1,56.6601
53020.0000,5302,2951.7211,0.0000,1000,1000,1000,1,56.7251
53030.0000,5303,2951.7300,0.0000,1000,1000,1000,1,56.9029
53040.0000,5304,2951.7388,0.0000,999,1000,999,1,56.7416
53050.0000,5305,2951.7476,0.0000,999,1000,1000,1,56.6944
53060.0000,5306,2951.7566,0.0000,999,1000,1000,1,56.7599
53070.0000,5307,2951.7654,0.0000,998,998,998,1,56.6016
53080.0000,5308,2951.7740,0.0000,999,999,999,1,56.5555
53090.0000,5309,2951.7828,0.0000,999,1000,1000,1,56.6215
53100.0000,5310,2951.7916,0.0000,999,1000,1000,1,56.4650
53110.0000,5311,2951.8003,0.0000,1000,999,1000,1,56.4205
53120.0000,5312,2951.8093,0.0000,1000,1000,1000,1,56.5981
53130.0000,5313,2951.8183,0.0000,1000,1000,1000,1,56.7757
53140.0000,5314,2951.8273,0.0000,1000,1000,1000,1,56.9532
53150.0000,5315,2951.8358,0.0000,998,1000,1000,1,56.7960
53160.0000,5316,2951.8447,0.0000,1000,999,1000,1,56.7505
53170.0000,5317,2951.8536,0.0000,999,999,1000,1,56.8164
53180.0000,5318,2951.8624,0.0000,999,999,999,1,56.7708
53190.0000,5319,2951.8711,0.0000,999,999,1000,1,56.7257
53200.0000,5320,2951.8801,0.0000,1000,999,1000,1,56.7916
53210.0000,5321,2951.8888,0.0000,1000,1000,1000,1,56.6344
53220.0000,5322,2951.8976,0.0000,1000,999,1000,1,56.5885
53230.0000,5323,2951.9065,0.0000,999,1000,1000,1,56.5430
53240.0000,5324,2951.9153,0.0000,1000,1000,1000,1,56.4978
53250.0000,5325,2951.9242,0.0000,1000,1000,1000,1,56.5637
53260.0000,5326,2951.9329,0.0000,999,1000,1000,1,56.5180
53270.0000,5327,2951.9416,0.0000,1000,999,999,1,56.3605
53280.0000,5328,2951.9502,0.0000,1000,1000,1000,1,56.2030
53290.0000,5329,2951.9591,0.0000,998,999,999,1,56.1567
53300.0000,5330,2951.9678,0.0000,999,1000,1000,1,55.8869
53310.0000,5331,2951.9766,0.0000,999,1000,1000,1,55.9522
53320.0000,5332,2951.9854,0.0000,1000,1000,1000,1,56.1293
53330.0000,5333,2951.9942,0.0000,1000,1000,1000,1,55.9711
53340.0000,5334,2952.0028,0.0000,999,999,1000,1,55.9251
53350.0000,5335,2952.0117,0.0000,999,999,999,1,55.9908
53360.0000,5336,2952.0203,0.0000,1000,1000,999,1,55.8341
53370.0000,5337,2952.0292,0.0000,999,1000,1000,1,55.7887
53380.0000,5338,2952.0380,0.0000,999,1000,1000,1,55.8543
53390.0000,5339,2952.0466,0.0000,999,1000,1000,1,55.6993
53400.0000,5340,2952.0554,0.0000,999,999,1000,1,55.7659
53410.0000,5341,2952.0642,0.0000,999,999,1000,1,55.9427
53420.0000,5342,2952.0727,0.0000,1000,1000,999,1,55.6775
53430.0000,5343,2952.0815,0.0000,999,1000,1000,1,55.8543
53440.0000,5344,2952.0903,0.0000,999,1000,1000,1,55.9203
53450.0000,5345,2952.0990,0.0000,1000,999,1000,1,55.8755
53460.0000,5346,2952.1079,0.0000,1000,1000,1000,1,55.9413
53470.0000,5347,2952.1167,0.0000,1000,1000,999,1,56.0068
53480.0000,5348,2952.1253,0.0000,998,998,1000,1,55.9614
53490.0000,5349,2952.1340,0.0000,1000,999,1000,1,55.9158
53500.0000,5350,2952.1428,0.0000,999,1000,1000,1,55.9811
53510.0000,5351,2952.1515,0.0000,999,999,1000,1,56.0462
53520.0000,5352,2952.1599,0.0000,999,1000,1000,1,56.0002
53530.0000,5353,2952.1687,0.0000,1000,1000,1000,1,56.1765
53540.0000,5354,2952.1775,0.0000,999,999,1000,1,56.3528
53550.0000,5355,2952.1862,0.0000,999,1000,1000,1,56.3061
53560.0000,5356,2952.1949,0.0000,999,1000,1000,1,56.4823
53570.0000,5357,2952.2036,0.0000,999,1000,999,1,56.5469
53580.0000,5358,2952.2125,0.0000,999,1000,1000,1,56.6114
53590.0000,5359,2952.2213,0.0000,999,999,1000,1,56.5643
53600.0000,5360,2952.2299,0.0000,999,1000,1000,1,56.5172
53610.0000,5361,2952.2386,0.0000,1000,1000,1000,1,56.4701
53620.0000,5362,2952.2474,0.0000,1000,1000,1000,1,56.5345
53630.0000,5363,2952.2562,0.0000,1000,1000,1000,1,56.5988
53640.0000,5364,2952.2648,0.0000,1000,1000,1000,1,56.6630
53650.0000,5365,2952.2737,0.0000,1000,1000,1000,1,56.8388
53660.0000,5366,2952.2823,0.0000,999,1000,1000,1,56.7908
53670.0000,5367,2952.2910,0.0000,999,1000,1000,1,56.7433
53680.0000,5368,2952.2997,0.0000,999,999,999,1,56.8072
53690.0000,5369,2952.3082,0.0000,999,999,1000,1,56.7592
53700.0000,5370,2952.3169,0.0000,999,999,1000,1,56.5996
53710.0000,5371,2952.3254,0.0000,999,999,1000,1,56.5517
53720.0000,5372,2952.3341,0.0000,999,1000,1000,1,56.5042
53730.0000,5373,2952.3427,0.0000,1000,999,1000,1,56.5684
53740.0000,5374,2952.3514,0.0000,999,999,999,1,56.6325
53750.0000,5375,2952.3600,0.0000,1000,1000,1000,1,56.8079
53760.0000,5376,2952.3688,0.0000,999,1000,1000,1,56.9834
53770.0000,5377,2952.3775,0.0000,1000,1000,1000,1,56.9353
53780.0000,5378,2952.3861,0.0000,999,999,1000,1,56.8869
53790.0000,5379,2952.3947,0.0000,999,999,1000,1,56.9503
53800.0000,5380,2952.4034,0.0000,1000,1000,1000,1,57.1256
53810.0000,5381,2952.4121,0.0000,1000,999,1000,1,57.1888
53820.0000,5382,2952.4207,0.0000,999,1000,1000,1,57.2518
53830.0000,5383,2952.4294,0.0000,1000,999,1000,1,57.3147
53840.0000,5384,2952.4380,0.0000,1000,999,1000,1,57.2654
53850.0000,5385,2952.4466,0.0000,999,1000,1000,1,57.3282
53860.0000,5386,2952.4553,0.0000,1000,1000,1000,1,57.3910
53870.0000,5387,2952.4640,0.0000,1000,999,999,1,57.4536
53880.0000,5388,2952.4727,0.0000,999,999,1000,1,57.5159
53890.0000,5389,2952.4814,0.0000,1000,1000,1000,1,57.6908
53900.0000,5390,2952.4902,0.0000,1000,1000,1000,1,57.8656
53910.0000,5391,2952.4988,0.0000,999,1000,1000,1,58.0404
53920.0000,5392,2952.5075,0.0000,1000,1000,1000,1,58.2151
53930.0000,5393,2952.5162,0.0000,1000,1000,1000,1,58.2765
53940.0000,5394,2952.5248,0.0000,1000,1000,1000,1,58.3378
53950.0000,5395,2952.5334,0.0000,999,1000,1000,1,58.3989
53960.0000,5396,2952.5421,0.0000,1000,1000,1000,1,58.4600
53970.0000,5397,2952.5508,0.0000,1000,1000,1000,1,58.6345
53980.0000,5398,2952.5595,0.0000,999,999,999,1,58.6952
53990.0000,5399,2952.5682,0.0000,999,999,1000,1,58.8695
54000.0000,5400,2952.5768,0.0000,999,1000,1000,1,58.8164
54010.0000,5401,2952.5852,0.0000,999,999,999,1,58.6495
54020.0000,5402,2952.5937,0.0000,1000,1000,1000,1,58.5961
54030.0000,5403,2952.6024,0.0000,999,1000,1000,1,58.7703
54040.0000,5404,2952.6110,0.0000,1000,1000,1000,1,58.8306
54050.0000,5405,2952.6196,0.0000,1000,1000,1000,1,58.7768
54060.0000,5406,2952.6281,0.0000,999,1000,1000,1,58.7235
54070.0000,5407,2952.6366,0.0000,1000,1000,999,1,58.6705
54080.0000,5408,2952.6452,0.0000,1000,1000,1000,1,58.7310
54090.0000,5409,2952.6539,0.0000,1000,1000,1000,1,58.9050
54100.0000,5410,2952.6625,0.0000,999,999,999,1,58.7374
54110.0000,5411,2952.6704,0.0000,999,1000,1000,1,58.4566
54120.0000,5412,2952.6789,0.0000,999,999,1000,1,58.5168
54130.0000,5413,2952.6871,0.0000,999,1000,1000,1,58.2352
54140.0000,5414,2952.6954,0.0000,1000,999,1000,1,57.8394
54150.0000,5415,2952.7040,0.0000,999,1000,999,1,57.7857
54160.0000,5416,2952.7126,0.0000,1000,1000,1000,1,57.8459
54170.0000,5417,2952.7213,0.0000,1000,1000,1000,1,58.0198
54180.0000,5418,2952.7298,0.0000,1000,1000,1000,1,57.9660
54190.0000,5419,2952.7384,0.0000,999,999,999,1,57.7981
54200.0000,5420,2952.7470,0.0000,999,1000,1000,1,57.8580
54210.0000,5421,2952.7555,0.0000,1000,1000,1000,1,57.8040
54220.0000,5422,2952.7640,0.0000,1000,1000,1000,1,57.6361
54230.0000,5423,2952.7724,0.0000,998,998,998,1,57.3545
54240.0000,5424,2952.7806,0.0000,999,1000,1000,1,57.3010
54250.0000,5425,2952.7891,0.0000,1000,1000,1000,1,57.4748
54260.0000,5426,2952.7975,0.0000,999,1000,1000,1,57.3076
54270.0000,5427,2952.8060,0.0000,999,1000,1000,1,57.3679
54280.0000,5428,2952.8145,0.0000,1000,1000,1000,1,57.4281
54290.0000,5429,2952.8231,0.0000,1000,1000,1000,1,57.3746
54300.0000,5430,2952.8315,0.0000,999,999,999,1,57.3212
54310.0000,5431,2952.8398,0.0000,998,998,999,1,57.0415
54320.0000,5432,2952.8483,0.0000,1000,1000,1000,1,56.8764
54330.0000,5433,2952.8569,0.0000,1000,1000,1000,1,57.0500
54340.0000,5434,2952.8654,0.0000,999,999,1000,1,56.9976
54350.0000,5435,2952.8740,0.0000,1000,1000,1000,1,57.1711
54360.0000,5436,2952.8826,0.0000,999,1000,1000,1,57.2313
54370.0000,5437,2952.8912,0.0000,999,1000,1000,1,57.4047
54380.0000,5438,2952.8997,0.0000,999,1000,1000,1,57.5781
54390.0000,5439,2952.9082,0.0000,1000,1000,1000,1,57.5250
54400.0000,5440,2952.9165,0.0000,999,999,1000,1,57.2455
54410.0000,5441,2952.9251,0.0000,999,1000,1000,1,57.4188
54420.0000,5442,2952.9336,0.0000,999,1000,1000,1,57.4788
54430.0000,5443,2952.9420,0.0000,999,999,1000,1,57.5387
54440.0000,5444,2952.9504,0.0000,999,999,1000,1,57.4854
54450.0000,5445,2952.9589,0.0000,999,1000,1000,1,57.6585
54460.0000,5446,2952.9674,0.0000,999,1000,1000,1,57.7184
54470.0000,5447,2952.9757,0.0000,999,1000,1000,1,57.6649
54480.0000,5448,2952.9842,0.0000,999,999,1000,1,57.8379
54490.0000,5449,2952.9927,0.0000,999,999,1000,1,57.8973
54500.0000,5450,2953.0009,0.0000,998,1000,1000,1,57.7295
54510.0000,5451,2953.0094,0.0000,999,1000,1000,1,57.7890
54520.0000,5452,2953.0179,0.0000,1000,1000,999,1,57.8481
54530.0000,5453,2953.0264,0.0000,999,999,1000,1,58.0209
54540.0000,5454,2953.0347,0.0000,1000,999,1000,1,58.0798
54550.0000,5455,2953.0429,0.0000,1000,1000,1000,1,58.0248
54560.0000,5456,2953.0514,0.0000,1000,1000,1000,1,58.0835
54570.0000,5457,2953.0598,0.0000,1000,1000,1000,1,58.1422
54580.0000,5458,2953.0683,0.0000,1000,999,1000,1,58.3148
54590.0000,5459,2953.0765,0.0000,999,999,1000,1,58.2592
54600.0000,5460,2953.0847,0.0000,1000,1000,1000,1,58.2038
54610.0000,5461,2953.0931,0.0000,999,999,1000,1,58.0347
54620.0000,5462,2953.1016,0.0000,1000,1000,1000,1,58.2072
54630.0000,5463,2953.1100,0.0000,1000,1000,1000,1,58.2656
54640.0000,5464,2953.1183,0.0000,1000,1000,1000,1,58.0957
54650.0000,5465,2953.1266,0.0000,1000,999,1000,1,58.2680
54660.0000,5466,2953.1350,0.0000,998,999,1000,1,58.2115
54670.0000,5467,2953.1433,0.0000,1000,1000,1000,1,58.2694
54680.0000,5468,2953.1514,0.0000,998,999,1000,1,58.0985
54690.0000,5469,2953.1598,0.0000,1000,1000,1000,1,58.1563
54700.0000,5470,2953.1683,0.0000,1000,1000,1000,1,58.2139
54710.0000,5471,2953.1767,0.0000,1000,1000,1000,1,58.1571
54720.0000,5472,2953.1851,0.0000,1000,1000,1000,1,58.1007
54730.0000,5473,2953.1936,0.0000,1000,1000,1000,1,58.2728
54740.0000,5474,2953.2019,0.0000,998,999,999,1,58.2156
54750.0000,5475,2953.2102,0.0000,999,1000,1000,1,58.1590
54760.0000,5476,2953.2186,0.0000,999,999,999,1,58.1027
54770.0000,5477,2953.2269,0.0000,999,1000,999,1,57.9330
54780.0000,5478,2953.2351,0.0000,998,998,1000,1,57.8776
54790.0000,5479,2953.2435,0.0000,1000,1000,1000,1,58.0495
54800.0000,5480,2953.2517,0.0000,999,999,1000,1,57.9940
54810.0000,5481,2953.2601,0.0000,999,1000,1000,1,58.0521
54820.0000,5482,2953.2684,0.0000,1000,999,1000,1,58.1101
54830.0000,5483,2953.2768,0.0000,1000,1000,999,1,57.9402
54840.0000,5484,2953.2851,0.0000,999,999,1000,1,57.8846
54850.0000,5485,2953.2933,0.0000,999,999,1000,1,57.8291
54860.0000,5486,2953.3016,0.0000,998,998,1000,1,57.7736
54870.0000,5487,2953.3097,0.0000,999,1000,1000,1,57.6049
54880.0000,5488,2953.3180,0.0000,1000,1000,1000,1,57.6631
54890.0000,5489,2953.3264,0.0000,1000,1000,1000,1,57.8348
54900.0000,5490,2953.3348,0.0000,999,1000,1000,1,58.0064
54910.0000,5491,2953.3431,0.0000,999,1000,1000,1,57.8365
54920.0000,5492,2953.3514,0.0000,999,999,1000,1,57.4391
54930.0000,5493,2953.3596,0.0000,999,999,1000,1,57.2714
54940.0000,5494,2953.3679,0.0000,999,999,1000,1,57.2173
54950.0000,5495,2953.3762,0.0000,1000,1000,1000,1,57.1631
54960.0000,5496,2953.3845,0.0000,1000,1000,1000,1,57.2216
54970.0000,5497,2953.3928,0.0000,999,1000,1000,1,57.3931
54980.0000,5498,2953.4012,0.0000,999,1000,1000,1,57.4512
54990.0000,5499,2953.4095,0.0000,999,999,1000,1,57.6226
55000.0000,5500,2953.4178,0.0000,1000,999,1000,1,57.6806
55010.0000,5501,2953.4262,0.0000,999,1000,1000,1,57.8519
55020.0000,5502,2953.4344,0.0000,1000,1000,1000,1,57.6822
55030.0000,5503,2953.4428,0.0000,1000,1000,1000,1,57.8534
55040.0000,5504,2953.4509,0.0000,999,999,1000,1,57.7973
55050.0000,5505,2953.4591,0.0000,1000,1000,1000,1,57.8546
55060.0000,5506,2953.4673,0.0000,1000,1000,999,1,57.9118
55070.0000,5507,2953.4755,0.0000,998,998,999,1,57.9688
55080.0000,5508,2953.4837,0.0000,1000,1000,1000,1,58.0258
55090.0000,5509,2953.4919,0.0000,999,999,999,1,58.0826
55100.0000,5510,2953.5002,0.0000,999,1000,1000,1,58.0251
55110.0000,5511,2953.5085,0.0000,1000,1000,1000,1,58.1961
55120.0000,5512,2953.5167,0.0000,1000,1000,1000,1,58.0244
55130.0000,5513,2953.5248,0.0000,999,999,1000,1,57.9673
55140.0000,5514,2953.5330,0.0000,998,999,999,1,57.9103
55150.0000,5515,2953.5410,0.0000,1000,999,999,1,57.6264
55160.0000,5516,2953.5493,0.0000,1000,1000,1000,1,57.7972
55170.0000,5517,2953.5576,0.0000,999,999,1000,1,57.9680
55180.0000,5518,2953.5659,0.0000,1000,1000,1000,1,58.0248
55190.0000,5519,2953.5739,0.0000,1000,1000,1000,1,58.0813
55200.0000,5520,2953.5822,0.0000,1000,1000,1000,1,58.1378
55210.0000,5521,2953.5902,0.0000,1000,1000,1000,1,57.9663
55220.0000,5522,2953.5985,0.0000,999,1000,1000,1,58.0230
55230.0000,5523,2953.6066,0.0000,1000,1000,1000,1,57.7381
55240.0000,5524,2953.6150,0.0000,999,1000,1000,1,57.9086
55250.0000,5525,2953.6232,0.0000,999,1000,1000,1,58.0792
55260.0000,5526,2953.6312,0.0000,999,999,1000,1,58.1354
55270.0000,5527,2953.6395,0.0000,999,1000,1000,1,58.1920
55280.0000,5528,2953.6478,0.0000,1000,1000,1000,1,58.1347
55290.0000,5529,2953.6560,0.0000,1000,1000,1000,1,58.1912
55300.0000,5530,2953.6642,0.0000,998,999,999,1,58.1340
55310.0000,5531,2953.6724,0.0000,1000,1000,999,1,58.0772
55320.0000,5532,2953.6806,0.0000,999,998,999,1,58.0205
55330.0000,5533,2953.6886,0.0000,999,1000,1000,1,57.9641
55340.0000,5534,2953.6968,0.0000,999,999,1000,1,58.1343
55350.0000,5535,2953.7050,0.0000,999,999,1000,1,58.0776
55360.0000,5536,2953.7132,0.0000,1000,1000,1000,1,58.1343
55370.0000,5537,2953.7214,0.0000,1000,1000,1000,1,57.9638
55380.0000,5538,2953.7295,0.0000,999,1000,1000,1,57.9068
55390.0000,5539,2953.7376,0.0000,999,999,999,1,57.7363
55400.0000,5540,2953.7457,0.0000,999,999,999,1,57.7928
55410.0000,5541,2953.7539,0.0000,999,999,1000,1,57.9628
55420.0000,5542,2953.7621,0.0000,1000,999,1000,1,57.9060
55430.0000,5543,2953.7703,0.0000,999,999,1000,1,57.9625
55440.0000,5544,2953.7782,0.0000,1000,1000,1000,1,57.6798
55450.0000,5545,2953.7864,0.0000,1000,1000,1000,1,57.7370
55460.0000,5546,2953.7946,0.0000,999,1000,1000,1,57.9069
55470.0000,5547,2953.8027,0.0000,1000,1000,1000,1,57.7384
55480.0000,5548,2953.8109,0.0000,999,999,1000,1,57.7954
55490.0000,5549,2953.8191,0.0000,999,1000,1000,1,57.8523
55500.0000,5550,2953.8272,0.0000,999,999,1000,1,57.6833
55510.0000,5551,2953.8352,0.0000,999,1000,1000,1,57.7404
55520.0000,5552,2953.8433,0.0000,1000,1000,1000,1,57.6844
55530.0000,5553,2953.8513,0.0000,999,1000,1000,1,57.6285
55540.0000,5554,2953.8594,0.0000,999,1000,1000,1,57.4599
55550.0000,5555,2953.8675,0.0000,999,999,1000,1,57.5166
55560.0000,5556,2953.8757,0.0000,999,1000,1000,1,57.5734
55570.0000,5557,2953.8838,0.0000,1000,1000,1000,1,57.5183
55580.0000,5558,2953.8919,0.0000,1000,999,1000,1,57.5757
55590.0000,5559,2953.9001,0.0000,1000,1000,1000,1,57.7452
55600.0000,5560,2953.9081,0.0000,1000,999,1000,1,57.6899
55610.0000,5561,2953.9163,0.0000,1000,1000,1000,1,57.7470
55620.0000,5562,2953.9244,0.0000,1000,1000,1000,1,57.6915
55630.0000,5563,2953.9323,0.0000,999,1000,1000,1,57.5238
55640.0000,5564,2953.9404,0.0000,999,1000,999,1,57.5808
55650.0000,5565,2953.9484,0.0000,999,999,999,1,57.5254
55660.0000,5566,2953.9565,0.0000,1000,1000,1000,1,57.5823
55670.0000,5567,2953.9645,0.0000,1000,1000,1000,1,57.5263
55680.0000,5568,2953.9726,0.0000,999,1000,1000,1,57.4701
55690.0000,5569,2953.9807,0.0000,1000,1000,1000,1,57.3020
55700.0000,5570,2953.9888,0.0000,1000,1000,1000,1,57.3588
55710.0000,5571,2953.9970,0.0000,1000,1000,1000,1,57.4154
55720.0000,5572,2954.0051,0.0000,1000,1000,1000,1,57.5846
55730.0000,5573,2954.0132,0.0000,999,999,1000,1,57.6409
55740.0000,5574,2954.0214,0.0000,1000,1000,1000,1,57.6971
55750.0000,5575,2954.0291,0.0000,999,1000,1000,1,57.3040
55760.0000,5576,2954.0371,0.0000,999,999,1000,1,57.3608
55770.0000,5577,2954.0452,0.0000,1000,999,1000,1,57.1930
55780.0000,5578,2954.0533,0.0000,999,1000,1000,1,57.1376
55790.0000,5579,2954.0614,0.0000,1000,1000,1000,1,57.1945
55800.0000,5580,2954.0695,0.0000,1000,999,1000,1,57.3635
55810.0000,5581,2954.0774,0.0000,999,999,999,1,56.8607
55820.0000,5582,2954.0852,0.0000,999,999,999,1,56.5823
55830.0000,5583,2954.0931,0.0000,999,998,999,1,56.4163
55840.0000,5584,2954.1011,0.0000,999,1000,1000,1,56.4740
55850.0000,5585,2954.1092,0.0000,1000,1000,1000,1,56.5316
55860.0000,5586,2954.1172,0.0000,999,1000,1000,1,56.5891
55870.0000,5587,2954.1251,0.0000,998,999,1000,1,56.3123
55880.0000,5588,2954.1332,0.0000,999,1000,1000,1,56.4812
55890.0000,5589,2954.1412,0.0000,1000,1000,1000,1,56.5386
55900.0000,5590,2954.1492,0.0000,1000,1000,1000,1,56.4848
55910.0000,5591,2954.1572,0.0000,1000,1000,1000,1,56.6536
55920.0000,5592,2954.1651,0.0000,999,1000,1000,1,56.5994
55930.0000,5593,2954.1731,0.0000,999,1000,999,1,56.5448
55940.0000,5594,2954.1810,0.0000,999,1000,1000,1,56.4902
55950.0000,5595,2954.1890,0.0000,999,1000,1000,1,56.4355
55960.0000,5596,2954.1970,0.0000,998,1000,999,1,56.3809
55970.0000,5597,2954.2046,0.0000,1000,1000,1000,1,56.2146
55980.0000,5598,2954.2127,0.0000,999,999,999,1,56.2714
55990.0000,5599,2954.2207,0.0000,999,999,999,1,56.2163
56000.0000,5600,2954.2284,0.0000,1000,999,999,1,55.7147
56010.0000,5601,2954.2365,0.0000,999,999,1000,1,55.7720
56020.0000,5602,2954.2444,0.0000,999,1000,1000,1,55.8291
56030.0000,5603,2954.2525,0.0000,999,1000,1000,1,55.9976
56040.0000,5604,2954.2606,0.0000,999,999,1000,1,56.1660
56050.0000,5605,2954.2685,0.0000,999,1000,1000,1,56.1108
56060.0000,5606,2954.2760,0.0000,999,998,999,1,55.6102
56070.0000,5607,2954.2838,0.0000,998,998,999,1,55.3337
56080.0000,5608,2954.2917,0.0000,999,999,1000,1,55.2798
56090.0000,5609,2954.2996,0.0000,999,1000,1000,1,55.3368
56100.0000,5610,2954.3075,0.0000,999,1000,1000,1,55.2824
56110.0000,5611,2954.3156,0.0000,1000,1000,1000,1,55.4507
56120.0000,5612,2954.3236,0.0000,999,1000,1000,1,55.6191
56130.0000,5613,2954.3313,0.0000,999,998,1000,1,55.4520
56140.0000,5614,2954.3392,0.0000,999,999,1000,1,55.3970
56150.0000,5615,2954.3472,0.0000,999,1000,1000,1,55.2304
56160.0000,5616,2954.3551,0.0000,999,1000,1000,1,55.2870
56170.0000,5617,2954.3631,0.0000,1000,1000,1000,1,55.2320
56180.0000,5618,2954.3711,0.0000,1000,1000,1000,1,55.2886
56190.0000,5619,2954.3791,0.0000,1000,1000,1000,1,55.3449
56200.0000,5620,2954.3870,0.0000,1000,1000,1000,1,55.1779
56210.0000,5621,2954.3950,0.0000,999,999,1000,1,55.3460
56220.0000,5622,2954.4029,0.0000,1000,999,999,1,55.1790
56230.0000,5623,2954.4107,0.0000,1000,1000,1000,1,55.0120
56240.0000,5624,2954.4186,0.0000,999,999,1000,1,55.0683
56250.0000,5625,2954.4266,0.0000,1000,1000,1000,1,55.2362
56260.0000,5626,2954.4346,0.0000,999,999,1000,1,55.2921
56270.0000,5627,2954.4425,0.0000,1000,1000,1000,1,55.1247
56280.0000,5628,2954.4505,0.0000,999,1000,1000,1,55.2925
56290.0000,5629,2954.4583,0.0000,998,999,1000,1,55.3484
56300.0000,5630,2954.4661,0.0000,1000,1000,1000,1,55.1804
56310.0000,5631,2954.4737,0.0000,999,1000,1000,1,54.7886
56320.0000,5632,2954.4816,0.0000,999,1000,1000,1,54.6232
56330.0000,5633,2954.4895,0.0000,999,999,999,1,54.5692
56340.0000,5634,2954.4974,0.0000,1000,1000,1000,1,54.6261
56350.0000,5635,2954.5053,0.0000,1000,1000,1000,1,54.5718
56360.0000,5636,2954.5132,0.0000,999,1000,1000,1,54.6284
56370.0000,5637,2954.5210,0.0000,1000,999,1000,1,54.3518
56380.0000,5638,2954.5289,0.0000,999,999,1000,1,54.4087
56390.0000,5639,2954.5366,0.0000,999,1000,1000,1,54.1326
56400.0000,5640,2954.5445,0.0000,1000,999,1000,1,54.1892
56410.0000,5641,2954.5524,0.0000,1000,999,1000,1,54.1347
56420.0000,5642,2954.5603,0.0000,999,1000,1000,1,54.3023
56430.0000,5643,2954.5683,0.0000,999,1000,1000,1,54.4699
56440.0000,5644,2954.5762,0.0000,999,999,1000,1,54.5260
56450.0000,5645,2954.5840,0.0000,999,1000,1000,1,54.4709
56460.0000,5646,2954.5919,0.0000,999,1000,1000,1,54.5269
56470.0000,5647,2954.5995,0.0000,1000,999,1000,1,54.1379
56480.0000,5648,2954.6074,0.0000,999,1000,1000,1,54.3054
56490.0000,5649,2954.6153,0.0000,1000,1000,1000,1,54.3613
56500.0000,5650,2954.6232,0.0000,1000,1000,1000,1,54.3055
56510.0000,5651,2954.6310,0.0000,999,999,999,1,54.1395
56520.0000,5652,2954.6388,0.0000,999,999,1000,1,54.1957
56530.0000,5653,2954.6466,0.0000,999,1000,1000,1,54.2519
56540.0000,5654,2954.6546,0.0000,999,1000,1000,1,54.4192
56550.0000,5655,2954.6625,0.0000,1000,1000,1000,1,54.4750
56560.0000,5656,2954.6702,0.0000,1000,998,999,1,54.3078
56570.0000,5657,2954.6780,0.0000,999,999,1000,1,54.4750
56580.0000,5658,2954.6857,0.0000,1000,1000,999,1,54.3075
56590.0000,5659,2954.6935,0.0000,1000,1000,1000,1,54.2517
56600.0000,5660,2954.7012,0.0000,999,1000,1000,1,54.1959
56610.0000,5661,2954.7089,0.0000,1000,999,1000,1,54.0299
56620.0000,5662,2954.7165,0.0000,999,1000,1000,1,53.7541
56630.0000,5663,2954.7244,0.0000,999,1000,1000,1,53.9212
56640.0000,5664,2954.7322,0.0000,998,1000,1000,1,53.7562
56650.0000,5665,2954.7398,0.0000,998,1000,999,1,53.1587
56660.0000,5666,2954.7476,0.0000,1000,1000,1000,1,53.3258
56670.0000,5667,2954.7554,0.0000,1000,999,999,1,53.2758
56680.0000,5668,2954.7633,0.0000,1000,1000,1000,1,53.4428
56690.0000,5669,2954.7712,0.0000,1000,1000,1000,1,53.6098
56700.0000,5670,2954.7791,0.0000,1000,1000,1000,1,53.7767
56710.0000,5671,2954.7869,0.0000,999,1000,1000,1,53.8348
56720.0000,5672,2954.7946,0.0000,998,999,999,1,53.5671
56730.0000,5673,2954.8024,0.0000,1000,1000,1000,1,53.5170
56740.0000,5674,2954.8102,0.0000,1000,1000,1000,1,53.5753
56750.0000,5675,2954.8180,0.0000,999,1000,1000,1,53.6334
56760.0000,5676,2954.8258,0.0000,999,999,999,1,53.6915
56770.0000,5677,2954.8334,0.0000,999,1000,1000,1,53.7495
56780.0000,5678,2954.8409,0.0000,998,997,999,1,53.4832
56790.0000,5679,2954.8487,0.0000,1000,1000,1000,1,53.5421
56800.0000,5680,2954.8566,0.0000,1000,1000,1000,1,53.7087
56810.0000,5681,2954.8645,0.0000,999,1000,1000,1,53.7671
56820.0000,5682,2954.8723,0.0000,1000,1000,1000,1,53.9337
56830.0000,5683,2954.8800,0.0000,999,999,999,1,53.8837
56840.0000,5684,2954.8875,0.0000,999,999,999,1,53.4025
56850.0000,5685,2954.8950,0.0000,999,999,1000,1,53.4614
56860.0000,5686,2954.9029,0.0000,999,1000,1000,1,53.6279
56870.0000,5687,2954.9105,0.0000,999,1000,1000,1,53.4720
56880.0000,5688,2954.9183,0.0000,999,1000,1000,1,53.6384
56890.0000,5689,2954.9261,0.0000,999,1000,1000,1,53.8048
56900.0000,5690,2954.9338,0.0000,999,1000,1000,1,53.7555
56910.0000,5691,2954.9414,0.0000,1000,1000,999,1,53.7066
56920.0000,5692,2954.9491,0.0000,1000,1000,1000,1,53.6574
56930.0000,5693,2954.9567,0.0000,1000,1000,1000,1,53.7157
56940.0000,5694,2954.9645,0.0000,999,1000,1000,1,53.8819
56950.0000,5695,2954.9721,0.0000,999,999,1000,1,53.7239
56960.0000,5696,2954.9798,0.0000,1000,1000,999,1,53.7818
56970.0000,5697,2954.9874,0.0000,999,1000,1000,1,53.7314
56980.0000,5698,2954.9951,0.0000,999,999,1000,1,53.7894
56990.0000,5699,2955.0029,0.0000,1000,1000,1000,1,53.8472
57000.0000,5700,2955.0106,0.0000,999,1000,1000,1,53.9048
57010.0000,5701,2955.0183,0.0000,999,999,1000,1,53.9623
57020.0000,5702,2955.0260,0.0000,1000,999,1000,1,54.0200
57030.0000,5703,2955.0335,0.0000,998,998,998,1,53.7538
57040.0000,5704,2955.0410,0.0000,1000,999,1000,1,53.7037
57050.0000,5705,2955.0487,0.0000,1000,999,1000,1,53.8696
57060.0000,5706,2955.0564,0.0000,999,1000,1000,1,53.9273
57070.0000,5707,2955.0641,0.0000,1000,1000,1000,1,53.8769
57080.0000,5708,2955.0718,0.0000,999,1000,1000,1,53.9345
57090.0000,5709,2955.0795,0.0000,1000,1000,1000,1,53.8844
57100.0000,5710,2955.0870,0.0000,998,1000,999,1,53.6182
57110.0000,5711,2955.0945,0.0000,999,1000,1000,1,53.6762
57120.0000,5712,2955.1023,0.0000,1000,999,1000,1,53.8418
57130.0000,5713,2955.1099,0.0000,999,999,1000,1,53.8994
57140.0000,5714,2955.1174,0.0000,1000,999,1000,1,53.6337
57150.0000,5715,2955.1251,0.0000,999,999,1000,1,53.4760
57160.0000,5716,2955.1328,0.0000,1000,1000,1000,1,53.5338
57170.0000,5717,2955.1402,0.0000,1000,999,999,1,53.2685
57180.0000,5718,2955.1476,0.0000,1000,1000,1000,1,53.1125
57190.0000,5719,2955.1554,0.0000,999,1000,1000,1,53.2780
57200.0000,5720,2955.1631,0.0000,1000,1000,1000,1,53.4435
57210.0000,5721,2955.1708,0.0000,1000,1000,1000,1,53.5015
57220.0000,5722,2955.1784,0.0000,1000,1000,1000,1,53.5594
57230.0000,5723,2955.1858,0.0000,1000,999,999,1,53.4023
57240.0000,5724,2955.1935,0.0000,999,1000,1000,1,53.4600
57250.0000,5725,2955.2012,0.0000,1000,999,1000,1,53.5177
57260.0000,5726,2955.2088,0.0000,998,998,999,1,53.5751
57270.0000,5727,2955.2161,0.0000,998,998,999,1,53.2013
57280.0000,5728,2955.2236,0.0000,1000,999,1000,1,53.1514
57290.0000,5729,2955.2312,0.0000,999,999,1000,1,53.2091
57300.0000,5730,2955.2389,0.0000,1000,999,1000,1,53.3743
57310.0000,5731,2955.2465,0.0000,1000,999,1000,1,53.4317
57320.0000,5732,2955.2540,0.0000,999,999,999,1,53.1651
57330.0000,5733,2955.2615,0.0000,999,1000,1000,1,53.1151
57340.0000,5734,2955.2692,0.0000,999,1000,1000,1,53.2802
57350.0000,5735,2955.2769,0.0000,999,999,1000,1,53.3377
57360.0000,5736,2955.2846,0.0000,1000,999,1000,1,53.5027
57370.0000,5737,2955.2922,0.0000,998,999,1000,1,53.4520
57380.0000,5738,2955.2996,0.0000,999,1000,1000,1,53.1862
57390.0000,5739,2955.3073,0.0000,1000,1000,1000,1,53.1360
57400.0000,5740,2955.3147,0.0000,997,998,998,1,52.9779
57410.0000,5741,2955.3222,0.0000,999,1000,1000,1,53.0352
57420.0000,5742,2955.3297,0.0000,1000,1000,1000,1,52.7696
57430.0000,5743,2955.3372,0.0000,999,999,999,1,52.6131
57440.0000,5744,2955.3448,0.0000,999,999,1000,1,52.7780
57450.0000,5745,2955.3524,0.0000,999,1000,999,1,52.5153
57460.0000,5746,2955.3600,0.0000,1000,1000,1000,1,52.6802
57470.0000,5747,2955.3676,0.0000,1000,1000,1000,1,52.7385
57480.0000,5748,2955.3752,0.0000,999,999,1000,1,52.7967
57490.0000,5749,2955.3829,0.0000,999,1000,1000,1,52.8547
57500.0000,5750,2955.3903,0.0000,999,1000,1000,1,52.6988
57510.0000,5751,2955.3978,0.0000,998,999,1000,1,52.5428
57520.0000,5752,2955.4053,0.0000,1000,1000,1000,1,52.4938
57530.0000,5753,2955.4130,0.0000,999,1000,1000,1,52.6585
57540.0000,5754,2955.4205,0.0000,1000,1000,1000,1,52.3961
57550.0000,5755,2955.4280,0.0000,1000,999,1000,1,52.4546
57560.0000,5756,2955.4356,0.0000,999,1000,1000,1,52.6193
57570.0000,5757,2955.4432,0.0000,1000,1000,1000,1,52.6774
57580.0000,5758,2955.4509,0.0000,1000,1000,1000,1,52.7354
57590.0000,5759,2955.4583,0.0000,1000,1000,1000,1,52.6872
57600.0000,5760,2955.4657,0.0000,1000,1000,999,1,52.4266
57610.0000,5761,2955.4729,0.0000,999,998,1000,1,52.1665
57620.0000,5762,2955.4804,0.0000,1000,1000,1000,1,52.2248
57630.0000,5763,2955.4879,0.0000,1000,999,1000,1,52.1765
57640.0000,5764,2955.4955,0.0000,1000,1000,1000,1,52.2345
57650.0000,5765,2955.5030,0.0000,1000,1000,999,1,52.1864
57660.0000,5766,2955.5105,0.0000,1000,1000,1000,1,52.2447
57670.0000,5767,2955.5181,0.0000,1000,999,1000,1,52.3028
57680.0000,5768,2955.5255,0.0000,1000,1000,1000,1,52.0438
57690.0000,5769,2955.5328,0.0000,997,997,998,1,51.6822
57700.0000,5770,2955.5401,0.0000,1000,1000,1000,1,51.7419
57710.0000,5771,2955.5477,0.0000,1000,999,1000,1,51.9062
57720.0000,5772,2955.5551,0.0000,999,1000,1000,1,51.8608
57730.0000,5773,2955.5625,0.0000,999,1000,1000,1,51.8152
57740.0000,5774,2955.5699,0.0000,998,999,999,1,51.6661
57750.0000,5775,2955.5773,0.0000,999,1000,1000,1,51.6217
57760.0000,5776,2955.5847,0.0000,1000,1000,999,1,51.4725
57770.0000,5777,2955.5923,0.0000,1000,1000,1000,1,51.5323
57780.0000,5778,2955.5998,0.0000,1000,999,999,1,51.5919
57790.0000,5779,2955.6073,0.0000,999,999,1000,1,51.5468
57800.0000,5780,2955.6148,0.0000,1000,1000,1000,1,51.5014
57810.0000,5781,2955.6224,0.0000,1000,1000,1000,1,51.6655
57820.0000,5782,2955.6298,0.0000,1000,1000,1000,1,51.5153
57830.0000,5783,2955.6372,0.0000,1000,1000,1000,1,51.3652
57840.0000,5784,2955.6448,0.0000,999,1000,1000,1,51.5292
57850.0000,5785,2955.6523,0.0000,999,999,1000,1,51.3788
57860.0000,5786,2955.6598,0.0000,999,1000,1000,1,51.4379
57870.0000,5787,2955.6673,0.0000,1000,1000,1000,1,51.4969
57880.0000,5788,2955.6748,0.0000,1000,1000,1000,1,51.5561
57890.0000,5789,2955.6824,0.0000,999,999,999,1,51.6150
57900.0000,5790,2955.6896,0.0000,1000,1000,1000,1,51.2569
57910.0000,5791,2955.6972,0.0000,1000,1000,1000,1,51.3169
57920.0000,5792,2955.7047,0.0000,1000,1000,1000,1,51.4807
57930.0000,5793,2955.7121,0.0000,999,999,999,1,51.3329
57940.0000,5794,2955.7193,0.0000,999,999,1000,1,51.0814
57950.0000,5795,2955.7267,0.0000,1000,1000,1000,1,51.1414
57960.0000,5796,2955.7340,0.0000,999,999,1000,1,51.0978
57970.0000,5797,2955.7415,0.0000,999,1000,1000,1,51.1580
57980.0000,5798,2955.7489,0.0000,999,1000,1000,1,51.1142
57990.0000,5799,2955.7564,0.0000,1000,1000,1000,1,51.1740
58000.0000,5800,2955.7639,0.0000,999,1000,1000,1,51.3376
58010.0000,5801,2955.7713,0.0000,999,1000,1000,1,51.3971
58020.0000,5802,2955.7787,0.0000,999,999,1000,1,51.3524
58030.0000,5803,2955.7860,0.0000,998,999,999,1,51.0997
58040.0000,5804,2955.7934,0.0000,1000,1000,1000,1,51.0557
58050.0000,5805,2955.8009,0.0000,1000,1000,999,1,51.1153
58060.0000,5806,2955.8083,0.0000,999,999,1000,1,51.1748
58070.0000,5807,2955.8158,0.0000,999,1000,1000,1,51.3382
58080.0000,5808,2955.8232,0.0000,1000,1000,1000,1,51.3974
58090.0000,5809,2955.8307,0.0000,1000,1000,1000,1,51.4563
58100.0000,5810,2955.8380,0.0000,998,1000,1000,1,51.4106
58110.0000,5811,2955.8454,0.0000,1000,1000,1000,1,51.4693
58120.0000,5812,2955.8527,0.0000,1000,1000,1000,1,51.3193
58130.0000,5813,2955.8601,0.0000,1000,999,1000,1,51.3781
58140.0000,5814,2955.8675,0.0000,999,999,1000,1,51.5413
58150.0000,5815,2955.8750,0.0000,999,1000,1000,1,51.7044
58160.0000,5816,2955.8825,0.0000,1000,1000,1000,1,51.8674
58170.0000,5817,2955.8900,0.0000,1000,1000,1000,1,51.8211
58180.0000,5818,2955.8973,0.0000,1000,1000,1000,1,51.8793
58190.0000,5819,2955.9048,0.0000,1000,1000,1000,1,51.9374
58200.0000,5820,2955.9122,0.0000,1000,1000,1000,1,51.7860
58210.0000,5821,2955.9198,0.0000,999,1000,1000,1,51.9489
58220.0000,5822,2955.9272,0.0000,1000,1000,1000,1,52.1118
58230.0000,5823,2955.9346,0.0000,1000,1000,1000,1,52.0648
58240.0000,5824,2955.9420,0.0000,999,1000,1000,1,52.2276
58250.0000,5825,2955.9495,0.0000,999,999,999,1,52.2854
58260.0000,5826,2955.9568,0.0000,999,999,999,1,52.2381
58270.0000,5827,2955.9642,0.0000,1000,1000,1000,1,52.1909
58280.0000,5828,2955.9715,0.0000,1000,1000,1000,1,52.0385
58290.0000,5829,2955.9789,0.0000,999,999,1000,1,52.2011
58300.0000,5830,2955.9863,0.0000,1000,1000,1000,1,52.3637
58310.0000,5831,2955.9936,0.0000,1000,999,999,1,52.2102
58320.0000,5832,2956.0011,0.0000,999,999,1000,1,52.2675
58330.0000,5833,2956.0084,0.0000,999,999,1000,1,52.4299
58340.0000,5834,2956.0158,0.0000,1000,1000,1000,1,52.5924
58350.0000,5835,2956.0231,0.0000,1000,1000,1000,1,52.5436
58360.0000,5836,2956.0305,0.0000,1000,1000,1000,1,52.6004
58370.0000,5837,2956.0377,0.0000,1000,1000,1000,1,52.5517
58380.0000,5838,2956.0450,0.0000,1000,999,1000,1,52.2927
58390.0000,5839,2956.0523,0.0000,999,999,999,1,52.0340
58400.0000,5840,2956.0596,0.0000,1000,1000,1000,1,52.0914
58410.0000,5841,2956.0669,0.0000,999,1000,1000,1,52.1486
58420.0000,5842,2956.0744,0.0000,1000,1000,1000,1,52.3108
58430.0000,5843,2956.0818,0.0000,999,1000,1000,1,52.4730
58440.0000,5844,2956.0893,0.0000,1000,1000,1000,1,52.5297
58450.0000,5845,2956.0967,0.0000,1000,1000,1000,1,52.6918
58460.0000,5846,2956.1041,0.0000,1000,1000,1000,1,52.7482
58470.0000,5847,2956.1115,0.0000,1000,1000,1000,1,52.9102
58480.0000,5848,2956.1187,0.0000,1000,1000,1000,1,52.7546
58490.0000,5849,2956.1261,0.0000,999,1000,1000,1,52.9165
58500.0000,5850,2956.1336,0.0000,1000,1000,1000,1,53.0784
58510.0000,5851,2956.1410,0.0000,1000,1000,1000,1,53.0282
58520.0000,5852,2956.1483,0.0000,999,999,999,1,53.0839
58530.0000,5853,2956.1554,0.0000,1000,1000,1000,1,52.9278
58540.0000,5854,2956.1627,0.0000,1000,1000,1000,1,53.0896
58550.0000,5855,2956.1700,0.0000,999,1000,1000,1,53.0392
58560.0000,5856,2956.1773,0.0000,999,1000,1000,1,52.7770
58570.0000,5857,2956.1847,0.0000,1000,1000,1000,1,52.9387
58580.0000,5858,2956.1921,0.0000,999,1000,1000,1,53.1004
58590.0000,5859,2956.1994,0.0000,1000,1000,1000,1,53.1556
58600.0000,5860,2956.2068,0.0000,1000,1000,1000,1,53.3172
58610.0000,5861,2956.2142,0.0000,1000,1000,1000,1,53.3722
58620.0000,5862,2956.2210,0.0000,998,998,997,1,52.8969
58630.0000,5863,2956.2279,0.0000,999,999,1000,1,52.9527
58640.0000,5864,2956.2351,0.0000,998,1000,1000,1,53.0086
58650.0000,5865,2956.2424,0.0000,999,1000,999,1,52.6443
58660.0000,5866,2956.2496,0.0000,1000,999,1000,1,52.7009
58670.0000,5867,2956.2566,0.0000,1000,1000,999,1,52.5472
58680.0000,5868,2956.2637,0.0000,1000,1000,1000,1,52.7086
58690.0000,5869,2956.2709,0.0000,1000,1000,1000,1,52.7647
58700.0000,5870,2956.2782,0.0000,999,999,1000,1,52.9261
58710.0000,5871,2956.2855,0.0000,999,999,1000,1,52.9819
58720.0000,5872,2956.2928,0.0000,1000,1000,1000,1,53.1432
58730.0000,5873,2956.3000,0.0000,1000,999,1000,1,53.0928
58740.0000,5874,2956.3073,0.0000,999,999,1000,1,53.1482
58750.0000,5875,2956.3144,0.0000,1000,1000,1000,1,52.9922
58760.0000,5876,2956.3217,0.0000,999,999,999,1,52.8364
58770.0000,5877,2956.3288,0.0000,999,999,1000,1,52.6811
58780.0000,5878,2956.3360,0.0000,1000,1000,1000,1,52.7366
58790.0000,5879,2956.3434,0.0000,999,999,1000,1,52.8978
58800.0000,5880,2956.3507,0.0000,999,999,1000,1,52.8471
58810.0000,5881,2956.3580,0.0000,999,999,1000,1,52.7965
58820.0000,5882,2956.3651,0.0000,998,1000,1000,1,52.6400
58830.0000,5883,2956.3723,0.0000,999,999,1000,1,52.5893
58840.0000,5884,2956.3793,0.0000,1000,1000,1000,1,52.5387
58850.0000,5885,2956.3865,0.0000,1000,1000,1000,1,52.6997
58860.0000,5886,2956.3938,0.0000,1000,1000,1000,1,52.8607
58870.0000,5887,2956.4010,0.0000,1000,1000,1000,1,52.8092
58880.0000,5888,2956.4082,0.0000,998,999,998,1,52.6512
58890.0000,5889,2956.4154,0.0000,999,1000,999,1,52.7059
58900.0000,5890,2956.4222,0.0000,999,1000,1000,1,52.3375
58910.0000,5891,2956.4294,0.0000,999,999,1000,1,52.2876
58920.0000,5892,2956.4365,0.0000,1000,1000,1000,1,52.0276
58930.0000,5893,2956.4437,0.0000,999,999,1000,1,51.8734
58940.0000,5894,2956.4506,0.0000,997,999,998,1,51.6148
58950.0000,5895,2956.4575,0.0000,999,1000,1000,1,51.6707
58960.0000,5896,2956.4648,0.0000,1000,1000,1000,1,51.7267
58970.0000,5897,2956.4721,0.0000,1000,1000,1000,1,51.8875
58980.0000,5898,2956.4794,0.0000,1000,1000,1000,1,52.0482
58990.0000,5899,2956.4865,0.0000,998,999,999,1,51.8932
59000.0000,5900,2956.4935,0.0000,1000,1000,1000,1,51.8441
59010.0000,5901,2956.5007,0.0000,1000,1000,1000,1,51.8998
59020.0000,5902,2956.5080,0.0000,1000,999,1000,1,52.0604
59030.0000,5903,2956.5152,0.0000,1000,1000,1000,1,52.1157
59040.0000,5904,2956.5224,0.0000,1000,999,1000,1,52.1708
59050.0000,5905,2956.5296,0.0000,999,999,1000,1,51.9102
59060.0000,5906,2956.5367,0.0000,999,1000,999,1,51.8607
59070.0000,5907,2956.5438,0.0000,999,1000,1000,1,51.8111
59080.0000,5908,2956.5509,0.0000,999,1000,1000,1,51.8664
59090.0000,5909,2956.5583,0.0000,1000,1000,1000,1,52.0268
59100.0000,5910,2956.5656,0.0000,999,1000,1000,1,52.1872
59110.0000,5911,2956.5728,0.0000,1000,1000,1000,1,52.2420
59120.0000,5912,2956.5797,0.0000,998,999,999,1,51.8754
59130.0000,5913,2956.5868,0.0000,1000,1000,1000,1,51.9305
59140.0000,5914,2956.5937,0.0000,998,999,999,1,51.6708
59150.0000,5915,2956.6008,0.0000,999,1000,1000,1,51.4117
59160.0000,5916,2956.6078,0.0000,999,1000,1000,1,51.4674
59170.0000,5917,2956.6151,0.0000,1000,1000,1000,1,51.5229
59180.0000,5918,2956.6222,0.0000,999,1000,1000,1,51.4733
59190.0000,5919,2956.6295,0.0000,1000,1000,1000,1,51.6336
59200.0000,5920,2956.6367,0.0000,999,999,1000,1,51.7938
59210.0000,5921,2956.6438,0.0000,999,1000,1000,1,51.8487
59220.0000,5922,2956.6508,0.0000,999,999,999,1,51.5883
59230.0000,5923,2956.6579,0.0000,999,999,999,1,51.5386
59240.0000,5924,2956.6650,0.0000,999,1000,1000,1,51.3848
59250.0000,5925,2956.6722,0.0000,999,1000,1000,1,51.4403
59260.0000,5926,2956.6793,0.0000,1000,999,999,1,51.3908
59270.0000,5927,2956.6865,0.0000,999,1000,1000,1,51.5509
59280.0000,5928,2956.6936,0.0000,1000,999,1000,1,51.5015
59290.0000,5929,2956.7007,0.0000,999,999,1000,1,51.5567
59300.0000,5930,2956.7078,0.0000,1000,1000,1000,1,51.5069
59310.0000,5931,2956.7149,0.0000,1000,1000,1000,1,51.4573
59320.0000,5932,2956.7221,0.0000,999,1000,1000,1,51.6172
59330.0000,5933,2956.7291,0.0000,1000,999,1000,1,51.5671
59340.0000,5934,2956.7360,0.0000,1000,999,1000,1,51.4125
59350.0000,5935,2956.7432,0.0000,1000,1000,1000,1,51.1550
59360.0000,5936,2956.7503,0.0000,999,999,1000,1,51.2105
59370.0000,5937,2956.7574,0.0000,999,1000,1000,1,51.2660
59380.0000,5938,2956.7644,0.0000,999,1000,1000,1,51.3214
59390.0000,5939,2956.7715,0.0000,999,999,1000,1,51.3768
59400.0000,5940,2956.7786,0.0000,1000,1000,1000,1,51.4319
59410.0000,5941,2956.7857,0.0000,999,1000,1000,1,51.3826
59420.0000,5942,2956.7929,0.0000,1000,1000,1000,1,51.5423
59430.0000,5943,2956.7999,0.0000,999,999,1000,1,51.4926
59440.0000,5944,2956.8067,0.0000,999,999,999,1,51.1297
59450.0000,5945,2956.8139,0.0000,1000,1000,1000,1,51.2893
59460.0000,5946,2956.8209,0.0000,999,999,1000,1,51.1355
59470.0000,5947,2956.8279,0.0000,999,1000,1000,1,51.0864
59480.0000,5948,2956.8350,0.0000,999,1000,1000,1,51.1416
59490.0000,5949,2956.8421,0.0000,1000,999,1000,1,51.3011
59500.0000,5950,2956.8493,0.0000,999,1000,1000,1,51.4605
59510.0000,5951,2956.8562,0.0000,999,1000,1000,1,51.2012
59520.0000,5952,2956.8632,0.0000,1000,1000,999,1,51.1513
59530.0000,5953,2956.8704,0.0000,1000,1000,1000,1,51.3106
59540.0000,5954,2956.8773,0.0000,999,999,1000,1,51.3651
59550.0000,5955,2956.8842,0.0000,1000,1000,1000,1,51.1044
59560.0000,5956,2956.8912,0.0000,999,1000,999,1,50.9499
59570.0000,5957,2956.8983,0.0000,999,999,999,1,51.0045
59580.0000,5958,2956.9054,0.0000,1000,1000,1000,1,51.0590
59590.0000,5959,2956.9125,0.0000,999,999,1000,1,51.0091
59600.0000,5960,2956.9196,0.0000,999,999,1000,1,51.0637
59610.0000,5961,2956.9263,0.0000,1000,1000,1000,1,50.9089
59620.0000,5962,2956.9335,0.0000,1000,1000,1000,1,51.0680
59630.0000,5963,2956.9406,0.0000,999,1000,1000,1,51.0177
59640.0000,5964,2956.9476,0.0000,1000,1000,1000,1,51.0720
59650.0000,5965,2956.9547,0.0000,999,1000,1000,1,51.0214
59660.0000,5966,2956.9617,0.0000,997,998,998,1,50.8666
59670.0000,5967,2956.9686,0.0000,1000,1000,1000,1,51.0256
59680.0000,5968,2956.9757,0.0000,1000,1000,1000,1,51.0798
59690.0000,5969,2956.9828,0.0000,1000,1000,1000,1,50.9251
59700.0000,5970,2956.9900,0.0000,999,1000,1000,1,51.0841
59710.0000,5971,2956.9971,0.0000,999,1000,1000,1,51.2430
59720.0000,5972,2957.0042,0.0000,1000,1000,1000,1,51.4019
59730.0000,5973,2957.0113,0.0000,999,1000,1000,1,51.5607
59740.0000,5974,2957.0183,0.0000,1000,998,1000,1,51.6143
59750.0000,5975,2957.0253,0.0000,1000,1000,1000,1,51.6679
59760.0000,5976,2957.0322,0.0000,999,999,999,1,51.6164
59770.0000,5977,2957.0391,0.0000,999,1000,1000,1,51.5648
59780.0000,5978,2957.0461,0.0000,1000,1000,1000,1,51.5135
59790.0000,5979,2957.0531,0.0000,1000,999,1000,1,51.5672
59800.0000,5980,2957.0602,0.0000,999,999,1000,1,51.6208
59810.0000,5981,2957.0669,0.0000,1000,1000,1000,1,51.2577
59820.0000,5982,2957.0740,0.0000,999,999,1000,1,51.1041
59830.0000,5983,2957.0808,0.0000,1000,1000,1000,1,51.0549
59840.0000,5984,2957.0879,0.0000,1000,1000,1000,1,51.2134
59850.0000,5985,2957.0949,0.0000,999,1000,1000,1,51.2678
59860.0000,5986,2957.1020,0.0000,999,1000,1000,1,51.3223
59870.0000,5987,2957.1091,0.0000,999,1000,1000,1,51.4807
59880.0000,5988,2957.1160,0.0000,1000,1000,1000,1,51.5350
59890.0000,5989,2957.1230,0.0000,1000,1000,1000,1,51.6933
59900.0000,5990,2957.1300,0.0000,1000,1000,1000,1,51.6434
59910.0000,5991,2957.1371,0.0000,999,1000,1000,1,51.8017
59920.0000,5992,2957.1441,0.0000,1000,1000,1000,1,51.7512
59930.0000,5993,2957.1510,0.0000,1000,1000,999,1,51.5969
59940.0000,5994,2957.1578,0.0000,999,1000,1000,1,51.5469
59950.0000,5995,2957.1649,0.0000,1000,1000,1000,1,51.7051
59960.0000,5996,2957.1719,0.0000,999,999,1000,1,51.7588
59970.0000,5997,2957.1789,0.0000,999,999,999,1,51.6039
59980.0000,5998,2957.1858,0.0000,999,999,1000,1,51.6576
59990.0000,5999,2957.1927,0.0000,1000,1000,999,1,51.5035
60000.0000,6000,2957.1997,0.0000,999,1000,1000,1,51.6615
60010.0000,6001,2957.2065,0.0000,1000,1000,1000,1,51.6117
60020.0000,6002,2957.2134,0.0000,999,999,999,1,51.6657
60030.0000,6003,2957.2203,0.0000,1000,1000,999,1,51.6159
60040.0000,6004,2957.2273,0.0000,1000,1000,1000,1,51.6702
60050.0000,6005,2957.2343,0.0000,999,999,1000,1,51.8281
60060.0000,6006,2957.2413,0.0000,999,1000,1000,1,51.8823
60070.0000,6007,2957.2482,0.0000,999,999,1000,1,51.9365
60080.0000,6008,2957.2551,0.0000,999,1000,1000,1,51.8868
60090.0000,6009,2957.2621,0.0000,999,999,999,1,51.8374
60100.0000,6010,2957.2690,0.0000,1000,1000,1000,1,51.8917
60110.0000,6011,2957.2760,0.0000,1000,1000,1000,1,51.8439
60120.0000,6012,2957.2829,0.0000,1000,999,1000,1,51.7965
60130.0000,6013,2957.2898,0.0000,1000,1000,1000,1,51.8521
60140.0000,6014,2957.2967,0.0000,999,999,1000,1,51.9075
60150.0000,6015,2957.3037,0.0000,999,1000,1000,1,52.0652
60160.0000,6016,2957.3105,0.0000,1000,999,1000,1,52.1203
60170.0000,6017,2957.3175,0.0000,1000,999,1000,1,52.2779
60180.0000,6018,2957.3242,0.0000,999,1000,1000,1,52.2304
60190.0000,6019,2957.3310,0.0000,999,1000,999,1,52.0802
60200.0000,6020,2957.3379,0.0000,998,1000,1000,1,52.1353
60210.0000,6021,2957.3447,0.0000,999,1000,1000,1,51.9858
60220.0000,6022,2957.3517,0.0000,999,999,1000,1,52.0411
60230.0000,6023,2957.3587,0.0000,1000,1000,1000,1,52.1985
60240.0000,6024,2957.3656,0.0000,999,999,1000,1,52.3558
60250.0000,6025,2957.3725,0.0000,1000,999,1000,1,52.4106
60260.0000,6026,2957.3793,0.0000,999,1000,1000,1,52.3627
60270.0000,6027,2957.3863,0.0000,999,1000,1000,1,52.5200
60280.0000,6028,2957.3933,0.0000,1000,1000,1000,1,52.5746
60290.0000,6029,2957.4002,0.0000,999,999,1000,1,52.5265
60300.0000,6030,2957.4071,0.0000,1000,1000,1000,1,52.6836
60310.0000,6031,2957.4140,0.0000,1000,999,999,1,52.6349
60320.0000,6032,2957.4210,0.0000,999,1000,1000,1,52.7920
60330.0000,6033,2957.4279,0.0000,1000,1000,1000,1,52.8459
60340.0000,6034,2957.4347,0.0000,1000,1000,1000,1,52.7966
60350.0000,6035,2957.4417,0.0000,999,999,1000,1,52.9535
60360.0000,6036,2957.4486,0.0000,999,1000,1000,1,52.9040
60370.0000,6037,2957.4553,0.0000,998,999,1000,1,52.8542
60380.0000,6038,2957.4621,0.0000,998,999,999,1,52.7009
60390.0000,6039,2957.4687,0.0000,1000,1000,1000,1,52.5475
60400.0000,6040,2957.4756,0.0000,1000,1000,999,1,52.4976
60410.0000,6041,2957.4824,0.0000,999,1000,1000,1,52.5511
60420.0000,6042,2957.4892,0.0000,999,1000,1000,1,52.5014
60430.0000,6043,2957.4961,0.0000,1000,1000,1000,1,52.5551
60440.0000,6044,2957.5031,0.0000,1000,1000,1000,1,52.7118
60450.0000,6045,2957.5099,0.0000,998,998,999,1,52.6616
60460.0000,6046,2957.5165,0.0000,999,999,999,1,52.6114
60470.0000,6047,2957.5234,0.0000,1000,1000,1000,1,52.6648
60480.0000,6048,2957.5303,0.0000,999,999,1000,1,52.7180
60490.0000,6049,2957.5371,0.0000,999,999,1000,1,52.7709
60500.0000,6050,2957.5439,0.0000,999,1000,1000,1,52.6169
60510.0000,6051,2957.5508,0.0000,999,1000,1000,1,52.5661
60520.0000,6052,2957.5576,0.0000,1000,1000,1000,1,52.5154
60530.0000,6053,2957.5645,0.0000,1000,1000,1000,1,52.5684
60540.0000,6054,2957.5714,0.0000,1000,1000,1000,1,52.6212
60550.0000,6055,2957.5783,0.0000,1000,1000,1000,1,52.7777
60560.0000,6056,2957.5853,0.0000,999,1000,1000,1,52.9341
60570.0000,6057,2957.5921,0.0000,999,1000,1000,1,52.9865
60580.0000,6058,2957.5987,0.0000,998,999,999,1,52.9348
60590.0000,6059,2957.6054,0.0000,999,999,1000,1,52.8833
60600.0000,6060,2957.6123,0.0000,1000,1000,1000,1,52.9357
60610.0000,6061,2957.6192,0.0000,999,1000,1000,1,52.9880
60620.0000,6062,2957.6260,0.0000,999,999,999,1,52.9359
60630.0000,6063,2957.6329,0.0000,999,1000,1000,1,53.0921
60640.0000,6064,2957.6398,0.0000,999,1000,1000,1,53.1439
60650.0000,6065,2957.6467,0.0000,999,999,999,1,53.1955
60660.0000,6066,2957.6534,0.0000,999,1000,1000,1,53.0384
60670.0000,6067,2957.6603,0.0000,1000,1000,1000,1,53.1945
60680.0000,6068,2957.6672,0.0000,999,1000,1000,1,53.3505
60690.0000,6069,2957.6739,0.0000,999,999,1000,1,53.1938
60700.0000,6070,2957.6807,0.0000,999,1000,1000,1,53.3498
60710.0000,6071,2957.6876,0.0000,1000,1000,1000,1,53.5057
60720.0000,6072,2957.6944,0.0000,1000,1000,1000,1,53.3492
60730.0000,6073,2957.7011,0.0000,1000,1000,1000,1,53.2967
60740.0000,6074,2957.7079,0.0000,1000,999,999,1,53.2446
60750.0000,6075,2957.7148,0.0000,1000,999,999,1,53.1928
60760.0000,6076,2957.7215,0.0000,1000,1000,1000,1,53.1413
60770.0000,6077,2957.7284,0.0000,1000,1000,1000,1,53.0900
60780.0000,6078,2957.7352,0.0000,999,999,999,1,53.1424
60790.0000,6079,2957.7420,0.0000,1000,1000,1000,1,53.1947
60800.0000,6080,2957.7489,0.0000,1000,1000,1000,1,53.3504
60810.0000,6081,2957.7557,0.0000,999,999,999,1,53.4023
60820.0000,6082,2957.7624,0.0000,1000,1000,1000,1,53.3506
60830.0000,6083,2957.7692,0.0000,1000,1000,1000,1,53.2995
60840.0000,6084,2957.7759,0.0000,1000,1000,1000,1,53.2486
60850.0000,6085,2957.7828,0.0000,999,1000,1000,1,53.3010
60860.0000,6086,2957.7896,0.0000,1000,1000,1000,1,53.3535
60870.0000,6087,2957.7964,0.0000,1000,1000,1000,1,53.3028
60880.0000,6088,2957.8032,0.0000,1000,1000,1000,1,53.3552
60890.0000,6089,2957.8099,0.0000,1000,999,999,1,53.2013
60900.0000,6090,2957.8167,0.0000,1000,1000,1000,1,53.2538
60910.0000,6091,2957.8234,0.0000,1000,1000,999,1,53.1002
60920.0000,6092,2957.8302,0.0000,1000,1000,1000,1,53.2556
60930.0000,6093,2957.8368,0.0000,999,999,1000,1,53.1025
60940.0000,6094,2957.8436,0.0000,999,1000,1000,1,52.8475
60950.0000,6095,2957.8504,0.0000,1000,1000,1000,1,53.0029
60960.0000,6096,2957.8573,0.0000,1000,1000,1000,1,53.1582
60970.0000,6097,2957.8639,0.0000,999,999,1000,1,52.8002
60980.0000,6098,2957.8707,0.0000,999,1000,1000,1,52.8533
60990.0000,6099,2957.8774,0.0000,999,999,1000,1,52.9062
61000.0000,6100,2957.8838,0.0000,1000,1000,1000,1,52.6521
61010.0000,6101,2957.8906,0.0000,1000,1000,1000,1,52.8073
61020.0000,6102,2957.8974,0.0000,1000,1000,1000,1,52.8601
61030.0000,6103,2957.9041,0.0000,1000,1000,1000,1,52.7078
61040.0000,6104,2957.9108,0.0000,999,999,1000,1,52.7605
61050.0000,6105,2957.9175,0.0000,999,999,1000,1,52.7109
61060.0000,6106,2957.9243,0.0000,1000,1000,1000,1,52.8660
61070.0000,6107,2957.9310,0.0000,1000,1000,1000,1,52.8165
61080.0000,6108,2957.9378,0.0000,999,1000,1000,1,52.8692
61090.0000,6109,2957.9446,0.0000,1000,1000,1000,1,53.0242
61100.0000,6110,2957.9513,0.0000,1000,999,1000,1,53.0766
61110.0000,6111,2957.9580,0.0000,999,999,999,1,52.9238
61120.0000,6112,2957.9646,0.0000,1000,999,1000,1,52.9762
61130.0000,6113,2957.9713,0.0000,999,999,999,1,52.8232
61140.0000,6114,2957.9780,0.0000,999,999,1000,1,52.9781
61150.0000,6115,2957.9847,0.0000,1000,1000,1000,1,52.8250
61160.0000,6116,2957.9914,0.0000,999,1000,1000,1,52.8771
61170.0000,6117,2957.9980,0.0000,1000,1000,1000,1,52.8272
61180.0000,6118,2958.0047,0.0000,999,1000,1000,1,52.8796
61190.0000,6119,2958.0114,0.0000,999,1000,1000,1,52.9319
61200.0000,6120,2958.0181,0.0000,999,999,999,1,52.9839
61210.0000,6121,2958.0248,0.0000,1000,1000,1000,1,53.1386
61220.0000,6122,2958.0315,0.0000,999,999,1000,1,53.1904
61230.0000,6123,2958.0382,0.0000,1000,1000,1000,1,53.2420
61240.0000,6124,2958.0449,0.0000,1000,999,1000,1,53.3966
61250.0000,6125,2958.0516,0.0000,1000,1000,1000,1,53.2415
61260.0000,6126,2958.0582,0.0000,1000,1000,1000,1,53.1897
61270.0000,6127,2958.0649,0.0000,999,999,999,1,53.1376
61280.0000,6128,2958.0716,0.0000,999,1000,1000,1,53.1888
61290.0000,6129,2958.0783,0.0000,1000,1000,1000,1,53.3433
61300.0000,6130,2958.0851,0.0000,1000,1000,1000,1,53.3944
61310.0000,6131,2958.0917,0.0000,1000,1000,999,1,53.4455
61320.0000,6132,2958.0984,0.0000,1000,1000,1000,1,53.5999
61330.0000,6133,2958.1050,0.0000,999,1000,1000,1,53.2397
61340.0000,6134,2958.1116,0.0000,999,1000,1000,1,53.3941
61350.0000,6135,2958.1183,0.0000,999,1000,1000,1,53.4456
61360.0000,6136,2958.1249,0.0000,999,1000,1000,1,53.3947
61370.0000,6137,2958.1317,0.0000,1000,1000,1000,1,53.5489
61380.0000,6138,2958.1384,0.0000,999,1000,1000,1,53.7031
61390.0000,6139,2958.1451,0.0000,1000,1000,1000,1,53.5491
61400.0000,6140,2958.1518,0.0000,999,1000,1000,1,53.7032
61410.0000,6141,2958.1583,0.0000,999,999,1000,1,53.6518
61420.0000,6142,2958.1649,0.0000,999,1000,999,1,53.4980
61430.0000,6143,2958.1715,0.0000,1000,1000,1000,1,53.2422
61440.0000,6144,2958.1782,0.0000,1000,1000,1000,1,53.2939
61450.0000,6145,2958.1848,0.0000,1000,1000,1000,1,53.2428
61460.0000,6146,2958.1914,0.0000,999,999,1000,1,53.2943
61470.0000,6147,2958.1980,0.0000,1000,1000,1000,1,53.0400
61480.0000,6148,2958.2046,0.0000,999,999,999,1,52.8882
61490.0000,6149,2958.2108,0.0000,999,1000,999,1,52.4325
61500.0000,6150,2958.2174,0.0000,999,1000,1000,1,52.3844
61510.0000,6151,2958.2242,0.0000,999,1000,1000,1,52.4373
61520.0000,6152,2958.2309,0.0000,999,1000,1000,1,52.5913
61530.0000,6153,2958.2376,0.0000,999,1000,1000,1,52.7453
61540.0000,6154,2958.2443,0.0000,1000,1000,1000,1,52.8992
61550.0000,6155,2958.2509,0.0000,999,1000,1000,1,52.7487
61560.0000,6156,2958.2573,0.0000,1000,1000,1000,1,52.2951
61570.0000,6157,2958.2639,0.0000,1000,1000,1000,1,52.3479
61580.0000,6158,2958.2704,0.0000,998,998,998,1,52.2997
61590.0000,6159,2958.2769,0.0000,999,999,1000,1,52.4536
61600.0000,6160,2958.2836,0.0000,999,1000,1000,1,52.5062
61610.0000,6161,2958.2902,0.0000,1000,999,1000,1,52.5588
61620.0000,6162,2958.2968,0.0000,1000,999,999,1,52.6112
61630.0000,6163,2958.3034,0.0000,1000,999,1000,1,52.6635
61640.0000,6164,2958.3101,0.0000,999,999,1000,1,52.8172
61650.0000,6165,2958.3166,0.0000,1000,1000,1000,1,52.7679
61660.0000,6166,2958.3232,0.0000,999,999,1000,1,52.7185
61670.0000,6167,2958.3297,0.0000,1000,1000,1000,1,52.4672
61680.0000,6168,2958.3363,0.0000,999,1000,1000,1,52.5196
61690.0000,6169,2958.3429,0.0000,999,1000,1000,1,52.6732
61700.0000,6170,2958.3495,0.0000,1000,1000,1000,1,52.7252
61710.0000,6171,2958.3562,0.0000,1000,1000,1000,1,52.6757
61720.0000,6172,2958.3628,0.0000,1000,1000,1000,1,52.6266
61730.0000,6173,2958.3694,0.0000,999,1000,1000,1,52.6786
61740.0000,6174,2958.3761,0.0000,1000,1000,1000,1,52.8320
61750.0000,6175,2958.3827,0.0000,999,999,1000,1,52.9854
61760.0000,6176,2958.3894,0.0000,1000,1000,1000,1,53.1387
61770.0000,6177,2958.3960,0.0000,1000,1000,1000,1,53.1902
61780.0000,6178,2958.4027,0.0000,1000,1000,1000,1,53.3435
61790.0000,6179,2958.4092,0.0000,1000,1000,1000,1,53.2928
61800.0000,6180,2958.4159,0.0000,1000,1000,1000,1,53.3441
61810.0000,6181,2958.4225,0.0000,1000,1000,1000,1,53.3952
61820.0000,6182,2958.4290,0.0000,999,1000,1000,1,53.3442
61830.0000,6183,2958.4356,0.0000,1000,1000,1000,1,53.2933
61840.0000,6184,2958.4421,0.0000,998,1000,999,1,53.1404
61850.0000,6185,2958.4485,0.0000,999,1000,1000,1,53.0895
61860.0000,6186,2958.4549,0.0000,999,1000,999,1,52.8357
61870.0000,6187,2958.4614,0.0000,1000,1000,1000,1,52.8874
61880.0000,6188,2958.4680,0.0000,1000,1000,1000,1,52.9390
61890.0000,6189,2958.4745,0.0000,998,999,1000,1,52.7877
61900.0000,6190,2958.4811,0.0000,999,1000,1000,1,52.9407
61910.0000,6191,2958.4877,0.0000,999,1000,1000,1,53.0937
61920.0000,6192,2958.4942,0.0000,999,1000,1000,1,53.1449
61930.0000,6193,2958.5007,0.0000,999,1000,1000,1,52.9930
61940.0000,6194,2958.5072,0.0000,999,999,1000,1,52.8413
61950.0000,6195,2958.5138,0.0000,999,1000,1000,1,52.7915
61960.0000,6196,2958.5203,0.0000,999,1000,1000,1,52.7417
61970.0000,6197,2958.5268,0.0000,1000,1000,1000,1,52.7932
61980.0000,6198,2958.5334,0.0000,999,1000,1000,1,52.9460
61990.0000,6199,2958.5399,0.0000,1000,1000,1000,1,52.7942
62000.0000,6200,2958.5465,0.0000,999,1000,1000,1,52.8454
62010.0000,6201,2958.5530,0.0000,1000,999,999,1,52.7958
62020.0000,6202,2958.5594,0.0000,1000,1000,1000,1,52.8472
62030.0000,6203,2958.5659,0.0000,998,999,999,1,52.8986
62040.0000,6204,2958.5723,0.0000,1000,1000,1000,1,52.4438
62050.0000,6205,2958.5787,0.0000,998,1000,999,1,52.1922
62060.0000,6206,2958.5852,0.0000,999,1000,1000,1,52.2442
62070.0000,6207,2958.5918,0.0000,999,1000,1000,1,52.3968
62080.0000,6208,2958.5982,0.0000,999,999,1000,1,52.3473
62090.0000,6209,2958.6046,0.0000,999,999,1000,1,52.0956
62100.0000,6210,2958.6109,0.0000,1000,999,1000,1,52.0462
62110.0000,6211,2958.6174,0.0000,998,999,999,1,51.9964
62120.0000,6212,2958.6239,0.0000,999,999,1000,1,52.0478
62130.0000,6213,2958.6304,0.0000,999,999,1000,1,52.0991
62140.0000,6214,2958.6368,0.0000,1000,999,1000,1,52.1503
62150.0000,6215,2958.6433,0.0000,1000,1000,999,1,52.1001
62160.0000,6216,2958.6499,0.0000,1000,1000,1000,1,52.2525
62170.0000,6217,2958.6565,0.0000,1000,1000,1000,1,52.4050
62180.0000,6218,2958.6630,0.0000,1000,999,1000,1,52.4558
62190.0000,6219,2958.6696,0.0000,1000,1000,1000,1,52.5065
62200.0000,6220,2958.6762,0.0000,1000,1000,1000,1,52.5570
62210.0000,6221,2958.6826,0.0000,999,999,999,1,52.4043
62220.0000,6222,2958.6890,0.0000,999,999,1000,1,52.4551
62230.0000,6223,2958.6955,0.0000,999,1000,1000,1,52.3034
62240.0000,6224,2958.7020,0.0000,1000,1000,1000,1,52.0511
62250.0000,6225,2958.7086,0.0000,1000,1000,1000,1,52.2034
62260.0000,6226,2958.7150,0.0000,998,1000,1000,1,52.2543
62270.0000,6227,2958.7215,0.0000,999,1000,1000,1,52.2040
62280.0000,6228,2958.7280,0.0000,999,1000,1000,1,52.2548
62290.0000,6229,2958.7345,0.0000,999,1000,1000,1,52.2040
62300.0000,6230,2958.7409,0.0000,1000,1000,1000,1,52.2548
62310.0000,6231,2958.7472,0.0000,999,1000,999,1,52.2040
62320.0000,6232,2958.7537,0.0000,999,1000,1000,1,52.2547
62330.0000,6233,2958.7602,0.0000,1000,1000,1000,1,52.3053
62340.0000,6234,2958.7666,0.0000,999,998,1000,1,52.3555
62350.0000,6235,2958.7730,0.0000,1000,1000,1000,1,52.2023
62360.0000,6236,2958.7795,0.0000,1000,1000,1000,1,52.3542
62370.0000,6237,2958.7859,0.0000,1000,999,999,1,52.4041
62380.0000,6238,2958.7923,0.0000,999,999,1000,1,52.3525
62390.0000,6239,2958.7986,0.0000,999,999,999,1,51.9970
62400.0000,6240,2958.8048,0.0000,998,999,999,1,51.7429
62410.0000,6241,2958.8111,0.0000,998,1000,1000,1,51.3876
62420.0000,6242,2958.8174,0.0000,1000,1000,1000,1,50.9342
62430.0000,6243,2958.8240,0.0000,999,999,1000,1,51.0863
62440.0000,6244,2958.8304,0.0000,1000,1000,1000,1,51.1374
62450.0000,6245,2958.8365,0.0000,998,997,998,1,50.7850
62460.0000,6246,2958.8427,0.0000,1000,1000,1000,1,50.7357
62470.0000,6247,2958.8491,0.0000,999,1000,1000,1,50.7872
62480.0000,6248,2958.8555,0.0000,999,999,1000,1,50.8386
62490.0000,6249,2958.8620,0.0000,1000,999,1000,1,50.9905
62500.0000,6250,2958.8683,0.0000,999,1000,1000,1,51.0415
62510.0000,6251,2958.8747,0.0000,999,999,999,1,50.9916
62520.0000,6252,2958.8811,0.0000,999,1000,1000,1,50.9420
62530.0000,6253,2958.8875,0.0000,1000,1000,1000,1,50.9929
62540.0000,6254,2958.8939,0.0000,999,999,1000,1,50.9428
62550.0000,6255,2958.9003,0.0000,998,999,999,1,50.9936
62560.0000,6256,2958.9067,0.0000,999,1000,1000,1,51.0446
62570.0000,6257,2958.9132,0.0000,999,1000,1000,1,51.1963
62580.0000,6258,2958.9196,0.0000,999,999,1000,1,51.2470
62590.0000,6259,2958.9260,0.0000,1000,1000,1000,1,51.1966
62600.0000,6260,2958.9324,0.0000,1000,1000,1000,1,51.2474
62610.0000,6261,2958.9388,0.0000,1000,999,1000,1,51.1972
62620.0000,6262,2958.9452,0.0000,1000,1000,1000,1,51.3487
62630.0000,6263,2958.9515,0.0000,999,999,1000,1,51.3992
62640.0000,6264,2958.9579,0.0000,1000,1000,1000,1,51.3487
62650.0000,6265,2958.9644,0.0000,1000,1000,1000,1,51.5001
62660.0000,6266,2958.9708,0.0000,998,998,1000,1,51.5501
62670.0000,6267,2958.9771,0.0000,1000,1000,1000,1,51.7014
62680.0000,6268,2958.9835,0.0000,999,1000,1000,1,51.7511
62690.0000,6269,2958.9899,0.0000,999,1000,1000,1,51.6989
62700.0000,6270,2958.9963,0.0000,1000,999,999,1,51.7483
62710.0000,6271,2959.0026,0.0000,999,999,1000,1,51.6958
62720.0000,6272,2959.0087,0.0000,999,1000,999,1,51.5418
62730.0000,6273,2959.0151,0.0000,999,999,1000,1,51.5913
62740.0000,6274,2959.0214,0.0000,999,1000,1000,1,51.6408
62750.0000,6275,2959.0278,0.0000,1000,1000,1000,1,51.6902
62760.0000,6276,2959.0342,0.0000,1000,1000,1000,1,51.8413
62770.0000,6277,2959.0407,0.0000,999,1000,1000,1,51.8903
62780.0000,6278,2959.0471,0.0000,1000,1000,1000,1,51.9392
62790.0000,6279,2959.0535,0.0000,1000,1000,1000,1,51.9880
62800.0000,6280,2959.0600,0.0000,999,1000,1000,1,52.0368
62810.0000,6281,2959.0663,0.0000,1000,999,999,1,51.8808
62820.0000,6282,2959.0727,0.0000,999,1000,1000,1,51.8270
62830.0000,6283,2959.0790,0.0000,999,999,999,1,51.6717
62840.0000,6284,2959.0853,0.0000,999,1000,1000,1,51.8225
62850.0000,6285,2959.0917,0.0000,1000,1000,1000,1,51.8715
62860.0000,6286,2959.0980,0.0000,1000,999,1000,1,51.8185
62870.0000,6287,2959.1044,0.0000,1000,1000,1000,1,51.9693
62880.0000,6288,2959.1108,0.0000,999,999,999,1,52.0180
62890.0000,6289,2959.1171,0.0000,1000,999,1000,1,52.0667
62900.0000,6290,2959.1232,0.0000,999,1000,1000,1,51.8089
62910.0000,6291,2959.1297,0.0000,1000,1000,1000,1,51.9597
62920.0000,6292,2959.1361,0.0000,999,1000,1000,1,52.0082
62930.0000,6293,2959.1425,0.0000,1000,1000,1000,1,52.1589
62940.0000,6294,2959.1489,0.0000,999,1000,1000,1,52.3094
62950.0000,6295,2959.1552,0.0000,1000,1000,1000,1,52.1528
62960.0000,6296,2959.1615,0.0000,1000,1000,1000,1,52.3034
62970.0000,6297,2959.1680,0.0000,999,1000,1000,1,52.4539
62980.0000,6298,2959.1743,0.0000,1000,999,1000,1,52.3991
62990.0000,6299,2959.1805,0.0000,999,999,1000,1,52.2427
63000.0000,6300,2959.1869,0.0000,1000,1000,1000,1,52.2909
63010.0000,6301,2959.1932,0.0000,999,999,1000,1,52.2369
63020.0000,6302,2959.1995,0.0000,1000,1000,1000,1,52.1831
63030.0000,6303,2959.2058,0.0000,999,1000,1000,1,52.3335
63040.0000,6304,2959.2121,0.0000,1000,1000,1000,1,52.3815
63050.0000,6305,2959.2184,0.0000,999,1000,1000,1,52.4294
63060.0000,6306,2959.2247,0.0000,999,999,999,1,52.3748
63070.0000,6307,2959.2310,0.0000,999,1000,1000,1,52.5250
63080.0000,6308,2959.2372,0.0000,999,1000,1000,1,52.5727
63090.0000,6309,2959.2435,0.0000,999,1000,1000,1,52.5174
63100.0000,6310,2959.2498,0.0000,999,1000,1000,1,52.5649
63110.0000,6311,2959.2560,0.0000,999,1000,999,1,52.4065
63120.0000,6312,2959.2621,0.0000,998,999,999,1,52.3510
63130.0000,6313,2959.2682,0.0000,1000,1000,1000,1,52.2958
63140.0000,6314,2959.2745,0.0000,1000,999,1000,1,52.2402
63150.0000,6315,2959.2808,0.0000,999,999,1000,1,52.2874
63160.0000,6316,2959.2870,0.0000,999,1000,999,1,52.1284
63170.0000,6317,2959.2933,0.0000,1000,1000,1000,1,52.2785
63180.0000,6318,2959.2996,0.0000,1000,1000,1000,1,52.3254
63190.0000,6319,2959.3060,0.0000,999,1000,1000,1,52.4754
63200.0000,6320,2959.3121,0.0000,999,999,999,1,52.2143
63210.0000,6321,2959.3183,0.0000,999,1000,1000,1,52.0566
63220.0000,6322,2959.3245,0.0000,1000,1000,1000,1,52.1039
63230.0000,6323,2959.3308,0.0000,999,1000,1000,1,52.2538
63240.0000,6324,2959.3371,0.0000,1000,999,1000,1,52.3009
63250.0000,6325,2959.3433,0.0000,1000,1000,1000,1,52.1431
63260.0000,6326,2959.3497,0.0000,1000,1000,1000,1,52.1904
63270.0000,6327,2959.3560,0.0000,1000,1000,1000,1,52.3402
63280.0000,6328,2959.3622,0.0000,999,999,1000,1,52.2846
63290.0000,6329,2959.3686,0.0000,1000,1000,1000,1,52.4344
63300.0000,6330,2959.3749,0.0000,999,1000,1000,1,52.5841
63310.0000,6331,2959.3810,0.0000,1000,1000,1000,1,52.4248
63320.0000,6332,2959.3873,0.0000,1000,1000,1000,1,52.4720
63330.0000,6333,2959.3936,0.0000,1000,1000,1000,1,52.6216
63340.0000,6334,2959.4000,0.0000,1000,1000,1000,1,52.7712
63350.0000,6335,2959.4063,0.0000,999,1000,999,1,52.8178
63360.0000,6336,2959.4125,0.0000,999,1000,1000,1,52.9673
63370.0000,6337,2959.4187,0.0000,1000,1000,1000,1,52.7044
63380.0000,6338,2959.4246,0.0000,999,998,1000,1,52.6477
63390.0000,6339,2959.4308,0.0000,999,999,1000,1,52.5911
63400.0000,6340,2959.4368,0.0000,999,999,1000,1,52.2270
63410.0000,6341,2959.4429,0.0000,999,1000,1000,1,51.8653
63420.0000,6342,2959.4492,0.0000,1000,1000,1000,1,52.0148
63430.0000,6343,2959.4555,0.0000,1000,999,1000,1,51.9598
63440.0000,6344,2959.4618,0.0000,999,1000,1000,1,52.1093
63450.0000,6345,2959.4680,0.0000,999,1000,1000,1,52.1566
63460.0000,6346,2959.4742,0.0000,999,999,1000,1,52.1015
63470.0000,6347,2959.4805,0.0000,998,999,999,1,52.1485
63480.0000,6348,2959.4867,0.0000,999,1000,1000,1,52.0937
63490.0000,6349,2959.4930,0.0000,1000,1000,1000,1,52.2430
63500.0000,6350,2959.4993,0.0000,1000,1000,1000,1,52.2901
63510.0000,6351,2959.5056,0.0000,1000,1000,1000,1,52.4394
63520.0000,6352,2959.5118,0.0000,1000,1000,1000,1,52.4861
63530.0000,6353,2959.5181,0.0000,999,999,1000,1,52.6352
63540.0000,6354,2959.5244,0.0000,999,999,1000,1,52.6818
63550.0000,6355,2959.5306,0.0000,1000,999,1000,1,52.5233
63560.0000,6356,2959.5368,0.0000,1000,999,1000,1,52.5698
63570.0000,6357,2959.5431,0.0000,1000,1000,1000,1,52.7188
63580.0000,6358,2959.5492,0.0000,999,1000,1000,1,52.4577
63590.0000,6359,2959.5555,0.0000,999,1000,1000,1,52.6067
63600.0000,6360,2959.5617,0.0000,1000,1000,1000,1,52.6531
63610.0000,6361,2959.5680,0.0000,1000,1000,1000,1,52.6995
63620.0000,6362,2959.5742,0.0000,999,1000,1000,1,52.7458
63630.0000,6363,2959.5803,0.0000,998,1000,999,1,52.6893
63640.0000,6364,2959.5864,0.0000,999,999,1000,1,52.5301
63650.0000,6365,2959.5925,0.0000,999,1000,1000,1,52.4742
63660.0000,6366,2959.5987,0.0000,999,1000,1000,1,52.4182
63670.0000,6367,2959.6049,0.0000,999,999,1000,1,52.4644
63680.0000,6368,2959.6110,0.0000,999,999,999,1,52.3055
63690.0000,6369,2959.6171,0.0000,998,999,999,1,52.2493
63700.0000,6370,2959.6231,0.0000,998,999,999,1,51.9881
63710.0000,6371,2959.6291,0.0000,999,999,1000,1,51.9320
63720.0000,6372,2959.6353,0.0000,999,1000,999,1,51.7748
63730.0000,6373,2959.6414,0.0000,999,999,1000,1,51.8217
63740.0000,6374,2959.6476,0.0000,1000,1000,1000,1,51.6646
63750.0000,6375,2959.6538,0.0000,1000,999,1000,1,51.7116
63760.0000,6376,2959.6599,0.0000,999,1000,1000,1,51.6568
63770.0000,6377,2959.6660,0.0000,1000,999,999,1,51.4999
63780.0000,6378,2959.6721,0.0000,1000,1000,1000,1,51.3432
63790.0000,6379,2959.6783,0.0000,1000,1000,1000,1,51.4919
63800.0000,6380,2959.6844,0.0000,1000,1000,1000,1,51.4371
63810.0000,6381,2959.6906,0.0000,999,1000,1000,1,51.5858
63820.0000,6382,2959.6968,0.0000,999,999,1000,1,51.7344
63830.0000,6383,2959.7028,0.0000,1000,999,1000,1,51.4752
63840.0000,6384,2959.7090,0.0000,999,999,1000,1,51.5218
63850.0000,6385,2959.7152,0.0000,1000,999,1000,1,51.3659
63860.0000,6386,2959.7213,0.0000,1000,1000,1000,1,51.4129
63870.0000,6387,2959.7275,0.0000,999,999,1000,1,51.5614
63880.0000,6388,2959.7336,0.0000,1000,1000,1000,1,51.6081
63890.0000,6389,2959.7397,0.0000,1000,1000,1000,1,51.4511
63900.0000,6390,2959.7460,0.0000,1000,1000,1000,1,51.5996
63910.0000,6391,2959.7523,0.0000,1000,1000,1000,1,51.7480
63920.0000,6392,2959.7583,0.0000,1000,1000,1000,1,51.5902
63930.0000,6393,2959.7643,0.0000,1000,1000,1000,1,51.6364
63940.0000,6394,2959.7705,0.0000,999,1000,1000,1,51.7847
63950.0000,6395,2959.7766,0.0000,1000,1000,1000,1,51.4223
63960.0000,6396,2959.7828,0.0000,999,1000,999,1,51.4685
63970.0000,6397,2959.7889,0.0000,998,1000,1000,1,51.3104
63980.0000,6398,2959.7949,0.0000,1000,1000,1000,1,51.1526
63990.0000,6399,2959.8010,0.0000,999,999,1000,1,51.1990
64000.0000,6400,2959.8071,0.0000,1000,1000,1000,1,51.2454
64010.0000,6401,2959.8133,0.0000,999,1000,1000,1,51.3936
64020.0000,6402,2959.8195,0.0000,999,1000,1000,1,51.3380
64030.0000,6403,2959.8256,0.0000,1000,1000,1000,1,51.3841
64040.0000,6404,2959.8317,0.0000,999,999,999,1,51.4301
64050.0000,6405,2959.8378,0.0000,999,1000,1000,1,51.3741
64060.0000,6406,2959.8439,0.0000,1000,1000,1000,1,51.4200
64070.0000,6407,2959.8497,0.0000,997,998,998,1,50.9556
64080.0000,6408,2959.8554,0.0000,1000,1000,1000,1,51.0016
64090.0000,6409,2959.8615,0.0000,1000,999,1000,1,51.0479
64100.0000,6410,2959.8675,0.0000,999,1000,999,1,50.8909
64110.0000,6411,2959.8737,0.0000,999,999,1000,1,51.0389
64120.0000,6412,2959.8798,0.0000,1000,1000,999,1,51.0852
64130.0000,6413,2959.8859,0.0000,1000,1000,1000,1,51.0295
64140.0000,6414,2959.8920,0.0000,999,1000,1000,1,51.0756
64150.0000,6415,2959.8982,0.0000,1000,999,1000,1,51.2235
64160.0000,6416,2959.9041,0.0000,999,1000,1000,1,51.2693
64170.0000,6417,2959.9103,0.0000,1000,1000,1000,1,51.4171
64180.0000,6418,2959.9164,0.0000,1000,1000,1000,1,51.2580
64190.0000,6419,2959.9225,0.0000,999,1000,1000,1,51.3035
64200.0000,6420,2959.9286,0.0000,1000,1000,1000,1,51.4513
64210.0000,6421,2959.9347,0.0000,999,1000,1000,1,51.1896
64220.0000,6422,2959.9408,0.0000,1000,1000,1000,1,51.2352
64230.0000,6423,2959.9469,0.0000,999,1000,1000,1,51.2806
64240.0000,6424,2959.9529,0.0000,998,999,1000,1,51.2238
64250.0000,6425,2959.9589,0.0000,999,999,1000,1,51.3714
64260.0000,6426,2959.9650,0.0000,1000,999,1000,1,51.4167
64270.0000,6427,2959.9711,0.0000,999,1000,1000,1,51.4618
64280.0000,6428,2959.9772,0.0000,999,999,1000,1,51.6094
64290.0000,6429,2959.9833,0.0000,1000,1000,1000,1,51.7569
64300.0000,6430,2959.9895,0.0000,999,999,999,1,51.8014
64310.0000,6431,2959.9953,0.0000,1000,1000,1000,1,51.5370
64320.0000,6432,2960.0012,0.0000,998,999,999,1,51.2732
64330.0000,6433,2960.0072,0.0000,999,1000,1000,1,51.3181
64340.0000,6434,2960.0133,0.0000,999,1000,1000,1,51.4655
64350.0000,6435,2960.0194,0.0000,1000,1000,999,1,51.4074
64360.0000,6436,2960.0256,0.0000,1000,1000,1000,1,51.5548
64370.0000,6437,2960.0317,0.0000,999,1000,999,1,51.4962
64380.0000,6438,2960.0376,0.0000,1000,1000,1000,1,51.4374
64390.0000,6439,2960.0438,0.0000,999,999,999,1,51.4817
64400.0000,6440,2960.0496,0.0000,999,1000,1000,1,51.6289
64410.0000,6441,2960.0557,0.0000,1000,999,1000,1,51.6729
64420.0000,6442,2960.0611,0.0000,998,1000,1000,1,51.2020
64430.0000,6443,2960.0670,0.0000,1000,1000,999,1,50.7338
64440.0000,6444,2960.0730,0.0000,1000,999,1000,1,50.8810
64450.0000,6445,2960.0790,0.0000,999,999,999,1,50.9255
64460.0000,6446,2960.0851,0.0000,999,999,1000,1,50.9701
64470.0000,6447,2960.0911,0.0000,999,1000,1000,1,51.0146
64480.0000,6448,2960.0972,0.0000,999,999,1000,1,50.7514
64490.0000,6449,2960.1032,0.0000,1000,1000,1000,1,50.5918
64500.0000,6450,2960.1092,0.0000,1000,1000,1000,1,50.7390
64510.0000,6451,2960.1152,0.0000,1000,1000,1000,1,50.7837
64520.0000,6452,2960.1212,0.0000,1000,1000,1000,1,50.7256
64530.0000,6453,2960.1272,0.0000,1000,1000,1000,1,50.6678
64540.0000,6454,2960.1332,0.0000,999,1000,1000,1,50.7126
64550.0000,6455,2960.1392,0.0000,999,999,1000,1,50.7572
64560.0000,6456,2960.1453,0.0000,999,999,1000,1,50.8017
64570.0000,6457,2960.1512,0.0000,1000,1000,1000,1,50.6409
64580.0000,6458,2960.1571,0.0000,999,1000,999,1,50.5827
64590.0000,6459,2960.1631,0.0000,999,999,1000,1,50.6270
64600.0000,6460,2960.1689,0.0000,999,999,999,1,50.2621
64610.0000,6461,2960.1750,0.0000,1000,1000,1000,1,50.4091
64620.0000,6462,2960.1810,0.0000,1000,1000,1000,1,50.4538
64630.0000,6463,2960.1871,0.0000,1000,1000,1000,1,50.6008
64640.0000,6464,2960.1931,0.0000,1000,999,1000,1,50.5430
64650.0000,6465,2960.1989,0.0000,1000,1000,1000,1,50.2806
64660.0000,6466,2960.2049,0.0000,1000,1000,1000,1,50.2229
64670.0000,6467,2960.2108,0.0000,1000,1000,1000,1,50.1656
64680.0000,6468,2960.2168,0.0000,1000,1000,1000,1,50.3124
64690.0000,6469,2960.2229,0.0000,1000,1000,1000,1,50.3571
64700.0000,6470,2960.2288,0.0000,999,1000,1000,1,50.4019
64710.0000,6471,2960.2348,0.0000,1000,999,1000,1,50.3446
64720.0000,6472,2960.2407,0.0000,1000,999,999,1,50.1854
64730.0000,6473,2960.2467,0.0000,999,999,1000,1,50.2303
64740.0000,6474,2960.2527,0.0000,999,999,999,1,49.9715
64750.0000,6475,2960.2586,0.0000,999,1000,1000,1,50.0171
64760.0000,6476,2960.2647,0.0000,1000,1000,1000,1,50.1638
64770.0000,6477,2960.2707,0.0000,1000,999,1000,1,50.2089
64780.0000,6478,2960.2766,0.0000,1000,1000,1000,1,50.2540
64790.0000,6479,2960.2826,0.0000,999,1000,1000,1,50.4006
64800.0000,6480,2960.2886,0.0000,999,1000,1000,1,50.3445
64810.0000,6481,2960.2945,0.0000,1000,999,1000,1,50.3899
64820.0000,6482,2960.3004,0.0000,1000,1000,1000,1,50.3340
64830.0000,6483,2960.3064,0.0000,999,1000,1000,1,50.2780
64840.0000,6484,2960.3124,0.0000,1000,1000,1000,1,50.1211
64850.0000,6485,2960.3183,0.0000,999,1000,1000,1,50.0658
64860.0000,6486,2960.3243,0.0000,999,1000,1000,1,50.1113
64870.0000,6487,2960.3302,0.0000,998,1000,999,1,50.0562
64880.0000,6488,2960.3362,0.0000,999,1000,1000,1,49.9012
64890.0000,6489,2960.3420,0.0000,999,1000,1000,1,49.5459
64900.0000,6490,2960.3480,0.0000,1000,1000,1000,1,49.5920
64910.0000,6491,2960.3540,0.0000,1000,999,1000,1,49.7384
64920.0000,6492,2960.3600,0.0000,1000,999,1000,1,49.7842
64930.0000,6493,2960.3660,0.0000,1000,1000,1000,1,49.9305
64940.0000,6494,2960.3720,0.0000,999,999,999,1,49.9760
64950.0000,6495,2960.3779,0.0000,1000,999,999,1,50.0211
64960.0000,6496,2960.3838,0.0000,1000,1000,1000,1,49.8652
64970.0000,6497,2960.3897,0.0000,999,1000,1000,1,49.7114
64980.0000,6498,2960.3956,0.0000,1000,1000,999,1,49.7576
64990.0000,6499,2960.4015,0.0000,999,1000,1000,1,49.8041
65000.0000,6500,2960.4074,0.0000,1000,999,1000,1,49.8504
65010.0000,6501,2960.4133,0.0000,999,999,1000,1,49.7971
65020.0000,6502,2960.4190,0.0000,999,1000,1000,1,49.7435
65030.0000,6503,2960.4249,0.0000,999,999,1000,1,49.7900
65040.0000,6504,2960.4308,0.0000,1000,1000,1000,1,49.5373
65050.0000,6505,2960.4368,0.0000,1000,1000,1000,1,49.6834
65060.0000,6506,2960.4426,0.0000,998,998,999,1,49.4320
65070.0000,6507,2960.4484,0.0000,1000,1000,1000,1,49.4789
65080.0000,6508,2960.4544,0.0000,999,1000,1000,1,49.4264
65090.0000,6509,2960.4604,0.0000,999,1000,1000,1,49.5724
65100.0000,6510,2960.4664,0.0000,999,999,1000,1,49.6189
65110.0000,6511,2960.4722,0.0000,998,999,1000,1,49.2680
65120.0000,6512,2960.4781,0.0000,1000,1000,1000,1,49.3147
65130.0000,6513,2960.4840,0.0000,1000,1000,1000,1,49.4607
65140.0000,6514,2960.4900,0.0000,999,1000,1000,1,49.5070
65150.0000,6515,2960.4958,0.0000,999,999,1000,1,49.4536
65160.0000,6516,2960.5017,0.0000,999,1000,1000,1,49.4003
65170.0000,6517,2960.5076,0.0000,999,999,1000,1,49.2480
65180.0000,6518,2960.5136,0.0000,999,1000,1000,1,49.2949
65190.0000,6519,2960.5194,0.0000,1000,1000,999,1,49.1439
65200.0000,6520,2960.5251,0.0000,999,1000,1000,1,48.9932
65210.0000,6521,2960.5310,0.0000,999,999,1000,1,49.0403
65220.0000,6522,2960.5370,0.0000,999,1000,1000,1,49.1861
65230.0000,6523,2960.5428,0.0000,999,1000,1000,1,48.9355
65240.0000,6524,2960.5487,0.0000,999,1000,1000,1,49.0812
65250.0000,6525,2960.5546,0.0000,1000,1000,999,1,49.1278
65260.0000,6526,2960.5605,0.0000,999,999,999,1,48.9765
65270.0000,6527,2960.5664,0.0000,999,1000,1000,1,49.0232
65280.0000,6528,2960.5723,0.0000,1000,1000,1000,1,49.1689
65290.0000,6529,2960.5783,0.0000,1000,1000,1000,1,49.3145
65300.0000,6530,2960.5843,0.0000,1000,1000,1000,1,49.4601
65310.0000,6531,2960.5902,0.0000,1000,1000,1000,1,49.5062
65320.0000,6532,2960.5961,0.0000,1000,999,1000,1,49.3532
65330.0000,6533,2960.6020,0.0000,1000,999,1000,1,49.2998
65340.0000,6534,2960.6078,0.0000,999,1000,1000,1,49.2468
65350.0000,6535,2960.6136,0.0000,1000,1000,1000,1,49.2931
65360.0000,6536,2960.6195,0.0000,999,1000,1000,1,49.3395
65370.0000,6537,2960.6254,0.0000,999,1000,1000,1,49.3857
65380.0000,6538,2960.6313,0.0000,1000,1000,1000,1,49.4317
65390.0000,6539,2960.6372,0.0000,1000,1000,1000,1,49.5771
65400.0000,6540,2960.6431,0.0000,1000,1000,1000,1,49.7224
65410.0000,6541,2960.6490,0.0000,999,999,1000,1,49.7681
65420.0000,6542,2960.6548,0.0000,999,1000,1000,1,49.6143
65430.0000,6543,2960.6597,0.0000,997,1000,1000,1,49.2611
65440.0000,6544,2960.6654,0.0000,1000,1000,1000,1,49.0081
65450.0000,6545,2960.6713,0.0000,1000,1000,1000,1,49.0538
65460.0000,6546,2960.6772,0.0000,1000,1000,1000,1,48.9000
65470.0000,6547,2960.6830,0.0000,1000,1000,1000,1,48.9457
65480.0000,6548,2960.6889,0.0000,999,999,1000,1,49.0909
65490.0000,6549,2960.6949,0.0000,1000,1000,1000,1,49.2361
65500.0000,6550,2960.7007,0.0000,999,999,999,1,49.1812
65510.0000,6551,2960.7064,0.0000,999,999,999,1,49.1267
65520.0000,6552,2960.7122,0.0000,1000,999,1000,1,48.7740
65530.0000,6553,2960.7181,0.0000,1000,999,999,1,48.6220
65540.0000,6554,2960.7239,0.0000,1000,1000,1000,1,48.6681
65550.0000,6555,2960.7298,0.0000,999,999,1000,1,48.8132
65560.0000,6556,2960.7357,0.0000,999,999,1000,1,48.8591
65570.0000,6557,2960.7414,0.0000,998,999,1000,1,48.6070
65580.0000,6558,2960.7473,0.0000,1000,1000,1000,1,48.6528
65590.0000,6559,2960.7531,0.0000,1000,1000,1000,1,48.6986
65600.0000,6560,2960.7590,0.0000,999,1000,1000,1,48.7446
65610.0000,6561,2960.7648,0.0000,999,999,1000,1,48.8896
65620.0000,6562,2960.7707,0.0000,999,1000,1000,1,48.9354
65630.0000,6563,2960.7766,0.0000,1000,1000,1000,1,49.0804
65640.0000,6564,2960.7823,0.0000,1000,999,999,1,48.9272
65650.0000,6565,2960.7882,0.0000,1000,1000,1000,1,49.0720
65660.0000,6566,2960.7941,0.0000,1000,1000,1000,1,49.2168
65670.0000,6567,2960.8000,0.0000,1000,1000,1000,1,49.2619
65680.0000,6568,2960.8058,0.0000,1000,1000,1000,1,49.4067
65690.0000,6569,2960.8117,0.0000,1000,1000,1000,1,49.4515
65700.0000,6570,2960.8176,0.0000,1000,1000,1000,1,49.5962
65710.0000,6571,2960.8235,0.0000,1000,1000,1000,1,49.7408
65720.0000,6572,2960.8291,0.0000,998,998,999,1,49.4849
65730.0000,6573,2960.8348,0.0000,1000,1000,1000,1,49.3291
65740.0000,6574,2960.8407,0.0000,1000,1000,1000,1,49.4737
65750.0000,6575,2960.8463,0.0000,999,999,999,1,49.2177
65760.0000,6576,2960.8521,0.0000,999,1000,1000,1,49.2623
65770.0000,6577,2960.8579,0.0000,1000,1000,1000,1,49.2075
65780.0000,6578,2960.8635,0.0000,998,998,998,1,48.6549
65790.0000,6579,2960.8691,0.0000,1000,1000,1000,1,48.6004
65800.0000,6580,2960.8749,0.0000,1000,1000,1000,1,48.6455
65810.0000,6581,2960.8807,0.0000,999,999,1000,1,48.5913
65820.0000,6582,2960.8865,0.0000,1000,1000,999,1,48.4382
65830.0000,6583,2960.8923,0.0000,999,1000,1000,1,48.5827
65840.0000,6584,2960.8981,0.0000,1000,999,1000,1,48.4296
65850.0000,6585,2960.9039,0.0000,1000,999,1000,1,48.4751
65860.0000,6586,2960.9097,0.0000,1000,1000,1000,1,48.6196
65870.0000,6587,2960.9155,0.0000,999,1000,1000,1,48.7641
65880.0000,6588,2960.9213,0.0000,999,999,999,1,48.7097
65890.0000,6589,2960.9271,0.0000,1000,1000,1000,1,48.8540
65900.0000,6590,2960.9329,0.0000,1000,1000,1000,1,48.9984
65910.0000,6591,2960.9387,0.0000,999,999,999,1,48.9433
65920.0000,6592,2960.9445,0.0000,1000,1000,1000,1,48.8881
65930.0000,6593,2960.9502,0.0000,1000,1000,1000,1,48.6335
65940.0000,6594,2960.9560,0.0000,999,999,1000,1,48.7778
65950.0000,6595,2960.9615,0.0000,1000,998,1000,1,48.1289
65960.0000,6596,2960.9673,0.0000,1000,1000,1000,1,48.2732
65970.0000,6597,2960.9731,0.0000,1000,1000,1000,1,48.3184
65980.0000,6598,2960.9787,0.0000,998,999,999,1,48.2643
65990.0000,6599,2960.9844,0.0000,1000,999,1000,1,48.0126
66000.0000,6600,2960.9902,0.0000,1000,1000,1000,1,48.0579
66010.0000,6601,2960.9960,0.0000,999,999,1000,1,48.2021
66020.0000,6602,2961.0017,0.0000,999,999,1000,1,48.2471
66030.0000,6603,2961.0075,0.0000,1000,1000,1000,1,48.3913
66040.0000,6604,2961.0133,0.0000,1000,1000,1000,1,48.5353
66050.0000,6605,2961.0191,0.0000,1000,1000,1000,1,48.6794
66060.0000,6606,2961.0249,0.0000,999,1000,1000,1,48.8234
66070.0000,6607,2961.0307,0.0000,999,999,1000,1,48.8676
66080.0000,6608,2961.0363,0.0000,1000,1000,1000,1,48.7132
66090.0000,6609,2961.0420,0.0000,1000,1000,1000,1,48.6582
66100.0000,6610,2961.0478,0.0000,999,1000,1000,1,48.8022
66110.0000,6611,2961.0534,0.0000,998,1000,1000,1,48.4496
66120.0000,6612,2961.0590,0.0000,1000,999,1000,1,48.2958
66130.0000,6613,2961.0648,0.0000,999,1000,1000,1,48.4397
66140.0000,6614,2961.0706,0.0000,999,1000,1000,1,48.4842
66150.0000,6615,2961.0763,0.0000,1000,999,1000,1,48.5287
66160.0000,6616,2961.0821,0.0000,1000,1000,1000,1,48.6725
66170.0000,6617,2961.0879,0.0000,999,999,1000,1,48.8163
66180.0000,6618,2961.0937,0.0000,999,999,1000,1,48.8604
66190.0000,6619,2961.0994,0.0000,999,1000,1000,1,48.7050
66200.0000,6620,2961.1052,0.0000,999,1000,1000,1,48.7492
66210.0000,6621,2961.1109,0.0000,999,1000,999,1,48.6934
66220.0000,6622,2961.1165,0.0000,999,999,1000,1,48.6382
66230.0000,6623,2961.1223,0.0000,1000,1000,1000,1,48.7818
66240.0000,6624,2961.1280,0.0000,1000,1000,1000,1,48.6269
66250.0000,6625,2961.1337,0.0000,1000,1000,1000,1,48.6710
66260.0000,6626,2961.1394,0.0000,1000,1000,1000,1,48.6154
66270.0000,6627,2961.1451,0.0000,1000,1000,1000,1,48.5602
66280.0000,6628,2961.1507,0.0000,999,999,1000,1,48.4064
66290.0000,6629,2961.1564,0.0000,1000,1000,1000,1,48.4512
66300.0000,6630,2961.1622,0.0000,1000,1000,1000,1,48.3976
66310.0000,6631,2961.1679,0.0000,1000,1000,1000,1,48.3438
66320.0000,6632,2961.1735,0.0000,999,999,1000,1,48.3887
66330.0000,6633,2961.1791,0.0000,998,1000,1000,1,48.3348
66340.0000,6634,2961.1847,0.0000,1000,1000,1000,1,48.2813
66350.0000,6635,2961.1905,0.0000,1000,1000,1000,1,48.3261
66360.0000,6636,2961.1962,0.0000,1000,1000,1000,1,48.3707
66370.0000,6637,2961.2019,0.0000,999,999,1000,1,48.4152
66380.0000,6638,2961.2075,0.0000,1000,1000,1000,1,48.3608
66390.0000,6639,2961.2131,0.0000,999,1000,1000,1,48.2074
66400.0000,6640,2961.2187,0.0000,1000,1000,1000,1,48.2518
66410.0000,6641,2961.2244,0.0000,1000,999,1000,1,48.1978
66420.0000,6642,2961.2300,0.0000,1000,1000,1000,1,48.2426
66430.0000,6643,2961.2357,0.0000,999,999,999,1,48.1893
66440.0000,6644,2961.2412,0.0000,998,1000,1000,1,48.0383
66450.0000,6645,2961.2468,0.0000,998,999,999,1,47.9853
66460.0000,6646,2961.2525,0.0000,999,999,1000,1,48.1285
66470.0000,6647,2961.2582,0.0000,1000,1000,1000,1,48.0752
66480.0000,6648,2961.2639,0.0000,999,1000,1000,1,48.1204
66490.0000,6649,2961.2695,0.0000,998,999,999,1,47.9693
66500.0000,6650,2961.2748,0.0000,999,999,999,1,47.7209
66510.0000,6651,2961.2805,0.0000,1000,1000,1000,1,47.6685
66520.0000,6652,2961.2861,0.0000,998,998,999,1,47.7140
66530.0000,6653,2961.2918,0.0000,1000,1000,1000,1,47.8571
66540.0000,6654,2961.2975,0.0000,999,1000,1000,1,48.0002
66550.0000,6655,2961.3031,0.0000,999,999,999,1,48.0453
66560.0000,6656,2961.3088,0.0000,999,1000,1000,1,48.1883
66570.0000,6657,2961.3143,0.0000,1000,1000,1000,1,48.0370
66580.0000,6658,2961.3201,0.0000,999,1000,1000,1,48.1800
66590.0000,6659,2961.3258,0.0000,1000,1000,1000,1,48.2251
66600.0000,6660,2961.3315,0.0000,999,999,999,1,48.2700
66610.0000,6661,2961.3372,0.0000,1000,1000,1000,1,48.4128
66620.0000,6662,2961.3428,0.0000,999,999,999,1,48.3595
66630.0000,6663,2961.3483,0.0000,1000,999,999,1,48.3062
66640.0000,6664,2961.3540,0.0000,999,999,1000,1,48.3510
66650.0000,6665,2961.3596,0.0000,999,1000,1000,1,48.3958
66660.0000,6666,2961.3651,0.0000,1000,1000,1000,1,48.1465
66670.0000,6667,2961.3707,0.0000,1000,1000,1000,1,48.1915
66680.0000,6668,2961.3764,0.0000,1000,1000,1000,1,48.2367
66690.0000,6669,2961.3821,0.0000,1000,1000,1000,1,48.2817
66700.0000,6670,2961.3877,0.0000,998,999,999,1,48.1316
66710.0000,6671,2961.3933,0.0000,999,999,999,1,47.9818
66720.0000,6672,2961.3989,0.0000,1000,1000,1000,1,48.0270
66730.0000,6673,2961.4046,0.0000,999,999,1000,1,48.0721
66740.0000,6674,2961.4100,0.0000,999,999,1000,1,48.0203
66750.0000,6675,2961.4157,0.0000,1000,1000,1000,1,48.0657
66760.0000,6676,2961.4212,0.0000,1000,1000,1000,1,47.9175
66770.0000,6677,2961.4268,0.0000,999,1000,1000,1,47.8667
66780.0000,6678,2961.4324,0.0000,1000,1000,1000,1,47.8161
66790.0000,6679,2961.4380,0.0000,999,1000,1000,1,47.8622
66800.0000,6680,2961.4437,0.0000,999,999,1000,1,48.0047
66810.0000,6681,2961.4493,0.0000,998,999,999,1,47.8575
66820.0000,6682,2961.4547,0.0000,999,1000,1000,1,47.8071
66830.0000,6683,2961.4603,0.0000,1000,1000,1000,1,47.7566
66840.0000,6684,2961.4660,0.0000,999,1000,1000,1,47.8026
66850.0000,6685,2961.4716,0.0000,1000,1000,1000,1,47.9450
66860.0000,6686,2961.4773,0.0000,1000,999,1000,1,48.0874
66870.0000,6687,2961.4829,0.0000,1000,1000,1000,1,48.1329
66880.0000,6688,2961.4885,0.0000,1000,1000,1000,1,48.0813
66890.0000,6689,2961.4940,0.0000,998,999,999,1,47.8363
66900.0000,6690,2961.4993,0.0000,999,999,1000,1,47.4005
66910.0000,6691,2961.5050,0.0000,1000,1000,1000,1,47.4468
66920.0000,6692,2961.5106,0.0000,999,1000,1000,1,47.3971
66930.0000,6693,2961.5161,0.0000,1000,1000,1000,1,47.4432
66940.0000,6694,2961.5218,0.0000,1000,999,1000,1,47.4893
66950.0000,6695,2961.5274,0.0000,1000,999,1000,1,47.5354
66960.0000,6696,2961.5330,0.0000,998,1000,999,1,47.4851
66970.0000,6697,2961.5386,0.0000,1000,1000,1000,1,47.6274
66980.0000,6698,2961.5443,0.0000,1000,1000,1000,1,47.7696
66990.0000,6699,2961.5498,0.0000,1000,1000,1000,1,47.7188
67000.0000,6700,2961.5554,0.0000,999,999,1000,1,47.7645
67010.0000,6701,2961.5609,0.0000,999,1000,1000,1,47.8105
67020.0000,6702,2961.5663,0.0000,999,998,1000,1,47.5687
67030.0000,6703,2961.5718,0.0000,999,1000,1000,1,47.4235
67040.0000,6704,2961.5775,0.0000,999,1000,1000,1,47.5656
67050.0000,6705,2961.5830,0.0000,999,1000,1000,1,47.6117
67060.0000,6706,2961.5885,0.0000,1000,1000,1000,1,47.4671
67070.0000,6707,2961.5940,0.0000,999,1000,999,1,47.3227
67080.0000,6708,2961.5989,0.0000,998,1000,998,1,46.7056
67090.0000,6709,2961.6044,0.0000,999,1000,1000,1,46.6585
67100.0000,6710,2961.6100,0.0000,1000,999,999,1,46.6114
67110.0000,6711,2961.6155,0.0000,1000,999,1000,1,46.3756
67120.0000,6712,2961.6211,0.0000,1000,1000,1000,1,46.4234
67130.0000,6713,2961.6266,0.0000,998,1000,999,1,46.2833
67140.0000,6714,2961.6323,0.0000,1000,1000,1000,1,46.4253
67150.0000,6715,2961.6379,0.0000,999,999,1000,1,46.5673
67160.0000,6716,2961.6435,0.0000,999,1000,1000,1,46.6151
67170.0000,6717,2961.6490,0.0000,999,999,1000,1,46.6627
67180.0000,6718,2961.6546,0.0000,999,1000,1000,1,46.8046
67190.0000,6719,2961.6602,0.0000,1000,1000,1000,1,46.7574
67200.0000,6720,2961.6657,0.0000,999,999,1000,1,46.7104
67210.0000,6721,2961.6713,0.0000,999,1000,1000,1,46.8523
67220.0000,6722,2961.6767,0.0000,1000,1000,1000,1,46.8996
67230.0000,6723,2961.6823,0.0000,1000,1000,999,1,46.8523
67240.0000,6724,2961.6878,0.0000,999,998,1000,1,46.8995
67250.0000,6725,2961.6933,0.0000,999,999,999,1,46.8520
67260.0000,6726,2961.6988,0.0000,1000,1000,1000,1,46.8990
67270.0000,6727,2961.7044,0.0000,999,1000,1000,1,46.9462
67280.0000,6728,2961.7098,0.0000,999,999,1000,1,46.9932
67290.0000,6729,2961.7152,0.0000,999,1000,999,1,46.4732
67300.0000,6730,2961.7208,0.0000,1000,1000,1000,1,46.5205
67310.0000,6731,2961.7263,0.0000,1000,1000,1000,1,46.4736
67320.0000,6732,2961.7318,0.0000,999,999,1000,1,46.5210
67330.0000,6733,2961.7374,0.0000,999,999,1000,1,46.6626
67340.0000,6734,2961.7429,0.0000,1000,1000,1000,1,46.7096
67350.0000,6735,2961.7485,0.0000,1000,1000,1000,1,46.8512
67360.0000,6736,2961.7542,0.0000,999,999,1000,1,46.9927
67370.0000,6737,2961.7596,0.0000,998,1000,999,1,47.0391
67380.0000,6738,2961.7648,0.0000,1000,1000,1000,1,46.9907
67390.0000,6739,2961.7704,0.0000,999,1000,999,1,47.0372
67400.0000,6740,2961.7758,0.0000,1000,1000,1000,1,46.9887
67410.0000,6741,2961.7814,0.0000,1000,1000,1000,1,47.0350
67420.0000,6742,2961.7867,0.0000,999,999,1000,1,47.0814
67430.0000,6743,2961.7921,0.0000,998,999,999,1,46.7485
67440.0000,6744,2961.7975,0.0000,999,999,1000,1,46.7006
67450.0000,6745,2961.8029,0.0000,1000,1000,1000,1,46.5588
67460.0000,6746,2961.8085,0.0000,1000,999,1000,1,46.7001
67470.0000,6747,2961.8139,0.0000,998,998,999,1,46.6527
67480.0000,6748,2961.8194,0.0000,999,1000,1000,1,46.6997
67490.0000,6749,2961.8248,0.0000,998,998,999,1,46.3699
67500.0000,6750,2961.8300,0.0000,999,1000,1000,1,46.0417
67510.0000,6751,2961.8355,0.0000,1000,1000,1000,1,46.1830
67520.0000,6752,2961.8412,0.0000,1000,1000,1000,1,46.3242
67530.0000,6753,2961.8467,0.0000,1000,1000,1000,1,46.3714
67540.0000,6754,2961.8522,0.0000,999,999,999,1,46.3248
67550.0000,6755,2961.8578,0.0000,1000,1000,1000,1,46.4660
67560.0000,6756,2961.8632,0.0000,999,999,999,1,46.1393
67570.0000,6757,2961.8688,0.0000,999,1000,1000,1,46.2804
67580.0000,6758,2961.8742,0.0000,998,998,999,1,46.3279
67590.0000,6759,2961.8797,0.0000,999,1000,1000,1,46.2819
67600.0000,6760,2961.8852,0.0000,999,1000,999,1,46.1426
67610.0000,6761,2961.8906,0.0000,1000,999,999,1,45.9117
67620.0000,6762,2961.8960,0.0000,999,999,1000,1,45.8668
67630.0000,6763,2961.9014,0.0000,998,999,1000,1,45.6370
67640.0000,6764,2961.9064,0.0000,1000,1000,1000,1,45.3172
67650.0000,6765,2961.9118,0.0000,1000,1000,1000,1,45.2743
67660.0000,6766,2961.9173,0.0000,1000,999,1000,1,45.3233
67670.0000,6767,2961.9228,0.0000,1000,999,999,1,45.2799
67680.0000,6768,2961.9281,0.0000,998,1000,998,1,44.8684
67690.0000,6769,2961.9335,0.0000,999,999,1000,1,44.9175
67700.0000,6770,2961.9389,0.0000,999,1000,1000,1,44.8746
67710.0000,6771,2961.9444,0.0000,999,1000,1000,1,45.0157
67720.0000,6772,2961.9500,0.0000,999,1000,1000,1,45.1567
67730.0000,6773,2961.9554,0.0000,1000,1000,1000,1,45.2054
67740.0000,6774,2961.9609,0.0000,999,1000,1000,1,45.3463
67750.0000,6775,2961.9663,0.0000,1000,1000,1000,1,45.3947
67760.0000,6776,2961.9718,0.0000,1000,1000,1000,1,45.5356
67770.0000,6777,2961.9773,0.0000,1000,1000,1000,1,45.6764
67780.0000,6778,2961.9829,0.0000,999,1000,1000,1,45.8172
67790.0000,6779,2961.9884,0.0000,1000,1000,1000,1,45.8650
67800.0000,6780,2961.9936,0.0000,998,1000,1000,1,45.7263
67810.0000,6781,2961.9991,0.0000,999,1000,1000,1,45.8670
67820.0000,6782,2962.0045,0.0000,1000,1000,1000,1,45.9144
67830.0000,6783,2962.0098,0.0000,999,998,1000,1,45.8681
67840.0000,6784,2962.0152,0.0000,999,1000,1000,1,45.7285
67850.0000,6785,2962.0206,0.0000,999,1000,1000,1,45.6833
67860.0000,6786,2962.0262,0.0000,1000,1000,1000,1,45.7310
67870.0000,6787,2962.0316,0.0000,999,999,1000,1,45.7785
67880.0000,6788,2962.0371,0.0000,999,999,1000,1,45.9191
67890.0000,6789,2962.0426,0.0000,999,1000,1000,1,46.0596
67900.0000,6790,2962.0481,0.0000,1000,1000,1000,1,46.0133
67910.0000,6791,2962.0534,0.0000,999,1000,1000,1,45.7802
67920.0000,6792,2962.0586,0.0000,1000,1000,1000,1,45.4555
67930.0000,6793,2962.0641,0.0000,999,1000,1000,1,45.5032
67940.0000,6794,2962.0697,0.0000,1000,1000,1000,1,45.6437
67950.0000,6795,2962.0751,0.0000,1000,1000,1000,1,45.6913
67960.0000,6796,2962.0806,0.0000,999,1000,999,1,45.5534
67970.0000,6797,2962.0859,0.0000,999,999,1000,1,45.4156
67980.0000,6798,2962.0912,0.0000,998,999,1000,1,45.0939
67990.0000,6799,2962.0965,0.0000,1000,1000,998,1,44.8663
68000.0000,6800,2962.1020,0.0000,999,999,1000,1,45.0067
68010.0000,6801,2962.1074,0.0000,1000,1000,1000,1,45.0557
68020.0000,6802,2962.1128,0.0000,1000,1000,1000,1,44.9218
68030.0000,6803,2962.1183,0.0000,1000,1000,1000,1,44.9709
68040.0000,6804,2962.1237,0.0000,999,1000,1000,1,45.1113
68050.0000,6805,2962.1292,0.0000,999,999,1000,1,45.1601
68060.0000,6806,2962.1345,0.0000,1000,1000,1000,1,45.0258
68070.0000,6807,2962.1400,0.0000,999,1000,1000,1,45.0746
68080.0000,6808,2962.1454,0.0000,1000,1000,1000,1,44.9404
68090.0000,6809,2962.1507,0.0000,999,999,1000,1,44.8061
68100.0000,6810,2962.1561,0.0000,999,1000,1000,1,44.9464
68110.0000,6811,2962.1615,0.0000,999,999,1000,1,45.0866
68120.0000,6812,2962.1670,0.0000,999,999,999,1,45.1349
68130.0000,6813,2962.1724,0.0000,999,999,1000,1,44.9999
68140.0000,6814,2962.1777,0.0000,999,1000,1000,1,45.0484
68150.0000,6815,2962.1832,0.0000,999,1000,1000,1,45.1885
68160.0000,6816,2962.1885,0.0000,999,1000,1000,1,45.0537
68170.0000,6817,2962.1938,0.0000,999,1000,1000,1,44.9193
68180.0000,6818,2962.1992,0.0000,999,999,1000,1,44.9678
68190.0000,6819,2962.2045,0.0000,1000,999,1000,1,44.9248
68200.0000,6820,2962.2100,0.0000,1000,1000,1000,1,44.9732
68210.0000,6821,2962.2154,0.0000,1000,1000,1000,1,45.0216
68220.0000,6822,2962.2208,0.0000,999,1000,1000,1,45.1616
68230.0000,6823,2962.2262,0.0000,1000,999,1000,1,45.0265
68240.0000,6824,2962.2316,0.0000,1000,1000,1000,1,45.1664
68250.0000,6825,2962.2368,0.0000,1000,1000,999,1,44.8486
68260.0000,6826,2962.2421,0.0000,999,1000,999,1,44.8970
68270.0000,6827,2962.2475,0.0000,999,1000,1000,1,44.9456
68280.0000,6828,2962.2530,0.0000,1000,1000,1000,1,45.0855
68290.0000,6829,2962.2584,0.0000,999,1000,999,1,45.1336
68300.0000,6830,2962.2636,0.0000,1000,1000,1000,1,45.0899
68310.0000,6831,2962.2689,0.0000,1000,1000,1000,1,45.0460
68320.0000,6832,2962.2743,0.0000,1000,1000,1000,1,45.1858
68330.0000,6833,2962.2798,0.0000,1000,999,1000,1,45.3256
68340.0000,6834,2962.2850,0.0000,1000,1000,1000,1,45.0971
68350.0000,6835,2962.2904,0.0000,1000,1000,1000,1,45.1446
68360.0000,6836,2962.2959,0.0000,1000,1000,999,1,45.1002
68370.0000,6837,2962.3011,0.0000,999,998,998,1,44.7804
68380.0000,6838,2962.3064,0.0000,999,999,999,1,44.7362
68390.0000,6839,2962.3118,0.0000,999,1000,1000,1,44.7841
68400.0000,6840,2962.3172,0.0000,1000,1000,1000,1,44.9238
68410.0000,6841,2962.3226,0.0000,1000,1000,1000,1,44.9713
68420.0000,6842,2962.3280,0.0000,999,999,1000,1,44.9267
68430.0000,6843,2962.3334,0.0000,1000,1000,1000,1,45.0663
68440.0000,6844,2962.3388,0.0000,999,1000,1000,1,45.1137
68450.0000,6845,2962.3442,0.0000,1000,1000,1000,1,45.2532
68460.0000,6846,2962.3495,0.0000,999,1000,1000,1,45.2083
68470.0000,6847,2962.3550,0.0000,1000,1000,1000,1,45.2559
68480.0000,6848,2962.3604,0.0000,1000,1000,1000,1,45.3954
68490.0000,6849,2962.3657,0.0000,999,999,1000,1,45.3510
68500.0000,6850,2962.3711,0.0000,1000,1000,1000,1,45.3985
68510.0000,6851,2962.3764,0.0000,1000,1000,1000,1,45.4460
68520.0000,6852,2962.3819,0.0000,1000,1000,1000,1,45.5853
68530.0000,6853,2962.3873,0.0000,1000,1000,1000,1,45.7245
68540.0000,6854,2962.3928,0.0000,1000,1000,1000,1,45.8638
68550.0000,6855,2962.3982,0.0000,1000,1000,1000,1,46.0030
68560.0000,6856,2962.4036,0.0000,1000,1000,1000,1,46.1421
68570.0000,6857,2962.4089,0.0000,999,1000,1000,1,46.0034
68580.0000,6858,2962.4142,0.0000,1000,1000,1000,1,45.9573
68590.0000,6859,2962.4195,0.0000,1000,999,1000,1,46.0964
68600.0000,6860,2962.4249,0.0000,1000,1000,1000,1,46.1427
68610.0000,6861,2962.4302,0.0000,999,1000,1000,1,46.2817
68620.0000,6862,2962.4356,0.0000,1000,1000,1000,1,46.4207
68630.0000,6863,2962.4410,0.0000,1000,999,1000,1,46.5596
68640.0000,6864,2962.4464,0.0000,1000,999,1000,1,46.6985
68650.0000,6865,2962.4518,0.0000,999,1000,1000,1,46.7440
68660.0000,6866,2962.4570,0.0000,1000,1000,999,1,46.6958
68670.0000,6867,2962.4623,0.0000,999,1000,1000,1,46.6481
68680.0000,6868,2962.4676,0.0000,999,1000,1000,1,46.6937
68690.0000,6869,2962.4729,0.0000,1000,1000,1000,1,46.6459
68700.0000,6870,2962.4782,0.0000,999,999,1000,1,46.6914
68710.0000,6871,2962.4835,0.0000,1000,1000,1000,1,46.6437
68720.0000,6872,2962.4889,0.0000,1000,1000,1000,1,46.6893
68730.0000,6873,2962.4943,0.0000,999,999,1000,1,46.7347
68740.0000,6874,2962.4996,0.0000,1000,1000,1000,1,46.7801
68750.0000,6875,2962.5049,0.0000,999,1000,1000,1,46.9188
68760.0000,6876,2962.5103,0.0000,999,1000,1000,1,47.0574
68770.0000,6877,2962.5157,0.0000,1000,999,1000,1,47.1959
68780.0000,6878,2962.5210,0.0000,1000,1000,1000,1,47.2409
68790.0000,6879,2962.5262,0.0000,1000,999,1000,1,47.1921
68800.0000,6880,2962.5314,0.0000,999,999,1000,1,47.1434
68810.0000,6881,2962.5366,0.0000,999,999,1000,1,47.0018
68820.0000,6882,2962.5420,0.0000,999,999,1000,1,47.0468
68830.0000,6883,2962.5472,0.0000,999,1000,1000,1,46.9981
68840.0000,6884,2962.5525,0.0000,1000,1000,1000,1,47.1366
68850.0000,6885,2962.5579,0.0000,1000,1000,1000,1,47.2750
68860.0000,6886,2962.5631,0.0000,998,1000,1000,1,47.3194
68870.0000,6887,2962.5685,0.0000,999,1000,1000,1,47.2698
68880.0000,6888,2962.5738,0.0000,999,1000,1000,1,47.2201
68890.0000,6889,2962.5791,0.0000,1000,999,1000,1,47.2643
68900.0000,6890,2962.5844,0.0000,1000,1000,1000,1,47.4026
68910.0000,6891,2962.5898,0.0000,1000,1000,1000,1,47.5408
68920.0000,6892,2962.5951,0.0000,999,1000,1000,1,47.5846
68930.0000,6893,2962.6002,0.0000,999,1000,999,1,47.0609
68940.0000,6894,2962.6054,0.0000,999,999,999,1,46.9155
68950.0000,6895,2962.6106,0.0000,1000,1000,1000,1,47.0537
68960.0000,6896,2962.6159,0.0000,1000,999,1000,1,46.9087
68970.0000,6897,2962.6212,0.0000,1000,999,1000,1,46.8579
68980.0000,6898,2962.6263,0.0000,999,999,1000,1,46.9016
68990.0000,6899,2962.6316,0.0000,1000,1000,1000,1,47.0397
69000.0000,6900,2962.6369,0.0000,1000,1000,1000,1,46.9885
69010.0000,6901,2962.6422,0.0000,1000,1000,1000,1,47.0319
69020.0000,6902,2962.6474,0.0000,999,999,1000,1,46.9812
69030.0000,6903,2962.6524,0.0000,1000,998,999,1,46.6481
69040.0000,6904,2962.6576,0.0000,998,999,1000,1,46.5981
69050.0000,6905,2962.6628,0.0000,998,999,999,1,46.5483
69060.0000,6906,2962.6681,0.0000,1000,1000,1000,1,46.6863
69070.0000,6907,2962.6733,0.0000,999,1000,1000,1,46.5432
69080.0000,6908,2962.6786,0.0000,1000,1000,1000,1,46.5876
69090.0000,6909,2962.6839,0.0000,1000,1000,1000,1,46.6319
69100.0000,6910,2962.6893,0.0000,1000,1000,1000,1,46.7698
69110.0000,6911,2962.6946,0.0000,999,1000,1000,1,46.9078
69120.0000,6912,2962.6997,0.0000,999,999,1000,1,46.8579
69130.0000,6913,2962.7050,0.0000,999,1000,1000,1,46.6219
69140.0000,6914,2962.7102,0.0000,1000,1000,1000,1,46.6665
69150.0000,6915,2962.7154,0.0000,1000,1000,1000,1,46.7112
69160.0000,6916,2962.7207,0.0000,999,999,1000,1,46.6624
69170.0000,6917,2962.7259,0.0000,999,1000,1000,1,46.7070
69180.0000,6918,2962.7312,0.0000,1000,1000,1000,1,46.7514
69190.0000,6919,2962.7364,0.0000,999,1000,999,1,46.7957
69200.0000,6920,2962.7418,0.0000,999,1000,1000,1,46.9335
69210.0000,6921,2962.7470,0.0000,999,1000,1000,1,46.9776
69220.0000,6922,2962.7522,0.0000,1000,998,1000,1,47.0215
69230.0000,6923,2962.7574,0.0000,999,999,1000,1,46.9724
69240.0000,6924,2962.7625,0.0000,999,999,999,1,46.8304
69250.0000,6925,2962.7677,0.0000,999,999,1000,1,46.6892
69260.0000,6926,2962.7728,0.0000,999,999,999,1,46.4553
69270.0000,6927,2962.7781,0.0000,1000,1000,1000,1,46.4076
69280.0000,6928,2962.7834,0.0000,999,1000,1000,1,46.4526
69290.0000,6929,2962.7884,0.0000,999,1000,1000,1,46.1281
69300.0000,6930,2962.7937,0.0000,999,1000,1000,1,46.2657
69310.0000,6931,2962.7989,0.0000,1000,1000,1000,1,46.3108
69320.0000,6932,2962.8039,0.0000,999,999,999,1,46.1714
69330.0000,6933,2962.8090,0.0000,998,998,998,1,46.0333
69340.0000,6934,2962.8138,0.0000,1000,1000,1000,1,45.9875
69350.0000,6935,2962.8190,0.0000,999,1000,1000,1,45.9416
69360.0000,6936,2962.8241,0.0000,1000,1000,1000,1,45.8959
69370.0000,6937,2962.8294,0.0000,1000,1000,1000,1,46.0334
69380.0000,6938,2962.8344,0.0000,998,997,997,1,45.8042
69390.0000,6939,2962.8395,0.0000,999,999,999,1,45.8501
69400.0000,6940,2962.8447,0.0000,1000,1000,1000,1,45.8962
69410.0000,6941,2962.8499,0.0000,1000,999,1000,1,45.7599
69420.0000,6942,2962.8550,0.0000,999,999,1000,1,45.5333
69430.0000,6943,2962.8602,0.0000,1000,1000,1000,1,45.5799
69440.0000,6944,2962.8655,0.0000,999,1000,1000,1,45.7174
69450.0000,6945,2962.8708,0.0000,1000,1000,1000,1,45.7637
69460.0000,6946,2962.8761,0.0000,1000,1000,1000,1,45.9011
69470.0000,6947,2962.8812,0.0000,1000,1000,1000,1,45.9470
69480.0000,6948,2962.8864,0.0000,999,999,1000,1,45.9929
69490.0000,6949,2962.8915,0.0000,1000,999,1000,1,45.7646
69500.0000,6950,2962.8967,0.0000,999,1000,999,1,45.7193
69510.0000,6951,2962.9020,0.0000,1000,1000,1000,1,45.8565
69520.0000,6952,2962.9072,0.0000,999,1000,1000,1,45.9938
69530.0000,6953,2962.9124,0.0000,999,1000,1000,1,45.9480
69540.0000,6954,2962.9176,0.0000,999,999,1000,1,45.9028
69550.0000,6955,2962.9226,0.0000,1000,1000,1000,1,45.8575
69560.0000,6956,2962.9279,0.0000,1000,1000,1000,1,45.9033
69570.0000,6957,2962.9331,0.0000,999,1000,1000,1,46.0405
69580.0000,6958,2962.9383,0.0000,1000,1000,1000,1,46.0860
69590.0000,6959,2962.9434,0.0000,1000,1000,1000,1,45.7665
69600.0000,6960,2962.9485,0.0000,999,999,999,1,45.5396
69610.0000,6961,2962.9537,0.0000,1000,1000,1000,1,45.6767
69620.0000,6962,2962.9589,0.0000,1000,1000,1000,1,45.8138
69630.0000,6963,2962.9641,0.0000,999,999,999,1,45.8600
69640.0000,6964,2962.9692,0.0000,1000,1000,1000,1,45.9062
69650.0000,6965,2962.9743,0.0000,999,1000,1000,1,45.8613
69660.0000,6966,2962.9795,0.0000,999,999,1000,1,45.9078
69670.0000,6967,2962.9847,0.0000,1000,999,1000,1,45.9542
69680.0000,6968,2962.9898,0.0000,999,1000,1000,1,46.0005
69690.0000,6969,2962.9950,0.0000,998,1000,1000,1,46.0467
69700.0000,6970,2963.0002,0.0000,1000,999,1000,1,46.0929
69710.0000,6971,2963.0054,0.0000,1000,1000,1000,1,46.1389
69720.0000,6972,2963.0106,0.0000,1000,1000,999,1,46.0939
69730.0000,6973,2963.0158,0.0000,1000,1000,999,1,46.0490
69740.0000,6974,2963.0210,0.0000,999,1000,1000,1,46.1858
69750.0000,6975,2963.0258,0.0000,1000,1000,1000,1,45.7767
69760.0000,6976,2963.0310,0.0000,999,1000,1000,1,45.9135
69770.0000,6977,2963.0361,0.0000,999,999,1000,1,45.8679
69780.0000,6978,2963.0413,0.0000,999,1000,1000,1,46.0046
69790.0000,6979,2963.0464,0.0000,1000,1000,999,1,45.8677
69800.0000,6980,2963.0516,0.0000,999,1000,1000,1,46.0043
69810.0000,6981,2963.0566,0.0000,999,1000,999,1,45.7771
69820.0000,6982,2963.0617,0.0000,999,999,1000,1,45.6417
69830.0000,6983,2963.0667,0.0000,998,999,999,1,45.5079
69840.0000,6984,2963.0717,0.0000,999,999,999,1,45.2848
69850.0000,6985,2963.0767,0.0000,999,1000,1000,1,45.4214
69860.0000,6986,2963.0819,0.0000,1000,1000,1000,1,45.4681
69870.0000,6987,2963.0871,0.0000,999,1000,1000,1,45.5147
69880.0000,6988,2963.0923,0.0000,999,999,999,1,45.5610
69890.0000,6989,2963.0973,0.0000,1000,1000,1000,1,45.3384
69900.0000,6990,2963.1024,0.0000,999,1000,1000,1,45.2959
69910.0000,6991,2963.1074,0.0000,999,1000,999,1,45.1636
69920.0000,6992,2963.1124,0.0000,999,998,999,1,45.2104
69930.0000,6993,2963.1174,0.0000,1000,1000,1000,1,45.1675
69940.0000,6994,2963.1225,0.0000,1000,1000,1000,1,45.1248
69950.0000,6995,2963.1276,0.0000,999,999,999,1,45.0821
69960.0000,6996,2963.1328,0.0000,999,999,999,1,45.0393
69970.0000,6997,2963.1379,0.0000,999,1000,1000,1,44.9966
69980.0000,6998,2963.1429,0.0000,998,999,999,1,44.7744
69990.0000,6999,2963.1479,0.0000,999,999,999,1,44.7317
70000.0000,7000,2963.1529,0.0000,999,999,1000,1,44.6889
70010.0000,7001,2963.1580,0.0000,1000,1000,1000,1,44.6463
70020.0000,7002,2963.1630,0.0000,999,1000,1000,1,44.6035
70030.0000,7003,2963.1681,0.0000,999,1000,1000,1,44.7399
70040.0000,7004,2963.1732,0.0000,999,999,1000,1,44.6969
70050.0000,7005,2963.1784,0.0000,1000,1000,1000,1,44.8333
70060.0000,7006,2963.1835,0.0000,1000,1000,1000,1,44.8797
70070.0000,7007,2963.1887,0.0000,999,1000,1000,1,45.0160
70080.0000,7008,2963.1937,0.0000,999,999,1000,1,44.9722
70090.0000,7009,2963.1988,0.0000,999,1000,1000,1,44.9284
70100.0000,7010,2963.2039,0.0000,999,1000,1000,1,44.9745
70110.0000,7011,2963.2090,0.0000,999,999,999,1,44.8412
70120.0000,7012,2963.2141,0.0000,1000,999,999,1,44.8876
70130.0000,7013,2963.2190,0.0000,1000,1000,1000,1,44.9339
70140.0000,7014,2963.2240,0.0000,998,999,999,1,44.8004
70150.0000,7015,2963.2289,0.0000,1000,999,999,1,44.6672
70160.0000,7016,2963.2339,0.0000,998,999,999,1,44.4456
70170.0000,7017,2963.2389,0.0000,999,999,1000,1,44.5817
70180.0000,7018,2963.2439,0.0000,1000,1000,999,1,44.2725
70190.0000,7019,2963.2490,0.0000,999,1000,1000,1,44.4087
70200.0000,7020,2963.2541,0.0000,999,1000,1000,1,44.5448
70210.0000,7021,2963.2589,0.0000,998,1000,998,1,44.3242
70220.0000,7022,2963.2639,0.0000,1000,999,999,1,44.2821
70230.0000,7023,2963.2690,0.0000,998,999,1000,1,44.2399
70240.0000,7024,2963.2741,0.0000,999,1000,1000,1,44.3760
70250.0000,7025,2963.2792,0.0000,1000,1000,1000,1,44.5120
70260.0000,7026,2963.2843,0.0000,1000,999,1000,1,44.5586
70270.0000,7027,2963.2894,0.0000,999,1000,1000,1,44.6050
70280.0000,7028,2963.2945,0.0000,1000,999,1000,1,44.4725
70290.0000,7029,2963.2996,0.0000,999,999,1000,1,44.6085
70300.0000,7030,2963.3047,0.0000,1000,1000,1000,1,44.5657
70310.0000,7031,2963.3097,0.0000,1000,1000,1000,1,44.5230
70320.0000,7032,2963.3147,0.0000,1000,1000,1000,1,44.3026
70330.0000,7033,2963.3198,0.0000,999,1000,1000,1,44.1715
70340.0000,7034,2963.3249,0.0000,1000,1000,1000,1,44.0404
70350.0000,7035,2963.3300,0.0000,999,1000,1000,1,44.0874
70360.0000,7036,2963.3351,0.0000,1000,1000,1000,1,44.1343
70370.0000,7037,2963.3400,0.0000,1000,1000,1000,1,44.0920
70380.0000,7038,2963.3451,0.0000,999,999,1000,1,44.2279
70390.0000,7039,2963.3501,0.0000,1000,1000,1000,1,44.1858
70400.0000,7040,2963.3553,0.0000,999,1000,1000,1,44.3215
70410.0000,7041,2963.3604,0.0000,1000,1000,1000,1,44.4573
70420.0000,7042,2963.3654,0.0000,1000,1000,999,1,44.2370
70430.0000,7043,2963.3704,0.0000,1000,999,1000,1,44.3727
70440.0000,7044,2963.3754,0.0000,999,1000,1000,1,44.3306
70450.0000,7045,2963.3805,0.0000,1000,1000,1000,1,44.3774
70460.0000,7046,2963.3857,0.0000,999,1000,1000,1,44.5131
70470.0000,7047,2963.3906,0.0000,999,999,999,1,44.3820
70480.0000,7048,2963.3955,0.0000,999,1000,1000,1,44.1628
70490.0000,7049,2963.4005,0.0000,1000,1000,999,1,44.1213
70500.0000,7050,2963.4055,0.0000,999,1000,1000,1,43.9927
70510.0000,7051,2963.4102,0.0000,998,998,999,1,43.6888
70520.0000,7052,2963.4152,0.0000,999,1000,1000,1,43.8244
70530.0000,7053,2963.4203,0.0000,1000,1000,1000,1,43.8720
70540.0000,7054,2963.4255,0.0000,999,1000,1000,1,44.0075
70550.0000,7055,2963.4304,0.0000,998,1000,1000,1,43.8787
70560.0000,7056,2963.4353,0.0000,998,999,999,1,43.5756
70570.0000,7057,2963.4402,0.0000,999,1000,1000,1,43.4493
70580.0000,7058,2963.4451,0.0000,1000,1000,1000,1,43.1484
70590.0000,7059,2963.4502,0.0000,999,1000,1000,1,43.2840
70600.0000,7060,2963.4549,0.0000,998,999,998,1,43.0696
70610.0000,7061,2963.4596,0.0000,1000,1000,1000,1,43.0301
70620.0000,7062,2963.4647,0.0000,1000,1000,1000,1,43.1656
70630.0000,7063,2963.4698,0.0000,999,999,1000,1,43.2137
70640.0000,7064,2963.4747,0.0000,999,999,1000,1,43.0871
70650.0000,7065,2963.4798,0.0000,1000,1000,1000,1,43.0480
70660.0000,7066,2963.4846,0.0000,1000,1000,999,1,42.6600
70670.0000,7067,2963.4897,0.0000,1000,1000,1000,1,42.7084
70680.0000,7068,2963.4947,0.0000,999,999,998,1,42.6697
70690.0000,7069,2963.4996,0.0000,1000,1000,1000,1,42.7181
70700.0000,7070,2963.5046,0.0000,999,1000,1000,1,42.6795
70710.0000,7071,2963.5097,0.0000,1000,1000,1000,1,42.8149
70720.0000,7072,2963.5146,0.0000,999,999,999,1,42.6893
70730.0000,7073,2963.5193,0.0000,999,1000,1000,1,42.3906
70740.0000,7074,2963.5242,0.0000,998,998,998,1,42.1791
70750.0000,7075,2963.5290,0.0000,1000,1000,1000,1,42.2279
70760.0000,7076,2963.5341,0.0000,999,1000,1000,1,42.1903
70770.0000,7077,2963.5392,0.0000,1000,1000,1000,1,42.3257
70780.0000,7078,2963.5443,0.0000,1000,999,999,1,42.2877
70790.0000,7079,2963.5493,0.0000,999,1000,999,1,42.2497
70800.0000,7080,2963.5542,0.0000,999,999,1000,1,42.2983
70810.0000,7081,2963.5590,0.0000,998,1000,1000,1,42.0011
70820.0000,7082,2963.5640,0.0000,1000,1000,999,1,42.0501
70830.0000,7083,2963.5690,0.0000,1000,1000,1000,1,42.0991
70840.0000,7084,2963.5741,0.0000,999,1000,1000,1,42.1479
70850.0000,7085,2963.5792,0.0000,1000,1000,1000,1,42.1967
70860.0000,7086,2963.5842,0.0000,999,999,1000,1,42.3318
70870.0000,7087,2963.5892,0.0000,999,1000,1000,1,42.3803
70880.0000,7088,2963.5942,0.0000,1000,1000,1000,1,42.4287
70890.0000,7089,2963.5992,0.0000,999,1000,1000,1,42.4770
70900.0000,7090,2963.6040,0.0000,999,999,1000,1,42.2652
70910.0000,7091,2963.6089,0.0000,1000,1000,1000,1,42.1415
70920.0000,7092,2963.6139,0.0000,999,1000,1000,1,42.2766
70930.0000,7093,2963.6189,0.0000,1000,1000,1000,1,42.2392
70940.0000,7094,2963.6239,0.0000,999,1000,1000,1,42.3742
70950.0000,7095,2963.6288,0.0000,1000,1000,1000,1,42.4228
70960.0000,7096,2963.6338,0.0000,1000,1000,1000,1,42.3850
70970.0000,7097,2963.6389,0.0000,999,1000,1000,1,42.5199
70980.0000,7098,2963.6438,0.0000,999,1000,1000,1,42.5683
70990.0000,7099,2963.6488,0.0000,999,1000,1000,1,42.5300
71000.0000,7100,2963.6538,0.0000,999,1000,1000,1,42.5782
71010.0000,7101,2963.6588,0.0000,999,1000,1000,1,42.6264
71020.0000,7102,2963.6638,0.0000,1000,1000,1000,1,42.7612
71030.0000,7103,2963.6688,0.0000,999,1000,1000,1,42.7225
71040.0000,7104,2963.6736,0.0000,998,999,1000,1,42.4236
71050.0000,7105,2963.6784,0.0000,999,1000,1000,1,42.0388
71060.0000,7106,2963.6834,0.0000,1000,1000,1000,1,42.0877
71070.0000,7107,2963.6883,0.0000,999,1000,999,1,42.0503
71080.0000,7108,2963.6932,0.0000,999,999,1000,1,42.0129
71090.0000,7109,2963.6982,0.0000,1000,1000,1000,1,42.0615
71100.0000,7110,2963.7031,0.0000,998,999,999,1,42.0238
71110.0000,7111,2963.7079,0.0000,999,999,999,1,42.0723
71120.0000,7112,2963.7126,0.0000,1000,999,1000,1,41.9489
71130.0000,7113,2963.7175,0.0000,999,999,1000,1,41.9116
71140.0000,7114,2963.7225,0.0000,999,999,1000,1,41.9604
71150.0000,7115,2963.7274,0.0000,999,999,999,1,41.9231
71160.0000,7116,2963.7324,0.0000,999,999,1000,1,41.9717
71170.0000,7117,2963.7373,0.0000,1000,1000,1000,1,42.0202
71180.0000,7118,2963.7422,0.0000,999,1000,999,1,41.8107
71190.0000,7119,2963.7472,0.0000,999,999,999,1,41.7732
71200.0000,7120,2963.7520,0.0000,1000,1000,1000,1,41.8218
71210.0000,7121,2963.7569,0.0000,999,1000,1000,1,41.8704
71220.0000,7122,2963.7617,0.0000,999,1000,1000,1,41.7474
71230.0000,7123,2963.7667,0.0000,999,999,1000,1,41.8819
71240.0000,7124,2963.7716,0.0000,999,1000,1000,1,41.8444
71250.0000,7125,2963.7766,0.0000,1000,1000,1000,1,41.9789
71260.0000,7126,2963.7816,0.0000,1000,999,1000,1,42.0271
71270.0000,7127,2963.7865,0.0000,1000,999,999,1,42.0751
71280.0000,7128,2963.7913,0.0000,1000,1000,998,1,42.0372
71290.0000,7129,2963.7962,0.0000,999,999,1000,1,42.0854
71300.0000,7130,2963.8011,0.0000,999,1000,1000,1,42.0476
71310.0000,7131,2963.8061,0.0000,1000,1000,1000,1,42.0957
71320.0000,7132,2963.8109,0.0000,1000,1000,1000,1,41.8856
71330.0000,7133,2963.8158,0.0000,999,999,1000,1,41.8477
71340.0000,7134,2963.8207,0.0000,999,1000,1000,1,41.8959
71350.0000,7135,2963.8256,0.0000,1000,1000,1000,1,42.0302
71360.0000,7136,2963.8306,0.0000,998,1000,999,1,42.0781
71370.0000,7137,2963.8356,0.0000,1000,1000,1000,1,42.2123
71380.0000,7138,2963.8405,0.0000,999,999,1000,1,42.2600
71390.0000,7139,2963.8455,0.0000,999,1000,1000,1,42.2213
71400.0000,7140,2963.8503,0.0000,999,1000,999,1,42.1826
71410.0000,7141,2963.8551,0.0000,998,999,1000,1,41.9716
71420.0000,7142,2963.8598,0.0000,999,999,999,1,41.7625
71430.0000,7143,2963.8647,0.0000,999,1000,1000,1,41.7256
71440.0000,7144,2963.8693,0.0000,997,999,999,1,41.6033
71450.0000,7145,2963.8742,0.0000,998,1000,1000,1,41.5665
71460.0000,7146,2963.8790,0.0000,998,1000,1000,1,41.4451
71470.0000,7147,2963.8840,0.0000,999,1000,1000,1,41.5792
71480.0000,7148,2963.8889,0.0000,999,1000,1000,1,41.5434
71490.0000,7149,2963.8938,0.0000,999,1000,999,1,41.5076
71500.0000,7150,2963.8987,0.0000,999,999,1000,1,41.6417
71510.0000,7151,2963.9034,0.0000,1000,999,999,1,41.3506
71520.0000,7152,2963.9083,0.0000,999,1000,1000,1,41.3995
71530.0000,7153,2963.9133,0.0000,1000,1000,1000,1,41.5335
71540.0000,7154,2963.9182,0.0000,1000,1000,1000,1,41.5822
71550.0000,7155,2963.9229,0.0000,1000,999,1000,1,41.5453
71560.0000,7156,2963.9277,0.0000,1000,1000,1000,1,41.5086
71570.0000,7157,2963.9327,0.0000,999,1000,1000,1,41.5571
71580.0000,7158,2963.9375,0.0000,1000,1000,1000,1,41.5201
71590.0000,7159,2963.9424,0.0000,999,999,1000,1,41.5689
71600.0000,7160,2963.9474,0.0000,1000,1000,1000,1,41.6177
71610.0000,7161,2963.9523,0.0000,1000,1000,1000,1,41.6664
71620.0000,7162,2963.9573,0.0000,999,1000,1000,1,41.8002
71630.0000,7163,2963.9622,0.0000,1000,1000,1000,1,41.9340
71640.0000,7164,2963.9670,0.0000,999,1000,1000,1,41.8967
71650.0000,7165,2963.9719,0.0000,1000,999,1000,1,41.9449
71660.0000,7166,2963.9769,0.0000,999,1000,1000,1,42.0786
71670.0000,7167,2963.9815,0.0000,999,999,1000,1,42.0407
71680.0000,7168,2963.9864,0.0000,1000,1000,1000,1,42.0028
71690.0000,7169,2963.9912,0.0000,999,999,999,1,41.9646
71700.0000,7170,2963.9961,0.0000,1000,1000,999,1,41.7557
71710.0000,7171,2964.0009,0.0000,999,1000,1000,1,41.6326
71720.0000,7172,2964.0058,0.0000,999,999,1000,1,41.5954
71730.0000,7173,2964.0107,0.0000,1000,1000,1000,1,41.6439
71740.0000,7174,2964.0156,0.0000,1000,1000,1000,1,41.7775
71750.0000,7175,2964.0205,0.0000,999,1000,1000,1,41.9110
71760.0000,7176,2964.0253,0.0000,1000,1000,999,1,41.6193
71770.0000,7177,2964.0302,0.0000,999,1000,1000,1,41.7528
71780.0000,7178,2964.0351,0.0000,999,1000,1000,1,41.8018
71790.0000,7179,2964.0399,0.0000,1000,1000,1000,1,41.6817
71800.0000,7180,2964.0448,0.0000,999,999,999,1,41.7306
71810.0000,7181,2964.0497,0.0000,999,999,1000,1,41.7793
71820.0000,7182,2964.0545,0.0000,1000,1000,1000,1,41.6589
71830.0000,7183,2964.0595,0.0000,999,1000,1000,1,41.7923
71840.0000,7184,2964.0644,0.0000,1000,1000,1000,1,41.8410
71850.0000,7185,2964.0692,0.0000,1000,999,1000,1,41.8895
71860.0000,7186,2964.0742,0.0000,999,1000,1000,1,41.9379
71870.0000,7187,2964.0790,0.0000,1000,1000,1000,1,41.9862
71880.0000,7188,2964.0838,0.0000,1000,1000,1000,1,41.9495
71890.0000,7189,2964.0887,0.0000,998,1000,1000,1,41.9977
71900.0000,7190,2964.0936,0.0000,999,1000,1000,1,42.1310
71910.0000,7191,2964.0985,0.0000,999,1000,1000,1,42.2642
71920.0000,7192,2964.1033,0.0000,999,999,1000,1,42.2268
71930.0000,7193,2964.1081,0.0000,998,998,998,1,42.1035
71940.0000,7194,2964.1129,0.0000,999,999,1000,1,42.0657
71950.0000,7195,2964.1177,0.0000,999,999,999,1,42.0280
71960.0000,7196,2964.1226,0.0000,999,999,1000,1,41.9903
71970.0000,7197,2964.1275,0.0000,1000,1000,1000,1,42.1234
71980.0000,7198,2964.1323,0.0000,1000,999,1000,1,42.2565
71990.0000,7199,2964.1372,0.0000,1000,1000,1000,1,42.2183
72000.0000,7200,2964.1419,0.0000,1000,1000,1000,1,42.0947
72010.0000,7201,2964.1468,0.0000,1000,1000,1000,1,42.2277
72020.0000,7202,2964.1517,0.0000,1000,1000,1000,1,42.3607
72030.0000,7203,2964.1566,0.0000,999,1000,1000,1,42.4936
72040.0000,7204,2964.1614,0.0000,1000,999,1000,1,42.6265
72050.0000,7205,2964.1662,0.0000,999,1000,1000,1,42.5876
72060.0000,7206,2964.1710,0.0000,1000,999,999,1,42.6348
72070.0000,7207,2964.1759,0.0000,999,1000,999,1,42.6820
72080.0000,7208,2964.1807,0.0000,1000,1000,1000,1,42.7293
72090.0000,7209,2964.1856,0.0000,999,999,1000,1,42.8621
72100.0000,7210,2964.1904,0.0000,1000,1000,999,1,42.8234
72110.0000,7211,2964.1952,0.0000,1000,1000,1000,1,42.9561
72120.0000,7212,2964.2000,0.0000,1000,1000,1000,1,42.9171
72130.0000,7213,2964.2049,0.0000,1000,1000,1000,1,43.0498
72140.0000,7214,2964.2098,0.0000,1000,1000,1000,1,42.9246
72150.0000,7215,2964.2146,0.0000,999,1000,1000,1,42.8853
72160.0000,7216,2964.2194,0.0000,999,999,1000,1,42.7598
72170.0000,7217,2964.2241,0.0000,999,999,1000,1,42.7203
72180.0000,7218,2964.2289,0.0000,1000,1000,1000,1,42.5094
72190.0000,7219,2964.2338,0.0000,1000,1000,1000,1,42.6420
72200.0000,7220,2964.2383,0.0000,1000,1000,1000,1,42.3451
72210.0000,7221,2964.2431,0.0000,1000,1000,999,1,42.3926
72220.0000,7222,2964.2479,0.0000,998,999,999,1,42.4401
72230.0000,7223,2964.2527,0.0000,999,1000,999,1,42.3174
72240.0000,7224,2964.2573,0.0000,999,1000,999,1,42.1100
72250.0000,7225,2964.2622,0.0000,1000,1000,1000,1,42.2426
72260.0000,7226,2964.2670,0.0000,999,999,1000,1,42.0350
72270.0000,7227,2964.2715,0.0000,998,999,999,1,41.6603
72280.0000,7228,2964.2763,0.0000,1000,999,1000,1,41.7086
72290.0000,7229,2964.2810,0.0000,999,1000,1000,1,41.5048
72300.0000,7230,2964.2858,0.0000,999,1000,1000,1,41.5532
72310.0000,7231,2964.2906,0.0000,1000,1000,1000,1,41.6857
72320.0000,7232,2964.2954,0.0000,1000,1000,1000,1,41.7340
72330.0000,7233,2964.3002,0.0000,999,1000,1000,1,41.7823
72340.0000,7234,2964.3050,0.0000,1000,1000,1000,1,41.8304
72350.0000,7235,2964.3098,0.0000,1000,1000,999,1,41.7943
72360.0000,7236,2964.3146,0.0000,999,1000,1000,1,41.9267
72370.0000,7237,2964.3194,0.0000,999,999,1000,1,42.0591
72380.0000,7238,2964.3242,0.0000,999,999,1000,1,42.0226
72390.0000,7239,2964.3289,0.0000,1000,1000,1000,1,41.9861
72400.0000,7240,2964.3338,0.0000,999,999,1000,1,42.0339
72410.0000,7241,2964.3385,0.0000,1000,1000,1000,1,41.9971
72420.0000,7242,2964.3433,0.0000,999,999,999,1,42.0448
72430.0000,7243,2964.3480,0.0000,999,1000,1000,1,41.9233
72440.0000,7244,2964.3528,0.0000,1000,999,1000,1,42.0555
72450.0000,7245,2964.3576,0.0000,1000,1000,1000,1,42.1878
72460.0000,7246,2964.3624,0.0000,998,999,999,1,42.0660
72470.0000,7247,2964.3671,0.0000,999,1000,1000,1,41.9447
72480.0000,7248,2964.3719,0.0000,1000,1000,1000,1,41.9082
72490.0000,7249,2964.3767,0.0000,999,1000,1000,1,41.9560
72500.0000,7250,2964.3815,0.0000,999,1000,1000,1,41.8353
72510.0000,7251,2964.3861,0.0000,1000,1000,1000,1,41.8831
72520.0000,7252,2964.3909,0.0000,999,1000,1000,1,42.0152
72530.0000,7253,2964.3955,0.0000,1000,999,998,1,41.6412
72540.0000,7254,2964.4002,0.0000,1000,1000,1000,1,41.7732
72550.0000,7255,2964.4049,0.0000,999,998,999,1,41.7367
72560.0000,7256,2964.4096,0.0000,999,1000,1000,1,41.6163
72570.0000,7257,2964.4143,0.0000,998,999,999,1,41.5802
72580.0000,7258,2964.4188,0.0000,1000,999,1000,1,41.2928
72590.0000,7259,2964.4235,0.0000,1000,1000,1000,1,41.1733
72600.0000,7260,2964.4282,0.0000,1000,1000,1000,1,41.0539
72610.0000,7261,2964.4330,0.0000,1000,1000,1000,1,41.1026
72620.0000,7262,2964.4378,0.0000,1000,1000,1000,1,40.9850
72630.0000,7263,2964.4426,0.0000,1000,1000,1000,1,41.1170
72640.0000,7264,2964.4474,0.0000,999,1000,1000,1,40.9170
72650.0000,7265,2964.4522,0.0000,1000,1000,1000,1,40.8833
72660.0000,7266,2964.4568,0.0000,1000,1000,1000,1,40.7670
72670.0000,7267,2964.4616,0.0000,999,999,1000,1,40.7337
72680.0000,7268,2964.4663,0.0000,1000,999,999,1,40.6177
72690.0000,7269,2964.4709,0.0000,999,999,1000,1,40.5847
72700.0000,7270,2964.4757,0.0000,1000,999,1000,1,40.6342
72710.0000,7271,2964.4805,0.0000,999,999,1000,1,40.6837
72720.0000,7272,2964.4853,0.0000,1000,1000,1000,1,40.8156
72730.0000,7273,2964.4898,0.0000,998,998,1000,1,40.2870
72740.0000,7274,2964.4944,0.0000,1000,1000,1000,1,40.0902
72750.0000,7275,2964.4993,0.0000,1000,1000,1000,1,40.2221
72760.0000,7276,2964.5040,0.0000,999,999,1000,1,40.2717
72770.0000,7277,2964.5087,0.0000,1000,1000,1000,1,40.1570
72780.0000,7278,2964.5136,0.0000,999,1000,1000,1,40.2068
72790.0000,7279,2964.5182,0.0000,999,1000,1000,1,40.1745
72800.0000,7280,2964.5230,0.0000,1000,1000,1000,1,40.2242
72810.0000,7281,2964.5275,0.0000,998,999,998,1,40.0274
72820.0000,7282,2964.5320,0.0000,999,1000,1000,1,39.9960
72830.0000,7283,2964.5368,0.0000,1000,1000,1000,1,40.0461
72840.0000,7284,2964.5416,0.0000,1000,1000,1000,1,40.1779
72850.0000,7285,2964.5463,0.0000,999,1000,1000,1,40.2279
72860.0000,7286,2964.5510,0.0000,1000,999,999,1,40.1957
72870.0000,7287,2964.5557,0.0000,999,1000,1000,1,40.2454
72880.0000,7288,2964.5605,0.0000,1000,1000,1000,1,40.2130
72890.0000,7289,2964.5652,0.0000,999,1000,1000,1,40.1802
72900.0000,7290,2964.5700,0.0000,1000,999,1000,1,40.3118
72910.0000,7291,2964.5747,0.0000,999,999,1000,1,40.3611
72920.0000,7292,2964.5793,0.0000,998,999,999,1,40.0811
72930.0000,7293,2964.5839,0.0000,1000,999,1000,1,40.0487
72940.0000,7294,2964.5887,0.0000,999,999,999,1,40.0163
72950.0000,7295,2964.5934,0.0000,1000,999,1000,1,39.9029
72960.0000,7296,2964.5981,0.0000,999,1000,1000,1,39.7086
72970.0000,7297,2964.6028,0.0000,1000,1000,1000,1,39.6772
72980.0000,7298,2964.6076,0.0000,1000,1000,1000,1,39.8088
72990.0000,7299,2964.6123,0.0000,999,999,1000,1,39.9403
73000.0000,7300,2964.6171,0.0000,1000,1000,1000,1,39.9083
73010.0000,7301,2964.6218,0.0000,1000,1000,1000,1,40.0398
73020.0000,7302,2964.6266,0.0000,1000,1000,1000,1,40.0896
73030.0000,7303,2964.6314,0.0000,999,1000,1000,1,40.2210
73040.0000,7304,2964.6361,0.0000,999,1000,1000,1,40.2704
73050.0000,7305,2964.6409,0.0000,1000,1000,1000,1,40.4018
73060.0000,7306,2964.6456,0.0000,999,999,1000,1,40.4510
73070.0000,7307,2964.6503,0.0000,1000,1000,1000,1,40.3358
73080.0000,7308,2964.6550,0.0000,1000,1000,1000,1,40.3850
73090.0000,7309,2964.6596,0.0000,1000,1000,1000,1,40.3519
73100.0000,7310,2964.6643,0.0000,1000,999,1000,1,40.4009
73110.0000,7311,2964.6690,0.0000,999,1000,1000,1,40.5321
73120.0000,7312,2964.6736,0.0000,999,1000,1000,1,40.5807
73130.0000,7313,2964.6784,0.0000,999,1000,1000,1,40.7119
73140.0000,7314,2964.6831,0.0000,1000,1000,1000,1,40.8431
73150.0000,7315,2964.6878,0.0000,999,1000,1000,1,40.8912
73160.0000,7316,2964.6926,0.0000,1000,1000,1000,1,40.9393
73170.0000,7317,2964.6974,0.0000,1000,1000,1000,1,41.0703
73180.0000,7318,2964.7021,0.0000,999,999,1000,1,41.1181
73190.0000,7319,2964.7066,0.0000,999,1000,1000,1,40.9160
73200.0000,7320,2964.7112,0.0000,1000,1000,1000,1,40.8805
73210.0000,7321,2964.7157,0.0000,999,1000,1000,1,40.7616
73220.0000,7322,2964.7204,0.0000,999,999,999,1,40.7259
73230.0000,7323,2964.7250,0.0000,1000,1000,999,1,40.6075
73240.0000,7324,2964.7294,0.0000,1000,999,1000,1,40.3254
73250.0000,7325,2964.7341,0.0000,1000,1000,1000,1,40.2919
73260.0000,7326,2964.7387,0.0000,999,1000,1000,1,40.2585
73270.0000,7327,2964.7434,0.0000,1000,1000,1000,1,40.0615
73280.0000,7328,2964.7481,0.0000,999,1000,1000,1,40.1106
73290.0000,7329,2964.7527,0.0000,999,999,1000,1,39.9959
73300.0000,7330,2964.7573,0.0000,1000,1000,1000,1,39.9630
73310.0000,7331,2964.7620,0.0000,999,999,999,1,39.9297
73320.0000,7332,2964.7667,0.0000,1000,1000,1000,1,39.9785
73330.0000,7333,2964.7713,0.0000,1000,999,1000,1,39.9453
73340.0000,7334,2964.7759,0.0000,999,999,1000,1,39.8310
73350.0000,7335,2964.7805,0.0000,1000,1000,1000,1,39.7992
73360.0000,7336,2964.7852,0.0000,1000,1000,1000,1,39.6862
73370.0000,7337,2964.7897,0.0000,1000,998,1000,1,39.4119
73380.0000,7338,2964.7944,0.0000,999,999,1000,1,39.5428
73390.0000,7339,2964.7992,0.0000,1000,1000,1000,1,39.6737
73400.0000,7340,2964.8038,0.0000,998,1000,1000,1,39.7232
73410.0000,7341,2964.8085,0.0000,1000,1000,1000,1,39.8540
73420.0000,7342,2964.8132,0.0000,1000,1000,1000,1,39.9033
73430.0000,7343,2964.8178,0.0000,1000,999,1000,1,39.7079
73440.0000,7344,2964.8225,0.0000,999,1000,1000,1,39.7571
73450.0000,7345,2964.8271,0.0000,999,999,1000,1,39.7251
73460.0000,7346,2964.8316,0.0000,999,1000,1000,1,39.5305
73470.0000,7347,2964.8363,0.0000,1000,1000,1000,1,39.4986
73480.0000,7348,2964.8410,0.0000,999,999,1000,1,39.6293
73490.0000,7349,2964.8456,0.0000,999,1000,1000,1,39.5154
73500.0000,7350,2964.8503,0.0000,999,1000,1000,1,39.6461
73510.0000,7351,2964.8548,0.0000,999,998,999,1,39.4505
73520.0000,7352,2964.8593,0.0000,1000,999,1000,1,39.4187
73530.0000,7353,2964.8640,0.0000,999,999,1000,1,39.5493
73540.0000,7354,2964.8686,0.0000,999,999,999,1,39.5985
73550.0000,7355,2964.8733,0.0000,1000,999,999,1,39.5663
73560.0000,7356,2964.8779,0.0000,999,1000,1000,1,39.6968
73570.0000,7357,2964.8826,0.0000,1000,1000,1000,1,39.7457
73580.0000,7358,2964.8873,0.0000,999,1000,1000,1,39.7947
73590.0000,7359,2964.8920,0.0000,999,1000,1000,1,39.9251
73600.0000,7360,2964.8966,0.0000,1000,1000,1000,1,40.0556
73610.0000,7361,2964.9013,0.0000,1000,999,1000,1,40.1860
73620.0000,7362,2964.9060,0.0000,1000,1000,1000,1,40.3164
73630.0000,7363,2964.9106,0.0000,1000,1000,1000,1,40.3647
73640.0000,7364,2964.9152,0.0000,1000,1000,1000,1,40.3307
73650.0000,7365,2964.9199,0.0000,999,1000,1000,1,40.3788
73660.0000,7366,2964.9244,0.0000,998,999,999,1,40.1806
73670.0000,7367,2964.9290,0.0000,1000,1000,1000,1,40.3108
73680.0000,7368,2964.9336,0.0000,1000,1000,1000,1,40.2765
73690.0000,7369,2964.9382,0.0000,999,1000,1000,1,40.3244
73700.0000,7370,2964.9428,0.0000,998,1000,999,1,40.2898
73710.0000,7371,2964.9474,0.0000,999,1000,1000,1,40.4199
73720.0000,7372,2964.9520,0.0000,1000,1000,1000,1,40.4676
73730.0000,7373,2964.9567,0.0000,1000,1000,1000,1,40.5977
73740.0000,7374,2964.9614,0.0000,999,999,1000,1,40.7278
73750.0000,7375,2964.9659,0.0000,1000,1000,1000,1,40.5265
73760.0000,7376,2964.9706,0.0000,999,999,1000,1,40.4906
73770.0000,7377,2964.9752,0.0000,999,1000,1000,1,40.5377
73780.0000,7378,2964.9798,0.0000,1000,999,1000,1,40.6677
73790.0000,7379,2964.9845,0.0000,1000,1000,1000,1,40.7146
73800.0000,7380,2964.9891,0.0000,999,999,1000,1,40.7614
73810.0000,7381,2964.9937,0.0000,999,999,1000,1,40.3930
73820.0000,7382,2964.9982,0.0000,999,1000,1000,1,40.3567
73830.0000,7383,2965.0028,0.0000,1000,1000,1000,1,40.4867
73840.0000,7384,2965.0074,0.0000,999,999,1000,1,40.6166
73850.0000,7385,2965.0121,0.0000,999,1000,1000,1,40.6632
73860.0000,7386,2965.0166,0.0000,999,999,999,1,40.7096
73870.0000,7387,2965.0212,0.0000,999,999,1000,1,40.8395
73880.0000,7388,2965.0258,0.0000,999,999,1000,1,40.8024
73890.0000,7389,2965.0304,0.0000,1000,999,1000,1,40.8492
73900.0000,7390,2965.0350,0.0000,1000,1000,1000,1,40.8962
73910.0000,7391,2965.0396,0.0000,1000,1000,1000,1,41.0260
73920.0000,7392,2965.0443,0.0000,999,999,1000,1,41.0729
73930.0000,7393,2965.0489,0.0000,999,1000,1000,1,41.0370
73940.0000,7394,2965.0535,0.0000,999,1000,1000,1,41.1667
73950.0000,7395,2965.0582,0.0000,999,1000,1000,1,41.2963
73960.0000,7396,2965.0627,0.0000,999,999,1000,1,41.3429
73970.0000,7397,2965.0673,0.0000,1000,999,1000,1,41.3066
73980.0000,7398,2965.0718,0.0000,999,999,1000,1,41.2701
73990.0000,7399,2965.0763,0.0000,1000,1000,999,1,41.1506
74000.0000,7400,2965.0809,0.0000,1000,1000,1000,1,41.1972
74010.0000,7401,2965.0855,0.0000,1000,1000,1000,1,41.0788
74020.0000,7402,2965.0901,0.0000,999,1000,1000,1,41.2083
74030.0000,7403,2965.0946,0.0000,1000,1000,1000,1,41.0897
74040.0000,7404,2965.0992,0.0000,999,1000,1000,1,41.2193
74050.0000,7405,2965.1038,0.0000,1000,1000,1000,1,41.2659
74060.0000,7406,2965.1084,0.0000,999,999,999,1,41.2294
74070.0000,7407,2965.1129,0.0000,1000,1000,999,1,41.1097
74080.0000,7408,2965.1175,0.0000,1000,999,1000,1,41.0735
74090.0000,7409,2965.1220,0.0000,1000,1000,1000,1,41.0376
74100.0000,7410,2965.1266,0.0000,1000,999,1000,1,41.1670
74110.0000,7411,2965.1311,0.0000,1000,1000,1000,1,41.1306
74120.0000,7412,2965.1357,0.0000,1000,1000,1000,1,41.0941
74130.0000,7413,2965.1403,0.0000,1000,1000,1000,1,41.2235
74140.0000,7414,2965.1449,0.0000,1000,1000,1000,1,41.2697
74150.0000,7415,2965.1494,0.0000,999,1000,1000,1,41.3157
74160.0000,7416,2965.1540,0.0000,999,1000,1000,1,41.4450
74170.0000,7417,2965.1585,0.0000,1000,1000,1000,1,41.1572
74180.0000,7418,2965.1631,0.0000,999,1000,1000,1,41.1196
74190.0000,7419,2965.1676,0.0000,1000,1000,1000,1,40.9992
74200.0000,7420,2965.1720,0.0000,999,1000,1000,1,40.8791
74210.0000,7421,2965.1766,0.0000,1000,999,1000,1,40.8427
74220.0000,7422,2965.1811,0.0000,1000,1000,1000,1,40.8890
74230.0000,7423,2965.1856,0.0000,1000,1000,1000,1,40.9352
74240.0000,7424,2965.1901,0.0000,998,1000,1000,1,40.8154
74250.0000,7425,2965.1947,0.0000,1000,1000,1000,1,40.7786
74260.0000,7426,2965.1992,0.0000,1000,1000,999,1,40.7420
74270.0000,7427,2965.2038,0.0000,999,999,1000,1,40.7884
74280.0000,7428,2965.2084,0.0000,999,1000,1000,1,40.9176
74290.0000,7429,2965.2129,0.0000,999,999,1000,1,40.7980
74300.0000,7430,2965.2175,0.0000,1000,1000,1000,1,40.9271
74310.0000,7431,2965.2220,0.0000,1000,1000,1000,1,40.9733
74320.0000,7432,2965.2265,0.0000,1000,1000,1000,1,40.6058
74330.0000,7433,2965.2311,0.0000,999,1000,1000,1,40.7349
74340.0000,7434,2965.2357,0.0000,1000,1000,1000,1,40.8639
74350.0000,7435,2965.2403,0.0000,999,999,999,1,40.9100
74360.0000,7436,2965.2449,0.0000,999,1000,1000,1,41.0389
74370.0000,7437,2965.2493,0.0000,999,1000,999,1,40.9189
74380.0000,7438,2965.2539,0.0000,999,999,1000,1,40.9650
74390.0000,7439,2965.2583,0.0000,999,1000,1000,1,40.9283
74400.0000,7440,2965.2629,0.0000,999,999,999,1,40.8917
74410.0000,7441,2965.2674,0.0000,1000,1000,1000,1,40.8551
74420.0000,7442,2965.2719,0.0000,998,999,999,1,40.9010
74430.0000,7443,2965.2764,0.0000,999,999,999,1,40.6173
74440.0000,7444,2965.2809,0.0000,999,1000,1000,1,40.6638
74450.0000,7445,2965.2855,0.0000,999,1000,1000,1,40.7102
74460.0000,7446,2965.2898,0.0000,999,1000,1000,1,40.5102
74470.0000,7447,2965.2943,0.0000,999,999,1000,1,40.4748
74480.0000,7448,2965.2988,0.0000,1000,1000,1000,1,40.3576
74490.0000,7449,2965.3031,0.0000,999,998,999,1,40.1581
74500.0000,7450,2965.3075,0.0000,999,1000,999,1,40.0411
74510.0000,7451,2965.3120,0.0000,999,999,1000,1,39.9250
74520.0000,7452,2965.3164,0.0000,1000,1000,999,1,39.8100
74530.0000,7453,2965.3209,0.0000,1000,1000,1000,1,39.8577
74540.0000,7454,2965.3255,0.0000,999,1000,1000,1,39.9865
74550.0000,7455,2965.3301,0.0000,999,1000,1000,1,40.1153
74560.0000,7456,2965.3346,0.0000,999,1000,1000,1,40.1626
74570.0000,7457,2965.3391,0.0000,999,1000,1000,1,40.2914
74580.0000,7458,2965.3436,0.0000,998,1000,1000,1,40.2570
74590.0000,7459,2965.3481,0.0000,999,999,1000,1,40.3049
74600.0000,7460,2965.3526,0.0000,1000,1000,1000,1,40.3527
74610.0000,7461,2965.3571,0.0000,999,999,1000,1,40.4003
74620.0000,7462,2965.3617,0.0000,999,999,999,1,40.3669
74630.0000,7463,2965.3660,0.0000,999,999,1000,1,40.3345
74640.0000,7464,2965.3702,0.0000,998,999,999,1,39.9831
74650.0000,7465,2965.3747,0.0000,1000,1000,1000,1,39.9521
74660.0000,7466,2965.3792,0.0000,999,999,1000,1,39.8415
74670.0000,7467,2965.3836,0.0000,999,1000,1000,1,39.8112
74680.0000,7468,2965.3882,0.0000,999,1000,1000,1,39.9398
74690.0000,7469,2965.3926,0.0000,999,1000,1000,1,39.8311
74700.0000,7470,2965.3969,0.0000,1000,1000,999,1,39.5650
74710.0000,7471,2965.4014,0.0000,1000,1000,1000,1,39.6147
74720.0000,7472,2965.4059,0.0000,1000,1000,1000,1,39.6644
74730.0000,7473,2965.4104,0.0000,1000,1000,1000,1,39.7140
74740.0000,7474,2965.4147,0.0000,998,1000,999,1,39.6066
74750.0000,7475,2965.4191,0.0000,999,999,1000,1,39.3437
74760.0000,7476,2965.4237,0.0000,999,1000,999,1,39.3942
74770.0000,7477,2965.4281,0.0000,1000,999,1000,1,39.2884
74780.0000,7478,2965.4326,0.0000,1000,999,1000,1,39.2607
74790.0000,7479,2965.4371,0.0000,1000,999,1000,1,39.2329
74800.0000,7480,2965.4416,0.0000,1000,1000,1000,1,39.3613
74810.0000,7481,2965.4460,0.0000,1000,999,1000,1,39.3331
74820.0000,7482,2965.4504,0.0000,1000,1000,999,1,39.2268
74830.0000,7483,2965.4549,0.0000,999,999,1000,1,39.1987
74840.0000,7484,2965.4594,0.0000,999,1000,1000,1,39.3271
74850.0000,7485,2965.4638,0.0000,1000,1000,1000,1,39.2990
74860.0000,7486,2965.4684,0.0000,999,1000,1000,1,39.4273
74870.0000,7487,2965.4729,0.0000,999,1000,1000,1,39.4773
74880.0000,7488,2965.4774,0.0000,1000,1000,1000,1,39.6056
74890.0000,7489,2965.4819,0.0000,1000,1000,1000,1,39.6554
74900.0000,7490,2965.4864,0.0000,999,1000,1000,1,39.7051
74910.0000,7491,2965.4909,0.0000,1000,999,1000,1,39.6763
74920.0000,7492,2965.4952,0.0000,999,1000,1000,1,39.5687
74930.0000,7493,2965.4997,0.0000,1000,1000,1000,1,39.6969
74940.0000,7494,2965.5042,0.0000,999,1000,1000,1,39.7463
74950.0000,7495,2965.5087,0.0000,999,999,1000,1,39.7169
74960.0000,7496,2965.5131,0.0000,1000,1000,1000,1,39.3736
74970.0000,7497,2965.5176,0.0000,999,1000,1000,1,39.5018
74980.0000,7498,2965.5220,0.0000,1000,1000,1000,1,39.3955
74990.0000,7499,2965.5265,0.0000,999,999,1000,1,39.2892
75000.0000,7500,2965.5308,0.0000,1000,1000,999,1,39.1055
75010.0000,7501,2965.5353,0.0000,1000,1000,1000,1,39.1557
75020.0000,7502,2965.5397,0.0000,1000,1000,1000,1,39.2059
75030.0000,7503,2965.5443,0.0000,1000,1000,1000,1,39.3339
75040.0000,7504,2965.5488,0.0000,1000,999,1000,1,39.4619
75050.0000,7505,2965.5532,0.0000,998,998,999,1,39.4340
75060.0000,7506,2965.5577,0.0000,1000,1000,1000,1,39.5620
75070.0000,7507,2965.5622,0.0000,1000,1000,1000,1,39.6121
75080.0000,7508,2965.5667,0.0000,999,999,999,1,39.6619
75090.0000,7509,2965.5711,0.0000,999,1000,1000,1,39.7118
75100.0000,7510,2965.5754,0.0000,999,999,1000,1,39.5278
75110.0000,7511,2965.5799,0.0000,999,1000,1000,1,39.6556
75120.0000,7512,2965.5843,0.0000,999,999,1000,1,39.4711
75130.0000,7513,2965.5887,0.0000,1000,1000,1000,1,39.3648
75140.0000,7514,2965.5932,0.0000,999,999,1000,1,39.3364
75150.0000,7515,2965.5976,0.0000,1000,999,1000,1,39.2304
75160.0000,7516,2965.6021,0.0000,1000,1000,1000,1,39.2020
75170.0000,7517,2965.6066,0.0000,999,1000,1000,1,39.3299
75180.0000,7518,2965.6110,0.0000,999,1000,1000,1,39.3796
75190.0000,7519,2965.6154,0.0000,1000,999,1000,1,39.2733
75200.0000,7520,2965.6198,0.0000,999,999,1000,1,39.0893
75210.0000,7521,2965.6241,0.0000,1000,1000,1000,1,38.8276
75220.0000,7522,2965.6286,0.0000,999,999,1000,1,38.8777
75230.0000,7523,2965.6330,0.0000,1000,1000,999,1,38.8500
75240.0000,7524,2965.6374,0.0000,999,999,999,1,38.8999
75250.0000,7525,2965.6419,0.0000,1000,999,1000,1,38.9498
75260.0000,7526,2965.6463,0.0000,999,999,1000,1,38.9219
75270.0000,7527,2965.6507,0.0000,999,1000,1000,1,38.8939
75280.0000,7528,2965.6551,0.0000,999,999,1000,1,38.9437
75290.0000,7529,2965.6596,0.0000,999,1000,1000,1,38.9934
75300.0000,7530,2965.6639,0.0000,1000,998,1000,1,38.9649
75310.0000,7531,2965.6683,0.0000,998,999,999,1,38.9364
75320.0000,7532,2965.6726,0.0000,999,1000,1000,1,38.9864
75330.0000,7533,2965.6770,0.0000,999,999,999,1,38.8812
75340.0000,7534,2965.6814,0.0000,1000,1000,1000,1,38.8536
75350.0000,7535,2965.6859,0.0000,1000,1000,1000,1,38.9811
75360.0000,7536,2965.6904,0.0000,999,999,999,1,38.8759
75370.0000,7537,2965.6947,0.0000,998,999,999,1,38.7711
75380.0000,7538,2965.6992,0.0000,1000,1000,1000,1,38.8986
75390.0000,7539,2965.7036,0.0000,1000,1000,1000,1,38.7939
75400.0000,7540,2965.7081,0.0000,1000,1000,1000,1,38.9213
75410.0000,7541,2965.7125,0.0000,999,1000,999,1,38.9714
75420.0000,7542,2965.7169,0.0000,999,1000,1000,1,38.9441
75430.0000,7543,2965.7213,0.0000,999,1000,1000,1,38.9940
75440.0000,7544,2965.7256,0.0000,999,999,1000,1,38.9663
75450.0000,7545,2965.7300,0.0000,999,1000,999,1,38.8610
75460.0000,7546,2965.7345,0.0000,1000,1000,999,1,38.9108
75470.0000,7547,2965.7389,0.0000,999,1000,1000,1,39.0381
75480.0000,7548,2965.7433,0.0000,999,999,1000,1,39.0880
75490.0000,7549,2965.7477,0.0000,999,999,1000,1,39.1377
75500.0000,7550,2965.7520,0.0000,998,999,999,1,38.9554
75510.0000,7551,2965.7563,0.0000,999,1000,1000,1,39.0827
75520.0000,7552,2965.7607,0.0000,1000,1000,1000,1,39.1327
75530.0000,7553,2965.7651,0.0000,998,999,999,1,39.1053
75540.0000,7554,2965.7695,0.0000,999,999,1000,1,39.1552
75550.0000,7555,2965.7739,0.0000,1000,1000,1000,1,39.2824
75560.0000,7556,2965.7784,0.0000,1000,1000,1000,1,39.3322
75570.0000,7557,2965.7827,0.0000,999,1000,1000,1,39.3046
75580.0000,7558,2965.7871,0.0000,1000,1000,1000,1,39.3544
75590.0000,7559,2965.7916,0.0000,1000,1000,1000,1,39.4815
75600.0000,7560,2965.7960,0.0000,1000,1000,1000,1,39.6085
75610.0000,7561,2965.8004,0.0000,999,1000,1000,1,39.7355
75620.0000,7562,2965.8048,0.0000,1000,999,1000,1,39.8625
75630.0000,7563,2965.8092,0.0000,999,1000,1000,1,39.7561
75640.0000,7564,2965.8136,0.0000,1000,1000,1000,1,39.8831
75650.0000,7565,2965.8181,0.0000,999,999,1000,1,40.0100
75660.0000,7566,2965.8224,0.0000,999,1000,1000,1,39.9807
75670.0000,7567,2965.8268,0.0000,999,1000,1000,1,40.0294
75680.0000,7568,2965.8309,0.0000,1000,999,1000,1,39.9223
75690.0000,7569,2965.8353,0.0000,999,999,999,1,39.9711
75700.0000,7570,2965.8396,0.0000,1000,1000,1000,1,39.7865
75710.0000,7571,2965.8441,0.0000,999,1000,1000,1,39.8355
75720.0000,7572,2965.8485,0.0000,1000,1000,1000,1,39.8064
75730.0000,7573,2965.8528,0.0000,1000,1000,999,1,39.5435
75740.0000,7574,2965.8571,0.0000,999,999,1000,1,39.5923
75750.0000,7575,2965.8615,0.0000,1000,1000,1000,1,39.6412
75760.0000,7576,2965.8658,0.0000,1000,1000,1000,1,39.6121
75770.0000,7577,2965.8701,0.0000,1000,1000,1000,1,39.6610
75780.0000,7578,2965.8745,0.0000,1000,1000,1000,1,39.7099
75790.0000,7579,2965.8789,0.0000,999,999,1000,1,39.6807
75800.0000,7580,2965.8833,0.0000,998,999,999,1,39.6516
75810.0000,7581,2965.8874,0.0000,1000,999,1000,1,39.5443
75820.0000,7582,2965.8918,0.0000,999,1000,1000,1,39.5931
75830.0000,7583,2965.8963,0.0000,999,1000,1000,1,39.7197
75840.0000,7584,2965.9007,0.0000,1000,1000,1000,1,39.7682
75850.0000,7585,2965.9050,0.0000,1000,999,1000,1,39.7387
75860.0000,7586,2965.9094,0.0000,1000,1000,1000,1,39.8652
75870.0000,7587,2965.9136,0.0000,998,999,998,1,39.7571
75880.0000,7588,2965.9177,0.0000,1000,999,1000,1,39.7273
75890.0000,7589,2965.9221,0.0000,1000,1000,1000,1,39.6976
75900.0000,7590,2965.9263,0.0000,999,1000,1000,1,39.5898
75910.0000,7591,2965.9306,0.0000,998,1000,999,1,39.4039
75920.0000,7592,2965.9349,0.0000,1000,1000,1000,1,39.4524
75930.0000,7593,2965.9393,0.0000,1000,999,1000,1,39.4226
75940.0000,7594,2965.9436,0.0000,1000,999,999,1,39.4708
75950.0000,7595,2965.9479,0.0000,1000,1000,1000,1,39.3630
75960.0000,7596,2965.9523,0.0000,1000,999,1000,1,39.4894
75970.0000,7597,2965.9568,0.0000,999,1000,1000,1,39.6159
75980.0000,7598,2965.9611,0.0000,1000,1000,1000,1,39.6641
75990.0000,7599,2965.9654,0.0000,999,1000,1000,1,39.7123
76000.0000,7600,2965.9697,0.0000,999,1000,999,1,39.6048
76010.0000,7601,2965.9739,0.0000,998,998,999,1,39.4975
76020.0000,7602,2965.9781,0.0000,999,1000,1000,1,39.3132
76030.0000,7603,2965.9825,0.0000,1000,999,1000,1,39.4396
76040.0000,7604,2965.9866,0.0000,996,997,997,1,39.1004
76050.0000,7605,2965.9905,0.0000,999,1000,1000,1,38.9942
76060.0000,7606,2965.9948,0.0000,999,999,1000,1,39.0430
76070.0000,7607,2965.9991,0.0000,998,998,999,1,38.9368
76080.0000,7608,2966.0034,0.0000,1000,1000,1000,1,38.8306
76090.0000,7609,2966.0077,0.0000,1000,1000,1000,1,38.8796
76100.0000,7610,2966.0120,0.0000,997,999,998,1,38.8510
76110.0000,7611,2966.0161,0.0000,999,1000,1000,1,38.8223
76120.0000,7612,2966.0204,0.0000,999,999,1000,1,38.7939
76130.0000,7613,2966.0248,0.0000,999,1000,1000,1,38.8427
76140.0000,7614,2966.0291,0.0000,1000,999,1000,1,38.8917
76150.0000,7615,2966.0332,0.0000,999,1000,1000,1,38.8636
76160.0000,7616,2966.0376,0.0000,999,999,1000,1,38.9126
76170.0000,7617,2966.0419,0.0000,999,999,1000,1,38.9614
76180.0000,7618,2966.0461,0.0000,1000,1000,1000,1,38.7023
76190.0000,7619,2966.0503,0.0000,1000,1000,1000,1,38.5974
76200.0000,7620,2966.0546,0.0000,1000,1000,1000,1,38.6465
76210.0000,7621,2966.0589,0.0000,999,1000,1000,1,38.6955
76220.0000,7622,2966.0633,0.0000,1000,1000,1000,1,38.7444
76230.0000,7623,2966.0675,0.0000,999,1000,999,1,38.6386
76240.0000,7624,2966.0718,0.0000,999,1000,1000,1,38.6875
76250.0000,7625,2966.0760,0.0000,999,1000,999,1,38.4282
76260.0000,7626,2966.0803,0.0000,999,1000,1000,1,38.3244
76270.0000,7627,2966.0847,0.0000,1000,1000,1000,1,38.3738
76280.0000,7628,2966.0890,0.0000,999,1000,999,1,38.2702
76290.0000,7629,2966.0933,0.0000,1000,1000,1000,1,38.3199
76300.0000,7630,2966.0976,0.0000,1000,1000,1000,1,38.2933
76310.0000,7631,2966.1019,0.0000,1000,1000,1000,1,38.2664
76320.0000,7632,2966.1062,0.0000,999,1000,1000,1,38.3158
76330.0000,7633,2966.1106,0.0000,999,999,1000,1,38.3651
76340.0000,7634,2966.1147,0.0000,1000,999,1000,1,38.3379
76350.0000,7635,2966.1190,0.0000,999,1000,1000,1,38.3107
76360.0000,7636,2966.1231,0.0000,998,1000,1000,1,38.0534
76370.0000,7637,2966.1274,0.0000,1000,1000,1000,1,38.0263
76380.0000,7638,2966.1318,0.0000,1000,1000,1000,1,38.1522
76390.0000,7639,2966.1361,0.0000,999,1000,1000,1,38.2781
76400.0000,7640,2966.1404,0.0000,1000,1000,1000,1,38.2508
76410.0000,7641,2966.1446,0.0000,998,999,1000,1,38.1468
76420.0000,7642,2966.1485,0.0000,1000,1000,1000,1,37.9662
76430.0000,7643,2966.1528,0.0000,999,999,1000,1,38.0154
76440.0000,7644,2966.1570,0.0000,999,999,1000,1,37.7578
76450.0000,7645,2966.1613,0.0000,999,1000,1000,1,37.8070
76460.0000,7646,2966.1657,0.0000,1000,1000,1000,1,37.8561
76470.0000,7647,2966.1700,0.0000,1000,1000,1000,1,37.9820
76480.0000,7648,2966.1742,0.0000,999,1000,1000,1,37.8773
76490.0000,7649,2966.1785,0.0000,1000,1000,1000,1,37.7727
76500.0000,7650,2966.1827,0.0000,999,1000,1000,1,37.6686
76510.0000,7651,2966.1870,0.0000,999,998,999,1,37.6412
76520.0000,7652,2966.1910,0.0000,1000,998,1000,1,37.2311
76530.0000,7653,2966.1953,0.0000,1000,1000,1000,1,37.2805
76540.0000,7654,2966.1996,0.0000,1000,1000,1000,1,37.3298
76550.0000,7655,2966.2038,0.0000,999,1000,999,1,37.0739
76560.0000,7656,2966.2080,0.0000,1000,1000,999,1,36.9710
76570.0000,7657,2966.2124,0.0000,1000,999,1000,1,37.0968
76580.0000,7658,2966.2166,0.0000,998,998,999,1,36.9933
76590.0000,7659,2966.2209,0.0000,999,1000,1000,1,37.0426
76600.0000,7660,2966.2252,0.0000,999,1000,1000,1,37.1683
76610.0000,7661,2966.2295,0.0000,999,1000,1000,1,37.2174
76620.0000,7662,2966.2337,0.0000,999,999,1000,1,37.3430
76630.0000,7663,2966.2379,0.0000,999,1000,999,1,37.3151
76640.0000,7664,2966.2422,0.0000,1000,1000,1000,1,37.4407
76650.0000,7665,2966.2465,0.0000,999,1000,1000,1,37.4893
76660.0000,7666,2966.2508,0.0000,1000,1000,999,1,37.4610
76670.0000,7667,2966.2551,0.0000,1000,1000,1000,1,37.5096
76680.0000,7668,2966.2593,0.0000,999,999,999,1,37.4046
76690.0000,7669,2966.2636,0.0000,999,1000,1000,1,37.5301
76700.0000,7670,2966.2678,0.0000,1000,1000,1000,1,37.3483
76710.0000,7671,2966.2721,0.0000,1000,1000,1000,1,37.4738
76720.0000,7672,2966.2765,0.0000,999,1000,1000,1,37.5222
76730.0000,7673,2966.2808,0.0000,1000,1000,1000,1,37.5706
76740.0000,7674,2966.2850,0.0000,999,999,1000,1,37.5418
76750.0000,7675,2966.2892,0.0000,1000,1000,1000,1,37.3604
76760.0000,7676,2966.2935,0.0000,1000,1000,1000,1,37.4858
76770.0000,7677,2966.2978,0.0000,999,1000,1000,1,37.3817
76780.0000,7678,2966.3019,0.0000,999,1000,1000,1,37.2774
76790.0000,7679,2966.3062,0.0000,999,999,1000,1,37.3262
76800.0000,7680,2966.3104,0.0000,999,999,999,1,37.2984
76810.0000,7681,2966.3146,0.0000,1000,1000,1000,1,37.2709
76820.0000,7682,2966.3188,0.0000,999,999,1000,1,37.3199
76830.0000,7683,2966.3228,0.0000,998,1000,1000,1,37.1406
76840.0000,7684,2966.3270,0.0000,999,1000,1000,1,37.1139
76850.0000,7685,2966.3313,0.0000,999,1000,1000,1,37.2392
76860.0000,7686,2966.3355,0.0000,999,1000,1000,1,37.2128
76870.0000,7687,2966.3398,0.0000,1000,1000,1000,1,37.3380
76880.0000,7688,2966.3440,0.0000,998,1000,1000,1,37.3112
76890.0000,7689,2966.3481,0.0000,998,999,1000,1,37.1324
76900.0000,7690,2966.3524,0.0000,1000,1000,1000,1,37.1815
76910.0000,7691,2966.3567,0.0000,999,1000,1000,1,37.3067
76920.0000,7692,2966.3609,0.0000,999,1000,1000,1,37.2792
76930.0000,7693,2966.3652,0.0000,1000,1000,1000,1,37.4043
76940.0000,7694,2966.3695,0.0000,1000,1000,1000,1,37.4530
76950.0000,7695,2966.3737,0.0000,1000,1000,1000,1,37.5015
76960.0000,7696,2966.3778,0.0000,998,998,998,1,37.2439
76970.0000,7697,2966.3820,0.0000,999,1000,1000,1,37.2163
76980.0000,7698,2966.3861,0.0000,999,1000,1000,1,37.1127
76990.0000,7699,2966.3904,0.0000,999,1000,1000,1,37.1615
77000.0000,7700,2966.3944,0.0000,998,998,999,1,37.0577
77010.0000,7701,2966.3984,0.0000,998,999,999,1,36.9542
77020.0000,7702,2966.4026,0.0000,999,1000,1000,1,37.0032
77030.0000,7703,2966.4069,0.0000,999,1000,1000,1,36.9762
77040.0000,7704,2966.4111,0.0000,999,999,999,1,37.0250
77050.0000,7705,2966.4153,0.0000,1000,1000,1000,1,36.9976
77060.0000,7706,2966.4196,0.0000,1000,1000,1000,1,37.1226
77070.0000,7707,2966.4239,0.0000,999,999,1000,1,37.2475
77080.0000,7708,2966.4282,0.0000,1000,1000,999,1,37.2960
77090.0000,7709,2966.4323,0.0000,999,1000,999,1,37.2680
77100.0000,7710,2966.4365,0.0000,999,1000,1000,1,37.3164
77110.0000,7711,2966.4407,0.0000,999,1000,999,1,37.2884
77120.0000,7712,2966.4449,0.0000,1000,1000,1000,1,37.4132
77130.0000,7713,2966.4491,0.0000,999,1000,1000,1,37.3850
77140.0000,7714,2966.4533,0.0000,999,999,999,1,37.2810
77150.0000,7715,2966.4575,0.0000,1000,1000,1000,1,37.3298
77160.0000,7716,2966.4616,0.0000,1000,1000,1000,1,37.2264
77170.0000,7717,2966.4659,0.0000,999,1000,1000,1,37.3512
77180.0000,7718,2966.4702,0.0000,1000,1000,1000,1,37.3998
77190.0000,7719,2966.4744,0.0000,999,1000,1000,1,37.2962
77200.0000,7720,2966.4786,0.0000,1000,1000,1000,1,37.3447
77210.0000,7721,2966.4828,0.0000,1000,1000,1000,1,37.3930
77220.0000,7722,2966.4871,0.0000,999,999,999,1,37.4414
77230.0000,7723,2966.4912,0.0000,1000,999,999,1,37.3375
77240.0000,7724,2966.4953,0.0000,999,999,999,1,37.2344
77250.0000,7725,2966.4994,0.0000,999,998,1000,1,37.2075
77260.0000,7726,2966.5035,0.0000,999,1000,1000,1,37.1808
77270.0000,7727,2966.5077,0.0000,999,999,1000,1,37.1537
77280.0000,7728,2966.5118,0.0000,999,1000,1000,1,37.0508
77290.0000,7729,2966.5160,0.0000,1000,999,1000,1,37.1754
77300.0000,7730,2966.5202,0.0000,999,1000,1000,1,37.2239
77310.0000,7731,2966.5244,0.0000,1000,1000,1000,1,37.3484
77320.0000,7732,2966.5286,0.0000,999,999,1000,1,37.3967
77330.0000,7733,2966.5328,0.0000,999,1000,1000,1,37.2927
77340.0000,7734,2966.5371,0.0000,1000,999,1000,1,37.3409
77350.0000,7735,2966.5413,0.0000,1000,1000,1000,1,37.4653
77360.0000,7736,2966.5456,0.0000,1000,1000,1000,1,37.5898
77370.0000,7737,2966.5498,0.0000,999,1000,1000,1,37.6376
77380.0000,7738,2966.5541,0.0000,1000,1000,1000,1,37.7620
77390.0000,7739,2966.5583,0.0000,999,1000,1000,1,37.8096
77400.0000,7740,2966.5625,0.0000,1000,1000,1000,1,37.9339
77410.0000,7741,2966.5666,0.0000,998,999,1000,1,37.9044
77420.0000,7742,2966.5707,0.0000,1000,999,1000,1,37.8750
77430.0000,7743,2966.5749,0.0000,999,1000,1000,1,37.9993
77440.0000,7744,2966.5790,0.0000,1000,1000,998,1,37.8163
77450.0000,7745,2966.5831,0.0000,998,999,999,1,37.6338
77460.0000,7746,2966.5873,0.0000,999,1000,1000,1,37.6814
77470.0000,7747,2966.5915,0.0000,999,999,1000,1,37.8056
77480.0000,7748,2966.5957,0.0000,999,999,999,1,37.7766
77490.0000,7749,2966.5998,0.0000,999,1000,1000,1,37.9008
77500.0000,7750,2966.6040,0.0000,999,1000,1000,1,37.8715
77510.0000,7751,2966.6082,0.0000,1000,1000,1000,1,37.9189
77520.0000,7752,2966.6124,0.0000,998,1000,1000,1,37.9663
77530.0000,7753,2966.6166,0.0000,999,999,1000,1,37.9369
77540.0000,7754,2966.6206,0.0000,999,1000,1000,1,37.8311
77550.0000,7755,2966.6248,0.0000,1000,1000,1000,1,37.9552
77560.0000,7756,2966.6290,0.0000,1000,1000,1000,1,37.9266
77570.0000,7757,2966.6333,0.0000,1000,1000,1000,1,38.0507
77580.0000,7758,2966.6375,0.0000,999,999,1000,1,38.1746
77590.0000,7759,2966.6417,0.0000,1000,1000,1000,1,38.2221
77600.0000,7760,2966.6460,0.0000,1000,1000,1000,1,38.3460
77610.0000,7761,2966.6502,0.0000,999,1000,1000,1,38.4699
77620.0000,7762,2966.6544,0.0000,999,1000,1000,1,38.4404
77630.0000,7763,2966.6586,0.0000,999,999,1000,1,38.5643
77640.0000,7764,2966.6628,0.0000,1000,1000,1000,1,38.6881
77650.0000,7765,2966.6670,0.0000,1000,1000,1000,1,38.5812
77660.0000,7766,2966.6711,0.0000,999,999,999,1,38.5514
77670.0000,7767,2966.6752,0.0000,1000,999,1000,1,38.4447
77680.0000,7768,2966.6794,0.0000,1000,1000,1000,1,38.5685
77690.0000,7769,2966.6836,0.0000,1000,1000,1000,1,38.5383
77700.0000,7770,2966.6877,0.0000,999,998,999,1,38.4310
77710.0000,7771,2966.6917,0.0000,999,998,1000,1,38.4777
77720.0000,7772,2966.6959,0.0000,999,999,1000,1,38.4481
77730.0000,7773,2966.6999,0.0000,998,1000,1000,1,38.3414
77740.0000,7774,2966.7039,0.0000,1000,1000,1000,1,38.3119
77750.0000,7775,2966.7080,0.0000,999,1000,1000,1,38.2824
77760.0000,7776,2966.7121,0.0000,999,999,999,1,38.1765
77770.0000,7777,2966.7162,0.0000,1000,999,1000,1,38.1472
77780.0000,7778,2966.7204,0.0000,1000,1000,1000,1,38.2709
77790.0000,7779,2966.7246,0.0000,1000,1000,999,1,38.3179
77800.0000,7780,2966.7288,0.0000,1000,999,1000,1,38.4415
77810.0000,7781,2966.7329,0.0000,1000,1000,1000,1,38.4121
77820.0000,7782,2966.7371,0.0000,999,999,1000,1,38.5357
77830.0000,7783,2966.7413,0.0000,999,1000,1000,1,38.5827
77840.0000,7784,2966.7454,0.0000,999,1000,1000,1,38.5532
77850.0000,7785,2966.7495,0.0000,999,999,999,1,38.3717
77860.0000,7786,2966.7538,0.0000,1000,1000,1000,1,38.4952
77870.0000,7787,2966.7578,0.0000,999,1000,1000,1,38.4663
77880.0000,7788,2966.7620,0.0000,1000,1000,1000,1,38.5898
77890.0000,7789,2966.7662,0.0000,999,999,1000,1,38.5605
77900.0000,7790,2966.7702,0.0000,1000,999,999,1,38.4549
77910.0000,7791,2966.7742,0.0000,999,999,1000,1,38.2740
77920.0000,7792,2966.7784,0.0000,999,999,1000,1,38.3975
77930.0000,7793,2966.7825,0.0000,1000,1000,1000,1,38.4448
77940.0000,7794,2966.7867,0.0000,1000,1000,1000,1,38.4919
77950.0000,7795,2966.7909,0.0000,998,999,998,1,38.3883
77960.0000,7796,2966.7948,0.0000,1000,1000,1000,1,38.3607
77970.0000,7797,2966.7990,0.0000,1000,1000,1000,1,38.4087
77980.0000,7798,2966.8032,0.0000,999,1000,1000,1,38.5320
77990.0000,7799,2966.8071,0.0000,998,998,998,1,38.1292
78000.0000,7800,2966.8111,0.0000,1000,1000,999,1,38.0276
78010.0000,7801,2966.8153,0.0000,999,1000,1000,1,38.1509
78020.0000,7802,2966.8194,0.0000,999,999,1000,1,38.1241
78030.0000,7803,2966.8235,0.0000,998,999,999,1,37.9473
78040.0000,7804,2966.8273,0.0000,997,999,1000,1,37.6961
78050.0000,7805,2966.8312,0.0000,1000,1000,1000,1,37.6697
78060.0000,7806,2966.8354,0.0000,999,1000,1000,1,37.7930
78070.0000,7807,2966.8394,0.0000,998,999,999,1,37.7664
78080.0000,7808,2966.8435,0.0000,999,1000,1000,1,37.8146
78090.0000,7809,2966.8477,0.0000,999,999,1000,1,37.8629
78100.0000,7810,2966.8518,0.0000,999,1000,1000,1,37.9111
78110.0000,7811,2966.8558,0.0000,1000,1000,1000,1,37.9592
78120.0000,7812,2966.8600,0.0000,1000,1000,1000,1,38.0071
78130.0000,7813,2966.8642,0.0000,999,1000,1000,1,38.0549
78140.0000,7814,2966.8684,0.0000,1000,1000,1000,1,38.1780
78150.0000,7815,2966.8724,0.0000,999,999,1000,1,38.2257
78160.0000,7816,2966.8765,0.0000,1000,1000,1000,1,38.1225
78170.0000,7817,2966.8807,0.0000,999,1000,1000,1,38.1701
78180.0000,7818,2966.8848,0.0000,1000,1000,1000,1,38.2174
78190.0000,7819,2966.8889,0.0000,999,1000,1000,1,38.3404
78200.0000,7820,2966.8931,0.0000,1000,1000,1000,1,38.4634
78210.0000,7821,2966.8972,0.0000,1000,1000,1000,1,38.5104
78220.0000,7822,2966.9013,0.0000,999,1000,1000,1,38.2533
78230.0000,7823,2966.9054,0.0000,1000,1000,1000,1,38.3004
78240.0000,7824,2966.9095,0.0000,1000,1000,999,1,38.1953
78250.0000,7825,2966.9136,0.0000,999,1000,1000,1,38.1668
78260.0000,7826,2966.9177,0.0000,1000,1000,1000,1,38.2140
78270.0000,7827,2966.9218,0.0000,1000,999,1000,1,38.2612
78280.0000,7828,2966.9258,0.0000,1000,1000,1000,1,38.0823
78290.0000,7829,2966.9299,0.0000,999,999,1000,1,38.2052
78300.0000,7830,2966.9340,0.0000,998,999,999,1,38.1771
78310.0000,7831,2966.9380,0.0000,1000,999,1000,1,37.9991
78320.0000,7832,2966.9420,0.0000,1000,999,1000,1,38.0468
78330.0000,7833,2966.9462,0.0000,1000,1000,1000,1,38.0943
78340.0000,7834,2966.9503,0.0000,999,1000,1000,1,38.2171
78350.0000,7835,2966.9544,0.0000,999,1000,1000,1,38.1894
78360.0000,7836,2966.9584,0.0000,999,1000,1000,1,38.1618
78370.0000,7837,2966.9625,0.0000,999,999,1000,1,38.2845
78380.0000,7838,2966.9666,0.0000,999,999,1000,1,38.3318
78390.0000,7839,2966.9706,0.0000,999,999,1000,1,38.3036
78400.0000,7840,2966.9747,0.0000,1000,1000,1000,1,38.3507
78410.0000,7841,2966.9788,0.0000,999,1000,1000,1,38.3978
78420.0000,7842,2966.9828,0.0000,1000,1000,1000,1,38.2938
78430.0000,7843,2966.9869,0.0000,998,1000,1000,1,38.3409
78440.0000,7844,2966.9908,0.0000,999,1000,1000,1,38.3128
78450.0000,7845,2966.9949,0.0000,1000,1000,1000,1,38.2846
78460.0000,7846,2966.9989,0.0000,999,999,1000,1,38.2561
78470.0000,7847,2967.0029,0.0000,999,1000,1000,1,38.0770
78480.0000,7848,2967.0070,0.0000,999,999,999,1,37.9736
78490.0000,7849,2967.0111,0.0000,999,1000,1000,1,38.0208
78500.0000,7850,2967.0151,0.0000,999,1000,1000,1,37.9924
78510.0000,7851,2967.0192,0.0000,999,999,1000,1,37.9641
78520.0000,7852,2967.0233,0.0000,999,1000,1000,1,38.0110
78530.0000,7853,2967.0275,0.0000,999,1000,1000,1,38.1335
78540.0000,7854,2967.0316,0.0000,999,999,1000,1,38.2560
78550.0000,7855,2967.0357,0.0000,1000,1000,1000,1,38.3026
78560.0000,7856,2967.0399,0.0000,999,1000,1000,1,38.3491
78570.0000,7857,2967.0440,0.0000,1000,1000,1000,1,38.3195
78580.0000,7858,2967.0480,0.0000,1000,999,999,1,38.2898
78590.0000,7859,2967.0521,0.0000,1000,1000,1000,1,38.3361
78600.0000,7860,2967.0561,0.0000,999,999,1000,1,38.1546
78610.0000,7861,2967.0601,0.0000,1000,1000,1000,1,38.2009
78620.0000,7862,2967.0642,0.0000,999,999,1000,1,38.3233
78630.0000,7863,2967.0681,0.0000,1000,1000,1000,1,38.2173
78640.0000,7864,2967.0721,0.0000,1000,1000,1000,1,38.1114
78650.0000,7865,2967.0762,0.0000,1000,1000,999,1,38.0815
78660.0000,7866,2967.0803,0.0000,1000,1000,1000,1,38.1277
78670.0000,7867,2967.0844,0.0000,999,1000,1000,1,38.1738
78680.0000,7868,2967.0884,0.0000,999,1000,1000,1,37.9916
78690.0000,7869,2967.0924,0.0000,1000,1000,1000,1,37.8863
78700.0000,7870,2967.0965,0.0000,999,1000,1000,1,38.0086
78710.0000,7871,2967.1005,0.0000,999,999,999,1,37.7510
78720.0000,7872,2967.1044,0.0000,999,999,999,1,37.5693
78730.0000,7873,2967.1084,0.0000,999,1000,1000,1,37.5396
78740.0000,7874,2967.1122,0.0000,1000,1000,1000,1,37.4342
78750.0000,7875,2967.1161,0.0000,1000,1000,1000,1,37.2536
78760.0000,7876,2967.1202,0.0000,1000,1000,1000,1,37.2248
78770.0000,7877,2967.1243,0.0000,1000,1000,1000,1,37.3470
78780.0000,7878,2967.1282,0.0000,999,999,1000,1,37.0909
78790.0000,7879,2967.1322,0.0000,998,1000,999,1,36.9872
78800.0000,7880,2967.1362,0.0000,999,1000,1000,1,37.0341
78810.0000,7881,2967.1403,0.0000,999,999,999,1,37.0057
78820.0000,7882,2967.1441,0.0000,999,1000,1000,1,36.9025
78830.0000,7883,2967.1482,0.0000,999,1000,1000,1,36.9496
78840.0000,7884,2967.1522,0.0000,1000,999,1000,1,36.9215
78850.0000,7885,2967.1562,0.0000,1000,999,1000,1,36.8182
78860.0000,7886,2967.1603,0.0000,999,999,1000,1,36.8651
78870.0000,7887,2967.1642,0.0000,998,998,998,1,36.6866
78880.0000,7888,2967.1681,0.0000,1000,1000,1000,1,36.5835
78890.0000,7889,2967.1721,0.0000,1000,1000,1000,1,36.7057
78900.0000,7890,2967.1762,0.0000,1000,1000,1000,1,36.8277
78910.0000,7891,2967.1800,0.0000,999,1000,1000,1,36.7238
78920.0000,7892,2967.1841,0.0000,1000,999,1000,1,36.7706
78930.0000,7893,2967.1880,0.0000,1000,1000,1000,1,36.6675
78940.0000,7894,2967.1919,0.0000,999,1000,999,1,36.4916
78950.0000,7895,2967.1960,0.0000,999,999,1000,1,36.4648
78960.0000,7896,2967.2000,0.0000,1000,1000,1000,1,36.5869
78970.0000,7897,2967.2041,0.0000,1000,999,999,1,36.6343
78980.0000,7898,2967.2081,0.0000,999,1000,1000,1,36.6816
78990.0000,7899,2967.2122,0.0000,1000,1000,1000,1,36.7290
79000.0000,7900,2967.2163,0.0000,1000,1000,1000,1,36.8510
79010.0000,7901,2967.2202,0.0000,1000,1000,1000,1,36.7501
79020.0000,7902,2967.2241,0.0000,1000,999,1000,1,36.3556
79030.0000,7903,2967.2281,0.0000,1000,1000,1000,1,36.4040
79040.0000,7904,2967.2321,0.0000,999,1000,1000,1,36.3785
79050.0000,7905,2967.2361,0.0000,1000,999,1000,1,36.4267
79060.0000,7906,2967.2400,0.0000,997,997,999,1,36.3271
79070.0000,7907,2967.2438,0.0000,1000,1000,1000,1,36.2277
79080.0000,7908,2967.2478,0.0000,999,1000,1000,1,36.2757
79090.0000,7909,2967.2518,0.0000,1000,1000,1000,1,36.3976
79100.0000,7910,2967.2559,0.0000,1000,1000,1000,1,36.5194
79110.0000,7911,2967.2600,0.0000,999,1000,1000,1,36.6412
79120.0000,7912,2967.2640,0.0000,1000,1000,999,1,36.6143
79130.0000,7913,2967.2680,0.0000,1000,1000,1000,1,36.6617
79140.0000,7914,2967.2720,0.0000,999,1000,1000,1,36.7090
79150.0000,7915,2967.2761,0.0000,1000,999,1000,1,36.8307
79160.0000,7916,2967.2801,0.0000,999,999,1000,1,36.8779
79170.0000,7917,2967.2841,0.0000,999,1000,1000,1,36.8504
79180.0000,7918,2967.2880,0.0000,999,1000,1000,1,36.8227
79190.0000,7919,2967.2921,0.0000,1000,1000,1000,1,36.8696
79200.0000,7920,2967.2960,0.0000,999,999,1000,1,36.8418
79210.0000,7921,2967.3001,0.0000,1000,1000,1000,1,36.9634
79220.0000,7922,2967.3041,0.0000,999,1000,1000,1,37.0101
79230.0000,7923,2967.3081,0.0000,999,999,1000,1,37.0567
79240.0000,7924,2967.3120,0.0000,1000,1000,1000,1,36.8788
79250.0000,7925,2967.3160,0.0000,999,1000,1000,1,37.0003
79260.0000,7926,2967.3200,0.0000,999,1000,1000,1,36.9720
79270.0000,7927,2967.3240,0.0000,999,1000,1000,1,37.0185
79280.0000,7928,2967.3281,0.0000,1000,1000,1000,1,37.1400
79290.0000,7929,2967.3321,0.0000,999,1000,1000,1,37.2614
79300.0000,7930,2967.3361,0.0000,998,999,999,1,37.0822
79310.0000,7931,2967.3400,0.0000,1000,999,1000,1,37.1284
79320.0000,7932,2967.3438,0.0000,999,1000,1000,1,37.0995
79330.0000,7933,2967.3478,0.0000,1000,1000,1000,1,37.2209
79340.0000,7934,2967.3518,0.0000,1000,1000,1000,1,37.1917
79350.0000,7935,2967.3558,0.0000,1000,999,1000,1,37.2376
79360.0000,7936,2967.3597,0.0000,999,1000,1000,1,37.2834
79370.0000,7937,2967.3638,0.0000,1000,1000,1000,1,37.3291
79380.0000,7938,2967.3678,0.0000,1000,1000,999,1,37.2243
79390.0000,7939,2967.3718,0.0000,1000,1000,1000,1,37.2705
79400.0000,7940,2967.3757,0.0000,1000,1000,1000,1,37.0912
79410.0000,7941,2967.3797,0.0000,999,1000,1000,1,37.2125
79420.0000,7942,2967.3837,0.0000,1000,1000,1000,1,37.2585
79430.0000,7943,2967.3876,0.0000,1000,1000,999,1,37.2291
79440.0000,7944,2967.3916,0.0000,999,1000,1000,1,37.2750
79450.0000,7945,2967.3956,0.0000,1000,1000,1000,1,37.3962
79460.0000,7946,2967.3996,0.0000,1000,1000,1000,1,37.3663
79470.0000,7947,2967.4036,0.0000,999,1000,1000,1,37.4120
79480.0000,7948,2967.4076,0.0000,999,1000,1000,1,37.3821
79490.0000,7949,2967.4115,0.0000,999,999,1000,1,37.4277
79500.0000,7950,2967.4154,0.0000,999,1000,999,1,37.4732
79510.0000,7951,2967.4194,0.0000,1000,999,1000,1,37.5942
79520.0000,7952,2967.4234,0.0000,999,999,1000,1,37.5641
79530.0000,7953,2967.4273,0.0000,999,1000,1000,1,37.4584
79540.0000,7954,2967.4312,0.0000,1000,1000,1000,1,37.4285
79550.0000,7955,2967.4351,0.0000,999,999,999,1,37.3986
79560.0000,7956,2967.4391,0.0000,999,1000,1000,1,37.5195
79570.0000,7957,2967.4431,0.0000,1000,1000,1000,1,37.6405
79580.0000,7958,2967.4470,0.0000,999,1000,1000,1,37.3867
79590.0000,7959,2967.4510,0.0000,1000,1000,1000,1,37.2840
79600.0000,7960,2967.4549,0.0000,1000,1000,1000,1,37.2559
79610.0000,7961,2967.4587,0.0000,998,998,1000,1,37.0792
79620.0000,7962,2967.4626,0.0000,1000,1000,1000,1,36.9780
79630.0000,7963,2967.4664,0.0000,999,999,999,1,36.7299
79640.0000,7964,2967.4704,0.0000,999,1000,1000,1,36.8509
79650.0000,7965,2967.4742,0.0000,998,999,998,1,36.6042
79660.0000,7966,2967.4781,0.0000,1000,1000,1000,1,36.7251
79670.0000,7967,2967.4819,0.0000,1000,1000,1000,1,36.6253
79680.0000,7968,2967.4859,0.0000,999,999,1000,1,36.6726
79690.0000,7969,2967.4898,0.0000,1000,1000,1000,1,36.5729
79700.0000,7970,2967.4938,0.0000,999,1000,1000,1,36.6938
79710.0000,7971,2967.4977,0.0000,999,999,1000,1,36.5950
79720.0000,7972,2967.5017,0.0000,999,999,1000,1,36.6428
79730.0000,7973,2967.5056,0.0000,999,998,999,1,36.6177
79740.0000,7974,2967.5096,0.0000,999,1000,1000,1,36.7385
79750.0000,7975,2967.5134,0.0000,1000,1000,1000,1,36.6406
79760.0000,7976,2967.5174,0.0000,999,999,1000,1,36.6887
79770.0000,7977,2967.5213,0.0000,1000,1000,1000,1,36.6641
79780.0000,7978,2967.5253,0.0000,998,998,998,1,36.5670
79790.0000,7979,2967.5291,0.0000,999,1000,1000,1,36.3977
79800.0000,7980,2967.5330,0.0000,999,1000,1000,1,36.4460
79810.0000,7981,2967.5368,0.0000,998,999,999,1,36.2051
79820.0000,7982,2967.5407,0.0000,999,999,999,1,36.1098
79830.0000,7983,2967.5445,0.0000,998,1000,999,1,36.0142
79840.0000,7984,2967.5484,0.0000,1000,1000,1000,1,35.9190
79850.0000,7985,2967.5522,0.0000,1000,1000,999,1,35.6816
79860.0000,7986,2967.5560,0.0000,1000,999,1000,1,35.4460
79870.0000,7987,2967.5599,0.0000,999,1000,1000,1,35.5667
79880.0000,7988,2967.5639,0.0000,999,1000,1000,1,35.5449
79890.0000,7989,2967.5678,0.0000,1000,1000,999,1,35.5942
79900.0000,7990,2967.5717,0.0000,999,1000,1000,1,35.7149
79910.0000,7991,2967.5756,0.0000,999,999,999,1,35.4066
79920.0000,7992,2967.5795,0.0000,1000,1000,1000,1,35.3845
79930.0000,7993,2967.5834,0.0000,1000,999,1000,1,35.3626
79940.0000,7994,2967.5872,0.0000,1000,1000,1000,1,35.4121
79950.0000,7995,2967.5912,0.0000,1000,1000,1000,1,35.4614
79960.0000,7996,2967.5951,0.0000,999,1000,1000,1,35.3679
79970.0000,7997,2967.5990,0.0000,1000,1000,1000,1,35.2750
79980.0000,7998,2967.6029,0.0000,1000,1000,1000,1,35.1825
79990.0000,7999,2967.6069,0.0000,1000,1000,1000,1,35.3031
80000.0000,8000,2967.6109,0.0000,999,999,999,1,35.3526
80010.0000,8001,2967.6147,0.0000,999,1000,1000,1,35.2598
80020.0000,8002,2967.6186,0.0000,999,1000,999,1,35.2379
80030.0000,8003,2967.6225,0.0000,1000,1000,1000,1,35.2875
80040.0000,8004,2967.6265,0.0000,999,1000,1000,1,35.4080
80050.0000,8005,2967.6304,0.0000,1000,1000,1000,1,35.5285
80060.0000,8006,2967.6344,0.0000,999,1000,1000,1,35.5068
80070.0000,8007,2967.6383,0.0000,999,1000,1000,1,35.4143
80080.0000,8008,2967.6423,0.0000,1000,999,1000,1,35.5347
80090.0000,8009,2967.6462,0.0000,999,1000,1000,1,35.5840
80100.0000,8010,2967.6499,0.0000,999,1000,1000,1,35.5621
80110.0000,8011,2967.6538,0.0000,1000,1000,1000,1,35.5402
80120.0000,8012,2967.6578,0.0000,1000,1000,1000,1,35.6606
80130.0000,8013,2967.6617,0.0000,1000,1000,1000,1,35.7097
80140.0000,8014,2967.6657,0.0000,1000,1000,1000,1,35.8301
80150.0000,8015,2967.6696,0.0000,999,1000,1000,1,35.8790
80160.0000,8016,2967.6735,0.0000,1000,1000,1000,1,35.8562
80170.0000,8017,2967.6774,0.0000,1000,1000,1000,1,35.9049
80180.0000,8018,2967.6814,0.0000,1000,1000,1000,1,36.0251
80190.0000,8019,2967.6854,0.0000,998,999,999,1,36.0735
80200.0000,8020,2967.6892,0.0000,1000,1000,1000,1,36.0502
80210.0000,8021,2967.6932,0.0000,1000,1000,1000,1,36.0987
80220.0000,8022,2967.6970,0.0000,1000,999,999,1,35.9318
80230.0000,8023,2967.7008,0.0000,1000,999,999,1,35.9083
80240.0000,8024,2967.7046,0.0000,999,1000,1000,1,35.9566
80250.0000,8025,2967.7085,0.0000,999,1000,1000,1,35.8611
80260.0000,8026,2967.7125,0.0000,1000,1000,1000,1,35.9812
80270.0000,8027,2967.7164,0.0000,999,999,1000,1,36.1013
80280.0000,8028,2967.7203,0.0000,999,1000,1000,1,36.2214
80290.0000,8029,2967.7242,0.0000,999,999,1000,1,36.1248
80300.0000,8030,2967.7280,0.0000,999,999,1000,1,36.1004
80310.0000,8031,2967.7319,0.0000,999,998,999,1,36.0759
80320.0000,8032,2967.7357,0.0000,999,1000,1000,1,36.0514
80330.0000,8033,2967.7396,0.0000,999,1000,1000,1,36.1714
80340.0000,8034,2967.7436,0.0000,1000,1000,1000,1,36.2913
80350.0000,8035,2967.7474,0.0000,1000,1000,1000,1,36.1939
80360.0000,8036,2967.7512,0.0000,999,1000,1000,1,36.2417
80370.0000,8037,2967.7551,0.0000,999,999,1000,1,36.2896
80380.0000,8038,2967.7590,0.0000,1000,1000,1000,1,36.1937
80390.0000,8039,2967.7629,0.0000,1000,1000,1000,1,36.1700
80400.0000,8040,2967.7667,0.0000,998,998,998,1,36.0745
80410.0000,8041,2967.7705,0.0000,999,1000,1000,1,36.1942
80420.0000,8042,2967.7744,0.0000,1000,1000,1000,1,36.2422
80430.0000,8043,2967.7783,0.0000,999,1000,1000,1,36.3620
80440.0000,8044,2967.7821,0.0000,999,999,1000,1,36.2655
80450.0000,8045,2967.7860,0.0000,998,1000,999,1,36.2410
80460.0000,8046,2967.7897,0.0000,1000,999,998,1,36.1443
80470.0000,8047,2967.7934,0.0000,999,999,999,1,36.0475
80480.0000,8048,2967.7971,0.0000,1000,1000,1000,1,36.0231
80490.0000,8049,2967.8009,0.0000,999,999,998,1,35.8547
80500.0000,8050,2967.8048,0.0000,999,999,1000,1,35.9745
80510.0000,8051,2967.8087,0.0000,999,1000,1000,1,36.0942
80520.0000,8052,2967.8126,0.0000,1000,1000,1000,1,36.1417
80530.0000,8053,2967.8164,0.0000,999,1000,1000,1,36.1166
80540.0000,8054,2967.8202,0.0000,1000,1000,1000,1,36.0917
80550.0000,8055,2967.8240,0.0000,1000,1000,1000,1,35.9949
80560.0000,8056,2967.8280,0.0000,1000,1000,1000,1,36.0424
80570.0000,8057,2967.8318,0.0000,1000,1000,1000,1,36.0176
80580.0000,8058,2967.8357,0.0000,1000,1000,1000,1,36.0648
80590.0000,8059,2967.8395,0.0000,1000,1000,1000,1,36.0395
80600.0000,8060,2967.8433,0.0000,999,999,1000,1,36.0143
80610.0000,8061,2967.8472,0.0000,1000,1000,1000,1,35.9890
80620.0000,8062,2967.8511,0.0000,999,1000,1000,1,36.1086
80630.0000,8063,2967.8550,0.0000,999,1000,1000,1,36.2281
80640.0000,8064,2967.8589,0.0000,999,1000,999,1,36.2749
80650.0000,8065,2967.8626,0.0000,999,1000,1000,1,36.2488
80660.0000,8066,2967.8664,0.0000,998,1000,1000,1,36.2229
80670.0000,8067,2967.8702,0.0000,999,1000,999,1,36.0522
80680.0000,8068,2967.8741,0.0000,1000,1000,1000,1,35.8822
80690.0000,8069,2967.8780,0.0000,999,1000,1000,1,35.9296
80700.0000,8070,2967.8819,0.0000,999,1000,1000,1,35.9054
80710.0000,8071,2967.8858,0.0000,999,1000,1000,1,36.0248
80720.0000,8072,2967.8897,0.0000,999,1000,1000,1,36.0002
80730.0000,8073,2967.8936,0.0000,1000,1000,1000,1,36.1196
80740.0000,8074,2967.8973,0.0000,1000,999,1000,1,36.0948
80750.0000,8075,2967.9012,0.0000,1000,1000,1000,1,36.1420
80760.0000,8076,2967.9051,0.0000,1000,1000,1000,1,36.2613
80770.0000,8077,2967.9089,0.0000,999,1000,1000,1,36.2364
80780.0000,8078,2967.9129,0.0000,1000,1000,1000,1,36.3557
80790.0000,8079,2967.9168,0.0000,1000,999,1000,1,36.4027
80800.0000,8080,2967.9206,0.0000,999,999,999,1,36.3050
80810.0000,8081,2967.9244,0.0000,1000,1000,1000,1,36.2071
80820.0000,8082,2967.9282,0.0000,999,1000,1000,1,36.3264
80830.0000,8083,2967.9321,0.0000,1000,1000,1000,1,36.3007
80840.0000,8084,2967.9358,0.0000,1000,1000,1000,1,36.3475
80850.0000,8085,2967.9397,0.0000,999,999,1000,1,36.3942
80860.0000,8086,2967.9434,0.0000,1000,1000,1000,1,36.2958
80870.0000,8087,2967.9473,0.0000,999,1000,1000,1,36.3423
80880.0000,8088,2967.9511,0.0000,1000,999,1000,1,36.3160
80890.0000,8089,2967.9550,0.0000,999,999,999,1,36.3624
80900.0000,8090,2967.9589,0.0000,1000,1000,1000,1,36.4816
80910.0000,8091,2967.9627,0.0000,1000,999,1000,1,36.5278
80920.0000,8092,2967.9665,0.0000,999,1000,1000,1,36.5018
80930.0000,8093,2967.9703,0.0000,999,999,1000,1,36.5484
80940.0000,8094,2967.9739,0.0000,999,999,1000,1,36.5229
80950.0000,8095,2967.9777,0.0000,1000,1000,1000,1,36.4973
80960.0000,8096,2967.9817,0.0000,999,999,1000,1,36.6163
80970.0000,8097,2967.9856,0.0000,1000,1000,1000,1,36.7353
80980.0000,8098,2967.9895,0.0000,1000,1000,1000,1,36.8542
80990.0000,8099,2967.9933,0.0000,999,1000,1000,1,36.9005
81000.0000,8100,2967.9971,0.0000,1000,999,1000,1,36.8739
81010.0000,8101,2968.0010,0.0000,1000,1000,1000,1,36.9928
81020.0000,8102,2968.0047,0.0000,1000,999,1000,1,36.8933
81030.0000,8103,2968.0084,0.0000,1000,1000,1000,1,36.7938
81040.0000,8104,2968.0121,0.0000,998,999,999,1,36.6942
81050.0000,8105,2968.0159,0.0000,999,1000,1000,1,36.5948
81060.0000,8106,2968.0197,0.0000,999,1000,1000,1,36.7136
81070.0000,8107,2968.0235,0.0000,999,1000,1000,1,36.6144
81080.0000,8108,2968.0274,0.0000,1000,1000,1000,1,36.6606
81090.0000,8109,2968.0312,0.0000,999,999,1000,1,36.7794
81100.0000,8110,2968.0351,0.0000,999,999,1000,1,36.7524
81110.0000,8111,2968.0389,0.0000,999,999,1000,1,36.7983
81120.0000,8112,2968.0428,0.0000,999,999,999,1,36.8440
81130.0000,8113,2968.0466,0.0000,999,1000,1000,1,36.9627
81140.0000,8114,2968.0504,0.0000,999,1000,1000,1,37.0081
81150.0000,8115,2968.0542,0.0000,999,999,999,1,36.9803
81160.0000,8116,2968.0579,0.0000,998,999,999,1,36.9523
81170.0000,8117,2968.0617,0.0000,1000,1000,1000,1,36.9976
81180.0000,8118,2968.0655,0.0000,999,999,1000,1,36.9696
81190.0000,8119,2968.0692,0.0000,999,999,1000,1,36.8685
81200.0000,8120,2968.0728,0.0000,999,999,1000,1,36.6950
81210.0000,8121,2968.0767,0.0000,999,1000,1000,1,36.7406
81220.0000,8122,2968.0804,0.0000,999,1000,1000,1,36.6404
81230.0000,8123,2968.0840,0.0000,999,999,1000,1,36.5407
81240.0000,8124,2968.0879,0.0000,999,1000,1000,1,36.5137
81250.0000,8125,2968.0917,0.0000,1000,1000,1000,1,36.6323
81260.0000,8126,2968.0955,0.0000,1000,1000,1000,1,36.4595
81270.0000,8127,2968.0993,0.0000,999,1000,999,1,36.4327
81280.0000,8128,2968.1029,0.0000,1000,999,1000,1,36.2607
81290.0000,8129,2968.1066,0.0000,999,999,1000,1,36.2341
81300.0000,8130,2968.1105,0.0000,999,999,1000,1,36.2804
81310.0000,8131,2968.1143,0.0000,1000,1000,1000,1,36.3265
81320.0000,8132,2968.1180,0.0000,1000,1000,1000,1,36.3000
81330.0000,8133,2968.1218,0.0000,1000,999,1000,1,36.3461
81340.0000,8134,2968.1256,0.0000,1000,1000,1000,1,36.4646
81350.0000,8135,2968.1295,0.0000,1000,1000,1000,1,36.5103
81360.0000,8136,2968.1333,0.0000,999,1000,1000,1,36.6288
81370.0000,8137,2968.1370,0.0000,1000,1000,1000,1,36.5290
81380.0000,8138,2968.1409,0.0000,999,1000,1000,1,36.6474
81390.0000,8139,2968.1447,0.0000,1000,1000,1000,1,36.6930
81400.0000,8140,2968.1486,0.0000,1000,1000,1000,1,36.8113
81410.0000,8141,2968.1524,0.0000,999,999,999,1,36.8567
81420.0000,8142,2968.1562,0.0000,999,1000,1000,1,36.9750
81430.0000,8143,2968.1599,0.0000,999,999,999,1,36.9474
81440.0000,8144,2968.1637,0.0000,1000,1000,1000,1,36.9198
81450.0000,8145,2968.1675,0.0000,1000,1000,1000,1,37.0381
81460.0000,8146,2968.1712,0.0000,1000,998,1000,1,36.9374
81470.0000,8147,2968.1749,0.0000,999,999,1000,1,36.9828
81480.0000,8148,2968.1786,0.0000,999,999,1000,1,36.8105
81490.0000,8149,2968.1824,0.0000,1000,1000,1000,1,36.8561
81500.0000,8150,2968.1862,0.0000,998,999,1000,1,36.9022
81510.0000,8151,2968.1899,0.0000,999,1000,1000,1,36.8762
81520.0000,8152,2968.1938,0.0000,1000,1000,1000,1,36.9225
81530.0000,8153,2968.1976,0.0000,999,1000,1000,1,37.0406
81540.0000,8154,2968.2013,0.0000,1000,1000,1000,1,37.0866
81550.0000,8155,2968.2051,0.0000,999,999,1000,1,37.0606
81560.0000,8156,2968.2088,0.0000,999,1000,1000,1,36.9626
81570.0000,8157,2968.2122,0.0000,999,999,999,1,36.6491
81580.0000,8158,2968.2159,0.0000,1000,1000,1000,1,36.6953
81590.0000,8159,2968.2198,0.0000,1000,999,999,1,36.7415
81600.0000,8160,2968.2235,0.0000,999,999,1000,1,36.7875
81610.0000,8161,2968.2273,0.0000,999,1000,1000,1,36.8336
81620.0000,8162,2968.2310,0.0000,999,999,999,1,36.6633
81630.0000,8163,2968.2348,0.0000,999,1000,1000,1,36.6375
81640.0000,8164,2968.2385,0.0000,1000,1000,999,1,36.3255
81650.0000,8165,2968.2422,0.0000,1000,1000,1000,1,36.4435
81660.0000,8166,2968.2460,0.0000,999,1000,1000,1,36.4898
81670.0000,8167,2968.2497,0.0000,999,999,1000,1,36.5361
81680.0000,8168,2968.2535,0.0000,1000,1000,1000,1,36.5822
81690.0000,8169,2968.2573,0.0000,1000,1000,1000,1,36.5567
81700.0000,8170,2968.2610,0.0000,999,1000,1000,1,36.5315
81710.0000,8171,2968.2646,0.0000,999,1000,1000,1,36.3638
81720.0000,8172,2968.2684,0.0000,1000,1000,1000,1,36.4104
81730.0000,8173,2968.2722,0.0000,1000,1000,1000,1,36.4568
81740.0000,8174,2968.2760,0.0000,1000,999,1000,1,36.5747
81750.0000,8175,2968.2798,0.0000,1000,1000,1000,1,36.6925
81760.0000,8176,2968.2837,0.0000,1000,1000,1000,1,36.6669
81770.0000,8177,2968.2874,0.0000,999,1000,1000,1,36.7129
81780.0000,8178,2968.2913,0.0000,1000,1000,1000,1,36.8307
81790.0000,8179,2968.2950,0.0000,999,1000,1000,1,36.8764
81800.0000,8180,2968.2988,0.0000,1000,1000,1000,1,36.9941
81810.0000,8181,2968.3026,0.0000,999,1000,1000,1,37.0398
81820.0000,8182,2968.3064,0.0000,999,999,1000,1,37.1575
81830.0000,8183,2968.3102,0.0000,1000,999,1000,1,37.2751
81840.0000,8184,2968.3140,0.0000,998,998,999,1,37.3203
81850.0000,8185,2968.3177,0.0000,1000,1000,999,1,37.2205
81860.0000,8186,2968.3215,0.0000,1000,1000,1000,1,37.2657
81870.0000,8187,2968.3252,0.0000,999,1000,1000,1,37.2384
81880.0000,8188,2968.3289,0.0000,999,999,999,1,37.2835
81890.0000,8189,2968.3327,0.0000,998,999,1000,1,37.2560
81900.0000,8190,2968.3364,0.0000,999,999,999,1,37.2290
81910.0000,8191,2968.3401,0.0000,1000,999,1000,1,37.2743
81920.0000,8192,2968.3439,0.0000,999,1000,1000,1,37.3196
81930.0000,8193,2968.3477,0.0000,1000,1000,1000,1,37.2924
81940.0000,8194,2968.3514,0.0000,999,1000,1000,1,37.3376
81950.0000,8195,2968.3552,0.0000,1000,1000,1000,1,37.3826
81960.0000,8196,2968.3589,0.0000,1000,1000,1000,1,37.5001
81970.0000,8197,2968.3627,0.0000,1000,1000,999,1,37.5448
81980.0000,8198,2968.3664,0.0000,1000,1000,1000,1,37.5895
81990.0000,8199,2968.3702,0.0000,999,999,1000,1,37.7068
82000.0000,8200,2968.3739,0.0000,999,1000,1000,1,37.8242
82010.0000,8201,2968.3777,0.0000,999,999,1000,1,37.9415
82020.0000,8202,2968.3815,0.0000,1000,1000,1000,1,37.9857
82030.0000,8203,2968.3852,0.0000,1000,999,1000,1,38.0297
82040.0000,8204,2968.3890,0.0000,1000,1000,1000,1,38.0738
82050.0000,8205,2968.3927,0.0000,998,999,999,1,38.1177
82060.0000,8206,2968.3964,0.0000,999,1000,1000,1,38.1616
82070.0000,8207,2968.4001,0.0000,1000,1000,1000,1,38.2054
82080.0000,8208,2968.4039,0.0000,999,1000,1000,1,38.3226
82090.0000,8209,2968.4077,0.0000,999,1000,1000,1,38.4398
82100.0000,8210,2968.4115,0.0000,1000,1000,1000,1,38.4832
82110.0000,8211,2968.4153,0.0000,999,1000,1000,1,38.6003
82120.0000,8212,2968.4190,0.0000,1000,1000,1000,1,38.6434
82130.0000,8213,2968.4227,0.0000,999,1000,1000,1,38.6124
82140.0000,8214,2968.4265,0.0000,1000,1000,1000,1,38.6554
82150.0000,8215,2968.4303,0.0000,999,999,999,1,38.6982
82160.0000,8216,2968.4339,0.0000,1000,1000,1000,1,38.6669
82170.0000,8217,2968.4374,0.0000,998,999,1000,1,38.1919
82180.0000,8218,2968.4411,0.0000,1000,1000,1000,1,38.1614
82190.0000,8219,2968.4448,0.0000,998,999,999,1,38.2045
82200.0000,8220,2968.4484,0.0000,1000,1000,1000,1,38.1003
82210.0000,8221,2968.4521,0.0000,999,1000,1000,1,38.2173
82220.0000,8222,2968.4558,0.0000,1000,1000,1000,1,38.1132
82230.0000,8223,2968.4596,0.0000,999,999,1000,1,38.0829
82240.0000,8224,2968.4633,0.0000,999,1000,1000,1,38.1262
82250.0000,8225,2968.4669,0.0000,999,999,1000,1,38.0217
82260.0000,8226,2968.4707,0.0000,999,1000,1000,1,38.0649
82270.0000,8227,2968.4744,0.0000,999,1000,1000,1,38.1818
82280.0000,8228,2968.4781,0.0000,999,1000,1000,1,38.2247
82290.0000,8229,2968.4818,0.0000,999,1000,1000,1,38.1937
82300.0000,8230,2968.4854,0.0000,999,999,1000,1,38.2367
82310.0000,8231,2968.4890,0.0000,999,999,1000,1,37.9847
82320.0000,8232,2968.4927,0.0000,1000,999,1000,1,37.8067
82330.0000,8233,2968.4964,0.0000,1000,1000,1000,1,37.8498
82340.0000,8234,2968.5001,0.0000,1000,1000,1000,1,37.8191
82350.0000,8235,2968.5037,0.0000,999,1000,1000,1,37.7147
82360.0000,8236,2968.5074,0.0000,999,999,1000,1,37.8315
82370.0000,8237,2968.5111,0.0000,1000,1000,1000,1,37.8007
82380.0000,8238,2968.5148,0.0000,1000,1000,1000,1,37.8436
82390.0000,8239,2968.5184,0.0000,999,1000,1000,1,37.8127
82400.0000,8240,2968.5221,0.0000,999,1000,1000,1,37.8556
82410.0000,8241,2968.5258,0.0000,999,1000,999,1,37.7510
82420.0000,8242,2968.5294,0.0000,1000,999,1000,1,37.7204
82430.0000,8243,2968.5329,0.0000,998,998,999,1,37.4688
82440.0000,8244,2968.5366,0.0000,999,999,1000,1,37.3646
82450.0000,8245,2968.5403,0.0000,1000,1000,1000,1,37.4080
82460.0000,8246,2968.5441,0.0000,999,1000,1000,1,37.4512
82470.0000,8247,2968.5477,0.0000,999,1000,1000,1,37.2742
82480.0000,8248,2968.5514,0.0000,999,1000,999,1,37.2440
82490.0000,8249,2968.5551,0.0000,1000,1000,1000,1,37.2871
82500.0000,8250,2968.5589,0.0000,1000,1000,1000,1,37.4038
82510.0000,8251,2968.5626,0.0000,1000,1000,1000,1,37.4468
82520.0000,8252,2968.5663,0.0000,1000,1000,1000,1,37.4898
82530.0000,8253,2968.5700,0.0000,998,999,999,1,37.4587
82540.0000,8254,2968.5736,0.0000,1000,1000,1000,1,37.5753
82550.0000,8255,2968.5774,0.0000,1000,1000,1000,1,37.6919
82560.0000,8256,2968.5810,0.0000,1000,1000,1000,1,37.5862
82570.0000,8257,2968.5848,0.0000,999,1000,1000,1,37.6288
82580.0000,8258,2968.5885,0.0000,1000,1000,1000,1,37.6715
82590.0000,8259,2968.5922,0.0000,999,999,1000,1,37.6400
82600.0000,8260,2968.5959,0.0000,999,1000,1000,1,37.6826
82610.0000,8261,2968.5996,0.0000,999,999,1000,1,37.6509
82620.0000,8262,2968.6032,0.0000,999,999,999,1,37.4711
82630.0000,8263,2968.6069,0.0000,999,1000,1000,1,37.5137
82640.0000,8264,2968.6106,0.0000,999,1000,1000,1,37.6301
82650.0000,8265,2968.6142,0.0000,1000,1000,1000,1,37.5982
82660.0000,8266,2968.6179,0.0000,1000,1000,1000,1,37.6404
82670.0000,8267,2968.6217,0.0000,999,1000,1000,1,37.7568
82680.0000,8268,2968.6254,0.0000,1000,999,1000,1,37.7986
82690.0000,8269,2968.6291,0.0000,1000,1000,1000,1,37.9150
82700.0000,8270,2968.6327,0.0000,999,999,999,1,37.9566
82710.0000,8271,2968.6363,0.0000,999,1000,1000,1,37.8486
82720.0000,8272,2968.6400,0.0000,998,998,999,1,37.8902
82730.0000,8273,2968.6437,0.0000,1000,1000,1000,1,38.0064
82740.0000,8274,2968.6472,0.0000,1000,1000,1000,1,37.7487
82750.0000,8275,2968.6507,0.0000,999,999,999,1,37.7153
82760.0000,8276,2968.6544,0.0000,1000,1000,1000,1,37.6821
82770.0000,8277,2968.6581,0.0000,1000,999,1000,1,37.7236
82780.0000,8278,2968.6617,0.0000,999,1000,1000,1,37.6902
82790.0000,8279,2968.6654,0.0000,999,1000,1000,1,37.7318
82800.0000,8280,2968.6691,0.0000,999,1000,1000,1,37.8480
82810.0000,8281,2968.6728,0.0000,1000,1000,999,1,37.8895
82820.0000,8282,2968.6765,0.0000,999,999,1000,1,38.0057
82830.0000,8283,2968.6800,0.0000,1000,1000,1000,1,37.9725
82840.0000,8284,2968.6837,0.0000,1000,1000,1000,1,37.9394
82850.0000,8285,2968.6875,0.0000,1000,1000,1000,1,38.0555
82860.0000,8286,2968.6912,0.0000,999,999,1000,1,38.0969
82870.0000,8287,2968.6948,0.0000,999,1000,1000,1,37.9891
82880.0000,8288,2968.6985,0.0000,1000,1000,1000,1,38.1051
82890.0000,8289,2968.7022,0.0000,999,1000,1000,1,38.2212
82900.0000,8290,2968.7059,0.0000,999,1000,1000,1,38.1875
82910.0000,8291,2968.7094,0.0000,1000,1000,1000,1,38.1537
82920.0000,8292,2968.7129,0.0000,1000,999,999,1,38.0457
82930.0000,8293,2968.7165,0.0000,998,999,999,1,38.0124
82940.0000,8294,2968.7201,0.0000,1000,1000,1000,1,37.9790
82950.0000,8295,2968.7238,0.0000,1000,1000,1000,1,38.0203
82960.0000,8296,2968.7274,0.0000,998,998,999,1,38.0615
82970.0000,8297,2968.7311,0.0000,999,1000,1000,1,38.1774
82980.0000,8298,2968.7348,0.0000,1000,1000,1000,1,38.2933
82990.0000,8299,2968.7385,0.0000,1000,1000,1000,1,38.4092
83000.0000,8300,2968.7423,0.0000,999,1000,1000,1,38.5251
83010.0000,8301,2968.7459,0.0000,999,1000,1000,1,38.4906
83020.0000,8302,2968.7496,0.0000,1000,999,999,1,38.5312
83030.0000,8303,2968.7532,0.0000,999,999,1000,1,38.6470
83040.0000,8304,2968.7569,0.0000,1000,999,1000,1,38.7628
83050.0000,8305,2968.7606,0.0000,999,1000,1000,1,38.8031
83060.0000,8306,2968.7641,0.0000,998,999,1000,1,38.7677
83070.0000,8307,2968.7677,0.0000,1000,1000,1000,1,38.7324
83080.0000,8308,2968.7713,0.0000,1000,1000,999,1,38.7726
83090.0000,8309,2968.7750,0.0000,1000,1000,1000,1,38.8127
83100.0000,8310,2968.7787,0.0000,1000,1000,1000,1,38.9284
83110.0000,8311,2968.7824,0.0000,1000,1000,1000,1,38.9684
83120.0000,8312,2968.7860,0.0000,999,1000,1000,1,38.8569
83130.0000,8313,2968.7895,0.0000,1000,1000,1000,1,38.7454
83140.0000,8314,2968.7931,0.0000,1000,999,1000,1,38.8610
83150.0000,8315,2968.7967,0.0000,1000,999,1000,1,38.7499
83160.0000,8316,2968.8004,0.0000,1000,1000,1000,1,38.8655
83170.0000,8317,2968.8041,0.0000,999,1000,1000,1,38.8299
83180.0000,8318,2968.8077,0.0000,999,999,1000,1,38.9455
83190.0000,8319,2968.8112,0.0000,999,1000,1000,1,38.7581
83200.0000,8320,2968.8147,0.0000,999,999,1000,1,38.5722
83210.0000,8321,2968.8180,0.0000,999,999,999,1,38.4624
83220.0000,8322,2968.8216,0.0000,999,1000,1000,1,38.4277
83230.0000,8323,2968.8252,0.0000,998,999,1000,1,38.4680
83240.0000,8324,2968.8289,0.0000,999,999,999,1,38.5082
83250.0000,8325,2968.8324,0.0000,999,1000,1000,1,38.4729
83260.0000,8326,2968.8360,0.0000,999,1000,1000,1,38.5131
83270.0000,8327,2968.8397,0.0000,999,999,1000,1,38.5532
83280.0000,8328,2968.8433,0.0000,1000,1000,1000,1,38.5179
83290.0000,8329,2968.8469,0.0000,999,1000,1000,1,38.4825
83300.0000,8330,2968.8505,0.0000,1000,1000,1000,1,38.5979
83310.0000,8331,2968.8542,0.0000,1000,1000,1000,1,38.6377
83320.0000,8332,2968.8577,0.0000,999,1000,1000,1,38.4507
83330.0000,8333,2968.8613,0.0000,1000,999,1000,1,38.4907
83340.0000,8334,2968.8649,0.0000,999,999,1000,1,38.6061
83350.0000,8335,2968.8686,0.0000,999,1000,1000,1,38.7214
83360.0000,8336,2968.8722,0.0000,999,1000,1000,1,38.8367
83370.0000,8337,2968.8759,0.0000,1000,1000,999,1,38.8762
83380.0000,8338,2968.8795,0.0000,999,1000,1000,1,38.8400
83390.0000,8339,2968.8830,0.0000,1000,1000,1000,1,38.7287
83400.0000,8340,2968.8866,0.0000,1000,1000,1000,1,38.7685
83410.0000,8341,2968.8903,0.0000,1000,1000,1000,1,38.8084
83420.0000,8342,2968.8939,0.0000,1000,1000,1000,1,38.9236
83430.0000,8343,2968.8975,0.0000,1000,1000,1000,1,38.9632
83440.0000,8344,2968.9011,0.0000,999,999,999,1,38.7009
83450.0000,8345,2968.9047,0.0000,1000,1000,1000,1,38.8161
83460.0000,8346,2968.9082,0.0000,998,999,999,1,38.4791
83470.0000,8347,2968.9113,0.0000,999,999,999,1,38.2941
83480.0000,8348,2968.9149,0.0000,999,999,1000,1,38.3345
83490.0000,8349,2968.9184,0.0000,999,999,999,1,38.2249
83500.0000,8350,2968.9219,0.0000,999,1000,1000,1,38.3401
83510.0000,8351,2968.9255,0.0000,999,999,999,1,38.1554
83520.0000,8352,2968.9291,0.0000,1000,1000,1000,1,38.1956
83530.0000,8353,2968.9327,0.0000,999,999,1000,1,38.1607
83540.0000,8354,2968.9363,0.0000,1000,1000,1000,1,38.2008
83550.0000,8355,2968.9399,0.0000,999,1000,1000,1,38.2408
83560.0000,8356,2968.9435,0.0000,999,1000,1000,1,38.3559
83570.0000,8357,2968.9472,0.0000,999,1000,1000,1,38.4710
83580.0000,8358,2968.9508,0.0000,999,1000,1000,1,38.4354
83590.0000,8359,2968.9544,0.0000,1000,1000,1000,1,38.5504
83600.0000,8360,2968.9581,0.0000,1000,1000,1000,1,38.6655
83610.0000,8361,2968.9616,0.0000,999,999,1000,1,38.6297
83620.0000,8362,2968.9651,0.0000,999,999,1000,1,38.5190
83630.0000,8363,2968.9685,0.0000,999,999,1000,1,38.4094
83640.0000,8364,2968.9721,0.0000,1000,1000,1000,1,38.3754
83650.0000,8365,2968.9757,0.0000,1000,1000,1000,1,38.4159
83660.0000,8366,2968.9793,0.0000,1000,1000,1000,1,38.4562
83670.0000,8367,2968.9830,0.0000,999,1000,1000,1,38.5711
83680.0000,8368,2968.9865,0.0000,998,999,999,1,38.3877
83690.0000,8369,2968.9900,0.0000,999,1000,1000,1,38.4280
83700.0000,8370,2968.9936,0.0000,999,999,1000,1,38.5429
83710.0000,8371,2968.9972,0.0000,1000,1000,1000,1,38.5083
83720.0000,8372,2969.0008,0.0000,1000,1000,1000,1,38.5484
83730.0000,8373,2969.0044,0.0000,1000,1000,1000,1,38.5883
83740.0000,8374,2969.0078,0.0000,998,999,999,1,38.4790
83750.0000,8375,2969.0114,0.0000,999,999,1000,1,38.5191
83760.0000,8376,2969.0149,0.0000,999,1000,1000,1,38.3361
83770.0000,8377,2969.0185,0.0000,999,999,1000,1,38.4509
83780.0000,8378,2969.0221,0.0000,1000,1000,1000,1,38.5656
83790.0000,8379,2969.0258,0.0000,999,1000,1000,1,38.6804
83800.0000,8380,2969.0294,0.0000,999,1000,1000,1,38.7204
83810.0000,8381,2969.0330,0.0000,999,999,1000,1,38.8350
83820.0000,8382,2969.0365,0.0000,1000,1000,1000,1,38.7999
83830.0000,8383,2969.0401,0.0000,1000,1000,1000,1,38.9146
83840.0000,8384,2969.0436,0.0000,1000,999,999,1,38.8793
83850.0000,8385,2969.0472,0.0000,999,1000,1000,1,38.9192
83860.0000,8386,2969.0507,0.0000,1000,1000,1000,1,38.7371
83870.0000,8387,2969.0542,0.0000,1000,1000,1000,1,38.7776
83880.0000,8388,2969.0578,0.0000,1000,1000,1000,1,38.7439
83890.0000,8389,2969.0614,0.0000,999,1000,1000,1,38.8585
83900.0000,8390,2969.0649,0.0000,1000,1000,1000,1,38.8988
83910.0000,8391,2969.0684,0.0000,1000,1000,1000,1,38.8646
83920.0000,8392,2969.0721,0.0000,999,999,1000,1,38.9791
83930.0000,8393,2969.0755,0.0000,999,999,1000,1,38.9449
83940.0000,8394,2969.0791,0.0000,1000,1000,1000,1,38.8364
83950.0000,8395,2969.0826,0.0000,999,1000,1000,1,38.8024
83960.0000,8396,2969.0861,0.0000,999,999,999,1,38.5458
83970.0000,8397,2969.0897,0.0000,998,1000,999,1,38.3639
83980.0000,8398,2969.0932,0.0000,1000,1000,1000,1,38.4044
83990.0000,8399,2969.0967,0.0000,998,999,999,1,38.2228
84000.0000,8400,2969.1001,0.0000,999,1000,1000,1,38.1899
84010.0000,8401,2969.1037,0.0000,1000,1000,1000,1,38.1573
84020.0000,8402,2969.1073,0.0000,1000,999,1000,1,38.2718
84030.0000,8403,2969.1108,0.0000,999,999,1000,1,38.0919
84040.0000,8404,2969.1144,0.0000,1000,1000,1000,1,38.2063
84050.0000,8405,2969.1179,0.0000,999,999,999,1,38.1734
84060.0000,8406,2969.1215,0.0000,1000,1000,1000,1,38.2878
84070.0000,8407,2969.1251,0.0000,999,1000,1000,1,38.3284
84080.0000,8408,2969.1287,0.0000,999,999,999,1,38.3691
84090.0000,8409,2969.1322,0.0000,1000,999,999,1,38.4097
84100.0000,8410,2969.1358,0.0000,999,1000,1000,1,38.5239
84110.0000,8411,2969.1394,0.0000,1000,1000,1000,1,38.6383
84120.0000,8412,2969.1430,0.0000,1000,1000,1000,1,38.6786
84130.0000,8413,2969.1465,0.0000,1000,1000,1000,1,38.7188
84140.0000,8414,2969.1502,0.0000,1000,1000,1000,1,38.8330
84150.0000,8415,2969.1538,0.0000,999,999,999,1,38.8730
84160.0000,8416,2969.1572,0.0000,998,1000,999,1,38.7642
84170.0000,8417,2969.1608,0.0000,998,999,999,1,38.7298
84180.0000,8418,2969.1642,0.0000,999,1000,1000,1,38.7698
84190.0000,8419,2969.1676,0.0000,999,1000,1000,1,38.7359
84200.0000,8420,2969.1711,0.0000,999,999,1000,1,38.7018
84210.0000,8421,2969.1746,0.0000,1000,1000,999,1,38.5199
84220.0000,8422,2969.1781,0.0000,1000,999,1000,1,38.4861
84230.0000,8423,2969.1817,0.0000,1000,1000,1000,1,38.5263
84240.0000,8424,2969.1853,0.0000,1000,1000,1000,1,38.5662
84250.0000,8425,2969.1889,0.0000,1000,1000,1000,1,38.5318
84260.0000,8426,2969.1924,0.0000,1000,999,999,1,38.4974
84270.0000,8427,2969.1959,0.0000,999,999,1000,1,38.6115
84280.0000,8428,2969.1993,0.0000,999,1000,1000,1,38.5028
84290.0000,8429,2969.2029,0.0000,999,999,1000,1,38.6169
84300.0000,8430,2969.2063,0.0000,998,998,1000,1,38.5078
84310.0000,8431,2969.2098,0.0000,1000,1000,1000,1,38.5474
84320.0000,8432,2969.2133,0.0000,1000,1000,1000,1,38.5126
84330.0000,8433,2969.2169,0.0000,999,999,1000,1,38.4775
84340.0000,8434,2969.2204,0.0000,999,1000,1000,1,38.4423
84350.0000,8435,2969.2239,0.0000,998,999,1000,1,38.4818
84360.0000,8436,2969.2273,0.0000,1000,1000,1000,1,38.2243
84370.0000,8437,2969.2309,0.0000,1000,1000,1000,1,38.2641
84380.0000,8438,2969.2345,0.0000,999,1000,999,1,38.2302
84390.0000,8439,2969.2380,0.0000,999,1000,1000,1,38.3442
84400.0000,8440,2969.2416,0.0000,1000,1000,1000,1,38.4581
84410.0000,8441,2969.2452,0.0000,999,1000,1000,1,38.5720
84420.0000,8442,2969.2488,0.0000,1000,1000,1000,1,38.6117
84430.0000,8443,2969.2523,0.0000,999,1000,1000,1,38.6512
84440.0000,8444,2969.2558,0.0000,999,1000,1000,1,38.6163
84450.0000,8445,2969.2592,0.0000,999,1000,1000,1,38.4345
84460.0000,8446,2969.2627,0.0000,999,999,1000,1,38.3268
84470.0000,8447,2969.2662,0.0000,999,1000,1000,1,38.2192
84480.0000,8448,2969.2697,0.0000,999,999,1000,1,38.3330
84490.0000,8449,2969.2731,0.0000,1000,999,1000,1,38.2252
84500.0000,8450,2969.2765,0.0000,999,998,999,1,38.1178
84510.0000,8451,2969.2800,0.0000,999,999,1000,1,38.1579
84520.0000,8452,2969.2834,0.0000,1000,1000,1000,1,38.0505
84530.0000,8453,2969.2870,0.0000,1000,1000,1000,1,38.0906
84540.0000,8454,2969.2905,0.0000,999,1000,1000,1,38.0569
84550.0000,8455,2969.2939,0.0000,1000,999,999,1,38.0968
84560.0000,8456,2969.2974,0.0000,999,1000,1000,1,38.2105
84570.0000,8457,2969.3009,0.0000,999,999,1000,1,38.1763
84580.0000,8458,2969.3045,0.0000,998,1000,999,1,38.2161
84590.0000,8459,2969.3079,0.0000,999,1000,1000,1,38.1086
84600.0000,8460,2969.3115,0.0000,999,1000,999,1,38.1485
84610.0000,8461,2969.3150,0.0000,1000,1000,1000,1,38.1885
84620.0000,8462,2969.3185,0.0000,1000,1000,1000,1,38.1549
84630.0000,8463,2969.3219,0.0000,1000,1000,1000,1,38.1215
84640.0000,8464,2969.3255,0.0000,999,999,1000,1,38.2352
84650.0000,8465,2969.3289,0.0000,1000,1000,1000,1,37.9081
84660.0000,8466,2969.3325,0.0000,999,1000,1000,1,38.0217
84670.0000,8467,2969.3360,0.0000,1000,1000,1000,1,38.1353
84680.0000,8468,2969.3396,0.0000,999,1000,1000,1,38.2489
84690.0000,8469,2969.3431,0.0000,999,1000,1000,1,38.2151
84700.0000,8470,2969.3466,0.0000,1000,1000,1000,1,38.1814
84710.0000,8471,2969.3502,0.0000,1000,999,1000,1,38.2950
84720.0000,8472,2969.3536,0.0000,998,999,999,1,38.1871
84730.0000,8473,2969.3569,0.0000,999,1000,1000,1,38.0055
84740.0000,8474,2969.3605,0.0000,1000,1000,1000,1,38.1190
84750.0000,8475,2969.3640,0.0000,1000,1000,1000,1,38.1586
84760.0000,8476,2969.3675,0.0000,1000,1000,1000,1,38.2720
84770.0000,8477,2969.3710,0.0000,1000,1000,1000,1,38.3115
84780.0000,8478,2969.3744,0.0000,1000,1000,1000,1,38.0555
84790.0000,8479,2969.3779,0.0000,999,999,1000,1,38.0954
84800.0000,8480,2969.3814,0.0000,1000,999,1000,1,38.1353
84810.0000,8481,2969.3849,0.0000,1000,1000,1000,1,38.1017
84820.0000,8482,2969.3885,0.0000,1000,1000,1000,1,38.2151
84830.0000,8483,2969.3919,0.0000,1000,1000,1000,1,38.1080
84840.0000,8484,2969.3955,0.0000,1000,1000,1000,1,38.2213
84850.0000,8485,2969.3989,0.0000,1000,999,1000,1,38.1136
84860.0000,8486,2969.4024,0.0000,1000,1000,1000,1,38.2270
84870.0000,8487,2969.4059,0.0000,1000,1000,1000,1,38.3403
84880.0000,8488,2969.4094,0.0000,999,1000,999,1,38.3797
84890.0000,8489,2969.4130,0.0000,1000,999,1000,1,38.4930
84900.0000,8490,2969.4165,0.0000,1000,1000,1000,1,38.5324
84910.0000,8491,2969.4200,0.0000,999,1000,1000,1,38.6456
84920.0000,8492,2969.4234,0.0000,998,999,999,1,38.5368
84930.0000,8493,2969.4268,0.0000,999,1000,1000,1,38.6500
84940.0000,8494,2969.4303,0.0000,1000,1000,1000,1,38.6149
84950.0000,8495,2969.4338,0.0000,1000,1000,1000,1,38.6539
84960.0000,8496,2969.4372,0.0000,999,999,1000,1,38.6188
84970.0000,8497,2969.4406,0.0000,999,999,999,1,38.6577
84980.0000,8498,2969.4440,0.0000,1000,1000,1000,1,38.6226
84990.0000,8499,2969.4475,0.0000,1000,1000,1000,1,38.7357
85000.0000,8500,2969.4509,0.0000,997,1000,999,1,38.5515
85010.0000,8501,2969.4543,0.0000,1000,998,999,1,38.5901
85020.0000,8502,2969.4579,0.0000,1000,1000,1000,1,38.7032
85030.0000,8503,2969.4614,0.0000,999,1000,1000,1,38.8163
85040.0000,8504,2969.4648,0.0000,1000,1000,1000,1,38.7804
85050.0000,8505,2969.4682,0.0000,999,999,1000,1,38.8188
85060.0000,8506,2969.4718,0.0000,1000,999,1000,1,38.8572
85070.0000,8507,2969.4751,0.0000,999,1000,1000,1,38.8208
85080.0000,8508,2969.4786,0.0000,1000,1000,1000,1,38.7843
85090.0000,8509,2969.4821,0.0000,999,999,1000,1,38.7477
85100.0000,8510,2969.4855,0.0000,999,999,1000,1,38.5615
85110.0000,8511,2969.4889,0.0000,1000,1000,1000,1,38.5997
85120.0000,8512,2969.4924,0.0000,1000,1000,1000,1,38.6379
85130.0000,8513,2969.4959,0.0000,1000,1000,1000,1,38.6010
85140.0000,8514,2969.4994,0.0000,999,999,1000,1,38.4893
85150.0000,8515,2969.5028,0.0000,1000,999,1000,1,38.5274
85160.0000,8516,2969.5064,0.0000,1000,1000,1000,1,38.6403
85170.0000,8517,2969.5098,0.0000,1000,999,999,1,38.6031
85180.0000,8518,2969.5133,0.0000,1000,1000,1000,1,38.7159
85190.0000,8519,2969.5168,0.0000,1000,1000,1000,1,38.8288
85200.0000,8520,2969.5202,0.0000,999,1000,1000,1,38.7910
85210.0000,8521,2969.5236,0.0000,1000,1000,1000,1,38.7532
85220.0000,8522,2969.5271,0.0000,999,1000,1000,1,38.6402
85230.0000,8523,2969.5306,0.0000,1000,1000,1000,1,38.6778
85240.0000,8524,2969.5341,0.0000,999,999,1000,1,38.6399
85250.0000,8525,2969.5371,0.0000,1000,1000,998,1,38.4518
85260.0000,8526,2969.5405,0.0000,999,999,1000,1,38.4894
85270.0000,8527,2969.5440,0.0000,999,1000,1000,1,38.6021
85280.0000,8528,2969.5475,0.0000,1000,1000,1000,1,38.6395
85290.0000,8529,2969.5510,0.0000,1000,1000,1000,1,38.6769
85300.0000,8530,2969.5544,0.0000,1000,1000,1000,1,38.7142
85310.0000,8531,2969.5579,0.0000,999,999,1000,1,38.8268
85320.0000,8532,2969.5613,0.0000,999,1000,1000,1,38.6375
85330.0000,8533,2969.5648,0.0000,999,1000,1000,1,38.7501
85340.0000,8534,2969.5683,0.0000,1000,1000,1000,1,38.7871
85350.0000,8535,2969.5718,0.0000,1000,1000,1000,1,38.8239
85360.0000,8536,2969.5752,0.0000,998,999,1000,1,38.7097
85370.0000,8537,2969.5787,0.0000,999,1000,1000,1,38.7468
85380.0000,8538,2969.5822,0.0000,1000,1000,1000,1,38.7837
85390.0000,8539,2969.5856,0.0000,1000,999,999,1,38.8206
85400.0000,8540,2969.5890,0.0000,999,1000,1000,1,38.8573
85410.0000,8541,2969.5926,0.0000,999,1000,1000,1,38.9699
85420.0000,8542,2969.5960,0.0000,999,999,1000,1,39.0065
85430.0000,8543,2969.5992,0.0000,998,1000,1000,1,38.7395
85440.0000,8544,2969.6026,0.0000,1000,1000,1000,1,38.7008
85450.0000,8545,2969.6060,0.0000,999,1000,1000,1,38.5869
85460.0000,8546,2969.6095,0.0000,999,1000,1000,1,38.6994
85470.0000,8547,2969.6130,0.0000,1000,1000,1000,1,38.6609
85480.0000,8548,2969.6165,0.0000,999,1000,1000,1,38.7734
85490.0000,8549,2969.6200,0.0000,1000,1000,1000,1,38.8100
85500.0000,8550,2969.6235,0.0000,999,1000,1000,1,38.8467
85510.0000,8551,2969.6269,0.0000,999,1000,1000,1,38.8831
85520.0000,8552,2969.6304,0.0000,999,999,1000,1,38.9955
85530.0000,8553,2969.6337,0.0000,1000,1000,1000,1,38.8036
85540.0000,8554,2969.6371,0.0000,999,1000,1000,1,38.8399
85550.0000,8555,2969.6403,0.0000,999,1000,1000,1,38.6484
85560.0000,8556,2969.6437,0.0000,1000,1000,999,1,38.5331
85570.0000,8557,2969.6470,0.0000,1000,999,999,1,38.4937
85580.0000,8558,2969.6505,0.0000,1000,999,1000,1,38.5305
85590.0000,8559,2969.6539,0.0000,1000,1000,1000,1,38.5674
85600.0000,8560,2969.6574,0.0000,999,1000,1000,1,38.6041
85610.0000,8561,2969.6608,0.0000,999,999,1000,1,38.6408
85620.0000,8562,2969.6642,0.0000,999,1000,1000,1,38.6776
85630.0000,8563,2969.6677,0.0000,1000,1000,1000,1,38.7144
85640.0000,8564,2969.6711,0.0000,1000,999,1000,1,38.7510
85650.0000,8565,2969.6746,0.0000,999,1000,1000,1,38.7121
85660.0000,8566,2969.6780,0.0000,999,1000,1000,1,38.6734
85670.0000,8567,2969.6815,0.0000,1000,999,1000,1,38.6349
85680.0000,8568,2969.6849,0.0000,999,1000,1000,1,38.6718
85690.0000,8569,2969.6882,0.0000,999,999,999,1,38.4077
85700.0000,8570,2969.6916,0.0000,998,1000,1000,1,38.3698
85710.0000,8571,2969.6948,0.0000,1000,1000,1000,1,38.2576
85720.0000,8572,2969.6983,0.0000,999,1000,1000,1,38.3698
85730.0000,8573,2969.7017,0.0000,999,999,999,1,38.3321
85740.0000,8574,2969.7049,0.0000,999,1000,999,1,38.1452
85750.0000,8575,2969.7084,0.0000,999,1000,1000,1,38.1828
85760.0000,8576,2969.7118,0.0000,1000,1000,1000,1,38.1459
85770.0000,8577,2969.7152,0.0000,999,998,998,1,38.0345
85780.0000,8578,2969.7186,0.0000,1000,1000,1000,1,38.0721
85790.0000,8579,2969.7220,0.0000,999,1000,1000,1,38.1097
85800.0000,8580,2969.7254,0.0000,1000,1000,1000,1,38.1472
85810.0000,8581,2969.7288,0.0000,999,1000,1000,1,38.2593
85820.0000,8582,2969.7320,0.0000,997,1000,1000,1,38.0727
85830.0000,8583,2969.7354,0.0000,999,1000,1000,1,38.1103
85840.0000,8584,2969.7388,0.0000,1000,999,1000,1,38.0734
85850.0000,8585,2969.7422,0.0000,999,999,1000,1,38.1110
85860.0000,8586,2969.7455,0.0000,1000,1000,1000,1,38.0741
85870.0000,8587,2969.7489,0.0000,1000,1000,1000,1,38.0374
85880.0000,8588,2969.7524,0.0000,1000,1000,1000,1,38.0011
85890.0000,8589,2969.7558,0.0000,999,999,1000,1,38.0390
85900.0000,8590,2969.7591,0.0000,999,1000,1000,1,37.9284
85910.0000,8591,2969.7626,0.0000,999,1000,1000,1,37.9662
85920.0000,8592,2969.7660,0.0000,999,1000,1000,1,38.0039
85930.0000,8593,2969.7693,0.0000,998,998,999,1,37.9674
85940.0000,8594,2969.7726,0.0000,999,999,1000,1,37.9313
85950.0000,8595,2969.7760,0.0000,1000,1000,1000,1,37.9690
85960.0000,8596,2969.7795,0.0000,999,1000,1000,1,38.0809
85970.0000,8597,2969.7827,0.0000,1000,998,1000,1,37.9699
85980.0000,8598,2969.7860,0.0000,1000,1000,1000,1,38.0074
85990.0000,8599,2969.7895,0.0000,1000,1000,1000,1,38.1193
86000.0000,8600,2969.7930,0.0000,1000,1000,1000,1,38.2311
86010.0000,8601,2969.7963,0.0000,1000,1000,1000,1,38.1938
86020.0000,8602,2969.7998,0.0000,1000,999,1000,1,38.3056
86030.0000,8603,2969.8032,0.0000,1000,1000,1000,1,38.3426
86040.0000,8604,2969.8066,0.0000,999,999,1000,1,38.3049
86050.0000,8605,2969.8100,0.0000,999,1000,1000,1,38.1923
86060.0000,8606,2969.8134,0.0000,1000,1000,1000,1,38.2292
86070.0000,8607,2969.8167,0.0000,999,999,1000,1,38.0414
86080.0000,8608,2969.8201,0.0000,999,1000,1000,1,38.0783
86090.0000,8609,2969.8235,0.0000,1000,999,1000,1,38.1150
86100.0000,8610,2969.8270,0.0000,1000,1000,1000,1,38.0768
86110.0000,8611,2969.8304,0.0000,999,999,1000,1,38.1886
86120.0000,8612,2969.8338,0.0000,1000,1000,1000,1,38.3002
86130.0000,8613,2969.8372,0.0000,999,1000,999,1,38.1862
86140.0000,8614,2969.8406,0.0000,1000,1000,1000,1,38.2979
86150.0000,8615,2969.8440,0.0000,1000,999,1000,1,38.1087
86160.0000,8616,2969.8474,0.0000,1000,1000,1000,1,38.2204
86170.0000,8617,2969.8507,0.0000,1000,1000,1000,1,38.1815
86180.0000,8618,2969.8540,0.0000,1000,1000,1000,1,38.2178
86190.0000,8619,2969.8573,0.0000,1000,1000,1000,1,38.0288
86200.0000,8620,2969.8607,0.0000,998,999,999,1,38.0652
86210.0000,8621,2969.8641,0.0000,1000,1000,1000,1,38.1768
86220.0000,8622,2969.8675,0.0000,999,999,1000,1,38.0631
86230.0000,8623,2969.8709,0.0000,1000,999,1000,1,38.0996
86240.0000,8624,2969.8743,0.0000,1000,999,1000,1,37.9110
86250.0000,8625,2969.8777,0.0000,1000,1000,1000,1,37.9476
86260.0000,8626,2969.8810,0.0000,999,1000,999,1,37.7589
86270.0000,8627,2969.8844,0.0000,999,1000,1000,1,37.8704
86280.0000,8628,2969.8877,0.0000,999,1000,1000,1,37.8316
86290.0000,8629,2969.8911,0.0000,999,1000,999,1,37.7928
86300.0000,8630,2969.8945,0.0000,1000,1000,1000,1,37.9043
86310.0000,8631,2969.8978,0.0000,999,1000,1000,1,37.8651
86320.0000,8632,2969.9012,0.0000,1000,999,1000,1,37.9012
86330.0000,8633,2969.9046,0.0000,1000,1000,1000,1,37.9372
86340.0000,8634,2969.9079,0.0000,1000,1000,1000,1,37.8976
86350.0000,8635,2969.9114,0.0000,999,999,1000,1,38.0091
86360.0000,8636,2969.9147,0.0000,999,1000,999,1,37.9693
86370.0000,8637,2969.9180,0.0000,999,1000,1000,1,38.0050
86380.0000,8638,2969.9214,0.0000,999,1000,1000,1,37.8891
86390.0000,8639,2969.9246,0.0000,998,999,999,1,37.8489
86400.0000,8640,2969.9280,0.0000,999,1000,1000,1,37.9602
86410.0000,8641,2969.9313,0.0000,999,1000,1000,1,38.0716
