timestamp,sample_idx,system_occupancy,avg_wait_error,q0_len,q1_len,q2_len,server_busy,little_error
10.0000,1,15.3860,0.0000,3,10,11,1,5.9234
20.0000,2,24.5141,0.0000,6,19,19,1,10.7751
30.0000,3,32.4449,0.0000,7,21,29,1,14.6198
40.0000,4,40.7694,0.0000,19,20,40,1,19.5878
50.0000,5,50.3947,0.0000,29,19,55,1,25.1298
60.0000,6,61.1835,0.0000,41,11,67,1,31.1363
70.0000,7,69.8567,0.0000,47,6,72,1,36.5909
80.0000,8,78.1497,0.0000,58,7,81,1,41.7050
90.0000,9,87.6727,0.0000,70,16,93,1,46.8328
100.0000,10,97.7437,0.0000,77,20,99,1,51.8298
110.0000,11,107.3593,0.0000,83,20,110,1,56.5187
120.0000,12,117.1265,0.0000,92,20,121,1,61.4653
130.0000,13,126.4923,0.0000,97,22,128,1,66.3208
140.0000,14,136.0648,0.0000,109,27,137,1,71.0282
150.0000,15,145.8991,0.0000,114,33,152,1,75.8750
160.0000,16,156.1426,0.0000,121,30,163,1,81.0211
170.0000,17,165.9565,0.0000,129,32,172,1,86.0941
180.0000,18,175.4657,0.0000,137,25,179,1,91.0096
190.0000,19,184.6489,0.0000,146,24,193,1,96.0248
200.0000,20,194.0820,0.0000,153,28,201,1,101.0581
210.0000,21,203.4840,0.0000,159,32,207,1,106.0030
220.0000,22,213.1899,0.0000,170,42,220,1,110.9512
230.0000,23,223.0937,0.0000,179,40,228,1,115.9147
240.0000,24,232.9081,0.0000,187,42,239,1,120.8541
250.0000,25,242.6696,0.0000,197,41,245,1,125.6870
260.0000,26,252.4519,0.0000,205,50,254,1,130.5108
270.0000,27,262.2495,0.0000,217,38,267,1,135.2805
280.0000,28,271.7748,0.0000,223,40,278,1,140.1586
290.0000,29,281.3544,0.0000,237,34,285,1,145.0310
300.0000,30,290.7091,0.0000,251,31,288,1,149.7491
310.0000,31,300.0798,0.0000,261,31,298,1,154.3803
320.0000,32,309.3986,0.0000,274,28,305,1,158.9897
330.0000,33,318.7494,0.0000,281,21,313,1,163.5694
340.0000,34,327.8233,0.0000,287,26,322,1,168.0494
350.0000,35,336.8305,0.0000,294,22,334,1,172.6327
360.0000,36,345.6961,0.0000,310,14,344,1,177.2153
370.0000,37,354.7010,0.0000,317,18,354,1,181.8634
380.0000,38,363.8428,0.0000,329,20,367,1,186.5736
390.0000,39,373.2137,0.0000,341,25,374,1,191.2931
400.0000,40,382.7184,0.0000,353,26,387,1,196.0609
410.0000,41,392.1501,0.0000,360,18,397,1,200.8202
420.0000,42,401.5304,0.0000,367,21,407,1,205.6003
430.0000,43,410.7903,0.0000,373,19,416,1,210.3410
440.0000,44,420.1512,0.0000,386,24,431,1,215.1669
450.0000,45,429.8170,0.0000,395,29,442,1,220.0830
460.0000,46,439.4385,0.0000,401,30,451,1,224.9792
470.0000,47,449.1290,0.0000,415,30,463,1,229.9509
480.0000,48,458.9553,0.0000,426,30,475,1,234.9228
490.0000,49,468.6366,0.0000,434,28,480,1,239.8663
500.0000,50,478.2744,0.0000,446,27,488,1,244.7628
510.0000,51,487.9670,0.0000,456,31,500,1,249.6528
520.0000,52,497.6483,0.0000,468,28,506,1,254.4981
530.0000,53,507.2780,0.0000,473,30,516,1,259.3031
540.0000,54,517.0015,0.0000,486,25,528,1,264.1621
550.0000,55,526.6298,0.0000,495,20,539,1,269.0599
560.0000,56,536.2027,0.0000,503,21,548,1,273.9775
570.0000,57,545.7101,0.0000,510,19,556,1,278.8602
580.0000,58,555.1361,0.0000,520,16,566,1,283.7149
590.0000,59,564.5034,0.0000,535,9,575,1,288.5832
600.0000,60,573.8360,0.0000,544,3,584,1,293.4206
610.0000,61,583.1686,0.0000,554,3,598,1,298.2901
620.0000,62,592.4243,0.0000,545,15,603,1,303.1645
630.0000,63,601.6742,0.0000,540,25,620,1,308.0786
640.0000,64,610.9797,0.0000,540,35,634,1,313.0594
650.0000,65,620.2411,0.0000,533,43,643,1,318.0455
660.0000,66,629.4900,0.0000,538,50,650,1,323.0236
670.0000,67,638.7101,0.0000,538,58,659,1,327.9974
680.0000,68,647.9469,0.0000,534,73,668,1,332.9327
690.0000,69,657.1659,0.0000,542,81,675,1,337.8448
700.0000,70,666.4779,0.0000,546,95,681,1,342.6923
710.0000,71,675.8234,0.0000,548,101,688,1,347.5008
720.0000,72,685.1649,0.0000,545,113,702,1,352.3418
730.0000,73,694.5199,0.0000,540,122,711,1,357.1834
740.0000,74,703.8103,0.0000,547,127,716,1,361.9898
750.0000,75,713.0768,0.0000,547,135,725,1,366.7848
760.0000,76,722.3493,0.0000,546,144,734,1,371.5759
770.0000,77,731.6253,0.0000,544,152,745,1,376.3662
780.0000,78,740.8188,0.0000,541,163,752,1,381.1277
790.0000,79,749.9514,0.0000,540,170,760,1,385.8817
800.0000,80,759.0468,0.0000,539,179,768,1,390.6074
810.0000,81,768.1487,0.0000,536,192,775,1,395.3043
820.0000,82,777.1773,0.0000,531,201,782,1,399.9950
830.0000,83,786.1802,0.0000,534,211,791,1,404.6479
840.0000,84,795.1963,0.0000,532,221,799,1,409.2965
850.0000,85,804.2354,0.0000,534,230,810,1,413.9483
860.0000,86,813.2820,0.0000,533,237,818,1,418.6213
870.0000,87,822.2161,0.0000,524,241,827,1,423.2704
880.0000,88,830.9892,0.0000,513,251,834,1,427.8934
890.0000,89,839.7652,0.0000,518,258,842,1,432.5190
900.0000,90,848.6035,0.0000,532,264,856,1,437.1557
910.0000,91,857.5252,0.0000,530,276,864,1,441.7839
920.0000,92,866.4801,0.0000,533,283,874,1,446.4334
930.0000,93,875.4032,0.0000,526,293,888,1,451.0951
940.0000,94,884.3745,0.0000,532,305,896,1,455.7843
950.0000,95,893.4151,0.0000,535,312,904,1,460.4572
960.0000,96,902.4599,0.0000,541,325,910,1,465.1136
970.0000,97,911.5210,0.0000,540,336,917,1,469.7249
980.0000,98,920.5992,0.0000,542,341,923,1,474.3231
990.0000,99,929.5836,0.0000,546,346,927,1,478.8770
1000.0000,100,938.5811,0.0000,550,355,934,1,483.3911
1010.0000,101,947.6399,0.0000,554,367,943,1,487.9014
1020.0000,102,956.6850,0.0000,554,372,952,1,492.3965
1030.0000,103,965.7408,0.0000,560,380,960,1,496.9093
1040.0000,104,974.8095,0.0000,557,391,970,1,501.4030
1050.0000,105,983.8534,0.0000,555,399,978,1,505.9054
1060.0000,106,992.9582,0.0000,558,409,987,1,510.4100
1070.0000,107,1002.0326,0.0000,561,415,998,1,514.9231
1080.0000,108,1011.0936,0.0000,564,428,1000,1,519.4117
1090.0000,109,1020.1759,0.0000,568,439,1000,1,523.8207
1100.0000,110,1029.2011,0.0000,576,446,1000,1,528.1496
1110.0000,111,1038.1908,0.0000,574,456,1000,1,532.4005
1120.0000,112,1047.1062,0.0000,575,467,1000,1,536.5755
1130.0000,113,1055.9425,0.0000,578,473,1000,1,540.6766
1140.0000,114,1064.7217,0.0000,579,483,1000,1,544.7058
1150.0000,115,1073.4539,0.0000,581,493,1000,1,548.6649
1160.0000,116,1082.1627,0.0000,586,505,1000,1,552.5557
1170.0000,117,1090.8227,0.0000,584,518,1000,1,556.3800
1180.0000,118,1099.4380,0.0000,589,526,1000,1,560.1395
1190.0000,119,1108.0031,0.0000,590,535,1000,1,563.8358
1200.0000,120,1116.5155,0.0000,589,543,1000,1,567.4705
1210.0000,121,1124.9065,0.0000,583,552,1000,1,571.0451
1220.0000,122,1133.2062,0.0000,577,564,1000,1,574.5611
1230.0000,123,1141.4219,0.0000,575,573,1000,1,578.0200
1240.0000,124,1149.6429,0.0000,578,589,1000,1,581.4231
1250.0000,125,1157.7940,0.0000,573,600,1000,1,584.7717
1260.0000,126,1165.8345,0.0000,568,604,1000,1,588.0671
1270.0000,127,1173.7687,0.0000,566,611,1000,1,591.3107
1280.0000,128,1181.6697,0.0000,569,622,1000,1,594.5036
1290.0000,129,1189.5252,0.0000,572,627,1000,1,597.6470
1300.0000,130,1197.3185,0.0000,575,634,1000,1,600.7420
1310.0000,131,1205.1137,0.0000,578,644,1000,1,603.7898
1320.0000,132,1212.8751,0.0000,580,658,1000,1,606.7914
1330.0000,133,1220.6450,0.0000,578,671,1000,1,609.7478
1340.0000,134,1228.3288,0.0000,578,673,1000,1,612.6601
1350.0000,135,1235.9002,0.0000,578,679,1000,1,615.5293
1360.0000,136,1243.4011,0.0000,570,683,1000,1,618.3563
1370.0000,137,1250.8032,0.0000,566,699,1000,1,621.1420
1380.0000,138,1258.2031,0.0000,567,711,1000,1,623.8874
1390.0000,139,1265.6046,0.0000,567,729,1000,1,626.5932
1400.0000,140,1273.0410,0.0000,571,743,1000,1,629.2604
1410.0000,141,1280.4908,0.0000,575,753,1000,1,631.8898
1420.0000,142,1287.8634,0.0000,563,763,1000,1,634.4821
1430.0000,143,1295.1327,0.0000,559,774,1000,1,637.0382
1440.0000,144,1302.3963,0.0000,560,789,1000,1,639.5587
1450.0000,145,1309.6560,0.0000,562,798,1000,1,642.0445
1460.0000,146,1316.9097,0.0000,556,816,1000,1,644.4963
1470.0000,147,1324.0888,0.0000,546,826,1000,1,646.9147
1480.0000,148,1331.1964,0.0000,550,832,1000,1,649.3004
1490.0000,149,1338.2667,0.0000,548,843,1000,1,651.6541
1500.0000,150,1345.3219,0.0000,552,849,1000,1,653.9764
1510.0000,151,1352.3698,0.0000,554,860,1000,1,656.2679
1520.0000,152,1359.4183,0.0000,557,872,1000,1,658.5293
1530.0000,153,1366.4285,0.0000,555,880,1000,1,660.7612
1540.0000,154,1373.3971,0.0000,555,887,1000,1,662.9640
1550.0000,155,1380.3388,0.0000,559,897,1000,1,665.1384
1560.0000,156,1387.2622,0.0000,560,905,1000,1,667.2850
1570.0000,157,1394.1612,0.0000,558,916,1000,1,669.4042
1580.0000,158,1401.0148,0.0000,551,925,1000,1,671.4966
1590.0000,159,1407.8032,0.0000,548,936,1000,1,673.5626
1600.0000,160,1414.5275,0.0000,545,947,1000,1,675.6029
1610.0000,161,1421.2542,0.0000,542,957,1000,1,677.6178
1620.0000,162,1427.9446,0.0000,544,967,1000,1,679.6078
1630.0000,163,1434.6194,0.0000,544,978,1000,1,681.5734
1640.0000,164,1441.2885,0.0000,540,991,1000,1,683.5150
1650.0000,165,1447.9490,0.0000,546,1000,1000,1,685.4331
1660.0000,166,1454.5383,0.0000,537,1000,1000,1,687.3281
1670.0000,167,1461.0460,0.0000,540,1000,1000,1,689.2003
1680.0000,168,1467.4542,0.0000,536,1000,1000,1,691.0503
1690.0000,169,1473.7747,0.0000,533,1000,1000,1,692.8785
1700.0000,170,1480.0050,0.0000,534,1000,1000,1,694.6850
1710.0000,171,1486.1535,0.0000,530,1000,1000,1,696.4705
1720.0000,172,1492.2040,0.0000,521,1000,1000,1,698.2352
1730.0000,173,1498.1347,0.0000,512,1000,1000,1,699.9795
1740.0000,174,1503.9832,0.0000,516,1000,1000,1,701.7038
1750.0000,175,1509.7655,0.0000,514,1000,1000,1,703.4083
1760.0000,176,1515.4764,0.0000,516,1000,1000,1,705.0935
1770.0000,177,1521.1365,0.0000,522,1000,1000,1,706.7597
1780.0000,178,1526.7636,0.0000,525,1000,1000,1,708.4071
1790.0000,179,1532.3509,0.0000,530,1000,1000,1,710.0361
1800.0000,180,1537.8898,0.0000,528,1000,1000,1,711.6470
1810.0000,181,1543.3630,0.0000,529,1000,1000,1,713.2401
1820.0000,182,1548.7752,0.0000,531,1000,1000,1,714.8157
1830.0000,183,1554.1600,0.0000,532,1000,1000,1,716.3741
1840.0000,184,1559.4804,0.0000,533,1000,1000,1,717.9155
1850.0000,185,1564.7641,0.0000,537,1000,1000,1,719.4403
1860.0000,186,1569.9915,0.0000,537,1000,1000,1,720.9487
1870.0000,187,1575.1680,0.0000,538,1000,1000,1,722.4410
1880.0000,188,1580.2702,0.0000,533,1000,1000,1,723.9173
1890.0000,189,1585.2916,0.0000,523,1000,1000,1,725.3781
1900.0000,190,1590.2262,0.0000,519,1000,1000,1,726.8235
1910.0000,191,1595.0932,0.0000,522,1000,1000,1,728.2537
1920.0000,192,1599.8945,0.0000,516,1000,1000,1,729.6691
1930.0000,193,1604.6132,0.0000,507,1000,1000,1,731.0697
1940.0000,194,1609.2741,0.0000,506,1000,1000,1,732.4560
1950.0000,195,1613.8828,0.0000,507,1000,1000,1,733.8280
1960.0000,196,1618.4461,0.0000,509,1000,1000,1,735.1860
1970.0000,197,1622.9666,0.0000,506,1000,1000,1,736.5302
1980.0000,198,1627.4220,0.0000,503,1000,1000,1,737.8609
1990.0000,199,1631.8198,0.0000,504,1000,1000,1,739.1782
2000.0000,200,1636.1807,0.0000,499,1000,1000,1,740.4823
2010.0000,201,1640.4864,0.0000,501,1000,1000,1,741.7734
2020.0000,202,1644.7467,0.0000,502,1000,1000,1,743.0518
2030.0000,203,1648.9636,0.0000,502,1000,1000,1,744.3175
2040.0000,204,1653.1274,0.0000,499,1000,1000,1,745.5709
2050.0000,205,1657.2625,0.0000,500,1000,1000,1,746.8120
2060.0000,206,1661.3494,0.0000,499,1000,1000,1,748.0411
2070.0000,207,1665.3883,0.0000,494,1000,1000,1,749.2583
2080.0000,208,1669.3856,0.0000,499,1000,1000,1,750.4637
2090.0000,209,1673.3533,0.0000,497,1000,1000,1,751.6577
2100.0000,210,1677.2826,0.0000,499,1000,1000,1,752.8403
2110.0000,211,1681.1663,0.0000,496,1000,1000,1,754.0117
2120.0000,212,1685.0358,0.0000,502,1000,1000,1,755.1720
2130.0000,213,1688.8484,0.0000,501,1000,1000,1,756.3214
2140.0000,214,1692.6351,0.0000,500,1000,1000,1,757.4601
2150.0000,215,1696.3891,0.0000,501,1000,1000,1,758.5882
2160.0000,216,1700.1324,0.0000,509,1000,1000,1,759.7058
2170.0000,217,1703.8571,0.0000,512,1000,1000,1,760.8132
2180.0000,218,1707.5422,0.0000,503,1000,1000,1,761.9104
2190.0000,219,1711.1578,0.0000,499,1000,1000,1,762.9975
2200.0000,220,1714.7324,0.0000,493,1000,1000,1,764.0748
2210.0000,221,1718.2758,0.0000,500,1000,1000,1,765.1423
2220.0000,222,1721.7958,0.0000,503,1000,1000,1,766.2003
2230.0000,223,1725.3115,0.0000,510,1000,1000,1,767.2487
2240.0000,224,1728.8228,0.0000,515,1000,1000,1,768.2878
2250.0000,225,1732.3142,0.0000,514,1000,1000,1,769.3176
2260.0000,226,1735.7679,0.0000,506,1000,1000,1,770.3383
2270.0000,227,1739.1611,0.0000,506,1000,1000,1,771.3500
2280.0000,228,1742.5306,0.0000,508,1000,1000,1,772.3529
2290.0000,229,1745.8742,0.0000,513,1000,1000,1,773.3470
2300.0000,230,1749.2165,0.0000,515,1000,1000,1,774.3324
2310.0000,231,1752.5164,0.0000,511,1000,1000,1,775.3093
2320.0000,232,1755.7823,0.0000,508,1000,1000,1,776.2778
2330.0000,233,1759.0265,0.0000,511,1000,1000,1,777.2380
2340.0000,234,1762.2484,0.0000,518,1000,1000,1,778.1900
2350.0000,235,1765.4483,0.0000,514,1000,1000,1,779.1339
2360.0000,236,1768.6235,0.0000,518,1000,1000,1,780.0697
2370.0000,237,1771.7754,0.0000,512,1000,1000,1,780.9977
2380.0000,238,1774.8848,0.0000,510,1000,1000,1,781.9179
2390.0000,239,1777.9815,0.0000,515,1000,1000,1,782.8304
2400.0000,240,1781.0421,0.0000,515,1000,1000,1,783.7352
2410.0000,241,1784.0757,0.0000,512,1000,1000,1,784.6326
2420.0000,242,1787.0837,0.0000,509,1000,1000,1,785.5226
2430.0000,243,1790.0605,0.0000,511,1000,1000,1,786.4052
2440.0000,244,1793.0166,0.0000,512,1000,1000,1,787.2806
2450.0000,245,1795.9589,0.0000,515,1000,1000,1,788.1488
2460.0000,246,1798.9129,0.0000,526,1000,1000,1,789.0100
2470.0000,247,1801.8397,0.0000,516,1000,1000,1,789.8642
2480.0000,248,1804.7284,0.0000,517,1000,1000,1,790.7115
2490.0000,249,1807.5872,0.0000,518,1000,1000,1,791.5520
2500.0000,250,1810.4315,0.0000,518,1000,1000,1,792.3858
2510.0000,251,1813.2670,0.0000,526,1000,1000,1,793.2130
2520.0000,252,1816.1004,0.0000,524,1000,1000,1,794.0336
2530.0000,253,1818.9094,0.0000,523,1000,1000,1,794.8477
2540.0000,254,1821.7044,0.0000,530,1000,1000,1,795.6553
2550.0000,255,1824.4882,0.0000,534,1000,1000,1,796.4567
2560.0000,256,1827.2533,0.0000,531,1000,1000,1,797.2518
2570.0000,257,1829.9952,0.0000,533,1000,1000,1,798.0407
2580.0000,258,1832.7089,0.0000,530,1000,1000,1,798.8235
2590.0000,259,1835.4081,0.0000,535,1000,1000,1,799.6002
2600.0000,260,1838.1045,0.0000,539,1000,1000,1,800.3710
2610.0000,261,1840.7753,0.0000,531,1000,1000,1,801.1359
2620.0000,262,1843.4015,0.0000,530,1000,1000,1,801.8949
2630.0000,263,1846.0092,0.0000,526,1000,1000,1,802.6481
2640.0000,264,1848.5683,0.0000,516,1000,1000,1,803.3957
2650.0000,265,1851.0830,0.0000,512,1000,1000,1,804.1376
2660.0000,266,1853.5536,0.0000,506,1000,1000,1,804.8739
2670.0000,267,1855.9910,0.0000,502,1000,1000,1,805.6047
2680.0000,268,1858.4050,0.0000,502,1000,1000,1,806.3301
2690.0000,269,1860.7851,0.0000,494,1000,1000,1,807.0500
2700.0000,270,1863.1334,0.0000,494,1000,1000,1,807.7647
2710.0000,271,1865.4601,0.0000,494,1000,1000,1,808.4740
2720.0000,272,1867.7745,0.0000,499,1000,1000,1,809.1782
2730.0000,273,1870.0893,0.0000,503,1000,1000,1,809.8771
2740.0000,274,1872.4106,0.0000,507,1000,1000,1,810.5710
2750.0000,275,1874.7009,0.0000,499,1000,1000,1,811.2598
2760.0000,276,1876.9610,0.0000,500,1000,1000,1,811.9437
2770.0000,277,1879.1965,0.0000,497,1000,1000,1,812.6226
2780.0000,278,1881.4195,0.0000,496,1000,1000,1,813.2966
2790.0000,279,1883.6200,0.0000,493,1000,1000,1,813.9658
2800.0000,280,1885.7905,0.0000,488,1000,1000,1,814.6302
2810.0000,281,1887.9398,0.0000,491,1000,1000,1,815.2899
2820.0000,282,1890.0841,0.0000,496,1000,1000,1,815.9449
2830.0000,283,1892.2170,0.0000,496,1000,1000,1,816.5953
2840.0000,284,1894.3215,0.0000,483,1000,1000,1,817.2411
2850.0000,285,1896.3620,0.0000,474,1000,1000,1,817.8823
2860.0000,286,1898.3812,0.0000,478,1000,1000,1,818.5191
2870.0000,287,1900.3935,0.0000,480,1000,1000,1,819.1514
2880.0000,288,1902.4080,0.0000,482,1000,1000,1,819.7794
2890.0000,289,1904.4124,0.0000,479,1000,1000,1,820.4030
2900.0000,290,1906.3988,0.0000,481,1000,1000,1,821.0223
2910.0000,291,1908.3730,0.0000,481,1000,1000,1,821.6373
2920.0000,292,1910.3408,0.0000,483,1000,1000,1,822.2481
2930.0000,293,1912.2829,0.0000,476,1000,1000,1,822.8548
2940.0000,294,1914.2061,0.0000,478,1000,1000,1,823.4573
2950.0000,295,1916.1187,0.0000,481,1000,1000,1,824.0558
2960.0000,296,1918.0173,0.0000,479,1000,1000,1,824.6502
2970.0000,297,1919.8896,0.0000,476,1000,1000,1,825.2406
2980.0000,298,1921.7498,0.0000,476,1000,1000,1,825.8270
2990.0000,299,1923.6058,0.0000,477,1000,1000,1,826.4096
3000.0000,300,1925.4422,0.0000,475,1000,1000,1,826.9882
3010.0000,301,1927.2616,0.0000,468,1000,1000,1,827.5630
3020.0000,302,1929.0361,0.0000,460,1000,1000,1,828.1340
3030.0000,303,1930.7835,0.0000,459,1000,1000,1,828.7012
3040.0000,304,1932.5223,0.0000,461,1000,1000,1,829.2647
3050.0000,305,1934.2466,0.0000,457,1000,1000,1,829.8245
3060.0000,306,1935.9516,0.0000,456,1000,1000,1,830.3806
3070.0000,307,1937.6423,0.0000,455,1000,1000,1,830.9331
3080.0000,308,1939.3221,0.0000,460,1000,1000,1,831.4820
3090.0000,309,1941.0163,0.0000,468,1000,1000,1,832.0274
3100.0000,310,1942.7165,0.0000,468,1000,1000,1,832.5692
3110.0000,311,1944.3993,0.0000,470,1000,1000,1,833.1076
3120.0000,312,1946.0863,0.0000,474,1000,1000,1,833.6425
3130.0000,313,1947.7596,0.0000,463,1000,1000,1,834.1740
3140.0000,314,1949.4086,0.0000,467,1000,1000,1,834.7021
3150.0000,315,1951.0405,0.0000,464,1000,1000,1,835.2269
3160.0000,316,1952.6752,0.0000,468,1000,1000,1,835.7483
3170.0000,317,1954.2928,0.0000,464,1000,1000,1,836.2664
3180.0000,318,1955.8900,0.0000,460,1000,1000,1,836.7813
3190.0000,319,1957.4631,0.0000,455,1000,1000,1,837.2930
3200.0000,320,1959.0205,0.0000,460,1000,1000,1,837.8014
3210.0000,321,1960.5874,0.0000,465,1000,1000,1,838.3067
3220.0000,322,1962.1530,0.0000,467,1000,1000,1,838.8089
3230.0000,323,1963.7103,0.0000,462,1000,1000,1,839.3079
3240.0000,324,1965.2506,0.0000,461,1000,1000,1,839.8039
3250.0000,325,1966.7795,0.0000,461,1000,1000,1,840.2968
3260.0000,326,1968.2935,0.0000,462,1000,1000,1,840.7867
3270.0000,327,1969.8006,0.0000,460,1000,1000,1,841.2736
3280.0000,328,1971.3037,0.0000,458,1000,1000,1,841.7575
3290.0000,329,1972.7832,0.0000,456,1000,1000,1,842.2385
3300.0000,330,1974.2424,0.0000,454,1000,1000,1,842.7165
3310.0000,331,1975.6931,0.0000,453,1000,1000,1,843.1917
3320.0000,332,1977.1322,0.0000,457,1000,1000,1,843.6640
3330.0000,333,1978.5615,0.0000,452,1000,1000,1,844.1335
3340.0000,334,1979.9641,0.0000,443,1000,1000,1,844.6002
3350.0000,335,1981.3344,0.0000,437,1000,1000,1,845.0641
3360.0000,336,1982.6688,0.0000,429,1000,1000,1,845.5252
3370.0000,337,1983.9928,0.0000,433,1000,1000,1,845.9836
3380.0000,338,1985.3217,0.0000,430,1000,1000,1,846.4392
3390.0000,339,1986.6343,0.0000,431,1000,1000,1,846.8922
3400.0000,340,1987.9274,0.0000,420,1000,1000,1,847.3425
3410.0000,341,1989.1934,0.0000,417,1000,1000,1,847.7902
3420.0000,342,1990.4358,0.0000,413,1000,1000,1,848.2353
3430.0000,343,1991.6776,0.0000,418,1000,1000,1,848.6777
3440.0000,344,1992.9162,0.0000,419,1000,1000,1,849.1176
3450.0000,345,1994.1409,0.0000,418,1000,1000,1,849.5550
3460.0000,346,1995.3430,0.0000,407,1000,1000,1,849.9898
3470.0000,347,1996.5284,0.0000,408,1000,1000,1,850.4221
3480.0000,348,1997.7079,0.0000,406,1000,1000,1,850.8519
3490.0000,349,1998.8715,0.0000,404,1000,1000,1,851.2793
3500.0000,350,2000.0183,0.0000,399,1000,1000,1,851.7042
3510.0000,351,2001.1581,0.0000,398,1000,1000,1,852.1267
3520.0000,352,2002.2882,0.0000,402,1000,1000,1,852.5468
3530.0000,353,2003.4176,0.0000,401,1000,1000,1,852.9645
3540.0000,354,2004.5401,0.0000,402,1000,1000,1,853.3798
3550.0000,355,2005.6438,0.0000,396,1000,1000,1,853.7928
3560.0000,356,2006.7343,0.0000,390,1000,1000,1,854.2035
3570.0000,357,2007.8160,0.0000,393,1000,1000,1,854.6119
3580.0000,358,2008.8893,0.0000,388,1000,1000,1,855.0180
3590.0000,359,2009.9498,0.0000,386,1000,1000,1,855.4219
3600.0000,360,2010.9817,0.0000,381,1000,1000,1,855.8235
3610.0000,361,2012.0020,0.0000,377,1000,1000,1,856.2229
3620.0000,362,2013.0010,0.0000,371,1000,1000,1,856.6201
3630.0000,363,2013.9946,0.0000,375,1000,1000,1,857.0150
3640.0000,364,2014.9825,0.0000,373,1000,1000,1,857.4079
3650.0000,365,2015.9713,0.0000,378,1000,1000,1,857.7985
3660.0000,366,2016.9626,0.0000,377,1000,1000,1,858.1870
3670.0000,367,2017.9316,0.0000,370,1000,1000,1,858.5735
3680.0000,368,2018.8862,0.0000,369,1000,1000,1,858.9578
3690.0000,369,2019.8193,0.0000,359,1000,1000,1,859.3400
3700.0000,370,2020.7353,0.0000,357,1000,1000,1,859.7202
3710.0000,371,2021.6330,0.0000,353,1000,1000,1,860.0983
3720.0000,372,2022.5302,0.0000,356,1000,1000,1,860.4744
3730.0000,373,2023.4327,0.0000,361,1000,1000,1,860.8484
3740.0000,374,2024.3258,0.0000,356,1000,1000,1,861.2205
3750.0000,375,2025.2131,0.0000,353,1000,1000,1,861.5906
3760.0000,376,2026.0940,0.0000,354,1000,1000,1,861.9587
3770.0000,377,2026.9699,0.0000,359,1000,1000,1,862.3248
3780.0000,378,2027.8518,0.0000,360,1000,1000,1,862.6890
3790.0000,379,2028.7293,0.0000,358,1000,1000,1,863.0513
3800.0000,380,2029.6037,0.0000,361,1000,1000,1,863.4117
3810.0000,381,2030.4618,0.0000,353,1000,1000,1,863.7702
3820.0000,382,2031.3019,0.0000,352,1000,1000,1,864.1269
3830.0000,383,2032.1433,0.0000,356,1000,1000,1,864.4816
3840.0000,384,2032.9860,0.0000,356,1000,1000,1,864.8345
3850.0000,385,2033.8402,0.0000,367,1000,1000,1,865.1856
3860.0000,386,2034.7050,0.0000,367,1000,1000,1,865.5349
3870.0000,387,2035.5574,0.0000,366,1000,1000,1,865.8823
3880.0000,388,2036.3988,0.0000,364,1000,1000,1,866.2280
3890.0000,389,2037.2383,0.0000,368,1000,1000,1,866.5719
3900.0000,390,2038.0814,0.0000,368,1000,1000,1,866.9140
3910.0000,391,2038.9215,0.0000,368,1000,1000,1,867.2544
3920.0000,392,2039.7515,0.0000,361,1000,1000,1,867.5930
3930.0000,393,2040.5807,0.0000,372,1000,1000,1,867.9299
3940.0000,394,2041.4177,0.0000,370,1000,1000,1,868.2651
3950.0000,395,2042.2508,0.0000,368,1000,1000,1,868.5986
3960.0000,396,2043.0675,0.0000,367,1000,1000,1,868.9305
3970.0000,397,2043.8702,0.0000,358,1000,1000,1,869.2606
3980.0000,398,2044.6672,0.0000,362,1000,1000,1,869.5891
3990.0000,399,2045.4663,0.0000,363,1000,1000,1,869.9159
4000.0000,400,2046.2694,0.0000,366,1000,1000,1,870.2411
4010.0000,401,2047.0680,0.0000,369,1000,1000,1,870.5647
4020.0000,402,2047.8692,0.0000,369,1000,1000,1,870.8867
4030.0000,403,2048.6732,0.0000,372,1000,1000,1,871.2071
4040.0000,404,2049.4679,0.0000,367,1000,1000,1,871.5259
4050.0000,405,2050.2532,0.0000,366,1000,1000,1,871.8431
4060.0000,406,2051.0298,0.0000,364,1000,1000,1,872.1588
4070.0000,407,2051.8069,0.0000,367,1000,1000,1,872.4729
4080.0000,408,2052.5716,0.0000,364,1000,1000,1,872.7854
4090.0000,409,2053.3290,0.0000,363,1000,1000,1,873.0965
4100.0000,410,2054.0780,0.0000,361,1000,1000,1,873.4060
4110.0000,411,2054.8276,0.0000,362,1000,1000,1,873.7140
4120.0000,412,2055.5821,0.0000,364,1000,1000,1,874.0205
4130.0000,413,2056.3316,0.0000,366,1000,1000,1,874.3256
4140.0000,414,2057.0861,0.0000,371,1000,1000,1,874.6291
4150.0000,415,2057.8372,0.0000,369,1000,1000,1,874.9312
4160.0000,416,2058.5877,0.0000,369,1000,1000,1,875.2319
4170.0000,417,2059.3291,0.0000,366,1000,1000,1,875.5311
4180.0000,418,2060.0723,0.0000,372,1000,1000,1,875.8288
4190.0000,419,2060.8159,0.0000,373,1000,1000,1,876.1252
4200.0000,420,2061.5516,0.0000,366,1000,1000,1,876.4201
4210.0000,421,2062.2765,0.0000,365,1000,1000,1,876.7137
4220.0000,422,2062.9930,0.0000,365,1000,1000,1,877.0058
4230.0000,423,2063.7084,0.0000,364,1000,1000,1,877.2966
4240.0000,424,2064.4185,0.0000,365,1000,1000,1,877.5860
4250.0000,425,2065.1326,0.0000,368,1000,1000,1,877.8740
4260.0000,426,2065.8358,0.0000,363,1000,1000,1,878.1607
4270.0000,427,2066.5268,0.0000,362,1000,1000,1,878.4460
4280.0000,428,2067.2123,0.0000,361,1000,1000,1,878.7300
4290.0000,429,2067.8943,0.0000,356,1000,1000,1,879.0127
4300.0000,430,2068.5684,0.0000,358,1000,1000,1,879.2941
4310.0000,431,2069.2461,0.0000,361,1000,1000,1,879.5741
4320.0000,432,2069.9192,0.0000,359,1000,1000,1,879.8529
4330.0000,433,2070.5843,0.0000,354,1000,1000,1,880.1304
4340.0000,434,2071.2361,0.0000,351,1000,1000,1,880.4066
4350.0000,435,2071.8775,0.0000,351,1000,1000,1,880.6815
4360.0000,436,2072.5190,0.0000,358,1000,1000,1,880.9552
4370.0000,437,2073.1708,0.0000,357,1000,1000,1,881.2276
4380.0000,438,2073.8176,0.0000,358,1000,1000,1,881.4988
4390.0000,439,2074.4743,0.0000,365,1000,1000,1,881.7687
4400.0000,440,2075.1265,0.0000,357,1000,1000,1,882.0374
4410.0000,441,2075.7602,0.0000,353,1000,1000,1,882.3049
4420.0000,442,2076.3805,0.0000,347,1000,1000,1,882.5712
4430.0000,443,2076.9825,0.0000,338,1000,1000,1,882.8362
4440.0000,444,2077.5723,0.0000,339,1000,1000,1,883.1001
4450.0000,445,2078.1508,0.0000,334,1000,1000,1,883.3628
4460.0000,446,2078.7213,0.0000,333,1000,1000,1,883.6243
4470.0000,447,2079.2839,0.0000,328,1000,1000,1,883.8847
4480.0000,448,2079.8337,0.0000,323,1000,1000,1,884.1439
4490.0000,449,2080.3698,0.0000,321,1000,1000,1,884.4019
4500.0000,450,2080.9018,0.0000,318,1000,1000,1,884.6588
4510.0000,451,2081.4316,0.0000,322,1000,1000,1,884.9145
4520.0000,452,2081.9599,0.0000,317,1000,1000,1,885.1692
4530.0000,453,2082.4745,0.0000,316,1000,1000,1,885.4226
4540.0000,454,2082.9907,0.0000,315,1000,1000,1,885.6750
4550.0000,455,2083.5017,0.0000,320,1000,1000,1,885.9263
4560.0000,456,2084.0224,0.0000,321,1000,1000,1,886.1764
4570.0000,457,2084.5454,0.0000,325,1000,1000,1,886.4255
4580.0000,458,2085.0649,0.0000,323,1000,1000,1,886.6735
4590.0000,459,2085.5776,0.0000,322,1000,1000,1,886.9204
4600.0000,460,2086.0898,0.0000,323,1000,1000,1,887.1662
4610.0000,461,2086.6075,0.0000,324,1000,1000,1,887.4110
4620.0000,462,2087.1096,0.0000,315,1000,1000,1,887.6547
4630.0000,463,2087.6030,0.0000,316,1000,1000,1,887.8973
4640.0000,464,2088.0948,0.0000,318,1000,1000,1,888.1389
4650.0000,465,2088.5887,0.0000,318,1000,1000,1,888.3795
4660.0000,466,2089.0710,0.0000,313,1000,1000,1,888.6190
4670.0000,467,2089.5490,0.0000,307,1000,1000,1,888.8575
4680.0000,468,2090.0157,0.0000,305,1000,1000,1,889.0950
4690.0000,469,2090.4734,0.0000,304,1000,1000,1,889.3315
4700.0000,470,2090.9298,0.0000,302,1000,1000,1,889.5669
4710.0000,471,2091.3751,0.0000,300,1000,1000,1,889.8014
4720.0000,472,2091.8222,0.0000,303,1000,1000,1,890.0349
4730.0000,473,2092.2712,0.0000,307,1000,1000,1,890.2674
4740.0000,474,2092.7199,0.0000,304,1000,1000,1,890.4989
4750.0000,475,2093.1634,0.0000,305,1000,1000,1,890.7294
4760.0000,476,2093.6084,0.0000,307,1000,1000,1,890.9589
4770.0000,477,2094.0570,0.0000,308,1000,1000,1,891.1875
4780.0000,478,2094.4967,0.0000,304,1000,1000,1,891.4152
4790.0000,479,2094.9306,0.0000,300,1000,1000,1,891.6419
4800.0000,480,2095.3596,0.0000,300,1000,1000,1,891.8676
4810.0000,481,2095.7851,0.0000,303,1000,1000,1,892.0924
4820.0000,482,2096.2090,0.0000,300,1000,1000,1,892.3163
4830.0000,483,2096.6444,0.0000,306,1000,1000,1,892.5393
4840.0000,484,2097.0872,0.0000,314,1000,1000,1,892.7613
4850.0000,485,2097.5366,0.0000,309,1000,1000,1,892.9824
4860.0000,486,2097.9669,0.0000,304,1000,1000,1,893.2026
4870.0000,487,2098.3976,0.0000,311,1000,1000,1,893.4219
4880.0000,488,2098.8320,0.0000,315,1000,1000,1,893.6403
4890.0000,489,2099.2714,0.0000,312,1000,1000,1,893.8578
4900.0000,490,2099.7044,0.0000,309,1000,1000,1,894.0744
4910.0000,491,2100.1299,0.0000,306,1000,1000,1,894.2901
4920.0000,492,2100.5474,0.0000,305,1000,1000,1,894.5050
4930.0000,493,2100.9592,0.0000,306,1000,1000,1,894.7190
4940.0000,494,2101.3703,0.0000,302,1000,1000,1,894.9321
4950.0000,495,2101.7756,0.0000,303,1000,1000,1,895.1444
4960.0000,496,2102.1778,0.0000,297,1000,1000,1,895.3558
4970.0000,497,2102.5708,0.0000,296,1000,1000,1,895.5663
4980.0000,498,2102.9574,0.0000,295,1000,1000,1,895.7760
4990.0000,499,2103.3408,0.0000,295,1000,1000,1,895.9849
5000.0000,500,2103.7287,0.0000,298,1000,1000,1,896.1929
5010.0000,501,2104.1170,0.0000,302,1000,1000,1,896.4001
5020.0000,502,2104.5049,0.0000,293,1000,1000,1,896.6065
5030.0000,503,2104.8818,0.0000,294,1000,1000,1,896.8120
5040.0000,504,2105.2479,0.0000,289,1000,1000,1,897.0168
5050.0000,505,2105.6084,0.0000,287,1000,1000,1,897.2207
5060.0000,506,2105.9589,0.0000,278,1000,1000,1,897.4238
5070.0000,507,2106.2991,0.0000,274,1000,1000,1,897.6262
5080.0000,508,2106.6281,0.0000,276,1000,1000,1,897.8277
5090.0000,509,2106.9715,0.0000,285,1000,1000,1,898.0284
5100.0000,510,2107.3184,0.0000,284,1000,1000,1,898.2283
5110.0000,511,2107.6612,0.0000,280,1000,1000,1,898.4275
5120.0000,512,2107.9967,0.0000,279,1000,1000,1,898.6259
5130.0000,513,2108.3300,0.0000,283,1000,1000,1,898.8235
5140.0000,514,2108.6611,0.0000,276,1000,1000,1,899.0203
5150.0000,515,2108.9850,0.0000,273,1000,1000,1,899.2164
5160.0000,516,2109.3062,0.0000,270,1000,1000,1,899.4117
5170.0000,517,2109.6096,0.0000,260,1000,1000,1,899.6063
5180.0000,518,2109.9019,0.0000,258,1000,1000,1,899.8001
5190.0000,519,2110.1796,0.0000,251,1000,1000,1,899.9932
5200.0000,520,2110.4495,0.0000,251,1000,1000,1,900.1855
5210.0000,521,2110.7195,0.0000,251,1000,1000,1,900.3771
5220.0000,522,2110.9960,0.0000,260,1000,1000,1,900.5679
5230.0000,523,2111.2827,0.0000,261,1000,1000,1,900.7580
5240.0000,524,2111.5758,0.0000,268,1000,1000,1,900.9474
5250.0000,525,2111.8792,0.0000,273,1000,1000,1,901.1361
5260.0000,526,2112.1882,0.0000,275,1000,1000,1,901.3241
5270.0000,527,2112.4964,0.0000,277,1000,1000,1,901.5113
5280.0000,528,2112.8067,0.0000,275,1000,1000,1,901.6978
5290.0000,529,2113.1118,0.0000,276,1000,1000,1,901.8837
5300.0000,530,2113.4268,0.0000,281,1000,1000,1,902.0688
5310.0000,531,2113.7387,0.0000,277,1000,1000,1,902.2532
5320.0000,532,2114.0457,0.0000,275,1000,1000,1,902.4370
5330.0000,533,2114.3477,0.0000,279,1000,1000,1,902.6200
5340.0000,534,2114.6481,0.0000,277,1000,1000,1,902.8024
5350.0000,535,2114.9554,0.0000,278,1000,1000,1,902.9840
5360.0000,536,2115.2585,0.0000,276,1000,1000,1,903.1650
5370.0000,537,2115.5560,0.0000,276,1000,1000,1,903.3454
5380.0000,538,2115.8546,0.0000,276,1000,1000,1,903.5250
5390.0000,539,2116.1492,0.0000,270,1000,1000,1,903.7040
5400.0000,540,2116.4320,0.0000,267,1000,1000,1,903.8823
5410.0000,541,2116.7025,0.0000,266,1000,1000,1,904.0600
5420.0000,542,2116.9763,0.0000,264,1000,1000,1,904.2370
5430.0000,543,2117.2445,0.0000,265,1000,1000,1,904.4134
5440.0000,544,2117.5128,0.0000,258,1000,1000,1,904.5891
5450.0000,545,2117.7680,0.0000,253,1000,1000,1,904.7641
5460.0000,546,2118.0063,0.0000,249,1000,1000,1,904.9386
5470.0000,547,2118.2440,0.0000,248,1000,1000,1,905.1124
5480.0000,548,2118.4789,0.0000,248,1000,1000,1,905.2855
5490.0000,549,2118.7067,0.0000,241,1000,1000,1,905.4580
5500.0000,550,2118.9255,0.0000,239,1000,1000,1,905.6299
5510.0000,551,2119.1437,0.0000,237,1000,1000,1,905.8012
5520.0000,552,2119.3573,0.0000,236,1000,1000,1,905.9718
5530.0000,553,2119.5685,0.0000,234,1000,1000,1,906.1419
5540.0000,554,2119.7739,0.0000,233,1000,1000,1,906.3113
5550.0000,555,2119.9801,0.0000,233,1000,1000,1,906.4801
5560.0000,556,2120.1810,0.0000,231,1000,1000,1,906.6483
5570.0000,557,2120.3740,0.0000,228,1000,1000,1,906.8159
5580.0000,558,2120.5649,0.0000,229,1000,1000,1,906.9829
5590.0000,559,2120.7622,0.0000,227,1000,1000,1,907.1493
5600.0000,560,2120.9487,0.0000,221,1000,1000,1,907.3151
5610.0000,561,2121.1358,0.0000,229,1000,1000,1,907.4803
5620.0000,562,2121.3287,0.0000,229,1000,1000,1,907.6449
5630.0000,563,2121.5199,0.0000,230,1000,1000,1,907.8090
5640.0000,564,2121.7117,0.0000,229,1000,1000,1,907.9724
5650.0000,565,2121.9099,0.0000,242,1000,1000,1,908.1353
5660.0000,566,2122.1162,0.0000,233,1000,1000,1,908.2976
5670.0000,567,2122.3136,0.0000,234,1000,1000,1,908.4594
5680.0000,568,2122.5023,0.0000,226,1000,1000,1,908.6205
5690.0000,569,2122.6906,0.0000,231,1000,1000,1,908.7811
5700.0000,570,2122.8819,0.0000,233,1000,1000,1,908.9412
5710.0000,571,2123.0763,0.0000,231,1000,1000,1,909.1006
5720.0000,572,2123.2596,0.0000,224,1000,1000,1,909.2595
5730.0000,573,2123.4423,0.0000,228,1000,1000,1,909.4179
5740.0000,574,2123.6228,0.0000,225,1000,1000,1,909.5757
5750.0000,575,2123.7927,0.0000,219,1000,1000,1,909.7330
5760.0000,576,2123.9543,0.0000,212,1000,1000,1,909.8897
5770.0000,577,2124.1153,0.0000,219,1000,1000,1,910.0459
5780.0000,578,2124.2728,0.0000,210,1000,1000,1,910.2015
5790.0000,579,2124.4145,0.0000,204,1000,1000,1,910.3566
5800.0000,580,2124.5553,0.0000,207,1000,1000,1,910.5111
5810.0000,581,2124.7049,0.0000,216,1000,1000,1,910.6652
5820.0000,582,2124.8628,0.0000,216,1000,1000,1,910.8187
5830.0000,583,2125.0114,0.0000,210,1000,1000,1,910.9716
5840.0000,584,2125.1541,0.0000,207,1000,1000,1,911.1241
5850.0000,585,2125.2931,0.0000,205,1000,1000,1,911.2760
5860.0000,586,2125.4359,0.0000,217,1000,1000,1,911.4274
5870.0000,587,2125.5897,0.0000,215,1000,1000,1,911.5783
5880.0000,588,2125.7461,0.0000,219,1000,1000,1,911.7287
5890.0000,589,2125.8988,0.0000,214,1000,1000,1,911.8785
5900.0000,590,2126.0483,0.0000,221,1000,1000,1,912.0279
5910.0000,591,2126.2085,0.0000,221,1000,1000,1,912.1767
5920.0000,592,2126.3692,0.0000,219,1000,1000,1,912.3251
5930.0000,593,2126.5243,0.0000,218,1000,1000,1,912.4729
5940.0000,594,2126.6779,0.0000,218,1000,1000,1,912.6203
5950.0000,595,2126.8255,0.0000,213,1000,1000,1,912.7672
5960.0000,596,2126.9759,0.0000,221,1000,1000,1,912.9135
5970.0000,597,2127.1410,0.0000,228,1000,1000,1,913.0594
5980.0000,598,2127.3095,0.0000,227,1000,1000,1,913.2048
5990.0000,599,2127.4775,0.0000,227,1000,1000,1,913.3497
6000.0000,600,2127.6432,0.0000,226,1000,1000,1,913.4941
6010.0000,601,2127.8071,0.0000,223,1000,1000,1,913.6380
6020.0000,602,2127.9589,0.0000,218,1000,1000,1,913.7815
6030.0000,603,2128.1096,0.0000,219,1000,1000,1,913.9245
6040.0000,604,2128.2633,0.0000,222,1000,1000,1,914.0670
6050.0000,605,2128.4228,0.0000,226,1000,1000,1,914.2090
6060.0000,606,2128.5794,0.0000,217,1000,1000,1,914.3506
6070.0000,607,2128.7272,0.0000,220,1000,1000,1,914.4917
6080.0000,608,2128.8789,0.0000,223,1000,1000,1,914.6323
6090.0000,609,2129.0305,0.0000,221,1000,1000,1,914.7725
6100.0000,610,2129.1792,0.0000,220,1000,1000,1,914.9122
6110.0000,611,2129.3324,0.0000,221,1000,1000,1,915.0515
6120.0000,612,2129.4869,0.0000,225,1000,1000,1,915.1903
6130.0000,613,2129.6423,0.0000,226,1000,1000,1,915.3286
6140.0000,614,2129.8013,0.0000,232,1000,1000,1,915.4665
6150.0000,615,2129.9664,0.0000,235,1000,1000,1,915.6040
6160.0000,616,2130.1293,0.0000,229,1000,1000,1,915.7410
6170.0000,617,2130.2870,0.0000,229,1000,1000,1,915.8776
6180.0000,618,2130.4464,0.0000,229,1000,1000,1,916.0137
6190.0000,619,2130.6097,0.0000,232,1000,1000,1,916.1494
6200.0000,620,2130.7734,0.0000,229,1000,1000,1,916.2846
6210.0000,621,2130.9360,0.0000,232,1000,1000,1,916.4194
6220.0000,622,2131.0919,0.0000,223,1000,1000,1,916.5538
6230.0000,623,2131.2390,0.0000,221,1000,1000,1,916.6877
6240.0000,624,2131.3859,0.0000,222,1000,1000,1,916.8212
6250.0000,625,2131.5283,0.0000,224,1000,1000,1,916.9543
6260.0000,626,2131.6812,0.0000,230,1000,1000,1,917.0870
6270.0000,627,2131.8384,0.0000,233,1000,1000,1,917.2192
6280.0000,628,2132.0006,0.0000,237,1000,1000,1,917.3510
6290.0000,629,2132.1675,0.0000,236,1000,1000,1,917.4824
6300.0000,630,2132.3363,0.0000,238,1000,1000,1,917.6134
6310.0000,631,2132.5063,0.0000,242,1000,1000,1,917.7440
6320.0000,632,2132.6836,0.0000,245,1000,1000,1,917.8741
6330.0000,633,2132.8622,0.0000,245,1000,1000,1,918.0039
6340.0000,634,2133.0373,0.0000,242,1000,1000,1,918.1332
6350.0000,635,2133.2110,0.0000,246,1000,1000,1,918.2621
6360.0000,636,2133.3961,0.0000,254,1000,1000,1,918.3907
6370.0000,637,2133.5839,0.0000,253,1000,1000,1,918.5188
6380.0000,638,2133.7709,0.0000,255,1000,1000,1,918.6465
6390.0000,639,2133.9621,0.0000,259,1000,1000,1,918.7738
6400.0000,640,2134.1614,0.0000,265,1000,1000,1,918.9007
6410.0000,641,2134.3661,0.0000,265,1000,1000,1,919.0272
6420.0000,642,2134.5631,0.0000,261,1000,1000,1,919.1534
6430.0000,643,2134.7560,0.0000,260,1000,1000,1,919.2791
6440.0000,644,2134.9510,0.0000,262,1000,1000,1,919.4044
6450.0000,645,2135.1484,0.0000,265,1000,1000,1,919.5294
6460.0000,646,2135.3562,0.0000,267,1000,1000,1,919.6540
6470.0000,647,2135.5600,0.0000,265,1000,1000,1,919.7781
6480.0000,648,2135.7624,0.0000,267,1000,1000,1,919.9019
6490.0000,649,2135.9660,0.0000,269,1000,1000,1,920.0254
6500.0000,650,2136.1671,0.0000,264,1000,1000,1,920.1484
6510.0000,651,2136.3655,0.0000,268,1000,1000,1,920.2711
6520.0000,652,2136.5659,0.0000,269,1000,1000,1,920.3933
6530.0000,653,2136.7623,0.0000,261,1000,1000,1,920.5153
6540.0000,654,2136.9486,0.0000,259,1000,1000,1,920.6368
6550.0000,655,2137.1357,0.0000,265,1000,1000,1,920.7580
6560.0000,656,2137.3255,0.0000,258,1000,1000,1,920.8787
6570.0000,657,2137.5011,0.0000,247,1000,1000,1,920.9992
6580.0000,658,2137.6667,0.0000,248,1000,1000,1,921.1192
6590.0000,659,2137.8388,0.0000,253,1000,1000,1,921.2389
6600.0000,660,2138.0109,0.0000,251,1000,1000,1,921.3583
6610.0000,661,2138.1745,0.0000,244,1000,1000,1,921.4772
6620.0000,662,2138.3332,0.0000,241,1000,1000,1,921.5959
6630.0000,663,2138.4883,0.0000,241,1000,1000,1,921.7141
6640.0000,664,2138.6451,0.0000,243,1000,1000,1,921.8320
6650.0000,665,2138.8020,0.0000,243,1000,1000,1,921.9496
6660.0000,666,2138.9589,0.0000,248,1000,1000,1,922.0668
6670.0000,667,2139.1159,0.0000,239,1000,1000,1,922.1836
6680.0000,668,2139.2689,0.0000,242,1000,1000,1,922.3001
6690.0000,669,2139.4249,0.0000,247,1000,1000,1,922.4162
6700.0000,670,2139.5841,0.0000,249,1000,1000,1,922.5320
6710.0000,671,2139.7421,0.0000,242,1000,1000,1,922.6475
6720.0000,672,2139.8874,0.0000,236,1000,1000,1,922.7626
6730.0000,673,2140.0319,0.0000,241,1000,1000,1,922.8774
6740.0000,674,2140.1861,0.0000,245,1000,1000,1,922.9918
6750.0000,675,2140.3415,0.0000,245,1000,1000,1,923.1059
6760.0000,676,2140.4901,0.0000,238,1000,1000,1,923.2196
6770.0000,677,2140.6366,0.0000,237,1000,1000,1,923.3330
6780.0000,678,2140.7723,0.0000,228,1000,1000,1,923.4461
6790.0000,679,2140.9068,0.0000,236,1000,1000,1,923.5588
6800.0000,680,2141.0489,0.0000,242,1000,1000,1,923.6713
6810.0000,681,2141.1955,0.0000,241,1000,1000,1,923.7833
6820.0000,682,2141.3380,0.0000,235,1000,1000,1,923.8951
6830.0000,683,2141.4682,0.0000,225,1000,1000,1,924.0065
6840.0000,684,2141.5928,0.0000,227,1000,1000,1,924.1176
6850.0000,685,2141.7222,0.0000,229,1000,1000,1,924.2284
6860.0000,686,2141.8504,0.0000,228,1000,1000,1,924.3389
6870.0000,687,2141.9721,0.0000,227,1000,1000,1,924.4490
6880.0000,688,2142.0959,0.0000,225,1000,1000,1,924.5588
6890.0000,689,2142.2143,0.0000,221,1000,1000,1,924.6683
6900.0000,690,2142.3300,0.0000,222,1000,1000,1,924.7775
6910.0000,691,2142.4437,0.0000,221,1000,1000,1,924.8863
6920.0000,692,2142.5564,0.0000,223,1000,1000,1,924.9949
6930.0000,693,2142.6708,0.0000,223,1000,1000,1,925.1031
6940.0000,694,2142.7926,0.0000,228,1000,1000,1,925.2110
6950.0000,695,2142.9072,0.0000,221,1000,1000,1,925.3186
6960.0000,696,2143.0195,0.0000,218,1000,1000,1,925.4259
6970.0000,697,2143.1285,0.0000,218,1000,1000,1,925.5329
6980.0000,698,2143.2379,0.0000,222,1000,1000,1,925.6396
6990.0000,699,2143.3504,0.0000,220,1000,1000,1,925.7460
7000.0000,700,2143.4549,0.0000,216,1000,1000,1,925.8521
7010.0000,701,2143.5561,0.0000,210,1000,1000,1,925.9579
7020.0000,702,2143.6539,0.0000,212,1000,1000,1,926.0633
7030.0000,703,2143.7517,0.0000,211,1000,1000,1,926.1685
7040.0000,704,2143.8402,0.0000,205,1000,1000,1,926.2734
7050.0000,705,2143.9273,0.0000,203,1000,1000,1,926.3780
7060.0000,706,2144.0083,0.0000,201,1000,1000,1,926.4822
7070.0000,707,2144.0875,0.0000,197,1000,1000,1,926.5862
7080.0000,708,2144.1545,0.0000,191,1000,1000,1,926.6899
7090.0000,709,2144.2234,0.0000,195,1000,1000,1,926.7933
7100.0000,710,2144.2938,0.0000,197,1000,1000,1,926.8964
7110.0000,711,2144.3688,0.0000,196,1000,1000,1,926.9992
7120.0000,712,2144.4354,0.0000,194,1000,1000,1,927.1018
7130.0000,713,2144.5080,0.0000,200,1000,1000,1,927.2040
7140.0000,714,2144.5839,0.0000,199,1000,1000,1,927.3060
7150.0000,715,2144.6553,0.0000,190,1000,1000,1,927.4076
7160.0000,716,2144.7202,0.0000,197,1000,1000,1,927.5090
7170.0000,717,2144.7904,0.0000,197,1000,1000,1,927.6101
7180.0000,718,2144.8572,0.0000,191,1000,1000,1,927.7109
7190.0000,719,2144.9193,0.0000,187,1000,1000,1,927.8115
7200.0000,720,2144.9793,0.0000,187,1000,1000,1,927.9117
7210.0000,721,2145.0376,0.0000,185,1000,1000,1,928.0117
7220.0000,722,2145.0954,0.0000,186,1000,1000,1,928.1114
7230.0000,723,2145.1549,0.0000,186,1000,1000,1,928.2109
7240.0000,724,2145.2043,0.0000,178,1000,1000,1,928.3100
7250.0000,725,2145.2534,0.0000,182,1000,1000,1,928.4089
7260.0000,726,2145.3065,0.0000,185,1000,1000,1,928.5075
7270.0000,727,2145.3550,0.0000,178,1000,1000,1,928.6059
7280.0000,728,2145.4033,0.0000,183,1000,1000,1,928.7039
7290.0000,729,2145.4576,0.0000,186,1000,1000,1,928.8017
7300.0000,730,2145.5139,0.0000,187,1000,1000,1,928.8993
7310.0000,731,2145.5726,0.0000,192,1000,1000,1,928.9965
7320.0000,732,2145.6346,0.0000,191,1000,1000,1,929.0935
7330.0000,733,2145.6976,0.0000,194,1000,1000,1,929.1903
7340.0000,734,2145.7585,0.0000,187,1000,1000,1,929.2867
7350.0000,735,2145.8156,0.0000,185,1000,1000,1,929.3829
7360.0000,736,2145.8696,0.0000,185,1000,1000,1,929.4789
7370.0000,737,2145.9197,0.0000,181,1000,1000,1,929.5746
7380.0000,738,2145.9623,0.0000,175,1000,1000,1,929.6700
7390.0000,739,2145.9985,0.0000,173,1000,1000,1,929.7652
7400.0000,740,2146.0425,0.0000,180,1000,1000,1,929.8601
7410.0000,741,2146.0868,0.0000,178,1000,1000,1,929.9547
7420.0000,742,2146.1242,0.0000,173,1000,1000,1,930.0491
7430.0000,743,2146.1602,0.0000,171,1000,1000,1,930.1433
7440.0000,744,2146.1961,0.0000,171,1000,1000,1,930.2372
7450.0000,745,2146.2265,0.0000,168,1000,1000,1,930.3308
7460.0000,746,2146.2500,0.0000,160,1000,1000,1,930.4242
7470.0000,747,2146.2690,0.0000,165,1000,1000,1,930.5173
7480.0000,748,2146.2863,0.0000,154,1000,1000,1,930.6102
7490.0000,749,2146.2970,0.0000,156,1000,1000,1,930.7029
7500.0000,750,2146.3100,0.0000,155,1000,1000,1,930.7953
7510.0000,751,2146.3286,0.0000,164,1000,1000,1,930.8874
7520.0000,752,2146.3478,0.0000,160,1000,1000,1,930.9793
7530.0000,753,2146.3688,0.0000,158,1000,1000,1,931.0710
7540.0000,754,2146.3850,0.0000,155,1000,1000,1,931.1624
7550.0000,755,2146.3941,0.0000,149,1000,1000,1,931.2536
7560.0000,756,2146.3970,0.0000,145,1000,1000,1,931.3445
7570.0000,757,2146.3987,0.0000,150,1000,1000,1,931.4352
7580.0000,758,2146.4003,0.0000,144,1000,1000,1,931.5257
7590.0000,759,2146.3989,0.0000,148,1000,1000,1,931.6159
7600.0000,760,2146.3977,0.0000,145,1000,1000,1,931.7059
7610.0000,761,2146.3952,0.0000,144,1000,1000,1,931.7956
7620.0000,762,2146.3934,0.0000,146,1000,1000,1,931.8851
7630.0000,763,2146.3912,0.0000,141,1000,1000,1,931.9744
7640.0000,764,2146.3855,0.0000,143,1000,1000,1,932.0634
7650.0000,765,2146.3833,0.0000,148,1000,1000,1,932.1522
7660.0000,766,2146.3881,0.0000,156,1000,1000,1,932.2408
7670.0000,767,2146.4035,0.0000,160,1000,1000,1,932.3292
7680.0000,768,2146.4176,0.0000,157,1000,1000,1,932.4173
7690.0000,769,2146.4327,0.0000,156,1000,1000,1,932.5051
7700.0000,770,2146.4460,0.0000,152,1000,1000,1,932.5928
7710.0000,771,2146.4500,0.0000,146,1000,1000,1,932.6802
7720.0000,772,2146.4439,0.0000,140,1000,1000,1,932.7674
7730.0000,773,2146.4376,0.0000,145,1000,1000,1,932.8544
7740.0000,774,2146.4352,0.0000,143,1000,1000,1,932.9412
7750.0000,775,2146.4310,0.0000,145,1000,1000,1,933.0277
7760.0000,776,2146.4263,0.0000,138,1000,1000,1,933.1140
7770.0000,777,2146.4170,0.0000,141,1000,1000,1,933.2001
7780.0000,778,2146.4112,0.0000,140,1000,1000,1,933.2859
7790.0000,779,2146.3996,0.0000,137,1000,1000,1,933.3716
7800.0000,780,2146.3877,0.0000,136,1000,1000,1,933.4570
7810.0000,781,2146.3772,0.0000,136,1000,1000,1,933.5422
7820.0000,782,2146.3592,0.0000,125,1000,1000,1,933.6272
7830.0000,783,2146.3339,0.0000,128,1000,1000,1,933.7120
7840.0000,784,2146.3129,0.0000,129,1000,1000,1,933.7965
7850.0000,785,2146.2855,0.0000,120,1000,1000,1,933.8808
7860.0000,786,2146.2559,0.0000,126,1000,1000,1,933.9650
7870.0000,787,2146.2260,0.0000,118,1000,1000,1,934.0489
7880.0000,788,2146.1862,0.0000,114,1000,1000,1,934.1326
7890.0000,789,2146.1442,0.0000,111,1000,1000,1,934.2160
7900.0000,790,2146.0985,0.0000,106,1000,1000,1,934.2993
7910.0000,791,2146.0474,0.0000,106,1000,1000,1,934.3824
7920.0000,792,2146.0017,0.0000,114,1000,1000,1,934.4652
7930.0000,793,2145.9637,0.0000,119,1000,1000,1,934.5479
7940.0000,794,2145.9237,0.0000,107,1000,1000,1,934.6303
7950.0000,795,2145.8744,0.0000,107,1000,1000,1,934.7125
7960.0000,796,2145.8275,0.0000,108,1000,1000,1,934.7945
7970.0000,797,2145.7822,0.0000,112,1000,1000,1,934.8764
7980.0000,798,2145.7308,0.0000,107,1000,1000,1,934.9580
7990.0000,799,2145.6801,0.0000,106,1000,1000,1,935.0394
8000.0000,800,2145.6249,0.0000,103,1000,1000,1,935.1206
8010.0000,801,2145.5737,0.0000,105,1000,1000,1,935.2016
8020.0000,802,2145.5229,0.0000,104,1000,1000,1,935.2824
8030.0000,803,2145.4658,0.0000,97,1000,1000,1,935.3630
8040.0000,804,2145.4025,0.0000,94,1000,1000,1,935.4434
8050.0000,805,2145.3367,0.0000,94,1000,1000,1,935.5236
8060.0000,806,2145.2765,0.0000,100,1000,1000,1,935.6035
8070.0000,807,2145.2245,0.0000,105,1000,1000,1,935.6833
8080.0000,808,2145.1706,0.0000,103,1000,1000,1,935.7629
8090.0000,809,2145.1156,0.0000,101,1000,1000,1,935.8423
8100.0000,810,2145.0552,0.0000,90,1000,1000,1,935.9216
8110.0000,811,2144.9914,0.0000,94,1000,1000,1,936.0006
8120.0000,812,2144.9244,0.0000,90,1000,1000,1,936.0794
8130.0000,813,2144.8523,0.0000,86,1000,1000,1,936.1580
8140.0000,814,2144.7863,0.0000,92,1000,1000,1,936.2364
8150.0000,815,2144.7211,0.0000,91,1000,1000,1,936.3147
8160.0000,816,2144.6543,0.0000,90,1000,1000,1,936.3927
8170.0000,817,2144.5873,0.0000,88,1000,1000,1,936.4706
8180.0000,818,2144.5161,0.0000,88,1000,1000,1,936.5482
8190.0000,819,2144.4440,0.0000,84,1000,1000,1,936.6257
8200.0000,820,2144.3715,0.0000,85,1000,1000,1,936.7030
8210.0000,821,2144.3050,0.0000,87,1000,1000,1,936.7801
8220.0000,822,2144.2324,0.0000,85,1000,1000,1,936.8570
8230.0000,823,2144.1584,0.0000,81,1000,1000,1,936.9337
8240.0000,824,2144.0769,0.0000,74,1000,1000,1,937.0103
8250.0000,825,2143.9897,0.0000,75,1000,1000,1,937.0866
8260.0000,826,2143.9037,0.0000,71,1000,1000,1,937.1628
8270.0000,827,2143.8169,0.0000,75,1000,1000,1,937.2388
8280.0000,828,2143.7310,0.0000,75,1000,1000,1,937.3146
8290.0000,829,2143.6450,0.0000,73,1000,1000,1,937.3902
8300.0000,830,2143.5559,0.0000,68,1000,1000,1,937.4656
8310.0000,831,2143.4623,0.0000,64,1000,1000,1,937.5409
8320.0000,832,2143.3633,0.0000,61,1000,1000,1,937.6159
8330.0000,833,2143.2605,0.0000,59,1000,1000,1,937.6908
8340.0000,834,2143.1550,0.0000,55,1000,1000,1,937.7655
8350.0000,835,2143.0511,0.0000,60,1000,1000,1,937.8401
8360.0000,836,2142.9527,0.0000,57,1000,1000,1,937.9144
8370.0000,837,2142.8481,0.0000,54,1000,1000,1,937.9886
8380.0000,838,2142.7389,0.0000,52,1000,1000,1,938.0626
8390.0000,839,2142.6246,0.0000,47,1000,1000,1,938.1364
8400.0000,840,2142.5121,0.0000,47,1000,1000,1,938.2101
8410.0000,841,2142.4005,0.0000,48,1000,1000,1,938.2835
8420.0000,842,2142.2823,0.0000,43,1000,1000,1,938.3568
8430.0000,843,2142.1664,0.0000,49,1000,1000,1,938.4300
8440.0000,844,2142.0604,0.0000,57,1000,1000,1,938.5029
8450.0000,845,2141.9613,0.0000,59,1000,1000,1,938.5757
8460.0000,846,2141.8665,0.0000,64,1000,1000,1,938.6483
8470.0000,847,2141.7700,0.0000,56,1000,1000,1,938.7207
8480.0000,848,2141.6687,0.0000,52,1000,1000,1,938.7930
8490.0000,849,2141.5576,0.0000,44,1000,1000,1,938.8651
8500.0000,850,2141.4421,0.0000,43,1000,1000,1,938.9370
8510.0000,851,2141.3236,0.0000,42,1000,1000,1,939.0088
8520.0000,852,2141.2052,0.0000,38,1000,1000,1,939.0804
8530.0000,853,2141.0843,0.0000,35,1000,1000,1,939.1518
8540.0000,854,2140.9596,0.0000,35,1000,1000,1,939.2230
8550.0000,855,2140.8337,0.0000,32,1000,1000,1,939.2941
8560.0000,856,2140.7087,0.0000,35,1000,1000,1,939.3650
8570.0000,857,2140.5915,0.0000,41,1000,1000,1,939.4358
8580.0000,858,2140.4768,0.0000,49,1000,1000,1,939.5064
8590.0000,859,2140.3707,0.0000,48,1000,1000,1,939.5768
8600.0000,860,2140.2598,0.0000,44,1000,1000,1,939.6470
8610.0000,861,2140.1485,0.0000,44,1000,1000,1,939.7171
8620.0000,862,2140.0365,0.0000,45,1000,1000,1,939.7871
8630.0000,863,2139.9221,0.0000,39,1000,1000,1,939.8568
8640.0000,864,2139.8047,0.0000,42,1000,1000,1,939.9265
8650.0000,865,2139.6882,0.0000,39,1000,1000,1,939.9959
8660.0000,866,2139.5715,0.0000,37,1000,1000,1,940.0652
8670.0000,867,2139.4542,0.0000,35,1000,1000,1,940.1343
8680.0000,868,2139.3280,0.0000,29,1000,1000,1,940.2033
8690.0000,869,2139.1999,0.0000,25,1000,1000,1,940.2721
8700.0000,870,2139.0715,0.0000,29,1000,1000,1,940.3408
8710.0000,871,2138.9419,0.0000,24,1000,1000,1,940.4093
8720.0000,872,2138.8114,0.0000,21,1000,1000,1,940.4776
8730.0000,873,2138.6759,0.0000,23,1000,1000,1,940.5458
8740.0000,874,2138.5451,0.0000,27,1000,1000,1,940.6138
8750.0000,875,2138.4182,0.0000,28,1000,1000,1,940.6817
8760.0000,876,2138.2906,0.0000,26,1000,1000,1,940.7494
8770.0000,877,2138.1628,0.0000,28,1000,1000,1,940.8169
8780.0000,878,2138.0363,0.0000,31,1000,1000,1,940.8843
8790.0000,879,2137.9154,0.0000,34,1000,1000,1,940.9516
8800.0000,880,2137.7945,0.0000,32,1000,1000,1,941.0187
8810.0000,881,2137.6756,0.0000,33,1000,1000,1,941.0857
8820.0000,882,2137.5546,0.0000,28,1000,1000,1,941.1524
8830.0000,883,2137.4354,0.0000,36,1000,1000,1,941.2191
8840.0000,884,2137.3211,0.0000,34,1000,1000,1,941.2856
8850.0000,885,2137.2067,0.0000,38,1000,1000,1,941.3519
8860.0000,886,2137.0909,0.0000,34,1000,1000,1,941.4181
8870.0000,887,2136.9771,0.0000,38,1000,1000,1,941.4842
8880.0000,888,2136.8636,0.0000,36,1000,1000,1,941.5501
8890.0000,889,2136.7506,0.0000,34,1000,1000,1,941.6158
8900.0000,890,2136.6334,0.0000,33,1000,1000,1,941.6814
8910.0000,891,2136.5158,0.0000,31,1000,1000,1,941.7469
8920.0000,892,2136.3970,0.0000,30,1000,1000,1,941.8122
8930.0000,893,2136.2769,0.0000,31,1000,1000,1,941.8773
8940.0000,894,2136.1567,0.0000,29,1000,1000,1,941.9423
8950.0000,895,2136.0362,0.0000,24,1000,1000,1,942.0072
8960.0000,896,2135.9054,0.0000,14,1000,1000,1,942.0719
8970.0000,897,2135.7648,0.0000,9,1000,1000,1,942.1365
8980.0000,898,2135.6209,0.0000,3,1000,1000,1,942.2010
8990.0000,899,2135.4728,0.0000,2,1000,1000,1,942.2652
9000.0000,900,2135.3241,0.0000,2,1000,1000,1,942.3294
9010.0000,901,2135.1778,0.0000,8,999,1000,1,942.3934
9020.0000,902,2135.0391,0.0000,20,992,1000,1,942.4573
9030.0000,903,2134.9026,0.0000,24,987,1000,1,942.5210
9040.0000,904,2134.7686,0.0000,37,983,1000,1,942.5846
9050.0000,905,2134.6468,0.0000,44,981,1000,1,942.6480
9060.0000,906,2134.5324,0.0000,55,982,1000,1,942.7113
9070.0000,907,2134.4220,0.0000,59,971,1000,1,942.7745
9080.0000,908,2134.3136,0.0000,71,970,1000,1,942.8375
9090.0000,909,2134.2117,0.0000,76,967,1000,1,942.9004
9100.0000,910,2134.1173,0.0000,87,964,1000,1,942.9631
9110.0000,911,2134.0280,0.0000,92,958,1000,1,943.0258
9120.0000,912,2133.9487,0.0000,103,968,1000,1,943.0882
9130.0000,913,2133.8856,0.0000,114,966,1000,1,943.1506
9140.0000,914,2133.8296,0.0000,122,963,1000,1,943.2128
9150.0000,915,2133.7780,0.0000,130,962,1000,1,943.2748
9160.0000,916,2133.7394,0.0000,134,967,1000,1,943.3367
9170.0000,917,2133.7162,0.0000,146,974,1000,1,943.3985
9180.0000,918,2133.7069,0.0000,158,979,1000,1,943.4602
9190.0000,919,2133.7205,0.0000,171,984,1000,1,943.5217
9200.0000,920,2133.7503,0.0000,179,983,1000,1,943.5831
9210.0000,921,2133.7869,0.0000,188,986,1000,1,943.6444
9220.0000,922,2133.8370,0.0000,196,988,1000,1,943.7055
9230.0000,923,2133.8958,0.0000,203,992,1000,1,943.7665
9240.0000,924,2133.9642,0.0000,211,991,1000,1,943.8273
9250.0000,925,2134.0447,0.0000,222,992,1000,1,943.8881
9260.0000,926,2134.1365,0.0000,235,990,1000,1,943.9487
9270.0000,927,2134.2378,0.0000,243,989,1000,1,944.0091
9280.0000,928,2134.3434,0.0000,254,980,1000,1,944.0695
9290.0000,929,2134.4523,0.0000,268,974,1000,1,944.1297
9300.0000,930,2134.5775,0.0000,284,970,1000,1,944.1897
9310.0000,931,2134.7158,0.0000,296,970,1000,1,944.2497
9320.0000,932,2134.8580,0.0000,303,971,1000,1,944.3095
9330.0000,933,2135.0109,0.0000,308,970,1000,1,944.3692
9340.0000,934,2135.1688,0.0000,316,971,1000,1,944.4288
9350.0000,935,2135.3346,0.0000,325,964,1000,1,944.4882
9360.0000,936,2135.5045,0.0000,333,963,1000,1,944.5475
9370.0000,937,2135.6813,0.0000,347,959,1000,1,944.6067
9380.0000,938,2135.8716,0.0000,358,963,1000,1,944.6657
9390.0000,939,2136.0738,0.0000,370,962,1000,1,944.7247
9400.0000,940,2136.2928,0.0000,381,966,1000,1,944.7835
9410.0000,941,2136.5190,0.0000,391,974,1000,1,944.8421
9420.0000,942,2136.7649,0.0000,400,972,1000,1,944.9007
9430.0000,943,2137.0200,0.0000,406,976,1000,1,944.9591
9440.0000,944,2137.2822,0.0000,413,976,1000,1,945.0174
9450.0000,945,2137.5536,0.0000,421,979,1000,1,945.0756
9460.0000,946,2137.8336,0.0000,429,975,1000,1,945.1337
9470.0000,947,2138.1247,0.0000,441,982,1000,1,945.1916
9480.0000,948,2138.4325,0.0000,452,984,1000,1,945.2494
9490.0000,949,2138.7506,0.0000,456,982,1000,1,945.3071
9500.0000,950,2139.0671,0.0000,466,978,1000,1,945.3647
9510.0000,951,2139.3894,0.0000,475,977,1000,1,945.4221
9520.0000,952,2139.7212,0.0000,486,973,1000,1,945.4795
9530.0000,953,2140.0656,0.0000,501,978,1000,1,945.5367
9540.0000,954,2140.4253,0.0000,508,980,1000,1,945.5938
9550.0000,955,2140.7998,0.0000,521,982,1000,1,945.6507
9560.0000,956,2141.1830,0.0000,532,979,1000,1,945.7076
9570.0000,957,2141.5788,0.0000,539,983,1000,1,945.7643
9580.0000,958,2141.9849,0.0000,551,986,1000,1,945.8209
9590.0000,959,2142.3968,0.0000,559,981,1000,1,945.8774
9600.0000,960,2142.8148,0.0000,570,977,1000,1,945.9338
9610.0000,961,2143.2371,0.0000,581,974,1000,1,945.9901
9620.0000,962,2143.6671,0.0000,587,971,1000,1,946.0462
9630.0000,963,2144.0981,0.0000,594,968,1000,1,946.1022
9640.0000,964,2144.5378,0.0000,607,968,1000,1,946.1582
9650.0000,965,2144.9886,0.0000,617,968,1000,1,946.2139
9660.0000,966,2145.4480,0.0000,625,966,1000,1,946.2696
9670.0000,967,2145.9148,0.0000,637,972,1000,1,946.3252
9680.0000,968,2146.3951,0.0000,646,969,1000,1,946.3806
9690.0000,969,2146.8802,0.0000,655,960,1000,1,946.4360
9700.0000,970,2147.3710,0.0000,662,966,1000,1,946.4912
9710.0000,971,2147.8693,0.0000,671,963,1000,1,946.5463
9720.0000,972,2148.3735,0.0000,676,967,1000,1,946.6013
9730.0000,973,2148.8824,0.0000,687,962,1000,1,946.6562
9740.0000,974,2149.4037,0.0000,694,966,1000,1,946.7109
9750.0000,975,2149.9348,0.0000,706,966,1000,1,946.7656
9760.0000,976,2150.4735,0.0000,717,963,1000,1,946.8201
9770.0000,977,2151.0163,0.0000,726,959,1000,1,946.8746
9780.0000,978,2151.5652,0.0000,735,954,1000,1,946.9289
9790.0000,979,2152.1172,0.0000,749,950,1000,1,946.9831
9800.0000,980,2152.6764,0.0000,758,942,1000,1,947.0372
9810.0000,981,2153.2355,0.0000,767,936,1000,1,947.0912
9820.0000,982,2153.7963,0.0000,775,933,1000,1,947.1451
9830.0000,983,2154.3702,0.0000,789,937,1000,1,947.1988
9840.0000,984,2154.9588,0.0000,800,940,1000,1,947.2525
9850.0000,985,2155.5581,0.0000,810,941,1000,1,947.3060
9860.0000,986,2156.1625,0.0000,815,943,1000,1,947.3595
9870.0000,987,2156.7749,0.0000,821,940,1000,1,947.4128
9880.0000,988,2157.3868,0.0000,826,941,1000,1,947.4661
9890.0000,989,2158.0042,0.0000,835,941,1000,1,947.5192
9900.0000,990,2158.6345,0.0000,845,942,1000,1,947.5722
9910.0000,991,2159.2668,0.0000,850,937,1000,1,947.6251
9920.0000,992,2159.9075,0.0000,869,933,1000,1,947.6779
9930.0000,993,2160.5606,0.0000,876,937,1000,1,947.7306
9940.0000,994,2161.2219,0.0000,886,938,1000,1,947.7832
9950.0000,995,2161.8925,0.0000,896,934,1000,1,947.8356
9960.0000,996,2162.5673,0.0000,904,935,1000,1,947.8880
9970.0000,997,2163.2494,0.0000,914,934,1000,1,947.9403
9980.0000,998,2163.9376,0.0000,926,930,1000,1,947.9924
9990.0000,999,2164.6372,0.0000,936,928,1000,1,948.0445
10000.0000,1000,2165.3407,0.0000,942,932,1000,1,948.0965
10010.0000,1001,2166.0546,0.0000,952,932,1000,1,948.1483
10020.0000,1002,2166.7726,0.0000,961,931,1000,1,948.2001
10030.0000,1003,2167.4919,0.0000,966,919,1000,1,948.2517
10040.0000,1004,2168.2105,0.0000,979,918,1000,1,948.3032
10050.0000,1005,2168.9315,0.0000,984,907,1000,1,948.3547
10060.0000,1006,2169.6545,0.0000,994,910,1000,1,948.4060
10070.0000,1007,2170.3866,0.0000,1000,910,1000,1,948.4573
10080.0000,1008,2171.1216,0.0000,1000,912,1000,1,948.5084
10090.0000,1009,2171.8560,0.0000,1000,914,1000,1,948.5594
10100.0000,1010,2172.5910,0.0000,1000,912,1000,1,948.6104
10110.0000,1011,2173.3208,0.0000,1000,907,1000,1,948.6612
10120.0000,1012,2174.0406,0.0000,1000,900,1000,1,948.7119
10130.0000,1013,2174.7544,0.0000,1000,898,1000,1,948.7625
10140.0000,1014,2175.4699,0.0000,1000,897,1000,1,948.8131
10150.0000,1015,2176.1833,0.0000,1000,898,1000,1,948.8635
10160.0000,1016,2176.8923,0.0000,1000,895,1000,1,948.9138
10170.0000,1017,2177.5991,0.0000,1000,896,1000,1,948.9641
10180.0000,1018,2178.3044,0.0000,1000,896,1000,1,949.0142
10190.0000,1019,2179.0065,0.0000,1000,895,1000,1,949.0642
10200.0000,1020,2179.7108,0.0000,1000,901,1000,1,949.1142
10210.0000,1021,2180.4188,0.0000,1000,900,1000,1,949.1640
10220.0000,1022,2181.1207,0.0000,1000,899,1000,1,949.2138
10230.0000,1023,2181.8251,0.0000,1000,899,1000,1,949.2634
10240.0000,1024,2182.5224,0.0000,1000,894,1000,1,949.3129
10250.0000,1025,2183.2168,0.0000,1000,894,1000,1,949.3624
10260.0000,1026,2183.9093,0.0000,1000,896,1000,1,949.4118
10270.0000,1027,2184.6042,0.0000,1000,897,1000,1,949.4610
10280.0000,1028,2185.3003,0.0000,1000,901,1000,1,949.5102
10290.0000,1029,2185.9916,0.0000,1000,892,1000,1,949.5592
10300.0000,1030,2186.6789,0.0000,1000,897,1000,1,949.6082
10310.0000,1031,2187.3655,0.0000,1000,895,1000,1,949.6571
10320.0000,1032,2188.0503,0.0000,1000,891,1000,1,949.7059
10330.0000,1033,2188.7301,0.0000,1000,890,1000,1,949.7546
10340.0000,1034,2189.4098,0.0000,1000,894,1000,1,949.8032
10350.0000,1035,2190.0932,0.0000,1000,900,1000,1,949.8517
10360.0000,1036,2190.7744,0.0000,1000,893,1000,1,949.9001
10370.0000,1037,2191.4475,0.0000,1000,879,1000,1,949.9484
10380.0000,1038,2192.1101,0.0000,1000,877,1000,1,949.9966
10390.0000,1039,2192.7667,0.0000,1000,876,1000,1,950.0447
10400.0000,1040,2193.4196,0.0000,1000,872,1000,1,950.0927
10410.0000,1041,2194.0672,0.0000,1000,863,1000,1,950.1407
10420.0000,1042,2194.7108,0.0000,1000,868,1000,1,950.1885
10430.0000,1043,2195.3571,0.0000,1000,869,1000,1,950.2363
10440.0000,1044,2196.0051,0.0000,1000,874,1000,1,950.2840
10450.0000,1045,2196.6522,0.0000,1000,872,1000,1,950.3315
10460.0000,1046,2197.2977,0.0000,1000,870,1000,1,950.3790
10470.0000,1047,2197.9445,0.0000,1000,877,1000,1,950.4264
10480.0000,1048,2198.5919,0.0000,1000,873,1000,1,950.4737
10490.0000,1049,2199.2360,0.0000,1000,876,1000,1,950.5209
10500.0000,1050,2199.8806,0.0000,1000,877,1000,1,950.5681
10510.0000,1051,2200.5256,0.0000,1000,880,1000,1,950.6151
10520.0000,1052,2201.1715,0.0000,1000,878,1000,1,950.6620
10530.0000,1053,2201.8160,0.0000,1000,885,1000,1,950.7089
10540.0000,1054,2202.4621,0.0000,1000,882,1000,1,950.7557
10550.0000,1055,2203.1063,0.0000,1000,882,1000,1,950.8023
10560.0000,1056,2203.7487,0.0000,1000,879,1000,1,950.8489
10570.0000,1057,2204.3869,0.0000,1000,878,1000,1,950.8954
10580.0000,1058,2205.0241,0.0000,1000,878,1000,1,950.9418
10590.0000,1059,2205.6623,0.0000,1000,885,1000,1,950.9882
10600.0000,1060,2206.3005,0.0000,1000,882,1000,1,951.0344
10610.0000,1061,2206.9337,0.0000,1000,871,1000,1,951.0805
10620.0000,1062,2207.5625,0.0000,1000,875,1000,1,951.1266
10630.0000,1063,2208.1926,0.0000,1000,877,1000,1,951.1726
10640.0000,1064,2208.8182,0.0000,1000,873,1000,1,951.2185
10650.0000,1065,2209.4440,0.0000,1000,878,1000,1,951.2643
10660.0000,1066,2210.0679,0.0000,1000,871,1000,1,951.3100
10670.0000,1067,2210.6928,0.0000,1000,876,1000,1,951.3556
10680.0000,1068,2211.3193,0.0000,1000,883,1000,1,951.4012
10690.0000,1069,2211.9476,0.0000,1000,882,1000,1,951.4466
10700.0000,1070,2212.5752,0.0000,1000,882,1000,1,951.4920
10710.0000,1071,2213.1992,0.0000,1000,882,1000,1,951.5373
10720.0000,1072,2213.8271,0.0000,1000,888,1000,1,951.5825
10730.0000,1073,2214.4529,0.0000,1000,881,1000,1,951.6276
10740.0000,1074,2215.0751,0.0000,1000,884,1000,1,951.6727
10750.0000,1075,2215.6983,0.0000,1000,885,1000,1,951.7176
10760.0000,1076,2216.3198,0.0000,1000,886,1000,1,951.7625
10770.0000,1077,2216.9431,0.0000,1000,889,1000,1,951.8073
10780.0000,1078,2217.5674,0.0000,1000,891,1000,1,951.8520
10790.0000,1079,2218.1913,0.0000,1000,893,1000,1,951.8966
10800.0000,1080,2218.8157,0.0000,1000,892,1000,1,951.9412
10810.0000,1081,2219.4412,0.0000,1000,898,1000,1,951.9856
10820.0000,1082,2220.0642,0.0000,1000,893,1000,1,952.0300
10830.0000,1083,2220.6875,0.0000,1000,894,1000,1,952.0743
10840.0000,1084,2221.3053,0.0000,1000,886,1000,1,952.1185
10850.0000,1085,2221.9181,0.0000,1000,888,1000,1,952.1626
10860.0000,1086,2222.5316,0.0000,1000,886,1000,1,952.2067
10870.0000,1087,2223.1399,0.0000,1000,880,1000,1,952.2507
10880.0000,1088,2223.7420,0.0000,1000,879,1000,1,952.2945
10890.0000,1089,2224.3436,0.0000,1000,877,1000,1,952.3383
10900.0000,1090,2224.9401,0.0000,1000,875,1000,1,952.3821
10910.0000,1091,2225.5388,0.0000,1000,882,1000,1,952.4257
10920.0000,1092,2226.1375,0.0000,1000,879,1000,1,952.4693
10930.0000,1093,2226.7329,0.0000,1000,871,1000,1,952.5128
10940.0000,1094,2227.3171,0.0000,1000,862,1000,1,952.5562
10950.0000,1095,2227.8998,0.0000,1000,865,1000,1,952.5995
10960.0000,1096,2228.4775,0.0000,1000,855,1000,1,952.6428
10970.0000,1097,2229.0465,0.0000,1000,849,1000,1,952.6859
10980.0000,1098,2229.6122,0.0000,1000,848,1000,1,952.7290
10990.0000,1099,2230.1764,0.0000,1000,854,1000,1,952.7720
11000.0000,1100,2230.7440,0.0000,1000,857,1000,1,952.8150
11010.0000,1101,2231.3140,0.0000,1000,859,1000,1,952.8578
11020.0000,1102,2231.8819,0.0000,1000,860,1000,1,952.9006
11030.0000,1103,2232.4506,0.0000,1000,861,1000,1,952.9433
11040.0000,1104,2233.0213,0.0000,1000,863,1000,1,952.9859
11050.0000,1105,2233.5879,0.0000,1000,856,1000,1,953.0285
11060.0000,1106,2234.1492,0.0000,1000,853,1000,1,953.0709
11070.0000,1107,2234.7076,0.0000,1000,850,1000,1,953.1133
11080.0000,1108,2235.2616,0.0000,1000,850,1000,1,953.1556
11090.0000,1109,2235.8185,0.0000,1000,855,1000,1,953.1979
11100.0000,1110,2236.3773,0.0000,1000,852,1000,1,953.2401
11110.0000,1111,2236.9283,0.0000,1000,843,1000,1,953.2821
11120.0000,1112,2237.4736,0.0000,1000,842,1000,1,953.3242
11130.0000,1113,2238.0128,0.0000,1000,836,1000,1,953.3661
11140.0000,1114,2238.5514,0.0000,1000,842,1000,1,953.4080
11150.0000,1115,2239.0912,0.0000,1000,839,1000,1,953.4497
11160.0000,1116,2239.6271,0.0000,1000,836,1000,1,953.4915
11170.0000,1117,2240.1638,0.0000,1000,840,1000,1,953.5331
11180.0000,1118,2240.6985,0.0000,1000,841,1000,1,953.5746
11190.0000,1119,2241.2373,0.0000,1000,845,1000,1,953.6161
11200.0000,1120,2241.7764,0.0000,1000,843,1000,1,953.6576
11210.0000,1121,2242.3149,0.0000,1000,844,1000,1,953.6989
11220.0000,1122,2242.8489,0.0000,1000,842,1000,1,953.7402
11230.0000,1123,2243.3806,0.0000,1000,837,1000,1,953.7814
11240.0000,1124,2243.9077,0.0000,1000,834,1000,1,953.8225
11250.0000,1125,2244.4347,0.0000,1000,835,1000,1,953.8635
11260.0000,1126,2244.9602,0.0000,1000,835,1000,1,953.9045
11270.0000,1127,2245.4850,0.0000,1000,837,1000,1,953.9454
11280.0000,1128,2246.0093,0.0000,1000,833,1000,1,953.9862
11290.0000,1129,2246.5301,0.0000,1000,835,1000,1,954.0270
11300.0000,1130,2247.0490,0.0000,1000,827,1000,1,954.0677
11310.0000,1131,2247.5630,0.0000,1000,831,1000,1,954.1083
11320.0000,1132,2248.0793,0.0000,1000,831,1000,1,954.1488
11330.0000,1133,2248.5964,0.0000,1000,832,1000,1,954.1893
11340.0000,1134,2249.1113,0.0000,1000,832,1000,1,954.2297
11350.0000,1135,2249.6271,0.0000,1000,832,1000,1,954.2700
11360.0000,1136,2250.1410,0.0000,1000,835,1000,1,954.3103
11370.0000,1137,2250.6567,0.0000,1000,838,1000,1,954.3504
11380.0000,1138,2251.1750,0.0000,1000,841,1000,1,954.3906
11390.0000,1139,2251.6917,0.0000,1000,838,1000,1,954.4306
11400.0000,1140,2252.2069,0.0000,1000,838,1000,1,954.4706
11410.0000,1141,2252.7176,0.0000,1000,832,1000,1,954.5105
11420.0000,1142,2253.2241,0.0000,1000,831,1000,1,954.5503
11430.0000,1143,2253.7300,0.0000,1000,833,1000,1,954.5901
11440.0000,1144,2254.2342,0.0000,1000,829,1000,1,954.6298
11450.0000,1145,2254.7345,0.0000,1000,821,1000,1,954.6694
11460.0000,1146,2255.2305,0.0000,1000,824,1000,1,954.7090
11470.0000,1147,2255.7249,0.0000,1000,822,1000,1,954.7484
11480.0000,1148,2256.2167,0.0000,1000,821,1000,1,954.7879
11490.0000,1149,2256.7068,0.0000,1000,816,1000,1,954.8272
11500.0000,1150,2257.1944,0.0000,1000,818,1000,1,954.8665
11510.0000,1151,2257.6822,0.0000,1000,816,1000,1,954.9057
11520.0000,1152,2258.1662,0.0000,1000,819,1000,1,954.9448
11530.0000,1153,2258.6524,0.0000,1000,821,1000,1,954.9839
11540.0000,1154,2259.1400,0.0000,1000,821,1000,1,955.0229
11550.0000,1155,2259.6278,0.0000,1000,825,1000,1,955.0619
11560.0000,1156,2260.1159,0.0000,1000,824,1000,1,955.1007
11570.0000,1157,2260.6021,0.0000,1000,819,1000,1,955.1395
11580.0000,1158,2261.0837,0.0000,1000,818,1000,1,955.1783
11590.0000,1159,2261.5655,0.0000,1000,821,1000,1,955.2170
11600.0000,1160,2262.0482,0.0000,1000,821,1000,1,955.2556
11610.0000,1161,2262.5278,0.0000,1000,816,1000,1,955.2941
11620.0000,1162,2263.0044,0.0000,1000,818,1000,1,955.3326
11630.0000,1163,2263.4849,0.0000,1000,825,1000,1,955.3710
11640.0000,1164,2263.9683,0.0000,1000,827,1000,1,955.4093
11650.0000,1165,2264.4528,0.0000,1000,829,1000,1,955.4476
11660.0000,1166,2264.9388,0.0000,1000,828,1000,1,955.4858
11670.0000,1167,2265.4248,0.0000,1000,836,1000,1,955.5240
11680.0000,1168,2265.9119,0.0000,1000,831,1000,1,955.5620
11690.0000,1169,2266.3926,0.0000,1000,827,1000,1,955.6000
11700.0000,1170,2266.8739,0.0000,1000,831,1000,1,955.6380
11710.0000,1171,2267.3566,0.0000,1000,835,1000,1,955.6759
11720.0000,1172,2267.8376,0.0000,1000,828,1000,1,955.7137
11730.0000,1173,2268.3165,0.0000,1000,829,1000,1,955.7515
11740.0000,1174,2268.7948,0.0000,1000,831,1000,1,955.7891
11750.0000,1175,2269.2771,0.0000,1000,841,1000,1,955.8268
11760.0000,1176,2269.7642,0.0000,1000,842,1000,1,955.8643
11770.0000,1177,2270.2497,0.0000,1000,841,1000,1,955.9018
11780.0000,1178,2270.7315,0.0000,1000,833,1000,1,955.9393
11790.0000,1179,2271.2081,0.0000,1000,832,1000,1,955.9766
11800.0000,1180,2271.6820,0.0000,1000,829,1000,1,956.0139
11810.0000,1181,2272.1545,0.0000,1000,830,1000,1,956.0512
11820.0000,1182,2272.6251,0.0000,1000,829,1000,1,956.0884
11830.0000,1183,2273.0986,0.0000,1000,835,1000,1,956.1255
11840.0000,1184,2273.5731,0.0000,1000,840,1000,1,956.1625
11850.0000,1185,2274.0541,0.0000,1000,845,1000,1,956.1995
11860.0000,1186,2274.5372,0.0000,1000,848,1000,1,956.2365
11870.0000,1187,2275.0201,0.0000,1000,847,1000,1,956.2733
11880.0000,1188,2275.5009,0.0000,1000,845,1000,1,956.3102
11890.0000,1189,2275.9821,0.0000,1000,846,1000,1,956.3469
11900.0000,1190,2276.4583,0.0000,1000,840,1000,1,956.3836
11910.0000,1191,2276.9336,0.0000,1000,841,1000,1,956.4202
11920.0000,1192,2277.4063,0.0000,1000,841,1000,1,956.4568
11930.0000,1193,2277.8779,0.0000,1000,843,1000,1,956.4933
11940.0000,1194,2278.3502,0.0000,1000,844,1000,1,956.5297
11950.0000,1195,2278.8247,0.0000,1000,846,1000,1,956.5661
11960.0000,1196,2279.2978,0.0000,1000,847,1000,1,956.6024
11970.0000,1197,2279.7735,0.0000,1000,852,1000,1,956.6386
11980.0000,1198,2280.2470,0.0000,1000,847,1000,1,956.6748
11990.0000,1199,2280.7204,0.0000,1000,849,1000,1,956.7110
12000.0000,1200,2281.1961,0.0000,1000,854,1000,1,956.7470
12010.0000,1201,2281.6741,0.0000,1000,855,1000,1,956.7831
12020.0000,1202,2282.1509,0.0000,1000,850,1000,1,956.8190
12030.0000,1203,2282.6212,0.0000,1000,842,1000,1,956.8549
12040.0000,1204,2283.0853,0.0000,1000,844,1000,1,956.8907
12050.0000,1205,2283.5467,0.0000,1000,837,1000,1,956.9265
12060.0000,1206,2284.0043,0.0000,1000,835,1000,1,956.9622
12070.0000,1207,2284.4603,0.0000,1000,836,1000,1,956.9979
12080.0000,1208,2284.9208,0.0000,1000,841,1000,1,957.0335
12090.0000,1209,2285.3793,0.0000,1000,840,1000,1,957.0690
12100.0000,1210,2285.8395,0.0000,1000,846,1000,1,957.1045
12110.0000,1211,2286.3026,0.0000,1000,845,1000,1,957.1399
12120.0000,1212,2286.7611,0.0000,1000,842,1000,1,957.1753
12130.0000,1213,2287.2199,0.0000,1000,847,1000,1,957.2106
12140.0000,1214,2287.6827,0.0000,1000,849,1000,1,957.2458
12150.0000,1215,2288.1463,0.0000,1000,851,1000,1,957.2810
12160.0000,1216,2288.6057,0.0000,1000,845,1000,1,957.3162
12170.0000,1217,2289.0601,0.0000,1000,841,1000,1,957.3512
12180.0000,1218,2289.5132,0.0000,1000,844,1000,1,957.3863
12190.0000,1219,2289.9708,0.0000,1000,851,1000,1,957.4212
12200.0000,1220,2290.4299,0.0000,1000,848,1000,1,957.4561
12210.0000,1221,2290.8869,0.0000,1000,851,1000,1,957.4910
12220.0000,1222,2291.3464,0.0000,1000,847,1000,1,957.5257
12230.0000,1223,2291.8015,0.0000,1000,848,1000,1,957.5605
12240.0000,1224,2292.2516,0.0000,1000,839,1000,1,957.5951
12250.0000,1225,2292.6959,0.0000,1000,836,1000,1,957.6298
12260.0000,1226,2293.1382,0.0000,1000,831,1000,1,957.6643
12270.0000,1227,2293.5784,0.0000,1000,836,1000,1,957.6988
12280.0000,1228,2294.0169,0.0000,1000,830,1000,1,957.7333
12290.0000,1229,2294.4490,0.0000,1000,821,1000,1,957.7677
12300.0000,1230,2294.8762,0.0000,1000,820,1000,1,957.8020
12310.0000,1231,2295.3060,0.0000,1000,827,1000,1,957.8363
12320.0000,1232,2295.7392,0.0000,1000,829,1000,1,957.8705
12330.0000,1233,2296.1724,0.0000,1000,832,1000,1,957.9047
12340.0000,1234,2296.6088,0.0000,1000,836,1000,1,957.9388
12350.0000,1235,2297.0455,0.0000,1000,837,1000,1,957.9728
12360.0000,1236,2297.4817,0.0000,1000,835,1000,1,958.0068
12370.0000,1237,2297.9213,0.0000,1000,844,1000,1,958.0408
12380.0000,1238,2298.3615,0.0000,1000,839,1000,1,958.0747
12390.0000,1239,2298.7966,0.0000,1000,836,1000,1,958.1085
12400.0000,1240,2299.2279,0.0000,1000,834,1000,1,958.1423
12410.0000,1241,2299.6575,0.0000,1000,832,1000,1,958.1760
12420.0000,1242,2300.0872,0.0000,1000,831,1000,1,958.2097
12430.0000,1243,2300.5136,0.0000,1000,835,1000,1,958.2433
12440.0000,1244,2300.9448,0.0000,1000,838,1000,1,958.2769
12450.0000,1245,2301.3754,0.0000,1000,840,1000,1,958.3104
12460.0000,1246,2301.8065,0.0000,1000,838,1000,1,958.3439
12470.0000,1247,2302.2357,0.0000,1000,836,1000,1,958.3773
12480.0000,1248,2302.6612,0.0000,1000,831,1000,1,958.4106
12490.0000,1249,2303.0838,0.0000,1000,827,1000,1,958.4439
12500.0000,1250,2303.5027,0.0000,1000,826,1000,1,958.4772
12510.0000,1251,2303.9187,0.0000,1000,827,1000,1,958.5104
12520.0000,1252,2304.3328,0.0000,1000,820,1000,1,958.5435
12530.0000,1253,2304.7423,0.0000,1000,814,1000,1,958.5766
12540.0000,1254,2305.1460,0.0000,1000,812,1000,1,958.6096
12550.0000,1255,2305.5485,0.0000,1000,811,1000,1,958.6426
12560.0000,1256,2305.9460,0.0000,1000,803,1000,1,958.6755
12570.0000,1257,2306.3426,0.0000,1000,803,1000,1,958.7084
12580.0000,1258,2306.7382,0.0000,1000,805,1000,1,958.7412
12590.0000,1259,2307.1385,0.0000,1000,811,1000,1,958.7740
12600.0000,1260,2307.5371,0.0000,1000,807,1000,1,958.8067
12610.0000,1261,2307.9303,0.0000,1000,801,1000,1,958.8394
12620.0000,1262,2308.3177,0.0000,1000,796,1000,1,958.8720
12630.0000,1263,2308.7043,0.0000,1000,794,1000,1,958.9046
12640.0000,1264,2309.0860,0.0000,1000,789,1000,1,958.9371
12650.0000,1265,2309.4647,0.0000,1000,788,1000,1,958.9695
12660.0000,1266,2309.8443,0.0000,1000,790,1000,1,959.0019
12670.0000,1267,2310.2207,0.0000,1000,784,1000,1,959.0343
12680.0000,1268,2310.5932,0.0000,1000,778,1000,1,959.0666
12690.0000,1269,2310.9603,0.0000,1000,779,1000,1,959.0989
12700.0000,1270,2311.3279,0.0000,1000,774,1000,1,959.1311
12710.0000,1271,2311.6946,0.0000,1000,776,1000,1,959.1632
12720.0000,1272,2312.0599,0.0000,1000,775,1000,1,959.1953
12730.0000,1273,2312.4242,0.0000,1000,774,1000,1,959.2274
12740.0000,1274,2312.7892,0.0000,1000,778,1000,1,959.2594
12750.0000,1275,2313.1547,0.0000,1000,779,1000,1,959.2913
12760.0000,1276,2313.5174,0.0000,1000,772,1000,1,959.3232
12770.0000,1277,2313.8792,0.0000,1000,770,1000,1,959.3551
12780.0000,1278,2314.2345,0.0000,1000,769,1000,1,959.3869
12790.0000,1279,2314.5901,0.0000,1000,772,1000,1,959.4187
12800.0000,1280,2314.9444,0.0000,1000,769,1000,1,959.4504
12810.0000,1281,2315.2977,0.0000,1000,765,1000,1,959.4820
12820.0000,1282,2315.6501,0.0000,1000,770,1000,1,959.5136
12830.0000,1283,2316.0071,0.0000,1000,774,1000,1,959.5452
12840.0000,1284,2316.3646,0.0000,1000,770,1000,1,959.5767
12850.0000,1285,2316.7181,0.0000,1000,764,1000,1,959.6081
12860.0000,1286,2317.0655,0.0000,1000,763,1000,1,959.6395
12870.0000,1287,2317.4121,0.0000,1000,758,1000,1,959.6709
12880.0000,1288,2317.7526,0.0000,1000,754,1000,1,959.7022
12890.0000,1289,2318.0906,0.0000,1000,751,1000,1,959.7335
12900.0000,1290,2318.4259,0.0000,1000,750,1000,1,959.7647
12910.0000,1291,2318.7587,0.0000,1000,745,1000,1,959.7959
12920.0000,1292,2319.0873,0.0000,1000,742,1000,1,959.8270
12930.0000,1293,2319.4112,0.0000,1000,737,1000,1,959.8580
12940.0000,1294,2319.7344,0.0000,1000,736,1000,1,959.8891
12950.0000,1295,2320.0548,0.0000,1000,733,1000,1,959.9200
12960.0000,1296,2320.3762,0.0000,1000,737,1000,1,959.9510
12970.0000,1297,2320.6939,0.0000,1000,734,1000,1,959.9818
12980.0000,1298,2321.0136,0.0000,1000,734,1000,1,960.0127
12990.0000,1299,2321.3294,0.0000,1000,729,1000,1,960.0435
13000.0000,1300,2321.6450,0.0000,1000,731,1000,1,960.0742
13010.0000,1301,2321.9591,0.0000,1000,730,1000,1,960.1049
13020.0000,1302,2322.2707,0.0000,1000,729,1000,1,960.1355
13030.0000,1303,2322.5862,0.0000,1000,735,1000,1,960.1661
13040.0000,1304,2322.9044,0.0000,1000,736,1000,1,960.1967
13050.0000,1305,2323.2199,0.0000,1000,733,1000,1,960.2272
13060.0000,1306,2323.5337,0.0000,1000,730,1000,1,960.2576
13070.0000,1307,2323.8455,0.0000,1000,728,1000,1,960.2880
13080.0000,1308,2324.1522,0.0000,1000,726,1000,1,960.3184
13090.0000,1309,2324.4564,0.0000,1000,721,1000,1,960.3487
13100.0000,1310,2324.7564,0.0000,1000,714,1000,1,960.3790
13110.0000,1311,2325.0530,0.0000,1000,711,1000,1,960.4092
13120.0000,1312,2325.3451,0.0000,1000,706,1000,1,960.4394
13130.0000,1313,2325.6367,0.0000,1000,711,1000,1,960.4695
13140.0000,1314,2325.9298,0.0000,1000,711,1000,1,960.4996
13150.0000,1315,2326.2220,0.0000,1000,710,1000,1,960.5296
13160.0000,1316,2326.5160,0.0000,1000,712,1000,1,960.5596
13170.0000,1317,2326.8095,0.0000,1000,716,1000,1,960.5896
13180.0000,1318,2327.1062,0.0000,1000,717,1000,1,960.6195
13190.0000,1319,2327.4061,0.0000,1000,726,1000,1,960.6493
13200.0000,1320,2327.7103,0.0000,1000,731,1000,1,960.6791
13210.0000,1321,2328.0182,0.0000,1000,734,1000,1,960.7089
13220.0000,1322,2328.3288,0.0000,1000,741,1000,1,960.7386
13230.0000,1323,2328.6392,0.0000,1000,736,1000,1,960.7683
13240.0000,1324,2328.9477,0.0000,1000,738,1000,1,960.7979
13250.0000,1325,2329.2579,0.0000,1000,742,1000,1,960.8275
13260.0000,1326,2329.5696,0.0000,1000,742,1000,1,960.8571
13270.0000,1327,2329.8802,0.0000,1000,741,1000,1,960.8866
13280.0000,1328,2330.1934,0.0000,1000,748,1000,1,960.9160
13290.0000,1329,2330.5136,0.0000,1000,760,1000,1,960.9454
13300.0000,1330,2330.8368,0.0000,1000,761,1000,1,960.9748
13310.0000,1331,2331.1603,0.0000,1000,760,1000,1,961.0041
13320.0000,1332,2331.4807,0.0000,1000,755,1000,1,961.0334
13330.0000,1333,2331.7949,0.0000,1000,746,1000,1,961.0626
13340.0000,1334,2332.1054,0.0000,1000,747,1000,1,961.0918
13350.0000,1335,2332.4140,0.0000,1000,745,1000,1,961.1209
13360.0000,1336,2332.7215,0.0000,1000,739,1000,1,961.1500
13370.0000,1337,2333.0266,0.0000,1000,741,1000,1,961.1791
13380.0000,1338,2333.3324,0.0000,1000,739,1000,1,961.2081
13390.0000,1339,2333.6354,0.0000,1000,739,1000,1,961.2371
13400.0000,1340,2333.9409,0.0000,1000,746,1000,1,961.2660
13410.0000,1341,2334.2486,0.0000,1000,747,1000,1,961.2949
13420.0000,1342,2334.5586,0.0000,1000,752,1000,1,961.3237
13430.0000,1343,2334.8668,0.0000,1000,747,1000,1,961.3525
13440.0000,1344,2335.1712,0.0000,1000,741,1000,1,961.3813
13450.0000,1345,2335.4709,0.0000,1000,732,1000,1,961.4100
13460.0000,1346,2335.7711,0.0000,1000,746,1000,1,961.4387
13470.0000,1347,2336.0772,0.0000,1000,747,1000,1,961.4673
13480.0000,1348,2336.3828,0.0000,1000,747,1000,1,961.4959
13490.0000,1349,2336.6860,0.0000,1000,742,1000,1,961.5244
13500.0000,1350,2336.9872,0.0000,1000,747,1000,1,961.5529
13510.0000,1351,2337.2881,0.0000,1000,740,1000,1,961.5814
13520.0000,1352,2337.5855,0.0000,1000,739,1000,1,961.6098
13530.0000,1353,2337.8823,0.0000,1000,740,1000,1,961.6382
13540.0000,1354,2338.1823,0.0000,1000,746,1000,1,961.6665
13550.0000,1355,2338.4842,0.0000,1000,749,1000,1,961.6948
13560.0000,1356,2338.7827,0.0000,1000,740,1000,1,961.7231
13570.0000,1357,2339.0779,0.0000,1000,741,1000,1,961.7513
13580.0000,1358,2339.3739,0.0000,1000,742,1000,1,961.7794
13590.0000,1359,2339.6680,0.0000,1000,738,1000,1,961.8075
13600.0000,1360,2339.9612,0.0000,1000,738,1000,1,961.8356
13610.0000,1361,2340.2522,0.0000,1000,734,1000,1,961.8637
13620.0000,1362,2340.5388,0.0000,1000,727,1000,1,961.8917
13630.0000,1363,2340.8209,0.0000,1000,723,1000,1,961.9196
13640.0000,1364,2341.1000,0.0000,1000,720,1000,1,961.9476
13650.0000,1365,2341.3759,0.0000,1000,720,1000,1,961.9754
13660.0000,1366,2341.6508,0.0000,1000,717,1000,1,962.0033
13670.0000,1367,2341.9269,0.0000,1000,718,1000,1,962.0311
13680.0000,1368,2342.2043,0.0000,1000,721,1000,1,962.0588
13690.0000,1369,2342.4845,0.0000,1000,729,1000,1,962.0865
13700.0000,1370,2342.7667,0.0000,1000,730,1000,1,962.1142
13710.0000,1371,2343.0473,0.0000,1000,725,1000,1,962.1418
13720.0000,1372,2343.3279,0.0000,1000,730,1000,1,962.1694
13730.0000,1373,2343.6076,0.0000,1000,725,1000,1,962.1970
13740.0000,1374,2343.8862,0.0000,1000,723,1000,1,962.2245
13750.0000,1375,2344.1620,0.0000,1000,725,1000,1,962.2520
13760.0000,1376,2344.4372,0.0000,1000,723,1000,1,962.2794
13770.0000,1377,2344.7086,0.0000,1000,720,1000,1,962.3068
13780.0000,1378,2344.9819,0.0000,1000,724,1000,1,962.3341
13790.0000,1379,2345.2605,0.0000,1000,728,1000,1,962.3615
13800.0000,1380,2345.5353,0.0000,1000,723,1000,1,962.3887
13810.0000,1381,2345.8074,0.0000,1000,718,1000,1,962.4160
13820.0000,1382,2346.0767,0.0000,1000,715,1000,1,962.4432
13830.0000,1383,2346.3452,0.0000,1000,716,1000,1,962.4703
13840.0000,1384,2346.6124,0.0000,1000,718,1000,1,962.4974
13850.0000,1385,2346.8820,0.0000,1000,719,1000,1,962.5245
13860.0000,1386,2347.1506,0.0000,1000,713,1000,1,962.5516
13870.0000,1387,2347.4151,0.0000,1000,712,1000,1,962.5786
13880.0000,1388,2347.6742,0.0000,1000,702,1000,1,962.6055
13890.0000,1389,2347.9297,0.0000,1000,703,1000,1,962.6324
13900.0000,1390,2348.1841,0.0000,1000,706,1000,1,962.6593
13910.0000,1391,2348.4404,0.0000,1000,706,1000,1,962.6862
13920.0000,1392,2348.6968,0.0000,1000,705,1000,1,962.7130
13930.0000,1393,2348.9514,0.0000,1000,703,1000,1,962.7397
13940.0000,1394,2349.2072,0.0000,1000,706,1000,1,962.7665
13950.0000,1395,2349.4624,0.0000,1000,704,1000,1,962.7932
13960.0000,1396,2349.7168,0.0000,1000,705,1000,1,962.8198
13970.0000,1397,2349.9716,0.0000,1000,705,1000,1,962.8464
13980.0000,1398,2350.2240,0.0000,1000,706,1000,1,962.8730
13990.0000,1399,2350.4782,0.0000,1000,708,1000,1,962.8995
14000.0000,1400,2350.7322,0.0000,1000,704,1000,1,962.9260
14010.0000,1401,2350.9858,0.0000,1000,707,1000,1,962.9525
14020.0000,1402,2351.2410,0.0000,1000,711,1000,1,962.9789
14030.0000,1403,2351.4980,0.0000,1000,714,1000,1,963.0053
14040.0000,1404,2351.7514,0.0000,1000,706,1000,1,963.0317
14050.0000,1405,2352.0010,0.0000,1000,701,1000,1,963.0580
14060.0000,1406,2352.2453,0.0000,1000,693,1000,1,963.0843
14070.0000,1407,2352.4862,0.0000,1000,690,1000,1,963.1105
14080.0000,1408,2352.7270,0.0000,1000,693,1000,1,963.1367
14090.0000,1409,2352.9676,0.0000,1000,693,1000,1,963.1629
14100.0000,1410,2353.2081,0.0000,1000,692,1000,1,963.1890
14110.0000,1411,2353.4484,0.0000,1000,691,1000,1,963.2151
14120.0000,1412,2353.6897,0.0000,1000,694,1000,1,963.2411
14130.0000,1413,2353.9292,0.0000,1000,693,1000,1,963.2671
14140.0000,1414,2354.1724,0.0000,1000,700,1000,1,963.2931
14150.0000,1415,2354.4157,0.0000,1000,698,1000,1,963.3191
14160.0000,1416,2354.6594,0.0000,1000,699,1000,1,963.3450
14170.0000,1417,2354.9025,0.0000,1000,700,1000,1,963.3708
14180.0000,1418,2355.1452,0.0000,1000,698,1000,1,963.3967
14190.0000,1419,2355.3883,0.0000,1000,699,1000,1,963.4225
14200.0000,1420,2355.6298,0.0000,1000,700,1000,1,963.4482
14210.0000,1421,2355.8728,0.0000,1000,700,1000,1,963.4739
14220.0000,1422,2356.1149,0.0000,1000,700,1000,1,963.4996
14230.0000,1423,2356.3592,0.0000,1000,702,1000,1,963.5253
14240.0000,1424,2356.6035,0.0000,1000,705,1000,1,963.5509
14250.0000,1425,2356.8461,0.0000,1000,702,1000,1,963.5765
14260.0000,1426,2357.0891,0.0000,1000,704,1000,1,963.6020
14270.0000,1427,2357.3333,0.0000,1000,707,1000,1,963.6275
14280.0000,1428,2357.5801,0.0000,1000,714,1000,1,963.6530
14290.0000,1429,2357.8285,0.0000,1000,714,1000,1,963.6784
14300.0000,1430,2358.0789,0.0000,1000,714,1000,1,963.7038
14310.0000,1431,2358.3267,0.0000,1000,715,1000,1,963.7292
14320.0000,1432,2358.5735,0.0000,1000,709,1000,1,963.7545
14330.0000,1433,2358.8188,0.0000,1000,711,1000,1,963.7798
14340.0000,1434,2359.0681,0.0000,1000,720,1000,1,963.8051
14350.0000,1435,2359.3204,0.0000,1000,719,1000,1,963.8303
14360.0000,1436,2359.5716,0.0000,1000,721,1000,1,963.8555
14370.0000,1437,2359.8255,0.0000,1000,725,1000,1,963.8806
14380.0000,1438,2360.0809,0.0000,1000,730,1000,1,963.9057
14390.0000,1439,2360.3366,0.0000,1000,726,1000,1,963.9308
14400.0000,1440,2360.5886,0.0000,1000,723,1000,1,963.9559
14410.0000,1441,2360.8402,0.0000,1000,722,1000,1,963.9809
14420.0000,1442,2361.0883,0.0000,1000,716,1000,1,964.0059
14430.0000,1443,2361.3335,0.0000,1000,717,1000,1,964.0308
14440.0000,1444,2361.5786,0.0000,1000,716,1000,1,964.0557
14450.0000,1445,2361.8248,0.0000,1000,715,1000,1,964.0806
14460.0000,1446,2362.0691,0.0000,1000,716,1000,1,964.1054
14470.0000,1447,2362.3181,0.0000,1000,727,1000,1,964.1302
14480.0000,1448,2362.5712,0.0000,1000,730,1000,1,964.1550
14490.0000,1449,2362.8244,0.0000,1000,731,1000,1,964.1798
14500.0000,1450,2363.0777,0.0000,1000,730,1000,1,964.2045
14510.0000,1451,2363.3325,0.0000,1000,731,1000,1,964.2291
14520.0000,1452,2363.5870,0.0000,1000,734,1000,1,964.2538
14530.0000,1453,2363.8405,0.0000,1000,729,1000,1,964.2784
14540.0000,1454,2364.0869,0.0000,1000,718,1000,1,964.3029
14550.0000,1455,2364.3294,0.0000,1000,716,1000,1,964.3275
14560.0000,1456,2364.5723,0.0000,1000,719,1000,1,964.3520
14570.0000,1457,2364.8124,0.0000,1000,712,1000,1,964.3764
14580.0000,1458,2365.0487,0.0000,1000,710,1000,1,964.4009
14590.0000,1459,2365.2871,0.0000,1000,713,1000,1,964.4253
14600.0000,1460,2365.5266,0.0000,1000,714,1000,1,964.4496
14610.0000,1461,2365.7672,0.0000,1000,718,1000,1,964.4740
14620.0000,1462,2366.0081,0.0000,1000,717,1000,1,964.4983
14630.0000,1463,2366.2483,0.0000,1000,717,1000,1,964.5225
14640.0000,1464,2366.4876,0.0000,1000,719,1000,1,964.5468
14650.0000,1465,2366.7284,0.0000,1000,724,1000,1,964.5710
14660.0000,1466,2366.9715,0.0000,1000,722,1000,1,964.5951
14670.0000,1467,2367.2112,0.0000,1000,718,1000,1,964.6193
14680.0000,1468,2367.4513,0.0000,1000,721,1000,1,964.6434
14690.0000,1469,2367.6934,0.0000,1000,726,1000,1,964.6674
14700.0000,1470,2367.9368,0.0000,1000,725,1000,1,964.6915
14710.0000,1471,2368.1809,0.0000,1000,727,1000,1,964.7155
14720.0000,1472,2368.4275,0.0000,1000,735,1000,1,964.7394
14730.0000,1473,2368.6792,0.0000,1000,738,1000,1,964.7634
14740.0000,1474,2368.9314,0.0000,1000,740,1000,1,964.7873
14750.0000,1475,2369.1850,0.0000,1000,744,1000,1,964.8112
14760.0000,1476,2369.4377,0.0000,1000,737,1000,1,964.8350
14770.0000,1477,2369.6895,0.0000,1000,743,1000,1,964.8588
14780.0000,1478,2369.9403,0.0000,1000,737,1000,1,964.8826
14790.0000,1479,2370.1921,0.0000,1000,746,1000,1,964.9063
14800.0000,1480,2370.4458,0.0000,1000,745,1000,1,964.9300
14810.0000,1481,2370.6968,0.0000,1000,741,1000,1,964.9537
14820.0000,1482,2370.9433,0.0000,1000,735,1000,1,964.9774
14830.0000,1483,2371.1877,0.0000,1000,734,1000,1,965.0010
14840.0000,1484,2371.4318,0.0000,1000,734,1000,1,965.0246
14850.0000,1485,2371.6737,0.0000,1000,728,1000,1,965.0481
14860.0000,1486,2371.9133,0.0000,1000,730,1000,1,965.0716
14870.0000,1487,2372.1487,0.0000,1000,720,1000,1,965.0951
14880.0000,1488,2372.3825,0.0000,1000,717,1000,1,965.1186
14890.0000,1489,2372.6156,0.0000,1000,719,1000,1,965.1420
14900.0000,1490,2372.8474,0.0000,1000,716,1000,1,965.1654
14910.0000,1491,2373.0791,0.0000,1000,720,1000,1,965.1888
14920.0000,1492,2373.3106,0.0000,1000,717,1000,1,965.2121
14930.0000,1493,2373.5387,0.0000,1000,714,1000,1,965.2354
14940.0000,1494,2373.7665,0.0000,1000,712,1000,1,965.2587
14950.0000,1495,2373.9918,0.0000,1000,708,1000,1,965.2819
14960.0000,1496,2374.2116,0.0000,1000,699,1000,1,965.3051
14970.0000,1497,2374.4274,0.0000,1000,695,1000,1,965.3283
14980.0000,1498,2374.6420,0.0000,1000,693,1000,1,965.3514
14990.0000,1499,2374.8537,0.0000,1000,691,1000,1,965.3746
15000.0000,1500,2375.0648,0.0000,1000,696,1000,1,965.3976
15010.0000,1501,2375.2795,0.0000,1000,695,1000,1,965.4207
15020.0000,1502,2375.4921,0.0000,1000,694,1000,1,965.4437
15030.0000,1503,2375.7066,0.0000,1000,697,1000,1,965.4667
15040.0000,1504,2375.9208,0.0000,1000,700,1000,1,965.4897
15050.0000,1505,2376.1351,0.0000,1000,696,1000,1,965.5126
15060.0000,1506,2376.3468,0.0000,1000,693,1000,1,965.5355
15070.0000,1507,2376.5535,0.0000,1000,684,1000,1,965.5584
15080.0000,1508,2376.7578,0.0000,1000,683,1000,1,965.5812
15090.0000,1509,2376.9613,0.0000,1000,686,1000,1,965.6040
15100.0000,1510,2377.1678,0.0000,1000,691,1000,1,965.6268
15110.0000,1511,2377.3752,0.0000,1000,692,1000,1,965.6495
15120.0000,1512,2377.5780,0.0000,1000,681,1000,1,965.6723
15130.0000,1513,2377.7777,0.0000,1000,682,1000,1,965.6949
15140.0000,1514,2377.9762,0.0000,1000,674,1000,1,965.7176
15150.0000,1515,2378.1728,0.0000,1000,676,1000,1,965.7402
15160.0000,1516,2378.3694,0.0000,1000,676,1000,1,965.7628
15170.0000,1517,2378.5641,0.0000,1000,677,1000,1,965.7854
15180.0000,1518,2378.7601,0.0000,1000,673,1000,1,965.8079
15190.0000,1519,2378.9540,0.0000,1000,675,1000,1,965.8305
15200.0000,1520,2379.1506,0.0000,1000,678,1000,1,965.8529
15210.0000,1521,2379.3468,0.0000,1000,678,1000,1,965.8754
15220.0000,1522,2379.5402,0.0000,1000,673,1000,1,965.8978
15230.0000,1523,2379.7339,0.0000,1000,673,1000,1,965.9202
15240.0000,1524,2379.9269,0.0000,1000,674,1000,1,965.9426
15250.0000,1525,2380.1207,0.0000,1000,677,1000,1,965.9649
15260.0000,1526,2380.3128,0.0000,1000,673,1000,1,965.9872
15270.0000,1527,2380.5033,0.0000,1000,667,1000,1,966.0095
15280.0000,1528,2380.6951,0.0000,1000,675,1000,1,966.0317
15290.0000,1529,2380.8877,0.0000,1000,680,1000,1,966.0539
15300.0000,1530,2381.0847,0.0000,1000,684,1000,1,966.0761
15310.0000,1531,2381.2830,0.0000,1000,680,1000,1,966.0983
15320.0000,1532,2381.4782,0.0000,1000,681,1000,1,966.1204
15330.0000,1533,2381.6710,0.0000,1000,678,1000,1,966.1425
15340.0000,1534,2381.8618,0.0000,1000,676,1000,1,966.1646
15350.0000,1535,2382.0537,0.0000,1000,676,1000,1,966.1866
15360.0000,1536,2382.2439,0.0000,1000,670,1000,1,966.2086
15370.0000,1537,2382.4325,0.0000,1000,673,1000,1,966.2306
15380.0000,1538,2382.6242,0.0000,1000,677,1000,1,966.2526
15390.0000,1539,2382.8138,0.0000,1000,676,1000,1,966.2745
15400.0000,1540,2383.0053,0.0000,1000,676,1000,1,966.2964
15410.0000,1541,2383.1945,0.0000,1000,675,1000,1,966.3183
15420.0000,1542,2383.3864,0.0000,1000,680,1000,1,966.3401
15430.0000,1543,2383.5776,0.0000,1000,676,1000,1,966.3619
15440.0000,1544,2383.7675,0.0000,1000,677,1000,1,966.3837
15450.0000,1545,2383.9571,0.0000,1000,672,1000,1,966.4055
15460.0000,1546,2384.1409,0.0000,1000,666,1000,1,966.4272
15470.0000,1547,2384.3229,0.0000,1000,667,1000,1,966.4489
15480.0000,1548,2384.5037,0.0000,1000,660,1000,1,966.4706
15490.0000,1549,2384.6811,0.0000,1000,660,1000,1,966.4922
15500.0000,1550,2384.8577,0.0000,1000,658,1000,1,966.5138
15510.0000,1551,2385.0362,0.0000,1000,661,1000,1,966.5354
15520.0000,1552,2385.2122,0.0000,1000,654,1000,1,966.5570
15530.0000,1553,2385.3852,0.0000,1000,654,1000,1,966.5785
15540.0000,1554,2385.5595,0.0000,1000,659,1000,1,966.6000
15550.0000,1555,2385.7385,0.0000,1000,664,1000,1,966.6215
15560.0000,1556,2385.9171,0.0000,1000,661,1000,1,966.6430
15570.0000,1557,2386.0952,0.0000,1000,668,1000,1,966.6644
15580.0000,1558,2386.2789,0.0000,1000,672,1000,1,966.6858
15590.0000,1559,2386.4643,0.0000,1000,677,1000,1,966.7072
15600.0000,1560,2386.6532,0.0000,1000,681,1000,1,966.7285
15610.0000,1561,2386.8431,0.0000,1000,685,1000,1,966.7498
15620.0000,1562,2387.0313,0.0000,1000,678,1000,1,966.7711
15630.0000,1563,2387.2179,0.0000,1000,680,1000,1,966.7924
15640.0000,1564,2387.4083,0.0000,1000,690,1000,1,966.8136
15650.0000,1565,2387.6021,0.0000,1000,691,1000,1,966.8348
15660.0000,1566,2387.7956,0.0000,1000,688,1000,1,966.8560
15670.0000,1567,2387.9891,0.0000,1000,691,1000,1,966.8771
15680.0000,1568,2388.1819,0.0000,1000,693,1000,1,966.8983
15690.0000,1569,2388.3744,0.0000,1000,688,1000,1,966.9193
15700.0000,1570,2388.5665,0.0000,1000,693,1000,1,966.9404
15710.0000,1571,2388.7597,0.0000,1000,698,1000,1,966.9615
15720.0000,1572,2388.9563,0.0000,1000,698,1000,1,966.9825
15730.0000,1573,2389.1533,0.0000,1000,699,1000,1,967.0035
15740.0000,1574,2389.3482,0.0000,1000,695,1000,1,967.0244
15750.0000,1575,2389.5440,0.0000,1000,696,1000,1,967.0454
15760.0000,1576,2389.7405,0.0000,1000,698,1000,1,967.0663
15770.0000,1577,2389.9372,0.0000,1000,701,1000,1,967.0872
15780.0000,1578,2390.1332,0.0000,1000,697,1000,1,967.1080
15790.0000,1579,2390.3264,0.0000,1000,693,1000,1,967.1289
15800.0000,1580,2390.5184,0.0000,1000,691,1000,1,967.1497
15810.0000,1581,2390.7086,0.0000,1000,685,1000,1,967.1704
15820.0000,1582,2390.8946,0.0000,1000,681,1000,1,967.1912
15830.0000,1583,2391.0778,0.0000,1000,682,1000,1,967.2119
15840.0000,1584,2391.2621,0.0000,1000,686,1000,1,967.2326
15850.0000,1585,2391.4494,0.0000,1000,691,1000,1,967.2533
15860.0000,1586,2391.6368,0.0000,1000,690,1000,1,967.2739
15870.0000,1587,2391.8266,0.0000,1000,696,1000,1,967.2946
15880.0000,1588,2392.0161,0.0000,1000,690,1000,1,967.3152
15890.0000,1589,2392.2048,0.0000,1000,695,1000,1,967.3357
15900.0000,1590,2392.3940,0.0000,1000,691,1000,1,967.3563
15910.0000,1591,2392.5805,0.0000,1000,687,1000,1,967.3768
15920.0000,1592,2392.7644,0.0000,1000,685,1000,1,967.3973
15930.0000,1593,2392.9486,0.0000,1000,686,1000,1,967.4177
15940.0000,1594,2393.1315,0.0000,1000,684,1000,1,967.4382
15950.0000,1595,2393.3127,0.0000,1000,682,1000,1,967.4586
15960.0000,1596,2393.4929,0.0000,1000,685,1000,1,967.4790
15970.0000,1597,2393.6752,0.0000,1000,684,1000,1,967.4993
15980.0000,1598,2393.8563,0.0000,1000,685,1000,1,967.5197
15990.0000,1599,2394.0386,0.0000,1000,683,1000,1,967.5400
16000.0000,1600,2394.2185,0.0000,1000,682,1000,1,967.5603
16010.0000,1601,2394.3942,0.0000,1000,671,1000,1,967.5805
16020.0000,1602,2394.5662,0.0000,1000,667,1000,1,967.6008
16030.0000,1603,2394.7362,0.0000,1000,666,1000,1,967.6210
16040.0000,1604,2394.9057,0.0000,1000,668,1000,1,967.6412
16050.0000,1605,2395.0750,0.0000,1000,662,1000,1,967.6613
16060.0000,1606,2395.2408,0.0000,1000,659,1000,1,967.6815
16070.0000,1607,2395.4006,0.0000,1000,645,1000,1,967.7016
16080.0000,1608,2395.5539,0.0000,1000,640,1000,1,967.7217
16090.0000,1609,2395.7084,0.0000,1000,645,1000,1,967.7417
16100.0000,1610,2395.8621,0.0000,1000,643,1000,1,967.7618
16110.0000,1611,2396.0132,0.0000,1000,637,1000,1,967.7818
16120.0000,1612,2396.1601,0.0000,1000,628,1000,1,967.8018
16130.0000,1613,2396.3038,0.0000,1000,626,1000,1,967.8217
16140.0000,1614,2396.4453,0.0000,1000,623,1000,1,967.8417
16150.0000,1615,2396.5879,0.0000,1000,630,1000,1,967.8616
16160.0000,1616,2396.7330,0.0000,1000,632,1000,1,967.8815
16170.0000,1617,2396.8780,0.0000,1000,632,1000,1,967.9013
16180.0000,1618,2397.0242,0.0000,1000,633,1000,1,967.9212
16190.0000,1619,2397.1715,0.0000,1000,636,1000,1,967.9410
16200.0000,1620,2397.3186,0.0000,1000,637,1000,1,967.9608
16210.0000,1621,2397.4701,0.0000,1000,650,1000,1,967.9805
16220.0000,1622,2397.6247,0.0000,1000,647,1000,1,968.0003
16230.0000,1623,2397.7787,0.0000,1000,649,1000,1,968.0200
16240.0000,1624,2397.9345,0.0000,1000,655,1000,1,968.0397
16250.0000,1625,2398.0928,0.0000,1000,654,1000,1,968.0594
16260.0000,1626,2398.2510,0.0000,1000,652,1000,1,968.0790
16270.0000,1627,2398.4063,0.0000,1000,650,1000,1,968.0986
16280.0000,1628,2398.5595,0.0000,1000,645,1000,1,968.1182
16290.0000,1629,2398.7106,0.0000,1000,649,1000,1,968.1378
16300.0000,1630,2398.8655,0.0000,1000,654,1000,1,968.1573
16310.0000,1631,2399.0224,0.0000,1000,655,1000,1,968.1769
16320.0000,1632,2399.1766,0.0000,1000,650,1000,1,968.1964
16330.0000,1633,2399.3320,0.0000,1000,656,1000,1,968.2158
16340.0000,1634,2399.4894,0.0000,1000,656,1000,1,968.2353
16350.0000,1635,2399.6486,0.0000,1000,660,1000,1,968.2547
16360.0000,1636,2399.8074,0.0000,1000,659,1000,1,968.2741
16370.0000,1637,2399.9675,0.0000,1000,666,1000,1,968.2935
16380.0000,1638,2400.1302,0.0000,1000,665,1000,1,968.3129
16390.0000,1639,2400.2934,0.0000,1000,668,1000,1,968.3322
16400.0000,1640,2400.4546,0.0000,1000,661,1000,1,968.3515
16410.0000,1641,2400.6131,0.0000,1000,660,1000,1,968.3708
16420.0000,1642,2400.7713,0.0000,1000,660,1000,1,968.3900
16430.0000,1643,2400.9291,0.0000,1000,661,1000,1,968.4093
16440.0000,1644,2401.0880,0.0000,1000,662,1000,1,968.4285
16450.0000,1645,2401.2472,0.0000,1000,661,1000,1,968.4477
16460.0000,1646,2401.4057,0.0000,1000,667,1000,1,968.4669
16470.0000,1647,2401.5686,0.0000,1000,669,1000,1,968.4860
16480.0000,1648,2401.7290,0.0000,1000,664,1000,1,968.5051
16490.0000,1649,2401.8859,0.0000,1000,659,1000,1,968.5242
16500.0000,1650,2402.0417,0.0000,1000,657,1000,1,968.5433
16510.0000,1651,2402.1962,0.0000,1000,658,1000,1,968.5624
16520.0000,1652,2402.3482,0.0000,1000,653,1000,1,968.5814
16530.0000,1653,2402.4969,0.0000,1000,646,1000,1,968.6004
16540.0000,1654,2402.6423,0.0000,1000,645,1000,1,968.6194
16550.0000,1655,2402.7889,0.0000,1000,642,1000,1,968.6383
16560.0000,1656,2402.9336,0.0000,1000,645,1000,1,968.6573
16570.0000,1657,2403.0777,0.0000,1000,640,1000,1,968.6762
16580.0000,1658,2403.2214,0.0000,1000,640,1000,1,968.6951
16590.0000,1659,2403.3633,0.0000,1000,637,1000,1,968.7140
16600.0000,1660,2403.5028,0.0000,1000,632,1000,1,968.7328
16610.0000,1661,2403.6385,0.0000,1000,629,1000,1,968.7516
16620.0000,1662,2403.7755,0.0000,1000,633,1000,1,968.7704
16630.0000,1663,2403.9112,0.0000,1000,630,1000,1,968.7892
16640.0000,1664,2404.0445,0.0000,1000,620,1000,1,968.8080
16650.0000,1665,2404.1725,0.0000,1000,614,1000,1,968.8267
16660.0000,1666,2404.2990,0.0000,1000,614,1000,1,968.8454
16670.0000,1667,2404.4229,0.0000,1000,608,1000,1,968.8641
16680.0000,1668,2404.5435,0.0000,1000,607,1000,1,968.8828
16690.0000,1669,2404.6667,0.0000,1000,611,1000,1,968.9014
16700.0000,1670,2404.7903,0.0000,1000,616,1000,1,968.9200
16710.0000,1671,2404.9155,0.0000,1000,611,1000,1,968.9386
16720.0000,1672,2405.0397,0.0000,1000,615,1000,1,968.9572
16730.0000,1673,2405.1624,0.0000,1000,614,1000,1,968.9758
16740.0000,1674,2405.2879,0.0000,1000,615,1000,1,968.9943
16750.0000,1675,2405.4149,0.0000,1000,622,1000,1,969.0128
16760.0000,1676,2405.5422,0.0000,1000,615,1000,1,969.0313
16770.0000,1677,2405.6683,0.0000,1000,617,1000,1,969.0498
16780.0000,1678,2405.7930,0.0000,1000,617,1000,1,969.0682
16790.0000,1679,2405.9212,0.0000,1000,620,1000,1,969.0866
16800.0000,1680,2406.0520,0.0000,1000,627,1000,1,969.1050
16810.0000,1681,2406.1858,0.0000,1000,634,1000,1,969.1234
16820.0000,1682,2406.3231,0.0000,1000,639,1000,1,969.1418
16830.0000,1683,2406.4600,0.0000,1000,635,1000,1,969.1601
16840.0000,1684,2406.5967,0.0000,1000,638,1000,1,969.1784
16850.0000,1685,2406.7337,0.0000,1000,638,1000,1,969.1967
16860.0000,1686,2406.8711,0.0000,1000,635,1000,1,969.2150
16870.0000,1687,2407.0048,0.0000,1000,632,1000,1,969.2332
16880.0000,1688,2407.1377,0.0000,1000,633,1000,1,969.2515
16890.0000,1689,2407.2714,0.0000,1000,629,1000,1,969.2697
16900.0000,1690,2407.4030,0.0000,1000,627,1000,1,969.2878
16910.0000,1691,2407.5329,0.0000,1000,628,1000,1,969.3060
16920.0000,1692,2407.6624,0.0000,1000,627,1000,1,969.3241
16930.0000,1693,2407.7931,0.0000,1000,628,1000,1,969.3423
16940.0000,1694,2407.9242,0.0000,1000,629,1000,1,969.3604
16950.0000,1695,2408.0552,0.0000,1000,625,1000,1,969.3784
16960.0000,1696,2408.1844,0.0000,1000,627,1000,1,969.3965
16970.0000,1697,2408.3135,0.0000,1000,624,1000,1,969.4145
16980.0000,1698,2408.4399,0.0000,1000,623,1000,1,969.4325
16990.0000,1699,2408.5692,0.0000,1000,633,1000,1,969.4505
17000.0000,1700,2408.6996,0.0000,1000,625,1000,1,969.4685
17010.0000,1701,2408.8274,0.0000,1000,622,1000,1,969.4865
17020.0000,1702,2408.9541,0.0000,1000,633,1000,1,969.5044
17030.0000,1703,2409.0854,0.0000,1000,634,1000,1,969.5223
17040.0000,1704,2409.2174,0.0000,1000,631,1000,1,969.5402
17050.0000,1705,2409.3477,0.0000,1000,630,1000,1,969.5580
17060.0000,1706,2409.4782,0.0000,1000,630,1000,1,969.5759
17070.0000,1707,2409.6061,0.0000,1000,625,1000,1,969.5937
17080.0000,1708,2409.7297,0.0000,1000,617,1000,1,969.6115
17090.0000,1709,2409.8491,0.0000,1000,611,1000,1,969.6293
17100.0000,1710,2409.9674,0.0000,1000,614,1000,1,969.6471
17110.0000,1711,2410.0857,0.0000,1000,612,1000,1,969.6648
17120.0000,1712,2410.2039,0.0000,1000,611,1000,1,969.6825
17130.0000,1713,2410.3208,0.0000,1000,610,1000,1,969.7002
17140.0000,1714,2410.4369,0.0000,1000,614,1000,1,969.7179
17150.0000,1715,2410.5535,0.0000,1000,608,1000,1,969.7355
17160.0000,1716,2410.6642,0.0000,1000,595,1000,1,969.7532
17170.0000,1717,2410.7707,0.0000,1000,597,1000,1,969.7708
17180.0000,1718,2410.8777,0.0000,1000,594,1000,1,969.7884
17190.0000,1719,2410.9814,0.0000,1000,585,1000,1,969.8060
17200.0000,1720,2411.0823,0.0000,1000,588,1000,1,969.8235
17210.0000,1721,2411.1846,0.0000,1000,585,1000,1,969.8411
17220.0000,1722,2411.2860,0.0000,1000,588,1000,1,969.8586
17230.0000,1723,2411.3879,0.0000,1000,586,1000,1,969.8761
17240.0000,1724,2411.4888,0.0000,1000,582,1000,1,969.8935
17250.0000,1725,2411.5872,0.0000,1000,583,1000,1,969.9110
17260.0000,1726,2411.6873,0.0000,1000,589,1000,1,969.9284
17270.0000,1727,2411.7880,0.0000,1000,585,1000,1,969.9458
17280.0000,1728,2411.8848,0.0000,1000,575,1000,1,969.9632
17290.0000,1729,2411.9803,0.0000,1000,579,1000,1,969.9806
17300.0000,1730,2412.0763,0.0000,1000,576,1000,1,969.9980
17310.0000,1731,2412.1682,0.0000,1000,569,1000,1,970.0153
17320.0000,1732,2412.2571,0.0000,1000,564,1000,1,970.0326
17330.0000,1733,2412.3449,0.0000,1000,562,1000,1,970.0499
17340.0000,1734,2412.4303,0.0000,1000,562,1000,1,970.0672
17350.0000,1735,2412.5166,0.0000,1000,562,1000,1,970.0844
17360.0000,1736,2412.6014,0.0000,1000,557,1000,1,970.1016
17370.0000,1737,2412.6843,0.0000,1000,557,1000,1,970.1189
17380.0000,1738,2412.7692,0.0000,1000,562,1000,1,970.1361
17390.0000,1739,2412.8570,0.0000,1000,567,1000,1,970.1532
17400.0000,1740,2412.9442,0.0000,1000,563,1000,1,970.1704
17410.0000,1741,2413.0314,0.0000,1000,567,1000,1,970.1875
17420.0000,1742,2413.1202,0.0000,1000,570,1000,1,970.2046
17430.0000,1743,2413.2082,0.0000,1000,566,1000,1,970.2217
17440.0000,1744,2413.2980,0.0000,1000,573,1000,1,970.2388
17450.0000,1745,2413.3892,0.0000,1000,572,1000,1,970.2559
17460.0000,1746,2413.4786,0.0000,1000,570,1000,1,970.2729
17470.0000,1747,2413.5686,0.0000,1000,568,1000,1,970.2899
17480.0000,1748,2413.6580,0.0000,1000,573,1000,1,970.3069
17490.0000,1749,2413.7491,0.0000,1000,575,1000,1,970.3239
17500.0000,1750,2413.8408,0.0000,1000,574,1000,1,970.3408
17510.0000,1751,2413.9318,0.0000,1000,572,1000,1,970.3578
17520.0000,1752,2414.0223,0.0000,1000,572,1000,1,970.3747
17530.0000,1753,2414.1106,0.0000,1000,563,1000,1,970.3916
17540.0000,1754,2414.1966,0.0000,1000,564,1000,1,970.4085
17550.0000,1755,2414.2814,0.0000,1000,561,1000,1,970.4253
17560.0000,1756,2414.3658,0.0000,1000,562,1000,1,970.4422
17570.0000,1757,2414.4481,0.0000,1000,556,1000,1,970.4590
17580.0000,1758,2414.5301,0.0000,1000,559,1000,1,970.4758
17590.0000,1759,2414.6125,0.0000,1000,559,1000,1,970.4926
17600.0000,1760,2414.6962,0.0000,1000,563,1000,1,970.5094
17610.0000,1761,2414.7805,0.0000,1000,563,1000,1,970.5261
17620.0000,1762,2414.8651,0.0000,1000,565,1000,1,970.5428
17630.0000,1763,2414.9498,0.0000,1000,567,1000,1,970.5595
17640.0000,1764,2415.0366,0.0000,1000,570,1000,1,970.5762
17650.0000,1765,2415.1244,0.0000,1000,570,1000,1,970.5929
17660.0000,1766,2415.2083,0.0000,1000,560,1000,1,970.6095
17670.0000,1767,2415.2927,0.0000,1000,570,1000,1,970.6262
17680.0000,1768,2415.3775,0.0000,1000,562,1000,1,970.6428
17690.0000,1769,2415.4636,0.0000,1000,572,1000,1,970.6594
17700.0000,1770,2415.5532,0.0000,1000,579,1000,1,970.6760
17710.0000,1771,2415.6459,0.0000,1000,580,1000,1,970.6925
17720.0000,1772,2415.7391,0.0000,1000,581,1000,1,970.7091
17730.0000,1773,2415.8321,0.0000,1000,578,1000,1,970.7256
17740.0000,1774,2415.9243,0.0000,1000,579,1000,1,970.7421
17750.0000,1775,2416.0173,0.0000,1000,580,1000,1,970.7586
17760.0000,1776,2416.1092,0.0000,1000,578,1000,1,970.7750
17770.0000,1777,2416.1993,0.0000,1000,575,1000,1,970.7915
17780.0000,1778,2416.2898,0.0000,1000,574,1000,1,970.8079
17790.0000,1779,2416.3774,0.0000,1000,571,1000,1,970.8243
17800.0000,1780,2416.4648,0.0000,1000,571,1000,1,970.8407
17810.0000,1781,2416.5515,0.0000,1000,570,1000,1,970.8571
17820.0000,1782,2416.6379,0.0000,1000,576,1000,1,970.8734
17830.0000,1783,2416.7263,0.0000,1000,574,1000,1,970.8898
17840.0000,1784,2416.8144,0.0000,1000,576,1000,1,970.9061
17850.0000,1785,2416.9061,0.0000,1000,581,1000,1,970.9224
17860.0000,1786,2416.9982,0.0000,1000,584,1000,1,970.9387
17870.0000,1787,2417.0939,0.0000,1000,591,1000,1,970.9549
17880.0000,1788,2417.1912,0.0000,1000,592,1000,1,970.9712
17890.0000,1789,2417.2869,0.0000,1000,584,1000,1,970.9874
17900.0000,1790,2417.3815,0.0000,1000,587,1000,1,971.0036
17910.0000,1791,2417.4789,0.0000,1000,591,1000,1,971.0198
17920.0000,1792,2417.5764,0.0000,1000,592,1000,1,971.0360
17930.0000,1793,2417.6726,0.0000,1000,588,1000,1,971.0521
17940.0000,1794,2417.7697,0.0000,1000,594,1000,1,971.0683
17950.0000,1795,2417.8672,0.0000,1000,592,1000,1,971.0844
17960.0000,1796,2417.9654,0.0000,1000,597,1000,1,971.1005
17970.0000,1797,2418.0642,0.0000,1000,597,1000,1,971.1166
17980.0000,1798,2418.1643,0.0000,1000,598,1000,1,971.1326
17990.0000,1799,2418.2622,0.0000,1000,589,1000,1,971.1487
18000.0000,1800,2418.3582,0.0000,1000,590,1000,1,971.1647
18010.0000,1801,2418.4522,0.0000,1000,587,1000,1,971.1807
18020.0000,1802,2418.5449,0.0000,1000,586,1000,1,971.1967
18030.0000,1803,2418.6378,0.0000,1000,587,1000,1,971.2127
18040.0000,1804,2418.7305,0.0000,1000,585,1000,1,971.2286
18050.0000,1805,2418.8232,0.0000,1000,589,1000,1,971.2446
18060.0000,1806,2418.9182,0.0000,1000,590,1000,1,971.2605
18070.0000,1807,2419.0116,0.0000,1000,590,1000,1,971.2764
18080.0000,1808,2419.1065,0.0000,1000,590,1000,1,971.2923
18090.0000,1809,2419.2003,0.0000,1000,590,1000,1,971.3082
18100.0000,1810,2419.2930,0.0000,1000,584,1000,1,971.3240
18110.0000,1811,2419.3847,0.0000,1000,583,1000,1,971.3398
18120.0000,1812,2419.4765,0.0000,1000,591,1000,1,971.3557
18130.0000,1813,2419.5692,0.0000,1000,584,1000,1,971.3715
18140.0000,1814,2419.6589,0.0000,1000,580,1000,1,971.3872
18150.0000,1815,2419.7494,0.0000,1000,585,1000,1,971.4030
18160.0000,1816,2419.8420,0.0000,1000,587,1000,1,971.4188
18170.0000,1817,2419.9352,0.0000,1000,591,1000,1,971.4345
18180.0000,1818,2420.0281,0.0000,1000,587,1000,1,971.4502
18190.0000,1819,2420.1189,0.0000,1000,583,1000,1,971.4659
18200.0000,1820,2420.2081,0.0000,1000,584,1000,1,971.4816
18210.0000,1821,2420.2975,0.0000,1000,583,1000,1,971.4972
18220.0000,1822,2420.3859,0.0000,1000,583,1000,1,971.5129
18230.0000,1823,2420.4746,0.0000,1000,582,1000,1,971.5285
18240.0000,1824,2420.5627,0.0000,1000,584,1000,1,971.5441
18250.0000,1825,2420.6514,0.0000,1000,581,1000,1,971.5597
18260.0000,1826,2420.7387,0.0000,1000,581,1000,1,971.5753
18270.0000,1827,2420.8242,0.0000,1000,572,1000,1,971.5908
18280.0000,1828,2420.9075,0.0000,1000,574,1000,1,971.6064
18290.0000,1829,2420.9919,0.0000,1000,574,1000,1,971.6219
18300.0000,1830,2421.0763,0.0000,1000,581,1000,1,971.6374
18310.0000,1831,2421.1625,0.0000,1000,578,1000,1,971.6529
18320.0000,1832,2421.2478,0.0000,1000,576,1000,1,971.6684
18330.0000,1833,2421.3330,0.0000,1000,578,1000,1,971.6838
18340.0000,1834,2421.4184,0.0000,1000,576,1000,1,971.6993
18350.0000,1835,2421.5014,0.0000,1000,573,1000,1,971.7147
18360.0000,1836,2421.5833,0.0000,1000,571,1000,1,971.7301
18370.0000,1837,2421.6638,0.0000,1000,568,1000,1,971.7455
18380.0000,1838,2421.7434,0.0000,1000,571,1000,1,971.7609
18390.0000,1839,2421.8249,0.0000,1000,572,1000,1,971.7762
18400.0000,1840,2421.9069,0.0000,1000,571,1000,1,971.7916
18410.0000,1841,2421.9889,0.0000,1000,575,1000,1,971.8069
18420.0000,1842,2422.0710,0.0000,1000,577,1000,1,971.8222
18430.0000,1843,2422.1539,0.0000,1000,576,1000,1,971.8375
18440.0000,1844,2422.2410,0.0000,1000,584,1000,1,971.8527
18450.0000,1845,2422.3269,0.0000,1000,579,1000,1,971.8680
18460.0000,1846,2422.4133,0.0000,1000,584,1000,1,971.8832
18470.0000,1847,2422.5049,0.0000,1000,596,1000,1,971.8985
18480.0000,1848,2422.5987,0.0000,1000,598,1000,1,971.9137
18490.0000,1849,2422.6915,0.0000,1000,591,1000,1,971.9289
18500.0000,1850,2422.7828,0.0000,1000,591,1000,1,971.9440
18510.0000,1851,2422.8692,0.0000,1000,579,1000,1,971.9592
18520.0000,1852,2422.9546,0.0000,1000,587,1000,1,971.9743
18530.0000,1853,2423.0415,0.0000,1000,582,1000,1,971.9895
18540.0000,1854,2423.1266,0.0000,1000,581,1000,1,972.0046
18550.0000,1855,2423.2119,0.0000,1000,580,1000,1,972.0197
18560.0000,1856,2423.2949,0.0000,1000,578,1000,1,972.0347
18570.0000,1857,2423.3807,0.0000,1000,585,1000,1,972.0498
18580.0000,1858,2423.4686,0.0000,1000,592,1000,1,972.0648
18590.0000,1859,2423.5598,0.0000,1000,592,1000,1,972.0799
18600.0000,1860,2423.6513,0.0000,1000,589,1000,1,972.0949
18610.0000,1861,2423.7405,0.0000,1000,590,1000,1,972.1099
18620.0000,1862,2423.8302,0.0000,1000,596,1000,1,972.1248
18630.0000,1863,2423.9238,0.0000,1000,598,1000,1,972.1398
18640.0000,1864,2424.0145,0.0000,1000,590,1000,1,972.1548
18650.0000,1865,2424.1017,0.0000,1000,582,1000,1,972.1697
18660.0000,1866,2424.1880,0.0000,1000,588,1000,1,972.1846
18670.0000,1867,2424.2767,0.0000,1000,590,1000,1,972.1995
18680.0000,1868,2424.3667,0.0000,1000,593,1000,1,972.2144
18690.0000,1869,2424.4585,0.0000,1000,596,1000,1,972.2292
18700.0000,1870,2424.5508,0.0000,1000,600,1000,1,972.2441
18710.0000,1871,2424.6449,0.0000,1000,602,1000,1,972.2589
18720.0000,1872,2424.7398,0.0000,1000,600,1000,1,972.2737
18730.0000,1873,2424.8360,0.0000,1000,602,1000,1,972.2886
18740.0000,1874,2424.9305,0.0000,1000,597,1000,1,972.3033
18750.0000,1875,2425.0235,0.0000,1000,601,1000,1,972.3181
18760.0000,1876,2425.1167,0.0000,1000,598,1000,1,972.3329
18770.0000,1877,2425.2071,0.0000,1000,593,1000,1,972.3476
18780.0000,1878,2425.2970,0.0000,1000,594,1000,1,972.3623
18790.0000,1879,2425.3889,0.0000,1000,595,1000,1,972.3770
18800.0000,1880,2425.4798,0.0000,1000,595,1000,1,972.3917
18810.0000,1881,2425.5700,0.0000,1000,597,1000,1,972.4064
18820.0000,1882,2425.6621,0.0000,1000,598,1000,1,972.4211
18830.0000,1883,2425.7517,0.0000,1000,597,1000,1,972.4357
18840.0000,1884,2425.8405,0.0000,1000,593,1000,1,972.4503
18850.0000,1885,2425.9287,0.0000,1000,589,1000,1,972.4650
18860.0000,1886,2426.0150,0.0000,1000,589,1000,1,972.4796
18870.0000,1887,2426.1007,0.0000,1000,590,1000,1,972.4941
18880.0000,1888,2426.1878,0.0000,1000,588,1000,1,972.5087
18890.0000,1889,2426.2711,0.0000,1000,584,1000,1,972.5233
18900.0000,1890,2426.3524,0.0000,1000,579,1000,1,972.5378
18910.0000,1891,2426.4331,0.0000,1000,580,1000,1,972.5523
18920.0000,1892,2426.5156,0.0000,1000,582,1000,1,972.5668
18930.0000,1893,2426.5983,0.0000,1000,586,1000,1,972.5813
18940.0000,1894,2426.6821,0.0000,1000,586,1000,1,972.5958
18950.0000,1895,2426.7637,0.0000,1000,580,1000,1,972.6103
18960.0000,1896,2426.8455,0.0000,1000,583,1000,1,972.6247
18970.0000,1897,2426.9293,0.0000,1000,588,1000,1,972.6391
18980.0000,1898,2427.0141,0.0000,1000,587,1000,1,972.6536
18990.0000,1899,2427.0980,0.0000,1000,588,1000,1,972.6680
19000.0000,1900,2427.1820,0.0000,1000,583,1000,1,972.6823
19010.0000,1901,2427.2650,0.0000,1000,587,1000,1,972.6967
19020.0000,1902,2427.3497,0.0000,1000,588,1000,1,972.7111
19030.0000,1903,2427.4336,0.0000,1000,587,1000,1,972.7254
19040.0000,1904,2427.5185,0.0000,1000,588,1000,1,972.7397
19050.0000,1905,2427.6017,0.0000,1000,584,1000,1,972.7540
19060.0000,1906,2427.6822,0.0000,1000,580,1000,1,972.7683
19070.0000,1907,2427.7620,0.0000,1000,580,1000,1,972.7826
19080.0000,1908,2427.8407,0.0000,1000,573,1000,1,972.7969
19090.0000,1909,2427.9168,0.0000,1000,573,1000,1,972.8111
19100.0000,1910,2427.9924,0.0000,1000,574,1000,1,972.8254
19110.0000,1911,2428.0690,0.0000,1000,572,1000,1,972.8396
19120.0000,1912,2428.1436,0.0000,1000,572,1000,1,972.8538
19130.0000,1913,2428.2179,0.0000,1000,572,1000,1,972.8680
19140.0000,1914,2428.2942,0.0000,1000,580,1000,1,972.8822
19150.0000,1915,2428.3727,0.0000,1000,579,1000,1,972.8963
19160.0000,1916,2428.4519,0.0000,1000,579,1000,1,972.9105
19170.0000,1917,2428.5316,0.0000,1000,582,1000,1,972.9246
19180.0000,1918,2428.6138,0.0000,1000,589,1000,1,972.9387
19190.0000,1919,2428.6981,0.0000,1000,586,1000,1,972.9528
19200.0000,1920,2428.7779,0.0000,1000,580,1000,1,972.9669
19210.0000,1921,2428.8597,0.0000,1000,586,1000,1,972.9810
19220.0000,1922,2428.9412,0.0000,1000,583,1000,1,972.9950
19230.0000,1923,2429.0213,0.0000,1000,583,1000,1,973.0091
19240.0000,1924,2429.0986,0.0000,1000,575,1000,1,973.0231
19250.0000,1925,2429.1721,0.0000,1000,568,1000,1,973.0371
19260.0000,1926,2429.2437,0.0000,1000,565,1000,1,973.0511
19270.0000,1927,2429.3127,0.0000,1000,563,1000,1,973.0651
19280.0000,1928,2429.3832,0.0000,1000,568,1000,1,973.0791
19290.0000,1929,2429.4558,0.0000,1000,571,1000,1,973.0930
19300.0000,1930,2429.5286,0.0000,1000,567,1000,1,973.1070
19310.0000,1931,2429.5991,0.0000,1000,564,1000,1,973.1209
19320.0000,1932,2429.6675,0.0000,1000,563,1000,1,973.1348
19330.0000,1933,2429.7354,0.0000,1000,562,1000,1,973.1487
19340.0000,1934,2429.8079,0.0000,1000,573,1000,1,973.1626
19350.0000,1935,2429.8815,0.0000,1000,575,1000,1,973.1765
19360.0000,1936,2429.9569,0.0000,1000,578,1000,1,973.1903
19370.0000,1937,2430.0336,0.0000,1000,577,1000,1,973.2042
19380.0000,1938,2430.1115,0.0000,1000,581,1000,1,973.2180
19390.0000,1939,2430.1891,0.0000,1000,580,1000,1,973.2318
19400.0000,1940,2430.2658,0.0000,1000,577,1000,1,973.2456
19410.0000,1941,2430.3402,0.0000,1000,572,1000,1,973.2594
19420.0000,1942,2430.4125,0.0000,1000,570,1000,1,973.2732
19430.0000,1943,2430.4841,0.0000,1000,571,1000,1,973.2869
19440.0000,1944,2430.5545,0.0000,1000,567,1000,1,973.3006
19450.0000,1945,2430.6255,0.0000,1000,570,1000,1,973.3144
19460.0000,1946,2430.6978,0.0000,1000,573,1000,1,973.3281
19470.0000,1947,2430.7676,0.0000,1000,560,1000,1,973.3418
19480.0000,1948,2430.8376,0.0000,1000,566,1000,1,973.3555
19490.0000,1949,2430.9070,0.0000,1000,567,1000,1,973.3691
19500.0000,1950,2430.9765,0.0000,1000,564,1000,1,973.3828
19510.0000,1951,2431.0442,0.0000,1000,562,1000,1,973.3964
19520.0000,1952,2431.1118,0.0000,1000,563,1000,1,973.4101
19530.0000,1953,2431.1801,0.0000,1000,563,1000,1,973.4237
19540.0000,1954,2431.2475,0.0000,1000,562,1000,1,973.4373
19550.0000,1955,2431.3148,0.0000,1000,562,1000,1,973.4509
19560.0000,1956,2431.3820,0.0000,1000,563,1000,1,973.4644
19570.0000,1957,2431.4469,0.0000,1000,555,1000,1,973.4780
19580.0000,1958,2431.5101,0.0000,1000,553,1000,1,973.4916
19590.0000,1959,2431.5711,0.0000,1000,550,1000,1,973.5051
19600.0000,1960,2431.6316,0.0000,1000,550,1000,1,973.5186
19610.0000,1961,2431.6931,0.0000,1000,552,1000,1,973.5321
19620.0000,1962,2431.7538,0.0000,1000,544,1000,1,973.5456
19630.0000,1963,2431.8114,0.0000,1000,543,1000,1,973.5591
19640.0000,1964,2431.8696,0.0000,1000,549,1000,1,973.5725
19650.0000,1965,2431.9275,0.0000,1000,544,1000,1,973.5860
19660.0000,1966,2431.9838,0.0000,1000,538,1000,1,973.5994
19670.0000,1967,2432.0390,0.0000,1000,542,1000,1,973.6128
19680.0000,1968,2432.0944,0.0000,1000,540,1000,1,973.6262
19690.0000,1969,2432.1511,0.0000,1000,544,1000,1,973.6396
19700.0000,1970,2432.2076,0.0000,1000,544,1000,1,973.6530
19710.0000,1971,2432.2657,0.0000,1000,547,1000,1,973.6664
19720.0000,1972,2432.3231,0.0000,1000,547,1000,1,973.6797
19730.0000,1973,2432.3803,0.0000,1000,543,1000,1,973.6931
19740.0000,1974,2432.4360,0.0000,1000,543,1000,1,973.7064
19750.0000,1975,2432.4920,0.0000,1000,543,1000,1,973.7197
19760.0000,1976,2432.5461,0.0000,1000,537,1000,1,973.7330
19770.0000,1977,2432.5970,0.0000,1000,532,1000,1,973.7463
19780.0000,1978,2432.6451,0.0000,1000,528,1000,1,973.7596
19790.0000,1979,2432.6935,0.0000,1000,529,1000,1,973.7728
19800.0000,1980,2432.7424,0.0000,1000,529,1000,1,973.7861
19810.0000,1981,2432.7916,0.0000,1000,533,1000,1,973.7993
19820.0000,1982,2432.8424,0.0000,1000,531,1000,1,973.8125
19830.0000,1983,2432.8885,0.0000,1000,522,1000,1,973.8257
19840.0000,1984,2432.9347,0.0000,1000,521,1000,1,973.8389
19850.0000,1985,2432.9805,0.0000,1000,525,1000,1,973.8521
19860.0000,1986,2433.0274,0.0000,1000,528,1000,1,973.8653
19870.0000,1987,2433.0745,0.0000,1000,527,1000,1,973.8784
19880.0000,1988,2433.1226,0.0000,1000,533,1000,1,973.8916
19890.0000,1989,2433.1741,0.0000,1000,536,1000,1,973.9047
19900.0000,1990,2433.2248,0.0000,1000,529,1000,1,973.9178
19910.0000,1991,2433.2738,0.0000,1000,531,1000,1,973.9309
19920.0000,1992,2433.3237,0.0000,1000,537,1000,1,973.9440
19930.0000,1993,2433.3757,0.0000,1000,535,1000,1,973.9571
19940.0000,1994,2433.4265,0.0000,1000,531,1000,1,973.9701
19950.0000,1995,2433.4762,0.0000,1000,536,1000,1,973.9832
19960.0000,1996,2433.5276,0.0000,1000,531,1000,1,973.9962
19970.0000,1997,2433.5755,0.0000,1000,523,1000,1,974.0092
19980.0000,1998,2433.6191,0.0000,1000,524,1000,1,974.0223
19990.0000,1999,2433.6629,0.0000,1000,519,1000,1,974.0352
20000.0000,2000,2433.7041,0.0000,1000,514,1000,1,974.0482
20010.0000,2001,2433.7456,0.0000,1000,516,1000,1,974.0612
20020.0000,2002,2433.7900,0.0000,1000,522,1000,1,974.0742
20030.0000,2003,2433.8339,0.0000,1000,519,1000,1,974.0871
20040.0000,2004,2433.8770,0.0000,1000,521,1000,1,974.1000
20050.0000,2005,2433.9196,0.0000,1000,518,1000,1,974.1129
20060.0000,2006,2433.9627,0.0000,1000,522,1000,1,974.1259
20070.0000,2007,2434.0094,0.0000,1000,531,1000,1,974.1387
20080.0000,2008,2434.0573,0.0000,1000,532,1000,1,974.1516
20090.0000,2009,2434.1062,0.0000,1000,531,1000,1,974.1645
20100.0000,2010,2434.1554,0.0000,1000,529,1000,1,974.1773
20110.0000,2011,2434.2026,0.0000,1000,531,1000,1,974.1902
20120.0000,2012,2434.2512,0.0000,1000,530,1000,1,974.2030
20130.0000,2013,2434.2990,0.0000,1000,529,1000,1,974.2158
20140.0000,2014,2434.3450,0.0000,1000,527,1000,1,974.2286
20150.0000,2015,2434.3919,0.0000,1000,526,1000,1,974.2414
20160.0000,2016,2434.4387,0.0000,1000,527,1000,1,974.2542
20170.0000,2017,2434.4841,0.0000,1000,524,1000,1,974.2670
20180.0000,2018,2434.5258,0.0000,1000,521,1000,1,974.2797
20190.0000,2019,2434.5675,0.0000,1000,517,1000,1,974.2925
20200.0000,2020,2434.6087,0.0000,1000,518,1000,1,974.3052
20210.0000,2021,2434.6511,0.0000,1000,520,1000,1,974.3179
20220.0000,2022,2434.6943,0.0000,1000,519,1000,1,974.3306
20230.0000,2023,2434.7351,0.0000,1000,519,1000,1,974.3433
20240.0000,2024,2434.7783,0.0000,1000,526,1000,1,974.3560
20250.0000,2025,2434.8246,0.0000,1000,530,1000,1,974.3686
20260.0000,2026,2434.8718,0.0000,1000,530,1000,1,974.3813
20270.0000,2027,2434.9198,0.0000,1000,530,1000,1,974.3939
20280.0000,2028,2434.9644,0.0000,1000,525,1000,1,974.4065
20290.0000,2029,2435.0098,0.0000,1000,526,1000,1,974.4192
20300.0000,2030,2435.0530,0.0000,1000,521,1000,1,974.4318
20310.0000,2031,2435.0962,0.0000,1000,524,1000,1,974.4443
20320.0000,2032,2435.1409,0.0000,1000,525,1000,1,974.4569
20330.0000,2033,2435.1848,0.0000,1000,525,1000,1,974.4695
20340.0000,2034,2435.2273,0.0000,1000,522,1000,1,974.4820
20350.0000,2035,2435.2710,0.0000,1000,527,1000,1,974.4946
20360.0000,2036,2435.3149,0.0000,1000,524,1000,1,974.5071
20370.0000,2037,2435.3589,0.0000,1000,528,1000,1,974.5196
20380.0000,2038,2435.4026,0.0000,1000,521,1000,1,974.5321
20390.0000,2039,2435.4437,0.0000,1000,516,1000,1,974.5446
20400.0000,2040,2435.4829,0.0000,1000,516,1000,1,974.5571
20410.0000,2041,2435.5215,0.0000,1000,513,1000,1,974.5696
20420.0000,2042,2435.5576,0.0000,1000,506,1000,1,974.5820
20430.0000,2043,2435.5929,0.0000,1000,510,1000,1,974.5944
20440.0000,2044,2435.6287,0.0000,1000,511,1000,1,974.6069
20450.0000,2045,2435.6635,0.0000,1000,505,1000,1,974.6193
20460.0000,2046,2435.6991,0.0000,1000,511,1000,1,974.6317
20470.0000,2047,2435.7365,0.0000,1000,514,1000,1,974.6441
20480.0000,2048,2435.7749,0.0000,1000,517,1000,1,974.6565
20490.0000,2049,2435.8161,0.0000,1000,520,1000,1,974.6688
20500.0000,2050,2435.8582,0.0000,1000,523,1000,1,974.6812
20510.0000,2051,2435.9020,0.0000,1000,528,1000,1,974.6935
20520.0000,2052,2435.9458,0.0000,1000,526,1000,1,974.7059
20530.0000,2053,2435.9879,0.0000,1000,518,1000,1,974.7182
20540.0000,2054,2436.0282,0.0000,1000,520,1000,1,974.7305
20550.0000,2055,2436.0662,0.0000,1000,511,1000,1,974.7428
20560.0000,2056,2436.1025,0.0000,1000,509,1000,1,974.7551
20570.0000,2057,2436.1389,0.0000,1000,510,1000,1,974.7674
20580.0000,2058,2436.1750,0.0000,1000,511,1000,1,974.7796
20590.0000,2059,2436.2110,0.0000,1000,510,1000,1,974.7919
20600.0000,2060,2436.2461,0.0000,1000,507,1000,1,974.8041
20610.0000,2061,2436.2802,0.0000,1000,509,1000,1,974.8163
20620.0000,2062,2436.3146,0.0000,1000,506,1000,1,974.8285
20630.0000,2063,2436.3478,0.0000,1000,501,1000,1,974.8407
20640.0000,2064,2436.3784,0.0000,1000,500,1000,1,974.8529
20650.0000,2065,2436.4099,0.0000,1000,499,1000,1,974.8651
20660.0000,2066,2436.4410,0.0000,1000,502,1000,1,974.8773
20670.0000,2067,2436.4731,0.0000,1000,502,1000,1,974.8894
20680.0000,2068,2436.5043,0.0000,1000,496,1000,1,974.9016
20690.0000,2069,2436.5324,0.0000,1000,494,1000,1,974.9137
20700.0000,2070,2436.5601,0.0000,1000,492,1000,1,974.9258
20710.0000,2071,2436.5864,0.0000,1000,493,1000,1,974.9379
20720.0000,2072,2436.6142,0.0000,1000,493,1000,1,974.9500
20730.0000,2073,2436.6398,0.0000,1000,488,1000,1,974.9621
20740.0000,2074,2436.6649,0.0000,1000,489,1000,1,974.9742
20750.0000,2075,2436.6889,0.0000,1000,489,1000,1,974.9862
20760.0000,2076,2436.7114,0.0000,1000,480,1000,1,974.9983
20770.0000,2077,2436.7305,0.0000,1000,471,1000,1,975.0103
20780.0000,2078,2436.7473,0.0000,1000,471,1000,1,975.0224
20790.0000,2079,2436.7643,0.0000,1000,474,1000,1,975.0344
20800.0000,2080,2436.7820,0.0000,1000,474,1000,1,975.0464
20810.0000,2081,2436.7984,0.0000,1000,469,1000,1,975.0584
20820.0000,2082,2436.8142,0.0000,1000,466,1000,1,975.0703
20830.0000,2083,2436.8293,0.0000,1000,472,1000,1,975.0823
20840.0000,2084,2436.8471,0.0000,1000,476,1000,1,975.0943
20850.0000,2085,2436.8646,0.0000,1000,471,1000,1,975.1062
20860.0000,2086,2436.8823,0.0000,1000,475,1000,1,975.1181
20870.0000,2087,2436.8990,0.0000,1000,469,1000,1,975.1301
20880.0000,2088,2436.9168,0.0000,1000,479,1000,1,975.1420
20890.0000,2089,2436.9350,0.0000,1000,471,1000,1,975.1539
20900.0000,2090,2436.9507,0.0000,1000,472,1000,1,975.1658
20910.0000,2091,2436.9680,0.0000,1000,474,1000,1,975.1776
20920.0000,2092,2436.9871,0.0000,1000,481,1000,1,975.1895
20930.0000,2093,2437.0082,0.0000,1000,480,1000,1,975.2014
20940.0000,2094,2437.0284,0.0000,1000,476,1000,1,975.2132
20950.0000,2095,2437.0451,0.0000,1000,474,1000,1,975.2250
20960.0000,2096,2437.0640,0.0000,1000,479,1000,1,975.2369
20970.0000,2097,2437.0854,0.0000,1000,484,1000,1,975.2487
20980.0000,2098,2437.1065,0.0000,1000,479,1000,1,975.2605
20990.0000,2099,2437.1274,0.0000,1000,482,1000,1,975.2723
21000.0000,2100,2437.1504,0.0000,1000,482,1000,1,975.2840
21010.0000,2101,2437.1724,0.0000,1000,486,1000,1,975.2958
21020.0000,2102,2437.1964,0.0000,1000,488,1000,1,975.3075
21030.0000,2103,2437.2204,0.0000,1000,491,1000,1,975.3193
21040.0000,2104,2437.2446,0.0000,1000,484,1000,1,975.3310
21050.0000,2105,2437.2662,0.0000,1000,480,1000,1,975.3427
21060.0000,2106,2437.2843,0.0000,1000,473,1000,1,975.3544
21070.0000,2107,2437.3015,0.0000,1000,473,1000,1,975.3661
21080.0000,2108,2437.3196,0.0000,1000,476,1000,1,975.3778
21090.0000,2109,2437.3364,0.0000,1000,472,1000,1,975.3895
21100.0000,2110,2437.3549,0.0000,1000,477,1000,1,975.4012
21110.0000,2111,2437.3744,0.0000,1000,480,1000,1,975.4128
21120.0000,2112,2437.3946,0.0000,1000,478,1000,1,975.4245
21130.0000,2113,2437.4165,0.0000,1000,489,1000,1,975.4361
21140.0000,2114,2437.4402,0.0000,1000,485,1000,1,975.4477
21150.0000,2115,2437.4641,0.0000,1000,492,1000,1,975.4593
21160.0000,2116,2437.4901,0.0000,1000,494,1000,1,975.4709
21170.0000,2117,2437.5169,0.0000,1000,491,1000,1,975.4825
21180.0000,2118,2437.5415,0.0000,1000,490,1000,1,975.4941
21190.0000,2119,2437.5664,0.0000,1000,492,1000,1,975.5056
21200.0000,2120,2437.5909,0.0000,1000,488,1000,1,975.5172
21210.0000,2121,2437.6151,0.0000,1000,490,1000,1,975.5287
21220.0000,2122,2437.6390,0.0000,1000,487,1000,1,975.5403
21230.0000,2123,2437.6647,0.0000,1000,498,1000,1,975.5518
21240.0000,2124,2437.6915,0.0000,1000,492,1000,1,975.5633
21250.0000,2125,2437.7176,0.0000,1000,492,1000,1,975.5748
21260.0000,2126,2437.7429,0.0000,1000,494,1000,1,975.5863
21270.0000,2127,2437.7691,0.0000,1000,494,1000,1,975.5978
21280.0000,2128,2437.7938,0.0000,1000,487,1000,1,975.6092
21290.0000,2129,2437.8192,0.0000,1000,496,1000,1,975.6207
21300.0000,2130,2437.8454,0.0000,1000,492,1000,1,975.6321
21310.0000,2131,2437.8704,0.0000,1000,494,1000,1,975.6436
21320.0000,2132,2437.8955,0.0000,1000,489,1000,1,975.6550
21330.0000,2133,2437.9180,0.0000,1000,483,1000,1,975.6664
21340.0000,2134,2437.9414,0.0000,1000,491,1000,1,975.6778
21350.0000,2135,2437.9648,0.0000,1000,490,1000,1,975.6892
21360.0000,2136,2437.9873,0.0000,1000,483,1000,1,975.7006
21370.0000,2137,2438.0081,0.0000,1000,483,1000,1,975.7120
21380.0000,2138,2438.0288,0.0000,1000,486,1000,1,975.7233
21390.0000,2139,2438.0507,0.0000,1000,482,1000,1,975.7347
21400.0000,2140,2438.0690,0.0000,1000,476,1000,1,975.7460
21410.0000,2141,2438.0889,0.0000,1000,486,1000,1,975.7573
21420.0000,2142,2438.1103,0.0000,1000,483,1000,1,975.7687
21430.0000,2143,2438.1325,0.0000,1000,488,1000,1,975.7800
21440.0000,2144,2438.1560,0.0000,1000,487,1000,1,975.7913
21450.0000,2145,2438.1799,0.0000,1000,487,1000,1,975.8025
21460.0000,2146,2438.2032,0.0000,1000,486,1000,1,975.8138
21470.0000,2147,2438.2229,0.0000,1000,481,1000,1,975.8251
21480.0000,2148,2438.2430,0.0000,1000,482,1000,1,975.8363
21490.0000,2149,2438.2635,0.0000,1000,482,1000,1,975.8476
21500.0000,2150,2438.2837,0.0000,1000,480,1000,1,975.8588
21510.0000,2151,2438.3046,0.0000,1000,484,1000,1,975.8700
21520.0000,2152,2438.3264,0.0000,1000,488,1000,1,975.8813
21530.0000,2153,2438.3509,0.0000,1000,499,1000,1,975.8925
21540.0000,2154,2438.3798,0.0000,1000,502,1000,1,975.9036
21550.0000,2155,2438.4075,0.0000,1000,497,1000,1,975.9148
21560.0000,2156,2438.4335,0.0000,1000,491,1000,1,975.9260
21570.0000,2157,2438.4568,0.0000,1000,487,1000,1,975.9372
21580.0000,2158,2438.4800,0.0000,1000,486,1000,1,975.9483
21590.0000,2159,2438.5042,0.0000,1000,496,1000,1,975.9595
21600.0000,2160,2438.5304,0.0000,1000,490,1000,1,975.9706
21610.0000,2161,2438.5529,0.0000,1000,489,1000,1,975.9817
21620.0000,2162,2438.5735,0.0000,1000,480,1000,1,975.9928
21630.0000,2163,2438.5929,0.0000,1000,482,1000,1,976.0039
21640.0000,2164,2438.6119,0.0000,1000,480,1000,1,976.0150
21650.0000,2165,2438.6323,0.0000,1000,487,1000,1,976.0261
21660.0000,2166,2438.6535,0.0000,1000,482,1000,1,976.0371
21670.0000,2167,2438.6730,0.0000,1000,480,1000,1,976.0482
21680.0000,2168,2438.6930,0.0000,1000,480,1000,1,976.0593
21690.0000,2169,2438.7112,0.0000,1000,481,1000,1,976.0703
21700.0000,2170,2438.7323,0.0000,1000,487,1000,1,976.0813
21710.0000,2171,2438.7548,0.0000,1000,488,1000,1,976.0923
21720.0000,2172,2438.7801,0.0000,1000,496,1000,1,976.1033
21730.0000,2173,2438.8039,0.0000,1000,489,1000,1,976.1143
21740.0000,2174,2438.8264,0.0000,1000,489,1000,1,976.1253
21750.0000,2175,2438.8509,0.0000,1000,495,1000,1,976.1363
21760.0000,2176,2438.8760,0.0000,1000,492,1000,1,976.1473
21770.0000,2177,2438.9008,0.0000,1000,492,1000,1,976.1582
21780.0000,2178,2438.9250,0.0000,1000,490,1000,1,976.1692
21790.0000,2179,2438.9500,0.0000,1000,497,1000,1,976.1801
21800.0000,2180,2438.9752,0.0000,1000,496,1000,1,976.1910
21810.0000,2181,2439.0020,0.0000,1000,496,1000,1,976.2020
21820.0000,2182,2439.0283,0.0000,1000,495,1000,1,976.2129
21830.0000,2183,2439.0526,0.0000,1000,495,1000,1,976.2238
21840.0000,2184,2439.0769,0.0000,1000,491,1000,1,976.2346
21850.0000,2185,2439.1010,0.0000,1000,491,1000,1,976.2455
21860.0000,2186,2439.1226,0.0000,1000,484,1000,1,976.2564
21870.0000,2187,2439.1433,0.0000,1000,482,1000,1,976.2672
21880.0000,2188,2439.1615,0.0000,1000,480,1000,1,976.2781
21890.0000,2189,2439.1786,0.0000,1000,471,1000,1,976.2889
21900.0000,2190,2439.1931,0.0000,1000,469,1000,1,976.2998
21910.0000,2191,2439.2081,0.0000,1000,472,1000,1,976.3106
21920.0000,2192,2439.2240,0.0000,1000,473,1000,1,976.3214
21930.0000,2193,2439.2394,0.0000,1000,471,1000,1,976.3322
21940.0000,2194,2439.2545,0.0000,1000,473,1000,1,976.3430
21950.0000,2195,2439.2713,0.0000,1000,477,1000,1,976.3537
21960.0000,2196,2439.2899,0.0000,1000,478,1000,1,976.3645
21970.0000,2197,2439.3080,0.0000,1000,478,1000,1,976.3753
21980.0000,2198,2439.3266,0.0000,1000,482,1000,1,976.3860
21990.0000,2199,2439.3458,0.0000,1000,481,1000,1,976.3968
22000.0000,2200,2439.3626,0.0000,1000,470,1000,1,976.4075
22010.0000,2201,2439.3771,0.0000,1000,471,1000,1,976.4182
22020.0000,2202,2439.3906,0.0000,1000,467,1000,1,976.4289
22030.0000,2203,2439.4022,0.0000,1000,467,1000,1,976.4396
22040.0000,2204,2439.4156,0.0000,1000,473,1000,1,976.4503
22050.0000,2205,2439.4297,0.0000,1000,468,1000,1,976.4610
22060.0000,2206,2439.4406,0.0000,1000,459,1000,1,976.4716
22070.0000,2207,2439.4491,0.0000,1000,454,1000,1,976.4823
22080.0000,2208,2439.4564,0.0000,1000,453,1000,1,976.4930
22090.0000,2209,2439.4608,0.0000,1000,444,1000,1,976.5036
22100.0000,2210,2439.4642,0.0000,1000,448,1000,1,976.5142
22110.0000,2211,2439.4700,0.0000,1000,453,1000,1,976.5249
22120.0000,2212,2439.4771,0.0000,1000,457,1000,1,976.5355
22130.0000,2213,2439.4851,0.0000,1000,459,1000,1,976.5461
22140.0000,2214,2439.4943,0.0000,1000,463,1000,1,976.5567
22150.0000,2215,2439.5045,0.0000,1000,463,1000,1,976.5672
22160.0000,2216,2439.5145,0.0000,1000,462,1000,1,976.5778
22170.0000,2217,2439.5231,0.0000,1000,457,1000,1,976.5884
22180.0000,2218,2439.5302,0.0000,1000,456,1000,1,976.5989
22190.0000,2219,2439.5375,0.0000,1000,456,1000,1,976.6095
22200.0000,2220,2439.5438,0.0000,1000,452,1000,1,976.6200
22210.0000,2221,2439.5489,0.0000,1000,449,1000,1,976.6306
22220.0000,2222,2439.5514,0.0000,1000,447,1000,1,976.6411
22230.0000,2223,2439.5529,0.0000,1000,442,1000,1,976.6516
22240.0000,2224,2439.5522,0.0000,1000,435,1000,1,976.6621
22250.0000,2225,2439.5509,0.0000,1000,437,1000,1,976.6726
22260.0000,2226,2439.5487,0.0000,1000,436,1000,1,976.6830
22270.0000,2227,2439.5458,0.0000,1000,435,1000,1,976.6935
22280.0000,2228,2439.5421,0.0000,1000,429,1000,1,976.7040
22290.0000,2229,2439.5375,0.0000,1000,428,1000,1,976.7144
22300.0000,2230,2439.5318,0.0000,1000,427,1000,1,976.7249
22310.0000,2231,2439.5264,0.0000,1000,426,1000,1,976.7353
22320.0000,2232,2439.5213,0.0000,1000,431,1000,1,976.7457
22330.0000,2233,2439.5168,0.0000,1000,430,1000,1,976.7561
22340.0000,2234,2439.5137,0.0000,1000,434,1000,1,976.7665
22350.0000,2235,2439.5112,0.0000,1000,432,1000,1,976.7769
22360.0000,2236,2439.5083,0.0000,1000,431,1000,1,976.7873
22370.0000,2237,2439.5048,0.0000,1000,432,1000,1,976.7977
22380.0000,2238,2439.5007,0.0000,1000,429,1000,1,976.8081
22390.0000,2239,2439.4962,0.0000,1000,427,1000,1,976.8184
22400.0000,2240,2439.4882,0.0000,1000,416,1000,1,976.8288
22410.0000,2241,2439.4774,0.0000,1000,415,1000,1,976.8391
22420.0000,2242,2439.4671,0.0000,1000,417,1000,1,976.8494
22430.0000,2243,2439.4566,0.0000,1000,415,1000,1,976.8598
22440.0000,2244,2439.4455,0.0000,1000,412,1000,1,976.8701
22450.0000,2245,2439.4330,0.0000,1000,409,1000,1,976.8804
22460.0000,2246,2439.4191,0.0000,1000,408,1000,1,976.8907
22470.0000,2247,2439.4072,0.0000,1000,415,1000,1,976.9010
22480.0000,2248,2439.3954,0.0000,1000,411,1000,1,976.9112
22490.0000,2249,2439.3815,0.0000,1000,407,1000,1,976.9215
22500.0000,2250,2439.3671,0.0000,1000,405,1000,1,976.9318
22510.0000,2251,2439.3524,0.0000,1000,402,1000,1,976.9420
22520.0000,2252,2439.3361,0.0000,1000,408,1000,1,976.9522
22530.0000,2253,2439.3217,0.0000,1000,404,1000,1,976.9625
22540.0000,2254,2439.3066,0.0000,1000,406,1000,1,976.9727
22550.0000,2255,2439.2929,0.0000,1000,413,1000,1,976.9829
22560.0000,2256,2439.2802,0.0000,1000,408,1000,1,976.9931
22570.0000,2257,2439.2653,0.0000,1000,406,1000,1,977.0033
22580.0000,2258,2439.2481,0.0000,1000,397,1000,1,977.0135
22590.0000,2259,2439.2292,0.0000,1000,397,1000,1,977.0237
22600.0000,2260,2439.2097,0.0000,1000,397,1000,1,977.0338
22610.0000,2261,2439.1914,0.0000,1000,396,1000,1,977.0440
22620.0000,2262,2439.1718,0.0000,1000,396,1000,1,977.0541
22630.0000,2263,2439.1537,0.0000,1000,402,1000,1,977.0643
22640.0000,2264,2439.1379,0.0000,1000,406,1000,1,977.0744
22650.0000,2265,2439.1227,0.0000,1000,405,1000,1,977.0845
22660.0000,2266,2439.1055,0.0000,1000,398,1000,1,977.0946
22670.0000,2267,2439.0872,0.0000,1000,395,1000,1,977.1047
22680.0000,2268,2439.0675,0.0000,1000,395,1000,1,977.1148
22690.0000,2269,2439.0483,0.0000,1000,394,1000,1,977.1249
22700.0000,2270,2439.0302,0.0000,1000,398,1000,1,977.1350
22710.0000,2271,2439.0120,0.0000,1000,398,1000,1,977.1451
22720.0000,2272,2438.9935,0.0000,1000,397,1000,1,977.1551
22730.0000,2273,2438.9754,0.0000,1000,401,1000,1,977.1652
22740.0000,2274,2438.9598,0.0000,1000,406,1000,1,977.1752
22750.0000,2275,2438.9452,0.0000,1000,403,1000,1,977.1853
22760.0000,2276,2438.9304,0.0000,1000,408,1000,1,977.1953
22770.0000,2277,2438.9174,0.0000,1000,404,1000,1,977.2053
22780.0000,2278,2438.9017,0.0000,1000,404,1000,1,977.2153
22790.0000,2279,2438.8850,0.0000,1000,398,1000,1,977.2253
22800.0000,2280,2438.8711,0.0000,1000,413,1000,1,977.2353
22810.0000,2281,2438.8602,0.0000,1000,416,1000,1,977.2453
22820.0000,2282,2438.8505,0.0000,1000,413,1000,1,977.2552
22830.0000,2283,2438.8390,0.0000,1000,414,1000,1,977.2652
22840.0000,2284,2438.8284,0.0000,1000,412,1000,1,977.2752
22850.0000,2285,2438.8161,0.0000,1000,411,1000,1,977.2851
22860.0000,2286,2438.8024,0.0000,1000,406,1000,1,977.2950
22870.0000,2287,2438.7880,0.0000,1000,406,1000,1,977.3050
22880.0000,2288,2438.7745,0.0000,1000,408,1000,1,977.3149
22890.0000,2289,2438.7611,0.0000,1000,409,1000,1,977.3248
22900.0000,2290,2438.7488,0.0000,1000,409,1000,1,977.3347
22910.0000,2291,2438.7348,0.0000,1000,402,1000,1,977.3446
22920.0000,2292,2438.7167,0.0000,1000,392,1000,1,977.3545
22930.0000,2293,2438.6971,0.0000,1000,393,1000,1,977.3644
22940.0000,2294,2438.6764,0.0000,1000,391,1000,1,977.3742
22950.0000,2295,2438.6554,0.0000,1000,388,1000,1,977.3841
22960.0000,2296,2438.6325,0.0000,1000,386,1000,1,977.3939
22970.0000,2297,2438.6101,0.0000,1000,381,1000,1,977.4038
22980.0000,2298,2438.5848,0.0000,1000,381,1000,1,977.4136
22990.0000,2299,2438.5622,0.0000,1000,390,1000,1,977.4234
23000.0000,2300,2438.5387,0.0000,1000,384,1000,1,977.4332
23010.0000,2301,2438.5142,0.0000,1000,379,1000,1,977.4431
23020.0000,2302,2438.4884,0.0000,1000,379,1000,1,977.4528
23030.0000,2303,2438.4614,0.0000,1000,373,1000,1,977.4626
23040.0000,2304,2438.4325,0.0000,1000,374,1000,1,977.4724
23050.0000,2305,2438.4043,0.0000,1000,371,1000,1,977.4822
23060.0000,2306,2438.3753,0.0000,1000,370,1000,1,977.4920
23070.0000,2307,2438.3455,0.0000,1000,374,1000,1,977.5017
23080.0000,2308,2438.3183,0.0000,1000,377,1000,1,977.5115
23090.0000,2309,2438.2912,0.0000,1000,377,1000,1,977.5212
23100.0000,2310,2438.2624,0.0000,1000,367,1000,1,977.5309
23110.0000,2311,2438.2298,0.0000,1000,359,1000,1,977.5407
23120.0000,2312,2438.1947,0.0000,1000,354,1000,1,977.5504
23130.0000,2313,2438.1595,0.0000,1000,355,1000,1,977.5601
23140.0000,2314,2438.1214,0.0000,1000,345,1000,1,977.5698
23150.0000,2315,2438.0799,0.0000,1000,338,1000,1,977.5795
23160.0000,2316,2438.0366,0.0000,1000,336,1000,1,977.5891
23170.0000,2317,2437.9926,0.0000,1000,335,1000,1,977.5988
23180.0000,2318,2437.9462,0.0000,1000,329,1000,1,977.6085
23190.0000,2319,2437.8995,0.0000,1000,327,1000,1,977.6181
23200.0000,2320,2437.8509,0.0000,1000,322,1000,1,977.6278
23210.0000,2321,2437.8007,0.0000,1000,317,1000,1,977.6374
23220.0000,2322,2437.7492,0.0000,1000,318,1000,1,977.6471
23230.0000,2323,2437.6963,0.0000,1000,310,1000,1,977.6567
23240.0000,2324,2437.6427,0.0000,1000,313,1000,1,977.6663
23250.0000,2325,2437.5888,0.0000,1000,311,1000,1,977.6759
23260.0000,2326,2437.5343,0.0000,1000,310,1000,1,977.6855
23270.0000,2327,2437.4816,0.0000,1000,320,1000,1,977.6951
23280.0000,2328,2437.4299,0.0000,1000,318,1000,1,977.7047
23290.0000,2329,2437.3799,0.0000,1000,322,1000,1,977.7142
23300.0000,2330,2437.3309,0.0000,1000,324,1000,1,977.7238
23310.0000,2331,2437.2803,0.0000,1000,318,1000,1,977.7334
23320.0000,2332,2437.2290,0.0000,1000,314,1000,1,977.7429
23330.0000,2333,2437.1768,0.0000,1000,319,1000,1,977.7524
23340.0000,2334,2437.1257,0.0000,1000,321,1000,1,977.7620
23350.0000,2335,2437.0762,0.0000,1000,322,1000,1,977.7715
23360.0000,2336,2437.0266,0.0000,1000,318,1000,1,977.7810
23370.0000,2337,2436.9765,0.0000,1000,323,1000,1,977.7905
23380.0000,2338,2436.9284,0.0000,1000,327,1000,1,977.8000
23390.0000,2339,2436.8798,0.0000,1000,326,1000,1,977.8095
23400.0000,2340,2436.8319,0.0000,1000,325,1000,1,977.8190
23410.0000,2341,2436.7824,0.0000,1000,321,1000,1,977.8285
23420.0000,2342,2436.7327,0.0000,1000,323,1000,1,977.8379
23430.0000,2343,2436.6836,0.0000,1000,322,1000,1,977.8474
23440.0000,2344,2436.6343,0.0000,1000,319,1000,1,977.8569
23450.0000,2345,2436.5830,0.0000,1000,318,1000,1,977.8663
23460.0000,2346,2436.5325,0.0000,1000,318,1000,1,977.8757
23470.0000,2347,2436.4814,0.0000,1000,314,1000,1,977.8852
23480.0000,2348,2436.4295,0.0000,1000,315,1000,1,977.8946
23490.0000,2349,2436.3789,0.0000,1000,322,1000,1,977.9040
23500.0000,2350,2436.3307,0.0000,1000,325,1000,1,977.9134
23510.0000,2351,2436.2833,0.0000,1000,325,1000,1,977.9228
23520.0000,2352,2436.2340,0.0000,1000,321,1000,1,977.9322
23530.0000,2353,2436.1850,0.0000,1000,320,1000,1,977.9415
23540.0000,2354,2436.1359,0.0000,1000,321,1000,1,977.9509
23550.0000,2355,2436.0871,0.0000,1000,321,1000,1,977.9603
23560.0000,2356,2436.0371,0.0000,1000,315,1000,1,977.9696
23570.0000,2357,2435.9850,0.0000,1000,307,1000,1,977.9790
23580.0000,2358,2435.9306,0.0000,1000,312,1000,1,977.9883
23590.0000,2359,2435.8785,0.0000,1000,315,1000,1,977.9977
23600.0000,2360,2435.8279,0.0000,1000,318,1000,1,978.0070
23610.0000,2361,2435.7790,0.0000,1000,318,1000,1,978.0163
23620.0000,2362,2435.7300,0.0000,1000,321,1000,1,978.0256
23630.0000,2363,2435.6805,0.0000,1000,315,1000,1,978.0349
23640.0000,2364,2435.6286,0.0000,1000,311,1000,1,978.0442
23650.0000,2365,2435.5744,0.0000,1000,308,1000,1,978.0535
23660.0000,2366,2435.5192,0.0000,1000,300,1000,1,978.0627
23670.0000,2367,2435.4597,0.0000,1000,293,1000,1,978.0720
23680.0000,2368,2435.3992,0.0000,1000,294,1000,1,978.0813
23690.0000,2369,2435.3368,0.0000,1000,284,1000,1,978.0905
23700.0000,2370,2435.2733,0.0000,1000,285,1000,1,978.0998
23710.0000,2371,2435.2109,0.0000,1000,284,1000,1,978.1090
23720.0000,2372,2435.1469,0.0000,1000,281,1000,1,978.1182
23730.0000,2373,2435.0825,0.0000,1000,286,1000,1,978.1275
23740.0000,2374,2435.0181,0.0000,1000,280,1000,1,978.1367
23750.0000,2375,2434.9542,0.0000,1000,287,1000,1,978.1459
23760.0000,2376,2434.8920,0.0000,1000,286,1000,1,978.1551
23770.0000,2377,2434.8284,0.0000,1000,280,1000,1,978.1643
23780.0000,2378,2434.7643,0.0000,1000,283,1000,1,978.1734
23790.0000,2379,2434.7007,0.0000,1000,282,1000,1,978.1826
23800.0000,2380,2434.6356,0.0000,1000,277,1000,1,978.1918
23810.0000,2381,2434.5677,0.0000,1000,271,1000,1,978.2009
23820.0000,2382,2434.4980,0.0000,1000,266,1000,1,978.2101
23830.0000,2383,2434.4275,0.0000,1000,269,1000,1,978.2192
23840.0000,2384,2434.3575,0.0000,1000,264,1000,1,978.2284
23850.0000,2385,2434.2863,0.0000,1000,262,1000,1,978.2375
23860.0000,2386,2434.2149,0.0000,1000,264,1000,1,978.2466
23870.0000,2387,2434.1433,0.0000,1000,260,1000,1,978.2557
23880.0000,2388,2434.0704,0.0000,1000,261,1000,1,978.2648
23890.0000,2389,2433.9977,0.0000,1000,264,1000,1,978.2739
23900.0000,2390,2433.9278,0.0000,1000,266,1000,1,978.2830
23910.0000,2391,2433.8588,0.0000,1000,269,1000,1,978.2921
23920.0000,2392,2433.7880,0.0000,1000,265,1000,1,978.3012
23930.0000,2393,2433.7174,0.0000,1000,260,1000,1,978.3103
23940.0000,2394,2433.6434,0.0000,1000,254,1000,1,978.3193
23950.0000,2395,2433.5701,0.0000,1000,261,1000,1,978.3284
23960.0000,2396,2433.4974,0.0000,1000,256,1000,1,978.3374
23970.0000,2397,2433.4227,0.0000,1000,255,1000,1,978.3465
23980.0000,2398,2433.3461,0.0000,1000,249,1000,1,978.3555
23990.0000,2399,2433.2705,0.0000,1000,253,1000,1,978.3645
24000.0000,2400,2433.1960,0.0000,1000,258,1000,1,978.3735
24010.0000,2401,2433.1219,0.0000,1000,255,1000,1,978.3825
24020.0000,2402,2433.0503,0.0000,1000,262,1000,1,978.3915
24030.0000,2403,2432.9785,0.0000,1000,257,1000,1,978.4005
24040.0000,2404,2432.9061,0.0000,1000,260,1000,1,978.4095
24050.0000,2405,2432.8355,0.0000,1000,264,1000,1,978.4185
24060.0000,2406,2432.7663,0.0000,1000,269,1000,1,978.4275
24070.0000,2407,2432.6972,0.0000,1000,262,1000,1,978.4364
24080.0000,2408,2432.6270,0.0000,1000,265,1000,1,978.4454
24090.0000,2409,2432.5595,0.0000,1000,272,1000,1,978.4543
24100.0000,2410,2432.4940,0.0000,1000,275,1000,1,978.4633
24110.0000,2411,2432.4294,0.0000,1000,274,1000,1,978.4722
24120.0000,2412,2432.3645,0.0000,1000,277,1000,1,978.4811
24130.0000,2413,2432.3012,0.0000,1000,284,1000,1,978.4900
24140.0000,2414,2432.2387,0.0000,1000,277,1000,1,978.4989
24150.0000,2415,2432.1743,0.0000,1000,280,1000,1,978.5079
24160.0000,2416,2432.1117,0.0000,1000,281,1000,1,978.5167
24170.0000,2417,2432.0488,0.0000,1000,278,1000,1,978.5256
24180.0000,2418,2431.9837,0.0000,1000,274,1000,1,978.5345
24190.0000,2419,2431.9179,0.0000,1000,273,1000,1,978.5434
24200.0000,2420,2431.8511,0.0000,1000,269,1000,1,978.5523
24210.0000,2421,2431.7861,0.0000,1000,277,1000,1,978.5611
24220.0000,2422,2431.7232,0.0000,1000,279,1000,1,978.5700
24230.0000,2423,2431.6592,0.0000,1000,276,1000,1,978.5788
24240.0000,2424,2431.5958,0.0000,1000,278,1000,1,978.5876
24250.0000,2425,2431.5324,0.0000,1000,275,1000,1,978.5965
24260.0000,2426,2431.4691,0.0000,1000,280,1000,1,978.6053
24270.0000,2427,2431.4059,0.0000,1000,278,1000,1,978.6141
24280.0000,2428,2431.3420,0.0000,1000,276,1000,1,978.6229
24290.0000,2429,2431.2793,0.0000,1000,283,1000,1,978.6317
24300.0000,2430,2431.2183,0.0000,1000,284,1000,1,978.6405
24310.0000,2431,2431.1587,0.0000,1000,289,1000,1,978.6493
24320.0000,2432,2431.0996,0.0000,1000,285,1000,1,978.6581
24330.0000,2433,2431.0380,0.0000,1000,278,1000,1,978.6669
24340.0000,2434,2430.9765,0.0000,1000,281,1000,1,978.6756
24350.0000,2435,2430.9146,0.0000,1000,281,1000,1,978.6844
24360.0000,2436,2430.8517,0.0000,1000,275,1000,1,978.6931
24370.0000,2437,2430.7891,0.0000,1000,283,1000,1,978.7019
24380.0000,2438,2430.7272,0.0000,1000,279,1000,1,978.7106
24390.0000,2439,2430.6639,0.0000,1000,276,1000,1,978.7193
24400.0000,2440,2430.5996,0.0000,1000,275,1000,1,978.7281
24410.0000,2441,2430.5369,0.0000,1000,280,1000,1,978.7368
24420.0000,2442,2430.4741,0.0000,1000,279,1000,1,978.7455
24430.0000,2443,2430.4133,0.0000,1000,284,1000,1,978.7542
24440.0000,2444,2430.3517,0.0000,1000,279,1000,1,978.7629
24450.0000,2445,2430.2879,0.0000,1000,274,1000,1,978.7716
24460.0000,2446,2430.2235,0.0000,1000,272,1000,1,978.7802
24470.0000,2447,2430.1582,0.0000,1000,271,1000,1,978.7889
24480.0000,2448,2430.0922,0.0000,1000,267,1000,1,978.7976
24490.0000,2449,2430.0258,0.0000,1000,266,1000,1,978.8062
24500.0000,2450,2429.9569,0.0000,1000,258,1000,1,978.8149
24510.0000,2451,2429.8866,0.0000,1000,258,1000,1,978.8235
24520.0000,2452,2429.8168,0.0000,1000,260,1000,1,978.8322
24530.0000,2453,2429.7476,0.0000,1000,263,1000,1,978.8408
24540.0000,2454,2429.6816,0.0000,1000,272,1000,1,978.8494
24550.0000,2455,2429.6164,0.0000,1000,264,1000,1,978.8580
24560.0000,2456,2429.5486,0.0000,1000,264,1000,1,978.8666
24570.0000,2457,2429.4820,0.0000,1000,271,1000,1,978.8752
24580.0000,2458,2429.4175,0.0000,1000,272,1000,1,978.8838
24590.0000,2459,2429.3506,0.0000,1000,261,1000,1,978.8924
24600.0000,2460,2429.2816,0.0000,1000,260,1000,1,978.9010
24610.0000,2461,2429.2119,0.0000,1000,256,1000,1,978.9096
24620.0000,2462,2429.1414,0.0000,1000,258,1000,1,978.9181
24630.0000,2463,2429.0706,0.0000,1000,252,1000,1,978.9267
24640.0000,2464,2429.0000,0.0000,1000,258,1000,1,978.9353
24650.0000,2465,2428.9295,0.0000,1000,254,1000,1,978.9438
24660.0000,2466,2428.8593,0.0000,1000,254,1000,1,978.9523
24670.0000,2467,2428.7902,0.0000,1000,260,1000,1,978.9609
24680.0000,2468,2428.7221,0.0000,1000,261,1000,1,978.9694
24690.0000,2469,2428.6537,0.0000,1000,264,1000,1,978.9779
24700.0000,2470,2428.5860,0.0000,1000,260,1000,1,978.9864
24710.0000,2471,2428.5171,0.0000,1000,260,1000,1,978.9949
24720.0000,2472,2428.4494,0.0000,1000,257,1000,1,979.0034
24730.0000,2473,2428.3806,0.0000,1000,260,1000,1,979.0119
24740.0000,2474,2428.3111,0.0000,1000,253,1000,1,979.0204
24750.0000,2475,2428.2406,0.0000,1000,252,1000,1,979.0289
24760.0000,2476,2428.1699,0.0000,1000,254,1000,1,979.0373
24770.0000,2477,2428.0983,0.0000,1000,247,1000,1,979.0458
24780.0000,2478,2428.0253,0.0000,1000,250,1000,1,979.0543
24790.0000,2479,2427.9537,0.0000,1000,255,1000,1,979.0627
24800.0000,2480,2427.8851,0.0000,1000,258,1000,1,979.0712
24810.0000,2481,2427.8172,0.0000,1000,258,1000,1,979.0796
24820.0000,2482,2427.7482,0.0000,1000,259,1000,1,979.0880
24830.0000,2483,2427.6803,0.0000,1000,260,1000,1,979.0964
24840.0000,2484,2427.6124,0.0000,1000,260,1000,1,979.1049
24850.0000,2485,2427.5441,0.0000,1000,262,1000,1,979.1133
24860.0000,2486,2427.4778,0.0000,1000,261,1000,1,979.1217
24870.0000,2487,2427.4124,0.0000,1000,267,1000,1,979.1301
24880.0000,2488,2427.3487,0.0000,1000,269,1000,1,979.1384
24890.0000,2489,2427.2857,0.0000,1000,271,1000,1,979.1468
24900.0000,2490,2427.2223,0.0000,1000,265,1000,1,979.1552
24910.0000,2491,2427.1567,0.0000,1000,265,1000,1,979.1636
24920.0000,2492,2427.0910,0.0000,1000,266,1000,1,979.1719
24930.0000,2493,2427.0247,0.0000,1000,260,1000,1,979.1803
24940.0000,2494,2426.9574,0.0000,1000,257,1000,1,979.1886
24950.0000,2495,2426.8875,0.0000,1000,249,1000,1,979.1970
24960.0000,2496,2426.8166,0.0000,1000,247,1000,1,979.2053
24970.0000,2497,2426.7439,0.0000,1000,245,1000,1,979.2136
24980.0000,2498,2426.6699,0.0000,1000,240,1000,1,979.2220
24990.0000,2499,2426.5938,0.0000,1000,235,1000,1,979.2303
25000.0000,2500,2426.5176,0.0000,1000,236,1000,1,979.2386
25010.0000,2501,2426.4417,0.0000,1000,238,1000,1,979.2469
25020.0000,2502,2426.3650,0.0000,1000,235,1000,1,979.2552
25030.0000,2503,2426.2887,0.0000,1000,235,1000,1,979.2635
25040.0000,2504,2426.2116,0.0000,1000,230,1000,1,979.2717
25050.0000,2505,2426.1345,0.0000,1000,235,1000,1,979.2800
25060.0000,2506,2426.0587,0.0000,1000,233,1000,1,979.2883
25070.0000,2507,2425.9814,0.0000,1000,229,1000,1,979.2966
25080.0000,2508,2425.9024,0.0000,1000,223,1000,1,979.3048
25090.0000,2509,2425.8205,0.0000,1000,218,1000,1,979.3131
25100.0000,2510,2425.7365,0.0000,1000,213,1000,1,979.3213
25110.0000,2511,2425.6520,0.0000,1000,207,1000,1,979.3295
25120.0000,2512,2425.5656,0.0000,1000,206,1000,1,979.3378
25130.0000,2513,2425.4790,0.0000,1000,210,1000,1,979.3460
25140.0000,2514,2425.3941,0.0000,1000,214,1000,1,979.3542
25150.0000,2515,2425.3098,0.0000,1000,212,1000,1,979.3624
25160.0000,2516,2425.2239,0.0000,1000,206,1000,1,979.3706
25170.0000,2517,2425.1374,0.0000,1000,208,1000,1,979.3788
25180.0000,2518,2425.0513,0.0000,1000,210,1000,1,979.3870
25190.0000,2519,2424.9668,0.0000,1000,212,1000,1,979.3952
25200.0000,2520,2424.8816,0.0000,1000,206,1000,1,979.4034
25210.0000,2521,2424.7948,0.0000,1000,207,1000,1,979.4115
25220.0000,2522,2424.7081,0.0000,1000,207,1000,1,979.4197
25230.0000,2523,2424.6238,0.0000,1000,215,1000,1,979.4278
25240.0000,2524,2424.5422,0.0000,1000,221,1000,1,979.4360
25250.0000,2525,2424.4619,0.0000,1000,221,1000,1,979.4441
25260.0000,2526,2424.3807,0.0000,1000,220,1000,1,979.4523
25270.0000,2527,2424.2999,0.0000,1000,218,1000,1,979.4604
25280.0000,2528,2424.2191,0.0000,1000,222,1000,1,979.4685
25290.0000,2529,2424.1399,0.0000,1000,224,1000,1,979.4767
25300.0000,2530,2424.0618,0.0000,1000,226,1000,1,979.4848
25310.0000,2531,2423.9837,0.0000,1000,224,1000,1,979.4929
25320.0000,2532,2423.9050,0.0000,1000,228,1000,1,979.5010
25330.0000,2533,2423.8274,0.0000,1000,228,1000,1,979.5091
25340.0000,2534,2423.7484,0.0000,1000,226,1000,1,979.5172
25350.0000,2535,2423.6715,0.0000,1000,229,1000,1,979.5252
25360.0000,2536,2423.5936,0.0000,1000,223,1000,1,979.5333
25370.0000,2537,2423.5136,0.0000,1000,224,1000,1,979.5414
25380.0000,2538,2423.4337,0.0000,1000,219,1000,1,979.5494
25390.0000,2539,2423.3525,0.0000,1000,218,1000,1,979.5575
25400.0000,2540,2423.2703,0.0000,1000,217,1000,1,979.5655
25410.0000,2541,2423.1885,0.0000,1000,215,1000,1,979.5736
25420.0000,2542,2423.1076,0.0000,1000,217,1000,1,979.5816
25430.0000,2543,2423.0268,0.0000,1000,218,1000,1,979.5896
25440.0000,2544,2422.9475,0.0000,1000,219,1000,1,979.5977
25450.0000,2545,2422.8680,0.0000,1000,222,1000,1,979.6057
25460.0000,2546,2422.7874,0.0000,1000,210,1000,1,979.6137
25470.0000,2547,2422.7042,0.0000,1000,217,1000,1,979.6217
25480.0000,2548,2422.6236,0.0000,1000,220,1000,1,979.6297
25490.0000,2549,2422.5436,0.0000,1000,216,1000,1,979.6377
25500.0000,2550,2422.4624,0.0000,1000,214,1000,1,979.6457
25510.0000,2551,2422.3806,0.0000,1000,214,1000,1,979.6536
25520.0000,2552,2422.2995,0.0000,1000,220,1000,1,979.6616
25530.0000,2553,2422.2224,0.0000,1000,228,1000,1,979.6696
25540.0000,2554,2422.1471,0.0000,1000,234,1000,1,979.6775
25550.0000,2555,2422.0749,0.0000,1000,241,1000,1,979.6855
25560.0000,2556,2422.0039,0.0000,1000,236,1000,1,979.6935
25570.0000,2557,2421.9308,0.0000,1000,235,1000,1,979.7014
25580.0000,2558,2421.8570,0.0000,1000,234,1000,1,979.7093
25590.0000,2559,2421.7833,0.0000,1000,234,1000,1,979.7173
25600.0000,2560,2421.7094,0.0000,1000,234,1000,1,979.7252
25610.0000,2561,2421.6360,0.0000,1000,234,1000,1,979.7331
25620.0000,2562,2421.5619,0.0000,1000,231,1000,1,979.7410
25630.0000,2563,2421.4874,0.0000,1000,231,1000,1,979.7489
25640.0000,2564,2421.4119,0.0000,1000,226,1000,1,979.7568
25650.0000,2565,2421.3354,0.0000,1000,222,1000,1,979.7647
25660.0000,2566,2421.2589,0.0000,1000,228,1000,1,979.7726
25670.0000,2567,2421.1823,0.0000,1000,224,1000,1,979.7805
25680.0000,2568,2421.1065,0.0000,1000,228,1000,1,979.7883
25690.0000,2569,2421.0320,0.0000,1000,234,1000,1,979.7962
25700.0000,2570,2420.9599,0.0000,1000,236,1000,1,979.8041
25710.0000,2571,2420.8881,0.0000,1000,237,1000,1,979.8119
25720.0000,2572,2420.8169,0.0000,1000,234,1000,1,979.8198
25730.0000,2573,2420.7427,0.0000,1000,229,1000,1,979.8276
25740.0000,2574,2420.6680,0.0000,1000,229,1000,1,979.8355
25750.0000,2575,2420.5948,0.0000,1000,232,1000,1,979.8433
25760.0000,2576,2420.5229,0.0000,1000,239,1000,1,979.8511
25770.0000,2577,2420.4518,0.0000,1000,237,1000,1,979.8589
25780.0000,2578,2420.3808,0.0000,1000,235,1000,1,979.8667
25790.0000,2579,2420.3089,0.0000,1000,238,1000,1,979.8745
25800.0000,2580,2420.2380,0.0000,1000,236,1000,1,979.8823
25810.0000,2581,2420.1654,0.0000,1000,235,1000,1,979.8901
25820.0000,2582,2420.0949,0.0000,1000,237,1000,1,979.8979
25830.0000,2583,2420.0236,0.0000,1000,231,1000,1,979.9057
25840.0000,2584,2419.9496,0.0000,1000,226,1000,1,979.9135
25850.0000,2585,2419.8734,0.0000,1000,222,1000,1,979.9213
25860.0000,2586,2419.7966,0.0000,1000,218,1000,1,979.9290
25870.0000,2587,2419.7206,0.0000,1000,224,1000,1,979.9368
25880.0000,2588,2419.6449,0.0000,1000,221,1000,1,979.9445
25890.0000,2589,2419.5686,0.0000,1000,223,1000,1,979.9523
25900.0000,2590,2419.4929,0.0000,1000,224,1000,1,979.9600
25910.0000,2591,2419.4168,0.0000,1000,219,1000,1,979.9678
25920.0000,2592,2419.3396,0.0000,1000,220,1000,1,979.9755
25930.0000,2593,2419.2634,0.0000,1000,223,1000,1,979.9832
25940.0000,2594,2419.1859,0.0000,1000,218,1000,1,979.9909
25950.0000,2595,2419.1088,0.0000,1000,218,1000,1,979.9986
25960.0000,2596,2419.0323,0.0000,1000,220,1000,1,980.0063
25970.0000,2597,2418.9544,0.0000,1000,212,1000,1,980.0140
25980.0000,2598,2418.8745,0.0000,1000,215,1000,1,980.0217
25990.0000,2599,2418.7948,0.0000,1000,207,1000,1,980.0294
26000.0000,2600,2418.7142,0.0000,1000,213,1000,1,980.0371
26010.0000,2601,2418.6343,0.0000,1000,210,1000,1,980.0448
26020.0000,2602,2418.5555,0.0000,1000,216,1000,1,980.0524
26030.0000,2603,2418.4760,0.0000,1000,215,1000,1,980.0601
26040.0000,2604,2418.3986,0.0000,1000,219,1000,1,980.0678
26050.0000,2605,2418.3213,0.0000,1000,217,1000,1,980.0754
26060.0000,2606,2418.2460,0.0000,1000,223,1000,1,980.0831
26070.0000,2607,2418.1703,0.0000,1000,225,1000,1,980.0907
26080.0000,2608,2418.0946,0.0000,1000,218,1000,1,980.0983
26090.0000,2609,2418.0176,0.0000,1000,217,1000,1,980.1060
26100.0000,2610,2417.9421,0.0000,1000,221,1000,1,980.1136
26110.0000,2611,2417.8659,0.0000,1000,219,1000,1,980.1212
26120.0000,2612,2417.7898,0.0000,1000,219,1000,1,980.1288
26130.0000,2613,2417.7136,0.0000,1000,220,1000,1,980.1364
26140.0000,2614,2417.6391,0.0000,1000,227,1000,1,980.1440
26150.0000,2615,2417.5668,0.0000,1000,230,1000,1,980.1516
26160.0000,2616,2417.4946,0.0000,1000,230,1000,1,980.1592
26170.0000,2617,2417.4236,0.0000,1000,231,1000,1,980.1668
26180.0000,2618,2417.3530,0.0000,1000,230,1000,1,980.1744
26190.0000,2619,2417.2816,0.0000,1000,231,1000,1,980.1819
26200.0000,2620,2417.2103,0.0000,1000,233,1000,1,980.1895
26210.0000,2621,2417.1389,0.0000,1000,227,1000,1,980.1970
26220.0000,2622,2417.0662,0.0000,1000,229,1000,1,980.2046
26230.0000,2623,2416.9941,0.0000,1000,223,1000,1,980.2121
26240.0000,2624,2416.9222,0.0000,1000,231,1000,1,980.2197
26250.0000,2625,2416.8512,0.0000,1000,229,1000,1,980.2272
26260.0000,2626,2416.7797,0.0000,1000,231,1000,1,980.2348
26270.0000,2627,2416.7093,0.0000,1000,230,1000,1,980.2423
26280.0000,2628,2416.6367,0.0000,1000,224,1000,1,980.2498
26290.0000,2629,2416.5630,0.0000,1000,223,1000,1,980.2573
26300.0000,2630,2416.4911,0.0000,1000,232,1000,1,980.2648
26310.0000,2631,2416.4210,0.0000,1000,237,1000,1,980.2723
26320.0000,2632,2416.3499,0.0000,1000,222,1000,1,980.2798
26330.0000,2633,2416.2754,0.0000,1000,218,1000,1,980.2873
26340.0000,2634,2416.1989,0.0000,1000,216,1000,1,980.2948
26350.0000,2635,2416.1228,0.0000,1000,216,1000,1,980.3023
26360.0000,2636,2416.0471,0.0000,1000,219,1000,1,980.3097
26370.0000,2637,2415.9712,0.0000,1000,215,1000,1,980.3172
26380.0000,2638,2415.8960,0.0000,1000,218,1000,1,980.3247
26390.0000,2639,2415.8217,0.0000,1000,221,1000,1,980.3321
26400.0000,2640,2415.7483,0.0000,1000,221,1000,1,980.3396
26410.0000,2641,2415.6752,0.0000,1000,223,1000,1,980.3470
26420.0000,2642,2415.6013,0.0000,1000,218,1000,1,980.3545
26430.0000,2643,2415.5268,0.0000,1000,219,1000,1,980.3619
26440.0000,2644,2415.4508,0.0000,1000,210,1000,1,980.3693
26450.0000,2645,2415.3736,0.0000,1000,208,1000,1,980.3767
26460.0000,2646,2415.2945,0.0000,1000,204,1000,1,980.3841
26470.0000,2647,2415.2126,0.0000,1000,199,1000,1,980.3916
26480.0000,2648,2415.1308,0.0000,1000,197,1000,1,980.3990
26490.0000,2649,2415.0490,0.0000,1000,202,1000,1,980.4064
26500.0000,2650,2414.9687,0.0000,1000,204,1000,1,980.4138
26510.0000,2651,2414.8887,0.0000,1000,202,1000,1,980.4211
26520.0000,2652,2414.8078,0.0000,1000,201,1000,1,980.4285
26530.0000,2653,2414.7294,0.0000,1000,211,1000,1,980.4359
26540.0000,2654,2414.6506,0.0000,1000,203,1000,1,980.4433
26550.0000,2655,2414.5712,0.0000,1000,203,1000,1,980.4506
26560.0000,2656,2414.4908,0.0000,1000,196,1000,1,980.4580
26570.0000,2657,2414.4077,0.0000,1000,198,1000,1,980.4654
26580.0000,2658,2414.3266,0.0000,1000,202,1000,1,980.4727
26590.0000,2659,2414.2451,0.0000,1000,196,1000,1,980.4801
26600.0000,2660,2414.1626,0.0000,1000,196,1000,1,980.4874
26610.0000,2661,2414.0803,0.0000,1000,194,1000,1,980.4947
26620.0000,2662,2413.9960,0.0000,1000,184,1000,1,980.5021
26630.0000,2663,2413.9098,0.0000,1000,189,1000,1,980.5094
26640.0000,2664,2413.8229,0.0000,1000,180,1000,1,980.5167
26650.0000,2665,2413.7348,0.0000,1000,178,1000,1,980.5240
26660.0000,2666,2413.6452,0.0000,1000,175,1000,1,980.5313
26670.0000,2667,2413.5559,0.0000,1000,176,1000,1,980.5386
26680.0000,2668,2413.4657,0.0000,1000,170,1000,1,980.5459
26690.0000,2669,2413.3749,0.0000,1000,171,1000,1,980.5532
26700.0000,2670,2413.2837,0.0000,1000,169,1000,1,980.5605
26710.0000,2671,2413.1913,0.0000,1000,167,1000,1,980.5677
26720.0000,2672,2413.1000,0.0000,1000,168,1000,1,980.5750
26730.0000,2673,2413.0089,0.0000,1000,172,1000,1,980.5823
26740.0000,2674,2412.9187,0.0000,1000,174,1000,1,980.5896
26750.0000,2675,2412.8310,0.0000,1000,180,1000,1,980.5968
26760.0000,2676,2412.7432,0.0000,1000,175,1000,1,980.6041
26770.0000,2677,2412.6543,0.0000,1000,175,1000,1,980.6113
26780.0000,2678,2412.5650,0.0000,1000,173,1000,1,980.6185
26790.0000,2679,2412.4760,0.0000,1000,175,1000,1,980.6258
26800.0000,2680,2412.3877,0.0000,1000,174,1000,1,980.6330
26810.0000,2681,2412.2970,0.0000,1000,169,1000,1,980.6402
26820.0000,2682,2412.2068,0.0000,1000,171,1000,1,980.6474
26830.0000,2683,2412.1178,0.0000,1000,176,1000,1,980.6547
26840.0000,2684,2412.0287,0.0000,1000,173,1000,1,980.6619
26850.0000,2685,2411.9421,0.0000,1000,187,1000,1,980.6691
26860.0000,2686,2411.8612,0.0000,1000,199,1000,1,980.6763
26870.0000,2687,2411.7821,0.0000,1000,199,1000,1,980.6835
26880.0000,2688,2411.7037,0.0000,1000,200,1000,1,980.6906
26890.0000,2689,2411.6243,0.0000,1000,199,1000,1,980.6978
26900.0000,2690,2411.5461,0.0000,1000,204,1000,1,980.7050
26910.0000,2691,2411.4684,0.0000,1000,201,1000,1,980.7122
26920.0000,2692,2411.3889,0.0000,1000,195,1000,1,980.7193
26930.0000,2693,2411.3079,0.0000,1000,194,1000,1,980.7265
26940.0000,2694,2411.2287,0.0000,1000,201,1000,1,980.7337
26950.0000,2695,2411.1498,0.0000,1000,196,1000,1,980.7408
26960.0000,2696,2411.0703,0.0000,1000,197,1000,1,980.7479
26970.0000,2697,2410.9913,0.0000,1000,199,1000,1,980.7551
26980.0000,2698,2410.9140,0.0000,1000,202,1000,1,980.7622
26990.0000,2699,2410.8377,0.0000,1000,203,1000,1,980.7693
27000.0000,2700,2410.7606,0.0000,1000,202,1000,1,980.7765
27010.0000,2701,2410.6826,0.0000,1000,197,1000,1,980.7836
27020.0000,2702,2410.6033,0.0000,1000,193,1000,1,980.7907
27030.0000,2703,2410.5230,0.0000,1000,196,1000,1,980.7978
27040.0000,2704,2410.4433,0.0000,1000,194,1000,1,980.8049
27050.0000,2705,2410.3631,0.0000,1000,191,1000,1,980.8120
27060.0000,2706,2410.2810,0.0000,1000,189,1000,1,980.8191
27070.0000,2707,2410.1995,0.0000,1000,189,1000,1,980.8262
27080.0000,2708,2410.1185,0.0000,1000,195,1000,1,980.8333
27090.0000,2709,2410.0399,0.0000,1000,196,1000,1,980.8403
27100.0000,2710,2409.9597,0.0000,1000,187,1000,1,980.8474
27110.0000,2711,2409.8776,0.0000,1000,189,1000,1,980.8545
27120.0000,2712,2409.7943,0.0000,1000,179,1000,1,980.8615
27130.0000,2713,2409.7104,0.0000,1000,184,1000,1,980.8686
27140.0000,2714,2409.6265,0.0000,1000,185,1000,1,980.8756
27150.0000,2715,2409.5454,0.0000,1000,193,1000,1,980.8827
27160.0000,2716,2409.4647,0.0000,1000,191,1000,1,980.8897
27170.0000,2717,2409.3837,0.0000,1000,193,1000,1,980.8967
27180.0000,2718,2409.3061,0.0000,1000,201,1000,1,980.9038
27190.0000,2719,2409.2263,0.0000,1000,192,1000,1,980.9108
27200.0000,2720,2409.1467,0.0000,1000,191,1000,1,980.9178
27210.0000,2721,2409.0663,0.0000,1000,189,1000,1,980.9248
27220.0000,2722,2408.9882,0.0000,1000,201,1000,1,980.9318
27230.0000,2723,2408.9118,0.0000,1000,200,1000,1,980.9388
27240.0000,2724,2408.8340,0.0000,1000,198,1000,1,980.9458
27250.0000,2725,2408.7575,0.0000,1000,200,1000,1,980.9528
27260.0000,2726,2408.6815,0.0000,1000,201,1000,1,980.9598
27270.0000,2727,2408.6051,0.0000,1000,202,1000,1,980.9668
27280.0000,2728,2408.5301,0.0000,1000,204,1000,1,980.9738
27290.0000,2729,2408.4559,0.0000,1000,207,1000,1,980.9807
27300.0000,2730,2408.3838,0.0000,1000,210,1000,1,980.9877
27310.0000,2731,2408.3115,0.0000,1000,211,1000,1,980.9947
27320.0000,2732,2408.2392,0.0000,1000,206,1000,1,981.0016
27330.0000,2733,2408.1653,0.0000,1000,209,1000,1,981.0086
27340.0000,2734,2408.0911,0.0000,1000,201,1000,1,981.0155
27350.0000,2735,2408.0160,0.0000,1000,208,1000,1,981.0225
27360.0000,2736,2407.9434,0.0000,1000,206,1000,1,981.0294
27370.0000,2737,2407.8701,0.0000,1000,208,1000,1,981.0363
27380.0000,2738,2407.7976,0.0000,1000,215,1000,1,981.0433
27390.0000,2739,2407.7261,0.0000,1000,209,1000,1,981.0502
27400.0000,2740,2407.6535,0.0000,1000,209,1000,1,981.0571
27410.0000,2741,2407.5810,0.0000,1000,207,1000,1,981.0640
27420.0000,2742,2407.5063,0.0000,1000,200,1000,1,981.0709
27430.0000,2743,2407.4292,0.0000,1000,196,1000,1,981.0778
27440.0000,2744,2407.3530,0.0000,1000,199,1000,1,981.0847
27450.0000,2745,2407.2769,0.0000,1000,199,1000,1,981.0916
27460.0000,2746,2407.2005,0.0000,1000,191,1000,1,981.0985
27470.0000,2747,2407.1228,0.0000,1000,196,1000,1,981.1054
27480.0000,2748,2407.0460,0.0000,1000,200,1000,1,981.1122
27490.0000,2749,2406.9703,0.0000,1000,199,1000,1,981.1191
27500.0000,2750,2406.8954,0.0000,1000,201,1000,1,981.1260
27510.0000,2751,2406.8199,0.0000,1000,198,1000,1,981.1328
27520.0000,2752,2406.7440,0.0000,1000,198,1000,1,981.1397
27530.0000,2753,2406.6705,0.0000,1000,202,1000,1,981.1466
27540.0000,2754,2406.5940,0.0000,1000,194,1000,1,981.1534
27550.0000,2755,2406.5186,0.0000,1000,199,1000,1,981.1602
27560.0000,2756,2406.4435,0.0000,1000,197,1000,1,981.1671
27570.0000,2757,2406.3671,0.0000,1000,194,1000,1,981.1739
27580.0000,2758,2406.2904,0.0000,1000,197,1000,1,981.1807
27590.0000,2759,2406.2150,0.0000,1000,199,1000,1,981.1876
27600.0000,2760,2406.1405,0.0000,1000,204,1000,1,981.1944
27610.0000,2761,2406.0675,0.0000,1000,205,1000,1,981.2012
27620.0000,2762,2405.9943,0.0000,1000,205,1000,1,981.2080
27630.0000,2763,2405.9219,0.0000,1000,202,1000,1,981.2148
27640.0000,2764,2405.8478,0.0000,1000,201,1000,1,981.2216
27650.0000,2765,2405.7745,0.0000,1000,205,1000,1,981.2284
27660.0000,2766,2405.7020,0.0000,1000,204,1000,1,981.2352
27670.0000,2767,2405.6283,0.0000,1000,203,1000,1,981.2419
27680.0000,2768,2405.5557,0.0000,1000,201,1000,1,981.2487
27690.0000,2769,2405.4821,0.0000,1000,203,1000,1,981.2555
27700.0000,2770,2405.4088,0.0000,1000,198,1000,1,981.2623
27710.0000,2771,2405.3331,0.0000,1000,197,1000,1,981.2690
27720.0000,2772,2405.2563,0.0000,1000,193,1000,1,981.2758
27730.0000,2773,2405.1802,0.0000,1000,194,1000,1,981.2825
27740.0000,2774,2405.1041,0.0000,1000,194,1000,1,981.2893
27750.0000,2775,2405.0281,0.0000,1000,191,1000,1,981.2960
27760.0000,2776,2404.9507,0.0000,1000,191,1000,1,981.3028
27770.0000,2777,2404.8732,0.0000,1000,191,1000,1,981.3095
27780.0000,2778,2404.7949,0.0000,1000,186,1000,1,981.3162
27790.0000,2779,2404.7158,0.0000,1000,185,1000,1,981.3229
27800.0000,2780,2404.6373,0.0000,1000,188,1000,1,981.3297
27810.0000,2781,2404.5569,0.0000,1000,175,1000,1,981.3364
27820.0000,2782,2404.4732,0.0000,1000,167,1000,1,981.3431
27830.0000,2783,2404.3878,0.0000,1000,165,1000,1,981.3498
27840.0000,2784,2404.3025,0.0000,1000,167,1000,1,981.3565
27850.0000,2785,2404.2155,0.0000,1000,159,1000,1,981.3632
27860.0000,2786,2404.1270,0.0000,1000,160,1000,1,981.3699
27870.0000,2787,2404.0393,0.0000,1000,158,1000,1,981.3766
27880.0000,2788,2403.9509,0.0000,1000,159,1000,1,981.3832
27890.0000,2789,2403.8626,0.0000,1000,156,1000,1,981.3899
27900.0000,2790,2403.7749,0.0000,1000,159,1000,1,981.3966
27910.0000,2791,2403.6861,0.0000,1000,152,1000,1,981.4032
27920.0000,2792,2403.5965,0.0000,1000,151,1000,1,981.4099
27930.0000,2793,2403.5076,0.0000,1000,159,1000,1,981.4166
27940.0000,2794,2403.4202,0.0000,1000,157,1000,1,981.4232
27950.0000,2795,2403.3320,0.0000,1000,156,1000,1,981.4299
27960.0000,2796,2403.2441,0.0000,1000,158,1000,1,981.4365
27970.0000,2797,2403.1563,0.0000,1000,159,1000,1,981.4431
27980.0000,2798,2403.0699,0.0000,1000,162,1000,1,981.4498
27990.0000,2799,2402.9840,0.0000,1000,163,1000,1,981.4564
28000.0000,2800,2402.8980,0.0000,1000,159,1000,1,981.4630
28010.0000,2801,2402.8103,0.0000,1000,155,1000,1,981.4696
28020.0000,2802,2402.7211,0.0000,1000,152,1000,1,981.4763
28030.0000,2803,2402.6300,0.0000,1000,146,1000,1,981.4829
28040.0000,2804,2402.5379,0.0000,1000,144,1000,1,981.4895
28050.0000,2805,2402.4464,0.0000,1000,149,1000,1,981.4961
28060.0000,2806,2402.3555,0.0000,1000,150,1000,1,981.5027
28070.0000,2807,2402.2667,0.0000,1000,154,1000,1,981.5092
28080.0000,2808,2402.1781,0.0000,1000,151,1000,1,981.5158
28090.0000,2809,2402.0880,0.0000,1000,147,1000,1,981.5224
28100.0000,2810,2401.9956,0.0000,1000,140,1000,1,981.5290
28110.0000,2811,2401.9021,0.0000,1000,139,1000,1,981.5356
28120.0000,2812,2401.8075,0.0000,1000,136,1000,1,981.5421
28130.0000,2813,2401.7132,0.0000,1000,135,1000,1,981.5487
28140.0000,2814,2401.6182,0.0000,1000,129,1000,1,981.5552
28150.0000,2815,2401.5219,0.0000,1000,129,1000,1,981.5618
28160.0000,2816,2401.4245,0.0000,1000,123,1000,1,981.5683
28170.0000,2817,2401.3243,0.0000,1000,119,1000,1,981.5749
28180.0000,2818,2401.2234,0.0000,1000,114,1000,1,981.5814
28190.0000,2819,2401.1206,0.0000,1000,112,1000,1,981.5880
28200.0000,2820,2401.0176,0.0000,1000,115,1000,1,981.5945
28210.0000,2821,2400.9148,0.0000,1000,109,1000,1,981.6010
28220.0000,2822,2400.8104,0.0000,1000,107,1000,1,981.6075
28230.0000,2823,2400.7082,0.0000,1000,112,1000,1,981.6140
28240.0000,2824,2400.6071,0.0000,1000,113,1000,1,981.6206
28250.0000,2825,2400.5045,0.0000,1000,111,1000,1,981.6271
28260.0000,2826,2400.4008,0.0000,1000,104,1000,1,981.6336
28270.0000,2827,2400.2962,0.0000,1000,106,1000,1,981.6401
28280.0000,2828,2400.1911,0.0000,1000,103,1000,1,981.6466
28290.0000,2829,2400.0886,0.0000,1000,109,1000,1,981.6530
28300.0000,2830,2399.9864,0.0000,1000,114,1000,1,981.6595
28310.0000,2831,2399.8867,0.0000,1000,120,1000,1,981.6660
28320.0000,2832,2399.7867,0.0000,1000,112,1000,1,981.6725
28330.0000,2833,2399.6853,0.0000,1000,115,1000,1,981.6789
28340.0000,2834,2399.5835,0.0000,1000,112,1000,1,981.6854
28350.0000,2835,2399.4815,0.0000,1000,109,1000,1,981.6919
28360.0000,2836,2399.3795,0.0000,1000,113,1000,1,981.6983
28370.0000,2837,2399.2782,0.0000,1000,110,1000,1,981.7048
28380.0000,2838,2399.1776,0.0000,1000,117,1000,1,981.7112
28390.0000,2839,2399.0774,0.0000,1000,113,1000,1,981.7177
28400.0000,2840,2398.9774,0.0000,1000,115,1000,1,981.7241
28410.0000,2841,2398.8784,0.0000,1000,118,1000,1,981.7305
28420.0000,2842,2398.7790,0.0000,1000,116,1000,1,981.7370
28430.0000,2843,2398.6792,0.0000,1000,113,1000,1,981.7434
28440.0000,2844,2398.5782,0.0000,1000,109,1000,1,981.7498
28450.0000,2845,2398.4753,0.0000,1000,105,1000,1,981.7562
28460.0000,2846,2398.3730,0.0000,1000,109,1000,1,981.7626
28470.0000,2847,2398.2699,0.0000,1000,100,1000,1,981.7690
28480.0000,2848,2398.1656,0.0000,1000,102,1000,1,981.7754
28490.0000,2849,2398.0603,0.0000,1000,97,1000,1,981.7818
28500.0000,2850,2397.9557,0.0000,1000,102,1000,1,981.7882
28510.0000,2851,2397.8526,0.0000,1000,104,1000,1,981.7946
28520.0000,2852,2397.7501,0.0000,1000,105,1000,1,981.8010
28530.0000,2853,2397.6469,0.0000,1000,106,1000,1,981.8074
28540.0000,2854,2397.5452,0.0000,1000,106,1000,1,981.8138
28550.0000,2855,2397.4434,0.0000,1000,106,1000,1,981.8201
28560.0000,2856,2397.3410,0.0000,1000,107,1000,1,981.8265
28570.0000,2857,2397.2405,0.0000,1000,113,1000,1,981.8329
28580.0000,2858,2397.1402,0.0000,1000,105,1000,1,981.8392
28590.0000,2859,2397.0375,0.0000,1000,100,1000,1,981.8456
28600.0000,2860,2396.9328,0.0000,1000,98,1000,1,981.8519
28610.0000,2861,2396.8290,0.0000,1000,99,1000,1,981.8583
28620.0000,2862,2396.7237,0.0000,1000,93,1000,1,981.8646
28630.0000,2863,2396.6169,0.0000,1000,92,1000,1,981.8709
28640.0000,2864,2396.5097,0.0000,1000,86,1000,1,981.8773
28650.0000,2865,2396.4014,0.0000,1000,89,1000,1,981.8836
28660.0000,2866,2396.2933,0.0000,1000,87,1000,1,981.8899
28670.0000,2867,2396.1854,0.0000,1000,88,1000,1,981.8962
28680.0000,2868,2396.0784,0.0000,1000,89,1000,1,981.9025
28690.0000,2869,2395.9709,0.0000,1000,85,1000,1,981.9088
28700.0000,2870,2395.8628,0.0000,1000,83,1000,1,981.9151
28710.0000,2871,2395.7536,0.0000,1000,84,1000,1,981.9214
28720.0000,2872,2395.6434,0.0000,1000,76,1000,1,981.9277
28730.0000,2873,2395.5317,0.0000,1000,73,1000,1,981.9340
28740.0000,2874,2395.4182,0.0000,1000,68,1000,1,981.9403
28750.0000,2875,2395.3040,0.0000,1000,66,1000,1,981.9466
28760.0000,2876,2395.1884,0.0000,1000,59,1000,1,981.9529
28770.0000,2877,2395.0710,0.0000,1000,56,1000,1,981.9591
28780.0000,2878,2394.9537,0.0000,1000,58,1000,1,981.9654
28790.0000,2879,2394.8381,0.0000,1000,64,1000,1,981.9717
28800.0000,2880,2394.7236,0.0000,1000,62,1000,1,981.9779
28810.0000,2881,2394.6066,0.0000,1000,55,1000,1,981.9842
28820.0000,2882,2394.4880,0.0000,1000,51,1000,1,981.9904
28830.0000,2883,2394.3694,0.0000,1000,55,1000,1,981.9967
28840.0000,2884,2394.2503,0.0000,1000,50,1000,1,982.0029
28850.0000,2885,2394.1307,0.0000,1000,48,1000,1,982.0092
28860.0000,2886,2394.0102,0.0000,1000,44,1000,1,982.0154
28870.0000,2887,2393.8900,0.0000,1000,48,1000,1,982.0216
28880.0000,2888,2393.7705,0.0000,1000,52,1000,1,982.0279
28890.0000,2889,2393.6514,0.0000,1000,46,1000,1,982.0341
28900.0000,2890,2393.5314,0.0000,1000,47,1000,1,982.0403
28910.0000,2891,2393.4116,0.0000,1000,44,1000,1,982.0465
28920.0000,2892,2393.2893,0.0000,1000,34,1000,1,982.0527
28930.0000,2893,2393.1650,0.0000,1000,32,1000,1,982.0589
28940.0000,2894,2393.0392,0.0000,1000,26,1000,1,982.0651
28950.0000,2895,2392.9143,0.0000,1000,36,1000,1,982.0713
28960.0000,2896,2392.7911,0.0000,1000,39,1000,1,982.0775
28970.0000,2897,2392.6682,0.0000,1000,36,1000,1,982.0837
28980.0000,2898,2392.5441,0.0000,1000,29,1000,1,982.0899
28990.0000,2899,2392.4197,0.0000,1000,33,1000,1,982.0961
29000.0000,2900,2392.2957,0.0000,1000,32,1000,1,982.1022
29010.0000,2901,2392.1710,0.0000,1000,33,1000,1,982.1084
29020.0000,2902,2392.0466,0.0000,1000,31,1000,1,982.1146
29030.0000,2903,2391.9226,0.0000,1000,31,1000,1,982.1207
29040.0000,2904,2391.7988,0.0000,1000,35,1000,1,982.1269
29050.0000,2905,2391.6744,0.0000,1000,27,1000,1,982.1330
29060.0000,2906,2391.5497,0.0000,1000,30,1000,1,982.1392
29070.0000,2907,2391.4258,0.0000,1000,33,1000,1,982.1453
29080.0000,2908,2391.3032,0.0000,1000,34,1000,1,982.1515
29090.0000,2909,2391.1792,0.0000,1000,28,1000,1,982.1576
29100.0000,2910,2391.0542,0.0000,1000,32,1000,1,982.1637
29110.0000,2911,2390.9315,0.0000,1000,37,1000,1,982.1699
29120.0000,2912,2390.8082,0.0000,1000,29,1000,1,982.1760
29130.0000,2913,2390.6831,0.0000,1000,26,1000,1,982.1821
29140.0000,2914,2390.5575,0.0000,1000,20,1000,1,982.1882
29150.0000,2915,2390.4297,0.0000,1000,20,1000,1,982.1943
29160.0000,2916,2390.3031,0.0000,1000,21,1000,1,982.2004
29170.0000,2917,2390.1761,0.0000,1000,19,1000,1,982.2065
29180.0000,2918,2390.0485,0.0000,1000,18,1000,1,982.2126
29190.0000,2919,2389.9197,0.0000,1000,13,1000,1,982.2187
29200.0000,2920,2389.7901,0.0000,1000,12,1000,1,982.2248
29210.0000,2921,2389.6598,0.0000,1000,8,1000,1,982.2309
29220.0000,2922,2389.5292,0.0000,1000,12,1000,1,982.2370
29230.0000,2923,2389.4000,0.0000,1000,10,1000,1,982.2431
29240.0000,2924,2389.2702,0.0000,1000,7,1000,1,982.2491
29250.0000,2925,2389.1409,0.0000,1000,10,1000,1,982.2552
29260.0000,2926,2389.0114,0.0000,1000,12,1000,1,982.2613
29270.0000,2927,2388.8826,0.0000,1000,12,1000,1,982.2673
29280.0000,2928,2388.7534,0.0000,1000,10,1000,1,982.2734
29290.0000,2929,2388.6234,0.0000,1000,7,1000,1,982.2794
29300.0000,2930,2388.4923,0.0000,1000,5,1000,1,982.2855
29310.0000,2931,2388.3610,0.0000,1000,2,1000,1,982.2915
29320.0000,2932,2388.2298,0.0000,1000,3,1000,1,982.2976
29330.0000,2933,2388.0988,0.0000,1000,5,1000,1,982.3036
29340.0000,2934,2387.9674,0.0000,998,3,1000,1,982.3096
29350.0000,2935,2387.8376,0.0000,998,14,1000,1,982.3157
29360.0000,2936,2387.7116,0.0000,992,30,1000,1,982.3217
29370.0000,2937,2387.5895,0.0000,992,41,1000,1,982.3277
29380.0000,2938,2387.4702,0.0000,993,47,1000,1,982.3337
29390.0000,2939,2387.3556,0.0000,997,63,1000,1,982.3397
29400.0000,2940,2387.2468,0.0000,999,75,1000,1,982.3457
29410.0000,2941,2387.1397,0.0000,996,83,1000,1,982.3517
29420.0000,2942,2387.0366,0.0000,996,91,1000,1,982.3577
29430.0000,2943,2386.9354,0.0000,999,98,1000,1,982.3637
29440.0000,2944,2386.8382,0.0000,999,105,1000,1,982.3697
29450.0000,2945,2386.7430,0.0000,994,113,1000,1,982.3757
29460.0000,2946,2386.6489,0.0000,990,122,1000,1,982.3817
29470.0000,2947,2386.5567,0.0000,988,134,1000,1,982.3877
29480.0000,2948,2386.4696,0.0000,991,146,1000,1,982.3936
29490.0000,2949,2386.3862,0.0000,994,154,1000,1,982.3996
29500.0000,2950,2386.3080,0.0000,999,159,1000,1,982.4056
29510.0000,2951,2386.2322,0.0000,997,166,1000,1,982.4115
29520.0000,2952,2386.1583,0.0000,1000,175,1000,1,982.4175
29530.0000,2953,2386.0885,0.0000,1000,187,1000,1,982.4235
29540.0000,2954,2386.0234,0.0000,1000,202,1000,1,982.4294
29550.0000,2955,2385.9610,0.0000,996,208,1000,1,982.4353
29560.0000,2956,2385.9002,0.0000,991,215,1000,1,982.4413
29570.0000,2957,2385.8394,0.0000,988,219,1000,1,982.4472
29580.0000,2958,2385.7784,0.0000,979,225,1000,1,982.4532
29590.0000,2959,2385.7181,0.0000,975,238,1000,1,982.4591
29600.0000,2960,2385.6621,0.0000,973,247,1000,1,982.4650
29610.0000,2961,2385.6072,0.0000,971,256,1000,1,982.4709
29620.0000,2962,2385.5529,0.0000,962,264,1000,1,982.4769
29630.0000,2963,2385.5013,0.0000,966,272,1000,1,982.4828
29640.0000,2964,2385.4508,0.0000,956,279,1000,1,982.4887
29650.0000,2965,2385.4020,0.0000,962,286,1000,1,982.4946
29660.0000,2966,2385.3567,0.0000,964,292,1000,1,982.5005
29670.0000,2967,2385.3137,0.0000,959,301,1000,1,982.5064
29680.0000,2968,2385.2728,0.0000,960,310,1000,1,982.5123
29690.0000,2969,2385.2369,0.0000,964,324,1000,1,982.5182
29700.0000,2970,2385.2058,0.0000,966,334,1000,1,982.5241
29710.0000,2971,2385.1782,0.0000,965,346,1000,1,982.5299
29720.0000,2972,2385.1530,0.0000,962,352,1000,1,982.5358
29730.0000,2973,2385.1303,0.0000,960,363,1000,1,982.5417
29740.0000,2974,2385.1115,0.0000,958,372,1000,1,982.5476
29750.0000,2975,2385.0960,0.0000,967,379,1000,1,982.5534
29760.0000,2976,2385.0848,0.0000,971,386,1000,1,982.5593
29770.0000,2977,2385.0774,0.0000,973,398,1000,1,982.5652
29780.0000,2978,2385.0733,0.0000,971,406,1000,1,982.5710
29790.0000,2979,2385.0719,0.0000,967,418,1000,1,982.5769
29800.0000,2980,2385.0743,0.0000,969,428,1000,1,982.5827
29810.0000,2981,2385.0805,0.0000,966,445,1000,1,982.5885
29820.0000,2982,2385.0904,0.0000,963,458,1000,1,982.5944
29830.0000,2983,2385.1031,0.0000,963,469,1000,1,982.6002
29840.0000,2984,2385.1188,0.0000,962,478,1000,1,982.6061
29850.0000,2985,2385.1374,0.0000,958,486,1000,1,982.6119
29860.0000,2986,2385.1587,0.0000,961,492,1000,1,982.6177
29870.0000,2987,2385.1818,0.0000,954,499,1000,1,982.6235
29880.0000,2988,2385.2054,0.0000,953,508,1000,1,982.6293
29890.0000,2989,2385.2332,0.0000,957,516,1000,1,982.6351
29900.0000,2990,2385.2652,0.0000,963,523,1000,1,982.6410
29910.0000,2991,2385.3000,0.0000,965,529,1000,1,982.6468
29920.0000,2992,2385.3396,0.0000,964,542,1000,1,982.6526
29930.0000,2993,2385.3817,0.0000,966,547,1000,1,982.6584
29940.0000,2994,2385.4254,0.0000,958,563,1000,1,982.6641
29950.0000,2995,2385.4726,0.0000,957,574,1000,1,982.6699
29960.0000,2996,2385.5235,0.0000,965,587,1000,1,982.6757
29970.0000,2997,2385.5820,0.0000,970,598,1000,1,982.6815
29980.0000,2998,2385.6451,0.0000,969,610,1000,1,982.6873
29990.0000,2999,2385.7118,0.0000,970,619,1000,1,982.6931
30000.0000,3000,2385.7796,0.0000,965,630,1000,1,982.6988
30010.0000,3001,2385.8509,0.0000,972,636,1000,1,982.7046
30020.0000,3002,2385.9267,0.0000,969,645,1000,1,982.7103
30030.0000,3003,2386.0063,0.0000,970,659,1000,1,982.7161
30040.0000,3004,2386.0874,0.0000,964,666,1000,1,982.7219
30050.0000,3005,2386.1701,0.0000,967,671,1000,1,982.7276
30060.0000,3006,2386.2552,0.0000,969,680,1000,1,982.7334
30070.0000,3007,2386.3418,0.0000,958,693,1000,1,982.7391
30080.0000,3008,2386.4308,0.0000,955,705,1000,1,982.7448
30090.0000,3009,2386.5232,0.0000,956,716,1000,1,982.7506
30100.0000,3010,2386.6206,0.0000,958,727,1000,1,982.7563
30110.0000,3011,2386.7203,0.0000,957,731,1000,1,982.7620
30120.0000,3012,2386.8228,0.0000,965,739,1000,1,982.7677
30130.0000,3013,2386.9310,0.0000,973,750,1000,1,982.7735
30140.0000,3014,2387.0444,0.0000,975,760,1000,1,982.7792
30150.0000,3015,2387.1601,0.0000,965,772,1000,1,982.7849
30160.0000,3016,2387.2783,0.0000,969,782,1000,1,982.7906
30170.0000,3017,2387.3997,0.0000,973,790,1000,1,982.7963
30180.0000,3018,2387.5259,0.0000,971,806,1000,1,982.8020
30190.0000,3019,2387.6569,0.0000,975,814,1000,1,982.8077
30200.0000,3020,2387.7927,0.0000,977,827,1000,1,982.8134
30210.0000,3021,2387.9326,0.0000,978,840,1000,1,982.8191
30220.0000,3022,2388.0757,0.0000,974,851,1000,1,982.8248
30230.0000,3023,2388.2233,0.0000,982,859,1000,1,982.8305
30240.0000,3024,2388.3742,0.0000,980,870,1000,1,982.8361
30250.0000,3025,2388.5287,0.0000,981,879,1000,1,982.8418
30260.0000,3026,2388.6854,0.0000,983,884,1000,1,982.8475
30270.0000,3027,2388.8439,0.0000,978,893,1000,1,982.8531
30280.0000,3028,2389.0047,0.0000,981,904,1000,1,982.8588
30290.0000,3029,2389.1704,0.0000,980,913,1000,1,982.8645
30300.0000,3030,2389.3369,0.0000,978,920,1000,1,982.8701
30310.0000,3031,2389.5065,0.0000,977,929,1000,1,982.8758
30320.0000,3032,2389.6774,0.0000,972,937,1000,1,982.8814
30330.0000,3033,2389.8495,0.0000,969,945,1000,1,982.8871
30340.0000,3034,2390.0251,0.0000,972,959,1000,1,982.8927
30350.0000,3035,2390.2059,0.0000,973,971,1000,1,982.8983
30360.0000,3036,2390.3898,0.0000,974,979,1000,1,982.9040
30370.0000,3037,2390.5789,0.0000,978,993,1000,1,982.9096
30380.0000,3038,2390.7718,0.0000,979,1000,1000,1,982.9152
30390.0000,3039,2390.9648,0.0000,971,1000,1000,1,982.9208
30400.0000,3040,2391.1554,0.0000,971,1000,1000,1,982.9265
30410.0000,3041,2391.3458,0.0000,970,1000,1000,1,982.9321
30420.0000,3042,2391.5357,0.0000,970,1000,1000,1,982.9377
30430.0000,3043,2391.7273,0.0000,975,1000,1000,1,982.9433
30440.0000,3044,2391.9191,0.0000,979,1000,1000,1,982.9489
30450.0000,3045,2392.1108,0.0000,973,1000,1000,1,982.9545
30460.0000,3046,2392.3022,0.0000,972,1000,1000,1,982.9601
30470.0000,3047,2392.4920,0.0000,971,1000,1000,1,982.9657
30480.0000,3048,2392.6826,0.0000,973,1000,1000,1,982.9713
30490.0000,3049,2392.8733,0.0000,972,1000,1000,1,982.9769
30500.0000,3050,2393.0633,0.0000,971,1000,1000,1,982.9824
30510.0000,3051,2393.2532,0.0000,971,1000,1000,1,982.9880
30520.0000,3052,2393.4417,0.0000,966,1000,1000,1,982.9936
30530.0000,3053,2393.6289,0.0000,966,1000,1000,1,982.9992
30540.0000,3054,2393.8169,0.0000,967,1000,1000,1,983.0047
30550.0000,3055,2394.0033,0.0000,967,1000,1000,1,983.0103
30560.0000,3056,2394.1896,0.0000,958,1000,1000,1,983.0159
30570.0000,3057,2394.3744,0.0000,962,1000,1000,1,983.0214
30580.0000,3058,2394.5591,0.0000,960,1000,1000,1,983.0270
30590.0000,3059,2394.7447,0.0000,960,1000,1000,1,983.0325
30600.0000,3060,2394.9288,0.0000,959,1000,1000,1,983.0381
30610.0000,3061,2395.1132,0.0000,960,1000,1000,1,983.0436
30620.0000,3062,2395.2964,0.0000,951,1000,1000,1,983.0491
30630.0000,3063,2395.4775,0.0000,950,1000,1000,1,983.0547
30640.0000,3064,2395.6582,0.0000,949,1000,1000,1,983.0602
30650.0000,3065,2395.8396,0.0000,953,1000,1000,1,983.0657
30660.0000,3066,2396.0216,0.0000,953,1000,1000,1,983.0713
30670.0000,3067,2396.2027,0.0000,949,1000,1000,1,983.0768
30680.0000,3068,2396.3828,0.0000,948,1000,1000,1,983.0823
30690.0000,3069,2396.5629,0.0000,948,1000,1000,1,983.0878
30700.0000,3070,2396.7431,0.0000,953,1000,1000,1,983.0933
30710.0000,3071,2396.9237,0.0000,950,1000,1000,1,983.0988
30720.0000,3072,2397.1024,0.0000,945,1000,1000,1,983.1043
30730.0000,3073,2397.2812,0.0000,949,1000,1000,1,983.1098
30740.0000,3074,2397.4608,0.0000,949,1000,1000,1,983.1153
30750.0000,3075,2397.6404,0.0000,952,1000,1000,1,983.1208
30760.0000,3076,2397.8197,0.0000,945,1000,1000,1,983.1263
30770.0000,3077,2397.9965,0.0000,941,1000,1000,1,983.1318
30780.0000,3078,2398.1721,0.0000,941,1000,1000,1,983.1373
30790.0000,3079,2398.3466,0.0000,932,1000,1000,1,983.1427
30800.0000,3080,2398.5194,0.0000,929,1000,1000,1,983.1482
30810.0000,3081,2398.6921,0.0000,933,1000,1000,1,983.1537
30820.0000,3082,2398.8653,0.0000,933,1000,1000,1,983.1591
30830.0000,3083,2399.0393,0.0000,938,1000,1000,1,983.1646
30840.0000,3084,2399.2134,0.0000,934,1000,1000,1,983.1701
30850.0000,3085,2399.3871,0.0000,936,1000,1000,1,983.1755
30860.0000,3086,2399.5616,0.0000,941,1000,1000,1,983.1810
30870.0000,3087,2399.7378,0.0000,944,1000,1000,1,983.1864
30880.0000,3088,2399.9133,0.0000,943,1000,1000,1,983.1919
30890.0000,3089,2400.0879,0.0000,943,1000,1000,1,983.1973
30900.0000,3090,2400.2630,0.0000,941,1000,1000,1,983.2027
30910.0000,3091,2400.4373,0.0000,936,1000,1000,1,983.2082
30920.0000,3092,2400.6112,0.0000,940,1000,1000,1,983.2136
30930.0000,3093,2400.7863,0.0000,939,1000,1000,1,983.2190
30940.0000,3094,2400.9591,0.0000,933,1000,1000,1,983.2245
30950.0000,3095,2401.1310,0.0000,933,1000,1000,1,983.2299
30960.0000,3096,2401.3037,0.0000,936,1000,1000,1,983.2353
30970.0000,3097,2401.4764,0.0000,940,1000,1000,1,983.2407
30980.0000,3098,2401.6511,0.0000,943,1000,1000,1,983.2461
30990.0000,3099,2401.8263,0.0000,944,1000,1000,1,983.2515
31000.0000,3100,2402.0006,0.0000,941,1000,1000,1,983.2569
31010.0000,3101,2402.1769,0.0000,954,1000,1000,1,983.2623
31020.0000,3102,2402.3559,0.0000,961,1000,1000,1,983.2677
31030.0000,3103,2402.5352,0.0000,958,1000,1000,1,983.2731
31040.0000,3104,2402.7130,0.0000,952,1000,1000,1,983.2785
31050.0000,3105,2402.8893,0.0000,954,1000,1000,1,983.2839
31060.0000,3106,2403.0675,0.0000,958,1000,1000,1,983.2893
31070.0000,3107,2403.2459,0.0000,951,1000,1000,1,983.2946
31080.0000,3108,2403.4238,0.0000,959,1000,1000,1,983.3000
31090.0000,3109,2403.6019,0.0000,957,1000,1000,1,983.3054
31100.0000,3110,2403.7786,0.0000,950,1000,1000,1,983.3108
31110.0000,3111,2403.9529,0.0000,942,1000,1000,1,983.3161
31120.0000,3112,2404.1249,0.0000,934,1000,1000,1,983.3215
31130.0000,3113,2404.2940,0.0000,929,1000,1000,1,983.3268
31140.0000,3114,2404.4606,0.0000,920,1000,1000,1,983.3322
31150.0000,3115,2404.6256,0.0000,918,1000,1000,1,983.3375
31160.0000,3116,2404.7900,0.0000,917,1000,1000,1,983.3429
31170.0000,3117,2404.9536,0.0000,912,1000,1000,1,983.3482
31180.0000,3118,2405.1159,0.0000,906,1000,1000,1,983.3536
31190.0000,3119,2405.2759,0.0000,900,1000,1000,1,983.3589
31200.0000,3120,2405.4338,0.0000,901,1000,1000,1,983.3642
31210.0000,3121,2405.5936,0.0000,906,1000,1000,1,983.3696
31220.0000,3122,2405.7543,0.0000,906,1000,1000,1,983.3749
31230.0000,3123,2405.9125,0.0000,894,1000,1000,1,983.3802
31240.0000,3124,2406.0684,0.0000,892,1000,1000,1,983.3856
31250.0000,3125,2406.2239,0.0000,895,1000,1000,1,983.3909
31260.0000,3126,2406.3801,0.0000,892,1000,1000,1,983.3962
31270.0000,3127,2406.5349,0.0000,890,1000,1000,1,983.4015
31280.0000,3128,2406.6900,0.0000,891,1000,1000,1,983.4068
31290.0000,3129,2406.8450,0.0000,894,1000,1000,1,983.4121
31300.0000,3130,2407.0006,0.0000,895,1000,1000,1,983.4174
31310.0000,3131,2407.1550,0.0000,887,1000,1000,1,983.4227
31320.0000,3132,2407.3088,0.0000,894,1000,1000,1,983.4280
31330.0000,3133,2407.4641,0.0000,893,1000,1000,1,983.4333
31340.0000,3134,2407.6178,0.0000,886,1000,1000,1,983.4386
31350.0000,3135,2407.7707,0.0000,886,1000,1000,1,983.4438
31360.0000,3136,2407.9237,0.0000,890,1000,1000,1,983.4491
31370.0000,3137,2408.0773,0.0000,888,1000,1000,1,983.4544
31380.0000,3138,2408.2297,0.0000,886,1000,1000,1,983.4597
31390.0000,3139,2408.3828,0.0000,887,1000,1000,1,983.4649
31400.0000,3140,2408.5351,0.0000,886,1000,1000,1,983.4702
31410.0000,3141,2408.6864,0.0000,883,1000,1000,1,983.4755
31420.0000,3142,2408.8370,0.0000,881,1000,1000,1,983.4807
31430.0000,3143,2408.9860,0.0000,874,1000,1000,1,983.4860
31440.0000,3144,2409.1332,0.0000,873,1000,1000,1,983.4912
31450.0000,3145,2409.2795,0.0000,869,1000,1000,1,983.4965
31460.0000,3146,2409.4253,0.0000,866,1000,1000,1,983.5017
31470.0000,3147,2409.5706,0.0000,869,1000,1000,1,983.5070
31480.0000,3148,2409.7169,0.0000,870,1000,1000,1,983.5122
31490.0000,3149,2409.8641,0.0000,873,1000,1000,1,983.5175
31500.0000,3150,2410.0113,0.0000,871,1000,1000,1,983.5227
31510.0000,3151,2410.1576,0.0000,868,1000,1000,1,983.5279
31520.0000,3152,2410.3033,0.0000,871,1000,1000,1,983.5331
31530.0000,3153,2410.4487,0.0000,869,1000,1000,1,983.5384
31540.0000,3154,2410.5951,0.0000,877,1000,1000,1,983.5436
31550.0000,3155,2410.7436,0.0000,882,1000,1000,1,983.5488
31560.0000,3156,2410.8908,0.0000,873,1000,1000,1,983.5540
31570.0000,3157,2411.0371,0.0000,869,1000,1000,1,983.5592
31580.0000,3158,2411.1813,0.0000,868,1000,1000,1,983.5644
31590.0000,3159,2411.3271,0.0000,873,1000,1000,1,983.5696
31600.0000,3160,2411.4733,0.0000,872,1000,1000,1,983.5748
31610.0000,3161,2411.6189,0.0000,872,1000,1000,1,983.5800
31620.0000,3162,2411.7650,0.0000,874,1000,1000,1,983.5852
31630.0000,3163,2411.9123,0.0000,879,1000,1000,1,983.5904
31640.0000,3164,2412.0597,0.0000,876,1000,1000,1,983.5956
31650.0000,3165,2412.2061,0.0000,875,1000,1000,1,983.6008
31660.0000,3166,2412.3519,0.0000,872,1000,1000,1,983.6060
31670.0000,3167,2412.4960,0.0000,865,1000,1000,1,983.6111
31680.0000,3168,2412.6383,0.0000,859,1000,1000,1,983.6163
31690.0000,3169,2412.7792,0.0000,860,1000,1000,1,983.6215
31700.0000,3170,2412.9204,0.0000,862,1000,1000,1,983.6266
31710.0000,3171,2413.0620,0.0000,865,1000,1000,1,983.6318
31720.0000,3172,2413.2055,0.0000,869,1000,1000,1,983.6370
31730.0000,3173,2413.3498,0.0000,871,1000,1000,1,983.6421
31740.0000,3174,2413.4932,0.0000,865,1000,1000,1,983.6473
31750.0000,3175,2413.6364,0.0000,867,1000,1000,1,983.6524
31760.0000,3176,2413.7805,0.0000,876,1000,1000,1,983.6576
31770.0000,3177,2413.9253,0.0000,869,1000,1000,1,983.6627
31780.0000,3178,2414.0681,0.0000,869,1000,1000,1,983.6679
31790.0000,3179,2414.2117,0.0000,870,1000,1000,1,983.6730
31800.0000,3180,2414.3558,0.0000,872,1000,1000,1,983.6781
31810.0000,3181,2414.4990,0.0000,873,1000,1000,1,983.6833
31820.0000,3182,2414.6420,0.0000,869,1000,1000,1,983.6884
31830.0000,3183,2414.7850,0.0000,870,1000,1000,1,983.6935
31840.0000,3184,2414.9261,0.0000,863,1000,1000,1,983.6986
31850.0000,3185,2415.0662,0.0000,861,1000,1000,1,983.7038
31860.0000,3186,2415.2050,0.0000,857,1000,1000,1,983.7089
31870.0000,3187,2415.3449,0.0000,862,1000,1000,1,983.7140
31880.0000,3188,2415.4841,0.0000,859,1000,1000,1,983.7191
31890.0000,3189,2415.6233,0.0000,858,1000,1000,1,983.7242
31900.0000,3190,2415.7620,0.0000,858,1000,1000,1,983.7293
31910.0000,3191,2415.8996,0.0000,857,1000,1000,1,983.7344
31920.0000,3192,2416.0380,0.0000,857,1000,1000,1,983.7395
31930.0000,3193,2416.1771,0.0000,860,1000,1000,1,983.7446
31940.0000,3194,2416.3156,0.0000,859,1000,1000,1,983.7497
31950.0000,3195,2416.4530,0.0000,852,1000,1000,1,983.7548
31960.0000,3196,2416.5902,0.0000,858,1000,1000,1,983.7598
31970.0000,3197,2416.7305,0.0000,869,1000,1000,1,983.7649
31980.0000,3198,2416.8720,0.0000,872,1000,1000,1,983.7700
31990.0000,3199,2417.0149,0.0000,874,1000,1000,1,983.7751
32000.0000,3200,2417.1565,0.0000,867,1000,1000,1,983.7801
32010.0000,3201,2417.2978,0.0000,873,1000,1000,1,983.7852
32020.0000,3202,2417.4394,0.0000,870,1000,1000,1,983.7903
32030.0000,3203,2417.5817,0.0000,873,1000,1000,1,983.7953
32040.0000,3204,2417.7232,0.0000,867,1000,1000,1,983.8004
32050.0000,3205,2417.8641,0.0000,871,1000,1000,1,983.8054
32060.0000,3206,2418.0055,0.0000,871,1000,1000,1,983.8105
32070.0000,3207,2418.1459,0.0000,869,1000,1000,1,983.8155
32080.0000,3208,2418.2860,0.0000,867,1000,1000,1,983.8206
32090.0000,3209,2418.4256,0.0000,866,1000,1000,1,983.8256
32100.0000,3210,2418.5638,0.0000,857,1000,1000,1,983.8307
32110.0000,3211,2418.7025,0.0000,866,1000,1000,1,983.8357
32120.0000,3212,2418.8416,0.0000,866,1000,1000,1,983.8407
32130.0000,3213,2418.9811,0.0000,865,1000,1000,1,983.8458
32140.0000,3214,2419.1201,0.0000,865,1000,1000,1,983.8508
32150.0000,3215,2419.2585,0.0000,867,1000,1000,1,983.8558
32160.0000,3216,2419.3977,0.0000,869,1000,1000,1,983.8608
32170.0000,3217,2419.5372,0.0000,866,1000,1000,1,983.8659
32180.0000,3218,2419.6772,0.0000,872,1000,1000,1,983.8709
32190.0000,3219,2419.8177,0.0000,870,1000,1000,1,983.8759
32200.0000,3220,2419.9573,0.0000,871,1000,1000,1,983.8809
32210.0000,3221,2420.0959,0.0000,866,1000,1000,1,983.8859
32220.0000,3222,2420.2322,0.0000,857,1000,1000,1,983.8909
32230.0000,3223,2420.3667,0.0000,853,1000,1000,1,983.8959
32240.0000,3224,2420.5011,0.0000,854,1000,1000,1,983.9009
32250.0000,3225,2420.6366,0.0000,858,1000,1000,1,983.9059
32260.0000,3226,2420.7723,0.0000,860,1000,1000,1,983.9109
32270.0000,3227,2420.9080,0.0000,861,1000,1000,1,983.9159
32280.0000,3228,2421.0442,0.0000,861,1000,1000,1,983.9208
32290.0000,3229,2421.1817,0.0000,866,1000,1000,1,983.9258
32300.0000,3230,2421.3196,0.0000,864,1000,1000,1,983.9308
32310.0000,3231,2421.4572,0.0000,868,1000,1000,1,983.9358
32320.0000,3232,2421.5951,0.0000,867,1000,1000,1,983.9407
32330.0000,3233,2421.7331,0.0000,869,1000,1000,1,983.9457
32340.0000,3234,2421.8722,0.0000,870,1000,1000,1,983.9507
32350.0000,3235,2422.0100,0.0000,869,1000,1000,1,983.9556
32360.0000,3236,2422.1492,0.0000,871,1000,1000,1,983.9606
32370.0000,3237,2422.2881,0.0000,872,1000,1000,1,983.9655
32380.0000,3238,2422.4261,0.0000,871,1000,1000,1,983.9705
32390.0000,3239,2422.5652,0.0000,873,1000,1000,1,983.9754
32400.0000,3240,2422.7034,0.0000,869,1000,1000,1,983.9804
32410.0000,3241,2422.8410,0.0000,865,1000,1000,1,983.9853
32420.0000,3242,2422.9786,0.0000,872,1000,1000,1,983.9903
32430.0000,3243,2423.1160,0.0000,869,1000,1000,1,983.9952
32440.0000,3244,2423.2528,0.0000,864,1000,1000,1,984.0001
32450.0000,3245,2423.3882,0.0000,859,1000,1000,1,984.0051
32460.0000,3246,2423.5221,0.0000,854,1000,1000,1,984.0100
32470.0000,3247,2423.6555,0.0000,859,1000,1000,1,984.0149
32480.0000,3248,2423.7887,0.0000,856,1000,1000,1,984.0198
32490.0000,3249,2423.9223,0.0000,859,1000,1000,1,984.0248
32500.0000,3250,2424.0567,0.0000,864,1000,1000,1,984.0297
32510.0000,3251,2424.1905,0.0000,856,1000,1000,1,984.0346
32520.0000,3252,2424.3241,0.0000,864,1000,1000,1,984.0395
32530.0000,3253,2424.4607,0.0000,873,1000,1000,1,984.0444
32540.0000,3254,2424.5990,0.0000,876,1000,1000,1,984.0493
32550.0000,3255,2424.7382,0.0000,881,1000,1000,1,984.0542
32560.0000,3256,2424.8786,0.0000,883,1000,1000,1,984.0591
32570.0000,3257,2425.0188,0.0000,877,1000,1000,1,984.0640
32580.0000,3258,2425.1584,0.0000,882,1000,1000,1,984.0689
32590.0000,3259,2425.2980,0.0000,879,1000,1000,1,984.0738
32600.0000,3260,2425.4357,0.0000,875,1000,1000,1,984.0787
32610.0000,3261,2425.5734,0.0000,875,1000,1000,1,984.0836
32620.0000,3262,2425.7105,0.0000,874,1000,1000,1,984.0884
32630.0000,3263,2425.8468,0.0000,868,1000,1000,1,984.0933
32640.0000,3264,2425.9814,0.0000,859,1000,1000,1,984.0982
32650.0000,3265,2426.1125,0.0000,850,1000,1000,1,984.1031
32660.0000,3266,2426.2421,0.0000,849,1000,1000,1,984.1079
32670.0000,3267,2426.3717,0.0000,846,1000,1000,1,984.1128
32680.0000,3268,2426.4990,0.0000,843,1000,1000,1,984.1176
32690.0000,3269,2426.6260,0.0000,846,1000,1000,1,984.1225
32700.0000,3270,2426.7545,0.0000,846,1000,1000,1,984.1274
32710.0000,3271,2426.8836,0.0000,851,1000,1000,1,984.1322
32720.0000,3272,2427.0132,0.0000,848,1000,1000,1,984.1371
32730.0000,3273,2427.1430,0.0000,853,1000,1000,1,984.1419
32740.0000,3274,2427.2727,0.0000,852,1000,1000,1,984.1467
32750.0000,3275,2427.4022,0.0000,849,1000,1000,1,984.1516
32760.0000,3276,2427.5308,0.0000,849,1000,1000,1,984.1564
32770.0000,3277,2427.6589,0.0000,846,1000,1000,1,984.1613
32780.0000,3278,2427.7856,0.0000,840,1000,1000,1,984.1661
32790.0000,3279,2427.9114,0.0000,841,1000,1000,1,984.1709
32800.0000,3280,2428.0375,0.0000,844,1000,1000,1,984.1757
32810.0000,3281,2428.1646,0.0000,844,1000,1000,1,984.1806
32820.0000,3282,2428.2920,0.0000,847,1000,1000,1,984.1854
32830.0000,3283,2428.4204,0.0000,850,1000,1000,1,984.1902
32840.0000,3284,2428.5492,0.0000,853,1000,1000,1,984.1950
32850.0000,3285,2428.6795,0.0000,857,1000,1000,1,984.1998
32860.0000,3286,2428.8098,0.0000,857,1000,1000,1,984.2046
32870.0000,3287,2428.9396,0.0000,853,1000,1000,1,984.2094
32880.0000,3288,2429.0696,0.0000,857,1000,1000,1,984.2143
32890.0000,3289,2429.1992,0.0000,856,1000,1000,1,984.2191
32900.0000,3290,2429.3290,0.0000,856,1000,1000,1,984.2238
32910.0000,3291,2429.4587,0.0000,859,1000,1000,1,984.2286
32920.0000,3292,2429.5886,0.0000,856,1000,1000,1,984.2334
32930.0000,3293,2429.7181,0.0000,853,1000,1000,1,984.2382
32940.0000,3294,2429.8464,0.0000,851,1000,1000,1,984.2430
32950.0000,3295,2429.9732,0.0000,848,1000,1000,1,984.2478
32960.0000,3296,2430.0993,0.0000,844,1000,1000,1,984.2526
32970.0000,3297,2430.2243,0.0000,844,1000,1000,1,984.2573
32980.0000,3298,2430.3484,0.0000,835,1000,1000,1,984.2621
32990.0000,3299,2430.4727,0.0000,840,1000,1000,1,984.2669
33000.0000,3300,2430.5967,0.0000,841,1000,1000,1,984.2717
33010.0000,3301,2430.7205,0.0000,837,1000,1000,1,984.2764
33020.0000,3302,2430.8431,0.0000,834,1000,1000,1,984.2812
33030.0000,3303,2430.9656,0.0000,832,1000,1000,1,984.2859
33040.0000,3304,2431.0890,0.0000,841,1000,1000,1,984.2907
33050.0000,3305,2431.2128,0.0000,839,1000,1000,1,984.2954
33060.0000,3306,2431.3355,0.0000,834,1000,1000,1,984.3002
33070.0000,3307,2431.4566,0.0000,827,1000,1000,1,984.3049
33080.0000,3308,2431.5763,0.0000,830,1000,1000,1,984.3097
33090.0000,3309,2431.6950,0.0000,824,1000,1000,1,984.3144
33100.0000,3310,2431.8134,0.0000,822,1000,1000,1,984.3192
33110.0000,3311,2431.9316,0.0000,827,1000,1000,1,984.3239
33120.0000,3312,2432.0510,0.0000,830,1000,1000,1,984.3286
33130.0000,3313,2432.1704,0.0000,826,1000,1000,1,984.3334
33140.0000,3314,2432.2888,0.0000,821,1000,1000,1,984.3381
33150.0000,3315,2432.4073,0.0000,823,1000,1000,1,984.3428
33160.0000,3316,2432.5263,0.0000,828,1000,1000,1,984.3475
33170.0000,3317,2432.6449,0.0000,825,1000,1000,1,984.3523
33180.0000,3318,2432.7639,0.0000,826,1000,1000,1,984.3570
33190.0000,3319,2432.8834,0.0000,832,1000,1000,1,984.3617
33200.0000,3320,2433.0034,0.0000,832,1000,1000,1,984.3664
33210.0000,3321,2433.1217,0.0000,824,1000,1000,1,984.3711
33220.0000,3322,2433.2394,0.0000,824,1000,1000,1,984.3758
33230.0000,3323,2433.3566,0.0000,824,1000,1000,1,984.3805
33240.0000,3324,2433.4748,0.0000,828,1000,1000,1,984.3852
33250.0000,3325,2433.5912,0.0000,817,1000,1000,1,984.3899
33260.0000,3326,2433.7079,0.0000,823,1000,1000,1,984.3946
33270.0000,3327,2433.8236,0.0000,816,1000,1000,1,984.3993
33280.0000,3328,2433.9385,0.0000,817,1000,1000,1,984.4040
33290.0000,3329,2434.0535,0.0000,811,1000,1000,1,984.4087
33300.0000,3330,2434.1676,0.0000,813,1000,1000,1,984.4134
33310.0000,3331,2434.2822,0.0000,821,1000,1000,1,984.4180
33320.0000,3332,2434.3978,0.0000,817,1000,1000,1,984.4227
33330.0000,3333,2434.5124,0.0000,816,1000,1000,1,984.4274
33340.0000,3334,2434.6259,0.0000,812,1000,1000,1,984.4321
33350.0000,3335,2434.7386,0.0000,805,1000,1000,1,984.4367
33360.0000,3336,2434.8496,0.0000,807,1000,1000,1,984.4414
33370.0000,3337,2434.9611,0.0000,809,1000,1000,1,984.4460
33380.0000,3338,2435.0724,0.0000,805,1000,1000,1,984.4507
33390.0000,3339,2435.1830,0.0000,803,1000,1000,1,984.4554
33400.0000,3340,2435.2941,0.0000,807,1000,1000,1,984.4600
33410.0000,3341,2435.4062,0.0000,813,1000,1000,1,984.4647
33420.0000,3342,2435.5178,0.0000,806,1000,1000,1,984.4693
33430.0000,3343,2435.6285,0.0000,804,1000,1000,1,984.4740
33440.0000,3344,2435.7374,0.0000,797,1000,1000,1,984.4786
33450.0000,3345,2435.8447,0.0000,795,1000,1000,1,984.4832
33460.0000,3346,2435.9510,0.0000,791,1000,1000,1,984.4879
33470.0000,3347,2436.0567,0.0000,792,1000,1000,1,984.4925
33480.0000,3348,2436.1627,0.0000,790,1000,1000,1,984.4972
33490.0000,3349,2436.2685,0.0000,791,1000,1000,1,984.5018
33500.0000,3350,2436.3747,0.0000,790,1000,1000,1,984.5064
33510.0000,3351,2436.4795,0.0000,787,1000,1000,1,984.5110
33520.0000,3352,2436.5852,0.0000,792,1000,1000,1,984.5156
33530.0000,3353,2436.6892,0.0000,784,1000,1000,1,984.5203
33540.0000,3354,2436.7921,0.0000,783,1000,1000,1,984.5249
33550.0000,3355,2436.8938,0.0000,774,1000,1000,1,984.5295
33560.0000,3356,2436.9944,0.0000,778,1000,1000,1,984.5341
33570.0000,3357,2437.0951,0.0000,776,1000,1000,1,984.5387
33580.0000,3358,2437.1959,0.0000,776,1000,1000,1,984.5433
33590.0000,3359,2437.2964,0.0000,772,1000,1000,1,984.5479
33600.0000,3360,2437.3959,0.0000,769,1000,1000,1,984.5525
33610.0000,3361,2437.4930,0.0000,762,1000,1000,1,984.5571
33620.0000,3362,2437.5885,0.0000,757,1000,1000,1,984.5617
33630.0000,3363,2437.6822,0.0000,748,1000,1000,1,984.5663
33640.0000,3364,2437.7750,0.0000,746,1000,1000,1,984.5709
33650.0000,3365,2437.8657,0.0000,741,1000,1000,1,984.5755
33660.0000,3366,2437.9567,0.0000,750,1000,1000,1,984.5801
33670.0000,3367,2438.0495,0.0000,748,1000,1000,1,984.5846
33680.0000,3368,2438.1411,0.0000,750,1000,1000,1,984.5892
33690.0000,3369,2438.2318,0.0000,740,1000,1000,1,984.5938
33700.0000,3370,2438.3208,0.0000,739,1000,1000,1,984.5984
33710.0000,3371,2438.4091,0.0000,733,1000,1000,1,984.6029
33720.0000,3372,2438.4969,0.0000,735,1000,1000,1,984.6075
33730.0000,3373,2438.5866,0.0000,745,1000,1000,1,984.6121
33740.0000,3374,2438.6782,0.0000,754,1000,1000,1,984.6166
33750.0000,3375,2438.7719,0.0000,753,1000,1000,1,984.6212
33760.0000,3376,2438.8642,0.0000,747,1000,1000,1,984.6257
33770.0000,3377,2438.9543,0.0000,742,1000,1000,1,984.6303
33780.0000,3378,2439.0457,0.0000,751,1000,1000,1,984.6348
33790.0000,3379,2439.1391,0.0000,756,1000,1000,1,984.6394
33800.0000,3380,2439.2324,0.0000,752,1000,1000,1,984.6439
33810.0000,3381,2439.3252,0.0000,753,1000,1000,1,984.6485
33820.0000,3382,2439.4177,0.0000,747,1000,1000,1,984.6530
33830.0000,3383,2439.5094,0.0000,750,1000,1000,1,984.6575
33840.0000,3384,2439.6017,0.0000,754,1000,1000,1,984.6621
33850.0000,3385,2439.6942,0.0000,753,1000,1000,1,984.6666
33860.0000,3386,2439.7879,0.0000,758,1000,1000,1,984.6711
33870.0000,3387,2439.8813,0.0000,754,1000,1000,1,984.6757
33880.0000,3388,2439.9733,0.0000,749,1000,1000,1,984.6802
33890.0000,3389,2440.0649,0.0000,751,1000,1000,1,984.6847
33900.0000,3390,2440.1569,0.0000,754,1000,1000,1,984.6892
33910.0000,3391,2440.2492,0.0000,755,1000,1000,1,984.6937
33920.0000,3392,2440.3427,0.0000,759,1000,1000,1,984.6982
33930.0000,3393,2440.4364,0.0000,759,1000,1000,1,984.7028
33940.0000,3394,2440.5304,0.0000,759,1000,1000,1,984.7073
33950.0000,3395,2440.6233,0.0000,753,1000,1000,1,984.7118
33960.0000,3396,2440.7162,0.0000,756,1000,1000,1,984.7163
33970.0000,3397,2440.8078,0.0000,750,1000,1000,1,984.7208
33980.0000,3398,2440.8978,0.0000,745,1000,1000,1,984.7253
33990.0000,3399,2440.9870,0.0000,744,1000,1000,1,984.7298
34000.0000,3400,2441.0764,0.0000,742,1000,1000,1,984.7343
34010.0000,3401,2441.1633,0.0000,735,1000,1000,1,984.7387
34020.0000,3402,2441.2492,0.0000,732,1000,1000,1,984.7432
34030.0000,3403,2441.3342,0.0000,729,1000,1000,1,984.7477
34040.0000,3404,2441.4185,0.0000,728,1000,1000,1,984.7522
34050.0000,3405,2441.5020,0.0000,721,1000,1000,1,984.7567
34060.0000,3406,2441.5845,0.0000,724,1000,1000,1,984.7611
34070.0000,3407,2441.6665,0.0000,720,1000,1000,1,984.7656
34080.0000,3408,2441.7481,0.0000,722,1000,1000,1,984.7701
34090.0000,3409,2441.8307,0.0000,725,1000,1000,1,984.7746
34100.0000,3410,2441.9140,0.0000,728,1000,1000,1,984.7790
34110.0000,3411,2441.9977,0.0000,727,1000,1000,1,984.7835
34120.0000,3412,2442.0817,0.0000,730,1000,1000,1,984.7879
34130.0000,3413,2442.1642,0.0000,723,1000,1000,1,984.7924
34140.0000,3414,2442.2457,0.0000,719,1000,1000,1,984.7969
34150.0000,3415,2442.3267,0.0000,720,1000,1000,1,984.8013
34160.0000,3416,2442.4076,0.0000,716,1000,1000,1,984.8058
34170.0000,3417,2442.4878,0.0000,715,1000,1000,1,984.8102
34180.0000,3418,2442.5666,0.0000,708,1000,1000,1,984.8146
34190.0000,3419,2442.6462,0.0000,718,1000,1000,1,984.8191
34200.0000,3420,2442.7274,0.0000,727,1000,1000,1,984.8235
34210.0000,3421,2442.8108,0.0000,732,1000,1000,1,984.8280
34220.0000,3422,2442.8950,0.0000,730,1000,1000,1,984.8324
34230.0000,3423,2442.9790,0.0000,733,1000,1000,1,984.8368
34240.0000,3424,2443.0649,0.0000,739,1000,1000,1,984.8413
34250.0000,3425,2443.1506,0.0000,736,1000,1000,1,984.8457
34260.0000,3426,2443.2363,0.0000,736,1000,1000,1,984.8501
34270.0000,3427,2443.3223,0.0000,739,1000,1000,1,984.8545
34280.0000,3428,2443.4089,0.0000,741,1000,1000,1,984.8589
34290.0000,3429,2443.4960,0.0000,742,1000,1000,1,984.8634
34300.0000,3430,2443.5818,0.0000,736,1000,1000,1,984.8678
34310.0000,3431,2443.6663,0.0000,732,1000,1000,1,984.8722
34320.0000,3432,2443.7508,0.0000,737,1000,1000,1,984.8766
34330.0000,3433,2443.8369,0.0000,738,1000,1000,1,984.8810
34340.0000,3434,2443.9228,0.0000,740,1000,1000,1,984.8854
34350.0000,3435,2444.0086,0.0000,740,1000,1000,1,984.8898
34360.0000,3436,2444.0943,0.0000,738,1000,1000,1,984.8942
34370.0000,3437,2444.1786,0.0000,729,1000,1000,1,984.8986
34380.0000,3438,2444.2618,0.0000,730,1000,1000,1,984.9030
34390.0000,3439,2444.3442,0.0000,726,1000,1000,1,984.9074
34400.0000,3440,2444.4249,0.0000,718,1000,1000,1,984.9118
34410.0000,3441,2444.5045,0.0000,718,1000,1000,1,984.9161
34420.0000,3442,2444.5840,0.0000,717,1000,1000,1,984.9205
34430.0000,3443,2444.6622,0.0000,713,1000,1000,1,984.9249
34440.0000,3444,2444.7403,0.0000,710,1000,1000,1,984.9293
34450.0000,3445,2444.8172,0.0000,710,1000,1000,1,984.9337
34460.0000,3446,2444.8930,0.0000,705,1000,1000,1,984.9380
34470.0000,3447,2444.9683,0.0000,707,1000,1000,1,984.9424
34480.0000,3448,2445.0447,0.0000,709,1000,1000,1,984.9468
34490.0000,3449,2445.1206,0.0000,703,1000,1000,1,984.9511
34500.0000,3450,2445.1965,0.0000,710,1000,1000,1,984.9555
34510.0000,3451,2445.2729,0.0000,705,1000,1000,1,984.9599
34520.0000,3452,2445.3484,0.0000,708,1000,1000,1,984.9642
34530.0000,3453,2445.4247,0.0000,711,1000,1000,1,984.9686
34540.0000,3454,2445.5021,0.0000,713,1000,1000,1,984.9729
34550.0000,3455,2445.5787,0.0000,708,1000,1000,1,984.9773
34560.0000,3456,2445.6544,0.0000,708,1000,1000,1,984.9816
34570.0000,3457,2445.7308,0.0000,708,1000,1000,1,984.9860
34580.0000,3458,2445.8072,0.0000,716,1000,1000,1,984.9903
34590.0000,3459,2445.8858,0.0000,719,1000,1000,1,984.9946
34600.0000,3460,2445.9651,0.0000,722,1000,1000,1,984.9990
34610.0000,3461,2446.0442,0.0000,715,1000,1000,1,985.0033
34620.0000,3462,2446.1217,0.0000,716,1000,1000,1,985.0076
34630.0000,3463,2446.2009,0.0000,720,1000,1000,1,985.0120
34640.0000,3464,2446.2796,0.0000,717,1000,1000,1,985.0163
34650.0000,3465,2446.3586,0.0000,716,1000,1000,1,985.0206
34660.0000,3466,2446.4356,0.0000,708,1000,1000,1,985.0249
34670.0000,3467,2446.5121,0.0000,707,1000,1000,1,985.0293
34680.0000,3468,2446.5884,0.0000,716,1000,1000,1,985.0336
34690.0000,3469,2446.6646,0.0000,711,1000,1000,1,985.0379
34700.0000,3470,2446.7405,0.0000,708,1000,1000,1,985.0422
34710.0000,3471,2446.8156,0.0000,708,1000,1000,1,985.0465
34720.0000,3472,2446.8903,0.0000,706,1000,1000,1,985.0508
34730.0000,3473,2446.9640,0.0000,703,1000,1000,1,985.0551
34740.0000,3474,2447.0387,0.0000,705,1000,1000,1,985.0594
34750.0000,3475,2447.1140,0.0000,711,1000,1000,1,985.0637
34760.0000,3476,2447.1896,0.0000,711,1000,1000,1,985.0680
34770.0000,3477,2447.2646,0.0000,706,1000,1000,1,985.0723
34780.0000,3478,2447.3389,0.0000,706,1000,1000,1,985.0766
34790.0000,3479,2447.4142,0.0000,712,1000,1000,1,985.0809
34800.0000,3480,2447.4896,0.0000,704,1000,1000,1,985.0852
34810.0000,3481,2447.5634,0.0000,703,1000,1000,1,985.0895
34820.0000,3482,2447.6365,0.0000,701,1000,1000,1,985.0938
34830.0000,3483,2447.7078,0.0000,692,1000,1000,1,985.0980
34840.0000,3484,2447.7779,0.0000,693,1000,1000,1,985.1023
34850.0000,3485,2447.8487,0.0000,695,1000,1000,1,985.1066
34860.0000,3486,2447.9194,0.0000,693,1000,1000,1,985.1109
34870.0000,3487,2447.9906,0.0000,698,1000,1000,1,985.1151
34880.0000,3488,2448.0622,0.0000,694,1000,1000,1,985.1194
34890.0000,3489,2448.1326,0.0000,694,1000,1000,1,985.1237
34900.0000,3490,2448.2031,0.0000,695,1000,1000,1,985.1279
34910.0000,3491,2448.2739,0.0000,696,1000,1000,1,985.1322
34920.0000,3492,2448.3438,0.0000,690,1000,1000,1,985.1364
34930.0000,3493,2448.4131,0.0000,687,1000,1000,1,985.1407
34940.0000,3494,2448.4820,0.0000,690,1000,1000,1,985.1450
34950.0000,3495,2448.5510,0.0000,692,1000,1000,1,985.1492
34960.0000,3496,2448.6200,0.0000,688,1000,1000,1,985.1534
34970.0000,3497,2448.6887,0.0000,690,1000,1000,1,985.1577
34980.0000,3498,2448.7580,0.0000,694,1000,1000,1,985.1619
34990.0000,3499,2448.8271,0.0000,687,1000,1000,1,985.1662
35000.0000,3500,2448.8931,0.0000,676,1000,1000,1,985.1704
35010.0000,3501,2448.9579,0.0000,674,1000,1000,1,985.1747
35020.0000,3502,2449.0212,0.0000,671,1000,1000,1,985.1789
35030.0000,3503,2449.0839,0.0000,669,1000,1000,1,985.1831
35040.0000,3504,2449.1473,0.0000,674,1000,1000,1,985.1873
35050.0000,3505,2449.2109,0.0000,671,1000,1000,1,985.1916
35060.0000,3506,2449.2735,0.0000,668,1000,1000,1,985.1958
35070.0000,3507,2449.3363,0.0000,669,1000,1000,1,985.2000
35080.0000,3508,2449.3994,0.0000,673,1000,1000,1,985.2042
35090.0000,3509,2449.4617,0.0000,661,1000,1000,1,985.2085
35100.0000,3510,2449.5225,0.0000,661,1000,1000,1,985.2127
35110.0000,3511,2449.5813,0.0000,654,1000,1000,1,985.2169
35120.0000,3512,2449.6407,0.0000,658,1000,1000,1,985.2211
35130.0000,3513,2449.6992,0.0000,654,1000,1000,1,985.2253
35140.0000,3514,2449.7568,0.0000,651,1000,1000,1,985.2295
35150.0000,3515,2449.8142,0.0000,651,1000,1000,1,985.2337
35160.0000,3516,2449.8719,0.0000,652,1000,1000,1,985.2379
35170.0000,3517,2449.9286,0.0000,648,1000,1000,1,985.2421
35180.0000,3518,2449.9854,0.0000,650,1000,1000,1,985.2463
35190.0000,3519,2450.0420,0.0000,651,1000,1000,1,985.2505
35200.0000,3520,2450.0979,0.0000,645,1000,1000,1,985.2547
35210.0000,3521,2450.1532,0.0000,645,1000,1000,1,985.2589
35220.0000,3522,2450.2095,0.0000,651,1000,1000,1,985.2630
35230.0000,3523,2450.2644,0.0000,643,1000,1000,1,985.2672
35240.0000,3524,2450.3192,0.0000,642,1000,1000,1,985.2714
35250.0000,3525,2450.3729,0.0000,638,1000,1000,1,985.2756
35260.0000,3526,2450.4266,0.0000,639,1000,1000,1,985.2798
35270.0000,3527,2450.4807,0.0000,641,1000,1000,1,985.2839
35280.0000,3528,2450.5347,0.0000,644,1000,1000,1,985.2881
35290.0000,3529,2450.5886,0.0000,640,1000,1000,1,985.2923
35300.0000,3530,2450.6421,0.0000,637,1000,1000,1,985.2964
35310.0000,3531,2450.6945,0.0000,636,1000,1000,1,985.3006
35320.0000,3532,2450.7462,0.0000,631,1000,1000,1,985.3048
35330.0000,3533,2450.7974,0.0000,629,1000,1000,1,985.3089
35340.0000,3534,2450.8476,0.0000,624,1000,1000,1,985.3131
35350.0000,3535,2450.8978,0.0000,630,1000,1000,1,985.3172
35360.0000,3536,2450.9480,0.0000,628,1000,1000,1,985.3214
35370.0000,3537,2450.9984,0.0000,631,1000,1000,1,985.3255
35380.0000,3538,2451.0504,0.0000,636,1000,1000,1,985.3297
35390.0000,3539,2451.1028,0.0000,636,1000,1000,1,985.3338
35400.0000,3540,2451.1551,0.0000,640,1000,1000,1,985.3380
35410.0000,3541,2451.2080,0.0000,641,1000,1000,1,985.3421
35420.0000,3542,2451.2623,0.0000,643,1000,1000,1,985.3463
35430.0000,3543,2451.3161,0.0000,642,1000,1000,1,985.3504
35440.0000,3544,2451.3691,0.0000,635,1000,1000,1,985.3545
35450.0000,3545,2451.4189,0.0000,622,1000,1000,1,985.3587
35460.0000,3546,2451.4670,0.0000,621,1000,1000,1,985.3628
35470.0000,3547,2451.5153,0.0000,624,1000,1000,1,985.3669
35480.0000,3548,2451.5626,0.0000,619,1000,1000,1,985.3710
35490.0000,3549,2451.6095,0.0000,615,1000,1000,1,985.3752
35500.0000,3550,2451.6554,0.0000,614,1000,1000,1,985.3793
35510.0000,3551,2451.7024,0.0000,617,1000,1000,1,985.3834
35520.0000,3552,2451.7502,0.0000,625,1000,1000,1,985.3875
35530.0000,3553,2451.7991,0.0000,623,1000,1000,1,985.3916
35540.0000,3554,2451.8484,0.0000,630,1000,1000,1,985.3957
35550.0000,3555,2451.8998,0.0000,636,1000,1000,1,985.3998
35560.0000,3556,2451.9508,0.0000,631,1000,1000,1,985.4040
35570.0000,3557,2452.0025,0.0000,639,1000,1000,1,985.4081
35580.0000,3558,2452.0544,0.0000,638,1000,1000,1,985.4122
35590.0000,3559,2452.1062,0.0000,635,1000,1000,1,985.4163
35600.0000,3560,2452.1589,0.0000,642,1000,1000,1,985.4204
35610.0000,3561,2452.2129,0.0000,645,1000,1000,1,985.4244
35620.0000,3562,2452.2662,0.0000,638,1000,1000,1,985.4285
35630.0000,3563,2452.3182,0.0000,636,1000,1000,1,985.4326
35640.0000,3564,2452.3694,0.0000,633,1000,1000,1,985.4367
35650.0000,3565,2452.4194,0.0000,629,1000,1000,1,985.4408
35660.0000,3566,2452.4688,0.0000,633,1000,1000,1,985.4449
35670.0000,3567,2452.5191,0.0000,634,1000,1000,1,985.4490
35680.0000,3568,2452.5698,0.0000,636,1000,1000,1,985.4530
35690.0000,3569,2452.6211,0.0000,634,1000,1000,1,985.4571
35700.0000,3570,2452.6723,0.0000,637,1000,1000,1,985.4612
35710.0000,3571,2452.7230,0.0000,632,1000,1000,1,985.4653
35720.0000,3572,2452.7728,0.0000,630,1000,1000,1,985.4693
35730.0000,3573,2452.8227,0.0000,633,1000,1000,1,985.4734
35740.0000,3574,2452.8734,0.0000,632,1000,1000,1,985.4775
35750.0000,3575,2452.9248,0.0000,640,1000,1000,1,985.4815
35760.0000,3576,2452.9778,0.0000,643,1000,1000,1,985.4856
35770.0000,3577,2453.0310,0.0000,645,1000,1000,1,985.4896
35780.0000,3578,2453.0843,0.0000,643,1000,1000,1,985.4937
35790.0000,3579,2453.1377,0.0000,646,1000,1000,1,985.4978
35800.0000,3580,2453.1916,0.0000,646,1000,1000,1,985.5018
35810.0000,3581,2453.2448,0.0000,645,1000,1000,1,985.5059
35820.0000,3582,2453.2983,0.0000,644,1000,1000,1,985.5099
35830.0000,3583,2453.3528,0.0000,654,1000,1000,1,985.5139
35840.0000,3584,2453.4092,0.0000,651,1000,1000,1,985.5180
35850.0000,3585,2453.4643,0.0000,649,1000,1000,1,985.5220
35860.0000,3586,2453.5174,0.0000,642,1000,1000,1,985.5261
35870.0000,3587,2453.5705,0.0000,642,1000,1000,1,985.5301
35880.0000,3588,2453.6228,0.0000,643,1000,1000,1,985.5341
35890.0000,3589,2453.6761,0.0000,648,1000,1000,1,985.5382
35900.0000,3590,2453.7308,0.0000,652,1000,1000,1,985.5422
35910.0000,3591,2453.7856,0.0000,649,1000,1000,1,985.5462
35920.0000,3592,2453.8404,0.0000,656,1000,1000,1,985.5502
35930.0000,3593,2453.8958,0.0000,649,1000,1000,1,985.5543
35940.0000,3594,2453.9509,0.0000,652,1000,1000,1,985.5583
35950.0000,3595,2454.0043,0.0000,645,1000,1000,1,985.5623
35960.0000,3596,2454.0565,0.0000,641,1000,1000,1,985.5663
35970.0000,3597,2454.1080,0.0000,641,1000,1000,1,985.5703
35980.0000,3598,2454.1596,0.0000,640,1000,1000,1,985.5743
35990.0000,3599,2454.2116,0.0000,641,1000,1000,1,985.5783
36000.0000,3600,2454.2629,0.0000,637,1000,1000,1,985.5823
36010.0000,3601,2454.3137,0.0000,635,1000,1000,1,985.5864
36020.0000,3602,2454.3628,0.0000,627,1000,1000,1,985.5904
36030.0000,3603,2454.4090,0.0000,615,1000,1000,1,985.5944
36040.0000,3604,2454.4542,0.0000,619,1000,1000,1,985.5984
36050.0000,3605,2454.5000,0.0000,618,1000,1000,1,985.6023
36060.0000,3606,2454.5457,0.0000,625,1000,1000,1,985.6063
36070.0000,3607,2454.5922,0.0000,623,1000,1000,1,985.6103
36080.0000,3608,2454.6386,0.0000,620,1000,1000,1,985.6143
36090.0000,3609,2454.6829,0.0000,611,1000,1000,1,985.6183
36100.0000,3610,2454.7263,0.0000,613,1000,1000,1,985.6223
36110.0000,3611,2454.7700,0.0000,614,1000,1000,1,985.6263
36120.0000,3612,2454.8131,0.0000,607,1000,1000,1,985.6302
36130.0000,3613,2454.8548,0.0000,604,1000,1000,1,985.6342
36140.0000,3614,2454.8964,0.0000,610,1000,1000,1,985.6382
36150.0000,3615,2454.9396,0.0000,613,1000,1000,1,985.6422
36160.0000,3616,2454.9838,0.0000,617,1000,1000,1,985.6461
36170.0000,3617,2455.0286,0.0000,620,1000,1000,1,985.6501
36180.0000,3618,2455.0757,0.0000,624,1000,1000,1,985.6541
36190.0000,3619,2455.1221,0.0000,621,1000,1000,1,985.6580
36200.0000,3620,2455.1672,0.0000,616,1000,1000,1,985.6620
36210.0000,3621,2455.2118,0.0000,619,1000,1000,1,985.6660
36220.0000,3622,2455.2568,0.0000,617,1000,1000,1,985.6699
36230.0000,3623,2455.3007,0.0000,611,1000,1000,1,985.6739
36240.0000,3624,2455.3440,0.0000,613,1000,1000,1,985.6778
36250.0000,3625,2455.3869,0.0000,614,1000,1000,1,985.6818
36260.0000,3626,2455.4302,0.0000,613,1000,1000,1,985.6857
36270.0000,3627,2455.4734,0.0000,610,1000,1000,1,985.6897
36280.0000,3628,2455.5165,0.0000,609,1000,1000,1,985.6936
36290.0000,3629,2455.5591,0.0000,612,1000,1000,1,985.6976
36300.0000,3630,2455.6020,0.0000,610,1000,1000,1,985.7015
36310.0000,3631,2455.6447,0.0000,612,1000,1000,1,985.7054
36320.0000,3632,2455.6868,0.0000,606,1000,1000,1,985.7094
36330.0000,3633,2455.7285,0.0000,608,1000,1000,1,985.7133
36340.0000,3634,2455.7701,0.0000,604,1000,1000,1,985.7172
36350.0000,3635,2455.8105,0.0000,600,1000,1000,1,985.7212
36360.0000,3636,2455.8492,0.0000,597,1000,1000,1,985.7251
36370.0000,3637,2455.8882,0.0000,600,1000,1000,1,985.7290
36380.0000,3638,2455.9267,0.0000,593,1000,1000,1,985.7329
36390.0000,3639,2455.9643,0.0000,591,1000,1000,1,985.7369
36400.0000,3640,2456.0012,0.0000,588,1000,1000,1,985.7408
36410.0000,3641,2456.0373,0.0000,587,1000,1000,1,985.7447
36420.0000,3642,2456.0736,0.0000,590,1000,1000,1,985.7486
36430.0000,3643,2456.1098,0.0000,587,1000,1000,1,985.7525
36440.0000,3644,2456.1456,0.0000,585,1000,1000,1,985.7564
36450.0000,3645,2456.1813,0.0000,591,1000,1000,1,985.7603
36460.0000,3646,2456.2190,0.0000,596,1000,1000,1,985.7643
36470.0000,3647,2456.2575,0.0000,599,1000,1000,1,985.7682
36480.0000,3648,2456.2969,0.0000,602,1000,1000,1,985.7721
36490.0000,3649,2456.3374,0.0000,605,1000,1000,1,985.7760
36500.0000,3650,2456.3776,0.0000,607,1000,1000,1,985.7799
36510.0000,3651,2456.4172,0.0000,600,1000,1000,1,985.7837
36520.0000,3652,2456.4564,0.0000,599,1000,1000,1,985.7876
36530.0000,3653,2456.4948,0.0000,596,1000,1000,1,985.7915
36540.0000,3654,2456.5346,0.0000,604,1000,1000,1,985.7954
36550.0000,3655,2456.5759,0.0000,606,1000,1000,1,985.7993
36560.0000,3656,2456.6174,0.0000,609,1000,1000,1,985.8032
36570.0000,3657,2456.6576,0.0000,601,1000,1000,1,985.8071
36580.0000,3658,2456.6961,0.0000,599,1000,1000,1,985.8110
36590.0000,3659,2456.7340,0.0000,589,1000,1000,1,985.8148
36600.0000,3660,2456.7704,0.0000,591,1000,1000,1,985.8187
36610.0000,3661,2456.8066,0.0000,587,1000,1000,1,985.8226
36620.0000,3662,2456.8409,0.0000,578,1000,1000,1,985.8264
36630.0000,3663,2456.8730,0.0000,575,1000,1000,1,985.8303
36640.0000,3664,2456.9057,0.0000,576,1000,1000,1,985.8342
36650.0000,3665,2456.9383,0.0000,573,1000,1000,1,985.8381
36660.0000,3666,2456.9703,0.0000,575,1000,1000,1,985.8419
36670.0000,3667,2457.0036,0.0000,581,1000,1000,1,985.8458
36680.0000,3668,2457.0371,0.0000,573,1000,1000,1,985.8496
36690.0000,3669,2457.0686,0.0000,571,1000,1000,1,985.8535
36700.0000,3670,2457.1012,0.0000,579,1000,1000,1,985.8573
36710.0000,3671,2457.1346,0.0000,583,1000,1000,1,985.8612
36720.0000,3672,2457.1692,0.0000,583,1000,1000,1,985.8650
36730.0000,3673,2457.2025,0.0000,580,1000,1000,1,985.8689
36740.0000,3674,2457.2357,0.0000,578,1000,1000,1,985.8727
36750.0000,3675,2457.2679,0.0000,571,1000,1000,1,985.8766
36760.0000,3676,2457.2988,0.0000,573,1000,1000,1,985.8804
36770.0000,3677,2457.3305,0.0000,573,1000,1000,1,985.8843
36780.0000,3678,2457.3618,0.0000,571,1000,1000,1,985.8881
36790.0000,3679,2457.3933,0.0000,575,1000,1000,1,985.8919
36800.0000,3680,2457.4254,0.0000,575,1000,1000,1,985.8958
36810.0000,3681,2457.4568,0.0000,569,1000,1000,1,985.8996
36820.0000,3682,2457.4877,0.0000,571,1000,1000,1,985.9034
36830.0000,3683,2457.5174,0.0000,566,1000,1000,1,985.9073
36840.0000,3684,2457.5471,0.0000,566,1000,1000,1,985.9111
36850.0000,3685,2457.5750,0.0000,558,1000,1000,1,985.9149
36860.0000,3686,2457.6021,0.0000,557,1000,1000,1,985.9187
36870.0000,3687,2457.6291,0.0000,558,1000,1000,1,985.9226
36880.0000,3688,2457.6562,0.0000,554,1000,1000,1,985.9264
36890.0000,3689,2457.6833,0.0000,562,1000,1000,1,985.9302
36900.0000,3690,2457.7124,0.0000,566,1000,1000,1,985.9340
36910.0000,3691,2457.7412,0.0000,565,1000,1000,1,985.9378
36920.0000,3692,2457.7709,0.0000,568,1000,1000,1,985.9416
36930.0000,3693,2457.8006,0.0000,568,1000,1000,1,985.9454
36940.0000,3694,2457.8299,0.0000,563,1000,1000,1,985.9492
36950.0000,3695,2457.8592,0.0000,569,1000,1000,1,985.9530
36960.0000,3696,2457.8901,0.0000,569,1000,1000,1,985.9568
36970.0000,3697,2457.9208,0.0000,568,1000,1000,1,985.9606
36980.0000,3698,2457.9502,0.0000,569,1000,1000,1,985.9644
36990.0000,3699,2457.9806,0.0000,570,1000,1000,1,985.9682
37000.0000,3700,2458.0114,0.0000,573,1000,1000,1,985.9720
37010.0000,3701,2458.0421,0.0000,566,1000,1000,1,985.9758
37020.0000,3702,2458.0703,0.0000,559,1000,1000,1,985.9796
37030.0000,3703,2458.0969,0.0000,556,1000,1000,1,985.9834
37040.0000,3704,2458.1228,0.0000,551,1000,1000,1,985.9872
37050.0000,3705,2458.1487,0.0000,552,1000,1000,1,985.9909
37060.0000,3706,2458.1735,0.0000,545,1000,1000,1,985.9947
37070.0000,3707,2458.1976,0.0000,547,1000,1000,1,985.9985
37080.0000,3708,2458.2232,0.0000,556,1000,1000,1,986.0023
37090.0000,3709,2458.2490,0.0000,558,1000,1000,1,986.0061
37100.0000,3710,2458.2752,0.0000,556,1000,1000,1,986.0098
37110.0000,3711,2458.3023,0.0000,559,1000,1000,1,986.0136
37120.0000,3712,2458.3305,0.0000,564,1000,1000,1,986.0174
37130.0000,3713,2458.3589,0.0000,565,1000,1000,1,986.0211
37140.0000,3714,2458.3892,0.0000,571,1000,1000,1,986.0249
37150.0000,3715,2458.4201,0.0000,573,1000,1000,1,986.0287
37160.0000,3716,2458.4503,0.0000,571,1000,1000,1,986.0324
37170.0000,3717,2458.4803,0.0000,571,1000,1000,1,986.0362
37180.0000,3718,2458.5105,0.0000,572,1000,1000,1,986.0399
37190.0000,3719,2458.5418,0.0000,575,1000,1000,1,986.0437
37200.0000,3720,2458.5719,0.0000,566,1000,1000,1,986.0474
37210.0000,3721,2458.6009,0.0000,565,1000,1000,1,986.0512
37220.0000,3722,2458.6295,0.0000,562,1000,1000,1,986.0549
37230.0000,3723,2458.6565,0.0000,561,1000,1000,1,986.0587
37240.0000,3724,2458.6851,0.0000,568,1000,1000,1,986.0624
37250.0000,3725,2458.7145,0.0000,570,1000,1000,1,986.0662
37260.0000,3726,2458.7428,0.0000,561,1000,1000,1,986.0699
37270.0000,3727,2458.7707,0.0000,563,1000,1000,1,986.0736
37280.0000,3728,2458.7992,0.0000,566,1000,1000,1,986.0774
37290.0000,3729,2458.8266,0.0000,556,1000,1000,1,986.0811
37300.0000,3730,2458.8539,0.0000,563,1000,1000,1,986.0848
37310.0000,3731,2458.8822,0.0000,563,1000,1000,1,986.0886
37320.0000,3732,2458.9087,0.0000,554,1000,1000,1,986.0923
37330.0000,3733,2458.9342,0.0000,558,1000,1000,1,986.0960
37340.0000,3734,2458.9592,0.0000,549,1000,1000,1,986.0997
37350.0000,3735,2458.9836,0.0000,550,1000,1000,1,986.1035
37360.0000,3736,2459.0081,0.0000,550,1000,1000,1,986.1072
37370.0000,3737,2459.0324,0.0000,555,1000,1000,1,986.1109
37380.0000,3738,2459.0578,0.0000,557,1000,1000,1,986.1146
37390.0000,3739,2459.0842,0.0000,559,1000,1000,1,986.1183
37400.0000,3740,2459.1120,0.0000,567,1000,1000,1,986.1220
37410.0000,3741,2459.1416,0.0000,570,1000,1000,1,986.1258
37420.0000,3742,2459.1705,0.0000,565,1000,1000,1,986.1295
37430.0000,3743,2459.1995,0.0000,570,1000,1000,1,986.1332
37440.0000,3744,2459.2287,0.0000,566,1000,1000,1,986.1369
37450.0000,3745,2459.2566,0.0000,562,1000,1000,1,986.1406
37460.0000,3746,2459.2829,0.0000,558,1000,1000,1,986.1443
37470.0000,3747,2459.3088,0.0000,556,1000,1000,1,986.1480
37480.0000,3748,2459.3342,0.0000,553,1000,1000,1,986.1517
37490.0000,3749,2459.3591,0.0000,555,1000,1000,1,986.1554
37500.0000,3750,2459.3842,0.0000,555,1000,1000,1,986.1591
37510.0000,3751,2459.4103,0.0000,558,1000,1000,1,986.1627
37520.0000,3752,2459.4372,0.0000,557,1000,1000,1,986.1664
37530.0000,3753,2459.4634,0.0000,559,1000,1000,1,986.1701
37540.0000,3754,2459.4902,0.0000,563,1000,1000,1,986.1738
37550.0000,3755,2459.5174,0.0000,561,1000,1000,1,986.1775
37560.0000,3756,2459.5449,0.0000,564,1000,1000,1,986.1812
37570.0000,3757,2459.5728,0.0000,569,1000,1000,1,986.1848
37580.0000,3758,2459.6028,0.0000,576,1000,1000,1,986.1885
37590.0000,3759,2459.6338,0.0000,575,1000,1000,1,986.1922
37600.0000,3760,2459.6637,0.0000,565,1000,1000,1,986.1959
37610.0000,3761,2459.6916,0.0000,566,1000,1000,1,986.1995
37620.0000,3762,2459.7207,0.0000,571,1000,1000,1,986.2032
37630.0000,3763,2459.7505,0.0000,567,1000,1000,1,986.2069
37640.0000,3764,2459.7800,0.0000,574,1000,1000,1,986.2105
37650.0000,3765,2459.8099,0.0000,575,1000,1000,1,986.2142
37660.0000,3766,2459.8406,0.0000,571,1000,1000,1,986.2179
37670.0000,3767,2459.8694,0.0000,565,1000,1000,1,986.2215
37680.0000,3768,2459.8962,0.0000,559,1000,1000,1,986.2252
37690.0000,3769,2459.9216,0.0000,547,1000,1000,1,986.2288
37700.0000,3770,2459.9445,0.0000,543,1000,1000,1,986.2325
37710.0000,3771,2459.9666,0.0000,544,1000,1000,1,986.2361
37720.0000,3772,2459.9897,0.0000,547,1000,1000,1,986.2398
37730.0000,3773,2460.0115,0.0000,541,1000,1000,1,986.2434
37740.0000,3774,2460.0331,0.0000,541,1000,1000,1,986.2471
37750.0000,3775,2460.0540,0.0000,538,1000,1000,1,986.2507
37760.0000,3776,2460.0749,0.0000,540,1000,1000,1,986.2544
37770.0000,3777,2460.0965,0.0000,543,1000,1000,1,986.2580
37780.0000,3778,2460.1189,0.0000,544,1000,1000,1,986.2616
37790.0000,3779,2460.1417,0.0000,545,1000,1000,1,986.2653
37800.0000,3780,2460.1647,0.0000,546,1000,1000,1,986.2689
37810.0000,3781,2460.1879,0.0000,547,1000,1000,1,986.2725
37820.0000,3782,2460.2096,0.0000,541,1000,1000,1,986.2762
37830.0000,3783,2460.2309,0.0000,543,1000,1000,1,986.2798
37840.0000,3784,2460.2518,0.0000,537,1000,1000,1,986.2834
37850.0000,3785,2460.2713,0.0000,527,1000,1000,1,986.2870
37860.0000,3786,2460.2888,0.0000,526,1000,1000,1,986.2907
37870.0000,3787,2460.3063,0.0000,528,1000,1000,1,986.2943
37880.0000,3788,2460.3241,0.0000,531,1000,1000,1,986.2979
37890.0000,3789,2460.3414,0.0000,523,1000,1000,1,986.3015
37900.0000,3790,2460.3577,0.0000,521,1000,1000,1,986.3051
37910.0000,3791,2460.3736,0.0000,518,1000,1000,1,986.3087
37920.0000,3792,2460.3889,0.0000,513,1000,1000,1,986.3124
37930.0000,3793,2460.4022,0.0000,512,1000,1000,1,986.3160
37940.0000,3794,2460.4149,0.0000,503,1000,1000,1,986.3196
37950.0000,3795,2460.4258,0.0000,499,1000,1000,1,986.3232
37960.0000,3796,2460.4362,0.0000,498,1000,1000,1,986.3268
37970.0000,3797,2460.4446,0.0000,487,1000,1000,1,986.3304
37980.0000,3798,2460.4511,0.0000,481,1000,1000,1,986.3340
37990.0000,3799,2460.4571,0.0000,484,1000,1000,1,986.3376
38000.0000,3800,2460.4633,0.0000,482,1000,1000,1,986.3412
38010.0000,3801,2460.4698,0.0000,489,1000,1000,1,986.3448
38020.0000,3802,2460.4761,0.0000,487,1000,1000,1,986.3484
38030.0000,3803,2460.4825,0.0000,481,1000,1000,1,986.3519
38040.0000,3804,2460.4887,0.0000,482,1000,1000,1,986.3555
38050.0000,3805,2460.4945,0.0000,484,1000,1000,1,986.3591
38060.0000,3806,2460.5002,0.0000,484,1000,1000,1,986.3627
38070.0000,3807,2460.5056,0.0000,478,1000,1000,1,986.3663
38080.0000,3808,2460.5117,0.0000,487,1000,1000,1,986.3699
38090.0000,3809,2460.5184,0.0000,487,1000,1000,1,986.3734
38100.0000,3810,2460.5262,0.0000,493,1000,1000,1,986.3770
38110.0000,3811,2460.5352,0.0000,496,1000,1000,1,986.3806
38120.0000,3812,2460.5424,0.0000,483,1000,1000,1,986.3842
38130.0000,3813,2460.5500,0.0000,490,1000,1000,1,986.3877
38140.0000,3814,2460.5577,0.0000,492,1000,1000,1,986.3913
38150.0000,3815,2460.5650,0.0000,481,1000,1000,1,986.3949
38160.0000,3816,2460.5706,0.0000,484,1000,1000,1,986.3984
38170.0000,3817,2460.5764,0.0000,479,1000,1000,1,986.4020
38180.0000,3818,2460.5814,0.0000,481,1000,1000,1,986.4056
38190.0000,3819,2460.5862,0.0000,478,1000,1000,1,986.4091
38200.0000,3820,2460.5905,0.0000,477,1000,1000,1,986.4127
38210.0000,3821,2460.5947,0.0000,475,1000,1000,1,986.4162
38220.0000,3822,2460.5989,0.0000,478,1000,1000,1,986.4198
38230.0000,3823,2460.6039,0.0000,478,1000,1000,1,986.4233
38240.0000,3824,2460.6093,0.0000,488,1000,1000,1,986.4269
38250.0000,3825,2460.6163,0.0000,488,1000,1000,1,986.4304
38260.0000,3826,2460.6238,0.0000,489,1000,1000,1,986.4340
38270.0000,3827,2460.6316,0.0000,490,1000,1000,1,986.4375
38280.0000,3828,2460.6387,0.0000,486,1000,1000,1,986.4411
38290.0000,3829,2460.6454,0.0000,490,1000,1000,1,986.4446
38300.0000,3830,2460.6536,0.0000,496,1000,1000,1,986.4482
38310.0000,3831,2460.6628,0.0000,496,1000,1000,1,986.4517
38320.0000,3832,2460.6726,0.0000,501,1000,1000,1,986.4552
38330.0000,3833,2460.6826,0.0000,498,1000,1000,1,986.4588
38340.0000,3834,2460.6912,0.0000,493,1000,1000,1,986.4623
38350.0000,3835,2460.6989,0.0000,488,1000,1000,1,986.4658
38360.0000,3836,2460.7067,0.0000,492,1000,1000,1,986.4694
38370.0000,3837,2460.7140,0.0000,490,1000,1000,1,986.4729
38380.0000,3838,2460.7208,0.0000,484,1000,1000,1,986.4764
38390.0000,3839,2460.7272,0.0000,486,1000,1000,1,986.4799
38400.0000,3840,2460.7342,0.0000,490,1000,1000,1,986.4835
38410.0000,3841,2460.7419,0.0000,487,1000,1000,1,986.4870
38420.0000,3842,2460.7496,0.0000,491,1000,1000,1,986.4905
38430.0000,3843,2460.7579,0.0000,493,1000,1000,1,986.4940
38440.0000,3844,2460.7657,0.0000,489,1000,1000,1,986.4975
38450.0000,3845,2460.7718,0.0000,487,1000,1000,1,986.5010
38460.0000,3846,2460.7783,0.0000,484,1000,1000,1,986.5045
38470.0000,3847,2460.7840,0.0000,487,1000,1000,1,986.5080
38480.0000,3848,2460.7908,0.0000,485,1000,1000,1,986.5116
38490.0000,3849,2460.7989,0.0000,490,1000,1000,1,986.5151
38500.0000,3850,2460.8066,0.0000,489,1000,1000,1,986.5186
38510.0000,3851,2460.8147,0.0000,494,1000,1000,1,986.5221
38520.0000,3852,2460.8236,0.0000,497,1000,1000,1,986.5256
38530.0000,3853,2460.8325,0.0000,499,1000,1000,1,986.5291
38540.0000,3854,2460.8414,0.0000,495,1000,1000,1,986.5326
38550.0000,3855,2460.8497,0.0000,493,1000,1000,1,986.5360
38560.0000,3856,2460.8582,0.0000,494,1000,1000,1,986.5395
38570.0000,3857,2460.8658,0.0000,488,1000,1000,1,986.5430
38580.0000,3858,2460.8722,0.0000,487,1000,1000,1,986.5465
38590.0000,3859,2460.8791,0.0000,484,1000,1000,1,986.5500
38600.0000,3860,2460.8842,0.0000,480,1000,1000,1,986.5535
38610.0000,3861,2460.8903,0.0000,488,1000,1000,1,986.5570
38620.0000,3862,2460.8986,0.0000,493,1000,1000,1,986.5605
38630.0000,3863,2460.9073,0.0000,499,1000,1000,1,986.5639
38640.0000,3864,2460.9180,0.0000,499,1000,1000,1,986.5674
38650.0000,3865,2460.9278,0.0000,499,1000,1000,1,986.5709
38660.0000,3866,2460.9373,0.0000,499,1000,1000,1,986.5744
38670.0000,3867,2460.9472,0.0000,498,1000,1000,1,986.5778
38680.0000,3868,2460.9560,0.0000,494,1000,1000,1,986.5813
38690.0000,3869,2460.9634,0.0000,488,1000,1000,1,986.5848
38700.0000,3870,2460.9696,0.0000,485,1000,1000,1,986.5882
38710.0000,3871,2460.9759,0.0000,486,1000,1000,1,986.5917
38720.0000,3872,2460.9826,0.0000,483,1000,1000,1,986.5952
38730.0000,3873,2460.9876,0.0000,482,1000,1000,1,986.5986
38740.0000,3874,2460.9942,0.0000,490,1000,1000,1,986.6021
38750.0000,3875,2461.0015,0.0000,487,1000,1000,1,986.6055
38760.0000,3876,2461.0080,0.0000,487,1000,1000,1,986.6090
38770.0000,3877,2461.0152,0.0000,490,1000,1000,1,986.6124
38780.0000,3878,2461.0225,0.0000,489,1000,1000,1,986.6159
38790.0000,3879,2461.0300,0.0000,488,1000,1000,1,986.6193
38800.0000,3880,2461.0370,0.0000,489,1000,1000,1,986.6228
38810.0000,3881,2461.0448,0.0000,492,1000,1000,1,986.6262
38820.0000,3882,2461.0522,0.0000,491,1000,1000,1,986.6297
38830.0000,3883,2461.0596,0.0000,488,1000,1000,1,986.6331
38840.0000,3884,2461.0665,0.0000,490,1000,1000,1,986.6366
38850.0000,3885,2461.0744,0.0000,491,1000,1000,1,986.6400
38860.0000,3886,2461.0814,0.0000,489,1000,1000,1,986.6435
38870.0000,3887,2461.0879,0.0000,484,1000,1000,1,986.6469
38880.0000,3888,2461.0936,0.0000,484,1000,1000,1,986.6503
38890.0000,3889,2461.1001,0.0000,486,1000,1000,1,986.6538
38900.0000,3890,2461.1055,0.0000,478,1000,1000,1,986.6572
38910.0000,3891,2461.1107,0.0000,483,1000,1000,1,986.6606
38920.0000,3892,2461.1166,0.0000,482,1000,1000,1,986.6640
38930.0000,3893,2461.1226,0.0000,487,1000,1000,1,986.6675
38940.0000,3894,2461.1288,0.0000,483,1000,1000,1,986.6709
38950.0000,3895,2461.1341,0.0000,479,1000,1000,1,986.6743
38960.0000,3896,2461.1376,0.0000,472,1000,1000,1,986.6777
38970.0000,3897,2461.1398,0.0000,474,1000,1000,1,986.6812
38980.0000,3898,2461.1429,0.0000,474,1000,1000,1,986.6846
38990.0000,3899,2461.1465,0.0000,477,1000,1000,1,986.6880
39000.0000,3900,2461.1517,0.0000,487,1000,1000,1,986.6914
39010.0000,3901,2461.1575,0.0000,481,1000,1000,1,986.6948
39020.0000,3902,2461.1620,0.0000,475,1000,1000,1,986.6982
39030.0000,3903,2461.1648,0.0000,470,1000,1000,1,986.7016
39040.0000,3904,2461.1673,0.0000,474,1000,1000,1,986.7050
39050.0000,3905,2461.1709,0.0000,475,1000,1000,1,986.7084
39060.0000,3906,2461.1742,0.0000,475,1000,1000,1,986.7118
39070.0000,3907,2461.1782,0.0000,480,1000,1000,1,986.7152
39080.0000,3908,2461.1824,0.0000,476,1000,1000,1,986.7186
39090.0000,3909,2461.1872,0.0000,479,1000,1000,1,986.7220
39100.0000,3910,2461.1922,0.0000,481,1000,1000,1,986.7254
39110.0000,3911,2461.1975,0.0000,478,1000,1000,1,986.7288
39120.0000,3912,2461.2017,0.0000,475,1000,1000,1,986.7322
39130.0000,3913,2461.2039,0.0000,469,1000,1000,1,986.7356
39140.0000,3914,2461.2059,0.0000,466,1000,1000,1,986.7390
39150.0000,3915,2461.2071,0.0000,464,1000,1000,1,986.7424
39160.0000,3916,2461.2076,0.0000,464,1000,1000,1,986.7458
39170.0000,3917,2461.2081,0.0000,461,1000,1000,1,986.7492
39180.0000,3918,2461.2069,0.0000,453,1000,1000,1,986.7525
39190.0000,3919,2461.2039,0.0000,447,1000,1000,1,986.7559
39200.0000,3920,2461.2003,0.0000,445,1000,1000,1,986.7593
39210.0000,3921,2461.1951,0.0000,440,1000,1000,1,986.7627
39220.0000,3922,2461.1887,0.0000,430,1000,1000,1,986.7661
39230.0000,3923,2461.1810,0.0000,430,1000,1000,1,986.7694
39240.0000,3924,2461.1716,0.0000,420,1000,1000,1,986.7728
39250.0000,3925,2461.1618,0.0000,426,1000,1000,1,986.7762
39260.0000,3926,2461.1528,0.0000,425,1000,1000,1,986.7795
39270.0000,3927,2461.1430,0.0000,424,1000,1000,1,986.7829
39280.0000,3928,2461.1332,0.0000,421,1000,1000,1,986.7863
39290.0000,3929,2461.1228,0.0000,419,1000,1000,1,986.7896
39300.0000,3930,2461.1116,0.0000,407,1000,1000,1,986.7930
39310.0000,3931,2461.0972,0.0000,405,1000,1000,1,986.7964
39320.0000,3932,2461.0833,0.0000,408,1000,1000,1,986.7997
39330.0000,3933,2461.0692,0.0000,403,1000,1000,1,986.8031
39340.0000,3934,2461.0539,0.0000,400,1000,1000,1,986.8064
39350.0000,3935,2461.0384,0.0000,404,1000,1000,1,986.8098
39360.0000,3936,2461.0240,0.0000,404,1000,1000,1,986.8131
39370.0000,3937,2461.0096,0.0000,404,1000,1000,1,986.8165
39380.0000,3938,2460.9944,0.0000,400,1000,1000,1,986.8198
39390.0000,3939,2460.9791,0.0000,404,1000,1000,1,986.8232
39400.0000,3940,2460.9649,0.0000,406,1000,1000,1,986.8265
39410.0000,3941,2460.9501,0.0000,401,1000,1000,1,986.8299
39420.0000,3942,2460.9351,0.0000,401,1000,1000,1,986.8332
39430.0000,3943,2460.9206,0.0000,404,1000,1000,1,986.8365
39440.0000,3944,2460.9056,0.0000,401,1000,1000,1,986.8399
39450.0000,3945,2460.8894,0.0000,394,1000,1000,1,986.8432
39460.0000,3946,2460.8731,0.0000,400,1000,1000,1,986.8465
39470.0000,3947,2460.8580,0.0000,402,1000,1000,1,986.8499
39480.0000,3948,2460.8441,0.0000,410,1000,1000,1,986.8532
39490.0000,3949,2460.8315,0.0000,413,1000,1000,1,986.8565
39500.0000,3950,2460.8195,0.0000,413,1000,1000,1,986.8599
39510.0000,3951,2460.8074,0.0000,412,1000,1000,1,986.8632
39520.0000,3952,2460.7957,0.0000,415,1000,1000,1,986.8665
39530.0000,3953,2460.7838,0.0000,413,1000,1000,1,986.8698
39540.0000,3954,2460.7715,0.0000,414,1000,1000,1,986.8732
39550.0000,3955,2460.7604,0.0000,422,1000,1000,1,986.8765
39560.0000,3956,2460.7518,0.0000,434,1000,1000,1,986.8798
39570.0000,3957,2460.7458,0.0000,438,1000,1000,1,986.8831
39580.0000,3958,2460.7394,0.0000,435,1000,1000,1,986.8864
39590.0000,3959,2460.7340,0.0000,443,1000,1000,1,986.8897
39600.0000,3960,2460.7295,0.0000,441,1000,1000,1,986.8930
39610.0000,3961,2460.7239,0.0000,436,1000,1000,1,986.8964
39620.0000,3962,2460.7175,0.0000,437,1000,1000,1,986.8997
39630.0000,3963,2460.7101,0.0000,429,1000,1000,1,986.9030
39640.0000,3964,2460.7025,0.0000,428,1000,1000,1,986.9063
39650.0000,3965,2460.6939,0.0000,426,1000,1000,1,986.9096
39660.0000,3966,2460.6855,0.0000,430,1000,1000,1,986.9129
39670.0000,3967,2460.6772,0.0000,430,1000,1000,1,986.9162
39680.0000,3968,2460.6689,0.0000,425,1000,1000,1,986.9195
39690.0000,3969,2460.6592,0.0000,421,1000,1000,1,986.9228
39700.0000,3970,2460.6482,0.0000,410,1000,1000,1,986.9261
39710.0000,3971,2460.6350,0.0000,405,1000,1000,1,986.9294
39720.0000,3972,2460.6207,0.0000,402,1000,1000,1,986.9326
39730.0000,3973,2460.6071,0.0000,414,1000,1000,1,986.9359
39740.0000,3974,2460.5955,0.0000,416,1000,1000,1,986.9392
39750.0000,3975,2460.5838,0.0000,415,1000,1000,1,986.9425
39760.0000,3976,2460.5718,0.0000,410,1000,1000,1,986.9458
39770.0000,3977,2460.5587,0.0000,408,1000,1000,1,986.9491
39780.0000,3978,2460.5444,0.0000,401,1000,1000,1,986.9524
39790.0000,3979,2460.5297,0.0000,408,1000,1000,1,986.9556
39800.0000,3980,2460.5172,0.0000,414,1000,1000,1,986.9589
39810.0000,3981,2460.5058,0.0000,420,1000,1000,1,986.9622
39820.0000,3982,2460.4953,0.0000,419,1000,1000,1,986.9655
39830.0000,3983,2460.4848,0.0000,420,1000,1000,1,986.9687
39840.0000,3984,2460.4732,0.0000,409,1000,1000,1,986.9720
39850.0000,3985,2460.4614,0.0000,418,1000,1000,1,986.9753
39860.0000,3986,2460.4507,0.0000,418,1000,1000,1,986.9785
39870.0000,3987,2460.4402,0.0000,420,1000,1000,1,986.9818
39880.0000,3988,2460.4302,0.0000,423,1000,1000,1,986.9851
39890.0000,3989,2460.4208,0.0000,420,1000,1000,1,986.9883
39900.0000,3990,2460.4106,0.0000,423,1000,1000,1,986.9916
39910.0000,3991,2460.4020,0.0000,432,1000,1000,1,986.9949
39920.0000,3992,2460.3942,0.0000,427,1000,1000,1,986.9981
39930.0000,3993,2460.3873,0.0000,436,1000,1000,1,987.0014
39940.0000,3994,2460.3807,0.0000,436,1000,1000,1,987.0046
39950.0000,3995,2460.3743,0.0000,435,1000,1000,1,987.0079
39960.0000,3996,2460.3674,0.0000,435,1000,1000,1,987.0111
39970.0000,3997,2460.3607,0.0000,434,1000,1000,1,987.0144
39980.0000,3998,2460.3539,0.0000,432,1000,1000,1,987.0176
39990.0000,3999,2460.3462,0.0000,428,1000,1000,1,987.0209
40000.0000,4000,2460.3377,0.0000,421,1000,1000,1,987.0241
40010.0000,4001,2460.3269,0.0000,420,1000,1000,1,987.0274
40020.0000,4002,2460.3151,0.0000,406,1000,1000,1,987.0306
40030.0000,4003,2460.3008,0.0000,405,1000,1000,1,987.0338
40040.0000,4004,2460.2877,0.0000,412,1000,1000,1,987.0371
40050.0000,4005,2460.2752,0.0000,410,1000,1000,1,987.0403
40060.0000,4006,2460.2630,0.0000,413,1000,1000,1,987.0435
40070.0000,4007,2460.2511,0.0000,418,1000,1000,1,987.0468
40080.0000,4008,2460.2408,0.0000,420,1000,1000,1,987.0500
40090.0000,4009,2460.2316,0.0000,422,1000,1000,1,987.0532
40100.0000,4010,2460.2226,0.0000,423,1000,1000,1,987.0565
40110.0000,4011,2460.2131,0.0000,421,1000,1000,1,987.0597
40120.0000,4012,2460.2036,0.0000,424,1000,1000,1,987.0629
40130.0000,4013,2460.1951,0.0000,432,1000,1000,1,987.0661
40140.0000,4014,2460.1881,0.0000,432,1000,1000,1,987.0694
40150.0000,4015,2460.1809,0.0000,431,1000,1000,1,987.0726
40160.0000,4016,2460.1735,0.0000,429,1000,1000,1,987.0758
40170.0000,4017,2460.1659,0.0000,430,1000,1000,1,987.0790
40180.0000,4018,2460.1590,0.0000,431,1000,1000,1,987.0822
40190.0000,4019,2460.1509,0.0000,426,1000,1000,1,987.0855
40200.0000,4020,2460.1423,0.0000,427,1000,1000,1,987.0887
40210.0000,4021,2460.1346,0.0000,427,1000,1000,1,987.0919
40220.0000,4022,2460.1264,0.0000,432,1000,1000,1,987.0951
40230.0000,4023,2460.1183,0.0000,425,1000,1000,1,987.0983
40240.0000,4024,2460.1096,0.0000,426,1000,1000,1,987.1015
40250.0000,4025,2460.1012,0.0000,428,1000,1000,1,987.1047
40260.0000,4026,2460.0934,0.0000,428,1000,1000,1,987.1079
40270.0000,4027,2460.0864,0.0000,430,1000,1000,1,987.1111
40280.0000,4028,2460.0792,0.0000,430,1000,1000,1,987.1143
40290.0000,4029,2460.0718,0.0000,430,1000,1000,1,987.1175
40300.0000,4030,2460.0647,0.0000,427,1000,1000,1,987.1207
40310.0000,4031,2460.0567,0.0000,428,1000,1000,1,987.1239
40320.0000,4032,2460.0485,0.0000,425,1000,1000,1,987.1271
40330.0000,4033,2460.0405,0.0000,424,1000,1000,1,987.1303
40340.0000,4034,2460.0307,0.0000,421,1000,1000,1,987.1335
40350.0000,4035,2460.0210,0.0000,423,1000,1000,1,987.1367
40360.0000,4036,2460.0115,0.0000,420,1000,1000,1,987.1399
40370.0000,4037,2460.0015,0.0000,421,1000,1000,1,987.1430
40380.0000,4038,2459.9919,0.0000,425,1000,1000,1,987.1462
40390.0000,4039,2459.9824,0.0000,416,1000,1000,1,987.1494
40400.0000,4040,2459.9710,0.0000,414,1000,1000,1,987.1526
40410.0000,4041,2459.9595,0.0000,414,1000,1000,1,987.1558
40420.0000,4042,2459.9473,0.0000,408,1000,1000,1,987.1589
40430.0000,4043,2459.9341,0.0000,408,1000,1000,1,987.1621
40440.0000,4044,2459.9215,0.0000,411,1000,1000,1,987.1653
40450.0000,4045,2459.9092,0.0000,412,1000,1000,1,987.1685
40460.0000,4046,2459.8978,0.0000,419,1000,1000,1,987.1716
40470.0000,4047,2459.8874,0.0000,415,1000,1000,1,987.1748
40480.0000,4048,2459.8763,0.0000,416,1000,1000,1,987.1780
40490.0000,4049,2459.8658,0.0000,421,1000,1000,1,987.1811
40500.0000,4050,2459.8551,0.0000,415,1000,1000,1,987.1843
40510.0000,4051,2459.8443,0.0000,416,1000,1000,1,987.1875
40520.0000,4052,2459.8331,0.0000,415,1000,1000,1,987.1906
40530.0000,4053,2459.8222,0.0000,417,1000,1000,1,987.1938
40540.0000,4054,2459.8121,0.0000,421,1000,1000,1,987.1970
40550.0000,4055,2459.8023,0.0000,418,1000,1000,1,987.2001
40560.0000,4056,2459.7916,0.0000,419,1000,1000,1,987.2033
40570.0000,4057,2459.7814,0.0000,413,1000,1000,1,987.2064
40580.0000,4058,2459.7701,0.0000,413,1000,1000,1,987.2096
40590.0000,4059,2459.7568,0.0000,402,1000,1000,1,987.2127
40600.0000,4060,2459.7423,0.0000,397,1000,1000,1,987.2159
40610.0000,4061,2459.7272,0.0000,397,1000,1000,1,987.2190
40620.0000,4062,2459.7118,0.0000,398,1000,1000,1,987.2222
40630.0000,4063,2459.6949,0.0000,389,1000,1000,1,987.2253
40640.0000,4064,2459.6769,0.0000,383,1000,1000,1,987.2285
40650.0000,4065,2459.6586,0.0000,386,1000,1000,1,987.2316
40660.0000,4066,2459.6406,0.0000,386,1000,1000,1,987.2347
40670.0000,4067,2459.6229,0.0000,391,1000,1000,1,987.2379
40680.0000,4068,2459.6061,0.0000,395,1000,1000,1,987.2410
40690.0000,4069,2459.5912,0.0000,401,1000,1000,1,987.2442
40700.0000,4070,2459.5763,0.0000,397,1000,1000,1,987.2473
40710.0000,4071,2459.5610,0.0000,398,1000,1000,1,987.2504
40720.0000,4072,2459.5457,0.0000,397,1000,1000,1,987.2536
40730.0000,4073,2459.5307,0.0000,399,1000,1000,1,987.2567
40740.0000,4074,2459.5155,0.0000,398,1000,1000,1,987.2598
40750.0000,4075,2459.5011,0.0000,407,1000,1000,1,987.2629
40760.0000,4076,2459.4882,0.0000,405,1000,1000,1,987.2661
40770.0000,4077,2459.4747,0.0000,406,1000,1000,1,987.2692
40780.0000,4078,2459.4619,0.0000,410,1000,1000,1,987.2723
40790.0000,4079,2459.4492,0.0000,408,1000,1000,1,987.2754
40800.0000,4080,2459.4372,0.0000,413,1000,1000,1,987.2785
40810.0000,4081,2459.4254,0.0000,410,1000,1000,1,987.2817
40820.0000,4082,2459.4122,0.0000,407,1000,1000,1,987.2848
40830.0000,4083,2459.3991,0.0000,405,1000,1000,1,987.2879
40840.0000,4084,2459.3866,0.0000,409,1000,1000,1,987.2910
40850.0000,4085,2459.3748,0.0000,411,1000,1000,1,987.2941
40860.0000,4086,2459.3619,0.0000,407,1000,1000,1,987.2972
40870.0000,4087,2459.3498,0.0000,409,1000,1000,1,987.3003
40880.0000,4088,2459.3367,0.0000,404,1000,1000,1,987.3034
40890.0000,4089,2459.3226,0.0000,402,1000,1000,1,987.3065
40900.0000,4090,2459.3086,0.0000,404,1000,1000,1,987.3096
40910.0000,4091,2459.2954,0.0000,406,1000,1000,1,987.3127
40920.0000,4092,2459.2826,0.0000,404,1000,1000,1,987.3159
40930.0000,4093,2459.2685,0.0000,401,1000,1000,1,987.3189
40940.0000,4094,2459.2550,0.0000,403,1000,1000,1,987.3220
40950.0000,4095,2459.2414,0.0000,403,1000,1000,1,987.3251
40960.0000,4096,2459.2282,0.0000,407,1000,1000,1,987.3282
40970.0000,4097,2459.2154,0.0000,407,1000,1000,1,987.3313
40980.0000,4098,2459.2020,0.0000,401,1000,1000,1,987.3344
40990.0000,4099,2459.1879,0.0000,402,1000,1000,1,987.3375
41000.0000,4100,2459.1736,0.0000,401,1000,1000,1,987.3406
41010.0000,4101,2459.1603,0.0000,405,1000,1000,1,987.3437
41020.0000,4102,2459.1460,0.0000,394,1000,1000,1,987.3468
41030.0000,4103,2459.1294,0.0000,392,1000,1000,1,987.3499
41040.0000,4104,2459.1120,0.0000,381,1000,1000,1,987.3529
41050.0000,4105,2459.0923,0.0000,374,1000,1000,1,987.3560
41060.0000,4106,2459.0721,0.0000,377,1000,1000,1,987.3591
41070.0000,4107,2459.0528,0.0000,375,1000,1000,1,987.3622
41080.0000,4108,2459.0315,0.0000,368,1000,1000,1,987.3653
41090.0000,4109,2459.0092,0.0000,365,1000,1000,1,987.3683
41100.0000,4110,2458.9867,0.0000,367,1000,1000,1,987.3714
41110.0000,4111,2458.9653,0.0000,375,1000,1000,1,987.3745
41120.0000,4112,2458.9454,0.0000,376,1000,1000,1,987.3775
41130.0000,4113,2458.9247,0.0000,373,1000,1000,1,987.3806
41140.0000,4114,2458.9039,0.0000,374,1000,1000,1,987.3837
41150.0000,4115,2458.8825,0.0000,366,1000,1000,1,987.3867
41160.0000,4116,2458.8596,0.0000,362,1000,1000,1,987.3898
41170.0000,4117,2458.8363,0.0000,361,1000,1000,1,987.3929
41180.0000,4118,2458.8126,0.0000,364,1000,1000,1,987.3959
41190.0000,4119,2458.7907,0.0000,372,1000,1000,1,987.3990
41200.0000,4120,2458.7687,0.0000,363,1000,1000,1,987.4021
41210.0000,4121,2458.7449,0.0000,362,1000,1000,1,987.4051
41220.0000,4122,2458.7225,0.0000,370,1000,1000,1,987.4082
41230.0000,4123,2458.7005,0.0000,366,1000,1000,1,987.4112
41240.0000,4124,2458.6781,0.0000,368,1000,1000,1,987.4143
41250.0000,4125,2458.6557,0.0000,363,1000,1000,1,987.4173
41260.0000,4126,2458.6318,0.0000,357,1000,1000,1,987.4204
41270.0000,4127,2458.6085,0.0000,366,1000,1000,1,987.4234
41280.0000,4128,2458.5845,0.0000,358,1000,1000,1,987.4265
41290.0000,4129,2458.5598,0.0000,357,1000,1000,1,987.4295
41300.0000,4130,2458.5356,0.0000,357,1000,1000,1,987.4326
41310.0000,4131,2458.5120,0.0000,361,1000,1000,1,987.4356
41320.0000,4132,2458.4888,0.0000,362,1000,1000,1,987.4386
41330.0000,4133,2458.4647,0.0000,360,1000,1000,1,987.4417
41340.0000,4134,2458.4400,0.0000,355,1000,1000,1,987.4447
41350.0000,4135,2458.4149,0.0000,352,1000,1000,1,987.4478
41360.0000,4136,2458.3914,0.0000,367,1000,1000,1,987.4508
41370.0000,4137,2458.3689,0.0000,363,1000,1000,1,987.4538
41380.0000,4138,2458.3457,0.0000,366,1000,1000,1,987.4569
41390.0000,4139,2458.3229,0.0000,362,1000,1000,1,987.4599
41400.0000,4140,2458.3002,0.0000,366,1000,1000,1,987.4629
41410.0000,4141,2458.2770,0.0000,360,1000,1000,1,987.4659
41420.0000,4142,2458.2524,0.0000,353,1000,1000,1,987.4690
41430.0000,4143,2458.2262,0.0000,348,1000,1000,1,987.4720
41440.0000,4144,2458.1988,0.0000,342,1000,1000,1,987.4750
41450.0000,4145,2458.1695,0.0000,332,1000,1000,1,987.4780
41460.0000,4146,2458.1396,0.0000,337,1000,1000,1,987.4811
41470.0000,4147,2458.1106,0.0000,337,1000,1000,1,987.4841
41480.0000,4148,2458.0802,0.0000,331,1000,1000,1,987.4871
41490.0000,4149,2458.0506,0.0000,333,1000,1000,1,987.4901
41500.0000,4150,2458.0198,0.0000,328,1000,1000,1,987.4931
41510.0000,4151,2457.9880,0.0000,329,1000,1000,1,987.4961
41520.0000,4152,2457.9567,0.0000,332,1000,1000,1,987.4991
41530.0000,4153,2457.9268,0.0000,335,1000,1000,1,987.5022
41540.0000,4154,2457.8981,0.0000,340,1000,1000,1,987.5052
41550.0000,4155,2457.8711,0.0000,350,1000,1000,1,987.5082
41560.0000,4156,2457.8441,0.0000,339,1000,1000,1,987.5112
41570.0000,4157,2457.8164,0.0000,350,1000,1000,1,987.5142
41580.0000,4158,2457.7908,0.0000,352,1000,1000,1,987.5172
41590.0000,4159,2457.7651,0.0000,352,1000,1000,1,987.5202
41600.0000,4160,2457.7399,0.0000,353,1000,1000,1,987.5232
41610.0000,4161,2457.7151,0.0000,355,1000,1000,1,987.5262
41620.0000,4162,2457.6886,0.0000,342,1000,1000,1,987.5292
41630.0000,4163,2457.6607,0.0000,341,1000,1000,1,987.5322
41640.0000,4164,2457.6327,0.0000,343,1000,1000,1,987.5352
41650.0000,4165,2457.6040,0.0000,338,1000,1000,1,987.5382
41660.0000,4166,2457.5749,0.0000,337,1000,1000,1,987.5412
41670.0000,4167,2457.5454,0.0000,334,1000,1000,1,987.5441
41680.0000,4168,2457.5145,0.0000,329,1000,1000,1,987.5471
41690.0000,4169,2457.4845,0.0000,335,1000,1000,1,987.5501
41700.0000,4170,2457.4546,0.0000,325,1000,1000,1,987.5531
41710.0000,4171,2457.4234,0.0000,328,1000,1000,1,987.5561
41720.0000,4172,2457.3930,0.0000,333,1000,1000,1,987.5591
41730.0000,4173,2457.3632,0.0000,333,1000,1000,1,987.5621
41740.0000,4174,2457.3332,0.0000,329,1000,1000,1,987.5650
41750.0000,4175,2457.3018,0.0000,322,1000,1000,1,987.5680
41760.0000,4176,2457.2688,0.0000,319,1000,1000,1,987.5710
41770.0000,4177,2457.2342,0.0000,312,1000,1000,1,987.5740
41780.0000,4178,2457.1986,0.0000,310,1000,1000,1,987.5769
41790.0000,4179,2457.1630,0.0000,308,1000,1000,1,987.5799
41800.0000,4180,2457.1280,0.0000,317,1000,1000,1,987.5829
41810.0000,4181,2457.0943,0.0000,316,1000,1000,1,987.5859
41820.0000,4182,2457.0605,0.0000,317,1000,1000,1,987.5888
41830.0000,4183,2457.0276,0.0000,317,1000,1000,1,987.5918
41840.0000,4184,2456.9935,0.0000,315,1000,1000,1,987.5948
41850.0000,4185,2456.9601,0.0000,316,1000,1000,1,987.5977
41860.0000,4186,2456.9271,0.0000,323,1000,1000,1,987.6007
41870.0000,4187,2456.8944,0.0000,316,1000,1000,1,987.6036
41880.0000,4188,2456.8599,0.0000,313,1000,1000,1,987.6066
41890.0000,4189,2456.8259,0.0000,316,1000,1000,1,987.6096
41900.0000,4190,2456.7928,0.0000,317,1000,1000,1,987.6125
41910.0000,4191,2456.7587,0.0000,315,1000,1000,1,987.6155
41920.0000,4192,2456.7245,0.0000,315,1000,1000,1,987.6184
41930.0000,4193,2456.6901,0.0000,310,1000,1000,1,987.6214
41940.0000,4194,2456.6552,0.0000,312,1000,1000,1,987.6243
41950.0000,4195,2456.6211,0.0000,313,1000,1000,1,987.6273
41960.0000,4196,2456.5879,0.0000,319,1000,1000,1,987.6302
41970.0000,4197,2456.5559,0.0000,322,1000,1000,1,987.6332
41980.0000,4198,2456.5229,0.0000,315,1000,1000,1,987.6361
41990.0000,4199,2456.4893,0.0000,315,1000,1000,1,987.6391
42000.0000,4200,2456.4552,0.0000,314,1000,1000,1,987.6420
42010.0000,4201,2456.4207,0.0000,316,1000,1000,1,987.6450
42020.0000,4202,2456.3869,0.0000,315,1000,1000,1,987.6479
42030.0000,4203,2456.3530,0.0000,314,1000,1000,1,987.6508
42040.0000,4204,2456.3190,0.0000,313,1000,1000,1,987.6538
42050.0000,4205,2456.2844,0.0000,309,1000,1000,1,987.6567
42060.0000,4206,2456.2500,0.0000,310,1000,1000,1,987.6596
42070.0000,4207,2456.2157,0.0000,313,1000,1000,1,987.6626
42080.0000,4208,2456.1824,0.0000,316,1000,1000,1,987.6655
42090.0000,4209,2456.1492,0.0000,316,1000,1000,1,987.6684
42100.0000,4210,2456.1162,0.0000,316,1000,1000,1,987.6714
42110.0000,4211,2456.0816,0.0000,308,1000,1000,1,987.6743
42120.0000,4212,2456.0471,0.0000,311,1000,1000,1,987.6772
42130.0000,4213,2456.0124,0.0000,310,1000,1000,1,987.6801
42140.0000,4214,2455.9773,0.0000,309,1000,1000,1,987.6831
42150.0000,4215,2455.9420,0.0000,305,1000,1000,1,987.6860
42160.0000,4216,2455.9061,0.0000,305,1000,1000,1,987.6889
42170.0000,4217,2455.8704,0.0000,308,1000,1000,1,987.6918
42180.0000,4218,2455.8347,0.0000,301,1000,1000,1,987.6948
42190.0000,4219,2455.7986,0.0000,305,1000,1000,1,987.6977
42200.0000,4220,2455.7630,0.0000,303,1000,1000,1,987.7006
42210.0000,4221,2455.7273,0.0000,309,1000,1000,1,987.7035
42220.0000,4222,2455.6925,0.0000,308,1000,1000,1,987.7064
42230.0000,4223,2455.6577,0.0000,311,1000,1000,1,987.7093
42240.0000,4224,2455.6238,0.0000,312,1000,1000,1,987.7122
42250.0000,4225,2455.5902,0.0000,315,1000,1000,1,987.7151
42260.0000,4226,2455.5575,0.0000,319,1000,1000,1,987.7180
42270.0000,4227,2455.5262,0.0000,330,1000,1000,1,987.7210
42280.0000,4228,2455.4973,0.0000,336,1000,1000,1,987.7239
42290.0000,4229,2455.4688,0.0000,328,1000,1000,1,987.7268
42300.0000,4230,2455.4377,0.0000,324,1000,1000,1,987.7297
42310.0000,4231,2455.4068,0.0000,326,1000,1000,1,987.7326
42320.0000,4232,2455.3752,0.0000,317,1000,1000,1,987.7355
42330.0000,4233,2455.3426,0.0000,314,1000,1000,1,987.7384
42340.0000,4234,2455.3083,0.0000,307,1000,1000,1,987.7413
42350.0000,4235,2455.2724,0.0000,299,1000,1000,1,987.7441
42360.0000,4236,2455.2351,0.0000,299,1000,1000,1,987.7470
42370.0000,4237,2455.1973,0.0000,295,1000,1000,1,987.7499
42380.0000,4238,2455.1594,0.0000,299,1000,1000,1,987.7528
42390.0000,4239,2455.1226,0.0000,299,1000,1000,1,987.7557
42400.0000,4240,2455.0862,0.0000,305,1000,1000,1,987.7586
42410.0000,4241,2455.0503,0.0000,302,1000,1000,1,987.7615
42420.0000,4242,2455.0139,0.0000,299,1000,1000,1,987.7644
42430.0000,4243,2454.9772,0.0000,296,1000,1000,1,987.7673
42440.0000,4244,2454.9394,0.0000,292,1000,1000,1,987.7701
42450.0000,4245,2454.9005,0.0000,288,1000,1000,1,987.7730
42460.0000,4246,2454.8624,0.0000,298,1000,1000,1,987.7759
42470.0000,4247,2454.8253,0.0000,296,1000,1000,1,987.7788
42480.0000,4248,2454.7877,0.0000,292,1000,1000,1,987.7817
42490.0000,4249,2454.7490,0.0000,291,1000,1000,1,987.7845
42500.0000,4250,2454.7093,0.0000,282,1000,1000,1,987.7874
42510.0000,4251,2454.6685,0.0000,281,1000,1000,1,987.7903
42520.0000,4252,2454.6276,0.0000,276,1000,1000,1,987.7931
42530.0000,4253,2454.5856,0.0000,277,1000,1000,1,987.7960
42540.0000,4254,2454.5429,0.0000,271,1000,1000,1,987.7989
42550.0000,4255,2454.4987,0.0000,263,1000,1000,1,987.8018
42560.0000,4256,2454.4542,0.0000,264,1000,1000,1,987.8046
42570.0000,4257,2454.4109,0.0000,273,1000,1000,1,987.8075
42580.0000,4258,2454.3692,0.0000,277,1000,1000,1,987.8103
42590.0000,4259,2454.3284,0.0000,285,1000,1000,1,987.8132
42600.0000,4260,2454.2885,0.0000,285,1000,1000,1,987.8161
42610.0000,4261,2454.2491,0.0000,290,1000,1000,1,987.8189
42620.0000,4262,2454.2113,0.0000,295,1000,1000,1,987.8218
42630.0000,4263,2454.1736,0.0000,292,1000,1000,1,987.8246
42640.0000,4264,2454.1332,0.0000,275,1000,1000,1,987.8275
42650.0000,4265,2454.0914,0.0000,274,1000,1000,1,987.8304
42660.0000,4266,2454.0482,0.0000,266,1000,1000,1,987.8332
42670.0000,4267,2454.0045,0.0000,274,1000,1000,1,987.8361
42680.0000,4268,2453.9625,0.0000,275,1000,1000,1,987.8389
42690.0000,4269,2453.9209,0.0000,278,1000,1000,1,987.8418
42700.0000,4270,2453.8792,0.0000,273,1000,1000,1,987.8446
42710.0000,4271,2453.8375,0.0000,281,1000,1000,1,987.8474
42720.0000,4272,2453.7971,0.0000,283,1000,1000,1,987.8503
42730.0000,4273,2453.7583,0.0000,293,1000,1000,1,987.8531
42740.0000,4274,2453.7205,0.0000,290,1000,1000,1,987.8560
42750.0000,4275,2453.6819,0.0000,288,1000,1000,1,987.8588
42760.0000,4276,2453.6428,0.0000,283,1000,1000,1,987.8617
42770.0000,4277,2453.6025,0.0000,279,1000,1000,1,987.8645
42780.0000,4278,2453.5611,0.0000,275,1000,1000,1,987.8673
42790.0000,4279,2453.5195,0.0000,274,1000,1000,1,987.8702
42800.0000,4280,2453.4774,0.0000,276,1000,1000,1,987.8730
42810.0000,4281,2453.4365,0.0000,280,1000,1000,1,987.8758
42820.0000,4282,2453.3964,0.0000,282,1000,1000,1,987.8787
42830.0000,4283,2453.3549,0.0000,272,1000,1000,1,987.8815
42840.0000,4284,2453.3131,0.0000,278,1000,1000,1,987.8843
42850.0000,4285,2453.2724,0.0000,279,1000,1000,1,987.8872
42860.0000,4286,2453.2317,0.0000,277,1000,1000,1,987.8900
42870.0000,4287,2453.1901,0.0000,268,1000,1000,1,987.8928
42880.0000,4288,2453.1467,0.0000,268,1000,1000,1,987.8956
42890.0000,4289,2453.1033,0.0000,270,1000,1000,1,987.8985
42900.0000,4290,2453.0602,0.0000,264,1000,1000,1,987.9013
42910.0000,4291,2453.0162,0.0000,265,1000,1000,1,987.9041
42920.0000,4292,2452.9728,0.0000,267,1000,1000,1,987.9069
42930.0000,4293,2452.9292,0.0000,267,1000,1000,1,987.9097
42940.0000,4294,2452.8866,0.0000,273,1000,1000,1,987.9125
42950.0000,4295,2452.8447,0.0000,277,1000,1000,1,987.9154
42960.0000,4296,2452.8036,0.0000,272,1000,1000,1,987.9182
42970.0000,4297,2452.7621,0.0000,274,1000,1000,1,987.9210
42980.0000,4298,2452.7210,0.0000,279,1000,1000,1,987.9238
42990.0000,4299,2452.6809,0.0000,277,1000,1000,1,987.9266
43000.0000,4300,2452.6409,0.0000,286,1000,1000,1,987.9294
43010.0000,4301,2452.6029,0.0000,293,1000,1000,1,987.9322
43020.0000,4302,2452.5674,0.0000,307,1000,1000,1,987.9350
43030.0000,4303,2452.5335,0.0000,306,1000,1000,1,987.9378
43040.0000,4304,2452.5011,0.0000,317,1000,1000,1,987.9406
43050.0000,4305,2452.4690,0.0000,312,1000,1000,1,987.9434
43060.0000,4306,2452.4359,0.0000,307,1000,1000,1,987.9462
43070.0000,4307,2452.4023,0.0000,307,1000,1000,1,987.9490
43080.0000,4308,2452.3682,0.0000,303,1000,1000,1,987.9518
43090.0000,4309,2452.3331,0.0000,302,1000,1000,1,987.9546
43100.0000,4310,2452.2995,0.0000,314,1000,1000,1,987.9574
43110.0000,4311,2452.2683,0.0000,320,1000,1000,1,987.9602
43120.0000,4312,2452.2379,0.0000,322,1000,1000,1,987.9630
43130.0000,4313,2452.2071,0.0000,318,1000,1000,1,987.9658
43140.0000,4314,2452.1750,0.0000,311,1000,1000,1,987.9686
43150.0000,4315,2452.1418,0.0000,308,1000,1000,1,987.9714
43160.0000,4316,2452.1094,0.0000,310,1000,1000,1,987.9742
43170.0000,4317,2452.0764,0.0000,310,1000,1000,1,987.9769
43180.0000,4318,2452.0427,0.0000,303,1000,1000,1,987.9797
43190.0000,4319,2452.0083,0.0000,302,1000,1000,1,987.9825
43200.0000,4320,2451.9736,0.0000,304,1000,1000,1,987.9853
43210.0000,4321,2451.9398,0.0000,306,1000,1000,1,987.9881
43220.0000,4322,2451.9058,0.0000,305,1000,1000,1,987.9909
43230.0000,4323,2451.8712,0.0000,302,1000,1000,1,987.9936
43240.0000,4324,2451.8358,0.0000,300,1000,1000,1,987.9964
43250.0000,4325,2451.8011,0.0000,305,1000,1000,1,987.9992
43260.0000,4326,2451.7672,0.0000,305,1000,1000,1,988.0020
43270.0000,4327,2451.7340,0.0000,306,1000,1000,1,988.0047
43280.0000,4328,2451.6997,0.0000,301,1000,1000,1,988.0075
43290.0000,4329,2451.6654,0.0000,302,1000,1000,1,988.0103
43300.0000,4330,2451.6313,0.0000,302,1000,1000,1,988.0130
43310.0000,4331,2451.5966,0.0000,299,1000,1000,1,988.0158
43320.0000,4332,2451.5609,0.0000,298,1000,1000,1,988.0186
43330.0000,4333,2451.5251,0.0000,297,1000,1000,1,988.0213
43340.0000,4334,2451.4904,0.0000,301,1000,1000,1,988.0241
43350.0000,4335,2451.4559,0.0000,302,1000,1000,1,988.0269
43360.0000,4336,2451.4210,0.0000,297,1000,1000,1,988.0296
43370.0000,4337,2451.3851,0.0000,294,1000,1000,1,988.0324
43380.0000,4338,2451.3492,0.0000,294,1000,1000,1,988.0351
43390.0000,4339,2451.3126,0.0000,293,1000,1000,1,988.0379
43400.0000,4340,2451.2749,0.0000,286,1000,1000,1,988.0407
43410.0000,4341,2451.2366,0.0000,284,1000,1000,1,988.0434
43420.0000,4342,2451.1986,0.0000,287,1000,1000,1,988.0462
43430.0000,4343,2451.1604,0.0000,283,1000,1000,1,988.0489
43440.0000,4344,2451.1217,0.0000,285,1000,1000,1,988.0517
43450.0000,4345,2451.0836,0.0000,286,1000,1000,1,988.0544
43460.0000,4346,2451.0456,0.0000,280,1000,1000,1,988.0572
43470.0000,4347,2451.0061,0.0000,278,1000,1000,1,988.0599
43480.0000,4348,2450.9660,0.0000,272,1000,1000,1,988.0627
43490.0000,4349,2450.9255,0.0000,276,1000,1000,1,988.0654
43500.0000,4350,2450.8833,0.0000,260,1000,1000,1,988.0682
43510.0000,4351,2450.8387,0.0000,256,1000,1000,1,988.0709
43520.0000,4352,2450.7941,0.0000,252,1000,1000,1,988.0736
43530.0000,4353,2450.7479,0.0000,249,1000,1000,1,988.0764
43540.0000,4354,2450.7003,0.0000,243,1000,1000,1,988.0791
43550.0000,4355,2450.6519,0.0000,238,1000,1000,1,988.0819
43560.0000,4356,2450.6027,0.0000,237,1000,1000,1,988.0846
43570.0000,4357,2450.5530,0.0000,234,1000,1000,1,988.0873
43580.0000,4358,2450.5037,0.0000,232,1000,1000,1,988.0901
43590.0000,4359,2450.4528,0.0000,219,1000,1000,1,988.0928
43600.0000,4360,2450.3993,0.0000,216,1000,1000,1,988.0955
43610.0000,4361,2450.3450,0.0000,211,1000,1000,1,988.0982
43620.0000,4362,2450.2895,0.0000,207,1000,1000,1,988.1010
43630.0000,4363,2450.2336,0.0000,211,1000,1000,1,988.1037
43640.0000,4364,2450.1787,0.0000,207,1000,1000,1,988.1064
43650.0000,4365,2450.1228,0.0000,203,1000,1000,1,988.1092
43660.0000,4366,2450.0651,0.0000,194,1000,1000,1,988.1119
43670.0000,4367,2450.0062,0.0000,193,1000,1000,1,988.1146
43680.0000,4368,2449.9479,0.0000,196,1000,1000,1,988.1173
43690.0000,4369,2449.8893,0.0000,192,1000,1000,1,988.1200
43700.0000,4370,2449.8307,0.0000,195,1000,1000,1,988.1228
43710.0000,4371,2449.7716,0.0000,186,1000,1000,1,988.1255
43720.0000,4372,2449.7128,0.0000,196,1000,1000,1,988.1282
43730.0000,4373,2449.6555,0.0000,203,1000,1000,1,988.1309
43740.0000,4374,2449.6000,0.0000,207,1000,1000,1,988.1336
43750.0000,4375,2449.5440,0.0000,202,1000,1000,1,988.1363
43760.0000,4376,2449.4877,0.0000,203,1000,1000,1,988.1390
43770.0000,4377,2449.4313,0.0000,200,1000,1000,1,988.1418
43780.0000,4378,2449.3748,0.0000,203,1000,1000,1,988.1445
43790.0000,4379,2449.3192,0.0000,208,1000,1000,1,988.1472
43800.0000,4380,2449.2634,0.0000,204,1000,1000,1,988.1499
43810.0000,4381,2449.2082,0.0000,207,1000,1000,1,988.1526
43820.0000,4382,2449.1526,0.0000,208,1000,1000,1,988.1553
43830.0000,4383,2449.0971,0.0000,203,1000,1000,1,988.1580
43840.0000,4384,2449.0412,0.0000,203,1000,1000,1,988.1607
43850.0000,4385,2448.9846,0.0000,195,1000,1000,1,988.1634
43860.0000,4386,2448.9266,0.0000,198,1000,1000,1,988.1661
43870.0000,4387,2448.8688,0.0000,198,1000,1000,1,988.1688
43880.0000,4388,2448.8114,0.0000,197,1000,1000,1,988.1715
43890.0000,4389,2448.7537,0.0000,195,1000,1000,1,988.1742
43900.0000,4390,2448.6948,0.0000,186,1000,1000,1,988.1769
43910.0000,4391,2448.6339,0.0000,177,1000,1000,1,988.1796
43920.0000,4392,2448.5719,0.0000,178,1000,1000,1,988.1823
43930.0000,4393,2448.5095,0.0000,174,1000,1000,1,988.1849
43940.0000,4394,2448.4473,0.0000,175,1000,1000,1,988.1876
43950.0000,4395,2448.3844,0.0000,173,1000,1000,1,988.1903
43960.0000,4396,2448.3223,0.0000,176,1000,1000,1,988.1930
43970.0000,4397,2448.2609,0.0000,176,1000,1000,1,988.1957
43980.0000,4398,2448.1983,0.0000,173,1000,1000,1,988.1984
43990.0000,4399,2448.1352,0.0000,171,1000,1000,1,988.2011
44000.0000,4400,2448.0720,0.0000,168,1000,1000,1,988.2037
44010.0000,4401,2448.0076,0.0000,167,1000,1000,1,988.2064
44020.0000,4402,2447.9433,0.0000,164,1000,1000,1,988.2091
44030.0000,4403,2447.8789,0.0000,165,1000,1000,1,988.2118
44040.0000,4404,2447.8142,0.0000,161,1000,1000,1,988.2145
44050.0000,4405,2447.7479,0.0000,155,1000,1000,1,988.2171
44060.0000,4406,2447.6816,0.0000,154,1000,1000,1,988.2198
44070.0000,4407,2447.6144,0.0000,151,1000,1000,1,988.2225
44080.0000,4408,2447.5474,0.0000,158,1000,1000,1,988.2251
44090.0000,4409,2447.4807,0.0000,149,1000,1000,1,988.2278
44100.0000,4410,2447.4119,0.0000,142,1000,1000,1,988.2305
44110.0000,4411,2447.3423,0.0000,140,1000,1000,1,988.2332
44120.0000,4412,2447.2731,0.0000,144,1000,1000,1,988.2358
44130.0000,4413,2447.2046,0.0000,144,1000,1000,1,988.2385
44140.0000,4414,2447.1360,0.0000,143,1000,1000,1,988.2412
44150.0000,4415,2447.0670,0.0000,142,1000,1000,1,988.2438
44160.0000,4416,2446.9983,0.0000,145,1000,1000,1,988.2465
44170.0000,4417,2446.9304,0.0000,148,1000,1000,1,988.2491
44180.0000,4418,2446.8628,0.0000,145,1000,1000,1,988.2518
44190.0000,4419,2446.7955,0.0000,153,1000,1000,1,988.2545
44200.0000,4420,2446.7291,0.0000,155,1000,1000,1,988.2571
44210.0000,4421,2446.6629,0.0000,156,1000,1000,1,988.2598
44220.0000,4422,2446.5975,0.0000,158,1000,1000,1,988.2624
44230.0000,4423,2446.5326,0.0000,163,1000,1000,1,988.2651
44240.0000,4424,2446.4689,0.0000,166,1000,1000,1,988.2677
44250.0000,4425,2446.4058,0.0000,169,1000,1000,1,988.2704
44260.0000,4426,2446.3428,0.0000,168,1000,1000,1,988.2730
44270.0000,4427,2446.2786,0.0000,159,1000,1000,1,988.2757
44280.0000,4428,2446.2131,0.0000,156,1000,1000,1,988.2783
44290.0000,4429,2446.1469,0.0000,154,1000,1000,1,988.2810
44300.0000,4430,2446.0809,0.0000,157,1000,1000,1,988.2836
44310.0000,4431,2446.0159,0.0000,159,1000,1000,1,988.2863
44320.0000,4432,2445.9514,0.0000,161,1000,1000,1,988.2889
44330.0000,4433,2445.8875,0.0000,166,1000,1000,1,988.2916
44340.0000,4434,2445.8237,0.0000,158,1000,1000,1,988.2942
44350.0000,4435,2445.7586,0.0000,156,1000,1000,1,988.2968
44360.0000,4436,2445.6929,0.0000,157,1000,1000,1,988.2995
44370.0000,4437,2445.6279,0.0000,159,1000,1000,1,988.3021
44380.0000,4438,2445.5633,0.0000,157,1000,1000,1,988.3047
44390.0000,4439,2445.4978,0.0000,155,1000,1000,1,988.3074
44400.0000,4440,2445.4323,0.0000,154,1000,1000,1,988.3100
44410.0000,4441,2445.3666,0.0000,152,1000,1000,1,988.3126
44420.0000,4442,2445.3003,0.0000,153,1000,1000,1,988.3153
44430.0000,4443,2445.2345,0.0000,153,1000,1000,1,988.3179
44440.0000,4444,2445.1693,0.0000,157,1000,1000,1,988.3205
44450.0000,4445,2445.1042,0.0000,156,1000,1000,1,988.3232
44460.0000,4446,2445.0397,0.0000,159,1000,1000,1,988.3258
44470.0000,4447,2444.9766,0.0000,165,1000,1000,1,988.3284
44480.0000,4448,2444.9139,0.0000,168,1000,1000,1,988.3310
44490.0000,4449,2444.8523,0.0000,172,1000,1000,1,988.3337
44500.0000,4450,2444.7908,0.0000,173,1000,1000,1,988.3363
44510.0000,4451,2444.7287,0.0000,168,1000,1000,1,988.3389
44520.0000,4452,2444.6664,0.0000,167,1000,1000,1,988.3415
44530.0000,4453,2444.6037,0.0000,163,1000,1000,1,988.3441
44540.0000,4454,2444.5404,0.0000,158,1000,1000,1,988.3468
44550.0000,4455,2444.4763,0.0000,158,1000,1000,1,988.3494
44560.0000,4456,2444.4132,0.0000,165,1000,1000,1,988.3520
44570.0000,4457,2444.3511,0.0000,171,1000,1000,1,988.3546
44580.0000,4458,2444.2899,0.0000,175,1000,1000,1,988.3572
44590.0000,4459,2444.2293,0.0000,173,1000,1000,1,988.3598
44600.0000,4460,2444.1693,0.0000,179,1000,1000,1,988.3624
44610.0000,4461,2444.1101,0.0000,183,1000,1000,1,988.3650
44620.0000,4462,2444.0520,0.0000,185,1000,1000,1,988.3677
44630.0000,4463,2443.9928,0.0000,179,1000,1000,1,988.3703
44640.0000,4464,2443.9327,0.0000,176,1000,1000,1,988.3729
44650.0000,4465,2443.8726,0.0000,176,1000,1000,1,988.3755
44660.0000,4466,2443.8124,0.0000,178,1000,1000,1,988.3781
44670.0000,4467,2443.7534,0.0000,179,1000,1000,1,988.3807
44680.0000,4468,2443.6940,0.0000,177,1000,1000,1,988.3833
44690.0000,4469,2443.6341,0.0000,175,1000,1000,1,988.3859
44700.0000,4470,2443.5740,0.0000,179,1000,1000,1,988.3885
44710.0000,4471,2443.5157,0.0000,188,1000,1000,1,988.3911
44720.0000,4472,2443.4594,0.0000,195,1000,1000,1,988.3937
44730.0000,4473,2443.4036,0.0000,194,1000,1000,1,988.3963
44740.0000,4474,2443.3483,0.0000,196,1000,1000,1,988.3989
44750.0000,4475,2443.2930,0.0000,194,1000,1000,1,988.4014
44760.0000,4476,2443.2382,0.0000,204,1000,1000,1,988.4040
44770.0000,4477,2443.1839,0.0000,200,1000,1000,1,988.4066
44780.0000,4478,2443.1299,0.0000,199,1000,1000,1,988.4092
44790.0000,4479,2443.0755,0.0000,203,1000,1000,1,988.4118
44800.0000,4480,2443.0216,0.0000,206,1000,1000,1,988.4144
44810.0000,4481,2442.9682,0.0000,205,1000,1000,1,988.4170
44820.0000,4482,2442.9148,0.0000,206,1000,1000,1,988.4196
44830.0000,4483,2442.8618,0.0000,204,1000,1000,1,988.4221
44840.0000,4484,2442.8079,0.0000,200,1000,1000,1,988.4247
44850.0000,4485,2442.7537,0.0000,197,1000,1000,1,988.4273
44860.0000,4486,2442.6992,0.0000,197,1000,1000,1,988.4299
44870.0000,4487,2442.6445,0.0000,196,1000,1000,1,988.4325
44880.0000,4488,2442.5896,0.0000,198,1000,1000,1,988.4350
44890.0000,4489,2442.5346,0.0000,192,1000,1000,1,988.4376
44900.0000,4490,2442.4787,0.0000,193,1000,1000,1,988.4402
44910.0000,4491,2442.4239,0.0000,199,1000,1000,1,988.4428
44920.0000,4492,2442.3708,0.0000,207,1000,1000,1,988.4453
44930.0000,4493,2442.3185,0.0000,208,1000,1000,1,988.4479
44940.0000,4494,2442.2659,0.0000,208,1000,1000,1,988.4505
44950.0000,4495,2442.2136,0.0000,199,1000,1000,1,988.4530
44960.0000,4496,2442.1592,0.0000,199,1000,1000,1,988.4556
44970.0000,4497,2442.1049,0.0000,195,1000,1000,1,988.4582
44980.0000,4498,2442.0492,0.0000,191,1000,1000,1,988.4608
44990.0000,4499,2441.9932,0.0000,189,1000,1000,1,988.4633
45000.0000,4500,2441.9375,0.0000,193,1000,1000,1,988.4659
45010.0000,4501,2441.8821,0.0000,189,1000,1000,1,988.4684
45020.0000,4502,2441.8255,0.0000,189,1000,1000,1,988.4710
45030.0000,4503,2441.7694,0.0000,185,1000,1000,1,988.4736
45040.0000,4504,2441.7123,0.0000,187,1000,1000,1,988.4761
45050.0000,4505,2441.6554,0.0000,183,1000,1000,1,988.4787
45060.0000,4506,2441.5976,0.0000,179,1000,1000,1,988.4812
45070.0000,4507,2441.5389,0.0000,173,1000,1000,1,988.4838
45080.0000,4508,2441.4796,0.0000,173,1000,1000,1,988.4863
45090.0000,4509,2441.4206,0.0000,178,1000,1000,1,988.4889
45100.0000,4510,2441.3626,0.0000,182,1000,1000,1,988.4915
45110.0000,4511,2441.3063,0.0000,189,1000,1000,1,988.4940
45120.0000,4512,2441.2501,0.0000,188,1000,1000,1,988.4966
45130.0000,4513,2441.1936,0.0000,184,1000,1000,1,988.4991
45140.0000,4514,2441.1362,0.0000,184,1000,1000,1,988.5017
45150.0000,4515,2441.0784,0.0000,179,1000,1000,1,988.5042
45160.0000,4516,2441.0199,0.0000,177,1000,1000,1,988.5067
45170.0000,4517,2440.9622,0.0000,184,1000,1000,1,988.5093
45180.0000,4518,2440.9042,0.0000,173,1000,1000,1,988.5118
45190.0000,4519,2440.8440,0.0000,167,1000,1000,1,988.5144
45200.0000,4520,2440.7834,0.0000,167,1000,1000,1,988.5169
45210.0000,4521,2440.7218,0.0000,164,1000,1000,1,988.5195
45220.0000,4522,2440.6611,0.0000,166,1000,1000,1,988.5220
45230.0000,4523,2440.6005,0.0000,165,1000,1000,1,988.5245
45240.0000,4524,2440.5393,0.0000,162,1000,1000,1,988.5271
45250.0000,4525,2440.4784,0.0000,167,1000,1000,1,988.5296
45260.0000,4526,2440.4175,0.0000,160,1000,1000,1,988.5321
45270.0000,4527,2440.3556,0.0000,159,1000,1000,1,988.5347
45280.0000,4528,2440.2947,0.0000,170,1000,1000,1,988.5372
45290.0000,4529,2440.2344,0.0000,166,1000,1000,1,988.5397
45300.0000,4530,2440.1736,0.0000,163,1000,1000,1,988.5423
45310.0000,4531,2440.1121,0.0000,163,1000,1000,1,988.5448
45320.0000,4532,2440.0517,0.0000,167,1000,1000,1,988.5473
45330.0000,4533,2439.9914,0.0000,166,1000,1000,1,988.5498
45340.0000,4534,2439.9307,0.0000,161,1000,1000,1,988.5524
45350.0000,4535,2439.8688,0.0000,159,1000,1000,1,988.5549
45360.0000,4536,2439.8066,0.0000,155,1000,1000,1,988.5574
45370.0000,4537,2439.7441,0.0000,153,1000,1000,1,988.5599
45380.0000,4538,2439.6812,0.0000,151,1000,1000,1,988.5625
45390.0000,4539,2439.6178,0.0000,155,1000,1000,1,988.5650
45400.0000,4540,2439.5549,0.0000,152,1000,1000,1,988.5675
45410.0000,4541,2439.4916,0.0000,151,1000,1000,1,988.5700
45420.0000,4542,2439.4286,0.0000,153,1000,1000,1,988.5725
45430.0000,4543,2439.3659,0.0000,155,1000,1000,1,988.5751
45440.0000,4544,2439.3035,0.0000,154,1000,1000,1,988.5776
45450.0000,4545,2439.2409,0.0000,157,1000,1000,1,988.5801
45460.0000,4546,2439.1782,0.0000,159,1000,1000,1,988.5826
45470.0000,4547,2439.1168,0.0000,164,1000,1000,1,988.5851
45480.0000,4548,2439.0555,0.0000,159,1000,1000,1,988.5876
45490.0000,4549,2438.9934,0.0000,155,1000,1000,1,988.5901
45500.0000,4550,2438.9309,0.0000,152,1000,1000,1,988.5926
45510.0000,4551,2438.8679,0.0000,152,1000,1000,1,988.5951
45520.0000,4552,2438.8046,0.0000,151,1000,1000,1,988.5976
45530.0000,4553,2438.7412,0.0000,150,1000,1000,1,988.6001
45540.0000,4554,2438.6774,0.0000,152,1000,1000,1,988.6026
45550.0000,4555,2438.6142,0.0000,148,1000,1000,1,988.6052
45560.0000,4556,2438.5506,0.0000,146,1000,1000,1,988.6077
45570.0000,4557,2438.4859,0.0000,141,1000,1000,1,988.6102
45580.0000,4558,2438.4201,0.0000,136,1000,1000,1,988.6126
45590.0000,4559,2438.3535,0.0000,135,1000,1000,1,988.6151
45600.0000,4560,2438.2860,0.0000,127,1000,1000,1,988.6176
45610.0000,4561,2438.2183,0.0000,133,1000,1000,1,988.6201
45620.0000,4562,2438.1511,0.0000,136,1000,1000,1,988.6226
45630.0000,4563,2438.0840,0.0000,134,1000,1000,1,988.6251
45640.0000,4564,2438.0176,0.0000,134,1000,1000,1,988.6276
45650.0000,4565,2437.9519,0.0000,140,1000,1000,1,988.6301
45660.0000,4566,2437.8871,0.0000,148,1000,1000,1,988.6326
45670.0000,4567,2437.8250,0.0000,161,1000,1000,1,988.6351
45680.0000,4568,2437.7650,0.0000,166,1000,1000,1,988.6376
45690.0000,4569,2437.7057,0.0000,166,1000,1000,1,988.6401
45700.0000,4570,2437.6467,0.0000,165,1000,1000,1,988.6426
45710.0000,4571,2437.5868,0.0000,163,1000,1000,1,988.6450
45720.0000,4572,2437.5265,0.0000,162,1000,1000,1,988.6475
45730.0000,4573,2437.4653,0.0000,158,1000,1000,1,988.6500
45740.0000,4574,2437.4044,0.0000,161,1000,1000,1,988.6525
45750.0000,4575,2437.3433,0.0000,155,1000,1000,1,988.6550
45760.0000,4576,2437.2821,0.0000,155,1000,1000,1,988.6574
45770.0000,4577,2437.2201,0.0000,154,1000,1000,1,988.6599
45780.0000,4578,2437.1592,0.0000,160,1000,1000,1,988.6624
45790.0000,4579,2437.0984,0.0000,156,1000,1000,1,988.6649
45800.0000,4580,2437.0365,0.0000,155,1000,1000,1,988.6673
45810.0000,4581,2436.9747,0.0000,150,1000,1000,1,988.6698
45820.0000,4582,2436.9115,0.0000,147,1000,1000,1,988.6723
45830.0000,4583,2436.8478,0.0000,145,1000,1000,1,988.6748
45840.0000,4584,2436.7839,0.0000,146,1000,1000,1,988.6772
45850.0000,4585,2436.7202,0.0000,141,1000,1000,1,988.6797
45860.0000,4586,2436.6551,0.0000,137,1000,1000,1,988.6822
45870.0000,4587,2436.5895,0.0000,133,1000,1000,1,988.6846
45880.0000,4588,2436.5232,0.0000,133,1000,1000,1,988.6871
45890.0000,4589,2436.4578,0.0000,139,1000,1000,1,988.6896
45900.0000,4590,2436.3932,0.0000,139,1000,1000,1,988.6920
45910.0000,4591,2436.3286,0.0000,142,1000,1000,1,988.6945
45920.0000,4592,2436.2642,0.0000,139,1000,1000,1,988.6970
45930.0000,4593,2436.2000,0.0000,141,1000,1000,1,988.6994
45940.0000,4594,2436.1347,0.0000,133,1000,1000,1,988.7019
45950.0000,4595,2436.0697,0.0000,139,1000,1000,1,988.7043
45960.0000,4596,2436.0058,0.0000,145,1000,1000,1,988.7068
45970.0000,4597,2435.9427,0.0000,149,1000,1000,1,988.7093
45980.0000,4598,2435.8809,0.0000,154,1000,1000,1,988.7117
45990.0000,4599,2435.8208,0.0000,160,1000,1000,1,988.7142
46000.0000,4600,2435.7620,0.0000,170,1000,1000,1,988.7166
46010.0000,4601,2435.7044,0.0000,171,1000,1000,1,988.7191
46020.0000,4602,2435.6462,0.0000,162,1000,1000,1,988.7215
46030.0000,4603,2435.5865,0.0000,157,1000,1000,1,988.7240
46040.0000,4604,2435.5250,0.0000,153,1000,1000,1,988.7264
46050.0000,4605,2435.4639,0.0000,153,1000,1000,1,988.7289
46060.0000,4606,2435.4021,0.0000,149,1000,1000,1,988.7313
46070.0000,4607,2435.3395,0.0000,147,1000,1000,1,988.7338
46080.0000,4608,2435.2770,0.0000,145,1000,1000,1,988.7362
46090.0000,4609,2435.2141,0.0000,145,1000,1000,1,988.7387
46100.0000,4610,2435.1516,0.0000,147,1000,1000,1,988.7411
46110.0000,4611,2435.0895,0.0000,152,1000,1000,1,988.7435
46120.0000,4612,2435.0274,0.0000,146,1000,1000,1,988.7460
46130.0000,4613,2434.9643,0.0000,141,1000,1000,1,988.7484
46140.0000,4614,2434.9007,0.0000,142,1000,1000,1,988.7509
46150.0000,4615,2434.8374,0.0000,145,1000,1000,1,988.7533
46160.0000,4616,2434.7735,0.0000,136,1000,1000,1,988.7557
46170.0000,4617,2434.7090,0.0000,139,1000,1000,1,988.7582
46180.0000,4618,2434.6460,0.0000,143,1000,1000,1,988.7606
46190.0000,4619,2434.5839,0.0000,148,1000,1000,1,988.7630
46200.0000,4620,2434.5210,0.0000,141,1000,1000,1,988.7655
46210.0000,4621,2434.4578,0.0000,144,1000,1000,1,988.7679
46220.0000,4622,2434.3953,0.0000,149,1000,1000,1,988.7703
46230.0000,4623,2434.3332,0.0000,145,1000,1000,1,988.7728
46240.0000,4624,2434.2700,0.0000,142,1000,1000,1,988.7752
46250.0000,4625,2434.2067,0.0000,144,1000,1000,1,988.7776
46260.0000,4626,2434.1437,0.0000,142,1000,1000,1,988.7800
46270.0000,4627,2434.0803,0.0000,140,1000,1000,1,988.7825
46280.0000,4628,2434.0172,0.0000,145,1000,1000,1,988.7849
46290.0000,4629,2433.9545,0.0000,149,1000,1000,1,988.7873
46300.0000,4630,2433.8926,0.0000,143,1000,1000,1,988.7897
46310.0000,4631,2433.8305,0.0000,147,1000,1000,1,988.7922
46320.0000,4632,2433.7684,0.0000,145,1000,1000,1,988.7946
46330.0000,4633,2433.7071,0.0000,155,1000,1000,1,988.7970
46340.0000,4634,2433.6469,0.0000,158,1000,1000,1,988.7994
46350.0000,4635,2433.5860,0.0000,148,1000,1000,1,988.8018
46360.0000,4636,2433.5242,0.0000,144,1000,1000,1,988.8042
46370.0000,4637,2433.4628,0.0000,148,1000,1000,1,988.8067
46380.0000,4638,2433.4012,0.0000,151,1000,1000,1,988.8091
46390.0000,4639,2433.3403,0.0000,150,1000,1000,1,988.8115
46400.0000,4640,2433.2781,0.0000,143,1000,1000,1,988.8139
46410.0000,4641,2433.2154,0.0000,140,1000,1000,1,988.8163
46420.0000,4642,2433.1534,0.0000,144,1000,1000,1,988.8187
46430.0000,4643,2433.0905,0.0000,139,1000,1000,1,988.8211
46440.0000,4644,2433.0266,0.0000,133,1000,1000,1,988.8235
46450.0000,4645,2432.9611,0.0000,125,1000,1000,1,988.8259
46460.0000,4646,2432.8939,0.0000,119,1000,1000,1,988.8283
46470.0000,4647,2432.8265,0.0000,122,1000,1000,1,988.8307
46480.0000,4648,2432.7605,0.0000,127,1000,1000,1,988.8331
46490.0000,4649,2432.6950,0.0000,129,1000,1000,1,988.8355
46500.0000,4650,2432.6303,0.0000,128,1000,1000,1,988.8379
46510.0000,4651,2432.5657,0.0000,134,1000,1000,1,988.8403
46520.0000,4652,2432.5012,0.0000,131,1000,1000,1,988.8427
46530.0000,4653,2432.4360,0.0000,131,1000,1000,1,988.8451
46540.0000,4654,2432.3715,0.0000,131,1000,1000,1,988.8475
46550.0000,4655,2432.3067,0.0000,132,1000,1000,1,988.8499
46560.0000,4656,2432.2414,0.0000,128,1000,1000,1,988.8523
46570.0000,4657,2432.1765,0.0000,130,1000,1000,1,988.8547
46580.0000,4658,2432.1116,0.0000,129,1000,1000,1,988.8571
46590.0000,4659,2432.0463,0.0000,128,1000,1000,1,988.8595
46600.0000,4660,2431.9808,0.0000,124,1000,1000,1,988.8619
46610.0000,4661,2431.9144,0.0000,123,1000,1000,1,988.8643
46620.0000,4662,2431.8485,0.0000,124,1000,1000,1,988.8667
46630.0000,4663,2431.7829,0.0000,126,1000,1000,1,988.8691
46640.0000,4664,2431.7169,0.0000,124,1000,1000,1,988.8715
46650.0000,4665,2431.6503,0.0000,115,1000,1000,1,988.8738
46660.0000,4666,2431.5831,0.0000,122,1000,1000,1,988.8762
46670.0000,4667,2431.5158,0.0000,115,1000,1000,1,988.8786
46680.0000,4668,2431.4478,0.0000,115,1000,1000,1,988.8810
46690.0000,4669,2431.3804,0.0000,119,1000,1000,1,988.8834
46700.0000,4670,2431.3137,0.0000,119,1000,1000,1,988.8858
46710.0000,4671,2431.2459,0.0000,111,1000,1000,1,988.8881
46720.0000,4672,2431.1774,0.0000,111,1000,1000,1,988.8905
46730.0000,4673,2431.1079,0.0000,106,1000,1000,1,988.8929
46740.0000,4674,2431.0377,0.0000,102,1000,1000,1,988.8953
46750.0000,4675,2430.9666,0.0000,96,1000,1000,1,988.8976
46760.0000,4676,2430.8953,0.0000,97,1000,1000,1,988.9000
46770.0000,4677,2430.8247,0.0000,101,1000,1000,1,988.9024
46780.0000,4678,2430.7529,0.0000,93,1000,1000,1,988.9048
46790.0000,4679,2430.6807,0.0000,92,1000,1000,1,988.9071
46800.0000,4680,2430.6083,0.0000,95,1000,1000,1,988.9095
46810.0000,4681,2430.5367,0.0000,99,1000,1000,1,988.9119
46820.0000,4682,2430.4657,0.0000,98,1000,1000,1,988.9142
46830.0000,4683,2430.3945,0.0000,96,1000,1000,1,988.9166
46840.0000,4684,2430.3235,0.0000,97,1000,1000,1,988.9190
46850.0000,4685,2430.2526,0.0000,97,1000,1000,1,988.9213
46860.0000,4686,2430.1805,0.0000,90,1000,1000,1,988.9237
46870.0000,4687,2430.1087,0.0000,96,1000,1000,1,988.9261
46880.0000,4688,2430.0373,0.0000,95,1000,1000,1,988.9284
46890.0000,4689,2429.9663,0.0000,99,1000,1000,1,988.9308
46900.0000,4690,2429.8960,0.0000,100,1000,1000,1,988.9331
46910.0000,4691,2429.8253,0.0000,95,1000,1000,1,988.9355
46920.0000,4692,2429.7532,0.0000,91,1000,1000,1,988.9379
46930.0000,4693,2429.6812,0.0000,91,1000,1000,1,988.9402
46940.0000,4694,2429.6092,0.0000,94,1000,1000,1,988.9426
46950.0000,4695,2429.5371,0.0000,87,1000,1000,1,988.9449
46960.0000,4696,2429.4649,0.0000,93,1000,1000,1,988.9473
46970.0000,4697,2429.3931,0.0000,94,1000,1000,1,988.9496
46980.0000,4698,2429.3218,0.0000,94,1000,1000,1,988.9520
46990.0000,4699,2429.2501,0.0000,89,1000,1000,1,988.9543
47000.0000,4700,2429.1769,0.0000,84,1000,1000,1,988.9567
47010.0000,4701,2429.1038,0.0000,87,1000,1000,1,988.9590
47020.0000,4702,2429.0311,0.0000,89,1000,1000,1,988.9614
47030.0000,4703,2428.9588,0.0000,89,1000,1000,1,988.9637
47040.0000,4704,2428.8867,0.0000,86,1000,1000,1,988.9661
47050.0000,4705,2428.8134,0.0000,87,1000,1000,1,988.9684
47060.0000,4706,2428.7412,0.0000,92,1000,1000,1,988.9708
47070.0000,4707,2428.6698,0.0000,93,1000,1000,1,988.9731
47080.0000,4708,2428.5989,0.0000,95,1000,1000,1,988.9755
47090.0000,4709,2428.5274,0.0000,90,1000,1000,1,988.9778
47100.0000,4710,2428.4565,0.0000,97,1000,1000,1,988.9801
47110.0000,4711,2428.3862,0.0000,98,1000,1000,1,988.9825
47120.0000,4712,2428.3161,0.0000,94,1000,1000,1,988.9848
47130.0000,4713,2428.2448,0.0000,91,1000,1000,1,988.9872
47140.0000,4714,2428.1739,0.0000,94,1000,1000,1,988.9895
47150.0000,4715,2428.1035,0.0000,99,1000,1000,1,988.9918
47160.0000,4716,2428.0339,0.0000,100,1000,1000,1,988.9942
47170.0000,4717,2427.9645,0.0000,104,1000,1000,1,988.9965
47180.0000,4718,2427.8964,0.0000,111,1000,1000,1,988.9988
47190.0000,4719,2427.8290,0.0000,109,1000,1000,1,989.0012
47200.0000,4720,2427.7604,0.0000,102,1000,1000,1,989.0035
47210.0000,4721,2427.6914,0.0000,103,1000,1000,1,989.0058
47220.0000,4722,2427.6219,0.0000,96,1000,1000,1,989.0081
47230.0000,4723,2427.5512,0.0000,91,1000,1000,1,989.0105
47240.0000,4724,2427.4792,0.0000,89,1000,1000,1,989.0128
47250.0000,4725,2427.4075,0.0000,87,1000,1000,1,989.0151
47260.0000,4726,2427.3349,0.0000,83,1000,1000,1,989.0174
47270.0000,4727,2427.2623,0.0000,84,1000,1000,1,989.0198
47280.0000,4728,2427.1913,0.0000,95,1000,1000,1,989.0221
47290.0000,4729,2427.1204,0.0000,92,1000,1000,1,989.0244
47300.0000,4730,2427.0493,0.0000,88,1000,1000,1,989.0267
47310.0000,4731,2426.9773,0.0000,86,1000,1000,1,989.0291
47320.0000,4732,2426.9047,0.0000,85,1000,1000,1,989.0314
47330.0000,4733,2426.8324,0.0000,83,1000,1000,1,989.0337
47340.0000,4734,2426.7589,0.0000,76,1000,1000,1,989.0360
47350.0000,4735,2426.6836,0.0000,67,1000,1000,1,989.0383
47360.0000,4736,2426.6075,0.0000,66,1000,1000,1,989.0406
47370.0000,4737,2426.5322,0.0000,73,1000,1000,1,989.0430
47380.0000,4738,2426.4577,0.0000,76,1000,1000,1,989.0453
47390.0000,4739,2426.3836,0.0000,70,1000,1000,1,989.0476
47400.0000,4740,2426.3081,0.0000,68,1000,1000,1,989.0499
47410.0000,4741,2426.2332,0.0000,69,1000,1000,1,989.0522
47420.0000,4742,2426.1578,0.0000,66,1000,1000,1,989.0545
47430.0000,4743,2426.0823,0.0000,70,1000,1000,1,989.0568
47440.0000,4744,2426.0068,0.0000,65,1000,1000,1,989.0591
47450.0000,4745,2425.9314,0.0000,66,1000,1000,1,989.0614
47460.0000,4746,2425.8557,0.0000,67,1000,1000,1,989.0637
47470.0000,4747,2425.7801,0.0000,66,1000,1000,1,989.0660
47480.0000,4748,2425.7028,0.0000,58,1000,1000,1,989.0683
47490.0000,4749,2425.6262,0.0000,62,1000,1000,1,989.0706
47500.0000,4750,2425.5506,0.0000,72,1000,1000,1,989.0729
47510.0000,4751,2425.4756,0.0000,67,1000,1000,1,989.0752
47520.0000,4752,2425.3993,0.0000,68,1000,1000,1,989.0775
47530.0000,4753,2425.3242,0.0000,66,1000,1000,1,989.0798
47540.0000,4754,2425.2488,0.0000,69,1000,1000,1,989.0821
47550.0000,4755,2425.1725,0.0000,58,1000,1000,1,989.0844
47560.0000,4756,2425.0952,0.0000,55,1000,1000,1,989.0867
47570.0000,4757,2425.0178,0.0000,58,1000,1000,1,989.0890
47580.0000,4758,2424.9410,0.0000,58,1000,1000,1,989.0913
47590.0000,4759,2424.8640,0.0000,61,1000,1000,1,989.0936
47600.0000,4760,2424.7878,0.0000,62,1000,1000,1,989.0959
47610.0000,4761,2424.7111,0.0000,60,1000,1000,1,989.0982
47620.0000,4762,2424.6344,0.0000,60,1000,1000,1,989.1005
47630.0000,4763,2424.5586,0.0000,64,1000,1000,1,989.1028
47640.0000,4764,2424.4836,0.0000,69,1000,1000,1,989.1051
47650.0000,4765,2424.4097,0.0000,74,1000,1000,1,989.1073
47660.0000,4766,2424.3369,0.0000,78,1000,1000,1,989.1096
47670.0000,4767,2424.2639,0.0000,77,1000,1000,1,989.1119
47680.0000,4768,2424.1905,0.0000,74,1000,1000,1,989.1142
47690.0000,4769,2424.1169,0.0000,73,1000,1000,1,989.1165
47700.0000,4770,2424.0432,0.0000,71,1000,1000,1,989.1188
47710.0000,4771,2423.9697,0.0000,74,1000,1000,1,989.1210
47720.0000,4772,2423.8961,0.0000,74,1000,1000,1,989.1233
47730.0000,4773,2423.8227,0.0000,72,1000,1000,1,989.1256
47740.0000,4774,2423.7497,0.0000,77,1000,1000,1,989.1279
47750.0000,4775,2423.6775,0.0000,82,1000,1000,1,989.1301
47760.0000,4776,2423.6064,0.0000,84,1000,1000,1,989.1324
47770.0000,4777,2423.5352,0.0000,84,1000,1000,1,989.1347
47780.0000,4778,2423.4636,0.0000,79,1000,1000,1,989.1370
47790.0000,4779,2423.3922,0.0000,83,1000,1000,1,989.1392
47800.0000,4780,2423.3206,0.0000,79,1000,1000,1,989.1415
47810.0000,4781,2423.2478,0.0000,75,1000,1000,1,989.1438
47820.0000,4782,2423.1758,0.0000,79,1000,1000,1,989.1461
47830.0000,4783,2423.1029,0.0000,74,1000,1000,1,989.1483
47840.0000,4784,2423.0296,0.0000,72,1000,1000,1,989.1506
47850.0000,4785,2422.9561,0.0000,69,1000,1000,1,989.1529
47860.0000,4786,2422.8814,0.0000,61,1000,1000,1,989.1551
47870.0000,4787,2422.8051,0.0000,52,1000,1000,1,989.1574
47880.0000,4788,2422.7274,0.0000,50,1000,1000,1,989.1597
47890.0000,4789,2422.6494,0.0000,47,1000,1000,1,989.1619
47900.0000,4790,2422.5713,0.0000,54,1000,1000,1,989.1642
47910.0000,4791,2422.4943,0.0000,56,1000,1000,1,989.1664
47920.0000,4792,2422.4183,0.0000,62,1000,1000,1,989.1687
47930.0000,4793,2422.3428,0.0000,62,1000,1000,1,989.1710
47940.0000,4794,2422.2666,0.0000,54,1000,1000,1,989.1732
47950.0000,4795,2422.1899,0.0000,55,1000,1000,1,989.1755
47960.0000,4796,2422.1131,0.0000,55,1000,1000,1,989.1777
47970.0000,4797,2422.0357,0.0000,43,1000,1000,1,989.1800
47980.0000,4798,2421.9569,0.0000,44,1000,1000,1,989.1823
47990.0000,4799,2421.8784,0.0000,47,1000,1000,1,989.1845
48000.0000,4800,2421.8005,0.0000,49,1000,1000,1,989.1868
48010.0000,4801,2421.7226,0.0000,47,1000,1000,1,989.1890
48020.0000,4802,2421.6443,0.0000,44,1000,1000,1,989.1913
48030.0000,4803,2421.5653,0.0000,40,1000,1000,1,989.1935
48040.0000,4804,2421.4860,0.0000,40,1000,1000,1,989.1958
48050.0000,4805,2421.4071,0.0000,46,1000,1000,1,989.1980
48060.0000,4806,2421.3292,0.0000,45,1000,1000,1,989.2003
48070.0000,4807,2421.2516,0.0000,49,1000,1000,1,989.2025
48080.0000,4808,2421.1744,0.0000,47,1000,1000,1,989.2048
48090.0000,4809,2421.0961,0.0000,47,1000,1000,1,989.2070
48100.0000,4810,2421.0183,0.0000,45,1000,1000,1,989.2092
48110.0000,4811,2420.9405,0.0000,53,1000,1000,1,989.2115
48120.0000,4812,2420.8637,0.0000,52,1000,1000,1,989.2137
48130.0000,4813,2420.7875,0.0000,56,1000,1000,1,989.2160
48140.0000,4814,2420.7115,0.0000,56,1000,1000,1,989.2182
48150.0000,4815,2420.6357,0.0000,58,1000,1000,1,989.2204
48160.0000,4816,2420.5602,0.0000,57,1000,1000,1,989.2227
48170.0000,4817,2420.4851,0.0000,61,1000,1000,1,989.2249
48180.0000,4818,2420.4107,0.0000,67,1000,1000,1,989.2272
48190.0000,4819,2420.3376,0.0000,67,1000,1000,1,989.2294
48200.0000,4820,2420.2644,0.0000,69,1000,1000,1,989.2316
48210.0000,4821,2420.1920,0.0000,73,1000,1000,1,989.2339
48220.0000,4822,2420.1198,0.0000,69,1000,1000,1,989.2361
48230.0000,4823,2420.0470,0.0000,68,1000,1000,1,989.2383
48240.0000,4824,2419.9743,0.0000,68,1000,1000,1,989.2406
48250.0000,4825,2419.9011,0.0000,66,1000,1000,1,989.2428
48260.0000,4826,2419.8282,0.0000,73,1000,1000,1,989.2450
48270.0000,4827,2419.7563,0.0000,74,1000,1000,1,989.2472
48280.0000,4828,2419.6847,0.0000,72,1000,1000,1,989.2495
48290.0000,4829,2419.6129,0.0000,74,1000,1000,1,989.2517
48300.0000,4830,2419.5413,0.0000,74,1000,1000,1,989.2539
48310.0000,4831,2419.4704,0.0000,77,1000,1000,1,989.2561
48320.0000,4832,2419.3999,0.0000,83,1000,1000,1,989.2584
48330.0000,4833,2419.3307,0.0000,88,1000,1000,1,989.2606
48340.0000,4834,2419.2627,0.0000,88,1000,1000,1,989.2628
48350.0000,4835,2419.1939,0.0000,89,1000,1000,1,989.2650
48360.0000,4836,2419.1250,0.0000,87,1000,1000,1,989.2673
48370.0000,4837,2419.0564,0.0000,87,1000,1000,1,989.2695
48380.0000,4838,2418.9878,0.0000,88,1000,1000,1,989.2717
48390.0000,4839,2418.9191,0.0000,91,1000,1000,1,989.2739
48400.0000,4840,2418.8525,0.0000,102,1000,1000,1,989.2761
48410.0000,4841,2418.7868,0.0000,102,1000,1000,1,989.2783
48420.0000,4842,2418.7215,0.0000,103,1000,1000,1,989.2806
48430.0000,4843,2418.6554,0.0000,98,1000,1000,1,989.2828
48440.0000,4844,2418.5885,0.0000,92,1000,1000,1,989.2850
48450.0000,4845,2418.5211,0.0000,93,1000,1000,1,989.2872
48460.0000,4846,2418.4536,0.0000,89,1000,1000,1,989.2894
48470.0000,4847,2418.3861,0.0000,90,1000,1000,1,989.2916
48480.0000,4848,2418.3169,0.0000,79,1000,1000,1,989.2938
48490.0000,4849,2418.2478,0.0000,85,1000,1000,1,989.2960
48500.0000,4850,2418.1787,0.0000,77,1000,1000,1,989.2982
48510.0000,4851,2418.1081,0.0000,73,1000,1000,1,989.3004
48520.0000,4852,2418.0370,0.0000,68,1000,1000,1,989.3027
48530.0000,4853,2417.9640,0.0000,62,1000,1000,1,989.3049
48540.0000,4854,2417.8901,0.0000,60,1000,1000,1,989.3071
48550.0000,4855,2417.8165,0.0000,58,1000,1000,1,989.3093
48560.0000,4856,2417.7422,0.0000,56,1000,1000,1,989.3115
48570.0000,4857,2417.6678,0.0000,54,1000,1000,1,989.3137
48580.0000,4858,2417.5927,0.0000,51,1000,1000,1,989.3159
48590.0000,4859,2417.5168,0.0000,44,1000,1000,1,989.3181
48600.0000,4860,2417.4405,0.0000,48,1000,1000,1,989.3203
48610.0000,4861,2417.3646,0.0000,48,1000,1000,1,989.3225
48620.0000,4862,2417.2880,0.0000,42,1000,1000,1,989.3247
48630.0000,4863,2417.2105,0.0000,38,1000,1000,1,989.3268
48640.0000,4864,2417.1323,0.0000,36,1000,1000,1,989.3290
48650.0000,4865,2417.0541,0.0000,38,1000,1000,1,989.3312
48660.0000,4866,2416.9766,0.0000,40,1000,1000,1,989.3334
48670.0000,4867,2416.8998,0.0000,44,1000,1000,1,989.3356
48680.0000,4868,2416.8231,0.0000,43,1000,1000,1,989.3378
48690.0000,4869,2416.7470,0.0000,50,1000,1000,1,989.3400
48700.0000,4870,2416.6719,0.0000,54,1000,1000,1,989.3422
48710.0000,4871,2416.5971,0.0000,54,1000,1000,1,989.3444
48720.0000,4872,2416.5226,0.0000,53,1000,1000,1,989.3466
48730.0000,4873,2416.4478,0.0000,54,1000,1000,1,989.3487
48740.0000,4874,2416.3736,0.0000,55,1000,1000,1,989.3509
48750.0000,4875,2416.2991,0.0000,50,1000,1000,1,989.3531
48760.0000,4876,2416.2245,0.0000,53,1000,1000,1,989.3553
48770.0000,4877,2416.1501,0.0000,52,1000,1000,1,989.3575
48780.0000,4878,2416.0753,0.0000,53,1000,1000,1,989.3597
48790.0000,4879,2416.0015,0.0000,54,1000,1000,1,989.3618
48800.0000,4880,2415.9260,0.0000,43,1000,1000,1,989.3640
48810.0000,4881,2415.8490,0.0000,38,1000,1000,1,989.3662
48820.0000,4882,2415.7723,0.0000,43,1000,1000,1,989.3684
48830.0000,4883,2415.6960,0.0000,44,1000,1000,1,989.3706
48840.0000,4884,2415.6196,0.0000,41,1000,1000,1,989.3727
48850.0000,4885,2415.5434,0.0000,47,1000,1000,1,989.3749
48860.0000,4886,2415.4677,0.0000,42,1000,1000,1,989.3771
48870.0000,4887,2415.3910,0.0000,35,1000,1000,1,989.3793
48880.0000,4888,2415.3129,0.0000,34,1000,1000,1,989.3814
48890.0000,4889,2415.2350,0.0000,35,1000,1000,1,989.3836
48900.0000,4890,2415.1572,0.0000,33,1000,1000,1,989.3858
48910.0000,4891,2415.0787,0.0000,28,1000,1000,1,989.3879
48920.0000,4892,2414.9998,0.0000,26,1000,1000,1,989.3901
48930.0000,4893,2414.9203,0.0000,24,1000,1000,1,989.3923
48940.0000,4894,2414.8389,0.0000,10,1000,1000,1,989.3945
48950.0000,4895,2414.7570,0.0000,13,1000,1000,1,989.3966
48960.0000,4896,2414.6745,0.0000,9,1000,1000,1,989.3988
48970.0000,4897,2414.5911,0.0000,4,1000,1000,1,989.4010
48980.0000,4898,2414.5069,0.0000,4,1000,1000,1,989.4031
48990.0000,4899,2414.4238,0.0000,17,996,1000,1,989.4053
49000.0000,4900,2414.3428,0.0000,27,996,1000,1,989.4074
49010.0000,4901,2414.2650,0.0000,44,999,1000,1,989.4096
49020.0000,4902,2414.1892,0.0000,50,992,1000,1,989.4118
49030.0000,4903,2414.1147,0.0000,62,991,1000,1,989.4139
49040.0000,4904,2414.0421,0.0000,74,991,1000,1,989.4161
49050.0000,4905,2413.9713,0.0000,80,991,1000,1,989.4182
49060.0000,4906,2413.9023,0.0000,91,992,1000,1,989.4204
49070.0000,4907,2413.8359,0.0000,101,991,1000,1,989.4226
49080.0000,4908,2413.7702,0.0000,108,988,1000,1,989.4247
49090.0000,4909,2413.7065,0.0000,121,989,1000,1,989.4269
49100.0000,4910,2413.6449,0.0000,130,979,1000,1,989.4290
49110.0000,4911,2413.5832,0.0000,137,975,1000,1,989.4312
49120.0000,4912,2413.5237,0.0000,144,983,1000,1,989.4333
49130.0000,4913,2413.4656,0.0000,150,989,1000,1,989.4355
49140.0000,4914,2413.4101,0.0000,163,983,1000,1,989.4376
49150.0000,4915,2413.3564,0.0000,170,986,1000,1,989.4398
49160.0000,4916,2413.3054,0.0000,184,982,1000,1,989.4419
49170.0000,4917,2413.2556,0.0000,196,974,1000,1,989.4441
49180.0000,4918,2413.2067,0.0000,206,968,1000,1,989.4462
49190.0000,4919,2413.1583,0.0000,213,967,1000,1,989.4484
49200.0000,4920,2413.1113,0.0000,220,967,1000,1,989.4505
49210.0000,4921,2413.0662,0.0000,226,974,1000,1,989.4526
49220.0000,4922,2413.0247,0.0000,238,978,1000,1,989.4548
49230.0000,4923,2412.9865,0.0000,249,976,1000,1,989.4569
49240.0000,4924,2412.9492,0.0000,258,979,1000,1,989.4591
49250.0000,4925,2412.9133,0.0000,266,973,1000,1,989.4612
49260.0000,4926,2412.8792,0.0000,278,975,1000,1,989.4633
49270.0000,4927,2412.8479,0.0000,286,981,1000,1,989.4655
49280.0000,4928,2412.8206,0.0000,303,987,1000,1,989.4676
49290.0000,4929,2412.7963,0.0000,309,986,1000,1,989.4698
49300.0000,4930,2412.7739,0.0000,318,989,1000,1,989.4719
49310.0000,4931,2412.7533,0.0000,328,985,1000,1,989.4740
49320.0000,4932,2412.7332,0.0000,334,978,1000,1,989.4762
49330.0000,4933,2412.7139,0.0000,345,982,1000,1,989.4783
49340.0000,4934,2412.6967,0.0000,356,972,1000,1,989.4804
49350.0000,4935,2412.6808,0.0000,369,972,1000,1,989.4826
49360.0000,4936,2412.6675,0.0000,381,976,1000,1,989.4847
49370.0000,4937,2412.6574,0.0000,391,977,1000,1,989.4868
49380.0000,4938,2412.6499,0.0000,402,982,1000,1,989.4890
49390.0000,4939,2412.6455,0.0000,408,988,1000,1,989.4911
49400.0000,4940,2412.6426,0.0000,414,985,1000,1,989.4932
49410.0000,4941,2412.6396,0.0000,419,979,1000,1,989.4953
49420.0000,4942,2412.6385,0.0000,437,974,1000,1,989.4975
49430.0000,4943,2412.6392,0.0000,446,973,1000,1,989.4996
49440.0000,4944,2412.6406,0.0000,450,971,1000,1,989.5017
49450.0000,4945,2412.6440,0.0000,464,973,1000,1,989.5038
49460.0000,4946,2412.6501,0.0000,471,979,1000,1,989.5060
49470.0000,4947,2412.6583,0.0000,477,979,1000,1,989.5081
49480.0000,4948,2412.6684,0.0000,485,978,1000,1,989.5102
49490.0000,4949,2412.6799,0.0000,501,975,1000,1,989.5123
49500.0000,4950,2412.6940,0.0000,508,984,1000,1,989.5144
49510.0000,4951,2412.7121,0.0000,520,994,1000,1,989.5166
49520.0000,4952,2412.7345,0.0000,529,997,1000,1,989.5187
49530.0000,4953,2412.7588,0.0000,541,996,1000,1,989.5208
49540.0000,4954,2412.7842,0.0000,551,991,1000,1,989.5229
49550.0000,4955,2412.8109,0.0000,558,987,1000,1,989.5250
49560.0000,4956,2412.8386,0.0000,572,983,1000,1,989.5271
49570.0000,4957,2412.8693,0.0000,588,984,1000,1,989.5292
49580.0000,4958,2412.9025,0.0000,600,982,1000,1,989.5314
49590.0000,4959,2412.9373,0.0000,605,982,1000,1,989.5335
49600.0000,4960,2412.9734,0.0000,614,985,1000,1,989.5356
49610.0000,4961,2413.0108,0.0000,621,980,1000,1,989.5377
49620.0000,4962,2413.0497,0.0000,629,986,1000,1,989.5398
49630.0000,4963,2413.0919,0.0000,639,991,1000,1,989.5419
49640.0000,4964,2413.1361,0.0000,641,990,1000,1,989.5440
49650.0000,4965,2413.1806,0.0000,648,990,1000,1,989.5461
49660.0000,4966,2413.2249,0.0000,659,975,1000,1,989.5482
49670.0000,4967,2413.2699,0.0000,663,976,1000,1,989.5503
49680.0000,4968,2413.3170,0.0000,676,978,1000,1,989.5524
49690.0000,4969,2413.3663,0.0000,678,984,1000,1,989.5545
49700.0000,4970,2413.4167,0.0000,684,979,1000,1,989.5566
49710.0000,4971,2413.4683,0.0000,696,979,1000,1,989.5587
49720.0000,4972,2413.5215,0.0000,701,981,1000,1,989.5608
49730.0000,4973,2413.5761,0.0000,711,979,1000,1,989.5629
49740.0000,4974,2413.6326,0.0000,724,974,1000,1,989.5650
49750.0000,4975,2413.6911,0.0000,735,974,1000,1,989.5671
49760.0000,4976,2413.7513,0.0000,740,981,1000,1,989.5692
49770.0000,4977,2413.8129,0.0000,743,979,1000,1,989.5713
49780.0000,4978,2413.8755,0.0000,753,971,1000,1,989.5734
49790.0000,4979,2413.9376,0.0000,761,965,1000,1,989.5755
49800.0000,4980,2414.0014,0.0000,769,964,1000,1,989.5776
49810.0000,4981,2414.0664,0.0000,775,968,1000,1,989.5797
49820.0000,4982,2414.1330,0.0000,780,967,1000,1,989.5818
49830.0000,4983,2414.2006,0.0000,791,967,1000,1,989.5839
49840.0000,4984,2414.2698,0.0000,800,961,1000,1,989.5860
49850.0000,4985,2414.3403,0.0000,809,961,1000,1,989.5881
49860.0000,4986,2414.4138,0.0000,821,964,1000,1,989.5901
49870.0000,4987,2414.4892,0.0000,832,966,1000,1,989.5922
49880.0000,4988,2414.5680,0.0000,849,969,1000,1,989.5943
49890.0000,4989,2414.6498,0.0000,862,966,1000,1,989.5964
49900.0000,4990,2414.7332,0.0000,873,958,1000,1,989.5985
49910.0000,4991,2414.8169,0.0000,881,954,1000,1,989.6006
49920.0000,4992,2414.9024,0.0000,896,951,1000,1,989.6027
49930.0000,4993,2414.9893,0.0000,902,948,1000,1,989.6047
49940.0000,4994,2415.0774,0.0000,909,951,1000,1,989.6068
49950.0000,4995,2415.1669,0.0000,917,949,1000,1,989.6089
49960.0000,4996,2415.2577,0.0000,923,949,1000,1,989.6110
49970.0000,4997,2415.3491,0.0000,930,944,1000,1,989.6131
49980.0000,4998,2415.4425,0.0000,944,942,1000,1,989.6151
49990.0000,4999,2415.5375,0.0000,950,945,1000,1,989.6172
50000.0000,5000,2415.6339,0.0000,959,943,1000,1,989.6193
50010.0000,5001,2415.7323,0.0000,974,937,1000,1,989.6214
50020.0000,5002,2415.8328,0.0000,987,939,1000,1,989.6234
50030.0000,5003,2415.9353,0.0000,994,934,1000,1,989.6255
50040.0000,5004,2416.0377,0.0000,1000,932,1000,1,989.6276
50050.0000,5005,2416.1409,0.0000,1000,932,1000,1,989.6297
50060.0000,5006,2416.2444,0.0000,1000,935,1000,1,989.6317
50070.0000,5007,2416.3476,0.0000,1000,934,1000,1,989.6338
50080.0000,5008,2416.4504,0.0000,1000,931,1000,1,989.6359
50090.0000,5009,2416.5531,0.0000,1000,932,1000,1,989.6379
50100.0000,5010,2416.6562,0.0000,1000,935,1000,1,989.6400
50110.0000,5011,2416.7589,0.0000,1000,927,1000,1,989.6421
50120.0000,5012,2416.8609,0.0000,1000,928,1000,1,989.6441
50130.0000,5013,2416.9630,0.0000,1000,928,1000,1,989.6462
50140.0000,5014,2417.0644,0.0000,1000,922,1000,1,989.6483
50150.0000,5015,2417.1655,0.0000,1000,925,1000,1,989.6503
50160.0000,5016,2417.2664,0.0000,1000,922,1000,1,989.6524
50170.0000,5017,2417.3670,0.0000,1000,924,1000,1,989.6545
50180.0000,5018,2417.4681,0.0000,1000,925,1000,1,989.6565
50190.0000,5019,2417.5700,0.0000,1000,928,1000,1,989.6586
50200.0000,5020,2417.6719,0.0000,1000,930,1000,1,989.6606
50210.0000,5021,2417.7736,0.0000,1000,924,1000,1,989.6627
50220.0000,5022,2417.8742,0.0000,1000,922,1000,1,989.6648
50230.0000,5023,2417.9743,0.0000,1000,917,1000,1,989.6668
50240.0000,5024,2418.0734,0.0000,1000,918,1000,1,989.6689
50250.0000,5025,2418.1726,0.0000,1000,916,1000,1,989.6709
50260.0000,5026,2418.2713,0.0000,1000,918,1000,1,989.6730
50270.0000,5027,2418.3702,0.0000,1000,911,1000,1,989.6750
50280.0000,5028,2418.4689,0.0000,1000,916,1000,1,989.6771
50290.0000,5029,2418.5677,0.0000,1000,912,1000,1,989.6792
50300.0000,5030,2418.6664,0.0000,1000,917,1000,1,989.6812
50310.0000,5031,2418.7650,0.0000,1000,916,1000,1,989.6833
50320.0000,5032,2418.8645,0.0000,1000,914,1000,1,989.6853
50330.0000,5033,2418.9630,0.0000,1000,916,1000,1,989.6874
50340.0000,5034,2419.0604,0.0000,1000,905,1000,1,989.6894
50350.0000,5035,2419.1575,0.0000,1000,908,1000,1,989.6915
50360.0000,5036,2419.2541,0.0000,1000,904,1000,1,989.6935
50370.0000,5037,2419.3498,0.0000,1000,900,1000,1,989.6955
50380.0000,5038,2419.4453,0.0000,1000,901,1000,1,989.6976
50390.0000,5039,2419.5408,0.0000,1000,897,1000,1,989.6996
50400.0000,5040,2419.6355,0.0000,1000,897,1000,1,989.7017
50410.0000,5041,2419.7292,0.0000,1000,892,1000,1,989.7037
50420.0000,5042,2419.8217,0.0000,1000,885,1000,1,989.7058
50430.0000,5043,2419.9135,0.0000,1000,882,1000,1,989.7078
50440.0000,5044,2420.0055,0.0000,1000,889,1000,1,989.7098
50450.0000,5045,2420.0991,0.0000,1000,899,1000,1,989.7119
50460.0000,5046,2420.1937,0.0000,1000,893,1000,1,989.7139
50470.0000,5047,2420.2876,0.0000,1000,898,1000,1,989.7160
50480.0000,5048,2420.3820,0.0000,1000,895,1000,1,989.7180
50490.0000,5049,2420.4768,0.0000,1000,901,1000,1,989.7200
50500.0000,5050,2420.5720,0.0000,1000,902,1000,1,989.7221
50510.0000,5051,2420.6671,0.0000,1000,902,1000,1,989.7241
50520.0000,5052,2420.7627,0.0000,1000,901,1000,1,989.7261
50530.0000,5053,2420.8580,0.0000,1000,906,1000,1,989.7282
50540.0000,5054,2420.9545,0.0000,1000,912,1000,1,989.7302
50550.0000,5055,2421.0520,0.0000,1000,914,1000,1,989.7322
50560.0000,5056,2421.1502,0.0000,1000,919,1000,1,989.7343
50570.0000,5057,2421.2489,0.0000,1000,921,1000,1,989.7363
50580.0000,5058,2421.3475,0.0000,1000,924,1000,1,989.7383
50590.0000,5059,2421.4456,0.0000,1000,916,1000,1,989.7404
50600.0000,5060,2421.5432,0.0000,1000,914,1000,1,989.7424
50610.0000,5061,2421.6411,0.0000,1000,919,1000,1,989.7444
50620.0000,5062,2421.7393,0.0000,1000,920,1000,1,989.7464
50630.0000,5063,2421.8375,0.0000,1000,919,1000,1,989.7485
50640.0000,5064,2421.9363,0.0000,1000,928,1000,1,989.7505
50650.0000,5065,2422.0359,0.0000,1000,923,1000,1,989.7525
50660.0000,5066,2422.1341,0.0000,1000,917,1000,1,989.7545
50670.0000,5067,2422.2322,0.0000,1000,923,1000,1,989.7566
50680.0000,5068,2422.3317,0.0000,1000,926,1000,1,989.7586
50690.0000,5069,2422.4309,0.0000,1000,925,1000,1,989.7606
50700.0000,5070,2422.5302,0.0000,1000,926,1000,1,989.7626
50710.0000,5071,2422.6294,0.0000,1000,922,1000,1,989.7646
50720.0000,5072,2422.7286,0.0000,1000,927,1000,1,989.7667
50730.0000,5073,2422.8275,0.0000,1000,923,1000,1,989.7687
50740.0000,5074,2422.9258,0.0000,1000,920,1000,1,989.7707
50750.0000,5075,2423.0235,0.0000,1000,920,1000,1,989.7727
50760.0000,5076,2423.1213,0.0000,1000,920,1000,1,989.7747
50770.0000,5077,2423.2198,0.0000,1000,922,1000,1,989.7767
50780.0000,5078,2423.3169,0.0000,1000,911,1000,1,989.7787
50790.0000,5079,2423.4135,0.0000,1000,918,1000,1,989.7808
50800.0000,5080,2423.5110,0.0000,1000,921,1000,1,989.7828
50810.0000,5081,2423.6087,0.0000,1000,920,1000,1,989.7848
50820.0000,5082,2423.7056,0.0000,1000,913,1000,1,989.7868
50830.0000,5083,2423.8018,0.0000,1000,912,1000,1,989.7888
50840.0000,5084,2423.8972,0.0000,1000,906,1000,1,989.7908
50850.0000,5085,2423.9922,0.0000,1000,906,1000,1,989.7928
50860.0000,5086,2424.0863,0.0000,1000,900,1000,1,989.7948
50870.0000,5087,2424.1789,0.0000,1000,895,1000,1,989.7968
50880.0000,5088,2424.2724,0.0000,1000,907,1000,1,989.7988
50890.0000,5089,2424.3671,0.0000,1000,905,1000,1,989.8008
50900.0000,5090,2424.4612,0.0000,1000,904,1000,1,989.8028
50910.0000,5091,2424.5553,0.0000,1000,906,1000,1,989.8048
50920.0000,5092,2424.6497,0.0000,1000,903,1000,1,989.8068
50930.0000,5093,2424.7437,0.0000,1000,904,1000,1,989.8088
50940.0000,5094,2424.8379,0.0000,1000,904,1000,1,989.8108
50950.0000,5095,2424.9319,0.0000,1000,905,1000,1,989.8128
50960.0000,5096,2425.0265,0.0000,1000,906,1000,1,989.8148
50970.0000,5097,2425.1204,0.0000,1000,902,1000,1,989.8168
50980.0000,5098,2425.2141,0.0000,1000,905,1000,1,989.8188
50990.0000,5099,2425.3078,0.0000,1000,900,1000,1,989.8208
51000.0000,5100,2425.4000,0.0000,1000,891,1000,1,989.8228
51010.0000,5101,2425.4909,0.0000,1000,890,1000,1,989.8248
51020.0000,5102,2425.5817,0.0000,1000,888,1000,1,989.8268
51030.0000,5103,2425.6729,0.0000,1000,899,1000,1,989.8288
51040.0000,5104,2425.7663,0.0000,1000,906,1000,1,989.8308
51050.0000,5105,2425.8608,0.0000,1000,908,1000,1,989.8328
51060.0000,5106,2425.9553,0.0000,1000,909,1000,1,989.8348
51070.0000,5107,2426.0498,0.0000,1000,907,1000,1,989.8368
51080.0000,5108,2426.1444,0.0000,1000,911,1000,1,989.8388
51090.0000,5109,2426.2386,0.0000,1000,909,1000,1,989.8408
51100.0000,5110,2426.3333,0.0000,1000,913,1000,1,989.8428
51110.0000,5111,2426.4286,0.0000,1000,909,1000,1,989.8447
51120.0000,5112,2426.5227,0.0000,1000,907,1000,1,989.8467
51130.0000,5113,2426.6168,0.0000,1000,909,1000,1,989.8487
51140.0000,5114,2426.7115,0.0000,1000,908,1000,1,989.8507
51150.0000,5115,2426.8060,0.0000,1000,911,1000,1,989.8527
51160.0000,5116,2426.9006,0.0000,1000,913,1000,1,989.8547
51170.0000,5117,2426.9954,0.0000,1000,911,1000,1,989.8566
51180.0000,5118,2427.0893,0.0000,1000,906,1000,1,989.8586
51190.0000,5119,2427.1829,0.0000,1000,902,1000,1,989.8606
51200.0000,5120,2427.2758,0.0000,1000,904,1000,1,989.8626
51210.0000,5121,2427.3693,0.0000,1000,905,1000,1,989.8646
51220.0000,5122,2427.4635,0.0000,1000,917,1000,1,989.8665
51230.0000,5123,2427.5594,0.0000,1000,923,1000,1,989.8685
51240.0000,5124,2427.6561,0.0000,1000,925,1000,1,989.8705
51250.0000,5125,2427.7528,0.0000,1000,919,1000,1,989.8725
51260.0000,5126,2427.8493,0.0000,1000,921,1000,1,989.8745
51270.0000,5127,2427.9457,0.0000,1000,921,1000,1,989.8764
51280.0000,5128,2428.0424,0.0000,1000,924,1000,1,989.8784
51290.0000,5129,2428.1379,0.0000,1000,910,1000,1,989.8804
51300.0000,5130,2428.2315,0.0000,1000,906,1000,1,989.8824
51310.0000,5131,2428.3243,0.0000,1000,905,1000,1,989.8843
51320.0000,5132,2428.4180,0.0000,1000,906,1000,1,989.8863
51330.0000,5133,2428.5106,0.0000,1000,898,1000,1,989.8883
51340.0000,5134,2428.6022,0.0000,1000,899,1000,1,989.8902
51350.0000,5135,2428.6940,0.0000,1000,901,1000,1,989.8922
51360.0000,5136,2428.7860,0.0000,1000,902,1000,1,989.8942
51370.0000,5137,2428.8782,0.0000,1000,903,1000,1,989.8961
51380.0000,5138,2428.9701,0.0000,1000,896,1000,1,989.8981
51390.0000,5139,2429.0607,0.0000,1000,893,1000,1,989.9001
51400.0000,5140,2429.1516,0.0000,1000,896,1000,1,989.9020
51410.0000,5141,2429.2427,0.0000,1000,898,1000,1,989.9040
51420.0000,5142,2429.3344,0.0000,1000,902,1000,1,989.9060
51430.0000,5143,2429.4267,0.0000,1000,900,1000,1,989.9079
51440.0000,5144,2429.5169,0.0000,1000,894,1000,1,989.9099
51450.0000,5145,2429.6063,0.0000,1000,884,1000,1,989.9118
51460.0000,5146,2429.6952,0.0000,1000,889,1000,1,989.9138
51470.0000,5147,2429.7845,0.0000,1000,892,1000,1,989.9158
51480.0000,5148,2429.8740,0.0000,1000,889,1000,1,989.9177
51490.0000,5149,2429.9637,0.0000,1000,892,1000,1,989.9197
51500.0000,5150,2430.0536,0.0000,1000,889,1000,1,989.9216
51510.0000,5151,2430.1432,0.0000,1000,889,1000,1,989.9236
51520.0000,5152,2430.2313,0.0000,1000,880,1000,1,989.9256
51530.0000,5153,2430.3185,0.0000,1000,880,1000,1,989.9275
51540.0000,5154,2430.4064,0.0000,1000,883,1000,1,989.9295
51550.0000,5155,2430.4951,0.0000,1000,889,1000,1,989.9314
51560.0000,5156,2430.5841,0.0000,1000,888,1000,1,989.9334
51570.0000,5157,2430.6732,0.0000,1000,893,1000,1,989.9353
51580.0000,5158,2430.7634,0.0000,1000,896,1000,1,989.9373
51590.0000,5159,2430.8531,0.0000,1000,894,1000,1,989.9392
51600.0000,5160,2430.9434,0.0000,1000,898,1000,1,989.9412
51610.0000,5161,2431.0343,0.0000,1000,903,1000,1,989.9431
51620.0000,5162,2431.1256,0.0000,1000,899,1000,1,989.9451
51630.0000,5163,2431.2161,0.0000,1000,898,1000,1,989.9470
51640.0000,5164,2431.3066,0.0000,1000,899,1000,1,989.9490
51650.0000,5165,2431.3970,0.0000,1000,894,1000,1,989.9509
51660.0000,5166,2431.4868,0.0000,1000,897,1000,1,989.9529
51670.0000,5167,2431.5763,0.0000,1000,891,1000,1,989.9548
51680.0000,5168,2431.6649,0.0000,1000,889,1000,1,989.9567
51690.0000,5169,2431.7546,0.0000,1000,899,1000,1,989.9587
51700.0000,5170,2431.8452,0.0000,1000,898,1000,1,989.9606
51710.0000,5171,2431.9346,0.0000,1000,895,1000,1,989.9626
51720.0000,5172,2432.0241,0.0000,1000,897,1000,1,989.9645
51730.0000,5173,2432.1137,0.0000,1000,894,1000,1,989.9665
51740.0000,5174,2432.2028,0.0000,1000,893,1000,1,989.9684
51750.0000,5175,2432.2917,0.0000,1000,892,1000,1,989.9703
51760.0000,5176,2432.3798,0.0000,1000,886,1000,1,989.9723
51770.0000,5177,2432.4678,0.0000,1000,886,1000,1,989.9742
51780.0000,5178,2432.5554,0.0000,1000,885,1000,1,989.9761
51790.0000,5179,2432.6427,0.0000,1000,883,1000,1,989.9781
51800.0000,5180,2432.7300,0.0000,1000,885,1000,1,989.9800
51810.0000,5181,2432.8173,0.0000,1000,887,1000,1,989.9819
51820.0000,5182,2432.9051,0.0000,1000,892,1000,1,989.9839
51830.0000,5183,2432.9936,0.0000,1000,890,1000,1,989.9858
51840.0000,5184,2433.0820,0.0000,1000,893,1000,1,989.9877
51850.0000,5185,2433.1701,0.0000,1000,888,1000,1,989.9897
51860.0000,5186,2433.2568,0.0000,1000,879,1000,1,989.9916
51870.0000,5187,2433.3423,0.0000,1000,873,1000,1,989.9935
51880.0000,5188,2433.4265,0.0000,1000,868,1000,1,989.9955
51890.0000,5189,2433.5104,0.0000,1000,871,1000,1,989.9974
51900.0000,5190,2433.5941,0.0000,1000,866,1000,1,989.9993
51910.0000,5191,2433.6771,0.0000,1000,861,1000,1,990.0012
51920.0000,5192,2433.7600,0.0000,1000,872,1000,1,990.0032
51930.0000,5193,2433.8437,0.0000,1000,865,1000,1,990.0051
51940.0000,5194,2433.9270,0.0000,1000,866,1000,1,990.0070
51950.0000,5195,2434.0097,0.0000,1000,860,1000,1,990.0089
51960.0000,5196,2434.0928,0.0000,1000,866,1000,1,990.0109
51970.0000,5197,2434.1762,0.0000,1000,872,1000,1,990.0128
51980.0000,5198,2434.2603,0.0000,1000,871,1000,1,990.0147
51990.0000,5199,2434.3449,0.0000,1000,872,1000,1,990.0166
52000.0000,5200,2434.4287,0.0000,1000,864,1000,1,990.0185
52010.0000,5201,2434.5115,0.0000,1000,864,1000,1,990.0205
52020.0000,5202,2434.5946,0.0000,1000,864,1000,1,990.0224
52030.0000,5203,2434.6768,0.0000,1000,857,1000,1,990.0243
52040.0000,5204,2434.7575,0.0000,1000,854,1000,1,990.0262
52050.0000,5205,2434.8379,0.0000,1000,857,1000,1,990.0281
52060.0000,5206,2434.9178,0.0000,1000,845,1000,1,990.0301
52070.0000,5207,2434.9966,0.0000,1000,845,1000,1,990.0320
52080.0000,5208,2435.0759,0.0000,1000,852,1000,1,990.0339
52090.0000,5209,2435.1561,0.0000,1000,848,1000,1,990.0358
52100.0000,5210,2435.2353,0.0000,1000,850,1000,1,990.0377
52110.0000,5211,2435.3148,0.0000,1000,847,1000,1,990.0396
52120.0000,5212,2435.3934,0.0000,1000,843,1000,1,990.0415
52130.0000,5213,2435.4711,0.0000,1000,833,1000,1,990.0434
52140.0000,5214,2435.5471,0.0000,1000,833,1000,1,990.0454
52150.0000,5215,2435.6237,0.0000,1000,838,1000,1,990.0473
52160.0000,5216,2435.7014,0.0000,1000,843,1000,1,990.0492
52170.0000,5217,2435.7798,0.0000,1000,843,1000,1,990.0511
52180.0000,5218,2435.8578,0.0000,1000,844,1000,1,990.0530
52190.0000,5219,2435.9355,0.0000,1000,843,1000,1,990.0549
52200.0000,5220,2436.0136,0.0000,1000,847,1000,1,990.0568
52210.0000,5221,2436.0926,0.0000,1000,850,1000,1,990.0587
52220.0000,5222,2436.1714,0.0000,1000,849,1000,1,990.0606
52230.0000,5223,2436.2505,0.0000,1000,848,1000,1,990.0625
52240.0000,5224,2436.3294,0.0000,1000,845,1000,1,990.0644
52250.0000,5225,2436.4082,0.0000,1000,850,1000,1,990.0663
52260.0000,5226,2436.4877,0.0000,1000,855,1000,1,990.0682
52270.0000,5227,2436.5677,0.0000,1000,856,1000,1,990.0701
52280.0000,5228,2436.6484,0.0000,1000,856,1000,1,990.0720
52290.0000,5229,2436.7281,0.0000,1000,854,1000,1,990.0739
52300.0000,5230,2436.8088,0.0000,1000,863,1000,1,990.0758
52310.0000,5231,2436.8894,0.0000,1000,860,1000,1,990.0777
52320.0000,5232,2436.9696,0.0000,1000,858,1000,1,990.0796
52330.0000,5233,2437.0509,0.0000,1000,863,1000,1,990.0815
52340.0000,5234,2437.1325,0.0000,1000,864,1000,1,990.0834
52350.0000,5235,2437.2145,0.0000,1000,870,1000,1,990.0853
52360.0000,5236,2437.2973,0.0000,1000,875,1000,1,990.0872
52370.0000,5237,2437.3803,0.0000,1000,869,1000,1,990.0891
52380.0000,5238,2437.4624,0.0000,1000,866,1000,1,990.0910
52390.0000,5239,2437.5437,0.0000,1000,862,1000,1,990.0929
52400.0000,5240,2437.6245,0.0000,1000,858,1000,1,990.0947
52410.0000,5241,2437.7047,0.0000,1000,854,1000,1,990.0966
52420.0000,5242,2437.7841,0.0000,1000,855,1000,1,990.0985
52430.0000,5243,2437.8640,0.0000,1000,857,1000,1,990.1004
52440.0000,5244,2437.9438,0.0000,1000,854,1000,1,990.1023
52450.0000,5245,2438.0228,0.0000,1000,849,1000,1,990.1042
52460.0000,5246,2438.1008,0.0000,1000,848,1000,1,990.1061
52470.0000,5247,2438.1788,0.0000,1000,846,1000,1,990.1080
52480.0000,5248,2438.2562,0.0000,1000,845,1000,1,990.1098
52490.0000,5249,2438.3333,0.0000,1000,843,1000,1,990.1117
52500.0000,5250,2438.4113,0.0000,1000,849,1000,1,990.1136
52510.0000,5251,2438.4900,0.0000,1000,851,1000,1,990.1155
52520.0000,5252,2438.5681,0.0000,1000,846,1000,1,990.1174
52530.0000,5253,2438.6465,0.0000,1000,852,1000,1,990.1193
52540.0000,5254,2438.7252,0.0000,1000,853,1000,1,990.1211
52550.0000,5255,2438.8042,0.0000,1000,850,1000,1,990.1230
52560.0000,5256,2438.8819,0.0000,1000,847,1000,1,990.1249
52570.0000,5257,2438.9600,0.0000,1000,854,1000,1,990.1268
52580.0000,5258,2439.0395,0.0000,1000,859,1000,1,990.1287
52590.0000,5259,2439.1183,0.0000,1000,853,1000,1,990.1305
52600.0000,5260,2439.1973,0.0000,1000,852,1000,1,990.1324
52610.0000,5261,2439.2750,0.0000,1000,844,1000,1,990.1343
52620.0000,5262,2439.3519,0.0000,1000,846,1000,1,990.1362
52630.0000,5263,2439.4289,0.0000,1000,841,1000,1,990.1380
52640.0000,5264,2439.5046,0.0000,1000,834,1000,1,990.1399
52650.0000,5265,2439.5787,0.0000,1000,825,1000,1,990.1418
52660.0000,5266,2439.6508,0.0000,1000,817,1000,1,990.1436
52670.0000,5267,2439.7227,0.0000,1000,823,1000,1,990.1455
52680.0000,5268,2439.7958,0.0000,1000,825,1000,1,990.1474
52690.0000,5269,2439.8686,0.0000,1000,818,1000,1,990.1493
52700.0000,5270,2439.9395,0.0000,1000,810,1000,1,990.1511
52710.0000,5271,2440.0086,0.0000,1000,798,1000,1,990.1530
52720.0000,5272,2440.0755,0.0000,1000,785,1000,1,990.1549
52730.0000,5273,2440.1398,0.0000,1000,776,1000,1,990.1567
52740.0000,5274,2440.2035,0.0000,1000,776,1000,1,990.1586
52750.0000,5275,2440.2672,0.0000,1000,773,1000,1,990.1605
52760.0000,5276,2440.3295,0.0000,1000,769,1000,1,990.1623
52770.0000,5277,2440.3921,0.0000,1000,767,1000,1,990.1642
52780.0000,5278,2440.4542,0.0000,1000,771,1000,1,990.1661
52790.0000,5279,2440.5163,0.0000,1000,766,1000,1,990.1679
52800.0000,5280,2440.5771,0.0000,1000,757,1000,1,990.1698
52810.0000,5281,2440.6374,0.0000,1000,758,1000,1,990.1716
52820.0000,5282,2440.6970,0.0000,1000,754,1000,1,990.1735
52830.0000,5283,2440.7561,0.0000,1000,756,1000,1,990.1754
52840.0000,5284,2440.8161,0.0000,1000,759,1000,1,990.1772
52850.0000,5285,2440.8770,0.0000,1000,764,1000,1,990.1791
52860.0000,5286,2440.9385,0.0000,1000,766,1000,1,990.1809
52870.0000,5287,2441.0003,0.0000,1000,770,1000,1,990.1828
52880.0000,5288,2441.0628,0.0000,1000,770,1000,1,990.1847
52890.0000,5289,2441.1252,0.0000,1000,771,1000,1,990.1865
52900.0000,5290,2441.1879,0.0000,1000,776,1000,1,990.1884
52910.0000,5291,2441.2504,0.0000,1000,771,1000,1,990.1902
52920.0000,5292,2441.3128,0.0000,1000,772,1000,1,990.1921
52930.0000,5293,2441.3752,0.0000,1000,772,1000,1,990.1939
52940.0000,5294,2441.4372,0.0000,1000,766,1000,1,990.1958
52950.0000,5295,2441.4983,0.0000,1000,768,1000,1,990.1976
52960.0000,5296,2441.5595,0.0000,1000,762,1000,1,990.1995
52970.0000,5297,2441.6195,0.0000,1000,760,1000,1,990.2013
52980.0000,5298,2441.6789,0.0000,1000,755,1000,1,990.2032
52990.0000,5299,2441.7376,0.0000,1000,751,1000,1,990.2050
53000.0000,5300,2441.7958,0.0000,1000,750,1000,1,990.2069
53010.0000,5301,2441.8531,0.0000,1000,745,1000,1,990.2087
53020.0000,5302,2441.9099,0.0000,1000,737,1000,1,990.2106
53030.0000,5303,2441.9670,0.0000,1000,752,1000,1,990.2124
53040.0000,5304,2442.0253,0.0000,1000,752,1000,1,990.2143
53050.0000,5305,2442.0839,0.0000,1000,752,1000,1,990.2161
53060.0000,5306,2442.1414,0.0000,1000,747,1000,1,990.2180
53070.0000,5307,2442.1999,0.0000,1000,754,1000,1,990.2198
53080.0000,5308,2442.2582,0.0000,1000,749,1000,1,990.2216
53090.0000,5309,2442.3158,0.0000,1000,747,1000,1,990.2235
53100.0000,5310,2442.3740,0.0000,1000,751,1000,1,990.2253
53110.0000,5311,2442.4317,0.0000,1000,752,1000,1,990.2272
53120.0000,5312,2442.4904,0.0000,1000,752,1000,1,990.2290
53130.0000,5313,2442.5488,0.0000,1000,754,1000,1,990.2308
53140.0000,5314,2442.6075,0.0000,1000,756,1000,1,990.2327
53150.0000,5315,2442.6662,0.0000,1000,752,1000,1,990.2345
53160.0000,5316,2442.7240,0.0000,1000,746,1000,1,990.2364
53170.0000,5317,2442.7807,0.0000,1000,741,1000,1,990.2382
53180.0000,5318,2442.8370,0.0000,1000,740,1000,1,990.2400
53190.0000,5319,2442.8929,0.0000,1000,740,1000,1,990.2419
53200.0000,5320,2442.9488,0.0000,1000,741,1000,1,990.2437
53210.0000,5321,2443.0046,0.0000,1000,739,1000,1,990.2455
53220.0000,5322,2443.0602,0.0000,1000,739,1000,1,990.2474
53230.0000,5323,2443.1154,0.0000,1000,739,1000,1,990.2492
53240.0000,5324,2443.1715,0.0000,1000,745,1000,1,990.2510
53250.0000,5325,2443.2280,0.0000,1000,745,1000,1,990.2529
53260.0000,5326,2443.2851,0.0000,1000,749,1000,1,990.2547
53270.0000,5327,2443.3430,0.0000,1000,750,1000,1,990.2565
53280.0000,5328,2443.4008,0.0000,1000,748,1000,1,990.2583
53290.0000,5329,2443.4580,0.0000,1000,748,1000,1,990.2602
53300.0000,5330,2443.5146,0.0000,1000,743,1000,1,990.2620
53310.0000,5331,2443.5711,0.0000,1000,742,1000,1,990.2638
53320.0000,5332,2443.6268,0.0000,1000,738,1000,1,990.2657
53330.0000,5333,2443.6812,0.0000,1000,732,1000,1,990.2675
53340.0000,5334,2443.7353,0.0000,1000,736,1000,1,990.2693
53350.0000,5335,2443.7898,0.0000,1000,733,1000,1,990.2711
53360.0000,5336,2443.8434,0.0000,1000,724,1000,1,990.2729
53370.0000,5337,2443.8958,0.0000,1000,722,1000,1,990.2748
53380.0000,5338,2443.9474,0.0000,1000,720,1000,1,990.2766
53390.0000,5339,2443.9991,0.0000,1000,721,1000,1,990.2784
53400.0000,5340,2444.0501,0.0000,1000,718,1000,1,990.2802
53410.0000,5341,2444.1014,0.0000,1000,719,1000,1,990.2821
53420.0000,5342,2444.1532,0.0000,1000,718,1000,1,990.2839
53430.0000,5343,2444.2044,0.0000,1000,718,1000,1,990.2857
53440.0000,5344,2444.2559,0.0000,1000,722,1000,1,990.2875
53450.0000,5345,2444.3081,0.0000,1000,721,1000,1,990.2893
53460.0000,5346,2444.3599,0.0000,1000,722,1000,1,990.2911
53470.0000,5347,2444.4120,0.0000,1000,724,1000,1,990.2930
53480.0000,5348,2444.4636,0.0000,1000,721,1000,1,990.2948
53490.0000,5349,2444.5150,0.0000,1000,717,1000,1,990.2966
53500.0000,5350,2444.5659,0.0000,1000,714,1000,1,990.2984
53510.0000,5351,2444.6159,0.0000,1000,709,1000,1,990.3002
53520.0000,5352,2444.6651,0.0000,1000,707,1000,1,990.3020
53530.0000,5353,2444.7140,0.0000,1000,704,1000,1,990.3038
53540.0000,5354,2444.7625,0.0000,1000,705,1000,1,990.3057
53550.0000,5355,2444.8106,0.0000,1000,703,1000,1,990.3075
53560.0000,5356,2444.8595,0.0000,1000,713,1000,1,990.3093
53570.0000,5357,2444.9097,0.0000,1000,713,1000,1,990.3111
53580.0000,5358,2444.9591,0.0000,1000,707,1000,1,990.3129
53590.0000,5359,2445.0076,0.0000,1000,706,1000,1,990.3147
53600.0000,5360,2445.0562,0.0000,1000,708,1000,1,990.3165
53610.0000,5361,2445.1048,0.0000,1000,707,1000,1,990.3183
53620.0000,5362,2445.1539,0.0000,1000,706,1000,1,990.3201
53630.0000,5363,2445.2024,0.0000,1000,704,1000,1,990.3219
53640.0000,5364,2445.2512,0.0000,1000,707,1000,1,990.3237
53650.0000,5365,2445.2995,0.0000,1000,703,1000,1,990.3255
53660.0000,5366,2445.3472,0.0000,1000,703,1000,1,990.3273
53670.0000,5367,2445.3957,0.0000,1000,709,1000,1,990.3291
53680.0000,5368,2445.4451,0.0000,1000,708,1000,1,990.3309
53690.0000,5369,2445.4945,0.0000,1000,715,1000,1,990.3327
53700.0000,5370,2445.5435,0.0000,1000,705,1000,1,990.3345
53710.0000,5371,2445.5919,0.0000,1000,705,1000,1,990.3363
53720.0000,5372,2445.6397,0.0000,1000,698,1000,1,990.3381
53730.0000,5373,2445.6868,0.0000,1000,699,1000,1,990.3399
53740.0000,5374,2445.7342,0.0000,1000,703,1000,1,990.3417
53750.0000,5375,2445.7817,0.0000,1000,699,1000,1,990.3435
53760.0000,5376,2445.8277,0.0000,1000,693,1000,1,990.3453
53770.0000,5377,2445.8739,0.0000,1000,694,1000,1,990.3471
53780.0000,5378,2445.9202,0.0000,1000,693,1000,1,990.3489
53790.0000,5379,2445.9666,0.0000,1000,702,1000,1,990.3507
53800.0000,5380,2446.0137,0.0000,1000,693,1000,1,990.3525
53810.0000,5381,2446.0597,0.0000,1000,694,1000,1,990.3543
53820.0000,5382,2446.1064,0.0000,1000,700,1000,1,990.3561
53830.0000,5383,2446.1539,0.0000,1000,704,1000,1,990.3579
53840.0000,5384,2446.2014,0.0000,1000,701,1000,1,990.3597
53850.0000,5385,2446.2487,0.0000,1000,703,1000,1,990.3615
53860.0000,5386,2446.2962,0.0000,1000,704,1000,1,990.3632
53870.0000,5387,2446.3439,0.0000,1000,700,1000,1,990.3650
53880.0000,5388,2446.3907,0.0000,1000,695,1000,1,990.3668
53890.0000,5389,2446.4372,0.0000,1000,702,1000,1,990.3686
53900.0000,5390,2446.4843,0.0000,1000,699,1000,1,990.3704
53910.0000,5391,2446.5318,0.0000,1000,704,1000,1,990.3722
53920.0000,5392,2446.5799,0.0000,1000,707,1000,1,990.3740
53930.0000,5393,2446.6287,0.0000,1000,710,1000,1,990.3758
53940.0000,5394,2446.6772,0.0000,1000,712,1000,1,990.3775
53950.0000,5395,2446.7261,0.0000,1000,712,1000,1,990.3793
53960.0000,5396,2446.7758,0.0000,1000,719,1000,1,990.3811
53970.0000,5397,2446.8265,0.0000,1000,721,1000,1,990.3829
53980.0000,5398,2446.8767,0.0000,1000,719,1000,1,990.3847
53990.0000,5399,2446.9272,0.0000,1000,719,1000,1,990.3865
54000.0000,5400,2446.9777,0.0000,1000,720,1000,1,990.3882
54010.0000,5401,2447.0278,0.0000,1000,720,1000,1,990.3900
54020.0000,5402,2447.0782,0.0000,1000,721,1000,1,990.3918
54030.0000,5403,2447.1281,0.0000,1000,713,1000,1,990.3936
54040.0000,5404,2447.1767,0.0000,1000,708,1000,1,990.3953
54050.0000,5405,2447.2248,0.0000,1000,704,1000,1,990.3971
54060.0000,5406,2447.2731,0.0000,1000,709,1000,1,990.3989
54070.0000,5407,2447.3212,0.0000,1000,706,1000,1,990.4007
54080.0000,5408,2447.3687,0.0000,1000,705,1000,1,990.4025
54090.0000,5409,2447.4160,0.0000,1000,700,1000,1,990.4042
54100.0000,5410,2447.4640,0.0000,1000,713,1000,1,990.4060
54110.0000,5411,2447.5124,0.0000,1000,710,1000,1,990.4078
54120.0000,5412,2447.5608,0.0000,1000,708,1000,1,990.4095
54130.0000,5413,2447.6083,0.0000,1000,705,1000,1,990.4113
54140.0000,5414,2447.6565,0.0000,1000,710,1000,1,990.4131
54150.0000,5415,2447.7043,0.0000,1000,703,1000,1,990.4149
54160.0000,5416,2447.7515,0.0000,1000,702,1000,1,990.4166
54170.0000,5417,2447.7993,0.0000,1000,705,1000,1,990.4184
54180.0000,5418,2447.8461,0.0000,1000,699,1000,1,990.4202
54190.0000,5419,2447.8917,0.0000,1000,697,1000,1,990.4219
54200.0000,5420,2447.9374,0.0000,1000,695,1000,1,990.4237
54210.0000,5421,2447.9827,0.0000,1000,697,1000,1,990.4255
54220.0000,5422,2448.0285,0.0000,1000,697,1000,1,990.4272
54230.0000,5423,2448.0755,0.0000,1000,704,1000,1,990.4290
54240.0000,5424,2448.1232,0.0000,1000,708,1000,1,990.4308
54250.0000,5425,2448.1705,0.0000,1000,704,1000,1,990.4325
54260.0000,5426,2448.2176,0.0000,1000,706,1000,1,990.4343
54270.0000,5427,2448.2647,0.0000,1000,703,1000,1,990.4361
54280.0000,5428,2448.3115,0.0000,1000,704,1000,1,990.4378
54290.0000,5429,2448.3588,0.0000,1000,703,1000,1,990.4396
54300.0000,5430,2448.4059,0.0000,1000,706,1000,1,990.4413
54310.0000,5431,2448.4536,0.0000,1000,708,1000,1,990.4431
54320.0000,5432,2448.5021,0.0000,1000,714,1000,1,990.4449
54330.0000,5433,2448.5511,0.0000,1000,715,1000,1,990.4466
54340.0000,5434,2448.5989,0.0000,1000,703,1000,1,990.4484
54350.0000,5435,2448.6457,0.0000,1000,701,1000,1,990.4501
54360.0000,5436,2448.6921,0.0000,1000,700,1000,1,990.4519
54370.0000,5437,2448.7389,0.0000,1000,712,1000,1,990.4536
54380.0000,5438,2448.7869,0.0000,1000,711,1000,1,990.4554
54390.0000,5439,2448.8350,0.0000,1000,713,1000,1,990.4572
54400.0000,5440,2448.8839,0.0000,1000,715,1000,1,990.4589
54410.0000,5441,2448.9327,0.0000,1000,715,1000,1,990.4607
54420.0000,5442,2448.9815,0.0000,1000,713,1000,1,990.4624
54430.0000,5443,2449.0285,0.0000,1000,698,1000,1,990.4642
54440.0000,5444,2449.0739,0.0000,1000,695,1000,1,990.4659
54450.0000,5445,2449.1185,0.0000,1000,694,1000,1,990.4677
54460.0000,5446,2449.1641,0.0000,1000,698,1000,1,990.4694
54470.0000,5447,2449.2100,0.0000,1000,703,1000,1,990.4712
54480.0000,5448,2449.2571,0.0000,1000,706,1000,1,990.4729
54490.0000,5449,2449.3048,0.0000,1000,707,1000,1,990.4747
54500.0000,5450,2449.3523,0.0000,1000,710,1000,1,990.4764
54510.0000,5451,2449.4001,0.0000,1000,710,1000,1,990.4782
54520.0000,5452,2449.4474,0.0000,1000,704,1000,1,990.4799
54530.0000,5453,2449.4934,0.0000,1000,701,1000,1,990.4817
54540.0000,5454,2449.5392,0.0000,1000,698,1000,1,990.4834
54550.0000,5455,2449.5855,0.0000,1000,702,1000,1,990.4851
54560.0000,5456,2449.6323,0.0000,1000,706,1000,1,990.4869
54570.0000,5457,2449.6783,0.0000,1000,700,1000,1,990.4886
54580.0000,5458,2449.7234,0.0000,1000,693,1000,1,990.4904
54590.0000,5459,2449.7683,0.0000,1000,693,1000,1,990.4921
54600.0000,5460,2449.8126,0.0000,1000,690,1000,1,990.4939
54610.0000,5461,2449.8565,0.0000,1000,690,1000,1,990.4956
54620.0000,5462,2449.9003,0.0000,1000,688,1000,1,990.4973
54630.0000,5463,2449.9435,0.0000,1000,687,1000,1,990.4991
54640.0000,5464,2449.9860,0.0000,1000,678,1000,1,990.5008
54650.0000,5465,2450.0269,0.0000,1000,671,1000,1,990.5026
54660.0000,5466,2450.0677,0.0000,1000,671,1000,1,990.5043
54670.0000,5467,2450.1078,0.0000,1000,669,1000,1,990.5060
54680.0000,5468,2450.1472,0.0000,1000,666,1000,1,990.5078
54690.0000,5469,2450.1873,0.0000,1000,672,1000,1,990.5095
54700.0000,5470,2450.2280,0.0000,1000,673,1000,1,990.5112
54710.0000,5471,2450.2692,0.0000,1000,675,1000,1,990.5130
54720.0000,5472,2450.3103,0.0000,1000,674,1000,1,990.5147
54730.0000,5473,2450.3517,0.0000,1000,676,1000,1,990.5164
54740.0000,5474,2450.3920,0.0000,1000,668,1000,1,990.5182
54750.0000,5475,2450.4316,0.0000,1000,665,1000,1,990.5199
54760.0000,5476,2450.4692,0.0000,1000,649,1000,1,990.5216
54770.0000,5477,2450.5049,0.0000,1000,645,1000,1,990.5234
54780.0000,5478,2450.5398,0.0000,1000,638,1000,1,990.5251
54790.0000,5479,2450.5741,0.0000,1000,640,1000,1,990.5268
54800.0000,5480,2450.6085,0.0000,1000,640,1000,1,990.5286
54810.0000,5481,2450.6423,0.0000,1000,635,1000,1,990.5303
54820.0000,5482,2450.6761,0.0000,1000,634,1000,1,990.5320
54830.0000,5483,2450.7090,0.0000,1000,629,1000,1,990.5337
54840.0000,5484,2450.7410,0.0000,1000,624,1000,1,990.5355
54850.0000,5485,2450.7724,0.0000,1000,621,1000,1,990.5372
54860.0000,5486,2450.8033,0.0000,1000,620,1000,1,990.5389
54870.0000,5487,2450.8342,0.0000,1000,617,1000,1,990.5406
54880.0000,5488,2450.8636,0.0000,1000,610,1000,1,990.5424
54890.0000,5489,2450.8913,0.0000,1000,599,1000,1,990.5441
54900.0000,5490,2450.9180,0.0000,1000,595,1000,1,990.5458
54910.0000,5491,2450.9434,0.0000,1000,589,1000,1,990.5475
54920.0000,5492,2450.9690,0.0000,1000,592,1000,1,990.5492
54930.0000,5493,2450.9946,0.0000,1000,595,1000,1,990.5510
54940.0000,5494,2451.0204,0.0000,1000,591,1000,1,990.5527
54950.0000,5495,2451.0459,0.0000,1000,595,1000,1,990.5544
54960.0000,5496,2451.0722,0.0000,1000,599,1000,1,990.5561
54970.0000,5497,2451.0997,0.0000,1000,600,1000,1,990.5578
54980.0000,5498,2451.1269,0.0000,1000,598,1000,1,990.5596
54990.0000,5499,2451.1537,0.0000,1000,596,1000,1,990.5613
55000.0000,5500,2451.1797,0.0000,1000,592,1000,1,990.5630
55010.0000,5501,2451.2049,0.0000,1000,594,1000,1,990.5647
55020.0000,5502,2451.2316,0.0000,1000,601,1000,1,990.5664
55030.0000,5503,2451.2585,0.0000,1000,593,1000,1,990.5681
55040.0000,5504,2451.2842,0.0000,1000,591,1000,1,990.5699
55050.0000,5505,2451.3095,0.0000,1000,591,1000,1,990.5716
55060.0000,5506,2451.3348,0.0000,1000,590,1000,1,990.5733
55070.0000,5507,2451.3598,0.0000,1000,588,1000,1,990.5750
55080.0000,5508,2451.3847,0.0000,1000,592,1000,1,990.5767
55090.0000,5509,2451.4106,0.0000,1000,597,1000,1,990.5784
55100.0000,5510,2451.4365,0.0000,1000,594,1000,1,990.5801
55110.0000,5511,2451.4618,0.0000,1000,589,1000,1,990.5818
55120.0000,5512,2451.4859,0.0000,1000,585,1000,1,990.5835
55130.0000,5513,2451.5102,0.0000,1000,588,1000,1,990.5852
55140.0000,5514,2451.5348,0.0000,1000,586,1000,1,990.5870
55150.0000,5515,2451.5594,0.0000,1000,588,1000,1,990.5887
55160.0000,5516,2451.5842,0.0000,1000,590,1000,1,990.5904
55170.0000,5517,2451.6094,0.0000,1000,592,1000,1,990.5921
55180.0000,5518,2451.6352,0.0000,1000,593,1000,1,990.5938
55190.0000,5519,2451.6604,0.0000,1000,589,1000,1,990.5955
55200.0000,5520,2451.6849,0.0000,1000,588,1000,1,990.5972
55210.0000,5521,2451.7098,0.0000,1000,590,1000,1,990.5989
55220.0000,5522,2451.7348,0.0000,1000,594,1000,1,990.6006
55230.0000,5523,2451.7605,0.0000,1000,590,1000,1,990.6023
55240.0000,5524,2451.7853,0.0000,1000,588,1000,1,990.6040
55250.0000,5525,2451.8096,0.0000,1000,586,1000,1,990.6057
55260.0000,5526,2451.8329,0.0000,1000,573,1000,1,990.6074
55270.0000,5527,2451.8543,0.0000,1000,569,1000,1,990.6091
55280.0000,5528,2451.8759,0.0000,1000,573,1000,1,990.6108
55290.0000,5529,2451.8975,0.0000,1000,571,1000,1,990.6125
55300.0000,5530,2451.9182,0.0000,1000,566,1000,1,990.6142
55310.0000,5531,2451.9395,0.0000,1000,571,1000,1,990.6159
55320.0000,5532,2451.9608,0.0000,1000,571,1000,1,990.6176
55330.0000,5533,2451.9824,0.0000,1000,573,1000,1,990.6193
55340.0000,5534,2452.0050,0.0000,1000,581,1000,1,990.6210
55350.0000,5535,2452.0286,0.0000,1000,583,1000,1,990.6227
55360.0000,5536,2452.0524,0.0000,1000,583,1000,1,990.6244
55370.0000,5537,2452.0756,0.0000,1000,581,1000,1,990.6261
55380.0000,5538,2452.0990,0.0000,1000,580,1000,1,990.6277
55390.0000,5539,2452.1221,0.0000,1000,583,1000,1,990.6294
55400.0000,5540,2452.1454,0.0000,1000,585,1000,1,990.6311
55410.0000,5541,2452.1695,0.0000,1000,581,1000,1,990.6328
55420.0000,5542,2452.1928,0.0000,1000,582,1000,1,990.6345
55430.0000,5543,2452.2161,0.0000,1000,579,1000,1,990.6362
55440.0000,5544,2452.2391,0.0000,1000,582,1000,1,990.6379
55450.0000,5545,2452.2634,0.0000,1000,590,1000,1,990.6396
55460.0000,5546,2452.2888,0.0000,1000,597,1000,1,990.6413
55470.0000,5547,2452.3152,0.0000,1000,597,1000,1,990.6430
55480.0000,5548,2452.3410,0.0000,1000,593,1000,1,990.6446
55490.0000,5549,2452.3659,0.0000,1000,592,1000,1,990.6463
55500.0000,5550,2452.3908,0.0000,1000,591,1000,1,990.6480
55510.0000,5551,2452.4167,0.0000,1000,598,1000,1,990.6497
55520.0000,5552,2452.4430,0.0000,1000,598,1000,1,990.6514
55530.0000,5553,2452.4695,0.0000,1000,600,1000,1,990.6531
55540.0000,5554,2452.4961,0.0000,1000,599,1000,1,990.6547
55550.0000,5555,2452.5224,0.0000,1000,601,1000,1,990.6564
55560.0000,5556,2452.5491,0.0000,1000,602,1000,1,990.6581
55570.0000,5557,2452.5761,0.0000,1000,600,1000,1,990.6598
55580.0000,5558,2452.6029,0.0000,1000,604,1000,1,990.6615
55590.0000,5559,2452.6300,0.0000,1000,603,1000,1,990.6632
55600.0000,5560,2452.6565,0.0000,1000,604,1000,1,990.6648
55610.0000,5561,2452.6839,0.0000,1000,608,1000,1,990.6665
55620.0000,5562,2452.7114,0.0000,1000,604,1000,1,990.6682
55630.0000,5563,2452.7388,0.0000,1000,606,1000,1,990.6699
55640.0000,5564,2452.7666,0.0000,1000,607,1000,1,990.6715
55650.0000,5565,2452.7938,0.0000,1000,601,1000,1,990.6732
55660.0000,5566,2452.8204,0.0000,1000,600,1000,1,990.6749
55670.0000,5567,2452.8469,0.0000,1000,603,1000,1,990.6766
55680.0000,5568,2452.8740,0.0000,1000,605,1000,1,990.6782
55690.0000,5569,2452.9021,0.0000,1000,613,1000,1,990.6799
55700.0000,5570,2452.9309,0.0000,1000,616,1000,1,990.6816
55710.0000,5571,2452.9605,0.0000,1000,625,1000,1,990.6833
55720.0000,5572,2452.9912,0.0000,1000,623,1000,1,990.6849
55730.0000,5573,2453.0208,0.0000,1000,616,1000,1,990.6866
55740.0000,5574,2453.0495,0.0000,1000,611,1000,1,990.6883
55750.0000,5575,2453.0783,0.0000,1000,616,1000,1,990.6899
55760.0000,5576,2453.1073,0.0000,1000,613,1000,1,990.6916
55770.0000,5577,2453.1358,0.0000,1000,614,1000,1,990.6933
55780.0000,5578,2453.1642,0.0000,1000,611,1000,1,990.6950
55790.0000,5579,2453.1931,0.0000,1000,615,1000,1,990.6966
55800.0000,5580,2453.2225,0.0000,1000,623,1000,1,990.6983
55810.0000,5581,2453.2522,0.0000,1000,615,1000,1,990.7000
55820.0000,5582,2453.2811,0.0000,1000,613,1000,1,990.7016
55830.0000,5583,2453.3091,0.0000,1000,603,1000,1,990.7033
55840.0000,5584,2453.3351,0.0000,1000,596,1000,1,990.7050
55850.0000,5585,2453.3610,0.0000,1000,599,1000,1,990.7066
55860.0000,5586,2453.3872,0.0000,1000,598,1000,1,990.7083
55870.0000,5587,2453.4130,0.0000,1000,594,1000,1,990.7099
55880.0000,5588,2453.4385,0.0000,1000,597,1000,1,990.7116
55890.0000,5589,2453.4641,0.0000,1000,594,1000,1,990.7133
55900.0000,5590,2453.4902,0.0000,1000,603,1000,1,990.7149
55910.0000,5591,2453.5170,0.0000,1000,605,1000,1,990.7166
55920.0000,5592,2453.5440,0.0000,1000,603,1000,1,990.7183
55930.0000,5593,2453.5698,0.0000,1000,597,1000,1,990.7199
55940.0000,5594,2453.5948,0.0000,1000,594,1000,1,990.7216
55950.0000,5595,2453.6193,0.0000,1000,587,1000,1,990.7232
55960.0000,5596,2453.6425,0.0000,1000,579,1000,1,990.7249
55970.0000,5597,2453.6644,0.0000,1000,577,1000,1,990.7265
55980.0000,5598,2453.6871,0.0000,1000,580,1000,1,990.7282
55990.0000,5599,2453.7102,0.0000,1000,583,1000,1,990.7299
56000.0000,5600,2453.7336,0.0000,1000,586,1000,1,990.7315
56010.0000,5601,2453.7571,0.0000,1000,579,1000,1,990.7332
56020.0000,5602,2453.7796,0.0000,1000,580,1000,1,990.7348
56030.0000,5603,2453.8026,0.0000,1000,581,1000,1,990.7365
56040.0000,5604,2453.8250,0.0000,1000,575,1000,1,990.7381
56050.0000,5605,2453.8464,0.0000,1000,570,1000,1,990.7398
56060.0000,5606,2453.8677,0.0000,1000,580,1000,1,990.7414
56070.0000,5607,2453.8907,0.0000,1000,585,1000,1,990.7431
56080.0000,5608,2453.9143,0.0000,1000,587,1000,1,990.7447
56090.0000,5609,2453.9378,0.0000,1000,585,1000,1,990.7464
56100.0000,5610,2453.9614,0.0000,1000,587,1000,1,990.7480
56110.0000,5611,2453.9850,0.0000,1000,585,1000,1,990.7497
56120.0000,5612,2454.0087,0.0000,1000,587,1000,1,990.7513
56130.0000,5613,2454.0326,0.0000,1000,585,1000,1,990.7530
56140.0000,5614,2454.0558,0.0000,1000,585,1000,1,990.7546
56150.0000,5615,2454.0798,0.0000,1000,589,1000,1,990.7563
56160.0000,5616,2454.1038,0.0000,1000,592,1000,1,990.7579
56170.0000,5617,2454.1279,0.0000,1000,582,1000,1,990.7596
56180.0000,5618,2454.1509,0.0000,1000,583,1000,1,990.7612
56190.0000,5619,2454.1735,0.0000,1000,585,1000,1,990.7629
56200.0000,5620,2454.1970,0.0000,1000,583,1000,1,990.7645
56210.0000,5621,2454.2188,0.0000,1000,575,1000,1,990.7661
56220.0000,5622,2454.2403,0.0000,1000,576,1000,1,990.7678
56230.0000,5623,2454.2614,0.0000,1000,569,1000,1,990.7694
56240.0000,5624,2454.2818,0.0000,1000,566,1000,1,990.7711
56250.0000,5625,2454.3016,0.0000,1000,568,1000,1,990.7727
56260.0000,5626,2454.3223,0.0000,1000,573,1000,1,990.7743
56270.0000,5627,2454.3435,0.0000,1000,575,1000,1,990.7760
56280.0000,5628,2454.3643,0.0000,1000,568,1000,1,990.7776
56290.0000,5629,2454.3845,0.0000,1000,567,1000,1,990.7793
56300.0000,5630,2454.4043,0.0000,1000,566,1000,1,990.7809
56310.0000,5631,2454.4238,0.0000,1000,564,1000,1,990.7825
56320.0000,5632,2454.4432,0.0000,1000,559,1000,1,990.7842
56330.0000,5633,2454.4618,0.0000,1000,563,1000,1,990.7858
56340.0000,5634,2454.4810,0.0000,1000,564,1000,1,990.7874
56350.0000,5635,2454.5003,0.0000,1000,560,1000,1,990.7891
56360.0000,5636,2454.5195,0.0000,1000,567,1000,1,990.7907
56370.0000,5637,2454.5393,0.0000,1000,565,1000,1,990.7923
56380.0000,5638,2454.5596,0.0000,1000,570,1000,1,990.7940
56390.0000,5639,2454.5804,0.0000,1000,575,1000,1,990.7956
56400.0000,5640,2454.6026,0.0000,1000,581,1000,1,990.7972
56410.0000,5641,2454.6253,0.0000,1000,581,1000,1,990.7989
56420.0000,5642,2454.6479,0.0000,1000,586,1000,1,990.8005
56430.0000,5643,2454.6709,0.0000,1000,584,1000,1,990.8021
56440.0000,5644,2454.6937,0.0000,1000,583,1000,1,990.8038
56450.0000,5645,2454.7160,0.0000,1000,578,1000,1,990.8054
56460.0000,5646,2454.7384,0.0000,1000,583,1000,1,990.8070
56470.0000,5647,2454.7612,0.0000,1000,584,1000,1,990.8087
56480.0000,5648,2454.7835,0.0000,1000,580,1000,1,990.8103
56490.0000,5649,2454.8058,0.0000,1000,580,1000,1,990.8119
56500.0000,5650,2454.8278,0.0000,1000,580,1000,1,990.8135
56510.0000,5651,2454.8501,0.0000,1000,582,1000,1,990.8152
56520.0000,5652,2454.8720,0.0000,1000,580,1000,1,990.8168
56530.0000,5653,2454.8936,0.0000,1000,576,1000,1,990.8184
56540.0000,5654,2454.9160,0.0000,1000,587,1000,1,990.8200
56550.0000,5655,2454.9391,0.0000,1000,583,1000,1,990.8217
56560.0000,5656,2454.9612,0.0000,1000,584,1000,1,990.8233
56570.0000,5657,2454.9845,0.0000,1000,589,1000,1,990.8249
56580.0000,5658,2455.0082,0.0000,1000,590,1000,1,990.8265
56590.0000,5659,2455.0319,0.0000,1000,590,1000,1,990.8281
56600.0000,5660,2455.0555,0.0000,1000,593,1000,1,990.8298
56610.0000,5661,2455.0805,0.0000,1000,598,1000,1,990.8314
56620.0000,5662,2455.1057,0.0000,1000,595,1000,1,990.8330
56630.0000,5663,2455.1304,0.0000,1000,592,1000,1,990.8346
56640.0000,5664,2455.1549,0.0000,1000,594,1000,1,990.8362
56650.0000,5665,2455.1795,0.0000,1000,597,1000,1,990.8379
56660.0000,5666,2455.2049,0.0000,1000,600,1000,1,990.8395
56670.0000,5667,2455.2305,0.0000,1000,600,1000,1,990.8411
56680.0000,5668,2455.2568,0.0000,1000,607,1000,1,990.8427
56690.0000,5669,2455.2835,0.0000,1000,605,1000,1,990.8443
56700.0000,5670,2455.3090,0.0000,1000,599,1000,1,990.8459
56710.0000,5671,2455.3344,0.0000,1000,600,1000,1,990.8476
56720.0000,5672,2455.3594,0.0000,1000,597,1000,1,990.8492
56730.0000,5673,2455.3844,0.0000,1000,598,1000,1,990.8508
56740.0000,5674,2455.4095,0.0000,1000,597,1000,1,990.8524
56750.0000,5675,2455.4346,0.0000,1000,595,1000,1,990.8540
56760.0000,5676,2455.4589,0.0000,1000,593,1000,1,990.8556
56770.0000,5677,2455.4832,0.0000,1000,595,1000,1,990.8572
56780.0000,5678,2455.5079,0.0000,1000,597,1000,1,990.8588
56790.0000,5679,2455.5333,0.0000,1000,601,1000,1,990.8604
56800.0000,5680,2455.5599,0.0000,1000,609,1000,1,990.8621
56810.0000,5681,2455.5874,0.0000,1000,617,1000,1,990.8637
56820.0000,5682,2455.6159,0.0000,1000,616,1000,1,990.8653
56830.0000,5683,2455.6435,0.0000,1000,610,1000,1,990.8669
56840.0000,5684,2455.6709,0.0000,1000,609,1000,1,990.8685
56850.0000,5685,2455.6975,0.0000,1000,608,1000,1,990.8701
56860.0000,5686,2455.7248,0.0000,1000,620,1000,1,990.8717
56870.0000,5687,2455.7540,0.0000,1000,622,1000,1,990.8733
56880.0000,5688,2455.7838,0.0000,1000,627,1000,1,990.8749
56890.0000,5689,2455.8135,0.0000,1000,623,1000,1,990.8765
56900.0000,5690,2455.8425,0.0000,1000,620,1000,1,990.8781
56910.0000,5691,2455.8713,0.0000,1000,620,1000,1,990.8797
56920.0000,5692,2455.8992,0.0000,1000,611,1000,1,990.8813
56930.0000,5693,2455.9272,0.0000,1000,616,1000,1,990.8829
56940.0000,5694,2455.9546,0.0000,1000,613,1000,1,990.8845
56950.0000,5695,2455.9828,0.0000,1000,616,1000,1,990.8861
56960.0000,5696,2456.0100,0.0000,1000,606,1000,1,990.8877
56970.0000,5697,2456.0362,0.0000,1000,605,1000,1,990.8893
56980.0000,5698,2456.0631,0.0000,1000,613,1000,1,990.8909
56990.0000,5699,2456.0905,0.0000,1000,613,1000,1,990.8925
57000.0000,5700,2456.1188,0.0000,1000,622,1000,1,990.8941
57010.0000,5701,2456.1478,0.0000,1000,620,1000,1,990.8957
57020.0000,5702,2456.1771,0.0000,1000,619,1000,1,990.8973
57030.0000,5703,2456.2055,0.0000,1000,618,1000,1,990.8989
57040.0000,5704,2456.2337,0.0000,1000,616,1000,1,990.9005
57050.0000,5705,2456.2621,0.0000,1000,620,1000,1,990.9021
57060.0000,5706,2456.2901,0.0000,1000,615,1000,1,990.9037
57070.0000,5707,2456.3181,0.0000,1000,614,1000,1,990.9053
57080.0000,5708,2456.3453,0.0000,1000,609,1000,1,990.9069
57090.0000,5709,2456.3722,0.0000,1000,611,1000,1,990.9085
57100.0000,5710,2456.3987,0.0000,1000,610,1000,1,990.9101
57110.0000,5711,2456.4246,0.0000,1000,601,1000,1,990.9117
57120.0000,5712,2456.4501,0.0000,1000,600,1000,1,990.9132
57130.0000,5713,2456.4752,0.0000,1000,600,1000,1,990.9148
57140.0000,5714,2456.5001,0.0000,1000,596,1000,1,990.9164
57150.0000,5715,2456.5254,0.0000,1000,604,1000,1,990.9180
57160.0000,5716,2456.5515,0.0000,1000,608,1000,1,990.9196
57170.0000,5717,2456.5773,0.0000,1000,607,1000,1,990.9212
57180.0000,5718,2456.6035,0.0000,1000,608,1000,1,990.9228
57190.0000,5719,2456.6305,0.0000,1000,611,1000,1,990.9244
57200.0000,5720,2456.6577,0.0000,1000,612,1000,1,990.9260
57210.0000,5721,2456.6846,0.0000,1000,612,1000,1,990.9275
57220.0000,5722,2456.7112,0.0000,1000,609,1000,1,990.9291
57230.0000,5723,2456.7377,0.0000,1000,605,1000,1,990.9307
57240.0000,5724,2456.7641,0.0000,1000,609,1000,1,990.9323
57250.0000,5725,2456.7908,0.0000,1000,613,1000,1,990.9339
57260.0000,5726,2456.8177,0.0000,1000,611,1000,1,990.9355
57270.0000,5727,2456.8438,0.0000,1000,602,1000,1,990.9370
57280.0000,5728,2456.8687,0.0000,1000,597,1000,1,990.9386
57290.0000,5729,2456.8927,0.0000,1000,592,1000,1,990.9402
57300.0000,5730,2456.9166,0.0000,1000,595,1000,1,990.9418
57310.0000,5731,2456.9405,0.0000,1000,595,1000,1,990.9434
57320.0000,5732,2456.9649,0.0000,1000,593,1000,1,990.9450
57330.0000,5733,2456.9884,0.0000,1000,590,1000,1,990.9465
57340.0000,5734,2457.0126,0.0000,1000,598,1000,1,990.9481
57350.0000,5735,2457.0376,0.0000,1000,602,1000,1,990.9497
57360.0000,5736,2457.0627,0.0000,1000,598,1000,1,990.9513
57370.0000,5737,2457.0876,0.0000,1000,602,1000,1,990.9528
57380.0000,5738,2457.1140,0.0000,1000,610,1000,1,990.9544
57390.0000,5739,2457.1409,0.0000,1000,610,1000,1,990.9560
57400.0000,5740,2457.1668,0.0000,1000,604,1000,1,990.9576
57410.0000,5741,2457.1925,0.0000,1000,604,1000,1,990.9591
57420.0000,5742,2457.2179,0.0000,1000,600,1000,1,990.9607
57430.0000,5743,2457.2421,0.0000,1000,594,1000,1,990.9623
57440.0000,5744,2457.2660,0.0000,1000,596,1000,1,990.9639
57450.0000,5745,2457.2896,0.0000,1000,593,1000,1,990.9654
57460.0000,5746,2457.3124,0.0000,1000,583,1000,1,990.9670
57470.0000,5747,2457.3343,0.0000,1000,585,1000,1,990.9686
57480.0000,5748,2457.3570,0.0000,1000,587,1000,1,990.9702
57490.0000,5749,2457.3796,0.0000,1000,586,1000,1,990.9717
57500.0000,5750,2457.4023,0.0000,1000,588,1000,1,990.9733
57510.0000,5751,2457.4246,0.0000,1000,585,1000,1,990.9749
57520.0000,5752,2457.4470,0.0000,1000,589,1000,1,990.9764
57530.0000,5753,2457.4691,0.0000,1000,581,1000,1,990.9780
57540.0000,5754,2457.4900,0.0000,1000,583,1000,1,990.9796
57550.0000,5755,2457.5112,0.0000,1000,576,1000,1,990.9811
57560.0000,5756,2457.5318,0.0000,1000,573,1000,1,990.9827
57570.0000,5757,2457.5517,0.0000,1000,571,1000,1,990.9843
57580.0000,5758,2457.5709,0.0000,1000,566,1000,1,990.9858
57590.0000,5759,2457.5907,0.0000,1000,575,1000,1,990.9874
57600.0000,5760,2457.6109,0.0000,1000,572,1000,1,990.9890
57610.0000,5761,2457.6307,0.0000,1000,573,1000,1,990.9905
57620.0000,5762,2457.6502,0.0000,1000,567,1000,1,990.9921
57630.0000,5763,2457.6689,0.0000,1000,564,1000,1,990.9937
57640.0000,5764,2457.6878,0.0000,1000,566,1000,1,990.9952
57650.0000,5765,2457.7070,0.0000,1000,563,1000,1,990.9968
57660.0000,5766,2457.7252,0.0000,1000,562,1000,1,990.9983
57670.0000,5767,2457.7433,0.0000,1000,561,1000,1,990.9999
57680.0000,5768,2457.7614,0.0000,1000,560,1000,1,991.0015
57690.0000,5769,2457.7789,0.0000,1000,557,1000,1,991.0030
57700.0000,5770,2457.7952,0.0000,1000,548,1000,1,991.0046
57710.0000,5771,2457.8114,0.0000,1000,550,1000,1,991.0061
57720.0000,5772,2457.8271,0.0000,1000,547,1000,1,991.0077
57730.0000,5773,2457.8427,0.0000,1000,547,1000,1,991.0093
57740.0000,5774,2457.8575,0.0000,1000,541,1000,1,991.0108
57750.0000,5775,2457.8714,0.0000,1000,538,1000,1,991.0124
57760.0000,5776,2457.8853,0.0000,1000,541,1000,1,991.0139
57770.0000,5777,2457.8989,0.0000,1000,533,1000,1,991.0155
57780.0000,5778,2457.9115,0.0000,1000,528,1000,1,991.0170
57790.0000,5779,2457.9230,0.0000,1000,524,1000,1,991.0186
57800.0000,5780,2457.9344,0.0000,1000,524,1000,1,991.0201
57810.0000,5781,2457.9450,0.0000,1000,517,1000,1,991.0217
57820.0000,5782,2457.9551,0.0000,1000,512,1000,1,991.0233
57830.0000,5783,2457.9640,0.0000,1000,511,1000,1,991.0248
57840.0000,5784,2457.9725,0.0000,1000,505,1000,1,991.0264
57850.0000,5785,2457.9809,0.0000,1000,511,1000,1,991.0279
57860.0000,5786,2457.9901,0.0000,1000,514,1000,1,991.0295
57870.0000,5787,2457.9997,0.0000,1000,510,1000,1,991.0310
57880.0000,5788,2458.0090,0.0000,1000,512,1000,1,991.0326
57890.0000,5789,2458.0177,0.0000,1000,505,1000,1,991.0341
57900.0000,5790,2458.0260,0.0000,1000,506,1000,1,991.0357
57910.0000,5791,2458.0339,0.0000,1000,503,1000,1,991.0372
57920.0000,5792,2458.0423,0.0000,1000,507,1000,1,991.0388
57930.0000,5793,2458.0507,0.0000,1000,504,1000,1,991.0403
57940.0000,5794,2458.0592,0.0000,1000,511,1000,1,991.0418
57950.0000,5795,2458.0680,0.0000,1000,518,1000,1,991.0434
57960.0000,5796,2458.0790,0.0000,1000,522,1000,1,991.0449
57970.0000,5797,2458.0901,0.0000,1000,521,1000,1,991.0465
57980.0000,5798,2458.1004,0.0000,1000,519,1000,1,991.0480
57990.0000,5799,2458.1118,0.0000,1000,526,1000,1,991.0496
58000.0000,5800,2458.1233,0.0000,1000,525,1000,1,991.0511
58010.0000,5801,2458.1351,0.0000,1000,530,1000,1,991.0527
58020.0000,5802,2458.1482,0.0000,1000,535,1000,1,991.0542
58030.0000,5803,2458.1615,0.0000,1000,535,1000,1,991.0557
58040.0000,5804,2458.1750,0.0000,1000,538,1000,1,991.0573
58050.0000,5805,2458.1889,0.0000,1000,538,1000,1,991.0588
58060.0000,5806,2458.2027,0.0000,1000,538,1000,1,991.0604
58070.0000,5807,2458.2166,0.0000,1000,541,1000,1,991.0619
58080.0000,5808,2458.2307,0.0000,1000,543,1000,1,991.0634
58090.0000,5809,2458.2447,0.0000,1000,534,1000,1,991.0650
58100.0000,5810,2458.2580,0.0000,1000,540,1000,1,991.0665
58110.0000,5811,2458.2722,0.0000,1000,539,1000,1,991.0681
58120.0000,5812,2458.2860,0.0000,1000,535,1000,1,991.0696
58130.0000,5813,2458.2996,0.0000,1000,534,1000,1,991.0711
58140.0000,5814,2458.3125,0.0000,1000,535,1000,1,991.0727
58150.0000,5815,2458.3259,0.0000,1000,536,1000,1,991.0742
58160.0000,5816,2458.3398,0.0000,1000,540,1000,1,991.0757
58170.0000,5817,2458.3542,0.0000,1000,544,1000,1,991.0773
58180.0000,5818,2458.3694,0.0000,1000,547,1000,1,991.0788
58190.0000,5819,2458.3854,0.0000,1000,556,1000,1,991.0803
58200.0000,5820,2458.4021,0.0000,1000,559,1000,1,991.0819
58210.0000,5821,2458.4187,0.0000,1000,551,1000,1,991.0834
58220.0000,5822,2458.4344,0.0000,1000,548,1000,1,991.0849
58230.0000,5823,2458.4498,0.0000,1000,549,1000,1,991.0865
58240.0000,5824,2458.4648,0.0000,1000,541,1000,1,991.0880
58250.0000,5825,2458.4790,0.0000,1000,543,1000,1,991.0895
58260.0000,5826,2458.4934,0.0000,1000,535,1000,1,991.0911
58270.0000,5827,2458.5073,0.0000,1000,540,1000,1,991.0926
58280.0000,5828,2458.5208,0.0000,1000,539,1000,1,991.0941
58290.0000,5829,2458.5345,0.0000,1000,537,1000,1,991.0956
58300.0000,5830,2458.5473,0.0000,1000,532,1000,1,991.0972
58310.0000,5831,2458.5598,0.0000,1000,527,1000,1,991.0987
58320.0000,5832,2458.5714,0.0000,1000,524,1000,1,991.1002
58330.0000,5833,2458.5839,0.0000,1000,532,1000,1,991.1017
58340.0000,5834,2458.5963,0.0000,1000,528,1000,1,991.1033
58350.0000,5835,2458.6078,0.0000,1000,523,1000,1,991.1048
58360.0000,5836,2458.6177,0.0000,1000,515,1000,1,991.1063
58370.0000,5837,2458.6276,0.0000,1000,519,1000,1,991.1078
58380.0000,5838,2458.6377,0.0000,1000,516,1000,1,991.1094
58390.0000,5839,2458.6474,0.0000,1000,515,1000,1,991.1109
58400.0000,5840,2458.6562,0.0000,1000,508,1000,1,991.1124
58410.0000,5841,2458.6644,0.0000,1000,505,1000,1,991.1139
58420.0000,5842,2458.6721,0.0000,1000,504,1000,1,991.1154
58430.0000,5843,2458.6792,0.0000,1000,499,1000,1,991.1170
58440.0000,5844,2458.6857,0.0000,1000,494,1000,1,991.1185
58450.0000,5845,2458.6916,0.0000,1000,495,1000,1,991.1200
58460.0000,5846,2458.6976,0.0000,1000,492,1000,1,991.1215
58470.0000,5847,2458.7033,0.0000,1000,489,1000,1,991.1230
58480.0000,5848,2458.7090,0.0000,1000,491,1000,1,991.1246
58490.0000,5849,2458.7146,0.0000,1000,493,1000,1,991.1261
58500.0000,5850,2458.7210,0.0000,1000,494,1000,1,991.1276
58510.0000,5851,2458.7273,0.0000,1000,494,1000,1,991.1291
58520.0000,5852,2458.7330,0.0000,1000,493,1000,1,991.1306
58530.0000,5853,2458.7385,0.0000,1000,488,1000,1,991.1321
58540.0000,5854,2458.7430,0.0000,1000,486,1000,1,991.1337
58550.0000,5855,2458.7479,0.0000,1000,488,1000,1,991.1352
58560.0000,5856,2458.7527,0.0000,1000,489,1000,1,991.1367
58570.0000,5857,2458.7579,0.0000,1000,490,1000,1,991.1382
58580.0000,5858,2458.7629,0.0000,1000,487,1000,1,991.1397
58590.0000,5859,2458.7674,0.0000,1000,485,1000,1,991.1412
58600.0000,5860,2458.7725,0.0000,1000,494,1000,1,991.1427
58610.0000,5861,2458.7781,0.0000,1000,489,1000,1,991.1443
58620.0000,5862,2458.7829,0.0000,1000,488,1000,1,991.1458
58630.0000,5863,2458.7881,0.0000,1000,491,1000,1,991.1473
58640.0000,5864,2458.7938,0.0000,1000,496,1000,1,991.1488
58650.0000,5865,2458.7999,0.0000,1000,494,1000,1,991.1503
58660.0000,5866,2458.8059,0.0000,1000,490,1000,1,991.1518
58670.0000,5867,2458.8117,0.0000,1000,493,1000,1,991.1533
58680.0000,5868,2458.8170,0.0000,1000,492,1000,1,991.1548
58690.0000,5869,2458.8227,0.0000,1000,493,1000,1,991.1563
58700.0000,5870,2458.8281,0.0000,1000,492,1000,1,991.1578
58710.0000,5871,2458.8334,0.0000,1000,487,1000,1,991.1593
58720.0000,5872,2458.8388,0.0000,1000,491,1000,1,991.1608
58730.0000,5873,2458.8450,0.0000,1000,497,1000,1,991.1623
58740.0000,5874,2458.8505,0.0000,1000,491,1000,1,991.1639
58750.0000,5875,2458.8558,0.0000,1000,491,1000,1,991.1654
58760.0000,5876,2458.8622,0.0000,1000,495,1000,1,991.1669
58770.0000,5877,2458.8685,0.0000,1000,496,1000,1,991.1684
58780.0000,5878,2458.8754,0.0000,1000,502,1000,1,991.1699
58790.0000,5879,2458.8828,0.0000,1000,500,1000,1,991.1714
58800.0000,5880,2458.8899,0.0000,1000,498,1000,1,991.1729
58810.0000,5881,2458.8965,0.0000,1000,501,1000,1,991.1744
58820.0000,5882,2458.9040,0.0000,1000,500,1000,1,991.1759
58830.0000,5883,2458.9109,0.0000,1000,497,1000,1,991.1774
58840.0000,5884,2458.9163,0.0000,1000,489,1000,1,991.1789
58850.0000,5885,2458.9225,0.0000,1000,494,1000,1,991.1804
58860.0000,5886,2458.9281,0.0000,1000,491,1000,1,991.1819
58870.0000,5887,2458.9340,0.0000,1000,497,1000,1,991.1834
58880.0000,5888,2458.9401,0.0000,1000,490,1000,1,991.1849
58890.0000,5889,2458.9457,0.0000,1000,491,1000,1,991.1864
58900.0000,5890,2458.9510,0.0000,1000,489,1000,1,991.1879
58910.0000,5891,2458.9564,0.0000,1000,491,1000,1,991.1893
58920.0000,5892,2458.9611,0.0000,1000,485,1000,1,991.1908
58930.0000,5893,2458.9650,0.0000,1000,479,1000,1,991.1923
58940.0000,5894,2458.9688,0.0000,1000,484,1000,1,991.1938
58950.0000,5895,2458.9730,0.0000,1000,483,1000,1,991.1953
58960.0000,5896,2458.9777,0.0000,1000,488,1000,1,991.1968
58970.0000,5897,2458.9827,0.0000,1000,484,1000,1,991.1983
58980.0000,5898,2458.9868,0.0000,1000,486,1000,1,991.1998
58990.0000,5899,2458.9913,0.0000,1000,486,1000,1,991.2013
59000.0000,5900,2458.9954,0.0000,1000,485,1000,1,991.2028
59010.0000,5901,2458.9999,0.0000,1000,485,1000,1,991.2043
59020.0000,5902,2459.0048,0.0000,1000,491,1000,1,991.2058
59030.0000,5903,2459.0105,0.0000,1000,495,1000,1,991.2073
59040.0000,5904,2459.0174,0.0000,1000,502,1000,1,991.2087
59050.0000,5905,2459.0242,0.0000,1000,494,1000,1,991.2102
59060.0000,5906,2459.0298,0.0000,1000,489,1000,1,991.2117
59070.0000,5907,2459.0351,0.0000,1000,490,1000,1,991.2132
59080.0000,5908,2459.0397,0.0000,1000,485,1000,1,991.2147
59090.0000,5909,2459.0446,0.0000,1000,493,1000,1,991.2162
59100.0000,5910,2459.0498,0.0000,1000,489,1000,1,991.2177
59110.0000,5911,2459.0541,0.0000,1000,481,1000,1,991.2192
59120.0000,5912,2459.0579,0.0000,1000,482,1000,1,991.2206
59130.0000,5913,2459.0612,0.0000,1000,478,1000,1,991.2221
59140.0000,5914,2459.0640,0.0000,1000,478,1000,1,991.2236
59150.0000,5915,2459.0673,0.0000,1000,479,1000,1,991.2251
59160.0000,5916,2459.0709,0.0000,1000,482,1000,1,991.2266
59170.0000,5917,2459.0748,0.0000,1000,486,1000,1,991.2281
59180.0000,5918,2459.0796,0.0000,1000,490,1000,1,991.2295
59190.0000,5919,2459.0850,0.0000,1000,491,1000,1,991.2310
59200.0000,5920,2459.0907,0.0000,1000,496,1000,1,991.2325
59210.0000,5921,2459.0973,0.0000,1000,501,1000,1,991.2340
59220.0000,5922,2459.1043,0.0000,1000,499,1000,1,991.2355
59230.0000,5923,2459.1114,0.0000,1000,503,1000,1,991.2370
59240.0000,5924,2459.1188,0.0000,1000,504,1000,1,991.2384
59250.0000,5925,2459.1261,0.0000,1000,503,1000,1,991.2399
59260.0000,5926,2459.1336,0.0000,1000,509,1000,1,991.2414
59270.0000,5927,2459.1414,0.0000,1000,502,1000,1,991.2429
59280.0000,5928,2459.1489,0.0000,1000,505,1000,1,991.2443
59290.0000,5929,2459.1559,0.0000,1000,497,1000,1,991.2458
59300.0000,5930,2459.1621,0.0000,1000,498,1000,1,991.2473
59310.0000,5931,2459.1689,0.0000,1000,499,1000,1,991.2488
59320.0000,5932,2459.1753,0.0000,1000,495,1000,1,991.2502
59330.0000,5933,2459.1814,0.0000,1000,495,1000,1,991.2517
59340.0000,5934,2459.1875,0.0000,1000,496,1000,1,991.2532
59350.0000,5935,2459.1938,0.0000,1000,496,1000,1,991.2547
59360.0000,5936,2459.2002,0.0000,1000,499,1000,1,991.2561
59370.0000,5937,2459.2071,0.0000,1000,504,1000,1,991.2576
59380.0000,5938,2459.2143,0.0000,1000,501,1000,1,991.2591
59390.0000,5939,2459.2214,0.0000,1000,501,1000,1,991.2606
59400.0000,5940,2459.2288,0.0000,1000,507,1000,1,991.2620
59410.0000,5941,2459.2367,0.0000,1000,503,1000,1,991.2635
59420.0000,5942,2459.2436,0.0000,1000,496,1000,1,991.2650
59430.0000,5943,2459.2499,0.0000,1000,498,1000,1,991.2664
59440.0000,5944,2459.2567,0.0000,1000,499,1000,1,991.2679
59450.0000,5945,2459.2642,0.0000,1000,509,1000,1,991.2694
59460.0000,5946,2459.2721,0.0000,1000,500,1000,1,991.2708
59470.0000,5947,2459.2786,0.0000,1000,496,1000,1,991.2723
59480.0000,5948,2459.2845,0.0000,1000,492,1000,1,991.2738
59490.0000,5949,2459.2905,0.0000,1000,494,1000,1,991.2752
59500.0000,5950,2459.2969,0.0000,1000,497,1000,1,991.2767
59510.0000,5951,2459.3030,0.0000,1000,496,1000,1,991.2782
59520.0000,5952,2459.3091,0.0000,1000,497,1000,1,991.2796
59530.0000,5953,2459.3153,0.0000,1000,496,1000,1,991.2811
59540.0000,5954,2459.3208,0.0000,1000,488,1000,1,991.2826
59550.0000,5955,2459.3260,0.0000,1000,494,1000,1,991.2840
59560.0000,5956,2459.3317,0.0000,1000,493,1000,1,991.2855
59570.0000,5957,2459.3367,0.0000,1000,486,1000,1,991.2870
59580.0000,5958,2459.3416,0.0000,1000,487,1000,1,991.2884
59590.0000,5959,2459.3457,0.0000,1000,485,1000,1,991.2899
59600.0000,5960,2459.3502,0.0000,1000,485,1000,1,991.2914
59610.0000,5961,2459.3538,0.0000,1000,478,1000,1,991.2928
59620.0000,5962,2459.3566,0.0000,1000,477,1000,1,991.2943
59630.0000,5963,2459.3597,0.0000,1000,474,1000,1,991.2957
59640.0000,5964,2459.3619,0.0000,1000,473,1000,1,991.2972
59650.0000,5965,2459.3640,0.0000,1000,471,1000,1,991.2987
59660.0000,5966,2459.3656,0.0000,1000,469,1000,1,991.3001
59670.0000,5967,2459.3669,0.0000,1000,465,1000,1,991.3016
59680.0000,5968,2459.3681,0.0000,1000,468,1000,1,991.3030
59690.0000,5969,2459.3697,0.0000,1000,469,1000,1,991.3045
59700.0000,5970,2459.3711,0.0000,1000,468,1000,1,991.3059
59710.0000,5971,2459.3728,0.0000,1000,468,1000,1,991.3074
59720.0000,5972,2459.3737,0.0000,1000,464,1000,1,991.3089
59730.0000,5973,2459.3748,0.0000,1000,467,1000,1,991.3103
59740.0000,5974,2459.3765,0.0000,1000,470,1000,1,991.3118
59750.0000,5975,2459.3783,0.0000,1000,469,1000,1,991.3132
59760.0000,5976,2459.3791,0.0000,1000,460,1000,1,991.3147
59770.0000,5977,2459.3790,0.0000,1000,459,1000,1,991.3161
59780.0000,5978,2459.3790,0.0000,1000,461,1000,1,991.3176
59790.0000,5979,2459.3785,0.0000,1000,456,1000,1,991.3190
59800.0000,5980,2459.3772,0.0000,1000,450,1000,1,991.3205
59810.0000,5981,2459.3762,0.0000,1000,456,1000,1,991.3219
59820.0000,5982,2459.3750,0.0000,1000,452,1000,1,991.3234
59830.0000,5983,2459.3747,0.0000,1000,461,1000,1,991.3248
59840.0000,5984,2459.3743,0.0000,1000,457,1000,1,991.3263
59850.0000,5985,2459.3731,0.0000,1000,449,1000,1,991.3277
59860.0000,5986,2459.3718,0.0000,1000,452,1000,1,991.3292
59870.0000,5987,2459.3714,0.0000,1000,459,1000,1,991.3306
59880.0000,5988,2459.3718,0.0000,1000,463,1000,1,991.3321
59890.0000,5989,2459.3712,0.0000,1000,448,1000,1,991.3335
59900.0000,5990,2459.3691,0.0000,1000,450,1000,1,991.3350
59910.0000,5991,2459.3673,0.0000,1000,449,1000,1,991.3364
59920.0000,5992,2459.3659,0.0000,1000,454,1000,1,991.3379
59930.0000,5993,2459.3649,0.0000,1000,453,1000,1,991.3393
59940.0000,5994,2459.3636,0.0000,1000,451,1000,1,991.3408
59950.0000,5995,2459.3625,0.0000,1000,453,1000,1,991.3422
59960.0000,5996,2459.3621,0.0000,1000,457,1000,1,991.3436
59970.0000,5997,2459.3614,0.0000,1000,454,1000,1,991.3451
59980.0000,5998,2459.3609,0.0000,1000,457,1000,1,991.3465
59990.0000,5999,2459.3599,0.0000,1000,454,1000,1,991.3480
60000.0000,6000,2459.3597,0.0000,1000,462,1000,1,991.3494
60010.0000,6001,2459.3596,0.0000,1000,457,1000,1,991.3509
60020.0000,6002,2459.3595,0.0000,1000,464,1000,1,991.3523
60030.0000,6003,2459.3600,0.0000,1000,461,1000,1,991.3537
60040.0000,6004,2459.3602,0.0000,1000,462,1000,1,991.3552
60050.0000,6005,2459.3607,0.0000,1000,464,1000,1,991.3566
60060.0000,6006,2459.3615,0.0000,1000,463,1000,1,991.3581
60070.0000,6007,2459.3614,0.0000,1000,457,1000,1,991.3595
60080.0000,6008,2459.3611,0.0000,1000,460,1000,1,991.3609
60090.0000,6009,2459.3614,0.0000,1000,463,1000,1,991.3624
60100.0000,6010,2459.3627,0.0000,1000,472,1000,1,991.3638
60110.0000,6011,2459.3646,0.0000,1000,472,1000,1,991.3652
60120.0000,6012,2459.3670,0.0000,1000,472,1000,1,991.3667
60130.0000,6013,2459.3694,0.0000,1000,474,1000,1,991.3681
60140.0000,6014,2459.3724,0.0000,1000,478,1000,1,991.3695
60150.0000,6015,2459.3746,0.0000,1000,469,1000,1,991.3710
60160.0000,6016,2459.3770,0.0000,1000,477,1000,1,991.3724
60170.0000,6017,2459.3800,0.0000,1000,478,1000,1,991.3739
60180.0000,6018,2459.3831,0.0000,1000,474,1000,1,991.3753
60190.0000,6019,2459.3854,0.0000,1000,467,1000,1,991.3767
60200.0000,6020,2459.3870,0.0000,1000,468,1000,1,991.3781
60210.0000,6021,2459.3885,0.0000,1000,472,1000,1,991.3796
60220.0000,6022,2459.3905,0.0000,1000,469,1000,1,991.3810
60230.0000,6023,2459.3911,0.0000,1000,462,1000,1,991.3824
60240.0000,6024,2459.3913,0.0000,1000,460,1000,1,991.3839
60250.0000,6025,2459.3913,0.0000,1000,458,1000,1,991.3853
60260.0000,6026,2459.3913,0.0000,1000,459,1000,1,991.3867
60270.0000,6027,2459.3910,0.0000,1000,453,1000,1,991.3882
60280.0000,6028,2459.3895,0.0000,1000,449,1000,1,991.3896
60290.0000,6029,2459.3874,0.0000,1000,445,1000,1,991.3910
60300.0000,6030,2459.3843,0.0000,1000,439,1000,1,991.3924
60310.0000,6031,2459.3800,0.0000,1000,429,1000,1,991.3939
60320.0000,6032,2459.3752,0.0000,1000,433,1000,1,991.3953
60330.0000,6033,2459.3714,0.0000,1000,435,1000,1,991.3967
60340.0000,6034,2459.3673,0.0000,1000,432,1000,1,991.3982
60350.0000,6035,2459.3628,0.0000,1000,431,1000,1,991.3996
60360.0000,6036,2459.3578,0.0000,1000,429,1000,1,991.4010
60370.0000,6037,2459.3527,0.0000,1000,430,1000,1,991.4024
60380.0000,6038,2459.3475,0.0000,1000,427,1000,1,991.4039
60390.0000,6039,2459.3419,0.0000,1000,426,1000,1,991.4053
60400.0000,6040,2459.3355,0.0000,1000,417,1000,1,991.4067
60410.0000,6041,2459.3278,0.0000,1000,410,1000,1,991.4081
60420.0000,6042,2459.3197,0.0000,1000,411,1000,1,991.4095
60430.0000,6043,2459.3120,0.0000,1000,411,1000,1,991.4110
60440.0000,6044,2459.3032,0.0000,1000,401,1000,1,991.4124
60450.0000,6045,2459.2934,0.0000,1000,401,1000,1,991.4138
60460.0000,6046,2459.2837,0.0000,1000,399,1000,1,991.4152
60470.0000,6047,2459.2738,0.0000,1000,402,1000,1,991.4166
60480.0000,6048,2459.2636,0.0000,1000,396,1000,1,991.4181
60490.0000,6049,2459.2531,0.0000,1000,399,1000,1,991.4195
60500.0000,6050,2459.2423,0.0000,1000,393,1000,1,991.4209
60510.0000,6051,2459.2312,0.0000,1000,394,1000,1,991.4223
60520.0000,6052,2459.2199,0.0000,1000,386,1000,1,991.4237
60530.0000,6053,2459.2069,0.0000,1000,379,1000,1,991.4252
60540.0000,6054,2459.1934,0.0000,1000,376,1000,1,991.4266
60550.0000,6055,2459.1792,0.0000,1000,374,1000,1,991.4280
60560.0000,6056,2459.1646,0.0000,1000,371,1000,1,991.4294
60570.0000,6057,2459.1499,0.0000,1000,371,1000,1,991.4308
60580.0000,6058,2459.1355,0.0000,1000,371,1000,1,991.4322
60590.0000,6059,2459.1215,0.0000,1000,374,1000,1,991.4336
60600.0000,6060,2459.1075,0.0000,1000,374,1000,1,991.4351
60610.0000,6061,2459.0933,0.0000,1000,374,1000,1,991.4365
60620.0000,6062,2459.0797,0.0000,1000,377,1000,1,991.4379
60630.0000,6063,2459.0665,0.0000,1000,379,1000,1,991.4393
60640.0000,6064,2459.0534,0.0000,1000,377,1000,1,991.4407
60650.0000,6065,2459.0400,0.0000,1000,379,1000,1,991.4421
60660.0000,6066,2459.0273,0.0000,1000,381,1000,1,991.4435
60670.0000,6067,2459.0142,0.0000,1000,377,1000,1,991.4449
60680.0000,6068,2459.0005,0.0000,1000,376,1000,1,991.4464
60690.0000,6069,2458.9868,0.0000,1000,377,1000,1,991.4478
60700.0000,6070,2458.9738,0.0000,1000,382,1000,1,991.4492
60710.0000,6071,2458.9612,0.0000,1000,385,1000,1,991.4506
60720.0000,6072,2458.9483,0.0000,1000,375,1000,1,991.4520
60730.0000,6073,2458.9341,0.0000,1000,371,1000,1,991.4534
60740.0000,6074,2458.9193,0.0000,1000,370,1000,1,991.4548
60750.0000,6075,2458.9049,0.0000,1000,372,1000,1,991.4562
60760.0000,6076,2458.8906,0.0000,1000,370,1000,1,991.4576
60770.0000,6077,2458.8763,0.0000,1000,372,1000,1,991.4590
60780.0000,6078,2458.8619,0.0000,1000,374,1000,1,991.4604
60790.0000,6079,2458.8480,0.0000,1000,372,1000,1,991.4618
60800.0000,6080,2458.8334,0.0000,1000,371,1000,1,991.4632
60810.0000,6081,2458.8192,0.0000,1000,371,1000,1,991.4646
60820.0000,6082,2458.8043,0.0000,1000,366,1000,1,991.4660
60830.0000,6083,2458.7888,0.0000,1000,365,1000,1,991.4674
60840.0000,6084,2458.7735,0.0000,1000,368,1000,1,991.4688
60850.0000,6085,2458.7585,0.0000,1000,362,1000,1,991.4702
60860.0000,6086,2458.7425,0.0000,1000,362,1000,1,991.4716
60870.0000,6087,2458.7266,0.0000,1000,364,1000,1,991.4731
60880.0000,6088,2458.7115,0.0000,1000,371,1000,1,991.4745
60890.0000,6089,2458.6975,0.0000,1000,376,1000,1,991.4759
60900.0000,6090,2458.6838,0.0000,1000,380,1000,1,991.4773
60910.0000,6091,2458.6705,0.0000,1000,374,1000,1,991.4787
60920.0000,6092,2458.6563,0.0000,1000,374,1000,1,991.4800
60930.0000,6093,2458.6423,0.0000,1000,374,1000,1,991.4814
60940.0000,6094,2458.6277,0.0000,1000,364,1000,1,991.4828
60950.0000,6095,2458.6123,0.0000,1000,369,1000,1,991.4842
60960.0000,6096,2458.5963,0.0000,1000,357,1000,1,991.4856
60970.0000,6097,2458.5804,0.0000,1000,365,1000,1,991.4870
60980.0000,6098,2458.5641,0.0000,1000,355,1000,1,991.4884
60990.0000,6099,2458.5470,0.0000,1000,349,1000,1,991.4898
61000.0000,6100,2458.5283,0.0000,1000,341,1000,1,991.4912
61010.0000,6101,2458.5093,0.0000,1000,344,1000,1,991.4926
61020.0000,6102,2458.4898,0.0000,1000,338,1000,1,991.4940
61030.0000,6103,2458.4695,0.0000,1000,332,1000,1,991.4954
61040.0000,6104,2458.4486,0.0000,1000,334,1000,1,991.4968
61050.0000,6105,2458.4281,0.0000,1000,332,1000,1,991.4982
61060.0000,6106,2458.4068,0.0000,1000,327,1000,1,991.4996
61070.0000,6107,2458.3847,0.0000,1000,320,1000,1,991.5010
61080.0000,6108,2458.3620,0.0000,1000,318,1000,1,991.5024
61090.0000,6109,2458.3380,0.0000,1000,309,1000,1,991.5038
61100.0000,6110,2458.3142,0.0000,1000,314,1000,1,991.5051
61110.0000,6111,2458.2905,0.0000,1000,312,1000,1,991.5065
61120.0000,6112,2458.2665,0.0000,1000,307,1000,1,991.5079
61130.0000,6113,2458.2415,0.0000,1000,302,1000,1,991.5093
61140.0000,6114,2458.2160,0.0000,1000,308,1000,1,991.5107
61150.0000,6115,2458.1918,0.0000,1000,311,1000,1,991.5121
61160.0000,6116,2458.1676,0.0000,1000,307,1000,1,991.5135
61170.0000,6117,2458.1423,0.0000,1000,299,1000,1,991.5149
61180.0000,6118,2458.1153,0.0000,1000,295,1000,1,991.5163
61190.0000,6119,2458.0878,0.0000,1000,287,1000,1,991.5176
61200.0000,6120,2458.0597,0.0000,1000,280,1000,1,991.5190
61210.0000,6121,2458.0302,0.0000,1000,280,1000,1,991.5204
61220.0000,6122,2458.0014,0.0000,1000,282,1000,1,991.5218
61230.0000,6123,2457.9715,0.0000,1000,270,1000,1,991.5232
61240.0000,6124,2457.9412,0.0000,1000,275,1000,1,991.5246
61250.0000,6125,2457.9114,0.0000,1000,277,1000,1,991.5260
61260.0000,6126,2457.8818,0.0000,1000,276,1000,1,991.5273
61270.0000,6127,2457.8512,0.0000,1000,267,1000,1,991.5287
61280.0000,6128,2457.8190,0.0000,1000,260,1000,1,991.5301
61290.0000,6129,2457.7857,0.0000,1000,249,1000,1,991.5315
61300.0000,6130,2457.7522,0.0000,1000,257,1000,1,991.5329
61310.0000,6131,2457.7199,0.0000,1000,258,1000,1,991.5342
61320.0000,6132,2457.6874,0.0000,1000,256,1000,1,991.5356
61330.0000,6133,2457.6545,0.0000,1000,257,1000,1,991.5370
61340.0000,6134,2457.6216,0.0000,1000,257,1000,1,991.5384
61350.0000,6135,2457.5886,0.0000,1000,254,1000,1,991.5398
61360.0000,6136,2457.5548,0.0000,1000,247,1000,1,991.5411
61370.0000,6137,2457.5206,0.0000,1000,247,1000,1,991.5425
61380.0000,6138,2457.4868,0.0000,1000,249,1000,1,991.5439
61390.0000,6139,2457.4521,0.0000,1000,244,1000,1,991.5453
61400.0000,6140,2457.4172,0.0000,1000,242,1000,1,991.5467
61410.0000,6141,2457.3820,0.0000,1000,239,1000,1,991.5480
61420.0000,6142,2457.3464,0.0000,1000,240,1000,1,991.5494
61430.0000,6143,2457.3117,0.0000,1000,246,1000,1,991.5508
61440.0000,6144,2457.2773,0.0000,1000,246,1000,1,991.5522
61450.0000,6145,2457.2427,0.0000,1000,243,1000,1,991.5535
61460.0000,6146,2457.2080,0.0000,1000,241,1000,1,991.5549
61470.0000,6147,2457.1724,0.0000,1000,233,1000,1,991.5563
61480.0000,6148,2457.1357,0.0000,1000,234,1000,1,991.5577
61490.0000,6149,2457.0993,0.0000,1000,233,1000,1,991.5590
61500.0000,6150,2457.0634,0.0000,1000,241,1000,1,991.5604
61510.0000,6151,2457.0283,0.0000,1000,246,1000,1,991.5618
61520.0000,6152,2456.9938,0.0000,1000,242,1000,1,991.5631
61530.0000,6153,2456.9586,0.0000,1000,241,1000,1,991.5645
61540.0000,6154,2456.9239,0.0000,1000,246,1000,1,991.5659
61550.0000,6155,2456.8900,0.0000,1000,258,1000,1,991.5673
61560.0000,6156,2456.8571,0.0000,1000,254,1000,1,991.5686
61570.0000,6157,2456.8239,0.0000,1000,252,1000,1,991.5700
61580.0000,6158,2456.7914,0.0000,1000,264,1000,1,991.5714
61590.0000,6159,2456.7609,0.0000,1000,272,1000,1,991.5727
61600.0000,6160,2456.7313,0.0000,1000,275,1000,1,991.5741
61610.0000,6161,2456.7013,0.0000,1000,271,1000,1,991.5755
61620.0000,6162,2456.6706,0.0000,1000,265,1000,1,991.5768
61630.0000,6163,2456.6391,0.0000,1000,263,1000,1,991.5782
61640.0000,6164,2456.6074,0.0000,1000,260,1000,1,991.5796
61650.0000,6165,2456.5754,0.0000,1000,256,1000,1,991.5809
61660.0000,6166,2456.5427,0.0000,1000,256,1000,1,991.5823
61670.0000,6167,2456.5096,0.0000,1000,249,1000,1,991.5837
61680.0000,6168,2456.4758,0.0000,1000,247,1000,1,991.5850
61690.0000,6169,2456.4421,0.0000,1000,250,1000,1,991.5864
61700.0000,6170,2456.4089,0.0000,1000,254,1000,1,991.5878
61710.0000,6171,2456.3753,0.0000,1000,246,1000,1,991.5891
61720.0000,6172,2456.3414,0.0000,1000,246,1000,1,991.5905
61730.0000,6173,2456.3069,0.0000,1000,241,1000,1,991.5918
61740.0000,6174,2456.2719,0.0000,1000,237,1000,1,991.5932
61750.0000,6175,2456.2364,0.0000,1000,236,1000,1,991.5946
61760.0000,6176,2456.2007,0.0000,1000,233,1000,1,991.5959
61770.0000,6177,2456.1650,0.0000,1000,235,1000,1,991.5973
61780.0000,6178,2456.1291,0.0000,1000,244,1000,1,991.5986
61790.0000,6179,2456.0948,0.0000,1000,246,1000,1,991.6000
61800.0000,6180,2456.0609,0.0000,1000,245,1000,1,991.6014
61810.0000,6181,2456.0276,0.0000,1000,253,1000,1,991.6027
61820.0000,6182,2455.9948,0.0000,1000,257,1000,1,991.6041
61830.0000,6183,2455.9627,0.0000,1000,260,1000,1,991.6054
61840.0000,6184,2455.9309,0.0000,1000,256,1000,1,991.6068
61850.0000,6185,2455.8984,0.0000,1000,252,1000,1,991.6082
61860.0000,6186,2455.8649,0.0000,1000,249,1000,1,991.6095
61870.0000,6187,2455.8321,0.0000,1000,255,1000,1,991.6109
61880.0000,6188,2455.7997,0.0000,1000,256,1000,1,991.6122
61890.0000,6189,2455.7673,0.0000,1000,257,1000,1,991.6136
61900.0000,6190,2455.7344,0.0000,1000,247,1000,1,991.6149
61910.0000,6191,2455.7011,0.0000,1000,249,1000,1,991.6163
61920.0000,6192,2455.6682,0.0000,1000,251,1000,1,991.6176
61930.0000,6193,2455.6348,0.0000,1000,245,1000,1,991.6190
61940.0000,6194,2455.6004,0.0000,1000,243,1000,1,991.6204
61950.0000,6195,2455.5661,0.0000,1000,243,1000,1,991.6217
61960.0000,6196,2455.5315,0.0000,1000,239,1000,1,991.6231
61970.0000,6197,2455.4966,0.0000,1000,239,1000,1,991.6244
61980.0000,6198,2455.4620,0.0000,1000,246,1000,1,991.6258
61990.0000,6199,2455.4278,0.0000,1000,242,1000,1,991.6271
62000.0000,6200,2455.3932,0.0000,1000,240,1000,1,991.6285
62010.0000,6201,2455.3585,0.0000,1000,245,1000,1,991.6298
62020.0000,6202,2455.3251,0.0000,1000,248,1000,1,991.6312
62030.0000,6203,2455.2911,0.0000,1000,238,1000,1,991.6325
62040.0000,6204,2455.2558,0.0000,1000,237,1000,1,991.6339
62050.0000,6205,2455.2204,0.0000,1000,235,1000,1,991.6352
62060.0000,6206,2455.1847,0.0000,1000,233,1000,1,991.6366
62070.0000,6207,2455.1496,0.0000,1000,242,1000,1,991.6379
62080.0000,6208,2455.1151,0.0000,1000,238,1000,1,991.6392
62090.0000,6209,2455.0800,0.0000,1000,236,1000,1,991.6406
62100.0000,6210,2455.0446,0.0000,1000,234,1000,1,991.6419
62110.0000,6211,2455.0092,0.0000,1000,235,1000,1,991.6433
62120.0000,6212,2454.9736,0.0000,1000,236,1000,1,991.6446
62130.0000,6213,2454.9387,0.0000,1000,237,1000,1,991.6460
62140.0000,6214,2454.9029,0.0000,1000,232,1000,1,991.6473
62150.0000,6215,2454.8678,0.0000,1000,236,1000,1,991.6487
62160.0000,6216,2454.8323,0.0000,1000,234,1000,1,991.6500
62170.0000,6217,2454.7970,0.0000,1000,236,1000,1,991.6514
62180.0000,6218,2454.7622,0.0000,1000,241,1000,1,991.6527
62190.0000,6219,2454.7285,0.0000,1000,249,1000,1,991.6540
62200.0000,6220,2454.6951,0.0000,1000,247,1000,1,991.6554
62210.0000,6221,2454.6617,0.0000,1000,249,1000,1,991.6567
62220.0000,6222,2454.6281,0.0000,1000,241,1000,1,991.6581
62230.0000,6223,2454.5946,0.0000,1000,250,1000,1,991.6594
62240.0000,6224,2454.5619,0.0000,1000,255,1000,1,991.6607
62250.0000,6225,2454.5292,0.0000,1000,251,1000,1,991.6621
62260.0000,6226,2454.4960,0.0000,1000,244,1000,1,991.6634
62270.0000,6227,2454.4627,0.0000,1000,249,1000,1,991.6648
62280.0000,6228,2454.4296,0.0000,1000,245,1000,1,991.6661
62290.0000,6229,2454.3965,0.0000,1000,252,1000,1,991.6674
62300.0000,6230,2454.3636,0.0000,1000,246,1000,1,991.6688
62310.0000,6231,2454.3298,0.0000,1000,243,1000,1,991.6701
62320.0000,6232,2454.2958,0.0000,1000,244,1000,1,991.6714
62330.0000,6233,2454.2619,0.0000,1000,242,1000,1,991.6728
62340.0000,6234,2454.2282,0.0000,1000,248,1000,1,991.6741
62350.0000,6235,2454.1949,0.0000,1000,243,1000,1,991.6755
62360.0000,6236,2454.1604,0.0000,1000,236,1000,1,991.6768
62370.0000,6237,2454.1253,0.0000,1000,236,1000,1,991.6781
62380.0000,6238,2454.0906,0.0000,1000,235,1000,1,991.6795
62390.0000,6239,2454.0554,0.0000,1000,231,1000,1,991.6808
62400.0000,6240,2454.0192,0.0000,1000,224,1000,1,991.6821
62410.0000,6241,2453.9817,0.0000,1000,216,1000,1,991.6835
62420.0000,6242,2453.9436,0.0000,1000,214,1000,1,991.6848
62430.0000,6243,2453.9055,0.0000,1000,215,1000,1,991.6861
62440.0000,6244,2453.8670,0.0000,1000,213,1000,1,991.6875
62450.0000,6245,2453.8279,0.0000,1000,210,1000,1,991.6888
62460.0000,6246,2453.7888,0.0000,1000,206,1000,1,991.6901
62470.0000,6247,2453.7483,0.0000,1000,200,1000,1,991.6914
62480.0000,6248,2453.7076,0.0000,1000,195,1000,1,991.6928
62490.0000,6249,2453.6665,0.0000,1000,192,1000,1,991.6941
62500.0000,6250,2453.6248,0.0000,1000,192,1000,1,991.6954
62510.0000,6251,2453.5833,0.0000,1000,195,1000,1,991.6968
62520.0000,6252,2453.5421,0.0000,1000,199,1000,1,991.6981
62530.0000,6253,2453.5012,0.0000,1000,194,1000,1,991.6994
62540.0000,6254,2453.4600,0.0000,1000,197,1000,1,991.7007
62550.0000,6255,2453.4189,0.0000,1000,199,1000,1,991.7021
62560.0000,6256,2453.3780,0.0000,1000,196,1000,1,991.7034
62570.0000,6257,2453.3366,0.0000,1000,193,1000,1,991.7047
62580.0000,6258,2453.2955,0.0000,1000,199,1000,1,991.7060
62590.0000,6259,2453.2546,0.0000,1000,194,1000,1,991.7074
62600.0000,6260,2453.2133,0.0000,1000,196,1000,1,991.7087
62610.0000,6261,2453.1716,0.0000,1000,191,1000,1,991.7100
62620.0000,6262,2453.1302,0.0000,1000,193,1000,1,991.7113
62630.0000,6263,2453.0897,0.0000,1000,203,1000,1,991.7127
62640.0000,6264,2453.0500,0.0000,1000,206,1000,1,991.7140
62650.0000,6265,2453.0111,0.0000,1000,211,1000,1,991.7153
62660.0000,6266,2452.9733,0.0000,1000,220,1000,1,991.7166
62670.0000,6267,2452.9365,0.0000,1000,225,1000,1,991.7180
62680.0000,6268,2452.9001,0.0000,1000,225,1000,1,991.7193
62690.0000,6269,2452.8635,0.0000,1000,223,1000,1,991.7206
62700.0000,6270,2452.8261,0.0000,1000,219,1000,1,991.7219
62710.0000,6271,2452.7888,0.0000,1000,217,1000,1,991.7232
62720.0000,6272,2452.7514,0.0000,1000,219,1000,1,991.7246
62730.0000,6273,2452.7136,0.0000,1000,213,1000,1,991.7259
62740.0000,6274,2452.6751,0.0000,1000,212,1000,1,991.7272
62750.0000,6275,2452.6372,0.0000,1000,217,1000,1,991.7285
62760.0000,6276,2452.5994,0.0000,1000,214,1000,1,991.7298
62770.0000,6277,2452.5615,0.0000,1000,215,1000,1,991.7312
62780.0000,6278,2452.5234,0.0000,1000,212,1000,1,991.7325
62790.0000,6279,2452.4851,0.0000,1000,213,1000,1,991.7338
62800.0000,6280,2452.4469,0.0000,1000,211,1000,1,991.7351
62810.0000,6281,2452.4085,0.0000,1000,214,1000,1,991.7364
62820.0000,6282,2452.3709,0.0000,1000,216,1000,1,991.7377
62830.0000,6283,2452.3336,0.0000,1000,218,1000,1,991.7391
62840.0000,6284,2452.2963,0.0000,1000,220,1000,1,991.7404
62850.0000,6285,2452.2590,0.0000,1000,213,1000,1,991.7417
62860.0000,6286,2452.2210,0.0000,1000,211,1000,1,991.7430
62870.0000,6287,2452.1830,0.0000,1000,214,1000,1,991.7443
62880.0000,6288,2452.1452,0.0000,1000,215,1000,1,991.7456
62890.0000,6289,2452.1075,0.0000,1000,214,1000,1,991.7469
62900.0000,6290,2452.0701,0.0000,1000,218,1000,1,991.7482
62910.0000,6291,2452.0326,0.0000,1000,212,1000,1,991.7496
62920.0000,6292,2451.9948,0.0000,1000,214,1000,1,991.7509
62930.0000,6293,2451.9573,0.0000,1000,219,1000,1,991.7522
62940.0000,6294,2451.9213,0.0000,1000,227,1000,1,991.7535
62950.0000,6295,2451.8861,0.0000,1000,232,1000,1,991.7548
62960.0000,6296,2451.8512,0.0000,1000,235,1000,1,991.7561
62970.0000,6297,2451.8165,0.0000,1000,233,1000,1,991.7574
62980.0000,6298,2451.7817,0.0000,1000,233,1000,1,991.7587
62990.0000,6299,2451.7472,0.0000,1000,233,1000,1,991.7600
63000.0000,6300,2451.7130,0.0000,1000,239,1000,1,991.7613
63010.0000,6301,2451.6789,0.0000,1000,232,1000,1,991.7627
63020.0000,6302,2451.6446,0.0000,1000,234,1000,1,991.7640
63030.0000,6303,2451.6102,0.0000,1000,234,1000,1,991.7653
63040.0000,6304,2451.5752,0.0000,1000,230,1000,1,991.7666
63050.0000,6305,2451.5402,0.0000,1000,233,1000,1,991.7679
63060.0000,6306,2451.5059,0.0000,1000,236,1000,1,991.7692
63070.0000,6307,2451.4717,0.0000,1000,233,1000,1,991.7705
63080.0000,6308,2451.4373,0.0000,1000,238,1000,1,991.7718
63090.0000,6309,2451.4032,0.0000,1000,237,1000,1,991.7731
63100.0000,6310,2451.3701,0.0000,1000,246,1000,1,991.7744
63110.0000,6311,2451.3370,0.0000,1000,237,1000,1,991.7757
63120.0000,6312,2451.3025,0.0000,1000,235,1000,1,991.7770
63130.0000,6313,2451.2681,0.0000,1000,234,1000,1,991.7783
63140.0000,6314,2451.2340,0.0000,1000,238,1000,1,991.7796
63150.0000,6315,2451.2000,0.0000,1000,234,1000,1,991.7809
63160.0000,6316,2451.1654,0.0000,1000,234,1000,1,991.7822
63170.0000,6317,2451.1309,0.0000,1000,232,1000,1,991.7835
63180.0000,6318,2451.0960,0.0000,1000,227,1000,1,991.7848
63190.0000,6319,2451.0612,0.0000,1000,233,1000,1,991.7861
63200.0000,6320,2451.0265,0.0000,1000,230,1000,1,991.7874
63210.0000,6321,2450.9910,0.0000,1000,226,1000,1,991.7887
63220.0000,6322,2450.9554,0.0000,1000,228,1000,1,991.7900
63230.0000,6323,2450.9207,0.0000,1000,234,1000,1,991.7913
63240.0000,6324,2450.8863,0.0000,1000,232,1000,1,991.7926
63250.0000,6325,2450.8512,0.0000,1000,228,1000,1,991.7939
63260.0000,6326,2450.8162,0.0000,1000,231,1000,1,991.7952
63270.0000,6327,2450.7806,0.0000,1000,221,1000,1,991.7965
63280.0000,6328,2450.7442,0.0000,1000,220,1000,1,991.7978
63290.0000,6329,2450.7069,0.0000,1000,215,1000,1,991.7991
63300.0000,6330,2450.6694,0.0000,1000,214,1000,1,991.8004
63310.0000,6331,2450.6323,0.0000,1000,219,1000,1,991.8017
63320.0000,6332,2450.5956,0.0000,1000,217,1000,1,991.8030
63330.0000,6333,2450.5589,0.0000,1000,217,1000,1,991.8043
63340.0000,6334,2450.5222,0.0000,1000,216,1000,1,991.8056
63350.0000,6335,2450.4852,0.0000,1000,215,1000,1,991.8069
63360.0000,6336,2450.4480,0.0000,1000,212,1000,1,991.8082
63370.0000,6337,2450.4099,0.0000,1000,203,1000,1,991.8094
63380.0000,6338,2450.3709,0.0000,1000,205,1000,1,991.8107
63390.0000,6339,2450.3318,0.0000,1000,199,1000,1,991.8120
63400.0000,6340,2450.2921,0.0000,1000,197,1000,1,991.8133
63410.0000,6341,2450.2528,0.0000,1000,200,1000,1,991.8146
63420.0000,6342,2450.2134,0.0000,1000,198,1000,1,991.8159
63430.0000,6343,2450.1741,0.0000,1000,203,1000,1,991.8172
63440.0000,6344,2450.1353,0.0000,1000,205,1000,1,991.8185
63450.0000,6345,2450.0962,0.0000,1000,198,1000,1,991.8198
63460.0000,6346,2450.0557,0.0000,1000,192,1000,1,991.8211
63470.0000,6347,2450.0152,0.0000,1000,194,1000,1,991.8224
63480.0000,6348,2449.9749,0.0000,1000,193,1000,1,991.8236
63490.0000,6349,2449.9342,0.0000,1000,191,1000,1,991.8249
63500.0000,6350,2449.8933,0.0000,1000,192,1000,1,991.8262
63510.0000,6351,2449.8526,0.0000,1000,192,1000,1,991.8275
63520.0000,6352,2449.8120,0.0000,1000,192,1000,1,991.8288
63530.0000,6353,2449.7714,0.0000,1000,193,1000,1,991.8301
63540.0000,6354,2449.7307,0.0000,1000,193,1000,1,991.8314
63550.0000,6355,2449.6904,0.0000,1000,191,1000,1,991.8326
63560.0000,6356,2449.6495,0.0000,1000,189,1000,1,991.8339
63570.0000,6357,2449.6083,0.0000,1000,189,1000,1,991.8352
63580.0000,6358,2449.5669,0.0000,1000,184,1000,1,991.8365
63590.0000,6359,2449.5255,0.0000,1000,190,1000,1,991.8378
63600.0000,6360,2449.4851,0.0000,1000,190,1000,1,991.8391
63610.0000,6361,2449.4444,0.0000,1000,192,1000,1,991.8403
63620.0000,6362,2449.4034,0.0000,1000,183,1000,1,991.8416
63630.0000,6363,2449.3612,0.0000,1000,178,1000,1,991.8429
63640.0000,6364,2449.3178,0.0000,1000,171,1000,1,991.8442
63650.0000,6365,2449.2736,0.0000,1000,164,1000,1,991.8455
63660.0000,6366,2449.2288,0.0000,1000,164,1000,1,991.8468
63670.0000,6367,2449.1842,0.0000,1000,163,1000,1,991.8480
63680.0000,6368,2449.1398,0.0000,1000,171,1000,1,991.8493
63690.0000,6369,2449.0960,0.0000,1000,169,1000,1,991.8506
63700.0000,6370,2449.0521,0.0000,1000,168,1000,1,991.8519
63710.0000,6371,2449.0076,0.0000,1000,163,1000,1,991.8532
63720.0000,6372,2448.9621,0.0000,1000,160,1000,1,991.8544
63730.0000,6373,2448.9170,0.0000,1000,157,1000,1,991.8557
63740.0000,6374,2448.8712,0.0000,1000,157,1000,1,991.8570
63750.0000,6375,2448.8261,0.0000,1000,164,1000,1,991.8583
63760.0000,6376,2448.7814,0.0000,1000,163,1000,1,991.8595
63770.0000,6377,2448.7361,0.0000,1000,160,1000,1,991.8608
63780.0000,6378,2448.6917,0.0000,1000,171,1000,1,991.8621
63790.0000,6379,2448.6471,0.0000,1000,158,1000,1,991.8634
63800.0000,6380,2448.6018,0.0000,1000,159,1000,1,991.8646
63810.0000,6381,2448.5564,0.0000,1000,159,1000,1,991.8659
63820.0000,6382,2448.5110,0.0000,1000,159,1000,1,991.8672
63830.0000,6383,2448.4659,0.0000,1000,161,1000,1,991.8685
63840.0000,6384,2448.4209,0.0000,1000,161,1000,1,991.8697
63850.0000,6385,2448.3760,0.0000,1000,163,1000,1,991.8710
63860.0000,6386,2448.3314,0.0000,1000,163,1000,1,991.8723
63870.0000,6387,2448.2872,0.0000,1000,169,1000,1,991.8736
63880.0000,6388,2448.2436,0.0000,1000,172,1000,1,991.8748
63890.0000,6389,2448.2001,0.0000,1000,170,1000,1,991.8761
63900.0000,6390,2448.1568,0.0000,1000,174,1000,1,991.8774
63910.0000,6391,2448.1146,0.0000,1000,179,1000,1,991.8787
63920.0000,6392,2448.0721,0.0000,1000,177,1000,1,991.8799
63930.0000,6393,2448.0297,0.0000,1000,180,1000,1,991.8812
63940.0000,6394,2447.9875,0.0000,1000,176,1000,1,991.8825
63950.0000,6395,2447.9454,0.0000,1000,182,1000,1,991.8837
63960.0000,6396,2447.9041,0.0000,1000,184,1000,1,991.8850
63970.0000,6397,2447.8626,0.0000,1000,180,1000,1,991.8863
63980.0000,6398,2447.8202,0.0000,1000,174,1000,1,991.8875
63990.0000,6399,2447.7773,0.0000,1000,173,1000,1,991.8888
64000.0000,6400,2447.7344,0.0000,1000,173,1000,1,991.8901
64010.0000,6401,2447.6912,0.0000,1000,167,1000,1,991.8913
64020.0000,6402,2447.6466,0.0000,1000,160,1000,1,991.8926
64030.0000,6403,2447.6021,0.0000,1000,162,1000,1,991.8939
64040.0000,6404,2447.5575,0.0000,1000,160,1000,1,991.8951
64050.0000,6405,2447.5130,0.0000,1000,166,1000,1,991.8964
64060.0000,6406,2447.4694,0.0000,1000,166,1000,1,991.8977
64070.0000,6407,2447.4252,0.0000,1000,160,1000,1,991.8989
64080.0000,6408,2447.3796,0.0000,1000,152,1000,1,991.9002
64090.0000,6409,2447.3337,0.0000,1000,154,1000,1,991.9015
64100.0000,6410,2447.2882,0.0000,1000,152,1000,1,991.9027
64110.0000,6411,2447.2419,0.0000,1000,152,1000,1,991.9040
64120.0000,6412,2447.1959,0.0000,1000,152,1000,1,991.9052
64130.0000,6413,2447.1503,0.0000,1000,159,1000,1,991.9065
64140.0000,6414,2447.1055,0.0000,1000,154,1000,1,991.9078
64150.0000,6415,2447.0600,0.0000,1000,154,1000,1,991.9090
64160.0000,6416,2447.0152,0.0000,1000,163,1000,1,991.9103
64170.0000,6417,2446.9707,0.0000,1000,161,1000,1,991.9116
64180.0000,6418,2446.9263,0.0000,1000,162,1000,1,991.9128
64190.0000,6419,2446.8812,0.0000,1000,152,1000,1,991.9141
64200.0000,6420,2446.8346,0.0000,1000,145,1000,1,991.9153
64210.0000,6421,2446.7869,0.0000,1000,142,1000,1,991.9166
64220.0000,6422,2446.7394,0.0000,1000,145,1000,1,991.9179
64230.0000,6423,2446.6927,0.0000,1000,151,1000,1,991.9191
64240.0000,6424,2446.6462,0.0000,1000,147,1000,1,991.9204
64250.0000,6425,2446.5998,0.0000,1000,147,1000,1,991.9216
64260.0000,6426,2446.5533,0.0000,1000,149,1000,1,991.9229
64270.0000,6427,2446.5064,0.0000,1000,144,1000,1,991.9241
64280.0000,6428,2446.4590,0.0000,1000,142,1000,1,991.9254
64290.0000,6429,2446.4119,0.0000,1000,142,1000,1,991.9267
64300.0000,6430,2446.3647,0.0000,1000,144,1000,1,991.9279
64310.0000,6431,2446.3171,0.0000,1000,138,1000,1,991.9292
64320.0000,6432,2446.2694,0.0000,1000,139,1000,1,991.9304
64330.0000,6433,2446.2210,0.0000,1000,130,1000,1,991.9317
64340.0000,6434,2446.1715,0.0000,1000,126,1000,1,991.9329
64350.0000,6435,2446.1217,0.0000,1000,128,1000,1,991.9342
64360.0000,6436,2446.0718,0.0000,1000,121,1000,1,991.9354
64370.0000,6437,2446.0210,0.0000,1000,118,1000,1,991.9367
64380.0000,6438,2445.9698,0.0000,1000,112,1000,1,991.9379
64390.0000,6439,2445.9187,0.0000,1000,119,1000,1,991.9392
64400.0000,6440,2445.8675,0.0000,1000,111,1000,1,991.9404
64410.0000,6441,2445.8153,0.0000,1000,109,1000,1,991.9417
64420.0000,6442,2445.7630,0.0000,1000,110,1000,1,991.9429
64430.0000,6443,2445.7114,0.0000,1000,112,1000,1,991.9442
64440.0000,6444,2445.6598,0.0000,1000,114,1000,1,991.9454
64450.0000,6445,2445.6082,0.0000,1000,108,1000,1,991.9467
64460.0000,6446,2445.5557,0.0000,1000,108,1000,1,991.9479
64470.0000,6447,2445.5028,0.0000,1000,103,1000,1,991.9492
64480.0000,6448,2445.4493,0.0000,1000,98,1000,1,991.9504
64490.0000,6449,2445.3957,0.0000,1000,104,1000,1,991.9517
64500.0000,6450,2445.3428,0.0000,1000,104,1000,1,991.9529
64510.0000,6451,2445.2895,0.0000,1000,100,1000,1,991.9542
64520.0000,6452,2445.2356,0.0000,1000,98,1000,1,991.9554
64530.0000,6453,2445.1821,0.0000,1000,102,1000,1,991.9567
64540.0000,6454,2445.1293,0.0000,1000,107,1000,1,991.9579
64550.0000,6455,2445.0769,0.0000,1000,108,1000,1,991.9592
64560.0000,6456,2445.0245,0.0000,1000,108,1000,1,991.9604
64570.0000,6457,2444.9721,0.0000,1000,103,1000,1,991.9617
64580.0000,6458,2444.9191,0.0000,1000,102,1000,1,991.9629
64590.0000,6459,2444.8663,0.0000,1000,103,1000,1,991.9642
64600.0000,6460,2444.8138,0.0000,1000,109,1000,1,991.9654
64610.0000,6461,2444.7617,0.0000,1000,107,1000,1,991.9666
64620.0000,6462,2444.7090,0.0000,1000,106,1000,1,991.9679
64630.0000,6463,2444.6564,0.0000,1000,104,1000,1,991.9691
64640.0000,6464,2444.6043,0.0000,1000,109,1000,1,991.9704
64650.0000,6465,2444.5519,0.0000,1000,106,1000,1,991.9716
64660.0000,6466,2444.4991,0.0000,1000,106,1000,1,991.9729
64670.0000,6467,2444.4466,0.0000,1000,106,1000,1,991.9741
64680.0000,6468,2444.3944,0.0000,1000,108,1000,1,991.9753
64690.0000,6469,2444.3424,0.0000,1000,109,1000,1,991.9766
64700.0000,6470,2444.2905,0.0000,1000,109,1000,1,991.9778
64710.0000,6471,2444.2390,0.0000,1000,115,1000,1,991.9791
64720.0000,6472,2444.1876,0.0000,1000,108,1000,1,991.9803
64730.0000,6473,2444.1358,0.0000,1000,111,1000,1,991.9815
64740.0000,6474,2444.0841,0.0000,1000,107,1000,1,991.9828
64750.0000,6475,2444.0319,0.0000,1000,108,1000,1,991.9840
64760.0000,6476,2443.9804,0.0000,1000,114,1000,1,991.9852
64770.0000,6477,2443.9296,0.0000,1000,119,1000,1,991.9865
64780.0000,6478,2443.8799,0.0000,1000,120,1000,1,991.9877
64790.0000,6479,2443.8292,0.0000,1000,115,1000,1,991.9890
64800.0000,6480,2443.7788,0.0000,1000,118,1000,1,991.9902
64810.0000,6481,2443.7287,0.0000,1000,120,1000,1,991.9914
64820.0000,6482,2443.6799,0.0000,1000,131,1000,1,991.9927
64830.0000,6483,2443.6325,0.0000,1000,137,1000,1,991.9939
64840.0000,6484,2443.5844,0.0000,1000,130,1000,1,991.9951
64850.0000,6485,2443.5365,0.0000,1000,132,1000,1,991.9964
64860.0000,6486,2443.4885,0.0000,1000,135,1000,1,991.9976
64870.0000,6487,2443.4409,0.0000,1000,138,1000,1,991.9988
64880.0000,6488,2443.3942,0.0000,1000,144,1000,1,992.0001
64890.0000,6489,2443.3473,0.0000,1000,140,1000,1,992.0013
64900.0000,6490,2443.3007,0.0000,1000,142,1000,1,992.0025
64910.0000,6491,2443.2542,0.0000,1000,135,1000,1,992.0038
64920.0000,6492,2443.2066,0.0000,1000,132,1000,1,992.0050
64930.0000,6493,2443.1598,0.0000,1000,140,1000,1,992.0062
64940.0000,6494,2443.1136,0.0000,1000,143,1000,1,992.0075
64950.0000,6495,2443.0673,0.0000,1000,142,1000,1,992.0087
64960.0000,6496,2443.0213,0.0000,1000,147,1000,1,992.0099
64970.0000,6497,2442.9767,0.0000,1000,160,1000,1,992.0112
64980.0000,6498,2442.9331,0.0000,1000,159,1000,1,992.0124
64990.0000,6499,2442.8900,0.0000,1000,168,1000,1,992.0136
65000.0000,6500,2442.8474,0.0000,1000,165,1000,1,992.0148
65010.0000,6501,2442.8043,0.0000,1000,165,1000,1,992.0161
65020.0000,6502,2442.7614,0.0000,1000,161,1000,1,992.0173
65030.0000,6503,2442.7178,0.0000,1000,160,1000,1,992.0185
65040.0000,6504,2442.6736,0.0000,1000,149,1000,1,992.0198
65050.0000,6505,2442.6285,0.0000,1000,151,1000,1,992.0210
65060.0000,6506,2442.5839,0.0000,1000,156,1000,1,992.0222
65070.0000,6507,2442.5396,0.0000,1000,151,1000,1,992.0234
65080.0000,6508,2442.4948,0.0000,1000,148,1000,1,992.0247
65090.0000,6509,2442.4493,0.0000,1000,148,1000,1,992.0259
65100.0000,6510,2442.4037,0.0000,1000,144,1000,1,992.0271
65110.0000,6511,2442.3587,0.0000,1000,150,1000,1,992.0283
65120.0000,6512,2442.3139,0.0000,1000,148,1000,1,992.0296
65130.0000,6513,2442.2685,0.0000,1000,144,1000,1,992.0308
65140.0000,6514,2442.2229,0.0000,1000,148,1000,1,992.0320
65150.0000,6515,2442.1777,0.0000,1000,145,1000,1,992.0332
65160.0000,6516,2442.1321,0.0000,1000,145,1000,1,992.0344
65170.0000,6517,2442.0867,0.0000,1000,149,1000,1,992.0357
65180.0000,6518,2442.0416,0.0000,1000,149,1000,1,992.0369
65190.0000,6519,2441.9968,0.0000,1000,151,1000,1,992.0381
65200.0000,6520,2441.9520,0.0000,1000,145,1000,1,992.0393
65210.0000,6521,2441.9069,0.0000,1000,148,1000,1,992.0406
65220.0000,6522,2441.8618,0.0000,1000,148,1000,1,992.0418
65230.0000,6523,2441.8171,0.0000,1000,152,1000,1,992.0430
65240.0000,6524,2441.7724,0.0000,1000,148,1000,1,992.0442
65250.0000,6525,2441.7271,0.0000,1000,147,1000,1,992.0454
65260.0000,6526,2441.6820,0.0000,1000,149,1000,1,992.0467
65270.0000,6527,2441.6371,0.0000,1000,144,1000,1,992.0479
65280.0000,6528,2441.5910,0.0000,1000,138,1000,1,992.0491
65290.0000,6529,2441.5444,0.0000,1000,137,1000,1,992.0503
65300.0000,6530,2441.4976,0.0000,1000,139,1000,1,992.0515
65310.0000,6531,2441.4513,0.0000,1000,139,1000,1,992.0527
65320.0000,6532,2441.4052,0.0000,1000,143,1000,1,992.0540
65330.0000,6533,2441.3586,0.0000,1000,130,1000,1,992.0552
65340.0000,6534,2441.3105,0.0000,1000,126,1000,1,992.0564
65350.0000,6535,2441.2618,0.0000,1000,123,1000,1,992.0576
65360.0000,6536,2441.2119,0.0000,1000,108,1000,1,992.0588
65370.0000,6537,2441.1606,0.0000,1000,104,1000,1,992.0600
65380.0000,6538,2441.1095,0.0000,1000,106,1000,1,992.0613
65390.0000,6539,2441.0579,0.0000,1000,104,1000,1,992.0625
65400.0000,6540,2441.0057,0.0000,1000,98,1000,1,992.0637
65410.0000,6541,2440.9532,0.0000,1000,99,1000,1,992.0649
65420.0000,6542,2440.9009,0.0000,1000,100,1000,1,992.0661
65430.0000,6543,2440.8492,0.0000,1000,104,1000,1,992.0673
65440.0000,6544,2440.7976,0.0000,1000,98,1000,1,992.0685
65450.0000,6545,2440.7455,0.0000,1000,100,1000,1,992.0697
65460.0000,6546,2440.6939,0.0000,1000,106,1000,1,992.0710
65470.0000,6547,2440.6433,0.0000,1000,111,1000,1,992.0722
65480.0000,6548,2440.5929,0.0000,1000,111,1000,1,992.0734
65490.0000,6549,2440.5431,0.0000,1000,118,1000,1,992.0746
65500.0000,6550,2440.4935,0.0000,1000,117,1000,1,992.0758
65510.0000,6551,2440.4434,0.0000,1000,110,1000,1,992.0770
65520.0000,6552,2440.3925,0.0000,1000,109,1000,1,992.0782
65530.0000,6553,2440.3418,0.0000,1000,102,1000,1,992.0794
65540.0000,6554,2440.2898,0.0000,1000,97,1000,1,992.0806
65550.0000,6555,2440.2382,0.0000,1000,102,1000,1,992.0818
65560.0000,6556,2440.1868,0.0000,1000,103,1000,1,992.0830
65570.0000,6557,2440.1359,0.0000,1000,109,1000,1,992.0843
65580.0000,6558,2440.0852,0.0000,1000,106,1000,1,992.0855
65590.0000,6559,2440.0337,0.0000,1000,103,1000,1,992.0867
65600.0000,6560,2439.9826,0.0000,1000,103,1000,1,992.0879
65610.0000,6561,2439.9315,0.0000,1000,103,1000,1,992.0891
65620.0000,6562,2439.8798,0.0000,1000,102,1000,1,992.0903
65630.0000,6563,2439.8285,0.0000,1000,102,1000,1,992.0915
65640.0000,6564,2439.7768,0.0000,1000,98,1000,1,992.0927
65650.0000,6565,2439.7248,0.0000,1000,98,1000,1,992.0939
65660.0000,6566,2439.6727,0.0000,1000,98,1000,1,992.0951
65670.0000,6567,2439.6206,0.0000,1000,97,1000,1,992.0963
65680.0000,6568,2439.5686,0.0000,1000,95,1000,1,992.0975
65690.0000,6569,2439.5160,0.0000,1000,91,1000,1,992.0987
65700.0000,6570,2439.4628,0.0000,1000,87,1000,1,992.0999
65710.0000,6571,2439.4096,0.0000,1000,91,1000,1,992.1011
65720.0000,6572,2439.3558,0.0000,1000,88,1000,1,992.1023
65730.0000,6573,2439.3024,0.0000,1000,88,1000,1,992.1035
65740.0000,6574,2439.2488,0.0000,1000,89,1000,1,992.1047
65750.0000,6575,2439.1957,0.0000,1000,92,1000,1,992.1059
65760.0000,6576,2439.1425,0.0000,1000,90,1000,1,992.1071
65770.0000,6577,2439.0895,0.0000,1000,92,1000,1,992.1083
65780.0000,6578,2439.0369,0.0000,1000,94,1000,1,992.1095
65790.0000,6579,2438.9845,0.0000,1000,94,1000,1,992.1107
65800.0000,6580,2438.9320,0.0000,1000,93,1000,1,992.1119
65810.0000,6581,2438.8797,0.0000,1000,93,1000,1,992.1131
65820.0000,6582,2438.8268,0.0000,1000,90,1000,1,992.1143
65830.0000,6583,2438.7730,0.0000,1000,80,1000,1,992.1155
65840.0000,6584,2438.7180,0.0000,1000,80,1000,1,992.1167
65850.0000,6585,2438.6636,0.0000,1000,82,1000,1,992.1179
65860.0000,6586,2438.6093,0.0000,1000,81,1000,1,992.1191
65870.0000,6587,2438.5551,0.0000,1000,85,1000,1,992.1203
65880.0000,6588,2438.5012,0.0000,1000,84,1000,1,992.1215
65890.0000,6589,2438.4472,0.0000,1000,88,1000,1,992.1227
65900.0000,6590,2438.3935,0.0000,1000,82,1000,1,992.1239
65910.0000,6591,2438.3395,0.0000,1000,84,1000,1,992.1251
65920.0000,6592,2438.2860,0.0000,1000,84,1000,1,992.1263
65930.0000,6593,2438.2326,0.0000,1000,89,1000,1,992.1275
65940.0000,6594,2438.1799,0.0000,1000,89,1000,1,992.1287
65950.0000,6595,2438.1272,0.0000,1000,90,1000,1,992.1299
65960.0000,6596,2438.0737,0.0000,1000,83,1000,1,992.1311
65970.0000,6597,2438.0199,0.0000,1000,82,1000,1,992.1323
65980.0000,6598,2437.9659,0.0000,1000,81,1000,1,992.1334
65990.0000,6599,2437.9115,0.0000,1000,77,1000,1,992.1346
66000.0000,6600,2437.8566,0.0000,1000,72,1000,1,992.1358
66010.0000,6601,2437.8016,0.0000,1000,77,1000,1,992.1370
66020.0000,6602,2437.7466,0.0000,1000,73,1000,1,992.1382
66030.0000,6603,2437.6920,0.0000,1000,82,1000,1,992.1394
66040.0000,6604,2437.6383,0.0000,1000,85,1000,1,992.1406
66050.0000,6605,2437.5843,0.0000,1000,81,1000,1,992.1418
66060.0000,6606,2437.5296,0.0000,1000,76,1000,1,992.1430
66070.0000,6607,2437.4752,0.0000,1000,82,1000,1,992.1442
66080.0000,6608,2437.4215,0.0000,1000,85,1000,1,992.1453
66090.0000,6609,2437.3680,0.0000,1000,83,1000,1,992.1465
66100.0000,6610,2437.3150,0.0000,1000,85,1000,1,992.1477
66110.0000,6611,2437.2620,0.0000,1000,89,1000,1,992.1489
66120.0000,6612,2437.2096,0.0000,1000,86,1000,1,992.1501
66130.0000,6613,2437.1567,0.0000,1000,90,1000,1,992.1513
66140.0000,6614,2437.1036,0.0000,1000,86,1000,1,992.1525
66150.0000,6615,2437.0507,0.0000,1000,88,1000,1,992.1537
66160.0000,6616,2436.9980,0.0000,1000,89,1000,1,992.1548
66170.0000,6617,2436.9451,0.0000,1000,87,1000,1,992.1560
66180.0000,6618,2436.8921,0.0000,1000,93,1000,1,992.1572
66190.0000,6619,2436.8403,0.0000,1000,93,1000,1,992.1584
66200.0000,6620,2436.7883,0.0000,1000,89,1000,1,992.1596
66210.0000,6621,2436.7364,0.0000,1000,95,1000,1,992.1608
66220.0000,6622,2436.6850,0.0000,1000,100,1000,1,992.1620
66230.0000,6623,2436.6343,0.0000,1000,98,1000,1,992.1631
66240.0000,6624,2436.5828,0.0000,1000,93,1000,1,992.1643
66250.0000,6625,2436.5314,0.0000,1000,99,1000,1,992.1655
66260.0000,6626,2436.4802,0.0000,1000,95,1000,1,992.1667
66270.0000,6627,2436.4286,0.0000,1000,96,1000,1,992.1679
66280.0000,6628,2436.3773,0.0000,1000,101,1000,1,992.1690
66290.0000,6629,2436.3259,0.0000,1000,93,1000,1,992.1702
66300.0000,6630,2436.2741,0.0000,1000,92,1000,1,992.1714
66310.0000,6631,2436.2225,0.0000,1000,95,1000,1,992.1726
66320.0000,6632,2436.1704,0.0000,1000,87,1000,1,992.1738
66330.0000,6633,2436.1178,0.0000,1000,90,1000,1,992.1750
66340.0000,6634,2436.0655,0.0000,1000,90,1000,1,992.1761
66350.0000,6635,2436.0135,0.0000,1000,88,1000,1,992.1773
66360.0000,6636,2435.9614,0.0000,1000,90,1000,1,992.1785
66370.0000,6637,2435.9090,0.0000,1000,86,1000,1,992.1797
66380.0000,6638,2435.8564,0.0000,1000,92,1000,1,992.1808
66390.0000,6639,2435.8038,0.0000,1000,84,1000,1,992.1820
66400.0000,6640,2435.7509,0.0000,1000,85,1000,1,992.1832
66410.0000,6641,2435.6977,0.0000,1000,82,1000,1,992.1844
66420.0000,6642,2435.6439,0.0000,1000,77,1000,1,992.1856
66430.0000,6643,2435.5898,0.0000,1000,80,1000,1,992.1867
66440.0000,6644,2435.5358,0.0000,1000,70,1000,1,992.1879
66450.0000,6645,2435.4808,0.0000,1000,70,1000,1,992.1891
66460.0000,6646,2435.4259,0.0000,1000,72,1000,1,992.1903
66470.0000,6647,2435.3715,0.0000,1000,72,1000,1,992.1914
66480.0000,6648,2435.3169,0.0000,1000,72,1000,1,992.1926
66490.0000,6649,2435.2620,0.0000,1000,75,1000,1,992.1938
66500.0000,6650,2435.2075,0.0000,1000,73,1000,1,992.1950
66510.0000,6651,2435.1533,0.0000,1000,75,1000,1,992.1961
66520.0000,6652,2435.0987,0.0000,1000,71,1000,1,992.1973
66530.0000,6653,2435.0439,0.0000,1000,69,1000,1,992.1985
66540.0000,6654,2434.9886,0.0000,1000,67,1000,1,992.1996
66550.0000,6655,2434.9332,0.0000,1000,68,1000,1,992.2008
66560.0000,6656,2434.8783,0.0000,1000,69,1000,1,992.2020
66570.0000,6657,2434.8224,0.0000,1000,59,1000,1,992.2032
66580.0000,6658,2434.7654,0.0000,1000,53,1000,1,992.2043
66590.0000,6659,2434.7084,0.0000,1000,57,1000,1,992.2055
66600.0000,6660,2434.6512,0.0000,1000,50,1000,1,992.2067
66610.0000,6661,2434.5932,0.0000,1000,44,1000,1,992.2078
66620.0000,6662,2434.5347,0.0000,1000,46,1000,1,992.2090
66630.0000,6663,2434.4762,0.0000,1000,46,1000,1,992.2102
66640.0000,6664,2434.4181,0.0000,1000,48,1000,1,992.2114
66650.0000,6665,2434.3599,0.0000,1000,44,1000,1,992.2125
66660.0000,6666,2434.3012,0.0000,1000,41,1000,1,992.2137
66670.0000,6667,2434.2421,0.0000,1000,40,1000,1,992.2149
66680.0000,6668,2434.1829,0.0000,1000,38,1000,1,992.2160
66690.0000,6669,2434.1240,0.0000,1000,43,1000,1,992.2172
66700.0000,6670,2434.0653,0.0000,1000,39,1000,1,992.2184
66710.0000,6671,2434.0054,0.0000,1000,33,1000,1,992.2195
66720.0000,6672,2433.9449,0.0000,1000,30,1000,1,992.2207
66730.0000,6673,2433.8842,0.0000,1000,26,1000,1,992.2219
66740.0000,6674,2433.8226,0.0000,1000,24,1000,1,992.2230
66750.0000,6675,2433.7611,0.0000,1000,23,1000,1,992.2242
66760.0000,6676,2433.6997,0.0000,1000,26,1000,1,992.2254
66770.0000,6677,2433.6389,0.0000,1000,30,1000,1,992.2265
66780.0000,6678,2433.5780,0.0000,1000,25,1000,1,992.2277
66790.0000,6679,2433.5166,0.0000,1000,22,1000,1,992.2288
66800.0000,6680,2433.4547,0.0000,1000,18,1000,1,992.2300
66810.0000,6681,2433.3916,0.0000,1000,12,1000,1,992.2312
66820.0000,6682,2433.3292,0.0000,1000,19,1000,1,992.2323
66830.0000,6683,2433.2668,0.0000,1000,17,1000,1,992.2335
66840.0000,6684,2433.2042,0.0000,1000,12,1000,1,992.2347
66850.0000,6685,2433.1411,0.0000,1000,13,1000,1,992.2358
66860.0000,6686,2433.0783,0.0000,1000,11,1000,1,992.2370
66870.0000,6687,2433.0151,0.0000,1000,9,1000,1,992.2381
66880.0000,6688,2432.9514,0.0000,1000,7,1000,1,992.2393
66890.0000,6689,2432.8874,0.0000,1000,5,1000,1,992.2405
66900.0000,6690,2432.8235,0.0000,1000,5,1000,1,992.2416
66910.0000,6691,2432.7590,0.0000,1000,1,1000,1,992.2428
66920.0000,6692,2432.6949,0.0000,999,11,1000,1,992.2439
66930.0000,6693,2432.6320,0.0000,990,24,1000,1,992.2451
66940.0000,6694,2432.5703,0.0000,988,37,1000,1,992.2463
66950.0000,6695,2432.5111,0.0000,1000,44,1000,1,992.2474
66960.0000,6696,2432.4538,0.0000,999,56,1000,1,992.2486
66970.0000,6697,2432.3979,0.0000,996,65,1000,1,992.2497
66980.0000,6698,2432.3435,0.0000,997,76,1000,1,992.2509
66990.0000,6699,2432.2903,0.0000,996,87,1000,1,992.2520
67000.0000,6700,2432.2391,0.0000,998,95,1000,1,992.2532
67010.0000,6701,2432.1892,0.0000,1000,105,1000,1,992.2544
67020.0000,6702,2432.1412,0.0000,997,118,1000,1,992.2555
67030.0000,6703,2432.0945,0.0000,998,124,1000,1,992.2567
67040.0000,6704,2432.0487,0.0000,1000,129,1000,1,992.2578
67050.0000,6705,2432.0036,0.0000,996,139,1000,1,992.2590
67060.0000,6706,2431.9602,0.0000,997,150,1000,1,992.2601
67070.0000,6707,2431.9182,0.0000,998,158,1000,1,992.2613
67080.0000,6708,2431.8774,0.0000,999,162,1000,1,992.2624
67090.0000,6709,2431.8376,0.0000,999,174,1000,1,992.2636
67100.0000,6710,2431.7994,0.0000,997,180,1000,1,992.2647
67110.0000,6711,2431.7623,0.0000,995,191,1000,1,992.2659
67120.0000,6712,2431.7271,0.0000,997,205,1000,1,992.2671
67130.0000,6713,2431.6932,0.0000,993,212,1000,1,992.2682
67140.0000,6714,2431.6608,0.0000,998,224,1000,1,992.2694
67150.0000,6715,2431.6303,0.0000,995,233,1000,1,992.2705
67160.0000,6716,2431.6010,0.0000,997,245,1000,1,992.2717
67170.0000,6717,2431.5728,0.0000,995,254,1000,1,992.2728
67180.0000,6718,2431.5462,0.0000,996,261,1000,1,992.2740
67190.0000,6719,2431.5207,0.0000,998,267,1000,1,992.2751
67200.0000,6720,2431.4969,0.0000,995,280,1000,1,992.2763
67210.0000,6721,2431.4747,0.0000,998,291,1000,1,992.2774
67220.0000,6722,2431.4537,0.0000,995,295,1000,1,992.2786
67230.0000,6723,2431.4332,0.0000,990,310,1000,1,992.2797
67240.0000,6724,2431.4135,0.0000,982,317,1000,1,992.2809
67250.0000,6725,2431.3954,0.0000,986,329,1000,1,992.2820
67260.0000,6726,2431.3790,0.0000,987,340,1000,1,992.2831
67270.0000,6727,2431.3639,0.0000,990,345,1000,1,992.2843
67280.0000,6728,2431.3501,0.0000,990,357,1000,1,992.2854
67290.0000,6729,2431.3387,0.0000,994,366,1000,1,992.2866
67300.0000,6730,2431.3287,0.0000,991,379,1000,1,992.2877
67310.0000,6731,2431.3201,0.0000,987,388,1000,1,992.2889
67320.0000,6732,2431.3126,0.0000,994,398,1000,1,992.2900
67330.0000,6733,2431.3073,0.0000,990,410,1000,1,992.2912
67340.0000,6734,2431.3031,0.0000,983,423,1000,1,992.2923
67350.0000,6735,2431.3002,0.0000,988,432,1000,1,992.2935
67360.0000,6736,2431.2993,0.0000,989,442,1000,1,992.2946
67370.0000,6737,2431.3004,0.0000,995,451,1000,1,992.2957
67380.0000,6738,2431.3035,0.0000,998,456,1000,1,992.2969
67390.0000,6739,2431.3074,0.0000,998,465,1000,1,992.2980
67400.0000,6740,2431.3123,0.0000,992,476,1000,1,992.2992
67410.0000,6741,2431.3192,0.0000,998,486,1000,1,992.3003
67420.0000,6742,2431.3276,0.0000,999,491,1000,1,992.3015
67430.0000,6743,2431.3369,0.0000,999,500,1000,1,992.3026
67440.0000,6744,2431.3477,0.0000,1000,510,1000,1,992.3037
67450.0000,6745,2431.3596,0.0000,996,521,1000,1,992.3049
67460.0000,6746,2431.3728,0.0000,990,532,1000,1,992.3060
67470.0000,6747,2431.3874,0.0000,993,546,1000,1,992.3072
67480.0000,6748,2431.4044,0.0000,993,558,1000,1,992.3083
67490.0000,6749,2431.4225,0.0000,989,568,1000,1,992.3094
67500.0000,6750,2431.4418,0.0000,985,581,1000,1,992.3106
67510.0000,6751,2431.4630,0.0000,989,590,1000,1,992.3117
67520.0000,6752,2431.4864,0.0000,990,604,1000,1,992.3129
67530.0000,6753,2431.5108,0.0000,989,613,1000,1,992.3140
67540.0000,6754,2431.5369,0.0000,996,621,1000,1,992.3151
67550.0000,6755,2431.5646,0.0000,991,627,1000,1,992.3163
67560.0000,6756,2431.5941,0.0000,990,648,1000,1,992.3174
67570.0000,6757,2431.6262,0.0000,992,659,1000,1,992.3186
67580.0000,6758,2431.6599,0.0000,994,673,1000,1,992.3197
67590.0000,6759,2431.6956,0.0000,998,683,1000,1,992.3208
67600.0000,6760,2431.7331,0.0000,998,693,1000,1,992.3220
67610.0000,6761,2431.7715,0.0000,998,695,1000,1,992.3231
67620.0000,6762,2431.8103,0.0000,996,701,1000,1,992.3242
67630.0000,6763,2431.8502,0.0000,999,708,1000,1,992.3254
67640.0000,6764,2431.8912,0.0000,990,719,1000,1,992.3265
67650.0000,6765,2431.9328,0.0000,989,728,1000,1,992.3276
67660.0000,6766,2431.9762,0.0000,997,739,1000,1,992.3288
67670.0000,6767,2432.0216,0.0000,995,749,1000,1,992.3299
67680.0000,6768,2432.0679,0.0000,994,757,1000,1,992.3310
67690.0000,6769,2432.1157,0.0000,990,770,1000,1,992.3322
67700.0000,6770,2432.1650,0.0000,987,782,1000,1,992.3333
67710.0000,6771,2432.2157,0.0000,990,791,1000,1,992.3344
67720.0000,6772,2432.2678,0.0000,989,800,1000,1,992.3356
67730.0000,6773,2432.3210,0.0000,986,810,1000,1,992.3367
67740.0000,6774,2432.3754,0.0000,985,821,1000,1,992.3378
67750.0000,6775,2432.4319,0.0000,988,830,1000,1,992.3390
67760.0000,6776,2432.4898,0.0000,988,846,1000,1,992.3401
67770.0000,6777,2432.5492,0.0000,982,851,1000,1,992.3412
67780.0000,6778,2432.6088,0.0000,979,860,1000,1,992.3424
67790.0000,6779,2432.6688,0.0000,969,868,1000,1,992.3435
67800.0000,6780,2432.7294,0.0000,976,876,1000,1,992.3446
67810.0000,6781,2432.7921,0.0000,980,887,1000,1,992.3457
67820.0000,6782,2432.8565,0.0000,974,898,1000,1,992.3469
67830.0000,6783,2432.9214,0.0000,966,905,1000,1,992.3480
67840.0000,6784,2432.9864,0.0000,968,912,1000,1,992.3491
67850.0000,6785,2433.0535,0.0000,976,921,1000,1,992.3503
67860.0000,6786,2433.1225,0.0000,980,929,1000,1,992.3514
67870.0000,6787,2433.1928,0.0000,976,938,1000,1,992.3525
67880.0000,6788,2433.2646,0.0000,972,952,1000,1,992.3536
67890.0000,6789,2433.3375,0.0000,967,964,1000,1,992.3548
67900.0000,6790,2433.4113,0.0000,968,975,1000,1,992.3559
67910.0000,6791,2433.4863,0.0000,960,981,1000,1,992.3570
67920.0000,6792,2433.5618,0.0000,968,985,1000,1,992.3581
67930.0000,6793,2433.6384,0.0000,960,991,1000,1,992.3593
67940.0000,6794,2433.7151,0.0000,960,1000,1000,1,992.3604
67950.0000,6795,2433.7928,0.0000,965,1000,1000,1,992.3615
67960.0000,6796,2433.8709,0.0000,968,1000,1000,1,992.3626
67970.0000,6797,2433.9491,0.0000,962,1000,1000,1,992.3638
67980.0000,6798,2434.0262,0.0000,962,1000,1000,1,992.3649
67990.0000,6799,2434.1040,0.0000,962,1000,1000,1,992.3660
68000.0000,6800,2434.1814,0.0000,961,1000,1000,1,992.3671
68010.0000,6801,2434.2590,0.0000,960,1000,1000,1,992.3682
68020.0000,6802,2434.3354,0.0000,949,1000,1000,1,992.3694
68030.0000,6803,2434.4113,0.0000,948,1000,1000,1,992.3705
68040.0000,6804,2434.4869,0.0000,947,1000,1000,1,992.3716
68050.0000,6805,2434.5622,0.0000,946,1000,1000,1,992.3727
68060.0000,6806,2434.6373,0.0000,946,1000,1000,1,992.3739
68070.0000,6807,2434.7121,0.0000,939,1000,1000,1,992.3750
68080.0000,6808,2434.7860,0.0000,935,1000,1000,1,992.3761
68090.0000,6809,2434.8595,0.0000,935,1000,1000,1,992.3772
68100.0000,6810,2434.9326,0.0000,934,1000,1000,1,992.3783
68110.0000,6811,2435.0053,0.0000,928,1000,1000,1,992.3795
68120.0000,6812,2435.0773,0.0000,922,1000,1000,1,992.3806
68130.0000,6813,2435.1488,0.0000,924,1000,1000,1,992.3817
68140.0000,6814,2435.2202,0.0000,922,1000,1000,1,992.3828
68150.0000,6815,2435.2912,0.0000,914,1000,1000,1,992.3839
68160.0000,6816,2435.3612,0.0000,907,1000,1000,1,992.3850
68170.0000,6817,2435.4299,0.0000,901,1000,1000,1,992.3862
68180.0000,6818,2435.4987,0.0000,910,1000,1000,1,992.3873
68190.0000,6819,2435.5683,0.0000,907,1000,1000,1,992.3884
68200.0000,6820,2435.6378,0.0000,909,1000,1000,1,992.3895
68210.0000,6821,2435.7069,0.0000,904,1000,1000,1,992.3906
68220.0000,6822,2435.7763,0.0000,913,1000,1000,1,992.3917
68230.0000,6823,2435.8467,0.0000,918,1000,1000,1,992.3929
68240.0000,6824,2435.9171,0.0000,916,1000,1000,1,992.3940
68250.0000,6825,2435.9878,0.0000,919,1000,1000,1,992.3951
68260.0000,6826,2436.0583,0.0000,918,1000,1000,1,992.3962
68270.0000,6827,2436.1294,0.0000,921,1000,1000,1,992.3973
68280.0000,6828,2436.2002,0.0000,917,1000,1000,1,992.3984
68290.0000,6829,2436.2701,0.0000,915,1000,1000,1,992.3995
68300.0000,6830,2436.3401,0.0000,917,1000,1000,1,992.4007
68310.0000,6831,2436.4104,0.0000,916,1000,1000,1,992.4018
68320.0000,6832,2436.4813,0.0000,923,1000,1000,1,992.4029
68330.0000,6833,2436.5523,0.0000,922,1000,1000,1,992.4040
68340.0000,6834,2436.6237,0.0000,925,1000,1000,1,992.4051
68350.0000,6835,2436.6950,0.0000,921,1000,1000,1,992.4062
68360.0000,6836,2436.7658,0.0000,920,1000,1000,1,992.4073
68370.0000,6837,2436.8368,0.0000,924,1000,1000,1,992.4084
68380.0000,6838,2436.9084,0.0000,931,1000,1000,1,992.4095
68390.0000,6839,2436.9815,0.0000,939,1000,1000,1,992.4107
68400.0000,6840,2437.0550,0.0000,943,1000,1000,1,992.4118
68410.0000,6841,2437.1286,0.0000,940,1000,1000,1,992.4129
68420.0000,6842,2437.2019,0.0000,941,1000,1000,1,992.4140
68430.0000,6843,2437.2757,0.0000,943,1000,1000,1,992.4151
68440.0000,6844,2437.3494,0.0000,942,1000,1000,1,992.4162
68450.0000,6845,2437.4237,0.0000,950,1000,1000,1,992.4173
68460.0000,6846,2437.4982,0.0000,943,1000,1000,1,992.4184
68470.0000,6847,2437.5717,0.0000,936,1000,1000,1,992.4195
68480.0000,6848,2437.6452,0.0000,944,1000,1000,1,992.4206
68490.0000,6849,2437.7186,0.0000,938,1000,1000,1,992.4217
68500.0000,6850,2437.7921,0.0000,941,1000,1000,1,992.4228
68510.0000,6851,2437.8659,0.0000,943,1000,1000,1,992.4239
68520.0000,6852,2437.9393,0.0000,939,1000,1000,1,992.4251
68530.0000,6853,2438.0117,0.0000,931,1000,1000,1,992.4262
68540.0000,6854,2438.0843,0.0000,941,1000,1000,1,992.4273
68550.0000,6855,2438.1570,0.0000,929,1000,1000,1,992.4284
68560.0000,6856,2438.2284,0.0000,923,1000,1000,1,992.4295
68570.0000,6857,2438.2992,0.0000,922,1000,1000,1,992.4306
68580.0000,6858,2438.3696,0.0000,918,1000,1000,1,992.4317
68590.0000,6859,2438.4399,0.0000,922,1000,1000,1,992.4328
68600.0000,6860,2438.5105,0.0000,920,1000,1000,1,992.4339
68610.0000,6861,2438.5802,0.0000,915,1000,1000,1,992.4350
68620.0000,6862,2438.6497,0.0000,920,1000,1000,1,992.4361
68630.0000,6863,2438.7196,0.0000,920,1000,1000,1,992.4372
68640.0000,6864,2438.7898,0.0000,924,1000,1000,1,992.4383
68650.0000,6865,2438.8603,0.0000,917,1000,1000,1,992.4394
68660.0000,6866,2438.9293,0.0000,908,1000,1000,1,992.4405
68670.0000,6867,2438.9974,0.0000,910,1000,1000,1,992.4416
68680.0000,6868,2439.0662,0.0000,910,1000,1000,1,992.4427
68690.0000,6869,2439.1342,0.0000,907,1000,1000,1,992.4438
68700.0000,6870,2439.2019,0.0000,901,1000,1000,1,992.4449
68710.0000,6871,2439.2695,0.0000,906,1000,1000,1,992.4460
68720.0000,6872,2439.3371,0.0000,900,1000,1000,1,992.4471
68730.0000,6873,2439.4040,0.0000,897,1000,1000,1,992.4482
68740.0000,6874,2439.4699,0.0000,889,1000,1000,1,992.4493
68750.0000,6875,2439.5351,0.0000,887,1000,1000,1,992.4504
68760.0000,6876,2439.5998,0.0000,884,1000,1000,1,992.4515
68770.0000,6877,2439.6642,0.0000,886,1000,1000,1,992.4526
68780.0000,6878,2439.7285,0.0000,883,1000,1000,1,992.4537
68790.0000,6879,2439.7932,0.0000,881,1000,1000,1,992.4548
68800.0000,6880,2439.8575,0.0000,881,1000,1000,1,992.4559
68810.0000,6881,2439.9217,0.0000,882,1000,1000,1,992.4570
68820.0000,6882,2439.9865,0.0000,892,1000,1000,1,992.4581
68830.0000,6883,2440.0526,0.0000,900,1000,1000,1,992.4592
68840.0000,6884,2440.1190,0.0000,897,1000,1000,1,992.4603
68850.0000,6885,2440.1852,0.0000,897,1000,1000,1,992.4614
68860.0000,6886,2440.2512,0.0000,892,1000,1000,1,992.4625
68870.0000,6887,2440.3169,0.0000,891,1000,1000,1,992.4635
68880.0000,6888,2440.3817,0.0000,883,1000,1000,1,992.4646
68890.0000,6889,2440.4455,0.0000,881,1000,1000,1,992.4657
68900.0000,6890,2440.5097,0.0000,884,1000,1000,1,992.4668
68910.0000,6891,2440.5736,0.0000,882,1000,1000,1,992.4679
68920.0000,6892,2440.6383,0.0000,886,1000,1000,1,992.4690
68930.0000,6893,2440.7026,0.0000,886,1000,1000,1,992.4701
68940.0000,6894,2440.7669,0.0000,880,1000,1000,1,992.4712
68950.0000,6895,2440.8305,0.0000,878,1000,1000,1,992.4723
68960.0000,6896,2440.8939,0.0000,880,1000,1000,1,992.4734
68970.0000,6897,2440.9570,0.0000,876,1000,1000,1,992.4745
68980.0000,6898,2441.0196,0.0000,871,1000,1000,1,992.4756
68990.0000,6899,2441.0818,0.0000,872,1000,1000,1,992.4767
69000.0000,6900,2441.1441,0.0000,870,1000,1000,1,992.4777
69010.0000,6901,2441.2065,0.0000,872,1000,1000,1,992.4788
69020.0000,6902,2441.2690,0.0000,873,1000,1000,1,992.4799
69030.0000,6903,2441.3315,0.0000,874,1000,1000,1,992.4810
69040.0000,6904,2441.3943,0.0000,872,1000,1000,1,992.4821
69050.0000,6905,2441.4567,0.0000,870,1000,1000,1,992.4832
69060.0000,6906,2441.5191,0.0000,875,1000,1000,1,992.4843
69070.0000,6907,2441.5826,0.0000,880,1000,1000,1,992.4854
69080.0000,6908,2441.6462,0.0000,883,1000,1000,1,992.4865
69090.0000,6909,2441.7097,0.0000,879,1000,1000,1,992.4875
69100.0000,6910,2441.7729,0.0000,877,1000,1000,1,992.4886
69110.0000,6911,2441.8355,0.0000,876,1000,1000,1,992.4897
69120.0000,6912,2441.8984,0.0000,877,1000,1000,1,992.4908
69130.0000,6913,2441.9608,0.0000,874,1000,1000,1,992.4919
69140.0000,6914,2442.0234,0.0000,873,1000,1000,1,992.4930
69150.0000,6915,2442.0854,0.0000,869,1000,1000,1,992.4941
69160.0000,6916,2442.1470,0.0000,865,1000,1000,1,992.4952
69170.0000,6917,2442.2087,0.0000,874,1000,1000,1,992.4962
69180.0000,6918,2442.2712,0.0000,873,1000,1000,1,992.4973
69190.0000,6919,2442.3340,0.0000,881,1000,1000,1,992.4984
69200.0000,6920,2442.3977,0.0000,881,1000,1000,1,992.4995
69210.0000,6921,2442.4614,0.0000,887,1000,1000,1,992.5006
69220.0000,6922,2442.5257,0.0000,886,1000,1000,1,992.5017
69230.0000,6923,2442.5898,0.0000,887,1000,1000,1,992.5027
69240.0000,6924,2442.6539,0.0000,883,1000,1000,1,992.5038
69250.0000,6925,2442.7172,0.0000,882,1000,1000,1,992.5049
69260.0000,6926,2442.7802,0.0000,880,1000,1000,1,992.5060
69270.0000,6927,2442.8437,0.0000,883,1000,1000,1,992.5071
69280.0000,6928,2442.9077,0.0000,891,1000,1000,1,992.5081
69290.0000,6929,2442.9722,0.0000,889,1000,1000,1,992.5092
69300.0000,6930,2443.0362,0.0000,884,1000,1000,1,992.5103
69310.0000,6931,2443.0994,0.0000,881,1000,1000,1,992.5114
69320.0000,6932,2443.1627,0.0000,883,1000,1000,1,992.5125
69330.0000,6933,2443.2259,0.0000,878,1000,1000,1,992.5136
69340.0000,6934,2443.2878,0.0000,869,1000,1000,1,992.5146
69350.0000,6935,2443.3494,0.0000,871,1000,1000,1,992.5157
69360.0000,6936,2443.4105,0.0000,868,1000,1000,1,992.5168
69370.0000,6937,2443.4716,0.0000,868,1000,1000,1,992.5179
69380.0000,6938,2443.5331,0.0000,873,1000,1000,1,992.5189
69390.0000,6939,2443.5948,0.0000,874,1000,1000,1,992.5200
69400.0000,6940,2443.6568,0.0000,872,1000,1000,1,992.5211
69410.0000,6941,2443.7177,0.0000,862,1000,1000,1,992.5222
69420.0000,6942,2443.7784,0.0000,866,1000,1000,1,992.5233
69430.0000,6943,2443.8392,0.0000,868,1000,1000,1,992.5243
69440.0000,6944,2443.9007,0.0000,875,1000,1000,1,992.5254
69450.0000,6945,2443.9628,0.0000,873,1000,1000,1,992.5265
69460.0000,6946,2444.0243,0.0000,872,1000,1000,1,992.5276
69470.0000,6947,2444.0867,0.0000,879,1000,1000,1,992.5286
69480.0000,6948,2444.1505,0.0000,893,1000,1000,1,992.5297
69490.0000,6949,2444.2148,0.0000,889,1000,1000,1,992.5308
69500.0000,6950,2444.2792,0.0000,894,1000,1000,1,992.5319
69510.0000,6951,2444.3438,0.0000,898,1000,1000,1,992.5329
69520.0000,6952,2444.4092,0.0000,901,1000,1000,1,992.5340
69530.0000,6953,2444.4751,0.0000,904,1000,1000,1,992.5351
69540.0000,6954,2444.5406,0.0000,896,1000,1000,1,992.5362
69550.0000,6955,2444.6061,0.0000,901,1000,1000,1,992.5372
69560.0000,6956,2444.6712,0.0000,894,1000,1000,1,992.5383
69570.0000,6957,2444.7360,0.0000,895,1000,1000,1,992.5394
69580.0000,6958,2444.8008,0.0000,898,1000,1000,1,992.5405
69590.0000,6959,2444.8661,0.0000,896,1000,1000,1,992.5415
69600.0000,6960,2444.9306,0.0000,890,1000,1000,1,992.5426
69610.0000,6961,2444.9945,0.0000,891,1000,1000,1,992.5437
69620.0000,6962,2445.0587,0.0000,894,1000,1000,1,992.5447
69630.0000,6963,2445.1225,0.0000,889,1000,1000,1,992.5458
69640.0000,6964,2445.1863,0.0000,893,1000,1000,1,992.5469
69650.0000,6965,2445.2508,0.0000,896,1000,1000,1,992.5479
69660.0000,6966,2445.3152,0.0000,896,1000,1000,1,992.5490
69670.0000,6967,2445.3804,0.0000,902,1000,1000,1,992.5501
69680.0000,6968,2445.4460,0.0000,905,1000,1000,1,992.5512
69690.0000,6969,2445.5122,0.0000,909,1000,1000,1,992.5522
69700.0000,6970,2445.5785,0.0000,903,1000,1000,1,992.5533
69710.0000,6971,2445.6442,0.0000,902,1000,1000,1,992.5544
69720.0000,6972,2445.7098,0.0000,906,1000,1000,1,992.5554
69730.0000,6973,2445.7760,0.0000,914,1000,1000,1,992.5565
69740.0000,6974,2445.8434,0.0000,921,1000,1000,1,992.5576
69750.0000,6975,2445.9113,0.0000,918,1000,1000,1,992.5586
69760.0000,6976,2445.9785,0.0000,911,1000,1000,1,992.5597
69770.0000,6977,2446.0450,0.0000,912,1000,1000,1,992.5608
69780.0000,6978,2446.1120,0.0000,919,1000,1000,1,992.5618
69790.0000,6979,2446.1796,0.0000,918,1000,1000,1,992.5629
69800.0000,6980,2446.2480,0.0000,925,1000,1000,1,992.5640
69810.0000,6981,2446.3161,0.0000,919,1000,1000,1,992.5650
69820.0000,6982,2446.3835,0.0000,917,1000,1000,1,992.5661
69830.0000,6983,2446.4508,0.0000,917,1000,1000,1,992.5672
69840.0000,6984,2446.5179,0.0000,913,1000,1000,1,992.5682
69850.0000,6985,2446.5846,0.0000,914,1000,1000,1,992.5693
69860.0000,6986,2446.6513,0.0000,909,1000,1000,1,992.5703
69870.0000,6987,2446.7171,0.0000,906,1000,1000,1,992.5714
69880.0000,6988,2446.7830,0.0000,908,1000,1000,1,992.5725
69890.0000,6989,2446.8492,0.0000,906,1000,1000,1,992.5735
69900.0000,6990,2446.9140,0.0000,893,1000,1000,1,992.5746
69910.0000,6991,2446.9780,0.0000,897,1000,1000,1,992.5757
69920.0000,6992,2447.0426,0.0000,897,1000,1000,1,992.5767
69930.0000,6993,2447.1067,0.0000,892,1000,1000,1,992.5778
69940.0000,6994,2447.1703,0.0000,891,1000,1000,1,992.5788
69950.0000,6995,2447.2335,0.0000,889,1000,1000,1,992.5799
69960.0000,6996,2447.2968,0.0000,889,1000,1000,1,992.5810
69970.0000,6997,2447.3599,0.0000,888,1000,1000,1,992.5820
69980.0000,6998,2447.4228,0.0000,887,1000,1000,1,992.5831
69990.0000,6999,2447.4851,0.0000,881,1000,1000,1,992.5841
70000.0000,7000,2447.5469,0.0000,880,1000,1000,1,992.5852
70010.0000,7001,2447.6088,0.0000,885,1000,1000,1,992.5863
70020.0000,7002,2447.6713,0.0000,882,1000,1000,1,992.5873
70030.0000,7003,2447.7333,0.0000,880,1000,1000,1,992.5884
70040.0000,7004,2447.7949,0.0000,877,1000,1000,1,992.5894
70050.0000,7005,2447.8560,0.0000,872,1000,1000,1,992.5905
70060.0000,7006,2447.9167,0.0000,875,1000,1000,1,992.5916
70070.0000,7007,2447.9771,0.0000,870,1000,1000,1,992.5926
70080.0000,7008,2448.0368,0.0000,863,1000,1000,1,992.5937
70090.0000,7009,2448.0963,0.0000,868,1000,1000,1,992.5947
70100.0000,7010,2448.1559,0.0000,865,1000,1000,1,992.5958
70110.0000,7011,2448.2147,0.0000,858,1000,1000,1,992.5968
70120.0000,7012,2448.2727,0.0000,853,1000,1000,1,992.5979
70130.0000,7013,2448.3302,0.0000,849,1000,1000,1,992.5990
70140.0000,7014,2448.3878,0.0000,854,1000,1000,1,992.6000
70150.0000,7015,2448.4457,0.0000,857,1000,1000,1,992.6011
70160.0000,7016,2448.5037,0.0000,854,1000,1000,1,992.6021
70170.0000,7017,2448.5615,0.0000,851,1000,1000,1,992.6032
70180.0000,7018,2448.6189,0.0000,849,1000,1000,1,992.6042
70190.0000,7019,2448.6767,0.0000,857,1000,1000,1,992.6053
70200.0000,7020,2448.7350,0.0000,859,1000,1000,1,992.6063
70210.0000,7021,2448.7938,0.0000,864,1000,1000,1,992.6074
70220.0000,7022,2448.8528,0.0000,860,1000,1000,1,992.6084
70230.0000,7023,2448.9108,0.0000,856,1000,1000,1,992.6095
70240.0000,7024,2448.9692,0.0000,861,1000,1000,1,992.6105
70250.0000,7025,2449.0280,0.0000,862,1000,1000,1,992.6116
70260.0000,7026,2449.0871,0.0000,865,1000,1000,1,992.6126
70270.0000,7027,2449.1462,0.0000,867,1000,1000,1,992.6137
70280.0000,7028,2449.2056,0.0000,866,1000,1000,1,992.6147
70290.0000,7029,2449.2658,0.0000,881,1000,1000,1,992.6158
70300.0000,7030,2449.3264,0.0000,870,1000,1000,1,992.6169
70310.0000,7031,2449.3863,0.0000,869,1000,1000,1,992.6179
70320.0000,7032,2449.4455,0.0000,866,1000,1000,1,992.6190
70330.0000,7033,2449.5048,0.0000,867,1000,1000,1,992.6200
70340.0000,7034,2449.5649,0.0000,874,1000,1000,1,992.6210
70350.0000,7035,2449.6252,0.0000,875,1000,1000,1,992.6221
70360.0000,7036,2449.6855,0.0000,876,1000,1000,1,992.6231
70370.0000,7037,2449.7466,0.0000,881,1000,1000,1,992.6242
70380.0000,7038,2449.8084,0.0000,884,1000,1000,1,992.6252
70390.0000,7039,2449.8698,0.0000,883,1000,1000,1,992.6263
70400.0000,7040,2449.9309,0.0000,881,1000,1000,1,992.6273
70410.0000,7041,2449.9919,0.0000,880,1000,1000,1,992.6284
70420.0000,7042,2450.0536,0.0000,884,1000,1000,1,992.6294
70430.0000,7043,2450.1157,0.0000,891,1000,1000,1,992.6305
70440.0000,7044,2450.1778,0.0000,888,1000,1000,1,992.6315
70450.0000,7045,2450.2404,0.0000,894,1000,1000,1,992.6326
70460.0000,7046,2450.3033,0.0000,892,1000,1000,1,992.6336
70470.0000,7047,2450.3658,0.0000,889,1000,1000,1,992.6347
70480.0000,7048,2450.4279,0.0000,884,1000,1000,1,992.6357
70490.0000,7049,2450.4894,0.0000,886,1000,1000,1,992.6368
70500.0000,7050,2450.5510,0.0000,884,1000,1000,1,992.6378
70510.0000,7051,2450.6128,0.0000,886,1000,1000,1,992.6388
70520.0000,7052,2450.6744,0.0000,882,1000,1000,1,992.6399
70530.0000,7053,2450.7356,0.0000,880,1000,1000,1,992.6409
70540.0000,7054,2450.7961,0.0000,875,1000,1000,1,992.6420
70550.0000,7055,2450.8555,0.0000,867,1000,1000,1,992.6430
70560.0000,7056,2450.9141,0.0000,863,1000,1000,1,992.6441
70570.0000,7057,2450.9725,0.0000,860,1000,1000,1,992.6451
70580.0000,7058,2451.0299,0.0000,855,1000,1000,1,992.6461
70590.0000,7059,2451.0870,0.0000,851,1000,1000,1,992.6472
70600.0000,7060,2451.1437,0.0000,848,1000,1000,1,992.6482
70610.0000,7061,2451.1994,0.0000,837,1000,1000,1,992.6493
70620.0000,7062,2451.2538,0.0000,836,1000,1000,1,992.6503
70630.0000,7063,2451.3079,0.0000,835,1000,1000,1,992.6513
70640.0000,7064,2451.3621,0.0000,835,1000,1000,1,992.6524
70650.0000,7065,2451.4167,0.0000,835,1000,1000,1,992.6534
70660.0000,7066,2451.4706,0.0000,831,1000,1000,1,992.6545
70670.0000,7067,2451.5232,0.0000,818,1000,1000,1,992.6555
70680.0000,7068,2451.5749,0.0000,812,1000,1000,1,992.6565
70690.0000,7069,2451.6258,0.0000,811,1000,1000,1,992.6576
70700.0000,7070,2451.6769,0.0000,812,1000,1000,1,992.6586
70710.0000,7071,2451.7278,0.0000,811,1000,1000,1,992.6597
70720.0000,7072,2451.7785,0.0000,809,1000,1000,1,992.6607
70730.0000,7073,2451.8290,0.0000,806,1000,1000,1,992.6617
70740.0000,7074,2451.8792,0.0000,812,1000,1000,1,992.6628
70750.0000,7075,2451.9298,0.0000,807,1000,1000,1,992.6638
70760.0000,7076,2451.9801,0.0000,810,1000,1000,1,992.6648
70770.0000,7077,2452.0313,0.0000,814,1000,1000,1,992.6659
70780.0000,7078,2452.0821,0.0000,812,1000,1000,1,992.6669
70790.0000,7079,2452.1332,0.0000,812,1000,1000,1,992.6680
70800.0000,7080,2452.1835,0.0000,806,1000,1000,1,992.6690
70810.0000,7081,2452.2336,0.0000,805,1000,1000,1,992.6700
70820.0000,7082,2452.2834,0.0000,802,1000,1000,1,992.6711
70830.0000,7083,2452.3329,0.0000,804,1000,1000,1,992.6721
70840.0000,7084,2452.3824,0.0000,800,1000,1000,1,992.6731
70850.0000,7085,2452.4309,0.0000,793,1000,1000,1,992.6742
70860.0000,7086,2452.4789,0.0000,793,1000,1000,1,992.6752
70870.0000,7087,2452.5266,0.0000,787,1000,1000,1,992.6762
70880.0000,7088,2452.5741,0.0000,791,1000,1000,1,992.6773
70890.0000,7089,2452.6216,0.0000,792,1000,1000,1,992.6783
70900.0000,7090,2452.6694,0.0000,793,1000,1000,1,992.6793
70910.0000,7091,2452.7174,0.0000,795,1000,1000,1,992.6804
70920.0000,7092,2452.7657,0.0000,798,1000,1000,1,992.6814
70930.0000,7093,2452.8142,0.0000,793,1000,1000,1,992.6824
70940.0000,7094,2452.8622,0.0000,795,1000,1000,1,992.6835
70950.0000,7095,2452.9108,0.0000,797,1000,1000,1,992.6845
70960.0000,7096,2452.9594,0.0000,797,1000,1000,1,992.6855
70970.0000,7097,2453.0075,0.0000,795,1000,1000,1,992.6866
70980.0000,7098,2453.0555,0.0000,793,1000,1000,1,992.6876
70990.0000,7099,2453.1032,0.0000,790,1000,1000,1,992.6886
71000.0000,7100,2453.1503,0.0000,784,1000,1000,1,992.6896
71010.0000,7101,2453.1966,0.0000,778,1000,1000,1,992.6907
71020.0000,7102,2453.2421,0.0000,778,1000,1000,1,992.6917
71030.0000,7103,2453.2878,0.0000,777,1000,1000,1,992.6927
71040.0000,7104,2453.3335,0.0000,777,1000,1000,1,992.6938
71050.0000,7105,2453.3790,0.0000,777,1000,1000,1,992.6948
71060.0000,7106,2453.4244,0.0000,773,1000,1000,1,992.6958
71070.0000,7107,2453.4696,0.0000,774,1000,1000,1,992.6968
71080.0000,7108,2453.5152,0.0000,780,1000,1000,1,992.6979
71090.0000,7109,2453.5618,0.0000,790,1000,1000,1,992.6989
71100.0000,7110,2453.6091,0.0000,791,1000,1000,1,992.6999
71110.0000,7111,2453.6562,0.0000,787,1000,1000,1,992.7010
71120.0000,7112,2453.7029,0.0000,787,1000,1000,1,992.7020
71130.0000,7113,2453.7494,0.0000,786,1000,1000,1,992.7030
71140.0000,7114,2453.7965,0.0000,789,1000,1000,1,992.7040
71150.0000,7115,2453.8434,0.0000,789,1000,1000,1,992.7051
71160.0000,7116,2453.8907,0.0000,789,1000,1000,1,992.7061
71170.0000,7117,2453.9377,0.0000,790,1000,1000,1,992.7071
71180.0000,7118,2453.9855,0.0000,793,1000,1000,1,992.7081
71190.0000,7119,2454.0335,0.0000,796,1000,1000,1,992.7092
71200.0000,7120,2454.0818,0.0000,799,1000,1000,1,992.7102
71210.0000,7121,2454.1302,0.0000,799,1000,1000,1,992.7112
71220.0000,7122,2454.1789,0.0000,801,1000,1000,1,992.7122
71230.0000,7123,2454.2269,0.0000,794,1000,1000,1,992.7132
71240.0000,7124,2454.2742,0.0000,790,1000,1000,1,992.7143
71250.0000,7125,2454.3212,0.0000,790,1000,1000,1,992.7153
71260.0000,7126,2454.3683,0.0000,789,1000,1000,1,992.7163
71270.0000,7127,2454.4156,0.0000,793,1000,1000,1,992.7173
71280.0000,7128,2454.4626,0.0000,787,1000,1000,1,992.7184
71290.0000,7129,2454.5092,0.0000,789,1000,1000,1,992.7194
71300.0000,7130,2454.5564,0.0000,789,1000,1000,1,992.7204
71310.0000,7131,2454.6034,0.0000,789,1000,1000,1,992.7214
71320.0000,7132,2454.6505,0.0000,791,1000,1000,1,992.7224
71330.0000,7133,2454.6979,0.0000,790,1000,1000,1,992.7235
71340.0000,7134,2454.7450,0.0000,787,1000,1000,1,992.7245
71350.0000,7135,2454.7918,0.0000,791,1000,1000,1,992.7255
71360.0000,7136,2454.8393,0.0000,800,1000,1000,1,992.7265
71370.0000,7137,2454.8874,0.0000,798,1000,1000,1,992.7275
71380.0000,7138,2454.9356,0.0000,803,1000,1000,1,992.7286
71390.0000,7139,2454.9842,0.0000,801,1000,1000,1,992.7296
71400.0000,7140,2455.0325,0.0000,800,1000,1000,1,992.7306
71410.0000,7141,2455.0804,0.0000,797,1000,1000,1,992.7316
71420.0000,7142,2455.1282,0.0000,793,1000,1000,1,992.7326
71430.0000,7143,2455.1757,0.0000,796,1000,1000,1,992.7336
71440.0000,7144,2455.2230,0.0000,793,1000,1000,1,992.7347
71450.0000,7145,2455.2702,0.0000,794,1000,1000,1,992.7357
71460.0000,7146,2455.3172,0.0000,792,1000,1000,1,992.7367
71470.0000,7147,2455.3640,0.0000,787,1000,1000,1,992.7377
71480.0000,7148,2455.4106,0.0000,792,1000,1000,1,992.7387
71490.0000,7149,2455.4577,0.0000,793,1000,1000,1,992.7397
71500.0000,7150,2455.5053,0.0000,796,1000,1000,1,992.7408
71510.0000,7151,2455.5535,0.0000,802,1000,1000,1,992.7418
71520.0000,7152,2455.6026,0.0000,804,1000,1000,1,992.7428
71530.0000,7153,2455.6515,0.0000,804,1000,1000,1,992.7438
71540.0000,7154,2455.7000,0.0000,802,1000,1000,1,992.7448
71550.0000,7155,2455.7487,0.0000,802,1000,1000,1,992.7458
71560.0000,7156,2455.7974,0.0000,807,1000,1000,1,992.7468
71570.0000,7157,2455.8465,0.0000,808,1000,1000,1,992.7479
71580.0000,7158,2455.8965,0.0000,816,1000,1000,1,992.7489
71590.0000,7159,2455.9470,0.0000,818,1000,1000,1,992.7499
71600.0000,7160,2455.9972,0.0000,814,1000,1000,1,992.7509
71610.0000,7161,2456.0468,0.0000,806,1000,1000,1,992.7519
71620.0000,7162,2456.0964,0.0000,816,1000,1000,1,992.7529
71630.0000,7163,2456.1470,0.0000,821,1000,1000,1,992.7539
71640.0000,7164,2456.1979,0.0000,815,1000,1000,1,992.7549
71650.0000,7165,2456.2477,0.0000,812,1000,1000,1,992.7560
71660.0000,7166,2456.2971,0.0000,811,1000,1000,1,992.7570
71670.0000,7167,2456.3464,0.0000,811,1000,1000,1,992.7580
71680.0000,7168,2456.3960,0.0000,813,1000,1000,1,992.7590
71690.0000,7169,2456.4457,0.0000,808,1000,1000,1,992.7600
71700.0000,7170,2456.4948,0.0000,806,1000,1000,1,992.7610
71710.0000,7171,2456.5435,0.0000,804,1000,1000,1,992.7620
71720.0000,7172,2456.5919,0.0000,803,1000,1000,1,992.7630
71730.0000,7173,2456.6399,0.0000,801,1000,1000,1,992.7640
71740.0000,7174,2456.6889,0.0000,808,1000,1000,1,992.7650
71750.0000,7175,2456.7374,0.0000,804,1000,1000,1,992.7661
71760.0000,7176,2456.7860,0.0000,806,1000,1000,1,992.7671
71770.0000,7177,2456.8345,0.0000,803,1000,1000,1,992.7681
71780.0000,7178,2456.8825,0.0000,802,1000,1000,1,992.7691
71790.0000,7179,2456.9305,0.0000,804,1000,1000,1,992.7701
71800.0000,7180,2456.9785,0.0000,801,1000,1000,1,992.7711
71810.0000,7181,2457.0260,0.0000,797,1000,1000,1,992.7721
71820.0000,7182,2457.0730,0.0000,792,1000,1000,1,992.7731
71830.0000,7183,2457.1202,0.0000,797,1000,1000,1,992.7741
71840.0000,7184,2457.1680,0.0000,801,1000,1000,1,992.7751
71850.0000,7185,2457.2159,0.0000,800,1000,1000,1,992.7761
71860.0000,7186,2457.2629,0.0000,797,1000,1000,1,992.7771
71870.0000,7187,2457.3102,0.0000,797,1000,1000,1,992.7781
71880.0000,7188,2457.3574,0.0000,798,1000,1000,1,992.7791
71890.0000,7189,2457.4044,0.0000,794,1000,1000,1,992.7801
71900.0000,7190,2457.4506,0.0000,790,1000,1000,1,992.7811
71910.0000,7191,2457.4972,0.0000,793,1000,1000,1,992.7822
71920.0000,7192,2457.5442,0.0000,792,1000,1000,1,992.7832
71930.0000,7193,2457.5906,0.0000,792,1000,1000,1,992.7842
71940.0000,7194,2457.6368,0.0000,787,1000,1000,1,992.7852
71950.0000,7195,2457.6825,0.0000,788,1000,1000,1,992.7862
71960.0000,7196,2457.7291,0.0000,794,1000,1000,1,992.7872
71970.0000,7197,2457.7757,0.0000,793,1000,1000,1,992.7882
71980.0000,7198,2457.8220,0.0000,788,1000,1000,1,992.7892
71990.0000,7199,2457.8676,0.0000,786,1000,1000,1,992.7902
72000.0000,7200,2457.9128,0.0000,778,1000,1000,1,992.7912
72010.0000,7201,2457.9570,0.0000,777,1000,1000,1,992.7922
72020.0000,7202,2458.0011,0.0000,776,1000,1000,1,992.7932
72030.0000,7203,2458.0454,0.0000,776,1000,1000,1,992.7942
72040.0000,7204,2458.0891,0.0000,771,1000,1000,1,992.7952
72050.0000,7205,2458.1328,0.0000,773,1000,1000,1,992.7962
72060.0000,7206,2458.1767,0.0000,775,1000,1000,1,992.7972
72070.0000,7207,2458.2208,0.0000,778,1000,1000,1,992.7982
72080.0000,7208,2458.2647,0.0000,769,1000,1000,1,992.7992
72090.0000,7209,2458.3083,0.0000,772,1000,1000,1,992.8002
72100.0000,7210,2458.3527,0.0000,780,1000,1000,1,992.8012
72110.0000,7211,2458.3968,0.0000,778,1000,1000,1,992.8022
72120.0000,7212,2458.4406,0.0000,772,1000,1000,1,992.8032
72130.0000,7213,2458.4842,0.0000,771,1000,1000,1,992.8042
72140.0000,7214,2458.5276,0.0000,771,1000,1000,1,992.8052
72150.0000,7215,2458.5703,0.0000,763,1000,1000,1,992.8062
72160.0000,7216,2458.6118,0.0000,759,1000,1000,1,992.8072
72170.0000,7217,2458.6532,0.0000,758,1000,1000,1,992.8082
72180.0000,7218,2458.6948,0.0000,760,1000,1000,1,992.8092
72190.0000,7219,2458.7363,0.0000,754,1000,1000,1,992.8101
72200.0000,7220,2458.7777,0.0000,758,1000,1000,1,992.8111
72210.0000,7221,2458.8190,0.0000,754,1000,1000,1,992.8121
72220.0000,7222,2458.8599,0.0000,756,1000,1000,1,992.8131
72230.0000,7223,2458.9009,0.0000,755,1000,1000,1,992.8141
72240.0000,7224,2458.9422,0.0000,757,1000,1000,1,992.8151
72250.0000,7225,2458.9830,0.0000,749,1000,1000,1,992.8161
72260.0000,7226,2459.0231,0.0000,747,1000,1000,1,992.8171
72270.0000,7227,2459.0628,0.0000,745,1000,1000,1,992.8181
72280.0000,7228,2459.1023,0.0000,748,1000,1000,1,992.8191
72290.0000,7229,2459.1423,0.0000,751,1000,1000,1,992.8201
72300.0000,7230,2459.1829,0.0000,754,1000,1000,1,992.8211
72310.0000,7231,2459.2238,0.0000,755,1000,1000,1,992.8221
72320.0000,7232,2459.2647,0.0000,751,1000,1000,1,992.8231
72330.0000,7233,2459.3049,0.0000,751,1000,1000,1,992.8241
72340.0000,7234,2459.3455,0.0000,751,1000,1000,1,992.8251
72350.0000,7235,2459.3860,0.0000,747,1000,1000,1,992.8260
72360.0000,7236,2459.4258,0.0000,748,1000,1000,1,992.8270
72370.0000,7237,2459.4655,0.0000,746,1000,1000,1,992.8280
72380.0000,7238,2459.5051,0.0000,741,1000,1000,1,992.8290
72390.0000,7239,2459.5436,0.0000,741,1000,1000,1,992.8300
72400.0000,7240,2459.5822,0.0000,735,1000,1000,1,992.8310
72410.0000,7241,2459.6208,0.0000,742,1000,1000,1,992.8320
72420.0000,7242,2459.6597,0.0000,741,1000,1000,1,992.8330
72430.0000,7243,2459.6983,0.0000,736,1000,1000,1,992.8340
72440.0000,7244,2459.7368,0.0000,735,1000,1000,1,992.8350
72450.0000,7245,2459.7741,0.0000,728,1000,1000,1,992.8360
72460.0000,7246,2459.8111,0.0000,726,1000,1000,1,992.8369
72470.0000,7247,2459.8476,0.0000,721,1000,1000,1,992.8379
72480.0000,7248,2459.8831,0.0000,716,1000,1000,1,992.8389
72490.0000,7249,2459.9182,0.0000,714,1000,1000,1,992.8399
72500.0000,7250,2459.9532,0.0000,715,1000,1000,1,992.8409
72510.0000,7251,2459.9884,0.0000,713,1000,1000,1,992.8419
72520.0000,7252,2460.0230,0.0000,711,1000,1000,1,992.8429
72530.0000,7253,2460.0574,0.0000,710,1000,1000,1,992.8439
72540.0000,7254,2460.0919,0.0000,714,1000,1000,1,992.8448
72550.0000,7255,2460.1271,0.0000,719,1000,1000,1,992.8458
72560.0000,7256,2460.1626,0.0000,712,1000,1000,1,992.8468
72570.0000,7257,2460.1965,0.0000,701,1000,1000,1,992.8478
72580.0000,7258,2460.2292,0.0000,696,1000,1000,1,992.8488
72590.0000,7259,2460.2618,0.0000,702,1000,1000,1,992.8498
72600.0000,7260,2460.2950,0.0000,700,1000,1000,1,992.8508
72610.0000,7261,2460.3286,0.0000,705,1000,1000,1,992.8517
72620.0000,7262,2460.3623,0.0000,705,1000,1000,1,992.8527
72630.0000,7263,2460.3966,0.0000,711,1000,1000,1,992.8537
72640.0000,7264,2460.4306,0.0000,706,1000,1000,1,992.8547
72650.0000,7265,2460.4645,0.0000,707,1000,1000,1,992.8557
72660.0000,7266,2460.4984,0.0000,705,1000,1000,1,992.8567
72670.0000,7267,2460.5319,0.0000,704,1000,1000,1,992.8576
72680.0000,7268,2460.5650,0.0000,697,1000,1000,1,992.8586
72690.0000,7269,2460.5975,0.0000,694,1000,1000,1,992.8596
72700.0000,7270,2460.6294,0.0000,694,1000,1000,1,992.8606
72710.0000,7271,2460.6620,0.0000,699,1000,1000,1,992.8616
72720.0000,7272,2460.6938,0.0000,687,1000,1000,1,992.8625
72730.0000,7273,2460.7256,0.0000,695,1000,1000,1,992.8635
72740.0000,7274,2460.7580,0.0000,698,1000,1000,1,992.8645
72750.0000,7275,2460.7906,0.0000,699,1000,1000,1,992.8655
72760.0000,7276,2460.8238,0.0000,706,1000,1000,1,992.8665
72770.0000,7277,2460.8576,0.0000,704,1000,1000,1,992.8675
72780.0000,7278,2460.8907,0.0000,699,1000,1000,1,992.8684
72790.0000,7279,2460.9236,0.0000,702,1000,1000,1,992.8694
72800.0000,7280,2460.9566,0.0000,700,1000,1000,1,992.8704
72810.0000,7281,2460.9891,0.0000,698,1000,1000,1,992.8714
72820.0000,7282,2461.0215,0.0000,697,1000,1000,1,992.8724
72830.0000,7283,2461.0536,0.0000,693,1000,1000,1,992.8733
72840.0000,7284,2461.0857,0.0000,694,1000,1000,1,992.8743
72850.0000,7285,2461.1175,0.0000,694,1000,1000,1,992.8753
72860.0000,7286,2461.1499,0.0000,701,1000,1000,1,992.8763
72870.0000,7287,2461.1830,0.0000,706,1000,1000,1,992.8772
72880.0000,7288,2461.2168,0.0000,711,1000,1000,1,992.8782
72890.0000,7289,2461.2512,0.0000,715,1000,1000,1,992.8792
72900.0000,7290,2461.2858,0.0000,714,1000,1000,1,992.8802
72910.0000,7291,2461.3208,0.0000,716,1000,1000,1,992.8811
72920.0000,7292,2461.3557,0.0000,714,1000,1000,1,992.8821
72930.0000,7293,2461.3904,0.0000,715,1000,1000,1,992.8831
72940.0000,7294,2461.4249,0.0000,712,1000,1000,1,992.8841
72950.0000,7295,2461.4587,0.0000,706,1000,1000,1,992.8851
72960.0000,7296,2461.4919,0.0000,702,1000,1000,1,992.8860
72970.0000,7297,2461.5249,0.0000,706,1000,1000,1,992.8870
72980.0000,7298,2461.5583,0.0000,704,1000,1000,1,992.8880
72990.0000,7299,2461.5914,0.0000,706,1000,1000,1,992.8890
73000.0000,7300,2461.6244,0.0000,698,1000,1000,1,992.8899
73010.0000,7301,2461.6567,0.0000,699,1000,1000,1,992.8909
73020.0000,7302,2461.6890,0.0000,695,1000,1000,1,992.8919
73030.0000,7303,2461.7214,0.0000,694,1000,1000,1,992.8928
73040.0000,7304,2461.7529,0.0000,691,1000,1000,1,992.8938
73050.0000,7305,2461.7838,0.0000,687,1000,1000,1,992.8948
73060.0000,7306,2461.8145,0.0000,686,1000,1000,1,992.8958
73070.0000,7307,2461.8448,0.0000,682,1000,1000,1,992.8967
73080.0000,7308,2461.8750,0.0000,680,1000,1000,1,992.8977
73090.0000,7309,2461.9042,0.0000,675,1000,1000,1,992.8987
73100.0000,7310,2461.9339,0.0000,678,1000,1000,1,992.8997
73110.0000,7311,2461.9631,0.0000,673,1000,1000,1,992.9006
73120.0000,7312,2461.9921,0.0000,673,1000,1000,1,992.9016
73130.0000,7313,2462.0206,0.0000,665,1000,1000,1,992.9026
73140.0000,7314,2462.0489,0.0000,669,1000,1000,1,992.9035
73150.0000,7315,2462.0772,0.0000,669,1000,1000,1,992.9045
73160.0000,7316,2462.1059,0.0000,677,1000,1000,1,992.9055
73170.0000,7317,2462.1345,0.0000,667,1000,1000,1,992.9064
73180.0000,7318,2462.1630,0.0000,671,1000,1000,1,992.9074
73190.0000,7319,2462.1913,0.0000,669,1000,1000,1,992.9084
73200.0000,7320,2462.2191,0.0000,667,1000,1000,1,992.9094
73210.0000,7321,2462.2471,0.0000,667,1000,1000,1,992.9103
73220.0000,7322,2462.2753,0.0000,670,1000,1000,1,992.9113
73230.0000,7323,2462.3037,0.0000,668,1000,1000,1,992.9123
73240.0000,7324,2462.3321,0.0000,669,1000,1000,1,992.9132
73250.0000,7325,2462.3606,0.0000,669,1000,1000,1,992.9142
73260.0000,7326,2462.3886,0.0000,662,1000,1000,1,992.9152
73270.0000,7327,2462.4156,0.0000,659,1000,1000,1,992.9161
73280.0000,7328,2462.4425,0.0000,661,1000,1000,1,992.9171
73290.0000,7329,2462.4694,0.0000,657,1000,1000,1,992.9181
73300.0000,7330,2462.4965,0.0000,662,1000,1000,1,992.9190
73310.0000,7331,2462.5239,0.0000,672,1000,1000,1,992.9200
73320.0000,7332,2462.5525,0.0000,675,1000,1000,1,992.9210
73330.0000,7333,2462.5815,0.0000,673,1000,1000,1,992.9219
73340.0000,7334,2462.6101,0.0000,669,1000,1000,1,992.9229
73350.0000,7335,2462.6386,0.0000,674,1000,1000,1,992.9239
73360.0000,7336,2462.6673,0.0000,673,1000,1000,1,992.9248
73370.0000,7337,2462.6952,0.0000,662,1000,1000,1,992.9258
73380.0000,7338,2462.7222,0.0000,660,1000,1000,1,992.9267
73390.0000,7339,2462.7488,0.0000,657,1000,1000,1,992.9277
73400.0000,7340,2462.7757,0.0000,662,1000,1000,1,992.9287
73410.0000,7341,2462.8029,0.0000,662,1000,1000,1,992.9296
73420.0000,7342,2462.8301,0.0000,659,1000,1000,1,992.9306
73430.0000,7343,2462.8569,0.0000,664,1000,1000,1,992.9316
73440.0000,7344,2462.8841,0.0000,665,1000,1000,1,992.9325
73450.0000,7345,2462.9120,0.0000,664,1000,1000,1,992.9335
73460.0000,7346,2462.9395,0.0000,668,1000,1000,1,992.9344
73470.0000,7347,2462.9680,0.0000,673,1000,1000,1,992.9354
73480.0000,7348,2462.9965,0.0000,672,1000,1000,1,992.9364
73490.0000,7349,2463.0248,0.0000,669,1000,1000,1,992.9373
73500.0000,7350,2463.0523,0.0000,669,1000,1000,1,992.9383
73510.0000,7351,2463.0805,0.0000,671,1000,1000,1,992.9393
73520.0000,7352,2463.1088,0.0000,671,1000,1000,1,992.9402
73530.0000,7353,2463.1376,0.0000,675,1000,1000,1,992.9412
73540.0000,7354,2463.1666,0.0000,679,1000,1000,1,992.9421
73550.0000,7355,2463.1957,0.0000,679,1000,1000,1,992.9431
73560.0000,7356,2463.2250,0.0000,679,1000,1000,1,992.9441
73570.0000,7357,2463.2548,0.0000,682,1000,1000,1,992.9450
73580.0000,7358,2463.2849,0.0000,688,1000,1000,1,992.9460
73590.0000,7359,2463.3154,0.0000,684,1000,1000,1,992.9469
73600.0000,7360,2463.3457,0.0000,689,1000,1000,1,992.9479
73610.0000,7361,2463.3761,0.0000,686,1000,1000,1,992.9488
73620.0000,7362,2463.4062,0.0000,681,1000,1000,1,992.9498
73630.0000,7363,2463.4353,0.0000,675,1000,1000,1,992.9508
73640.0000,7364,2463.4641,0.0000,675,1000,1000,1,992.9517
73650.0000,7365,2463.4925,0.0000,667,1000,1000,1,992.9527
73660.0000,7366,2463.5196,0.0000,663,1000,1000,1,992.9536
73670.0000,7367,2463.5465,0.0000,661,1000,1000,1,992.9546
73680.0000,7368,2463.5735,0.0000,665,1000,1000,1,992.9555
73690.0000,7369,2463.6006,0.0000,661,1000,1000,1,992.9565
73700.0000,7370,2463.6273,0.0000,661,1000,1000,1,992.9575
73710.0000,7371,2463.6540,0.0000,662,1000,1000,1,992.9584
73720.0000,7372,2463.6811,0.0000,664,1000,1000,1,992.9594
73730.0000,7373,2463.7082,0.0000,665,1000,1000,1,992.9603
73740.0000,7374,2463.7347,0.0000,658,1000,1000,1,992.9613
73750.0000,7375,2463.7605,0.0000,650,1000,1000,1,992.9622
73760.0000,7376,2463.7859,0.0000,649,1000,1000,1,992.9632
73770.0000,7377,2463.8100,0.0000,640,1000,1000,1,992.9641
73780.0000,7378,2463.8337,0.0000,640,1000,1000,1,992.9651
73790.0000,7379,2463.8580,0.0000,642,1000,1000,1,992.9660
73800.0000,7380,2463.8818,0.0000,642,1000,1000,1,992.9670
73810.0000,7381,2463.9064,0.0000,649,1000,1000,1,992.9680
73820.0000,7382,2463.9313,0.0000,646,1000,1000,1,992.9689
73830.0000,7383,2463.9559,0.0000,647,1000,1000,1,992.9699
73840.0000,7384,2463.9808,0.0000,647,1000,1000,1,992.9708
73850.0000,7385,2464.0054,0.0000,643,1000,1000,1,992.9718
73860.0000,7386,2464.0296,0.0000,644,1000,1000,1,992.9727
73870.0000,7387,2464.0542,0.0000,645,1000,1000,1,992.9737
73880.0000,7388,2464.0786,0.0000,648,1000,1000,1,992.9746
73890.0000,7389,2464.1043,0.0000,659,1000,1000,1,992.9756
73900.0000,7390,2464.1315,0.0000,670,1000,1000,1,992.9765
73910.0000,7391,2464.1596,0.0000,673,1000,1000,1,992.9775
73920.0000,7392,2464.1876,0.0000,671,1000,1000,1,992.9784
73930.0000,7393,2464.2154,0.0000,671,1000,1000,1,992.9794
73940.0000,7394,2464.2437,0.0000,673,1000,1000,1,992.9803
73950.0000,7395,2464.2717,0.0000,667,1000,1000,1,992.9813
73960.0000,7396,2464.2995,0.0000,669,1000,1000,1,992.9822
73970.0000,7397,2464.3268,0.0000,670,1000,1000,1,992.9832
73980.0000,7398,2464.3546,0.0000,674,1000,1000,1,992.9841
73990.0000,7399,2464.3830,0.0000,674,1000,1000,1,992.9851
74000.0000,7400,2464.4107,0.0000,669,1000,1000,1,992.9860
74010.0000,7401,2464.4387,0.0000,670,1000,1000,1,992.9870
74020.0000,7402,2464.4664,0.0000,670,1000,1000,1,992.9879
74030.0000,7403,2464.4934,0.0000,661,1000,1000,1,992.9889
74040.0000,7404,2464.5201,0.0000,660,1000,1000,1,992.9898
74050.0000,7405,2464.5462,0.0000,655,1000,1000,1,992.9907
74060.0000,7406,2464.5720,0.0000,656,1000,1000,1,992.9917
74070.0000,7407,2464.5981,0.0000,657,1000,1000,1,992.9926
74080.0000,7408,2464.6240,0.0000,651,1000,1000,1,992.9936
74090.0000,7409,2464.6492,0.0000,651,1000,1000,1,992.9945
74100.0000,7410,2464.6748,0.0000,658,1000,1000,1,992.9955
74110.0000,7411,2464.7009,0.0000,663,1000,1000,1,992.9964
74120.0000,7412,2464.7279,0.0000,664,1000,1000,1,992.9974
74130.0000,7413,2464.7550,0.0000,667,1000,1000,1,992.9983
74140.0000,7414,2464.7820,0.0000,665,1000,1000,1,992.9993
74150.0000,7415,2464.8093,0.0000,666,1000,1000,1,993.0002
74160.0000,7416,2464.8366,0.0000,669,1000,1000,1,993.0011
74170.0000,7417,2464.8646,0.0000,676,1000,1000,1,993.0021
74180.0000,7418,2464.8934,0.0000,679,1000,1000,1,993.0030
74190.0000,7419,2464.9228,0.0000,683,1000,1000,1,993.0040
74200.0000,7420,2464.9523,0.0000,684,1000,1000,1,993.0049
74210.0000,7421,2464.9813,0.0000,678,1000,1000,1,993.0059
74220.0000,7422,2465.0096,0.0000,675,1000,1000,1,993.0068
74230.0000,7423,2465.0372,0.0000,667,1000,1000,1,993.0077
74240.0000,7424,2465.0644,0.0000,667,1000,1000,1,993.0087
74250.0000,7425,2465.0913,0.0000,664,1000,1000,1,993.0096
74260.0000,7426,2465.1180,0.0000,667,1000,1000,1,993.0106
74270.0000,7427,2465.1453,0.0000,672,1000,1000,1,993.0115
74280.0000,7428,2465.1731,0.0000,672,1000,1000,1,993.0124
74290.0000,7429,2465.2009,0.0000,671,1000,1000,1,993.0134
74300.0000,7430,2465.2280,0.0000,665,1000,1000,1,993.0143
74310.0000,7431,2465.2554,0.0000,671,1000,1000,1,993.0153
74320.0000,7432,2465.2827,0.0000,660,1000,1000,1,993.0162
74330.0000,7433,2465.3084,0.0000,651,1000,1000,1,993.0171
74340.0000,7434,2465.3329,0.0000,642,1000,1000,1,993.0181
74350.0000,7435,2465.3566,0.0000,642,1000,1000,1,993.0190
74360.0000,7436,2465.3804,0.0000,644,1000,1000,1,993.0200
74370.0000,7437,2465.4042,0.0000,643,1000,1000,1,993.0209
74380.0000,7438,2465.4280,0.0000,640,1000,1000,1,993.0218
74390.0000,7439,2465.4516,0.0000,642,1000,1000,1,993.0228
74400.0000,7440,2465.4753,0.0000,643,1000,1000,1,993.0237
74410.0000,7441,2465.4992,0.0000,643,1000,1000,1,993.0247
74420.0000,7442,2465.5224,0.0000,635,1000,1000,1,993.0256
74430.0000,7443,2465.5453,0.0000,635,1000,1000,1,993.0265
74440.0000,7444,2465.5681,0.0000,634,1000,1000,1,993.0275
74450.0000,7445,2465.5912,0.0000,640,1000,1000,1,993.0284
74460.0000,7446,2465.6149,0.0000,643,1000,1000,1,993.0293
74470.0000,7447,2465.6392,0.0000,651,1000,1000,1,993.0303
74480.0000,7448,2465.6639,0.0000,648,1000,1000,1,993.0312
74490.0000,7449,2465.6877,0.0000,637,1000,1000,1,993.0321
74500.0000,7450,2465.7109,0.0000,640,1000,1000,1,993.0331
74510.0000,7451,2465.7337,0.0000,635,1000,1000,1,993.0340
74520.0000,7452,2465.7567,0.0000,637,1000,1000,1,993.0350
74530.0000,7453,2465.7797,0.0000,636,1000,1000,1,993.0359
74540.0000,7454,2465.8028,0.0000,640,1000,1000,1,993.0368
74550.0000,7455,2465.8257,0.0000,636,1000,1000,1,993.0378
74560.0000,7456,2465.8483,0.0000,634,1000,1000,1,993.0387
74570.0000,7457,2465.8709,0.0000,640,1000,1000,1,993.0396
74580.0000,7458,2465.8940,0.0000,637,1000,1000,1,993.0406
74590.0000,7459,2465.9166,0.0000,630,1000,1000,1,993.0415
74600.0000,7460,2465.9387,0.0000,632,1000,1000,1,993.0424
74610.0000,7461,2465.9613,0.0000,636,1000,1000,1,993.0434
74620.0000,7462,2465.9840,0.0000,636,1000,1000,1,993.0443
74630.0000,7463,2466.0063,0.0000,632,1000,1000,1,993.0452
74640.0000,7464,2466.0286,0.0000,633,1000,1000,1,993.0461
74650.0000,7465,2466.0514,0.0000,640,1000,1000,1,993.0471
74660.0000,7466,2466.0757,0.0000,651,1000,1000,1,993.0480
74670.0000,7467,2466.1005,0.0000,654,1000,1000,1,993.0489
74680.0000,7468,2466.1262,0.0000,658,1000,1000,1,993.0499
74690.0000,7469,2466.1517,0.0000,653,1000,1000,1,993.0508
74700.0000,7470,2466.1762,0.0000,648,1000,1000,1,993.0517
74710.0000,7471,2466.1997,0.0000,644,1000,1000,1,993.0527
74720.0000,7472,2466.2234,0.0000,640,1000,1000,1,993.0536
74730.0000,7473,2466.2464,0.0000,636,1000,1000,1,993.0545
74740.0000,7474,2466.2692,0.0000,635,1000,1000,1,993.0555
74750.0000,7475,2466.2917,0.0000,631,1000,1000,1,993.0564
74760.0000,7476,2466.3141,0.0000,639,1000,1000,1,993.0573
74770.0000,7477,2466.3373,0.0000,637,1000,1000,1,993.0582
74780.0000,7478,2466.3603,0.0000,637,1000,1000,1,993.0592
74790.0000,7479,2466.3829,0.0000,637,1000,1000,1,993.0601
74800.0000,7480,2466.4057,0.0000,636,1000,1000,1,993.0610
74810.0000,7481,2466.4286,0.0000,642,1000,1000,1,993.0620
74820.0000,7482,2466.4524,0.0000,643,1000,1000,1,993.0629
74830.0000,7483,2466.4759,0.0000,641,1000,1000,1,993.0638
74840.0000,7484,2466.4997,0.0000,645,1000,1000,1,993.0647
74850.0000,7485,2466.5238,0.0000,648,1000,1000,1,993.0657
74860.0000,7486,2466.5481,0.0000,650,1000,1000,1,993.0666
74870.0000,7487,2466.5729,0.0000,652,1000,1000,1,993.0675
74880.0000,7488,2466.5975,0.0000,649,1000,1000,1,993.0684
74890.0000,7489,2466.6220,0.0000,650,1000,1000,1,993.0694
74900.0000,7490,2466.6466,0.0000,655,1000,1000,1,993.0703
74910.0000,7491,2466.6718,0.0000,651,1000,1000,1,993.0712
74920.0000,7492,2466.6962,0.0000,650,1000,1000,1,993.0721
74930.0000,7493,2466.7210,0.0000,650,1000,1000,1,993.0731
74940.0000,7494,2466.7454,0.0000,655,1000,1000,1,993.0740
74950.0000,7495,2466.7703,0.0000,655,1000,1000,1,993.0749
74960.0000,7496,2466.7955,0.0000,656,1000,1000,1,993.0758
74970.0000,7497,2466.8205,0.0000,657,1000,1000,1,993.0768
74980.0000,7498,2466.8456,0.0000,655,1000,1000,1,993.0777
74990.0000,7499,2466.8708,0.0000,657,1000,1000,1,993.0786
75000.0000,7500,2466.8964,0.0000,663,1000,1000,1,993.0795
75010.0000,7501,2466.9227,0.0000,660,1000,1000,1,993.0805
75020.0000,7502,2466.9489,0.0000,666,1000,1000,1,993.0814
75030.0000,7503,2466.9748,0.0000,660,1000,1000,1,993.0823
75040.0000,7504,2467.0002,0.0000,658,1000,1000,1,993.0832
75050.0000,7505,2467.0260,0.0000,661,1000,1000,1,993.0841
75060.0000,7506,2467.0519,0.0000,657,1000,1000,1,993.0851
75070.0000,7507,2467.0770,0.0000,656,1000,1000,1,993.0860
75080.0000,7508,2467.1017,0.0000,653,1000,1000,1,993.0869
75090.0000,7509,2467.1261,0.0000,651,1000,1000,1,993.0878
75100.0000,7510,2467.1513,0.0000,660,1000,1000,1,993.0887
75110.0000,7511,2467.1768,0.0000,661,1000,1000,1,993.0897
75120.0000,7512,2467.2029,0.0000,665,1000,1000,1,993.0906
75130.0000,7513,2467.2295,0.0000,670,1000,1000,1,993.0915
75140.0000,7514,2467.2563,0.0000,666,1000,1000,1,993.0924
75150.0000,7515,2467.2831,0.0000,671,1000,1000,1,993.0933
75160.0000,7516,2467.3101,0.0000,669,1000,1000,1,993.0943
75170.0000,7517,2467.3375,0.0000,675,1000,1000,1,993.0952
75180.0000,7518,2467.3655,0.0000,678,1000,1000,1,993.0961
75190.0000,7519,2467.3934,0.0000,675,1000,1000,1,993.0970
75200.0000,7520,2467.4209,0.0000,674,1000,1000,1,993.0979
75210.0000,7521,2467.4487,0.0000,678,1000,1000,1,993.0989
75220.0000,7522,2467.4761,0.0000,673,1000,1000,1,993.0998
75230.0000,7523,2467.5040,0.0000,678,1000,1000,1,993.1007
75240.0000,7524,2467.5325,0.0000,683,1000,1000,1,993.1016
75250.0000,7525,2467.5608,0.0000,676,1000,1000,1,993.1025
75260.0000,7526,2467.5881,0.0000,670,1000,1000,1,993.1034
75270.0000,7527,2467.6151,0.0000,673,1000,1000,1,993.1044
75280.0000,7528,2467.6421,0.0000,669,1000,1000,1,993.1053
75290.0000,7529,2467.6682,0.0000,661,1000,1000,1,993.1062
75300.0000,7530,2467.6938,0.0000,661,1000,1000,1,993.1071
75310.0000,7531,2467.7196,0.0000,661,1000,1000,1,993.1080
75320.0000,7532,2467.7451,0.0000,663,1000,1000,1,993.1089
75330.0000,7533,2467.7711,0.0000,663,1000,1000,1,993.1098
75340.0000,7534,2467.7961,0.0000,648,1000,1000,1,993.1108
75350.0000,7535,2467.8199,0.0000,646,1000,1000,1,993.1117
75360.0000,7536,2467.8436,0.0000,644,1000,1000,1,993.1126
75370.0000,7537,2467.8671,0.0000,644,1000,1000,1,993.1135
75380.0000,7538,2467.8902,0.0000,640,1000,1000,1,993.1144
75390.0000,7539,2467.9130,0.0000,639,1000,1000,1,993.1153
75400.0000,7540,2467.9348,0.0000,629,1000,1000,1,993.1162
75410.0000,7541,2467.9559,0.0000,625,1000,1000,1,993.1172
75420.0000,7542,2467.9763,0.0000,621,1000,1000,1,993.1181
75430.0000,7543,2467.9969,0.0000,623,1000,1000,1,993.1190
75440.0000,7544,2468.0174,0.0000,625,1000,1000,1,993.1199
75450.0000,7545,2468.0383,0.0000,624,1000,1000,1,993.1208
75460.0000,7546,2468.0588,0.0000,622,1000,1000,1,993.1217
75470.0000,7547,2468.0793,0.0000,623,1000,1000,1,993.1226
75480.0000,7548,2468.0996,0.0000,622,1000,1000,1,993.1235
75490.0000,7549,2468.1201,0.0000,619,1000,1000,1,993.1244
75500.0000,7550,2468.1396,0.0000,610,1000,1000,1,993.1254
75510.0000,7551,2468.1581,0.0000,608,1000,1000,1,993.1263
75520.0000,7552,2468.1764,0.0000,605,1000,1000,1,993.1272
75530.0000,7553,2468.1944,0.0000,604,1000,1000,1,993.1281
75540.0000,7554,2468.2124,0.0000,602,1000,1000,1,993.1290
75550.0000,7555,2468.2303,0.0000,604,1000,1000,1,993.1299
75560.0000,7556,2468.2482,0.0000,601,1000,1000,1,993.1308
75570.0000,7557,2468.2655,0.0000,600,1000,1000,1,993.1317
75580.0000,7558,2468.2833,0.0000,602,1000,1000,1,993.1326
75590.0000,7559,2468.3006,0.0000,602,1000,1000,1,993.1335
75600.0000,7560,2468.3190,0.0000,612,1000,1000,1,993.1345
75610.0000,7561,2468.3373,0.0000,601,1000,1000,1,993.1354
75620.0000,7562,2468.3545,0.0000,598,1000,1000,1,993.1363
75630.0000,7563,2468.3722,0.0000,603,1000,1000,1,993.1372
75640.0000,7564,2468.3905,0.0000,608,1000,1000,1,993.1381
75650.0000,7565,2468.4089,0.0000,608,1000,1000,1,993.1390
75660.0000,7566,2468.4275,0.0000,607,1000,1000,1,993.1399
75670.0000,7567,2468.4459,0.0000,604,1000,1000,1,993.1408
75680.0000,7568,2468.4639,0.0000,605,1000,1000,1,993.1417
75690.0000,7569,2468.4817,0.0000,599,1000,1000,1,993.1426
75700.0000,7570,2468.4992,0.0000,602,1000,1000,1,993.1435
75710.0000,7571,2468.5166,0.0000,602,1000,1000,1,993.1444
75720.0000,7572,2468.5342,0.0000,600,1000,1000,1,993.1453
75730.0000,7573,2468.5512,0.0000,599,1000,1000,1,993.1462
75740.0000,7574,2468.5685,0.0000,597,1000,1000,1,993.1471
75750.0000,7575,2468.5851,0.0000,591,1000,1000,1,993.1480
75760.0000,7576,2468.6013,0.0000,590,1000,1000,1,993.1490
75770.0000,7577,2468.6171,0.0000,588,1000,1000,1,993.1499
75780.0000,7578,2468.6328,0.0000,585,1000,1000,1,993.1508
75790.0000,7579,2468.6483,0.0000,586,1000,1000,1,993.1517
75800.0000,7580,2468.6640,0.0000,591,1000,1000,1,993.1526
75810.0000,7581,2468.6795,0.0000,583,1000,1000,1,993.1535
75820.0000,7582,2468.6947,0.0000,587,1000,1000,1,993.1544
75830.0000,7583,2468.7100,0.0000,585,1000,1000,1,993.1553
75840.0000,7584,2468.7253,0.0000,585,1000,1000,1,993.1562
75850.0000,7585,2468.7407,0.0000,586,1000,1000,1,993.1571
75860.0000,7586,2468.7567,0.0000,591,1000,1000,1,993.1580
75870.0000,7587,2468.7729,0.0000,592,1000,1000,1,993.1589
75880.0000,7588,2468.7888,0.0000,588,1000,1000,1,993.1598
75890.0000,7589,2468.8049,0.0000,594,1000,1000,1,993.1607
75900.0000,7590,2468.8214,0.0000,595,1000,1000,1,993.1616
75910.0000,7591,2468.8385,0.0000,601,1000,1000,1,993.1625
75920.0000,7592,2468.8559,0.0000,598,1000,1000,1,993.1634
75930.0000,7593,2468.8726,0.0000,594,1000,1000,1,993.1643
75940.0000,7594,2468.8891,0.0000,594,1000,1000,1,993.1652
75950.0000,7595,2468.9055,0.0000,593,1000,1000,1,993.1661
75960.0000,7596,2468.9217,0.0000,594,1000,1000,1,993.1670
75970.0000,7597,2468.9375,0.0000,585,1000,1000,1,993.1679
75980.0000,7598,2468.9522,0.0000,581,1000,1000,1,993.1688
75990.0000,7599,2468.9665,0.0000,571,1000,1000,1,993.1697
76000.0000,7600,2468.9804,0.0000,576,1000,1000,1,993.1706
76010.0000,7601,2468.9944,0.0000,576,1000,1000,1,993.1715
76020.0000,7602,2469.0086,0.0000,578,1000,1000,1,993.1724
76030.0000,7603,2469.0226,0.0000,576,1000,1000,1,993.1733
76040.0000,7604,2469.0366,0.0000,581,1000,1000,1,993.1742
76050.0000,7605,2469.0512,0.0000,580,1000,1000,1,993.1751
76060.0000,7606,2469.0662,0.0000,585,1000,1000,1,993.1760
76070.0000,7607,2469.0814,0.0000,585,1000,1000,1,993.1769
76080.0000,7608,2469.0967,0.0000,588,1000,1000,1,993.1778
76090.0000,7609,2469.1117,0.0000,581,1000,1000,1,993.1787
76100.0000,7610,2469.1265,0.0000,581,1000,1000,1,993.1796
76110.0000,7611,2469.1414,0.0000,587,1000,1000,1,993.1805
76120.0000,7612,2469.1566,0.0000,586,1000,1000,1,993.1814
76130.0000,7613,2469.1719,0.0000,585,1000,1000,1,993.1822
76140.0000,7614,2469.1874,0.0000,588,1000,1000,1,993.1831
76150.0000,7615,2469.2029,0.0000,589,1000,1000,1,993.1840
76160.0000,7616,2469.2191,0.0000,594,1000,1000,1,993.1849
76170.0000,7617,2469.2350,0.0000,587,1000,1000,1,993.1858
76180.0000,7618,2469.2504,0.0000,586,1000,1000,1,993.1867
76190.0000,7619,2469.2656,0.0000,586,1000,1000,1,993.1876
76200.0000,7620,2469.2808,0.0000,584,1000,1000,1,993.1885
76210.0000,7621,2469.2949,0.0000,571,1000,1000,1,993.1894
76220.0000,7622,2469.3081,0.0000,569,1000,1000,1,993.1903
76230.0000,7623,2469.3214,0.0000,569,1000,1000,1,993.1912
76240.0000,7624,2469.3343,0.0000,562,1000,1000,1,993.1921
76250.0000,7625,2469.3466,0.0000,561,1000,1000,1,993.1930
76260.0000,7626,2469.3588,0.0000,566,1000,1000,1,993.1939
76270.0000,7627,2469.3714,0.0000,566,1000,1000,1,993.1948
76280.0000,7628,2469.3841,0.0000,566,1000,1000,1,993.1957
76290.0000,7629,2469.3968,0.0000,566,1000,1000,1,993.1965
76300.0000,7630,2469.4089,0.0000,562,1000,1000,1,993.1974
76310.0000,7631,2469.4215,0.0000,567,1000,1000,1,993.1983
76320.0000,7632,2469.4347,0.0000,574,1000,1000,1,993.1992
76330.0000,7633,2469.4482,0.0000,571,1000,1000,1,993.2001
76340.0000,7634,2469.4611,0.0000,564,1000,1000,1,993.2010
76350.0000,7635,2469.4737,0.0000,568,1000,1000,1,993.2019
76360.0000,7636,2469.4861,0.0000,561,1000,1000,1,993.2028
76370.0000,7637,2469.4983,0.0000,562,1000,1000,1,993.2037
76380.0000,7638,2469.5107,0.0000,567,1000,1000,1,993.2046
76390.0000,7639,2469.5236,0.0000,566,1000,1000,1,993.2055
76400.0000,7640,2469.5365,0.0000,569,1000,1000,1,993.2063
76410.0000,7641,2469.5497,0.0000,570,1000,1000,1,993.2072
76420.0000,7642,2469.5627,0.0000,560,1000,1000,1,993.2081
76430.0000,7643,2469.5744,0.0000,556,1000,1000,1,993.2090
76440.0000,7644,2469.5862,0.0000,564,1000,1000,1,993.2099
76450.0000,7645,2469.5991,0.0000,570,1000,1000,1,993.2108
76460.0000,7646,2469.6120,0.0000,569,1000,1000,1,993.2117
76470.0000,7647,2469.6250,0.0000,570,1000,1000,1,993.2126
76480.0000,7648,2469.6377,0.0000,564,1000,1000,1,993.2134
76490.0000,7649,2469.6498,0.0000,560,1000,1000,1,993.2143
76500.0000,7650,2469.6614,0.0000,563,1000,1000,1,993.2152
76510.0000,7651,2469.6735,0.0000,561,1000,1000,1,993.2161
76520.0000,7652,2469.6847,0.0000,552,1000,1000,1,993.2170
76530.0000,7653,2469.6948,0.0000,543,1000,1000,1,993.2179
76540.0000,7654,2469.7045,0.0000,543,1000,1000,1,993.2188
76550.0000,7655,2469.7142,0.0000,542,1000,1000,1,993.2197
76560.0000,7656,2469.7233,0.0000,537,1000,1000,1,993.2205
76570.0000,7657,2469.7319,0.0000,533,1000,1000,1,993.2214
76580.0000,7658,2469.7399,0.0000,529,1000,1000,1,993.2223
76590.0000,7659,2469.7471,0.0000,520,1000,1000,1,993.2232
76600.0000,7660,2469.7532,0.0000,514,1000,1000,1,993.2241
76610.0000,7661,2469.7590,0.0000,511,1000,1000,1,993.2250
76620.0000,7662,2469.7640,0.0000,511,1000,1000,1,993.2258
76630.0000,7663,2469.7692,0.0000,508,1000,1000,1,993.2267
76640.0000,7664,2469.7741,0.0000,508,1000,1000,1,993.2276
76650.0000,7665,2469.7798,0.0000,514,1000,1000,1,993.2285
76660.0000,7666,2469.7855,0.0000,515,1000,1000,1,993.2294
76670.0000,7667,2469.7912,0.0000,514,1000,1000,1,993.2303
76680.0000,7668,2469.7974,0.0000,519,1000,1000,1,993.2312
76690.0000,7669,2469.8039,0.0000,519,1000,1000,1,993.2320
76700.0000,7670,2469.8100,0.0000,515,1000,1000,1,993.2329
76710.0000,7671,2469.8163,0.0000,523,1000,1000,1,993.2338
76720.0000,7672,2469.8232,0.0000,522,1000,1000,1,993.2347
76730.0000,7673,2469.8304,0.0000,532,1000,1000,1,993.2356
76740.0000,7674,2469.8377,0.0000,521,1000,1000,1,993.2364
76750.0000,7675,2469.8442,0.0000,520,1000,1000,1,993.2373
76760.0000,7676,2469.8507,0.0000,519,1000,1000,1,993.2382
76770.0000,7677,2469.8572,0.0000,520,1000,1000,1,993.2391
76780.0000,7678,2469.8636,0.0000,519,1000,1000,1,993.2400
76790.0000,7679,2469.8696,0.0000,514,1000,1000,1,993.2408
76800.0000,7680,2469.8761,0.0000,526,1000,1000,1,993.2417
76810.0000,7681,2469.8835,0.0000,523,1000,1000,1,993.2426
76820.0000,7682,2469.8900,0.0000,518,1000,1000,1,993.2435
76830.0000,7683,2469.8967,0.0000,525,1000,1000,1,993.2444
76840.0000,7684,2469.9046,0.0000,534,1000,1000,1,993.2452
76850.0000,7685,2469.9127,0.0000,532,1000,1000,1,993.2461
76860.0000,7686,2469.9210,0.0000,532,1000,1000,1,993.2470
76870.0000,7687,2469.9283,0.0000,524,1000,1000,1,993.2479
76880.0000,7688,2469.9351,0.0000,523,1000,1000,1,993.2488
76890.0000,7689,2469.9418,0.0000,520,1000,1000,1,993.2496
76900.0000,7690,2469.9478,0.0000,515,1000,1000,1,993.2505
76910.0000,7691,2469.9534,0.0000,510,1000,1000,1,993.2514
76920.0000,7692,2469.9582,0.0000,504,1000,1000,1,993.2523
76930.0000,7693,2469.9628,0.0000,505,1000,1000,1,993.2531
76940.0000,7694,2469.9673,0.0000,504,1000,1000,1,993.2540
76950.0000,7695,2469.9715,0.0000,500,1000,1000,1,993.2549
76960.0000,7696,2469.9756,0.0000,501,1000,1000,1,993.2558
76970.0000,7697,2469.9793,0.0000,495,1000,1000,1,993.2567
76980.0000,7698,2469.9826,0.0000,495,1000,1000,1,993.2575
76990.0000,7699,2469.9860,0.0000,491,1000,1000,1,993.2584
77000.0000,7700,2469.9887,0.0000,489,1000,1000,1,993.2593
77010.0000,7701,2469.9911,0.0000,487,1000,1000,1,993.2602
77020.0000,7702,2469.9939,0.0000,494,1000,1000,1,993.2610
77030.0000,7703,2469.9964,0.0000,487,1000,1000,1,993.2619
77040.0000,7704,2469.9982,0.0000,485,1000,1000,1,993.2628
77050.0000,7705,2470.0000,0.0000,483,1000,1000,1,993.2637
77060.0000,7706,2470.0014,0.0000,479,1000,1000,1,993.2645
77070.0000,7707,2470.0026,0.0000,479,1000,1000,1,993.2654
77080.0000,7708,2470.0035,0.0000,475,1000,1000,1,993.2663
77090.0000,7709,2470.0044,0.0000,479,1000,1000,1,993.2671
77100.0000,7710,2470.0054,0.0000,477,1000,1000,1,993.2680
77110.0000,7711,2470.0057,0.0000,466,1000,1000,1,993.2689
77120.0000,7712,2470.0049,0.0000,463,1000,1000,1,993.2698
77130.0000,7713,2470.0041,0.0000,462,1000,1000,1,993.2706
77140.0000,7714,2470.0032,0.0000,464,1000,1000,1,993.2715
77150.0000,7715,2470.0024,0.0000,462,1000,1000,1,993.2724
77160.0000,7716,2470.0015,0.0000,465,1000,1000,1,993.2733
77170.0000,7717,2470.0008,0.0000,465,1000,1000,1,993.2741
77180.0000,7718,2470.0003,0.0000,468,1000,1000,1,993.2750
77190.0000,7719,2470.0002,0.0000,467,1000,1000,1,993.2759
77200.0000,7720,2469.9999,0.0000,470,1000,1000,1,993.2767
77210.0000,7721,2469.9997,0.0000,464,1000,1000,1,993.2776
77220.0000,7722,2469.9992,0.0000,465,1000,1000,1,993.2785
77230.0000,7723,2469.9985,0.0000,468,1000,1000,1,993.2794
77240.0000,7724,2469.9978,0.0000,465,1000,1000,1,993.2802
77250.0000,7725,2469.9972,0.0000,466,1000,1000,1,993.2811
77260.0000,7726,2469.9965,0.0000,466,1000,1000,1,993.2820
77270.0000,7727,2469.9962,0.0000,472,1000,1000,1,993.2828
77280.0000,7728,2469.9962,0.0000,470,1000,1000,1,993.2837
77290.0000,7729,2469.9956,0.0000,460,1000,1000,1,993.2846
77300.0000,7730,2469.9939,0.0000,453,1000,1000,1,993.2854
77310.0000,7731,2469.9916,0.0000,454,1000,1000,1,993.2863
77320.0000,7732,2469.9890,0.0000,447,1000,1000,1,993.2872
77330.0000,7733,2469.9855,0.0000,442,1000,1000,1,993.2880
77340.0000,7734,2469.9821,0.0000,443,1000,1000,1,993.2889
77350.0000,7735,2469.9786,0.0000,442,1000,1000,1,993.2898
77360.0000,7736,2469.9740,0.0000,431,1000,1000,1,993.2906
77370.0000,7737,2469.9679,0.0000,419,1000,1000,1,993.2915
77380.0000,7738,2469.9614,0.0000,419,1000,1000,1,993.2924
77390.0000,7739,2469.9549,0.0000,424,1000,1000,1,993.2932
77400.0000,7740,2469.9487,0.0000,422,1000,1000,1,993.2941
77410.0000,7741,2469.9428,0.0000,425,1000,1000,1,993.2950
77420.0000,7742,2469.9368,0.0000,424,1000,1000,1,993.2958
77430.0000,7743,2469.9309,0.0000,426,1000,1000,1,993.2967
77440.0000,7744,2469.9255,0.0000,430,1000,1000,1,993.2976
77450.0000,7745,2469.9204,0.0000,435,1000,1000,1,993.2984
77460.0000,7746,2469.9154,0.0000,431,1000,1000,1,993.2993
77470.0000,7747,2469.9106,0.0000,432,1000,1000,1,993.3002
77480.0000,7748,2469.9053,0.0000,426,1000,1000,1,993.3010
77490.0000,7749,2469.8993,0.0000,423,1000,1000,1,993.3019
77500.0000,7750,2469.8934,0.0000,426,1000,1000,1,993.3028
77510.0000,7751,2469.8872,0.0000,420,1000,1000,1,993.3036
77520.0000,7752,2469.8811,0.0000,422,1000,1000,1,993.3045
77530.0000,7753,2469.8753,0.0000,427,1000,1000,1,993.3054
77540.0000,7754,2469.8700,0.0000,427,1000,1000,1,993.3062
77550.0000,7755,2469.8639,0.0000,422,1000,1000,1,993.3071
77560.0000,7756,2469.8581,0.0000,425,1000,1000,1,993.3079
77570.0000,7757,2469.8523,0.0000,427,1000,1000,1,993.3088
77580.0000,7758,2469.8462,0.0000,418,1000,1000,1,993.3097
77590.0000,7759,2469.8396,0.0000,419,1000,1000,1,993.3105
77600.0000,7760,2469.8336,0.0000,424,1000,1000,1,993.3114
77610.0000,7761,2469.8276,0.0000,424,1000,1000,1,993.3123
77620.0000,7762,2469.8218,0.0000,427,1000,1000,1,993.3131
77630.0000,7763,2469.8165,0.0000,426,1000,1000,1,993.3140
77640.0000,7764,2469.8099,0.0000,415,1000,1000,1,993.3148
77650.0000,7765,2469.8031,0.0000,417,1000,1000,1,993.3157
77660.0000,7766,2469.7959,0.0000,411,1000,1000,1,993.3166
77670.0000,7767,2469.7881,0.0000,408,1000,1000,1,993.3174
77680.0000,7768,2469.7803,0.0000,414,1000,1000,1,993.3183
77690.0000,7769,2469.7734,0.0000,418,1000,1000,1,993.3191
77700.0000,7770,2469.7667,0.0000,417,1000,1000,1,993.3200
77710.0000,7771,2469.7599,0.0000,418,1000,1000,1,993.3209
77720.0000,7772,2469.7534,0.0000,424,1000,1000,1,993.3217
77730.0000,7773,2469.7472,0.0000,423,1000,1000,1,993.3226
77740.0000,7774,2469.7411,0.0000,423,1000,1000,1,993.3234
77750.0000,7775,2469.7352,0.0000,424,1000,1000,1,993.3243
77760.0000,7776,2469.7291,0.0000,423,1000,1000,1,993.3252
77770.0000,7777,2469.7232,0.0000,421,1000,1000,1,993.3260
77780.0000,7778,2469.7173,0.0000,425,1000,1000,1,993.3269
77790.0000,7779,2469.7112,0.0000,421,1000,1000,1,993.3277
77800.0000,7780,2469.7052,0.0000,423,1000,1000,1,993.3286
77810.0000,7781,2469.6990,0.0000,416,1000,1000,1,993.3295
77820.0000,7782,2469.6925,0.0000,420,1000,1000,1,993.3303
77830.0000,7783,2469.6858,0.0000,416,1000,1000,1,993.3312
77840.0000,7784,2469.6782,0.0000,406,1000,1000,1,993.3320
77850.0000,7785,2469.6699,0.0000,403,1000,1000,1,993.3329
77860.0000,7786,2469.6611,0.0000,399,1000,1000,1,993.3337
77870.0000,7787,2469.6522,0.0000,403,1000,1000,1,993.3346
77880.0000,7788,2469.6438,0.0000,405,1000,1000,1,993.3354
77890.0000,7789,2469.6350,0.0000,399,1000,1000,1,993.3363
77900.0000,7790,2469.6264,0.0000,408,1000,1000,1,993.3372
77910.0000,7791,2469.6188,0.0000,416,1000,1000,1,993.3380
77920.0000,7792,2469.6120,0.0000,420,1000,1000,1,993.3389
77930.0000,7793,2469.6054,0.0000,422,1000,1000,1,993.3397
77940.0000,7794,2469.5994,0.0000,427,1000,1000,1,993.3406
77950.0000,7795,2469.5938,0.0000,424,1000,1000,1,993.3414
77960.0000,7796,2469.5878,0.0000,429,1000,1000,1,993.3423
77970.0000,7797,2469.5826,0.0000,429,1000,1000,1,993.3431
77980.0000,7798,2469.5774,0.0000,427,1000,1000,1,993.3440
77990.0000,7799,2469.5716,0.0000,421,1000,1000,1,993.3448
78000.0000,7800,2469.5653,0.0000,421,1000,1000,1,993.3457
78010.0000,7801,2469.5590,0.0000,423,1000,1000,1,993.3466
78020.0000,7802,2469.5533,0.0000,427,1000,1000,1,993.3474
78030.0000,7803,2469.5479,0.0000,428,1000,1000,1,993.3483
78040.0000,7804,2469.5427,0.0000,430,1000,1000,1,993.3491
78050.0000,7805,2469.5371,0.0000,431,1000,1000,1,993.3500
78060.0000,7806,2469.5327,0.0000,437,1000,1000,1,993.3508
78070.0000,7807,2469.5283,0.0000,435,1000,1000,1,993.3517
78080.0000,7808,2469.5238,0.0000,437,1000,1000,1,993.3525
78090.0000,7809,2469.5196,0.0000,435,1000,1000,1,993.3534
78100.0000,7810,2469.5149,0.0000,432,1000,1000,1,993.3542
78110.0000,7811,2469.5102,0.0000,436,1000,1000,1,993.3551
78120.0000,7812,2469.5058,0.0000,435,1000,1000,1,993.3559
78130.0000,7813,2469.5013,0.0000,434,1000,1000,1,993.3568
78140.0000,7814,2469.4964,0.0000,429,1000,1000,1,993.3576
78150.0000,7815,2469.4910,0.0000,427,1000,1000,1,993.3585
78160.0000,7816,2469.4854,0.0000,425,1000,1000,1,993.3593
78170.0000,7817,2469.4799,0.0000,429,1000,1000,1,993.3602
78180.0000,7818,2469.4748,0.0000,431,1000,1000,1,993.3610
78190.0000,7819,2469.4699,0.0000,431,1000,1000,1,993.3619
78200.0000,7820,2469.4651,0.0000,434,1000,1000,1,993.3627
78210.0000,7821,2469.4612,0.0000,441,1000,1000,1,993.3636
78220.0000,7822,2469.4569,0.0000,431,1000,1000,1,993.3644
78230.0000,7823,2469.4521,0.0000,436,1000,1000,1,993.3653
78240.0000,7824,2469.4478,0.0000,435,1000,1000,1,993.3661
78250.0000,7825,2469.4429,0.0000,428,1000,1000,1,993.3670
78260.0000,7826,2469.4379,0.0000,434,1000,1000,1,993.3678
78270.0000,7827,2469.4331,0.0000,430,1000,1000,1,993.3687
78280.0000,7828,2469.4275,0.0000,420,1000,1000,1,993.3695
78290.0000,7829,2469.4213,0.0000,421,1000,1000,1,993.3703
78300.0000,7830,2469.4152,0.0000,420,1000,1000,1,993.3712
78310.0000,7831,2469.4092,0.0000,424,1000,1000,1,993.3720
78320.0000,7832,2469.4038,0.0000,427,1000,1000,1,993.3729
78330.0000,7833,2469.3986,0.0000,428,1000,1000,1,993.3737
78340.0000,7834,2469.3940,0.0000,439,1000,1000,1,993.3746
78350.0000,7835,2469.3900,0.0000,435,1000,1000,1,993.3754
78360.0000,7836,2469.3850,0.0000,425,1000,1000,1,993.3763
78370.0000,7837,2469.3790,0.0000,420,1000,1000,1,993.3771
78380.0000,7838,2469.3733,0.0000,426,1000,1000,1,993.3780
78390.0000,7839,2469.3673,0.0000,423,1000,1000,1,993.3788
78400.0000,7840,2469.3610,0.0000,418,1000,1000,1,993.3797
78410.0000,7841,2469.3542,0.0000,414,1000,1000,1,993.3805
78420.0000,7842,2469.3472,0.0000,415,1000,1000,1,993.3813
78430.0000,7843,2469.3406,0.0000,415,1000,1000,1,993.3822
78440.0000,7844,2469.3336,0.0000,417,1000,1000,1,993.3830
78450.0000,7845,2469.3269,0.0000,418,1000,1000,1,993.3839
78460.0000,7846,2469.3203,0.0000,419,1000,1000,1,993.3847
78470.0000,7847,2469.3139,0.0000,418,1000,1000,1,993.3856
78480.0000,7848,2469.3071,0.0000,412,1000,1000,1,993.3864
78490.0000,7849,2469.2998,0.0000,410,1000,1000,1,993.3872
78500.0000,7850,2469.2921,0.0000,406,1000,1000,1,993.3881
78510.0000,7851,2469.2839,0.0000,405,1000,1000,1,993.3889
78520.0000,7852,2469.2759,0.0000,411,1000,1000,1,993.3898
78530.0000,7853,2469.2685,0.0000,410,1000,1000,1,993.3906
78540.0000,7854,2469.2611,0.0000,412,1000,1000,1,993.3915
78550.0000,7855,2469.2540,0.0000,412,1000,1000,1,993.3923
78560.0000,7856,2469.2464,0.0000,406,1000,1000,1,993.3931
78570.0000,7857,2469.2388,0.0000,413,1000,1000,1,993.3940
78580.0000,7858,2469.2318,0.0000,413,1000,1000,1,993.3948
78590.0000,7859,2469.2249,0.0000,416,1000,1000,1,993.3957
78600.0000,7860,2469.2185,0.0000,419,1000,1000,1,993.3965
78610.0000,7861,2469.2117,0.0000,411,1000,1000,1,993.3973
78620.0000,7862,2469.2047,0.0000,417,1000,1000,1,993.3982
78630.0000,7863,2469.1975,0.0000,407,1000,1000,1,993.3990
78640.0000,7864,2469.1898,0.0000,409,1000,1000,1,993.3999
78650.0000,7865,2469.1822,0.0000,410,1000,1000,1,993.4007
78660.0000,7866,2469.1750,0.0000,416,1000,1000,1,993.4015
78670.0000,7867,2469.1685,0.0000,417,1000,1000,1,993.4024
78680.0000,7868,2469.1620,0.0000,418,1000,1000,1,993.4032
78690.0000,7869,2469.1555,0.0000,418,1000,1000,1,993.4040
78700.0000,7870,2469.1495,0.0000,425,1000,1000,1,993.4049
78710.0000,7871,2469.1442,0.0000,429,1000,1000,1,993.4057
78720.0000,7872,2469.1391,0.0000,427,1000,1000,1,993.4066
78730.0000,7873,2469.1336,0.0000,426,1000,1000,1,993.4074
78740.0000,7874,2469.1280,0.0000,422,1000,1000,1,993.4082
78750.0000,7875,2469.1219,0.0000,418,1000,1000,1,993.4091
78760.0000,7876,2469.1155,0.0000,420,1000,1000,1,993.4099
78770.0000,7877,2469.1096,0.0000,423,1000,1000,1,993.4107
78780.0000,7878,2469.1040,0.0000,424,1000,1000,1,993.4116
78790.0000,7879,2469.0979,0.0000,420,1000,1000,1,993.4124
78800.0000,7880,2469.0913,0.0000,417,1000,1000,1,993.4133
78810.0000,7881,2469.0844,0.0000,411,1000,1000,1,993.4141
78820.0000,7882,2469.0771,0.0000,411,1000,1000,1,993.4149
78830.0000,7883,2469.0699,0.0000,414,1000,1000,1,993.4158
78840.0000,7884,2469.0633,0.0000,418,1000,1000,1,993.4166
78850.0000,7885,2469.0566,0.0000,415,1000,1000,1,993.4174
78860.0000,7886,2469.0497,0.0000,418,1000,1000,1,993.4183
78870.0000,7887,2469.0429,0.0000,410,1000,1000,1,993.4191
78880.0000,7888,2469.0347,0.0000,403,1000,1000,1,993.4199
78890.0000,7889,2469.0261,0.0000,400,1000,1000,1,993.4208
78900.0000,7890,2469.0176,0.0000,402,1000,1000,1,993.4216
78910.0000,7891,2469.0093,0.0000,402,1000,1000,1,993.4224
78920.0000,7892,2469.0005,0.0000,399,1000,1000,1,993.4233
78930.0000,7893,2468.9916,0.0000,397,1000,1000,1,993.4241
78940.0000,7894,2468.9828,0.0000,400,1000,1000,1,993.4249
78950.0000,7895,2468.9740,0.0000,398,1000,1000,1,993.4258
78960.0000,7896,2468.9650,0.0000,397,1000,1000,1,993.4266
78970.0000,7897,2468.9561,0.0000,396,1000,1000,1,993.4274
78980.0000,7898,2468.9466,0.0000,391,1000,1000,1,993.4283
78990.0000,7899,2468.9360,0.0000,388,1000,1000,1,993.4291
79000.0000,7900,2468.9256,0.0000,390,1000,1000,1,993.4299
79010.0000,7901,2468.9155,0.0000,385,1000,1000,1,993.4308
79020.0000,7902,2468.9046,0.0000,383,1000,1000,1,993.4316
79030.0000,7903,2468.8936,0.0000,380,1000,1000,1,993.4324
79040.0000,7904,2468.8822,0.0000,376,1000,1000,1,993.4333
79050.0000,7905,2468.8706,0.0000,375,1000,1000,1,993.4341
79060.0000,7906,2468.8588,0.0000,375,1000,1000,1,993.4349
79070.0000,7907,2468.8468,0.0000,375,1000,1000,1,993.4357
79080.0000,7908,2468.8350,0.0000,376,1000,1000,1,993.4366
79090.0000,7909,2468.8232,0.0000,376,1000,1000,1,993.4374
79100.0000,7910,2468.8114,0.0000,375,1000,1000,1,993.4382
79110.0000,7911,2468.7996,0.0000,376,1000,1000,1,993.4391
79120.0000,7912,2468.7881,0.0000,377,1000,1000,1,993.4399
79130.0000,7913,2468.7764,0.0000,375,1000,1000,1,993.4407
79140.0000,7914,2468.7650,0.0000,379,1000,1000,1,993.4416
79150.0000,7915,2468.7537,0.0000,378,1000,1000,1,993.4424
79160.0000,7916,2468.7417,0.0000,373,1000,1000,1,993.4432
79170.0000,7917,2468.7294,0.0000,371,1000,1000,1,993.4440
79180.0000,7918,2468.7171,0.0000,373,1000,1000,1,993.4449
79190.0000,7919,2468.7051,0.0000,376,1000,1000,1,993.4457
79200.0000,7920,2468.6933,0.0000,374,1000,1000,1,993.4465
79210.0000,7921,2468.6813,0.0000,371,1000,1000,1,993.4473
79220.0000,7922,2468.6692,0.0000,374,1000,1000,1,993.4482
79230.0000,7923,2468.6572,0.0000,372,1000,1000,1,993.4490
79240.0000,7924,2468.6446,0.0000,366,1000,1000,1,993.4498
79250.0000,7925,2468.6321,0.0000,369,1000,1000,1,993.4507
79260.0000,7926,2468.6187,0.0000,357,1000,1000,1,993.4515
79270.0000,7927,2468.6043,0.0000,351,1000,1000,1,993.4523
79280.0000,7928,2468.5891,0.0000,348,1000,1000,1,993.4531
79290.0000,7929,2468.5738,0.0000,347,1000,1000,1,993.4540
79300.0000,7930,2468.5581,0.0000,339,1000,1000,1,993.4548
79310.0000,7931,2468.5415,0.0000,340,1000,1000,1,993.4556
79320.0000,7932,2468.5250,0.0000,331,1000,1000,1,993.4564
79330.0000,7933,2468.5069,0.0000,319,1000,1000,1,993.4573
79340.0000,7934,2468.4880,0.0000,319,1000,1000,1,993.4581
79350.0000,7935,2468.4694,0.0000,322,1000,1000,1,993.4589
79360.0000,7936,2468.4508,0.0000,322,1000,1000,1,993.4597
79370.0000,7937,2468.4316,0.0000,315,1000,1000,1,993.4606
79380.0000,7938,2468.4123,0.0000,311,1000,1000,1,993.4614
79390.0000,7939,2468.3926,0.0000,312,1000,1000,1,993.4622
79400.0000,7940,2468.3734,0.0000,318,1000,1000,1,993.4630
79410.0000,7941,2468.3538,0.0000,309,1000,1000,1,993.4639
79420.0000,7942,2468.3338,0.0000,310,1000,1000,1,993.4647
79430.0000,7943,2468.3138,0.0000,308,1000,1000,1,993.4655
79440.0000,7944,2468.2938,0.0000,308,1000,1000,1,993.4663
79450.0000,7945,2468.2738,0.0000,310,1000,1000,1,993.4671
79460.0000,7946,2468.2533,0.0000,304,1000,1000,1,993.4680
79470.0000,7947,2468.2325,0.0000,302,1000,1000,1,993.4688
79480.0000,7948,2468.2111,0.0000,296,1000,1000,1,993.4696
79490.0000,7949,2468.1894,0.0000,295,1000,1000,1,993.4704
79500.0000,7950,2468.1676,0.0000,291,1000,1000,1,993.4713
79510.0000,7951,2468.1451,0.0000,289,1000,1000,1,993.4721
79520.0000,7952,2468.1227,0.0000,291,1000,1000,1,993.4729
79530.0000,7953,2468.0998,0.0000,283,1000,1000,1,993.4737
79540.0000,7954,2468.0767,0.0000,288,1000,1000,1,993.4745
79550.0000,7955,2468.0541,0.0000,293,1000,1000,1,993.4754
79560.0000,7956,2468.0324,0.0000,295,1000,1000,1,993.4762
79570.0000,7957,2468.0100,0.0000,287,1000,1000,1,993.4770
79580.0000,7958,2467.9873,0.0000,285,1000,1000,1,993.4778
79590.0000,7959,2467.9643,0.0000,285,1000,1000,1,993.4786
79600.0000,7960,2467.9414,0.0000,284,1000,1000,1,993.4795
79610.0000,7961,2467.9180,0.0000,280,1000,1000,1,993.4803
79620.0000,7962,2467.8943,0.0000,277,1000,1000,1,993.4811
79630.0000,7963,2467.8701,0.0000,273,1000,1000,1,993.4819
79640.0000,7964,2467.8461,0.0000,276,1000,1000,1,993.4827
79650.0000,7965,2467.8223,0.0000,276,1000,1000,1,993.4835
79660.0000,7966,2467.7985,0.0000,278,1000,1000,1,993.4844
79670.0000,7967,2467.7742,0.0000,272,1000,1000,1,993.4852
79680.0000,7968,2467.7493,0.0000,271,1000,1000,1,993.4860
79690.0000,7969,2467.7244,0.0000,271,1000,1000,1,993.4868
79700.0000,7970,2467.6998,0.0000,273,1000,1000,1,993.4876
79710.0000,7971,2467.6751,0.0000,271,1000,1000,1,993.4885
79720.0000,7972,2467.6501,0.0000,261,1000,1000,1,993.4893
79730.0000,7973,2467.6243,0.0000,265,1000,1000,1,993.4901
79740.0000,7974,2467.5987,0.0000,263,1000,1000,1,993.4909
79750.0000,7975,2467.5730,0.0000,261,1000,1000,1,993.4917
79760.0000,7976,2467.5472,0.0000,264,1000,1000,1,993.4925
79770.0000,7977,2467.5222,0.0000,271,1000,1000,1,993.4934
79780.0000,7978,2467.4976,0.0000,270,1000,1000,1,993.4942
79790.0000,7979,2467.4731,0.0000,272,1000,1000,1,993.4950
79800.0000,7980,2467.4487,0.0000,271,1000,1000,1,993.4958
79810.0000,7981,2467.4239,0.0000,267,1000,1000,1,993.4966
79820.0000,7982,2467.3986,0.0000,260,1000,1000,1,993.4974
79830.0000,7983,2467.3726,0.0000,260,1000,1000,1,993.4982
79840.0000,7984,2467.3469,0.0000,261,1000,1000,1,993.4991
79850.0000,7985,2467.3207,0.0000,252,1000,1000,1,993.4999
79860.0000,7986,2467.2942,0.0000,263,1000,1000,1,993.5007
79870.0000,7987,2467.2690,0.0000,265,1000,1000,1,993.5015
79880.0000,7988,2467.2433,0.0000,260,1000,1000,1,993.5023
79890.0000,7989,2467.2163,0.0000,243,1000,1000,1,993.5031
79900.0000,7990,2467.1880,0.0000,241,1000,1000,1,993.5039
79910.0000,7991,2467.1594,0.0000,241,1000,1000,1,993.5048
79920.0000,7992,2467.1311,0.0000,243,1000,1000,1,993.5056
79930.0000,7993,2467.1026,0.0000,238,1000,1000,1,993.5064
79940.0000,7994,2467.0734,0.0000,233,1000,1000,1,993.5072
79950.0000,7995,2467.0438,0.0000,227,1000,1000,1,993.5080
79960.0000,7996,2467.0138,0.0000,226,1000,1000,1,993.5088
79970.0000,7997,2466.9840,0.0000,228,1000,1000,1,993.5096
79980.0000,7998,2466.9544,0.0000,229,1000,1000,1,993.5104
79990.0000,7999,2466.9247,0.0000,230,1000,1000,1,993.5112
80000.0000,8000,2466.8952,0.0000,234,1000,1000,1,993.5121
80010.0000,8001,2466.8664,0.0000,237,1000,1000,1,993.5129
80020.0000,8002,2466.8377,0.0000,235,1000,1000,1,993.5137
80030.0000,8003,2466.8091,0.0000,237,1000,1000,1,993.5145
80040.0000,8004,2466.7800,0.0000,232,1000,1000,1,993.5153
80050.0000,8005,2466.7505,0.0000,230,1000,1000,1,993.5161
80060.0000,8006,2466.7206,0.0000,229,1000,1000,1,993.5169
80070.0000,8007,2466.6908,0.0000,224,1000,1000,1,993.5177
80080.0000,8008,2466.6610,0.0000,230,1000,1000,1,993.5185
80090.0000,8009,2466.6312,0.0000,228,1000,1000,1,993.5193
80100.0000,8010,2466.6020,0.0000,237,1000,1000,1,993.5202
80110.0000,8011,2466.5734,0.0000,238,1000,1000,1,993.5210
80120.0000,8012,2466.5447,0.0000,234,1000,1000,1,993.5218
80130.0000,8013,2466.5160,0.0000,238,1000,1000,1,993.5226
80140.0000,8014,2466.4875,0.0000,235,1000,1000,1,993.5234
80150.0000,8015,2466.4588,0.0000,231,1000,1000,1,993.5242
80160.0000,8016,2466.4294,0.0000,230,1000,1000,1,993.5250
80170.0000,8017,2466.3996,0.0000,227,1000,1000,1,993.5258
80180.0000,8018,2466.3698,0.0000,228,1000,1000,1,993.5266
80190.0000,8019,2466.3400,0.0000,227,1000,1000,1,993.5274
80200.0000,8020,2466.3100,0.0000,226,1000,1000,1,993.5282
80210.0000,8021,2466.2798,0.0000,227,1000,1000,1,993.5290
80220.0000,8022,2466.2492,0.0000,219,1000,1000,1,993.5299
80230.0000,8023,2466.2187,0.0000,226,1000,1000,1,993.5307
80240.0000,8024,2466.1887,0.0000,226,1000,1000,1,993.5315
80250.0000,8025,2466.1591,0.0000,231,1000,1000,1,993.5323
80260.0000,8026,2466.1302,0.0000,239,1000,1000,1,993.5331
80270.0000,8027,2466.1015,0.0000,232,1000,1000,1,993.5339
80280.0000,8028,2466.0721,0.0000,230,1000,1000,1,993.5347
80290.0000,8029,2466.0422,0.0000,219,1000,1000,1,993.5355
80300.0000,8030,2466.0115,0.0000,217,1000,1000,1,993.5363
80310.0000,8031,2465.9800,0.0000,214,1000,1000,1,993.5371
80320.0000,8032,2465.9481,0.0000,210,1000,1000,1,993.5379
80330.0000,8033,2465.9162,0.0000,211,1000,1000,1,993.5387
80340.0000,8034,2465.8848,0.0000,217,1000,1000,1,993.5395
80350.0000,8035,2465.8543,0.0000,220,1000,1000,1,993.5403
80360.0000,8036,2465.8236,0.0000,218,1000,1000,1,993.5411
80370.0000,8037,2465.7925,0.0000,215,1000,1000,1,993.5419
80380.0000,8038,2465.7611,0.0000,214,1000,1000,1,993.5427
80390.0000,8039,2465.7297,0.0000,214,1000,1000,1,993.5435
80400.0000,8040,2465.6981,0.0000,213,1000,1000,1,993.5443
80410.0000,8041,2465.6663,0.0000,209,1000,1000,1,993.5451
80420.0000,8042,2465.6340,0.0000,206,1000,1000,1,993.5459
80430.0000,8043,2465.6019,0.0000,209,1000,1000,1,993.5467
80440.0000,8044,2465.5697,0.0000,206,1000,1000,1,993.5475
80450.0000,8045,2465.5374,0.0000,204,1000,1000,1,993.5483
80460.0000,8046,2465.5049,0.0000,205,1000,1000,1,993.5491
80470.0000,8047,2465.4728,0.0000,210,1000,1000,1,993.5500
80480.0000,8048,2465.4415,0.0000,221,1000,1000,1,993.5508
80490.0000,8049,2465.4103,0.0000,214,1000,1000,1,993.5516
80500.0000,8050,2465.3789,0.0000,213,1000,1000,1,993.5524
80510.0000,8051,2465.3478,0.0000,211,1000,1000,1,993.5532
80520.0000,8052,2465.3162,0.0000,207,1000,1000,1,993.5540
80530.0000,8053,2465.2844,0.0000,212,1000,1000,1,993.5548
80540.0000,8054,2465.2531,0.0000,214,1000,1000,1,993.5556
80550.0000,8055,2465.2218,0.0000,213,1000,1000,1,993.5564
80560.0000,8056,2465.1907,0.0000,216,1000,1000,1,993.5572
80570.0000,8057,2465.1591,0.0000,209,1000,1000,1,993.5580
80580.0000,8058,2465.1269,0.0000,206,1000,1000,1,993.5588
80590.0000,8059,2465.0947,0.0000,204,1000,1000,1,993.5596
80600.0000,8060,2465.0624,0.0000,204,1000,1000,1,993.5604
80610.0000,8061,2465.0299,0.0000,202,1000,1000,1,993.5612
80620.0000,8062,2464.9972,0.0000,201,1000,1000,1,993.5620
80630.0000,8063,2464.9639,0.0000,196,1000,1000,1,993.5628
80640.0000,8064,2464.9307,0.0000,197,1000,1000,1,993.5635
80650.0000,8065,2464.8972,0.0000,197,1000,1000,1,993.5643
80660.0000,8066,2464.8636,0.0000,194,1000,1000,1,993.5651
80670.0000,8067,2464.8296,0.0000,187,1000,1000,1,993.5659
80680.0000,8068,2464.7947,0.0000,181,1000,1000,1,993.5667
80690.0000,8069,2464.7597,0.0000,184,1000,1000,1,993.5675
80700.0000,8070,2464.7249,0.0000,185,1000,1000,1,993.5683
80710.0000,8071,2464.6899,0.0000,178,1000,1000,1,993.5691
80720.0000,8072,2464.6544,0.0000,178,1000,1000,1,993.5699
80730.0000,8073,2464.6191,0.0000,184,1000,1000,1,993.5707
80740.0000,8074,2464.5841,0.0000,181,1000,1000,1,993.5715
80750.0000,8075,2464.5485,0.0000,174,1000,1000,1,993.5723
80760.0000,8076,2464.5121,0.0000,167,1000,1000,1,993.5731
80770.0000,8077,2464.4753,0.0000,165,1000,1000,1,993.5739
80780.0000,8078,2464.4384,0.0000,168,1000,1000,1,993.5747
80790.0000,8079,2464.4020,0.0000,171,1000,1000,1,993.5755
80800.0000,8080,2464.3662,0.0000,179,1000,1000,1,993.5763
80810.0000,8081,2464.3315,0.0000,187,1000,1000,1,993.5771
80820.0000,8082,2464.2973,0.0000,192,1000,1000,1,993.5779
80830.0000,8083,2464.2639,0.0000,194,1000,1000,1,993.5787
80840.0000,8084,2464.2306,0.0000,194,1000,1000,1,993.5795
80850.0000,8085,2464.1975,0.0000,200,1000,1000,1,993.5803
80860.0000,8086,2464.1652,0.0000,207,1000,1000,1,993.5811
80870.0000,8087,2464.1337,0.0000,213,1000,1000,1,993.5819
80880.0000,8088,2464.1030,0.0000,219,1000,1000,1,993.5826
80890.0000,8089,2464.0733,0.0000,230,1000,1000,1,993.5834
80900.0000,8090,2464.0447,0.0000,234,1000,1000,1,993.5842
80910.0000,8091,2464.0159,0.0000,227,1000,1000,1,993.5850
80920.0000,8092,2463.9860,0.0000,216,1000,1000,1,993.5858
80930.0000,8093,2463.9556,0.0000,218,1000,1000,1,993.5866
80940.0000,8094,2463.9243,0.0000,208,1000,1000,1,993.5874
80950.0000,8095,2463.8924,0.0000,204,1000,1000,1,993.5882
80960.0000,8096,2463.8605,0.0000,207,1000,1000,1,993.5890
80970.0000,8097,2463.8288,0.0000,208,1000,1000,1,993.5898
80980.0000,8098,2463.7972,0.0000,209,1000,1000,1,993.5906
80990.0000,8099,2463.7654,0.0000,204,1000,1000,1,993.5914
81000.0000,8100,2463.7339,0.0000,209,1000,1000,1,993.5922
81010.0000,8101,2463.7026,0.0000,211,1000,1000,1,993.5929
81020.0000,8102,2463.6712,0.0000,209,1000,1000,1,993.5937
81030.0000,8103,2463.6399,0.0000,209,1000,1000,1,993.5945
81040.0000,8104,2463.6087,0.0000,214,1000,1000,1,993.5953
81050.0000,8105,2463.5781,0.0000,216,1000,1000,1,993.5961
81060.0000,8106,2463.5476,0.0000,213,1000,1000,1,993.5969
81070.0000,8107,2463.5158,0.0000,196,1000,1000,1,993.5977
81080.0000,8108,2463.4826,0.0000,189,1000,1000,1,993.5985
81090.0000,8109,2463.4486,0.0000,189,1000,1000,1,993.5993
81100.0000,8110,2463.4152,0.0000,191,1000,1000,1,993.6001
81110.0000,8111,2463.3812,0.0000,180,1000,1000,1,993.6008
81120.0000,8112,2463.3464,0.0000,184,1000,1000,1,993.6016
81130.0000,8113,2463.3120,0.0000,180,1000,1000,1,993.6024
81140.0000,8114,2463.2770,0.0000,179,1000,1000,1,993.6032
81150.0000,8115,2463.2423,0.0000,183,1000,1000,1,993.6040
81160.0000,8116,2463.2075,0.0000,183,1000,1000,1,993.6048
81170.0000,8117,2463.1729,0.0000,184,1000,1000,1,993.6056
81180.0000,8118,2463.1383,0.0000,181,1000,1000,1,993.6064
81190.0000,8119,2463.1033,0.0000,180,1000,1000,1,993.6072
81200.0000,8120,2463.0685,0.0000,182,1000,1000,1,993.6079
81210.0000,8121,2463.0339,0.0000,183,1000,1000,1,993.6087
81220.0000,8122,2463.0000,0.0000,190,1000,1000,1,993.6095
81230.0000,8123,2462.9657,0.0000,181,1000,1000,1,993.6103
81240.0000,8124,2462.9306,0.0000,178,1000,1000,1,993.6111
81250.0000,8125,2462.8956,0.0000,178,1000,1000,1,993.6119
81260.0000,8126,2462.8602,0.0000,174,1000,1000,1,993.6127
81270.0000,8127,2462.8247,0.0000,175,1000,1000,1,993.6134
81280.0000,8128,2462.7900,0.0000,185,1000,1000,1,993.6142
81290.0000,8129,2462.7556,0.0000,182,1000,1000,1,993.6150
81300.0000,8130,2462.7207,0.0000,180,1000,1000,1,993.6158
81310.0000,8131,2462.6855,0.0000,173,1000,1000,1,993.6166
81320.0000,8132,2462.6497,0.0000,169,1000,1000,1,993.6174
81330.0000,8133,2462.6134,0.0000,172,1000,1000,1,993.6182
81340.0000,8134,2462.5777,0.0000,168,1000,1000,1,993.6189
81350.0000,8135,2462.5415,0.0000,173,1000,1000,1,993.6197
81360.0000,8136,2462.5057,0.0000,170,1000,1000,1,993.6205
81370.0000,8137,2462.4699,0.0000,174,1000,1000,1,993.6213
81380.0000,8138,2462.4342,0.0000,171,1000,1000,1,993.6221
81390.0000,8139,2462.3988,0.0000,176,1000,1000,1,993.6229
81400.0000,8140,2462.3632,0.0000,169,1000,1000,1,993.6236
81410.0000,8141,2462.3278,0.0000,176,1000,1000,1,993.6244
81420.0000,8142,2462.2933,0.0000,182,1000,1000,1,993.6252
81430.0000,8143,2462.2591,0.0000,182,1000,1000,1,993.6260
81440.0000,8144,2462.2241,0.0000,172,1000,1000,1,993.6268
81450.0000,8145,2462.1879,0.0000,160,1000,1000,1,993.6276
81460.0000,8146,2462.1513,0.0000,165,1000,1000,1,993.6283
81470.0000,8147,2462.1148,0.0000,167,1000,1000,1,993.6291
81480.0000,8148,2462.0789,0.0000,169,1000,1000,1,993.6299
81490.0000,8149,2462.0434,0.0000,176,1000,1000,1,993.6307
81500.0000,8150,2462.0084,0.0000,177,1000,1000,1,993.6315
81510.0000,8151,2461.9738,0.0000,181,1000,1000,1,993.6322
81520.0000,8152,2461.9395,0.0000,186,1000,1000,1,993.6330
81530.0000,8153,2461.9053,0.0000,179,1000,1000,1,993.6338
81540.0000,8154,2461.8702,0.0000,173,1000,1000,1,993.6346
81550.0000,8155,2461.8348,0.0000,170,1000,1000,1,993.6354
81560.0000,8156,2461.7992,0.0000,172,1000,1000,1,993.6362
81570.0000,8157,2461.7637,0.0000,170,1000,1000,1,993.6369
81580.0000,8158,2461.7276,0.0000,170,1000,1000,1,993.6377
81590.0000,8159,2461.6921,0.0000,172,1000,1000,1,993.6385
81600.0000,8160,2461.6569,0.0000,174,1000,1000,1,993.6393
81610.0000,8161,2461.6216,0.0000,174,1000,1000,1,993.6401
81620.0000,8162,2461.5862,0.0000,173,1000,1000,1,993.6408
81630.0000,8163,2461.5500,0.0000,160,1000,1000,1,993.6416
81640.0000,8164,2461.5131,0.0000,161,1000,1000,1,993.6424
81650.0000,8165,2461.4759,0.0000,160,1000,1000,1,993.6432
81660.0000,8166,2461.4386,0.0000,152,1000,1000,1,993.6439
81670.0000,8167,2461.4013,0.0000,161,1000,1000,1,993.6447
81680.0000,8168,2461.3645,0.0000,159,1000,1000,1,993.6455
81690.0000,8169,2461.3278,0.0000,158,1000,1000,1,993.6463
81700.0000,8170,2461.2904,0.0000,152,1000,1000,1,993.6471
81710.0000,8171,2461.2528,0.0000,156,1000,1000,1,993.6478
81720.0000,8172,2461.2157,0.0000,158,1000,1000,1,993.6486
81730.0000,8173,2461.1783,0.0000,153,1000,1000,1,993.6494
81740.0000,8174,2461.1410,0.0000,160,1000,1000,1,993.6502
81750.0000,8175,2461.1040,0.0000,158,1000,1000,1,993.6509
81760.0000,8176,2461.0669,0.0000,157,1000,1000,1,993.6517
81770.0000,8177,2461.0298,0.0000,156,1000,1000,1,993.6525
81780.0000,8178,2460.9925,0.0000,158,1000,1000,1,993.6533
81790.0000,8179,2460.9554,0.0000,155,1000,1000,1,993.6540
81800.0000,8180,2460.9178,0.0000,154,1000,1000,1,993.6548
81810.0000,8181,2460.8801,0.0000,149,1000,1000,1,993.6556
81820.0000,8182,2460.8418,0.0000,150,1000,1000,1,993.6564
81830.0000,8183,2460.8039,0.0000,148,1000,1000,1,993.6571
81840.0000,8184,2460.7656,0.0000,146,1000,1000,1,993.6579
81850.0000,8185,2460.7272,0.0000,148,1000,1000,1,993.6587
81860.0000,8186,2460.6888,0.0000,144,1000,1000,1,993.6595
81870.0000,8187,2460.6500,0.0000,144,1000,1000,1,993.6602
81880.0000,8188,2460.6113,0.0000,142,1000,1000,1,993.6610
81890.0000,8189,2460.5720,0.0000,137,1000,1000,1,993.6618
81900.0000,8190,2460.5327,0.0000,140,1000,1000,1,993.6626
81910.0000,8191,2460.4941,0.0000,148,1000,1000,1,993.6633
81920.0000,8192,2460.4562,0.0000,150,1000,1000,1,993.6641
81930.0000,8193,2460.4180,0.0000,146,1000,1000,1,993.6649
81940.0000,8194,2460.3796,0.0000,148,1000,1000,1,993.6657
81950.0000,8195,2460.3413,0.0000,148,1000,1000,1,993.6664
81960.0000,8196,2460.3032,0.0000,147,1000,1000,1,993.6672
81970.0000,8197,2460.2645,0.0000,139,1000,1000,1,993.6680
81980.0000,8198,2460.2251,0.0000,135,1000,1000,1,993.6688
81990.0000,8199,2460.1855,0.0000,135,1000,1000,1,993.6695
82000.0000,8200,2460.1458,0.0000,136,1000,1000,1,993.6703
82010.0000,8201,2460.1060,0.0000,134,1000,1000,1,993.6711
82020.0000,8202,2460.0658,0.0000,128,1000,1000,1,993.6718
82030.0000,8203,2460.0263,0.0000,142,1000,1000,1,993.6726
82040.0000,8204,2459.9875,0.0000,135,1000,1000,1,993.6734
82050.0000,8205,2459.9479,0.0000,137,1000,1000,1,993.6742
82060.0000,8206,2459.9085,0.0000,138,1000,1000,1,993.6749
82070.0000,8207,2459.8690,0.0000,138,1000,1000,1,993.6757
82080.0000,8208,2459.8299,0.0000,141,1000,1000,1,993.6765
82090.0000,8209,2459.7912,0.0000,140,1000,1000,1,993.6772
82100.0000,8210,2459.7523,0.0000,139,1000,1000,1,993.6780
82110.0000,8211,2459.7129,0.0000,137,1000,1000,1,993.6788
82120.0000,8212,2459.6734,0.0000,135,1000,1000,1,993.6795
82130.0000,8213,2459.6340,0.0000,132,1000,1000,1,993.6803
82140.0000,8214,2459.5937,0.0000,128,1000,1000,1,993.6811
82150.0000,8215,2459.5537,0.0000,135,1000,1000,1,993.6819
82160.0000,8216,2459.5137,0.0000,130,1000,1000,1,993.6826
82170.0000,8217,2459.4734,0.0000,129,1000,1000,1,993.6834
82180.0000,8218,2459.4332,0.0000,130,1000,1000,1,993.6842
82190.0000,8219,2459.3927,0.0000,127,1000,1000,1,993.6849
82200.0000,8220,2459.3518,0.0000,121,1000,1000,1,993.6857
82210.0000,8221,2459.3107,0.0000,118,1000,1000,1,993.6865
82220.0000,8222,2459.2690,0.0000,116,1000,1000,1,993.6872
82230.0000,8223,2459.2271,0.0000,114,1000,1000,1,993.6880
82240.0000,8224,2459.1843,0.0000,105,1000,1000,1,993.6888
82250.0000,8225,2459.1411,0.0000,104,1000,1000,1,993.6895
82260.0000,8226,2459.0980,0.0000,104,1000,1000,1,993.6903
82270.0000,8227,2459.0540,0.0000,95,1000,1000,1,993.6911
82280.0000,8228,2459.0100,0.0000,98,1000,1000,1,993.6918
82290.0000,8229,2458.9665,0.0000,103,1000,1000,1,993.6926
82300.0000,8230,2458.9230,0.0000,101,1000,1000,1,993.6934
82310.0000,8231,2458.8790,0.0000,94,1000,1000,1,993.6941
82320.0000,8232,2458.8346,0.0000,92,1000,1000,1,993.6949
82330.0000,8233,2458.7897,0.0000,86,1000,1000,1,993.6957
82340.0000,8234,2458.7443,0.0000,84,1000,1000,1,993.6964
82350.0000,8235,2458.6982,0.0000,76,1000,1000,1,993.6972
82360.0000,8236,2458.6516,0.0000,73,1000,1000,1,993.6980
82370.0000,8237,2458.6044,0.0000,69,1000,1000,1,993.6987
82380.0000,8238,2458.5571,0.0000,68,1000,1000,1,993.6995
82390.0000,8239,2458.5094,0.0000,63,1000,1000,1,993.7003
82400.0000,8240,2458.4611,0.0000,61,1000,1000,1,993.7010
82410.0000,8241,2458.4127,0.0000,59,1000,1000,1,993.7018
82420.0000,8242,2458.3639,0.0000,55,1000,1000,1,993.7026
82430.0000,8243,2458.3150,0.0000,55,1000,1000,1,993.7033
82440.0000,8244,2458.2664,0.0000,60,1000,1000,1,993.7041
82450.0000,8245,2458.2182,0.0000,60,1000,1000,1,993.7048
82460.0000,8246,2458.1696,0.0000,54,1000,1000,1,993.7056
82470.0000,8247,2458.1204,0.0000,50,1000,1000,1,993.7064
82480.0000,8248,2458.0707,0.0000,51,1000,1000,1,993.7071
82490.0000,8249,2458.0217,0.0000,55,1000,1000,1,993.7079
82500.0000,8250,2457.9734,0.0000,58,1000,1000,1,993.7087
82510.0000,8251,2457.9245,0.0000,55,1000,1000,1,993.7094
82520.0000,8252,2457.8757,0.0000,53,1000,1000,1,993.7102
82530.0000,8253,2457.8271,0.0000,59,1000,1000,1,993.7109
82540.0000,8254,2457.7792,0.0000,60,1000,1000,1,993.7117
82550.0000,8255,2457.7315,0.0000,66,1000,1000,1,993.7125
82560.0000,8256,2457.6835,0.0000,61,1000,1000,1,993.7132
82570.0000,8257,2457.6358,0.0000,65,1000,1000,1,993.7140
82580.0000,8258,2457.5880,0.0000,56,1000,1000,1,993.7148
82590.0000,8259,2457.5390,0.0000,50,1000,1000,1,993.7155
82600.0000,8260,2457.4901,0.0000,52,1000,1000,1,993.7163
82610.0000,8261,2457.4413,0.0000,62,1000,1000,1,993.7170
82620.0000,8262,2457.3931,0.0000,59,1000,1000,1,993.7178
82630.0000,8263,2457.3454,0.0000,67,1000,1000,1,993.7186
82640.0000,8264,2457.2984,0.0000,71,1000,1000,1,993.7193
82650.0000,8265,2457.2514,0.0000,67,1000,1000,1,993.7201
82660.0000,8266,2457.2042,0.0000,66,1000,1000,1,993.7208
82670.0000,8267,2457.1574,0.0000,70,1000,1000,1,993.7216
82680.0000,8268,2457.1106,0.0000,71,1000,1000,1,993.7224
82690.0000,8269,2457.0642,0.0000,69,1000,1000,1,993.7231
82700.0000,8270,2457.0168,0.0000,61,1000,1000,1,993.7239
82710.0000,8271,2456.9687,0.0000,59,1000,1000,1,993.7246
82720.0000,8272,2456.9205,0.0000,54,1000,1000,1,993.7254
82730.0000,8273,2456.8717,0.0000,53,1000,1000,1,993.7262
82740.0000,8274,2456.8229,0.0000,52,1000,1000,1,993.7269
82750.0000,8275,2456.7739,0.0000,53,1000,1000,1,993.7277
82760.0000,8276,2456.7250,0.0000,50,1000,1000,1,993.7284
82770.0000,8277,2456.6759,0.0000,52,1000,1000,1,993.7292
82780.0000,8278,2456.6268,0.0000,47,1000,1000,1,993.7299
82790.0000,8279,2456.5772,0.0000,48,1000,1000,1,993.7307
82800.0000,8280,2456.5279,0.0000,47,1000,1000,1,993.7315
82810.0000,8281,2456.4782,0.0000,46,1000,1000,1,993.7322
82820.0000,8282,2456.4282,0.0000,40,1000,1000,1,993.7330
82830.0000,8283,2456.3781,0.0000,42,1000,1000,1,993.7337
82840.0000,8284,2456.3278,0.0000,39,1000,1000,1,993.7345
82850.0000,8285,2456.2774,0.0000,39,1000,1000,1,993.7352
82860.0000,8286,2456.2268,0.0000,37,1000,1000,1,993.7360
82870.0000,8287,2456.1762,0.0000,35,1000,1000,1,993.7368
82880.0000,8288,2456.1256,0.0000,37,1000,1000,1,993.7375
82890.0000,8289,2456.0750,0.0000,34,1000,1000,1,993.7383
82900.0000,8290,2456.0236,0.0000,28,1000,1000,1,993.7390
82910.0000,8291,2455.9718,0.0000,27,1000,1000,1,993.7398
82920.0000,8292,2455.9199,0.0000,24,1000,1000,1,993.7405
82930.0000,8293,2455.8676,0.0000,22,1000,1000,1,993.7413
82940.0000,8294,2455.8154,0.0000,23,1000,1000,1,993.7420
82950.0000,8295,2455.7632,0.0000,25,1000,1000,1,993.7428
82960.0000,8296,2455.7118,0.0000,32,1000,1000,1,993.7435
82970.0000,8297,2455.6611,0.0000,37,1000,1000,1,993.7443
82980.0000,8298,2455.6105,0.0000,32,1000,1000,1,993.7451
82990.0000,8299,2455.5592,0.0000,29,1000,1000,1,993.7458
83000.0000,8300,2455.5070,0.0000,17,1000,1000,1,993.7466
83010.0000,8301,2455.4540,0.0000,16,1000,1000,1,993.7473
83020.0000,8302,2455.4015,0.0000,21,1000,1000,1,993.7481
83030.0000,8303,2455.3493,0.0000,21,1000,1000,1,993.7488
83040.0000,8304,2455.2969,0.0000,18,1000,1000,1,993.7496
83050.0000,8305,2455.2442,0.0000,18,1000,1000,1,993.7503
83060.0000,8306,2455.1909,0.0000,9,1000,1000,1,993.7511
83070.0000,8307,2455.1374,0.0000,12,1000,1000,1,993.7518
83080.0000,8308,2455.0842,0.0000,17,999,1000,1,993.7526
83090.0000,8309,2455.0318,0.0000,23,1000,1000,1,993.7533
83100.0000,8310,2454.9797,0.0000,28,993,1000,1,993.7541
83110.0000,8311,2454.9280,0.0000,34,997,1000,1,993.7548
83120.0000,8312,2454.8777,0.0000,46,994,1000,1,993.7556
83130.0000,8313,2454.8290,0.0000,60,999,1000,1,993.7563
83140.0000,8314,2454.7819,0.0000,69,997,1000,1,993.7571
83150.0000,8315,2454.7357,0.0000,78,1000,1000,1,993.7578
83160.0000,8316,2454.6903,0.0000,84,997,1000,1,993.7586
83170.0000,8317,2454.6465,0.0000,97,998,1000,1,993.7593
83180.0000,8318,2454.6032,0.0000,107,991,1000,1,993.7601
83190.0000,8319,2454.5603,0.0000,115,980,1000,1,993.7608
83200.0000,8320,2454.5171,0.0000,124,970,1000,1,993.7616
83210.0000,8321,2454.4742,0.0000,134,971,1000,1,993.7623
83220.0000,8322,2454.4324,0.0000,147,965,1000,1,993.7631
83230.0000,8323,2454.3919,0.0000,156,967,1000,1,993.7638
83240.0000,8324,2454.3525,0.0000,164,965,1000,1,993.7646
83250.0000,8325,2454.3137,0.0000,167,965,1000,1,993.7653
83260.0000,8326,2454.2744,0.0000,175,956,1000,1,993.7661
83270.0000,8327,2454.2366,0.0000,190,956,1000,1,993.7668
83280.0000,8328,2454.2001,0.0000,202,957,1000,1,993.7676
83290.0000,8329,2454.1658,0.0000,215,961,1000,1,993.7683
83300.0000,8330,2454.1326,0.0000,221,957,1000,1,993.7691
83310.0000,8331,2454.0995,0.0000,227,962,1000,1,993.7698
83320.0000,8332,2454.0681,0.0000,235,960,1000,1,993.7706
83330.0000,8333,2454.0375,0.0000,243,956,1000,1,993.7713
83340.0000,8334,2454.0078,0.0000,253,960,1000,1,993.7721
83350.0000,8335,2453.9791,0.0000,260,953,1000,1,993.7728
83360.0000,8336,2453.9517,0.0000,274,958,1000,1,993.7736
83370.0000,8337,2453.9256,0.0000,280,959,1000,1,993.7743
83380.0000,8338,2453.9000,0.0000,290,952,1000,1,993.7751
83390.0000,8339,2453.8754,0.0000,299,954,1000,1,993.7758
83400.0000,8340,2453.8520,0.0000,312,956,1000,1,993.7766
83410.0000,8341,2453.8308,0.0000,324,962,1000,1,993.7773
83420.0000,8342,2453.8111,0.0000,332,962,1000,1,993.7780
83430.0000,8343,2453.7926,0.0000,343,961,1000,1,993.7788
83440.0000,8344,2453.7745,0.0000,352,951,1000,1,993.7795
83450.0000,8345,2453.7568,0.0000,362,948,1000,1,993.7803
83460.0000,8346,2453.7397,0.0000,369,941,1000,1,993.7810
83470.0000,8347,2453.7227,0.0000,374,939,1000,1,993.7818
83480.0000,8348,2453.7064,0.0000,384,935,1000,1,993.7825
83490.0000,8349,2453.6910,0.0000,395,937,1000,1,993.7833
83500.0000,8350,2453.6780,0.0000,409,942,1000,1,993.7840
83510.0000,8351,2453.6656,0.0000,414,935,1000,1,993.7848
83520.0000,8352,2453.6532,0.0000,419,935,1000,1,993.7855
83530.0000,8353,2453.6420,0.0000,435,929,1000,1,993.7862
83540.0000,8354,2453.6320,0.0000,446,930,1000,1,993.7870
83550.0000,8355,2453.6236,0.0000,455,933,1000,1,993.7877
83560.0000,8356,2453.6167,0.0000,462,937,1000,1,993.7885
83570.0000,8357,2453.6106,0.0000,470,939,1000,1,993.7892
83580.0000,8358,2453.6055,0.0000,479,937,1000,1,993.7900
83590.0000,8359,2453.6012,0.0000,487,934,1000,1,993.7907
83600.0000,8360,2453.5975,0.0000,493,931,1000,1,993.7914
83610.0000,8361,2453.5947,0.0000,505,931,1000,1,993.7922
83620.0000,8362,2453.5933,0.0000,513,929,1000,1,993.7929
83630.0000,8363,2453.5927,0.0000,524,930,1000,1,993.7937
83640.0000,8364,2453.5935,0.0000,530,932,1000,1,993.7944
83650.0000,8365,2453.5945,0.0000,540,926,1000,1,993.7952
83660.0000,8366,2453.5963,0.0000,546,928,1000,1,993.7959
83670.0000,8367,2453.5991,0.0000,553,928,1000,1,993.7966
83680.0000,8368,2453.6026,0.0000,564,926,1000,1,993.7974
83690.0000,8369,2453.6073,0.0000,574,922,1000,1,993.7981
83700.0000,8370,2453.6126,0.0000,586,912,1000,1,993.7989
83710.0000,8371,2453.6182,0.0000,600,903,1000,1,993.7996
83720.0000,8372,2453.6238,0.0000,603,899,1000,1,993.8003
83730.0000,8373,2453.6303,0.0000,615,898,1000,1,993.8011
83740.0000,8374,2453.6381,0.0000,627,895,1000,1,993.8018
83750.0000,8375,2453.6464,0.0000,636,890,1000,1,993.8026
83760.0000,8376,2453.6555,0.0000,644,891,1000,1,993.8033
83770.0000,8377,2453.6657,0.0000,653,890,1000,1,993.8040
83780.0000,8378,2453.6766,0.0000,664,888,1000,1,993.8048
83790.0000,8379,2453.6889,0.0000,676,885,1000,1,993.8055
83800.0000,8380,2453.7019,0.0000,682,882,1000,1,993.8063
83810.0000,8381,2453.7159,0.0000,699,878,1000,1,993.8070
83820.0000,8382,2453.7308,0.0000,710,873,1000,1,993.8077
83830.0000,8383,2453.7470,0.0000,722,872,1000,1,993.8085
83840.0000,8384,2453.7643,0.0000,729,873,1000,1,993.8092
83850.0000,8385,2453.7826,0.0000,738,876,1000,1,993.8100
83860.0000,8386,2453.8024,0.0000,743,879,1000,1,993.8107
83870.0000,8387,2453.8223,0.0000,756,875,1000,1,993.8114
83880.0000,8388,2453.8437,0.0000,765,875,1000,1,993.8122
83890.0000,8389,2453.8659,0.0000,769,874,1000,1,993.8129
83900.0000,8390,2453.8891,0.0000,778,875,1000,1,993.8136
83910.0000,8391,2453.9133,0.0000,786,876,1000,1,993.8144
83920.0000,8392,2453.9390,0.0000,800,880,1000,1,993.8151
83930.0000,8393,2453.9664,0.0000,811,879,1000,1,993.8159
83940.0000,8394,2453.9946,0.0000,818,875,1000,1,993.8166
83950.0000,8395,2454.0238,0.0000,825,877,1000,1,993.8173
83960.0000,8396,2454.0536,0.0000,834,875,1000,1,993.8181
83970.0000,8397,2454.0843,0.0000,843,878,1000,1,993.8188
83980.0000,8398,2454.1162,0.0000,851,879,1000,1,993.8195
83990.0000,8399,2454.1491,0.0000,858,874,1000,1,993.8203
84000.0000,8400,2454.1824,0.0000,863,873,1000,1,993.8210
84010.0000,8401,2454.2163,0.0000,870,873,1000,1,993.8217
84020.0000,8402,2454.2511,0.0000,881,871,1000,1,993.8225
84030.0000,8403,2454.2871,0.0000,891,869,1000,1,993.8232
84040.0000,8404,2454.3243,0.0000,902,874,1000,1,993.8239
84050.0000,8405,2454.3627,0.0000,910,871,1000,1,993.8247
84060.0000,8406,2454.4017,0.0000,914,869,1000,1,993.8254
84070.0000,8407,2454.4415,0.0000,928,868,1000,1,993.8262
84080.0000,8408,2454.4821,0.0000,937,863,1000,1,993.8269
84090.0000,8409,2454.5233,0.0000,944,856,1000,1,993.8276
84100.0000,8410,2454.5651,0.0000,960,853,1000,1,993.8284
84110.0000,8411,2454.6086,0.0000,968,862,1000,1,993.8291
84120.0000,8412,2454.6539,0.0000,979,864,1000,1,993.8298
84130.0000,8413,2454.7011,0.0000,994,865,1000,1,993.8306
84140.0000,8414,2454.7498,0.0000,1000,860,1000,1,993.8313
84150.0000,8415,2454.7981,0.0000,1000,864,1000,1,993.8320
84160.0000,8416,2454.8462,0.0000,1000,859,1000,1,993.8328
84170.0000,8417,2454.8941,0.0000,1000,853,1000,1,993.8335
84180.0000,8418,2454.9411,0.0000,1000,847,1000,1,993.8342
84190.0000,8419,2454.9875,0.0000,1000,847,1000,1,993.8350
84200.0000,8420,2455.0345,0.0000,1000,847,1000,1,993.8357
84210.0000,8421,2455.0812,0.0000,1000,851,1000,1,993.8364
84220.0000,8422,2455.1280,0.0000,1000,847,1000,1,993.8371
84230.0000,8423,2455.1734,0.0000,1000,835,1000,1,993.8379
84240.0000,8424,2455.2186,0.0000,1000,837,1000,1,993.8386
84250.0000,8425,2455.2638,0.0000,1000,841,1000,1,993.8393
84260.0000,8426,2455.3098,0.0000,1000,842,1000,1,993.8401
84270.0000,8427,2455.3556,0.0000,1000,838,1000,1,993.8408
84280.0000,8428,2455.4014,0.0000,1000,845,1000,1,993.8415
84290.0000,8429,2455.4472,0.0000,1000,839,1000,1,993.8423
84300.0000,8430,2455.4929,0.0000,1000,842,1000,1,993.8430
84310.0000,8431,2455.5387,0.0000,1000,841,1000,1,993.8437
84320.0000,8432,2455.5847,0.0000,1000,842,1000,1,993.8445
84330.0000,8433,2455.6303,0.0000,1000,839,1000,1,993.8452
84340.0000,8434,2455.6763,0.0000,1000,850,1000,1,993.8459
84350.0000,8435,2455.7231,0.0000,1000,852,1000,1,993.8466
84360.0000,8436,2455.7700,0.0000,1000,854,1000,1,993.8474
84370.0000,8437,2455.8176,0.0000,1000,859,1000,1,993.8481
84380.0000,8438,2455.8657,0.0000,1000,866,1000,1,993.8488
84390.0000,8439,2455.9141,0.0000,1000,864,1000,1,993.8496
84400.0000,8440,2455.9616,0.0000,1000,852,1000,1,993.8503
84410.0000,8441,2456.0083,0.0000,1000,848,1000,1,993.8510
84420.0000,8442,2456.0546,0.0000,1000,846,1000,1,993.8517
84430.0000,8443,2456.1006,0.0000,1000,844,1000,1,993.8525
84440.0000,8444,2456.1462,0.0000,1000,842,1000,1,993.8532
84450.0000,8445,2456.1916,0.0000,1000,838,1000,1,993.8539
84460.0000,8446,2456.2363,0.0000,1000,833,1000,1,993.8547
84470.0000,8447,2456.2803,0.0000,1000,826,1000,1,993.8554
84480.0000,8448,2456.3242,0.0000,1000,828,1000,1,993.8561
84490.0000,8449,2456.3682,0.0000,1000,830,1000,1,993.8568
84500.0000,8450,2456.4127,0.0000,1000,835,1000,1,993.8576
84510.0000,8451,2456.4575,0.0000,1000,836,1000,1,993.8583
84520.0000,8452,2456.5026,0.0000,1000,843,1000,1,993.8590
84530.0000,8453,2456.5484,0.0000,1000,842,1000,1,993.8597
84540.0000,8454,2456.5941,0.0000,1000,844,1000,1,993.8605
84550.0000,8455,2456.6399,0.0000,1000,843,1000,1,993.8612
84560.0000,8456,2456.6855,0.0000,1000,839,1000,1,993.8619
84570.0000,8457,2456.7310,0.0000,1000,841,1000,1,993.8627
84580.0000,8458,2456.7761,0.0000,1000,841,1000,1,993.8634
84590.0000,8459,2456.8215,0.0000,1000,842,1000,1,993.8641
84600.0000,8460,2456.8669,0.0000,1000,836,1000,1,993.8648
84610.0000,8461,2456.9121,0.0000,1000,840,1000,1,993.8656
84620.0000,8462,2456.9572,0.0000,1000,837,1000,1,993.8663
84630.0000,8463,2457.0021,0.0000,1000,832,1000,1,993.8670
84640.0000,8464,2457.0465,0.0000,1000,835,1000,1,993.8677
84650.0000,8465,2457.0910,0.0000,1000,827,1000,1,993.8685
84660.0000,8466,2457.1347,0.0000,1000,823,1000,1,993.8692
84670.0000,8467,2457.1773,0.0000,1000,819,1000,1,993.8699
84680.0000,8468,2457.2200,0.0000,1000,819,1000,1,993.8706
84690.0000,8469,2457.2625,0.0000,1000,818,1000,1,993.8713
84700.0000,8470,2457.3055,0.0000,1000,822,1000,1,993.8721
84710.0000,8471,2457.3488,0.0000,1000,825,1000,1,993.8728
84720.0000,8472,2457.3927,0.0000,1000,832,1000,1,993.8735
84730.0000,8473,2457.4364,0.0000,1000,825,1000,1,993.8742
84740.0000,8474,2457.4799,0.0000,1000,830,1000,1,993.8750
84750.0000,8475,2457.5236,0.0000,1000,826,1000,1,993.8757
84760.0000,8476,2457.5668,0.0000,1000,824,1000,1,993.8764
84770.0000,8477,2457.6099,0.0000,1000,825,1000,1,993.8771
84780.0000,8478,2457.6534,0.0000,1000,826,1000,1,993.8779
84790.0000,8479,2457.6967,0.0000,1000,826,1000,1,993.8786
84800.0000,8480,2457.7401,0.0000,1000,829,1000,1,993.8793
84810.0000,8481,2457.7839,0.0000,1000,831,1000,1,993.8800
84820.0000,8482,2457.8281,0.0000,1000,837,1000,1,993.8807
84830.0000,8483,2457.8732,0.0000,1000,843,1000,1,993.8815
84840.0000,8484,2457.9185,0.0000,1000,841,1000,1,993.8822
84850.0000,8485,2457.9636,0.0000,1000,842,1000,1,993.8829
84860.0000,8486,2458.0091,0.0000,1000,845,1000,1,993.8836
84870.0000,8487,2458.0548,0.0000,1000,842,1000,1,993.8843
84880.0000,8488,2458.1003,0.0000,1000,845,1000,1,993.8851
84890.0000,8489,2458.1454,0.0000,1000,839,1000,1,993.8858
84900.0000,8490,2458.1898,0.0000,1000,835,1000,1,993.8865
84910.0000,8491,2458.2343,0.0000,1000,832,1000,1,993.8872
84920.0000,8492,2458.2789,0.0000,1000,840,1000,1,993.8879
84930.0000,8493,2458.3236,0.0000,1000,838,1000,1,993.8887
84940.0000,8494,2458.3680,0.0000,1000,838,1000,1,993.8894
84950.0000,8495,2458.4125,0.0000,1000,834,1000,1,993.8901
84960.0000,8496,2458.4566,0.0000,1000,833,1000,1,993.8908
84970.0000,8497,2458.5005,0.0000,1000,826,1000,1,993.8915
84980.0000,8498,2458.5435,0.0000,1000,821,1000,1,993.8923
84990.0000,8499,2458.5859,0.0000,1000,816,1000,1,993.8930
85000.0000,8500,2458.6282,0.0000,1000,818,1000,1,993.8937
85010.0000,8501,2458.6702,0.0000,1000,816,1000,1,993.8944
85020.0000,8502,2458.7125,0.0000,1000,822,1000,1,993.8951
85030.0000,8503,2458.7553,0.0000,1000,822,1000,1,993.8959
85040.0000,8504,2458.7981,0.0000,1000,823,1000,1,993.8966
85050.0000,8505,2458.8406,0.0000,1000,820,1000,1,993.8973
85060.0000,8506,2458.8832,0.0000,1000,821,1000,1,993.8980
85070.0000,8507,2458.9255,0.0000,1000,818,1000,1,993.8987
85080.0000,8508,2458.9677,0.0000,1000,817,1000,1,993.8994
85090.0000,8509,2459.0097,0.0000,1000,817,1000,1,993.9002
85100.0000,8510,2459.0514,0.0000,1000,814,1000,1,993.9009
85110.0000,8511,2459.0927,0.0000,1000,811,1000,1,993.9016
85120.0000,8512,2459.1337,0.0000,1000,808,1000,1,993.9023
85130.0000,8513,2459.1739,0.0000,1000,799,1000,1,993.9030
85140.0000,8514,2459.2135,0.0000,1000,795,1000,1,993.9037
85150.0000,8515,2459.2533,0.0000,1000,798,1000,1,993.9045
85160.0000,8516,2459.2929,0.0000,1000,797,1000,1,993.9052
85170.0000,8517,2459.3327,0.0000,1000,800,1000,1,993.9059
85180.0000,8518,2459.3728,0.0000,1000,801,1000,1,993.9066
85190.0000,8519,2459.4133,0.0000,1000,807,1000,1,993.9073
85200.0000,8520,2459.4535,0.0000,1000,801,1000,1,993.9080
85210.0000,8521,2459.4932,0.0000,1000,796,1000,1,993.9087
85220.0000,8522,2459.5320,0.0000,1000,790,1000,1,993.9095
85230.0000,8523,2459.5712,0.0000,1000,803,1000,1,993.9102
85240.0000,8524,2459.6114,0.0000,1000,802,1000,1,993.9109
85250.0000,8525,2459.6512,0.0000,1000,795,1000,1,993.9116
85260.0000,8526,2459.6906,0.0000,1000,797,1000,1,993.9123
85270.0000,8527,2459.7295,0.0000,1000,787,1000,1,993.9130
85280.0000,8528,2459.7675,0.0000,1000,779,1000,1,993.9137
85290.0000,8529,2459.8045,0.0000,1000,773,1000,1,993.9145
85300.0000,8530,2459.8415,0.0000,1000,778,1000,1,993.9152
85310.0000,8531,2459.8784,0.0000,1000,776,1000,1,993.9159
85320.0000,8532,2459.9151,0.0000,1000,773,1000,1,993.9166
85330.0000,8533,2459.9514,0.0000,1000,763,1000,1,993.9173
85340.0000,8534,2459.9865,0.0000,1000,756,1000,1,993.9180
85350.0000,8535,2460.0209,0.0000,1000,750,1000,1,993.9187
85360.0000,8536,2460.0554,0.0000,1000,752,1000,1,993.9195
85370.0000,8537,2460.0895,0.0000,1000,748,1000,1,993.9202
85380.0000,8538,2460.1236,0.0000,1000,755,1000,1,993.9209
85390.0000,8539,2460.1583,0.0000,1000,753,1000,1,993.9216
85400.0000,8540,2460.1923,0.0000,1000,747,1000,1,993.9223
85410.0000,8541,2460.2258,0.0000,1000,747,1000,1,993.9230
85420.0000,8542,2460.2596,0.0000,1000,750,1000,1,993.9237
85430.0000,8543,2460.2936,0.0000,1000,752,1000,1,993.9244
85440.0000,8544,2460.3281,0.0000,1000,758,1000,1,993.9251
85450.0000,8545,2460.3629,0.0000,1000,757,1000,1,993.9259
85460.0000,8546,2460.3978,0.0000,1000,761,1000,1,993.9266
85470.0000,8547,2460.4328,0.0000,1000,761,1000,1,993.9273
85480.0000,8548,2460.4678,0.0000,1000,759,1000,1,993.9280
85490.0000,8549,2460.5025,0.0000,1000,760,1000,1,993.9287
85500.0000,8550,2460.5376,0.0000,1000,764,1000,1,993.9294
85510.0000,8551,2460.5733,0.0000,1000,767,1000,1,993.9301
85520.0000,8552,2460.6093,0.0000,1000,772,1000,1,993.9308
85530.0000,8553,2460.6458,0.0000,1000,775,1000,1,993.9315
85540.0000,8554,2460.6822,0.0000,1000,768,1000,1,993.9322
85550.0000,8555,2460.7180,0.0000,1000,768,1000,1,993.9330
85560.0000,8556,2460.7539,0.0000,1000,765,1000,1,993.9337
85570.0000,8557,2460.7892,0.0000,1000,760,1000,1,993.9344
85580.0000,8558,2460.8239,0.0000,1000,752,1000,1,993.9351
85590.0000,8559,2460.8576,0.0000,1000,747,1000,1,993.9358
85600.0000,8560,2460.8907,0.0000,1000,741,1000,1,993.9365
85610.0000,8561,2460.9238,0.0000,1000,749,1000,1,993.9372
85620.0000,8562,2460.9577,0.0000,1000,751,1000,1,993.9379
85630.0000,8563,2460.9913,0.0000,1000,750,1000,1,993.9386
85640.0000,8564,2461.0249,0.0000,1000,751,1000,1,993.9393
85650.0000,8565,2461.0588,0.0000,1000,752,1000,1,993.9400
85660.0000,8566,2461.0929,0.0000,1000,752,1000,1,993.9407
85670.0000,8567,2461.1270,0.0000,1000,756,1000,1,993.9415
85680.0000,8568,2461.1612,0.0000,1000,752,1000,1,993.9422
85690.0000,8569,2461.1949,0.0000,1000,746,1000,1,993.9429
85700.0000,8570,2461.2282,0.0000,1000,744,1000,1,993.9436
85710.0000,8571,2461.2612,0.0000,1000,739,1000,1,993.9443
85720.0000,8572,2461.2939,0.0000,1000,743,1000,1,993.9450
85730.0000,8573,2461.3264,0.0000,1000,735,1000,1,993.9457
85740.0000,8574,2461.3577,0.0000,1000,726,1000,1,993.9464
85750.0000,8575,2461.3889,0.0000,1000,730,1000,1,993.9471
85760.0000,8576,2461.4197,0.0000,1000,725,1000,1,993.9478
85770.0000,8577,2461.4504,0.0000,1000,725,1000,1,993.9485
85780.0000,8578,2461.4815,0.0000,1000,731,1000,1,993.9492
85790.0000,8579,2461.5131,0.0000,1000,735,1000,1,993.9499
85800.0000,8580,2461.5449,0.0000,1000,734,1000,1,993.9506
85810.0000,8581,2461.5766,0.0000,1000,731,1000,1,993.9513
85820.0000,8582,2461.6080,0.0000,1000,733,1000,1,993.9520
85830.0000,8583,2461.6399,0.0000,1000,738,1000,1,993.9528
85840.0000,8584,2461.6718,0.0000,1000,737,1000,1,993.9535
85850.0000,8585,2461.7031,0.0000,1000,730,1000,1,993.9542
85860.0000,8586,2461.7347,0.0000,1000,733,1000,1,993.9549
85870.0000,8587,2461.7660,0.0000,1000,728,1000,1,993.9556
85880.0000,8588,2461.7973,0.0000,1000,729,1000,1,993.9563
85890.0000,8589,2461.8287,0.0000,1000,739,1000,1,993.9570
85900.0000,8590,2461.8612,0.0000,1000,742,1000,1,993.9577
85910.0000,8591,2461.8942,0.0000,1000,749,1000,1,993.9584
85920.0000,8592,2461.9277,0.0000,1000,748,1000,1,993.9591
85930.0000,8593,2461.9610,0.0000,1000,748,1000,1,993.9598
85940.0000,8594,2461.9945,0.0000,1000,749,1000,1,993.9605
85950.0000,8595,2462.0285,0.0000,1000,757,1000,1,993.9612
85960.0000,8596,2462.0627,0.0000,1000,755,1000,1,993.9619
85970.0000,8597,2462.0967,0.0000,1000,752,1000,1,993.9626
85980.0000,8598,2462.1303,0.0000,1000,752,1000,1,993.9633
85990.0000,8599,2462.1636,0.0000,1000,750,1000,1,993.9640
86000.0000,8600,2462.1969,0.0000,1000,747,1000,1,993.9647
86010.0000,8601,2462.2301,0.0000,1000,752,1000,1,993.9654
86020.0000,8602,2462.2638,0.0000,1000,748,1000,1,993.9661
86030.0000,8603,2462.2969,0.0000,1000,741,1000,1,993.9668
86040.0000,8604,2462.3291,0.0000,1000,740,1000,1,993.9675
86050.0000,8605,2462.3608,0.0000,1000,734,1000,1,993.9682
86060.0000,8606,2462.3926,0.0000,1000,731,1000,1,993.9689
86070.0000,8607,2462.4240,0.0000,1000,737,1000,1,993.9696
86080.0000,8608,2462.4552,0.0000,1000,726,1000,1,993.9703
86090.0000,8609,2462.4860,0.0000,1000,728,1000,1,993.9710
86100.0000,8610,2462.5166,0.0000,1000,728,1000,1,993.9717
86110.0000,8611,2462.5476,0.0000,1000,730,1000,1,993.9724
86120.0000,8612,2462.5781,0.0000,1000,724,1000,1,993.9731
86130.0000,8613,2462.6083,0.0000,1000,719,1000,1,993.9738
86140.0000,8614,2462.6382,0.0000,1000,722,1000,1,993.9745
86150.0000,8615,2462.6684,0.0000,1000,725,1000,1,993.9752
86160.0000,8616,2462.6984,0.0000,1000,720,1000,1,993.9759
86170.0000,8617,2462.7280,0.0000,1000,718,1000,1,993.9766
86180.0000,8618,2462.7579,0.0000,1000,724,1000,1,993.9773
86190.0000,8619,2462.7885,0.0000,1000,733,1000,1,993.9780
86200.0000,8620,2462.8197,0.0000,1000,731,1000,1,993.9787
86210.0000,8621,2462.8509,0.0000,1000,731,1000,1,993.9794
86220.0000,8622,2462.8818,0.0000,1000,729,1000,1,993.9801
86230.0000,8623,2462.9129,0.0000,1000,731,1000,1,993.9808
86240.0000,8624,2462.9442,0.0000,1000,737,1000,1,993.9815
86250.0000,8625,2462.9758,0.0000,1000,735,1000,1,993.9822
86260.0000,8626,2463.0078,0.0000,1000,741,1000,1,993.9829
86270.0000,8627,2463.0402,0.0000,1000,746,1000,1,993.9836
86280.0000,8628,2463.0729,0.0000,1000,746,1000,1,993.9843
86290.0000,8629,2463.1052,0.0000,1000,741,1000,1,993.9850
86300.0000,8630,2463.1375,0.0000,1000,744,1000,1,993.9857
86310.0000,8631,2463.1695,0.0000,1000,737,1000,1,993.9864
86320.0000,8632,2463.2010,0.0000,1000,732,1000,1,993.9871
86330.0000,8633,2463.2322,0.0000,1000,735,1000,1,993.9878
86340.0000,8634,2463.2637,0.0000,1000,737,1000,1,993.9885
86350.0000,8635,2463.2956,0.0000,1000,742,1000,1,993.9892
86360.0000,8636,2463.3278,0.0000,1000,740,1000,1,993.9899
86370.0000,8637,2463.3598,0.0000,1000,738,1000,1,993.9906
86380.0000,8638,2463.3917,0.0000,1000,737,1000,1,993.9913
86390.0000,8639,2463.4234,0.0000,1000,737,1000,1,993.9920
86400.0000,8640,2463.4545,0.0000,1000,730,1000,1,993.9926
86410.0000,8641,2463.4853,0.0000,1000,730,1000,1,993.9933
