timestamp,sample_idx,system_occupancy,avg_wait_error,q0_len,q1_len,q2_len,server_busy,little_error
10.0000,1,9.4315,0.0000,5,9,3,1,4.1954
20.0000,2,20.6419,0.0000,13,21,15,1,9.1047
30.0000,3,33.4495,0.0000,11,29,25,1,14.7538
40.0000,4,44.0746,0.0000,12,40,35,1,20.0454
50.0000,5,54.5718,0.0000,9,50,46,1,24.8491
60.0000,6,64.7961,0.0000,12,58,54,1,29.6967
70.0000,7,73.6558,0.0000,7,67,54,1,34.4895
80.0000,8,81.5032,0.0000,8,75,63,1,39.0104
90.0000,9,89.9183,0.0000,17,81,72,1,43.2451
100.0000,10,98.4565,0.0000,13,85,81,1,47.2449
110.0000,11,106.6755,0.0000,19,95,87,1,51.1307
120.0000,12,115.5211,0.0000,19,106,96,1,55.2638
130.0000,13,123.8828,0.0000,13,113,106,1,59.4326
140.0000,14,132.1727,0.0000,13,121,116,1,63.5810
150.0000,15,140.6636,0.0000,8,134,129,1,67.8794
160.0000,16,149.1610,0.0000,5,140,138,1,72.1406
170.0000,17,157.6347,0.0000,5,148,149,1,76.4575
180.0000,18,166.2916,0.0000,10,160,157,1,80.7660
190.0000,19,174.9603,0.0000,1,167,169,1,85.1160
200.0000,20,183.3782,0.0000,2,173,175,1,89.3608
210.0000,21,191.9039,0.0000,7,183,182,1,93.6866
220.0000,22,200.3652,0.0000,1,194,187,1,98.0022
230.0000,23,208.7865,0.0000,9,201,194,1,102.3211
240.0000,24,217.2003,0.0000,17,210,193,1,106.5936
250.0000,25,225.3954,0.0000,23,220,185,1,110.9513
260.0000,26,233.6231,0.0000,34,225,188,1,115.2790
270.0000,27,241.7589,0.0000,43,235,181,1,119.4939
280.0000,28,249.8347,0.0000,54,246,180,1,123.8287
290.0000,29,258.0671,0.0000,63,255,177,1,128.1972
300.0000,30,266.3045,0.0000,78,268,176,1,132.6311
310.0000,31,274.8941,0.0000,88,278,177,1,137.1547
320.0000,32,283.4781,0.0000,95,285,180,1,141.6739
330.0000,33,292.3783,0.0000,103,301,183,1,146.2874
340.0000,34,301.2374,0.0000,111,312,181,1,150.9813
350.0000,35,309.9882,0.0000,119,316,180,1,155.6231
360.0000,36,318.7638,0.0000,125,331,177,1,160.2560
370.0000,37,327.4713,0.0000,131,338,181,1,164.9824
380.0000,38,336.2866,0.0000,142,353,180,1,169.7039
390.0000,39,345.1733,0.0000,154,361,177,1,174.4907
400.0000,40,354.0202,0.0000,160,369,173,1,179.2841
410.0000,41,362.7710,0.0000,172,375,177,1,183.9862
420.0000,42,371.5311,0.0000,177,383,174,1,188.6385
430.0000,43,380.1210,0.0000,188,388,172,1,193.2056
440.0000,44,388.7670,0.0000,199,399,169,1,197.7809
450.0000,45,397.3878,0.0000,205,406,172,1,202.3546
460.0000,46,405.8381,0.0000,212,414,163,1,206.8610
470.0000,47,414.1240,0.0000,219,424,167,1,211.3499
480.0000,48,422.5227,0.0000,228,433,161,1,215.8946
490.0000,49,430.8034,0.0000,236,438,158,1,220.3673
500.0000,50,439.0477,0.0000,246,445,162,1,224.8167
510.0000,51,447.2809,0.0000,255,453,157,1,229.2161
520.0000,52,455.3682,0.0000,262,461,154,1,233.5879
530.0000,53,463.4517,0.0000,274,468,154,1,237.9385
540.0000,54,471.6047,0.0000,282,476,153,1,242.3040
550.0000,55,479.6289,0.0000,288,481,146,1,246.6105
560.0000,56,487.6042,0.0000,296,492,145,1,250.9085
570.0000,57,495.5653,0.0000,304,499,146,1,255.1934
580.0000,58,503.5278,0.0000,308,510,141,1,259.5101
590.0000,59,511.4488,0.0000,325,518,140,1,263.8170
600.0000,60,519.5210,0.0000,332,526,146,1,268.1369
610.0000,61,527.5938,0.0000,346,535,140,1,272.4219
620.0000,62,535.7351,0.0000,350,545,143,1,276.7276
630.0000,63,543.8631,0.0000,353,557,148,1,281.0700
640.0000,64,551.9933,0.0000,362,567,143,1,285.4676
650.0000,65,560.1601,0.0000,373,574,142,1,289.8364
660.0000,66,568.2542,0.0000,379,588,136,1,294.2561
670.0000,67,576.3084,0.0000,387,593,135,1,298.6717
680.0000,68,584.3826,0.0000,400,602,131,1,303.0675
690.0000,69,592.4077,0.0000,408,605,128,1,307.4350
700.0000,70,600.2929,0.0000,414,612,121,1,311.7266
710.0000,71,608.0349,0.0000,422,619,113,1,316.0063
720.0000,72,615.7274,0.0000,430,623,114,1,320.2471
730.0000,73,623.3783,0.0000,442,632,109,1,324.4577
740.0000,74,631.1260,0.0000,452,643,112,1,328.7010
750.0000,75,638.8406,0.0000,457,650,109,1,332.9351
760.0000,76,646.5845,0.0000,467,658,114,1,337.1538
770.0000,77,654.4178,0.0000,477,667,116,1,341.3940
780.0000,78,662.2710,0.0000,479,677,114,1,345.6479
790.0000,79,670.0935,0.0000,487,688,111,1,349.9316
800.0000,80,677.8059,0.0000,493,690,110,1,354.1676
810.0000,81,685.5460,0.0000,505,698,110,1,358.3558
820.0000,82,693.3054,0.0000,517,708,103,1,362.5700
830.0000,83,701.0311,0.0000,524,715,106,1,366.7784
840.0000,84,708.8772,0.0000,540,726,103,1,370.9928
850.0000,85,716.7826,0.0000,552,739,100,1,375.2612
860.0000,86,724.7192,0.0000,563,745,101,1,379.5180
870.0000,87,732.6244,0.0000,571,749,99,1,383.7456
880.0000,88,740.5561,0.0000,580,756,107,1,387.9298
890.0000,89,748.5009,0.0000,588,767,102,1,392.1200
900.0000,90,756.4519,0.0000,602,774,95,1,396.3192
910.0000,91,764.3945,0.0000,612,783,92,1,400.5224
920.0000,92,772.3680,0.0000,622,795,94,1,404.7463
930.0000,93,780.4308,0.0000,630,803,101,1,408.9739
940.0000,94,788.5762,0.0000,640,815,102,1,413.2444
950.0000,95,796.7744,0.0000,647,825,105,1,417.5299
960.0000,96,804.9294,0.0000,653,835,95,1,421.8313
970.0000,97,812.9936,0.0000,660,843,93,1,426.1273
980.0000,98,821.1466,0.0000,670,858,93,1,430.4669
990.0000,99,829.3140,0.0000,676,867,94,1,434.8356
1000.0000,100,837.4959,0.0000,689,875,94,1,439.1911
1010.0000,101,845.6919,0.0000,705,884,87,1,443.5369
1020.0000,102,853.9107,0.0000,712,892,87,1,447.8936
1030.0000,103,862.1455,0.0000,720,905,86,1,452.2631
1040.0000,104,870.4072,0.0000,732,910,88,1,456.6434
1050.0000,105,878.6719,0.0000,739,922,81,1,461.0297
1060.0000,106,886.8915,0.0000,745,933,84,1,465.4353
1070.0000,107,895.1709,0.0000,757,944,80,1,469.8525
1080.0000,108,903.5061,0.0000,763,956,90,1,474.3122
1090.0000,109,911.8924,0.0000,769,964,88,1,478.7723
1100.0000,110,920.1920,0.0000,774,972,83,1,483.2236
1110.0000,111,928.4588,0.0000,785,981,81,1,487.6681
1120.0000,112,936.7720,0.0000,792,997,79,1,492.1476
1130.0000,113,945.0398,0.0000,797,1000,75,1,496.6330
1140.0000,114,953.2084,0.0000,805,1000,78,1,501.0485
1150.0000,115,961.3214,0.0000,814,1000,76,1,505.3872
1160.0000,116,969.3602,0.0000,819,1000,79,1,509.6511
1170.0000,117,977.2893,0.0000,827,1000,74,1,513.8421
1180.0000,118,985.1703,0.0000,839,1000,71,1,517.9621
1190.0000,119,993.0193,0.0000,849,1000,77,1,522.0128
1200.0000,120,1000.8626,0.0000,856,1000,82,1,525.9960
1210.0000,121,1008.6745,0.0000,871,1000,89,1,529.9134
1220.0000,122,1016.4876,0.0000,883,1000,88,1,533.7666
1230.0000,123,1024.3132,0.0000,891,1000,93,1,537.5571
1240.0000,124,1032.0850,0.0000,898,1000,97,1,541.2865
1250.0000,125,1039.7807,0.0000,909,1000,87,1,544.9562
1260.0000,126,1047.3955,0.0000,919,1000,85,1,548.5677
1270.0000,127,1054.9398,0.0000,930,1000,80,1,552.1222
1280.0000,128,1062.4207,0.0000,936,1000,75,1,555.6213
1290.0000,129,1069.7972,0.0000,944,1000,73,1,559.0661
1300.0000,130,1077.1608,0.0000,950,1000,81,1,562.4579
1310.0000,131,1084.4997,0.0000,956,1000,89,1,565.7979
1320.0000,132,1091.8158,0.0000,963,1000,86,1,569.0873
1330.0000,133,1099.0504,0.0000,981,1000,84,1,572.3272
1340.0000,134,1106.2764,0.0000,993,1000,78,1,575.5188
1350.0000,135,1113.4754,0.0000,1000,1000,78,1,578.6631
1360.0000,136,1120.5391,0.0000,1000,1000,68,1,581.7612
1370.0000,137,1127.4534,0.0000,1000,1000,65,1,584.8140
1380.0000,138,1134.2925,0.0000,1000,1000,77,1,587.8226
1390.0000,139,1141.0680,0.0000,1000,1000,73,1,590.7879
1400.0000,140,1147.7511,0.0000,1000,1000,78,1,593.7109
1410.0000,141,1154.3891,0.0000,1000,1000,87,1,596.5924
1420.0000,142,1160.9426,0.0000,1000,1000,82,1,599.4333
1430.0000,143,1167.4112,0.0000,1000,1000,88,1,602.2344
1440.0000,144,1173.7951,0.0000,1000,1000,90,1,604.9967
1450.0000,145,1180.0904,0.0000,1000,1000,85,1,607.7209
1460.0000,146,1186.2820,0.0000,1000,1000,81,1,610.4077
1470.0000,147,1192.3956,0.0000,1000,1000,85,1,613.0580
1480.0000,148,1198.3945,0.0000,1000,1000,77,1,615.6725
1490.0000,149,1204.3214,0.0000,1000,1000,83,1,618.2518
1500.0000,150,1210.1474,0.0000,1000,1000,75,1,620.7968
1510.0000,151,1215.8850,0.0000,1000,1000,78,1,623.3081
1520.0000,152,1221.5331,0.0000,1000,1000,71,1,625.7863
1530.0000,153,1227.0580,0.0000,1000,1000,65,1,628.2322
1540.0000,154,1232.4803,0.0000,1000,1000,60,1,630.6463
1550.0000,155,1237.8163,0.0000,1000,1000,60,1,633.0292
1560.0000,156,1243.0768,0.0000,1000,1000,58,1,635.3816
1570.0000,157,1248.2569,0.0000,1000,1000,54,1,637.7040
1580.0000,158,1253.3625,0.0000,1000,1000,52,1,639.9970
1590.0000,159,1258.3692,0.0000,1000,1000,47,1,642.2612
1600.0000,160,1263.2978,0.0000,1000,1000,45,1,644.4970
1610.0000,161,1268.1291,0.0000,1000,1000,39,1,646.7051
1620.0000,162,1272.8833,0.0000,1000,1000,38,1,648.8860
1630.0000,163,1277.5673,0.0000,1000,1000,36,1,651.0400
1640.0000,164,1282.1970,0.0000,1000,1000,34,1,653.1678
1650.0000,165,1286.7377,0.0000,1000,1000,34,1,655.2698
1660.0000,166,1291.2211,0.0000,1000,1000,25,1,657.3465
1670.0000,167,1295.6102,0.0000,1000,1000,22,1,659.3983
1680.0000,168,1299.9287,0.0000,1000,1000,19,1,661.4257
1690.0000,169,1304.1711,0.0000,1000,1000,15,1,663.4291
1700.0000,170,1308.3384,0.0000,1000,1000,11,1,665.4090
1710.0000,171,1312.4359,0.0000,1000,1000,8,1,667.3656
1720.0000,172,1316.4703,0.0000,1000,1000,5,1,669.2996
1730.0000,173,1320.4364,0.0000,998,1000,1,1,671.2111
1740.0000,174,1324.3511,0.0000,1000,1000,0,1,673.1007
1750.0000,175,1328.2238,0.0000,1000,1000,0,1,674.9687
1760.0000,176,1332.0479,0.0000,996,1000,7,1,676.8155
1770.0000,177,1335.8572,0.0000,993,1000,17,1,678.6414
1780.0000,178,1339.6536,0.0000,990,1000,27,1,680.4468
1790.0000,179,1343.4620,0.0000,989,1000,34,1,682.2320
1800.0000,180,1347.2362,0.0000,979,1000,40,1,683.9974
1810.0000,181,1350.9927,0.0000,985,1000,51,1,685.7432
1820.0000,182,1354.7987,0.0000,988,1000,58,1,687.4699
1830.0000,183,1358.6369,0.0000,992,1000,72,1,689.1777
1840.0000,184,1362.4869,0.0000,995,1000,78,1,690.8670
1850.0000,185,1366.3372,0.0000,994,1000,82,1,692.5380
1860.0000,186,1370.1421,0.0000,986,1000,89,1,694.1910
1870.0000,187,1373.9507,0.0000,982,1000,100,1,695.8263
1880.0000,188,1377.7426,0.0000,979,1000,111,1,697.4443
1890.0000,189,1381.5322,0.0000,979,1000,118,1,699.0451
1900.0000,190,1385.3324,0.0000,986,1000,125,1,700.6291
1910.0000,191,1389.1406,0.0000,988,1000,130,1,702.1965
1920.0000,192,1392.9928,0.0000,989,1000,144,1,703.7475
1930.0000,193,1396.8561,0.0000,991,1000,151,1,705.2825
1940.0000,194,1400.7043,0.0000,988,1000,158,1,706.8017
1950.0000,195,1404.5614,0.0000,990,1000,166,1,708.3053
1960.0000,196,1408.4315,0.0000,991,1000,179,1,709.7935
1970.0000,197,1412.3253,0.0000,994,1000,187,1,711.2666
1980.0000,198,1416.2241,0.0000,991,1000,196,1,712.7249
1990.0000,199,1420.1306,0.0000,988,1000,206,1,714.1685
2000.0000,200,1424.0201,0.0000,984,1000,217,1,715.5976
2010.0000,201,1427.8958,0.0000,982,1000,222,1,717.0126
2020.0000,202,1431.7579,0.0000,985,1000,228,1,718.4135
2030.0000,203,1435.6074,0.0000,980,1000,236,1,719.8006
2040.0000,204,1439.4595,0.0000,978,1000,248,1,721.1741
2050.0000,205,1443.3202,0.0000,980,1000,253,1,722.5343
2060.0000,206,1447.1817,0.0000,980,1000,267,1,723.8812
2070.0000,207,1451.0638,0.0000,980,1000,272,1,725.2151
2080.0000,208,1454.9504,0.0000,984,1000,282,1,726.5362
2090.0000,209,1458.8510,0.0000,986,1000,289,1,727.8446
2100.0000,210,1462.7514,0.0000,983,1000,295,1,729.1406
2110.0000,211,1466.6177,0.0000,980,1000,300,1,730.4243
2120.0000,212,1470.4886,0.0000,985,1000,310,1,731.6959
2130.0000,213,1474.3793,0.0000,985,1000,319,1,732.9555
2140.0000,214,1478.2625,0.0000,976,1000,329,1,734.2034
2150.0000,215,1482.1144,0.0000,968,1000,341,1,735.4396
2160.0000,216,1485.9450,0.0000,962,1000,347,1,736.6645
2170.0000,217,1489.7750,0.0000,969,1000,358,1,737.8780
2180.0000,218,1493.6648,0.0000,973,1000,373,1,739.0804
2190.0000,219,1497.5573,0.0000,967,1000,378,1,740.2718
2200.0000,220,1501.4340,0.0000,972,1000,385,1,741.4524
2210.0000,221,1505.3537,0.0000,974,1000,398,1,742.6223
2220.0000,222,1509.2634,0.0000,971,1000,408,1,743.7816
2230.0000,223,1513.1853,0.0000,971,1000,419,1,744.9306
2240.0000,224,1517.1164,0.0000,969,1000,427,1,746.0693
2250.0000,225,1521.0589,0.0000,970,1000,441,1,747.1979
2260.0000,226,1525.0212,0.0000,972,1000,450,1,748.3165
2270.0000,227,1528.9908,0.0000,971,1000,459,1,749.4252
2280.0000,228,1532.9416,0.0000,967,1000,463,1,750.5242
2290.0000,229,1536.8619,0.0000,960,1000,473,1,751.6136
2300.0000,230,1540.7922,0.0000,959,1000,488,1,752.6936
2310.0000,231,1544.7310,0.0000,961,1000,496,1,753.7642
2320.0000,232,1548.6990,0.0000,962,1000,508,1,754.8255
2330.0000,233,1552.6675,0.0000,956,1000,521,1,755.8778
2340.0000,234,1556.6348,0.0000,953,1000,531,1,756.9210
2350.0000,235,1560.6027,0.0000,951,1000,539,1,757.9554
2360.0000,236,1564.5268,0.0000,939,1000,545,1,758.9810
2370.0000,237,1568.3936,0.0000,929,1000,550,1,759.9980
2380.0000,238,1572.2304,0.0000,927,1000,562,1,761.0064
2390.0000,239,1576.0705,0.0000,922,1000,571,1,762.0064
2400.0000,240,1579.9188,0.0000,922,1000,578,1,762.9980
2410.0000,241,1583.7644,0.0000,919,1000,588,1,763.9814
2420.0000,242,1587.5912,0.0000,920,1000,594,1,764.9567
2430.0000,243,1591.4316,0.0000,914,1000,611,1,765.9240
2440.0000,244,1595.2831,0.0000,910,1000,622,1,766.8833
2450.0000,245,1599.1168,0.0000,903,1000,629,1,767.8348
2460.0000,246,1602.9015,0.0000,898,1000,633,1,768.7786
2470.0000,247,1606.6640,0.0000,890,1000,644,1,769.7147
2480.0000,248,1610.4168,0.0000,884,1000,654,1,770.6432
2490.0000,249,1614.1644,0.0000,883,1000,664,1,771.5644
2500.0000,250,1617.9172,0.0000,879,1000,676,1,772.4781
2510.0000,251,1621.6557,0.0000,880,1000,683,1,773.3846
2520.0000,252,1625.4200,0.0000,891,1000,690,1,774.2838
2530.0000,253,1629.2059,0.0000,888,1000,698,1,775.1760
2540.0000,254,1632.9844,0.0000,892,1000,699,1,776.0611
2550.0000,255,1636.7568,0.0000,896,1000,706,1,776.9393
2560.0000,256,1640.5528,0.0000,895,1000,716,1,777.8106
2570.0000,257,1644.3275,0.0000,889,1000,719,1,778.6752
2580.0000,258,1648.0802,0.0000,886,1000,728,1,779.5330
2590.0000,259,1651.8052,0.0000,873,1000,737,1,780.3843
2600.0000,260,1655.5116,0.0000,874,1000,745,1,781.2289
2610.0000,261,1659.2181,0.0000,873,1000,756,1,782.0671
2620.0000,262,1662.9359,0.0000,873,1000,763,1,782.8989
2630.0000,263,1666.6496,0.0000,878,1000,767,1,783.7244
2640.0000,264,1670.3783,0.0000,877,1000,780,1,784.5437
2650.0000,265,1674.1178,0.0000,878,1000,785,1,785.3567
2660.0000,266,1677.8493,0.0000,881,1000,796,1,786.1636
2670.0000,267,1681.6208,0.0000,885,1000,806,1,786.9645
2680.0000,268,1685.4148,0.0000,884,1000,817,1,787.7594
2690.0000,269,1689.1872,0.0000,880,1000,822,1,788.5484
2700.0000,270,1692.9515,0.0000,878,1000,830,1,789.3316
2710.0000,271,1696.7148,0.0000,878,1000,842,1,790.1089
2720.0000,272,1700.4943,0.0000,881,1000,855,1,790.8806
2730.0000,273,1704.3082,0.0000,880,1000,866,1,791.6466
2740.0000,274,1708.1105,0.0000,875,1000,876,1,792.4070
2750.0000,275,1711.9211,0.0000,872,1000,888,1,793.1619
2760.0000,276,1715.7428,0.0000,872,1000,899,1,793.9113
2770.0000,277,1719.5570,0.0000,866,1000,904,1,794.6553
2780.0000,278,1723.3534,0.0000,871,1000,910,1,795.3940
2790.0000,279,1727.1636,0.0000,876,1000,920,1,796.1273
2800.0000,280,1731.0069,0.0000,882,1000,929,1,796.8554
2810.0000,281,1734.8767,0.0000,887,1000,935,1,797.5784
2820.0000,282,1738.7473,0.0000,886,1000,946,1,798.2962
2830.0000,283,1742.6250,0.0000,884,1000,955,1,799.0089
2840.0000,284,1746.5039,0.0000,886,1000,965,1,799.7166
2850.0000,285,1750.3969,0.0000,878,1000,977,1,800.4194
2860.0000,286,1754.2803,0.0000,880,1000,983,1,801.1172
2870.0000,287,1758.1758,0.0000,884,1000,994,1,801.8102
2880.0000,288,1762.0717,0.0000,877,1000,1000,1,802.4983
2890.0000,289,1765.9175,0.0000,875,1000,1000,1,803.1817
2900.0000,290,1769.7378,0.0000,874,1000,1000,1,803.8604
2910.0000,291,1773.5435,0.0000,882,1000,1000,1,804.5344
2920.0000,292,1777.3308,0.0000,875,1000,1000,1,805.2038
2930.0000,293,1781.0708,0.0000,873,1000,1000,1,805.8687
2940.0000,294,1784.7850,0.0000,869,1000,1000,1,806.5290
2950.0000,295,1788.4716,0.0000,875,1000,1000,1,807.1848
2960.0000,296,1792.1412,0.0000,871,1000,1000,1,807.8362
2970.0000,297,1795.7848,0.0000,876,1000,1000,1,808.4832
2980.0000,298,1799.4008,0.0000,870,1000,1000,1,809.1259
2990.0000,299,1802.9759,0.0000,867,1000,1000,1,809.7643
3000.0000,300,1806.5128,0.0000,864,1000,1000,1,810.3984
3010.0000,301,1810.0418,0.0000,868,1000,1000,1,811.0283
3020.0000,302,1813.5332,0.0000,863,1000,1000,1,811.6541
3030.0000,303,1816.9951,0.0000,861,1000,1000,1,812.2757
3040.0000,304,1820.4296,0.0000,857,1000,1000,1,812.8932
3050.0000,305,1823.8322,0.0000,861,1000,1000,1,813.5066
3060.0000,306,1827.2191,0.0000,859,1000,1000,1,814.1161
3070.0000,307,1830.5718,0.0000,855,1000,1000,1,814.7216
3080.0000,308,1833.9076,0.0000,857,1000,1000,1,815.3231
3090.0000,309,1837.2119,0.0000,853,1000,1000,1,815.9208
3100.0000,310,1840.4867,0.0000,849,1000,1000,1,816.5146
3110.0000,311,1843.7250,0.0000,848,1000,1000,1,817.1046
3120.0000,312,1846.9410,0.0000,844,1000,1000,1,817.6908
3130.0000,313,1850.1399,0.0000,848,1000,1000,1,818.2732
3140.0000,314,1853.3148,0.0000,847,1000,1000,1,818.8520
3150.0000,315,1856.4778,0.0000,852,1000,1000,1,819.4271
3160.0000,316,1859.6362,0.0000,856,1000,1000,1,819.9985
3170.0000,317,1862.7789,0.0000,857,1000,1000,1,820.5663
3180.0000,318,1865.9079,0.0000,856,1000,1000,1,821.1306
3190.0000,319,1869.0077,0.0000,856,1000,1000,1,821.6913
3200.0000,320,1872.0987,0.0000,863,1000,1000,1,822.2485
3210.0000,321,1875.1778,0.0000,859,1000,1000,1,822.8023
3220.0000,322,1878.2200,0.0000,854,1000,1000,1,823.3526
3230.0000,323,1881.2572,0.0000,859,1000,1000,1,823.8995
3240.0000,324,1884.2696,0.0000,854,1000,1000,1,824.4430
3250.0000,325,1887.2565,0.0000,851,1000,1000,1,824.9832
3260.0000,326,1890.2170,0.0000,851,1000,1000,1,825.5200
3270.0000,327,1893.1520,0.0000,851,1000,1000,1,826.0536
3280.0000,328,1896.0724,0.0000,848,1000,1000,1,826.5839
3290.0000,329,1898.9467,0.0000,842,1000,1000,1,827.1110
3300.0000,330,1901.7965,0.0000,839,1000,1000,1,827.6349
3310.0000,331,1904.6370,0.0000,841,1000,1000,1,828.1557
3320.0000,332,1907.4558,0.0000,840,1000,1000,1,828.6733
3330.0000,333,1910.2627,0.0000,845,1000,1000,1,829.1878
3340.0000,334,1913.0596,0.0000,844,1000,1000,1,829.6992
3350.0000,335,1915.8220,0.0000,836,1000,1000,1,830.2075
3360.0000,336,1918.5471,0.0000,825,1000,1000,1,830.7129
3370.0000,337,1921.2329,0.0000,824,1000,1000,1,831.2152
3380.0000,338,1923.8961,0.0000,818,1000,1000,1,831.7146
3390.0000,339,1926.5292,0.0000,812,1000,1000,1,832.2110
3400.0000,340,1929.1458,0.0000,817,1000,1000,1,832.7045
3410.0000,341,1931.7314,0.0000,804,1000,1000,1,833.1951
3420.0000,342,1934.2708,0.0000,794,1000,1000,1,833.6828
3430.0000,343,1936.7768,0.0000,792,1000,1000,1,834.1677
3440.0000,344,1939.2516,0.0000,784,1000,1000,1,834.6498
3450.0000,345,1941.7054,0.0000,786,1000,1000,1,835.1291
3460.0000,346,1944.1546,0.0000,790,1000,1000,1,835.6056
3470.0000,347,1946.6018,0.0000,792,1000,1000,1,836.0793
3480.0000,348,1949.0249,0.0000,788,1000,1000,1,836.5504
3490.0000,349,1951.4233,0.0000,787,1000,1000,1,837.0187
3500.0000,350,1953.7937,0.0000,778,1000,1000,1,837.4844
3510.0000,351,1956.1424,0.0000,781,1000,1000,1,837.9474
3520.0000,352,1958.4683,0.0000,772,1000,1000,1,838.4077
3530.0000,353,1960.7572,0.0000,763,1000,1000,1,838.8655
3540.0000,354,1963.0133,0.0000,756,1000,1000,1,839.3207
3550.0000,355,1965.2385,0.0000,754,1000,1000,1,839.7733
3560.0000,356,1967.4473,0.0000,752,1000,1000,1,840.2234
3570.0000,357,1969.6405,0.0000,749,1000,1000,1,840.6709
3580.0000,358,1971.8266,0.0000,755,1000,1000,1,841.1160
3590.0000,359,1974.0220,0.0000,763,1000,1000,1,841.5586
3600.0000,360,1976.2096,0.0000,757,1000,1000,1,841.9987
3610.0000,361,1978.3722,0.0000,761,1000,1000,1,842.4364
3620.0000,362,1980.5303,0.0000,757,1000,1000,1,842.8716
3630.0000,363,1982.6702,0.0000,754,1000,1000,1,843.3045
3640.0000,364,1984.7897,0.0000,755,1000,1000,1,843.7350
3650.0000,365,1986.8905,0.0000,748,1000,1000,1,844.1631
3660.0000,366,1988.9785,0.0000,753,1000,1000,1,844.5889
3670.0000,367,1991.0540,0.0000,749,1000,1000,1,845.0123
3680.0000,368,1993.1086,0.0000,746,1000,1000,1,845.4335
3690.0000,369,1995.1546,0.0000,746,1000,1000,1,845.8524
3700.0000,370,1997.1712,0.0000,737,1000,1000,1,846.2690
3710.0000,371,1999.1732,0.0000,741,1000,1000,1,846.6834
3720.0000,372,2001.1701,0.0000,741,1000,1000,1,847.0955
3730.0000,373,2003.1584,0.0000,750,1000,1000,1,847.5054
3740.0000,374,2005.1489,0.0000,747,1000,1000,1,847.9132
3750.0000,375,2007.1250,0.0000,746,1000,1000,1,848.3187
3760.0000,376,2009.0973,0.0000,754,1000,1000,1,848.7221
3770.0000,377,2011.0665,0.0000,752,1000,1000,1,849.1234
3780.0000,378,2013.0326,0.0000,759,1000,1000,1,849.5226
3790.0000,379,2014.9937,0.0000,752,1000,1000,1,849.9196
3800.0000,380,2016.9328,0.0000,754,1000,1000,1,850.3145
3810.0000,381,2018.8627,0.0000,752,1000,1000,1,850.7074
3820.0000,382,2020.7777,0.0000,747,1000,1000,1,851.0982
3830.0000,383,2022.6722,0.0000,743,1000,1000,1,851.4870
3840.0000,384,2024.5445,0.0000,739,1000,1000,1,851.8738
3850.0000,385,2026.4005,0.0000,738,1000,1000,1,852.2585
3860.0000,386,2028.2394,0.0000,745,1000,1000,1,852.6413
3870.0000,387,2030.0858,0.0000,736,1000,1000,1,853.0220
3880.0000,388,2031.9022,0.0000,736,1000,1000,1,853.4008
3890.0000,389,2033.7165,0.0000,736,1000,1000,1,853.7777
3900.0000,390,2035.5097,0.0000,730,1000,1000,1,854.1526
3910.0000,391,2037.2900,0.0000,732,1000,1000,1,854.5256
3920.0000,392,2039.0621,0.0000,732,1000,1000,1,854.8967
3930.0000,393,2040.8155,0.0000,726,1000,1000,1,855.2660
3940.0000,394,2042.5527,0.0000,724,1000,1000,1,855.6333
3950.0000,395,2044.2726,0.0000,720,1000,1000,1,855.9988
3960.0000,396,2045.9760,0.0000,719,1000,1000,1,856.3624
3970.0000,397,2047.6602,0.0000,714,1000,1000,1,856.7242
3980.0000,398,2049.3323,0.0000,712,1000,1000,1,857.0842
3990.0000,399,2050.9870,0.0000,704,1000,1000,1,857.4424
4000.0000,400,2052.6161,0.0000,700,1000,1000,1,857.7988
4010.0000,401,2054.2304,0.0000,700,1000,1000,1,858.1534
4020.0000,402,2055.8334,0.0000,700,1000,1000,1,858.5063
4030.0000,403,2057.4357,0.0000,701,1000,1000,1,858.8574
4040.0000,404,2059.0357,0.0000,708,1000,1000,1,859.2067
4050.0000,405,2060.6347,0.0000,703,1000,1000,1,859.5544
4060.0000,406,2062.2107,0.0000,698,1000,1000,1,859.9003
4070.0000,407,2063.7720,0.0000,698,1000,1000,1,860.2445
4080.0000,408,2065.3204,0.0000,694,1000,1000,1,860.5871
4090.0000,409,2066.8424,0.0000,687,1000,1000,1,860.9279
4100.0000,410,2068.3457,0.0000,679,1000,1000,1,861.2671
4110.0000,411,2069.8241,0.0000,675,1000,1000,1,861.6047
4120.0000,412,2071.2873,0.0000,670,1000,1000,1,861.9406
4130.0000,413,2072.7345,0.0000,672,1000,1000,1,862.2749
4140.0000,414,2074.1891,0.0000,675,1000,1000,1,862.6075
4150.0000,415,2075.6469,0.0000,682,1000,1000,1,862.9386
4160.0000,416,2077.0924,0.0000,674,1000,1000,1,863.2681
4170.0000,417,2078.5304,0.0000,676,1000,1000,1,863.5960
4180.0000,418,2079.9536,0.0000,672,1000,1000,1,863.9223
4190.0000,419,2081.3592,0.0000,668,1000,1000,1,864.2471
4200.0000,420,2082.7521,0.0000,667,1000,1000,1,864.5703
4210.0000,421,2084.1479,0.0000,672,1000,1000,1,864.8920
4220.0000,422,2085.5375,0.0000,671,1000,1000,1,865.2121
4230.0000,423,2086.9160,0.0000,665,1000,1000,1,865.5308
4240.0000,424,2088.2712,0.0000,660,1000,1000,1,865.8479
4250.0000,425,2089.6212,0.0000,664,1000,1000,1,866.1636
4260.0000,426,2090.9644,0.0000,655,1000,1000,1,866.4778
4270.0000,427,2092.2844,0.0000,656,1000,1000,1,866.7905
4280.0000,428,2093.6063,0.0000,661,1000,1000,1,867.1017
4290.0000,429,2094.9258,0.0000,657,1000,1000,1,867.4115
4300.0000,430,2096.2327,0.0000,656,1000,1000,1,867.7198
4310.0000,431,2097.5416,0.0000,662,1000,1000,1,868.0267
4320.0000,432,2098.8536,0.0000,661,1000,1000,1,868.3322
4330.0000,433,2100.1488,0.0000,658,1000,1000,1,868.6363
4340.0000,434,2101.4318,0.0000,650,1000,1000,1,868.9390
4350.0000,435,2102.7006,0.0000,658,1000,1000,1,869.2403
4360.0000,436,2103.9717,0.0000,656,1000,1000,1,869.5402
4370.0000,437,2105.2478,0.0000,664,1000,1000,1,869.8387
4380.0000,438,2106.5123,0.0000,657,1000,1000,1,870.1359
4390.0000,439,2107.7613,0.0000,655,1000,1000,1,870.4317
4400.0000,440,2108.9982,0.0000,648,1000,1000,1,870.7262
4410.0000,441,2110.2163,0.0000,643,1000,1000,1,871.0193
4420.0000,442,2111.4211,0.0000,642,1000,1000,1,871.3111
4430.0000,443,2112.6210,0.0000,640,1000,1000,1,871.6016
4440.0000,444,2113.8144,0.0000,641,1000,1000,1,871.8908
4450.0000,445,2115.0061,0.0000,645,1000,1000,1,872.1787
4460.0000,446,2116.1920,0.0000,640,1000,1000,1,872.4653
4470.0000,447,2117.3593,0.0000,633,1000,1000,1,872.7506
4480.0000,448,2118.5110,0.0000,635,1000,1000,1,873.0347
4490.0000,449,2119.6579,0.0000,632,1000,1000,1,873.3174
4500.0000,450,2120.7996,0.0000,630,1000,1000,1,873.5989
4510.0000,451,2121.9263,0.0000,629,1000,1000,1,873.8792
4520.0000,452,2123.0438,0.0000,628,1000,1000,1,874.1582
4530.0000,453,2124.1511,0.0000,621,1000,1000,1,874.4360
4540.0000,454,2125.2525,0.0000,627,1000,1000,1,874.7126
4550.0000,455,2126.3483,0.0000,621,1000,1000,1,874.9880
4560.0000,456,2127.4333,0.0000,620,1000,1000,1,875.2621
4570.0000,457,2128.5034,0.0000,615,1000,1000,1,875.5351
4580.0000,458,2129.5703,0.0000,615,1000,1000,1,875.8068
4590.0000,459,2130.6254,0.0000,614,1000,1000,1,876.0774
4600.0000,460,2131.6707,0.0000,608,1000,1000,1,876.3468
4610.0000,461,2132.7010,0.0000,608,1000,1000,1,876.6150
4620.0000,462,2133.7224,0.0000,600,1000,1000,1,876.8821
4630.0000,463,2134.7231,0.0000,598,1000,1000,1,877.1480
4640.0000,464,2135.7246,0.0000,601,1000,1000,1,877.4128
4650.0000,465,2136.7321,0.0000,607,1000,1000,1,877.6764
4660.0000,466,2137.7424,0.0000,605,1000,1000,1,877.9389
4670.0000,467,2138.7501,0.0000,609,1000,1000,1,878.2003
4680.0000,468,2139.7617,0.0000,613,1000,1000,1,878.4605
4690.0000,469,2140.7745,0.0000,612,1000,1000,1,878.7197
4700.0000,470,2141.7727,0.0000,613,1000,1000,1,878.9777
4710.0000,471,2142.7772,0.0000,617,1000,1000,1,879.2347
4720.0000,472,2143.7850,0.0000,617,1000,1000,1,879.4905
4730.0000,473,2144.7916,0.0000,619,1000,1000,1,879.7453
4740.0000,474,2145.7906,0.0000,620,1000,1000,1,879.9990
4750.0000,475,2146.7847,0.0000,617,1000,1000,1,880.2516
4760.0000,476,2147.7724,0.0000,618,1000,1000,1,880.5032
4770.0000,477,2148.7599,0.0000,615,1000,1000,1,880.7537
4780.0000,478,2149.7414,0.0000,619,1000,1000,1,881.0032
4790.0000,479,2150.7207,0.0000,619,1000,1000,1,881.2516
4800.0000,480,2151.7020,0.0000,625,1000,1000,1,881.4990
4810.0000,481,2152.6919,0.0000,630,1000,1000,1,881.7454
4820.0000,482,2153.6849,0.0000,629,1000,1000,1,881.9907
4830.0000,483,2154.6731,0.0000,632,1000,1000,1,882.2350
4840.0000,484,2155.6613,0.0000,631,1000,1000,1,882.4784
4850.0000,485,2156.6474,0.0000,634,1000,1000,1,882.7207
4860.0000,486,2157.6223,0.0000,626,1000,1000,1,882.9620
4870.0000,487,2158.5832,0.0000,621,1000,1000,1,883.2023
4880.0000,488,2159.5350,0.0000,625,1000,1000,1,883.4416
4890.0000,489,2160.4921,0.0000,628,1000,1000,1,883.6800
4900.0000,490,2161.4457,0.0000,628,1000,1000,1,883.9174
4910.0000,491,2162.3869,0.0000,621,1000,1000,1,884.1538
4920.0000,492,2163.3270,0.0000,625,1000,1000,1,884.3893
4930.0000,493,2164.2642,0.0000,623,1000,1000,1,884.6238
4940.0000,494,2165.1978,0.0000,623,1000,1000,1,884.8573
4950.0000,495,2166.1298,0.0000,629,1000,1000,1,885.0899
4960.0000,496,2167.0619,0.0000,629,1000,1000,1,885.3216
4970.0000,497,2167.9978,0.0000,631,1000,1000,1,885.5524
4980.0000,498,2168.9146,0.0000,620,1000,1000,1,885.7822
4990.0000,499,2169.8180,0.0000,619,1000,1000,1,886.0111
5000.0000,500,2170.7123,0.0000,612,1000,1000,1,886.2390
5010.0000,501,2171.5929,0.0000,611,1000,1000,1,886.4661
5020.0000,502,2172.4624,0.0000,604,1000,1000,1,886.6923
5030.0000,503,2173.3259,0.0000,606,1000,1000,1,886.9175
5040.0000,504,2174.1958,0.0000,618,1000,1000,1,887.1419
5050.0000,505,2175.0765,0.0000,619,1000,1000,1,887.3654
5060.0000,506,2175.9524,0.0000,618,1000,1000,1,887.5880
5070.0000,507,2176.8248,0.0000,617,1000,1000,1,887.8097
5080.0000,508,2177.6877,0.0000,613,1000,1000,1,888.0306
5090.0000,509,2178.5421,0.0000,608,1000,1000,1,888.2505
5100.0000,510,2179.3804,0.0000,609,1000,1000,1,888.4697
5110.0000,511,2180.2241,0.0000,608,1000,1000,1,888.6879
5120.0000,512,2181.0609,0.0000,607,1000,1000,1,888.9053
5130.0000,513,2181.8919,0.0000,604,1000,1000,1,889.1219
5140.0000,514,2182.7160,0.0000,607,1000,1000,1,889.3376
5150.0000,515,2183.5365,0.0000,603,1000,1000,1,889.5525
5160.0000,516,2184.3455,0.0000,601,1000,1000,1,889.7665
5170.0000,517,2185.1481,0.0000,602,1000,1000,1,889.9797
5180.0000,518,2185.9496,0.0000,600,1000,1000,1,890.1921
5190.0000,519,2186.7482,0.0000,601,1000,1000,1,890.4037
5200.0000,520,2187.5389,0.0000,594,1000,1000,1,890.6145
5210.0000,521,2188.3104,0.0000,585,1000,1000,1,890.8244
5220.0000,522,2189.0673,0.0000,583,1000,1000,1,891.0336
5230.0000,523,2189.8193,0.0000,582,1000,1000,1,891.2419
5240.0000,524,2190.5685,0.0000,584,1000,1000,1,891.4495
5250.0000,525,2191.3188,0.0000,585,1000,1000,1,891.6562
5260.0000,526,2192.0611,0.0000,581,1000,1000,1,891.8622
5270.0000,527,2192.7974,0.0000,579,1000,1000,1,892.0674
5280.0000,528,2193.5257,0.0000,577,1000,1000,1,892.2718
5290.0000,529,2194.2460,0.0000,574,1000,1000,1,892.4755
5300.0000,530,2194.9634,0.0000,574,1000,1000,1,892.6783
5310.0000,531,2195.6764,0.0000,575,1000,1000,1,892.8805
5320.0000,532,2196.3825,0.0000,570,1000,1000,1,893.0818
5330.0000,533,2197.0863,0.0000,572,1000,1000,1,893.2824
5340.0000,534,2197.7882,0.0000,569,1000,1000,1,893.4823
5350.0000,535,2198.4827,0.0000,569,1000,1000,1,893.6814
5360.0000,536,2199.1759,0.0000,571,1000,1000,1,893.8797
5370.0000,537,2199.8724,0.0000,577,1000,1000,1,894.0773
5380.0000,538,2200.5766,0.0000,577,1000,1000,1,894.2742
5390.0000,539,2201.2790,0.0000,580,1000,1000,1,894.4704
5400.0000,540,2201.9855,0.0000,583,1000,1000,1,894.6658
5410.0000,541,2202.6878,0.0000,582,1000,1000,1,894.8605
5420.0000,542,2203.3854,0.0000,583,1000,1000,1,895.0545
5430.0000,543,2204.0886,0.0000,588,1000,1000,1,895.2477
5440.0000,544,2204.7934,0.0000,586,1000,1000,1,895.4403
5450.0000,545,2205.4929,0.0000,582,1000,1000,1,895.6322
5460.0000,546,2206.1838,0.0000,584,1000,1000,1,895.8233
5470.0000,547,2206.8755,0.0000,586,1000,1000,1,896.0138
5480.0000,548,2207.5654,0.0000,584,1000,1000,1,896.2035
5490.0000,549,2208.2516,0.0000,581,1000,1000,1,896.3926
5500.0000,550,2208.9227,0.0000,576,1000,1000,1,896.5810
5510.0000,551,2209.5847,0.0000,576,1000,1000,1,896.7686
5520.0000,552,2210.2522,0.0000,579,1000,1000,1,896.9557
5530.0000,553,2210.9171,0.0000,579,1000,1000,1,897.1420
5540.0000,554,2211.5833,0.0000,579,1000,1000,1,897.3277
5550.0000,555,2212.2488,0.0000,582,1000,1000,1,897.5127
5560.0000,556,2212.9121,0.0000,583,1000,1000,1,897.6970
5570.0000,557,2213.5845,0.0000,589,1000,1000,1,897.8807
5580.0000,558,2214.2624,0.0000,595,1000,1000,1,898.0637
5590.0000,559,2214.9466,0.0000,595,1000,1000,1,898.2460
5600.0000,560,2215.6214,0.0000,594,1000,1000,1,898.4277
5610.0000,561,2216.3011,0.0000,599,1000,1000,1,898.6088
5620.0000,562,2216.9787,0.0000,596,1000,1000,1,898.7892
5630.0000,563,2217.6502,0.0000,594,1000,1000,1,898.9690
5640.0000,564,2218.3103,0.0000,590,1000,1000,1,899.1481
5650.0000,565,2218.9700,0.0000,589,1000,1000,1,899.3266
5660.0000,566,2219.6263,0.0000,590,1000,1000,1,899.5045
5670.0000,567,2220.2763,0.0000,589,1000,1000,1,899.6817
5680.0000,568,2220.9312,0.0000,592,1000,1000,1,899.8583
5690.0000,569,2221.5923,0.0000,606,1000,1000,1,900.0343
5700.0000,570,2222.2662,0.0000,609,1000,1000,1,900.2097
5710.0000,571,2222.9437,0.0000,606,1000,1000,1,900.3845
5720.0000,572,2223.6052,0.0000,602,1000,1000,1,900.5586
5730.0000,573,2224.2656,0.0000,602,1000,1000,1,900.7322
5740.0000,574,2224.9217,0.0000,603,1000,1000,1,900.9051
5750.0000,575,2225.5856,0.0000,611,1000,1000,1,901.0774
5760.0000,576,2226.2524,0.0000,612,1000,1000,1,901.2492
5770.0000,577,2226.9099,0.0000,601,1000,1000,1,901.4203
5780.0000,578,2227.5579,0.0000,604,1000,1000,1,901.5909
5790.0000,579,2228.2089,0.0000,608,1000,1000,1,901.7608
5800.0000,580,2228.8642,0.0000,606,1000,1000,1,901.9302
5810.0000,581,2229.5121,0.0000,603,1000,1000,1,902.0990
5820.0000,582,2230.1541,0.0000,603,1000,1000,1,902.2672
5830.0000,583,2230.7887,0.0000,599,1000,1000,1,902.4349
5840.0000,584,2231.4177,0.0000,599,1000,1000,1,902.6019
5850.0000,585,2232.0475,0.0000,600,1000,1000,1,902.7684
5860.0000,586,2232.6731,0.0000,595,1000,1000,1,902.9343
5870.0000,587,2233.2942,0.0000,597,1000,1000,1,903.0997
5880.0000,588,2233.9128,0.0000,599,1000,1000,1,903.2645
5890.0000,589,2234.5332,0.0000,600,1000,1000,1,903.4287
5900.0000,590,2235.1566,0.0000,602,1000,1000,1,903.5924
5910.0000,591,2235.7769,0.0000,600,1000,1000,1,903.7555
5920.0000,592,2236.3896,0.0000,596,1000,1000,1,903.9181
5930.0000,593,2236.9952,0.0000,593,1000,1000,1,904.0801
5940.0000,594,2237.5987,0.0000,597,1000,1000,1,904.2416
5950.0000,595,2238.1968,0.0000,591,1000,1000,1,904.4026
5960.0000,596,2238.7899,0.0000,590,1000,1000,1,904.5630
5970.0000,597,2239.3814,0.0000,596,1000,1000,1,904.7228
5980.0000,598,2239.9681,0.0000,588,1000,1000,1,904.8821
5990.0000,599,2240.5475,0.0000,585,1000,1000,1,905.0409
6000.0000,600,2241.1223,0.0000,585,1000,1000,1,905.1992
6010.0000,601,2241.6962,0.0000,585,1000,1000,1,905.3569
6020.0000,602,2242.2663,0.0000,586,1000,1000,1,905.5142
6030.0000,603,2242.8366,0.0000,585,1000,1000,1,905.6709
6040.0000,604,2243.4116,0.0000,592,1000,1000,1,905.8270
6050.0000,605,2243.9893,0.0000,593,1000,1000,1,905.9827
6060.0000,606,2244.5638,0.0000,591,1000,1000,1,906.1378
6070.0000,607,2245.1401,0.0000,600,1000,1000,1,906.2925
6080.0000,608,2245.7190,0.0000,598,1000,1000,1,906.4466
6090.0000,609,2246.2968,0.0000,596,1000,1000,1,906.6002
6100.0000,610,2246.8720,0.0000,597,1000,1000,1,906.7533
6110.0000,611,2247.4411,0.0000,597,1000,1000,1,906.9059
6120.0000,612,2248.0110,0.0000,596,1000,1000,1,907.0580
6130.0000,613,2248.5744,0.0000,593,1000,1000,1,907.2097
6140.0000,614,2249.1259,0.0000,582,1000,1000,1,907.3608
6150.0000,615,2249.6663,0.0000,575,1000,1000,1,907.5114
6160.0000,616,2250.2006,0.0000,580,1000,1000,1,907.6616
6170.0000,617,2250.7291,0.0000,578,1000,1000,1,907.8112
6180.0000,618,2251.2578,0.0000,580,1000,1000,1,907.9604
6190.0000,619,2251.7942,0.0000,586,1000,1000,1,908.1091
6200.0000,620,2252.3293,0.0000,584,1000,1000,1,908.2573
6210.0000,621,2252.8676,0.0000,588,1000,1000,1,908.4050
6220.0000,622,2253.3982,0.0000,578,1000,1000,1,908.5523
6230.0000,623,2253.9186,0.0000,580,1000,1000,1,908.6991
6240.0000,624,2254.4451,0.0000,583,1000,1000,1,908.8454
6250.0000,625,2254.9737,0.0000,590,1000,1000,1,908.9912
6260.0000,626,2255.5051,0.0000,587,1000,1000,1,909.1366
6270.0000,627,2256.0261,0.0000,579,1000,1000,1,909.2815
6280.0000,628,2256.5399,0.0000,584,1000,1000,1,909.4260
6290.0000,629,2257.0633,0.0000,587,1000,1000,1,909.5700
6300.0000,630,2257.5914,0.0000,590,1000,1000,1,909.7135
6310.0000,631,2258.1098,0.0000,582,1000,1000,1,909.8566
6320.0000,632,2258.6206,0.0000,583,1000,1000,1,909.9992
6330.0000,633,2259.1301,0.0000,582,1000,1000,1,910.1414
6340.0000,634,2259.6336,0.0000,575,1000,1000,1,910.2832
6350.0000,635,2260.1265,0.0000,574,1000,1000,1,910.4244
6360.0000,636,2260.6187,0.0000,571,1000,1000,1,910.5653
6370.0000,637,2261.1065,0.0000,575,1000,1000,1,910.7057
6380.0000,638,2261.6023,0.0000,577,1000,1000,1,910.8456
6390.0000,639,2262.0996,0.0000,581,1000,1000,1,910.9852
6400.0000,640,2262.6040,0.0000,588,1000,1000,1,911.1243
6410.0000,641,2263.1087,0.0000,584,1000,1000,1,911.2629
6420.0000,642,2263.6026,0.0000,576,1000,1000,1,911.4011
6430.0000,643,2264.0888,0.0000,578,1000,1000,1,911.5389
6440.0000,644,2264.5758,0.0000,577,1000,1000,1,911.6763
6450.0000,645,2265.0572,0.0000,574,1000,1000,1,911.8132
6460.0000,646,2265.5331,0.0000,569,1000,1000,1,911.9497
6470.0000,647,2266.0043,0.0000,569,1000,1000,1,912.0858
6480.0000,648,2266.4717,0.0000,567,1000,1000,1,912.2215
6490.0000,649,2266.9367,0.0000,568,1000,1000,1,912.3567
6500.0000,650,2267.3979,0.0000,569,1000,1000,1,912.4916
6510.0000,651,2267.8635,0.0000,570,1000,1000,1,912.6260
6520.0000,652,2268.3355,0.0000,578,1000,1000,1,912.7600
6530.0000,653,2268.8073,0.0000,576,1000,1000,1,912.8936
6540.0000,654,2269.2735,0.0000,571,1000,1000,1,913.0268
6550.0000,655,2269.7300,0.0000,566,1000,1000,1,913.1596
6560.0000,656,2270.1824,0.0000,568,1000,1000,1,913.2920
6570.0000,657,2270.6314,0.0000,564,1000,1000,1,913.4239
6580.0000,658,2271.0767,0.0000,566,1000,1000,1,913.5555
6590.0000,659,2271.5226,0.0000,561,1000,1000,1,913.6867
6600.0000,660,2271.9588,0.0000,560,1000,1000,1,913.8175
6610.0000,661,2272.3922,0.0000,557,1000,1000,1,913.9478
6620.0000,662,2272.8202,0.0000,554,1000,1000,1,914.0778
6630.0000,663,2273.2339,0.0000,542,1000,1000,1,914.2074
6640.0000,664,2273.6383,0.0000,543,1000,1000,1,914.3366
6650.0000,665,2274.0337,0.0000,530,1000,1000,1,914.4654
6660.0000,666,2274.4211,0.0000,532,1000,1000,1,914.5939
6670.0000,667,2274.8071,0.0000,531,1000,1000,1,914.7219
6680.0000,668,2275.1873,0.0000,527,1000,1000,1,914.8496
6690.0000,669,2275.5623,0.0000,527,1000,1000,1,914.9769
6700.0000,670,2275.9412,0.0000,534,1000,1000,1,915.1038
6710.0000,671,2276.3229,0.0000,530,1000,1000,1,915.2303
6720.0000,672,2276.7006,0.0000,528,1000,1000,1,915.3564
6730.0000,673,2277.0767,0.0000,534,1000,1000,1,915.4822
6740.0000,674,2277.4535,0.0000,526,1000,1000,1,915.6076
6750.0000,675,2277.8161,0.0000,518,1000,1000,1,915.7326
6760.0000,676,2278.1649,0.0000,508,1000,1000,1,915.8573
6770.0000,677,2278.5002,0.0000,503,1000,1000,1,915.9816
6780.0000,678,2278.8211,0.0000,494,1000,1000,1,916.1055
6790.0000,679,2279.1355,0.0000,494,1000,1000,1,916.2290
6800.0000,680,2279.4483,0.0000,496,1000,1000,1,916.3522
6810.0000,681,2279.7627,0.0000,493,1000,1000,1,916.4751
6820.0000,682,2280.0743,0.0000,495,1000,1000,1,916.5975
6830.0000,683,2280.3865,0.0000,491,1000,1000,1,916.7197
6840.0000,684,2280.6958,0.0000,486,1000,1000,1,916.8414
6850.0000,685,2280.9948,0.0000,482,1000,1000,1,916.9628
6860.0000,686,2281.2874,0.0000,480,1000,1000,1,917.0839
6870.0000,687,2281.5743,0.0000,478,1000,1000,1,917.2045
6880.0000,688,2281.8587,0.0000,479,1000,1000,1,917.3249
6890.0000,689,2282.1455,0.0000,480,1000,1000,1,917.4449
6900.0000,690,2282.4328,0.0000,485,1000,1000,1,917.5645
6910.0000,691,2282.7318,0.0000,489,1000,1000,1,917.6838
6920.0000,692,2283.0299,0.0000,484,1000,1000,1,917.8028
6930.0000,693,2283.3233,0.0000,486,1000,1000,1,917.9214
6940.0000,694,2283.6190,0.0000,489,1000,1000,1,918.0397
6950.0000,695,2283.9060,0.0000,477,1000,1000,1,918.1576
6960.0000,696,2284.1839,0.0000,477,1000,1000,1,918.2752
6970.0000,697,2284.4592,0.0000,473,1000,1000,1,918.3924
6980.0000,698,2284.7268,0.0000,470,1000,1000,1,918.5093
6990.0000,699,2284.9951,0.0000,474,1000,1000,1,918.6259
7000.0000,700,2285.2690,0.0000,476,1000,1000,1,918.7422
7010.0000,701,2285.5388,0.0000,471,1000,1000,1,918.8581
7020.0000,702,2285.7987,0.0000,465,1000,1000,1,918.9737
7030.0000,703,2286.0528,0.0000,463,1000,1000,1,919.0889
7040.0000,704,2286.3083,0.0000,468,1000,1000,1,919.2039
7050.0000,705,2286.5709,0.0000,471,1000,1000,1,919.3185
7060.0000,706,2286.8309,0.0000,469,1000,1000,1,919.4328
7070.0000,707,2287.0891,0.0000,470,1000,1000,1,919.5467
7080.0000,708,2287.3429,0.0000,464,1000,1000,1,919.6603
7090.0000,709,2287.5869,0.0000,461,1000,1000,1,919.7737
7100.0000,710,2287.8289,0.0000,457,1000,1000,1,919.8867
7110.0000,711,2288.0663,0.0000,456,1000,1000,1,919.9993
7120.0000,712,2288.3051,0.0000,461,1000,1000,1,920.1117
7130.0000,713,2288.5428,0.0000,457,1000,1000,1,920.2237
7140.0000,714,2288.7828,0.0000,459,1000,1000,1,920.3355
7150.0000,715,2289.0152,0.0000,454,1000,1000,1,920.4469
7160.0000,716,2289.2392,0.0000,445,1000,1000,1,920.5580
7170.0000,717,2289.4569,0.0000,441,1000,1000,1,920.6688
7180.0000,718,2289.6677,0.0000,439,1000,1000,1,920.7793
7190.0000,719,2289.8769,0.0000,443,1000,1000,1,920.8895
7200.0000,720,2290.0876,0.0000,440,1000,1000,1,920.9993
7210.0000,721,2290.2922,0.0000,435,1000,1000,1,921.1089
7220.0000,722,2290.4972,0.0000,441,1000,1000,1,921.2182
7230.0000,723,2290.7091,0.0000,449,1000,1000,1,921.3271
7240.0000,724,2290.9242,0.0000,445,1000,1000,1,921.4358
7250.0000,725,2291.1343,0.0000,444,1000,1000,1,921.5442
7260.0000,726,2291.3497,0.0000,447,1000,1000,1,921.6522
7270.0000,727,2291.5697,0.0000,451,1000,1000,1,921.7600
7280.0000,728,2291.7877,0.0000,452,1000,1000,1,921.8675
7290.0000,729,2292.0109,0.0000,459,1000,1000,1,921.9747
7300.0000,730,2292.2348,0.0000,452,1000,1000,1,922.0815
7310.0000,731,2292.4580,0.0000,459,1000,1000,1,922.1881
7320.0000,732,2292.6788,0.0000,452,1000,1000,1,922.2944
7330.0000,733,2292.8979,0.0000,451,1000,1000,1,922.4004
7340.0000,734,2293.1065,0.0000,446,1000,1000,1,922.5062
7350.0000,735,2293.3171,0.0000,448,1000,1000,1,922.6116
7360.0000,736,2293.5222,0.0000,441,1000,1000,1,922.7167
7370.0000,737,2293.7176,0.0000,434,1000,1000,1,922.8216
7380.0000,738,2293.9077,0.0000,434,1000,1000,1,922.9262
7390.0000,739,2294.0949,0.0000,431,1000,1000,1,923.0305
7400.0000,740,2294.2778,0.0000,431,1000,1000,1,923.1345
7410.0000,741,2294.4598,0.0000,430,1000,1000,1,923.2382
7420.0000,742,2294.6435,0.0000,429,1000,1000,1,923.3417
7430.0000,743,2294.8214,0.0000,428,1000,1000,1,923.4449
7440.0000,744,2294.9951,0.0000,422,1000,1000,1,923.5477
7450.0000,745,2295.1676,0.0000,424,1000,1000,1,923.6504
7460.0000,746,2295.3367,0.0000,419,1000,1000,1,923.7527
7470.0000,747,2295.5016,0.0000,417,1000,1000,1,923.8548
7480.0000,748,2295.6611,0.0000,416,1000,1000,1,923.9566
7490.0000,749,2295.8258,0.0000,422,1000,1000,1,924.0581
7500.0000,750,2295.9886,0.0000,419,1000,1000,1,924.1594
7510.0000,751,2296.1507,0.0000,419,1000,1000,1,924.2604
7520.0000,752,2296.3122,0.0000,413,1000,1000,1,924.3611
7530.0000,753,2296.4667,0.0000,418,1000,1000,1,924.4615
7540.0000,754,2296.6231,0.0000,411,1000,1000,1,924.5617
7550.0000,755,2296.7727,0.0000,412,1000,1000,1,924.6616
7560.0000,756,2296.9231,0.0000,411,1000,1000,1,924.7613
7570.0000,757,2297.0740,0.0000,411,1000,1000,1,924.8607
7580.0000,758,2297.2194,0.0000,407,1000,1000,1,924.9598
7590.0000,759,2297.3636,0.0000,403,1000,1000,1,925.0587
7600.0000,760,2297.4998,0.0000,401,1000,1000,1,925.1573
7610.0000,761,2297.6387,0.0000,401,1000,1000,1,925.2556
7620.0000,762,2297.7756,0.0000,406,1000,1000,1,925.3537
7630.0000,763,2297.9122,0.0000,399,1000,1000,1,925.4515
7640.0000,764,2298.0482,0.0000,406,1000,1000,1,925.5491
7650.0000,765,2298.1912,0.0000,411,1000,1000,1,925.6464
7660.0000,766,2298.3353,0.0000,410,1000,1000,1,925.7435
7670.0000,767,2298.4773,0.0000,405,1000,1000,1,925.8403
7680.0000,768,2298.6179,0.0000,407,1000,1000,1,925.9369
7690.0000,769,2298.7548,0.0000,399,1000,1000,1,926.0332
7700.0000,770,2298.8847,0.0000,399,1000,1000,1,926.1293
7710.0000,771,2299.0131,0.0000,398,1000,1000,1,926.2251
7720.0000,772,2299.1468,0.0000,403,1000,1000,1,926.3206
7730.0000,773,2299.2801,0.0000,406,1000,1000,1,926.4159
7740.0000,774,2299.4146,0.0000,405,1000,1000,1,926.5110
7750.0000,775,2299.5487,0.0000,397,1000,1000,1,926.6058
7760.0000,776,2299.6753,0.0000,398,1000,1000,1,926.7004
7770.0000,777,2299.8014,0.0000,400,1000,1000,1,926.7948
7780.0000,778,2299.9286,0.0000,398,1000,1000,1,926.8888
7790.0000,779,2300.0567,0.0000,403,1000,1000,1,926.9827
7800.0000,780,2300.1874,0.0000,401,1000,1000,1,927.0763
7810.0000,781,2300.3185,0.0000,404,1000,1000,1,927.1697
7820.0000,782,2300.4510,0.0000,405,1000,1000,1,927.2628
7830.0000,783,2300.5802,0.0000,395,1000,1000,1,927.3557
7840.0000,784,2300.7084,0.0000,405,1000,1000,1,927.4484
7850.0000,785,2300.8364,0.0000,397,1000,1000,1,927.5408
7860.0000,786,2300.9575,0.0000,395,1000,1000,1,927.6330
7870.0000,787,2301.0778,0.0000,393,1000,1000,1,927.7249
7880.0000,788,2301.1957,0.0000,396,1000,1000,1,927.8167
7890.0000,789,2301.3197,0.0000,404,1000,1000,1,927.9081
7900.0000,790,2301.4496,0.0000,406,1000,1000,1,927.9994
7910.0000,791,2301.5825,0.0000,407,1000,1000,1,928.0904
7920.0000,792,2301.7129,0.0000,403,1000,1000,1,928.1812
7930.0000,793,2301.8399,0.0000,401,1000,1000,1,928.2718
7940.0000,794,2301.9673,0.0000,403,1000,1000,1,928.3621
7950.0000,795,2302.0904,0.0000,398,1000,1000,1,928.4522
7960.0000,796,2302.2149,0.0000,403,1000,1000,1,928.5421
7970.0000,797,2302.3435,0.0000,403,1000,1000,1,928.6318
7980.0000,798,2302.4658,0.0000,400,1000,1000,1,928.7212
7990.0000,799,2302.5911,0.0000,404,1000,1000,1,928.8104
8000.0000,800,2302.7209,0.0000,407,1000,1000,1,928.8994
8010.0000,801,2302.8468,0.0000,402,1000,1000,1,928.9882
8020.0000,802,2302.9729,0.0000,404,1000,1000,1,929.0767
8030.0000,803,2303.0998,0.0000,404,1000,1000,1,929.1650
8040.0000,804,2303.2204,0.0000,399,1000,1000,1,929.2531
8050.0000,805,2303.3362,0.0000,393,1000,1000,1,929.3410
8060.0000,806,2303.4458,0.0000,390,1000,1000,1,929.4287
8070.0000,807,2303.5564,0.0000,393,1000,1000,1,929.5161
8080.0000,808,2303.6632,0.0000,390,1000,1000,1,929.6034
8090.0000,809,2303.7705,0.0000,394,1000,1000,1,929.6904
8100.0000,810,2303.8777,0.0000,388,1000,1000,1,929.7772
8110.0000,811,2303.9756,0.0000,384,1000,1000,1,929.8638
8120.0000,812,2304.0763,0.0000,389,1000,1000,1,929.9502
8130.0000,813,2304.1791,0.0000,388,1000,1000,1,930.0363
8140.0000,814,2304.2864,0.0000,393,1000,1000,1,930.1223
8150.0000,815,2304.3926,0.0000,391,1000,1000,1,930.2080
8160.0000,816,2304.4964,0.0000,387,1000,1000,1,930.2935
8170.0000,817,2304.5961,0.0000,386,1000,1000,1,930.3789
8180.0000,818,2304.6938,0.0000,384,1000,1000,1,930.4640
8190.0000,819,2304.7846,0.0000,376,1000,1000,1,930.5489
8200.0000,820,2304.8731,0.0000,382,1000,1000,1,930.6336
8210.0000,821,2304.9663,0.0000,380,1000,1000,1,930.7181
8220.0000,822,2305.0532,0.0000,370,1000,1000,1,930.8023
8230.0000,823,2305.1255,0.0000,362,1000,1000,1,930.8864
8240.0000,824,2305.1936,0.0000,363,1000,1000,1,930.9703
8250.0000,825,2305.2613,0.0000,357,1000,1000,1,931.0540
8260.0000,826,2305.3220,0.0000,351,1000,1000,1,931.1374
8270.0000,827,2305.3763,0.0000,344,1000,1000,1,931.2207
8280.0000,828,2305.4192,0.0000,342,1000,1000,1,931.3038
8290.0000,829,2305.4627,0.0000,340,1000,1000,1,931.3866
8300.0000,830,2305.5018,0.0000,335,1000,1000,1,931.4693
8310.0000,831,2305.5394,0.0000,340,1000,1000,1,931.5518
8320.0000,832,2305.5822,0.0000,340,1000,1000,1,931.6340
8330.0000,833,2305.6220,0.0000,339,1000,1000,1,931.7161
8340.0000,834,2305.6619,0.0000,335,1000,1000,1,931.7980
8350.0000,835,2305.6969,0.0000,333,1000,1000,1,931.8797
8360.0000,836,2305.7230,0.0000,322,1000,1000,1,931.9612
8370.0000,837,2305.7403,0.0000,319,1000,1000,1,932.0424
8380.0000,838,2305.7575,0.0000,321,1000,1000,1,932.1235
8390.0000,839,2305.7728,0.0000,319,1000,1000,1,932.2044
8400.0000,840,2305.7931,0.0000,327,1000,1000,1,932.2851
8410.0000,841,2305.8197,0.0000,328,1000,1000,1,932.3657
8420.0000,842,2305.8423,0.0000,322,1000,1000,1,932.4460
8430.0000,843,2305.8608,0.0000,323,1000,1000,1,932.5261
8440.0000,844,2305.8834,0.0000,330,1000,1000,1,932.6061
8450.0000,845,2305.9099,0.0000,323,1000,1000,1,932.6858
8460.0000,846,2305.9285,0.0000,323,1000,1000,1,932.7654
8470.0000,847,2305.9495,0.0000,320,1000,1000,1,932.8448
8480.0000,848,2305.9688,0.0000,325,1000,1000,1,932.9240
8490.0000,849,2305.9900,0.0000,321,1000,1000,1,933.0030
8500.0000,850,2306.0113,0.0000,324,1000,1000,1,933.0818
8510.0000,851,2306.0334,0.0000,323,1000,1000,1,933.1604
8520.0000,852,2306.0527,0.0000,322,1000,1000,1,933.2389
8530.0000,853,2306.0612,0.0000,311,1000,1000,1,933.3171
8540.0000,854,2306.0689,0.0000,314,1000,1000,1,933.3952
8550.0000,855,2306.0760,0.0000,314,1000,1000,1,933.4731
8560.0000,856,2306.0879,0.0000,315,1000,1000,1,933.5508
8570.0000,857,2306.0977,0.0000,313,1000,1000,1,933.6284
8580.0000,858,2306.1120,0.0000,319,1000,1000,1,933.7057
8590.0000,859,2306.1251,0.0000,316,1000,1000,1,933.7829
8600.0000,860,2306.1381,0.0000,318,1000,1000,1,933.8599
8610.0000,861,2306.1536,0.0000,318,1000,1000,1,933.9367
8620.0000,862,2306.1665,0.0000,318,1000,1000,1,934.0134
8630.0000,863,2306.1853,0.0000,322,1000,1000,1,934.0898
8640.0000,864,2306.2062,0.0000,323,1000,1000,1,934.1661
8650.0000,865,2306.2232,0.0000,318,1000,1000,1,934.2422
8660.0000,866,2306.2367,0.0000,318,1000,1000,1,934.3182
8670.0000,867,2306.2490,0.0000,314,1000,1000,1,934.3939
8680.0000,868,2306.2583,0.0000,313,1000,1000,1,934.4695
8690.0000,869,2306.2649,0.0000,310,1000,1000,1,934.5449
8700.0000,870,2306.2737,0.0000,319,1000,1000,1,934.6201
8710.0000,871,2306.2842,0.0000,311,1000,1000,1,934.6952
8720.0000,872,2306.2841,0.0000,305,1000,1000,1,934.7701
8730.0000,873,2306.2810,0.0000,304,1000,1000,1,934.8448
8740.0000,874,2306.2770,0.0000,299,1000,1000,1,934.9194
8750.0000,875,2306.2681,0.0000,296,1000,1000,1,934.9937
8760.0000,876,2306.2544,0.0000,298,1000,1000,1,935.0679
8770.0000,877,2306.2478,0.0000,301,1000,1000,1,935.1420
8780.0000,878,2306.2383,0.0000,293,1000,1000,1,935.2159
8790.0000,879,2306.2239,0.0000,293,1000,1000,1,935.2896
8800.0000,880,2306.2084,0.0000,290,1000,1000,1,935.3631
8810.0000,881,2306.1920,0.0000,292,1000,1000,1,935.4365
8820.0000,882,2306.1766,0.0000,293,1000,1000,1,935.5097
8830.0000,883,2306.1615,0.0000,295,1000,1000,1,935.5827
8840.0000,884,2306.1485,0.0000,296,1000,1000,1,935.6556
8850.0000,885,2306.1384,0.0000,297,1000,1000,1,935.7283
8860.0000,886,2306.1265,0.0000,296,1000,1000,1,935.8008
8870.0000,887,2306.1142,0.0000,297,1000,1000,1,935.8732
8880.0000,888,2306.1050,0.0000,299,1000,1000,1,935.9454
8890.0000,889,2306.0976,0.0000,299,1000,1000,1,936.0175
8900.0000,890,2306.0872,0.0000,297,1000,1000,1,936.0894
8910.0000,891,2306.0732,0.0000,294,1000,1000,1,936.1611
8920.0000,892,2306.0521,0.0000,283,1000,1000,1,936.2327
8930.0000,893,2306.0209,0.0000,277,1000,1000,1,936.3041
8940.0000,894,2305.9900,0.0000,280,1000,1000,1,936.3753
8950.0000,895,2305.9613,0.0000,279,1000,1000,1,936.4464
8960.0000,896,2305.9329,0.0000,279,1000,1000,1,936.5173
8970.0000,897,2305.9038,0.0000,278,1000,1000,1,936.5881
8980.0000,898,2305.8792,0.0000,289,1000,1000,1,936.6587
8990.0000,899,2305.8646,0.0000,292,1000,1000,1,936.7292
9000.0000,900,2305.8497,0.0000,296,1000,1000,1,936.7995
9010.0000,901,2305.8338,0.0000,286,1000,1000,1,936.8696
9020.0000,902,2305.8110,0.0000,284,1000,1000,1,936.9396
9030.0000,903,2305.7860,0.0000,283,1000,1000,1,937.0094
9040.0000,904,2305.7596,0.0000,278,1000,1000,1,937.0791
9050.0000,905,2305.7271,0.0000,274,1000,1000,1,937.1486
9060.0000,906,2305.6875,0.0000,269,1000,1000,1,937.2180
9070.0000,907,2305.6497,0.0000,274,1000,1000,1,937.2872
9080.0000,908,2305.6147,0.0000,275,1000,1000,1,937.3563
9090.0000,909,2305.5805,0.0000,268,1000,1000,1,937.4252
9100.0000,910,2305.5402,0.0000,269,1000,1000,1,937.4940
9110.0000,911,2305.4952,0.0000,260,1000,1000,1,937.5626
9120.0000,912,2305.4454,0.0000,257,1000,1000,1,937.6311
9130.0000,913,2305.3870,0.0000,248,1000,1000,1,937.6994
9140.0000,914,2305.3233,0.0000,245,1000,1000,1,937.7675
9150.0000,915,2305.2574,0.0000,247,1000,1000,1,937.8355
9160.0000,916,2305.1953,0.0000,253,1000,1000,1,937.9034
9170.0000,917,2305.1349,0.0000,243,1000,1000,1,937.9711
9180.0000,918,2305.0665,0.0000,241,1000,1000,1,938.0387
9190.0000,919,2304.9983,0.0000,245,1000,1000,1,938.1061
9200.0000,920,2304.9338,0.0000,245,1000,1000,1,938.1734
9210.0000,921,2304.8679,0.0000,245,1000,1000,1,938.2405
9220.0000,922,2304.8021,0.0000,244,1000,1000,1,938.3075
9230.0000,923,2304.7380,0.0000,246,1000,1000,1,938.3743
9240.0000,924,2304.6729,0.0000,240,1000,1000,1,938.4410
9250.0000,925,2304.6031,0.0000,240,1000,1000,1,938.5076
9260.0000,926,2304.5360,0.0000,244,1000,1000,1,938.5740
9270.0000,927,2304.4706,0.0000,243,1000,1000,1,938.6403
9280.0000,928,2304.4066,0.0000,249,1000,1000,1,938.7064
9290.0000,929,2304.3501,0.0000,255,1000,1000,1,938.7724
9300.0000,930,2304.3000,0.0000,259,1000,1000,1,938.8382
9310.0000,931,2304.2470,0.0000,251,1000,1000,1,938.9039
9320.0000,932,2304.1898,0.0000,250,1000,1000,1,938.9694
9330.0000,933,2304.1261,0.0000,240,1000,1000,1,939.0349
9340.0000,934,2304.0540,0.0000,235,1000,1000,1,939.1001
9350.0000,935,2303.9781,0.0000,230,1000,1000,1,939.1653
9360.0000,936,2303.8979,0.0000,229,1000,1000,1,939.2303
9370.0000,937,2303.8173,0.0000,228,1000,1000,1,939.2951
9380.0000,938,2303.7340,0.0000,224,1000,1000,1,939.3598
9390.0000,939,2303.6519,0.0000,227,1000,1000,1,939.4244
9400.0000,940,2303.5681,0.0000,222,1000,1000,1,939.4889
9410.0000,941,2303.4861,0.0000,226,1000,1000,1,939.5532
9420.0000,942,2303.3994,0.0000,223,1000,1000,1,939.6173
9430.0000,943,2303.3161,0.0000,224,1000,1000,1,939.6814
9440.0000,944,2303.2257,0.0000,216,1000,1000,1,939.7453
9450.0000,945,2303.1323,0.0000,217,1000,1000,1,939.8090
9460.0000,946,2303.0387,0.0000,214,1000,1000,1,939.8726
9470.0000,947,2302.9473,0.0000,216,1000,1000,1,939.9361
9480.0000,948,2302.8550,0.0000,216,1000,1000,1,939.9995
9490.0000,949,2302.7640,0.0000,215,1000,1000,1,940.0627
9500.0000,950,2302.6727,0.0000,213,1000,1000,1,940.1258
9510.0000,951,2302.5779,0.0000,211,1000,1000,1,940.1888
9520.0000,952,2302.4779,0.0000,205,1000,1000,1,940.2516
9530.0000,953,2302.3758,0.0000,206,1000,1000,1,940.3143
9540.0000,954,2302.2715,0.0000,204,1000,1000,1,940.3769
9550.0000,955,2302.1647,0.0000,197,1000,1000,1,940.4393
9560.0000,956,2302.0583,0.0000,204,1000,1000,1,940.5016
9570.0000,957,2301.9576,0.0000,207,1000,1000,1,940.5638
9580.0000,958,2301.8589,0.0000,206,1000,1000,1,940.6258
9590.0000,959,2301.7589,0.0000,205,1000,1000,1,940.6877
9600.0000,960,2301.6516,0.0000,191,1000,1000,1,940.7495
9610.0000,961,2301.5356,0.0000,189,1000,1000,1,940.8112
9620.0000,962,2301.4181,0.0000,192,1000,1000,1,940.8727
9630.0000,963,2301.3004,0.0000,187,1000,1000,1,940.9341
9640.0000,964,2301.1823,0.0000,185,1000,1000,1,940.9954
9650.0000,965,2301.0661,0.0000,188,1000,1000,1,941.0565
9660.0000,966,2300.9495,0.0000,188,1000,1000,1,941.1175
9670.0000,967,2300.8343,0.0000,189,1000,1000,1,941.1784
9680.0000,968,2300.7199,0.0000,195,1000,1000,1,941.2392
9690.0000,969,2300.6123,0.0000,198,1000,1000,1,941.2998
9700.0000,970,2300.5036,0.0000,192,1000,1000,1,941.3603
9710.0000,971,2300.3928,0.0000,191,1000,1000,1,941.4207
9720.0000,972,2300.2838,0.0000,198,1000,1000,1,941.4810
9730.0000,973,2300.1773,0.0000,197,1000,1000,1,941.5411
9740.0000,974,2300.0729,0.0000,201,1000,1000,1,941.6012
9750.0000,975,2299.9712,0.0000,199,1000,1000,1,941.6611
9760.0000,976,2299.8663,0.0000,201,1000,1000,1,941.7208
9770.0000,977,2299.7665,0.0000,206,1000,1000,1,941.7805
9780.0000,978,2299.6684,0.0000,203,1000,1000,1,941.8400
9790.0000,979,2299.5713,0.0000,206,1000,1000,1,941.8994
9800.0000,980,2299.4697,0.0000,196,1000,1000,1,941.9587
9810.0000,981,2299.3628,0.0000,197,1000,1000,1,942.0179
9820.0000,982,2299.2575,0.0000,194,1000,1000,1,942.0769
9830.0000,983,2299.1502,0.0000,196,1000,1000,1,942.1358
9840.0000,984,2299.0458,0.0000,196,1000,1000,1,942.1946
9850.0000,985,2298.9413,0.0000,195,1000,1000,1,942.2533
9860.0000,986,2298.8333,0.0000,191,1000,1000,1,942.3119
9870.0000,987,2298.7223,0.0000,186,1000,1000,1,942.3703
9880.0000,988,2298.6060,0.0000,182,1000,1000,1,942.4287
9890.0000,989,2298.4859,0.0000,179,1000,1000,1,942.4869
9900.0000,990,2298.3654,0.0000,179,1000,1000,1,942.5450
9910.0000,991,2298.2429,0.0000,179,1000,1000,1,942.6030
9920.0000,992,2298.1267,0.0000,186,1000,1000,1,942.6608
9930.0000,993,2298.0146,0.0000,192,1000,1000,1,942.7186
9940.0000,994,2297.9062,0.0000,186,1000,1000,1,942.7762
9950.0000,995,2297.7911,0.0000,179,1000,1000,1,942.8337
9960.0000,996,2297.6735,0.0000,182,1000,1000,1,942.8911
9970.0000,997,2297.5559,0.0000,180,1000,1000,1,942.9484
9980.0000,998,2297.4383,0.0000,182,1000,1000,1,943.0055
9990.0000,999,2297.3283,0.0000,191,1000,1000,1,943.0626
10000.0000,1000,2297.2198,0.0000,188,1000,1000,1,943.1195
10010.0000,1001,2297.1095,0.0000,190,1000,1000,1,943.1763
10020.0000,1002,2297.0019,0.0000,190,1000,1000,1,943.2331
10030.0000,1003,2296.8942,0.0000,188,1000,1000,1,943.2897
10040.0000,1004,2296.7841,0.0000,189,1000,1000,1,943.3461
10050.0000,1005,2296.6770,0.0000,190,1000,1000,1,943.4025
10060.0000,1006,2296.5671,0.0000,190,1000,1000,1,943.4588
10070.0000,1007,2296.4608,0.0000,192,1000,1000,1,943.5149
10080.0000,1008,2296.3577,0.0000,192,1000,1000,1,943.5710
10090.0000,1009,2296.2569,0.0000,194,1000,1000,1,943.6269
10100.0000,1010,2296.1535,0.0000,193,1000,1000,1,943.6827
10110.0000,1011,2296.0539,0.0000,196,1000,1000,1,943.7384
10120.0000,1012,2295.9534,0.0000,192,1000,1000,1,943.7940
10130.0000,1013,2295.8483,0.0000,188,1000,1000,1,943.8495
10140.0000,1014,2295.7385,0.0000,183,1000,1000,1,943.9049
10150.0000,1015,2295.6251,0.0000,179,1000,1000,1,943.9601
10160.0000,1016,2295.5135,0.0000,181,1000,1000,1,944.0153
10170.0000,1017,2295.4006,0.0000,179,1000,1000,1,944.0703
10180.0000,1018,2295.2887,0.0000,181,1000,1000,1,944.1253
10190.0000,1019,2295.1741,0.0000,177,1000,1000,1,944.1801
10200.0000,1020,2295.0588,0.0000,178,1000,1000,1,944.2348
10210.0000,1021,2294.9440,0.0000,173,1000,1000,1,944.2894
10220.0000,1022,2294.8234,0.0000,171,1000,1000,1,944.3440
10230.0000,1023,2294.7009,0.0000,169,1000,1000,1,944.3984
10240.0000,1024,2294.5775,0.0000,168,1000,1000,1,944.4527
10250.0000,1025,2294.4527,0.0000,167,1000,1000,1,944.5069
10260.0000,1026,2294.3287,0.0000,164,1000,1000,1,944.5609
10270.0000,1027,2294.2015,0.0000,167,1000,1000,1,944.6149
10280.0000,1028,2294.0807,0.0000,173,1000,1000,1,944.6688
10290.0000,1029,2293.9623,0.0000,169,1000,1000,1,944.7226
10300.0000,1030,2293.8400,0.0000,169,1000,1000,1,944.7762
10310.0000,1031,2293.7175,0.0000,168,1000,1000,1,944.8298
10320.0000,1032,2293.5962,0.0000,168,1000,1000,1,944.8833
10330.0000,1033,2293.4714,0.0000,166,1000,1000,1,944.9366
10340.0000,1034,2293.3477,0.0000,163,1000,1000,1,944.9899
10350.0000,1035,2293.2179,0.0000,162,1000,1000,1,945.0430
10360.0000,1036,2293.0949,0.0000,168,1000,1000,1,945.0961
10370.0000,1037,2292.9713,0.0000,158,1000,1000,1,945.1490
10380.0000,1038,2292.8423,0.0000,160,1000,1000,1,945.2019
10390.0000,1039,2292.7127,0.0000,155,1000,1000,1,945.2546
10400.0000,1040,2292.5786,0.0000,150,1000,1000,1,945.3072
10410.0000,1041,2292.4446,0.0000,154,1000,1000,1,945.3598
10420.0000,1042,2292.3122,0.0000,155,1000,1000,1,945.4122
10430.0000,1043,2292.1816,0.0000,156,1000,1000,1,945.4645
10440.0000,1044,2292.0538,0.0000,164,1000,1000,1,945.5168
10450.0000,1045,2291.9316,0.0000,160,1000,1000,1,945.5689
10460.0000,1046,2291.8070,0.0000,163,1000,1000,1,945.6210
10470.0000,1047,2291.6879,0.0000,170,1000,1000,1,945.6729
10480.0000,1048,2291.5695,0.0000,169,1000,1000,1,945.7247
10490.0000,1049,2291.4530,0.0000,168,1000,1000,1,945.7765
10500.0000,1050,2291.3332,0.0000,159,1000,1000,1,945.8281
10510.0000,1051,2291.2102,0.0000,161,1000,1000,1,945.8797
10520.0000,1052,2291.0846,0.0000,155,1000,1000,1,945.9311
10530.0000,1053,2290.9554,0.0000,155,1000,1000,1,945.9825
10540.0000,1054,2290.8268,0.0000,155,1000,1000,1,946.0337
10550.0000,1055,2290.6948,0.0000,146,1000,1000,1,946.0849
10560.0000,1056,2290.5589,0.0000,147,1000,1000,1,946.1359
10570.0000,1057,2290.4215,0.0000,144,1000,1000,1,946.1869
10580.0000,1058,2290.2791,0.0000,135,1000,1000,1,946.2377
10590.0000,1059,2290.1296,0.0000,130,1000,1000,1,946.2885
10600.0000,1060,2289.9836,0.0000,136,1000,1000,1,946.3392
10610.0000,1061,2289.8422,0.0000,138,1000,1000,1,946.3897
10620.0000,1062,2289.6994,0.0000,138,1000,1000,1,946.4402
10630.0000,1063,2289.5551,0.0000,134,1000,1000,1,946.4906
10640.0000,1064,2289.4115,0.0000,137,1000,1000,1,946.5409
10650.0000,1065,2289.2672,0.0000,134,1000,1000,1,946.5911
10660.0000,1066,2289.1209,0.0000,134,1000,1000,1,946.6412
10670.0000,1067,2288.9741,0.0000,126,1000,1000,1,946.6912
10680.0000,1068,2288.8216,0.0000,127,1000,1000,1,946.7411
10690.0000,1069,2288.6710,0.0000,128,1000,1000,1,946.7909
10700.0000,1070,2288.5212,0.0000,128,1000,1000,1,946.8407
10710.0000,1071,2288.3767,0.0000,138,1000,1000,1,946.8903
10720.0000,1072,2288.2385,0.0000,138,1000,1000,1,946.9399
10730.0000,1073,2288.0985,0.0000,137,1000,1000,1,946.9893
10740.0000,1074,2287.9578,0.0000,138,1000,1000,1,947.0387
10750.0000,1075,2287.8142,0.0000,132,1000,1000,1,947.0879
10760.0000,1076,2287.6688,0.0000,133,1000,1000,1,947.1371
10770.0000,1077,2287.5239,0.0000,131,1000,1000,1,947.1862
10780.0000,1078,2287.3809,0.0000,136,1000,1000,1,947.2352
10790.0000,1079,2287.2393,0.0000,132,1000,1000,1,947.2841
10800.0000,1080,2287.0952,0.0000,129,1000,1000,1,947.3329
10810.0000,1081,2286.9458,0.0000,121,1000,1000,1,947.3816
10820.0000,1082,2286.7915,0.0000,119,1000,1000,1,947.4302
10830.0000,1083,2286.6361,0.0000,118,1000,1000,1,947.4788
10840.0000,1084,2286.4790,0.0000,116,1000,1000,1,947.5272
10850.0000,1085,2286.3188,0.0000,111,1000,1000,1,947.5756
10860.0000,1086,2286.1581,0.0000,108,1000,1000,1,947.6239
10870.0000,1087,2285.9913,0.0000,106,1000,1000,1,947.6721
10880.0000,1088,2285.8265,0.0000,106,1000,1000,1,947.7202
10890.0000,1089,2285.6632,0.0000,104,1000,1000,1,947.7682
10900.0000,1090,2285.4995,0.0000,106,1000,1000,1,947.8161
10910.0000,1091,2285.3381,0.0000,114,1000,1000,1,947.8639
10920.0000,1092,2285.1810,0.0000,110,1000,1000,1,947.9117
10930.0000,1093,2285.0221,0.0000,111,1000,1000,1,947.9593
10940.0000,1094,2284.8638,0.0000,112,1000,1000,1,948.0069
10950.0000,1095,2284.7032,0.0000,102,1000,1000,1,948.0544
10960.0000,1096,2284.5372,0.0000,103,1000,1000,1,948.1018
10970.0000,1097,2284.3718,0.0000,106,1000,1000,1,948.1491
10980.0000,1098,2284.2084,0.0000,104,1000,1000,1,948.1963
10990.0000,1099,2284.0466,0.0000,109,1000,1000,1,948.2434
11000.0000,1100,2283.8865,0.0000,109,1000,1000,1,948.2905
11010.0000,1101,2283.7329,0.0000,116,1000,1000,1,948.3374
11020.0000,1102,2283.5796,0.0000,117,1000,1000,1,948.3843
11030.0000,1103,2283.4330,0.0000,124,1000,1000,1,948.4311
11040.0000,1104,2283.2824,0.0000,114,1000,1000,1,948.4778
11050.0000,1105,2283.1292,0.0000,110,1000,1000,1,948.5245
11060.0000,1106,2282.9727,0.0000,107,1000,1000,1,948.5710
11070.0000,1107,2282.8128,0.0000,104,1000,1000,1,948.6175
11080.0000,1108,2282.6519,0.0000,104,1000,1000,1,948.6638
11090.0000,1109,2282.4902,0.0000,103,1000,1000,1,948.7101
11100.0000,1110,2282.3277,0.0000,99,1000,1000,1,948.7563
11110.0000,1111,2282.1645,0.0000,106,1000,1000,1,948.8025
11120.0000,1112,2282.0034,0.0000,99,1000,1000,1,948.8485
11130.0000,1113,2281.8388,0.0000,98,1000,1000,1,948.8945
11140.0000,1114,2281.6767,0.0000,99,1000,1000,1,948.9403
11150.0000,1115,2281.5106,0.0000,97,1000,1000,1,948.9861
11160.0000,1116,2281.3404,0.0000,89,1000,1000,1,949.0318
11170.0000,1117,2281.1686,0.0000,93,1000,1000,1,949.0775
11180.0000,1118,2280.9986,0.0000,92,1000,1000,1,949.1230
11190.0000,1119,2280.8316,0.0000,95,1000,1000,1,949.1685
11200.0000,1120,2280.6680,0.0000,98,1000,1000,1,949.2139
11210.0000,1121,2280.5046,0.0000,95,1000,1000,1,949.2592
11220.0000,1122,2280.3413,0.0000,101,1000,1000,1,949.3044
11230.0000,1123,2280.1798,0.0000,99,1000,1000,1,949.3495
11240.0000,1124,2280.0184,0.0000,97,1000,1000,1,949.3946
11250.0000,1125,2279.8569,0.0000,100,1000,1000,1,949.4396
11260.0000,1126,2279.6950,0.0000,95,1000,1000,1,949.4845
11270.0000,1127,2279.5296,0.0000,88,1000,1000,1,949.5293
11280.0000,1128,2279.3551,0.0000,75,1000,1000,1,949.5740
11290.0000,1129,2279.1749,0.0000,76,1000,1000,1,949.6187
11300.0000,1130,2278.9952,0.0000,73,1000,1000,1,949.6633
11310.0000,1131,2278.8114,0.0000,68,1000,1000,1,949.7078
11320.0000,1132,2278.6245,0.0000,66,1000,1000,1,949.7522
11330.0000,1133,2278.4383,0.0000,68,1000,1000,1,949.7966
11340.0000,1134,2278.2564,0.0000,76,1000,1000,1,949.8409
11350.0000,1135,2278.0803,0.0000,80,1000,1000,1,949.8850
11360.0000,1136,2277.9056,0.0000,80,1000,1000,1,949.9292
11370.0000,1137,2277.7306,0.0000,82,1000,1000,1,949.9732
11380.0000,1138,2277.5596,0.0000,83,1000,1000,1,950.0172
11390.0000,1139,2277.3865,0.0000,80,1000,1000,1,950.0610
11400.0000,1140,2277.2130,0.0000,80,1000,1000,1,950.1048
11410.0000,1141,2277.0409,0.0000,78,1000,1000,1,950.1486
11420.0000,1142,2276.8639,0.0000,73,1000,1000,1,950.1922
11430.0000,1143,2276.6846,0.0000,74,1000,1000,1,950.2358
11440.0000,1144,2276.5046,0.0000,71,1000,1000,1,950.2793
11450.0000,1145,2276.3209,0.0000,65,1000,1000,1,950.3227
11460.0000,1146,2276.1357,0.0000,65,1000,1000,1,950.3661
11470.0000,1147,2275.9531,0.0000,69,1000,1000,1,950.4093
11480.0000,1148,2275.7736,0.0000,69,1000,1000,1,950.4525
11490.0000,1149,2275.5935,0.0000,72,1000,1000,1,950.4957
11500.0000,1150,2275.4159,0.0000,71,1000,1000,1,950.5387
11510.0000,1151,2275.2379,0.0000,71,1000,1000,1,950.5817
11520.0000,1152,2275.0623,0.0000,72,1000,1000,1,950.6246
11530.0000,1153,2274.8859,0.0000,69,1000,1000,1,950.6674
11540.0000,1154,2274.7078,0.0000,72,1000,1000,1,950.7102
11550.0000,1155,2274.5320,0.0000,70,1000,1000,1,950.7528
11560.0000,1156,2274.3545,0.0000,65,1000,1000,1,950.7954
11570.0000,1157,2274.1733,0.0000,66,1000,1000,1,950.8380
11580.0000,1158,2273.9949,0.0000,64,1000,1000,1,950.8804
11590.0000,1159,2273.8154,0.0000,66,1000,1000,1,950.9228
11600.0000,1160,2273.6396,0.0000,75,1000,1000,1,950.9651
11610.0000,1161,2273.4674,0.0000,75,1000,1000,1,951.0073
11620.0000,1162,2273.2975,0.0000,76,1000,1000,1,951.0495
11630.0000,1163,2273.1285,0.0000,77,1000,1000,1,951.0916
11640.0000,1164,2272.9565,0.0000,71,1000,1000,1,951.1336
11650.0000,1165,2272.7793,0.0000,68,1000,1000,1,951.1756
11660.0000,1166,2272.5998,0.0000,59,1000,1000,1,951.2174
11670.0000,1167,2272.4154,0.0000,59,1000,1000,1,951.2592
11680.0000,1168,2272.2385,0.0000,70,1000,1000,1,951.3010
11690.0000,1169,2272.0632,0.0000,64,1000,1000,1,951.3426
11700.0000,1170,2271.8828,0.0000,62,1000,1000,1,951.3842
11710.0000,1171,2271.7036,0.0000,62,1000,1000,1,951.4257
11720.0000,1172,2271.5260,0.0000,62,1000,1000,1,951.4672
11730.0000,1173,2271.3500,0.0000,63,1000,1000,1,951.5085
11740.0000,1174,2271.1757,0.0000,68,1000,1000,1,951.5499
11750.0000,1175,2270.9999,0.0000,64,1000,1000,1,951.5911
11760.0000,1176,2270.8211,0.0000,56,1000,1000,1,951.6322
11770.0000,1177,2270.6411,0.0000,63,1000,1000,1,951.6733
11780.0000,1178,2270.4672,0.0000,67,1000,1000,1,951.7144
11790.0000,1179,2270.2952,0.0000,65,1000,1000,1,951.7553
11800.0000,1180,2270.1201,0.0000,61,1000,1000,1,951.7962
11810.0000,1181,2269.9433,0.0000,62,1000,1000,1,951.8370
11820.0000,1182,2269.7657,0.0000,59,1000,1000,1,951.8778
11830.0000,1183,2269.5883,0.0000,59,1000,1000,1,951.9184
11840.0000,1184,2269.4121,0.0000,59,1000,1000,1,951.9591
11850.0000,1185,2269.2318,0.0000,51,1000,1000,1,951.9996
11860.0000,1186,2269.0482,0.0000,52,1000,1000,1,952.0401
11870.0000,1187,2268.8603,0.0000,42,1000,1000,1,952.0805
11880.0000,1188,2268.6721,0.0000,47,1000,1000,1,952.1208
11890.0000,1189,2268.4839,0.0000,47,1000,1000,1,952.1611
11900.0000,1190,2268.2938,0.0000,39,1000,1000,1,952.2013
11910.0000,1191,2268.1006,0.0000,35,1000,1000,1,952.2414
11920.0000,1192,2267.9024,0.0000,33,1000,1000,1,952.2815
11930.0000,1193,2267.7096,0.0000,42,1000,1000,1,952.3215
11940.0000,1194,2267.5207,0.0000,43,1000,1000,1,952.3614
11950.0000,1195,2267.3296,0.0000,37,1000,1000,1,952.4013
11960.0000,1196,2267.1374,0.0000,38,1000,1000,1,952.4411
11970.0000,1197,2266.9477,0.0000,44,1000,1000,1,952.4808
11980.0000,1198,2266.7642,0.0000,47,1000,1000,1,952.5205
11990.0000,1199,2266.5807,0.0000,48,1000,1000,1,952.5601
12000.0000,1200,2266.3987,0.0000,49,1000,1000,1,952.5996
12010.0000,1201,2266.2166,0.0000,47,1000,1000,1,952.6391
12020.0000,1202,2266.0331,0.0000,42,1000,1000,1,952.6785
12030.0000,1203,2265.8471,0.0000,48,1000,994,1,952.7178
12040.0000,1204,2265.6614,0.0000,53,1000,996,1,952.7571
12050.0000,1205,2265.4799,0.0000,62,1000,989,1,952.7963
12060.0000,1206,2265.3044,0.0000,69,1000,988,1,952.8354
12070.0000,1207,2265.1361,0.0000,86,1000,981,1,952.8745
12080.0000,1208,2264.9770,0.0000,95,1000,987,1,952.9135
12090.0000,1209,2264.8327,0.0000,107,1000,992,1,952.9525
12100.0000,1210,2264.6999,0.0000,116,1000,994,1,952.9913
12110.0000,1211,2264.5770,0.0000,129,1000,992,1,953.0302
12120.0000,1212,2264.4667,0.0000,145,1000,993,1,953.0689
12130.0000,1213,2264.3611,0.0000,150,1000,988,1,953.1076
12140.0000,1214,2264.2594,0.0000,161,1000,989,1,953.1462
12150.0000,1215,2264.1686,0.0000,170,1000,990,1,953.1848
12160.0000,1216,2264.0842,0.0000,181,1000,979,1,953.2233
12170.0000,1217,2264.0039,0.0000,193,1000,978,1,953.2617
12180.0000,1218,2263.9292,0.0000,199,1000,978,1,953.3001
12190.0000,1219,2263.8596,0.0000,204,1000,977,1,953.3384
12200.0000,1220,2263.7953,0.0000,216,1000,971,1,953.3767
12210.0000,1221,2263.7336,0.0000,226,1000,969,1,953.4148
12220.0000,1222,2263.6810,0.0000,237,1000,966,1,953.4530
12230.0000,1223,2263.6351,0.0000,248,1000,969,1,953.4910
12240.0000,1224,2263.6004,0.0000,257,1000,965,1,953.5290
12250.0000,1225,2263.5680,0.0000,265,1000,964,1,953.5670
12260.0000,1226,2263.5415,0.0000,279,1000,958,1,953.6048
12270.0000,1227,2263.5222,0.0000,288,1000,958,1,953.6426
12280.0000,1228,2263.5117,0.0000,296,1000,955,1,953.6804
12290.0000,1229,2263.5018,0.0000,302,1000,951,1,953.7181
12300.0000,1230,2263.4954,0.0000,311,1000,947,1,953.7557
12310.0000,1231,2263.4935,0.0000,314,1000,949,1,953.7933
12320.0000,1232,2263.4970,0.0000,323,1000,953,1,953.8308
12330.0000,1233,2263.5055,0.0000,327,1000,951,1,953.8682
12340.0000,1234,2263.5201,0.0000,334,1000,948,1,953.9056
12350.0000,1235,2263.5391,0.0000,341,1000,946,1,953.9429
12360.0000,1236,2263.5583,0.0000,343,1000,946,1,953.9802
12370.0000,1237,2263.5842,0.0000,351,1000,948,1,954.0174
12380.0000,1238,2263.6138,0.0000,355,1000,949,1,954.0545
12390.0000,1239,2263.6485,0.0000,361,1000,949,1,954.0916
12400.0000,1240,2263.6889,0.0000,370,1000,948,1,954.1286
12410.0000,1241,2263.7341,0.0000,377,1000,951,1,954.1656
12420.0000,1242,2263.7904,0.0000,388,1000,948,1,954.2025
12430.0000,1243,2263.8507,0.0000,399,1000,942,1,954.2394
12440.0000,1244,2263.9215,0.0000,417,1000,947,1,954.2761
12450.0000,1245,2264.0050,0.0000,426,1000,946,1,954.3129
12460.0000,1246,2264.0921,0.0000,434,1000,937,1,954.3495
12470.0000,1247,2264.1828,0.0000,446,1000,935,1,954.3861
12480.0000,1248,2264.2809,0.0000,459,1000,930,1,954.4227
12490.0000,1249,2264.3868,0.0000,469,1000,934,1,954.4592
12500.0000,1250,2264.4973,0.0000,475,1000,930,1,954.4956
12510.0000,1251,2264.6121,0.0000,490,1000,921,1,954.5320
12520.0000,1252,2264.7299,0.0000,499,1000,918,1,954.5683
12530.0000,1253,2264.8532,0.0000,508,1000,914,1,954.6046
12540.0000,1254,2264.9834,0.0000,522,1000,909,1,954.6408
12550.0000,1255,2265.1174,0.0000,528,1000,908,1,954.6769
12560.0000,1256,2265.2566,0.0000,534,1000,909,1,954.7130
12570.0000,1257,2265.4022,0.0000,541,1000,908,1,954.7490
12580.0000,1258,2265.5521,0.0000,551,1000,909,1,954.7850
12590.0000,1259,2265.7065,0.0000,557,1000,910,1,954.8209
12600.0000,1260,2265.8693,0.0000,566,1000,908,1,954.8568
12610.0000,1261,2266.0420,0.0000,575,1000,915,1,954.8926
12620.0000,1262,2266.2250,0.0000,589,1000,915,1,954.9283
12630.0000,1263,2266.4184,0.0000,603,1000,913,1,954.9640
12640.0000,1264,2266.6203,0.0000,611,1000,918,1,954.9996
12650.0000,1265,2266.8347,0.0000,621,1000,919,1,955.0352
12660.0000,1266,2267.0530,0.0000,628,1000,919,1,955.0707
12670.0000,1267,2267.2812,0.0000,631,1000,928,1,955.1062
12680.0000,1268,2267.5132,0.0000,638,1000,928,1,955.1416
12690.0000,1269,2267.7487,0.0000,643,1000,919,1,955.1769
12700.0000,1270,2267.9844,0.0000,650,1000,917,1,955.2122
12710.0000,1271,2268.2237,0.0000,657,1000,923,1,955.2475
12720.0000,1272,2268.4727,0.0000,669,1000,923,1,955.2826
12730.0000,1273,2268.7335,0.0000,683,1000,923,1,955.3178
12740.0000,1274,2268.9999,0.0000,687,1000,923,1,955.3528
12750.0000,1275,2269.2728,0.0000,698,1000,924,1,955.3879
12760.0000,1276,2269.5532,0.0000,703,1000,925,1,955.4228
12770.0000,1277,2269.8389,0.0000,709,1000,934,1,955.4577
12780.0000,1278,2270.1369,0.0000,717,1000,940,1,955.4926
12790.0000,1279,2270.4427,0.0000,729,1000,939,1,955.5274
12800.0000,1280,2270.7552,0.0000,738,1000,933,1,955.5621
12810.0000,1281,2271.0753,0.0000,749,1000,939,1,955.5968
12820.0000,1282,2271.4033,0.0000,754,1000,942,1,955.6315
12830.0000,1283,2271.7386,0.0000,769,1000,936,1,955.6660
12840.0000,1284,2272.0816,0.0000,776,1000,938,1,955.7006
12850.0000,1285,2272.4324,0.0000,792,1000,936,1,955.7350
12860.0000,1286,2272.7911,0.0000,798,1000,936,1,955.7695
12870.0000,1287,2273.1563,0.0000,807,1000,939,1,955.8038
12880.0000,1288,2273.5234,0.0000,813,1000,932,1,955.8381
12890.0000,1289,2273.8956,0.0000,825,1000,935,1,955.8724
12900.0000,1290,2274.2765,0.0000,838,1000,933,1,955.9066
12910.0000,1291,2274.6657,0.0000,850,1000,935,1,955.9408
12920.0000,1292,2275.0625,0.0000,857,1000,932,1,955.9749
12930.0000,1293,2275.4607,0.0000,864,1000,927,1,956.0089
12940.0000,1294,2275.8628,0.0000,871,1000,929,1,956.0429
12950.0000,1295,2276.2710,0.0000,881,1000,929,1,956.0769
12960.0000,1296,2276.6851,0.0000,891,1000,925,1,956.1107
12970.0000,1297,2277.1036,0.0000,901,1000,924,1,956.1446
12980.0000,1298,2277.5270,0.0000,906,1000,927,1,956.1784
12990.0000,1299,2277.9571,0.0000,918,1000,925,1,956.2121
13000.0000,1300,2278.3974,0.0000,927,1000,929,1,956.2458
13010.0000,1301,2278.8450,0.0000,939,1000,928,1,956.2794
13020.0000,1302,2279.2997,0.0000,946,1000,934,1,956.3130
13030.0000,1303,2279.7673,0.0000,956,1000,933,1,956.3465
13040.0000,1304,2280.2384,0.0000,965,1000,933,1,956.3800
13050.0000,1305,2280.7093,0.0000,971,1000,929,1,956.4134
13060.0000,1306,2281.1852,0.0000,978,1000,921,1,956.4468
13070.0000,1307,2281.6630,0.0000,993,1000,918,1,956.4801
13080.0000,1308,2282.1492,0.0000,1000,1000,922,1,956.5134
13090.0000,1309,2282.6363,0.0000,1000,1000,916,1,956.5466
13100.0000,1310,2283.1224,0.0000,1000,1000,921,1,956.5798
13110.0000,1311,2283.6099,0.0000,1000,1000,920,1,956.6129
13120.0000,1312,2284.0947,0.0000,1000,1000,922,1,956.6460
13130.0000,1313,2284.5776,0.0000,1000,1000,912,1,956.6790
13140.0000,1314,2285.0539,0.0000,1000,1000,906,1,956.7120
13150.0000,1315,2285.5270,0.0000,1000,1000,905,1,956.7449
13160.0000,1316,2285.9975,0.0000,1000,1000,905,1,956.7778
13170.0000,1317,2286.4658,0.0000,1000,1000,897,1,956.8106
13180.0000,1318,2286.9293,0.0000,1000,1000,895,1,956.8433
13190.0000,1319,2287.3880,0.0000,1000,1000,891,1,956.8761
13200.0000,1320,2287.8436,0.0000,1000,1000,887,1,956.9087
13210.0000,1321,2288.2982,0.0000,1000,1000,885,1,956.9414
13220.0000,1322,2288.7480,0.0000,1000,1000,885,1,956.9739
13230.0000,1323,2289.1986,0.0000,1000,1000,884,1,957.0064
13240.0000,1324,2289.6465,0.0000,1000,1000,881,1,957.0389
13250.0000,1325,2290.0927,0.0000,1000,1000,880,1,957.0713
13260.0000,1326,2290.5388,0.0000,1000,1000,884,1,957.1037
13270.0000,1327,2290.9881,0.0000,1000,1000,889,1,957.1360
13280.0000,1328,2291.4409,0.0000,1000,1000,892,1,957.1683
13290.0000,1329,2291.8910,0.0000,1000,1000,889,1,957.2005
13300.0000,1330,2292.3391,0.0000,1000,1000,885,1,957.2327
13310.0000,1331,2292.7849,0.0000,1000,1000,881,1,957.2649
13320.0000,1332,2293.2268,0.0000,1000,1000,884,1,957.2969
13330.0000,1333,2293.6706,0.0000,1000,1000,883,1,957.3290
13340.0000,1334,2294.1152,0.0000,1000,1000,888,1,957.3610
13350.0000,1335,2294.5612,0.0000,1000,1000,892,1,957.3929
13360.0000,1336,2295.0083,0.0000,1000,1000,892,1,957.4248
13370.0000,1337,2295.4525,0.0000,1000,1000,887,1,957.4566
13380.0000,1338,2295.8963,0.0000,1000,1000,888,1,957.4884
13390.0000,1339,2296.3384,0.0000,1000,1000,887,1,957.5202
13400.0000,1340,2296.7743,0.0000,1000,1000,877,1,957.5519
13410.0000,1341,2297.2083,0.0000,1000,1000,880,1,957.5835
13420.0000,1342,2297.6413,0.0000,1000,1000,878,1,957.6151
13430.0000,1343,2298.0723,0.0000,1000,1000,875,1,957.6467
13440.0000,1344,2298.4991,0.0000,1000,1000,868,1,957.6782
13450.0000,1345,2298.9233,0.0000,1000,1000,864,1,957.7097
13460.0000,1346,2299.3450,0.0000,1000,1000,866,1,957.7411
13470.0000,1347,2299.7703,0.0000,1000,1000,872,1,957.7725
13480.0000,1348,2300.1925,0.0000,1000,1000,866,1,957.8038
13490.0000,1349,2300.6082,0.0000,1000,1000,863,1,957.8351
13500.0000,1350,2301.0257,0.0000,1000,1000,867,1,957.8663
13510.0000,1351,2301.4438,0.0000,1000,1000,863,1,957.8975
13520.0000,1352,2301.8598,0.0000,1000,1000,865,1,957.9286
13530.0000,1353,2302.2775,0.0000,1000,1000,869,1,957.9597
13540.0000,1354,2302.6931,0.0000,1000,1000,862,1,957.9908
13550.0000,1355,2303.1073,0.0000,1000,1000,866,1,958.0218
13560.0000,1356,2303.5205,0.0000,1000,1000,861,1,958.0527
13570.0000,1357,2303.9302,0.0000,1000,1000,858,1,958.0837
13580.0000,1358,2304.3374,0.0000,1000,1000,855,1,958.1145
13590.0000,1359,2304.7401,0.0000,1000,1000,847,1,958.1453
13600.0000,1360,2305.1376,0.0000,1000,1000,845,1,958.1761
13610.0000,1361,2305.5342,0.0000,1000,1000,844,1,958.2069
13620.0000,1362,2305.9285,0.0000,1000,1000,839,1,958.2375
13630.0000,1363,2306.3186,0.0000,1000,1000,840,1,958.2682
13640.0000,1364,2306.7094,0.0000,1000,1000,837,1,958.2988
13650.0000,1365,2307.0957,0.0000,1000,1000,834,1,958.3293
13660.0000,1366,2307.4787,0.0000,1000,1000,829,1,958.3598
13670.0000,1367,2307.8599,0.0000,1000,1000,830,1,958.3903
13680.0000,1368,2308.2401,0.0000,1000,1000,825,1,958.4207
13690.0000,1369,2308.6170,0.0000,1000,1000,824,1,958.4511
13700.0000,1370,2308.9912,0.0000,1000,1000,818,1,958.4814
13710.0000,1371,2309.3618,0.0000,1000,1000,816,1,958.5117
13720.0000,1372,2309.7313,0.0000,1000,1000,817,1,958.5419
13730.0000,1373,2310.1037,0.0000,1000,1000,825,1,958.5721
13740.0000,1374,2310.4786,0.0000,1000,1000,828,1,958.6023
13750.0000,1375,2310.8534,0.0000,1000,1000,824,1,958.6324
13760.0000,1376,2311.2278,0.0000,1000,1000,825,1,958.6624
13770.0000,1377,2311.6007,0.0000,1000,1000,829,1,958.6925
13780.0000,1378,2311.9756,0.0000,1000,1000,827,1,958.7224
13790.0000,1379,2312.3516,0.0000,1000,1000,833,1,958.7524
13800.0000,1380,2312.7248,0.0000,1000,1000,827,1,958.7823
13810.0000,1381,2313.0950,0.0000,1000,1000,823,1,958.8121
13820.0000,1382,2313.4615,0.0000,1000,1000,817,1,958.8419
13830.0000,1383,2313.8259,0.0000,1000,1000,816,1,958.8717
13840.0000,1384,2314.1865,0.0000,1000,1000,811,1,958.9014
13850.0000,1385,2314.5443,0.0000,1000,1000,806,1,958.9311
13860.0000,1386,2314.8978,0.0000,1000,1000,804,1,958.9607
13870.0000,1387,2315.2508,0.0000,1000,1000,808,1,958.9903
13880.0000,1388,2315.6043,0.0000,1000,1000,802,1,959.0198
13890.0000,1389,2315.9562,0.0000,1000,1000,805,1,959.0493
13900.0000,1390,2316.3046,0.0000,1000,1000,797,1,959.0788
13910.0000,1391,2316.6480,0.0000,1000,1000,793,1,959.1082
13920.0000,1392,2316.9879,0.0000,1000,1000,789,1,959.1376
13930.0000,1393,2317.3255,0.0000,1000,1000,788,1,959.1669
13940.0000,1394,2317.6628,0.0000,1000,1000,787,1,959.1962
13950.0000,1395,2318.0020,0.0000,1000,1000,794,1,959.2255
13960.0000,1396,2318.3430,0.0000,1000,1000,794,1,959.2547
13970.0000,1397,2318.6799,0.0000,1000,1000,782,1,959.2838
13980.0000,1398,2319.0127,0.0000,1000,1000,785,1,959.3130
13990.0000,1399,2319.3469,0.0000,1000,1000,785,1,959.3420
14000.0000,1400,2319.6773,0.0000,1000,1000,783,1,959.3711
14010.0000,1401,2320.0065,0.0000,1000,1000,783,1,959.4001
14020.0000,1402,2320.3397,0.0000,1000,1000,793,1,959.4290
14030.0000,1403,2320.6756,0.0000,1000,1000,788,1,959.4580
14040.0000,1404,2321.0070,0.0000,1000,1000,783,1,959.4868
14050.0000,1405,2321.3373,0.0000,1000,1000,789,1,959.5157
14060.0000,1406,2321.6668,0.0000,1000,1000,783,1,959.5445
14070.0000,1407,2321.9938,0.0000,1000,1000,781,1,959.5732
14080.0000,1408,2322.3194,0.0000,1000,1000,781,1,959.6019
14090.0000,1409,2322.6438,0.0000,1000,1000,777,1,959.6306
14100.0000,1410,2322.9638,0.0000,1000,1000,771,1,959.6592
14110.0000,1411,2323.2816,0.0000,1000,1000,773,1,959.6878
14120.0000,1412,2323.5970,0.0000,1000,1000,767,1,959.7164
14130.0000,1413,2323.9111,0.0000,1000,1000,768,1,959.7449
14140.0000,1414,2324.2269,0.0000,1000,1000,770,1,959.7734
14150.0000,1415,2324.5412,0.0000,1000,1000,768,1,959.8018
14160.0000,1416,2324.8544,0.0000,1000,1000,768,1,959.8302
14170.0000,1417,2325.1671,0.0000,1000,1000,768,1,959.8585
14180.0000,1418,2325.4788,0.0000,1000,1000,767,1,959.8868
14190.0000,1419,2325.7886,0.0000,1000,1000,765,1,959.9151
14200.0000,1420,2326.0966,0.0000,1000,1000,761,1,959.9433
14210.0000,1421,2326.4026,0.0000,1000,1000,759,1,959.9715
14220.0000,1422,2326.7068,0.0000,1000,1000,762,1,959.9997
14230.0000,1423,2327.0128,0.0000,1000,1000,761,1,960.0278
14240.0000,1424,2327.3147,0.0000,1000,1000,753,1,960.0558
14250.0000,1425,2327.6160,0.0000,1000,1000,757,1,960.0839
14260.0000,1426,2327.9167,0.0000,1000,1000,756,1,960.1119
14270.0000,1427,2328.2168,0.0000,1000,1000,756,1,960.1398
14280.0000,1428,2328.5156,0.0000,1000,1000,752,1,960.1677
14290.0000,1429,2328.8128,0.0000,1000,1000,754,1,960.1956
14300.0000,1430,2329.1110,0.0000,1000,1000,754,1,960.2234
14310.0000,1431,2329.4063,0.0000,1000,1000,750,1,960.2512
14320.0000,1432,2329.7022,0.0000,1000,1000,752,1,960.2790
14330.0000,1433,2329.9961,0.0000,1000,1000,749,1,960.3067
14340.0000,1434,2330.2870,0.0000,1000,1000,746,1,960.3344
14350.0000,1435,2330.5755,0.0000,1000,1000,745,1,960.3620
14360.0000,1436,2330.8668,0.0000,1000,1000,751,1,960.3896
14370.0000,1437,2331.1578,0.0000,1000,1000,745,1,960.4172
14380.0000,1438,2331.4456,0.0000,1000,1000,747,1,960.4447
14390.0000,1439,2331.7353,0.0000,1000,1000,749,1,960.4722
14400.0000,1440,2332.0251,0.0000,1000,1000,750,1,960.4997
14410.0000,1441,2332.3154,0.0000,1000,1000,748,1,960.5271
14420.0000,1442,2332.6044,0.0000,1000,1000,747,1,960.5545
14430.0000,1443,2332.8920,0.0000,1000,1000,748,1,960.5818
14440.0000,1444,2333.1785,0.0000,1000,1000,747,1,960.6091
14450.0000,1445,2333.4635,0.0000,1000,1000,743,1,960.6363
14460.0000,1446,2333.7444,0.0000,1000,1000,738,1,960.6636
14470.0000,1447,2334.0246,0.0000,1000,1000,737,1,960.6908
14480.0000,1448,2334.3016,0.0000,1000,1000,732,1,960.7179
14490.0000,1449,2334.5763,0.0000,1000,1000,733,1,960.7450
14500.0000,1450,2334.8494,0.0000,1000,1000,728,1,960.7721
14510.0000,1451,2335.1209,0.0000,1000,1000,726,1,960.7991
14520.0000,1452,2335.3914,0.0000,1000,1000,729,1,960.8261
14530.0000,1453,2335.6638,0.0000,1000,1000,731,1,960.8531
14540.0000,1454,2335.9351,0.0000,1000,1000,730,1,960.8800
14550.0000,1455,2336.2064,0.0000,1000,1000,736,1,960.9069
14560.0000,1456,2336.4794,0.0000,1000,1000,732,1,960.9337
14570.0000,1457,2336.7528,0.0000,1000,1000,737,1,960.9606
14580.0000,1458,2337.0274,0.0000,1000,1000,737,1,960.9873
14590.0000,1459,2337.3014,0.0000,1000,1000,737,1,961.0141
14600.0000,1460,2337.5746,0.0000,1000,1000,732,1,961.0408
14610.0000,1461,2337.8435,0.0000,1000,1000,731,1,961.0674
14620.0000,1462,2338.1145,0.0000,1000,1000,740,1,961.0941
14630.0000,1463,2338.3904,0.0000,1000,1000,742,1,961.1207
14640.0000,1464,2338.6663,0.0000,1000,1000,740,1,961.1472
14650.0000,1465,2338.9382,0.0000,1000,1000,733,1,961.1737
14660.0000,1466,2339.2073,0.0000,1000,1000,735,1,961.2002
14670.0000,1467,2339.4781,0.0000,1000,1000,737,1,961.2267
14680.0000,1468,2339.7520,0.0000,1000,1000,744,1,961.2531
14690.0000,1469,2340.0254,0.0000,1000,1000,739,1,961.2795
14700.0000,1470,2340.2986,0.0000,1000,1000,746,1,961.3058
14710.0000,1471,2340.5728,0.0000,1000,1000,743,1,961.3321
14720.0000,1472,2340.8453,0.0000,1000,1000,740,1,961.3584
14730.0000,1473,2341.1153,0.0000,1000,1000,736,1,961.3846
14740.0000,1474,2341.3856,0.0000,1000,1000,741,1,961.4108
14750.0000,1475,2341.6563,0.0000,1000,1000,740,1,961.4370
14760.0000,1476,2341.9250,0.0000,1000,1000,735,1,961.4631
14770.0000,1477,2342.1940,0.0000,1000,1000,740,1,961.4892
14780.0000,1478,2342.4642,0.0000,1000,1000,745,1,961.5152
14790.0000,1479,2342.7336,0.0000,1000,1000,737,1,961.5413
14800.0000,1480,2343.0011,0.0000,1000,1000,739,1,961.5672
14810.0000,1481,2343.2663,0.0000,1000,1000,737,1,961.5932
14820.0000,1482,2343.5299,0.0000,1000,1000,730,1,961.6191
14830.0000,1483,2343.7888,0.0000,1000,1000,722,1,961.6450
14840.0000,1484,2344.0444,0.0000,1000,1000,722,1,961.6708
14850.0000,1485,2344.2982,0.0000,1000,1000,719,1,961.6966
14860.0000,1486,2344.5495,0.0000,1000,1000,714,1,961.7224
14870.0000,1487,2344.7984,0.0000,1000,1000,715,1,961.7482
14880.0000,1488,2345.0472,0.0000,1000,1000,717,1,961.7739
14890.0000,1489,2345.2972,0.0000,1000,1000,719,1,961.7995
14900.0000,1490,2345.5459,0.0000,1000,1000,716,1,961.8252
14910.0000,1491,2345.7960,0.0000,1000,1000,721,1,961.8508
14920.0000,1492,2346.0474,0.0000,1000,1000,718,1,961.8764
14930.0000,1493,2346.2941,0.0000,1000,1000,713,1,961.9019
14940.0000,1494,2346.5392,0.0000,1000,1000,712,1,961.9274
14950.0000,1495,2346.7834,0.0000,1000,1000,709,1,961.9529
14960.0000,1496,2347.0270,0.0000,1000,1000,712,1,961.9783
14970.0000,1497,2347.2716,0.0000,1000,1000,716,1,962.0037
14980.0000,1498,2347.5171,0.0000,1000,1000,712,1,962.0291
14990.0000,1499,2347.7615,0.0000,1000,1000,716,1,962.0544
15000.0000,1500,2348.0058,0.0000,1000,1000,710,1,962.0797
15010.0000,1501,2348.2456,0.0000,1000,1000,706,1,962.1049
15020.0000,1502,2348.4841,0.0000,1000,1000,707,1,962.1302
15030.0000,1503,2348.7221,0.0000,1000,1000,705,1,962.1554
15040.0000,1504,2348.9596,0.0000,1000,1000,708,1,962.1805
15050.0000,1505,2349.1998,0.0000,1000,1000,714,1,962.2057
15060.0000,1506,2349.4406,0.0000,1000,1000,712,1,962.2308
15070.0000,1507,2349.6803,0.0000,1000,1000,708,1,962.2558
15080.0000,1508,2349.9161,0.0000,1000,1000,703,1,962.2809
15090.0000,1509,2350.1494,0.0000,1000,1000,702,1,962.3058
15100.0000,1510,2350.3804,0.0000,1000,1000,696,1,962.3308
15110.0000,1511,2350.6075,0.0000,1000,1000,693,1,962.3557
15120.0000,1512,2350.8318,0.0000,1000,1000,690,1,962.3806
15130.0000,1513,2351.0557,0.0000,1000,1000,688,1,962.4055
15140.0000,1514,2351.2776,0.0000,1000,1000,688,1,962.4303
15150.0000,1515,2351.4987,0.0000,1000,1000,687,1,962.4551
15160.0000,1516,2351.7184,0.0000,1000,1000,687,1,962.4799
15170.0000,1517,2351.9378,0.0000,1000,1000,682,1,962.5046
15180.0000,1518,2352.1562,0.0000,1000,1000,686,1,962.5293
15190.0000,1519,2352.3734,0.0000,1000,1000,681,1,962.5540
15200.0000,1520,2352.5901,0.0000,1000,1000,684,1,962.5786
15210.0000,1521,2352.8088,0.0000,1000,1000,686,1,962.6032
15220.0000,1522,2353.0296,0.0000,1000,1000,689,1,962.6278
15230.0000,1523,2353.2476,0.0000,1000,1000,686,1,962.6523
15240.0000,1524,2353.4648,0.0000,1000,1000,685,1,962.6769
15250.0000,1525,2353.6814,0.0000,1000,1000,681,1,962.7013
15260.0000,1526,2353.8960,0.0000,1000,1000,682,1,962.7258
15270.0000,1527,2354.1073,0.0000,1000,1000,678,1,962.7502
15280.0000,1528,2354.3214,0.0000,1000,1000,683,1,962.7746
15290.0000,1529,2354.5391,0.0000,1000,1000,686,1,962.7989
15300.0000,1530,2354.7548,0.0000,1000,1000,681,1,962.8232
15310.0000,1531,2354.9622,0.0000,1000,1000,672,1,962.8475
15320.0000,1532,2355.1659,0.0000,1000,1000,664,1,962.8718
15330.0000,1533,2355.3655,0.0000,1000,1000,659,1,962.8960
15340.0000,1534,2355.5644,0.0000,1000,1000,659,1,962.9202
15350.0000,1535,2355.7652,0.0000,1000,1000,664,1,962.9443
15360.0000,1536,2355.9637,0.0000,1000,1000,658,1,962.9684
15370.0000,1537,2356.1594,0.0000,1000,1000,657,1,962.9925
15380.0000,1538,2356.3527,0.0000,1000,1000,653,1,963.0166
15390.0000,1539,2356.5474,0.0000,1000,1000,660,1,963.0406
15400.0000,1540,2356.7452,0.0000,1000,1000,662,1,963.0646
15410.0000,1541,2356.9450,0.0000,1000,1000,665,1,963.0886
15420.0000,1542,2357.1419,0.0000,1000,1000,659,1,963.1125
15430.0000,1543,2357.3377,0.0000,1000,1000,662,1,963.1364
15440.0000,1544,2357.5367,0.0000,1000,1000,663,1,963.1603
15450.0000,1545,2357.7361,0.0000,1000,1000,666,1,963.1842
15460.0000,1546,2357.9330,0.0000,1000,1000,657,1,963.2080
15470.0000,1547,2358.1252,0.0000,1000,1000,654,1,963.2318
15480.0000,1548,2358.3166,0.0000,1000,1000,652,1,963.2555
15490.0000,1549,2358.5089,0.0000,1000,1000,657,1,963.2792
15500.0000,1550,2358.7014,0.0000,1000,1000,657,1,963.3029
15510.0000,1551,2358.8950,0.0000,1000,1000,659,1,963.3266
15520.0000,1552,2359.0857,0.0000,1000,1000,651,1,963.3502
15530.0000,1553,2359.2731,0.0000,1000,1000,649,1,963.3738
15540.0000,1554,2359.4596,0.0000,1000,1000,650,1,963.3974
15550.0000,1555,2359.6484,0.0000,1000,1000,653,1,963.4209
15560.0000,1556,2359.8366,0.0000,1000,1000,652,1,963.4444
15570.0000,1557,2360.0234,0.0000,1000,1000,650,1,963.4679
15580.0000,1558,2360.2087,0.0000,1000,1000,646,1,963.4914
15590.0000,1559,2360.3918,0.0000,1000,1000,645,1,963.5148
15600.0000,1560,2360.5722,0.0000,1000,1000,639,1,963.5382
15610.0000,1561,2360.7470,0.0000,1000,1000,634,1,963.5615
15620.0000,1562,2360.9204,0.0000,1000,1000,626,1,963.5848
15630.0000,1563,2361.0913,0.0000,1000,1000,630,1,963.6081
15640.0000,1564,2361.2624,0.0000,1000,1000,627,1,963.6314
15650.0000,1565,2361.4308,0.0000,1000,1000,620,1,963.6546
15660.0000,1566,2361.5957,0.0000,1000,1000,619,1,963.6779
15670.0000,1567,2361.7622,0.0000,1000,1000,626,1,963.7010
15680.0000,1568,2361.9312,0.0000,1000,1000,626,1,963.7242
15690.0000,1569,2362.0986,0.0000,1000,1000,625,1,963.7473
15700.0000,1570,2362.2654,0.0000,1000,1000,624,1,963.7704
15710.0000,1571,2362.4303,0.0000,1000,1000,618,1,963.7935
15720.0000,1572,2362.5938,0.0000,1000,1000,620,1,963.8165
15730.0000,1573,2362.7572,0.0000,1000,1000,619,1,963.8395
15740.0000,1574,2362.9205,0.0000,1000,1000,622,1,963.8625
15750.0000,1575,2363.0853,0.0000,1000,1000,624,1,963.8854
15760.0000,1576,2363.2485,0.0000,1000,1000,619,1,963.9083
15770.0000,1577,2363.4118,0.0000,1000,1000,621,1,963.9312
15780.0000,1578,2363.5756,0.0000,1000,1000,621,1,963.9541
15790.0000,1579,2363.7374,0.0000,1000,1000,620,1,963.9769
15800.0000,1580,2363.9007,0.0000,1000,1000,627,1,963.9997
15810.0000,1581,2364.0668,0.0000,1000,1000,626,1,964.0225
15820.0000,1582,2364.2314,0.0000,1000,1000,626,1,964.0452
15830.0000,1583,2364.3954,0.0000,1000,1000,623,1,964.0679
15840.0000,1584,2364.5575,0.0000,1000,1000,620,1,964.0906
15850.0000,1585,2364.7175,0.0000,1000,1000,618,1,964.1133
15860.0000,1586,2364.8813,0.0000,1000,1000,628,1,964.1359
15870.0000,1587,2365.0482,0.0000,1000,1000,630,1,964.1585
15880.0000,1588,2365.2151,0.0000,1000,1000,631,1,964.1811
15890.0000,1589,2365.3817,0.0000,1000,1000,630,1,964.2036
15900.0000,1590,2365.5483,0.0000,1000,1000,630,1,964.2261
15910.0000,1591,2365.7144,0.0000,1000,1000,628,1,964.2486
15920.0000,1592,2365.8784,0.0000,1000,1000,627,1,964.2711
15930.0000,1593,2366.0412,0.0000,1000,1000,622,1,964.2935
15940.0000,1594,2366.2046,0.0000,1000,1000,629,1,964.3159
15950.0000,1595,2366.3710,0.0000,1000,1000,635,1,964.3383
15960.0000,1596,2366.5363,0.0000,1000,1000,624,1,964.3606
15970.0000,1597,2366.6977,0.0000,1000,1000,621,1,964.3829
15980.0000,1598,2366.8540,0.0000,1000,1000,613,1,964.4052
15990.0000,1599,2367.0089,0.0000,1000,1000,615,1,964.4275
16000.0000,1600,2367.1639,0.0000,1000,1000,614,1,964.4497
16010.0000,1601,2367.3198,0.0000,1000,1000,618,1,964.4719
16020.0000,1602,2367.4783,0.0000,1000,1000,620,1,964.4941
16030.0000,1603,2367.6343,0.0000,1000,1000,615,1,964.5162
16040.0000,1604,2367.7890,0.0000,1000,1000,612,1,964.5384
16050.0000,1605,2367.9374,0.0000,1000,1000,603,1,964.5605
16060.0000,1606,2368.0813,0.0000,1000,1000,595,1,964.5825
16070.0000,1607,2368.2215,0.0000,1000,1000,591,1,964.6046
16080.0000,1608,2368.3560,0.0000,1000,1000,578,1,964.6266
16090.0000,1609,2368.4861,0.0000,1000,1000,579,1,964.6486
16100.0000,1610,2368.6173,0.0000,1000,1000,578,1,964.6705
16110.0000,1611,2368.7491,0.0000,1000,1000,582,1,964.6924
16120.0000,1612,2368.8813,0.0000,1000,1000,582,1,964.7143
16130.0000,1613,2369.0135,0.0000,1000,1000,583,1,964.7362
16140.0000,1614,2369.1447,0.0000,1000,1000,577,1,964.7581
16150.0000,1615,2369.2715,0.0000,1000,1000,571,1,964.7799
16160.0000,1616,2369.3938,0.0000,1000,1000,565,1,964.8017
16170.0000,1617,2369.5141,0.0000,1000,1000,564,1,964.8235
16180.0000,1618,2369.6334,0.0000,1000,1000,563,1,964.8452
16190.0000,1619,2369.7532,0.0000,1000,1000,563,1,964.8669
16200.0000,1620,2369.8724,0.0000,1000,1000,563,1,964.8886
16210.0000,1621,2369.9924,0.0000,1000,1000,566,1,964.9103
16220.0000,1622,2370.1161,0.0000,1000,1000,574,1,964.9319
16230.0000,1623,2370.2409,0.0000,1000,1000,571,1,964.9535
16240.0000,1624,2370.3646,0.0000,1000,1000,573,1,964.9751
16250.0000,1625,2370.4903,0.0000,1000,1000,578,1,964.9966
16260.0000,1626,2370.6158,0.0000,1000,1000,572,1,965.0182
16270.0000,1627,2370.7365,0.0000,1000,1000,564,1,965.0397
16280.0000,1628,2370.8562,0.0000,1000,1000,567,1,965.0611
16290.0000,1629,2370.9785,0.0000,1000,1000,572,1,965.0826
16300.0000,1630,2371.1004,0.0000,1000,1000,567,1,965.1040
16310.0000,1631,2371.2180,0.0000,1000,1000,562,1,965.1254
16320.0000,1632,2371.3335,0.0000,1000,1000,561,1,965.1468
16330.0000,1633,2371.4491,0.0000,1000,1000,562,1,965.1681
16340.0000,1634,2371.5647,0.0000,1000,1000,560,1,965.1894
16350.0000,1635,2371.6794,0.0000,1000,1000,558,1,965.2107
16360.0000,1636,2371.7943,0.0000,1000,1000,564,1,965.2320
16370.0000,1637,2371.9131,0.0000,1000,1000,569,1,965.2532
16380.0000,1638,2372.0337,0.0000,1000,1000,570,1,965.2744
16390.0000,1639,2372.1550,0.0000,1000,1000,569,1,965.2956
16400.0000,1640,2372.2721,0.0000,1000,1000,563,1,965.3168
16410.0000,1641,2372.3866,0.0000,1000,1000,556,1,965.3379
16420.0000,1642,2372.4992,0.0000,1000,1000,551,1,965.3590
16430.0000,1643,2372.6071,0.0000,1000,1000,549,1,965.3801
16440.0000,1644,2372.7146,0.0000,1000,1000,549,1,965.4012
16450.0000,1645,2372.8208,0.0000,1000,1000,546,1,965.4222
16460.0000,1646,2372.9262,0.0000,1000,1000,548,1,965.4432
16470.0000,1647,2373.0342,0.0000,1000,1000,552,1,965.4642
16480.0000,1648,2373.1412,0.0000,1000,1000,548,1,965.4851
16490.0000,1649,2373.2481,0.0000,1000,1000,548,1,965.5061
16500.0000,1650,2373.3567,0.0000,1000,1000,554,1,965.5270
16510.0000,1651,2373.4654,0.0000,1000,1000,555,1,965.5479
16520.0000,1652,2373.5750,0.0000,1000,1000,557,1,965.5687
16530.0000,1653,2373.6860,0.0000,1000,1000,554,1,965.5895
16540.0000,1654,2373.7935,0.0000,1000,1000,548,1,965.6104
16550.0000,1655,2373.8977,0.0000,1000,1000,544,1,965.6311
16560.0000,1656,2374.0016,0.0000,1000,1000,546,1,965.6519
16570.0000,1657,2374.1080,0.0000,1000,1000,553,1,965.6726
16580.0000,1658,2374.2175,0.0000,1000,1000,557,1,965.6933
16590.0000,1659,2374.3280,0.0000,1000,1000,556,1,965.7140
16600.0000,1660,2374.4359,0.0000,1000,1000,548,1,965.7347
16610.0000,1661,2374.5416,0.0000,1000,1000,551,1,965.7553
16620.0000,1662,2374.6492,0.0000,1000,1000,556,1,965.7759
16630.0000,1663,2374.7576,0.0000,1000,1000,553,1,965.7965
16640.0000,1664,2374.8623,0.0000,1000,1000,546,1,965.8170
16650.0000,1665,2374.9650,0.0000,1000,1000,547,1,965.8376
16660.0000,1666,2375.0679,0.0000,1000,1000,546,1,965.8581
16670.0000,1667,2375.1689,0.0000,1000,1000,544,1,965.8785
16680.0000,1668,2375.2698,0.0000,1000,1000,546,1,965.8990
16690.0000,1669,2375.3710,0.0000,1000,1000,541,1,965.9194
16700.0000,1670,2375.4681,0.0000,1000,1000,538,1,965.9398
16710.0000,1671,2375.5623,0.0000,1000,1000,529,1,965.9602
16720.0000,1672,2375.6510,0.0000,1000,1000,528,1,965.9806
16730.0000,1673,2375.7439,0.0000,1000,1000,534,1,966.0009
16740.0000,1674,2375.8376,0.0000,1000,1000,531,1,966.0212
16750.0000,1675,2375.9291,0.0000,1000,1000,528,1,966.0415
16760.0000,1676,2376.0185,0.0000,1000,1000,524,1,966.0618
16770.0000,1677,2376.1050,0.0000,1000,1000,520,1,966.0820
16780.0000,1678,2376.1885,0.0000,1000,1000,509,1,966.1022
16790.0000,1679,2376.2681,0.0000,1000,1000,510,1,966.1224
16800.0000,1680,2376.3490,0.0000,1000,1000,516,1,966.1426
16810.0000,1681,2376.4304,0.0000,1000,1000,510,1,966.1627
16820.0000,1682,2376.5088,0.0000,1000,1000,508,1,966.1828
16830.0000,1683,2376.5883,0.0000,1000,1000,510,1,966.2029
16840.0000,1684,2376.6677,0.0000,1000,1000,512,1,966.2230
16850.0000,1685,2376.7475,0.0000,1000,1000,509,1,966.2430
16860.0000,1686,2376.8241,0.0000,1000,1000,504,1,966.2631
16870.0000,1687,2376.9004,0.0000,1000,1000,503,1,966.2831
16880.0000,1688,2376.9745,0.0000,1000,1000,507,1,966.3030
16890.0000,1689,2377.0522,0.0000,1000,1000,509,1,966.3230
16900.0000,1690,2377.1302,0.0000,1000,1000,508,1,966.3429
16910.0000,1691,2377.2064,0.0000,1000,1000,508,1,966.3628
16920.0000,1692,2377.2836,0.0000,1000,1000,510,1,966.3827
16930.0000,1693,2377.3618,0.0000,1000,1000,511,1,966.4026
16940.0000,1694,2377.4414,0.0000,1000,1000,512,1,966.4224
16950.0000,1695,2377.5189,0.0000,1000,1000,510,1,966.4422
16960.0000,1696,2377.5979,0.0000,1000,1000,515,1,966.4620
16970.0000,1697,2377.6788,0.0000,1000,1000,515,1,966.4817
16980.0000,1698,2377.7566,0.0000,1000,1000,507,1,966.5015
16990.0000,1699,2377.8345,0.0000,1000,1000,512,1,966.5212
17000.0000,1700,2377.9129,0.0000,1000,1000,510,1,966.5409
17010.0000,1701,2377.9926,0.0000,1000,1000,515,1,966.5606
17020.0000,1702,2378.0714,0.0000,1000,1000,511,1,966.5802
17030.0000,1703,2378.1498,0.0000,1000,1000,513,1,966.5998
17040.0000,1704,2378.2265,0.0000,1000,1000,501,1,966.6194
17050.0000,1705,2378.3002,0.0000,1000,1000,506,1,966.6390
17060.0000,1706,2378.3732,0.0000,1000,1000,499,1,966.6586
17070.0000,1707,2378.4437,0.0000,1000,1000,499,1,966.6781
17080.0000,1708,2378.5145,0.0000,1000,1000,499,1,966.6976
17090.0000,1709,2378.5847,0.0000,1000,1000,497,1,966.7171
17100.0000,1710,2378.6556,0.0000,1000,1000,500,1,966.7366
17110.0000,1711,2378.7294,0.0000,1000,1000,505,1,966.7560
17120.0000,1712,2378.8025,0.0000,1000,1000,502,1,966.7754
17130.0000,1713,2378.8764,0.0000,1000,1000,505,1,966.7948
17140.0000,1714,2378.9509,0.0000,1000,1000,508,1,966.8142
17150.0000,1715,2379.0294,0.0000,1000,1000,513,1,966.8335
17160.0000,1716,2379.1044,0.0000,1000,1000,503,1,966.8529
17170.0000,1717,2379.1768,0.0000,1000,1000,503,1,966.8722
17180.0000,1718,2379.2497,0.0000,1000,1000,509,1,966.8915
17190.0000,1719,2379.3237,0.0000,1000,1000,504,1,966.9107
17200.0000,1720,2379.3970,0.0000,1000,1000,507,1,966.9300
17210.0000,1721,2379.4703,0.0000,1000,1000,507,1,966.9492
17220.0000,1722,2379.5448,0.0000,1000,1000,507,1,966.9684
17230.0000,1723,2379.6157,0.0000,1000,1000,498,1,966.9875
17240.0000,1724,2379.6842,0.0000,1000,1000,494,1,967.0067
17250.0000,1725,2379.7512,0.0000,1000,1000,493,1,967.0258
17260.0000,1726,2379.8192,0.0000,1000,1000,498,1,967.0449
17270.0000,1727,2379.8889,0.0000,1000,1000,505,1,967.0640
17280.0000,1728,2379.9607,0.0000,1000,1000,503,1,967.0831
17290.0000,1729,2380.0302,0.0000,1000,1000,494,1,967.1021
17300.0000,1730,2380.0974,0.0000,1000,1000,498,1,967.1211
17310.0000,1731,2380.1667,0.0000,1000,1000,503,1,967.1401
17320.0000,1732,2380.2349,0.0000,1000,1000,498,1,967.1591
17330.0000,1733,2380.3017,0.0000,1000,1000,496,1,967.1780
17340.0000,1734,2380.3680,0.0000,1000,1000,492,1,967.1970
17350.0000,1735,2380.4299,0.0000,1000,1000,488,1,967.2159
17360.0000,1736,2380.4909,0.0000,1000,1000,485,1,967.2347
17370.0000,1737,2380.5503,0.0000,1000,1000,483,1,967.2536
17380.0000,1738,2380.6093,0.0000,1000,1000,483,1,967.2725
17390.0000,1739,2380.6682,0.0000,1000,1000,484,1,967.2913
17400.0000,1740,2380.7272,0.0000,1000,1000,484,1,967.3101
17410.0000,1741,2380.7862,0.0000,1000,1000,481,1,967.3288
17420.0000,1742,2380.8452,0.0000,1000,1000,482,1,967.3476
17430.0000,1743,2380.9025,0.0000,1000,1000,482,1,967.3663
17440.0000,1744,2380.9633,0.0000,1000,1000,490,1,967.3850
17450.0000,1745,2381.0267,0.0000,1000,1000,494,1,967.4037
17460.0000,1746,2381.0897,0.0000,1000,1000,487,1,967.4224
17470.0000,1747,2381.1501,0.0000,1000,1000,488,1,967.4411
17480.0000,1748,2381.2109,0.0000,1000,1000,487,1,967.4597
17490.0000,1749,2381.2705,0.0000,1000,1000,486,1,967.4783
17500.0000,1750,2381.3287,0.0000,1000,1000,483,1,967.4969
17510.0000,1751,2381.3836,0.0000,1000,1000,474,1,967.5154
17520.0000,1752,2381.4366,0.0000,1000,1000,470,1,967.5340
17530.0000,1753,2381.4858,0.0000,1000,1000,465,1,967.5525
17540.0000,1754,2381.5317,0.0000,1000,1000,462,1,967.5710
17550.0000,1755,2381.5767,0.0000,1000,1000,462,1,967.5895
17560.0000,1756,2381.6241,0.0000,1000,1000,465,1,967.6079
17570.0000,1757,2381.6728,0.0000,1000,1000,470,1,967.6264
17580.0000,1758,2381.7237,0.0000,1000,1000,470,1,967.6448
17590.0000,1759,2381.7736,0.0000,1000,1000,473,1,967.6632
17600.0000,1760,2381.8236,0.0000,1000,1000,464,1,967.6815
17610.0000,1761,2381.8669,0.0000,1000,1000,458,1,967.6999
17620.0000,1762,2381.9092,0.0000,1000,1000,459,1,967.7182
17630.0000,1763,2381.9528,0.0000,1000,1000,463,1,967.7365
17640.0000,1764,2381.9986,0.0000,1000,1000,461,1,967.7548
17650.0000,1765,2382.0414,0.0000,1000,1000,458,1,967.7731
17660.0000,1766,2382.0837,0.0000,1000,1000,455,1,967.7913
17670.0000,1767,2382.1248,0.0000,1000,1000,455,1,967.8096
17680.0000,1768,2382.1658,0.0000,1000,1000,455,1,967.8278
17690.0000,1769,2382.2052,0.0000,1000,1000,453,1,967.8460
17700.0000,1770,2382.2437,0.0000,1000,1000,447,1,967.8641
17710.0000,1771,2382.2805,0.0000,1000,1000,442,1,967.8823
17720.0000,1772,2382.3157,0.0000,1000,1000,444,1,967.9004
17730.0000,1773,2382.3473,0.0000,1000,1000,434,1,967.9185
17740.0000,1774,2382.3746,0.0000,1000,1000,429,1,967.9366
17750.0000,1775,2382.3996,0.0000,1000,1000,427,1,967.9547
17760.0000,1776,2382.4251,0.0000,1000,1000,426,1,967.9727
17770.0000,1777,2382.4500,0.0000,1000,1000,428,1,967.9907
17780.0000,1778,2382.4754,0.0000,1000,1000,426,1,968.0087
17790.0000,1779,2382.5004,0.0000,1000,1000,427,1,968.0267
17800.0000,1780,2382.5248,0.0000,1000,1000,426,1,968.0447
17810.0000,1781,2382.5491,0.0000,1000,1000,427,1,968.0626
17820.0000,1782,2382.5733,0.0000,1000,1000,427,1,968.0805
17830.0000,1783,2382.5981,0.0000,1000,1000,428,1,968.0984
17840.0000,1784,2382.6242,0.0000,1000,1000,433,1,968.1163
17850.0000,1785,2382.6508,0.0000,1000,1000,430,1,968.1342
17860.0000,1786,2382.6766,0.0000,1000,1000,429,1,968.1520
17870.0000,1787,2382.7033,0.0000,1000,1000,431,1,968.1699
17880.0000,1788,2382.7318,0.0000,1000,1000,430,1,968.1877
17890.0000,1789,2382.7565,0.0000,1000,1000,427,1,968.2054
17900.0000,1790,2382.7804,0.0000,1000,1000,426,1,968.2232
17910.0000,1791,2382.8040,0.0000,1000,1000,427,1,968.2409
17920.0000,1792,2382.8272,0.0000,1000,1000,421,1,968.2587
17930.0000,1793,2382.8493,0.0000,1000,1000,425,1,968.2764
17940.0000,1794,2382.8714,0.0000,1000,1000,420,1,968.2940
17950.0000,1795,2382.8937,0.0000,1000,1000,424,1,968.3117
17960.0000,1796,2382.9179,0.0000,1000,1000,427,1,968.3294
17970.0000,1797,2382.9434,0.0000,1000,1000,427,1,968.3470
17980.0000,1798,2382.9657,0.0000,1000,1000,423,1,968.3646
17990.0000,1799,2382.9884,0.0000,1000,1000,423,1,968.3822
18000.0000,1800,2383.0112,0.0000,1000,1000,423,1,968.3997
18010.0000,1801,2383.0324,0.0000,1000,1000,420,1,968.4173
18020.0000,1802,2383.0527,0.0000,1000,1000,421,1,968.4348
18030.0000,1803,2383.0730,0.0000,1000,1000,420,1,968.4523
18040.0000,1804,2383.0945,0.0000,1000,1000,422,1,968.4698
18050.0000,1805,2383.1127,0.0000,1000,1000,412,1,968.4873
18060.0000,1806,2383.1266,0.0000,1000,1000,405,1,968.5047
18070.0000,1807,2383.1378,0.0000,1000,1000,403,1,968.5221
18080.0000,1808,2383.1459,0.0000,1000,1000,394,1,968.5396
18090.0000,1809,2383.1526,0.0000,1000,1000,396,1,968.5570
18100.0000,1810,2383.1588,0.0000,1000,1000,391,1,968.5743
18110.0000,1811,2383.1627,0.0000,1000,1000,391,1,968.5917
18120.0000,1812,2383.1685,0.0000,1000,1000,395,1,968.6090
18130.0000,1813,2383.1762,0.0000,1000,1000,398,1,968.6263
18140.0000,1814,2383.1827,0.0000,1000,1000,390,1,968.6436
18150.0000,1815,2383.1860,0.0000,1000,1000,392,1,968.6609
18160.0000,1816,2383.1908,0.0000,1000,1000,390,1,968.6782
18170.0000,1817,2383.1947,0.0000,1000,1000,393,1,968.6954
18180.0000,1818,2383.1989,0.0000,1000,1000,391,1,968.7126
18190.0000,1819,2383.2039,0.0000,1000,1000,395,1,968.7298
18200.0000,1820,2383.2108,0.0000,1000,1000,392,1,968.7470
18210.0000,1821,2383.2160,0.0000,1000,1000,394,1,968.7642
18220.0000,1822,2383.2193,0.0000,1000,1000,387,1,968.7813
18230.0000,1823,2383.2217,0.0000,1000,1000,386,1,968.7984
18240.0000,1824,2383.2233,0.0000,1000,1000,383,1,968.8155
18250.0000,1825,2383.2239,0.0000,1000,1000,384,1,968.8326
18260.0000,1826,2383.2242,0.0000,1000,1000,387,1,968.8497
18270.0000,1827,2383.2254,0.0000,1000,1000,382,1,968.8667
18280.0000,1828,2383.2245,0.0000,1000,1000,379,1,968.8838
18290.0000,1829,2383.2233,0.0000,1000,1000,383,1,968.9008
18300.0000,1830,2383.2237,0.0000,1000,1000,385,1,968.9178
18310.0000,1831,2383.2262,0.0000,1000,1000,389,1,968.9347
18320.0000,1832,2383.2309,0.0000,1000,1000,391,1,968.9517
18330.0000,1833,2383.2358,0.0000,1000,1000,392,1,968.9686
18340.0000,1834,2383.2411,0.0000,1000,1000,393,1,968.9856
18350.0000,1835,2383.2452,0.0000,1000,1000,391,1,969.0025
18360.0000,1836,2383.2472,0.0000,1000,1000,385,1,969.0193
18370.0000,1837,2383.2477,0.0000,1000,1000,383,1,969.0362
18380.0000,1838,2383.2457,0.0000,1000,1000,377,1,969.0531
18390.0000,1839,2383.2429,0.0000,1000,1000,377,1,969.0699
18400.0000,1840,2383.2412,0.0000,1000,1000,382,1,969.0867
18410.0000,1841,2383.2399,0.0000,1000,1000,383,1,969.1035
18420.0000,1842,2383.2385,0.0000,1000,1000,380,1,969.1203
18430.0000,1843,2383.2372,0.0000,1000,1000,383,1,969.1370
18440.0000,1844,2383.2356,0.0000,1000,1000,382,1,969.1538
18450.0000,1845,2383.2373,0.0000,1000,1000,389,1,969.1705
18460.0000,1846,2383.2389,0.0000,1000,1000,385,1,969.1872
18470.0000,1847,2383.2398,0.0000,1000,1000,388,1,969.2039
18480.0000,1848,2383.2424,0.0000,1000,1000,383,1,969.2205
18490.0000,1849,2383.2442,0.0000,1000,1000,393,1,969.2372
18500.0000,1850,2383.2483,0.0000,1000,1000,392,1,969.2538
18510.0000,1851,2383.2547,0.0000,1000,1000,394,1,969.2704
18520.0000,1852,2383.2608,0.0000,1000,1000,395,1,969.2870
18530.0000,1853,2383.2660,0.0000,1000,1000,393,1,969.3036
18540.0000,1854,2383.2703,0.0000,1000,1000,392,1,969.3201
18550.0000,1855,2383.2757,0.0000,1000,1000,394,1,969.3367
18560.0000,1856,2383.2822,0.0000,1000,1000,395,1,969.3532
18570.0000,1857,2383.2878,0.0000,1000,1000,390,1,969.3697
18580.0000,1858,2383.2918,0.0000,1000,1000,392,1,969.3862
18590.0000,1859,2383.2931,0.0000,1000,1000,384,1,969.4026
18600.0000,1860,2383.2939,0.0000,1000,1000,383,1,969.4191
18610.0000,1861,2383.2939,0.0000,1000,1000,385,1,969.4355
18620.0000,1862,2383.2963,0.0000,1000,1000,387,1,969.4519
18630.0000,1863,2383.2956,0.0000,1000,1000,375,1,969.4683
18640.0000,1864,2383.2899,0.0000,1000,1000,372,1,969.4847
18650.0000,1865,2383.2815,0.0000,1000,1000,366,1,969.5011
18660.0000,1866,2383.2706,0.0000,1000,1000,358,1,969.5174
18670.0000,1867,2383.2566,0.0000,1000,1000,357,1,969.5338
18680.0000,1868,2383.2417,0.0000,1000,1000,353,1,969.5501
18690.0000,1869,2383.2231,0.0000,1000,1000,350,1,969.5664
18700.0000,1870,2383.2042,0.0000,1000,1000,346,1,969.5826
18710.0000,1871,2383.1826,0.0000,1000,1000,343,1,969.5989
18720.0000,1872,2383.1606,0.0000,1000,1000,342,1,969.6151
18730.0000,1873,2383.1390,0.0000,1000,1000,337,1,969.6314
18740.0000,1874,2383.1134,0.0000,1000,1000,331,1,969.6476
18750.0000,1875,2383.0853,0.0000,1000,1000,334,1,969.6637
18760.0000,1876,2383.0608,0.0000,1000,1000,338,1,969.6799
18770.0000,1877,2383.0374,0.0000,1000,1000,336,1,969.6961
18780.0000,1878,2383.0120,0.0000,1000,1000,334,1,969.7122
18790.0000,1879,2382.9836,0.0000,1000,1000,327,1,969.7283
18800.0000,1880,2382.9550,0.0000,1000,1000,329,1,969.7444
18810.0000,1881,2382.9269,0.0000,1000,1000,329,1,969.7605
18820.0000,1882,2382.8977,0.0000,1000,1000,326,1,969.7766
18830.0000,1883,2382.8683,0.0000,1000,1000,329,1,969.7926
18840.0000,1884,2382.8411,0.0000,1000,1000,335,1,969.8087
18850.0000,1885,2382.8140,0.0000,1000,1000,333,1,969.8247
18860.0000,1886,2382.7881,0.0000,1000,1000,333,1,969.8407
18870.0000,1887,2382.7596,0.0000,1000,1000,326,1,969.8567
18880.0000,1888,2382.7317,0.0000,1000,1000,330,1,969.8726
18890.0000,1889,2382.7043,0.0000,1000,1000,330,1,969.8886
18900.0000,1890,2382.6761,0.0000,1000,1000,333,1,969.9045
18910.0000,1891,2382.6497,0.0000,1000,1000,331,1,969.9204
18920.0000,1892,2382.6215,0.0000,1000,1000,327,1,969.9363
18930.0000,1893,2382.5907,0.0000,1000,1000,322,1,969.9522
18940.0000,1894,2382.5574,0.0000,1000,1000,317,1,969.9681
18950.0000,1895,2382.5228,0.0000,1000,1000,318,1,969.9839
18960.0000,1896,2382.4881,0.0000,1000,1000,314,1,969.9997
18970.0000,1897,2382.4517,0.0000,1000,1000,316,1,970.0156
18980.0000,1898,2382.4148,0.0000,1000,1000,311,1,970.0314
18990.0000,1899,2382.3756,0.0000,1000,1000,307,1,970.0471
19000.0000,1900,2382.3356,0.0000,1000,1000,307,1,970.0629
19010.0000,1901,2382.2942,0.0000,1000,1000,302,1,970.0787
19020.0000,1902,2382.2523,0.0000,1000,1000,303,1,970.0944
19030.0000,1903,2382.2088,0.0000,1000,1000,299,1,970.1101
19040.0000,1904,2382.1623,0.0000,1000,1000,288,1,970.1258
19050.0000,1905,2382.1106,0.0000,1000,1000,283,1,970.1415
19060.0000,1906,2382.0580,0.0000,1000,1000,281,1,970.1571
19070.0000,1907,2382.0054,0.0000,1000,1000,281,1,970.1728
19080.0000,1908,2381.9512,0.0000,1000,1000,277,1,970.1884
19090.0000,1909,2381.8959,0.0000,1000,1000,272,1,970.2040
19100.0000,1910,2381.8375,0.0000,1000,1000,269,1,970.2196
19110.0000,1911,2381.7775,0.0000,1000,1000,268,1,970.2352
19120.0000,1912,2381.7176,0.0000,1000,1000,266,1,970.2508
19130.0000,1913,2381.6573,0.0000,1000,1000,267,1,970.2663
19140.0000,1914,2381.5971,0.0000,1000,1000,264,1,970.2819
19150.0000,1915,2381.5353,0.0000,1000,1000,264,1,970.2974
19160.0000,1916,2381.4756,0.0000,1000,1000,269,1,970.3129
19170.0000,1917,2381.4187,0.0000,1000,1000,272,1,970.3284
19180.0000,1918,2381.3602,0.0000,1000,1000,268,1,970.3439
19190.0000,1919,2381.3005,0.0000,1000,1000,266,1,970.3593
19200.0000,1920,2381.2396,0.0000,1000,1000,265,1,970.3748
19210.0000,1921,2381.1804,0.0000,1000,1000,271,1,970.3902
19220.0000,1922,2381.1222,0.0000,1000,1000,267,1,970.4056
19230.0000,1923,2381.0648,0.0000,1000,1000,269,1,970.4210
19240.0000,1924,2381.0053,0.0000,1000,1000,268,1,970.4363
19250.0000,1925,2380.9468,0.0000,1000,1000,268,1,970.4517
19260.0000,1926,2380.8899,0.0000,1000,1000,275,1,970.4670
19270.0000,1927,2380.8342,0.0000,1000,1000,270,1,970.4824
19280.0000,1928,2380.7764,0.0000,1000,1000,267,1,970.4977
19290.0000,1929,2380.7160,0.0000,1000,1000,259,1,970.5130
19300.0000,1930,2380.6520,0.0000,1000,1000,256,1,970.5283
19310.0000,1931,2380.5877,0.0000,1000,1000,255,1,970.5435
19320.0000,1932,2380.5252,0.0000,1000,1000,265,1,970.5588
19330.0000,1933,2380.4663,0.0000,1000,1000,268,1,970.5740
19340.0000,1934,2380.4084,0.0000,1000,1000,268,1,970.5892
19350.0000,1935,2380.3503,0.0000,1000,1000,268,1,970.6044
19360.0000,1936,2380.2921,0.0000,1000,1000,267,1,970.6196
19370.0000,1937,2380.2350,0.0000,1000,1000,272,1,970.6348
19380.0000,1938,2380.1798,0.0000,1000,1000,276,1,970.6499
19390.0000,1939,2380.1254,0.0000,1000,1000,274,1,970.6650
19400.0000,1940,2380.0691,0.0000,1000,1000,271,1,970.6802
19410.0000,1941,2380.0116,0.0000,1000,1000,267,1,970.6953
19420.0000,1942,2379.9506,0.0000,1000,1000,261,1,970.7104
19430.0000,1943,2379.8923,0.0000,1000,1000,269,1,970.7254
19440.0000,1944,2379.8341,0.0000,1000,1000,265,1,970.7405
19450.0000,1945,2379.7755,0.0000,1000,1000,273,1,970.7555
19460.0000,1946,2379.7190,0.0000,1000,1000,273,1,970.7706
19470.0000,1947,2379.6608,0.0000,1000,1000,266,1,970.7856
19480.0000,1948,2379.6024,0.0000,1000,1000,266,1,970.8006
19490.0000,1949,2379.5436,0.0000,1000,1000,266,1,970.8156
19500.0000,1950,2379.4843,0.0000,1000,1000,262,1,970.8305
19510.0000,1951,2379.4235,0.0000,1000,1000,259,1,970.8455
19520.0000,1952,2379.3641,0.0000,1000,1000,265,1,970.8604
19530.0000,1953,2379.3039,0.0000,1000,1000,257,1,970.8753
19540.0000,1954,2379.2408,0.0000,1000,1000,255,1,970.8902
19550.0000,1955,2379.1820,0.0000,1000,1000,271,1,970.9051
19560.0000,1956,2379.1272,0.0000,1000,1000,271,1,970.9200
19570.0000,1957,2379.0711,0.0000,1000,1000,268,1,970.9349
19580.0000,1958,2379.0137,0.0000,1000,1000,264,1,970.9497
19590.0000,1959,2378.9557,0.0000,1000,1000,264,1,970.9645
19600.0000,1960,2378.8967,0.0000,1000,1000,265,1,970.9793
19610.0000,1961,2378.8397,0.0000,1000,1000,268,1,970.9941
19620.0000,1962,2378.7809,0.0000,1000,1000,259,1,971.0089
19630.0000,1963,2378.7201,0.0000,1000,1000,259,1,971.0237
19640.0000,1964,2378.6575,0.0000,1000,1000,254,1,971.0385
19650.0000,1965,2378.5946,0.0000,1000,1000,252,1,971.0532
19660.0000,1966,2378.5300,0.0000,1000,1000,252,1,971.0679
19670.0000,1967,2378.4656,0.0000,1000,1000,250,1,971.0826
19680.0000,1968,2378.3981,0.0000,1000,1000,242,1,971.0973
19690.0000,1969,2378.3318,0.0000,1000,1000,252,1,971.1120
19700.0000,1970,2378.2649,0.0000,1000,1000,242,1,971.1267
19710.0000,1971,2378.1970,0.0000,1000,1000,245,1,971.1413
19720.0000,1972,2378.1312,0.0000,1000,1000,249,1,971.1559
19730.0000,1973,2378.0664,0.0000,1000,1000,249,1,971.1706
19740.0000,1974,2378.0014,0.0000,1000,1000,251,1,971.1852
19750.0000,1975,2377.9355,0.0000,1000,1000,247,1,971.1998
19760.0000,1976,2377.8672,0.0000,1000,1000,241,1,971.2143
19770.0000,1977,2377.7978,0.0000,1000,1000,242,1,971.2289
19780.0000,1978,2377.7295,0.0000,1000,1000,241,1,971.2434
19790.0000,1979,2377.6592,0.0000,1000,1000,239,1,971.2580
19800.0000,1980,2377.5899,0.0000,1000,1000,241,1,971.2725
19810.0000,1981,2377.5200,0.0000,1000,1000,236,1,971.2870
19820.0000,1982,2377.4465,0.0000,1000,1000,230,1,971.3015
19830.0000,1983,2377.3705,0.0000,1000,1000,222,1,971.3159
19840.0000,1984,2377.2927,0.0000,1000,1000,223,1,971.3304
19850.0000,1985,2377.2135,0.0000,1000,1000,220,1,971.3448
19860.0000,1986,2377.1329,0.0000,1000,1000,212,1,971.3593
19870.0000,1987,2377.0498,0.0000,1000,1000,214,1,971.3737
19880.0000,1988,2376.9670,0.0000,1000,1000,210,1,971.3881
19890.0000,1989,2376.8822,0.0000,1000,1000,207,1,971.4025
19900.0000,1990,2376.7939,0.0000,1000,1000,197,1,971.4168
19910.0000,1991,2376.7060,0.0000,1000,1000,208,1,971.4312
19920.0000,1992,2376.6226,0.0000,1000,1000,209,1,971.4455
19930.0000,1993,2376.5381,0.0000,1000,1000,213,1,971.4599
19940.0000,1994,2376.4553,0.0000,1000,1000,210,1,971.4742
19950.0000,1995,2376.3715,0.0000,1000,1000,207,1,971.4885
19960.0000,1996,2376.2879,0.0000,1000,1000,211,1,971.5028
19970.0000,1997,2376.2061,0.0000,1000,1000,209,1,971.5170
19980.0000,1998,2376.1219,0.0000,1000,1000,210,1,971.5313
19990.0000,1999,2376.0371,0.0000,1000,1000,203,1,971.5455
20000.0000,2000,2375.9490,0.0000,1000,1000,200,1,971.5598
20010.0000,2001,2375.8587,0.0000,1000,1000,192,1,971.5740
20020.0000,2002,2375.7676,0.0000,1000,1000,194,1,971.5882
20030.0000,2003,2375.6762,0.0000,1000,1000,192,1,971.6024
20040.0000,2004,2375.5826,0.0000,1000,1000,185,1,971.6165
20050.0000,2005,2375.4873,0.0000,1000,1000,185,1,971.6307
20060.0000,2006,2375.3929,0.0000,1000,1000,189,1,971.6448
20070.0000,2007,2375.2990,0.0000,1000,1000,189,1,971.6590
20080.0000,2008,2375.2027,0.0000,1000,1000,182,1,971.6731
20090.0000,2009,2375.1054,0.0000,1000,1000,180,1,971.6872
20100.0000,2010,2375.0064,0.0000,1000,1000,179,1,971.7013
20110.0000,2011,2374.9095,0.0000,1000,1000,180,1,971.7153
20120.0000,2012,2374.8117,0.0000,1000,1000,178,1,971.7294
20130.0000,2013,2374.7137,0.0000,1000,1000,172,1,971.7434
20140.0000,2014,2374.6102,0.0000,1000,1000,163,1,971.7575
20150.0000,2015,2374.5059,0.0000,1000,1000,164,1,971.7715
20160.0000,2016,2374.4018,0.0000,1000,1000,164,1,971.7855
20170.0000,2017,2374.2974,0.0000,1000,1000,161,1,971.7995
20180.0000,2018,2374.1914,0.0000,1000,1000,158,1,971.8134
20190.0000,2019,2374.0850,0.0000,1000,1000,158,1,971.8274
20200.0000,2020,2373.9750,0.0000,1000,1000,151,1,971.8413
20210.0000,2021,2373.8643,0.0000,1000,1000,149,1,971.8553
20220.0000,2022,2373.7530,0.0000,1000,1000,148,1,971.8692
20230.0000,2023,2373.6404,0.0000,1000,1000,142,1,971.8831
20240.0000,2024,2373.5266,0.0000,1000,1000,146,1,971.8970
20250.0000,2025,2373.4150,0.0000,1000,1000,148,1,971.9109
20260.0000,2026,2373.3035,0.0000,1000,1000,139,1,971.9247
20270.0000,2027,2373.1856,0.0000,1000,1000,131,1,971.9386
20280.0000,2028,2373.0664,0.0000,1000,1000,133,1,971.9524
20290.0000,2029,2372.9471,0.0000,1000,1000,130,1,971.9663
20300.0000,2030,2372.8295,0.0000,1000,1000,136,1,971.9801
20310.0000,2031,2372.7127,0.0000,1000,1000,134,1,971.9939
20320.0000,2032,2372.5966,0.0000,1000,1000,137,1,972.0076
20330.0000,2033,2372.4814,0.0000,1000,1000,141,1,972.0214
20340.0000,2034,2372.3685,0.0000,1000,1000,143,1,972.0352
20350.0000,2035,2372.2566,0.0000,1000,1000,144,1,972.0489
20360.0000,2036,2372.1477,0.0000,1000,1000,154,1,972.0626
20370.0000,2037,2372.0418,0.0000,1000,1000,157,1,972.0763
20380.0000,2038,2371.9383,0.0000,1000,1000,159,1,972.0901
20390.0000,2039,2371.8342,0.0000,1000,1000,157,1,972.1037
20400.0000,2040,2371.7286,0.0000,1000,1000,153,1,972.1174
20410.0000,2041,2371.6212,0.0000,1000,1000,153,1,972.1311
20420.0000,2042,2371.5129,0.0000,1000,1000,148,1,972.1447
20430.0000,2043,2371.4036,0.0000,1000,1000,149,1,972.1584
20440.0000,2044,2371.2952,0.0000,1000,1000,154,1,972.1720
20450.0000,2045,2371.1898,0.0000,1000,1000,156,1,972.1856
20460.0000,2046,2371.0844,0.0000,1000,1000,156,1,972.1992
20470.0000,2047,2370.9808,0.0000,1000,1000,157,1,972.2128
20480.0000,2048,2370.8766,0.0000,1000,1000,158,1,972.2263
20490.0000,2049,2370.7716,0.0000,1000,1000,154,1,972.2399
20500.0000,2050,2370.6663,0.0000,1000,1000,158,1,972.2534
20510.0000,2051,2370.5619,0.0000,1000,1000,155,1,972.2670
20520.0000,2052,2370.4539,0.0000,1000,1000,143,1,972.2805
20530.0000,2053,2370.3400,0.0000,1000,1000,134,1,972.2940
20540.0000,2054,2370.2259,0.0000,1000,1000,136,1,972.3075
20550.0000,2055,2370.1112,0.0000,1000,1000,134,1,972.3209
20560.0000,2056,2369.9969,0.0000,1000,1000,132,1,972.3344
20570.0000,2057,2369.8815,0.0000,1000,1000,130,1,972.3478
20580.0000,2058,2369.7620,0.0000,1000,1000,122,1,972.3613
20590.0000,2059,2369.6424,0.0000,1000,1000,124,1,972.3747
20600.0000,2060,2369.5214,0.0000,1000,1000,119,1,972.3881
20610.0000,2061,2369.4004,0.0000,1000,1000,118,1,972.4015
20620.0000,2062,2369.2788,0.0000,1000,1000,118,1,972.4149
20630.0000,2063,2369.1568,0.0000,1000,1000,116,1,972.4283
20640.0000,2064,2369.0331,0.0000,1000,1000,113,1,972.4416
20650.0000,2065,2368.9067,0.0000,1000,1000,106,1,972.4550
20660.0000,2066,2368.7801,0.0000,1000,1000,109,1,972.4683
20670.0000,2067,2368.6543,0.0000,1000,1000,104,1,972.4816
20680.0000,2068,2368.5242,0.0000,1000,1000,98,1,972.4949
20690.0000,2069,2368.3910,0.0000,1000,1000,92,1,972.5082
20700.0000,2070,2368.2573,0.0000,1000,1000,92,1,972.5215
20710.0000,2071,2368.1228,0.0000,1000,1000,90,1,972.5348
20720.0000,2072,2367.9879,0.0000,1000,1000,87,1,972.5480
20730.0000,2073,2367.8529,0.0000,1000,1000,87,1,972.5613
20740.0000,2074,2367.7175,0.0000,1000,1000,90,1,972.5745
20750.0000,2075,2367.5824,0.0000,1000,1000,85,1,972.5877
20760.0000,2076,2367.4457,0.0000,1000,1000,83,1,972.6009
20770.0000,2077,2367.3080,0.0000,1000,1000,81,1,972.6141
20780.0000,2078,2367.1721,0.0000,1000,1000,90,1,972.6273
20790.0000,2079,2367.0384,0.0000,1000,1000,89,1,972.6405
20800.0000,2080,2366.9017,0.0000,1000,1000,80,1,972.6536
20810.0000,2081,2366.7623,0.0000,1000,1000,77,1,972.6668
20820.0000,2082,2366.6227,0.0000,1000,1000,78,1,972.6799
20830.0000,2083,2366.4840,0.0000,1000,1000,75,1,972.6930
20840.0000,2084,2366.3446,0.0000,1000,1000,76,1,972.7061
20850.0000,2085,2366.2034,0.0000,1000,1000,69,1,972.7192
20860.0000,2086,2366.0619,0.0000,1000,1000,72,1,972.7323
20870.0000,2087,2365.9239,0.0000,1000,1000,79,1,972.7453
20880.0000,2088,2365.7860,0.0000,1000,1000,79,1,972.7584
20890.0000,2089,2365.6510,0.0000,1000,1000,85,1,972.7714
20900.0000,2090,2365.5174,0.0000,1000,1000,84,1,972.7845
20910.0000,2091,2365.3817,0.0000,1000,1000,82,1,972.7975
20920.0000,2092,2365.2464,0.0000,1000,1000,81,1,972.8105
20930.0000,2093,2365.1117,0.0000,1000,1000,79,1,972.8235
20940.0000,2094,2364.9743,0.0000,1000,1000,75,1,972.8364
20950.0000,2095,2364.8352,0.0000,1000,1000,74,1,972.8494
20960.0000,2096,2364.6942,0.0000,1000,1000,65,1,972.8624
20970.0000,2097,2364.5518,0.0000,1000,1000,68,1,972.8753
20980.0000,2098,2364.4106,0.0000,1000,1000,65,1,972.8882
20990.0000,2099,2364.2666,0.0000,1000,1000,60,1,972.9012
21000.0000,2100,2364.1206,0.0000,1000,1000,58,1,972.9141
21010.0000,2101,2363.9751,0.0000,1000,1000,59,1,972.9270
21020.0000,2102,2363.8293,0.0000,1000,1000,54,1,972.9398
21030.0000,2103,2363.6811,0.0000,1000,1000,52,1,972.9527
21040.0000,2104,2363.5309,0.0000,1000,1000,41,1,972.9656
21050.0000,2105,2363.3776,0.0000,1000,1000,36,1,972.9784
21060.0000,2106,2363.2219,0.0000,1000,1000,32,1,972.9912
21070.0000,2107,2363.0633,0.0000,1000,1000,29,1,973.0040
21080.0000,2108,2362.9043,0.0000,1000,1000,27,1,973.0169
21090.0000,2109,2362.7435,0.0000,1000,1000,23,1,973.0296
21100.0000,2110,2362.5829,0.0000,1000,1000,26,1,973.0424
21110.0000,2111,2362.4249,0.0000,1000,1000,31,1,973.0552
21120.0000,2112,2362.2677,0.0000,1000,1000,30,1,973.0680
21130.0000,2113,2362.1109,0.0000,1000,1000,32,1,973.0807
21140.0000,2114,2361.9546,0.0000,1000,1000,34,1,973.0934
21150.0000,2115,2361.7992,0.0000,1000,1000,36,1,973.1062
21160.0000,2116,2361.6461,0.0000,1000,1000,37,1,973.1189
21170.0000,2117,2361.4940,0.0000,1000,1000,37,1,973.1316
21180.0000,2118,2361.3402,0.0000,1000,1000,39,1,973.1443
21190.0000,2119,2361.1872,0.0000,1000,1000,34,1,973.1569
21200.0000,2120,2361.0329,0.0000,1000,1000,34,1,973.1696
21210.0000,2121,2360.8796,0.0000,1000,1000,33,1,973.1822
21220.0000,2122,2360.7245,0.0000,1000,1000,29,1,973.1949
21230.0000,2123,2360.5703,0.0000,1000,1000,37,1,973.2075
21240.0000,2124,2360.4165,0.0000,1000,1000,31,1,973.2201
21250.0000,2125,2360.2611,0.0000,1000,1000,29,1,973.2327
21260.0000,2126,2360.1063,0.0000,1000,1000,32,1,973.2453
21270.0000,2127,2359.9516,0.0000,1000,1000,32,1,973.2579
21280.0000,2128,2359.7983,0.0000,1000,1000,35,1,973.2705
21290.0000,2129,2359.6451,0.0000,1000,1000,36,1,973.2830
21300.0000,2130,2359.4962,0.0000,1000,1000,48,1,973.2956
21310.0000,2131,2359.3482,0.0000,1000,1000,44,1,973.3081
21320.0000,2132,2359.1994,0.0000,1000,1000,44,1,973.3206
21330.0000,2133,2359.0488,0.0000,1000,1000,32,1,973.3331
21340.0000,2134,2358.8953,0.0000,1000,1000,33,1,973.3456
21350.0000,2135,2358.7417,0.0000,1000,1000,29,1,973.3581
21360.0000,2136,2358.5902,0.0000,1000,1000,40,1,973.3706
21370.0000,2137,2358.4417,0.0000,1000,1000,39,1,973.3830
21380.0000,2138,2358.2918,0.0000,1000,1000,38,1,973.3955
21390.0000,2139,2358.1414,0.0000,1000,1000,32,1,973.4079
21400.0000,2140,2357.9887,0.0000,1000,1000,31,1,973.4203
21410.0000,2141,2357.8359,0.0000,997,1000,31,1,973.4328
21420.0000,2142,2357.6828,0.0000,995,1000,39,1,973.4452
21430.0000,2143,2357.5342,0.0000,992,1000,52,1,973.4575
21440.0000,2144,2357.3897,0.0000,987,1000,62,1,973.4699
21450.0000,2145,2357.2485,0.0000,986,1000,72,1,973.4823
21460.0000,2146,2357.1098,0.0000,980,1000,79,1,973.4947
21470.0000,2147,2356.9726,0.0000,978,1000,89,1,973.5070
21480.0000,2148,2356.8382,0.0000,974,1000,100,1,973.5193
21490.0000,2149,2356.7091,0.0000,974,1000,109,1,973.5317
21500.0000,2150,2356.5855,0.0000,977,1000,121,1,973.5440
21510.0000,2151,2356.4672,0.0000,976,1000,132,1,973.5563
21520.0000,2152,2356.3551,0.0000,981,1000,139,1,973.5686
21530.0000,2153,2356.2475,0.0000,980,1000,149,1,973.5808
21540.0000,2154,2356.1418,0.0000,979,1000,156,1,973.5931
21550.0000,2155,2356.0400,0.0000,976,1000,163,1,973.6053
21560.0000,2156,2355.9421,0.0000,971,1000,171,1,973.6176
21570.0000,2157,2355.8453,0.0000,975,1000,177,1,973.6298
21580.0000,2158,2355.7556,0.0000,977,1000,193,1,973.6420
21590.0000,2159,2355.6691,0.0000,969,1000,200,1,973.6542
21600.0000,2160,2355.5853,0.0000,966,1000,210,1,973.6664
21610.0000,2161,2355.5053,0.0000,972,1000,215,1,973.6786
21620.0000,2162,2355.4286,0.0000,971,1000,220,1,973.6908
21630.0000,2163,2355.3539,0.0000,969,1000,228,1,973.7030
21640.0000,2164,2355.2810,0.0000,967,1000,233,1,973.7151
21650.0000,2165,2355.2094,0.0000,964,1000,238,1,973.7273
21660.0000,2166,2355.1420,0.0000,964,1000,246,1,973.7394
21670.0000,2167,2355.0759,0.0000,960,1000,253,1,973.7515
21680.0000,2168,2355.0143,0.0000,961,1000,266,1,973.7636
21690.0000,2169,2354.9578,0.0000,966,1000,273,1,973.7757
21700.0000,2170,2354.9052,0.0000,962,1000,280,1,973.7878
21710.0000,2171,2354.8550,0.0000,959,1000,292,1,973.7999
21720.0000,2172,2354.8077,0.0000,959,1000,298,1,973.8119
21730.0000,2173,2354.7645,0.0000,955,1000,309,1,973.8240
21740.0000,2174,2354.7250,0.0000,953,1000,320,1,973.8360
21750.0000,2175,2354.6896,0.0000,951,1000,328,1,973.8481
21760.0000,2176,2354.6556,0.0000,948,1000,334,1,973.8601
21770.0000,2177,2354.6260,0.0000,956,1000,346,1,973.8721
21780.0000,2178,2354.6030,0.0000,957,1000,357,1,973.8841
21790.0000,2179,2354.5860,0.0000,957,1000,364,1,973.8961
21800.0000,2180,2354.5715,0.0000,954,1000,372,1,973.9080
21810.0000,2181,2354.5601,0.0000,955,1000,383,1,973.9200
21820.0000,2182,2354.5544,0.0000,958,1000,388,1,973.9320
21830.0000,2183,2354.5513,0.0000,957,1000,396,1,973.9439
21840.0000,2184,2354.5521,0.0000,954,1000,406,1,973.9558
21850.0000,2185,2354.5563,0.0000,955,1000,415,1,973.9677
21860.0000,2186,2354.5639,0.0000,949,1000,421,1,973.9797
21870.0000,2187,2354.5710,0.0000,943,1000,433,1,973.9916
21880.0000,2188,2354.5841,0.0000,944,1000,444,1,974.0034
21890.0000,2189,2354.6023,0.0000,951,1000,450,1,974.0153
21900.0000,2190,2354.6258,0.0000,952,1000,458,1,974.0272
21910.0000,2191,2354.6544,0.0000,948,1000,470,1,974.0390
21920.0000,2192,2354.6857,0.0000,951,1000,477,1,974.0509
21930.0000,2193,2354.7224,0.0000,955,1000,487,1,974.0627
21940.0000,2194,2354.7642,0.0000,954,1000,497,1,974.0745
21950.0000,2195,2354.8105,0.0000,953,1000,505,1,974.0863
21960.0000,2196,2354.8593,0.0000,956,1000,510,1,974.0981
21970.0000,2197,2354.9125,0.0000,957,1000,522,1,974.1099
21980.0000,2198,2354.9711,0.0000,963,1000,530,1,974.1217
21990.0000,2199,2355.0337,0.0000,955,1000,539,1,974.1335
22000.0000,2200,2355.0993,0.0000,949,1000,553,1,974.1452
22010.0000,2201,2355.1659,0.0000,941,1000,559,1,974.1570
22020.0000,2202,2355.2325,0.0000,933,1000,572,1,974.1687
22030.0000,2203,2355.3008,0.0000,920,1000,580,1,974.1804
22040.0000,2204,2355.3685,0.0000,919,1000,589,1,974.1922
22050.0000,2205,2355.4391,0.0000,922,1000,597,1,974.2039
22060.0000,2206,2355.5152,0.0000,921,1000,608,1,974.2156
22070.0000,2207,2355.5965,0.0000,923,1000,614,1,974.2272
22080.0000,2208,2355.6813,0.0000,924,1000,623,1,974.2389
22090.0000,2209,2355.7704,0.0000,930,1000,632,1,974.2506
22100.0000,2210,2355.8653,0.0000,930,1000,637,1,974.2622
22110.0000,2211,2355.9625,0.0000,931,1000,644,1,974.2739
22120.0000,2212,2356.0656,0.0000,939,1000,657,1,974.2855
22130.0000,2213,2356.1773,0.0000,941,1000,667,1,974.2971
22140.0000,2214,2356.2922,0.0000,943,1000,673,1,974.3087
22150.0000,2215,2356.4114,0.0000,942,1000,684,1,974.3203
22160.0000,2216,2356.5362,0.0000,942,1000,694,1,974.3319
22170.0000,2217,2356.6633,0.0000,934,1000,707,1,974.3435
22180.0000,2218,2356.7937,0.0000,927,1000,721,1,974.3551
22190.0000,2219,2356.9258,0.0000,916,1000,731,1,974.3666
22200.0000,2220,2357.0598,0.0000,914,1000,743,1,974.3782
22210.0000,2221,2357.1954,0.0000,909,1000,751,1,974.3897
22220.0000,2222,2357.3342,0.0000,909,1000,759,1,974.4012
22230.0000,2223,2357.4768,0.0000,914,1000,769,1,974.4127
22240.0000,2224,2357.6246,0.0000,911,1000,779,1,974.4242
22250.0000,2225,2357.7741,0.0000,905,1000,788,1,974.4357
22260.0000,2226,2357.9242,0.0000,900,1000,793,1,974.4472
22270.0000,2227,2358.0776,0.0000,902,1000,799,1,974.4587
22280.0000,2228,2358.2323,0.0000,896,1000,810,1,974.4702
22290.0000,2229,2358.3913,0.0000,898,1000,819,1,974.4816
22300.0000,2230,2358.5531,0.0000,894,1000,825,1,974.4931
22310.0000,2231,2358.7166,0.0000,896,1000,829,1,974.5045
22320.0000,2232,2358.8816,0.0000,893,1000,835,1,974.5159
22330.0000,2233,2359.0479,0.0000,888,1000,846,1,974.5273
22340.0000,2234,2359.2203,0.0000,898,1000,855,1,974.5387
22350.0000,2235,2359.3993,0.0000,901,1000,867,1,974.5501
22360.0000,2236,2359.5859,0.0000,902,1000,878,1,974.5615
22370.0000,2237,2359.7766,0.0000,902,1000,888,1,974.5729
22380.0000,2238,2359.9714,0.0000,901,1000,898,1,974.5842
22390.0000,2239,2360.1699,0.0000,898,1000,909,1,974.5956
22400.0000,2240,2360.3728,0.0000,899,1000,921,1,974.6069
22410.0000,2241,2360.5799,0.0000,897,1000,933,1,974.6183
22420.0000,2242,2360.7893,0.0000,889,1000,941,1,974.6296
22430.0000,2243,2360.9983,0.0000,885,1000,945,1,974.6409
22440.0000,2244,2361.2099,0.0000,886,1000,958,1,974.6522
22450.0000,2245,2361.4266,0.0000,892,1000,966,1,974.6635
22460.0000,2246,2361.6490,0.0000,890,1000,977,1,974.6748
22470.0000,2247,2361.8771,0.0000,896,1000,983,1,974.6860
22480.0000,2248,2362.1098,0.0000,897,1000,988,1,974.6973
22490.0000,2249,2362.3428,0.0000,892,1000,996,1,974.7085
22500.0000,2250,2362.5793,0.0000,895,1000,1000,1,974.7198
22510.0000,2251,2362.8143,0.0000,889,1000,1000,1,974.7310
22520.0000,2252,2363.0468,0.0000,885,1000,1000,1,974.7422
22530.0000,2253,2363.2784,0.0000,883,1000,1000,1,974.7535
22540.0000,2254,2363.5088,0.0000,884,1000,1000,1,974.7647
22550.0000,2255,2363.7381,0.0000,881,1000,1000,1,974.7758
22560.0000,2256,2363.9685,0.0000,887,1000,1000,1,974.7870
22570.0000,2257,2364.1991,0.0000,884,1000,1000,1,974.7982
22580.0000,2258,2364.4298,0.0000,886,1000,1000,1,974.8094
22590.0000,2259,2364.6631,0.0000,893,1000,1000,1,974.8205
22600.0000,2260,2364.8976,0.0000,896,1000,1000,1,974.8316
22610.0000,2261,2365.1311,0.0000,888,1000,1000,1,974.8428
22620.0000,2262,2365.3633,0.0000,887,1000,1000,1,974.8539
22630.0000,2263,2365.5936,0.0000,883,1000,1000,1,974.8650
22640.0000,2264,2365.8219,0.0000,881,1000,1000,1,974.8761
22650.0000,2265,2366.0515,0.0000,889,1000,1000,1,974.8872
22660.0000,2266,2366.2817,0.0000,883,1000,1000,1,974.8983
22670.0000,2267,2366.5094,0.0000,881,1000,1000,1,974.9094
22680.0000,2268,2366.7348,0.0000,871,1000,1000,1,974.9204
22690.0000,2269,2366.9573,0.0000,875,1000,1000,1,974.9315
22700.0000,2270,2367.1804,0.0000,873,1000,1000,1,974.9425
22710.0000,2271,2367.4043,0.0000,877,1000,1000,1,974.9536
22720.0000,2272,2367.6282,0.0000,879,1000,1000,1,974.9646
22730.0000,2273,2367.8525,0.0000,878,1000,1000,1,974.9756
22740.0000,2274,2368.0761,0.0000,874,1000,1000,1,974.9866
22750.0000,2275,2368.2990,0.0000,876,1000,1000,1,974.9976
22760.0000,2276,2368.5217,0.0000,874,1000,1000,1,975.0086
22770.0000,2277,2368.7433,0.0000,867,1000,1000,1,975.0196
22780.0000,2278,2368.9630,0.0000,873,1000,1000,1,975.0305
22790.0000,2279,2369.1843,0.0000,873,1000,1000,1,975.0415
22800.0000,2280,2369.4057,0.0000,872,1000,1000,1,975.0524
22810.0000,2281,2369.6279,0.0000,880,1000,1000,1,975.0634
22820.0000,2282,2369.8508,0.0000,880,1000,1000,1,975.0743
22830.0000,2283,2370.0757,0.0000,886,1000,1000,1,975.0852
22840.0000,2284,2370.3015,0.0000,882,1000,1000,1,975.0961
22850.0000,2285,2370.5249,0.0000,879,1000,1000,1,975.1070
22860.0000,2286,2370.7479,0.0000,880,1000,1000,1,975.1179
22870.0000,2287,2370.9715,0.0000,881,1000,1000,1,975.1288
22880.0000,2288,2371.1933,0.0000,876,1000,1000,1,975.1397
22890.0000,2289,2371.4122,0.0000,867,1000,1000,1,975.1505
22900.0000,2290,2371.6285,0.0000,868,1000,1000,1,975.1614
22910.0000,2291,2371.8455,0.0000,869,1000,1000,1,975.1722
22920.0000,2292,2372.0614,0.0000,863,1000,1000,1,975.1830
22930.0000,2293,2372.2727,0.0000,853,1000,1000,1,975.1939
22940.0000,2294,2372.4831,0.0000,857,1000,1000,1,975.2047
22950.0000,2295,2372.6920,0.0000,847,1000,1000,1,975.2155
22960.0000,2296,2372.8988,0.0000,847,1000,1000,1,975.2263
22970.0000,2297,2373.1048,0.0000,841,1000,1000,1,975.2371
22980.0000,2298,2373.3075,0.0000,835,1000,1000,1,975.2478
22990.0000,2299,2373.5083,0.0000,835,1000,1000,1,975.2586
23000.0000,2300,2373.7105,0.0000,842,1000,1000,1,975.2694
23010.0000,2301,2373.9146,0.0000,844,1000,1000,1,975.2801
23020.0000,2302,2374.1172,0.0000,837,1000,1000,1,975.2908
23030.0000,2303,2374.3173,0.0000,835,1000,1000,1,975.3016
23040.0000,2304,2374.5173,0.0000,834,1000,1000,1,975.3123
23050.0000,2305,2374.7159,0.0000,827,1000,1000,1,975.3230
23060.0000,2306,2374.9119,0.0000,823,1000,1000,1,975.3337
23070.0000,2307,2375.1073,0.0000,828,1000,1000,1,975.3444
23080.0000,2308,2375.3037,0.0000,831,1000,1000,1,975.3551
23090.0000,2309,2375.5011,0.0000,833,1000,1000,1,975.3658
23100.0000,2310,2375.6967,0.0000,823,1000,1000,1,975.3764
23110.0000,2311,2375.8901,0.0000,819,1000,1000,1,975.3871
23120.0000,2312,2376.0805,0.0000,816,1000,1000,1,975.3977
23130.0000,2313,2376.2712,0.0000,819,1000,1000,1,975.4084
23140.0000,2314,2376.4611,0.0000,813,1000,1000,1,975.4190
23150.0000,2315,2376.6479,0.0000,803,1000,1000,1,975.4296
23160.0000,2316,2376.8318,0.0000,798,1000,1000,1,975.4402
23170.0000,2317,2377.0136,0.0000,796,1000,1000,1,975.4508
23180.0000,2318,2377.1937,0.0000,797,1000,1000,1,975.4614
23190.0000,2319,2377.3745,0.0000,794,1000,1000,1,975.4720
23200.0000,2320,2377.5549,0.0000,800,1000,1000,1,975.4826
23210.0000,2321,2377.7360,0.0000,794,1000,1000,1,975.4931
23220.0000,2322,2377.9183,0.0000,803,1000,1000,1,975.5037
23230.0000,2323,2378.1015,0.0000,803,1000,1000,1,975.5142
23240.0000,2324,2378.2847,0.0000,804,1000,1000,1,975.5248
23250.0000,2325,2378.4667,0.0000,802,1000,1000,1,975.5353
23260.0000,2326,2378.6472,0.0000,799,1000,1000,1,975.5458
23270.0000,2327,2378.8287,0.0000,799,1000,1000,1,975.5563
23280.0000,2328,2379.0104,0.0000,803,1000,1000,1,975.5668
23290.0000,2329,2379.1931,0.0000,809,1000,1000,1,975.5773
23300.0000,2330,2379.3772,0.0000,806,1000,1000,1,975.5878
23310.0000,2331,2379.5597,0.0000,804,1000,1000,1,975.5983
23320.0000,2332,2379.7416,0.0000,804,1000,1000,1,975.6087
23330.0000,2333,2379.9235,0.0000,803,1000,1000,1,975.6192
23340.0000,2334,2380.1045,0.0000,801,1000,1000,1,975.6296
23350.0000,2335,2380.2852,0.0000,798,1000,1000,1,975.6401
23360.0000,2336,2380.4637,0.0000,796,1000,1000,1,975.6505
23370.0000,2337,2380.6406,0.0000,796,1000,1000,1,975.6609
23380.0000,2338,2380.8184,0.0000,797,1000,1000,1,975.6713
23390.0000,2339,2380.9946,0.0000,793,1000,1000,1,975.6817
23400.0000,2340,2381.1672,0.0000,780,1000,1000,1,975.6921
23410.0000,2341,2381.3361,0.0000,772,1000,1000,1,975.7025
23420.0000,2342,2381.5021,0.0000,770,1000,1000,1,975.7129
23430.0000,2343,2381.6668,0.0000,763,1000,1000,1,975.7232
23440.0000,2344,2381.8295,0.0000,761,1000,1000,1,975.7336
23450.0000,2345,2381.9907,0.0000,761,1000,1000,1,975.7439
23460.0000,2346,2382.1530,0.0000,763,1000,1000,1,975.7543
23470.0000,2347,2382.3141,0.0000,758,1000,1000,1,975.7646
23480.0000,2348,2382.4726,0.0000,754,1000,1000,1,975.7749
23490.0000,2349,2382.6288,0.0000,744,1000,1000,1,975.7852
23500.0000,2350,2382.7835,0.0000,748,1000,1000,1,975.7955
23510.0000,2351,2382.9382,0.0000,745,1000,1000,1,975.8058
23520.0000,2352,2383.0922,0.0000,744,1000,1000,1,975.8161
23530.0000,2353,2383.2453,0.0000,743,1000,1000,1,975.8264
23540.0000,2354,2383.3984,0.0000,744,1000,1000,1,975.8367
23550.0000,2355,2383.5504,0.0000,737,1000,1000,1,975.8469
23560.0000,2356,2383.7026,0.0000,742,1000,1000,1,975.8572
23570.0000,2357,2383.8574,0.0000,752,1000,1000,1,975.8674
23580.0000,2358,2384.0126,0.0000,749,1000,1000,1,975.8777
23590.0000,2359,2384.1678,0.0000,752,1000,1000,1,975.8879
23600.0000,2360,2384.3223,0.0000,747,1000,1000,1,975.8981
23610.0000,2361,2384.4742,0.0000,740,1000,1000,1,975.9083
23620.0000,2362,2384.6262,0.0000,743,1000,1000,1,975.9185
23630.0000,2363,2384.7793,0.0000,748,1000,1000,1,975.9287
23640.0000,2364,2384.9311,0.0000,740,1000,1000,1,975.9389
23650.0000,2365,2385.0802,0.0000,737,1000,1000,1,975.9491
23660.0000,2366,2385.2288,0.0000,737,1000,1000,1,975.9592
23670.0000,2367,2385.3785,0.0000,740,1000,1000,1,975.9694
23680.0000,2368,2385.5280,0.0000,737,1000,1000,1,975.9795
23690.0000,2369,2385.6755,0.0000,736,1000,1000,1,975.9897
23700.0000,2370,2385.8234,0.0000,736,1000,1000,1,975.9998
23710.0000,2371,2385.9708,0.0000,737,1000,1000,1,976.0099
23720.0000,2372,2386.1182,0.0000,733,1000,1000,1,976.0200
23730.0000,2373,2386.2643,0.0000,733,1000,1000,1,976.0301
23740.0000,2374,2386.4085,0.0000,726,1000,1000,1,976.0402
23750.0000,2375,2386.5521,0.0000,725,1000,1000,1,976.0503
23760.0000,2376,2386.6934,0.0000,722,1000,1000,1,976.0604
23770.0000,2377,2386.8357,0.0000,726,1000,1000,1,976.0705
23780.0000,2378,2386.9791,0.0000,728,1000,1000,1,976.0805
23790.0000,2379,2387.1222,0.0000,727,1000,1000,1,976.0906
23800.0000,2380,2387.2640,0.0000,725,1000,1000,1,976.1006
23810.0000,2381,2387.4055,0.0000,723,1000,1000,1,976.1107
23820.0000,2382,2387.5477,0.0000,728,1000,1000,1,976.1207
23830.0000,2383,2387.6911,0.0000,731,1000,1000,1,976.1307
23840.0000,2384,2387.8336,0.0000,729,1000,1000,1,976.1407
23850.0000,2385,2387.9778,0.0000,736,1000,1000,1,976.1507
23860.0000,2386,2388.1235,0.0000,733,1000,1000,1,976.1607
23870.0000,2387,2388.2664,0.0000,729,1000,1000,1,976.1707
23880.0000,2388,2388.4076,0.0000,722,1000,1000,1,976.1807
23890.0000,2389,2388.5457,0.0000,716,1000,1000,1,976.1907
23900.0000,2390,2388.6831,0.0000,714,1000,1000,1,976.2006
23910.0000,2391,2388.8184,0.0000,712,1000,1000,1,976.2106
23920.0000,2392,2388.9533,0.0000,711,1000,1000,1,976.2205
23930.0000,2393,2389.0863,0.0000,704,1000,1000,1,976.2305
23940.0000,2394,2389.2182,0.0000,701,1000,1000,1,976.2404
23950.0000,2395,2389.3474,0.0000,697,1000,1000,1,976.2503
23960.0000,2396,2389.4765,0.0000,698,1000,1000,1,976.2602
23970.0000,2397,2389.6048,0.0000,696,1000,1000,1,976.2701
23980.0000,2398,2389.7316,0.0000,696,1000,1000,1,976.2800
23990.0000,2399,2389.8586,0.0000,690,1000,1000,1,976.2899
24000.0000,2400,2389.9821,0.0000,679,1000,1000,1,976.2998
24010.0000,2401,2390.1008,0.0000,674,1000,1000,1,976.3097
24020.0000,2402,2390.2195,0.0000,673,1000,1000,1,976.3195
24030.0000,2403,2390.3383,0.0000,672,1000,1000,1,976.3294
24040.0000,2404,2390.4544,0.0000,669,1000,1000,1,976.3392
24050.0000,2405,2390.5703,0.0000,670,1000,1000,1,976.3491
24060.0000,2406,2390.6871,0.0000,673,1000,1000,1,976.3589
24070.0000,2407,2390.8052,0.0000,670,1000,1000,1,976.3687
24080.0000,2408,2390.9202,0.0000,667,1000,1000,1,976.3785
24090.0000,2409,2391.0349,0.0000,668,1000,1000,1,976.3883
24100.0000,2410,2391.1500,0.0000,670,1000,1000,1,976.3981
24110.0000,2411,2391.2653,0.0000,667,1000,1000,1,976.4079
24120.0000,2412,2391.3813,0.0000,670,1000,1000,1,976.4177
24130.0000,2413,2391.4981,0.0000,677,1000,1000,1,976.4275
24140.0000,2414,2391.6156,0.0000,673,1000,1000,1,976.4373
24150.0000,2415,2391.7308,0.0000,668,1000,1000,1,976.4470
24160.0000,2416,2391.8433,0.0000,660,1000,1000,1,976.4568
24170.0000,2417,2391.9555,0.0000,661,1000,1000,1,976.4665
24180.0000,2418,2392.0664,0.0000,658,1000,1000,1,976.4762
24190.0000,2419,2392.1767,0.0000,659,1000,1000,1,976.4860
24200.0000,2420,2392.2872,0.0000,659,1000,1000,1,976.4957
24210.0000,2421,2392.3978,0.0000,659,1000,1000,1,976.5054
24220.0000,2422,2392.5088,0.0000,660,1000,1000,1,976.5151
24230.0000,2423,2392.6179,0.0000,657,1000,1000,1,976.5248
24240.0000,2424,2392.7271,0.0000,659,1000,1000,1,976.5345
24250.0000,2425,2392.8359,0.0000,654,1000,1000,1,976.5441
24260.0000,2426,2392.9430,0.0000,655,1000,1000,1,976.5538
24270.0000,2427,2393.0506,0.0000,650,1000,1000,1,976.5635
24280.0000,2428,2393.1570,0.0000,649,1000,1000,1,976.5731
24290.0000,2429,2393.2626,0.0000,651,1000,1000,1,976.5828
24300.0000,2430,2393.3688,0.0000,651,1000,1000,1,976.5924
24310.0000,2431,2393.4750,0.0000,656,1000,1000,1,976.6020
24320.0000,2432,2393.5825,0.0000,654,1000,1000,1,976.6116
24330.0000,2433,2393.6889,0.0000,650,1000,1000,1,976.6213
24340.0000,2434,2393.7925,0.0000,645,1000,1000,1,976.6309
24350.0000,2435,2393.8960,0.0000,648,1000,1000,1,976.6405
24360.0000,2436,2393.9997,0.0000,643,1000,1000,1,976.6501
24370.0000,2437,2394.1026,0.0000,644,1000,1000,1,976.6596
24380.0000,2438,2394.2065,0.0000,648,1000,1000,1,976.6692
24390.0000,2439,2394.3107,0.0000,650,1000,1000,1,976.6788
24400.0000,2440,2394.4152,0.0000,653,1000,1000,1,976.6883
24410.0000,2441,2394.5227,0.0000,656,1000,1000,1,976.6979
24420.0000,2442,2394.6297,0.0000,653,1000,1000,1,976.7074
24430.0000,2443,2394.7353,0.0000,653,1000,1000,1,976.7170
24440.0000,2444,2394.8415,0.0000,658,1000,1000,1,976.7265
24450.0000,2445,2394.9500,0.0000,660,1000,1000,1,976.7360
24460.0000,2446,2395.0591,0.0000,664,1000,1000,1,976.7455
24470.0000,2447,2395.1693,0.0000,664,1000,1000,1,976.7550
24480.0000,2448,2395.2794,0.0000,662,1000,1000,1,976.7645
24490.0000,2449,2395.3891,0.0000,666,1000,1000,1,976.7740
24500.0000,2450,2395.5002,0.0000,671,1000,1000,1,976.7835
24510.0000,2451,2395.6119,0.0000,667,1000,1000,1,976.7930
24520.0000,2452,2395.7235,0.0000,673,1000,1000,1,976.8024
24530.0000,2453,2395.8378,0.0000,677,1000,1000,1,976.8119
24540.0000,2454,2395.9508,0.0000,669,1000,1000,1,976.8213
24550.0000,2455,2396.0606,0.0000,667,1000,1000,1,976.8308
24560.0000,2456,2396.1709,0.0000,665,1000,1000,1,976.8402
24570.0000,2457,2396.2790,0.0000,658,1000,1000,1,976.8496
24580.0000,2458,2396.3846,0.0000,655,1000,1000,1,976.8590
24590.0000,2459,2396.4897,0.0000,656,1000,1000,1,976.8685
24600.0000,2460,2396.5933,0.0000,646,1000,1000,1,976.8779
24610.0000,2461,2396.6942,0.0000,647,1000,1000,1,976.8873
24620.0000,2462,2396.7958,0.0000,644,1000,1000,1,976.8966
24630.0000,2463,2396.8967,0.0000,642,1000,1000,1,976.9060
24640.0000,2464,2396.9952,0.0000,640,1000,1000,1,976.9154
24650.0000,2465,2397.0933,0.0000,635,1000,1000,1,976.9248
24660.0000,2466,2397.1900,0.0000,635,1000,1000,1,976.9341
24670.0000,2467,2397.2854,0.0000,634,1000,1000,1,976.9435
24680.0000,2468,2397.3822,0.0000,636,1000,1000,1,976.9528
24690.0000,2469,2397.4817,0.0000,647,1000,1000,1,976.9621
24700.0000,2470,2397.5813,0.0000,637,1000,1000,1,976.9715
24710.0000,2471,2397.6795,0.0000,640,1000,1000,1,976.9808
24720.0000,2472,2397.7769,0.0000,635,1000,1000,1,976.9901
24730.0000,2473,2397.8727,0.0000,636,1000,1000,1,976.9994
24740.0000,2474,2397.9690,0.0000,633,1000,1000,1,977.0087
24750.0000,2475,2398.0657,0.0000,638,1000,1000,1,977.0180
24760.0000,2476,2398.1630,0.0000,633,1000,1000,1,977.0273
24770.0000,2477,2398.2557,0.0000,623,1000,1000,1,977.0365
24780.0000,2478,2398.3450,0.0000,621,1000,1000,1,977.0458
24790.0000,2479,2398.4323,0.0000,613,1000,1000,1,977.0551
24800.0000,2480,2398.5187,0.0000,614,1000,1000,1,977.0643
24810.0000,2481,2398.6055,0.0000,611,1000,1000,1,977.0736
24820.0000,2482,2398.6896,0.0000,603,1000,1000,1,977.0828
24830.0000,2483,2398.7715,0.0000,605,1000,1000,1,977.0920
24840.0000,2484,2398.8535,0.0000,605,1000,1000,1,977.1013
24850.0000,2485,2398.9372,0.0000,606,1000,1000,1,977.1105
24860.0000,2486,2399.0206,0.0000,607,1000,1000,1,977.1197
24870.0000,2487,2399.1057,0.0000,615,1000,1000,1,977.1289
24880.0000,2488,2399.1926,0.0000,613,1000,1000,1,977.1381
24890.0000,2489,2399.2771,0.0000,603,1000,1000,1,977.1473
24900.0000,2490,2399.3596,0.0000,606,1000,1000,1,977.1564
24910.0000,2491,2399.4421,0.0000,600,1000,1000,1,977.1656
24920.0000,2492,2399.5236,0.0000,604,1000,1000,1,977.1748
24930.0000,2493,2399.6060,0.0000,609,1000,1000,1,977.1839
24940.0000,2494,2399.6891,0.0000,610,1000,1000,1,977.1931
24950.0000,2495,2399.7726,0.0000,605,1000,1000,1,977.2022
24960.0000,2496,2399.8536,0.0000,599,1000,1000,1,977.2113
24970.0000,2497,2399.9357,0.0000,611,1000,1000,1,977.2205
24980.0000,2498,2400.0201,0.0000,610,1000,1000,1,977.2296
24990.0000,2499,2400.1033,0.0000,606,1000,1000,1,977.2387
25000.0000,2500,2400.1863,0.0000,605,1000,1000,1,977.2478
25010.0000,2501,2400.2672,0.0000,602,1000,1000,1,977.2569
25020.0000,2502,2400.3490,0.0000,604,1000,1000,1,977.2660
25030.0000,2503,2400.4299,0.0000,605,1000,1000,1,977.2751
25040.0000,2504,2400.5117,0.0000,607,1000,1000,1,977.2842
25050.0000,2505,2400.5947,0.0000,610,1000,1000,1,977.2932
25060.0000,2506,2400.6782,0.0000,609,1000,1000,1,977.3023
25070.0000,2507,2400.7615,0.0000,604,1000,1000,1,977.3113
25080.0000,2508,2400.8424,0.0000,603,1000,1000,1,977.3204
25090.0000,2509,2400.9238,0.0000,606,1000,1000,1,977.3294
25100.0000,2510,2401.0050,0.0000,600,1000,1000,1,977.3385
25110.0000,2511,2401.0851,0.0000,601,1000,1000,1,977.3475
25120.0000,2512,2401.1642,0.0000,596,1000,1000,1,977.3565
25130.0000,2513,2401.2399,0.0000,586,1000,1000,1,977.3655
25140.0000,2514,2401.3119,0.0000,582,1000,1000,1,977.3745
25150.0000,2515,2401.3824,0.0000,574,1000,1000,1,977.3835
25160.0000,2516,2401.4492,0.0000,567,1000,1000,1,977.3925
25170.0000,2517,2401.5138,0.0000,561,1000,1000,1,977.4015
25180.0000,2518,2401.5775,0.0000,565,1000,1000,1,977.4105
25190.0000,2519,2401.6424,0.0000,563,1000,1000,1,977.4194
25200.0000,2520,2401.7071,0.0000,567,1000,1000,1,977.4284
25210.0000,2521,2401.7730,0.0000,566,1000,1000,1,977.4373
25220.0000,2522,2401.8378,0.0000,564,1000,1000,1,977.4463
25230.0000,2523,2401.9017,0.0000,565,1000,1000,1,977.4552
25240.0000,2524,2401.9652,0.0000,563,1000,1000,1,977.4642
25250.0000,2525,2402.0294,0.0000,565,1000,1000,1,977.4731
25260.0000,2526,2402.0944,0.0000,564,1000,1000,1,977.4820
25270.0000,2527,2402.1566,0.0000,556,1000,1000,1,977.4909
25280.0000,2528,2402.2186,0.0000,560,1000,1000,1,977.4998
25290.0000,2529,2402.2801,0.0000,558,1000,1000,1,977.5087
25300.0000,2530,2402.3433,0.0000,567,1000,1000,1,977.5176
25310.0000,2531,2402.4079,0.0000,570,1000,1000,1,977.5265
25320.0000,2532,2402.4727,0.0000,564,1000,1000,1,977.5354
25330.0000,2533,2402.5369,0.0000,567,1000,1000,1,977.5442
25340.0000,2534,2402.6016,0.0000,566,1000,1000,1,977.5531
25350.0000,2535,2402.6644,0.0000,557,1000,1000,1,977.5619
25360.0000,2536,2402.7253,0.0000,557,1000,1000,1,977.5708
25370.0000,2537,2402.7847,0.0000,550,1000,1000,1,977.5796
25380.0000,2538,2402.8403,0.0000,538,1000,1000,1,977.5885
25390.0000,2539,2402.8945,0.0000,538,1000,1000,1,977.5973
25400.0000,2540,2402.9460,0.0000,530,1000,1000,1,977.6061
25410.0000,2541,2402.9966,0.0000,530,1000,1000,1,977.6149
25420.0000,2542,2403.0466,0.0000,530,1000,1000,1,977.6237
25430.0000,2543,2403.0949,0.0000,522,1000,1000,1,977.6325
25440.0000,2544,2403.1426,0.0000,527,1000,1000,1,977.6413
25450.0000,2545,2403.1892,0.0000,520,1000,1000,1,977.6501
25460.0000,2546,2403.2349,0.0000,520,1000,1000,1,977.6589
25470.0000,2547,2403.2811,0.0000,523,1000,1000,1,977.6677
25480.0000,2548,2403.3283,0.0000,525,1000,1000,1,977.6764
25490.0000,2549,2403.3761,0.0000,528,1000,1000,1,977.6852
25500.0000,2550,2403.4257,0.0000,529,1000,1000,1,977.6939
25510.0000,2551,2403.4763,0.0000,535,1000,1000,1,977.7027
25520.0000,2552,2403.5285,0.0000,538,1000,1000,1,977.7114
25530.0000,2553,2403.5800,0.0000,530,1000,1000,1,977.7201
25540.0000,2554,2403.6303,0.0000,531,1000,1000,1,977.7289
25550.0000,2555,2403.6811,0.0000,537,1000,1000,1,977.7376
25560.0000,2556,2403.7321,0.0000,533,1000,1000,1,977.7463
25570.0000,2557,2403.7809,0.0000,524,1000,1000,1,977.7550
25580.0000,2558,2403.8262,0.0000,514,1000,1000,1,977.7637
25590.0000,2559,2403.8677,0.0000,508,1000,1000,1,977.7724
25600.0000,2560,2403.9080,0.0000,506,1000,1000,1,977.7811
25610.0000,2561,2403.9487,0.0000,512,1000,1000,1,977.7897
25620.0000,2562,2403.9910,0.0000,511,1000,1000,1,977.7984
25630.0000,2563,2404.0347,0.0000,516,1000,1000,1,977.8071
25640.0000,2564,2404.0786,0.0000,513,1000,1000,1,977.8157
25650.0000,2565,2404.1216,0.0000,518,1000,1000,1,977.8244
25660.0000,2566,2404.1659,0.0000,521,1000,1000,1,977.8330
25670.0000,2567,2404.2106,0.0000,518,1000,1000,1,977.8417
25680.0000,2568,2404.2556,0.0000,517,1000,1000,1,977.8503
25690.0000,2569,2404.2999,0.0000,518,1000,1000,1,977.8589
25700.0000,2570,2404.3443,0.0000,519,1000,1000,1,977.8675
25710.0000,2571,2404.3890,0.0000,518,1000,1000,1,977.8761
25720.0000,2572,2404.4349,0.0000,520,1000,1000,1,977.8847
25730.0000,2573,2404.4787,0.0000,518,1000,1000,1,977.8933
25740.0000,2574,2404.5221,0.0000,517,1000,1000,1,977.9019
25750.0000,2575,2404.5665,0.0000,524,1000,1000,1,977.9105
25760.0000,2576,2404.6137,0.0000,525,1000,1000,1,977.9191
25770.0000,2577,2404.6616,0.0000,530,1000,1000,1,977.9276
25780.0000,2578,2404.7094,0.0000,529,1000,1000,1,977.9362
25790.0000,2579,2404.7574,0.0000,530,1000,1000,1,977.9448
25800.0000,2580,2404.8048,0.0000,525,1000,1000,1,977.9533
25810.0000,2581,2404.8526,0.0000,531,1000,1000,1,977.9618
25820.0000,2582,2404.9006,0.0000,529,1000,1000,1,977.9704
25830.0000,2583,2404.9492,0.0000,534,1000,1000,1,977.9789
25840.0000,2584,2404.9993,0.0000,536,1000,1000,1,977.9874
25850.0000,2585,2405.0492,0.0000,535,1000,1000,1,977.9959
25860.0000,2586,2405.0985,0.0000,533,1000,1000,1,978.0045
25870.0000,2587,2405.1472,0.0000,529,1000,1000,1,978.0130
25880.0000,2588,2405.1945,0.0000,532,1000,1000,1,978.0215
25890.0000,2589,2405.2429,0.0000,530,1000,1000,1,978.0299
25900.0000,2590,2405.2915,0.0000,529,1000,1000,1,978.0384
25910.0000,2591,2405.3382,0.0000,526,1000,1000,1,978.0469
25920.0000,2592,2405.3851,0.0000,527,1000,1000,1,978.0554
25930.0000,2593,2405.4339,0.0000,531,1000,1000,1,978.0638
25940.0000,2594,2405.4789,0.0000,515,1000,1000,1,978.0723
25950.0000,2595,2405.5201,0.0000,510,1000,1000,1,978.0807
25960.0000,2596,2405.5591,0.0000,506,1000,1000,1,978.0892
25970.0000,2597,2405.5976,0.0000,502,1000,1000,1,978.0976
25980.0000,2598,2405.6339,0.0000,501,1000,1000,1,978.1061
25990.0000,2599,2405.6707,0.0000,500,1000,1000,1,978.1145
26000.0000,2600,2405.7055,0.0000,496,1000,1000,1,978.1229
26010.0000,2601,2405.7393,0.0000,490,1000,1000,1,978.1313
26020.0000,2602,2405.7702,0.0000,485,1000,1000,1,978.1397
26030.0000,2603,2405.8001,0.0000,485,1000,1000,1,978.1481
26040.0000,2604,2405.8304,0.0000,481,1000,1000,1,978.1565
26050.0000,2605,2405.8583,0.0000,478,1000,1000,1,978.1649
26060.0000,2606,2405.8855,0.0000,476,1000,1000,1,978.1733
26070.0000,2607,2405.9126,0.0000,477,1000,1000,1,978.1816
26080.0000,2608,2405.9394,0.0000,478,1000,1000,1,978.1900
26090.0000,2609,2405.9666,0.0000,475,1000,1000,1,978.1984
26100.0000,2610,2405.9940,0.0000,478,1000,1000,1,978.2067
26110.0000,2611,2406.0214,0.0000,479,1000,1000,1,978.2151
26120.0000,2612,2406.0494,0.0000,481,1000,1000,1,978.2234
26130.0000,2613,2406.0771,0.0000,475,1000,1000,1,978.2317
26140.0000,2614,2406.1051,0.0000,480,1000,1000,1,978.2401
26150.0000,2615,2406.1331,0.0000,478,1000,1000,1,978.2484
26160.0000,2616,2406.1626,0.0000,489,1000,1000,1,978.2567
26170.0000,2617,2406.1924,0.0000,482,1000,1000,1,978.2650
26180.0000,2618,2406.2211,0.0000,482,1000,1000,1,978.2733
26190.0000,2619,2406.2496,0.0000,479,1000,1000,1,978.2816
26200.0000,2620,2406.2767,0.0000,474,1000,1000,1,978.2899
26210.0000,2621,2406.3025,0.0000,472,1000,1000,1,978.2982
26220.0000,2622,2406.3260,0.0000,462,1000,1000,1,978.3065
26230.0000,2623,2406.3472,0.0000,464,1000,1000,1,978.3147
26240.0000,2624,2406.3696,0.0000,462,1000,1000,1,978.3230
26250.0000,2625,2406.3904,0.0000,462,1000,1000,1,978.3312
26260.0000,2626,2406.4104,0.0000,456,1000,1000,1,978.3395
26270.0000,2627,2406.4283,0.0000,450,1000,1000,1,978.3477
26280.0000,2628,2406.4436,0.0000,447,1000,1000,1,978.3560
26290.0000,2629,2406.4603,0.0000,451,1000,1000,1,978.3642
26300.0000,2630,2406.4766,0.0000,447,1000,1000,1,978.3724
26310.0000,2631,2406.4923,0.0000,450,1000,1000,1,978.3807
26320.0000,2632,2406.5081,0.0000,447,1000,1000,1,978.3889
26330.0000,2633,2406.5225,0.0000,446,1000,1000,1,978.3971
26340.0000,2634,2406.5358,0.0000,440,1000,1000,1,978.4053
26350.0000,2635,2406.5492,0.0000,442,1000,1000,1,978.4135
26360.0000,2636,2406.5630,0.0000,444,1000,1000,1,978.4217
26370.0000,2637,2406.5774,0.0000,442,1000,1000,1,978.4299
26380.0000,2638,2406.5910,0.0000,443,1000,1000,1,978.4380
26390.0000,2639,2406.6054,0.0000,443,1000,1000,1,978.4462
26400.0000,2640,2406.6192,0.0000,444,1000,1000,1,978.4544
26410.0000,2641,2406.6332,0.0000,446,1000,1000,1,978.4625
26420.0000,2642,2406.6471,0.0000,440,1000,1000,1,978.4707
26430.0000,2643,2406.6595,0.0000,439,1000,1000,1,978.4788
26440.0000,2644,2406.6720,0.0000,437,1000,1000,1,978.4870
26450.0000,2645,2406.6842,0.0000,439,1000,1000,1,978.4951
26460.0000,2646,2406.6944,0.0000,432,1000,1000,1,978.5032
26470.0000,2647,2406.7018,0.0000,422,1000,1000,1,978.5113
26480.0000,2648,2406.7068,0.0000,418,1000,1000,1,978.5195
26490.0000,2649,2406.7126,0.0000,424,1000,1000,1,978.5276
26500.0000,2650,2406.7196,0.0000,424,1000,1000,1,978.5357
26510.0000,2651,2406.7241,0.0000,415,1000,1000,1,978.5438
26520.0000,2652,2406.7281,0.0000,420,1000,1000,1,978.5519
26530.0000,2653,2406.7317,0.0000,410,1000,1000,1,978.5599
26540.0000,2654,2406.7323,0.0000,401,1000,1000,1,978.5680
26550.0000,2655,2406.7311,0.0000,401,1000,1000,1,978.5761
26560.0000,2656,2406.7280,0.0000,397,1000,1000,1,978.5842
26570.0000,2657,2406.7249,0.0000,399,1000,1000,1,978.5922
26580.0000,2658,2406.7212,0.0000,400,1000,1000,1,978.6003
26590.0000,2659,2406.7186,0.0000,400,1000,1000,1,978.6083
26600.0000,2660,2406.7157,0.0000,399,1000,1000,1,978.6164
26610.0000,2661,2406.7133,0.0000,399,1000,1000,1,978.6244
26620.0000,2662,2406.7115,0.0000,405,1000,1000,1,978.6324
26630.0000,2663,2406.7105,0.0000,404,1000,1000,1,978.6405
26640.0000,2664,2406.7089,0.0000,405,1000,1000,1,978.6485
26650.0000,2665,2406.7088,0.0000,409,1000,1000,1,978.6565
26660.0000,2666,2406.7111,0.0000,419,1000,1000,1,978.6645
26670.0000,2667,2406.7148,0.0000,417,1000,1000,1,978.6725
26680.0000,2668,2406.7188,0.0000,420,1000,1000,1,978.6805
26690.0000,2669,2406.7227,0.0000,417,1000,1000,1,978.6885
26700.0000,2670,2406.7263,0.0000,416,1000,1000,1,978.6965
26710.0000,2671,2406.7296,0.0000,413,1000,1000,1,978.7044
26720.0000,2672,2406.7322,0.0000,415,1000,1000,1,978.7124
26730.0000,2673,2406.7359,0.0000,415,1000,1000,1,978.7204
26740.0000,2674,2406.7384,0.0000,408,1000,1000,1,978.7283
26750.0000,2675,2406.7390,0.0000,408,1000,1000,1,978.7363
26760.0000,2676,2406.7393,0.0000,405,1000,1000,1,978.7442
26770.0000,2677,2406.7368,0.0000,398,1000,1000,1,978.7522
26780.0000,2678,2406.7342,0.0000,397,1000,1000,1,978.7601
26790.0000,2679,2406.7295,0.0000,390,1000,1000,1,978.7680
26800.0000,2680,2406.7218,0.0000,384,1000,1000,1,978.7759
26810.0000,2681,2406.7137,0.0000,389,1000,1000,1,978.7839
26820.0000,2682,2406.7063,0.0000,386,1000,1000,1,978.7918
26830.0000,2683,2406.6987,0.0000,389,1000,1000,1,978.7997
26840.0000,2684,2406.6911,0.0000,385,1000,1000,1,978.8076
26850.0000,2685,2406.6816,0.0000,379,1000,1000,1,978.8155
26860.0000,2686,2406.6704,0.0000,375,1000,1000,1,978.8234
26870.0000,2687,2406.6567,0.0000,371,1000,1000,1,978.8312
26880.0000,2688,2406.6426,0.0000,369,1000,1000,1,978.8391
26890.0000,2689,2406.6283,0.0000,370,1000,1000,1,978.8470
26900.0000,2690,2406.6136,0.0000,364,1000,1000,1,978.8548
26910.0000,2691,2406.5968,0.0000,358,1000,1000,1,978.8627
26920.0000,2692,2406.5794,0.0000,366,1000,1000,1,978.8706
26930.0000,2693,2406.5652,0.0000,371,1000,1000,1,978.8784
26940.0000,2694,2406.5527,0.0000,376,1000,1000,1,978.8862
26950.0000,2695,2406.5414,0.0000,375,1000,1000,1,978.8941
26960.0000,2696,2406.5302,0.0000,375,1000,1000,1,978.9019
26970.0000,2697,2406.5196,0.0000,379,1000,1000,1,978.9097
26980.0000,2698,2406.5086,0.0000,376,1000,1000,1,978.9175
26990.0000,2699,2406.4986,0.0000,384,1000,1000,1,978.9254
27000.0000,2700,2406.4903,0.0000,386,1000,1000,1,978.9332
27010.0000,2701,2406.4831,0.0000,386,1000,1000,1,978.9410
27020.0000,2702,2406.4746,0.0000,378,1000,1000,1,978.9488
27030.0000,2703,2406.4643,0.0000,376,1000,1000,1,978.9565
27040.0000,2704,2406.4528,0.0000,378,1000,1000,1,978.9643
27050.0000,2705,2406.4418,0.0000,377,1000,1000,1,978.9721
27060.0000,2706,2406.4322,0.0000,381,1000,1000,1,978.9799
27070.0000,2707,2406.4212,0.0000,371,1000,1000,1,978.9876
27080.0000,2708,2406.4090,0.0000,373,1000,1000,1,978.9954
27090.0000,2709,2406.3939,0.0000,361,1000,1000,1,979.0031
27100.0000,2710,2406.3767,0.0000,357,1000,1000,1,979.0109
27110.0000,2711,2406.3576,0.0000,354,1000,1000,1,979.0186
27120.0000,2712,2406.3382,0.0000,352,1000,1000,1,979.0264
27130.0000,2713,2406.3189,0.0000,352,1000,1000,1,979.0341
27140.0000,2714,2406.2979,0.0000,346,1000,1000,1,979.0418
27150.0000,2715,2406.2769,0.0000,351,1000,1000,1,979.0495
27160.0000,2716,2406.2564,0.0000,349,1000,1000,1,979.0573
27170.0000,2717,2406.2340,0.0000,345,1000,1000,1,979.0650
27180.0000,2718,2406.2107,0.0000,342,1000,1000,1,979.0727
27190.0000,2719,2406.1869,0.0000,340,1000,1000,1,979.0804
27200.0000,2720,2406.1635,0.0000,344,1000,1000,1,979.0881
27210.0000,2721,2406.1400,0.0000,341,1000,1000,1,979.0957
27220.0000,2722,2406.1158,0.0000,341,1000,1000,1,979.1034
27230.0000,2723,2406.0916,0.0000,342,1000,1000,1,979.1111
27240.0000,2724,2406.0685,0.0000,344,1000,1000,1,979.1188
27250.0000,2725,2406.0461,0.0000,347,1000,1000,1,979.1264
27260.0000,2726,2406.0253,0.0000,352,1000,1000,1,979.1341
27270.0000,2727,2406.0049,0.0000,352,1000,1000,1,979.1417
27280.0000,2728,2405.9835,0.0000,343,1000,1000,1,979.1494
27290.0000,2729,2405.9587,0.0000,335,1000,1000,1,979.1570
27300.0000,2730,2405.9324,0.0000,333,1000,1000,1,979.1647
27310.0000,2731,2405.9053,0.0000,331,1000,1000,1,979.1723
27320.0000,2732,2405.8788,0.0000,336,1000,1000,1,979.1799
27330.0000,2733,2405.8542,0.0000,339,1000,1000,1,979.1875
27340.0000,2734,2405.8299,0.0000,342,1000,1000,1,979.1951
27350.0000,2735,2405.8076,0.0000,346,1000,1000,1,979.2028
27360.0000,2736,2405.7847,0.0000,340,1000,1000,1,979.2104
27370.0000,2737,2405.7607,0.0000,337,1000,1000,1,979.2179
27380.0000,2738,2405.7345,0.0000,334,1000,1000,1,979.2255
27390.0000,2739,2405.7070,0.0000,326,1000,1000,1,979.2331
27400.0000,2740,2405.6766,0.0000,323,1000,1000,1,979.2407
27410.0000,2741,2405.6463,0.0000,321,1000,1000,1,979.2483
27420.0000,2742,2405.6160,0.0000,323,1000,1000,1,979.2558
27430.0000,2743,2405.5851,0.0000,319,1000,1000,1,979.2634
27440.0000,2744,2405.5522,0.0000,313,1000,1000,1,979.2710
27450.0000,2745,2405.5187,0.0000,311,1000,1000,1,979.2785
27460.0000,2746,2405.4829,0.0000,307,1000,1000,1,979.2861
27470.0000,2747,2405.4449,0.0000,296,1000,1000,1,979.2936
27480.0000,2748,2405.4047,0.0000,292,1000,1000,1,979.3011
27490.0000,2749,2405.3632,0.0000,293,1000,1000,1,979.3087
27500.0000,2750,2405.3219,0.0000,291,1000,1000,1,979.3162
27510.0000,2751,2405.2797,0.0000,290,1000,1000,1,979.3237
27520.0000,2752,2405.2387,0.0000,291,1000,1000,1,979.3312
27530.0000,2753,2405.1984,0.0000,292,1000,1000,1,979.3387
27540.0000,2754,2405.1581,0.0000,293,1000,1000,1,979.3462
27550.0000,2755,2405.1186,0.0000,299,1000,1000,1,979.3537
27560.0000,2756,2405.0805,0.0000,296,1000,1000,1,979.3612
27570.0000,2757,2405.0407,0.0000,295,1000,1000,1,979.3687
27580.0000,2758,2405.0003,0.0000,293,1000,1000,1,979.3762
27590.0000,2759,2404.9597,0.0000,294,1000,1000,1,979.3837
27600.0000,2760,2404.9192,0.0000,293,1000,1000,1,979.3911
27610.0000,2761,2404.8799,0.0000,295,1000,1000,1,979.3986
27620.0000,2762,2404.8399,0.0000,295,1000,1000,1,979.4061
27630.0000,2763,2404.7990,0.0000,291,1000,1000,1,979.4135
27640.0000,2764,2404.7573,0.0000,287,1000,1000,1,979.4210
27650.0000,2765,2404.7143,0.0000,286,1000,1000,1,979.4284
27660.0000,2766,2404.6728,0.0000,291,1000,1000,1,979.4358
27670.0000,2767,2404.6317,0.0000,294,1000,1000,1,979.4433
27680.0000,2768,2404.5913,0.0000,291,1000,1000,1,979.4507
27690.0000,2769,2404.5505,0.0000,293,1000,1000,1,979.4581
27700.0000,2770,2404.5096,0.0000,290,1000,1000,1,979.4655
27710.0000,2771,2404.4664,0.0000,279,1000,1000,1,979.4729
27720.0000,2772,2404.4210,0.0000,279,1000,1000,1,979.4803
27730.0000,2773,2404.3750,0.0000,277,1000,1000,1,979.4877
27740.0000,2774,2404.3300,0.0000,277,1000,1000,1,979.4951
27750.0000,2775,2404.2849,0.0000,280,1000,1000,1,979.5025
27760.0000,2776,2404.2414,0.0000,287,1000,1000,1,979.5099
27770.0000,2777,2404.1986,0.0000,283,1000,1000,1,979.5173
27780.0000,2778,2404.1541,0.0000,273,1000,1000,1,979.5247
27790.0000,2779,2404.1083,0.0000,277,1000,1000,1,979.5320
27800.0000,2780,2404.0634,0.0000,278,1000,1000,1,979.5394
27810.0000,2781,2404.0169,0.0000,274,1000,1000,1,979.5468
27820.0000,2782,2403.9690,0.0000,270,1000,1000,1,979.5541
27830.0000,2783,2403.9215,0.0000,273,1000,1000,1,979.5615
27840.0000,2784,2403.8731,0.0000,269,1000,1000,1,979.5688
27850.0000,2785,2403.8228,0.0000,259,1000,1000,1,979.5761
27860.0000,2786,2403.7716,0.0000,261,1000,1000,1,979.5835
27870.0000,2787,2403.7182,0.0000,255,1000,1000,1,979.5908
27880.0000,2788,2403.6651,0.0000,257,1000,1000,1,979.5981
27890.0000,2789,2403.6118,0.0000,250,1000,1000,1,979.6054
27900.0000,2790,2403.5564,0.0000,247,1000,1000,1,979.6127
27910.0000,2791,2403.5019,0.0000,254,1000,1000,1,979.6200
27920.0000,2792,2403.4476,0.0000,249,1000,1000,1,979.6273
27930.0000,2793,2403.3926,0.0000,248,1000,1000,1,979.6346
27940.0000,2794,2403.3365,0.0000,247,1000,1000,1,979.6419
27950.0000,2795,2403.2804,0.0000,244,1000,1000,1,979.6492
27960.0000,2796,2403.2228,0.0000,242,1000,1000,1,979.6565
27970.0000,2797,2403.1650,0.0000,240,1000,1000,1,979.6638
27980.0000,2798,2403.1064,0.0000,241,1000,1000,1,979.6710
27990.0000,2799,2403.0478,0.0000,235,1000,1000,1,979.6783
28000.0000,2800,2402.9872,0.0000,229,1000,1000,1,979.6855
28010.0000,2801,2402.9256,0.0000,233,1000,1000,1,979.6928
28020.0000,2802,2402.8655,0.0000,238,1000,1000,1,979.7000
28030.0000,2803,2402.8069,0.0000,240,1000,1000,1,979.7073
28040.0000,2804,2402.7482,0.0000,235,1000,1000,1,979.7145
28050.0000,2805,2402.6878,0.0000,235,1000,1000,1,979.7218
28060.0000,2806,2402.6268,0.0000,227,1000,1000,1,979.7290
28070.0000,2807,2402.5649,0.0000,231,1000,1000,1,979.7362
28080.0000,2808,2402.5035,0.0000,229,1000,1000,1,979.7434
28090.0000,2809,2402.4411,0.0000,225,1000,1000,1,979.7506
28100.0000,2810,2402.3763,0.0000,217,1000,1000,1,979.7578
28110.0000,2811,2402.3104,0.0000,215,1000,1000,1,979.7650
28120.0000,2812,2402.2435,0.0000,211,1000,1000,1,979.7722
28130.0000,2813,2402.1754,0.0000,211,1000,1000,1,979.7794
28140.0000,2814,2402.1067,0.0000,210,1000,1000,1,979.7866
28150.0000,2815,2402.0400,0.0000,216,1000,1000,1,979.7938
28160.0000,2816,2401.9737,0.0000,212,1000,1000,1,979.8010
28170.0000,2817,2401.9055,0.0000,206,1000,1000,1,979.8081
28180.0000,2818,2401.8353,0.0000,204,1000,1000,1,979.8153
28190.0000,2819,2401.7648,0.0000,201,1000,1000,1,979.8225
28200.0000,2820,2401.6943,0.0000,203,1000,1000,1,979.8296
28210.0000,2821,2401.6259,0.0000,215,1000,1000,1,979.8368
28220.0000,2822,2401.5588,0.0000,210,1000,1000,1,979.8439
28230.0000,2823,2401.4909,0.0000,206,1000,1000,1,979.8511
28240.0000,2824,2401.4214,0.0000,205,1000,1000,1,979.8582
28250.0000,2825,2401.3511,0.0000,198,1000,1000,1,979.8653
28260.0000,2826,2401.2796,0.0000,201,1000,1000,1,979.8724
28270.0000,2827,2401.2086,0.0000,204,1000,1000,1,979.8796
28280.0000,2828,2401.1383,0.0000,200,1000,1000,1,979.8867
28290.0000,2829,2401.0672,0.0000,200,1000,1000,1,979.8938
28300.0000,2830,2400.9955,0.0000,198,1000,1000,1,979.9009
28310.0000,2831,2400.9213,0.0000,187,1000,1000,1,979.9080
28320.0000,2832,2400.8453,0.0000,179,1000,1000,1,979.9151
28330.0000,2833,2400.7678,0.0000,179,1000,1000,1,979.9222
28340.0000,2834,2400.6901,0.0000,185,1000,1000,1,979.9293
28350.0000,2835,2400.6146,0.0000,188,1000,1000,1,979.9363
28360.0000,2836,2400.5392,0.0000,187,1000,1000,1,979.9434
28370.0000,2837,2400.4644,0.0000,189,1000,1000,1,979.9505
28380.0000,2838,2400.3908,0.0000,193,1000,1000,1,979.9575
28390.0000,2839,2400.3181,0.0000,189,1000,1000,1,979.9646
28400.0000,2840,2400.2427,0.0000,184,1000,1000,1,979.9717
28410.0000,2841,2400.1665,0.0000,180,1000,1000,1,979.9787
28420.0000,2842,2400.0893,0.0000,184,1000,1000,1,979.9858
28430.0000,2843,2400.0131,0.0000,182,1000,1000,1,979.9928
28440.0000,2844,2399.9355,0.0000,176,1000,1000,1,979.9998
28450.0000,2845,2399.8554,0.0000,166,1000,1000,1,980.0069
28460.0000,2846,2399.7724,0.0000,159,1000,1000,1,980.0139
28470.0000,2847,2399.6883,0.0000,162,1000,1000,1,980.0209
28480.0000,2848,2399.6055,0.0000,167,1000,1000,1,980.0279
28490.0000,2849,2399.5242,0.0000,172,1000,1000,1,980.0349
28500.0000,2850,2399.4451,0.0000,175,1000,1000,1,980.0419
28510.0000,2851,2399.3660,0.0000,177,1000,1000,1,980.0489
28520.0000,2852,2399.2887,0.0000,179,1000,1000,1,980.0559
28530.0000,2853,2399.2117,0.0000,186,1000,1000,1,980.0629
28540.0000,2854,2399.1365,0.0000,182,1000,1000,1,980.0699
28550.0000,2855,2399.0613,0.0000,184,1000,1000,1,980.0769
28560.0000,2856,2398.9856,0.0000,182,1000,1000,1,980.0839
28570.0000,2857,2398.9105,0.0000,184,1000,1000,1,980.0908
28580.0000,2858,2398.8352,0.0000,185,1000,1000,1,980.0978
28590.0000,2859,2398.7592,0.0000,181,1000,1000,1,980.1048
28600.0000,2860,2398.6829,0.0000,179,1000,1000,1,980.1117
28610.0000,2861,2398.6063,0.0000,183,1000,1000,1,980.1187
28620.0000,2862,2398.5307,0.0000,183,1000,1000,1,980.1256
28630.0000,2863,2398.4558,0.0000,181,1000,1000,1,980.1326
28640.0000,2864,2398.3793,0.0000,178,1000,1000,1,980.1395
28650.0000,2865,2398.3016,0.0000,174,1000,1000,1,980.1464
28660.0000,2866,2398.2221,0.0000,170,1000,1000,1,980.1534
28670.0000,2867,2398.1407,0.0000,159,1000,1000,1,980.1603
28680.0000,2868,2398.0575,0.0000,157,1000,1000,1,980.1672
28690.0000,2869,2397.9727,0.0000,149,1000,1000,1,980.1741
28700.0000,2870,2397.8860,0.0000,149,1000,1000,1,980.1810
28710.0000,2871,2397.7986,0.0000,147,1000,1000,1,980.1879
28720.0000,2872,2397.7123,0.0000,152,1000,1000,1,980.1948
28730.0000,2873,2397.6283,0.0000,162,1000,1000,1,980.2017
28740.0000,2874,2397.5465,0.0000,163,1000,1000,1,980.2086
28750.0000,2875,2397.4659,0.0000,167,1000,1000,1,980.2155
28760.0000,2876,2397.3854,0.0000,166,1000,1000,1,980.2224
28770.0000,2877,2397.3038,0.0000,164,1000,1000,1,980.2292
28780.0000,2878,2397.2191,0.0000,152,1000,1000,1,980.2361
28790.0000,2879,2397.1353,0.0000,159,1000,1000,1,980.2430
28800.0000,2880,2397.0524,0.0000,158,1000,1000,1,980.2498
28810.0000,2881,2396.9691,0.0000,155,1000,1000,1,980.2567
28820.0000,2882,2396.8850,0.0000,155,1000,1000,1,980.2635
28830.0000,2883,2396.8014,0.0000,157,1000,1000,1,980.2704
28840.0000,2884,2396.7178,0.0000,154,1000,1000,1,980.2772
28850.0000,2885,2396.6333,0.0000,152,1000,1000,1,980.2841
28860.0000,2886,2396.5498,0.0000,158,1000,1000,1,980.2909
28870.0000,2887,2396.4675,0.0000,160,1000,1000,1,980.2977
28880.0000,2888,2396.3870,0.0000,167,1000,1000,1,980.3045
28890.0000,2889,2396.3075,0.0000,167,1000,1000,1,980.3114
28900.0000,2890,2396.2280,0.0000,167,1000,1000,1,980.3182
28910.0000,2891,2396.1471,0.0000,160,1000,1000,1,980.3250
28920.0000,2892,2396.0651,0.0000,157,1000,1000,1,980.3318
28930.0000,2893,2395.9819,0.0000,155,1000,1000,1,980.3386
28940.0000,2894,2395.8997,0.0000,158,1000,1000,1,980.3454
28950.0000,2895,2395.8158,0.0000,151,1000,1000,1,980.3522
28960.0000,2896,2395.7320,0.0000,155,1000,1000,1,980.3590
28970.0000,2897,2395.6485,0.0000,153,1000,1000,1,980.3657
28980.0000,2898,2395.5632,0.0000,145,1000,1000,1,980.3725
28990.0000,2899,2395.4759,0.0000,143,1000,1000,1,980.3793
29000.0000,2900,2395.3892,0.0000,143,1000,1000,1,980.3860
29010.0000,2901,2395.3021,0.0000,142,1000,1000,1,980.3928
29020.0000,2902,2395.2148,0.0000,142,1000,1000,1,980.3996
29030.0000,2903,2395.1290,0.0000,150,1000,1000,1,980.4063
29040.0000,2904,2395.0465,0.0000,157,1000,1000,1,980.4131
29050.0000,2905,2394.9643,0.0000,156,1000,1000,1,980.4198
29060.0000,2906,2394.8826,0.0000,158,1000,1000,1,980.4265
29070.0000,2907,2394.8015,0.0000,158,1000,1000,1,980.4333
29080.0000,2908,2394.7204,0.0000,161,1000,1000,1,980.4400
29090.0000,2909,2394.6410,0.0000,166,1000,1000,1,980.4467
29100.0000,2910,2394.5628,0.0000,167,1000,1000,1,980.4534
29110.0000,2911,2394.4852,0.0000,166,1000,1000,1,980.4602
29120.0000,2912,2394.4065,0.0000,164,1000,1000,1,980.4669
29130.0000,2913,2394.3269,0.0000,160,1000,1000,1,980.4736
29140.0000,2914,2394.2466,0.0000,157,1000,1000,1,980.4803
29150.0000,2915,2394.1655,0.0000,158,1000,1000,1,980.4870
29160.0000,2916,2394.0846,0.0000,159,1000,1000,1,980.4937
29170.0000,2917,2394.0039,0.0000,156,1000,1000,1,980.5004
29180.0000,2918,2393.9215,0.0000,151,1000,1000,1,980.5070
29190.0000,2919,2393.8391,0.0000,156,1000,1000,1,980.5137
29200.0000,2920,2393.7579,0.0000,156,1000,1000,1,980.5204
29210.0000,2921,2393.6773,0.0000,158,1000,1000,1,980.5271
29220.0000,2922,2393.5971,0.0000,161,1000,1000,1,980.5337
29230.0000,2923,2393.5167,0.0000,156,1000,1000,1,980.5404
29240.0000,2924,2393.4353,0.0000,155,1000,1000,1,980.5470
29250.0000,2925,2393.3548,0.0000,159,1000,1000,1,980.5537
29260.0000,2926,2393.2741,0.0000,157,1000,1000,1,980.5603
29270.0000,2927,2393.1934,0.0000,159,1000,1000,1,980.5670
29280.0000,2928,2393.1133,0.0000,159,1000,1000,1,980.5736
29290.0000,2929,2393.0343,0.0000,162,1000,1000,1,980.5802
29300.0000,2930,2392.9547,0.0000,154,1000,1000,1,980.5869
29310.0000,2931,2392.8713,0.0000,146,1000,1000,1,980.5935
29320.0000,2932,2392.7875,0.0000,145,1000,1000,1,980.6001
29330.0000,2933,2392.7023,0.0000,142,1000,1000,1,980.6067
29340.0000,2934,2392.6153,0.0000,132,1000,1000,1,980.6133
29350.0000,2935,2392.5265,0.0000,129,1000,1000,1,980.6199
29360.0000,2936,2392.4361,0.0000,125,1000,1000,1,980.6265
29370.0000,2937,2392.3462,0.0000,129,1000,1000,1,980.6331
29380.0000,2938,2392.2564,0.0000,129,1000,1000,1,980.6397
29390.0000,2939,2392.1652,0.0000,119,1000,1000,1,980.6463
29400.0000,2940,2392.0707,0.0000,115,1000,1000,1,980.6529
29410.0000,2941,2391.9780,0.0000,124,1000,1000,1,980.6595
29420.0000,2942,2391.8861,0.0000,120,1000,1000,1,980.6661
29430.0000,2943,2391.7938,0.0000,124,1000,1000,1,980.6726
29440.0000,2944,2391.7025,0.0000,123,1000,1000,1,980.6792
29450.0000,2945,2391.6109,0.0000,121,1000,1000,1,980.6857
29460.0000,2946,2391.5187,0.0000,119,1000,1000,1,980.6923
29470.0000,2947,2391.4263,0.0000,121,1000,1000,1,980.6989
29480.0000,2948,2391.3339,0.0000,111,1000,1000,1,980.7054
29490.0000,2949,2391.2387,0.0000,112,1000,1000,1,980.7119
29500.0000,2950,2391.1435,0.0000,107,1000,1000,1,980.7185
29510.0000,2951,2391.0498,0.0000,116,1000,1000,1,980.7250
29520.0000,2952,2390.9574,0.0000,122,1000,1000,1,980.7315
29530.0000,2953,2390.8664,0.0000,123,1000,1000,1,980.7381
29540.0000,2954,2390.7777,0.0000,133,1000,1000,1,980.7446
29550.0000,2955,2390.6902,0.0000,132,1000,1000,1,980.7511
29560.0000,2956,2390.6014,0.0000,130,1000,1000,1,980.7576
29570.0000,2957,2390.5136,0.0000,130,1000,1000,1,980.7641
29580.0000,2958,2390.4238,0.0000,124,1000,1000,1,980.7706
29590.0000,2959,2390.3333,0.0000,123,1000,1000,1,980.7771
29600.0000,2960,2390.2435,0.0000,126,1000,1000,1,980.7836
29610.0000,2961,2390.1523,0.0000,118,1000,1000,1,980.7901
29620.0000,2962,2390.0605,0.0000,117,1000,1000,1,980.7966
29630.0000,2963,2389.9686,0.0000,118,1000,1000,1,980.8031
29640.0000,2964,2389.8768,0.0000,115,1000,1000,1,980.8096
29650.0000,2965,2389.7845,0.0000,120,1000,1000,1,980.8160
29660.0000,2966,2389.6939,0.0000,122,1000,1000,1,980.8225
29670.0000,2967,2389.6018,0.0000,114,1000,1000,1,980.8290
29680.0000,2968,2389.5092,0.0000,118,1000,1000,1,980.8354
29690.0000,2969,2389.4175,0.0000,117,1000,1000,1,980.8419
29700.0000,2970,2389.3271,0.0000,122,1000,1000,1,980.8483
29710.0000,2971,2389.2362,0.0000,117,1000,1000,1,980.8548
29720.0000,2972,2389.1461,0.0000,125,1000,1000,1,980.8612
29730.0000,2973,2389.0578,0.0000,129,1000,1000,1,980.8677
29740.0000,2974,2388.9707,0.0000,131,1000,1000,1,980.8741
29750.0000,2975,2388.8838,0.0000,128,1000,1000,1,980.8805
29760.0000,2976,2388.7960,0.0000,129,1000,1000,1,980.8869
29770.0000,2977,2388.7069,0.0000,121,1000,1000,1,980.8934
29780.0000,2978,2388.6154,0.0000,114,1000,1000,1,980.8998
29790.0000,2979,2388.5234,0.0000,119,1000,1000,1,980.9062
29800.0000,2980,2388.4321,0.0000,117,1000,1000,1,980.9126
29810.0000,2981,2388.3410,0.0000,115,1000,1000,1,980.9190
29820.0000,2982,2388.2483,0.0000,114,1000,1000,1,980.9254
29830.0000,2983,2388.1558,0.0000,109,1000,1000,1,980.9318
29840.0000,2984,2388.0628,0.0000,112,1000,1000,1,980.9382
29850.0000,2985,2387.9723,0.0000,122,1000,1000,1,980.9446
29860.0000,2986,2387.8831,0.0000,123,1000,1000,1,980.9509
29870.0000,2987,2387.7940,0.0000,122,1000,1000,1,980.9573
29880.0000,2988,2387.7047,0.0000,124,1000,1000,1,980.9637
29890.0000,2989,2387.6166,0.0000,127,1000,1000,1,980.9701
29900.0000,2990,2387.5290,0.0000,123,1000,1000,1,980.9764
29910.0000,2991,2387.4393,0.0000,121,1000,1000,1,980.9828
29920.0000,2992,2387.3499,0.0000,120,1000,1000,1,980.9891
29930.0000,2993,2387.2612,0.0000,119,1000,1000,1,980.9955
29940.0000,2994,2387.1709,0.0000,112,1000,1000,1,981.0018
29950.0000,2995,2387.0788,0.0000,114,1000,1000,1,981.0082
29960.0000,2996,2386.9892,0.0000,122,1000,1000,1,981.0145
29970.0000,2997,2386.9007,0.0000,123,1000,1000,1,981.0209
29980.0000,2998,2386.8131,0.0000,126,1000,1000,1,981.0272
29990.0000,2999,2386.7262,0.0000,125,1000,1000,1,981.0335
30000.0000,3000,2386.6383,0.0000,125,1000,1000,1,981.0398
30010.0000,3001,2386.5496,0.0000,118,1000,1000,1,981.0462
30020.0000,3002,2386.4617,0.0000,126,1000,1000,1,981.0525
30030.0000,3003,2386.3763,0.0000,132,1000,1000,1,981.0588
30040.0000,3004,2386.2918,0.0000,135,1000,1000,1,981.0651
30050.0000,3005,2386.2082,0.0000,134,1000,1000,1,981.0714
30060.0000,3006,2386.1251,0.0000,135,1000,1000,1,981.0777
30070.0000,3007,2386.0412,0.0000,135,1000,1000,1,981.0840
30080.0000,3008,2385.9568,0.0000,127,1000,1000,1,981.0903
30090.0000,3009,2385.8715,0.0000,131,1000,1000,1,981.0966
30100.0000,3010,2385.7885,0.0000,140,1000,1000,1,981.1028
30110.0000,3011,2385.7054,0.0000,136,1000,1000,1,981.1091
30120.0000,3012,2385.6227,0.0000,139,1000,1000,1,981.1154
30130.0000,3013,2385.5401,0.0000,137,1000,1000,1,981.1216
30140.0000,3014,2385.4554,0.0000,129,1000,1000,1,981.1279
30150.0000,3015,2385.3697,0.0000,122,1000,1000,1,981.1342
30160.0000,3016,2385.2821,0.0000,124,1000,1000,1,981.1404
30170.0000,3017,2385.1966,0.0000,133,1000,1000,1,981.1467
30180.0000,3018,2385.1139,0.0000,138,1000,1000,1,981.1529
30190.0000,3019,2385.0311,0.0000,134,1000,1000,1,981.1592
30200.0000,3020,2384.9483,0.0000,132,1000,1000,1,981.1654
30210.0000,3021,2384.8650,0.0000,135,1000,1000,1,981.1716
30220.0000,3022,2384.7816,0.0000,132,1000,1000,1,981.1779
30230.0000,3023,2384.6980,0.0000,133,1000,1000,1,981.1841
30240.0000,3024,2384.6146,0.0000,129,1000,1000,1,981.1903
30250.0000,3025,2384.5306,0.0000,131,1000,1000,1,981.1965
30260.0000,3026,2384.4466,0.0000,130,1000,1000,1,981.2028
30270.0000,3027,2384.3620,0.0000,126,1000,1000,1,981.2090
30280.0000,3028,2384.2758,0.0000,121,1000,1000,1,981.2152
30290.0000,3029,2384.1888,0.0000,120,1000,1000,1,981.2214
30300.0000,3030,2384.1008,0.0000,114,1000,1000,1,981.2276
30310.0000,3031,2384.0113,0.0000,116,1000,1000,1,981.2338
30320.0000,3032,2383.9222,0.0000,112,1000,1000,1,981.2399
30330.0000,3033,2383.8320,0.0000,111,1000,1000,1,981.2461
30340.0000,3034,2383.7422,0.0000,109,1000,1000,1,981.2523
30350.0000,3035,2383.6524,0.0000,115,1000,1000,1,981.2585
30360.0000,3036,2383.5627,0.0000,109,1000,1000,1,981.2647
30370.0000,3037,2383.4714,0.0000,107,1000,1000,1,981.2708
30380.0000,3038,2383.3800,0.0000,106,1000,1000,1,981.2770
30390.0000,3039,2383.2902,0.0000,110,1000,1000,1,981.2832
30400.0000,3040,2383.2004,0.0000,110,1000,1000,1,981.2893
30410.0000,3041,2383.1115,0.0000,117,1000,1000,1,981.2955
30420.0000,3042,2383.0250,0.0000,120,1000,1000,1,981.3016
30430.0000,3043,2382.9388,0.0000,120,1000,1000,1,981.3078
30440.0000,3044,2382.8514,0.0000,114,1000,1000,1,981.3139
30450.0000,3045,2382.7630,0.0000,114,1000,1000,1,981.3200
30460.0000,3046,2382.6733,0.0000,106,1000,1000,1,981.3262
30470.0000,3047,2382.5834,0.0000,109,1000,1000,1,981.3323
30480.0000,3048,2382.4936,0.0000,108,1000,1000,1,981.3384
30490.0000,3049,2382.4032,0.0000,107,1000,1000,1,981.3445
30500.0000,3050,2382.3132,0.0000,110,1000,1000,1,981.3507
30510.0000,3051,2382.2232,0.0000,104,1000,1000,1,981.3568
30520.0000,3052,2382.1312,0.0000,101,1000,1000,1,981.3629
30530.0000,3053,2382.0398,0.0000,105,1000,1000,1,981.3690
30540.0000,3054,2381.9482,0.0000,99,1000,1000,1,981.3751
30550.0000,3055,2381.8546,0.0000,97,1000,1000,1,981.3812
30560.0000,3056,2381.7616,0.0000,99,1000,1000,1,981.3873
30570.0000,3057,2381.6689,0.0000,98,1000,1000,1,981.3934
30580.0000,3058,2381.5742,0.0000,91,1000,1000,1,981.3995
30590.0000,3059,2381.4775,0.0000,82,1000,1000,1,981.4055
30600.0000,3060,2381.3811,0.0000,88,1000,1000,1,981.4116
30610.0000,3061,2381.2859,0.0000,92,1000,1000,1,981.4177
30620.0000,3062,2381.1912,0.0000,88,1000,1000,1,981.4238
30630.0000,3063,2381.0945,0.0000,86,1000,1000,1,981.4298
30640.0000,3064,2380.9981,0.0000,85,1000,1000,1,981.4359
30650.0000,3065,2380.9013,0.0000,82,1000,1000,1,981.4419
30660.0000,3066,2380.8036,0.0000,86,1000,1000,1,981.4480
30670.0000,3067,2380.7058,0.0000,77,1000,1000,1,981.4540
30680.0000,3068,2380.6072,0.0000,77,1000,1000,1,981.4601
30690.0000,3069,2380.5092,0.0000,82,1000,1000,1,981.4661
30700.0000,3070,2380.4113,0.0000,78,1000,1000,1,981.4722
30710.0000,3071,2380.3123,0.0000,73,1000,1000,1,981.4782
30720.0000,3072,2380.2126,0.0000,74,1000,1000,1,981.4842
30730.0000,3073,2380.1120,0.0000,67,1000,1000,1,981.4902
30740.0000,3074,2380.0094,0.0000,59,1000,1000,1,981.4963
30750.0000,3075,2379.9053,0.0000,61,1000,1000,1,981.5023
30760.0000,3076,2379.8015,0.0000,64,1000,1000,1,981.5083
30770.0000,3077,2379.6995,0.0000,67,1000,1000,1,981.5143
30780.0000,3078,2379.5973,0.0000,59,1000,1000,1,981.5203
30790.0000,3079,2379.4936,0.0000,61,1000,1000,1,981.5263
30800.0000,3080,2379.3902,0.0000,61,1000,1000,1,981.5323
30810.0000,3081,2379.2868,0.0000,60,1000,1000,1,981.5383
30820.0000,3082,2379.1839,0.0000,63,1000,1000,1,981.5443
30830.0000,3083,2379.0803,0.0000,57,1000,1000,1,981.5503
30840.0000,3084,2378.9758,0.0000,56,1000,1000,1,981.5563
30850.0000,3085,2378.8706,0.0000,51,1000,1000,1,981.5622
30860.0000,3086,2378.7653,0.0000,57,1000,1000,1,981.5682
30870.0000,3087,2378.6604,0.0000,56,1000,1000,1,981.5742
30880.0000,3088,2378.5547,0.0000,50,1000,1000,1,981.5802
30890.0000,3089,2378.4492,0.0000,52,1000,1000,1,981.5861
30900.0000,3090,2378.3434,0.0000,52,1000,1000,1,981.5921
30910.0000,3091,2378.2380,0.0000,53,1000,1000,1,981.5980
30920.0000,3092,2378.1315,0.0000,51,1000,1000,1,981.6040
30930.0000,3093,2378.0254,0.0000,47,1000,1000,1,981.6099
30940.0000,3094,2377.9189,0.0000,46,1000,1000,1,981.6159
30950.0000,3095,2377.8123,0.0000,48,1000,1000,1,981.6218
30960.0000,3096,2377.7068,0.0000,53,1000,1000,1,981.6278
30970.0000,3097,2377.6026,0.0000,56,1000,1000,1,981.6337
30980.0000,3098,2377.4984,0.0000,55,1000,1000,1,981.6396
30990.0000,3099,2377.3940,0.0000,54,1000,1000,1,981.6455
31000.0000,3100,2377.2887,0.0000,49,1000,1000,1,981.6515
31010.0000,3101,2377.1833,0.0000,50,1000,1000,1,981.6574
31020.0000,3102,2377.0783,0.0000,52,1000,1000,1,981.6633
31030.0000,3103,2376.9732,0.0000,50,1000,1000,1,981.6692
31040.0000,3104,2376.8676,0.0000,48,1000,1000,1,981.6751
31050.0000,3105,2376.7618,0.0000,48,1000,1000,1,981.6810
31060.0000,3106,2376.6561,0.0000,46,1000,1000,1,981.6869
31070.0000,3107,2376.5485,0.0000,40,1000,1000,1,981.6928
31080.0000,3108,2376.4411,0.0000,44,1000,1000,1,981.6987
31090.0000,3109,2376.3324,0.0000,34,1000,1000,1,981.7046
31100.0000,3110,2376.2215,0.0000,29,1000,1000,1,981.7105
31110.0000,3111,2376.1103,0.0000,31,1000,1000,1,981.7163
31120.0000,3112,2376.0001,0.0000,35,1000,1000,1,981.7222
31130.0000,3113,2375.8902,0.0000,31,1000,1000,1,981.7281
31140.0000,3114,2375.7783,0.0000,30,1000,1000,1,981.7340
31150.0000,3115,2375.6667,0.0000,30,1000,1000,1,981.7398
31160.0000,3116,2375.5547,0.0000,25,1000,1000,1,981.7457
31170.0000,3117,2375.4420,0.0000,23,1000,1000,1,981.7515
31180.0000,3118,2375.3294,0.0000,24,1000,1000,1,981.7574
31190.0000,3119,2375.2183,0.0000,31,1000,1000,1,981.7632
31200.0000,3120,2375.1074,0.0000,29,1000,1000,1,981.7691
31210.0000,3121,2374.9959,0.0000,28,1000,1000,1,981.7749
31220.0000,3122,2374.8856,0.0000,31,1000,1000,1,981.7808
31230.0000,3123,2374.7764,0.0000,35,1000,1000,1,981.7866
31240.0000,3124,2374.6671,0.0000,33,1000,1000,1,981.7924
31250.0000,3125,2374.5570,0.0000,29,1000,1000,1,981.7982
31260.0000,3126,2374.4458,0.0000,27,1000,1000,1,981.8041
31270.0000,3127,2374.3360,0.0000,35,1000,1000,1,981.8099
31280.0000,3128,2374.2257,0.0000,22,1000,1000,1,981.8157
31290.0000,3129,2374.1127,0.0000,21,1000,1000,1,981.8215
31300.0000,3130,2374.0003,0.0000,26,1000,1000,1,981.8273
31310.0000,3131,2373.8904,0.0000,36,1000,996,1,981.8331
31320.0000,3132,2373.7834,0.0000,49,1000,994,1,981.8389
31330.0000,3133,2373.6805,0.0000,61,1000,996,1,981.8447
31340.0000,3134,2373.5818,0.0000,72,1000,997,1,981.8505
31350.0000,3135,2373.4863,0.0000,80,1000,996,1,981.8563
31360.0000,3136,2373.3911,0.0000,85,1000,992,1,981.8621
31370.0000,3137,2373.2990,0.0000,94,1000,998,1,981.8679
31380.0000,3138,2373.2109,0.0000,104,1000,997,1,981.8737
31390.0000,3139,2373.1252,0.0000,112,1000,993,1,981.8794
31400.0000,3140,2373.0408,0.0000,118,1000,996,1,981.8852
31410.0000,3141,2372.9593,0.0000,127,1000,995,1,981.8910
31420.0000,3142,2372.8790,0.0000,137,1000,987,1,981.8967
31430.0000,3143,2372.8011,0.0000,140,1000,990,1,981.9025
31440.0000,3144,2372.7259,0.0000,150,1000,988,1,981.9082
31450.0000,3145,2372.6517,0.0000,158,1000,980,1,981.9140
31460.0000,3146,2372.5783,0.0000,171,1000,976,1,981.9197
31470.0000,3147,2372.5075,0.0000,178,1000,973,1,981.9255
31480.0000,3148,2372.4370,0.0000,186,1000,970,1,981.9312
31490.0000,3149,2372.3684,0.0000,195,1000,964,1,981.9370
31500.0000,3150,2372.3031,0.0000,209,1000,967,1,981.9427
31510.0000,3151,2372.2429,0.0000,221,1000,967,1,981.9484
31520.0000,3152,2372.1871,0.0000,235,1000,969,1,981.9542
31530.0000,3153,2372.1353,0.0000,250,1000,964,1,981.9599
31540.0000,3154,2372.0857,0.0000,256,1000,961,1,981.9656
31550.0000,3155,2372.0382,0.0000,265,1000,961,1,981.9713
31560.0000,3156,2371.9926,0.0000,273,1000,958,1,981.9770
31570.0000,3157,2371.9491,0.0000,278,1000,959,1,981.9827
31580.0000,3158,2371.9082,0.0000,286,1000,961,1,981.9884
31590.0000,3159,2371.8698,0.0000,294,1000,961,1,981.9942
31600.0000,3160,2371.8344,0.0000,301,1000,966,1,981.9998
31610.0000,3161,2371.8007,0.0000,306,1000,962,1,982.0055
31620.0000,3162,2371.7678,0.0000,314,1000,958,1,982.0112
31630.0000,3163,2371.7360,0.0000,321,1000,952,1,982.0169
31640.0000,3164,2371.7054,0.0000,325,1000,950,1,982.0226
31650.0000,3165,2371.6754,0.0000,331,1000,946,1,982.0283
31660.0000,3166,2371.6463,0.0000,341,1000,941,1,982.0340
31670.0000,3167,2371.6203,0.0000,353,1000,945,1,982.0396
31680.0000,3168,2371.5968,0.0000,358,1000,941,1,982.0453
31690.0000,3169,2371.5754,0.0000,368,1000,943,1,982.0510
31700.0000,3170,2371.5575,0.0000,379,1000,945,1,982.0566
31710.0000,3171,2371.5422,0.0000,387,1000,935,1,982.0623
31720.0000,3172,2371.5279,0.0000,399,1000,938,1,982.0679
31730.0000,3173,2371.5192,0.0000,410,1000,939,1,982.0736
31740.0000,3174,2371.5150,0.0000,429,1000,936,1,982.0792
31750.0000,3175,2371.5165,0.0000,435,1000,950,1,982.0849
31760.0000,3176,2371.5209,0.0000,440,1000,945,1,982.0905
31770.0000,3177,2371.5257,0.0000,451,1000,942,1,982.0962
31780.0000,3178,2371.5349,0.0000,458,1000,951,1,982.1018
31790.0000,3179,2371.5483,0.0000,467,1000,950,1,982.1074
31800.0000,3180,2371.5638,0.0000,476,1000,946,1,982.1131
31810.0000,3181,2371.5803,0.0000,481,1000,945,1,982.1187
31820.0000,3182,2371.5996,0.0000,491,1000,954,1,982.1243
31830.0000,3183,2371.6233,0.0000,501,1000,948,1,982.1299
31840.0000,3184,2371.6486,0.0000,508,1000,944,1,982.1355
31850.0000,3185,2371.6760,0.0000,517,1000,949,1,982.1411
31860.0000,3186,2371.7069,0.0000,528,1000,946,1,982.1467
31870.0000,3187,2371.7408,0.0000,538,1000,943,1,982.1523
31880.0000,3188,2371.7766,0.0000,544,1000,947,1,982.1579
31890.0000,3189,2371.8157,0.0000,551,1000,951,1,982.1635
31900.0000,3190,2371.8588,0.0000,559,1000,953,1,982.1691
31910.0000,3191,2371.9016,0.0000,564,1000,943,1,982.1747
31920.0000,3192,2371.9465,0.0000,575,1000,943,1,982.1803
31930.0000,3193,2371.9937,0.0000,586,1000,938,1,982.1859
31940.0000,3194,2372.0424,0.0000,595,1000,935,1,982.1915
31950.0000,3195,2372.0915,0.0000,603,1000,929,1,982.1970
31960.0000,3196,2372.1451,0.0000,612,1000,939,1,982.2026
31970.0000,3197,2372.2005,0.0000,617,1000,932,1,982.2082
31980.0000,3198,2372.2565,0.0000,620,1000,932,1,982.2137
31990.0000,3199,2372.3131,0.0000,627,1000,932,1,982.2193
32000.0000,3200,2372.3724,0.0000,641,1000,927,1,982.2249
32010.0000,3201,2372.4338,0.0000,650,1000,922,1,982.2304
32020.0000,3202,2372.4973,0.0000,658,1000,921,1,982.2360
32030.0000,3203,2372.5616,0.0000,665,1000,915,1,982.2415
32040.0000,3204,2372.6280,0.0000,671,1000,920,1,982.2470
32050.0000,3205,2372.6963,0.0000,679,1000,918,1,982.2526
32060.0000,3206,2372.7680,0.0000,696,1000,911,1,982.2581
32070.0000,3207,2372.8422,0.0000,702,1000,916,1,982.2636
32080.0000,3208,2372.9200,0.0000,712,1000,916,1,982.2692
32090.0000,3209,2373.0005,0.0000,726,1000,912,1,982.2747
32100.0000,3210,2373.0837,0.0000,735,1000,907,1,982.2802
32110.0000,3211,2373.1691,0.0000,744,1000,914,1,982.2857
32120.0000,3212,2373.2581,0.0000,756,1000,911,1,982.2913
32130.0000,3213,2373.3499,0.0000,767,1000,906,1,982.2968
32140.0000,3214,2373.4463,0.0000,781,1000,913,1,982.3023
32150.0000,3215,2373.5478,0.0000,791,1000,916,1,982.3078
32160.0000,3216,2373.6541,0.0000,802,1000,917,1,982.3133
32170.0000,3217,2373.7641,0.0000,807,1000,921,1,982.3188
32180.0000,3218,2373.8738,0.0000,815,1000,914,1,982.3243
32190.0000,3219,2373.9870,0.0000,825,1000,919,1,982.3298
32200.0000,3220,2374.1033,0.0000,836,1000,922,1,982.3353
32210.0000,3221,2374.2233,0.0000,845,1000,918,1,982.3407
32220.0000,3222,2374.3473,0.0000,856,1000,922,1,982.3462
32230.0000,3223,2374.4732,0.0000,862,1000,917,1,982.3517
32240.0000,3224,2374.5994,0.0000,871,1000,918,1,982.3572
32250.0000,3225,2374.7299,0.0000,879,1000,925,1,982.3626
32260.0000,3226,2374.8633,0.0000,887,1000,922,1,982.3681
32270.0000,3227,2374.9978,0.0000,895,1000,920,1,982.3736
32280.0000,3228,2375.1345,0.0000,903,1000,917,1,982.3790
32290.0000,3229,2375.2738,0.0000,915,1000,915,1,982.3845
32300.0000,3230,2375.4152,0.0000,922,1000,914,1,982.3899
32310.0000,3231,2375.5587,0.0000,929,1000,918,1,982.3954
32320.0000,3232,2375.7070,0.0000,940,1000,922,1,982.4008
32330.0000,3233,2375.8577,0.0000,945,1000,916,1,982.4063
32340.0000,3234,2376.0094,0.0000,961,1000,916,1,982.4117
32350.0000,3235,2376.1662,0.0000,970,1000,920,1,982.4172
32360.0000,3236,2376.3267,0.0000,981,1000,922,1,982.4226
32370.0000,3237,2376.4908,0.0000,991,1000,918,1,982.4280
32380.0000,3238,2376.6579,0.0000,1000,1000,918,1,982.4335
32390.0000,3239,2376.8261,0.0000,1000,1000,924,1,982.4389
32400.0000,3240,2376.9948,0.0000,1000,1000,923,1,982.4443
32410.0000,3241,2377.1628,0.0000,1000,1000,920,1,982.4497
32420.0000,3242,2377.3303,0.0000,1000,1000,923,1,982.4551
32430.0000,3243,2377.4992,0.0000,1000,1000,922,1,982.4605
32440.0000,3244,2377.6669,0.0000,1000,1000,924,1,982.4659
32450.0000,3245,2377.8358,0.0000,1000,1000,925,1,982.4713
32460.0000,3246,2378.0043,0.0000,1000,1000,928,1,982.4767
32470.0000,3247,2378.1733,0.0000,1000,1000,927,1,982.4821
32480.0000,3248,2378.3416,0.0000,1000,1000,924,1,982.4875
32490.0000,3249,2378.5095,0.0000,1000,1000,925,1,982.4929
32500.0000,3250,2378.6779,0.0000,1000,1000,927,1,982.4983
32510.0000,3251,2378.8458,0.0000,1000,1000,924,1,982.5037
32520.0000,3252,2379.0127,0.0000,1000,1000,923,1,982.5091
32530.0000,3253,2379.1801,0.0000,1000,1000,921,1,982.5145
32540.0000,3254,2379.3468,0.0000,1000,1000,923,1,982.5198
32550.0000,3255,2379.5137,0.0000,1000,1000,920,1,982.5252
32560.0000,3256,2379.6779,0.0000,1000,1000,909,1,982.5306
32570.0000,3257,2379.8392,0.0000,1000,1000,903,1,982.5359
32580.0000,3258,2380.0011,0.0000,1000,1000,911,1,982.5413
32590.0000,3259,2380.1651,0.0000,1000,1000,917,1,982.5466
32600.0000,3260,2380.3288,0.0000,1000,1000,917,1,982.5520
32610.0000,3261,2380.4929,0.0000,1000,1000,916,1,982.5574
32620.0000,3262,2380.6574,0.0000,1000,1000,919,1,982.5627
32630.0000,3263,2380.8221,0.0000,1000,1000,915,1,982.5680
32640.0000,3264,2380.9864,0.0000,1000,1000,919,1,982.5734
32650.0000,3265,2381.1505,0.0000,1000,1000,915,1,982.5787
32660.0000,3266,2381.3141,0.0000,1000,1000,918,1,982.5841
32670.0000,3267,2381.4784,0.0000,1000,1000,917,1,982.5894
32680.0000,3268,2381.6425,0.0000,1000,1000,914,1,982.5947
32690.0000,3269,2381.8049,0.0000,1000,1000,915,1,982.6000
32700.0000,3270,2381.9686,0.0000,1000,1000,919,1,982.6054
32710.0000,3271,2382.1324,0.0000,1000,1000,916,1,982.6107
32720.0000,3272,2382.2952,0.0000,1000,1000,915,1,982.6160
32730.0000,3273,2382.4577,0.0000,1000,1000,914,1,982.6213
32740.0000,3274,2382.6193,0.0000,1000,1000,910,1,982.6266
32750.0000,3275,2382.7808,0.0000,1000,1000,915,1,982.6319
32760.0000,3276,2382.9426,0.0000,1000,1000,908,1,982.6372
32770.0000,3277,2383.1022,0.0000,1000,1000,906,1,982.6425
32780.0000,3278,2383.2623,0.0000,1000,1000,911,1,982.6478
32790.0000,3279,2383.4224,0.0000,1000,1000,904,1,982.6531
32800.0000,3280,2383.5818,0.0000,1000,1000,907,1,982.6584
32810.0000,3281,2383.7403,0.0000,1000,1000,907,1,982.6637
32820.0000,3282,2383.8989,0.0000,1000,1000,906,1,982.6690
32830.0000,3283,2384.0582,0.0000,1000,1000,904,1,982.6742
32840.0000,3284,2384.2162,0.0000,1000,1000,902,1,982.6795
32850.0000,3285,2384.3745,0.0000,1000,1000,911,1,982.6848
32860.0000,3286,2384.5346,0.0000,1000,1000,906,1,982.6901
32870.0000,3287,2384.6923,0.0000,1000,1000,904,1,982.6953
32880.0000,3288,2384.8492,0.0000,1000,1000,898,1,982.7006
32890.0000,3289,2385.0055,0.0000,1000,1000,896,1,982.7058
32900.0000,3290,2385.1597,0.0000,1000,1000,892,1,982.7111
32910.0000,3291,2385.3125,0.0000,1000,1000,888,1,982.7164
32920.0000,3292,2385.4636,0.0000,1000,1000,878,1,982.7216
32930.0000,3293,2385.6125,0.0000,1000,1000,876,1,982.7269
32940.0000,3294,2385.7603,0.0000,1000,1000,870,1,982.7321
32950.0000,3295,2385.9069,0.0000,1000,1000,868,1,982.7373
32960.0000,3296,2386.0519,0.0000,1000,1000,862,1,982.7426
32970.0000,3297,2386.1937,0.0000,1000,1000,848,1,982.7478
32980.0000,3298,2386.3348,0.0000,1000,1000,848,1,982.7530
32990.0000,3299,2386.4738,0.0000,1000,1000,845,1,982.7583
33000.0000,3300,2386.6129,0.0000,1000,1000,846,1,982.7635
33010.0000,3301,2386.7519,0.0000,1000,1000,846,1,982.7687
33020.0000,3302,2386.8894,0.0000,1000,1000,836,1,982.7739
33030.0000,3303,2387.0255,0.0000,1000,1000,838,1,982.7791
33040.0000,3304,2387.1631,0.0000,1000,1000,844,1,982.7844
33050.0000,3305,2387.3007,0.0000,1000,1000,840,1,982.7896
33060.0000,3306,2387.4377,0.0000,1000,1000,840,1,982.7948
33070.0000,3307,2387.5737,0.0000,1000,1000,835,1,982.8000
33080.0000,3308,2387.7067,0.0000,1000,1000,824,1,982.8052
33090.0000,3309,2387.8382,0.0000,1000,1000,819,1,982.8104
33100.0000,3310,2387.9665,0.0000,1000,1000,808,1,982.8156
33110.0000,3311,2388.0927,0.0000,1000,1000,804,1,982.8208
33120.0000,3312,2388.2180,0.0000,1000,1000,803,1,982.8259
33130.0000,3313,2388.3439,0.0000,1000,1000,806,1,982.8311
33140.0000,3314,2388.4702,0.0000,1000,1000,808,1,982.8363
33150.0000,3315,2388.5984,0.0000,1000,1000,815,1,982.8415
33160.0000,3316,2388.7276,0.0000,1000,1000,818,1,982.8467
33170.0000,3317,2388.8562,0.0000,1000,1000,812,1,982.8518
33180.0000,3318,2388.9844,0.0000,1000,1000,812,1,982.8570
33190.0000,3319,2389.1116,0.0000,1000,1000,811,1,982.8622
33200.0000,3320,2389.2382,0.0000,1000,1000,809,1,982.8673
33210.0000,3321,2389.3636,0.0000,1000,1000,807,1,982.8725
33220.0000,3322,2389.4894,0.0000,1000,1000,809,1,982.8776
33230.0000,3323,2389.6165,0.0000,1000,1000,813,1,982.8828
33240.0000,3324,2389.7432,0.0000,1000,1000,811,1,982.8879
33250.0000,3325,2389.8690,0.0000,1000,1000,803,1,982.8931
33260.0000,3326,2389.9944,0.0000,1000,1000,808,1,982.8982
33270.0000,3327,2390.1196,0.0000,1000,1000,802,1,982.9034
33280.0000,3328,2390.2433,0.0000,1000,1000,802,1,982.9085
33290.0000,3329,2390.3669,0.0000,1000,1000,801,1,982.9136
33300.0000,3330,2390.4886,0.0000,1000,1000,791,1,982.9188
33310.0000,3331,2390.6087,0.0000,1000,1000,793,1,982.9239
33320.0000,3332,2390.7298,0.0000,1000,1000,794,1,982.9290
33330.0000,3333,2390.8503,0.0000,1000,1000,788,1,982.9342
33340.0000,3334,2390.9697,0.0000,1000,1000,789,1,982.9393
33350.0000,3335,2391.0881,0.0000,1000,1000,784,1,982.9444
33360.0000,3336,2391.2076,0.0000,1000,1000,790,1,982.9495
33370.0000,3337,2391.3259,0.0000,1000,1000,780,1,982.9546
33380.0000,3338,2391.4421,0.0000,1000,1000,779,1,982.9597
33390.0000,3339,2391.5578,0.0000,1000,1000,774,1,982.9648
33400.0000,3340,2391.6721,0.0000,1000,1000,772,1,982.9699
33410.0000,3341,2391.7858,0.0000,1000,1000,769,1,982.9750
33420.0000,3342,2391.8980,0.0000,1000,1000,761,1,982.9801
33430.0000,3343,2392.0078,0.0000,1000,1000,758,1,982.9852
33440.0000,3344,2392.1168,0.0000,1000,1000,758,1,982.9903
33450.0000,3345,2392.2254,0.0000,1000,1000,755,1,982.9954
33460.0000,3346,2392.3333,0.0000,1000,1000,751,1,983.0005
33470.0000,3347,2392.4404,0.0000,1000,1000,752,1,983.0055
33480.0000,3348,2392.5483,0.0000,1000,1000,756,1,983.0106
33490.0000,3349,2392.6571,0.0000,1000,1000,758,1,983.0157
33500.0000,3350,2392.7651,0.0000,1000,1000,754,1,983.0208
33510.0000,3351,2392.8723,0.0000,1000,1000,751,1,983.0258
33520.0000,3352,2392.9781,0.0000,1000,1000,746,1,983.0309
33530.0000,3353,2393.0832,0.0000,1000,1000,747,1,983.0359
33540.0000,3354,2393.1896,0.0000,1000,1000,750,1,983.0410
33550.0000,3355,2393.2959,0.0000,1000,1000,751,1,983.0461
33560.0000,3356,2393.4011,0.0000,1000,1000,749,1,983.0511
33570.0000,3357,2393.5060,0.0000,1000,1000,742,1,983.0562
33580.0000,3358,2393.6097,0.0000,1000,1000,741,1,983.0612
33590.0000,3359,2393.7135,0.0000,1000,1000,743,1,983.0662
33600.0000,3360,2393.8180,0.0000,1000,1000,740,1,983.0713
33610.0000,3361,2393.9211,0.0000,1000,1000,742,1,983.0763
33620.0000,3362,2394.0253,0.0000,1000,1000,748,1,983.0814
33630.0000,3363,2394.1294,0.0000,1000,1000,745,1,983.0864
33640.0000,3364,2394.2346,0.0000,1000,1000,749,1,983.0914
33650.0000,3365,2394.3402,0.0000,1000,1000,750,1,983.0964
33660.0000,3366,2394.4451,0.0000,1000,1000,748,1,983.1015
33670.0000,3367,2394.5501,0.0000,1000,1000,744,1,983.1065
33680.0000,3368,2394.6533,0.0000,1000,1000,742,1,983.1115
33690.0000,3369,2394.7561,0.0000,1000,1000,742,1,983.1165
33700.0000,3370,2394.8584,0.0000,1000,1000,740,1,983.1215
33710.0000,3371,2394.9603,0.0000,1000,1000,738,1,983.1265
33720.0000,3372,2395.0616,0.0000,1000,1000,737,1,983.1315
33730.0000,3373,2395.1608,0.0000,1000,1000,723,1,983.1365
33740.0000,3374,2395.2576,0.0000,1000,1000,722,1,983.1415
33750.0000,3375,2395.3548,0.0000,1000,1000,722,1,983.1465
33760.0000,3376,2395.4516,0.0000,1000,1000,725,1,983.1515
33770.0000,3377,2395.5501,0.0000,1000,1000,728,1,983.1565
33780.0000,3378,2395.6481,0.0000,1000,1000,726,1,983.1615
33790.0000,3379,2395.7449,0.0000,1000,1000,722,1,983.1665
33800.0000,3380,2395.8414,0.0000,1000,1000,723,1,983.1715
33810.0000,3381,2395.9371,0.0000,1000,1000,716,1,983.1764
33820.0000,3382,2396.0329,0.0000,1000,1000,723,1,983.1814
33830.0000,3383,2396.1302,0.0000,1000,1000,725,1,983.1864
33840.0000,3384,2396.2279,0.0000,1000,1000,730,1,983.1913
33850.0000,3385,2396.3271,0.0000,1000,1000,733,1,983.1963
33860.0000,3386,2396.4281,0.0000,1000,1000,740,1,983.2013
33870.0000,3387,2396.5293,0.0000,1000,1000,742,1,983.2062
33880.0000,3388,2396.6307,0.0000,1000,1000,739,1,983.2112
33890.0000,3389,2396.7308,0.0000,1000,1000,733,1,983.2161
33900.0000,3390,2396.8295,0.0000,1000,1000,733,1,983.2211
33910.0000,3391,2396.9274,0.0000,1000,1000,727,1,983.2260
33920.0000,3392,2397.0250,0.0000,1000,1000,722,1,983.2310
33930.0000,3393,2397.1196,0.0000,1000,1000,714,1,983.2359
33940.0000,3394,2397.2131,0.0000,1000,1000,713,1,983.2409
33950.0000,3395,2397.3062,0.0000,1000,1000,713,1,983.2458
33960.0000,3396,2397.3990,0.0000,1000,1000,715,1,983.2507
33970.0000,3397,2397.4939,0.0000,1000,1000,721,1,983.2557
33980.0000,3398,2397.5888,0.0000,1000,1000,717,1,983.2606
33990.0000,3399,2397.6820,0.0000,1000,1000,713,1,983.2655
34000.0000,3400,2397.7753,0.0000,1000,1000,716,1,983.2704
34010.0000,3401,2397.8690,0.0000,1000,1000,719,1,983.2754
34020.0000,3402,2397.9620,0.0000,1000,1000,713,1,983.2803
34030.0000,3403,2398.0542,0.0000,1000,1000,716,1,983.2852
34040.0000,3404,2398.1472,0.0000,1000,1000,714,1,983.2901
34050.0000,3405,2398.2400,0.0000,1000,1000,715,1,983.2950
34060.0000,3406,2398.3326,0.0000,1000,1000,714,1,983.2999
34070.0000,3407,2398.4243,0.0000,1000,1000,711,1,983.3048
34080.0000,3408,2398.5155,0.0000,1000,1000,707,1,983.3097
34090.0000,3409,2398.6047,0.0000,1000,1000,701,1,983.3146
34100.0000,3410,2398.6935,0.0000,1000,1000,701,1,983.3195
34110.0000,3411,2398.7814,0.0000,1000,1000,696,1,983.3244
34120.0000,3412,2398.8681,0.0000,1000,1000,692,1,983.3293
34130.0000,3413,2398.9543,0.0000,1000,1000,696,1,983.3342
34140.0000,3414,2399.0424,0.0000,1000,1000,700,1,983.3391
34150.0000,3415,2399.1310,0.0000,1000,1000,702,1,983.3439
34160.0000,3416,2399.2191,0.0000,1000,1000,698,1,983.3488
34170.0000,3417,2399.3067,0.0000,1000,1000,698,1,983.3537
34180.0000,3418,2399.3943,0.0000,1000,1000,698,1,983.3586
34190.0000,3419,2399.4807,0.0000,1000,1000,691,1,983.3634
34200.0000,3420,2399.5645,0.0000,1000,1000,685,1,983.3683
34210.0000,3421,2399.6480,0.0000,1000,1000,684,1,983.3731
34220.0000,3422,2399.7302,0.0000,1000,1000,682,1,983.3780
34230.0000,3423,2399.8106,0.0000,1000,1000,672,1,983.3829
34240.0000,3424,2399.8894,0.0000,1000,1000,669,1,983.3877
34250.0000,3425,2399.9684,0.0000,1000,1000,670,1,983.3926
34260.0000,3426,2400.0472,0.0000,1000,1000,670,1,983.3974
34270.0000,3427,2400.1248,0.0000,1000,1000,666,1,983.4023
34280.0000,3428,2400.2021,0.0000,1000,1000,664,1,983.4071
34290.0000,3429,2400.2790,0.0000,1000,1000,662,1,983.4119
34300.0000,3430,2400.3552,0.0000,1000,1000,659,1,983.4168
34310.0000,3431,2400.4302,0.0000,1000,1000,658,1,983.4216
34320.0000,3432,2400.5033,0.0000,1000,1000,651,1,983.4264
34330.0000,3433,2400.5766,0.0000,1000,1000,655,1,983.4313
34340.0000,3434,2400.6501,0.0000,1000,1000,656,1,983.4361
34350.0000,3435,2400.7249,0.0000,1000,1000,661,1,983.4409
34360.0000,3436,2400.8010,0.0000,1000,1000,658,1,983.4457
34370.0000,3437,2400.8761,0.0000,1000,1000,661,1,983.4505
34380.0000,3438,2400.9515,0.0000,1000,1000,661,1,983.4554
34390.0000,3439,2401.0273,0.0000,1000,1000,658,1,983.4602
34400.0000,3440,2401.1024,0.0000,1000,1000,659,1,983.4650
34410.0000,3441,2401.1771,0.0000,1000,1000,659,1,983.4698
34420.0000,3442,2401.2519,0.0000,1000,1000,658,1,983.4746
34430.0000,3443,2401.3261,0.0000,1000,1000,656,1,983.4794
34440.0000,3444,2401.3995,0.0000,1000,1000,652,1,983.4842
34450.0000,3445,2401.4719,0.0000,1000,1000,652,1,983.4890
34460.0000,3446,2401.5449,0.0000,1000,1000,655,1,983.4938
34470.0000,3447,2401.6179,0.0000,1000,1000,652,1,983.4986
34480.0000,3448,2401.6899,0.0000,1000,1000,646,1,983.5033
34490.0000,3449,2401.7618,0.0000,1000,1000,651,1,983.5081
34500.0000,3450,2401.8338,0.0000,1000,1000,650,1,983.5129
34510.0000,3451,2401.9046,0.0000,1000,1000,640,1,983.5177
34520.0000,3452,2401.9738,0.0000,1000,1000,640,1,983.5225
34530.0000,3453,2402.0428,0.0000,1000,1000,636,1,983.5272
34540.0000,3454,2402.1094,0.0000,1000,1000,627,1,983.5320
34550.0000,3455,2402.1736,0.0000,1000,1000,619,1,983.5368
34560.0000,3456,2402.2363,0.0000,1000,1000,622,1,983.5415
34570.0000,3457,2402.3004,0.0000,1000,1000,622,1,983.5463
34580.0000,3458,2402.3643,0.0000,1000,1000,623,1,983.5510
34590.0000,3459,2402.4274,0.0000,1000,1000,616,1,983.5558
34600.0000,3460,2402.4898,0.0000,1000,1000,623,1,983.5606
34610.0000,3461,2402.5530,0.0000,1000,1000,618,1,983.5653
34620.0000,3462,2402.6155,0.0000,1000,1000,618,1,983.5701
34630.0000,3463,2402.6777,0.0000,1000,1000,617,1,983.5748
34640.0000,3464,2402.7386,0.0000,1000,1000,613,1,983.5795
34650.0000,3465,2402.8013,0.0000,1000,1000,629,1,983.5843
34660.0000,3466,2402.8665,0.0000,1000,1000,628,1,983.5890
34670.0000,3467,2402.9319,0.0000,1000,1000,634,1,983.5937
34680.0000,3468,2402.9985,0.0000,1000,1000,639,1,983.5985
34690.0000,3469,2403.0666,0.0000,1000,1000,642,1,983.6032
34700.0000,3470,2403.1363,0.0000,1000,1000,649,1,983.6079
34710.0000,3471,2403.2080,0.0000,1000,1000,656,1,983.6127
34720.0000,3472,2403.2811,0.0000,1000,1000,660,1,983.6174
34730.0000,3473,2403.3551,0.0000,1000,1000,659,1,983.6221
34740.0000,3474,2403.4290,0.0000,1000,1000,658,1,983.6268
34750.0000,3475,2403.5024,0.0000,1000,1000,658,1,983.6315
34760.0000,3476,2403.5750,0.0000,1000,1000,654,1,983.6362
34770.0000,3477,2403.6467,0.0000,1000,1000,649,1,983.6409
34780.0000,3478,2403.7159,0.0000,1000,1000,645,1,983.6456
34790.0000,3479,2403.7863,0.0000,1000,1000,650,1,983.6503
34800.0000,3480,2403.8569,0.0000,1000,1000,648,1,983.6550
34810.0000,3481,2403.9264,0.0000,1000,1000,645,1,983.6597
34820.0000,3482,2403.9964,0.0000,1000,1000,650,1,983.6644
34830.0000,3483,2404.0674,0.0000,1000,1000,654,1,983.6691
34840.0000,3484,2404.1382,0.0000,1000,1000,650,1,983.6738
34850.0000,3485,2404.2075,0.0000,1000,1000,643,1,983.6785
34860.0000,3486,2404.2767,0.0000,1000,1000,649,1,983.6832
34870.0000,3487,2404.3469,0.0000,1000,1000,647,1,983.6878
34880.0000,3488,2404.4158,0.0000,1000,1000,642,1,983.6925
34890.0000,3489,2404.4838,0.0000,1000,1000,643,1,983.6972
34900.0000,3490,2404.5507,0.0000,1000,1000,632,1,983.7019
34910.0000,3491,2404.6168,0.0000,1000,1000,639,1,983.7065
34920.0000,3492,2404.6833,0.0000,1000,1000,638,1,983.7112
34930.0000,3493,2404.7488,0.0000,1000,1000,630,1,983.7159
34940.0000,3494,2404.8119,0.0000,1000,1000,623,1,983.7205
34950.0000,3495,2404.8729,0.0000,1000,1000,617,1,983.7252
34960.0000,3496,2404.9329,0.0000,1000,1000,615,1,983.7298
34970.0000,3497,2404.9930,0.0000,1000,1000,611,1,983.7345
34980.0000,3498,2405.0514,0.0000,1000,1000,608,1,983.7391
34990.0000,3499,2405.1092,0.0000,1000,1000,606,1,983.7438
35000.0000,3500,2405.1665,0.0000,1000,1000,607,1,983.7484
35010.0000,3501,2405.2236,0.0000,1000,1000,598,1,983.7531
35020.0000,3502,2405.2795,0.0000,1000,1000,600,1,983.7577
35030.0000,3503,2405.3349,0.0000,1000,1000,600,1,983.7624
35040.0000,3504,2405.3901,0.0000,1000,1000,594,1,983.7670
35050.0000,3505,2405.4452,0.0000,1000,1000,601,1,983.7716
35060.0000,3506,2405.4996,0.0000,1000,1000,596,1,983.7762
35070.0000,3507,2405.5530,0.0000,1000,1000,586,1,983.7809
35080.0000,3508,2405.6042,0.0000,1000,1000,589,1,983.7855
35090.0000,3509,2405.6569,0.0000,1000,1000,587,1,983.7901
35100.0000,3510,2405.7078,0.0000,1000,1000,584,1,983.7947
35110.0000,3511,2405.7561,0.0000,1000,1000,573,1,983.7994
35120.0000,3512,2405.8040,0.0000,1000,1000,578,1,983.8040
35130.0000,3513,2405.8534,0.0000,1000,1000,581,1,983.8086
35140.0000,3514,2405.9051,0.0000,1000,1000,591,1,983.8132
35150.0000,3515,2405.9584,0.0000,1000,1000,592,1,983.8178
35160.0000,3516,2406.0112,0.0000,1000,1000,592,1,983.8224
35170.0000,3517,2406.0632,0.0000,1000,1000,585,1,983.8270
35180.0000,3518,2406.1139,0.0000,1000,1000,585,1,983.8316
35190.0000,3519,2406.1654,0.0000,1000,1000,587,1,983.8362
35200.0000,3520,2406.2159,0.0000,1000,1000,585,1,983.8408
35210.0000,3521,2406.2660,0.0000,1000,1000,581,1,983.8454
35220.0000,3522,2406.3165,0.0000,1000,1000,587,1,983.8500
35230.0000,3523,2406.3674,0.0000,1000,1000,583,1,983.8545
35240.0000,3524,2406.4179,0.0000,1000,1000,584,1,983.8591
35250.0000,3525,2406.4691,0.0000,1000,1000,590,1,983.8637
35260.0000,3526,2406.5212,0.0000,1000,1000,589,1,983.8683
35270.0000,3527,2406.5745,0.0000,1000,1000,601,1,983.8728
35280.0000,3528,2406.6286,0.0000,1000,1000,596,1,983.8774
35290.0000,3529,2406.6834,0.0000,1000,1000,605,1,983.8820
35300.0000,3530,2406.7395,0.0000,1000,1000,605,1,983.8866
35310.0000,3531,2406.7949,0.0000,1000,1000,598,1,983.8911
35320.0000,3532,2406.8480,0.0000,1000,1000,594,1,983.8957
35330.0000,3533,2406.9017,0.0000,1000,1000,597,1,983.9002
35340.0000,3534,2406.9541,0.0000,1000,1000,590,1,983.9048
35350.0000,3535,2407.0059,0.0000,1000,1000,592,1,983.9093
35360.0000,3536,2407.0581,0.0000,1000,1000,592,1,983.9139
35370.0000,3537,2407.1096,0.0000,1000,1000,585,1,983.9184
35380.0000,3538,2407.1610,0.0000,1000,1000,588,1,983.9230
35390.0000,3539,2407.2118,0.0000,1000,1000,585,1,983.9275
35400.0000,3540,2407.2620,0.0000,1000,1000,585,1,983.9321
35410.0000,3541,2407.3122,0.0000,1000,1000,586,1,983.9366
35420.0000,3542,2407.3624,0.0000,1000,1000,582,1,983.9411
35430.0000,3543,2407.4123,0.0000,1000,1000,587,1,983.9457
35440.0000,3544,2407.4635,0.0000,1000,1000,589,1,983.9502
35450.0000,3545,2407.5153,0.0000,1000,1000,592,1,983.9547
35460.0000,3546,2407.5682,0.0000,1000,1000,595,1,983.9593
35470.0000,3547,2407.6209,0.0000,1000,1000,594,1,983.9638
35480.0000,3548,2407.6747,0.0000,1000,1000,599,1,983.9683
35490.0000,3549,2407.7282,0.0000,1000,1000,593,1,983.9728
35500.0000,3550,2407.7800,0.0000,1000,1000,590,1,983.9773
35510.0000,3551,2407.8304,0.0000,1000,1000,587,1,983.9818
35520.0000,3552,2407.8792,0.0000,1000,1000,581,1,983.9864
35530.0000,3553,2407.9278,0.0000,1000,1000,580,1,983.9909
35540.0000,3554,2407.9766,0.0000,1000,1000,586,1,983.9954
35550.0000,3555,2408.0261,0.0000,1000,1000,583,1,983.9999
35560.0000,3556,2408.0741,0.0000,1000,1000,577,1,984.0044
35570.0000,3557,2408.1212,0.0000,1000,1000,573,1,984.0089
35580.0000,3558,2408.1675,0.0000,1000,1000,571,1,984.0134
35590.0000,3559,2408.2143,0.0000,1000,1000,576,1,984.0178
35600.0000,3560,2408.2611,0.0000,1000,1000,575,1,984.0223
35610.0000,3561,2408.3064,0.0000,1000,1000,564,1,984.0268
35620.0000,3562,2408.3493,0.0000,1000,1000,563,1,984.0313
35630.0000,3563,2408.3923,0.0000,1000,1000,561,1,984.0358
35640.0000,3564,2408.4338,0.0000,1000,1000,555,1,984.0403
35650.0000,3565,2408.4743,0.0000,1000,1000,553,1,984.0447
35660.0000,3566,2408.5150,0.0000,1000,1000,553,1,984.0492
35670.0000,3567,2408.5556,0.0000,1000,1000,551,1,984.0537
35680.0000,3568,2408.5952,0.0000,1000,1000,548,1,984.0582
35690.0000,3569,2408.6346,0.0000,1000,1000,549,1,984.0626
35700.0000,3570,2408.6745,0.0000,1000,1000,553,1,984.0671
35710.0000,3571,2408.7161,0.0000,1000,1000,554,1,984.0716
35720.0000,3572,2408.7574,0.0000,1000,1000,559,1,984.0760
35730.0000,3573,2408.7981,0.0000,1000,1000,551,1,984.0805
35740.0000,3574,2408.8374,0.0000,1000,1000,548,1,984.0849
35750.0000,3575,2408.8774,0.0000,1000,1000,557,1,984.0894
35760.0000,3576,2408.9182,0.0000,1000,1000,553,1,984.0938
35770.0000,3577,2408.9574,0.0000,1000,1000,546,1,984.0983
35780.0000,3578,2408.9959,0.0000,1000,1000,542,1,984.1027
35790.0000,3579,2409.0329,0.0000,1000,1000,542,1,984.1072
35800.0000,3580,2409.0703,0.0000,1000,1000,543,1,984.1116
35810.0000,3581,2409.1078,0.0000,1000,1000,544,1,984.1160
35820.0000,3582,2409.1459,0.0000,1000,1000,547,1,984.1205
35830.0000,3583,2409.1853,0.0000,1000,1000,555,1,984.1249
35840.0000,3584,2409.2266,0.0000,1000,1000,559,1,984.1293
35850.0000,3585,2409.2688,0.0000,1000,1000,562,1,984.1338
35860.0000,3586,2409.3108,0.0000,1000,1000,559,1,984.1382
35870.0000,3587,2409.3527,0.0000,1000,1000,558,1,984.1426
35880.0000,3588,2409.3941,0.0000,1000,1000,555,1,984.1470
35890.0000,3589,2409.4349,0.0000,1000,1000,556,1,984.1514
35900.0000,3590,2409.4751,0.0000,1000,1000,554,1,984.1559
35910.0000,3591,2409.5151,0.0000,1000,1000,551,1,984.1603
35920.0000,3592,2409.5550,0.0000,1000,1000,554,1,984.1647
35930.0000,3593,2409.5952,0.0000,1000,1000,555,1,984.1691
35940.0000,3594,2409.6356,0.0000,1000,1000,554,1,984.1735
35950.0000,3595,2409.6754,0.0000,1000,1000,552,1,984.1779
35960.0000,3596,2409.7134,0.0000,1000,1000,539,1,984.1823
35970.0000,3597,2409.7494,0.0000,1000,1000,538,1,984.1867
35980.0000,3598,2409.7853,0.0000,1000,1000,540,1,984.1911
35990.0000,3599,2409.8205,0.0000,1000,1000,536,1,984.1955
36000.0000,3600,2409.8557,0.0000,1000,1000,538,1,984.1999
36010.0000,3601,2409.8904,0.0000,1000,1000,532,1,984.2043
36020.0000,3602,2409.9237,0.0000,1000,1000,531,1,984.2086
36030.0000,3603,2409.9566,0.0000,1000,1000,528,1,984.2130
36040.0000,3604,2409.9895,0.0000,1000,1000,529,1,984.2174
36050.0000,3605,2410.0231,0.0000,1000,1000,533,1,984.2218
36060.0000,3606,2410.0565,0.0000,1000,1000,529,1,984.2262
36070.0000,3607,2410.0877,0.0000,1000,1000,519,1,984.2305
36080.0000,3608,2410.1158,0.0000,1000,1000,504,1,984.2349
36090.0000,3609,2410.1411,0.0000,1000,1000,500,1,984.2393
36100.0000,3610,2410.1654,0.0000,1000,1000,500,1,984.2436
36110.0000,3611,2410.1901,0.0000,1000,1000,500,1,984.2480
36120.0000,3612,2410.2148,0.0000,1000,1000,497,1,984.2524
36130.0000,3613,2410.2388,0.0000,1000,1000,497,1,984.2567
36140.0000,3614,2410.2629,0.0000,1000,1000,497,1,984.2611
36150.0000,3615,2410.2868,0.0000,1000,1000,500,1,984.2654
36160.0000,3616,2410.3116,0.0000,1000,1000,503,1,984.2698
36170.0000,3617,2410.3370,0.0000,1000,1000,500,1,984.2741
36180.0000,3618,2410.3594,0.0000,1000,1000,483,1,984.2785
36190.0000,3619,2410.3795,0.0000,1000,1000,479,1,984.2828
36200.0000,3620,2410.3987,0.0000,1000,1000,481,1,984.2872
36210.0000,3621,2410.4177,0.0000,1000,1000,479,1,984.2915
36220.0000,3622,2410.4353,0.0000,1000,1000,469,1,984.2958
36230.0000,3623,2410.4521,0.0000,1000,1000,472,1,984.3002
36240.0000,3624,2410.4686,0.0000,1000,1000,469,1,984.3045
36250.0000,3625,2410.4853,0.0000,1000,1000,472,1,984.3088
36260.0000,3626,2410.5022,0.0000,1000,1000,471,1,984.3132
36270.0000,3627,2410.5183,0.0000,1000,1000,467,1,984.3175
36280.0000,3628,2410.5335,0.0000,1000,1000,463,1,984.3218
36290.0000,3629,2410.5477,0.0000,1000,1000,460,1,984.3261
36300.0000,3630,2410.5614,0.0000,1000,1000,463,1,984.3304
36310.0000,3631,2410.5755,0.0000,1000,1000,460,1,984.3348
36320.0000,3632,2410.5906,0.0000,1000,1000,470,1,984.3391
36330.0000,3633,2410.6060,0.0000,1000,1000,466,1,984.3434
36340.0000,3634,2410.6218,0.0000,1000,1000,466,1,984.3477
36350.0000,3635,2410.6370,0.0000,1000,1000,467,1,984.3520
36360.0000,3636,2410.6500,0.0000,1000,1000,455,1,984.3563
36370.0000,3637,2410.6606,0.0000,1000,1000,443,1,984.3606
36380.0000,3638,2410.6690,0.0000,1000,1000,439,1,984.3649
36390.0000,3639,2410.6782,0.0000,1000,1000,442,1,984.3692
36400.0000,3640,2410.6867,0.0000,1000,1000,437,1,984.3735
36410.0000,3641,2410.6938,0.0000,1000,1000,434,1,984.3778
36420.0000,3642,2410.7002,0.0000,1000,1000,434,1,984.3821
36430.0000,3643,2410.7057,0.0000,1000,1000,428,1,984.3864
36440.0000,3644,2410.7095,0.0000,1000,1000,422,1,984.3906
36450.0000,3645,2410.7118,0.0000,1000,1000,419,1,984.3949
36460.0000,3646,2410.7136,0.0000,1000,1000,415,1,984.3992
36470.0000,3647,2410.7143,0.0000,1000,1000,412,1,984.4035
36480.0000,3648,2410.7150,0.0000,1000,1000,416,1,984.4078
36490.0000,3649,2410.7165,0.0000,1000,1000,417,1,984.4120
36500.0000,3650,2410.7174,0.0000,1000,1000,412,1,984.4163
36510.0000,3651,2410.7185,0.0000,1000,1000,417,1,984.4206
36520.0000,3652,2410.7215,0.0000,1000,1000,422,1,984.4248
36530.0000,3653,2410.7244,0.0000,1000,1000,418,1,984.4291
36540.0000,3654,2410.7258,0.0000,1000,1000,411,1,984.4334
36550.0000,3655,2410.7265,0.0000,1000,1000,410,1,984.4376
36560.0000,3656,2410.7248,0.0000,1000,1000,401,1,984.4419
36570.0000,3657,2410.7215,0.0000,1000,1000,394,1,984.4461
36580.0000,3658,2410.7167,0.0000,1000,1000,391,1,984.4504
36590.0000,3659,2410.7118,0.0000,1000,1000,395,1,984.4546
36600.0000,3660,2410.7071,0.0000,1000,1000,390,1,984.4589
36610.0000,3661,2410.7025,0.0000,1000,1000,395,1,984.4631
36620.0000,3662,2410.6978,0.0000,1000,1000,395,1,984.4674
36630.0000,3663,2410.6939,0.0000,1000,1000,399,1,984.4716
36640.0000,3664,2410.6909,0.0000,1000,1000,400,1,984.4759
36650.0000,3665,2410.6871,0.0000,1000,1000,399,1,984.4801
36660.0000,3666,2410.6837,0.0000,1000,1000,398,1,984.4843
36670.0000,3667,2410.6798,0.0000,1000,1000,398,1,984.4886
36680.0000,3668,2410.6766,0.0000,1000,1000,401,1,984.4928
36690.0000,3669,2410.6730,0.0000,1000,1000,395,1,984.4970
36700.0000,3670,2410.6691,0.0000,1000,1000,396,1,984.5012
36710.0000,3671,2410.6653,0.0000,1000,1000,396,1,984.5055
36720.0000,3672,2410.6624,0.0000,1000,1000,400,1,984.5097
36730.0000,3673,2410.6600,0.0000,1000,1000,404,1,984.5139
36740.0000,3674,2410.6570,0.0000,1000,1000,399,1,984.5181
36750.0000,3675,2410.6540,0.0000,1000,1000,401,1,984.5223
36760.0000,3676,2410.6498,0.0000,1000,1000,388,1,984.5265
36770.0000,3677,2410.6428,0.0000,1000,1000,384,1,984.5307
36780.0000,3678,2410.6361,0.0000,1000,1000,386,1,984.5349
36790.0000,3679,2410.6292,0.0000,1000,1000,384,1,984.5391
36800.0000,3680,2410.6222,0.0000,1000,1000,383,1,984.5433
36810.0000,3681,2410.6147,0.0000,1000,1000,386,1,984.5475
36820.0000,3682,2410.6074,0.0000,1000,1000,387,1,984.5517
36830.0000,3683,2410.6006,0.0000,1000,1000,385,1,984.5559
36840.0000,3684,2410.5943,0.0000,1000,1000,387,1,984.5601
36850.0000,3685,2410.5864,0.0000,1000,1000,377,1,984.5643
36860.0000,3686,2410.5765,0.0000,1000,1000,375,1,984.5685
36870.0000,3687,2410.5670,0.0000,1000,1000,380,1,984.5727
36880.0000,3688,2410.5592,0.0000,1000,1000,383,1,984.5769
36890.0000,3689,2410.5515,0.0000,1000,1000,378,1,984.5811
36900.0000,3690,2410.5435,0.0000,1000,1000,386,1,984.5852
36910.0000,3691,2410.5364,0.0000,1000,1000,383,1,984.5894
36920.0000,3692,2410.5283,0.0000,1000,1000,384,1,984.5936
36930.0000,3693,2410.5215,0.0000,1000,1000,388,1,984.5978
36940.0000,3694,2410.5161,0.0000,1000,1000,388,1,984.6019
36950.0000,3695,2410.5111,0.0000,1000,1000,393,1,984.6061
36960.0000,3696,2410.5063,0.0000,1000,1000,389,1,984.6103
36970.0000,3697,2410.5009,0.0000,1000,1000,392,1,984.6144
36980.0000,3698,2410.4950,0.0000,1000,1000,386,1,984.6186
36990.0000,3699,2410.4871,0.0000,1000,1000,378,1,984.6227
37000.0000,3700,2410.4784,0.0000,1000,1000,380,1,984.6269
37010.0000,3701,2410.4707,0.0000,1000,1000,383,1,984.6311
37020.0000,3702,2410.4636,0.0000,1000,1000,388,1,984.6352
37030.0000,3703,2410.4591,0.0000,1000,1000,396,1,984.6394
37040.0000,3704,2410.4559,0.0000,1000,1000,401,1,984.6435
37050.0000,3705,2410.4542,0.0000,1000,1000,406,1,984.6476
37060.0000,3706,2410.4536,0.0000,1000,1000,412,1,984.6518
37070.0000,3707,2410.4535,0.0000,1000,1000,408,1,984.6559
37080.0000,3708,2410.4537,0.0000,1000,1000,410,1,984.6601
37090.0000,3709,2410.4522,0.0000,1000,1000,400,1,984.6642
37100.0000,3710,2410.4495,0.0000,1000,1000,402,1,984.6683
37110.0000,3711,2410.4490,0.0000,1000,1000,413,1,984.6725
37120.0000,3712,2410.4500,0.0000,1000,1000,416,1,984.6766
37130.0000,3713,2410.4513,0.0000,1000,1000,416,1,984.6807
37140.0000,3714,2410.4533,0.0000,1000,1000,419,1,984.6848
37150.0000,3715,2410.4559,0.0000,1000,1000,421,1,984.6890
37160.0000,3716,2410.4589,0.0000,1000,1000,420,1,984.6931
37170.0000,3717,2410.4616,0.0000,1000,1000,418,1,984.6972
37180.0000,3718,2410.4634,0.0000,1000,1000,414,1,984.7013
37190.0000,3719,2410.4625,0.0000,1000,1000,406,1,984.7054
37200.0000,3720,2410.4614,0.0000,1000,1000,406,1,984.7095
37210.0000,3721,2410.4589,0.0000,1000,1000,393,1,984.7137
37220.0000,3722,2410.4533,0.0000,1000,1000,384,1,984.7178
37230.0000,3723,2410.4462,0.0000,1000,1000,384,1,984.7219
37240.0000,3724,2410.4393,0.0000,1000,1000,382,1,984.7260
37250.0000,3725,2410.4324,0.0000,1000,1000,389,1,984.7301
37260.0000,3726,2410.4267,0.0000,1000,1000,387,1,984.7342
37270.0000,3727,2410.4200,0.0000,1000,1000,383,1,984.7383
37280.0000,3728,2410.4127,0.0000,1000,1000,386,1,984.7424
37290.0000,3729,2410.4061,0.0000,1000,1000,389,1,984.7465
37300.0000,3730,2410.3996,0.0000,1000,1000,386,1,984.7505
37310.0000,3731,2410.3935,0.0000,1000,1000,386,1,984.7546
37320.0000,3732,2410.3861,0.0000,1000,1000,382,1,984.7587
37330.0000,3733,2410.3783,0.0000,1000,1000,381,1,984.7628
37340.0000,3734,2410.3699,0.0000,1000,1000,378,1,984.7669
37350.0000,3735,2410.3616,0.0000,1000,1000,383,1,984.7710
37360.0000,3736,2410.3535,0.0000,1000,1000,377,1,984.7750
37370.0000,3737,2410.3444,0.0000,1000,1000,377,1,984.7791
37380.0000,3738,2410.3362,0.0000,1000,1000,379,1,984.7832
37390.0000,3739,2410.3285,0.0000,1000,1000,381,1,984.7872
37400.0000,3740,2410.3208,0.0000,1000,1000,382,1,984.7913
37410.0000,3741,2410.3134,0.0000,1000,1000,380,1,984.7954
37420.0000,3742,2410.3056,0.0000,1000,1000,380,1,984.7994
37430.0000,3743,2410.2983,0.0000,1000,1000,387,1,984.8035
37440.0000,3744,2410.2933,0.0000,1000,1000,395,1,984.8076
37450.0000,3745,2410.2894,0.0000,1000,1000,395,1,984.8116
37460.0000,3746,2410.2853,0.0000,1000,1000,396,1,984.8157
37470.0000,3747,2410.2803,0.0000,1000,1000,390,1,984.8197
37480.0000,3748,2410.2753,0.0000,1000,1000,390,1,984.8238
37490.0000,3749,2410.2705,0.0000,1000,1000,397,1,984.8278
37500.0000,3750,2410.2673,0.0000,1000,1000,402,1,984.8319
37510.0000,3751,2410.2658,0.0000,1000,1000,407,1,984.8359
37520.0000,3752,2410.2648,0.0000,1000,1000,405,1,984.8400
37530.0000,3753,2410.2635,0.0000,1000,1000,408,1,984.8440
37540.0000,3754,2410.2624,0.0000,1000,1000,407,1,984.8480
37550.0000,3755,2410.2612,0.0000,1000,1000,408,1,984.8521
37560.0000,3756,2410.2607,0.0000,1000,1000,411,1,984.8561
37570.0000,3757,2410.2610,0.0000,1000,1000,410,1,984.8601
37580.0000,3758,2410.2614,0.0000,1000,1000,414,1,984.8642
37590.0000,3759,2410.2621,0.0000,1000,1000,417,1,984.8682
37600.0000,3760,2410.2634,0.0000,1000,1000,413,1,984.8722
37610.0000,3761,2410.2636,0.0000,1000,1000,411,1,984.8762
37620.0000,3762,2410.2638,0.0000,1000,1000,410,1,984.8803
37630.0000,3763,2410.2631,0.0000,1000,1000,406,1,984.8843
37640.0000,3764,2410.2611,0.0000,1000,1000,401,1,984.8883
37650.0000,3765,2410.2583,0.0000,1000,1000,401,1,984.8923
37660.0000,3766,2410.2547,0.0000,1000,1000,394,1,984.8963
37670.0000,3767,2410.2496,0.0000,1000,1000,388,1,984.9003
37680.0000,3768,2410.2445,0.0000,1000,1000,395,1,984.9043
37690.0000,3769,2410.2408,0.0000,1000,1000,393,1,984.9083
37700.0000,3770,2410.2361,0.0000,1000,1000,393,1,984.9123
37710.0000,3771,2410.2323,0.0000,1000,1000,396,1,984.9163
37720.0000,3772,2410.2275,0.0000,1000,1000,391,1,984.9203
37730.0000,3773,2410.2218,0.0000,1000,1000,387,1,984.9243
37740.0000,3774,2410.2155,0.0000,1000,1000,388,1,984.9283
37750.0000,3775,2410.2104,0.0000,1000,1000,391,1,984.9323
37760.0000,3776,2410.2052,0.0000,1000,1000,393,1,984.9363
37770.0000,3777,2410.1999,0.0000,1000,1000,393,1,984.9403
37780.0000,3778,2410.1959,0.0000,1000,1000,398,1,984.9443
37790.0000,3779,2410.1925,0.0000,1000,1000,396,1,984.9483
37800.0000,3780,2410.1891,0.0000,1000,1000,400,1,984.9523
37810.0000,3781,2410.1855,0.0000,1000,1000,393,1,984.9562
37820.0000,3782,2410.1820,0.0000,1000,1000,396,1,984.9602
37830.0000,3783,2410.1771,0.0000,1000,1000,392,1,984.9642
37840.0000,3784,2410.1724,0.0000,1000,1000,393,1,984.9682
37850.0000,3785,2410.1687,0.0000,1000,1000,398,1,984.9721
37860.0000,3786,2410.1642,0.0000,1000,1000,388,1,984.9761
37870.0000,3787,2410.1589,0.0000,1000,1000,392,1,984.9801
37880.0000,3788,2410.1533,0.0000,1000,1000,389,1,984.9840
37890.0000,3789,2410.1480,0.0000,1000,1000,390,1,984.9880
37900.0000,3790,2410.1427,0.0000,1000,1000,388,1,984.9920
37910.0000,3791,2410.1371,0.0000,1000,1000,387,1,984.9959
37920.0000,3792,2410.1313,0.0000,1000,1000,390,1,984.9999
37930.0000,3793,2410.1263,0.0000,1000,1000,389,1,985.0038
37940.0000,3794,2410.1217,0.0000,1000,1000,394,1,985.0078
37950.0000,3795,2410.1164,0.0000,1000,1000,390,1,985.0117
37960.0000,3796,2410.1112,0.0000,1000,1000,397,1,985.0157
37970.0000,3797,2410.1073,0.0000,1000,1000,394,1,985.0196
37980.0000,3798,2410.1034,0.0000,1000,1000,397,1,985.0236
37990.0000,3799,2410.1000,0.0000,1000,1000,396,1,985.0275
38000.0000,3800,2410.0954,0.0000,1000,1000,392,1,985.0315
38010.0000,3801,2410.0910,0.0000,1000,1000,392,1,985.0354
38020.0000,3802,2410.0870,0.0000,1000,1000,395,1,985.0393
38030.0000,3803,2410.0826,0.0000,1000,1000,393,1,985.0433
38040.0000,3804,2410.0779,0.0000,1000,1000,391,1,985.0472
38050.0000,3805,2410.0726,0.0000,1000,1000,392,1,985.0511
38060.0000,3806,2410.0680,0.0000,1000,1000,394,1,985.0551
38070.0000,3807,2410.0636,0.0000,1000,1000,391,1,985.0590
38080.0000,3808,2410.0580,0.0000,1000,1000,387,1,985.0629
38090.0000,3809,2410.0521,0.0000,1000,1000,386,1,985.0668
38100.0000,3810,2410.0454,0.0000,1000,1000,386,1,985.0707
38110.0000,3811,2410.0391,0.0000,1000,1000,386,1,985.0747
38120.0000,3812,2410.0326,0.0000,1000,1000,384,1,985.0786
38130.0000,3813,2410.0258,0.0000,1000,1000,382,1,985.0825
38140.0000,3814,2410.0183,0.0000,1000,1000,380,1,985.0864
38150.0000,3815,2410.0112,0.0000,1000,1000,384,1,985.0903
38160.0000,3816,2410.0045,0.0000,1000,1000,385,1,985.0942
38170.0000,3817,2409.9973,0.0000,1000,1000,377,1,985.0981
38180.0000,3818,2409.9891,0.0000,1000,1000,380,1,985.1020
38190.0000,3819,2409.9810,0.0000,1000,1000,382,1,985.1059
38200.0000,3820,2409.9739,0.0000,1000,1000,387,1,985.1098
38210.0000,3821,2409.9690,0.0000,1000,1000,393,1,985.1137
38220.0000,3822,2409.9653,0.0000,1000,1000,398,1,985.1176
38230.0000,3823,2409.9629,0.0000,1000,1000,401,1,985.1215
38240.0000,3824,2409.9609,0.0000,1000,1000,405,1,985.1254
38250.0000,3825,2409.9596,0.0000,1000,1000,404,1,985.1293
38260.0000,3826,2409.9576,0.0000,1000,1000,398,1,985.1332
38270.0000,3827,2409.9542,0.0000,1000,1000,393,1,985.1371
38280.0000,3828,2409.9489,0.0000,1000,1000,388,1,985.1409
38290.0000,3829,2409.9429,0.0000,1000,1000,385,1,985.1448
38300.0000,3830,2409.9358,0.0000,1000,1000,379,1,985.1487
38310.0000,3831,2409.9282,0.0000,1000,1000,383,1,985.1526
38320.0000,3832,2409.9219,0.0000,1000,1000,387,1,985.1565
38330.0000,3833,2409.9161,0.0000,1000,1000,387,1,985.1603
38340.0000,3834,2409.9101,0.0000,1000,1000,386,1,985.1642
38350.0000,3835,2409.9033,0.0000,1000,1000,382,1,985.1681
38360.0000,3836,2409.8958,0.0000,1000,1000,379,1,985.1719
38370.0000,3837,2409.8892,0.0000,1000,1000,387,1,985.1758
38380.0000,3838,2409.8835,0.0000,1000,1000,389,1,985.1797
38390.0000,3839,2409.8776,0.0000,1000,1000,387,1,985.1835
38400.0000,3840,2409.8709,0.0000,1000,1000,383,1,985.1874
38410.0000,3841,2409.8640,0.0000,1000,1000,384,1,985.1912
38420.0000,3842,2409.8565,0.0000,1000,1000,382,1,985.1951
38430.0000,3843,2409.8499,0.0000,1000,1000,385,1,985.1989
38440.0000,3844,2409.8429,0.0000,1000,1000,383,1,985.2028
38450.0000,3845,2409.8349,0.0000,1000,1000,376,1,985.2066
38460.0000,3846,2409.8255,0.0000,1000,1000,374,1,985.2105
38470.0000,3847,2409.8153,0.0000,1000,1000,373,1,985.2143
38480.0000,3848,2409.8063,0.0000,1000,1000,378,1,985.2182
38490.0000,3849,2409.7992,0.0000,1000,1000,382,1,985.2220
38500.0000,3850,2409.7924,0.0000,1000,1000,384,1,985.2259
38510.0000,3851,2409.7860,0.0000,1000,1000,385,1,985.2297
38520.0000,3852,2409.7802,0.0000,1000,1000,389,1,985.2335
38530.0000,3853,2409.7744,0.0000,1000,1000,384,1,985.2374
38540.0000,3854,2409.7688,0.0000,1000,1000,387,1,985.2412
38550.0000,3855,2409.7633,0.0000,1000,1000,392,1,985.2450
38560.0000,3856,2409.7582,0.0000,1000,1000,387,1,985.2488
38570.0000,3857,2409.7532,0.0000,1000,1000,395,1,985.2527
38580.0000,3858,2409.7496,0.0000,1000,1000,395,1,985.2565
38590.0000,3859,2409.7463,0.0000,1000,1000,398,1,985.2603
38600.0000,3860,2409.7431,0.0000,1000,1000,394,1,985.2641
38610.0000,3861,2409.7397,0.0000,1000,1000,398,1,985.2679
38620.0000,3862,2409.7369,0.0000,1000,1000,401,1,985.2718
38630.0000,3863,2409.7347,0.0000,1000,1000,404,1,985.2756
38640.0000,3864,2409.7328,0.0000,1000,1000,404,1,985.2794
38650.0000,3865,2409.7290,0.0000,1000,1000,388,1,985.2832
38660.0000,3866,2409.7223,0.0000,1000,1000,374,1,985.2870
38670.0000,3867,2409.7135,0.0000,1000,1000,377,1,985.2908
38680.0000,3868,2409.7052,0.0000,1000,1000,379,1,985.2946
38690.0000,3869,2409.6964,0.0000,1000,1000,374,1,985.2984
38700.0000,3870,2409.6859,0.0000,1000,1000,366,1,985.3022
38710.0000,3871,2409.6737,0.0000,1000,1000,359,1,985.3060
38720.0000,3872,2409.6608,0.0000,1000,1000,361,1,985.3098
38730.0000,3873,2409.6479,0.0000,1000,1000,356,1,985.3136
38740.0000,3874,2409.6337,0.0000,1000,1000,356,1,985.3174
38750.0000,3875,2409.6202,0.0000,1000,1000,359,1,985.3212
38760.0000,3876,2409.6058,0.0000,1000,1000,350,1,985.3250
38770.0000,3877,2409.5910,0.0000,1000,1000,353,1,985.3287
38780.0000,3878,2409.5762,0.0000,1000,1000,351,1,985.3325
38790.0000,3879,2409.5616,0.0000,1000,1000,352,1,985.3363
38800.0000,3880,2409.5463,0.0000,1000,1000,349,1,985.3401
38810.0000,3881,2409.5309,0.0000,1000,1000,351,1,985.3439
38820.0000,3882,2409.5161,0.0000,1000,1000,355,1,985.3476
38830.0000,3883,2409.5019,0.0000,1000,1000,348,1,985.3514
38840.0000,3884,2409.4865,0.0000,1000,1000,353,1,985.3552
38850.0000,3885,2409.4717,0.0000,1000,1000,351,1,985.3590
38860.0000,3886,2409.4566,0.0000,1000,1000,351,1,985.3627
38870.0000,3887,2409.4412,0.0000,1000,1000,344,1,985.3665
38880.0000,3888,2409.4238,0.0000,1000,1000,337,1,985.3702
38890.0000,3889,2409.4054,0.0000,1000,1000,339,1,985.3740
38900.0000,3890,2409.3872,0.0000,1000,1000,334,1,985.3778
38910.0000,3891,2409.3668,0.0000,1000,1000,325,1,985.3815
38920.0000,3892,2409.3444,0.0000,1000,1000,322,1,985.3853
38930.0000,3893,2409.3220,0.0000,1000,1000,321,1,985.3890
38940.0000,3894,2409.2992,0.0000,1000,1000,317,1,985.3928
38950.0000,3895,2409.2765,0.0000,1000,1000,323,1,985.3965
38960.0000,3896,2409.2543,0.0000,1000,1000,320,1,985.4003
38970.0000,3897,2409.2316,0.0000,1000,1000,322,1,985.4040
38980.0000,3898,2409.2113,0.0000,1000,1000,333,1,985.4078
38990.0000,3899,2409.1919,0.0000,1000,1000,334,1,985.4115
39000.0000,3900,2409.1724,0.0000,1000,1000,334,1,985.4153
39010.0000,3901,2409.1518,0.0000,1000,1000,327,1,985.4190
39020.0000,3902,2409.1304,0.0000,1000,1000,322,1,985.4227
39030.0000,3903,2409.1069,0.0000,1000,1000,316,1,985.4265
39040.0000,3904,2409.0837,0.0000,1000,1000,317,1,985.4302
39050.0000,3905,2409.0589,0.0000,1000,1000,311,1,985.4339
39060.0000,3906,2409.0326,0.0000,1000,1000,303,1,985.4377
39070.0000,3907,2409.0065,0.0000,1000,1000,309,1,985.4414
39080.0000,3908,2408.9808,0.0000,1000,1000,310,1,985.4451
39090.0000,3909,2408.9561,0.0000,1000,1000,311,1,985.4488
39100.0000,3910,2408.9317,0.0000,1000,1000,319,1,985.4526
39110.0000,3911,2408.9089,0.0000,1000,1000,319,1,985.4563
39120.0000,3912,2408.8857,0.0000,1000,1000,319,1,985.4600
39130.0000,3913,2408.8622,0.0000,1000,1000,315,1,985.4637
39140.0000,3914,2408.8371,0.0000,1000,1000,308,1,985.4674
39150.0000,3915,2408.8112,0.0000,1000,1000,304,1,985.4711
39160.0000,3916,2408.7855,0.0000,1000,1000,313,1,985.4749
39170.0000,3917,2408.7607,0.0000,1000,1000,311,1,985.4786
39180.0000,3918,2408.7353,0.0000,1000,1000,306,1,985.4823
39190.0000,3919,2408.7089,0.0000,1000,1000,305,1,985.4860
39200.0000,3920,2408.6820,0.0000,1000,1000,301,1,985.4897
39210.0000,3921,2408.6549,0.0000,1000,1000,305,1,985.4934
39220.0000,3922,2408.6275,0.0000,1000,1000,300,1,985.4971
39230.0000,3923,2408.5995,0.0000,1000,1000,297,1,985.5008
39240.0000,3924,2408.5712,0.0000,1000,1000,295,1,985.5045
39250.0000,3925,2408.5423,0.0000,1000,1000,294,1,985.5082
39260.0000,3926,2408.5133,0.0000,1000,1000,291,1,985.5119
39270.0000,3927,2408.4829,0.0000,1000,1000,286,1,985.5155
39280.0000,3928,2408.4519,0.0000,1000,1000,284,1,985.5192
39290.0000,3929,2408.4213,0.0000,1000,1000,291,1,985.5229
39300.0000,3930,2408.3908,0.0000,1000,1000,284,1,985.5266
39310.0000,3931,2408.3592,0.0000,1000,1000,283,1,985.5303
39320.0000,3932,2408.3275,0.0000,1000,1000,284,1,985.5340
39330.0000,3933,2408.2956,0.0000,1000,1000,281,1,985.5376
39340.0000,3934,2408.2643,0.0000,1000,1000,284,1,985.5413
39350.0000,3935,2408.2326,0.0000,1000,1000,283,1,985.5450
39360.0000,3936,2408.2001,0.0000,1000,1000,274,1,985.5487
39370.0000,3937,2408.1660,0.0000,1000,1000,278,1,985.5523
39380.0000,3938,2408.1328,0.0000,1000,1000,277,1,985.5560
39390.0000,3939,2408.0996,0.0000,1000,1000,276,1,985.5597
39400.0000,3940,2408.0653,0.0000,1000,1000,272,1,985.5633
39410.0000,3941,2408.0308,0.0000,1000,1000,273,1,985.5670
39420.0000,3942,2407.9965,0.0000,1000,1000,273,1,985.5707
39430.0000,3943,2407.9620,0.0000,1000,1000,267,1,985.5743
39440.0000,3944,2407.9260,0.0000,1000,1000,262,1,985.5780
39450.0000,3945,2407.8889,0.0000,1000,1000,261,1,985.5816
39460.0000,3946,2407.8525,0.0000,1000,1000,265,1,985.5853
39470.0000,3947,2407.8177,0.0000,1000,1000,273,1,985.5889
39480.0000,3948,2407.7839,0.0000,1000,1000,274,1,985.5926
39490.0000,3949,2407.7499,0.0000,1000,1000,271,1,985.5962
39500.0000,3950,2407.7155,0.0000,1000,1000,271,1,985.5999
39510.0000,3951,2407.6814,0.0000,1000,1000,273,1,985.6035
39520.0000,3952,2407.6470,0.0000,1000,1000,274,1,985.6072
39530.0000,3953,2407.6137,0.0000,1000,1000,276,1,985.6108
39540.0000,3954,2407.5810,0.0000,1000,1000,280,1,985.6144
39550.0000,3955,2407.5488,0.0000,1000,1000,278,1,985.6181
39560.0000,3956,2407.5163,0.0000,1000,1000,280,1,985.6217
39570.0000,3957,2407.4839,0.0000,1000,1000,282,1,985.6254
39580.0000,3958,2407.4523,0.0000,1000,1000,282,1,985.6290
39590.0000,3959,2407.4203,0.0000,1000,1000,277,1,985.6326
39600.0000,3960,2407.3873,0.0000,1000,1000,270,1,985.6362
39610.0000,3961,2407.3521,0.0000,1000,1000,268,1,985.6399
39620.0000,3962,2407.3179,0.0000,1000,1000,273,1,985.6435
39630.0000,3963,2407.2838,0.0000,1000,1000,278,1,985.6471
39640.0000,3964,2407.2503,0.0000,1000,1000,273,1,985.6507
39650.0000,3965,2407.2159,0.0000,1000,1000,267,1,985.6544
39660.0000,3966,2407.1809,0.0000,1000,1000,266,1,985.6580
39670.0000,3967,2407.1453,0.0000,1000,1000,266,1,985.6616
39680.0000,3968,2407.1092,0.0000,1000,1000,260,1,985.6652
39690.0000,3969,2407.0708,0.0000,1000,1000,252,1,985.6688
39700.0000,3970,2407.0319,0.0000,1000,1000,252,1,985.6724
39710.0000,3971,2406.9934,0.0000,1000,1000,250,1,985.6760
39720.0000,3972,2406.9532,0.0000,1000,1000,244,1,985.6796
39730.0000,3973,2406.9110,0.0000,1000,1000,236,1,985.6832
39740.0000,3974,2406.8671,0.0000,1000,1000,228,1,985.6868
39750.0000,3975,2406.8221,0.0000,1000,1000,230,1,985.6904
39760.0000,3976,2406.7783,0.0000,1000,1000,235,1,985.6940
39770.0000,3977,2406.7345,0.0000,1000,1000,233,1,985.6976
39780.0000,3978,2406.6910,0.0000,1000,1000,233,1,985.7012
39790.0000,3979,2406.6487,0.0000,1000,1000,245,1,985.7048
39800.0000,3980,2406.6076,0.0000,1000,1000,244,1,985.7084
39810.0000,3981,2406.5672,0.0000,1000,1000,245,1,985.7120
39820.0000,3982,2406.5264,0.0000,1000,1000,246,1,985.7156
39830.0000,3983,2406.4857,0.0000,1000,1000,243,1,985.7192
39840.0000,3984,2406.4445,0.0000,1000,1000,246,1,985.7228
39850.0000,3985,2406.4029,0.0000,1000,1000,235,1,985.7264
39860.0000,3986,2406.3602,0.0000,1000,1000,233,1,985.7299
39870.0000,3987,2406.3167,0.0000,1000,1000,233,1,985.7335
39880.0000,3988,2406.2730,0.0000,1000,1000,229,1,985.7371
39890.0000,3989,2406.2281,0.0000,1000,1000,225,1,985.7407
39900.0000,3990,2406.1820,0.0000,1000,1000,225,1,985.7442
39910.0000,3991,2406.1354,0.0000,1000,1000,218,1,985.7478
39920.0000,3992,2406.0871,0.0000,1000,1000,213,1,985.7514
39930.0000,3993,2406.0387,0.0000,1000,1000,209,1,985.7550
39940.0000,3994,2405.9896,0.0000,1000,1000,212,1,985.7585
39950.0000,3995,2405.9414,0.0000,1000,1000,215,1,985.7621
39960.0000,3996,2405.8940,0.0000,1000,1000,217,1,985.7656
39970.0000,3997,2405.8471,0.0000,1000,1000,218,1,985.7692
39980.0000,3998,2405.7993,0.0000,1000,1000,211,1,985.7728
39990.0000,3999,2405.7501,0.0000,1000,1000,212,1,985.7763
40000.0000,4000,2405.7021,0.0000,1000,1000,214,1,985.7799
40010.0000,4001,2405.6550,0.0000,1000,1000,222,1,985.7834
40020.0000,4002,2405.6090,0.0000,1000,1000,218,1,985.7870
40030.0000,4003,2405.5626,0.0000,1000,1000,219,1,985.7905
40040.0000,4004,2405.5169,0.0000,1000,1000,222,1,985.7941
40050.0000,4005,2405.4698,0.0000,1000,1000,214,1,985.7976
40060.0000,4006,2405.4222,0.0000,1000,1000,214,1,985.8012
40070.0000,4007,2405.3739,0.0000,1000,1000,212,1,985.8047
40080.0000,4008,2405.3263,0.0000,1000,1000,214,1,985.8083
40090.0000,4009,2405.2777,0.0000,1000,1000,209,1,985.8118
40100.0000,4010,2405.2291,0.0000,1000,1000,213,1,985.8153
40110.0000,4011,2405.1812,0.0000,1000,1000,216,1,985.8189
40120.0000,4012,2405.1341,0.0000,1000,1000,217,1,985.8224
40130.0000,4013,2405.0864,0.0000,1000,1000,213,1,985.8259
40140.0000,4014,2405.0373,0.0000,1000,1000,205,1,985.8295
40150.0000,4015,2404.9865,0.0000,1000,1000,198,1,985.8330
40160.0000,4016,2404.9349,0.0000,1000,1000,196,1,985.8365
40170.0000,4017,2404.8840,0.0000,1000,1000,204,1,985.8401
40180.0000,4018,2404.8345,0.0000,1000,1000,203,1,985.8436
40190.0000,4019,2404.7849,0.0000,1000,1000,209,1,985.8471
40200.0000,4020,2404.7372,0.0000,1000,1000,216,1,985.8506
40210.0000,4021,2404.6897,0.0000,1000,1000,212,1,985.8541
40220.0000,4022,2404.6409,0.0000,1000,1000,206,1,985.8577
40230.0000,4023,2404.5916,0.0000,1000,1000,205,1,985.8612
40240.0000,4024,2404.5417,0.0000,1000,1000,203,1,985.8647
40250.0000,4025,2404.4909,0.0000,1000,1000,195,1,985.8682
40260.0000,4026,2404.4378,0.0000,1000,1000,188,1,985.8717
40270.0000,4027,2404.3836,0.0000,1000,1000,188,1,985.8752
40280.0000,4028,2404.3293,0.0000,1000,1000,184,1,985.8787
40290.0000,4029,2404.2750,0.0000,1000,1000,185,1,985.8822
40300.0000,4030,2404.2207,0.0000,1000,1000,185,1,985.8857
40310.0000,4031,2404.1660,0.0000,1000,1000,181,1,985.8892
40320.0000,4032,2404.1114,0.0000,1000,1000,187,1,985.8927
40330.0000,4033,2404.0578,0.0000,1000,1000,188,1,985.8962
40340.0000,4034,2404.0045,0.0000,1000,1000,189,1,985.8997
40350.0000,4035,2403.9521,0.0000,1000,1000,193,1,985.9032
40360.0000,4036,2403.8984,0.0000,1000,1000,185,1,985.9067
40370.0000,4037,2403.8444,0.0000,1000,1000,186,1,985.9102
40380.0000,4038,2403.7905,0.0000,1000,1000,185,1,985.9137
40390.0000,4039,2403.7363,0.0000,1000,1000,185,1,985.9172
40400.0000,4040,2403.6821,0.0000,1000,1000,183,1,985.9207
40410.0000,4041,2403.6281,0.0000,1000,1000,182,1,985.9242
40420.0000,4042,2403.5725,0.0000,1000,1000,177,1,985.9276
40430.0000,4043,2403.5165,0.0000,1000,1000,180,1,985.9311
40440.0000,4044,2403.4616,0.0000,1000,1000,181,1,985.9346
40450.0000,4045,2403.4076,0.0000,1000,1000,187,1,985.9381
40460.0000,4046,2403.3538,0.0000,1000,1000,184,1,985.9416
40470.0000,4047,2403.2993,0.0000,1000,1000,180,1,985.9450
40480.0000,4048,2403.2429,0.0000,1000,1000,172,1,985.9485
40490.0000,4049,2403.1853,0.0000,1000,1000,173,1,985.9520
40500.0000,4050,2403.1280,0.0000,1000,1000,168,1,985.9554
40510.0000,4051,2403.0693,0.0000,1000,1000,164,1,985.9589
40520.0000,4052,2403.0099,0.0000,1000,1000,166,1,985.9624
40530.0000,4053,2402.9517,0.0000,1000,1000,166,1,985.9658
40540.0000,4054,2402.8938,0.0000,1000,1000,170,1,985.9693
40550.0000,4055,2402.8359,0.0000,1000,1000,167,1,985.9728
40560.0000,4056,2402.7782,0.0000,1000,1000,162,1,985.9762
40570.0000,4057,2402.7191,0.0000,1000,1000,161,1,985.9797
40580.0000,4058,2402.6590,0.0000,1000,1000,156,1,985.9831
40590.0000,4059,2402.5985,0.0000,1000,1000,156,1,985.9866
40600.0000,4060,2402.5370,0.0000,1000,1000,153,1,985.9900
40610.0000,4061,2402.4756,0.0000,1000,1000,150,1,985.9935
40620.0000,4062,2402.4129,0.0000,1000,1000,147,1,985.9969
40630.0000,4063,2402.3501,0.0000,1000,1000,149,1,986.0004
40640.0000,4064,2402.2871,0.0000,1000,1000,144,1,986.0038
40650.0000,4065,2402.2234,0.0000,1000,1000,138,1,986.0073
40660.0000,4066,2402.1589,0.0000,1000,1000,139,1,986.0107
40670.0000,4067,2402.0944,0.0000,1000,1000,138,1,986.0141
40680.0000,4068,2402.0305,0.0000,1000,1000,146,1,986.0176
40690.0000,4069,2401.9679,0.0000,1000,1000,148,1,986.0210
40700.0000,4070,2401.9049,0.0000,1000,1000,145,1,986.0245
40710.0000,4071,2401.8430,0.0000,1000,1000,155,1,986.0279
40720.0000,4072,2401.7825,0.0000,1000,1000,155,1,986.0313
40730.0000,4073,2401.7222,0.0000,1000,1000,157,1,986.0347
40740.0000,4074,2401.6625,0.0000,1000,1000,159,1,986.0382
40750.0000,4075,2401.6025,0.0000,1000,1000,157,1,986.0416
40760.0000,4076,2401.5428,0.0000,1000,1000,158,1,986.0450
40770.0000,4077,2401.4832,0.0000,1000,1000,157,1,986.0484
40780.0000,4078,2401.4224,0.0000,1000,1000,154,1,986.0519
40790.0000,4079,2401.3623,0.0000,1000,1000,160,1,986.0553
40800.0000,4080,2401.3029,0.0000,1000,1000,158,1,986.0587
40810.0000,4081,2401.2427,0.0000,1000,1000,155,1,986.0621
40820.0000,4082,2401.1823,0.0000,1000,1000,157,1,986.0655
40830.0000,4083,2401.1218,0.0000,1000,1000,155,1,986.0690
40840.0000,4084,2401.0600,0.0000,1000,1000,143,1,986.0724
40850.0000,4085,2400.9951,0.0000,1000,1000,130,1,986.0758
40860.0000,4086,2400.9292,0.0000,1000,1000,132,1,986.0792
40870.0000,4087,2400.8639,0.0000,1000,1000,129,1,986.0826
40880.0000,4088,2400.7975,0.0000,1000,1000,129,1,986.0860
40890.0000,4089,2400.7300,0.0000,1000,1000,122,1,986.0894
40900.0000,4090,2400.6620,0.0000,1000,1000,125,1,986.0928
40910.0000,4091,2400.5934,0.0000,1000,1000,119,1,986.0962
40920.0000,4092,2400.5252,0.0000,1000,1000,123,1,986.0996
40930.0000,4093,2400.4569,0.0000,1000,1000,115,1,986.1030
40940.0000,4094,2400.3863,0.0000,1000,1000,110,1,986.1064
40950.0000,4095,2400.3159,0.0000,1000,1000,112,1,986.1098
40960.0000,4096,2400.2449,0.0000,1000,1000,108,1,986.1132
40970.0000,4097,2400.1743,0.0000,1000,1000,111,1,986.1166
40980.0000,4098,2400.1034,0.0000,1000,1000,110,1,986.1199
40990.0000,4099,2400.0321,0.0000,1000,1000,107,1,986.1233
41000.0000,4100,2399.9601,0.0000,1000,1000,102,1,986.1267
41010.0000,4101,2399.8864,0.0000,1000,1000,95,1,986.1301
41020.0000,4102,2399.8118,0.0000,1000,1000,95,1,986.1335
41030.0000,4103,2399.7374,0.0000,1000,1000,91,1,986.1369
41040.0000,4104,2399.6619,0.0000,1000,1000,89,1,986.1402
41050.0000,4105,2399.5857,0.0000,1000,1000,90,1,986.1436
41060.0000,4106,2399.5115,0.0000,1000,1000,97,1,986.1470
41070.0000,4107,2399.4384,0.0000,1000,1000,102,1,986.1504
41080.0000,4108,2399.3650,0.0000,1000,1000,92,1,986.1537
41090.0000,4109,2399.2906,0.0000,1000,1000,95,1,986.1571
41100.0000,4110,2399.2168,0.0000,1000,1000,98,1,986.1605
41110.0000,4111,2399.1431,0.0000,1000,1000,94,1,986.1638
41120.0000,4112,2399.0685,0.0000,1000,1000,89,1,986.1672
41130.0000,4113,2398.9931,0.0000,1000,1000,90,1,986.1706
41140.0000,4114,2398.9171,0.0000,1000,1000,86,1,986.1739
41150.0000,4115,2398.8406,0.0000,1000,1000,80,1,986.1773
41160.0000,4116,2398.7628,0.0000,1000,1000,76,1,986.1806
41170.0000,4117,2398.6852,0.0000,1000,1000,82,1,986.1840
41180.0000,4118,2398.6075,0.0000,1000,1000,77,1,986.1874
41190.0000,4119,2398.5295,0.0000,1000,1000,82,1,986.1907
41200.0000,4120,2398.4521,0.0000,1000,1000,80,1,986.1941
41210.0000,4121,2398.3759,0.0000,1000,1000,88,1,986.1974
41220.0000,4122,2398.3001,0.0000,1000,1000,88,1,986.2008
41230.0000,4123,2398.2253,0.0000,1000,1000,87,1,986.2041
41240.0000,4124,2398.1497,0.0000,1000,1000,84,1,986.2075
41250.0000,4125,2398.0733,0.0000,1000,1000,84,1,986.2108
41260.0000,4126,2397.9967,0.0000,1000,1000,82,1,986.2141
41270.0000,4127,2397.9204,0.0000,1000,1000,83,1,986.2175
41280.0000,4128,2397.8441,0.0000,1000,1000,83,1,986.2208
41290.0000,4129,2397.7675,0.0000,1000,1000,82,1,986.2242
41300.0000,4130,2397.6910,0.0000,1000,1000,84,1,986.2275
41310.0000,4131,2397.6151,0.0000,1000,1000,83,1,986.2308
41320.0000,4132,2397.5387,0.0000,1000,1000,85,1,986.2342
41330.0000,4133,2397.4629,0.0000,1000,1000,81,1,986.2375
41340.0000,4134,2397.3862,0.0000,1000,1000,79,1,986.2408
41350.0000,4135,2397.3078,0.0000,1000,1000,75,1,986.2441
41360.0000,4136,2397.2294,0.0000,1000,1000,73,1,986.2475
41370.0000,4137,2397.1514,0.0000,1000,1000,78,1,986.2508
41380.0000,4138,2397.0748,0.0000,1000,1000,82,1,986.2541
41390.0000,4139,2396.9977,0.0000,1000,1000,78,1,986.2574
41400.0000,4140,2396.9207,0.0000,1000,1000,80,1,986.2608
41410.0000,4141,2396.8437,0.0000,1000,1000,79,1,986.2641
41420.0000,4142,2396.7671,0.0000,1000,1000,80,1,986.2674
41430.0000,4143,2396.6912,0.0000,1000,1000,82,1,986.2707
41440.0000,4144,2396.6155,0.0000,1000,1000,83,1,986.2740
41450.0000,4145,2396.5395,0.0000,1000,1000,81,1,986.2773
41460.0000,4146,2396.4641,0.0000,1000,1000,83,1,986.2806
41470.0000,4147,2396.3881,0.0000,1000,1000,77,1,986.2839
41480.0000,4148,2396.3108,0.0000,1000,1000,73,1,986.2873
41490.0000,4149,2396.2331,0.0000,1000,1000,76,1,986.2906
41500.0000,4150,2396.1558,0.0000,1000,1000,74,1,986.2939
41510.0000,4151,2396.0777,0.0000,1000,1000,74,1,986.2972
41520.0000,4152,2396.0002,0.0000,1000,1000,77,1,986.3005
41530.0000,4153,2395.9245,0.0000,1000,1000,80,1,986.3038
41540.0000,4154,2395.8480,0.0000,1000,1000,79,1,986.3071
41550.0000,4155,2395.7721,0.0000,1000,1000,80,1,986.3104
41560.0000,4156,2395.6961,0.0000,1000,1000,82,1,986.3136
41570.0000,4157,2395.6201,0.0000,1000,1000,78,1,986.3169
41580.0000,4158,2395.5426,0.0000,1000,1000,68,1,986.3202
41590.0000,4159,2395.4648,0.0000,1000,1000,74,1,986.3235
41600.0000,4160,2395.3878,0.0000,1000,1000,69,1,986.3268
41610.0000,4161,2395.3091,0.0000,1000,1000,70,1,986.3301
41620.0000,4162,2395.2316,0.0000,1000,1000,76,1,986.3334
41630.0000,4163,2395.1560,0.0000,1000,1000,87,1,986.3367
41640.0000,4164,2395.0811,0.0000,1000,1000,80,1,986.3399
41650.0000,4165,2395.0050,0.0000,1000,1000,76,1,986.3432
41660.0000,4166,2394.9281,0.0000,1000,1000,75,1,986.3465
41670.0000,4167,2394.8512,0.0000,1000,1000,75,1,986.3498
41680.0000,4168,2394.7738,0.0000,1000,1000,70,1,986.3531
41690.0000,4169,2394.6960,0.0000,1000,1000,71,1,986.3563
41700.0000,4170,2394.6182,0.0000,1000,1000,66,1,986.3596
41710.0000,4171,2394.5391,0.0000,1000,1000,60,1,986.3629
41720.0000,4172,2394.4591,0.0000,1000,1000,58,1,986.3661
41730.0000,4173,2394.3786,0.0000,1000,1000,58,1,986.3694
41740.0000,4174,2394.2977,0.0000,1000,1000,53,1,986.3727
41750.0000,4175,2394.2151,0.0000,1000,1000,48,1,986.3759
41760.0000,4176,2394.1318,0.0000,1000,1000,45,1,986.3792
41770.0000,4177,2394.0493,0.0000,1000,1000,49,1,986.3825
41780.0000,4178,2393.9674,0.0000,1000,1000,52,1,986.3857
41790.0000,4179,2393.8857,0.0000,1000,1000,51,1,986.3890
41800.0000,4180,2393.8040,0.0000,1000,1000,49,1,986.3922
41810.0000,4181,2393.7204,0.0000,1000,1000,43,1,986.3955
41820.0000,4182,2393.6364,0.0000,1000,1000,38,1,986.3987
41830.0000,4183,2393.5515,0.0000,1000,1000,34,1,986.4020
41840.0000,4184,2393.4657,0.0000,1000,1000,34,1,986.4052
41850.0000,4185,2393.3800,0.0000,1000,1000,36,1,986.4085
41860.0000,4186,2393.2944,0.0000,1000,1000,35,1,986.4117
41870.0000,4187,2393.2081,0.0000,1000,1000,31,1,986.4150
41880.0000,4188,2393.1211,0.0000,1000,1000,25,1,986.4182
41890.0000,4189,2393.0332,0.0000,1000,1000,25,1,986.4215
41900.0000,4190,2392.9456,0.0000,1000,1000,27,1,986.4247
41910.0000,4191,2392.8585,0.0000,1000,1000,30,1,986.4279
41920.0000,4192,2392.7721,0.0000,1000,1000,30,1,986.4312
41930.0000,4193,2392.6845,0.0000,1000,1000,19,1,986.4344
41940.0000,4194,2392.5956,0.0000,1000,1000,23,1,986.4377
41950.0000,4195,2392.5079,0.0000,999,1000,28,1,986.4409
41960.0000,4196,2392.4223,0.0000,999,1000,38,1,986.4441
41970.0000,4197,2392.3386,0.0000,999,1000,46,1,986.4473
41980.0000,4198,2392.2577,0.0000,999,1000,58,1,986.4506
41990.0000,4199,2392.1790,0.0000,997,1000,71,1,986.4538
42000.0000,4200,2392.1028,0.0000,996,1000,81,1,986.4570
42010.0000,4201,2392.0296,0.0000,1000,1000,91,1,986.4603
42020.0000,4202,2391.9587,0.0000,1000,1000,99,1,986.4635
42030.0000,4203,2391.8902,0.0000,997,1000,110,1,986.4667
42040.0000,4204,2391.8236,0.0000,999,1000,117,1,986.4699
42050.0000,4205,2391.7592,0.0000,997,1000,125,1,986.4731
42060.0000,4206,2391.6951,0.0000,996,1000,132,1,986.4763
42070.0000,4207,2391.6346,0.0000,999,1000,143,1,986.4796
42080.0000,4208,2391.5761,0.0000,998,1000,150,1,986.4828
42090.0000,4209,2391.5183,0.0000,991,1000,156,1,986.4860
42100.0000,4210,2391.4615,0.0000,993,1000,163,1,986.4892
42110.0000,4211,2391.4070,0.0000,996,1000,171,1,986.4924
42120.0000,4212,2391.3531,0.0000,986,1000,180,1,986.4956
42130.0000,4213,2391.3001,0.0000,978,1000,189,1,986.4988
42140.0000,4214,2391.2477,0.0000,975,1000,195,1,986.5020
42150.0000,4215,2391.1959,0.0000,970,1000,202,1,986.5052
42160.0000,4216,2391.1437,0.0000,963,1000,209,1,986.5084
42170.0000,4217,2391.0930,0.0000,963,1000,218,1,986.5116
42180.0000,4218,2391.0431,0.0000,952,1000,227,1,986.5148
42190.0000,4219,2390.9928,0.0000,946,1000,237,1,986.5180
42200.0000,4220,2390.9445,0.0000,947,1000,248,1,986.5212
42210.0000,4221,2390.8992,0.0000,945,1000,261,1,986.5244
42220.0000,4222,2390.8581,0.0000,954,1000,268,1,986.5276
42230.0000,4223,2390.8179,0.0000,946,1000,273,1,986.5308
42240.0000,4224,2390.7788,0.0000,944,1000,285,1,986.5340
42250.0000,4225,2390.7409,0.0000,940,1000,296,1,986.5372
42260.0000,4226,2390.7053,0.0000,940,1000,304,1,986.5404
42270.0000,4227,2390.6709,0.0000,936,1000,312,1,986.5435
42280.0000,4228,2390.6384,0.0000,936,1000,320,1,986.5467
42290.0000,4229,2390.6065,0.0000,925,1000,327,1,986.5499
42300.0000,4230,2390.5746,0.0000,926,1000,332,1,986.5531
42310.0000,4231,2390.5452,0.0000,926,1000,346,1,986.5563
42320.0000,4232,2390.5196,0.0000,929,1000,360,1,986.5594
42330.0000,4233,2390.4968,0.0000,924,1000,370,1,986.5626
42340.0000,4234,2390.4741,0.0000,918,1000,376,1,986.5658
42350.0000,4235,2390.4528,0.0000,914,1000,391,1,986.5690
42360.0000,4236,2390.4323,0.0000,910,1000,397,1,986.5721
42370.0000,4237,2390.4126,0.0000,905,1000,404,1,986.5753
42380.0000,4238,2390.3947,0.0000,904,1000,418,1,986.5785
42390.0000,4239,2390.3801,0.0000,901,1000,430,1,986.5816
42400.0000,4240,2390.3667,0.0000,898,1000,437,1,986.5848
42410.0000,4241,2390.3547,0.0000,897,1000,448,1,986.5880
42420.0000,4242,2390.3456,0.0000,898,1000,459,1,986.5911
42430.0000,4243,2390.3378,0.0000,895,1000,468,1,986.5943
42440.0000,4244,2390.3326,0.0000,890,1000,478,1,986.5974
42450.0000,4245,2390.3282,0.0000,893,1000,487,1,986.6006
42460.0000,4246,2390.3258,0.0000,892,1000,491,1,986.6038
42470.0000,4247,2390.3255,0.0000,893,1000,501,1,986.6069
42480.0000,4248,2390.3275,0.0000,894,1000,512,1,986.6101
42490.0000,4249,2390.3315,0.0000,883,1000,523,1,986.6132
42500.0000,4250,2390.3358,0.0000,882,1000,532,1,986.6164
42510.0000,4251,2390.3422,0.0000,875,1000,542,1,986.6195
42520.0000,4252,2390.3493,0.0000,871,1000,555,1,986.6227
42530.0000,4253,2390.3589,0.0000,869,1000,566,1,986.6258
42540.0000,4254,2390.3701,0.0000,868,1000,577,1,986.6289
42550.0000,4255,2390.3847,0.0000,869,1000,589,1,986.6321
42560.0000,4256,2390.4015,0.0000,865,1000,603,1,986.6352
42570.0000,4257,2390.4193,0.0000,861,1000,606,1,986.6384
42580.0000,4258,2390.4389,0.0000,859,1000,619,1,986.6415
42590.0000,4259,2390.4608,0.0000,857,1000,630,1,986.6446
42600.0000,4260,2390.4840,0.0000,860,1000,636,1,986.6478
42610.0000,4261,2390.5085,0.0000,855,1000,643,1,986.6509
42620.0000,4262,2390.5361,0.0000,854,1000,662,1,986.6540
42630.0000,4263,2390.5655,0.0000,845,1000,671,1,986.6572
42640.0000,4264,2390.5963,0.0000,850,1000,679,1,986.6603
42650.0000,4265,2390.6293,0.0000,850,1000,684,1,986.6634
42660.0000,4266,2390.6637,0.0000,850,1000,691,1,986.6666
42670.0000,4267,2390.7006,0.0000,850,1000,702,1,986.6697
42680.0000,4268,2390.7397,0.0000,846,1000,714,1,986.6728
42690.0000,4269,2390.7810,0.0000,851,1000,728,1,986.6759
42700.0000,4270,2390.8262,0.0000,852,1000,738,1,986.6790
42710.0000,4271,2390.8723,0.0000,843,1000,747,1,986.6822
42720.0000,4272,2390.9200,0.0000,844,1000,758,1,986.6853
42730.0000,4273,2390.9702,0.0000,848,1000,763,1,986.6884
42740.0000,4274,2391.0223,0.0000,848,1000,770,1,986.6915
42750.0000,4275,2391.0765,0.0000,846,1000,777,1,986.6946
42760.0000,4276,2391.1312,0.0000,843,1000,783,1,986.6977
42770.0000,4277,2391.1859,0.0000,836,1000,789,1,986.7008
42780.0000,4278,2391.2420,0.0000,838,1000,797,1,986.7040
42790.0000,4279,2391.2995,0.0000,835,1000,806,1,986.7071
42800.0000,4280,2391.3591,0.0000,838,1000,819,1,986.7102
42810.0000,4281,2391.4223,0.0000,837,1000,829,1,986.7133
42820.0000,4282,2391.4880,0.0000,842,1000,839,1,986.7164
42830.0000,4283,2391.5570,0.0000,841,1000,848,1,986.7195
42840.0000,4284,2391.6268,0.0000,837,1000,855,1,986.7226
42850.0000,4285,2391.6973,0.0000,832,1000,863,1,986.7257
42860.0000,4286,2391.7670,0.0000,825,1000,871,1,986.7288
42870.0000,4287,2391.8398,0.0000,828,1000,882,1,986.7319
42880.0000,4288,2391.9147,0.0000,830,1000,888,1,986.7350
42890.0000,4289,2391.9905,0.0000,825,1000,893,1,986.7381
42900.0000,4290,2392.0669,0.0000,823,1000,900,1,986.7411
42910.0000,4291,2392.1449,0.0000,825,1000,906,1,986.7442
42920.0000,4292,2392.2247,0.0000,824,1000,913,1,986.7473
42930.0000,4293,2392.3061,0.0000,827,1000,923,1,986.7504
42940.0000,4294,2392.3908,0.0000,826,1000,932,1,986.7535
42950.0000,4295,2392.4782,0.0000,830,1000,941,1,986.7566
42960.0000,4296,2392.5671,0.0000,828,1000,950,1,986.7597
42970.0000,4297,2392.6574,0.0000,827,1000,957,1,986.7627
42980.0000,4298,2392.7501,0.0000,831,1000,963,1,986.7658
42990.0000,4299,2392.8441,0.0000,825,1000,972,1,986.7689
43000.0000,4300,2392.9402,0.0000,822,1000,982,1,986.7720
43010.0000,4301,2393.0376,0.0000,827,1000,990,1,986.7751
43020.0000,4302,2393.1370,0.0000,828,1000,999,1,986.7781
43030.0000,4303,2393.2376,0.0000,824,1000,1000,1,986.7812
43040.0000,4304,2393.3383,0.0000,829,1000,1000,1,986.7843
43050.0000,4305,2393.4386,0.0000,820,1000,1000,1,986.7873
43060.0000,4306,2393.5370,0.0000,817,1000,1000,1,986.7904
43070.0000,4307,2393.6355,0.0000,818,1000,1000,1,986.7935
43080.0000,4308,2393.7350,0.0000,824,1000,1000,1,986.7965
43090.0000,4309,2393.8346,0.0000,822,1000,1000,1,986.7996
43100.0000,4310,2393.9335,0.0000,819,1000,1000,1,986.8027
43110.0000,4311,2394.0309,0.0000,812,1000,1000,1,986.8057
43120.0000,4312,2394.1285,0.0000,818,1000,1000,1,986.8088
43130.0000,4313,2394.2276,0.0000,823,1000,1000,1,986.8119
43140.0000,4314,2394.3270,0.0000,825,1000,1000,1,986.8149
43150.0000,4315,2394.4260,0.0000,819,1000,1000,1,986.8180
43160.0000,4316,2394.5237,0.0000,816,1000,1000,1,986.8210
43170.0000,4317,2394.6203,0.0000,807,1000,1000,1,986.8241
43180.0000,4318,2394.7159,0.0000,810,1000,1000,1,986.8271
43190.0000,4319,2394.8124,0.0000,814,1000,1000,1,986.8302
43200.0000,4320,2394.9097,0.0000,813,1000,1000,1,986.8332
43210.0000,4321,2395.0063,0.0000,814,1000,1000,1,986.8363
43220.0000,4322,2395.1032,0.0000,812,1000,1000,1,986.8393
43230.0000,4323,2395.1997,0.0000,814,1000,1000,1,986.8424
43240.0000,4324,2395.2964,0.0000,813,1000,1000,1,986.8454
43250.0000,4325,2395.3927,0.0000,811,1000,1000,1,986.8484
43260.0000,4326,2395.4881,0.0000,809,1000,1000,1,986.8515
43270.0000,4327,2395.5843,0.0000,811,1000,1000,1,986.8545
43280.0000,4328,2395.6800,0.0000,807,1000,1000,1,986.8576
43290.0000,4329,2395.7742,0.0000,800,1000,1000,1,986.8606
43300.0000,4330,2395.8689,0.0000,809,1000,1000,1,986.8636
43310.0000,4331,2395.9639,0.0000,803,1000,1000,1,986.8667
43320.0000,4332,2396.0568,0.0000,795,1000,1000,1,986.8697
43330.0000,4333,2396.1495,0.0000,796,1000,1000,1,986.8727
43340.0000,4334,2396.2422,0.0000,799,1000,1000,1,986.8758
43350.0000,4335,2396.3360,0.0000,806,1000,1000,1,986.8788
43360.0000,4336,2396.4312,0.0000,806,1000,1000,1,986.8818
43370.0000,4337,2396.5257,0.0000,807,1000,1000,1,986.8848
43380.0000,4338,2396.6207,0.0000,813,1000,1000,1,986.8879
43390.0000,4339,2396.7166,0.0000,809,1000,1000,1,986.8909
43400.0000,4340,2396.8107,0.0000,803,1000,1000,1,986.8939
43410.0000,4341,2396.9034,0.0000,796,1000,1000,1,986.8969
43420.0000,4342,2396.9942,0.0000,790,1000,1000,1,986.8999
43430.0000,4343,2397.0854,0.0000,794,1000,1000,1,986.9030
43440.0000,4344,2397.1765,0.0000,791,1000,1000,1,986.9060
43450.0000,4345,2397.2668,0.0000,789,1000,1000,1,986.9090
43460.0000,4346,2397.3569,0.0000,788,1000,1000,1,986.9120
43470.0000,4347,2397.4468,0.0000,789,1000,1000,1,986.9150
43480.0000,4348,2397.5362,0.0000,786,1000,1000,1,986.9180
43490.0000,4349,2397.6261,0.0000,791,1000,1000,1,986.9210
43500.0000,4350,2397.7157,0.0000,785,1000,1000,1,986.9240
43510.0000,4351,2397.8051,0.0000,790,1000,1000,1,986.9270
43520.0000,4352,2397.8954,0.0000,791,1000,1000,1,986.9300
43530.0000,4353,2397.9860,0.0000,794,1000,1000,1,986.9330
43540.0000,4354,2398.0768,0.0000,794,1000,1000,1,986.9360
43550.0000,4355,2398.1676,0.0000,794,1000,1000,1,986.9390
43560.0000,4356,2398.2589,0.0000,797,1000,1000,1,986.9420
43570.0000,4357,2398.3507,0.0000,802,1000,1000,1,986.9450
43580.0000,4358,2398.4426,0.0000,799,1000,1000,1,986.9480
43590.0000,4359,2398.5347,0.0000,801,1000,1000,1,986.9510
43600.0000,4360,2398.6261,0.0000,795,1000,1000,1,986.9540
43610.0000,4361,2398.7166,0.0000,792,1000,1000,1,986.9570
43620.0000,4362,2398.8067,0.0000,794,1000,1000,1,986.9600
43630.0000,4363,2398.8967,0.0000,790,1000,1000,1,986.9630
43640.0000,4364,2398.9868,0.0000,794,1000,1000,1,986.9660
43650.0000,4365,2399.0776,0.0000,795,1000,1000,1,986.9690
43660.0000,4366,2399.1672,0.0000,790,1000,1000,1,986.9719
43670.0000,4367,2399.2568,0.0000,792,1000,1000,1,986.9749
43680.0000,4368,2399.3470,0.0000,792,1000,1000,1,986.9779
43690.0000,4369,2399.4373,0.0000,793,1000,1000,1,986.9809
43700.0000,4370,2399.5269,0.0000,789,1000,1000,1,986.9839
43710.0000,4371,2399.6162,0.0000,791,1000,1000,1,986.9869
43720.0000,4372,2399.7059,0.0000,794,1000,1000,1,986.9898
43730.0000,4373,2399.7969,0.0000,799,1000,1000,1,986.9928
43740.0000,4374,2399.8880,0.0000,801,1000,1000,1,986.9958
43750.0000,4375,2399.9790,0.0000,799,1000,1000,1,986.9987
43760.0000,4376,2400.0701,0.0000,796,1000,1000,1,987.0017
43770.0000,4377,2400.1602,0.0000,791,1000,1000,1,987.0047
43780.0000,4378,2400.2497,0.0000,791,1000,1000,1,987.0077
43790.0000,4379,2400.3382,0.0000,784,1000,1000,1,987.0106
43800.0000,4380,2400.4257,0.0000,787,1000,1000,1,987.0136
43810.0000,4381,2400.5138,0.0000,784,1000,1000,1,987.0166
43820.0000,4382,2400.6017,0.0000,787,1000,1000,1,987.0195
43830.0000,4383,2400.6899,0.0000,787,1000,1000,1,987.0225
43840.0000,4384,2400.7785,0.0000,787,1000,1000,1,987.0254
43850.0000,4385,2400.8662,0.0000,783,1000,1000,1,987.0284
43860.0000,4386,2400.9526,0.0000,775,1000,1000,1,987.0314
43870.0000,4387,2401.0381,0.0000,778,1000,1000,1,987.0343
43880.0000,4388,2401.1238,0.0000,781,1000,1000,1,987.0373
43890.0000,4389,2401.2106,0.0000,780,1000,1000,1,987.0402
43900.0000,4390,2401.2965,0.0000,776,1000,1000,1,987.0432
43910.0000,4391,2401.3818,0.0000,778,1000,1000,1,987.0461
43920.0000,4392,2401.4673,0.0000,779,1000,1000,1,987.0491
43930.0000,4393,2401.5525,0.0000,772,1000,1000,1,987.0520
43940.0000,4394,2401.6363,0.0000,770,1000,1000,1,987.0550
43950.0000,4395,2401.7207,0.0000,771,1000,1000,1,987.0579
43960.0000,4396,2401.8051,0.0000,771,1000,1000,1,987.0609
43970.0000,4397,2401.8878,0.0000,760,1000,1000,1,987.0638
43980.0000,4398,2401.9685,0.0000,756,1000,1000,1,987.0667
43990.0000,4399,2402.0486,0.0000,753,1000,1000,1,987.0697
44000.0000,4400,2402.1287,0.0000,754,1000,1000,1,987.0726
44010.0000,4401,2402.2095,0.0000,757,1000,1000,1,987.0756
44020.0000,4402,2402.2895,0.0000,756,1000,1000,1,987.0785
44030.0000,4403,2402.3695,0.0000,757,1000,1000,1,987.0814
44040.0000,4404,2402.4498,0.0000,756,1000,1000,1,987.0844
44050.0000,4405,2402.5300,0.0000,761,1000,1000,1,987.0873
44060.0000,4406,2402.6117,0.0000,762,1000,1000,1,987.0902
44070.0000,4407,2402.6936,0.0000,764,1000,1000,1,987.0932
44080.0000,4408,2402.7755,0.0000,765,1000,1000,1,987.0961
44090.0000,4409,2402.8574,0.0000,767,1000,1000,1,987.0990
44100.0000,4410,2402.9398,0.0000,767,1000,1000,1,987.1019
44110.0000,4411,2403.0225,0.0000,770,1000,1000,1,987.1049
44120.0000,4412,2403.1057,0.0000,769,1000,1000,1,987.1078
44130.0000,4413,2403.1884,0.0000,765,1000,1000,1,987.1107
44140.0000,4414,2403.2708,0.0000,768,1000,1000,1,987.1136
44150.0000,4415,2403.3523,0.0000,767,1000,1000,1,987.1165
44160.0000,4416,2403.4338,0.0000,761,1000,1000,1,987.1195
44170.0000,4417,2403.5135,0.0000,752,1000,1000,1,987.1224
44180.0000,4418,2403.5926,0.0000,750,1000,1000,1,987.1253
44190.0000,4419,2403.6713,0.0000,749,1000,1000,1,987.1282
44200.0000,4420,2403.7492,0.0000,745,1000,1000,1,987.1311
44210.0000,4421,2403.8261,0.0000,745,1000,1000,1,987.1340
44220.0000,4422,2403.9032,0.0000,743,1000,1000,1,987.1369
44230.0000,4423,2403.9794,0.0000,740,1000,1000,1,987.1398
44240.0000,4424,2404.0547,0.0000,736,1000,1000,1,987.1427
44250.0000,4425,2404.1292,0.0000,732,1000,1000,1,987.1457
44260.0000,4426,2404.2033,0.0000,731,1000,1000,1,987.1486
44270.0000,4427,2404.2772,0.0000,729,1000,1000,1,987.1515
44280.0000,4428,2404.3509,0.0000,733,1000,1000,1,987.1544
44290.0000,4429,2404.4250,0.0000,731,1000,1000,1,987.1573
44300.0000,4430,2404.4977,0.0000,720,1000,1000,1,987.1602
44310.0000,4431,2404.5685,0.0000,721,1000,1000,1,987.1631
44320.0000,4432,2404.6399,0.0000,721,1000,1000,1,987.1660
44330.0000,4433,2404.7122,0.0000,728,1000,1000,1,987.1689
44340.0000,4434,2404.7844,0.0000,724,1000,1000,1,987.1717
44350.0000,4435,2404.8572,0.0000,728,1000,1000,1,987.1746
44360.0000,4436,2404.9299,0.0000,727,1000,1000,1,987.1775
44370.0000,4437,2405.0014,0.0000,720,1000,1000,1,987.1804
44380.0000,4438,2405.0728,0.0000,723,1000,1000,1,987.1833
44390.0000,4439,2405.1441,0.0000,721,1000,1000,1,987.1862
44400.0000,4440,2405.2145,0.0000,716,1000,1000,1,987.1891
44410.0000,4441,2405.2840,0.0000,713,1000,1000,1,987.1920
44420.0000,4442,2405.3550,0.0000,726,1000,1000,1,987.1949
44430.0000,4443,2405.4271,0.0000,728,1000,1000,1,987.1977
44440.0000,4444,2405.5003,0.0000,733,1000,1000,1,987.2006
44450.0000,4445,2405.5749,0.0000,740,1000,1000,1,987.2035
44460.0000,4446,2405.6508,0.0000,742,1000,1000,1,987.2064
44470.0000,4447,2405.7266,0.0000,741,1000,1000,1,987.2092
44480.0000,4448,2405.8017,0.0000,737,1000,1000,1,987.2121
44490.0000,4449,2405.8760,0.0000,734,1000,1000,1,987.2150
44500.0000,4450,2405.9505,0.0000,740,1000,1000,1,987.2179
44510.0000,4451,2406.0252,0.0000,737,1000,1000,1,987.2207
44520.0000,4452,2406.0993,0.0000,734,1000,1000,1,987.2236
44530.0000,4453,2406.1729,0.0000,736,1000,1000,1,987.2265
44540.0000,4454,2406.2467,0.0000,735,1000,1000,1,987.2293
44550.0000,4455,2406.3192,0.0000,722,1000,1000,1,987.2322
44560.0000,4456,2406.3899,0.0000,722,1000,1000,1,987.2351
44570.0000,4457,2406.4603,0.0000,717,1000,1000,1,987.2379
44580.0000,4458,2406.5302,0.0000,714,1000,1000,1,987.2408
44590.0000,4459,2406.6005,0.0000,724,1000,1000,1,987.2437
44600.0000,4460,2406.6722,0.0000,731,1000,1000,1,987.2465
44610.0000,4461,2406.7442,0.0000,726,1000,1000,1,987.2494
44620.0000,4462,2406.8149,0.0000,722,1000,1000,1,987.2522
44630.0000,4463,2406.8857,0.0000,723,1000,1000,1,987.2551
44640.0000,4464,2406.9567,0.0000,727,1000,1000,1,987.2580
44650.0000,4465,2407.0292,0.0000,730,1000,1000,1,987.2608
44660.0000,4466,2407.1013,0.0000,728,1000,1000,1,987.2637
44670.0000,4467,2407.1724,0.0000,718,1000,1000,1,987.2665
44680.0000,4468,2407.2425,0.0000,723,1000,1000,1,987.2694
44690.0000,4469,2407.3134,0.0000,727,1000,1000,1,987.2722
44700.0000,4470,2407.3854,0.0000,726,1000,1000,1,987.2751
44710.0000,4471,2407.4553,0.0000,720,1000,1000,1,987.2779
44720.0000,4472,2407.5244,0.0000,710,1000,1000,1,987.2808
44730.0000,4473,2407.5920,0.0000,710,1000,1000,1,987.2836
44740.0000,4474,2407.6594,0.0000,712,1000,1000,1,987.2864
44750.0000,4475,2407.7271,0.0000,707,1000,1000,1,987.2893
44760.0000,4476,2407.7936,0.0000,702,1000,1000,1,987.2921
44770.0000,4477,2407.8597,0.0000,706,1000,1000,1,987.2950
44780.0000,4478,2407.9260,0.0000,705,1000,1000,1,987.2978
44790.0000,4479,2407.9916,0.0000,696,1000,1000,1,987.3006
44800.0000,4480,2408.0557,0.0000,694,1000,1000,1,987.3035
44810.0000,4481,2408.1186,0.0000,685,1000,1000,1,987.3063
44820.0000,4482,2408.1802,0.0000,685,1000,1000,1,987.3091
44830.0000,4483,2408.2412,0.0000,680,1000,1000,1,987.3120
44840.0000,4484,2408.3017,0.0000,680,1000,1000,1,987.3148
44850.0000,4485,2408.3631,0.0000,687,1000,1000,1,987.3176
44860.0000,4486,2408.4253,0.0000,685,1000,1000,1,987.3204
44870.0000,4487,2408.4866,0.0000,683,1000,1000,1,987.3233
44880.0000,4488,2408.5466,0.0000,677,1000,1000,1,987.3261
44890.0000,4489,2408.6059,0.0000,673,1000,1000,1,987.3289
44900.0000,4490,2408.6648,0.0000,674,1000,1000,1,987.3317
44910.0000,4491,2408.7238,0.0000,674,1000,1000,1,987.3346
44920.0000,4492,2408.7816,0.0000,669,1000,1000,1,987.3374
44930.0000,4493,2408.8401,0.0000,673,1000,1000,1,987.3402
44940.0000,4494,2408.8992,0.0000,673,1000,1000,1,987.3430
44950.0000,4495,2408.9583,0.0000,677,1000,1000,1,987.3458
44960.0000,4496,2409.0176,0.0000,675,1000,1000,1,987.3486
44970.0000,4497,2409.0761,0.0000,673,1000,1000,1,987.3515
44980.0000,4498,2409.1344,0.0000,671,1000,1000,1,987.3543
44990.0000,4499,2409.1927,0.0000,671,1000,1000,1,987.3571
45000.0000,4500,2409.2508,0.0000,674,1000,1000,1,987.3599
45010.0000,4501,2409.3094,0.0000,669,1000,1000,1,987.3627
45020.0000,4502,2409.3664,0.0000,664,1000,1000,1,987.3655
45030.0000,4503,2409.4236,0.0000,666,1000,1000,1,987.3683
45040.0000,4504,2409.4805,0.0000,663,1000,1000,1,987.3711
45050.0000,4505,2409.5362,0.0000,655,1000,1000,1,987.3739
45060.0000,4506,2409.5908,0.0000,655,1000,1000,1,987.3767
45070.0000,4507,2409.6438,0.0000,646,1000,1000,1,987.3795
45080.0000,4508,2409.6964,0.0000,646,1000,1000,1,987.3823
45090.0000,4509,2409.7483,0.0000,641,1000,1000,1,987.3851
45100.0000,4510,2409.7990,0.0000,639,1000,1000,1,987.3879
45110.0000,4511,2409.8494,0.0000,637,1000,1000,1,987.3907
45120.0000,4512,2409.8986,0.0000,631,1000,1000,1,987.3935
45130.0000,4513,2409.9459,0.0000,620,1000,1000,1,987.3963
45140.0000,4514,2409.9922,0.0000,620,1000,1000,1,987.3991
45150.0000,4515,2410.0385,0.0000,620,1000,1000,1,987.4019
45160.0000,4516,2410.0849,0.0000,618,1000,1000,1,987.4047
45170.0000,4517,2410.1309,0.0000,618,1000,1000,1,987.4075
45180.0000,4518,2410.1781,0.0000,627,1000,1000,1,987.4103
45190.0000,4519,2410.2252,0.0000,618,1000,1000,1,987.4130
45200.0000,4520,2410.2709,0.0000,616,1000,1000,1,987.4158
45210.0000,4521,2410.3165,0.0000,614,1000,1000,1,987.4186
45220.0000,4522,2410.3607,0.0000,610,1000,1000,1,987.4214
45230.0000,4523,2410.4049,0.0000,613,1000,1000,1,987.4242
45240.0000,4524,2410.4496,0.0000,612,1000,1000,1,987.4270
45250.0000,4525,2410.4930,0.0000,606,1000,1000,1,987.4297
45260.0000,4526,2410.5363,0.0000,608,1000,1000,1,987.4325
45270.0000,4527,2410.5798,0.0000,609,1000,1000,1,987.4353
45280.0000,4528,2410.6238,0.0000,608,1000,1000,1,987.4381
45290.0000,4529,2410.6674,0.0000,610,1000,1000,1,987.4408
45300.0000,4530,2410.7118,0.0000,612,1000,1000,1,987.4436
45310.0000,4531,2410.7568,0.0000,614,1000,1000,1,987.4464
45320.0000,4532,2410.8021,0.0000,619,1000,1000,1,987.4491
45330.0000,4533,2410.8473,0.0000,615,1000,1000,1,987.4519
45340.0000,4534,2410.8922,0.0000,614,1000,1000,1,987.4547
45350.0000,4535,2410.9363,0.0000,611,1000,1000,1,987.4574
45360.0000,4536,2410.9806,0.0000,611,1000,1000,1,987.4602
45370.0000,4537,2411.0242,0.0000,607,1000,1000,1,987.4630
45380.0000,4538,2411.0665,0.0000,602,1000,1000,1,987.4657
45390.0000,4539,2411.1078,0.0000,599,1000,1000,1,987.4685
45400.0000,4540,2411.1489,0.0000,596,1000,1000,1,987.4713
45410.0000,4541,2411.1895,0.0000,597,1000,1000,1,987.4740
45420.0000,4542,2411.2298,0.0000,595,1000,1000,1,987.4768
45430.0000,4543,2411.2709,0.0000,601,1000,1000,1,987.4795
45440.0000,4544,2411.3135,0.0000,607,1000,1000,1,987.4823
45450.0000,4545,2411.3574,0.0000,608,1000,1000,1,987.4850
45460.0000,4546,2411.4010,0.0000,611,1000,1000,1,987.4878
45470.0000,4547,2411.4452,0.0000,613,1000,1000,1,987.4905
45480.0000,4548,2411.4899,0.0000,617,1000,1000,1,987.4933
45490.0000,4549,2411.5356,0.0000,620,1000,1000,1,987.4960
45500.0000,4550,2411.5807,0.0000,615,1000,1000,1,987.4988
45510.0000,4551,2411.6254,0.0000,613,1000,1000,1,987.5015
45520.0000,4552,2411.6692,0.0000,612,1000,1000,1,987.5043
45530.0000,4553,2411.7125,0.0000,607,1000,1000,1,987.5070
45540.0000,4554,2411.7543,0.0000,599,1000,1000,1,987.5098
45550.0000,4555,2411.7955,0.0000,598,1000,1000,1,987.5125
45560.0000,4556,2411.8365,0.0000,597,1000,1000,1,987.5153
45570.0000,4557,2411.8778,0.0000,599,1000,1000,1,987.5180
45580.0000,4558,2411.9190,0.0000,600,1000,1000,1,987.5207
45590.0000,4559,2411.9607,0.0000,603,1000,1000,1,987.5235
45600.0000,4560,2412.0018,0.0000,598,1000,1000,1,987.5262
45610.0000,4561,2412.0408,0.0000,586,1000,1000,1,987.5289
45620.0000,4562,2412.0793,0.0000,591,1000,1000,1,987.5317
45630.0000,4563,2412.1182,0.0000,593,1000,1000,1,987.5344
45640.0000,4564,2412.1579,0.0000,594,1000,1000,1,987.5371
45650.0000,4565,2412.1981,0.0000,597,1000,1000,1,987.5399
45660.0000,4566,2412.2380,0.0000,592,1000,1000,1,987.5426
45670.0000,4567,2412.2777,0.0000,593,1000,1000,1,987.5453
45680.0000,4568,2412.3182,0.0000,600,1000,1000,1,987.5481
45690.0000,4569,2412.3593,0.0000,604,1000,1000,1,987.5508
45700.0000,4570,2412.4018,0.0000,612,1000,1000,1,987.5535
45710.0000,4571,2412.4458,0.0000,614,1000,1000,1,987.5562
45720.0000,4572,2412.4910,0.0000,619,1000,1000,1,987.5590
45730.0000,4573,2412.5358,0.0000,618,1000,1000,1,987.5617
45740.0000,4574,2412.5800,0.0000,610,1000,1000,1,987.5644
45750.0000,4575,2412.6234,0.0000,609,1000,1000,1,987.5671
45760.0000,4576,2412.6655,0.0000,604,1000,1000,1,987.5698
45770.0000,4577,2412.7074,0.0000,604,1000,1000,1,987.5725
45780.0000,4578,2412.7490,0.0000,603,1000,1000,1,987.5753
45790.0000,4579,2412.7907,0.0000,605,1000,1000,1,987.5780
45800.0000,4580,2412.8326,0.0000,604,1000,1000,1,987.5807
45810.0000,4581,2412.8741,0.0000,602,1000,1000,1,987.5834
45820.0000,4582,2412.9151,0.0000,595,1000,1000,1,987.5861
45830.0000,4583,2412.9541,0.0000,591,1000,1000,1,987.5888
45840.0000,4584,2412.9932,0.0000,591,1000,1000,1,987.5915
45850.0000,4585,2413.0323,0.0000,590,1000,1000,1,987.5942
45860.0000,4586,2413.0716,0.0000,596,1000,1000,1,987.5969
45870.0000,4587,2413.1116,0.0000,597,1000,1000,1,987.5996
45880.0000,4588,2413.1524,0.0000,606,1000,1000,1,987.6023
45890.0000,4589,2413.1940,0.0000,604,1000,1000,1,987.6050
45900.0000,4590,2413.2357,0.0000,604,1000,1000,1,987.6077
45910.0000,4591,2413.2768,0.0000,600,1000,1000,1,987.6104
45920.0000,4592,2413.3181,0.0000,606,1000,1000,1,987.6131
45930.0000,4593,2413.3598,0.0000,600,1000,1000,1,987.6158
45940.0000,4594,2413.4000,0.0000,594,1000,1000,1,987.6185
45950.0000,4595,2413.4388,0.0000,590,1000,1000,1,987.6212
45960.0000,4596,2413.4766,0.0000,585,1000,1000,1,987.6239
45970.0000,4597,2413.5144,0.0000,584,1000,1000,1,987.6266
45980.0000,4598,2413.5517,0.0000,586,1000,1000,1,987.6293
45990.0000,4599,2413.5879,0.0000,582,1000,1000,1,987.6320
46000.0000,4600,2413.6240,0.0000,584,1000,1000,1,987.6347
46010.0000,4601,2413.6602,0.0000,570,1000,1000,1,987.6374
46020.0000,4602,2413.6942,0.0000,569,1000,1000,1,987.6401
46030.0000,4603,2413.7283,0.0000,569,1000,1000,1,987.6427
46040.0000,4604,2413.7620,0.0000,568,1000,1000,1,987.6454
46050.0000,4605,2413.7952,0.0000,564,1000,1000,1,987.6481
46060.0000,4606,2413.8278,0.0000,562,1000,1000,1,987.6508
46070.0000,4607,2413.8602,0.0000,562,1000,1000,1,987.6535
46080.0000,4608,2413.8918,0.0000,558,1000,1000,1,987.6561
46090.0000,4609,2413.9221,0.0000,548,1000,1000,1,987.6588
46100.0000,4610,2413.9494,0.0000,538,1000,1000,1,987.6615
46110.0000,4611,2413.9762,0.0000,536,1000,1000,1,987.6642
46120.0000,4612,2414.0028,0.0000,536,1000,1000,1,987.6669
46130.0000,4613,2414.0293,0.0000,534,1000,1000,1,987.6695
46140.0000,4614,2414.0547,0.0000,528,1000,1000,1,987.6722
46150.0000,4615,2414.0793,0.0000,526,1000,1000,1,987.6749
46160.0000,4616,2414.1033,0.0000,522,1000,1000,1,987.6775
46170.0000,4617,2414.1275,0.0000,525,1000,1000,1,987.6802
46180.0000,4618,2414.1516,0.0000,522,1000,1000,1,987.6829
46190.0000,4619,2414.1743,0.0000,515,1000,1000,1,987.6855
46200.0000,4620,2414.1963,0.0000,519,1000,1000,1,987.6882
46210.0000,4621,2414.2198,0.0000,530,1000,1000,1,987.6909
46220.0000,4622,2414.2443,0.0000,527,1000,1000,1,987.6935
46230.0000,4623,2414.2699,0.0000,538,1000,1000,1,987.6962
46240.0000,4624,2414.2960,0.0000,534,1000,1000,1,987.6989
46250.0000,4625,2414.3220,0.0000,534,1000,1000,1,987.7015
46260.0000,4626,2414.3472,0.0000,528,1000,1000,1,987.7042
46270.0000,4627,2414.3712,0.0000,527,1000,1000,1,987.7068
46280.0000,4628,2414.3957,0.0000,525,1000,1000,1,987.7095
46290.0000,4629,2414.4191,0.0000,519,1000,1000,1,987.7121
46300.0000,4630,2414.4413,0.0000,517,1000,1000,1,987.7148
46310.0000,4631,2414.4642,0.0000,519,1000,1000,1,987.7175
46320.0000,4632,2414.4872,0.0000,522,1000,1000,1,987.7201
46330.0000,4633,2414.5110,0.0000,527,1000,1000,1,987.7228
46340.0000,4634,2414.5356,0.0000,528,1000,1000,1,987.7254
46350.0000,4635,2414.5603,0.0000,528,1000,1000,1,987.7281
46360.0000,4636,2414.5858,0.0000,531,1000,1000,1,987.7307
46370.0000,4637,2414.6108,0.0000,529,1000,1000,1,987.7333
46380.0000,4638,2414.6353,0.0000,529,1000,1000,1,987.7360
46390.0000,4639,2414.6598,0.0000,527,1000,1000,1,987.7386
46400.0000,4640,2414.6840,0.0000,526,1000,1000,1,987.7413
46410.0000,4641,2414.7077,0.0000,524,1000,1000,1,987.7439
46420.0000,4642,2414.7308,0.0000,521,1000,1000,1,987.7466
46430.0000,4643,2414.7533,0.0000,515,1000,1000,1,987.7492
46440.0000,4644,2414.7752,0.0000,518,1000,1000,1,987.7518
46450.0000,4645,2414.7979,0.0000,521,1000,1000,1,987.7545
46460.0000,4646,2414.8208,0.0000,525,1000,1000,1,987.7571
46470.0000,4647,2414.8437,0.0000,521,1000,1000,1,987.7597
46480.0000,4648,2414.8670,0.0000,523,1000,1000,1,987.7624
46490.0000,4649,2414.8902,0.0000,522,1000,1000,1,987.7650
46500.0000,4650,2414.9143,0.0000,529,1000,1000,1,987.7676
46510.0000,4651,2414.9385,0.0000,530,1000,1000,1,987.7703
46520.0000,4652,2414.9634,0.0000,532,1000,1000,1,987.7729
46530.0000,4653,2414.9887,0.0000,535,1000,1000,1,987.7755
46540.0000,4654,2415.0138,0.0000,533,1000,1000,1,987.7782
46550.0000,4655,2415.0384,0.0000,524,1000,1000,1,987.7808
46560.0000,4656,2415.0605,0.0000,514,1000,1000,1,987.7834
46570.0000,4657,2415.0818,0.0000,514,1000,1000,1,987.7860
46580.0000,4658,2415.1024,0.0000,507,1000,1000,1,987.7886
46590.0000,4659,2415.1219,0.0000,506,1000,1000,1,987.7913
46600.0000,4660,2415.1408,0.0000,505,1000,1000,1,987.7939
46610.0000,4661,2415.1603,0.0000,506,1000,1000,1,987.7965
46620.0000,4662,2415.1796,0.0000,500,1000,1000,1,987.7991
46630.0000,4663,2415.1977,0.0000,500,1000,1000,1,987.8017
46640.0000,4664,2415.2159,0.0000,503,1000,1000,1,987.8044
46650.0000,4665,2415.2352,0.0000,503,1000,1000,1,987.8070
46660.0000,4666,2415.2546,0.0000,507,1000,1000,1,987.8096
46670.0000,4667,2415.2740,0.0000,507,1000,1000,1,987.8122
46680.0000,4668,2415.2936,0.0000,509,1000,1000,1,987.8148
46690.0000,4669,2415.3127,0.0000,502,1000,1000,1,987.8174
46700.0000,4670,2415.3307,0.0000,499,1000,1000,1,987.8200
46710.0000,4671,2415.3485,0.0000,499,1000,1000,1,987.8226
46720.0000,4672,2415.3665,0.0000,499,1000,1000,1,987.8252
46730.0000,4673,2415.3852,0.0000,502,1000,1000,1,987.8278
46740.0000,4674,2415.4040,0.0000,503,1000,1000,1,987.8305
46750.0000,4675,2415.4220,0.0000,499,1000,1000,1,987.8331
46760.0000,4676,2415.4402,0.0000,496,1000,1000,1,987.8357
46770.0000,4677,2415.4576,0.0000,495,1000,1000,1,987.8383
46780.0000,4678,2415.4746,0.0000,494,1000,1000,1,987.8409
46790.0000,4679,2415.4910,0.0000,491,1000,1000,1,987.8435
46800.0000,4680,2415.5061,0.0000,485,1000,1000,1,987.8461
46810.0000,4681,2415.5210,0.0000,485,1000,1000,1,987.8486
46820.0000,4682,2415.5356,0.0000,485,1000,1000,1,987.8512
46830.0000,4683,2415.5505,0.0000,484,1000,1000,1,987.8538
46840.0000,4684,2415.5653,0.0000,487,1000,1000,1,987.8564
46850.0000,4685,2415.5792,0.0000,473,1000,1000,1,987.8590
46860.0000,4686,2415.5912,0.0000,472,1000,1000,1,987.8616
46870.0000,4687,2415.6031,0.0000,470,1000,1000,1,987.8642
46880.0000,4688,2415.6142,0.0000,469,1000,1000,1,987.8668
46890.0000,4689,2415.6255,0.0000,466,1000,1000,1,987.8694
46900.0000,4690,2415.6354,0.0000,458,1000,1000,1,987.8720
46910.0000,4691,2415.6431,0.0000,447,1000,1000,1,987.8746
46920.0000,4692,2415.6497,0.0000,446,1000,1000,1,987.8771
46930.0000,4693,2415.6561,0.0000,446,1000,1000,1,987.8797
46940.0000,4694,2415.6628,0.0000,453,1000,1000,1,987.8823
46950.0000,4695,2415.6707,0.0000,451,1000,1000,1,987.8849
46960.0000,4696,2415.6780,0.0000,447,1000,1000,1,987.8875
46970.0000,4697,2415.6849,0.0000,449,1000,1000,1,987.8900
46980.0000,4698,2415.6912,0.0000,443,1000,1000,1,987.8926
46990.0000,4699,2415.6957,0.0000,432,1000,1000,1,987.8952
47000.0000,4700,2415.6985,0.0000,430,1000,1000,1,987.8978
47010.0000,4701,2415.7012,0.0000,430,1000,1000,1,987.9003
47020.0000,4702,2415.7040,0.0000,430,1000,1000,1,987.9029
47030.0000,4703,2415.7070,0.0000,426,1000,1000,1,987.9055
47040.0000,4704,2415.7089,0.0000,423,1000,1000,1,987.9081
47050.0000,4705,2415.7106,0.0000,424,1000,1000,1,987.9106
47060.0000,4706,2415.7120,0.0000,423,1000,1000,1,987.9132
47070.0000,4707,2415.7132,0.0000,423,1000,1000,1,987.9158
47080.0000,4708,2415.7148,0.0000,419,1000,1000,1,987.9183
47090.0000,4709,2415.7157,0.0000,418,1000,1000,1,987.9209
47100.0000,4710,2415.7167,0.0000,420,1000,1000,1,987.9235
47110.0000,4711,2415.7168,0.0000,414,1000,1000,1,987.9260
47120.0000,4712,2415.7161,0.0000,413,1000,1000,1,987.9286
47130.0000,4713,2415.7162,0.0000,415,1000,1000,1,987.9312
47140.0000,4714,2415.7158,0.0000,416,1000,1000,1,987.9337
47150.0000,4715,2415.7152,0.0000,410,1000,1000,1,987.9363
47160.0000,4716,2415.7143,0.0000,413,1000,1000,1,987.9388
47170.0000,4717,2415.7134,0.0000,410,1000,1000,1,987.9414
47180.0000,4718,2415.7124,0.0000,408,1000,1000,1,987.9439
47190.0000,4719,2415.7111,0.0000,412,1000,1000,1,987.9465
47200.0000,4720,2415.7098,0.0000,411,1000,1000,1,987.9491
47210.0000,4721,2415.7089,0.0000,410,1000,1000,1,987.9516
47220.0000,4722,2415.7073,0.0000,405,1000,1000,1,987.9542
47230.0000,4723,2415.7051,0.0000,406,1000,1000,1,987.9567
47240.0000,4724,2415.7031,0.0000,402,1000,1000,1,987.9593
47250.0000,4725,2415.6998,0.0000,402,1000,1000,1,987.9618
47260.0000,4726,2415.6968,0.0000,400,1000,1000,1,987.9644
47270.0000,4727,2415.6935,0.0000,401,1000,1000,1,987.9669
47280.0000,4728,2415.6899,0.0000,397,1000,1000,1,987.9694
47290.0000,4729,2415.6852,0.0000,391,1000,1000,1,987.9720
47300.0000,4730,2415.6803,0.0000,396,1000,1000,1,987.9745
47310.0000,4731,2415.6771,0.0000,403,1000,1000,1,987.9771
47320.0000,4732,2415.6742,0.0000,406,1000,1000,1,987.9796
47330.0000,4733,2415.6719,0.0000,401,1000,1000,1,987.9822
47340.0000,4734,2415.6676,0.0000,392,1000,1000,1,987.9847
47350.0000,4735,2415.6622,0.0000,388,1000,1000,1,987.9872
47360.0000,4736,2415.6564,0.0000,388,1000,1000,1,987.9898
47370.0000,4737,2415.6510,0.0000,391,1000,1000,1,987.9923
47380.0000,4738,2415.6455,0.0000,389,1000,1000,1,987.9948
47390.0000,4739,2415.6398,0.0000,387,1000,1000,1,987.9974
47400.0000,4740,2415.6338,0.0000,385,1000,1000,1,987.9999
47410.0000,4741,2415.6277,0.0000,389,1000,1000,1,988.0024
47420.0000,4742,2415.6218,0.0000,388,1000,1000,1,988.0050
47430.0000,4743,2415.6161,0.0000,390,1000,1000,1,988.0075
47440.0000,4744,2415.6094,0.0000,384,1000,1000,1,988.0100
47450.0000,4745,2415.6028,0.0000,386,1000,1000,1,988.0125
47460.0000,4746,2415.5964,0.0000,381,1000,1000,1,988.0151
47470.0000,4747,2415.5892,0.0000,383,1000,1000,1,988.0176
47480.0000,4748,2415.5819,0.0000,379,1000,1000,1,988.0201
47490.0000,4749,2415.5733,0.0000,373,1000,1000,1,988.0226
47500.0000,4750,2415.5643,0.0000,374,1000,1000,1,988.0252
47510.0000,4751,2415.5549,0.0000,367,1000,1000,1,988.0277
47520.0000,4752,2415.5439,0.0000,361,1000,1000,1,988.0302
47530.0000,4753,2415.5329,0.0000,364,1000,1000,1,988.0327
47540.0000,4754,2415.5224,0.0000,366,1000,1000,1,988.0352
47550.0000,4755,2415.5122,0.0000,366,1000,1000,1,988.0378
47560.0000,4756,2415.5016,0.0000,363,1000,1000,1,988.0403
47570.0000,4757,2415.4902,0.0000,359,1000,1000,1,988.0428
47580.0000,4758,2415.4788,0.0000,360,1000,1000,1,988.0453
47590.0000,4759,2415.4678,0.0000,367,1000,1000,1,988.0478
47600.0000,4760,2415.4573,0.0000,363,1000,1000,1,988.0503
47610.0000,4761,2415.4469,0.0000,367,1000,1000,1,988.0528
47620.0000,4762,2415.4362,0.0000,365,1000,1000,1,988.0553
47630.0000,4763,2415.4259,0.0000,369,1000,1000,1,988.0578
47640.0000,4764,2415.4155,0.0000,363,1000,1000,1,988.0604
47650.0000,4765,2415.4046,0.0000,362,1000,1000,1,988.0629
47660.0000,4766,2415.3937,0.0000,365,1000,1000,1,988.0654
47670.0000,4767,2415.3832,0.0000,364,1000,1000,1,988.0679
47680.0000,4768,2415.3732,0.0000,371,1000,1000,1,988.0704
47690.0000,4769,2415.3633,0.0000,366,1000,1000,1,988.0729
47700.0000,4770,2415.3528,0.0000,364,1000,1000,1,988.0754
47710.0000,4771,2415.3419,0.0000,361,1000,1000,1,988.0779
47720.0000,4772,2415.3304,0.0000,359,1000,1000,1,988.0804
47730.0000,4773,2415.3181,0.0000,357,1000,1000,1,988.0829
47740.0000,4774,2415.3054,0.0000,353,1000,1000,1,988.0854
47750.0000,4775,2415.2923,0.0000,353,1000,1000,1,988.0879
47760.0000,4776,2415.2791,0.0000,349,1000,1000,1,988.0904
47770.0000,4777,2415.2655,0.0000,354,1000,1000,1,988.0928
47780.0000,4778,2415.2540,0.0000,359,1000,1000,1,988.0953
47790.0000,4779,2415.2421,0.0000,358,1000,1000,1,988.0978
47800.0000,4780,2415.2296,0.0000,351,1000,1000,1,988.1003
47810.0000,4781,2415.2162,0.0000,350,1000,1000,1,988.1028
47820.0000,4782,2415.2035,0.0000,356,1000,1000,1,988.1053
47830.0000,4783,2415.1903,0.0000,353,1000,1000,1,988.1078
47840.0000,4784,2415.1768,0.0000,349,1000,1000,1,988.1103
47850.0000,4785,2415.1623,0.0000,344,1000,1000,1,988.1128
47860.0000,4786,2415.1471,0.0000,340,1000,1000,1,988.1152
47870.0000,4787,2415.1295,0.0000,323,1000,1000,1,988.1177
47880.0000,4788,2415.1107,0.0000,327,1000,1000,1,988.1202
47890.0000,4789,2415.0919,0.0000,322,1000,1000,1,988.1227
47900.0000,4790,2415.0723,0.0000,320,1000,1000,1,988.1252
47910.0000,4791,2415.0528,0.0000,319,1000,1000,1,988.1276
47920.0000,4792,2415.0321,0.0000,311,1000,1000,1,988.1301
47930.0000,4793,2415.0098,0.0000,308,1000,1000,1,988.1326
47940.0000,4794,2414.9878,0.0000,309,1000,1000,1,988.1351
47950.0000,4795,2414.9663,0.0000,314,1000,1000,1,988.1375
47960.0000,4796,2414.9455,0.0000,317,1000,1000,1,988.1400
47970.0000,4797,2414.9240,0.0000,307,1000,1000,1,988.1425
47980.0000,4798,2414.9020,0.0000,310,1000,1000,1,988.1450
47990.0000,4799,2414.8810,0.0000,316,1000,1000,1,988.1474
48000.0000,4800,2414.8596,0.0000,311,1000,1000,1,988.1499
48010.0000,4801,2414.8381,0.0000,317,1000,1000,1,988.1524
48020.0000,4802,2414.8179,0.0000,321,1000,1000,1,988.1548
48030.0000,4803,2414.7977,0.0000,316,1000,1000,1,988.1573
48040.0000,4804,2414.7776,0.0000,325,1000,1000,1,988.1598
48050.0000,4805,2414.7596,0.0000,327,1000,1000,1,988.1622
48060.0000,4806,2414.7414,0.0000,324,1000,1000,1,988.1647
48070.0000,4807,2414.7222,0.0000,323,1000,1000,1,988.1672
48080.0000,4808,2414.7031,0.0000,322,1000,1000,1,988.1696
48090.0000,4809,2414.6839,0.0000,321,1000,1000,1,988.1721
48100.0000,4810,2414.6641,0.0000,316,1000,1000,1,988.1745
48110.0000,4811,2414.6437,0.0000,317,1000,1000,1,988.1770
48120.0000,4812,2414.6237,0.0000,321,1000,1000,1,988.1795
48130.0000,4813,2414.6038,0.0000,318,1000,1000,1,988.1819
48140.0000,4814,2414.5830,0.0000,312,1000,1000,1,988.1844
48150.0000,4815,2414.5620,0.0000,314,1000,1000,1,988.1868
48160.0000,4816,2414.5406,0.0000,307,1000,1000,1,988.1893
48170.0000,4817,2414.5169,0.0000,297,1000,1000,1,988.1917
48180.0000,4818,2414.4922,0.0000,299,1000,1000,1,988.1942
48190.0000,4819,2414.4682,0.0000,298,1000,1000,1,988.1966
48200.0000,4820,2414.4442,0.0000,299,1000,1000,1,988.1991
48210.0000,4821,2414.4204,0.0000,302,1000,1000,1,988.2015
48220.0000,4822,2414.3962,0.0000,295,1000,1000,1,988.2040
48230.0000,4823,2414.3699,0.0000,285,1000,1000,1,988.2064
48240.0000,4824,2414.3431,0.0000,284,1000,1000,1,988.2089
48250.0000,4825,2414.3152,0.0000,277,1000,1000,1,988.2113
48260.0000,4826,2414.2861,0.0000,271,1000,1000,1,988.2137
48270.0000,4827,2414.2558,0.0000,260,1000,1000,1,988.2162
48280.0000,4828,2414.2237,0.0000,258,1000,1000,1,988.2186
48290.0000,4829,2414.1911,0.0000,259,1000,1000,1,988.2211
48300.0000,4830,2414.1588,0.0000,259,1000,1000,1,988.2235
48310.0000,4831,2414.1269,0.0000,259,1000,1000,1,988.2259
48320.0000,4832,2414.0947,0.0000,258,1000,1000,1,988.2284
48330.0000,4833,2414.0621,0.0000,257,1000,1000,1,988.2308
48340.0000,4834,2414.0291,0.0000,254,1000,1000,1,988.2332
48350.0000,4835,2413.9964,0.0000,258,1000,1000,1,988.2357
48360.0000,4836,2413.9652,0.0000,267,1000,1000,1,988.2381
48370.0000,4837,2413.9341,0.0000,264,1000,1000,1,988.2405
48380.0000,4838,2413.9036,0.0000,265,1000,1000,1,988.2430
48390.0000,4839,2413.8733,0.0000,263,1000,1000,1,988.2454
48400.0000,4840,2413.8417,0.0000,255,1000,1000,1,988.2478
48410.0000,4841,2413.8086,0.0000,254,1000,1000,1,988.2503
48420.0000,4842,2413.7746,0.0000,244,1000,1000,1,988.2527
48430.0000,4843,2413.7397,0.0000,244,1000,1000,1,988.2551
48440.0000,4844,2413.7037,0.0000,237,1000,1000,1,988.2575
48450.0000,4845,2413.6658,0.0000,227,1000,1000,1,988.2600
48460.0000,4846,2413.6266,0.0000,220,1000,1000,1,988.2624
48470.0000,4847,2413.5867,0.0000,220,1000,1000,1,988.2648
48480.0000,4848,2413.5474,0.0000,225,1000,1000,1,988.2672
48490.0000,4849,2413.5093,0.0000,232,1000,1000,1,988.2696
48500.0000,4850,2413.4716,0.0000,228,1000,1000,1,988.2721
48510.0000,4851,2413.4337,0.0000,228,1000,1000,1,988.2745
48520.0000,4852,2413.3946,0.0000,221,1000,1000,1,988.2769
48530.0000,4853,2413.3551,0.0000,224,1000,1000,1,988.2793
48540.0000,4854,2413.3161,0.0000,223,1000,1000,1,988.2817
48550.0000,4855,2413.2769,0.0000,222,1000,1000,1,988.2841
48560.0000,4856,2413.2373,0.0000,220,1000,1000,1,988.2866
48570.0000,4857,2413.1972,0.0000,214,1000,1000,1,988.2890
48580.0000,4858,2413.1554,0.0000,208,1000,1000,1,988.2914
48590.0000,4859,2413.1128,0.0000,205,1000,1000,1,988.2938
48600.0000,4860,2413.0704,0.0000,213,1000,1000,1,988.2962
48610.0000,4861,2413.0298,0.0000,218,1000,1000,1,988.2986
48620.0000,4862,2412.9899,0.0000,218,1000,1000,1,988.3010
48630.0000,4863,2412.9493,0.0000,215,1000,1000,1,988.3034
48640.0000,4864,2412.9087,0.0000,217,1000,1000,1,988.3058
48650.0000,4865,2412.8684,0.0000,212,1000,1000,1,988.3082
48660.0000,4866,2412.8262,0.0000,207,1000,1000,1,988.3106
48670.0000,4867,2412.7824,0.0000,197,1000,1000,1,988.3130
48680.0000,4868,2412.7379,0.0000,194,1000,1000,1,988.3154
48690.0000,4869,2412.6923,0.0000,191,1000,1000,1,988.3178
48700.0000,4870,2412.6459,0.0000,185,1000,1000,1,988.3202
48710.0000,4871,2412.5993,0.0000,185,1000,1000,1,988.3226
48720.0000,4872,2412.5526,0.0000,185,1000,1000,1,988.3250
48730.0000,4873,2412.5060,0.0000,187,1000,1000,1,988.3274
48740.0000,4874,2412.4601,0.0000,191,1000,1000,1,988.3298
48750.0000,4875,2412.4147,0.0000,191,1000,1000,1,988.3322
48760.0000,4876,2412.3693,0.0000,191,1000,1000,1,988.3346
48770.0000,4877,2412.3236,0.0000,194,1000,1000,1,988.3370
48780.0000,4878,2412.2774,0.0000,178,1000,1000,1,988.3394
48790.0000,4879,2412.2291,0.0000,175,1000,1000,1,988.3418
48800.0000,4880,2412.1806,0.0000,179,1000,1000,1,988.3442
48810.0000,4881,2412.1329,0.0000,181,1000,1000,1,988.3466
48820.0000,4882,2412.0856,0.0000,184,1000,1000,1,988.3489
48830.0000,4883,2412.0386,0.0000,179,1000,1000,1,988.3513
48840.0000,4884,2411.9906,0.0000,176,1000,1000,1,988.3537
48850.0000,4885,2411.9420,0.0000,172,1000,1000,1,988.3561
48860.0000,4886,2411.8931,0.0000,170,1000,1000,1,988.3585
48870.0000,4887,2411.8442,0.0000,177,1000,1000,1,988.3609
48880.0000,4888,2411.7961,0.0000,179,1000,1000,1,988.3632
48890.0000,4889,2411.7489,0.0000,184,1000,1000,1,988.3656
48900.0000,4890,2411.7015,0.0000,179,1000,1000,1,988.3680
48910.0000,4891,2411.6544,0.0000,186,1000,1000,1,988.3704
48920.0000,4892,2411.6077,0.0000,185,1000,1000,1,988.3728
48930.0000,4893,2411.5615,0.0000,183,1000,1000,1,988.3751
48940.0000,4894,2411.5161,0.0000,193,1000,1000,1,988.3775
48950.0000,4895,2411.4719,0.0000,198,1000,1000,1,988.3799
48960.0000,4896,2411.4278,0.0000,192,1000,1000,1,988.3823
48970.0000,4897,2411.3830,0.0000,194,1000,1000,1,988.3846
48980.0000,4898,2411.3390,0.0000,197,1000,1000,1,988.3870
48990.0000,4899,2411.2960,0.0000,202,1000,1000,1,988.3894
49000.0000,4900,2411.2535,0.0000,205,1000,1000,1,988.3917
49010.0000,4901,2411.2117,0.0000,207,1000,1000,1,988.3941
49020.0000,4902,2411.1705,0.0000,210,1000,1000,1,988.3965
49030.0000,4903,2411.1304,0.0000,215,1000,1000,1,988.3988
49040.0000,4904,2411.0910,0.0000,216,1000,1000,1,988.4012
49050.0000,4905,2411.0507,0.0000,209,1000,1000,1,988.4036
49060.0000,4906,2411.0090,0.0000,206,1000,1000,1,988.4059
49070.0000,4907,2410.9667,0.0000,204,1000,1000,1,988.4083
49080.0000,4908,2410.9245,0.0000,205,1000,1000,1,988.4107
49090.0000,4909,2410.8822,0.0000,204,1000,1000,1,988.4130
49100.0000,4910,2410.8402,0.0000,202,1000,1000,1,988.4154
49110.0000,4911,2410.7978,0.0000,202,1000,1000,1,988.4177
49120.0000,4912,2410.7545,0.0000,201,1000,1000,1,988.4201
49130.0000,4913,2410.7115,0.0000,197,1000,1000,1,988.4225
49140.0000,4914,2410.6680,0.0000,196,1000,1000,1,988.4248
49150.0000,4915,2410.6243,0.0000,194,1000,1000,1,988.4272
49160.0000,4916,2410.5797,0.0000,185,1000,1000,1,988.4295
49170.0000,4917,2410.5342,0.0000,187,1000,1000,1,988.4319
49180.0000,4918,2410.4889,0.0000,186,1000,1000,1,988.4342
49190.0000,4919,2410.4433,0.0000,188,1000,1000,1,988.4366
49200.0000,4920,2410.3979,0.0000,184,1000,1000,1,988.4389
49210.0000,4921,2410.3516,0.0000,184,1000,1000,1,988.4413
49220.0000,4922,2410.3053,0.0000,180,1000,1000,1,988.4436
49230.0000,4923,2410.2577,0.0000,176,1000,1000,1,988.4460
49240.0000,4924,2410.2099,0.0000,172,1000,1000,1,988.4483
49250.0000,4925,2410.1612,0.0000,171,1000,1000,1,988.4507
49260.0000,4926,2410.1130,0.0000,174,1000,1000,1,988.4530
49270.0000,4927,2410.0651,0.0000,175,1000,1000,1,988.4554
49280.0000,4928,2410.0178,0.0000,174,1000,1000,1,988.4577
49290.0000,4929,2409.9691,0.0000,166,1000,1000,1,988.4600
49300.0000,4930,2409.9199,0.0000,166,1000,1000,1,988.4624
49310.0000,4931,2409.8712,0.0000,173,1000,1000,1,988.4647
49320.0000,4932,2409.8230,0.0000,170,1000,1000,1,988.4671
49330.0000,4933,2409.7743,0.0000,170,1000,1000,1,988.4694
49340.0000,4934,2409.7250,0.0000,164,1000,1000,1,988.4717
49350.0000,4935,2409.6759,0.0000,166,1000,1000,1,988.4741
49360.0000,4936,2409.6269,0.0000,168,1000,1000,1,988.4764
49370.0000,4937,2409.5780,0.0000,169,1000,1000,1,988.4787
49380.0000,4938,2409.5289,0.0000,168,1000,1000,1,988.4811
49390.0000,4939,2409.4788,0.0000,158,1000,1000,1,988.4834
49400.0000,4940,2409.4273,0.0000,153,1000,1000,1,988.4857
49410.0000,4941,2409.3752,0.0000,151,1000,1000,1,988.4881
49420.0000,4942,2409.3240,0.0000,160,1000,1000,1,988.4904
49430.0000,4943,2409.2736,0.0000,163,1000,1000,1,988.4927
49440.0000,4944,2409.2241,0.0000,168,1000,1000,1,988.4950
49450.0000,4945,2409.1746,0.0000,160,1000,1000,1,988.4974
49460.0000,4946,2409.1235,0.0000,154,1000,1000,1,988.4997
49470.0000,4947,2409.0709,0.0000,146,1000,1000,1,988.5020
49480.0000,4948,2409.0179,0.0000,145,1000,1000,1,988.5044
49490.0000,4949,2408.9644,0.0000,143,1000,1000,1,988.5067
49500.0000,4950,2408.9106,0.0000,139,1000,1000,1,988.5090
49510.0000,4951,2408.8558,0.0000,136,1000,1000,1,988.5113
49520.0000,4952,2408.8004,0.0000,134,1000,1000,1,988.5136
49530.0000,4953,2408.7456,0.0000,138,1000,1000,1,988.5160
49540.0000,4954,2408.6911,0.0000,141,1000,1000,1,988.5183
49550.0000,4955,2408.6363,0.0000,135,1000,1000,1,988.5206
49560.0000,4956,2408.5808,0.0000,130,1000,1000,1,988.5229
49570.0000,4957,2408.5247,0.0000,129,1000,1000,1,988.5252
49580.0000,4958,2408.4688,0.0000,129,1000,1000,1,988.5275
49590.0000,4959,2408.4132,0.0000,133,1000,1000,1,988.5298
49600.0000,4960,2408.3579,0.0000,132,1000,1000,1,988.5322
49610.0000,4961,2408.3021,0.0000,129,1000,1000,1,988.5345
49620.0000,4962,2408.2463,0.0000,135,1000,1000,1,988.5368
49630.0000,4963,2408.1910,0.0000,133,1000,1000,1,988.5391
49640.0000,4964,2408.1358,0.0000,136,1000,1000,1,988.5414
49650.0000,4965,2408.0819,0.0000,142,1000,1000,1,988.5437
49660.0000,4966,2408.0283,0.0000,142,1000,1000,1,988.5460
49670.0000,4967,2407.9743,0.0000,135,1000,1000,1,988.5483
49680.0000,4968,2407.9192,0.0000,136,1000,1000,1,988.5506
49690.0000,4969,2407.8643,0.0000,134,1000,1000,1,988.5529
49700.0000,4970,2407.8093,0.0000,135,1000,1000,1,988.5552
49710.0000,4971,2407.7541,0.0000,131,1000,1000,1,988.5575
49720.0000,4972,2407.6980,0.0000,130,1000,1000,1,988.5598
49730.0000,4973,2407.6426,0.0000,135,1000,1000,1,988.5621
49740.0000,4974,2407.5861,0.0000,118,1000,1000,1,988.5644
49750.0000,4975,2407.5283,0.0000,121,1000,1000,1,988.5667
49760.0000,4976,2407.4706,0.0000,126,1000,1000,1,988.5690
49770.0000,4977,2407.4140,0.0000,127,1000,1000,1,988.5713
49780.0000,4978,2407.3574,0.0000,123,1000,1000,1,988.5736
49790.0000,4979,2407.2997,0.0000,122,1000,1000,1,988.5759
49800.0000,4980,2407.2417,0.0000,119,1000,1000,1,988.5782
49810.0000,4981,2407.1835,0.0000,115,1000,1000,1,988.5805
49820.0000,4982,2407.1250,0.0000,117,1000,1000,1,988.5828
49830.0000,4983,2407.0663,0.0000,116,1000,1000,1,988.5851
49840.0000,4984,2407.0089,0.0000,119,1000,1000,1,988.5874
49850.0000,4985,2406.9506,0.0000,116,1000,1000,1,988.5897
49860.0000,4986,2406.8923,0.0000,118,1000,1000,1,988.5920
49870.0000,4987,2406.8344,0.0000,119,1000,1000,1,988.5942
49880.0000,4988,2406.7770,0.0000,118,1000,1000,1,988.5965
49890.0000,4989,2406.7189,0.0000,119,1000,1000,1,988.5988
49900.0000,4990,2406.6614,0.0000,121,1000,1000,1,988.6011
49910.0000,4991,2406.6048,0.0000,124,1000,1000,1,988.6034
49920.0000,4992,2406.5478,0.0000,120,1000,1000,1,988.6057
49930.0000,4993,2406.4899,0.0000,114,1000,1000,1,988.6080
49940.0000,4994,2406.4316,0.0000,117,1000,1000,1,988.6102
49950.0000,4995,2406.3742,0.0000,124,1000,1000,1,988.6125
49960.0000,4996,2406.3175,0.0000,125,1000,1000,1,988.6148
49970.0000,4997,2406.2609,0.0000,125,1000,1000,1,988.6171
49980.0000,4998,2406.2050,0.0000,128,1000,1000,1,988.6194
49990.0000,4999,2406.1490,0.0000,126,1000,1000,1,988.6216
50000.0000,5000,2406.0935,0.0000,132,1000,1000,1,988.6239
50010.0000,5001,2406.0392,0.0000,133,1000,1000,1,988.6262
50020.0000,5002,2405.9858,0.0000,138,1000,1000,1,988.6285
50030.0000,5003,2405.9325,0.0000,137,1000,1000,1,988.6307
50040.0000,5004,2405.8785,0.0000,134,1000,1000,1,988.6330
50050.0000,5005,2405.8231,0.0000,128,1000,1000,1,988.6353
50060.0000,5006,2405.7677,0.0000,132,1000,1000,1,988.6375
50070.0000,5007,2405.7140,0.0000,138,1000,1000,1,988.6398
50080.0000,5008,2405.6616,0.0000,142,1000,1000,1,988.6421
50090.0000,5009,2405.6094,0.0000,143,1000,1000,1,988.6443
50100.0000,5010,2405.5573,0.0000,145,1000,1000,1,988.6466
50110.0000,5011,2405.5040,0.0000,136,1000,1000,1,988.6489
50120.0000,5012,2405.4502,0.0000,133,1000,1000,1,988.6511
50130.0000,5013,2405.3954,0.0000,127,1000,1000,1,988.6534
50140.0000,5014,2405.3400,0.0000,126,1000,1000,1,988.6557
50150.0000,5015,2405.2843,0.0000,126,1000,1000,1,988.6579
50160.0000,5016,2405.2280,0.0000,125,1000,1000,1,988.6602
50170.0000,5017,2405.1719,0.0000,122,1000,1000,1,988.6625
50180.0000,5018,2405.1158,0.0000,122,1000,1000,1,988.6647
50190.0000,5019,2405.0598,0.0000,124,1000,1000,1,988.6670
50200.0000,5020,2405.0037,0.0000,128,1000,1000,1,988.6692
50210.0000,5021,2404.9480,0.0000,124,1000,1000,1,988.6715
50220.0000,5022,2404.8918,0.0000,122,1000,1000,1,988.6737
50230.0000,5023,2404.8355,0.0000,121,1000,1000,1,988.6760
50240.0000,5024,2404.7786,0.0000,118,1000,1000,1,988.6782
50250.0000,5025,2404.7211,0.0000,115,1000,1000,1,988.6805
50260.0000,5026,2404.6632,0.0000,112,1000,1000,1,988.6828
50270.0000,5027,2404.6040,0.0000,102,1000,1000,1,988.6850
50280.0000,5028,2404.5436,0.0000,99,1000,1000,1,988.6873
50290.0000,5029,2404.4822,0.0000,97,1000,1000,1,988.6895
50300.0000,5030,2404.4221,0.0000,104,1000,1000,1,988.6918
50310.0000,5031,2404.3618,0.0000,100,1000,1000,1,988.6940
50320.0000,5032,2404.3013,0.0000,97,1000,1000,1,988.6962
50330.0000,5033,2404.2409,0.0000,99,1000,1000,1,988.6985
50340.0000,5034,2404.1791,0.0000,88,1000,1000,1,988.7007
50350.0000,5035,2404.1161,0.0000,88,1000,1000,1,988.7030
50360.0000,5036,2404.0532,0.0000,89,1000,1000,1,988.7052
50370.0000,5037,2403.9904,0.0000,85,1000,1000,1,988.7075
50380.0000,5038,2403.9270,0.0000,82,1000,1000,1,988.7097
50390.0000,5039,2403.8635,0.0000,85,1000,1000,1,988.7120
50400.0000,5040,2403.8006,0.0000,91,1000,1000,1,988.7142
50410.0000,5041,2403.7386,0.0000,92,1000,1000,1,988.7164
50420.0000,5042,2403.6766,0.0000,91,1000,1000,1,988.7187
50430.0000,5043,2403.6144,0.0000,90,1000,1000,1,988.7209
50440.0000,5044,2403.5522,0.0000,90,1000,1000,1,988.7231
50450.0000,5045,2403.4893,0.0000,83,1000,1000,1,988.7254
50460.0000,5046,2403.4264,0.0000,89,1000,1000,1,988.7276
50470.0000,5047,2403.3640,0.0000,89,1000,1000,1,988.7298
50480.0000,5048,2403.3017,0.0000,88,1000,1000,1,988.7321
50490.0000,5049,2403.2400,0.0000,92,1000,1000,1,988.7343
50500.0000,5050,2403.1778,0.0000,85,1000,1000,1,988.7365
50510.0000,5051,2403.1141,0.0000,77,1000,1000,1,988.7388
50520.0000,5052,2403.0491,0.0000,72,1000,1000,1,988.7410
50530.0000,5053,2402.9838,0.0000,73,1000,1000,1,988.7432
50540.0000,5054,2402.9189,0.0000,73,1000,1000,1,988.7455
50550.0000,5055,2402.8532,0.0000,71,1000,1000,1,988.7477
50560.0000,5056,2402.7883,0.0000,78,1000,1000,1,988.7499
50570.0000,5057,2402.7237,0.0000,75,1000,1000,1,988.7521
50580.0000,5058,2402.6593,0.0000,81,1000,1000,1,988.7544
50590.0000,5059,2402.5962,0.0000,86,1000,1000,1,988.7566
50600.0000,5060,2402.5326,0.0000,78,1000,1000,1,988.7588
50610.0000,5061,2402.4685,0.0000,80,1000,1000,1,988.7610
50620.0000,5062,2402.4051,0.0000,86,1000,1000,1,988.7632
50630.0000,5063,2402.3421,0.0000,80,1000,1000,1,988.7655
50640.0000,5064,2402.2786,0.0000,79,1000,1000,1,988.7677
50650.0000,5065,2402.2145,0.0000,77,1000,1000,1,988.7699
50660.0000,5066,2402.1496,0.0000,72,1000,1000,1,988.7721
50670.0000,5067,2402.0839,0.0000,69,1000,1000,1,988.7743
50680.0000,5068,2402.0183,0.0000,72,1000,1000,1,988.7765
50690.0000,5069,2401.9532,0.0000,75,1000,1000,1,988.7788
50700.0000,5070,2401.8891,0.0000,79,1000,1000,1,988.7810
50710.0000,5071,2401.8255,0.0000,81,1000,1000,1,988.7832
50720.0000,5072,2401.7624,0.0000,81,1000,1000,1,988.7854
50730.0000,5073,2401.6990,0.0000,77,1000,1000,1,988.7876
50740.0000,5074,2401.6351,0.0000,80,1000,1000,1,988.7898
50750.0000,5075,2401.5720,0.0000,83,1000,1000,1,988.7920
50760.0000,5076,2401.5093,0.0000,81,1000,1000,1,988.7942
50770.0000,5077,2401.4455,0.0000,79,1000,1000,1,988.7964
50780.0000,5078,2401.3814,0.0000,78,1000,1000,1,988.7986
50790.0000,5079,2401.3172,0.0000,74,1000,1000,1,988.8009
50800.0000,5080,2401.2530,0.0000,72,1000,1000,1,988.8031
50810.0000,5081,2401.1886,0.0000,74,1000,1000,1,988.8053
50820.0000,5082,2401.1251,0.0000,81,1000,1000,1,988.8075
50830.0000,5083,2401.0623,0.0000,84,1000,1000,1,988.8097
50840.0000,5084,2400.9992,0.0000,77,1000,1000,1,988.8119
50850.0000,5085,2400.9348,0.0000,73,1000,1000,1,988.8141
50860.0000,5086,2400.8708,0.0000,78,1000,1000,1,988.8163
50870.0000,5087,2400.8071,0.0000,75,1000,1000,1,988.8185
50880.0000,5088,2400.7438,0.0000,80,1000,1000,1,988.8207
50890.0000,5089,2400.6807,0.0000,81,1000,1000,1,988.8229
50900.0000,5090,2400.6181,0.0000,88,1000,1000,1,988.8251
50910.0000,5091,2400.5570,0.0000,90,1000,1000,1,988.8272
50920.0000,5092,2400.4961,0.0000,94,1000,1000,1,988.8294
50930.0000,5093,2400.4357,0.0000,92,1000,1000,1,988.8316
50940.0000,5094,2400.3754,0.0000,92,1000,1000,1,988.8338
50950.0000,5095,2400.3145,0.0000,90,1000,1000,1,988.8360
50960.0000,5096,2400.2524,0.0000,79,1000,1000,1,988.8382
50970.0000,5097,2400.1890,0.0000,74,1000,1000,1,988.8404
50980.0000,5098,2400.1255,0.0000,79,1000,1000,1,988.8426
50990.0000,5099,2400.0626,0.0000,80,1000,1000,1,988.8448
51000.0000,5100,2400.0005,0.0000,86,1000,1000,1,988.8470
51010.0000,5101,2399.9384,0.0000,87,1000,1000,1,988.8492
51020.0000,5102,2399.8769,0.0000,88,1000,1000,1,988.8513
51030.0000,5103,2399.8160,0.0000,88,1000,1000,1,988.8535
51040.0000,5104,2399.7552,0.0000,92,1000,1000,1,988.8557
51050.0000,5105,2399.6951,0.0000,94,1000,1000,1,988.8579
51060.0000,5106,2399.6354,0.0000,98,1000,1000,1,988.8601
51070.0000,5107,2399.5759,0.0000,92,1000,1000,1,988.8623
51080.0000,5108,2399.5155,0.0000,92,1000,1000,1,988.8644
51090.0000,5109,2399.4554,0.0000,94,1000,1000,1,988.8666
51100.0000,5110,2399.3958,0.0000,97,1000,1000,1,988.8688
51110.0000,5111,2399.3371,0.0000,101,1000,1000,1,988.8710
51120.0000,5112,2399.2792,0.0000,108,1000,1000,1,988.8731
51130.0000,5113,2399.2217,0.0000,102,1000,1000,1,988.8753
51140.0000,5114,2399.1632,0.0000,102,1000,1000,1,988.8775
51150.0000,5115,2399.1056,0.0000,107,1000,1000,1,988.8797
51160.0000,5116,2399.0479,0.0000,105,1000,1000,1,988.8818
51170.0000,5117,2398.9906,0.0000,105,1000,1000,1,988.8840
51180.0000,5118,2398.9329,0.0000,100,1000,1000,1,988.8862
51190.0000,5119,2398.8747,0.0000,100,1000,1000,1,988.8884
51200.0000,5120,2398.8163,0.0000,100,1000,1000,1,988.8905
51210.0000,5121,2398.7583,0.0000,106,1000,1000,1,988.8927
51220.0000,5122,2398.6999,0.0000,97,1000,1000,1,988.8949
51230.0000,5123,2398.6407,0.0000,95,1000,1000,1,988.8970
51240.0000,5124,2398.5806,0.0000,91,1000,1000,1,988.8992
51250.0000,5125,2398.5201,0.0000,87,1000,1000,1,988.9014
51260.0000,5126,2398.4595,0.0000,91,1000,1000,1,988.9035
51270.0000,5127,2398.3990,0.0000,89,1000,1000,1,988.9057
51280.0000,5128,2398.3382,0.0000,86,1000,1000,1,988.9079
51290.0000,5129,2398.2769,0.0000,84,1000,1000,1,988.9100
51300.0000,5130,2398.2153,0.0000,81,1000,1000,1,988.9122
51310.0000,5131,2398.1522,0.0000,71,1000,1000,1,988.9143
51320.0000,5132,2398.0881,0.0000,70,1000,1000,1,988.9165
51330.0000,5133,2398.0236,0.0000,65,1000,1000,1,988.9187
51340.0000,5134,2397.9584,0.0000,65,1000,1000,1,988.9208
51350.0000,5135,2397.8938,0.0000,69,1000,1000,1,988.9230
51360.0000,5136,2397.8293,0.0000,60,1000,1000,1,988.9251
51370.0000,5137,2397.7642,0.0000,64,1000,1000,1,988.9273
51380.0000,5138,2397.6995,0.0000,68,1000,1000,1,988.9295
51390.0000,5139,2397.6350,0.0000,65,1000,1000,1,988.9316
51400.0000,5140,2397.5708,0.0000,70,1000,1000,1,988.9338
51410.0000,5141,2397.5077,0.0000,77,1000,1000,1,988.9359
51420.0000,5142,2397.4448,0.0000,75,1000,1000,1,988.9381
51430.0000,5143,2397.3824,0.0000,79,1000,1000,1,988.9402
51440.0000,5144,2397.3203,0.0000,78,1000,1000,1,988.9424
51450.0000,5145,2397.2580,0.0000,74,1000,1000,1,988.9445
51460.0000,5146,2397.1954,0.0000,78,1000,1000,1,988.9467
51470.0000,5147,2397.1324,0.0000,68,1000,1000,1,988.9488
51480.0000,5148,2397.0684,0.0000,67,1000,1000,1,988.9510
51490.0000,5149,2397.0047,0.0000,65,1000,1000,1,988.9531
51500.0000,5150,2396.9405,0.0000,69,1000,1000,1,988.9552
51510.0000,5151,2396.8775,0.0000,73,1000,1000,1,988.9574
51520.0000,5152,2396.8144,0.0000,77,1000,1000,1,988.9595
51530.0000,5153,2396.7520,0.0000,72,1000,1000,1,988.9617
51540.0000,5154,2396.6893,0.0000,73,1000,1000,1,988.9638
51550.0000,5155,2396.6262,0.0000,73,1000,1000,1,988.9660
51560.0000,5156,2396.5637,0.0000,75,1000,1000,1,988.9681
51570.0000,5157,2396.5012,0.0000,74,1000,1000,1,988.9702
51580.0000,5158,2396.4384,0.0000,72,1000,1000,1,988.9724
51590.0000,5159,2396.3752,0.0000,71,1000,1000,1,988.9745
51600.0000,5160,2396.3119,0.0000,67,1000,1000,1,988.9767
51610.0000,5161,2396.2481,0.0000,67,1000,1000,1,988.9788
51620.0000,5162,2396.1843,0.0000,69,1000,1000,1,988.9809
51630.0000,5163,2396.1214,0.0000,74,1000,1000,1,988.9831
51640.0000,5164,2396.0591,0.0000,74,1000,1000,1,988.9852
51650.0000,5165,2395.9971,0.0000,77,1000,1000,1,988.9873
51660.0000,5166,2395.9357,0.0000,79,1000,1000,1,988.9895
51670.0000,5167,2395.8741,0.0000,73,1000,1000,1,988.9916
51680.0000,5168,2395.8126,0.0000,83,1000,1000,1,988.9937
51690.0000,5169,2395.7511,0.0000,78,1000,1000,1,988.9958
51700.0000,5170,2395.6894,0.0000,73,1000,1000,1,988.9980
51710.0000,5171,2395.6266,0.0000,71,1000,1000,1,989.0001
51720.0000,5172,2395.5642,0.0000,73,1000,1000,1,989.0022
51730.0000,5173,2395.5024,0.0000,77,1000,1000,1,989.0044
51740.0000,5174,2395.4404,0.0000,76,1000,1000,1,989.0065
51750.0000,5175,2395.3788,0.0000,76,1000,1000,1,989.0086
51760.0000,5176,2395.3170,0.0000,78,1000,1000,1,989.0107
51770.0000,5177,2395.2552,0.0000,74,1000,1000,1,989.0128
51780.0000,5178,2395.1935,0.0000,75,1000,1000,1,989.0150
51790.0000,5179,2395.1311,0.0000,71,1000,1000,1,989.0171
51800.0000,5180,2395.0679,0.0000,64,1000,1000,1,989.0192
51810.0000,5181,2395.0032,0.0000,57,1000,1000,1,989.0213
51820.0000,5182,2394.9380,0.0000,56,1000,1000,1,989.0235
51830.0000,5183,2394.8718,0.0000,47,1000,1000,1,989.0256
51840.0000,5184,2394.8054,0.0000,53,1000,1000,1,989.0277
51850.0000,5185,2394.7398,0.0000,56,1000,1000,1,989.0298
51860.0000,5186,2394.6737,0.0000,49,1000,1000,1,989.0319
51870.0000,5187,2394.6070,0.0000,47,1000,1000,1,989.0340
51880.0000,5188,2394.5401,0.0000,48,1000,1000,1,989.0361
51890.0000,5189,2394.4724,0.0000,42,1000,1000,1,989.0383
51900.0000,5190,2394.4046,0.0000,43,1000,1000,1,989.0404
51910.0000,5191,2394.3377,0.0000,47,1000,1000,1,989.0425
51920.0000,5192,2394.2709,0.0000,51,1000,1000,1,989.0446
51930.0000,5193,2394.2044,0.0000,45,1000,1000,1,989.0467
51940.0000,5194,2394.1371,0.0000,44,1000,1000,1,989.0488
51950.0000,5195,2394.0685,0.0000,35,1000,1000,1,989.0509
51960.0000,5196,2393.9999,0.0000,42,1000,1000,1,989.0530
51970.0000,5197,2393.9320,0.0000,43,1000,996,1,989.0551
51980.0000,5198,2393.8653,0.0000,57,1000,996,1,989.0572
51990.0000,5199,2393.8012,0.0000,69,1000,998,1,989.0593
52000.0000,5200,2393.7387,0.0000,79,1000,988,1,989.0614
52010.0000,5201,2393.6768,0.0000,92,1000,986,1,989.0636
52020.0000,5202,2393.6179,0.0000,109,1000,989,1,989.0657
52030.0000,5203,2393.5623,0.0000,123,1000,986,1,989.0678
52040.0000,5204,2393.5083,0.0000,129,1000,988,1,989.0699
52050.0000,5205,2393.4557,0.0000,135,1000,985,1,989.0720
52060.0000,5206,2393.4039,0.0000,144,1000,980,1,989.0741
52070.0000,5207,2393.3532,0.0000,150,1000,983,1,989.0762
52080.0000,5208,2393.3033,0.0000,162,1000,976,1,989.0782
52090.0000,5209,2393.2555,0.0000,165,1000,978,1,989.0803
52100.0000,5210,2393.2080,0.0000,176,1000,971,1,989.0824
52110.0000,5211,2393.1612,0.0000,181,1000,973,1,989.0845
52120.0000,5212,2393.1165,0.0000,190,1000,976,1,989.0866
52130.0000,5213,2393.0729,0.0000,196,1000,971,1,989.0887
52140.0000,5214,2393.0302,0.0000,204,1000,973,1,989.0908
52150.0000,5215,2392.9888,0.0000,210,1000,968,1,989.0929
52160.0000,5216,2392.9484,0.0000,219,1000,968,1,989.0950
52170.0000,5217,2392.9097,0.0000,229,1000,965,1,989.0971
52180.0000,5218,2392.8734,0.0000,243,1000,968,1,989.0992
52190.0000,5219,2392.8387,0.0000,253,1000,962,1,989.1013
52200.0000,5220,2392.8057,0.0000,261,1000,964,1,989.1034
52210.0000,5221,2392.7735,0.0000,267,1000,957,1,989.1054
52220.0000,5222,2392.7420,0.0000,277,1000,958,1,989.1075
52230.0000,5223,2392.7135,0.0000,288,1000,959,1,989.1096
52240.0000,5224,2392.6869,0.0000,294,1000,961,1,989.1117
52250.0000,5225,2392.6613,0.0000,306,1000,959,1,989.1138
52260.0000,5226,2392.6371,0.0000,319,1000,950,1,989.1159
52270.0000,5227,2392.6142,0.0000,327,1000,947,1,989.1179
52280.0000,5228,2392.5930,0.0000,342,1000,947,1,989.1200
52290.0000,5229,2392.5745,0.0000,348,1000,952,1,989.1221
52300.0000,5230,2392.5580,0.0000,364,1000,950,1,989.1242
52310.0000,5231,2392.5439,0.0000,374,1000,953,1,989.1263
52320.0000,5232,2392.5312,0.0000,381,1000,949,1,989.1283
52330.0000,5233,2392.5201,0.0000,394,1000,946,1,989.1304
52340.0000,5234,2392.5110,0.0000,407,1000,939,1,989.1325
52350.0000,5235,2392.5021,0.0000,413,1000,934,1,989.1346
52360.0000,5236,2392.4933,0.0000,422,1000,927,1,989.1367
52370.0000,5237,2392.4867,0.0000,431,1000,934,1,989.1387
52380.0000,5238,2392.4816,0.0000,439,1000,932,1,989.1408
52390.0000,5239,2392.4790,0.0000,452,1000,933,1,989.1429
52400.0000,5240,2392.4784,0.0000,463,1000,933,1,989.1449
52410.0000,5241,2392.4804,0.0000,471,1000,936,1,989.1470
52420.0000,5242,2392.4838,0.0000,483,1000,929,1,989.1491
52430.0000,5243,2392.4880,0.0000,488,1000,928,1,989.1512
52440.0000,5244,2392.4927,0.0000,495,1000,925,1,989.1532
52450.0000,5245,2392.4989,0.0000,506,1000,927,1,989.1553
52460.0000,5246,2392.5070,0.0000,511,1000,934,1,989.1574
52470.0000,5247,2392.5176,0.0000,517,1000,932,1,989.1594
52480.0000,5248,2392.5288,0.0000,524,1000,935,1,989.1615
52490.0000,5249,2392.5422,0.0000,532,1000,936,1,989.1636
52500.0000,5250,2392.5572,0.0000,537,1000,936,1,989.1656
52510.0000,5251,2392.5732,0.0000,544,1000,937,1,989.1677
52520.0000,5252,2392.5906,0.0000,553,1000,934,1,989.1697
52530.0000,5253,2392.6090,0.0000,562,1000,934,1,989.1718
52540.0000,5254,2392.6300,0.0000,572,1000,936,1,989.1739
52550.0000,5255,2392.6535,0.0000,586,1000,930,1,989.1759
52560.0000,5256,2392.6778,0.0000,596,1000,930,1,989.1780
52570.0000,5257,2392.7041,0.0000,604,1000,927,1,989.1801
52580.0000,5258,2392.7315,0.0000,616,1000,929,1,989.1821
52590.0000,5259,2392.7610,0.0000,623,1000,928,1,989.1842
52600.0000,5260,2392.7903,0.0000,631,1000,918,1,989.1862
52610.0000,5261,2392.8208,0.0000,645,1000,916,1,989.1883
52620.0000,5262,2392.8536,0.0000,653,1000,918,1,989.1903
52630.0000,5263,2392.8886,0.0000,658,1000,921,1,989.1924
52640.0000,5264,2392.9244,0.0000,669,1000,916,1,989.1944
52650.0000,5265,2392.9616,0.0000,677,1000,910,1,989.1965
52660.0000,5266,2392.9995,0.0000,689,1000,907,1,989.1985
52670.0000,5267,2393.0379,0.0000,695,1000,901,1,989.2006
52680.0000,5268,2393.0760,0.0000,698,1000,898,1,989.2026
52690.0000,5269,2393.1142,0.0000,703,1000,892,1,989.2047
52700.0000,5270,2393.1537,0.0000,710,1000,894,1,989.2067
52710.0000,5271,2393.1944,0.0000,721,1000,892,1,989.2088
52720.0000,5272,2393.2365,0.0000,728,1000,891,1,989.2108
52730.0000,5273,2393.2800,0.0000,736,1000,892,1,989.2129
52740.0000,5274,2393.3247,0.0000,747,1000,888,1,989.2149
52750.0000,5275,2393.3698,0.0000,750,1000,880,1,989.2170
52760.0000,5276,2393.4153,0.0000,759,1000,876,1,989.2190
52770.0000,5277,2393.4612,0.0000,763,1000,872,1,989.2211
52780.0000,5278,2393.5078,0.0000,774,1000,871,1,989.2231
52790.0000,5279,2393.5551,0.0000,780,1000,866,1,989.2251
52800.0000,5280,2393.6029,0.0000,786,1000,861,1,989.2272
52810.0000,5281,2393.6513,0.0000,795,1000,859,1,989.2292
52820.0000,5282,2393.7011,0.0000,800,1000,854,1,989.2313
52830.0000,5283,2393.7505,0.0000,813,1000,849,1,989.2333
52840.0000,5284,2393.8013,0.0000,819,1000,844,1,989.2353
52850.0000,5285,2393.8528,0.0000,826,1000,840,1,989.2374
52860.0000,5286,2393.9044,0.0000,831,1000,835,1,989.2394
52870.0000,5287,2393.9575,0.0000,844,1000,838,1,989.2414
52880.0000,5288,2394.0134,0.0000,851,1000,842,1,989.2435
52890.0000,5289,2394.0707,0.0000,860,1000,840,1,989.2455
52900.0000,5290,2394.1283,0.0000,870,1000,831,1,989.2475
52910.0000,5291,2394.1873,0.0000,877,1000,835,1,989.2496
52920.0000,5292,2394.2482,0.0000,887,1000,832,1,989.2516
52930.0000,5293,2394.3095,0.0000,893,1000,826,1,989.2536
52940.0000,5294,2394.3718,0.0000,902,1000,826,1,989.2557
52950.0000,5295,2394.4364,0.0000,912,1000,831,1,989.2577
52960.0000,5296,2394.5027,0.0000,920,1000,827,1,989.2597
52970.0000,5297,2394.5702,0.0000,928,1000,834,1,989.2618
52980.0000,5298,2394.6415,0.0000,942,1000,837,1,989.2638
52990.0000,5299,2394.7140,0.0000,945,1000,835,1,989.2658
53000.0000,5300,2394.7869,0.0000,952,1000,832,1,989.2678
53010.0000,5301,2394.8612,0.0000,962,1000,828,1,989.2699
53020.0000,5302,2394.9360,0.0000,966,1000,827,1,989.2719
53030.0000,5303,2395.0131,0.0000,980,1000,828,1,989.2739
53040.0000,5304,2395.0916,0.0000,989,1000,829,1,989.2759
53050.0000,5305,2395.1732,0.0000,999,1000,839,1,989.2779
53060.0000,5306,2395.2576,0.0000,1000,1000,845,1,989.2800
53070.0000,5307,2395.3419,0.0000,1000,1000,844,1,989.2820
53080.0000,5308,2395.4264,0.0000,1000,1000,846,1,989.2840
53090.0000,5309,2395.5108,0.0000,1000,1000,840,1,989.2860
53100.0000,5310,2395.5936,0.0000,1000,1000,831,1,989.2880
53110.0000,5311,2395.6759,0.0000,1000,1000,831,1,989.2901
53120.0000,5312,2395.7575,0.0000,1000,1000,828,1,989.2921
53130.0000,5313,2395.8381,0.0000,1000,1000,822,1,989.2941
53140.0000,5314,2395.9186,0.0000,1000,1000,824,1,989.2961
53150.0000,5315,2395.9990,0.0000,1000,1000,826,1,989.2981
53160.0000,5316,2396.0800,0.0000,1000,1000,824,1,989.3001
53170.0000,5317,2396.1605,0.0000,1000,1000,825,1,989.3021
53180.0000,5318,2396.2411,0.0000,1000,1000,829,1,989.3042
53190.0000,5319,2396.3225,0.0000,1000,1000,830,1,989.3062
53200.0000,5320,2396.4035,0.0000,1000,1000,826,1,989.3082
53210.0000,5321,2396.4828,0.0000,1000,1000,814,1,989.3102
53220.0000,5322,2396.5613,0.0000,1000,1000,813,1,989.3122
53230.0000,5323,2396.6387,0.0000,1000,1000,806,1,989.3142
53240.0000,5324,2396.7157,0.0000,1000,1000,805,1,989.3162
53250.0000,5325,2396.7922,0.0000,1000,1000,801,1,989.3182
53260.0000,5326,2396.8681,0.0000,1000,1000,800,1,989.3202
53270.0000,5327,2396.9441,0.0000,1000,1000,805,1,989.3222
53280.0000,5328,2397.0211,0.0000,1000,1000,803,1,989.3242
53290.0000,5329,2397.0967,0.0000,1000,1000,796,1,989.3262
53300.0000,5330,2397.1714,0.0000,1000,1000,797,1,989.3282
53310.0000,5331,2397.2464,0.0000,1000,1000,800,1,989.3302
53320.0000,5332,2397.3227,0.0000,1000,1000,804,1,989.3322
53330.0000,5333,2397.3986,0.0000,1000,1000,801,1,989.3342
53340.0000,5334,2397.4746,0.0000,1000,1000,806,1,989.3362
53350.0000,5335,2397.5517,0.0000,1000,1000,811,1,989.3382
53360.0000,5336,2397.6292,0.0000,1000,1000,809,1,989.3402
53370.0000,5337,2397.7057,0.0000,1000,1000,803,1,989.3422
53380.0000,5338,2397.7810,0.0000,1000,1000,799,1,989.3442
53390.0000,5339,2397.8558,0.0000,1000,1000,794,1,989.3462
53400.0000,5340,2397.9301,0.0000,1000,1000,793,1,989.3482
53410.0000,5341,2398.0039,0.0000,1000,1000,787,1,989.3502
53420.0000,5342,2398.0766,0.0000,1000,1000,787,1,989.3522
53430.0000,5343,2398.1486,0.0000,1000,1000,781,1,989.3542
53440.0000,5344,2398.2208,0.0000,1000,1000,783,1,989.3562
53450.0000,5345,2398.2922,0.0000,1000,1000,779,1,989.3582
53460.0000,5346,2398.3639,0.0000,1000,1000,784,1,989.3602
53470.0000,5347,2398.4358,0.0000,1000,1000,782,1,989.3622
53480.0000,5348,2398.5077,0.0000,1000,1000,785,1,989.3642
53490.0000,5349,2398.5799,0.0000,1000,1000,780,1,989.3661
53500.0000,5350,2398.6508,0.0000,1000,1000,776,1,989.3681
53510.0000,5351,2398.7214,0.0000,1000,1000,777,1,989.3701
53520.0000,5352,2398.7925,0.0000,1000,1000,783,1,989.3721
53530.0000,5353,2398.8642,0.0000,1000,1000,777,1,989.3741
53540.0000,5354,2398.9347,0.0000,1000,1000,777,1,989.3761
53550.0000,5355,2399.0052,0.0000,1000,1000,776,1,989.3781
53560.0000,5356,2399.0756,0.0000,1000,1000,776,1,989.3800
53570.0000,5357,2399.1451,0.0000,1000,1000,773,1,989.3820
53580.0000,5358,2399.2154,0.0000,1000,1000,778,1,989.3840
53590.0000,5359,2399.2855,0.0000,1000,1000,773,1,989.3860
53600.0000,5360,2399.3559,0.0000,1000,1000,776,1,989.3880
53610.0000,5361,2399.4261,0.0000,1000,1000,778,1,989.3900
53620.0000,5362,2399.4964,0.0000,1000,1000,775,1,989.3919
53630.0000,5363,2399.5661,0.0000,1000,1000,770,1,989.3939
53640.0000,5364,2399.6353,0.0000,1000,1000,773,1,989.3959
53650.0000,5365,2399.7049,0.0000,1000,1000,774,1,989.3979
53660.0000,5366,2399.7750,0.0000,1000,1000,781,1,989.3998
53670.0000,5367,2399.8458,0.0000,1000,1000,779,1,989.4018
53680.0000,5368,2399.9170,0.0000,1000,1000,782,1,989.4038
53690.0000,5369,2399.9873,0.0000,1000,1000,773,1,989.4058
53700.0000,5370,2400.0570,0.0000,1000,1000,775,1,989.4077
53710.0000,5371,2400.1268,0.0000,1000,1000,775,1,989.4097
53720.0000,5372,2400.1971,0.0000,1000,1000,779,1,989.4117
53730.0000,5373,2400.2676,0.0000,1000,1000,777,1,989.4136
53740.0000,5374,2400.3370,0.0000,1000,1000,774,1,989.4156
53750.0000,5375,2400.4067,0.0000,1000,1000,772,1,989.4176
53760.0000,5376,2400.4758,0.0000,1000,1000,773,1,989.4196
53770.0000,5377,2400.5450,0.0000,1000,1000,772,1,989.4215
53780.0000,5378,2400.6141,0.0000,1000,1000,775,1,989.4235
53790.0000,5379,2400.6833,0.0000,1000,1000,771,1,989.4255
53800.0000,5380,2400.7519,0.0000,1000,1000,764,1,989.4274
53810.0000,5381,2400.8195,0.0000,1000,1000,768,1,989.4294
53820.0000,5382,2400.8876,0.0000,1000,1000,769,1,989.4313
53830.0000,5383,2400.9555,0.0000,1000,1000,765,1,989.4333
53840.0000,5384,2401.0223,0.0000,1000,1000,759,1,989.4353
53850.0000,5385,2401.0888,0.0000,1000,1000,759,1,989.4372
53860.0000,5386,2401.1552,0.0000,1000,1000,760,1,989.4392
53870.0000,5387,2401.2212,0.0000,1000,1000,752,1,989.4412
53880.0000,5388,2401.2859,0.0000,1000,1000,746,1,989.4431
53890.0000,5389,2401.3497,0.0000,1000,1000,743,1,989.4451
53900.0000,5390,2401.4133,0.0000,1000,1000,745,1,989.4470
53910.0000,5391,2401.4766,0.0000,1000,1000,739,1,989.4490
53920.0000,5392,2401.5389,0.0000,1000,1000,738,1,989.4510
53930.0000,5393,2401.6010,0.0000,1000,1000,735,1,989.4529
53940.0000,5394,2401.6628,0.0000,1000,1000,732,1,989.4549
53950.0000,5395,2401.7245,0.0000,1000,1000,735,1,989.4568
53960.0000,5396,2401.7862,0.0000,1000,1000,739,1,989.4588
53970.0000,5397,2401.8485,0.0000,1000,1000,741,1,989.4607
53980.0000,5398,2401.9117,0.0000,1000,1000,747,1,989.4627
53990.0000,5399,2401.9757,0.0000,1000,1000,745,1,989.4646
54000.0000,5400,2402.0398,0.0000,1000,1000,755,1,989.4666
54010.0000,5401,2402.1051,0.0000,1000,1000,755,1,989.4685
54020.0000,5402,2402.1708,0.0000,1000,1000,759,1,989.4705
54030.0000,5403,2402.2367,0.0000,1000,1000,757,1,989.4724
54040.0000,5404,2402.3020,0.0000,1000,1000,756,1,989.4744
54050.0000,5405,2402.3669,0.0000,1000,1000,755,1,989.4763
54060.0000,5406,2402.4319,0.0000,1000,1000,752,1,989.4783
54070.0000,5407,2402.4975,0.0000,1000,1000,760,1,989.4802
54080.0000,5408,2402.5636,0.0000,1000,1000,757,1,989.4822
54090.0000,5409,2402.6291,0.0000,1000,1000,757,1,989.4841
54100.0000,5410,2402.6945,0.0000,1000,1000,755,1,989.4860
54110.0000,5411,2402.7587,0.0000,1000,1000,752,1,989.4880
54120.0000,5412,2402.8233,0.0000,1000,1000,752,1,989.4899
54130.0000,5413,2402.8880,0.0000,1000,1000,749,1,989.4919
54140.0000,5414,2402.9513,0.0000,1000,1000,741,1,989.4938
54150.0000,5415,2403.0137,0.0000,1000,1000,741,1,989.4958
54160.0000,5416,2403.0753,0.0000,1000,1000,736,1,989.4977
54170.0000,5417,2403.1371,0.0000,1000,1000,738,1,989.4996
54180.0000,5418,2403.1998,0.0000,1000,1000,747,1,989.5016
54190.0000,5419,2403.2637,0.0000,1000,1000,751,1,989.5035
54200.0000,5420,2403.3279,0.0000,1000,1000,752,1,989.5054
54210.0000,5421,2403.3922,0.0000,1000,1000,754,1,989.5074
54220.0000,5422,2403.4573,0.0000,1000,1000,757,1,989.5093
54230.0000,5423,2403.5222,0.0000,1000,1000,756,1,989.5113
54240.0000,5424,2403.5860,0.0000,1000,1000,750,1,989.5132
54250.0000,5425,2403.6497,0.0000,1000,1000,751,1,989.5151
54260.0000,5426,2403.7139,0.0000,1000,1000,753,1,989.5171
54270.0000,5427,2403.7784,0.0000,1000,1000,754,1,989.5190
54280.0000,5428,2403.8418,0.0000,1000,1000,745,1,989.5209
54290.0000,5429,2403.9042,0.0000,1000,1000,742,1,989.5228
54300.0000,5430,2403.9672,0.0000,1000,1000,746,1,989.5248
54310.0000,5431,2404.0298,0.0000,1000,1000,739,1,989.5267
54320.0000,5432,2404.0918,0.0000,1000,1000,741,1,989.5286
54330.0000,5433,2404.1535,0.0000,1000,1000,738,1,989.5306
54340.0000,5434,2404.2145,0.0000,1000,1000,734,1,989.5325
54350.0000,5435,2404.2752,0.0000,1000,1000,733,1,989.5344
54360.0000,5436,2404.3349,0.0000,1000,1000,727,1,989.5363
54370.0000,5437,2404.3947,0.0000,1000,1000,728,1,989.5383
54380.0000,5438,2404.4538,0.0000,1000,1000,723,1,989.5402
54390.0000,5439,2404.5126,0.0000,1000,1000,724,1,989.5421
54400.0000,5440,2404.5712,0.0000,1000,1000,725,1,989.5440
54410.0000,5441,2404.6302,0.0000,1000,1000,726,1,989.5460
54420.0000,5442,2404.6888,0.0000,1000,1000,723,1,989.5479
54430.0000,5443,2404.7474,0.0000,1000,1000,726,1,989.5498
54440.0000,5444,2404.8057,0.0000,1000,1000,719,1,989.5517
54450.0000,5445,2404.8629,0.0000,1000,1000,716,1,989.5536
54460.0000,5446,2404.9199,0.0000,1000,1000,712,1,989.5555
54470.0000,5447,2404.9766,0.0000,1000,1000,717,1,989.5575
54480.0000,5448,2405.0341,0.0000,1000,1000,721,1,989.5594
54490.0000,5449,2405.0915,0.0000,1000,1000,713,1,989.5613
54500.0000,5450,2405.1481,0.0000,1000,1000,714,1,989.5632
54510.0000,5451,2405.2048,0.0000,1000,1000,713,1,989.5651
54520.0000,5452,2405.2611,0.0000,1000,1000,710,1,989.5670
54530.0000,5453,2405.3159,0.0000,1000,1000,704,1,989.5690
54540.0000,5454,2405.3709,0.0000,1000,1000,709,1,989.5709
54550.0000,5455,2405.4263,0.0000,1000,1000,708,1,989.5728
54560.0000,5456,2405.4820,0.0000,1000,1000,707,1,989.5747
54570.0000,5457,2405.5364,0.0000,1000,1000,703,1,989.5766
54580.0000,5458,2405.5915,0.0000,1000,1000,706,1,989.5785
54590.0000,5459,2405.6466,0.0000,1000,1000,705,1,989.5804
54600.0000,5460,2405.7015,0.0000,1000,1000,705,1,989.5823
54610.0000,5461,2405.7559,0.0000,1000,1000,704,1,989.5842
54620.0000,5462,2405.8107,0.0000,1000,1000,706,1,989.5861
54630.0000,5463,2405.8654,0.0000,1000,1000,699,1,989.5881
54640.0000,5464,2405.9189,0.0000,1000,1000,696,1,989.5900
54650.0000,5465,2405.9722,0.0000,1000,1000,699,1,989.5919
54660.0000,5466,2406.0254,0.0000,1000,1000,692,1,989.5938
54670.0000,5467,2406.0779,0.0000,1000,1000,693,1,989.5957
54680.0000,5468,2406.1300,0.0000,1000,1000,689,1,989.5976
54690.0000,5469,2406.1814,0.0000,1000,1000,687,1,989.5995
54700.0000,5470,2406.2318,0.0000,1000,1000,677,1,989.6014
54710.0000,5471,2406.2815,0.0000,1000,1000,679,1,989.6033
54720.0000,5472,2406.3321,0.0000,1000,1000,685,1,989.6052
54730.0000,5473,2406.3832,0.0000,1000,1000,687,1,989.6071
54740.0000,5474,2406.4343,0.0000,1000,1000,686,1,989.6090
54750.0000,5475,2406.4854,0.0000,1000,1000,684,1,989.6109
54760.0000,5476,2406.5366,0.0000,1000,1000,683,1,989.6128
54770.0000,5477,2406.5870,0.0000,1000,1000,682,1,989.6147
54780.0000,5478,2406.6368,0.0000,1000,1000,680,1,989.6166
54790.0000,5479,2406.6861,0.0000,1000,1000,674,1,989.6185
54800.0000,5480,2406.7343,0.0000,1000,1000,670,1,989.6204
54810.0000,5481,2406.7825,0.0000,1000,1000,672,1,989.6222
54820.0000,5482,2406.8314,0.0000,1000,1000,676,1,989.6241
54830.0000,5483,2406.8804,0.0000,1000,1000,677,1,989.6260
54840.0000,5484,2406.9289,0.0000,1000,1000,668,1,989.6279
54850.0000,5485,2406.9761,0.0000,1000,1000,664,1,989.6298
54860.0000,5486,2407.0231,0.0000,1000,1000,664,1,989.6317
54870.0000,5487,2407.0703,0.0000,1000,1000,668,1,989.6336
54880.0000,5488,2407.1178,0.0000,1000,1000,668,1,989.6355
54890.0000,5489,2407.1655,0.0000,1000,1000,668,1,989.6374
54900.0000,5490,2407.2129,0.0000,1000,1000,666,1,989.6393
54910.0000,5491,2407.2598,0.0000,1000,1000,662,1,989.6411
54920.0000,5492,2407.3065,0.0000,1000,1000,665,1,989.6430
54930.0000,5493,2407.3539,0.0000,1000,1000,670,1,989.6449
54940.0000,5494,2407.4025,0.0000,1000,1000,678,1,989.6468
54950.0000,5495,2407.4511,0.0000,1000,1000,672,1,989.6487
54960.0000,5496,2407.4990,0.0000,1000,1000,669,1,989.6506
54970.0000,5497,2407.5456,0.0000,1000,1000,659,1,989.6525
54980.0000,5498,2407.5916,0.0000,1000,1000,658,1,989.6543
54990.0000,5499,2407.6367,0.0000,1000,1000,658,1,989.6562
55000.0000,5500,2407.6824,0.0000,1000,1000,661,1,989.6581
55010.0000,5501,2407.7296,0.0000,1000,1000,674,1,989.6600
55020.0000,5502,2407.7776,0.0000,1000,1000,671,1,989.6619
55030.0000,5503,2407.8258,0.0000,1000,1000,672,1,989.6637
55040.0000,5504,2407.8741,0.0000,1000,1000,674,1,989.6656
55050.0000,5505,2407.9219,0.0000,1000,1000,671,1,989.6675
55060.0000,5506,2407.9701,0.0000,1000,1000,672,1,989.6694
55070.0000,5507,2408.0190,0.0000,1000,1000,680,1,989.6712
55080.0000,5508,2408.0687,0.0000,1000,1000,685,1,989.6731
55090.0000,5509,2408.1188,0.0000,1000,1000,682,1,989.6750
55100.0000,5510,2408.1680,0.0000,1000,1000,674,1,989.6769
55110.0000,5511,2408.2157,0.0000,1000,1000,669,1,989.6787
55120.0000,5512,2408.2628,0.0000,1000,1000,670,1,989.6806
55130.0000,5513,2408.3097,0.0000,1000,1000,662,1,989.6825
55140.0000,5514,2408.3556,0.0000,1000,1000,659,1,989.6844
55150.0000,5515,2408.4015,0.0000,1000,1000,662,1,989.6862
55160.0000,5516,2408.4466,0.0000,1000,1000,654,1,989.6881
55170.0000,5517,2408.4899,0.0000,1000,1000,643,1,989.6900
55180.0000,5518,2408.5326,0.0000,1000,1000,643,1,989.6918
55190.0000,5519,2408.5754,0.0000,1000,1000,649,1,989.6937
55200.0000,5520,2408.6191,0.0000,1000,1000,653,1,989.6956
55210.0000,5521,2408.6638,0.0000,1000,1000,658,1,989.6974
55220.0000,5522,2408.7091,0.0000,1000,1000,661,1,989.6993
55230.0000,5523,2408.7552,0.0000,1000,1000,663,1,989.7012
55240.0000,5524,2408.8012,0.0000,1000,1000,660,1,989.7030
55250.0000,5525,2408.8455,0.0000,1000,1000,647,1,989.7049
55260.0000,5526,2408.8887,0.0000,1000,1000,648,1,989.7068
55270.0000,5527,2408.9315,0.0000,1000,1000,644,1,989.7086
55280.0000,5528,2408.9736,0.0000,1000,1000,639,1,989.7105
55290.0000,5529,2409.0152,0.0000,1000,1000,636,1,989.7123
55300.0000,5530,2409.0556,0.0000,1000,1000,635,1,989.7142
55310.0000,5531,2409.0954,0.0000,1000,1000,630,1,989.7161
55320.0000,5532,2409.1355,0.0000,1000,1000,630,1,989.7179
55330.0000,5533,2409.1758,0.0000,1000,1000,633,1,989.7198
55340.0000,5534,2409.2158,0.0000,1000,1000,628,1,989.7216
55350.0000,5535,2409.2559,0.0000,1000,1000,631,1,989.7235
55360.0000,5536,2409.2961,0.0000,1000,1000,633,1,989.7253
55370.0000,5537,2409.3354,0.0000,1000,1000,624,1,989.7272
55380.0000,5538,2409.3748,0.0000,1000,1000,629,1,989.7291
55390.0000,5539,2409.4138,0.0000,1000,1000,625,1,989.7309
55400.0000,5540,2409.4532,0.0000,1000,1000,633,1,989.7328
55410.0000,5541,2409.4931,0.0000,1000,1000,627,1,989.7346
55420.0000,5542,2409.5325,0.0000,1000,1000,630,1,989.7365
55430.0000,5543,2409.5725,0.0000,1000,1000,631,1,989.7383
55440.0000,5544,2409.6127,0.0000,1000,1000,632,1,989.7402
55450.0000,5545,2409.6528,0.0000,1000,1000,635,1,989.7420
55460.0000,5546,2409.6930,0.0000,1000,1000,630,1,989.7439
55470.0000,5547,2409.7336,0.0000,1000,1000,636,1,989.7457
55480.0000,5548,2409.7741,0.0000,1000,1000,636,1,989.7476
55490.0000,5549,2409.8142,0.0000,1000,1000,633,1,989.7494
55500.0000,5550,2409.8545,0.0000,1000,1000,632,1,989.7513
55510.0000,5551,2409.8954,0.0000,1000,1000,637,1,989.7531
55520.0000,5552,2409.9360,0.0000,1000,1000,637,1,989.7550
55530.0000,5553,2409.9768,0.0000,1000,1000,637,1,989.7568
55540.0000,5554,2410.0178,0.0000,1000,1000,639,1,989.7586
55550.0000,5555,2410.0586,0.0000,1000,1000,636,1,989.7605
55560.0000,5556,2410.0983,0.0000,1000,1000,632,1,989.7623
55570.0000,5557,2410.1381,0.0000,1000,1000,628,1,989.7642
55580.0000,5558,2410.1772,0.0000,1000,1000,628,1,989.7660
55590.0000,5559,2410.2164,0.0000,1000,1000,627,1,989.7679
55600.0000,5560,2410.2549,0.0000,1000,1000,621,1,989.7697
55610.0000,5561,2410.2923,0.0000,1000,1000,613,1,989.7715
55620.0000,5562,2410.3287,0.0000,1000,1000,613,1,989.7734
55630.0000,5563,2410.3646,0.0000,1000,1000,610,1,989.7752
55640.0000,5564,2410.4011,0.0000,1000,1000,617,1,989.7771
55650.0000,5565,2410.4383,0.0000,1000,1000,615,1,989.7789
55660.0000,5566,2410.4753,0.0000,1000,1000,616,1,989.7807
55670.0000,5567,2410.5119,0.0000,1000,1000,613,1,989.7826
55680.0000,5568,2410.5489,0.0000,1000,1000,619,1,989.7844
55690.0000,5569,2410.5865,0.0000,1000,1000,621,1,989.7862
55700.0000,5570,2410.6245,0.0000,1000,1000,622,1,989.7881
55710.0000,5571,2410.6634,0.0000,1000,1000,633,1,989.7899
55720.0000,5572,2410.7037,0.0000,1000,1000,634,1,989.7917
55730.0000,5573,2410.7433,0.0000,1000,1000,631,1,989.7936
55740.0000,5574,2410.7825,0.0000,1000,1000,630,1,989.7954
55750.0000,5575,2410.8205,0.0000,1000,1000,618,1,989.7972
55760.0000,5576,2410.8571,0.0000,1000,1000,613,1,989.7991
55770.0000,5577,2410.8935,0.0000,1000,1000,616,1,989.8009
55780.0000,5578,2410.9310,0.0000,1000,1000,626,1,989.8027
55790.0000,5579,2410.9701,0.0000,1000,1000,632,1,989.8045
55800.0000,5580,2411.0094,0.0000,1000,1000,632,1,989.8064
55810.0000,5581,2411.0491,0.0000,1000,1000,636,1,989.8082
55820.0000,5582,2411.0889,0.0000,1000,1000,631,1,989.8100
55830.0000,5583,2411.1283,0.0000,1000,1000,631,1,989.8118
55840.0000,5584,2411.1669,0.0000,1000,1000,629,1,989.8137
55850.0000,5585,2411.2061,0.0000,1000,1000,629,1,989.8155
55860.0000,5586,2411.2452,0.0000,1000,1000,632,1,989.8173
55870.0000,5587,2411.2837,0.0000,1000,1000,623,1,989.8191
55880.0000,5588,2411.3224,0.0000,1000,1000,634,1,989.8210
55890.0000,5589,2411.3619,0.0000,1000,1000,630,1,989.8228
55900.0000,5590,2411.4005,0.0000,1000,1000,627,1,989.8246
55910.0000,5591,2411.4388,0.0000,1000,1000,625,1,989.8264
55920.0000,5592,2411.4765,0.0000,1000,1000,621,1,989.8282
55930.0000,5593,2411.5137,0.0000,1000,1000,618,1,989.8301
55940.0000,5594,2411.5519,0.0000,1000,1000,631,1,989.8319
55950.0000,5595,2411.5906,0.0000,1000,1000,629,1,989.8337
55960.0000,5596,2411.6297,0.0000,1000,1000,635,1,989.8355
55970.0000,5597,2411.6686,0.0000,1000,1000,625,1,989.8373
55980.0000,5598,2411.7061,0.0000,1000,1000,618,1,989.8391
55990.0000,5599,2411.7425,0.0000,1000,1000,612,1,989.8410
56000.0000,5600,2411.7783,0.0000,1000,1000,609,1,989.8428
56010.0000,5601,2411.8131,0.0000,1000,1000,602,1,989.8446
56020.0000,5602,2411.8468,0.0000,1000,1000,598,1,989.8464
56030.0000,5603,2411.8794,0.0000,1000,1000,593,1,989.8482
56040.0000,5604,2411.9116,0.0000,1000,1000,590,1,989.8500
56050.0000,5605,2411.9429,0.0000,1000,1000,586,1,989.8518
56060.0000,5606,2411.9738,0.0000,1000,1000,587,1,989.8536
56070.0000,5607,2412.0043,0.0000,1000,1000,585,1,989.8555
56080.0000,5608,2412.0360,0.0000,1000,1000,594,1,989.8573
56090.0000,5609,2412.0684,0.0000,1000,1000,591,1,989.8591
56100.0000,5610,2412.1005,0.0000,1000,1000,594,1,989.8609
56110.0000,5611,2412.1331,0.0000,1000,1000,597,1,989.8627
56120.0000,5612,2412.1663,0.0000,1000,1000,595,1,989.8645
56130.0000,5613,2412.1984,0.0000,1000,1000,586,1,989.8663
56140.0000,5614,2412.2298,0.0000,1000,1000,590,1,989.8681
56150.0000,5615,2412.2624,0.0000,1000,1000,597,1,989.8699
56160.0000,5616,2412.2956,0.0000,1000,1000,604,1,989.8717
56170.0000,5617,2412.3295,0.0000,1000,1000,600,1,989.8735
56180.0000,5618,2412.3625,0.0000,1000,1000,595,1,989.8753
56190.0000,5619,2412.3948,0.0000,1000,1000,591,1,989.8771
56200.0000,5620,2412.4265,0.0000,1000,1000,591,1,989.8789
56210.0000,5621,2412.4579,0.0000,1000,1000,587,1,989.8807
56220.0000,5622,2412.4889,0.0000,1000,1000,585,1,989.8825
56230.0000,5623,2412.5199,0.0000,1000,1000,590,1,989.8843
56240.0000,5624,2412.5512,0.0000,1000,1000,588,1,989.8861
56250.0000,5625,2412.5818,0.0000,1000,1000,579,1,989.8879
56260.0000,5626,2412.6115,0.0000,1000,1000,579,1,989.8897
56270.0000,5627,2412.6412,0.0000,1000,1000,576,1,989.8915
56280.0000,5628,2412.6705,0.0000,1000,1000,576,1,989.8933
56290.0000,5629,2412.6990,0.0000,1000,1000,566,1,989.8951
56300.0000,5630,2412.7262,0.0000,1000,1000,567,1,989.8969
56310.0000,5631,2412.7541,0.0000,1000,1000,573,1,989.8987
56320.0000,5632,2412.7823,0.0000,1000,1000,571,1,989.9005
56330.0000,5633,2412.8109,0.0000,1000,1000,576,1,989.9023
56340.0000,5634,2412.8404,0.0000,1000,1000,579,1,989.9041
56350.0000,5635,2412.8701,0.0000,1000,1000,580,1,989.9059
56360.0000,5636,2412.9000,0.0000,1000,1000,581,1,989.9077
56370.0000,5637,2412.9300,0.0000,1000,1000,581,1,989.9094
56380.0000,5638,2412.9600,0.0000,1000,1000,583,1,989.9112
56390.0000,5639,2412.9898,0.0000,1000,1000,580,1,989.9130
56400.0000,5640,2413.0188,0.0000,1000,1000,578,1,989.9148
56410.0000,5641,2413.0478,0.0000,1000,1000,580,1,989.9166
56420.0000,5642,2413.0768,0.0000,1000,1000,576,1,989.9184
56430.0000,5643,2413.1054,0.0000,1000,1000,576,1,989.9202
56440.0000,5644,2413.1344,0.0000,1000,1000,574,1,989.9220
56450.0000,5645,2413.1624,0.0000,1000,1000,568,1,989.9237
56460.0000,5646,2413.1895,0.0000,1000,1000,566,1,989.9255
56470.0000,5647,2413.2167,0.0000,1000,1000,568,1,989.9273
56480.0000,5648,2413.2448,0.0000,1000,1000,573,1,989.9291
56490.0000,5649,2413.2729,0.0000,1000,1000,569,1,989.9309
56500.0000,5650,2413.3002,0.0000,1000,1000,569,1,989.9327
56510.0000,5651,2413.3287,0.0000,1000,1000,576,1,989.9344
56520.0000,5652,2413.3575,0.0000,1000,1000,574,1,989.9362
56530.0000,5653,2413.3856,0.0000,1000,1000,572,1,989.9380
56540.0000,5654,2413.4133,0.0000,1000,1000,569,1,989.9398
56550.0000,5655,2413.4414,0.0000,1000,1000,575,1,989.9416
56560.0000,5656,2413.4700,0.0000,1000,1000,573,1,989.9433
56570.0000,5657,2413.4977,0.0000,1000,1000,566,1,989.9451
56580.0000,5658,2413.5245,0.0000,1000,1000,564,1,989.9469
56590.0000,5659,2413.5516,0.0000,1000,1000,569,1,989.9487
56600.0000,5660,2413.5795,0.0000,1000,1000,573,1,989.9504
56610.0000,5661,2413.6073,0.0000,1000,1000,567,1,989.9522
56620.0000,5662,2413.6343,0.0000,1000,1000,567,1,989.9540
56630.0000,5663,2413.6609,0.0000,1000,1000,564,1,989.9558
56640.0000,5664,2413.6869,0.0000,1000,1000,558,1,989.9575
56650.0000,5665,2413.7122,0.0000,1000,1000,556,1,989.9593
56660.0000,5666,2413.7372,0.0000,1000,1000,553,1,989.9611
56670.0000,5667,2413.7622,0.0000,1000,1000,557,1,989.9629
56680.0000,5668,2413.7872,0.0000,1000,1000,555,1,989.9646
56690.0000,5669,2413.8114,0.0000,1000,1000,548,1,989.9664
56700.0000,5670,2413.8349,0.0000,1000,1000,544,1,989.9682
56710.0000,5671,2413.8575,0.0000,1000,1000,542,1,989.9699
56720.0000,5672,2413.8797,0.0000,1000,1000,539,1,989.9717
56730.0000,5673,2413.9022,0.0000,1000,1000,540,1,989.9735
56740.0000,5674,2413.9242,0.0000,1000,1000,537,1,989.9752
56750.0000,5675,2413.9457,0.0000,1000,1000,531,1,989.9770
56760.0000,5676,2413.9661,0.0000,1000,1000,530,1,989.9788
56770.0000,5677,2413.9856,0.0000,1000,1000,524,1,989.9805
56780.0000,5678,2414.0047,0.0000,1000,1000,516,1,989.9823
56790.0000,5679,2414.0234,0.0000,1000,1000,527,1,989.9841
56800.0000,5680,2414.0425,0.0000,1000,1000,520,1,989.9858
56810.0000,5681,2414.0623,0.0000,1000,1000,531,1,989.9876
56820.0000,5682,2414.0835,0.0000,1000,1000,537,1,989.9894
56830.0000,5683,2414.1048,0.0000,1000,1000,533,1,989.9911
56840.0000,5684,2414.1254,0.0000,1000,1000,531,1,989.9929
56850.0000,5685,2414.1457,0.0000,1000,1000,531,1,989.9946
56860.0000,5686,2414.1661,0.0000,1000,1000,531,1,989.9964
56870.0000,5687,2414.1866,0.0000,1000,1000,528,1,989.9982
56880.0000,5688,2414.2058,0.0000,1000,1000,521,1,989.9999
56890.0000,5689,2414.2236,0.0000,1000,1000,510,1,990.0017
56900.0000,5690,2414.2409,0.0000,1000,1000,515,1,990.0034
56910.0000,5691,2414.2591,0.0000,1000,1000,516,1,990.0052
56920.0000,5692,2414.2769,0.0000,1000,1000,519,1,990.0069
56930.0000,5693,2414.2963,0.0000,1000,1000,527,1,990.0087
56940.0000,5694,2414.3158,0.0000,1000,1000,526,1,990.0105
56950.0000,5695,2414.3350,0.0000,1000,1000,524,1,990.0122
56960.0000,5696,2414.3546,0.0000,1000,1000,527,1,990.0140
56970.0000,5697,2414.3742,0.0000,1000,1000,527,1,990.0157
56980.0000,5698,2414.3932,0.0000,1000,1000,522,1,990.0175
56990.0000,5699,2414.4127,0.0000,1000,1000,526,1,990.0192
57000.0000,5700,2414.4320,0.0000,1000,1000,525,1,990.0210
57010.0000,5701,2414.4517,0.0000,1000,1000,528,1,990.0227
57020.0000,5702,2414.4721,0.0000,1000,1000,531,1,990.0245
57030.0000,5703,2414.4927,0.0000,1000,1000,534,1,990.0262
57040.0000,5704,2414.5141,0.0000,1000,1000,535,1,990.0280
57050.0000,5705,2414.5344,0.0000,1000,1000,530,1,990.0297
57060.0000,5706,2414.5547,0.0000,1000,1000,527,1,990.0315
57070.0000,5707,2414.5752,0.0000,1000,1000,531,1,990.0332
57080.0000,5708,2414.5952,0.0000,1000,1000,524,1,990.0350
57090.0000,5709,2414.6145,0.0000,1000,1000,525,1,990.0367
57100.0000,5710,2414.6337,0.0000,1000,1000,521,1,990.0384
57110.0000,5711,2414.6526,0.0000,1000,1000,526,1,990.0402
57120.0000,5712,2414.6726,0.0000,1000,1000,532,1,990.0419
57130.0000,5713,2414.6938,0.0000,1000,1000,539,1,990.0437
57140.0000,5714,2414.7153,0.0000,1000,1000,533,1,990.0454
57150.0000,5715,2414.7357,0.0000,1000,1000,529,1,990.0472
57160.0000,5716,2414.7556,0.0000,1000,1000,531,1,990.0489
57170.0000,5717,2414.7759,0.0000,1000,1000,531,1,990.0506
57180.0000,5718,2414.7965,0.0000,1000,1000,532,1,990.0524
57190.0000,5719,2414.8167,0.0000,1000,1000,527,1,990.0541
57200.0000,5720,2414.8355,0.0000,1000,1000,521,1,990.0559
57210.0000,5721,2414.8533,0.0000,1000,1000,511,1,990.0576
57220.0000,5722,2414.8699,0.0000,1000,1000,506,1,990.0593
57230.0000,5723,2414.8856,0.0000,1000,1000,505,1,990.0611
57240.0000,5724,2414.9013,0.0000,1000,1000,504,1,990.0628
57250.0000,5725,2414.9167,0.0000,1000,1000,506,1,990.0645
57260.0000,5726,2414.9327,0.0000,1000,1000,506,1,990.0663
57270.0000,5727,2414.9485,0.0000,1000,1000,505,1,990.0680
57280.0000,5728,2414.9642,0.0000,1000,1000,506,1,990.0697
57290.0000,5729,2414.9800,0.0000,1000,1000,504,1,990.0715
57300.0000,5730,2414.9956,0.0000,1000,1000,503,1,990.0732
57310.0000,5731,2415.0111,0.0000,1000,1000,500,1,990.0749
57320.0000,5732,2415.0262,0.0000,1000,1000,500,1,990.0767
57330.0000,5733,2415.0410,0.0000,1000,1000,499,1,990.0784
57340.0000,5734,2415.0560,0.0000,1000,1000,504,1,990.0801
57350.0000,5735,2415.0718,0.0000,1000,1000,511,1,990.0819
57360.0000,5736,2415.0890,0.0000,1000,1000,513,1,990.0836
57370.0000,5737,2415.1063,0.0000,1000,1000,516,1,990.0853
57380.0000,5738,2415.1239,0.0000,1000,1000,518,1,990.0871
57390.0000,5739,2415.1417,0.0000,1000,1000,519,1,990.0888
57400.0000,5740,2415.1602,0.0000,1000,1000,523,1,990.0905
57410.0000,5741,2415.1794,0.0000,1000,1000,531,1,990.0922
57420.0000,5742,2415.2001,0.0000,1000,1000,539,1,990.0940
57430.0000,5743,2415.2218,0.0000,1000,1000,542,1,990.0957
57440.0000,5744,2415.2434,0.0000,1000,1000,537,1,990.0974
57450.0000,5745,2415.2648,0.0000,1000,1000,540,1,990.0991
57460.0000,5746,2415.2860,0.0000,1000,1000,535,1,990.1009
57470.0000,5747,2415.3065,0.0000,1000,1000,529,1,990.1026
57480.0000,5748,2415.3256,0.0000,1000,1000,523,1,990.1043
57490.0000,5749,2415.3445,0.0000,1000,1000,525,1,990.1060
57500.0000,5750,2415.3635,0.0000,1000,1000,523,1,990.1077
57510.0000,5751,2415.3823,0.0000,1000,1000,528,1,990.1095
57520.0000,5752,2415.4023,0.0000,1000,1000,533,1,990.1112
57530.0000,5753,2415.4224,0.0000,1000,1000,530,1,990.1129
57540.0000,5754,2415.4428,0.0000,1000,1000,537,1,990.1146
57550.0000,5755,2415.4640,0.0000,1000,1000,538,1,990.1163
57560.0000,5756,2415.4848,0.0000,1000,1000,533,1,990.1181
57570.0000,5757,2415.5052,0.0000,1000,1000,532,1,990.1198
57580.0000,5758,2415.5251,0.0000,1000,1000,528,1,990.1215
57590.0000,5759,2415.5449,0.0000,1000,1000,532,1,990.1232
57600.0000,5760,2415.5648,0.0000,1000,1000,530,1,990.1249
57610.0000,5761,2415.5854,0.0000,1000,1000,535,1,990.1266
57620.0000,5762,2415.6061,0.0000,1000,1000,536,1,990.1283
57630.0000,5763,2415.6271,0.0000,1000,1000,534,1,990.1301
57640.0000,5764,2415.6482,0.0000,1000,1000,542,1,990.1318
57650.0000,5765,2415.6708,0.0000,1000,1000,549,1,990.1335
57660.0000,5766,2415.6937,0.0000,1000,1000,547,1,990.1352
57670.0000,5767,2415.7167,0.0000,1000,1000,548,1,990.1369
57680.0000,5768,2415.7390,0.0000,1000,1000,546,1,990.1386
57690.0000,5769,2415.7609,0.0000,1000,1000,538,1,990.1403
57700.0000,5770,2415.7821,0.0000,1000,1000,543,1,990.1420
57710.0000,5771,2415.8039,0.0000,1000,1000,541,1,990.1437
57720.0000,5772,2415.8255,0.0000,1000,1000,540,1,990.1454
57730.0000,5773,2415.8460,0.0000,1000,1000,532,1,990.1472
57740.0000,5774,2415.8661,0.0000,1000,1000,534,1,990.1489
57750.0000,5775,2415.8868,0.0000,1000,1000,537,1,990.1506
57760.0000,5776,2415.9070,0.0000,1000,1000,527,1,990.1523
57770.0000,5777,2415.9264,0.0000,1000,1000,528,1,990.1540
57780.0000,5778,2415.9452,0.0000,1000,1000,523,1,990.1557
57790.0000,5779,2415.9642,0.0000,1000,1000,526,1,990.1574
57800.0000,5780,2415.9828,0.0000,1000,1000,522,1,990.1591
57810.0000,5781,2416.0016,0.0000,1000,1000,527,1,990.1608
57820.0000,5782,2416.0207,0.0000,1000,1000,526,1,990.1625
57830.0000,5783,2416.0399,0.0000,1000,1000,526,1,990.1642
57840.0000,5784,2416.0591,0.0000,1000,1000,524,1,990.1659
57850.0000,5785,2416.0784,0.0000,1000,1000,529,1,990.1676
57860.0000,5786,2416.0973,0.0000,1000,1000,523,1,990.1693
57870.0000,5787,2416.1158,0.0000,1000,1000,524,1,990.1710
57880.0000,5788,2416.1349,0.0000,1000,1000,528,1,990.1727
57890.0000,5789,2416.1542,0.0000,1000,1000,527,1,990.1744
57900.0000,5790,2416.1734,0.0000,1000,1000,528,1,990.1761
57910.0000,5791,2416.1924,0.0000,1000,1000,523,1,990.1778
57920.0000,5792,2416.2110,0.0000,1000,1000,525,1,990.1795
57930.0000,5793,2416.2300,0.0000,1000,1000,526,1,990.1812
57940.0000,5794,2416.2490,0.0000,1000,1000,528,1,990.1829
57950.0000,5795,2416.2683,0.0000,1000,1000,530,1,990.1846
57960.0000,5796,2416.2880,0.0000,1000,1000,530,1,990.1863
57970.0000,5797,2416.3079,0.0000,1000,1000,533,1,990.1879
57980.0000,5798,2416.3279,0.0000,1000,1000,535,1,990.1896
57990.0000,5799,2416.3489,0.0000,1000,1000,541,1,990.1913
58000.0000,5800,2416.3694,0.0000,1000,1000,534,1,990.1930
58010.0000,5801,2416.3890,0.0000,1000,1000,528,1,990.1947
58020.0000,5802,2416.4080,0.0000,1000,1000,527,1,990.1964
58030.0000,5803,2416.4271,0.0000,1000,1000,527,1,990.1981
58040.0000,5804,2416.4464,0.0000,1000,1000,530,1,990.1998
58050.0000,5805,2416.4659,0.0000,1000,1000,521,1,990.2015
58060.0000,5806,2416.4839,0.0000,1000,1000,520,1,990.2032
58070.0000,5807,2416.5019,0.0000,1000,1000,525,1,990.2048
58080.0000,5808,2416.5203,0.0000,1000,1000,523,1,990.2065
58090.0000,5809,2416.5386,0.0000,1000,1000,524,1,990.2082
58100.0000,5810,2416.5572,0.0000,1000,1000,523,1,990.2099
58110.0000,5811,2416.5753,0.0000,1000,1000,525,1,990.2116
58120.0000,5812,2416.5936,0.0000,1000,1000,524,1,990.2133
58130.0000,5813,2416.6119,0.0000,1000,1000,522,1,990.2150
58140.0000,5814,2416.6296,0.0000,1000,1000,520,1,990.2166
58150.0000,5815,2416.6461,0.0000,1000,1000,510,1,990.2183
58160.0000,5816,2416.6619,0.0000,1000,1000,507,1,990.2200
58170.0000,5817,2416.6767,0.0000,1000,1000,498,1,990.2217
58180.0000,5818,2416.6904,0.0000,1000,1000,495,1,990.2234
58190.0000,5819,2416.7041,0.0000,1000,1000,497,1,990.2250
58200.0000,5820,2416.7174,0.0000,1000,1000,493,1,990.2267
58210.0000,5821,2416.7305,0.0000,1000,1000,492,1,990.2284
58220.0000,5822,2416.7439,0.0000,1000,1000,494,1,990.2301
58230.0000,5823,2416.7571,0.0000,1000,1000,494,1,990.2318
58240.0000,5824,2416.7702,0.0000,1000,1000,491,1,990.2334
58250.0000,5825,2416.7828,0.0000,1000,1000,486,1,990.2351
58260.0000,5826,2416.7945,0.0000,1000,1000,485,1,990.2368
58270.0000,5827,2416.8061,0.0000,1000,1000,483,1,990.2385
58280.0000,5828,2416.8173,0.0000,1000,1000,480,1,990.2401
58290.0000,5829,2416.8281,0.0000,1000,1000,483,1,990.2418
58300.0000,5830,2416.8384,0.0000,1000,1000,477,1,990.2435
58310.0000,5831,2416.8482,0.0000,1000,1000,471,1,990.2452
58320.0000,5832,2416.8571,0.0000,1000,1000,470,1,990.2468
58330.0000,5833,2416.8663,0.0000,1000,1000,470,1,990.2485
58340.0000,5834,2416.8743,0.0000,1000,1000,457,1,990.2502
58350.0000,5835,2416.8812,0.0000,1000,1000,455,1,990.2518
58360.0000,5836,2416.8878,0.0000,1000,1000,455,1,990.2535
58370.0000,5837,2416.8933,0.0000,1000,1000,446,1,990.2552
58380.0000,5838,2416.8978,0.0000,1000,1000,441,1,990.2569
58390.0000,5839,2416.9015,0.0000,1000,1000,437,1,990.2585
58400.0000,5840,2416.9044,0.0000,1000,1000,433,1,990.2602
58410.0000,5841,2416.9070,0.0000,1000,1000,433,1,990.2619
58420.0000,5842,2416.9094,0.0000,1000,1000,429,1,990.2635
58430.0000,5843,2416.9116,0.0000,1000,1000,426,1,990.2652
58440.0000,5844,2416.9133,0.0000,1000,1000,424,1,990.2669
58450.0000,5845,2416.9148,0.0000,1000,1000,426,1,990.2685
58460.0000,5846,2416.9166,0.0000,1000,1000,431,1,990.2702
58470.0000,5847,2416.9196,0.0000,1000,1000,436,1,990.2719
58480.0000,5848,2416.9224,0.0000,1000,1000,433,1,990.2735
58490.0000,5849,2416.9243,0.0000,1000,1000,424,1,990.2752
58500.0000,5850,2416.9257,0.0000,1000,1000,425,1,990.2768
58510.0000,5851,2416.9272,0.0000,1000,1000,426,1,990.2785
58520.0000,5852,2416.9284,0.0000,1000,1000,423,1,990.2802
58530.0000,5853,2416.9291,0.0000,1000,1000,421,1,990.2818
58540.0000,5854,2416.9293,0.0000,1000,1000,415,1,990.2835
58550.0000,5855,2416.9293,0.0000,1000,1000,414,1,990.2851
58560.0000,5856,2416.9284,0.0000,1000,1000,411,1,990.2868
58570.0000,5857,2416.9285,0.0000,1000,1000,421,1,990.2885
58580.0000,5858,2416.9289,0.0000,1000,1000,418,1,990.2901
58590.0000,5859,2416.9292,0.0000,1000,1000,421,1,990.2918
58600.0000,5860,2416.9295,0.0000,1000,1000,414,1,990.2934
58610.0000,5861,2416.9287,0.0000,1000,1000,410,1,990.2951
58620.0000,5862,2416.9276,0.0000,1000,1000,410,1,990.2967
58630.0000,5863,2416.9267,0.0000,1000,1000,412,1,990.2984
58640.0000,5864,2416.9258,0.0000,1000,1000,406,1,990.3001
58650.0000,5865,2416.9238,0.0000,1000,1000,403,1,990.3017
58660.0000,5866,2416.9217,0.0000,1000,1000,406,1,990.3034
58670.0000,5867,2416.9200,0.0000,1000,1000,408,1,990.3050
58680.0000,5868,2416.9185,0.0000,1000,1000,406,1,990.3067
58690.0000,5869,2416.9161,0.0000,1000,1000,401,1,990.3083
58700.0000,5870,2416.9133,0.0000,1000,1000,399,1,990.3100
58710.0000,5871,2416.9100,0.0000,1000,1000,398,1,990.3116
58720.0000,5872,2416.9076,0.0000,1000,1000,403,1,990.3133
58730.0000,5873,2416.9043,0.0000,1000,1000,395,1,990.3149
58740.0000,5874,2416.9004,0.0000,1000,1000,393,1,990.3166
58750.0000,5875,2416.8963,0.0000,1000,1000,398,1,990.3182
58760.0000,5876,2416.8931,0.0000,1000,1000,398,1,990.3199
58770.0000,5877,2416.8895,0.0000,1000,1000,393,1,990.3215
58780.0000,5878,2416.8855,0.0000,1000,1000,392,1,990.3232
58790.0000,5879,2416.8815,0.0000,1000,1000,394,1,990.3248
58800.0000,5880,2416.8776,0.0000,1000,1000,393,1,990.3264
58810.0000,5881,2416.8738,0.0000,1000,1000,396,1,990.3281
58820.0000,5882,2416.8697,0.0000,1000,1000,391,1,990.3297
58830.0000,5883,2416.8651,0.0000,1000,1000,390,1,990.3314
58840.0000,5884,2416.8603,0.0000,1000,1000,383,1,990.3330
58850.0000,5885,2416.8543,0.0000,1000,1000,381,1,990.3347
58860.0000,5886,2416.8474,0.0000,1000,1000,375,1,990.3363
58870.0000,5887,2416.8397,0.0000,1000,1000,368,1,990.3380
58880.0000,5888,2416.8316,0.0000,1000,1000,370,1,990.3396
58890.0000,5889,2416.8232,0.0000,1000,1000,363,1,990.3412
58900.0000,5890,2416.8139,0.0000,1000,1000,360,1,990.3429
58910.0000,5891,2416.8037,0.0000,1000,1000,354,1,990.3445
58920.0000,5892,2416.7937,0.0000,1000,1000,358,1,990.3462
58930.0000,5893,2416.7837,0.0000,1000,1000,354,1,990.3478
58940.0000,5894,2416.7733,0.0000,1000,1000,355,1,990.3494
58950.0000,5895,2416.7626,0.0000,1000,1000,354,1,990.3511
58960.0000,5896,2416.7523,0.0000,1000,1000,354,1,990.3527
58970.0000,5897,2416.7410,0.0000,1000,1000,350,1,990.3543
58980.0000,5898,2416.7302,0.0000,1000,1000,357,1,990.3560
58990.0000,5899,2416.7200,0.0000,1000,1000,356,1,990.3576
59000.0000,5900,2416.7096,0.0000,1000,1000,355,1,990.3592
59010.0000,5901,2416.6995,0.0000,1000,1000,358,1,990.3609
59020.0000,5902,2416.6893,0.0000,1000,1000,358,1,990.3625
59030.0000,5903,2416.6796,0.0000,1000,1000,360,1,990.3641
59040.0000,5904,2416.6700,0.0000,1000,1000,361,1,990.3658
59050.0000,5905,2416.6605,0.0000,1000,1000,362,1,990.3674
59060.0000,5906,2416.6510,0.0000,1000,1000,359,1,990.3690
59070.0000,5907,2416.6412,0.0000,1000,1000,356,1,990.3707
59080.0000,5908,2416.6302,0.0000,1000,1000,346,1,990.3723
59090.0000,5909,2416.6185,0.0000,1000,1000,347,1,990.3739
59100.0000,5910,2416.6072,0.0000,1000,1000,351,1,990.3756
59110.0000,5911,2416.5963,0.0000,1000,1000,351,1,990.3772
59120.0000,5912,2416.5854,0.0000,1000,1000,358,1,990.3788
59130.0000,5913,2416.5753,0.0000,1000,1000,359,1,990.3804
59140.0000,5914,2416.5649,0.0000,1000,1000,353,1,990.3821
59150.0000,5915,2416.5547,0.0000,1000,1000,360,1,990.3837
59160.0000,5916,2416.5451,0.0000,1000,1000,358,1,990.3853
59170.0000,5917,2416.5353,0.0000,1000,1000,358,1,990.3869
59180.0000,5918,2416.5249,0.0000,1000,1000,354,1,990.3886
59190.0000,5919,2416.5145,0.0000,1000,1000,358,1,990.3902
59200.0000,5920,2416.5044,0.0000,1000,1000,352,1,990.3918
59210.0000,5921,2416.4931,0.0000,1000,1000,347,1,990.3934
59220.0000,5922,2416.4814,0.0000,1000,1000,349,1,990.3951
59230.0000,5923,2416.4695,0.0000,1000,1000,344,1,990.3967
59240.0000,5924,2416.4567,0.0000,1000,1000,335,1,990.3983
59250.0000,5925,2416.4431,0.0000,1000,1000,336,1,990.3999
59260.0000,5926,2416.4298,0.0000,1000,1000,339,1,990.4015
59270.0000,5927,2416.4171,0.0000,1000,1000,338,1,990.4032
59280.0000,5928,2416.4040,0.0000,1000,1000,339,1,990.4048
59290.0000,5929,2416.3909,0.0000,1000,1000,339,1,990.4064
59300.0000,5930,2416.3785,0.0000,1000,1000,347,1,990.4080
59310.0000,5931,2416.3676,0.0000,1000,1000,357,1,990.4096
59320.0000,5932,2416.3575,0.0000,1000,1000,355,1,990.4112
59330.0000,5933,2416.3467,0.0000,1000,1000,351,1,990.4129
59340.0000,5934,2416.3359,0.0000,1000,1000,352,1,990.4145
59350.0000,5935,2416.3249,0.0000,1000,1000,352,1,990.4161
59360.0000,5936,2416.3145,0.0000,1000,1000,356,1,990.4177
59370.0000,5937,2416.3045,0.0000,1000,1000,361,1,990.4193
59380.0000,5938,2416.2952,0.0000,1000,1000,355,1,990.4209
59390.0000,5939,2416.2851,0.0000,1000,1000,358,1,990.4225
59400.0000,5940,2416.2737,0.0000,1000,1000,342,1,990.4242
59410.0000,5941,2416.2609,0.0000,1000,1000,338,1,990.4258
59420.0000,5942,2416.2476,0.0000,1000,1000,336,1,990.4274
59430.0000,5943,2416.2345,0.0000,1000,1000,339,1,990.4290
59440.0000,5944,2416.2213,0.0000,1000,1000,340,1,990.4306
59450.0000,5945,2416.2076,0.0000,1000,1000,331,1,990.4322
59460.0000,5946,2416.1936,0.0000,1000,1000,333,1,990.4338
59470.0000,5947,2416.1790,0.0000,1000,1000,327,1,990.4354
59480.0000,5948,2416.1643,0.0000,1000,1000,331,1,990.4370
59490.0000,5949,2416.1506,0.0000,1000,1000,341,1,990.4386
59500.0000,5950,2416.1374,0.0000,1000,1000,336,1,990.4403
59510.0000,5951,2416.1244,0.0000,1000,1000,340,1,990.4419
59520.0000,5952,2416.1123,0.0000,1000,1000,349,1,990.4435
59530.0000,5953,2416.1005,0.0000,1000,1000,341,1,990.4451
59540.0000,5954,2416.0875,0.0000,1000,1000,337,1,990.4467
59550.0000,5955,2416.0749,0.0000,1000,1000,341,1,990.4483
59560.0000,5956,2416.0625,0.0000,1000,1000,342,1,990.4499
59570.0000,5957,2416.0496,0.0000,1000,1000,339,1,990.4515
59580.0000,5958,2416.0364,0.0000,1000,1000,338,1,990.4531
59590.0000,5959,2416.0225,0.0000,1000,1000,329,1,990.4547
59600.0000,5960,2416.0078,0.0000,1000,1000,326,1,990.4563
59610.0000,5961,2415.9922,0.0000,1000,1000,319,1,990.4579
59620.0000,5962,2415.9762,0.0000,1000,1000,320,1,990.4595
59630.0000,5963,2415.9595,0.0000,1000,1000,311,1,990.4611
59640.0000,5964,2415.9419,0.0000,1000,1000,314,1,990.4627
59650.0000,5965,2415.9241,0.0000,1000,1000,304,1,990.4643
59660.0000,5966,2415.9053,0.0000,1000,1000,306,1,990.4659
59670.0000,5967,2415.8867,0.0000,1000,1000,303,1,990.4675
59680.0000,5968,2415.8675,0.0000,1000,1000,303,1,990.4691
59690.0000,5969,2415.8492,0.0000,1000,1000,311,1,990.4707
59700.0000,5970,2415.8317,0.0000,1000,1000,311,1,990.4723
59710.0000,5971,2415.8147,0.0000,1000,1000,316,1,990.4739
59720.0000,5972,2415.7979,0.0000,1000,1000,313,1,990.4755
59730.0000,5973,2415.7807,0.0000,1000,1000,316,1,990.4771
59740.0000,5974,2415.7641,0.0000,1000,1000,317,1,990.4787
59750.0000,5975,2415.7480,0.0000,1000,1000,322,1,990.4803
59760.0000,5976,2415.7319,0.0000,1000,1000,320,1,990.4818
59770.0000,5977,2415.7165,0.0000,1000,1000,323,1,990.4834
59780.0000,5978,2415.7003,0.0000,1000,1000,315,1,990.4850
59790.0000,5979,2415.6834,0.0000,1000,1000,314,1,990.4866
59800.0000,5980,2415.6666,0.0000,1000,1000,315,1,990.4882
59810.0000,5981,2415.6498,0.0000,1000,1000,315,1,990.4898
59820.0000,5982,2415.6334,0.0000,1000,1000,319,1,990.4914
59830.0000,5983,2415.6168,0.0000,1000,1000,315,1,990.4930
59840.0000,5984,2415.5995,0.0000,1000,1000,307,1,990.4946
59850.0000,5985,2415.5813,0.0000,1000,1000,308,1,990.4962
59860.0000,5986,2415.5638,0.0000,1000,1000,314,1,990.4977
59870.0000,5987,2415.5464,0.0000,1000,1000,311,1,990.4993
59880.0000,5988,2415.5286,0.0000,1000,1000,306,1,990.5009
59890.0000,5989,2415.5102,0.0000,1000,1000,308,1,990.5025
59900.0000,5990,2415.4924,0.0000,1000,1000,306,1,990.5041
59910.0000,5991,2415.4735,0.0000,1000,1000,301,1,990.5057
59920.0000,5992,2415.4543,0.0000,1000,1000,301,1,990.5073
59930.0000,5993,2415.4353,0.0000,1000,1000,298,1,990.5088
59940.0000,5994,2415.4160,0.0000,1000,1000,304,1,990.5104
59950.0000,5995,2415.3973,0.0000,1000,1000,303,1,990.5120
59960.0000,5996,2415.3788,0.0000,1000,1000,304,1,990.5136
59970.0000,5997,2415.3601,0.0000,1000,1000,303,1,990.5152
59980.0000,5998,2415.3411,0.0000,1000,1000,301,1,990.5168
59990.0000,5999,2415.3225,0.0000,1000,1000,304,1,990.5183
60000.0000,6000,2415.3035,0.0000,1000,1000,299,1,990.5199
60010.0000,6001,2415.2846,0.0000,1000,1000,303,1,990.5215
60020.0000,6002,2415.2658,0.0000,1000,1000,300,1,990.5231
60030.0000,6003,2415.2469,0.0000,1000,1000,303,1,990.5247
60040.0000,6004,2415.2279,0.0000,1000,1000,301,1,990.5262
60050.0000,6005,2415.2083,0.0000,1000,1000,292,1,990.5278
60060.0000,6006,2415.1876,0.0000,1000,1000,288,1,990.5294
60070.0000,6007,2415.1665,0.0000,1000,1000,290,1,990.5310
60080.0000,6008,2415.1453,0.0000,1000,1000,287,1,990.5325
60090.0000,6009,2415.1244,0.0000,1000,1000,291,1,990.5341
60100.0000,6010,2415.1029,0.0000,1000,1000,283,1,990.5357
60110.0000,6011,2415.0811,0.0000,1000,1000,280,1,990.5373
60120.0000,6012,2415.0591,0.0000,1000,1000,282,1,990.5388
60130.0000,6013,2415.0370,0.0000,1000,1000,281,1,990.5404
60140.0000,6014,2415.0149,0.0000,1000,1000,283,1,990.5420
60150.0000,6015,2414.9924,0.0000,1000,1000,279,1,990.5436
60160.0000,6016,2414.9699,0.0000,1000,1000,279,1,990.5451
60170.0000,6017,2414.9474,0.0000,1000,1000,280,1,990.5467
60180.0000,6018,2414.9247,0.0000,1000,1000,279,1,990.5483
60190.0000,6019,2414.9014,0.0000,1000,1000,270,1,990.5498
60200.0000,6020,2414.8779,0.0000,1000,1000,274,1,990.5514
60210.0000,6021,2414.8545,0.0000,1000,1000,274,1,990.5530
60220.0000,6022,2414.8301,0.0000,1000,1000,263,1,990.5546
60230.0000,6023,2414.8052,0.0000,1000,1000,264,1,990.5561
60240.0000,6024,2414.7802,0.0000,1000,1000,263,1,990.5577
60250.0000,6025,2414.7552,0.0000,1000,1000,266,1,990.5593
60260.0000,6026,2414.7308,0.0000,1000,1000,269,1,990.5608
60270.0000,6027,2414.7068,0.0000,1000,1000,271,1,990.5624
60280.0000,6028,2414.6827,0.0000,1000,1000,270,1,990.5640
60290.0000,6029,2414.6588,0.0000,1000,1000,270,1,990.5655
60300.0000,6030,2414.6351,0.0000,1000,1000,269,1,990.5671
60310.0000,6031,2414.6116,0.0000,1000,1000,279,1,990.5686
60320.0000,6032,2414.5892,0.0000,1000,1000,280,1,990.5702
60330.0000,6033,2414.5663,0.0000,1000,1000,274,1,990.5718
60340.0000,6034,2414.5421,0.0000,1000,1000,266,1,990.5733
60350.0000,6035,2414.5180,0.0000,1000,1000,273,1,990.5749
60360.0000,6036,2414.4942,0.0000,1000,1000,271,1,990.5765
60370.0000,6037,2414.4700,0.0000,1000,1000,270,1,990.5780
60380.0000,6038,2414.4465,0.0000,1000,1000,274,1,990.5796
60390.0000,6039,2414.4235,0.0000,1000,1000,276,1,990.5811
60400.0000,6040,2414.4007,0.0000,1000,1000,279,1,990.5827
60410.0000,6041,2414.3783,0.0000,1000,1000,278,1,990.5843
60420.0000,6042,2414.3562,0.0000,1000,1000,282,1,990.5858
60430.0000,6043,2414.3341,0.0000,1000,1000,280,1,990.5874
60440.0000,6044,2414.3124,0.0000,1000,1000,286,1,990.5889
60450.0000,6045,2414.2910,0.0000,1000,1000,283,1,990.5905
60460.0000,6046,2414.2688,0.0000,1000,1000,276,1,990.5920
60470.0000,6047,2414.2448,0.0000,1000,1000,270,1,990.5936
60480.0000,6048,2414.2209,0.0000,1000,1000,270,1,990.5952
60490.0000,6049,2414.1972,0.0000,1000,1000,274,1,990.5967
60500.0000,6050,2414.1732,0.0000,1000,1000,267,1,990.5983
60510.0000,6051,2414.1484,0.0000,1000,1000,262,1,990.5998
60520.0000,6052,2414.1232,0.0000,1000,1000,261,1,990.6014
60530.0000,6053,2414.0981,0.0000,1000,1000,260,1,990.6029
60540.0000,6054,2414.0725,0.0000,1000,1000,263,1,990.6045
60550.0000,6055,2414.0478,0.0000,1000,1000,264,1,990.6060
60560.0000,6056,2414.0232,0.0000,1000,1000,266,1,990.6076
60570.0000,6057,2413.9990,0.0000,1000,1000,267,1,990.6091
60580.0000,6058,2413.9760,0.0000,1000,1000,279,1,990.6107
60590.0000,6059,2413.9541,0.0000,1000,1000,288,1,990.6122
60600.0000,6060,2413.9335,0.0000,1000,1000,293,1,990.6138
60610.0000,6061,2413.9139,0.0000,1000,1000,299,1,990.6153
60620.0000,6062,2413.8953,0.0000,1000,1000,300,1,990.6169
60630.0000,6063,2413.8761,0.0000,1000,1000,300,1,990.6184
60640.0000,6064,2413.8583,0.0000,1000,1000,312,1,990.6200
60650.0000,6065,2413.8411,0.0000,1000,1000,306,1,990.6215
60660.0000,6066,2413.8225,0.0000,1000,1000,299,1,990.6231
60670.0000,6067,2413.8030,0.0000,1000,1000,293,1,990.6246
60680.0000,6068,2413.7829,0.0000,1000,1000,290,1,990.6262
60690.0000,6069,2413.7626,0.0000,1000,1000,290,1,990.6277
60700.0000,6070,2413.7425,0.0000,1000,1000,291,1,990.6292
60710.0000,6071,2413.7222,0.0000,1000,1000,290,1,990.6308
60720.0000,6072,2413.7019,0.0000,1000,1000,291,1,990.6323
60730.0000,6073,2413.6816,0.0000,1000,1000,292,1,990.6339
60740.0000,6074,2413.6621,0.0000,1000,1000,293,1,990.6354
60750.0000,6075,2413.6419,0.0000,1000,1000,288,1,990.6370
60760.0000,6076,2413.6208,0.0000,1000,1000,283,1,990.6385
60770.0000,6077,2413.5994,0.0000,1000,1000,285,1,990.6400
60780.0000,6078,2413.5774,0.0000,1000,1000,279,1,990.6416
60790.0000,6079,2413.5560,0.0000,1000,1000,289,1,990.6431
60800.0000,6080,2413.5356,0.0000,1000,1000,291,1,990.6447
60810.0000,6081,2413.5153,0.0000,1000,1000,288,1,990.6462
60820.0000,6082,2413.4942,0.0000,1000,1000,284,1,990.6477
60830.0000,6083,2413.4725,0.0000,1000,1000,279,1,990.6493
60840.0000,6084,2413.4506,0.0000,1000,1000,280,1,990.6508
60850.0000,6085,2413.4283,0.0000,1000,1000,276,1,990.6523
60860.0000,6086,2413.4059,0.0000,1000,1000,276,1,990.6539
60870.0000,6087,2413.3831,0.0000,1000,1000,275,1,990.6554
60880.0000,6088,2413.3602,0.0000,1000,1000,275,1,990.6570
60890.0000,6089,2413.3374,0.0000,1000,1000,275,1,990.6585
60900.0000,6090,2413.3150,0.0000,1000,1000,282,1,990.6600
60910.0000,6091,2413.2933,0.0000,1000,1000,281,1,990.6616
60920.0000,6092,2413.2714,0.0000,1000,1000,279,1,990.6631
60930.0000,6093,2413.2491,0.0000,1000,1000,276,1,990.6646
60940.0000,6094,2413.2267,0.0000,1000,1000,280,1,990.6662
60950.0000,6095,2413.2049,0.0000,1000,1000,276,1,990.6677
60960.0000,6096,2413.1817,0.0000,1000,1000,269,1,990.6692
60970.0000,6097,2413.1582,0.0000,1000,1000,269,1,990.6707
60980.0000,6098,2413.1339,0.0000,1000,1000,261,1,990.6723
60990.0000,6099,2413.1078,0.0000,1000,1000,252,1,990.6738
61000.0000,6100,2413.0818,0.0000,1000,1000,252,1,990.6753
61010.0000,6101,2413.0553,0.0000,1000,1000,251,1,990.6769
61020.0000,6102,2413.0292,0.0000,1000,1000,251,1,990.6784
61030.0000,6103,2413.0017,0.0000,1000,1000,242,1,990.6799
61040.0000,6104,2412.9738,0.0000,1000,1000,241,1,990.6814
61050.0000,6105,2412.9466,0.0000,1000,1000,249,1,990.6830
61060.0000,6106,2412.9193,0.0000,1000,1000,245,1,990.6845
61070.0000,6107,2412.8917,0.0000,1000,1000,241,1,990.6860
61080.0000,6108,2412.8634,0.0000,1000,1000,240,1,990.6875
61090.0000,6109,2412.8347,0.0000,1000,1000,234,1,990.6891
61100.0000,6110,2412.8059,0.0000,1000,1000,234,1,990.6906
61110.0000,6111,2412.7766,0.0000,1000,1000,234,1,990.6921
61120.0000,6112,2412.7470,0.0000,1000,1000,229,1,990.6936
61130.0000,6113,2412.7168,0.0000,1000,1000,229,1,990.6952
61140.0000,6114,2412.6866,0.0000,1000,1000,230,1,990.6967
61150.0000,6115,2412.6566,0.0000,1000,1000,226,1,990.6982
61160.0000,6116,2412.6256,0.0000,1000,1000,220,1,990.6997
61170.0000,6117,2412.5936,0.0000,1000,1000,215,1,990.7012
61180.0000,6118,2412.5605,0.0000,1000,1000,208,1,990.7028
61190.0000,6119,2412.5266,0.0000,1000,1000,204,1,990.7043
61200.0000,6120,2412.4933,0.0000,1000,1000,209,1,990.7058
61210.0000,6121,2412.4607,0.0000,1000,1000,215,1,990.7073
61220.0000,6122,2412.4287,0.0000,1000,1000,218,1,990.7088
61230.0000,6123,2412.3964,0.0000,1000,1000,215,1,990.7104
61240.0000,6124,2412.3646,0.0000,1000,1000,223,1,990.7119
61250.0000,6125,2412.3338,0.0000,1000,1000,225,1,990.7134
61260.0000,6126,2412.3037,0.0000,1000,1000,233,1,990.7149
61270.0000,6127,2412.2739,0.0000,1000,1000,228,1,990.7164
61280.0000,6128,2412.2439,0.0000,1000,1000,230,1,990.7179
61290.0000,6129,2412.2152,0.0000,1000,1000,238,1,990.7195
61300.0000,6130,2412.1870,0.0000,1000,1000,238,1,990.7210
61310.0000,6131,2412.1590,0.0000,1000,1000,242,1,990.7225
61320.0000,6132,2412.1310,0.0000,1000,1000,239,1,990.7240
61330.0000,6133,2412.1036,0.0000,1000,1000,244,1,990.7255
61340.0000,6134,2412.0760,0.0000,1000,1000,241,1,990.7270
61350.0000,6135,2412.0483,0.0000,1000,1000,240,1,990.7285
61360.0000,6136,2412.0198,0.0000,1000,1000,236,1,990.7300
61370.0000,6137,2411.9909,0.0000,1000,1000,231,1,990.7316
61380.0000,6138,2411.9607,0.0000,1000,1000,227,1,990.7331
61390.0000,6139,2411.9304,0.0000,1000,1000,224,1,990.7346
61400.0000,6140,2411.8997,0.0000,1000,1000,223,1,990.7361
61410.0000,6141,2411.8689,0.0000,1000,1000,220,1,990.7376
61420.0000,6142,2411.8371,0.0000,1000,1000,215,1,990.7391
61430.0000,6143,2411.8043,0.0000,1000,1000,206,1,990.7406
61440.0000,6144,2411.7709,0.0000,1000,1000,207,1,990.7421
61450.0000,6145,2411.7376,0.0000,1000,1000,205,1,990.7436
61460.0000,6146,2411.7037,0.0000,1000,1000,204,1,990.7451
61470.0000,6147,2411.6702,0.0000,1000,1000,205,1,990.7466
61480.0000,6148,2411.6370,0.0000,1000,1000,209,1,990.7481
61490.0000,6149,2411.6037,0.0000,1000,1000,207,1,990.7496
61500.0000,6150,2411.5698,0.0000,1000,1000,203,1,990.7511
61510.0000,6151,2411.5355,0.0000,1000,1000,199,1,990.7526
61520.0000,6152,2411.5005,0.0000,1000,1000,195,1,990.7541
61530.0000,6153,2411.4648,0.0000,1000,1000,190,1,990.7557
61540.0000,6154,2411.4279,0.0000,1000,1000,182,1,990.7572
61550.0000,6155,2411.3904,0.0000,1000,1000,182,1,990.7587
61560.0000,6156,2411.3529,0.0000,1000,1000,177,1,990.7602
61570.0000,6157,2411.3154,0.0000,1000,1000,184,1,990.7617
61580.0000,6158,2411.2775,0.0000,1000,1000,175,1,990.7632
61590.0000,6159,2411.2389,0.0000,1000,1000,169,1,990.7647
61600.0000,6160,2411.1992,0.0000,1000,1000,166,1,990.7662
61610.0000,6161,2411.1593,0.0000,1000,1000,165,1,990.7677
61620.0000,6162,2411.1195,0.0000,1000,1000,171,1,990.7692
61630.0000,6163,2411.0799,0.0000,1000,1000,167,1,990.7707
61640.0000,6164,2411.0411,0.0000,1000,1000,172,1,990.7721
61650.0000,6165,2411.0024,0.0000,1000,1000,176,1,990.7736
61660.0000,6166,2410.9644,0.0000,1000,1000,176,1,990.7751
61670.0000,6167,2410.9258,0.0000,1000,1000,168,1,990.7766
61680.0000,6168,2410.8862,0.0000,1000,1000,164,1,990.7781
61690.0000,6169,2410.8458,0.0000,1000,1000,159,1,990.7796
61700.0000,6170,2410.8051,0.0000,1000,1000,158,1,990.7811
61710.0000,6171,2410.7640,0.0000,1000,1000,158,1,990.7826
61720.0000,6172,2410.7230,0.0000,1000,1000,159,1,990.7841
61730.0000,6173,2410.6821,0.0000,1000,1000,157,1,990.7856
61740.0000,6174,2410.6408,0.0000,1000,1000,154,1,990.7871
61750.0000,6175,2410.5988,0.0000,1000,1000,151,1,990.7886
61760.0000,6176,2410.5563,0.0000,1000,1000,144,1,990.7901
61770.0000,6177,2410.5129,0.0000,1000,1000,144,1,990.7916
61780.0000,6178,2410.4692,0.0000,1000,1000,137,1,990.7931
61790.0000,6179,2410.4247,0.0000,1000,1000,136,1,990.7945
61800.0000,6180,2410.3800,0.0000,1000,1000,133,1,990.7960
61810.0000,6181,2410.3351,0.0000,1000,1000,132,1,990.7975
61820.0000,6182,2410.2902,0.0000,1000,1000,132,1,990.7990
61830.0000,6183,2410.2446,0.0000,1000,1000,129,1,990.8005
61840.0000,6184,2410.1988,0.0000,1000,1000,126,1,990.8020
61850.0000,6185,2410.1526,0.0000,1000,1000,119,1,990.8035
61860.0000,6186,2410.1058,0.0000,1000,1000,122,1,990.8050
61870.0000,6187,2410.0584,0.0000,1000,1000,112,1,990.8065
61880.0000,6188,2410.0103,0.0000,1000,1000,111,1,990.8079
61890.0000,6189,2409.9621,0.0000,1000,1000,111,1,990.8094
61900.0000,6190,2409.9142,0.0000,1000,1000,117,1,990.8109
61910.0000,6191,2409.8670,0.0000,1000,1000,117,1,990.8124
61920.0000,6192,2409.8194,0.0000,1000,1000,116,1,990.8139
61930.0000,6193,2409.7721,0.0000,1000,1000,114,1,990.8154
61940.0000,6194,2409.7244,0.0000,1000,1000,113,1,990.8168
61950.0000,6195,2409.6766,0.0000,1000,1000,107,1,990.8183
61960.0000,6196,2409.6285,0.0000,1000,1000,116,1,990.8198
61970.0000,6197,2409.5808,0.0000,1000,1000,115,1,990.8213
61980.0000,6198,2409.5334,0.0000,1000,1000,114,1,990.8228
61990.0000,6199,2409.4860,0.0000,1000,1000,118,1,990.8242
62000.0000,6200,2409.4384,0.0000,1000,1000,115,1,990.8257
62010.0000,6201,2409.3911,0.0000,1000,1000,117,1,990.8272
62020.0000,6202,2409.3438,0.0000,1000,1000,117,1,990.8287
62030.0000,6203,2409.2968,0.0000,1000,1000,118,1,990.8302
62040.0000,6204,2409.2497,0.0000,1000,1000,119,1,990.8316
62050.0000,6205,2409.2039,0.0000,1000,1000,130,1,990.8331
62060.0000,6206,2409.1586,0.0000,1000,1000,122,1,990.8346
62070.0000,6207,2409.1128,0.0000,1000,1000,128,1,990.8361
62080.0000,6208,2409.0669,0.0000,1000,1000,119,1,990.8376
62090.0000,6209,2409.0203,0.0000,1000,1000,120,1,990.8390
62100.0000,6210,2408.9735,0.0000,1000,1000,118,1,990.8405
62110.0000,6211,2408.9261,0.0000,1000,1000,116,1,990.8420
62120.0000,6212,2408.8785,0.0000,1000,1000,108,1,990.8435
62130.0000,6213,2408.8298,0.0000,1000,1000,106,1,990.8449
62140.0000,6214,2408.7815,0.0000,1000,1000,108,1,990.8464
62150.0000,6215,2408.7327,0.0000,1000,1000,104,1,990.8479
62160.0000,6216,2408.6832,0.0000,1000,1000,100,1,990.8493
62170.0000,6217,2408.6332,0.0000,1000,1000,94,1,990.8508
62180.0000,6218,2408.5822,0.0000,1000,1000,93,1,990.8523
62190.0000,6219,2408.5315,0.0000,1000,1000,94,1,990.8538
62200.0000,6220,2408.4811,0.0000,1000,1000,94,1,990.8552
62210.0000,6221,2408.4307,0.0000,1000,1000,97,1,990.8567
62220.0000,6222,2408.3811,0.0000,1000,1000,101,1,990.8582
62230.0000,6223,2408.3317,0.0000,1000,1000,104,1,990.8596
62240.0000,6224,2408.2823,0.0000,1000,1000,97,1,990.8611
62250.0000,6225,2408.2318,0.0000,1000,1000,89,1,990.8626
62260.0000,6226,2408.1806,0.0000,1000,1000,87,1,990.8640
62270.0000,6227,2408.1295,0.0000,1000,1000,92,1,990.8655
62280.0000,6228,2408.0784,0.0000,1000,1000,88,1,990.8670
62290.0000,6229,2408.0273,0.0000,1000,1000,87,1,990.8684
62300.0000,6230,2407.9755,0.0000,1000,1000,87,1,990.8699
62310.0000,6231,2407.9239,0.0000,1000,1000,88,1,990.8714
62320.0000,6232,2407.8730,0.0000,1000,1000,94,1,990.8728
62330.0000,6233,2407.8227,0.0000,1000,1000,92,1,990.8743
62340.0000,6234,2407.7717,0.0000,1000,1000,91,1,990.8758
62350.0000,6235,2407.7215,0.0000,1000,1000,96,1,990.8772
62360.0000,6236,2407.6709,0.0000,1000,1000,93,1,990.8787
62370.0000,6237,2407.6210,0.0000,1000,1000,100,1,990.8802
62380.0000,6238,2407.5712,0.0000,1000,1000,97,1,990.8816
62390.0000,6239,2407.5213,0.0000,1000,1000,98,1,990.8831
62400.0000,6240,2407.4715,0.0000,1000,1000,93,1,990.8845
62410.0000,6241,2407.4206,0.0000,1000,1000,90,1,990.8860
62420.0000,6242,2407.3697,0.0000,1000,1000,89,1,990.8875
62430.0000,6243,2407.3184,0.0000,1000,1000,85,1,990.8889
62440.0000,6244,2407.2669,0.0000,1000,1000,84,1,990.8904
62450.0000,6245,2407.2150,0.0000,1000,1000,83,1,990.8918
62460.0000,6246,2407.1630,0.0000,1000,1000,84,1,990.8933
62470.0000,6247,2407.1107,0.0000,1000,1000,76,1,990.8948
62480.0000,6248,2407.0569,0.0000,1000,1000,71,1,990.8962
62490.0000,6249,2407.0032,0.0000,1000,1000,74,1,990.8977
62500.0000,6250,2406.9493,0.0000,1000,1000,67,1,990.8991
62510.0000,6251,2406.8951,0.0000,1000,1000,64,1,990.9006
62520.0000,6252,2406.8402,0.0000,1000,1000,63,1,990.9020
62530.0000,6253,2406.7857,0.0000,1000,1000,69,1,990.9035
62540.0000,6254,2406.7311,0.0000,1000,1000,63,1,990.9049
62550.0000,6255,2406.6758,0.0000,1000,1000,60,1,990.9064
62560.0000,6256,2406.6204,0.0000,1000,1000,64,1,990.9079
62570.0000,6257,2406.5657,0.0000,1000,1000,64,1,990.9093
62580.0000,6258,2406.5109,0.0000,1000,1000,63,1,990.9108
62590.0000,6259,2406.4562,0.0000,1000,1000,66,1,990.9122
62600.0000,6260,2406.4022,0.0000,1000,1000,71,1,990.9137
62610.0000,6261,2406.3477,0.0000,1000,1000,60,1,990.9151
62620.0000,6262,2406.2914,0.0000,1000,1000,52,1,990.9166
62630.0000,6263,2406.2346,0.0000,1000,1000,50,1,990.9180
62640.0000,6264,2406.1775,0.0000,1000,1000,50,1,990.9195
62650.0000,6265,2406.1206,0.0000,1000,1000,56,1,990.9209
62660.0000,6266,2406.0651,0.0000,1000,1000,64,1,990.9224
62670.0000,6267,2406.0101,0.0000,1000,1000,59,1,990.9238
62680.0000,6268,2405.9550,0.0000,1000,1000,58,1,990.9253
62690.0000,6269,2405.8995,0.0000,1000,1000,59,1,990.9267
62700.0000,6270,2405.8445,0.0000,1000,1000,64,1,990.9282
62710.0000,6271,2405.7898,0.0000,1000,1000,59,1,990.9296
62720.0000,6272,2405.7344,0.0000,1000,1000,57,1,990.9310
62730.0000,6273,2405.6793,0.0000,1000,1000,60,1,990.9325
62740.0000,6274,2405.6243,0.0000,1000,1000,62,1,990.9339
62750.0000,6275,2405.5697,0.0000,1000,1000,64,1,990.9354
62760.0000,6276,2405.5149,0.0000,1000,1000,61,1,990.9368
62770.0000,6277,2405.4592,0.0000,1000,1000,52,1,990.9383
62780.0000,6278,2405.4024,0.0000,1000,1000,46,1,990.9397
62790.0000,6279,2405.3448,0.0000,1000,1000,45,1,990.9412
62800.0000,6280,2405.2873,0.0000,1000,1000,39,1,990.9426
62810.0000,6281,2405.2290,0.0000,1000,1000,42,1,990.9440
62820.0000,6282,2405.1706,0.0000,1000,1000,34,1,990.9455
62830.0000,6283,2405.1116,0.0000,1000,1000,35,1,990.9469
62840.0000,6284,2405.0529,0.0000,1000,1000,37,1,990.9484
62850.0000,6285,2404.9941,0.0000,1000,1000,34,1,990.9498
62860.0000,6286,2404.9352,0.0000,1000,1000,34,1,990.9512
62870.0000,6287,2404.8763,0.0000,1000,1000,34,1,990.9527
62880.0000,6288,2404.8171,0.0000,1000,1000,33,1,990.9541
62890.0000,6289,2404.7582,0.0000,1000,1000,34,1,990.9556
62900.0000,6290,2404.6995,0.0000,1000,1000,37,1,990.9570
62910.0000,6291,2404.6407,0.0000,1000,1000,34,1,990.9584
62920.0000,6292,2404.5813,0.0000,1000,1000,29,1,990.9599
62930.0000,6293,2404.5218,0.0000,1000,1000,32,1,990.9613
62940.0000,6294,2404.4626,0.0000,1000,1000,31,1,990.9627
62950.0000,6295,2404.4025,0.0000,1000,1000,23,1,990.9642
62960.0000,6296,2404.3423,0.0000,1000,1000,23,1,990.9656
62970.0000,6297,2404.2815,0.0000,1000,1000,18,1,990.9671
62980.0000,6298,2404.2207,0.0000,1000,1000,24,1,990.9685
62990.0000,6299,2404.1610,0.0000,1000,1000,30,1,990.9699
63000.0000,6300,2404.1017,0.0000,1000,1000,33,1,990.9714
63010.0000,6301,2404.0427,0.0000,1000,1000,32,1,990.9728
63020.0000,6302,2403.9837,0.0000,993,1000,41,1,990.9742
63030.0000,6303,2403.9264,0.0000,992,1000,51,1,990.9757
63040.0000,6304,2403.8705,0.0000,996,1000,63,1,990.9771
63050.0000,6305,2403.8160,0.0000,995,1000,66,1,990.9785
63060.0000,6306,2403.7627,0.0000,997,1000,75,1,990.9799
63070.0000,6307,2403.7117,0.0000,992,1000,90,1,990.9814
63080.0000,6308,2403.6624,0.0000,996,1000,103,1,990.9828
63090.0000,6309,2403.6144,0.0000,990,1000,107,1,990.9842
63100.0000,6310,2403.5665,0.0000,985,1000,119,1,990.9857
63110.0000,6311,2403.5195,0.0000,987,1000,126,1,990.9871
63120.0000,6312,2403.4743,0.0000,988,1000,133,1,990.9885
63130.0000,6313,2403.4307,0.0000,989,1000,145,1,990.9899
63140.0000,6314,2403.3892,0.0000,993,1000,152,1,990.9914
63150.0000,6315,2403.3491,0.0000,991,1000,166,1,990.9928
63160.0000,6316,2403.3117,0.0000,998,1000,177,1,990.9942
63170.0000,6317,2403.2761,0.0000,999,1000,186,1,990.9957
63180.0000,6318,2403.2417,0.0000,996,1000,193,1,990.9971
63190.0000,6319,2403.2089,0.0000,996,1000,208,1,990.9985
63200.0000,6320,2403.1784,0.0000,995,1000,219,1,990.9999
63210.0000,6321,2403.1495,0.0000,997,1000,230,1,991.0013
63220.0000,6322,2403.1220,0.0000,996,1000,238,1,991.0028
63230.0000,6323,2403.0960,0.0000,995,1000,249,1,991.0042
63240.0000,6324,2403.0714,0.0000,994,1000,253,1,991.0056
63250.0000,6325,2403.0477,0.0000,996,1000,263,1,991.0070
63260.0000,6326,2403.0246,0.0000,987,1000,271,1,991.0085
63270.0000,6327,2403.0020,0.0000,984,1000,278,1,991.0099
63280.0000,6328,2402.9807,0.0000,984,1000,291,1,991.0113
63290.0000,6329,2402.9617,0.0000,982,1000,306,1,991.0127
63300.0000,6330,2402.9446,0.0000,986,1000,317,1,991.0141
63310.0000,6331,2402.9292,0.0000,981,1000,322,1,991.0156
63320.0000,6332,2402.9140,0.0000,982,1000,328,1,991.0170
63330.0000,6333,2402.9008,0.0000,995,1000,333,1,991.0184
63340.0000,6334,2402.8893,0.0000,994,1000,339,1,991.0198
63350.0000,6335,2402.8794,0.0000,998,1000,354,1,991.0212
63360.0000,6336,2402.8716,0.0000,993,1000,361,1,991.0227
63370.0000,6337,2402.8647,0.0000,998,1000,364,1,991.0241
63380.0000,6338,2402.8584,0.0000,997,1000,368,1,991.0255
63390.0000,6339,2402.8532,0.0000,1000,1000,373,1,991.0269
63400.0000,6340,2402.8486,0.0000,999,1000,380,1,991.0283
63410.0000,6341,2402.8448,0.0000,994,1000,388,1,991.0297
63420.0000,6342,2402.8424,0.0000,1000,1000,397,1,991.0311
63430.0000,6343,2402.8422,0.0000,997,1000,407,1,991.0326
63440.0000,6344,2402.8427,0.0000,994,1000,414,1,991.0340
63450.0000,6345,2402.8442,0.0000,991,1000,425,1,991.0354
63460.0000,6346,2402.8470,0.0000,991,1000,431,1,991.0368
63470.0000,6347,2402.8509,0.0000,991,1000,442,1,991.0382
63480.0000,6348,2402.8566,0.0000,988,1000,458,1,991.0396
63490.0000,6349,2402.8642,0.0000,981,1000,471,1,991.0410
63500.0000,6350,2402.8726,0.0000,975,1000,483,1,991.0424
63510.0000,6351,2402.8828,0.0000,977,1000,500,1,991.0439
63520.0000,6352,2402.8960,0.0000,983,1000,506,1,991.0453
63530.0000,6353,2402.9094,0.0000,979,1000,513,1,991.0467
63540.0000,6354,2402.9238,0.0000,972,1000,524,1,991.0481
63550.0000,6355,2402.9386,0.0000,969,1000,534,1,991.0495
63560.0000,6356,2402.9557,0.0000,972,1000,544,1,991.0509
63570.0000,6357,2402.9745,0.0000,974,1000,555,1,991.0523
63580.0000,6358,2402.9945,0.0000,972,1000,563,1,991.0537
63590.0000,6359,2403.0160,0.0000,971,1000,574,1,991.0551
63600.0000,6360,2403.0398,0.0000,979,1000,586,1,991.0565
63610.0000,6361,2403.0663,0.0000,982,1000,598,1,991.0579
63620.0000,6362,2403.0939,0.0000,978,1000,603,1,991.0593
63630.0000,6363,2403.1231,0.0000,980,1000,614,1,991.0607
63640.0000,6364,2403.1535,0.0000,981,1000,622,1,991.0622
63650.0000,6365,2403.1858,0.0000,976,1000,635,1,991.0636
63660.0000,6366,2403.2198,0.0000,982,1000,643,1,991.0650
63670.0000,6367,2403.2545,0.0000,974,1000,650,1,991.0664
63680.0000,6368,2403.2897,0.0000,971,1000,660,1,991.0678
63690.0000,6369,2403.3261,0.0000,975,1000,664,1,991.0692
63700.0000,6370,2403.3631,0.0000,971,1000,673,1,991.0706
63710.0000,6371,2403.4012,0.0000,974,1000,680,1,991.0720
63720.0000,6372,2403.4412,0.0000,975,1000,689,1,991.0734
63730.0000,6373,2403.4822,0.0000,974,1000,698,1,991.0748
63740.0000,6374,2403.5245,0.0000,966,1000,706,1,991.0762
63750.0000,6375,2403.5664,0.0000,964,1000,710,1,991.0776
63760.0000,6376,2403.6090,0.0000,958,1000,721,1,991.0790
63770.0000,6377,2403.6527,0.0000,960,1000,728,1,991.0804
63780.0000,6378,2403.6978,0.0000,955,1000,741,1,991.0818
63790.0000,6379,2403.7444,0.0000,959,1000,750,1,991.0832
63800.0000,6380,2403.7930,0.0000,955,1000,761,1,991.0846
63810.0000,6381,2403.8422,0.0000,948,1000,768,1,991.0860
63820.0000,6382,2403.8913,0.0000,939,1000,779,1,991.0874
63830.0000,6383,2403.9420,0.0000,946,1000,787,1,991.0888
63840.0000,6384,2403.9936,0.0000,941,1000,800,1,991.0902
63850.0000,6385,2404.0476,0.0000,942,1000,816,1,991.0915
63860.0000,6386,2404.1036,0.0000,942,1000,826,1,991.0929
63870.0000,6387,2404.1612,0.0000,945,1000,829,1,991.0943
63880.0000,6388,2404.2199,0.0000,942,1000,842,1,991.0957
63890.0000,6389,2404.2790,0.0000,929,1000,850,1,991.0971
63900.0000,6390,2404.3382,0.0000,929,1000,858,1,991.0985
63910.0000,6391,2404.3996,0.0000,931,1000,870,1,991.0999
63920.0000,6392,2404.4628,0.0000,938,1000,879,1,991.1013
63930.0000,6393,2404.5282,0.0000,943,1000,889,1,991.1027
63940.0000,6394,2404.5957,0.0000,945,1000,902,1,991.1041
63950.0000,6395,2404.6659,0.0000,949,1000,909,1,991.1055
63960.0000,6396,2404.7379,0.0000,951,1000,918,1,991.1069
63970.0000,6397,2404.8106,0.0000,950,1000,923,1,991.1083
63980.0000,6398,2404.8844,0.0000,953,1000,929,1,991.1096
63990.0000,6399,2404.9591,0.0000,951,1000,935,1,991.1110
64000.0000,6400,2405.0350,0.0000,947,1000,946,1,991.1124
64010.0000,6401,2405.1117,0.0000,941,1000,957,1,991.1138
64020.0000,6402,2405.1898,0.0000,946,1000,969,1,991.1152
64030.0000,6403,2405.2706,0.0000,949,1000,978,1,991.1166
64040.0000,6404,2405.3524,0.0000,941,1000,989,1,991.1180
64050.0000,6405,2405.4360,0.0000,945,1000,1000,1,991.1194
64060.0000,6406,2405.5205,0.0000,946,1000,1000,1,991.1207
64070.0000,6407,2405.6050,0.0000,949,1000,1000,1,991.1221
64080.0000,6408,2405.6895,0.0000,944,1000,1000,1,991.1235
64090.0000,6409,2405.7728,0.0000,937,1000,1000,1,991.1249
64100.0000,6410,2405.8548,0.0000,926,1000,1000,1,991.1263
64110.0000,6411,2405.9366,0.0000,938,1000,1000,1,991.1277
64120.0000,6412,2406.0194,0.0000,938,1000,1000,1,991.1291
64130.0000,6413,2406.1022,0.0000,934,1000,1000,1,991.1304
64140.0000,6414,2406.1847,0.0000,936,1000,1000,1,991.1318
64150.0000,6415,2406.2675,0.0000,935,1000,1000,1,991.1332
64160.0000,6416,2406.3502,0.0000,940,1000,1000,1,991.1346
64170.0000,6417,2406.4333,0.0000,936,1000,1000,1,991.1360
64180.0000,6418,2406.5158,0.0000,939,1000,1000,1,991.1374
64190.0000,6419,2406.5983,0.0000,936,1000,1000,1,991.1387
64200.0000,6420,2406.6813,0.0000,945,1000,1000,1,991.1401
64210.0000,6421,2406.7654,0.0000,945,1000,1000,1,991.1415
64220.0000,6422,2406.8488,0.0000,942,1000,1000,1,991.1429
64230.0000,6423,2406.9326,0.0000,945,1000,1000,1,991.1443
64240.0000,6424,2407.0166,0.0000,945,1000,1000,1,991.1456
64250.0000,6425,2407.1004,0.0000,940,1000,1000,1,991.1470
64260.0000,6426,2407.1834,0.0000,937,1000,1000,1,991.1484
64270.0000,6427,2407.2653,0.0000,930,1000,1000,1,991.1498
64280.0000,6428,2407.3458,0.0000,923,1000,1000,1,991.1511
64290.0000,6429,2407.4264,0.0000,928,1000,1000,1,991.1525
64300.0000,6430,2407.5080,0.0000,936,1000,1000,1,991.1539
64310.0000,6431,2407.5901,0.0000,932,1000,1000,1,991.1553
64320.0000,6432,2407.6716,0.0000,929,1000,1000,1,991.1566
64330.0000,6433,2407.7528,0.0000,930,1000,1000,1,991.1580
64340.0000,6434,2407.8341,0.0000,930,1000,1000,1,991.1594
64350.0000,6435,2407.9147,0.0000,926,1000,1000,1,991.1608
64360.0000,6436,2407.9950,0.0000,925,1000,1000,1,991.1621
64370.0000,6437,2408.0758,0.0000,925,1000,1000,1,991.1635
64380.0000,6438,2408.1556,0.0000,921,1000,1000,1,991.1649
64390.0000,6439,2408.2353,0.0000,917,1000,1000,1,991.1663
64400.0000,6440,2408.3134,0.0000,908,1000,1000,1,991.1676
64410.0000,6441,2408.3914,0.0000,917,1000,1000,1,991.1690
64420.0000,6442,2408.4703,0.0000,915,1000,1000,1,991.1704
64430.0000,6443,2408.5491,0.0000,916,1000,1000,1,991.1717
64440.0000,6444,2408.6281,0.0000,923,1000,1000,1,991.1731
64450.0000,6445,2408.7088,0.0000,932,1000,1000,1,991.1745
64460.0000,6446,2408.7894,0.0000,918,1000,1000,1,991.1758
64470.0000,6447,2408.8681,0.0000,916,1000,1000,1,991.1772
64480.0000,6448,2408.9466,0.0000,914,1000,1000,1,991.1786
64490.0000,6449,2409.0248,0.0000,909,1000,1000,1,991.1800
64500.0000,6450,2409.1028,0.0000,915,1000,1000,1,991.1813
64510.0000,6451,2409.1807,0.0000,907,1000,1000,1,991.1827
64520.0000,6452,2409.2580,0.0000,908,1000,1000,1,991.1841
64530.0000,6453,2409.3353,0.0000,908,1000,1000,1,991.1854
64540.0000,6454,2409.4133,0.0000,915,1000,1000,1,991.1868
64550.0000,6455,2409.4919,0.0000,918,1000,1000,1,991.1882
64560.0000,6456,2409.5708,0.0000,918,1000,1000,1,991.1895
64570.0000,6457,2409.6499,0.0000,921,1000,1000,1,991.1909
64580.0000,6458,2409.7285,0.0000,914,1000,1000,1,991.1922
64590.0000,6459,2409.8055,0.0000,903,1000,1000,1,991.1936
64600.0000,6460,2409.8815,0.0000,899,1000,1000,1,991.1950
64610.0000,6461,2409.9571,0.0000,897,1000,1000,1,991.1963
64620.0000,6462,2410.0318,0.0000,888,1000,1000,1,991.1977
64630.0000,6463,2410.1055,0.0000,881,1000,1000,1,991.1991
64640.0000,6464,2410.1781,0.0000,877,1000,1000,1,991.2004
64650.0000,6465,2410.2504,0.0000,880,1000,1000,1,991.2018
64660.0000,6466,2410.3228,0.0000,878,1000,1000,1,991.2031
64670.0000,6467,2410.3953,0.0000,880,1000,1000,1,991.2045
64680.0000,6468,2410.4676,0.0000,875,1000,1000,1,991.2059
64690.0000,6469,2410.5394,0.0000,874,1000,1000,1,991.2072
64700.0000,6470,2410.6110,0.0000,872,1000,1000,1,991.2086
64710.0000,6471,2410.6826,0.0000,878,1000,1000,1,991.2099
64720.0000,6472,2410.7548,0.0000,877,1000,1000,1,991.2113
64730.0000,6473,2410.8271,0.0000,880,1000,1000,1,991.2127
64740.0000,6474,2410.8992,0.0000,878,1000,1000,1,991.2140
64750.0000,6475,2410.9714,0.0000,874,1000,1000,1,991.2154
64760.0000,6476,2411.0423,0.0000,870,1000,1000,1,991.2167
64770.0000,6477,2411.1131,0.0000,871,1000,1000,1,991.2181
64780.0000,6478,2411.1846,0.0000,875,1000,1000,1,991.2194
64790.0000,6479,2411.2564,0.0000,876,1000,1000,1,991.2208
64800.0000,6480,2411.3276,0.0000,873,1000,1000,1,991.2221
64810.0000,6481,2411.3990,0.0000,874,1000,1000,1,991.2235
64820.0000,6482,2411.4698,0.0000,865,1000,1000,1,991.2249
64830.0000,6483,2411.5397,0.0000,867,1000,1000,1,991.2262
64840.0000,6484,2411.6103,0.0000,871,1000,1000,1,991.2276
64850.0000,6485,2411.6808,0.0000,868,1000,1000,1,991.2289
64860.0000,6486,2411.7513,0.0000,870,1000,1000,1,991.2303
64870.0000,6487,2411.8225,0.0000,875,1000,1000,1,991.2316
64880.0000,6488,2411.8935,0.0000,871,1000,1000,1,991.2330
64890.0000,6489,2411.9638,0.0000,865,1000,1000,1,991.2343
64900.0000,6490,2412.0338,0.0000,867,1000,1000,1,991.2357
64910.0000,6491,2412.1040,0.0000,867,1000,1000,1,991.2370
64920.0000,6492,2412.1734,0.0000,859,1000,1000,1,991.2384
64930.0000,6493,2412.2422,0.0000,858,1000,1000,1,991.2397
64940.0000,6494,2412.3106,0.0000,853,1000,1000,1,991.2411
64950.0000,6495,2412.3787,0.0000,855,1000,1000,1,991.2424
64960.0000,6496,2412.4470,0.0000,857,1000,1000,1,991.2438
64970.0000,6497,2412.5150,0.0000,852,1000,1000,1,991.2451
64980.0000,6498,2412.5833,0.0000,853,1000,1000,1,991.2465
64990.0000,6499,2412.6503,0.0000,845,1000,1000,1,991.2478
65000.0000,6500,2412.7169,0.0000,848,1000,1000,1,991.2492
65010.0000,6501,2412.7837,0.0000,846,1000,1000,1,991.2505
65020.0000,6502,2412.8505,0.0000,848,1000,1000,1,991.2518
65030.0000,6503,2412.9169,0.0000,844,1000,1000,1,991.2532
65040.0000,6504,2412.9830,0.0000,844,1000,1000,1,991.2545
65050.0000,6505,2413.0488,0.0000,837,1000,1000,1,991.2559
65060.0000,6506,2413.1144,0.0000,841,1000,1000,1,991.2572
65070.0000,6507,2413.1800,0.0000,835,1000,1000,1,991.2586
65080.0000,6508,2413.2440,0.0000,828,1000,1000,1,991.2599
65090.0000,6509,2413.3078,0.0000,826,1000,1000,1,991.2613
65100.0000,6510,2413.3707,0.0000,822,1000,1000,1,991.2626
65110.0000,6511,2413.4330,0.0000,818,1000,1000,1,991.2639
65120.0000,6512,2413.4952,0.0000,821,1000,1000,1,991.2653
65130.0000,6513,2413.5579,0.0000,820,1000,1000,1,991.2666
65140.0000,6514,2413.6204,0.0000,825,1000,1000,1,991.2680
65150.0000,6515,2413.6833,0.0000,822,1000,1000,1,991.2693
65160.0000,6516,2413.7458,0.0000,820,1000,1000,1,991.2706
65170.0000,6517,2413.8077,0.0000,814,1000,1000,1,991.2720
65180.0000,6518,2413.8693,0.0000,815,1000,1000,1,991.2733
65190.0000,6519,2413.9309,0.0000,815,1000,1000,1,991.2747
65200.0000,6520,2413.9922,0.0000,809,1000,1000,1,991.2760
65210.0000,6521,2414.0531,0.0000,812,1000,1000,1,991.2773
65220.0000,6522,2414.1139,0.0000,812,1000,1000,1,991.2787
65230.0000,6523,2414.1752,0.0000,815,1000,1000,1,991.2800
65240.0000,6524,2414.2357,0.0000,806,1000,1000,1,991.2813
65250.0000,6525,2414.2956,0.0000,808,1000,1000,1,991.2827
65260.0000,6526,2414.3552,0.0000,800,1000,1000,1,991.2840
65270.0000,6527,2414.4139,0.0000,798,1000,1000,1,991.2854
65280.0000,6528,2414.4728,0.0000,801,1000,1000,1,991.2867
65290.0000,6529,2414.5313,0.0000,794,1000,1000,1,991.2880
65300.0000,6530,2414.5900,0.0000,800,1000,1000,1,991.2894
65310.0000,6531,2414.6484,0.0000,793,1000,1000,1,991.2907
65320.0000,6532,2414.7064,0.0000,791,1000,1000,1,991.2920
65330.0000,6533,2414.7643,0.0000,795,1000,1000,1,991.2934
65340.0000,6534,2414.8228,0.0000,798,1000,1000,1,991.2947
65350.0000,6535,2414.8813,0.0000,797,1000,1000,1,991.2960
65360.0000,6536,2414.9394,0.0000,790,1000,1000,1,991.2974
65370.0000,6537,2414.9969,0.0000,791,1000,1000,1,991.2987
65380.0000,6538,2415.0548,0.0000,797,1000,1000,1,991.3000
65390.0000,6539,2415.1130,0.0000,796,1000,1000,1,991.3013
65400.0000,6540,2415.1709,0.0000,797,1000,1000,1,991.3027
65410.0000,6541,2415.2292,0.0000,792,1000,1000,1,991.3040
65420.0000,6542,2415.2867,0.0000,796,1000,1000,1,991.3053
65430.0000,6543,2415.3453,0.0000,799,1000,1000,1,991.3067
65440.0000,6544,2415.4035,0.0000,797,1000,1000,1,991.3080
65450.0000,6545,2415.4613,0.0000,792,1000,1000,1,991.3093
65460.0000,6546,2415.5186,0.0000,788,1000,1000,1,991.3107
65470.0000,6547,2415.5756,0.0000,790,1000,1000,1,991.3120
65480.0000,6548,2415.6330,0.0000,790,1000,1000,1,991.3133
65490.0000,6549,2415.6902,0.0000,787,1000,1000,1,991.3146
65500.0000,6550,2415.7472,0.0000,789,1000,1000,1,991.3160
65510.0000,6551,2415.8039,0.0000,785,1000,1000,1,991.3173
65520.0000,6552,2415.8602,0.0000,783,1000,1000,1,991.3186
65530.0000,6553,2415.9156,0.0000,776,1000,1000,1,991.3199
65540.0000,6554,2415.9706,0.0000,777,1000,1000,1,991.3213
65550.0000,6555,2416.0256,0.0000,775,1000,1000,1,991.3226
65560.0000,6556,2416.0801,0.0000,774,1000,1000,1,991.3239
65570.0000,6557,2416.1350,0.0000,779,1000,1000,1,991.3252
65580.0000,6558,2416.1899,0.0000,778,1000,1000,1,991.3266
65590.0000,6559,2416.2448,0.0000,775,1000,1000,1,991.3279
65600.0000,6560,2416.2990,0.0000,771,1000,1000,1,991.3292
65610.0000,6561,2416.3533,0.0000,773,1000,1000,1,991.3305
65620.0000,6562,2416.4076,0.0000,773,1000,1000,1,991.3318
65630.0000,6563,2416.4623,0.0000,777,1000,1000,1,991.3332
65640.0000,6564,2416.5168,0.0000,776,1000,1000,1,991.3345
65650.0000,6565,2416.5715,0.0000,777,1000,1000,1,991.3358
65660.0000,6566,2416.6264,0.0000,775,1000,1000,1,991.3371
65670.0000,6567,2416.6809,0.0000,773,1000,1000,1,991.3384
65680.0000,6568,2416.7347,0.0000,771,1000,1000,1,991.3398
65690.0000,6569,2416.7884,0.0000,769,1000,1000,1,991.3411
65700.0000,6570,2416.8417,0.0000,764,1000,1000,1,991.3424
65710.0000,6571,2416.8951,0.0000,768,1000,1000,1,991.3437
65720.0000,6572,2416.9482,0.0000,764,1000,1000,1,991.3450
65730.0000,6573,2417.0010,0.0000,766,1000,1000,1,991.3463
65740.0000,6574,2417.0533,0.0000,755,1000,1000,1,991.3477
65750.0000,6575,2417.1051,0.0000,757,1000,1000,1,991.3490
65760.0000,6576,2417.1565,0.0000,750,1000,1000,1,991.3503
65770.0000,6577,2417.2072,0.0000,751,1000,1000,1,991.3516
65780.0000,6578,2417.2572,0.0000,743,1000,1000,1,991.3529
65790.0000,6579,2417.3066,0.0000,743,1000,1000,1,991.3542
65800.0000,6580,2417.3564,0.0000,743,1000,1000,1,991.3556
65810.0000,6581,2417.4072,0.0000,759,1000,1000,1,991.3569
65820.0000,6582,2417.4588,0.0000,754,1000,1000,1,991.3582
65830.0000,6583,2417.5102,0.0000,760,1000,1000,1,991.3595
65840.0000,6584,2417.5623,0.0000,758,1000,1000,1,991.3608
65850.0000,6585,2417.6138,0.0000,760,1000,1000,1,991.3621
65860.0000,6586,2417.6656,0.0000,757,1000,1000,1,991.3634
65870.0000,6587,2417.7176,0.0000,761,1000,1000,1,991.3647
65880.0000,6588,2417.7697,0.0000,755,1000,1000,1,991.3660
65890.0000,6589,2417.8210,0.0000,757,1000,1000,1,991.3674
65900.0000,6590,2417.8734,0.0000,770,1000,1000,1,991.3687
65910.0000,6591,2417.9263,0.0000,764,1000,1000,1,991.3700
65920.0000,6592,2417.9785,0.0000,762,1000,1000,1,991.3713
65930.0000,6593,2418.0304,0.0000,761,1000,1000,1,991.3726
65940.0000,6594,2418.0825,0.0000,762,1000,1000,1,991.3739
65950.0000,6595,2418.1347,0.0000,763,1000,1000,1,991.3752
65960.0000,6596,2418.1866,0.0000,760,1000,1000,1,991.3765
65970.0000,6597,2418.2387,0.0000,760,1000,1000,1,991.3778
65980.0000,6598,2418.2902,0.0000,755,1000,1000,1,991.3791
65990.0000,6599,2418.3413,0.0000,757,1000,1000,1,991.3804
66000.0000,6600,2418.3924,0.0000,757,1000,1000,1,991.3817
66010.0000,6601,2418.4437,0.0000,760,1000,1000,1,991.3831
66020.0000,6602,2418.4962,0.0000,768,1000,1000,1,991.3844
66030.0000,6603,2418.5491,0.0000,769,1000,1000,1,991.3857
66040.0000,6604,2418.6018,0.0000,765,1000,1000,1,991.3870
66050.0000,6605,2418.6538,0.0000,759,1000,1000,1,991.3883
66060.0000,6606,2418.7057,0.0000,765,1000,1000,1,991.3896
66070.0000,6607,2418.7581,0.0000,765,1000,1000,1,991.3909
66080.0000,6608,2418.8104,0.0000,764,1000,1000,1,991.3922
66090.0000,6609,2418.8630,0.0000,771,1000,1000,1,991.3935
66100.0000,6610,2418.9161,0.0000,773,1000,1000,1,991.3948
66110.0000,6611,2418.9693,0.0000,775,1000,1000,1,991.3961
66120.0000,6612,2419.0235,0.0000,778,1000,1000,1,991.3974
66130.0000,6613,2419.0769,0.0000,767,1000,1000,1,991.3987
66140.0000,6614,2419.1288,0.0000,759,1000,1000,1,991.4000
66150.0000,6615,2419.1795,0.0000,751,1000,1000,1,991.4013
66160.0000,6616,2419.2298,0.0000,752,1000,1000,1,991.4026
66170.0000,6617,2419.2793,0.0000,747,1000,1000,1,991.4039
66180.0000,6618,2419.3286,0.0000,745,1000,1000,1,991.4052
66190.0000,6619,2419.3781,0.0000,749,1000,1000,1,991.4065
66200.0000,6620,2419.4278,0.0000,747,1000,1000,1,991.4078
66210.0000,6621,2419.4776,0.0000,749,1000,1000,1,991.4091
66220.0000,6622,2419.5270,0.0000,747,1000,1000,1,991.4104
66230.0000,6623,2419.5768,0.0000,754,1000,1000,1,991.4117
66240.0000,6624,2419.6273,0.0000,752,1000,1000,1,991.4130
66250.0000,6625,2419.6766,0.0000,746,1000,1000,1,991.4143
66260.0000,6626,2419.7267,0.0000,755,1000,1000,1,991.4156
66270.0000,6627,2419.7777,0.0000,762,1000,1000,1,991.4169
66280.0000,6628,2419.8290,0.0000,760,1000,1000,1,991.4182
66290.0000,6629,2419.8810,0.0000,764,1000,1000,1,991.4194
66300.0000,6630,2419.9330,0.0000,765,1000,1000,1,991.4207
66310.0000,6631,2419.9856,0.0000,775,1000,1000,1,991.4220
66320.0000,6632,2420.0389,0.0000,773,1000,1000,1,991.4233
66330.0000,6633,2420.0920,0.0000,772,1000,1000,1,991.4246
66340.0000,6634,2420.1447,0.0000,765,1000,1000,1,991.4259
66350.0000,6635,2420.1966,0.0000,766,1000,1000,1,991.4272
66360.0000,6636,2420.2490,0.0000,768,1000,1000,1,991.4285
66370.0000,6637,2420.3017,0.0000,773,1000,1000,1,991.4298
66380.0000,6638,2420.3549,0.0000,772,1000,1000,1,991.4311
66390.0000,6639,2420.4075,0.0000,771,1000,1000,1,991.4324
66400.0000,6640,2420.4605,0.0000,774,1000,1000,1,991.4337
66410.0000,6641,2420.5130,0.0000,765,1000,1000,1,991.4350
66420.0000,6642,2420.5651,0.0000,767,1000,1000,1,991.4362
66430.0000,6643,2420.6173,0.0000,765,1000,1000,1,991.4375
66440.0000,6644,2420.6690,0.0000,762,1000,1000,1,991.4388
66450.0000,6645,2420.7206,0.0000,767,1000,1000,1,991.4401
66460.0000,6646,2420.7725,0.0000,765,1000,1000,1,991.4414
66470.0000,6647,2420.8233,0.0000,754,1000,1000,1,991.4427
66480.0000,6648,2420.8735,0.0000,755,1000,1000,1,991.4440
66490.0000,6649,2420.9240,0.0000,761,1000,1000,1,991.4453
66500.0000,6650,2420.9750,0.0000,760,1000,1000,1,991.4465
66510.0000,6651,2421.0262,0.0000,760,1000,1000,1,991.4478
66520.0000,6652,2421.0772,0.0000,757,1000,1000,1,991.4491
66530.0000,6653,2421.1278,0.0000,761,1000,1000,1,991.4504
66540.0000,6654,2421.1793,0.0000,764,1000,1000,1,991.4517
66550.0000,6655,2421.2303,0.0000,761,1000,1000,1,991.4530
66560.0000,6656,2421.2821,0.0000,769,1000,1000,1,991.4543
66570.0000,6657,2421.3342,0.0000,768,1000,1000,1,991.4555
66580.0000,6658,2421.3866,0.0000,769,1000,1000,1,991.4568
66590.0000,6659,2421.4381,0.0000,764,1000,1000,1,991.4581
66600.0000,6660,2421.4899,0.0000,775,1000,1000,1,991.4594
66610.0000,6661,2421.5423,0.0000,764,1000,1000,1,991.4607
66620.0000,6662,2421.5941,0.0000,765,1000,1000,1,991.4620
66630.0000,6663,2421.6451,0.0000,758,1000,1000,1,991.4632
66640.0000,6664,2421.6963,0.0000,765,1000,1000,1,991.4645
66650.0000,6665,2421.7478,0.0000,766,1000,1000,1,991.4658
66660.0000,6666,2421.7993,0.0000,761,1000,1000,1,991.4671
66670.0000,6667,2421.8502,0.0000,759,1000,1000,1,991.4684
66680.0000,6668,2421.9006,0.0000,754,1000,1000,1,991.4696
66690.0000,6669,2421.9504,0.0000,751,1000,1000,1,991.4709
66700.0000,6670,2421.9998,0.0000,750,1000,1000,1,991.4722
66710.0000,6671,2422.0491,0.0000,751,1000,1000,1,991.4735
66720.0000,6672,2422.0976,0.0000,741,1000,1000,1,991.4747
66730.0000,6673,2422.1453,0.0000,740,1000,1000,1,991.4760
66740.0000,6674,2422.1931,0.0000,740,1000,1000,1,991.4773
66750.0000,6675,2422.2403,0.0000,738,1000,1000,1,991.4786
66760.0000,6676,2422.2875,0.0000,736,1000,1000,1,991.4799
66770.0000,6677,2422.3346,0.0000,735,1000,1000,1,991.4811
66780.0000,6678,2422.3814,0.0000,737,1000,1000,1,991.4824
66790.0000,6679,2422.4287,0.0000,741,1000,1000,1,991.4837
66800.0000,6680,2422.4760,0.0000,740,1000,1000,1,991.4850
66810.0000,6681,2422.5233,0.0000,733,1000,1000,1,991.4862
66820.0000,6682,2422.5695,0.0000,731,1000,1000,1,991.4875
66830.0000,6683,2422.6154,0.0000,728,1000,1000,1,991.4888
66840.0000,6684,2422.6607,0.0000,723,1000,1000,1,991.4901
66850.0000,6685,2422.7051,0.0000,717,1000,1000,1,991.4913
66860.0000,6686,2422.7498,0.0000,725,1000,1000,1,991.4926
66870.0000,6687,2422.7947,0.0000,719,1000,1000,1,991.4939
66880.0000,6688,2422.8386,0.0000,719,1000,1000,1,991.4951
66890.0000,6689,2422.8828,0.0000,719,1000,1000,1,991.4964
66900.0000,6690,2422.9275,0.0000,723,1000,1000,1,991.4977
66910.0000,6691,2422.9726,0.0000,724,1000,1000,1,991.4990
66920.0000,6692,2423.0172,0.0000,718,1000,1000,1,991.5002
66930.0000,6693,2423.0611,0.0000,716,1000,1000,1,991.5015
66940.0000,6694,2423.1050,0.0000,718,1000,1000,1,991.5028
66950.0000,6695,2423.1492,0.0000,720,1000,1000,1,991.5040
66960.0000,6696,2423.1934,0.0000,718,1000,1000,1,991.5053
66970.0000,6697,2423.2373,0.0000,718,1000,1000,1,991.5066
66980.0000,6698,2423.2811,0.0000,715,1000,1000,1,991.5078
66990.0000,6699,2423.3247,0.0000,719,1000,1000,1,991.5091
67000.0000,6700,2423.3688,0.0000,719,1000,1000,1,991.5104
67010.0000,6701,2423.4130,0.0000,721,1000,1000,1,991.5116
67020.0000,6702,2423.4573,0.0000,719,1000,1000,1,991.5129
67030.0000,6703,2423.5016,0.0000,721,1000,1000,1,991.5142
67040.0000,6704,2423.5459,0.0000,717,1000,1000,1,991.5154
67050.0000,6705,2423.5898,0.0000,719,1000,1000,1,991.5167
67060.0000,6706,2423.6333,0.0000,711,1000,1000,1,991.5180
67070.0000,6707,2423.6765,0.0000,711,1000,1000,1,991.5192
67080.0000,6708,2423.7189,0.0000,706,1000,1000,1,991.5205
67090.0000,6709,2423.7604,0.0000,700,1000,1000,1,991.5218
67100.0000,6710,2423.8011,0.0000,696,1000,1000,1,991.5230
67110.0000,6711,2423.8408,0.0000,683,1000,1000,1,991.5243
67120.0000,6712,2423.8793,0.0000,683,1000,1000,1,991.5256
67130.0000,6713,2423.9175,0.0000,682,1000,1000,1,991.5268
67140.0000,6714,2423.9562,0.0000,685,1000,1000,1,991.5281
67150.0000,6715,2423.9950,0.0000,684,1000,1000,1,991.5293
67160.0000,6716,2424.0337,0.0000,683,1000,1000,1,991.5306
67170.0000,6717,2424.0720,0.0000,678,1000,1000,1,991.5319
67180.0000,6718,2424.1093,0.0000,672,1000,1000,1,991.5331
67190.0000,6719,2424.1461,0.0000,673,1000,1000,1,991.5344
67200.0000,6720,2424.1837,0.0000,677,1000,1000,1,991.5356
67210.0000,6721,2424.2212,0.0000,675,1000,1000,1,991.5369
67220.0000,6722,2424.2589,0.0000,677,1000,1000,1,991.5382
67230.0000,6723,2424.2961,0.0000,673,1000,1000,1,991.5394
67240.0000,6724,2424.3331,0.0000,673,1000,1000,1,991.5407
67250.0000,6725,2424.3699,0.0000,674,1000,1000,1,991.5419
67260.0000,6726,2424.4071,0.0000,672,1000,1000,1,991.5432
67270.0000,6727,2424.4432,0.0000,661,1000,1000,1,991.5445
67280.0000,6728,2424.4782,0.0000,656,1000,1000,1,991.5457
67290.0000,6729,2424.5124,0.0000,652,1000,1000,1,991.5470
67300.0000,6730,2424.5458,0.0000,649,1000,1000,1,991.5482
67310.0000,6731,2424.5785,0.0000,643,1000,1000,1,991.5495
67320.0000,6732,2424.6108,0.0000,641,1000,1000,1,991.5507
67330.0000,6733,2424.6429,0.0000,643,1000,1000,1,991.5520
67340.0000,6734,2424.6748,0.0000,638,1000,1000,1,991.5532
67350.0000,6735,2424.7064,0.0000,634,1000,1000,1,991.5545
67360.0000,6736,2424.7375,0.0000,630,1000,1000,1,991.5557
67370.0000,6737,2424.7675,0.0000,626,1000,1000,1,991.5570
67380.0000,6738,2424.7972,0.0000,626,1000,1000,1,991.5583
67390.0000,6739,2424.8277,0.0000,630,1000,1000,1,991.5595
67400.0000,6740,2424.8576,0.0000,628,1000,1000,1,991.5608
67410.0000,6741,2424.8873,0.0000,622,1000,1000,1,991.5620
67420.0000,6742,2424.9167,0.0000,630,1000,1000,1,991.5633
67430.0000,6743,2424.9469,0.0000,626,1000,1000,1,991.5645
67440.0000,6744,2424.9765,0.0000,626,1000,1000,1,991.5658
67450.0000,6745,2425.0064,0.0000,631,1000,1000,1,991.5670
67460.0000,6746,2425.0363,0.0000,624,1000,1000,1,991.5683
67470.0000,6747,2425.0656,0.0000,621,1000,1000,1,991.5695
67480.0000,6748,2425.0950,0.0000,627,1000,1000,1,991.5708
67490.0000,6749,2425.1247,0.0000,625,1000,1000,1,991.5720
67500.0000,6750,2425.1545,0.0000,628,1000,1000,1,991.5733
67510.0000,6751,2425.1844,0.0000,624,1000,1000,1,991.5745
67520.0000,6752,2425.2137,0.0000,625,1000,1000,1,991.5758
67530.0000,6753,2425.2426,0.0000,618,1000,1000,1,991.5770
67540.0000,6754,2425.2718,0.0000,626,1000,1000,1,991.5783
67550.0000,6755,2425.3012,0.0000,622,1000,1000,1,991.5795
67560.0000,6756,2425.3308,0.0000,623,1000,1000,1,991.5807
67570.0000,6757,2425.3598,0.0000,617,1000,1000,1,991.5820
67580.0000,6758,2425.3879,0.0000,610,1000,1000,1,991.5832
67590.0000,6759,2425.4152,0.0000,609,1000,1000,1,991.5845
67600.0000,6760,2425.4425,0.0000,612,1000,1000,1,991.5857
67610.0000,6761,2425.4705,0.0000,619,1000,1000,1,991.5870
67620.0000,6762,2425.4988,0.0000,615,1000,1000,1,991.5882
67630.0000,6763,2425.5269,0.0000,614,1000,1000,1,991.5895
67640.0000,6764,2425.5548,0.0000,615,1000,1000,1,991.5907
67650.0000,6765,2425.5820,0.0000,609,1000,1000,1,991.5919
67660.0000,6766,2425.6083,0.0000,603,1000,1000,1,991.5932
67670.0000,6767,2425.6348,0.0000,607,1000,1000,1,991.5944
67680.0000,6768,2425.6614,0.0000,603,1000,1000,1,991.5957
67690.0000,6769,2425.6880,0.0000,613,1000,1000,1,991.5969
67700.0000,6770,2425.7159,0.0000,616,1000,1000,1,991.5982
67710.0000,6771,2425.7438,0.0000,614,1000,1000,1,991.5994
67720.0000,6772,2425.7716,0.0000,610,1000,1000,1,991.6006
67730.0000,6773,2425.7991,0.0000,613,1000,1000,1,991.6019
67740.0000,6774,2425.8266,0.0000,610,1000,1000,1,991.6031
67750.0000,6775,2425.8538,0.0000,611,1000,1000,1,991.6044
67760.0000,6776,2425.8806,0.0000,610,1000,1000,1,991.6056
67770.0000,6777,2425.9075,0.0000,609,1000,1000,1,991.6068
67780.0000,6778,2425.9337,0.0000,599,1000,1000,1,991.6081
67790.0000,6779,2425.9589,0.0000,597,1000,1000,1,991.6093
67800.0000,6780,2425.9838,0.0000,591,1000,1000,1,991.6105
67810.0000,6781,2426.0078,0.0000,584,1000,1000,1,991.6118
67820.0000,6782,2426.0314,0.0000,587,1000,1000,1,991.6130
67830.0000,6783,2426.0550,0.0000,583,1000,1000,1,991.6143
67840.0000,6784,2426.0782,0.0000,581,1000,1000,1,991.6155
67850.0000,6785,2426.1009,0.0000,579,1000,1000,1,991.6167
67860.0000,6786,2426.1237,0.0000,578,1000,1000,1,991.6180
67870.0000,6787,2426.1456,0.0000,572,1000,1000,1,991.6192
67880.0000,6788,2426.1673,0.0000,576,1000,1000,1,991.6204
67890.0000,6789,2426.1891,0.0000,573,1000,1000,1,991.6217
67900.0000,6790,2426.2103,0.0000,565,1000,1000,1,991.6229
67910.0000,6791,2426.2310,0.0000,570,1000,1000,1,991.6241
67920.0000,6792,2426.2520,0.0000,564,1000,1000,1,991.6254
67930.0000,6793,2426.2722,0.0000,564,1000,1000,1,991.6266
67940.0000,6794,2426.2927,0.0000,565,1000,1000,1,991.6278
67950.0000,6795,2426.3131,0.0000,563,1000,1000,1,991.6291
67960.0000,6796,2426.3332,0.0000,562,1000,1000,1,991.6303
67970.0000,6797,2426.3530,0.0000,560,1000,1000,1,991.6315
67980.0000,6798,2426.3725,0.0000,558,1000,1000,1,991.6328
67990.0000,6799,2426.3919,0.0000,554,1000,1000,1,991.6340
68000.0000,6800,2426.4105,0.0000,549,1000,1000,1,991.6352
68010.0000,6801,2426.4288,0.0000,552,1000,1000,1,991.6365
68020.0000,6802,2426.4481,0.0000,563,1000,1000,1,991.6377
68030.0000,6803,2426.4682,0.0000,565,1000,1000,1,991.6389
68040.0000,6804,2426.4883,0.0000,564,1000,1000,1,991.6401
68050.0000,6805,2426.5086,0.0000,566,1000,1000,1,991.6414
68060.0000,6806,2426.5295,0.0000,567,1000,1000,1,991.6426
68070.0000,6807,2426.5502,0.0000,569,1000,1000,1,991.6438
68080.0000,6808,2426.5717,0.0000,577,1000,1000,1,991.6451
68090.0000,6809,2426.5938,0.0000,578,1000,1000,1,991.6463
68100.0000,6810,2426.6159,0.0000,574,1000,1000,1,991.6475
68110.0000,6811,2426.6374,0.0000,575,1000,1000,1,991.6487
68120.0000,6812,2426.6595,0.0000,579,1000,1000,1,991.6500
68130.0000,6813,2426.6819,0.0000,581,1000,1000,1,991.6512
68140.0000,6814,2426.7045,0.0000,580,1000,1000,1,991.6524
68150.0000,6815,2426.7267,0.0000,580,1000,1000,1,991.6536
68160.0000,6816,2426.7491,0.0000,580,1000,1000,1,991.6549
68170.0000,6817,2426.7716,0.0000,576,1000,1000,1,991.6561
68180.0000,6818,2426.7933,0.0000,567,1000,1000,1,991.6573
68190.0000,6819,2426.8142,0.0000,564,1000,1000,1,991.6585
68200.0000,6820,2426.8342,0.0000,563,1000,1000,1,991.6598
68210.0000,6821,2426.8541,0.0000,561,1000,1000,1,991.6610
68220.0000,6822,2426.8735,0.0000,556,1000,1000,1,991.6622
68230.0000,6823,2426.8925,0.0000,556,1000,1000,1,991.6634
68240.0000,6824,2426.9112,0.0000,553,1000,1000,1,991.6646
68250.0000,6825,2426.9301,0.0000,561,1000,1000,1,991.6659
68260.0000,6826,2426.9490,0.0000,555,1000,1000,1,991.6671
68270.0000,6827,2426.9680,0.0000,557,1000,1000,1,991.6683
68280.0000,6828,2426.9870,0.0000,559,1000,1000,1,991.6695
68290.0000,6829,2427.0062,0.0000,556,1000,1000,1,991.6707
68300.0000,6830,2427.0244,0.0000,548,1000,1000,1,991.6720
68310.0000,6831,2427.0415,0.0000,540,1000,1000,1,991.6732
68320.0000,6832,2427.0580,0.0000,540,1000,1000,1,991.6744
68330.0000,6833,2427.0748,0.0000,544,1000,1000,1,991.6756
68340.0000,6834,2427.0920,0.0000,547,1000,1000,1,991.6768
68350.0000,6835,2427.1092,0.0000,547,1000,1000,1,991.6781
68360.0000,6836,2427.1266,0.0000,548,1000,1000,1,991.6793
68370.0000,6837,2427.1444,0.0000,545,1000,1000,1,991.6805
68380.0000,6838,2427.1619,0.0000,549,1000,1000,1,991.6817
68390.0000,6839,2427.1801,0.0000,550,1000,1000,1,991.6829
68400.0000,6840,2427.1974,0.0000,542,1000,1000,1,991.6841
68410.0000,6841,2427.2138,0.0000,540,1000,1000,1,991.6854
68420.0000,6842,2427.2297,0.0000,531,1000,1000,1,991.6866
68430.0000,6843,2427.2449,0.0000,530,1000,1000,1,991.6878
68440.0000,6844,2427.2588,0.0000,520,1000,1000,1,991.6890
68450.0000,6845,2427.2717,0.0000,515,1000,1000,1,991.6902
68460.0000,6846,2427.2844,0.0000,511,1000,1000,1,991.6914
68470.0000,6847,2427.2961,0.0000,508,1000,1000,1,991.6926
68480.0000,6848,2427.3077,0.0000,504,1000,1000,1,991.6939
68490.0000,6849,2427.3188,0.0000,503,1000,1000,1,991.6951
68500.0000,6850,2427.3300,0.0000,501,1000,1000,1,991.6963
68510.0000,6851,2427.3411,0.0000,506,1000,1000,1,991.6975
68520.0000,6852,2427.3530,0.0000,510,1000,1000,1,991.6987
68530.0000,6853,2427.3649,0.0000,507,1000,1000,1,991.6999
68540.0000,6854,2427.3764,0.0000,503,1000,1000,1,991.7011
68550.0000,6855,2427.3872,0.0000,499,1000,1000,1,991.7023
68560.0000,6856,2427.3978,0.0000,500,1000,1000,1,991.7035
68570.0000,6857,2427.4084,0.0000,497,1000,1000,1,991.7048
68580.0000,6858,2427.4190,0.0000,502,1000,1000,1,991.7060
68590.0000,6859,2427.4303,0.0000,508,1000,1000,1,991.7072
68600.0000,6860,2427.4419,0.0000,506,1000,1000,1,991.7084
68610.0000,6861,2427.4533,0.0000,505,1000,1000,1,991.7096
68620.0000,6862,2427.4644,0.0000,507,1000,1000,1,991.7108
68630.0000,6863,2427.4757,0.0000,508,1000,1000,1,991.7120
68640.0000,6864,2427.4877,0.0000,515,1000,1000,1,991.7132
68650.0000,6865,2427.5006,0.0000,514,1000,1000,1,991.7144
68660.0000,6866,2427.5127,0.0000,509,1000,1000,1,991.7156
68670.0000,6867,2427.5254,0.0000,520,1000,1000,1,991.7168
68680.0000,6868,2427.5388,0.0000,518,1000,1000,1,991.7180
68690.0000,6869,2427.5520,0.0000,520,1000,1000,1,991.7192
68700.0000,6870,2427.5651,0.0000,516,1000,1000,1,991.7205
68710.0000,6871,2427.5782,0.0000,518,1000,1000,1,991.7217
68720.0000,6872,2427.5911,0.0000,514,1000,1000,1,991.7229
68730.0000,6873,2427.6039,0.0000,518,1000,1000,1,991.7241
68740.0000,6874,2427.6171,0.0000,520,1000,1000,1,991.7253
68750.0000,6875,2427.6303,0.0000,516,1000,1000,1,991.7265
68760.0000,6876,2427.6433,0.0000,512,1000,1000,1,991.7277
68770.0000,6877,2427.6558,0.0000,511,1000,1000,1,991.7289
68780.0000,6878,2427.6678,0.0000,508,1000,1000,1,991.7301
68790.0000,6879,2427.6791,0.0000,505,1000,1000,1,991.7313
68800.0000,6880,2427.6901,0.0000,497,1000,1000,1,991.7325
68810.0000,6881,2427.6999,0.0000,498,1000,1000,1,991.7337
68820.0000,6882,2427.7089,0.0000,485,1000,1000,1,991.7349
68830.0000,6883,2427.7166,0.0000,480,1000,1000,1,991.7361
68840.0000,6884,2427.7243,0.0000,483,1000,1000,1,991.7373
68850.0000,6885,2427.7325,0.0000,485,1000,1000,1,991.7385
68860.0000,6886,2427.7407,0.0000,487,1000,1000,1,991.7397
68870.0000,6887,2427.7497,0.0000,490,1000,1000,1,991.7409
68880.0000,6888,2427.7588,0.0000,492,1000,1000,1,991.7421
68890.0000,6889,2427.7675,0.0000,491,1000,1000,1,991.7433
68900.0000,6890,2427.7766,0.0000,492,1000,1000,1,991.7445
68910.0000,6891,2427.7856,0.0000,486,1000,1000,1,991.7457
68920.0000,6892,2427.7939,0.0000,483,1000,1000,1,991.7469
68930.0000,6893,2427.8017,0.0000,482,1000,1000,1,991.7481
68940.0000,6894,2427.8098,0.0000,483,1000,1000,1,991.7493
68950.0000,6895,2427.8173,0.0000,480,1000,1000,1,991.7505
68960.0000,6896,2427.8253,0.0000,483,1000,1000,1,991.7517
68970.0000,6897,2427.8330,0.0000,479,1000,1000,1,991.7529
68980.0000,6898,2427.8405,0.0000,477,1000,1000,1,991.7541
68990.0000,6899,2427.8476,0.0000,475,1000,1000,1,991.7553
69000.0000,6900,2427.8542,0.0000,476,1000,1000,1,991.7565
69010.0000,6901,2427.8612,0.0000,474,1000,1000,1,991.7576
69020.0000,6902,2427.8682,0.0000,477,1000,1000,1,991.7588
69030.0000,6903,2427.8754,0.0000,481,1000,1000,1,991.7600
69040.0000,6904,2427.8829,0.0000,478,1000,1000,1,991.7612
69050.0000,6905,2427.8902,0.0000,477,1000,1000,1,991.7624
69060.0000,6906,2427.8971,0.0000,472,1000,1000,1,991.7636
69070.0000,6907,2427.9035,0.0000,469,1000,1000,1,991.7648
69080.0000,6908,2427.9097,0.0000,472,1000,1000,1,991.7660
69090.0000,6909,2427.9161,0.0000,470,1000,1000,1,991.7672
69100.0000,6910,2427.9223,0.0000,471,1000,1000,1,991.7684
69110.0000,6911,2427.9284,0.0000,471,1000,1000,1,991.7696
69120.0000,6912,2427.9345,0.0000,468,1000,1000,1,991.7708
69130.0000,6913,2427.9396,0.0000,462,1000,1000,1,991.7720
69140.0000,6914,2427.9449,0.0000,467,1000,1000,1,991.7731
69150.0000,6915,2427.9501,0.0000,466,1000,1000,1,991.7743
69160.0000,6916,2427.9554,0.0000,465,1000,1000,1,991.7755
69170.0000,6917,2427.9609,0.0000,463,1000,1000,1,991.7767
69180.0000,6918,2427.9656,0.0000,458,1000,1000,1,991.7779
69190.0000,6919,2427.9690,0.0000,450,1000,1000,1,991.7791
69200.0000,6920,2427.9722,0.0000,449,1000,1000,1,991.7803
69210.0000,6921,2427.9750,0.0000,449,1000,1000,1,991.7815
69220.0000,6922,2427.9774,0.0000,444,1000,1000,1,991.7827
69230.0000,6923,2427.9798,0.0000,446,1000,1000,1,991.7838
69240.0000,6924,2427.9819,0.0000,438,1000,1000,1,991.7850
69250.0000,6925,2427.9834,0.0000,438,1000,1000,1,991.7862
69260.0000,6926,2427.9851,0.0000,439,1000,1000,1,991.7874
69270.0000,6927,2427.9865,0.0000,438,1000,1000,1,991.7886
69280.0000,6928,2427.9883,0.0000,440,1000,1000,1,991.7898
69290.0000,6929,2427.9901,0.0000,439,1000,1000,1,991.7910
69300.0000,6930,2427.9916,0.0000,438,1000,1000,1,991.7921
69310.0000,6931,2427.9936,0.0000,444,1000,1000,1,991.7933
69320.0000,6932,2427.9964,0.0000,451,1000,1000,1,991.7945
69330.0000,6933,2427.9996,0.0000,450,1000,1000,1,991.7957
69340.0000,6934,2428.0031,0.0000,452,1000,1000,1,991.7969
69350.0000,6935,2428.0070,0.0000,454,1000,1000,1,991.7981
69360.0000,6936,2428.0107,0.0000,451,1000,1000,1,991.7992
69370.0000,6937,2428.0136,0.0000,444,1000,1000,1,991.8004
69380.0000,6938,2428.0160,0.0000,443,1000,1000,1,991.8016
69390.0000,6939,2428.0185,0.0000,444,1000,1000,1,991.8028
69400.0000,6940,2428.0206,0.0000,439,1000,1000,1,991.8040
69410.0000,6941,2428.0224,0.0000,442,1000,1000,1,991.8051
69420.0000,6942,2428.0243,0.0000,442,1000,1000,1,991.8063
69430.0000,6943,2428.0257,0.0000,436,1000,1000,1,991.8075
69440.0000,6944,2428.0272,0.0000,439,1000,1000,1,991.8087
69450.0000,6945,2428.0284,0.0000,437,1000,1000,1,991.8099
69460.0000,6946,2428.0301,0.0000,444,1000,1000,1,991.8110
69470.0000,6947,2428.0320,0.0000,442,1000,1000,1,991.8122
69480.0000,6948,2428.0340,0.0000,442,1000,1000,1,991.8134
69490.0000,6949,2428.0360,0.0000,443,1000,1000,1,991.8146
69500.0000,6950,2428.0380,0.0000,436,1000,1000,1,991.8158
69510.0000,6951,2428.0393,0.0000,438,1000,1000,1,991.8169
69520.0000,6952,2428.0411,0.0000,441,1000,1000,1,991.8181
69530.0000,6953,2428.0432,0.0000,451,1000,1000,1,991.8193
69540.0000,6954,2428.0469,0.0000,455,1000,1000,1,991.8205
69550.0000,6955,2428.0503,0.0000,450,1000,1000,1,991.8216
69560.0000,6956,2428.0532,0.0000,448,1000,1000,1,991.8228
69570.0000,6957,2428.0557,0.0000,449,1000,1000,1,991.8240
69580.0000,6958,2428.0586,0.0000,448,1000,1000,1,991.8252
69590.0000,6959,2428.0612,0.0000,447,1000,1000,1,991.8263
69600.0000,6960,2428.0634,0.0000,440,1000,1000,1,991.8275
69610.0000,6961,2428.0648,0.0000,438,1000,1000,1,991.8287
69620.0000,6962,2428.0658,0.0000,436,1000,1000,1,991.8299
69630.0000,6963,2428.0671,0.0000,436,1000,1000,1,991.8310
69640.0000,6964,2428.0676,0.0000,430,1000,1000,1,991.8322
69650.0000,6965,2428.0686,0.0000,436,1000,1000,1,991.8334
69660.0000,6966,2428.0696,0.0000,434,1000,1000,1,991.8346
69670.0000,6967,2428.0707,0.0000,437,1000,1000,1,991.8357
69680.0000,6968,2428.0712,0.0000,424,1000,1000,1,991.8369
69690.0000,6969,2428.0710,0.0000,428,1000,1000,1,991.8381
69700.0000,6970,2428.0706,0.0000,419,1000,1000,1,991.8392
69710.0000,6971,2428.0691,0.0000,412,1000,1000,1,991.8404
69720.0000,6972,2428.0665,0.0000,408,1000,1000,1,991.8416
69730.0000,6973,2428.0634,0.0000,404,1000,1000,1,991.8428
69740.0000,6974,2428.0599,0.0000,403,1000,1000,1,991.8439
69750.0000,6975,2428.0560,0.0000,398,1000,1000,1,991.8451
69760.0000,6976,2428.0517,0.0000,399,1000,1000,1,991.8463
69770.0000,6977,2428.0477,0.0000,402,1000,1000,1,991.8474
69780.0000,6978,2428.0439,0.0000,401,1000,1000,1,991.8486
69790.0000,6979,2428.0406,0.0000,404,1000,1000,1,991.8498
69800.0000,6980,2428.0371,0.0000,400,1000,1000,1,991.8509
69810.0000,6981,2428.0326,0.0000,394,1000,1000,1,991.8521
69820.0000,6982,2428.0269,0.0000,384,1000,1000,1,991.8533
69830.0000,6983,2428.0204,0.0000,381,1000,1000,1,991.8544
69840.0000,6984,2428.0138,0.0000,384,1000,1000,1,991.8556
69850.0000,6985,2428.0073,0.0000,383,1000,1000,1,991.8568
69860.0000,6986,2428.0003,0.0000,378,1000,1000,1,991.8579
69870.0000,6987,2427.9930,0.0000,376,1000,1000,1,991.8591
69880.0000,6988,2427.9858,0.0000,375,1000,1000,1,991.8603
69890.0000,6989,2427.9783,0.0000,372,1000,1000,1,991.8614
69900.0000,6990,2427.9702,0.0000,374,1000,1000,1,991.8626
69910.0000,6991,2427.9618,0.0000,367,1000,1000,1,991.8638
69920.0000,6992,2427.9540,0.0000,378,1000,1000,1,991.8649
69930.0000,6993,2427.9460,0.0000,369,1000,1000,1,991.8661
69940.0000,6994,2427.9376,0.0000,364,1000,1000,1,991.8672
69950.0000,6995,2427.9286,0.0000,364,1000,1000,1,991.8684
69960.0000,6996,2427.9191,0.0000,362,1000,1000,1,991.8696
69970.0000,6997,2427.9099,0.0000,362,1000,1000,1,991.8707
69980.0000,6998,2427.9002,0.0000,356,1000,1000,1,991.8719
69990.0000,6999,2427.8901,0.0000,356,1000,1000,1,991.8731
70000.0000,7000,2427.8801,0.0000,360,1000,1000,1,991.8742
70010.0000,7001,2427.8706,0.0000,360,1000,1000,1,991.8754
70020.0000,7002,2427.8612,0.0000,360,1000,1000,1,991.8765
70030.0000,7003,2427.8510,0.0000,356,1000,1000,1,991.8777
70040.0000,7004,2427.8407,0.0000,357,1000,1000,1,991.8789
70050.0000,7005,2427.8310,0.0000,360,1000,1000,1,991.8800
70060.0000,7006,2427.8211,0.0000,357,1000,1000,1,991.8812
70070.0000,7007,2427.8104,0.0000,349,1000,1000,1,991.8823
70080.0000,7008,2427.7984,0.0000,340,1000,1000,1,991.8835
70090.0000,7009,2427.7862,0.0000,348,1000,1000,1,991.8847
70100.0000,7010,2427.7747,0.0000,342,1000,1000,1,991.8858
70110.0000,7011,2427.7632,0.0000,349,1000,1000,1,991.8870
70120.0000,7012,2427.7514,0.0000,342,1000,1000,1,991.8881
70130.0000,7013,2427.7391,0.0000,342,1000,1000,1,991.8893
70140.0000,7014,2427.7270,0.0000,345,1000,1000,1,991.8904
70150.0000,7015,2427.7154,0.0000,347,1000,1000,1,991.8916
70160.0000,7016,2427.7039,0.0000,346,1000,1000,1,991.8927
70170.0000,7017,2427.6920,0.0000,344,1000,1000,1,991.8939
70180.0000,7018,2427.6796,0.0000,341,1000,1000,1,991.8951
70190.0000,7019,2427.6670,0.0000,336,1000,1000,1,991.8962
70200.0000,7020,2427.6541,0.0000,340,1000,1000,1,991.8974
70210.0000,7021,2427.6414,0.0000,344,1000,1000,1,991.8985
70220.0000,7022,2427.6293,0.0000,343,1000,1000,1,991.8997
70230.0000,7023,2427.6165,0.0000,335,1000,1000,1,991.9008
70240.0000,7024,2427.6033,0.0000,334,1000,1000,1,991.9020
70250.0000,7025,2427.5898,0.0000,333,1000,1000,1,991.9031
70260.0000,7026,2427.5765,0.0000,339,1000,1000,1,991.9043
70270.0000,7027,2427.5642,0.0000,341,1000,1000,1,991.9054
70280.0000,7028,2427.5510,0.0000,330,1000,1000,1,991.9066
70290.0000,7029,2427.5375,0.0000,336,1000,1000,1,991.9077
70300.0000,7030,2427.5243,0.0000,338,1000,1000,1,991.9089
70310.0000,7031,2427.5116,0.0000,342,1000,1000,1,991.9100
70320.0000,7032,2427.4990,0.0000,333,1000,1000,1,991.9112
70330.0000,7033,2427.4854,0.0000,330,1000,1000,1,991.9123
70340.0000,7034,2427.4720,0.0000,336,1000,1000,1,991.9135
70350.0000,7035,2427.4589,0.0000,336,1000,1000,1,991.9146
70360.0000,7036,2427.4457,0.0000,335,1000,1000,1,991.9158
70370.0000,7037,2427.4327,0.0000,333,1000,1000,1,991.9169
70380.0000,7038,2427.4194,0.0000,331,1000,1000,1,991.9181
70390.0000,7039,2427.4056,0.0000,332,1000,1000,1,991.9192
70400.0000,7040,2427.3922,0.0000,335,1000,1000,1,991.9204
70410.0000,7041,2427.3798,0.0000,341,1000,1000,1,991.9215
70420.0000,7042,2427.3670,0.0000,335,1000,1000,1,991.9227
70430.0000,7043,2427.3534,0.0000,329,1000,1000,1,991.9238
70440.0000,7044,2427.3396,0.0000,334,1000,1000,1,991.9250
70450.0000,7045,2427.3265,0.0000,335,1000,1000,1,991.9261
70460.0000,7046,2427.3134,0.0000,336,1000,1000,1,991.9273
70470.0000,7047,2427.2999,0.0000,333,1000,1000,1,991.9284
70480.0000,7048,2427.2864,0.0000,331,1000,1000,1,991.9296
70490.0000,7049,2427.2724,0.0000,328,1000,1000,1,991.9307
70500.0000,7050,2427.2581,0.0000,324,1000,1000,1,991.9318
70510.0000,7051,2427.2437,0.0000,327,1000,1000,1,991.9330
70520.0000,7052,2427.2297,0.0000,328,1000,1000,1,991.9341
70530.0000,7053,2427.2156,0.0000,328,1000,1000,1,991.9353
70540.0000,7054,2427.2013,0.0000,323,1000,1000,1,991.9364
70550.0000,7055,2427.1858,0.0000,314,1000,1000,1,991.9376
70560.0000,7056,2427.1697,0.0000,314,1000,1000,1,991.9387
70570.0000,7057,2427.1527,0.0000,305,1000,1000,1,991.9399
70580.0000,7058,2427.1356,0.0000,309,1000,1000,1,991.9410
70590.0000,7059,2427.1184,0.0000,304,1000,1000,1,991.9421
70600.0000,7060,2427.1008,0.0000,302,1000,1000,1,991.9433
70610.0000,7061,2427.0832,0.0000,304,1000,1000,1,991.9444
70620.0000,7062,2427.0658,0.0000,306,1000,1000,1,991.9456
70630.0000,7063,2427.0484,0.0000,300,1000,1000,1,991.9467
70640.0000,7064,2427.0301,0.0000,295,1000,1000,1,991.9478
70650.0000,7065,2427.0114,0.0000,294,1000,1000,1,991.9490
70660.0000,7066,2426.9923,0.0000,290,1000,1000,1,991.9501
70670.0000,7067,2426.9727,0.0000,287,1000,1000,1,991.9513
70680.0000,7068,2426.9531,0.0000,289,1000,1000,1,991.9524
70690.0000,7069,2426.9335,0.0000,288,1000,1000,1,991.9535
70700.0000,7070,2426.9133,0.0000,281,1000,1000,1,991.9547
70710.0000,7071,2426.8920,0.0000,275,1000,1000,1,991.9558
70720.0000,7072,2426.8703,0.0000,272,1000,1000,1,991.9569
70730.0000,7073,2426.8488,0.0000,274,1000,1000,1,991.9581
70740.0000,7074,2426.8267,0.0000,268,1000,1000,1,991.9592
70750.0000,7075,2426.8039,0.0000,266,1000,1000,1,991.9604
70760.0000,7076,2426.7813,0.0000,267,1000,1000,1,991.9615
70770.0000,7077,2426.7585,0.0000,264,1000,1000,1,991.9626
70780.0000,7078,2426.7360,0.0000,261,1000,1000,1,991.9638
70790.0000,7079,2426.7123,0.0000,256,1000,1000,1,991.9649
70800.0000,7080,2426.6889,0.0000,267,1000,1000,1,991.9660
70810.0000,7081,2426.6666,0.0000,271,1000,1000,1,991.9672
70820.0000,7082,2426.6449,0.0000,272,1000,1000,1,991.9683
70830.0000,7083,2426.6228,0.0000,267,1000,1000,1,991.9694
70840.0000,7084,2426.6003,0.0000,266,1000,1000,1,991.9706
70850.0000,7085,2426.5772,0.0000,261,1000,1000,1,991.9717
70860.0000,7086,2426.5539,0.0000,263,1000,1000,1,991.9728
70870.0000,7087,2426.5310,0.0000,265,1000,1000,1,991.9740
70880.0000,7088,2426.5088,0.0000,268,1000,1000,1,991.9751
70890.0000,7089,2426.4865,0.0000,270,1000,1000,1,991.9762
70900.0000,7090,2426.4642,0.0000,271,1000,1000,1,991.9774
70910.0000,7091,2426.4430,0.0000,278,1000,1000,1,991.9785
70920.0000,7092,2426.4216,0.0000,272,1000,1000,1,991.9796
70930.0000,7093,2426.4003,0.0000,276,1000,1000,1,991.9808
70940.0000,7094,2426.3792,0.0000,278,1000,1000,1,991.9819
70950.0000,7095,2426.3582,0.0000,277,1000,1000,1,991.9830
70960.0000,7096,2426.3372,0.0000,275,1000,1000,1,991.9841
70970.0000,7097,2426.3153,0.0000,271,1000,1000,1,991.9853
70980.0000,7098,2426.2930,0.0000,264,1000,1000,1,991.9864
70990.0000,7099,2426.2701,0.0000,268,1000,1000,1,991.9875
71000.0000,7100,2426.2476,0.0000,268,1000,1000,1,991.9887
71010.0000,7101,2426.2251,0.0000,270,1000,1000,1,991.9898
71020.0000,7102,2426.2026,0.0000,264,1000,1000,1,991.9909
71030.0000,7103,2426.1797,0.0000,265,1000,1000,1,991.9920
71040.0000,7104,2426.1571,0.0000,268,1000,1000,1,991.9932
71050.0000,7105,2426.1349,0.0000,270,1000,1000,1,991.9943
71060.0000,7106,2426.1127,0.0000,263,1000,1000,1,991.9954
71070.0000,7107,2426.0904,0.0000,272,1000,1000,1,991.9966
71080.0000,7108,2426.0687,0.0000,272,1000,1000,1,991.9977
71090.0000,7109,2426.0466,0.0000,270,1000,1000,1,991.9988
71100.0000,7110,2426.0242,0.0000,267,1000,1000,1,991.9999
71110.0000,7111,2426.0019,0.0000,266,1000,1000,1,992.0011
71120.0000,7112,2425.9794,0.0000,269,1000,1000,1,992.0022
71130.0000,7113,2425.9571,0.0000,265,1000,1000,1,992.0033
71140.0000,7114,2425.9343,0.0000,262,1000,1000,1,992.0044
71150.0000,7115,2425.9117,0.0000,266,1000,1000,1,992.0056
71160.0000,7116,2425.8888,0.0000,261,1000,1000,1,992.0067
71170.0000,7117,2425.8649,0.0000,254,1000,1000,1,992.0078
71180.0000,7118,2425.8404,0.0000,249,1000,1000,1,992.0089
71190.0000,7119,2425.8153,0.0000,247,1000,1000,1,992.0100
71200.0000,7120,2425.7903,0.0000,246,1000,1000,1,992.0112
71210.0000,7121,2425.7651,0.0000,249,1000,1000,1,992.0123
71220.0000,7122,2425.7400,0.0000,249,1000,1000,1,992.0134
71230.0000,7123,2425.7155,0.0000,252,1000,1000,1,992.0145
71240.0000,7124,2425.6908,0.0000,245,1000,1000,1,992.0157
71250.0000,7125,2425.6651,0.0000,240,1000,1000,1,992.0168
71260.0000,7126,2425.6386,0.0000,236,1000,1000,1,992.0179
71270.0000,7127,2425.6117,0.0000,229,1000,1000,1,992.0190
71280.0000,7128,2425.5840,0.0000,226,1000,1000,1,992.0201
71290.0000,7129,2425.5566,0.0000,231,1000,1000,1,992.0213
71300.0000,7130,2425.5293,0.0000,231,1000,1000,1,992.0224
71310.0000,7131,2425.5019,0.0000,229,1000,1000,1,992.0235
71320.0000,7132,2425.4743,0.0000,232,1000,1000,1,992.0246
71330.0000,7133,2425.4474,0.0000,235,1000,1000,1,992.0257
71340.0000,7134,2425.4205,0.0000,232,1000,1000,1,992.0268
71350.0000,7135,2425.3934,0.0000,228,1000,1000,1,992.0280
71360.0000,7136,2425.3658,0.0000,228,1000,1000,1,992.0291
71370.0000,7137,2425.3379,0.0000,226,1000,1000,1,992.0302
71380.0000,7138,2425.3090,0.0000,212,1000,1000,1,992.0313
71390.0000,7139,2425.2796,0.0000,218,1000,1000,1,992.0324
71400.0000,7140,2425.2507,0.0000,220,1000,1000,1,992.0335
71410.0000,7141,2425.2221,0.0000,217,1000,1000,1,992.0347
71420.0000,7142,2425.1924,0.0000,209,1000,1000,1,992.0358
71430.0000,7143,2425.1616,0.0000,201,1000,1000,1,992.0369
71440.0000,7144,2425.1304,0.0000,201,1000,1000,1,992.0380
71450.0000,7145,2425.0983,0.0000,195,1000,1000,1,992.0391
71460.0000,7146,2425.0657,0.0000,192,1000,1000,1,992.0402
71470.0000,7147,2425.0327,0.0000,186,1000,1000,1,992.0413
71480.0000,7148,2424.9991,0.0000,186,1000,1000,1,992.0425
71490.0000,7149,2424.9656,0.0000,185,1000,1000,1,992.0436
71500.0000,7150,2424.9318,0.0000,181,1000,1000,1,992.0447
71510.0000,7151,2424.8974,0.0000,180,1000,1000,1,992.0458
71520.0000,7152,2424.8632,0.0000,178,1000,1000,1,992.0469
71530.0000,7153,2424.8289,0.0000,178,1000,1000,1,992.0480
71540.0000,7154,2424.7939,0.0000,174,1000,1000,1,992.0491
71550.0000,7155,2424.7590,0.0000,177,1000,1000,1,992.0502
71560.0000,7156,2424.7253,0.0000,188,1000,1000,1,992.0514
71570.0000,7157,2424.6925,0.0000,188,1000,1000,1,992.0525
71580.0000,7158,2424.6592,0.0000,190,1000,1000,1,992.0536
71590.0000,7159,2424.6266,0.0000,189,1000,1000,1,992.0547
71600.0000,7160,2424.5936,0.0000,188,1000,1000,1,992.0558
71610.0000,7161,2424.5606,0.0000,186,1000,1000,1,992.0569
71620.0000,7162,2424.5273,0.0000,187,1000,1000,1,992.0580
71630.0000,7163,2424.4941,0.0000,183,1000,1000,1,992.0591
71640.0000,7164,2424.4606,0.0000,184,1000,1000,1,992.0602
71650.0000,7165,2424.4272,0.0000,184,1000,1000,1,992.0613
71660.0000,7166,2424.3932,0.0000,178,1000,1000,1,992.0625
71670.0000,7167,2424.3591,0.0000,181,1000,1000,1,992.0636
71680.0000,7168,2424.3253,0.0000,183,1000,1000,1,992.0647
71690.0000,7169,2424.2922,0.0000,190,1000,1000,1,992.0658
71700.0000,7170,2424.2587,0.0000,180,1000,1000,1,992.0669
71710.0000,7171,2424.2250,0.0000,185,1000,1000,1,992.0680
71720.0000,7172,2424.1910,0.0000,179,1000,1000,1,992.0691
71730.0000,7173,2424.1568,0.0000,178,1000,1000,1,992.0702
71740.0000,7174,2424.1221,0.0000,177,1000,1000,1,992.0713
71750.0000,7175,2424.0877,0.0000,177,1000,1000,1,992.0724
71760.0000,7176,2424.0530,0.0000,171,1000,1000,1,992.0735
71770.0000,7177,2424.0174,0.0000,166,1000,1000,1,992.0746
71780.0000,7178,2423.9813,0.0000,166,1000,1000,1,992.0757
71790.0000,7179,2423.9457,0.0000,169,1000,1000,1,992.0768
71800.0000,7180,2423.9109,0.0000,178,1000,1000,1,992.0779
71810.0000,7181,2423.8774,0.0000,187,1000,1000,1,992.0790
71820.0000,7182,2423.8442,0.0000,182,1000,1000,1,992.0801
71830.0000,7183,2423.8100,0.0000,178,1000,1000,1,992.0812
71840.0000,7184,2423.7761,0.0000,181,1000,1000,1,992.0823
71850.0000,7185,2423.7428,0.0000,186,1000,1000,1,992.0834
71860.0000,7186,2423.7101,0.0000,191,1000,1000,1,992.0845
71870.0000,7187,2423.6773,0.0000,185,1000,1000,1,992.0856
71880.0000,7188,2423.6441,0.0000,189,1000,1000,1,992.0867
71890.0000,7189,2423.6115,0.0000,189,1000,1000,1,992.0878
71900.0000,7190,2423.5784,0.0000,184,1000,1000,1,992.0889
71910.0000,7191,2423.5446,0.0000,178,1000,1000,1,992.0900
71920.0000,7192,2423.5109,0.0000,181,1000,1000,1,992.0911
71930.0000,7193,2423.4768,0.0000,177,1000,1000,1,992.0922
71940.0000,7194,2423.4426,0.0000,178,1000,1000,1,992.0933
71950.0000,7195,2423.4087,0.0000,180,1000,1000,1,992.0944
71960.0000,7196,2423.3742,0.0000,173,1000,1000,1,992.0955
71970.0000,7197,2423.3396,0.0000,172,1000,1000,1,992.0966
71980.0000,7198,2423.3050,0.0000,173,1000,1000,1,992.0977
71990.0000,7199,2423.2705,0.0000,176,1000,1000,1,992.0988
72000.0000,7200,2423.2366,0.0000,182,1000,1000,1,992.0999
72010.0000,7201,2423.2026,0.0000,175,1000,1000,1,992.1010
72020.0000,7202,2423.1683,0.0000,179,1000,1000,1,992.1021
72030.0000,7203,2423.1348,0.0000,183,1000,1000,1,992.1032
72040.0000,7204,2423.1014,0.0000,184,1000,1000,1,992.1043
72050.0000,7205,2423.0684,0.0000,187,1000,1000,1,992.1054
72060.0000,7206,2423.0352,0.0000,183,1000,1000,1,992.1065
72070.0000,7207,2423.0012,0.0000,176,1000,1000,1,992.1076
72080.0000,7208,2422.9665,0.0000,170,1000,1000,1,992.1087
72090.0000,7209,2422.9308,0.0000,159,1000,1000,1,992.1098
72100.0000,7210,2422.8945,0.0000,164,1000,1000,1,992.1109
72110.0000,7211,2422.8586,0.0000,163,1000,1000,1,992.1120
72120.0000,7212,2422.8228,0.0000,163,1000,1000,1,992.1131
72130.0000,7213,2422.7869,0.0000,166,1000,1000,1,992.1142
72140.0000,7214,2422.7512,0.0000,164,1000,1000,1,992.1153
72150.0000,7215,2422.7150,0.0000,161,1000,1000,1,992.1164
72160.0000,7216,2422.6788,0.0000,165,1000,1000,1,992.1175
72170.0000,7217,2422.6437,0.0000,169,1000,1000,1,992.1185
72180.0000,7218,2422.6088,0.0000,171,1000,1000,1,992.1196
72190.0000,7219,2422.5743,0.0000,171,1000,1000,1,992.1207
72200.0000,7220,2422.5394,0.0000,171,1000,1000,1,992.1218
72210.0000,7221,2422.5048,0.0000,175,1000,1000,1,992.1229
72220.0000,7222,2422.4705,0.0000,180,1000,1000,1,992.1240
72230.0000,7223,2422.4375,0.0000,186,1000,1000,1,992.1251
72240.0000,7224,2422.4050,0.0000,189,1000,1000,1,992.1262
72250.0000,7225,2422.3722,0.0000,182,1000,1000,1,992.1273
72260.0000,7226,2422.3392,0.0000,186,1000,1000,1,992.1284
72270.0000,7227,2422.3060,0.0000,183,1000,1000,1,992.1294
72280.0000,7228,2422.2724,0.0000,175,1000,1000,1,992.1305
72290.0000,7229,2422.2389,0.0000,185,1000,1000,1,992.1316
72300.0000,7230,2422.2061,0.0000,185,1000,1000,1,992.1327
72310.0000,7231,2422.1735,0.0000,192,1000,1000,1,992.1338
72320.0000,7232,2422.1415,0.0000,193,1000,1000,1,992.1349
72330.0000,7233,2422.1101,0.0000,198,1000,1000,1,992.1360
72340.0000,7234,2422.0793,0.0000,199,1000,1000,1,992.1371
72350.0000,7235,2422.0483,0.0000,200,1000,1000,1,992.1382
72360.0000,7236,2422.0177,0.0000,196,1000,1000,1,992.1392
72370.0000,7237,2421.9857,0.0000,190,1000,1000,1,992.1403
72380.0000,7238,2421.9533,0.0000,186,1000,1000,1,992.1414
72390.0000,7239,2421.9205,0.0000,180,1000,1000,1,992.1425
72400.0000,7240,2421.8874,0.0000,179,1000,1000,1,992.1436
72410.0000,7241,2421.8538,0.0000,179,1000,1000,1,992.1447
72420.0000,7242,2421.8201,0.0000,175,1000,1000,1,992.1458
72430.0000,7243,2421.7866,0.0000,183,1000,1000,1,992.1468
72440.0000,7244,2421.7538,0.0000,188,1000,1000,1,992.1479
72450.0000,7245,2421.7219,0.0000,188,1000,1000,1,992.1490
72460.0000,7246,2421.6894,0.0000,183,1000,1000,1,992.1501
72470.0000,7247,2421.6562,0.0000,181,1000,1000,1,992.1512
72480.0000,7248,2421.6223,0.0000,176,1000,1000,1,992.1523
72490.0000,7249,2421.5885,0.0000,178,1000,1000,1,992.1533
72500.0000,7250,2421.5548,0.0000,176,1000,1000,1,992.1544
72510.0000,7251,2421.5205,0.0000,173,1000,1000,1,992.1555
72520.0000,7252,2421.4857,0.0000,167,1000,1000,1,992.1566
72530.0000,7253,2421.4508,0.0000,170,1000,1000,1,992.1577
72540.0000,7254,2421.4161,0.0000,171,1000,1000,1,992.1587
72550.0000,7255,2421.3817,0.0000,169,1000,1000,1,992.1598
72560.0000,7256,2421.3466,0.0000,166,1000,1000,1,992.1609
72570.0000,7257,2421.3115,0.0000,167,1000,1000,1,992.1620
72580.0000,7258,2421.2763,0.0000,165,1000,1000,1,992.1631
72590.0000,7259,2421.2404,0.0000,160,1000,1000,1,992.1641
72600.0000,7260,2421.2045,0.0000,160,1000,1000,1,992.1652
72610.0000,7261,2421.1684,0.0000,161,1000,1000,1,992.1663
72620.0000,7262,2421.1322,0.0000,159,1000,1000,1,992.1674
72630.0000,7263,2421.0963,0.0000,160,1000,1000,1,992.1685
72640.0000,7264,2421.0603,0.0000,158,1000,1000,1,992.1695
72650.0000,7265,2421.0243,0.0000,158,1000,1000,1,992.1706
72660.0000,7266,2420.9885,0.0000,163,1000,1000,1,992.1717
72670.0000,7267,2420.9525,0.0000,157,1000,1000,1,992.1728
72680.0000,7268,2420.9163,0.0000,157,1000,1000,1,992.1738
72690.0000,7269,2420.8800,0.0000,155,1000,1000,1,992.1749
72700.0000,7270,2420.8434,0.0000,155,1000,1000,1,992.1760
72710.0000,7271,2420.8067,0.0000,153,1000,1000,1,992.1771
72720.0000,7272,2420.7702,0.0000,158,1000,1000,1,992.1782
72730.0000,7273,2420.7336,0.0000,153,1000,1000,1,992.1792
72740.0000,7274,2420.6964,0.0000,148,1000,1000,1,992.1803
72750.0000,7275,2420.6583,0.0000,141,1000,1000,1,992.1814
72760.0000,7276,2420.6198,0.0000,139,1000,1000,1,992.1825
72770.0000,7277,2420.5815,0.0000,139,1000,1000,1,992.1835
72780.0000,7278,2420.5426,0.0000,135,1000,1000,1,992.1846
72790.0000,7279,2420.5032,0.0000,135,1000,1000,1,992.1857
72800.0000,7280,2420.4642,0.0000,135,1000,1000,1,992.1867
72810.0000,7281,2420.4250,0.0000,134,1000,1000,1,992.1878
72820.0000,7282,2420.3849,0.0000,123,1000,1000,1,992.1889
72830.0000,7283,2420.3438,0.0000,120,1000,1000,1,992.1900
72840.0000,7284,2420.3024,0.0000,119,1000,1000,1,992.1910
72850.0000,7285,2420.2613,0.0000,121,1000,1000,1,992.1921
72860.0000,7286,2420.2204,0.0000,123,1000,1000,1,992.1932
72870.0000,7287,2420.1796,0.0000,126,1000,1000,1,992.1943
72880.0000,7288,2420.1389,0.0000,124,1000,1000,1,992.1953
72890.0000,7289,2420.0984,0.0000,125,1000,1000,1,992.1964
72900.0000,7290,2420.0575,0.0000,120,1000,1000,1,992.1975
72910.0000,7291,2420.0161,0.0000,119,1000,1000,1,992.1985
72920.0000,7292,2419.9751,0.0000,118,1000,1000,1,992.1996
72930.0000,7293,2419.9337,0.0000,116,1000,1000,1,992.2007
72940.0000,7294,2419.8921,0.0000,117,1000,1000,1,992.2017
72950.0000,7295,2419.8503,0.0000,109,1000,1000,1,992.2028
72960.0000,7296,2419.8078,0.0000,113,1000,1000,1,992.2039
72970.0000,7297,2419.7659,0.0000,114,1000,1000,1,992.2050
72980.0000,7298,2419.7238,0.0000,110,1000,1000,1,992.2060
72990.0000,7299,2419.6807,0.0000,101,1000,1000,1,992.2071
73000.0000,7300,2419.6373,0.0000,103,1000,1000,1,992.2082
73010.0000,7301,2419.5944,0.0000,111,1000,1000,1,992.2092
73020.0000,7302,2419.5523,0.0000,116,1000,1000,1,992.2103
73030.0000,7303,2419.5103,0.0000,112,1000,1000,1,992.2114
73040.0000,7304,2419.4679,0.0000,112,1000,1000,1,992.2124
73050.0000,7305,2419.4261,0.0000,114,1000,1000,1,992.2135
73060.0000,7306,2419.3840,0.0000,111,1000,1000,1,992.2146
73070.0000,7307,2419.3416,0.0000,113,1000,1000,1,992.2156
73080.0000,7308,2419.2992,0.0000,110,1000,1000,1,992.2167
73090.0000,7309,2419.2570,0.0000,111,1000,1000,1,992.2177
73100.0000,7310,2419.2152,0.0000,118,1000,1000,1,992.2188
73110.0000,7311,2419.1737,0.0000,115,1000,1000,1,992.2199
73120.0000,7312,2419.1320,0.0000,113,1000,1000,1,992.2209
73130.0000,7313,2419.0899,0.0000,108,1000,1000,1,992.2220
73140.0000,7314,2419.0472,0.0000,108,1000,1000,1,992.2231
73150.0000,7315,2419.0045,0.0000,104,1000,1000,1,992.2241
73160.0000,7316,2418.9608,0.0000,100,1000,1000,1,992.2252
73170.0000,7317,2418.9174,0.0000,102,1000,1000,1,992.2263
73180.0000,7318,2418.8741,0.0000,99,1000,1000,1,992.2273
73190.0000,7319,2418.8303,0.0000,104,1000,1000,1,992.2284
73200.0000,7320,2418.7873,0.0000,105,1000,1000,1,992.2294
73210.0000,7321,2418.7448,0.0000,109,1000,1000,1,992.2305
73220.0000,7322,2418.7027,0.0000,116,1000,1000,1,992.2316
73230.0000,7323,2418.6612,0.0000,113,1000,1000,1,992.2326
73240.0000,7324,2418.6192,0.0000,112,1000,1000,1,992.2337
73250.0000,7325,2418.5771,0.0000,109,1000,1000,1,992.2347
73260.0000,7326,2418.5354,0.0000,112,1000,1000,1,992.2358
73270.0000,7327,2418.4934,0.0000,111,1000,1000,1,992.2369
73280.0000,7328,2418.4513,0.0000,109,1000,1000,1,992.2379
73290.0000,7329,2418.4088,0.0000,104,1000,1000,1,992.2390
73300.0000,7330,2418.3658,0.0000,100,1000,1000,1,992.2400
73310.0000,7331,2418.3222,0.0000,100,1000,1000,1,992.2411
73320.0000,7332,2418.2784,0.0000,95,1000,1000,1,992.2422
73330.0000,7333,2418.2341,0.0000,91,1000,1000,1,992.2432
73340.0000,7334,2418.1897,0.0000,90,1000,1000,1,992.2443
73350.0000,7335,2418.1448,0.0000,87,1000,1000,1,992.2453
73360.0000,7336,2418.0995,0.0000,87,1000,1000,1,992.2464
73370.0000,7337,2418.0546,0.0000,86,1000,1000,1,992.2474
73380.0000,7338,2418.0091,0.0000,79,1000,1000,1,992.2485
73390.0000,7339,2417.9626,0.0000,76,1000,1000,1,992.2496
73400.0000,7340,2417.9159,0.0000,76,1000,1000,1,992.2506
73410.0000,7341,2417.8690,0.0000,72,1000,1000,1,992.2517
73420.0000,7342,2417.8218,0.0000,70,1000,1000,1,992.2527
73430.0000,7343,2417.7740,0.0000,66,1000,1000,1,992.2538
73440.0000,7344,2417.7260,0.0000,64,1000,1000,1,992.2548
73450.0000,7345,2417.6776,0.0000,58,1000,1000,1,992.2559
73460.0000,7346,2417.6282,0.0000,51,1000,1000,1,992.2569
73470.0000,7347,2417.5776,0.0000,44,1000,1000,1,992.2580
73480.0000,7348,2417.5273,0.0000,54,1000,1000,1,992.2591
73490.0000,7349,2417.4784,0.0000,61,1000,1000,1,992.2601
73500.0000,7350,2417.4297,0.0000,57,1000,1000,1,992.2612
73510.0000,7351,2417.3807,0.0000,57,1000,1000,1,992.2622
73520.0000,7352,2417.3321,0.0000,63,1000,1000,1,992.2633
73530.0000,7353,2417.2838,0.0000,64,1000,1000,1,992.2643
73540.0000,7354,2417.2357,0.0000,63,1000,1000,1,992.2654
73550.0000,7355,2417.1876,0.0000,63,1000,1000,1,992.2664
73560.0000,7356,2417.1398,0.0000,71,1000,1000,1,992.2675
73570.0000,7357,2417.0931,0.0000,71,1000,1000,1,992.2685
73580.0000,7358,2417.0463,0.0000,73,1000,1000,1,992.2696
73590.0000,7359,2417.0001,0.0000,78,1000,1000,1,992.2706
73600.0000,7360,2416.9537,0.0000,71,1000,1000,1,992.2717
73610.0000,7361,2416.9072,0.0000,76,1000,1000,1,992.2727
73620.0000,7362,2416.8612,0.0000,81,1000,1000,1,992.2738
73630.0000,7363,2416.8153,0.0000,78,1000,1000,1,992.2748
73640.0000,7364,2416.7693,0.0000,77,1000,1000,1,992.2759
73650.0000,7365,2416.7227,0.0000,72,1000,1000,1,992.2769
73660.0000,7366,2416.6757,0.0000,73,1000,1000,1,992.2780
73670.0000,7367,2416.6290,0.0000,71,1000,1000,1,992.2790
73680.0000,7368,2416.5814,0.0000,64,1000,1000,1,992.2801
73690.0000,7369,2416.5335,0.0000,67,1000,1000,1,992.2811
73700.0000,7370,2416.4860,0.0000,66,1000,1000,1,992.2822
73710.0000,7371,2416.4387,0.0000,69,1000,1000,1,992.2832
73720.0000,7372,2416.3915,0.0000,69,1000,1000,1,992.2843
73730.0000,7373,2416.3440,0.0000,68,1000,1000,1,992.2853
73740.0000,7374,2416.2964,0.0000,64,1000,1000,1,992.2863
73750.0000,7375,2416.2489,0.0000,67,1000,1000,1,992.2874
73760.0000,7376,2416.2014,0.0000,62,1000,1000,1,992.2884
73770.0000,7377,2416.1535,0.0000,63,1000,1000,1,992.2895
73780.0000,7378,2416.1064,0.0000,74,1000,1000,1,992.2905
73790.0000,7379,2416.0605,0.0000,80,1000,1000,1,992.2916
73800.0000,7380,2416.0144,0.0000,72,1000,1000,1,992.2926
73810.0000,7381,2415.9684,0.0000,76,1000,1000,1,992.2937
73820.0000,7382,2415.9229,0.0000,83,1000,1000,1,992.2947
73830.0000,7383,2415.8779,0.0000,85,1000,1000,1,992.2958
73840.0000,7384,2415.8327,0.0000,80,1000,1000,1,992.2968
73850.0000,7385,2415.7871,0.0000,76,1000,1000,1,992.2978
73860.0000,7386,2415.7407,0.0000,72,1000,1000,1,992.2989
73870.0000,7387,2415.6953,0.0000,85,1000,1000,1,992.2999
73880.0000,7388,2415.6515,0.0000,93,1000,1000,1,992.3010
73890.0000,7389,2415.6082,0.0000,96,1000,1000,1,992.3020
73900.0000,7390,2415.5653,0.0000,104,1000,1000,1,992.3030
73910.0000,7391,2415.5229,0.0000,99,1000,1000,1,992.3041
73920.0000,7392,2415.4801,0.0000,100,1000,1000,1,992.3051
73930.0000,7393,2415.4372,0.0000,95,1000,1000,1,992.3062
73940.0000,7394,2415.3939,0.0000,94,1000,1000,1,992.3072
73950.0000,7395,2415.3506,0.0000,96,1000,1000,1,992.3083
73960.0000,7396,2415.3078,0.0000,98,1000,1000,1,992.3093
73970.0000,7397,2415.2648,0.0000,93,1000,1000,1,992.3103
73980.0000,7398,2415.2208,0.0000,84,1000,1000,1,992.3114
73990.0000,7399,2415.1752,0.0000,77,1000,1000,1,992.3124
74000.0000,7400,2415.1295,0.0000,75,1000,1000,1,992.3134
74010.0000,7401,2415.0833,0.0000,71,1000,1000,1,992.3145
74020.0000,7402,2415.0371,0.0000,73,1000,1000,1,992.3155
74030.0000,7403,2414.9908,0.0000,71,1000,1000,1,992.3166
74040.0000,7404,2414.9442,0.0000,75,1000,1000,1,992.3176
74050.0000,7405,2414.8981,0.0000,70,1000,1000,1,992.3186
74060.0000,7406,2414.8521,0.0000,76,1000,1000,1,992.3197
74070.0000,7407,2414.8065,0.0000,79,1000,1000,1,992.3207
74080.0000,7408,2414.7607,0.0000,76,1000,1000,1,992.3218
74090.0000,7409,2414.7150,0.0000,73,1000,1000,1,992.3228
74100.0000,7410,2414.6689,0.0000,75,1000,1000,1,992.3238
74110.0000,7411,2414.6232,0.0000,75,1000,1000,1,992.3249
74120.0000,7412,2414.5769,0.0000,71,1000,1000,1,992.3259
74130.0000,7413,2414.5307,0.0000,72,1000,1000,1,992.3269
74140.0000,7414,2414.4836,0.0000,65,1000,1000,1,992.3280
74150.0000,7415,2414.4365,0.0000,65,1000,1000,1,992.3290
74160.0000,7416,2414.3896,0.0000,70,1000,1000,1,992.3300
74170.0000,7417,2414.3433,0.0000,67,1000,1000,1,992.3311
74180.0000,7418,2414.2966,0.0000,67,1000,1000,1,992.3321
74190.0000,7419,2414.2498,0.0000,67,1000,1000,1,992.3331
74200.0000,7420,2414.2030,0.0000,68,1000,1000,1,992.3342
74210.0000,7421,2414.1563,0.0000,76,1000,995,1,992.3352
74220.0000,7422,2414.1105,0.0000,87,1000,995,1,992.3362
74230.0000,7423,2414.0658,0.0000,97,1000,994,1,992.3373
74240.0000,7424,2414.0222,0.0000,103,1000,986,1,992.3383
74250.0000,7425,2413.9799,0.0000,113,1000,992,1,992.3393
74260.0000,7426,2413.9386,0.0000,123,1000,987,1,992.3404
74270.0000,7427,2413.8982,0.0000,134,1000,989,1,992.3414
74280.0000,7428,2413.8593,0.0000,144,1000,984,1,992.3424
74290.0000,7429,2413.8216,0.0000,152,1000,985,1,992.3435
74300.0000,7430,2413.7841,0.0000,161,1000,976,1,992.3445
74310.0000,7431,2413.7474,0.0000,168,1000,982,1,992.3455
74320.0000,7432,2413.7123,0.0000,176,1000,976,1,992.3465
74330.0000,7433,2413.6781,0.0000,191,1000,976,1,992.3476
74340.0000,7434,2413.6457,0.0000,201,1000,971,1,992.3486
74350.0000,7435,2413.6141,0.0000,208,1000,979,1,992.3496
74360.0000,7436,2413.5841,0.0000,223,1000,975,1,992.3507
74370.0000,7437,2413.5560,0.0000,234,1000,973,1,992.3517
74380.0000,7438,2413.5284,0.0000,245,1000,969,1,992.3527
74390.0000,7439,2413.5025,0.0000,260,1000,969,1,992.3537
74400.0000,7440,2413.4776,0.0000,266,1000,962,1,992.3548
74410.0000,7441,2413.4532,0.0000,278,1000,962,1,992.3558
74420.0000,7442,2413.4302,0.0000,286,1000,963,1,992.3568
74430.0000,7443,2413.4089,0.0000,297,1000,965,1,992.3579
74440.0000,7444,2413.3895,0.0000,303,1000,969,1,992.3589
74450.0000,7445,2413.3717,0.0000,309,1000,979,1,992.3599
74460.0000,7446,2413.3554,0.0000,318,1000,976,1,992.3609
74470.0000,7447,2413.3403,0.0000,331,1000,976,1,992.3620
74480.0000,7448,2413.3274,0.0000,347,1000,980,1,992.3630
74490.0000,7449,2413.3160,0.0000,354,1000,979,1,992.3640
74500.0000,7450,2413.3056,0.0000,367,1000,973,1,992.3650
74510.0000,7451,2413.2957,0.0000,374,1000,967,1,992.3661
74520.0000,7452,2413.2862,0.0000,385,1000,960,1,992.3671
74530.0000,7453,2413.2780,0.0000,395,1000,963,1,992.3681
74540.0000,7454,2413.2708,0.0000,402,1000,962,1,992.3691
74550.0000,7455,2413.2645,0.0000,413,1000,958,1,992.3702
74560.0000,7456,2413.2590,0.0000,423,1000,950,1,992.3712
74570.0000,7457,2413.2541,0.0000,433,1000,946,1,992.3722
74580.0000,7458,2413.2505,0.0000,442,1000,952,1,992.3732
74590.0000,7459,2413.2479,0.0000,452,1000,946,1,992.3742
74600.0000,7460,2413.2461,0.0000,463,1000,943,1,992.3753
74610.0000,7461,2413.2455,0.0000,471,1000,941,1,992.3763
74620.0000,7462,2413.2454,0.0000,478,1000,936,1,992.3773
74630.0000,7463,2413.2464,0.0000,492,1000,930,1,992.3783
74640.0000,7464,2413.2479,0.0000,502,1000,927,1,992.3794
74650.0000,7465,2413.2514,0.0000,516,1000,929,1,992.3804
74660.0000,7466,2413.2561,0.0000,520,1000,931,1,992.3814
74670.0000,7467,2413.2614,0.0000,526,1000,929,1,992.3824
74680.0000,7468,2413.2678,0.0000,532,1000,933,1,992.3834
74690.0000,7469,2413.2757,0.0000,545,1000,934,1,992.3845
74700.0000,7470,2413.2855,0.0000,553,1000,938,1,992.3855
74710.0000,7471,2413.2965,0.0000,562,1000,938,1,992.3865
74720.0000,7472,2413.3084,0.0000,572,1000,930,1,992.3875
74730.0000,7473,2413.3206,0.0000,579,1000,926,1,992.3885
74740.0000,7474,2413.3330,0.0000,589,1000,919,1,992.3896
74750.0000,7475,2413.3456,0.0000,599,1000,910,1,992.3906
74760.0000,7476,2413.3583,0.0000,607,1000,903,1,992.3916
74770.0000,7477,2413.3718,0.0000,613,1000,902,1,992.3926
74780.0000,7478,2413.3855,0.0000,624,1000,894,1,992.3936
74790.0000,7479,2413.4001,0.0000,635,1000,896,1,992.3946
74800.0000,7480,2413.4164,0.0000,646,1000,899,1,992.3957
74810.0000,7481,2413.4346,0.0000,660,1000,895,1,992.3967
74820.0000,7482,2413.4538,0.0000,665,1000,892,1,992.3977
74830.0000,7483,2413.4734,0.0000,673,1000,892,1,992.3987
74840.0000,7484,2413.4941,0.0000,684,1000,887,1,992.3997
74850.0000,7485,2413.5156,0.0000,691,1000,885,1,992.4007
74860.0000,7486,2413.5383,0.0000,702,1000,889,1,992.4018
74870.0000,7487,2413.5627,0.0000,712,1000,889,1,992.4028
74880.0000,7488,2413.5883,0.0000,719,1000,893,1,992.4038
74890.0000,7489,2413.6154,0.0000,731,1000,890,1,992.4048
74900.0000,7490,2413.6439,0.0000,739,1000,893,1,992.4058
74910.0000,7491,2413.6735,0.0000,744,1000,891,1,992.4068
74920.0000,7492,2413.7035,0.0000,750,1000,893,1,992.4078
74930.0000,7493,2413.7345,0.0000,760,1000,888,1,992.4089
74940.0000,7494,2413.7667,0.0000,767,1000,891,1,992.4099
74950.0000,7495,2413.7995,0.0000,778,1000,882,1,992.4109
74960.0000,7496,2413.8328,0.0000,786,1000,884,1,992.4119
74970.0000,7497,2413.8671,0.0000,792,1000,884,1,992.4129
74980.0000,7498,2413.9024,0.0000,799,1000,880,1,992.4139
74990.0000,7499,2413.9387,0.0000,809,1000,879,1,992.4149
75000.0000,7500,2413.9761,0.0000,820,1000,884,1,992.4159
75010.0000,7501,2414.0159,0.0000,829,1000,882,1,992.4169
75020.0000,7502,2414.0559,0.0000,836,1000,886,1,992.4180
75030.0000,7503,2414.0974,0.0000,841,1000,885,1,992.4190
75040.0000,7504,2414.1395,0.0000,856,1000,880,1,992.4200
75050.0000,7505,2414.1829,0.0000,866,1000,880,1,992.4210
75060.0000,7506,2414.2277,0.0000,877,1000,877,1,992.4220
75070.0000,7507,2414.2734,0.0000,883,1000,875,1,992.4230
75080.0000,7508,2414.3200,0.0000,892,1000,875,1,992.4240
75090.0000,7509,2414.3676,0.0000,898,1000,873,1,992.4250
75100.0000,7510,2414.4161,0.0000,916,1000,875,1,992.4260
75110.0000,7511,2414.4674,0.0000,928,1000,880,1,992.4270
75120.0000,7512,2414.5200,0.0000,936,1000,873,1,992.4281
75130.0000,7513,2414.5733,0.0000,952,1000,873,1,992.4291
75140.0000,7514,2414.6287,0.0000,961,1000,873,1,992.4301
75150.0000,7515,2414.6861,0.0000,974,1000,881,1,992.4311
75160.0000,7516,2414.7451,0.0000,980,1000,876,1,992.4321
75170.0000,7517,2414.8045,0.0000,990,1000,878,1,992.4331
75180.0000,7518,2414.8648,0.0000,999,1000,872,1,992.4341
75190.0000,7519,2414.9256,0.0000,1000,1000,871,1,992.4351
75200.0000,7520,2414.9860,0.0000,1000,1000,868,1,992.4361
75210.0000,7521,2415.0464,0.0000,1000,1000,870,1,992.4371
75220.0000,7522,2415.1069,0.0000,1000,1000,870,1,992.4381
75230.0000,7523,2415.1674,0.0000,1000,1000,866,1,992.4391
75240.0000,7524,2415.2270,0.0000,1000,1000,861,1,992.4401
75250.0000,7525,2415.2860,0.0000,1000,1000,859,1,992.4411
75260.0000,7526,2415.3447,0.0000,1000,1000,855,1,992.4421
75270.0000,7527,2415.4033,0.0000,1000,1000,859,1,992.4431
75280.0000,7528,2415.4633,0.0000,1000,1000,872,1,992.4441
75290.0000,7529,2415.5238,0.0000,1000,1000,871,1,992.4451
75300.0000,7530,2415.5847,0.0000,1000,1000,876,1,992.4462
75310.0000,7531,2415.6455,0.0000,1000,1000,872,1,992.4472
75320.0000,7532,2415.7057,0.0000,1000,1000,867,1,992.4482
75330.0000,7533,2415.7656,0.0000,1000,1000,867,1,992.4492
75340.0000,7534,2415.8254,0.0000,1000,1000,863,1,992.4502
75350.0000,7535,2415.8847,0.0000,1000,1000,860,1,992.4512
75360.0000,7536,2415.9442,0.0000,1000,1000,869,1,992.4522
75370.0000,7537,2416.0040,0.0000,1000,1000,865,1,992.4532
75380.0000,7538,2416.0633,0.0000,1000,1000,863,1,992.4542
75390.0000,7539,2416.1225,0.0000,1000,1000,863,1,992.4552
75400.0000,7540,2416.1825,0.0000,1000,1000,870,1,992.4562
75410.0000,7541,2416.2428,0.0000,1000,1000,871,1,992.4572
75420.0000,7542,2416.3030,0.0000,1000,1000,869,1,992.4582
75430.0000,7543,2416.3629,0.0000,1000,1000,870,1,992.4592
75440.0000,7544,2416.4231,0.0000,1000,1000,874,1,992.4602
75450.0000,7545,2416.4840,0.0000,1000,1000,879,1,992.4612
75460.0000,7546,2416.5451,0.0000,1000,1000,876,1,992.4622
75470.0000,7547,2416.6055,0.0000,1000,1000,872,1,992.4632
75480.0000,7548,2416.6661,0.0000,1000,1000,876,1,992.4642
75490.0000,7549,2416.7271,0.0000,1000,1000,875,1,992.4652
75500.0000,7550,2416.7877,0.0000,1000,1000,873,1,992.4662
75510.0000,7551,2416.8486,0.0000,1000,1000,877,1,992.4672
75520.0000,7552,2416.9096,0.0000,1000,1000,875,1,992.4682
75530.0000,7553,2416.9698,0.0000,1000,1000,866,1,992.4692
75540.0000,7554,2417.0285,0.0000,1000,1000,856,1,992.4702
75550.0000,7555,2417.0863,0.0000,1000,1000,852,1,992.4711
75560.0000,7556,2417.1438,0.0000,1000,1000,853,1,992.4721
75570.0000,7557,2417.2015,0.0000,1000,1000,853,1,992.4731
75580.0000,7558,2417.2593,0.0000,1000,1000,852,1,992.4741
75590.0000,7559,2417.3167,0.0000,1000,1000,847,1,992.4751
75600.0000,7560,2417.3732,0.0000,1000,1000,843,1,992.4761
75610.0000,7561,2417.4289,0.0000,1000,1000,836,1,992.4771
75620.0000,7562,2417.4838,0.0000,1000,1000,830,1,992.4781
75630.0000,7563,2417.5379,0.0000,1000,1000,826,1,992.4791
75640.0000,7564,2417.5921,0.0000,1000,1000,829,1,992.4801
75650.0000,7565,2417.6468,0.0000,1000,1000,831,1,992.4811
75660.0000,7566,2417.7014,0.0000,1000,1000,831,1,992.4821
75670.0000,7567,2417.7562,0.0000,1000,1000,834,1,992.4831
75680.0000,7568,2417.8113,0.0000,1000,1000,831,1,992.4841
75690.0000,7569,2417.8660,0.0000,1000,1000,830,1,992.4851
75700.0000,7570,2417.9203,0.0000,1000,1000,829,1,992.4861
75710.0000,7571,2417.9743,0.0000,1000,1000,829,1,992.4871
75720.0000,7572,2418.0290,0.0000,1000,1000,828,1,992.4881
75730.0000,7573,2418.0829,0.0000,1000,1000,827,1,992.4890
75740.0000,7574,2418.1368,0.0000,1000,1000,827,1,992.4900
75750.0000,7575,2418.1908,0.0000,1000,1000,827,1,992.4910
75760.0000,7576,2418.2448,0.0000,1000,1000,827,1,992.4920
75770.0000,7577,2418.2993,0.0000,1000,1000,833,1,992.4930
75780.0000,7578,2418.3539,0.0000,1000,1000,829,1,992.4940
75790.0000,7579,2418.4079,0.0000,1000,1000,827,1,992.4950
75800.0000,7580,2418.4616,0.0000,1000,1000,827,1,992.4960
75810.0000,7581,2418.5155,0.0000,1000,1000,828,1,992.4970
75820.0000,7582,2418.5700,0.0000,1000,1000,833,1,992.4980
75830.0000,7583,2418.6249,0.0000,1000,1000,839,1,992.4989
75840.0000,7584,2418.6800,0.0000,1000,1000,836,1,992.4999
75850.0000,7585,2418.7356,0.0000,1000,1000,839,1,992.5009
75860.0000,7586,2418.7909,0.0000,1000,1000,840,1,992.5019
75870.0000,7587,2418.8466,0.0000,1000,1000,838,1,992.5029
75880.0000,7588,2418.9014,0.0000,1000,1000,835,1,992.5039
75890.0000,7589,2418.9563,0.0000,1000,1000,835,1,992.5049
75900.0000,7590,2419.0105,0.0000,1000,1000,824,1,992.5059
75910.0000,7591,2419.0630,0.0000,1000,1000,811,1,992.5069
75920.0000,7592,2419.1139,0.0000,1000,1000,804,1,992.5078
75930.0000,7593,2419.1638,0.0000,1000,1000,796,1,992.5088
75940.0000,7594,2419.2133,0.0000,1000,1000,795,1,992.5098
75950.0000,7595,2419.2630,0.0000,1000,1000,799,1,992.5108
75960.0000,7596,2419.3127,0.0000,1000,1000,796,1,992.5118
75970.0000,7597,2419.3626,0.0000,1000,1000,799,1,992.5128
75980.0000,7598,2419.4127,0.0000,1000,1000,802,1,992.5138
75990.0000,7599,2419.4627,0.0000,1000,1000,798,1,992.5147
76000.0000,7600,2419.5127,0.0000,1000,1000,802,1,992.5157
76010.0000,7601,2419.5630,0.0000,1000,1000,801,1,992.5167
76020.0000,7602,2419.6130,0.0000,1000,1000,803,1,992.5177
76030.0000,7603,2419.6636,0.0000,1000,1000,804,1,992.5187
76040.0000,7604,2419.7146,0.0000,1000,1000,812,1,992.5197
76050.0000,7605,2419.7657,0.0000,1000,1000,808,1,992.5206
76060.0000,7606,2419.8168,0.0000,1000,1000,810,1,992.5216
76070.0000,7607,2419.8682,0.0000,1000,1000,812,1,992.5226
76080.0000,7608,2419.9200,0.0000,1000,1000,813,1,992.5236
76090.0000,7609,2419.9716,0.0000,1000,1000,811,1,992.5246
76100.0000,7610,2420.0229,0.0000,1000,1000,815,1,992.5256
76110.0000,7611,2420.0748,0.0000,1000,1000,815,1,992.5265
76120.0000,7612,2420.1267,0.0000,1000,1000,818,1,992.5275
76130.0000,7613,2420.1780,0.0000,1000,1000,808,1,992.5285
76140.0000,7614,2420.2291,0.0000,1000,1000,812,1,992.5295
76150.0000,7615,2420.2800,0.0000,1000,1000,810,1,992.5305
76160.0000,7616,2420.3314,0.0000,1000,1000,815,1,992.5315
76170.0000,7617,2420.3832,0.0000,1000,1000,814,1,992.5324
76180.0000,7618,2420.4340,0.0000,1000,1000,807,1,992.5334
76190.0000,7619,2420.4852,0.0000,1000,1000,816,1,992.5344
76200.0000,7620,2420.5372,0.0000,1000,1000,820,1,992.5354
76210.0000,7621,2420.5887,0.0000,1000,1000,809,1,992.5364
76220.0000,7622,2420.6398,0.0000,1000,1000,809,1,992.5373
76230.0000,7623,2420.6905,0.0000,1000,1000,804,1,992.5383
76240.0000,7624,2420.7410,0.0000,1000,1000,806,1,992.5393
76250.0000,7625,2420.7918,0.0000,1000,1000,809,1,992.5403
76260.0000,7626,2420.8423,0.0000,1000,1000,802,1,992.5412
76270.0000,7627,2420.8924,0.0000,1000,1000,804,1,992.5422
76280.0000,7628,2420.9426,0.0000,1000,1000,809,1,992.5432
76290.0000,7629,2420.9935,0.0000,1000,1000,809,1,992.5442
76300.0000,7630,2421.0439,0.0000,1000,1000,805,1,992.5452
76310.0000,7631,2421.0938,0.0000,1000,1000,803,1,992.5461
76320.0000,7632,2421.1441,0.0000,1000,1000,809,1,992.5471
76330.0000,7633,2421.1951,0.0000,1000,1000,811,1,992.5481
76340.0000,7634,2421.2461,0.0000,1000,1000,808,1,992.5491
76350.0000,7635,2421.2967,0.0000,1000,1000,810,1,992.5500
76360.0000,7636,2421.3477,0.0000,1000,1000,811,1,992.5510
76370.0000,7637,2421.3982,0.0000,1000,1000,806,1,992.5520
76380.0000,7638,2421.4486,0.0000,1000,1000,806,1,992.5530
76390.0000,7639,2421.4996,0.0000,1000,1000,816,1,992.5539
76400.0000,7640,2421.5511,0.0000,1000,1000,814,1,992.5549
76410.0000,7641,2421.6024,0.0000,1000,1000,814,1,992.5559
76420.0000,7642,2421.6542,0.0000,1000,1000,820,1,992.5569
76430.0000,7643,2421.7061,0.0000,1000,1000,813,1,992.5578
76440.0000,7644,2421.7572,0.0000,1000,1000,815,1,992.5588
76450.0000,7645,2421.8085,0.0000,1000,1000,815,1,992.5598
76460.0000,7646,2421.8595,0.0000,1000,1000,812,1,992.5608
76470.0000,7647,2421.9107,0.0000,1000,1000,815,1,992.5617
76480.0000,7648,2421.9617,0.0000,1000,1000,812,1,992.5627
76490.0000,7649,2422.0127,0.0000,1000,1000,808,1,992.5637
76500.0000,7650,2422.0634,0.0000,1000,1000,808,1,992.5646
76510.0000,7651,2422.1135,0.0000,1000,1000,808,1,992.5656
76520.0000,7652,2422.1640,0.0000,1000,1000,808,1,992.5666
76530.0000,7653,2422.2145,0.0000,1000,1000,805,1,992.5676
76540.0000,7654,2422.2636,0.0000,1000,1000,796,1,992.5685
76550.0000,7655,2422.3125,0.0000,1000,1000,798,1,992.5695
76560.0000,7656,2422.3615,0.0000,1000,1000,797,1,992.5705
76570.0000,7657,2422.4103,0.0000,1000,1000,795,1,992.5714
76580.0000,7658,2422.4585,0.0000,1000,1000,789,1,992.5724
76590.0000,7659,2422.5065,0.0000,1000,1000,787,1,992.5734
76600.0000,7660,2422.5539,0.0000,1000,1000,782,1,992.5744
76610.0000,7661,2422.6009,0.0000,1000,1000,783,1,992.5753
76620.0000,7662,2422.6477,0.0000,1000,1000,780,1,992.5763
76630.0000,7663,2422.6945,0.0000,1000,1000,781,1,992.5773
76640.0000,7664,2422.7409,0.0000,1000,1000,780,1,992.5782
76650.0000,7665,2422.7874,0.0000,1000,1000,780,1,992.5792
76660.0000,7666,2422.8332,0.0000,1000,1000,769,1,992.5802
76670.0000,7667,2422.8783,0.0000,1000,1000,772,1,992.5811
76680.0000,7668,2422.9240,0.0000,1000,1000,771,1,992.5821
76690.0000,7669,2422.9695,0.0000,1000,1000,770,1,992.5831
76700.0000,7670,2423.0146,0.0000,1000,1000,770,1,992.5840
76710.0000,7671,2423.0597,0.0000,1000,1000,770,1,992.5850
76720.0000,7672,2423.1049,0.0000,1000,1000,770,1,992.5860
76730.0000,7673,2423.1503,0.0000,1000,1000,768,1,992.5869
76740.0000,7674,2423.1956,0.0000,1000,1000,771,1,992.5879
76750.0000,7675,2423.2407,0.0000,1000,1000,770,1,992.5889
76760.0000,7676,2423.2860,0.0000,1000,1000,772,1,992.5898
76770.0000,7677,2423.3307,0.0000,1000,1000,763,1,992.5908
76780.0000,7678,2423.3751,0.0000,1000,1000,765,1,992.5918
76790.0000,7679,2423.4196,0.0000,1000,1000,765,1,992.5927
76800.0000,7680,2423.4636,0.0000,1000,1000,760,1,992.5937
76810.0000,7681,2423.5079,0.0000,1000,1000,765,1,992.5947
76820.0000,7682,2423.5523,0.0000,1000,1000,767,1,992.5956
76830.0000,7683,2423.5971,0.0000,1000,1000,770,1,992.5966
76840.0000,7684,2423.6422,0.0000,1000,1000,769,1,992.5975
76850.0000,7685,2423.6870,0.0000,1000,1000,764,1,992.5985
76860.0000,7686,2423.7312,0.0000,1000,1000,759,1,992.5995
76870.0000,7687,2423.7739,0.0000,1000,1000,744,1,992.6004
76880.0000,7688,2423.8154,0.0000,1000,1000,741,1,992.6014
76890.0000,7689,2423.8569,0.0000,1000,1000,745,1,992.6024
76900.0000,7690,2423.8985,0.0000,1000,1000,744,1,992.6033
76910.0000,7691,2423.9400,0.0000,1000,1000,741,1,992.6043
76920.0000,7692,2423.9806,0.0000,1000,1000,737,1,992.6052
76930.0000,7693,2424.0210,0.0000,1000,1000,733,1,992.6062
76940.0000,7694,2424.0614,0.0000,1000,1000,736,1,992.6072
76950.0000,7695,2424.1020,0.0000,1000,1000,734,1,992.6081
76960.0000,7696,2424.1418,0.0000,1000,1000,725,1,992.6091
76970.0000,7697,2424.1807,0.0000,1000,1000,722,1,992.6100
76980.0000,7698,2424.2195,0.0000,1000,1000,720,1,992.6110
76990.0000,7699,2424.2581,0.0000,1000,1000,725,1,992.6120
77000.0000,7700,2424.2974,0.0000,1000,1000,731,1,992.6129
77010.0000,7701,2424.3374,0.0000,1000,1000,734,1,992.6139
77020.0000,7702,2424.3779,0.0000,1000,1000,740,1,992.6148
77030.0000,7703,2424.4190,0.0000,1000,1000,739,1,992.6158
77040.0000,7704,2424.4601,0.0000,1000,1000,744,1,992.6168
77050.0000,7705,2424.5011,0.0000,1000,1000,738,1,992.6177
77060.0000,7706,2424.5422,0.0000,1000,1000,745,1,992.6187
77070.0000,7707,2424.5837,0.0000,1000,1000,742,1,992.6196
77080.0000,7708,2424.6253,0.0000,1000,1000,748,1,992.6206
77090.0000,7709,2424.6673,0.0000,1000,1000,748,1,992.6215
77100.0000,7710,2424.7093,0.0000,1000,1000,752,1,992.6225
77110.0000,7711,2424.7517,0.0000,1000,1000,753,1,992.6235
77120.0000,7712,2424.7942,0.0000,1000,1000,757,1,992.6244
77130.0000,7713,2424.8376,0.0000,1000,1000,760,1,992.6254
77140.0000,7714,2424.8820,0.0000,1000,1000,774,1,992.6263
77150.0000,7715,2424.9273,0.0000,1000,1000,773,1,992.6273
77160.0000,7716,2424.9721,0.0000,1000,1000,767,1,992.6282
77170.0000,7717,2425.0159,0.0000,1000,1000,762,1,992.6292
77180.0000,7718,2425.0598,0.0000,1000,1000,765,1,992.6302
77190.0000,7719,2425.1036,0.0000,1000,1000,760,1,992.6311
77200.0000,7720,2425.1472,0.0000,1000,1000,760,1,992.6321
77210.0000,7721,2425.1909,0.0000,1000,1000,763,1,992.6330
77220.0000,7722,2425.2347,0.0000,1000,1000,764,1,992.6340
77230.0000,7723,2425.2781,0.0000,1000,1000,763,1,992.6349
77240.0000,7724,2425.3214,0.0000,1000,1000,757,1,992.6359
77250.0000,7725,2425.3647,0.0000,1000,1000,762,1,992.6368
77260.0000,7726,2425.4076,0.0000,1000,1000,750,1,992.6378
77270.0000,7727,2425.4497,0.0000,1000,1000,751,1,992.6387
77280.0000,7728,2425.4916,0.0000,1000,1000,749,1,992.6397
77290.0000,7729,2425.5334,0.0000,1000,1000,745,1,992.6406
77300.0000,7730,2425.5741,0.0000,1000,1000,733,1,992.6416
77310.0000,7731,2425.6139,0.0000,1000,1000,730,1,992.6425
77320.0000,7732,2425.6533,0.0000,1000,1000,730,1,992.6435
77330.0000,7733,2425.6924,0.0000,1000,1000,728,1,992.6444
77340.0000,7734,2425.7312,0.0000,1000,1000,725,1,992.6454
77350.0000,7735,2425.7701,0.0000,1000,1000,724,1,992.6464
77360.0000,7736,2425.8085,0.0000,1000,1000,721,1,992.6473
77370.0000,7737,2425.8471,0.0000,1000,1000,726,1,992.6483
77380.0000,7738,2425.8856,0.0000,1000,1000,721,1,992.6492
77390.0000,7739,2425.9233,0.0000,1000,1000,716,1,992.6502
77400.0000,7740,2425.9611,0.0000,1000,1000,715,1,992.6511
77410.0000,7741,2425.9987,0.0000,1000,1000,716,1,992.6521
77420.0000,7742,2426.0359,0.0000,1000,1000,712,1,992.6530
77430.0000,7743,2426.0730,0.0000,1000,1000,715,1,992.6539
77440.0000,7744,2426.1098,0.0000,1000,1000,710,1,992.6549
77450.0000,7745,2426.1466,0.0000,1000,1000,710,1,992.6558
77460.0000,7746,2426.1831,0.0000,1000,1000,709,1,992.6568
77470.0000,7747,2426.2191,0.0000,1000,1000,705,1,992.6577
77480.0000,7748,2426.2549,0.0000,1000,1000,703,1,992.6587
77490.0000,7749,2426.2905,0.0000,1000,1000,702,1,992.6596
77500.0000,7750,2426.3255,0.0000,1000,1000,694,1,992.6606
77510.0000,7751,2426.3605,0.0000,1000,1000,700,1,992.6615
77520.0000,7752,2426.3960,0.0000,1000,1000,705,1,992.6625
77530.0000,7753,2426.4318,0.0000,1000,1000,703,1,992.6634
77540.0000,7754,2426.4676,0.0000,1000,1000,708,1,992.6644
77550.0000,7755,2426.5040,0.0000,1000,1000,708,1,992.6653
77560.0000,7756,2426.5399,0.0000,1000,1000,706,1,992.6663
77570.0000,7757,2426.5752,0.0000,1000,1000,697,1,992.6672
77580.0000,7758,2426.6095,0.0000,1000,1000,689,1,992.6682
77590.0000,7759,2426.6434,0.0000,1000,1000,686,1,992.6691
77600.0000,7760,2426.6768,0.0000,1000,1000,688,1,992.6700
77610.0000,7761,2426.7101,0.0000,1000,1000,682,1,992.6710
77620.0000,7762,2426.7433,0.0000,1000,1000,688,1,992.6719
77630.0000,7763,2426.7767,0.0000,1000,1000,687,1,992.6729
77640.0000,7764,2426.8105,0.0000,1000,1000,689,1,992.6738
77650.0000,7765,2426.8443,0.0000,1000,1000,690,1,992.6748
77660.0000,7766,2426.8777,0.0000,1000,1000,683,1,992.6757
77670.0000,7767,2426.9109,0.0000,1000,1000,687,1,992.6766
77680.0000,7768,2426.9439,0.0000,1000,1000,684,1,992.6776
77690.0000,7769,2426.9771,0.0000,1000,1000,687,1,992.6785
77700.0000,7770,2427.0100,0.0000,1000,1000,679,1,992.6795
77710.0000,7771,2427.0422,0.0000,1000,1000,673,1,992.6804
77720.0000,7772,2427.0740,0.0000,1000,1000,676,1,992.6814
77730.0000,7773,2427.1058,0.0000,1000,1000,670,1,992.6823
77740.0000,7774,2427.1375,0.0000,1000,1000,675,1,992.6832
77750.0000,7775,2427.1693,0.0000,1000,1000,672,1,992.6842
77760.0000,7776,2427.2008,0.0000,1000,1000,673,1,992.6851
77770.0000,7777,2427.2319,0.0000,1000,1000,665,1,992.6861
77780.0000,7778,2427.2626,0.0000,1000,1000,664,1,992.6870
77790.0000,7779,2427.2929,0.0000,1000,1000,660,1,992.6879
77800.0000,7780,2427.3232,0.0000,1000,1000,664,1,992.6889
77810.0000,7781,2427.3527,0.0000,1000,1000,652,1,992.6898
77820.0000,7782,2427.3819,0.0000,1000,1000,658,1,992.6908
77830.0000,7783,2427.4118,0.0000,1000,1000,658,1,992.6917
77840.0000,7784,2427.4418,0.0000,1000,1000,663,1,992.6926
77850.0000,7785,2427.4722,0.0000,1000,1000,664,1,992.6936
77860.0000,7786,2427.5023,0.0000,1000,1000,660,1,992.6945
77870.0000,7787,2427.5322,0.0000,1000,1000,661,1,992.6955
77880.0000,7788,2427.5621,0.0000,1000,1000,661,1,992.6964
77890.0000,7789,2427.5921,0.0000,1000,1000,667,1,992.6973
77900.0000,7790,2427.6229,0.0000,1000,1000,670,1,992.6983
77910.0000,7791,2427.6539,0.0000,1000,1000,671,1,992.6992
77920.0000,7792,2427.6851,0.0000,1000,1000,670,1,992.7001
77930.0000,7793,2427.7164,0.0000,1000,1000,672,1,992.7011
77940.0000,7794,2427.7475,0.0000,1000,1000,670,1,992.7020
77950.0000,7795,2427.7782,0.0000,1000,1000,664,1,992.7030
77960.0000,7796,2427.8088,0.0000,1000,1000,667,1,992.7039
77970.0000,7797,2427.8394,0.0000,1000,1000,667,1,992.7048
77980.0000,7798,2427.8700,0.0000,1000,1000,672,1,992.7058
77990.0000,7799,2427.9010,0.0000,1000,1000,668,1,992.7067
78000.0000,7800,2427.9316,0.0000,1000,1000,662,1,992.7076
78010.0000,7801,2427.9616,0.0000,1000,1000,660,1,992.7086
78020.0000,7802,2427.9916,0.0000,1000,1000,658,1,992.7095
78030.0000,7803,2428.0210,0.0000,1000,1000,657,1,992.7104
78040.0000,7804,2428.0502,0.0000,1000,1000,656,1,992.7114
78050.0000,7805,2428.0792,0.0000,1000,1000,657,1,992.7123
78060.0000,7806,2428.1085,0.0000,1000,1000,656,1,992.7132
78070.0000,7807,2428.1381,0.0000,1000,1000,661,1,992.7142
78080.0000,7808,2428.1673,0.0000,1000,1000,655,1,992.7151
78090.0000,7809,2428.1963,0.0000,1000,1000,654,1,992.7160
78100.0000,7810,2428.2245,0.0000,1000,1000,647,1,992.7170
78110.0000,7811,2428.2525,0.0000,1000,1000,652,1,992.7179
78120.0000,7812,2428.2811,0.0000,1000,1000,650,1,992.7188
78130.0000,7813,2428.3095,0.0000,1000,1000,653,1,992.7198
78140.0000,7814,2428.3383,0.0000,1000,1000,651,1,992.7207
78150.0000,7815,2428.3665,0.0000,1000,1000,652,1,992.7216
78160.0000,7816,2428.3947,0.0000,1000,1000,652,1,992.7226
78170.0000,7817,2428.4229,0.0000,1000,1000,651,1,992.7235
78180.0000,7818,2428.4513,0.0000,1000,1000,648,1,992.7244
78190.0000,7819,2428.4782,0.0000,1000,1000,634,1,992.7254
78200.0000,7820,2428.5046,0.0000,1000,1000,634,1,992.7263
78210.0000,7821,2428.5306,0.0000,1000,1000,629,1,992.7272
78220.0000,7822,2428.5566,0.0000,1000,1000,634,1,992.7281
78230.0000,7823,2428.5825,0.0000,1000,1000,629,1,992.7291
78240.0000,7824,2428.6077,0.0000,1000,1000,619,1,992.7300
78250.0000,7825,2428.6320,0.0000,1000,1000,618,1,992.7309
78260.0000,7826,2428.6563,0.0000,1000,1000,621,1,992.7319
78270.0000,7827,2428.6805,0.0000,1000,1000,614,1,992.7328
78280.0000,7828,2428.7042,0.0000,1000,1000,616,1,992.7337
78290.0000,7829,2428.7276,0.0000,1000,1000,608,1,992.7346
78300.0000,7830,2428.7504,0.0000,1000,1000,613,1,992.7356
78310.0000,7831,2428.7740,0.0000,1000,1000,613,1,992.7365
78320.0000,7832,2428.7977,0.0000,1000,1000,613,1,992.7374
78330.0000,7833,2428.8212,0.0000,1000,1000,610,1,992.7384
78340.0000,7834,2428.8441,0.0000,1000,1000,609,1,992.7393
78350.0000,7835,2428.8672,0.0000,1000,1000,609,1,992.7402
78360.0000,7836,2428.8896,0.0000,1000,1000,601,1,992.7411
78370.0000,7837,2428.9115,0.0000,1000,1000,598,1,992.7421
78380.0000,7838,2428.9331,0.0000,1000,1000,600,1,992.7430
78390.0000,7839,2428.9548,0.0000,1000,1000,600,1,992.7439
78400.0000,7840,2428.9764,0.0000,1000,1000,599,1,992.7448
78410.0000,7841,2428.9977,0.0000,1000,1000,595,1,992.7458
78420.0000,7842,2429.0192,0.0000,1000,1000,599,1,992.7467
78430.0000,7843,2429.0409,0.0000,1000,1000,598,1,992.7476
78440.0000,7844,2429.0620,0.0000,1000,1000,590,1,992.7485
78450.0000,7845,2429.0824,0.0000,1000,1000,588,1,992.7495
78460.0000,7846,2429.1029,0.0000,1000,1000,587,1,992.7504
78470.0000,7847,2429.1228,0.0000,1000,1000,586,1,992.7513
78480.0000,7848,2429.1427,0.0000,1000,1000,585,1,992.7522
78490.0000,7849,2429.1611,0.0000,1000,1000,568,1,992.7532
78500.0000,7850,2429.1788,0.0000,1000,1000,571,1,992.7541
78510.0000,7851,2429.1968,0.0000,1000,1000,569,1,992.7550
78520.0000,7852,2429.2142,0.0000,1000,1000,564,1,992.7559
78530.0000,7853,2429.2313,0.0000,1000,1000,559,1,992.7568
78540.0000,7854,2429.2481,0.0000,1000,1000,562,1,992.7578
78550.0000,7855,2429.2645,0.0000,1000,1000,555,1,992.7587
78560.0000,7856,2429.2806,0.0000,1000,1000,555,1,992.7596
78570.0000,7857,2429.2960,0.0000,1000,1000,552,1,992.7605
78580.0000,7858,2429.3118,0.0000,1000,1000,557,1,992.7615
78590.0000,7859,2429.3278,0.0000,1000,1000,551,1,992.7624
78600.0000,7860,2429.3430,0.0000,1000,1000,547,1,992.7633
78610.0000,7861,2429.3574,0.0000,1000,1000,543,1,992.7642
78620.0000,7862,2429.3713,0.0000,1000,1000,539,1,992.7651
78630.0000,7863,2429.3851,0.0000,1000,1000,536,1,992.7661
78640.0000,7864,2429.3984,0.0000,1000,1000,530,1,992.7670
78650.0000,7865,2429.4114,0.0000,1000,1000,535,1,992.7679
78660.0000,7866,2429.4246,0.0000,1000,1000,536,1,992.7688
78670.0000,7867,2429.4379,0.0000,1000,1000,532,1,992.7697
78680.0000,7868,2429.4512,0.0000,1000,1000,533,1,992.7707
78690.0000,7869,2429.4640,0.0000,1000,1000,528,1,992.7716
78700.0000,7870,2429.4772,0.0000,1000,1000,533,1,992.7725
78710.0000,7871,2429.4898,0.0000,1000,1000,527,1,992.7734
78720.0000,7872,2429.5019,0.0000,1000,1000,524,1,992.7743
78730.0000,7873,2429.5135,0.0000,1000,1000,517,1,992.7752
78740.0000,7874,2429.5243,0.0000,1000,1000,513,1,992.7762
78750.0000,7875,2429.5351,0.0000,1000,1000,514,1,992.7771
78760.0000,7876,2429.5460,0.0000,1000,1000,517,1,992.7780
78770.0000,7877,2429.5574,0.0000,1000,1000,522,1,992.7789
78780.0000,7878,2429.5693,0.0000,1000,1000,524,1,992.7798
78790.0000,7879,2429.5818,0.0000,1000,1000,532,1,992.7807
78800.0000,7880,2429.5947,0.0000,1000,1000,530,1,992.7817
78810.0000,7881,2429.6074,0.0000,1000,1000,528,1,992.7826
78820.0000,7882,2429.6198,0.0000,1000,1000,527,1,992.7835
78830.0000,7883,2429.6324,0.0000,1000,1000,531,1,992.7844
78840.0000,7884,2429.6452,0.0000,1000,1000,536,1,992.7853
78850.0000,7885,2429.6590,0.0000,1000,1000,544,1,992.7862
78860.0000,7886,2429.6735,0.0000,1000,1000,542,1,992.7872
78870.0000,7887,2429.6882,0.0000,1000,1000,547,1,992.7881
78880.0000,7888,2429.7029,0.0000,1000,1000,540,1,992.7890
78890.0000,7889,2429.7170,0.0000,1000,1000,544,1,992.7899
78900.0000,7890,2429.7315,0.0000,1000,1000,547,1,992.7908
78910.0000,7891,2429.7464,0.0000,1000,1000,548,1,992.7917
78920.0000,7892,2429.7610,0.0000,1000,1000,546,1,992.7926
78930.0000,7893,2429.7757,0.0000,1000,1000,542,1,992.7936
78940.0000,7894,2429.7893,0.0000,1000,1000,536,1,992.7945
78950.0000,7895,2429.8026,0.0000,1000,1000,536,1,992.7954
78960.0000,7896,2429.8159,0.0000,1000,1000,533,1,992.7963
78970.0000,7897,2429.8284,0.0000,1000,1000,529,1,992.7972
78980.0000,7898,2429.8407,0.0000,1000,1000,522,1,992.7981
78990.0000,7899,2429.8516,0.0000,1000,1000,512,1,992.7990
79000.0000,7900,2429.8621,0.0000,1000,1000,516,1,992.7999
79010.0000,7901,2429.8731,0.0000,1000,1000,515,1,992.8009
79020.0000,7902,2429.8844,0.0000,1000,1000,518,1,992.8018
79030.0000,7903,2429.8956,0.0000,1000,1000,516,1,992.8027
79040.0000,7904,2429.9068,0.0000,1000,1000,522,1,992.8036
79050.0000,7905,2429.9183,0.0000,1000,1000,517,1,992.8045
79060.0000,7906,2429.9295,0.0000,1000,1000,518,1,992.8054
79070.0000,7907,2429.9400,0.0000,1000,1000,511,1,992.8063
79080.0000,7908,2429.9504,0.0000,1000,1000,514,1,992.8072
79090.0000,7909,2429.9604,0.0000,1000,1000,504,1,992.8081
79100.0000,7910,2429.9706,0.0000,1000,1000,511,1,992.8090
79110.0000,7911,2429.9809,0.0000,1000,1000,508,1,992.8100
79120.0000,7912,2429.9907,0.0000,1000,1000,510,1,992.8109
79130.0000,7913,2430.0009,0.0000,1000,1000,512,1,992.8118
79140.0000,7914,2430.0110,0.0000,1000,1000,509,1,992.8127
79150.0000,7915,2430.0207,0.0000,1000,1000,506,1,992.8136
79160.0000,7916,2430.0302,0.0000,1000,1000,498,1,992.8145
79170.0000,7917,2430.0386,0.0000,1000,1000,493,1,992.8154
79180.0000,7918,2430.0466,0.0000,1000,1000,490,1,992.8163
79190.0000,7919,2430.0535,0.0000,1000,1000,478,1,992.8172
79200.0000,7920,2430.0594,0.0000,1000,1000,476,1,992.8181
79210.0000,7921,2430.0644,0.0000,1000,1000,467,1,992.8190
79220.0000,7922,2430.0689,0.0000,1000,1000,465,1,992.8199
79230.0000,7923,2430.0731,0.0000,1000,1000,463,1,992.8208
79240.0000,7924,2430.0774,0.0000,1000,1000,463,1,992.8217
79250.0000,7925,2430.0815,0.0000,1000,1000,463,1,992.8227
79260.0000,7926,2430.0858,0.0000,1000,1000,460,1,992.8236
79270.0000,7927,2430.0898,0.0000,1000,1000,468,1,992.8245
79280.0000,7928,2430.0944,0.0000,1000,1000,468,1,992.8254
79290.0000,7929,2430.0983,0.0000,1000,1000,459,1,992.8263
79300.0000,7930,2430.1021,0.0000,1000,1000,464,1,992.8272
79310.0000,7931,2430.1068,0.0000,1000,1000,467,1,992.8281
79320.0000,7932,2430.1114,0.0000,1000,1000,470,1,992.8290
79330.0000,7933,2430.1161,0.0000,1000,1000,464,1,992.8299
79340.0000,7934,2430.1203,0.0000,1000,1000,467,1,992.8308
79350.0000,7935,2430.1249,0.0000,1000,1000,466,1,992.8317
79360.0000,7936,2430.1296,0.0000,1000,1000,468,1,992.8326
79370.0000,7937,2430.1343,0.0000,1000,1000,467,1,992.8335
79380.0000,7938,2430.1383,0.0000,1000,1000,462,1,992.8344
79390.0000,7939,2430.1423,0.0000,1000,1000,463,1,992.8353
79400.0000,7940,2430.1463,0.0000,1000,1000,460,1,992.8362
79410.0000,7941,2430.1500,0.0000,1000,1000,458,1,992.8371
79420.0000,7942,2430.1535,0.0000,1000,1000,462,1,992.8380
79430.0000,7943,2430.1572,0.0000,1000,1000,459,1,992.8389
79440.0000,7944,2430.1611,0.0000,1000,1000,464,1,992.8398
79450.0000,7945,2430.1651,0.0000,1000,1000,463,1,992.8407
79460.0000,7946,2430.1692,0.0000,1000,1000,463,1,992.8416
79470.0000,7947,2430.1737,0.0000,1000,1000,469,1,992.8425
79480.0000,7948,2430.1785,0.0000,1000,1000,469,1,992.8434
79490.0000,7949,2430.1827,0.0000,1000,1000,462,1,992.8443
79500.0000,7950,2430.1865,0.0000,1000,1000,454,1,992.8452
79510.0000,7951,2430.1892,0.0000,1000,1000,448,1,992.8461
79520.0000,7952,2430.1910,0.0000,1000,1000,443,1,992.8470
79530.0000,7953,2430.1922,0.0000,1000,1000,441,1,992.8479
79540.0000,7954,2430.1937,0.0000,1000,1000,440,1,992.8488
79550.0000,7955,2430.1948,0.0000,1000,1000,437,1,992.8497
79560.0000,7956,2430.1955,0.0000,1000,1000,435,1,992.8506
79570.0000,7957,2430.1958,0.0000,1000,1000,431,1,992.8515
79580.0000,7958,2430.1961,0.0000,1000,1000,435,1,992.8524
79590.0000,7959,2430.1964,0.0000,1000,1000,432,1,992.8533
79600.0000,7960,2430.1970,0.0000,1000,1000,438,1,992.8542
79610.0000,7961,2430.1980,0.0000,1000,1000,438,1,992.8551
79620.0000,7962,2430.1989,0.0000,1000,1000,436,1,992.8560
79630.0000,7963,2430.1994,0.0000,1000,1000,433,1,992.8569
79640.0000,7964,2430.1997,0.0000,1000,1000,430,1,992.8578
79650.0000,7965,2430.2001,0.0000,1000,1000,438,1,992.8587
79660.0000,7966,2430.2010,0.0000,1000,1000,437,1,992.8596
79670.0000,7967,2430.2014,0.0000,1000,1000,433,1,992.8605
79680.0000,7968,2430.2017,0.0000,1000,1000,434,1,992.8614
79690.0000,7969,2430.2023,0.0000,1000,1000,432,1,992.8623
79700.0000,7970,2430.2022,0.0000,1000,1000,426,1,992.8632
79710.0000,7971,2430.2010,0.0000,1000,1000,421,1,992.8641
79720.0000,7972,2430.1992,0.0000,1000,1000,413,1,992.8650
79730.0000,7973,2430.1967,0.0000,1000,1000,413,1,992.8659
79740.0000,7974,2430.1945,0.0000,1000,1000,411,1,992.8668
79750.0000,7975,2430.1926,0.0000,1000,1000,416,1,992.8677
79760.0000,7976,2430.1909,0.0000,1000,1000,421,1,992.8685
79770.0000,7977,2430.1903,0.0000,1000,1000,427,1,992.8694
79780.0000,7978,2430.1901,0.0000,1000,1000,433,1,992.8703
79790.0000,7979,2430.1906,0.0000,1000,1000,431,1,992.8712
79800.0000,7980,2430.1910,0.0000,1000,1000,437,1,992.8721
79810.0000,7981,2430.1916,0.0000,1000,1000,435,1,992.8730
79820.0000,7982,2430.1924,0.0000,1000,1000,439,1,992.8739
79830.0000,7983,2430.1935,0.0000,1000,1000,438,1,992.8748
79840.0000,7984,2430.1951,0.0000,1000,1000,448,1,992.8757
79850.0000,7985,2430.1972,0.0000,1000,1000,448,1,992.8766
79860.0000,7986,2430.1993,0.0000,1000,1000,442,1,992.8775
79870.0000,7987,2430.2006,0.0000,1000,1000,440,1,992.8784
79880.0000,7988,2430.2017,0.0000,1000,1000,435,1,992.8793
79890.0000,7989,2430.2020,0.0000,1000,1000,432,1,992.8802
79900.0000,7990,2430.2023,0.0000,1000,1000,435,1,992.8810
79910.0000,7991,2430.2034,0.0000,1000,1000,441,1,992.8819
79920.0000,7992,2430.2050,0.0000,1000,1000,444,1,992.8828
79930.0000,7993,2430.2070,0.0000,1000,1000,444,1,992.8837
79940.0000,7994,2430.2092,0.0000,1000,1000,452,1,992.8846
79950.0000,7995,2430.2124,0.0000,1000,1000,457,1,992.8855
79960.0000,7996,2430.2153,0.0000,1000,1000,455,1,992.8864
79970.0000,7997,2430.2183,0.0000,1000,1000,455,1,992.8873
79980.0000,7998,2430.2204,0.0000,1000,1000,437,1,992.8882
79990.0000,7999,2430.2213,0.0000,1000,1000,441,1,992.8891
80000.0000,8000,2430.2228,0.0000,1000,1000,444,1,992.8899
80010.0000,8001,2430.2236,0.0000,1000,1000,433,1,992.8908
80020.0000,8002,2430.2238,0.0000,1000,1000,428,1,992.8917
80030.0000,8003,2430.2234,0.0000,1000,1000,428,1,992.8926
80040.0000,8004,2430.2227,0.0000,1000,1000,423,1,992.8935
80050.0000,8005,2430.2215,0.0000,1000,1000,417,1,992.8944
80060.0000,8006,2430.2200,0.0000,1000,1000,417,1,992.8953
80070.0000,8007,2430.2182,0.0000,1000,1000,417,1,992.8962
80080.0000,8008,2430.2166,0.0000,1000,1000,418,1,992.8970
80090.0000,8009,2430.2149,0.0000,1000,1000,416,1,992.8979
80100.0000,8010,2430.2132,0.0000,1000,1000,416,1,992.8988
80110.0000,8011,2430.2114,0.0000,1000,1000,414,1,992.8997
80120.0000,8012,2430.2097,0.0000,1000,1000,418,1,992.9006
80130.0000,8013,2430.2085,0.0000,1000,1000,421,1,992.9015
80140.0000,8014,2430.2075,0.0000,1000,1000,424,1,992.9024
80150.0000,8015,2430.2069,0.0000,1000,1000,423,1,992.9032
80160.0000,8016,2430.2061,0.0000,1000,1000,423,1,992.9041
80170.0000,8017,2430.2054,0.0000,1000,1000,424,1,992.9050
80180.0000,8018,2430.2042,0.0000,1000,1000,417,1,992.9059
80190.0000,8019,2430.2030,0.0000,1000,1000,421,1,992.9068
80200.0000,8020,2430.2017,0.0000,1000,1000,418,1,992.9077
80210.0000,8021,2430.2001,0.0000,1000,1000,418,1,992.9086
80220.0000,8022,2430.1986,0.0000,1000,1000,416,1,992.9094
80230.0000,8023,2430.1968,0.0000,1000,1000,414,1,992.9103
80240.0000,8024,2430.1948,0.0000,1000,1000,411,1,992.9112
80250.0000,8025,2430.1922,0.0000,1000,1000,409,1,992.9121
80260.0000,8026,2430.1891,0.0000,1000,1000,403,1,992.9130
80270.0000,8027,2430.1854,0.0000,1000,1000,400,1,992.9139
80280.0000,8028,2430.1818,0.0000,1000,1000,406,1,992.9147
80290.0000,8029,2430.1794,0.0000,1000,1000,412,1,992.9156
80300.0000,8030,2430.1772,0.0000,1000,1000,414,1,992.9165
80310.0000,8031,2430.1753,0.0000,1000,1000,418,1,992.9174
80320.0000,8032,2430.1736,0.0000,1000,1000,420,1,992.9183
80330.0000,8033,2430.1722,0.0000,1000,1000,418,1,992.9191
80340.0000,8034,2430.1702,0.0000,1000,1000,408,1,992.9200
80350.0000,8035,2430.1677,0.0000,1000,1000,411,1,992.9209
80360.0000,8036,2430.1655,0.0000,1000,1000,410,1,992.9218
80370.0000,8037,2430.1633,0.0000,1000,1000,409,1,992.9227
80380.0000,8038,2430.1603,0.0000,1000,1000,404,1,992.9236
80390.0000,8039,2430.1570,0.0000,1000,1000,404,1,992.9244
80400.0000,8040,2430.1537,0.0000,1000,1000,407,1,992.9253
80410.0000,8041,2430.1505,0.0000,1000,1000,404,1,992.9262
80420.0000,8042,2430.1476,0.0000,1000,1000,410,1,992.9271
80430.0000,8043,2430.1450,0.0000,1000,1000,412,1,992.9280
80440.0000,8044,2430.1428,0.0000,1000,1000,411,1,992.9288
80450.0000,8045,2430.1407,0.0000,1000,1000,412,1,992.9297
80460.0000,8046,2430.1385,0.0000,1000,1000,416,1,992.9306
80470.0000,8047,2430.1367,0.0000,1000,1000,418,1,992.9315
80480.0000,8048,2430.1346,0.0000,1000,1000,411,1,992.9323
80490.0000,8049,2430.1325,0.0000,1000,1000,412,1,992.9332
80500.0000,8050,2430.1300,0.0000,1000,1000,411,1,992.9341
80510.0000,8051,2430.1274,0.0000,1000,1000,410,1,992.9350
80520.0000,8052,2430.1246,0.0000,1000,1000,406,1,992.9359
80530.0000,8053,2430.1218,0.0000,1000,1000,407,1,992.9367
80540.0000,8054,2430.1187,0.0000,1000,1000,406,1,992.9376
80550.0000,8055,2430.1158,0.0000,1000,1000,404,1,992.9385
80560.0000,8056,2430.1129,0.0000,1000,1000,408,1,992.9394
80570.0000,8057,2430.1104,0.0000,1000,1000,412,1,992.9402
80580.0000,8058,2430.1079,0.0000,1000,1000,408,1,992.9411
80590.0000,8059,2430.1053,0.0000,1000,1000,409,1,992.9420
80600.0000,8060,2430.1030,0.0000,1000,1000,416,1,992.9429
80610.0000,8061,2430.1015,0.0000,1000,1000,417,1,992.9437
80620.0000,8062,2430.1000,0.0000,1000,1000,420,1,992.9446
80630.0000,8063,2430.0987,0.0000,1000,1000,419,1,992.9455
80640.0000,8064,2430.0974,0.0000,1000,1000,419,1,992.9464
80650.0000,8065,2430.0962,0.0000,1000,1000,423,1,992.9472
80660.0000,8066,2430.0952,0.0000,1000,1000,420,1,992.9481
80670.0000,8067,2430.0936,0.0000,1000,1000,420,1,992.9490
80680.0000,8068,2430.0921,0.0000,1000,1000,416,1,992.9499
80690.0000,8069,2430.0901,0.0000,1000,1000,411,1,992.9507
80700.0000,8070,2430.0876,0.0000,1000,1000,413,1,992.9516
80710.0000,8071,2430.0856,0.0000,1000,1000,414,1,992.9525
80720.0000,8072,2430.0838,0.0000,1000,1000,417,1,992.9534
80730.0000,8073,2430.0820,0.0000,1000,1000,417,1,992.9542
80740.0000,8074,2430.0801,0.0000,1000,1000,416,1,992.9551
80750.0000,8075,2430.0781,0.0000,1000,1000,410,1,992.9560
80760.0000,8076,2430.0760,0.0000,1000,1000,410,1,992.9569
80770.0000,8077,2430.0733,0.0000,1000,1000,404,1,992.9577
80780.0000,8078,2430.0700,0.0000,1000,1000,404,1,992.9586
80790.0000,8079,2430.0667,0.0000,1000,1000,399,1,992.9595
80800.0000,8080,2430.0626,0.0000,1000,1000,395,1,992.9603
80810.0000,8081,2430.0578,0.0000,1000,1000,387,1,992.9612
80820.0000,8082,2430.0521,0.0000,1000,1000,383,1,992.9621
80830.0000,8083,2430.0463,0.0000,1000,1000,382,1,992.9629
80840.0000,8084,2430.0404,0.0000,1000,1000,377,1,992.9638
80850.0000,8085,2430.0336,0.0000,1000,1000,376,1,992.9647
80860.0000,8086,2430.0273,0.0000,1000,1000,381,1,992.9656
80870.0000,8087,2430.0214,0.0000,1000,1000,382,1,992.9664
80880.0000,8088,2430.0158,0.0000,1000,1000,389,1,992.9673
80890.0000,8089,2430.0103,0.0000,1000,1000,387,1,992.9682
80900.0000,8090,2430.0049,0.0000,1000,1000,388,1,992.9690
80910.0000,8091,2430.0004,0.0000,1000,1000,400,1,992.9699
80920.0000,8092,2429.9970,0.0000,1000,1000,408,1,992.9708
80930.0000,8093,2429.9941,0.0000,1000,1000,405,1,992.9716
80940.0000,8094,2429.9905,0.0000,1000,1000,395,1,992.9725
80950.0000,8095,2429.9860,0.0000,1000,1000,390,1,992.9734
80960.0000,8096,2429.9809,0.0000,1000,1000,390,1,992.9742
80970.0000,8097,2429.9756,0.0000,1000,1000,387,1,992.9751
80980.0000,8098,2429.9706,0.0000,1000,1000,385,1,992.9760
80990.0000,8099,2429.9648,0.0000,1000,1000,381,1,992.9769
81000.0000,8100,2429.9590,0.0000,1000,1000,382,1,992.9777
81010.0000,8101,2429.9532,0.0000,1000,1000,383,1,992.9786
81020.0000,8102,2429.9469,0.0000,1000,1000,378,1,992.9795
81030.0000,8103,2429.9407,0.0000,1000,1000,377,1,992.9803
81040.0000,8104,2429.9341,0.0000,1000,1000,374,1,992.9812
81050.0000,8105,2429.9270,0.0000,1000,1000,371,1,992.9821
81060.0000,8106,2429.9198,0.0000,1000,1000,371,1,992.9829
81070.0000,8107,2429.9125,0.0000,1000,1000,368,1,992.9838
81080.0000,8108,2429.9045,0.0000,1000,1000,361,1,992.9846
81090.0000,8109,2429.8960,0.0000,1000,1000,356,1,992.9855
81100.0000,8110,2429.8873,0.0000,1000,1000,365,1,992.9864
81110.0000,8111,2429.8790,0.0000,1000,1000,360,1,992.9872
81120.0000,8112,2429.8704,0.0000,1000,1000,360,1,992.9881
81130.0000,8113,2429.8614,0.0000,1000,1000,354,1,992.9890
81140.0000,8114,2429.8519,0.0000,1000,1000,352,1,992.9898
81150.0000,8115,2429.8426,0.0000,1000,1000,355,1,992.9907
81160.0000,8116,2429.8331,0.0000,1000,1000,351,1,992.9916
81170.0000,8117,2429.8235,0.0000,1000,1000,352,1,992.9924
81180.0000,8118,2429.8136,0.0000,1000,1000,350,1,992.9933
81190.0000,8119,2429.8041,0.0000,1000,1000,358,1,992.9942
81200.0000,8120,2429.7949,0.0000,1000,1000,354,1,992.9950
81210.0000,8121,2429.7860,0.0000,1000,1000,360,1,992.9959
81220.0000,8122,2429.7780,0.0000,1000,1000,369,1,992.9967
81230.0000,8123,2429.7703,0.0000,1000,1000,369,1,992.9976
81240.0000,8124,2429.7630,0.0000,1000,1000,373,1,992.9985
81250.0000,8125,2429.7562,0.0000,1000,1000,376,1,992.9993
81260.0000,8126,2429.7496,0.0000,1000,1000,378,1,993.0002
81270.0000,8127,2429.7428,0.0000,1000,1000,370,1,993.0010
81280.0000,8128,2429.7358,0.0000,1000,1000,377,1,993.0019
81290.0000,8129,2429.7293,0.0000,1000,1000,375,1,993.0028
81300.0000,8130,2429.7227,0.0000,1000,1000,376,1,993.0036
81310.0000,8131,2429.7159,0.0000,1000,1000,376,1,993.0045
81320.0000,8132,2429.7096,0.0000,1000,1000,380,1,993.0054
81330.0000,8133,2429.7037,0.0000,1000,1000,380,1,993.0062
81340.0000,8134,2429.6978,0.0000,1000,1000,388,1,993.0071
81350.0000,8135,2429.6925,0.0000,1000,1000,386,1,993.0079
81360.0000,8136,2429.6872,0.0000,1000,1000,389,1,993.0088
81370.0000,8137,2429.6817,0.0000,1000,1000,382,1,993.0097
81380.0000,8138,2429.6759,0.0000,1000,1000,383,1,993.0105
81390.0000,8139,2429.6700,0.0000,1000,1000,380,1,993.0114
81400.0000,8140,2429.6638,0.0000,1000,1000,380,1,993.0122
81410.0000,8141,2429.6580,0.0000,1000,1000,383,1,993.0131
81420.0000,8142,2429.6524,0.0000,1000,1000,387,1,993.0139
81430.0000,8143,2429.6472,0.0000,1000,1000,391,1,993.0148
81440.0000,8144,2429.6423,0.0000,1000,1000,385,1,993.0157
81450.0000,8145,2429.6374,0.0000,1000,1000,391,1,993.0165
81460.0000,8146,2429.6328,0.0000,1000,1000,393,1,993.0174
81470.0000,8147,2429.6287,0.0000,1000,1000,397,1,993.0182
81480.0000,8148,2429.6251,0.0000,1000,1000,405,1,993.0191
81490.0000,8149,2429.6214,0.0000,1000,1000,393,1,993.0199
81500.0000,8150,2429.6165,0.0000,1000,1000,386,1,993.0208
81510.0000,8151,2429.6108,0.0000,1000,1000,383,1,993.0217
81520.0000,8152,2429.6044,0.0000,1000,1000,376,1,993.0225
81530.0000,8153,2429.5978,0.0000,1000,1000,377,1,993.0234
81540.0000,8154,2429.5913,0.0000,1000,1000,378,1,993.0242
81550.0000,8155,2429.5845,0.0000,1000,1000,372,1,993.0251
81560.0000,8156,2429.5774,0.0000,1000,1000,370,1,993.0259
81570.0000,8157,2429.5693,0.0000,1000,1000,363,1,993.0268
81580.0000,8158,2429.5609,0.0000,1000,1000,360,1,993.0276
81590.0000,8159,2429.5525,0.0000,1000,1000,364,1,993.0285
81600.0000,8160,2429.5444,0.0000,1000,1000,360,1,993.0294
81610.0000,8161,2429.5359,0.0000,1000,1000,361,1,993.0302
81620.0000,8162,2429.5275,0.0000,1000,1000,357,1,993.0311
81630.0000,8163,2429.5179,0.0000,1000,1000,352,1,993.0319
81640.0000,8164,2429.5080,0.0000,1000,1000,349,1,993.0328
81650.0000,8165,2429.4988,0.0000,1000,1000,355,1,993.0336
81660.0000,8166,2429.4899,0.0000,1000,1000,351,1,993.0345
81670.0000,8167,2429.4799,0.0000,1000,1000,346,1,993.0353
81680.0000,8168,2429.4700,0.0000,1000,1000,351,1,993.0362
81690.0000,8169,2429.4602,0.0000,1000,1000,347,1,993.0370
81700.0000,8170,2429.4491,0.0000,1000,1000,333,1,993.0379
81710.0000,8171,2429.4370,0.0000,1000,1000,332,1,993.0387
81720.0000,8172,2429.4251,0.0000,1000,1000,328,1,993.0396
81730.0000,8173,2429.4125,0.0000,1000,1000,324,1,993.0404
81740.0000,8174,2429.3989,0.0000,1000,1000,317,1,993.0413
81750.0000,8175,2429.3851,0.0000,1000,1000,319,1,993.0421
81760.0000,8176,2429.3712,0.0000,1000,1000,317,1,993.0430
81770.0000,8177,2429.3572,0.0000,1000,1000,316,1,993.0438
81780.0000,8178,2429.3431,0.0000,1000,1000,315,1,993.0447
81790.0000,8179,2429.3288,0.0000,1000,1000,312,1,993.0455
81800.0000,8180,2429.3140,0.0000,1000,1000,304,1,993.0464
81810.0000,8181,2429.2988,0.0000,1000,1000,305,1,993.0472
81820.0000,8182,2429.2835,0.0000,1000,1000,300,1,993.0481
81830.0000,8183,2429.2678,0.0000,1000,1000,297,1,993.0489
81840.0000,8184,2429.2519,0.0000,1000,1000,297,1,993.0498
81850.0000,8185,2429.2354,0.0000,1000,1000,291,1,993.0506
81860.0000,8186,2429.2183,0.0000,1000,1000,287,1,993.0515
81870.0000,8187,2429.2006,0.0000,1000,1000,281,1,993.0523
81880.0000,8188,2429.1823,0.0000,1000,1000,279,1,993.0532
81890.0000,8189,2429.1645,0.0000,1000,1000,285,1,993.0540
81900.0000,8190,2429.1468,0.0000,1000,1000,282,1,993.0549
81910.0000,8191,2429.1288,0.0000,1000,1000,281,1,993.0557
81920.0000,8192,2429.1100,0.0000,1000,1000,271,1,993.0566
81930.0000,8193,2429.0904,0.0000,1000,1000,264,1,993.0574
81940.0000,8194,2429.0707,0.0000,1000,1000,267,1,993.0583
81950.0000,8195,2429.0508,0.0000,1000,1000,265,1,993.0591
81960.0000,8196,2429.0309,0.0000,1000,1000,262,1,993.0600
81970.0000,8197,2429.0107,0.0000,1000,1000,269,1,993.0608
81980.0000,8198,2428.9910,0.0000,1000,1000,261,1,993.0617
81990.0000,8199,2428.9707,0.0000,1000,1000,263,1,993.0625
82000.0000,8200,2428.9503,0.0000,1000,1000,261,1,993.0634
82010.0000,8201,2428.9296,0.0000,1000,1000,259,1,993.0642
82020.0000,8202,2428.9084,0.0000,1000,1000,249,1,993.0650
82030.0000,8203,2428.8861,0.0000,1000,1000,246,1,993.0659
82040.0000,8204,2428.8635,0.0000,1000,1000,241,1,993.0667
82050.0000,8205,2428.8406,0.0000,1000,1000,241,1,993.0676
82060.0000,8206,2428.8175,0.0000,1000,1000,237,1,993.0684
82070.0000,8207,2428.7940,0.0000,1000,1000,238,1,993.0693
82080.0000,8208,2428.7702,0.0000,1000,1000,230,1,993.0701
82090.0000,8209,2428.7461,0.0000,1000,1000,231,1,993.0710
82100.0000,8210,2428.7216,0.0000,1000,1000,226,1,993.0718
82110.0000,8211,2428.6972,0.0000,1000,1000,229,1,993.0726
82120.0000,8212,2428.6729,0.0000,1000,1000,229,1,993.0735
82130.0000,8213,2428.6491,0.0000,1000,1000,238,1,993.0743
82140.0000,8214,2428.6260,0.0000,1000,1000,234,1,993.0752
82150.0000,8215,2428.6028,0.0000,1000,1000,239,1,993.0760
82160.0000,8216,2428.5797,0.0000,1000,1000,235,1,993.0769
82170.0000,8217,2428.5562,0.0000,1000,1000,236,1,993.0777
82180.0000,8218,2428.5328,0.0000,1000,1000,236,1,993.0786
82190.0000,8219,2428.5098,0.0000,1000,1000,243,1,993.0794
82200.0000,8220,2428.4875,0.0000,1000,1000,246,1,993.0802
82210.0000,8221,2428.4654,0.0000,1000,1000,251,1,993.0811
82220.0000,8222,2428.4437,0.0000,1000,1000,252,1,993.0819
82230.0000,8223,2428.4223,0.0000,1000,1000,254,1,993.0828
82240.0000,8224,2428.4016,0.0000,1000,1000,258,1,993.0836
82250.0000,8225,2428.3806,0.0000,1000,1000,258,1,993.0844
82260.0000,8226,2428.3600,0.0000,1000,1000,256,1,993.0853
82270.0000,8227,2428.3390,0.0000,1000,1000,254,1,993.0861
82280.0000,8228,2428.3176,0.0000,1000,1000,253,1,993.0870
82290.0000,8229,2428.2966,0.0000,1000,1000,259,1,993.0878
82300.0000,8230,2428.2760,0.0000,1000,1000,257,1,993.0886
82310.0000,8231,2428.2553,0.0000,1000,1000,261,1,993.0895
82320.0000,8232,2428.2353,0.0000,1000,1000,269,1,993.0903
82330.0000,8233,2428.2160,0.0000,1000,1000,268,1,993.0912
82340.0000,8234,2428.1961,0.0000,1000,1000,264,1,993.0920
82350.0000,8235,2428.1758,0.0000,1000,1000,260,1,993.0928
82360.0000,8236,2428.1557,0.0000,1000,1000,261,1,993.0937
82370.0000,8237,2428.1356,0.0000,1000,1000,261,1,993.0945
82380.0000,8238,2428.1151,0.0000,1000,1000,258,1,993.0954
82390.0000,8239,2428.0945,0.0000,1000,1000,254,1,993.0962
82400.0000,8240,2428.0734,0.0000,1000,1000,255,1,993.0970
82410.0000,8241,2428.0524,0.0000,1000,1000,252,1,993.0979
82420.0000,8242,2428.0313,0.0000,1000,1000,253,1,993.0987
82430.0000,8243,2428.0105,0.0000,1000,1000,256,1,993.0995
82440.0000,8244,2427.9895,0.0000,1000,1000,254,1,993.1004
82450.0000,8245,2427.9680,0.0000,1000,1000,253,1,993.1012
82460.0000,8246,2427.9469,0.0000,1000,1000,254,1,993.1021
82470.0000,8247,2427.9257,0.0000,1000,1000,250,1,993.1029
82480.0000,8248,2427.9037,0.0000,1000,1000,244,1,993.1037
82490.0000,8249,2427.8810,0.0000,1000,1000,238,1,993.1046
82500.0000,8250,2427.8572,0.0000,1000,1000,225,1,993.1054
82510.0000,8251,2427.8326,0.0000,1000,1000,228,1,993.1062
82520.0000,8252,2427.8081,0.0000,1000,1000,226,1,993.1071
82530.0000,8253,2427.7838,0.0000,1000,1000,227,1,993.1079
82540.0000,8254,2427.7595,0.0000,1000,1000,227,1,993.1087
82550.0000,8255,2427.7357,0.0000,1000,1000,233,1,993.1096
82560.0000,8256,2427.7119,0.0000,1000,1000,226,1,993.1104
82570.0000,8257,2427.6873,0.0000,1000,1000,223,1,993.1112
82580.0000,8258,2427.6623,0.0000,1000,1000,220,1,993.1121
82590.0000,8259,2427.6371,0.0000,1000,1000,221,1,993.1129
82600.0000,8260,2427.6120,0.0000,1000,1000,218,1,993.1137
82610.0000,8261,2427.5862,0.0000,1000,1000,215,1,993.1146
82620.0000,8262,2427.5609,0.0000,1000,1000,220,1,993.1154
82630.0000,8263,2427.5359,0.0000,1000,1000,220,1,993.1162
82640.0000,8264,2427.5106,0.0000,1000,1000,213,1,993.1171
82650.0000,8265,2427.4848,0.0000,1000,1000,212,1,993.1179
82660.0000,8266,2427.4584,0.0000,1000,1000,211,1,993.1187
82670.0000,8267,2427.4322,0.0000,1000,1000,208,1,993.1196
82680.0000,8268,2427.4058,0.0000,1000,1000,211,1,993.1204
82690.0000,8269,2427.3794,0.0000,1000,1000,210,1,993.1212
82700.0000,8270,2427.3536,0.0000,1000,1000,216,1,993.1221
82710.0000,8271,2427.3283,0.0000,1000,1000,218,1,993.1229
82720.0000,8272,2427.3025,0.0000,1000,1000,211,1,993.1237
82730.0000,8273,2427.2763,0.0000,1000,1000,212,1,993.1246
82740.0000,8274,2427.2498,0.0000,1000,1000,209,1,993.1254
82750.0000,8275,2427.2235,0.0000,1000,1000,208,1,993.1262
82760.0000,8276,2427.1970,0.0000,1000,1000,210,1,993.1271
82770.0000,8277,2427.1707,0.0000,1000,1000,209,1,993.1279
82780.0000,8278,2427.1448,0.0000,1000,1000,214,1,993.1287
82790.0000,8279,2427.1197,0.0000,1000,1000,225,1,993.1295
82800.0000,8280,2427.0950,0.0000,1000,1000,223,1,993.1304
82810.0000,8281,2427.0701,0.0000,1000,1000,220,1,993.1312
82820.0000,8282,2427.0447,0.0000,1000,1000,216,1,993.1320
82830.0000,8283,2427.0192,0.0000,1000,1000,213,1,993.1329
82840.0000,8284,2426.9933,0.0000,1000,1000,209,1,993.1337
82850.0000,8285,2426.9674,0.0000,1000,1000,211,1,993.1345
82860.0000,8286,2426.9410,0.0000,1000,1000,211,1,993.1354
82870.0000,8287,2426.9145,0.0000,1000,1000,205,1,993.1362
82880.0000,8288,2426.8883,0.0000,1000,1000,211,1,993.1370
82890.0000,8289,2426.8620,0.0000,1000,1000,211,1,993.1378
82900.0000,8290,2426.8360,0.0000,1000,1000,212,1,993.1387
82910.0000,8291,2426.8096,0.0000,1000,1000,206,1,993.1395
82920.0000,8292,2426.7827,0.0000,1000,1000,199,1,993.1403
82930.0000,8293,2426.7552,0.0000,1000,1000,203,1,993.1411
82940.0000,8294,2426.7283,0.0000,1000,1000,198,1,993.1420
82950.0000,8295,2426.7009,0.0000,1000,1000,203,1,993.1428
82960.0000,8296,2426.6737,0.0000,1000,1000,202,1,993.1436
82970.0000,8297,2426.6467,0.0000,1000,1000,204,1,993.1445
82980.0000,8298,2426.6196,0.0000,1000,1000,200,1,993.1453
82990.0000,8299,2426.5924,0.0000,1000,1000,203,1,993.1461
83000.0000,8300,2426.5650,0.0000,1000,1000,199,1,993.1469
83010.0000,8301,2426.5371,0.0000,1000,1000,195,1,993.1478
83020.0000,8302,2426.5091,0.0000,1000,1000,192,1,993.1486
83030.0000,8303,2426.4810,0.0000,1000,1000,191,1,993.1494
83040.0000,8304,2426.4525,0.0000,1000,1000,192,1,993.1502
83050.0000,8305,2426.4241,0.0000,1000,1000,190,1,993.1511
83060.0000,8306,2426.3957,0.0000,1000,1000,191,1,993.1519
83070.0000,8307,2426.3667,0.0000,1000,1000,181,1,993.1527
83080.0000,8308,2426.3376,0.0000,1000,1000,187,1,993.1535
83090.0000,8309,2426.3090,0.0000,1000,1000,190,1,993.1544
83100.0000,8310,2426.2802,0.0000,1000,1000,187,1,993.1552
83110.0000,8311,2426.2512,0.0000,1000,1000,186,1,993.1560
83120.0000,8312,2426.2226,0.0000,1000,1000,192,1,993.1568
83130.0000,8313,2426.1945,0.0000,1000,1000,191,1,993.1576
83140.0000,8314,2426.1663,0.0000,1000,1000,191,1,993.1585
83150.0000,8315,2426.1376,0.0000,1000,1000,184,1,993.1593
83160.0000,8316,2426.1083,0.0000,1000,1000,183,1,993.1601
83170.0000,8317,2426.0787,0.0000,1000,1000,177,1,993.1609
83180.0000,8318,2426.0488,0.0000,1000,1000,177,1,993.1618
83190.0000,8319,2426.0191,0.0000,1000,1000,183,1,993.1626
83200.0000,8320,2425.9896,0.0000,1000,1000,178,1,993.1634
83210.0000,8321,2425.9598,0.0000,1000,1000,186,1,993.1642
83220.0000,8322,2425.9310,0.0000,1000,1000,190,1,993.1650
83230.0000,8323,2425.9026,0.0000,1000,1000,191,1,993.1659
83240.0000,8324,2425.8741,0.0000,1000,1000,190,1,993.1667
83250.0000,8325,2425.8453,0.0000,1000,1000,182,1,993.1675
83260.0000,8326,2425.8163,0.0000,1000,1000,184,1,993.1683
83270.0000,8327,2425.7873,0.0000,1000,1000,185,1,993.1692
83280.0000,8328,2425.7581,0.0000,1000,1000,181,1,993.1700
83290.0000,8329,2425.7293,0.0000,1000,1000,190,1,993.1708
83300.0000,8330,2425.7006,0.0000,1000,1000,182,1,993.1716
83310.0000,8331,2425.6714,0.0000,1000,1000,183,1,993.1724
83320.0000,8332,2425.6424,0.0000,1000,1000,187,1,993.1733
83330.0000,8333,2425.6144,0.0000,1000,1000,198,1,993.1741
83340.0000,8334,2425.5869,0.0000,1000,1000,196,1,993.1749
83350.0000,8335,2425.5595,0.0000,1000,1000,201,1,993.1757
83360.0000,8336,2425.5328,0.0000,1000,1000,205,1,993.1765
83370.0000,8337,2425.5063,0.0000,1000,1000,202,1,993.1773
83380.0000,8338,2425.4794,0.0000,1000,1000,199,1,993.1782
83390.0000,8339,2425.4522,0.0000,1000,1000,195,1,993.1790
83400.0000,8340,2425.4243,0.0000,1000,1000,194,1,993.1798
83410.0000,8341,2425.3972,0.0000,1000,1000,204,1,993.1806
83420.0000,8342,2425.3709,0.0000,1000,1000,207,1,993.1814
83430.0000,8343,2425.3447,0.0000,1000,1000,203,1,993.1823
83440.0000,8344,2425.3178,0.0000,1000,1000,202,1,993.1831
83450.0000,8345,2425.2908,0.0000,1000,1000,198,1,993.1839
83460.0000,8346,2425.2637,0.0000,1000,1000,200,1,993.1847
83470.0000,8347,2425.2366,0.0000,1000,1000,198,1,993.1855
83480.0000,8348,2425.2092,0.0000,1000,1000,195,1,993.1863
83490.0000,8349,2425.1812,0.0000,1000,1000,189,1,993.1872
83500.0000,8350,2425.1528,0.0000,1000,1000,191,1,993.1880
83510.0000,8351,2425.1239,0.0000,1000,1000,181,1,993.1888
83520.0000,8352,2425.0947,0.0000,1000,1000,182,1,993.1896
83530.0000,8353,2425.0651,0.0000,1000,1000,174,1,993.1904
83540.0000,8354,2425.0353,0.0000,1000,1000,176,1,993.1912
83550.0000,8355,2425.0051,0.0000,1000,1000,169,1,993.1920
83560.0000,8356,2424.9745,0.0000,1000,1000,168,1,993.1929
83570.0000,8357,2424.9436,0.0000,1000,1000,164,1,993.1937
83580.0000,8358,2424.9124,0.0000,1000,1000,162,1,993.1945
83590.0000,8359,2424.8810,0.0000,1000,1000,168,1,993.1953
83600.0000,8360,2424.8503,0.0000,1000,1000,166,1,993.1961
83610.0000,8361,2424.8190,0.0000,1000,1000,161,1,993.1969
83620.0000,8362,2424.7875,0.0000,1000,1000,160,1,993.1977
83630.0000,8363,2424.7561,0.0000,1000,1000,165,1,993.1986
83640.0000,8364,2424.7252,0.0000,1000,1000,166,1,993.1994
83650.0000,8365,2424.6945,0.0000,1000,1000,166,1,993.2002
83660.0000,8366,2424.6629,0.0000,1000,1000,154,1,993.2010
83670.0000,8367,2424.6303,0.0000,1000,1000,152,1,993.2018
83680.0000,8368,2424.5973,0.0000,1000,1000,147,1,993.2026
83690.0000,8369,2424.5644,0.0000,1000,1000,149,1,993.2034
83700.0000,8370,2424.5316,0.0000,1000,1000,150,1,993.2042
83710.0000,8371,2424.4984,0.0000,1000,1000,147,1,993.2051
83720.0000,8372,2424.4653,0.0000,1000,1000,148,1,993.2059
83730.0000,8373,2424.4322,0.0000,1000,1000,151,1,993.2067
83740.0000,8374,2424.3994,0.0000,1000,1000,147,1,993.2075
83750.0000,8375,2424.3663,0.0000,1000,1000,143,1,993.2083
83760.0000,8376,2424.3328,0.0000,1000,1000,143,1,993.2091
83770.0000,8377,2424.2991,0.0000,1000,1000,142,1,993.2099
83780.0000,8378,2424.2651,0.0000,1000,1000,140,1,993.2107
83790.0000,8379,2424.2314,0.0000,1000,1000,137,1,993.2115
83800.0000,8380,2424.1968,0.0000,1000,1000,135,1,993.2124
83810.0000,8381,2424.1622,0.0000,1000,1000,130,1,993.2132
83820.0000,8382,2424.1272,0.0000,1000,1000,130,1,993.2140
83830.0000,8383,2424.0921,0.0000,1000,1000,126,1,993.2148
83840.0000,8384,2424.0561,0.0000,1000,1000,120,1,993.2156
83850.0000,8385,2424.0203,0.0000,1000,1000,122,1,993.2164
83860.0000,8386,2423.9845,0.0000,1000,1000,122,1,993.2172
83870.0000,8387,2423.9480,0.0000,1000,1000,116,1,993.2180
83880.0000,8388,2423.9110,0.0000,1000,1000,109,1,993.2188
83890.0000,8389,2423.8731,0.0000,1000,1000,103,1,993.2196
83900.0000,8390,2423.8351,0.0000,1000,1000,108,1,993.2204
83910.0000,8391,2423.7972,0.0000,1000,1000,104,1,993.2213
83920.0000,8392,2423.7587,0.0000,1000,1000,99,1,993.2221
83930.0000,8393,2423.7203,0.0000,1000,1000,102,1,993.2229
83940.0000,8394,2423.6810,0.0000,1000,1000,89,1,993.2237
83950.0000,8395,2423.6406,0.0000,1000,1000,81,1,993.2245
83960.0000,8396,2423.6003,0.0000,1000,1000,85,1,993.2253
83970.0000,8397,2423.5599,0.0000,1000,1000,87,1,993.2261
83980.0000,8398,2423.5194,0.0000,1000,1000,82,1,993.2269
83990.0000,8399,2423.4785,0.0000,1000,1000,81,1,993.2277
84000.0000,8400,2423.4379,0.0000,1000,1000,80,1,993.2285
84010.0000,8401,2423.3968,0.0000,1000,1000,80,1,993.2293
84020.0000,8402,2423.3563,0.0000,1000,1000,82,1,993.2301
84030.0000,8403,2423.3158,0.0000,1000,1000,82,1,993.2309
84040.0000,8404,2423.2748,0.0000,1000,1000,76,1,993.2317
84050.0000,8405,2423.2334,0.0000,1000,1000,74,1,993.2325
84060.0000,8406,2423.1917,0.0000,1000,1000,74,1,993.2333
84070.0000,8407,2423.1499,0.0000,1000,1000,71,1,993.2342
84080.0000,8408,2423.1080,0.0000,1000,1000,74,1,993.2350
84090.0000,8409,2423.0671,0.0000,1000,1000,81,1,993.2358
84100.0000,8410,2423.0261,0.0000,1000,1000,77,1,993.2366
84110.0000,8411,2422.9854,0.0000,1000,1000,84,1,993.2374
84120.0000,8412,2422.9446,0.0000,1000,1000,75,1,993.2382
84130.0000,8413,2422.9033,0.0000,1000,1000,78,1,993.2390
84140.0000,8414,2422.8626,0.0000,1000,1000,83,1,993.2398
84150.0000,8415,2422.8218,0.0000,1000,1000,74,1,993.2406
84160.0000,8416,2422.7798,0.0000,1000,1000,63,1,993.2414
84170.0000,8417,2422.7372,0.0000,1000,1000,64,1,993.2422
84180.0000,8418,2422.6950,0.0000,1000,1000,69,1,993.2430
84190.0000,8419,2422.6533,0.0000,1000,1000,71,1,993.2438
84200.0000,8420,2422.6113,0.0000,1000,1000,66,1,993.2446
84210.0000,8421,2422.5686,0.0000,1000,1000,59,1,993.2454
84220.0000,8422,2422.5254,0.0000,1000,1000,58,1,993.2462
84230.0000,8423,2422.4820,0.0000,1000,1000,56,1,993.2470
84240.0000,8424,2422.4381,0.0000,1000,1000,51,1,993.2478
84250.0000,8425,2422.3936,0.0000,1000,1000,43,1,993.2486
84260.0000,8426,2422.3483,0.0000,1000,1000,38,1,993.2494
84270.0000,8427,2422.3035,0.0000,1000,1000,48,1,993.2502
84280.0000,8428,2422.2589,0.0000,1000,1000,46,1,993.2510
84290.0000,8429,2422.2143,0.0000,1000,1000,47,1,993.2518
84300.0000,8430,2422.1697,0.0000,1000,1000,46,1,993.2526
84310.0000,8431,2422.1250,0.0000,1000,1000,41,1,993.2534
84320.0000,8432,2422.0794,0.0000,1000,1000,38,1,993.2542
84330.0000,8433,2422.0342,0.0000,1000,1000,41,1,993.2550
84340.0000,8434,2421.9892,0.0000,1000,1000,42,1,993.2558
84350.0000,8435,2421.9442,0.0000,1000,1000,40,1,993.2566
84360.0000,8436,2421.8988,0.0000,1000,1000,38,1,993.2574
84370.0000,8437,2421.8532,0.0000,1000,1000,40,1,993.2582
84380.0000,8438,2421.8084,0.0000,1000,1000,46,1,993.2590
84390.0000,8439,2421.7640,0.0000,1000,1000,44,1,993.2598
84400.0000,8440,2421.7189,0.0000,1000,1000,41,1,993.2606
84410.0000,8441,2421.6736,0.0000,1000,1000,43,1,993.2614
84420.0000,8442,2421.6289,0.0000,1000,1000,44,1,993.2622
84430.0000,8443,2421.5841,0.0000,1000,1000,43,1,993.2630
84440.0000,8444,2421.5401,0.0000,1000,1000,49,1,993.2638
84450.0000,8445,2421.4958,0.0000,1000,1000,47,1,993.2646
84460.0000,8446,2421.4512,0.0000,1000,1000,47,1,993.2654
84470.0000,8447,2421.4071,0.0000,1000,1000,48,1,993.2662
84480.0000,8448,2421.3628,0.0000,1000,1000,46,1,993.2670
84490.0000,8449,2421.3187,0.0000,1000,1000,50,1,993.2678
84500.0000,8450,2421.2744,0.0000,1000,1000,47,1,993.2686
84510.0000,8451,2421.2300,0.0000,1000,1000,44,1,993.2694
84520.0000,8452,2421.1857,0.0000,1000,1000,45,1,993.2702
84530.0000,8453,2421.1411,0.0000,1000,1000,43,1,993.2710
84540.0000,8454,2421.0969,0.0000,1000,1000,51,1,993.2718
84550.0000,8455,2421.0529,0.0000,1000,1000,47,1,993.2726
84560.0000,8456,2421.0088,0.0000,1000,1000,50,1,993.2734
84570.0000,8457,2420.9643,0.0000,1000,1000,42,1,993.2742
84580.0000,8458,2420.9194,0.0000,1000,1000,41,1,993.2749
84590.0000,8459,2420.8744,0.0000,1000,1000,38,1,993.2757
84600.0000,8460,2420.8293,0.0000,1000,1000,41,1,993.2765
84610.0000,8461,2420.7838,0.0000,1000,1000,33,1,993.2773
84620.0000,8462,2420.7377,0.0000,1000,1000,30,1,993.2781
84630.0000,8463,2420.6920,0.0000,1000,1000,34,1,993.2789
84640.0000,8464,2420.6467,0.0000,1000,1000,37,1,993.2797
84650.0000,8465,2420.6014,0.0000,1000,1000,38,1,993.2805
84660.0000,8466,2420.5565,0.0000,1000,1000,39,1,993.2813
84670.0000,8467,2420.5114,0.0000,1000,1000,41,1,993.2821
84680.0000,8468,2420.4668,0.0000,1000,1000,43,1,993.2829
84690.0000,8469,2420.4225,0.0000,1000,1000,44,1,993.2837
84700.0000,8470,2420.3781,0.0000,1000,1000,44,1,993.2845
84710.0000,8471,2420.3342,0.0000,1000,1000,48,1,993.2853
84720.0000,8472,2420.2896,0.0000,1000,1000,38,1,993.2861
84730.0000,8473,2420.2447,0.0000,999,1000,43,1,993.2869
84740.0000,8474,2420.2004,0.0000,999,1000,48,1,993.2876
84750.0000,8475,2420.1569,0.0000,996,1000,56,1,993.2884
84760.0000,8476,2420.1137,0.0000,991,1000,65,1,993.2892
84770.0000,8477,2420.0712,0.0000,991,1000,74,1,993.2900
84780.0000,8478,2420.0298,0.0000,991,1000,83,1,993.2908
84790.0000,8479,2419.9894,0.0000,987,1000,88,1,993.2916
84800.0000,8480,2419.9488,0.0000,979,1000,95,1,993.2924
84810.0000,8481,2419.9090,0.0000,982,1000,106,1,993.2932
84820.0000,8482,2419.8704,0.0000,980,1000,115,1,993.2940
84830.0000,8483,2419.8328,0.0000,980,1000,122,1,993.2948
84840.0000,8484,2419.7954,0.0000,972,1000,131,1,993.2956
84850.0000,8485,2419.7586,0.0000,971,1000,140,1,993.2963
84860.0000,8486,2419.7228,0.0000,969,1000,148,1,993.2971
84870.0000,8487,2419.6879,0.0000,970,1000,156,1,993.2979
84880.0000,8488,2419.6541,0.0000,971,1000,164,1,993.2987
84890.0000,8489,2419.6207,0.0000,969,1000,171,1,993.2995
84900.0000,8490,2419.5884,0.0000,972,1000,176,1,993.3003
84910.0000,8491,2419.5562,0.0000,962,1000,186,1,993.3011
84920.0000,8492,2419.5243,0.0000,955,1000,198,1,993.3019
84930.0000,8493,2419.4939,0.0000,956,1000,208,1,993.3027
84940.0000,8494,2419.4634,0.0000,946,1000,217,1,993.3035
84950.0000,8495,2419.4327,0.0000,937,1000,223,1,993.3042
84960.0000,8496,2419.4024,0.0000,933,1000,232,1,993.3050
84970.0000,8497,2419.3731,0.0000,933,1000,244,1,993.3058
84980.0000,8498,2419.3453,0.0000,932,1000,256,1,993.3066
84990.0000,8499,2419.3187,0.0000,934,1000,264,1,993.3074
85000.0000,8500,2419.2938,0.0000,936,1000,278,1,993.3082
85010.0000,8501,2419.2696,0.0000,925,1000,288,1,993.3090
85020.0000,8502,2419.2460,0.0000,922,1000,295,1,993.3098
85030.0000,8503,2419.2223,0.0000,922,1000,306,1,993.3105
85040.0000,8504,2419.2002,0.0000,914,1000,319,1,993.3113
85050.0000,8505,2419.1791,0.0000,917,1000,327,1,993.3121
85060.0000,8506,2419.1592,0.0000,917,1000,336,1,993.3129
85070.0000,8507,2419.1404,0.0000,917,1000,344,1,993.3137
85080.0000,8508,2419.1225,0.0000,917,1000,353,1,993.3145
85090.0000,8509,2419.1052,0.0000,913,1000,360,1,993.3153
85100.0000,8510,2419.0886,0.0000,917,1000,367,1,993.3160
85110.0000,8511,2419.0734,0.0000,916,1000,375,1,993.3168
85120.0000,8512,2419.0595,0.0000,925,1000,383,1,993.3176
85130.0000,8513,2419.0467,0.0000,922,1000,389,1,993.3184
85140.0000,8514,2419.0348,0.0000,920,1000,402,1,993.3192
85150.0000,8515,2419.0237,0.0000,918,1000,411,1,993.3200
85160.0000,8516,2419.0140,0.0000,928,1000,419,1,993.3208
85170.0000,8517,2419.0057,0.0000,925,1000,425,1,993.3215
85180.0000,8518,2418.9982,0.0000,925,1000,435,1,993.3223
85190.0000,8519,2418.9922,0.0000,927,1000,443,1,993.3231
85200.0000,8520,2418.9869,0.0000,929,1000,453,1,993.3239
85210.0000,8521,2418.9828,0.0000,928,1000,461,1,993.3247
85220.0000,8522,2418.9799,0.0000,930,1000,471,1,993.3255
85230.0000,8523,2418.9787,0.0000,933,1000,483,1,993.3262
85240.0000,8524,2418.9788,0.0000,932,1000,499,1,993.3270
85250.0000,8525,2418.9803,0.0000,923,1000,507,1,993.3278
85260.0000,8526,2418.9816,0.0000,916,1000,516,1,993.3286
85270.0000,8527,2418.9833,0.0000,913,1000,526,1,993.3294
85280.0000,8528,2418.9865,0.0000,916,1000,534,1,993.3302
85290.0000,8529,2418.9902,0.0000,911,1000,548,1,993.3309
85300.0000,8530,2418.9949,0.0000,904,1000,555,1,993.3317
85310.0000,8531,2418.9998,0.0000,905,1000,559,1,993.3325
85320.0000,8532,2419.0063,0.0000,911,1000,571,1,993.3333
85330.0000,8533,2419.0138,0.0000,901,1000,579,1,993.3341
85340.0000,8534,2419.0215,0.0000,897,1000,593,1,993.3348
85350.0000,8535,2419.0299,0.0000,888,1000,603,1,993.3356
85360.0000,8536,2419.0385,0.0000,882,1000,612,1,993.3364
85370.0000,8537,2419.0482,0.0000,883,1000,623,1,993.3372
85380.0000,8538,2419.0593,0.0000,882,1000,637,1,993.3380
85390.0000,8539,2419.0720,0.0000,875,1000,655,1,993.3387
85400.0000,8540,2419.0855,0.0000,873,1000,670,1,993.3395
85410.0000,8541,2419.1007,0.0000,876,1000,677,1,993.3403
85420.0000,8542,2419.1167,0.0000,877,1000,683,1,993.3411
85430.0000,8543,2419.1337,0.0000,879,1000,694,1,993.3419
85440.0000,8544,2419.1517,0.0000,872,1000,704,1,993.3426
85450.0000,8545,2419.1707,0.0000,875,1000,713,1,993.3434
85460.0000,8546,2419.1908,0.0000,868,1000,723,1,993.3442
85470.0000,8547,2419.2110,0.0000,862,1000,725,1,993.3450
85480.0000,8548,2419.2308,0.0000,860,1000,734,1,993.3458
85490.0000,8549,2419.2515,0.0000,853,1000,745,1,993.3465
85500.0000,8550,2419.2730,0.0000,857,1000,756,1,993.3473
85510.0000,8551,2419.2962,0.0000,856,1000,767,1,993.3481
85520.0000,8552,2419.3192,0.0000,842,1000,773,1,993.3489
85530.0000,8553,2419.3424,0.0000,836,1000,783,1,993.3496
85540.0000,8554,2419.3659,0.0000,831,1000,788,1,993.3504
85550.0000,8555,2419.3900,0.0000,838,1000,794,1,993.3512
85560.0000,8556,2419.4153,0.0000,838,1000,807,1,993.3520
85570.0000,8557,2419.4423,0.0000,840,1000,816,1,993.3528
85580.0000,8558,2419.4703,0.0000,842,1000,824,1,993.3535
85590.0000,8559,2419.4997,0.0000,845,1000,831,1,993.3543
85600.0000,8560,2419.5302,0.0000,845,1000,838,1,993.3551
85610.0000,8561,2419.5613,0.0000,843,1000,847,1,993.3559
85620.0000,8562,2419.5935,0.0000,846,1000,857,1,993.3566
85630.0000,8563,2419.6271,0.0000,852,1000,864,1,993.3574
85640.0000,8564,2419.6622,0.0000,853,1000,870,1,993.3582
85650.0000,8565,2419.6983,0.0000,858,1000,878,1,993.3590
85660.0000,8566,2419.7365,0.0000,864,1000,889,1,993.3597
85670.0000,8567,2419.7767,0.0000,871,1000,901,1,993.3605
85680.0000,8568,2419.8182,0.0000,869,1000,912,1,993.3613
85690.0000,8569,2419.8607,0.0000,870,1000,919,1,993.3621
85700.0000,8570,2419.9038,0.0000,861,1000,926,1,993.3628
85710.0000,8571,2419.9472,0.0000,862,1000,933,1,993.3636
85720.0000,8572,2419.9911,0.0000,857,1000,942,1,993.3644
85730.0000,8573,2420.0361,0.0000,861,1000,951,1,993.3652
85740.0000,8574,2420.0822,0.0000,857,1000,959,1,993.3659
85750.0000,8575,2420.1295,0.0000,859,1000,971,1,993.3667
85760.0000,8576,2420.1774,0.0000,858,1000,975,1,993.3675
85770.0000,8577,2420.2266,0.0000,853,1000,989,1,993.3683
85780.0000,8578,2420.2761,0.0000,848,1000,1000,1,993.3690
85790.0000,8579,2420.3263,0.0000,852,1000,1000,1,993.3698
85800.0000,8580,2420.3762,0.0000,845,1000,1000,1,993.3706
85810.0000,8581,2420.4259,0.0000,847,1000,1000,1,993.3713
85820.0000,8582,2420.4758,0.0000,852,1000,1000,1,993.3721
85830.0000,8583,2420.5259,0.0000,847,1000,1000,1,993.3729
85840.0000,8584,2420.5753,0.0000,843,1000,1000,1,993.3737
85850.0000,8585,2420.6245,0.0000,844,1000,1000,1,993.3744
85860.0000,8586,2420.6736,0.0000,841,1000,1000,1,993.3752
85870.0000,8587,2420.7225,0.0000,840,1000,1000,1,993.3760
85880.0000,8588,2420.7708,0.0000,834,1000,1000,1,993.3767
85890.0000,8589,2420.8189,0.0000,834,1000,1000,1,993.3775
85900.0000,8590,2420.8672,0.0000,836,1000,1000,1,993.3783
85910.0000,8591,2420.9160,0.0000,842,1000,1000,1,993.3791
85920.0000,8592,2420.9646,0.0000,838,1000,1000,1,993.3798
85930.0000,8593,2421.0128,0.0000,836,1000,1000,1,993.3806
85940.0000,8594,2421.0617,0.0000,846,1000,1000,1,993.3814
85950.0000,8595,2421.1112,0.0000,846,1000,1000,1,993.3821
85960.0000,8596,2421.1610,0.0000,852,1000,1000,1,993.3829
85970.0000,8597,2421.2109,0.0000,848,1000,1000,1,993.3837
85980.0000,8598,2421.2604,0.0000,845,1000,1000,1,993.3845
85990.0000,8599,2421.3095,0.0000,841,1000,1000,1,993.3852
86000.0000,8600,2421.3583,0.0000,837,1000,1000,1,993.3860
86010.0000,8601,2421.4070,0.0000,844,1000,1000,1,993.3868
86020.0000,8602,2421.4556,0.0000,839,1000,1000,1,993.3875
86030.0000,8603,2421.5040,0.0000,841,1000,1000,1,993.3883
86040.0000,8604,2421.5528,0.0000,838,1000,1000,1,993.3891
86050.0000,8605,2421.6014,0.0000,842,1000,1000,1,993.3898
86060.0000,8606,2421.6501,0.0000,839,1000,1000,1,993.3906
86070.0000,8607,2421.6985,0.0000,839,1000,1000,1,993.3914
86080.0000,8608,2421.7471,0.0000,842,1000,1000,1,993.3921
86090.0000,8609,2421.7962,0.0000,845,1000,1000,1,993.3929
86100.0000,8610,2421.8458,0.0000,853,1000,1000,1,993.3937
86110.0000,8611,2421.8957,0.0000,850,1000,1000,1,993.3944
86120.0000,8612,2421.9452,0.0000,849,1000,1000,1,993.3952
86130.0000,8613,2421.9946,0.0000,844,1000,1000,1,993.3960
86140.0000,8614,2422.0436,0.0000,840,1000,1000,1,993.3967
86150.0000,8615,2422.0921,0.0000,836,1000,1000,1,993.3975
86160.0000,8616,2422.1400,0.0000,836,1000,1000,1,993.3983
86170.0000,8617,2422.1878,0.0000,832,1000,1000,1,993.3990
86180.0000,8618,2422.2354,0.0000,831,1000,1000,1,993.3998
86190.0000,8619,2422.2834,0.0000,839,1000,1000,1,993.4006
86200.0000,8620,2422.3322,0.0000,842,1000,1000,1,993.4013
86210.0000,8621,2422.3809,0.0000,841,1000,1000,1,993.4021
86220.0000,8622,2422.4294,0.0000,841,1000,1000,1,993.4029
86230.0000,8623,2422.4777,0.0000,840,1000,1000,1,993.4036
86240.0000,8624,2422.5255,0.0000,832,1000,1000,1,993.4044
86250.0000,8625,2422.5732,0.0000,835,1000,1000,1,993.4052
86260.0000,8626,2422.6211,0.0000,833,1000,1000,1,993.4059
86270.0000,8627,2422.6684,0.0000,830,1000,1000,1,993.4067
86280.0000,8628,2422.7158,0.0000,830,1000,1000,1,993.4075
86290.0000,8629,2422.7626,0.0000,821,1000,1000,1,993.4082
86300.0000,8630,2422.8088,0.0000,822,1000,1000,1,993.4090
86310.0000,8631,2422.8554,0.0000,827,1000,1000,1,993.4097
86320.0000,8632,2422.9020,0.0000,826,1000,1000,1,993.4105
86330.0000,8633,2422.9488,0.0000,829,1000,1000,1,993.4113
86340.0000,8634,2422.9963,0.0000,836,1000,1000,1,993.4120
86350.0000,8635,2423.0434,0.0000,826,1000,1000,1,993.4128
86360.0000,8636,2423.0899,0.0000,826,1000,1000,1,993.4136
86370.0000,8637,2423.1366,0.0000,830,1000,1000,1,993.4143
86380.0000,8638,2423.1835,0.0000,831,1000,1000,1,993.4151
86390.0000,8639,2423.2310,0.0000,836,1000,1000,1,993.4158
86400.0000,8640,2423.2782,0.0000,828,1000,1000,1,993.4166
86410.0000,8641,2423.3251,0.0000,828,1000,1000,1,993.4174
