timestamp,sample_idx,system_occupancy,avg_wait_error,q0_len,q1_len,q2_len,server_busy,little_error
10.0000,1,14.7607,0.0000,3,9,11,1,5.7317
20.0000,2,24.4718,0.0000,11,18,17,1,9.6523
30.0000,3,33.7098,0.0000,6,28,26,1,13.7388
40.0000,4,42.3836,0.0000,4,38,40,1,18.3110
50.0000,5,52.3618,0.0000,9,51,48,1,23.3163
60.0000,6,63.4132,0.0000,6,60,61,1,28.7361
70.0000,7,72.8703,0.0000,3,59,69,1,33.5422
80.0000,8,81.2153,0.0000,14,56,80,1,38.7000
90.0000,9,89.4225,0.0000,21,53,85,1,43.6809
100.0000,10,97.3613,0.0000,30,53,95,1,48.3487
110.0000,11,105.7527,0.0000,38,53,105,1,53.0424
120.0000,12,113.9024,0.0000,51,48,113,1,57.7126
130.0000,13,121.8404,0.0000,56,46,121,1,62.3004
140.0000,14,129.4159,0.0000,63,46,131,1,66.8293
150.0000,15,136.9914,0.0000,69,42,140,1,71.2803
160.0000,16,144.8471,0.0000,84,52,147,1,75.7121
170.0000,17,153.4273,0.0000,95,47,159,1,80.1920
180.0000,18,162.2225,0.0000,106,47,165,1,84.7524
190.0000,19,170.9294,0.0000,114,47,173,1,89.2728
200.0000,20,179.6390,0.0000,125,48,183,1,93.6545
210.0000,21,188.2992,0.0000,132,47,189,1,98.0137
220.0000,22,196.6457,0.0000,140,43,196,1,102.2303
230.0000,23,204.8916,0.0000,148,37,206,1,106.5533
240.0000,24,213.2449,0.0000,164,45,213,1,110.8311
250.0000,25,221.9972,0.0000,171,47,223,1,115.1848
260.0000,26,230.8919,0.0000,182,51,232,1,119.4624
270.0000,27,239.8593,0.0000,192,49,237,1,123.7249
280.0000,28,248.5996,0.0000,201,48,243,1,127.8907
290.0000,29,257.2428,0.0000,210,50,249,1,131.9615
300.0000,30,265.9531,0.0000,222,46,255,1,135.9529
310.0000,31,274.4471,0.0000,226,42,262,1,139.9374
320.0000,32,282.7120,0.0000,239,33,272,1,143.8963
330.0000,33,290.8590,0.0000,247,37,279,1,147.8695
340.0000,34,299.0673,0.0000,255,35,287,1,151.8478
350.0000,35,307.1481,0.0000,265,34,295,1,155.7718
360.0000,36,315.5894,0.0000,282,33,306,1,159.7858
370.0000,37,324.1362,0.0000,293,35,315,1,163.8187
380.0000,38,332.8442,0.0000,302,34,332,1,168.0502
390.0000,39,341.7242,0.0000,307,40,346,1,172.4398
400.0000,40,350.7172,0.0000,317,35,357,1,176.9133
410.0000,41,359.6343,0.0000,328,35,364,1,181.3676
420.0000,42,368.6580,0.0000,337,37,373,1,185.8368
430.0000,43,377.7203,0.0000,346,42,379,1,190.2874
440.0000,44,386.8058,0.0000,352,41,386,1,194.6843
450.0000,45,395.7590,0.0000,359,43,396,1,199.0620
460.0000,46,404.5726,0.0000,368,31,408,1,203.4772
470.0000,47,413.3569,0.0000,374,34,418,1,207.9338
480.0000,48,422.0613,0.0000,388,28,428,1,212.4038
490.0000,49,430.8720,0.0000,397,29,437,1,216.8940
500.0000,50,439.7454,0.0000,409,26,446,1,221.3847
510.0000,51,448.5226,0.0000,418,22,456,1,225.8614
520.0000,52,457.2302,0.0000,430,17,463,1,230.3577
530.0000,53,465.9580,0.0000,438,15,471,1,234.8256
540.0000,54,474.6307,0.0000,450,11,478,1,239.2882
550.0000,55,483.2390,0.0000,456,18,489,1,243.6986
560.0000,56,491.9242,0.0000,464,20,494,1,248.1263
570.0000,57,500.6613,0.0000,476,22,502,1,252.5201
580.0000,58,509.4242,0.0000,482,20,512,1,256.9301
590.0000,59,518.0995,0.0000,491,22,519,1,261.2951
600.0000,60,526.7759,0.0000,499,20,527,1,265.6474
610.0000,61,535.4047,0.0000,507,18,535,1,269.9819
620.0000,62,544.0714,0.0000,517,26,540,1,274.3020
630.0000,63,552.7794,0.0000,525,28,553,1,278.6259
640.0000,64,561.5498,0.0000,532,27,560,1,282.9752
650.0000,65,570.3010,0.0000,546,23,574,1,287.3437
660.0000,66,579.0019,0.0000,552,9,581,1,291.7389
670.0000,67,587.5203,0.0000,561,5,592,1,296.1578
680.0000,68,596.0674,0.0000,568,8,601,1,300.5778
690.0000,69,604.5864,0.0000,576,8,608,1,304.9947
700.0000,70,613.0718,0.0000,584,8,618,1,309.3955
710.0000,71,621.5941,0.0000,596,3,624,1,313.7846
720.0000,72,630.0504,0.0000,603,1,631,1,318.1493
730.0000,73,638.4416,0.0000,603,10,639,1,322.4945
740.0000,74,646.8642,0.0000,602,21,644,1,326.8113
750.0000,75,655.2525,0.0000,592,35,654,1,331.1131
760.0000,76,663.5920,0.0000,586,45,664,1,335.4483
770.0000,77,671.9328,0.0000,585,59,670,1,339.7492
780.0000,78,680.2908,0.0000,591,66,677,1,344.0190
790.0000,79,688.7096,0.0000,592,74,686,1,348.3026
800.0000,80,697.1479,0.0000,589,83,701,1,352.6147
810.0000,81,705.5177,0.0000,585,90,707,1,356.9359
820.0000,82,713.8502,0.0000,585,96,712,1,361.2421
830.0000,83,722.1680,0.0000,585,107,719,1,365.5235
840.0000,84,730.4770,0.0000,588,114,727,1,369.7865
850.0000,85,738.8805,0.0000,594,124,737,1,374.0566
860.0000,86,747.2508,0.0000,590,129,745,1,378.3234
870.0000,87,755.6100,0.0000,590,138,756,1,382.6193
880.0000,88,763.8921,0.0000,582,146,762,1,386.8879
890.0000,89,772.1503,0.0000,581,156,770,1,391.1534
900.0000,90,780.4225,0.0000,578,164,782,1,395.4403
910.0000,91,788.6724,0.0000,573,169,794,1,399.7456
920.0000,92,796.8559,0.0000,573,177,801,1,404.0631
930.0000,93,805.0565,0.0000,575,185,814,1,408.3990
940.0000,94,813.4032,0.0000,577,197,825,1,412.7818
950.0000,95,821.8216,0.0000,576,211,836,1,417.1911
960.0000,96,830.2447,0.0000,573,220,841,1,421.5832
970.0000,97,838.5997,0.0000,568,231,851,1,425.9569
980.0000,98,846.9290,0.0000,562,239,863,1,430.3412
990.0000,99,855.2784,0.0000,562,249,875,1,434.7684
1000.0000,100,863.6606,0.0000,556,262,880,1,439.2030
1010.0000,101,871.9206,0.0000,546,267,885,1,443.5899
1020.0000,102,880.0491,0.0000,548,270,890,1,447.9398
1030.0000,103,888.1527,0.0000,544,275,897,1,452.2619
1040.0000,104,896.1668,0.0000,544,283,906,1,456.5706
1050.0000,105,904.2418,0.0000,543,294,914,1,460.8937
1060.0000,106,912.3149,0.0000,541,300,928,1,465.2371
1070.0000,107,920.4446,0.0000,543,310,943,1,469.6235
1080.0000,108,928.5818,0.0000,540,316,950,1,474.0350
1090.0000,109,936.6795,0.0000,532,323,957,1,478.4397
1100.0000,110,944.7125,0.0000,524,333,967,1,482.8361
1110.0000,111,952.7433,0.0000,527,342,978,1,487.2357
1120.0000,112,960.7775,0.0000,519,352,987,1,491.6590
1130.0000,113,968.8101,0.0000,519,365,994,1,496.0742
1140.0000,114,976.8480,0.0000,520,374,1000,1,500.4737
1150.0000,115,984.8852,0.0000,522,384,1000,1,504.8174
1160.0000,116,992.9053,0.0000,524,396,1000,1,509.0862
1170.0000,117,1000.8543,0.0000,524,402,1000,1,513.2820
1180.0000,118,1008.7381,0.0000,522,415,1000,1,517.4068
1190.0000,119,1016.5432,0.0000,516,422,1000,1,521.4622
1200.0000,120,1024.2751,0.0000,524,429,1000,1,525.4500
1210.0000,121,1031.9999,0.0000,523,442,1000,1,529.3719
1220.0000,122,1039.6912,0.0000,519,454,1000,1,533.2295
1230.0000,123,1047.3320,0.0000,522,465,1000,1,537.0244
1240.0000,124,1054.9806,0.0000,523,472,1000,1,540.7580
1250.0000,125,1062.5386,0.0000,524,478,1000,1,544.4320
1260.0000,126,1069.9955,0.0000,520,482,1000,1,548.0476
1270.0000,127,1077.3458,0.0000,513,488,1000,1,551.6063
1280.0000,128,1084.5978,0.0000,514,495,1000,1,555.1094
1290.0000,129,1091.8423,0.0000,514,506,1000,1,558.5581
1300.0000,130,1099.0189,0.0000,508,518,1000,1,561.9538
1310.0000,131,1106.1061,0.0000,509,523,1000,1,565.2977
1320.0000,132,1113.1651,0.0000,508,531,1000,1,568.5909
1330.0000,133,1120.1592,0.0000,505,544,1000,1,571.8346
1340.0000,134,1127.1474,0.0000,509,551,1000,1,575.0298
1350.0000,135,1134.1088,0.0000,511,565,1000,1,578.1778
1360.0000,136,1141.0141,0.0000,502,571,1000,1,581.2794
1370.0000,137,1147.8324,0.0000,498,577,1000,1,584.3357
1380.0000,138,1154.6095,0.0000,497,592,1000,1,587.3478
1390.0000,139,1161.3436,0.0000,491,601,1000,1,590.3165
1400.0000,140,1168.0051,0.0000,486,607,1000,1,593.2428
1410.0000,141,1174.5961,0.0000,484,616,1000,1,596.1276
1420.0000,142,1181.1541,0.0000,479,629,1000,1,598.9718
1430.0000,143,1187.6811,0.0000,485,641,1000,1,601.7762
1440.0000,144,1194.2424,0.0000,486,651,1000,1,604.5416
1450.0000,145,1200.7708,0.0000,480,667,1000,1,607.2689
1460.0000,146,1207.2947,0.0000,486,677,1000,1,609.9589
1470.0000,147,1213.8530,0.0000,485,690,1000,1,612.6122
1480.0000,148,1220.3361,0.0000,474,699,1000,1,615.2297
1490.0000,149,1226.7589,0.0000,473,710,1000,1,617.8121
1500.0000,150,1233.1799,0.0000,474,724,1000,1,620.3600
1510.0000,151,1239.6061,0.0000,478,735,1000,1,622.8742
1520.0000,152,1246.0361,0.0000,486,739,1000,1,625.3552
1530.0000,153,1252.4886,0.0000,492,746,1000,1,627.8039
1540.0000,154,1258.9407,0.0000,494,757,1000,1,630.2208
1550.0000,155,1265.3584,0.0000,490,767,1000,1,632.6064
1560.0000,156,1271.7512,0.0000,494,769,1000,1,634.9615
1570.0000,157,1278.0746,0.0000,492,775,1000,1,637.2866
1580.0000,158,1284.3867,0.0000,496,787,1000,1,639.5823
1590.0000,159,1290.6978,0.0000,496,796,1000,1,641.8490
1600.0000,160,1297.0047,0.0000,496,806,1000,1,644.0875
1610.0000,161,1303.2799,0.0000,497,814,1000,1,646.2981
1620.0000,162,1309.5016,0.0000,491,823,1000,1,648.4815
1630.0000,163,1315.6937,0.0000,492,828,1000,1,650.6380
1640.0000,164,1321.8730,0.0000,491,843,1000,1,652.7683
1650.0000,165,1328.0455,0.0000,496,853,1000,1,654.8727
1660.0000,166,1334.2068,0.0000,495,860,1000,1,656.9518
1670.0000,167,1340.3638,0.0000,500,867,1000,1,659.0060
1680.0000,168,1346.5073,0.0000,501,875,1000,1,661.0357
1690.0000,169,1352.6272,0.0000,499,887,1000,1,663.0414
1700.0000,170,1358.7129,0.0000,493,897,1000,1,665.0235
1710.0000,171,1364.7576,0.0000,490,909,1000,1,666.9824
1720.0000,172,1370.7907,0.0000,493,915,1000,1,668.9186
1730.0000,173,1376.8420,0.0000,501,925,1000,1,670.8324
1740.0000,174,1382.9184,0.0000,506,936,1000,1,672.7241
1750.0000,175,1389.0186,0.0000,507,949,1000,1,674.5943
1760.0000,176,1395.0817,0.0000,497,958,1000,1,676.4432
1770.0000,177,1401.0879,0.0000,494,968,1000,1,678.2712
1780.0000,178,1407.0666,0.0000,492,979,1000,1,680.0786
1790.0000,179,1412.9910,0.0000,483,982,1000,1,681.8659
1800.0000,180,1418.8479,0.0000,481,995,1000,1,683.6333
1810.0000,181,1424.6661,0.0000,470,1000,1000,1,685.3812
1820.0000,182,1430.4012,0.0000,470,1000,1000,1,687.1099
1830.0000,183,1436.0514,0.0000,460,1000,1000,1,688.8197
1840.0000,184,1441.5934,0.0000,448,1000,1000,1,690.5109
1850.0000,185,1447.0147,0.0000,441,1000,1000,1,692.1838
1860.0000,186,1452.3321,0.0000,433,1000,1000,1,693.8387
1870.0000,187,1457.5705,0.0000,425,1000,1000,1,695.4759
1880.0000,188,1462.7292,0.0000,428,1000,1000,1,697.0957
1890.0000,189,1467.8502,0.0000,430,1000,1000,1,698.6984
1900.0000,190,1472.9429,0.0000,442,1000,1000,1,700.2842
1910.0000,191,1478.0256,0.0000,444,1000,1000,1,701.8534
1920.0000,192,1483.0504,0.0000,442,1000,1000,1,703.4062
1930.0000,193,1488.0147,0.0000,441,1000,1000,1,704.9430
1940.0000,194,1492.9225,0.0000,438,1000,1000,1,706.4639
1950.0000,195,1497.7731,0.0000,434,1000,1000,1,707.9692
1960.0000,196,1502.5379,0.0000,431,1000,1000,1,709.4592
1970.0000,197,1507.2340,0.0000,426,1000,1000,1,710.9340
1980.0000,198,1511.8494,0.0000,417,1000,1000,1,712.3939
1990.0000,199,1516.3717,0.0000,408,1000,1000,1,713.8392
2000.0000,200,1520.8145,0.0000,403,1000,1000,1,715.2700
2010.0000,201,1525.2340,0.0000,411,1000,1000,1,716.6866
2020.0000,202,1529.6232,0.0000,410,1000,1000,1,718.0891
2030.0000,203,1533.9367,0.0000,401,1000,1000,1,719.4778
2040.0000,204,1538.1827,0.0000,397,1000,1000,1,720.8529
2050.0000,205,1542.3840,0.0000,402,1000,1000,1,722.2146
2060.0000,206,1546.5471,0.0000,396,1000,1000,1,723.5631
2070.0000,207,1550.6645,0.0000,401,1000,1000,1,724.8985
2080.0000,208,1554.7545,0.0000,397,1000,1000,1,726.2211
2090.0000,209,1558.7969,0.0000,400,1000,1000,1,727.5311
2100.0000,210,1562.8081,0.0000,402,1000,1000,1,728.8286
2110.0000,211,1566.7992,0.0000,408,1000,1000,1,730.1137
2120.0000,212,1570.7645,0.0000,406,1000,1000,1,731.3868
2130.0000,213,1574.6746,0.0000,403,1000,1000,1,732.6479
2140.0000,214,1578.5473,0.0000,404,1000,1000,1,733.8972
2150.0000,215,1582.3756,0.0000,397,1000,1000,1,735.1349
2160.0000,216,1586.1408,0.0000,397,1000,1000,1,736.3611
2170.0000,217,1589.8919,0.0000,404,1000,1000,1,737.5760
2180.0000,218,1593.6297,0.0000,407,1000,1000,1,738.7798
2190.0000,219,1597.3482,0.0000,412,1000,1000,1,739.9726
2200.0000,220,1601.0473,0.0000,407,1000,1000,1,741.1545
2210.0000,221,1604.6997,0.0000,406,1000,1000,1,742.3258
2220.0000,222,1608.2992,0.0000,405,1000,1000,1,743.4865
2230.0000,223,1611.8811,0.0000,405,1000,1000,1,744.6368
2240.0000,224,1615.4160,0.0000,403,1000,1000,1,745.7768
2250.0000,225,1618.9281,0.0000,405,1000,1000,1,746.9067
2260.0000,226,1622.4362,0.0000,411,1000,1000,1,748.0265
2270.0000,227,1625.9037,0.0000,410,1000,1000,1,749.1366
2280.0000,228,1629.3423,0.0000,412,1000,1000,1,750.2368
2290.0000,229,1632.7507,0.0000,405,1000,1000,1,751.3275
2300.0000,230,1636.1008,0.0000,402,1000,1000,1,752.4087
2310.0000,231,1639.4134,0.0000,399,1000,1000,1,753.4805
2320.0000,232,1642.6915,0.0000,399,1000,1000,1,754.5431
2330.0000,233,1645.9438,0.0000,405,1000,1000,1,755.5966
2340.0000,234,1649.1836,0.0000,403,1000,1000,1,756.6410
2350.0000,235,1652.3970,0.0000,405,1000,1000,1,757.6766
2360.0000,236,1655.5875,0.0000,402,1000,1000,1,758.7034
2370.0000,237,1658.7146,0.0000,391,1000,1000,1,759.7215
2380.0000,238,1661.7973,0.0000,394,1000,1000,1,760.7311
2390.0000,239,1664.8641,0.0000,394,1000,1000,1,761.7322
2400.0000,240,1667.9171,0.0000,402,1000,1000,1,762.7250
2410.0000,241,1670.9616,0.0000,402,1000,1000,1,763.7095
2420.0000,242,1673.9648,0.0000,392,1000,1000,1,764.6859
2430.0000,243,1676.9134,0.0000,392,1000,1000,1,765.6543
2440.0000,244,1679.8483,0.0000,395,1000,1000,1,766.6147
2450.0000,245,1682.7688,0.0000,394,1000,1000,1,767.5673
2460.0000,246,1685.6631,0.0000,392,1000,1000,1,768.5122
2470.0000,247,1688.5186,0.0000,389,1000,1000,1,769.4494
2480.0000,248,1691.3351,0.0000,389,1000,1000,1,770.3790
2490.0000,249,1694.1295,0.0000,387,1000,1000,1,771.3012
2500.0000,250,1696.9123,0.0000,390,1000,1000,1,772.2160
2510.0000,251,1699.6606,0.0000,383,1000,1000,1,773.1235
2520.0000,252,1702.3699,0.0000,380,1000,1000,1,774.0238
2530.0000,253,1705.0276,0.0000,374,1000,1000,1,774.9170
2540.0000,254,1707.6616,0.0000,372,1000,1000,1,775.8031
2550.0000,255,1710.2568,0.0000,370,1000,1000,1,776.6823
2560.0000,256,1712.8306,0.0000,366,1000,1000,1,777.5547
2570.0000,257,1715.3476,0.0000,357,1000,1000,1,778.4202
2580.0000,258,1717.8308,0.0000,355,1000,1000,1,779.2791
2590.0000,259,1720.2930,0.0000,357,1000,1000,1,780.1313
2600.0000,260,1722.7512,0.0000,360,1000,1000,1,780.9769
2610.0000,261,1725.1881,0.0000,356,1000,1000,1,781.8161
2620.0000,262,1727.5954,0.0000,355,1000,1000,1,782.6488
2630.0000,263,1729.9882,0.0000,358,1000,1000,1,783.4753
2640.0000,264,1732.3542,0.0000,354,1000,1000,1,784.2954
2650.0000,265,1734.6927,0.0000,346,1000,1000,1,785.1094
2660.0000,266,1736.9819,0.0000,343,1000,1000,1,785.9173
2670.0000,267,1739.2474,0.0000,340,1000,1000,1,786.7191
2680.0000,268,1741.4842,0.0000,338,1000,1000,1,787.5149
2690.0000,269,1743.6888,0.0000,336,1000,1000,1,788.3048
2700.0000,270,1745.8687,0.0000,333,1000,1000,1,789.0889
2710.0000,271,1748.0263,0.0000,328,1000,1000,1,789.8671
2720.0000,272,1750.1689,0.0000,332,1000,1000,1,790.6397
2730.0000,273,1752.3021,0.0000,329,1000,1000,1,791.4066
2740.0000,274,1754.4162,0.0000,336,1000,1000,1,792.1679
2750.0000,275,1756.5310,0.0000,339,1000,1000,1,792.9236
2760.0000,276,1758.6492,0.0000,342,1000,1000,1,793.6739
2770.0000,277,1760.7529,0.0000,343,1000,1000,1,794.4188
2780.0000,278,1762.8472,0.0000,343,1000,1000,1,795.1583
2790.0000,279,1764.9173,0.0000,341,1000,1000,1,795.8925
2800.0000,280,1766.9557,0.0000,337,1000,1000,1,796.6214
2810.0000,281,1768.9823,0.0000,340,1000,1000,1,797.3452
2820.0000,282,1771.0066,0.0000,339,1000,1000,1,798.0638
2830.0000,283,1773.0127,0.0000,338,1000,1000,1,798.7774
2840.0000,284,1775.0034,0.0000,339,1000,1000,1,799.4859
2850.0000,285,1776.9713,0.0000,336,1000,1000,1,800.1895
2860.0000,286,1778.9299,0.0000,335,1000,1000,1,800.8881
2870.0000,287,1780.8699,0.0000,335,1000,1000,1,801.5819
2880.0000,288,1782.7899,0.0000,332,1000,1000,1,802.2708
2890.0000,289,1784.6869,0.0000,332,1000,1000,1,802.9550
2900.0000,290,1786.5585,0.0000,322,1000,1000,1,803.6345
2910.0000,291,1788.3911,0.0000,318,1000,1000,1,804.3093
2920.0000,292,1790.1922,0.0000,313,1000,1000,1,804.9794
2930.0000,293,1791.9702,0.0000,310,1000,1000,1,805.6450
2940.0000,294,1793.7163,0.0000,303,1000,1000,1,806.3061
2950.0000,295,1795.4593,0.0000,305,1000,1000,1,806.9627
2960.0000,296,1797.1837,0.0000,309,1000,1000,1,807.6149
2970.0000,297,1798.9083,0.0000,310,1000,1000,1,808.2626
2980.0000,298,1800.6182,0.0000,308,1000,1000,1,808.9060
2990.0000,299,1802.3042,0.0000,301,1000,1000,1,809.5451
3000.0000,300,1803.9726,0.0000,306,1000,1000,1,810.1800
3010.0000,301,1805.6481,0.0000,306,1000,1000,1,810.8106
3020.0000,302,1807.3018,0.0000,299,1000,1000,1,811.4371
3030.0000,303,1808.9098,0.0000,295,1000,1000,1,812.0594
3040.0000,304,1810.5174,0.0000,295,1000,1000,1,812.6776
3050.0000,305,1812.1186,0.0000,299,1000,1000,1,813.2918
3060.0000,306,1813.7199,0.0000,304,1000,1000,1,813.9020
3070.0000,307,1815.3181,0.0000,305,1000,1000,1,814.5081
3080.0000,308,1816.9150,0.0000,311,1000,1000,1,815.1104
3090.0000,309,1818.5042,0.0000,308,1000,1000,1,815.7087
3100.0000,310,1820.0963,0.0000,321,1000,1000,1,816.3032
3110.0000,311,1821.7096,0.0000,323,1000,1000,1,816.8939
3120.0000,312,1823.3048,0.0000,318,1000,1000,1,817.4808
3130.0000,313,1824.8792,0.0000,312,1000,1000,1,818.0639
3140.0000,314,1826.4428,0.0000,317,1000,1000,1,818.6433
3150.0000,315,1827.9964,0.0000,315,1000,1000,1,819.2190
3160.0000,316,1829.5469,0.0000,320,1000,1000,1,819.7911
3170.0000,317,1831.0962,0.0000,318,1000,1000,1,820.3596
3180.0000,318,1832.6354,0.0000,321,1000,1000,1,820.9245
3190.0000,319,1834.1527,0.0000,314,1000,1000,1,821.4859
3200.0000,320,1835.6382,0.0000,307,1000,1000,1,822.0437
3210.0000,321,1837.0990,0.0000,303,1000,1000,1,822.5981
3220.0000,322,1838.5548,0.0000,307,1000,1000,1,823.1491
3230.0000,323,1840.0041,0.0000,301,1000,1000,1,823.6966
3240.0000,324,1841.4196,0.0000,297,1000,1000,1,824.2407
3250.0000,325,1842.8242,0.0000,301,1000,1000,1,824.7815
3260.0000,326,1844.2240,0.0000,299,1000,1000,1,825.3190
3270.0000,327,1845.6086,0.0000,295,1000,1000,1,825.8532
3280.0000,328,1846.9759,0.0000,292,1000,1000,1,826.3841
3290.0000,329,1848.3317,0.0000,289,1000,1000,1,826.9118
3300.0000,330,1849.6613,0.0000,287,1000,1000,1,827.4364
3310.0000,331,1850.9813,0.0000,287,1000,1000,1,827.9577
3320.0000,332,1852.2926,0.0000,288,1000,1000,1,828.4759
3330.0000,333,1853.5858,0.0000,280,1000,1000,1,828.9910
3340.0000,334,1854.8636,0.0000,284,1000,1000,1,829.5030
3350.0000,335,1856.1391,0.0000,281,1000,1000,1,830.0119
3360.0000,336,1857.4056,0.0000,282,1000,1000,1,830.5178
3370.0000,337,1858.6703,0.0000,282,1000,1000,1,831.0208
3380.0000,338,1859.9247,0.0000,280,1000,1000,1,831.5207
3390.0000,339,1861.1686,0.0000,280,1000,1000,1,832.0177
3400.0000,340,1862.4153,0.0000,287,1000,1000,1,832.5118
3410.0000,341,1863.6649,0.0000,288,1000,1000,1,833.0029
3420.0000,342,1864.8810,0.0000,274,1000,1000,1,833.4912
3430.0000,343,1866.0763,0.0000,274,1000,1000,1,833.9767
3440.0000,344,1867.2644,0.0000,273,1000,1000,1,834.4593
3450.0000,345,1868.4355,0.0000,269,1000,1000,1,834.9391
3460.0000,346,1869.5802,0.0000,266,1000,1000,1,835.4162
3470.0000,347,1870.7250,0.0000,267,1000,1000,1,835.8905
3480.0000,348,1871.8651,0.0000,265,1000,1000,1,836.3621
3490.0000,349,1872.9988,0.0000,262,1000,1000,1,836.8309
3500.0000,350,1874.1048,0.0000,253,1000,1000,1,837.2971
3510.0000,351,1875.1807,0.0000,251,1000,1000,1,837.7607
3520.0000,352,1876.2481,0.0000,248,1000,1000,1,838.2216
3530.0000,353,1877.3005,0.0000,246,1000,1000,1,838.6799
3540.0000,354,1878.3490,0.0000,252,1000,1000,1,839.1356
3550.0000,355,1879.4028,0.0000,254,1000,1000,1,839.5887
3560.0000,356,1880.4572,0.0000,257,1000,1000,1,840.0393
3570.0000,357,1881.5031,0.0000,251,1000,1000,1,840.4874
3580.0000,358,1882.5455,0.0000,259,1000,1000,1,840.9330
3590.0000,359,1883.6066,0.0000,264,1000,1000,1,841.3760
3600.0000,360,1884.6530,0.0000,258,1000,1000,1,841.8167
3610.0000,361,1885.6853,0.0000,258,1000,1000,1,842.2548
3620.0000,362,1886.7188,0.0000,264,1000,1000,1,842.6906
3630.0000,363,1887.7501,0.0000,265,1000,1000,1,843.1240
3640.0000,364,1888.7829,0.0000,263,1000,1000,1,843.5549
3650.0000,365,1889.8013,0.0000,262,1000,1000,1,843.9836
3660.0000,366,1890.8236,0.0000,264,1000,1000,1,844.4098
3670.0000,367,1891.8206,0.0000,255,1000,1000,1,844.8338
3680.0000,368,1892.7996,0.0000,250,1000,1000,1,845.2554
3690.0000,369,1893.7651,0.0000,246,1000,1000,1,845.6748
3700.0000,370,1894.7074,0.0000,233,1000,1000,1,846.0919
3710.0000,371,1895.6092,0.0000,228,1000,1000,1,846.5067
3720.0000,372,1896.5074,0.0000,226,1000,1000,1,846.9193
3730.0000,373,1897.3824,0.0000,222,1000,1000,1,847.3298
3740.0000,374,1898.2395,0.0000,210,1000,1000,1,847.7380
3750.0000,375,1899.0702,0.0000,207,1000,1000,1,848.1440
3760.0000,376,1899.8817,0.0000,203,1000,1000,1,848.5479
3770.0000,377,1900.6864,0.0000,201,1000,1000,1,848.9496
3780.0000,378,1901.4738,0.0000,195,1000,1000,1,849.3492
3790.0000,379,1902.2477,0.0000,193,1000,1000,1,849.7467
3800.0000,380,1903.0080,0.0000,193,1000,1000,1,850.1421
3810.0000,381,1903.7570,0.0000,184,1000,1000,1,850.5354
3820.0000,382,1904.4863,0.0000,183,1000,1000,1,850.9267
3830.0000,383,1905.2018,0.0000,174,1000,1000,1,851.3159
3840.0000,384,1905.9012,0.0000,174,1000,1000,1,851.7031
3850.0000,385,1906.5876,0.0000,167,1000,1000,1,852.0883
3860.0000,386,1907.2640,0.0000,169,1000,1000,1,852.4715
3870.0000,387,1907.9458,0.0000,174,1000,1000,1,852.8527
3880.0000,388,1908.6346,0.0000,171,1000,1000,1,853.2320
3890.0000,389,1909.3102,0.0000,169,1000,1000,1,853.6092
3900.0000,390,1909.9727,0.0000,167,1000,1000,1,853.9846
3910.0000,391,1910.6362,0.0000,168,1000,1000,1,854.3580
3920.0000,392,1911.2909,0.0000,164,1000,1000,1,854.7296
3930.0000,393,1911.9286,0.0000,163,1000,1000,1,855.0992
3940.0000,394,1912.5674,0.0000,168,1000,1000,1,855.4670
3950.0000,395,1913.2189,0.0000,173,1000,1000,1,855.8329
3960.0000,396,1913.8702,0.0000,169,1000,1000,1,856.1970
3970.0000,397,1914.5216,0.0000,173,1000,1000,1,856.5592
3980.0000,398,1915.1679,0.0000,171,1000,1000,1,856.9196
3990.0000,399,1915.8105,0.0000,173,1000,1000,1,857.2782
4000.0000,400,1916.4665,0.0000,179,1000,1000,1,857.6350
4010.0000,401,1917.1269,0.0000,184,1000,1000,1,857.9900
4020.0000,402,1917.7858,0.0000,180,1000,1000,1,858.3433
4030.0000,403,1918.4366,0.0000,180,1000,1000,1,858.6948
4040.0000,404,1919.0815,0.0000,179,1000,1000,1,859.0445
4050.0000,405,1919.7287,0.0000,183,1000,1000,1,859.3926
4060.0000,406,1920.3807,0.0000,186,1000,1000,1,859.7389
4070.0000,407,1921.0374,0.0000,189,1000,1000,1,860.0835
4080.0000,408,1921.6986,0.0000,194,1000,1000,1,860.4265
4090.0000,409,1922.3701,0.0000,200,1000,1000,1,860.7677
4100.0000,410,1923.0451,0.0000,200,1000,1000,1,861.1073
4110.0000,411,1923.7165,0.0000,198,1000,1000,1,861.4452
4120.0000,412,1924.3703,0.0000,194,1000,1000,1,861.7815
4130.0000,413,1925.0210,0.0000,196,1000,1000,1,862.1162
4140.0000,414,1925.6716,0.0000,195,1000,1000,1,862.4493
4150.0000,415,1926.3119,0.0000,190,1000,1000,1,862.7807
4160.0000,416,1926.9519,0.0000,196,1000,1000,1,863.1106
4170.0000,417,1927.5968,0.0000,197,1000,1000,1,863.4388
4180.0000,418,1928.2319,0.0000,191,1000,1000,1,863.7655
4190.0000,419,1928.8548,0.0000,189,1000,1000,1,864.0907
4200.0000,420,1929.4738,0.0000,187,1000,1000,1,864.4143
4210.0000,421,1930.0886,0.0000,190,1000,1000,1,864.7363
4220.0000,422,1930.7074,0.0000,192,1000,1000,1,865.0569
4230.0000,423,1931.3170,0.0000,187,1000,1000,1,865.3759
4240.0000,424,1931.9178,0.0000,184,1000,1000,1,865.6934
4250.0000,425,1932.5121,0.0000,184,1000,1000,1,866.0094
4260.0000,426,1933.0960,0.0000,181,1000,1000,1,866.3239
4270.0000,427,1933.6821,0.0000,186,1000,1000,1,866.6370
4280.0000,428,1934.2769,0.0000,189,1000,1000,1,866.9486
4290.0000,429,1934.8581,0.0000,181,1000,1000,1,867.2587
4300.0000,430,1935.4225,0.0000,172,1000,1000,1,867.5674
4310.0000,431,1935.9699,0.0000,171,1000,1000,1,867.8747
4320.0000,432,1936.5095,0.0000,170,1000,1000,1,868.1805
4330.0000,433,1937.0512,0.0000,168,1000,1000,1,868.4850
4340.0000,434,1937.5874,0.0000,172,1000,1000,1,868.7880
4350.0000,435,1938.1199,0.0000,168,1000,1000,1,869.0896
4360.0000,436,1938.6469,0.0000,165,1000,1000,1,869.3899
4370.0000,437,1939.1599,0.0000,161,1000,1000,1,869.6888
4380.0000,438,1939.6655,0.0000,159,1000,1000,1,869.9863
4390.0000,439,1940.1695,0.0000,163,1000,1000,1,870.2825
4400.0000,440,1940.6745,0.0000,160,1000,1000,1,870.5773
4410.0000,441,1941.1692,0.0000,160,1000,1000,1,870.8707
4420.0000,442,1941.6667,0.0000,160,1000,1000,1,871.1629
4430.0000,443,1942.1502,0.0000,151,1000,1000,1,871.4537
4440.0000,444,1942.6158,0.0000,147,1000,1000,1,871.7432
4450.0000,445,1943.0716,0.0000,150,1000,1000,1,872.0315
4460.0000,446,1943.5307,0.0000,146,1000,1000,1,872.3184
4470.0000,447,1943.9775,0.0000,144,1000,1000,1,872.6040
4480.0000,448,1944.4182,0.0000,142,1000,1000,1,872.8884
4490.0000,449,1944.8483,0.0000,138,1000,1000,1,873.1715
4500.0000,450,1945.2704,0.0000,135,1000,1000,1,873.4533
4510.0000,451,1945.6944,0.0000,138,1000,1000,1,873.7339
4520.0000,452,1946.1173,0.0000,133,1000,1000,1,874.0133
4530.0000,453,1946.5274,0.0000,131,1000,1000,1,874.2914
4540.0000,454,1946.9326,0.0000,127,1000,1000,1,874.5683
4550.0000,455,1947.3246,0.0000,120,1000,1000,1,874.8440
4560.0000,456,1947.6968,0.0000,116,1000,1000,1,875.1184
4570.0000,457,1948.0592,0.0000,108,1000,1000,1,875.3917
4580.0000,458,1948.4078,0.0000,106,1000,1000,1,875.6637
4590.0000,459,1948.7419,0.0000,99,1000,1000,1,875.9346
4600.0000,460,1949.0773,0.0000,104,1000,1000,1,876.2043
4610.0000,461,1949.4152,0.0000,105,1000,1000,1,876.4729
4620.0000,462,1949.7511,0.0000,107,1000,1000,1,876.7403
4630.0000,463,1950.0852,0.0000,103,1000,1000,1,877.0065
4640.0000,464,1950.4152,0.0000,103,1000,1000,1,877.2715
4650.0000,465,1950.7394,0.0000,101,1000,1000,1,877.5355
4660.0000,466,1951.0582,0.0000,100,1000,1000,1,877.7983
4670.0000,467,1951.3753,0.0000,99,1000,1000,1,878.0600
4680.0000,468,1951.6825,0.0000,94,1000,1000,1,878.3205
4690.0000,469,1951.9909,0.0000,96,1000,1000,1,878.5800
4700.0000,470,1952.2963,0.0000,96,1000,1000,1,878.8383
4710.0000,471,1952.5978,0.0000,95,1000,1000,1,879.0955
4720.0000,472,1952.8945,0.0000,89,1000,1000,1,879.3517
4730.0000,473,1953.1849,0.0000,90,1000,1000,1,879.6068
4740.0000,474,1953.4695,0.0000,87,1000,1000,1,879.8608
4750.0000,475,1953.7523,0.0000,87,1000,1000,1,880.1137
4760.0000,476,1954.0305,0.0000,88,1000,1000,1,880.3655
4770.0000,477,1954.3077,0.0000,86,1000,1000,1,880.6163
4780.0000,478,1954.5852,0.0000,87,1000,1000,1,880.8661
4790.0000,479,1954.8596,0.0000,87,1000,1000,1,881.1148
4800.0000,480,1955.1326,0.0000,85,1000,1000,1,881.3625
4810.0000,481,1955.4017,0.0000,86,1000,1000,1,881.6091
4820.0000,482,1955.6712,0.0000,84,1000,1000,1,881.8548
4830.0000,483,1955.9424,0.0000,87,1000,1000,1,882.0994
4840.0000,484,1956.2058,0.0000,82,1000,1000,1,882.3430
4850.0000,485,1956.4541,0.0000,73,1000,1000,1,882.5856
4860.0000,486,1956.6953,0.0000,71,1000,1000,1,882.8272
4870.0000,487,1956.9207,0.0000,62,1000,1000,1,883.0678
4880.0000,488,1957.1423,0.0000,67,1000,1000,1,883.3074
4890.0000,489,1957.3621,0.0000,61,1000,1000,1,883.5460
4900.0000,490,1957.5761,0.0000,65,1000,1000,1,883.7837
4910.0000,491,1957.7994,0.0000,71,1000,1000,1,884.0204
4920.0000,492,1958.0343,0.0000,75,1000,1000,1,884.2561
4930.0000,493,1958.2684,0.0000,69,1000,1000,1,884.4909
4940.0000,494,1958.4949,0.0000,70,1000,1000,1,884.7247
4950.0000,495,1958.7288,0.0000,79,1000,1000,1,884.9576
4960.0000,496,1958.9676,0.0000,77,1000,1000,1,885.1895
4970.0000,497,1959.2066,0.0000,77,1000,1000,1,885.4205
4980.0000,498,1959.4428,0.0000,73,1000,1000,1,885.6506
4990.0000,499,1959.6690,0.0000,71,1000,1000,1,885.8798
5000.0000,500,1959.8830,0.0000,66,1000,1000,1,886.1080
5010.0000,501,1960.0893,0.0000,62,1000,1000,1,886.3353
5020.0000,502,1960.2813,0.0000,50,1000,1000,1,886.5617
5030.0000,503,1960.4671,0.0000,52,1000,1000,1,886.7873
5040.0000,504,1960.6538,0.0000,53,1000,1000,1,887.0119
5050.0000,505,1960.8462,0.0000,59,1000,1000,1,887.2356
5060.0000,506,1961.0436,0.0000,64,1000,1000,1,887.4585
5070.0000,507,1961.2450,0.0000,62,1000,1000,1,887.6805
5080.0000,508,1961.4435,0.0000,59,1000,1000,1,887.9016
5090.0000,509,1961.6345,0.0000,59,1000,1000,1,888.1218
5100.0000,510,1961.8292,0.0000,59,1000,1000,1,888.3412
5110.0000,511,1962.0203,0.0000,64,1000,1000,1,888.5597
5120.0000,512,1962.2127,0.0000,58,1000,1000,1,888.7773
5130.0000,513,1962.3962,0.0000,54,1000,1000,1,888.9941
5140.0000,514,1962.5677,0.0000,50,1000,1000,1,889.2101
5150.0000,515,1962.7412,0.0000,57,1000,1000,1,889.4252
5160.0000,516,1962.9271,0.0000,61,1000,1000,1,889.6395
5170.0000,517,1963.1192,0.0000,65,1000,1000,1,889.8530
5180.0000,518,1963.3110,0.0000,58,1000,1000,1,890.0656
5190.0000,519,1963.5015,0.0000,61,1000,1000,1,890.2775
5200.0000,520,1963.6875,0.0000,61,1000,1000,1,890.4885
5210.0000,521,1963.8736,0.0000,60,1000,1000,1,890.6987
5220.0000,522,1964.0534,0.0000,54,1000,1000,1,890.9080
5230.0000,523,1964.2320,0.0000,57,1000,1000,1,891.1166
5240.0000,524,1964.4086,0.0000,57,1000,1000,1,891.3244
5250.0000,525,1964.5872,0.0000,56,1000,1000,1,891.5314
5260.0000,526,1964.7607,0.0000,57,1000,1000,1,891.7376
5270.0000,527,1964.9308,0.0000,50,1000,1000,1,891.9431
5280.0000,528,1965.0866,0.0000,49,1000,1000,1,892.1477
5290.0000,529,1965.2498,0.0000,51,1000,1000,1,892.3516
5300.0000,530,1965.4180,0.0000,57,1000,1000,1,892.5547
5310.0000,531,1965.5899,0.0000,59,1000,1000,1,892.7571
5320.0000,532,1965.7678,0.0000,58,1000,1000,1,892.9586
5330.0000,533,1965.9503,0.0000,64,1000,1000,1,893.1595
5340.0000,534,1966.1356,0.0000,61,1000,1000,1,893.3595
5350.0000,535,1966.3124,0.0000,65,1000,1000,1,893.5589
5360.0000,536,1966.4926,0.0000,63,1000,1000,1,893.7575
5370.0000,537,1966.6756,0.0000,66,1000,1000,1,893.9553
5380.0000,538,1966.8500,0.0000,60,1000,1000,1,894.1524
5390.0000,539,1967.0247,0.0000,63,1000,1000,1,894.3488
5400.0000,540,1967.2091,0.0000,67,1000,1000,1,894.5444
5410.0000,541,1967.3878,0.0000,63,1000,1000,1,894.7394
5420.0000,542,1967.5690,0.0000,66,1000,1000,1,894.9336
5430.0000,543,1967.7475,0.0000,63,1000,1000,1,895.1271
5440.0000,544,1967.9207,0.0000,63,1000,1000,1,895.3198
5450.0000,545,1968.0984,0.0000,61,1000,1000,1,895.5119
5460.0000,546,1968.2685,0.0000,60,1000,1000,1,895.7033
5470.0000,547,1968.4322,0.0000,57,1000,1000,1,895.8940
5480.0000,548,1968.5952,0.0000,54,1000,1000,1,896.0839
5490.0000,549,1968.7488,0.0000,50,1000,1000,1,896.2732
5500.0000,550,1968.8933,0.0000,49,1000,1000,1,896.4618
5510.0000,551,1969.0413,0.0000,52,1000,1000,1,896.6497
5520.0000,552,1969.1858,0.0000,50,1000,1000,1,896.8370
5530.0000,553,1969.3300,0.0000,49,1000,1000,1,897.0235
5540.0000,554,1969.4745,0.0000,48,1000,1000,1,897.2094
5550.0000,555,1969.6194,0.0000,52,1000,1000,1,897.3946
5560.0000,556,1969.7701,0.0000,57,1000,1000,1,897.5791
5570.0000,557,1969.9204,0.0000,53,1000,1000,1,897.7630
5580.0000,558,1970.0687,0.0000,53,1000,1000,1,897.9462
5590.0000,559,1970.2102,0.0000,45,1000,1000,1,898.1288
5600.0000,560,1970.3409,0.0000,41,1000,1000,1,898.3107
5610.0000,561,1970.4647,0.0000,39,1000,1000,1,898.4920
5620.0000,562,1970.5806,0.0000,29,1000,1000,1,898.6726
5630.0000,563,1970.6892,0.0000,31,1000,1000,1,898.8526
5640.0000,564,1970.7960,0.0000,32,1000,1000,1,899.0319
5650.0000,565,1970.9065,0.0000,33,1000,1000,1,899.2106
5660.0000,566,1971.0183,0.0000,33,1000,1000,1,899.3887
5670.0000,567,1971.1325,0.0000,37,1000,1000,1,899.5661
5680.0000,568,1971.2407,0.0000,26,1000,1000,1,899.7430
5690.0000,569,1971.3327,0.0000,25,1000,1000,1,899.9192
5700.0000,570,1971.4288,0.0000,29,1000,1000,1,900.0947
5710.0000,571,1971.5271,0.0000,29,1000,1000,1,900.2697
5720.0000,572,1971.6260,0.0000,26,1000,1000,1,900.4441
5730.0000,573,1971.7156,0.0000,18,1000,1000,1,900.6178
5740.0000,574,1971.7936,0.0000,16,1000,1000,1,900.7909
5750.0000,575,1971.8752,0.0000,18,1000,1000,1,900.9635
5760.0000,576,1971.9570,0.0000,21,1000,1000,1,901.1354
5770.0000,577,1972.0354,0.0000,13,1000,1000,1,901.3068
5780.0000,578,1972.1039,0.0000,13,1000,1000,1,901.4775
5790.0000,579,1972.1710,0.0000,8,1000,1000,1,901.6477
5800.0000,580,1972.2360,0.0000,11,1000,1000,1,901.8172
5810.0000,581,1972.3089,0.0000,16,1000,1000,1,901.9862
5820.0000,582,1972.3869,0.0000,19,1000,1000,1,902.1546
5830.0000,583,1972.4649,0.0000,17,1000,1000,1,902.3225
5840.0000,584,1972.5485,0.0000,25,1000,1000,1,902.4897
5850.0000,585,1972.6441,0.0000,32,1000,1000,1,902.6564
5860.0000,586,1972.7426,0.0000,31,1000,1000,1,902.8225
5870.0000,587,1972.8391,0.0000,27,1000,1000,1,902.9881
5880.0000,588,1972.9308,0.0000,24,1000,1000,1,903.1531
5890.0000,589,1973.0138,0.0000,15,1000,1000,1,903.3175
5900.0000,590,1973.0836,0.0000,13,1000,1000,1,903.4814
5910.0000,591,1973.1564,0.0000,16,1000,1000,1,903.6447
5920.0000,592,1973.2243,0.0000,12,1000,1000,1,903.8074
5930.0000,593,1973.2948,0.0000,17,1000,1000,1,903.9696
5940.0000,594,1973.3704,0.0000,17,1000,1000,1,904.1313
5950.0000,595,1973.4371,0.0000,17,1000,1000,1,904.2924
5960.0000,596,1973.5082,0.0000,15,1000,1000,1,904.4530
5970.0000,597,1973.5772,0.0000,14,1000,1000,1,904.6131
5980.0000,598,1973.6367,0.0000,5,1000,1000,1,904.7726
5990.0000,599,1973.6794,0.0000,6,994,1000,1,904.9315
6000.0000,600,1973.7222,0.0000,16,981,1000,1,905.0900
6010.0000,601,1973.7635,0.0000,24,984,1000,1,905.2479
6020.0000,602,1973.8209,0.0000,29,983,1000,1,905.4053
6030.0000,603,1973.8912,0.0000,36,984,1000,1,905.5622
6040.0000,604,1973.9711,0.0000,45,983,1000,1,905.7185
6050.0000,605,1974.0708,0.0000,53,984,1000,1,905.8744
6060.0000,606,1974.1813,0.0000,62,985,1000,1,906.0297
6070.0000,607,1974.3186,0.0000,75,989,1000,1,906.1845
6080.0000,608,1974.4742,0.0000,86,985,1000,1,906.3388
6090.0000,609,1974.6458,0.0000,97,988,1000,1,906.4926
6100.0000,610,1974.8393,0.0000,114,983,1000,1,906.6459
6110.0000,611,1975.0447,0.0000,121,982,1000,1,906.7987
6120.0000,612,1975.2680,0.0000,126,993,1000,1,906.9510
6130.0000,613,1975.5081,0.0000,135,990,1000,1,907.1028
6140.0000,614,1975.7617,0.0000,149,985,1000,1,907.2541
6150.0000,615,1976.0098,0.0000,152,975,1000,1,907.4049
6160.0000,616,1976.2592,0.0000,158,975,1000,1,907.5552
6170.0000,617,1976.5231,0.0000,166,976,1000,1,907.7050
6180.0000,618,1976.7992,0.0000,176,976,1000,1,907.8544
6190.0000,619,1977.0860,0.0000,182,974,1000,1,908.0032
6200.0000,620,1977.3831,0.0000,190,968,1000,1,908.1516
6210.0000,621,1977.6781,0.0000,195,966,1000,1,908.2995
6220.0000,622,1977.9784,0.0000,206,964,1000,1,908.4469
6230.0000,623,1978.2879,0.0000,213,961,1000,1,908.5939
6240.0000,624,1978.6102,0.0000,228,953,1000,1,908.7404
6250.0000,625,1978.9422,0.0000,237,953,1000,1,908.8864
6260.0000,626,1979.2837,0.0000,249,945,1000,1,909.0319
6270.0000,627,1979.6323,0.0000,258,949,1000,1,909.1770
6280.0000,628,1980.0069,0.0000,269,952,1000,1,909.3217
6290.0000,629,1980.3899,0.0000,274,949,1000,1,909.4658
6300.0000,630,1980.7889,0.0000,283,956,1000,1,909.6095
6310.0000,631,1981.2020,0.0000,289,956,1000,1,909.7528
6320.0000,632,1981.6262,0.0000,299,957,1000,1,909.8956
6330.0000,633,1982.0683,0.0000,306,959,1000,1,910.0379
6340.0000,634,1982.5158,0.0000,317,951,1000,1,910.1798
6350.0000,635,1982.9647,0.0000,324,945,1000,1,910.3213
6360.0000,636,1983.4156,0.0000,329,941,1000,1,910.4623
6370.0000,637,1983.8710,0.0000,337,940,1000,1,910.6028
6380.0000,638,1984.3399,0.0000,344,944,1000,1,910.7429
6390.0000,639,1984.8221,0.0000,352,946,1000,1,910.8826
6400.0000,640,1985.3226,0.0000,368,947,1000,1,911.0219
6410.0000,641,1985.8446,0.0000,377,948,1000,1,911.1607
6420.0000,642,1986.3768,0.0000,384,946,1000,1,911.2991
6430.0000,643,1986.9206,0.0000,396,943,1000,1,911.4370
6440.0000,644,1987.4742,0.0000,406,941,1000,1,911.5745
6450.0000,645,1988.0385,0.0000,415,944,1000,1,911.7116
6460.0000,646,1988.6181,0.0000,424,938,1000,1,911.8483
6470.0000,647,1989.2027,0.0000,434,933,1000,1,911.9845
6480.0000,648,1989.7967,0.0000,446,933,1000,1,912.1204
6490.0000,649,1990.4057,0.0000,454,933,1000,1,912.2558
6500.0000,650,1991.0269,0.0000,460,937,1000,1,912.3908
6510.0000,651,1991.6550,0.0000,466,937,1000,1,912.5253
6520.0000,652,1992.2940,0.0000,478,937,1000,1,912.6595
6530.0000,653,1992.9469,0.0000,487,933,1000,1,912.7933
6540.0000,654,1993.5959,0.0000,494,924,1000,1,912.9266
6550.0000,655,1994.2509,0.0000,503,923,1000,1,913.0595
6560.0000,656,1994.9210,0.0000,515,924,1000,1,913.1921
6570.0000,657,1995.6042,0.0000,521,921,1000,1,913.3242
6580.0000,658,1996.2909,0.0000,531,922,1000,1,913.4559
6590.0000,659,1996.9838,0.0000,540,912,1000,1,913.5872
6600.0000,660,1997.6774,0.0000,544,913,1000,1,913.7182
6610.0000,661,1998.3752,0.0000,552,906,1000,1,913.8487
6620.0000,662,1999.0796,0.0000,563,905,1000,1,913.9788
6630.0000,663,1999.8026,0.0000,573,911,1000,1,914.1086
6640.0000,664,2000.5329,0.0000,583,907,1000,1,914.2379
6650.0000,665,2001.2654,0.0000,587,898,1000,1,914.3669
6660.0000,666,2002.0046,0.0000,597,900,1000,1,914.4955
6670.0000,667,2002.7581,0.0000,607,904,1000,1,914.6237
6680.0000,668,2003.5206,0.0000,618,899,1000,1,914.7515
6690.0000,669,2004.2887,0.0000,627,893,1000,1,914.8789
6700.0000,670,2005.0651,0.0000,634,897,1000,1,915.0060
6710.0000,671,2005.8595,0.0000,642,903,1000,1,915.1326
6720.0000,672,2006.6713,0.0000,649,909,1000,1,915.2589
6730.0000,673,2007.4906,0.0000,656,905,1000,1,915.3848
6740.0000,674,2008.3102,0.0000,665,900,1000,1,915.5104
6750.0000,675,2009.1453,0.0000,673,900,1000,1,915.6356
6760.0000,676,2009.9859,0.0000,682,902,1000,1,915.7604
6770.0000,677,2010.8467,0.0000,691,907,1000,1,915.8848
6780.0000,678,2011.7190,0.0000,704,907,1000,1,916.0088
6790.0000,679,2012.6095,0.0000,708,910,1000,1,916.1325
6800.0000,680,2013.5019,0.0000,708,914,1000,1,916.2559
6810.0000,681,2014.3961,0.0000,715,908,1000,1,916.3789
6820.0000,682,2015.2962,0.0000,721,909,1000,1,916.5015
6830.0000,683,2016.1966,0.0000,725,902,1000,1,916.6237
6840.0000,684,2017.1034,0.0000,736,905,1000,1,916.7456
6850.0000,685,2018.0203,0.0000,746,906,1000,1,916.8671
6860.0000,686,2018.9539,0.0000,757,908,1000,1,916.9883
6870.0000,687,2019.9061,0.0000,768,914,1000,1,917.1092
6880.0000,688,2020.8779,0.0000,772,914,1000,1,917.2296
6890.0000,689,2021.8483,0.0000,781,912,1000,1,917.3498
6900.0000,690,2022.8280,0.0000,791,908,1000,1,917.4696
6910.0000,691,2023.8083,0.0000,799,901,1000,1,917.5890
6920.0000,692,2024.7904,0.0000,808,899,1000,1,917.7081
6930.0000,693,2025.7849,0.0000,819,897,1000,1,917.8268
6940.0000,694,2026.7870,0.0000,830,899,1000,1,917.9452
6950.0000,695,2027.8048,0.0000,838,898,1000,1,918.0633
6960.0000,696,2028.8279,0.0000,846,901,1000,1,918.1810
6970.0000,697,2029.8659,0.0000,859,899,1000,1,918.2984
6980.0000,698,2030.9062,0.0000,866,892,1000,1,918.4155
6990.0000,699,2031.9450,0.0000,871,888,1000,1,918.5322
7000.0000,700,2032.9886,0.0000,878,886,1000,1,918.6486
7010.0000,701,2034.0344,0.0000,890,879,1000,1,918.7646
7020.0000,702,2035.0863,0.0000,900,879,1000,1,918.8803
7030.0000,703,2036.1451,0.0000,903,876,1000,1,918.9957
7040.0000,704,2037.2043,0.0000,910,871,1000,1,919.1108
7050.0000,705,2038.2656,0.0000,917,874,1000,1,919.2255
7060.0000,706,2039.3302,0.0000,927,865,1000,1,919.3399
7070.0000,707,2040.4004,0.0000,934,862,1000,1,919.4540
7080.0000,708,2041.4716,0.0000,946,858,1000,1,919.5678
7090.0000,709,2042.5540,0.0000,954,860,1000,1,919.6812
7100.0000,710,2043.6541,0.0000,966,865,1000,1,919.7944
7110.0000,711,2044.7726,0.0000,973,871,1000,1,919.9072
7120.0000,712,2045.8960,0.0000,977,870,1000,1,920.0197
7130.0000,713,2047.0268,0.0000,987,875,1000,1,920.1318
7140.0000,714,2048.1730,0.0000,997,873,1000,1,920.2437
7150.0000,715,2049.3201,0.0000,1000,869,1000,1,920.3552
7160.0000,716,2050.4668,0.0000,1000,874,1000,1,920.4665
7170.0000,717,2051.6196,0.0000,1000,878,1000,1,920.5774
7180.0000,718,2052.7727,0.0000,1000,881,1000,1,920.6880
7190.0000,719,2053.9235,0.0000,1000,880,1000,1,920.7983
7200.0000,720,2055.0705,0.0000,1000,880,1000,1,920.9083
7210.0000,721,2056.2151,0.0000,1000,880,1000,1,921.0180
7220.0000,722,2057.3602,0.0000,1000,884,1000,1,921.1274
7230.0000,723,2058.4960,0.0000,1000,875,1000,1,921.2365
7240.0000,724,2059.6234,0.0000,1000,875,1000,1,921.3453
7250.0000,725,2060.7499,0.0000,1000,876,1000,1,921.4538
7260.0000,726,2061.8752,0.0000,1000,878,1000,1,921.5620
7270.0000,727,2062.9950,0.0000,1000,872,1000,1,921.6699
7280.0000,728,2064.1020,0.0000,1000,866,1000,1,921.7775
7290.0000,729,2065.2026,0.0000,1000,869,1000,1,921.8848
7300.0000,730,2066.2987,0.0000,1000,861,1000,1,921.9918
7310.0000,731,2067.3850,0.0000,1000,858,1000,1,922.0985
7320.0000,732,2068.4646,0.0000,1000,854,1000,1,922.2049
7330.0000,733,2069.5333,0.0000,1000,850,1000,1,922.3110
7340.0000,734,2070.6083,0.0000,1000,862,1000,1,922.4169
7350.0000,735,2071.6854,0.0000,1000,862,1000,1,922.5224
7360.0000,736,2072.7613,0.0000,1000,864,1000,1,922.6277
7370.0000,737,2073.8313,0.0000,1000,858,1000,1,922.7327
7380.0000,738,2074.8956,0.0000,1000,860,1000,1,922.8374
7390.0000,739,2075.9622,0.0000,1000,863,1000,1,922.9418
7400.0000,740,2077.0259,0.0000,1000,866,1000,1,923.0459
7410.0000,741,2078.0878,0.0000,1000,865,1000,1,923.1498
7420.0000,742,2079.1463,0.0000,1000,863,1000,1,923.2534
7430.0000,743,2080.2058,0.0000,1000,865,1000,1,923.3567
7440.0000,744,2081.2600,0.0000,1000,863,1000,1,923.4597
7450.0000,745,2082.3118,0.0000,1000,868,1000,1,923.5624
7460.0000,746,2083.3655,0.0000,1000,866,1000,1,923.6649
7470.0000,747,2084.4171,0.0000,1000,868,1000,1,923.7671
7480.0000,748,2085.4605,0.0000,1000,867,1000,1,923.8690
7490.0000,749,2086.5088,0.0000,1000,871,1000,1,923.9706
7500.0000,750,2087.5545,0.0000,1000,870,1000,1,924.0720
7510.0000,751,2088.5959,0.0000,1000,868,1000,1,924.1731
7520.0000,752,2089.6420,0.0000,1000,877,1000,1,924.2739
7530.0000,753,2090.6899,0.0000,1000,881,1000,1,924.3745
7540.0000,754,2091.7414,0.0000,1000,886,1000,1,924.4748
7550.0000,755,2092.7895,0.0000,1000,881,1000,1,924.5748
7560.0000,756,2093.8281,0.0000,1000,878,1000,1,924.6746
7570.0000,757,2094.8581,0.0000,1000,871,1000,1,924.7741
7580.0000,758,2095.8802,0.0000,1000,869,1000,1,924.8733
7590.0000,759,2096.9006,0.0000,1000,870,1000,1,924.9723
7600.0000,760,2097.9165,0.0000,1000,868,1000,1,925.0710
7610.0000,761,2098.9317,0.0000,1000,873,1000,1,925.1695
7620.0000,762,2099.9477,0.0000,1000,873,1000,1,925.2677
7630.0000,763,2100.9643,0.0000,1000,875,1000,1,925.3657
7640.0000,764,2101.9803,0.0000,1000,879,1000,1,925.4633
7650.0000,765,2102.9983,0.0000,1000,882,1000,1,925.5608
7660.0000,766,2104.0157,0.0000,1000,882,1000,1,925.6580
7670.0000,767,2105.0280,0.0000,1000,883,1000,1,925.7549
7680.0000,768,2106.0396,0.0000,1000,883,1000,1,925.8516
7690.0000,769,2107.0481,0.0000,1000,884,1000,1,925.9480
7700.0000,770,2108.0631,0.0000,1000,890,1000,1,926.0442
7710.0000,771,2109.0752,0.0000,1000,889,1000,1,926.1401
7720.0000,772,2110.0797,0.0000,1000,881,1000,1,926.2357
7730.0000,773,2111.0754,0.0000,1000,880,1000,1,926.3312
7740.0000,774,2112.0709,0.0000,1000,883,1000,1,926.4264
7750.0000,775,2113.0660,0.0000,1000,887,1000,1,926.5213
7760.0000,776,2114.0686,0.0000,1000,894,1000,1,926.6160
7770.0000,777,2115.0725,0.0000,1000,888,1000,1,926.7104
7780.0000,778,2116.0691,0.0000,1000,895,1000,1,926.8046
7790.0000,779,2117.0700,0.0000,1000,892,1000,1,926.8986
7800.0000,780,2118.0614,0.0000,1000,887,1000,1,926.9923
7810.0000,781,2119.0446,0.0000,1000,892,1000,1,927.0858
7820.0000,782,2120.0325,0.0000,1000,891,1000,1,927.1790
7830.0000,783,2121.0220,0.0000,1000,895,1000,1,927.2720
7840.0000,784,2122.0086,0.0000,1000,893,1000,1,927.3648
7850.0000,785,2122.9851,0.0000,1000,886,1000,1,927.4573
7860.0000,786,2123.9546,0.0000,1000,887,1000,1,927.5496
7870.0000,787,2124.9177,0.0000,1000,879,1000,1,927.6417
7880.0000,788,2125.8726,0.0000,1000,876,1000,1,927.7335
7890.0000,789,2126.8209,0.0000,1000,873,1000,1,927.8251
7900.0000,790,2127.7702,0.0000,1000,877,1000,1,927.9165
7910.0000,791,2128.7187,0.0000,1000,878,1000,1,928.0076
7920.0000,792,2129.6632,0.0000,1000,878,1000,1,928.0985
7930.0000,793,2130.6025,0.0000,1000,871,1000,1,928.1892
7940.0000,794,2131.5334,0.0000,1000,870,1000,1,928.2796
7950.0000,795,2132.4648,0.0000,1000,871,1000,1,928.3698
7960.0000,796,2133.3922,0.0000,1000,869,1000,1,928.4598
7970.0000,797,2134.3146,0.0000,1000,869,1000,1,928.5496
7980.0000,798,2135.2366,0.0000,1000,871,1000,1,928.6391
7990.0000,799,2136.1518,0.0000,1000,864,1000,1,928.7284
8000.0000,800,2137.0597,0.0000,1000,860,1000,1,928.8175
8010.0000,801,2137.9555,0.0000,1000,853,1000,1,928.9064
8020.0000,802,2138.8482,0.0000,1000,854,1000,1,928.9950
8030.0000,803,2139.7369,0.0000,1000,852,1000,1,929.0834
8040.0000,804,2140.6228,0.0000,1000,847,1000,1,929.1716
8050.0000,805,2141.4967,0.0000,1000,840,1000,1,929.2596
8060.0000,806,2142.3617,0.0000,1000,837,1000,1,929.3474
8070.0000,807,2143.2234,0.0000,1000,833,1000,1,929.4349
8080.0000,808,2144.0786,0.0000,1000,838,1000,1,929.5223
8090.0000,809,2144.9308,0.0000,1000,829,1000,1,929.6094
8100.0000,810,2145.7761,0.0000,1000,829,1000,1,929.6963
8110.0000,811,2146.6190,0.0000,1000,829,1000,1,929.7830
8120.0000,812,2147.4579,0.0000,1000,826,1000,1,929.8695
8130.0000,813,2148.2912,0.0000,1000,821,1000,1,929.9557
8140.0000,814,2149.1172,0.0000,1000,817,1000,1,930.0418
8150.0000,815,2149.9410,0.0000,1000,817,1000,1,930.1276
8160.0000,816,2150.7567,0.0000,1000,816,1000,1,930.2132
8170.0000,817,2151.5696,0.0000,1000,817,1000,1,930.2987
8180.0000,818,2152.3812,0.0000,1000,819,1000,1,930.3839
8190.0000,819,2153.1900,0.0000,1000,811,1000,1,930.4689
8200.0000,820,2153.9953,0.0000,1000,814,1000,1,930.5537
8210.0000,821,2154.7958,0.0000,1000,814,1000,1,930.6382
8220.0000,822,2155.5984,0.0000,1000,815,1000,1,930.7226
8230.0000,823,2156.3995,0.0000,1000,814,1000,1,930.8068
8240.0000,824,2157.1951,0.0000,1000,808,1000,1,930.8908
8250.0000,825,2157.9842,0.0000,1000,813,1000,1,930.9745
8260.0000,826,2158.7753,0.0000,1000,808,1000,1,931.0581
8270.0000,827,2159.5566,0.0000,1000,805,1000,1,931.1415
8280.0000,828,2160.3320,0.0000,1000,799,1000,1,931.2246
8290.0000,829,2161.0990,0.0000,1000,796,1000,1,931.3076
8300.0000,830,2161.8634,0.0000,1000,793,1000,1,931.3904
8310.0000,831,2162.6232,0.0000,1000,794,1000,1,931.4729
8320.0000,832,2163.3782,0.0000,1000,787,1000,1,931.5553
8330.0000,833,2164.1229,0.0000,1000,779,1000,1,931.6375
8340.0000,834,2164.8612,0.0000,1000,780,1000,1,931.7194
8350.0000,835,2165.5916,0.0000,1000,771,1000,1,931.8012
8360.0000,836,2166.3168,0.0000,1000,771,1000,1,931.8828
8370.0000,837,2167.0385,0.0000,1000,770,1000,1,931.9642
8380.0000,838,2167.7541,0.0000,1000,763,1000,1,932.0453
8390.0000,839,2168.4636,0.0000,1000,765,1000,1,932.1263
8400.0000,840,2169.1754,0.0000,1000,767,1000,1,932.2071
8410.0000,841,2169.8890,0.0000,1000,767,1000,1,932.2877
8420.0000,842,2170.6003,0.0000,1000,772,1000,1,932.3682
8430.0000,843,2171.3154,0.0000,1000,774,1000,1,932.4484
8440.0000,844,2172.0328,0.0000,1000,776,1000,1,932.5284
8450.0000,845,2172.7469,0.0000,1000,770,1000,1,932.6083
8460.0000,846,2173.4501,0.0000,1000,768,1000,1,932.6879
8470.0000,847,2174.1559,0.0000,1000,770,1000,1,932.7674
8480.0000,848,2174.8597,0.0000,1000,770,1000,1,932.8467
8490.0000,849,2175.5588,0.0000,1000,765,1000,1,932.9258
8500.0000,850,2176.2540,0.0000,1000,767,1000,1,933.0047
8510.0000,851,2176.9460,0.0000,1000,768,1000,1,933.0834
8520.0000,852,2177.6425,0.0000,1000,770,1000,1,933.1620
8530.0000,853,2178.3398,0.0000,1000,775,1000,1,933.2403
8540.0000,854,2179.0338,0.0000,1000,766,1000,1,933.3185
8550.0000,855,2179.7191,0.0000,1000,765,1000,1,933.3965
8560.0000,856,2180.4013,0.0000,1000,763,1000,1,933.4743
8570.0000,857,2181.0775,0.0000,1000,760,1000,1,933.5519
8580.0000,858,2181.7500,0.0000,1000,757,1000,1,933.6294
8590.0000,859,2182.4175,0.0000,1000,754,1000,1,933.7066
8600.0000,860,2183.0782,0.0000,1000,751,1000,1,933.7837
8610.0000,861,2183.7372,0.0000,1000,749,1000,1,933.8606
8620.0000,862,2184.3958,0.0000,1000,754,1000,1,933.9374
8630.0000,863,2185.0520,0.0000,1000,748,1000,1,934.0139
8640.0000,864,2185.7021,0.0000,1000,749,1000,1,934.0903
8650.0000,865,2186.3518,0.0000,1000,740,1000,1,934.1665
8660.0000,866,2186.9954,0.0000,1000,740,1000,1,934.2425
8670.0000,867,2187.6305,0.0000,1000,732,1000,1,934.3183
8680.0000,868,2188.2547,0.0000,1000,727,1000,1,934.3940
8690.0000,869,2188.8720,0.0000,1000,719,1000,1,934.4695
8700.0000,870,2189.4813,0.0000,1000,719,1000,1,934.5448
8710.0000,871,2190.0839,0.0000,1000,712,1000,1,934.6200
8720.0000,872,2190.6831,0.0000,1000,714,1000,1,934.6950
8730.0000,873,2191.2814,0.0000,1000,718,1000,1,934.7698
8740.0000,874,2191.8849,0.0000,1000,719,1000,1,934.8444
8750.0000,875,2192.4836,0.0000,1000,711,1000,1,934.9189
8760.0000,876,2193.0779,0.0000,1000,712,1000,1,934.9931
8770.0000,877,2193.6668,0.0000,1000,709,1000,1,935.0673
8780.0000,878,2194.2571,0.0000,1000,711,1000,1,935.1412
8790.0000,879,2194.8486,0.0000,1000,716,1000,1,935.2150
8800.0000,880,2195.4475,0.0000,1000,725,1000,1,935.2886
8810.0000,881,2196.0451,0.0000,1000,717,1000,1,935.3621
8820.0000,882,2196.6316,0.0000,1000,712,1000,1,935.4354
8830.0000,883,2197.2139,0.0000,1000,709,1000,1,935.5085
8840.0000,884,2197.7907,0.0000,1000,706,1000,1,935.5814
8850.0000,885,2198.3634,0.0000,1000,703,1000,1,935.6542
8860.0000,886,2198.9326,0.0000,1000,705,1000,1,935.7269
8870.0000,887,2199.5005,0.0000,1000,704,1000,1,935.7993
8880.0000,888,2200.0690,0.0000,1000,705,1000,1,935.8716
8890.0000,889,2200.6375,0.0000,1000,707,1000,1,935.9438
8900.0000,890,2201.2071,0.0000,1000,707,1000,1,936.0157
8910.0000,891,2201.7747,0.0000,1000,705,1000,1,936.0875
8920.0000,892,2202.3357,0.0000,1000,700,1000,1,936.1592
8930.0000,893,2202.8936,0.0000,1000,701,1000,1,936.2307
8940.0000,894,2203.4499,0.0000,1000,701,1000,1,936.3020
8950.0000,895,2204.0093,0.0000,1000,705,1000,1,936.3732
8960.0000,896,2204.5680,0.0000,1000,704,1000,1,936.4442
8970.0000,897,2205.1229,0.0000,1000,702,1000,1,936.5150
8980.0000,898,2205.6733,0.0000,1000,700,1000,1,936.5857
8990.0000,899,2206.2188,0.0000,1000,696,1000,1,936.6563
9000.0000,900,2206.7617,0.0000,1000,694,1000,1,936.7267
9010.0000,901,2207.3010,0.0000,1000,690,1000,1,936.7969
9020.0000,902,2207.8379,0.0000,1000,693,1000,1,936.8670
9030.0000,903,2208.3686,0.0000,1000,683,1000,1,936.9369
9040.0000,904,2208.8917,0.0000,1000,676,1000,1,937.0066
9050.0000,905,2209.4024,0.0000,1000,667,1000,1,937.0762
9060.0000,906,2209.9058,0.0000,1000,667,1000,1,937.1457
9070.0000,907,2210.4122,0.0000,1000,672,1000,1,937.2150
9080.0000,908,2210.9200,0.0000,1000,667,1000,1,937.2841
9090.0000,909,2211.4199,0.0000,1000,662,1000,1,937.3531
9100.0000,910,2211.9168,0.0000,1000,664,1000,1,937.4220
9110.0000,911,2212.4137,0.0000,1000,664,1000,1,937.4907
9120.0000,912,2212.9054,0.0000,1000,658,1000,1,937.5592
9130.0000,913,2213.3906,0.0000,1000,654,1000,1,937.6276
9140.0000,914,2213.8755,0.0000,1000,659,1000,1,937.6958
9150.0000,915,2214.3631,0.0000,1000,661,1000,1,937.7639
9160.0000,916,2214.8559,0.0000,1000,666,1000,1,937.8319
9170.0000,917,2215.3479,0.0000,1000,663,1000,1,937.8997
9180.0000,918,2215.8376,0.0000,1000,667,1000,1,937.9673
9190.0000,919,2216.3277,0.0000,1000,666,1000,1,938.0348
9200.0000,920,2216.8177,0.0000,1000,665,1000,1,938.1022
9210.0000,921,2217.3047,0.0000,1000,667,1000,1,938.1694
9220.0000,922,2217.7904,0.0000,1000,663,1000,1,938.2364
9230.0000,923,2218.2689,0.0000,1000,658,1000,1,938.3034
9240.0000,924,2218.7452,0.0000,1000,659,1000,1,938.3701
9250.0000,925,2219.2229,0.0000,1000,665,1000,1,938.4368
9260.0000,926,2219.7042,0.0000,1000,663,1000,1,938.5032
9270.0000,927,2220.1821,0.0000,1000,662,1000,1,938.5696
9280.0000,928,2220.6540,0.0000,1000,655,1000,1,938.6358
9290.0000,929,2221.1201,0.0000,1000,660,1000,1,938.7018
9300.0000,930,2221.5944,0.0000,1000,663,1000,1,938.7677
9310.0000,931,2222.0691,0.0000,1000,663,1000,1,938.8335
9320.0000,932,2222.5414,0.0000,1000,658,1000,1,938.8991
9330.0000,933,2223.0093,0.0000,1000,659,1000,1,938.9646
9340.0000,934,2223.4757,0.0000,1000,658,1000,1,939.0300
9350.0000,935,2223.9385,0.0000,1000,654,1000,1,939.0952
9360.0000,936,2224.4027,0.0000,1000,660,1000,1,939.1603
9370.0000,937,2224.8656,0.0000,1000,658,1000,1,939.2252
9380.0000,938,2225.3318,0.0000,1000,662,1000,1,939.2900
9390.0000,939,2225.7920,0.0000,1000,656,1000,1,939.3546
9400.0000,940,2226.2508,0.0000,1000,657,1000,1,939.4191
9410.0000,941,2226.7094,0.0000,1000,656,1000,1,939.4835
9420.0000,942,2227.1643,0.0000,1000,655,1000,1,939.5478
9430.0000,943,2227.6234,0.0000,1000,666,1000,1,939.6119
9440.0000,944,2228.0909,0.0000,1000,669,1000,1,939.6758
9450.0000,945,2228.5565,0.0000,1000,668,1000,1,939.7397
9460.0000,946,2229.0191,0.0000,1000,662,1000,1,939.8034
9470.0000,947,2229.4748,0.0000,1000,662,1000,1,939.8669
9480.0000,948,2229.9307,0.0000,1000,664,1000,1,939.9304
9490.0000,949,2230.3843,0.0000,1000,662,1000,1,939.9937
9500.0000,950,2230.8373,0.0000,1000,660,1000,1,940.0568
9510.0000,951,2231.2864,0.0000,1000,657,1000,1,940.1199
9520.0000,952,2231.7308,0.0000,1000,651,1000,1,940.1828
9530.0000,953,2232.1705,0.0000,1000,650,1000,1,940.2455
9540.0000,954,2232.6089,0.0000,1000,653,1000,1,940.3082
9550.0000,955,2233.0499,0.0000,1000,652,1000,1,940.3707
9560.0000,956,2233.4835,0.0000,1000,645,1000,1,940.4331
9570.0000,957,2233.9172,0.0000,1000,649,1000,1,940.4953
9580.0000,958,2234.3485,0.0000,1000,644,1000,1,940.5574
9590.0000,959,2234.7746,0.0000,1000,644,1000,1,940.6194
9600.0000,960,2235.2031,0.0000,1000,646,1000,1,940.6812
9610.0000,961,2235.6330,0.0000,1000,651,1000,1,940.7430
9620.0000,962,2236.0653,0.0000,1000,652,1000,1,940.8046
9630.0000,963,2236.4958,0.0000,1000,649,1000,1,940.8660
9640.0000,964,2236.9219,0.0000,1000,647,1000,1,940.9274
9650.0000,965,2237.3442,0.0000,1000,643,1000,1,940.9886
9660.0000,966,2237.7612,0.0000,1000,636,1000,1,941.0497
9670.0000,967,2238.1755,0.0000,1000,639,1000,1,941.1106
9680.0000,968,2238.5934,0.0000,1000,645,1000,1,941.1715
9690.0000,969,2239.0115,0.0000,1000,644,1000,1,941.2322
9700.0000,970,2239.4272,0.0000,1000,639,1000,1,941.2928
9710.0000,971,2239.8393,0.0000,1000,639,1000,1,941.3532
9720.0000,972,2240.2457,0.0000,1000,633,1000,1,941.4136
9730.0000,973,2240.6469,0.0000,1000,633,1000,1,941.4738
9740.0000,974,2241.0486,0.0000,1000,628,1000,1,941.5339
9750.0000,975,2241.4401,0.0000,1000,619,1000,1,941.5938
9760.0000,976,2241.8285,0.0000,1000,622,1000,1,941.6537
9770.0000,977,2242.2174,0.0000,1000,620,1000,1,941.7134
9780.0000,978,2242.6023,0.0000,1000,617,1000,1,941.7730
9790.0000,979,2242.9846,0.0000,1000,611,1000,1,941.8325
9800.0000,980,2243.3571,0.0000,1000,610,1000,1,941.8918
9810.0000,981,2243.7301,0.0000,1000,607,1000,1,941.9511
9820.0000,982,2244.0991,0.0000,1000,606,1000,1,942.0102
9830.0000,983,2244.4667,0.0000,1000,605,1000,1,942.0692
9840.0000,984,2244.8313,0.0000,1000,601,1000,1,942.1280
9850.0000,985,2245.1918,0.0000,1000,601,1000,1,942.1868
9860.0000,986,2245.5494,0.0000,1000,596,1000,1,942.2454
9870.0000,987,2245.9047,0.0000,1000,598,1000,1,942.3039
9880.0000,988,2246.2600,0.0000,1000,598,1000,1,942.3623
9890.0000,989,2246.6122,0.0000,1000,592,1000,1,942.4206
9900.0000,990,2246.9640,0.0000,1000,594,1000,1,942.4788
9910.0000,991,2247.3123,0.0000,1000,593,1000,1,942.5368
9920.0000,992,2247.6597,0.0000,1000,592,1000,1,942.5948
9930.0000,993,2248.0058,0.0000,1000,591,1000,1,942.6526
9940.0000,994,2248.3465,0.0000,1000,587,1000,1,942.7103
9950.0000,995,2248.6848,0.0000,1000,584,1000,1,942.7678
9960.0000,996,2249.0180,0.0000,1000,577,1000,1,942.8253
9970.0000,997,2249.3460,0.0000,1000,574,1000,1,942.8826
9980.0000,998,2249.6749,0.0000,1000,576,1000,1,942.9399
9990.0000,999,2250.0039,0.0000,1000,580,1000,1,942.9970
10000.0000,1000,2250.3314,0.0000,1000,577,1000,1,943.0540
10010.0000,1001,2250.6606,0.0000,1000,582,1000,1,943.1109
10020.0000,1002,2250.9922,0.0000,1000,583,1000,1,943.1677
10030.0000,1003,2251.3252,0.0000,1000,585,1000,1,943.2243
10040.0000,1004,2251.6574,0.0000,1000,582,1000,1,943.2809
10050.0000,1005,2251.9874,0.0000,1000,583,1000,1,943.3373
10060.0000,1006,2252.3147,0.0000,1000,583,1000,1,943.3936
10070.0000,1007,2252.6418,0.0000,1000,583,1000,1,943.4498
10080.0000,1008,2252.9681,0.0000,1000,577,1000,1,943.5059
10090.0000,1009,2253.2872,0.0000,1000,574,1000,1,943.5619
10100.0000,1010,2253.6010,0.0000,1000,569,1000,1,943.6178
10110.0000,1011,2253.9108,0.0000,1000,569,1000,1,943.6736
10120.0000,1012,2254.2214,0.0000,1000,568,1000,1,943.7292
10130.0000,1013,2254.5289,0.0000,1000,564,1000,1,943.7848
10140.0000,1014,2254.8307,0.0000,1000,560,1000,1,943.8402
10150.0000,1015,2255.1328,0.0000,1000,562,1000,1,943.8956
10160.0000,1016,2255.4316,0.0000,1000,556,1000,1,943.9508
10170.0000,1017,2255.7248,0.0000,1000,551,1000,1,944.0059
10180.0000,1018,2256.0135,0.0000,1000,550,1000,1,944.0609
10190.0000,1019,2256.2975,0.0000,1000,543,1000,1,944.1158
10200.0000,1020,2256.5770,0.0000,1000,543,1000,1,944.1706
10210.0000,1021,2256.8551,0.0000,1000,543,1000,1,944.2253
10220.0000,1022,2257.1328,0.0000,1000,541,1000,1,944.2798
10230.0000,1023,2257.4055,0.0000,1000,532,1000,1,944.3343
10240.0000,1024,2257.6717,0.0000,1000,531,1000,1,944.3887
10250.0000,1025,2257.9391,0.0000,1000,534,1000,1,944.4429
10260.0000,1026,2258.2009,0.0000,1000,526,1000,1,944.4971
10270.0000,1027,2258.4605,0.0000,1000,524,1000,1,944.5511
10280.0000,1028,2258.7177,0.0000,1000,523,1000,1,944.6051
10290.0000,1029,2258.9732,0.0000,1000,518,1000,1,944.6589
10300.0000,1030,2259.2284,0.0000,1000,521,1000,1,944.7126
10310.0000,1031,2259.4763,0.0000,1000,514,1000,1,944.7662
10320.0000,1032,2259.7226,0.0000,1000,507,1000,1,944.8198
10330.0000,1033,2259.9619,0.0000,1000,506,1000,1,944.8732
10340.0000,1034,2260.1970,0.0000,1000,499,1000,1,944.9265
10350.0000,1035,2260.4263,0.0000,1000,495,1000,1,944.9797
10360.0000,1036,2260.6569,0.0000,1000,499,1000,1,945.0328
10370.0000,1037,2260.8837,0.0000,1000,493,1000,1,945.0858
10380.0000,1038,2261.1042,0.0000,1000,489,1000,1,945.1387
10390.0000,1039,2261.3236,0.0000,1000,489,1000,1,945.1915
10400.0000,1040,2261.5404,0.0000,1000,487,1000,1,945.2442
10410.0000,1041,2261.7582,0.0000,1000,489,1000,1,945.2968
10420.0000,1042,2261.9778,0.0000,1000,491,1000,1,945.3493
10430.0000,1043,2262.1892,0.0000,1000,479,1000,1,945.4017
10440.0000,1044,2262.3939,0.0000,1000,476,1000,1,945.4540
10450.0000,1045,2262.5966,0.0000,1000,470,1000,1,945.5062
10460.0000,1046,2262.7924,0.0000,1000,464,1000,1,945.5583
10470.0000,1047,2262.9811,0.0000,1000,459,1000,1,945.6103
10480.0000,1048,2263.1681,0.0000,1000,457,1000,1,945.6622
10490.0000,1049,2263.3495,0.0000,1000,456,1000,1,945.7140
10500.0000,1050,2263.5324,0.0000,1000,452,1000,1,945.7657
10510.0000,1051,2263.7116,0.0000,1000,451,1000,1,945.8173
10520.0000,1052,2263.8869,0.0000,1000,448,1000,1,945.8688
10530.0000,1053,2264.0583,0.0000,1000,443,1000,1,945.9202
10540.0000,1054,2264.2263,0.0000,1000,438,1000,1,945.9715
10550.0000,1055,2264.3882,0.0000,1000,430,1000,1,946.0227
10560.0000,1056,2264.5389,0.0000,1000,418,1000,1,946.0739
10570.0000,1057,2264.6853,0.0000,1000,420,1000,1,946.1249
10580.0000,1058,2264.8361,0.0000,1000,429,1000,1,946.1758
10590.0000,1059,2264.9902,0.0000,1000,426,1000,1,946.2266
10600.0000,1060,2265.1408,0.0000,1000,423,1000,1,946.2774
10610.0000,1061,2265.2888,0.0000,1000,420,1000,1,946.3280
10620.0000,1062,2265.4336,0.0000,1000,418,1000,1,946.3785
10630.0000,1063,2265.5718,0.0000,1000,406,1000,1,946.4290
10640.0000,1064,2265.7023,0.0000,1000,408,1000,1,946.4793
10650.0000,1065,2265.8301,0.0000,1000,397,1000,1,946.5296
10660.0000,1066,2265.9499,0.0000,1000,392,1000,1,946.5797
10670.0000,1067,2266.0658,0.0000,1000,388,1000,1,946.6298
10680.0000,1068,2266.1766,0.0000,1000,384,1000,1,946.6798
10690.0000,1069,2266.2869,0.0000,1000,384,1000,1,946.7297
10700.0000,1070,2266.3976,0.0000,1000,384,1000,1,946.7794
10710.0000,1071,2266.5064,0.0000,1000,380,1000,1,946.8291
10720.0000,1072,2266.6120,0.0000,1000,377,1000,1,946.8787
10730.0000,1073,2266.7179,0.0000,1000,382,1000,1,946.9282
10740.0000,1074,2266.8265,0.0000,1000,384,1000,1,946.9777
10750.0000,1075,2266.9317,0.0000,1000,376,1000,1,947.0270
10760.0000,1076,2267.0352,0.0000,1000,382,1000,1,947.0762
10770.0000,1077,2267.1367,0.0000,1000,373,1000,1,947.1253
10780.0000,1078,2267.2340,0.0000,1000,368,1000,1,947.1744
10790.0000,1079,2267.3267,0.0000,1000,366,1000,1,947.2234
10800.0000,1080,2267.4181,0.0000,1000,367,1000,1,947.2722
10810.0000,1081,2267.5088,0.0000,1000,364,1000,1,947.3210
10820.0000,1082,2267.5987,0.0000,1000,363,1000,1,947.3697
10830.0000,1083,2267.6865,0.0000,1000,365,1000,1,947.4183
10840.0000,1084,2267.7766,0.0000,1000,364,1000,1,947.4668
10850.0000,1085,2267.8631,0.0000,1000,358,1000,1,947.5152
10860.0000,1086,2267.9469,0.0000,1000,357,1000,1,947.5635
10870.0000,1087,2268.0283,0.0000,1000,354,1000,1,947.6118
10880.0000,1088,2268.1031,0.0000,1000,348,1000,1,947.6599
10890.0000,1089,2268.1737,0.0000,1000,340,1000,1,947.7080
10900.0000,1090,2268.2406,0.0000,1000,347,1000,1,947.7560
10910.0000,1091,2268.3093,0.0000,1000,338,1000,1,947.8038
10920.0000,1092,2268.3660,0.0000,1000,331,1000,1,947.8516
10930.0000,1093,2268.4256,0.0000,1000,337,1000,1,947.8994
10940.0000,1094,2268.4895,0.0000,1000,335,1000,1,947.9470
10950.0000,1095,2268.5469,0.0000,1000,328,1000,1,947.9945
10960.0000,1096,2268.6024,0.0000,1000,334,1000,1,948.0420
10970.0000,1097,2268.6625,0.0000,1000,335,1000,1,948.0893
10980.0000,1098,2268.7232,0.0000,1000,334,1000,1,948.1366
10990.0000,1099,2268.7832,0.0000,1000,331,1000,1,948.1838
11000.0000,1100,2268.8425,0.0000,1000,334,1000,1,948.2309
11010.0000,1101,2268.9040,0.0000,1000,338,1000,1,948.2779
11020.0000,1102,2268.9659,0.0000,1000,343,1000,1,948.3249
11030.0000,1103,2269.0339,0.0000,1000,344,1000,1,948.3717
11040.0000,1104,2269.0994,0.0000,1000,342,1000,1,948.4185
11050.0000,1105,2269.1638,0.0000,1000,342,1000,1,948.4652
11060.0000,1106,2269.2300,0.0000,1000,345,1000,1,948.5118
11070.0000,1107,2269.2985,0.0000,1000,344,1000,1,948.5583
11080.0000,1108,2269.3676,0.0000,1000,347,1000,1,948.6047
11090.0000,1109,2269.4383,0.0000,1000,347,1000,1,948.6510
11100.0000,1110,2269.5049,0.0000,1000,341,1000,1,948.6973
11110.0000,1111,2269.5682,0.0000,1000,336,1000,1,948.7435
11120.0000,1112,2269.6287,0.0000,1000,337,1000,1,948.7896
11130.0000,1113,2269.6927,0.0000,1000,346,1000,1,948.8356
11140.0000,1114,2269.7573,0.0000,1000,335,1000,1,948.8815
11150.0000,1115,2269.8117,0.0000,1000,328,1000,1,948.9274
11160.0000,1116,2269.8651,0.0000,1000,326,1000,1,948.9731
11170.0000,1117,2269.9164,0.0000,1000,325,1000,1,949.0188
11180.0000,1118,2269.9621,0.0000,1000,318,1000,1,949.0644
11190.0000,1119,2270.0057,0.0000,1000,320,1000,1,949.1099
11200.0000,1120,2270.0483,0.0000,1000,316,1000,1,949.1554
11210.0000,1121,2270.0880,0.0000,1000,312,1000,1,949.2007
11220.0000,1122,2270.1258,0.0000,1000,314,1000,1,949.2460
11230.0000,1123,2270.1655,0.0000,1000,316,1000,1,949.2912
11240.0000,1124,2270.2060,0.0000,1000,314,1000,1,949.3363
11250.0000,1125,2270.2430,0.0000,1000,312,1000,1,949.3813
11260.0000,1126,2270.2759,0.0000,1000,306,1000,1,949.4263
11270.0000,1127,2270.3036,0.0000,1000,299,1000,1,949.4712
11280.0000,1128,2270.3278,0.0000,1000,295,1000,1,949.5160
11290.0000,1129,2270.3486,0.0000,1000,293,1000,1,949.5607
11300.0000,1130,2270.3669,0.0000,1000,292,1000,1,949.6053
11310.0000,1131,2270.3821,0.0000,1000,282,1000,1,949.6499
11320.0000,1132,2270.3940,0.0000,1000,283,1000,1,949.6943
11330.0000,1133,2270.4069,0.0000,1000,282,1000,1,949.7387
11340.0000,1134,2270.4156,0.0000,1000,277,1000,1,949.7831
11350.0000,1135,2270.4231,0.0000,1000,283,1000,1,949.8273
11360.0000,1136,2270.4350,0.0000,1000,284,1000,1,949.8715
11370.0000,1137,2270.4461,0.0000,1000,277,1000,1,949.9156
11380.0000,1138,2270.4491,0.0000,1000,276,1000,1,949.9596
11390.0000,1139,2270.4562,0.0000,1000,280,1000,1,950.0035
11400.0000,1140,2270.4677,0.0000,1000,282,1000,1,950.0474
11410.0000,1141,2270.4743,0.0000,1000,277,1000,1,950.0911
11420.0000,1142,2270.4775,0.0000,1000,275,1000,1,950.1348
11430.0000,1143,2270.4830,0.0000,1000,278,1000,1,950.1785
11440.0000,1144,2270.4905,0.0000,1000,276,1000,1,950.2220
11450.0000,1145,2270.4918,0.0000,1000,273,1000,1,950.2655
11460.0000,1146,2270.4937,0.0000,1000,274,1000,1,950.3089
11470.0000,1147,2270.4934,0.0000,1000,267,1000,1,950.3522
11480.0000,1148,2270.4905,0.0000,1000,271,1000,1,950.3955
11490.0000,1149,2270.4918,0.0000,1000,274,1000,1,950.4386
11500.0000,1150,2270.4934,0.0000,1000,273,1000,1,950.4817
11510.0000,1151,2270.4963,0.0000,1000,271,1000,1,950.5248
11520.0000,1152,2270.4956,0.0000,1000,269,1000,1,950.5677
11530.0000,1153,2270.4929,0.0000,1000,268,1000,1,950.6106
11540.0000,1154,2270.4913,0.0000,1000,267,1000,1,950.6534
11550.0000,1155,2270.4920,0.0000,1000,273,1000,1,950.6961
11560.0000,1156,2270.4913,0.0000,1000,264,1000,1,950.7388
11570.0000,1157,2270.4840,0.0000,1000,264,1000,1,950.7813
11580.0000,1158,2270.4741,0.0000,1000,258,1000,1,950.8238
11590.0000,1159,2270.4609,0.0000,1000,254,1000,1,950.8663
11600.0000,1160,2270.4461,0.0000,1000,250,1000,1,950.9086
11610.0000,1161,2270.4280,0.0000,1000,247,1000,1,950.9509
11620.0000,1162,2270.4085,0.0000,1000,250,1000,1,950.9931
11630.0000,1163,2270.3913,0.0000,1000,254,1000,1,951.0353
11640.0000,1164,2270.3756,0.0000,1000,251,1000,1,951.0773
11650.0000,1165,2270.3615,0.0000,1000,257,1000,1,951.1193
11660.0000,1166,2270.3492,0.0000,1000,256,1000,1,951.1612
11670.0000,1167,2270.3402,0.0000,1000,260,1000,1,951.2031
11680.0000,1168,2270.3361,0.0000,1000,270,1000,1,951.2449
11690.0000,1169,2270.3318,0.0000,1000,262,1000,1,951.2866
11700.0000,1170,2270.3260,0.0000,1000,260,1000,1,951.3282
11710.0000,1171,2270.3172,0.0000,1000,261,1000,1,951.3698
11720.0000,1172,2270.3106,0.0000,1000,266,1000,1,951.4113
11730.0000,1173,2270.3068,0.0000,1000,266,1000,1,951.4527
11740.0000,1174,2270.3002,0.0000,1000,265,1000,1,951.4940
11750.0000,1175,2270.2913,0.0000,1000,257,1000,1,951.5353
11760.0000,1176,2270.2811,0.0000,1000,262,1000,1,951.5765
11770.0000,1177,2270.2773,0.0000,1000,269,1000,1,951.6177
11780.0000,1178,2270.2745,0.0000,1000,263,1000,1,951.6587
11790.0000,1179,2270.2713,0.0000,1000,265,1000,1,951.6997
11800.0000,1180,2270.2678,0.0000,1000,267,1000,1,951.7407
11810.0000,1181,2270.2680,0.0000,1000,273,1000,1,951.7815
11820.0000,1182,2270.2687,0.0000,1000,268,1000,1,951.8223
11830.0000,1183,2270.2646,0.0000,1000,265,1000,1,951.8631
11840.0000,1184,2270.2601,0.0000,1000,264,1000,1,951.9037
11850.0000,1185,2270.2528,0.0000,1000,260,1000,1,951.9443
11860.0000,1186,2270.2487,0.0000,1000,267,1000,1,951.9848
11870.0000,1187,2270.2431,0.0000,1000,263,1000,1,952.0253
11880.0000,1188,2270.2402,0.0000,1000,269,1000,1,952.0657
11890.0000,1189,2270.2407,0.0000,1000,274,1000,1,952.1060
11900.0000,1190,2270.2429,0.0000,1000,274,1000,1,952.1462
11910.0000,1191,2270.2470,0.0000,1000,278,1000,1,952.1864
11920.0000,1192,2270.2486,0.0000,1000,274,1000,1,952.2265
11930.0000,1193,2270.2540,0.0000,1000,283,1000,1,952.2666
11940.0000,1194,2270.2670,0.0000,1000,289,1000,1,952.3065
11950.0000,1195,2270.2847,0.0000,1000,297,1000,1,952.3464
11960.0000,1196,2270.3062,0.0000,1000,294,1000,1,952.3863
11970.0000,1197,2270.3225,0.0000,1000,289,1000,1,952.4261
11980.0000,1198,2270.3331,0.0000,1000,277,1000,1,952.4658
11990.0000,1199,2270.3397,0.0000,1000,271,1000,1,952.5054
12000.0000,1200,2270.3364,0.0000,1000,262,1000,1,952.5450
12010.0000,1201,2270.3305,0.0000,1000,264,1000,1,952.5845
12020.0000,1202,2270.3286,0.0000,1000,268,1000,1,952.6240
12030.0000,1203,2270.3273,0.0000,1000,269,1000,1,952.6633
12040.0000,1204,2270.3254,0.0000,1000,269,1000,1,952.7027
12050.0000,1205,2270.3230,0.0000,1000,268,1000,1,952.7419
12060.0000,1206,2270.3186,0.0000,1000,264,1000,1,952.7811
12070.0000,1207,2270.3127,0.0000,1000,260,1000,1,952.8202
12080.0000,1208,2270.3048,0.0000,1000,258,1000,1,952.8593
12090.0000,1209,2270.2945,0.0000,1000,261,1000,1,952.8983
12100.0000,1210,2270.2846,0.0000,1000,259,1000,1,952.9372
12110.0000,1211,2270.2737,0.0000,1000,256,1000,1,952.9761
12120.0000,1212,2270.2602,0.0000,1000,254,1000,1,953.0148
12130.0000,1213,2270.2467,0.0000,1000,257,1000,1,953.0536
12140.0000,1214,2270.2321,0.0000,1000,251,1000,1,953.0923
12150.0000,1215,2270.2184,0.0000,1000,254,1000,1,953.1309
12160.0000,1216,2270.2059,0.0000,1000,256,1000,1,953.1694
12170.0000,1217,2270.1909,0.0000,1000,250,1000,1,953.2079
12180.0000,1218,2270.1733,0.0000,1000,250,1000,1,953.2463
12190.0000,1219,2270.1532,0.0000,1000,242,1000,1,953.2847
12200.0000,1220,2270.1300,0.0000,1000,238,1000,1,953.3229
12210.0000,1221,2270.1043,0.0000,1000,241,1000,1,953.3612
12220.0000,1222,2270.0790,0.0000,1000,240,1000,1,953.3993
12230.0000,1223,2270.0553,0.0000,1000,243,1000,1,953.4374
12240.0000,1224,2270.0319,0.0000,1000,241,1000,1,953.4755
12250.0000,1225,2270.0059,0.0000,1000,234,1000,1,953.5135
12260.0000,1226,2269.9787,0.0000,1000,240,1000,1,953.5514
12270.0000,1227,2269.9545,0.0000,1000,241,1000,1,953.5892
12280.0000,1228,2269.9284,0.0000,1000,236,1000,1,953.6270
12290.0000,1229,2269.9023,0.0000,1000,239,1000,1,953.6648
12300.0000,1230,2269.8771,0.0000,1000,240,1000,1,953.7024
12310.0000,1231,2269.8519,0.0000,1000,237,1000,1,953.7400
12320.0000,1232,2269.8239,0.0000,1000,237,1000,1,953.7776
12330.0000,1233,2269.7973,0.0000,1000,239,1000,1,953.8151
12340.0000,1234,2269.7705,0.0000,1000,235,1000,1,953.8525
12350.0000,1235,2269.7431,0.0000,1000,239,1000,1,953.8899
12360.0000,1236,2269.7167,0.0000,1000,237,1000,1,953.9272
12370.0000,1237,2269.6896,0.0000,1000,238,1000,1,953.9644
12380.0000,1238,2269.6632,0.0000,1000,237,1000,1,954.0016
12390.0000,1239,2269.6356,0.0000,1000,235,1000,1,954.0387
12400.0000,1240,2269.6050,0.0000,1000,230,1000,1,954.0758
12410.0000,1241,2269.5745,0.0000,1000,231,1000,1,954.1128
12420.0000,1242,2269.5458,0.0000,1000,231,1000,1,954.1498
12430.0000,1243,2269.5103,0.0000,1000,223,1000,1,954.1866
12440.0000,1244,2269.4711,0.0000,1000,220,1000,1,954.2235
12450.0000,1245,2269.4346,0.0000,1000,226,1000,1,954.2602
12460.0000,1246,2269.4009,0.0000,1000,226,1000,1,954.2969
12470.0000,1247,2269.3678,0.0000,1000,231,1000,1,954.3336
12480.0000,1248,2269.3396,0.0000,1000,238,1000,1,954.3702
12490.0000,1249,2269.3118,0.0000,1000,233,1000,1,954.4067
12500.0000,1250,2269.2808,0.0000,1000,228,1000,1,954.4432
12510.0000,1251,2269.2438,0.0000,1000,220,1000,1,954.4796
12520.0000,1252,2269.2034,0.0000,1000,218,1000,1,954.5160
12530.0000,1253,2269.1588,0.0000,1000,207,1000,1,954.5523
12540.0000,1254,2269.1119,0.0000,1000,213,1000,1,954.5885
12550.0000,1255,2269.0662,0.0000,1000,212,1000,1,954.6247
12560.0000,1256,2269.0192,0.0000,1000,209,1000,1,954.6608
12570.0000,1257,2268.9684,0.0000,1000,203,1000,1,954.6969
12580.0000,1258,2268.9152,0.0000,1000,203,1000,1,954.7329
12590.0000,1259,2268.8606,0.0000,1000,199,1000,1,954.7689
12600.0000,1260,2268.8029,0.0000,1000,192,1000,1,954.8048
12610.0000,1261,2268.7402,0.0000,1000,186,1000,1,954.8406
12620.0000,1262,2268.6786,0.0000,1000,191,1000,1,954.8764
12630.0000,1263,2268.6155,0.0000,1000,188,1000,1,954.9121
12640.0000,1264,2268.5522,0.0000,1000,190,1000,1,954.9478
12650.0000,1265,2268.4900,0.0000,1000,191,1000,1,954.9834
12660.0000,1266,2268.4333,0.0000,1000,199,1000,1,955.0190
12670.0000,1267,2268.3776,0.0000,1000,195,1000,1,955.0545
12680.0000,1268,2268.3209,0.0000,1000,197,1000,1,955.0899
12690.0000,1269,2268.2640,0.0000,1000,196,1000,1,955.1253
12700.0000,1270,2268.2053,0.0000,1000,192,1000,1,955.1606
12710.0000,1271,2268.1452,0.0000,1000,194,1000,1,955.1959
12720.0000,1272,2268.0881,0.0000,1000,197,1000,1,955.2311
12730.0000,1273,2268.0312,0.0000,1000,191,1000,1,955.2663
12740.0000,1274,2267.9683,0.0000,1000,185,1000,1,955.3014
12750.0000,1275,2267.9010,0.0000,1000,179,1000,1,955.3365
12760.0000,1276,2267.8305,0.0000,1000,175,1000,1,955.3715
12770.0000,1277,2267.7595,0.0000,1000,181,1000,1,955.4064
12780.0000,1278,2267.6913,0.0000,1000,183,1000,1,955.4413
12790.0000,1279,2267.6266,0.0000,1000,184,1000,1,955.4762
12800.0000,1280,2267.5602,0.0000,1000,181,1000,1,955.5109
12810.0000,1281,2267.4933,0.0000,1000,184,1000,1,955.5457
12820.0000,1282,2267.4262,0.0000,1000,181,1000,1,955.5803
12830.0000,1283,2267.3604,0.0000,1000,183,1000,1,955.6150
12840.0000,1284,2267.2955,0.0000,1000,185,1000,1,955.6495
12850.0000,1285,2267.2316,0.0000,1000,183,1000,1,955.6840
12860.0000,1286,2267.1654,0.0000,1000,184,1000,1,955.7185
12870.0000,1287,2267.1015,0.0000,1000,186,1000,1,955.7529
12880.0000,1288,2267.0400,0.0000,1000,186,1000,1,955.7873
12890.0000,1289,2266.9770,0.0000,1000,185,1000,1,955.8216
12900.0000,1290,2266.9125,0.0000,1000,183,1000,1,955.8558
12910.0000,1291,2266.8460,0.0000,1000,180,1000,1,955.8900
12920.0000,1292,2266.7790,0.0000,1000,179,1000,1,955.9241
12930.0000,1293,2266.7081,0.0000,1000,173,1000,1,955.9582
12940.0000,1294,2266.6332,0.0000,1000,165,1000,1,955.9923
12950.0000,1295,2266.5549,0.0000,1000,162,1000,1,956.0263
12960.0000,1296,2266.4709,0.0000,1000,158,1000,1,956.0602
12970.0000,1297,2266.3866,0.0000,1000,154,1000,1,956.0941
12980.0000,1298,2266.2997,0.0000,1000,151,1000,1,956.1279
12990.0000,1299,2266.2081,0.0000,1000,148,1000,1,956.1617
13000.0000,1300,2266.1189,0.0000,1000,154,1000,1,956.1954
13010.0000,1301,2266.0306,0.0000,1000,152,1000,1,956.2291
13020.0000,1302,2265.9419,0.0000,1000,148,1000,1,956.2627
13030.0000,1303,2265.8527,0.0000,1000,149,1000,1,956.2962
13040.0000,1304,2265.7643,0.0000,1000,151,1000,1,956.3298
13050.0000,1305,2265.6774,0.0000,1000,153,1000,1,956.3632
13060.0000,1306,2265.5861,0.0000,1000,144,1000,1,956.3966
13070.0000,1307,2265.4922,0.0000,1000,144,1000,1,956.4300
13080.0000,1308,2265.3948,0.0000,1000,137,1000,1,956.4633
13090.0000,1309,2265.2960,0.0000,1000,138,1000,1,956.4966
13100.0000,1310,2265.1985,0.0000,1000,134,1000,1,956.5298
13110.0000,1311,2265.0958,0.0000,1000,130,1000,1,956.5629
13120.0000,1312,2264.9948,0.0000,1000,133,1000,1,956.5960
13130.0000,1313,2264.8922,0.0000,1000,126,1000,1,956.6291
13140.0000,1314,2264.7856,0.0000,1000,123,1000,1,956.6621
13150.0000,1315,2264.6781,0.0000,1000,124,1000,1,956.6951
13160.0000,1316,2264.5706,0.0000,1000,121,1000,1,956.7280
13170.0000,1317,2264.4586,0.0000,1000,114,1000,1,956.7608
13180.0000,1318,2264.3433,0.0000,1000,110,1000,1,956.7936
13190.0000,1319,2264.2289,0.0000,1000,114,1000,1,956.8264
13200.0000,1320,2264.1195,0.0000,1000,119,1000,1,956.8591
13210.0000,1321,2264.0077,0.0000,1000,117,1000,1,956.8917
13220.0000,1322,2263.8949,0.0000,1000,114,1000,1,956.9244
13230.0000,1323,2263.7823,0.0000,1000,113,1000,1,956.9569
13240.0000,1324,2263.6691,0.0000,1000,115,1000,1,956.9894
13250.0000,1325,2263.5551,0.0000,1000,110,1000,1,957.0219
13260.0000,1326,2263.4393,0.0000,1000,114,1000,1,957.0543
13270.0000,1327,2263.3298,0.0000,1000,120,1000,1,957.0867
13280.0000,1328,2263.2213,0.0000,1000,115,1000,1,957.1190
13290.0000,1329,2263.1101,0.0000,1000,115,1000,1,957.1512
13300.0000,1330,2262.9949,0.0000,1000,108,1000,1,957.1835
13310.0000,1331,2262.8774,0.0000,1000,109,1000,1,957.2156
13320.0000,1332,2262.7591,0.0000,1000,107,1000,1,957.2477
13330.0000,1333,2262.6426,0.0000,1000,107,1000,1,957.2798
13340.0000,1334,2262.5268,0.0000,1000,109,1000,1,957.3118
13350.0000,1335,2262.4141,0.0000,1000,114,1000,1,957.3438
13360.0000,1336,2262.3025,0.0000,1000,106,1000,1,957.3757
13370.0000,1337,2262.1866,0.0000,1000,105,1000,1,957.4076
13380.0000,1338,2262.0699,0.0000,1000,108,1000,1,957.4395
13390.0000,1339,2261.9526,0.0000,1000,101,1000,1,957.4712
13400.0000,1340,2261.8337,0.0000,1000,102,1000,1,957.5030
13410.0000,1341,2261.7125,0.0000,1000,95,1000,1,957.5347
13420.0000,1342,2261.5889,0.0000,1000,99,1000,1,957.5663
13430.0000,1343,2261.4685,0.0000,1000,97,1000,1,957.5979
13440.0000,1344,2261.3480,0.0000,1000,103,1000,1,957.6295
13450.0000,1345,2261.2290,0.0000,1000,98,1000,1,957.6610
13460.0000,1346,2261.1073,0.0000,1000,98,1000,1,957.6924
13470.0000,1347,2260.9864,0.0000,1000,100,1000,1,957.7238
13480.0000,1348,2260.8686,0.0000,1000,102,1000,1,957.7552
13490.0000,1349,2260.7492,0.0000,1000,102,1000,1,957.7865
13500.0000,1350,2260.6308,0.0000,1000,97,1000,1,957.8178
13510.0000,1351,2260.5085,0.0000,1000,90,1000,1,957.8490
13520.0000,1352,2260.3824,0.0000,1000,87,1000,1,957.8802
13530.0000,1353,2260.2530,0.0000,1000,83,1000,1,957.9113
13540.0000,1354,2260.1215,0.0000,1000,80,1000,1,957.9424
13550.0000,1355,2259.9902,0.0000,1000,80,1000,1,957.9734
13560.0000,1356,2259.8555,0.0000,1000,77,1000,1,958.0044
13570.0000,1357,2259.7195,0.0000,1000,72,1000,1,958.0354
13580.0000,1358,2259.5808,0.0000,1000,70,1000,1,958.0663
13590.0000,1359,2259.4397,0.0000,1000,65,1000,1,958.0971
13600.0000,1360,2259.2980,0.0000,1000,66,1000,1,958.1279
13610.0000,1361,2259.1559,0.0000,1000,68,1000,1,958.1587
13620.0000,1362,2259.0184,0.0000,1000,73,1000,1,958.1894
13630.0000,1363,2258.8808,0.0000,1000,73,1000,1,958.2201
13640.0000,1364,2258.7446,0.0000,1000,72,1000,1,958.2507
13650.0000,1365,2258.6073,0.0000,1000,67,1000,1,958.2813
13660.0000,1366,2258.4684,0.0000,1000,71,1000,1,958.3119
13670.0000,1367,2258.3284,0.0000,1000,64,1000,1,958.3424
13680.0000,1368,2258.1871,0.0000,1000,61,1000,1,958.3728
13690.0000,1369,2258.0453,0.0000,1000,72,1000,1,958.4032
13700.0000,1370,2257.9107,0.0000,1000,73,1000,1,958.4336
13710.0000,1371,2257.7750,0.0000,1000,72,1000,1,958.4639
13720.0000,1372,2257.6391,0.0000,1000,68,1000,1,958.4942
13730.0000,1373,2257.5030,0.0000,1000,69,1000,1,958.5244
13740.0000,1374,2257.3684,0.0000,1000,74,1000,1,958.5546
13750.0000,1375,2257.2322,0.0000,1000,67,1000,1,958.5847
13760.0000,1376,2257.0957,0.0000,1000,70,1000,1,958.6148
13770.0000,1377,2256.9584,0.0000,1000,67,1000,1,958.6449
13780.0000,1378,2256.8217,0.0000,1000,70,1000,1,958.6749
13790.0000,1379,2256.6849,0.0000,1000,62,1000,1,958.7049
13800.0000,1380,2256.5446,0.0000,1000,64,1000,1,958.7348
13810.0000,1381,2256.4054,0.0000,1000,68,1000,1,958.7647
13820.0000,1382,2256.2682,0.0000,1000,64,1000,1,958.7945
13830.0000,1383,2256.1272,0.0000,1000,63,1000,1,958.8243
13840.0000,1384,2255.9851,0.0000,1000,58,1000,1,958.8540
13850.0000,1385,2255.8422,0.0000,1000,55,1000,1,958.8838
13860.0000,1386,2255.6955,0.0000,1000,50,1000,1,958.9134
13870.0000,1387,2255.5478,0.0000,1000,54,1000,1,958.9430
13880.0000,1388,2255.4009,0.0000,1000,49,1000,1,958.9726
13890.0000,1389,2255.2507,0.0000,1000,44,1000,1,959.0022
13900.0000,1390,2255.1012,0.0000,1000,51,1000,1,959.0317
13910.0000,1391,2254.9535,0.0000,1000,51,1000,1,959.0611
13920.0000,1392,2254.8074,0.0000,1000,51,1000,1,959.0905
13930.0000,1393,2254.6605,0.0000,1000,49,1000,1,959.1199
13940.0000,1394,2254.5108,0.0000,1000,48,1000,1,959.1492
13950.0000,1395,2254.3642,0.0000,1000,50,1000,1,959.1785
13960.0000,1396,2254.2174,0.0000,1000,54,1000,1,959.2077
13970.0000,1397,2254.0718,0.0000,1000,48,1000,1,959.2369
13980.0000,1398,2253.9252,0.0000,1000,46,1000,1,959.2661
13990.0000,1399,2253.7763,0.0000,1000,46,1000,1,959.2952
14000.0000,1400,2253.6283,0.0000,1000,48,1000,1,959.3243
14010.0000,1401,2253.4797,0.0000,1000,45,1000,1,959.3533
14020.0000,1402,2253.3319,0.0000,1000,44,1000,1,959.3823
14030.0000,1403,2253.1812,0.0000,1000,41,1000,1,959.4113
14040.0000,1404,2253.0311,0.0000,1000,42,1000,1,959.4402
14050.0000,1405,2252.8775,0.0000,1000,34,1000,1,959.4690
14060.0000,1406,2252.7194,0.0000,1000,28,1000,1,959.4979
14070.0000,1407,2252.5583,0.0000,1000,28,1000,1,959.5267
14080.0000,1408,2252.4005,0.0000,1000,33,1000,1,959.5554
14090.0000,1409,2252.2435,0.0000,1000,30,1000,1,959.5841
14100.0000,1410,2252.0859,0.0000,1000,29,1000,1,959.6128
14110.0000,1411,2251.9260,0.0000,1000,21,1000,1,959.6414
14120.0000,1412,2251.7596,0.0000,1000,13,1000,1,959.6700
14130.0000,1413,2251.5918,0.0000,1000,16,1000,1,959.6985
14140.0000,1414,2251.4240,0.0000,1000,16,1000,1,959.7270
14150.0000,1415,2251.2540,0.0000,1000,8,1000,1,959.7555
14160.0000,1416,2251.0813,0.0000,1000,4,1000,1,959.7839
14170.0000,1417,2250.9078,0.0000,1000,9,1000,1,959.8123
14180.0000,1418,2250.7387,0.0000,1000,13,1000,1,959.8406
14190.0000,1419,2250.5710,0.0000,1000,14,1000,1,959.8689
14200.0000,1420,2250.4033,0.0000,1000,13,1000,1,959.8972
14210.0000,1421,2250.2398,0.0000,1000,18,1000,1,959.9254
14220.0000,1422,2250.0792,0.0000,1000,24,1000,1,959.9536
14230.0000,1423,2249.9198,0.0000,1000,24,1000,1,959.9817
14240.0000,1424,2249.7590,0.0000,1000,20,1000,1,960.0098
14250.0000,1425,2249.5946,0.0000,1000,12,1000,1,960.0379
14260.0000,1426,2249.4266,0.0000,1000,7,1000,1,960.0659
14270.0000,1427,2249.2547,0.0000,1000,1,1000,1,960.0939
14280.0000,1428,2249.0815,0.0000,1000,3,1000,1,960.1218
14290.0000,1429,2248.9068,0.0000,994,3,1000,1,960.1498
14300.0000,1430,2248.7351,0.0000,996,14,1000,1,960.1776
14310.0000,1431,2248.5654,0.0000,986,20,1000,1,960.2054
14320.0000,1432,2248.3981,0.0000,982,28,1000,1,960.2332
14330.0000,1433,2248.2360,0.0000,980,43,1000,1,960.2610
14340.0000,1434,2248.0789,0.0000,973,51,1000,1,960.2887
14350.0000,1435,2247.9288,0.0000,970,65,1000,1,960.3164
14360.0000,1436,2247.7829,0.0000,971,71,1000,1,960.3440
14370.0000,1437,2247.6426,0.0000,972,76,1000,1,960.3716
14380.0000,1438,2247.5072,0.0000,972,84,1000,1,960.3992
14390.0000,1439,2247.3742,0.0000,970,89,1000,1,960.4267
14400.0000,1440,2247.2433,0.0000,967,93,1000,1,960.4542
14410.0000,1441,2247.1133,0.0000,966,99,1000,1,960.4816
14420.0000,1442,2246.9894,0.0000,957,107,1000,1,960.5090
14430.0000,1443,2246.8656,0.0000,960,116,1000,1,960.5364
14440.0000,1444,2246.7513,0.0000,960,126,1000,1,960.5637
14450.0000,1445,2246.6414,0.0000,958,129,1000,1,960.5910
14460.0000,1446,2246.5323,0.0000,959,136,1000,1,960.6183
14470.0000,1447,2246.4287,0.0000,959,139,1000,1,960.6455
14480.0000,1448,2246.3311,0.0000,960,152,1000,1,960.6727
14490.0000,1449,2246.2423,0.0000,961,161,1000,1,960.6998
14500.0000,1450,2246.1608,0.0000,960,172,1000,1,960.7269
14510.0000,1451,2246.0823,0.0000,959,177,1000,1,960.7540
14520.0000,1452,2246.0094,0.0000,960,188,1000,1,960.7810
14530.0000,1453,2245.9453,0.0000,960,194,1000,1,960.8080
14540.0000,1454,2245.8869,0.0000,962,204,1000,1,960.8349
14550.0000,1455,2245.8380,0.0000,964,215,1000,1,960.8619
14560.0000,1456,2245.7939,0.0000,971,218,1000,1,960.8887
14570.0000,1457,2245.7546,0.0000,968,223,1000,1,960.9156
14580.0000,1458,2245.7219,0.0000,969,234,1000,1,960.9424
14590.0000,1459,2245.6966,0.0000,968,244,1000,1,960.9692
14600.0000,1460,2245.6743,0.0000,961,253,1000,1,960.9959
14610.0000,1461,2245.6532,0.0000,957,260,1000,1,961.0226
14620.0000,1462,2245.6400,0.0000,964,269,1000,1,961.0492
14630.0000,1463,2245.6316,0.0000,963,277,1000,1,961.0759
14640.0000,1464,2245.6289,0.0000,960,285,1000,1,961.1025
14650.0000,1465,2245.6302,0.0000,958,293,1000,1,961.1290
14660.0000,1466,2245.6371,0.0000,952,305,1000,1,961.1555
14670.0000,1467,2245.6471,0.0000,951,317,1000,1,961.1820
14680.0000,1468,2245.6651,0.0000,951,324,1000,1,961.2084
14690.0000,1469,2245.6884,0.0000,947,333,1000,1,961.2349
14700.0000,1470,2245.7150,0.0000,945,342,1000,1,961.2612
14710.0000,1471,2245.7447,0.0000,941,356,1000,1,961.2876
14720.0000,1472,2245.7822,0.0000,943,360,1000,1,961.3139
14730.0000,1473,2245.8212,0.0000,940,370,1000,1,961.3401
14740.0000,1474,2245.8670,0.0000,938,379,1000,1,961.3663
14750.0000,1475,2245.9156,0.0000,938,382,1000,1,961.3925
14760.0000,1476,2245.9677,0.0000,932,391,1000,1,961.4187
14770.0000,1477,2246.0223,0.0000,933,400,1000,1,961.4448
14780.0000,1478,2246.0830,0.0000,928,411,1000,1,961.4709
14790.0000,1479,2246.1456,0.0000,921,418,1000,1,961.4970
14800.0000,1480,2246.2148,0.0000,923,432,1000,1,961.5230
14810.0000,1481,2246.2925,0.0000,932,439,1000,1,961.5490
14820.0000,1482,2246.3777,0.0000,928,447,1000,1,961.5749
14830.0000,1483,2246.4668,0.0000,927,455,1000,1,961.6008
14840.0000,1484,2246.5633,0.0000,920,473,1000,1,961.6267
14850.0000,1485,2246.6613,0.0000,917,478,1000,1,961.6525
14860.0000,1486,2246.7683,0.0000,924,485,1000,1,961.6783
14870.0000,1487,2246.8768,0.0000,920,489,1000,1,961.7041
14880.0000,1488,2246.9886,0.0000,917,501,1000,1,961.7298
14890.0000,1489,2247.1062,0.0000,918,508,1000,1,961.7555
14900.0000,1490,2247.2260,0.0000,911,516,1000,1,961.7812
14910.0000,1491,2247.3495,0.0000,905,524,1000,1,961.8068
14920.0000,1492,2247.4762,0.0000,907,536,1000,1,961.8324
14930.0000,1493,2247.6095,0.0000,904,543,1000,1,961.8580
14940.0000,1494,2247.7461,0.0000,900,556,1000,1,961.8835
14950.0000,1495,2247.8926,0.0000,900,573,1000,1,961.9090
14960.0000,1496,2248.0460,0.0000,903,583,1000,1,961.9345
14970.0000,1497,2248.2095,0.0000,901,596,1000,1,961.9599
14980.0000,1498,2248.3822,0.0000,909,607,1000,1,961.9853
14990.0000,1499,2248.5620,0.0000,905,618,1000,1,962.0107
15000.0000,1500,2248.7449,0.0000,898,626,1000,1,962.0360
15010.0000,1501,2248.9286,0.0000,894,633,1000,1,962.0613
15020.0000,1502,2249.1160,0.0000,889,640,1000,1,962.0865
15030.0000,1503,2249.3048,0.0000,887,649,1000,1,962.1118
15040.0000,1504,2249.4977,0.0000,886,654,1000,1,962.1370
15050.0000,1505,2249.6919,0.0000,880,658,1000,1,962.1621
15060.0000,1506,2249.8866,0.0000,879,669,1000,1,962.1872
15070.0000,1507,2250.0875,0.0000,883,676,1000,1,962.2123
15080.0000,1508,2250.2967,0.0000,886,686,1000,1,962.2374
15090.0000,1509,2250.5118,0.0000,884,693,1000,1,962.2624
15100.0000,1510,2250.7335,0.0000,885,708,1000,1,962.2874
15110.0000,1511,2250.9609,0.0000,882,717,1000,1,962.3124
15120.0000,1512,2251.1946,0.0000,885,725,1000,1,962.3373
15130.0000,1513,2251.4342,0.0000,880,734,1000,1,962.3622
15140.0000,1514,2251.6761,0.0000,881,743,1000,1,962.3871
15150.0000,1515,2251.9250,0.0000,879,756,1000,1,962.4119
15160.0000,1516,2252.1796,0.0000,878,762,1000,1,962.4367
15170.0000,1517,2252.4379,0.0000,878,772,1000,1,962.4614
15180.0000,1518,2252.6998,0.0000,875,779,1000,1,962.4862
15190.0000,1519,2252.9671,0.0000,873,787,1000,1,962.5109
15200.0000,1520,2253.2371,0.0000,872,795,1000,1,962.5355
15210.0000,1521,2253.5105,0.0000,872,801,1000,1,962.5602
15220.0000,1522,2253.7871,0.0000,871,806,1000,1,962.5848
15230.0000,1523,2254.0637,0.0000,862,809,1000,1,962.6093
15240.0000,1524,2254.3387,0.0000,859,816,1000,1,962.6339
15250.0000,1525,2254.6181,0.0000,864,820,1000,1,962.6584
15260.0000,1526,2254.9025,0.0000,857,833,1000,1,962.6828
15270.0000,1527,2255.1938,0.0000,858,844,1000,1,962.7073
15280.0000,1528,2255.4932,0.0000,867,853,1000,1,962.7317
15290.0000,1529,2255.7967,0.0000,864,859,1000,1,962.7560
15300.0000,1530,2256.1095,0.0000,873,867,1000,1,962.7804
15310.0000,1531,2256.4279,0.0000,869,877,1000,1,962.8047
15320.0000,1532,2256.7493,0.0000,868,887,1000,1,962.8290
15330.0000,1533,2257.0782,0.0000,873,900,1000,1,962.8532
15340.0000,1534,2257.4184,0.0000,879,905,1000,1,962.8774
15350.0000,1535,2257.7593,0.0000,870,911,1000,1,962.9016
15360.0000,1536,2258.1055,0.0000,869,922,1000,1,962.9258
15370.0000,1537,2258.4546,0.0000,869,930,1000,1,962.9499
15380.0000,1538,2258.8079,0.0000,867,939,1000,1,962.9740
15390.0000,1539,2259.1655,0.0000,868,946,1000,1,962.9980
15400.0000,1540,2259.5288,0.0000,868,954,1000,1,963.0221
15410.0000,1541,2259.8977,0.0000,870,962,1000,1,963.0461
15420.0000,1542,2260.2704,0.0000,868,965,1000,1,963.0700
15430.0000,1543,2260.6435,0.0000,866,978,1000,1,963.0940
15440.0000,1544,2261.0260,0.0000,869,989,1000,1,963.1179
15450.0000,1545,2261.4137,0.0000,863,999,1000,1,963.1417
15460.0000,1546,2261.8007,0.0000,856,1000,1000,1,963.1656
15470.0000,1547,2262.1812,0.0000,846,1000,1000,1,963.1894
15480.0000,1548,2262.5603,0.0000,850,1000,1000,1,963.2132
15490.0000,1549,2262.9370,0.0000,848,1000,1000,1,963.2369
15500.0000,1550,2263.3150,0.0000,849,1000,1000,1,963.2606
15510.0000,1551,2263.6933,0.0000,847,1000,1000,1,963.2843
15520.0000,1552,2264.0684,0.0000,844,1000,1000,1,963.3080
15530.0000,1553,2264.4400,0.0000,838,1000,1000,1,963.3316
15540.0000,1554,2264.8098,0.0000,842,1000,1000,1,963.3552
15550.0000,1555,2265.1780,0.0000,834,1000,1000,1,963.3788
15560.0000,1556,2265.5429,0.0000,829,1000,1000,1,963.4023
15570.0000,1557,2265.9020,0.0000,819,1000,1000,1,963.4258
15580.0000,1558,2266.2581,0.0000,821,1000,1000,1,963.4493
15590.0000,1559,2266.6139,0.0000,821,1000,1000,1,963.4727
15600.0000,1560,2266.9678,0.0000,814,1000,1000,1,963.4962
15610.0000,1561,2267.3202,0.0000,821,1000,1000,1,963.5195
15620.0000,1562,2267.6741,0.0000,818,1000,1000,1,963.5429
15630.0000,1563,2268.0259,0.0000,819,1000,1000,1,963.5662
15640.0000,1564,2268.3767,0.0000,816,1000,1000,1,963.5895
15650.0000,1565,2268.7268,0.0000,816,1000,1000,1,963.6128
15660.0000,1566,2269.0766,0.0000,817,1000,1000,1,963.6360
15670.0000,1567,2269.4256,0.0000,814,1000,1000,1,963.6592
15680.0000,1568,2269.7709,0.0000,808,1000,1000,1,963.6824
15690.0000,1569,2270.1139,0.0000,806,1000,1000,1,963.7055
15700.0000,1570,2270.4535,0.0000,804,1000,1000,1,963.7287
15710.0000,1571,2270.7926,0.0000,802,1000,1000,1,963.7517
15720.0000,1572,2271.1301,0.0000,798,1000,1000,1,963.7748
15730.0000,1573,2271.4670,0.0000,804,1000,1000,1,963.7978
15740.0000,1574,2271.8051,0.0000,803,1000,1000,1,963.8208
15750.0000,1575,2272.1426,0.0000,805,1000,1000,1,963.8438
15760.0000,1576,2272.4815,0.0000,806,1000,1000,1,963.8667
15770.0000,1577,2272.8204,0.0000,807,1000,1000,1,963.8897
15780.0000,1578,2273.1583,0.0000,806,1000,1000,1,963.9125
15790.0000,1579,2273.4945,0.0000,803,1000,1000,1,963.9354
15800.0000,1580,2273.8260,0.0000,792,1000,1000,1,963.9582
15810.0000,1581,2274.1529,0.0000,793,1000,1000,1,963.9810
15820.0000,1582,2274.4824,0.0000,798,1000,1000,1,964.0038
15830.0000,1583,2274.8138,0.0000,797,1000,1000,1,964.0265
15840.0000,1584,2275.1421,0.0000,799,1000,1000,1,964.0492
15850.0000,1585,2275.4733,0.0000,798,1000,1000,1,964.0719
15860.0000,1586,2275.8015,0.0000,795,1000,1000,1,964.0946
15870.0000,1587,2276.1287,0.0000,797,1000,1000,1,964.1172
15880.0000,1588,2276.4587,0.0000,799,1000,1000,1,964.1398
15890.0000,1589,2276.7883,0.0000,797,1000,1000,1,964.1624
15900.0000,1590,2277.1175,0.0000,800,1000,1000,1,964.1849
15910.0000,1591,2277.4487,0.0000,810,1000,1000,1,964.2074
15920.0000,1592,2277.7842,0.0000,813,1000,1000,1,964.2299
15930.0000,1593,2278.1193,0.0000,815,1000,1000,1,964.2524
15940.0000,1594,2278.4532,0.0000,803,1000,1000,1,964.2748
15950.0000,1595,2278.7800,0.0000,799,1000,1000,1,964.2972
15960.0000,1596,2279.1072,0.0000,802,1000,1000,1,964.3195
15970.0000,1597,2279.4356,0.0000,801,1000,1000,1,964.3419
15980.0000,1598,2279.7639,0.0000,809,1000,1000,1,964.3642
15990.0000,1599,2280.0941,0.0000,806,1000,1000,1,964.3865
16000.0000,1600,2280.4216,0.0000,801,1000,1000,1,964.4087
16010.0000,1601,2280.7465,0.0000,799,1000,1000,1,964.4310
16020.0000,1602,2281.0703,0.0000,799,1000,1000,1,964.4532
16030.0000,1603,2281.3911,0.0000,791,1000,1000,1,964.4754
16040.0000,1604,2281.7112,0.0000,791,1000,1000,1,964.4975
16050.0000,1605,2282.0278,0.0000,786,1000,1000,1,964.5196
16060.0000,1606,2282.3423,0.0000,787,1000,1000,1,964.5417
16070.0000,1607,2282.6554,0.0000,784,1000,1000,1,964.5638
16080.0000,1608,2282.9640,0.0000,779,1000,1000,1,964.5858
16090.0000,1609,2283.2728,0.0000,782,1000,1000,1,964.6078
16100.0000,1610,2283.5843,0.0000,785,1000,1000,1,964.6298
16110.0000,1611,2283.8964,0.0000,786,1000,1000,1,964.6518
16120.0000,1612,2284.2089,0.0000,789,1000,1000,1,964.6737
16130.0000,1613,2284.5216,0.0000,788,1000,1000,1,964.6956
16140.0000,1614,2284.8331,0.0000,784,1000,1000,1,964.7175
16150.0000,1615,2285.1424,0.0000,787,1000,1000,1,964.7393
16160.0000,1616,2285.4554,0.0000,790,1000,1000,1,964.7611
16170.0000,1617,2285.7654,0.0000,784,1000,1000,1,964.7829
16180.0000,1618,2286.0741,0.0000,786,1000,1000,1,964.8047
16190.0000,1619,2286.3829,0.0000,786,1000,1000,1,964.8264
16200.0000,1620,2286.6887,0.0000,777,1000,1000,1,964.8481
16210.0000,1621,2286.9870,0.0000,766,1000,1000,1,964.8698
16220.0000,1622,2287.2861,0.0000,775,1000,1000,1,964.8915
16230.0000,1623,2287.5871,0.0000,780,1000,1000,1,964.9131
16240.0000,1624,2287.8910,0.0000,784,1000,1000,1,964.9347
16250.0000,1625,2288.1993,0.0000,793,1000,1000,1,964.9563
16260.0000,1626,2288.5084,0.0000,792,1000,1000,1,964.9779
16270.0000,1627,2288.8173,0.0000,791,1000,1000,1,964.9994
16280.0000,1628,2289.1269,0.0000,793,1000,1000,1,965.0209
16290.0000,1629,2289.4362,0.0000,796,1000,1000,1,965.0424
16300.0000,1630,2289.7478,0.0000,799,1000,1000,1,965.0638
16310.0000,1631,2290.0570,0.0000,792,1000,1000,1,965.0852
16320.0000,1632,2290.3654,0.0000,796,1000,1000,1,965.1066
16330.0000,1633,2290.6756,0.0000,798,1000,1000,1,965.1280
16340.0000,1634,2290.9872,0.0000,800,1000,1000,1,965.1493
16350.0000,1635,2291.2987,0.0000,803,1000,1000,1,965.1706
16360.0000,1636,2291.6112,0.0000,803,1000,1000,1,965.1919
16370.0000,1637,2291.9238,0.0000,805,1000,1000,1,965.2132
16380.0000,1638,2292.2356,0.0000,803,1000,1000,1,965.2344
16390.0000,1639,2292.5492,0.0000,808,1000,1000,1,965.2556
16400.0000,1640,2292.8649,0.0000,810,1000,1000,1,965.2768
16410.0000,1641,2293.1797,0.0000,808,1000,1000,1,965.2980
16420.0000,1642,2293.4929,0.0000,808,1000,1000,1,965.3191
16430.0000,1643,2293.8047,0.0000,803,1000,1000,1,965.3402
16440.0000,1644,2294.1131,0.0000,799,1000,1000,1,965.3613
16450.0000,1645,2294.4177,0.0000,792,1000,1000,1,965.3824
16460.0000,1646,2294.7190,0.0000,790,1000,1000,1,965.4034
16470.0000,1647,2295.0217,0.0000,795,1000,1000,1,965.4244
16480.0000,1648,2295.3246,0.0000,796,1000,1000,1,965.4454
16490.0000,1649,2295.6292,0.0000,798,1000,1000,1,965.4663
16500.0000,1650,2295.9336,0.0000,801,1000,1000,1,965.4873
16510.0000,1651,2296.2402,0.0000,803,1000,1000,1,965.5082
16520.0000,1652,2296.5439,0.0000,795,1000,1000,1,965.5291
16530.0000,1653,2296.8459,0.0000,793,1000,1000,1,965.5499
16540.0000,1654,2297.1448,0.0000,789,1000,1000,1,965.5707
16550.0000,1655,2297.4414,0.0000,786,1000,1000,1,965.5915
16560.0000,1656,2297.7358,0.0000,786,1000,1000,1,965.6123
16570.0000,1657,2298.0266,0.0000,779,1000,1000,1,965.6331
16580.0000,1658,2298.3156,0.0000,777,1000,1000,1,965.6538
16590.0000,1659,2298.6015,0.0000,776,1000,1000,1,965.6745
16600.0000,1660,2298.8896,0.0000,777,1000,1000,1,965.6952
16610.0000,1661,2299.1756,0.0000,773,1000,1000,1,965.7158
16620.0000,1662,2299.4644,0.0000,782,1000,1000,1,965.7365
16630.0000,1663,2299.7534,0.0000,780,1000,1000,1,965.7571
16640.0000,1664,2300.0410,0.0000,774,1000,1000,1,965.7776
16650.0000,1665,2300.3265,0.0000,775,1000,1000,1,965.7982
16660.0000,1666,2300.6147,0.0000,779,1000,1000,1,965.8187
16670.0000,1667,2300.9007,0.0000,775,1000,1000,1,965.8392
16680.0000,1668,2301.1855,0.0000,778,1000,1000,1,965.8597
16690.0000,1669,2301.4693,0.0000,777,1000,1000,1,965.8802
16700.0000,1670,2301.7551,0.0000,781,1000,1000,1,965.9006
16710.0000,1671,2302.0424,0.0000,786,1000,1000,1,965.9210
16720.0000,1672,2302.3314,0.0000,782,1000,1000,1,965.9414
16730.0000,1673,2302.6161,0.0000,775,1000,1000,1,965.9617
16740.0000,1674,2302.8991,0.0000,773,1000,1000,1,965.9821
16750.0000,1675,2303.1819,0.0000,778,1000,1000,1,966.0024
16760.0000,1676,2303.4625,0.0000,769,1000,1000,1,966.0227
16770.0000,1677,2303.7411,0.0000,771,1000,1000,1,966.0429
16780.0000,1678,2304.0207,0.0000,773,1000,1000,1,966.0632
16790.0000,1679,2304.2990,0.0000,771,1000,1000,1,966.0834
16800.0000,1680,2304.5744,0.0000,761,1000,1000,1,966.1036
16810.0000,1681,2304.8478,0.0000,767,1000,1000,1,966.1237
16820.0000,1682,2305.1230,0.0000,768,1000,1000,1,966.1439
16830.0000,1683,2305.3987,0.0000,773,1000,1000,1,966.1640
16840.0000,1684,2305.6766,0.0000,772,1000,1000,1,966.1841
16850.0000,1685,2305.9534,0.0000,770,1000,1000,1,966.2042
16860.0000,1686,2306.2294,0.0000,768,1000,1000,1,966.2242
16870.0000,1687,2306.5026,0.0000,767,1000,1000,1,966.2442
16880.0000,1688,2306.7757,0.0000,761,1000,1000,1,966.2642
16890.0000,1689,2307.0427,0.0000,755,1000,1000,1,966.2842
16900.0000,1690,2307.3091,0.0000,758,1000,1000,1,966.3041
16910.0000,1691,2307.5756,0.0000,758,1000,1000,1,966.3241
16920.0000,1692,2307.8427,0.0000,762,1000,1000,1,966.3440
16930.0000,1693,2308.1121,0.0000,764,1000,1000,1,966.3638
16940.0000,1694,2308.3819,0.0000,764,1000,1000,1,966.3837
16950.0000,1695,2308.6470,0.0000,757,1000,1000,1,966.4035
16960.0000,1696,2308.9115,0.0000,759,1000,1000,1,966.4233
16970.0000,1697,2309.1743,0.0000,754,1000,1000,1,966.4431
16980.0000,1698,2309.4366,0.0000,756,1000,1000,1,966.4629
16990.0000,1699,2309.7002,0.0000,759,1000,1000,1,966.4826
17000.0000,1700,2309.9654,0.0000,759,1000,1000,1,966.5024
17010.0000,1701,2310.2273,0.0000,751,1000,1000,1,966.5220
17020.0000,1702,2310.4875,0.0000,755,1000,1000,1,966.5417
17030.0000,1703,2310.7485,0.0000,755,1000,1000,1,966.5614
17040.0000,1704,2311.0115,0.0000,761,1000,1000,1,966.5810
17050.0000,1705,2311.2736,0.0000,757,1000,1000,1,966.6006
17060.0000,1706,2311.5324,0.0000,752,1000,1000,1,966.6202
17070.0000,1707,2311.7895,0.0000,750,1000,1000,1,966.6397
17080.0000,1708,2312.0461,0.0000,750,1000,1000,1,966.6592
17090.0000,1709,2312.3009,0.0000,746,1000,1000,1,966.6788
17100.0000,1710,2312.5552,0.0000,750,1000,1000,1,966.6982
17110.0000,1711,2312.8106,0.0000,747,1000,1000,1,966.7177
17120.0000,1712,2313.0655,0.0000,751,1000,1000,1,966.7371
17130.0000,1713,2313.3225,0.0000,755,1000,1000,1,966.7566
17140.0000,1714,2313.5783,0.0000,753,1000,1000,1,966.7760
17150.0000,1715,2313.8324,0.0000,751,1000,1000,1,966.7953
17160.0000,1716,2314.0881,0.0000,756,1000,1000,1,966.8147
17170.0000,1717,2314.3436,0.0000,749,1000,1000,1,966.8340
17180.0000,1718,2314.5976,0.0000,754,1000,1000,1,966.8533
17190.0000,1719,2314.8541,0.0000,757,1000,1000,1,966.8726
17200.0000,1720,2315.1098,0.0000,754,1000,1000,1,966.8919
17210.0000,1721,2315.3644,0.0000,755,1000,1000,1,966.9111
17220.0000,1722,2315.6179,0.0000,751,1000,1000,1,966.9303
17230.0000,1723,2315.8688,0.0000,749,1000,1000,1,966.9495
17240.0000,1724,2316.1193,0.0000,747,1000,1000,1,966.9687
17250.0000,1725,2316.3697,0.0000,743,1000,1000,1,966.9878
17260.0000,1726,2316.6171,0.0000,741,1000,1000,1,967.0070
17270.0000,1727,2316.8660,0.0000,748,1000,1000,1,967.0261
17280.0000,1728,2317.1142,0.0000,743,1000,1000,1,967.0451
17290.0000,1729,2317.3608,0.0000,743,1000,1000,1,967.0642
17300.0000,1730,2317.6061,0.0000,743,1000,1000,1,967.0832
17310.0000,1731,2317.8521,0.0000,744,1000,1000,1,967.1023
17320.0000,1732,2318.0971,0.0000,745,1000,1000,1,967.1212
17330.0000,1733,2318.3411,0.0000,738,1000,1000,1,967.1402
17340.0000,1734,2318.5838,0.0000,741,1000,1000,1,967.1592
17350.0000,1735,2318.8260,0.0000,738,1000,1000,1,967.1781
17360.0000,1736,2319.0677,0.0000,738,1000,1000,1,967.1970
17370.0000,1737,2319.3114,0.0000,745,1000,1000,1,967.2159
17380.0000,1738,2319.5563,0.0000,741,1000,1000,1,967.2348
17390.0000,1739,2319.8000,0.0000,743,1000,1000,1,967.2536
17400.0000,1740,2320.0438,0.0000,746,1000,1000,1,967.2724
17410.0000,1741,2320.2912,0.0000,752,1000,1000,1,967.2912
17420.0000,1742,2320.5374,0.0000,748,1000,1000,1,967.3100
17430.0000,1743,2320.7793,0.0000,739,1000,1000,1,967.3287
17440.0000,1744,2321.0208,0.0000,743,1000,1000,1,967.3475
17450.0000,1745,2321.2613,0.0000,741,1000,1000,1,967.3662
17460.0000,1746,2321.5009,0.0000,734,1000,1000,1,967.3849
17470.0000,1747,2321.7350,0.0000,729,1000,1000,1,967.4035
17480.0000,1748,2321.9709,0.0000,736,1000,1000,1,967.4222
17490.0000,1749,2322.2067,0.0000,735,1000,1000,1,967.4408
17500.0000,1750,2322.4438,0.0000,741,1000,1000,1,967.4594
17510.0000,1751,2322.6821,0.0000,740,1000,1000,1,967.4780
17520.0000,1752,2322.9175,0.0000,737,1000,1000,1,967.4966
17530.0000,1753,2323.1528,0.0000,737,1000,1000,1,967.5151
17540.0000,1754,2323.3878,0.0000,732,1000,1000,1,967.5336
17550.0000,1755,2323.6182,0.0000,727,1000,1000,1,967.5521
17560.0000,1756,2323.8479,0.0000,725,1000,1000,1,967.5706
17570.0000,1757,2324.0738,0.0000,719,1000,1000,1,967.5891
17580.0000,1758,2324.2964,0.0000,716,1000,1000,1,967.6075
17590.0000,1759,2324.5189,0.0000,715,1000,1000,1,967.6259
17600.0000,1760,2324.7391,0.0000,711,1000,1000,1,967.6443
17610.0000,1761,2324.9585,0.0000,709,1000,1000,1,967.6627
17620.0000,1762,2325.1764,0.0000,711,1000,1000,1,967.6810
17630.0000,1763,2325.3952,0.0000,710,1000,1000,1,967.6994
17640.0000,1764,2325.6156,0.0000,715,1000,1000,1,967.7177
17650.0000,1765,2325.8365,0.0000,717,1000,1000,1,967.7360
17660.0000,1766,2326.0571,0.0000,716,1000,1000,1,967.7542
17670.0000,1767,2326.2762,0.0000,711,1000,1000,1,967.7725
17680.0000,1768,2326.4953,0.0000,712,1000,1000,1,967.7907
17690.0000,1769,2326.7152,0.0000,716,1000,1000,1,967.8089
17700.0000,1770,2326.9345,0.0000,716,1000,1000,1,967.8271
17710.0000,1771,2327.1540,0.0000,715,1000,1000,1,967.8453
17720.0000,1772,2327.3748,0.0000,721,1000,1000,1,967.8634
17730.0000,1773,2327.5971,0.0000,716,1000,1000,1,967.8816
17740.0000,1774,2327.8152,0.0000,713,1000,1000,1,967.8997
17750.0000,1775,2328.0298,0.0000,703,1000,1000,1,967.9177
17760.0000,1776,2328.2416,0.0000,703,1000,1000,1,967.9358
17770.0000,1777,2328.4521,0.0000,702,1000,1000,1,967.9539
17780.0000,1778,2328.6617,0.0000,696,1000,1000,1,967.9719
17790.0000,1779,2328.8667,0.0000,690,1000,1000,1,967.9899
17800.0000,1780,2329.0706,0.0000,692,1000,1000,1,968.0079
17810.0000,1781,2329.2750,0.0000,700,1000,1000,1,968.0258
17820.0000,1782,2329.4833,0.0000,698,1000,1000,1,968.0438
17830.0000,1783,2329.6909,0.0000,698,1000,1000,1,968.0617
17840.0000,1784,2329.8966,0.0000,693,1000,1000,1,968.0796
17850.0000,1785,2330.0978,0.0000,690,1000,1000,1,968.0975
17860.0000,1786,2330.2970,0.0000,680,1000,1000,1,968.1153
17870.0000,1787,2330.4927,0.0000,682,1000,1000,1,968.1332
17880.0000,1788,2330.6895,0.0000,680,1000,1000,1,968.1510
17890.0000,1789,2330.8814,0.0000,664,1000,1000,1,968.1688
17900.0000,1790,2331.0684,0.0000,671,1000,1000,1,968.1866
17910.0000,1791,2331.2570,0.0000,664,1000,1000,1,968.2044
17920.0000,1792,2331.4432,0.0000,662,1000,1000,1,968.2221
17930.0000,1793,2331.6264,0.0000,659,1000,1000,1,968.2398
17940.0000,1794,2331.8082,0.0000,655,1000,1000,1,968.2575
17950.0000,1795,2331.9895,0.0000,658,1000,1000,1,968.2752
17960.0000,1796,2332.1721,0.0000,661,1000,1000,1,968.2929
17970.0000,1797,2332.3544,0.0000,660,1000,1000,1,968.3105
17980.0000,1798,2332.5357,0.0000,656,1000,1000,1,968.3281
17990.0000,1799,2332.7152,0.0000,653,1000,1000,1,968.3457
18000.0000,1800,2332.8898,0.0000,644,1000,1000,1,968.3633
18010.0000,1801,2333.0611,0.0000,639,1000,1000,1,968.3809
18020.0000,1802,2333.2291,0.0000,636,1000,1000,1,968.3984
18030.0000,1803,2333.3970,0.0000,636,1000,1000,1,968.4160
18040.0000,1804,2333.5660,0.0000,638,1000,1000,1,968.4335
18050.0000,1805,2333.7349,0.0000,639,1000,1000,1,968.4510
18060.0000,1806,2333.9048,0.0000,640,1000,1000,1,968.4684
18070.0000,1807,2334.0739,0.0000,639,1000,1000,1,968.4859
18080.0000,1808,2334.2415,0.0000,635,1000,1000,1,968.5033
18090.0000,1809,2334.4048,0.0000,628,1000,1000,1,968.5207
18100.0000,1810,2334.5660,0.0000,624,1000,1000,1,968.5381
18110.0000,1811,2334.7251,0.0000,624,1000,1000,1,968.5555
18120.0000,1812,2334.8834,0.0000,619,1000,1000,1,968.5728
18130.0000,1813,2335.0411,0.0000,621,1000,1000,1,968.5902
18140.0000,1814,2335.1962,0.0000,616,1000,1000,1,968.6075
18150.0000,1815,2335.3504,0.0000,613,1000,1000,1,968.6248
18160.0000,1816,2335.5041,0.0000,615,1000,1000,1,968.6421
18170.0000,1817,2335.6588,0.0000,616,1000,1000,1,968.6593
18180.0000,1818,2335.8133,0.0000,616,1000,1000,1,968.6766
18190.0000,1819,2335.9666,0.0000,614,1000,1000,1,968.6938
18200.0000,1820,2336.1186,0.0000,611,1000,1000,1,968.7110
18210.0000,1821,2336.2693,0.0000,608,1000,1000,1,968.7282
18220.0000,1822,2336.4191,0.0000,612,1000,1000,1,968.7453
18230.0000,1823,2336.5714,0.0000,618,1000,1000,1,968.7625
18240.0000,1824,2336.7271,0.0000,622,1000,1000,1,968.7796
18250.0000,1825,2336.8822,0.0000,619,1000,1000,1,968.7967
18260.0000,1826,2337.0384,0.0000,624,1000,1000,1,968.8138
18270.0000,1827,2337.1966,0.0000,625,1000,1000,1,968.8309
18280.0000,1828,2337.3525,0.0000,622,1000,1000,1,968.8479
18290.0000,1829,2337.5077,0.0000,624,1000,1000,1,968.8650
18300.0000,1830,2337.6638,0.0000,620,1000,1000,1,968.8820
18310.0000,1831,2337.8193,0.0000,624,1000,1000,1,968.8990
18320.0000,1832,2337.9784,0.0000,634,1000,1000,1,968.9159
18330.0000,1833,2338.1373,0.0000,624,1000,1000,1,968.9329
18340.0000,1834,2338.2928,0.0000,622,1000,1000,1,968.9498
18350.0000,1835,2338.4451,0.0000,615,1000,1000,1,968.9668
18360.0000,1836,2338.5945,0.0000,611,1000,1000,1,968.9837
18370.0000,1837,2338.7413,0.0000,610,1000,1000,1,969.0005
18380.0000,1838,2338.8907,0.0000,612,1000,1000,1,969.0174
18390.0000,1839,2339.0398,0.0000,617,1000,1000,1,969.0343
18400.0000,1840,2339.1906,0.0000,621,1000,1000,1,969.0511
18410.0000,1841,2339.3424,0.0000,616,1000,1000,1,969.0679
18420.0000,1842,2339.4928,0.0000,616,1000,1000,1,969.0847
18430.0000,1843,2339.6428,0.0000,616,1000,1000,1,969.1015
18440.0000,1844,2339.7940,0.0000,618,1000,1000,1,969.1182
18450.0000,1845,2339.9437,0.0000,615,1000,1000,1,969.1350
18460.0000,1846,2340.0931,0.0000,615,1000,1000,1,969.1517
18470.0000,1847,2340.2422,0.0000,617,1000,1000,1,969.1684
18480.0000,1848,2340.3907,0.0000,612,1000,1000,1,969.1851
18490.0000,1849,2340.5380,0.0000,612,1000,1000,1,969.2017
18500.0000,1850,2340.6871,0.0000,619,1000,1000,1,969.2184
18510.0000,1851,2340.8370,0.0000,614,1000,1000,1,969.2350
18520.0000,1852,2340.9863,0.0000,617,1000,1000,1,969.2516
18530.0000,1853,2341.1369,0.0000,623,1000,1000,1,969.2682
18540.0000,1854,2341.2889,0.0000,621,1000,1000,1,969.2848
18550.0000,1855,2341.4401,0.0000,620,1000,1000,1,969.3013
18560.0000,1856,2341.5897,0.0000,617,1000,1000,1,969.3179
18570.0000,1857,2341.7375,0.0000,616,1000,1000,1,969.3344
18580.0000,1858,2341.8851,0.0000,616,1000,1000,1,969.3509
18590.0000,1859,2342.0344,0.0000,620,1000,1000,1,969.3674
18600.0000,1860,2342.1837,0.0000,618,1000,1000,1,969.3839
18610.0000,1861,2342.3305,0.0000,611,1000,1000,1,969.4003
18620.0000,1862,2342.4751,0.0000,614,1000,1000,1,969.4168
18630.0000,1863,2342.6185,0.0000,608,1000,1000,1,969.4332
18640.0000,1864,2342.7601,0.0000,605,1000,1000,1,969.4496
18650.0000,1865,2342.8986,0.0000,597,1000,1000,1,969.4660
18660.0000,1866,2343.0349,0.0000,600,1000,1000,1,969.4823
18670.0000,1867,2343.1707,0.0000,595,1000,1000,1,969.4987
18680.0000,1868,2343.3039,0.0000,591,1000,1000,1,969.5150
18690.0000,1869,2343.4362,0.0000,591,1000,1000,1,969.5313
18700.0000,1870,2343.5678,0.0000,588,1000,1000,1,969.5476
18710.0000,1871,2343.6976,0.0000,583,1000,1000,1,969.5639
18720.0000,1872,2343.8252,0.0000,584,1000,1000,1,969.5801
18730.0000,1873,2343.9531,0.0000,583,1000,1000,1,969.5964
18740.0000,1874,2344.0808,0.0000,585,1000,1000,1,969.6126
18750.0000,1875,2344.2113,0.0000,590,1000,1000,1,969.6288
18760.0000,1876,2344.3410,0.0000,585,1000,1000,1,969.6450
18770.0000,1877,2344.4693,0.0000,585,1000,1000,1,969.6612
18780.0000,1878,2344.5974,0.0000,584,1000,1000,1,969.6773
18790.0000,1879,2344.7273,0.0000,588,1000,1000,1,969.6935
18800.0000,1880,2344.8559,0.0000,583,1000,1000,1,969.7096
18810.0000,1881,2344.9830,0.0000,588,1000,1000,1,969.7257
18820.0000,1882,2345.1109,0.0000,585,1000,1000,1,969.7418
18830.0000,1883,2345.2370,0.0000,583,1000,1000,1,969.7578
18840.0000,1884,2345.3603,0.0000,574,1000,1000,1,969.7739
18850.0000,1885,2345.4841,0.0000,581,1000,1000,1,969.7899
18860.0000,1886,2345.6092,0.0000,583,1000,1000,1,969.8059
18870.0000,1887,2345.7362,0.0000,587,1000,1000,1,969.8219
18880.0000,1888,2345.8645,0.0000,589,1000,1000,1,969.8379
18890.0000,1889,2345.9931,0.0000,592,1000,1000,1,969.8539
18900.0000,1890,2346.1242,0.0000,592,1000,1000,1,969.8698
18910.0000,1891,2346.2544,0.0000,589,1000,1000,1,969.8858
18920.0000,1892,2346.3840,0.0000,592,1000,1000,1,969.9017
18930.0000,1893,2346.5125,0.0000,591,1000,1000,1,969.9176
18940.0000,1894,2346.6411,0.0000,589,1000,1000,1,969.9335
18950.0000,1895,2346.7680,0.0000,586,1000,1000,1,969.9493
18960.0000,1896,2346.8939,0.0000,586,1000,1000,1,969.9652
18970.0000,1897,2347.0194,0.0000,585,1000,1000,1,969.9810
18980.0000,1898,2347.1451,0.0000,583,1000,1000,1,969.9968
18990.0000,1899,2347.2689,0.0000,582,1000,1000,1,970.0126
19000.0000,1900,2347.3931,0.0000,585,1000,1000,1,970.0284
19010.0000,1901,2347.5154,0.0000,579,1000,1000,1,970.0442
19020.0000,1902,2347.6342,0.0000,571,1000,1000,1,970.0599
19030.0000,1903,2347.7530,0.0000,574,1000,1000,1,970.0757
19040.0000,1904,2347.8710,0.0000,575,1000,1000,1,970.0914
19050.0000,1905,2347.9884,0.0000,569,1000,1000,1,970.1071
19060.0000,1906,2348.1049,0.0000,570,1000,1000,1,970.1228
19070.0000,1907,2348.2221,0.0000,572,1000,1000,1,970.1384
19080.0000,1908,2348.3399,0.0000,574,1000,1000,1,970.1541
19090.0000,1909,2348.4568,0.0000,569,1000,1000,1,970.1697
19100.0000,1910,2348.5700,0.0000,560,1000,1000,1,970.1853
19110.0000,1911,2348.6801,0.0000,558,1000,1000,1,970.2009
19120.0000,1912,2348.7903,0.0000,561,1000,1000,1,970.2165
19130.0000,1913,2348.9009,0.0000,557,1000,1000,1,970.2321
19140.0000,1914,2349.0084,0.0000,554,1000,1000,1,970.2476
19150.0000,1915,2349.1137,0.0000,548,1000,1000,1,970.2632
19160.0000,1916,2349.2175,0.0000,547,1000,1000,1,970.2787
19170.0000,1917,2349.3207,0.0000,548,1000,1000,1,970.2942
19180.0000,1918,2349.4241,0.0000,553,1000,1000,1,970.3097
19190.0000,1919,2349.5313,0.0000,555,1000,1000,1,970.3252
19200.0000,1920,2349.6368,0.0000,551,1000,1000,1,970.3406
19210.0000,1921,2349.7406,0.0000,550,1000,1000,1,970.3561
19220.0000,1922,2349.8417,0.0000,540,1000,1000,1,970.3715
19230.0000,1923,2349.9375,0.0000,535,1000,1000,1,970.3869
19240.0000,1924,2350.0313,0.0000,529,1000,1000,1,970.4023
19250.0000,1925,2350.1250,0.0000,534,1000,1000,1,970.4177
19260.0000,1926,2350.2220,0.0000,535,1000,1000,1,970.4330
19270.0000,1927,2350.3191,0.0000,543,1000,1000,1,970.4484
19280.0000,1928,2350.4217,0.0000,552,1000,1000,1,970.4637
19290.0000,1929,2350.5260,0.0000,551,1000,1000,1,970.4790
19300.0000,1930,2350.6283,0.0000,546,1000,1000,1,970.4943
19310.0000,1931,2350.7277,0.0000,540,1000,1000,1,970.5096
19320.0000,1932,2350.8276,0.0000,545,1000,1000,1,970.5248
19330.0000,1933,2350.9283,0.0000,545,1000,1000,1,970.5401
19340.0000,1934,2351.0272,0.0000,541,1000,1000,1,970.5553
19350.0000,1935,2351.1241,0.0000,535,1000,1000,1,970.5705
19360.0000,1936,2351.2184,0.0000,533,1000,1000,1,970.5857
19370.0000,1937,2351.3124,0.0000,534,1000,1000,1,970.6009
19380.0000,1938,2351.4041,0.0000,523,1000,1000,1,970.6161
19390.0000,1939,2351.4898,0.0000,514,1000,1000,1,970.6313
19400.0000,1940,2351.5721,0.0000,510,1000,1000,1,970.6464
19410.0000,1941,2351.6538,0.0000,509,1000,1000,1,970.6615
19420.0000,1942,2351.7346,0.0000,506,1000,1000,1,970.6766
19430.0000,1943,2351.8142,0.0000,504,1000,1000,1,970.6917
19440.0000,1944,2351.8927,0.0000,506,1000,1000,1,970.7068
19450.0000,1945,2351.9706,0.0000,503,1000,1000,1,970.7218
19460.0000,1946,2352.0481,0.0000,505,1000,1000,1,970.7369
19470.0000,1947,2352.1256,0.0000,500,1000,1000,1,970.7519
19480.0000,1948,2352.2008,0.0000,500,1000,1000,1,970.7669
19490.0000,1949,2352.2768,0.0000,501,1000,1000,1,970.7819
19500.0000,1950,2352.3518,0.0000,494,1000,1000,1,970.7969
19510.0000,1951,2352.4248,0.0000,495,1000,1000,1,970.8119
19520.0000,1952,2352.4964,0.0000,492,1000,1000,1,970.8268
19530.0000,1953,2352.5672,0.0000,490,1000,1000,1,970.8418
19540.0000,1954,2352.6374,0.0000,487,1000,1000,1,970.8567
19550.0000,1955,2352.7056,0.0000,485,1000,1000,1,970.8716
19560.0000,1956,2352.7734,0.0000,485,1000,1000,1,970.8865
19570.0000,1957,2352.8395,0.0000,486,1000,1000,1,970.9014
19580.0000,1958,2352.9062,0.0000,480,1000,1000,1,970.9162
19590.0000,1959,2352.9719,0.0000,482,1000,1000,1,970.9311
19600.0000,1960,2353.0384,0.0000,484,1000,1000,1,970.9459
19610.0000,1961,2353.1063,0.0000,485,1000,1000,1,970.9607
19620.0000,1962,2353.1725,0.0000,481,1000,1000,1,970.9755
19630.0000,1963,2353.2372,0.0000,483,1000,1000,1,970.9903
19640.0000,1964,2353.3025,0.0000,477,1000,1000,1,971.0051
19650.0000,1965,2353.3650,0.0000,475,1000,1000,1,971.0198
19660.0000,1966,2353.4269,0.0000,477,1000,1000,1,971.0346
19670.0000,1967,2353.4890,0.0000,477,1000,1000,1,971.0493
19680.0000,1968,2353.5513,0.0000,468,1000,1000,1,971.0640
19690.0000,1969,2353.6081,0.0000,465,1000,1000,1,971.0787
19700.0000,1970,2353.6620,0.0000,453,1000,1000,1,971.0934
19710.0000,1971,2353.7124,0.0000,451,1000,1000,1,971.1081
19720.0000,1972,2353.7625,0.0000,453,1000,1000,1,971.1227
19730.0000,1973,2353.8113,0.0000,450,1000,1000,1,971.1374
19740.0000,1974,2353.8595,0.0000,448,1000,1000,1,971.1520
19750.0000,1975,2353.9070,0.0000,448,1000,1000,1,971.1666
19760.0000,1976,2353.9541,0.0000,445,1000,1000,1,971.1812
19770.0000,1977,2353.9995,0.0000,441,1000,1000,1,971.1957
19780.0000,1978,2354.0429,0.0000,441,1000,1000,1,971.2103
19790.0000,1979,2354.0860,0.0000,437,1000,1000,1,971.2249
19800.0000,1980,2354.1278,0.0000,438,1000,1000,1,971.2394
19810.0000,1981,2354.1702,0.0000,439,1000,1000,1,971.2539
19820.0000,1982,2354.2137,0.0000,440,1000,1000,1,971.2684
19830.0000,1983,2354.2582,0.0000,441,1000,1000,1,971.2829
19840.0000,1984,2354.3027,0.0000,442,1000,1000,1,971.2974
19850.0000,1985,2354.3478,0.0000,445,1000,1000,1,971.3118
19860.0000,1986,2354.3925,0.0000,442,1000,1000,1,971.3263
19870.0000,1987,2354.4353,0.0000,436,1000,1000,1,971.3407
19880.0000,1988,2354.4771,0.0000,439,1000,1000,1,971.3551
19890.0000,1989,2354.5202,0.0000,441,1000,1000,1,971.3695
19900.0000,1990,2354.5642,0.0000,439,1000,1000,1,971.3839
19910.0000,1991,2354.6084,0.0000,450,1000,1000,1,971.3983
19920.0000,1992,2354.6561,0.0000,446,1000,1000,1,971.4126
19930.0000,1993,2354.7052,0.0000,455,1000,1000,1,971.4270
19940.0000,1994,2354.7524,0.0000,446,1000,1000,1,971.4413
19950.0000,1995,2354.8002,0.0000,454,1000,1000,1,971.4556
19960.0000,1996,2354.8500,0.0000,455,1000,1000,1,971.4699
19970.0000,1997,2354.8999,0.0000,459,1000,1000,1,971.4842
19980.0000,1998,2354.9515,0.0000,457,1000,1000,1,971.4985
19990.0000,1999,2355.0029,0.0000,459,1000,1000,1,971.5128
20000.0000,2000,2355.0541,0.0000,457,1000,1000,1,971.5270
20010.0000,2001,2355.1030,0.0000,453,1000,1000,1,971.5412
20020.0000,2002,2355.1508,0.0000,452,1000,1000,1,971.5554
20030.0000,2003,2355.1983,0.0000,449,1000,1000,1,971.5696
20040.0000,2004,2355.2462,0.0000,454,1000,1000,1,971.5838
20050.0000,2005,2355.2958,0.0000,457,1000,1000,1,971.5980
20060.0000,2006,2355.3454,0.0000,454,1000,1000,1,971.6122
20070.0000,2007,2355.3937,0.0000,450,1000,1000,1,971.6263
20080.0000,2008,2355.4399,0.0000,444,1000,1000,1,971.6404
20090.0000,2009,2355.4850,0.0000,446,1000,1000,1,971.6546
20100.0000,2010,2355.5295,0.0000,443,1000,1000,1,971.6687
20110.0000,2011,2355.5731,0.0000,442,1000,1000,1,971.6827
20120.0000,2012,2355.6188,0.0000,448,1000,1000,1,971.6968
20130.0000,2013,2355.6639,0.0000,447,1000,1000,1,971.7109
20140.0000,2014,2355.7093,0.0000,446,1000,1000,1,971.7249
20150.0000,2015,2355.7548,0.0000,452,1000,1000,1,971.7390
20160.0000,2016,2355.8028,0.0000,454,1000,1000,1,971.7530
20170.0000,2017,2355.8507,0.0000,452,1000,1000,1,971.7670
20180.0000,2018,2355.8967,0.0000,446,1000,1000,1,971.7810
20190.0000,2019,2355.9415,0.0000,448,1000,1000,1,971.7949
20200.0000,2020,2355.9902,0.0000,460,1000,1000,1,971.8089
20210.0000,2021,2356.0417,0.0000,457,1000,1000,1,971.8229
20220.0000,2022,2356.0920,0.0000,459,1000,1000,1,971.8368
20230.0000,2023,2356.1422,0.0000,460,1000,1000,1,971.8507
20240.0000,2024,2356.1924,0.0000,458,1000,1000,1,971.8646
20250.0000,2025,2356.2434,0.0000,460,1000,1000,1,971.8785
20260.0000,2026,2356.2941,0.0000,462,1000,1000,1,971.8924
20270.0000,2027,2356.3467,0.0000,463,1000,1000,1,971.9063
20280.0000,2028,2356.4000,0.0000,466,1000,1000,1,971.9201
20290.0000,2029,2356.4545,0.0000,466,1000,1000,1,971.9340
20300.0000,2030,2356.5082,0.0000,463,1000,1000,1,971.9478
20310.0000,2031,2356.5591,0.0000,460,1000,1000,1,971.9616
20320.0000,2032,2356.6107,0.0000,463,1000,1000,1,971.9754
20330.0000,2033,2356.6630,0.0000,462,1000,1000,1,971.9892
20340.0000,2034,2356.7127,0.0000,453,1000,1000,1,972.0029
20350.0000,2035,2356.7584,0.0000,445,1000,1000,1,972.0167
20360.0000,2036,2356.8022,0.0000,448,1000,1000,1,972.0305
20370.0000,2037,2356.8466,0.0000,445,1000,1000,1,972.0442
20380.0000,2038,2356.8900,0.0000,447,1000,1000,1,972.0579
20390.0000,2039,2356.9339,0.0000,449,1000,1000,1,972.0716
20400.0000,2040,2356.9775,0.0000,443,1000,1000,1,972.0853
20410.0000,2041,2357.0193,0.0000,444,1000,1000,1,972.0990
20420.0000,2042,2357.0613,0.0000,445,1000,1000,1,972.1126
20430.0000,2043,2357.1055,0.0000,446,1000,1000,1,972.1263
20440.0000,2044,2357.1489,0.0000,440,1000,1000,1,972.1399
20450.0000,2045,2357.1902,0.0000,441,1000,1000,1,972.1535
20460.0000,2046,2357.2316,0.0000,441,1000,1000,1,972.1672
20470.0000,2047,2357.2740,0.0000,445,1000,1000,1,972.1808
20480.0000,2048,2357.3145,0.0000,438,1000,1000,1,972.1943
20490.0000,2049,2357.3532,0.0000,435,1000,1000,1,972.2079
20500.0000,2050,2357.3901,0.0000,434,1000,1000,1,972.2215
20510.0000,2051,2357.4275,0.0000,434,1000,1000,1,972.2350
20520.0000,2052,2357.4633,0.0000,431,1000,1000,1,972.2485
20530.0000,2053,2357.4992,0.0000,432,1000,1000,1,972.2621
20540.0000,2054,2357.5350,0.0000,433,1000,1000,1,972.2756
20550.0000,2055,2357.5729,0.0000,438,1000,1000,1,972.2890
20560.0000,2056,2357.6111,0.0000,435,1000,1000,1,972.3025
20570.0000,2057,2357.6471,0.0000,427,1000,1000,1,972.3160
20580.0000,2058,2357.6801,0.0000,426,1000,1000,1,972.3294
20590.0000,2059,2357.7131,0.0000,423,1000,1000,1,972.3429
20600.0000,2060,2357.7458,0.0000,429,1000,1000,1,972.3563
20610.0000,2061,2357.7792,0.0000,426,1000,1000,1,972.3697
20620.0000,2062,2357.8117,0.0000,426,1000,1000,1,972.3831
20630.0000,2063,2357.8457,0.0000,432,1000,1000,1,972.3965
20640.0000,2064,2357.8818,0.0000,431,1000,1000,1,972.4099
20650.0000,2065,2357.9153,0.0000,424,1000,1000,1,972.4232
20660.0000,2066,2357.9465,0.0000,421,1000,1000,1,972.4366
20670.0000,2067,2357.9782,0.0000,427,1000,1000,1,972.4499
20680.0000,2068,2358.0111,0.0000,427,1000,1000,1,972.4632
20690.0000,2069,2358.0428,0.0000,421,1000,1000,1,972.4766
20700.0000,2070,2358.0726,0.0000,420,1000,1000,1,972.4899
20710.0000,2071,2358.1014,0.0000,415,1000,1000,1,972.5031
20720.0000,2072,2358.1284,0.0000,415,1000,1000,1,972.5164
20730.0000,2073,2358.1561,0.0000,415,1000,1000,1,972.5297
20740.0000,2074,2358.1831,0.0000,414,1000,1000,1,972.5429
20750.0000,2075,2358.2090,0.0000,408,1000,1000,1,972.5561
20760.0000,2076,2358.2335,0.0000,412,1000,1000,1,972.5694
20770.0000,2077,2358.2571,0.0000,402,1000,1000,1,972.5826
20780.0000,2078,2358.2782,0.0000,404,1000,1000,1,972.5958
20790.0000,2079,2358.2980,0.0000,398,1000,1000,1,972.6089
20800.0000,2080,2358.3158,0.0000,393,1000,1000,1,972.6221
20810.0000,2081,2358.3308,0.0000,386,1000,1000,1,972.6353
20820.0000,2082,2358.3444,0.0000,386,1000,1000,1,972.6484
20830.0000,2083,2358.3579,0.0000,385,1000,1000,1,972.6615
20840.0000,2084,2358.3708,0.0000,382,1000,1000,1,972.6747
20850.0000,2085,2358.3806,0.0000,377,1000,1000,1,972.6878
20860.0000,2086,2358.3896,0.0000,374,1000,1000,1,972.7009
20870.0000,2087,2358.3983,0.0000,376,1000,1000,1,972.7139
20880.0000,2088,2358.4080,0.0000,379,1000,1000,1,972.7270
20890.0000,2089,2358.4181,0.0000,381,1000,1000,1,972.7401
20900.0000,2090,2358.4281,0.0000,375,1000,1000,1,972.7531
20910.0000,2091,2358.4373,0.0000,380,1000,1000,1,972.7661
20920.0000,2092,2358.4503,0.0000,387,1000,1000,1,972.7792
20930.0000,2093,2358.4643,0.0000,388,1000,1000,1,972.7922
20940.0000,2094,2358.4785,0.0000,384,1000,1000,1,972.8052
20950.0000,2095,2358.4919,0.0000,386,1000,1000,1,972.8181
20960.0000,2096,2358.5039,0.0000,381,1000,1000,1,972.8311
20970.0000,2097,2358.5146,0.0000,377,1000,1000,1,972.8441
20980.0000,2098,2358.5227,0.0000,377,1000,1000,1,972.8570
20990.0000,2099,2358.5314,0.0000,375,1000,1000,1,972.8699
21000.0000,2100,2358.5398,0.0000,377,1000,1000,1,972.8829
21010.0000,2101,2358.5491,0.0000,379,1000,1000,1,972.8958
21020.0000,2102,2358.5614,0.0000,391,1000,1000,1,972.9087
21030.0000,2103,2358.5760,0.0000,391,1000,1000,1,972.9215
21040.0000,2104,2358.5901,0.0000,386,1000,1000,1,972.9344
21050.0000,2105,2358.6027,0.0000,383,1000,1000,1,972.9473
21060.0000,2106,2358.6170,0.0000,391,1000,1000,1,972.9601
21070.0000,2107,2358.6346,0.0000,402,1000,1000,1,972.9729
21080.0000,2108,2358.6537,0.0000,398,1000,1000,1,972.9858
21090.0000,2109,2358.6718,0.0000,396,1000,1000,1,972.9986
21100.0000,2110,2358.6895,0.0000,394,1000,1000,1,973.0114
21110.0000,2111,2358.7061,0.0000,391,1000,1000,1,973.0242
21120.0000,2112,2358.7233,0.0000,397,1000,1000,1,973.0369
21130.0000,2113,2358.7417,0.0000,397,1000,1000,1,973.0497
21140.0000,2114,2358.7591,0.0000,395,1000,1000,1,973.0624
21150.0000,2115,2358.7779,0.0000,401,1000,1000,1,973.0752
21160.0000,2116,2358.7981,0.0000,401,1000,1000,1,973.0879
21170.0000,2117,2358.8170,0.0000,399,1000,1000,1,973.1006
21180.0000,2118,2358.8356,0.0000,398,1000,1000,1,973.1133
21190.0000,2119,2358.8556,0.0000,403,1000,1000,1,973.1260
21200.0000,2120,2358.8749,0.0000,400,1000,1000,1,973.1387
21210.0000,2121,2358.8955,0.0000,405,1000,1000,1,973.1513
21220.0000,2122,2358.9180,0.0000,410,1000,1000,1,973.1640
21230.0000,2123,2358.9410,0.0000,408,1000,1000,1,973.1766
21240.0000,2124,2358.9628,0.0000,406,1000,1000,1,973.1893
21250.0000,2125,2358.9851,0.0000,404,1000,1000,1,973.2019
21260.0000,2126,2359.0078,0.0000,406,1000,1000,1,973.2145
21270.0000,2127,2359.0289,0.0000,403,1000,1000,1,973.2271
21280.0000,2128,2359.0466,0.0000,395,1000,1000,1,973.2397
21290.0000,2129,2359.0643,0.0000,398,1000,1000,1,973.2522
21300.0000,2130,2359.0832,0.0000,398,1000,1000,1,973.2648
21310.0000,2131,2359.1001,0.0000,398,1000,1000,1,973.2773
21320.0000,2132,2359.1180,0.0000,399,1000,1000,1,973.2899
21330.0000,2133,2359.1362,0.0000,399,1000,1000,1,973.3024
21340.0000,2134,2359.1549,0.0000,398,1000,1000,1,973.3149
21350.0000,2135,2359.1731,0.0000,400,1000,1000,1,973.3274
21360.0000,2136,2359.1926,0.0000,401,1000,1000,1,973.3399
21370.0000,2137,2359.2122,0.0000,399,1000,1000,1,973.3524
21380.0000,2138,2359.2285,0.0000,392,1000,1000,1,973.3648
21390.0000,2139,2359.2439,0.0000,390,1000,1000,1,973.3773
21400.0000,2140,2359.2599,0.0000,394,1000,1000,1,973.3897
21410.0000,2141,2359.2760,0.0000,392,1000,1000,1,973.4021
21420.0000,2142,2359.2927,0.0000,395,1000,1000,1,973.4146
21430.0000,2143,2359.3081,0.0000,391,1000,1000,1,973.4270
21440.0000,2144,2359.3223,0.0000,390,1000,1000,1,973.4394
21450.0000,2145,2359.3368,0.0000,392,1000,1000,1,973.4517
21460.0000,2146,2359.3533,0.0000,397,1000,1000,1,973.4641
21470.0000,2147,2359.3699,0.0000,393,1000,1000,1,973.4765
21480.0000,2148,2359.3835,0.0000,385,1000,1000,1,973.4888
21490.0000,2149,2359.3935,0.0000,376,1000,1000,1,973.5012
21500.0000,2150,2359.4005,0.0000,374,1000,1000,1,973.5135
21510.0000,2151,2359.4074,0.0000,372,1000,1000,1,973.5258
21520.0000,2152,2359.4123,0.0000,366,1000,1000,1,973.5381
21530.0000,2153,2359.4148,0.0000,365,1000,1000,1,973.5504
21540.0000,2154,2359.4174,0.0000,365,1000,1000,1,973.5627
21550.0000,2155,2359.4207,0.0000,365,1000,1000,1,973.5749
21560.0000,2156,2359.4230,0.0000,362,1000,1000,1,973.5872
21570.0000,2157,2359.4226,0.0000,354,1000,1000,1,973.5994
21580.0000,2158,2359.4190,0.0000,352,1000,1000,1,973.6117
21590.0000,2159,2359.4127,0.0000,341,1000,1000,1,973.6239
21600.0000,2160,2359.4035,0.0000,338,1000,1000,1,973.6361
21610.0000,2161,2359.3939,0.0000,338,1000,1000,1,973.6483
21620.0000,2162,2359.3815,0.0000,329,1000,1000,1,973.6605
21630.0000,2163,2359.3677,0.0000,332,1000,1000,1,973.6727
21640.0000,2164,2359.3566,0.0000,340,1000,1000,1,973.6848
21650.0000,2165,2359.3486,0.0000,345,1000,1000,1,973.6970
21660.0000,2166,2359.3426,0.0000,348,1000,1000,1,973.7091
21670.0000,2167,2359.3370,0.0000,344,1000,1000,1,973.7213
21680.0000,2168,2359.3283,0.0000,339,1000,1000,1,973.7334
21690.0000,2169,2359.3200,0.0000,341,1000,1000,1,973.7455
21700.0000,2170,2359.3118,0.0000,339,1000,1000,1,973.7576
21710.0000,2171,2359.3013,0.0000,334,1000,1000,1,973.7697
21720.0000,2172,2359.2888,0.0000,331,1000,1000,1,973.7818
21730.0000,2173,2359.2749,0.0000,326,1000,1000,1,973.7938
21740.0000,2174,2359.2592,0.0000,328,1000,1000,1,973.8059
21750.0000,2175,2359.2429,0.0000,318,1000,1000,1,973.8179
21760.0000,2176,2359.2237,0.0000,316,1000,1000,1,973.8300
21770.0000,2177,2359.2021,0.0000,308,1000,1000,1,973.8420
21780.0000,2178,2359.1785,0.0000,308,1000,1000,1,973.8540
21790.0000,2179,2359.1551,0.0000,310,1000,1000,1,973.8660
21800.0000,2180,2359.1319,0.0000,314,1000,1000,1,973.8780
21810.0000,2181,2359.1121,0.0000,317,1000,1000,1,973.8900
21820.0000,2182,2359.0925,0.0000,318,1000,1000,1,973.9019
21830.0000,2183,2359.0741,0.0000,319,1000,1000,1,973.9139
21840.0000,2184,2359.0548,0.0000,317,1000,1000,1,973.9258
21850.0000,2185,2359.0349,0.0000,313,1000,1000,1,973.9378
21860.0000,2186,2359.0130,0.0000,308,1000,1000,1,973.9497
21870.0000,2187,2358.9899,0.0000,309,1000,1000,1,973.9616
21880.0000,2188,2358.9669,0.0000,310,1000,1000,1,973.9735
21890.0000,2189,2358.9443,0.0000,311,1000,1000,1,973.9854
21900.0000,2190,2358.9221,0.0000,312,1000,1000,1,973.9973
21910.0000,2191,2358.9026,0.0000,315,1000,1000,1,974.0091
21920.0000,2192,2358.8813,0.0000,309,1000,1000,1,974.0210
21930.0000,2193,2358.8588,0.0000,307,1000,1000,1,974.0328
21940.0000,2194,2358.8349,0.0000,301,1000,1000,1,974.0447
21950.0000,2195,2358.8052,0.0000,287,1000,1000,1,974.0565
21960.0000,2196,2358.7723,0.0000,288,1000,1000,1,974.0683
21970.0000,2197,2358.7400,0.0000,289,1000,1000,1,974.0801
21980.0000,2198,2358.7075,0.0000,286,1000,1000,1,974.0919
21990.0000,2199,2358.6741,0.0000,286,1000,1000,1,974.1037
22000.0000,2200,2358.6406,0.0000,283,1000,1000,1,974.1155
22010.0000,2201,2358.6043,0.0000,275,1000,1000,1,974.1272
22020.0000,2202,2358.5658,0.0000,273,1000,1000,1,974.1390
22030.0000,2203,2358.5266,0.0000,269,1000,1000,1,974.1507
22040.0000,2204,2358.4877,0.0000,271,1000,1000,1,974.1624
22050.0000,2205,2358.4468,0.0000,269,1000,1000,1,974.1741
22060.0000,2206,2358.4061,0.0000,267,1000,1000,1,974.1859
22070.0000,2207,2358.3627,0.0000,262,1000,1000,1,974.1976
22080.0000,2208,2358.3188,0.0000,262,1000,1000,1,974.2092
22090.0000,2209,2358.2776,0.0000,272,1000,1000,1,974.2209
22100.0000,2210,2358.2371,0.0000,266,1000,1000,1,974.2326
22110.0000,2211,2358.1964,0.0000,266,1000,1000,1,974.2442
22120.0000,2212,2358.1542,0.0000,268,1000,1000,1,974.2559
22130.0000,2213,2358.1128,0.0000,264,1000,1000,1,974.2675
22140.0000,2214,2358.0695,0.0000,262,1000,1000,1,974.2791
22150.0000,2215,2358.0264,0.0000,261,1000,1000,1,974.2907
22160.0000,2216,2357.9831,0.0000,264,1000,1000,1,974.3023
22170.0000,2217,2357.9396,0.0000,262,1000,1000,1,974.3139
22180.0000,2218,2357.8951,0.0000,255,1000,1000,1,974.3255
22190.0000,2219,2357.8481,0.0000,254,1000,1000,1,974.3371
22200.0000,2220,2357.8030,0.0000,264,1000,1000,1,974.3486
22210.0000,2221,2357.7581,0.0000,252,1000,1000,1,974.3602
22220.0000,2222,2357.7094,0.0000,248,1000,1000,1,974.3717
22230.0000,2223,2357.6591,0.0000,244,1000,1000,1,974.3833
22240.0000,2224,2357.6087,0.0000,247,1000,1000,1,974.3948
22250.0000,2225,2357.5592,0.0000,246,1000,1000,1,974.4063
22260.0000,2226,2357.5068,0.0000,237,1000,1000,1,974.4178
22270.0000,2227,2357.4516,0.0000,232,1000,1000,1,974.4293
22280.0000,2228,2357.3970,0.0000,235,1000,1000,1,974.4408
22290.0000,2229,2357.3432,0.0000,237,1000,1000,1,974.4522
22300.0000,2230,2357.2893,0.0000,235,1000,1000,1,974.4637
22310.0000,2231,2357.2342,0.0000,236,1000,1000,1,974.4751
22320.0000,2232,2357.1765,0.0000,222,1000,1000,1,974.4866
22330.0000,2233,2357.1167,0.0000,223,1000,1000,1,974.4980
22340.0000,2234,2357.0603,0.0000,233,1000,1000,1,974.5094
22350.0000,2235,2357.0029,0.0000,230,1000,1000,1,974.5208
22360.0000,2236,2356.9453,0.0000,226,1000,1000,1,974.5322
22370.0000,2237,2356.8864,0.0000,222,1000,1000,1,974.5436
22380.0000,2238,2356.8275,0.0000,227,1000,1000,1,974.5550
22390.0000,2239,2356.7691,0.0000,225,1000,1000,1,974.5663
22400.0000,2240,2356.7117,0.0000,227,1000,1000,1,974.5777
22410.0000,2241,2356.6514,0.0000,220,1000,1000,1,974.5890
22420.0000,2242,2356.5901,0.0000,219,1000,1000,1,974.6004
22430.0000,2243,2356.5286,0.0000,218,1000,1000,1,974.6117
22440.0000,2244,2356.4651,0.0000,215,1000,1000,1,974.6230
22450.0000,2245,2356.4008,0.0000,210,1000,1000,1,974.6343
22460.0000,2246,2356.3353,0.0000,214,1000,1000,1,974.6456
22470.0000,2247,2356.2724,0.0000,218,1000,1000,1,974.6569
22480.0000,2248,2356.2112,0.0000,221,1000,1000,1,974.6681
22490.0000,2249,2356.1531,0.0000,227,1000,1000,1,974.6794
22500.0000,2250,2356.0964,0.0000,232,1000,1000,1,974.6907
22510.0000,2251,2356.0403,0.0000,229,1000,1000,1,974.7019
22520.0000,2252,2355.9819,0.0000,222,1000,1000,1,974.7131
22530.0000,2253,2355.9227,0.0000,219,1000,1000,1,974.7244
22540.0000,2254,2355.8630,0.0000,220,1000,1000,1,974.7356
22550.0000,2255,2355.8035,0.0000,226,1000,1000,1,974.7468
22560.0000,2256,2355.7444,0.0000,219,1000,1000,1,974.7580
22570.0000,2257,2355.6826,0.0000,210,1000,1000,1,974.7692
22580.0000,2258,2355.6170,0.0000,204,1000,1000,1,974.7803
22590.0000,2259,2355.5477,0.0000,194,1000,1000,1,974.7915
22600.0000,2260,2355.4766,0.0000,195,1000,1000,1,974.8027
22610.0000,2261,2355.4065,0.0000,198,1000,1000,1,974.8138
22620.0000,2262,2355.3368,0.0000,198,1000,1000,1,974.8249
22630.0000,2263,2355.2658,0.0000,192,1000,1000,1,974.8361
22640.0000,2264,2355.1927,0.0000,189,1000,1000,1,974.8472
22650.0000,2265,2355.1202,0.0000,191,1000,1000,1,974.8583
22660.0000,2266,2355.0486,0.0000,195,1000,1000,1,974.8694
22670.0000,2267,2354.9781,0.0000,194,1000,1000,1,974.8805
22680.0000,2268,2354.9084,0.0000,199,1000,1000,1,974.8915
22690.0000,2269,2354.8390,0.0000,195,1000,1000,1,974.9026
22700.0000,2270,2354.7681,0.0000,194,1000,1000,1,974.9137
22710.0000,2271,2354.6976,0.0000,195,1000,1000,1,974.9247
22720.0000,2272,2354.6267,0.0000,197,1000,1000,1,974.9357
22730.0000,2273,2354.5573,0.0000,194,1000,1000,1,974.9468
22740.0000,2274,2354.4856,0.0000,189,1000,1000,1,974.9578
22750.0000,2275,2354.4100,0.0000,182,1000,1000,1,974.9688
22760.0000,2276,2354.3351,0.0000,182,1000,1000,1,974.9798
22770.0000,2277,2354.2593,0.0000,183,1000,1000,1,974.9908
22780.0000,2278,2354.1857,0.0000,192,1000,1000,1,975.0018
22790.0000,2279,2354.1141,0.0000,191,1000,1000,1,975.0127
22800.0000,2280,2354.0420,0.0000,187,1000,1000,1,975.0237
22810.0000,2281,2353.9695,0.0000,189,1000,1000,1,975.0346
22820.0000,2282,2353.8975,0.0000,188,1000,1000,1,975.0456
22830.0000,2283,2353.8238,0.0000,185,1000,1000,1,975.0565
22840.0000,2284,2353.7487,0.0000,177,1000,1000,1,975.0674
22850.0000,2285,2353.6721,0.0000,178,1000,1000,1,975.0783
22860.0000,2286,2353.5974,0.0000,186,1000,1000,1,975.0892
22870.0000,2287,2353.5222,0.0000,178,1000,1000,1,975.1001
22880.0000,2288,2353.4454,0.0000,179,1000,1000,1,975.1110
22890.0000,2289,2353.3697,0.0000,180,1000,1000,1,975.1219
22900.0000,2290,2353.2959,0.0000,186,1000,1000,1,975.1327
22910.0000,2291,2353.2232,0.0000,186,1000,1000,1,975.1436
22920.0000,2292,2353.1497,0.0000,182,1000,1000,1,975.1544
22930.0000,2293,2353.0762,0.0000,186,1000,1000,1,975.1653
22940.0000,2294,2353.0028,0.0000,186,1000,1000,1,975.1761
22950.0000,2295,2352.9296,0.0000,182,1000,1000,1,975.1869
22960.0000,2296,2352.8550,0.0000,180,1000,1000,1,975.1977
22970.0000,2297,2352.7795,0.0000,185,1000,1000,1,975.2085
22980.0000,2298,2352.7065,0.0000,183,1000,1000,1,975.2193
22990.0000,2299,2352.6325,0.0000,183,1000,1000,1,975.2301
23000.0000,2300,2352.5585,0.0000,183,1000,1000,1,975.2409
23010.0000,2301,2352.4834,0.0000,177,1000,1000,1,975.2516
23020.0000,2302,2352.4081,0.0000,182,1000,1000,1,975.2624
23030.0000,2303,2352.3332,0.0000,178,1000,1000,1,975.2731
23040.0000,2304,2352.2557,0.0000,172,1000,1000,1,975.2839
23050.0000,2305,2352.1768,0.0000,168,1000,1000,1,975.2946
23060.0000,2306,2352.0951,0.0000,166,1000,1000,1,975.3053
23070.0000,2307,2352.0143,0.0000,163,1000,1000,1,975.3160
23080.0000,2308,2351.9319,0.0000,157,1000,1000,1,975.3267
23090.0000,2309,2351.8442,0.0000,144,1000,1000,1,975.3374
23100.0000,2310,2351.7532,0.0000,138,1000,1000,1,975.3481
23110.0000,2311,2351.6601,0.0000,137,1000,1000,1,975.3587
23120.0000,2312,2351.5672,0.0000,138,1000,1000,1,975.3694
23130.0000,2313,2351.4766,0.0000,141,1000,1000,1,975.3800
23140.0000,2314,2351.3855,0.0000,139,1000,1000,1,975.3907
23150.0000,2315,2351.2943,0.0000,138,1000,1000,1,975.4013
23160.0000,2316,2351.2024,0.0000,141,1000,1000,1,975.4119
23170.0000,2317,2351.1096,0.0000,134,1000,1000,1,975.4225
23180.0000,2318,2351.0178,0.0000,142,1000,1000,1,975.4331
23190.0000,2319,2350.9273,0.0000,140,1000,1000,1,975.4437
23200.0000,2320,2350.8366,0.0000,139,1000,1000,1,975.4543
23210.0000,2321,2350.7454,0.0000,137,1000,1000,1,975.4649
23220.0000,2322,2350.6528,0.0000,130,1000,1000,1,975.4755
23230.0000,2323,2350.5583,0.0000,137,1000,1000,1,975.4860
23240.0000,2324,2350.4660,0.0000,139,1000,1000,1,975.4966
23250.0000,2325,2350.3748,0.0000,135,1000,1000,1,975.5071
23260.0000,2326,2350.2808,0.0000,130,1000,1000,1,975.5176
23270.0000,2327,2350.1863,0.0000,134,1000,1000,1,975.5281
23280.0000,2328,2350.0939,0.0000,138,1000,1000,1,975.5387
23290.0000,2329,2350.0034,0.0000,139,1000,1000,1,975.5492
23300.0000,2330,2349.9127,0.0000,139,1000,1000,1,975.5597
23310.0000,2331,2349.8216,0.0000,136,1000,1000,1,975.5701
23320.0000,2332,2349.7300,0.0000,135,1000,1000,1,975.5806
23330.0000,2333,2349.6389,0.0000,139,1000,1000,1,975.5911
23340.0000,2334,2349.5484,0.0000,143,1000,1000,1,975.6015
23350.0000,2335,2349.4591,0.0000,140,1000,1000,1,975.6120
23360.0000,2336,2349.3698,0.0000,141,1000,1000,1,975.6224
23370.0000,2337,2349.2813,0.0000,145,1000,1000,1,975.6329
23380.0000,2338,2349.1940,0.0000,144,1000,1000,1,975.6433
23390.0000,2339,2349.1064,0.0000,142,1000,1000,1,975.6537
23400.0000,2340,2349.0172,0.0000,139,1000,1000,1,975.6641
23410.0000,2341,2348.9283,0.0000,141,1000,1000,1,975.6745
23420.0000,2342,2348.8385,0.0000,140,1000,1000,1,975.6849
23430.0000,2343,2348.7496,0.0000,141,1000,1000,1,975.6953
23440.0000,2344,2348.6607,0.0000,139,1000,1000,1,975.7056
23450.0000,2345,2348.5719,0.0000,144,1000,1000,1,975.7160
23460.0000,2346,2348.4835,0.0000,138,1000,1000,1,975.7263
23470.0000,2347,2348.3939,0.0000,139,1000,1000,1,975.7367
23480.0000,2348,2348.3047,0.0000,139,1000,1000,1,975.7470
23490.0000,2349,2348.2140,0.0000,128,1000,1000,1,975.7573
23500.0000,2350,2348.1197,0.0000,125,1000,1000,1,975.7677
23510.0000,2351,2348.0248,0.0000,126,1000,1000,1,975.7780
23520.0000,2352,2347.9292,0.0000,120,1000,1000,1,975.7883
23530.0000,2353,2347.8313,0.0000,115,1000,1000,1,975.7986
23540.0000,2354,2347.7333,0.0000,117,1000,1000,1,975.8088
23550.0000,2355,2347.6369,0.0000,124,1000,1000,1,975.8191
23560.0000,2356,2347.5434,0.0000,133,1000,1000,1,975.8294
23570.0000,2357,2347.4519,0.0000,131,1000,1000,1,975.8396
23580.0000,2358,2347.3606,0.0000,136,1000,1000,1,975.8499
23590.0000,2359,2347.2711,0.0000,135,1000,1000,1,975.8601
23600.0000,2360,2347.1803,0.0000,133,1000,1000,1,975.8703
23610.0000,2361,2347.0885,0.0000,129,1000,1000,1,975.8806
23620.0000,2362,2346.9955,0.0000,127,1000,1000,1,975.8908
23630.0000,2363,2346.9008,0.0000,119,1000,1000,1,975.9010
23640.0000,2364,2346.8029,0.0000,110,1000,1000,1,975.9112
23650.0000,2365,2346.7019,0.0000,105,1000,1000,1,975.9214
23660.0000,2366,2346.6009,0.0000,109,1000,1000,1,975.9315
23670.0000,2367,2346.5009,0.0000,111,1000,1000,1,975.9417
23680.0000,2368,2346.3999,0.0000,103,1000,1000,1,975.9519
23690.0000,2369,2346.2966,0.0000,97,1000,1000,1,975.9620
23700.0000,2370,2346.1903,0.0000,93,1000,1000,1,975.9722
23710.0000,2371,2346.0817,0.0000,88,1000,1000,1,975.9823
23720.0000,2372,2345.9727,0.0000,83,1000,1000,1,975.9924
23730.0000,2373,2345.8606,0.0000,76,1000,1000,1,976.0025
23740.0000,2374,2345.7482,0.0000,77,1000,1000,1,976.0126
23750.0000,2375,2345.6345,0.0000,76,1000,1000,1,976.0227
23760.0000,2376,2345.5213,0.0000,76,1000,1000,1,976.0328
23770.0000,2377,2345.4089,0.0000,81,1000,1000,1,976.0429
23780.0000,2378,2345.2965,0.0000,80,1000,1000,1,976.0530
23790.0000,2379,2345.1843,0.0000,77,1000,1000,1,976.0631
23800.0000,2380,2345.0711,0.0000,77,1000,1000,1,976.0731
23810.0000,2381,2344.9575,0.0000,72,1000,1000,1,976.0832
23820.0000,2382,2344.8432,0.0000,73,1000,1000,1,976.0932
23830.0000,2383,2344.7290,0.0000,74,1000,1000,1,976.1032
23840.0000,2384,2344.6152,0.0000,78,1000,1000,1,976.1133
23850.0000,2385,2344.5002,0.0000,69,1000,1000,1,976.1233
23860.0000,2386,2344.3846,0.0000,65,1000,1000,1,976.1333
23870.0000,2387,2344.2686,0.0000,68,1000,1000,1,976.1433
23880.0000,2388,2344.1529,0.0000,70,1000,1000,1,976.1533
23890.0000,2389,2344.0381,0.0000,69,1000,1000,1,976.1632
23900.0000,2390,2343.9216,0.0000,63,1000,1000,1,976.1732
23910.0000,2391,2343.8020,0.0000,57,1000,1000,1,976.1832
23920.0000,2392,2343.6837,0.0000,62,1000,1000,1,976.1931
23930.0000,2393,2343.5653,0.0000,57,1000,1000,1,976.2031
23940.0000,2394,2343.4454,0.0000,54,1000,1000,1,976.2130
23950.0000,2395,2343.3242,0.0000,54,1000,1000,1,976.2230
23960.0000,2396,2343.2042,0.0000,56,1000,1000,1,976.2329
23970.0000,2397,2343.0844,0.0000,56,1000,1000,1,976.2428
23980.0000,2398,2342.9655,0.0000,57,1000,1000,1,976.2527
23990.0000,2399,2342.8468,0.0000,56,1000,1000,1,976.2626
24000.0000,2400,2342.7271,0.0000,56,1000,1000,1,976.2725
24010.0000,2401,2342.6082,0.0000,54,1000,1000,1,976.2824
24020.0000,2402,2342.4872,0.0000,53,1000,1000,1,976.2923
24030.0000,2403,2342.3662,0.0000,49,1000,1000,1,976.3021
24040.0000,2404,2342.2430,0.0000,46,1000,1000,1,976.3120
24050.0000,2405,2342.1195,0.0000,46,1000,1000,1,976.3218
24060.0000,2406,2341.9961,0.0000,49,1000,1000,1,976.3317
24070.0000,2407,2341.8754,0.0000,51,1000,1000,1,976.3415
24080.0000,2408,2341.7557,0.0000,54,1000,1000,1,976.3513
24090.0000,2409,2341.6354,0.0000,50,1000,1000,1,976.3611
24100.0000,2410,2341.5141,0.0000,45,1000,1000,1,976.3710
24110.0000,2411,2341.3892,0.0000,35,1000,1000,1,976.3808
24120.0000,2412,2341.2605,0.0000,31,1000,1000,1,976.3905
24130.0000,2413,2341.1326,0.0000,33,1000,1000,1,976.4003
24140.0000,2414,2341.0054,0.0000,33,1000,1000,1,976.4101
24150.0000,2415,2340.8765,0.0000,29,1000,1000,1,976.4199
24160.0000,2416,2340.7473,0.0000,27,1000,1000,1,976.4296
24170.0000,2417,2340.6187,0.0000,31,1000,1000,1,976.4394
24180.0000,2418,2340.4929,0.0000,37,1000,1000,1,976.4491
24190.0000,2419,2340.3669,0.0000,36,1000,1000,1,976.4589
24200.0000,2420,2340.2419,0.0000,35,1000,1000,1,976.4686
24210.0000,2421,2340.1162,0.0000,37,1000,1000,1,976.4783
24220.0000,2422,2339.9895,0.0000,34,1000,1000,1,976.4880
24230.0000,2423,2339.8632,0.0000,37,1000,1000,1,976.4977
24240.0000,2424,2339.7383,0.0000,37,1000,1000,1,976.5074
24250.0000,2425,2339.6126,0.0000,35,1000,1000,1,976.5171
24260.0000,2426,2339.4883,0.0000,38,1000,1000,1,976.5268
24270.0000,2427,2339.3637,0.0000,37,1000,1000,1,976.5365
24280.0000,2428,2339.2384,0.0000,36,1000,1000,1,976.5461
24290.0000,2429,2339.1107,0.0000,25,1000,1000,1,976.5558
24300.0000,2430,2338.9819,0.0000,29,1000,1000,1,976.5654
24310.0000,2431,2338.8533,0.0000,28,1000,1000,1,976.5751
24320.0000,2432,2338.7262,0.0000,30,1000,1000,1,976.5847
24330.0000,2433,2338.5996,0.0000,25,1000,1000,1,976.5943
24340.0000,2434,2338.4711,0.0000,28,1000,1000,1,976.6039
24350.0000,2435,2338.3441,0.0000,28,1000,1000,1,976.6136
24360.0000,2436,2338.2170,0.0000,27,1000,1000,1,976.6232
24370.0000,2437,2338.0903,0.0000,30,1000,1000,1,976.6327
24380.0000,2438,2337.9615,0.0000,21,1000,1000,1,976.6423
24390.0000,2439,2337.8323,0.0000,22,1000,1000,1,976.6519
24400.0000,2440,2337.7041,0.0000,25,1000,1000,1,976.6615
24410.0000,2441,2337.5764,0.0000,24,1000,1000,1,976.6710
24420.0000,2442,2337.4493,0.0000,29,1000,1000,1,976.6806
24430.0000,2443,2337.3234,0.0000,28,1000,1000,1,976.6901
24440.0000,2444,2337.1954,0.0000,20,1000,1000,1,976.6997
24450.0000,2445,2337.0657,0.0000,20,1000,1000,1,976.7092
24460.0000,2446,2336.9372,0.0000,22,1000,1000,1,976.7187
24470.0000,2447,2336.8105,0.0000,32,1000,1000,1,976.7282
24480.0000,2448,2336.6872,0.0000,37,1000,1000,1,976.7377
24490.0000,2449,2336.5648,0.0000,38,1000,1000,1,976.7472
24500.0000,2450,2336.4428,0.0000,40,1000,1000,1,976.7567
24510.0000,2451,2336.3225,0.0000,44,1000,1000,1,976.7662
24520.0000,2452,2336.2013,0.0000,36,1000,1000,1,976.7757
24530.0000,2453,2336.0792,0.0000,39,1000,1000,1,976.7852
24540.0000,2454,2335.9584,0.0000,44,996,1000,1,976.7946
24550.0000,2455,2335.8399,0.0000,53,996,1000,1,976.8041
24560.0000,2456,2335.7239,0.0000,55,1000,1000,1,976.8135
24570.0000,2457,2335.6105,0.0000,64,996,1000,1,976.8230
24580.0000,2458,2335.5011,0.0000,75,993,1000,1,976.8324
24590.0000,2459,2335.3918,0.0000,83,984,1000,1,976.8418
24600.0000,2460,2335.2835,0.0000,90,985,1000,1,976.8512
24610.0000,2461,2335.1793,0.0000,100,984,1000,1,976.8606
24620.0000,2462,2335.0777,0.0000,111,977,1000,1,976.8700
24630.0000,2463,2334.9802,0.0000,120,982,1000,1,976.8794
24640.0000,2464,2334.8863,0.0000,128,982,1000,1,976.8888
24650.0000,2465,2334.7985,0.0000,136,986,1000,1,976.8982
24660.0000,2466,2334.7149,0.0000,146,992,1000,1,976.9075
24670.0000,2467,2334.6351,0.0000,151,986,1000,1,976.9169
24680.0000,2468,2334.5575,0.0000,160,986,1000,1,976.9263
24690.0000,2469,2334.4812,0.0000,166,979,1000,1,976.9356
24700.0000,2470,2334.4078,0.0000,178,983,1000,1,976.9449
24710.0000,2471,2334.3383,0.0000,187,980,1000,1,976.9543
24720.0000,2472,2334.2713,0.0000,195,976,1000,1,976.9636
24730.0000,2473,2334.2070,0.0000,205,972,1000,1,976.9729
24740.0000,2474,2334.1440,0.0000,214,962,1000,1,976.9822
24750.0000,2475,2334.0814,0.0000,220,962,1000,1,976.9915
24760.0000,2476,2334.0218,0.0000,227,962,1000,1,977.0008
24770.0000,2477,2333.9647,0.0000,234,958,1000,1,977.0101
24780.0000,2478,2333.9099,0.0000,246,957,1000,1,977.0194
24790.0000,2479,2333.8590,0.0000,262,954,1000,1,977.0286
24800.0000,2480,2333.8154,0.0000,270,966,1000,1,977.0379
24810.0000,2481,2333.7751,0.0000,275,961,1000,1,977.0472
24820.0000,2482,2333.7369,0.0000,286,957,1000,1,977.0564
24830.0000,2483,2333.7010,0.0000,291,953,1000,1,977.0656
24840.0000,2484,2333.6679,0.0000,301,957,1000,1,977.0749
24850.0000,2485,2333.6396,0.0000,309,960,1000,1,977.0841
24860.0000,2486,2333.6156,0.0000,322,961,1000,1,977.0933
24870.0000,2487,2333.6003,0.0000,335,968,1000,1,977.1025
24880.0000,2488,2333.5899,0.0000,344,967,1000,1,977.1117
24890.0000,2489,2333.5809,0.0000,352,962,1000,1,977.1209
24900.0000,2490,2333.5740,0.0000,362,953,1000,1,977.1301
24910.0000,2491,2333.5684,0.0000,374,950,1000,1,977.1393
24920.0000,2492,2333.5654,0.0000,381,951,1000,1,977.1485
24930.0000,2493,2333.5652,0.0000,389,947,1000,1,977.1576
24940.0000,2494,2333.5665,0.0000,402,940,1000,1,977.1668
24950.0000,2495,2333.5717,0.0000,408,946,1000,1,977.1760
24960.0000,2496,2333.5819,0.0000,420,946,1000,1,977.1851
24970.0000,2497,2333.5972,0.0000,427,950,1000,1,977.1942
24980.0000,2498,2333.6177,0.0000,440,951,1000,1,977.2034
24990.0000,2499,2333.6407,0.0000,449,942,1000,1,977.2125
25000.0000,2500,2333.6644,0.0000,456,943,1000,1,977.2216
25010.0000,2501,2333.6918,0.0000,465,942,1000,1,977.2307
25020.0000,2502,2333.7231,0.0000,475,942,1000,1,977.2398
25030.0000,2503,2333.7565,0.0000,480,938,1000,1,977.2489
25040.0000,2504,2333.7941,0.0000,488,946,1000,1,977.2580
25050.0000,2505,2333.8343,0.0000,492,943,1000,1,977.2671
25060.0000,2506,2333.8744,0.0000,499,939,1000,1,977.2761
25070.0000,2507,2333.9172,0.0000,504,942,1000,1,977.2852
25080.0000,2508,2333.9633,0.0000,512,938,1000,1,977.2943
25090.0000,2509,2334.0120,0.0000,525,939,1000,1,977.3033
25100.0000,2510,2334.0663,0.0000,534,937,1000,1,977.3123
25110.0000,2511,2334.1220,0.0000,543,935,1000,1,977.3214
25120.0000,2512,2334.1801,0.0000,553,928,1000,1,977.3304
25130.0000,2513,2334.2408,0.0000,561,934,1000,1,977.3394
25140.0000,2514,2334.3079,0.0000,573,936,1000,1,977.3484
25150.0000,2515,2334.3787,0.0000,580,934,1000,1,977.3575
25160.0000,2516,2334.4515,0.0000,590,931,1000,1,977.3665
25170.0000,2517,2334.5287,0.0000,598,935,1000,1,977.3754
25180.0000,2518,2334.6107,0.0000,606,938,1000,1,977.3844
25190.0000,2519,2334.6964,0.0000,615,938,1000,1,977.3934
25200.0000,2520,2334.7850,0.0000,622,941,1000,1,977.4024
25210.0000,2521,2334.8746,0.0000,628,930,1000,1,977.4113
25220.0000,2522,2334.9646,0.0000,635,930,1000,1,977.4203
25230.0000,2523,2335.0571,0.0000,644,929,1000,1,977.4292
25240.0000,2524,2335.1537,0.0000,652,934,1000,1,977.4382
25250.0000,2525,2335.2558,0.0000,657,938,1000,1,977.4471
25260.0000,2526,2335.3595,0.0000,669,930,1000,1,977.4561
25270.0000,2527,2335.4667,0.0000,679,934,1000,1,977.4650
25280.0000,2528,2335.5791,0.0000,691,930,1000,1,977.4739
25290.0000,2529,2335.6959,0.0000,703,935,1000,1,977.4828
25300.0000,2530,2335.8173,0.0000,715,933,1000,1,977.4917
25310.0000,2531,2335.9418,0.0000,724,929,1000,1,977.5006
25320.0000,2532,2336.0697,0.0000,732,937,1000,1,977.5095
25330.0000,2533,2336.2013,0.0000,737,935,1000,1,977.5184
25340.0000,2534,2336.3352,0.0000,746,934,1000,1,977.5272
25350.0000,2535,2336.4734,0.0000,754,937,1000,1,977.5361
25360.0000,2536,2336.6169,0.0000,767,939,1000,1,977.5450
25370.0000,2537,2336.7624,0.0000,777,933,1000,1,977.5538
25380.0000,2538,2336.9114,0.0000,786,928,1000,1,977.5626
25390.0000,2539,2337.0635,0.0000,794,935,1000,1,977.5715
25400.0000,2540,2337.2182,0.0000,799,932,1000,1,977.5803
25410.0000,2541,2337.3737,0.0000,810,928,1000,1,977.5891
25420.0000,2542,2337.5333,0.0000,820,925,1000,1,977.5980
25430.0000,2543,2337.6950,0.0000,833,919,1000,1,977.6068
25440.0000,2544,2337.8573,0.0000,845,907,1000,1,977.6156
25450.0000,2545,2338.0216,0.0000,854,907,1000,1,977.6244
25460.0000,2546,2338.1899,0.0000,863,906,1000,1,977.6331
25470.0000,2547,2338.3603,0.0000,872,904,1000,1,977.6419
25480.0000,2548,2338.5338,0.0000,884,899,1000,1,977.6507
25490.0000,2549,2338.7092,0.0000,892,896,1000,1,977.6595
25500.0000,2550,2338.8871,0.0000,903,895,1000,1,977.6682
25510.0000,2551,2339.0674,0.0000,909,893,1000,1,977.6770
25520.0000,2552,2339.2499,0.0000,919,893,1000,1,977.6857
25530.0000,2553,2339.4356,0.0000,925,896,1000,1,977.6945
25540.0000,2554,2339.6258,0.0000,931,899,1000,1,977.7032
25550.0000,2555,2339.8170,0.0000,940,889,1000,1,977.7119
25560.0000,2556,2340.0098,0.0000,949,887,1000,1,977.7207
25570.0000,2557,2340.2052,0.0000,953,890,1000,1,977.7294
25580.0000,2558,2340.4038,0.0000,962,887,1000,1,977.7381
25590.0000,2559,2340.6052,0.0000,970,890,1000,1,977.7468
25600.0000,2560,2340.8089,0.0000,977,887,1000,1,977.7555
25610.0000,2561,2341.0140,0.0000,987,880,1000,1,977.7642
25620.0000,2562,2341.2193,0.0000,996,877,1000,1,977.7728
25630.0000,2563,2341.4271,0.0000,1000,876,1000,1,977.7815
25640.0000,2564,2341.6358,0.0000,1000,878,1000,1,977.7902
25650.0000,2565,2341.8449,0.0000,1000,879,1000,1,977.7988
25660.0000,2566,2342.0541,0.0000,1000,880,1000,1,977.8075
25670.0000,2567,2342.2630,0.0000,1000,878,1000,1,977.8161
25680.0000,2568,2342.4707,0.0000,1000,871,1000,1,977.8248
25690.0000,2569,2342.6762,0.0000,1000,872,1000,1,977.8334
25700.0000,2570,2342.8825,0.0000,1000,871,1000,1,977.8420
25710.0000,2571,2343.0878,0.0000,1000,870,1000,1,977.8506
25720.0000,2572,2343.2914,0.0000,1000,868,1000,1,977.8593
25730.0000,2573,2343.4945,0.0000,1000,867,1000,1,977.8679
25740.0000,2574,2343.6987,0.0000,1000,870,1000,1,977.8765
25750.0000,2575,2343.9034,0.0000,1000,868,1000,1,977.8850
25760.0000,2576,2344.1064,0.0000,1000,869,1000,1,977.8936
25770.0000,2577,2344.3087,0.0000,1000,865,1000,1,977.9022
25780.0000,2578,2344.5103,0.0000,1000,862,1000,1,977.9108
25790.0000,2579,2344.7093,0.0000,1000,854,1000,1,977.9193
25800.0000,2580,2344.9067,0.0000,1000,854,1000,1,977.9279
25810.0000,2581,2345.1035,0.0000,1000,849,1000,1,977.9365
25820.0000,2582,2345.2984,0.0000,1000,848,1000,1,977.9450
25830.0000,2583,2345.4948,0.0000,1000,859,1000,1,977.9535
25840.0000,2584,2345.6948,0.0000,1000,865,1000,1,977.9621
25850.0000,2585,2345.8937,0.0000,1000,857,1000,1,977.9706
25860.0000,2586,2346.0895,0.0000,1000,846,1000,1,977.9791
25870.0000,2587,2346.2824,0.0000,1000,843,1000,1,977.9876
25880.0000,2588,2346.4756,0.0000,1000,848,1000,1,977.9961
25890.0000,2589,2346.6671,0.0000,1000,837,1000,1,978.0046
25900.0000,2590,2346.8556,0.0000,1000,832,1000,1,978.0131
25910.0000,2591,2347.0423,0.0000,1000,824,1000,1,978.0216
25920.0000,2592,2347.2261,0.0000,1000,822,1000,1,978.0301
25930.0000,2593,2347.4096,0.0000,1000,819,1000,1,978.0386
25940.0000,2594,2347.5913,0.0000,1000,819,1000,1,978.0470
25950.0000,2595,2347.7708,0.0000,1000,809,1000,1,978.0555
25960.0000,2596,2347.9482,0.0000,1000,808,1000,1,978.0639
25970.0000,2597,2348.1247,0.0000,1000,804,1000,1,978.0724
25980.0000,2598,2348.3004,0.0000,1000,807,1000,1,978.0808
25990.0000,2599,2348.4760,0.0000,1000,803,1000,1,978.0893
26000.0000,2600,2348.6494,0.0000,1000,797,1000,1,978.0977
26010.0000,2601,2348.8219,0.0000,1000,797,1000,1,978.1061
26020.0000,2602,2348.9936,0.0000,1000,793,1000,1,978.1145
26030.0000,2603,2349.1631,0.0000,1000,786,1000,1,978.1229
26040.0000,2604,2349.3304,0.0000,1000,781,1000,1,978.1313
26050.0000,2605,2349.4951,0.0000,1000,777,1000,1,978.1397
26060.0000,2606,2349.6566,0.0000,1000,767,1000,1,978.1481
26070.0000,2607,2349.8175,0.0000,1000,773,1000,1,978.1565
26080.0000,2608,2349.9796,0.0000,1000,774,1000,1,978.1649
26090.0000,2609,2350.1409,0.0000,1000,767,1000,1,978.1732
26100.0000,2610,2350.2997,0.0000,1000,764,1000,1,978.1816
26110.0000,2611,2350.4578,0.0000,1000,763,1000,1,978.1900
26120.0000,2612,2350.6171,0.0000,1000,768,1000,1,978.1983
26130.0000,2613,2350.7764,0.0000,1000,767,1000,1,978.2067
26140.0000,2614,2350.9361,0.0000,1000,772,1000,1,978.2150
26150.0000,2615,2351.0973,0.0000,1000,774,1000,1,978.2233
26160.0000,2616,2351.2575,0.0000,1000,769,1000,1,978.2317
26170.0000,2617,2351.4155,0.0000,1000,763,1000,1,978.2400
26180.0000,2618,2351.5722,0.0000,1000,762,1000,1,978.2483
26190.0000,2619,2351.7291,0.0000,1000,764,1000,1,978.2566
26200.0000,2620,2351.8864,0.0000,1000,762,1000,1,978.2649
26210.0000,2621,2352.0422,0.0000,1000,760,1000,1,978.2732
26220.0000,2622,2352.1976,0.0000,1000,759,1000,1,978.2815
26230.0000,2623,2352.3523,0.0000,1000,761,1000,1,978.2897
26240.0000,2624,2352.5093,0.0000,1000,770,1000,1,978.2980
26250.0000,2625,2352.6673,0.0000,1000,764,1000,1,978.3063
26260.0000,2626,2352.8231,0.0000,1000,763,1000,1,978.3145
26270.0000,2627,2352.9803,0.0000,1000,762,1000,1,978.3228
26280.0000,2628,2353.1363,0.0000,1000,761,1000,1,978.3310
26290.0000,2629,2353.2906,0.0000,1000,758,1000,1,978.3393
26300.0000,2630,2353.4444,0.0000,1000,758,1000,1,978.3475
26310.0000,2631,2353.5976,0.0000,1000,753,1000,1,978.3558
26320.0000,2632,2353.7498,0.0000,1000,756,1000,1,978.3640
26330.0000,2633,2353.9010,0.0000,1000,752,1000,1,978.3722
26340.0000,2634,2354.0528,0.0000,1000,756,1000,1,978.3804
26350.0000,2635,2354.2056,0.0000,1000,756,1000,1,978.3886
26360.0000,2636,2354.3562,0.0000,1000,744,1000,1,978.3968
26370.0000,2637,2354.5047,0.0000,1000,746,1000,1,978.4050
26380.0000,2638,2354.6530,0.0000,1000,747,1000,1,978.4132
26390.0000,2639,2354.8027,0.0000,1000,754,1000,1,978.4214
26400.0000,2640,2354.9529,0.0000,1000,749,1000,1,978.4295
26410.0000,2641,2355.1026,0.0000,1000,754,1000,1,978.4377
26420.0000,2642,2355.2528,0.0000,1000,752,1000,1,978.4459
26430.0000,2643,2355.4021,0.0000,1000,749,1000,1,978.4540
26440.0000,2644,2355.5498,0.0000,1000,744,1000,1,978.4622
26450.0000,2645,2355.6972,0.0000,1000,743,1000,1,978.4703
26460.0000,2646,2355.8430,0.0000,1000,739,1000,1,978.4785
26470.0000,2647,2355.9852,0.0000,1000,724,1000,1,978.4866
26480.0000,2648,2356.1233,0.0000,1000,720,1000,1,978.4947
26490.0000,2649,2356.2599,0.0000,1000,713,1000,1,978.5028
26500.0000,2650,2356.3941,0.0000,1000,713,1000,1,978.5109
26510.0000,2651,2356.5285,0.0000,1000,714,1000,1,978.5190
26520.0000,2652,2356.6652,0.0000,1000,722,1000,1,978.5271
26530.0000,2653,2356.8030,0.0000,1000,724,1000,1,978.5352
26540.0000,2654,2356.9413,0.0000,1000,726,1000,1,978.5433
26550.0000,2655,2357.0792,0.0000,1000,722,1000,1,978.5514
26560.0000,2656,2357.2176,0.0000,1000,727,1000,1,978.5595
26570.0000,2657,2357.3567,0.0000,1000,730,1000,1,978.5676
26580.0000,2658,2357.4974,0.0000,1000,730,1000,1,978.5756
26590.0000,2659,2357.6387,0.0000,1000,734,1000,1,978.5837
26600.0000,2660,2357.7793,0.0000,1000,731,1000,1,978.5917
26610.0000,2661,2357.9200,0.0000,1000,728,1000,1,978.5998
26620.0000,2662,2358.0591,0.0000,1000,726,1000,1,978.6078
26630.0000,2663,2358.1969,0.0000,1000,726,1000,1,978.6158
26640.0000,2664,2358.3347,0.0000,1000,727,1000,1,978.6239
26650.0000,2665,2358.4714,0.0000,1000,720,1000,1,978.6319
26660.0000,2666,2358.6063,0.0000,1000,719,1000,1,978.6399
26670.0000,2667,2358.7420,0.0000,1000,721,1000,1,978.6479
26680.0000,2668,2358.8797,0.0000,1000,729,1000,1,978.6559
26690.0000,2669,2359.0186,0.0000,1000,731,1000,1,978.6639
26700.0000,2670,2359.1579,0.0000,1000,735,1000,1,978.6719
26710.0000,2671,2359.2980,0.0000,1000,733,1000,1,978.6799
26720.0000,2672,2359.4378,0.0000,1000,730,1000,1,978.6879
26730.0000,2673,2359.5748,0.0000,1000,722,1000,1,978.6958
26740.0000,2674,2359.7097,0.0000,1000,721,1000,1,978.7038
26750.0000,2675,2359.8454,0.0000,1000,722,1000,1,978.7118
26760.0000,2676,2359.9804,0.0000,1000,722,1000,1,978.7197
26770.0000,2677,2360.1147,0.0000,1000,713,1000,1,978.7277
26780.0000,2678,2360.2468,0.0000,1000,711,1000,1,978.7356
26790.0000,2679,2360.3772,0.0000,1000,707,1000,1,978.7436
26800.0000,2680,2360.5059,0.0000,1000,702,1000,1,978.7515
26810.0000,2681,2360.6329,0.0000,1000,698,1000,1,978.7594
26820.0000,2682,2360.7584,0.0000,1000,695,1000,1,978.7673
26830.0000,2683,2360.8832,0.0000,1000,698,1000,1,978.7753
26840.0000,2684,2361.0085,0.0000,1000,696,1000,1,978.7832
26850.0000,2685,2361.1324,0.0000,1000,691,1000,1,978.7911
26860.0000,2686,2361.2551,0.0000,1000,688,1000,1,978.7990
26870.0000,2687,2361.3749,0.0000,1000,681,1000,1,978.8068
26880.0000,2688,2361.4923,0.0000,1000,675,1000,1,978.8147
26890.0000,2689,2361.6086,0.0000,1000,673,1000,1,978.8226
26900.0000,2690,2361.7249,0.0000,1000,673,1000,1,978.8305
26910.0000,2691,2361.8398,0.0000,1000,665,1000,1,978.8383
26920.0000,2692,2361.9509,0.0000,1000,659,1000,1,978.8462
26930.0000,2693,2362.0606,0.0000,1000,657,1000,1,978.8541
26940.0000,2694,2362.1689,0.0000,1000,651,1000,1,978.8619
26950.0000,2695,2362.2760,0.0000,1000,651,1000,1,978.8698
26960.0000,2696,2362.3830,0.0000,1000,651,1000,1,978.8776
26970.0000,2697,2362.4903,0.0000,1000,651,1000,1,978.8854
26980.0000,2698,2362.5972,0.0000,1000,654,1000,1,978.8933
26990.0000,2699,2362.7058,0.0000,1000,653,1000,1,978.9011
27000.0000,2700,2362.8143,0.0000,1000,654,1000,1,978.9089
27010.0000,2701,2362.9222,0.0000,1000,652,1000,1,978.9167
27020.0000,2702,2363.0291,0.0000,1000,652,1000,1,978.9245
27030.0000,2703,2363.1334,0.0000,1000,639,1000,1,978.9323
27040.0000,2704,2363.2340,0.0000,1000,634,1000,1,978.9401
27050.0000,2705,2363.3357,0.0000,1000,637,1000,1,978.9479
27060.0000,2706,2363.4372,0.0000,1000,641,1000,1,978.9557
27070.0000,2707,2363.5399,0.0000,1000,640,1000,1,978.9634
27080.0000,2708,2363.6421,0.0000,1000,644,1000,1,978.9712
27090.0000,2709,2363.7462,0.0000,1000,643,1000,1,978.9790
27100.0000,2710,2363.8481,0.0000,1000,640,1000,1,978.9867
27110.0000,2711,2363.9499,0.0000,1000,640,1000,1,978.9945
27120.0000,2712,2364.0507,0.0000,1000,633,1000,1,979.0022
27130.0000,2713,2364.1488,0.0000,1000,622,1000,1,979.0100
27140.0000,2714,2364.2420,0.0000,1000,619,1000,1,979.0177
27150.0000,2715,2364.3361,0.0000,1000,622,1000,1,979.0254
27160.0000,2716,2364.4298,0.0000,1000,616,1000,1,979.0331
27170.0000,2717,2364.5223,0.0000,1000,618,1000,1,979.0409
27180.0000,2718,2364.6146,0.0000,1000,614,1000,1,979.0486
27190.0000,2719,2364.7057,0.0000,1000,612,1000,1,979.0563
27200.0000,2720,2364.7966,0.0000,1000,607,1000,1,979.0640
27210.0000,2721,2364.8884,0.0000,1000,616,1000,1,979.0717
27220.0000,2722,2364.9787,0.0000,1000,607,1000,1,979.0794
27230.0000,2723,2365.0673,0.0000,1000,607,1000,1,979.0870
27240.0000,2724,2365.1560,0.0000,1000,605,1000,1,979.0947
27250.0000,2725,2365.2420,0.0000,1000,597,1000,1,979.1024
27260.0000,2726,2365.3270,0.0000,1000,595,1000,1,979.1101
27270.0000,2727,2365.4110,0.0000,1000,594,1000,1,979.1177
27280.0000,2728,2365.4937,0.0000,1000,593,1000,1,979.1254
27290.0000,2729,2365.5764,0.0000,1000,589,1000,1,979.1330
27300.0000,2730,2365.6590,0.0000,1000,593,1000,1,979.1407
27310.0000,2731,2365.7417,0.0000,1000,590,1000,1,979.1483
27320.0000,2732,2365.8215,0.0000,1000,583,1000,1,979.1559
27330.0000,2733,2365.9031,0.0000,1000,590,1000,1,979.1636
27340.0000,2734,2365.9859,0.0000,1000,590,1000,1,979.1712
27350.0000,2735,2366.0697,0.0000,1000,596,1000,1,979.1788
27360.0000,2736,2366.1552,0.0000,1000,602,1000,1,979.1864
27370.0000,2737,2366.2396,0.0000,1000,596,1000,1,979.1940
27380.0000,2738,2366.3236,0.0000,1000,598,1000,1,979.2016
27390.0000,2739,2366.4078,0.0000,1000,601,1000,1,979.2092
27400.0000,2740,2366.4935,0.0000,1000,600,1000,1,979.2168
27410.0000,2741,2366.5792,0.0000,1000,601,1000,1,979.2244
27420.0000,2742,2366.6659,0.0000,1000,604,1000,1,979.2319
27430.0000,2743,2366.7499,0.0000,1000,592,1000,1,979.2395
27440.0000,2744,2366.8338,0.0000,1000,601,1000,1,979.2471
27450.0000,2745,2366.9173,0.0000,1000,594,1000,1,979.2546
27460.0000,2746,2366.9993,0.0000,1000,590,1000,1,979.2622
27470.0000,2747,2367.0803,0.0000,1000,588,1000,1,979.2697
27480.0000,2748,2367.1607,0.0000,1000,592,1000,1,979.2773
27490.0000,2749,2367.2419,0.0000,1000,590,1000,1,979.2848
27500.0000,2750,2367.3232,0.0000,1000,591,1000,1,979.2924
27510.0000,2751,2367.4058,0.0000,1000,600,1000,1,979.2999
27520.0000,2752,2367.4899,0.0000,1000,600,1000,1,979.3074
27530.0000,2753,2367.5742,0.0000,1000,596,1000,1,979.3149
27540.0000,2754,2367.6566,0.0000,1000,592,1000,1,979.3224
27550.0000,2755,2367.7374,0.0000,1000,589,1000,1,979.3299
27560.0000,2756,2367.8163,0.0000,1000,586,1000,1,979.3374
27570.0000,2757,2367.8967,0.0000,1000,589,1000,1,979.3449
27580.0000,2758,2367.9775,0.0000,1000,592,1000,1,979.3524
27590.0000,2759,2368.0581,0.0000,1000,587,1000,1,979.3599
27600.0000,2760,2368.1385,0.0000,1000,592,1000,1,979.3674
27610.0000,2761,2368.2180,0.0000,1000,589,1000,1,979.3749
27620.0000,2762,2368.2972,0.0000,1000,582,1000,1,979.3823
27630.0000,2763,2368.3748,0.0000,1000,583,1000,1,979.3898
27640.0000,2764,2368.4543,0.0000,1000,592,1000,1,979.3972
27650.0000,2765,2368.5351,0.0000,1000,595,1000,1,979.4047
27660.0000,2766,2368.6169,0.0000,1000,597,1000,1,979.4121
27670.0000,2767,2368.6999,0.0000,1000,597,1000,1,979.4196
27680.0000,2768,2368.7832,0.0000,1000,599,1000,1,979.4270
27690.0000,2769,2368.8667,0.0000,1000,597,1000,1,979.4345
27700.0000,2770,2368.9487,0.0000,1000,594,1000,1,979.4419
27710.0000,2771,2369.0287,0.0000,1000,587,1000,1,979.4493
27720.0000,2772,2369.1066,0.0000,1000,581,1000,1,979.4567
27730.0000,2773,2369.1823,0.0000,1000,577,1000,1,979.4641
27740.0000,2774,2369.2575,0.0000,1000,575,1000,1,979.4715
27750.0000,2775,2369.3311,0.0000,1000,571,1000,1,979.4789
27760.0000,2776,2369.4051,0.0000,1000,574,1000,1,979.4863
27770.0000,2777,2369.4788,0.0000,1000,572,1000,1,979.4937
27780.0000,2778,2369.5503,0.0000,1000,567,1000,1,979.5011
27790.0000,2779,2369.6203,0.0000,1000,561,1000,1,979.5085
27800.0000,2780,2369.6889,0.0000,1000,557,1000,1,979.5158
27810.0000,2781,2369.7571,0.0000,1000,560,1000,1,979.5232
27820.0000,2782,2369.8241,0.0000,1000,549,1000,1,979.5306
27830.0000,2783,2369.8869,0.0000,1000,541,1000,1,979.5379
27840.0000,2784,2369.9492,0.0000,1000,544,1000,1,979.5453
27850.0000,2785,2370.0113,0.0000,1000,541,1000,1,979.5526
27860.0000,2786,2370.0721,0.0000,1000,535,1000,1,979.5599
27870.0000,2787,2370.1302,0.0000,1000,530,1000,1,979.5673
27880.0000,2788,2370.1882,0.0000,1000,532,1000,1,979.5746
27890.0000,2789,2370.2458,0.0000,1000,528,1000,1,979.5819
27900.0000,2790,2370.3034,0.0000,1000,531,1000,1,979.5892
27910.0000,2791,2370.3597,0.0000,1000,527,1000,1,979.5966
27920.0000,2792,2370.4159,0.0000,1000,526,1000,1,979.6039
27930.0000,2793,2370.4711,0.0000,1000,526,1000,1,979.6112
27940.0000,2794,2370.5270,0.0000,1000,526,1000,1,979.6185
27950.0000,2795,2370.5829,0.0000,1000,527,1000,1,979.6258
27960.0000,2796,2370.6386,0.0000,1000,526,1000,1,979.6330
27970.0000,2797,2370.6949,0.0000,1000,523,1000,1,979.6403
27980.0000,2798,2370.7498,0.0000,1000,525,1000,1,979.6476
27990.0000,2799,2370.8048,0.0000,1000,523,1000,1,979.6549
28000.0000,2800,2370.8595,0.0000,1000,522,1000,1,979.6621
28010.0000,2801,2370.9121,0.0000,1000,517,1000,1,979.6694
28020.0000,2802,2370.9646,0.0000,1000,520,1000,1,979.6767
28030.0000,2803,2371.0180,0.0000,1000,522,1000,1,979.6839
28040.0000,2804,2371.0712,0.0000,1000,515,1000,1,979.6912
28050.0000,2805,2371.1224,0.0000,1000,513,1000,1,979.6984
28060.0000,2806,2371.1722,0.0000,1000,507,1000,1,979.7056
28070.0000,2807,2371.2205,0.0000,1000,501,1000,1,979.7129
28080.0000,2808,2371.2665,0.0000,1000,498,1000,1,979.7201
28090.0000,2809,2371.3120,0.0000,1000,498,1000,1,979.7273
28100.0000,2810,2371.3577,0.0000,1000,502,1000,1,979.7345
28110.0000,2811,2371.4039,0.0000,1000,501,1000,1,979.7417
28120.0000,2812,2371.4506,0.0000,1000,504,1000,1,979.7489
28130.0000,2813,2371.4962,0.0000,1000,498,1000,1,979.7561
28140.0000,2814,2371.5405,0.0000,1000,492,1000,1,979.7633
28150.0000,2815,2371.5815,0.0000,1000,484,1000,1,979.7705
28160.0000,2816,2371.6211,0.0000,1000,484,1000,1,979.7777
28170.0000,2817,2371.6609,0.0000,1000,486,1000,1,979.7849
28180.0000,2818,2371.7006,0.0000,1000,483,1000,1,979.7921
28190.0000,2819,2371.7388,0.0000,1000,476,1000,1,979.7992
28200.0000,2820,2371.7747,0.0000,1000,473,1000,1,979.8064
28210.0000,2821,2371.8120,0.0000,1000,478,1000,1,979.8135
28220.0000,2822,2371.8509,0.0000,1000,486,1000,1,979.8207
28230.0000,2823,2371.8926,0.0000,1000,493,1000,1,979.8278
28240.0000,2824,2371.9338,0.0000,1000,488,1000,1,979.8350
28250.0000,2825,2371.9739,0.0000,1000,485,1000,1,979.8421
28260.0000,2826,2372.0139,0.0000,1000,482,1000,1,979.8493
28270.0000,2827,2372.0526,0.0000,1000,478,1000,1,979.8564
28280.0000,2828,2372.0900,0.0000,1000,476,1000,1,979.8635
28290.0000,2829,2372.1274,0.0000,1000,480,1000,1,979.8706
28300.0000,2830,2372.1649,0.0000,1000,479,1000,1,979.8777
28310.0000,2831,2372.2019,0.0000,1000,473,1000,1,979.8848
28320.0000,2832,2372.2364,0.0000,1000,470,1000,1,979.8919
28330.0000,2833,2372.2696,0.0000,1000,464,1000,1,979.8990
28340.0000,2834,2372.3017,0.0000,1000,463,1000,1,979.9061
28350.0000,2835,2372.3318,0.0000,1000,456,1000,1,979.9132
28360.0000,2836,2372.3604,0.0000,1000,451,1000,1,979.9203
28370.0000,2837,2372.3878,0.0000,1000,446,1000,1,979.9274
28380.0000,2838,2372.4137,0.0000,1000,446,1000,1,979.9345
28390.0000,2839,2372.4393,0.0000,1000,445,1000,1,979.9415
28400.0000,2840,2372.4651,0.0000,1000,443,1000,1,979.9486
28410.0000,2841,2372.4898,0.0000,1000,441,1000,1,979.9556
28420.0000,2842,2372.5142,0.0000,1000,444,1000,1,979.9627
28430.0000,2843,2372.5399,0.0000,1000,446,1000,1,979.9697
28440.0000,2844,2372.5654,0.0000,1000,442,1000,1,979.9768
28450.0000,2845,2372.5916,0.0000,1000,446,1000,1,979.9838
28460.0000,2846,2372.6167,0.0000,1000,438,1000,1,979.9909
28470.0000,2847,2372.6393,0.0000,1000,437,1000,1,979.9979
28480.0000,2848,2372.6598,0.0000,1000,427,1000,1,980.0049
28490.0000,2849,2372.6788,0.0000,1000,426,1000,1,980.0119
28500.0000,2850,2372.6972,0.0000,1000,422,1000,1,980.0189
28510.0000,2851,2372.7134,0.0000,1000,416,1000,1,980.0260
28520.0000,2852,2372.7292,0.0000,1000,418,1000,1,980.0330
28530.0000,2853,2372.7450,0.0000,1000,420,1000,1,980.0400
28540.0000,2854,2372.7625,0.0000,1000,424,1000,1,980.0470
28550.0000,2855,2372.7802,0.0000,1000,421,1000,1,980.0539
28560.0000,2856,2372.7974,0.0000,1000,422,1000,1,980.0609
28570.0000,2857,2372.8138,0.0000,1000,421,1000,1,980.0679
28580.0000,2858,2372.8298,0.0000,1000,419,1000,1,980.0749
28590.0000,2859,2372.8471,0.0000,1000,428,1000,1,980.0818
28600.0000,2860,2372.8664,0.0000,1000,428,1000,1,980.0888
28610.0000,2861,2372.8866,0.0000,1000,429,1000,1,980.0958
28620.0000,2862,2372.9043,0.0000,1000,421,1000,1,980.1027
28630.0000,2863,2372.9223,0.0000,1000,427,1000,1,980.1097
28640.0000,2864,2372.9405,0.0000,1000,419,1000,1,980.1166
28650.0000,2865,2372.9560,0.0000,1000,414,1000,1,980.1236
28660.0000,2866,2372.9691,0.0000,1000,406,1000,1,980.1305
28670.0000,2867,2372.9813,0.0000,1000,407,1000,1,980.1374
28680.0000,2868,2372.9944,0.0000,1000,411,1000,1,980.1444
28690.0000,2869,2373.0086,0.0000,1000,415,1000,1,980.1513
28700.0000,2870,2373.0237,0.0000,1000,414,1000,1,980.1582
28710.0000,2871,2373.0374,0.0000,1000,410,1000,1,980.1651
28720.0000,2872,2373.0499,0.0000,1000,411,1000,1,980.1720
28730.0000,2873,2373.0626,0.0000,1000,407,1000,1,980.1789
28740.0000,2874,2373.0736,0.0000,1000,403,1000,1,980.1858
28750.0000,2875,2373.0829,0.0000,1000,399,1000,1,980.1927
28760.0000,2876,2373.0920,0.0000,1000,400,1000,1,980.1996
28770.0000,2877,2373.1023,0.0000,1000,402,1000,1,980.2065
28780.0000,2878,2373.1125,0.0000,1000,400,1000,1,980.2133
28790.0000,2879,2373.1212,0.0000,1000,399,1000,1,980.2202
28800.0000,2880,2373.1299,0.0000,1000,398,1000,1,980.2271
28810.0000,2881,2373.1368,0.0000,1000,390,1000,1,980.2339
28820.0000,2882,2373.1426,0.0000,1000,392,1000,1,980.2408
28830.0000,2883,2373.1508,0.0000,1000,397,1000,1,980.2477
28840.0000,2884,2373.1576,0.0000,1000,387,1000,1,980.2545
28850.0000,2885,2373.1639,0.0000,1000,397,1000,1,980.2614
28860.0000,2886,2373.1719,0.0000,1000,393,1000,1,980.2682
28870.0000,2887,2373.1786,0.0000,1000,390,1000,1,980.2750
28880.0000,2888,2373.1856,0.0000,1000,397,1000,1,980.2819
28890.0000,2889,2373.1933,0.0000,1000,392,1000,1,980.2887
28900.0000,2890,2373.2000,0.0000,1000,393,1000,1,980.2955
28910.0000,2891,2373.2079,0.0000,1000,395,1000,1,980.3023
28920.0000,2892,2373.2165,0.0000,1000,401,1000,1,980.3091
28930.0000,2893,2373.2272,0.0000,1000,408,1000,1,980.3159
28940.0000,2894,2373.2394,0.0000,1000,412,1000,1,980.3227
28950.0000,2895,2373.2541,0.0000,1000,418,1000,1,980.3295
28960.0000,2896,2373.2684,0.0000,1000,416,1000,1,980.3363
28970.0000,2897,2373.2836,0.0000,1000,420,1000,1,980.3431
28980.0000,2898,2373.2982,0.0000,1000,408,1000,1,980.3499
28990.0000,2899,2373.3100,0.0000,1000,411,1000,1,980.3567
29000.0000,2900,2373.3236,0.0000,1000,411,1000,1,980.3634
29010.0000,2901,2373.3372,0.0000,1000,411,1000,1,980.3702
29020.0000,2902,2373.3513,0.0000,1000,415,1000,1,980.3770
29030.0000,2903,2373.3647,0.0000,1000,408,1000,1,980.3837
29040.0000,2904,2373.3768,0.0000,1000,404,1000,1,980.3905
29050.0000,2905,2373.3870,0.0000,1000,404,1000,1,980.3972
29060.0000,2906,2373.3983,0.0000,1000,407,1000,1,980.4040
29070.0000,2907,2373.4090,0.0000,1000,403,1000,1,980.4107
29080.0000,2908,2373.4196,0.0000,1000,402,1000,1,980.4175
29090.0000,2909,2373.4298,0.0000,1000,407,1000,1,980.4242
29100.0000,2910,2373.4404,0.0000,1000,406,1000,1,980.4309
29110.0000,2911,2373.4525,0.0000,1000,411,1000,1,980.4376
29120.0000,2912,2373.4661,0.0000,1000,414,1000,1,980.4444
29130.0000,2913,2373.4793,0.0000,1000,413,1000,1,980.4511
29140.0000,2914,2373.4917,0.0000,1000,406,1000,1,980.4578
29150.0000,2915,2373.5021,0.0000,1000,402,1000,1,980.4645
29160.0000,2916,2373.5122,0.0000,1000,403,1000,1,980.4712
29170.0000,2917,2373.5208,0.0000,1000,395,1000,1,980.4779
29180.0000,2918,2373.5280,0.0000,1000,393,1000,1,980.4846
29190.0000,2919,2373.5342,0.0000,1000,390,1000,1,980.4913
29200.0000,2920,2373.5394,0.0000,1000,386,1000,1,980.4979
29210.0000,2921,2373.5437,0.0000,1000,388,1000,1,980.5046
29220.0000,2922,2373.5483,0.0000,1000,387,1000,1,980.5113
29230.0000,2923,2373.5523,0.0000,1000,383,1000,1,980.5180
29240.0000,2924,2373.5544,0.0000,1000,378,1000,1,980.5246
29250.0000,2925,2373.5559,0.0000,1000,378,1000,1,980.5313
29260.0000,2926,2373.5570,0.0000,1000,373,1000,1,980.5379
29270.0000,2927,2373.5556,0.0000,1000,367,1000,1,980.5446
29280.0000,2928,2373.5548,0.0000,1000,376,1000,1,980.5512
29290.0000,2929,2373.5560,0.0000,1000,376,1000,1,980.5579
29300.0000,2930,2373.5555,0.0000,1000,368,1000,1,980.5645
29310.0000,2931,2373.5528,0.0000,1000,370,1000,1,980.5711
29320.0000,2932,2373.5525,0.0000,1000,378,1000,1,980.5778
29330.0000,2933,2373.5525,0.0000,1000,372,1000,1,980.5844
29340.0000,2934,2373.5505,0.0000,1000,365,1000,1,980.5910
29350.0000,2935,2373.5470,0.0000,1000,365,1000,1,980.5976
29360.0000,2936,2373.5444,0.0000,1000,364,1000,1,980.6042
29370.0000,2937,2373.5406,0.0000,1000,364,1000,1,980.6108
29380.0000,2938,2373.5374,0.0000,1000,366,1000,1,980.6174
29390.0000,2939,2373.5353,0.0000,1000,367,1000,1,980.6240
29400.0000,2940,2373.5334,0.0000,1000,372,1000,1,980.6306
29410.0000,2941,2373.5322,0.0000,1000,371,1000,1,980.6372
29420.0000,2942,2373.5318,0.0000,1000,371,1000,1,980.6438
29430.0000,2943,2373.5322,0.0000,1000,383,1000,1,980.6504
29440.0000,2944,2373.5362,0.0000,1000,387,1000,1,980.6569
29450.0000,2945,2373.5394,0.0000,1000,381,1000,1,980.6635
29460.0000,2946,2373.5405,0.0000,1000,375,1000,1,980.6701
29470.0000,2947,2373.5412,0.0000,1000,377,1000,1,980.6766
29480.0000,2948,2373.5413,0.0000,1000,370,1000,1,980.6832
29490.0000,2949,2373.5392,0.0000,1000,367,1000,1,980.6897
29500.0000,2950,2373.5361,0.0000,1000,362,1000,1,980.6963
29510.0000,2951,2373.5328,0.0000,1000,364,1000,1,980.7028
29520.0000,2952,2373.5283,0.0000,1000,355,1000,1,980.7093
29530.0000,2953,2373.5222,0.0000,1000,353,1000,1,980.7159
29540.0000,2954,2373.5156,0.0000,1000,354,1000,1,980.7224
29550.0000,2955,2373.5099,0.0000,1000,359,1000,1,980.7289
29560.0000,2956,2373.5054,0.0000,1000,360,1000,1,980.7355
29570.0000,2957,2373.5004,0.0000,1000,356,1000,1,980.7420
29580.0000,2958,2373.4940,0.0000,1000,348,1000,1,980.7485
29590.0000,2959,2373.4846,0.0000,1000,345,1000,1,980.7550
29600.0000,2960,2373.4749,0.0000,1000,340,1000,1,980.7615
29610.0000,2961,2373.4640,0.0000,1000,344,1000,1,980.7680
29620.0000,2962,2373.4538,0.0000,1000,344,1000,1,980.7745
29630.0000,2963,2373.4433,0.0000,1000,343,1000,1,980.7810
29640.0000,2964,2373.4330,0.0000,1000,347,1000,1,980.7874
29650.0000,2965,2373.4236,0.0000,1000,346,1000,1,980.7939
29660.0000,2966,2373.4136,0.0000,1000,341,1000,1,980.8004
29670.0000,2967,2373.4031,0.0000,1000,342,1000,1,980.8069
29680.0000,2968,2373.3927,0.0000,1000,339,1000,1,980.8133
29690.0000,2969,2373.3821,0.0000,1000,345,1000,1,980.8198
29700.0000,2970,2373.3727,0.0000,1000,347,1000,1,980.8263
29710.0000,2971,2373.3628,0.0000,1000,343,1000,1,980.8327
29720.0000,2972,2373.3519,0.0000,1000,340,1000,1,980.8392
29730.0000,2973,2373.3385,0.0000,1000,332,1000,1,980.8456
29740.0000,2974,2373.3241,0.0000,1000,329,1000,1,980.8521
29750.0000,2975,2373.3089,0.0000,1000,320,1000,1,980.8585
29760.0000,2976,2373.2910,0.0000,1000,315,1000,1,980.8649
29770.0000,2977,2373.2707,0.0000,1000,311,1000,1,980.8713
29780.0000,2978,2373.2488,0.0000,1000,303,1000,1,980.8778
29790.0000,2979,2373.2247,0.0000,1000,302,1000,1,980.8842
29800.0000,2980,2373.1999,0.0000,1000,296,1000,1,980.8906
29810.0000,2981,2373.1737,0.0000,1000,294,1000,1,980.8970
29820.0000,2982,2373.1477,0.0000,1000,300,1000,1,980.9034
29830.0000,2983,2373.1234,0.0000,1000,303,1000,1,980.9098
29840.0000,2984,2373.0990,0.0000,1000,299,1000,1,980.9162
29850.0000,2985,2373.0733,0.0000,1000,296,1000,1,980.9226
29860.0000,2986,2373.0482,0.0000,1000,298,1000,1,980.9290
29870.0000,2987,2373.0221,0.0000,1000,292,1000,1,980.9354
29880.0000,2988,2372.9947,0.0000,1000,289,1000,1,980.9418
29890.0000,2989,2372.9659,0.0000,1000,281,1000,1,980.9481
29900.0000,2990,2372.9342,0.0000,1000,276,1000,1,980.9545
29910.0000,2991,2372.9008,0.0000,1000,270,1000,1,980.9609
29920.0000,2992,2372.8654,0.0000,1000,265,1000,1,980.9672
29930.0000,2993,2372.8280,0.0000,1000,257,1000,1,980.9736
29940.0000,2994,2372.7893,0.0000,1000,257,1000,1,980.9800
29950.0000,2995,2372.7499,0.0000,1000,253,1000,1,980.9863
29960.0000,2996,2372.7100,0.0000,1000,250,1000,1,980.9927
29970.0000,2997,2372.6682,0.0000,1000,243,1000,1,980.9990
29980.0000,2998,2372.6256,0.0000,1000,247,1000,1,981.0053
29990.0000,2999,2372.5823,0.0000,1000,239,1000,1,981.0117
30000.0000,3000,2372.5368,0.0000,1000,237,1000,1,981.0180
30010.0000,3001,2372.4916,0.0000,1000,235,1000,1,981.0243
30020.0000,3002,2372.4468,0.0000,1000,243,1000,1,981.0306
30030.0000,3003,2372.4035,0.0000,1000,238,1000,1,981.0370
30040.0000,3004,2372.3585,0.0000,1000,237,1000,1,981.0433
30050.0000,3005,2372.3141,0.0000,1000,241,1000,1,981.0496
30060.0000,3006,2372.2691,0.0000,1000,232,1000,1,981.0559
30070.0000,3007,2372.2223,0.0000,1000,235,1000,1,981.0622
30080.0000,3008,2372.1765,0.0000,1000,234,1000,1,981.0685
30090.0000,3009,2372.1298,0.0000,1000,230,1000,1,981.0748
30100.0000,3010,2372.0827,0.0000,1000,231,1000,1,981.0811
30110.0000,3011,2372.0364,0.0000,1000,230,1000,1,981.0873
30120.0000,3012,2371.9889,0.0000,1000,228,1000,1,981.0936
30130.0000,3013,2371.9417,0.0000,1000,233,1000,1,981.0999
30140.0000,3014,2371.8960,0.0000,1000,233,1000,1,981.1062
30150.0000,3015,2371.8502,0.0000,1000,236,1000,1,981.1124
30160.0000,3016,2371.8058,0.0000,1000,238,1000,1,981.1187
30170.0000,3017,2371.7600,0.0000,1000,232,1000,1,981.1250
30180.0000,3018,2371.7133,0.0000,1000,230,1000,1,981.1312
30190.0000,3019,2371.6667,0.0000,1000,234,1000,1,981.1375
30200.0000,3020,2371.6201,0.0000,1000,228,1000,1,981.1437
30210.0000,3021,2371.5720,0.0000,1000,224,1000,1,981.1499
30220.0000,3022,2371.5228,0.0000,1000,220,1000,1,981.1562
30230.0000,3023,2371.4720,0.0000,1000,217,1000,1,981.1624
30240.0000,3024,2371.4210,0.0000,1000,217,1000,1,981.1686
30250.0000,3025,2371.3700,0.0000,1000,216,1000,1,981.1749
30260.0000,3026,2371.3188,0.0000,1000,214,1000,1,981.1811
30270.0000,3027,2371.2663,0.0000,1000,210,1000,1,981.1873
30280.0000,3028,2371.2138,0.0000,1000,208,1000,1,981.1935
30290.0000,3029,2371.1596,0.0000,1000,206,1000,1,981.1997
30300.0000,3030,2371.1038,0.0000,1000,199,1000,1,981.2059
30310.0000,3031,2371.0462,0.0000,1000,198,1000,1,981.2121
30320.0000,3032,2370.9885,0.0000,1000,197,1000,1,981.2183
30330.0000,3033,2370.9307,0.0000,1000,192,1000,1,981.2245
30340.0000,3034,2370.8713,0.0000,1000,189,1000,1,981.2307
30350.0000,3035,2370.8122,0.0000,1000,189,1000,1,981.2369
30360.0000,3036,2370.7515,0.0000,1000,188,1000,1,981.2431
30370.0000,3037,2370.6911,0.0000,1000,190,1000,1,981.2493
30380.0000,3038,2370.6307,0.0000,1000,186,1000,1,981.2554
30390.0000,3039,2370.5700,0.0000,1000,186,1000,1,981.2616
30400.0000,3040,2370.5084,0.0000,1000,183,1000,1,981.2678
30410.0000,3041,2370.4460,0.0000,1000,181,1000,1,981.2739
30420.0000,3042,2370.3837,0.0000,1000,180,1000,1,981.2801
30430.0000,3043,2370.3211,0.0000,1000,182,1000,1,981.2862
30440.0000,3044,2370.2595,0.0000,1000,180,1000,1,981.2924
30450.0000,3045,2370.1961,0.0000,1000,177,1000,1,981.2985
30460.0000,3046,2370.1328,0.0000,1000,173,1000,1,981.3047
30470.0000,3047,2370.0679,0.0000,1000,167,1000,1,981.3108
30480.0000,3048,2370.0011,0.0000,1000,166,1000,1,981.3169
30490.0000,3049,2369.9346,0.0000,1000,170,1000,1,981.3231
30500.0000,3050,2369.8688,0.0000,1000,169,1000,1,981.3292
30510.0000,3051,2369.8047,0.0000,1000,175,1000,1,981.3353
30520.0000,3052,2369.7421,0.0000,1000,181,1000,1,981.3414
30530.0000,3053,2369.6805,0.0000,1000,183,1000,1,981.3475
30540.0000,3054,2369.6195,0.0000,1000,182,1000,1,981.3536
30550.0000,3055,2369.5585,0.0000,1000,186,1000,1,981.3597
30560.0000,3056,2369.4978,0.0000,1000,183,1000,1,981.3658
30570.0000,3057,2369.4364,0.0000,1000,178,1000,1,981.3719
30580.0000,3058,2369.3728,0.0000,1000,175,1000,1,981.3780
30590.0000,3059,2369.3095,0.0000,1000,177,1000,1,981.3841
30600.0000,3060,2369.2462,0.0000,1000,174,1000,1,981.3902
30610.0000,3061,2369.1811,0.0000,1000,171,1000,1,981.3963
30620.0000,3062,2369.1170,0.0000,1000,171,1000,1,981.4024
30630.0000,3063,2369.0520,0.0000,1000,171,1000,1,981.4084
30640.0000,3064,2368.9875,0.0000,1000,173,1000,1,981.4145
30650.0000,3065,2368.9219,0.0000,1000,165,1000,1,981.4206
30660.0000,3066,2368.8537,0.0000,1000,163,1000,1,981.4266
30670.0000,3067,2368.7859,0.0000,1000,160,1000,1,981.4327
30680.0000,3068,2368.7160,0.0000,1000,152,1000,1,981.4387
30690.0000,3069,2368.6451,0.0000,1000,146,1000,1,981.4448
30700.0000,3070,2368.5726,0.0000,1000,147,1000,1,981.4508
30710.0000,3071,2368.5007,0.0000,1000,149,1000,1,981.4569
30720.0000,3072,2368.4284,0.0000,1000,144,1000,1,981.4629
30730.0000,3073,2368.3555,0.0000,1000,146,1000,1,981.4689
30740.0000,3074,2368.2839,0.0000,1000,150,1000,1,981.4750
30750.0000,3075,2368.2131,0.0000,1000,152,1000,1,981.4810
30760.0000,3076,2368.1419,0.0000,1000,148,1000,1,981.4870
30770.0000,3077,2368.0709,0.0000,1000,152,1000,1,981.4930
30780.0000,3078,2368.0000,0.0000,1000,145,1000,1,981.4990
30790.0000,3079,2367.9268,0.0000,1000,145,1000,1,981.5050
30800.0000,3080,2367.8553,0.0000,1000,146,1000,1,981.5110
30810.0000,3081,2367.7827,0.0000,1000,144,1000,1,981.5170
30820.0000,3082,2367.7108,0.0000,1000,147,1000,1,981.5230
30830.0000,3083,2367.6397,0.0000,1000,150,1000,1,981.5290
30840.0000,3084,2367.5684,0.0000,1000,141,1000,1,981.5350
30850.0000,3085,2367.4959,0.0000,1000,145,1000,1,981.5410
30860.0000,3086,2367.4239,0.0000,1000,145,1000,1,981.5470
30870.0000,3087,2367.3512,0.0000,1000,143,1000,1,981.5530
30880.0000,3088,2367.2781,0.0000,1000,144,1000,1,981.5589
30890.0000,3089,2367.2058,0.0000,1000,142,1000,1,981.5649
30900.0000,3090,2367.1319,0.0000,1000,135,1000,1,981.5709
30910.0000,3091,2367.0565,0.0000,1000,130,1000,1,981.5768
30920.0000,3092,2366.9800,0.0000,1000,127,1000,1,981.5828
30930.0000,3093,2366.9016,0.0000,1000,122,1000,1,981.5887
30940.0000,3094,2366.8213,0.0000,1000,115,1000,1,981.5947
30950.0000,3095,2366.7391,0.0000,1000,111,1000,1,981.6006
30960.0000,3096,2366.6569,0.0000,1000,115,1000,1,981.6066
30970.0000,3097,2366.5763,0.0000,1000,116,1000,1,981.6125
30980.0000,3098,2366.4951,0.0000,1000,114,1000,1,981.6185
30990.0000,3099,2366.4133,0.0000,1000,112,1000,1,981.6244
31000.0000,3100,2366.3312,0.0000,1000,114,1000,1,981.6303
31010.0000,3101,2366.2504,0.0000,1000,115,1000,1,981.6362
31020.0000,3102,2366.1701,0.0000,1000,117,1000,1,981.6422
31030.0000,3103,2366.0902,0.0000,1000,117,1000,1,981.6481
31040.0000,3104,2366.0113,0.0000,1000,123,1000,1,981.6540
31050.0000,3105,2365.9339,0.0000,1000,126,1000,1,981.6599
31060.0000,3106,2365.8563,0.0000,1000,127,1000,1,981.6658
31070.0000,3107,2365.7798,0.0000,1000,129,1000,1,981.6717
31080.0000,3108,2365.7024,0.0000,1000,123,1000,1,981.6776
31090.0000,3109,2365.6245,0.0000,1000,125,1000,1,981.6835
31100.0000,3110,2365.5467,0.0000,1000,122,1000,1,981.6894
31110.0000,3111,2365.4662,0.0000,1000,112,1000,1,981.6953
31120.0000,3112,2365.3846,0.0000,1000,116,1000,1,981.7012
31130.0000,3113,2365.3047,0.0000,1000,116,1000,1,981.7070
31140.0000,3114,2365.2237,0.0000,1000,113,1000,1,981.7129
31150.0000,3115,2365.1430,0.0000,1000,113,1000,1,981.7188
31160.0000,3116,2365.0622,0.0000,1000,109,1000,1,981.7246
31170.0000,3117,2364.9797,0.0000,1000,105,1000,1,981.7305
31180.0000,3118,2364.8943,0.0000,1000,96,1000,1,981.7364
31190.0000,3119,2364.8098,0.0000,1000,103,1000,1,981.7422
31200.0000,3120,2364.7252,0.0000,1000,101,1000,1,981.7481
31210.0000,3121,2364.6402,0.0000,1000,93,1000,1,981.7539
31220.0000,3122,2364.5534,0.0000,1000,96,1000,1,981.7598
31230.0000,3123,2364.4677,0.0000,1000,98,1000,1,981.7656
31240.0000,3124,2364.3816,0.0000,1000,90,1000,1,981.7714
31250.0000,3125,2364.2931,0.0000,1000,83,1000,1,981.7773
31260.0000,3126,2364.2042,0.0000,1000,86,1000,1,981.7831
31270.0000,3127,2364.1136,0.0000,1000,75,1000,1,981.7889
31280.0000,3128,2364.0209,0.0000,1000,74,1000,1,981.7948
31290.0000,3129,2363.9290,0.0000,1000,77,1000,1,981.8006
31300.0000,3130,2363.8373,0.0000,1000,78,1000,1,981.8064
31310.0000,3131,2363.7457,0.0000,1000,71,1000,1,981.8122
31320.0000,3132,2363.6523,0.0000,1000,67,1000,1,981.8180
31330.0000,3133,2363.5580,0.0000,1000,68,1000,1,981.8238
31340.0000,3134,2363.4642,0.0000,1000,69,1000,1,981.8296
31350.0000,3135,2363.3692,0.0000,1000,63,1000,1,981.8354
31360.0000,3136,2363.2736,0.0000,1000,63,1000,1,981.8412
31370.0000,3137,2363.1780,0.0000,1000,63,1000,1,981.8470
31380.0000,3138,2363.0828,0.0000,1000,68,1000,1,981.8528
31390.0000,3139,2362.9879,0.0000,1000,63,1000,1,981.8586
31400.0000,3140,2362.8929,0.0000,1000,63,1000,1,981.8643
31410.0000,3141,2362.7971,0.0000,1000,65,1000,1,981.8701
31420.0000,3142,2362.7028,0.0000,1000,67,1000,1,981.8759
31430.0000,3143,2362.6099,0.0000,1000,75,1000,1,981.8816
31440.0000,3144,2362.5188,0.0000,1000,77,1000,1,981.8874
31450.0000,3145,2362.4276,0.0000,1000,74,1000,1,981.8932
31460.0000,3146,2362.3367,0.0000,1000,76,1000,1,981.8989
31470.0000,3147,2362.2457,0.0000,1000,78,1000,1,981.9047
31480.0000,3148,2362.1562,0.0000,1000,84,1000,1,981.9104
31490.0000,3149,2362.0671,0.0000,1000,83,1000,1,981.9162
31500.0000,3150,2361.9790,0.0000,1000,85,1000,1,981.9219
31510.0000,3151,2361.8902,0.0000,1000,81,1000,1,981.9276
31520.0000,3152,2361.8010,0.0000,1000,80,1000,1,981.9334
31530.0000,3153,2361.7101,0.0000,1000,74,1000,1,981.9391
31540.0000,3154,2361.6170,0.0000,1000,64,1000,1,981.9448
31550.0000,3155,2361.5233,0.0000,1000,65,1000,1,981.9506
31560.0000,3156,2361.4287,0.0000,1000,63,1000,1,981.9563
31570.0000,3157,2361.3335,0.0000,1000,57,1000,1,981.9620
31580.0000,3158,2361.2387,0.0000,1000,67,1000,1,981.9677
31590.0000,3159,2361.1454,0.0000,1000,62,1000,1,981.9734
31600.0000,3160,2361.0513,0.0000,1000,65,1000,1,981.9791
31610.0000,3161,2360.9561,0.0000,1000,58,1000,1,981.9848
31620.0000,3162,2360.8589,0.0000,1000,53,1000,1,981.9905
31630.0000,3163,2360.7626,0.0000,1000,60,1000,1,981.9962
31640.0000,3164,2360.6693,0.0000,1000,65,1000,1,982.0019
31650.0000,3165,2360.5765,0.0000,1000,69,1000,1,982.0076
31660.0000,3166,2360.4837,0.0000,1000,61,1000,1,982.0133
31670.0000,3167,2360.3887,0.0000,1000,59,1000,1,982.0189
31680.0000,3168,2360.2932,0.0000,1000,56,1000,1,982.0246
31690.0000,3169,2360.1973,0.0000,1000,53,1000,1,982.0303
31700.0000,3170,2360.1008,0.0000,1000,56,1000,1,982.0360
31710.0000,3171,2360.0054,0.0000,1000,58,1000,1,982.0416
31720.0000,3172,2359.9118,0.0000,1000,67,1000,1,982.0473
31730.0000,3173,2359.8195,0.0000,1000,66,1000,1,982.0529
31740.0000,3174,2359.7268,0.0000,1000,63,1000,1,982.0586
31750.0000,3175,2359.6326,0.0000,1000,60,1000,1,982.0643
31760.0000,3176,2359.5368,0.0000,1000,54,1000,1,982.0699
31770.0000,3177,2359.4400,0.0000,1000,49,1000,1,982.0755
31780.0000,3178,2359.3422,0.0000,1000,48,1000,1,982.0812
31790.0000,3179,2359.2450,0.0000,1000,50,1000,1,982.0868
31800.0000,3180,2359.1470,0.0000,1000,44,1000,1,982.0925
31810.0000,3181,2359.0473,0.0000,1000,39,1000,1,982.0981
31820.0000,3182,2358.9449,0.0000,1000,34,1000,1,982.1037
31830.0000,3183,2358.8439,0.0000,1000,41,1000,1,982.1093
31840.0000,3184,2358.7459,0.0000,1000,55,1000,1,982.1149
31850.0000,3185,2358.6516,0.0000,1000,56,1000,1,982.1206
31860.0000,3186,2358.5576,0.0000,1000,62,1000,1,982.1262
31870.0000,3187,2358.4646,0.0000,1000,61,1000,1,982.1318
31880.0000,3188,2358.3708,0.0000,1000,56,1000,1,982.1374
31890.0000,3189,2358.2749,0.0000,1000,48,1000,1,982.1430
31900.0000,3190,2358.1779,0.0000,1000,51,1000,1,982.1486
31910.0000,3191,2358.0822,0.0000,1000,56,1000,1,982.1542
31920.0000,3192,2357.9867,0.0000,1000,50,1000,1,982.1598
31930.0000,3193,2357.8893,0.0000,1000,45,1000,1,982.1654
31940.0000,3194,2357.7899,0.0000,1000,36,1000,1,982.1709
31950.0000,3195,2357.6904,0.0000,1000,44,1000,1,982.1765
31960.0000,3196,2357.5925,0.0000,1000,46,1000,1,982.1821
31970.0000,3197,2357.4960,0.0000,1000,50,1000,1,982.1877
31980.0000,3198,2357.4002,0.0000,1000,50,1000,1,982.1932
31990.0000,3199,2357.3052,0.0000,1000,55,1000,1,982.1988
32000.0000,3200,2357.2101,0.0000,1000,50,1000,1,982.2044
32010.0000,3201,2357.1128,0.0000,1000,47,1000,1,982.2099
32020.0000,3202,2357.0159,0.0000,1000,48,1000,1,982.2155
32030.0000,3203,2356.9196,0.0000,1000,52,1000,1,982.2210
32040.0000,3204,2356.8243,0.0000,1000,48,1000,1,982.2266
32050.0000,3205,2356.7295,0.0000,1000,54,1000,1,982.2321
32060.0000,3206,2356.6354,0.0000,1000,58,1000,1,982.2377
32070.0000,3207,2356.5428,0.0000,1000,59,1000,1,982.2432
32080.0000,3208,2356.4510,0.0000,1000,61,1000,1,982.2488
32090.0000,3209,2356.3576,0.0000,1000,55,1000,1,982.2543
32100.0000,3210,2356.2637,0.0000,1000,51,1000,1,982.2598
32110.0000,3211,2356.1679,0.0000,1000,49,1000,1,982.2653
32120.0000,3212,2356.0724,0.0000,1000,47,1000,1,982.2709
32130.0000,3213,2355.9752,0.0000,1000,41,1000,1,982.2764
32140.0000,3214,2355.8757,0.0000,1000,33,1000,1,982.2819
32150.0000,3215,2355.7761,0.0000,1000,39,1000,1,982.2874
32160.0000,3216,2355.6773,0.0000,1000,37,1000,1,982.2929
32170.0000,3217,2355.5767,0.0000,1000,30,1000,1,982.2984
32180.0000,3218,2355.4756,0.0000,1000,30,1000,1,982.3039
32190.0000,3219,2355.3743,0.0000,1000,30,1000,1,982.3094
32200.0000,3220,2355.2727,0.0000,1000,28,1000,1,982.3149
32210.0000,3221,2355.1713,0.0000,1000,30,1000,1,982.3204
32220.0000,3222,2355.0708,0.0000,1000,33,1000,1,982.3259
32230.0000,3223,2354.9690,0.0000,1000,23,1000,1,982.3314
32240.0000,3224,2354.8672,0.0000,999,32,1000,1,982.3368
32250.0000,3225,2354.7676,0.0000,1000,38,1000,1,982.3423
32260.0000,3226,2354.6707,0.0000,1000,49,1000,1,982.3478
32270.0000,3227,2354.5773,0.0000,992,67,1000,1,982.3533
32280.0000,3228,2354.4867,0.0000,987,78,1000,1,982.3587
32290.0000,3229,2354.3966,0.0000,977,85,1000,1,982.3642
32300.0000,3230,2354.3067,0.0000,969,89,1000,1,982.3697
32310.0000,3231,2354.2177,0.0000,972,98,1000,1,982.3751
32320.0000,3232,2354.1295,0.0000,970,103,1000,1,982.3806
32330.0000,3233,2354.0442,0.0000,973,116,1000,1,982.3860
32340.0000,3234,2353.9620,0.0000,966,125,1000,1,982.3915
32350.0000,3235,2353.8820,0.0000,971,135,1000,1,982.3969
32360.0000,3236,2353.8075,0.0000,975,141,1000,1,982.4023
32370.0000,3237,2353.7355,0.0000,968,156,1000,1,982.4078
32380.0000,3238,2353.6658,0.0000,963,167,1000,1,982.4132
32390.0000,3239,2353.5969,0.0000,954,179,1000,1,982.4186
32400.0000,3240,2353.5316,0.0000,959,187,1000,1,982.4241
32410.0000,3241,2353.4676,0.0000,952,197,1000,1,982.4295
32420.0000,3242,2353.4060,0.0000,955,206,1000,1,982.4349
32430.0000,3243,2353.3486,0.0000,956,225,1000,1,982.4403
32440.0000,3244,2353.2972,0.0000,956,238,1000,1,982.4457
32450.0000,3245,2353.2487,0.0000,954,242,1000,1,982.4512
32460.0000,3246,2353.2017,0.0000,949,257,1000,1,982.4566
32470.0000,3247,2353.1597,0.0000,958,267,1000,1,982.4620
32480.0000,3248,2353.1197,0.0000,948,276,1000,1,982.4674
32490.0000,3249,2353.0812,0.0000,946,282,1000,1,982.4728
32500.0000,3250,2353.0447,0.0000,947,294,1000,1,982.4782
32510.0000,3251,2353.0110,0.0000,941,302,1000,1,982.4835
32520.0000,3252,2352.9790,0.0000,939,315,1000,1,982.4889
32530.0000,3253,2352.9485,0.0000,932,325,1000,1,982.4943
32540.0000,3254,2352.9194,0.0000,929,331,1000,1,982.4997
32550.0000,3255,2352.8914,0.0000,927,337,1000,1,982.5051
32560.0000,3256,2352.8648,0.0000,927,343,1000,1,982.5104
32570.0000,3257,2352.8416,0.0000,929,356,1000,1,982.5158
32580.0000,3258,2352.8239,0.0000,931,371,1000,1,982.5212
32590.0000,3259,2352.8098,0.0000,931,386,1000,1,982.5265
32600.0000,3260,2352.8008,0.0000,937,395,1000,1,982.5319
32610.0000,3261,2352.7966,0.0000,938,408,1000,1,982.5373
32620.0000,3262,2352.7966,0.0000,938,417,1000,1,982.5426
32630.0000,3263,2352.7983,0.0000,936,422,1000,1,982.5480
32640.0000,3264,2352.7998,0.0000,935,430,1000,1,982.5533
32650.0000,3265,2352.8050,0.0000,933,440,1000,1,982.5587
32660.0000,3266,2352.8122,0.0000,934,442,1000,1,982.5640
32670.0000,3267,2352.8204,0.0000,937,451,1000,1,982.5693
32680.0000,3268,2352.8328,0.0000,936,463,1000,1,982.5747
32690.0000,3269,2352.8470,0.0000,931,470,1000,1,982.5800
32700.0000,3270,2352.8615,0.0000,923,480,1000,1,982.5853
32710.0000,3271,2352.8763,0.0000,917,486,1000,1,982.5906
32720.0000,3272,2352.8924,0.0000,913,496,1000,1,982.5960
32730.0000,3273,2352.9113,0.0000,912,506,1000,1,982.6013
32740.0000,3274,2352.9335,0.0000,914,520,1000,1,982.6066
32750.0000,3275,2352.9596,0.0000,907,532,1000,1,982.6119
32760.0000,3276,2352.9871,0.0000,906,543,1000,1,982.6172
32770.0000,3277,2353.0179,0.0000,903,554,1000,1,982.6225
32780.0000,3278,2353.0508,0.0000,900,561,1000,1,982.6278
32790.0000,3279,2353.0854,0.0000,899,570,1000,1,982.6331
32800.0000,3280,2353.1216,0.0000,896,575,1000,1,982.6384
32810.0000,3281,2353.1597,0.0000,896,590,1000,1,982.6437
32820.0000,3282,2353.2018,0.0000,899,597,1000,1,982.6490
32830.0000,3283,2353.2471,0.0000,907,603,1000,1,982.6543
32840.0000,3284,2353.2961,0.0000,902,617,1000,1,982.6596
32850.0000,3285,2353.3481,0.0000,898,627,1000,1,982.6648
32860.0000,3286,2353.4018,0.0000,901,632,1000,1,982.6701
32870.0000,3287,2353.4567,0.0000,905,634,1000,1,982.6754
32880.0000,3288,2353.5144,0.0000,906,643,1000,1,982.6807
32890.0000,3289,2353.5752,0.0000,903,654,1000,1,982.6859
32900.0000,3290,2353.6368,0.0000,895,662,1000,1,982.6912
32910.0000,3291,2353.6980,0.0000,889,669,1000,1,982.6964
32920.0000,3292,2353.7620,0.0000,890,677,1000,1,982.7017
32930.0000,3293,2353.8282,0.0000,893,683,1000,1,982.7070
32940.0000,3294,2353.8988,0.0000,891,697,1000,1,982.7122
32950.0000,3295,2353.9708,0.0000,893,702,1000,1,982.7174
32960.0000,3296,2354.0457,0.0000,895,710,1000,1,982.7227
32970.0000,3297,2354.1240,0.0000,894,724,1000,1,982.7279
32980.0000,3298,2354.2026,0.0000,884,731,1000,1,982.7332
32990.0000,3299,2354.2828,0.0000,882,735,1000,1,982.7384
33000.0000,3300,2354.3612,0.0000,874,739,1000,1,982.7436
33010.0000,3301,2354.4401,0.0000,871,747,1000,1,982.7489
33020.0000,3302,2354.5209,0.0000,868,759,1000,1,982.7541
33030.0000,3303,2354.6026,0.0000,862,765,1000,1,982.7593
33040.0000,3304,2354.6852,0.0000,858,768,1000,1,982.7645
33050.0000,3305,2354.7684,0.0000,854,780,1000,1,982.7697
33060.0000,3306,2354.8559,0.0000,859,792,1000,1,982.7750
33070.0000,3307,2354.9454,0.0000,853,800,1000,1,982.7802
33080.0000,3308,2355.0361,0.0000,851,810,1000,1,982.7854
33090.0000,3309,2355.1288,0.0000,847,817,1000,1,982.7906
33100.0000,3310,2355.2220,0.0000,841,823,1000,1,982.7958
33110.0000,3311,2355.3175,0.0000,847,836,1000,1,982.8010
33120.0000,3312,2355.4181,0.0000,841,851,1000,1,982.8062
33130.0000,3313,2355.5184,0.0000,829,859,1000,1,982.8113
33140.0000,3314,2355.6182,0.0000,824,863,1000,1,982.8165
33150.0000,3315,2355.7201,0.0000,821,873,1000,1,982.8217
33160.0000,3316,2355.8226,0.0000,817,883,1000,1,982.8269
33170.0000,3317,2355.9278,0.0000,824,888,1000,1,982.8321
33180.0000,3318,2356.0368,0.0000,825,900,1000,1,982.8373
33190.0000,3319,2356.1486,0.0000,823,907,1000,1,982.8424
33200.0000,3320,2356.2634,0.0000,824,920,1000,1,982.8476
33210.0000,3321,2356.3811,0.0000,827,922,1000,1,982.8528
33220.0000,3322,2356.5000,0.0000,823,929,1000,1,982.8579
33230.0000,3323,2356.6188,0.0000,818,934,1000,1,982.8631
33240.0000,3324,2356.7367,0.0000,809,937,1000,1,982.8682
33250.0000,3325,2356.8545,0.0000,807,945,1000,1,982.8734
33260.0000,3326,2356.9737,0.0000,799,956,1000,1,982.8785
33270.0000,3327,2357.0944,0.0000,795,967,1000,1,982.8837
33280.0000,3328,2357.2163,0.0000,793,974,1000,1,982.8888
33290.0000,3329,2357.3417,0.0000,794,992,1000,1,982.8940
33300.0000,3330,2357.4714,0.0000,798,998,1000,1,982.8991
33310.0000,3331,2357.6033,0.0000,799,1000,1000,1,982.9042
33320.0000,3332,2357.7353,0.0000,798,1000,1000,1,982.9094
33330.0000,3333,2357.8670,0.0000,795,1000,1000,1,982.9145
33340.0000,3334,2357.9981,0.0000,792,1000,1000,1,982.9196
33350.0000,3335,2358.1270,0.0000,779,1000,1000,1,982.9247
33360.0000,3336,2358.2534,0.0000,781,1000,1000,1,982.9299
33370.0000,3337,2358.3795,0.0000,778,1000,1000,1,982.9350
33380.0000,3338,2358.5052,0.0000,776,1000,1000,1,982.9401
33390.0000,3339,2358.6290,0.0000,767,1000,1000,1,982.9452
33400.0000,3340,2358.7510,0.0000,769,1000,1000,1,982.9503
33410.0000,3341,2358.8725,0.0000,765,1000,1000,1,982.9554
33420.0000,3342,2358.9935,0.0000,765,1000,1000,1,982.9605
33430.0000,3343,2359.1156,0.0000,767,1000,1000,1,982.9656
33440.0000,3344,2359.2381,0.0000,771,1000,1000,1,982.9707
33450.0000,3345,2359.3601,0.0000,765,1000,1000,1,982.9758
33460.0000,3346,2359.4814,0.0000,763,1000,1000,1,982.9809
33470.0000,3347,2359.6011,0.0000,756,1000,1000,1,982.9860
33480.0000,3348,2359.7195,0.0000,759,1000,1000,1,982.9910
33490.0000,3349,2359.8386,0.0000,757,1000,1000,1,982.9961
33500.0000,3350,2359.9562,0.0000,753,1000,1000,1,983.0012
33510.0000,3351,2360.0735,0.0000,752,1000,1000,1,983.0063
33520.0000,3352,2360.1915,0.0000,761,1000,1000,1,983.0113
33530.0000,3353,2360.3119,0.0000,776,1000,1000,1,983.0164
33540.0000,3354,2360.4353,0.0000,773,1000,1000,1,983.0215
33550.0000,3355,2360.5578,0.0000,774,1000,1000,1,983.0265
33560.0000,3356,2360.6792,0.0000,764,1000,1000,1,983.0316
33570.0000,3357,2360.7993,0.0000,765,1000,1000,1,983.0366
33580.0000,3358,2360.9196,0.0000,763,1000,1000,1,983.0417
33590.0000,3359,2361.0380,0.0000,756,1000,1000,1,983.0467
33600.0000,3360,2361.1550,0.0000,753,1000,1000,1,983.0518
33610.0000,3361,2361.2707,0.0000,751,1000,1000,1,983.0568
33620.0000,3362,2361.3866,0.0000,750,1000,1000,1,983.0619
33630.0000,3363,2361.5023,0.0000,749,1000,1000,1,983.0669
33640.0000,3364,2361.6182,0.0000,752,1000,1000,1,983.0719
33650.0000,3365,2361.7338,0.0000,752,1000,1000,1,983.0770
33660.0000,3366,2361.8501,0.0000,757,1000,1000,1,983.0820
33670.0000,3367,2361.9690,0.0000,764,1000,1000,1,983.0870
33680.0000,3368,2362.0879,0.0000,759,1000,1000,1,983.0920
33690.0000,3369,2362.2062,0.0000,760,1000,1000,1,983.0971
33700.0000,3370,2362.3258,0.0000,767,1000,1000,1,983.1021
33710.0000,3371,2362.4455,0.0000,763,1000,1000,1,983.1071
33720.0000,3372,2362.5643,0.0000,759,1000,1000,1,983.1121
33730.0000,3373,2362.6818,0.0000,759,1000,1000,1,983.1171
33740.0000,3374,2362.8000,0.0000,763,1000,1000,1,983.1221
33750.0000,3375,2362.9176,0.0000,758,1000,1000,1,983.1271
33760.0000,3376,2363.0350,0.0000,762,1000,1000,1,983.1321
33770.0000,3377,2363.1524,0.0000,759,1000,1000,1,983.1371
33780.0000,3378,2363.2699,0.0000,762,1000,1000,1,983.1421
33790.0000,3379,2363.3875,0.0000,760,1000,1000,1,983.1471
33800.0000,3380,2363.5038,0.0000,754,1000,1000,1,983.1521
33810.0000,3381,2363.6185,0.0000,751,1000,1000,1,983.1571
33820.0000,3382,2363.7337,0.0000,758,1000,1000,1,983.1620
33830.0000,3383,2363.8487,0.0000,754,1000,1000,1,983.1670
33840.0000,3384,2363.9635,0.0000,749,1000,1000,1,983.1720
33850.0000,3385,2364.0786,0.0000,757,1000,1000,1,983.1770
33860.0000,3386,2364.1954,0.0000,761,1000,1000,1,983.1819
33870.0000,3387,2364.3129,0.0000,764,1000,1000,1,983.1869
33880.0000,3388,2364.4312,0.0000,766,1000,1000,1,983.1919
33890.0000,3389,2364.5495,0.0000,765,1000,1000,1,983.1968
33900.0000,3390,2364.6679,0.0000,766,1000,1000,1,983.2018
33910.0000,3391,2364.7874,0.0000,770,1000,1000,1,983.2067
33920.0000,3392,2364.9075,0.0000,774,1000,1000,1,983.2117
33930.0000,3393,2365.0280,0.0000,773,1000,1000,1,983.2166
33940.0000,3394,2365.1477,0.0000,770,1000,1000,1,983.2216
33950.0000,3395,2365.2661,0.0000,764,1000,1000,1,983.2265
33960.0000,3396,2365.3835,0.0000,769,1000,1000,1,983.2314
33970.0000,3397,2365.5025,0.0000,768,1000,1000,1,983.2364
33980.0000,3398,2365.6204,0.0000,766,1000,1000,1,983.2413
33990.0000,3399,2365.7377,0.0000,758,1000,1000,1,983.2462
34000.0000,3400,2365.8522,0.0000,752,1000,1000,1,983.2512
34010.0000,3401,2365.9671,0.0000,758,1000,1000,1,983.2561
34020.0000,3402,2366.0823,0.0000,759,1000,1000,1,983.2610
34030.0000,3403,2366.1978,0.0000,760,1000,1000,1,983.2659
34040.0000,3404,2366.3142,0.0000,764,1000,1000,1,983.2709
34050.0000,3405,2366.4315,0.0000,769,1000,1000,1,983.2758
34060.0000,3406,2366.5498,0.0000,770,1000,1000,1,983.2807
34070.0000,3407,2366.6684,0.0000,773,1000,1000,1,983.2856
34080.0000,3408,2366.7884,0.0000,779,1000,1000,1,983.2905
34090.0000,3409,2366.9081,0.0000,770,1000,1000,1,983.2954
34100.0000,3410,2367.0265,0.0000,773,1000,1000,1,983.3003
34110.0000,3411,2367.1452,0.0000,771,1000,1000,1,983.3052
34120.0000,3412,2367.2643,0.0000,780,1000,1000,1,983.3101
34130.0000,3413,2367.3848,0.0000,776,1000,1000,1,983.3150
34140.0000,3414,2367.5036,0.0000,772,1000,1000,1,983.3199
34150.0000,3415,2367.6232,0.0000,776,1000,1000,1,983.3247
34160.0000,3416,2367.7438,0.0000,782,1000,1000,1,983.3296
34170.0000,3417,2367.8651,0.0000,779,1000,1000,1,983.3345
34180.0000,3418,2367.9857,0.0000,778,1000,1000,1,983.3394
34190.0000,3419,2368.1053,0.0000,781,1000,1000,1,983.3443
34200.0000,3420,2368.2255,0.0000,777,1000,1000,1,983.3491
34210.0000,3421,2368.3446,0.0000,773,1000,1000,1,983.3540
34220.0000,3422,2368.4623,0.0000,768,1000,1000,1,983.3589
34230.0000,3423,2368.5789,0.0000,763,1000,1000,1,983.3637
34240.0000,3424,2368.6933,0.0000,759,1000,1000,1,983.3686
34250.0000,3425,2368.8060,0.0000,752,1000,1000,1,983.3734
34260.0000,3426,2368.9180,0.0000,757,1000,1000,1,983.3783
34270.0000,3427,2369.0307,0.0000,754,1000,1000,1,983.3831
34280.0000,3428,2369.1422,0.0000,749,1000,1000,1,983.3880
34290.0000,3429,2369.2533,0.0000,750,1000,1000,1,983.3928
34300.0000,3430,2369.3636,0.0000,748,1000,1000,1,983.3977
34310.0000,3431,2369.4739,0.0000,748,1000,1000,1,983.4025
34320.0000,3432,2369.5838,0.0000,750,1000,1000,1,983.4073
34330.0000,3433,2369.6951,0.0000,750,1000,1000,1,983.4122
34340.0000,3434,2369.8047,0.0000,747,1000,1000,1,983.4170
34350.0000,3435,2369.9146,0.0000,746,1000,1000,1,983.4218
34360.0000,3436,2370.0242,0.0000,746,1000,1000,1,983.4267
34370.0000,3437,2370.1333,0.0000,742,1000,1000,1,983.4315
34380.0000,3438,2370.2413,0.0000,742,1000,1000,1,983.4363
34390.0000,3439,2370.3501,0.0000,745,1000,1000,1,983.4411
34400.0000,3440,2370.4584,0.0000,745,1000,1000,1,983.4459
34410.0000,3441,2370.5678,0.0000,744,1000,1000,1,983.4507
34420.0000,3442,2370.6771,0.0000,745,1000,1000,1,983.4555
34430.0000,3443,2370.7848,0.0000,740,1000,1000,1,983.4604
34440.0000,3444,2370.8933,0.0000,743,1000,1000,1,983.4652
34450.0000,3445,2371.0012,0.0000,740,1000,1000,1,983.4700
34460.0000,3446,2371.1082,0.0000,740,1000,1000,1,983.4748
34470.0000,3447,2371.2151,0.0000,742,1000,1000,1,983.4795
34480.0000,3448,2371.3238,0.0000,744,1000,1000,1,983.4843
34490.0000,3449,2371.4312,0.0000,739,1000,1000,1,983.4891
34500.0000,3450,2371.5382,0.0000,740,1000,1000,1,983.4939
34510.0000,3451,2371.6458,0.0000,746,1000,1000,1,983.4987
34520.0000,3452,2371.7539,0.0000,749,1000,1000,1,983.5035
34530.0000,3453,2371.8612,0.0000,741,1000,1000,1,983.5083
34540.0000,3454,2371.9686,0.0000,742,1000,1000,1,983.5130
34550.0000,3455,2372.0749,0.0000,735,1000,1000,1,983.5178
34560.0000,3456,2372.1800,0.0000,738,1000,1000,1,983.5226
34570.0000,3457,2372.2852,0.0000,732,1000,1000,1,983.5273
34580.0000,3458,2372.3894,0.0000,733,1000,1000,1,983.5321
34590.0000,3459,2372.4943,0.0000,740,1000,1000,1,983.5369
34600.0000,3460,2372.5995,0.0000,732,1000,1000,1,983.5416
34610.0000,3461,2372.7024,0.0000,726,1000,1000,1,983.5464
34620.0000,3462,2372.8032,0.0000,717,1000,1000,1,983.5511
34630.0000,3463,2372.9023,0.0000,713,1000,1000,1,983.5559
34640.0000,3464,2372.9997,0.0000,704,1000,1000,1,983.5606
34650.0000,3465,2373.0960,0.0000,707,1000,1000,1,983.5654
34660.0000,3466,2373.1915,0.0000,702,1000,1000,1,983.5701
34670.0000,3467,2373.2861,0.0000,702,1000,1000,1,983.5748
34680.0000,3468,2373.3807,0.0000,701,1000,1000,1,983.5796
34690.0000,3469,2373.4748,0.0000,697,1000,1000,1,983.5843
34700.0000,3470,2373.5687,0.0000,704,1000,1000,1,983.5890
34710.0000,3471,2373.6644,0.0000,706,1000,1000,1,983.5938
34720.0000,3472,2373.7600,0.0000,707,1000,1000,1,983.5985
34730.0000,3473,2373.8551,0.0000,701,1000,1000,1,983.6032
34740.0000,3474,2373.9507,0.0000,707,1000,1000,1,983.6079
34750.0000,3475,2374.0467,0.0000,707,1000,1000,1,983.6127
34760.0000,3476,2374.1420,0.0000,703,1000,1000,1,983.6174
34770.0000,3477,2374.2367,0.0000,698,1000,1000,1,983.6221
34780.0000,3478,2374.3296,0.0000,695,1000,1000,1,983.6268
34790.0000,3479,2374.4224,0.0000,697,1000,1000,1,983.6315
34800.0000,3480,2374.5150,0.0000,698,1000,1000,1,983.6362
34810.0000,3481,2374.6070,0.0000,692,1000,1000,1,983.6409
34820.0000,3482,2374.6989,0.0000,696,1000,1000,1,983.6456
34830.0000,3483,2374.7903,0.0000,689,1000,1000,1,983.6503
34840.0000,3484,2374.8819,0.0000,694,1000,1000,1,983.6550
34850.0000,3485,2374.9738,0.0000,695,1000,1000,1,983.6597
34860.0000,3486,2375.0657,0.0000,694,1000,1000,1,983.6644
34870.0000,3487,2375.1576,0.0000,698,1000,1000,1,983.6691
34880.0000,3488,2375.2500,0.0000,692,1000,1000,1,983.6737
34890.0000,3489,2375.3400,0.0000,686,1000,1000,1,983.6784
34900.0000,3490,2375.4277,0.0000,677,1000,1000,1,983.6831
34910.0000,3491,2375.5142,0.0000,676,1000,1000,1,983.6878
34920.0000,3492,2375.5993,0.0000,672,1000,1000,1,983.6924
34930.0000,3493,2375.6846,0.0000,669,1000,1000,1,983.6971
34940.0000,3494,2375.7680,0.0000,665,1000,1000,1,983.7018
34950.0000,3495,2375.8514,0.0000,670,1000,1000,1,983.7064
34960.0000,3496,2375.9347,0.0000,664,1000,1000,1,983.7111
34970.0000,3497,2376.0165,0.0000,661,1000,1000,1,983.7158
34980.0000,3498,2376.0982,0.0000,665,1000,1000,1,983.7204
34990.0000,3499,2376.1808,0.0000,666,1000,1000,1,983.7251
35000.0000,3500,2376.2629,0.0000,665,1000,1000,1,983.7297
35010.0000,3501,2376.3447,0.0000,661,1000,1000,1,983.7344
35020.0000,3502,2376.4251,0.0000,657,1000,1000,1,983.7390
35030.0000,3503,2376.5051,0.0000,657,1000,1000,1,983.7436
35040.0000,3504,2376.5849,0.0000,654,1000,1000,1,983.7483
35050.0000,3505,2376.6638,0.0000,654,1000,1000,1,983.7529
35060.0000,3506,2376.7434,0.0000,658,1000,1000,1,983.7576
35070.0000,3507,2376.8237,0.0000,658,1000,1000,1,983.7622
35080.0000,3508,2376.9050,0.0000,664,1000,1000,1,983.7668
35090.0000,3509,2376.9866,0.0000,663,1000,1000,1,983.7714
35100.0000,3510,2377.0684,0.0000,667,1000,1000,1,983.7761
35110.0000,3511,2377.1511,0.0000,670,1000,1000,1,983.7807
35120.0000,3512,2377.2344,0.0000,668,1000,1000,1,983.7853
35130.0000,3513,2377.3172,0.0000,670,1000,1000,1,983.7899
35140.0000,3514,2377.4005,0.0000,665,1000,1000,1,983.7945
35150.0000,3515,2377.4806,0.0000,655,1000,1000,1,983.7991
35160.0000,3516,2377.5585,0.0000,650,1000,1000,1,983.8038
35170.0000,3517,2377.6363,0.0000,653,1000,1000,1,983.8084
35180.0000,3518,2377.7142,0.0000,646,1000,1000,1,983.8130
35190.0000,3519,2377.7892,0.0000,635,1000,1000,1,983.8176
35200.0000,3520,2377.8613,0.0000,628,1000,1000,1,983.8222
35210.0000,3521,2377.9328,0.0000,628,1000,1000,1,983.8268
35220.0000,3522,2378.0037,0.0000,627,1000,1000,1,983.8313
35230.0000,3523,2378.0760,0.0000,634,1000,1000,1,983.8359
35240.0000,3524,2378.1479,0.0000,630,1000,1000,1,983.8405
35250.0000,3525,2378.2195,0.0000,632,1000,1000,1,983.8451
35260.0000,3526,2378.2916,0.0000,633,1000,1000,1,983.8497
35270.0000,3527,2378.3634,0.0000,628,1000,1000,1,983.8543
35280.0000,3528,2378.4347,0.0000,630,1000,1000,1,983.8588
35290.0000,3529,2378.5049,0.0000,620,1000,1000,1,983.8634
35300.0000,3530,2378.5742,0.0000,625,1000,1000,1,983.8680
35310.0000,3531,2378.6435,0.0000,622,1000,1000,1,983.8726
35320.0000,3532,2378.7136,0.0000,628,1000,1000,1,983.8771
35330.0000,3533,2378.7847,0.0000,630,1000,1000,1,983.8817
35340.0000,3534,2378.8557,0.0000,628,1000,1000,1,983.8862
35350.0000,3535,2378.9259,0.0000,630,1000,1000,1,983.8908
35360.0000,3536,2378.9960,0.0000,626,1000,1000,1,983.8954
35370.0000,3537,2379.0654,0.0000,624,1000,1000,1,983.8999
35380.0000,3538,2379.1351,0.0000,630,1000,1000,1,983.9045
35390.0000,3539,2379.2059,0.0000,631,1000,1000,1,983.9090
35400.0000,3540,2379.2772,0.0000,635,1000,1000,1,983.9136
35410.0000,3541,2379.3499,0.0000,638,1000,1000,1,983.9181
35420.0000,3542,2379.4230,0.0000,636,1000,1000,1,983.9226
35430.0000,3543,2379.4948,0.0000,631,1000,1000,1,983.9272
35440.0000,3544,2379.5660,0.0000,629,1000,1000,1,983.9317
35450.0000,3545,2379.6371,0.0000,633,1000,1000,1,983.9362
35460.0000,3546,2379.7088,0.0000,633,1000,1000,1,983.9408
35470.0000,3547,2379.7802,0.0000,633,1000,1000,1,983.9453
35480.0000,3548,2379.8515,0.0000,635,1000,1000,1,983.9498
35490.0000,3549,2379.9245,0.0000,641,1000,1000,1,983.9544
35500.0000,3550,2379.9973,0.0000,638,1000,1000,1,983.9589
35510.0000,3551,2380.0687,0.0000,629,1000,1000,1,983.9634
35520.0000,3552,2380.1383,0.0000,628,1000,1000,1,983.9679
35530.0000,3553,2380.2079,0.0000,628,1000,1000,1,983.9724
35540.0000,3554,2380.2787,0.0000,633,1000,1000,1,983.9769
35550.0000,3555,2380.3491,0.0000,631,1000,1000,1,983.9814
35560.0000,3556,2380.4195,0.0000,631,1000,1000,1,983.9859
35570.0000,3557,2380.4891,0.0000,630,1000,1000,1,983.9904
35580.0000,3558,2380.5587,0.0000,630,1000,1000,1,983.9949
35590.0000,3559,2380.6288,0.0000,630,1000,1000,1,983.9994
35600.0000,3560,2380.6980,0.0000,624,1000,1000,1,984.0039
35610.0000,3561,2380.7669,0.0000,625,1000,1000,1,984.0084
35620.0000,3562,2380.8346,0.0000,620,1000,1000,1,984.0129
35630.0000,3563,2380.9016,0.0000,617,1000,1000,1,984.0174
35640.0000,3564,2380.9667,0.0000,609,1000,1000,1,984.0219
35650.0000,3565,2381.0301,0.0000,605,1000,1000,1,984.0264
35660.0000,3566,2381.0923,0.0000,600,1000,1000,1,984.0308
35670.0000,3567,2381.1546,0.0000,608,1000,1000,1,984.0353
35680.0000,3568,2381.2184,0.0000,609,1000,1000,1,984.0398
35690.0000,3569,2381.2809,0.0000,605,1000,1000,1,984.0443
35700.0000,3570,2381.3439,0.0000,605,1000,1000,1,984.0487
35710.0000,3571,2381.4061,0.0000,596,1000,1000,1,984.0532
35720.0000,3572,2381.4675,0.0000,601,1000,1000,1,984.0577
35730.0000,3573,2381.5279,0.0000,594,1000,1000,1,984.0621
35740.0000,3574,2381.5878,0.0000,597,1000,1000,1,984.0666
35750.0000,3575,2381.6481,0.0000,595,1000,1000,1,984.0710
35760.0000,3576,2381.7080,0.0000,599,1000,1000,1,984.0755
35770.0000,3577,2381.7679,0.0000,594,1000,1000,1,984.0800
35780.0000,3578,2381.8268,0.0000,592,1000,1000,1,984.0844
35790.0000,3579,2381.8856,0.0000,593,1000,1000,1,984.0889
35800.0000,3580,2381.9459,0.0000,599,1000,1000,1,984.0933
35810.0000,3581,2382.0065,0.0000,598,1000,1000,1,984.0977
35820.0000,3582,2382.0676,0.0000,605,1000,1000,1,984.1022
35830.0000,3583,2382.1306,0.0000,610,1000,1000,1,984.1066
35840.0000,3584,2382.1932,0.0000,603,1000,1000,1,984.1110
35850.0000,3585,2382.2552,0.0000,607,1000,1000,1,984.1155
35860.0000,3586,2382.3176,0.0000,609,1000,1000,1,984.1199
35870.0000,3587,2382.3804,0.0000,608,1000,1000,1,984.1243
35880.0000,3588,2382.4416,0.0000,598,1000,1000,1,984.1288
35890.0000,3589,2382.5022,0.0000,597,1000,1000,1,984.1332
35900.0000,3590,2382.5612,0.0000,596,1000,1000,1,984.1376
35910.0000,3591,2382.6207,0.0000,593,1000,1000,1,984.1420
35920.0000,3592,2382.6797,0.0000,596,1000,1000,1,984.1464
35930.0000,3593,2382.7395,0.0000,596,1000,1000,1,984.1508
35940.0000,3594,2382.7984,0.0000,595,1000,1000,1,984.1553
35950.0000,3595,2382.8572,0.0000,593,1000,1000,1,984.1597
35960.0000,3596,2382.9158,0.0000,595,1000,1000,1,984.1641
35970.0000,3597,2382.9752,0.0000,597,1000,1000,1,984.1685
35980.0000,3598,2383.0350,0.0000,602,1000,1000,1,984.1729
35990.0000,3599,2383.0954,0.0000,597,1000,1000,1,984.1773
36000.0000,3600,2383.1555,0.0000,603,1000,1000,1,984.1817
36010.0000,3601,2383.2155,0.0000,597,1000,1000,1,984.1861
36020.0000,3602,2383.2756,0.0000,600,1000,1000,1,984.1904
36030.0000,3603,2383.3349,0.0000,597,1000,1000,1,984.1948
36040.0000,3604,2383.3945,0.0000,600,1000,1000,1,984.1992
36050.0000,3605,2383.4543,0.0000,600,1000,1000,1,984.2036
36060.0000,3606,2383.5138,0.0000,597,1000,1000,1,984.2080
36070.0000,3607,2383.5731,0.0000,601,1000,1000,1,984.2124
36080.0000,3608,2383.6332,0.0000,603,1000,1000,1,984.2167
36090.0000,3609,2383.6944,0.0000,602,1000,1000,1,984.2211
36100.0000,3610,2383.7552,0.0000,602,1000,1000,1,984.2255
36110.0000,3611,2383.8159,0.0000,604,1000,1000,1,984.2299
36120.0000,3612,2383.8773,0.0000,606,1000,1000,1,984.2342
36130.0000,3613,2383.9392,0.0000,606,1000,1000,1,984.2386
36140.0000,3614,2384.0006,0.0000,606,1000,1000,1,984.2429
36150.0000,3615,2384.0611,0.0000,606,1000,1000,1,984.2473
36160.0000,3616,2384.1216,0.0000,600,1000,1000,1,984.2517
36170.0000,3617,2384.1806,0.0000,597,1000,1000,1,984.2560
36180.0000,3618,2384.2393,0.0000,596,1000,1000,1,984.2604
36190.0000,3619,2384.2975,0.0000,596,1000,1000,1,984.2647
36200.0000,3620,2384.3567,0.0000,601,1000,1000,1,984.2691
36210.0000,3621,2384.4164,0.0000,602,1000,1000,1,984.2734
36220.0000,3622,2384.4759,0.0000,597,1000,1000,1,984.2777
36230.0000,3623,2384.5351,0.0000,601,1000,1000,1,984.2821
36240.0000,3624,2384.5950,0.0000,600,1000,1000,1,984.2864
36250.0000,3625,2384.6538,0.0000,594,1000,1000,1,984.2908
36260.0000,3626,2384.7118,0.0000,596,1000,1000,1,984.2951
36270.0000,3627,2384.7705,0.0000,599,1000,1000,1,984.2994
36280.0000,3628,2384.8294,0.0000,600,1000,1000,1,984.3037
36290.0000,3629,2384.8881,0.0000,595,1000,1000,1,984.3081
36300.0000,3630,2384.9462,0.0000,596,1000,1000,1,984.3124
36310.0000,3631,2385.0038,0.0000,591,1000,1000,1,984.3167
36320.0000,3632,2385.0612,0.0000,597,1000,1000,1,984.3210
36330.0000,3633,2385.1186,0.0000,591,1000,1000,1,984.3254
36340.0000,3634,2385.1748,0.0000,586,1000,1000,1,984.3297
36350.0000,3635,2385.2296,0.0000,580,1000,1000,1,984.3340
36360.0000,3636,2385.2831,0.0000,580,1000,1000,1,984.3383
36370.0000,3637,2385.3366,0.0000,578,1000,1000,1,984.3426
36380.0000,3638,2385.3879,0.0000,569,1000,1000,1,984.3469
36390.0000,3639,2385.4391,0.0000,573,1000,1000,1,984.3512
36400.0000,3640,2385.4910,0.0000,581,1000,1000,1,984.3555
36410.0000,3641,2385.5449,0.0000,582,1000,1000,1,984.3598
36420.0000,3642,2385.5997,0.0000,582,1000,1000,1,984.3641
36430.0000,3643,2385.6525,0.0000,577,1000,1000,1,984.3684
36440.0000,3644,2385.7054,0.0000,579,1000,1000,1,984.3727
36450.0000,3645,2385.7582,0.0000,579,1000,1000,1,984.3770
36460.0000,3646,2385.8112,0.0000,581,1000,1000,1,984.3812
36470.0000,3647,2385.8661,0.0000,590,1000,1000,1,984.3855
36480.0000,3648,2385.9221,0.0000,590,1000,1000,1,984.3898
36490.0000,3649,2385.9791,0.0000,600,1000,1000,1,984.3941
36500.0000,3650,2386.0384,0.0000,602,1000,1000,1,984.3984
36510.0000,3651,2386.0981,0.0000,607,1000,1000,1,984.4026
36520.0000,3652,2386.1583,0.0000,602,1000,1000,1,984.4069
36530.0000,3653,2386.2157,0.0000,592,1000,1000,1,984.4112
36540.0000,3654,2386.2721,0.0000,591,1000,1000,1,984.4154
36550.0000,3655,2386.3289,0.0000,596,1000,1000,1,984.4197
36560.0000,3656,2386.3869,0.0000,599,1000,1000,1,984.4240
36570.0000,3657,2386.4428,0.0000,588,1000,1000,1,984.4282
36580.0000,3658,2386.4967,0.0000,581,1000,1000,1,984.4325
36590.0000,3659,2386.5505,0.0000,583,1000,1000,1,984.4367
36600.0000,3660,2386.6038,0.0000,578,1000,1000,1,984.4410
36610.0000,3661,2386.6568,0.0000,581,1000,1000,1,984.4452
36620.0000,3662,2386.7092,0.0000,574,1000,1000,1,984.4495
36630.0000,3663,2386.7597,0.0000,571,1000,1000,1,984.4537
36640.0000,3664,2386.8104,0.0000,571,1000,1000,1,984.4580
36650.0000,3665,2386.8606,0.0000,571,1000,1000,1,984.4622
36660.0000,3666,2386.9108,0.0000,571,1000,1000,1,984.4664
36670.0000,3667,2386.9599,0.0000,564,1000,1000,1,984.4707
36680.0000,3668,2387.0084,0.0000,564,1000,1000,1,984.4749
36690.0000,3669,2387.0555,0.0000,560,1000,1000,1,984.4791
36700.0000,3670,2387.1018,0.0000,555,1000,1000,1,984.4834
36710.0000,3671,2387.1473,0.0000,555,1000,1000,1,984.4876
36720.0000,3672,2387.1931,0.0000,556,1000,1000,1,984.4918
36730.0000,3673,2387.2387,0.0000,552,1000,1000,1,984.4961
36740.0000,3674,2387.2824,0.0000,545,1000,1000,1,984.5003
36750.0000,3675,2387.3258,0.0000,545,1000,1000,1,984.5045
36760.0000,3676,2387.3686,0.0000,544,1000,1000,1,984.5087
36770.0000,3677,2387.4109,0.0000,543,1000,1000,1,984.5129
36780.0000,3678,2387.4538,0.0000,543,1000,1000,1,984.5171
36790.0000,3679,2387.4954,0.0000,537,1000,1000,1,984.5213
36800.0000,3680,2387.5361,0.0000,537,1000,1000,1,984.5255
36810.0000,3681,2387.5763,0.0000,536,1000,1000,1,984.5297
36820.0000,3682,2387.6168,0.0000,538,1000,1000,1,984.5339
36830.0000,3683,2387.6577,0.0000,542,1000,1000,1,984.5381
36840.0000,3684,2387.6997,0.0000,542,1000,1000,1,984.5423
36850.0000,3685,2387.7407,0.0000,539,1000,1000,1,984.5465
36860.0000,3686,2387.7821,0.0000,539,1000,1000,1,984.5507
36870.0000,3687,2387.8228,0.0000,535,1000,1000,1,984.5549
36880.0000,3688,2387.8623,0.0000,538,1000,1000,1,984.5591
36890.0000,3689,2387.9035,0.0000,539,1000,1000,1,984.5633
36900.0000,3690,2387.9452,0.0000,541,1000,1000,1,984.5675
36910.0000,3691,2387.9866,0.0000,543,1000,1000,1,984.5717
36920.0000,3692,2388.0290,0.0000,547,1000,1000,1,984.5758
36930.0000,3693,2388.0711,0.0000,539,1000,1000,1,984.5800
36940.0000,3694,2388.1114,0.0000,536,1000,1000,1,984.5842
36950.0000,3695,2388.1517,0.0000,538,1000,1000,1,984.5884
36960.0000,3696,2388.1926,0.0000,539,1000,1000,1,984.5925
36970.0000,3697,2388.2338,0.0000,540,1000,1000,1,984.5967
36980.0000,3698,2388.2750,0.0000,543,1000,1000,1,984.6009
36990.0000,3699,2388.3180,0.0000,549,1000,1000,1,984.6050
37000.0000,3700,2388.3619,0.0000,553,1000,1000,1,984.6092
37010.0000,3701,2388.4065,0.0000,556,1000,1000,1,984.6133
37020.0000,3702,2388.4527,0.0000,555,1000,1000,1,984.6175
37030.0000,3703,2388.4977,0.0000,555,1000,1000,1,984.6217
37040.0000,3704,2388.5435,0.0000,564,1000,1000,1,984.6258
37050.0000,3705,2388.5893,0.0000,553,1000,1000,1,984.6300
37060.0000,3706,2388.6334,0.0000,549,1000,1000,1,984.6341
37070.0000,3707,2388.6761,0.0000,546,1000,1000,1,984.6383
37080.0000,3708,2388.7182,0.0000,542,1000,1000,1,984.6424
37090.0000,3709,2388.7586,0.0000,539,1000,1000,1,984.6465
37100.0000,3710,2388.7981,0.0000,534,1000,1000,1,984.6507
37110.0000,3711,2388.8383,0.0000,539,1000,1000,1,984.6548
37120.0000,3712,2388.8794,0.0000,546,1000,1000,1,984.6589
37130.0000,3713,2388.9213,0.0000,544,1000,1000,1,984.6631
37140.0000,3714,2388.9621,0.0000,539,1000,1000,1,984.6672
37150.0000,3715,2389.0015,0.0000,535,1000,1000,1,984.6713
37160.0000,3716,2389.0398,0.0000,530,1000,1000,1,984.6755
37170.0000,3717,2389.0778,0.0000,529,1000,1000,1,984.6796
37180.0000,3718,2389.1155,0.0000,525,1000,1000,1,984.6837
37190.0000,3719,2389.1526,0.0000,526,1000,1000,1,984.6878
37200.0000,3720,2389.1885,0.0000,522,1000,1000,1,984.6919
37210.0000,3721,2389.2247,0.0000,525,1000,1000,1,984.6960
37220.0000,3722,2389.2609,0.0000,525,1000,1000,1,984.7002
37230.0000,3723,2389.2962,0.0000,515,1000,1000,1,984.7043
37240.0000,3724,2389.3300,0.0000,513,1000,1000,1,984.7084
37250.0000,3725,2389.3646,0.0000,524,1000,1000,1,984.7125
37260.0000,3726,2389.3994,0.0000,518,1000,1000,1,984.7166
37270.0000,3727,2389.4342,0.0000,519,1000,1000,1,984.7207
37280.0000,3728,2389.4698,0.0000,520,1000,1000,1,984.7248
37290.0000,3729,2389.5037,0.0000,512,1000,1000,1,984.7289
37300.0000,3730,2389.5363,0.0000,510,1000,1000,1,984.7330
37310.0000,3731,2389.5686,0.0000,509,1000,1000,1,984.7371
37320.0000,3732,2389.6002,0.0000,508,1000,1000,1,984.7412
37330.0000,3733,2389.6312,0.0000,505,1000,1000,1,984.7452
37340.0000,3734,2389.6599,0.0000,490,1000,1000,1,984.7493
37350.0000,3735,2389.6864,0.0000,488,1000,1000,1,984.7534
37360.0000,3736,2389.7126,0.0000,488,1000,1000,1,984.7575
37370.0000,3737,2389.7387,0.0000,488,1000,1000,1,984.7616
37380.0000,3738,2389.7640,0.0000,481,1000,1000,1,984.7656
37390.0000,3739,2389.7895,0.0000,487,1000,1000,1,984.7697
37400.0000,3740,2389.8154,0.0000,489,1000,1000,1,984.7738
37410.0000,3741,2389.8417,0.0000,487,1000,1000,1,984.7779
37420.0000,3742,2389.8677,0.0000,485,1000,1000,1,984.7819
37430.0000,3743,2389.8919,0.0000,479,1000,1000,1,984.7860
37440.0000,3744,2389.9150,0.0000,473,1000,1000,1,984.7901
37450.0000,3745,2389.9375,0.0000,472,1000,1000,1,984.7941
37460.0000,3746,2389.9590,0.0000,473,1000,1000,1,984.7982
37470.0000,3747,2389.9811,0.0000,473,1000,1000,1,984.8022
37480.0000,3748,2390.0043,0.0000,479,1000,1000,1,984.8063
37490.0000,3749,2390.0289,0.0000,483,1000,1000,1,984.8103
37500.0000,3750,2390.0536,0.0000,482,1000,1000,1,984.8144
37510.0000,3751,2390.0783,0.0000,483,1000,1000,1,984.8184
37520.0000,3752,2390.1023,0.0000,476,1000,1000,1,984.8225
37530.0000,3753,2390.1254,0.0000,480,1000,1000,1,984.8265
37540.0000,3754,2390.1483,0.0000,472,1000,1000,1,984.8306
37550.0000,3755,2390.1702,0.0000,474,1000,1000,1,984.8346
37560.0000,3756,2390.1926,0.0000,472,1000,1000,1,984.8387
37570.0000,3757,2390.2134,0.0000,468,1000,1000,1,984.8427
37580.0000,3758,2390.2341,0.0000,468,1000,1000,1,984.8467
37590.0000,3759,2390.2535,0.0000,461,1000,1000,1,984.8508
37600.0000,3760,2390.2716,0.0000,457,1000,1000,1,984.8548
37610.0000,3761,2390.2899,0.0000,459,1000,1000,1,984.8588
37620.0000,3762,2390.3074,0.0000,456,1000,1000,1,984.8628
37630.0000,3763,2390.3255,0.0000,462,1000,1000,1,984.8669
37640.0000,3764,2390.3441,0.0000,463,1000,1000,1,984.8709
37650.0000,3765,2390.3637,0.0000,468,1000,1000,1,984.8749
37660.0000,3766,2390.3847,0.0000,471,1000,1000,1,984.8789
37670.0000,3767,2390.4059,0.0000,472,1000,1000,1,984.8829
37680.0000,3768,2390.4282,0.0000,472,1000,1000,1,984.8869
37690.0000,3769,2390.4498,0.0000,475,1000,1000,1,984.8910
37700.0000,3770,2390.4717,0.0000,474,1000,1000,1,984.8950
37710.0000,3771,2390.4940,0.0000,477,1000,1000,1,984.8990
37720.0000,3772,2390.5160,0.0000,472,1000,1000,1,984.9030
37730.0000,3773,2390.5384,0.0000,477,1000,1000,1,984.9070
37740.0000,3774,2390.5609,0.0000,477,1000,1000,1,984.9110
37750.0000,3775,2390.5838,0.0000,476,1000,1000,1,984.9150
37760.0000,3776,2390.6064,0.0000,475,1000,1000,1,984.9190
37770.0000,3777,2390.6295,0.0000,480,1000,1000,1,984.9230
37780.0000,3778,2390.6523,0.0000,475,1000,1000,1,984.9269
37790.0000,3779,2390.6746,0.0000,473,1000,1000,1,984.9309
37800.0000,3780,2390.6955,0.0000,465,1000,1000,1,984.9349
37810.0000,3781,2390.7151,0.0000,463,1000,1000,1,984.9389
37820.0000,3782,2390.7354,0.0000,469,1000,1000,1,984.9429
37830.0000,3783,2390.7554,0.0000,463,1000,1000,1,984.9469
37840.0000,3784,2390.7751,0.0000,467,1000,1000,1,984.9508
37850.0000,3785,2390.7932,0.0000,456,1000,1000,1,984.9548
37860.0000,3786,2390.8105,0.0000,455,1000,1000,1,984.9588
37870.0000,3787,2390.8281,0.0000,457,1000,1000,1,984.9628
37880.0000,3788,2390.8446,0.0000,453,1000,1000,1,984.9667
37890.0000,3789,2390.8587,0.0000,443,1000,1000,1,984.9707
37900.0000,3790,2390.8722,0.0000,442,1000,1000,1,984.9747
37910.0000,3791,2390.8857,0.0000,442,1000,1000,1,984.9786
37920.0000,3792,2390.8994,0.0000,442,1000,1000,1,984.9826
37930.0000,3793,2390.9134,0.0000,444,1000,1000,1,984.9866
37940.0000,3794,2390.9273,0.0000,443,1000,1000,1,984.9905
37950.0000,3795,2390.9415,0.0000,447,1000,1000,1,984.9945
37960.0000,3796,2390.9562,0.0000,450,1000,1000,1,984.9984
37970.0000,3797,2390.9720,0.0000,448,1000,1000,1,985.0024
37980.0000,3798,2390.9862,0.0000,439,1000,1000,1,985.0063
37990.0000,3799,2390.9979,0.0000,434,1000,1000,1,985.0103
38000.0000,3800,2391.0091,0.0000,433,1000,1000,1,985.0142
38010.0000,3801,2391.0194,0.0000,430,1000,1000,1,985.0182
38020.0000,3802,2391.0299,0.0000,435,1000,1000,1,985.0221
38030.0000,3803,2391.0419,0.0000,436,1000,1000,1,985.0260
38040.0000,3804,2391.0541,0.0000,441,1000,1000,1,985.0300
38050.0000,3805,2391.0669,0.0000,437,1000,1000,1,985.0339
38060.0000,3806,2391.0782,0.0000,430,1000,1000,1,985.0378
38070.0000,3807,2391.0882,0.0000,425,1000,1000,1,985.0418
38080.0000,3808,2391.0975,0.0000,427,1000,1000,1,985.0457
38090.0000,3809,2391.1073,0.0000,426,1000,1000,1,985.0496
38100.0000,3810,2391.1172,0.0000,427,1000,1000,1,985.0535
38110.0000,3811,2391.1258,0.0000,424,1000,1000,1,985.0575
38120.0000,3812,2391.1340,0.0000,424,1000,1000,1,985.0614
38130.0000,3813,2391.1424,0.0000,423,1000,1000,1,985.0653
38140.0000,3814,2391.1514,0.0000,425,1000,1000,1,985.0692
38150.0000,3815,2391.1608,0.0000,432,1000,1000,1,985.0731
38160.0000,3816,2391.1714,0.0000,431,1000,1000,1,985.0770
38170.0000,3817,2391.1810,0.0000,426,1000,1000,1,985.0810
38180.0000,3818,2391.1900,0.0000,427,1000,1000,1,985.0849
38190.0000,3819,2391.1984,0.0000,418,1000,1000,1,985.0888
38200.0000,3820,2391.2050,0.0000,417,1000,1000,1,985.0927
38210.0000,3821,2391.2120,0.0000,416,1000,1000,1,985.0966
38220.0000,3822,2391.2177,0.0000,411,1000,1000,1,985.1005
38230.0000,3823,2391.2230,0.0000,410,1000,1000,1,985.1044
38240.0000,3824,2391.2277,0.0000,409,1000,1000,1,985.1083
38250.0000,3825,2391.2326,0.0000,414,1000,1000,1,985.1122
38260.0000,3826,2391.2382,0.0000,410,1000,1000,1,985.1160
38270.0000,3827,2391.2429,0.0000,412,1000,1000,1,985.1199
38280.0000,3828,2391.2488,0.0000,416,1000,1000,1,985.1238
38290.0000,3829,2391.2546,0.0000,412,1000,1000,1,985.1277
38300.0000,3830,2391.2601,0.0000,411,1000,1000,1,985.1316
38310.0000,3831,2391.2661,0.0000,415,1000,1000,1,985.1355
38320.0000,3832,2391.2720,0.0000,415,1000,1000,1,985.1394
38330.0000,3833,2391.2776,0.0000,409,1000,1000,1,985.1432
38340.0000,3834,2391.2820,0.0000,408,1000,1000,1,985.1471
38350.0000,3835,2391.2862,0.0000,411,1000,1000,1,985.1510
38360.0000,3836,2391.2922,0.0000,416,1000,1000,1,985.1548
38370.0000,3837,2391.2984,0.0000,414,1000,1000,1,985.1587
38380.0000,3838,2391.3040,0.0000,416,1000,1000,1,985.1626
38390.0000,3839,2391.3098,0.0000,410,1000,1000,1,985.1664
38400.0000,3840,2391.3161,0.0000,418,1000,1000,1,985.1703
38410.0000,3841,2391.3230,0.0000,420,1000,1000,1,985.1742
38420.0000,3842,2391.3288,0.0000,407,1000,1000,1,985.1780
38430.0000,3843,2391.3326,0.0000,406,1000,1000,1,985.1819
38440.0000,3844,2391.3360,0.0000,406,1000,1000,1,985.1857
38450.0000,3845,2391.3397,0.0000,406,1000,1000,1,985.1896
38460.0000,3846,2391.3424,0.0000,404,1000,1000,1,985.1934
38470.0000,3847,2391.3466,0.0000,409,1000,1000,1,985.1973
38480.0000,3848,2391.3522,0.0000,412,1000,1000,1,985.2011
38490.0000,3849,2391.3571,0.0000,411,1000,1000,1,985.2050
38500.0000,3850,2391.3634,0.0000,417,1000,1000,1,985.2088
38510.0000,3851,2391.3699,0.0000,422,1000,1000,1,985.2127
38520.0000,3852,2391.3788,0.0000,426,1000,1000,1,985.2165
38530.0000,3853,2391.3865,0.0000,420,1000,1000,1,985.2203
38540.0000,3854,2391.3941,0.0000,421,1000,1000,1,985.2242
38550.0000,3855,2391.4021,0.0000,423,1000,1000,1,985.2280
38560.0000,3856,2391.4105,0.0000,425,1000,1000,1,985.2318
38570.0000,3857,2391.4195,0.0000,425,1000,1000,1,985.2357
38580.0000,3858,2391.4278,0.0000,423,1000,1000,1,985.2395
38590.0000,3859,2391.4360,0.0000,423,1000,1000,1,985.2433
38600.0000,3860,2391.4431,0.0000,415,1000,1000,1,985.2471
38610.0000,3861,2391.4503,0.0000,421,1000,1000,1,985.2510
38620.0000,3862,2391.4583,0.0000,419,1000,1000,1,985.2548
38630.0000,3863,2391.4656,0.0000,421,1000,1000,1,985.2586
38640.0000,3864,2391.4728,0.0000,417,1000,1000,1,985.2624
38650.0000,3865,2391.4787,0.0000,414,1000,1000,1,985.2662
38660.0000,3866,2391.4845,0.0000,415,1000,1000,1,985.2700
38670.0000,3867,2391.4911,0.0000,417,1000,1000,1,985.2739
38680.0000,3868,2391.4981,0.0000,417,1000,1000,1,985.2777
38690.0000,3869,2391.5048,0.0000,415,1000,1000,1,985.2815
38700.0000,3870,2391.5106,0.0000,415,1000,1000,1,985.2853
38710.0000,3871,2391.5161,0.0000,411,1000,1000,1,985.2891
38720.0000,3872,2391.5209,0.0000,407,1000,1000,1,985.2929
38730.0000,3873,2391.5236,0.0000,398,1000,1000,1,985.2967
38740.0000,3874,2391.5250,0.0000,395,1000,1000,1,985.3005
38750.0000,3875,2391.5266,0.0000,403,1000,1000,1,985.3043
38760.0000,3876,2391.5294,0.0000,402,1000,1000,1,985.3080
38770.0000,3877,2391.5328,0.0000,398,1000,1000,1,985.3118
38780.0000,3878,2391.5350,0.0000,400,1000,1000,1,985.3156
38790.0000,3879,2391.5375,0.0000,401,1000,1000,1,985.3194
38800.0000,3880,2391.5408,0.0000,400,1000,1000,1,985.3232
38810.0000,3881,2391.5431,0.0000,402,1000,1000,1,985.3270
38820.0000,3882,2391.5460,0.0000,401,1000,1000,1,985.3308
38830.0000,3883,2391.5479,0.0000,402,1000,1000,1,985.3345
38840.0000,3884,2391.5500,0.0000,400,1000,1000,1,985.3383
38850.0000,3885,2391.5504,0.0000,386,1000,1000,1,985.3421
38860.0000,3886,2391.5495,0.0000,385,1000,1000,1,985.3459
38870.0000,3887,2391.5473,0.0000,380,1000,1000,1,985.3496
38880.0000,3888,2391.5438,0.0000,374,1000,1000,1,985.3534
38890.0000,3889,2391.5390,0.0000,372,1000,1000,1,985.3572
38900.0000,3890,2391.5348,0.0000,379,1000,1000,1,985.3609
38910.0000,3891,2391.5317,0.0000,380,1000,1000,1,985.3647
38920.0000,3892,2391.5290,0.0000,379,1000,1000,1,985.3684
38930.0000,3893,2391.5258,0.0000,380,1000,1000,1,985.3722
38940.0000,3894,2391.5225,0.0000,379,1000,1000,1,985.3760
38950.0000,3895,2391.5184,0.0000,377,1000,1000,1,985.3797
38960.0000,3896,2391.5144,0.0000,375,1000,1000,1,985.3835
38970.0000,3897,2391.5096,0.0000,374,1000,1000,1,985.3872
38980.0000,3898,2391.5055,0.0000,375,1000,1000,1,985.3910
38990.0000,3899,2391.5016,0.0000,377,1000,1000,1,985.3947
39000.0000,3900,2391.4982,0.0000,376,1000,1000,1,985.3985
39010.0000,3901,2391.4947,0.0000,375,1000,1000,1,985.4022
39020.0000,3902,2391.4891,0.0000,369,1000,1000,1,985.4059
39030.0000,3903,2391.4835,0.0000,370,1000,1000,1,985.4097
39040.0000,3904,2391.4767,0.0000,362,1000,1000,1,985.4134
39050.0000,3905,2391.4692,0.0000,365,1000,1000,1,985.4172
39060.0000,3906,2391.4624,0.0000,364,1000,1000,1,985.4209
39070.0000,3907,2391.4556,0.0000,363,1000,1000,1,985.4246
39080.0000,3908,2391.4487,0.0000,363,1000,1000,1,985.4284
39090.0000,3909,2391.4417,0.0000,365,1000,1000,1,985.4321
39100.0000,3910,2391.4344,0.0000,363,1000,1000,1,985.4358
39110.0000,3911,2391.4262,0.0000,354,1000,1000,1,985.4395
39120.0000,3912,2391.4174,0.0000,355,1000,1000,1,985.4433
39130.0000,3913,2391.4078,0.0000,353,1000,1000,1,985.4470
39140.0000,3914,2391.3980,0.0000,355,1000,1000,1,985.4507
39150.0000,3915,2391.3881,0.0000,348,1000,1000,1,985.4544
39160.0000,3916,2391.3780,0.0000,356,1000,1000,1,985.4581
39170.0000,3917,2391.3688,0.0000,355,1000,1000,1,985.4618
39180.0000,3918,2391.3596,0.0000,354,1000,1000,1,985.4655
39190.0000,3919,2391.3505,0.0000,359,1000,1000,1,985.4693
39200.0000,3920,2391.3416,0.0000,353,1000,1000,1,985.4730
39210.0000,3921,2391.3313,0.0000,349,1000,1000,1,985.4767
39220.0000,3922,2391.3216,0.0000,359,1000,1000,1,985.4804
39230.0000,3923,2391.3130,0.0000,357,1000,1000,1,985.4841
39240.0000,3924,2391.3033,0.0000,354,1000,1000,1,985.4878
39250.0000,3925,2391.2935,0.0000,350,1000,1000,1,985.4915
39260.0000,3926,2391.2841,0.0000,356,1000,1000,1,985.4952
39270.0000,3927,2391.2749,0.0000,353,1000,1000,1,985.4989
39280.0000,3928,2391.2651,0.0000,354,1000,1000,1,985.5025
39290.0000,3929,2391.2555,0.0000,356,1000,1000,1,985.5062
39300.0000,3930,2391.2465,0.0000,355,1000,1000,1,985.5099
39310.0000,3931,2391.2369,0.0000,354,1000,1000,1,985.5136
39320.0000,3932,2391.2281,0.0000,353,1000,1000,1,985.5173
39330.0000,3933,2391.2176,0.0000,349,1000,1000,1,985.5210
39340.0000,3934,2391.2087,0.0000,361,1000,1000,1,985.5247
39350.0000,3935,2391.1991,0.0000,351,1000,1000,1,985.5283
39360.0000,3936,2391.1882,0.0000,349,1000,1000,1,985.5320
39370.0000,3937,2391.1780,0.0000,350,1000,1000,1,985.5357
39380.0000,3938,2391.1667,0.0000,346,1000,1000,1,985.5394
39390.0000,3939,2391.1556,0.0000,347,1000,1000,1,985.5430
39400.0000,3940,2391.1448,0.0000,350,1000,1000,1,985.5467
39410.0000,3941,2391.1332,0.0000,347,1000,1000,1,985.5504
39420.0000,3942,2391.1211,0.0000,337,1000,1000,1,985.5540
39430.0000,3943,2391.1073,0.0000,336,1000,1000,1,985.5577
39440.0000,3944,2391.0922,0.0000,329,1000,1000,1,985.5614
39450.0000,3945,2391.0765,0.0000,329,1000,1000,1,985.5650
39460.0000,3946,2391.0599,0.0000,323,1000,1000,1,985.5687
39470.0000,3947,2391.0426,0.0000,321,1000,1000,1,985.5723
39480.0000,3948,2391.0243,0.0000,316,1000,1000,1,985.5760
39490.0000,3949,2391.0056,0.0000,317,1000,1000,1,985.5796
39500.0000,3950,2390.9858,0.0000,307,1000,1000,1,985.5833
39510.0000,3951,2390.9641,0.0000,307,1000,1000,1,985.5869
39520.0000,3952,2390.9419,0.0000,299,1000,1000,1,985.5906
39530.0000,3953,2390.9189,0.0000,300,1000,1000,1,985.5942
39540.0000,3954,2390.8959,0.0000,298,1000,1000,1,985.5979
39550.0000,3955,2390.8719,0.0000,294,1000,1000,1,985.6015
39560.0000,3956,2390.8480,0.0000,297,1000,1000,1,985.6052
39570.0000,3957,2390.8245,0.0000,299,1000,1000,1,985.6088
39580.0000,3958,2390.8013,0.0000,302,1000,1000,1,985.6124
39590.0000,3959,2390.7787,0.0000,301,1000,1000,1,985.6161
39600.0000,3960,2390.7559,0.0000,299,1000,1000,1,985.6197
39610.0000,3961,2390.7330,0.0000,302,1000,1000,1,985.6233
39620.0000,3962,2390.7110,0.0000,299,1000,1000,1,985.6270
39630.0000,3963,2390.6871,0.0000,297,1000,1000,1,985.6306
39640.0000,3964,2390.6621,0.0000,289,1000,1000,1,985.6342
39650.0000,3965,2390.6356,0.0000,283,1000,1000,1,985.6378
39660.0000,3966,2390.6089,0.0000,283,1000,1000,1,985.6415
39670.0000,3967,2390.5832,0.0000,294,1000,1000,1,985.6451
39680.0000,3968,2390.5591,0.0000,296,1000,1000,1,985.6487
39690.0000,3969,2390.5350,0.0000,294,1000,1000,1,985.6523
39700.0000,3970,2390.5114,0.0000,300,1000,1000,1,985.6559
39710.0000,3971,2390.4890,0.0000,303,1000,1000,1,985.6595
39720.0000,3972,2390.4664,0.0000,299,1000,1000,1,985.6631
39730.0000,3973,2390.4436,0.0000,302,1000,1000,1,985.6667
39740.0000,3974,2390.4210,0.0000,298,1000,1000,1,985.6704
39750.0000,3975,2390.3973,0.0000,295,1000,1000,1,985.6740
39760.0000,3976,2390.3734,0.0000,295,1000,1000,1,985.6776
39770.0000,3977,2390.3493,0.0000,293,1000,1000,1,985.6812
39780.0000,3978,2390.3250,0.0000,292,1000,1000,1,985.6848
39790.0000,3979,2390.3006,0.0000,294,1000,1000,1,985.6884
39800.0000,3980,2390.2770,0.0000,302,1000,1000,1,985.6920
39810.0000,3981,2390.2547,0.0000,300,1000,1000,1,985.6956
39820.0000,3982,2390.2321,0.0000,300,1000,1000,1,985.6991
39830.0000,3983,2390.2091,0.0000,296,1000,1000,1,985.7027
39840.0000,3984,2390.1859,0.0000,301,1000,1000,1,985.7063
39850.0000,3985,2390.1638,0.0000,302,1000,1000,1,985.7099
39860.0000,3986,2390.1420,0.0000,302,1000,1000,1,985.7135
39870.0000,3987,2390.1197,0.0000,303,1000,1000,1,985.7171
39880.0000,3988,2390.0972,0.0000,300,1000,1000,1,985.7207
39890.0000,3989,2390.0746,0.0000,298,1000,1000,1,985.7242
39900.0000,3990,2390.0519,0.0000,296,1000,1000,1,985.7278
39910.0000,3991,2390.0276,0.0000,297,1000,1000,1,985.7314
39920.0000,3992,2390.0036,0.0000,293,1000,1000,1,985.7350
39930.0000,3993,2389.9791,0.0000,289,1000,1000,1,985.7385
39940.0000,3994,2389.9532,0.0000,289,1000,1000,1,985.7421
39950.0000,3995,2389.9286,0.0000,292,1000,1000,1,985.7457
39960.0000,3996,2389.9041,0.0000,288,1000,1000,1,985.7492
39970.0000,3997,2389.8777,0.0000,281,1000,1000,1,985.7528
39980.0000,3998,2389.8500,0.0000,280,1000,1000,1,985.7564
39990.0000,3999,2389.8227,0.0000,282,1000,1000,1,985.7599
40000.0000,4000,2389.7961,0.0000,288,1000,1000,1,985.7635
40010.0000,4001,2389.7702,0.0000,285,1000,1000,1,985.7671
40020.0000,4002,2389.7441,0.0000,286,1000,1000,1,985.7706
40030.0000,4003,2389.7169,0.0000,278,1000,1000,1,985.7742
40040.0000,4004,2389.6885,0.0000,277,1000,1000,1,985.7777
40050.0000,4005,2389.6603,0.0000,280,1000,1000,1,985.7813
40060.0000,4006,2389.6329,0.0000,281,1000,1000,1,985.7848
40070.0000,4007,2389.6059,0.0000,283,1000,1000,1,985.7884
40080.0000,4008,2389.5791,0.0000,282,1000,1000,1,985.7919
40090.0000,4009,2389.5522,0.0000,283,1000,1000,1,985.7955
40100.0000,4010,2389.5237,0.0000,274,1000,1000,1,985.7990
40110.0000,4011,2389.4959,0.0000,279,1000,1000,1,985.8025
40120.0000,4012,2389.4685,0.0000,279,1000,1000,1,985.8061
40130.0000,4013,2389.4408,0.0000,275,1000,1000,1,985.8096
40140.0000,4014,2389.4124,0.0000,278,1000,1000,1,985.8132
40150.0000,4015,2389.3847,0.0000,280,1000,1000,1,985.8167
40160.0000,4016,2389.3571,0.0000,276,1000,1000,1,985.8202
40170.0000,4017,2389.3286,0.0000,274,1000,1000,1,985.8237
40180.0000,4018,2389.3007,0.0000,278,1000,1000,1,985.8273
40190.0000,4019,2389.2729,0.0000,279,1000,1000,1,985.8308
40200.0000,4020,2389.2466,0.0000,283,1000,1000,1,985.8343
40210.0000,4021,2389.2196,0.0000,278,1000,1000,1,985.8379
40220.0000,4022,2389.1922,0.0000,277,1000,1000,1,985.8414
40230.0000,4023,2389.1640,0.0000,273,1000,1000,1,985.8449
40240.0000,4024,2389.1339,0.0000,266,1000,1000,1,985.8484
40250.0000,4025,2389.1031,0.0000,266,1000,1000,1,985.8519
40260.0000,4026,2389.0716,0.0000,261,1000,1000,1,985.8554
40270.0000,4027,2389.0393,0.0000,259,1000,1000,1,985.8590
40280.0000,4028,2389.0064,0.0000,253,1000,1000,1,985.8625
40290.0000,4029,2388.9732,0.0000,256,1000,1000,1,985.8660
40300.0000,4030,2388.9398,0.0000,252,1000,1000,1,985.8695
40310.0000,4031,2388.9054,0.0000,248,1000,1000,1,985.8730
40320.0000,4032,2388.8696,0.0000,242,1000,1000,1,985.8765
40330.0000,4033,2388.8322,0.0000,234,1000,1000,1,985.8800
40340.0000,4034,2388.7940,0.0000,237,1000,1000,1,985.8835
40350.0000,4035,2388.7564,0.0000,239,1000,1000,1,985.8870
40360.0000,4036,2388.7197,0.0000,241,1000,1000,1,985.8905
40370.0000,4037,2388.6828,0.0000,240,1000,1000,1,985.8940
40380.0000,4038,2388.6473,0.0000,249,1000,1000,1,985.8975
40390.0000,4039,2388.6119,0.0000,245,1000,1000,1,985.9010
40400.0000,4040,2388.5772,0.0000,251,1000,1000,1,985.9045
40410.0000,4041,2388.5430,0.0000,247,1000,1000,1,985.9079
40420.0000,4042,2388.5070,0.0000,242,1000,1000,1,985.9114
40430.0000,4043,2388.4700,0.0000,241,1000,1000,1,985.9149
40440.0000,4044,2388.4327,0.0000,238,1000,1000,1,985.9184
40450.0000,4045,2388.3956,0.0000,237,1000,1000,1,985.9219
40460.0000,4046,2388.3577,0.0000,233,1000,1000,1,985.9254
40470.0000,4047,2388.3194,0.0000,231,1000,1000,1,985.9288
40480.0000,4048,2388.2798,0.0000,228,1000,1000,1,985.9323
40490.0000,4049,2388.2409,0.0000,231,1000,1000,1,985.9358
40500.0000,4050,2388.2015,0.0000,228,1000,1000,1,985.9393
40510.0000,4051,2388.1621,0.0000,227,1000,1000,1,985.9427
40520.0000,4052,2388.1225,0.0000,228,1000,1000,1,985.9462
40530.0000,4053,2388.0823,0.0000,221,1000,1000,1,985.9497
40540.0000,4054,2388.0407,0.0000,218,1000,1000,1,985.9531
40550.0000,4055,2387.9978,0.0000,211,1000,1000,1,985.9566
40560.0000,4056,2387.9544,0.0000,212,1000,1000,1,985.9601
40570.0000,4057,2387.9107,0.0000,207,1000,1000,1,985.9635
40580.0000,4058,2387.8657,0.0000,205,1000,1000,1,985.9670
40590.0000,4059,2387.8203,0.0000,202,1000,1000,1,985.9704
40600.0000,4060,2387.7747,0.0000,205,1000,1000,1,985.9739
40610.0000,4061,2387.7304,0.0000,211,1000,1000,1,985.9773
40620.0000,4062,2387.6864,0.0000,202,1000,1000,1,985.9808
40630.0000,4063,2387.6410,0.0000,207,1000,1000,1,985.9842
40640.0000,4064,2387.5965,0.0000,209,1000,1000,1,985.9877
40650.0000,4065,2387.5531,0.0000,212,1000,1000,1,985.9911
40660.0000,4066,2387.5096,0.0000,210,1000,1000,1,985.9946
40670.0000,4067,2387.4656,0.0000,211,1000,1000,1,985.9980
40680.0000,4068,2387.4223,0.0000,207,1000,1000,1,986.0015
40690.0000,4069,2387.3773,0.0000,204,1000,1000,1,986.0049
40700.0000,4070,2387.3322,0.0000,203,1000,1000,1,986.0084
40710.0000,4071,2387.2873,0.0000,205,1000,1000,1,986.0118
40720.0000,4072,2387.2425,0.0000,207,1000,1000,1,986.0152
40730.0000,4073,2387.1987,0.0000,209,1000,1000,1,986.0187
40740.0000,4074,2387.1547,0.0000,206,1000,1000,1,986.0221
40750.0000,4075,2387.1099,0.0000,203,1000,1000,1,986.0255
40760.0000,4076,2387.0644,0.0000,199,1000,1000,1,986.0289
40770.0000,4077,2387.0198,0.0000,202,1000,1000,1,986.0324
40780.0000,4078,2386.9754,0.0000,209,1000,1000,1,986.0358
40790.0000,4079,2386.9318,0.0000,210,1000,1000,1,986.0392
40800.0000,4080,2386.8880,0.0000,206,1000,1000,1,986.0426
40810.0000,4081,2386.8428,0.0000,203,1000,1000,1,986.0461
40820.0000,4082,2386.7978,0.0000,202,1000,1000,1,986.0495
40830.0000,4083,2386.7516,0.0000,195,1000,1000,1,986.0529
40840.0000,4084,2386.7052,0.0000,200,1000,1000,1,986.0563
40850.0000,4085,2386.6599,0.0000,202,1000,1000,1,986.0597
40860.0000,4086,2386.6149,0.0000,205,1000,1000,1,986.0631
40870.0000,4087,2386.5692,0.0000,196,1000,1000,1,986.0666
40880.0000,4088,2386.5216,0.0000,195,1000,1000,1,986.0700
40890.0000,4089,2386.4742,0.0000,192,1000,1000,1,986.0734
40900.0000,4090,2386.4261,0.0000,189,1000,1000,1,986.0768
40910.0000,4091,2386.3785,0.0000,190,1000,1000,1,986.0802
40920.0000,4092,2386.3299,0.0000,185,1000,1000,1,986.0836
40930.0000,4093,2386.2808,0.0000,186,1000,1000,1,986.0870
40940.0000,4094,2386.2318,0.0000,183,1000,1000,1,986.0904
40950.0000,4095,2386.1816,0.0000,179,1000,1000,1,986.0938
40960.0000,4096,2386.1304,0.0000,176,1000,1000,1,986.0972
40970.0000,4097,2386.0799,0.0000,180,1000,1000,1,986.1006
40980.0000,4098,2386.0292,0.0000,177,1000,1000,1,986.1040
40990.0000,4099,2385.9781,0.0000,176,1000,1000,1,986.1073
41000.0000,4100,2385.9267,0.0000,173,1000,1000,1,986.1107
41010.0000,4101,2385.8764,0.0000,178,1000,1000,1,986.1141
41020.0000,4102,2385.8251,0.0000,174,1000,1000,1,986.1175
41030.0000,4103,2385.7724,0.0000,170,1000,1000,1,986.1209
41040.0000,4104,2385.7191,0.0000,166,1000,1000,1,986.1243
41050.0000,4105,2385.6656,0.0000,164,1000,1000,1,986.1276
41060.0000,4106,2385.6117,0.0000,164,1000,1000,1,986.1310
41070.0000,4107,2385.5579,0.0000,165,1000,1000,1,986.1344
41080.0000,4108,2385.5048,0.0000,169,1000,1000,1,986.1378
41090.0000,4109,2385.4526,0.0000,174,1000,1000,1,986.1412
41100.0000,4110,2385.4004,0.0000,169,1000,1000,1,986.1445
41110.0000,4111,2385.3488,0.0000,178,1000,1000,1,986.1479
41120.0000,4112,2385.2982,0.0000,177,1000,1000,1,986.1513
41130.0000,4113,2385.2472,0.0000,177,1000,1000,1,986.1546
41140.0000,4114,2385.1970,0.0000,180,1000,1000,1,986.1580
41150.0000,4115,2385.1466,0.0000,175,1000,1000,1,986.1614
41160.0000,4116,2385.0941,0.0000,161,1000,1000,1,986.1647
41170.0000,4117,2385.0391,0.0000,157,1000,1000,1,986.1681
41180.0000,4118,2384.9828,0.0000,148,1000,1000,1,986.1714
41190.0000,4119,2384.9250,0.0000,142,1000,1000,1,986.1748
41200.0000,4120,2384.8660,0.0000,144,1000,1000,1,986.1782
41210.0000,4121,2384.8067,0.0000,139,1000,1000,1,986.1815
41220.0000,4122,2384.7464,0.0000,136,1000,1000,1,986.1849
41230.0000,4123,2384.6860,0.0000,133,1000,1000,1,986.1882
41240.0000,4124,2384.6246,0.0000,134,1000,1000,1,986.1916
41250.0000,4125,2384.5637,0.0000,133,1000,1000,1,986.1949
41260.0000,4126,2384.5021,0.0000,129,1000,1000,1,986.1983
41270.0000,4127,2384.4405,0.0000,128,1000,1000,1,986.2016
41280.0000,4128,2384.3791,0.0000,131,1000,1000,1,986.2049
41290.0000,4129,2384.3182,0.0000,133,1000,1000,1,986.2083
41300.0000,4130,2384.2571,0.0000,131,1000,1000,1,986.2116
41310.0000,4131,2384.1961,0.0000,133,1000,1000,1,986.2150
41320.0000,4132,2384.1343,0.0000,132,1000,1000,1,986.2183
41330.0000,4133,2384.0737,0.0000,138,1000,1000,1,986.2216
41340.0000,4134,2384.0134,0.0000,136,1000,1000,1,986.2250
41350.0000,4135,2383.9538,0.0000,138,1000,1000,1,986.2283
41360.0000,4136,2383.8934,0.0000,132,1000,1000,1,986.2316
41370.0000,4137,2383.8323,0.0000,132,1000,1000,1,986.2350
41380.0000,4138,2383.7706,0.0000,124,1000,1000,1,986.2383
41390.0000,4139,2383.7071,0.0000,120,1000,1000,1,986.2416
41400.0000,4140,2383.6431,0.0000,119,1000,1000,1,986.2449
41410.0000,4141,2383.5795,0.0000,120,1000,1000,1,986.2482
41420.0000,4142,2383.5156,0.0000,118,1000,1000,1,986.2516
41430.0000,4143,2383.4505,0.0000,112,1000,1000,1,986.2549
41440.0000,4144,2383.3846,0.0000,109,1000,1000,1,986.2582
41450.0000,4145,2383.3171,0.0000,100,1000,1000,1,986.2615
41460.0000,4146,2383.2493,0.0000,110,1000,1000,1,986.2648
41470.0000,4147,2383.1828,0.0000,102,1000,1000,1,986.2681
41480.0000,4148,2383.1146,0.0000,99,1000,1000,1,986.2715
41490.0000,4149,2383.0451,0.0000,88,1000,1000,1,986.2748
41500.0000,4150,2382.9744,0.0000,90,1000,1000,1,986.2781
41510.0000,4151,2382.9043,0.0000,95,1000,1000,1,986.2814
41520.0000,4152,2382.8344,0.0000,90,1000,1000,1,986.2847
41530.0000,4153,2382.7642,0.0000,93,1000,1000,1,986.2880
41540.0000,4154,2382.6943,0.0000,92,1000,1000,1,986.2913
41550.0000,4155,2382.6243,0.0000,87,1000,1000,1,986.2946
41560.0000,4156,2382.5525,0.0000,78,1000,1000,1,986.2979
41570.0000,4157,2382.4788,0.0000,75,1000,1000,1,986.3012
41580.0000,4158,2382.4046,0.0000,77,1000,1000,1,986.3045
41590.0000,4159,2382.3307,0.0000,74,1000,1000,1,986.3078
41600.0000,4160,2382.2568,0.0000,76,1000,1000,1,986.3111
41610.0000,4161,2382.1828,0.0000,76,1000,1000,1,986.3143
41620.0000,4162,2382.1088,0.0000,72,1000,1000,1,986.3176
41630.0000,4163,2382.0348,0.0000,72,1000,1000,1,986.3209
41640.0000,4164,2381.9590,0.0000,61,1000,1000,1,986.3242
41650.0000,4165,2381.8818,0.0000,62,1000,1000,1,986.3275
41660.0000,4166,2381.8058,0.0000,71,1000,1000,1,986.3308
41670.0000,4167,2381.7310,0.0000,67,1000,1000,1,986.3341
41680.0000,4168,2381.6556,0.0000,67,1000,1000,1,986.3373
41690.0000,4169,2381.5794,0.0000,60,1000,1000,1,986.3406
41700.0000,4170,2381.5025,0.0000,62,1000,1000,1,986.3439
41710.0000,4171,2381.4254,0.0000,59,1000,1000,1,986.3472
41720.0000,4172,2381.3484,0.0000,63,1000,1000,1,986.3504
41730.0000,4173,2381.2742,0.0000,74,1000,1000,1,986.3537
41740.0000,4174,2381.1998,0.0000,65,1000,1000,1,986.3570
41750.0000,4175,2381.1230,0.0000,60,1000,1000,1,986.3602
41760.0000,4176,2381.0448,0.0000,52,1000,1000,1,986.3635
41770.0000,4177,2380.9655,0.0000,51,1000,1000,1,986.3668
41780.0000,4178,2380.8868,0.0000,52,1000,1000,1,986.3700
41790.0000,4179,2380.8082,0.0000,53,1000,1000,1,986.3733
41800.0000,4180,2380.7284,0.0000,48,1000,1000,1,986.3766
41810.0000,4181,2380.6481,0.0000,47,1000,1000,1,986.3798
41820.0000,4182,2380.5681,0.0000,41,1000,1000,1,986.3831
41830.0000,4183,2380.4881,0.0000,52,1000,1000,1,986.3863
41840.0000,4184,2380.4095,0.0000,53,1000,1000,1,986.3896
41850.0000,4185,2380.3299,0.0000,46,1000,1000,1,986.3928
41860.0000,4186,2380.2493,0.0000,40,1000,1000,1,986.3961
41870.0000,4187,2380.1679,0.0000,41,1000,1000,1,986.3993
41880.0000,4188,2380.0867,0.0000,42,1000,1000,1,986.4026
41890.0000,4189,2380.0065,0.0000,45,1000,1000,1,986.4058
41900.0000,4190,2379.9272,0.0000,51,1000,1000,1,986.4091
41910.0000,4191,2379.8497,0.0000,58,1000,1000,1,986.4123
41920.0000,4192,2379.7731,0.0000,59,1000,1000,1,986.4156
41930.0000,4193,2379.6968,0.0000,61,1000,1000,1,986.4188
41940.0000,4194,2379.6212,0.0000,60,1000,1000,1,986.4220
41950.0000,4195,2379.5452,0.0000,63,1000,1000,1,986.4253
41960.0000,4196,2379.4697,0.0000,62,1000,1000,1,986.4285
41970.0000,4197,2379.3944,0.0000,63,1000,1000,1,986.4317
41980.0000,4198,2379.3185,0.0000,64,1000,1000,1,986.4350
41990.0000,4199,2379.2433,0.0000,65,1000,1000,1,986.4382
42000.0000,4200,2379.1679,0.0000,59,1000,1000,1,986.4414
42010.0000,4201,2379.0904,0.0000,52,1000,1000,1,986.4447
42020.0000,4202,2379.0120,0.0000,46,1000,1000,1,986.4479
42030.0000,4203,2378.9320,0.0000,38,1000,1000,1,986.4511
42040.0000,4204,2378.8512,0.0000,37,1000,1000,1,986.4543
42050.0000,4205,2378.7702,0.0000,40,1000,1000,1,986.4575
42060.0000,4206,2378.6898,0.0000,39,1000,1000,1,986.4608
42070.0000,4207,2378.6090,0.0000,35,1000,1000,1,986.4640
42080.0000,4208,2378.5271,0.0000,32,1000,1000,1,986.4672
42090.0000,4209,2378.4443,0.0000,30,1000,1000,1,986.4704
42100.0000,4210,2378.3610,0.0000,24,1000,1000,1,986.4736
42110.0000,4211,2378.2770,0.0000,22,1000,1000,1,986.4768
42120.0000,4212,2378.1924,0.0000,25,1000,1000,1,986.4801
42130.0000,4213,2378.1081,0.0000,24,1000,1000,1,986.4833
42140.0000,4214,2378.0231,0.0000,20,1000,1000,1,986.4865
42150.0000,4215,2377.9391,0.0000,25,1000,1000,1,986.4897
42160.0000,4216,2377.8551,0.0000,22,1000,1000,1,986.4929
42170.0000,4217,2377.7712,0.0000,26,1000,1000,1,986.4961
42180.0000,4218,2377.6877,0.0000,22,1000,1000,1,986.4993
42190.0000,4219,2377.6032,0.0000,20,1000,1000,1,986.5025
42200.0000,4220,2377.5183,0.0000,17,1000,1000,1,986.5057
42210.0000,4221,2377.4322,0.0000,11,1000,1000,1,986.5089
42220.0000,4222,2377.3450,0.0000,8,1000,1000,1,986.5121
42230.0000,4223,2377.2567,0.0000,4,1000,1000,1,986.5153
42240.0000,4224,2377.1677,0.0000,1,1000,1000,1,986.5185
42250.0000,4225,2377.0796,0.0000,14,1000,1000,1,986.5217
42260.0000,4226,2376.9939,0.0000,22,996,1000,1,986.5248
42270.0000,4227,2376.9086,0.0000,26,990,1000,1,986.5280
42280.0000,4228,2376.8233,0.0000,32,980,1000,1,986.5312
42290.0000,4229,2376.7395,0.0000,47,985,1000,1,986.5344
42300.0000,4230,2376.6597,0.0000,58,984,1000,1,986.5376
42310.0000,4231,2376.5819,0.0000,72,981,1000,1,986.5408
42320.0000,4232,2376.5074,0.0000,82,987,1000,1,986.5440
42330.0000,4233,2376.4369,0.0000,92,995,1000,1,986.5471
42340.0000,4234,2376.3695,0.0000,101,992,1000,1,986.5503
42350.0000,4235,2376.3034,0.0000,109,991,1000,1,986.5535
42360.0000,4236,2376.2384,0.0000,115,989,1000,1,986.5567
42370.0000,4237,2376.1739,0.0000,122,979,1000,1,986.5598
42380.0000,4238,2376.1105,0.0000,131,987,1000,1,986.5630
42390.0000,4239,2376.0498,0.0000,139,981,1000,1,986.5662
42400.0000,4240,2375.9888,0.0000,147,972,1000,1,986.5693
42410.0000,4241,2375.9303,0.0000,155,972,1000,1,986.5725
42420.0000,4242,2375.8738,0.0000,164,974,1000,1,986.5757
42430.0000,4243,2375.8175,0.0000,170,967,1000,1,986.5788
42440.0000,4244,2375.7631,0.0000,183,967,1000,1,986.5820
42450.0000,4245,2375.7109,0.0000,190,965,1000,1,986.5852
42460.0000,4246,2375.6607,0.0000,200,964,1000,1,986.5883
42470.0000,4247,2375.6125,0.0000,208,964,1000,1,986.5915
42480.0000,4248,2375.5655,0.0000,223,963,1000,1,986.5946
42490.0000,4249,2375.5224,0.0000,233,963,1000,1,986.5978
42500.0000,4250,2375.4807,0.0000,241,962,1000,1,986.6009
42510.0000,4251,2375.4409,0.0000,250,959,1000,1,986.6041
42520.0000,4252,2375.4018,0.0000,253,961,1000,1,986.6072
42530.0000,4253,2375.3645,0.0000,260,961,1000,1,986.6104
42540.0000,4254,2375.3299,0.0000,267,964,1000,1,986.6135
42550.0000,4255,2375.2981,0.0000,277,972,1000,1,986.6167
42560.0000,4256,2375.2689,0.0000,284,968,1000,1,986.6198
42570.0000,4257,2375.2406,0.0000,289,970,1000,1,986.6230
42580.0000,4258,2375.2142,0.0000,296,972,1000,1,986.6261
42590.0000,4259,2375.1893,0.0000,303,966,1000,1,986.6293
42600.0000,4260,2375.1650,0.0000,308,967,1000,1,986.6324
42610.0000,4261,2375.1419,0.0000,317,963,1000,1,986.6355
42620.0000,4262,2375.1203,0.0000,326,961,1000,1,986.6387
42630.0000,4263,2375.1002,0.0000,332,959,1000,1,986.6418
42640.0000,4264,2375.0820,0.0000,347,955,1000,1,986.6449
42650.0000,4265,2375.0674,0.0000,360,958,1000,1,986.6481
42660.0000,4266,2375.0543,0.0000,369,955,1000,1,986.6512
42670.0000,4267,2375.0444,0.0000,379,956,1000,1,986.6543
42680.0000,4268,2375.0360,0.0000,387,951,1000,1,986.6575
42690.0000,4269,2375.0284,0.0000,394,950,1000,1,986.6606
42700.0000,4270,2375.0235,0.0000,402,959,1000,1,986.6637
42710.0000,4271,2375.0221,0.0000,411,961,1000,1,986.6668
42720.0000,4272,2375.0226,0.0000,419,958,1000,1,986.6699
42730.0000,4273,2375.0234,0.0000,426,955,1000,1,986.6731
42740.0000,4274,2375.0255,0.0000,438,951,1000,1,986.6762
42750.0000,4275,2375.0292,0.0000,444,949,1000,1,986.6793
42760.0000,4276,2375.0348,0.0000,451,953,1000,1,986.6824
42770.0000,4277,2375.0413,0.0000,456,948,1000,1,986.6855
42780.0000,4278,2375.0496,0.0000,469,945,1000,1,986.6886
42790.0000,4279,2375.0591,0.0000,476,945,1000,1,986.6917
42800.0000,4280,2375.0716,0.0000,487,947,1000,1,986.6949
42810.0000,4281,2375.0866,0.0000,496,948,1000,1,986.6980
42820.0000,4282,2375.1031,0.0000,507,941,1000,1,986.7011
42830.0000,4283,2375.1218,0.0000,519,945,1000,1,986.7042
42840.0000,4284,2375.1428,0.0000,527,939,1000,1,986.7073
42850.0000,4285,2375.1645,0.0000,536,936,1000,1,986.7104
42860.0000,4286,2375.1878,0.0000,548,929,1000,1,986.7135
42870.0000,4287,2375.2108,0.0000,553,918,1000,1,986.7166
42880.0000,4288,2375.2335,0.0000,562,913,1000,1,986.7197
42890.0000,4289,2375.2567,0.0000,567,909,1000,1,986.7228
42900.0000,4290,2375.2809,0.0000,576,910,1000,1,986.7259
42910.0000,4291,2375.3077,0.0000,587,908,1000,1,986.7290
42920.0000,4292,2375.3361,0.0000,595,902,1000,1,986.7321
42930.0000,4293,2375.3659,0.0000,602,906,1000,1,986.7351
42940.0000,4294,2375.3989,0.0000,608,919,1000,1,986.7382
42950.0000,4295,2375.4349,0.0000,618,912,1000,1,986.7413
42960.0000,4296,2375.4730,0.0000,632,915,1000,1,986.7444
42970.0000,4297,2375.5138,0.0000,645,906,1000,1,986.7475
42980.0000,4298,2375.5564,0.0000,656,910,1000,1,986.7506
42990.0000,4299,2375.6016,0.0000,661,908,1000,1,986.7537
43000.0000,4300,2375.6480,0.0000,674,910,1000,1,986.7567
43010.0000,4301,2375.6966,0.0000,676,911,1000,1,986.7598
43020.0000,4302,2375.7460,0.0000,690,901,1000,1,986.7629
43030.0000,4303,2375.7972,0.0000,700,903,1000,1,986.7660
43040.0000,4304,2375.8505,0.0000,709,897,1000,1,986.7691
43050.0000,4305,2375.9041,0.0000,717,890,1000,1,986.7721
43060.0000,4306,2375.9575,0.0000,733,875,1000,1,986.7752
43070.0000,4307,2376.0135,0.0000,745,880,1000,1,986.7783
43080.0000,4308,2376.0723,0.0000,759,875,1000,1,986.7813
43090.0000,4309,2376.1324,0.0000,765,875,1000,1,986.7844
43100.0000,4310,2376.1940,0.0000,778,872,1000,1,986.7875
43110.0000,4311,2376.2591,0.0000,789,875,1000,1,986.7905
43120.0000,4312,2376.3278,0.0000,796,887,1000,1,986.7936
43130.0000,4313,2376.4008,0.0000,811,887,1000,1,986.7967
43140.0000,4314,2376.4765,0.0000,823,887,1000,1,986.7997
43150.0000,4315,2376.5556,0.0000,835,888,1000,1,986.8028
43160.0000,4316,2376.6371,0.0000,844,893,1000,1,986.8058
43170.0000,4317,2376.7219,0.0000,852,896,1000,1,986.8089
43180.0000,4318,2376.8083,0.0000,861,892,1000,1,986.8119
43190.0000,4319,2376.8961,0.0000,871,889,1000,1,986.8150
43200.0000,4320,2376.9859,0.0000,877,884,1000,1,986.8181
43210.0000,4321,2377.0753,0.0000,884,883,1000,1,986.8211
43220.0000,4322,2377.1674,0.0000,894,885,1000,1,986.8242
43230.0000,4323,2377.2609,0.0000,898,885,1000,1,986.8272
43240.0000,4324,2377.3559,0.0000,907,886,1000,1,986.8302
43250.0000,4325,2377.4533,0.0000,917,883,1000,1,986.8333
43260.0000,4326,2377.5512,0.0000,923,878,1000,1,986.8363
43270.0000,4327,2377.6495,0.0000,928,876,1000,1,986.8394
43280.0000,4328,2377.7488,0.0000,939,872,1000,1,986.8424
43290.0000,4329,2377.8492,0.0000,946,868,1000,1,986.8455
43300.0000,4330,2377.9513,0.0000,955,865,1000,1,986.8485
43310.0000,4331,2378.0538,0.0000,966,861,1000,1,986.8515
43320.0000,4332,2378.1584,0.0000,975,859,1000,1,986.8546
43330.0000,4333,2378.2648,0.0000,983,861,1000,1,986.8576
43340.0000,4334,2378.3725,0.0000,988,859,1000,1,986.8606
43350.0000,4335,2378.4824,0.0000,999,863,1000,1,986.8637
43360.0000,4336,2378.5941,0.0000,1000,861,1000,1,986.8667
43370.0000,4337,2378.7054,0.0000,1000,860,1000,1,986.8697
43380.0000,4338,2378.8169,0.0000,1000,860,1000,1,986.8728
43390.0000,4339,2378.9282,0.0000,1000,866,1000,1,986.8758
43400.0000,4340,2379.0402,0.0000,1000,863,1000,1,986.8788
43410.0000,4341,2379.1517,0.0000,1000,865,1000,1,986.8818
43420.0000,4342,2379.2634,0.0000,1000,863,1000,1,986.8848
43430.0000,4343,2379.3749,0.0000,1000,859,1000,1,986.8879
43440.0000,4344,2379.4843,0.0000,1000,857,1000,1,986.8909
43450.0000,4345,2379.5940,0.0000,1000,857,1000,1,986.8939
43460.0000,4346,2379.7035,0.0000,1000,856,1000,1,986.8969
43470.0000,4347,2379.8122,0.0000,1000,851,1000,1,986.8999
43480.0000,4348,2379.9210,0.0000,1000,851,1000,1,986.9029
43490.0000,4349,2380.0289,0.0000,1000,845,1000,1,986.9060
43500.0000,4350,2380.1353,0.0000,1000,844,1000,1,986.9090
43510.0000,4351,2380.2417,0.0000,1000,843,1000,1,986.9120
43520.0000,4352,2380.3487,0.0000,1000,843,1000,1,986.9150
43530.0000,4353,2380.4545,0.0000,1000,842,1000,1,986.9180
43540.0000,4354,2380.5616,0.0000,1000,849,1000,1,986.9210
43550.0000,4355,2380.6697,0.0000,1000,854,1000,1,986.9240
43560.0000,4356,2380.7790,0.0000,1000,862,1000,1,986.9270
43570.0000,4357,2380.8895,0.0000,1000,866,1000,1,986.9300
43580.0000,4358,2381.0008,0.0000,1000,865,1000,1,986.9330
43590.0000,4359,2381.1111,0.0000,1000,856,1000,1,986.9360
43600.0000,4360,2381.2191,0.0000,1000,847,1000,1,986.9390
43610.0000,4361,2381.3264,0.0000,1000,846,1000,1,986.9420
43620.0000,4362,2381.4323,0.0000,1000,842,1000,1,986.9450
43630.0000,4363,2381.5382,0.0000,1000,848,1000,1,986.9480
43640.0000,4364,2381.6452,0.0000,1000,853,1000,1,986.9510
43650.0000,4365,2381.7525,0.0000,1000,847,1000,1,986.9540
43660.0000,4366,2381.8582,0.0000,1000,841,1000,1,986.9569
43670.0000,4367,2381.9639,0.0000,1000,843,1000,1,986.9599
43680.0000,4368,2382.0696,0.0000,1000,844,1000,1,986.9629
43690.0000,4369,2382.1762,0.0000,1000,849,1000,1,986.9659
43700.0000,4370,2382.2836,0.0000,1000,854,1000,1,986.9689
43710.0000,4371,2382.3915,0.0000,1000,850,1000,1,986.9719
43720.0000,4372,2382.4992,0.0000,1000,853,1000,1,986.9748
43730.0000,4373,2382.6065,0.0000,1000,852,1000,1,986.9778
43740.0000,4374,2382.7130,0.0000,1000,848,1000,1,986.9808
43750.0000,4375,2382.8188,0.0000,1000,847,1000,1,986.9838
43760.0000,4376,2382.9247,0.0000,1000,847,1000,1,986.9867
43770.0000,4377,2383.0306,0.0000,1000,847,1000,1,986.9897
43780.0000,4378,2383.1366,0.0000,1000,848,1000,1,986.9927
43790.0000,4379,2383.2427,0.0000,1000,846,1000,1,986.9957
43800.0000,4380,2383.3483,0.0000,1000,846,1000,1,986.9986
43810.0000,4381,2383.4540,0.0000,1000,843,1000,1,987.0016
43820.0000,4382,2383.5587,0.0000,1000,839,1000,1,987.0046
43830.0000,4383,2383.6614,0.0000,1000,834,1000,1,987.0075
43840.0000,4384,2383.7632,0.0000,1000,827,1000,1,987.0105
43850.0000,4385,2383.8628,0.0000,1000,817,1000,1,987.0135
43860.0000,4386,2383.9611,0.0000,1000,816,1000,1,987.0164
43870.0000,4387,2384.0601,0.0000,1000,824,1000,1,987.0194
43880.0000,4388,2384.1595,0.0000,1000,819,1000,1,987.0223
43890.0000,4389,2384.2581,0.0000,1000,816,1000,1,987.0253
43900.0000,4390,2384.3576,0.0000,1000,824,1000,1,987.0282
43910.0000,4391,2384.4579,0.0000,1000,825,1000,1,987.0312
43920.0000,4392,2384.5582,0.0000,1000,823,1000,1,987.0342
43930.0000,4393,2384.6589,0.0000,1000,829,1000,1,987.0371
43940.0000,4394,2384.7599,0.0000,1000,832,1000,1,987.0401
43950.0000,4395,2384.8614,0.0000,1000,829,1000,1,987.0430
43960.0000,4396,2384.9613,0.0000,1000,823,1000,1,987.0460
43970.0000,4397,2385.0613,0.0000,1000,826,1000,1,987.0489
43980.0000,4398,2385.1626,0.0000,1000,832,1000,1,987.0518
43990.0000,4399,2385.2642,0.0000,1000,837,1000,1,987.0548
44000.0000,4400,2385.3670,0.0000,1000,837,1000,1,987.0577
44010.0000,4401,2385.4709,0.0000,1000,844,1000,1,987.0607
44020.0000,4402,2385.5741,0.0000,1000,837,1000,1,987.0636
44030.0000,4403,2385.6760,0.0000,1000,833,1000,1,987.0665
44040.0000,4404,2385.7766,0.0000,1000,828,1000,1,987.0695
44050.0000,4405,2385.8764,0.0000,1000,827,1000,1,987.0724
44060.0000,4406,2385.9770,0.0000,1000,834,1000,1,987.0754
44070.0000,4407,2386.0778,0.0000,1000,828,1000,1,987.0783
44080.0000,4408,2386.1777,0.0000,1000,824,1000,1,987.0812
44090.0000,4409,2386.2773,0.0000,1000,825,1000,1,987.0841
44100.0000,4410,2386.3769,0.0000,1000,827,1000,1,987.0871
44110.0000,4411,2386.4770,0.0000,1000,826,1000,1,987.0900
44120.0000,4412,2386.5771,0.0000,1000,831,1000,1,987.0929
44130.0000,4413,2386.6776,0.0000,1000,829,1000,1,987.0959
44140.0000,4414,2386.7778,0.0000,1000,826,1000,1,987.0988
44150.0000,4415,2386.8780,0.0000,1000,831,1000,1,987.1017
44160.0000,4416,2386.9791,0.0000,1000,834,1000,1,987.1046
44170.0000,4417,2387.0807,0.0000,1000,837,1000,1,987.1075
44180.0000,4418,2387.1826,0.0000,1000,841,1000,1,987.1105
44190.0000,4419,2387.2857,0.0000,1000,850,1000,1,987.1134
44200.0000,4420,2387.3898,0.0000,1000,845,1000,1,987.1163
44210.0000,4421,2387.4935,0.0000,1000,848,1000,1,987.1192
44220.0000,4422,2387.5970,0.0000,1000,842,1000,1,987.1221
44230.0000,4423,2387.6993,0.0000,1000,840,1000,1,987.1250
44240.0000,4424,2387.8017,0.0000,1000,840,1000,1,987.1279
44250.0000,4425,2387.9046,0.0000,1000,841,1000,1,987.1308
44260.0000,4426,2388.0064,0.0000,1000,839,1000,1,987.1338
44270.0000,4427,2388.1081,0.0000,1000,837,1000,1,987.1367
44280.0000,4428,2388.2092,0.0000,1000,834,1000,1,987.1396
44290.0000,4429,2388.3099,0.0000,1000,832,1000,1,987.1425
44300.0000,4430,2388.4100,0.0000,1000,831,1000,1,987.1454
44310.0000,4431,2388.5096,0.0000,1000,828,1000,1,987.1483
44320.0000,4432,2388.6091,0.0000,1000,833,1000,1,987.1512
44330.0000,4433,2388.7091,0.0000,1000,830,1000,1,987.1541
44340.0000,4434,2388.8087,0.0000,1000,831,1000,1,987.1570
44350.0000,4435,2388.9083,0.0000,1000,831,1000,1,987.1599
44360.0000,4436,2389.0081,0.0000,1000,827,1000,1,987.1628
44370.0000,4437,2389.1056,0.0000,1000,817,1000,1,987.1657
44380.0000,4438,2389.2017,0.0000,1000,812,1000,1,987.1685
44390.0000,4439,2389.2972,0.0000,1000,815,1000,1,987.1714
44400.0000,4440,2389.3933,0.0000,1000,820,1000,1,987.1743
44410.0000,4441,2389.4891,0.0000,1000,809,1000,1,987.1772
44420.0000,4442,2389.5834,0.0000,1000,808,1000,1,987.1801
44430.0000,4443,2389.6775,0.0000,1000,806,1000,1,987.1830
44440.0000,4444,2389.7716,0.0000,1000,807,1000,1,987.1859
44450.0000,4445,2389.8653,0.0000,1000,804,1000,1,987.1888
44460.0000,4446,2389.9580,0.0000,1000,800,1000,1,987.1916
44470.0000,4447,2390.0500,0.0000,1000,799,1000,1,987.1945
44480.0000,4448,2390.1408,0.0000,1000,793,1000,1,987.1974
44490.0000,4449,2390.2305,0.0000,1000,786,1000,1,987.2003
44500.0000,4450,2390.3185,0.0000,1000,778,1000,1,987.2031
44510.0000,4451,2390.4050,0.0000,1000,771,1000,1,987.2060
44520.0000,4452,2390.4898,0.0000,1000,767,1000,1,987.2089
44530.0000,4453,2390.5739,0.0000,1000,758,1000,1,987.2118
44540.0000,4454,2390.6557,0.0000,1000,751,1000,1,987.2146
44550.0000,4455,2390.7367,0.0000,1000,749,1000,1,987.2175
44560.0000,4456,2390.8170,0.0000,1000,751,1000,1,987.2204
44570.0000,4457,2390.8975,0.0000,1000,747,1000,1,987.2232
44580.0000,4458,2390.9770,0.0000,1000,744,1000,1,987.2261
44590.0000,4459,2391.0556,0.0000,1000,742,1000,1,987.2290
44600.0000,4460,2391.1347,0.0000,1000,742,1000,1,987.2318
44610.0000,4461,2391.2133,0.0000,1000,739,1000,1,987.2347
44620.0000,4462,2391.2915,0.0000,1000,740,1000,1,987.2376
44630.0000,4463,2391.3695,0.0000,1000,740,1000,1,987.2404
44640.0000,4464,2391.4479,0.0000,1000,744,1000,1,987.2433
44650.0000,4465,2391.5266,0.0000,1000,745,1000,1,987.2461
44660.0000,4466,2391.6057,0.0000,1000,744,1000,1,987.2490
44670.0000,4467,2391.6853,0.0000,1000,747,1000,1,987.2518
44680.0000,4468,2391.7652,0.0000,1000,749,1000,1,987.2547
44690.0000,4469,2391.8452,0.0000,1000,749,1000,1,987.2576
44700.0000,4470,2391.9248,0.0000,1000,744,1000,1,987.2604
44710.0000,4471,2392.0030,0.0000,1000,742,1000,1,987.2633
44720.0000,4472,2392.0813,0.0000,1000,744,1000,1,987.2661
44730.0000,4473,2392.1601,0.0000,1000,743,1000,1,987.2689
44740.0000,4474,2392.2375,0.0000,1000,739,1000,1,987.2718
44750.0000,4475,2392.3151,0.0000,1000,738,1000,1,987.2746
44760.0000,4476,2392.3929,0.0000,1000,743,1000,1,987.2775
44770.0000,4477,2392.4706,0.0000,1000,736,1000,1,987.2803
44780.0000,4478,2392.5469,0.0000,1000,730,1000,1,987.2832
44790.0000,4479,2392.6223,0.0000,1000,731,1000,1,987.2860
44800.0000,4480,2392.6968,0.0000,1000,725,1000,1,987.2888
44810.0000,4481,2392.7709,0.0000,1000,727,1000,1,987.2917
44820.0000,4482,2392.8452,0.0000,1000,725,1000,1,987.2945
44830.0000,4483,2392.9195,0.0000,1000,728,1000,1,987.2973
44840.0000,4484,2392.9931,0.0000,1000,718,1000,1,987.3002
44850.0000,4485,2393.0645,0.0000,1000,707,1000,1,987.3030
44860.0000,4486,2393.1335,0.0000,1000,698,1000,1,987.3058
44870.0000,4487,2393.2004,0.0000,1000,686,1000,1,987.3087
44880.0000,4488,2393.2661,0.0000,1000,691,1000,1,987.3115
44890.0000,4489,2393.3319,0.0000,1000,685,1000,1,987.3143
44900.0000,4490,2393.3974,0.0000,1000,691,1000,1,987.3171
44910.0000,4491,2393.4631,0.0000,1000,690,1000,1,987.3200
44920.0000,4492,2393.5283,0.0000,1000,685,1000,1,987.3228
44930.0000,4493,2393.5934,0.0000,1000,688,1000,1,987.3256
44940.0000,4494,2393.6591,0.0000,1000,691,1000,1,987.3284
44950.0000,4495,2393.7248,0.0000,1000,688,1000,1,987.3313
44960.0000,4496,2393.7901,0.0000,1000,688,1000,1,987.3341
44970.0000,4497,2393.8554,0.0000,1000,687,1000,1,987.3369
44980.0000,4498,2393.9211,0.0000,1000,689,1000,1,987.3397
44990.0000,4499,2393.9870,0.0000,1000,691,1000,1,987.3425
45000.0000,4500,2394.0530,0.0000,1000,686,1000,1,987.3453
45010.0000,4501,2394.1173,0.0000,1000,681,1000,1,987.3481
45020.0000,4502,2394.1797,0.0000,1000,674,1000,1,987.3510
45030.0000,4503,2394.2422,0.0000,1000,676,1000,1,987.3538
45040.0000,4504,2394.3050,0.0000,1000,675,1000,1,987.3566
45050.0000,4505,2394.3670,0.0000,1000,670,1000,1,987.3594
45060.0000,4506,2394.4289,0.0000,1000,675,1000,1,987.3622
45070.0000,4507,2394.4905,0.0000,1000,669,1000,1,987.3650
45080.0000,4508,2394.5517,0.0000,1000,671,1000,1,987.3678
45090.0000,4509,2394.6140,0.0000,1000,680,1000,1,987.3706
45100.0000,4510,2394.6765,0.0000,1000,674,1000,1,987.3734
45110.0000,4511,2394.7386,0.0000,1000,672,1000,1,987.3762
45120.0000,4512,2394.7996,0.0000,1000,671,1000,1,987.3790
45130.0000,4513,2394.8599,0.0000,1000,667,1000,1,987.3818
45140.0000,4514,2394.9203,0.0000,1000,664,1000,1,987.3846
45150.0000,4515,2394.9794,0.0000,1000,662,1000,1,987.3874
45160.0000,4516,2395.0389,0.0000,1000,670,1000,1,987.3902
45170.0000,4517,2395.0991,0.0000,1000,664,1000,1,987.3930
45180.0000,4518,2395.1583,0.0000,1000,660,1000,1,987.3957
45190.0000,4519,2395.2170,0.0000,1000,660,1000,1,987.3985
45200.0000,4520,2395.2758,0.0000,1000,660,1000,1,987.4013
45210.0000,4521,2395.3344,0.0000,1000,659,1000,1,987.4041
45220.0000,4522,2395.3930,0.0000,1000,661,1000,1,987.4069
45230.0000,4523,2395.4522,0.0000,1000,666,1000,1,987.4097
45240.0000,4524,2395.5119,0.0000,1000,668,1000,1,987.4125
45250.0000,4525,2395.5727,0.0000,1000,669,1000,1,987.4152
45260.0000,4526,2395.6321,0.0000,1000,658,1000,1,987.4180
45270.0000,4527,2395.6899,0.0000,1000,657,1000,1,987.4208
45280.0000,4528,2395.7468,0.0000,1000,646,1000,1,987.4236
45290.0000,4529,2395.8018,0.0000,1000,640,1000,1,987.4264
45300.0000,4530,2395.8552,0.0000,1000,637,1000,1,987.4291
45310.0000,4531,2395.9083,0.0000,1000,637,1000,1,987.4319
45320.0000,4532,2395.9607,0.0000,1000,628,1000,1,987.4347
45330.0000,4533,2396.0118,0.0000,1000,627,1000,1,987.4375
45340.0000,4534,2396.0627,0.0000,1000,623,1000,1,987.4402
45350.0000,4535,2396.1133,0.0000,1000,628,1000,1,987.4430
45360.0000,4536,2396.1653,0.0000,1000,636,1000,1,987.4458
45370.0000,4537,2396.2181,0.0000,1000,638,1000,1,987.4485
45380.0000,4538,2396.2711,0.0000,1000,636,1000,1,987.4513
45390.0000,4539,2396.3236,0.0000,1000,632,1000,1,987.4541
45400.0000,4540,2396.3755,0.0000,1000,632,1000,1,987.4568
45410.0000,4541,2396.4275,0.0000,1000,632,1000,1,987.4596
45420.0000,4542,2396.4787,0.0000,1000,628,1000,1,987.4624
45430.0000,4543,2396.5304,0.0000,1000,632,1000,1,987.4651
45440.0000,4544,2396.5826,0.0000,1000,636,1000,1,987.4679
45450.0000,4545,2396.6341,0.0000,1000,625,1000,1,987.4706
45460.0000,4546,2396.6842,0.0000,1000,626,1000,1,987.4734
45470.0000,4547,2396.7347,0.0000,1000,625,1000,1,987.4761
45480.0000,4548,2396.7857,0.0000,1000,633,1000,1,987.4789
45490.0000,4549,2396.8373,0.0000,1000,635,1000,1,987.4816
45500.0000,4550,2396.8896,0.0000,1000,631,1000,1,987.4844
45510.0000,4551,2396.9402,0.0000,1000,622,1000,1,987.4871
45520.0000,4552,2396.9898,0.0000,1000,624,1000,1,987.4899
45530.0000,4553,2397.0400,0.0000,1000,626,1000,1,987.4926
45540.0000,4554,2397.0899,0.0000,1000,623,1000,1,987.4954
45550.0000,4555,2397.1393,0.0000,1000,620,1000,1,987.4981
45560.0000,4556,2397.1884,0.0000,1000,625,1000,1,987.5009
45570.0000,4557,2397.2388,0.0000,1000,623,1000,1,987.5036
45580.0000,4558,2397.2887,0.0000,1000,627,1000,1,987.5064
45590.0000,4559,2397.3387,0.0000,1000,624,1000,1,987.5091
45600.0000,4560,2397.3879,0.0000,1000,619,1000,1,987.5118
45610.0000,4561,2397.4367,0.0000,1000,619,1000,1,987.5146
45620.0000,4562,2397.4852,0.0000,1000,616,1000,1,987.5173
45630.0000,4563,2397.5324,0.0000,1000,607,1000,1,987.5201
45640.0000,4564,2397.5784,0.0000,1000,610,1000,1,987.5228
45650.0000,4565,2397.6246,0.0000,1000,610,1000,1,987.5255
45660.0000,4566,2397.6704,0.0000,1000,607,1000,1,987.5283
45670.0000,4567,2397.7155,0.0000,1000,604,1000,1,987.5310
45680.0000,4568,2397.7608,0.0000,1000,603,1000,1,987.5337
45690.0000,4569,2397.8063,0.0000,1000,607,1000,1,987.5364
45700.0000,4570,2397.8523,0.0000,1000,609,1000,1,987.5392
45710.0000,4571,2397.8985,0.0000,1000,609,1000,1,987.5419
45720.0000,4572,2397.9449,0.0000,1000,609,1000,1,987.5446
45730.0000,4573,2397.9903,0.0000,1000,602,1000,1,987.5473
45740.0000,4574,2398.0355,0.0000,1000,608,1000,1,987.5501
45750.0000,4575,2398.0812,0.0000,1000,606,1000,1,987.5528
45760.0000,4576,2398.1270,0.0000,1000,608,1000,1,987.5555
45770.0000,4577,2398.1728,0.0000,1000,607,1000,1,987.5582
45780.0000,4578,2398.2185,0.0000,1000,608,1000,1,987.5609
45790.0000,4579,2398.2643,0.0000,1000,607,1000,1,987.5637
45800.0000,4580,2398.3116,0.0000,1000,616,1000,1,987.5664
45810.0000,4581,2398.3586,0.0000,1000,614,1000,1,987.5691
45820.0000,4582,2398.4051,0.0000,1000,611,1000,1,987.5718
45830.0000,4583,2398.4511,0.0000,1000,607,1000,1,987.5745
45840.0000,4584,2398.4963,0.0000,1000,602,1000,1,987.5772
45850.0000,4585,2398.5403,0.0000,1000,601,1000,1,987.5799
45860.0000,4586,2398.5839,0.0000,1000,598,1000,1,987.5826
45870.0000,4587,2398.6273,0.0000,1000,603,1000,1,987.5853
45880.0000,4588,2398.6721,0.0000,1000,605,1000,1,987.5881
45890.0000,4589,2398.7167,0.0000,1000,607,1000,1,987.5908
45900.0000,4590,2398.7620,0.0000,1000,610,1000,1,987.5935
45910.0000,4591,2398.8077,0.0000,1000,605,1000,1,987.5962
45920.0000,4592,2398.8524,0.0000,1000,598,1000,1,987.5989
45930.0000,4593,2398.8970,0.0000,1000,602,1000,1,987.6016
45940.0000,4594,2398.9406,0.0000,1000,598,1000,1,987.6043
45950.0000,4595,2398.9835,0.0000,1000,596,1000,1,987.6070
45960.0000,4596,2399.0260,0.0000,1000,592,1000,1,987.6097
45970.0000,4597,2399.0678,0.0000,1000,594,1000,1,987.6124
45980.0000,4598,2399.1104,0.0000,1000,599,1000,1,987.6150
45990.0000,4599,2399.1547,0.0000,1000,604,1000,1,987.6177
46000.0000,4600,2399.1994,0.0000,1000,603,1000,1,987.6204
46010.0000,4601,2399.2440,0.0000,1000,608,1000,1,987.6231
46020.0000,4602,2399.2888,0.0000,1000,602,1000,1,987.6258
46030.0000,4603,2399.3333,0.0000,1000,606,1000,1,987.6285
46040.0000,4604,2399.3773,0.0000,1000,597,1000,1,987.6312
46050.0000,4605,2399.4197,0.0000,1000,593,1000,1,987.6339
46060.0000,4606,2399.4610,0.0000,1000,590,1000,1,987.6366
46070.0000,4607,2399.5014,0.0000,1000,582,1000,1,987.6392
46080.0000,4608,2399.5406,0.0000,1000,578,1000,1,987.6419
46090.0000,4609,2399.5797,0.0000,1000,578,1000,1,987.6446
46100.0000,4610,2399.6179,0.0000,1000,575,1000,1,987.6473
46110.0000,4611,2399.6558,0.0000,1000,573,1000,1,987.6500
46120.0000,4612,2399.6932,0.0000,1000,572,1000,1,987.6526
46130.0000,4613,2399.7299,0.0000,1000,568,1000,1,987.6553
46140.0000,4614,2399.7663,0.0000,1000,565,1000,1,987.6580
46150.0000,4615,2399.8029,0.0000,1000,570,1000,1,987.6607
46160.0000,4616,2399.8387,0.0000,1000,561,1000,1,987.6633
46170.0000,4617,2399.8737,0.0000,1000,563,1000,1,987.6660
46180.0000,4618,2399.9099,0.0000,1000,566,1000,1,987.6687
46190.0000,4619,2399.9464,0.0000,1000,569,1000,1,987.6714
46200.0000,4620,2399.9828,0.0000,1000,569,1000,1,987.6740
46210.0000,4621,2400.0197,0.0000,1000,573,1000,1,987.6767
46220.0000,4622,2400.0573,0.0000,1000,572,1000,1,987.6794
46230.0000,4623,2400.0947,0.0000,1000,574,1000,1,987.6820
46240.0000,4624,2400.1326,0.0000,1000,578,1000,1,987.6847
46250.0000,4625,2400.1709,0.0000,1000,577,1000,1,987.6874
46260.0000,4626,2400.2093,0.0000,1000,580,1000,1,987.6900
46270.0000,4627,2400.2470,0.0000,1000,573,1000,1,987.6927
46280.0000,4628,2400.2841,0.0000,1000,572,1000,1,987.6953
46290.0000,4629,2400.3209,0.0000,1000,566,1000,1,987.6980
46300.0000,4630,2400.3564,0.0000,1000,563,1000,1,987.7006
46310.0000,4631,2400.3911,0.0000,1000,557,1000,1,987.7033
46320.0000,4632,2400.4245,0.0000,1000,556,1000,1,987.7060
46330.0000,4633,2400.4576,0.0000,1000,550,1000,1,987.7086
46340.0000,4634,2400.4891,0.0000,1000,544,1000,1,987.7113
46350.0000,4635,2400.5193,0.0000,1000,539,1000,1,987.7139
46360.0000,4636,2400.5492,0.0000,1000,541,1000,1,987.7166
46370.0000,4637,2400.5798,0.0000,1000,542,1000,1,987.7192
46380.0000,4638,2400.6098,0.0000,1000,541,1000,1,987.7219
46390.0000,4639,2400.6403,0.0000,1000,544,1000,1,987.7245
46400.0000,4640,2400.6715,0.0000,1000,546,1000,1,987.7272
46410.0000,4641,2400.7026,0.0000,1000,545,1000,1,987.7298
46420.0000,4642,2400.7333,0.0000,1000,541,1000,1,987.7324
46430.0000,4643,2400.7631,0.0000,1000,536,1000,1,987.7351
46440.0000,4644,2400.7929,0.0000,1000,537,1000,1,987.7377
46450.0000,4645,2400.8222,0.0000,1000,538,1000,1,987.7404
46460.0000,4646,2400.8518,0.0000,1000,539,1000,1,987.7430
46470.0000,4647,2400.8807,0.0000,1000,530,1000,1,987.7456
46480.0000,4648,2400.9087,0.0000,1000,528,1000,1,987.7483
46490.0000,4649,2400.9363,0.0000,1000,532,1000,1,987.7509
46500.0000,4650,2400.9644,0.0000,1000,531,1000,1,987.7535
46510.0000,4651,2400.9929,0.0000,1000,535,1000,1,987.7562
46520.0000,4652,2401.0221,0.0000,1000,536,1000,1,987.7588
46530.0000,4653,2401.0512,0.0000,1000,536,1000,1,987.7614
46540.0000,4654,2401.0800,0.0000,1000,533,1000,1,987.7641
46550.0000,4655,2401.1083,0.0000,1000,532,1000,1,987.7667
46560.0000,4656,2401.1363,0.0000,1000,531,1000,1,987.7693
46570.0000,4657,2401.1631,0.0000,1000,524,1000,1,987.7720
46580.0000,4658,2401.1896,0.0000,1000,524,1000,1,987.7746
46590.0000,4659,2401.2163,0.0000,1000,526,1000,1,987.7772
46600.0000,4660,2401.2422,0.0000,1000,521,1000,1,987.7798
46610.0000,4661,2401.2681,0.0000,1000,525,1000,1,987.7824
46620.0000,4662,2401.2934,0.0000,1000,514,1000,1,987.7851
46630.0000,4663,2401.3183,0.0000,1000,517,1000,1,987.7877
46640.0000,4664,2401.3427,0.0000,1000,515,1000,1,987.7903
46650.0000,4665,2401.3667,0.0000,1000,512,1000,1,987.7929
46660.0000,4666,2401.3897,0.0000,1000,507,1000,1,987.7955
46670.0000,4667,2401.4125,0.0000,1000,510,1000,1,987.7982
46680.0000,4668,2401.4352,0.0000,1000,505,1000,1,987.8008
46690.0000,4669,2401.4572,0.0000,1000,506,1000,1,987.8034
46700.0000,4670,2401.4793,0.0000,1000,502,1000,1,987.8060
46710.0000,4671,2401.5010,0.0000,1000,503,1000,1,987.8086
46720.0000,4672,2401.5236,0.0000,1000,510,1000,1,987.8112
46730.0000,4673,2401.5468,0.0000,1000,512,1000,1,987.8138
46740.0000,4674,2401.5704,0.0000,1000,511,1000,1,987.8164
46750.0000,4675,2401.5934,0.0000,1000,510,1000,1,987.8190
46760.0000,4676,2401.6160,0.0000,1000,505,1000,1,987.8216
46770.0000,4677,2401.6389,0.0000,1000,506,1000,1,987.8242
46780.0000,4678,2401.6591,0.0000,1000,491,1000,1,987.8268
46790.0000,4679,2401.6770,0.0000,1000,483,1000,1,987.8295
46800.0000,4680,2401.6942,0.0000,1000,480,1000,1,987.8321
46810.0000,4681,2401.7115,0.0000,1000,484,1000,1,987.8347
46820.0000,4682,2401.7296,0.0000,1000,486,1000,1,987.8372
46830.0000,4683,2401.7473,0.0000,1000,486,1000,1,987.8398
46840.0000,4684,2401.7651,0.0000,1000,479,1000,1,987.8424
46850.0000,4685,2401.7812,0.0000,1000,475,1000,1,987.8450
46860.0000,4686,2401.7962,0.0000,1000,472,1000,1,987.8476
46870.0000,4687,2401.8103,0.0000,1000,465,1000,1,987.8502
46880.0000,4688,2401.8234,0.0000,1000,462,1000,1,987.8528
46890.0000,4689,2401.8359,0.0000,1000,461,1000,1,987.8554
46900.0000,4690,2401.8480,0.0000,1000,459,1000,1,987.8580
46910.0000,4691,2401.8599,0.0000,1000,463,1000,1,987.8606
46920.0000,4692,2401.8727,0.0000,1000,459,1000,1,987.8632
46930.0000,4693,2401.8847,0.0000,1000,458,1000,1,987.8658
46940.0000,4694,2401.8962,0.0000,1000,455,1000,1,987.8683
46950.0000,4695,2401.9061,0.0000,1000,445,1000,1,987.8709
46960.0000,4696,2401.9142,0.0000,1000,438,1000,1,987.8735
46970.0000,4697,2401.9215,0.0000,1000,436,1000,1,987.8761
46980.0000,4698,2401.9286,0.0000,1000,437,1000,1,987.8787
46990.0000,4699,2401.9353,0.0000,1000,432,1000,1,987.8813
47000.0000,4700,2401.9417,0.0000,1000,434,1000,1,987.8838
47010.0000,4701,2401.9492,0.0000,1000,436,1000,1,987.8864
47020.0000,4702,2401.9558,0.0000,1000,430,1000,1,987.8890
47030.0000,4703,2401.9617,0.0000,1000,431,1000,1,987.8916
47040.0000,4704,2401.9682,0.0000,1000,436,1000,1,987.8941
47050.0000,4705,2401.9758,0.0000,1000,440,1000,1,987.8967
47060.0000,4706,2401.9849,0.0000,1000,447,1000,1,987.8993
47070.0000,4707,2401.9943,0.0000,1000,447,1000,1,987.9018
47080.0000,4708,2402.0035,0.0000,1000,446,1000,1,987.9044
47090.0000,4709,2402.0130,0.0000,1000,447,1000,1,987.9070
47100.0000,4710,2402.0221,0.0000,1000,445,1000,1,987.9096
47110.0000,4711,2402.0314,0.0000,1000,442,1000,1,987.9121
47120.0000,4712,2402.0389,0.0000,1000,437,1000,1,987.9147
47130.0000,4713,2402.0466,0.0000,1000,440,1000,1,987.9172
47140.0000,4714,2402.0550,0.0000,1000,440,1000,1,987.9198
47150.0000,4715,2402.0631,0.0000,1000,438,1000,1,987.9224
47160.0000,4716,2402.0697,0.0000,1000,431,1000,1,987.9249
47170.0000,4717,2402.0753,0.0000,1000,424,1000,1,987.9275
47180.0000,4718,2402.0799,0.0000,1000,426,1000,1,987.9301
47190.0000,4719,2402.0856,0.0000,1000,427,1000,1,987.9326
47200.0000,4720,2402.0913,0.0000,1000,428,1000,1,987.9352
47210.0000,4721,2402.0966,0.0000,1000,428,1000,1,987.9377
47220.0000,4722,2402.1012,0.0000,1000,423,1000,1,987.9403
47230.0000,4723,2402.1055,0.0000,1000,418,1000,1,987.9428
47240.0000,4724,2402.1089,0.0000,1000,417,1000,1,987.9454
47250.0000,4725,2402.1121,0.0000,1000,416,1000,1,987.9479
47260.0000,4726,2402.1147,0.0000,1000,414,1000,1,987.9505
47270.0000,4727,2402.1169,0.0000,1000,412,1000,1,987.9530
47280.0000,4728,2402.1189,0.0000,1000,411,1000,1,987.9556
47290.0000,4729,2402.1203,0.0000,1000,405,1000,1,987.9581
47300.0000,4730,2402.1204,0.0000,1000,400,1000,1,987.9607
47310.0000,4731,2402.1210,0.0000,1000,409,1000,1,987.9632
47320.0000,4732,2402.1222,0.0000,1000,404,1000,1,987.9658
47330.0000,4733,2402.1224,0.0000,1000,407,1000,1,987.9683
47340.0000,4734,2402.1233,0.0000,1000,405,1000,1,987.9708
47350.0000,4735,2402.1237,0.0000,1000,405,1000,1,987.9734
47360.0000,4736,2402.1238,0.0000,1000,406,1000,1,987.9759
47370.0000,4737,2402.1246,0.0000,1000,405,1000,1,987.9785
47380.0000,4738,2402.1254,0.0000,1000,405,1000,1,987.9810
47390.0000,4739,2402.1259,0.0000,1000,401,1000,1,987.9835
47400.0000,4740,2402.1268,0.0000,1000,407,1000,1,987.9861
47410.0000,4741,2402.1283,0.0000,1000,411,1000,1,987.9886
47420.0000,4742,2402.1302,0.0000,1000,413,1000,1,987.9911
47430.0000,4743,2402.1322,0.0000,1000,409,1000,1,987.9937
47440.0000,4744,2402.1342,0.0000,1000,410,1000,1,987.9962
47450.0000,4745,2402.1359,0.0000,1000,409,1000,1,987.9987
47460.0000,4746,2402.1380,0.0000,1000,411,1000,1,988.0013
47470.0000,4747,2402.1396,0.0000,1000,409,1000,1,988.0038
47480.0000,4748,2402.1400,0.0000,1000,404,1000,1,988.0063
47490.0000,4749,2402.1413,0.0000,1000,410,1000,1,988.0088
47500.0000,4750,2402.1425,0.0000,1000,409,1000,1,988.0114
47510.0000,4751,2402.1435,0.0000,1000,410,1000,1,988.0139
47520.0000,4752,2402.1449,0.0000,1000,405,1000,1,988.0164
47530.0000,4753,2402.1457,0.0000,1000,407,1000,1,988.0189
47540.0000,4754,2402.1462,0.0000,1000,400,1000,1,988.0215
47550.0000,4755,2402.1461,0.0000,1000,402,1000,1,988.0240
47560.0000,4756,2402.1455,0.0000,1000,397,1000,1,988.0265
47570.0000,4757,2402.1442,0.0000,1000,396,1000,1,988.0290
47580.0000,4758,2402.1431,0.0000,1000,398,1000,1,988.0315
47590.0000,4759,2402.1426,0.0000,1000,404,1000,1,988.0340
47600.0000,4760,2402.1426,0.0000,1000,401,1000,1,988.0366
47610.0000,4761,2402.1418,0.0000,1000,400,1000,1,988.0391
47620.0000,4762,2402.1409,0.0000,1000,395,1000,1,988.0416
47630.0000,4763,2402.1395,0.0000,1000,400,1000,1,988.0441
47640.0000,4764,2402.1386,0.0000,1000,394,1000,1,988.0466
47650.0000,4765,2402.1373,0.0000,1000,397,1000,1,988.0491
47660.0000,4766,2402.1362,0.0000,1000,399,1000,1,988.0516
47670.0000,4767,2402.1365,0.0000,1000,407,1000,1,988.0541
47680.0000,4768,2402.1367,0.0000,1000,401,1000,1,988.0566
47690.0000,4769,2402.1357,0.0000,1000,394,1000,1,988.0591
47700.0000,4770,2402.1338,0.0000,1000,392,1000,1,988.0616
47710.0000,4771,2402.1327,0.0000,1000,401,1000,1,988.0641
47720.0000,4772,2402.1329,0.0000,1000,404,1000,1,988.0666
47730.0000,4773,2402.1332,0.0000,1000,402,1000,1,988.0691
47740.0000,4774,2402.1334,0.0000,1000,405,1000,1,988.0716
47750.0000,4775,2402.1339,0.0000,1000,405,1000,1,988.0741
47760.0000,4776,2402.1354,0.0000,1000,407,1000,1,988.0766
47770.0000,4777,2402.1359,0.0000,1000,403,1000,1,988.0791
47780.0000,4778,2402.1360,0.0000,1000,400,1000,1,988.0816
47790.0000,4779,2402.1358,0.0000,1000,399,1000,1,988.0841
47800.0000,4780,2402.1349,0.0000,1000,395,1000,1,988.0866
47810.0000,4781,2402.1338,0.0000,1000,399,1000,1,988.0891
47820.0000,4782,2402.1323,0.0000,1000,394,1000,1,988.0916
47830.0000,4783,2402.1306,0.0000,1000,391,1000,1,988.0941
47840.0000,4784,2402.1287,0.0000,1000,392,1000,1,988.0966
47850.0000,4785,2402.1258,0.0000,1000,386,1000,1,988.0991
47860.0000,4786,2402.1221,0.0000,1000,385,1000,1,988.1015
47870.0000,4787,2402.1181,0.0000,1000,383,1000,1,988.1040
47880.0000,4788,2402.1145,0.0000,1000,382,1000,1,988.1065
47890.0000,4789,2402.1105,0.0000,1000,381,1000,1,988.1090
47900.0000,4790,2402.1059,0.0000,1000,379,1000,1,988.1115
47910.0000,4791,2402.1012,0.0000,1000,380,1000,1,988.1140
47920.0000,4792,2402.0967,0.0000,1000,379,1000,1,988.1164
47930.0000,4793,2402.0920,0.0000,1000,377,1000,1,988.1189
47940.0000,4794,2402.0865,0.0000,1000,377,1000,1,988.1214
47950.0000,4795,2402.0810,0.0000,1000,377,1000,1,988.1239
47960.0000,4796,2402.0760,0.0000,1000,383,1000,1,988.1264
47970.0000,4797,2402.0722,0.0000,1000,385,1000,1,988.1288
47980.0000,4798,2402.0689,0.0000,1000,384,1000,1,988.1313
47990.0000,4799,2402.0650,0.0000,1000,382,1000,1,988.1338
48000.0000,4800,2402.0607,0.0000,1000,380,1000,1,988.1362
48010.0000,4801,2402.0564,0.0000,1000,384,1000,1,988.1387
48020.0000,4802,2402.0533,0.0000,1000,391,1000,1,988.1412
48030.0000,4803,2402.0508,0.0000,1000,388,1000,1,988.1437
48040.0000,4804,2402.0483,0.0000,1000,390,1000,1,988.1461
48050.0000,4805,2402.0469,0.0000,1000,397,1000,1,988.1486
48060.0000,4806,2402.0450,0.0000,1000,390,1000,1,988.1511
48070.0000,4807,2402.0426,0.0000,1000,389,1000,1,988.1535
48080.0000,4808,2402.0394,0.0000,1000,383,1000,1,988.1560
48090.0000,4809,2402.0349,0.0000,1000,376,1000,1,988.1585
48100.0000,4810,2402.0289,0.0000,1000,372,1000,1,988.1609
48110.0000,4811,2402.0221,0.0000,1000,365,1000,1,988.1634
48120.0000,4812,2402.0139,0.0000,1000,361,1000,1,988.1658
48130.0000,4813,2402.0057,0.0000,1000,362,1000,1,988.1683
48140.0000,4814,2401.9976,0.0000,1000,364,1000,1,988.1708
48150.0000,4815,2401.9886,0.0000,1000,357,1000,1,988.1732
48160.0000,4816,2401.9798,0.0000,1000,363,1000,1,988.1757
48170.0000,4817,2401.9718,0.0000,1000,365,1000,1,988.1781
48180.0000,4818,2401.9638,0.0000,1000,365,1000,1,988.1806
48190.0000,4819,2401.9567,0.0000,1000,368,1000,1,988.1830
48200.0000,4820,2401.9489,0.0000,1000,361,1000,1,988.1855
48210.0000,4821,2401.9410,0.0000,1000,363,1000,1,988.1879
48220.0000,4822,2401.9332,0.0000,1000,366,1000,1,988.1904
48230.0000,4823,2401.9254,0.0000,1000,361,1000,1,988.1928
48240.0000,4824,2401.9173,0.0000,1000,360,1000,1,988.1953
48250.0000,4825,2401.9082,0.0000,1000,354,1000,1,988.1977
48260.0000,4826,2401.8985,0.0000,1000,357,1000,1,988.2002
48270.0000,4827,2401.8895,0.0000,1000,357,1000,1,988.2026
48280.0000,4828,2401.8804,0.0000,1000,355,1000,1,988.2051
48290.0000,4829,2401.8710,0.0000,1000,353,1000,1,988.2075
48300.0000,4830,2401.8608,0.0000,1000,352,1000,1,988.2099
48310.0000,4831,2401.8497,0.0000,1000,347,1000,1,988.2124
48320.0000,4832,2401.8379,0.0000,1000,340,1000,1,988.2148
48330.0000,4833,2401.8242,0.0000,1000,329,1000,1,988.2173
48340.0000,4834,2401.8086,0.0000,1000,326,1000,1,988.2197
48350.0000,4835,2401.7931,0.0000,1000,330,1000,1,988.2221
48360.0000,4836,2401.7782,0.0000,1000,326,1000,1,988.2246
48370.0000,4837,2401.7622,0.0000,1000,322,1000,1,988.2270
48380.0000,4838,2401.7459,0.0000,1000,328,1000,1,988.2294
48390.0000,4839,2401.7302,0.0000,1000,326,1000,1,988.2319
48400.0000,4840,2401.7146,0.0000,1000,326,1000,1,988.2343
48410.0000,4841,2401.6985,0.0000,1000,318,1000,1,988.2367
48420.0000,4842,2401.6807,0.0000,1000,316,1000,1,988.2392
48430.0000,4843,2401.6628,0.0000,1000,312,1000,1,988.2416
48440.0000,4844,2401.6444,0.0000,1000,315,1000,1,988.2440
48450.0000,4845,2401.6261,0.0000,1000,313,1000,1,988.2464
48460.0000,4846,2401.6073,0.0000,1000,311,1000,1,988.2489
48470.0000,4847,2401.5881,0.0000,1000,306,1000,1,988.2513
48480.0000,4848,2401.5681,0.0000,1000,305,1000,1,988.2537
48490.0000,4849,2401.5483,0.0000,1000,307,1000,1,988.2561
48500.0000,4850,2401.5284,0.0000,1000,302,1000,1,988.2586
48510.0000,4851,2401.5079,0.0000,1000,300,1000,1,988.2610
48520.0000,4852,2401.4867,0.0000,1000,299,1000,1,988.2634
48530.0000,4853,2401.4651,0.0000,1000,294,1000,1,988.2658
48540.0000,4854,2401.4426,0.0000,1000,294,1000,1,988.2682
48550.0000,4855,2401.4213,0.0000,1000,300,1000,1,988.2706
48560.0000,4856,2401.4012,0.0000,1000,303,1000,1,988.2731
48570.0000,4857,2401.3802,0.0000,1000,299,1000,1,988.2755
48580.0000,4858,2401.3589,0.0000,1000,295,1000,1,988.2779
48590.0000,4859,2401.3371,0.0000,1000,294,1000,1,988.2803
48600.0000,4860,2401.3153,0.0000,1000,298,1000,1,988.2827
48610.0000,4861,2401.2943,0.0000,1000,298,1000,1,988.2851
48620.0000,4862,2401.2726,0.0000,1000,296,1000,1,988.2875
48630.0000,4863,2401.2509,0.0000,1000,296,1000,1,988.2899
48640.0000,4864,2401.2296,0.0000,1000,300,1000,1,988.2924
48650.0000,4865,2401.2085,0.0000,1000,303,1000,1,988.2948
48660.0000,4866,2401.1888,0.0000,1000,307,1000,1,988.2972
48670.0000,4867,2401.1694,0.0000,1000,304,1000,1,988.2996
48680.0000,4868,2401.1494,0.0000,1000,304,1000,1,988.3020
48690.0000,4869,2401.1289,0.0000,1000,300,1000,1,988.3044
48700.0000,4870,2401.1083,0.0000,1000,301,1000,1,988.3068
48710.0000,4871,2401.0876,0.0000,1000,303,1000,1,988.3092
48720.0000,4872,2401.0679,0.0000,1000,304,1000,1,988.3116
48730.0000,4873,2401.0482,0.0000,1000,306,1000,1,988.3140
48740.0000,4874,2401.0289,0.0000,1000,308,1000,1,988.3164
48750.0000,4875,2401.0100,0.0000,1000,305,1000,1,988.3188
48760.0000,4876,2400.9895,0.0000,1000,300,1000,1,988.3212
48770.0000,4877,2400.9692,0.0000,1000,301,1000,1,988.3236
48780.0000,4878,2400.9481,0.0000,1000,296,1000,1,988.3260
48790.0000,4879,2400.9262,0.0000,1000,293,1000,1,988.3283
48800.0000,4880,2400.9049,0.0000,1000,299,1000,1,988.3307
48810.0000,4881,2400.8840,0.0000,1000,300,1000,1,988.3331
48820.0000,4882,2400.8628,0.0000,1000,296,1000,1,988.3355
48830.0000,4883,2400.8415,0.0000,1000,299,1000,1,988.3379
48840.0000,4884,2400.8208,0.0000,1000,299,1000,1,988.3403
48850.0000,4885,2400.8003,0.0000,1000,299,1000,1,988.3427
48860.0000,4886,2400.7783,0.0000,1000,293,1000,1,988.3451
48870.0000,4887,2400.7555,0.0000,1000,288,1000,1,988.3475
48880.0000,4888,2400.7320,0.0000,1000,283,1000,1,988.3498
48890.0000,4889,2400.7081,0.0000,1000,285,1000,1,988.3522
48900.0000,4890,2400.6848,0.0000,1000,292,1000,1,988.3546
48910.0000,4891,2400.6618,0.0000,1000,286,1000,1,988.3570
48920.0000,4892,2400.6385,0.0000,1000,285,1000,1,988.3594
48930.0000,4893,2400.6151,0.0000,1000,288,1000,1,988.3617
48940.0000,4894,2400.5927,0.0000,1000,294,1000,1,988.3641
48950.0000,4895,2400.5708,0.0000,1000,297,1000,1,988.3665
48960.0000,4896,2400.5498,0.0000,1000,297,1000,1,988.3689
48970.0000,4897,2400.5289,0.0000,1000,298,1000,1,988.3712
48980.0000,4898,2400.5079,0.0000,1000,299,1000,1,988.3736
48990.0000,4899,2400.4866,0.0000,1000,295,1000,1,988.3760
49000.0000,4900,2400.4648,0.0000,1000,294,1000,1,988.3784
49010.0000,4901,2400.4429,0.0000,1000,291,1000,1,988.3807
49020.0000,4902,2400.4208,0.0000,1000,294,1000,1,988.3831
49030.0000,4903,2400.3992,0.0000,1000,297,1000,1,988.3855
49040.0000,4904,2400.3790,0.0000,1000,304,1000,1,988.3878
49050.0000,4905,2400.3599,0.0000,1000,308,1000,1,988.3902
49060.0000,4906,2400.3410,0.0000,1000,306,1000,1,988.3926
49070.0000,4907,2400.3219,0.0000,1000,305,1000,1,988.3949
49080.0000,4908,2400.3032,0.0000,1000,310,1000,1,988.3973
49090.0000,4909,2400.2848,0.0000,1000,306,1000,1,988.3997
49100.0000,4910,2400.2649,0.0000,1000,295,1000,1,988.4020
49110.0000,4911,2400.2437,0.0000,1000,290,1000,1,988.4044
49120.0000,4912,2400.2214,0.0000,1000,290,1000,1,988.4068
49130.0000,4913,2400.1982,0.0000,1000,285,1000,1,988.4091
49140.0000,4914,2400.1756,0.0000,1000,292,1000,1,988.4115
49150.0000,4915,2400.1545,0.0000,1000,302,1000,1,988.4138
49160.0000,4916,2400.1347,0.0000,1000,301,1000,1,988.4162
49170.0000,4917,2400.1156,0.0000,1000,310,1000,1,988.4185
49180.0000,4918,2400.0974,0.0000,1000,311,1000,1,988.4209
49190.0000,4919,2400.0790,0.0000,1000,317,1000,1,988.4233
49200.0000,4920,2400.0619,0.0000,1000,316,1000,1,988.4256
49210.0000,4921,2400.0457,0.0000,1000,322,1000,1,988.4280
49220.0000,4922,2400.0303,0.0000,1000,324,1000,1,988.4303
49230.0000,4923,2400.0144,0.0000,1000,324,1000,1,988.4327
49240.0000,4924,2399.9981,0.0000,1000,317,1000,1,988.4350
49250.0000,4925,2399.9815,0.0000,1000,321,1000,1,988.4374
49260.0000,4926,2399.9657,0.0000,1000,320,1000,1,988.4397
49270.0000,4927,2399.9492,0.0000,1000,319,1000,1,988.4421
49280.0000,4928,2399.9328,0.0000,1000,321,1000,1,988.4444
49290.0000,4929,2399.9170,0.0000,1000,322,1000,1,988.4467
49300.0000,4930,2399.9017,0.0000,1000,330,1000,1,988.4491
49310.0000,4931,2399.8875,0.0000,1000,329,1000,1,988.4514
49320.0000,4932,2399.8730,0.0000,1000,325,1000,1,988.4538
49330.0000,4933,2399.8572,0.0000,1000,319,1000,1,988.4561
49340.0000,4934,2399.8407,0.0000,1000,322,1000,1,988.4585
49350.0000,4935,2399.8246,0.0000,1000,315,1000,1,988.4608
49360.0000,4936,2399.8074,0.0000,1000,314,1000,1,988.4631
49370.0000,4937,2399.7908,0.0000,1000,320,1000,1,988.4655
49380.0000,4938,2399.7749,0.0000,1000,321,1000,1,988.4678
49390.0000,4939,2399.7584,0.0000,1000,318,1000,1,988.4701
49400.0000,4940,2399.7414,0.0000,1000,317,1000,1,988.4725
49410.0000,4941,2399.7256,0.0000,1000,321,1000,1,988.4748
49420.0000,4942,2399.7091,0.0000,1000,317,1000,1,988.4771
49430.0000,4943,2399.6915,0.0000,1000,307,1000,1,988.4795
49440.0000,4944,2399.6732,0.0000,1000,313,1000,1,988.4818
49450.0000,4945,2399.6576,0.0000,1000,330,1000,1,988.4841
49460.0000,4946,2399.6437,0.0000,1000,328,1000,1,988.4865
49470.0000,4947,2399.6298,0.0000,1000,331,1000,1,988.4888
49480.0000,4948,2399.6159,0.0000,1000,330,1000,1,988.4911
49490.0000,4949,2399.6016,0.0000,1000,325,1000,1,988.4934
49500.0000,4950,2399.5861,0.0000,1000,319,1000,1,988.4958
49510.0000,4951,2399.5704,0.0000,1000,323,1000,1,988.4981
49520.0000,4952,2399.5545,0.0000,1000,319,1000,1,988.5004
49530.0000,4953,2399.5384,0.0000,1000,319,1000,1,988.5027
49540.0000,4954,2399.5216,0.0000,1000,317,1000,1,988.5050
49550.0000,4955,2399.5050,0.0000,1000,317,1000,1,988.5074
49560.0000,4956,2399.4885,0.0000,1000,316,1000,1,988.5097
49570.0000,4957,2399.4713,0.0000,1000,311,1000,1,988.5120
49580.0000,4958,2399.4533,0.0000,1000,310,1000,1,988.5143
49590.0000,4959,2399.4361,0.0000,1000,316,1000,1,988.5166
49600.0000,4960,2399.4199,0.0000,1000,323,1000,1,988.5190
49610.0000,4961,2399.4038,0.0000,1000,319,1000,1,988.5213
49620.0000,4962,2399.3873,0.0000,1000,315,1000,1,988.5236
49630.0000,4963,2399.3699,0.0000,1000,310,1000,1,988.5259
49640.0000,4964,2399.3518,0.0000,1000,313,1000,1,988.5282
49650.0000,4965,2399.3344,0.0000,1000,318,1000,1,988.5305
49660.0000,4966,2399.3179,0.0000,1000,319,1000,1,988.5328
49670.0000,4967,2399.3021,0.0000,1000,317,1000,1,988.5351
49680.0000,4968,2399.2853,0.0000,1000,314,1000,1,988.5374
49690.0000,4969,2399.2676,0.0000,1000,312,1000,1,988.5397
49700.0000,4970,2399.2500,0.0000,1000,308,1000,1,988.5421
49710.0000,4971,2399.2319,0.0000,1000,308,1000,1,988.5444
49720.0000,4972,2399.2135,0.0000,1000,306,1000,1,988.5467
49730.0000,4973,2399.1936,0.0000,1000,298,1000,1,988.5490
49740.0000,4974,2399.1733,0.0000,1000,300,1000,1,988.5513
49750.0000,4975,2399.1532,0.0000,1000,301,1000,1,988.5536
49760.0000,4976,2399.1333,0.0000,1000,297,1000,1,988.5559
49770.0000,4977,2399.1121,0.0000,1000,294,1000,1,988.5582
49780.0000,4978,2399.0906,0.0000,1000,286,1000,1,988.5605
49790.0000,4979,2399.0675,0.0000,1000,286,1000,1,988.5628
49800.0000,4980,2399.0444,0.0000,1000,278,1000,1,988.5651
49810.0000,4981,2399.0197,0.0000,1000,272,1000,1,988.5674
49820.0000,4982,2398.9941,0.0000,1000,270,1000,1,988.5697
49830.0000,4983,2398.9675,0.0000,1000,262,1000,1,988.5719
49840.0000,4984,2398.9399,0.0000,1000,258,1000,1,988.5742
49850.0000,4985,2398.9116,0.0000,1000,258,1000,1,988.5765
49860.0000,4986,2398.8834,0.0000,1000,256,1000,1,988.5788
49870.0000,4987,2398.8546,0.0000,1000,253,1000,1,988.5811
49880.0000,4988,2398.8258,0.0000,1000,254,1000,1,988.5834
49890.0000,4989,2398.7973,0.0000,1000,257,1000,1,988.5857
49900.0000,4990,2398.7702,0.0000,1000,261,1000,1,988.5880
49910.0000,4991,2398.7422,0.0000,1000,264,1000,1,988.5903
49920.0000,4992,2398.7156,0.0000,1000,269,1000,1,988.5925
49930.0000,4993,2398.6896,0.0000,1000,266,1000,1,988.5948
49940.0000,4994,2398.6628,0.0000,1000,266,1000,1,988.5971
49950.0000,4995,2398.6358,0.0000,1000,263,1000,1,988.5994
49960.0000,4996,2398.6098,0.0000,1000,269,1000,1,988.6017
49970.0000,4997,2398.5839,0.0000,1000,268,1000,1,988.6040
49980.0000,4998,2398.5577,0.0000,1000,269,1000,1,988.6062
49990.0000,4999,2398.5322,0.0000,1000,273,1000,1,988.6085
50000.0000,5000,2398.5055,0.0000,1000,266,1000,1,988.6108
50010.0000,5001,2398.4789,0.0000,1000,263,1000,1,988.6131
50020.0000,5002,2398.4518,0.0000,1000,265,1000,1,988.6154
50030.0000,5003,2398.4259,0.0000,1000,265,1000,1,988.6176
50040.0000,5004,2398.4001,0.0000,1000,268,1000,1,988.6199
50050.0000,5005,2398.3740,0.0000,1000,269,1000,1,988.6222
50060.0000,5006,2398.3479,0.0000,1000,264,1000,1,988.6245
50070.0000,5007,2398.3212,0.0000,1000,266,1000,1,988.6267
50080.0000,5008,2398.2947,0.0000,1000,267,1000,1,988.6290
50090.0000,5009,2398.2685,0.0000,1000,265,1000,1,988.6313
50100.0000,5010,2398.2424,0.0000,1000,269,1000,1,988.6335
50110.0000,5011,2398.2154,0.0000,1000,262,1000,1,988.6358
50120.0000,5012,2398.1881,0.0000,1000,263,1000,1,988.6381
50130.0000,5013,2398.1619,0.0000,1000,272,1000,1,988.6403
50140.0000,5014,2398.1368,0.0000,1000,273,1000,1,988.6426
50150.0000,5015,2398.1110,0.0000,1000,267,1000,1,988.6449
50160.0000,5016,2398.0852,0.0000,1000,271,1000,1,988.6471
50170.0000,5017,2398.0595,0.0000,1000,269,1000,1,988.6494
50180.0000,5018,2398.0334,0.0000,1000,267,1000,1,988.6517
50190.0000,5019,2398.0073,0.0000,1000,266,1000,1,988.6539
50200.0000,5020,2397.9810,0.0000,1000,268,1000,1,988.6562
50210.0000,5021,2397.9551,0.0000,1000,268,1000,1,988.6584
50220.0000,5022,2397.9292,0.0000,1000,268,1000,1,988.6607
50230.0000,5023,2397.9027,0.0000,1000,266,1000,1,988.6629
50240.0000,5024,2397.8757,0.0000,1000,259,1000,1,988.6652
50250.0000,5025,2397.8487,0.0000,1000,267,1000,1,988.6675
50260.0000,5026,2397.8234,0.0000,1000,269,1000,1,988.6697
50270.0000,5027,2397.7983,0.0000,1000,273,1000,1,988.6720
50280.0000,5028,2397.7738,0.0000,1000,277,1000,1,988.6742
50290.0000,5029,2397.7491,0.0000,1000,274,1000,1,988.6765
50300.0000,5030,2397.7247,0.0000,1000,276,1000,1,988.6787
50310.0000,5031,2397.7001,0.0000,1000,274,1000,1,988.6810
50320.0000,5032,2397.6755,0.0000,1000,268,1000,1,988.6832
50330.0000,5033,2397.6498,0.0000,1000,271,1000,1,988.6855
50340.0000,5034,2397.6244,0.0000,1000,268,1000,1,988.6877
50350.0000,5035,2397.5985,0.0000,1000,265,1000,1,988.6900
50360.0000,5036,2397.5724,0.0000,1000,270,1000,1,988.6922
50370.0000,5037,2397.5474,0.0000,1000,274,1000,1,988.6945
50380.0000,5038,2397.5229,0.0000,1000,272,1000,1,988.6967
50390.0000,5039,2397.4965,0.0000,1000,259,1000,1,988.6989
50400.0000,5040,2397.4698,0.0000,1000,264,1000,1,988.7012
50410.0000,5041,2397.4435,0.0000,1000,265,1000,1,988.7034
50420.0000,5042,2397.4171,0.0000,1000,264,1000,1,988.7057
50430.0000,5043,2397.3909,0.0000,1000,267,1000,1,988.7079
50440.0000,5044,2397.3653,0.0000,1000,272,1000,1,988.7102
50450.0000,5045,2397.3398,0.0000,1000,269,1000,1,988.7124
50460.0000,5046,2397.3144,0.0000,1000,268,1000,1,988.7146
50470.0000,5047,2397.2891,0.0000,1000,268,1000,1,988.7169
50480.0000,5048,2397.2630,0.0000,1000,264,1000,1,988.7191
50490.0000,5049,2397.2369,0.0000,1000,270,1000,1,988.7213
50500.0000,5050,2397.2111,0.0000,1000,267,1000,1,988.7236
50510.0000,5051,2397.1841,0.0000,1000,252,1000,1,988.7258
50520.0000,5052,2397.1551,0.0000,1000,250,1000,1,988.7280
50530.0000,5053,2397.1256,0.0000,1000,250,1000,1,988.7303
50540.0000,5054,2397.0965,0.0000,1000,245,1000,1,988.7325
50550.0000,5055,2397.0662,0.0000,1000,243,1000,1,988.7347
50560.0000,5056,2397.0350,0.0000,1000,238,1000,1,988.7369
50570.0000,5057,2397.0031,0.0000,1000,237,1000,1,988.7392
50580.0000,5058,2396.9726,0.0000,1000,245,1000,1,988.7414
50590.0000,5059,2396.9418,0.0000,1000,237,1000,1,988.7436
50600.0000,5060,2396.9112,0.0000,1000,245,1000,1,988.7458
50610.0000,5061,2396.8814,0.0000,1000,248,1000,1,988.7481
50620.0000,5062,2396.8519,0.0000,1000,242,1000,1,988.7503
50630.0000,5063,2396.8205,0.0000,1000,237,1000,1,988.7525
50640.0000,5064,2396.7893,0.0000,1000,241,1000,1,988.7547
50650.0000,5065,2396.7587,0.0000,1000,244,1000,1,988.7570
50660.0000,5066,2396.7281,0.0000,1000,233,1000,1,988.7592
50670.0000,5067,2396.6960,0.0000,1000,235,1000,1,988.7614
50680.0000,5068,2396.6648,0.0000,1000,241,1000,1,988.7636
50690.0000,5069,2396.6344,0.0000,1000,245,1000,1,988.7658
50700.0000,5070,2396.6042,0.0000,1000,242,1000,1,988.7680
50710.0000,5071,2396.5740,0.0000,1000,242,1000,1,988.7703
50720.0000,5072,2396.5433,0.0000,1000,241,1000,1,988.7725
50730.0000,5073,2396.5120,0.0000,1000,234,1000,1,988.7747
50740.0000,5074,2396.4797,0.0000,1000,234,1000,1,988.7769
50750.0000,5075,2396.4476,0.0000,1000,234,1000,1,988.7791
50760.0000,5076,2396.4159,0.0000,1000,239,1000,1,988.7813
50770.0000,5077,2396.3855,0.0000,1000,246,1000,1,988.7835
50780.0000,5078,2396.3558,0.0000,1000,243,1000,1,988.7857
50790.0000,5079,2396.3246,0.0000,1000,234,1000,1,988.7879
50800.0000,5080,2396.2925,0.0000,1000,233,1000,1,988.7902
50810.0000,5081,2396.2600,0.0000,1000,229,1000,1,988.7924
50820.0000,5082,2396.2273,0.0000,1000,231,1000,1,988.7946
50830.0000,5083,2396.1953,0.0000,1000,230,1000,1,988.7968
50840.0000,5084,2396.1618,0.0000,1000,223,1000,1,988.7990
50850.0000,5085,2396.1274,0.0000,1000,219,1000,1,988.8012
50860.0000,5086,2396.0929,0.0000,1000,222,1000,1,988.8034
50870.0000,5087,2396.0579,0.0000,1000,215,1000,1,988.8056
50880.0000,5088,2396.0222,0.0000,1000,210,1000,1,988.8078
50890.0000,5089,2395.9853,0.0000,1000,205,1000,1,988.8100
50900.0000,5090,2395.9475,0.0000,1000,203,1000,1,988.8122
50910.0000,5091,2395.9096,0.0000,1000,205,1000,1,988.8144
50920.0000,5092,2395.8722,0.0000,1000,206,1000,1,988.8166
50930.0000,5093,2395.8341,0.0000,1000,198,1000,1,988.8188
50940.0000,5094,2395.7947,0.0000,1000,192,1000,1,988.8210
50950.0000,5095,2395.7545,0.0000,1000,196,1000,1,988.8232
50960.0000,5096,2395.7150,0.0000,1000,195,1000,1,988.8254
50970.0000,5097,2395.6754,0.0000,1000,194,1000,1,988.8275
50980.0000,5098,2395.6356,0.0000,1000,194,1000,1,988.8297
50990.0000,5099,2395.5960,0.0000,1000,198,1000,1,988.8319
51000.0000,5100,2395.5559,0.0000,1000,186,1000,1,988.8341
51010.0000,5101,2395.5155,0.0000,1000,190,1000,1,988.8363
51020.0000,5102,2395.4755,0.0000,1000,190,1000,1,988.8385
51030.0000,5103,2395.4360,0.0000,1000,193,1000,1,988.8407
51040.0000,5104,2395.3964,0.0000,1000,194,1000,1,988.8429
51050.0000,5105,2395.3571,0.0000,1000,195,1000,1,988.8451
51060.0000,5106,2395.3181,0.0000,1000,195,1000,1,988.8472
51070.0000,5107,2395.2785,0.0000,1000,189,1000,1,988.8494
51080.0000,5108,2395.2375,0.0000,1000,184,1000,1,988.8516
51090.0000,5109,2395.1962,0.0000,1000,185,1000,1,988.8538
51100.0000,5110,2395.1551,0.0000,1000,181,1000,1,988.8560
51110.0000,5111,2395.1129,0.0000,1000,177,1000,1,988.8581
51120.0000,5112,2395.0700,0.0000,1000,172,1000,1,988.8603
51130.0000,5113,2395.0270,0.0000,1000,178,1000,1,988.8625
51140.0000,5114,2394.9842,0.0000,1000,175,1000,1,988.8647
51150.0000,5115,2394.9419,0.0000,1000,179,1000,1,988.8669
51160.0000,5116,2394.8993,0.0000,1000,175,1000,1,988.8690
51170.0000,5117,2394.8560,0.0000,1000,171,1000,1,988.8712
51180.0000,5118,2394.8125,0.0000,1000,170,1000,1,988.8734
51190.0000,5119,2394.7689,0.0000,1000,169,1000,1,988.8756
51200.0000,5120,2394.7252,0.0000,1000,171,1000,1,988.8777
51210.0000,5121,2394.6817,0.0000,1000,174,1000,1,988.8799
51220.0000,5122,2394.6390,0.0000,1000,180,1000,1,988.8821
51230.0000,5123,2394.5970,0.0000,1000,176,1000,1,988.8842
51240.0000,5124,2394.5541,0.0000,1000,171,1000,1,988.8864
51250.0000,5125,2394.5094,0.0000,1000,164,1000,1,988.8886
51260.0000,5126,2394.4648,0.0000,1000,170,1000,1,988.8908
51270.0000,5127,2394.4196,0.0000,1000,159,1000,1,988.8929
51280.0000,5128,2394.3731,0.0000,1000,154,1000,1,988.8951
51290.0000,5129,2394.3263,0.0000,1000,156,1000,1,988.8973
51300.0000,5130,2394.2797,0.0000,1000,155,1000,1,988.8994
51310.0000,5131,2394.2325,0.0000,1000,152,1000,1,988.9016
51320.0000,5132,2394.1855,0.0000,1000,149,1000,1,988.9037
51330.0000,5133,2394.1381,0.0000,1000,151,1000,1,988.9059
51340.0000,5134,2394.0901,0.0000,1000,147,1000,1,988.9081
51350.0000,5135,2394.0418,0.0000,1000,147,1000,1,988.9102
51360.0000,5136,2393.9936,0.0000,1000,149,1000,1,988.9124
51370.0000,5137,2393.9462,0.0000,1000,149,1000,1,988.9145
51380.0000,5138,2393.8984,0.0000,1000,149,1000,1,988.9167
51390.0000,5139,2393.8512,0.0000,1000,152,1000,1,988.9189
51400.0000,5140,2393.8036,0.0000,1000,149,1000,1,988.9210
51410.0000,5141,2393.7558,0.0000,1000,150,1000,1,988.9232
51420.0000,5142,2393.7083,0.0000,1000,146,1000,1,988.9253
51430.0000,5143,2393.6600,0.0000,1000,143,1000,1,988.9275
51440.0000,5144,2393.6106,0.0000,1000,141,1000,1,988.9296
51450.0000,5145,2393.5618,0.0000,1000,142,1000,1,988.9318
51460.0000,5146,2393.5129,0.0000,1000,145,1000,1,988.9339
51470.0000,5147,2393.4646,0.0000,1000,146,1000,1,988.9361
51480.0000,5148,2393.4167,0.0000,1000,146,1000,1,988.9382
51490.0000,5149,2393.3685,0.0000,1000,146,1000,1,988.9404
51500.0000,5150,2393.3207,0.0000,1000,147,1000,1,988.9425
51510.0000,5151,2393.2728,0.0000,1000,145,1000,1,988.9447
51520.0000,5152,2393.2247,0.0000,1000,143,1000,1,988.9468
51530.0000,5153,2393.1758,0.0000,1000,142,1000,1,988.9490
51540.0000,5154,2393.1270,0.0000,1000,143,1000,1,988.9511
51550.0000,5155,2393.0778,0.0000,1000,141,1000,1,988.9532
51560.0000,5156,2393.0286,0.0000,1000,137,1000,1,988.9554
51570.0000,5157,2392.9789,0.0000,1000,138,1000,1,988.9575
51580.0000,5158,2392.9293,0.0000,1000,138,1000,1,988.9597
51590.0000,5159,2392.8780,0.0000,1000,124,1000,1,988.9618
51600.0000,5160,2392.8252,0.0000,1000,117,1000,1,988.9640
51610.0000,5161,2392.7714,0.0000,1000,116,1000,1,988.9661
51620.0000,5162,2392.7170,0.0000,1000,110,1000,1,988.9682
51630.0000,5163,2392.6623,0.0000,1000,108,1000,1,988.9704
51640.0000,5164,2392.6074,0.0000,1000,109,1000,1,988.9725
51650.0000,5165,2392.5527,0.0000,1000,109,1000,1,988.9746
51660.0000,5166,2392.4968,0.0000,1000,100,1000,1,988.9768
51670.0000,5167,2392.4398,0.0000,1000,94,1000,1,988.9789
51680.0000,5168,2392.3820,0.0000,1000,93,1000,1,988.9810
51690.0000,5169,2392.3245,0.0000,1000,96,1000,1,988.9832
51700.0000,5170,2392.2674,0.0000,1000,93,1000,1,988.9853
51710.0000,5171,2392.2096,0.0000,1000,94,1000,1,988.9874
51720.0000,5172,2392.1519,0.0000,1000,90,1000,1,988.9896
51730.0000,5173,2392.0942,0.0000,1000,95,1000,1,988.9917
51740.0000,5174,2392.0362,0.0000,1000,89,1000,1,988.9938
51750.0000,5175,2391.9768,0.0000,1000,82,1000,1,988.9959
51760.0000,5176,2391.9167,0.0000,1000,80,1000,1,988.9981
51770.0000,5177,2391.8556,0.0000,1000,73,1000,1,989.0002
51780.0000,5178,2391.7946,0.0000,1000,78,1000,1,989.0023
51790.0000,5179,2391.7346,0.0000,1000,83,1000,1,989.0044
51800.0000,5180,2391.6747,0.0000,1000,77,1000,1,989.0066
51810.0000,5181,2391.6136,0.0000,1000,72,1000,1,989.0087
51820.0000,5182,2391.5515,0.0000,1000,68,1000,1,989.0108
51830.0000,5183,2391.4889,0.0000,1000,67,1000,1,989.0129
51840.0000,5184,2391.4262,0.0000,1000,67,1000,1,989.0150
51850.0000,5185,2391.3633,0.0000,1000,64,1000,1,989.0172
51860.0000,5186,2391.2996,0.0000,1000,64,1000,1,989.0193
51870.0000,5187,2391.2359,0.0000,1000,62,1000,1,989.0214
51880.0000,5188,2391.1718,0.0000,1000,55,1000,1,989.0235
51890.0000,5189,2391.1072,0.0000,1000,57,1000,1,989.0256
51900.0000,5190,2391.0428,0.0000,1000,57,1000,1,989.0277
51910.0000,5191,2390.9790,0.0000,1000,59,1000,1,989.0299
51920.0000,5192,2390.9148,0.0000,1000,61,1000,1,989.0320
51930.0000,5193,2390.8516,0.0000,1000,62,1000,1,989.0341
51940.0000,5194,2390.7889,0.0000,1000,66,1000,1,989.0362
51950.0000,5195,2390.7258,0.0000,1000,64,1000,1,989.0383
51960.0000,5196,2390.6622,0.0000,1000,55,1000,1,989.0404
51970.0000,5197,2390.5985,0.0000,1000,63,1000,1,989.0425
51980.0000,5198,2390.5357,0.0000,1000,61,1000,1,989.0446
51990.0000,5199,2390.4721,0.0000,1000,60,1000,1,989.0467
52000.0000,5200,2390.4080,0.0000,1000,56,1000,1,989.0488
52010.0000,5201,2390.3428,0.0000,1000,50,1000,1,989.0510
52020.0000,5202,2390.2776,0.0000,1000,52,1000,1,989.0531
52030.0000,5203,2390.2126,0.0000,1000,56,1000,1,989.0552
52040.0000,5204,2390.1487,0.0000,1000,59,1000,1,989.0573
52050.0000,5205,2390.0847,0.0000,1000,57,1000,1,989.0594
52060.0000,5206,2390.0208,0.0000,1000,55,1000,1,989.0615
52070.0000,5207,2389.9561,0.0000,1000,55,1000,1,989.0636
52080.0000,5208,2389.8918,0.0000,1000,58,1000,1,989.0657
52090.0000,5209,2389.8286,0.0000,1000,62,1000,1,989.0678
52100.0000,5210,2389.7657,0.0000,1000,63,1000,1,989.0699
52110.0000,5211,2389.7038,0.0000,1000,69,1000,1,989.0720
52120.0000,5212,2389.6422,0.0000,1000,69,1000,1,989.0741
52130.0000,5213,2389.5806,0.0000,1000,70,1000,1,989.0762
52140.0000,5214,2389.5197,0.0000,1000,75,1000,1,989.0783
52150.0000,5215,2389.4593,0.0000,1000,75,1000,1,989.0803
52160.0000,5216,2389.3995,0.0000,1000,85,1000,1,989.0824
52170.0000,5217,2389.3408,0.0000,1000,84,1000,1,989.0845
52180.0000,5218,2389.2819,0.0000,1000,80,1000,1,989.0866
52190.0000,5219,2389.2226,0.0000,1000,79,1000,1,989.0887
52200.0000,5220,2389.1633,0.0000,1000,83,1000,1,989.0908
52210.0000,5221,2389.1038,0.0000,1000,74,1000,1,989.0929
52220.0000,5222,2389.0427,0.0000,1000,68,1000,1,989.0950
52230.0000,5223,2388.9813,0.0000,1000,70,1000,1,989.0971
52240.0000,5224,2388.9199,0.0000,1000,67,1000,1,989.0992
52250.0000,5225,2388.8586,0.0000,1000,71,1000,1,989.1012
52260.0000,5226,2388.7981,0.0000,1000,77,1000,1,989.1033
52270.0000,5227,2388.7382,0.0000,1000,76,1000,1,989.1054
52280.0000,5228,2388.6786,0.0000,1000,78,1000,1,989.1075
52290.0000,5229,2388.6181,0.0000,1000,68,1000,1,989.1096
52300.0000,5230,2388.5574,0.0000,1000,73,1000,1,989.1117
52310.0000,5231,2388.4968,0.0000,1000,69,1000,1,989.1137
52320.0000,5232,2388.4352,0.0000,1000,68,1000,1,989.1158
52330.0000,5233,2388.3741,0.0000,1000,65,1000,1,989.1179
52340.0000,5234,2388.3115,0.0000,1000,59,1000,1,989.1200
52350.0000,5235,2388.2488,0.0000,1000,60,1000,1,989.1221
52360.0000,5236,2388.1866,0.0000,1000,63,1000,1,989.1241
52370.0000,5237,2388.1256,0.0000,1000,74,1000,1,989.1262
52380.0000,5238,2388.0655,0.0000,1000,76,1000,1,989.1283
52390.0000,5239,2388.0063,0.0000,1000,78,1000,1,989.1304
52400.0000,5240,2387.9469,0.0000,1000,79,1000,1,989.1324
52410.0000,5241,2387.8875,0.0000,1000,73,1000,1,989.1345
52420.0000,5242,2387.8274,0.0000,1000,75,1000,1,989.1366
52430.0000,5243,2387.7678,0.0000,1000,73,1000,1,989.1387
52440.0000,5244,2387.7084,0.0000,1000,83,1000,1,989.1407
52450.0000,5245,2387.6500,0.0000,1000,81,1000,1,989.1428
52460.0000,5246,2387.5914,0.0000,1000,78,1000,1,989.1449
52470.0000,5247,2387.5327,0.0000,1000,85,1000,1,989.1469
52480.0000,5248,2387.4751,0.0000,1000,83,1000,1,989.1490
52490.0000,5249,2387.4173,0.0000,1000,84,1000,1,989.1511
52500.0000,5250,2387.3604,0.0000,1000,89,1000,1,989.1531
52510.0000,5251,2387.3036,0.0000,1000,89,1000,1,989.1552
52520.0000,5252,2387.2470,0.0000,1000,89,1000,1,989.1573
52530.0000,5253,2387.1905,0.0000,1000,91,1000,1,989.1593
52540.0000,5254,2387.1347,0.0000,1000,96,1000,1,989.1614
52550.0000,5255,2387.0794,0.0000,1000,97,1000,1,989.1635
52560.0000,5256,2387.0247,0.0000,1000,102,1000,1,989.1655
52570.0000,5257,2386.9699,0.0000,1000,97,1000,1,989.1676
52580.0000,5258,2386.9153,0.0000,1000,102,1000,1,989.1696
52590.0000,5259,2386.8606,0.0000,1000,100,1000,1,989.1717
52600.0000,5260,2386.8064,0.0000,1000,102,1000,1,989.1738
52610.0000,5261,2386.7525,0.0000,1000,103,1000,1,989.1758
52620.0000,5262,2386.6985,0.0000,1000,103,1000,1,989.1779
52630.0000,5263,2386.6445,0.0000,1000,104,1000,1,989.1799
52640.0000,5264,2386.5905,0.0000,1000,101,1000,1,989.1820
52650.0000,5265,2386.5363,0.0000,1000,100,1000,1,989.1840
52660.0000,5266,2386.4821,0.0000,1000,98,1000,1,989.1861
52670.0000,5267,2386.4278,0.0000,1000,102,1000,1,989.1882
52680.0000,5268,2386.3737,0.0000,1000,103,1000,1,989.1902
52690.0000,5269,2386.3199,0.0000,1000,102,1000,1,989.1923
52700.0000,5270,2386.2664,0.0000,1000,109,1000,1,989.1943
52710.0000,5271,2386.2131,0.0000,1000,107,1000,1,989.1964
52720.0000,5272,2386.1610,0.0000,1000,112,1000,1,989.1984
52730.0000,5273,2386.1088,0.0000,1000,112,1000,1,989.2005
52740.0000,5274,2386.0562,0.0000,1000,105,1000,1,989.2025
52750.0000,5275,2386.0026,0.0000,1000,103,1000,1,989.2045
52760.0000,5276,2385.9491,0.0000,1000,102,1000,1,989.2066
52770.0000,5277,2385.8948,0.0000,1000,101,1000,1,989.2086
52780.0000,5278,2385.8411,0.0000,1000,103,1000,1,989.2107
52790.0000,5279,2385.7874,0.0000,1000,102,1000,1,989.2127
52800.0000,5280,2385.7336,0.0000,1000,99,1000,1,989.2148
52810.0000,5281,2385.6787,0.0000,1000,94,1000,1,989.2168
52820.0000,5282,2385.6234,0.0000,1000,91,1000,1,989.2189
52830.0000,5283,2385.5672,0.0000,1000,90,1000,1,989.2209
52840.0000,5284,2385.5118,0.0000,1000,93,1000,1,989.2229
52850.0000,5285,2385.4562,0.0000,1000,91,1000,1,989.2250
52860.0000,5286,2385.4004,0.0000,1000,88,1000,1,989.2270
52870.0000,5287,2385.3435,0.0000,1000,83,1000,1,989.2291
52880.0000,5288,2385.2857,0.0000,1000,77,1000,1,989.2311
52890.0000,5289,2385.2275,0.0000,1000,75,1000,1,989.2331
52900.0000,5290,2385.1688,0.0000,1000,74,1000,1,989.2352
52910.0000,5291,2385.1103,0.0000,1000,79,1000,1,989.2372
52920.0000,5292,2385.0519,0.0000,1000,68,1000,1,989.2392
52930.0000,5293,2384.9927,0.0000,1000,73,1000,1,989.2413
52940.0000,5294,2384.9343,0.0000,1000,77,1000,1,989.2433
52950.0000,5295,2384.8757,0.0000,1000,68,1000,1,989.2453
52960.0000,5296,2384.8158,0.0000,1000,66,1000,1,989.2474
52970.0000,5297,2384.7555,0.0000,1000,67,1000,1,989.2494
52980.0000,5298,2384.6952,0.0000,1000,64,1000,1,989.2514
52990.0000,5299,2384.6344,0.0000,1000,64,1000,1,989.2534
53000.0000,5300,2384.5734,0.0000,1000,60,1000,1,989.2555
53010.0000,5301,2384.5124,0.0000,1000,58,1000,1,989.2575
53020.0000,5302,2384.4499,0.0000,1000,53,1000,1,989.2595
53030.0000,5303,2384.3874,0.0000,1000,56,1000,1,989.2615
53040.0000,5304,2384.3245,0.0000,1000,46,1000,1,989.2636
53050.0000,5305,2384.2609,0.0000,1000,47,1000,1,989.2656
53060.0000,5306,2384.1970,0.0000,1000,43,1000,1,989.2676
53070.0000,5307,2384.1322,0.0000,1000,36,1000,1,989.2696
53080.0000,5308,2384.0664,0.0000,1000,33,1000,1,989.2717
53090.0000,5309,2384.0000,0.0000,1000,31,1000,1,989.2737
53100.0000,5310,2383.9329,0.0000,1000,30,1000,1,989.2757
53110.0000,5311,2383.8659,0.0000,1000,22,1000,1,989.2777
53120.0000,5312,2383.7973,0.0000,1000,16,1000,1,989.2797
53130.0000,5313,2383.7266,0.0000,1000,8,1000,1,989.2818
53140.0000,5314,2383.6555,0.0000,1000,5,1000,1,989.2838
53150.0000,5315,2383.5844,0.0000,1000,9,1000,1,989.2858
53160.0000,5316,2383.5135,0.0000,1000,0,1000,1,989.2878
53170.0000,5317,2383.4418,0.0000,998,8,1000,1,989.2898
53180.0000,5318,2383.3716,0.0000,996,17,1000,1,989.2918
53190.0000,5319,2383.3030,0.0000,996,26,1000,1,989.2939
53200.0000,5320,2383.2356,0.0000,991,37,1000,1,989.2959
53210.0000,5321,2383.1700,0.0000,989,51,1000,1,989.2979
53220.0000,5322,2383.1063,0.0000,984,62,1000,1,989.2999
53230.0000,5323,2383.0442,0.0000,985,70,1000,1,989.3019
53240.0000,5324,2382.9832,0.0000,982,82,1000,1,989.3039
53250.0000,5325,2382.9236,0.0000,982,87,1000,1,989.3059
53260.0000,5326,2382.8658,0.0000,977,102,1000,1,989.3079
53270.0000,5327,2382.8092,0.0000,981,109,1000,1,989.3099
53280.0000,5328,2382.7541,0.0000,973,115,1000,1,989.3119
53290.0000,5329,2382.6998,0.0000,970,125,1000,1,989.3139
53300.0000,5330,2382.6462,0.0000,960,137,1000,1,989.3159
53310.0000,5331,2382.5933,0.0000,957,149,1000,1,989.3180
53320.0000,5332,2382.5420,0.0000,951,162,1000,1,989.3200
53330.0000,5333,2382.4920,0.0000,956,169,1000,1,989.3220
53340.0000,5334,2382.4438,0.0000,947,178,1000,1,989.3240
53350.0000,5335,2382.3951,0.0000,939,184,1000,1,989.3260
53360.0000,5336,2382.3471,0.0000,941,191,1000,1,989.3280
53370.0000,5337,2382.3017,0.0000,941,201,1000,1,989.3300
53380.0000,5338,2382.2578,0.0000,943,209,1000,1,989.3320
53390.0000,5339,2382.2158,0.0000,942,221,1000,1,989.3340
53400.0000,5340,2382.1750,0.0000,944,227,1000,1,989.3360
53410.0000,5341,2382.1361,0.0000,938,238,1000,1,989.3380
53420.0000,5342,2382.0991,0.0000,935,251,1000,1,989.3399
53430.0000,5343,2382.0642,0.0000,940,265,1000,1,989.3419
53440.0000,5344,2382.0313,0.0000,937,271,1000,1,989.3439
53450.0000,5345,2381.9996,0.0000,936,280,1000,1,989.3459
53460.0000,5346,2381.9686,0.0000,929,287,1000,1,989.3479
53470.0000,5347,2381.9381,0.0000,925,299,1000,1,989.3499
53480.0000,5348,2381.9101,0.0000,928,312,1000,1,989.3519
53490.0000,5349,2381.8840,0.0000,926,318,1000,1,989.3539
53500.0000,5350,2381.8587,0.0000,920,332,1000,1,989.3559
53510.0000,5351,2381.8349,0.0000,918,337,1000,1,989.3579
53520.0000,5352,2381.8115,0.0000,914,341,1000,1,989.3599
53530.0000,5353,2381.7881,0.0000,909,349,1000,1,989.3619
53540.0000,5354,2381.7663,0.0000,908,362,1000,1,989.3638
53550.0000,5355,2381.7456,0.0000,906,368,1000,1,989.3658
53560.0000,5356,2381.7264,0.0000,913,372,1000,1,989.3678
53570.0000,5357,2381.7089,0.0000,908,383,1000,1,989.3698
53580.0000,5358,2381.6923,0.0000,904,393,1000,1,989.3718
53590.0000,5359,2381.6777,0.0000,901,404,1000,1,989.3738
53600.0000,5360,2381.6648,0.0000,900,416,1000,1,989.3757
53610.0000,5361,2381.6537,0.0000,894,428,1000,1,989.3777
53620.0000,5362,2381.6442,0.0000,892,441,1000,1,989.3797
53630.0000,5363,2381.6356,0.0000,884,454,1000,1,989.3817
53640.0000,5364,2381.6292,0.0000,887,465,1000,1,989.3837
53650.0000,5365,2381.6255,0.0000,896,470,1000,1,989.3856
53660.0000,5366,2381.6232,0.0000,899,478,1000,1,989.3876
53670.0000,5367,2381.6233,0.0000,902,489,1000,1,989.3896
53680.0000,5368,2381.6257,0.0000,898,499,1000,1,989.3916
53690.0000,5369,2381.6296,0.0000,899,508,1000,1,989.3936
53700.0000,5370,2381.6354,0.0000,899,518,1000,1,989.3955
53710.0000,5371,2381.6435,0.0000,902,529,1000,1,989.3975
53720.0000,5372,2381.6535,0.0000,902,535,1000,1,989.3995
53730.0000,5373,2381.6644,0.0000,898,546,1000,1,989.4015
53740.0000,5374,2381.6761,0.0000,889,558,1000,1,989.4034
53750.0000,5375,2381.6884,0.0000,886,564,1000,1,989.4054
53760.0000,5376,2381.7019,0.0000,884,575,1000,1,989.4074
53770.0000,5377,2381.7167,0.0000,883,582,1000,1,989.4093
53780.0000,5378,2381.7342,0.0000,890,595,1000,1,989.4113
53790.0000,5379,2381.7545,0.0000,892,603,1000,1,989.4133
53800.0000,5380,2381.7762,0.0000,889,607,1000,1,989.4152
53810.0000,5381,2381.7979,0.0000,887,615,1000,1,989.4172
53820.0000,5382,2381.8219,0.0000,887,627,1000,1,989.4192
53830.0000,5383,2381.8474,0.0000,887,638,1000,1,989.4211
53840.0000,5384,2381.8752,0.0000,890,644,1000,1,989.4231
53850.0000,5385,2381.9042,0.0000,890,651,1000,1,989.4251
53860.0000,5386,2381.9336,0.0000,889,657,1000,1,989.4270
53870.0000,5387,2381.9654,0.0000,887,668,1000,1,989.4290
53880.0000,5388,2381.9988,0.0000,888,682,1000,1,989.4310
53890.0000,5389,2382.0340,0.0000,883,693,1000,1,989.4329
53900.0000,5390,2382.0712,0.0000,886,704,1000,1,989.4349
53910.0000,5391,2382.1101,0.0000,881,713,1000,1,989.4368
53920.0000,5392,2382.1507,0.0000,885,722,1000,1,989.4388
53930.0000,5393,2382.1925,0.0000,884,728,1000,1,989.4408
53940.0000,5394,2382.2365,0.0000,882,740,1000,1,989.4427
53950.0000,5395,2382.2815,0.0000,881,746,1000,1,989.4447
53960.0000,5396,2382.3281,0.0000,876,759,1000,1,989.4466
53970.0000,5397,2382.3745,0.0000,869,764,1000,1,989.4486
53980.0000,5398,2382.4215,0.0000,868,774,1000,1,989.4505
53990.0000,5399,2382.4703,0.0000,864,783,1000,1,989.4525
54000.0000,5400,2382.5209,0.0000,868,793,1000,1,989.4544
54010.0000,5401,2382.5740,0.0000,874,804,1000,1,989.4564
54020.0000,5402,2382.6284,0.0000,866,812,1000,1,989.4583
54030.0000,5403,2382.6832,0.0000,858,820,1000,1,989.4603
54040.0000,5404,2382.7385,0.0000,857,828,1000,1,989.4622
54050.0000,5405,2382.7954,0.0000,858,837,1000,1,989.4642
54060.0000,5406,2382.8535,0.0000,856,845,1000,1,989.4661
54070.0000,5407,2382.9133,0.0000,858,857,1000,1,989.4681
54080.0000,5408,2382.9761,0.0000,861,866,1000,1,989.4700
54090.0000,5409,2383.0400,0.0000,861,872,1000,1,989.4720
54100.0000,5410,2383.1050,0.0000,863,879,1000,1,989.4739
54110.0000,5411,2383.1723,0.0000,869,885,1000,1,989.4759
54120.0000,5412,2383.2418,0.0000,870,891,1000,1,989.4778
54130.0000,5413,2383.3126,0.0000,869,903,1000,1,989.4798
54140.0000,5414,2383.3849,0.0000,872,905,1000,1,989.4817
54150.0000,5415,2383.4583,0.0000,868,913,1000,1,989.4837
54160.0000,5416,2383.5326,0.0000,870,923,1000,1,989.4856
54170.0000,5417,2383.6081,0.0000,865,928,1000,1,989.4875
54180.0000,5418,2383.6836,0.0000,861,933,1000,1,989.4895
54190.0000,5419,2383.7593,0.0000,853,940,1000,1,989.4914
54200.0000,5420,2383.8358,0.0000,855,947,1000,1,989.4934
54210.0000,5421,2383.9139,0.0000,860,956,1000,1,989.4953
54220.0000,5422,2383.9939,0.0000,858,964,1000,1,989.4972
54230.0000,5423,2384.0747,0.0000,855,969,1000,1,989.4992
54240.0000,5424,2384.1570,0.0000,856,980,1000,1,989.5011
54250.0000,5425,2384.2408,0.0000,846,998,1000,1,989.5030
54260.0000,5426,2384.3257,0.0000,847,1000,1000,1,989.5050
54270.0000,5427,2384.4114,0.0000,848,1000,1000,1,989.5069
54280.0000,5428,2384.4969,0.0000,848,1000,1000,1,989.5088
54290.0000,5429,2384.5816,0.0000,844,1000,1000,1,989.5108
54300.0000,5430,2384.6665,0.0000,845,1000,1000,1,989.5127
54310.0000,5431,2384.7514,0.0000,846,1000,1000,1,989.5146
54320.0000,5432,2384.8371,0.0000,854,1000,1000,1,989.5166
54330.0000,5433,2384.9237,0.0000,855,1000,1000,1,989.5185
54340.0000,5434,2385.0105,0.0000,859,1000,1000,1,989.5204
54350.0000,5435,2385.0973,0.0000,857,1000,1000,1,989.5224
54360.0000,5436,2385.1842,0.0000,858,1000,1000,1,989.5243
54370.0000,5437,2385.2708,0.0000,853,1000,1000,1,989.5262
54380.0000,5438,2385.3561,0.0000,847,1000,1000,1,989.5281
54390.0000,5439,2385.4404,0.0000,844,1000,1000,1,989.5301
54400.0000,5440,2385.5235,0.0000,835,1000,1000,1,989.5320
54410.0000,5441,2385.6066,0.0000,839,1000,1000,1,989.5339
54420.0000,5442,2385.6897,0.0000,838,1000,1000,1,989.5358
54430.0000,5443,2385.7731,0.0000,841,1000,1000,1,989.5378
54440.0000,5444,2385.8576,0.0000,845,1000,1000,1,989.5397
54450.0000,5445,2385.9428,0.0000,855,1000,1000,1,989.5416
54460.0000,5446,2386.0287,0.0000,855,1000,1000,1,989.5435
54470.0000,5447,2386.1150,0.0000,859,1000,1000,1,989.5454
54480.0000,5448,2386.2017,0.0000,855,1000,1000,1,989.5474
54490.0000,5449,2386.2891,0.0000,863,1000,1000,1,989.5493
54500.0000,5450,2386.3757,0.0000,853,1000,1000,1,989.5512
54510.0000,5451,2386.4613,0.0000,853,1000,1000,1,989.5531
54520.0000,5452,2386.5468,0.0000,849,1000,1000,1,989.5550
54530.0000,5453,2386.6315,0.0000,849,1000,1000,1,989.5569
54540.0000,5454,2386.7166,0.0000,850,1000,1000,1,989.5589
54550.0000,5455,2386.8013,0.0000,843,1000,1000,1,989.5608
54560.0000,5456,2386.8848,0.0000,840,1000,1000,1,989.5627
54570.0000,5457,2386.9672,0.0000,835,1000,1000,1,989.5646
54580.0000,5458,2387.0491,0.0000,839,1000,1000,1,989.5665
54590.0000,5459,2387.1319,0.0000,841,1000,1000,1,989.5684
54600.0000,5460,2387.2152,0.0000,844,1000,1000,1,989.5703
54610.0000,5461,2387.2987,0.0000,845,1000,1000,1,989.5722
54620.0000,5462,2387.3819,0.0000,841,1000,1000,1,989.5741
54630.0000,5463,2387.4645,0.0000,839,1000,1000,1,989.5761
54640.0000,5464,2387.5472,0.0000,839,1000,1000,1,989.5780
54650.0000,5465,2387.6301,0.0000,840,1000,1000,1,989.5799
54660.0000,5466,2387.7138,0.0000,845,1000,1000,1,989.5818
54670.0000,5467,2387.7978,0.0000,848,1000,1000,1,989.5837
54680.0000,5468,2387.8823,0.0000,849,1000,1000,1,989.5856
54690.0000,5469,2387.9653,0.0000,840,1000,1000,1,989.5875
54700.0000,5470,2388.0481,0.0000,844,1000,1000,1,989.5894
54710.0000,5471,2388.1322,0.0000,851,1000,1000,1,989.5913
54720.0000,5472,2388.2172,0.0000,855,1000,1000,1,989.5932
54730.0000,5473,2388.3036,0.0000,867,1000,1000,1,989.5951
54740.0000,5474,2388.3914,0.0000,871,1000,1000,1,989.5970
54750.0000,5475,2388.4795,0.0000,868,1000,1000,1,989.5989
54760.0000,5476,2388.5674,0.0000,868,1000,1000,1,989.6008
54770.0000,5477,2388.6551,0.0000,871,1000,1000,1,989.6027
54780.0000,5478,2388.7437,0.0000,878,1000,1000,1,989.6046
54790.0000,5479,2388.8325,0.0000,872,1000,1000,1,989.6065
54800.0000,5480,2388.9204,0.0000,867,1000,1000,1,989.6084
54810.0000,5481,2389.0079,0.0000,867,1000,1000,1,989.6103
54820.0000,5482,2389.0948,0.0000,866,1000,1000,1,989.6122
54830.0000,5483,2389.1822,0.0000,864,1000,1000,1,989.6141
54840.0000,5484,2389.2684,0.0000,862,1000,1000,1,989.6160
54850.0000,5485,2389.3543,0.0000,857,1000,1000,1,989.6179
54860.0000,5486,2389.4388,0.0000,851,1000,1000,1,989.6198
54870.0000,5487,2389.5236,0.0000,858,1000,1000,1,989.6217
54880.0000,5488,2389.6083,0.0000,849,1000,1000,1,989.6235
54890.0000,5489,2389.6917,0.0000,847,1000,1000,1,989.6254
54900.0000,5490,2389.7751,0.0000,845,1000,1000,1,989.6273
54910.0000,5491,2389.8573,0.0000,842,1000,1000,1,989.6292
54920.0000,5492,2389.9393,0.0000,837,1000,1000,1,989.6311
54930.0000,5493,2390.0204,0.0000,837,1000,1000,1,989.6330
54940.0000,5494,2390.1015,0.0000,835,1000,1000,1,989.6349
54950.0000,5495,2390.1818,0.0000,831,1000,1000,1,989.6368
54960.0000,5496,2390.2626,0.0000,834,1000,1000,1,989.6386
54970.0000,5497,2390.3431,0.0000,831,1000,1000,1,989.6405
54980.0000,5498,2390.4229,0.0000,825,1000,1000,1,989.6424
54990.0000,5499,2390.5022,0.0000,828,1000,1000,1,989.6443
55000.0000,5500,2390.5820,0.0000,830,1000,1000,1,989.6462
55010.0000,5501,2390.6609,0.0000,820,1000,1000,1,989.6481
55020.0000,5502,2390.7393,0.0000,825,1000,1000,1,989.6499
55030.0000,5503,2390.8184,0.0000,829,1000,1000,1,989.6518
55040.0000,5504,2390.8987,0.0000,837,1000,1000,1,989.6537
55050.0000,5505,2390.9795,0.0000,837,1000,1000,1,989.6556
55060.0000,5506,2391.0598,0.0000,832,1000,1000,1,989.6575
55070.0000,5507,2391.1400,0.0000,833,1000,1000,1,989.6593
55080.0000,5508,2391.2206,0.0000,836,1000,1000,1,989.6612
55090.0000,5509,2391.3006,0.0000,829,1000,1000,1,989.6631
55100.0000,5510,2391.3797,0.0000,827,1000,1000,1,989.6650
55110.0000,5511,2391.4594,0.0000,829,1000,1000,1,989.6668
55120.0000,5512,2391.5383,0.0000,824,1000,1000,1,989.6687
55130.0000,5513,2391.6169,0.0000,824,1000,1000,1,989.6706
55140.0000,5514,2391.6946,0.0000,822,1000,1000,1,989.6725
55150.0000,5515,2391.7719,0.0000,814,1000,1000,1,989.6743
55160.0000,5516,2391.8488,0.0000,821,1000,1000,1,989.6762
55170.0000,5517,2391.9260,0.0000,814,1000,1000,1,989.6781
55180.0000,5518,2392.0025,0.0000,814,1000,1000,1,989.6800
55190.0000,5519,2392.0783,0.0000,809,1000,1000,1,989.6818
55200.0000,5520,2392.1542,0.0000,808,1000,1000,1,989.6837
55210.0000,5521,2392.2290,0.0000,803,1000,1000,1,989.6856
55220.0000,5522,2392.3041,0.0000,812,1000,1000,1,989.6874
55230.0000,5523,2392.3805,0.0000,817,1000,1000,1,989.6893
55240.0000,5524,2392.4568,0.0000,810,1000,1000,1,989.6912
55250.0000,5525,2392.5322,0.0000,808,1000,1000,1,989.6930
55260.0000,5526,2392.6081,0.0000,814,1000,1000,1,989.6949
55270.0000,5527,2392.6835,0.0000,807,1000,1000,1,989.6968
55280.0000,5528,2392.7583,0.0000,801,1000,1000,1,989.6986
55290.0000,5529,2392.8326,0.0000,803,1000,1000,1,989.7005
55300.0000,5530,2392.9063,0.0000,799,1000,1000,1,989.7024
55310.0000,5531,2392.9802,0.0000,800,1000,1000,1,989.7042
55320.0000,5532,2393.0536,0.0000,797,1000,1000,1,989.7061
55330.0000,5533,2393.1273,0.0000,802,1000,1000,1,989.7079
55340.0000,5534,2393.2016,0.0000,804,1000,1000,1,989.7098
55350.0000,5535,2393.2755,0.0000,799,1000,1000,1,989.7117
55360.0000,5536,2393.3481,0.0000,791,1000,1000,1,989.7135
55370.0000,5537,2393.4201,0.0000,796,1000,1000,1,989.7154
55380.0000,5538,2393.4932,0.0000,799,1000,1000,1,989.7172
55390.0000,5539,2393.5662,0.0000,798,1000,1000,1,989.7191
55400.0000,5540,2393.6386,0.0000,792,1000,1000,1,989.7209
55410.0000,5541,2393.7098,0.0000,785,1000,1000,1,989.7228
55420.0000,5542,2393.7804,0.0000,785,1000,1000,1,989.7246
55430.0000,5543,2393.8512,0.0000,786,1000,1000,1,989.7265
55440.0000,5544,2393.9222,0.0000,783,1000,1000,1,989.7284
55450.0000,5545,2393.9926,0.0000,784,1000,1000,1,989.7302
55460.0000,5546,2394.0628,0.0000,782,1000,1000,1,989.7321
55470.0000,5547,2394.1329,0.0000,784,1000,1000,1,989.7339
55480.0000,5548,2394.2035,0.0000,784,1000,1000,1,989.7358
55490.0000,5549,2394.2735,0.0000,786,1000,1000,1,989.7376
55500.0000,5550,2394.3436,0.0000,782,1000,1000,1,989.7395
55510.0000,5551,2394.4137,0.0000,782,1000,1000,1,989.7413
55520.0000,5552,2394.4839,0.0000,786,1000,1000,1,989.7432
55530.0000,5553,2394.5545,0.0000,788,1000,1000,1,989.7450
55540.0000,5554,2394.6249,0.0000,784,1000,1000,1,989.7468
55550.0000,5555,2394.6943,0.0000,777,1000,1000,1,989.7487
55560.0000,5556,2394.7630,0.0000,773,1000,1000,1,989.7505
55570.0000,5557,2394.8310,0.0000,770,1000,1000,1,989.7524
55580.0000,5558,2394.8987,0.0000,771,1000,1000,1,989.7542
55590.0000,5559,2394.9663,0.0000,776,1000,1000,1,989.7561
55600.0000,5560,2395.0347,0.0000,772,1000,1000,1,989.7579
55610.0000,5561,2395.1017,0.0000,767,1000,1000,1,989.7598
55620.0000,5562,2395.1682,0.0000,763,1000,1000,1,989.7616
55630.0000,5563,2395.2344,0.0000,760,1000,1000,1,989.7634
55640.0000,5564,2395.3003,0.0000,764,1000,1000,1,989.7653
55650.0000,5565,2395.3666,0.0000,766,1000,1000,1,989.7671
55660.0000,5566,2395.4329,0.0000,764,1000,1000,1,989.7690
55670.0000,5567,2395.4992,0.0000,765,1000,1000,1,989.7708
55680.0000,5568,2395.5655,0.0000,764,1000,1000,1,989.7726
55690.0000,5569,2395.6313,0.0000,760,1000,1000,1,989.7745
55700.0000,5570,2395.6960,0.0000,754,1000,1000,1,989.7763
55710.0000,5571,2395.7600,0.0000,752,1000,1000,1,989.7781
55720.0000,5572,2395.8238,0.0000,751,1000,1000,1,989.7800
55730.0000,5573,2395.8877,0.0000,752,1000,1000,1,989.7818
55740.0000,5574,2395.9517,0.0000,751,1000,1000,1,989.7836
55750.0000,5575,2396.0153,0.0000,748,1000,1000,1,989.7855
55760.0000,5576,2396.0788,0.0000,752,1000,1000,1,989.7873
55770.0000,5577,2396.1425,0.0000,750,1000,1000,1,989.7891
55780.0000,5578,2396.2060,0.0000,750,1000,1000,1,989.7910
55790.0000,5579,2396.2696,0.0000,750,1000,1000,1,989.7928
55800.0000,5580,2396.3326,0.0000,746,1000,1000,1,989.7946
55810.0000,5581,2396.3956,0.0000,746,1000,1000,1,989.7965
55820.0000,5582,2396.4582,0.0000,742,1000,1000,1,989.7983
55830.0000,5583,2396.5204,0.0000,741,1000,1000,1,989.8001
55840.0000,5584,2396.5808,0.0000,733,1000,1000,1,989.8019
55850.0000,5585,2396.6410,0.0000,730,1000,1000,1,989.8038
55860.0000,5586,2396.7000,0.0000,722,1000,1000,1,989.8056
55870.0000,5587,2396.7576,0.0000,718,1000,1000,1,989.8074
55880.0000,5588,2396.8151,0.0000,716,1000,1000,1,989.8092
55890.0000,5589,2396.8726,0.0000,720,1000,1000,1,989.8111
55900.0000,5590,2396.9317,0.0000,734,1000,1000,1,989.8129
55910.0000,5591,2396.9917,0.0000,731,1000,1000,1,989.8147
55920.0000,5592,2397.0506,0.0000,724,1000,1000,1,989.8165
55930.0000,5593,2397.1087,0.0000,724,1000,1000,1,989.8183
55940.0000,5594,2397.1674,0.0000,720,1000,1000,1,989.8202
55950.0000,5595,2397.2247,0.0000,715,1000,1000,1,989.8220
55960.0000,5596,2397.2808,0.0000,710,1000,1000,1,989.8238
55970.0000,5597,2397.3363,0.0000,709,1000,1000,1,989.8256
55980.0000,5598,2397.3923,0.0000,713,1000,1000,1,989.8274
55990.0000,5599,2397.4488,0.0000,713,1000,1000,1,989.8293
56000.0000,5600,2397.5055,0.0000,715,1000,1000,1,989.8311
56010.0000,5601,2397.5628,0.0000,724,1000,1000,1,989.8329
56020.0000,5602,2397.6211,0.0000,723,1000,1000,1,989.8347
56030.0000,5603,2397.6791,0.0000,724,1000,1000,1,989.8365
56040.0000,5604,2397.7372,0.0000,723,1000,1000,1,989.8383
56050.0000,5605,2397.7947,0.0000,718,1000,1000,1,989.8401
56060.0000,5606,2397.8518,0.0000,718,1000,1000,1,989.8420
56070.0000,5607,2397.9083,0.0000,713,1000,1000,1,989.8438
56080.0000,5608,2397.9642,0.0000,712,1000,1000,1,989.8456
56090.0000,5609,2398.0200,0.0000,713,1000,1000,1,989.8474
56100.0000,5610,2398.0763,0.0000,714,1000,1000,1,989.8492
56110.0000,5611,2398.1325,0.0000,713,1000,1000,1,989.8510
56120.0000,5612,2398.1893,0.0000,720,1000,1000,1,989.8528
56130.0000,5613,2398.2468,0.0000,720,1000,1000,1,989.8546
56140.0000,5614,2398.3037,0.0000,714,1000,1000,1,989.8564
56150.0000,5615,2398.3602,0.0000,717,1000,1000,1,989.8582
56160.0000,5616,2398.4170,0.0000,720,1000,1000,1,989.8600
56170.0000,5617,2398.4746,0.0000,720,1000,1000,1,989.8618
56180.0000,5618,2398.5325,0.0000,725,1000,1000,1,989.8637
56190.0000,5619,2398.5899,0.0000,722,1000,1000,1,989.8655
56200.0000,5620,2398.6483,0.0000,730,1000,1000,1,989.8673
56210.0000,5621,2398.7064,0.0000,725,1000,1000,1,989.8691
56220.0000,5622,2398.7649,0.0000,728,1000,1000,1,989.8709
56230.0000,5623,2398.8239,0.0000,730,1000,1000,1,989.8727
56240.0000,5624,2398.8823,0.0000,726,1000,1000,1,989.8745
56250.0000,5625,2398.9410,0.0000,727,1000,1000,1,989.8763
56260.0000,5626,2398.9995,0.0000,729,1000,1000,1,989.8781
56270.0000,5627,2399.0584,0.0000,727,1000,1000,1,989.8799
56280.0000,5628,2399.1166,0.0000,728,1000,1000,1,989.8817
56290.0000,5629,2399.1757,0.0000,733,1000,1000,1,989.8835
56300.0000,5630,2399.2338,0.0000,722,1000,1000,1,989.8853
56310.0000,5631,2399.2910,0.0000,720,1000,1000,1,989.8871
56320.0000,5632,2399.3480,0.0000,716,1000,1000,1,989.8888
56330.0000,5633,2399.4045,0.0000,718,1000,1000,1,989.8906
56340.0000,5634,2399.4613,0.0000,720,1000,1000,1,989.8924
56350.0000,5635,2399.5175,0.0000,716,1000,1000,1,989.8942
56360.0000,5636,2399.5738,0.0000,716,1000,1000,1,989.8960
56370.0000,5637,2399.6290,0.0000,706,1000,1000,1,989.8978
56380.0000,5638,2399.6825,0.0000,696,1000,1000,1,989.8996
56390.0000,5639,2399.7351,0.0000,697,1000,1000,1,989.9014
56400.0000,5640,2399.7871,0.0000,687,1000,1000,1,989.9032
56410.0000,5641,2399.8386,0.0000,694,1000,1000,1,989.9050
56420.0000,5642,2399.8905,0.0000,689,1000,1000,1,989.9068
56430.0000,5643,2399.9407,0.0000,684,1000,1000,1,989.9086
56440.0000,5644,2399.9909,0.0000,684,1000,1000,1,989.9103
56450.0000,5645,2400.0406,0.0000,679,1000,1000,1,989.9121
56460.0000,5646,2400.0899,0.0000,680,1000,1000,1,989.9139
56470.0000,5647,2400.1401,0.0000,687,1000,1000,1,989.9157
56480.0000,5648,2400.1910,0.0000,690,1000,1000,1,989.9175
56490.0000,5649,2400.2424,0.0000,686,1000,1000,1,989.9193
56500.0000,5650,2400.2928,0.0000,683,1000,1000,1,989.9211
56510.0000,5651,2400.3428,0.0000,681,1000,1000,1,989.9228
56520.0000,5652,2400.3928,0.0000,685,1000,1000,1,989.9246
56530.0000,5653,2400.4429,0.0000,680,1000,1000,1,989.9264
56540.0000,5654,2400.4928,0.0000,684,1000,1000,1,989.9282
56550.0000,5655,2400.5432,0.0000,687,1000,1000,1,989.9300
56560.0000,5656,2400.5938,0.0000,685,1000,1000,1,989.9318
56570.0000,5657,2400.6441,0.0000,684,1000,1000,1,989.9335
56580.0000,5658,2400.6932,0.0000,673,1000,1000,1,989.9353
56590.0000,5659,2400.7410,0.0000,668,1000,1000,1,989.9371
56600.0000,5660,2400.7879,0.0000,664,1000,1000,1,989.9389
56610.0000,5661,2400.8352,0.0000,671,1000,1000,1,989.9406
56620.0000,5662,2400.8827,0.0000,671,1000,1000,1,989.9424
56630.0000,5663,2400.9305,0.0000,667,1000,1000,1,989.9442
56640.0000,5664,2400.9776,0.0000,668,1000,1000,1,989.9460
56650.0000,5665,2401.0247,0.0000,665,1000,1000,1,989.9477
56660.0000,5666,2401.0713,0.0000,664,1000,1000,1,989.9495
56670.0000,5667,2401.1177,0.0000,663,1000,1000,1,989.9513
56680.0000,5668,2401.1639,0.0000,661,1000,1000,1,989.9531
56690.0000,5669,2401.2098,0.0000,658,1000,1000,1,989.9548
56700.0000,5670,2401.2543,0.0000,652,1000,1000,1,989.9566
56710.0000,5671,2401.2979,0.0000,645,1000,1000,1,989.9584
56720.0000,5672,2401.3405,0.0000,641,1000,1000,1,989.9602
56730.0000,5673,2401.3823,0.0000,635,1000,1000,1,989.9619
56740.0000,5674,2401.4231,0.0000,631,1000,1000,1,989.9637
56750.0000,5675,2401.4633,0.0000,633,1000,1000,1,989.9655
56760.0000,5676,2401.5033,0.0000,627,1000,1000,1,989.9672
56770.0000,5677,2401.5426,0.0000,622,1000,1000,1,989.9690
56780.0000,5678,2401.5808,0.0000,618,1000,1000,1,989.9708
56790.0000,5679,2401.6187,0.0000,614,1000,1000,1,989.9725
56800.0000,5680,2401.6561,0.0000,614,1000,1000,1,989.9743
56810.0000,5681,2401.6932,0.0000,609,1000,1000,1,989.9761
56820.0000,5682,2401.7301,0.0000,612,1000,1000,1,989.9778
56830.0000,5683,2401.7672,0.0000,610,1000,1000,1,989.9796
56840.0000,5684,2401.8046,0.0000,617,1000,1000,1,989.9814
56850.0000,5685,2401.8429,0.0000,619,1000,1000,1,989.9831
56860.0000,5686,2401.8810,0.0000,619,1000,1000,1,989.9849
56870.0000,5687,2401.9192,0.0000,621,1000,1000,1,989.9866
56880.0000,5688,2401.9576,0.0000,620,1000,1000,1,989.9884
56890.0000,5689,2401.9964,0.0000,625,1000,1000,1,989.9902
56900.0000,5690,2402.0360,0.0000,626,1000,1000,1,989.9919
56910.0000,5691,2402.0744,0.0000,619,1000,1000,1,989.9937
56920.0000,5692,2402.1121,0.0000,616,1000,1000,1,989.9954
56930.0000,5693,2402.1491,0.0000,612,1000,1000,1,989.9972
56940.0000,5694,2402.1849,0.0000,599,1000,1000,1,989.9989
56950.0000,5695,2402.2198,0.0000,603,1000,1000,1,990.0007
56960.0000,5696,2402.2558,0.0000,609,1000,1000,1,990.0025
56970.0000,5697,2402.2921,0.0000,609,1000,1000,1,990.0042
56980.0000,5698,2402.3278,0.0000,607,1000,1000,1,990.0060
56990.0000,5699,2402.3642,0.0000,605,1000,1000,1,990.0077
57000.0000,5700,2402.3994,0.0000,599,1000,1000,1,990.0095
57010.0000,5701,2402.4336,0.0000,596,1000,1000,1,990.0112
57020.0000,5702,2402.4678,0.0000,598,1000,1000,1,990.0130
57030.0000,5703,2402.5017,0.0000,595,1000,1000,1,990.0147
57040.0000,5704,2402.5355,0.0000,601,1000,1000,1,990.0165
57050.0000,5705,2402.5700,0.0000,602,1000,1000,1,990.0182
57060.0000,5706,2402.6044,0.0000,596,1000,1000,1,990.0200
57070.0000,5707,2402.6383,0.0000,595,1000,1000,1,990.0217
57080.0000,5708,2402.6718,0.0000,594,1000,1000,1,990.0235
57090.0000,5709,2402.7047,0.0000,590,1000,1000,1,990.0252
57100.0000,5710,2402.7364,0.0000,580,1000,1000,1,990.0270
57110.0000,5711,2402.7673,0.0000,576,1000,1000,1,990.0287
57120.0000,5712,2402.7978,0.0000,578,1000,1000,1,990.0305
57130.0000,5713,2402.8281,0.0000,574,1000,1000,1,990.0322
57140.0000,5714,2402.8576,0.0000,575,1000,1000,1,990.0340
57150.0000,5715,2402.8880,0.0000,576,1000,1000,1,990.0357
57160.0000,5716,2402.9183,0.0000,578,1000,1000,1,990.0374
57170.0000,5717,2402.9488,0.0000,576,1000,1000,1,990.0392
57180.0000,5718,2402.9797,0.0000,586,1000,1000,1,990.0409
57190.0000,5719,2403.0111,0.0000,584,1000,1000,1,990.0427
57200.0000,5720,2403.0432,0.0000,586,1000,1000,1,990.0444
57210.0000,5721,2403.0749,0.0000,583,1000,1000,1,990.0461
57220.0000,5722,2403.1066,0.0000,585,1000,1000,1,990.0479
57230.0000,5723,2403.1388,0.0000,587,1000,1000,1,990.0496
57240.0000,5724,2403.1717,0.0000,593,1000,1000,1,990.0514
57250.0000,5725,2403.2046,0.0000,588,1000,1000,1,990.0531
57260.0000,5726,2403.2375,0.0000,593,1000,1000,1,990.0548
57270.0000,5727,2403.2707,0.0000,590,1000,1000,1,990.0566
57280.0000,5728,2403.3033,0.0000,590,1000,1000,1,990.0583
57290.0000,5729,2403.3358,0.0000,588,1000,1000,1,990.0600
57300.0000,5730,2403.3681,0.0000,589,1000,1000,1,990.0618
57310.0000,5731,2403.4007,0.0000,597,1000,1000,1,990.0635
57320.0000,5732,2403.4349,0.0000,598,1000,1000,1,990.0652
57330.0000,5733,2403.4680,0.0000,592,1000,1000,1,990.0670
57340.0000,5734,2403.5005,0.0000,589,1000,1000,1,990.0687
57350.0000,5735,2403.5326,0.0000,584,1000,1000,1,990.0704
57360.0000,5736,2403.5640,0.0000,584,1000,1000,1,990.0722
57370.0000,5737,2403.5948,0.0000,583,1000,1000,1,990.0739
57380.0000,5738,2403.6260,0.0000,580,1000,1000,1,990.0756
57390.0000,5739,2403.6569,0.0000,582,1000,1000,1,990.0774
57400.0000,5740,2403.6886,0.0000,586,1000,1000,1,990.0791
57410.0000,5741,2403.7204,0.0000,589,1000,1000,1,990.0808
57420.0000,5742,2403.7523,0.0000,586,1000,1000,1,990.0825
57430.0000,5743,2403.7837,0.0000,579,1000,1000,1,990.0843
57440.0000,5744,2403.8142,0.0000,580,1000,1000,1,990.0860
57450.0000,5745,2403.8443,0.0000,580,1000,1000,1,990.0877
57460.0000,5746,2403.8748,0.0000,577,1000,1000,1,990.0895
57470.0000,5747,2403.9044,0.0000,572,1000,1000,1,990.0912
57480.0000,5748,2403.9339,0.0000,575,1000,1000,1,990.0929
57490.0000,5749,2403.9637,0.0000,577,1000,1000,1,990.0946
57500.0000,5750,2403.9933,0.0000,574,1000,1000,1,990.0963
57510.0000,5751,2404.0224,0.0000,569,1000,1000,1,990.0981
57520.0000,5752,2404.0517,0.0000,576,1000,1000,1,990.0998
57530.0000,5753,2404.0809,0.0000,569,1000,1000,1,990.1015
57540.0000,5754,2404.1087,0.0000,561,1000,1000,1,990.1032
57550.0000,5755,2404.1358,0.0000,558,1000,1000,1,990.1050
57560.0000,5756,2404.1620,0.0000,553,1000,1000,1,990.1067
57570.0000,5757,2404.1874,0.0000,551,1000,1000,1,990.1084
57580.0000,5758,2404.2128,0.0000,548,1000,1000,1,990.1101
57590.0000,5759,2404.2384,0.0000,551,1000,1000,1,990.1118
57600.0000,5760,2404.2639,0.0000,553,1000,1000,1,990.1135
57610.0000,5761,2404.2893,0.0000,549,1000,1000,1,990.1153
57620.0000,5762,2404.3140,0.0000,545,1000,1000,1,990.1170
57630.0000,5763,2404.3387,0.0000,547,1000,1000,1,990.1187
57640.0000,5764,2404.3633,0.0000,545,1000,1000,1,990.1204
57650.0000,5765,2404.3876,0.0000,540,1000,1000,1,990.1221
57660.0000,5766,2404.4104,0.0000,537,1000,1000,1,990.1238
57670.0000,5767,2404.4327,0.0000,529,1000,1000,1,990.1255
57680.0000,5768,2404.4535,0.0000,523,1000,1000,1,990.1273
57690.0000,5769,2404.4740,0.0000,522,1000,1000,1,990.1290
57700.0000,5770,2404.4942,0.0000,523,1000,1000,1,990.1307
57710.0000,5771,2404.5148,0.0000,523,1000,1000,1,990.1324
57720.0000,5772,2404.5360,0.0000,530,1000,1000,1,990.1341
57730.0000,5773,2404.5582,0.0000,532,1000,1000,1,990.1358
57740.0000,5774,2404.5801,0.0000,528,1000,1000,1,990.1375
57750.0000,5775,2404.6013,0.0000,527,1000,1000,1,990.1392
57760.0000,5776,2404.6219,0.0000,522,1000,1000,1,990.1409
57770.0000,5777,2404.6418,0.0000,516,1000,1000,1,990.1426
57780.0000,5778,2404.6610,0.0000,518,1000,1000,1,990.1443
57790.0000,5779,2404.6809,0.0000,522,1000,1000,1,990.1460
57800.0000,5780,2404.7011,0.0000,518,1000,1000,1,990.1478
57810.0000,5781,2404.7208,0.0000,519,1000,1000,1,990.1495
57820.0000,5782,2404.7414,0.0000,525,1000,1000,1,990.1512
57830.0000,5783,2404.7619,0.0000,522,1000,1000,1,990.1529
57840.0000,5784,2404.7828,0.0000,529,1000,1000,1,990.1546
57850.0000,5785,2404.8040,0.0000,527,1000,1000,1,990.1563
57860.0000,5786,2404.8239,0.0000,514,1000,1000,1,990.1580
57870.0000,5787,2404.8426,0.0000,514,1000,1000,1,990.1597
57880.0000,5788,2404.8618,0.0000,519,1000,1000,1,990.1614
57890.0000,5789,2404.8821,0.0000,523,1000,1000,1,990.1631
57900.0000,5790,2404.9026,0.0000,522,1000,1000,1,990.1648
57910.0000,5791,2404.9219,0.0000,515,1000,1000,1,990.1665
57920.0000,5792,2404.9406,0.0000,510,1000,1000,1,990.1682
57930.0000,5793,2404.9589,0.0000,507,1000,1000,1,990.1699
57940.0000,5794,2404.9769,0.0000,511,1000,1000,1,990.1716
57950.0000,5795,2404.9953,0.0000,509,1000,1000,1,990.1733
57960.0000,5796,2405.0133,0.0000,509,1000,1000,1,990.1749
57970.0000,5797,2405.0310,0.0000,503,1000,1000,1,990.1766
57980.0000,5798,2405.0481,0.0000,503,1000,1000,1,990.1783
57990.0000,5799,2405.0647,0.0000,497,1000,1000,1,990.1800
58000.0000,5800,2405.0804,0.0000,497,1000,1000,1,990.1817
58010.0000,5801,2405.0971,0.0000,503,1000,1000,1,990.1834
58020.0000,5802,2405.1138,0.0000,501,1000,1000,1,990.1851
58030.0000,5803,2405.1308,0.0000,505,1000,1000,1,990.1868
58040.0000,5804,2405.1478,0.0000,502,1000,1000,1,990.1885
58050.0000,5805,2405.1648,0.0000,504,1000,1000,1,990.1902
58060.0000,5806,2405.1821,0.0000,502,1000,1000,1,990.1919
58070.0000,5807,2405.1989,0.0000,503,1000,1000,1,990.1936
58080.0000,5808,2405.2154,0.0000,501,1000,1000,1,990.1952
58090.0000,5809,2405.2308,0.0000,491,1000,1000,1,990.1969
58100.0000,5810,2405.2450,0.0000,486,1000,1000,1,990.1986
58110.0000,5811,2405.2588,0.0000,484,1000,1000,1,990.2003
58120.0000,5812,2405.2725,0.0000,489,1000,1000,1,990.2020
58130.0000,5813,2405.2870,0.0000,489,1000,1000,1,990.2037
58140.0000,5814,2405.3014,0.0000,489,1000,1000,1,990.2054
58150.0000,5815,2405.3163,0.0000,491,1000,1000,1,990.2071
58160.0000,5816,2405.3308,0.0000,488,1000,1000,1,990.2087
58170.0000,5817,2405.3451,0.0000,484,1000,1000,1,990.2104
58180.0000,5818,2405.3586,0.0000,485,1000,1000,1,990.2121
58190.0000,5819,2405.3733,0.0000,495,1000,1000,1,990.2138
58200.0000,5820,2405.3891,0.0000,504,1000,1000,1,990.2155
58210.0000,5821,2405.4059,0.0000,506,1000,1000,1,990.2171
58220.0000,5822,2405.4233,0.0000,505,1000,1000,1,990.2188
58230.0000,5823,2405.4403,0.0000,505,1000,1000,1,990.2205
58240.0000,5824,2405.4578,0.0000,506,1000,1000,1,990.2222
58250.0000,5825,2405.4748,0.0000,503,1000,1000,1,990.2239
58260.0000,5826,2405.4919,0.0000,509,1000,1000,1,990.2255
58270.0000,5827,2405.5105,0.0000,515,1000,1000,1,990.2272
58280.0000,5828,2405.5292,0.0000,515,1000,1000,1,990.2289
58290.0000,5829,2405.5480,0.0000,512,1000,1000,1,990.2306
58300.0000,5830,2405.5667,0.0000,515,1000,1000,1,990.2322
58310.0000,5831,2405.5857,0.0000,519,1000,1000,1,990.2339
58320.0000,5832,2405.6055,0.0000,524,1000,1000,1,990.2356
58330.0000,5833,2405.6260,0.0000,527,1000,1000,1,990.2373
58340.0000,5834,2405.6463,0.0000,523,1000,1000,1,990.2389
58350.0000,5835,2405.6660,0.0000,518,1000,1000,1,990.2406
58360.0000,5836,2405.6850,0.0000,513,1000,1000,1,990.2423
58370.0000,5837,2405.7033,0.0000,511,1000,1000,1,990.2440
58380.0000,5838,2405.7205,0.0000,505,1000,1000,1,990.2456
58390.0000,5839,2405.7376,0.0000,508,1000,1000,1,990.2473
58400.0000,5840,2405.7555,0.0000,507,1000,1000,1,990.2490
58410.0000,5841,2405.7733,0.0000,512,1000,1000,1,990.2506
58420.0000,5842,2405.7909,0.0000,512,1000,1000,1,990.2523
58430.0000,5843,2405.8086,0.0000,505,1000,1000,1,990.2540
58440.0000,5844,2405.8248,0.0000,498,1000,1000,1,990.2556
58450.0000,5845,2405.8398,0.0000,492,1000,1000,1,990.2573
58460.0000,5846,2405.8545,0.0000,493,1000,1000,1,990.2590
58470.0000,5847,2405.8694,0.0000,490,1000,1000,1,990.2606
58480.0000,5848,2405.8837,0.0000,492,1000,1000,1,990.2623
58490.0000,5849,2405.8976,0.0000,485,1000,1000,1,990.2640
58500.0000,5850,2405.9114,0.0000,487,1000,1000,1,990.2656
58510.0000,5851,2405.9251,0.0000,487,1000,1000,1,990.2673
58520.0000,5852,2405.9392,0.0000,486,1000,1000,1,990.2690
58530.0000,5853,2405.9535,0.0000,492,1000,1000,1,990.2706
58540.0000,5854,2405.9679,0.0000,493,1000,1000,1,990.2723
58550.0000,5855,2405.9821,0.0000,485,1000,1000,1,990.2740
58560.0000,5856,2405.9962,0.0000,490,1000,1000,1,990.2756
58570.0000,5857,2406.0104,0.0000,488,1000,1000,1,990.2773
58580.0000,5858,2406.0245,0.0000,488,1000,1000,1,990.2789
58590.0000,5859,2406.0381,0.0000,485,1000,1000,1,990.2806
58600.0000,5860,2406.0514,0.0000,478,1000,1000,1,990.2823
58610.0000,5861,2406.0639,0.0000,478,1000,1000,1,990.2839
58620.0000,5862,2406.0760,0.0000,474,1000,1000,1,990.2856
58630.0000,5863,2406.0880,0.0000,477,1000,1000,1,990.2872
58640.0000,5864,2406.1001,0.0000,474,1000,1000,1,990.2889
58650.0000,5865,2406.1114,0.0000,472,1000,1000,1,990.2905
58660.0000,5866,2406.1226,0.0000,471,1000,1000,1,990.2922
58670.0000,5867,2406.1330,0.0000,460,1000,1000,1,990.2938
58680.0000,5868,2406.1423,0.0000,464,1000,1000,1,990.2955
58690.0000,5869,2406.1522,0.0000,463,1000,1000,1,990.2972
58700.0000,5870,2406.1621,0.0000,466,1000,1000,1,990.2988
58710.0000,5871,2406.1720,0.0000,463,1000,1000,1,990.3005
58720.0000,5872,2406.1812,0.0000,460,1000,1000,1,990.3021
58730.0000,5873,2406.1904,0.0000,459,1000,1000,1,990.3038
58740.0000,5874,2406.2000,0.0000,465,1000,1000,1,990.3054
58750.0000,5875,2406.2108,0.0000,473,1000,1000,1,990.3071
58760.0000,5876,2406.2221,0.0000,471,1000,1000,1,990.3087
58770.0000,5877,2406.2324,0.0000,466,1000,1000,1,990.3104
58780.0000,5878,2406.2422,0.0000,465,1000,1000,1,990.3120
58790.0000,5879,2406.2529,0.0000,470,1000,1000,1,990.3137
58800.0000,5880,2406.2638,0.0000,472,1000,1000,1,990.3153
58810.0000,5881,2406.2744,0.0000,463,1000,1000,1,990.3170
58820.0000,5882,2406.2849,0.0000,470,1000,1000,1,990.3186
58830.0000,5883,2406.2960,0.0000,471,1000,1000,1,990.3202
58840.0000,5884,2406.3066,0.0000,467,1000,1000,1,990.3219
58850.0000,5885,2406.3166,0.0000,464,1000,1000,1,990.3235
58860.0000,5886,2406.3265,0.0000,463,1000,1000,1,990.3252
58870.0000,5887,2406.3363,0.0000,465,1000,1000,1,990.3268
58880.0000,5888,2406.3463,0.0000,465,1000,1000,1,990.3285
58890.0000,5889,2406.3562,0.0000,466,1000,1000,1,990.3301
58900.0000,5890,2406.3660,0.0000,464,1000,1000,1,990.3317
58910.0000,5891,2406.3756,0.0000,464,1000,1000,1,990.3334
58920.0000,5892,2406.3854,0.0000,465,1000,1000,1,990.3350
58930.0000,5893,2406.3950,0.0000,461,1000,1000,1,990.3367
58940.0000,5894,2406.4040,0.0000,462,1000,1000,1,990.3383
58950.0000,5895,2406.4137,0.0000,467,1000,1000,1,990.3399
58960.0000,5896,2406.4242,0.0000,472,1000,1000,1,990.3416
58970.0000,5897,2406.4337,0.0000,454,1000,1000,1,990.3432
58980.0000,5898,2406.4421,0.0000,455,1000,1000,1,990.3449
58990.0000,5899,2406.4503,0.0000,456,1000,1000,1,990.3465
59000.0000,5900,2406.4581,0.0000,453,1000,1000,1,990.3481
59010.0000,5901,2406.4659,0.0000,448,1000,1000,1,990.3498
59020.0000,5902,2406.4726,0.0000,444,1000,1000,1,990.3514
59030.0000,5903,2406.4792,0.0000,443,1000,1000,1,990.3530
59040.0000,5904,2406.4856,0.0000,445,1000,1000,1,990.3547
59050.0000,5905,2406.4917,0.0000,438,1000,1000,1,990.3563
59060.0000,5906,2406.4960,0.0000,429,1000,1000,1,990.3579
59070.0000,5907,2406.4995,0.0000,426,1000,1000,1,990.3596
59080.0000,5908,2406.5026,0.0000,423,1000,1000,1,990.3612
59090.0000,5909,2406.5045,0.0000,415,1000,1000,1,990.3628
59100.0000,5910,2406.5056,0.0000,414,1000,1000,1,990.3645
59110.0000,5911,2406.5073,0.0000,417,1000,1000,1,990.3661
59120.0000,5912,2406.5094,0.0000,419,1000,1000,1,990.3677
59130.0000,5913,2406.5106,0.0000,407,1000,1000,1,990.3694
59140.0000,5914,2406.5105,0.0000,404,1000,1000,1,990.3710
59150.0000,5915,2406.5098,0.0000,398,1000,1000,1,990.3726
59160.0000,5916,2406.5083,0.0000,393,1000,1000,1,990.3742
59170.0000,5917,2406.5055,0.0000,387,1000,1000,1,990.3759
59180.0000,5918,2406.5025,0.0000,389,1000,1000,1,990.3775
59190.0000,5919,2406.4992,0.0000,385,1000,1000,1,990.3791
59200.0000,5920,2406.4962,0.0000,389,1000,1000,1,990.3807
59210.0000,5921,2406.4928,0.0000,380,1000,1000,1,990.3824
59220.0000,5922,2406.4884,0.0000,382,1000,1000,1,990.3840
59230.0000,5923,2406.4836,0.0000,380,1000,1000,1,990.3856
59240.0000,5924,2406.4784,0.0000,371,1000,1000,1,990.3872
59250.0000,5925,2406.4718,0.0000,363,1000,1000,1,990.3889
59260.0000,5926,2406.4642,0.0000,355,1000,1000,1,990.3905
59270.0000,5927,2406.4551,0.0000,348,1000,1000,1,990.3921
59280.0000,5928,2406.4453,0.0000,350,1000,1000,1,990.3937
59290.0000,5929,2406.4362,0.0000,354,1000,1000,1,990.3953
59300.0000,5930,2406.4274,0.0000,354,1000,1000,1,990.3970
59310.0000,5931,2406.4185,0.0000,356,1000,1000,1,990.3986
59320.0000,5932,2406.4099,0.0000,354,1000,1000,1,990.4002
59330.0000,5933,2406.4007,0.0000,349,1000,1000,1,990.4018
59340.0000,5934,2406.3907,0.0000,349,1000,1000,1,990.4034
59350.0000,5935,2406.3808,0.0000,347,1000,1000,1,990.4051
59360.0000,5936,2406.3711,0.0000,351,1000,1000,1,990.4067
59370.0000,5937,2406.3616,0.0000,347,1000,1000,1,990.4083
59380.0000,5938,2406.3515,0.0000,345,1000,1000,1,990.4099
59390.0000,5939,2406.3408,0.0000,341,1000,1000,1,990.4115
59400.0000,5940,2406.3298,0.0000,344,1000,1000,1,990.4131
59410.0000,5941,2406.3196,0.0000,347,1000,1000,1,990.4147
59420.0000,5942,2406.3105,0.0000,356,1000,1000,1,990.4164
59430.0000,5943,2406.3020,0.0000,354,1000,1000,1,990.4180
59440.0000,5944,2406.2936,0.0000,357,1000,1000,1,990.4196
59450.0000,5945,2406.2854,0.0000,359,1000,1000,1,990.4212
59460.0000,5946,2406.2778,0.0000,362,1000,1000,1,990.4228
59470.0000,5947,2406.2703,0.0000,364,1000,1000,1,990.4244
59480.0000,5948,2406.2629,0.0000,359,1000,1000,1,990.4260
59490.0000,5949,2406.2548,0.0000,356,1000,1000,1,990.4276
59500.0000,5950,2406.2468,0.0000,362,1000,1000,1,990.4292
59510.0000,5951,2406.2390,0.0000,357,1000,1000,1,990.4309
59520.0000,5952,2406.2305,0.0000,354,1000,1000,1,990.4325
59530.0000,5953,2406.2210,0.0000,343,1000,1000,1,990.4341
59540.0000,5954,2406.2110,0.0000,351,1000,1000,1,990.4357
59550.0000,5955,2406.2020,0.0000,351,1000,1000,1,990.4373
59560.0000,5956,2406.1927,0.0000,355,1000,1000,1,990.4389
59570.0000,5957,2406.1835,0.0000,350,1000,1000,1,990.4405
59580.0000,5958,2406.1745,0.0000,352,1000,1000,1,990.4421
59590.0000,5959,2406.1654,0.0000,352,1000,1000,1,990.4437
59600.0000,5960,2406.1562,0.0000,354,1000,1000,1,990.4453
59610.0000,5961,2406.1470,0.0000,347,1000,1000,1,990.4469
59620.0000,5962,2406.1380,0.0000,353,1000,1000,1,990.4485
59630.0000,5963,2406.1293,0.0000,357,1000,1000,1,990.4501
59640.0000,5964,2406.1204,0.0000,353,1000,1000,1,990.4517
59650.0000,5965,2406.1117,0.0000,357,1000,1000,1,990.4533
59660.0000,5966,2406.1030,0.0000,350,1000,1000,1,990.4549
59670.0000,5967,2406.0934,0.0000,354,1000,1000,1,990.4565
59680.0000,5968,2406.0846,0.0000,352,1000,1000,1,990.4581
59690.0000,5969,2406.0752,0.0000,348,1000,1000,1,990.4597
59700.0000,5970,2406.0655,0.0000,348,1000,1000,1,990.4613
59710.0000,5971,2406.0560,0.0000,349,1000,1000,1,990.4629
59720.0000,5972,2406.0469,0.0000,352,1000,1000,1,990.4645
59730.0000,5973,2406.0375,0.0000,352,1000,1000,1,990.4661
59740.0000,5974,2406.0286,0.0000,353,1000,1000,1,990.4677
59750.0000,5975,2406.0194,0.0000,350,1000,1000,1,990.4693
59760.0000,5976,2406.0098,0.0000,345,1000,1000,1,990.4709
59770.0000,5977,2405.9997,0.0000,347,1000,1000,1,990.4725
59780.0000,5978,2405.9898,0.0000,347,1000,1000,1,990.4741
59790.0000,5979,2405.9790,0.0000,336,1000,1000,1,990.4757
59800.0000,5980,2405.9676,0.0000,339,1000,1000,1,990.4773
59810.0000,5981,2405.9573,0.0000,350,1000,1000,1,990.4788
59820.0000,5982,2405.9476,0.0000,346,1000,1000,1,990.4804
59830.0000,5983,2405.9377,0.0000,348,1000,1000,1,990.4820
59840.0000,5984,2405.9269,0.0000,336,1000,1000,1,990.4836
59850.0000,5985,2405.9151,0.0000,336,1000,1000,1,990.4852
59860.0000,5986,2405.9033,0.0000,334,1000,1000,1,990.4868
59870.0000,5987,2405.8917,0.0000,338,1000,1000,1,990.4884
59880.0000,5988,2405.8807,0.0000,339,1000,1000,1,990.4900
59890.0000,5989,2405.8702,0.0000,345,1000,1000,1,990.4916
59900.0000,5990,2405.8597,0.0000,339,1000,1000,1,990.4932
59910.0000,5991,2405.8481,0.0000,331,1000,1000,1,990.4947
59920.0000,5992,2405.8365,0.0000,343,1000,1000,1,990.4963
59930.0000,5993,2405.8256,0.0000,338,1000,1000,1,990.4979
59940.0000,5994,2405.8136,0.0000,331,1000,1000,1,990.4995
59950.0000,5995,2405.8006,0.0000,324,1000,1000,1,990.5011
59960.0000,5996,2405.7872,0.0000,324,1000,1000,1,990.5027
59970.0000,5997,2405.7735,0.0000,324,1000,1000,1,990.5043
59980.0000,5998,2405.7590,0.0000,318,1000,1000,1,990.5058
59990.0000,5999,2405.7437,0.0000,311,1000,1000,1,990.5074
60000.0000,6000,2405.7278,0.0000,310,1000,1000,1,990.5090
60010.0000,6001,2405.7118,0.0000,309,1000,1000,1,990.5106
60020.0000,6002,2405.6950,0.0000,298,1000,1000,1,990.5122
60030.0000,6003,2405.6765,0.0000,293,1000,1000,1,990.5137
60040.0000,6004,2405.6578,0.0000,293,1000,1000,1,990.5153
60050.0000,6005,2405.6382,0.0000,284,1000,1000,1,990.5169
60060.0000,6006,2405.6182,0.0000,286,1000,1000,1,990.5185
60070.0000,6007,2405.5985,0.0000,289,1000,1000,1,990.5201
60080.0000,6008,2405.5787,0.0000,284,1000,1000,1,990.5216
60090.0000,6009,2405.5585,0.0000,285,1000,1000,1,990.5232
60100.0000,6010,2405.5386,0.0000,292,1000,1000,1,990.5248
60110.0000,6011,2405.5196,0.0000,291,1000,1000,1,990.5264
60120.0000,6012,2405.5007,0.0000,291,1000,1000,1,990.5279
60130.0000,6013,2405.4817,0.0000,286,1000,1000,1,990.5295
60140.0000,6014,2405.4619,0.0000,288,1000,1000,1,990.5311
60150.0000,6015,2405.4421,0.0000,283,1000,1000,1,990.5327
60160.0000,6016,2405.4210,0.0000,280,1000,1000,1,990.5342
60170.0000,6017,2405.3998,0.0000,278,1000,1000,1,990.5358
60180.0000,6018,2405.3781,0.0000,272,1000,1000,1,990.5374
60190.0000,6019,2405.3563,0.0000,274,1000,1000,1,990.5390
60200.0000,6020,2405.3344,0.0000,275,1000,1000,1,990.5405
60210.0000,6021,2405.3126,0.0000,271,1000,1000,1,990.5421
60220.0000,6022,2405.2905,0.0000,273,1000,1000,1,990.5437
60230.0000,6023,2405.2683,0.0000,269,1000,1000,1,990.5452
60240.0000,6024,2405.2446,0.0000,258,1000,1000,1,990.5468
60250.0000,6025,2405.2196,0.0000,249,1000,1000,1,990.5484
60260.0000,6026,2405.1939,0.0000,252,1000,1000,1,990.5499
60270.0000,6027,2405.1681,0.0000,247,1000,1000,1,990.5515
60280.0000,6028,2405.1416,0.0000,247,1000,1000,1,990.5531
60290.0000,6029,2405.1151,0.0000,245,1000,1000,1,990.5547
60300.0000,6030,2405.0884,0.0000,235,1000,1000,1,990.5562
60310.0000,6031,2405.0601,0.0000,233,1000,1000,1,990.5578
60320.0000,6032,2405.0312,0.0000,233,1000,1000,1,990.5593
60330.0000,6033,2405.0028,0.0000,236,1000,1000,1,990.5609
60340.0000,6034,2404.9749,0.0000,236,1000,1000,1,990.5625
60350.0000,6035,2404.9466,0.0000,230,1000,1000,1,990.5640
60360.0000,6036,2404.9178,0.0000,233,1000,1000,1,990.5656
60370.0000,6037,2404.8896,0.0000,236,1000,1000,1,990.5672
60380.0000,6038,2404.8619,0.0000,238,1000,1000,1,990.5687
60390.0000,6039,2404.8343,0.0000,238,1000,1000,1,990.5703
60400.0000,6040,2404.8065,0.0000,235,1000,1000,1,990.5719
60410.0000,6041,2404.7780,0.0000,235,1000,1000,1,990.5734
60420.0000,6042,2404.7498,0.0000,236,1000,1000,1,990.5750
60430.0000,6043,2404.7220,0.0000,236,1000,1000,1,990.5765
60440.0000,6044,2404.6945,0.0000,238,1000,1000,1,990.5781
60450.0000,6045,2404.6668,0.0000,239,1000,1000,1,990.5797
60460.0000,6046,2404.6396,0.0000,242,1000,1000,1,990.5812
60470.0000,6047,2404.6127,0.0000,244,1000,1000,1,990.5828
60480.0000,6048,2404.5861,0.0000,242,1000,1000,1,990.5843
60490.0000,6049,2404.5594,0.0000,247,1000,1000,1,990.5859
60500.0000,6050,2404.5337,0.0000,248,1000,1000,1,990.5874
60510.0000,6051,2404.5078,0.0000,251,1000,1000,1,990.5890
60520.0000,6052,2404.4819,0.0000,246,1000,1000,1,990.5905
60530.0000,6053,2404.4558,0.0000,244,1000,1000,1,990.5921
60540.0000,6054,2404.4287,0.0000,239,1000,1000,1,990.5937
60550.0000,6055,2404.4022,0.0000,247,1000,1000,1,990.5952
60560.0000,6056,2404.3761,0.0000,241,1000,1000,1,990.5968
60570.0000,6057,2404.3486,0.0000,231,1000,1000,1,990.5983
60580.0000,6058,2404.3204,0.0000,234,1000,1000,1,990.5999
60590.0000,6059,2404.2920,0.0000,231,1000,1000,1,990.6014
60600.0000,6060,2404.2637,0.0000,235,1000,1000,1,990.6030
60610.0000,6061,2404.2357,0.0000,235,1000,1000,1,990.6045
60620.0000,6062,2404.2081,0.0000,235,1000,1000,1,990.6061
60630.0000,6063,2404.1793,0.0000,232,1000,1000,1,990.6076
60640.0000,6064,2404.1515,0.0000,237,1000,1000,1,990.6092
60650.0000,6065,2404.1231,0.0000,234,1000,1000,1,990.6107
60660.0000,6066,2404.0944,0.0000,228,1000,1000,1,990.6123
60670.0000,6067,2404.0643,0.0000,215,1000,1000,1,990.6138
60680.0000,6068,2404.0336,0.0000,219,1000,1000,1,990.6154
60690.0000,6069,2404.0031,0.0000,215,1000,1000,1,990.6169
60700.0000,6070,2403.9723,0.0000,219,1000,1000,1,990.6185
60710.0000,6071,2403.9413,0.0000,214,1000,1000,1,990.6200
60720.0000,6072,2403.9101,0.0000,212,1000,1000,1,990.6215
60730.0000,6073,2403.8786,0.0000,209,1000,1000,1,990.6231
60740.0000,6074,2403.8460,0.0000,205,1000,1000,1,990.6246
60750.0000,6075,2403.8129,0.0000,205,1000,1000,1,990.6262
60760.0000,6076,2403.7798,0.0000,200,1000,1000,1,990.6277
60770.0000,6077,2403.7467,0.0000,203,1000,1000,1,990.6293
60780.0000,6078,2403.7132,0.0000,198,1000,1000,1,990.6308
60790.0000,6079,2403.6789,0.0000,194,1000,1000,1,990.6323
60800.0000,6080,2403.6447,0.0000,197,1000,1000,1,990.6339
60810.0000,6081,2403.6108,0.0000,202,1000,1000,1,990.6354
60820.0000,6082,2403.5772,0.0000,194,1000,1000,1,990.6370
60830.0000,6083,2403.5423,0.0000,188,1000,1000,1,990.6385
60840.0000,6084,2403.5067,0.0000,188,1000,1000,1,990.6400
60850.0000,6085,2403.4712,0.0000,184,1000,1000,1,990.6416
60860.0000,6086,2403.4352,0.0000,186,1000,1000,1,990.6431
60870.0000,6087,2403.3993,0.0000,183,1000,1000,1,990.6447
60880.0000,6088,2403.3631,0.0000,178,1000,1000,1,990.6462
60890.0000,6089,2403.3253,0.0000,170,1000,1000,1,990.6477
60900.0000,6090,2403.2872,0.0000,167,1000,1000,1,990.6493
60910.0000,6091,2403.2482,0.0000,164,1000,1000,1,990.6508
60920.0000,6092,2403.2085,0.0000,161,1000,1000,1,990.6523
60930.0000,6093,2403.1688,0.0000,160,1000,1000,1,990.6539
60940.0000,6094,2403.1287,0.0000,156,1000,1000,1,990.6554
60950.0000,6095,2403.0878,0.0000,153,1000,1000,1,990.6569
60960.0000,6096,2403.0469,0.0000,153,1000,1000,1,990.6585
60970.0000,6097,2403.0050,0.0000,141,1000,1000,1,990.6600
60980.0000,6098,2402.9617,0.0000,139,1000,1000,1,990.6615
60990.0000,6099,2402.9186,0.0000,144,1000,1000,1,990.6631
61000.0000,6100,2402.8759,0.0000,143,1000,1000,1,990.6646
61010.0000,6101,2402.8335,0.0000,146,1000,1000,1,990.6661
61020.0000,6102,2402.7915,0.0000,145,1000,1000,1,990.6676
61030.0000,6103,2402.7491,0.0000,144,1000,1000,1,990.6692
61040.0000,6104,2402.7064,0.0000,142,1000,1000,1,990.6707
61050.0000,6105,2402.6637,0.0000,143,1000,1000,1,990.6722
61060.0000,6106,2402.6213,0.0000,144,1000,1000,1,990.6738
61070.0000,6107,2402.5783,0.0000,141,1000,1000,1,990.6753
61080.0000,6108,2402.5347,0.0000,136,1000,1000,1,990.6768
61090.0000,6109,2402.4908,0.0000,135,1000,1000,1,990.6783
61100.0000,6110,2402.4476,0.0000,140,1000,1000,1,990.6799
61110.0000,6111,2402.4050,0.0000,141,1000,1000,1,990.6814
61120.0000,6112,2402.3615,0.0000,133,1000,1000,1,990.6829
61130.0000,6113,2402.3172,0.0000,128,1000,1000,1,990.6844
61140.0000,6114,2402.2730,0.0000,133,1000,1000,1,990.6860
61150.0000,6115,2402.2291,0.0000,135,1000,1000,1,990.6875
61160.0000,6116,2402.1855,0.0000,135,1000,1000,1,990.6890
61170.0000,6117,2402.1418,0.0000,133,1000,1000,1,990.6905
61180.0000,6118,2402.0973,0.0000,121,1000,1000,1,990.6921
61190.0000,6119,2402.0518,0.0000,122,1000,1000,1,990.6936
61200.0000,6120,2402.0068,0.0000,129,1000,1000,1,990.6951
61210.0000,6121,2401.9616,0.0000,125,1000,1000,1,990.6966
61220.0000,6122,2401.9163,0.0000,129,1000,1000,1,990.6981
61230.0000,6123,2401.8716,0.0000,128,1000,1000,1,990.6997
61240.0000,6124,2401.8272,0.0000,128,1000,1000,1,990.7012
61250.0000,6125,2401.7824,0.0000,128,1000,1000,1,990.7027
61260.0000,6126,2401.7373,0.0000,124,1000,1000,1,990.7042
61270.0000,6127,2401.6908,0.0000,114,1000,1000,1,990.7057
61280.0000,6128,2401.6425,0.0000,103,1000,1000,1,990.7072
61290.0000,6129,2401.5938,0.0000,101,1000,1000,1,990.7088
61300.0000,6130,2401.5447,0.0000,98,1000,1000,1,990.7103
61310.0000,6131,2401.4955,0.0000,102,1000,1000,1,990.7118
61320.0000,6132,2401.4465,0.0000,100,1000,1000,1,990.7133
61330.0000,6133,2401.3969,0.0000,97,1000,1000,1,990.7148
61340.0000,6134,2401.3471,0.0000,97,1000,1000,1,990.7163
61350.0000,6135,2401.2980,0.0000,101,1000,1000,1,990.7178
61360.0000,6136,2401.2490,0.0000,97,1000,1000,1,990.7194
61370.0000,6137,2401.1984,0.0000,91,1000,1000,1,990.7209
61380.0000,6138,2401.1482,0.0000,93,1000,1000,1,990.7224
61390.0000,6139,2401.0980,0.0000,93,1000,1000,1,990.7239
61400.0000,6140,2401.0478,0.0000,91,1000,1000,1,990.7254
61410.0000,6141,2400.9969,0.0000,89,1000,1000,1,990.7269
61420.0000,6142,2400.9458,0.0000,83,1000,1000,1,990.7284
61430.0000,6143,2400.8940,0.0000,78,1000,1000,1,990.7299
61440.0000,6144,2400.8415,0.0000,78,1000,1000,1,990.7314
61450.0000,6145,2400.7882,0.0000,73,1000,1000,1,990.7330
61460.0000,6146,2400.7349,0.0000,71,1000,1000,1,990.7345
61470.0000,6147,2400.6817,0.0000,75,1000,1000,1,990.7360
61480.0000,6148,2400.6288,0.0000,77,1000,1000,1,990.7375
61490.0000,6149,2400.5769,0.0000,85,1000,1000,1,990.7390
61500.0000,6150,2400.5253,0.0000,80,1000,1000,1,990.7405
61510.0000,6151,2400.4734,0.0000,81,1000,1000,1,990.7420
61520.0000,6152,2400.4216,0.0000,79,1000,1000,1,990.7435
61530.0000,6153,2400.3696,0.0000,79,1000,1000,1,990.7450
61540.0000,6154,2400.3175,0.0000,82,1000,1000,1,990.7465
61550.0000,6155,2400.2660,0.0000,84,1000,1000,1,990.7480
61560.0000,6156,2400.2148,0.0000,87,1000,1000,1,990.7495
61570.0000,6157,2400.1641,0.0000,90,1000,1000,1,990.7510
61580.0000,6158,2400.1136,0.0000,91,1000,1000,1,990.7525
61590.0000,6159,2400.0628,0.0000,85,1000,1000,1,990.7540
61600.0000,6160,2400.0110,0.0000,80,1000,1000,1,990.7555
61610.0000,6161,2399.9592,0.0000,82,1000,1000,1,990.7570
61620.0000,6162,2399.9069,0.0000,75,1000,1000,1,990.7585
61630.0000,6163,2399.8540,0.0000,73,1000,1000,1,990.7600
61640.0000,6164,2399.8010,0.0000,73,1000,1000,1,990.7615
61650.0000,6165,2399.7480,0.0000,73,1000,1000,1,990.7630
61660.0000,6166,2399.6944,0.0000,66,1000,1000,1,990.7645
61670.0000,6167,2399.6402,0.0000,61,1000,1000,1,990.7660
61680.0000,6168,2399.5848,0.0000,55,1000,1000,1,990.7675
61690.0000,6169,2399.5281,0.0000,47,1000,1000,1,990.7690
61700.0000,6170,2399.4709,0.0000,45,1000,1000,1,990.7705
61710.0000,6171,2399.4141,0.0000,50,1000,1000,1,990.7720
61720.0000,6172,2399.3582,0.0000,57,1000,1000,1,990.7735
61730.0000,6173,2399.3025,0.0000,52,1000,1000,1,990.7750
61740.0000,6174,2399.2458,0.0000,48,1000,1000,1,990.7765
61750.0000,6175,2399.1895,0.0000,54,1000,1000,1,990.7780
61760.0000,6176,2399.1330,0.0000,47,1000,1000,1,990.7795
61770.0000,6177,2399.0760,0.0000,42,1000,1000,1,990.7810
61780.0000,6178,2399.0181,0.0000,44,1000,1000,1,990.7825
61790.0000,6179,2398.9602,0.0000,38,1000,1000,1,990.7839
61800.0000,6180,2398.9006,0.0000,29,1000,1000,1,990.7854
61810.0000,6181,2398.8412,0.0000,32,1000,1000,1,990.7869
61820.0000,6182,2398.7816,0.0000,31,1000,1000,1,990.7884
61830.0000,6183,2398.7220,0.0000,28,1000,1000,1,990.7899
61840.0000,6184,2398.6618,0.0000,27,1000,1000,1,990.7914
61850.0000,6185,2398.6017,0.0000,28,1000,1000,1,990.7929
61860.0000,6186,2398.5413,0.0000,23,1000,1000,1,990.7944
61870.0000,6187,2398.4804,0.0000,18,1000,1000,1,990.7959
61880.0000,6188,2398.4190,0.0000,21,1000,1000,1,990.7973
61890.0000,6189,2398.3578,0.0000,16,1000,1000,1,990.7988
61900.0000,6190,2398.2964,0.0000,19,1000,1000,1,990.8003
61910.0000,6191,2398.2344,0.0000,16,1000,1000,1,990.8018
61920.0000,6192,2398.1723,0.0000,11,1000,1000,1,990.8033
61930.0000,6193,2398.1088,0.0000,2,1000,1000,1,990.8048
61940.0000,6194,2398.0447,0.0000,3,997,1000,1,990.8063
61950.0000,6195,2397.9810,0.0000,7,995,1000,1,990.8077
61960.0000,6196,2397.9165,0.0000,15,984,1000,1,990.8092
61970.0000,6197,2397.8531,0.0000,30,977,1000,1,990.8107
61980.0000,6198,2397.7899,0.0000,37,972,1000,1,990.8122
61990.0000,6199,2397.7269,0.0000,49,961,1000,1,990.8137
62000.0000,6200,2397.6665,0.0000,70,968,1000,1,990.8152
62010.0000,6201,2397.6087,0.0000,77,965,1000,1,990.8166
62020.0000,6202,2397.5516,0.0000,85,964,1000,1,990.8181
62030.0000,6203,2397.4970,0.0000,97,968,1000,1,990.8196
62040.0000,6204,2397.4431,0.0000,105,957,1000,1,990.8211
62050.0000,6205,2397.3903,0.0000,118,958,1000,1,990.8226
62060.0000,6206,2397.3390,0.0000,125,956,1000,1,990.8240
62070.0000,6207,2397.2891,0.0000,138,955,1000,1,990.8255
62080.0000,6208,2397.2402,0.0000,145,949,1000,1,990.8270
62090.0000,6209,2397.1928,0.0000,157,958,1000,1,990.8285
62100.0000,6210,2397.1479,0.0000,166,955,1000,1,990.8300
62110.0000,6211,2397.1046,0.0000,174,956,1000,1,990.8314
62120.0000,6212,2397.0623,0.0000,186,953,1000,1,990.8329
62130.0000,6213,2397.0214,0.0000,194,949,1000,1,990.8344
62140.0000,6214,2396.9819,0.0000,210,948,1000,1,990.8359
62150.0000,6215,2396.9440,0.0000,215,946,1000,1,990.8373
62160.0000,6216,2396.9060,0.0000,217,942,1000,1,990.8388
62170.0000,6217,2396.8686,0.0000,227,942,1000,1,990.8403
62180.0000,6218,2396.8330,0.0000,239,939,1000,1,990.8417
62190.0000,6219,2396.7978,0.0000,242,935,1000,1,990.8432
62200.0000,6220,2396.7635,0.0000,254,938,1000,1,990.8447
62210.0000,6221,2396.7318,0.0000,267,935,1000,1,990.8462
62220.0000,6222,2396.7015,0.0000,276,931,1000,1,990.8476
62230.0000,6223,2396.6712,0.0000,282,929,1000,1,990.8491
62240.0000,6224,2396.6426,0.0000,290,933,1000,1,990.8506
62250.0000,6225,2396.6153,0.0000,297,931,1000,1,990.8520
62260.0000,6226,2396.5888,0.0000,301,931,1000,1,990.8535
62270.0000,6227,2396.5629,0.0000,312,925,1000,1,990.8550
62280.0000,6228,2396.5382,0.0000,322,921,1000,1,990.8565
62290.0000,6229,2396.5139,0.0000,331,921,1000,1,990.8579
62300.0000,6230,2396.4919,0.0000,342,927,1000,1,990.8594
62310.0000,6231,2396.4721,0.0000,351,929,1000,1,990.8609
62320.0000,6232,2396.4547,0.0000,368,924,1000,1,990.8623
62330.0000,6233,2396.4386,0.0000,372,927,1000,1,990.8638
62340.0000,6234,2396.4228,0.0000,378,918,1000,1,990.8653
62350.0000,6235,2396.4065,0.0000,382,913,1000,1,990.8667
62360.0000,6236,2396.3907,0.0000,390,906,1000,1,990.8682
62370.0000,6237,2396.3748,0.0000,402,894,1000,1,990.8696
62380.0000,6238,2396.3586,0.0000,410,889,1000,1,990.8711
62390.0000,6239,2396.3435,0.0000,420,886,1000,1,990.8726
62400.0000,6240,2396.3311,0.0000,430,895,1000,1,990.8740
62410.0000,6241,2396.3201,0.0000,442,889,1000,1,990.8755
62420.0000,6242,2396.3106,0.0000,457,883,1000,1,990.8770
62430.0000,6243,2396.3023,0.0000,466,886,1000,1,990.8784
62440.0000,6244,2396.2971,0.0000,478,895,1000,1,990.8799
62450.0000,6245,2396.2934,0.0000,486,890,1000,1,990.8813
62460.0000,6246,2396.2920,0.0000,501,893,1000,1,990.8828
62470.0000,6247,2396.2921,0.0000,510,893,1000,1,990.8843
62480.0000,6248,2396.2947,0.0000,519,902,1000,1,990.8857
62490.0000,6249,2396.2994,0.0000,530,903,1000,1,990.8872
62500.0000,6250,2396.3060,0.0000,534,905,1000,1,990.8886
62510.0000,6251,2396.3128,0.0000,541,896,1000,1,990.8901
62520.0000,6252,2396.3202,0.0000,551,893,1000,1,990.8916
62530.0000,6253,2396.3281,0.0000,558,888,1000,1,990.8930
62540.0000,6254,2396.3373,0.0000,569,891,1000,1,990.8945
62550.0000,6255,2396.3478,0.0000,579,887,1000,1,990.8959
62560.0000,6256,2396.3600,0.0000,585,894,1000,1,990.8974
62570.0000,6257,2396.3743,0.0000,599,896,1000,1,990.8988
62580.0000,6258,2396.3907,0.0000,606,894,1000,1,990.9003
62590.0000,6259,2396.4077,0.0000,615,891,1000,1,990.9017
62600.0000,6260,2396.4268,0.0000,627,895,1000,1,990.9032
62610.0000,6261,2396.4473,0.0000,635,897,1000,1,990.9046
62620.0000,6262,2396.4694,0.0000,649,890,1000,1,990.9061
62630.0000,6263,2396.4922,0.0000,662,883,1000,1,990.9076
62640.0000,6264,2396.5162,0.0000,669,880,1000,1,990.9090
62650.0000,6265,2396.5415,0.0000,680,887,1000,1,990.9105
62660.0000,6266,2396.5694,0.0000,685,889,1000,1,990.9119
62670.0000,6267,2396.5984,0.0000,690,894,1000,1,990.9134
62680.0000,6268,2396.6285,0.0000,697,890,1000,1,990.9148
62690.0000,6269,2396.6594,0.0000,704,890,1000,1,990.9163
62700.0000,6270,2396.6914,0.0000,709,888,1000,1,990.9177
62710.0000,6271,2396.7244,0.0000,717,890,1000,1,990.9192
62720.0000,6272,2396.7581,0.0000,723,888,1000,1,990.9206
62730.0000,6273,2396.7927,0.0000,732,889,1000,1,990.9220
62740.0000,6274,2396.8286,0.0000,736,890,1000,1,990.9235
62750.0000,6275,2396.8652,0.0000,743,881,1000,1,990.9249
62760.0000,6276,2396.9021,0.0000,753,882,1000,1,990.9264
62770.0000,6277,2396.9406,0.0000,760,883,1000,1,990.9278
62780.0000,6278,2396.9804,0.0000,768,880,1000,1,990.9293
62790.0000,6279,2397.0209,0.0000,776,879,1000,1,990.9307
62800.0000,6280,2397.0629,0.0000,785,874,1000,1,990.9322
62810.0000,6281,2397.1048,0.0000,797,870,1000,1,990.9336
62820.0000,6282,2397.1489,0.0000,805,875,1000,1,990.9351
62830.0000,6283,2397.1953,0.0000,815,885,1000,1,990.9365
62840.0000,6284,2397.2442,0.0000,826,884,1000,1,990.9379
62850.0000,6285,2397.2940,0.0000,834,878,1000,1,990.9394
62860.0000,6286,2397.3451,0.0000,843,881,1000,1,990.9408
62870.0000,6287,2397.3974,0.0000,849,880,1000,1,990.9423
62880.0000,6288,2397.4503,0.0000,857,876,1000,1,990.9437
62890.0000,6289,2397.5044,0.0000,867,875,1000,1,990.9451
62900.0000,6290,2397.5604,0.0000,875,882,1000,1,990.9466
62910.0000,6291,2397.6177,0.0000,882,876,1000,1,990.9480
62920.0000,6292,2397.6756,0.0000,890,876,1000,1,990.9495
62930.0000,6293,2397.7347,0.0000,897,877,1000,1,990.9509
62940.0000,6294,2397.7958,0.0000,912,878,1000,1,990.9523
62950.0000,6295,2397.8594,0.0000,923,876,1000,1,990.9538
62960.0000,6296,2397.9242,0.0000,930,882,1000,1,990.9552
62970.0000,6297,2397.9910,0.0000,937,884,1000,1,990.9566
62980.0000,6298,2398.0587,0.0000,944,881,1000,1,990.9581
62990.0000,6299,2398.1274,0.0000,953,886,1000,1,990.9595
63000.0000,6300,2398.1976,0.0000,960,884,1000,1,990.9610
63010.0000,6301,2398.2695,0.0000,970,887,1000,1,990.9624
63020.0000,6302,2398.3429,0.0000,975,887,1000,1,990.9638
63030.0000,6303,2398.4163,0.0000,982,879,1000,1,990.9653
63040.0000,6304,2398.4898,0.0000,992,875,1000,1,990.9667
63050.0000,6305,2398.5652,0.0000,1000,876,1000,1,990.9681
63060.0000,6306,2398.6413,0.0000,1000,875,1000,1,990.9696
63070.0000,6307,2398.7171,0.0000,1000,881,1000,1,990.9710
63080.0000,6308,2398.7934,0.0000,1000,883,1000,1,990.9724
63090.0000,6309,2398.8703,0.0000,1000,880,1000,1,990.9738
63100.0000,6310,2398.9460,0.0000,1000,871,1000,1,990.9753
63110.0000,6311,2399.0199,0.0000,1000,863,1000,1,990.9767
63120.0000,6312,2399.0933,0.0000,1000,863,1000,1,990.9781
63130.0000,6313,2399.1663,0.0000,1000,860,1000,1,990.9796
63140.0000,6314,2399.2397,0.0000,1000,860,1000,1,990.9810
63150.0000,6315,2399.3127,0.0000,1000,861,1000,1,990.9824
63160.0000,6316,2399.3849,0.0000,1000,854,1000,1,990.9839
63170.0000,6317,2399.4564,0.0000,1000,848,1000,1,990.9853
63180.0000,6318,2399.5276,0.0000,1000,852,1000,1,990.9867
63190.0000,6319,2399.5988,0.0000,1000,850,1000,1,990.9881
63200.0000,6320,2399.6701,0.0000,1000,853,1000,1,990.9896
63210.0000,6321,2399.7416,0.0000,1000,851,1000,1,990.9910
63220.0000,6322,2399.8128,0.0000,1000,846,1000,1,990.9924
63230.0000,6323,2399.8828,0.0000,1000,838,1000,1,990.9938
63240.0000,6324,2399.9521,0.0000,1000,840,1000,1,990.9953
63250.0000,6325,2400.0216,0.0000,1000,836,1000,1,990.9967
63260.0000,6326,2400.0906,0.0000,1000,837,1000,1,990.9981
63270.0000,6327,2400.1597,0.0000,1000,838,1000,1,990.9995
63280.0000,6328,2400.2289,0.0000,1000,837,1000,1,991.0009
63290.0000,6329,2400.2980,0.0000,1000,837,1000,1,991.0024
63300.0000,6330,2400.3675,0.0000,1000,841,1000,1,991.0038
63310.0000,6331,2400.4372,0.0000,1000,839,1000,1,991.0052
63320.0000,6332,2400.5065,0.0000,1000,840,1000,1,991.0066
63330.0000,6333,2400.5754,0.0000,1000,834,1000,1,991.0081
63340.0000,6334,2400.6448,0.0000,1000,846,1000,1,991.0095
63350.0000,6335,2400.7146,0.0000,1000,842,1000,1,991.0109
63360.0000,6336,2400.7842,0.0000,1000,842,1000,1,991.0123
63370.0000,6337,2400.8547,0.0000,1000,853,1000,1,991.0137
63380.0000,6338,2400.9259,0.0000,1000,851,1000,1,991.0151
63390.0000,6339,2400.9965,0.0000,1000,848,1000,1,991.0166
63400.0000,6340,2401.0671,0.0000,1000,847,1000,1,991.0180
63410.0000,6341,2401.1375,0.0000,1000,845,1000,1,991.0194
63420.0000,6342,2401.2071,0.0000,1000,839,1000,1,991.0208
63430.0000,6343,2401.2768,0.0000,1000,846,1000,1,991.0222
63440.0000,6344,2401.3467,0.0000,1000,844,1000,1,991.0236
63450.0000,6345,2401.4161,0.0000,1000,843,1000,1,991.0251
63460.0000,6346,2401.4861,0.0000,1000,845,1000,1,991.0265
63470.0000,6347,2401.5559,0.0000,1000,845,1000,1,991.0279
63480.0000,6348,2401.6251,0.0000,1000,840,1000,1,991.0293
63490.0000,6349,2401.6945,0.0000,1000,845,1000,1,991.0307
63500.0000,6350,2401.7647,0.0000,1000,850,1000,1,991.0321
63510.0000,6351,2401.8349,0.0000,1000,849,1000,1,991.0335
63520.0000,6352,2401.9053,0.0000,1000,850,1000,1,991.0349
63530.0000,6353,2401.9754,0.0000,1000,848,1000,1,991.0364
63540.0000,6354,2402.0448,0.0000,1000,841,1000,1,991.0378
63550.0000,6355,2402.1139,0.0000,1000,842,1000,1,991.0392
63560.0000,6356,2402.1829,0.0000,1000,845,1000,1,991.0406
63570.0000,6357,2402.2527,0.0000,1000,843,1000,1,991.0420
63580.0000,6358,2402.3220,0.0000,1000,842,1000,1,991.0434
63590.0000,6359,2402.3910,0.0000,1000,843,1000,1,991.0448
63600.0000,6360,2402.4594,0.0000,1000,835,1000,1,991.0462
63610.0000,6361,2402.5267,0.0000,1000,827,1000,1,991.0476
63620.0000,6362,2402.5931,0.0000,1000,820,1000,1,991.0490
63630.0000,6363,2402.6587,0.0000,1000,818,1000,1,991.0504
63640.0000,6364,2402.7243,0.0000,1000,824,1000,1,991.0519
63650.0000,6365,2402.7910,0.0000,1000,832,1000,1,991.0533
63660.0000,6366,2402.8585,0.0000,1000,833,1000,1,991.0547
63670.0000,6367,2402.9251,0.0000,1000,821,1000,1,991.0561
63680.0000,6368,2402.9908,0.0000,1000,821,1000,1,991.0575
63690.0000,6369,2403.0560,0.0000,1000,811,1000,1,991.0589
63700.0000,6370,2403.1203,0.0000,1000,813,1000,1,991.0603
63710.0000,6371,2403.1848,0.0000,1000,814,1000,1,991.0617
63720.0000,6372,2403.2493,0.0000,1000,815,1000,1,991.0631
63730.0000,6373,2403.3135,0.0000,1000,811,1000,1,991.0645
63740.0000,6374,2403.3773,0.0000,1000,810,1000,1,991.0659
63750.0000,6375,2403.4413,0.0000,1000,809,1000,1,991.0673
63760.0000,6376,2403.5044,0.0000,1000,802,1000,1,991.0687
63770.0000,6377,2403.5664,0.0000,1000,799,1000,1,991.0701
63780.0000,6378,2403.6285,0.0000,1000,797,1000,1,991.0715
63790.0000,6379,2403.6905,0.0000,1000,802,1000,1,991.0729
63800.0000,6380,2403.7523,0.0000,1000,795,1000,1,991.0743
63810.0000,6381,2403.8142,0.0000,1000,800,1000,1,991.0757
63820.0000,6382,2403.8760,0.0000,1000,798,1000,1,991.0771
63830.0000,6383,2403.9375,0.0000,1000,797,1000,1,991.0785
63840.0000,6384,2403.9991,0.0000,1000,795,1000,1,991.0799
63850.0000,6385,2404.0602,0.0000,1000,794,1000,1,991.0813
63860.0000,6386,2404.1214,0.0000,1000,793,1000,1,991.0827
63870.0000,6387,2404.1825,0.0000,1000,793,1000,1,991.0841
63880.0000,6388,2404.2435,0.0000,1000,796,1000,1,991.0855
63890.0000,6389,2404.3046,0.0000,1000,794,1000,1,991.0869
63900.0000,6390,2404.3657,0.0000,1000,793,1000,1,991.0883
63910.0000,6391,2404.4262,0.0000,1000,790,1000,1,991.0897
63920.0000,6392,2404.4862,0.0000,1000,783,1000,1,991.0911
63930.0000,6393,2404.5451,0.0000,1000,776,1000,1,991.0924
63940.0000,6394,2404.6029,0.0000,1000,772,1000,1,991.0938
63950.0000,6395,2404.6605,0.0000,1000,773,1000,1,991.0952
63960.0000,6396,2404.7180,0.0000,1000,770,1000,1,991.0966
63970.0000,6397,2404.7743,0.0000,1000,763,1000,1,991.0980
63980.0000,6398,2404.8304,0.0000,1000,764,1000,1,991.0994
63990.0000,6399,2404.8861,0.0000,1000,758,1000,1,991.1008
64000.0000,6400,2404.9418,0.0000,1000,765,1000,1,991.1022
64010.0000,6401,2404.9983,0.0000,1000,765,1000,1,991.1036
64020.0000,6402,2405.0546,0.0000,1000,766,1000,1,991.1050
64030.0000,6403,2405.1111,0.0000,1000,767,1000,1,991.1064
64040.0000,6404,2405.1672,0.0000,1000,763,1000,1,991.1077
64050.0000,6405,2405.2228,0.0000,1000,758,1000,1,991.1091
64060.0000,6406,2405.2779,0.0000,1000,764,1000,1,991.1105
64070.0000,6407,2405.3336,0.0000,1000,760,1000,1,991.1119
64080.0000,6408,2405.3891,0.0000,1000,766,1000,1,991.1133
64090.0000,6409,2405.4452,0.0000,1000,766,1000,1,991.1147
64100.0000,6410,2405.5009,0.0000,1000,765,1000,1,991.1161
64110.0000,6411,2405.5576,0.0000,1000,769,1000,1,991.1175
64120.0000,6412,2405.6139,0.0000,1000,764,1000,1,991.1188
64130.0000,6413,2405.6694,0.0000,1000,759,1000,1,991.1202
64140.0000,6414,2405.7244,0.0000,1000,762,1000,1,991.1216
64150.0000,6415,2405.7797,0.0000,1000,760,1000,1,991.1230
64160.0000,6416,2405.8348,0.0000,1000,759,1000,1,991.1244
64170.0000,6417,2405.8892,0.0000,1000,751,1000,1,991.1258
64180.0000,6418,2405.9427,0.0000,1000,749,1000,1,991.1271
64190.0000,6419,2405.9960,0.0000,1000,748,1000,1,991.1285
64200.0000,6420,2406.0490,0.0000,1000,745,1000,1,991.1299
64210.0000,6421,2406.1013,0.0000,1000,740,1000,1,991.1313
64220.0000,6422,2406.1531,0.0000,1000,743,1000,1,991.1327
64230.0000,6423,2406.2060,0.0000,1000,750,1000,1,991.1340
64240.0000,6424,2406.2595,0.0000,1000,751,1000,1,991.1354
64250.0000,6425,2406.3129,0.0000,1000,747,1000,1,991.1368
64260.0000,6426,2406.3654,0.0000,1000,745,1000,1,991.1382
64270.0000,6427,2406.4180,0.0000,1000,742,1000,1,991.1396
64280.0000,6428,2406.4705,0.0000,1000,746,1000,1,991.1409
64290.0000,6429,2406.5241,0.0000,1000,750,1000,1,991.1423
64300.0000,6430,2406.5779,0.0000,1000,753,1000,1,991.1437
64310.0000,6431,2406.6314,0.0000,1000,749,1000,1,991.1451
64320.0000,6432,2406.6840,0.0000,1000,745,1000,1,991.1465
64330.0000,6433,2406.7363,0.0000,1000,741,1000,1,991.1478
64340.0000,6434,2406.7881,0.0000,1000,739,1000,1,991.1492
64350.0000,6435,2406.8403,0.0000,1000,745,1000,1,991.1506
64360.0000,6436,2406.8929,0.0000,1000,748,1000,1,991.1520
64370.0000,6437,2406.9462,0.0000,1000,753,1000,1,991.1533
64380.0000,6438,2406.9999,0.0000,1000,752,1000,1,991.1547
64390.0000,6439,2407.0532,0.0000,1000,748,1000,1,991.1561
64400.0000,6440,2407.1059,0.0000,1000,749,1000,1,991.1575
64410.0000,6441,2407.1596,0.0000,1000,756,1000,1,991.1588
64420.0000,6442,2407.2137,0.0000,1000,753,1000,1,991.1602
64430.0000,6443,2407.2678,0.0000,1000,757,1000,1,991.1616
64440.0000,6444,2407.3220,0.0000,1000,760,1000,1,991.1629
64450.0000,6445,2407.3765,0.0000,1000,756,1000,1,991.1643
64460.0000,6446,2407.4314,0.0000,1000,764,1000,1,991.1657
64470.0000,6447,2407.4865,0.0000,1000,758,1000,1,991.1671
64480.0000,6448,2407.5402,0.0000,1000,751,1000,1,991.1684
64490.0000,6449,2407.5938,0.0000,1000,754,1000,1,991.1698
64500.0000,6450,2407.6472,0.0000,1000,748,1000,1,991.1712
64510.0000,6451,2407.7004,0.0000,1000,746,1000,1,991.1725
64520.0000,6452,2407.7520,0.0000,1000,735,1000,1,991.1739
64530.0000,6453,2407.8029,0.0000,1000,738,1000,1,991.1753
64540.0000,6454,2407.8545,0.0000,1000,743,1000,1,991.1766
64550.0000,6455,2407.9056,0.0000,1000,737,1000,1,991.1780
64560.0000,6456,2407.9566,0.0000,1000,739,1000,1,991.1794
64570.0000,6457,2408.0079,0.0000,1000,739,1000,1,991.1807
64580.0000,6458,2408.0594,0.0000,1000,739,1000,1,991.1821
64590.0000,6459,2408.1096,0.0000,1000,730,1000,1,991.1835
64600.0000,6460,2408.1592,0.0000,1000,732,1000,1,991.1848
64610.0000,6461,2408.2106,0.0000,1000,745,1000,1,991.1862
64620.0000,6462,2408.2622,0.0000,1000,737,1000,1,991.1876
64630.0000,6463,2408.3128,0.0000,1000,734,1000,1,991.1889
64640.0000,6464,2408.3633,0.0000,1000,737,1000,1,991.1903
64650.0000,6465,2408.4137,0.0000,1000,735,1000,1,991.1916
64660.0000,6466,2408.4647,0.0000,1000,742,1000,1,991.1930
64670.0000,6467,2408.5168,0.0000,1000,743,1000,1,991.1944
64680.0000,6468,2408.5688,0.0000,1000,745,1000,1,991.1957
64690.0000,6469,2408.6207,0.0000,1000,741,1000,1,991.1971
64700.0000,6470,2408.6723,0.0000,1000,746,1000,1,991.1985
64710.0000,6471,2408.7243,0.0000,1000,748,1000,1,991.1998
64720.0000,6472,2408.7770,0.0000,1000,751,1000,1,991.2012
64730.0000,6473,2408.8294,0.0000,1000,747,1000,1,991.2025
64740.0000,6474,2408.8804,0.0000,1000,734,1000,1,991.2039
64750.0000,6475,2408.9309,0.0000,1000,739,1000,1,991.2053
64760.0000,6476,2408.9817,0.0000,1000,738,1000,1,991.2066
64770.0000,6477,2409.0324,0.0000,1000,737,1000,1,991.2080
64780.0000,6478,2409.0834,0.0000,1000,744,1000,1,991.2093
64790.0000,6479,2409.1351,0.0000,1000,744,1000,1,991.2107
64800.0000,6480,2409.1865,0.0000,1000,739,1000,1,991.2120
64810.0000,6481,2409.2372,0.0000,1000,740,1000,1,991.2134
64820.0000,6482,2409.2885,0.0000,1000,742,1000,1,991.2147
64830.0000,6483,2409.3397,0.0000,1000,740,1000,1,991.2161
64840.0000,6484,2409.3912,0.0000,1000,745,1000,1,991.2175
64850.0000,6485,2409.4421,0.0000,1000,739,1000,1,991.2188
64860.0000,6486,2409.4930,0.0000,1000,742,1000,1,991.2202
64870.0000,6487,2409.5438,0.0000,1000,742,1000,1,991.2215
64880.0000,6488,2409.5943,0.0000,1000,731,1000,1,991.2229
64890.0000,6489,2409.6430,0.0000,1000,723,1000,1,991.2242
64900.0000,6490,2409.6914,0.0000,1000,727,1000,1,991.2256
64910.0000,6491,2409.7403,0.0000,1000,722,1000,1,991.2269
64920.0000,6492,2409.7883,0.0000,1000,722,1000,1,991.2283
64930.0000,6493,2409.8362,0.0000,1000,719,1000,1,991.2296
64940.0000,6494,2409.8837,0.0000,1000,712,1000,1,991.2310
64950.0000,6495,2409.9309,0.0000,1000,719,1000,1,991.2323
64960.0000,6496,2409.9786,0.0000,1000,720,1000,1,991.2337
64970.0000,6497,2410.0263,0.0000,1000,720,1000,1,991.2350
64980.0000,6498,2410.0733,0.0000,1000,713,1000,1,991.2364
64990.0000,6499,2410.1203,0.0000,1000,716,1000,1,991.2377
65000.0000,6500,2410.1669,0.0000,1000,712,1000,1,991.2391
65010.0000,6501,2410.2138,0.0000,1000,721,1000,1,991.2404
65020.0000,6502,2410.2619,0.0000,1000,728,1000,1,991.2418
65030.0000,6503,2410.3110,0.0000,1000,736,1000,1,991.2431
65040.0000,6504,2410.3613,0.0000,1000,740,1000,1,991.2445
65050.0000,6505,2410.4116,0.0000,1000,738,1000,1,991.2458
65060.0000,6506,2410.4626,0.0000,1000,742,1000,1,991.2472
65070.0000,6507,2410.5133,0.0000,1000,740,1000,1,991.2485
65080.0000,6508,2410.5638,0.0000,1000,736,1000,1,991.2498
65090.0000,6509,2410.6131,0.0000,1000,726,1000,1,991.2512
65100.0000,6510,2410.6618,0.0000,1000,733,1000,1,991.2525
65110.0000,6511,2410.7117,0.0000,1000,738,1000,1,991.2539
65120.0000,6512,2410.7619,0.0000,1000,740,1000,1,991.2552
65130.0000,6513,2410.8126,0.0000,1000,745,1000,1,991.2566
65140.0000,6514,2410.8641,0.0000,1000,745,1000,1,991.2579
65150.0000,6515,2410.9155,0.0000,1000,744,1000,1,991.2592
65160.0000,6516,2410.9664,0.0000,1000,739,1000,1,991.2606
65170.0000,6517,2411.0165,0.0000,1000,739,1000,1,991.2619
65180.0000,6518,2411.0662,0.0000,1000,729,1000,1,991.2633
65190.0000,6519,2411.1153,0.0000,1000,731,1000,1,991.2646
65200.0000,6520,2411.1645,0.0000,1000,735,1000,1,991.2660
65210.0000,6521,2411.2147,0.0000,1000,743,1000,1,991.2673
65220.0000,6522,2411.2651,0.0000,1000,735,1000,1,991.2686
65230.0000,6523,2411.3142,0.0000,1000,733,1000,1,991.2700
65240.0000,6524,2411.3636,0.0000,1000,734,1000,1,991.2713
65250.0000,6525,2411.4128,0.0000,1000,732,1000,1,991.2726
65260.0000,6526,2411.4622,0.0000,1000,737,1000,1,991.2740
65270.0000,6527,2411.5125,0.0000,1000,738,1000,1,991.2753
65280.0000,6528,2411.5624,0.0000,1000,736,1000,1,991.2767
65290.0000,6529,2411.6118,0.0000,1000,733,1000,1,991.2780
65300.0000,6530,2411.6616,0.0000,1000,736,1000,1,991.2793
65310.0000,6531,2411.7115,0.0000,1000,734,1000,1,991.2807
65320.0000,6532,2411.7609,0.0000,1000,734,1000,1,991.2820
65330.0000,6533,2411.8101,0.0000,1000,730,1000,1,991.2833
65340.0000,6534,2411.8586,0.0000,1000,729,1000,1,991.2847
65350.0000,6535,2411.9069,0.0000,1000,726,1000,1,991.2860
65360.0000,6536,2411.9547,0.0000,1000,721,1000,1,991.2873
65370.0000,6537,2412.0022,0.0000,1000,722,1000,1,991.2887
65380.0000,6538,2412.0501,0.0000,1000,727,1000,1,991.2900
65390.0000,6539,2412.0979,0.0000,1000,722,1000,1,991.2913
65400.0000,6540,2412.1452,0.0000,1000,719,1000,1,991.2927
65410.0000,6541,2412.1920,0.0000,1000,719,1000,1,991.2940
65420.0000,6542,2412.2386,0.0000,1000,715,1000,1,991.2953
65430.0000,6543,2412.2846,0.0000,1000,713,1000,1,991.2967
65440.0000,6544,2412.3306,0.0000,1000,713,1000,1,991.2980
65450.0000,6545,2412.3763,0.0000,1000,708,1000,1,991.2993
65460.0000,6546,2412.4214,0.0000,1000,703,1000,1,991.3006
65470.0000,6547,2412.4656,0.0000,1000,701,1000,1,991.3020
65480.0000,6548,2412.5098,0.0000,1000,702,1000,1,991.3033
65490.0000,6549,2412.5536,0.0000,1000,701,1000,1,991.3046
65500.0000,6550,2412.5973,0.0000,1000,698,1000,1,991.3060
65510.0000,6551,2412.6415,0.0000,1000,702,1000,1,991.3073
65520.0000,6552,2412.6850,0.0000,1000,696,1000,1,991.3086
65530.0000,6553,2412.7282,0.0000,1000,696,1000,1,991.3099
65540.0000,6554,2412.7716,0.0000,1000,701,1000,1,991.3113
65550.0000,6555,2412.8156,0.0000,1000,699,1000,1,991.3126
65560.0000,6556,2412.8594,0.0000,1000,703,1000,1,991.3139
65570.0000,6557,2412.9039,0.0000,1000,711,1000,1,991.3152
65580.0000,6558,2412.9489,0.0000,1000,706,1000,1,991.3166
65590.0000,6559,2412.9933,0.0000,1000,699,1000,1,991.3179
65600.0000,6560,2413.0367,0.0000,1000,697,1000,1,991.3192
65610.0000,6561,2413.0792,0.0000,1000,687,1000,1,991.3205
65620.0000,6562,2413.1207,0.0000,1000,685,1000,1,991.3219
65630.0000,6563,2413.1624,0.0000,1000,685,1000,1,991.3232
65640.0000,6564,2413.2033,0.0000,1000,679,1000,1,991.3245
65650.0000,6565,2413.2442,0.0000,1000,679,1000,1,991.3258
65660.0000,6566,2413.2845,0.0000,1000,678,1000,1,991.3271
65670.0000,6567,2413.3242,0.0000,1000,668,1000,1,991.3285
65680.0000,6568,2413.3628,0.0000,1000,668,1000,1,991.3298
65690.0000,6569,2413.4012,0.0000,1000,663,1000,1,991.3311
65700.0000,6570,2413.4387,0.0000,1000,658,1000,1,991.3324
65710.0000,6571,2413.4757,0.0000,1000,657,1000,1,991.3337
65720.0000,6572,2413.5127,0.0000,1000,657,1000,1,991.3351
65730.0000,6573,2413.5497,0.0000,1000,658,1000,1,991.3364
65740.0000,6574,2413.5866,0.0000,1000,654,1000,1,991.3377
65750.0000,6575,2413.6233,0.0000,1000,657,1000,1,991.3390
65760.0000,6576,2413.6598,0.0000,1000,652,1000,1,991.3403
65770.0000,6577,2413.6961,0.0000,1000,650,1000,1,991.3416
65780.0000,6578,2413.7319,0.0000,1000,650,1000,1,991.3430
65790.0000,6579,2413.7680,0.0000,1000,655,1000,1,991.3443
65800.0000,6580,2413.8054,0.0000,1000,663,1000,1,991.3456
65810.0000,6581,2413.8427,0.0000,1000,659,1000,1,991.3469
65820.0000,6582,2413.8801,0.0000,1000,662,1000,1,991.3482
65830.0000,6583,2413.9175,0.0000,1000,658,1000,1,991.3495
65840.0000,6584,2413.9546,0.0000,1000,660,1000,1,991.3509
65850.0000,6585,2413.9917,0.0000,1000,654,1000,1,991.3522
65860.0000,6586,2414.0283,0.0000,1000,657,1000,1,991.3535
65870.0000,6587,2414.0650,0.0000,1000,654,1000,1,991.3548
65880.0000,6588,2414.1012,0.0000,1000,654,1000,1,991.3561
65890.0000,6589,2414.1375,0.0000,1000,652,1000,1,991.3574
65900.0000,6590,2414.1737,0.0000,1000,654,1000,1,991.3587
65910.0000,6591,2414.2105,0.0000,1000,656,1000,1,991.3600
65920.0000,6592,2414.2471,0.0000,1000,655,1000,1,991.3613
65930.0000,6593,2414.2834,0.0000,1000,650,1000,1,991.3627
65940.0000,6594,2414.3191,0.0000,1000,648,1000,1,991.3640
65950.0000,6595,2414.3544,0.0000,1000,647,1000,1,991.3653
65960.0000,6596,2414.3897,0.0000,1000,646,1000,1,991.3666
65970.0000,6597,2414.4248,0.0000,1000,646,1000,1,991.3679
65980.0000,6598,2414.4598,0.0000,1000,647,1000,1,991.3692
65990.0000,6599,2414.4951,0.0000,1000,648,1000,1,991.3705
66000.0000,6600,2414.5309,0.0000,1000,650,1000,1,991.3718
66010.0000,6601,2414.5665,0.0000,1000,649,1000,1,991.3731
66020.0000,6602,2414.6022,0.0000,1000,652,1000,1,991.3744
66030.0000,6603,2414.6383,0.0000,1000,651,1000,1,991.3757
66040.0000,6604,2414.6737,0.0000,1000,646,1000,1,991.3770
66050.0000,6605,2414.7084,0.0000,1000,642,1000,1,991.3783
66060.0000,6606,2414.7424,0.0000,1000,636,1000,1,991.3797
66070.0000,6607,2414.7759,0.0000,1000,635,1000,1,991.3810
66080.0000,6608,2414.8095,0.0000,1000,637,1000,1,991.3823
66090.0000,6609,2414.8428,0.0000,1000,631,1000,1,991.3836
66100.0000,6610,2414.8758,0.0000,1000,633,1000,1,991.3849
66110.0000,6611,2414.9088,0.0000,1000,630,1000,1,991.3862
66120.0000,6612,2414.9414,0.0000,1000,631,1000,1,991.3875
66130.0000,6613,2414.9740,0.0000,1000,631,1000,1,991.3888
66140.0000,6614,2415.0068,0.0000,1000,631,1000,1,991.3901
66150.0000,6615,2415.0389,0.0000,1000,623,1000,1,991.3914
66160.0000,6616,2415.0703,0.0000,1000,619,1000,1,991.3927
66170.0000,6617,2415.1005,0.0000,1000,610,1000,1,991.3940
66180.0000,6618,2415.1301,0.0000,1000,611,1000,1,991.3953
66190.0000,6619,2415.1593,0.0000,1000,607,1000,1,991.3966
66200.0000,6620,2415.1881,0.0000,1000,599,1000,1,991.3979
66210.0000,6621,2415.2154,0.0000,1000,593,1000,1,991.3992
66220.0000,6622,2415.2425,0.0000,1000,596,1000,1,991.4005
66230.0000,6623,2415.2699,0.0000,1000,593,1000,1,991.4018
66240.0000,6624,2415.2971,0.0000,1000,596,1000,1,991.4031
66250.0000,6625,2415.3242,0.0000,1000,593,1000,1,991.4044
66260.0000,6626,2415.3511,0.0000,1000,593,1000,1,991.4057
66270.0000,6627,2415.3769,0.0000,1000,583,1000,1,991.4070
66280.0000,6628,2415.4024,0.0000,1000,583,1000,1,991.4083
66290.0000,6629,2415.4272,0.0000,1000,577,1000,1,991.4096
66300.0000,6630,2415.4511,0.0000,1000,572,1000,1,991.4109
66310.0000,6631,2415.4738,0.0000,1000,562,1000,1,991.4122
66320.0000,6632,2415.4951,0.0000,1000,555,1000,1,991.4134
66330.0000,6633,2415.5164,0.0000,1000,555,1000,1,991.4147
66340.0000,6634,2415.5380,0.0000,1000,566,1000,1,991.4160
66350.0000,6635,2415.5609,0.0000,1000,567,1000,1,991.4173
66360.0000,6636,2415.5848,0.0000,1000,582,1000,1,991.4186
66370.0000,6637,2415.6105,0.0000,1000,590,1000,1,991.4199
66380.0000,6638,2415.6362,0.0000,1000,588,1000,1,991.4212
66390.0000,6639,2415.6617,0.0000,1000,581,1000,1,991.4225
66400.0000,6640,2415.6855,0.0000,1000,571,1000,1,991.4238
66410.0000,6641,2415.7085,0.0000,1000,566,1000,1,991.4251
66420.0000,6642,2415.7312,0.0000,1000,570,1000,1,991.4264
66430.0000,6643,2415.7547,0.0000,1000,571,1000,1,991.4277
66440.0000,6644,2415.7776,0.0000,1000,567,1000,1,991.4290
66450.0000,6645,2415.8004,0.0000,1000,568,1000,1,991.4302
66460.0000,6646,2415.8239,0.0000,1000,576,1000,1,991.4315
66470.0000,6647,2415.8479,0.0000,1000,571,1000,1,991.4328
66480.0000,6648,2415.8706,0.0000,1000,563,1000,1,991.4341
66490.0000,6649,2415.8932,0.0000,1000,569,1000,1,991.4354
66500.0000,6650,2415.9162,0.0000,1000,567,1000,1,991.4367
66510.0000,6651,2415.9385,0.0000,1000,565,1000,1,991.4380
66520.0000,6652,2415.9610,0.0000,1000,565,1000,1,991.4393
66530.0000,6653,2415.9836,0.0000,1000,560,1000,1,991.4406
66540.0000,6654,2416.0052,0.0000,1000,561,1000,1,991.4418
66550.0000,6655,2416.0266,0.0000,1000,560,1000,1,991.4431
66560.0000,6656,2416.0480,0.0000,1000,561,1000,1,991.4444
66570.0000,6657,2416.0703,0.0000,1000,569,1000,1,991.4457
66580.0000,6658,2416.0934,0.0000,1000,568,1000,1,991.4470
66590.0000,6659,2416.1165,0.0000,1000,568,1000,1,991.4483
66600.0000,6660,2416.1393,0.0000,1000,567,1000,1,991.4495
66610.0000,6661,2416.1621,0.0000,1000,564,1000,1,991.4508
66620.0000,6662,2416.1847,0.0000,1000,570,1000,1,991.4521
66630.0000,6663,2416.2074,0.0000,1000,566,1000,1,991.4534
66640.0000,6664,2416.2298,0.0000,1000,566,1000,1,991.4547
66650.0000,6665,2416.2521,0.0000,1000,566,1000,1,991.4560
66660.0000,6666,2416.2746,0.0000,1000,567,1000,1,991.4572
66670.0000,6667,2416.2974,0.0000,1000,563,1000,1,991.4585
66680.0000,6668,2416.3193,0.0000,1000,562,1000,1,991.4598
66690.0000,6669,2416.3417,0.0000,1000,562,1000,1,991.4611
66700.0000,6670,2416.3634,0.0000,1000,560,1000,1,991.4624
66710.0000,6671,2416.3853,0.0000,1000,564,1000,1,991.4636
66720.0000,6672,2416.4077,0.0000,1000,566,1000,1,991.4649
66730.0000,6673,2416.4299,0.0000,1000,562,1000,1,991.4662
66740.0000,6674,2416.4517,0.0000,1000,567,1000,1,991.4675
66750.0000,6675,2416.4740,0.0000,1000,565,1000,1,991.4688
66760.0000,6676,2416.4963,0.0000,1000,566,1000,1,991.4700
66770.0000,6677,2416.5188,0.0000,1000,563,1000,1,991.4713
66780.0000,6678,2416.5403,0.0000,1000,560,1000,1,991.4726
66790.0000,6679,2416.5624,0.0000,1000,570,1000,1,991.4739
66800.0000,6680,2416.5852,0.0000,1000,567,1000,1,991.4751
66810.0000,6681,2416.6074,0.0000,1000,563,1000,1,991.4764
66820.0000,6682,2416.6292,0.0000,1000,562,1000,1,991.4777
66830.0000,6683,2416.6503,0.0000,1000,557,1000,1,991.4790
66840.0000,6684,2416.6713,0.0000,1000,558,1000,1,991.4803
66850.0000,6685,2416.6924,0.0000,1000,555,1000,1,991.4815
66860.0000,6686,2416.7141,0.0000,1000,565,1000,1,991.4828
66870.0000,6687,2416.7361,0.0000,1000,562,1000,1,991.4841
66880.0000,6688,2416.7579,0.0000,1000,565,1000,1,991.4853
66890.0000,6689,2416.7806,0.0000,1000,573,1000,1,991.4866
66900.0000,6690,2416.8032,0.0000,1000,567,1000,1,991.4879
66910.0000,6691,2416.8253,0.0000,1000,563,1000,1,991.4892
66920.0000,6692,2416.8468,0.0000,1000,561,1000,1,991.4904
66930.0000,6693,2416.8684,0.0000,1000,561,1000,1,991.4917
66940.0000,6694,2416.8898,0.0000,1000,562,1000,1,991.4930
66950.0000,6695,2416.9114,0.0000,1000,559,1000,1,991.4942
66960.0000,6696,2416.9328,0.0000,1000,561,1000,1,991.4955
66970.0000,6697,2416.9535,0.0000,1000,551,1000,1,991.4968
66980.0000,6698,2416.9741,0.0000,1000,557,1000,1,991.4981
66990.0000,6699,2416.9943,0.0000,1000,552,1000,1,991.4993
67000.0000,6700,2417.0149,0.0000,1000,554,1000,1,991.5006
67010.0000,6701,2417.0349,0.0000,1000,547,1000,1,991.5019
67020.0000,6702,2417.0540,0.0000,1000,543,1000,1,991.5031
67030.0000,6703,2417.0730,0.0000,1000,546,1000,1,991.5044
67040.0000,6704,2417.0918,0.0000,1000,538,1000,1,991.5057
67050.0000,6705,2417.1100,0.0000,1000,543,1000,1,991.5069
67060.0000,6706,2417.1280,0.0000,1000,536,1000,1,991.5082
67070.0000,6707,2417.1454,0.0000,1000,535,1000,1,991.5095
67080.0000,6708,2417.1629,0.0000,1000,534,1000,1,991.5107
67090.0000,6709,2417.1799,0.0000,1000,527,1000,1,991.5120
67100.0000,6710,2417.1955,0.0000,1000,521,1000,1,991.5133
67110.0000,6711,2417.2098,0.0000,1000,508,1000,1,991.5145
67120.0000,6712,2417.2230,0.0000,1000,504,1000,1,991.5158
67130.0000,6713,2417.2356,0.0000,1000,500,1000,1,991.5171
67140.0000,6714,2417.2478,0.0000,1000,498,1000,1,991.5183
67150.0000,6715,2417.2592,0.0000,1000,493,1000,1,991.5196
67160.0000,6716,2417.2702,0.0000,1000,493,1000,1,991.5208
67170.0000,6717,2417.2814,0.0000,1000,491,1000,1,991.5221
67180.0000,6718,2417.2921,0.0000,1000,486,1000,1,991.5234
67190.0000,6719,2417.3028,0.0000,1000,486,1000,1,991.5246
67200.0000,6720,2417.3131,0.0000,1000,491,1000,1,991.5259
67210.0000,6721,2417.3240,0.0000,1000,492,1000,1,991.5272
67220.0000,6722,2417.3354,0.0000,1000,493,1000,1,991.5284
67230.0000,6723,2417.3458,0.0000,1000,484,1000,1,991.5297
67240.0000,6724,2417.3556,0.0000,1000,481,1000,1,991.5309
67250.0000,6725,2417.3646,0.0000,1000,478,1000,1,991.5322
67260.0000,6726,2417.3733,0.0000,1000,476,1000,1,991.5335
67270.0000,6727,2417.3824,0.0000,1000,482,1000,1,991.5347
67280.0000,6728,2417.3920,0.0000,1000,483,1000,1,991.5360
67290.0000,6729,2417.4020,0.0000,1000,485,1000,1,991.5372
67300.0000,6730,2417.4124,0.0000,1000,487,1000,1,991.5385
67310.0000,6731,2417.4232,0.0000,1000,491,1000,1,991.5397
67320.0000,6732,2417.4342,0.0000,1000,489,1000,1,991.5410
67330.0000,6733,2417.4449,0.0000,1000,485,1000,1,991.5423
67340.0000,6734,2417.4549,0.0000,1000,485,1000,1,991.5435
67350.0000,6735,2417.4648,0.0000,1000,485,1000,1,991.5448
67360.0000,6736,2417.4748,0.0000,1000,483,1000,1,991.5460
67370.0000,6737,2417.4847,0.0000,1000,486,1000,1,991.5473
67380.0000,6738,2417.4948,0.0000,1000,485,1000,1,991.5485
67390.0000,6739,2417.5046,0.0000,1000,485,1000,1,991.5498
67400.0000,6740,2417.5143,0.0000,1000,481,1000,1,991.5510
67410.0000,6741,2417.5235,0.0000,1000,480,1000,1,991.5523
67420.0000,6742,2417.5317,0.0000,1000,469,1000,1,991.5535
67430.0000,6743,2417.5391,0.0000,1000,466,1000,1,991.5548
67440.0000,6744,2417.5455,0.0000,1000,461,1000,1,991.5560
67450.0000,6745,2417.5526,0.0000,1000,463,1000,1,991.5573
67460.0000,6746,2417.5591,0.0000,1000,460,1000,1,991.5586
67470.0000,6747,2417.5658,0.0000,1000,466,1000,1,991.5598
67480.0000,6748,2417.5724,0.0000,1000,461,1000,1,991.5611
67490.0000,6749,2417.5788,0.0000,1000,460,1000,1,991.5623
67500.0000,6750,2417.5847,0.0000,1000,459,1000,1,991.5636
67510.0000,6751,2417.5907,0.0000,1000,459,1000,1,991.5648
67520.0000,6752,2417.5963,0.0000,1000,457,1000,1,991.5661
67530.0000,6753,2417.6024,0.0000,1000,461,1000,1,991.5673
67540.0000,6754,2417.6088,0.0000,1000,454,1000,1,991.5686
67550.0000,6755,2417.6142,0.0000,1000,454,1000,1,991.5698
67560.0000,6756,2417.6202,0.0000,1000,461,1000,1,991.5710
67570.0000,6757,2417.6269,0.0000,1000,466,1000,1,991.5723
67580.0000,6758,2417.6340,0.0000,1000,464,1000,1,991.5735
67590.0000,6759,2417.6411,0.0000,1000,462,1000,1,991.5748
67600.0000,6760,2417.6473,0.0000,1000,461,1000,1,991.5760
67610.0000,6761,2417.6535,0.0000,1000,457,1000,1,991.5773
67620.0000,6762,2417.6594,0.0000,1000,456,1000,1,991.5785
67630.0000,6763,2417.6644,0.0000,1000,447,1000,1,991.5798
67640.0000,6764,2417.6684,0.0000,1000,444,1000,1,991.5810
67650.0000,6765,2417.6729,0.0000,1000,452,1000,1,991.5823
67660.0000,6766,2417.6776,0.0000,1000,449,1000,1,991.5835
67670.0000,6767,2417.6822,0.0000,1000,453,1000,1,991.5847
67680.0000,6768,2417.6873,0.0000,1000,452,1000,1,991.5860
67690.0000,6769,2417.6924,0.0000,1000,451,1000,1,991.5872
67700.0000,6770,2417.6971,0.0000,1000,446,1000,1,991.5885
67710.0000,6771,2417.7010,0.0000,1000,444,1000,1,991.5897
67720.0000,6772,2417.7047,0.0000,1000,440,1000,1,991.5910
67730.0000,6773,2417.7075,0.0000,1000,432,1000,1,991.5922
67740.0000,6774,2417.7096,0.0000,1000,433,1000,1,991.5934
67750.0000,6775,2417.7119,0.0000,1000,435,1000,1,991.5947
67760.0000,6776,2417.7136,0.0000,1000,429,1000,1,991.5959
67770.0000,6777,2417.7151,0.0000,1000,429,1000,1,991.5972
67780.0000,6778,2417.7166,0.0000,1000,430,1000,1,991.5984
67790.0000,6779,2417.7185,0.0000,1000,431,1000,1,991.5996
67800.0000,6780,2417.7199,0.0000,1000,426,1000,1,991.6009
67810.0000,6781,2417.7209,0.0000,1000,422,1000,1,991.6021
67820.0000,6782,2417.7212,0.0000,1000,418,1000,1,991.6034
67830.0000,6783,2417.7212,0.0000,1000,421,1000,1,991.6046
67840.0000,6784,2417.7220,0.0000,1000,422,1000,1,991.6058
67850.0000,6785,2417.7225,0.0000,1000,420,1000,1,991.6071
67860.0000,6786,2417.7233,0.0000,1000,425,1000,1,991.6083
67870.0000,6787,2417.7239,0.0000,1000,420,1000,1,991.6095
67880.0000,6788,2417.7246,0.0000,1000,422,1000,1,991.6108
67890.0000,6789,2417.7247,0.0000,1000,418,1000,1,991.6120
67900.0000,6790,2417.7244,0.0000,1000,417,1000,1,991.6133
67910.0000,6791,2417.7238,0.0000,1000,409,1000,1,991.6145
67920.0000,6792,2417.7223,0.0000,1000,409,1000,1,991.6157
67930.0000,6793,2417.7201,0.0000,1000,400,1000,1,991.6170
67940.0000,6794,2417.7179,0.0000,1000,404,1000,1,991.6182
67950.0000,6795,2417.7161,0.0000,1000,408,1000,1,991.6194
67960.0000,6796,2417.7146,0.0000,1000,408,1000,1,991.6207
67970.0000,6797,2417.7125,0.0000,1000,403,1000,1,991.6219
67980.0000,6798,2417.7095,0.0000,1000,393,1000,1,991.6231
67990.0000,6799,2417.7060,0.0000,1000,395,1000,1,991.6244
68000.0000,6800,2417.7024,0.0000,1000,392,1000,1,991.6256
68010.0000,6801,2417.6990,0.0000,1000,399,1000,1,991.6268
68020.0000,6802,2417.6961,0.0000,1000,398,1000,1,991.6281
68030.0000,6803,2417.6926,0.0000,1000,387,1000,1,991.6293
68040.0000,6804,2417.6881,0.0000,1000,387,1000,1,991.6305
68050.0000,6805,2417.6832,0.0000,1000,383,1000,1,991.6317
68060.0000,6806,2417.6783,0.0000,1000,386,1000,1,991.6330
68070.0000,6807,2417.6736,0.0000,1000,384,1000,1,991.6342
68080.0000,6808,2417.6685,0.0000,1000,380,1000,1,991.6354
68090.0000,6809,2417.6624,0.0000,1000,374,1000,1,991.6367
68100.0000,6810,2417.6556,0.0000,1000,371,1000,1,991.6379
68110.0000,6811,2417.6487,0.0000,1000,372,1000,1,991.6391
68120.0000,6812,2417.6419,0.0000,1000,366,1000,1,991.6403
68130.0000,6813,2417.6341,0.0000,1000,362,1000,1,991.6416
68140.0000,6814,2417.6260,0.0000,1000,361,1000,1,991.6428
68150.0000,6815,2417.6179,0.0000,1000,368,1000,1,991.6440
68160.0000,6816,2417.6109,0.0000,1000,369,1000,1,991.6452
68170.0000,6817,2417.6038,0.0000,1000,364,1000,1,991.6465
68180.0000,6818,2417.5961,0.0000,1000,364,1000,1,991.6477
68190.0000,6819,2417.5882,0.0000,1000,365,1000,1,991.6489
68200.0000,6820,2417.5804,0.0000,1000,360,1000,1,991.6501
68210.0000,6821,2417.5719,0.0000,1000,362,1000,1,991.6514
68220.0000,6822,2417.5640,0.0000,1000,364,1000,1,991.6526
68230.0000,6823,2417.5559,0.0000,1000,361,1000,1,991.6538
68240.0000,6824,2417.5478,0.0000,1000,358,1000,1,991.6550
68250.0000,6825,2417.5390,0.0000,1000,357,1000,1,991.6563
68260.0000,6826,2417.5303,0.0000,1000,357,1000,1,991.6575
68270.0000,6827,2417.5215,0.0000,1000,357,1000,1,991.6587
68280.0000,6828,2417.5122,0.0000,1000,351,1000,1,991.6599
68290.0000,6829,2417.5024,0.0000,1000,347,1000,1,991.6612
68300.0000,6830,2417.4915,0.0000,1000,341,1000,1,991.6624
68310.0000,6831,2417.4800,0.0000,1000,338,1000,1,991.6636
68320.0000,6832,2417.4688,0.0000,1000,344,1000,1,991.6648
68330.0000,6833,2417.4587,0.0000,1000,353,1000,1,991.6660
68340.0000,6834,2417.4497,0.0000,1000,355,1000,1,991.6673
68350.0000,6835,2417.4404,0.0000,1000,355,1000,1,991.6685
68360.0000,6836,2417.4311,0.0000,1000,355,1000,1,991.6697
68370.0000,6837,2417.4222,0.0000,1000,355,1000,1,991.6709
68380.0000,6838,2417.4133,0.0000,1000,360,1000,1,991.6721
68390.0000,6839,2417.4051,0.0000,1000,361,1000,1,991.6733
68400.0000,6840,2417.3966,0.0000,1000,359,1000,1,991.6746
68410.0000,6841,2417.3876,0.0000,1000,354,1000,1,991.6758
68420.0000,6842,2417.3785,0.0000,1000,354,1000,1,991.6770
68430.0000,6843,2417.3692,0.0000,1000,355,1000,1,991.6782
68440.0000,6844,2417.3608,0.0000,1000,362,1000,1,991.6794
68450.0000,6845,2417.3526,0.0000,1000,359,1000,1,991.6806
68460.0000,6846,2417.3440,0.0000,1000,359,1000,1,991.6819
68470.0000,6847,2417.3352,0.0000,1000,354,1000,1,991.6831
68480.0000,6848,2417.3250,0.0000,1000,347,1000,1,991.6843
68490.0000,6849,2417.3147,0.0000,1000,345,1000,1,991.6855
68500.0000,6850,2417.3034,0.0000,1000,335,1000,1,991.6867
68510.0000,6851,2417.2913,0.0000,1000,335,1000,1,991.6879
68520.0000,6852,2417.2792,0.0000,1000,334,1000,1,991.6891
68530.0000,6853,2417.2674,0.0000,1000,337,1000,1,991.6904
68540.0000,6854,2417.2559,0.0000,1000,340,1000,1,991.6916
68550.0000,6855,2417.2443,0.0000,1000,336,1000,1,991.6928
68560.0000,6856,2417.2318,0.0000,1000,328,1000,1,991.6940
68570.0000,6857,2417.2188,0.0000,1000,328,1000,1,991.6952
68580.0000,6858,2417.2064,0.0000,1000,334,1000,1,991.6964
68590.0000,6859,2417.1939,0.0000,1000,332,1000,1,991.6976
68600.0000,6860,2417.1809,0.0000,1000,331,1000,1,991.6988
68610.0000,6861,2417.1687,0.0000,1000,334,1000,1,991.7000
68620.0000,6862,2417.1562,0.0000,1000,330,1000,1,991.7013
68630.0000,6863,2417.1433,0.0000,1000,326,1000,1,991.7025
68640.0000,6864,2417.1303,0.0000,1000,327,1000,1,991.7037
68650.0000,6865,2417.1171,0.0000,1000,325,1000,1,991.7049
68660.0000,6866,2417.1028,0.0000,1000,319,1000,1,991.7061
68670.0000,6867,2417.0882,0.0000,1000,314,1000,1,991.7073
68680.0000,6868,2417.0730,0.0000,1000,313,1000,1,991.7085
68690.0000,6869,2417.0578,0.0000,1000,312,1000,1,991.7097
68700.0000,6870,2417.0426,0.0000,1000,310,1000,1,991.7109
68710.0000,6871,2417.0265,0.0000,1000,306,1000,1,991.7121
68720.0000,6872,2417.0101,0.0000,1000,304,1000,1,991.7133
68730.0000,6873,2416.9939,0.0000,1000,307,1000,1,991.7145
68740.0000,6874,2416.9773,0.0000,1000,302,1000,1,991.7157
68750.0000,6875,2416.9601,0.0000,1000,302,1000,1,991.7169
68760.0000,6876,2416.9432,0.0000,1000,300,1000,1,991.7181
68770.0000,6877,2416.9269,0.0000,1000,308,1000,1,991.7194
68780.0000,6878,2416.9109,0.0000,1000,308,1000,1,991.7206
68790.0000,6879,2416.8952,0.0000,1000,309,1000,1,991.7218
68800.0000,6880,2416.8793,0.0000,1000,307,1000,1,991.7230
68810.0000,6881,2416.8631,0.0000,1000,308,1000,1,991.7242
68820.0000,6882,2416.8468,0.0000,1000,303,1000,1,991.7254
68830.0000,6883,2416.8303,0.0000,1000,303,1000,1,991.7266
68840.0000,6884,2416.8126,0.0000,1000,295,1000,1,991.7278
68850.0000,6885,2416.7953,0.0000,1000,296,1000,1,991.7290
68860.0000,6886,2416.7778,0.0000,1000,296,1000,1,991.7302
68870.0000,6887,2416.7597,0.0000,1000,291,1000,1,991.7314
68880.0000,6888,2416.7413,0.0000,1000,289,1000,1,991.7326
68890.0000,6889,2416.7228,0.0000,1000,287,1000,1,991.7338
68900.0000,6890,2416.7044,0.0000,1000,292,1000,1,991.7350
68910.0000,6891,2416.6864,0.0000,1000,294,1000,1,991.7362
68920.0000,6892,2416.6688,0.0000,1000,295,1000,1,991.7374
68930.0000,6893,2416.6513,0.0000,1000,300,1000,1,991.7386
68940.0000,6894,2416.6340,0.0000,1000,296,1000,1,991.7398
68950.0000,6895,2416.6164,0.0000,1000,298,1000,1,991.7410
68960.0000,6896,2416.5989,0.0000,1000,292,1000,1,991.7422
68970.0000,6897,2416.5809,0.0000,1000,293,1000,1,991.7434
68980.0000,6898,2416.5635,0.0000,1000,297,1000,1,991.7446
68990.0000,6899,2416.5459,0.0000,1000,290,1000,1,991.7458
69000.0000,6900,2416.5267,0.0000,1000,279,1000,1,991.7470
69010.0000,6901,2416.5064,0.0000,1000,276,1000,1,991.7482
69020.0000,6902,2416.4860,0.0000,1000,276,1000,1,991.7493
69030.0000,6903,2416.4657,0.0000,1000,274,1000,1,991.7505
69040.0000,6904,2416.4450,0.0000,1000,274,1000,1,991.7517
69050.0000,6905,2416.4246,0.0000,1000,276,1000,1,991.7529
69060.0000,6906,2416.4041,0.0000,1000,274,1000,1,991.7541
69070.0000,6907,2416.3836,0.0000,1000,273,1000,1,991.7553
69080.0000,6908,2416.3627,0.0000,1000,271,1000,1,991.7565
69090.0000,6909,2416.3408,0.0000,1000,264,1000,1,991.7577
69100.0000,6910,2416.3189,0.0000,1000,265,1000,1,991.7589
69110.0000,6911,2416.2968,0.0000,1000,258,1000,1,991.7601
69120.0000,6912,2416.2739,0.0000,1000,259,1000,1,991.7613
69130.0000,6913,2416.2510,0.0000,1000,254,1000,1,991.7625
69140.0000,6914,2416.2272,0.0000,1000,253,1000,1,991.7637
69150.0000,6915,2416.2034,0.0000,1000,250,1000,1,991.7649
69160.0000,6916,2416.1791,0.0000,1000,250,1000,1,991.7660
69170.0000,6917,2416.1548,0.0000,1000,244,1000,1,991.7672
69180.0000,6918,2416.1297,0.0000,1000,241,1000,1,991.7684
69190.0000,6919,2416.1044,0.0000,1000,241,1000,1,991.7696
69200.0000,6920,2416.0791,0.0000,1000,244,1000,1,991.7708
69210.0000,6921,2416.0539,0.0000,1000,236,1000,1,991.7720
69220.0000,6922,2416.0274,0.0000,1000,230,1000,1,991.7732
69230.0000,6923,2416.0007,0.0000,1000,228,1000,1,991.7744
69240.0000,6924,2415.9731,0.0000,1000,219,1000,1,991.7756
69250.0000,6925,2415.9443,0.0000,1000,219,1000,1,991.7768
69260.0000,6926,2415.9164,0.0000,1000,223,1000,1,991.7779
69270.0000,6927,2415.8890,0.0000,1000,228,1000,1,991.7791
69280.0000,6928,2415.8618,0.0000,1000,226,1000,1,991.7803
69290.0000,6929,2415.8344,0.0000,1000,226,1000,1,991.7815
69300.0000,6930,2415.8070,0.0000,1000,225,1000,1,991.7827
69310.0000,6931,2415.7792,0.0000,1000,219,1000,1,991.7839
69320.0000,6932,2415.7510,0.0000,1000,221,1000,1,991.7851
69330.0000,6933,2415.7230,0.0000,1000,219,1000,1,991.7862
69340.0000,6934,2415.6950,0.0000,1000,220,1000,1,991.7874
69350.0000,6935,2415.6663,0.0000,1000,215,1000,1,991.7886
69360.0000,6936,2415.6368,0.0000,1000,207,1000,1,991.7898
69370.0000,6937,2415.6069,0.0000,1000,210,1000,1,991.7910
69380.0000,6938,2415.5773,0.0000,1000,205,1000,1,991.7922
69390.0000,6939,2415.5472,0.0000,1000,206,1000,1,991.7933
69400.0000,6940,2415.5169,0.0000,1000,205,1000,1,991.7945
69410.0000,6941,2415.4864,0.0000,1000,205,1000,1,991.7957
69420.0000,6942,2415.4565,0.0000,1000,210,1000,1,991.7969
69430.0000,6943,2415.4269,0.0000,1000,213,1000,1,991.7981
69440.0000,6944,2415.3975,0.0000,1000,209,1000,1,991.7993
69450.0000,6945,2415.3681,0.0000,1000,214,1000,1,991.8004
69460.0000,6946,2415.3389,0.0000,1000,214,1000,1,991.8016
69470.0000,6947,2415.3104,0.0000,1000,218,1000,1,991.8028
69480.0000,6948,2415.2816,0.0000,1000,214,1000,1,991.8040
69490.0000,6949,2415.2532,0.0000,1000,223,1000,1,991.8052
69500.0000,6950,2415.2253,0.0000,1000,215,1000,1,991.8063
69510.0000,6951,2415.1961,0.0000,1000,210,1000,1,991.8075
69520.0000,6952,2415.1668,0.0000,1000,210,1000,1,991.8087
69530.0000,6953,2415.1375,0.0000,1000,210,1000,1,991.8099
69540.0000,6954,2415.1081,0.0000,1000,208,1000,1,991.8110
69550.0000,6955,2415.0779,0.0000,1000,205,1000,1,991.8122
69560.0000,6956,2415.0483,0.0000,1000,214,1000,1,991.8134
69570.0000,6957,2415.0191,0.0000,1000,212,1000,1,991.8146
69580.0000,6958,2414.9899,0.0000,1000,214,1000,1,991.8158
69590.0000,6959,2414.9606,0.0000,1000,206,1000,1,991.8169
69600.0000,6960,2414.9307,0.0000,1000,208,1000,1,991.8181
69610.0000,6961,2414.9006,0.0000,1000,206,1000,1,991.8193
69620.0000,6962,2414.8707,0.0000,1000,207,1000,1,991.8205
69630.0000,6963,2414.8405,0.0000,1000,205,1000,1,991.8216
69640.0000,6964,2414.8093,0.0000,1000,190,1000,1,991.8228
69650.0000,6965,2414.7768,0.0000,1000,187,1000,1,991.8240
69660.0000,6966,2414.7440,0.0000,1000,181,1000,1,991.8252
69670.0000,6967,2414.7103,0.0000,1000,178,1000,1,991.8263
69680.0000,6968,2414.6763,0.0000,1000,174,1000,1,991.8275
69690.0000,6969,2414.6413,0.0000,1000,168,1000,1,991.8287
69700.0000,6970,2414.6060,0.0000,1000,162,1000,1,991.8298
69710.0000,6971,2414.5700,0.0000,1000,167,1000,1,991.8310
69720.0000,6972,2414.5348,0.0000,1000,172,1000,1,991.8322
69730.0000,6973,2414.5005,0.0000,1000,173,1000,1,991.8334
69740.0000,6974,2414.4661,0.0000,1000,171,1000,1,991.8345
69750.0000,6975,2414.4313,0.0000,1000,173,1000,1,991.8357
69760.0000,6976,2414.3965,0.0000,1000,170,1000,1,991.8369
69770.0000,6977,2414.3615,0.0000,1000,168,1000,1,991.8380
69780.0000,6978,2414.3260,0.0000,1000,164,1000,1,991.8392
69790.0000,6979,2414.2900,0.0000,1000,163,1000,1,991.8404
69800.0000,6980,2414.2538,0.0000,1000,164,1000,1,991.8415
69810.0000,6981,2414.2178,0.0000,1000,162,1000,1,991.8427
69820.0000,6982,2414.1819,0.0000,1000,166,1000,1,991.8439
69830.0000,6983,2414.1460,0.0000,1000,166,1000,1,991.8451
69840.0000,6984,2414.1101,0.0000,1000,162,1000,1,991.8462
69850.0000,6985,2414.0742,0.0000,1000,166,1000,1,991.8474
69860.0000,6986,2414.0386,0.0000,1000,164,1000,1,991.8486
69870.0000,6987,2414.0031,0.0000,1000,166,1000,1,991.8497
69880.0000,6988,2413.9678,0.0000,1000,163,1000,1,991.8509
69890.0000,6989,2413.9322,0.0000,1000,167,1000,1,991.8521
69900.0000,6990,2413.8968,0.0000,1000,164,1000,1,991.8532
69910.0000,6991,2413.8611,0.0000,1000,164,1000,1,991.8544
69920.0000,6992,2413.8250,0.0000,1000,160,1000,1,991.8555
69930.0000,6993,2413.7884,0.0000,1000,160,1000,1,991.8567
69940.0000,6994,2413.7530,0.0000,1000,166,1000,1,991.8579
69950.0000,6995,2413.7171,0.0000,1000,160,1000,1,991.8590
69960.0000,6996,2413.6807,0.0000,1000,161,1000,1,991.8602
69970.0000,6997,2413.6452,0.0000,1000,165,1000,1,991.8614
69980.0000,6998,2413.6096,0.0000,1000,165,1000,1,991.8625
69990.0000,6999,2413.5741,0.0000,1000,162,1000,1,991.8637
70000.0000,7000,2413.5383,0.0000,1000,164,1000,1,991.8649
70010.0000,7001,2413.5029,0.0000,1000,167,1000,1,991.8660
70020.0000,7002,2413.4673,0.0000,1000,162,1000,1,991.8672
70030.0000,7003,2413.4316,0.0000,1000,164,1000,1,991.8683
70040.0000,7004,2413.3958,0.0000,1000,161,1000,1,991.8695
70050.0000,7005,2413.3602,0.0000,1000,168,1000,1,991.8707
70060.0000,7006,2413.3247,0.0000,1000,163,1000,1,991.8718
70070.0000,7007,2413.2892,0.0000,1000,166,1000,1,991.8730
70080.0000,7008,2413.2542,0.0000,1000,169,1000,1,991.8741
70090.0000,7009,2413.2200,0.0000,1000,177,1000,1,991.8753
70100.0000,7010,2413.1870,0.0000,1000,188,1000,1,991.8765
70110.0000,7011,2413.1547,0.0000,1000,185,1000,1,991.8776
70120.0000,7012,2413.1227,0.0000,1000,194,1000,1,991.8788
70130.0000,7013,2413.0911,0.0000,1000,190,1000,1,991.8799
70140.0000,7014,2413.0594,0.0000,1000,193,1000,1,991.8811
70150.0000,7015,2413.0281,0.0000,1000,190,1000,1,991.8823
70160.0000,7016,2412.9970,0.0000,1000,198,1000,1,991.8834
70170.0000,7017,2412.9662,0.0000,1000,196,1000,1,991.8846
70180.0000,7018,2412.9357,0.0000,1000,199,1000,1,991.8857
70190.0000,7019,2412.9052,0.0000,1000,200,1000,1,991.8869
70200.0000,7020,2412.8746,0.0000,1000,197,1000,1,991.8880
70210.0000,7021,2412.8440,0.0000,1000,198,1000,1,991.8892
70220.0000,7022,2412.8136,0.0000,1000,199,1000,1,991.8903
70230.0000,7023,2412.7835,0.0000,1000,203,1000,1,991.8915
70240.0000,7024,2412.7535,0.0000,1000,202,1000,1,991.8927
70250.0000,7025,2412.7233,0.0000,1000,199,1000,1,991.8938
70260.0000,7026,2412.6934,0.0000,1000,204,1000,1,991.8950
70270.0000,7027,2412.6640,0.0000,1000,211,1000,1,991.8961
70280.0000,7028,2412.6354,0.0000,1000,214,1000,1,991.8973
70290.0000,7029,2412.6065,0.0000,1000,208,1000,1,991.8984
70300.0000,7030,2412.5771,0.0000,1000,207,1000,1,991.8996
70310.0000,7031,2412.5477,0.0000,1000,202,1000,1,991.9007
70320.0000,7032,2412.5175,0.0000,1000,200,1000,1,991.9019
70330.0000,7033,2412.4878,0.0000,1000,209,1000,1,991.9030
70340.0000,7034,2412.4583,0.0000,1000,202,1000,1,991.9042
70350.0000,7035,2412.4288,0.0000,1000,204,1000,1,991.9053
70360.0000,7036,2412.3992,0.0000,1000,203,1000,1,991.9065
70370.0000,7037,2412.3693,0.0000,1000,202,1000,1,991.9076
70380.0000,7038,2412.3385,0.0000,1000,191,1000,1,991.9088
70390.0000,7039,2412.3074,0.0000,1000,193,1000,1,991.9099
70400.0000,7040,2412.2764,0.0000,1000,196,1000,1,991.9111
70410.0000,7041,2412.2451,0.0000,1000,189,1000,1,991.9122
70420.0000,7042,2412.2140,0.0000,1000,192,1000,1,991.9134
70430.0000,7043,2412.1827,0.0000,1000,192,1000,1,991.9145
70440.0000,7044,2412.1515,0.0000,1000,196,1000,1,991.9157
70450.0000,7045,2412.1212,0.0000,1000,201,1000,1,991.9168
70460.0000,7046,2412.0910,0.0000,1000,200,1000,1,991.9180
70470.0000,7047,2412.0608,0.0000,1000,197,1000,1,991.9191
70480.0000,7048,2412.0300,0.0000,1000,194,1000,1,991.9203
70490.0000,7049,2411.9992,0.0000,1000,193,1000,1,991.9214
70500.0000,7050,2411.9678,0.0000,1000,191,1000,1,991.9226
70510.0000,7051,2411.9351,0.0000,1000,178,1000,1,991.9237
70520.0000,7052,2411.9012,0.0000,1000,169,1000,1,991.9248
70530.0000,7053,2411.8664,0.0000,1000,160,1000,1,991.9260
70540.0000,7054,2411.8306,0.0000,1000,157,1000,1,991.9271
70550.0000,7055,2411.7947,0.0000,1000,158,1000,1,991.9283
70560.0000,7056,2411.7585,0.0000,1000,155,1000,1,991.9294
70570.0000,7057,2411.7214,0.0000,1000,145,1000,1,991.9306
70580.0000,7058,2411.6831,0.0000,1000,135,1000,1,991.9317
70590.0000,7059,2411.6435,0.0000,1000,127,1000,1,991.9329
70600.0000,7060,2411.6023,0.0000,1000,119,1000,1,991.9340
70610.0000,7061,2411.5607,0.0000,1000,113,1000,1,991.9351
70620.0000,7062,2411.5179,0.0000,1000,107,1000,1,991.9363
70630.0000,7063,2411.4745,0.0000,1000,105,1000,1,991.9374
70640.0000,7064,2411.4306,0.0000,1000,100,1000,1,991.9386
70650.0000,7065,2411.3864,0.0000,1000,100,1000,1,991.9397
70660.0000,7066,2411.3419,0.0000,1000,92,1000,1,991.9408
70670.0000,7067,2411.2965,0.0000,1000,90,1000,1,991.9420
70680.0000,7068,2411.2512,0.0000,1000,87,1000,1,991.9431
70690.0000,7069,2411.2054,0.0000,1000,85,1000,1,991.9443
70700.0000,7070,2411.1591,0.0000,1000,82,1000,1,991.9454
70710.0000,7071,2411.1126,0.0000,1000,82,1000,1,991.9465
70720.0000,7072,2411.0660,0.0000,1000,79,1000,1,991.9477
70730.0000,7073,2411.0188,0.0000,1000,76,1000,1,991.9488
70740.0000,7074,2410.9718,0.0000,1000,81,1000,1,991.9500
70750.0000,7075,2410.9248,0.0000,1000,80,1000,1,991.9511
70760.0000,7076,2410.8779,0.0000,1000,76,1000,1,991.9522
70770.0000,7077,2410.8307,0.0000,1000,78,1000,1,991.9534
70780.0000,7078,2410.7837,0.0000,1000,79,1000,1,991.9545
70790.0000,7079,2410.7369,0.0000,1000,78,1000,1,991.9556
70800.0000,7080,2410.6897,0.0000,1000,74,1000,1,991.9568
70810.0000,7081,2410.6425,0.0000,1000,73,1000,1,991.9579
70820.0000,7082,2410.5949,0.0000,1000,73,1000,1,991.9591
70830.0000,7083,2410.5467,0.0000,1000,66,1000,1,991.9602
70840.0000,7084,2410.4985,0.0000,1000,71,1000,1,991.9613
70850.0000,7085,2410.4498,0.0000,1000,66,1000,1,991.9625
70860.0000,7086,2410.4005,0.0000,1000,59,1000,1,991.9636
70870.0000,7087,2410.3511,0.0000,1000,62,1000,1,991.9647
70880.0000,7088,2410.3020,0.0000,1000,60,1000,1,991.9659
70890.0000,7089,2410.2523,0.0000,1000,58,1000,1,991.9670
70900.0000,7090,2410.2026,0.0000,1000,57,1000,1,991.9681
70910.0000,7091,2410.1529,0.0000,1000,55,1000,1,991.9693
70920.0000,7092,2410.1031,0.0000,1000,55,1000,1,991.9704
70930.0000,7093,2410.0520,0.0000,1000,43,1000,1,991.9715
70940.0000,7094,2410.0005,0.0000,1000,43,1000,1,991.9727
70950.0000,7095,2409.9479,0.0000,1000,32,1000,1,991.9738
70960.0000,7096,2409.8945,0.0000,1000,29,1000,1,991.9749
70970.0000,7097,2409.8408,0.0000,1000,25,1000,1,991.9760
70980.0000,7098,2409.7860,0.0000,1000,17,1000,1,991.9772
70990.0000,7099,2409.7304,0.0000,1000,10,1000,1,991.9783
71000.0000,7100,2409.6741,0.0000,1000,9,1000,1,991.9794
71010.0000,7101,2409.6180,0.0000,1000,12,1000,1,991.9806
71020.0000,7102,2409.5620,0.0000,1000,15,1000,1,991.9817
71030.0000,7103,2409.5065,0.0000,1000,17,1000,1,991.9828
71040.0000,7104,2409.4513,0.0000,1000,15,1000,1,991.9840
71050.0000,7105,2409.3949,0.0000,1000,4,1000,1,991.9851
71060.0000,7106,2409.3377,0.0000,1000,4,1000,1,991.9862
71070.0000,7107,2409.2805,0.0000,1000,7,1000,1,991.9873
71080.0000,7108,2409.2229,0.0000,998,1,1000,1,991.9885
71090.0000,7109,2409.1654,0.0000,997,5,1000,1,991.9896
71100.0000,7110,2409.1084,0.0000,990,17,1000,1,991.9907
71110.0000,7111,2409.0527,0.0000,991,26,1000,1,991.9918
71120.0000,7112,2408.9982,0.0000,988,35,1000,1,991.9930
71130.0000,7113,2408.9439,0.0000,982,39,1000,1,991.9941
71140.0000,7114,2408.8902,0.0000,987,47,1000,1,991.9952
71150.0000,7115,2408.8378,0.0000,988,52,1000,1,991.9963
71160.0000,7116,2408.7872,0.0000,996,61,1000,1,991.9975
71170.0000,7117,2408.7383,0.0000,993,69,1000,1,991.9986
71180.0000,7118,2408.6899,0.0000,988,75,1000,1,991.9997
71190.0000,7119,2408.6422,0.0000,989,87,1000,1,992.0008
71200.0000,7120,2408.5958,0.0000,990,93,1000,1,992.0020
71210.0000,7121,2408.5509,0.0000,989,100,1000,1,992.0031
71220.0000,7122,2408.5073,0.0000,993,112,1000,1,992.0042
71230.0000,7123,2408.4651,0.0000,993,120,1000,1,992.0053
71240.0000,7124,2408.4235,0.0000,985,124,1000,1,992.0065
71250.0000,7125,2408.3824,0.0000,987,136,1000,1,992.0076
71260.0000,7126,2408.3428,0.0000,979,148,1000,1,992.0087
71270.0000,7127,2408.3039,0.0000,979,154,1000,1,992.0098
71280.0000,7128,2408.2655,0.0000,971,164,1000,1,992.0109
71290.0000,7129,2408.2271,0.0000,965,171,1000,1,992.0121
71300.0000,7130,2408.1902,0.0000,966,184,1000,1,992.0132
71310.0000,7131,2408.1542,0.0000,969,194,1000,1,992.0143
71320.0000,7132,2408.1203,0.0000,967,203,1000,1,992.0154
71330.0000,7133,2408.0871,0.0000,956,212,1000,1,992.0165
71340.0000,7134,2408.0542,0.0000,961,221,1000,1,992.0177
71350.0000,7135,2408.0231,0.0000,959,231,1000,1,992.0188
71360.0000,7136,2407.9935,0.0000,963,244,1000,1,992.0199
71370.0000,7137,2407.9660,0.0000,960,259,1000,1,992.0210
71380.0000,7138,2407.9401,0.0000,963,268,1000,1,992.0221
71390.0000,7139,2407.9165,0.0000,962,279,1000,1,992.0233
71400.0000,7140,2407.8937,0.0000,963,290,1000,1,992.0244
71410.0000,7141,2407.8722,0.0000,959,295,1000,1,992.0255
71420.0000,7142,2407.8514,0.0000,959,305,1000,1,992.0266
71430.0000,7143,2407.8314,0.0000,958,310,1000,1,992.0277
71440.0000,7144,2407.8127,0.0000,959,321,1000,1,992.0288
71450.0000,7145,2407.7958,0.0000,962,333,1000,1,992.0300
71460.0000,7146,2407.7803,0.0000,967,338,1000,1,992.0311
71470.0000,7147,2407.7661,0.0000,962,343,1000,1,992.0322
71480.0000,7148,2407.7523,0.0000,963,348,1000,1,992.0333
71490.0000,7149,2407.7395,0.0000,966,355,1000,1,992.0344
71500.0000,7150,2407.7285,0.0000,969,364,1000,1,992.0355
71510.0000,7151,2407.7188,0.0000,972,374,1000,1,992.0366
71520.0000,7152,2407.7115,0.0000,980,384,1000,1,992.0378
71530.0000,7153,2407.7058,0.0000,980,391,1000,1,992.0389
71540.0000,7154,2407.7012,0.0000,974,402,1000,1,992.0400
71550.0000,7155,2407.6970,0.0000,971,409,1000,1,992.0411
71560.0000,7156,2407.6933,0.0000,970,417,1000,1,992.0422
71570.0000,7157,2407.6906,0.0000,970,424,1000,1,992.0433
71580.0000,7158,2407.6888,0.0000,968,428,1000,1,992.0444
71590.0000,7159,2407.6881,0.0000,968,440,1000,1,992.0455
71600.0000,7160,2407.6889,0.0000,967,453,1000,1,992.0466
71610.0000,7161,2407.6909,0.0000,962,463,1000,1,992.0478
71620.0000,7162,2407.6946,0.0000,963,478,1000,1,992.0489
71630.0000,7163,2407.6997,0.0000,960,488,1000,1,992.0500
71640.0000,7164,2407.7053,0.0000,954,495,1000,1,992.0511
71650.0000,7165,2407.7122,0.0000,955,504,1000,1,992.0522
71660.0000,7166,2407.7203,0.0000,953,514,1000,1,992.0533
71670.0000,7167,2407.7291,0.0000,946,523,1000,1,992.0544
71680.0000,7168,2407.7384,0.0000,949,530,1000,1,992.0555
71690.0000,7169,2407.7497,0.0000,955,543,1000,1,992.0566
71700.0000,7170,2407.7632,0.0000,960,551,1000,1,992.0577
71710.0000,7171,2407.7781,0.0000,959,563,1000,1,992.0588
71720.0000,7172,2407.7952,0.0000,957,584,1000,1,992.0600
71730.0000,7173,2407.8143,0.0000,952,598,1000,1,992.0611
71740.0000,7174,2407.8343,0.0000,955,604,1000,1,992.0622
71750.0000,7175,2407.8552,0.0000,950,608,1000,1,992.0633
71760.0000,7176,2407.8765,0.0000,955,612,1000,1,992.0644
71770.0000,7177,2407.8988,0.0000,957,618,1000,1,992.0655
71780.0000,7178,2407.9230,0.0000,957,628,1000,1,992.0666
71790.0000,7179,2407.9483,0.0000,959,634,1000,1,992.0677
71800.0000,7180,2407.9739,0.0000,953,640,1000,1,992.0688
71810.0000,7181,2407.9991,0.0000,948,641,1000,1,992.0699
71820.0000,7182,2408.0249,0.0000,949,651,1000,1,992.0710
71830.0000,7183,2408.0522,0.0000,950,659,1000,1,992.0721
71840.0000,7184,2408.0809,0.0000,947,670,1000,1,992.0732
71850.0000,7185,2408.1098,0.0000,939,677,1000,1,992.0743
71860.0000,7186,2408.1394,0.0000,931,686,1000,1,992.0754
71870.0000,7187,2408.1700,0.0000,939,698,1000,1,992.0765
71880.0000,7188,2408.2018,0.0000,932,703,1000,1,992.0776
71890.0000,7189,2408.2343,0.0000,932,714,1000,1,992.0787
71900.0000,7190,2408.2680,0.0000,931,727,1000,1,992.0798
71910.0000,7191,2408.3031,0.0000,932,732,1000,1,992.0809
71920.0000,7192,2408.3384,0.0000,928,737,1000,1,992.0820
71930.0000,7193,2408.3747,0.0000,935,745,1000,1,992.0831
71940.0000,7194,2408.4129,0.0000,935,751,1000,1,992.0842
71950.0000,7195,2408.4514,0.0000,926,758,1000,1,992.0853
71960.0000,7196,2408.4899,0.0000,918,767,1000,1,992.0864
71970.0000,7197,2408.5285,0.0000,910,777,1000,1,992.0875
71980.0000,7198,2408.5680,0.0000,912,788,1000,1,992.0886
71990.0000,7199,2408.6092,0.0000,913,793,1000,1,992.0897
72000.0000,7200,2408.6506,0.0000,909,801,1000,1,992.0908
72010.0000,7201,2408.6925,0.0000,903,809,1000,1,992.0919
72020.0000,7202,2408.7349,0.0000,903,816,1000,1,992.0930
72030.0000,7203,2408.7783,0.0000,900,827,1000,1,992.0941
72040.0000,7204,2408.8222,0.0000,895,834,1000,1,992.0952
72050.0000,7205,2408.8671,0.0000,891,845,1000,1,992.0963
72060.0000,7206,2408.9126,0.0000,883,854,1000,1,992.0974
72070.0000,7207,2408.9594,0.0000,889,868,1000,1,992.0985
72080.0000,7208,2409.0083,0.0000,892,874,1000,1,992.0996
72090.0000,7209,2409.0590,0.0000,901,884,1000,1,992.1007
72100.0000,7210,2409.1118,0.0000,902,889,1000,1,992.1018
72110.0000,7211,2409.1656,0.0000,904,897,1000,1,992.1029
72120.0000,7212,2409.2202,0.0000,903,900,1000,1,992.1040
72130.0000,7213,2409.2750,0.0000,903,906,1000,1,992.1051
72140.0000,7214,2409.3314,0.0000,907,913,1000,1,992.1062
72150.0000,7215,2409.3882,0.0000,904,919,1000,1,992.1073
72160.0000,7216,2409.4459,0.0000,904,934,1000,1,992.1084
72170.0000,7217,2409.5053,0.0000,899,939,1000,1,992.1095
72180.0000,7218,2409.5646,0.0000,894,948,1000,1,992.1106
72190.0000,7219,2409.6247,0.0000,882,965,1000,1,992.1116
72200.0000,7220,2409.6855,0.0000,878,973,1000,1,992.1127
72210.0000,7221,2409.7473,0.0000,878,985,1000,1,992.1138
72220.0000,7222,2409.8109,0.0000,876,997,1000,1,992.1149
72230.0000,7223,2409.8753,0.0000,878,1000,1000,1,992.1160
72240.0000,7224,2409.9397,0.0000,876,1000,1000,1,992.1171
72250.0000,7225,2410.0043,0.0000,878,1000,1000,1,992.1182
72260.0000,7226,2410.0686,0.0000,874,1000,1000,1,992.1193
72270.0000,7227,2410.1325,0.0000,868,1000,1000,1,992.1204
72280.0000,7228,2410.1960,0.0000,870,1000,1000,1,992.1215
72290.0000,7229,2410.2594,0.0000,868,1000,1000,1,992.1226
72300.0000,7230,2410.3225,0.0000,865,1000,1000,1,992.1237
72310.0000,7231,2410.3859,0.0000,872,1000,1000,1,992.1247
72320.0000,7232,2410.4500,0.0000,876,1000,1000,1,992.1258
72330.0000,7233,2410.5142,0.0000,878,1000,1000,1,992.1269
72340.0000,7234,2410.5788,0.0000,878,1000,1000,1,992.1280
72350.0000,7235,2410.6434,0.0000,876,1000,1000,1,992.1291
72360.0000,7236,2410.7078,0.0000,877,1000,1000,1,992.1302
72370.0000,7237,2410.7724,0.0000,879,1000,1000,1,992.1313
72380.0000,7238,2410.8368,0.0000,876,1000,1000,1,992.1324
72390.0000,7239,2410.9012,0.0000,874,1000,1000,1,992.1334
72400.0000,7240,2410.9652,0.0000,873,1000,1000,1,992.1345
72410.0000,7241,2411.0289,0.0000,870,1000,1000,1,992.1356
72420.0000,7242,2411.0917,0.0000,869,1000,1000,1,992.1367
72430.0000,7243,2411.1554,0.0000,876,1000,1000,1,992.1378
72440.0000,7244,2411.2196,0.0000,874,1000,1000,1,992.1389
72450.0000,7245,2411.2829,0.0000,866,1000,1000,1,992.1400
72460.0000,7246,2411.3461,0.0000,870,1000,1000,1,992.1410
72470.0000,7247,2411.4086,0.0000,865,1000,1000,1,992.1421
72480.0000,7248,2411.4713,0.0000,866,1000,1000,1,992.1432
72490.0000,7249,2411.5343,0.0000,871,1000,1000,1,992.1443
72500.0000,7250,2411.5974,0.0000,867,1000,1000,1,992.1454
72510.0000,7251,2411.6603,0.0000,866,1000,1000,1,992.1465
72520.0000,7252,2411.7221,0.0000,858,1000,1000,1,992.1475
72530.0000,7253,2411.7834,0.0000,857,1000,1000,1,992.1486
72540.0000,7254,2411.8451,0.0000,860,1000,1000,1,992.1497
72550.0000,7255,2411.9070,0.0000,861,1000,1000,1,992.1508
72560.0000,7256,2411.9686,0.0000,862,1000,1000,1,992.1519
72570.0000,7257,2412.0297,0.0000,854,1000,1000,1,992.1530
72580.0000,7258,2412.0902,0.0000,848,1000,1000,1,992.1540
72590.0000,7259,2412.1503,0.0000,849,1000,1000,1,992.1551
72600.0000,7260,2412.2100,0.0000,840,1000,1000,1,992.1562
72610.0000,7261,2412.2689,0.0000,840,1000,1000,1,992.1573
72620.0000,7262,2412.3277,0.0000,838,1000,1000,1,992.1584
72630.0000,7263,2412.3857,0.0000,833,1000,1000,1,992.1594
72640.0000,7264,2412.4441,0.0000,838,1000,1000,1,992.1605
72650.0000,7265,2412.5026,0.0000,842,1000,1000,1,992.1616
72660.0000,7266,2412.5613,0.0000,837,1000,1000,1,992.1627
72670.0000,7267,2412.6196,0.0000,837,1000,1000,1,992.1638
72680.0000,7268,2412.6781,0.0000,834,1000,1000,1,992.1648
72690.0000,7269,2412.7363,0.0000,836,1000,1000,1,992.1659
72700.0000,7270,2412.7942,0.0000,831,1000,1000,1,992.1670
72710.0000,7271,2412.8514,0.0000,830,1000,1000,1,992.1681
72720.0000,7272,2412.9090,0.0000,828,1000,1000,1,992.1691
72730.0000,7273,2412.9662,0.0000,825,1000,1000,1,992.1702
72740.0000,7274,2413.0228,0.0000,827,1000,1000,1,992.1713
72750.0000,7275,2413.0791,0.0000,819,1000,1000,1,992.1724
72760.0000,7276,2413.1343,0.0000,810,1000,1000,1,992.1734
72770.0000,7277,2413.1890,0.0000,811,1000,1000,1,992.1745
72780.0000,7278,2413.2434,0.0000,806,1000,1000,1,992.1756
72790.0000,7279,2413.2968,0.0000,806,1000,1000,1,992.1767
72800.0000,7280,2413.3506,0.0000,804,1000,1000,1,992.1777
72810.0000,7281,2413.4044,0.0000,804,1000,1000,1,992.1788
72820.0000,7282,2413.4581,0.0000,806,1000,1000,1,992.1799
72830.0000,7283,2413.5113,0.0000,801,1000,1000,1,992.1810
72840.0000,7284,2413.5642,0.0000,799,1000,1000,1,992.1820
72850.0000,7285,2413.6172,0.0000,799,1000,1000,1,992.1831
72860.0000,7286,2413.6704,0.0000,802,1000,1000,1,992.1842
72870.0000,7287,2413.7235,0.0000,798,1000,1000,1,992.1853
72880.0000,7288,2413.7761,0.0000,797,1000,1000,1,992.1863
72890.0000,7289,2413.8283,0.0000,794,1000,1000,1,992.1874
72900.0000,7290,2413.8805,0.0000,796,1000,1000,1,992.1885
72910.0000,7291,2413.9330,0.0000,801,1000,1000,1,992.1895
72920.0000,7292,2413.9859,0.0000,798,1000,1000,1,992.1906
72930.0000,7293,2414.0378,0.0000,791,1000,1000,1,992.1917
72940.0000,7294,2414.0902,0.0000,794,1000,1000,1,992.1928
72950.0000,7295,2414.1425,0.0000,797,1000,1000,1,992.1938
72960.0000,7296,2414.1950,0.0000,797,1000,1000,1,992.1949
72970.0000,7297,2414.2472,0.0000,799,1000,1000,1,992.1960
72980.0000,7298,2414.2993,0.0000,791,1000,1000,1,992.1970
72990.0000,7299,2414.3508,0.0000,790,1000,1000,1,992.1981
73000.0000,7300,2414.4023,0.0000,791,1000,1000,1,992.1992
73010.0000,7301,2414.4539,0.0000,788,1000,1000,1,992.2002
73020.0000,7302,2414.5049,0.0000,782,1000,1000,1,992.2013
73030.0000,7303,2414.5550,0.0000,780,1000,1000,1,992.2024
73040.0000,7304,2414.6046,0.0000,775,1000,1000,1,992.2034
73050.0000,7305,2414.6538,0.0000,779,1000,1000,1,992.2045
73060.0000,7306,2414.7040,0.0000,785,1000,1000,1,992.2056
73070.0000,7307,2414.7552,0.0000,787,1000,1000,1,992.2067
73080.0000,7308,2414.8064,0.0000,784,1000,1000,1,992.2077
73090.0000,7309,2414.8565,0.0000,776,1000,1000,1,992.2088
73100.0000,7310,2414.9054,0.0000,774,1000,1000,1,992.2098
73110.0000,7311,2414.9546,0.0000,773,1000,1000,1,992.2109
73120.0000,7312,2415.0037,0.0000,776,1000,1000,1,992.2120
73130.0000,7313,2415.0532,0.0000,779,1000,1000,1,992.2130
73140.0000,7314,2415.1034,0.0000,786,1000,1000,1,992.2141
73150.0000,7315,2415.1538,0.0000,786,1000,1000,1,992.2152
73160.0000,7316,2415.2044,0.0000,786,1000,1000,1,992.2162
73170.0000,7317,2415.2539,0.0000,775,1000,1000,1,992.2173
73180.0000,7318,2415.3029,0.0000,773,1000,1000,1,992.2184
73190.0000,7319,2415.3523,0.0000,780,1000,1000,1,992.2194
73200.0000,7320,2415.4020,0.0000,782,1000,1000,1,992.2205
73210.0000,7321,2415.4521,0.0000,778,1000,1000,1,992.2216
73220.0000,7322,2415.5021,0.0000,786,1000,1000,1,992.2226
73230.0000,7323,2415.5527,0.0000,783,1000,1000,1,992.2237
73240.0000,7324,2415.6029,0.0000,781,1000,1000,1,992.2247
73250.0000,7325,2415.6533,0.0000,788,1000,1000,1,992.2258
73260.0000,7326,2415.7036,0.0000,780,1000,1000,1,992.2269
73270.0000,7327,2415.7538,0.0000,781,1000,1000,1,992.2279
73280.0000,7328,2415.8028,0.0000,773,1000,1000,1,992.2290
73290.0000,7329,2415.8519,0.0000,773,1000,1000,1,992.2300
73300.0000,7330,2415.9002,0.0000,766,1000,1000,1,992.2311
73310.0000,7331,2415.9481,0.0000,769,1000,1000,1,992.2322
73320.0000,7332,2415.9956,0.0000,763,1000,1000,1,992.2332
73330.0000,7333,2416.0430,0.0000,763,1000,1000,1,992.2343
73340.0000,7334,2416.0900,0.0000,758,1000,1000,1,992.2353
73350.0000,7335,2416.1367,0.0000,755,1000,1000,1,992.2364
73360.0000,7336,2416.1833,0.0000,759,1000,1000,1,992.2375
73370.0000,7337,2416.2298,0.0000,756,1000,1000,1,992.2385
73380.0000,7338,2416.2766,0.0000,767,1000,1000,1,992.2396
73390.0000,7339,2416.3242,0.0000,766,1000,1000,1,992.2406
73400.0000,7340,2416.3715,0.0000,763,1000,1000,1,992.2417
73410.0000,7341,2416.4176,0.0000,748,1000,1000,1,992.2427
73420.0000,7342,2416.4625,0.0000,745,1000,1000,1,992.2438
73430.0000,7343,2416.5075,0.0000,751,1000,1000,1,992.2449
73440.0000,7344,2416.5529,0.0000,750,1000,1000,1,992.2459
73450.0000,7345,2416.5983,0.0000,750,1000,1000,1,992.2470
73460.0000,7346,2416.6437,0.0000,749,1000,1000,1,992.2480
73470.0000,7347,2416.6887,0.0000,748,1000,1000,1,992.2491
73480.0000,7348,2416.7335,0.0000,744,1000,1000,1,992.2501
73490.0000,7349,2416.7779,0.0000,742,1000,1000,1,992.2512
73500.0000,7350,2416.8222,0.0000,742,1000,1000,1,992.2522
73510.0000,7351,2416.8665,0.0000,743,1000,1000,1,992.2533
73520.0000,7352,2416.9109,0.0000,745,1000,1000,1,992.2544
73530.0000,7353,2416.9551,0.0000,741,1000,1000,1,992.2554
73540.0000,7354,2416.9991,0.0000,739,1000,1000,1,992.2565
73550.0000,7355,2417.0425,0.0000,738,1000,1000,1,992.2575
73560.0000,7356,2417.0863,0.0000,741,1000,1000,1,992.2586
73570.0000,7357,2417.1299,0.0000,737,1000,1000,1,992.2596
73580.0000,7358,2417.1732,0.0000,735,1000,1000,1,992.2607
73590.0000,7359,2417.2167,0.0000,738,1000,1000,1,992.2617
73600.0000,7360,2417.2607,0.0000,745,1000,1000,1,992.2628
73610.0000,7361,2417.3048,0.0000,742,1000,1000,1,992.2638
73620.0000,7362,2417.3489,0.0000,737,1000,1000,1,992.2649
73630.0000,7363,2417.3919,0.0000,731,1000,1000,1,992.2659
73640.0000,7364,2417.4340,0.0000,725,1000,1000,1,992.2670
73650.0000,7365,2417.4753,0.0000,718,1000,1000,1,992.2680
73660.0000,7366,2417.5159,0.0000,715,1000,1000,1,992.2691
73670.0000,7367,2417.5564,0.0000,714,1000,1000,1,992.2701
73680.0000,7368,2417.5967,0.0000,712,1000,1000,1,992.2712
73690.0000,7369,2417.6366,0.0000,709,1000,1000,1,992.2722
73700.0000,7370,2417.6758,0.0000,708,1000,1000,1,992.2733
73710.0000,7371,2417.7150,0.0000,706,1000,1000,1,992.2743
73720.0000,7372,2417.7538,0.0000,702,1000,1000,1,992.2754
73730.0000,7373,2417.7931,0.0000,709,1000,1000,1,992.2764
73740.0000,7374,2417.8329,0.0000,711,1000,1000,1,992.2775
73750.0000,7375,2417.8726,0.0000,708,1000,1000,1,992.2785
73760.0000,7376,2417.9115,0.0000,705,1000,1000,1,992.2796
73770.0000,7377,2417.9501,0.0000,700,1000,1000,1,992.2806
73780.0000,7378,2417.9880,0.0000,696,1000,1000,1,992.2816
73790.0000,7379,2418.0252,0.0000,692,1000,1000,1,992.2827
73800.0000,7380,2418.0624,0.0000,691,1000,1000,1,992.2837
73810.0000,7381,2418.0988,0.0000,688,1000,1000,1,992.2848
73820.0000,7382,2418.1348,0.0000,681,1000,1000,1,992.2858
73830.0000,7383,2418.1704,0.0000,679,1000,1000,1,992.2869
73840.0000,7384,2418.2055,0.0000,676,1000,1000,1,992.2879
73850.0000,7385,2418.2404,0.0000,672,1000,1000,1,992.2890
73860.0000,7386,2418.2746,0.0000,673,1000,1000,1,992.2900
73870.0000,7387,2418.3095,0.0000,676,1000,1000,1,992.2911
73880.0000,7388,2418.3445,0.0000,679,1000,1000,1,992.2921
73890.0000,7389,2418.3795,0.0000,677,1000,1000,1,992.2931
73900.0000,7390,2418.4149,0.0000,684,1000,1000,1,992.2942
73910.0000,7391,2418.4510,0.0000,684,1000,1000,1,992.2952
73920.0000,7392,2418.4869,0.0000,684,1000,1000,1,992.2963
73930.0000,7393,2418.5229,0.0000,685,1000,1000,1,992.2973
73940.0000,7394,2418.5583,0.0000,677,1000,1000,1,992.2983
73950.0000,7395,2418.5928,0.0000,667,1000,1000,1,992.2994
73960.0000,7396,2418.6257,0.0000,658,1000,1000,1,992.3004
73970.0000,7397,2418.6576,0.0000,653,1000,1000,1,992.3015
73980.0000,7398,2418.6890,0.0000,648,1000,1000,1,992.3025
73990.0000,7399,2418.7197,0.0000,645,1000,1000,1,992.3036
74000.0000,7400,2418.7496,0.0000,639,1000,1000,1,992.3046
74010.0000,7401,2418.7791,0.0000,635,1000,1000,1,992.3056
74020.0000,7402,2418.8080,0.0000,629,1000,1000,1,992.3067
74030.0000,7403,2418.8367,0.0000,633,1000,1000,1,992.3077
74040.0000,7404,2418.8652,0.0000,633,1000,1000,1,992.3088
74050.0000,7405,2418.8935,0.0000,625,1000,1000,1,992.3098
74060.0000,7406,2418.9213,0.0000,624,1000,1000,1,992.3108
74070.0000,7407,2418.9489,0.0000,619,1000,1000,1,992.3119
74080.0000,7408,2418.9757,0.0000,616,1000,1000,1,992.3129
74090.0000,7409,2419.0025,0.0000,616,1000,1000,1,992.3139
74100.0000,7410,2419.0289,0.0000,611,1000,1000,1,992.3150
74110.0000,7411,2419.0545,0.0000,607,1000,1000,1,992.3160
74120.0000,7412,2419.0797,0.0000,604,1000,1000,1,992.3171
74130.0000,7413,2419.1040,0.0000,596,1000,1000,1,992.3181
74140.0000,7414,2419.1276,0.0000,597,1000,1000,1,992.3191
74150.0000,7415,2419.1519,0.0000,596,1000,1000,1,992.3202
74160.0000,7416,2419.1761,0.0000,597,1000,1000,1,992.3212
74170.0000,7417,2419.2002,0.0000,597,1000,1000,1,992.3222
74180.0000,7418,2419.2241,0.0000,598,1000,1000,1,992.3233
74190.0000,7419,2419.2479,0.0000,594,1000,1000,1,992.3243
74200.0000,7420,2419.2710,0.0000,589,1000,1000,1,992.3253
74210.0000,7421,2419.2942,0.0000,595,1000,1000,1,992.3264
74220.0000,7422,2419.3181,0.0000,599,1000,1000,1,992.3274
74230.0000,7423,2419.3418,0.0000,595,1000,1000,1,992.3284
74240.0000,7424,2419.3653,0.0000,591,1000,1000,1,992.3295
74250.0000,7425,2419.3879,0.0000,583,1000,1000,1,992.3305
74260.0000,7426,2419.4102,0.0000,582,1000,1000,1,992.3315
74270.0000,7427,2419.4320,0.0000,579,1000,1000,1,992.3326
74280.0000,7428,2419.4539,0.0000,584,1000,1000,1,992.3336
74290.0000,7429,2419.4760,0.0000,584,1000,1000,1,992.3346
74300.0000,7430,2419.4976,0.0000,576,1000,1000,1,992.3357
74310.0000,7431,2419.5194,0.0000,584,1000,1000,1,992.3367
74320.0000,7432,2419.5418,0.0000,582,1000,1000,1,992.3377
74330.0000,7433,2419.5637,0.0000,578,1000,1000,1,992.3388
74340.0000,7434,2419.5854,0.0000,581,1000,1000,1,992.3398
74350.0000,7435,2419.6069,0.0000,580,1000,1000,1,992.3408
74360.0000,7436,2419.6283,0.0000,576,1000,1000,1,992.3419
74370.0000,7437,2419.6491,0.0000,573,1000,1000,1,992.3429
74380.0000,7438,2419.6699,0.0000,575,1000,1000,1,992.3439
74390.0000,7439,2419.6908,0.0000,576,1000,1000,1,992.3449
74400.0000,7440,2419.7118,0.0000,578,1000,1000,1,992.3460
74410.0000,7441,2419.7329,0.0000,574,1000,1000,1,992.3470
74420.0000,7442,2419.7541,0.0000,584,1000,1000,1,992.3480
74430.0000,7443,2419.7761,0.0000,585,1000,1000,1,992.3491
74440.0000,7444,2419.7981,0.0000,582,1000,1000,1,992.3501
74450.0000,7445,2419.8202,0.0000,580,1000,1000,1,992.3511
74460.0000,7446,2419.8420,0.0000,580,1000,1000,1,992.3521
74470.0000,7447,2419.8633,0.0000,579,1000,1000,1,992.3532
74480.0000,7448,2419.8852,0.0000,583,1000,1000,1,992.3542
74490.0000,7449,2419.9071,0.0000,582,1000,1000,1,992.3552
74500.0000,7450,2419.9290,0.0000,583,1000,1000,1,992.3562
74510.0000,7451,2419.9500,0.0000,573,1000,1000,1,992.3573
74520.0000,7452,2419.9700,0.0000,562,1000,1000,1,992.3583
74530.0000,7453,2419.9892,0.0000,564,1000,1000,1,992.3593
74540.0000,7454,2420.0085,0.0000,564,1000,1000,1,992.3603
74550.0000,7455,2420.0273,0.0000,559,1000,1000,1,992.3614
74560.0000,7456,2420.0460,0.0000,557,1000,1000,1,992.3624
74570.0000,7457,2420.0644,0.0000,555,1000,1000,1,992.3634
74580.0000,7458,2420.0828,0.0000,557,1000,1000,1,992.3644
74590.0000,7459,2420.1011,0.0000,557,1000,1000,1,992.3655
74600.0000,7460,2420.1192,0.0000,555,1000,1000,1,992.3665
74610.0000,7461,2420.1378,0.0000,557,1000,1000,1,992.3675
74620.0000,7462,2420.1562,0.0000,559,1000,1000,1,992.3685
74630.0000,7463,2420.1741,0.0000,551,1000,1000,1,992.3696
74640.0000,7464,2420.1913,0.0000,548,1000,1000,1,992.3706
74650.0000,7465,2420.2083,0.0000,544,1000,1000,1,992.3716
74660.0000,7466,2420.2243,0.0000,542,1000,1000,1,992.3726
74670.0000,7467,2420.2405,0.0000,542,1000,1000,1,992.3736
74680.0000,7468,2420.2570,0.0000,542,1000,1000,1,992.3747
74690.0000,7469,2420.2733,0.0000,539,1000,1000,1,992.3757
74700.0000,7470,2420.2888,0.0000,535,1000,1000,1,992.3767
74710.0000,7471,2420.3040,0.0000,533,1000,1000,1,992.3777
74720.0000,7472,2420.3188,0.0000,522,1000,1000,1,992.3787
74730.0000,7473,2420.3323,0.0000,520,1000,1000,1,992.3798
74740.0000,7474,2420.3461,0.0000,527,1000,1000,1,992.3808
74750.0000,7475,2420.3600,0.0000,526,1000,1000,1,992.3818
74760.0000,7476,2420.3743,0.0000,525,1000,1000,1,992.3828
74770.0000,7477,2420.3884,0.0000,523,1000,1000,1,992.3838
74780.0000,7478,2420.4018,0.0000,518,1000,1000,1,992.3849
74790.0000,7479,2420.4153,0.0000,523,1000,1000,1,992.3859
74800.0000,7480,2420.4288,0.0000,520,1000,1000,1,992.3869
74810.0000,7481,2420.4420,0.0000,519,1000,1000,1,992.3879
74820.0000,7482,2420.4550,0.0000,514,1000,1000,1,992.3889
74830.0000,7483,2420.4673,0.0000,508,1000,1000,1,992.3900
74840.0000,7484,2420.4790,0.0000,509,1000,1000,1,992.3910
74850.0000,7485,2420.4903,0.0000,503,1000,1000,1,992.3920
74860.0000,7486,2420.5011,0.0000,499,1000,1000,1,992.3930
74870.0000,7487,2420.5121,0.0000,503,1000,1000,1,992.3940
74880.0000,7488,2420.5231,0.0000,502,1000,1000,1,992.3950
74890.0000,7489,2420.5343,0.0000,504,1000,1000,1,992.3960
74900.0000,7490,2420.5449,0.0000,499,1000,1000,1,992.3971
74910.0000,7491,2420.5552,0.0000,498,1000,1000,1,992.3981
74920.0000,7492,2420.5653,0.0000,493,1000,1000,1,992.3991
74930.0000,7493,2420.5753,0.0000,496,1000,1000,1,992.4001
74940.0000,7494,2420.5852,0.0000,492,1000,1000,1,992.4011
74950.0000,7495,2420.5940,0.0000,485,1000,1000,1,992.4021
74960.0000,7496,2420.6022,0.0000,477,1000,1000,1,992.4031
74970.0000,7497,2420.6100,0.0000,482,1000,1000,1,992.4042
74980.0000,7498,2420.6187,0.0000,491,1000,1000,1,992.4052
74990.0000,7499,2420.6282,0.0000,494,1000,1000,1,992.4062
75000.0000,7500,2420.6379,0.0000,491,1000,1000,1,992.4072
75010.0000,7501,2420.6475,0.0000,495,1000,1000,1,992.4082
75020.0000,7502,2420.6569,0.0000,489,1000,1000,1,992.4092
75030.0000,7503,2420.6662,0.0000,493,1000,1000,1,992.4102
75040.0000,7504,2420.6759,0.0000,496,1000,1000,1,992.4112
75050.0000,7505,2420.6862,0.0000,500,1000,1000,1,992.4123
75060.0000,7506,2420.6963,0.0000,494,1000,1000,1,992.4133
75070.0000,7507,2420.7064,0.0000,494,1000,1000,1,992.4143
75080.0000,7508,2420.7160,0.0000,489,1000,1000,1,992.4153
75090.0000,7509,2420.7253,0.0000,492,1000,1000,1,992.4163
75100.0000,7510,2420.7356,0.0000,500,1000,1000,1,992.4173
75110.0000,7511,2420.7458,0.0000,496,1000,1000,1,992.4183
75120.0000,7512,2420.7559,0.0000,496,1000,1000,1,992.4193
75130.0000,7513,2420.7659,0.0000,495,1000,1000,1,992.4203
75140.0000,7514,2420.7753,0.0000,490,1000,1000,1,992.4213
75150.0000,7515,2420.7847,0.0000,488,1000,1000,1,992.4224
75160.0000,7516,2420.7939,0.0000,486,1000,1000,1,992.4234
75170.0000,7517,2420.8032,0.0000,490,1000,1000,1,992.4244
75180.0000,7518,2420.8130,0.0000,497,1000,1000,1,992.4254
75190.0000,7519,2420.8232,0.0000,497,1000,1000,1,992.4264
75200.0000,7520,2420.8337,0.0000,500,1000,1000,1,992.4274
75210.0000,7521,2420.8443,0.0000,500,1000,1000,1,992.4284
75220.0000,7522,2420.8547,0.0000,500,1000,1000,1,992.4294
75230.0000,7523,2420.8654,0.0000,500,1000,1000,1,992.4304
75240.0000,7524,2420.8758,0.0000,500,1000,1000,1,992.4314
75250.0000,7525,2420.8859,0.0000,496,1000,1000,1,992.4324
75260.0000,7526,2420.8962,0.0000,502,1000,1000,1,992.4334
75270.0000,7527,2420.9064,0.0000,495,1000,1000,1,992.4344
75280.0000,7528,2420.9167,0.0000,496,1000,1000,1,992.4354
75290.0000,7529,2420.9265,0.0000,495,1000,1000,1,992.4364
75300.0000,7530,2420.9365,0.0000,501,1000,1000,1,992.4374
75310.0000,7531,2420.9468,0.0000,499,1000,1000,1,992.4385
75320.0000,7532,2420.9573,0.0000,501,1000,1000,1,992.4395
75330.0000,7533,2420.9683,0.0000,503,1000,1000,1,992.4405
75340.0000,7534,2420.9787,0.0000,499,1000,1000,1,992.4415
75350.0000,7535,2420.9892,0.0000,501,1000,1000,1,992.4425
75360.0000,7536,2420.9997,0.0000,499,1000,1000,1,992.4435
75370.0000,7537,2421.0100,0.0000,498,1000,1000,1,992.4445
75380.0000,7538,2421.0202,0.0000,500,1000,1000,1,992.4455
75390.0000,7539,2421.0308,0.0000,501,1000,1000,1,992.4465
75400.0000,7540,2421.0415,0.0000,503,1000,1000,1,992.4475
75410.0000,7541,2421.0522,0.0000,501,1000,1000,1,992.4485
75420.0000,7542,2421.0620,0.0000,490,1000,1000,1,992.4495
75430.0000,7543,2421.0704,0.0000,482,1000,1000,1,992.4505
75440.0000,7544,2421.0785,0.0000,483,1000,1000,1,992.4515
75450.0000,7545,2421.0867,0.0000,485,1000,1000,1,992.4525
75460.0000,7546,2421.0949,0.0000,481,1000,1000,1,992.4535
75470.0000,7547,2421.1031,0.0000,484,1000,1000,1,992.4545
75480.0000,7548,2421.1113,0.0000,481,1000,1000,1,992.4555
75490.0000,7549,2421.1192,0.0000,483,1000,1000,1,992.4565
75500.0000,7550,2421.1275,0.0000,489,1000,1000,1,992.4575
75510.0000,7551,2421.1365,0.0000,488,1000,1000,1,992.4585
75520.0000,7552,2421.1454,0.0000,485,1000,1000,1,992.4595
75530.0000,7553,2421.1539,0.0000,484,1000,1000,1,992.4605
75540.0000,7554,2421.1623,0.0000,485,1000,1000,1,992.4615
75550.0000,7555,2421.1704,0.0000,480,1000,1000,1,992.4625
75560.0000,7556,2421.1781,0.0000,478,1000,1000,1,992.4635
75570.0000,7557,2421.1859,0.0000,484,1000,1000,1,992.4645
75580.0000,7558,2421.1939,0.0000,485,1000,1000,1,992.4655
75590.0000,7559,2421.2023,0.0000,483,1000,1000,1,992.4665
75600.0000,7560,2421.2108,0.0000,487,1000,1000,1,992.4675
75610.0000,7561,2421.2196,0.0000,489,1000,1000,1,992.4685
75620.0000,7562,2421.2287,0.0000,490,1000,1000,1,992.4695
75630.0000,7563,2421.2382,0.0000,496,1000,1000,1,992.4704
75640.0000,7564,2421.2479,0.0000,494,1000,1000,1,992.4714
75650.0000,7565,2421.2576,0.0000,497,1000,1000,1,992.4724
75660.0000,7566,2421.2670,0.0000,489,1000,1000,1,992.4734
75670.0000,7567,2421.2753,0.0000,480,1000,1000,1,992.4744
75680.0000,7568,2421.2833,0.0000,480,1000,1000,1,992.4754
75690.0000,7569,2421.2910,0.0000,476,1000,1000,1,992.4764
75700.0000,7570,2421.2989,0.0000,480,1000,1000,1,992.4774
75710.0000,7571,2421.3065,0.0000,476,1000,1000,1,992.4784
75720.0000,7572,2421.3139,0.0000,475,1000,1000,1,992.4794
75730.0000,7573,2421.3211,0.0000,475,1000,1000,1,992.4804
75740.0000,7574,2421.3278,0.0000,469,1000,1000,1,992.4814
75750.0000,7575,2421.3342,0.0000,469,1000,1000,1,992.4824
75760.0000,7576,2421.3407,0.0000,471,1000,1000,1,992.4834
75770.0000,7577,2421.3474,0.0000,476,1000,1000,1,992.4844
75780.0000,7578,2421.3546,0.0000,477,1000,1000,1,992.4854
75790.0000,7579,2421.3616,0.0000,476,1000,1000,1,992.4863
75800.0000,7580,2421.3681,0.0000,468,1000,1000,1,992.4873
75810.0000,7581,2421.3744,0.0000,470,1000,1000,1,992.4883
75820.0000,7582,2421.3812,0.0000,471,1000,1000,1,992.4893
75830.0000,7583,2421.3875,0.0000,467,1000,1000,1,992.4903
75840.0000,7584,2421.3938,0.0000,470,1000,1000,1,992.4913
75850.0000,7585,2421.4009,0.0000,480,1000,1000,1,992.4923
75860.0000,7586,2421.4085,0.0000,476,1000,1000,1,992.4933
75870.0000,7587,2421.4153,0.0000,472,1000,1000,1,992.4943
75880.0000,7588,2421.4223,0.0000,476,1000,1000,1,992.4953
75890.0000,7589,2421.4293,0.0000,475,1000,1000,1,992.4962
75900.0000,7590,2421.4358,0.0000,467,1000,1000,1,992.4972
75910.0000,7591,2421.4416,0.0000,460,1000,1000,1,992.4982
75920.0000,7592,2421.4464,0.0000,458,1000,1000,1,992.4992
75930.0000,7593,2421.4511,0.0000,456,1000,1000,1,992.5002
75940.0000,7594,2421.4559,0.0000,457,1000,1000,1,992.5012
75950.0000,7595,2421.4605,0.0000,452,1000,1000,1,992.5022
75960.0000,7596,2421.4641,0.0000,445,1000,1000,1,992.5032
75970.0000,7597,2421.4677,0.0000,451,1000,1000,1,992.5041
75980.0000,7598,2421.4716,0.0000,451,1000,1000,1,992.5051
75990.0000,7599,2421.4755,0.0000,453,1000,1000,1,992.5061
76000.0000,7600,2421.4800,0.0000,457,1000,1000,1,992.5071
76010.0000,7601,2421.4844,0.0000,453,1000,1000,1,992.5081
76020.0000,7602,2421.4882,0.0000,448,1000,1000,1,992.5091
76030.0000,7603,2421.4913,0.0000,441,1000,1000,1,992.5101
76040.0000,7604,2421.4940,0.0000,441,1000,1000,1,992.5110
76050.0000,7605,2421.4967,0.0000,440,1000,1000,1,992.5120
76060.0000,7606,2421.4989,0.0000,437,1000,1000,1,992.5130
76070.0000,7607,2421.5011,0.0000,438,1000,1000,1,992.5140
76080.0000,7608,2421.5037,0.0000,446,1000,1000,1,992.5150
76090.0000,7609,2421.5066,0.0000,442,1000,1000,1,992.5160
76100.0000,7610,2421.5095,0.0000,449,1000,1000,1,992.5170
76110.0000,7611,2421.5128,0.0000,445,1000,1000,1,992.5179
76120.0000,7612,2421.5155,0.0000,440,1000,1000,1,992.5189
76130.0000,7613,2421.5181,0.0000,439,1000,1000,1,992.5199
76140.0000,7614,2421.5204,0.0000,441,1000,1000,1,992.5209
76150.0000,7615,2421.5234,0.0000,447,1000,1000,1,992.5219
76160.0000,7616,2421.5267,0.0000,446,1000,1000,1,992.5228
76170.0000,7617,2421.5301,0.0000,447,1000,1000,1,992.5238
76180.0000,7618,2421.5334,0.0000,449,1000,1000,1,992.5248
76190.0000,7619,2421.5366,0.0000,444,1000,1000,1,992.5258
76200.0000,7620,2421.5397,0.0000,446,1000,1000,1,992.5268
76210.0000,7621,2421.5433,0.0000,453,1000,1000,1,992.5278
76220.0000,7622,2421.5471,0.0000,449,1000,1000,1,992.5287
76230.0000,7623,2421.5505,0.0000,449,1000,1000,1,992.5297
76240.0000,7624,2421.5543,0.0000,450,1000,1000,1,992.5307
76250.0000,7625,2421.5584,0.0000,455,1000,1000,1,992.5317
76260.0000,7626,2421.5628,0.0000,454,1000,1000,1,992.5327
76270.0000,7627,2421.5667,0.0000,449,1000,1000,1,992.5336
76280.0000,7628,2421.5708,0.0000,456,1000,1000,1,992.5346
76290.0000,7629,2421.5754,0.0000,459,1000,1000,1,992.5356
76300.0000,7630,2421.5810,0.0000,466,1000,1000,1,992.5366
76310.0000,7631,2421.5868,0.0000,469,1000,1000,1,992.5375
76320.0000,7632,2421.5928,0.0000,467,1000,1000,1,992.5385
76330.0000,7633,2421.5985,0.0000,463,1000,1000,1,992.5395
76340.0000,7634,2421.6037,0.0000,461,1000,1000,1,992.5405
76350.0000,7635,2421.6089,0.0000,460,1000,1000,1,992.5415
76360.0000,7636,2421.6138,0.0000,460,1000,1000,1,992.5424
76370.0000,7637,2421.6188,0.0000,457,1000,1000,1,992.5434
76380.0000,7638,2421.6229,0.0000,451,1000,1000,1,992.5444
76390.0000,7639,2421.6261,0.0000,445,1000,1000,1,992.5454
76400.0000,7640,2421.6290,0.0000,440,1000,1000,1,992.5463
76410.0000,7641,2421.6316,0.0000,438,1000,1000,1,992.5473
76420.0000,7642,2421.6336,0.0000,434,1000,1000,1,992.5483
76430.0000,7643,2421.6343,0.0000,425,1000,1000,1,992.5493
76440.0000,7644,2421.6347,0.0000,424,1000,1000,1,992.5502
76450.0000,7645,2421.6343,0.0000,417,1000,1000,1,992.5512
76460.0000,7646,2421.6337,0.0000,412,1000,1000,1,992.5522
76470.0000,7647,2421.6324,0.0000,412,1000,1000,1,992.5532
76480.0000,7648,2421.6307,0.0000,410,1000,1000,1,992.5541
76490.0000,7649,2421.6292,0.0000,413,1000,1000,1,992.5551
76500.0000,7650,2421.6276,0.0000,408,1000,1000,1,992.5561
76510.0000,7651,2421.6261,0.0000,413,1000,1000,1,992.5571
76520.0000,7652,2421.6253,0.0000,414,1000,1000,1,992.5580
76530.0000,7653,2421.6246,0.0000,419,1000,1000,1,992.5590
76540.0000,7654,2421.6243,0.0000,416,1000,1000,1,992.5600
76550.0000,7655,2421.6239,0.0000,415,1000,1000,1,992.5609
76560.0000,7656,2421.6235,0.0000,418,1000,1000,1,992.5619
76570.0000,7657,2421.6234,0.0000,420,1000,1000,1,992.5629
76580.0000,7658,2421.6233,0.0000,420,1000,1000,1,992.5639
76590.0000,7659,2421.6229,0.0000,418,1000,1000,1,992.5648
76600.0000,7660,2421.6221,0.0000,413,1000,1000,1,992.5658
76610.0000,7661,2421.6207,0.0000,409,1000,1000,1,992.5668
76620.0000,7662,2421.6192,0.0000,408,1000,1000,1,992.5677
76630.0000,7663,2421.6176,0.0000,412,1000,1000,1,992.5687
76640.0000,7664,2421.6167,0.0000,414,1000,1000,1,992.5697
76650.0000,7665,2421.6161,0.0000,417,1000,1000,1,992.5706
76660.0000,7666,2421.6148,0.0000,411,1000,1000,1,992.5716
76670.0000,7667,2421.6130,0.0000,407,1000,1000,1,992.5726
76680.0000,7668,2421.6109,0.0000,406,1000,1000,1,992.5736
76690.0000,7669,2421.6084,0.0000,400,1000,1000,1,992.5745
76700.0000,7670,2421.6058,0.0000,401,1000,1000,1,992.5755
76710.0000,7671,2421.6025,0.0000,395,1000,1000,1,992.5765
76720.0000,7672,2421.5995,0.0000,405,1000,1000,1,992.5774
76730.0000,7673,2421.5970,0.0000,402,1000,1000,1,992.5784
76740.0000,7674,2421.5943,0.0000,396,1000,1000,1,992.5794
76750.0000,7675,2421.5911,0.0000,395,1000,1000,1,992.5803
76760.0000,7676,2421.5882,0.0000,400,1000,1000,1,992.5813
76770.0000,7677,2421.5852,0.0000,399,1000,1000,1,992.5823
76780.0000,7678,2421.5827,0.0000,401,1000,1000,1,992.5832
76790.0000,7679,2421.5803,0.0000,404,1000,1000,1,992.5842
76800.0000,7680,2421.5777,0.0000,395,1000,1000,1,992.5852
76810.0000,7681,2421.5742,0.0000,397,1000,1000,1,992.5861
76820.0000,7682,2421.5712,0.0000,397,1000,1000,1,992.5871
76830.0000,7683,2421.5677,0.0000,392,1000,1000,1,992.5881
76840.0000,7684,2421.5636,0.0000,388,1000,1000,1,992.5890
76850.0000,7685,2421.5589,0.0000,382,1000,1000,1,992.5900
76860.0000,7686,2421.5536,0.0000,376,1000,1000,1,992.5909
76870.0000,7687,2421.5478,0.0000,380,1000,1000,1,992.5919
76880.0000,7688,2421.5426,0.0000,381,1000,1000,1,992.5929
76890.0000,7689,2421.5374,0.0000,382,1000,1000,1,992.5938
76900.0000,7690,2421.5322,0.0000,383,1000,1000,1,992.5948
76910.0000,7691,2421.5269,0.0000,378,1000,1000,1,992.5958
76920.0000,7692,2421.5214,0.0000,378,1000,1000,1,992.5967
76930.0000,7693,2421.5164,0.0000,386,1000,1000,1,992.5977
76940.0000,7694,2421.5112,0.0000,380,1000,1000,1,992.5986
76950.0000,7695,2421.5054,0.0000,376,1000,1000,1,992.5996
76960.0000,7696,2421.4993,0.0000,373,1000,1000,1,992.6006
76970.0000,7697,2421.4931,0.0000,374,1000,1000,1,992.6015
76980.0000,7698,2421.4868,0.0000,373,1000,1000,1,992.6025
76990.0000,7699,2421.4807,0.0000,372,1000,1000,1,992.6035
77000.0000,7700,2421.4744,0.0000,372,1000,1000,1,992.6044
77010.0000,7701,2421.4678,0.0000,371,1000,1000,1,992.6054
77020.0000,7702,2421.4611,0.0000,366,1000,1000,1,992.6063
77030.0000,7703,2421.4538,0.0000,365,1000,1000,1,992.6073
77040.0000,7704,2421.4472,0.0000,376,1000,1000,1,992.6083
77050.0000,7705,2421.4412,0.0000,375,1000,1000,1,992.6092
77060.0000,7706,2421.4350,0.0000,371,1000,1000,1,992.6102
77070.0000,7707,2421.4280,0.0000,366,1000,1000,1,992.6111
77080.0000,7708,2421.4209,0.0000,366,1000,1000,1,992.6121
77090.0000,7709,2421.4138,0.0000,371,1000,1000,1,992.6130
77100.0000,7710,2421.4070,0.0000,369,1000,1000,1,992.6140
77110.0000,7711,2421.4004,0.0000,366,1000,1000,1,992.6150
77120.0000,7712,2421.3932,0.0000,370,1000,1000,1,992.6159
77130.0000,7713,2421.3862,0.0000,365,1000,1000,1,992.6169
77140.0000,7714,2421.3785,0.0000,359,1000,1000,1,992.6178
77150.0000,7715,2421.3702,0.0000,357,1000,1000,1,992.6188
77160.0000,7716,2421.3613,0.0000,349,1000,1000,1,992.6198
77170.0000,7717,2421.3521,0.0000,352,1000,1000,1,992.6207
77180.0000,7718,2421.3434,0.0000,357,1000,1000,1,992.6217
77190.0000,7719,2421.3352,0.0000,359,1000,1000,1,992.6226
77200.0000,7720,2421.3266,0.0000,352,1000,1000,1,992.6236
77210.0000,7721,2421.3173,0.0000,347,1000,1000,1,992.6245
77220.0000,7722,2421.3075,0.0000,341,1000,1000,1,992.6255
77230.0000,7723,2421.2969,0.0000,336,1000,1000,1,992.6264
77240.0000,7724,2421.2853,0.0000,331,1000,1000,1,992.6274
77250.0000,7725,2421.2734,0.0000,330,1000,1000,1,992.6283
77260.0000,7726,2421.2614,0.0000,329,1000,1000,1,992.6293
77270.0000,7727,2421.2492,0.0000,331,1000,1000,1,992.6303
77280.0000,7728,2421.2376,0.0000,331,1000,1000,1,992.6312
77290.0000,7729,2421.2259,0.0000,327,1000,1000,1,992.6322
77300.0000,7730,2421.2138,0.0000,329,1000,1000,1,992.6331
77310.0000,7731,2421.2018,0.0000,324,1000,1000,1,992.6341
77320.0000,7732,2421.1893,0.0000,327,1000,1000,1,992.6350
77330.0000,7733,2421.1769,0.0000,326,1000,1000,1,992.6360
77340.0000,7734,2421.1651,0.0000,331,1000,1000,1,992.6369
77350.0000,7735,2421.1526,0.0000,324,1000,1000,1,992.6379
77360.0000,7736,2421.1395,0.0000,321,1000,1000,1,992.6388
77370.0000,7737,2421.1267,0.0000,322,1000,1000,1,992.6398
77380.0000,7738,2421.1134,0.0000,317,1000,1000,1,992.6407
77390.0000,7739,2421.0993,0.0000,309,1000,1000,1,992.6417
77400.0000,7740,2421.0854,0.0000,317,1000,1000,1,992.6426
77410.0000,7741,2421.0715,0.0000,311,1000,1000,1,992.6436
77420.0000,7742,2421.0570,0.0000,312,1000,1000,1,992.6445
77430.0000,7743,2421.0425,0.0000,310,1000,1000,1,992.6455
77440.0000,7744,2421.0290,0.0000,315,1000,1000,1,992.6464
77450.0000,7745,2421.0156,0.0000,315,1000,1000,1,992.6474
77460.0000,7746,2421.0017,0.0000,314,1000,1000,1,992.6483
77470.0000,7747,2420.9881,0.0000,319,1000,1000,1,992.6493
77480.0000,7748,2420.9744,0.0000,312,1000,1000,1,992.6502
77490.0000,7749,2420.9603,0.0000,314,1000,1000,1,992.6512
77500.0000,7750,2420.9471,0.0000,323,1000,1000,1,992.6521
77510.0000,7751,2420.9343,0.0000,322,1000,1000,1,992.6531
77520.0000,7752,2420.9216,0.0000,323,1000,1000,1,992.6540
77530.0000,7753,2420.9082,0.0000,315,1000,1000,1,992.6550
77540.0000,7754,2420.8938,0.0000,303,1000,1000,1,992.6559
77550.0000,7755,2420.8788,0.0000,306,1000,1000,1,992.6569
77560.0000,7756,2420.8636,0.0000,302,1000,1000,1,992.6578
77570.0000,7757,2420.8480,0.0000,297,1000,1000,1,992.6588
77580.0000,7758,2420.8315,0.0000,286,1000,1000,1,992.6597
77590.0000,7759,2420.8138,0.0000,284,1000,1000,1,992.6607
77600.0000,7760,2420.7962,0.0000,286,1000,1000,1,992.6616
77610.0000,7761,2420.7788,0.0000,286,1000,1000,1,992.6625
77620.0000,7762,2420.7615,0.0000,290,1000,1000,1,992.6635
77630.0000,7763,2420.7444,0.0000,286,1000,1000,1,992.6644
77640.0000,7764,2420.7270,0.0000,285,1000,1000,1,992.6654
77650.0000,7765,2420.7093,0.0000,281,1000,1000,1,992.6663
77660.0000,7766,2420.6912,0.0000,285,1000,1000,1,992.6673
77670.0000,7767,2420.6738,0.0000,289,1000,1000,1,992.6682
77680.0000,7768,2420.6567,0.0000,288,1000,1000,1,992.6692
77690.0000,7769,2420.6400,0.0000,292,1000,1000,1,992.6701
77700.0000,7770,2420.6236,0.0000,299,1000,1000,1,992.6710
77710.0000,7771,2420.6076,0.0000,291,1000,1000,1,992.6720
77720.0000,7772,2420.5907,0.0000,291,1000,1000,1,992.6729
77730.0000,7773,2420.5741,0.0000,292,1000,1000,1,992.6739
77740.0000,7774,2420.5576,0.0000,294,1000,1000,1,992.6748
77750.0000,7775,2420.5417,0.0000,302,1000,1000,1,992.6758
77760.0000,7776,2420.5261,0.0000,296,1000,1000,1,992.6767
77770.0000,7777,2420.5097,0.0000,290,1000,1000,1,992.6776
77780.0000,7778,2420.4930,0.0000,289,1000,1000,1,992.6786
77790.0000,7779,2420.4758,0.0000,288,1000,1000,1,992.6795
77800.0000,7780,2420.4585,0.0000,287,1000,1000,1,992.6805
77810.0000,7781,2420.4414,0.0000,284,1000,1000,1,992.6814
77820.0000,7782,2420.4240,0.0000,283,1000,1000,1,992.6823
77830.0000,7783,2420.4059,0.0000,277,1000,1000,1,992.6833
77840.0000,7784,2420.3875,0.0000,279,1000,1000,1,992.6842
77850.0000,7785,2420.3696,0.0000,281,1000,1000,1,992.6852
77860.0000,7786,2420.3509,0.0000,269,1000,1000,1,992.6861
77870.0000,7787,2420.3308,0.0000,259,1000,1000,1,992.6870
77880.0000,7788,2420.3104,0.0000,263,1000,1000,1,992.6880
77890.0000,7789,2420.2900,0.0000,259,1000,1000,1,992.6889
77900.0000,7790,2420.2692,0.0000,258,1000,1000,1,992.6899
77910.0000,7791,2420.2489,0.0000,265,1000,1000,1,992.6908
77920.0000,7792,2420.2292,0.0000,264,1000,1000,1,992.6917
77930.0000,7793,2420.2090,0.0000,262,1000,1000,1,992.6927
77940.0000,7794,2420.1888,0.0000,267,1000,1000,1,992.6936
77950.0000,7795,2420.1691,0.0000,264,1000,1000,1,992.6945
77960.0000,7796,2420.1488,0.0000,264,1000,1000,1,992.6955
77970.0000,7797,2420.1295,0.0000,272,1000,1000,1,992.6964
77980.0000,7798,2420.1107,0.0000,278,1000,1000,1,992.6974
77990.0000,7799,2420.0921,0.0000,273,1000,1000,1,992.6983
78000.0000,7800,2420.0731,0.0000,274,1000,1000,1,992.6992
78010.0000,7801,2420.0544,0.0000,271,1000,1000,1,992.7002
78020.0000,7802,2420.0350,0.0000,268,1000,1000,1,992.7011
78030.0000,7803,2420.0154,0.0000,269,1000,1000,1,992.7020
78040.0000,7804,2419.9953,0.0000,261,1000,1000,1,992.7030
78050.0000,7805,2419.9746,0.0000,259,1000,1000,1,992.7039
78060.0000,7806,2419.9534,0.0000,257,1000,1000,1,992.7048
78070.0000,7807,2419.9323,0.0000,260,1000,1000,1,992.7058
78080.0000,7808,2419.9114,0.0000,253,1000,1000,1,992.7067
78090.0000,7809,2419.8896,0.0000,250,1000,1000,1,992.7076
78100.0000,7810,2419.8680,0.0000,253,1000,1000,1,992.7086
78110.0000,7811,2419.8463,0.0000,250,1000,1000,1,992.7095
78120.0000,7812,2419.8244,0.0000,249,1000,1000,1,992.7104
78130.0000,7813,2419.8021,0.0000,246,1000,1000,1,992.7114
78140.0000,7814,2419.7797,0.0000,237,1000,1000,1,992.7123
78150.0000,7815,2419.7560,0.0000,232,1000,1000,1,992.7132
78160.0000,7816,2419.7329,0.0000,241,1000,1000,1,992.7142
78170.0000,7817,2419.7104,0.0000,246,1000,1000,1,992.7151
78180.0000,7818,2419.6879,0.0000,238,1000,1000,1,992.7160
78190.0000,7819,2419.6646,0.0000,236,1000,1000,1,992.7170
78200.0000,7820,2419.6412,0.0000,237,1000,1000,1,992.7179
78210.0000,7821,2419.6178,0.0000,235,1000,1000,1,992.7188
78220.0000,7822,2419.5945,0.0000,236,1000,1000,1,992.7198
78230.0000,7823,2419.5714,0.0000,243,1000,1000,1,992.7207
78240.0000,7824,2419.5489,0.0000,242,1000,1000,1,992.7216
78250.0000,7825,2419.5254,0.0000,235,1000,1000,1,992.7226
78260.0000,7826,2419.5022,0.0000,240,1000,1000,1,992.7235
78270.0000,7827,2419.4795,0.0000,241,1000,1000,1,992.7244
78280.0000,7828,2419.4566,0.0000,238,1000,1000,1,992.7253
78290.0000,7829,2419.4333,0.0000,235,1000,1000,1,992.7263
78300.0000,7830,2419.4093,0.0000,229,1000,1000,1,992.7272
78310.0000,7831,2419.3851,0.0000,227,1000,1000,1,992.7281
78320.0000,7832,2419.3599,0.0000,223,1000,1000,1,992.7291
78330.0000,7833,2419.3349,0.0000,226,1000,1000,1,992.7300
78340.0000,7834,2419.3108,0.0000,230,1000,1000,1,992.7309
78350.0000,7835,2419.2862,0.0000,225,1000,1000,1,992.7318
78360.0000,7836,2419.2613,0.0000,221,1000,1000,1,992.7328
78370.0000,7837,2419.2361,0.0000,220,1000,1000,1,992.7337
78380.0000,7838,2419.2109,0.0000,222,1000,1000,1,992.7346
78390.0000,7839,2419.1861,0.0000,228,1000,1000,1,992.7356
78400.0000,7840,2419.1625,0.0000,236,1000,1000,1,992.7365
78410.0000,7841,2419.1387,0.0000,229,1000,1000,1,992.7374
78420.0000,7842,2419.1148,0.0000,232,1000,1000,1,992.7383
78430.0000,7843,2419.0905,0.0000,224,1000,1000,1,992.7393
78440.0000,7844,2419.0654,0.0000,221,1000,1000,1,992.7402
78450.0000,7845,2419.0397,0.0000,215,1000,1000,1,992.7411
78460.0000,7846,2419.0130,0.0000,208,1000,1000,1,992.7420
78470.0000,7847,2418.9856,0.0000,200,1000,1000,1,992.7430
78480.0000,7848,2418.9576,0.0000,204,1000,1000,1,992.7439
78490.0000,7849,2418.9304,0.0000,205,1000,1000,1,992.7448
78500.0000,7850,2418.9030,0.0000,204,1000,1000,1,992.7457
78510.0000,7851,2418.8756,0.0000,205,1000,1000,1,992.7467
78520.0000,7852,2418.8484,0.0000,201,1000,1000,1,992.7476
78530.0000,7853,2418.8201,0.0000,193,1000,1000,1,992.7485
78540.0000,7854,2418.7911,0.0000,191,1000,1000,1,992.7494
78550.0000,7855,2418.7619,0.0000,192,1000,1000,1,992.7503
78560.0000,7856,2418.7325,0.0000,182,1000,1000,1,992.7513
78570.0000,7857,2418.7022,0.0000,183,1000,1000,1,992.7522
78580.0000,7858,2418.6720,0.0000,181,1000,1000,1,992.7531
78590.0000,7859,2418.6418,0.0000,177,1000,1000,1,992.7540
78600.0000,7860,2418.6111,0.0000,176,1000,1000,1,992.7550
78610.0000,7861,2418.5799,0.0000,170,1000,1000,1,992.7559
78620.0000,7862,2418.5483,0.0000,169,1000,1000,1,992.7568
78630.0000,7863,2418.5164,0.0000,169,1000,1000,1,992.7577
78640.0000,7864,2418.4848,0.0000,170,1000,1000,1,992.7586
78650.0000,7865,2418.4528,0.0000,167,1000,1000,1,992.7596
78660.0000,7866,2418.4210,0.0000,165,1000,1000,1,992.7605
78670.0000,7867,2418.3886,0.0000,164,1000,1000,1,992.7614
78680.0000,7868,2418.3569,0.0000,174,1000,1000,1,992.7623
78690.0000,7869,2418.3261,0.0000,178,1000,1000,1,992.7632
78700.0000,7870,2418.2957,0.0000,182,1000,1000,1,992.7642
78710.0000,7871,2418.2655,0.0000,180,1000,1000,1,992.7651
78720.0000,7872,2418.2356,0.0000,182,1000,1000,1,992.7660
78730.0000,7873,2418.2061,0.0000,187,1000,1000,1,992.7669
78740.0000,7874,2418.1764,0.0000,182,1000,1000,1,992.7678
78750.0000,7875,2418.1468,0.0000,187,1000,1000,1,992.7688
78760.0000,7876,2418.1166,0.0000,175,1000,1000,1,992.7697
78770.0000,7877,2418.0857,0.0000,176,1000,1000,1,992.7706
78780.0000,7878,2418.0546,0.0000,176,1000,1000,1,992.7715
78790.0000,7879,2418.0240,0.0000,176,1000,1000,1,992.7724
78800.0000,7880,2417.9929,0.0000,167,1000,1000,1,992.7733
78810.0000,7881,2417.9606,0.0000,163,1000,1000,1,992.7743
78820.0000,7882,2417.9278,0.0000,157,1000,1000,1,992.7752
78830.0000,7883,2417.8940,0.0000,148,1000,1000,1,992.7761
78840.0000,7884,2417.8600,0.0000,151,1000,1000,1,992.7770
78850.0000,7885,2417.8264,0.0000,156,1000,1000,1,992.7779
78860.0000,7886,2417.7936,0.0000,161,1000,1000,1,992.7788
78870.0000,7887,2417.7616,0.0000,171,1000,1000,1,992.7798
78880.0000,7888,2417.7305,0.0000,172,1000,1000,1,992.7807
78890.0000,7889,2417.6996,0.0000,176,1000,1000,1,992.7816
78900.0000,7890,2417.6695,0.0000,180,1000,1000,1,992.7825
78910.0000,7891,2417.6398,0.0000,181,1000,1000,1,992.7834
78920.0000,7892,2417.6095,0.0000,180,1000,1000,1,992.7843
78930.0000,7893,2417.5787,0.0000,175,1000,1000,1,992.7853
78940.0000,7894,2417.5480,0.0000,176,1000,1000,1,992.7862
78950.0000,7895,2417.5178,0.0000,181,1000,1000,1,992.7871
78960.0000,7896,2417.4876,0.0000,180,1000,1000,1,992.7880
78970.0000,7897,2417.4575,0.0000,180,1000,1000,1,992.7889
78980.0000,7898,2417.4270,0.0000,173,1000,1000,1,992.7898
78990.0000,7899,2417.3954,0.0000,162,1000,1000,1,992.7907
79000.0000,7900,2417.3627,0.0000,155,1000,1000,1,992.7916
79010.0000,7901,2417.3294,0.0000,154,1000,1000,1,992.7926
79020.0000,7902,2417.2964,0.0000,160,1000,1000,1,992.7935
79030.0000,7903,2417.2642,0.0000,162,1000,1000,1,992.7944
79040.0000,7904,2417.2319,0.0000,163,1000,1000,1,992.7953
79050.0000,7905,2417.1996,0.0000,161,1000,1000,1,992.7962
79060.0000,7906,2417.1671,0.0000,160,1000,1000,1,992.7971
79070.0000,7907,2417.1345,0.0000,161,1000,1000,1,992.7980
79080.0000,7908,2417.1024,0.0000,163,1000,1000,1,992.7989
79090.0000,7909,2417.0702,0.0000,161,1000,1000,1,992.7998
79100.0000,7910,2417.0375,0.0000,156,1000,1000,1,992.8008
79110.0000,7911,2417.0047,0.0000,158,1000,1000,1,992.8017
79120.0000,7912,2416.9723,0.0000,162,1000,1000,1,992.8026
79130.0000,7913,2416.9395,0.0000,157,1000,1000,1,992.8035
79140.0000,7914,2416.9069,0.0000,158,1000,1000,1,992.8044
79150.0000,7915,2416.8744,0.0000,162,1000,1000,1,992.8053
79160.0000,7916,2416.8418,0.0000,156,1000,1000,1,992.8062
79170.0000,7917,2416.8094,0.0000,166,1000,1000,1,992.8071
79180.0000,7918,2416.7780,0.0000,170,1000,1000,1,992.8080
79190.0000,7919,2416.7465,0.0000,168,1000,1000,1,992.8089
79200.0000,7920,2416.7149,0.0000,168,1000,1000,1,992.8098
79210.0000,7921,2416.6835,0.0000,170,1000,1000,1,992.8108
79220.0000,7922,2416.6526,0.0000,172,1000,1000,1,992.8117
79230.0000,7923,2416.6216,0.0000,170,1000,1000,1,992.8126
79240.0000,7924,2416.5902,0.0000,164,1000,1000,1,992.8135
79250.0000,7925,2416.5583,0.0000,165,1000,1000,1,992.8144
79260.0000,7926,2416.5263,0.0000,160,1000,1000,1,992.8153
79270.0000,7927,2416.4942,0.0000,160,1000,1000,1,992.8162
79280.0000,7928,2416.4621,0.0000,164,1000,1000,1,992.8171
79290.0000,7929,2416.4296,0.0000,156,1000,1000,1,992.8180
79300.0000,7930,2416.3976,0.0000,166,1000,1000,1,992.8189
79310.0000,7931,2416.3653,0.0000,161,1000,1000,1,992.8198
79320.0000,7932,2416.3336,0.0000,164,1000,1000,1,992.8207
79330.0000,7933,2416.3017,0.0000,167,1000,1000,1,992.8216
79340.0000,7934,2416.2701,0.0000,166,1000,1000,1,992.8225
79350.0000,7935,2416.2380,0.0000,161,1000,1000,1,992.8234
79360.0000,7936,2416.2055,0.0000,156,1000,1000,1,992.8243
79370.0000,7937,2416.1725,0.0000,153,1000,1000,1,992.8252
79380.0000,7938,2416.1397,0.0000,156,1000,1000,1,992.8262
79390.0000,7939,2416.1066,0.0000,150,1000,1000,1,992.8271
79400.0000,7940,2416.0730,0.0000,154,1000,1000,1,992.8280
79410.0000,7941,2416.0396,0.0000,149,1000,1000,1,992.8289
79420.0000,7942,2416.0060,0.0000,151,1000,1000,1,992.8298
79430.0000,7943,2415.9726,0.0000,146,1000,1000,1,992.8307
79440.0000,7944,2415.9379,0.0000,139,1000,1000,1,992.8316
79450.0000,7945,2415.9034,0.0000,140,1000,1000,1,992.8325
79460.0000,7946,2415.8683,0.0000,136,1000,1000,1,992.8334
79470.0000,7947,2415.8335,0.0000,142,1000,1000,1,992.8343
79480.0000,7948,2415.7985,0.0000,135,1000,1000,1,992.8352
79490.0000,7949,2415.7631,0.0000,138,1000,1000,1,992.8361
79500.0000,7950,2415.7284,0.0000,140,1000,1000,1,992.8370
79510.0000,7951,2415.6930,0.0000,131,1000,1000,1,992.8379
79520.0000,7952,2415.6566,0.0000,125,1000,1000,1,992.8388
79530.0000,7953,2415.6197,0.0000,126,1000,1000,1,992.8397
79540.0000,7954,2415.5833,0.0000,123,1000,1000,1,992.8406
79550.0000,7955,2415.5460,0.0000,115,1000,1000,1,992.8415
79560.0000,7956,2415.5081,0.0000,115,1000,1000,1,992.8424
79570.0000,7957,2415.4705,0.0000,119,1000,1000,1,992.8433
79580.0000,7958,2415.4332,0.0000,117,1000,1000,1,992.8442
79590.0000,7959,2415.3960,0.0000,119,1000,1000,1,992.8451
79600.0000,7960,2415.3590,0.0000,126,1000,1000,1,992.8460
79610.0000,7961,2415.3228,0.0000,126,1000,1000,1,992.8469
79620.0000,7962,2415.2869,0.0000,132,1000,1000,1,992.8478
79630.0000,7963,2415.2511,0.0000,130,1000,1000,1,992.8487
79640.0000,7964,2415.2151,0.0000,128,1000,1000,1,992.8496
79650.0000,7965,2415.1790,0.0000,127,1000,1000,1,992.8505
79660.0000,7966,2415.1428,0.0000,123,1000,1000,1,992.8514
79670.0000,7967,2415.1060,0.0000,119,1000,1000,1,992.8523
79680.0000,7968,2415.0686,0.0000,113,1000,1000,1,992.8532
79690.0000,7969,2415.0301,0.0000,106,1000,1000,1,992.8541
79700.0000,7970,2414.9908,0.0000,97,1000,1000,1,992.8550
79710.0000,7971,2414.9514,0.0000,102,1000,1000,1,992.8559
79720.0000,7972,2414.9117,0.0000,101,1000,1000,1,992.8567
79730.0000,7973,2414.8722,0.0000,100,1000,1000,1,992.8576
79740.0000,7974,2414.8329,0.0000,103,1000,1000,1,992.8585
79750.0000,7975,2414.7935,0.0000,96,1000,1000,1,992.8594
79760.0000,7976,2414.7533,0.0000,94,1000,1000,1,992.8603
79770.0000,7977,2414.7130,0.0000,93,1000,1000,1,992.8612
79780.0000,7978,2414.6725,0.0000,88,1000,1000,1,992.8621
79790.0000,7979,2414.6315,0.0000,86,1000,1000,1,992.8630
79800.0000,7980,2414.5901,0.0000,81,1000,1000,1,992.8639
79810.0000,7981,2414.5478,0.0000,75,1000,1000,1,992.8648
79820.0000,7982,2414.5054,0.0000,80,1000,1000,1,992.8657
79830.0000,7983,2414.4634,0.0000,77,1000,1000,1,992.8666
79840.0000,7984,2414.4214,0.0000,86,1000,1000,1,992.8675
79850.0000,7985,2414.3798,0.0000,77,1000,1000,1,992.8684
79860.0000,7986,2414.3379,0.0000,81,1000,1000,1,992.8693
79870.0000,7987,2414.2965,0.0000,86,1000,1000,1,992.8702
79880.0000,7988,2414.2557,0.0000,87,1000,1000,1,992.8711
79890.0000,7989,2414.2147,0.0000,82,1000,1000,1,992.8719
79900.0000,7990,2414.1729,0.0000,76,1000,1000,1,992.8728
79910.0000,7991,2414.1306,0.0000,76,1000,1000,1,992.8737
79920.0000,7992,2414.0877,0.0000,68,1000,1000,1,992.8746
79930.0000,7993,2414.0444,0.0000,68,1000,1000,1,992.8755
79940.0000,7994,2414.0011,0.0000,65,1000,1000,1,992.8764
79950.0000,7995,2413.9568,0.0000,57,1000,1000,1,992.8773
79960.0000,7996,2413.9126,0.0000,62,1000,1000,1,992.8782
79970.0000,7997,2413.8679,0.0000,54,1000,1000,1,992.8791
79980.0000,7998,2413.8228,0.0000,54,1000,1000,1,992.8800
79990.0000,7999,2413.7773,0.0000,48,1000,1000,1,992.8809
80000.0000,8000,2413.7315,0.0000,47,1000,1000,1,992.8817
80010.0000,8001,2413.6855,0.0000,50,998,1000,1,992.8826
80020.0000,8002,2413.6399,0.0000,60,993,1000,1,992.8835
80030.0000,8003,2413.5966,0.0000,77,999,1000,1,992.8844
80040.0000,8004,2413.5550,0.0000,92,995,1000,1,992.8853
80050.0000,8005,2413.5148,0.0000,102,994,1000,1,992.8862
80060.0000,8006,2413.4755,0.0000,110,992,1000,1,992.8871
80070.0000,8007,2413.4367,0.0000,113,989,1000,1,992.8880
80080.0000,8008,2413.3983,0.0000,121,989,1000,1,992.8889
80090.0000,8009,2413.3613,0.0000,134,989,1000,1,992.8897
80100.0000,8010,2413.3254,0.0000,142,989,1000,1,992.8906
80110.0000,8011,2413.2913,0.0000,155,987,1000,1,992.8915
80120.0000,8012,2413.2575,0.0000,162,978,1000,1,992.8924
80130.0000,8013,2413.2232,0.0000,168,972,1000,1,992.8933
80140.0000,8014,2413.1900,0.0000,174,976,1000,1,992.8942
80150.0000,8015,2413.1572,0.0000,180,976,1000,1,992.8951
80160.0000,8016,2413.1254,0.0000,190,972,1000,1,992.8960
80170.0000,8017,2413.0941,0.0000,194,968,1000,1,992.8968
80180.0000,8018,2413.0635,0.0000,201,972,1000,1,992.8977
80190.0000,8019,2413.0339,0.0000,210,967,1000,1,992.8986
80200.0000,8020,2413.0050,0.0000,216,964,1000,1,992.8995
80210.0000,8021,2412.9763,0.0000,224,959,1000,1,992.9004
80220.0000,8022,2412.9482,0.0000,233,959,1000,1,992.9013
80230.0000,8023,2412.9214,0.0000,244,963,1000,1,992.9022
80240.0000,8024,2412.8961,0.0000,255,957,1000,1,992.9030
80250.0000,8025,2412.8721,0.0000,268,958,1000,1,992.9039
80260.0000,8026,2412.8501,0.0000,280,965,1000,1,992.9048
80270.0000,8027,2412.8298,0.0000,296,963,1000,1,992.9057
80280.0000,8028,2412.8112,0.0000,301,966,1000,1,992.9066
80290.0000,8029,2412.7936,0.0000,310,966,1000,1,992.9075
80300.0000,8030,2412.7773,0.0000,320,963,1000,1,992.9083
80310.0000,8031,2412.7616,0.0000,327,965,1000,1,992.9092
80320.0000,8032,2412.7469,0.0000,335,962,1000,1,992.9101
80330.0000,8033,2412.7332,0.0000,347,958,1000,1,992.9110
80340.0000,8034,2412.7200,0.0000,356,960,1000,1,992.9119
80350.0000,8035,2412.7082,0.0000,357,962,1000,1,992.9128
80360.0000,8036,2412.6967,0.0000,364,953,1000,1,992.9136
80370.0000,8037,2412.6858,0.0000,376,957,1000,1,992.9145
80380.0000,8038,2412.6765,0.0000,386,960,1000,1,992.9154
80390.0000,8039,2412.6686,0.0000,391,960,1000,1,992.9163
80400.0000,8040,2412.6616,0.0000,398,959,1000,1,992.9172
80410.0000,8041,2412.6556,0.0000,406,962,1000,1,992.9180
80420.0000,8042,2412.6508,0.0000,416,963,1000,1,992.9189
80430.0000,8043,2412.6462,0.0000,421,955,1000,1,992.9198
80440.0000,8044,2412.6413,0.0000,426,948,1000,1,992.9207
80450.0000,8045,2412.6375,0.0000,437,949,1000,1,992.9216
80460.0000,8046,2412.6345,0.0000,444,944,1000,1,992.9224
80470.0000,8047,2412.6317,0.0000,449,943,1000,1,992.9233
80480.0000,8048,2412.6296,0.0000,460,941,1000,1,992.9242
80490.0000,8049,2412.6286,0.0000,469,936,1000,1,992.9251
80500.0000,8050,2412.6287,0.0000,481,941,1000,1,992.9260
80510.0000,8051,2412.6297,0.0000,487,934,1000,1,992.9268
80520.0000,8052,2412.6315,0.0000,502,930,1000,1,992.9277
80530.0000,8053,2412.6347,0.0000,512,934,1000,1,992.9286
80540.0000,8054,2412.6393,0.0000,519,934,1000,1,992.9295
80550.0000,8055,2412.6451,0.0000,531,929,1000,1,992.9304
80560.0000,8056,2412.6516,0.0000,543,925,1000,1,992.9312
80570.0000,8057,2412.6591,0.0000,554,922,1000,1,992.9321
80580.0000,8058,2412.6672,0.0000,567,916,1000,1,992.9330
80590.0000,8059,2412.6761,0.0000,575,908,1000,1,992.9339
80600.0000,8060,2412.6858,0.0000,585,915,1000,1,992.9347
80610.0000,8061,2412.6970,0.0000,592,916,1000,1,992.9356
80620.0000,8062,2412.7092,0.0000,599,911,1000,1,992.9365
80630.0000,8063,2412.7215,0.0000,611,907,1000,1,992.9374
80640.0000,8064,2412.7355,0.0000,620,911,1000,1,992.9382
80650.0000,8065,2412.7507,0.0000,630,903,1000,1,992.9391
80660.0000,8066,2412.7667,0.0000,641,906,1000,1,992.9400
80670.0000,8067,2412.7841,0.0000,657,905,1000,1,992.9409
80680.0000,8068,2412.8033,0.0000,667,907,1000,1,992.9417
80690.0000,8069,2412.8243,0.0000,680,909,1000,1,992.9426
80700.0000,8070,2412.8458,0.0000,685,902,1000,1,992.9435
80710.0000,8071,2412.8678,0.0000,695,898,1000,1,992.9444
80720.0000,8072,2412.8904,0.0000,706,888,1000,1,992.9452
80730.0000,8073,2412.9128,0.0000,712,886,1000,1,992.9461
80740.0000,8074,2412.9361,0.0000,723,880,1000,1,992.9470
80750.0000,8075,2412.9602,0.0000,731,881,1000,1,992.9479
80760.0000,8076,2412.9854,0.0000,736,881,1000,1,992.9487
80770.0000,8077,2413.0111,0.0000,747,880,1000,1,992.9496
80780.0000,8078,2413.0385,0.0000,765,877,1000,1,992.9505
80790.0000,8079,2413.0669,0.0000,771,878,1000,1,992.9514
80800.0000,8080,2413.0967,0.0000,779,878,1000,1,992.9522
80810.0000,8081,2413.1273,0.0000,786,881,1000,1,992.9531
80820.0000,8082,2413.1591,0.0000,793,881,1000,1,992.9540
80830.0000,8083,2413.1919,0.0000,805,878,1000,1,992.9548
80840.0000,8084,2413.2257,0.0000,817,870,1000,1,992.9557
80850.0000,8085,2413.2599,0.0000,820,873,1000,1,992.9566
80860.0000,8086,2413.2951,0.0000,825,878,1000,1,992.9575
80870.0000,8087,2413.3315,0.0000,831,886,1000,1,992.9583
80880.0000,8088,2413.3689,0.0000,834,882,1000,1,992.9592
80890.0000,8089,2413.4066,0.0000,846,876,1000,1,992.9601
80900.0000,8090,2413.4452,0.0000,854,876,1000,1,992.9609
80910.0000,8091,2413.4842,0.0000,857,874,1000,1,992.9618
80920.0000,8092,2413.5235,0.0000,862,874,1000,1,992.9627
80930.0000,8093,2413.5642,0.0000,867,875,1000,1,992.9635
80940.0000,8094,2413.6054,0.0000,876,875,1000,1,992.9644
80950.0000,8095,2413.6473,0.0000,884,870,1000,1,992.9653
80960.0000,8096,2413.6902,0.0000,897,868,1000,1,992.9662
80970.0000,8097,2413.7333,0.0000,909,859,1000,1,992.9670
80980.0000,8098,2413.7771,0.0000,915,859,1000,1,992.9679
80990.0000,8099,2413.8222,0.0000,920,862,1000,1,992.9688
81000.0000,8100,2413.8683,0.0000,930,863,1000,1,992.9696
81010.0000,8101,2413.9158,0.0000,940,865,1000,1,992.9705
81020.0000,8102,2413.9650,0.0000,954,861,1000,1,992.9714
81030.0000,8103,2414.0149,0.0000,964,863,1000,1,992.9722
81040.0000,8104,2414.0663,0.0000,971,861,1000,1,992.9731
81050.0000,8105,2414.1181,0.0000,979,856,1000,1,992.9740
81060.0000,8106,2414.1703,0.0000,992,851,1000,1,992.9748
81070.0000,8107,2414.2241,0.0000,1000,856,1000,1,992.9757
81080.0000,8108,2414.2784,0.0000,1000,855,1000,1,992.9766
81090.0000,8109,2414.3325,0.0000,1000,853,1000,1,992.9774
81100.0000,8110,2414.3870,0.0000,1000,858,1000,1,992.9783
81110.0000,8111,2414.4415,0.0000,1000,857,1000,1,992.9792
81120.0000,8112,2414.4960,0.0000,1000,852,1000,1,992.9800
81130.0000,8113,2414.5492,0.0000,1000,843,1000,1,992.9809
81140.0000,8114,2414.6023,0.0000,1000,849,1000,1,992.9818
81150.0000,8115,2414.6554,0.0000,1000,847,1000,1,992.9826
81160.0000,8116,2414.7087,0.0000,1000,848,1000,1,992.9835
81170.0000,8117,2414.7620,0.0000,1000,847,1000,1,992.9844
81180.0000,8118,2414.8148,0.0000,1000,846,1000,1,992.9852
81190.0000,8119,2414.8675,0.0000,1000,839,1000,1,992.9861
81200.0000,8120,2414.9191,0.0000,1000,829,1000,1,992.9869
81210.0000,8121,2414.9702,0.0000,1000,830,1000,1,992.9878
81220.0000,8122,2415.0216,0.0000,1000,835,1000,1,992.9887
81230.0000,8123,2415.0733,0.0000,1000,833,1000,1,992.9895
81240.0000,8124,2415.1248,0.0000,1000,837,1000,1,992.9904
81250.0000,8125,2415.1768,0.0000,1000,836,1000,1,992.9913
81260.0000,8126,2415.2284,0.0000,1000,831,1000,1,992.9921
81270.0000,8127,2415.2794,0.0000,1000,830,1000,1,992.9930
81280.0000,8128,2415.3302,0.0000,1000,825,1000,1,992.9938
81290.0000,8129,2415.3811,0.0000,1000,830,1000,1,992.9947
81300.0000,8130,2415.4318,0.0000,1000,827,1000,1,992.9956
81310.0000,8131,2415.4821,0.0000,1000,824,1000,1,992.9964
81320.0000,8132,2415.5321,0.0000,1000,822,1000,1,992.9973
81330.0000,8133,2415.5817,0.0000,1000,814,1000,1,992.9982
81340.0000,8134,2415.6302,0.0000,1000,806,1000,1,992.9990
81350.0000,8135,2415.6782,0.0000,1000,809,1000,1,992.9999
81360.0000,8136,2415.7266,0.0000,1000,811,1000,1,993.0007
81370.0000,8137,2415.7752,0.0000,1000,809,1000,1,993.0016
81380.0000,8138,2415.8237,0.0000,1000,811,1000,1,993.0025
81390.0000,8139,2415.8712,0.0000,1000,798,1000,1,993.0033
81400.0000,8140,2415.9178,0.0000,1000,790,1000,1,993.0042
81410.0000,8141,2415.9639,0.0000,1000,793,1000,1,993.0050
81420.0000,8142,2416.0101,0.0000,1000,789,1000,1,993.0059
81430.0000,8143,2416.0552,0.0000,1000,780,1000,1,993.0068
81440.0000,8144,2416.0996,0.0000,1000,774,1000,1,993.0076
81450.0000,8145,2416.1433,0.0000,1000,772,1000,1,993.0085
81460.0000,8146,2416.1868,0.0000,1000,767,1000,1,993.0093
81470.0000,8147,2416.2299,0.0000,1000,762,1000,1,993.0102
81480.0000,8148,2416.2722,0.0000,1000,764,1000,1,993.0110
81490.0000,8149,2416.3146,0.0000,1000,756,1000,1,993.0119
81500.0000,8150,2416.3559,0.0000,1000,751,1000,1,993.0128
81510.0000,8151,2416.3974,0.0000,1000,757,1000,1,993.0136
81520.0000,8152,2416.4391,0.0000,1000,757,1000,1,993.0145
81530.0000,8153,2416.4803,0.0000,1000,752,1000,1,993.0153
81540.0000,8154,2416.5214,0.0000,1000,752,1000,1,993.0162
81550.0000,8155,2416.5623,0.0000,1000,750,1000,1,993.0170
81560.0000,8156,2416.6028,0.0000,1000,744,1000,1,993.0179
81570.0000,8157,2416.6433,0.0000,1000,745,1000,1,993.0188
81580.0000,8158,2416.6834,0.0000,1000,743,1000,1,993.0196
81590.0000,8159,2416.7232,0.0000,1000,740,1000,1,993.0205
81600.0000,8160,2416.7632,0.0000,1000,746,1000,1,993.0213
81610.0000,8161,2416.8038,0.0000,1000,751,1000,1,993.0222
81620.0000,8162,2416.8449,0.0000,1000,755,1000,1,993.0230
81630.0000,8163,2416.8857,0.0000,1000,748,1000,1,993.0239
81640.0000,8164,2416.9265,0.0000,1000,751,1000,1,993.0247
81650.0000,8165,2416.9673,0.0000,1000,753,1000,1,993.0256
81660.0000,8166,2417.0089,0.0000,1000,759,1000,1,993.0265
81670.0000,8167,2417.0509,0.0000,1000,755,1000,1,993.0273
81680.0000,8168,2417.0925,0.0000,1000,756,1000,1,993.0282
81690.0000,8169,2417.1332,0.0000,1000,746,1000,1,993.0290
81700.0000,8170,2417.1736,0.0000,1000,746,1000,1,993.0299
81710.0000,8171,2417.2141,0.0000,1000,747,1000,1,993.0307
81720.0000,8172,2417.2543,0.0000,1000,745,1000,1,993.0316
81730.0000,8173,2417.2938,0.0000,1000,736,1000,1,993.0324
81740.0000,8174,2417.3329,0.0000,1000,739,1000,1,993.0333
81750.0000,8175,2417.3712,0.0000,1000,731,1000,1,993.0341
81760.0000,8176,2417.4093,0.0000,1000,730,1000,1,993.0350
81770.0000,8177,2417.4475,0.0000,1000,730,1000,1,993.0358
81780.0000,8178,2417.4854,0.0000,1000,722,1000,1,993.0367
81790.0000,8179,2417.5228,0.0000,1000,730,1000,1,993.0375
81800.0000,8180,2417.5607,0.0000,1000,728,1000,1,993.0384
81810.0000,8181,2417.5985,0.0000,1000,725,1000,1,993.0392
81820.0000,8182,2417.6363,0.0000,1000,726,1000,1,993.0401
81830.0000,8183,2417.6740,0.0000,1000,728,1000,1,993.0409
81840.0000,8184,2417.7123,0.0000,1000,732,1000,1,993.0418
81850.0000,8185,2417.7515,0.0000,1000,742,1000,1,993.0426
81860.0000,8186,2417.7916,0.0000,1000,743,1000,1,993.0435
81870.0000,8187,2417.8316,0.0000,1000,749,1000,1,993.0443
81880.0000,8188,2417.8714,0.0000,1000,743,1000,1,993.0452
81890.0000,8189,2417.9113,0.0000,1000,748,1000,1,993.0460
81900.0000,8190,2417.9519,0.0000,1000,752,1000,1,993.0469
81910.0000,8191,2417.9929,0.0000,1000,757,1000,1,993.0477
81920.0000,8192,2418.0344,0.0000,1000,759,1000,1,993.0486
81930.0000,8193,2418.0760,0.0000,1000,756,1000,1,993.0494
81940.0000,8194,2418.1165,0.0000,1000,746,1000,1,993.0503
81950.0000,8195,2418.1567,0.0000,1000,749,1000,1,993.0511
81960.0000,8196,2418.1969,0.0000,1000,745,1000,1,993.0520
81970.0000,8197,2418.2370,0.0000,1000,749,1000,1,993.0528
81980.0000,8198,2418.2767,0.0000,1000,738,1000,1,993.0537
81990.0000,8199,2418.3157,0.0000,1000,737,1000,1,993.0545
82000.0000,8200,2418.3542,0.0000,1000,731,1000,1,993.0554
82010.0000,8201,2418.3926,0.0000,1000,737,1000,1,993.0562
82020.0000,8202,2418.4318,0.0000,1000,742,1000,1,993.0571
82030.0000,8203,2418.4710,0.0000,1000,737,1000,1,993.0579
82040.0000,8204,2418.5097,0.0000,1000,737,1000,1,993.0588
82050.0000,8205,2418.5489,0.0000,1000,740,1000,1,993.0596
82060.0000,8206,2418.5869,0.0000,1000,725,1000,1,993.0604
82070.0000,8207,2418.6236,0.0000,1000,716,1000,1,993.0613
82080.0000,8208,2418.6594,0.0000,1000,712,1000,1,993.0621
82090.0000,8209,2418.6950,0.0000,1000,710,1000,1,993.0630
82100.0000,8210,2418.7309,0.0000,1000,717,1000,1,993.0638
82110.0000,8211,2418.7676,0.0000,1000,724,1000,1,993.0647
82120.0000,8212,2418.8046,0.0000,1000,723,1000,1,993.0655
82130.0000,8213,2418.8411,0.0000,1000,715,1000,1,993.0664
82140.0000,8214,2418.8770,0.0000,1000,712,1000,1,993.0672
82150.0000,8215,2418.9127,0.0000,1000,712,1000,1,993.0680
82160.0000,8216,2418.9483,0.0000,1000,706,1000,1,993.0689
82170.0000,8217,2418.9833,0.0000,1000,710,1000,1,993.0697
82180.0000,8218,2419.0187,0.0000,1000,707,1000,1,993.0706
82190.0000,8219,2419.0538,0.0000,1000,707,1000,1,993.0714
82200.0000,8220,2419.0885,0.0000,1000,703,1000,1,993.0723
82210.0000,8221,2419.1229,0.0000,1000,699,1000,1,993.0731
82220.0000,8222,2419.1568,0.0000,1000,698,1000,1,993.0739
82230.0000,8223,2419.1907,0.0000,1000,699,1000,1,993.0748
82240.0000,8224,2419.2245,0.0000,1000,694,1000,1,993.0756
82250.0000,8225,2419.2581,0.0000,1000,696,1000,1,993.0765
82260.0000,8226,2419.2920,0.0000,1000,700,1000,1,993.0773
82270.0000,8227,2419.3258,0.0000,1000,693,1000,1,993.0782
82280.0000,8228,2419.3591,0.0000,1000,694,1000,1,993.0790
82290.0000,8229,2419.3925,0.0000,1000,695,1000,1,993.0798
82300.0000,8230,2419.4253,0.0000,1000,685,1000,1,993.0807
82310.0000,8231,2419.4570,0.0000,1000,676,1000,1,993.0815
82320.0000,8232,2419.4883,0.0000,1000,677,1000,1,993.0824
82330.0000,8233,2419.5199,0.0000,1000,685,1000,1,993.0832
82340.0000,8234,2419.5524,0.0000,1000,688,1000,1,993.0840
82350.0000,8235,2419.5852,0.0000,1000,688,1000,1,993.0849
82360.0000,8236,2419.6175,0.0000,1000,683,1000,1,993.0857
82370.0000,8237,2419.6497,0.0000,1000,684,1000,1,993.0866
82380.0000,8238,2419.6816,0.0000,1000,682,1000,1,993.0874
82390.0000,8239,2419.7134,0.0000,1000,686,1000,1,993.0882
82400.0000,8240,2419.7456,0.0000,1000,684,1000,1,993.0891
82410.0000,8241,2419.7776,0.0000,1000,680,1000,1,993.0899
82420.0000,8242,2419.8087,0.0000,1000,675,1000,1,993.0908
82430.0000,8243,2419.8398,0.0000,1000,680,1000,1,993.0916
82440.0000,8244,2419.8722,0.0000,1000,691,1000,1,993.0924
82450.0000,8245,2419.9051,0.0000,1000,691,1000,1,993.0933
82460.0000,8246,2419.9378,0.0000,1000,686,1000,1,993.0941
82470.0000,8247,2419.9702,0.0000,1000,689,1000,1,993.0949
82480.0000,8248,2420.0027,0.0000,1000,692,1000,1,993.0958
82490.0000,8249,2420.0354,0.0000,1000,690,1000,1,993.0966
82500.0000,8250,2420.0678,0.0000,1000,685,1000,1,993.0975
82510.0000,8251,2420.1000,0.0000,1000,684,1000,1,993.0983
82520.0000,8252,2420.1320,0.0000,1000,689,1000,1,993.0991
82530.0000,8253,2420.1642,0.0000,1000,685,1000,1,993.1000
82540.0000,8254,2420.1964,0.0000,1000,684,1000,1,993.1008
82550.0000,8255,2420.2286,0.0000,1000,688,1000,1,993.1016
82560.0000,8256,2420.2609,0.0000,1000,688,1000,1,993.1025
82570.0000,8257,2420.2934,0.0000,1000,690,1000,1,993.1033
82580.0000,8258,2420.3261,0.0000,1000,695,1000,1,993.1041
82590.0000,8259,2420.3596,0.0000,1000,695,1000,1,993.1050
82600.0000,8260,2420.3926,0.0000,1000,688,1000,1,993.1058
82610.0000,8261,2420.4251,0.0000,1000,690,1000,1,993.1066
82620.0000,8262,2420.4579,0.0000,1000,694,1000,1,993.1075
82630.0000,8263,2420.4905,0.0000,1000,686,1000,1,993.1083
82640.0000,8264,2420.5230,0.0000,1000,688,1000,1,993.1091
82650.0000,8265,2420.5552,0.0000,1000,686,1000,1,993.1100
82660.0000,8266,2420.5871,0.0000,1000,686,1000,1,993.1108
82670.0000,8267,2420.6190,0.0000,1000,683,1000,1,993.1116
82680.0000,8268,2420.6502,0.0000,1000,676,1000,1,993.1125
82690.0000,8269,2420.6814,0.0000,1000,678,1000,1,993.1133
82700.0000,8270,2420.7122,0.0000,1000,673,1000,1,993.1141
82710.0000,8271,2420.7425,0.0000,1000,671,1000,1,993.1150
82720.0000,8272,2420.7727,0.0000,1000,668,1000,1,993.1158
82730.0000,8273,2420.8020,0.0000,1000,662,1000,1,993.1166
82740.0000,8274,2420.8315,0.0000,1000,666,1000,1,993.1175
82750.0000,8275,2420.8610,0.0000,1000,666,1000,1,993.1183
82760.0000,8276,2420.8908,0.0000,1000,667,1000,1,993.1191
82770.0000,8277,2420.9204,0.0000,1000,669,1000,1,993.1200
82780.0000,8278,2420.9508,0.0000,1000,675,1000,1,993.1208
82790.0000,8279,2420.9815,0.0000,1000,673,1000,1,993.1216
82800.0000,8280,2421.0116,0.0000,1000,671,1000,1,993.1225
82810.0000,8281,2421.0419,0.0000,1000,673,1000,1,993.1233
82820.0000,8282,2421.0720,0.0000,1000,672,1000,1,993.1241
82830.0000,8283,2421.1017,0.0000,1000,665,1000,1,993.1250
82840.0000,8284,2421.1310,0.0000,1000,661,1000,1,993.1258
82850.0000,8285,2421.1595,0.0000,1000,659,1000,1,993.1266
82860.0000,8286,2421.1880,0.0000,1000,656,1000,1,993.1274
82870.0000,8287,2421.2162,0.0000,1000,648,1000,1,993.1283
82880.0000,8288,2421.2438,0.0000,1000,658,1000,1,993.1291
82890.0000,8289,2421.2721,0.0000,1000,652,1000,1,993.1299
82900.0000,8290,2421.2996,0.0000,1000,650,1000,1,993.1308
82910.0000,8291,2421.3272,0.0000,1000,651,1000,1,993.1316
82920.0000,8292,2421.3548,0.0000,1000,650,1000,1,993.1324
82930.0000,8293,2421.3818,0.0000,1000,642,1000,1,993.1332
82940.0000,8294,2421.4079,0.0000,1000,640,1000,1,993.1341
82950.0000,8295,2421.4339,0.0000,1000,632,1000,1,993.1349
82960.0000,8296,2421.4588,0.0000,1000,631,1000,1,993.1357
82970.0000,8297,2421.4841,0.0000,1000,631,1000,1,993.1366
82980.0000,8298,2421.5091,0.0000,1000,631,1000,1,993.1374
82990.0000,8299,2421.5343,0.0000,1000,628,1000,1,993.1382
83000.0000,8300,2421.5592,0.0000,1000,629,1000,1,993.1390
83010.0000,8301,2421.5838,0.0000,1000,623,1000,1,993.1399
83020.0000,8302,2421.6080,0.0000,1000,622,1000,1,993.1407
83030.0000,8303,2421.6317,0.0000,1000,615,1000,1,993.1415
83040.0000,8304,2421.6548,0.0000,1000,611,1000,1,993.1423
83050.0000,8305,2421.6774,0.0000,1000,611,1000,1,993.1432
83060.0000,8306,2421.7001,0.0000,1000,611,1000,1,993.1440
83070.0000,8307,2421.7228,0.0000,1000,613,1000,1,993.1448
83080.0000,8308,2421.7454,0.0000,1000,608,1000,1,993.1456
83090.0000,8309,2421.7681,0.0000,1000,609,1000,1,993.1465
83100.0000,8310,2421.7910,0.0000,1000,612,1000,1,993.1473
83110.0000,8311,2421.8136,0.0000,1000,604,1000,1,993.1481
83120.0000,8312,2421.8354,0.0000,1000,603,1000,1,993.1489
83130.0000,8313,2421.8572,0.0000,1000,604,1000,1,993.1498
83140.0000,8314,2421.8790,0.0000,1000,603,1000,1,993.1506
83150.0000,8315,2421.9007,0.0000,1000,598,1000,1,993.1514
83160.0000,8316,2421.9216,0.0000,1000,599,1000,1,993.1522
83170.0000,8317,2421.9423,0.0000,1000,593,1000,1,993.1531
83180.0000,8318,2421.9629,0.0000,1000,592,1000,1,993.1539
83190.0000,8319,2421.9838,0.0000,1000,601,1000,1,993.1547
83200.0000,8320,2422.0056,0.0000,1000,604,1000,1,993.1555
83210.0000,8321,2422.0276,0.0000,1000,605,1000,1,993.1564
83220.0000,8322,2422.0495,0.0000,1000,605,1000,1,993.1572
83230.0000,8323,2422.0711,0.0000,1000,598,1000,1,993.1580
83240.0000,8324,2422.0921,0.0000,1000,595,1000,1,993.1588
83250.0000,8325,2422.1128,0.0000,1000,595,1000,1,993.1596
83260.0000,8326,2422.1330,0.0000,1000,588,1000,1,993.1605
83270.0000,8327,2422.1526,0.0000,1000,581,1000,1,993.1613
83280.0000,8328,2422.1714,0.0000,1000,577,1000,1,993.1621
83290.0000,8329,2422.1897,0.0000,1000,573,1000,1,993.1629
83300.0000,8330,2422.2085,0.0000,1000,584,1000,1,993.1637
83310.0000,8331,2422.2275,0.0000,1000,577,1000,1,993.1646
83320.0000,8332,2422.2462,0.0000,1000,576,1000,1,993.1654
83330.0000,8333,2422.2650,0.0000,1000,578,1000,1,993.1662
83340.0000,8334,2422.2838,0.0000,1000,582,1000,1,993.1670
83350.0000,8335,2422.3025,0.0000,1000,574,1000,1,993.1678
83360.0000,8336,2422.3206,0.0000,1000,573,1000,1,993.1687
83370.0000,8337,2422.3383,0.0000,1000,570,1000,1,993.1695
83380.0000,8338,2422.3558,0.0000,1000,567,1000,1,993.1703
83390.0000,8339,2422.3728,0.0000,1000,565,1000,1,993.1711
83400.0000,8340,2422.3897,0.0000,1000,563,1000,1,993.1719
83410.0000,8341,2422.4065,0.0000,1000,563,1000,1,993.1728
83420.0000,8342,2422.4229,0.0000,1000,556,1000,1,993.1736
83430.0000,8343,2422.4388,0.0000,1000,554,1000,1,993.1744
83440.0000,8344,2422.4542,0.0000,1000,548,1000,1,993.1752
83450.0000,8345,2422.4690,0.0000,1000,545,1000,1,993.1760
83460.0000,8346,2422.4836,0.0000,1000,542,1000,1,993.1769
83470.0000,8347,2422.4979,0.0000,1000,538,1000,1,993.1777
83480.0000,8348,2422.5120,0.0000,1000,544,1000,1,993.1785
83490.0000,8349,2422.5264,0.0000,1000,540,1000,1,993.1793
83500.0000,8350,2422.5403,0.0000,1000,536,1000,1,993.1801
83510.0000,8351,2422.5541,0.0000,1000,537,1000,1,993.1809
83520.0000,8352,2422.5675,0.0000,1000,529,1000,1,993.1818
83530.0000,8353,2422.5800,0.0000,1000,525,1000,1,993.1826
83540.0000,8354,2422.5918,0.0000,1000,522,1000,1,993.1834
83550.0000,8355,2422.6029,0.0000,1000,516,1000,1,993.1842
83560.0000,8356,2422.6140,0.0000,1000,515,1000,1,993.1850
83570.0000,8357,2422.6247,0.0000,1000,508,1000,1,993.1858
83580.0000,8358,2422.6353,0.0000,1000,515,1000,1,993.1866
83590.0000,8359,2422.6468,0.0000,1000,518,1000,1,993.1875
83600.0000,8360,2422.6584,0.0000,1000,518,1000,1,993.1883
83610.0000,8361,2422.6701,0.0000,1000,521,1000,1,993.1891
83620.0000,8362,2422.6818,0.0000,1000,518,1000,1,993.1899
83630.0000,8363,2422.6931,0.0000,1000,517,1000,1,993.1907
83640.0000,8364,2422.7039,0.0000,1000,508,1000,1,993.1915
83650.0000,8365,2422.7144,0.0000,1000,509,1000,1,993.1923
83660.0000,8366,2422.7243,0.0000,1000,507,1000,1,993.1932
83670.0000,8367,2422.7348,0.0000,1000,516,1000,1,993.1940
83680.0000,8368,2422.7460,0.0000,1000,517,1000,1,993.1948
83690.0000,8369,2422.7572,0.0000,1000,516,1000,1,993.1956
83700.0000,8370,2422.7685,0.0000,1000,519,1000,1,993.1964
83710.0000,8371,2422.7800,0.0000,1000,519,1000,1,993.1972
83720.0000,8372,2422.7918,0.0000,1000,526,1000,1,993.1980
83730.0000,8373,2422.8041,0.0000,1000,522,1000,1,993.1989
83740.0000,8374,2422.8161,0.0000,1000,522,1000,1,993.1997
83750.0000,8375,2422.8268,0.0000,1000,507,1000,1,993.2005
83760.0000,8376,2422.8368,0.0000,1000,506,1000,1,993.2013
83770.0000,8377,2422.8467,0.0000,1000,503,1000,1,993.2021
83780.0000,8378,2422.8564,0.0000,1000,505,1000,1,993.2029
83790.0000,8379,2422.8658,0.0000,1000,501,1000,1,993.2037
83800.0000,8380,2422.8751,0.0000,1000,501,1000,1,993.2045
83810.0000,8381,2422.8847,0.0000,1000,502,1000,1,993.2053
83820.0000,8382,2422.8938,0.0000,1000,501,1000,1,993.2062
83830.0000,8383,2422.9031,0.0000,1000,498,1000,1,993.2070
83840.0000,8384,2422.9120,0.0000,1000,500,1000,1,993.2078
83850.0000,8385,2422.9211,0.0000,1000,497,1000,1,993.2086
83860.0000,8386,2422.9299,0.0000,1000,494,1000,1,993.2094
83870.0000,8387,2422.9385,0.0000,1000,497,1000,1,993.2102
83880.0000,8388,2422.9472,0.0000,1000,500,1000,1,993.2110
83890.0000,8389,2422.9562,0.0000,1000,493,1000,1,993.2118
83900.0000,8390,2422.9641,0.0000,1000,484,1000,1,993.2126
83910.0000,8391,2422.9717,0.0000,1000,489,1000,1,993.2134
83920.0000,8392,2422.9793,0.0000,1000,485,1000,1,993.2143
83930.0000,8393,2422.9865,0.0000,1000,484,1000,1,993.2151
83940.0000,8394,2422.9938,0.0000,1000,486,1000,1,993.2159
83950.0000,8395,2423.0013,0.0000,1000,484,1000,1,993.2167
83960.0000,8396,2423.0090,0.0000,1000,488,1000,1,993.2175
83970.0000,8397,2423.0164,0.0000,1000,482,1000,1,993.2183
83980.0000,8398,2423.0231,0.0000,1000,477,1000,1,993.2191
83990.0000,8399,2423.0292,0.0000,1000,473,1000,1,993.2199
84000.0000,8400,2423.0351,0.0000,1000,472,1000,1,993.2207
84010.0000,8401,2423.0411,0.0000,1000,476,1000,1,993.2215
84020.0000,8402,2423.0474,0.0000,1000,473,1000,1,993.2223
84030.0000,8403,2423.0530,0.0000,1000,468,1000,1,993.2231
84040.0000,8404,2423.0582,0.0000,1000,466,1000,1,993.2239
84050.0000,8405,2423.0629,0.0000,1000,460,1000,1,993.2247
84060.0000,8406,2423.0671,0.0000,1000,457,1000,1,993.2256
84070.0000,8407,2423.0712,0.0000,1000,457,1000,1,993.2264
84080.0000,8408,2423.0745,0.0000,1000,452,1000,1,993.2272
84090.0000,8409,2423.0779,0.0000,1000,450,1000,1,993.2280
84100.0000,8410,2423.0815,0.0000,1000,453,1000,1,993.2288
84110.0000,8411,2423.0854,0.0000,1000,458,1000,1,993.2296
84120.0000,8412,2423.0892,0.0000,1000,455,1000,1,993.2304
84130.0000,8413,2423.0927,0.0000,1000,453,1000,1,993.2312
84140.0000,8414,2423.0958,0.0000,1000,443,1000,1,993.2320
84150.0000,8415,2423.0984,0.0000,1000,448,1000,1,993.2328
84160.0000,8416,2423.1011,0.0000,1000,441,1000,1,993.2336
84170.0000,8417,2423.1030,0.0000,1000,440,1000,1,993.2344
84180.0000,8418,2423.1048,0.0000,1000,437,1000,1,993.2352
84190.0000,8419,2423.1062,0.0000,1000,435,1000,1,993.2360
84200.0000,8420,2423.1077,0.0000,1000,431,1000,1,993.2368
84210.0000,8421,2423.1089,0.0000,1000,435,1000,1,993.2376
84220.0000,8422,2423.1102,0.0000,1000,439,1000,1,993.2384
84230.0000,8423,2423.1123,0.0000,1000,439,1000,1,993.2392
84240.0000,8424,2423.1141,0.0000,1000,442,1000,1,993.2400
84250.0000,8425,2423.1164,0.0000,1000,441,1000,1,993.2408
84260.0000,8426,2423.1185,0.0000,1000,439,1000,1,993.2416
84270.0000,8427,2423.1204,0.0000,1000,441,1000,1,993.2424
84280.0000,8428,2423.1227,0.0000,1000,441,1000,1,993.2432
84290.0000,8429,2423.1250,0.0000,1000,445,1000,1,993.2440
84300.0000,8430,2423.1273,0.0000,1000,438,1000,1,993.2448
84310.0000,8431,2423.1295,0.0000,1000,443,1000,1,993.2456
84320.0000,8432,2423.1318,0.0000,1000,439,1000,1,993.2464
84330.0000,8433,2423.1331,0.0000,1000,433,1000,1,993.2472
84340.0000,8434,2423.1340,0.0000,1000,431,1000,1,993.2480
84350.0000,8435,2423.1350,0.0000,1000,430,1000,1,993.2488
84360.0000,8436,2423.1359,0.0000,1000,433,1000,1,993.2496
84370.0000,8437,2423.1373,0.0000,1000,438,1000,1,993.2504
84380.0000,8438,2423.1387,0.0000,1000,433,1000,1,993.2512
84390.0000,8439,2423.1402,0.0000,1000,441,1000,1,993.2520
84400.0000,8440,2423.1424,0.0000,1000,444,1000,1,993.2528
84410.0000,8441,2423.1448,0.0000,1000,445,1000,1,993.2536
84420.0000,8442,2423.1472,0.0000,1000,441,1000,1,993.2544
84430.0000,8443,2423.1493,0.0000,1000,440,1000,1,993.2552
84440.0000,8444,2423.1515,0.0000,1000,443,1000,1,993.2560
84450.0000,8445,2423.1537,0.0000,1000,439,1000,1,993.2568
84460.0000,8446,2423.1553,0.0000,1000,434,1000,1,993.2576
84470.0000,8447,2423.1565,0.0000,1000,433,1000,1,993.2584
84480.0000,8448,2423.1578,0.0000,1000,435,1000,1,993.2592
84490.0000,8449,2423.1593,0.0000,1000,436,1000,1,993.2600
84500.0000,8450,2423.1604,0.0000,1000,431,1000,1,993.2608
84510.0000,8451,2423.1616,0.0000,1000,433,1000,1,993.2616
84520.0000,8452,2423.1627,0.0000,1000,435,1000,1,993.2624
84530.0000,8453,2423.1646,0.0000,1000,441,1000,1,993.2632
84540.0000,8454,2423.1665,0.0000,1000,439,1000,1,993.2640
84550.0000,8455,2423.1681,0.0000,1000,430,1000,1,993.2648
84560.0000,8456,2423.1688,0.0000,1000,427,1000,1,993.2656
84570.0000,8457,2423.1691,0.0000,1000,426,1000,1,993.2664
84580.0000,8458,2423.1686,0.0000,1000,414,1000,1,993.2672
84590.0000,8459,2423.1670,0.0000,1000,404,1000,1,993.2680
84600.0000,8460,2423.1642,0.0000,1000,397,1000,1,993.2688
84610.0000,8461,2423.1606,0.0000,1000,388,1000,1,993.2696
84620.0000,8462,2423.1568,0.0000,1000,391,1000,1,993.2704
84630.0000,8463,2423.1527,0.0000,1000,387,1000,1,993.2712
84640.0000,8464,2423.1480,0.0000,1000,381,1000,1,993.2720
84650.0000,8465,2423.1436,0.0000,1000,394,1000,1,993.2728
84660.0000,8466,2423.1398,0.0000,1000,389,1000,1,993.2736
84670.0000,8467,2423.1359,0.0000,1000,390,1000,1,993.2744
84680.0000,8468,2423.1320,0.0000,1000,389,1000,1,993.2752
84690.0000,8469,2423.1279,0.0000,1000,386,1000,1,993.2759
84700.0000,8470,2423.1235,0.0000,1000,385,1000,1,993.2767
84710.0000,8471,2423.1189,0.0000,1000,382,1000,1,993.2775
84720.0000,8472,2423.1139,0.0000,1000,383,1000,1,993.2783
84730.0000,8473,2423.1087,0.0000,1000,376,1000,1,993.2791
84740.0000,8474,2423.1034,0.0000,1000,379,1000,1,993.2799
84750.0000,8475,2423.0973,0.0000,1000,369,1000,1,993.2807
84760.0000,8476,2423.0912,0.0000,1000,371,1000,1,993.2815
84770.0000,8477,2423.0850,0.0000,1000,372,1000,1,993.2823
84780.0000,8478,2423.0786,0.0000,1000,367,1000,1,993.2831
84790.0000,8479,2423.0722,0.0000,1000,371,1000,1,993.2839
84800.0000,8480,2423.0664,0.0000,1000,374,1000,1,993.2847
84810.0000,8481,2423.0608,0.0000,1000,378,1000,1,993.2855
84820.0000,8482,2423.0555,0.0000,1000,377,1000,1,993.2863
84830.0000,8483,2423.0498,0.0000,1000,373,1000,1,993.2870
84840.0000,8484,2423.0442,0.0000,1000,379,1000,1,993.2878
84850.0000,8485,2423.0388,0.0000,1000,380,1000,1,993.2886
84860.0000,8486,2423.0331,0.0000,1000,369,1000,1,993.2894
84870.0000,8487,2423.0268,0.0000,1000,369,1000,1,993.2902
84880.0000,8488,2423.0205,0.0000,1000,371,1000,1,993.2910
84890.0000,8489,2423.0140,0.0000,1000,367,1000,1,993.2918
84900.0000,8490,2423.0072,0.0000,1000,366,1000,1,993.2926
84910.0000,8491,2423.0005,0.0000,1000,366,1000,1,993.2934
84920.0000,8492,2422.9940,0.0000,1000,368,1000,1,993.2942
84930.0000,8493,2422.9872,0.0000,1000,364,1000,1,993.2949
84940.0000,8494,2422.9796,0.0000,1000,352,1000,1,993.2957
84950.0000,8495,2422.9708,0.0000,1000,348,1000,1,993.2965
84960.0000,8496,2422.9616,0.0000,1000,346,1000,1,993.2973
84970.0000,8497,2422.9524,0.0000,1000,346,1000,1,993.2981
84980.0000,8498,2422.9430,0.0000,1000,339,1000,1,993.2989
84990.0000,8499,2422.9335,0.0000,1000,347,1000,1,993.2997
85000.0000,8500,2422.9243,0.0000,1000,347,1000,1,993.3005
85010.0000,8501,2422.9147,0.0000,1000,338,1000,1,993.3013
85020.0000,8502,2422.9039,0.0000,1000,327,1000,1,993.3020
85030.0000,8503,2422.8925,0.0000,1000,328,1000,1,993.3028
85040.0000,8504,2422.8811,0.0000,1000,323,1000,1,993.3036
85050.0000,8505,2422.8694,0.0000,1000,323,1000,1,993.3044
85060.0000,8506,2422.8578,0.0000,1000,321,1000,1,993.3052
85070.0000,8507,2422.8458,0.0000,1000,319,1000,1,993.3060
85080.0000,8508,2422.8336,0.0000,1000,317,1000,1,993.3068
85090.0000,8509,2422.8211,0.0000,1000,316,1000,1,993.3076
85100.0000,8510,2422.8086,0.0000,1000,318,1000,1,993.3083
85110.0000,8511,2422.7955,0.0000,1000,309,1000,1,993.3091
85120.0000,8512,2422.7823,0.0000,1000,310,1000,1,993.3099
85130.0000,8513,2422.7688,0.0000,1000,305,1000,1,993.3107
85140.0000,8514,2422.7550,0.0000,1000,304,1000,1,993.3115
85150.0000,8515,2422.7406,0.0000,1000,298,1000,1,993.3123
85160.0000,8516,2422.7257,0.0000,1000,298,1000,1,993.3131
85170.0000,8517,2422.7110,0.0000,1000,298,1000,1,993.3138
85180.0000,8518,2422.6962,0.0000,1000,298,1000,1,993.3146
85190.0000,8519,2422.6815,0.0000,1000,294,1000,1,993.3154
85200.0000,8520,2422.6661,0.0000,1000,292,1000,1,993.3162
85210.0000,8521,2422.6510,0.0000,1000,292,1000,1,993.3170
85220.0000,8522,2422.6362,0.0000,1000,296,1000,1,993.3178
85230.0000,8523,2422.6214,0.0000,1000,296,1000,1,993.3185
85240.0000,8524,2422.6063,0.0000,1000,292,1000,1,993.3193
85250.0000,8525,2422.5909,0.0000,1000,289,1000,1,993.3201
85260.0000,8526,2422.5751,0.0000,1000,284,1000,1,993.3209
85270.0000,8527,2422.5583,0.0000,1000,276,1000,1,993.3217
85280.0000,8528,2422.5414,0.0000,1000,280,1000,1,993.3225
85290.0000,8529,2422.5242,0.0000,1000,276,1000,1,993.3232
85300.0000,8530,2422.5074,0.0000,1000,281,1000,1,993.3240
85310.0000,8531,2422.4909,0.0000,1000,282,1000,1,993.3248
85320.0000,8532,2422.4743,0.0000,1000,280,1000,1,993.3256
85330.0000,8533,2422.4574,0.0000,1000,278,1000,1,993.3264
85340.0000,8534,2422.4401,0.0000,1000,271,1000,1,993.3272
85350.0000,8535,2422.4217,0.0000,1000,262,1000,1,993.3279
85360.0000,8536,2422.4034,0.0000,1000,268,1000,1,993.3287
85370.0000,8537,2422.3854,0.0000,1000,272,1000,1,993.3295
85380.0000,8538,2422.3678,0.0000,1000,273,1000,1,993.3303
85390.0000,8539,2422.3504,0.0000,1000,270,1000,1,993.3311
85400.0000,8540,2422.3320,0.0000,1000,263,1000,1,993.3318
85410.0000,8541,2422.3134,0.0000,1000,263,1000,1,993.3326
85420.0000,8542,2422.2945,0.0000,1000,260,1000,1,993.3334
85430.0000,8543,2422.2759,0.0000,1000,261,1000,1,993.3342
85440.0000,8544,2422.2569,0.0000,1000,258,1000,1,993.3350
85450.0000,8545,2422.2376,0.0000,1000,256,1000,1,993.3358
85460.0000,8546,2422.2176,0.0000,1000,242,1000,1,993.3365
85470.0000,8547,2422.1964,0.0000,1000,239,1000,1,993.3373
85480.0000,8548,2422.1747,0.0000,1000,228,1000,1,993.3381
85490.0000,8549,2422.1521,0.0000,1000,228,1000,1,993.3389
85500.0000,8550,2422.1293,0.0000,1000,226,1000,1,993.3396
85510.0000,8551,2422.1065,0.0000,1000,227,1000,1,993.3404
85520.0000,8552,2422.0837,0.0000,1000,221,1000,1,993.3412
85530.0000,8553,2422.0601,0.0000,1000,224,1000,1,993.3420
85540.0000,8554,2422.0365,0.0000,1000,220,1000,1,993.3428
85550.0000,8555,2422.0128,0.0000,1000,218,1000,1,993.3435
85560.0000,8556,2421.9890,0.0000,1000,220,1000,1,993.3443
85570.0000,8557,2421.9650,0.0000,1000,210,1000,1,993.3451
85580.0000,8558,2421.9404,0.0000,1000,213,1000,1,993.3459
85590.0000,8559,2421.9157,0.0000,1000,208,1000,1,993.3467
85600.0000,8560,2421.8905,0.0000,1000,207,1000,1,993.3474
85610.0000,8561,2421.8654,0.0000,1000,204,1000,1,993.3482
85620.0000,8562,2421.8400,0.0000,1000,205,1000,1,993.3490
85630.0000,8563,2421.8148,0.0000,1000,208,1000,1,993.3498
85640.0000,8564,2421.7898,0.0000,1000,205,1000,1,993.3505
85650.0000,8565,2421.7646,0.0000,1000,213,1000,1,993.3513
85660.0000,8566,2421.7404,0.0000,1000,210,1000,1,993.3521
85670.0000,8567,2421.7155,0.0000,1000,207,1000,1,993.3529
85680.0000,8568,2421.6899,0.0000,1000,203,1000,1,993.3536
85690.0000,8569,2421.6646,0.0000,1000,205,1000,1,993.3544
85700.0000,8570,2421.6391,0.0000,1000,204,1000,1,993.3552
85710.0000,8571,2421.6133,0.0000,1000,200,1000,1,993.3560
85720.0000,8572,2421.5876,0.0000,1000,202,1000,1,993.3567
85730.0000,8573,2421.5619,0.0000,1000,196,1000,1,993.3575
85740.0000,8574,2421.5355,0.0000,1000,193,1000,1,993.3583
85750.0000,8575,2421.5086,0.0000,1000,188,1000,1,993.3591
85760.0000,8576,2421.4812,0.0000,1000,190,1000,1,993.3598
85770.0000,8577,2421.4546,0.0000,1000,196,1000,1,993.3606
85780.0000,8578,2421.4283,0.0000,1000,197,1000,1,993.3614
85790.0000,8579,2421.4019,0.0000,1000,191,1000,1,993.3622
85800.0000,8580,2421.3748,0.0000,1000,183,1000,1,993.3629
85810.0000,8581,2421.3467,0.0000,1000,180,1000,1,993.3637
85820.0000,8582,2421.3188,0.0000,1000,181,1000,1,993.3645
85830.0000,8583,2421.2903,0.0000,1000,177,1000,1,993.3653
85840.0000,8584,2421.2617,0.0000,1000,173,1000,1,993.3660
85850.0000,8585,2421.2326,0.0000,1000,167,1000,1,993.3668
85860.0000,8586,2421.2028,0.0000,1000,164,1000,1,993.3676
85870.0000,8587,2421.1727,0.0000,1000,161,1000,1,993.3683
85880.0000,8588,2421.1420,0.0000,1000,160,1000,1,993.3691
85890.0000,8589,2421.1116,0.0000,1000,161,1000,1,993.3699
85900.0000,8590,2421.0815,0.0000,1000,162,1000,1,993.3707
85910.0000,8591,2421.0512,0.0000,1000,160,1000,1,993.3714
85920.0000,8592,2421.0213,0.0000,1000,164,1000,1,993.3722
85930.0000,8593,2420.9910,0.0000,1000,160,1000,1,993.3730
85940.0000,8594,2420.9611,0.0000,1000,170,1000,1,993.3737
85950.0000,8595,2420.9319,0.0000,1000,172,1000,1,993.3745
85960.0000,8596,2420.9028,0.0000,1000,168,1000,1,993.3753
85970.0000,8597,2420.8731,0.0000,1000,165,1000,1,993.3761
85980.0000,8598,2420.8434,0.0000,1000,171,1000,1,993.3768
85990.0000,8599,2420.8145,0.0000,1000,170,1000,1,993.3776
86000.0000,8600,2420.7854,0.0000,1000,171,1000,1,993.3784
86010.0000,8601,2420.7564,0.0000,1000,173,1000,1,993.3791
86020.0000,8602,2420.7274,0.0000,1000,173,1000,1,993.3799
86030.0000,8603,2420.6986,0.0000,1000,173,1000,1,993.3807
86040.0000,8604,2420.6704,0.0000,1000,180,1000,1,993.3815
86050.0000,8605,2420.6427,0.0000,1000,176,1000,1,993.3822
86060.0000,8606,2420.6143,0.0000,1000,175,1000,1,993.3830
86070.0000,8607,2420.5860,0.0000,1000,179,1000,1,993.3838
86080.0000,8608,2420.5574,0.0000,1000,174,1000,1,993.3845
86090.0000,8609,2420.5286,0.0000,1000,171,1000,1,993.3853
86100.0000,8610,2420.4996,0.0000,1000,170,1000,1,993.3861
86110.0000,8611,2420.4704,0.0000,1000,167,1000,1,993.3868
86120.0000,8612,2420.4407,0.0000,1000,163,1000,1,993.3876
86130.0000,8613,2420.4109,0.0000,1000,165,1000,1,993.3884
86140.0000,8614,2420.3812,0.0000,1000,164,1000,1,993.3891
86150.0000,8615,2420.3514,0.0000,1000,163,1000,1,993.3899
86160.0000,8616,2420.3215,0.0000,1000,163,1000,1,993.3907
86170.0000,8617,2420.2915,0.0000,1000,162,1000,1,993.3914
86180.0000,8618,2420.2617,0.0000,1000,164,1000,1,993.3922
86190.0000,8619,2420.2319,0.0000,1000,164,1000,1,993.3930
86200.0000,8620,2420.2022,0.0000,1000,163,1000,1,993.3937
86210.0000,8621,2420.1719,0.0000,1000,160,1000,1,993.3945
86220.0000,8622,2420.1415,0.0000,1000,156,1000,1,993.3953
86230.0000,8623,2420.1109,0.0000,1000,156,1000,1,993.3960
86240.0000,8624,2420.0802,0.0000,1000,156,1000,1,993.3968
86250.0000,8625,2420.0497,0.0000,1000,155,1000,1,993.3976
86260.0000,8626,2420.0186,0.0000,1000,151,1000,1,993.3983
86270.0000,8627,2419.9872,0.0000,1000,147,1000,1,993.3991
86280.0000,8628,2419.9551,0.0000,1000,140,1000,1,993.3999
86290.0000,8629,2419.9230,0.0000,1000,144,1000,1,993.4006
86300.0000,8630,2419.8914,0.0000,1000,149,1000,1,993.4014
86310.0000,8631,2419.8599,0.0000,1000,147,1000,1,993.4022
86320.0000,8632,2419.8278,0.0000,1000,139,1000,1,993.4029
86330.0000,8633,2419.7952,0.0000,1000,140,1000,1,993.4037
86340.0000,8634,2419.7630,0.0000,1000,143,1000,1,993.4044
86350.0000,8635,2419.7309,0.0000,1000,141,1000,1,993.4052
86360.0000,8636,2419.6985,0.0000,1000,138,1000,1,993.4060
86370.0000,8637,2419.6657,0.0000,1000,136,1000,1,993.4067
86380.0000,8638,2419.6326,0.0000,1000,131,1000,1,993.4075
86390.0000,8639,2419.5992,0.0000,1000,126,1000,1,993.4083
86400.0000,8640,2419.5653,0.0000,1000,128,1000,1,993.4090
86410.0000,8641,2419.5315,0.0000,1000,128,1000,1,993.4098
