timestamp,sample_idx,system_occupancy,avg_wait_error,q0_len,q1_len,q2_len,server_busy,little_error
10.0000,1,6.5884,0.0000,3,4,5,1,1.6812
20.0000,2,13.2070,0.0000,4,14,10,1,4.6901
30.0000,3,21.5478,0.0000,14,21,8,1,8.1910
40.0000,4,28.6840,0.0000,18,23,16,1,8.0828
50.0000,5,35.0343,0.0000,28,23,15,1,7.8702
60.0000,6,40.5261,0.0000,25,22,22,1,7.7598
70.0000,7,45.0018,0.0000,28,24,25,1,8.0554
80.0000,8,50.4689,0.0000,34,29,32,1,9.1054
90.0000,9,55.6904,0.0000,39,29,36,1,11.1770
100.0000,10,61.4832,0.0000,37,34,50,1,10.9691
110.0000,11,67.5502,0.0000,42,37,56,1,13.8083
120.0000,12,73.3294,0.0000,42,41,57,1,13.8781
130.0000,13,79.1845,0.0000,50,44,66,1,15.6302
140.0000,14,85.2829,0.0000,56,47,69,1,18.4648
150.0000,15,91.7104,0.0000,64,52,81,1,19.7375
160.0000,16,98.4072,0.0000,62,56,79,1,21.0915
170.0000,17,104.6935,0.0000,71,61,85,1,23.1878
180.0000,18,111.1930,0.0000,74,70,85,1,24.1970
190.0000,19,117.6459,0.0000,75,68,93,1,25.6041
200.0000,20,124.1165,0.0000,85,77,96,1,26.9863
210.0000,21,130.7740,0.0000,96,87,93,1,26.1010
220.0000,22,137.6201,0.0000,96,91,100,1,26.7009
230.0000,23,144.7573,0.0000,102,101,111,1,29.6002
240.0000,24,152.2297,0.0000,108,107,117,1,31.5535
250.0000,25,159.9548,0.0000,116,118,123,1,34.0714
260.0000,26,167.9787,0.0000,125,126,132,1,34.9640
270.0000,27,176.1242,0.0000,127,130,134,1,36.4593
280.0000,28,183.8799,0.0000,129,135,131,1,36.1071
290.0000,29,191.5050,0.0000,135,141,135,1,36.8350
300.0000,30,199.0246,0.0000,135,142,141,1,38.6720
310.0000,31,206.2849,0.0000,142,150,142,1,40.6845
320.0000,32,213.4549,0.0000,143,152,142,1,41.9681
330.0000,33,220.6446,0.0000,150,158,154,1,44.8293
340.0000,34,227.8497,0.0000,154,161,156,1,46.5735
350.0000,35,234.9205,0.0000,158,163,162,1,46.6292
360.0000,36,241.9799,0.0000,163,172,163,1,48.3614
370.0000,37,249.1482,0.0000,167,180,171,1,50.1648
380.0000,38,256.4120,0.0000,173,185,178,1,52.5345
390.0000,39,263.7262,0.0000,180,190,182,1,53.8178
400.0000,40,271.0895,0.0000,185,194,185,1,55.6027
410.0000,41,278.5410,0.0000,192,196,195,1,55.6859
420.0000,42,285.9790,0.0000,202,196,200,1,57.3948
430.0000,43,293.3914,0.0000,199,202,202,1,58.0315
440.0000,44,300.5449,0.0000,203,203,206,1,59.6762
450.0000,45,307.7025,0.0000,211,208,211,1,61.2634
460.0000,46,314.8152,0.0000,212,216,214,1,64.0212
470.0000,47,321.7984,0.0000,214,218,218,1,63.8170
480.0000,48,328.8504,0.0000,212,229,230,1,67.1414
490.0000,49,335.9572,0.0000,219,234,230,1,67.7123
500.0000,50,343.0262,0.0000,222,238,232,1,69.3068
510.0000,51,349.8895,0.0000,231,236,229,1,69.1130
520.0000,52,356.7566,0.0000,236,241,237,1,71.7040
530.0000,53,363.6295,0.0000,241,250,242,1,72.7084
540.0000,54,370.6507,0.0000,247,258,249,1,74.3505
550.0000,55,377.7530,0.0000,247,267,255,1,76.6458
560.0000,56,384.9012,0.0000,252,274,259,1,79.5499
570.0000,57,391.9791,0.0000,260,272,263,1,79.4815
580.0000,58,399.0936,0.0000,265,278,271,1,81.2999
590.0000,59,406.1287,0.0000,266,283,272,1,82.6795
600.0000,60,413.1308,0.0000,266,287,280,1,82.8958
610.0000,61,420.2315,0.0000,273,295,284,1,84.9432
620.0000,62,427.3378,0.0000,274,305,291,1,85.5121
630.0000,63,434.4739,0.0000,279,309,295,1,86.7542
640.0000,64,441.5363,0.0000,276,312,297,1,89.0545
650.0000,65,448.4284,0.0000,276,317,303,1,90.7711
660.0000,66,455.2764,0.0000,279,320,305,1,91.8735
670.0000,67,462.0767,0.0000,285,323,312,1,93.6304
680.0000,68,468.9913,0.0000,299,328,317,1,95.2079
690.0000,69,475.9144,0.0000,307,331,318,1,96.2429
700.0000,70,482.7659,0.0000,302,335,321,1,99.0296
710.0000,71,489.4861,0.0000,302,337,319,1,98.8597
720.0000,72,496.0856,0.0000,308,339,324,1,100.4222
730.0000,73,502.7249,0.0000,320,343,328,1,101.3914
740.0000,74,509.4177,0.0000,322,350,331,1,102.9676
750.0000,75,516.0907,0.0000,323,355,340,1,104.5556
760.0000,76,522.7750,0.0000,329,363,344,1,106.1528
770.0000,77,529.6242,0.0000,336,369,349,1,107.2165
780.0000,78,536.4335,0.0000,336,375,350,1,110.0391
790.0000,79,543.1529,0.0000,341,381,353,1,112.8446
800.0000,80,549.8738,0.0000,345,383,362,1,113.2697
810.0000,81,556.6239,0.0000,346,393,369,1,116.0752
820.0000,82,563.4133,0.0000,350,396,372,1,115.9781
830.0000,83,570.2441,0.0000,361,408,379,1,117.6780
840.0000,84,577.2678,0.0000,365,419,386,1,120.6237
850.0000,85,584.3090,0.0000,374,421,389,1,121.2262
860.0000,86,591.3145,0.0000,374,425,391,1,121.8265
870.0000,87,598.2218,0.0000,377,426,396,1,122.9784
880.0000,88,605.1864,0.0000,385,433,405,1,124.1269
890.0000,89,612.2623,0.0000,398,435,410,1,125.8704
900.0000,90,619.4088,0.0000,405,447,415,1,127.6126
910.0000,91,626.6554,0.0000,416,451,420,1,129.9797
920.0000,92,633.8903,0.0000,421,456,422,1,132.9069
930.0000,93,641.1383,0.0000,426,462,427,1,135.8296
940.0000,94,648.3341,0.0000,429,467,433,1,135.7781
950.0000,95,655.5808,0.0000,433,465,442,1,136.3009
960.0000,96,662.7863,0.0000,439,474,444,1,137.9746
970.0000,97,669.9992,0.0000,438,485,449,1,140.8987
980.0000,98,677.2428,0.0000,443,494,452,1,141.5150
990.0000,99,684.5241,0.0000,448,497,460,1,143.9209
1000.0000,100,691.8243,0.0000,455,503,464,1,146.8903
1010.0000,101,699.1264,0.0000,463,506,466,1,148.6623
1020.0000,102,706.4320,0.0000,464,512,472,1,151.0101
1030.0000,103,713.7213,0.0000,470,517,474,1,153.3603
1040.0000,104,720.9561,0.0000,466,530,474,1,156.9138
1050.0000,105,728.2142,0.0000,475,540,478,1,156.9628
1060.0000,106,735.5129,0.0000,477,545,483,1,157.0383
1070.0000,107,742.7738,0.0000,478,556,483,1,160.1412
1080.0000,108,750.0155,0.0000,488,559,488,1,162.0495
1090.0000,109,757.3254,0.0000,496,565,498,1,165.1384
1100.0000,110,764.6681,0.0000,503,574,497,1,168.8083
1110.0000,111,771.9942,0.0000,505,573,503,1,168.8844
1120.0000,112,779.2433,0.0000,509,571,504,1,166.5759
1130.0000,113,786.4012,0.0000,511,577,505,1,170.1719
1140.0000,114,793.5757,0.0000,523,581,510,1,171.9963
1150.0000,115,800.7370,0.0000,525,581,515,1,170.8368
1160.0000,116,807.8330,0.0000,531,580,520,1,172.0128
1170.0000,117,814.8823,0.0000,540,573,524,1,170.7652
1180.0000,118,821.9206,0.0000,544,576,529,1,173.0104
1190.0000,119,828.9418,0.0000,549,582,535,1,175.8393
1200.0000,120,835.9852,0.0000,553,586,539,1,178.0566
1210.0000,121,842.9879,0.0000,556,590,545,1,179.0743
1220.0000,122,849.9828,0.0000,558,594,549,1,181.2802
1230.0000,123,856.9776,0.0000,566,599,554,1,182.2849
1240.0000,124,863.9886,0.0000,569,604,558,1,184.4877
1250.0000,125,870.9662,0.0000,570,614,559,1,186.7023
1260.0000,126,877.9922,0.0000,581,624,561,1,188.3706
1270.0000,127,884.9936,0.0000,584,628,565,1,188.8747
1280.0000,128,892.0131,0.0000,591,632,569,1,190.5547
1290.0000,129,899.0214,0.0000,596,638,571,1,191.6543
1300.0000,130,906.0064,0.0000,599,641,573,1,192.7468
1310.0000,131,913.0007,0.0000,607,647,577,1,195.0062
1320.0000,132,920.0142,0.0000,612,647,586,1,194.8860
1330.0000,133,927.0291,0.0000,618,653,590,1,195.3552
1340.0000,134,934.0243,0.0000,625,654,592,1,197.0023
1350.0000,135,941.0330,0.0000,634,657,601,1,197.4464
1360.0000,136,948.0708,0.0000,632,667,600,1,199.1000
1370.0000,137,955.0761,0.0000,640,671,609,1,199.5734
1380.0000,138,962.1538,0.0000,650,685,610,1,203.0324
1390.0000,139,969.2734,0.0000,650,693,613,1,205.9396
1400.0000,140,976.3786,0.0000,654,699,618,1,208.8493
1410.0000,141,983.4568,0.0000,659,700,620,1,209.9618
1420.0000,142,990.5247,0.0000,668,702,625,1,211.6440
1430.0000,143,997.6079,0.0000,672,706,631,1,211.5431
1440.0000,144,1004.6776,0.0000,677,708,632,1,212.6248
1450.0000,145,1011.6823,0.0000,677,712,637,1,213.1037
1460.0000,146,1018.6847,0.0000,679,715,643,1,213.0001
1470.0000,147,1025.6864,0.0000,684,721,649,1,215.2661
1480.0000,148,1032.6797,0.0000,690,729,653,1,217.5297
1490.0000,149,1039.7397,0.0000,698,737,659,1,220.3958
1500.0000,150,1046.8246,0.0000,701,740,665,1,220.8898
1510.0000,151,1053.9068,0.0000,709,743,670,1,221.3833
1520.0000,152,1060.9761,0.0000,712,744,675,1,222.4482
1530.0000,153,1068.0107,0.0000,718,749,679,1,224.6792
1540.0000,154,1075.0658,0.0000,727,759,682,1,225.1295
1550.0000,155,1082.1804,0.0000,735,764,688,1,226.2095
1560.0000,156,1089.3669,0.0000,746,774,696,1,228.4875
1570.0000,157,1096.5677,0.0000,746,779,696,1,229.0046
1580.0000,158,1103.7201,0.0000,750,783,698,1,230.7172
1590.0000,159,1110.8897,0.0000,755,792,703,1,231.8601
1600.0000,160,1118.0466,0.0000,760,799,706,1,233.6012
1610.0000,161,1125.1914,0.0000,762,798,710,1,233.5713
1620.0000,162,1132.2737,0.0000,767,798,708,1,235.2930
1630.0000,163,1139.3304,0.0000,771,801,718,1,237.5796
1640.0000,164,1146.4261,0.0000,779,804,728,1,239.8528
1650.0000,165,1153.5303,0.0000,785,807,735,1,242.1012
1660.0000,166,1160.6136,0.0000,784,809,740,1,243.7266
1670.0000,167,1167.6527,0.0000,783,809,746,1,245.9334
1680.0000,168,1174.6274,0.0000,783,810,744,1,246.3360
1690.0000,169,1181.5363,0.0000,786,814,749,1,247.3339
1700.0000,170,1188.4687,0.0000,795,815,757,1,248.3284
1710.0000,171,1195.3855,0.0000,799,817,762,1,249.3050
1720.0000,172,1202.3044,0.0000,807,818,764,1,250.2640
1730.0000,173,1209.1757,0.0000,803,823,764,1,251.2248
1740.0000,174,1215.9911,0.0000,804,826,771,1,252.7608
1750.0000,175,1222.7734,0.0000,807,830,771,1,253.7192
1760.0000,176,1229.5675,0.0000,807,841,781,1,255.8493
1770.0000,177,1236.4117,0.0000,813,854,786,1,257.4376
1780.0000,178,1243.2727,0.0000,814,856,788,1,256.7162
1790.0000,179,1250.1064,0.0000,815,860,793,1,257.1689
1800.0000,180,1256.9142,0.0000,824,864,798,1,258.7791
1810.0000,181,1263.7255,0.0000,824,866,802,1,259.2235
1820.0000,182,1270.5152,0.0000,833,871,806,1,259.0808
1830.0000,183,1277.3201,0.0000,844,870,810,1,260.6755
1840.0000,184,1284.1334,0.0000,849,874,816,1,262.8278
1850.0000,185,1290.9591,0.0000,854,874,824,1,264.3835
1860.0000,186,1297.7647,0.0000,857,879,826,1,265.9241
1870.0000,187,1304.5389,0.0000,859,881,831,1,265.7056
1880.0000,188,1311.3010,0.0000,866,883,830,1,266.6595
1890.0000,189,1318.0250,0.0000,868,888,831,1,268.1877
1900.0000,190,1324.7386,0.0000,873,897,835,1,270.8877
1910.0000,191,1331.4819,0.0000,881,902,834,1,271.8582
1920.0000,192,1338.2342,0.0000,892,909,840,1,272.2581
1930.0000,193,1344.9997,0.0000,896,909,843,1,272.6515
1940.0000,194,1351.7369,0.0000,898,913,843,1,274.2019
1950.0000,195,1358.4634,0.0000,902,923,848,1,276.3421
1960.0000,196,1365.1996,0.0000,904,924,853,1,277.8963
1970.0000,197,1371.9061,0.0000,907,933,852,1,278.8671
1980.0000,198,1378.6079,0.0000,907,935,867,1,279.2595
1990.0000,199,1385.3450,0.0000,913,942,870,1,281.9845
2000.0000,200,1392.0643,0.0000,922,943,873,1,283.5313
2010.0000,201,1398.8362,0.0000,933,943,884,1,283.8827
2020.0000,202,1405.6074,0.0000,935,950,892,1,284.8085
2030.0000,203,1412.4037,0.0000,940,957,896,1,285.1694
2040.0000,204,1419.2388,0.0000,945,967,903,1,284.9775
2050.0000,205,1426.0859,0.0000,949,974,911,1,288.3164
2060.0000,206,1432.9362,0.0000,953,977,913,1,289.8937
2070.0000,207,1439.7883,0.0000,957,982,920,1,290.8763
2080.0000,208,1446.6558,0.0000,962,984,928,1,291.8617
2090.0000,209,1453.5267,0.0000,968,990,930,1,292.8425
2100.0000,210,1460.3971,0.0000,970,994,938,1,295.5895
2110.0000,211,1467.2753,0.0000,977,1000,944,1,297.7463
2120.0000,212,1474.1623,0.0000,984,1000,947,1,299.8823
2130.0000,213,1481.0191,0.0000,985,1000,951,1,301.4019
2140.0000,214,1487.8382,0.0000,990,1000,955,1,302.3140
2150.0000,215,1494.6454,0.0000,996,998,961,1,303.7890
2160.0000,216,1501.4216,0.0000,999,1000,965,1,306.4234
2170.0000,217,1508.1661,0.0000,999,1000,968,1,307.8496
2180.0000,218,1514.8633,0.0000,996,999,970,1,310.4313
2190.0000,219,1521.4925,0.0000,999,999,976,1,312.9839
2200.0000,220,1528.1141,0.0000,1000,997,979,1,311.9557
2210.0000,221,1534.6812,0.0000,1000,1000,990,1,312.6896
2220.0000,222,1541.2379,0.0000,1000,998,993,1,312.8200
2230.0000,223,1547.7673,0.0000,1000,1000,1000,1,315.9011
2240.0000,224,1554.2466,0.0000,1000,1000,1000,1,317.1701
2250.0000,225,1560.6679,0.0000,998,1000,1000,1,319.6101
2260.0000,226,1567.0339,0.0000,999,1000,1000,1,322.6206
2270.0000,227,1573.3433,0.0000,1000,999,1000,1,323.8145
2280.0000,228,1579.5833,0.0000,999,998,997,1,323.7970
2290.0000,229,1585.7739,0.0000,1000,999,999,1,324.3697
2300.0000,230,1591.9144,0.0000,1000,1000,1000,1,326.1189
2310.0000,231,1597.9991,0.0000,1000,999,1000,1,326.0636
2320.0000,232,1604.0268,0.0000,998,1000,998,1,325.9964
2330.0000,233,1609.9905,0.0000,995,1000,995,1,328.8891
2340.0000,234,1615.9044,0.0000,1000,1000,1000,1,329.9751
2350.0000,235,1621.7928,0.0000,1000,1000,1000,1,332.8263
2360.0000,236,1627.6302,0.0000,1000,1000,1000,1,333.8700
2370.0000,237,1633.4035,0.0000,998,996,1000,1,333.1085
2380.0000,238,1639.1227,0.0000,1000,996,1000,1,331.7314
2390.0000,239,1644.8108,0.0000,1000,1000,1000,1,333.9300
2400.0000,240,1650.4547,0.0000,999,998,1000,1,334.9171
2410.0000,241,1656.0432,0.0000,1000,996,1000,1,334.6874
2420.0000,242,1661.5918,0.0000,998,999,999,1,333.8588
2430.0000,243,1667.0930,0.0000,1000,999,998,1,334.2106
2440.0000,244,1672.5522,0.0000,1000,999,1000,1,335.7421
2450.0000,245,1677.9603,0.0000,1000,1000,999,1,336.0592
2460.0000,246,1683.3237,0.0000,997,1000,999,1,337.5634
2470.0000,247,1688.6415,0.0000,999,1000,1000,1,339.0522
2480.0000,248,1693.9223,0.0000,999,1000,999,1,339.9271
2490.0000,249,1699.1630,0.0000,1000,1000,1000,1,339.5937
2500.0000,250,1704.3615,0.0000,1000,1000,999,1,342.2353
2510.0000,251,1709.5188,0.0000,999,1000,1000,1,343.0644
2520.0000,252,1714.6340,0.0000,1000,1000,999,1,343.2843
2530.0000,253,1719.7079,0.0000,1000,1000,999,1,342.3035
2540.0000,254,1724.7457,0.0000,1000,1000,1000,1,344.2965
2550.0000,255,1729.7380,0.0000,998,999,998,1,344.4829
2560.0000,256,1734.6874,0.0000,1000,998,1000,1,342.2827
2570.0000,257,1739.6038,0.0000,1000,996,997,1,341.8633
2580.0000,258,1744.4640,0.0000,1000,995,1000,1,342.3369
2590.0000,259,1749.2816,0.0000,997,998,1000,1,340.7117
2600.0000,260,1754.0779,0.0000,997,998,1000,1,342.0442
2610.0000,261,1758.8400,0.0000,1000,1000,999,1,343.3694
2620.0000,262,1763.5742,0.0000,1000,1000,1000,1,345.2780
2630.0000,263,1768.2714,0.0000,999,998,1000,1,345.9786
2640.0000,264,1772.9192,0.0000,999,1000,998,1,346.6679
2650.0000,265,1777.5449,0.0000,998,999,999,1,346.7549
2660.0000,266,1782.1330,0.0000,1000,999,1000,1,347.4236
2670.0000,267,1786.6885,0.0000,1000,1000,1000,1,348.0805
2680.0000,268,1791.2137,0.0000,1000,999,1000,1,348.7277
2690.0000,269,1795.6993,0.0000,998,1000,1000,1,347.5748
2700.0000,270,1800.1503,0.0000,997,1000,1000,1,346.4171
2710.0000,271,1804.5723,0.0000,999,999,1000,1,346.4431
2720.0000,272,1808.9559,0.0000,1000,996,999,1,348.8457
2730.0000,273,1813.3134,0.0000,1000,1000,999,1,350.0370
2740.0000,274,1817.6347,0.0000,996,999,996,1,349.4265
2750.0000,275,1821.9125,0.0000,997,996,1000,1,349.4026
2760.0000,276,1826.1572,0.0000,999,999,1000,1,348.7767
2770.0000,277,1830.3882,0.0000,998,1000,1000,1,349.3457
2780.0000,278,1834.5865,0.0000,999,996,1000,1,349.9034
2790.0000,279,1838.7529,0.0000,998,1000,998,1,348.6738
2800.0000,280,1842.8912,0.0000,1000,1000,999,1,349.8127
2810.0000,281,1846.9999,0.0000,1000,1000,999,1,349.1611
2820.0000,282,1851.0840,0.0000,998,1000,1000,1,349.7456
2830.0000,283,1855.1390,0.0000,1000,997,1000,1,350.2124
2840.0000,284,1859.1669,0.0000,999,1000,999,1,350.7216
2850.0000,285,1863.1645,0.0000,1000,1000,1000,1,351.8129
2860.0000,286,1867.1337,0.0000,1000,1000,1000,1,353.5469
2870.0000,287,1871.0753,0.0000,998,1000,1000,1,355.2076
2880.0000,288,1874.9916,0.0000,1000,999,997,1,356.8530
2890.0000,289,1878.8648,0.0000,998,1000,993,1,357.8919
2900.0000,290,1882.7072,0.0000,1000,999,997,1,357.1472
2910.0000,291,1886.5404,0.0000,1000,1000,1000,1,358.7619
2920.0000,292,1890.3516,0.0000,999,1000,1000,1,359.7755
2930.0000,293,1894.1353,0.0000,1000,998,999,1,360.1835
2940.0000,294,1897.8871,0.0000,1000,998,999,1,358.8108
2950.0000,295,1901.6181,0.0000,999,1000,1000,1,359.2140
2960.0000,296,1905.3237,0.0000,1000,1000,999,1,358.4292
2970.0000,297,1909.0009,0.0000,997,998,999,1,358.2321
2980.0000,298,1912.6470,0.0000,997,999,999,1,358.6177
2990.0000,299,1916.2724,0.0000,998,1000,999,1,358.4109
3000.0000,300,1919.8810,0.0000,999,1000,1000,1,359.3733
3010.0000,301,1923.4654,0.0000,1000,1000,998,1,359.1473
3020.0000,302,1927.0259,0.0000,1000,1000,1000,1,359.5031
3030.0000,303,1930.5625,0.0000,999,1000,1000,1,359.2631
3040.0000,304,1934.0780,0.0000,1000,1000,1000,1,356.6685
3050.0000,305,1937.5711,0.0000,1000,1000,999,1,357.0134
3060.0000,306,1941.0380,0.0000,999,998,999,1,356.7546
3070.0000,307,1944.4729,0.0000,1000,999,999,1,356.1042
3080.0000,308,1947.8913,0.0000,1000,998,999,1,355.2491
3090.0000,309,1951.2924,0.0000,1000,999,1000,1,355.3684
3100.0000,310,1954.6730,0.0000,1000,1000,999,1,355.8818
3110.0000,311,1958.0240,0.0000,999,999,1000,1,355.9861
3120.0000,312,1961.3504,0.0000,995,999,1000,1,356.4835
3130.0000,313,1964.6520,0.0000,997,1000,1000,1,357.3645
3140.0000,314,1967.9467,0.0000,1000,1000,1000,1,358.8238
3150.0000,315,1971.2222,0.0000,1000,1000,1000,1,360.2709
3160.0000,316,1974.4752,0.0000,1000,999,999,1,359.9383
3170.0000,317,1977.6990,0.0000,998,999,1000,1,359.0107
3180.0000,318,1980.9104,0.0000,997,1000,1000,1,360.4367
3190.0000,319,1984.0946,0.0000,1000,998,998,1,358.9046
3200.0000,320,1987.2579,0.0000,1000,998,1000,1,358.5506
3210.0000,321,1990.4075,0.0000,999,998,1000,1,357.6069
3220.0000,322,1993.5375,0.0000,1000,1000,998,1,356.6604
3230.0000,323,1996.6494,0.0000,1000,1000,1000,1,356.8866
3240.0000,324,1999.7447,0.0000,1000,1000,1000,1,358.2832
3250.0000,325,2002.8207,0.0000,1000,1000,1000,1,359.6678
3260.0000,326,2005.8741,0.0000,1000,1000,996,1,358.6814
3270.0000,327,2008.9031,0.0000,999,999,1000,1,360.0458
3280.0000,328,2011.9215,0.0000,1000,998,1000,1,359.6400
3290.0000,329,2014.9103,0.0000,1000,998,998,1,358.5626
3300.0000,330,2017.8820,0.0000,1000,997,1000,1,358.2245
3310.0000,331,2020.8395,0.0000,1000,1000,1000,1,357.8099
3320.0000,332,2023.7864,0.0000,999,999,1000,1,359.1566
3330.0000,333,2026.7144,0.0000,1000,998,1000,1,360.4937
3340.0000,334,2029.6223,0.0000,1000,1000,1000,1,360.0523
3350.0000,335,2032.5163,0.0000,999,1000,999,1,360.1930
3360.0000,336,2035.3928,0.0000,1000,1000,1000,1,362.0961
3370.0000,337,2038.2449,0.0000,1000,997,1000,1,363.3987
3380.0000,338,2041.0814,0.0000,999,1000,1000,1,364.1011
3390.0000,339,2043.9085,0.0000,1000,1000,999,1,364.7947
3400.0000,340,2046.7200,0.0000,1000,1000,1000,1,365.4811
3410.0000,341,2049.5087,0.0000,998,998,1000,1,366.7505
3420.0000,342,2052.2839,0.0000,999,1000,1000,1,367.4182
3430.0000,343,2055.0381,0.0000,999,1000,997,1,365.1222
3440.0000,344,2057.7772,0.0000,1000,998,1000,1,364.6001
3450.0000,345,2060.5050,0.0000,999,1000,1000,1,365.8510
3460.0000,346,2063.2153,0.0000,998,1000,999,1,366.5019
3470.0000,347,2065.9078,0.0000,1000,999,996,1,363.6003
3480.0000,348,2068.5767,0.0000,1000,1000,997,1,362.4694
3490.0000,349,2071.2374,0.0000,1000,1000,999,1,362.5218
3500.0000,350,2073.8878,0.0000,1000,1000,1000,1,363.1623
3510.0000,351,2076.5232,0.0000,1000,998,1000,1,363.2062
3520.0000,352,2079.1439,0.0000,1000,1000,1000,1,363.8354
3530.0000,353,2081.7506,0.0000,1000,1000,1000,1,363.2789
3540.0000,354,2084.3405,0.0000,1000,999,999,1,363.3081
3550.0000,355,2086.9104,0.0000,1000,1000,998,1,362.1509
3560.0000,356,2089.4655,0.0000,1000,1000,1000,1,361.5772
3570.0000,357,2092.0126,0.0000,999,1000,1000,1,359.8288
3580.0000,358,2094.5453,0.0000,1000,998,1000,1,361.0264
3590.0000,359,2097.0644,0.0000,1000,1000,1000,1,361.0367
3600.0000,360,2099.5699,0.0000,999,999,1000,1,361.6318
3610.0000,361,2102.0602,0.0000,1000,1000,1000,1,361.6296
3620.0000,362,2104.5353,0.0000,1000,997,1000,1,362.8020
3630.0000,363,2106.9993,0.0000,1000,1000,999,1,361.6047
3640.0000,364,2109.4486,0.0000,1000,998,1000,1,362.7688
3650.0000,365,2111.8838,0.0000,1000,1000,999,1,361.5624
3660.0000,366,2114.3055,0.0000,1000,1000,999,1,360.9408
3670.0000,367,2116.7160,0.0000,1000,1000,1000,1,362.0910
3680.0000,368,2119.1058,0.0000,998,1000,996,1,359.0935
3690.0000,369,2121.4799,0.0000,1000,996,999,1,359.6449
3700.0000,370,2123.8380,0.0000,1000,999,996,1,357.8302
3710.0000,371,2126.1886,0.0000,1000,1000,999,1,358.3719
3720.0000,372,2128.5290,0.0000,998,999,998,1,358.3237
3730.0000,373,2130.8540,0.0000,1000,996,1000,1,358.8644
3740.0000,374,2133.1648,0.0000,1000,997,1000,1,359.9906
3750.0000,375,2135.4712,0.0000,1000,999,1000,1,360.5195
3760.0000,376,2137.7672,0.0000,998,1000,1000,1,361.0410
3770.0000,377,2140.0471,0.0000,1000,998,999,1,361.5551
3780.0000,378,2142.3142,0.0000,1000,1000,998,1,359.6989
3790.0000,379,2144.5751,0.0000,1000,1000,1000,1,360.7981
3800.0000,380,2146.8224,0.0000,999,1000,998,1,360.1170
3810.0000,381,2149.0584,0.0000,1000,1000,1000,1,361.2050
3820.0000,382,2151.2848,0.0000,999,998,1000,1,360.5099
3830.0000,383,2153.4975,0.0000,1000,1000,1000,1,360.9957
3840.0000,384,2155.6980,0.0000,998,999,1000,1,362.0681
3850.0000,385,2157.8856,0.0000,1000,1000,1000,1,362.5414
3860.0000,386,2160.0638,0.0000,1000,1000,1000,1,363.0076
3870.0000,387,2162.2299,0.0000,1000,1000,999,1,361.1033
3880.0000,388,2164.3800,0.0000,1000,1000,1000,1,360.3854
3890.0000,389,2166.5233,0.0000,999,1000,999,1,360.2549
3900.0000,390,2168.6557,0.0000,1000,999,999,1,357.1653
3910.0000,391,2170.7747,0.0000,998,998,1000,1,357.6271
3920.0000,392,2172.8771,0.0000,999,998,1000,1,356.9042
3930.0000,393,2174.9771,0.0000,998,1000,998,1,356.1802
3940.0000,394,2177.0661,0.0000,998,1000,1000,1,356.0480
3950.0000,395,2179.1453,0.0000,1000,999,1000,1,354.7380
3960.0000,396,2181.2132,0.0000,1000,1000,997,1,353.4251
3970.0000,397,2183.2717,0.0000,999,1000,999,1,353.8742
3980.0000,398,2185.3164,0.0000,1000,999,1000,1,352.5549
3990.0000,399,2187.3537,0.0000,999,1000,1000,1,350.0591
4000.0000,400,2189.3793,0.0000,999,1000,997,1,346.9838
4010.0000,401,2191.3955,0.0000,1000,1000,997,1,346.2623
4020.0000,402,2193.3965,0.0000,999,999,998,1,346.1222
4030.0000,403,2195.3943,0.0000,999,999,1000,1,346.5698
4040.0000,404,2197.3698,0.0000,997,1000,995,1,342.3189
4050.0000,405,2199.3400,0.0000,998,1000,1000,1,343.9402
4060.0000,406,2201.3087,0.0000,1000,1000,1000,1,344.3875
4070.0000,407,2203.2674,0.0000,1000,999,1000,1,344.2448
4080.0000,408,2205.2117,0.0000,1000,1000,996,1,341.1730
4090.0000,409,2207.1474,0.0000,999,999,999,1,340.4432
4100.0000,410,2209.0783,0.0000,1000,1000,1000,1,339.1313
4110.0000,411,2211.0010,0.0000,999,1000,1000,1,338.4051
4120.0000,412,2212.9144,0.0000,1000,999,1000,1,338.2589
4130.0000,413,2214.8156,0.0000,1000,998,999,1,337.5260
4140.0000,414,2216.7101,0.0000,1000,1000,1000,1,337.9589
4150.0000,415,2218.5868,0.0000,1000,1000,998,1,336.0546
4160.0000,416,2220.4548,0.0000,999,999,996,1,335.6489
4170.0000,417,2222.3155,0.0000,999,998,1000,1,334.5801
4180.0000,418,2224.1731,0.0000,1000,1000,1000,1,335.5906
4190.0000,419,2226.0215,0.0000,999,999,999,1,336.0126
4200.0000,420,2227.8619,0.0000,1000,1000,1000,1,335.2644
4210.0000,421,2229.6926,0.0000,1000,1000,1000,1,335.6801
4220.0000,422,2231.5139,0.0000,1000,997,999,1,334.3405
4230.0000,423,2233.3268,0.0000,1000,1000,1000,1,334.7483
4240.0000,424,2235.1315,0.0000,1000,1000,1000,1,334.5665
4250.0000,425,2236.9236,0.0000,999,996,999,1,334.9644
4260.0000,426,2238.7090,0.0000,1000,1000,1000,1,334.7741
4270.0000,427,2240.4864,0.0000,1000,1000,999,1,334.5806
4280.0000,428,2242.2594,0.0000,1000,1000,999,1,334.9674
4290.0000,429,2244.0244,0.0000,1000,999,1000,1,335.1247
4300.0000,430,2245.7793,0.0000,999,998,999,1,336.0861
4310.0000,431,2247.5270,0.0000,999,1000,998,1,335.8742
4320.0000,432,2249.2621,0.0000,997,1000,1000,1,333.9056
4330.0000,433,2250.9937,0.0000,1000,1000,1000,1,334.2757
4340.0000,434,2252.7179,0.0000,1000,999,1000,1,334.0564
4350.0000,435,2254.4334,0.0000,999,1000,1000,1,333.8341
4360.0000,436,2256.1414,0.0000,1000,1000,1000,1,335.3618
4370.0000,437,2257.8424,0.0000,999,1000,1000,1,336.2972
4380.0000,438,2259.5289,0.0000,998,997,999,1,334.8866
4390.0000,439,2261.2104,0.0000,999,1000,1000,1,334.0590
4400.0000,440,2262.8857,0.0000,998,1000,1000,1,332.3787
4410.0000,441,2264.5542,0.0000,1000,1000,1000,1,332.1367
4420.0000,442,2266.2166,0.0000,1000,1000,1000,1,330.7205
4430.0000,443,2267.8649,0.0000,995,999,1000,1,331.6466
4440.0000,444,2269.5043,0.0000,1000,997,997,1,329.0501
4450.0000,445,2271.1383,0.0000,999,1000,1000,1,327.6296
4460.0000,446,2272.7717,0.0000,1000,1000,997,1,326.9374
4470.0000,447,2274.3951,0.0000,1000,1000,998,1,326.5466
4480.0000,448,2276.0073,0.0000,1000,999,998,1,326.5860
4490.0000,449,2277.6168,0.0000,1000,1000,1000,1,326.3351
4500.0000,450,2279.2175,0.0000,1000,999,1000,1,326.0798
4510.0000,451,2280.8128,0.0000,995,999,1000,1,326.7037
4520.0000,452,2282.3943,0.0000,997,1000,1000,1,326.4408
4530.0000,453,2283.9698,0.0000,1000,1000,998,1,324.4257
4540.0000,454,2285.5418,0.0000,997,998,1000,1,325.3289
4550.0000,455,2287.1098,0.0000,999,1000,1000,1,326.2280
4560.0000,456,2288.6703,0.0000,1000,999,1000,1,325.9553
4570.0000,457,2290.2243,0.0000,999,1000,1000,1,325.0977
4580.0000,458,2291.7703,0.0000,1000,1000,1000,1,325.9876
4590.0000,459,2293.3103,0.0000,1000,999,1000,1,325.7059
4600.0000,460,2294.8430,0.0000,1000,999,1000,1,325.4234
4610.0000,461,2296.3676,0.0000,1000,1000,1000,1,324.5532
4620.0000,462,2297.8885,0.0000,1000,1000,999,1,324.2650
4630.0000,463,2299.4024,0.0000,1000,1000,1000,1,323.3924
4640.0000,464,2300.9111,0.0000,1000,1000,1000,1,324.2670
4650.0000,465,2302.4126,0.0000,999,1000,1000,1,324.5554
4660.0000,466,2303.9064,0.0000,1000,996,1000,1,324.2570
4670.0000,467,2305.3889,0.0000,1000,999,1000,1,323.3753
4680.0000,468,2306.8706,0.0000,1000,998,999,1,320.7478
4690.0000,469,2308.3441,0.0000,999,1000,1000,1,321.0323
4700.0000,470,2309.8132,0.0000,999,999,1000,1,322.4769
4710.0000,471,2311.2771,0.0000,999,999,1000,1,323.3349
4720.0000,472,2312.7349,0.0000,1000,1000,999,1,323.6038
4730.0000,473,2314.1831,0.0000,1000,1000,996,1,319.2136
4740.0000,474,2315.6167,0.0000,999,999,993,1,316.5663
4750.0000,475,2317.0427,0.0000,998,1000,996,1,315.6655
4760.0000,476,2318.4738,0.0000,1000,1000,1000,1,316.5212
4770.0000,477,2319.8980,0.0000,998,1000,998,1,315.6308
4780.0000,478,2321.3173,0.0000,999,1000,1000,1,315.3175
4790.0000,479,2322.7317,0.0000,1000,999,1000,1,312.6778
4800.0000,480,2324.1383,0.0000,998,1000,1000,1,312.3668
4810.0000,481,2325.5413,0.0000,1000,1000,999,1,310.8890
4820.0000,482,2326.9379,0.0000,1000,999,1000,1,311.1545
4830.0000,483,2328.3300,0.0000,1000,1000,1000,1,311.4181
4840.0000,484,2329.7149,0.0000,999,1000,997,1,309.3491
4850.0000,485,2331.0855,0.0000,997,997,999,1,309.0246
4860.0000,486,2332.4548,0.0000,1000,999,1000,1,308.7002
4870.0000,487,2333.8208,0.0000,1000,998,997,1,307.2089
4880.0000,488,2335.1820,0.0000,1000,999,1000,1,307.4636
4890.0000,489,2336.5378,0.0000,1000,1000,999,1,306.5499
4900.0000,490,2337.8872,0.0000,1000,997,1000,1,305.0536
4910.0000,491,2339.2324,0.0000,1000,1000,1000,1,305.3055
4920.0000,492,2340.5726,0.0000,1000,998,1000,1,304.9696
4930.0000,493,2341.9090,0.0000,1000,1000,1000,1,306.3794
4940.0000,494,2343.2362,0.0000,996,1000,998,1,305.4522
4950.0000,495,2344.5583,0.0000,999,1000,1000,1,304.5244
4960.0000,496,2345.8764,0.0000,1000,999,1000,1,304.7613
4970.0000,497,2347.1884,0.0000,999,999,999,1,302.6658
4980.0000,498,2348.4928,0.0000,997,1000,999,1,301.7353
4990.0000,499,2349.7925,0.0000,1000,1000,1000,1,301.9707
5000.0000,500,2351.0887,0.0000,1000,999,1000,1,301.6203
5010.0000,501,2352.3793,0.0000,1000,997,1000,1,300.1020
5020.0000,502,2353.6621,0.0000,1000,1000,999,1,298.0052
5030.0000,503,2354.9451,0.0000,1000,1000,1000,1,298.8194
5040.0000,504,2356.2222,0.0000,997,1000,1000,1,300.2106
5050.0000,505,2357.4872,0.0000,996,1000,1000,1,296.9411
5060.0000,506,2358.7505,0.0000,1000,1000,999,1,294.4762
5070.0000,507,2360.0134,0.0000,999,1000,996,1,292.9625
5080.0000,508,2361.2667,0.0000,1000,999,998,1,293.1944
5090.0000,509,2362.5169,0.0000,1000,999,999,1,289.7329
5100.0000,510,2363.7642,0.0000,999,1000,1000,1,290.1777
5110.0000,511,2365.0084,0.0000,1000,1000,997,1,290.4061
5120.0000,512,2366.2409,0.0000,1000,1000,1000,1,290.0087
5130.0000,513,2367.4726,0.0000,998,1000,999,1,290.8136
5140.0000,514,2368.7001,0.0000,1000,999,1000,1,291.0341
5150.0000,515,2369.9229,0.0000,999,1000,1000,1,291.8327
5160.0000,516,2371.1422,0.0000,1000,1000,1000,1,293.2051
5170.0000,517,2372.3574,0.0000,1000,1000,1000,1,294.5722
5180.0000,518,2373.5680,0.0000,1000,1000,1000,1,295.9341
5190.0000,519,2374.7713,0.0000,1000,1000,996,1,296.7136
5200.0000,520,2375.9649,0.0000,1000,996,996,1,294.6018
5210.0000,521,2377.1578,0.0000,1000,1000,1000,1,294.8016
5220.0000,522,2378.3451,0.0000,999,1000,999,1,293.8483
5230.0000,523,2379.5225,0.0000,1000,1000,996,1,292.3215
5240.0000,524,2380.6991,0.0000,995,1000,998,1,293.6721
5250.0000,525,2381.8727,0.0000,1000,1000,1000,1,292.7275
5260.0000,526,2383.0442,0.0000,997,1000,999,1,293.5026
5270.0000,527,2384.2115,0.0000,999,1000,1000,1,293.1396
5280.0000,528,2385.3748,0.0000,1000,1000,1000,1,291.6433
5290.0000,529,2386.5356,0.0000,1000,1000,999,1,291.8477
5300.0000,530,2387.6898,0.0000,999,1000,1000,1,291.4837
5310.0000,531,2388.8398,0.0000,1000,1000,998,1,291.6864
5320.0000,532,2389.9853,0.0000,1000,998,999,1,290.7582
5330.0000,533,2391.1226,0.0000,1000,1000,998,1,289.8303
5340.0000,534,2392.2579,0.0000,998,999,999,1,289.4748
5350.0000,535,2393.3868,0.0000,999,999,1000,1,289.6826
5360.0000,536,2394.5149,0.0000,997,1000,999,1,289.8916
5370.0000,537,2395.6366,0.0000,1000,999,1000,1,286.7562
5380.0000,538,2396.7574,0.0000,1000,1000,999,1,285.8554
5390.0000,539,2397.8733,0.0000,999,1000,999,1,286.0688
5400.0000,540,2398.9820,0.0000,999,997,999,1,282.4088
5410.0000,541,2400.0845,0.0000,999,999,1000,1,282.0737
5420.0000,542,2401.1890,0.0000,1000,1000,1000,1,281.1925
5430.0000,543,2402.2908,0.0000,1000,998,1000,1,280.3150
5440.0000,544,2403.3869,0.0000,1000,1000,997,1,279.9903
5450.0000,545,2404.4761,0.0000,999,1000,998,1,280.2153
5460.0000,546,2405.5607,0.0000,998,999,999,1,280.4368
5470.0000,547,2406.6435,0.0000,1000,998,1000,1,280.6564
5480.0000,548,2407.7192,0.0000,1000,996,1000,1,278.6904
5490.0000,549,2408.7950,0.0000,998,999,1000,1,279.4591
5500.0000,550,2409.8640,0.0000,1000,999,998,1,279.1398
5510.0000,551,2410.9331,0.0000,1000,1000,1000,1,278.8198
5520.0000,552,2411.9971,0.0000,998,998,1000,1,276.3361
5530.0000,553,2413.0572,0.0000,999,999,999,1,276.5642
5540.0000,554,2414.1141,0.0000,1000,1000,1000,1,275.7139
5550.0000,555,2415.1648,0.0000,998,995,999,1,272.7115
5560.0000,556,2416.2059,0.0000,999,998,999,1,270.2621
5570.0000,557,2417.2522,0.0000,1000,999,1000,1,270.4993
5580.0000,558,2418.2943,0.0000,1000,1000,1000,1,269.7319
5590.0000,559,2419.3329,0.0000,1000,1000,1000,1,267.3019
5600.0000,560,2420.3682,0.0000,1000,999,1000,1,268.0791
5610.0000,561,2421.3967,0.0000,997,999,1000,1,267.7903
5620.0000,562,2422.4186,0.0000,999,997,999,1,267.5015
5630.0000,563,2423.4416,0.0000,998,1000,999,1,266.6844
5640.0000,564,2424.4600,0.0000,999,999,1000,1,265.8721
5650.0000,565,2425.4766,0.0000,999,999,1000,1,265.5913
5660.0000,566,2426.4907,0.0000,1000,1000,998,1,265.8347
5670.0000,567,2427.4995,0.0000,1000,999,1000,1,265.5514
5680.0000,568,2428.5050,0.0000,997,1000,1000,1,264.2148
5690.0000,569,2429.5036,0.0000,998,1000,1000,1,262.8824
5700.0000,570,2430.5026,0.0000,1000,997,999,1,262.6053
5710.0000,571,2431.4877,0.0000,998,997,1000,1,261.2936
5720.0000,572,2432.4790,0.0000,999,1000,1000,1,259.9909
5730.0000,573,2433.4667,0.0000,1000,1000,999,1,258.6923
5740.0000,574,2434.4509,0.0000,999,1000,998,1,258.4314
5750.0000,575,2435.4321,0.0000,997,999,1000,1,256.6241
5760.0000,576,2436.4096,0.0000,998,1000,999,1,255.8530
5770.0000,577,2437.3840,0.0000,1000,1000,1000,1,255.5992
5780.0000,578,2438.3548,0.0000,1000,1000,1000,1,255.2656
5790.0000,579,2439.3203,0.0000,997,999,1000,1,254.5008
5800.0000,580,2440.2805,0.0000,998,1000,1000,1,253.2337
5810.0000,581,2441.2399,0.0000,999,1000,1000,1,253.5008
5820.0000,582,2442.1981,0.0000,999,1000,996,1,254.7834
5830.0000,583,2443.1491,0.0000,997,1000,1000,1,255.5537
5840.0000,584,2444.0996,0.0000,1000,1000,999,1,255.8167
5850.0000,585,2445.0490,0.0000,1000,999,1000,1,256.5827
5860.0000,586,2445.9939,0.0000,1000,1000,998,1,256.8403
5870.0000,587,2446.9345,0.0000,999,998,998,1,256.0865
5880.0000,588,2447.8691,0.0000,999,1000,1000,1,255.8399
5890.0000,589,2448.8051,0.0000,1000,1000,1000,1,256.6012
5900.0000,590,2449.7377,0.0000,1000,1000,1000,1,256.3554
5910.0000,591,2450.6654,0.0000,1000,999,999,1,255.1042
5920.0000,592,2451.5907,0.0000,999,995,1000,1,252.3586
5930.0000,593,2452.5079,0.0000,1000,999,999,1,253.1167
5940.0000,594,2453.4272,0.0000,1000,999,1000,1,252.8773
5950.0000,595,2454.3440,0.0000,1000,998,1000,1,252.6360
5960.0000,596,2455.2574,0.0000,999,999,1000,1,252.8908
5970.0000,597,2456.1678,0.0000,998,999,999,1,252.6471
5980.0000,598,2457.0713,0.0000,1000,1000,997,1,251.9101
5990.0000,599,2457.9729,0.0000,1000,1000,999,1,252.6631
6000.0000,600,2458.8722,0.0000,999,999,1000,1,251.4292
6010.0000,601,2459.7691,0.0000,1000,998,1000,1,250.1984
6020.0000,602,2460.6649,0.0000,999,1000,1000,1,249.4624
6030.0000,603,2461.5568,0.0000,1000,1000,999,1,248.2401
6040.0000,604,2462.4470,0.0000,999,1000,1000,1,248.9916
6050.0000,605,2463.3322,0.0000,999,1000,1000,1,248.2625
6060.0000,606,2464.2154,0.0000,1000,999,1000,1,247.5303
6070.0000,607,2465.0974,0.0000,1000,1000,999,1,248.7695
6080.0000,608,2465.9749,0.0000,1000,1000,998,1,248.5270
6090.0000,609,2466.8497,0.0000,1000,999,1000,1,248.2845
6100.0000,610,2467.7226,0.0000,999,1000,999,1,247.5503
6110.0000,611,2468.5825,0.0000,999,996,998,1,245.3477
6120.0000,612,2469.4450,0.0000,998,1000,1000,1,244.6198
6130.0000,613,2470.3031,0.0000,997,1000,1000,1,244.8750
6140.0000,614,2471.1622,0.0000,1000,1000,1000,1,245.1302
6150.0000,615,2472.0158,0.0000,1000,997,998,1,243.4408
6160.0000,616,2472.8651,0.0000,997,1000,998,1,242.7291
6170.0000,617,2473.7110,0.0000,997,1000,1000,1,241.0633
6180.0000,618,2474.5542,0.0000,1000,998,995,1,240.3664
6190.0000,619,2475.3996,0.0000,999,1000,1000,1,239.6717
6200.0000,620,2476.2399,0.0000,1000,1000,999,1,239.9367
6210.0000,621,2477.0801,0.0000,997,1000,1000,1,239.7236
6220.0000,622,2477.9163,0.0000,999,997,1000,1,239.0360
6230.0000,623,2478.7463,0.0000,995,1000,998,1,238.8293
6240.0000,624,2479.5755,0.0000,1000,1000,999,1,239.0993
6250.0000,625,2480.4050,0.0000,999,999,1000,1,238.4215
6260.0000,626,2481.2314,0.0000,1000,998,999,1,236.3248
6270.0000,627,2482.0574,0.0000,1000,999,1000,1,234.7069
6280.0000,628,2482.8784,0.0000,997,999,1000,1,233.8724
6290.0000,629,2483.6945,0.0000,1000,997,1000,1,233.6806
6300.0000,630,2484.5113,0.0000,999,1000,1000,1,233.9581
6310.0000,631,2485.3265,0.0000,999,998,1000,1,233.7676
6320.0000,632,2486.1376,0.0000,1000,997,1000,1,234.5132
6330.0000,633,2486.9426,0.0000,1000,993,1000,1,234.7907
6340.0000,634,2487.7403,0.0000,999,999,1000,1,234.1381
6350.0000,635,2488.5445,0.0000,1000,998,1000,1,234.8811
6360.0000,636,2489.3447,0.0000,1000,1000,999,1,233.7763
6370.0000,637,2490.1441,0.0000,997,999,999,1,234.0567
6380.0000,638,2490.9420,0.0000,1000,1000,999,1,233.4128
6390.0000,639,2491.7371,0.0000,1000,998,1000,1,233.6908
6400.0000,640,2492.5305,0.0000,1000,999,1000,1,234.4266
6410.0000,641,2493.3167,0.0000,995,999,999,1,235.1599
6420.0000,642,2494.0960,0.0000,996,1000,1000,1,235.4316
6430.0000,643,2494.8802,0.0000,1000,999,999,1,233.4036
6440.0000,644,2495.6597,0.0000,999,1000,997,1,231.8408
6450.0000,645,2496.4402,0.0000,1000,1000,1000,1,232.5723
6460.0000,646,2497.2166,0.0000,1000,999,999,1,231.4698
6470.0000,647,2497.9915,0.0000,1000,1000,1000,1,232.2009
6480.0000,648,2498.7649,0.0000,1000,998,998,1,231.1052
6490.0000,649,2499.5343,0.0000,1000,1000,1000,1,231.3790
6500.0000,650,2500.3020,0.0000,1000,998,999,1,231.6510
6510.0000,651,2501.0669,0.0000,1000,1000,997,1,229.6542
6520.0000,652,2501.8231,0.0000,1000,1000,997,1,228.5661
6530.0000,653,2502.5813,0.0000,1000,999,999,1,227.4839
6540.0000,654,2503.3401,0.0000,1000,997,1000,1,227.7629
6550.0000,655,2504.0969,0.0000,1000,1000,1000,1,228.4920
6560.0000,656,2504.8485,0.0000,997,998,998,1,227.8675
6570.0000,657,2505.5969,0.0000,998,1000,998,1,227.6968
6580.0000,658,2506.3449,0.0000,1000,998,999,1,226.6334
6590.0000,659,2507.0880,0.0000,1000,999,999,1,225.1333
6600.0000,660,2507.8333,0.0000,997,998,1000,1,224.9738
6610.0000,661,2508.5735,0.0000,999,997,1000,1,223.9295
6620.0000,662,2509.3129,0.0000,1000,1000,1000,1,223.3311
6630.0000,663,2510.0493,0.0000,1000,997,1000,1,222.2944
6640.0000,664,2510.7801,0.0000,999,1000,999,1,220.3844
6650.0000,665,2511.5149,0.0000,1000,999,999,1,220.6783
6660.0000,666,2512.2444,0.0000,995,996,999,1,220.9708
6670.0000,667,2512.9643,0.0000,999,994,1000,1,220.8279
6680.0000,668,2513.6889,0.0000,1000,998,999,1,220.6879
6690.0000,669,2514.4116,0.0000,1000,1000,1000,1,219.6786
6700.0000,670,2515.1347,0.0000,1000,1000,1000,1,220.4092
6710.0000,671,2515.8536,0.0000,1000,999,999,1,219.4037
6720.0000,672,2516.5688,0.0000,1000,996,996,1,218.4067
6730.0000,673,2517.2813,0.0000,1000,1000,999,1,218.2766
6740.0000,674,2517.9941,0.0000,1000,1000,999,1,218.1522
6750.0000,675,2518.7070,0.0000,1000,1000,1000,1,218.0288
6760.0000,676,2519.4168,0.0000,1000,999,1000,1,217.9042
6770.0000,677,2520.1227,0.0000,998,998,1000,1,217.7785
6780.0000,678,2520.8273,0.0000,1000,1000,999,1,217.2265
6790.0000,679,2521.5319,0.0000,1000,1000,1000,1,216.6755
6800.0000,680,2522.2337,0.0000,1000,1000,999,1,216.1232
6810.0000,681,2522.9320,0.0000,999,999,999,1,215.5726
6820.0000,682,2523.6295,0.0000,1000,1000,1000,1,215.8728
6830.0000,683,2524.3260,0.0000,999,1000,1000,1,216.5961
6840.0000,684,2525.0195,0.0000,1000,1000,1000,1,216.0418
6850.0000,685,2525.7083,0.0000,996,999,998,1,216.3363
6860.0000,686,2526.3954,0.0000,1000,999,1000,1,217.0524
6870.0000,687,2527.0825,0.0000,1000,1000,999,1,215.6444
6880.0000,688,2527.7684,0.0000,1000,1000,998,1,215.0898
6890.0000,689,2528.4514,0.0000,999,1000,998,1,214.5370
6900.0000,690,2529.1321,0.0000,999,1000,1000,1,214.4066
6910.0000,691,2529.8118,0.0000,997,1000,997,1,213.0081
6920.0000,692,2530.4862,0.0000,1000,1000,1000,1,213.2978
6930.0000,693,2531.1620,0.0000,1000,1000,1000,1,213.1653
6940.0000,694,2531.8369,0.0000,1000,1000,1000,1,213.0295
6950.0000,695,2532.5102,0.0000,1000,1000,1000,1,213.7386
6960.0000,696,2533.1804,0.0000,1000,999,998,1,212.7557
6970.0000,697,2533.8475,0.0000,999,1000,998,1,211.7777
6980.0000,698,2534.5112,0.0000,1000,1000,997,1,210.3795
6990.0000,699,2535.1749,0.0000,1000,1000,1000,1,210.6654
7000.0000,700,2535.8371,0.0000,1000,1000,1000,1,210.9521
7010.0000,701,2536.4980,0.0000,1000,997,1000,1,211.2381
7020.0000,702,2537.1563,0.0000,1000,1000,999,1,210.2655
7030.0000,703,2537.8134,0.0000,997,1000,1000,1,208.4598
7040.0000,704,2538.4639,0.0000,998,1000,998,1,207.4945
7050.0000,705,2539.1166,0.0000,1000,999,999,1,207.5218
7060.0000,706,2539.7679,0.0000,1000,1000,999,1,207.8087
7070.0000,707,2540.4167,0.0000,997,1000,997,1,208.9292
7080.0000,708,2541.0567,0.0000,994,999,999,1,207.9629
7090.0000,709,2541.6999,0.0000,1000,998,1000,1,206.5892
7100.0000,710,2542.3413,0.0000,997,997,1000,1,205.4760
7110.0000,711,2542.9804,0.0000,1000,999,1000,1,204.2673
7120.0000,712,2543.6204,0.0000,1000,1000,999,1,204.4039
7130.0000,713,2544.2594,0.0000,1000,1000,1000,1,205.1072
7140.0000,714,2544.8963,0.0000,1000,1000,1000,1,204.7279
7150.0000,715,2545.5307,0.0000,1000,999,1000,1,204.6048
7160.0000,716,2546.1647,0.0000,1000,999,1000,1,205.1487
7170.0000,717,2546.7932,0.0000,1000,996,999,1,203.7929
7180.0000,718,2547.4185,0.0000,1000,994,1000,1,203.6735
7190.0000,719,2548.0401,0.0000,999,995,1000,1,203.9638
7200.0000,720,2548.6607,0.0000,999,994,998,1,203.8438
7210.0000,721,2549.2807,0.0000,1000,1000,1000,1,204.1310
7220.0000,722,2549.9027,0.0000,1000,999,1000,1,203.3836
7230.0000,723,2550.5235,0.0000,1000,997,1000,1,204.4854
7240.0000,724,2551.1417,0.0000,1000,1000,1000,1,204.7735
7250.0000,725,2551.7589,0.0000,999,1000,1000,1,204.6550
7260.0000,726,2552.3739,0.0000,998,1000,1000,1,203.7279
7270.0000,727,2552.9873,0.0000,1000,1000,999,1,204.0133
7280.0000,728,2553.5990,0.0000,1000,999,999,1,203.4940
7290.0000,729,2554.2062,0.0000,1000,1000,998,1,203.7812
7300.0000,730,2554.8131,0.0000,1000,998,1000,1,202.4723
7310.0000,731,2555.4212,0.0000,999,999,1000,1,202.3656
7320.0000,732,2556.0219,0.0000,993,1000,1000,1,200.2623
7330.0000,733,2556.6143,0.0000,993,1000,999,1,199.5631
7340.0000,734,2557.2117,0.0000,998,1000,1000,1,199.0642
7350.0000,735,2557.8115,0.0000,1000,1000,998,1,199.3614
7360.0000,736,2558.4078,0.0000,1000,1000,1000,1,198.0720
7370.0000,737,2559.0056,0.0000,1000,1000,998,1,197.6848
7380.0000,738,2559.6026,0.0000,1000,1000,999,1,197.9798
7390.0000,739,2560.1971,0.0000,1000,1000,1000,1,197.8792
7400.0000,740,2560.7907,0.0000,1000,1000,1000,1,197.8625
7410.0000,741,2561.3817,0.0000,1000,1000,999,1,198.5499
7420.0000,742,2561.9683,0.0000,1000,998,999,1,197.6577
7430.0000,743,2562.5504,0.0000,999,999,999,1,196.9695
7440.0000,744,2563.1354,0.0000,1000,1000,1000,1,196.8735
7450.0000,745,2563.7211,0.0000,1000,1000,1000,1,196.7768
7460.0000,746,2564.3034,0.0000,999,1000,1000,1,196.6784
7470.0000,747,2564.8837,0.0000,1000,1000,999,1,196.5838
7480.0000,748,2565.4642,0.0000,1000,1000,1000,1,196.8789
7490.0000,749,2566.0428,0.0000,1000,1000,1000,1,196.7823
7500.0000,750,2566.6201,0.0000,1000,999,1000,1,197.4639
7510.0000,751,2567.1954,0.0000,999,999,999,1,197.7537
7520.0000,752,2567.7680,0.0000,999,999,1000,1,197.6529
7530.0000,753,2568.3392,0.0000,1000,1000,1000,1,197.9416
7540.0000,754,2568.9091,0.0000,1000,1000,999,1,197.8393
7550.0000,755,2569.4791,0.0000,999,1000,1000,1,197.3507
7560.0000,756,2570.0477,0.0000,1000,1000,998,1,197.2492
7570.0000,757,2570.6131,0.0000,996,1000,1000,1,197.5366
7580.0000,758,2571.1758,0.0000,1000,1000,998,1,195.9001
7590.0000,759,2571.7362,0.0000,1000,998,1000,1,195.8058
7600.0000,760,2572.2974,0.0000,1000,999,1000,1,195.3280
7610.0000,761,2572.8572,0.0000,1000,1000,1000,1,195.2352
7620.0000,762,2573.4155,0.0000,1000,1000,999,1,195.9082
7630.0000,763,2573.9731,0.0000,998,999,1000,1,196.9619
7640.0000,764,2574.5275,0.0000,998,1000,998,1,196.1040
7650.0000,765,2575.0818,0.0000,1000,1000,998,1,194.8685
7660.0000,766,2575.6351,0.0000,999,1000,1000,1,194.7775
7670.0000,767,2576.1880,0.0000,1000,1000,1000,1,194.3060
7680.0000,768,2576.7385,0.0000,1000,1000,1000,1,193.4515
7690.0000,769,2577.2871,0.0000,998,1000,998,1,193.3585
7700.0000,770,2577.8336,0.0000,999,1000,1000,1,194.0255
7710.0000,771,2578.3794,0.0000,1000,1000,999,1,193.5508
7720.0000,772,2578.9232,0.0000,998,1000,1000,1,192.3183
7730.0000,773,2579.4666,0.0000,1000,1000,998,1,191.8440
7740.0000,774,2580.0050,0.0000,1000,998,998,1,190.9948
7750.0000,775,2580.5447,0.0000,1000,999,1000,1,190.9058
7760.0000,776,2581.0832,0.0000,1000,1000,999,1,190.4405
7770.0000,777,2581.6195,0.0000,999,1000,1000,1,189.2284
7780.0000,778,2582.1561,0.0000,998,1000,999,1,189.8945
7790.0000,779,2582.6895,0.0000,998,997,999,1,189.8068
7800.0000,780,2583.2209,0.0000,999,999,1000,1,189.3450
7810.0000,781,2583.7524,0.0000,999,999,1000,1,188.5116
7820.0000,782,2584.2805,0.0000,1000,1000,999,1,188.2330
7830.0000,783,2584.8075,0.0000,997,998,1000,1,187.5991
7840.0000,784,2585.3340,0.0000,999,998,1000,1,187.5184
7850.0000,785,2585.8586,0.0000,1000,1000,1000,1,187.4421
7860.0000,786,2586.3823,0.0000,1000,998,1000,1,186.6243
7870.0000,787,2586.9037,0.0000,1000,998,1000,1,186.9188
7880.0000,788,2587.4245,0.0000,1000,1000,1000,1,186.1052
7890.0000,789,2587.9450,0.0000,999,1000,998,1,185.2902
7900.0000,790,2588.4641,0.0000,1000,1000,1000,1,185.5843
7910.0000,791,2588.9829,0.0000,1000,1000,1000,1,185.8766
7920.0000,792,2589.4997,0.0000,1000,1000,1000,1,185.8010
7930.0000,793,2590.0134,0.0000,1000,998,997,1,184.9879
7940.0000,794,2590.5257,0.0000,1000,1000,1000,1,184.5420
7950.0000,795,2591.0377,0.0000,998,998,997,1,183.7382
7960.0000,796,2591.5440,0.0000,997,1000,997,1,182.5694
7970.0000,797,2592.0531,0.0000,1000,999,999,1,182.1341
7980.0000,798,2592.5636,0.0000,999,999,1000,1,182.0660
7990.0000,799,2593.0707,0.0000,1000,1000,999,1,181.4383
8000.0000,800,2593.5778,0.0000,999,1000,1000,1,180.2780
8010.0000,801,2594.0840,0.0000,999,1000,1000,1,179.4835
8020.0000,802,2594.5882,0.0000,999,1000,999,1,179.6779
8030.0000,803,2595.0920,0.0000,1000,1000,1000,1,180.6995
8040.0000,804,2595.5943,0.0000,999,1000,1000,1,180.6311
8050.0000,805,2596.0908,0.0000,995,1000,998,1,180.9273
8060.0000,806,2596.5836,0.0000,995,1000,1000,1,181.5824
8070.0000,807,2597.0782,0.0000,995,1000,1000,1,182.5965
8080.0000,808,2597.5713,0.0000,1000,999,999,1,183.2495
8090.0000,809,2598.0670,0.0000,1000,1000,998,1,184.2588
8100.0000,810,2598.5605,0.0000,1000,999,1000,1,184.5499
8110.0000,811,2599.0541,0.0000,1000,1000,1000,1,184.1228
8120.0000,812,2599.5470,0.0000,1000,1000,999,1,184.7689
8130.0000,813,2600.0384,0.0000,1000,999,998,1,184.3384
8140.0000,814,2600.5254,0.0000,1000,999,998,1,183.1936
8150.0000,815,2601.0105,0.0000,999,999,998,1,183.4825
8160.0000,816,2601.4967,0.0000,999,1000,998,1,184.4828
8170.0000,817,2601.9826,0.0000,999,1000,1000,1,184.4111
8180.0000,818,2602.4687,0.0000,1000,1000,1000,1,185.0515
8190.0000,819,2602.9527,0.0000,999,998,1000,1,184.6214
8200.0000,820,2603.4302,0.0000,998,1000,1000,1,184.1916
8210.0000,821,2603.9101,0.0000,1000,1000,998,1,183.7673
8220.0000,822,2604.3899,0.0000,999,1000,999,1,183.6996
8230.0000,823,2604.8683,0.0000,999,1000,1000,1,182.5740
8240.0000,824,2605.3465,0.0000,999,999,1000,1,182.8607
8250.0000,825,2605.8228,0.0000,998,1000,999,1,183.1458
8260.0000,826,2606.2976,0.0000,999,999,1000,1,182.7271
8270.0000,827,2606.7722,0.0000,997,1000,1000,1,183.7153
8280.0000,828,2607.2443,0.0000,1000,1000,999,1,183.2955
8290.0000,829,2607.7152,0.0000,1000,1000,997,1,180.7700
8300.0000,830,2608.1808,0.0000,1000,994,1000,1,177.5697
8310.0000,831,2608.6478,0.0000,1000,999,1000,1,176.8156
8320.0000,832,2609.1164,0.0000,1000,1000,1000,1,176.4169
8330.0000,833,2609.5842,0.0000,1000,1000,999,1,176.3649
8340.0000,834,2610.0500,0.0000,1000,1000,999,1,177.0065
8350.0000,835,2610.5167,0.0000,999,999,1000,1,177.6457
8360.0000,836,2610.9802,0.0000,998,999,999,1,177.2474
8370.0000,837,2611.4433,0.0000,999,999,1000,1,177.1951
8380.0000,838,2611.9062,0.0000,999,1000,1000,1,177.4864
8390.0000,839,2612.3673,0.0000,1000,1000,1000,1,177.7764
8400.0000,840,2612.8273,0.0000,1000,999,1000,1,177.3771
8410.0000,841,2613.2841,0.0000,1000,999,997,1,176.9781
8420.0000,842,2613.7412,0.0000,999,1000,1000,1,176.9235
8430.0000,843,2614.1980,0.0000,1000,1000,1000,1,176.8683
8440.0000,844,2614.6538,0.0000,999,999,1000,1,176.8129
8450.0000,845,2615.1079,0.0000,999,1000,998,1,176.4135
8460.0000,846,2615.5601,0.0000,1000,998,1000,1,175.3289
8470.0000,847,2616.0119,0.0000,1000,998,999,1,174.2426
8480.0000,848,2616.4632,0.0000,1000,1000,1000,1,173.8450
8490.0000,849,2616.9133,0.0000,1000,1000,1000,1,173.1762
8500.0000,850,2617.3620,0.0000,999,1000,1000,1,172.4395
8510.0000,851,2617.8097,0.0000,1000,998,1000,1,173.4119
8520.0000,852,2618.2559,0.0000,999,998,1000,1,173.3581
8530.0000,853,2618.6996,0.0000,999,998,999,1,173.3044
8540.0000,854,2619.1434,0.0000,1000,1000,999,1,173.5911
8550.0000,855,2619.5877,0.0000,999,1000,1000,1,173.1957
8560.0000,856,2620.0289,0.0000,999,1000,1000,1,172.1199
8570.0000,857,2620.4714,0.0000,1000,999,1000,1,171.7320
8580.0000,858,2620.9122,0.0000,1000,1000,1000,1,171.6841
8590.0000,859,2621.3529,0.0000,999,1000,997,1,171.6351
8600.0000,860,2621.7909,0.0000,1000,1000,1000,1,170.9078
8610.0000,861,2622.2295,0.0000,1000,1000,1000,1,171.1947
8620.0000,862,2622.6661,0.0000,998,998,1000,1,171.1432
8630.0000,863,2623.0991,0.0000,1000,996,1000,1,171.4272
8640.0000,864,2623.5333,0.0000,1000,1000,1000,1,171.3719
8650.0000,865,2623.9673,0.0000,999,999,1000,1,171.9910
8660.0000,866,2624.3993,0.0000,998,999,1000,1,171.5914
8670.0000,867,2624.8286,0.0000,1000,999,1000,1,171.1928
8680.0000,868,2625.2593,0.0000,1000,1000,999,1,171.1338
8690.0000,869,2625.6890,0.0000,1000,999,1000,1,170.3991
8700.0000,870,2626.1172,0.0000,998,999,1000,1,169.6656
8710.0000,871,2626.5429,0.0000,1000,998,997,1,168.9380
8720.0000,872,2626.9696,0.0000,999,1000,1000,1,169.1626
8730.0000,873,2627.3950,0.0000,1000,999,1000,1,168.4914
8740.0000,874,2627.8209,0.0000,1000,1000,1000,1,169.1070
8750.0000,875,2628.2452,0.0000,997,1000,1000,1,169.3291
8760.0000,876,2628.6652,0.0000,1000,999,996,1,169.9424
8770.0000,877,2629.0846,0.0000,999,1000,1000,1,170.8885
8780.0000,878,2629.5066,0.0000,1000,1000,999,1,171.1637
8790.0000,879,2629.9261,0.0000,1000,1000,997,1,171.1051
8800.0000,880,2630.3423,0.0000,999,1000,998,1,170.7161
8810.0000,881,2630.7600,0.0000,1000,1000,1000,1,170.6604
8820.0000,882,2631.1776,0.0000,1000,1000,1000,1,170.2748
8830.0000,883,2631.5932,0.0000,1000,999,999,1,169.2312
8840.0000,884,2632.0086,0.0000,999,1000,1000,1,169.1799
8850.0000,885,2632.4221,0.0000,1000,999,998,1,168.7976
8860.0000,886,2632.8343,0.0000,1000,1000,1000,1,168.0890
8870.0000,887,2633.2468,0.0000,999,999,1000,1,167.3863
8880.0000,888,2633.6583,0.0000,1000,1000,1000,1,167.3416
8890.0000,889,2634.0687,0.0000,1000,1000,999,1,166.9691
8900.0000,890,2634.4749,0.0000,999,999,997,1,166.9267
8910.0000,891,2634.8832,0.0000,1000,1000,1000,1,166.5592
8920.0000,892,2635.2921,0.0000,1000,998,1000,1,165.8665
8930.0000,893,2635.6984,0.0000,1000,1000,1000,1,165.4995
8940.0000,894,2636.1048,0.0000,1000,1000,1000,1,165.4558
8950.0000,895,2636.5091,0.0000,1000,999,1000,1,165.4139
8960.0000,896,2636.9146,0.0000,1000,1000,1000,1,166.3452
8970.0000,897,2637.3184,0.0000,1000,999,999,1,165.3285
8980.0000,898,2637.7214,0.0000,1000,1000,1000,1,165.2884
8990.0000,899,2638.1231,0.0000,1000,999,1000,1,164.9276
9000.0000,900,2638.5245,0.0000,1000,999,1000,1,164.2461
9010.0000,901,2638.9251,0.0000,1000,1000,1000,1,165.1734
9020.0000,902,2639.3248,0.0000,1000,999,1000,1,164.1672
9030.0000,903,2639.7235,0.0000,1000,1000,1000,1,164.7704
9040.0000,904,2640.1197,0.0000,998,999,999,1,164.4053
9050.0000,905,2640.5161,0.0000,1000,1000,999,1,164.0437
9060.0000,906,2640.9114,0.0000,1000,1000,999,1,164.3248
9070.0000,907,2641.3051,0.0000,1000,999,999,1,163.9620
9080.0000,908,2641.6992,0.0000,1000,1000,1000,1,164.2400
9090.0000,909,2642.0909,0.0000,998,999,1000,1,163.4385
9100.0000,910,2642.4836,0.0000,999,1000,1000,1,164.1506
9110.0000,911,2642.8746,0.0000,1000,1000,1000,1,163.7826
9120.0000,912,2643.2655,0.0000,1000,1000,1000,1,164.3780
9130.0000,913,2643.6550,0.0000,1000,1000,1000,1,164.0071
9140.0000,914,2644.0439,0.0000,1000,999,1000,1,163.6375
9150.0000,915,2644.4305,0.0000,1000,997,999,1,162.6326
9160.0000,916,2644.8177,0.0000,1000,1000,1000,1,163.2267
9170.0000,917,2645.2038,0.0000,1000,1000,1000,1,163.8192
9180.0000,918,2645.5895,0.0000,1000,1000,1000,1,164.4104
9190.0000,919,2645.9742,0.0000,1000,1000,1000,1,164.3609
9200.0000,920,2646.3581,0.0000,1000,1000,1000,1,163.6704
9210.0000,921,2646.7408,0.0000,999,995,1000,1,162.3393
9220.0000,922,2647.1222,0.0000,1000,999,1000,1,161.9689
9230.0000,923,2647.5013,0.0000,995,1000,1000,1,161.9185
9240.0000,924,2647.8757,0.0000,994,1000,1000,1,161.4480
9250.0000,925,2648.2521,0.0000,996,1000,999,1,161.4005
9260.0000,926,2648.6302,0.0000,1000,999,1000,1,162.3061
9270.0000,927,2649.0052,0.0000,996,999,1000,1,162.2577
9280.0000,928,2649.3783,0.0000,999,997,1000,1,161.8936
9290.0000,929,2649.7533,0.0000,999,999,1000,1,162.4791
9300.0000,930,2650.1287,0.0000,1000,999,1000,1,162.7472
9310.0000,931,2650.5032,0.0000,999,999,1000,1,162.3803
9320.0000,932,2650.8772,0.0000,999,1000,1000,1,162.0157
9330.0000,933,2651.2484,0.0000,1000,999,998,1,161.6538
9340.0000,934,2651.6174,0.0000,999,999,1000,1,161.6110
9350.0000,935,2651.9890,0.0000,1000,1000,1000,1,161.2574
9360.0000,936,2652.3601,0.0000,1000,1000,1000,1,160.9027
9370.0000,937,2652.7299,0.0000,999,1000,999,1,160.5476
9380.0000,938,2653.0991,0.0000,999,1000,999,1,159.8832
9390.0000,939,2653.4666,0.0000,1000,996,1000,1,159.5335
9400.0000,940,2653.8330,0.0000,1000,1000,998,1,159.1863
9410.0000,941,2654.1991,0.0000,1000,999,999,1,158.8414
9420.0000,942,2654.5649,0.0000,998,998,999,1,158.4978
9430.0000,943,2654.9290,0.0000,1000,999,999,1,158.4628
9440.0000,944,2655.2926,0.0000,999,999,1000,1,158.1188
9450.0000,945,2655.6537,0.0000,999,1000,1000,1,157.1556
9460.0000,946,2656.0168,0.0000,1000,1000,1000,1,157.1220
9470.0000,947,2656.3795,0.0000,1000,1000,1000,1,157.3976
9480.0000,948,2656.7416,0.0000,1000,1000,1000,1,158.2864
9490.0000,949,2657.1019,0.0000,1000,1000,1000,1,158.2504
9500.0000,950,2657.4615,0.0000,1000,1000,996,1,157.2885
9510.0000,951,2657.8185,0.0000,999,1000,1000,1,157.8648
9520.0000,952,2658.1771,0.0000,1000,998,1000,1,157.5179
9530.0000,953,2658.5314,0.0000,1000,996,999,1,157.1697
9540.0000,954,2658.8824,0.0000,1000,994,998,1,157.1301
9550.0000,955,2659.2340,0.0000,997,999,1000,1,157.0904
9560.0000,956,2659.5856,0.0000,996,1000,1000,1,156.7427
9570.0000,957,2659.9383,0.0000,1000,998,1000,1,156.0873
9580.0000,958,2660.2922,0.0000,1000,1000,1000,1,156.9682
9590.0000,959,2660.6455,0.0000,999,1000,998,1,156.3083
9600.0000,960,2660.9976,0.0000,1000,1000,1000,1,156.2635
9610.0000,961,2661.3497,0.0000,1000,999,999,1,156.2203
9620.0000,962,2661.6999,0.0000,999,1000,1000,1,156.7902
9630.0000,963,2662.0509,0.0000,999,1000,1000,1,157.6658
9640.0000,964,2662.3976,0.0000,1000,995,999,1,157.6162
9650.0000,965,2662.7406,0.0000,1000,994,1000,1,157.5664
9660.0000,966,2663.0854,0.0000,1000,1000,1000,1,156.9035
9670.0000,967,2663.4329,0.0000,1000,1000,999,1,157.4684
9680.0000,968,2663.7802,0.0000,1000,1000,999,1,158.0316
9690.0000,969,2664.1247,0.0000,1000,998,1000,1,157.9783
9700.0000,970,2664.4700,0.0000,1000,1000,999,1,157.9254
9710.0000,971,2664.8145,0.0000,999,998,998,1,158.1776
9720.0000,972,2665.1544,0.0000,997,997,1000,1,158.1209
9730.0000,973,2665.4941,0.0000,1000,999,1000,1,157.4518
9740.0000,974,2665.8336,0.0000,1000,999,998,1,156.4815
9750.0000,975,2666.1742,0.0000,1000,999,1000,1,157.0404
9760.0000,976,2666.5155,0.0000,999,1000,1000,1,157.5988
9770.0000,977,2666.8563,0.0000,1000,999,1000,1,158.1549
9780.0000,978,2667.1939,0.0000,998,999,999,1,157.4849
9790.0000,979,2667.5316,0.0000,1000,999,1000,1,156.8179
9800.0000,980,2667.8689,0.0000,999,1000,1000,1,156.7630
9810.0000,981,2668.2054,0.0000,1000,999,1000,1,157.0126
9820.0000,982,2668.5422,0.0000,1000,999,999,1,157.2609
9830.0000,983,2668.8769,0.0000,997,1000,999,1,156.9006
9840.0000,984,2669.2104,0.0000,997,998,998,1,156.8473
9850.0000,985,2669.5415,0.0000,998,1000,998,1,156.1889
9860.0000,986,2669.8750,0.0000,999,1000,999,1,155.8354
9870.0000,987,2670.2083,0.0000,1000,1000,1000,1,155.7841
9880.0000,988,2670.5406,0.0000,1000,1000,999,1,155.1293
9890.0000,989,2670.8713,0.0000,998,1000,999,1,153.8776
9900.0000,990,2671.2019,0.0000,1000,1000,1000,1,153.8311
9910.0000,991,2671.5331,0.0000,1000,1000,1000,1,154.3846
9920.0000,992,2671.8618,0.0000,996,1000,1000,1,154.0376
9930.0000,993,2672.1904,0.0000,1000,999,1000,1,153.3951
9940.0000,994,2672.5165,0.0000,996,1000,999,1,152.4566
9950.0000,995,2672.8442,0.0000,1000,1000,998,1,151.2240
9960.0000,996,2673.1701,0.0000,1000,998,1000,1,151.7779
9970.0000,997,2673.4960,0.0000,999,998,999,1,152.0339
9980.0000,998,2673.8216,0.0000,1000,1000,1000,1,152.2887
9990.0000,999,2674.1473,0.0000,1000,1000,1000,1,152.8398
10000.0000,1000,2674.4727,0.0000,999,1000,998,1,152.4953
10010.0000,1001,2674.7972,0.0000,1000,1000,999,1,152.1500
10020.0000,1002,2675.1204,0.0000,1000,1000,999,1,152.1015
10030.0000,1003,2675.4421,0.0000,999,1000,1000,1,151.7552
10040.0000,1004,2675.7628,0.0000,998,1000,999,1,151.8348
10050.0000,1005,2676.0830,0.0000,999,1000,999,1,152.0846
10060.0000,1006,2676.4028,0.0000,1000,999,999,1,152.0383
10070.0000,1007,2676.7222,0.0000,1000,1000,1000,1,151.3981
10080.0000,1008,2677.0409,0.0000,1000,999,1000,1,151.0544
10090.0000,1009,2677.3604,0.0000,1000,1000,1000,1,151.0071
10100.0000,1010,2677.6783,0.0000,1000,998,1000,1,150.6614
10110.0000,1011,2677.9960,0.0000,1000,1000,1000,1,150.9081
10120.0000,1012,2678.3129,0.0000,998,1000,999,1,150.7340
10130.0000,1013,2678.6290,0.0000,1000,1000,999,1,150.2150
10140.0000,1014,2678.9439,0.0000,1000,998,999,1,150.0491
10150.0000,1015,2679.2590,0.0000,1000,1000,1000,1,150.0043
10160.0000,1016,2679.5742,0.0000,1000,1000,1000,1,150.0772
10170.0000,1017,2679.8884,0.0000,1000,998,1000,1,150.2052
10180.0000,1018,2680.2009,0.0000,998,1000,998,1,150.4502
10190.0000,1019,2680.5111,0.0000,1000,995,1000,1,150.4016
10200.0000,1020,2680.8178,0.0000,1000,992,999,1,150.3542
10210.0000,1021,2681.1219,0.0000,1000,994,999,1,150.5990
10220.0000,1022,2681.4283,0.0000,1000,997,997,1,150.5482
10230.0000,1023,2681.7361,0.0000,1000,1000,998,1,151.2322
10240.0000,1024,2682.0463,0.0000,1000,1000,1000,1,151.7676
10250.0000,1025,2682.3553,0.0000,1000,1000,1000,1,152.3019
10260.0000,1026,2682.6642,0.0000,1000,1000,1000,1,152.8350
10270.0000,1027,2682.9715,0.0000,999,998,1000,1,151.6073
10280.0000,1028,2683.2784,0.0000,1000,1000,1000,1,151.5548
10290.0000,1029,2683.5853,0.0000,1000,1000,1000,1,151.5018
10300.0000,1030,2683.8918,0.0000,998,999,1000,1,151.7400
10310.0000,1031,2684.1964,0.0000,1000,1000,1000,1,152.5625
10320.0000,1032,2684.5016,0.0000,998,1000,1000,1,152.2116
10330.0000,1033,2684.8052,0.0000,1000,998,1000,1,151.8612
10340.0000,1034,2685.1090,0.0000,1000,1000,1000,1,152.6815
10350.0000,1035,2685.4130,0.0000,1000,1000,1000,1,152.9155
10360.0000,1036,2685.7159,0.0000,1000,1000,999,1,151.6866
10370.0000,1037,2686.0175,0.0000,1000,999,999,1,150.6168
10380.0000,1038,2686.3177,0.0000,999,1000,1000,1,150.8491
10390.0000,1039,2686.6169,0.0000,1000,998,999,1,150.2060
10400.0000,1040,2686.9170,0.0000,1000,1000,999,1,149.5648
10410.0000,1041,2687.2162,0.0000,1000,999,999,1,149.3637
10420.0000,1042,2687.5152,0.0000,1000,1000,1000,1,149.3078
10430.0000,1043,2687.8128,0.0000,1000,999,1000,1,149.2509
10440.0000,1044,2688.1103,0.0000,1000,999,998,1,149.7620
10450.0000,1045,2688.4061,0.0000,997,998,998,1,149.1388
10460.0000,1046,2688.7008,0.0000,1000,1000,1000,1,149.0838
10470.0000,1047,2688.9959,0.0000,1000,1000,1000,1,149.1687
10480.0000,1048,2689.2915,0.0000,1000,999,1000,1,148.5322
10490.0000,1049,2689.5864,0.0000,1000,1000,999,1,148.1897
10500.0000,1050,2689.8808,0.0000,997,1000,1000,1,149.0008
10510.0000,1051,2690.1742,0.0000,1000,1000,999,1,148.9430
10520.0000,1052,2690.4662,0.0000,997,999,1000,1,148.5983
10530.0000,1053,2690.7581,0.0000,1000,997,999,1,148.8324
10540.0000,1054,2691.0486,0.0000,1000,998,999,1,149.0664
10550.0000,1055,2691.3401,0.0000,998,998,1000,1,149.0120
10560.0000,1056,2691.6297,0.0000,1000,998,1000,1,149.2451
10570.0000,1057,2691.9193,0.0000,1000,999,999,1,148.3349
10580.0000,1058,2692.2090,0.0000,1000,999,1000,1,147.9998
10590.0000,1059,2692.4984,0.0000,1000,1000,999,1,148.2345
10600.0000,1060,2692.7866,0.0000,998,998,1000,1,148.1830
10610.0000,1061,2693.0737,0.0000,1000,998,999,1,147.5614
10620.0000,1062,2693.3604,0.0000,1000,1000,998,1,147.2248
10630.0000,1063,2693.6472,0.0000,999,999,999,1,147.1719
10640.0000,1064,2693.9335,0.0000,1000,999,1000,1,147.6887
10650.0000,1065,2694.2195,0.0000,999,999,999,1,148.2046
10660.0000,1066,2694.5047,0.0000,1000,999,1000,1,148.7196
10670.0000,1067,2694.7900,0.0000,998,999,998,1,148.6653
10680.0000,1068,2695.0734,0.0000,1000,1000,1000,1,148.0428
10690.0000,1069,2695.3556,0.0000,999,998,999,1,147.7045
10700.0000,1070,2695.6381,0.0000,999,1000,998,1,146.5179
10710.0000,1071,2695.9203,0.0000,999,1000,999,1,146.1832
10720.0000,1072,2696.2027,0.0000,999,1000,1000,1,146.4150
10730.0000,1073,2696.4811,0.0000,992,999,998,1,145.8019
10740.0000,1074,2696.7557,0.0000,994,1000,996,1,144.0662
10750.0000,1075,2697.0330,0.0000,1000,999,997,1,144.0192
10760.0000,1076,2697.3119,0.0000,999,1000,1000,1,143.9721
10770.0000,1077,2697.5917,0.0000,1000,1000,999,1,143.3665
10780.0000,1078,2697.8707,0.0000,1000,1000,999,1,142.4825
10790.0000,1079,2698.1503,0.0000,1000,1000,1000,1,143.2772
10800.0000,1080,2698.4270,0.0000,998,999,999,1,143.2313
10810.0000,1081,2698.7044,0.0000,999,1000,1000,1,143.1859
10820.0000,1082,2698.9801,0.0000,999,996,998,1,142.5823
10830.0000,1083,2699.2544,0.0000,1000,1000,1000,1,142.8155
10840.0000,1084,2699.5302,0.0000,1000,1000,998,1,142.0495
10850.0000,1085,2699.8043,0.0000,999,999,1000,1,141.6082
10860.0000,1086,2700.0797,0.0000,999,1000,1000,1,142.3986
10870.0000,1087,2700.3552,0.0000,1000,1000,1000,1,142.6303
10880.0000,1088,2700.6282,0.0000,996,1000,997,1,142.3028
10890.0000,1089,2700.9015,0.0000,1000,1000,1000,1,142.8111
10900.0000,1090,2701.1737,0.0000,1000,1000,997,1,142.2030
10910.0000,1091,2701.4450,0.0000,1000,999,1000,1,141.8752
10920.0000,1092,2701.7164,0.0000,999,1000,999,1,141.8271
10930.0000,1093,2701.9886,0.0000,1000,1000,1000,1,142.3342
10940.0000,1094,2702.2601,0.0000,1000,999,1000,1,141.7275
10950.0000,1095,2702.5300,0.0000,999,1000,1000,1,141.6794
10960.0000,1096,2702.8004,0.0000,999,1000,1000,1,142.4626
10970.0000,1097,2703.0709,0.0000,1000,1000,1000,1,142.6888
10980.0000,1098,2703.3409,0.0000,999,998,999,1,142.9141
10990.0000,1099,2703.6103,0.0000,1000,999,1000,1,143.1383
11000.0000,1100,2703.8790,0.0000,1000,1000,1000,1,142.2511
11010.0000,1101,2704.1467,0.0000,1000,998,1000,1,142.1975
11020.0000,1102,2704.4135,0.0000,1000,1000,998,1,141.4450
11030.0000,1103,2704.6798,0.0000,1000,1000,999,1,140.9791
11040.0000,1104,2704.9470,0.0000,1000,1000,1000,1,141.4796
11050.0000,1105,2705.2123,0.0000,999,1000,1000,1,141.0020
11060.0000,1106,2705.4777,0.0000,1000,1000,1000,1,141.2235
11070.0000,1107,2705.7428,0.0000,1000,999,1000,1,141.1660
11080.0000,1108,2706.0052,0.0000,998,1000,1000,1,140.2749
11090.0000,1109,2706.2689,0.0000,999,1000,998,1,139.7509
11100.0000,1110,2706.5317,0.0000,999,1000,1000,1,139.6978
11110.0000,1111,2706.7947,0.0000,1000,1000,1000,1,139.9212
11120.0000,1112,2707.0568,0.0000,1000,1000,996,1,140.4191
11130.0000,1113,2707.3183,0.0000,1000,1000,1000,1,141.1914
11140.0000,1114,2707.5801,0.0000,1000,1000,1000,1,141.9624
11150.0000,1115,2707.8403,0.0000,997,1000,1000,1,142.4571
11160.0000,1116,2708.0994,0.0000,1000,1000,998,1,142.9512
11170.0000,1117,2708.3591,0.0000,1000,997,998,1,142.8945
11180.0000,1118,2708.6187,0.0000,999,999,1000,1,142.8383
11190.0000,1119,2708.8782,0.0000,1000,999,999,1,142.2373
11200.0000,1120,2709.1342,0.0000,1000,1000,994,1,141.6382
11210.0000,1121,2709.3876,0.0000,1000,1000,996,1,141.8582
11220.0000,1122,2709.6438,0.0000,997,999,997,1,142.0782
11230.0000,1123,2709.9000,0.0000,1000,1000,1000,1,142.5699
11240.0000,1124,2710.1577,0.0000,1000,1000,1000,1,143.0609
11250.0000,1125,2710.4147,0.0000,999,1000,1000,1,143.2785
11260.0000,1126,2710.6695,0.0000,999,999,1000,1,143.4949
11270.0000,1127,2710.9243,0.0000,1000,1000,999,1,142.8946
11280.0000,1128,2711.1784,0.0000,1000,999,1000,1,142.8386
11290.0000,1129,2711.4298,0.0000,1000,1000,997,1,142.7816
11300.0000,1130,2711.6840,0.0000,1000,999,1000,1,142.4532
11310.0000,1131,2711.9373,0.0000,999,1000,999,1,142.3955
11320.0000,1132,2712.1900,0.0000,1000,999,999,1,142.3388
11330.0000,1133,2712.4432,0.0000,1000,1000,999,1,143.0956
11340.0000,1134,2712.6965,0.0000,1000,1000,1000,1,143.8512
11350.0000,1135,2712.9472,0.0000,998,997,999,1,143.5163
11360.0000,1136,2713.1980,0.0000,1000,999,1000,1,143.4557
11370.0000,1137,2713.4494,0.0000,1000,999,1000,1,143.1235
11380.0000,1138,2713.7005,0.0000,1000,999,1000,1,141.9767
11390.0000,1139,2713.9512,0.0000,1000,999,999,1,141.9147
11400.0000,1140,2714.2013,0.0000,1000,1000,999,1,141.8523
11410.0000,1141,2714.4494,0.0000,1000,995,1000,1,140.1567
11420.0000,1142,2714.6945,0.0000,1000,996,1000,1,140.0907
11430.0000,1143,2714.9400,0.0000,1000,996,1000,1,139.2112
11440.0000,1144,2715.1868,0.0000,999,1000,999,1,139.6900
11450.0000,1145,2715.4322,0.0000,999,1000,995,1,139.9006
11460.0000,1146,2715.6780,0.0000,1000,1000,1000,1,140.3805
11470.0000,1147,2715.9253,0.0000,1000,1000,1000,1,140.5888
11480.0000,1148,2716.1714,0.0000,999,998,1000,1,139.9843
11490.0000,1149,2716.4168,0.0000,1000,999,1000,1,139.9235
11500.0000,1150,2716.6616,0.0000,1000,1000,999,1,140.1326
11510.0000,1151,2716.9057,0.0000,1000,1000,1000,1,138.9963
11520.0000,1152,2717.1492,0.0000,997,998,998,1,138.9376
11530.0000,1153,2717.3903,0.0000,999,996,1000,1,138.6093
11540.0000,1154,2717.6328,0.0000,999,1000,1000,1,139.0863
11550.0000,1155,2717.8756,0.0000,1000,996,998,1,137.6883
11560.0000,1156,2718.1161,0.0000,1000,998,1000,1,137.6290
11570.0000,1157,2718.3573,0.0000,998,999,1000,1,137.3033
11580.0000,1158,2718.5982,0.0000,1000,998,1000,1,136.4430
11590.0000,1159,2718.8384,0.0000,999,998,1000,1,136.1169
11600.0000,1160,2719.0795,0.0000,1000,1000,1000,1,136.0534
11610.0000,1161,2719.3212,0.0000,1000,1000,1000,1,136.5303
11620.0000,1162,2719.5613,0.0000,1000,997,1000,1,137.2734
11630.0000,1163,2719.8001,0.0000,1000,1000,1000,1,136.4157
11640.0000,1164,2720.0395,0.0000,999,999,1000,1,136.6244
11650.0000,1165,2720.2785,0.0000,1000,1000,1000,1,136.5669
11660.0000,1166,2720.5172,0.0000,997,1000,1000,1,135.7118
11670.0000,1167,2720.7527,0.0000,995,999,1000,1,135.3858
11680.0000,1168,2720.9886,0.0000,999,1000,1000,1,135.8583
11690.0000,1169,2721.2256,0.0000,997,1000,999,1,135.0036
11700.0000,1170,2721.4621,0.0000,1000,998,1000,1,133.8892
11710.0000,1171,2721.6982,0.0000,1000,1000,1000,1,134.3644
11720.0000,1172,2721.9331,0.0000,1000,998,999,1,133.5208
11730.0000,1173,2722.1690,0.0000,998,1000,999,1,133.2103
11740.0000,1174,2722.4022,0.0000,999,1000,999,1,132.6381
11750.0000,1175,2722.6371,0.0000,999,999,999,1,132.8521
11760.0000,1176,2722.8704,0.0000,1000,999,998,1,132.2817
11770.0000,1177,2723.1034,0.0000,999,998,999,1,131.4523
11780.0000,1178,2723.3379,0.0000,1000,999,1000,1,131.6672
11790.0000,1179,2723.5707,0.0000,1000,998,1000,1,131.3589
11800.0000,1180,2723.8036,0.0000,1000,1000,1000,1,131.0521
11810.0000,1181,2724.0364,0.0000,998,998,1000,1,131.0057
11820.0000,1182,2724.2683,0.0000,1000,1000,1000,1,131.4794
11830.0000,1183,2724.5001,0.0000,996,1000,1000,1,131.6949
11840.0000,1184,2724.7288,0.0000,999,1000,1000,1,132.4283
11850.0000,1185,2724.9593,0.0000,998,1000,998,1,132.9007
11860.0000,1186,2725.1899,0.0000,999,1000,1000,1,133.1122
11870.0000,1187,2725.4205,0.0000,1000,999,999,1,132.8053
11880.0000,1188,2725.6510,0.0000,1000,1000,1000,1,133.2757
11890.0000,1189,2725.8804,0.0000,999,1000,1000,1,133.4855
11900.0000,1190,2726.1096,0.0000,1000,999,999,1,133.4338
11910.0000,1191,2726.3381,0.0000,999,999,1000,1,133.9014
11920.0000,1192,2726.5667,0.0000,999,1000,999,1,133.5884
11930.0000,1193,2726.7922,0.0000,1000,999,998,1,132.7567
11940.0000,1194,2727.0199,0.0000,1000,998,998,1,132.4445
11950.0000,1195,2727.2467,0.0000,1000,998,998,1,132.3923
11960.0000,1196,2727.4727,0.0000,999,1000,999,1,132.3389
11970.0000,1197,2727.6999,0.0000,1000,1000,1000,1,132.5450
11980.0000,1198,2727.9269,0.0000,999,1000,1000,1,132.7499
11990.0000,1199,2728.1516,0.0000,1000,999,999,1,132.4345
12000.0000,1200,2728.3763,0.0000,1000,998,1000,1,131.8611
12010.0000,1201,2728.6007,0.0000,1000,997,1000,1,131.0315
12020.0000,1202,2728.8250,0.0000,1000,1000,1000,1,130.7208
12030.0000,1203,2729.0477,0.0000,998,997,1000,1,129.8953
12040.0000,1204,2729.2687,0.0000,1000,999,1000,1,129.8438
12050.0000,1205,2729.4931,0.0000,1000,998,1000,1,130.0513
12060.0000,1206,2729.7152,0.0000,998,999,998,1,128.9769
12070.0000,1207,2729.9376,0.0000,1000,1000,1000,1,128.9304
12080.0000,1208,2730.1601,0.0000,998,999,1000,1,128.8835
12090.0000,1209,2730.3827,0.0000,1000,1000,1000,1,129.3477
12100.0000,1210,2730.6029,0.0000,998,999,1000,1,128.5315
12110.0000,1211,2730.8249,0.0000,1000,999,1000,1,128.2305
12120.0000,1212,2731.0459,0.0000,1000,1000,1000,1,127.9307
12130.0000,1213,2731.2663,0.0000,996,1000,999,1,128.1408
12140.0000,1214,2731.4846,0.0000,997,1000,999,1,128.6045
12150.0000,1215,2731.7026,0.0000,999,1000,1000,1,128.3033
12160.0000,1216,2731.9228,0.0000,1000,1000,1000,1,128.7653
12170.0000,1217,2732.1421,0.0000,1000,998,998,1,128.4620
12180.0000,1218,2732.3604,0.0000,1000,1000,999,1,128.6688
12190.0000,1219,2732.5776,0.0000,1000,997,1000,1,128.0684
12200.0000,1220,2732.7952,0.0000,998,1000,1000,1,128.5714
12210.0000,1221,2733.0111,0.0000,999,1000,997,1,128.2707
12220.0000,1222,2733.2276,0.0000,999,1000,1000,1,128.2239
12230.0000,1223,2733.4441,0.0000,1000,999,997,1,127.4195
12240.0000,1224,2733.6590,0.0000,999,998,999,1,126.6178
12250.0000,1225,2733.8748,0.0000,999,1000,999,1,127.0784
12260.0000,1226,2734.0911,0.0000,1000,999,1000,1,127.2865
12270.0000,1227,2734.3060,0.0000,999,998,997,1,127.4940
12280.0000,1228,2734.5198,0.0000,1000,999,1000,1,127.1996
12290.0000,1229,2734.7349,0.0000,1000,1000,999,1,126.9057
12300.0000,1230,2734.9491,0.0000,1000,998,999,1,125.8607
12310.0000,1231,2735.1630,0.0000,1000,1000,1000,1,125.0695
12320.0000,1232,2735.3773,0.0000,1000,999,1000,1,125.5292
12330.0000,1233,2735.5909,0.0000,999,999,1000,1,125.1873
12340.0000,1234,2735.8019,0.0000,995,999,1000,1,125.6460
12350.0000,1235,2736.0132,0.0000,999,1000,999,1,125.6048
12360.0000,1236,2736.2260,0.0000,1000,1000,1000,1,126.3118
12370.0000,1237,2736.4386,0.0000,1000,999,999,1,126.0185
12380.0000,1238,2736.6507,0.0000,1000,998,1000,1,126.7245
12390.0000,1239,2736.8625,0.0000,1000,1000,1000,1,126.9295
12400.0000,1240,2737.0737,0.0000,1000,1000,999,1,126.6356
12410.0000,1241,2737.2838,0.0000,1000,1000,997,1,125.5963
12420.0000,1242,2737.4929,0.0000,997,1000,999,1,125.5551
12430.0000,1243,2737.7007,0.0000,998,1000,998,1,125.2657
12440.0000,1244,2737.9083,0.0000,998,999,998,1,124.7293
12450.0000,1245,2738.1163,0.0000,999,999,1000,1,124.6892
12460.0000,1246,2738.3246,0.0000,1000,999,998,1,123.4133
12470.0000,1247,2738.5323,0.0000,1000,999,1000,1,123.1285
12480.0000,1248,2738.7380,0.0000,999,994,999,1,122.8447
12490.0000,1249,2738.9457,0.0000,1000,1000,1000,1,122.8075
12500.0000,1250,2739.1535,0.0000,1000,998,999,1,122.7696
12510.0000,1251,2739.3612,0.0000,1000,1000,999,1,122.4860
12520.0000,1252,2739.5675,0.0000,999,1000,1000,1,121.9569
12530.0000,1253,2739.7748,0.0000,1000,1000,1000,1,121.6742
12540.0000,1254,2739.9813,0.0000,1000,998,1000,1,121.6372
12550.0000,1255,2740.1864,0.0000,998,999,1000,1,121.6008
12560.0000,1256,2740.3907,0.0000,1000,998,1000,1,121.5665
12570.0000,1257,2740.5958,0.0000,1000,1000,998,1,121.2883
12580.0000,1258,2740.8013,0.0000,1000,1000,1000,1,121.4986
12590.0000,1259,2741.0062,0.0000,1000,1000,998,1,120.9760
12600.0000,1260,2741.2095,0.0000,1000,1000,997,1,120.4549
12610.0000,1261,2741.4136,0.0000,1000,999,998,1,120.4221
12620.0000,1262,2741.6177,0.0000,1000,1000,1000,1,120.6319
12630.0000,1263,2741.8217,0.0000,1000,1000,1000,1,120.6458
12640.0000,1264,2742.0249,0.0000,999,1000,1000,1,120.8067
12650.0000,1265,2742.2272,0.0000,999,999,1000,1,120.5283
12660.0000,1266,2742.4297,0.0000,1000,999,998,1,120.2529
12670.0000,1267,2742.6312,0.0000,999,1000,1000,1,119.9774
12680.0000,1268,2742.8329,0.0000,1000,998,1000,1,119.9455
12690.0000,1269,2743.0343,0.0000,1000,1000,1000,1,120.3972
12700.0000,1270,2743.2319,0.0000,997,993,998,1,119.8870
12710.0000,1271,2743.4265,0.0000,997,996,999,1,119.8577
12720.0000,1272,2743.6236,0.0000,1000,994,998,1,119.8272
12730.0000,1273,2743.8222,0.0000,997,1000,999,1,120.2779
12740.0000,1274,2744.0217,0.0000,1000,1000,1000,1,120.7287
12750.0000,1275,2744.2218,0.0000,999,999,1000,1,120.6991
12760.0000,1276,2744.4211,0.0000,1000,1000,1000,1,120.6693
12770.0000,1277,2744.6201,0.0000,1000,1000,1000,1,120.4014
12780.0000,1278,2744.8186,0.0000,999,997,1000,1,120.6116
12790.0000,1279,2745.0159,0.0000,1000,998,1000,1,121.2991
12800.0000,1280,2745.2134,0.0000,1000,1000,1000,1,121.5063
12810.0000,1281,2745.4111,0.0000,999,999,998,1,120.9923
12820.0000,1282,2745.6074,0.0000,1000,998,1000,1,121.4372
12830.0000,1283,2745.8044,0.0000,1000,1000,998,1,121.1616
12840.0000,1284,2746.0002,0.0000,999,996,998,1,121.1293
12850.0000,1285,2746.1951,0.0000,1000,998,1000,1,120.8588
12860.0000,1286,2746.3915,0.0000,1000,1000,1000,1,120.5880
12870.0000,1287,2746.5881,0.0000,1000,1000,1000,1,121.0325
12880.0000,1288,2746.7846,0.0000,1000,1000,999,1,120.7601
12890.0000,1289,2746.9785,0.0000,999,1000,999,1,120.9657
12900.0000,1290,2747.1729,0.0000,999,1000,1000,1,120.9336
12910.0000,1291,2747.3673,0.0000,998,1000,997,1,120.6632
12920.0000,1292,2747.5605,0.0000,1000,1000,998,1,119.9182
12930.0000,1293,2747.7535,0.0000,998,1000,1000,1,120.1237
12940.0000,1294,2747.9477,0.0000,1000,1000,1000,1,119.8545
12950.0000,1295,2748.1401,0.0000,999,1000,999,1,118.6393
12960.0000,1296,2748.3335,0.0000,1000,1000,1000,1,118.3725
12970.0000,1297,2748.5272,0.0000,1000,1000,1000,1,118.8154
12980.0000,1298,2748.7204,0.0000,999,1000,1000,1,118.7833
12990.0000,1299,2748.9126,0.0000,1000,1000,1000,1,118.0455
13000.0000,1300,2749.1046,0.0000,1000,1000,1000,1,117.5445
13010.0000,1301,2749.2947,0.0000,998,1000,999,1,116.1024
13020.0000,1302,2749.4864,0.0000,1000,1000,1000,1,116.3107
13030.0000,1303,2749.6778,0.0000,1000,1000,1000,1,116.2842
13040.0000,1304,2749.8691,0.0000,999,999,999,1,116.4926
13050.0000,1305,2750.0588,0.0000,1000,1000,999,1,116.0005
13060.0000,1306,2750.2497,0.0000,1000,1000,997,1,115.5096
13070.0000,1307,2750.4393,0.0000,999,1000,996,1,114.7888
13080.0000,1308,2750.6279,0.0000,999,1000,1000,1,114.7777
13090.0000,1309,2750.8172,0.0000,1000,1000,1000,1,114.9896
13100.0000,1310,2751.0071,0.0000,1000,1000,999,1,115.4330
13110.0000,1311,2751.1960,0.0000,997,999,1000,1,115.1791
13120.0000,1312,2751.3841,0.0000,1000,999,1000,1,114.6931
13130.0000,1313,2751.5725,0.0000,998,1000,1000,1,114.6713
13140.0000,1314,2751.7602,0.0000,1000,1000,999,1,114.1876
13150.0000,1315,2751.9470,0.0000,1000,1000,999,1,114.3986
13160.0000,1316,2752.1340,0.0000,998,997,1000,1,114.3672
13170.0000,1317,2752.3193,0.0000,1000,1000,998,1,114.1153
13180.0000,1318,2752.5055,0.0000,999,1000,1000,1,113.6462
13190.0000,1319,2752.6924,0.0000,1000,1000,1000,1,113.6133
13200.0000,1320,2752.8794,0.0000,1000,999,1000,1,113.8367
13210.0000,1321,2753.0658,0.0000,1000,1000,1000,1,114.2639
13220.0000,1322,2753.2499,0.0000,1000,996,998,1,113.7840
13230.0000,1323,2753.4345,0.0000,1000,999,1000,1,113.7649
13240.0000,1324,2753.6197,0.0000,1000,1000,1000,1,113.9755
13250.0000,1325,2753.8053,0.0000,1000,1000,1000,1,114.4150
13260.0000,1326,2753.9897,0.0000,1000,997,1000,1,114.6243
13270.0000,1327,2754.1738,0.0000,1000,996,1000,1,114.6412
13280.0000,1328,2754.3564,0.0000,999,999,999,1,115.0788
13290.0000,1329,2754.5399,0.0000,1000,1000,1000,1,115.5155
13300.0000,1330,2754.7236,0.0000,1000,1000,999,1,115.2681
13310.0000,1331,2754.9061,0.0000,997,1000,1000,1,114.3362
13320.0000,1332,2755.0892,0.0000,999,1000,1000,1,114.3173
13330.0000,1333,2755.2721,0.0000,1000,1000,1000,1,114.7546
13340.0000,1334,2755.4530,0.0000,1000,1000,995,1,115.1911
13350.0000,1335,2755.6334,0.0000,1000,998,1000,1,114.7205
13360.0000,1336,2755.8144,0.0000,1000,998,999,1,114.7030
13370.0000,1337,2755.9944,0.0000,1000,998,999,1,114.6879
13380.0000,1338,2756.1754,0.0000,999,1000,1000,1,113.3201
13390.0000,1339,2756.3573,0.0000,1000,1000,1000,1,113.7053
13400.0000,1340,2756.5380,0.0000,1000,1000,999,1,113.6899
13410.0000,1341,2756.7184,0.0000,997,1000,1000,1,113.8997
13420.0000,1342,2756.8967,0.0000,996,1000,999,1,114.1086
13430.0000,1343,2757.0742,0.0000,999,1000,999,1,113.4126
13440.0000,1344,2757.2525,0.0000,1000,999,999,1,113.1706
13450.0000,1345,2757.4321,0.0000,1000,1000,1000,1,113.3756
13460.0000,1346,2757.6119,0.0000,998,999,999,1,113.3619
13470.0000,1347,2757.7899,0.0000,1000,1000,999,1,113.3915
13480.0000,1348,2757.9689,0.0000,999,1000,1000,1,113.5987
13490.0000,1349,2758.1471,0.0000,1000,998,1000,1,114.0305
13500.0000,1350,2758.3246,0.0000,997,1000,1000,1,113.5140
13510.0000,1351,2758.5013,0.0000,1000,999,1000,1,113.7196
13520.0000,1352,2758.6785,0.0000,999,998,1000,1,114.3751
13530.0000,1353,2758.8550,0.0000,999,1000,998,1,113.9022
13540.0000,1354,2759.0320,0.0000,1000,999,999,1,113.8792
13550.0000,1355,2759.2092,0.0000,999,999,1000,1,114.3074
13560.0000,1356,2759.3842,0.0000,1000,999,999,1,114.2859
13570.0000,1357,2759.5611,0.0000,1000,1000,1000,1,114.0395
13580.0000,1358,2759.7352,0.0000,1000,997,1000,1,114.4667
13590.0000,1359,2759.9112,0.0000,1000,999,1000,1,114.6689
13600.0000,1360,2760.0863,0.0000,999,1000,999,1,114.6460
13610.0000,1361,2760.2615,0.0000,999,1000,1000,1,114.8477
13620.0000,1362,2760.4354,0.0000,1000,1000,1000,1,115.0487
13630.0000,1363,2760.6104,0.0000,1000,1000,1000,1,115.2489
13640.0000,1364,2760.7842,0.0000,1000,999,1000,1,114.3258
13650.0000,1365,2760.9584,0.0000,999,999,999,1,114.5264
13660.0000,1366,2761.1321,0.0000,1000,1000,1000,1,114.2795
13670.0000,1367,2761.3055,0.0000,1000,998,998,1,113.8085
13680.0000,1368,2761.4790,0.0000,999,1000,999,1,114.0091
13690.0000,1369,2761.6528,0.0000,1000,1000,1000,1,113.7628
13700.0000,1370,2761.8261,0.0000,1000,1000,1000,1,114.1861
13710.0000,1371,2761.9995,0.0000,1000,1000,1000,1,114.8322
13720.0000,1372,2762.1719,0.0000,1000,999,1000,1,115.2542
13730.0000,1373,2762.3444,0.0000,1000,998,999,1,115.4522
13740.0000,1374,2762.5169,0.0000,999,1000,999,1,115.8724
13750.0000,1375,2762.6890,0.0000,1000,1000,1000,1,115.6221
13760.0000,1376,2762.8609,0.0000,1000,999,1000,1,115.3713
13770.0000,1377,2763.0327,0.0000,1000,1000,997,1,114.4508
13780.0000,1378,2763.2033,0.0000,1000,998,1000,1,114.4236
13790.0000,1379,2763.3742,0.0000,1000,999,1000,1,114.3971
13800.0000,1380,2763.5443,0.0000,1000,1000,999,1,114.1477
13810.0000,1381,2763.7145,0.0000,999,1000,999,1,114.1213
13820.0000,1382,2763.8836,0.0000,996,1000,998,1,113.4260
13830.0000,1383,2764.0492,0.0000,995,1000,1000,1,113.3985
13840.0000,1384,2764.2174,0.0000,997,1000,999,1,112.7039
13850.0000,1385,2764.3854,0.0000,997,1000,1000,1,112.8993
13860.0000,1386,2764.5529,0.0000,1000,998,1000,1,112.8712
13870.0000,1387,2764.7208,0.0000,1000,1000,999,1,112.1733
13880.0000,1388,2764.8878,0.0000,998,998,999,1,112.1465
13890.0000,1389,2765.0556,0.0000,999,1000,1000,1,112.1209
13900.0000,1390,2765.2236,0.0000,999,999,1000,1,111.6521
13910.0000,1391,2765.3908,0.0000,1000,995,1000,1,111.6269
13920.0000,1392,2765.5559,0.0000,999,997,997,1,111.1587
13930.0000,1393,2765.7230,0.0000,1000,1000,1000,1,111.3545
13940.0000,1394,2765.8899,0.0000,1000,1000,1000,1,111.5492
13950.0000,1395,2766.0569,0.0000,1000,1000,1000,1,111.7440
13960.0000,1396,2766.2234,0.0000,998,999,999,1,111.7186
13970.0000,1397,2766.3899,0.0000,1000,999,1000,1,112.1337
13980.0000,1398,2766.5550,0.0000,1000,999,1000,1,112.3272
13990.0000,1399,2766.7215,0.0000,1000,1000,1000,1,112.5209
14000.0000,1400,2766.8875,0.0000,1000,1000,999,1,112.7131
14010.0000,1401,2767.0525,0.0000,1000,1000,1000,1,112.2407
14020.0000,1402,2767.2180,0.0000,1000,1000,999,1,111.9915
14030.0000,1403,2767.3832,0.0000,1000,1000,1000,1,111.9637
14040.0000,1404,2767.5482,0.0000,1000,998,1000,1,111.9353
14050.0000,1405,2767.7120,0.0000,1000,997,1000,1,112.1277
14060.0000,1406,2767.8763,0.0000,1000,999,999,1,112.1018
14070.0000,1407,2768.0390,0.0000,1000,1000,995,1,111.2009
14080.0000,1408,2768.2000,0.0000,999,1000,997,1,110.9574
14090.0000,1409,2768.3630,0.0000,998,999,1000,1,110.7162
14100.0000,1410,2768.5241,0.0000,998,1000,998,1,110.2568
14110.0000,1411,2768.6870,0.0000,999,1000,997,1,109.8006
14120.0000,1412,2768.8497,0.0000,1000,999,998,1,109.8437
14130.0000,1413,2769.0127,0.0000,1000,1000,999,1,110.0399
14140.0000,1414,2769.1748,0.0000,997,999,999,1,109.3692
14150.0000,1415,2769.3370,0.0000,999,1000,1000,1,109.3481
14160.0000,1416,2769.4989,0.0000,1000,1000,1000,1,109.1115
14170.0000,1417,2769.6611,0.0000,999,1000,1000,1,109.4738
14180.0000,1418,2769.8227,0.0000,998,1000,1000,1,109.6678
14190.0000,1419,2769.9840,0.0000,999,1000,999,1,109.8617
14200.0000,1420,2770.1447,0.0000,999,1000,1000,1,110.2718
14210.0000,1421,2770.3050,0.0000,999,1000,999,1,110.8979
14220.0000,1422,2770.4656,0.0000,1000,1000,1000,1,111.3070
14230.0000,1423,2770.6253,0.0000,1000,1000,997,1,111.7157
14240.0000,1424,2770.7832,0.0000,1000,1000,998,1,111.6936
14250.0000,1425,2770.9432,0.0000,1000,998,1000,1,111.2408
14260.0000,1426,2771.1025,0.0000,1000,997,1000,1,110.7883
14270.0000,1427,2771.2608,0.0000,1000,997,998,1,110.7653
14280.0000,1428,2771.4192,0.0000,1000,1000,998,1,110.9573
14290.0000,1429,2771.5773,0.0000,1000,1000,999,1,111.3646
14300.0000,1430,2771.7363,0.0000,998,1000,1000,1,111.5562
14310.0000,1431,2771.8951,0.0000,1000,1000,1000,1,111.7480
14320.0000,1432,2772.0533,0.0000,997,1000,1000,1,111.9401
14330.0000,1433,2772.2112,0.0000,997,998,1000,1,112.1315
14340.0000,1434,2772.3679,0.0000,1000,1000,1000,1,111.8942
14350.0000,1435,2772.5253,0.0000,1000,1000,996,1,112.0850
14360.0000,1436,2772.6809,0.0000,1000,1000,999,1,112.0617
14370.0000,1437,2772.8379,0.0000,1000,1000,999,1,112.0381
14380.0000,1438,2772.9940,0.0000,999,996,999,1,111.5865
14390.0000,1439,2773.1497,0.0000,999,1000,1000,1,111.9899
14400.0000,1440,2773.3058,0.0000,999,1000,997,1,112.1795
14410.0000,1441,2773.4619,0.0000,1000,1000,1000,1,112.1590
14420.0000,1442,2773.6183,0.0000,1000,999,999,1,111.7142
14430.0000,1443,2773.7716,0.0000,1000,994,1000,1,110.4234
14440.0000,1444,2773.9241,0.0000,1000,997,1000,1,110.4020
14450.0000,1445,2774.0785,0.0000,1000,999,999,1,110.3820
14460.0000,1446,2774.2337,0.0000,1000,998,1000,1,109.7312
14470.0000,1447,2774.3884,0.0000,1000,1000,1000,1,109.7140
14480.0000,1448,2774.5433,0.0000,1000,998,1000,1,109.0635
14490.0000,1449,2774.6977,0.0000,999,1000,998,1,108.6255
14500.0000,1450,2774.8521,0.0000,999,1000,1000,1,108.8196
14510.0000,1451,2775.0050,0.0000,1000,999,1000,1,108.8038
14520.0000,1452,2775.1587,0.0000,996,999,999,1,108.7891
14530.0000,1453,2775.3124,0.0000,1000,1000,999,1,108.7744
14540.0000,1454,2775.4647,0.0000,1000,998,1000,1,108.1321
14550.0000,1455,2775.6183,0.0000,1000,1000,1000,1,108.3269
14560.0000,1456,2775.7720,0.0000,1000,1000,1000,1,108.3117
14570.0000,1457,2775.9246,0.0000,998,1000,1000,1,108.7145
14580.0000,1458,2776.0770,0.0000,1000,1000,999,1,108.9075
14590.0000,1459,2776.2292,0.0000,1000,1000,1000,1,108.4725
14600.0000,1460,2776.3820,0.0000,1000,1000,1000,1,108.6649
14610.0000,1461,2776.5333,0.0000,1000,998,998,1,108.2291
14620.0000,1462,2776.6826,0.0000,1000,999,998,1,107.1685
14630.0000,1463,2776.8340,0.0000,999,1000,1000,1,106.9445
14640.0000,1464,2776.9853,0.0000,999,1000,999,1,106.3050
14650.0000,1465,2777.1367,0.0000,1000,998,1000,1,106.3111
14660.0000,1466,2777.2875,0.0000,1000,998,999,1,106.7127
14670.0000,1467,2777.4382,0.0000,1000,998,1000,1,106.9065
14680.0000,1468,2777.5886,0.0000,1000,999,1000,1,106.6836
14690.0000,1469,2777.7386,0.0000,1000,998,1000,1,106.8771
14700.0000,1470,2777.8884,0.0000,1000,1000,1000,1,106.2412
14710.0000,1471,2778.0379,0.0000,999,997,1000,1,105.6094
14720.0000,1472,2778.1851,0.0000,996,999,1000,1,105.1854
14730.0000,1473,2778.3349,0.0000,1000,1000,1000,1,105.3802
14740.0000,1474,2778.4846,0.0000,999,1000,1000,1,104.5432
14750.0000,1475,2778.6345,0.0000,1000,1000,1000,1,104.9440
14760.0000,1476,2778.7843,0.0000,1000,999,999,1,105.3440
14770.0000,1477,2778.9327,0.0000,998,998,1000,1,104.7112
14780.0000,1478,2779.0803,0.0000,1000,999,1000,1,105.1100
14790.0000,1479,2779.2290,0.0000,1000,999,999,1,105.3020
14800.0000,1480,2779.3767,0.0000,995,999,1000,1,104.6661
14810.0000,1481,2779.5217,0.0000,998,999,999,1,104.6490
14820.0000,1482,2779.6700,0.0000,1000,999,1000,1,104.6336
14830.0000,1483,2779.8177,0.0000,999,1000,1000,1,104.2045
14840.0000,1484,2779.9653,0.0000,1000,1000,1000,1,104.1883
14850.0000,1485,2780.1124,0.0000,1000,1000,1000,1,103.9658
14860.0000,1486,2780.2599,0.0000,1000,1000,1000,1,104.5466
14870.0000,1487,2780.4073,0.0000,1000,999,1000,1,104.3221
14880.0000,1488,2780.5537,0.0000,1000,1000,1000,1,104.5339
14890.0000,1489,2780.6999,0.0000,1000,1000,1000,1,104.3117
14900.0000,1490,2780.8462,0.0000,996,1000,1000,1,104.6818
14910.0000,1491,2780.9900,0.0000,999,1000,1000,1,105.0768
14920.0000,1492,2781.1346,0.0000,997,1000,1000,1,105.2660
14930.0000,1493,2781.2803,0.0000,1000,1000,1000,1,105.6599
14940.0000,1494,2781.4264,0.0000,1000,1000,1000,1,106.0531
14950.0000,1495,2781.5715,0.0000,1000,1000,997,1,106.0340
14960.0000,1496,2781.7162,0.0000,998,1000,1000,1,106.2215
14970.0000,1497,2781.8613,0.0000,1000,1000,1000,1,106.4088
14980.0000,1498,2782.0061,0.0000,1000,998,1000,1,106.3904
14990.0000,1499,2782.1506,0.0000,1000,998,1000,1,105.7586
15000.0000,1500,2782.2952,0.0000,1000,1000,1000,1,105.7412
15010.0000,1501,2782.4391,0.0000,1000,1000,999,1,105.5197
15020.0000,1502,2782.5826,0.0000,1000,997,999,1,105.2991
15030.0000,1503,2782.7268,0.0000,1000,1000,999,1,105.2826
15040.0000,1504,2782.8706,0.0000,1000,1000,1000,1,105.2665
15050.0000,1505,2783.0134,0.0000,1000,1000,1000,1,105.2511
15060.0000,1506,2783.1557,0.0000,997,1000,1000,1,104.6263
15070.0000,1507,2783.2967,0.0000,997,999,999,1,104.4078
15080.0000,1508,2783.4397,0.0000,999,1000,1000,1,104.5956
15090.0000,1509,2783.5823,0.0000,1000,1000,1000,1,104.3753
15100.0000,1510,2783.7246,0.0000,997,1000,1000,1,104.3587
15110.0000,1511,2783.8670,0.0000,1000,1000,1000,1,104.1391
15120.0000,1512,2784.0095,0.0000,1000,997,1000,1,103.7163
15130.0000,1513,2784.1493,0.0000,1000,996,999,1,102.8877
15140.0000,1514,2784.2906,0.0000,1000,999,998,1,102.6702
15150.0000,1515,2784.4311,0.0000,997,1000,999,1,102.6565
15160.0000,1516,2784.5717,0.0000,999,1000,1000,1,102.4414
15170.0000,1517,2784.7133,0.0000,1000,999,1000,1,102.0246
15180.0000,1518,2784.8534,0.0000,1000,1000,1000,1,101.6081
15190.0000,1519,2784.9931,0.0000,999,998,1000,1,100.9953
15200.0000,1520,2785.1329,0.0000,998,1000,1000,1,101.3865
15210.0000,1521,2785.2728,0.0000,999,999,999,1,101.1782
15220.0000,1522,2785.4128,0.0000,1000,1000,999,1,101.3692
15230.0000,1523,2785.5533,0.0000,1000,999,1000,1,101.3599
15240.0000,1524,2785.6933,0.0000,1000,999,1000,1,101.5063
15250.0000,1525,2785.8321,0.0000,997,998,1000,1,101.3402
15260.0000,1526,2785.9697,0.0000,1000,1000,995,1,101.7294
15270.0000,1527,2786.1066,0.0000,1000,996,998,1,100.7227
15280.0000,1528,2786.2447,0.0000,1000,996,1000,1,100.5139
15290.0000,1529,2786.3835,0.0000,999,1000,1000,1,100.7033
15300.0000,1530,2786.5213,0.0000,998,999,999,1,100.6934
15310.0000,1531,2786.6603,0.0000,1000,1000,999,1,101.2808
15320.0000,1532,2786.7981,0.0000,1000,1000,999,1,101.6684
15330.0000,1533,2786.9365,0.0000,1000,1000,999,1,101.6568
15340.0000,1534,2787.0740,0.0000,999,1000,1000,1,101.2468
15350.0000,1535,2787.2124,0.0000,1000,998,999,1,101.4334
15360.0000,1536,2787.3488,0.0000,1000,996,999,1,100.4246
15370.0000,1537,2787.4841,0.0000,1000,999,998,1,100.0129
15380.0000,1538,2787.6214,0.0000,1000,1000,1000,1,100.2006
15390.0000,1539,2787.7585,0.0000,1000,1000,1000,1,100.1892
15400.0000,1540,2787.8959,0.0000,1000,999,999,1,100.5382
15410.0000,1541,2788.0317,0.0000,1000,1000,998,1,100.7244
15420.0000,1542,2788.1686,0.0000,1000,999,1000,1,101.1091
15430.0000,1543,2788.3051,0.0000,1000,999,998,1,100.8985
15440.0000,1544,2788.4406,0.0000,1000,996,1000,1,101.4806
15450.0000,1545,2788.5764,0.0000,999,1000,1000,1,101.8641
15460.0000,1546,2788.7129,0.0000,999,1000,1000,1,102.2465
15470.0000,1547,2788.8489,0.0000,999,1000,999,1,102.6280
15480.0000,1548,2788.9848,0.0000,999,999,1000,1,102.6122
15490.0000,1549,2789.1199,0.0000,1000,997,1000,1,101.6022
15500.0000,1550,2789.2545,0.0000,1000,1000,1000,1,101.5865
15510.0000,1551,2789.3882,0.0000,998,999,998,1,101.5703
15520.0000,1552,2789.5216,0.0000,999,998,1000,1,101.3545
15530.0000,1553,2789.6564,0.0000,1000,1000,998,1,101.1396
15540.0000,1554,2789.7911,0.0000,1000,1000,1000,1,101.3204
15550.0000,1555,2789.9251,0.0000,1000,1000,1000,1,100.7072
15560.0000,1556,2790.0580,0.0000,1000,1000,1000,1,100.4906
15570.0000,1557,2790.1918,0.0000,1000,999,1000,1,100.2750
15580.0000,1558,2790.3241,0.0000,1000,996,1000,1,100.2573
15590.0000,1559,2790.4549,0.0000,1000,994,1000,1,100.0422
15600.0000,1560,2790.5869,0.0000,1000,1000,999,1,99.6305
15610.0000,1561,2790.7198,0.0000,1000,999,1000,1,99.6137
15620.0000,1562,2790.8529,0.0000,999,999,997,1,99.2011
15630.0000,1563,2790.9833,0.0000,1000,998,998,1,98.9853
15640.0000,1564,2791.1163,0.0000,1000,1000,1000,1,99.3638
15650.0000,1565,2791.2471,0.0000,995,1000,1000,1,99.3469
15660.0000,1566,2791.3757,0.0000,993,1000,1000,1,99.1335
15670.0000,1567,2791.5051,0.0000,998,1000,999,1,98.7246
15680.0000,1568,2791.6375,0.0000,1000,999,1000,1,98.9060
15690.0000,1569,2791.7686,0.0000,1000,1000,997,1,98.4962
15700.0000,1570,2791.8989,0.0000,1000,998,999,1,98.2849
15710.0000,1571,2792.0273,0.0000,1000,993,1000,1,98.6626
15720.0000,1572,2792.1570,0.0000,1000,1000,1000,1,98.4512
15730.0000,1573,2792.2887,0.0000,1000,1000,997,1,98.0441
15740.0000,1574,2792.4194,0.0000,999,1000,998,1,97.8338
15750.0000,1575,2792.5497,0.0000,998,999,1000,1,97.4295
15760.0000,1576,2792.6798,0.0000,999,999,1000,1,97.6118
15770.0000,1577,2792.8098,0.0000,998,1000,1000,1,97.9888
15780.0000,1578,2792.9396,0.0000,1000,1000,999,1,97.5856
15790.0000,1579,2793.0703,0.0000,1000,1000,1000,1,97.5724
15800.0000,1580,2793.2002,0.0000,1000,996,1000,1,97.9485
15810.0000,1581,2793.3293,0.0000,1000,999,1000,1,97.9347
15820.0000,1582,2793.4596,0.0000,999,1000,1000,1,98.5049
15830.0000,1583,2793.5888,0.0000,1000,999,998,1,98.4893
15840.0000,1584,2793.7161,0.0000,997,1000,998,1,98.2797
15850.0000,1585,2793.8440,0.0000,999,997,998,1,98.0708
15860.0000,1586,2793.9720,0.0000,999,1000,1000,1,98.2506
15870.0000,1587,2794.1004,0.0000,1000,997,998,1,98.2378
15880.0000,1588,2794.2281,0.0000,999,998,1000,1,98.4187
15890.0000,1589,2794.3573,0.0000,1000,1000,1000,1,98.4067
15900.0000,1590,2794.4854,0.0000,998,999,999,1,98.5870
15910.0000,1591,2794.6139,0.0000,999,1000,1000,1,98.7671
15920.0000,1592,2794.7420,0.0000,1000,1000,1000,1,98.1742
15930.0000,1593,2794.8690,0.0000,1000,996,999,1,97.9686
15940.0000,1594,2794.9957,0.0000,1000,999,998,1,97.5725
15950.0000,1595,2795.1229,0.0000,1000,999,1000,1,97.7536
15960.0000,1596,2795.2506,0.0000,997,996,999,1,98.1266
15970.0000,1597,2795.3765,0.0000,999,1000,1000,1,98.1150
15980.0000,1598,2795.5037,0.0000,1000,1000,1000,1,98.4874
15990.0000,1599,2795.6313,0.0000,1000,1000,1000,1,98.0910
16000.0000,1600,2795.7569,0.0000,998,1000,998,1,97.5013
16010.0000,1601,2795.8826,0.0000,1000,997,1000,1,96.7235
16020.0000,1602,2796.0081,0.0000,998,999,997,1,95.9465
16030.0000,1603,2796.1330,0.0000,998,999,1000,1,95.7453
16040.0000,1604,2796.2595,0.0000,1000,1000,999,1,95.5468
16050.0000,1605,2796.3857,0.0000,1000,1000,1000,1,95.3472
16060.0000,1606,2796.5112,0.0000,999,998,998,1,94.9570
16070.0000,1607,2796.6367,0.0000,999,999,997,1,94.1860
16080.0000,1608,2796.7612,0.0000,999,1000,1000,1,94.1771
16090.0000,1609,2796.8868,0.0000,1000,1000,999,1,94.1684
16100.0000,1610,2797.0124,0.0000,1000,1000,999,1,94.5401
16110.0000,1611,2797.1371,0.0000,999,999,999,1,94.7210
16120.0000,1612,2797.2613,0.0000,1000,998,998,1,94.7107
16130.0000,1613,2797.3864,0.0000,999,1000,998,1,94.3194
16140.0000,1614,2797.5110,0.0000,1000,1000,1000,1,94.3088
16150.0000,1615,2797.6344,0.0000,1000,998,996,1,93.7265
16160.0000,1616,2797.7583,0.0000,998,1000,999,1,93.9327
16170.0000,1617,2797.8812,0.0000,998,1000,996,1,93.9221
16180.0000,1618,2798.0041,0.0000,998,996,1000,1,93.1542
16190.0000,1619,2798.1251,0.0000,996,997,999,1,93.1450
16200.0000,1620,2798.2461,0.0000,995,998,999,1,92.7585
16210.0000,1621,2798.3675,0.0000,998,999,999,1,92.7224
16220.0000,1622,2798.4909,0.0000,1000,999,1000,1,92.9315
16230.0000,1623,2798.6140,0.0000,998,998,1000,1,92.8956
16240.0000,1624,2798.7371,0.0000,1000,1000,1000,1,93.0763
16250.0000,1625,2798.8605,0.0000,1000,1000,1000,1,92.9064
16260.0000,1626,2798.9836,0.0000,1000,999,998,1,92.7076
16270.0000,1627,2799.1057,0.0000,1000,999,999,1,92.2954
16280.0000,1628,2799.2279,0.0000,999,999,1000,1,92.1279
16290.0000,1629,2799.3503,0.0000,998,1000,1000,1,92.2832
16300.0000,1630,2799.4718,0.0000,1000,1000,1000,1,92.4641
16310.0000,1631,2799.5942,0.0000,1000,1000,1000,1,92.6449
16320.0000,1632,2799.7164,0.0000,1000,999,1000,1,92.8259
16330.0000,1633,2799.8371,0.0000,1000,999,998,1,92.8882
16340.0000,1634,2799.9581,0.0000,1000,999,1000,1,93.0696
16350.0000,1635,2800.0794,0.0000,1000,1000,1000,1,93.0642
16360.0000,1636,2800.1998,0.0000,998,996,1000,1,92.1276
16370.0000,1637,2800.3189,0.0000,999,1000,999,1,91.9382
16380.0000,1638,2800.4399,0.0000,1000,1000,998,1,92.3066
16390.0000,1639,2800.5600,0.0000,999,1000,997,1,92.3037
16400.0000,1640,2800.6804,0.0000,1000,1000,1000,1,92.2998
16410.0000,1641,2800.8013,0.0000,1000,996,1000,1,92.4811
16420.0000,1642,2800.9204,0.0000,1000,999,1000,1,92.4759
16430.0000,1643,2801.0407,0.0000,997,1000,1000,1,91.9129
16440.0000,1644,2801.1607,0.0000,1000,1000,1000,1,91.9067
16450.0000,1645,2801.2803,0.0000,999,1000,1000,1,91.8333
16460.0000,1646,2801.4000,0.0000,1000,1000,1000,1,91.6439
16470.0000,1647,2801.5199,0.0000,999,1000,999,1,91.6407
16480.0000,1648,2801.6394,0.0000,1000,999,1000,1,91.4520
16490.0000,1649,2801.7585,0.0000,997,1000,998,1,91.4627
16500.0000,1650,2801.8778,0.0000,999,1000,1000,1,91.0906
16510.0000,1651,2801.9967,0.0000,999,997,998,1,90.9538
16520.0000,1652,2802.1137,0.0000,1000,1000,993,1,90.9528
16530.0000,1653,2802.2304,0.0000,998,1000,998,1,90.5861
16540.0000,1654,2802.3487,0.0000,998,1000,1000,1,90.6998
16550.0000,1655,2802.4674,0.0000,1000,1000,1000,1,91.0665
16560.0000,1656,2802.5859,0.0000,999,1000,998,1,90.7016
16570.0000,1657,2802.7040,0.0000,1000,998,998,1,90.7024
16580.0000,1658,2802.8195,0.0000,999,999,1000,1,90.7044
16590.0000,1659,2802.9370,0.0000,999,999,1000,1,90.5243
16600.0000,1660,2803.0543,0.0000,1000,998,1000,1,90.8905
16610.0000,1661,2803.1715,0.0000,1000,998,999,1,90.8928
16620.0000,1662,2803.2871,0.0000,999,1000,999,1,90.7138
16630.0000,1663,2803.4035,0.0000,998,1000,999,1,90.7178
16640.0000,1664,2803.5186,0.0000,998,995,998,1,89.8207
16650.0000,1665,2803.6348,0.0000,1000,999,1000,1,89.8271
16660.0000,1666,2803.7523,0.0000,1000,999,1000,1,90.0134
16670.0000,1667,2803.8688,0.0000,1000,997,1000,1,89.8390
16680.0000,1668,2803.9816,0.0000,1000,993,996,1,89.1257
16690.0000,1669,2804.0943,0.0000,998,993,1000,1,89.3127
16700.0000,1670,2804.2067,0.0000,1000,992,999,1,89.6792
16710.0000,1671,2804.3187,0.0000,1000,994,1000,1,90.0452
16720.0000,1672,2804.4318,0.0000,1000,997,998,1,89.5212
16730.0000,1673,2804.5477,0.0000,998,1000,1000,1,89.5327
16740.0000,1674,2804.6631,0.0000,1000,996,1000,1,89.5439
16750.0000,1675,2804.7775,0.0000,997,999,994,1,88.3122
16760.0000,1676,2804.8919,0.0000,999,1000,999,1,88.6773
16770.0000,1677,2805.0065,0.0000,998,1000,1000,1,88.1593
16780.0000,1678,2805.1217,0.0000,998,999,1000,1,87.8195
16790.0000,1679,2805.2364,0.0000,999,1000,999,1,87.4809
16800.0000,1680,2805.3516,0.0000,1000,999,999,1,87.3186
16810.0000,1681,2805.4666,0.0000,1000,998,1000,1,87.1568
16820.0000,1682,2805.5816,0.0000,1000,1000,1000,1,87.3472
16830.0000,1683,2805.6949,0.0000,999,996,1000,1,87.7134
16840.0000,1684,2805.8086,0.0000,1000,1000,1000,1,87.1993
16850.0000,1685,2805.9235,0.0000,1000,1000,1000,1,87.3886
16860.0000,1686,2806.0377,0.0000,1000,1000,999,1,87.2246
16870.0000,1687,2806.1521,0.0000,1000,1000,999,1,87.0614
16880.0000,1688,2806.2648,0.0000,997,999,999,1,86.5471
16890.0000,1689,2806.3765,0.0000,1000,996,997,1,86.2102
16900.0000,1690,2806.4885,0.0000,1000,1000,999,1,86.2246
16910.0000,1691,2806.6017,0.0000,1000,996,998,1,86.4150
16920.0000,1692,2806.7145,0.0000,999,1000,1000,1,86.6056
16930.0000,1693,2806.8282,0.0000,1000,1000,1000,1,86.6221
16940.0000,1694,2806.9411,0.0000,999,999,998,1,86.6383
16950.0000,1695,2807.0545,0.0000,1000,1000,999,1,86.6563
16960.0000,1696,2807.1668,0.0000,999,997,999,1,86.4993
16970.0000,1697,2807.2782,0.0000,1000,1000,1000,1,85.9957
16980.0000,1698,2807.3897,0.0000,996,1000,1000,1,85.8424
16990.0000,1699,2807.5009,0.0000,999,998,999,1,85.8620
17000.0000,1700,2807.6125,0.0000,1000,1000,999,1,85.7105
17010.0000,1701,2807.7249,0.0000,1000,998,1000,1,85.5588
17020.0000,1702,2807.8368,0.0000,1000,1000,1000,1,85.4056
17030.0000,1703,2807.9495,0.0000,1000,1000,1000,1,85.4241
17040.0000,1704,2808.0616,0.0000,998,999,1000,1,85.2937
17050.0000,1705,2808.1736,0.0000,1000,1000,1000,1,85.4612
17060.0000,1706,2808.2835,0.0000,998,999,997,1,84.4658
17070.0000,1707,2808.3941,0.0000,999,1000,996,1,84.6579
17080.0000,1708,2808.5053,0.0000,999,1000,998,1,84.6772
17090.0000,1709,2808.6170,0.0000,1000,1000,1000,1,84.0092
17100.0000,1710,2808.7280,0.0000,998,1000,1000,1,84.0850
17110.0000,1711,2808.8385,0.0000,1000,1000,999,1,84.1059
17120.0000,1712,2808.9492,0.0000,998,1000,1000,1,84.2980
17130.0000,1713,2809.0599,0.0000,998,1000,997,1,84.6614
17140.0000,1714,2809.1701,0.0000,1000,1000,998,1,85.1954
17150.0000,1715,2809.2802,0.0000,1000,1000,1000,1,85.5581
17160.0000,1716,2809.3904,0.0000,998,1000,1000,1,85.9203
17170.0000,1717,2809.5004,0.0000,1000,1000,1000,1,86.2820
17180.0000,1718,2809.6101,0.0000,1000,998,999,1,86.1303
17190.0000,1719,2809.7198,0.0000,1000,998,999,1,85.8080
17200.0000,1720,2809.8300,0.0000,1000,1000,999,1,85.8278
17210.0000,1721,2809.9393,0.0000,998,999,999,1,86.0178
17220.0000,1722,2810.0474,0.0000,997,1000,1000,1,86.0370
17230.0000,1723,2810.1566,0.0000,999,1000,999,1,86.5674
17240.0000,1724,2810.2665,0.0000,1000,1000,1000,1,86.7557
17250.0000,1725,2810.3761,0.0000,998,1000,1000,1,87.1142
17260.0000,1726,2810.4846,0.0000,1000,1000,999,1,87.1312
17270.0000,1727,2810.5932,0.0000,999,999,999,1,87.3193
17280.0000,1728,2810.7023,0.0000,1000,1000,1000,1,87.5071
17290.0000,1729,2810.8113,0.0000,1000,997,1000,1,87.5221
17300.0000,1730,2810.9188,0.0000,1000,998,1000,1,87.7070
17310.0000,1731,2811.0276,0.0000,1000,1000,999,1,87.7228
17320.0000,1732,2811.1358,0.0000,999,1000,999,1,87.9084
17330.0000,1733,2811.2433,0.0000,999,998,1000,1,87.7531
17340.0000,1734,2811.3506,0.0000,1000,1000,999,1,87.7683
17350.0000,1735,2811.4583,0.0000,997,1000,996,1,87.9538
17360.0000,1736,2811.5646,0.0000,1000,1000,1000,1,88.1394
17370.0000,1737,2811.6716,0.0000,996,1000,1000,1,88.1539
17380.0000,1738,2811.7785,0.0000,1000,999,1000,1,87.6590
17390.0000,1739,2811.8860,0.0000,1000,999,999,1,87.5046
17400.0000,1740,2811.9935,0.0000,1000,998,1000,1,87.3495
17410.0000,1741,2812.0996,0.0000,1000,1000,999,1,86.6844
17420.0000,1742,2812.2067,0.0000,1000,998,1000,1,86.1912
17430.0000,1743,2812.3128,0.0000,998,997,1000,1,86.0377
17440.0000,1744,2812.4188,0.0000,1000,998,1000,1,85.7140
17450.0000,1745,2812.5255,0.0000,999,1000,998,1,85.8987
17460.0000,1746,2812.6306,0.0000,1000,1000,1000,1,86.0834
17470.0000,1747,2812.7369,0.0000,1000,1000,999,1,86.0987
17480.0000,1748,2812.8434,0.0000,1000,999,1000,1,86.2827
17490.0000,1749,2812.9500,0.0000,1000,1000,998,1,86.2964
17500.0000,1750,2813.0539,0.0000,1000,1000,998,1,85.9724
17510.0000,1751,2813.1602,0.0000,999,1000,999,1,85.9868
17520.0000,1752,2813.2663,0.0000,1000,1000,998,1,85.6635
17530.0000,1753,2813.3720,0.0000,999,1000,1000,1,86.0166
17540.0000,1754,2813.4778,0.0000,1000,998,1000,1,86.0319
17550.0000,1755,2813.5824,0.0000,1000,1000,999,1,85.8782
17560.0000,1756,2813.6873,0.0000,999,1000,999,1,85.8945
17570.0000,1757,2813.7923,0.0000,1000,996,1000,1,85.4053
17580.0000,1758,2813.8967,0.0000,1000,1000,1000,1,85.0837
17590.0000,1759,2814.0020,0.0000,999,999,1000,1,85.0674
17600.0000,1760,2814.1070,0.0000,1000,1000,1000,1,84.9142
17610.0000,1761,2814.2108,0.0000,1000,998,1000,1,84.5928
17620.0000,1762,2814.3140,0.0000,998,1000,996,1,84.6092
17630.0000,1763,2814.4177,0.0000,999,1000,999,1,84.4584
17640.0000,1764,2814.5217,0.0000,1000,999,1000,1,84.6431
17650.0000,1765,2814.6255,0.0000,998,1000,999,1,84.1584
17660.0000,1766,2814.7298,0.0000,999,1000,1000,1,83.6749
17670.0000,1767,2814.8329,0.0000,1000,996,1000,1,83.6928
17680.0000,1768,2814.9368,0.0000,1000,1000,1000,1,83.5435
17690.0000,1769,2815.0409,0.0000,999,1000,999,1,82.8940
17700.0000,1770,2815.1446,0.0000,1000,1000,999,1,83.0791
17710.0000,1771,2815.2478,0.0000,1000,998,1000,1,82.7673
17720.0000,1772,2815.3508,0.0000,998,1000,999,1,82.9525
17730.0000,1773,2815.4527,0.0000,999,1000,999,1,82.9714
17740.0000,1774,2815.5556,0.0000,1000,1000,1000,1,82.9923
17750.0000,1775,2815.6594,0.0000,1000,1000,1000,1,83.1780
17760.0000,1776,2815.7628,0.0000,999,1000,999,1,83.1964
17770.0000,1777,2815.8650,0.0000,1000,1000,1000,1,83.0489
17780.0000,1778,2815.9680,0.0000,998,1000,999,1,83.0669
17790.0000,1779,2816.0710,0.0000,1000,1000,1000,1,83.4163
17800.0000,1780,2816.1741,0.0000,1000,1000,999,1,83.7651
17810.0000,1781,2816.2763,0.0000,997,1000,1000,1,83.2814
17820.0000,1782,2816.3788,0.0000,999,999,999,1,83.4942
17830.0000,1783,2816.4809,0.0000,1000,998,998,1,83.3144
17840.0000,1784,2816.5827,0.0000,1000,1000,1000,1,83.3625
17850.0000,1785,2816.6847,0.0000,1000,1000,1000,1,83.5138
17860.0000,1786,2816.7869,0.0000,1000,999,1000,1,83.7268
17870.0000,1787,2816.8893,0.0000,1000,1000,1000,1,84.2395
17880.0000,1788,2816.9917,0.0000,1000,1000,1000,1,84.7516
17890.0000,1789,2817.0923,0.0000,999,1000,995,1,84.9312
17900.0000,1790,2817.1921,0.0000,997,1000,1000,1,85.4424
17910.0000,1791,2817.2932,0.0000,999,1000,999,1,85.2908
17920.0000,1792,2817.3930,0.0000,999,999,999,1,85.3046
17930.0000,1793,2817.4943,0.0000,1000,1000,1000,1,85.6495
17940.0000,1794,2817.5953,0.0000,1000,1000,1000,1,85.4993
17950.0000,1795,2817.6960,0.0000,999,1000,1000,1,85.1845
17960.0000,1796,2817.7969,0.0000,1000,1000,1000,1,85.0348
17970.0000,1797,2817.8980,0.0000,999,999,1000,1,85.0495
17980.0000,1798,2817.9984,0.0000,1000,999,999,1,85.0640
17990.0000,1799,2818.0978,0.0000,1000,1000,999,1,84.7481
18000.0000,1800,2818.1983,0.0000,1000,1000,1000,1,84.7637
18010.0000,1801,2818.2987,0.0000,998,1000,997,1,84.9433
18020.0000,1802,2818.3987,0.0000,999,1000,1000,1,84.6290
18030.0000,1803,2818.4990,0.0000,1000,1000,1000,1,84.8078
18040.0000,1804,2818.5993,0.0000,1000,1000,999,1,84.8217
18050.0000,1805,2818.6987,0.0000,999,1000,1000,1,84.8342
18060.0000,1806,2818.7981,0.0000,999,997,1000,1,84.3546
18070.0000,1807,2818.8964,0.0000,1000,998,1000,1,83.8765
18080.0000,1808,2818.9954,0.0000,999,997,1000,1,83.4017
18090.0000,1809,2819.0948,0.0000,1000,999,998,1,83.5813
18100.0000,1810,2819.1944,0.0000,1000,1000,1000,1,83.5961
18110.0000,1811,2819.2936,0.0000,1000,1000,1000,1,83.4464
18120.0000,1812,2819.3927,0.0000,999,1000,998,1,83.4605
18130.0000,1813,2819.4913,0.0000,1000,998,999,1,82.9837
18140.0000,1814,2819.5901,0.0000,1000,1000,1000,1,82.9981
18150.0000,1815,2819.6882,0.0000,1000,1000,1000,1,82.8153
18160.0000,1816,2819.7872,0.0000,1000,1000,1000,1,83.1567
18170.0000,1817,2819.8843,0.0000,999,1000,998,1,83.0395
18180.0000,1818,2819.9818,0.0000,998,1000,1000,1,83.0521
18190.0000,1819,2820.0802,0.0000,999,999,999,1,83.2283
18200.0000,1820,2820.1782,0.0000,998,1000,999,1,83.3693
18210.0000,1821,2820.2756,0.0000,1000,999,1000,1,83.0879
18220.0000,1822,2820.3736,0.0000,999,1000,1000,1,82.9382
18230.0000,1823,2820.4716,0.0000,998,1000,999,1,82.9521
18240.0000,1824,2820.5690,0.0000,1000,999,1000,1,83.1287
18250.0000,1825,2820.6667,0.0000,1000,1000,999,1,82.9784
18260.0000,1826,2820.7643,0.0000,996,1000,1000,1,83.1541
18270.0000,1827,2820.8588,0.0000,994,998,1000,1,82.3512
18280.0000,1828,2820.9541,0.0000,998,1000,998,1,82.6901
18290.0000,1829,2821.0505,0.0000,998,999,1000,1,82.7052
18300.0000,1830,2821.1473,0.0000,1000,999,998,1,82.7204
18310.0000,1831,2821.2438,0.0000,1000,1000,999,1,82.7347
18320.0000,1832,2821.3409,0.0000,999,1000,999,1,82.9118
18330.0000,1833,2821.4363,0.0000,1000,996,999,1,82.1168
18340.0000,1834,2821.5315,0.0000,999,997,999,1,82.0968
18350.0000,1835,2821.6253,0.0000,998,997,998,1,81.9486
18360.0000,1836,2821.7209,0.0000,1000,1000,1000,1,82.1246
18370.0000,1837,2821.8174,0.0000,1000,999,1000,1,82.6242
18380.0000,1838,2821.9136,0.0000,998,1000,1000,1,82.9617
18390.0000,1839,2822.0094,0.0000,998,1000,1000,1,82.9753
18400.0000,1840,2822.1040,0.0000,1000,997,1000,1,82.9894
18410.0000,1841,2822.2000,0.0000,1000,999,1000,1,83.3263
18420.0000,1842,2822.2962,0.0000,1000,999,1000,1,83.6629
18430.0000,1843,2822.3918,0.0000,1000,999,999,1,83.6782
18440.0000,1844,2822.4874,0.0000,1000,1000,1000,1,83.8539
18450.0000,1845,2822.5827,0.0000,1000,1000,999,1,83.3875
18460.0000,1846,2822.6781,0.0000,1000,999,1000,1,83.4022
18470.0000,1847,2822.7735,0.0000,999,1000,1000,1,83.5772
18480.0000,1848,2822.8687,0.0000,1000,1000,1000,1,83.7520
18490.0000,1849,2822.9637,0.0000,998,1000,998,1,83.4445
18500.0000,1850,2823.0570,0.0000,998,1000,1000,1,83.1375
18510.0000,1851,2823.1518,0.0000,1000,999,1000,1,83.3125
18520.0000,1852,2823.2465,0.0000,1000,1000,999,1,82.8462
18530.0000,1853,2823.3411,0.0000,998,1000,1000,1,83.0207
18540.0000,1854,2823.4356,0.0000,1000,998,998,1,83.0339
18550.0000,1855,2823.5304,0.0000,1000,999,1000,1,83.0469
18560.0000,1856,2823.6251,0.0000,1000,1000,1000,1,83.2199
18570.0000,1857,2823.7196,0.0000,1000,1000,1000,1,83.3926
18580.0000,1858,2823.8138,0.0000,1000,999,999,1,82.9227
18590.0000,1859,2823.9080,0.0000,998,999,999,1,82.7743
18600.0000,1860,2824.0013,0.0000,999,999,1000,1,82.9464
18610.0000,1861,2824.0934,0.0000,1000,1000,995,1,82.3179
18620.0000,1862,2824.1870,0.0000,1000,1000,999,1,82.4904
18630.0000,1863,2824.2806,0.0000,1000,998,1000,1,82.6628
18640.0000,1864,2824.3736,0.0000,997,1000,997,1,82.1963
18650.0000,1865,2824.4658,0.0000,997,1000,1000,1,82.2088
18660.0000,1866,2824.5586,0.0000,998,999,1000,1,82.2217
18670.0000,1867,2824.6521,0.0000,999,1000,999,1,81.9157
18680.0000,1868,2824.7447,0.0000,1000,999,999,1,81.6107
18690.0000,1869,2824.8381,0.0000,1000,1000,999,1,81.6271
18700.0000,1870,2824.9314,0.0000,1000,1000,1000,1,82.1160
18710.0000,1871,2825.0247,0.0000,998,1000,1000,1,82.4472
18720.0000,1872,2825.1173,0.0000,1000,1000,1000,1,82.4588
18730.0000,1873,2825.2103,0.0000,999,1000,1000,1,82.4696
18740.0000,1874,2825.3027,0.0000,998,1000,1000,1,82.1606
18750.0000,1875,2825.3951,0.0000,1000,1000,998,1,82.0110
18760.0000,1876,2825.4876,0.0000,997,999,1000,1,82.3407
18770.0000,1877,2825.5792,0.0000,1000,1000,998,1,82.1914
18780.0000,1878,2825.6711,0.0000,999,999,999,1,82.0425
18790.0000,1879,2825.7634,0.0000,1000,999,1000,1,82.3720
18800.0000,1880,2825.8535,0.0000,995,996,1000,1,82.3831
18810.0000,1881,2825.9440,0.0000,1000,1000,1000,1,82.7128
18820.0000,1882,2826.0357,0.0000,1000,999,1000,1,82.5667
18830.0000,1883,2826.1273,0.0000,999,999,997,1,82.4197
18840.0000,1884,2826.2171,0.0000,999,999,998,1,82.2723
18850.0000,1885,2826.3075,0.0000,1000,999,1000,1,82.7591
18860.0000,1886,2826.3989,0.0000,999,999,999,1,82.6123
18870.0000,1887,2826.4904,0.0000,1000,1000,1000,1,82.9402
18880.0000,1888,2826.5811,0.0000,998,997,1000,1,82.9505
18890.0000,1889,2826.6720,0.0000,999,1000,999,1,82.9619
18900.0000,1890,2826.7626,0.0000,999,1000,999,1,82.8155
18910.0000,1891,2826.8537,0.0000,1000,1000,1000,1,82.5114
18920.0000,1892,2826.9450,0.0000,1000,1000,1000,1,82.8383
18930.0000,1893,2827.0352,0.0000,1000,998,999,1,82.8481
18940.0000,1894,2827.1260,0.0000,1000,1000,998,1,82.8578
18950.0000,1895,2827.2170,0.0000,1000,1000,999,1,83.0250
18960.0000,1896,2827.3077,0.0000,1000,1000,1000,1,83.0344
18970.0000,1897,2827.3973,0.0000,994,1000,1000,1,83.2019
18980.0000,1898,2827.4852,0.0000,1000,1000,1000,1,82.7397
18990.0000,1899,2827.5754,0.0000,998,1000,1000,1,82.7502
19000.0000,1900,2827.6647,0.0000,1000,1000,1000,1,82.7601
19010.0000,1901,2827.7546,0.0000,1000,998,1000,1,82.1385
19020.0000,1902,2827.8438,0.0000,1000,999,1000,1,82.1483
19030.0000,1903,2827.9341,0.0000,1000,1000,998,1,81.9993
19040.0000,1904,2828.0235,0.0000,999,1000,999,1,81.6919
19050.0000,1905,2828.1126,0.0000,1000,1000,998,1,81.5430
19060.0000,1906,2828.2010,0.0000,1000,1000,999,1,81.2365
19070.0000,1907,2828.2894,0.0000,999,1000,998,1,80.7739
19080.0000,1908,2828.3787,0.0000,1000,1000,998,1,80.7828
19090.0000,1909,2828.4676,0.0000,998,1000,999,1,80.6341
19100.0000,1910,2828.5566,0.0000,1000,999,999,1,80.8003
19110.0000,1911,2828.6443,0.0000,997,999,1000,1,80.9673
19120.0000,1912,2828.7329,0.0000,1000,999,999,1,80.9774
19130.0000,1913,2828.8218,0.0000,999,1000,999,1,80.5171
19140.0000,1914,2828.9095,0.0000,998,999,998,1,79.7468
19150.0000,1915,2828.9976,0.0000,1000,1000,999,1,79.7587
19160.0000,1916,2829.0861,0.0000,998,999,1000,1,79.7708
19170.0000,1917,2829.1746,0.0000,1000,998,999,1,79.6838
19180.0000,1918,2829.2629,0.0000,1000,1000,999,1,79.5394
19190.0000,1919,2829.3513,0.0000,1000,1000,1000,1,79.5508
19200.0000,1920,2829.4396,0.0000,1000,1000,1000,1,79.5620
19210.0000,1921,2829.5275,0.0000,1000,1000,1000,1,79.5723
19220.0000,1922,2829.6157,0.0000,1000,999,1000,1,79.4256
19230.0000,1923,2829.7036,0.0000,1000,999,1000,1,79.6922
19240.0000,1924,2829.7910,0.0000,998,1000,1000,1,79.2360
19250.0000,1925,2829.8784,0.0000,999,999,1000,1,79.0922
19260.0000,1926,2829.9659,0.0000,1000,998,999,1,78.9493
19270.0000,1927,2830.0527,0.0000,1000,1000,1000,1,78.9609
19280.0000,1928,2830.1403,0.0000,1000,1000,999,1,79.0264
19290.0000,1929,2830.2273,0.0000,1000,999,1000,1,78.9831
19300.0000,1930,2830.3146,0.0000,1000,996,999,1,78.9945
19310.0000,1931,2830.3995,0.0000,998,994,999,1,79.3163
19320.0000,1932,2830.4843,0.0000,1000,996,1000,1,79.3282
19330.0000,1933,2830.5693,0.0000,1000,996,997,1,79.6502
19340.0000,1934,2830.6554,0.0000,1000,1000,1000,1,79.8160
19350.0000,1935,2830.7428,0.0000,1000,1000,1000,1,80.2916
19360.0000,1936,2830.8299,0.0000,1000,1000,1000,1,80.3004
19370.0000,1937,2830.9168,0.0000,998,1000,1000,1,79.8424
19380.0000,1938,2831.0023,0.0000,1000,996,998,1,79.5401
19390.0000,1939,2831.0875,0.0000,999,1000,999,1,79.2401
19400.0000,1940,2831.1726,0.0000,1000,1000,997,1,79.4050
19410.0000,1941,2831.2576,0.0000,1000,998,996,1,78.9540
19420.0000,1942,2831.3422,0.0000,996,1000,1000,1,78.3518
19430.0000,1943,2831.4272,0.0000,997,1000,1000,1,78.3604
19440.0000,1944,2831.5125,0.0000,1000,1000,998,1,78.0665
19450.0000,1945,2831.5981,0.0000,1000,999,1000,1,78.0803
19460.0000,1946,2831.6842,0.0000,1000,1000,1000,1,78.0943
19470.0000,1947,2831.7701,0.0000,999,1000,1000,1,78.1079
19480.0000,1948,2831.8556,0.0000,1000,1000,1000,1,78.1213
19490.0000,1949,2831.9411,0.0000,999,999,999,1,77.6740
19500.0000,1950,2832.0262,0.0000,1000,1000,1000,1,77.8409
19510.0000,1951,2832.1117,0.0000,998,998,1000,1,77.8547
19520.0000,1952,2832.1961,0.0000,999,1000,998,1,78.0203
19530.0000,1953,2832.2817,0.0000,1000,1000,999,1,78.0370
19540.0000,1954,2832.3668,0.0000,998,999,1000,1,78.1966
19550.0000,1955,2832.4507,0.0000,999,1000,1000,1,78.2084
19560.0000,1956,2832.5358,0.0000,999,999,997,1,78.0669
19570.0000,1957,2832.6205,0.0000,1000,999,999,1,78.2312
19580.0000,1958,2832.7049,0.0000,1000,999,1000,1,78.2423
19590.0000,1959,2832.7899,0.0000,999,999,1000,1,78.1004
19600.0000,1960,2832.8738,0.0000,999,1000,999,1,78.2650
19610.0000,1961,2832.9576,0.0000,999,1000,999,1,78.4291
19620.0000,1962,2833.0419,0.0000,1000,998,999,1,78.5930
19630.0000,1963,2833.1257,0.0000,999,1000,1000,1,78.6029
19640.0000,1964,2833.2103,0.0000,1000,999,999,1,78.9187
19650.0000,1965,2833.2938,0.0000,1000,1000,998,1,78.7735
19660.0000,1966,2833.3780,0.0000,1000,1000,1000,1,78.6283
19670.0000,1967,2833.4623,0.0000,999,998,999,1,78.7891
19680.0000,1968,2833.5459,0.0000,1000,1000,998,1,78.6418
19690.0000,1969,2833.6297,0.0000,999,1000,999,1,78.4954
19700.0000,1970,2833.7125,0.0000,999,1000,1000,1,78.6563
19710.0000,1971,2833.7959,0.0000,1000,1000,997,1,78.2026
19720.0000,1972,2833.8790,0.0000,1000,997,1000,1,78.5164
19730.0000,1973,2833.9628,0.0000,1000,1000,1000,1,78.8303
19740.0000,1974,2834.0466,0.0000,1000,999,1000,1,79.1434
19750.0000,1975,2834.1298,0.0000,1000,999,999,1,78.9960
19760.0000,1976,2834.2124,0.0000,1000,1000,998,1,79.0003
19770.0000,1977,2834.2956,0.0000,1000,1000,999,1,79.0049
19780.0000,1978,2834.3788,0.0000,1000,999,1000,1,79.0103
19790.0000,1979,2834.4611,0.0000,999,1000,1000,1,78.7083
19800.0000,1980,2834.5436,0.0000,1000,1000,1000,1,78.5592
19810.0000,1981,2834.6264,0.0000,1000,1000,998,1,78.1028
19820.0000,1982,2834.7091,0.0000,996,1000,1000,1,78.4140
19830.0000,1983,2834.7911,0.0000,1000,1000,999,1,78.1103
19840.0000,1984,2834.8740,0.0000,1000,1000,1000,1,78.4210
19850.0000,1985,2834.9569,0.0000,1000,1000,1000,1,78.5770
19860.0000,1986,2835.0399,0.0000,1000,1000,1000,1,78.8863
19870.0000,1987,2835.1226,0.0000,1000,1000,1000,1,79.0403
19880.0000,1988,2835.2048,0.0000,999,1000,997,1,78.7296
19890.0000,1989,2835.2871,0.0000,1000,999,1000,1,79.0376
19900.0000,1990,2835.3692,0.0000,999,1000,999,1,79.1906
19910.0000,1991,2835.4516,0.0000,1000,998,1000,1,79.3434
19920.0000,1992,2835.5326,0.0000,1000,998,1000,1,79.3412
19930.0000,1993,2835.6136,0.0000,1000,1000,1000,1,79.3381
19940.0000,1994,2835.6954,0.0000,1000,1000,999,1,79.3351
19950.0000,1995,2835.7774,0.0000,1000,1000,1000,1,79.6419
19960.0000,1996,2835.8587,0.0000,1000,1000,997,1,79.0186
19970.0000,1997,2835.9402,0.0000,998,998,999,1,78.8609
19980.0000,1998,2836.0211,0.0000,1000,1000,1000,1,78.8573
19990.0000,1999,2836.1021,0.0000,1000,1000,1000,1,78.8543
20000.0000,2000,2836.1835,0.0000,998,1000,999,1,78.6959
20010.0000,2001,2836.2639,0.0000,1000,999,1000,1,79.0014
20020.0000,2002,2836.3446,0.0000,999,999,1000,1,78.8429
20030.0000,2003,2836.4254,0.0000,1000,1000,1000,1,78.8401
20040.0000,2004,2836.5066,0.0000,1000,1000,1000,1,78.8366
20050.0000,2005,2836.5878,0.0000,1000,999,999,1,78.8329
20060.0000,2006,2836.6687,0.0000,999,999,1000,1,79.1379
20070.0000,2007,2836.7495,0.0000,998,1000,998,1,79.1327
20080.0000,2008,2836.8296,0.0000,1000,1000,1000,1,78.8175
20090.0000,2009,2836.9092,0.0000,999,996,1000,1,78.8115
20100.0000,2010,2836.9890,0.0000,998,1000,999,1,78.9605
20110.0000,2011,2837.0695,0.0000,1000,1000,999,1,78.9542
20120.0000,2012,2837.1502,0.0000,1000,1000,999,1,79.1018
20130.0000,2013,2837.2292,0.0000,1000,996,1000,1,78.9389
20140.0000,2014,2837.3079,0.0000,1000,1000,997,1,78.0649
20150.0000,2015,2837.3878,0.0000,998,1000,1000,1,77.6940
20160.0000,2016,2837.4677,0.0000,998,1000,1000,1,77.5364
20170.0000,2017,2837.5466,0.0000,999,999,995,1,77.2823
20180.0000,2018,2837.6233,0.0000,999,1000,993,1,77.2784
20190.0000,2019,2837.7010,0.0000,998,1000,999,1,76.5060
20200.0000,2020,2837.7804,0.0000,997,1000,1000,1,76.4370
20210.0000,2021,2837.8600,0.0000,999,1000,1000,1,76.5873
20220.0000,2022,2837.9397,0.0000,998,1000,1000,1,76.7375
20230.0000,2023,2838.0189,0.0000,997,1000,999,1,77.0407
20240.0000,2024,2838.0975,0.0000,998,1000,1000,1,77.4967
20250.0000,2025,2838.1753,0.0000,998,999,999,1,77.7991
20260.0000,2026,2838.2545,0.0000,1000,1000,999,1,78.1012
20270.0000,2027,2838.3327,0.0000,1000,1000,998,1,78.0978
20280.0000,2028,2838.4122,0.0000,1000,1000,998,1,78.5524
20290.0000,2029,2838.4914,0.0000,1000,1000,1000,1,78.7004
20300.0000,2030,2838.5707,0.0000,1000,1000,1000,1,78.6947
20310.0000,2031,2838.6490,0.0000,1000,1000,997,1,78.2296
20320.0000,2032,2838.7278,0.0000,1000,1000,1000,1,78.0726
20330.0000,2033,2838.8066,0.0000,1000,1000,998,1,78.5260
20340.0000,2034,2838.8850,0.0000,999,1000,1000,1,78.6741
20350.0000,2035,2838.9633,0.0000,997,999,1000,1,78.8227
20360.0000,2036,2839.0420,0.0000,1000,1000,1000,1,79.1228
20370.0000,2037,2839.1206,0.0000,1000,1000,1000,1,79.2703
20380.0000,2038,2839.1980,0.0000,999,1000,1000,1,78.9630
20390.0000,2039,2839.2760,0.0000,999,999,1000,1,78.6579
20400.0000,2040,2839.3542,0.0000,998,1000,1000,1,78.6565
20410.0000,2041,2839.4314,0.0000,1000,999,998,1,78.8059
20420.0000,2042,2839.5094,0.0000,1000,1000,999,1,78.8038
20430.0000,2043,2839.5874,0.0000,999,1000,1000,1,78.9527
20440.0000,2044,2839.6651,0.0000,999,1000,1000,1,78.9503
20450.0000,2045,2839.7429,0.0000,1000,999,996,1,79.0988
20460.0000,2046,2839.8199,0.0000,999,1000,1000,1,79.2475
20470.0000,2047,2839.8973,0.0000,999,996,1000,1,78.7911
20480.0000,2048,2839.9732,0.0000,1000,996,1000,1,78.1858
20490.0000,2049,2840.0488,0.0000,1000,996,999,1,77.4314
20500.0000,2050,2840.1256,0.0000,1000,998,1000,1,77.1297
20510.0000,2051,2840.2026,0.0000,999,999,1000,1,77.1288
20520.0000,2052,2840.2799,0.0000,1000,998,1000,1,76.8275
20530.0000,2053,2840.3564,0.0000,997,999,999,1,76.5275
20540.0000,2054,2840.4326,0.0000,1000,1000,1000,1,76.8273
20550.0000,2055,2840.5093,0.0000,1000,1000,1000,1,76.8268
20560.0000,2056,2840.5861,0.0000,998,997,1000,1,76.8267
20570.0000,2057,2840.6630,0.0000,1000,1000,1000,1,76.6769
20580.0000,2058,2840.7396,0.0000,999,1000,998,1,76.6765
20590.0000,2059,2840.8159,0.0000,1000,999,997,1,76.9751
20600.0000,2060,2840.8922,0.0000,1000,1000,998,1,76.3752
20610.0000,2061,2840.9679,0.0000,997,999,1000,1,76.6739
20620.0000,2062,2841.0442,0.0000,1000,1000,1000,1,77.1216
20630.0000,2063,2841.1202,0.0000,999,1000,1000,1,76.5232
20640.0000,2064,2841.1967,0.0000,1000,998,1000,1,76.2251
20650.0000,2065,2841.2731,0.0000,1000,998,1000,1,76.0767
20660.0000,2066,2841.3480,0.0000,999,999,997,1,75.6291
20670.0000,2067,2841.4242,0.0000,998,1000,999,1,75.6296
20680.0000,2068,2841.4997,0.0000,1000,996,1000,1,75.5306
20690.0000,2069,2841.5750,0.0000,1000,998,1000,1,75.0845
20700.0000,2070,2841.6503,0.0000,1000,996,1000,1,75.5313
20710.0000,2071,2841.7254,0.0000,999,1000,1000,1,75.3824
20720.0000,2072,2841.8009,0.0000,1000,999,998,1,75.2328
20730.0000,2073,2841.8757,0.0000,997,999,997,1,75.2325
20740.0000,2074,2841.9510,0.0000,999,1000,1000,1,75.2316
20750.0000,2075,2842.0268,0.0000,1000,999,1000,1,74.9329
20760.0000,2076,2842.1021,0.0000,999,1000,998,1,74.6343
20770.0000,2077,2842.1779,0.0000,1000,1000,1000,1,74.9309
20780.0000,2078,2842.2533,0.0000,996,1000,1000,1,74.1857
20790.0000,2079,2842.3276,0.0000,1000,998,1000,1,74.1839
20800.0000,2080,2842.4027,0.0000,1000,1000,1000,1,74.3316
20810.0000,2081,2842.4774,0.0000,1000,998,999,1,74.3298
20820.0000,2082,2842.5523,0.0000,999,1000,1000,1,74.0324
20830.0000,2083,2842.6274,0.0000,1000,999,1000,1,74.4768
20840.0000,2084,2842.7021,0.0000,998,1000,1000,1,74.1777
20850.0000,2085,2842.7771,0.0000,999,1000,998,1,73.8813
20860.0000,2086,2842.8517,0.0000,1000,1000,999,1,73.8815
20870.0000,2087,2842.9264,0.0000,1000,1000,1000,1,73.8821
20880.0000,2088,2843.0009,0.0000,1000,999,1000,1,73.7371
20890.0000,2089,2843.0750,0.0000,1000,1000,1000,1,73.5924
20900.0000,2090,2843.1491,0.0000,999,999,1000,1,73.4010
20910.0000,2091,2843.2233,0.0000,1000,1000,999,1,73.4031
20920.0000,2092,2843.2975,0.0000,999,1000,1000,1,73.4054
20930.0000,2093,2843.3716,0.0000,999,1000,1000,1,73.7015
20940.0000,2094,2843.4459,0.0000,998,1000,1000,1,74.1438
20950.0000,2095,2843.5199,0.0000,999,1000,1000,1,74.2941
20960.0000,2096,2843.5940,0.0000,1000,1000,1000,1,74.4443
20970.0000,2097,2843.6680,0.0000,1000,1000,1000,1,74.5937
20980.0000,2098,2843.7412,0.0000,999,999,995,1,74.5976
20990.0000,2099,2843.8132,0.0000,1000,1000,1000,1,74.7470
21000.0000,2100,2843.8871,0.0000,999,1000,999,1,74.7502
21010.0000,2101,2843.9604,0.0000,1000,998,1000,1,74.4621
21020.0000,2102,2844.0339,0.0000,1000,999,1000,1,74.4647
21030.0000,2103,2844.1058,0.0000,1000,1000,997,1,74.1777
21040.0000,2104,2844.1776,0.0000,1000,1000,998,1,74.1827
21050.0000,2105,2844.2511,0.0000,999,1000,999,1,74.0413
21060.0000,2106,2844.3238,0.0000,997,999,1000,1,73.8997
21070.0000,2107,2844.3954,0.0000,999,996,999,1,73.4697
21080.0000,2108,2844.4682,0.0000,999,999,999,1,73.1860
21090.0000,2109,2844.5410,0.0000,998,999,1000,1,73.1931
21100.0000,2110,2844.6140,0.0000,1000,998,1000,1,73.1995
21110.0000,2111,2844.6861,0.0000,999,1000,1000,1,73.2059
21120.0000,2112,2844.7582,0.0000,1000,997,1000,1,72.7787
21130.0000,2113,2844.8309,0.0000,999,998,1000,1,72.3516
21140.0000,2114,2844.9035,0.0000,997,1000,999,1,72.6459
21150.0000,2115,2844.9758,0.0000,1000,1000,999,1,72.3634
21160.0000,2116,2845.0482,0.0000,998,999,998,1,72.2258
21170.0000,2117,2845.1207,0.0000,999,999,999,1,72.2319
21180.0000,2118,2845.1925,0.0000,999,999,1000,1,71.6630
21190.0000,2119,2845.2648,0.0000,999,1000,1000,1,71.5267
21200.0000,2120,2845.3373,0.0000,1000,1000,1000,1,71.6773
21210.0000,2121,2845.4095,0.0000,998,999,1000,1,71.6338
21220.0000,2122,2845.4816,0.0000,1000,1000,999,1,71.7843
21230.0000,2123,2845.5531,0.0000,998,999,1000,1,71.6987
21240.0000,2124,2845.6254,0.0000,1000,1000,1000,1,71.5642
21250.0000,2125,2845.6975,0.0000,1000,1000,997,1,72.0012
21260.0000,2126,2845.7688,0.0000,1000,999,999,1,71.4353
21270.0000,2127,2845.8410,0.0000,1000,999,1000,1,71.4426
21280.0000,2128,2845.9121,0.0000,999,998,998,1,71.4505
21290.0000,2129,2845.9837,0.0000,1000,999,999,1,71.4580
21300.0000,2130,2846.0552,0.0000,1000,999,999,1,70.8961
21310.0000,2131,2846.1268,0.0000,998,1000,998,1,71.0470
21320.0000,2132,2846.1982,0.0000,999,1000,1000,1,71.1976
21330.0000,2133,2846.2692,0.0000,997,999,1000,1,71.2054
21340.0000,2134,2846.3407,0.0000,999,998,997,1,71.3551
21350.0000,2135,2846.4111,0.0000,999,999,1000,1,71.3620
21360.0000,2136,2846.4820,0.0000,999,1000,1000,1,70.8010
21370.0000,2137,2846.5533,0.0000,999,1000,1000,1,70.5263
21380.0000,2138,2846.6244,0.0000,999,997,1000,1,70.4816
21390.0000,2139,2846.6951,0.0000,1000,999,999,1,70.4903
21400.0000,2140,2846.7662,0.0000,1000,998,998,1,70.6401
21410.0000,2141,2846.8368,0.0000,998,999,1000,1,70.9317
21420.0000,2142,2846.9076,0.0000,999,1000,1000,1,71.0816
21430.0000,2143,2846.9787,0.0000,1000,1000,1000,1,71.3733
21440.0000,2144,2847.0498,0.0000,1000,1000,1000,1,71.3809
21450.0000,2145,2847.1203,0.0000,997,1000,998,1,71.5295
21460.0000,2146,2847.1902,0.0000,999,998,1000,1,71.8202
21470.0000,2147,2847.2609,0.0000,999,999,1000,1,72.1110
21480.0000,2148,2847.3312,0.0000,1000,1000,999,1,71.9761
21490.0000,2149,2847.4013,0.0000,1000,1000,997,1,71.5588
21500.0000,2150,2847.4714,0.0000,998,1000,1000,1,71.4250
21510.0000,2151,2847.5418,0.0000,1000,1000,1000,1,71.5746
21520.0000,2152,2847.6114,0.0000,998,999,1000,1,71.7238
21530.0000,2153,2847.6817,0.0000,1000,1000,1000,1,71.5913
21540.0000,2154,2847.7510,0.0000,998,999,999,1,71.1757
21550.0000,2155,2847.8193,0.0000,1000,1000,998,1,70.6213
21560.0000,2156,2847.8887,0.0000,999,1000,1000,1,70.7710
21570.0000,2157,2847.9589,0.0000,1000,1000,1000,1,71.0613
21580.0000,2158,2848.0282,0.0000,999,1000,997,1,70.9286
21590.0000,2159,2848.0962,0.0000,1000,1000,999,1,70.7963
21600.0000,2160,2848.1662,0.0000,1000,1000,1000,1,70.8061
21610.0000,2161,2848.2360,0.0000,1000,999,1000,1,71.0958
21620.0000,2162,2848.3055,0.0000,1000,998,1000,1,71.1039
21630.0000,2163,2848.3744,0.0000,999,1000,999,1,71.1116
21640.0000,2164,2848.4435,0.0000,999,1000,999,1,70.9793
21650.0000,2165,2848.5124,0.0000,998,1000,999,1,70.5673
21660.0000,2166,2848.5819,0.0000,999,1000,1000,1,70.7161
21670.0000,2167,2848.6513,0.0000,1000,1000,1000,1,70.5848
21680.0000,2168,2848.7206,0.0000,1000,1000,1000,1,70.3137
21690.0000,2169,2848.7898,0.0000,999,1000,1000,1,70.4622
21700.0000,2170,2848.8593,0.0000,999,1000,1000,1,70.7504
21710.0000,2171,2848.9283,0.0000,999,999,999,1,70.7576
21720.0000,2172,2848.9971,0.0000,1000,1000,1000,1,70.9052
21730.0000,2173,2849.0661,0.0000,1000,1000,999,1,70.9110
21740.0000,2174,2849.1345,0.0000,1000,997,999,1,70.6347
21750.0000,2175,2849.2024,0.0000,999,999,1000,1,70.7809
21760.0000,2176,2849.2715,0.0000,999,998,1000,1,70.9283
21770.0000,2177,2849.3403,0.0000,1000,1000,1000,1,71.2149
21780.0000,2178,2849.4089,0.0000,999,1000,1000,1,71.3610
21790.0000,2179,2849.4769,0.0000,998,1000,1000,1,70.8065
21800.0000,2180,2849.5450,0.0000,999,997,1000,1,70.8128
21810.0000,2181,2849.6136,0.0000,998,1000,1000,1,70.9592
21820.0000,2182,2849.6820,0.0000,999,999,1000,1,71.1052
21830.0000,2183,2849.7502,0.0000,1000,999,999,1,71.1110
21840.0000,2184,2849.8177,0.0000,997,1000,1000,1,70.9762
21850.0000,2185,2849.8850,0.0000,1000,997,999,1,70.9820
21860.0000,2186,2849.9525,0.0000,995,1000,1000,1,71.2669
21870.0000,2187,2850.0193,0.0000,998,1000,999,1,71.5517
21880.0000,2188,2850.0868,0.0000,999,1000,1000,1,71.5564
21890.0000,2189,2850.1543,0.0000,1000,999,999,1,71.4222
21900.0000,2190,2850.2220,0.0000,1000,1000,1000,1,71.4274
21910.0000,2191,2850.2899,0.0000,999,998,1000,1,71.7115
21920.0000,2192,2850.3569,0.0000,1000,999,999,1,71.5767
21930.0000,2193,2850.4244,0.0000,999,999,1000,1,71.8604
21940.0000,2194,2850.4923,0.0000,1000,1000,1000,1,71.8651
21950.0000,2195,2850.5595,0.0000,1000,1000,1000,1,71.7306
21960.0000,2196,2850.6267,0.0000,1000,999,1000,1,71.7354
21970.0000,2197,2850.6933,0.0000,1000,1000,1000,1,71.1848
21980.0000,2198,2850.7608,0.0000,1000,1000,999,1,71.1916
21990.0000,2199,2850.8280,0.0000,1000,999,999,1,71.1983
22000.0000,2200,2850.8935,0.0000,1000,996,1000,1,70.9304
22010.0000,2201,2850.9594,0.0000,999,999,999,1,70.9387
22020.0000,2202,2851.0262,0.0000,997,1000,1000,1,71.0844
22030.0000,2203,2851.0929,0.0000,1000,1000,999,1,71.0915
22040.0000,2204,2851.1592,0.0000,1000,1000,999,1,70.8224
22050.0000,2205,2851.2258,0.0000,999,1000,999,1,70.6915
22060.0000,2206,2851.2927,0.0000,999,999,1000,1,70.5605
22070.0000,2207,2851.3595,0.0000,1000,1000,1000,1,70.7053
22080.0000,2208,2851.4258,0.0000,999,999,997,1,70.4357
22090.0000,2209,2851.4914,0.0000,1000,1000,997,1,70.1658
22100.0000,2210,2851.5580,0.0000,998,1000,1000,1,70.4484
22110.0000,2211,2851.6247,0.0000,999,1000,999,1,70.3168
22120.0000,2212,2851.6912,0.0000,1000,1000,1000,1,70.3223
22130.0000,2213,2851.7578,0.0000,1000,998,1000,1,70.3273
22140.0000,2214,2851.8235,0.0000,997,999,999,1,70.1931
22150.0000,2215,2851.8898,0.0000,1000,1000,1000,1,69.9220
22160.0000,2216,2851.9560,0.0000,1000,1000,999,1,69.9270
22170.0000,2217,2852.0222,0.0000,998,1000,999,1,69.9328
22180.0000,2218,2852.0880,0.0000,1000,999,1000,1,70.2142
22190.0000,2219,2852.1535,0.0000,999,1000,999,1,69.9428
22200.0000,2220,2852.2192,0.0000,1000,1000,998,1,69.5333
22210.0000,2221,2852.2852,0.0000,1000,999,1000,1,69.8139
22220.0000,2222,2852.3509,0.0000,998,1000,1000,1,69.8177
22230.0000,2223,2852.4167,0.0000,1000,1000,999,1,69.6824
22240.0000,2224,2852.4827,0.0000,1000,1000,1000,1,70.0108
22250.0000,2225,2852.5487,0.0000,1000,1000,1000,1,70.1517
22260.0000,2226,2852.6148,0.0000,1000,1000,1000,1,70.4308
22270.0000,2227,2852.6804,0.0000,1000,999,999,1,70.4313
22280.0000,2228,2852.7456,0.0000,999,999,998,1,70.2929
22290.0000,2229,2852.8105,0.0000,999,999,1000,1,70.1545
22300.0000,2230,2852.8760,0.0000,1000,1000,1000,1,70.1557
22310.0000,2231,2852.9413,0.0000,1000,1000,1000,1,70.2956
22320.0000,2232,2853.0063,0.0000,1000,999,999,1,69.9734
22330.0000,2233,2853.0715,0.0000,1000,1000,1000,1,70.3898
22340.0000,2234,2853.1365,0.0000,1000,999,998,1,70.1123
22350.0000,2235,2853.2017,0.0000,1000,1000,999,1,70.1601
22360.0000,2236,2853.2666,0.0000,999,1000,1000,1,70.0208
22370.0000,2237,2853.3316,0.0000,1000,999,999,1,69.8336
22380.0000,2238,2853.3967,0.0000,1000,1000,999,1,69.7442
22390.0000,2239,2853.4618,0.0000,999,999,1000,1,69.8341
22400.0000,2240,2853.5267,0.0000,1000,1000,998,1,69.8343
22410.0000,2241,2853.5912,0.0000,999,998,999,1,69.8349
22420.0000,2242,2853.6555,0.0000,1000,999,998,1,70.0687
22430.0000,2243,2853.7199,0.0000,1000,999,1000,1,70.3451
22440.0000,2244,2853.7849,0.0000,1000,1000,1000,1,70.7594
22450.0000,2245,2853.8494,0.0000,1000,999,999,1,71.0350
22460.0000,2246,2853.9138,0.0000,998,999,1000,1,71.0343
22470.0000,2247,2853.9778,0.0000,999,1000,1000,1,70.6199
22480.0000,2248,2854.0424,0.0000,1000,1000,1000,1,70.6194
22490.0000,2249,2854.1068,0.0000,1000,1000,1000,1,70.4802
22500.0000,2250,2854.1714,0.0000,1000,1000,1000,1,70.7550
22510.0000,2251,2854.2352,0.0000,1000,999,999,1,70.6151
22520.0000,2252,2854.2995,0.0000,1000,1000,999,1,70.6128
22530.0000,2253,2854.3636,0.0000,1000,1000,999,1,70.6099
22540.0000,2254,2854.4279,0.0000,1000,1000,999,1,70.4687
22550.0000,2255,2854.4911,0.0000,997,1000,999,1,69.9118
22560.0000,2256,2854.5537,0.0000,999,1000,999,1,69.6798
22570.0000,2257,2854.6172,0.0000,999,1000,1000,1,69.2637
22580.0000,2258,2854.6807,0.0000,1000,1000,998,1,69.1247
22590.0000,2259,2854.7441,0.0000,1000,1000,1000,1,68.9084
22600.0000,2260,2854.8083,0.0000,1000,1000,1000,1,69.0456
22610.0000,2261,2854.8724,0.0000,1000,1000,1000,1,69.3990
22620.0000,2262,2854.9361,0.0000,999,999,1000,1,69.3964
22630.0000,2263,2854.9998,0.0000,1000,999,1000,1,69.3942
22640.0000,2264,2855.0629,0.0000,999,1000,999,1,69.1182
22650.0000,2265,2855.1253,0.0000,998,998,1000,1,69.2545
22660.0000,2266,2855.1889,0.0000,998,998,1000,1,69.6652
22670.0000,2267,2855.2519,0.0000,999,1000,999,1,69.3890
22680.0000,2268,2855.3152,0.0000,1000,1000,1000,1,69.3877
22690.0000,2269,2855.3775,0.0000,999,997,999,1,69.1129
22700.0000,2270,2855.4395,0.0000,995,999,1000,1,69.1118
22710.0000,2271,2855.5010,0.0000,995,999,999,1,69.1112
22720.0000,2272,2855.5621,0.0000,996,1000,1000,1,69.2475
22730.0000,2273,2855.6241,0.0000,998,1000,1000,1,69.6570
22740.0000,2274,2855.6863,0.0000,997,999,1000,1,69.5188
22750.0000,2275,2855.7478,0.0000,997,999,1000,1,69.2469
22760.0000,2276,2855.8107,0.0000,1000,998,999,1,69.1109
22770.0000,2277,2855.8733,0.0000,1000,999,998,1,68.9760
22780.0000,2278,2855.9354,0.0000,1000,1000,1000,1,68.9775
22790.0000,2279,2855.9981,0.0000,1000,999,1000,1,68.8428
22800.0000,2280,2856.0608,0.0000,999,999,999,1,68.7085
22810.0000,2281,2856.1231,0.0000,1000,999,1000,1,68.5744
22820.0000,2282,2856.1853,0.0000,1000,999,1000,1,68.9825
22830.0000,2283,2856.2470,0.0000,999,999,1000,1,69.1194
22840.0000,2284,2856.3094,0.0000,1000,999,1000,1,69.1216
22850.0000,2285,2856.3706,0.0000,999,999,997,1,68.7188
22860.0000,2286,2856.4313,0.0000,999,997,996,1,68.3164
22870.0000,2287,2856.4922,0.0000,999,1000,997,1,67.9164
22880.0000,2288,2856.5535,0.0000,998,1000,998,1,67.7854
22890.0000,2289,2856.6156,0.0000,1000,1000,999,1,67.7894
22900.0000,2290,2856.6778,0.0000,999,1000,1000,1,67.6590
22910.0000,2291,2856.7399,0.0000,998,999,998,1,67.5296
22920.0000,2292,2856.8005,0.0000,996,1000,999,1,67.2698
22930.0000,2293,2856.8609,0.0000,1000,1000,999,1,67.4100
22940.0000,2294,2856.9226,0.0000,998,1000,1000,1,67.2849
22950.0000,2295,2856.9843,0.0000,999,999,1000,1,67.2934
22960.0000,2296,2857.0463,0.0000,1000,999,1000,1,67.3022
22970.0000,2297,2857.1077,0.0000,997,1000,1000,1,67.1789
22980.0000,2298,2857.1694,0.0000,999,1000,1000,1,67.3207
22990.0000,2299,2857.2311,0.0000,999,1000,999,1,67.3301
23000.0000,2300,2857.2905,0.0000,1000,1000,994,1,66.6789
23010.0000,2301,2857.3518,0.0000,1000,1000,1000,1,67.0840
23020.0000,2302,2857.4127,0.0000,1000,998,997,1,66.5655
23030.0000,2303,2857.4734,0.0000,998,1000,1000,1,66.9707
23040.0000,2304,2857.5347,0.0000,1000,1000,1000,1,66.9803
23050.0000,2305,2857.5962,0.0000,1000,997,1000,1,67.1214
23060.0000,2306,2857.6573,0.0000,999,1000,1000,1,66.9987
23070.0000,2307,2857.7185,0.0000,1000,999,1000,1,67.1393
23080.0000,2308,2857.7795,0.0000,1000,1000,999,1,67.1479
23090.0000,2309,2857.8404,0.0000,1000,998,999,1,67.1567
23100.0000,2310,2857.9016,0.0000,999,1000,1000,1,67.2973
23110.0000,2311,2857.9613,0.0000,998,1000,998,1,66.7816
23120.0000,2312,2858.0220,0.0000,1000,997,1000,1,66.5299
23130.0000,2313,2858.0823,0.0000,999,1000,1000,1,66.9334
23140.0000,2314,2858.1429,0.0000,1000,999,999,1,66.8126
23150.0000,2315,2858.2038,0.0000,1000,999,1000,1,67.0849
23160.0000,2316,2858.2636,0.0000,1000,999,1000,1,66.7024
23170.0000,2317,2858.3242,0.0000,998,1000,1000,1,66.5822
23180.0000,2318,2858.3846,0.0000,1000,1000,996,1,66.5100
23190.0000,2319,2858.4446,0.0000,998,1000,998,1,66.2572
23200.0000,2320,2858.5035,0.0000,1000,1000,997,1,66.0041
23210.0000,2321,2858.5631,0.0000,997,1000,999,1,65.8334
23220.0000,2322,2858.6231,0.0000,1000,1000,1000,1,65.8919
23230.0000,2323,2858.6818,0.0000,997,1000,994,1,65.3782
23240.0000,2324,2858.7406,0.0000,999,1000,1000,1,65.3460
23250.0000,2325,2858.8006,0.0000,998,999,1000,1,65.4862
23260.0000,2326,2858.8607,0.0000,999,1000,1000,1,65.4954
23270.0000,2327,2858.9211,0.0000,1000,1000,1000,1,65.7664
23280.0000,2328,2858.9815,0.0000,1000,1000,1000,1,66.1677
23290.0000,2329,2859.0412,0.0000,1000,1000,1000,1,66.5687
23300.0000,2330,2859.1014,0.0000,998,999,999,1,66.8384
23310.0000,2331,2859.1603,0.0000,1000,1000,999,1,66.9774
23320.0000,2332,2859.2203,0.0000,1000,1000,1000,1,67.1162
23330.0000,2333,2859.2790,0.0000,1000,1000,996,1,66.9956
23340.0000,2334,2859.3378,0.0000,998,1000,998,1,66.6157
23350.0000,2335,2859.3969,0.0000,1000,999,1000,1,66.6253
23360.0000,2336,2859.4565,0.0000,999,1000,999,1,66.7646
23370.0000,2337,2859.5163,0.0000,999,999,999,1,67.0341
23380.0000,2338,2859.5760,0.0000,1000,1000,1000,1,67.1735
23390.0000,2339,2859.6356,0.0000,999,1000,1000,1,67.4424
23400.0000,2340,2859.6945,0.0000,998,998,999,1,67.4514
23410.0000,2341,2859.7539,0.0000,998,1000,1000,1,67.8495
23420.0000,2342,2859.8132,0.0000,998,1000,1000,1,67.7282
23430.0000,2343,2859.8724,0.0000,1000,1000,1000,1,67.8659
23440.0000,2344,2859.9318,0.0000,1000,998,999,1,67.4837
23450.0000,2345,2859.9896,0.0000,1000,1000,999,1,67.7509
23460.0000,2346,2860.0484,0.0000,998,999,1000,1,67.7587
23470.0000,2347,2860.1073,0.0000,1000,1000,1000,1,67.8959
23480.0000,2348,2860.1666,0.0000,1000,1000,1000,1,68.0329
23490.0000,2349,2860.2253,0.0000,999,1000,1000,1,68.1698
23500.0000,2350,2860.2838,0.0000,1000,999,1000,1,67.9179
23510.0000,2351,2860.3421,0.0000,999,999,1000,1,68.0553
23520.0000,2352,2860.3998,0.0000,1000,997,1000,1,67.5454
23530.0000,2353,2860.4569,0.0000,999,996,999,1,67.5524
23540.0000,2354,2860.5143,0.0000,1000,997,999,1,66.9120
23550.0000,2355,2860.5709,0.0000,1000,995,999,1,66.5301
23560.0000,2356,2860.6281,0.0000,1000,1000,1000,1,66.5375
23570.0000,2357,2860.6856,0.0000,1000,996,1000,1,65.7706
23580.0000,2358,2860.7438,0.0000,998,1000,1000,1,65.9080
23590.0000,2359,2860.8018,0.0000,999,999,1000,1,66.1747
23600.0000,2360,2860.8595,0.0000,997,1000,1000,1,66.3121
23610.0000,2361,2860.9162,0.0000,995,998,999,1,66.1916
23620.0000,2362,2860.9722,0.0000,997,1000,1000,1,65.9422
23630.0000,2363,2861.0302,0.0000,1000,999,995,1,66.0800
23640.0000,2364,2861.0872,0.0000,1000,999,999,1,66.0885
23650.0000,2365,2861.1453,0.0000,1000,1000,1000,1,65.9681
23660.0000,2366,2861.2034,0.0000,999,1000,1000,1,66.2341
23670.0000,2367,2861.2613,0.0000,1000,998,1000,1,66.3710
23680.0000,2368,2861.3185,0.0000,1000,999,1000,1,65.7352
23690.0000,2369,2861.3766,0.0000,1000,1000,1000,1,66.0010
23700.0000,2370,2861.4343,0.0000,1000,997,1000,1,65.3668
23710.0000,2371,2861.4901,0.0000,1000,997,998,1,65.0361
23720.0000,2372,2861.5477,0.0000,999,1000,1000,1,65.2547
23730.0000,2373,2861.6055,0.0000,1000,997,1000,1,65.3106
23740.0000,2374,2861.6630,0.0000,999,1000,1000,1,65.2709
23750.0000,2375,2861.7198,0.0000,1000,996,999,1,65.1985
23760.0000,2376,2861.7769,0.0000,1000,998,999,1,65.4636
23770.0000,2377,2861.8342,0.0000,998,998,1000,1,65.4708
23780.0000,2378,2861.8914,0.0000,1000,999,999,1,65.4781
23790.0000,2379,2861.9484,0.0000,1000,1000,999,1,65.6140
23800.0000,2380,2862.0059,0.0000,998,1000,999,1,65.1074
23810.0000,2381,2862.0622,0.0000,998,998,1000,1,64.6023
23820.0000,2382,2862.1179,0.0000,995,1000,999,1,64.1001
23830.0000,2383,2862.1716,0.0000,993,997,995,1,63.5989
23840.0000,2384,2862.2241,0.0000,996,1000,993,1,63.6081
23850.0000,2385,2862.2793,0.0000,999,1000,999,1,63.4915
23860.0000,2386,2862.3361,0.0000,1000,997,1000,1,63.7571
23870.0000,2387,2862.3911,0.0000,997,996,1000,1,63.2613
23880.0000,2388,2862.4471,0.0000,1000,1000,999,1,63.1457
23890.0000,2389,2862.5037,0.0000,998,997,1000,1,62.7781
23900.0000,2390,2862.5600,0.0000,999,1000,1000,1,62.6646
23910.0000,2391,2862.6169,0.0000,999,999,998,1,62.5028
23920.0000,2392,2862.6734,0.0000,1000,1000,999,1,62.4386
23930.0000,2393,2862.7298,0.0000,999,1000,1000,1,62.5302
23940.0000,2394,2862.7863,0.0000,1000,999,998,1,62.5917
23950.0000,2395,2862.8433,0.0000,999,1000,1000,1,62.9347
23960.0000,2396,2862.9001,0.0000,997,1000,1000,1,63.1996
23970.0000,2397,2862.9563,0.0000,1000,1000,998,1,63.3386
23980.0000,2398,2863.0121,0.0000,996,1000,1000,1,63.6032
23990.0000,2399,2863.0680,0.0000,999,1000,999,1,63.6156
24000.0000,2400,2863.1242,0.0000,999,1000,999,1,63.6287
24010.0000,2401,2863.1808,0.0000,1000,1000,1000,1,63.7676
24020.0000,2402,2863.2376,0.0000,1000,1000,1000,1,63.9060
24030.0000,2403,2863.2937,0.0000,998,1000,999,1,63.7926
24040.0000,2404,2863.3497,0.0000,1000,998,1000,1,63.4285
24050.0000,2405,2863.4057,0.0000,1000,1000,1000,1,63.1900
24060.0000,2406,2863.4615,0.0000,1000,998,998,1,63.0776
24070.0000,2407,2863.5172,0.0000,1000,1000,1000,1,63.0905
24080.0000,2408,2863.5733,0.0000,1000,998,1000,1,62.9781
24090.0000,2409,2863.6288,0.0000,1000,997,1000,1,62.8653
24100.0000,2410,2863.6844,0.0000,1000,1000,1000,1,63.1278
24110.0000,2411,2863.7404,0.0000,1000,999,999,1,62.8879
24120.0000,2412,2863.7960,0.0000,999,999,1000,1,62.5243
24130.0000,2413,2863.8519,0.0000,1000,1000,999,1,62.5378
24140.0000,2414,2863.9072,0.0000,995,999,999,1,62.4255
24150.0000,2415,2863.9622,0.0000,999,997,1000,1,62.1875
24160.0000,2416,2864.0173,0.0000,998,1000,999,1,61.9503
24170.0000,2417,2864.0729,0.0000,1000,999,1000,1,61.7142
24180.0000,2418,2864.1287,0.0000,998,999,999,1,61.7279
24190.0000,2419,2864.1842,0.0000,1000,1000,1000,1,61.3682
24200.0000,2420,2864.2392,0.0000,1000,995,1000,1,61.0077
24210.0000,2421,2864.2925,0.0000,998,995,1000,1,60.8941
24220.0000,2422,2864.3459,0.0000,999,997,1000,1,60.7854
24230.0000,2423,2864.4008,0.0000,1000,1000,999,1,60.6776
24240.0000,2424,2864.4549,0.0000,1000,998,997,1,60.4455
24250.0000,2425,2864.5090,0.0000,999,999,999,1,60.3390
24260.0000,2426,2864.5643,0.0000,1000,1000,1000,1,60.3557
24270.0000,2427,2864.6198,0.0000,999,1000,1000,1,60.4956
24280.0000,2428,2864.6748,0.0000,1000,999,1000,1,60.5119
24290.0000,2429,2864.7301,0.0000,1000,1000,998,1,60.6514
24300.0000,2430,2864.7848,0.0000,1000,1000,1000,1,60.4200
24310.0000,2431,2864.8401,0.0000,1000,998,999,1,60.3112
24320.0000,2432,2864.8951,0.0000,1000,1000,1000,1,60.4499
24330.0000,2433,2864.9498,0.0000,996,999,1000,1,60.5886
24340.0000,2434,2865.0036,0.0000,997,999,999,1,60.6034
24350.0000,2435,2865.0577,0.0000,997,1000,1000,1,60.8656
24360.0000,2436,2865.1128,0.0000,1000,1000,1000,1,61.2512
24370.0000,2437,2865.1677,0.0000,1000,1000,1000,1,61.2648
24380.0000,2438,2865.2228,0.0000,1000,1000,1000,1,61.1546
24390.0000,2439,2865.2769,0.0000,999,996,999,1,60.4236
24400.0000,2440,2865.3311,0.0000,1000,999,1000,1,60.4370
24410.0000,2441,2865.3845,0.0000,1000,995,1000,1,60.4554
24420.0000,2442,2865.4379,0.0000,1000,995,999,1,60.4697
24430.0000,2443,2865.4901,0.0000,1000,994,1000,1,60.7311
24440.0000,2444,2865.5418,0.0000,997,995,1000,1,60.7460
24450.0000,2445,2865.5944,0.0000,998,999,1000,1,60.8840
24460.0000,2446,2865.6491,0.0000,1000,1000,998,1,61.0219
24470.0000,2447,2865.7035,0.0000,1000,998,1000,1,61.2824
24480.0000,2448,2865.7569,0.0000,1000,997,1000,1,61.1748
24490.0000,2449,2865.8107,0.0000,1000,1000,1000,1,61.0686
24500.0000,2450,2865.8651,0.0000,1000,1000,998,1,60.8386
24510.0000,2451,2865.9194,0.0000,1000,1000,1000,1,60.8538
24520.0000,2452,2865.9732,0.0000,1000,998,998,1,60.6250
24530.0000,2453,2866.0267,0.0000,999,998,1000,1,60.7633
24540.0000,2454,2866.0809,0.0000,999,1000,1000,1,60.9015
24550.0000,2455,2866.1349,0.0000,1000,999,999,1,60.5499
24560.0000,2456,2866.1883,0.0000,1000,1000,999,1,60.3200
24570.0000,2457,2866.2426,0.0000,1000,1000,1000,1,60.4573
24580.0000,2458,2866.2956,0.0000,1000,997,999,1,60.3514
24590.0000,2459,2866.3486,0.0000,999,1000,998,1,59.8802
24600.0000,2460,2866.4026,0.0000,1000,999,1000,1,60.0188
24610.0000,2461,2866.4562,0.0000,1000,998,1000,1,60.0367
24620.0000,2462,2866.5101,0.0000,1000,1000,1000,1,60.2968
24630.0000,2463,2866.5638,0.0000,1000,1000,1000,1,60.1926
24640.0000,2464,2866.6177,0.0000,1000,1000,1000,1,60.4525
24650.0000,2465,2866.6715,0.0000,1000,1000,1000,1,60.3462
24660.0000,2466,2866.7252,0.0000,999,1000,999,1,60.3615
24670.0000,2467,2866.7773,0.0000,999,999,1000,1,60.2545
24680.0000,2468,2866.8306,0.0000,999,1000,1000,1,60.2699
24690.0000,2469,2866.8838,0.0000,1000,1000,1000,1,60.0419
24700.0000,2470,2866.9373,0.0000,1000,1000,1000,1,59.9370
24710.0000,2471,2866.9909,0.0000,1000,1000,1000,1,60.0752
24720.0000,2472,2867.0440,0.0000,1000,1000,998,1,59.8505
24730.0000,2473,2867.0974,0.0000,1000,1000,1000,1,59.8681
24740.0000,2474,2867.1504,0.0000,999,995,1000,1,59.8853
24750.0000,2475,2867.2021,0.0000,1000,998,999,1,60.0230
24760.0000,2476,2867.2551,0.0000,1000,998,1000,1,60.1615
24770.0000,2477,2867.3072,0.0000,1000,999,997,1,59.8181
24780.0000,2478,2867.3598,0.0000,998,999,1000,1,59.9561
24790.0000,2479,2867.4119,0.0000,1000,999,1000,1,59.8537
24800.0000,2480,2867.4648,0.0000,996,999,1000,1,60.1122
24810.0000,2481,2867.5170,0.0000,1000,999,1000,1,60.1302
24820.0000,2482,2867.5698,0.0000,1000,999,1000,1,60.2681
24830.0000,2483,2867.6222,0.0000,998,1000,1000,1,60.1653
24840.0000,2484,2867.6742,0.0000,999,1000,1000,1,60.3030
24850.0000,2485,2867.7271,0.0000,999,1000,1000,1,60.4406
24860.0000,2486,2867.7799,0.0000,1000,1000,1000,1,60.5782
24870.0000,2487,2867.8311,0.0000,1000,996,999,1,60.4754
24880.0000,2488,2867.8833,0.0000,1000,998,1000,1,60.3733
24890.0000,2489,2867.9357,0.0000,1000,1000,1000,1,60.5109
24900.0000,2490,2867.9882,0.0000,1000,999,1000,1,60.6486
24910.0000,2491,2868.0405,0.0000,1000,998,1000,1,60.6666
24920.0000,2492,2868.0928,0.0000,999,999,1000,1,60.6848
24930.0000,2493,2868.1453,0.0000,999,1000,1000,1,60.7029
24940.0000,2494,2868.1978,0.0000,1000,1000,1000,1,60.8404
24950.0000,2495,2868.2503,0.0000,1000,1000,1000,1,60.7382
24960.0000,2496,2868.3029,0.0000,1000,1000,999,1,60.7546
24970.0000,2497,2868.3548,0.0000,1000,1000,1000,1,60.8904
24980.0000,2498,2868.4072,0.0000,999,999,1000,1,61.0261
24990.0000,2499,2868.4595,0.0000,1000,1000,999,1,61.0417
25000.0000,2500,2868.5100,0.0000,999,999,996,1,60.6958
25010.0000,2501,2868.5611,0.0000,999,1000,999,1,60.7110
25020.0000,2502,2868.6130,0.0000,1000,1000,1000,1,60.7272
25030.0000,2503,2868.6642,0.0000,995,1000,1000,1,60.6240
25040.0000,2504,2868.7142,0.0000,996,1000,997,1,60.2819
25050.0000,2505,2868.7648,0.0000,1000,999,997,1,60.0582
25060.0000,2506,2868.8164,0.0000,1000,1000,1000,1,60.3135
25070.0000,2507,2868.8685,0.0000,1000,1000,1000,1,60.4495
25080.0000,2508,2868.9204,0.0000,999,1000,999,1,60.5849
25090.0000,2509,2868.9725,0.0000,1000,1000,1000,1,60.4812
25100.0000,2510,2869.0239,0.0000,996,1000,1000,1,60.3771
25110.0000,2511,2869.0751,0.0000,999,999,1000,1,60.2734
25120.0000,2512,2869.1270,0.0000,1000,998,999,1,59.9324
25130.0000,2513,2869.1778,0.0000,998,1000,1000,1,59.7116
25140.0000,2514,2869.2286,0.0000,997,999,1000,1,59.6102
25150.0000,2515,2869.2802,0.0000,1000,1000,1000,1,59.8652
25160.0000,2516,2869.3318,0.0000,1000,1000,1000,1,59.8814
25170.0000,2517,2869.3833,0.0000,998,1000,1000,1,60.0167
25180.0000,2518,2869.4343,0.0000,1000,1000,1000,1,60.1519
25190.0000,2519,2869.4859,0.0000,999,1000,999,1,60.1679
25200.0000,2520,2869.5370,0.0000,1000,1000,998,1,59.5885
25210.0000,2521,2869.5883,0.0000,1000,998,1000,1,59.6051
25220.0000,2522,2869.6397,0.0000,999,1000,1000,1,59.8592
25230.0000,2523,2869.6910,0.0000,999,1000,1000,1,59.7567
25240.0000,2524,2869.7425,0.0000,1000,1000,999,1,60.0046
25250.0000,2525,2869.7935,0.0000,999,999,998,1,59.9036
25260.0000,2526,2869.8439,0.0000,1000,999,1000,1,59.6852
25270.0000,2527,2869.8953,0.0000,1000,999,1000,1,59.7032
25280.0000,2528,2869.9458,0.0000,997,999,1000,1,59.8389
25290.0000,2529,2869.9958,0.0000,998,998,1000,1,59.5027
25300.0000,2530,2870.0462,0.0000,999,1000,1000,1,59.6440
25310.0000,2531,2870.0972,0.0000,1000,1000,1000,1,59.8977
25320.0000,2532,2870.1483,0.0000,1000,1000,999,1,59.6808
25330.0000,2533,2870.1982,0.0000,999,998,996,1,59.4642
25340.0000,2534,2870.2472,0.0000,1000,999,999,1,59.3641
25350.0000,2535,2870.2963,0.0000,998,997,996,1,59.0306
25360.0000,2536,2870.3457,0.0000,1000,1000,999,1,59.1665
25370.0000,2537,2870.3965,0.0000,1000,1000,998,1,59.3029
25380.0000,2538,2870.4470,0.0000,1000,999,1000,1,59.4393
25390.0000,2539,2870.4973,0.0000,1000,999,999,1,59.3769
25400.0000,2540,2870.5477,0.0000,999,999,999,1,59.6303
25410.0000,2541,2870.5982,0.0000,1000,999,1000,1,60.0004
25420.0000,2542,2870.6487,0.0000,1000,1000,1000,1,60.2533
25430.0000,2543,2870.6988,0.0000,998,1000,999,1,60.1560
25440.0000,2544,2870.7482,0.0000,999,1000,1000,1,59.7085
25450.0000,2545,2870.7985,0.0000,999,1000,998,1,59.7284
25460.0000,2546,2870.8482,0.0000,1000,1000,997,1,59.8646
25470.0000,2547,2870.8983,0.0000,1000,999,1000,1,59.8845
25480.0000,2548,2870.9484,0.0000,999,1000,999,1,59.7879
25490.0000,2549,2870.9986,0.0000,999,999,1000,1,59.9238
25500.0000,2550,2871.0485,0.0000,1000,1000,999,1,59.9433
25510.0000,2551,2871.0980,0.0000,996,999,1000,1,59.4980
25520.0000,2552,2871.1475,0.0000,1000,1000,1000,1,59.5968
25530.0000,2553,2871.1975,0.0000,1000,1000,999,1,59.4998
25540.0000,2554,2871.2472,0.0000,1000,1000,996,1,59.0532
25550.0000,2555,2871.2969,0.0000,1000,1000,1000,1,59.1886
25560.0000,2556,2871.3464,0.0000,1000,1000,1000,1,58.7427
25570.0000,2557,2871.3964,0.0000,999,1000,1000,1,58.8785
25580.0000,2558,2871.4462,0.0000,1000,998,1000,1,58.8992
25590.0000,2559,2871.4959,0.0000,1000,999,999,1,58.8043
25600.0000,2560,2871.5456,0.0000,998,999,1000,1,58.8251
25610.0000,2561,2871.5953,0.0000,1000,1000,1000,1,58.8822
25620.0000,2562,2871.6450,0.0000,999,1000,1000,1,59.2131
25630.0000,2563,2871.6942,0.0000,999,999,1000,1,59.1184
25640.0000,2564,2871.7439,0.0000,1000,1000,1000,1,59.1387
25650.0000,2565,2871.7935,0.0000,1000,998,1000,1,59.0432
25660.0000,2566,2871.8432,0.0000,1000,999,1000,1,59.2943
25670.0000,2567,2871.8923,0.0000,1000,1000,998,1,59.0823
25680.0000,2568,2871.9417,0.0000,998,999,1000,1,59.4487
25690.0000,2569,2871.9909,0.0000,998,997,1000,1,59.4677
25700.0000,2570,2872.0399,0.0000,1000,999,1000,1,59.7177
25710.0000,2571,2872.0895,0.0000,999,999,1000,1,60.0835
25720.0000,2572,2872.1385,0.0000,1000,999,1000,1,59.8706
25730.0000,2573,2872.1871,0.0000,998,999,997,1,59.7725
25740.0000,2574,2872.2354,0.0000,998,998,999,1,59.5586
25750.0000,2575,2872.2840,0.0000,1000,1000,1000,1,59.6925
25760.0000,2576,2872.3333,0.0000,1000,1000,1000,1,59.7104
25770.0000,2577,2872.3818,0.0000,999,999,999,1,59.4963
25780.0000,2578,2872.4305,0.0000,999,998,998,1,59.3986
25790.0000,2579,2872.4795,0.0000,1000,1000,999,1,59.3006
25800.0000,2580,2872.5283,0.0000,999,999,1000,1,59.6650
25810.0000,2581,2872.5767,0.0000,1000,997,999,1,59.9137
25820.0000,2582,2872.6241,0.0000,1000,997,1000,1,60.0463
25830.0000,2583,2872.6729,0.0000,999,998,1000,1,60.2945
25840.0000,2584,2872.7216,0.0000,999,999,998,1,59.8484
25850.0000,2585,2872.7703,0.0000,1000,1000,1000,1,59.7498
25860.0000,2586,2872.8190,0.0000,999,999,997,1,59.4193
25870.0000,2587,2872.8664,0.0000,1000,1000,1000,1,59.3204
25880.0000,2588,2872.9149,0.0000,999,1000,998,1,59.2211
25890.0000,2589,2872.9634,0.0000,1000,1000,1000,1,59.1223
25900.0000,2590,2873.0124,0.0000,999,1000,1000,1,59.3700
25910.0000,2591,2873.0597,0.0000,998,1000,999,1,59.1548
25920.0000,2592,2873.1073,0.0000,997,1000,997,1,59.0548
25930.0000,2593,2873.1546,0.0000,997,1000,1000,1,58.9551
25940.0000,2594,2873.2028,0.0000,997,1000,1000,1,59.0870
25950.0000,2595,2873.2496,0.0000,1000,994,997,1,58.6413
25960.0000,2596,2873.2968,0.0000,1000,1000,1000,1,58.6579
25970.0000,2597,2873.3448,0.0000,1000,999,1000,1,58.9050
25980.0000,2598,2873.3932,0.0000,1000,1000,1000,1,59.0365
25990.0000,2599,2873.4415,0.0000,1000,1000,1000,1,59.2831
26000.0000,2600,2873.4897,0.0000,1000,997,1000,1,59.2987
26010.0000,2601,2873.5379,0.0000,999,1000,999,1,58.9673
26020.0000,2602,2873.5848,0.0000,999,999,997,1,58.7516
26030.0000,2603,2873.6312,0.0000,1000,996,998,1,58.7665
26040.0000,2604,2873.6789,0.0000,999,999,1000,1,58.8975
26050.0000,2605,2873.7252,0.0000,996,999,999,1,58.6838
26060.0000,2606,2873.7731,0.0000,1000,1000,1000,1,58.8150
26070.0000,2607,2873.8210,0.0000,1000,999,1000,1,59.0612
26080.0000,2608,2873.8687,0.0000,1000,1000,1000,1,58.9621
26090.0000,2609,2873.9165,0.0000,1000,999,998,1,58.8635
26100.0000,2610,2873.9642,0.0000,1000,1000,999,1,58.8804
26110.0000,2611,2874.0120,0.0000,999,1000,999,1,58.5523
26120.0000,2612,2874.0601,0.0000,1000,1000,1000,1,58.6830
26130.0000,2613,2874.1077,0.0000,999,999,999,1,58.8135
26140.0000,2614,2874.1550,0.0000,1000,998,1000,1,58.9442
26150.0000,2615,2874.2027,0.0000,1000,999,1000,1,58.7316
26160.0000,2616,2874.2506,0.0000,1000,1000,1000,1,58.6333
26170.0000,2617,2874.2985,0.0000,999,1000,1000,1,58.6491
26180.0000,2618,2874.3458,0.0000,1000,1000,998,1,58.5943
26190.0000,2619,2874.3921,0.0000,999,1000,997,1,58.3809
26200.0000,2620,2874.4387,0.0000,1000,1000,1000,1,58.0535
26210.0000,2621,2874.4861,0.0000,999,1000,1000,1,58.0700
26220.0000,2622,2874.5329,0.0000,998,1000,999,1,57.8151
26230.0000,2623,2874.5797,0.0000,997,1000,1000,1,57.6040
26240.0000,2624,2874.6269,0.0000,999,1000,1000,1,57.6361
26250.0000,2625,2874.6738,0.0000,998,1000,999,1,57.5386
26260.0000,2626,2874.7209,0.0000,1000,1000,1000,1,57.7835
26270.0000,2627,2874.7683,0.0000,1000,1000,1000,1,58.0281
26280.0000,2628,2874.8156,0.0000,999,1000,1000,1,58.3866
26290.0000,2629,2874.8626,0.0000,996,1000,999,1,58.7447
26300.0000,2630,2874.9092,0.0000,1000,1000,1000,1,58.7614
26310.0000,2631,2874.9564,0.0000,1000,1000,998,1,58.8918
26320.0000,2632,2875.0033,0.0000,1000,1000,1000,1,58.7948
26330.0000,2633,2875.0503,0.0000,1000,999,998,1,58.6978
26340.0000,2634,2875.0973,0.0000,999,1000,999,1,58.8274
26350.0000,2635,2875.1444,0.0000,1000,1000,999,1,59.0706
26360.0000,2636,2875.1910,0.0000,998,1000,998,1,58.9718
26370.0000,2637,2875.2376,0.0000,1000,999,1000,1,59.1014
26380.0000,2638,2875.2839,0.0000,999,999,999,1,59.2310
26390.0000,2639,2875.3305,0.0000,999,999,999,1,59.3611
26400.0000,2640,2875.3762,0.0000,1000,1000,1000,1,59.2644
26410.0000,2641,2875.4233,0.0000,1000,1000,1000,1,59.5075
26420.0000,2642,2875.4694,0.0000,1000,998,1000,1,59.6370
26430.0000,2643,2875.5161,0.0000,1000,999,999,1,59.6532
26440.0000,2644,2875.5623,0.0000,997,1000,998,1,59.6692
26450.0000,2645,2875.6082,0.0000,1000,1000,999,1,59.7982
26460.0000,2646,2875.6545,0.0000,1000,998,996,1,59.4756
26470.0000,2647,2875.6993,0.0000,1000,995,998,1,59.1559
26480.0000,2648,2875.7448,0.0000,999,1000,1000,1,59.2854
26490.0000,2649,2875.7909,0.0000,998,1000,1000,1,59.3037
26500.0000,2650,2875.8370,0.0000,1000,999,1000,1,59.2098
26510.0000,2651,2875.8831,0.0000,999,997,1000,1,58.5556
26520.0000,2652,2875.9295,0.0000,1000,1000,1000,1,58.6861
26530.0000,2653,2875.9758,0.0000,999,1000,1000,1,58.5921
26540.0000,2654,2876.0218,0.0000,999,997,999,1,58.3846
26550.0000,2655,2876.0671,0.0000,1000,998,998,1,58.4010
26560.0000,2656,2876.1131,0.0000,1000,999,998,1,58.4177
26570.0000,2657,2876.1585,0.0000,999,998,1000,1,58.0965
26580.0000,2658,2876.2046,0.0000,1000,1000,999,1,58.4507
26590.0000,2659,2876.2508,0.0000,1000,999,1000,1,58.4673
26600.0000,2660,2876.2971,0.0000,1000,999,1000,1,58.5963
26610.0000,2661,2876.3422,0.0000,999,999,1000,1,58.1629
26620.0000,2662,2876.3874,0.0000,998,999,1000,1,58.2921
26630.0000,2663,2876.4331,0.0000,999,1000,998,1,58.5333
26640.0000,2664,2876.4792,0.0000,1000,999,999,1,58.4370
26650.0000,2665,2876.5249,0.0000,1000,1000,1000,1,58.4533
26660.0000,2666,2876.5707,0.0000,1000,1000,1000,1,58.6944
26670.0000,2667,2876.6160,0.0000,1000,997,1000,1,58.3742
26680.0000,2668,2876.6611,0.0000,1000,998,999,1,58.2775
26690.0000,2669,2876.7068,0.0000,1000,999,1000,1,57.9580
26700.0000,2670,2876.7528,0.0000,1000,999,1000,1,57.7513
26710.0000,2671,2876.7985,0.0000,1000,999,1000,1,57.7677
26720.0000,2672,2876.8443,0.0000,1000,998,1000,1,57.7845
26730.0000,2673,2876.8896,0.0000,997,1000,1000,1,57.6896
26740.0000,2674,2876.9348,0.0000,1000,999,1000,1,57.7249
26750.0000,2675,2876.9800,0.0000,1000,996,1000,1,57.8534
26760.0000,2676,2877.0254,0.0000,1000,999,1000,1,58.2054
26770.0000,2677,2877.0707,0.0000,1000,1000,1000,1,58.1097
26780.0000,2678,2877.1160,0.0000,1000,999,1000,1,58.1258
26790.0000,2679,2877.1615,0.0000,997,1000,1000,1,57.8069
26800.0000,2680,2877.2063,0.0000,1000,1000,1000,1,57.5999
26810.0000,2681,2877.2515,0.0000,999,999,999,1,57.3927
26820.0000,2682,2877.2962,0.0000,1000,1000,999,1,57.5205
26830.0000,2683,2877.3408,0.0000,1000,997,999,1,57.4243
26840.0000,2684,2877.3847,0.0000,996,1000,1000,1,56.9923
26850.0000,2685,2877.4295,0.0000,998,999,1000,1,57.0072
26860.0000,2686,2877.4747,0.0000,999,1000,1000,1,56.9102
26870.0000,2687,2877.5196,0.0000,1000,998,1000,1,57.1490
26880.0000,2688,2877.5644,0.0000,996,999,999,1,56.7167
26890.0000,2689,2877.6086,0.0000,1000,999,1000,1,56.5080
26900.0000,2690,2877.6534,0.0000,999,999,998,1,56.2994
26910.0000,2691,2877.6977,0.0000,998,1000,1000,1,56.0911
26920.0000,2692,2877.7423,0.0000,998,1000,999,1,55.7716
26930.0000,2693,2877.7871,0.0000,1000,1000,999,1,55.7754
26940.0000,2694,2877.8321,0.0000,999,1000,999,1,56.0143
26950.0000,2695,2877.8756,0.0000,999,1000,996,1,56.0306
26960.0000,2696,2877.9194,0.0000,999,1000,1000,1,56.1587
26970.0000,2697,2877.9643,0.0000,1000,1000,999,1,56.5086
26980.0000,2698,2878.0072,0.0000,998,1000,996,1,56.3042
26990.0000,2699,2878.0513,0.0000,999,1000,998,1,56.4322
27000.0000,2700,2878.0960,0.0000,1000,1000,1000,1,56.6708
27010.0000,2701,2878.1408,0.0000,998,1000,998,1,56.7981
27020.0000,2702,2878.1855,0.0000,1000,1000,1000,1,56.9256
27030.0000,2703,2878.2301,0.0000,1000,1000,999,1,56.9416
27040.0000,2704,2878.2744,0.0000,998,1000,1000,1,56.7362
27050.0000,2705,2878.3182,0.0000,1000,1000,1000,1,56.5300
27060.0000,2706,2878.3629,0.0000,1000,999,998,1,56.5459
27070.0000,2707,2878.4073,0.0000,1000,999,998,1,56.3401
27080.0000,2708,2878.4513,0.0000,1000,1000,1000,1,56.3563
27090.0000,2709,2878.4956,0.0000,999,1000,1000,1,56.4831
27100.0000,2710,2878.5402,0.0000,1000,1000,1000,1,56.8313
27110.0000,2711,2878.5849,0.0000,1000,999,1000,1,56.5136
27120.0000,2712,2878.6290,0.0000,997,999,1000,1,56.4178
27130.0000,2713,2878.6735,0.0000,1000,1000,1000,1,56.6546
27140.0000,2714,2878.7179,0.0000,999,1000,1000,1,56.5575
27150.0000,2715,2878.7620,0.0000,1000,999,999,1,56.3491
27160.0000,2716,2878.8065,0.0000,1000,1000,1000,1,56.4746
27170.0000,2717,2878.8506,0.0000,998,999,999,1,56.4884
27180.0000,2718,2878.8945,0.0000,1000,1000,1000,1,56.3905
27190.0000,2719,2878.9387,0.0000,1000,999,1000,1,56.2922
27200.0000,2720,2878.9828,0.0000,1000,1000,1000,1,56.4159
27210.0000,2721,2879.0270,0.0000,999,1000,1000,1,56.3164
27220.0000,2722,2879.0714,0.0000,1000,1000,1000,1,56.4400
27230.0000,2723,2879.1152,0.0000,999,1000,1000,1,56.2285
27240.0000,2724,2879.1589,0.0000,999,999,1000,1,56.2403
27250.0000,2725,2879.2028,0.0000,1000,999,999,1,56.0292
27260.0000,2726,2879.2466,0.0000,1000,1000,1000,1,55.8178
27270.0000,2727,2879.2902,0.0000,996,999,1000,1,55.4955
27280.0000,2728,2879.3321,0.0000,995,998,1000,1,55.5076
27290.0000,2729,2879.3745,0.0000,1000,1000,999,1,55.2964
27300.0000,2730,2879.4178,0.0000,1000,1000,998,1,55.3082
27310.0000,2731,2879.4609,0.0000,1000,999,1000,1,55.2093
27320.0000,2732,2879.5046,0.0000,1000,1000,1000,1,55.5551
27330.0000,2733,2879.5480,0.0000,1000,999,998,1,55.0126
27340.0000,2734,2879.5903,0.0000,999,999,998,1,54.6941
27350.0000,2735,2879.6335,0.0000,1000,999,999,1,54.8188
27360.0000,2736,2879.6770,0.0000,1000,1000,1000,1,55.0537
27370.0000,2737,2879.7206,0.0000,998,1000,1000,1,55.2883
27380.0000,2738,2879.7633,0.0000,998,999,998,1,55.4118
27390.0000,2739,2879.8049,0.0000,999,1000,997,1,55.0962
27400.0000,2740,2879.8469,0.0000,999,999,998,1,54.7810
27410.0000,2741,2879.8897,0.0000,1000,1000,1000,1,54.6863
27420.0000,2742,2879.9330,0.0000,1000,1000,998,1,54.7014
27430.0000,2743,2879.9758,0.0000,998,995,1000,1,54.3783
27440.0000,2744,2880.0169,0.0000,1000,996,1000,1,54.3944
27450.0000,2745,2880.0592,0.0000,1000,996,1000,1,54.6293
27460.0000,2746,2880.1022,0.0000,999,1000,1000,1,54.7545
27470.0000,2747,2880.1453,0.0000,1000,1000,999,1,54.8796
27480.0000,2748,2880.1881,0.0000,1000,998,999,1,55.0045
27490.0000,2749,2880.2303,0.0000,997,1000,1000,1,54.5825
27500.0000,2750,2880.2719,0.0000,999,998,1000,1,54.5989
27510.0000,2751,2880.3144,0.0000,997,999,1000,1,54.2880
27520.0000,2752,2880.3566,0.0000,1000,996,999,1,54.0872
27530.0000,2753,2880.3994,0.0000,1000,1000,999,1,54.1045
27540.0000,2754,2880.4424,0.0000,1000,1000,999,1,54.1218
27550.0000,2755,2880.4854,0.0000,999,1000,1000,1,54.1385
27560.0000,2756,2880.5271,0.0000,998,997,1000,1,53.6123
27570.0000,2757,2880.5690,0.0000,999,997,1000,1,53.9556
27580.0000,2758,2880.6117,0.0000,1000,999,1000,1,53.8644
27590.0000,2759,2880.6546,0.0000,1000,999,1000,1,53.6642
27600.0000,2760,2880.6968,0.0000,1000,998,1000,1,53.5725
27610.0000,2761,2880.7389,0.0000,998,995,1000,1,53.6981
27620.0000,2762,2880.7812,0.0000,1000,1000,1000,1,53.7155
27630.0000,2763,2880.8238,0.0000,1000,998,1000,1,53.8410
27640.0000,2764,2880.8664,0.0000,1000,1000,999,1,53.8580
27650.0000,2765,2880.9087,0.0000,1000,1000,997,1,53.5643
27660.0000,2766,2880.9514,0.0000,1000,1000,1000,1,53.6764
27670.0000,2767,2880.9943,0.0000,1000,999,1000,1,53.8020
27680.0000,2768,2881.0371,0.0000,999,1000,999,1,53.9269
27690.0000,2769,2881.0794,0.0000,1000,1000,1000,1,53.7262
27700.0000,2770,2881.1218,0.0000,998,1000,998,1,53.6340
27710.0000,2771,2881.1641,0.0000,999,1000,1000,1,53.7587
27720.0000,2772,2881.2059,0.0000,1000,1000,1000,1,53.5591
27730.0000,2773,2881.2479,0.0000,998,998,999,1,53.2519
27740.0000,2774,2881.2900,0.0000,1000,1000,999,1,53.4852
27750.0000,2775,2881.3326,0.0000,1000,1000,1000,1,53.6106
27760.0000,2776,2881.3750,0.0000,1000,1000,1000,1,53.7359
27770.0000,2777,2881.4166,0.0000,1000,1000,996,1,53.3213
27780.0000,2778,2881.4578,0.0000,997,999,1000,1,53.3380
27790.0000,2779,2881.5000,0.0000,999,1000,1000,1,53.4632
27800.0000,2780,2881.5423,0.0000,999,999,1000,1,53.5883
27810.0000,2781,2881.5841,0.0000,1000,998,998,1,53.3912
27820.0000,2782,2881.6258,0.0000,998,999,1000,1,53.5164
27830.0000,2783,2881.6673,0.0000,999,998,999,1,53.4274
27840.0000,2784,2881.7086,0.0000,999,998,1000,1,53.6603
27850.0000,2785,2881.7497,0.0000,994,999,999,1,53.6789
27860.0000,2786,2881.7902,0.0000,998,1000,1000,1,53.5901
27870.0000,2787,2881.8323,0.0000,1000,999,999,1,53.6082
27880.0000,2788,2881.8741,0.0000,999,999,1000,1,53.8405
27890.0000,2789,2881.9160,0.0000,1000,1000,999,1,53.9652
27900.0000,2790,2881.9578,0.0000,1000,1000,1000,1,54.0894
27910.0000,2791,2881.9994,0.0000,999,1000,1000,1,54.2134
27920.0000,2792,2882.0413,0.0000,997,1000,999,1,54.2298
27930.0000,2793,2882.0829,0.0000,1000,1000,1000,1,54.4609
27940.0000,2794,2882.1248,0.0000,1000,1000,1000,1,54.5843
27950.0000,2795,2882.1668,0.0000,1000,1000,999,1,54.5999
27960.0000,2796,2882.2082,0.0000,1000,999,998,1,54.4009
27970.0000,2797,2882.2499,0.0000,1000,1000,999,1,54.3106
27980.0000,2798,2882.2911,0.0000,1000,1000,999,1,54.2216
27990.0000,2799,2882.3327,0.0000,1000,999,998,1,54.2392
28000.0000,2800,2882.3738,0.0000,998,998,998,1,54.0426
28010.0000,2801,2882.4152,0.0000,1000,1000,999,1,54.0599
28020.0000,2802,2882.4563,0.0000,998,1000,998,1,53.8638
28030.0000,2803,2882.4972,0.0000,998,1000,1000,1,53.9879
28040.0000,2804,2882.5387,0.0000,1000,1000,997,1,53.8985
28050.0000,2805,2882.5787,0.0000,1000,1000,998,1,53.7011
28060.0000,2806,2882.6199,0.0000,1000,1000,1000,1,53.8250
28070.0000,2807,2882.6612,0.0000,1000,1000,998,1,53.4180
28080.0000,2808,2882.7022,0.0000,996,1000,1000,1,53.4367
28090.0000,2809,2882.7431,0.0000,1000,999,996,1,52.9260
28100.0000,2810,2882.7841,0.0000,1000,999,999,1,52.5229
28110.0000,2811,2882.8254,0.0000,999,1000,1000,1,52.4375
28120.0000,2812,2882.8656,0.0000,997,1000,1000,1,52.6689
28130.0000,2813,2882.9065,0.0000,1000,1000,1000,1,52.5837
28140.0000,2814,2882.9470,0.0000,999,999,999,1,52.7096
28150.0000,2815,2882.9875,0.0000,1000,1000,998,1,52.7299
28160.0000,2816,2883.0285,0.0000,1000,1000,1000,1,52.5407
28170.0000,2817,2883.0698,0.0000,1000,1000,998,1,52.2456
28180.0000,2818,2883.1108,0.0000,999,1000,1000,1,52.4764
28190.0000,2819,2883.1514,0.0000,1000,1000,999,1,52.3920
28200.0000,2820,2883.1922,0.0000,1000,999,998,1,52.4020
28210.0000,2821,2883.2321,0.0000,1000,998,996,1,52.2142
28220.0000,2822,2883.2716,0.0000,1000,995,996,1,51.8174
28230.0000,2823,2883.3107,0.0000,995,996,1000,1,52.1518
28240.0000,2824,2883.3500,0.0000,998,1000,998,1,51.9649
28250.0000,2825,2883.3896,0.0000,1000,995,999,1,51.8932
28260.0000,2826,2883.4303,0.0000,1000,1000,1000,1,52.1242
28270.0000,2827,2883.4710,0.0000,999,1000,1000,1,52.1459
28280.0000,2828,2883.5116,0.0000,1000,1000,1000,1,52.1679
28290.0000,2829,2883.5522,0.0000,1000,1000,1000,1,52.5030
28300.0000,2830,2883.5926,0.0000,1000,1000,996,1,52.1057
28310.0000,2831,2883.6329,0.0000,998,998,998,1,52.2308
28320.0000,2832,2883.6735,0.0000,1000,1000,1000,1,52.2513
28330.0000,2833,2883.7136,0.0000,997,999,997,1,52.0622
28340.0000,2834,2883.7536,0.0000,1000,998,1000,1,51.9790
28350.0000,2835,2883.7938,0.0000,1000,998,1000,1,52.0052
28360.0000,2836,2883.8339,0.0000,1000,999,998,1,52.2352
28370.0000,2837,2883.8738,0.0000,999,997,999,1,52.3615
28380.0000,2838,2883.9133,0.0000,998,1000,997,1,52.0728
28390.0000,2839,2883.9529,0.0000,1000,999,1000,1,51.8878
28400.0000,2840,2883.9937,0.0000,1000,1000,1000,1,51.9107
28410.0000,2841,2884.0342,0.0000,1000,1000,1000,1,52.1406
28420.0000,2842,2884.0748,0.0000,1000,1000,1000,1,52.2664
28430.0000,2843,2884.1153,0.0000,1000,1000,999,1,52.2878
28440.0000,2844,2884.1559,0.0000,1000,999,999,1,52.6211
28450.0000,2845,2884.1954,0.0000,999,998,999,1,52.3301
28460.0000,2846,2884.2355,0.0000,1000,1000,999,1,52.5592
28470.0000,2847,2884.2758,0.0000,1000,999,1000,1,52.3730
28480.0000,2848,2884.3162,0.0000,997,1000,1000,1,52.2824
28490.0000,2849,2884.3563,0.0000,1000,1000,1000,1,52.4070
28500.0000,2850,2884.3966,0.0000,999,1000,999,1,52.5311
28510.0000,2851,2884.4366,0.0000,1000,999,999,1,52.5508
28520.0000,2852,2884.4766,0.0000,1000,1000,1000,1,52.4657
28530.0000,2853,2884.5166,0.0000,1000,1000,999,1,52.5889
28540.0000,2854,2884.5561,0.0000,1000,1000,999,1,52.3973
28550.0000,2855,2884.5960,0.0000,1000,1000,1000,1,52.6245
28560.0000,2856,2884.6361,0.0000,999,999,999,1,52.6432
28570.0000,2857,2884.6760,0.0000,1000,999,1000,1,52.7652
28580.0000,2858,2884.7161,0.0000,1000,1000,1000,1,52.7826
28590.0000,2859,2884.7553,0.0000,1000,1000,996,1,52.7051
28600.0000,2860,2884.7949,0.0000,1000,999,1000,1,52.7116
28610.0000,2861,2884.8347,0.0000,1000,1000,999,1,52.8336
28620.0000,2862,2884.8744,0.0000,999,1000,1000,1,52.8510
28630.0000,2863,2884.9135,0.0000,999,998,1000,1,52.7639
28640.0000,2864,2884.9531,0.0000,1000,999,1000,1,52.6777
28650.0000,2865,2884.9927,0.0000,1000,999,1000,1,52.9042
28660.0000,2866,2885.0327,0.0000,1000,1000,999,1,53.0260
28670.0000,2867,2885.0719,0.0000,998,999,1000,1,53.0433
28680.0000,2868,2885.1114,0.0000,1000,1000,1000,1,53.1652
28690.0000,2869,2885.1510,0.0000,999,1000,1000,1,53.3910
28700.0000,2870,2885.1903,0.0000,1000,999,1000,1,53.6167
28710.0000,2871,2885.2292,0.0000,1000,999,999,1,53.5295
28720.0000,2872,2885.2688,0.0000,999,999,1000,1,53.6510
28730.0000,2873,2885.3076,0.0000,998,1000,998,1,53.4596
28740.0000,2874,2885.3468,0.0000,1000,999,1000,1,53.4760
28750.0000,2875,2885.3857,0.0000,998,997,1000,1,53.3887
28760.0000,2876,2885.4240,0.0000,1000,998,1000,1,53.0950
28770.0000,2877,2885.4635,0.0000,1000,1000,1000,1,53.1129
28780.0000,2878,2885.5019,0.0000,996,1000,1000,1,53.0270
28790.0000,2879,2885.5410,0.0000,1000,1000,1000,1,53.1495
28800.0000,2880,2885.5802,0.0000,1000,997,1000,1,53.4782
28810.0000,2881,2885.6183,0.0000,998,996,1000,1,53.3929
28820.0000,2882,2885.6559,0.0000,1000,998,999,1,53.2047
28830.0000,2883,2885.6944,0.0000,1000,997,1000,1,53.0165
28840.0000,2884,2885.7338,0.0000,1000,1000,1000,1,53.1384
28850.0000,2885,2885.7729,0.0000,999,997,1000,1,53.0529
28860.0000,2886,2885.8120,0.0000,1000,1000,1000,1,53.2775
28870.0000,2887,2885.8514,0.0000,1000,1000,1000,1,53.1908
28880.0000,2888,2885.8905,0.0000,999,1000,998,1,53.1039
28890.0000,2889,2885.9289,0.0000,999,1000,996,1,52.9132
28900.0000,2890,2885.9681,0.0000,1000,999,1000,1,53.0339
28910.0000,2891,2886.0061,0.0000,993,1000,1000,1,53.0513
28920.0000,2892,2886.0436,0.0000,999,1000,1000,1,52.7585
28930.0000,2893,2886.0826,0.0000,1000,999,1000,1,52.8791
28940.0000,2894,2886.1211,0.0000,1000,999,998,1,52.7930
28950.0000,2895,2886.1597,0.0000,1000,999,1000,1,52.9133
28960.0000,2896,2886.1986,0.0000,1000,1000,1000,1,52.9296
28970.0000,2897,2886.2374,0.0000,999,1000,1000,1,53.1529
28980.0000,2898,2886.2760,0.0000,999,1000,1000,1,53.1690
28990.0000,2899,2886.3148,0.0000,1000,1000,1000,1,53.1854
29000.0000,2900,2886.3537,0.0000,1000,1000,998,1,53.2019
29010.0000,2901,2886.3921,0.0000,997,1000,997,1,53.0116
29020.0000,2902,2886.4294,0.0000,997,998,999,1,52.7190
29030.0000,2903,2886.4679,0.0000,1000,999,1000,1,52.9421
29040.0000,2904,2886.5058,0.0000,1000,996,999,1,52.7598
29050.0000,2905,2886.5437,0.0000,995,1000,1000,1,52.8718
29060.0000,2906,2886.5821,0.0000,1000,1000,1000,1,52.8881
29070.0000,2907,2886.6207,0.0000,1000,999,1000,1,53.1109
29080.0000,2908,2886.6590,0.0000,1000,999,999,1,53.1271
29090.0000,2909,2886.6975,0.0000,1000,999,999,1,53.1431
29100.0000,2910,2886.7357,0.0000,999,999,1000,1,53.0559
29110.0000,2911,2886.7740,0.0000,999,1000,997,1,52.8657
29120.0000,2912,2886.8117,0.0000,1000,1000,1000,1,52.7784
29130.0000,2913,2886.8501,0.0000,999,998,998,1,52.8977
29140.0000,2914,2886.8886,0.0000,1000,999,1000,1,53.2227
29150.0000,2915,2886.9267,0.0000,999,999,999,1,53.0322
29160.0000,2916,2886.9651,0.0000,1000,1000,999,1,52.8422
29170.0000,2917,2887.0025,0.0000,999,1000,996,1,52.3547
29180.0000,2918,2887.0405,0.0000,999,1000,1000,1,52.4654
29190.0000,2919,2887.0786,0.0000,1000,1000,998,1,52.1845
29200.0000,2920,2887.1160,0.0000,1000,999,997,1,51.9971
29210.0000,2921,2887.1543,0.0000,1000,1000,999,1,51.8100
29220.0000,2922,2887.1924,0.0000,1000,1000,1000,1,51.8173
29230.0000,2923,2887.2308,0.0000,1000,1000,999,1,51.7421
29240.0000,2924,2887.2690,0.0000,1000,1000,999,1,51.8508
29250.0000,2925,2887.3071,0.0000,1000,1000,1000,1,51.8675
29260.0000,2926,2887.3450,0.0000,1000,1000,995,1,51.9866
29270.0000,2927,2887.3817,0.0000,1000,1000,999,1,52.3105
29280.0000,2928,2887.4198,0.0000,1000,1000,1000,1,52.6341
29290.0000,2929,2887.4579,0.0000,1000,999,999,1,52.7532
29300.0000,2930,2887.4960,0.0000,1000,1000,999,1,52.9740
29310.0000,2931,2887.5339,0.0000,999,999,1000,1,53.1945
29320.0000,2932,2887.5713,0.0000,1000,998,997,1,53.0052
29330.0000,2933,2887.6082,0.0000,1000,1000,999,1,52.9189
29340.0000,2934,2887.6454,0.0000,1000,999,993,1,52.8336
29350.0000,2935,2887.6823,0.0000,999,1000,999,1,52.8510
29360.0000,2936,2887.7204,0.0000,1000,999,1000,1,52.9700
29370.0000,2937,2887.7580,0.0000,1000,1000,998,1,53.1907
29380.0000,2938,2887.7958,0.0000,1000,1000,999,1,53.3093
29390.0000,2939,2887.8339,0.0000,1000,999,1000,1,53.5295
29400.0000,2940,2887.8714,0.0000,998,997,1000,1,53.4431
29410.0000,2941,2887.9084,0.0000,995,999,1000,1,53.5611
29420.0000,2942,2887.9445,0.0000,995,1000,1000,1,53.5780
29430.0000,2943,2887.9815,0.0000,1000,1000,999,1,53.3917
29440.0000,2944,2888.0193,0.0000,1000,1000,998,1,53.6117
29450.0000,2945,2888.0568,0.0000,1000,999,999,1,53.6283
29460.0000,2946,2888.0943,0.0000,1000,1000,999,1,53.6445
29470.0000,2947,2888.1317,0.0000,1000,998,1000,1,53.6605
29480.0000,2948,2888.1686,0.0000,999,1000,1000,1,53.4729
29490.0000,2949,2888.2061,0.0000,1000,1000,999,1,53.4888
29500.0000,2950,2888.2435,0.0000,1000,1000,1000,1,53.6059
29510.0000,2951,2888.2806,0.0000,1000,997,1000,1,53.2143
29520.0000,2952,2888.3169,0.0000,1000,995,1000,1,52.7210
29530.0000,2953,2888.3513,0.0000,1000,988,1000,1,52.0286
29540.0000,2954,2888.3852,0.0000,1000,990,999,1,51.9429
29550.0000,2955,2888.4194,0.0000,1000,992,1000,1,51.7574
29560.0000,2956,2888.4554,0.0000,1000,999,1000,1,51.9761
29570.0000,2957,2888.4930,0.0000,999,999,999,1,52.0951
29580.0000,2958,2888.5303,0.0000,1000,1000,1000,1,52.1139
29590.0000,2959,2888.5676,0.0000,999,1000,1000,1,51.9310
29600.0000,2960,2888.6049,0.0000,1000,999,999,1,51.9494
29610.0000,2961,2888.6424,0.0000,1000,1000,999,1,52.2695
29620.0000,2962,2888.6797,0.0000,1000,1000,1000,1,52.3879
29630.0000,2963,2888.7169,0.0000,999,1000,999,1,52.3050
29640.0000,2964,2888.7541,0.0000,998,1000,1000,1,52.4229
29650.0000,2965,2888.7910,0.0000,1000,1000,999,1,52.7425
29660.0000,2966,2888.8278,0.0000,998,999,1000,1,52.6584
29670.0000,2967,2888.8643,0.0000,1000,999,1000,1,52.3727
29680.0000,2968,2888.9008,0.0000,1000,999,999,1,52.0869
29690.0000,2969,2888.9372,0.0000,1000,1000,1000,1,51.7010
29700.0000,2970,2888.9743,0.0000,1000,1000,1000,1,51.7191
29710.0000,2971,2889.0108,0.0000,1000,1000,1000,1,51.4546
29720.0000,2972,2889.0478,0.0000,1000,998,1000,1,51.3725
29730.0000,2973,2889.0838,0.0000,1000,995,1000,1,51.5915
29740.0000,2974,2889.1189,0.0000,999,993,998,1,51.8104
29750.0000,2975,2889.1534,0.0000,999,997,1000,1,51.5288
29760.0000,2976,2889.1897,0.0000,999,1000,999,1,51.6475
29770.0000,2977,2889.2265,0.0000,1000,1000,1000,1,51.5660
29780.0000,2978,2889.2631,0.0000,998,998,1000,1,51.5840
29790.0000,2979,2889.2995,0.0000,998,1000,1000,1,51.2017
29800.0000,2980,2889.3363,0.0000,999,1000,999,1,51.3200
29810.0000,2981,2889.3731,0.0000,1000,1000,999,1,51.5381
29820.0000,2982,2889.4096,0.0000,1000,999,1000,1,51.5555
29830.0000,2983,2889.4465,0.0000,1000,1000,1000,1,51.7733
29840.0000,2984,2889.4828,0.0000,998,1000,1000,1,51.5889
29850.0000,2985,2889.5196,0.0000,1000,1000,1000,1,51.8062
29860.0000,2986,2889.5558,0.0000,997,1000,1000,1,51.4199
29870.0000,2987,2889.5923,0.0000,999,1000,1000,1,51.4365
29880.0000,2988,2889.6283,0.0000,1000,1000,1000,1,51.3530
29890.0000,2989,2889.6649,0.0000,1000,1000,999,1,51.0685
29900.0000,2990,2889.7014,0.0000,1000,999,999,1,50.9848
29910.0000,2991,2889.7378,0.0000,999,1000,1000,1,50.9005
29920.0000,2992,2889.7742,0.0000,1000,1000,999,1,50.9032
29930.0000,2993,2889.8105,0.0000,998,1000,1000,1,50.8313
29940.0000,2994,2889.8470,0.0000,1000,999,1000,1,50.8463
29950.0000,2995,2889.8834,0.0000,1000,1000,999,1,51.0496
29960.0000,2996,2889.9198,0.0000,1000,999,998,1,51.2655
29970.0000,2997,2889.9559,0.0000,999,1000,999,1,51.2797
29980.0000,2998,2889.9920,0.0000,1000,999,1000,1,51.3944
29990.0000,2999,2890.0274,0.0000,997,1000,1000,1,51.5094
30000.0000,3000,2890.0635,0.0000,1000,998,1000,1,51.5233
30010.0000,3001,2890.0995,0.0000,1000,999,999,1,51.7384
30020.0000,3002,2890.1355,0.0000,1000,1000,998,1,51.8527
30030.0000,3003,2890.1718,0.0000,999,1000,1000,1,51.9674
30040.0000,3004,2890.2076,0.0000,999,998,997,1,51.8810
30050.0000,3005,2890.2433,0.0000,1000,1000,1000,1,52.0960
30060.0000,3006,2890.2793,0.0000,999,1000,1000,1,51.9084
30070.0000,3007,2890.3152,0.0000,1000,1000,1000,1,51.8220
30080.0000,3008,2890.3513,0.0000,1000,1000,999,1,51.6355
30090.0000,3009,2890.3873,0.0000,998,999,1000,1,51.5495
30100.0000,3010,2890.4232,0.0000,999,998,1000,1,51.3633
30110.0000,3011,2890.4591,0.0000,999,1000,998,1,51.6783
30120.0000,3012,2890.4952,0.0000,1000,1000,1000,1,51.7931
30130.0000,3013,2890.5311,0.0000,1000,1000,999,1,51.3082
30140.0000,3014,2890.5671,0.0000,997,999,1000,1,51.5229
30150.0000,3015,2890.6020,0.0000,997,997,1000,1,51.2386
30160.0000,3016,2890.6371,0.0000,999,998,1000,1,51.0544
30170.0000,3017,2890.6725,0.0000,999,1000,1000,1,51.3687
30180.0000,3018,2890.7079,0.0000,998,997,1000,1,51.0853
30190.0000,3019,2890.7420,0.0000,999,998,999,1,51.0004
30200.0000,3020,2890.7772,0.0000,1000,1000,999,1,50.9177
30210.0000,3021,2890.8129,0.0000,998,1000,1000,1,50.7364
30220.0000,3022,2890.8478,0.0000,998,1000,1000,1,50.4572
30230.0000,3023,2890.8832,0.0000,999,998,1000,1,50.3760
30240.0000,3024,2890.9189,0.0000,1000,1000,1000,1,50.4924
30250.0000,3025,2890.9548,0.0000,1000,1000,1000,1,50.5097
30260.0000,3026,2890.9908,0.0000,1000,1000,999,1,50.7243
30270.0000,3027,2891.0265,0.0000,999,998,1000,1,50.7396
30280.0000,3028,2891.0616,0.0000,999,1000,1000,1,50.9531
30290.0000,3029,2891.0974,0.0000,999,999,1000,1,50.9673
30300.0000,3030,2891.1328,0.0000,1000,1000,999,1,50.9813
30310.0000,3031,2891.1669,0.0000,997,1000,998,1,50.8958
30320.0000,3032,2891.2019,0.0000,1000,1000,1000,1,50.9094
30330.0000,3033,2891.2376,0.0000,1000,1000,1000,1,51.0226
30340.0000,3034,2891.2733,0.0000,1000,1000,999,1,51.1356
30350.0000,3035,2891.3077,0.0000,1000,999,996,1,51.0488
30360.0000,3036,2891.3424,0.0000,999,997,999,1,50.6629
30370.0000,3037,2891.3773,0.0000,1000,999,998,1,50.7753
30380.0000,3038,2891.4125,0.0000,1000,1000,1000,1,50.7878
30390.0000,3039,2891.4472,0.0000,1000,1000,999,1,50.9005
30400.0000,3040,2891.4826,0.0000,1000,999,1000,1,51.0130
30410.0000,3041,2891.5173,0.0000,994,1000,1000,1,51.2253
30420.0000,3042,2891.5505,0.0000,998,996,999,1,50.9386
30430.0000,3043,2891.5843,0.0000,1000,998,997,1,50.9501
30440.0000,3044,2891.6185,0.0000,1000,1000,998,1,50.7626
30450.0000,3045,2891.6531,0.0000,997,999,1000,1,50.5757
30460.0000,3046,2891.6874,0.0000,999,1000,1000,1,50.4891
30470.0000,3047,2891.7228,0.0000,999,999,999,1,50.6015
30480.0000,3048,2891.7579,0.0000,999,1000,1000,1,50.7136
30490.0000,3049,2891.7927,0.0000,997,1000,1000,1,50.7213
30500.0000,3050,2891.8279,0.0000,1000,999,1000,1,51.0326
30510.0000,3051,2891.8627,0.0000,1000,1000,1000,1,51.1438
30520.0000,3052,2891.8976,0.0000,999,1000,998,1,51.0562
30530.0000,3053,2891.9322,0.0000,999,1000,997,1,50.8687
30540.0000,3054,2891.9673,0.0000,999,1000,1000,1,50.6814
30550.0000,3055,2892.0020,0.0000,998,1000,1000,1,50.4944
30560.0000,3056,2892.0370,0.0000,999,1000,1000,1,50.6059
30570.0000,3057,2892.0720,0.0000,1000,1000,1000,1,50.7170
30580.0000,3058,2892.1066,0.0000,1000,999,999,1,50.6279
30590.0000,3059,2892.1410,0.0000,998,1000,996,1,50.3399
30600.0000,3060,2892.1743,0.0000,1000,1000,993,1,49.9533
30610.0000,3061,2892.2075,0.0000,1000,1000,1000,1,50.0635
30620.0000,3062,2892.2420,0.0000,1000,999,1000,1,50.2742
30630.0000,3063,2892.2769,0.0000,1000,999,1000,1,50.2854
30640.0000,3064,2892.3115,0.0000,999,1000,997,1,49.9981
30650.0000,3065,2892.3455,0.0000,1000,997,996,1,49.8105
30660.0000,3066,2892.3792,0.0000,1000,998,1000,1,50.0203
30670.0000,3067,2892.4136,0.0000,999,1000,999,1,50.0317
30680.0000,3068,2892.4484,0.0000,999,998,1000,1,50.2419
30690.0000,3069,2892.4818,0.0000,999,996,996,1,49.8569
30700.0000,3070,2892.5152,0.0000,1000,1000,997,1,49.9672
30710.0000,3071,2892.5481,0.0000,1000,999,995,1,49.8788
30720.0000,3072,2892.5820,0.0000,1000,1000,997,1,49.5952
30730.0000,3073,2892.6162,0.0000,996,1000,1000,1,49.7066
30740.0000,3074,2892.6502,0.0000,999,999,999,1,49.6209
30750.0000,3075,2892.6847,0.0000,1000,1000,998,1,49.6336
30760.0000,3076,2892.7189,0.0000,1000,999,1000,1,49.6461
30770.0000,3077,2892.7533,0.0000,999,1000,1000,1,49.4612
30780.0000,3078,2892.7878,0.0000,1000,998,1000,1,49.6711
30790.0000,3079,2892.8220,0.0000,1000,999,1000,1,49.5848
30800.0000,3080,2892.8564,0.0000,1000,999,1000,1,49.7947
30810.0000,3081,2892.8905,0.0000,1000,1000,999,1,49.7086
30820.0000,3082,2892.9248,0.0000,999,1000,999,1,49.4530
30830.0000,3083,2892.9592,0.0000,1000,1000,1000,1,49.5362
30840.0000,3084,2892.9934,0.0000,999,998,1000,1,49.6473
30850.0000,3085,2893.0275,0.0000,1000,1000,1000,1,49.6595
30860.0000,3086,2893.0615,0.0000,998,1000,1000,1,49.5730
30870.0000,3087,2893.0947,0.0000,996,999,997,1,49.4866
30880.0000,3088,2893.1281,0.0000,1000,999,1000,1,49.7941
30890.0000,3089,2893.1616,0.0000,1000,998,1000,1,49.8062
30900.0000,3090,2893.1953,0.0000,996,1000,1000,1,49.6215
30910.0000,3091,2893.2294,0.0000,1000,1000,1000,1,49.7322
30920.0000,3092,2893.2636,0.0000,999,998,1000,1,49.8427
30930.0000,3093,2893.2974,0.0000,1000,1000,999,1,49.9534
30940.0000,3094,2893.3314,0.0000,1000,1000,997,1,49.9658
30950.0000,3095,2893.3649,0.0000,999,996,999,1,49.9784
30960.0000,3096,2893.3976,0.0000,999,998,1000,1,49.7968
30970.0000,3097,2893.4315,0.0000,1000,997,1000,1,49.8116
30980.0000,3098,2893.4652,0.0000,1000,998,999,1,49.7288
30990.0000,3099,2893.4989,0.0000,999,999,1000,1,49.7429
31000.0000,3100,2893.5329,0.0000,1000,997,999,1,49.7566
31010.0000,3101,2893.5667,0.0000,1000,1000,1000,1,49.9652
31020.0000,3102,2893.6003,0.0000,1000,999,1000,1,49.8811
31030.0000,3103,2893.6342,0.0000,1000,1000,999,1,49.7970
31040.0000,3104,2893.6682,0.0000,999,1000,1000,1,49.9075
31050.0000,3105,2893.7017,0.0000,999,1000,999,1,49.7252
31060.0000,3106,2893.7346,0.0000,994,1000,999,1,49.5435
31070.0000,3107,2893.7679,0.0000,1000,1000,996,1,49.1688
31080.0000,3108,2893.8003,0.0000,998,999,996,1,48.9884
31090.0000,3109,2893.8334,0.0000,999,1000,998,1,48.8081
31100.0000,3110,2893.8665,0.0000,1000,1000,997,1,48.6283
31110.0000,3111,2893.9000,0.0000,1000,999,1000,1,48.7395
31120.0000,3112,2893.9337,0.0000,1000,997,999,1,48.4621
31130.0000,3113,2893.9669,0.0000,1000,1000,1000,1,48.0866
31140.0000,3114,2894.0005,0.0000,1000,1000,1000,1,48.1977
31150.0000,3115,2894.0343,0.0000,999,1000,1000,1,48.3090
31160.0000,3116,2894.0676,0.0000,998,1000,1000,1,48.3228
31170.0000,3117,2894.1006,0.0000,999,1000,1000,1,48.3368
31180.0000,3118,2894.1335,0.0000,1000,996,1000,1,48.2538
31190.0000,3119,2894.1670,0.0000,1000,1000,999,1,48.1706
31200.0000,3120,2894.2003,0.0000,1000,999,1000,1,47.9906
31210.0000,3121,2894.2341,0.0000,998,1000,1000,1,48.1987
31220.0000,3122,2894.2672,0.0000,1000,1000,1000,1,48.2124
31230.0000,3123,2894.3008,0.0000,1000,1000,1000,1,48.2259
31240.0000,3124,2894.3343,0.0000,999,1000,1000,1,48.3297
31250.0000,3125,2894.3676,0.0000,1000,1000,1000,1,48.4398
31260.0000,3126,2894.4007,0.0000,1000,1000,997,1,48.4522
31270.0000,3127,2894.4341,0.0000,1000,1000,1000,1,48.6590
31280.0000,3128,2894.4675,0.0000,1000,998,1000,1,48.5732
31290.0000,3129,2894.5007,0.0000,1000,1000,1000,1,48.3896
31300.0000,3130,2894.5341,0.0000,1000,1000,1000,1,48.3038
31310.0000,3131,2894.5672,0.0000,1000,1000,1000,1,48.4208
31320.0000,3132,2894.6005,0.0000,999,1000,1000,1,48.3354
31330.0000,3133,2894.6339,0.0000,1000,1000,1000,1,48.4443
31340.0000,3134,2894.6673,0.0000,1000,1000,999,1,48.5535
31350.0000,3135,2894.7003,0.0000,999,1000,999,1,48.3713
31360.0000,3136,2894.7336,0.0000,1000,1000,1000,1,48.4806
31370.0000,3137,2894.7670,0.0000,1000,1000,1000,1,48.6868
31380.0000,3138,2894.8000,0.0000,1000,998,1000,1,48.6007
31390.0000,3139,2894.8328,0.0000,1000,1000,999,1,48.6118
31400.0000,3140,2894.8656,0.0000,1000,1000,999,1,48.4277
31410.0000,3141,2894.8972,0.0000,1000,993,1000,1,48.4639
31420.0000,3142,2894.9280,0.0000,1000,995,998,1,48.6696
31430.0000,3143,2894.9603,0.0000,1000,1000,998,1,48.8751
31440.0000,3144,2894.9931,0.0000,999,1000,999,1,48.5940
31450.0000,3145,2895.0259,0.0000,998,998,999,1,48.3123
31460.0000,3146,2895.0586,0.0000,1000,999,1000,1,48.3231
31470.0000,3147,2895.0916,0.0000,1000,999,1000,1,48.5286
31480.0000,3148,2895.1243,0.0000,999,999,999,1,48.4431
31490.0000,3149,2895.1572,0.0000,1000,1000,1000,1,48.5518
31500.0000,3150,2895.1903,0.0000,1000,1000,1000,1,48.5638
31510.0000,3151,2895.2233,0.0000,1000,999,1000,1,48.7689
31520.0000,3152,2895.2557,0.0000,1000,1000,998,1,48.6828
31530.0000,3153,2895.2871,0.0000,996,1000,999,1,48.0906
31540.0000,3154,2895.3194,0.0000,1000,1000,999,1,48.2960
31550.0000,3155,2895.3522,0.0000,1000,1000,1000,1,48.4049
31560.0000,3156,2895.3851,0.0000,999,1000,999,1,48.5133
31570.0000,3157,2895.4177,0.0000,997,1000,999,1,48.3327
31580.0000,3158,2895.4501,0.0000,1000,1000,999,1,48.1524
31590.0000,3159,2895.4823,0.0000,1000,998,1000,1,48.1653
31600.0000,3160,2895.5146,0.0000,1000,1000,999,1,47.9877
31610.0000,3161,2895.5471,0.0000,999,1000,999,1,48.0971
31620.0000,3162,2895.5797,0.0000,1000,1000,1000,1,47.8245
31630.0000,3163,2895.6125,0.0000,999,999,1000,1,48.0301
31640.0000,3164,2895.6452,0.0000,1000,1000,1000,1,48.2353
31650.0000,3165,2895.6779,0.0000,1000,1000,999,1,48.2487
31660.0000,3166,2895.7108,0.0000,1000,999,999,1,48.4535
31670.0000,3167,2895.7433,0.0000,1000,1000,1000,1,48.4664
31680.0000,3168,2895.7757,0.0000,1000,999,1000,1,48.4788
31690.0000,3169,2895.8077,0.0000,999,998,1000,1,48.5872
31700.0000,3170,2895.8400,0.0000,1000,1000,1000,1,48.5045
31710.0000,3171,2895.8727,0.0000,999,1000,1000,1,48.7088
31720.0000,3172,2895.9049,0.0000,999,1000,999,1,48.8166
31730.0000,3173,2895.9371,0.0000,998,999,1000,1,49.0205
31740.0000,3174,2895.9695,0.0000,998,1000,1000,1,49.2246
31750.0000,3175,2896.0017,0.0000,1000,1000,1000,1,49.2367
31760.0000,3176,2896.0343,0.0000,1000,1000,1000,1,49.4401
31770.0000,3177,2896.0668,0.0000,1000,1000,1000,1,49.6433
31780.0000,3178,2896.0990,0.0000,1000,997,1000,1,49.6540
31790.0000,3179,2896.1313,0.0000,1000,1000,997,1,49.4726
31800.0000,3180,2896.1635,0.0000,999,1000,998,1,49.3871
31810.0000,3181,2896.1956,0.0000,999,999,999,1,49.3017
31820.0000,3182,2896.2278,0.0000,1000,999,1000,1,49.5042
31830.0000,3183,2896.2600,0.0000,1000,1000,1000,1,49.6103
31840.0000,3184,2896.2925,0.0000,1000,1000,1000,1,49.6195
31850.0000,3185,2896.3249,0.0000,1000,1000,1000,1,49.5322
31860.0000,3186,2896.3569,0.0000,997,1000,1000,1,49.7340
31870.0000,3187,2896.3885,0.0000,999,996,1000,1,49.9357
31880.0000,3188,2896.4200,0.0000,998,999,1000,1,49.8486
31890.0000,3189,2896.4513,0.0000,1000,999,1000,1,49.7615
31900.0000,3190,2896.4830,0.0000,999,997,997,1,49.5777
31910.0000,3191,2896.5149,0.0000,1000,1000,1000,1,49.6826
31920.0000,3192,2896.5468,0.0000,1000,999,998,1,49.4989
31930.0000,3193,2896.5789,0.0000,1000,999,1000,1,49.7964
31940.0000,3194,2896.6100,0.0000,1000,1000,995,1,49.2291
31950.0000,3195,2896.6415,0.0000,1000,997,999,1,48.9523
31960.0000,3196,2896.6727,0.0000,1000,998,999,1,48.8674
31970.0000,3197,2896.7046,0.0000,1000,1000,1000,1,48.7832
31980.0000,3198,2896.7357,0.0000,994,1000,999,1,48.7941
31990.0000,3199,2896.7653,0.0000,992,1000,1000,1,48.8049
32000.0000,3200,2896.7957,0.0000,999,1000,1000,1,48.7206
32010.0000,3201,2896.8271,0.0000,999,998,999,1,48.5420
32020.0000,3202,2896.8584,0.0000,1000,999,1000,1,48.8392
32030.0000,3203,2896.8906,0.0000,1000,1000,1000,1,49.1361
32040.0000,3204,2896.9226,0.0000,1000,1000,1000,1,49.2422
32050.0000,3205,2896.9544,0.0000,1000,1000,999,1,49.1574
32060.0000,3206,2896.9856,0.0000,999,995,997,1,49.1677
32070.0000,3207,2897.0165,0.0000,1000,1000,1000,1,49.3685
32080.0000,3208,2897.0482,0.0000,1000,1000,998,1,49.2827
32090.0000,3209,2897.0798,0.0000,1000,999,1000,1,49.1005
32100.0000,3210,2897.1114,0.0000,998,998,1000,1,49.3012
32110.0000,3211,2897.1430,0.0000,998,999,997,1,49.2145
32120.0000,3212,2897.1742,0.0000,1000,998,1000,1,49.4493
32130.0000,3213,2897.2060,0.0000,999,1000,1000,1,49.5188
32140.0000,3214,2897.2374,0.0000,1000,1000,1000,1,49.5272
32150.0000,3215,2897.2691,0.0000,999,1000,1000,1,49.6315
32160.0000,3216,2897.3006,0.0000,999,998,1000,1,49.6398
32170.0000,3217,2897.3319,0.0000,1000,1000,1000,1,49.5527
32180.0000,3218,2897.3637,0.0000,998,1000,1000,1,49.5614
32190.0000,3219,2897.3943,0.0000,1000,999,998,1,49.1884
32200.0000,3220,2897.4256,0.0000,999,1000,1000,1,49.3882
32210.0000,3221,2897.4569,0.0000,1000,1000,1000,1,49.4926
32220.0000,3222,2897.4881,0.0000,1000,998,1000,1,49.5016
32230.0000,3223,2897.5194,0.0000,999,999,999,1,49.5100
32240.0000,3224,2897.5507,0.0000,1000,999,1000,1,49.6137
32250.0000,3225,2897.5822,0.0000,999,1000,1000,1,49.5262
32260.0000,3226,2897.6137,0.0000,1000,1000,1000,1,49.3426
32270.0000,3227,2897.6448,0.0000,999,1000,998,1,49.2896
32280.0000,3228,2897.6760,0.0000,1000,999,999,1,49.1055
32290.0000,3229,2897.7067,0.0000,1000,997,1000,1,48.9214
32300.0000,3230,2897.7378,0.0000,998,1000,1000,1,48.7972
32310.0000,3231,2897.7689,0.0000,999,1000,999,1,48.5534
32320.0000,3232,2897.7991,0.0000,999,1000,998,1,48.3481
32330.0000,3233,2897.8300,0.0000,999,1000,999,1,48.3569
32340.0000,3234,2897.8610,0.0000,1000,1000,999,1,48.5561
32350.0000,3235,2897.8924,0.0000,1000,1000,1000,1,48.8502
32360.0000,3236,2897.9237,0.0000,999,1000,997,1,49.1442
32370.0000,3237,2897.9548,0.0000,999,1000,999,1,49.3427
32380.0000,3238,2897.9853,0.0000,999,999,996,1,49.4459
32390.0000,3239,2898.0151,0.0000,999,997,999,1,49.3598
32400.0000,3240,2898.0459,0.0000,1000,1000,999,1,49.2740
32410.0000,3241,2898.0766,0.0000,1000,999,998,1,49.1878
32420.0000,3242,2898.1071,0.0000,1000,1000,1000,1,49.2913
32430.0000,3243,2898.1377,0.0000,1000,1000,996,1,49.2993
32440.0000,3244,2898.1677,0.0000,999,1000,998,1,49.4973
32450.0000,3245,2898.1986,0.0000,999,1000,1000,1,49.6001
32460.0000,3246,2898.2288,0.0000,997,1000,1000,1,49.7032
32470.0000,3247,2898.2588,0.0000,998,1000,1000,1,49.3352
32480.0000,3248,2898.2896,0.0000,999,1000,1000,1,49.3452
32490.0000,3249,2898.3206,0.0000,1000,1000,1000,1,49.3550
32500.0000,3250,2898.3517,0.0000,1000,998,1000,1,49.4585
32510.0000,3251,2898.3815,0.0000,999,999,998,1,49.4679
32520.0000,3252,2898.4123,0.0000,1000,999,1000,1,49.4774
32530.0000,3253,2898.4424,0.0000,1000,1000,998,1,49.5813
32540.0000,3254,2898.4718,0.0000,1000,1000,994,1,49.4027
32550.0000,3255,2898.5014,0.0000,1000,1000,996,1,49.3183
32560.0000,3256,2898.5319,0.0000,1000,999,1000,1,49.2344
32570.0000,3257,2898.5626,0.0000,1000,1000,999,1,49.3383
32580.0000,3258,2898.5932,0.0000,999,999,1000,1,49.1598
32590.0000,3259,2898.6240,0.0000,1000,999,1000,1,49.0753
32600.0000,3260,2898.6545,0.0000,999,999,1000,1,48.8031
32610.0000,3261,2898.6854,0.0000,1000,1000,1000,1,48.8126
32620.0000,3262,2898.7162,0.0000,1000,998,1000,1,48.8214
32630.0000,3263,2898.7467,0.0000,999,997,999,1,48.5471
32640.0000,3264,2898.7766,0.0000,998,996,1000,1,48.4604
32650.0000,3265,2898.8062,0.0000,1000,1000,1000,1,48.2801
32660.0000,3266,2898.8370,0.0000,999,998,1000,1,48.1008
32670.0000,3267,2898.8664,0.0000,992,1000,1000,1,48.0157
32680.0000,3268,2898.8960,0.0000,1000,1000,998,1,48.2132
32690.0000,3269,2898.9260,0.0000,1000,1000,997,1,48.1291
32700.0000,3270,2898.9560,0.0000,996,999,999,1,48.1392
32710.0000,3271,2898.9854,0.0000,998,1000,1000,1,48.4301
32720.0000,3272,2899.0157,0.0000,1000,1000,1000,1,48.1607
32730.0000,3273,2899.0463,0.0000,1000,999,1000,1,48.1709
32740.0000,3274,2899.0768,0.0000,1000,998,1000,1,48.1808
32750.0000,3275,2899.1070,0.0000,1000,999,1000,1,48.0029
32760.0000,3276,2899.1372,0.0000,999,997,998,1,47.6375
32770.0000,3277,2899.1672,0.0000,999,999,1000,1,47.7401
32780.0000,3278,2899.1973,0.0000,1000,999,1000,1,47.6693
32790.0000,3279,2899.2281,0.0000,1000,1000,1000,1,47.9597
32800.0000,3280,2899.2583,0.0000,1000,1000,1000,1,47.9541
32810.0000,3281,2899.2886,0.0000,1000,998,1000,1,47.8820
32820.0000,3282,2899.3190,0.0000,1000,999,1000,1,48.1721
32830.0000,3283,2899.3494,0.0000,1000,1000,1000,1,48.4620
32840.0000,3284,2899.3797,0.0000,998,1000,1000,1,48.3750
32850.0000,3285,2899.4097,0.0000,1000,996,1000,1,48.3819
32860.0000,3286,2899.4395,0.0000,998,1000,997,1,48.3888
32870.0000,3287,2899.4694,0.0000,999,1000,1000,1,48.3012
32880.0000,3288,2899.4990,0.0000,996,1000,1000,1,47.7443
32890.0000,3289,2899.5288,0.0000,1000,998,1000,1,47.8456
32900.0000,3290,2899.5589,0.0000,1000,998,1000,1,47.6668
32910.0000,3291,2899.5881,0.0000,1000,999,999,1,47.3969
32920.0000,3292,2899.6184,0.0000,1000,1000,999,1,47.6863
32930.0000,3293,2899.6486,0.0000,999,1000,1000,1,47.4164
32940.0000,3294,2899.6781,0.0000,1000,1000,998,1,47.4255
32950.0000,3295,2899.7085,0.0000,1000,999,1000,1,47.7146
32960.0000,3296,2899.7386,0.0000,1000,1000,1000,1,47.7229
32970.0000,3297,2899.7685,0.0000,1000,1000,1000,1,47.2637
32980.0000,3298,2899.7982,0.0000,1000,996,999,1,47.0856
32990.0000,3299,2899.8274,0.0000,998,1000,1000,1,46.9084
33000.0000,3300,2899.8572,0.0000,1000,999,998,1,46.9175
33010.0000,3301,2899.8873,0.0000,999,1000,999,1,46.9266
33020.0000,3302,2899.9173,0.0000,999,1000,999,1,46.9180
33030.0000,3303,2899.9473,0.0000,1000,999,1000,1,46.9281
33040.0000,3304,2899.9767,0.0000,1000,1000,997,1,47.1238
33050.0000,3305,2900.0062,0.0000,1000,1000,997,1,47.2267
33060.0000,3306,2900.0361,0.0000,1000,1000,1000,1,47.3296
33070.0000,3307,2900.0652,0.0000,994,1000,999,1,47.3396
33080.0000,3308,2900.0938,0.0000,1000,1000,998,1,47.4422
33090.0000,3309,2900.1235,0.0000,998,1000,1000,1,47.5447
33100.0000,3310,2900.1531,0.0000,999,999,1000,1,47.6473
33110.0000,3311,2900.1826,0.0000,997,998,998,1,47.3803
33120.0000,3312,2900.2119,0.0000,998,1000,1000,1,47.2062
33130.0000,3313,2900.2414,0.0000,1000,1000,999,1,47.1247
33140.0000,3314,2900.2710,0.0000,999,1000,1000,1,46.9511
33150.0000,3315,2900.3008,0.0000,999,1000,1000,1,47.0540
33160.0000,3316,2900.3306,0.0000,1000,998,1000,1,47.0644
33170.0000,3317,2900.3599,0.0000,999,1000,1000,1,47.1665
33180.0000,3318,2900.3897,0.0000,1000,1000,999,1,47.1772
33190.0000,3319,2900.4188,0.0000,1000,995,998,1,47.0025
33200.0000,3320,2900.4474,0.0000,1000,1000,1000,1,47.1039
33210.0000,3321,2900.4772,0.0000,1000,1000,1000,1,47.3908
33220.0000,3322,2900.5069,0.0000,998,1000,1000,1,47.3079
33230.0000,3323,2900.5365,0.0000,1000,998,997,1,47.0400
33240.0000,3324,2900.5659,0.0000,1000,1000,1000,1,47.1419
33250.0000,3325,2900.5956,0.0000,998,1000,1000,1,47.1516
33260.0000,3326,2900.6250,0.0000,1000,1000,1000,1,47.2535
33270.0000,3327,2900.6546,0.0000,1000,999,998,1,46.9853
33280.0000,3328,2900.6837,0.0000,1000,1000,1000,1,46.9938
33290.0000,3329,2900.7133,0.0000,999,1000,1000,1,47.0025
33300.0000,3330,2900.7420,0.0000,999,1000,1000,1,46.5480
33310.0000,3331,2900.7716,0.0000,1000,1000,1000,1,46.7417
33320.0000,3332,2900.8011,0.0000,999,1000,1000,1,46.5654
33330.0000,3333,2900.8303,0.0000,1000,999,1000,1,46.3900
33340.0000,3334,2900.8597,0.0000,1000,999,1000,1,46.4923
33350.0000,3335,2900.8889,0.0000,1000,1000,1000,1,46.4110
33360.0000,3336,2900.9185,0.0000,999,1000,1000,1,46.4220
33370.0000,3337,2900.9478,0.0000,999,1000,1000,1,46.6027
33380.0000,3338,2900.9772,0.0000,1000,1000,1000,1,46.6128
33390.0000,3339,2901.0066,0.0000,998,999,1000,1,46.6363
33400.0000,3340,2901.0353,0.0000,1000,1000,1000,1,46.5547
33410.0000,3341,2901.0646,0.0000,1000,999,1000,1,46.5652
33420.0000,3342,2901.0939,0.0000,1000,1000,998,1,46.6670
33430.0000,3343,2901.1229,0.0000,1000,1000,1000,1,46.6769
33440.0000,3344,2901.1523,0.0000,1000,999,1000,1,46.5029
33450.0000,3345,2901.1811,0.0000,996,999,1000,1,46.3296
33460.0000,3346,2901.2099,0.0000,998,1000,999,1,46.4318
33470.0000,3347,2901.2390,0.0000,1000,1000,999,1,46.4430
33480.0000,3348,2901.2678,0.0000,1000,999,999,1,46.4541
33490.0000,3349,2901.2967,0.0000,1000,999,1000,1,46.2827
33500.0000,3350,2901.3256,0.0000,1000,1000,1000,1,46.0202
33510.0000,3351,2901.3544,0.0000,1000,999,1000,1,45.8491
33520.0000,3352,2901.3834,0.0000,999,1000,998,1,45.6788
33530.0000,3353,2901.4118,0.0000,1000,994,1000,1,45.5855
33540.0000,3354,2901.4402,0.0000,998,997,1000,1,45.6892
33550.0000,3355,2901.4689,0.0000,1000,1000,1000,1,45.7930
33560.0000,3356,2901.4977,0.0000,999,1000,999,1,45.8964
33570.0000,3357,2901.5262,0.0000,999,999,999,1,45.5472
33580.0000,3358,2901.5551,0.0000,1000,1000,1000,1,45.3792
33590.0000,3359,2901.5839,0.0000,1000,999,999,1,45.3019
33600.0000,3360,2901.6127,0.0000,998,1000,1000,1,45.4053
33610.0000,3361,2901.6413,0.0000,1000,996,1000,1,45.4186
33620.0000,3362,2901.6694,0.0000,999,999,1000,1,45.5218
33630.0000,3363,2901.6976,0.0000,999,1000,999,1,45.3543
33640.0000,3364,2901.7264,0.0000,999,1000,998,1,45.0066
33650.0000,3365,2901.7550,0.0000,999,998,1000,1,45.0195
33660.0000,3366,2901.7837,0.0000,1000,999,1000,1,45.2130
33670.0000,3367,2901.8113,0.0000,998,1000,995,1,44.6852
33680.0000,3368,2901.8395,0.0000,1000,998,1000,1,44.8785
33690.0000,3369,2901.8677,0.0000,1000,999,997,1,44.7118
33700.0000,3370,2901.8960,0.0000,1000,997,998,1,44.7252
33710.0000,3371,2901.9245,0.0000,1000,1000,1000,1,44.8290
33720.0000,3372,2901.9532,0.0000,1000,998,1000,1,44.9329
33730.0000,3373,2901.9819,0.0000,1000,1000,1000,1,44.8569
33740.0000,3374,2902.0107,0.0000,1000,1000,999,1,44.7810
33750.0000,3375,2902.0395,0.0000,998,1000,999,1,44.6151
33760.0000,3376,2902.0680,0.0000,1000,999,999,1,44.3596
33770.0000,3377,2902.0962,0.0000,997,1000,1000,1,44.4632
33780.0000,3378,2902.1247,0.0000,1000,1000,1000,1,44.4772
33790.0000,3379,2902.1526,0.0000,999,1000,996,1,44.3112
33800.0000,3380,2902.1799,0.0000,1000,1000,995,1,44.2343
33810.0000,3381,2902.2081,0.0000,999,1000,1000,1,44.4267
33820.0000,3382,2902.2368,0.0000,1000,1000,1000,1,44.5299
33830.0000,3383,2902.2654,0.0000,1000,998,999,1,44.5429
33840.0000,3384,2902.2934,0.0000,999,999,1000,1,44.7357
33850.0000,3385,2902.3216,0.0000,999,1000,1000,1,44.3906
33860.0000,3386,2902.3503,0.0000,1000,999,1000,1,44.4937
33870.0000,3387,2902.3784,0.0000,999,998,1000,1,44.5065
33880.0000,3388,2902.4069,0.0000,1000,999,1000,1,44.7886
33890.0000,3389,2902.4346,0.0000,999,997,999,1,44.7114
33900.0000,3390,2902.4630,0.0000,1000,999,998,1,44.7238
33910.0000,3391,2902.4911,0.0000,1000,999,1000,1,44.9155
33920.0000,3392,2902.5193,0.0000,1000,1000,1000,1,44.8380
33930.0000,3393,2902.5465,0.0000,998,1000,1000,1,44.8506
33940.0000,3394,2902.5743,0.0000,1000,1000,1000,1,44.8634
33950.0000,3395,2902.6029,0.0000,998,1000,999,1,44.9652
33960.0000,3396,2902.6310,0.0000,1000,998,1000,1,45.0666
33970.0000,3397,2902.6590,0.0000,1000,999,1000,1,45.1683
33980.0000,3398,2902.6872,0.0000,1000,998,999,1,45.3595
33990.0000,3399,2902.7156,0.0000,1000,1000,1000,1,45.5506
34000.0000,3400,2902.7440,0.0000,1000,999,1000,1,45.6519
34010.0000,3401,2902.7723,0.0000,1000,1000,999,1,45.5726
34020.0000,3402,2902.8005,0.0000,998,999,1000,1,45.4933
34030.0000,3403,2902.8284,0.0000,999,1000,1000,1,45.6836
34040.0000,3404,2902.8559,0.0000,998,998,997,1,45.5131
34050.0000,3405,2902.8835,0.0000,999,1000,1000,1,45.3433
34060.0000,3406,2902.9116,0.0000,1000,999,1000,1,45.4439
34070.0000,3407,2902.9399,0.0000,999,1000,999,1,45.5444
34080.0000,3408,2902.9683,0.0000,1000,1000,1000,1,45.7347
34090.0000,3409,2902.9967,0.0000,999,1000,1000,1,46.0146
34100.0000,3410,2903.0248,0.0000,998,1000,1000,1,45.9330
34110.0000,3411,2903.0527,0.0000,998,1000,1000,1,45.8519
34120.0000,3412,2903.0798,0.0000,995,1000,998,1,45.6810
34130.0000,3413,2903.1068,0.0000,997,1000,1000,1,45.7802
34140.0000,3414,2903.1348,0.0000,995,1000,1000,1,45.7892
34150.0000,3415,2903.1622,0.0000,1000,999,999,1,45.8880
34160.0000,3416,2903.1900,0.0000,1000,1000,999,1,45.7154
34170.0000,3417,2903.2179,0.0000,1000,999,1000,1,45.8140
34180.0000,3418,2903.2461,0.0000,999,1000,1000,1,45.8214
34190.0000,3419,2903.2738,0.0000,998,1000,1000,1,45.4666
34200.0000,3420,2903.2997,0.0000,997,999,993,1,44.7523
34210.0000,3421,2903.3260,0.0000,1000,999,997,1,44.4898
34220.0000,3422,2903.3537,0.0000,1000,999,1000,1,44.4082
34230.0000,3423,2903.3814,0.0000,998,1000,999,1,44.4175
34240.0000,3424,2903.4092,0.0000,1000,999,1000,1,44.4272
34250.0000,3425,2903.4372,0.0000,1000,1000,1000,1,44.5266
34260.0000,3426,2903.4652,0.0000,1000,999,999,1,44.4463
34270.0000,3427,2903.4930,0.0000,1000,1000,1000,1,44.4552
34280.0000,3428,2903.5197,0.0000,999,1000,999,1,44.1045
34290.0000,3429,2903.5472,0.0000,998,1000,1000,1,44.1145
34300.0000,3430,2903.5748,0.0000,998,1000,998,1,44.1778
34310.0000,3431,2903.6022,0.0000,999,1000,1000,1,44.0991
34320.0000,3432,2903.6299,0.0000,1000,999,998,1,44.1991
34330.0000,3433,2903.6566,0.0000,999,1000,996,1,44.2101
34340.0000,3434,2903.6837,0.0000,1000,1000,1000,1,44.3993
34350.0000,3435,2903.7111,0.0000,999,997,1000,1,44.0535
34360.0000,3436,2903.7385,0.0000,999,999,999,1,44.1534
34370.0000,3437,2903.7658,0.0000,999,997,1000,1,44.0199
34380.0000,3438,2903.7932,0.0000,1000,1000,1000,1,44.2089
34390.0000,3439,2903.8208,0.0000,1000,999,1000,1,44.1302
34400.0000,3440,2903.8482,0.0000,1000,997,1000,1,44.3190
34410.0000,3441,2903.8756,0.0000,999,999,1000,1,44.0628
34420.0000,3442,2903.9031,0.0000,999,1000,1000,1,43.9848
34430.0000,3443,2903.9309,0.0000,1000,1000,999,1,44.0849
34440.0000,3444,2903.9585,0.0000,999,1000,1000,1,44.1848
34450.0000,3445,2903.9861,0.0000,1000,1000,1000,1,44.2846
34460.0000,3446,2904.0133,0.0000,999,1000,998,1,44.2059
34470.0000,3447,2904.0407,0.0000,1000,1000,996,1,44.1648
34480.0000,3448,2904.0682,0.0000,1000,1000,1000,1,44.2643
34490.0000,3449,2904.0957,0.0000,1000,1000,1000,1,44.5414
34500.0000,3450,2904.1232,0.0000,999,999,1000,1,44.5517
34510.0000,3451,2904.1502,0.0000,1000,1000,1000,1,44.4731
34520.0000,3452,2904.1776,0.0000,1000,1000,1000,1,44.3943
34530.0000,3453,2904.2047,0.0000,998,999,999,1,44.2261
34540.0000,3454,2904.2319,0.0000,1000,1000,999,1,44.4137
34550.0000,3455,2904.2588,0.0000,1000,996,999,1,44.3351
34560.0000,3456,2904.2861,0.0000,999,1000,1000,1,44.1681
34570.0000,3457,2904.3133,0.0000,1000,1000,1000,1,44.3558
34580.0000,3458,2904.3408,0.0000,999,1000,1000,1,44.5435
34590.0000,3459,2904.3678,0.0000,997,1000,1000,1,44.3761
34600.0000,3460,2904.3939,0.0000,993,1000,1000,1,43.9957
34610.0000,3461,2904.4187,0.0000,993,1000,998,1,44.0063
34620.0000,3462,2904.4441,0.0000,996,1000,1000,1,43.8414
34630.0000,3463,2904.4711,0.0000,998,1000,1000,1,43.8529
34640.0000,3464,2904.4978,0.0000,999,1000,997,1,43.6527
34650.0000,3465,2904.5249,0.0000,999,1000,1000,1,43.6643
34660.0000,3466,2904.5522,0.0000,999,1000,1000,1,43.6228
34670.0000,3467,2904.5790,0.0000,1000,1000,1000,1,43.7223
34680.0000,3468,2904.6063,0.0000,1000,1000,999,1,43.6450
34690.0000,3469,2904.6330,0.0000,997,998,1000,1,43.6558
34700.0000,3470,2904.6595,0.0000,1000,999,1000,1,43.6673
34710.0000,3471,2904.6863,0.0000,998,1000,997,1,43.5915
34720.0000,3472,2904.7127,0.0000,1000,1000,997,1,43.6032
34730.0000,3473,2904.7389,0.0000,998,999,1000,1,43.6152
34740.0000,3474,2904.7656,0.0000,1000,998,1000,1,43.7151
34750.0000,3475,2904.7924,0.0000,999,998,1000,1,43.7273
34760.0000,3476,2904.8193,0.0000,1000,999,999,1,43.9149
34770.0000,3477,2904.8461,0.0000,1000,999,1000,1,44.0149
34780.0000,3478,2904.8730,0.0000,999,1000,1000,1,44.2023
34790.0000,3479,2904.8999,0.0000,1000,1000,1000,1,44.2147
34800.0000,3480,2904.9267,0.0000,1000,998,999,1,44.4019
34810.0000,3481,2904.9536,0.0000,999,998,997,1,44.2409
34820.0000,3482,2904.9798,0.0000,999,1000,996,1,44.0803
34830.0000,3483,2905.0068,0.0000,1000,1000,1000,1,44.0074
34840.0000,3484,2905.0333,0.0000,999,1000,1000,1,43.9344
34850.0000,3485,2905.0603,0.0000,1000,999,998,1,44.0350
34860.0000,3486,2905.0867,0.0000,1000,999,999,1,43.8760
34870.0000,3487,2905.1134,0.0000,1000,1000,1000,1,43.8046
34880.0000,3488,2905.1401,0.0000,1000,996,1000,1,43.9925
34890.0000,3489,2905.1667,0.0000,1000,996,1000,1,44.1802
34900.0000,3490,2905.1933,0.0000,999,999,1000,1,44.1947
34910.0000,3491,2905.2199,0.0000,1000,1000,999,1,44.1224
34920.0000,3492,2905.2468,0.0000,1000,1000,999,1,44.2233
34930.0000,3493,2905.2736,0.0000,1000,999,1000,1,44.2372
34940.0000,3494,2905.2996,0.0000,1000,999,996,1,44.0781
34950.0000,3495,2905.3257,0.0000,1000,1000,1000,1,44.1787
34960.0000,3496,2905.3521,0.0000,999,1000,996,1,43.8479
34970.0000,3497,2905.3777,0.0000,1000,1000,997,1,43.6884
34980.0000,3498,2905.4042,0.0000,998,999,1000,1,43.7887
34990.0000,3499,2905.4300,0.0000,1000,999,997,1,43.5425
35000.0000,3500,2905.4566,0.0000,999,999,997,1,43.5559
35010.0000,3501,2905.4832,0.0000,999,1000,1000,1,43.6559
35020.0000,3502,2905.5099,0.0000,1000,1000,1000,1,43.8424
35030.0000,3503,2905.5364,0.0000,998,999,1000,1,43.9420
35040.0000,3504,2905.5623,0.0000,999,1000,1000,1,43.9547
35050.0000,3505,2905.5890,0.0000,1000,998,999,1,44.0535
35060.0000,3506,2905.6153,0.0000,1000,998,1000,1,43.9786
35070.0000,3507,2905.6419,0.0000,1000,999,999,1,43.9919
35080.0000,3508,2905.6686,0.0000,999,1000,1000,1,44.0055
35090.0000,3509,2905.6948,0.0000,999,998,999,1,43.9333
35100.0000,3510,2905.7208,0.0000,999,1000,999,1,43.8615
35110.0000,3511,2905.7471,0.0000,999,997,1000,1,43.6183
35120.0000,3512,2905.7732,0.0000,1000,1000,999,1,43.5484
35130.0000,3513,2905.7997,0.0000,1000,997,1000,1,43.6681
35140.0000,3514,2905.8258,0.0000,996,1000,1000,1,43.7504
35150.0000,3515,2905.8514,0.0000,995,999,999,1,43.6805
35160.0000,3516,2905.8768,0.0000,999,1000,999,1,43.5262
35170.0000,3517,2905.9019,0.0000,999,998,996,1,43.2028
35180.0000,3518,2905.9278,0.0000,999,1000,996,1,43.0492
35190.0000,3519,2905.9539,0.0000,1000,997,1000,1,43.2360
35200.0000,3520,2905.9803,0.0000,998,1000,1000,1,43.3376
35210.0000,3521,2906.0062,0.0000,1000,999,1000,1,43.3544
35220.0000,3522,2906.0324,0.0000,1000,998,1000,1,43.2868
35230.0000,3523,2906.0585,0.0000,998,1000,998,1,42.9660
35240.0000,3524,2906.0847,0.0000,1000,1000,1000,1,42.8998
35250.0000,3525,2906.1106,0.0000,1000,1000,1000,1,42.7619
35260.0000,3526,2906.1367,0.0000,998,1000,1000,1,42.5270
35270.0000,3527,2906.1620,0.0000,997,999,1000,1,42.5446
35280.0000,3528,2906.1870,0.0000,998,997,1000,1,42.5507
35290.0000,3529,2906.2129,0.0000,1000,1000,1000,1,42.3275
35300.0000,3530,2906.2391,0.0000,999,999,1000,1,42.4297
35310.0000,3531,2906.2653,0.0000,1000,1000,1000,1,42.2800
35320.0000,3532,2906.2909,0.0000,998,1000,998,1,42.3822
35330.0000,3533,2906.3167,0.0000,1000,1000,999,1,42.6532
35340.0000,3534,2906.3425,0.0000,995,1000,999,1,42.8400
35350.0000,3535,2906.3681,0.0000,998,1000,1000,1,43.0268
35360.0000,3536,2906.3945,0.0000,1000,1000,998,1,43.2133
35370.0000,3537,2906.4207,0.0000,999,1000,999,1,43.4838
35380.0000,3538,2906.4466,0.0000,1000,1000,998,1,43.4165
35390.0000,3539,2906.4725,0.0000,1000,1000,998,1,43.2644
35400.0000,3540,2906.4985,0.0000,1000,999,998,1,43.2815
35410.0000,3541,2906.5244,0.0000,1000,1000,997,1,43.3829
35420.0000,3542,2906.5499,0.0000,1000,999,999,1,43.3999
35430.0000,3543,2906.5755,0.0000,999,1000,998,1,43.5855
35440.0000,3544,2906.6010,0.0000,999,1000,997,1,43.6025
35450.0000,3545,2906.6262,0.0000,997,1000,1000,1,43.4514
35460.0000,3546,2906.6520,0.0000,999,1000,1000,1,43.5526
35470.0000,3547,2906.6780,0.0000,1000,1000,1000,1,43.5690
35480.0000,3548,2906.7040,0.0000,1000,999,1000,1,43.5856
35490.0000,3549,2906.7297,0.0000,1000,1000,1000,1,43.5184
35500.0000,3550,2906.7559,0.0000,1000,1000,1000,1,43.7038
35510.0000,3551,2906.7819,0.0000,1000,999,999,1,43.8044
35520.0000,3552,2906.8077,0.0000,1000,1000,1000,1,43.7366
35530.0000,3553,2906.8334,0.0000,1000,997,1000,1,43.5846
35540.0000,3554,2906.8583,0.0000,1000,994,999,1,43.4320
35550.0000,3555,2906.8829,0.0000,1000,1000,996,1,43.6164
35560.0000,3556,2906.9073,0.0000,1000,1000,995,1,43.2970
35570.0000,3557,2906.9328,0.0000,1000,998,1000,1,43.1464
35580.0000,3558,2906.9588,0.0000,1000,999,1000,1,43.1634
35590.0000,3559,2906.9845,0.0000,1000,1000,997,1,43.0962
35600.0000,3560,2907.0102,0.0000,999,999,1000,1,43.0292
35610.0000,3561,2907.0357,0.0000,1000,999,999,1,43.0463
35620.0000,3562,2907.0616,0.0000,1000,1000,1000,1,42.8962
35630.0000,3563,2907.0876,0.0000,999,1000,1000,1,42.9974
35640.0000,3564,2907.1134,0.0000,998,999,1000,1,42.7627
35650.0000,3565,2907.1391,0.0000,1000,1000,1000,1,42.8632
35660.0000,3566,2907.1649,0.0000,1000,1000,1000,1,42.6279
35670.0000,3567,2907.1905,0.0000,998,999,1000,1,42.7282
35680.0000,3568,2907.2158,0.0000,998,999,1000,1,42.6609
35690.0000,3569,2907.2409,0.0000,999,1000,998,1,42.5938
35700.0000,3570,2907.2658,0.0000,999,999,1000,1,42.7783
35710.0000,3571,2907.2902,0.0000,996,999,1000,1,42.5443
35720.0000,3572,2907.3153,0.0000,1000,1000,1000,1,42.3953
35730.0000,3573,2907.3409,0.0000,1000,999,1000,1,42.2465
35740.0000,3574,2907.3659,0.0000,1000,998,999,1,42.0141
35750.0000,3575,2907.3911,0.0000,999,998,999,1,42.0320
35760.0000,3576,2907.4168,0.0000,1000,1000,1000,1,41.9668
35770.0000,3577,2907.4426,0.0000,999,1000,1000,1,42.2347
35780.0000,3578,2907.4683,0.0000,1000,999,1000,1,42.1693
35790.0000,3579,2907.4938,0.0000,1000,998,1000,1,42.1852
35800.0000,3580,2907.5193,0.0000,1000,999,999,1,42.4527
35810.0000,3581,2907.5444,0.0000,997,999,999,1,42.3055
35820.0000,3582,2907.5691,0.0000,1000,1000,1000,1,42.4069
35830.0000,3583,2907.5942,0.0000,1000,1000,997,1,42.3429
35840.0000,3584,2907.6198,0.0000,1000,1000,1000,1,42.3616
35850.0000,3585,2907.6452,0.0000,998,998,1000,1,42.2972
35860.0000,3586,2907.6703,0.0000,1000,999,999,1,42.0668
35870.0000,3587,2907.6952,0.0000,1000,999,1000,1,42.0022
35880.0000,3588,2907.7202,0.0000,999,1000,998,1,42.0203
35890.0000,3589,2907.7452,0.0000,998,1000,999,1,41.9548
35900.0000,3590,2907.7697,0.0000,997,1000,1000,1,41.8065
35910.0000,3591,2907.7937,0.0000,999,999,997,1,41.6587
35920.0000,3592,2907.8178,0.0000,999,999,997,1,41.6782
35930.0000,3593,2907.8425,0.0000,999,998,1000,1,41.2857
35940.0000,3594,2907.8679,0.0000,999,1000,1000,1,41.3045
35950.0000,3595,2907.8932,0.0000,999,997,1000,1,41.3248
35960.0000,3596,2907.9185,0.0000,1000,1000,999,1,41.5089
35970.0000,3597,2907.9428,0.0000,995,998,999,1,41.2789
35980.0000,3598,2907.9674,0.0000,999,1000,1000,1,41.2975
35990.0000,3599,2907.9927,0.0000,999,1000,1000,1,41.3163
36000.0000,3600,2908.0176,0.0000,1000,999,999,1,41.3350
36010.0000,3601,2908.0427,0.0000,998,1000,999,1,41.5186
36020.0000,3602,2908.0674,0.0000,1000,999,1000,1,41.6195
36030.0000,3603,2908.0925,0.0000,1000,1000,1000,1,41.7202
36040.0000,3604,2908.1179,0.0000,1000,1000,1000,1,41.9035
36050.0000,3605,2908.1431,0.0000,999,1000,999,1,42.0041
36060.0000,3606,2908.1684,0.0000,1000,1000,1000,1,42.1870
36070.0000,3607,2908.1932,0.0000,1000,1000,998,1,42.2871
36080.0000,3608,2908.2183,0.0000,998,999,998,1,42.3871
36090.0000,3609,2908.2425,0.0000,1000,999,1000,1,42.3220
36100.0000,3610,2908.2675,0.0000,998,999,1000,1,42.1740
36110.0000,3611,2908.2922,0.0000,1000,1000,1000,1,42.1911
36120.0000,3612,2908.3173,0.0000,1000,1000,1000,1,42.1253
36130.0000,3613,2908.3425,0.0000,999,999,1000,1,42.1418
36140.0000,3614,2908.3676,0.0000,1000,1000,1000,1,42.2410
36150.0000,3615,2908.3927,0.0000,1000,1000,1000,1,42.2573
36160.0000,3616,2908.4176,0.0000,1000,998,998,1,42.3564
36170.0000,3617,2908.4424,0.0000,1000,1000,1000,1,42.2901
36180.0000,3618,2908.4671,0.0000,1000,998,997,1,42.0596
36190.0000,3619,2908.4920,0.0000,1000,1000,1000,1,42.1592
36200.0000,3620,2908.5171,0.0000,999,1000,1000,1,42.0944
36210.0000,3621,2908.5418,0.0000,998,1000,997,1,41.8654
36220.0000,3622,2908.5657,0.0000,999,998,1000,1,41.7190
36230.0000,3623,2908.5905,0.0000,998,1000,1000,1,41.5739
36240.0000,3624,2908.6147,0.0000,1000,997,999,1,41.1844
36250.0000,3625,2908.6391,0.0000,1000,998,1000,1,41.1227
36260.0000,3626,2908.6624,0.0000,997,994,999,1,40.9785
36270.0000,3627,2908.6867,0.0000,998,999,1000,1,40.9976
36280.0000,3628,2908.7107,0.0000,998,999,1000,1,40.9355
36290.0000,3629,2908.7340,0.0000,994,1000,998,1,40.8736
36300.0000,3630,2908.7578,0.0000,1000,997,999,1,40.4582
36310.0000,3631,2908.7824,0.0000,1000,999,999,1,40.5602
36320.0000,3632,2908.8072,0.0000,1000,1000,1000,1,40.6622
36330.0000,3633,2908.8320,0.0000,1000,1000,998,1,40.7120
36340.0000,3634,2908.8567,0.0000,1000,999,1000,1,40.8949
36350.0000,3635,2908.8811,0.0000,998,998,1000,1,40.7528
36360.0000,3636,2908.9052,0.0000,997,999,1000,1,40.8542
36370.0000,3637,2908.9290,0.0000,1000,1000,999,1,40.8748
36380.0000,3638,2908.9533,0.0000,1000,999,998,1,40.7335
36390.0000,3639,2908.9775,0.0000,997,1000,999,1,40.5924
36400.0000,3640,2909.0019,0.0000,1000,1000,1000,1,40.6941
36410.0000,3641,2909.0262,0.0000,997,1000,1000,1,40.7954
36420.0000,3642,2909.0497,0.0000,994,1000,1000,1,40.9778
36430.0000,3643,2909.0733,0.0000,999,1000,999,1,41.0788
36440.0000,3644,2909.0980,0.0000,1000,999,1000,1,41.1796
36450.0000,3645,2909.1220,0.0000,1000,998,999,1,40.9550
36460.0000,3646,2909.1465,0.0000,998,999,999,1,40.5685
36470.0000,3647,2909.1707,0.0000,998,999,1000,1,40.6691
36480.0000,3648,2909.1952,0.0000,1000,999,1000,1,40.6072
36490.0000,3649,2909.2198,0.0000,999,1000,1000,1,40.6263
36500.0000,3650,2909.2442,0.0000,1000,997,1000,1,40.6187
36510.0000,3651,2909.2672,0.0000,997,995,1000,1,40.7188
36520.0000,3652,2909.2910,0.0000,998,999,1000,1,40.8187
36530.0000,3653,2909.3152,0.0000,998,1000,999,1,40.7567
36540.0000,3654,2909.3397,0.0000,1000,1000,999,1,40.7755
36550.0000,3655,2909.3640,0.0000,1000,1000,997,1,40.5497
36560.0000,3656,2909.3880,0.0000,1000,998,998,1,40.5675
36570.0000,3657,2909.4119,0.0000,998,998,1000,1,40.5048
36580.0000,3658,2909.4361,0.0000,1000,1000,999,1,40.5233
36590.0000,3659,2909.4606,0.0000,1000,1000,1000,1,40.7043
36600.0000,3660,2909.4851,0.0000,1000,1000,1000,1,40.6416
36610.0000,3661,2909.5094,0.0000,1000,1000,1000,1,40.7410
36620.0000,3662,2909.5339,0.0000,998,999,1000,1,40.4337
36630.0000,3663,2909.5573,0.0000,998,994,1000,1,40.3705
36640.0000,3664,2909.5797,0.0000,1000,997,998,1,39.9846
36650.0000,3665,2909.6034,0.0000,1000,1000,1000,1,40.0842
36660.0000,3666,2909.6270,0.0000,999,996,1000,1,40.2650
36670.0000,3667,2909.6508,0.0000,1000,997,999,1,39.9597
36680.0000,3668,2909.6748,0.0000,1000,1000,1000,1,39.8977
36690.0000,3669,2909.6991,0.0000,1000,1000,1000,1,40.0786
36700.0000,3670,2909.7233,0.0000,1000,998,1000,1,40.0975
36710.0000,3671,2909.7473,0.0000,1000,1000,999,1,39.8739
36720.0000,3672,2909.7717,0.0000,1000,1000,1000,1,40.0544
36730.0000,3673,2909.7955,0.0000,1000,1000,999,1,39.7491
36740.0000,3674,2909.8199,0.0000,1000,1000,1000,1,39.7680
36750.0000,3675,2909.8441,0.0000,997,999,1000,1,39.8673
36760.0000,3676,2909.8680,0.0000,1000,999,1000,1,40.0476
36770.0000,3677,2909.8925,0.0000,1000,1000,1000,1,40.2278
36780.0000,3678,2909.9166,0.0000,999,999,999,1,40.2453
36790.0000,3679,2909.9406,0.0000,998,998,999,1,40.0197
36800.0000,3680,2909.9646,0.0000,1000,1000,1000,1,40.1185
36810.0000,3681,2909.9887,0.0000,1000,999,998,1,40.2171
36820.0000,3682,2910.0127,0.0000,1000,999,1000,1,40.3156
36830.0000,3683,2910.0366,0.0000,998,1000,998,1,40.1712
36840.0000,3684,2910.0605,0.0000,999,1000,1000,1,40.1886
36850.0000,3685,2910.0846,0.0000,1000,999,1000,1,40.1254
36860.0000,3686,2910.1084,0.0000,1000,1000,1000,1,40.3051
36870.0000,3687,2910.1327,0.0000,998,1000,999,1,40.4036
36880.0000,3688,2910.1560,0.0000,1000,995,998,1,40.3408
36890.0000,3689,2910.1784,0.0000,1000,993,999,1,40.4395
36900.0000,3690,2910.2002,0.0000,1000,993,1000,1,40.3767
36910.0000,3691,2910.2233,0.0000,1000,1000,1000,1,40.4753
36920.0000,3692,2910.2474,0.0000,1000,999,999,1,40.5735
36930.0000,3693,2910.2709,0.0000,996,999,999,1,40.5910
36940.0000,3694,2910.2943,0.0000,999,996,1000,1,40.5284
36950.0000,3695,2910.3181,0.0000,1000,999,1000,1,40.6275
36960.0000,3696,2910.3421,0.0000,1000,998,1000,1,40.6468
36970.0000,3697,2910.3654,0.0000,999,1000,1000,1,40.5865
36980.0000,3698,2910.3889,0.0000,1000,1000,998,1,40.5260
36990.0000,3699,2910.4128,0.0000,1000,999,1000,1,40.6256
37000.0000,3700,2910.4367,0.0000,1000,999,998,1,40.6453
37010.0000,3701,2910.4604,0.0000,999,1000,1000,1,40.5047
37020.0000,3702,2910.4842,0.0000,1000,997,1000,1,40.6040
37030.0000,3703,2910.5078,0.0000,1000,999,1000,1,40.5445
37040.0000,3704,2910.5313,0.0000,998,999,995,1,40.1698
37050.0000,3705,2910.5541,0.0000,1000,1000,999,1,40.1910
37060.0000,3706,2910.5776,0.0000,998,1000,999,1,40.2127
37070.0000,3707,2910.6014,0.0000,997,1000,1000,1,40.1555
37080.0000,3708,2910.6243,0.0000,998,1000,998,1,40.1778
37090.0000,3709,2910.6480,0.0000,999,999,1000,1,40.1210
37100.0000,3710,2910.6715,0.0000,999,1000,998,1,39.9860
37110.0000,3711,2910.6952,0.0000,1000,1000,999,1,39.9298
37120.0000,3712,2910.7187,0.0000,1000,999,1000,1,39.7157
37130.0000,3713,2910.7425,0.0000,1000,999,1000,1,39.8167
37140.0000,3714,2910.7660,0.0000,998,999,997,1,39.4435
37150.0000,3715,2910.7892,0.0000,1000,999,1000,1,39.2282
37160.0000,3716,2910.8128,0.0000,998,1000,1000,1,39.1713
37170.0000,3717,2910.8358,0.0000,996,1000,999,1,39.1930
37180.0000,3718,2910.8591,0.0000,999,1000,1000,1,39.2936
37190.0000,3719,2910.8826,0.0000,1000,999,999,1,39.2368
37200.0000,3720,2910.9057,0.0000,1000,998,999,1,38.9450
37210.0000,3721,2910.9292,0.0000,998,1000,1000,1,39.0461
37220.0000,3722,2910.9527,0.0000,1000,1000,1000,1,38.9109
37230.0000,3723,2910.9765,0.0000,1000,1000,1000,1,38.9984
37240.0000,3724,2911.0000,0.0000,1000,999,1000,1,38.8633
37250.0000,3725,2911.0234,0.0000,1000,997,1000,1,38.8073
37260.0000,3726,2911.0467,0.0000,999,1000,999,1,38.9868
37270.0000,3727,2911.0704,0.0000,999,998,1000,1,38.9307
37280.0000,3728,2911.0936,0.0000,998,1000,1000,1,38.8746
37290.0000,3729,2911.1169,0.0000,998,1000,1000,1,38.9897
37300.0000,3730,2911.1403,0.0000,999,1000,999,1,38.8552
37310.0000,3731,2911.1639,0.0000,1000,1000,1000,1,38.8780
37320.0000,3732,2911.1873,0.0000,1000,1000,1000,1,38.9790
37330.0000,3733,2911.2102,0.0000,997,999,995,1,38.8450
37340.0000,3734,2911.2313,0.0000,998,1000,994,1,38.5552
37350.0000,3735,2911.2533,0.0000,1000,1000,999,1,38.5011
37360.0000,3736,2911.2765,0.0000,1000,1000,998,1,38.4481
37370.0000,3737,2911.2999,0.0000,1000,996,1000,1,38.3982
37380.0000,3738,2911.3230,0.0000,1000,999,1000,1,38.5781
37390.0000,3739,2911.3464,0.0000,1000,999,1000,1,38.6035
37400.0000,3740,2911.3698,0.0000,1000,1000,1000,1,38.6288
37410.0000,3741,2911.3933,0.0000,1000,1000,1000,1,38.5766
37420.0000,3742,2911.4169,0.0000,999,1000,1000,1,38.6016
37430.0000,3743,2911.4401,0.0000,997,1000,999,1,38.6263
37440.0000,3744,2911.4622,0.0000,1000,999,998,1,38.4962
37450.0000,3745,2911.4852,0.0000,1000,1000,999,1,38.4442
37460.0000,3746,2911.5086,0.0000,1000,1000,1000,1,38.5465
37470.0000,3747,2911.5318,0.0000,1000,997,997,1,38.6492
37480.0000,3748,2911.5550,0.0000,997,1000,1000,1,38.5974
37490.0000,3749,2911.5778,0.0000,995,1000,1000,1,38.3917
37500.0000,3750,2911.6007,0.0000,998,1000,999,1,38.2602
37510.0000,3751,2911.6233,0.0000,997,999,1000,1,38.1313
37520.0000,3752,2911.6464,0.0000,998,1000,1000,1,38.2338
37530.0000,3753,2911.6692,0.0000,998,1000,999,1,37.9514
37540.0000,3754,2911.6918,0.0000,1000,999,998,1,37.9608
37550.0000,3755,2911.7148,0.0000,999,997,999,1,37.9252
37560.0000,3756,2911.7374,0.0000,1000,998,1000,1,38.1044
37570.0000,3757,2911.7605,0.0000,999,1000,998,1,38.0530
37580.0000,3758,2911.7833,0.0000,998,998,1000,1,38.0784
37590.0000,3759,2911.8063,0.0000,1000,1000,1000,1,38.1804
37600.0000,3760,2911.8292,0.0000,1000,1000,1000,1,38.3594
37610.0000,3761,2911.8523,0.0000,1000,1000,999,1,38.3076
37620.0000,3762,2911.8755,0.0000,999,1000,999,1,38.1789
37630.0000,3763,2911.8986,0.0000,1000,1000,999,1,38.2043
37640.0000,3764,2911.9215,0.0000,1000,1000,999,1,38.3062
37650.0000,3765,2911.9448,0.0000,1000,999,1000,1,38.5615
37660.0000,3766,2911.9678,0.0000,1000,1000,999,1,38.7399
37670.0000,3767,2911.9910,0.0000,1000,1000,1000,1,38.8411
37680.0000,3768,2912.0139,0.0000,999,999,1000,1,39.0191
37690.0000,3769,2912.0368,0.0000,999,999,999,1,39.1201
37700.0000,3770,2912.0593,0.0000,1000,998,999,1,39.1443
37710.0000,3771,2912.0822,0.0000,1000,1000,999,1,39.0153
37720.0000,3772,2912.1052,0.0000,998,1000,999,1,39.1932
37730.0000,3773,2912.1280,0.0000,1000,1000,1000,1,39.1399
37740.0000,3774,2912.1511,0.0000,999,999,1000,1,39.1632
37750.0000,3775,2912.1736,0.0000,996,999,1000,1,39.1094
37760.0000,3776,2912.1959,0.0000,1000,999,999,1,38.9030
37770.0000,3777,2912.2190,0.0000,1000,1000,1000,1,39.0035
37780.0000,3778,2912.2418,0.0000,998,1000,1000,1,39.0267
37790.0000,3779,2912.2648,0.0000,1000,1000,1000,1,39.2040
37800.0000,3780,2912.2877,0.0000,1000,999,1000,1,39.4582
37810.0000,3781,2912.3100,0.0000,998,999,1000,1,39.4043
37820.0000,3782,2912.3328,0.0000,1000,1000,999,1,39.3507
37830.0000,3783,2912.3556,0.0000,999,1000,998,1,39.2972
37840.0000,3784,2912.3782,0.0000,1000,999,1000,1,39.3972
37850.0000,3785,2912.4010,0.0000,1000,999,998,1,39.3439
37860.0000,3786,2912.4236,0.0000,998,1000,999,1,39.2904
37870.0000,3787,2912.4462,0.0000,999,1000,998,1,39.0079
37880.0000,3788,2912.4689,0.0000,996,1000,1000,1,38.8785
37890.0000,3789,2912.4915,0.0000,1000,1000,1000,1,38.8265
37900.0000,3790,2912.5141,0.0000,1000,1000,999,1,38.6978
37910.0000,3791,2912.5367,0.0000,1000,1000,1000,1,38.7222
37920.0000,3792,2912.5596,0.0000,1000,1000,1000,1,38.8993
37930.0000,3793,2912.5822,0.0000,1000,1000,999,1,38.8477
37940.0000,3794,2912.6048,0.0000,1000,1000,1000,1,39.1011
37950.0000,3795,2912.6277,0.0000,998,1000,1000,1,39.0492
37960.0000,3796,2912.6503,0.0000,1000,1000,999,1,39.1493
37970.0000,3797,2912.6730,0.0000,1000,1000,1000,1,39.2495
37980.0000,3798,2912.6957,0.0000,999,1000,999,1,39.1209
37990.0000,3799,2912.7182,0.0000,1000,999,1000,1,39.1449
38000.0000,3800,2912.7410,0.0000,1000,1000,1000,1,39.0926
38010.0000,3801,2912.7636,0.0000,1000,1000,1000,1,39.1164
38020.0000,3802,2912.7861,0.0000,1000,999,999,1,39.0631
38030.0000,3803,2912.8087,0.0000,1000,1000,999,1,39.0863
38040.0000,3804,2912.8305,0.0000,998,999,999,1,39.0332
38050.0000,3805,2912.8525,0.0000,1000,997,999,1,39.0569
38060.0000,3806,2912.8747,0.0000,1000,999,1000,1,39.2331
38070.0000,3807,2912.8972,0.0000,999,1000,998,1,38.9507
38080.0000,3808,2912.9195,0.0000,1000,1000,1000,1,38.8978
38090.0000,3809,2912.9416,0.0000,996,999,998,1,38.6161
38100.0000,3810,2912.9628,0.0000,995,1000,1000,1,38.7163
38110.0000,3811,2912.9850,0.0000,1000,999,1000,1,38.8162
38120.0000,3812,2913.0075,0.0000,1000,999,1000,1,38.9161
38130.0000,3813,2913.0300,0.0000,1000,1000,1000,1,38.8631
38140.0000,3814,2913.0524,0.0000,1000,1000,996,1,38.7335
38150.0000,3815,2913.0736,0.0000,997,998,998,1,38.6031
38160.0000,3816,2913.0957,0.0000,999,1000,1000,1,38.4735
38170.0000,3817,2913.1178,0.0000,999,1000,998,1,38.3509
38180.0000,3818,2913.1402,0.0000,1000,1000,999,1,38.6027
38190.0000,3819,2913.1628,0.0000,999,1000,1000,1,38.7017
38200.0000,3820,2913.1852,0.0000,999,1000,1000,1,38.5657
38210.0000,3821,2913.2076,0.0000,999,1000,997,1,38.3645
38220.0000,3822,2913.2293,0.0000,997,1000,1000,1,38.2971
38230.0000,3823,2913.2517,0.0000,999,1000,1000,1,38.3960
38240.0000,3824,2913.2739,0.0000,1000,1000,1000,1,38.4184
38250.0000,3825,2913.2965,0.0000,1000,1000,999,1,38.6698
38260.0000,3826,2913.3187,0.0000,1000,1000,998,1,38.9211
38270.0000,3827,2913.3411,0.0000,999,1000,1000,1,39.0195
38280.0000,3828,2913.3633,0.0000,999,1000,999,1,39.1942
38290.0000,3829,2913.3854,0.0000,998,999,1000,1,39.2929
38300.0000,3830,2913.4074,0.0000,1000,998,1000,1,39.3911
38310.0000,3831,2913.4297,0.0000,1000,999,1000,1,39.4889
38320.0000,3832,2913.4520,0.0000,1000,1000,1000,1,39.5103
38330.0000,3833,2913.4741,0.0000,999,1000,1000,1,39.5314
38340.0000,3834,2913.4964,0.0000,1000,1000,1000,1,39.6290
38350.0000,3835,2913.5185,0.0000,999,999,1000,1,39.7263
38360.0000,3836,2913.5408,0.0000,1000,1000,999,1,39.9001
38370.0000,3837,2913.5626,0.0000,1000,999,1000,1,39.8446
38380.0000,3838,2913.5848,0.0000,999,1000,998,1,40.0183
38390.0000,3839,2913.6069,0.0000,995,1000,1000,1,39.9620
38400.0000,3840,2913.6281,0.0000,995,998,1000,1,39.7535
38410.0000,3841,2913.6500,0.0000,1000,1000,1000,1,39.9270
38420.0000,3842,2913.6718,0.0000,999,1000,999,1,39.8715
38430.0000,3843,2913.6940,0.0000,999,1000,998,1,39.9687
38440.0000,3844,2913.7158,0.0000,999,999,999,1,39.7623
38450.0000,3845,2913.7379,0.0000,999,999,999,1,39.9359
38460.0000,3846,2913.7597,0.0000,999,999,997,1,39.9574
38470.0000,3847,2913.7815,0.0000,1000,1000,1000,1,39.7511
38480.0000,3848,2913.8035,0.0000,1000,1000,999,1,39.7725
38490.0000,3849,2913.8255,0.0000,1000,1000,1000,1,39.7937
38500.0000,3850,2913.8475,0.0000,1000,1000,997,1,39.8146
38510.0000,3851,2913.8690,0.0000,1000,998,1000,1,39.6825
38520.0000,3852,2913.8910,0.0000,1000,998,998,1,39.5509
38530.0000,3853,2913.9129,0.0000,1000,998,1000,1,39.4955
38540.0000,3854,2913.9348,0.0000,999,999,1000,1,39.5164
38550.0000,3855,2913.9566,0.0000,1000,1000,1000,1,39.5371
38560.0000,3856,2913.9787,0.0000,1000,1000,1000,1,39.4056
38570.0000,3857,2914.0004,0.0000,999,998,1000,1,39.1226
38580.0000,3858,2914.0222,0.0000,1000,994,998,1,38.7655
38590.0000,3859,2914.0435,0.0000,999,1000,1000,1,38.9387
38600.0000,3860,2914.0654,0.0000,1000,1000,1000,1,39.1121
38610.0000,3861,2914.0875,0.0000,1000,1000,1000,1,39.0579
38620.0000,3862,2914.1094,0.0000,1000,1000,999,1,39.0792
38630.0000,3863,2914.1310,0.0000,997,1000,1000,1,39.3279
38640.0000,3864,2914.1523,0.0000,997,1000,1000,1,39.1216
38650.0000,3865,2914.1740,0.0000,1000,1000,1000,1,39.2185
38660.0000,3866,2914.1957,0.0000,1000,1000,999,1,38.9355
38670.0000,3867,2914.2176,0.0000,1000,996,1000,1,38.7288
38680.0000,3868,2914.2380,0.0000,1000,993,999,1,38.5216
38690.0000,3869,2914.2589,0.0000,998,996,1000,1,38.3912
38700.0000,3870,2914.2802,0.0000,999,1000,997,1,38.2824
38710.0000,3871,2914.3008,0.0000,1000,999,995,1,38.5308
38720.0000,3872,2914.3217,0.0000,998,999,997,1,38.4038
38730.0000,3873,2914.3428,0.0000,999,998,1000,1,38.3519
38740.0000,3874,2914.3642,0.0000,1000,1000,1000,1,38.4500
38750.0000,3875,2914.3862,0.0000,1000,1000,999,1,38.5477
38760.0000,3876,2914.4082,0.0000,1000,1000,1000,1,38.7957
38770.0000,3877,2914.4301,0.0000,1000,1000,1000,1,38.5920
38780.0000,3878,2914.4520,0.0000,999,1000,1000,1,38.5385
38790.0000,3879,2914.4738,0.0000,1000,1000,999,1,38.6355
38800.0000,3880,2914.4953,0.0000,1000,1000,999,1,38.7324
38810.0000,3881,2914.5170,0.0000,999,1000,1000,1,38.7533
38820.0000,3882,2914.5384,0.0000,999,1000,999,1,38.6993
38830.0000,3883,2914.5594,0.0000,996,1000,998,1,38.5697
38840.0000,3884,2914.5811,0.0000,1000,1000,1000,1,38.5156
38850.0000,3885,2914.6027,0.0000,1000,1000,1000,1,38.3858
38860.0000,3886,2914.6244,0.0000,1000,1000,999,1,38.2560
38870.0000,3887,2914.6460,0.0000,1000,999,1000,1,38.2767
38880.0000,3888,2914.6675,0.0000,1000,999,1000,1,38.1461
38890.0000,3889,2914.6892,0.0000,999,1000,1000,1,38.3178
38900.0000,3890,2914.7108,0.0000,1000,1000,1000,1,38.4894
38910.0000,3891,2914.7321,0.0000,999,998,1000,1,38.3594
38920.0000,3892,2914.7534,0.0000,1000,1000,1000,1,38.1540
38930.0000,3893,2914.7752,0.0000,999,1000,1000,1,38.3115
38940.0000,3894,2914.7969,0.0000,1000,1000,1000,1,38.4075
38950.0000,3895,2914.8184,0.0000,1000,1000,1000,1,38.5033
38960.0000,3896,2914.8399,0.0000,999,1000,1000,1,38.5994
38970.0000,3897,2914.8613,0.0000,997,1000,1000,1,38.6953
38980.0000,3898,2914.8829,0.0000,1000,1000,1000,1,38.7914
38990.0000,3899,2914.9045,0.0000,998,1000,999,1,38.9625
39000.0000,3900,2914.9253,0.0000,999,1000,1000,1,39.0584
39010.0000,3901,2914.9465,0.0000,1000,1000,1000,1,39.1542
39020.0000,3902,2914.9678,0.0000,999,1000,1000,1,39.0997
39030.0000,3903,2914.9893,0.0000,1000,997,999,1,39.0449
39040.0000,3904,2915.0107,0.0000,999,999,1000,1,38.9901
39050.0000,3905,2915.0316,0.0000,997,1000,1000,1,39.1610
39060.0000,3906,2915.0529,0.0000,1000,1000,998,1,39.1060
39070.0000,3907,2915.0743,0.0000,1000,1000,1000,1,38.9763
39080.0000,3908,2915.0955,0.0000,999,1000,1000,1,38.9975
39090.0000,3909,2915.1170,0.0000,1000,998,999,1,39.0186
39100.0000,3910,2915.1385,0.0000,1000,999,999,1,39.0394
39110.0000,3911,2915.1599,0.0000,1000,999,1000,1,38.9852
39120.0000,3912,2915.1809,0.0000,999,1000,998,1,38.9311
39130.0000,3913,2915.2019,0.0000,999,998,1000,1,38.8769
39140.0000,3914,2915.2231,0.0000,1000,1000,1000,1,38.6730
39150.0000,3915,2915.2443,0.0000,999,1000,999,1,38.7689
39160.0000,3916,2915.2647,0.0000,998,994,1000,1,38.4149
39170.0000,3917,2915.2853,0.0000,999,1000,999,1,38.5849
39180.0000,3918,2915.3068,0.0000,1000,1000,999,1,38.6803
39190.0000,3919,2915.3280,0.0000,1000,1000,1000,1,38.6250
39200.0000,3920,2915.3493,0.0000,1000,1000,998,1,38.6444
39210.0000,3921,2915.3706,0.0000,1000,1000,999,1,38.8142
39220.0000,3922,2915.3916,0.0000,998,1000,1000,1,38.8334
39230.0000,3923,2915.4128,0.0000,1000,1000,1000,1,38.6258
39240.0000,3924,2915.4342,0.0000,998,1000,1000,1,38.6445
39250.0000,3925,2915.4554,0.0000,1000,999,1000,1,38.5875
39260.0000,3926,2915.4764,0.0000,998,1000,998,1,38.6812
39270.0000,3927,2915.4965,0.0000,998,1000,1000,1,38.8504
39280.0000,3928,2915.5168,0.0000,999,996,1000,1,38.6538
39290.0000,3929,2915.5371,0.0000,998,995,999,1,38.6714
39300.0000,3930,2915.5574,0.0000,998,1000,997,1,38.5981
39310.0000,3931,2915.5776,0.0000,1000,1000,998,1,38.5414
39320.0000,3932,2915.5983,0.0000,1000,1000,998,1,38.4848
39330.0000,3933,2915.6193,0.0000,999,1000,998,1,38.3536
39340.0000,3934,2915.6399,0.0000,1000,998,1000,1,38.0725
39350.0000,3935,2915.6613,0.0000,1000,1000,1000,1,38.2559
39360.0000,3936,2915.6825,0.0000,999,1000,999,1,38.3361
39370.0000,3937,2915.7038,0.0000,1000,1000,1000,1,38.5051
39380.0000,3938,2915.7249,0.0000,1000,1000,1000,1,38.5988
39390.0000,3939,2915.7462,0.0000,1000,1000,1000,1,38.6924
39400.0000,3940,2915.7674,0.0000,999,1000,998,1,38.9364
39410.0000,3941,2915.7876,0.0000,1000,1000,995,1,38.8793
39420.0000,3942,2915.8075,0.0000,1000,997,998,1,38.8971
39430.0000,3943,2915.8280,0.0000,1000,999,1000,1,38.5379
39440.0000,3944,2915.8490,0.0000,1000,999,1000,1,38.6308
39450.0000,3945,2915.8693,0.0000,998,999,998,1,38.5728
39460.0000,3946,2915.8897,0.0000,1000,998,998,1,38.4398
39470.0000,3947,2915.9105,0.0000,1000,1000,1000,1,38.5465
39480.0000,3948,2915.9311,0.0000,1000,997,1000,1,38.6397
39490.0000,3949,2915.9513,0.0000,1000,998,999,1,38.7326
39500.0000,3950,2915.9722,0.0000,999,1000,1000,1,38.9759
39510.0000,3951,2915.9930,0.0000,999,998,1000,1,38.9176
39520.0000,3952,2916.0140,0.0000,1000,1000,1000,1,38.8595
39530.0000,3953,2916.0350,0.0000,998,1000,1000,1,38.9521
39540.0000,3954,2916.0557,0.0000,1000,999,999,1,38.8186
39550.0000,3955,2916.0767,0.0000,999,1000,999,1,38.7598
39560.0000,3956,2916.0975,0.0000,998,1000,1000,1,38.9272
39570.0000,3957,2916.1181,0.0000,1000,998,1000,1,39.0189
39580.0000,3958,2916.1389,0.0000,1000,996,1000,1,39.1104
39590.0000,3959,2916.1595,0.0000,1000,998,1000,1,39.0510
39600.0000,3960,2916.1803,0.0000,1000,999,999,1,39.0672
39610.0000,3961,2916.2005,0.0000,999,998,996,1,38.8564
39620.0000,3962,2916.2204,0.0000,999,999,1000,1,38.6460
39630.0000,3963,2916.2413,0.0000,999,1000,1000,1,38.5871
39640.0000,3964,2916.2621,0.0000,1000,1000,1000,1,38.6033
39650.0000,3965,2916.2826,0.0000,1000,996,1000,1,38.6194
39660.0000,3966,2916.3029,0.0000,1000,1000,998,1,38.4850
39670.0000,3967,2916.3235,0.0000,999,999,1000,1,38.5008
39680.0000,3968,2916.3437,0.0000,999,997,997,1,38.2912
39690.0000,3969,2916.3640,0.0000,1000,999,997,1,38.3077
39700.0000,3970,2916.3847,0.0000,999,1000,1000,1,38.1742
39710.0000,3971,2916.4052,0.0000,999,998,1000,1,38.1166
39720.0000,3972,2916.4260,0.0000,1000,1000,999,1,38.0582
39730.0000,3973,2916.4466,0.0000,1000,1000,999,1,38.1499
39740.0000,3974,2916.4674,0.0000,999,999,1000,1,38.2419
39750.0000,3975,2916.4881,0.0000,1000,1000,1000,1,38.4088
39760.0000,3976,2916.5090,0.0000,1000,1000,1000,1,38.3514
39770.0000,3977,2916.5298,0.0000,1000,1000,1000,1,38.2938
39780.0000,3978,2916.5503,0.0000,999,1000,1000,1,38.3856
39790.0000,3979,2916.5709,0.0000,1000,1000,1000,1,38.4028
39800.0000,3980,2916.5914,0.0000,999,998,1000,1,38.4947
39810.0000,3981,2916.6121,0.0000,1000,1000,999,1,38.4372
39820.0000,3982,2916.6328,0.0000,999,1000,999,1,38.3791
39830.0000,3983,2916.6535,0.0000,999,1000,1000,1,38.4709
39840.0000,3984,2916.6738,0.0000,999,998,1000,1,38.4876
39850.0000,3985,2916.6937,0.0000,996,1000,1000,1,38.5050
39860.0000,3986,2916.7135,0.0000,998,1000,1000,1,38.5967
39870.0000,3987,2916.7339,0.0000,1000,1000,1000,1,38.5390
39880.0000,3988,2916.7542,0.0000,1000,997,1000,1,38.5559
39890.0000,3989,2916.7744,0.0000,1000,997,1000,1,38.6475
39900.0000,3990,2916.7949,0.0000,1000,997,1000,1,38.6645
39910.0000,3991,2916.8155,0.0000,1000,999,1000,1,38.8307
39920.0000,3992,2916.8358,0.0000,999,1000,999,1,38.7726
39930.0000,3993,2916.8562,0.0000,1000,998,1000,1,38.9385
39940.0000,3994,2916.8769,0.0000,999,999,1000,1,39.0295
39950.0000,3995,2916.8976,0.0000,1000,1000,1000,1,39.1951
39960.0000,3996,2916.9183,0.0000,1000,1000,1000,1,39.2856
39970.0000,3997,2916.9390,0.0000,1000,999,1000,1,39.3008
39980.0000,3998,2916.9593,0.0000,1000,999,1000,1,39.3907
39990.0000,3999,2916.9794,0.0000,1000,1000,1000,1,39.5557
40000.0000,4000,2916.9997,0.0000,998,999,1000,1,39.4948
40010.0000,4001,2917.0194,0.0000,1000,1000,996,1,39.2089
40020.0000,4002,2917.0391,0.0000,1000,1000,999,1,39.2233
40030.0000,4003,2917.0597,0.0000,999,1000,1000,1,39.3130
40040.0000,4004,2917.0800,0.0000,1000,1000,1000,1,39.3276
40050.0000,4005,2917.1002,0.0000,999,1000,997,1,39.1919
40060.0000,4006,2917.1203,0.0000,1000,1000,1000,1,39.2059
40070.0000,4007,2917.1408,0.0000,999,1000,999,1,39.2199
40080.0000,4008,2917.1610,0.0000,1000,998,1000,1,39.2338
40090.0000,4009,2917.1812,0.0000,994,1000,1000,1,39.1721
40100.0000,4010,2917.2005,0.0000,1000,1000,998,1,38.9609
40110.0000,4011,2917.2208,0.0000,997,1000,999,1,38.9002
40120.0000,4012,2917.2404,0.0000,1000,1000,995,1,38.3900
40130.0000,4013,2917.2600,0.0000,999,1000,999,1,38.5538
40140.0000,4014,2917.2802,0.0000,1000,1000,999,1,38.5688
40150.0000,4015,2917.2997,0.0000,1000,1000,995,1,38.2087
40160.0000,4016,2917.3191,0.0000,1000,1000,998,1,37.9982
40170.0000,4017,2917.3393,0.0000,1000,1000,1000,1,38.1626
40180.0000,4018,2917.3595,0.0000,999,1000,999,1,38.1019
40190.0000,4019,2917.3799,0.0000,999,999,1000,1,38.2663
40200.0000,4020,2917.4000,0.0000,999,999,1000,1,38.2803
40210.0000,4021,2917.4202,0.0000,1000,999,999,1,38.0695
40220.0000,4022,2917.4402,0.0000,1000,999,998,1,37.9334
40230.0000,4023,2917.4600,0.0000,998,1000,999,1,37.7230
40240.0000,4024,2917.4797,0.0000,1000,1000,999,1,37.6630
40250.0000,4025,2917.4996,0.0000,1000,1000,1000,1,37.7573
40260.0000,4026,2917.5195,0.0000,1000,999,996,1,37.6971
40270.0000,4027,2917.5388,0.0000,999,1000,996,1,37.7121
40280.0000,4028,2917.5589,0.0000,1000,1000,1000,1,37.6527
40290.0000,4029,2917.5792,0.0000,1000,1000,999,1,37.6675
40300.0000,4030,2917.5990,0.0000,1000,1000,999,1,37.5260
40310.0000,4031,2917.6192,0.0000,1000,1000,999,1,37.6900
40320.0000,4032,2917.6391,0.0000,999,998,998,1,37.4813
40330.0000,4033,2917.6592,0.0000,1000,1000,999,1,37.6455
40340.0000,4034,2917.6794,0.0000,999,998,1000,1,37.6606
40350.0000,4035,2917.6995,0.0000,999,1000,1000,1,37.8246
40360.0000,4036,2917.7192,0.0000,1000,999,999,1,37.7641
40370.0000,4037,2917.7388,0.0000,999,999,999,1,37.6283
40380.0000,4038,2917.7587,0.0000,1000,998,999,1,37.6421
40390.0000,4039,2917.7784,0.0000,1000,1000,995,1,37.4559
40400.0000,4040,2917.7976,0.0000,1000,1000,997,1,37.5445
40410.0000,4041,2917.8173,0.0000,998,999,1000,1,37.4835
40420.0000,4042,2917.8369,0.0000,1000,999,998,1,37.4975
40430.0000,4043,2917.8564,0.0000,998,997,1000,1,37.2880
40440.0000,4044,2917.8762,0.0000,1000,1000,1000,1,37.4517
40450.0000,4045,2917.8962,0.0000,999,1000,998,1,37.4662
40460.0000,4046,2917.9155,0.0000,1000,1000,1000,1,37.2568
40470.0000,4047,2917.9353,0.0000,998,999,1000,1,37.2708
40480.0000,4048,2917.9551,0.0000,1000,999,1000,1,37.2853
40490.0000,4049,2917.9751,0.0000,1000,999,998,1,37.2259
40500.0000,4050,2917.9950,0.0000,998,1000,1000,1,36.8421
40510.0000,4051,2918.0149,0.0000,1000,1000,999,1,36.7091
40520.0000,4052,2918.0346,0.0000,1000,1000,999,1,36.4282
40530.0000,4053,2918.0547,0.0000,1000,999,1000,1,36.4439
40540.0000,4054,2918.0745,0.0000,1000,1000,1000,1,36.3933
40550.0000,4055,2918.0944,0.0000,999,1000,1000,1,36.3549
40560.0000,4056,2918.1141,0.0000,1000,996,1000,1,36.4166
40570.0000,4057,2918.1337,0.0000,1000,999,1000,1,36.5062
40580.0000,4058,2918.1537,0.0000,1000,999,1000,1,36.4755
40590.0000,4059,2918.1732,0.0000,998,998,999,1,36.5369
40600.0000,4060,2918.1927,0.0000,1000,1000,1000,1,36.6264
40610.0000,4061,2918.2126,0.0000,997,1000,1000,1,36.7896
40620.0000,4062,2918.2323,0.0000,1000,997,999,1,36.8785
40630.0000,4063,2918.2517,0.0000,1000,998,998,1,36.6708
40640.0000,4064,2918.2714,0.0000,999,1000,999,1,36.6856
40650.0000,4065,2918.2914,0.0000,1000,999,1000,1,36.7747
40660.0000,4066,2918.3109,0.0000,997,1000,999,1,36.7905
40670.0000,4067,2918.3303,0.0000,1000,1000,1000,1,36.9538
40680.0000,4068,2918.3498,0.0000,997,999,1000,1,36.9705
40690.0000,4069,2918.3691,0.0000,999,999,1000,1,37.1337
40700.0000,4070,2918.3888,0.0000,1000,1000,998,1,37.0761
40710.0000,4071,2918.4082,0.0000,1000,997,997,1,37.1649
40720.0000,4072,2918.4276,0.0000,999,1000,997,1,36.9604
40730.0000,4073,2918.4463,0.0000,1000,997,999,1,36.9032
40740.0000,4074,2918.4658,0.0000,1000,998,1000,1,36.8466
40750.0000,4075,2918.4856,0.0000,998,1000,1000,1,37.0096
40760.0000,4076,2918.5050,0.0000,999,998,999,1,37.0251
40770.0000,4077,2918.5247,0.0000,1000,1000,1000,1,37.0410
40780.0000,4078,2918.5444,0.0000,999,1000,1000,1,37.1302
40790.0000,4079,2918.5639,0.0000,1000,1000,999,1,37.1464
40800.0000,4080,2918.5836,0.0000,1000,1000,1000,1,37.2360
40810.0000,4081,2918.6032,0.0000,999,1000,998,1,37.2519
40820.0000,4082,2918.6225,0.0000,1000,999,999,1,37.2676
40830.0000,4083,2918.6422,0.0000,1000,1000,1000,1,37.4301
40840.0000,4084,2918.6620,0.0000,1000,999,1000,1,37.5923
40850.0000,4085,2918.6809,0.0000,1000,995,998,1,37.3871
40860.0000,4086,2918.7004,0.0000,998,1000,999,1,37.4023
40870.0000,4087,2918.7199,0.0000,1000,1000,998,1,37.2705
40880.0000,4088,2918.7393,0.0000,1000,999,1000,1,37.1379
40890.0000,4089,2918.7589,0.0000,999,1000,999,1,37.0057
40900.0000,4090,2918.7783,0.0000,1000,1000,1000,1,36.9469
40910.0000,4091,2918.7980,0.0000,1000,1000,1000,1,36.9619
40920.0000,4092,2918.8174,0.0000,999,1000,998,1,36.9762
40930.0000,4093,2918.8369,0.0000,999,1000,1000,1,36.9176
40940.0000,4094,2918.8563,0.0000,1000,1000,1000,1,37.0794
40950.0000,4095,2918.8760,0.0000,1000,1000,999,1,37.0945
40960.0000,4096,2918.8958,0.0000,1000,1000,1000,1,37.2561
40970.0000,4097,2918.9154,0.0000,1000,998,1000,1,37.4911
40980.0000,4098,2918.9346,0.0000,1000,1000,997,1,37.4316
40990.0000,4099,2918.9540,0.0000,1000,1000,999,1,37.3722
41000.0000,4100,2918.9732,0.0000,999,999,999,1,37.3130
41010.0000,4101,2918.9922,0.0000,999,1000,998,1,37.2541
41020.0000,4102,2919.0113,0.0000,999,999,998,1,37.0489
41030.0000,4103,2919.0307,0.0000,1000,1000,1000,1,37.2836
41040.0000,4104,2919.0502,0.0000,999,999,1000,1,37.3712
41050.0000,4105,2919.0698,0.0000,1000,999,1000,1,37.4588
41060.0000,4106,2919.0886,0.0000,995,1000,999,1,37.3993
41070.0000,4107,2919.1063,0.0000,1000,996,1000,1,37.3399
41080.0000,4108,2919.1248,0.0000,1000,999,1000,1,37.4277
41090.0000,4109,2919.1437,0.0000,999,1000,997,1,37.2213
41100.0000,4110,2919.1628,0.0000,1000,999,999,1,37.1616
41110.0000,4111,2919.1820,0.0000,1000,999,997,1,36.9870
41120.0000,4112,2919.2013,0.0000,1000,1000,1000,1,37.1478
41130.0000,4113,2919.2205,0.0000,999,1000,1000,1,37.2761
41140.0000,4114,2919.2397,0.0000,1000,1000,1000,1,37.2163
41150.0000,4115,2919.2590,0.0000,999,1000,1000,1,37.0835
41160.0000,4116,2919.2785,0.0000,1000,1000,1000,1,37.2442
41170.0000,4117,2919.2979,0.0000,1000,1000,1000,1,37.4046
41180.0000,4118,2919.3172,0.0000,1000,998,999,1,37.2705
41190.0000,4119,2919.3362,0.0000,1000,1000,998,1,37.1694
41200.0000,4120,2919.3554,0.0000,1000,1000,1000,1,37.1088
41210.0000,4121,2919.3749,0.0000,1000,1000,999,1,37.1212
41220.0000,4122,2919.3941,0.0000,999,1000,999,1,37.2812
41230.0000,4123,2919.4134,0.0000,998,1000,1000,1,37.1470
41240.0000,4124,2919.4325,0.0000,998,999,1000,1,37.1257
41250.0000,4125,2919.4516,0.0000,1000,1000,999,1,37.0983
41260.0000,4126,2919.4711,0.0000,999,1000,999,1,37.0370
41270.0000,4127,2919.4895,0.0000,995,999,998,1,36.8951
41280.0000,4128,2919.5081,0.0000,999,1000,999,1,37.1284
41290.0000,4129,2919.5270,0.0000,999,1000,1000,1,37.3616
41300.0000,4130,2919.5462,0.0000,1000,1000,1000,1,37.5211
41310.0000,4131,2919.5654,0.0000,999,1000,999,1,37.6072
41320.0000,4132,2919.5846,0.0000,1000,1000,1000,1,37.7669
41330.0000,4133,2919.6037,0.0000,1000,999,1000,1,37.8532
41340.0000,4134,2919.6228,0.0000,1000,1000,998,1,37.6471
41350.0000,4135,2919.6419,0.0000,1000,999,999,1,37.5153
41360.0000,4136,2919.6611,0.0000,1000,1000,1000,1,37.6752
41370.0000,4137,2919.6801,0.0000,1000,1000,999,1,37.7621
41380.0000,4138,2919.6989,0.0000,999,999,997,1,37.7762
41390.0000,4139,2919.7174,0.0000,998,1000,1000,1,37.9358
41400.0000,4140,2919.7363,0.0000,998,998,999,1,37.9498
41410.0000,4141,2919.7555,0.0000,1000,1000,1000,1,38.0365
41420.0000,4142,2919.7743,0.0000,995,998,1000,1,37.9044
41430.0000,4143,2919.7925,0.0000,995,1000,1000,1,37.9907
41440.0000,4144,2919.8115,0.0000,1000,999,1000,1,38.0770
41450.0000,4145,2919.8307,0.0000,999,1000,1000,1,38.0171
41460.0000,4146,2919.8495,0.0000,999,998,1000,1,37.9574
41470.0000,4147,2919.8684,0.0000,1000,1000,997,1,38.0431
41480.0000,4148,2919.8871,0.0000,999,1000,1000,1,38.0566
41490.0000,4149,2919.9061,0.0000,1000,999,998,1,37.9970
41500.0000,4150,2919.9251,0.0000,1000,1000,1000,1,37.8646
41510.0000,4151,2919.9442,0.0000,999,999,999,1,37.8777
41520.0000,4152,2919.9629,0.0000,1000,1000,999,1,37.8183
41530.0000,4153,2919.9820,0.0000,1000,1000,1000,1,37.9773
41540.0000,4154,2920.0012,0.0000,1000,999,1000,1,37.8449
41550.0000,4155,2920.0201,0.0000,1000,1000,1000,1,37.9306
41560.0000,4156,2920.0390,0.0000,1000,1000,997,1,37.8703
41570.0000,4157,2920.0573,0.0000,1000,997,999,1,37.5191
41580.0000,4158,2920.0761,0.0000,1000,1000,999,1,37.4597
41590.0000,4159,2920.0949,0.0000,999,999,1000,1,37.0381
41600.0000,4160,2920.1139,0.0000,1000,1000,1000,1,37.1970
41610.0000,4161,2920.1328,0.0000,1000,1000,1000,1,37.1376
41620.0000,4162,2920.1514,0.0000,1000,1000,1000,1,37.0775
41630.0000,4163,2920.1704,0.0000,1000,999,1000,1,37.1635
41640.0000,4164,2920.1893,0.0000,999,1000,1000,1,37.2492
41650.0000,4165,2920.2077,0.0000,999,999,996,1,37.1898
41660.0000,4166,2920.2264,0.0000,1000,1000,1000,1,37.0583
41670.0000,4167,2920.2450,0.0000,998,998,999,1,37.0718
41680.0000,4168,2920.2635,0.0000,999,999,997,1,36.9401
41690.0000,4169,2920.2823,0.0000,999,1000,1000,1,36.8812
41700.0000,4170,2920.3011,0.0000,1000,999,998,1,36.8225
41710.0000,4171,2920.3199,0.0000,1000,1000,1000,1,36.6916
41720.0000,4172,2920.3385,0.0000,1000,997,1000,1,36.4148
41730.0000,4173,2920.3570,0.0000,999,996,1000,1,36.4303
41740.0000,4174,2920.3743,0.0000,1000,993,998,1,36.4439
41750.0000,4175,2920.3929,0.0000,1000,1000,1000,1,36.4573
41760.0000,4176,2920.4118,0.0000,1000,1000,1000,1,36.6156
41770.0000,4177,2920.4300,0.0000,999,998,997,1,36.4113
41780.0000,4178,2920.4484,0.0000,999,999,1000,1,36.4975
41790.0000,4179,2920.4672,0.0000,1000,1000,1000,1,36.5112
41800.0000,4180,2920.4861,0.0000,1000,999,1000,1,36.4525
41810.0000,4181,2920.5048,0.0000,1000,1000,999,1,36.5384
41820.0000,4182,2920.5233,0.0000,1000,999,1000,1,36.5520
41830.0000,4183,2920.5420,0.0000,998,999,1000,1,36.4935
41840.0000,4184,2920.5605,0.0000,999,999,1000,1,36.5073
41850.0000,4185,2920.5792,0.0000,999,1000,999,1,36.5932
41860.0000,4186,2920.5974,0.0000,994,1000,1000,1,36.1017
41870.0000,4187,2920.6158,0.0000,1000,1000,998,1,36.2595
41880.0000,4188,2920.6343,0.0000,1000,999,1000,1,36.2731
41890.0000,4189,2920.6526,0.0000,999,1000,1000,1,36.0700
41900.0000,4190,2920.6713,0.0000,999,1000,1000,1,36.0837
41910.0000,4191,2920.6897,0.0000,1000,998,1000,1,36.0973
41920.0000,4192,2920.7081,0.0000,1000,1000,998,1,36.1833
41930.0000,4193,2920.7267,0.0000,1000,1000,1000,1,36.1253
41940.0000,4194,2920.7454,0.0000,998,1000,1000,1,36.0668
41950.0000,4195,2920.7637,0.0000,1000,1000,999,1,36.0802
41960.0000,4196,2920.7824,0.0000,999,1000,1000,1,36.1624
41970.0000,4197,2920.8010,0.0000,999,1000,1000,1,36.2480
41980.0000,4198,2920.8196,0.0000,1000,999,999,1,36.4056
41990.0000,4199,2920.8383,0.0000,1000,998,1000,1,36.4189
42000.0000,4200,2920.8567,0.0000,996,999,1000,1,36.5761
42010.0000,4201,2920.8747,0.0000,1000,1000,999,1,36.6615
42020.0000,4202,2920.8934,0.0000,999,1000,1000,1,36.7471
42030.0000,4203,2920.9121,0.0000,1000,1000,1000,1,36.9762
42040.0000,4204,2920.9307,0.0000,1000,1000,997,1,37.1332
42050.0000,4205,2920.9491,0.0000,998,998,1000,1,37.0016
42060.0000,4206,2920.9674,0.0000,1000,1000,1000,1,37.1581
42070.0000,4207,2920.9858,0.0000,998,1000,999,1,36.8825
42080.0000,4208,2921.0040,0.0000,998,1000,999,1,37.0393
42090.0000,4209,2921.0221,0.0000,999,998,998,1,36.9082
42100.0000,4210,2921.0404,0.0000,1000,999,1000,1,36.8491
42110.0000,4211,2921.0588,0.0000,1000,1000,999,1,36.8621
42120.0000,4212,2921.0774,0.0000,1000,1000,1000,1,37.0188
42130.0000,4213,2921.0959,0.0000,1000,1000,1000,1,37.0315
42140.0000,4214,2921.1142,0.0000,1000,1000,998,1,36.9003
42150.0000,4215,2921.1325,0.0000,1000,998,1000,1,36.8408
42160.0000,4216,2921.1503,0.0000,999,999,1000,1,36.7812
42170.0000,4217,2921.1687,0.0000,999,998,999,1,36.7220
42180.0000,4218,2921.1868,0.0000,1000,1000,1000,1,36.7346
42190.0000,4219,2921.2049,0.0000,997,1000,999,1,36.7468
42200.0000,4220,2921.2230,0.0000,1000,1000,1000,1,36.6155
42210.0000,4221,2921.2414,0.0000,999,1000,1000,1,36.4125
42220.0000,4222,2921.2595,0.0000,1000,1000,998,1,36.4256
42230.0000,4223,2921.2773,0.0000,999,1000,999,1,36.3667
42240.0000,4224,2921.2957,0.0000,999,1000,1000,1,36.3801
42250.0000,4225,2921.3140,0.0000,1000,997,1000,1,36.2504
42260.0000,4226,2921.3321,0.0000,1000,1000,1000,1,36.1920
42270.0000,4227,2921.3501,0.0000,998,1000,999,1,35.9921
42280.0000,4228,2921.3675,0.0000,992,999,999,1,36.0069
42290.0000,4229,2921.3840,0.0000,996,996,1000,1,35.8088
42300.0000,4230,2921.4013,0.0000,995,1000,1000,1,35.9657
42310.0000,4231,2921.4190,0.0000,997,1000,1000,1,35.9800
42320.0000,4232,2921.4369,0.0000,998,999,1000,1,35.8992
42330.0000,4233,2921.4552,0.0000,1000,1000,1000,1,35.9134
42340.0000,4234,2921.4736,0.0000,999,1000,1000,1,36.0698
42350.0000,4235,2921.4918,0.0000,999,1000,999,1,36.0361
42360.0000,4236,2921.5098,0.0000,1000,999,998,1,35.9781
42370.0000,4237,2921.5280,0.0000,999,1000,1000,1,35.9912
42380.0000,4238,2921.5460,0.0000,1000,1000,1000,1,36.0037
42390.0000,4239,2921.5644,0.0000,1000,1000,1000,1,36.0881
42400.0000,4240,2921.5828,0.0000,999,1000,1000,1,36.3154
42410.0000,4241,2921.6007,0.0000,1000,1000,999,1,36.2570
42420.0000,4242,2921.6186,0.0000,999,1000,1000,1,36.4129
42430.0000,4243,2921.6366,0.0000,996,1000,1000,1,36.5687
42440.0000,4244,2921.6539,0.0000,996,1000,1000,1,36.5817
42450.0000,4245,2921.6716,0.0000,999,999,999,1,36.5237
42460.0000,4246,2921.6889,0.0000,1000,997,998,1,36.2509
42470.0000,4247,2921.7070,0.0000,1000,1000,1000,1,36.1930
42480.0000,4248,2921.7246,0.0000,999,999,999,1,36.2062
42490.0000,4249,2921.7424,0.0000,1000,1000,1000,1,36.0061
42500.0000,4250,2921.7605,0.0000,1000,999,1000,1,36.2089
42510.0000,4251,2921.7786,0.0000,1000,1000,1000,1,36.2931
42520.0000,4252,2921.7964,0.0000,1000,1000,999,1,36.3772
42530.0000,4253,2921.8146,0.0000,1000,997,1000,1,36.6038
42540.0000,4254,2921.8328,0.0000,1000,1000,1000,1,36.6164
42550.0000,4255,2921.8510,0.0000,999,1000,999,1,36.7000
42560.0000,4256,2921.8691,0.0000,1000,1000,1000,1,36.7122
42570.0000,4257,2921.8873,0.0000,1000,1000,999,1,36.7242
42580.0000,4258,2921.9050,0.0000,997,1000,998,1,36.3802
42590.0000,4259,2921.9226,0.0000,999,1000,999,1,36.5351
42600.0000,4260,2921.9404,0.0000,1000,998,1000,1,36.5481
42610.0000,4261,2921.9584,0.0000,1000,999,1000,1,36.6322
42620.0000,4262,2921.9764,0.0000,1000,1000,999,1,36.6449
42630.0000,4263,2921.9947,0.0000,1000,1000,999,1,36.7997
42640.0000,4264,2922.0122,0.0000,999,999,998,1,36.6700
42650.0000,4265,2922.0301,0.0000,1000,1000,1000,1,36.7536
42660.0000,4266,2922.0475,0.0000,998,998,994,1,36.4091
42670.0000,4267,2922.0649,0.0000,1000,998,1000,1,36.4206
42680.0000,4268,2922.0828,0.0000,1000,998,999,1,36.3614
42690.0000,4269,2922.1001,0.0000,1000,995,999,1,36.3026
42700.0000,4270,2922.1161,0.0000,1000,988,999,1,36.3860
42710.0000,4271,2922.1313,0.0000,998,990,998,1,36.2556
42720.0000,4272,2922.1484,0.0000,999,997,1000,1,36.3388
42730.0000,4273,2922.1656,0.0000,999,999,1000,1,36.4218
42740.0000,4274,2922.1835,0.0000,1000,1000,998,1,36.1483
42750.0000,4275,2922.2012,0.0000,1000,999,998,1,35.9463
42760.0000,4276,2922.2187,0.0000,999,1000,1000,1,35.8875
42770.0000,4277,2922.2366,0.0000,998,1000,999,1,35.8289
42780.0000,4278,2922.2543,0.0000,998,997,999,1,35.9833
42790.0000,4279,2922.2719,0.0000,1000,1000,1000,1,35.9959
42800.0000,4280,2922.2893,0.0000,999,1000,997,1,35.7959
42810.0000,4281,2922.3072,0.0000,1000,1000,999,1,35.8795
42820.0000,4282,2922.3251,0.0000,1000,999,1000,1,35.8926
42830.0000,4283,2922.3428,0.0000,998,1000,999,1,35.8351
42840.0000,4284,2922.3603,0.0000,999,1000,1000,1,35.6372
42850.0000,4285,2922.3781,0.0000,1000,999,1000,1,35.6511
42860.0000,4286,2922.3953,0.0000,996,997,1000,1,35.5950
42870.0000,4287,2922.4125,0.0000,997,998,1000,1,35.6093
42880.0000,4288,2922.4294,0.0000,999,999,999,1,35.5536
42890.0000,4289,2922.4470,0.0000,1000,1000,999,1,35.5679
42900.0000,4290,2922.4647,0.0000,999,999,1000,1,35.7226
42910.0000,4291,2922.4822,0.0000,998,996,1000,1,35.7370
42920.0000,4292,2922.4996,0.0000,999,999,1000,1,35.8217
42930.0000,4293,2922.5172,0.0000,1000,1000,1000,1,35.7664
42940.0000,4294,2922.5350,0.0000,1000,999,999,1,35.9210
42950.0000,4295,2922.5521,0.0000,1000,998,1000,1,35.9359
42960.0000,4296,2922.5691,0.0000,999,994,1000,1,35.8816
42970.0000,4297,2922.5866,0.0000,1000,1000,999,1,35.8974
42980.0000,4298,2922.6042,0.0000,999,999,999,1,35.9828
42990.0000,4299,2922.6220,0.0000,998,1000,1000,1,36.0680
43000.0000,4300,2922.6393,0.0000,1000,999,1000,1,36.1530
43010.0000,4301,2922.6569,0.0000,999,1000,999,1,36.0291
43020.0000,4302,2922.6745,0.0000,998,999,1000,1,35.9750
43030.0000,4303,2922.6918,0.0000,999,999,1000,1,36.0600
43040.0000,4304,2922.7096,0.0000,1000,1000,1000,1,36.0751
43050.0000,4305,2922.7274,0.0000,999,1000,1000,1,36.2294
43060.0000,4306,2922.7451,0.0000,999,1000,1000,1,36.2440
43070.0000,4307,2922.7629,0.0000,1000,1000,999,1,36.1189
43080.0000,4308,2922.7806,0.0000,998,1000,999,1,36.2032
43090.0000,4309,2922.7982,0.0000,997,998,1000,1,36.1480
43100.0000,4310,2922.8144,0.0000,999,996,999,1,36.1625
43110.0000,4311,2922.8319,0.0000,1000,1000,999,1,36.1765
43120.0000,4312,2922.8496,0.0000,1000,998,1000,1,36.2601
43130.0000,4313,2922.8673,0.0000,1000,1000,999,1,36.2036
43140.0000,4314,2922.8845,0.0000,999,1000,998,1,36.0069
43150.0000,4315,2922.9021,0.0000,1000,1000,1000,1,36.0202
43160.0000,4316,2922.9197,0.0000,1000,1000,1000,1,35.9634
43170.0000,4317,2922.9374,0.0000,1000,1000,999,1,35.9769
43180.0000,4318,2922.9548,0.0000,1000,999,997,1,35.6398
43190.0000,4319,2922.9719,0.0000,1000,1000,1000,1,35.5125
43200.0000,4320,2922.9896,0.0000,1000,1000,1000,1,35.5960
43210.0000,4321,2923.0070,0.0000,996,1000,1000,1,35.6092
43220.0000,4322,2923.0241,0.0000,998,998,1000,1,35.6226
43230.0000,4323,2923.0417,0.0000,999,1000,1000,1,35.7058
43240.0000,4324,2923.0594,0.0000,1000,1000,1000,1,35.7188
43250.0000,4325,2923.0769,0.0000,1000,1000,1000,1,35.8014
43260.0000,4326,2923.0946,0.0000,1000,999,1000,1,35.7434
43270.0000,4327,2923.1118,0.0000,1000,1000,997,1,35.6149
43280.0000,4328,2923.1291,0.0000,999,999,999,1,35.6968
43290.0000,4329,2923.1464,0.0000,997,1000,999,1,35.5984
43300.0000,4330,2923.1638,0.0000,999,1000,1000,1,35.6806
43310.0000,4331,2923.1811,0.0000,1000,1000,998,1,35.5522
43320.0000,4332,2923.1986,0.0000,1000,1000,999,1,35.7748
43330.0000,4333,2923.2159,0.0000,999,997,1000,1,35.6453
43340.0000,4334,2923.2331,0.0000,999,998,1000,1,35.6270
43350.0000,4335,2923.2502,0.0000,1000,999,997,1,35.6383
43360.0000,4336,2923.2670,0.0000,999,999,999,1,35.6495
43370.0000,4337,2923.2840,0.0000,998,999,1000,1,35.5202
43380.0000,4338,2923.3014,0.0000,999,999,1000,1,35.7426
43390.0000,4339,2923.3189,0.0000,1000,1000,1000,1,35.6836
43400.0000,4340,2923.3364,0.0000,999,1000,1000,1,35.8356
43410.0000,4341,2923.3532,0.0000,999,1000,1000,1,35.5668
43420.0000,4342,2923.3706,0.0000,1000,1000,1000,1,35.5786
43430.0000,4343,2923.3880,0.0000,1000,1000,998,1,35.4502
43440.0000,4344,2923.4047,0.0000,1000,998,996,1,35.3581
43450.0000,4345,2923.4211,0.0000,1000,998,998,1,35.5801
43460.0000,4346,2923.4381,0.0000,997,999,1000,1,35.5914
43470.0000,4347,2923.4541,0.0000,995,1000,1000,1,35.3916
43480.0000,4348,2923.4703,0.0000,996,1000,1000,1,35.3321
43490.0000,4349,2923.4877,0.0000,1000,1000,1000,1,35.5537
43500.0000,4350,2923.5051,0.0000,1000,1000,1000,1,35.6350
43510.0000,4351,2923.5224,0.0000,1000,999,999,1,35.6460
43520.0000,4352,2923.5395,0.0000,999,1000,999,1,35.4463
43530.0000,4353,2923.5568,0.0000,1000,1000,1000,1,35.5275
43540.0000,4354,2923.5741,0.0000,1000,1000,1000,1,35.5383
43550.0000,4355,2923.5915,0.0000,999,999,997,1,35.6895
43560.0000,4356,2923.6089,0.0000,1000,1000,998,1,35.6293
43570.0000,4357,2923.6256,0.0000,997,1000,1000,1,35.2870
43580.0000,4358,2923.6422,0.0000,996,1000,1000,1,35.1951
43590.0000,4359,2923.6586,0.0000,999,999,1000,1,35.1344
43600.0000,4360,2923.6756,0.0000,998,1000,1000,1,35.0032
43610.0000,4361,2923.6925,0.0000,999,1000,999,1,34.9070
43620.0000,4362,2923.7097,0.0000,998,1000,1000,1,34.8124
43630.0000,4363,2923.7265,0.0000,1000,999,1000,1,34.8227
43640.0000,4364,2923.7437,0.0000,1000,1000,999,1,34.7629
43650.0000,4365,2923.7605,0.0000,1000,1000,998,1,34.7034
43660.0000,4366,2923.7774,0.0000,999,1000,1000,1,34.8543
43670.0000,4367,2923.7942,0.0000,996,999,1000,1,34.9355
43680.0000,4368,2923.8111,0.0000,1000,999,997,1,34.8070
43690.0000,4369,2923.8269,0.0000,1000,997,1000,1,34.6090
43700.0000,4370,2923.8433,0.0000,1000,996,1000,1,34.7602
43710.0000,4371,2923.8601,0.0000,998,999,1000,1,34.7719
43720.0000,4372,2923.8769,0.0000,999,1000,999,1,34.8532
43730.0000,4373,2923.8938,0.0000,998,999,1000,1,34.8648
43740.0000,4374,2923.9109,0.0000,998,1000,1000,1,35.0158
43750.0000,4375,2923.9281,0.0000,998,1000,999,1,35.0971
43760.0000,4376,2923.9445,0.0000,999,1000,999,1,34.9001
43770.0000,4377,2923.9616,0.0000,1000,999,1000,1,34.9816
43780.0000,4378,2923.9784,0.0000,1000,1000,1000,1,34.7842
43790.0000,4379,2923.9957,0.0000,999,999,999,1,34.7955
43800.0000,4380,2924.0128,0.0000,1000,1000,1000,1,34.9461
43810.0000,4381,2924.0297,0.0000,999,999,999,1,34.8882
43820.0000,4382,2924.0468,0.0000,1000,1000,1000,1,34.8997
43830.0000,4383,2924.0639,0.0000,998,1000,1000,1,35.0502
43840.0000,4384,2924.0811,0.0000,1000,996,999,1,35.1311
43850.0000,4385,2924.0973,0.0000,1000,994,1000,1,35.1423
43860.0000,4386,2924.1140,0.0000,1000,997,1000,1,35.1540
43870.0000,4387,2924.1304,0.0000,1000,1000,999,1,35.1655
43880.0000,4388,2924.1473,0.0000,998,1000,997,1,35.1081
43890.0000,4389,2924.1640,0.0000,1000,996,999,1,35.0509
43900.0000,4390,2924.1802,0.0000,1000,1000,998,1,34.9247
43910.0000,4391,2924.1960,0.0000,1000,1000,993,1,34.4538
43920.0000,4392,2924.2118,0.0000,1000,1000,998,1,34.4660
43930.0000,4393,2924.2282,0.0000,1000,1000,999,1,34.3411
43940.0000,4394,2924.2451,0.0000,1000,1000,1000,1,34.4230
43950.0000,4395,2924.2621,0.0000,999,1000,999,1,34.4361
43960.0000,4396,2924.2786,0.0000,1000,1000,1000,1,34.5867
43970.0000,4397,2924.2956,0.0000,1000,1000,1000,1,34.5303
43980.0000,4398,2924.3124,0.0000,997,999,1000,1,34.4746
43990.0000,4399,2924.3286,0.0000,999,996,1000,1,34.5572
44000.0000,4400,2924.3451,0.0000,1000,1000,997,1,34.5026
44010.0000,4401,2924.3620,0.0000,1000,1000,999,1,34.3798
44020.0000,4402,2924.3788,0.0000,1000,1000,999,1,34.3935
44030.0000,4403,2924.3957,0.0000,1000,1000,999,1,34.3388
44040.0000,4404,2924.4128,0.0000,1000,1000,1000,1,34.3069
44050.0000,4405,2924.4295,0.0000,1000,1000,1000,1,34.3665
44060.0000,4406,2924.4464,0.0000,1000,1000,999,1,34.3349
44070.0000,4407,2924.4634,0.0000,998,1000,1000,1,34.3952
44080.0000,4408,2924.4803,0.0000,999,1000,1000,1,34.4777
44090.0000,4409,2924.4971,0.0000,999,1000,1000,1,34.6283
44100.0000,4410,2924.5138,0.0000,1000,997,1000,1,34.6415
44110.0000,4411,2924.5300,0.0000,1000,995,1000,1,34.6547
44120.0000,4412,2924.5466,0.0000,999,1000,1000,1,34.6680
44130.0000,4413,2924.5633,0.0000,999,1000,1000,1,34.5437
44140.0000,4414,2924.5801,0.0000,999,999,998,1,34.5564
44150.0000,4415,2924.5970,0.0000,1000,1000,1000,1,34.6377
44160.0000,4416,2924.6136,0.0000,999,999,1000,1,34.7188
44170.0000,4417,2924.6305,0.0000,1000,999,999,1,34.7312
44180.0000,4418,2924.6469,0.0000,1000,999,997,1,34.6747
44190.0000,4419,2924.6636,0.0000,1000,1000,1000,1,34.7556
44200.0000,4420,2924.6804,0.0000,998,999,998,1,34.7679
44210.0000,4421,2924.6972,0.0000,1000,999,999,1,34.7122
44220.0000,4422,2924.7140,0.0000,1000,999,1000,1,34.7934
44230.0000,4423,2924.7304,0.0000,998,1000,999,1,34.7370
44240.0000,4424,2924.7471,0.0000,1000,1000,1000,1,34.7050
44250.0000,4425,2924.7640,0.0000,999,999,999,1,34.7175
44260.0000,4426,2924.7807,0.0000,998,1000,1000,1,34.6613
44270.0000,4427,2924.7972,0.0000,1000,1000,997,1,34.5371
44280.0000,4428,2924.8137,0.0000,999,1000,996,1,34.4815
44290.0000,4429,2924.8291,0.0000,1000,1000,995,1,34.4262
44300.0000,4430,2924.8450,0.0000,999,1000,994,1,34.3717
44310.0000,4431,2924.8608,0.0000,998,1000,994,1,34.5896
44320.0000,4432,2924.8763,0.0000,999,1000,996,1,34.6714
44330.0000,4433,2924.8922,0.0000,1000,1000,997,1,34.8211
44340.0000,4434,2924.9088,0.0000,999,1000,999,1,34.9706
44350.0000,4435,2924.9255,0.0000,1000,1000,1000,1,34.9841
44360.0000,4436,2924.9415,0.0000,1000,997,1000,1,34.7249
44370.0000,4437,2924.9581,0.0000,999,1000,998,1,34.7385
44380.0000,4438,2924.9743,0.0000,1000,1000,998,1,34.8202
44390.0000,4439,2924.9902,0.0000,1000,999,993,1,34.8339
44400.0000,4440,2925.0058,0.0000,1000,1000,997,1,34.9155
44410.0000,4441,2925.0220,0.0000,998,999,998,1,35.0649
44420.0000,4442,2925.0386,0.0000,1000,1000,1000,1,35.2142
44430.0000,4443,2925.0549,0.0000,998,1000,999,1,35.0915
44440.0000,4444,2925.0713,0.0000,1000,1000,1000,1,35.1728
44450.0000,4445,2925.0879,0.0000,1000,1000,1000,1,35.2540
44460.0000,4446,2925.1046,0.0000,997,1000,1000,1,35.4029
44470.0000,4447,2925.1211,0.0000,1000,1000,1000,1,35.4156
44480.0000,4448,2925.1376,0.0000,999,1000,1000,1,35.4282
44490.0000,4449,2925.1540,0.0000,999,1000,999,1,35.5087
44500.0000,4450,2925.1702,0.0000,999,999,999,1,35.3170
44510.0000,4451,2925.1863,0.0000,1000,1000,999,1,35.3978
44520.0000,4452,2925.2027,0.0000,999,998,1000,1,35.2742
44530.0000,4453,2925.2190,0.0000,1000,1000,999,1,35.2865
44540.0000,4454,2925.2356,0.0000,999,1000,1000,1,35.4350
44550.0000,4455,2925.2520,0.0000,1000,998,1000,1,35.3788
44560.0000,4456,2925.2682,0.0000,1000,1000,999,1,35.3909
44570.0000,4457,2925.2846,0.0000,999,998,1000,1,35.2671
44580.0000,4458,2925.3012,0.0000,1000,1000,999,1,35.3474
44590.0000,4459,2925.3174,0.0000,1000,999,1000,1,35.1562
44600.0000,4460,2925.3340,0.0000,1000,1000,1000,1,35.3046
44610.0000,4461,2925.3501,0.0000,1000,997,1000,1,35.1803
44620.0000,4462,2925.3659,0.0000,1000,1000,1000,1,35.1234
44630.0000,4463,2925.3826,0.0000,1000,999,1000,1,35.2713
44640.0000,4464,2925.3992,0.0000,999,1000,1000,1,35.1456
44650.0000,4465,2925.4156,0.0000,999,1000,999,1,35.1564
44660.0000,4466,2925.4321,0.0000,1000,1000,997,1,35.2355
44670.0000,4467,2925.4486,0.0000,1000,1000,999,1,35.1779
44680.0000,4468,2925.4650,0.0000,997,1000,999,1,35.1204
44690.0000,4469,2925.4809,0.0000,1000,1000,998,1,35.0634
44700.0000,4470,2925.4972,0.0000,1000,1000,999,1,35.1429
44710.0000,4471,2925.5136,0.0000,1000,999,1000,1,35.1537
44720.0000,4472,2925.5296,0.0000,1000,999,1000,1,35.1641
44730.0000,4473,2925.5460,0.0000,999,999,1000,1,35.1746
44740.0000,4474,2925.5624,0.0000,999,1000,1000,1,35.1168
44750.0000,4475,2925.5782,0.0000,1000,1000,1000,1,34.9904
44760.0000,4476,2925.5945,0.0000,1000,1000,1000,1,35.0009
44770.0000,4477,2925.6109,0.0000,999,998,999,1,34.8742
44780.0000,4478,2925.6268,0.0000,1000,998,1000,1,34.5428
44790.0000,4479,2925.6431,0.0000,1000,999,999,1,34.6395
44800.0000,4480,2925.6593,0.0000,1000,998,1000,1,34.5818
44810.0000,4481,2925.6750,0.0000,1000,998,1000,1,34.7290
44820.0000,4482,2925.6914,0.0000,1000,999,1000,1,34.8076
44830.0000,4483,2925.7077,0.0000,1000,1000,1000,1,34.7495
44840.0000,4484,2925.7232,0.0000,999,996,995,1,34.6231
44850.0000,4485,2925.7385,0.0000,999,1000,1000,1,34.3617
44860.0000,4486,2925.7548,0.0000,999,1000,999,1,34.3052
44870.0000,4487,2925.7708,0.0000,999,996,999,1,34.3168
44880.0000,4488,2925.7865,0.0000,999,1000,1000,1,34.2605
44890.0000,4489,2925.8027,0.0000,1000,1000,998,1,34.3400
44900.0000,4490,2925.8187,0.0000,999,1000,999,1,33.9461
44910.0000,4491,2925.8346,0.0000,1000,1000,1000,1,33.8230
44920.0000,4492,2925.8509,0.0000,1000,1000,1000,1,33.9031
44930.0000,4493,2925.8668,0.0000,1000,1000,998,1,33.5105
44940.0000,4494,2925.8829,0.0000,1000,998,999,1,33.6581
44950.0000,4495,2925.8987,0.0000,999,998,1000,1,33.6707
44960.0000,4496,2925.9144,0.0000,998,1000,1000,1,33.6830
44970.0000,4497,2925.9304,0.0000,1000,999,999,1,33.7627
44980.0000,4498,2925.9464,0.0000,999,1000,1000,1,33.6143
44990.0000,4499,2925.9623,0.0000,998,999,1000,1,33.5600
45000.0000,4500,2925.9777,0.0000,997,1000,1000,1,33.7073
45010.0000,4501,2925.9936,0.0000,999,999,997,1,33.7206
45020.0000,4502,2926.0095,0.0000,996,1000,1000,1,33.7342
45030.0000,4503,2926.0254,0.0000,1000,1000,1000,1,33.8149
45040.0000,4504,2926.0415,0.0000,1000,1000,999,1,33.9625
45050.0000,4505,2926.0578,0.0000,1000,1000,1000,1,34.0436
45060.0000,4506,2926.0739,0.0000,1000,1000,1000,1,34.1246
45070.0000,4507,2926.0900,0.0000,999,994,1000,1,33.6726
45080.0000,4508,2926.1050,0.0000,997,999,1000,1,33.7533
45090.0000,4509,2926.1206,0.0000,1000,998,996,1,33.5688
45100.0000,4510,2926.1367,0.0000,1000,1000,1000,1,33.5838
45110.0000,4511,2926.1529,0.0000,1000,1000,1000,1,33.6648
45120.0000,4512,2926.1690,0.0000,1000,1000,1000,1,33.8125
45130.0000,4513,2926.1852,0.0000,999,1000,1000,1,33.8271
45140.0000,4514,2926.2011,0.0000,999,998,1000,1,33.7089
45150.0000,4515,2926.2171,0.0000,999,999,1000,1,33.7236
45160.0000,4516,2926.2330,0.0000,999,1000,1000,1,33.6720
45170.0000,4517,2926.2485,0.0000,998,1000,1000,1,33.4878
45180.0000,4518,2926.2640,0.0000,1000,999,1000,1,33.3701
45190.0000,4519,2926.2801,0.0000,1000,1000,1000,1,33.5176
45200.0000,4520,2926.2959,0.0000,999,998,1000,1,33.2673
45210.0000,4521,2926.3116,0.0000,1000,999,999,1,33.1495
45220.0000,4522,2926.3276,0.0000,999,1000,1000,1,33.2971
45230.0000,4523,2926.3430,0.0000,999,1000,997,1,33.2457
45240.0000,4524,2926.3589,0.0000,1000,1000,999,1,33.2607
45250.0000,4525,2926.3749,0.0000,1000,998,1000,1,33.2754
45260.0000,4526,2926.3901,0.0000,999,996,999,1,32.9585
45270.0000,4527,2926.4058,0.0000,999,997,1000,1,32.9620
45280.0000,4528,2926.4215,0.0000,999,1000,1000,1,32.9873
45290.0000,4529,2926.4376,0.0000,1000,999,999,1,33.0682
45300.0000,4530,2926.4536,0.0000,1000,999,1000,1,33.0160
45310.0000,4531,2926.4695,0.0000,1000,999,1000,1,33.0301
45320.0000,4532,2926.4856,0.0000,1000,1000,999,1,33.1108
45330.0000,4533,2926.5014,0.0000,1000,1000,999,1,33.1249
45340.0000,4534,2926.5174,0.0000,999,999,999,1,33.1388
45350.0000,4535,2926.5331,0.0000,999,1000,1000,1,33.2094
45360.0000,4536,2926.5490,0.0000,998,999,999,1,33.1570
45370.0000,4537,2926.5650,0.0000,1000,999,1000,1,33.1808
45380.0000,4538,2926.5808,0.0000,1000,1000,1000,1,33.1285
45390.0000,4539,2926.5965,0.0000,1000,1000,1000,1,33.0764
45400.0000,4540,2926.6125,0.0000,1000,999,1000,1,33.2229
45410.0000,4541,2926.6281,0.0000,999,999,1000,1,33.1714
45420.0000,4542,2926.6440,0.0000,999,999,1000,1,33.3180
45430.0000,4543,2926.6599,0.0000,1000,999,999,1,33.3987
45440.0000,4544,2926.6757,0.0000,1000,1000,1000,1,33.4793
45450.0000,4545,2926.6913,0.0000,1000,998,999,1,33.4937
45460.0000,4546,2926.7071,0.0000,1000,997,1000,1,33.4419
45470.0000,4547,2926.7230,0.0000,1000,1000,1000,1,33.5883
45480.0000,4548,2926.7387,0.0000,1000,999,1000,1,33.3373
45490.0000,4549,2926.7548,0.0000,1000,1000,1000,1,33.4837
45500.0000,4550,2926.7701,0.0000,999,999,998,1,33.2985
45510.0000,4551,2926.7856,0.0000,998,997,999,1,33.3695
45520.0000,4552,2926.8007,0.0000,1000,995,1000,1,33.3837
45530.0000,4553,2926.8158,0.0000,998,998,1000,1,33.5299
45540.0000,4554,2926.8315,0.0000,1000,1000,999,1,33.6761
45550.0000,4555,2926.8473,0.0000,999,1000,999,1,33.6245
45560.0000,4556,2926.8630,0.0000,1000,1000,999,1,33.5075
45570.0000,4557,2926.8787,0.0000,1000,1000,1000,1,33.4566
45580.0000,4558,2926.8946,0.0000,999,1000,999,1,33.4712
45590.0000,4559,2926.9100,0.0000,995,999,999,1,33.4858
45600.0000,4560,2926.9244,0.0000,996,1000,1000,1,33.5005
45610.0000,4561,2926.9399,0.0000,999,998,1000,1,33.5810
45620.0000,4562,2926.9554,0.0000,1000,1000,1000,1,33.5956
45630.0000,4563,2926.9712,0.0000,998,1000,999,1,33.6106
45640.0000,4564,2926.9868,0.0000,1000,999,999,1,33.5599
45650.0000,4565,2927.0025,0.0000,1000,1000,1000,1,33.5747
45660.0000,4566,2927.0183,0.0000,1000,1000,1000,1,33.5895
45670.0000,4567,2927.0338,0.0000,1000,997,1000,1,33.4072
45680.0000,4568,2927.0494,0.0000,998,998,1000,1,33.2908
45690.0000,4569,2927.0649,0.0000,1000,1000,999,1,33.1744
45700.0000,4570,2927.0804,0.0000,999,999,1000,1,33.1242
45710.0000,4571,2927.0957,0.0000,999,997,1000,1,33.1393
45720.0000,4572,2927.1106,0.0000,998,997,999,1,33.2199
45730.0000,4573,2927.1257,0.0000,1000,1000,999,1,33.0391
45740.0000,4574,2927.1412,0.0000,997,1000,1000,1,32.9887
45750.0000,4575,2927.1564,0.0000,999,999,1000,1,32.8933
45760.0000,4576,2927.1720,0.0000,999,1000,1000,1,32.9533
45770.0000,4577,2927.1877,0.0000,1000,1000,998,1,32.9023
45780.0000,4578,2927.2035,0.0000,1000,1000,1000,1,33.1134
45790.0000,4579,2927.2190,0.0000,998,999,999,1,33.1933
45800.0000,4580,2927.2345,0.0000,1000,999,999,1,33.1421
45810.0000,4581,2927.2502,0.0000,1000,1000,999,1,33.1562
45820.0000,4582,2927.2657,0.0000,1000,997,1000,1,33.1047
45830.0000,4583,2927.2808,0.0000,998,997,999,1,32.9226
45840.0000,4584,2927.2954,0.0000,999,1000,997,1,32.7405
45850.0000,4585,2927.3104,0.0000,999,1000,998,1,32.7546
45860.0000,4586,2927.3258,0.0000,999,998,1000,1,32.7036
45870.0000,4587,2927.3413,0.0000,1000,999,1000,1,32.8491
45880.0000,4588,2927.3569,0.0000,998,1000,1000,1,32.9290
45890.0000,4589,2927.3719,0.0000,997,997,1000,1,32.9432
45900.0000,4590,2927.3873,0.0000,1000,999,998,1,32.8264
45910.0000,4591,2927.4028,0.0000,999,998,1000,1,33.0371
45920.0000,4592,2927.4184,0.0000,1000,999,1000,1,32.9857
45930.0000,4593,2927.4340,0.0000,1000,1000,1000,1,33.0654
45940.0000,4594,2927.4496,0.0000,1000,1000,1000,1,33.0791
45950.0000,4595,2927.4653,0.0000,1000,1000,1000,1,33.2895
45960.0000,4596,2927.4807,0.0000,1000,1000,999,1,33.2378
45970.0000,4597,2927.4960,0.0000,999,996,1000,1,33.1863
45980.0000,4598,2927.5107,0.0000,999,993,999,1,33.2002
45990.0000,4599,2927.5246,0.0000,1000,991,999,1,33.1491
46000.0000,4600,2927.5380,0.0000,1000,992,998,1,33.2287
46010.0000,4601,2927.5521,0.0000,998,996,997,1,33.0474
46020.0000,4602,2927.5673,0.0000,1000,1000,1000,1,33.0616
46030.0000,4603,2927.5827,0.0000,1000,1000,1000,1,33.1414
46040.0000,4604,2927.5980,0.0000,999,998,1000,1,33.0909
46050.0000,4605,2927.6132,0.0000,999,1000,1000,1,32.9767
46060.0000,4606,2927.6285,0.0000,1000,1000,999,1,32.8627
46070.0000,4607,2927.6438,0.0000,998,999,1000,1,32.6851
46080.0000,4608,2927.6590,0.0000,1000,1000,1000,1,32.6374
46090.0000,4609,2927.6743,0.0000,999,999,1000,1,32.5257
46100.0000,4610,2927.6896,0.0000,1000,1000,999,1,32.3503
46110.0000,4611,2927.7048,0.0000,1000,1000,999,1,32.3031
46120.0000,4612,2927.7201,0.0000,999,999,999,1,32.2562
46130.0000,4613,2927.7353,0.0000,1000,1000,999,1,32.0815
46140.0000,4614,2927.7505,0.0000,1000,999,997,1,31.9069
46150.0000,4615,2927.7654,0.0000,1000,1000,999,1,31.8599
46160.0000,4616,2927.7807,0.0000,1000,1000,998,1,31.8132
46170.0000,4617,2927.7959,0.0000,1000,1000,999,1,31.7671
46180.0000,4618,2927.8113,0.0000,999,997,1000,1,31.9768
46190.0000,4619,2927.8268,0.0000,1000,1000,1000,1,31.9942
46200.0000,4620,2927.8419,0.0000,1000,997,997,1,31.8841
46210.0000,4621,2927.8566,0.0000,999,998,999,1,31.9017
46220.0000,4622,2927.8719,0.0000,999,1000,1000,1,31.9836
46230.0000,4623,2927.8868,0.0000,1000,1000,1000,1,31.8102
46240.0000,4624,2927.9018,0.0000,998,998,1000,1,31.7011
46250.0000,4625,2927.9166,0.0000,1000,997,1000,1,31.5923
46260.0000,4626,2927.9319,0.0000,1000,1000,997,1,31.7051
46270.0000,4627,2927.9472,0.0000,1000,998,1000,1,31.6601
46280.0000,4628,2927.9622,0.0000,999,998,1000,1,31.6471
46290.0000,4629,2927.9775,0.0000,1000,999,1000,1,31.8563
46300.0000,4630,2927.9927,0.0000,1000,999,999,1,31.7476
46310.0000,4631,2928.0079,0.0000,998,1000,1000,1,31.7024
46320.0000,4632,2928.0227,0.0000,998,999,1000,1,31.7845
46330.0000,4633,2928.0373,0.0000,1000,995,1000,1,31.6763
46340.0000,4634,2928.0522,0.0000,1000,1000,1000,1,31.6322
46350.0000,4635,2928.0674,0.0000,999,1000,1000,1,31.6511
46360.0000,4636,2928.0827,0.0000,1000,1000,1000,1,31.6695
46370.0000,4637,2928.0978,0.0000,999,1000,1000,1,31.6879
46380.0000,4638,2928.1125,0.0000,1000,1000,997,1,31.5159
46390.0000,4639,2928.1274,0.0000,1000,996,997,1,31.6692
46400.0000,4640,2928.1417,0.0000,1000,999,999,1,31.8779
46410.0000,4641,2928.1564,0.0000,1000,998,1000,1,31.9595
46420.0000,4642,2928.1710,0.0000,999,1000,999,1,31.9142
46430.0000,4643,2928.1858,0.0000,995,1000,1000,1,31.7415
46440.0000,4644,2928.2005,0.0000,1000,1000,1000,1,31.8225
46450.0000,4645,2928.2156,0.0000,999,1000,1000,1,31.7142
46460.0000,4646,2928.2308,0.0000,998,1000,998,1,31.6063
46470.0000,4647,2928.2458,0.0000,1000,1000,1000,1,31.6248
46480.0000,4648,2928.2611,0.0000,1000,996,999,1,31.7066
46490.0000,4649,2928.2755,0.0000,1000,1000,999,1,31.4109
46500.0000,4650,2928.2904,0.0000,997,1000,997,1,31.1789
46510.0000,4651,2928.3054,0.0000,1000,1000,1000,1,31.1888
46520.0000,4652,2928.3205,0.0000,1000,1000,999,1,31.2080
46530.0000,4653,2928.3357,0.0000,999,1000,1000,1,31.1016
46540.0000,4654,2928.3498,0.0000,999,999,996,1,30.9560
46550.0000,4655,2928.3646,0.0000,1000,999,999,1,31.0243
46560.0000,4656,2928.3796,0.0000,1000,1000,1000,1,30.9698
46570.0000,4657,2928.3947,0.0000,999,1000,1000,1,30.9893
46580.0000,4658,2928.4100,0.0000,1000,998,1000,1,31.1344
46590.0000,4659,2928.4250,0.0000,1000,1000,1000,1,31.2163
46600.0000,4660,2928.4402,0.0000,998,1000,1000,1,31.2347
46610.0000,4661,2928.4551,0.0000,1000,999,1000,1,31.3163
46620.0000,4662,2928.4697,0.0000,1000,999,999,1,31.3350
46630.0000,4663,2928.4844,0.0000,999,1000,999,1,31.0379
46640.0000,4664,2928.4990,0.0000,999,999,1000,1,31.1825
46650.0000,4665,2928.5139,0.0000,997,999,1000,1,31.3902
46660.0000,4666,2928.5287,0.0000,1000,997,998,1,31.4080
46670.0000,4667,2928.5424,0.0000,997,997,1000,1,31.5524
46680.0000,4668,2928.5570,0.0000,999,1000,1000,1,31.5701
46690.0000,4669,2928.5720,0.0000,999,999,1000,1,31.7142
46700.0000,4670,2928.5869,0.0000,997,1000,1000,1,31.7950
46710.0000,4671,2928.6019,0.0000,1000,999,1000,1,31.8758
46720.0000,4672,2928.6170,0.0000,999,1000,999,1,32.0196
46730.0000,4673,2928.6321,0.0000,1000,1000,1000,1,32.0996
46740.0000,4674,2928.6467,0.0000,998,1000,1000,1,32.1156
46750.0000,4675,2928.6617,0.0000,1000,1000,1000,1,32.1318
46760.0000,4676,2928.6766,0.0000,1000,999,999,1,32.0203
46770.0000,4677,2928.6913,0.0000,1000,1000,1000,1,32.0364
46780.0000,4678,2928.7063,0.0000,1000,999,998,1,32.0527
46790.0000,4679,2928.7209,0.0000,999,1000,998,1,32.0053
46800.0000,4680,2928.7355,0.0000,998,999,999,1,32.0222
46810.0000,4681,2928.7503,0.0000,1000,1000,1000,1,32.1024
46820.0000,4682,2928.7653,0.0000,1000,1000,1000,1,32.2457
46830.0000,4683,2928.7802,0.0000,999,999,998,1,32.1986
46840.0000,4684,2928.7950,0.0000,1000,1000,999,1,32.2152
46850.0000,4685,2928.8098,0.0000,999,998,1000,1,32.2951
46860.0000,4686,2928.8244,0.0000,1000,997,999,1,32.1217
46870.0000,4687,2928.8390,0.0000,999,999,1000,1,32.0750
46880.0000,4688,2928.8532,0.0000,999,999,995,1,31.7120
46890.0000,4689,2928.8672,0.0000,1000,999,998,1,31.5384
46900.0000,4690,2928.8821,0.0000,1000,1000,999,1,31.4917
46910.0000,4691,2928.8969,0.0000,997,1000,999,1,31.5717
46920.0000,4692,2928.9113,0.0000,1000,1000,1000,1,31.5257
46930.0000,4693,2928.9261,0.0000,1000,1000,1000,1,31.6059
46940.0000,4694,2928.9410,0.0000,1000,999,1000,1,31.6859
46950.0000,4695,2928.9559,0.0000,1000,997,1000,1,31.7025
46960.0000,4696,2928.9702,0.0000,1000,994,1000,1,31.7191
46970.0000,4697,2928.9846,0.0000,999,1000,996,1,31.6724
46980.0000,4698,2928.9993,0.0000,1000,1000,1000,1,31.7519
46990.0000,4699,2929.0143,0.0000,1000,1000,1000,1,31.7682
47000.0000,4700,2929.0290,0.0000,1000,1000,997,1,31.4691
47010.0000,4701,2929.0429,0.0000,1000,998,1000,1,31.4402
47020.0000,4702,2929.0574,0.0000,1000,1000,1000,1,31.5023
47030.0000,4703,2929.0723,0.0000,999,998,997,1,31.4740
47040.0000,4704,2929.0868,0.0000,996,1000,1000,1,31.4736
47050.0000,4705,2929.1013,0.0000,1000,1000,999,1,31.4912
47060.0000,4706,2929.1162,0.0000,1000,999,1000,1,31.6344
47070.0000,4707,2929.1310,0.0000,1000,999,1000,1,31.5264
47080.0000,4708,2929.1457,0.0000,999,1000,1000,1,31.6694
47090.0000,4709,2929.1605,0.0000,999,1000,999,1,31.6237
47100.0000,4710,2929.1752,0.0000,998,998,998,1,31.5156
47110.0000,4711,2929.1897,0.0000,999,999,1000,1,31.5959
47120.0000,4712,2929.2044,0.0000,1000,999,1000,1,31.5511
47130.0000,4713,2929.2189,0.0000,998,999,1000,1,31.6315
47140.0000,4714,2929.2334,0.0000,999,999,1000,1,31.6490
47150.0000,4715,2929.2481,0.0000,999,1000,997,1,31.4174
47160.0000,4716,2929.2625,0.0000,998,1000,1000,1,31.5601
47170.0000,4717,2929.2774,0.0000,1000,1000,1000,1,31.6405
47180.0000,4718,2929.2921,0.0000,1000,1000,998,1,31.4874
47190.0000,4719,2929.3063,0.0000,999,998,995,1,31.4432
47200.0000,4720,2929.3202,0.0000,1000,1000,998,1,31.3375
47210.0000,4721,2929.3347,0.0000,1000,1000,999,1,31.2757
47220.0000,4722,2929.3495,0.0000,999,1000,1000,1,31.2318
47230.0000,4723,2929.3642,0.0000,1000,1000,1000,1,31.2504
47240.0000,4724,2929.3788,0.0000,999,1000,1000,1,31.2687
47250.0000,4725,2929.3932,0.0000,1000,1000,1000,1,31.3105
47260.0000,4726,2929.4079,0.0000,1000,1000,1000,1,31.5155
47270.0000,4727,2929.4226,0.0000,998,1000,1000,1,31.5955
47280.0000,4728,2929.4374,0.0000,1000,1000,998,1,31.8003
47290.0000,4729,2929.4515,0.0000,998,999,996,1,31.8801
47300.0000,4730,2929.4657,0.0000,999,1000,996,1,32.0222
47310.0000,4731,2929.4799,0.0000,1000,1000,996,1,32.0396
47320.0000,4732,2929.4942,0.0000,1000,999,999,1,31.8070
47330.0000,4733,2929.5083,0.0000,999,1000,1000,1,31.8240
47340.0000,4734,2929.5229,0.0000,999,998,999,1,31.7791
47350.0000,4735,2929.5373,0.0000,1000,1000,996,1,31.8589
47360.0000,4736,2929.5512,0.0000,1000,999,997,1,32.0010
47370.0000,4737,2929.5656,0.0000,998,1000,1000,1,32.2054
47380.0000,4738,2929.5801,0.0000,999,1000,999,1,32.0358
47390.0000,4739,2929.5941,0.0000,995,1000,1000,1,32.0534
47400.0000,4740,2929.6085,0.0000,998,1000,1000,1,32.1334
47410.0000,4741,2929.6231,0.0000,1000,1000,1000,1,32.2755
47420.0000,4742,2929.6375,0.0000,999,1000,997,1,32.1692
47430.0000,4743,2929.6518,0.0000,1000,999,1000,1,32.2493
47440.0000,4744,2929.6662,0.0000,1000,1000,1000,1,32.2672
47450.0000,4745,2929.6808,0.0000,1000,1000,997,1,32.2849
47460.0000,4746,2929.6953,0.0000,1000,1000,1000,1,32.3645
47470.0000,4747,2929.7099,0.0000,999,1000,999,1,32.3198
47480.0000,4748,2929.7243,0.0000,1000,1000,1000,1,32.3372
47490.0000,4749,2929.7390,0.0000,999,999,999,1,32.3546
47500.0000,4750,2929.7526,0.0000,998,1000,998,1,32.2482
47510.0000,4751,2929.7670,0.0000,1000,1000,1000,1,32.3280
47520.0000,4752,2929.7817,0.0000,998,998,1000,1,32.2836
47530.0000,4753,2929.7956,0.0000,1000,997,997,1,32.1152
47540.0000,4754,2929.8092,0.0000,996,998,999,1,32.1324
47550.0000,4755,2929.8237,0.0000,1000,1000,1000,1,32.2740
47560.0000,4756,2929.8382,0.0000,1000,999,1000,1,32.2301
47570.0000,4757,2929.8520,0.0000,1000,994,999,1,31.8153
47580.0000,4758,2929.8662,0.0000,999,1000,1000,1,31.8336
47590.0000,4759,2929.8802,0.0000,1000,999,999,1,31.6685
47600.0000,4760,2929.8945,0.0000,1000,1000,1000,1,31.6266
47610.0000,4761,2929.9091,0.0000,1000,1000,1000,1,31.7686
47620.0000,4762,2929.9237,0.0000,998,1000,1000,1,31.7874
47630.0000,4763,2929.9382,0.0000,1000,1000,1000,1,31.8676
47640.0000,4764,2929.9527,0.0000,999,1000,999,1,32.0092
47650.0000,4765,2929.9670,0.0000,999,998,1000,1,31.9049
47660.0000,4766,2929.9813,0.0000,1000,1000,999,1,31.8622
47670.0000,4767,2929.9950,0.0000,999,998,1000,1,31.7582
47680.0000,4768,2930.0090,0.0000,998,997,999,1,31.7766
47690.0000,4769,2930.0231,0.0000,1000,999,1000,1,31.7337
47700.0000,4770,2930.0373,0.0000,1000,995,1000,1,31.3848
47710.0000,4771,2930.0507,0.0000,1000,996,1000,1,31.3316
47720.0000,4772,2930.0644,0.0000,1000,996,998,1,31.3507
47730.0000,4773,2930.0780,0.0000,1000,995,1000,1,31.4311
47740.0000,4774,2930.0917,0.0000,999,999,1000,1,31.4506
47750.0000,4775,2930.1060,0.0000,1000,1000,1000,1,31.5922
47760.0000,4776,2930.1205,0.0000,1000,999,1000,1,31.4888
47770.0000,4777,2930.1342,0.0000,1000,996,999,1,31.4467
47780.0000,4778,2930.1475,0.0000,996,996,1000,1,31.2817
47790.0000,4779,2930.1614,0.0000,1000,1000,999,1,31.2394
47800.0000,4780,2930.1757,0.0000,1000,1000,1000,1,31.3197
47810.0000,4781,2930.1899,0.0000,999,997,998,1,31.1552
47820.0000,4782,2930.2034,0.0000,997,1000,997,1,31.0520
47830.0000,4783,2930.2176,0.0000,999,998,1000,1,30.8265
47840.0000,4784,2930.2319,0.0000,999,1000,997,1,30.9066
47850.0000,4785,2930.2459,0.0000,1000,1000,1000,1,30.8032
47860.0000,4786,2930.2602,0.0000,999,999,1000,1,30.6384
47870.0000,4787,2930.2744,0.0000,1000,1000,1000,1,30.6575
47880.0000,4788,2930.2887,0.0000,1000,1000,1000,1,30.8600
47890.0000,4789,2930.3024,0.0000,999,996,1000,1,30.6958
47900.0000,4790,2930.3164,0.0000,997,1000,1000,1,30.4184
47910.0000,4791,2930.3304,0.0000,1000,1000,998,1,30.5598
47920.0000,4792,2930.3447,0.0000,1000,1000,1000,1,30.5796
47930.0000,4793,2930.3587,0.0000,997,1000,1000,1,30.6602
47940.0000,4794,2930.3725,0.0000,999,998,1000,1,30.6795
47950.0000,4795,2930.3866,0.0000,1000,1000,997,1,30.7598
47960.0000,4796,2930.4007,0.0000,1000,1000,1000,1,30.8402
47970.0000,4797,2930.4150,0.0000,999,1000,999,1,30.9813
47980.0000,4798,2930.4287,0.0000,999,999,995,1,31.0005
47990.0000,4799,2930.4425,0.0000,1000,1000,999,1,30.8983
48000.0000,4800,2930.4565,0.0000,1000,999,1000,1,30.7352
48010.0000,4801,2930.4707,0.0000,998,998,1000,1,30.8152
48020.0000,4802,2930.4847,0.0000,1000,999,1000,1,30.7729
48030.0000,4803,2930.4988,0.0000,999,1000,1000,1,30.6701
48040.0000,4804,2930.5130,0.0000,997,1000,1000,1,30.8111
48050.0000,4805,2930.5266,0.0000,1000,999,999,1,30.5276
48060.0000,4806,2930.5410,0.0000,1000,1000,1000,1,30.7293
48070.0000,4807,2930.5550,0.0000,999,1000,1000,1,30.7489
48080.0000,4808,2930.5692,0.0000,1000,1000,999,1,30.7684
48090.0000,4809,2930.5835,0.0000,1000,998,1000,1,30.7265
48100.0000,4810,2930.5974,0.0000,999,1000,1000,1,30.6845
48110.0000,4811,2930.6117,0.0000,1000,1000,1000,1,30.6424
48120.0000,4812,2930.6260,0.0000,1000,1000,1000,1,30.6615
48130.0000,4813,2930.6403,0.0000,1000,998,1000,1,30.6194
48140.0000,4814,2930.6544,0.0000,998,998,1000,1,30.5162
48150.0000,4815,2930.6680,0.0000,1000,1000,998,1,30.4744
48160.0000,4816,2930.6820,0.0000,999,1000,1000,1,30.4935
48170.0000,4817,2930.6959,0.0000,998,999,1000,1,30.5126
48180.0000,4818,2930.7100,0.0000,1000,998,1000,1,30.2895
48190.0000,4819,2930.7241,0.0000,1000,999,999,1,30.1877
48200.0000,4820,2930.7380,0.0000,1000,1000,1000,1,30.2678
48210.0000,4821,2930.7523,0.0000,1000,999,1000,1,30.3474
48220.0000,4822,2930.7664,0.0000,1000,1000,1000,1,30.3664
48230.0000,4823,2930.7802,0.0000,999,998,999,1,30.2640
48240.0000,4824,2930.7941,0.0000,999,998,1000,1,30.2452
48250.0000,4825,2930.8081,0.0000,1000,1000,1000,1,30.3857
48260.0000,4826,2930.8222,0.0000,1000,998,1000,1,30.3444
48270.0000,4827,2930.8358,0.0000,999,998,997,1,30.2431
48280.0000,4828,2930.8497,0.0000,999,1000,999,1,30.2398
48290.0000,4829,2930.8635,0.0000,999,998,1000,1,29.9816
48300.0000,4830,2930.8775,0.0000,1000,1000,999,1,30.0397
48310.0000,4831,2930.8916,0.0000,999,1000,998,1,30.1806
48320.0000,4832,2930.9055,0.0000,999,1000,999,1,30.2009
48330.0000,4833,2930.9194,0.0000,999,1000,1000,1,30.2814
48340.0000,4834,2930.9333,0.0000,1000,1000,999,1,30.3020
48350.0000,4835,2930.9474,0.0000,1000,1000,998,1,30.3228
48360.0000,4836,2930.9614,0.0000,1000,998,1000,1,30.3436
48370.0000,4837,2930.9753,0.0000,999,997,1000,1,30.1846
48380.0000,4838,2930.9892,0.0000,999,1000,1000,1,30.2650
48390.0000,4839,2931.0029,0.0000,999,999,998,1,30.1661
48400.0000,4840,2931.0162,0.0000,998,1000,1000,1,30.2094
48410.0000,4841,2931.0301,0.0000,1000,1000,1000,1,30.1705
48420.0000,4842,2931.0440,0.0000,999,998,1000,1,30.3110
48430.0000,4843,2931.0580,0.0000,1000,1000,999,1,30.4513
48440.0000,4844,2931.0719,0.0000,1000,999,1000,1,30.6515
48450.0000,4845,2931.0858,0.0000,1000,1000,999,1,30.6715
48460.0000,4846,2931.0998,0.0000,1000,1000,999,1,30.6916
48470.0000,4847,2931.1138,0.0000,999,1000,1000,1,30.6517
48480.0000,4848,2931.1275,0.0000,1000,998,997,1,30.4917
48490.0000,4849,2931.1407,0.0000,999,998,996,1,30.3322
48500.0000,4850,2931.1542,0.0000,999,998,1000,1,30.4719
48510.0000,4851,2931.1682,0.0000,1000,999,999,1,30.6118
48520.0000,4852,2931.1822,0.0000,1000,1000,999,1,30.6319
48530.0000,4853,2931.1961,0.0000,999,1000,1000,1,30.8316
48540.0000,4854,2931.2101,0.0000,1000,1000,999,1,30.7315
48550.0000,4855,2931.2236,0.0000,998,1000,999,1,30.7514
48560.0000,4856,2931.2376,0.0000,1000,1000,1000,1,30.8912
48570.0000,4857,2931.2514,0.0000,1000,1000,999,1,30.7909
48580.0000,4858,2931.2654,0.0000,1000,1000,1000,1,30.6907
48590.0000,4859,2931.2791,0.0000,999,1000,998,1,30.7101
48600.0000,4860,2931.2927,0.0000,999,1000,1000,1,30.6694
48610.0000,4861,2931.3065,0.0000,1000,999,1000,1,30.6888
48620.0000,4862,2931.3203,0.0000,1000,1000,1000,1,30.5881
48630.0000,4863,2931.3337,0.0000,999,998,1000,1,30.6073
48640.0000,4864,2931.3477,0.0000,1000,999,999,1,30.7465
48650.0000,4865,2931.3615,0.0000,1000,1000,1000,1,30.8254
48660.0000,4866,2931.3754,0.0000,1000,1000,1000,1,30.9042
48670.0000,4867,2931.3892,0.0000,1000,999,999,1,30.7416
48680.0000,4868,2931.4030,0.0000,999,1000,999,1,30.7957
48690.0000,4869,2931.4169,0.0000,999,999,1000,1,30.7778
48700.0000,4870,2931.4304,0.0000,1000,1000,1000,1,30.7358
48710.0000,4871,2931.4438,0.0000,997,1000,1000,1,30.7545
48720.0000,4872,2931.4572,0.0000,999,1000,999,1,30.6535
48730.0000,4873,2931.4708,0.0000,1000,998,998,1,30.5529
48740.0000,4874,2931.4844,0.0000,1000,999,1000,1,30.5721
48750.0000,4875,2931.4976,0.0000,997,997,1000,1,30.5314
48760.0000,4876,2931.5109,0.0000,998,1000,1000,1,30.4907
48770.0000,4877,2931.5244,0.0000,999,1000,997,1,30.4496
48780.0000,4878,2931.5376,0.0000,1000,999,999,1,30.3487
48790.0000,4879,2931.5514,0.0000,999,1000,1000,1,30.4875
48800.0000,4880,2931.5651,0.0000,999,1000,1000,1,30.5063
48810.0000,4881,2931.5788,0.0000,999,1000,1000,1,30.5851
48820.0000,4882,2931.5919,0.0000,996,1000,1000,1,30.5440
48830.0000,4883,2931.6051,0.0000,1000,997,999,1,30.4438
48840.0000,4884,2931.6185,0.0000,1000,999,1000,1,30.5228
48850.0000,4885,2931.6321,0.0000,997,999,999,1,30.6020
48860.0000,4886,2931.6454,0.0000,1000,997,1000,1,30.5621
48870.0000,4887,2931.6590,0.0000,1000,998,1000,1,30.7010
48880.0000,4888,2931.6722,0.0000,997,998,1000,1,30.6016
48890.0000,4889,2931.6855,0.0000,998,999,998,1,30.6213
48900.0000,4890,2931.6987,0.0000,999,998,1000,1,30.6409
48910.0000,4891,2931.7117,0.0000,1000,996,998,1,30.6606
48920.0000,4892,2931.7247,0.0000,998,997,999,1,30.5614
48930.0000,4893,2931.7383,0.0000,999,999,1000,1,30.6404
48940.0000,4894,2931.7521,0.0000,1000,999,1000,1,30.6597
48950.0000,4895,2931.7656,0.0000,1000,998,999,1,30.6195
48960.0000,4896,2931.7789,0.0000,998,999,999,1,30.5202
48970.0000,4897,2931.7925,0.0000,1000,1000,997,1,30.4800
48980.0000,4898,2931.8062,0.0000,999,999,1000,1,30.6184
48990.0000,4899,2931.8194,0.0000,1000,1000,1000,1,30.4580
49000.0000,4900,2931.8332,0.0000,999,1000,1000,1,30.5962
49010.0000,4901,2931.8468,0.0000,1000,1000,999,1,30.5548
49020.0000,4902,2931.8604,0.0000,999,1000,1000,1,30.6926
49030.0000,4903,2931.8738,0.0000,999,1000,997,1,30.5309
49040.0000,4904,2931.8871,0.0000,997,1000,996,1,30.4885
49050.0000,4905,2931.9002,0.0000,997,998,997,1,30.2074
49060.0000,4906,2931.9126,0.0000,1000,1000,998,1,30.1656
49070.0000,4907,2931.9262,0.0000,1000,1000,1000,1,30.0643
49080.0000,4908,2931.9397,0.0000,1000,1000,999,1,29.7844
49090.0000,4909,2931.9533,0.0000,1000,999,1000,1,29.7435
49100.0000,4910,2931.9668,0.0000,1000,1000,1000,1,29.7622
49110.0000,4911,2931.9803,0.0000,1000,1000,1000,1,29.7812
49120.0000,4912,2931.9939,0.0000,1000,1000,1000,1,29.8599
49130.0000,4913,2932.0077,0.0000,999,1000,999,1,29.7603
49140.0000,4914,2932.0214,0.0000,1000,1000,1000,1,29.7792
49150.0000,4915,2932.0349,0.0000,998,1000,1000,1,29.7387
49160.0000,4916,2932.0483,0.0000,1000,1000,1000,1,29.7574
49170.0000,4917,2932.0620,0.0000,1000,1000,1000,1,29.8252
49180.0000,4918,2932.0755,0.0000,998,999,998,1,29.8433
49190.0000,4919,2932.0885,0.0000,1000,999,1000,1,29.7422
49200.0000,4920,2932.1018,0.0000,999,998,999,1,29.7014
49210.0000,4921,2932.1152,0.0000,1000,1000,1000,1,29.6711
49220.0000,4922,2932.1283,0.0000,999,999,1000,1,29.6308
49230.0000,4923,2932.1418,0.0000,1000,999,999,1,29.5312
49240.0000,4924,2932.1551,0.0000,999,996,999,1,29.5503
49250.0000,4925,2932.1685,0.0000,999,999,1000,1,29.5103
49260.0000,4926,2932.1819,0.0000,1000,999,1000,1,29.4702
49270.0000,4927,2932.1955,0.0000,1000,999,1000,1,29.5485
49280.0000,4928,2932.2091,0.0000,1000,1000,1000,1,29.6268
49290.0000,4929,2932.2222,0.0000,1000,998,999,1,29.5272
49300.0000,4930,2932.2356,0.0000,1000,1000,998,1,29.3427
49310.0000,4931,2932.2489,0.0000,1000,1000,998,1,29.5396
49320.0000,4932,2932.2619,0.0000,999,994,1000,1,29.6772
49330.0000,4933,2932.2749,0.0000,1000,1000,998,1,29.8147
49340.0000,4934,2932.2884,0.0000,1000,999,1000,1,29.8928
49350.0000,4935,2932.3019,0.0000,1000,1000,1000,1,29.9707
49360.0000,4936,2932.3150,0.0000,999,997,1000,1,30.0486
49370.0000,4937,2932.3280,0.0000,1000,1000,1000,1,29.8889
49380.0000,4938,2932.3411,0.0000,998,1000,1000,1,29.7297
49390.0000,4939,2932.3541,0.0000,1000,1000,1000,1,29.8070
49400.0000,4940,2932.3674,0.0000,998,999,1000,1,29.6475
49410.0000,4941,2932.3807,0.0000,1000,999,998,1,29.7255
49420.0000,4942,2932.3939,0.0000,999,1000,1000,1,29.6846
49430.0000,4943,2932.4075,0.0000,1000,1000,1000,1,29.7029
49440.0000,4944,2932.4210,0.0000,1000,1000,999,1,29.7206
49450.0000,4945,2932.4342,0.0000,1000,1000,999,1,29.6191
49460.0000,4946,2932.4476,0.0000,997,1000,1000,1,29.6667
49470.0000,4947,2932.4608,0.0000,1000,1000,999,1,29.4748
49480.0000,4948,2932.4741,0.0000,998,1000,998,1,29.4637
49490.0000,4949,2932.4874,0.0000,1000,999,1000,1,29.6003
49500.0000,4950,2932.5008,0.0000,1000,1000,997,1,29.5277
49510.0000,4951,2932.5140,0.0000,998,999,1000,1,29.5748
49520.0000,4952,2932.5271,0.0000,1000,1000,1000,1,29.4722
49530.0000,4953,2932.5403,0.0000,1000,999,997,1,29.3713
49540.0000,4954,2932.5532,0.0000,996,1000,1000,1,29.4486
49550.0000,4955,2932.5659,0.0000,997,999,1000,1,29.4668
49560.0000,4956,2932.5793,0.0000,999,1000,1000,1,29.4850
49570.0000,4957,2932.5924,0.0000,1000,1000,999,1,29.3251
49580.0000,4958,2932.6058,0.0000,999,999,1000,1,29.4617
49590.0000,4959,2932.6190,0.0000,997,1000,999,1,29.4802
49600.0000,4960,2932.6322,0.0000,999,999,1000,1,29.4400
49610.0000,4961,2932.6452,0.0000,997,1000,1000,1,29.5767
49620.0000,4962,2932.6578,0.0000,998,997,1000,1,29.5959
49630.0000,4963,2932.6711,0.0000,1000,999,999,1,29.6741
49640.0000,4964,2932.6841,0.0000,997,1000,1000,1,29.5191
49650.0000,4965,2932.6972,0.0000,1000,998,1000,1,29.5396
49660.0000,4966,2932.7104,0.0000,1000,998,1000,1,29.5018
49670.0000,4967,2932.7236,0.0000,1000,1000,1000,1,29.4639
49680.0000,4968,2932.7364,0.0000,1000,999,998,1,29.3103
49690.0000,4969,2932.7497,0.0000,999,1000,1000,1,29.5056
49700.0000,4970,2932.7628,0.0000,1000,1000,1000,1,29.3518
49710.0000,4971,2932.7759,0.0000,999,999,1000,1,29.4890
49720.0000,4972,2932.7892,0.0000,999,1000,999,1,29.5681
49730.0000,4973,2932.8022,0.0000,999,1000,1000,1,29.5888
49740.0000,4974,2932.8154,0.0000,1000,1000,1000,1,29.6097
49750.0000,4975,2932.8288,0.0000,999,999,1000,1,29.6303
49760.0000,4976,2932.8419,0.0000,998,997,999,1,29.5343
49770.0000,4977,2932.8547,0.0000,999,1000,999,1,29.6128
49780.0000,4978,2932.8676,0.0000,1000,997,1000,1,29.5744
49790.0000,4979,2932.8803,0.0000,1000,1000,996,1,29.3029
49800.0000,4980,2932.8930,0.0000,998,1000,1000,1,29.2058
49810.0000,4981,2932.9063,0.0000,1000,1000,1000,1,29.2258
49820.0000,4982,2932.9191,0.0000,996,998,999,1,29.1877
49830.0000,4983,2932.9313,0.0000,996,1000,1000,1,29.2078
49840.0000,4984,2932.9445,0.0000,1000,1000,1000,1,29.2861
49850.0000,4985,2932.9578,0.0000,1000,1000,1000,1,29.3643
49860.0000,4986,2932.9705,0.0000,999,999,1000,1,29.5007
49870.0000,4987,2932.9835,0.0000,1000,999,1000,1,29.5204
49880.0000,4988,2932.9966,0.0000,1000,1000,999,1,29.5403
49890.0000,4989,2933.0097,0.0000,999,1000,1000,1,29.3855
49900.0000,4990,2933.0229,0.0000,999,1000,1000,1,29.2891
49910.0000,4991,2933.0360,0.0000,1000,1000,998,1,29.3092
49920.0000,4992,2933.0484,0.0000,1000,1000,995,1,29.2701
49930.0000,4993,2933.0612,0.0000,1000,999,1000,1,29.4059
49940.0000,4994,2933.0742,0.0000,1000,999,998,1,29.3298
49950.0000,4995,2933.0868,0.0000,993,1000,1000,1,29.2700
49960.0000,4996,2933.0989,0.0000,997,999,998,1,29.2898
49970.0000,4997,2933.1117,0.0000,1000,998,1000,1,29.2516
49980.0000,4998,2933.1249,0.0000,1000,999,1000,1,29.3297
49990.0000,4999,2933.1381,0.0000,1000,1000,999,1,29.2919
50000.0000,5000,2933.1513,0.0000,1000,1000,1000,1,29.2542
50010.0000,5001,2933.1644,0.0000,999,999,1000,1,29.2741
50020.0000,5002,2933.1773,0.0000,1000,999,999,1,29.2941
50030.0000,5003,2933.1899,0.0000,1000,998,1000,1,29.1988
50040.0000,5004,2933.2031,0.0000,999,1000,1000,1,29.3350
50050.0000,5005,2933.2164,0.0000,999,1000,1000,1,29.3550
50060.0000,5006,2933.2294,0.0000,1000,999,1000,1,29.3170
50070.0000,5007,2933.2420,0.0000,1000,1000,997,1,29.0661
50080.0000,5008,2933.2548,0.0000,999,1000,1000,1,29.0683
50090.0000,5009,2933.2680,0.0000,1000,999,999,1,29.1071
50100.0000,5010,2933.2809,0.0000,999,1000,996,1,28.9537
50110.0000,5011,2933.2934,0.0000,997,1000,999,1,28.8399
50120.0000,5012,2933.3063,0.0000,1000,999,1000,1,28.9180
50130.0000,5013,2933.3194,0.0000,999,1000,1000,1,28.9384
50140.0000,5014,2933.3323,0.0000,998,1000,999,1,28.9010
50150.0000,5015,2933.3453,0.0000,1000,1000,998,1,29.0783
50160.0000,5016,2933.3584,0.0000,1000,1000,999,1,29.2142
50170.0000,5017,2933.3716,0.0000,998,1000,1000,1,29.3499
50180.0000,5018,2933.3846,0.0000,1000,1000,999,1,29.4856
50190.0000,5019,2933.3977,0.0000,1000,1000,996,1,29.6213
50200.0000,5020,2933.4104,0.0000,1000,1000,998,1,29.7569
50210.0000,5021,2933.4234,0.0000,999,999,1000,1,29.7190
50220.0000,5022,2933.4361,0.0000,1000,1000,999,1,29.5660
50230.0000,5023,2933.4489,0.0000,1000,1000,1000,1,29.5859
50240.0000,5024,2933.4620,0.0000,1000,1000,1000,1,29.6635
50250.0000,5025,2933.4748,0.0000,1000,1000,998,1,29.6256
50260.0000,5026,2933.4869,0.0000,1000,1000,995,1,29.7611
50270.0000,5027,2933.4988,0.0000,998,999,997,1,29.8389
50280.0000,5028,2933.5115,0.0000,1000,999,1000,1,29.8013
50290.0000,5029,2933.5245,0.0000,1000,1000,1000,1,29.8213
50300.0000,5030,2933.5376,0.0000,1000,1000,1000,1,29.8987
50310.0000,5031,2933.5505,0.0000,1000,1000,1000,1,30.0339
50320.0000,5032,2933.5633,0.0000,999,999,999,1,29.9385
50330.0000,5033,2933.5760,0.0000,1000,999,999,1,29.9585
50340.0000,5034,2933.5888,0.0000,1000,1000,999,1,29.8637
50350.0000,5035,2933.6019,0.0000,1000,1000,1000,1,29.9990
50360.0000,5036,2933.6149,0.0000,999,999,999,1,30.0766
50370.0000,5037,2933.6278,0.0000,1000,1000,1000,1,30.0391
50380.0000,5038,2933.6407,0.0000,1000,1000,999,1,30.0020
50390.0000,5039,2933.6535,0.0000,1000,1000,1000,1,29.9076
50400.0000,5040,2933.6666,0.0000,999,999,1000,1,30.0425
50410.0000,5041,2933.6795,0.0000,1000,1000,1000,1,30.1772
50420.0000,5042,2933.6923,0.0000,1000,999,999,1,30.1969
50430.0000,5043,2933.7051,0.0000,1000,1000,997,1,30.1017
50440.0000,5044,2933.7180,0.0000,1000,999,1000,1,30.1214
50450.0000,5045,2933.7307,0.0000,995,1000,999,1,30.1409
50460.0000,5046,2933.7434,0.0000,1000,999,999,1,30.1027
50470.0000,5047,2933.7562,0.0000,1000,1000,1000,1,30.0649
50480.0000,5048,2933.7690,0.0000,1000,998,1000,1,30.0267
50490.0000,5049,2933.7815,0.0000,1000,1000,999,1,29.8726
50500.0000,5050,2933.7944,0.0000,1000,1000,1000,1,29.9494
50510.0000,5051,2933.8074,0.0000,1000,999,1000,1,29.7948
50520.0000,5052,2933.8201,0.0000,997,1000,1000,1,29.8137
50530.0000,5053,2933.8330,0.0000,1000,1000,999,1,29.8331
50540.0000,5054,2933.8454,0.0000,999,999,995,1,29.8525
50550.0000,5055,2933.8581,0.0000,999,1000,1000,1,30.0444
50560.0000,5056,2933.8710,0.0000,998,999,1000,1,29.9485
50570.0000,5057,2933.8835,0.0000,999,1000,1000,1,29.9677
50580.0000,5058,2933.8965,0.0000,999,1000,1000,1,30.0442
50590.0000,5059,2933.9094,0.0000,1000,1000,1000,1,30.0629
50600.0000,5060,2933.9222,0.0000,1000,999,999,1,30.0241
50610.0000,5061,2933.9347,0.0000,1000,997,1000,1,29.9273
50620.0000,5062,2933.9472,0.0000,1000,1000,1000,1,29.9458
50630.0000,5063,2933.9598,0.0000,1000,998,1000,1,29.6758
50640.0000,5064,2933.9719,0.0000,998,996,1000,1,29.5640
50650.0000,5065,2933.9835,0.0000,1000,1000,997,1,29.6976
50660.0000,5066,2933.9962,0.0000,1000,1000,1000,1,29.7738
50670.0000,5067,2934.0090,0.0000,1000,998,1000,1,29.9075
50680.0000,5068,2934.0214,0.0000,998,1000,999,1,29.5809
50690.0000,5069,2934.0339,0.0000,1000,999,1000,1,29.5995
50700.0000,5070,2934.0468,0.0000,999,1000,1000,1,29.6758
50710.0000,5071,2934.0596,0.0000,999,1000,999,1,29.5791
50720.0000,5072,2934.0725,0.0000,999,1000,1000,1,29.7126
50730.0000,5073,2934.0851,0.0000,1000,997,997,1,29.7884
50740.0000,5074,2934.0974,0.0000,999,999,999,1,29.7486
50750.0000,5075,2934.1100,0.0000,1000,998,1000,1,29.7084
50760.0000,5076,2934.1226,0.0000,1000,1000,1000,1,29.6104
50770.0000,5077,2934.1352,0.0000,1000,1000,1000,1,29.3967
50780.0000,5078,2934.1479,0.0000,999,1000,1000,1,29.4723
50790.0000,5079,2934.1605,0.0000,999,1000,1000,1,29.2589
50800.0000,5080,2934.1730,0.0000,999,998,1000,1,29.2189
50810.0000,5081,2934.1857,0.0000,1000,1000,997,1,29.3521
50820.0000,5082,2934.1982,0.0000,999,1000,1000,1,29.4853
50830.0000,5083,2934.2109,0.0000,1000,999,1000,1,29.4451
50840.0000,5084,2934.2235,0.0000,997,1000,999,1,29.2888
50850.0000,5085,2934.2355,0.0000,997,1000,999,1,29.2654
50860.0000,5086,2934.2477,0.0000,1000,999,997,1,29.3405
50870.0000,5087,2934.2601,0.0000,1000,999,1000,1,29.3001
50880.0000,5088,2934.2729,0.0000,999,1000,1000,1,29.4909
50890.0000,5089,2934.2857,0.0000,1000,998,1000,1,29.4502
50900.0000,5090,2934.2983,0.0000,1000,1000,1000,1,29.5830
50910.0000,5091,2934.3110,0.0000,997,1000,999,1,29.7736
50920.0000,5092,2934.3234,0.0000,1000,1000,999,1,29.8482
50930.0000,5093,2934.3360,0.0000,1000,997,999,1,29.8070
50940.0000,5094,2934.3484,0.0000,1000,1000,1000,1,29.7657
50950.0000,5095,2934.3612,0.0000,1000,1000,1000,1,29.8403
50960.0000,5096,2934.3738,0.0000,1000,999,1000,1,29.7984
50970.0000,5097,2934.3864,0.0000,1000,999,1000,1,29.8729
50980.0000,5098,2934.3991,0.0000,999,998,1000,1,29.7730
50990.0000,5099,2934.4116,0.0000,999,998,999,1,29.7311
51000.0000,5100,2934.4241,0.0000,1000,998,1000,1,29.8052
51010.0000,5101,2934.4366,0.0000,998,999,998,1,29.7630
51020.0000,5102,2934.4490,0.0000,999,1000,1000,1,29.7787
51030.0000,5103,2934.4617,0.0000,1000,1000,1000,1,29.9107
51040.0000,5104,2934.4741,0.0000,998,1000,1000,1,29.8683
51050.0000,5105,2934.4866,0.0000,999,999,1000,1,29.7108
51060.0000,5106,2934.4989,0.0000,998,999,999,1,29.6690
51070.0000,5107,2934.5111,0.0000,997,999,1000,1,29.4544
51080.0000,5108,2934.5233,0.0000,1000,997,999,1,29.2984
51090.0000,5109,2934.5352,0.0000,1000,998,997,1,29.1426
51100.0000,5110,2934.5475,0.0000,998,1000,1000,1,29.1024
51110.0000,5111,2934.5600,0.0000,999,999,1000,1,29.1774
51120.0000,5112,2934.5722,0.0000,1000,996,1000,1,28.8499
51130.0000,5113,2934.5846,0.0000,1000,1000,1000,1,28.8674
51140.0000,5114,2934.5972,0.0000,999,998,999,1,28.8849
51150.0000,5115,2934.6095,0.0000,996,999,999,1,28.8454
51160.0000,5116,2934.6219,0.0000,999,998,999,1,28.8060
51170.0000,5117,2934.6342,0.0000,999,998,1000,1,28.7664
51180.0000,5118,2934.6464,0.0000,999,1000,1000,1,28.8790
51190.0000,5119,2934.6588,0.0000,1000,1000,999,1,28.8597
51200.0000,5120,2934.6715,0.0000,1000,1000,1000,1,28.9723
51210.0000,5121,2934.6840,0.0000,999,1000,999,1,29.0472
51220.0000,5122,2934.6958,0.0000,1000,999,996,1,28.9127
51230.0000,5123,2934.7075,0.0000,1000,998,999,1,28.9658
51240.0000,5124,2934.7199,0.0000,1000,999,998,1,28.9461
51250.0000,5125,2934.7323,0.0000,1000,999,999,1,28.9050
51260.0000,5126,2934.7447,0.0000,1000,1000,1000,1,29.0367
51270.0000,5127,2934.7567,0.0000,997,1000,1000,1,29.0534
51280.0000,5128,2934.7686,0.0000,997,1000,1000,1,29.1277
51290.0000,5129,2934.7808,0.0000,998,1000,998,1,29.1445
51300.0000,5130,2934.7931,0.0000,1000,1000,999,1,29.1615
51310.0000,5131,2934.8056,0.0000,1000,1000,1000,1,29.1210
51320.0000,5132,2934.8181,0.0000,1000,1000,999,1,29.1378
51330.0000,5133,2934.8307,0.0000,1000,1000,1000,1,29.0397
51340.0000,5134,2934.8434,0.0000,1000,1000,1000,1,29.1139
51350.0000,5135,2934.8559,0.0000,1000,999,999,1,29.1657
51360.0000,5136,2934.8682,0.0000,997,1000,999,1,29.1244
51370.0000,5137,2934.8805,0.0000,998,1000,1000,1,29.1981
51380.0000,5138,2934.8926,0.0000,1000,998,999,1,29.2721
51390.0000,5139,2934.9046,0.0000,999,994,1000,1,29.4610
51400.0000,5140,2934.9160,0.0000,999,1000,1000,1,29.3063
51410.0000,5141,2934.9280,0.0000,998,1000,999,1,29.2090
51420.0000,5142,2934.9404,0.0000,1000,1000,1000,1,29.2266
51430.0000,5143,2934.9528,0.0000,1000,1000,998,1,29.0156
51440.0000,5144,2934.9650,0.0000,998,998,1000,1,29.0902
51450.0000,5145,2934.9774,0.0000,998,999,1000,1,29.1080
51460.0000,5146,2934.9898,0.0000,998,1000,1000,1,29.1828
51470.0000,5147,2935.0020,0.0000,1000,999,998,1,29.1436
51480.0000,5148,2935.0141,0.0000,999,1000,999,1,29.1612
51490.0000,5149,2935.0266,0.0000,999,1000,1000,1,29.2928
51500.0000,5150,2935.0389,0.0000,999,1000,996,1,29.1399
51510.0000,5151,2935.0509,0.0000,1000,998,1000,1,28.9875
51520.0000,5152,2935.0629,0.0000,998,999,1000,1,28.8926
51530.0000,5153,2935.0750,0.0000,1000,998,1000,1,28.9110
51540.0000,5154,2935.0874,0.0000,1000,999,999,1,28.8726
51550.0000,5155,2935.0999,0.0000,1000,1000,1000,1,28.9476
51560.0000,5156,2935.1124,0.0000,999,1000,1000,1,29.0224
51570.0000,5157,2935.1249,0.0000,998,1000,1000,1,29.2106
51580.0000,5158,2935.1372,0.0000,1000,1000,1000,1,29.3419
51590.0000,5159,2935.1493,0.0000,1000,997,1000,1,29.3027
51600.0000,5160,2935.1614,0.0000,1000,1000,998,1,29.2634
51610.0000,5161,2935.1737,0.0000,1000,1000,999,1,29.2240
51620.0000,5162,2935.1861,0.0000,998,1000,999,1,29.2390
51630.0000,5163,2935.1981,0.0000,999,1000,999,1,29.2022
51640.0000,5164,2935.2104,0.0000,999,1000,1000,1,29.2196
51650.0000,5165,2935.2227,0.0000,999,1000,1000,1,29.3507
51660.0000,5166,2935.2350,0.0000,999,1000,1000,1,29.2543
51670.0000,5167,2935.2472,0.0000,1000,999,999,1,29.1581
51680.0000,5168,2935.2596,0.0000,1000,1000,1000,1,29.1752
51690.0000,5169,2935.2717,0.0000,999,999,1000,1,29.1355
51700.0000,5170,2935.2832,0.0000,997,1000,998,1,29.0390
51710.0000,5171,2935.2950,0.0000,997,999,999,1,29.0566
51720.0000,5172,2935.3073,0.0000,1000,1000,1000,1,29.0170
51730.0000,5173,2935.3193,0.0000,1000,999,999,1,29.0342
51740.0000,5174,2935.3316,0.0000,1000,1000,1000,1,29.1082
51750.0000,5175,2935.3440,0.0000,998,1000,999,1,29.1255
51760.0000,5176,2935.3563,0.0000,1000,1000,1000,1,29.1995
51770.0000,5177,2935.3687,0.0000,1000,1000,998,1,29.2161
51780.0000,5178,2935.3808,0.0000,998,998,1000,1,29.3464
51790.0000,5179,2935.3923,0.0000,995,999,999,1,29.3058
51800.0000,5180,2935.4037,0.0000,1000,1000,1000,1,29.3794
51810.0000,5181,2935.4160,0.0000,999,1000,1000,1,29.3960
51820.0000,5182,2935.4284,0.0000,1000,999,1000,1,29.5262
51830.0000,5183,2935.4406,0.0000,1000,1000,999,1,29.4854
51840.0000,5184,2935.4527,0.0000,1000,997,999,1,29.5014
51850.0000,5185,2935.4648,0.0000,1000,1000,1000,1,29.5745
51860.0000,5186,2935.4771,0.0000,1000,1000,999,1,29.5903
51870.0000,5187,2935.4892,0.0000,999,1000,1000,1,29.7203
51880.0000,5188,2935.5015,0.0000,1000,1000,999,1,29.7358
51890.0000,5189,2935.5136,0.0000,999,1000,998,1,29.6939
51900.0000,5190,2935.5258,0.0000,1000,998,1000,1,29.7094
51910.0000,5191,2935.5375,0.0000,1000,999,999,1,29.6679
51920.0000,5192,2935.5497,0.0000,1000,1000,1000,1,29.7976
51930.0000,5193,2935.5617,0.0000,998,1000,998,1,29.6982
51940.0000,5194,2935.5723,0.0000,995,1000,997,1,29.5415
51950.0000,5195,2935.5841,0.0000,997,1000,998,1,29.4433
51960.0000,5196,2935.5956,0.0000,999,999,1000,1,29.5161
51970.0000,5197,2935.6079,0.0000,1000,1000,1000,1,29.5319
51980.0000,5198,2935.6203,0.0000,1000,1000,1000,1,29.6615
51990.0000,5199,2935.6324,0.0000,998,1000,1000,1,29.6770
52000.0000,5200,2935.6444,0.0000,999,1000,997,1,29.6352
52010.0000,5201,2935.6558,0.0000,997,1000,996,1,29.4793
52020.0000,5202,2935.6667,0.0000,1000,997,996,1,29.3799
52030.0000,5203,2935.6784,0.0000,1000,1000,999,1,29.4521
52040.0000,5204,2935.6901,0.0000,1000,1000,996,1,29.1812
52050.0000,5205,2935.7023,0.0000,1000,999,998,1,29.1962
52060.0000,5206,2935.7143,0.0000,1000,999,1000,1,29.0969
52070.0000,5207,2935.7264,0.0000,998,999,1000,1,29.0546
52080.0000,5208,2935.7384,0.0000,999,1000,1000,1,29.1266
52090.0000,5209,2935.7503,0.0000,999,997,999,1,29.1985
52100.0000,5210,2935.7620,0.0000,1000,1000,999,1,29.1555
52110.0000,5211,2935.7741,0.0000,1000,1000,1000,1,29.2271
52120.0000,5212,2935.7862,0.0000,1000,1000,999,1,29.2412
52130.0000,5213,2935.7985,0.0000,1000,1000,1000,1,29.2555
52140.0000,5214,2935.8106,0.0000,1000,1000,998,1,29.2124
52150.0000,5215,2935.8223,0.0000,1000,999,1000,1,29.2836
52160.0000,5216,2935.8343,0.0000,999,1000,1000,1,29.2730
52170.0000,5217,2935.8463,0.0000,1000,998,1000,1,29.2871
52180.0000,5218,2935.8583,0.0000,1000,999,999,1,29.3007
52190.0000,5219,2935.8703,0.0000,1000,1000,1000,1,29.3145
52200.0000,5220,2935.8818,0.0000,996,997,1000,1,29.1560
52210.0000,5221,2935.8927,0.0000,1000,999,997,1,29.0808
52220.0000,5222,2935.9041,0.0000,1000,999,1000,1,29.0376
52230.0000,5223,2935.9159,0.0000,998,999,998,1,28.9373
52240.0000,5224,2935.9276,0.0000,1000,999,1000,1,28.9514
52250.0000,5225,2935.9398,0.0000,1000,1000,1000,1,28.9656
52260.0000,5226,2935.9518,0.0000,999,1000,1000,1,29.0367
52270.0000,5227,2935.9638,0.0000,1000,1000,1000,1,29.0508
52280.0000,5228,2935.9759,0.0000,1000,1000,1000,1,29.0079
52290.0000,5229,2935.9878,0.0000,999,997,1000,1,29.0790
52300.0000,5230,2935.9993,0.0000,1000,1000,994,1,28.9290
52310.0000,5231,2936.0102,0.0000,1000,1000,997,1,29.0576
52320.0000,5232,2936.0216,0.0000,1000,999,997,1,29.0721
52330.0000,5233,2936.0336,0.0000,1000,1000,1000,1,29.2006
52340.0000,5234,2936.0457,0.0000,1000,1000,1000,1,29.2720
52350.0000,5235,2936.0574,0.0000,998,998,1000,1,29.1156
52360.0000,5236,2936.0692,0.0000,1000,1000,998,1,29.1300
52370.0000,5237,2936.0813,0.0000,1000,999,1000,1,29.2013
52380.0000,5238,2936.0932,0.0000,1000,1000,998,1,29.1583
52390.0000,5239,2936.1047,0.0000,997,998,1000,1,29.0581
52400.0000,5240,2936.1163,0.0000,1000,1000,999,1,29.0719
52410.0000,5241,2936.1284,0.0000,1000,1000,1000,1,29.1430
52420.0000,5242,2936.1399,0.0000,999,1000,998,1,28.8719
52430.0000,5243,2936.1512,0.0000,1000,1000,1000,1,28.6593
52440.0000,5244,2936.1631,0.0000,998,1000,1000,1,28.7211
52450.0000,5245,2936.1748,0.0000,1000,999,995,1,28.6317
52460.0000,5246,2936.1858,0.0000,1000,1000,996,1,28.5793
52470.0000,5247,2936.1976,0.0000,999,999,997,1,28.4811
52480.0000,5248,2936.2093,0.0000,1000,999,1000,1,28.4964
52490.0000,5249,2936.2213,0.0000,1000,1000,999,1,28.5117
52500.0000,5250,2936.2331,0.0000,998,998,1000,1,28.5269
52510.0000,5251,2936.2448,0.0000,1000,999,999,1,28.4854
52520.0000,5252,2936.2568,0.0000,1000,1000,1000,1,28.6137
52530.0000,5253,2936.2685,0.0000,997,998,1000,1,28.5718
52540.0000,5254,2936.2803,0.0000,1000,1000,1000,1,28.5867
52550.0000,5255,2936.2920,0.0000,998,1000,999,1,28.4317
52560.0000,5256,2936.3038,0.0000,1000,997,1000,1,28.6165
52570.0000,5257,2936.3154,0.0000,1000,1000,1000,1,28.5749
52580.0000,5258,2936.3274,0.0000,999,998,1000,1,28.7029
52590.0000,5259,2936.3391,0.0000,998,999,1000,1,28.7174
52600.0000,5260,2936.3509,0.0000,998,1000,1000,1,28.7320
52610.0000,5261,2936.3629,0.0000,999,999,1000,1,28.9166
52620.0000,5262,2936.3746,0.0000,1000,1000,1000,1,28.9876
52630.0000,5263,2936.3863,0.0000,1000,1000,997,1,28.8877
52640.0000,5264,2936.3981,0.0000,1000,1000,997,1,28.8447
52650.0000,5265,2936.4099,0.0000,1000,1000,1000,1,28.9152
52660.0000,5266,2936.4219,0.0000,1000,999,1000,1,28.9857
52670.0000,5267,2936.4338,0.0000,1000,1000,1000,1,28.9992
52680.0000,5268,2936.4457,0.0000,1000,1000,1000,1,28.9556
52690.0000,5269,2936.4575,0.0000,1000,1000,1000,1,28.9686
52700.0000,5270,2936.4695,0.0000,1000,999,999,1,28.9249
52710.0000,5271,2936.4813,0.0000,1000,998,1000,1,29.1091
52720.0000,5272,2936.4930,0.0000,1000,1000,1000,1,29.1788
52730.0000,5273,2936.5048,0.0000,999,1000,999,1,29.2485
52740.0000,5274,2936.5165,0.0000,999,1000,1000,1,29.2041
52750.0000,5275,2936.5284,0.0000,1000,1000,999,1,29.2168
52760.0000,5276,2936.5399,0.0000,1000,1000,997,1,29.0019
52770.0000,5277,2936.5511,0.0000,999,999,999,1,29.0719
52780.0000,5278,2936.5625,0.0000,1000,999,999,1,28.9148
52790.0000,5279,2936.5743,0.0000,1000,1000,1000,1,28.9282
52800.0000,5280,2936.5859,0.0000,1000,1000,997,1,28.7709
52810.0000,5281,2936.5971,0.0000,1000,1000,998,1,28.6698
52820.0000,5282,2936.6088,0.0000,1000,1000,999,1,28.5886
52830.0000,5283,2936.6204,0.0000,998,1000,1000,1,28.6397
52840.0000,5284,2936.6322,0.0000,1000,1000,1000,1,28.7098
52850.0000,5285,2936.6441,0.0000,999,1000,1000,1,28.8368
52860.0000,5286,2936.6556,0.0000,996,1000,1000,1,28.8500
52870.0000,5287,2936.6670,0.0000,1000,999,1000,1,28.9768
52880.0000,5288,2936.6785,0.0000,999,997,998,1,28.9331
52890.0000,5289,2936.6901,0.0000,999,1000,998,1,28.8326
52900.0000,5290,2936.7020,0.0000,999,1000,1000,1,28.7324
52910.0000,5291,2936.7133,0.0000,1000,995,1000,1,28.7457
52920.0000,5292,2936.7243,0.0000,1000,1000,1000,1,28.7028
52930.0000,5293,2936.7360,0.0000,1000,997,1000,1,28.5465
52940.0000,5294,2936.7476,0.0000,1000,999,999,1,28.6352
52950.0000,5295,2936.7594,0.0000,1000,1000,999,1,28.5922
52960.0000,5296,2936.7711,0.0000,998,999,1000,1,28.7006
52970.0000,5297,2936.7825,0.0000,1000,999,997,1,28.6569
52980.0000,5298,2936.7943,0.0000,1000,999,1000,1,28.6699
52990.0000,5299,2936.8059,0.0000,1000,1000,1000,1,28.7963
53000.0000,5300,2936.8176,0.0000,999,1000,999,1,28.7524
53010.0000,5301,2936.8291,0.0000,1000,1000,1000,1,28.7084
53020.0000,5302,2936.8408,0.0000,1000,1000,1000,1,28.7214
53030.0000,5303,2936.8526,0.0000,1000,1000,1000,1,28.7910
53040.0000,5304,2936.8643,0.0000,1000,1000,999,1,28.8603
53050.0000,5305,2936.8761,0.0000,1000,1000,999,1,28.9293
53060.0000,5306,2936.8877,0.0000,1000,998,1000,1,28.9980
53070.0000,5307,2936.8992,0.0000,1000,1000,999,1,28.9529
53080.0000,5308,2936.9110,0.0000,999,1000,1000,1,29.0220
53090.0000,5309,2936.9227,0.0000,1000,1000,1000,1,29.0907
53100.0000,5310,2936.9345,0.0000,1000,999,999,1,29.1594
53110.0000,5311,2936.9462,0.0000,1000,1000,1000,1,29.1135
53120.0000,5312,2936.9576,0.0000,1000,1000,1000,1,28.8960
53130.0000,5313,2936.9692,0.0000,998,1000,998,1,28.8506
53140.0000,5314,2936.9808,0.0000,998,999,1000,1,28.9762
53150.0000,5315,2936.9921,0.0000,1000,1000,1000,1,28.7018
53160.0000,5316,2937.0037,0.0000,1000,1000,1000,1,28.6565
53170.0000,5317,2937.0152,0.0000,999,1000,1000,1,28.7252
53180.0000,5318,2937.0268,0.0000,998,1000,998,1,28.7850
53190.0000,5319,2937.0384,0.0000,999,1000,998,1,28.9676
53200.0000,5320,2937.0497,0.0000,998,1000,1000,1,29.0361
53210.0000,5321,2937.0614,0.0000,1000,1000,1000,1,29.1617
53220.0000,5322,2937.0729,0.0000,999,1000,1000,1,29.2304
53230.0000,5323,2937.0846,0.0000,999,1000,1000,1,29.4128
53240.0000,5324,2937.0960,0.0000,1000,1000,998,1,29.4241
53250.0000,5325,2937.1064,0.0000,998,998,992,1,29.2075
53260.0000,5326,2937.1167,0.0000,1000,1000,992,1,29.1626
53270.0000,5327,2937.1271,0.0000,1000,998,997,1,29.1744
53280.0000,5328,2937.1383,0.0000,999,999,1000,1,29.2429
53290.0000,5329,2937.1497,0.0000,1000,1000,997,1,29.3683
53300.0000,5330,2937.1604,0.0000,1000,999,994,1,29.4935
53310.0000,5331,2937.1710,0.0000,999,999,995,1,29.5048
53320.0000,5332,2937.1824,0.0000,998,998,1000,1,29.4022
53330.0000,5333,2937.1940,0.0000,1000,998,1000,1,29.4704
53340.0000,5334,2937.2055,0.0000,1000,1000,1000,1,29.6523
53350.0000,5335,2937.2168,0.0000,999,998,1000,1,29.7203
53360.0000,5336,2937.2280,0.0000,1000,999,1000,1,29.7308
53370.0000,5337,2937.2396,0.0000,1000,999,1000,1,29.7416
53380.0000,5338,2937.2508,0.0000,999,998,997,1,29.6383
53390.0000,5339,2937.2618,0.0000,998,999,1000,1,29.7061
53400.0000,5340,2937.2730,0.0000,1000,1000,999,1,29.8308
53410.0000,5341,2937.2846,0.0000,999,999,999,1,29.8984
53420.0000,5342,2937.2959,0.0000,999,998,999,1,29.7377
53430.0000,5343,2937.3068,0.0000,1000,997,999,1,29.6911
53440.0000,5344,2937.3178,0.0000,998,1000,1000,1,29.6450
53450.0000,5345,2937.3290,0.0000,1000,996,1000,1,29.5430
53460.0000,5346,2937.3404,0.0000,1000,1000,1000,1,29.5545
53470.0000,5347,2937.3514,0.0000,998,997,1000,1,29.3964
53480.0000,5348,2937.3626,0.0000,1000,999,1000,1,29.4648
53490.0000,5349,2937.3741,0.0000,1000,1000,1000,1,29.4767
53500.0000,5350,2937.3857,0.0000,1000,999,1000,1,29.4318
53510.0000,5351,2937.3967,0.0000,1000,998,1000,1,29.2740
53520.0000,5352,2937.4078,0.0000,999,1000,997,1,29.1725
53530.0000,5353,2937.4191,0.0000,1000,1000,999,1,28.9594
53540.0000,5354,2937.4306,0.0000,997,1000,1000,1,28.9717
53550.0000,5355,2937.4420,0.0000,999,999,1000,1,28.9276
53560.0000,5356,2937.4532,0.0000,998,999,997,1,28.9403
53570.0000,5357,2937.4638,0.0000,996,1000,1000,1,28.8974
53580.0000,5358,2937.4747,0.0000,1000,1000,1000,1,28.8545
53590.0000,5359,2937.4859,0.0000,1000,998,1000,1,28.8118
53600.0000,5360,2937.4972,0.0000,1000,998,1000,1,28.8248
53610.0000,5361,2937.5082,0.0000,1000,993,1000,1,28.5588
53620.0000,5362,2937.5181,0.0000,1000,988,1000,1,28.3481
53630.0000,5363,2937.5272,0.0000,1000,988,997,1,28.2754
53640.0000,5364,2937.5366,0.0000,999,992,1000,1,28.2338
53650.0000,5365,2937.5462,0.0000,1000,989,1000,1,28.3592
53660.0000,5366,2937.5562,0.0000,1000,994,1000,1,28.4846
53670.0000,5367,2937.5673,0.0000,1000,1000,1000,1,28.4426
53680.0000,5368,2937.5787,0.0000,1000,1000,998,1,28.4002
53690.0000,5369,2937.5900,0.0000,1000,1000,999,1,28.3579
53700.0000,5370,2937.6013,0.0000,1000,1000,1000,1,28.4830
53710.0000,5371,2937.6126,0.0000,999,999,999,1,28.2730
53720.0000,5372,2937.6238,0.0000,1000,1000,1000,1,28.3426
53730.0000,5373,2937.6353,0.0000,1000,998,999,1,28.4120
53740.0000,5374,2937.6468,0.0000,999,1000,998,1,28.4813
53750.0000,5375,2937.6579,0.0000,998,1000,998,1,28.4388
53760.0000,5376,2937.6688,0.0000,999,1000,998,1,28.2290
53770.0000,5377,2937.6801,0.0000,999,999,1000,1,28.1309
53780.0000,5378,2937.6912,0.0000,998,1000,999,1,28.1443
53790.0000,5379,2937.7023,0.0000,999,1000,1000,1,28.0459
53800.0000,5380,2937.7137,0.0000,1000,1000,1000,1,28.0300
53810.0000,5381,2937.7251,0.0000,1000,998,997,1,28.0725
53820.0000,5382,2937.7361,0.0000,1000,1000,1000,1,28.1417
53830.0000,5383,2937.7472,0.0000,999,998,1000,1,28.0439
53840.0000,5384,2937.7586,0.0000,1000,999,1000,1,28.1687
53850.0000,5385,2937.7698,0.0000,997,1000,1000,1,28.0703
53860.0000,5386,2937.7803,0.0000,996,1000,997,1,28.1098
53870.0000,5387,2937.7913,0.0000,1000,1000,997,1,28.0672
53880.0000,5388,2937.8020,0.0000,998,998,1000,1,28.0806
53890.0000,5389,2937.8130,0.0000,999,1000,999,1,28.0943
53900.0000,5390,2937.8243,0.0000,1000,1000,1000,1,28.2193
53910.0000,5391,2937.8356,0.0000,1000,1000,999,1,28.3441
53920.0000,5392,2937.8469,0.0000,998,1000,1000,1,28.3582
53930.0000,5393,2937.8583,0.0000,1000,999,999,1,28.3719
53940.0000,5394,2937.8696,0.0000,1000,998,1000,1,28.3852
53950.0000,5395,2937.8808,0.0000,1000,1000,1000,1,28.2326
53960.0000,5396,2937.8921,0.0000,1000,1000,998,1,28.2467
53970.0000,5397,2937.9034,0.0000,999,1000,999,1,28.1501
53980.0000,5398,2937.9146,0.0000,1000,1000,997,1,28.2196
53990.0000,5399,2937.9256,0.0000,1000,1000,999,1,28.1787
54000.0000,5400,2937.9369,0.0000,999,1000,1000,1,28.1929
54010.0000,5401,2937.9481,0.0000,1000,1000,1000,1,28.2622
54020.0000,5402,2937.9594,0.0000,999,998,999,1,28.1659
54030.0000,5403,2937.9705,0.0000,999,1000,1000,1,28.2905
54040.0000,5404,2937.9817,0.0000,999,997,1000,1,28.1385
54050.0000,5405,2937.9929,0.0000,1000,1000,1000,1,28.2076
54060.0000,5406,2938.0042,0.0000,999,999,1000,1,28.1658
54070.0000,5407,2938.0152,0.0000,1000,997,1000,1,28.0681
54080.0000,5408,2938.0261,0.0000,998,996,999,1,27.9153
54090.0000,5409,2938.0368,0.0000,999,998,999,1,27.9281
54100.0000,5410,2938.0479,0.0000,999,999,999,1,27.9410
54110.0000,5411,2938.0590,0.0000,999,1000,1000,1,27.9538
54120.0000,5412,2938.0700,0.0000,999,1000,996,1,28.0777
54130.0000,5413,2938.0811,0.0000,1000,999,1000,1,28.0902
54140.0000,5414,2938.0918,0.0000,1000,999,1000,1,27.8797
54150.0000,5415,2938.1028,0.0000,999,1000,998,1,27.8364
54160.0000,5416,2938.1136,0.0000,999,1000,998,1,27.7934
54170.0000,5417,2938.1247,0.0000,999,1000,999,1,27.8615
54180.0000,5418,2938.1360,0.0000,1000,1000,1000,1,27.8737
54190.0000,5419,2938.1473,0.0000,1000,1000,1000,1,27.8858
54200.0000,5420,2938.1586,0.0000,999,1000,1000,1,28.0651
54210.0000,5421,2938.1698,0.0000,1000,1000,1000,1,28.0669
54220.0000,5422,2938.1808,0.0000,1000,1000,999,1,28.0324
54230.0000,5423,2938.1918,0.0000,1000,1000,1000,1,28.0343
54240.0000,5424,2938.2030,0.0000,999,1000,999,1,27.9449
54250.0000,5425,2938.2139,0.0000,1000,998,1000,1,27.7907
54260.0000,5426,2938.2246,0.0000,998,998,999,1,27.7476
54270.0000,5427,2938.2351,0.0000,1000,997,1000,1,27.7601
54280.0000,5428,2938.2458,0.0000,997,1000,1000,1,27.8283
54290.0000,5429,2938.2569,0.0000,999,1000,1000,1,27.8966
54300.0000,5430,2938.2681,0.0000,998,1000,999,1,27.9092
54310.0000,5431,2938.2789,0.0000,1000,999,998,1,27.8664
54320.0000,5432,2938.2898,0.0000,999,998,999,1,27.7688
54330.0000,5433,2938.3010,0.0000,1000,999,1000,1,27.7818
54340.0000,5434,2938.3119,0.0000,996,1000,1000,1,27.6291
54350.0000,5435,2938.3226,0.0000,1000,1000,998,1,27.4777
54360.0000,5436,2938.3332,0.0000,1000,1000,998,1,27.5360
54370.0000,5437,2938.3444,0.0000,1000,998,1000,1,27.6599
54380.0000,5438,2938.3554,0.0000,1000,998,1000,1,27.7836
54390.0000,5439,2938.3662,0.0000,1000,1000,999,1,27.9073
54400.0000,5440,2938.3769,0.0000,1000,1000,999,1,27.8654
54410.0000,5441,2938.3881,0.0000,1000,1000,998,1,27.8784
54420.0000,5442,2938.3991,0.0000,1000,1000,999,1,27.9464
54430.0000,5443,2938.4095,0.0000,999,998,1000,1,27.8481
54440.0000,5444,2938.4206,0.0000,1000,999,1000,1,27.8609
54450.0000,5445,2938.4316,0.0000,1000,1000,999,1,27.7626
54460.0000,5446,2938.4426,0.0000,998,999,1000,1,27.7751
54470.0000,5447,2938.4537,0.0000,1000,1000,999,1,27.8431
54480.0000,5448,2938.4649,0.0000,1000,1000,1000,1,28.0215
54490.0000,5449,2938.4759,0.0000,1000,1000,1000,1,27.9785
54500.0000,5450,2938.4870,0.0000,1000,1000,999,1,27.9907
54510.0000,5451,2938.4980,0.0000,999,999,999,1,27.9479
54520.0000,5452,2938.5091,0.0000,1000,1000,1000,1,27.7944
54530.0000,5453,2938.5199,0.0000,1000,1000,998,1,27.6959
54540.0000,5454,2938.5306,0.0000,1000,1000,1000,1,27.6526
54550.0000,5455,2938.5417,0.0000,1000,998,999,1,27.6650
54560.0000,5456,2938.5527,0.0000,1000,1000,1000,1,27.6220
54570.0000,5457,2938.5638,0.0000,1000,998,1000,1,27.6345
54580.0000,5458,2938.5747,0.0000,1000,999,1000,1,27.8127
54590.0000,5459,2938.5854,0.0000,1000,998,1000,1,27.7705
54600.0000,5460,2938.5962,0.0000,1000,998,1000,1,27.8386
54610.0000,5461,2938.6072,0.0000,1000,998,1000,1,27.6868
54620.0000,5462,2938.6178,0.0000,998,1000,997,1,27.5353
54630.0000,5463,2938.6283,0.0000,1000,1000,999,1,27.6034
54640.0000,5464,2938.6393,0.0000,1000,999,1000,1,27.6716
54650.0000,5465,2938.6504,0.0000,1000,1000,999,1,27.7396
54660.0000,5466,2938.6615,0.0000,1000,1000,999,1,27.7525
54670.0000,5467,2938.6726,0.0000,999,999,1000,1,27.8203
54680.0000,5468,2938.6834,0.0000,1000,1000,999,1,27.7776
54690.0000,5469,2938.6944,0.0000,1000,999,999,1,27.6803
54700.0000,5470,2938.7054,0.0000,999,1000,1000,1,27.6929
54710.0000,5471,2938.7164,0.0000,1000,998,1000,1,27.7606
54720.0000,5472,2938.7270,0.0000,1000,1000,1000,1,27.6628
54730.0000,5473,2938.7381,0.0000,1000,1000,1000,1,27.7854
54740.0000,5474,2938.7491,0.0000,1000,1000,1000,1,27.7422
54750.0000,5475,2938.7602,0.0000,999,1000,1000,1,27.8094
54760.0000,5476,2938.7711,0.0000,1000,999,1000,1,27.9317
54770.0000,5477,2938.7821,0.0000,1000,1000,999,1,27.8331
54780.0000,5478,2938.7931,0.0000,999,1000,999,1,27.9003
54790.0000,5479,2938.8041,0.0000,1000,1000,999,1,28.0225
54800.0000,5480,2938.8151,0.0000,999,1000,999,1,28.0345
54810.0000,5481,2938.8260,0.0000,999,999,999,1,28.0465
54820.0000,5482,2938.8369,0.0000,1000,1000,999,1,28.1134
54830.0000,5483,2938.8478,0.0000,998,1000,1000,1,28.2354
54840.0000,5484,2938.8585,0.0000,999,999,1000,1,28.2466
54850.0000,5485,2938.8694,0.0000,999,1000,1000,1,28.4238
54860.0000,5486,2938.8803,0.0000,1000,999,998,1,28.2695
54870.0000,5487,2938.8910,0.0000,999,1000,1000,1,28.3362
54880.0000,5488,2938.9017,0.0000,997,1000,1000,1,28.2379
54890.0000,5489,2938.9122,0.0000,998,998,1000,1,28.3050
54900.0000,5490,2938.9230,0.0000,1000,1000,1000,1,28.3173
54910.0000,5491,2938.9341,0.0000,1000,999,1000,1,28.4393
54920.0000,5492,2938.9449,0.0000,1000,999,1000,1,28.3960
54930.0000,5493,2938.9558,0.0000,999,1000,1000,1,28.4076
54940.0000,5494,2938.9668,0.0000,1000,999,1000,1,28.4742
54950.0000,5495,2938.9777,0.0000,1000,1000,999,1,28.5408
54960.0000,5496,2938.9886,0.0000,999,998,1000,1,28.6623
54970.0000,5497,2938.9991,0.0000,1000,1000,999,1,28.5632
54980.0000,5498,2939.0101,0.0000,999,1000,999,1,28.5190
54990.0000,5499,2939.0207,0.0000,998,1000,998,1,28.3641
55000.0000,5500,2939.0310,0.0000,998,999,1000,1,28.4853
55010.0000,5501,2939.0416,0.0000,999,1000,996,1,28.2762
55020.0000,5502,2939.0517,0.0000,1000,1000,999,1,28.2879
55030.0000,5503,2939.0623,0.0000,999,1000,999,1,28.1901
55040.0000,5504,2939.0730,0.0000,1000,1000,1000,1,28.0925
55050.0000,5505,2939.0837,0.0000,1000,1000,997,1,27.8309
55060.0000,5506,2939.0942,0.0000,1000,999,1000,1,27.7337
55070.0000,5507,2939.1050,0.0000,998,999,1000,1,27.5275
55080.0000,5508,2939.1157,0.0000,998,1000,1000,1,27.4856
55090.0000,5509,2939.1260,0.0000,999,1000,998,1,27.4438
55100.0000,5510,2939.1368,0.0000,999,1000,1000,1,27.5113
55110.0000,5511,2939.1477,0.0000,1000,1000,1000,1,27.5243
55120.0000,5512,2939.1583,0.0000,1000,999,998,1,27.3201
55130.0000,5513,2939.1692,0.0000,1000,1000,1000,1,27.3879
55140.0000,5514,2939.1799,0.0000,999,999,999,1,27.3473
55150.0000,5515,2939.1906,0.0000,999,1000,997,1,27.3734
55160.0000,5516,2939.2006,0.0000,999,1000,997,1,27.5498
55170.0000,5517,2939.2115,0.0000,999,999,1000,1,27.5632
55180.0000,5518,2939.2223,0.0000,1000,999,996,1,27.5223
55190.0000,5519,2939.2327,0.0000,998,1000,1000,1,27.5899
55200.0000,5520,2939.2432,0.0000,1000,1000,999,1,27.5489
55210.0000,5521,2939.2540,0.0000,1000,998,1000,1,27.4947
55220.0000,5522,2939.2649,0.0000,999,1000,1000,1,27.6708
55230.0000,5523,2939.2758,0.0000,1000,1000,1000,1,27.6964
55240.0000,5524,2939.2866,0.0000,999,1000,1000,1,27.6537
55250.0000,5525,2939.2972,0.0000,1000,1000,1000,1,27.6524
55260.0000,5526,2939.3081,0.0000,1000,1000,1000,1,27.7736
55270.0000,5527,2939.3189,0.0000,999,1000,1000,1,27.7850
55280.0000,5528,2939.3295,0.0000,1000,998,1000,1,27.7414
55290.0000,5529,2939.3402,0.0000,999,1000,1000,1,27.6982
55300.0000,5530,2939.3509,0.0000,1000,1000,998,1,27.6551
55310.0000,5531,2939.3618,0.0000,1000,1000,1000,1,27.7760
55320.0000,5532,2939.3722,0.0000,1000,997,997,1,27.5571
55330.0000,5533,2939.3822,0.0000,1000,993,1000,1,27.6783
55340.0000,5534,2939.3920,0.0000,1000,996,999,1,27.6906
55350.0000,5535,2939.4022,0.0000,1000,997,997,1,27.7030
55360.0000,5536,2939.4126,0.0000,1000,1000,1000,1,27.6070
55370.0000,5537,2939.4234,0.0000,1000,1000,1000,1,27.5110
55380.0000,5538,2939.4341,0.0000,1000,1000,1000,1,27.6323
55390.0000,5539,2939.4450,0.0000,1000,1000,999,1,27.6991
55400.0000,5540,2939.4558,0.0000,1000,1000,1000,1,27.7658
55410.0000,5541,2939.4665,0.0000,1000,1000,1000,1,27.8322
55420.0000,5542,2939.4772,0.0000,997,1000,999,1,27.7891
55430.0000,5543,2939.4876,0.0000,1000,999,998,1,27.8550
55440.0000,5544,2939.4980,0.0000,998,1000,1000,1,27.7573
55450.0000,5545,2939.5082,0.0000,995,1000,1000,1,27.6048
55460.0000,5546,2939.5189,0.0000,999,1000,1000,1,27.6296
55470.0000,5547,2939.5292,0.0000,999,1000,996,1,27.5725
55480.0000,5548,2939.5394,0.0000,998,1000,999,1,27.6510
55490.0000,5549,2939.5502,0.0000,999,999,1000,1,27.7716
55500.0000,5550,2939.5608,0.0000,1000,999,999,1,27.7277
55510.0000,5551,2939.5715,0.0000,1000,999,1000,1,27.7382
55520.0000,5552,2939.5820,0.0000,999,998,1000,1,27.6390
55530.0000,5553,2939.5926,0.0000,998,999,999,1,27.5943
55540.0000,5554,2939.6029,0.0000,1000,998,999,1,27.6596
55550.0000,5555,2939.6130,0.0000,1000,1000,1000,1,27.5602
55560.0000,5556,2939.6236,0.0000,1000,1000,998,1,27.4613
55570.0000,5557,2939.6342,0.0000,998,999,1000,1,27.4722
55580.0000,5558,2939.6445,0.0000,1000,999,999,1,27.3193
55590.0000,5559,2939.6549,0.0000,999,994,1000,1,27.3305
55600.0000,5560,2939.6652,0.0000,1000,999,1000,1,27.4508
55610.0000,5561,2939.6758,0.0000,1000,999,1000,1,27.4617
55620.0000,5562,2939.6865,0.0000,999,998,1000,1,27.5819
55630.0000,5563,2939.6970,0.0000,1000,1000,1000,1,27.5928
55640.0000,5564,2939.7077,0.0000,1000,1000,998,1,27.6582
55650.0000,5565,2939.7182,0.0000,998,999,1000,1,27.7782
55660.0000,5566,2939.7287,0.0000,1000,1000,999,1,27.7890
55670.0000,5567,2939.7393,0.0000,997,1000,1000,1,27.6910
55680.0000,5568,2939.7497,0.0000,1000,1000,999,1,27.7023
55690.0000,5569,2939.7602,0.0000,1000,1000,1000,1,27.6589
55700.0000,5570,2939.7705,0.0000,999,1000,1000,1,27.4533
55710.0000,5571,2939.7808,0.0000,999,998,997,1,27.4651
55720.0000,5572,2939.7912,0.0000,998,1000,1000,1,27.4228
55730.0000,5573,2939.8018,0.0000,1000,1000,999,1,27.5432
55740.0000,5574,2939.8124,0.0000,1000,999,1000,1,27.6095
55750.0000,5575,2939.8227,0.0000,1000,999,998,1,27.5676
55760.0000,5576,2939.8330,0.0000,1000,1000,1000,1,27.6877
55770.0000,5577,2939.8435,0.0000,999,998,998,1,27.6996
55780.0000,5578,2939.8537,0.0000,1000,1000,999,1,27.5491
55790.0000,5579,2939.8643,0.0000,1000,999,1000,1,27.6150
55800.0000,5580,2939.8748,0.0000,999,999,999,1,27.7351
55810.0000,5581,2939.8852,0.0000,999,1000,998,1,27.6377
55820.0000,5582,2939.8952,0.0000,1000,999,996,1,27.4862
55830.0000,5583,2939.9056,0.0000,1000,999,1000,1,27.4438
55840.0000,5584,2939.9158,0.0000,1000,1000,996,1,27.2384
55850.0000,5585,2939.9257,0.0000,998,1000,996,1,27.2363
55860.0000,5586,2939.9362,0.0000,1000,1000,1000,1,27.3152
55870.0000,5587,2939.9468,0.0000,1000,1000,1000,1,27.4350
55880.0000,5588,2939.9573,0.0000,1000,1000,999,1,27.4464
55890.0000,5589,2939.9680,0.0000,1000,1000,1000,1,27.5120
55900.0000,5590,2939.9784,0.0000,998,1000,1000,1,27.6860
55910.0000,5591,2939.9889,0.0000,1000,999,1000,1,27.6971
55920.0000,5592,2939.9994,0.0000,1000,1000,1000,1,27.8167
55930.0000,5593,2940.0099,0.0000,999,1000,1000,1,27.8816
55940.0000,5594,2940.0201,0.0000,999,997,995,1,27.6742
55950.0000,5595,2940.0299,0.0000,999,1000,995,1,27.6295
55960.0000,5596,2940.0404,0.0000,999,998,999,1,27.6400
55970.0000,5597,2940.0504,0.0000,999,998,1000,1,27.5415
55980.0000,5598,2940.0607,0.0000,1000,999,997,1,27.4879
55990.0000,5599,2940.0710,0.0000,999,1000,1000,1,27.4540
56000.0000,5600,2940.0814,0.0000,1000,999,1000,1,27.5192
56010.0000,5601,2940.0914,0.0000,996,999,1000,1,27.5843
56020.0000,5602,2940.1009,0.0000,998,996,997,1,27.4861
56030.0000,5603,2940.1110,0.0000,1000,1000,999,1,27.5512
56040.0000,5604,2940.1214,0.0000,998,1000,1000,1,27.5620
56050.0000,5605,2940.1319,0.0000,1000,999,1000,1,27.5184
56060.0000,5606,2940.1422,0.0000,1000,1000,1000,1,27.5291
56070.0000,5607,2940.1527,0.0000,999,999,998,1,27.5941
56080.0000,5608,2940.1631,0.0000,1000,1000,998,1,27.5511
56090.0000,5609,2940.1730,0.0000,1000,997,999,1,27.5622
56100.0000,5610,2940.1835,0.0000,999,1000,998,1,27.6275
56110.0000,5611,2940.1937,0.0000,1000,1000,1000,1,27.6386
56120.0000,5612,2940.2042,0.0000,999,1000,1000,1,27.6502
56130.0000,5613,2940.2146,0.0000,999,1000,1000,1,27.6619
56140.0000,5614,2940.2246,0.0000,996,999,999,1,27.4583
56150.0000,5615,2940.2340,0.0000,995,1000,1000,1,27.4161
56160.0000,5616,2940.2442,0.0000,1000,1000,1000,1,27.4280
56170.0000,5617,2940.2547,0.0000,1000,1000,1000,1,27.4398
56180.0000,5618,2940.2652,0.0000,1000,1000,1000,1,27.4399
56190.0000,5619,2940.2753,0.0000,998,997,998,1,27.3006
56200.0000,5620,2940.2854,0.0000,999,1000,1000,1,27.2726
56210.0000,5621,2940.2957,0.0000,1000,1000,999,1,27.3920
56220.0000,5622,2940.3060,0.0000,997,1000,1000,1,27.5113
56230.0000,5623,2940.3162,0.0000,1000,1000,998,1,27.6843
56240.0000,5624,2940.3263,0.0000,998,999,1000,1,27.6959
56250.0000,5625,2940.3367,0.0000,1000,1000,999,1,27.8688
56260.0000,5626,2940.3470,0.0000,1000,999,999,1,27.7737
56270.0000,5627,2940.3570,0.0000,999,996,997,1,27.6247
56280.0000,5628,2940.3669,0.0000,1000,1000,1000,1,27.6898
56290.0000,5629,2940.3770,0.0000,1000,1000,999,1,27.7551
56300.0000,5630,2940.3874,0.0000,1000,1000,1000,1,27.7667
56310.0000,5631,2940.3978,0.0000,999,1000,996,1,27.8319
56320.0000,5632,2940.4076,0.0000,1000,1000,997,1,27.9510
56330.0000,5633,2940.4173,0.0000,999,999,997,1,27.9092
56340.0000,5634,2940.4272,0.0000,1000,1000,999,1,27.9744
56350.0000,5635,2940.4377,0.0000,1000,1000,1000,1,28.0932
56360.0000,5636,2940.4479,0.0000,998,1000,1000,1,28.2119
56370.0000,5637,2940.4580,0.0000,998,1000,1000,1,28.2767
56380.0000,5638,2940.4677,0.0000,995,1000,1000,1,28.2346
56390.0000,5639,2940.4773,0.0000,997,999,999,1,28.1927
56400.0000,5640,2940.4874,0.0000,999,1000,1000,1,28.1509
56410.0000,5641,2940.4974,0.0000,1000,1000,998,1,28.1624
56420.0000,5642,2940.5077,0.0000,999,999,1000,1,28.2278
56430.0000,5643,2940.5178,0.0000,1000,999,1000,1,28.0799
56440.0000,5644,2940.5276,0.0000,1000,998,1000,1,27.8791
56450.0000,5645,2940.5380,0.0000,1000,1000,1000,1,27.9447
56460.0000,5646,2940.5483,0.0000,999,998,999,1,27.9569
56470.0000,5647,2940.5583,0.0000,1000,1000,1000,1,27.8621
56480.0000,5648,2940.5687,0.0000,1000,999,999,1,27.9808
56490.0000,5649,2940.5789,0.0000,1000,999,1000,1,27.8859
56500.0000,5650,2940.5891,0.0000,1000,1000,1000,1,27.7913
56510.0000,5651,2940.5995,0.0000,1000,1000,1000,1,27.7505
56520.0000,5652,2940.6097,0.0000,1000,998,1000,1,27.5501
56530.0000,5653,2940.6199,0.0000,1000,999,1000,1,27.5091
56540.0000,5654,2940.6300,0.0000,1000,999,1000,1,27.5210
56550.0000,5655,2940.6401,0.0000,999,1000,1000,1,27.4259
56560.0000,5656,2940.6504,0.0000,1000,1000,999,1,27.4912
56570.0000,5657,2940.6607,0.0000,1000,1000,1000,1,27.6096
56580.0000,5658,2940.6710,0.0000,998,998,1000,1,27.6209
56590.0000,5659,2940.6809,0.0000,1000,997,998,1,27.5252
56600.0000,5660,2940.6910,0.0000,999,1000,999,1,27.5364
56610.0000,5661,2940.7009,0.0000,999,1000,999,1,27.5476
56620.0000,5662,2940.7108,0.0000,998,1000,998,1,27.6659
56630.0000,5663,2940.7206,0.0000,1000,999,999,1,27.5166
56640.0000,5664,2940.7307,0.0000,999,999,1000,1,27.5813
56650.0000,5665,2940.7409,0.0000,1000,999,1000,1,27.6461
56660.0000,5666,2940.7512,0.0000,999,998,1000,1,27.6036
56670.0000,5667,2940.7613,0.0000,999,1000,999,1,27.5609
56680.0000,5668,2940.7715,0.0000,999,999,1000,1,27.4107
56690.0000,5669,2940.7817,0.0000,1000,1000,999,1,27.4749
56700.0000,5670,2940.7916,0.0000,1000,995,1000,1,27.4026
56710.0000,5671,2940.8012,0.0000,1000,999,1000,1,27.4130
56720.0000,5672,2940.8115,0.0000,1000,998,1000,1,27.4769
56730.0000,5673,2940.8217,0.0000,1000,1000,1000,1,27.4870
56740.0000,5674,2940.8321,0.0000,1000,1000,1000,1,27.6046
56750.0000,5675,2940.8421,0.0000,999,999,998,1,27.5601
56760.0000,5676,2940.8523,0.0000,1000,1000,1000,1,27.6775
56770.0000,5677,2940.8626,0.0000,999,1000,1000,1,27.6869
56780.0000,5678,2940.8726,0.0000,1000,999,1000,1,27.6960
56790.0000,5679,2940.8827,0.0000,999,1000,1000,1,27.5970
56800.0000,5680,2940.8930,0.0000,999,1000,1000,1,27.7142
56810.0000,5681,2940.9032,0.0000,1000,1000,999,1,27.7236
56820.0000,5682,2940.9132,0.0000,998,1000,1000,1,27.6789
56830.0000,5683,2940.9234,0.0000,1000,1000,1000,1,27.6878
56840.0000,5684,2940.9336,0.0000,1000,1000,1000,1,27.6965
56850.0000,5685,2940.9437,0.0000,1000,1000,998,1,27.5969
56860.0000,5686,2940.9537,0.0000,1000,1000,1000,1,27.4978
56870.0000,5687,2940.9638,0.0000,999,1000,999,1,27.3985
56880.0000,5688,2940.9737,0.0000,1000,998,1000,1,27.4074
56890.0000,5689,2940.9839,0.0000,1000,999,998,1,27.5784
56900.0000,5690,2940.9937,0.0000,999,1000,1000,1,27.6411
56910.0000,5691,2941.0037,0.0000,1000,996,999,1,27.4873
56920.0000,5692,2941.0139,0.0000,1000,1000,1000,1,27.6581
56930.0000,5693,2941.0241,0.0000,1000,999,1000,1,27.6667
56940.0000,5694,2941.0339,0.0000,998,1000,999,1,27.6009
56950.0000,5695,2941.0441,0.0000,1000,1000,997,1,27.7175
56960.0000,5696,2941.0538,0.0000,1000,1000,997,1,27.7257
56970.0000,5697,2941.0635,0.0000,998,1000,1000,1,27.8422
56980.0000,5698,2941.0736,0.0000,999,1000,1000,1,27.9042
56990.0000,5699,2941.0835,0.0000,1000,999,1000,1,27.9116
57000.0000,5700,2941.0936,0.0000,999,1000,998,1,28.0277
57010.0000,5701,2941.1036,0.0000,1000,1000,1000,1,28.1438
57020.0000,5702,2941.1135,0.0000,999,999,999,1,28.2053
57030.0000,5703,2941.1236,0.0000,1000,1000,999,1,28.1039
57040.0000,5704,2941.1337,0.0000,1000,1000,999,1,28.0575
57050.0000,5705,2941.1437,0.0000,997,998,1000,1,28.0106
57060.0000,5706,2941.1538,0.0000,1000,998,1000,1,28.0178
57070.0000,5707,2941.1640,0.0000,999,1000,998,1,28.1337
57080.0000,5708,2941.1741,0.0000,1000,998,1000,1,27.9775
57090.0000,5709,2941.1840,0.0000,999,999,1000,1,27.9847
57100.0000,5710,2941.1939,0.0000,996,1000,997,1,27.9374
57110.0000,5711,2941.2030,0.0000,999,1000,999,1,27.8368
57120.0000,5712,2941.2130,0.0000,1000,999,1000,1,27.7906
57130.0000,5713,2941.2230,0.0000,999,998,1000,1,27.8525
57140.0000,5714,2941.2328,0.0000,1000,997,998,1,27.7518
57150.0000,5715,2941.2424,0.0000,1000,996,1000,1,27.7052
57160.0000,5716,2941.2524,0.0000,1000,999,1000,1,27.7670
57170.0000,5717,2941.2626,0.0000,1000,1000,1000,1,27.8829
57180.0000,5718,2941.2726,0.0000,1000,998,1000,1,27.8357
57190.0000,5719,2941.2825,0.0000,1000,999,1000,1,27.7345
57200.0000,5720,2941.2928,0.0000,1000,999,1000,1,27.7417
57210.0000,5721,2941.3028,0.0000,999,999,999,1,27.6945
57220.0000,5722,2941.3127,0.0000,997,1000,1000,1,27.7560
57230.0000,5723,2941.3227,0.0000,1000,999,1000,1,27.7633
57240.0000,5724,2941.3328,0.0000,1000,999,1000,1,27.3921
57250.0000,5725,2941.3427,0.0000,1000,999,1000,1,27.3458
57260.0000,5726,2941.3528,0.0000,1000,1000,1000,1,27.5156
57270.0000,5727,2941.3628,0.0000,1000,1000,999,1,27.5770
57280.0000,5728,2941.3727,0.0000,997,998,1000,1,27.4761
57290.0000,5729,2941.3826,0.0000,1000,1000,999,1,27.5377
57300.0000,5730,2941.3927,0.0000,1000,999,1000,1,27.5480
57310.0000,5731,2941.4027,0.0000,999,1000,999,1,27.6097
57320.0000,5732,2941.4124,0.0000,1000,999,999,1,27.5091
57330.0000,5733,2941.4225,0.0000,1000,999,1000,1,27.6787
57340.0000,5734,2941.4325,0.0000,999,1000,1000,1,27.6320
57350.0000,5735,2941.4424,0.0000,1000,1000,996,1,27.5831
57360.0000,5736,2941.4520,0.0000,1000,1000,1000,1,27.5362
57370.0000,5737,2941.4620,0.0000,1000,1000,1000,1,27.5434
57380.0000,5738,2941.4720,0.0000,1000,997,1000,1,27.4963
57390.0000,5739,2941.4819,0.0000,999,999,999,1,27.5573
57400.0000,5740,2941.4918,0.0000,997,1000,1000,1,27.6184
57410.0000,5741,2941.5015,0.0000,1000,1000,999,1,27.6255
57420.0000,5742,2941.5113,0.0000,998,1000,999,1,27.7949
57430.0000,5743,2941.5213,0.0000,1000,999,999,1,27.7470
57440.0000,5744,2941.5310,0.0000,1000,998,999,1,27.7532
57450.0000,5745,2941.5411,0.0000,1000,999,1000,1,27.7052
57460.0000,5746,2941.5509,0.0000,998,1000,1000,1,27.4964
57470.0000,5747,2941.5609,0.0000,1000,999,1000,1,27.6113
57480.0000,5748,2941.5708,0.0000,1000,1000,1000,1,27.6717
57490.0000,5749,2941.5806,0.0000,998,998,998,1,27.5688
57500.0000,5750,2941.5903,0.0000,1000,999,1000,1,27.6836
57510.0000,5751,2941.5993,0.0000,1000,995,1000,1,27.7442
57520.0000,5752,2941.6089,0.0000,1000,999,1000,1,27.8048
57530.0000,5753,2941.6187,0.0000,1000,997,1000,1,27.8111
57540.0000,5754,2941.6282,0.0000,997,1000,1000,1,27.6552
57550.0000,5755,2941.6382,0.0000,1000,1000,1000,1,27.6618
57560.0000,5756,2941.6481,0.0000,1000,1000,1000,1,27.5603
57570.0000,5757,2941.6580,0.0000,998,999,1000,1,27.6209
57580.0000,5758,2941.6679,0.0000,998,1000,997,1,27.5730
57590.0000,5759,2941.6776,0.0000,999,999,1000,1,27.7418
57600.0000,5760,2941.6875,0.0000,1000,999,1000,1,27.8563
57610.0000,5761,2941.6972,0.0000,996,1000,1000,1,27.7545
57620.0000,5762,2941.7062,0.0000,994,1000,999,1,27.4917
57630.0000,5763,2941.7155,0.0000,998,1000,998,1,27.3370
57640.0000,5764,2941.7250,0.0000,998,1000,1000,1,27.2905
57650.0000,5765,2941.7349,0.0000,1000,999,999,1,27.1363
57660.0000,5766,2941.7445,0.0000,1000,997,1000,1,27.0363
57670.0000,5767,2941.7544,0.0000,1000,1000,999,1,27.0975
57680.0000,5768,2941.7643,0.0000,1000,1000,1000,1,27.2662
57690.0000,5769,2941.7742,0.0000,1000,999,999,1,27.3272
57700.0000,5770,2941.7841,0.0000,1000,997,1000,1,27.3341
57710.0000,5771,2941.7939,0.0000,999,1000,1000,1,27.3951
57720.0000,5772,2941.8037,0.0000,999,998,1000,1,27.2404
57730.0000,5773,2941.8135,0.0000,997,999,999,1,27.1937
57740.0000,5774,2941.8232,0.0000,1000,999,999,1,27.0397
57750.0000,5775,2941.8331,0.0000,1000,999,1000,1,27.1545
57760.0000,5776,2941.8430,0.0000,999,1000,999,1,27.1085
57770.0000,5777,2941.8527,0.0000,1000,1000,998,1,27.0094
57780.0000,5778,2941.8626,0.0000,1000,1000,1000,1,27.1242
57790.0000,5779,2941.8724,0.0000,1000,999,999,1,26.9853
57800.0000,5780,2941.8820,0.0000,997,999,999,1,26.9788
57810.0000,5781,2941.8918,0.0000,1000,1000,999,1,27.0402
57820.0000,5782,2941.9015,0.0000,1000,1000,999,1,26.9943
57830.0000,5783,2941.9113,0.0000,1000,1000,1000,1,26.9488
57840.0000,5784,2941.9209,0.0000,999,998,999,1,26.9571
57850.0000,5785,2941.9305,0.0000,1000,998,1000,1,26.9654
57860.0000,5786,2941.9402,0.0000,1000,1000,998,1,26.9206
57870.0000,5787,2941.9499,0.0000,1000,999,999,1,26.9822
57880.0000,5788,2941.9596,0.0000,1000,998,999,1,26.9377
57890.0000,5789,2941.9685,0.0000,998,998,999,1,26.9996
57900.0000,5790,2941.9776,0.0000,995,999,999,1,26.9028
57910.0000,5791,2941.9874,0.0000,1000,999,999,1,27.0180
57920.0000,5792,2941.9971,0.0000,1000,1000,999,1,27.0275
57930.0000,5793,2942.0070,0.0000,998,1000,998,1,27.0366
57940.0000,5794,2942.0166,0.0000,998,1000,1000,1,27.0986
57950.0000,5795,2942.0265,0.0000,999,999,999,1,27.0548
57960.0000,5796,2942.0359,0.0000,998,998,999,1,27.1167
57970.0000,5797,2942.0455,0.0000,1000,997,1000,1,27.1256
57980.0000,5798,2942.0552,0.0000,1000,1000,1000,1,27.0822
57990.0000,5799,2942.0650,0.0000,1000,999,1000,1,27.0387
58000.0000,5800,2942.0749,0.0000,1000,1000,1000,1,27.1537
58010.0000,5801,2942.0847,0.0000,1000,1000,1000,1,27.2156
58020.0000,5802,2942.0940,0.0000,999,997,1000,1,27.2778
58030.0000,5803,2942.1032,0.0000,999,998,1000,1,27.1819
58040.0000,5804,2942.1130,0.0000,999,1000,1000,1,27.0335
58050.0000,5805,2942.1227,0.0000,998,1000,1000,1,27.0433
58060.0000,5806,2942.1326,0.0000,997,1000,1000,1,27.1055
58070.0000,5807,2942.1420,0.0000,1000,999,1000,1,27.1148
58080.0000,5808,2942.1517,0.0000,1000,999,1000,1,27.1768
58090.0000,5809,2942.1609,0.0000,995,999,999,1,27.0274
58100.0000,5810,2942.1697,0.0000,997,999,1000,1,26.8785
58110.0000,5811,2942.1794,0.0000,1000,1000,999,1,26.8349
58120.0000,5812,2942.1889,0.0000,1000,999,999,1,26.8435
58130.0000,5813,2942.1986,0.0000,1000,1000,998,1,26.6934
58140.0000,5814,2942.2085,0.0000,1000,1000,1000,1,26.7019
58150.0000,5815,2942.2183,0.0000,1000,999,1000,1,26.5512
58160.0000,5816,2942.2279,0.0000,999,1000,1000,1,26.4535
58170.0000,5817,2942.2374,0.0000,997,1000,1000,1,26.6209
58180.0000,5818,2942.2470,0.0000,999,999,1000,1,26.6820
58190.0000,5819,2942.2565,0.0000,1000,1000,998,1,26.5837
58200.0000,5820,2942.2663,0.0000,1000,999,1000,1,26.6978
58210.0000,5821,2942.2759,0.0000,999,1000,999,1,26.4932
58220.0000,5822,2942.2853,0.0000,997,1000,1000,1,26.3954
58230.0000,5823,2942.2948,0.0000,1000,999,1000,1,26.3506
58240.0000,5824,2942.3043,0.0000,998,1000,996,1,26.4538
58250.0000,5825,2942.3134,0.0000,1000,999,998,1,26.2515
58260.0000,5826,2942.3229,0.0000,998,998,999,1,26.2079
58270.0000,5827,2942.3322,0.0000,1000,998,1000,1,26.1645
58280.0000,5828,2942.3418,0.0000,999,1000,1000,1,26.2359
58290.0000,5829,2942.3513,0.0000,1000,1000,998,1,26.1309
58300.0000,5830,2942.3608,0.0000,998,998,1000,1,26.0459
58310.0000,5831,2942.3702,0.0000,1000,1000,1000,1,26.0564
58320.0000,5832,2942.3797,0.0000,999,997,999,1,25.9106
58330.0000,5833,2942.3892,0.0000,999,998,1000,1,25.9213
58340.0000,5834,2942.3987,0.0000,1000,1000,998,1,25.9320
58350.0000,5835,2942.4084,0.0000,999,1000,1000,1,25.8907
58360.0000,5836,2942.4181,0.0000,1000,1000,1000,1,25.9535
58370.0000,5837,2942.4276,0.0000,1000,1000,997,1,25.9190
58380.0000,5838,2942.4372,0.0000,1000,1000,1000,1,25.9815
58390.0000,5839,2942.4469,0.0000,999,1000,999,1,26.0438
58400.0000,5840,2942.4563,0.0000,1000,1000,1000,1,26.1583
58410.0000,5841,2942.4661,0.0000,1000,1000,1000,1,26.1681
58420.0000,5842,2942.4758,0.0000,1000,999,1000,1,26.1254
58430.0000,5843,2942.4853,0.0000,1000,999,999,1,25.9778
58440.0000,5844,2942.4946,0.0000,1000,997,1000,1,26.1445
58450.0000,5845,2942.5035,0.0000,1000,1000,999,1,26.0502
58460.0000,5846,2942.5131,0.0000,999,999,999,1,26.1127
58470.0000,5847,2942.5226,0.0000,999,999,999,1,26.0191
58480.0000,5848,2942.5320,0.0000,1000,1000,998,1,25.9781
58490.0000,5849,2942.5416,0.0000,998,1000,1000,1,25.7812
58500.0000,5850,2942.5507,0.0000,997,999,998,1,25.6283
58510.0000,5851,2942.5593,0.0000,993,1000,997,1,25.6393
58520.0000,5852,2942.5676,0.0000,992,1000,999,1,25.4965
58530.0000,5853,2942.5765,0.0000,995,999,997,1,25.3540
58540.0000,5854,2942.5847,0.0000,998,995,999,1,25.3147
58550.0000,5855,2942.5939,0.0000,1000,1000,1000,1,25.2758
58560.0000,5856,2942.6035,0.0000,1000,999,1000,1,25.3394
58570.0000,5857,2942.6131,0.0000,1000,998,1000,1,25.3513
58580.0000,5858,2942.6227,0.0000,1000,1000,1000,1,25.4147
58590.0000,5859,2942.6323,0.0000,1000,1000,999,1,25.3747
58600.0000,5860,2942.6420,0.0000,1000,1000,999,1,25.4379
58610.0000,5861,2942.6514,0.0000,1000,999,999,1,25.2996
58620.0000,5862,2942.6610,0.0000,998,1000,1000,1,25.4091
58630.0000,5863,2942.6704,0.0000,997,1000,1000,1,25.5235
58640.0000,5864,2942.6799,0.0000,1000,1000,999,1,25.5346
58650.0000,5865,2942.6895,0.0000,1000,999,1000,1,25.6491
58660.0000,5866,2942.6990,0.0000,998,999,999,1,25.7118
58670.0000,5867,2942.7083,0.0000,999,999,999,1,25.6713
58680.0000,5868,2942.7177,0.0000,1000,1000,1000,1,25.7859
58690.0000,5869,2942.7273,0.0000,1000,1000,1000,1,25.7973
58700.0000,5870,2942.7368,0.0000,1000,1000,999,1,25.7565
58710.0000,5871,2942.7464,0.0000,1000,1000,1000,1,25.9225
58720.0000,5872,2942.7560,0.0000,1000,1000,1000,1,25.9848
58730.0000,5873,2942.7655,0.0000,1000,1000,999,1,26.0469
58740.0000,5874,2942.7751,0.0000,1000,998,1000,1,26.1089
58750.0000,5875,2942.7847,0.0000,999,1000,1000,1,26.1187
58760.0000,5876,2942.7942,0.0000,999,1000,999,1,26.0241
58770.0000,5877,2942.8037,0.0000,1000,1000,999,1,26.0858
58780.0000,5878,2942.8132,0.0000,997,1000,1000,1,25.9911
58790.0000,5879,2942.8221,0.0000,998,998,999,1,25.9491
58800.0000,5880,2942.8312,0.0000,999,998,1000,1,26.0111
58810.0000,5881,2942.8403,0.0000,998,998,998,1,25.8148
58820.0000,5882,2942.8493,0.0000,999,1000,999,1,25.6707
58830.0000,5883,2942.8588,0.0000,998,999,1000,1,25.8363
58840.0000,5884,2942.8684,0.0000,1000,999,1000,1,25.7960
58850.0000,5885,2942.8780,0.0000,999,1000,999,1,25.7555
58860.0000,5886,2942.8872,0.0000,1000,1000,1000,1,25.5598
58870.0000,5887,2942.8966,0.0000,1000,1000,999,1,25.5192
58880.0000,5888,2942.9057,0.0000,998,1000,997,1,25.3316
58890.0000,5889,2942.9147,0.0000,998,1000,1000,1,25.3863
58900.0000,5890,2942.9240,0.0000,1000,999,1000,1,25.3977
58910.0000,5891,2942.9334,0.0000,999,998,1000,1,25.4092
58920.0000,5892,2942.9427,0.0000,999,1000,1000,1,25.5234
58930.0000,5893,2942.9523,0.0000,1000,998,1000,1,25.5863
58940.0000,5894,2942.9617,0.0000,1000,1000,1000,1,25.5982
58950.0000,5895,2942.9711,0.0000,999,998,1000,1,25.5594
58960.0000,5896,2942.9804,0.0000,999,1000,1000,1,25.3676
58970.0000,5897,2942.9899,0.0000,1000,998,1000,1,25.4308
58980.0000,5898,2942.9992,0.0000,1000,1000,999,1,25.3918
58990.0000,5899,2943.0087,0.0000,1000,1000,999,1,25.3525
59000.0000,5900,2943.0180,0.0000,999,997,998,1,25.3189
59010.0000,5901,2943.0273,0.0000,1000,1000,1000,1,25.3308
59020.0000,5902,2943.0367,0.0000,999,1000,1000,1,25.4387
59030.0000,5903,2943.0458,0.0000,997,998,1000,1,25.3996
59040.0000,5904,2943.0552,0.0000,1000,1000,1000,1,25.3606
59050.0000,5905,2943.0647,0.0000,999,1000,1000,1,25.5257
59060.0000,5906,2943.0742,0.0000,999,999,999,1,25.6394
59070.0000,5907,2943.0837,0.0000,1000,1000,998,1,25.6504
59080.0000,5908,2943.0926,0.0000,1000,998,998,1,25.6102
59090.0000,5909,2943.1021,0.0000,1000,1000,998,1,25.6211
59100.0000,5910,2943.1116,0.0000,999,1000,1000,1,25.7859
59110.0000,5911,2943.1212,0.0000,998,998,999,1,25.8993
59120.0000,5912,2943.1301,0.0000,999,1000,1000,1,25.8071
59130.0000,5913,2943.1395,0.0000,1000,998,1000,1,25.8178
59140.0000,5914,2943.1490,0.0000,1000,1000,999,1,25.8286
59150.0000,5915,2943.1584,0.0000,1000,1000,1000,1,25.8905
59160.0000,5916,2943.1676,0.0000,995,998,999,1,25.8496
59170.0000,5917,2943.1762,0.0000,999,1000,998,1,25.6616
59180.0000,5918,2943.1856,0.0000,998,1000,999,1,25.5701
59190.0000,5919,2943.1950,0.0000,1000,1000,1000,1,25.5233
59200.0000,5920,2943.2043,0.0000,999,1000,999,1,25.5342
59210.0000,5921,2943.2137,0.0000,1000,1000,1000,1,25.6024
59220.0000,5922,2943.2231,0.0000,999,1000,1000,1,25.5619
59230.0000,5923,2943.2320,0.0000,998,999,1000,1,25.4642
59240.0000,5924,2943.2411,0.0000,996,1000,1000,1,25.5116
59250.0000,5925,2943.2500,0.0000,1000,1000,997,1,25.6248
59260.0000,5926,2943.2585,0.0000,998,1000,995,1,25.7380
59270.0000,5927,2943.2674,0.0000,1000,1000,1000,1,25.9023
59280.0000,5928,2943.2768,0.0000,1000,1000,1000,1,25.9642
59290.0000,5929,2943.2859,0.0000,1000,1000,1000,1,26.0259
59300.0000,5930,2943.2953,0.0000,1000,999,1000,1,26.0361
59310.0000,5931,2943.3047,0.0000,999,1000,1000,1,26.0464
59320.0000,5932,2943.3142,0.0000,1000,999,999,1,26.0053
59330.0000,5933,2943.3235,0.0000,1000,1000,1000,1,26.0154
59340.0000,5934,2943.3330,0.0000,1000,1000,1000,1,26.1281
59350.0000,5935,2943.3423,0.0000,1000,1000,1000,1,26.1379
59360.0000,5936,2943.3517,0.0000,1000,1000,998,1,26.1992
59370.0000,5937,2943.3610,0.0000,999,1000,1000,1,26.2607
59380.0000,5938,2943.3701,0.0000,1000,1000,997,1,26.2196
59390.0000,5939,2943.3795,0.0000,1000,1000,999,1,26.3322
59400.0000,5940,2943.3888,0.0000,1000,1000,998,1,26.3935
59410.0000,5941,2943.3981,0.0000,999,1000,999,1,26.5061
59420.0000,5942,2943.4075,0.0000,998,1000,1000,1,26.6186
59430.0000,5943,2943.4166,0.0000,998,999,1000,1,26.7310
59440.0000,5944,2943.4259,0.0000,998,999,1000,1,26.6375
59450.0000,5945,2943.4347,0.0000,997,1000,998,1,26.6983
59460.0000,5946,2943.4437,0.0000,999,1000,1000,1,26.7591
59470.0000,5947,2943.4531,0.0000,1000,999,999,1,26.7167
59480.0000,5948,2943.4624,0.0000,1000,999,1000,1,26.7772
59490.0000,5949,2943.4715,0.0000,1000,1000,997,1,26.9408
59500.0000,5950,2943.4806,0.0000,999,999,1000,1,26.8977
59510.0000,5951,2943.4898,0.0000,1000,1000,997,1,26.9577
59520.0000,5952,2943.4987,0.0000,999,1000,996,1,26.9142
59530.0000,5953,2943.5077,0.0000,1000,1000,999,1,26.8186
59540.0000,5954,2943.5169,0.0000,999,1000,1000,1,26.8784
59550.0000,5955,2943.5260,0.0000,1000,999,1000,1,26.8863
59560.0000,5956,2943.5353,0.0000,999,1000,997,1,26.8425
59570.0000,5957,2943.5443,0.0000,999,998,1000,1,26.7472
59580.0000,5958,2943.5532,0.0000,1000,999,1000,1,26.6517
59590.0000,5959,2943.5624,0.0000,1000,999,1000,1,26.6079
59600.0000,5960,2943.5716,0.0000,1000,1000,1000,1,26.4608
59610.0000,5961,2943.5809,0.0000,1000,1000,1000,1,26.4171
59620.0000,5962,2943.5902,0.0000,999,1000,1000,1,26.5287
59630.0000,5963,2943.5992,0.0000,1000,995,1000,1,26.2265
59640.0000,5964,2943.6082,0.0000,1000,1000,999,1,26.2861
59650.0000,5965,2943.6175,0.0000,1000,1000,1000,1,26.3977
59660.0000,5966,2943.6269,0.0000,1000,1000,1000,1,26.5092
59670.0000,5967,2943.6361,0.0000,999,999,998,1,26.4655
59680.0000,5968,2943.6453,0.0000,999,1000,1000,1,26.2673
59690.0000,5969,2943.6545,0.0000,997,1000,1000,1,26.3273
59700.0000,5970,2943.6636,0.0000,1000,1000,1000,1,26.3873
59710.0000,5971,2943.6728,0.0000,1000,1000,1000,1,26.3440
59720.0000,5972,2943.6821,0.0000,1000,1000,999,1,26.3522
59730.0000,5973,2943.6911,0.0000,997,998,999,1,26.2579
59740.0000,5974,2943.7000,0.0000,999,997,999,1,26.1635
59750.0000,5975,2943.7089,0.0000,999,996,999,1,26.0178
59760.0000,5976,2943.7176,0.0000,999,998,999,1,25.8217
59770.0000,5977,2943.7267,0.0000,1000,999,1000,1,25.8652
59780.0000,5978,2943.7359,0.0000,1000,1000,1000,1,25.9259
59790.0000,5979,2943.7452,0.0000,1000,999,1000,1,25.9863
59800.0000,5980,2943.7543,0.0000,1000,1000,1000,1,25.9448
59810.0000,5981,2943.7634,0.0000,1000,1000,999,1,25.9545
59820.0000,5982,2943.7721,0.0000,999,999,1000,1,25.8117
59830.0000,5983,2943.7812,0.0000,998,998,1000,1,25.7205
59840.0000,5984,2943.7900,0.0000,998,1000,998,1,25.7310
59850.0000,5985,2943.7992,0.0000,1000,999,999,1,25.8430
59860.0000,5986,2943.8083,0.0000,1000,998,1000,1,25.7016
59870.0000,5987,2943.8172,0.0000,1000,1000,1000,1,25.6116
59880.0000,5988,2943.8263,0.0000,999,999,1000,1,25.5720
59890.0000,5989,2943.8355,0.0000,997,999,1000,1,25.4311
59900.0000,5990,2943.8443,0.0000,1000,1000,1000,1,25.3516
59910.0000,5991,2943.8535,0.0000,1000,998,1000,1,25.4025
59920.0000,5992,2943.8621,0.0000,999,1000,996,1,25.3639
59930.0000,5993,2943.8709,0.0000,1000,996,1000,1,25.3253
59940.0000,5994,2943.8801,0.0000,1000,1000,1000,1,25.4376
59950.0000,5995,2943.8892,0.0000,1000,1000,1000,1,25.3489
59960.0000,5996,2943.8983,0.0000,999,1000,1000,1,25.4203
59970.0000,5997,2943.9074,0.0000,999,1000,999,1,25.3818
59980.0000,5998,2943.9166,0.0000,1000,1000,999,1,25.4940
59990.0000,5999,2943.9257,0.0000,1000,999,1000,1,25.5560
60000.0000,6000,2943.9349,0.0000,1000,1000,1000,1,25.5679
60010.0000,6001,2943.9437,0.0000,999,1000,999,1,25.6801
60020.0000,6002,2943.9526,0.0000,998,1000,999,1,25.7923
60030.0000,6003,2943.9618,0.0000,999,1000,1000,1,25.8045
60040.0000,6004,2943.9707,0.0000,999,998,999,1,25.5665
60050.0000,6005,2943.9791,0.0000,999,999,1000,1,25.5786
60060.0000,6006,2943.9878,0.0000,1000,996,994,1,25.2926
60070.0000,6007,2943.9960,0.0000,1000,999,999,1,25.3550
60080.0000,6008,2944.0051,0.0000,1000,1000,1000,1,25.3681
60090.0000,6009,2944.0141,0.0000,999,1000,998,1,25.2817
60100.0000,6010,2944.0232,0.0000,997,1000,999,1,25.3444
60110.0000,6011,2944.0321,0.0000,1000,1000,998,1,25.4069
60120.0000,6012,2944.0410,0.0000,999,999,1000,1,25.3694
60130.0000,6013,2944.0500,0.0000,999,1000,1000,1,25.3323
60140.0000,6014,2944.0592,0.0000,1000,1000,999,1,25.4446
60150.0000,6015,2944.0682,0.0000,1000,998,998,1,25.5068
60160.0000,6016,2944.0768,0.0000,995,998,1000,1,25.3692
60170.0000,6017,2944.0852,0.0000,998,1000,1000,1,25.2331
60180.0000,6018,2944.0943,0.0000,1000,998,998,1,25.2460
60190.0000,6019,2944.1033,0.0000,1000,1000,999,1,25.2091
60200.0000,6020,2944.1122,0.0000,998,1000,999,1,25.0735
60210.0000,6021,2944.1211,0.0000,1000,1000,1000,1,25.1364
60220.0000,6022,2944.1299,0.0000,998,1000,1000,1,24.9019
60230.0000,6023,2944.1388,0.0000,999,998,999,1,24.8160
60240.0000,6024,2944.1477,0.0000,1000,1000,1000,1,24.8787
60250.0000,6025,2944.1569,0.0000,1000,999,1000,1,24.8922
60260.0000,6026,2944.1661,0.0000,999,1000,1000,1,24.9553
60270.0000,6027,2944.1752,0.0000,998,1000,999,1,24.9190
60280.0000,6028,2944.1838,0.0000,996,999,1000,1,24.9442
60290.0000,6029,2944.1919,0.0000,996,999,1000,1,25.0071
60300.0000,6030,2944.2008,0.0000,1000,1000,999,1,24.9219
60310.0000,6031,2944.2098,0.0000,999,998,1000,1,25.0835
60320.0000,6032,2944.2188,0.0000,998,1000,1000,1,25.0476
60330.0000,6033,2944.2279,0.0000,1000,999,1000,1,25.1598
60340.0000,6034,2944.2362,0.0000,999,998,996,1,24.9635
60350.0000,6035,2944.2450,0.0000,1000,1000,997,1,24.9769
60360.0000,6036,2944.2534,0.0000,999,1000,996,1,24.9905
60370.0000,6037,2944.2622,0.0000,999,1000,999,1,25.0039
60380.0000,6038,2944.2714,0.0000,999,1000,1000,1,25.1161
60390.0000,6039,2944.2805,0.0000,1000,1000,1000,1,25.1294
60400.0000,6040,2944.2892,0.0000,1000,1000,995,1,25.2413
60410.0000,6041,2944.2968,0.0000,999,992,1000,1,24.9103
60420.0000,6042,2944.3048,0.0000,1000,995,998,1,24.9235
60430.0000,6043,2944.3125,0.0000,998,992,1000,1,24.8492
60440.0000,6044,2944.3198,0.0000,998,993,1000,1,24.8635
60450.0000,6045,2944.3279,0.0000,1000,997,1000,1,24.8780
60460.0000,6046,2944.3365,0.0000,1000,997,1000,1,24.8924
60470.0000,6047,2944.3449,0.0000,998,997,1000,1,24.9072
60480.0000,6048,2944.3538,0.0000,999,998,999,1,24.9217
60490.0000,6049,2944.3622,0.0000,997,999,998,1,24.7415
60500.0000,6050,2944.3711,0.0000,1000,1000,1000,1,24.7563
60510.0000,6051,2944.3800,0.0000,999,1000,999,1,24.6736
60520.0000,6052,2944.3889,0.0000,1000,1000,1000,1,24.6887
60530.0000,6053,2944.3979,0.0000,998,999,1000,1,24.7040
60540.0000,6054,2944.4065,0.0000,1000,999,1000,1,24.8165
60550.0000,6055,2944.4154,0.0000,1000,1000,998,1,24.7831
60560.0000,6056,2944.4238,0.0000,1000,1000,1000,1,24.7010
60570.0000,6057,2944.4328,0.0000,997,1000,997,1,24.5699
60580.0000,6058,2944.4411,0.0000,998,1000,1000,1,24.4875
60590.0000,6059,2944.4500,0.0000,1000,999,1000,1,24.5023
60600.0000,6060,2944.4591,0.0000,999,1000,998,1,24.5657
60610.0000,6061,2944.4676,0.0000,1000,1000,997,1,24.4338
60620.0000,6062,2944.4764,0.0000,1000,996,1000,1,24.4482
60630.0000,6063,2944.4847,0.0000,998,996,1000,1,24.5117
60640.0000,6064,2944.4934,0.0000,1000,998,999,1,24.5267
60650.0000,6065,2944.5023,0.0000,1000,997,1000,1,24.5419
60660.0000,6066,2944.5112,0.0000,1000,1000,999,1,24.6054
60670.0000,6067,2944.5201,0.0000,998,1000,998,1,24.4260
60680.0000,6068,2944.5287,0.0000,997,1000,1000,1,24.4410
60690.0000,6069,2944.5372,0.0000,999,999,1000,1,24.4072
60700.0000,6070,2944.5462,0.0000,1000,1000,999,1,24.4708
60710.0000,6071,2944.5551,0.0000,999,999,999,1,24.3886
60720.0000,6072,2944.5635,0.0000,1000,997,999,1,24.1134
60730.0000,6073,2944.5725,0.0000,999,1000,1000,1,24.1293
60740.0000,6074,2944.5815,0.0000,1000,999,1000,1,24.2416
60750.0000,6075,2944.5904,0.0000,1000,1000,1000,1,24.3054
60760.0000,6076,2944.5992,0.0000,999,999,1000,1,24.2723
60770.0000,6077,2944.6081,0.0000,997,1000,1000,1,24.1909
60780.0000,6078,2944.6168,0.0000,1000,998,1000,1,24.2064
60790.0000,6079,2944.6258,0.0000,999,1000,1000,1,24.2218
60800.0000,6080,2944.6346,0.0000,998,998,1000,1,24.2855
60810.0000,6081,2944.6434,0.0000,1000,1000,1000,1,24.3493
60820.0000,6082,2944.6521,0.0000,998,999,1000,1,24.2192
60830.0000,6083,2944.6607,0.0000,997,996,1000,1,24.3313
60840.0000,6084,2944.6693,0.0000,1000,999,1000,1,24.3466
60850.0000,6085,2944.6782,0.0000,1000,1000,1000,1,24.3618
60860.0000,6086,2944.6869,0.0000,999,999,1000,1,24.5221
60870.0000,6087,2944.6952,0.0000,999,997,996,1,24.3436
60880.0000,6088,2944.7036,0.0000,998,1000,999,1,24.2624
60890.0000,6089,2944.7121,0.0000,1000,1000,1000,1,24.3262
60900.0000,6090,2944.7210,0.0000,998,1000,1000,1,24.4382
60910.0000,6091,2944.7298,0.0000,1000,999,1000,1,24.4536
60920.0000,6092,2944.7385,0.0000,1000,999,999,1,24.4207
60930.0000,6093,2944.7473,0.0000,1000,1000,1000,1,24.3879
60940.0000,6094,2944.7560,0.0000,1000,1000,1000,1,24.4517
60950.0000,6095,2944.7647,0.0000,1000,1000,999,1,24.4673
60960.0000,6096,2944.7735,0.0000,1000,1000,999,1,24.5792
60970.0000,6097,2944.7824,0.0000,1000,999,1000,1,24.5463
60980.0000,6098,2944.7910,0.0000,1000,1000,1000,1,24.4651
60990.0000,6099,2944.7999,0.0000,1000,999,1000,1,24.4320
61000.0000,6100,2944.8087,0.0000,997,999,1000,1,24.4955
61010.0000,6101,2944.8175,0.0000,998,1000,1000,1,24.6071
61020.0000,6102,2944.8259,0.0000,1000,999,999,1,24.6223
61030.0000,6103,2944.8345,0.0000,1000,1000,998,1,24.4931
61040.0000,6104,2944.8433,0.0000,999,1000,999,1,24.4118
61050.0000,6105,2944.8522,0.0000,999,998,1000,1,24.4750
61060.0000,6106,2944.8610,0.0000,1000,1000,1000,1,24.4897
61070.0000,6107,2944.8699,0.0000,1000,1000,1000,1,24.5529
61080.0000,6108,2944.8785,0.0000,1000,1000,998,1,24.4227
61090.0000,6109,2944.8869,0.0000,1000,999,996,1,24.2920
61100.0000,6110,2944.8951,0.0000,1000,1000,994,1,24.1135
61110.0000,6111,2944.9033,0.0000,1000,1000,999,1,24.1278
61120.0000,6112,2944.9119,0.0000,998,1000,998,1,24.1911
61130.0000,6113,2944.9206,0.0000,1000,1000,1000,1,24.3507
61140.0000,6114,2944.9295,0.0000,1000,1000,1000,1,24.3655
61150.0000,6115,2944.9383,0.0000,1000,1000,1000,1,24.3801
61160.0000,6116,2944.9472,0.0000,1000,1000,999,1,24.4913
61170.0000,6117,2944.9560,0.0000,1000,1000,997,1,24.4087
61180.0000,6118,2944.9646,0.0000,1000,998,1000,1,24.3259
61190.0000,6119,2944.9732,0.0000,997,998,1000,1,24.2436
61200.0000,6120,2944.9816,0.0000,998,1000,1000,1,24.2450
61210.0000,6121,2944.9904,0.0000,997,1000,1000,1,24.2594
61220.0000,6122,2944.9989,0.0000,1000,998,997,1,24.1770
61230.0000,6123,2945.0075,0.0000,1000,1000,1000,1,24.2879
61240.0000,6124,2945.0164,0.0000,1000,1000,1000,1,24.3633
61250.0000,6125,2945.0252,0.0000,1000,1000,1000,1,24.3636
61260.0000,6126,2945.0341,0.0000,1000,1000,1000,1,24.4877
61270.0000,6127,2945.0426,0.0000,1000,999,999,1,24.3065
61280.0000,6128,2945.0515,0.0000,1000,1000,1000,1,24.4040
61290.0000,6129,2945.0603,0.0000,1000,1000,998,1,24.4171
61300.0000,6130,2945.0686,0.0000,1000,997,1000,1,24.3944
61310.0000,6131,2945.0774,0.0000,1000,999,999,1,24.5047
61320.0000,6132,2945.0862,0.0000,999,1000,999,1,24.4683
61330.0000,6133,2945.0948,0.0000,1000,997,1000,1,24.4807
61340.0000,6134,2945.1035,0.0000,998,1000,1000,1,24.4445
61350.0000,6135,2945.1122,0.0000,1000,1000,998,1,24.2625
61360.0000,6136,2945.1208,0.0000,1000,1000,1000,1,24.3459
61370.0000,6137,2945.1290,0.0000,1000,998,996,1,24.4076
61380.0000,6138,2945.1377,0.0000,1000,1000,999,1,24.5180
61390.0000,6139,2945.1465,0.0000,1000,999,1000,1,24.6282
61400.0000,6140,2945.1552,0.0000,999,998,1000,1,24.5922
61410.0000,6141,2945.1638,0.0000,1000,999,1000,1,24.6050
61420.0000,6142,2945.1723,0.0000,998,999,1000,1,24.4715
61430.0000,6143,2945.1808,0.0000,999,1000,1000,1,24.4359
61440.0000,6144,2945.1895,0.0000,1000,1000,999,1,24.5460
61450.0000,6145,2945.1981,0.0000,998,997,1000,1,24.5588
61460.0000,6146,2945.2067,0.0000,1000,998,1000,1,24.5230
61470.0000,6147,2945.2153,0.0000,1000,1000,997,1,24.4871
61480.0000,6148,2945.2237,0.0000,999,1000,1000,1,24.2082
61490.0000,6149,2945.2326,0.0000,1000,1000,1000,1,24.2974
61500.0000,6150,2945.2413,0.0000,997,1000,1000,1,24.3100
61510.0000,6151,2945.2499,0.0000,999,1000,997,1,24.1970
61520.0000,6152,2945.2581,0.0000,999,1000,998,1,24.1885
61530.0000,6153,2945.2664,0.0000,999,1000,996,1,24.0429
61540.0000,6154,2945.2748,0.0000,999,1000,1000,1,24.1040
61550.0000,6155,2945.2835,0.0000,999,1000,1000,1,24.0304
61560.0000,6156,2945.2922,0.0000,1000,998,1000,1,24.0427
61570.0000,6157,2945.3008,0.0000,1000,1000,998,1,24.0550
61580.0000,6158,2945.3093,0.0000,999,998,1000,1,24.1646
61590.0000,6159,2945.3176,0.0000,999,999,999,1,24.1279
61600.0000,6160,2945.3263,0.0000,1000,999,1000,1,24.1889
61610.0000,6161,2945.3350,0.0000,1000,1000,1000,1,24.1036
61620.0000,6162,2945.3438,0.0000,999,997,1000,1,24.1373
61630.0000,6163,2945.3518,0.0000,998,998,999,1,24.2253
61640.0000,6164,2945.3601,0.0000,998,1000,999,1,24.2377
61650.0000,6165,2945.3685,0.0000,997,1000,1000,1,24.2987
61660.0000,6166,2945.3766,0.0000,999,1000,999,1,24.4083
61670.0000,6167,2945.3848,0.0000,998,997,999,1,24.3234
61680.0000,6168,2945.3929,0.0000,1000,998,999,1,24.3844
61690.0000,6169,2945.4014,0.0000,999,999,998,1,24.3485
61700.0000,6170,2945.4100,0.0000,1000,999,1000,1,24.3133
61710.0000,6171,2945.4184,0.0000,1000,999,1000,1,24.3269
61720.0000,6172,2945.4271,0.0000,999,1000,1000,1,24.3406
61730.0000,6173,2945.4357,0.0000,1000,1000,1000,1,24.2581
61740.0000,6174,2945.4445,0.0000,999,1000,1000,1,24.4161
61750.0000,6175,2945.4532,0.0000,999,1000,1000,1,24.5258
61760.0000,6176,2945.4619,0.0000,1000,999,998,1,24.4422
61770.0000,6177,2945.4703,0.0000,1000,1000,1000,1,24.5517
61780.0000,6178,2945.4788,0.0000,1000,1000,998,1,24.6128
61790.0000,6179,2945.4874,0.0000,999,1000,1000,1,24.6738
61800.0000,6180,2945.4957,0.0000,999,1000,997,1,24.6374
61810.0000,6181,2945.5041,0.0000,1000,1000,999,1,24.6495
61820.0000,6182,2945.5127,0.0000,999,1000,1000,1,24.6616
61830.0000,6183,2945.5214,0.0000,1000,1000,999,1,24.5761
61840.0000,6184,2945.5302,0.0000,1000,1000,1000,1,24.7339
61850.0000,6185,2945.5388,0.0000,1000,1000,999,1,24.7453
61860.0000,6186,2945.5474,0.0000,1000,999,999,1,24.7567
61870.0000,6187,2945.5557,0.0000,1000,1000,997,1,24.4278
61880.0000,6188,2945.5643,0.0000,1000,1000,1000,1,24.5853
61890.0000,6189,2945.5730,0.0000,1000,999,1000,1,24.6454
61900.0000,6190,2945.5815,0.0000,1000,1000,998,1,24.4851
61910.0000,6191,2945.5898,0.0000,997,999,999,1,24.4241
61920.0000,6192,2945.5982,0.0000,999,1000,999,1,24.5328
61930.0000,6193,2945.6063,0.0000,997,1000,1000,1,24.4950
61940.0000,6194,2945.6144,0.0000,998,999,999,1,24.5065
61950.0000,6195,2945.6230,0.0000,1000,1000,998,1,24.5666
61960.0000,6196,2945.6316,0.0000,999,999,1000,1,24.5781
61970.0000,6197,2945.6400,0.0000,1000,1000,998,1,24.3466
61980.0000,6198,2945.6485,0.0000,1000,999,1000,1,24.3582
61990.0000,6199,2945.6570,0.0000,999,1000,998,1,24.3699
62000.0000,6200,2945.6652,0.0000,1000,1000,1000,1,24.2844
62010.0000,6201,2945.6738,0.0000,1000,1000,999,1,24.2685
62020.0000,6202,2945.6822,0.0000,999,1000,999,1,24.2317
62030.0000,6203,2945.6908,0.0000,1000,999,1000,1,24.3681
62040.0000,6204,2945.6989,0.0000,1000,1000,999,1,24.2829
62050.0000,6205,2945.7073,0.0000,997,998,1000,1,24.2947
62060.0000,6206,2945.7152,0.0000,1000,999,1000,1,24.3074
62070.0000,6207,2945.7238,0.0000,1000,1000,1000,1,24.1759
62080.0000,6208,2945.7322,0.0000,996,998,1000,1,24.2371
62090.0000,6209,2945.7404,0.0000,1000,1000,1000,1,24.1551
62100.0000,6210,2945.7489,0.0000,1000,999,999,1,24.1208
62110.0000,6211,2945.7573,0.0000,999,1000,1000,1,24.0869
62120.0000,6212,2945.7660,0.0000,999,1000,1000,1,24.0534
62130.0000,6213,2945.7746,0.0000,1000,1000,1000,1,24.1151
62140.0000,6214,2945.7832,0.0000,999,1000,1000,1,24.0981
62150.0000,6215,2945.7915,0.0000,1000,1000,999,1,24.1115
62160.0000,6216,2945.7999,0.0000,998,1000,1000,1,24.0292
62170.0000,6217,2945.8083,0.0000,999,1000,1000,1,24.0255
62180.0000,6218,2945.8169,0.0000,1000,1000,999,1,23.9909
62190.0000,6219,2945.8254,0.0000,999,1000,999,1,23.9734
62200.0000,6220,2945.8339,0.0000,999,1000,1000,1,23.9393
62210.0000,6221,2945.8425,0.0000,997,1000,1000,1,23.9838
62220.0000,6222,2945.8511,0.0000,1000,1000,1000,1,24.0449
62230.0000,6223,2945.8595,0.0000,998,1000,1000,1,24.1791
62240.0000,6224,2945.8679,0.0000,998,1000,1000,1,24.2400
62250.0000,6225,2945.8762,0.0000,1000,1000,998,1,24.3967
62260.0000,6226,2945.8845,0.0000,999,1000,999,1,24.4099
62270.0000,6227,2945.8929,0.0000,1000,1000,999,1,24.4709
62280.0000,6228,2945.9014,0.0000,1000,998,1000,1,24.3890
62290.0000,6229,2945.9098,0.0000,1000,1000,999,1,24.4026
62300.0000,6230,2945.9184,0.0000,1000,1000,999,1,24.3685
62310.0000,6231,2945.9269,0.0000,1000,1000,1000,1,24.5250
62320.0000,6232,2945.9351,0.0000,1000,1000,994,1,24.4908
62330.0000,6233,2945.9433,0.0000,1000,1000,1000,1,24.5519
62340.0000,6234,2945.9516,0.0000,999,1000,1000,1,24.6130
62350.0000,6235,2945.9601,0.0000,1000,1000,1000,1,24.6266
62360.0000,6236,2945.9684,0.0000,1000,1000,998,1,24.7353
62370.0000,6237,2945.9767,0.0000,998,999,1000,1,24.7014
62380.0000,6238,2945.9851,0.0000,1000,1000,999,1,24.8102
62390.0000,6239,2945.9932,0.0000,1000,997,999,1,24.6827
62400.0000,6240,2946.0016,0.0000,1000,1000,1000,1,24.7443
62410.0000,6241,2946.0100,0.0000,998,999,999,1,24.8059
62420.0000,6242,2946.0180,0.0000,999,1000,1000,1,24.7260
62430.0000,6243,2946.0264,0.0000,1000,1000,1000,1,24.8351
62440.0000,6244,2946.0349,0.0000,1000,998,1000,1,24.8499
62450.0000,6245,2946.0434,0.0000,1000,1000,1000,1,24.9118
62460.0000,6246,2946.0517,0.0000,999,999,1000,1,24.8323
62470.0000,6247,2946.0599,0.0000,1000,1000,1000,1,24.7532
62480.0000,6248,2946.0683,0.0000,1000,1000,997,1,24.8153
62490.0000,6249,2946.0769,0.0000,1000,1000,999,1,24.9244
62500.0000,6250,2946.0853,0.0000,1000,999,999,1,24.7978
62510.0000,6251,2946.0937,0.0000,999,1000,1000,1,24.8596
62520.0000,6252,2946.1022,0.0000,1000,998,1000,1,24.8742
62530.0000,6253,2946.1106,0.0000,1000,999,999,1,24.8412
62540.0000,6254,2946.1191,0.0000,1000,1000,1000,1,24.7614
62550.0000,6255,2946.1274,0.0000,1000,997,999,1,24.5402
62560.0000,6256,2946.1357,0.0000,997,998,1000,1,24.4610
62570.0000,6257,2946.1436,0.0000,999,995,1000,1,24.2882
62580.0000,6258,2946.1512,0.0000,1000,996,1000,1,24.3496
62590.0000,6259,2946.1593,0.0000,1000,1000,998,1,24.4584
62600.0000,6260,2946.1675,0.0000,1000,1000,999,1,24.4736
62610.0000,6261,2946.1759,0.0000,1000,997,999,1,24.3013
62620.0000,6262,2946.1840,0.0000,1000,998,998,1,24.2695
62630.0000,6263,2946.1923,0.0000,1000,1000,1000,1,24.3784
62640.0000,6264,2946.2007,0.0000,1000,1000,1000,1,24.4404
62650.0000,6265,2946.2091,0.0000,1000,998,1000,1,24.4554
62660.0000,6266,2946.2172,0.0000,999,996,998,1,24.3298
62670.0000,6267,2946.2252,0.0000,998,1000,1000,1,24.2984
62680.0000,6268,2946.2335,0.0000,999,1000,999,1,24.2202
62690.0000,6269,2946.2419,0.0000,1000,1000,1000,1,24.1889
62700.0000,6270,2946.2494,0.0000,1000,993,1000,1,23.9027
62710.0000,6271,2946.2563,0.0000,1000,989,999,1,23.9650
62720.0000,6272,2946.2631,0.0000,1000,991,1000,1,23.9805
62730.0000,6273,2946.2705,0.0000,1000,995,999,1,24.0427
62740.0000,6274,2946.2787,0.0000,1000,1000,1000,1,24.1047
62750.0000,6275,2946.2870,0.0000,996,1000,1000,1,23.9796
62760.0000,6276,2946.2954,0.0000,1000,1000,999,1,24.0415
62770.0000,6277,2946.3038,0.0000,999,999,1000,1,24.0563
62780.0000,6278,2946.3120,0.0000,998,999,1000,1,24.0711
62790.0000,6279,2946.3204,0.0000,1000,1000,999,1,24.1795
62800.0000,6280,2946.3282,0.0000,995,1000,1000,1,23.9597
62810.0000,6281,2946.3364,0.0000,1000,1000,1000,1,23.9744
62820.0000,6282,2946.3447,0.0000,1000,1000,1000,1,23.8955
62830.0000,6283,2946.3530,0.0000,1000,998,1000,1,23.8637
62840.0000,6284,2946.3611,0.0000,999,999,999,1,23.5980
62850.0000,6285,2946.3694,0.0000,1000,999,999,1,23.7066
62860.0000,6286,2946.3776,0.0000,999,999,1000,1,23.6747
62870.0000,6287,2946.3859,0.0000,999,999,999,1,23.6606
62880.0000,6288,2946.3943,0.0000,1000,997,1000,1,23.7979
62890.0000,6289,2946.4027,0.0000,1000,1000,1000,1,23.8593
62900.0000,6290,2946.4110,0.0000,1000,1000,1000,1,23.9206
62910.0000,6291,2946.4193,0.0000,999,1000,999,1,23.9061
62920.0000,6292,2946.4276,0.0000,999,1000,1000,1,23.8737
62930.0000,6293,2946.4360,0.0000,1000,1000,999,1,23.9818
62940.0000,6294,2946.4440,0.0000,1000,999,998,1,24.0432
62950.0000,6295,2946.4521,0.0000,1000,1000,1000,1,24.0577
62960.0000,6296,2946.4606,0.0000,998,1000,1000,1,24.1658
62970.0000,6297,2946.4690,0.0000,999,1000,1000,1,24.3208
62980.0000,6298,2946.4771,0.0000,999,1000,998,1,24.4287
62990.0000,6299,2946.4851,0.0000,998,999,1000,1,24.3955
63000.0000,6300,2946.4933,0.0000,1000,1000,1000,1,24.3153
63010.0000,6301,2946.5015,0.0000,1000,998,1000,1,24.3291
63020.0000,6302,2946.5095,0.0000,1000,997,1000,1,24.2015
63030.0000,6303,2946.5178,0.0000,999,1000,998,1,24.1681
63040.0000,6304,2946.5259,0.0000,1000,999,999,1,24.1817
63050.0000,6305,2946.5339,0.0000,1000,999,1000,1,24.0542
63060.0000,6306,2946.5422,0.0000,999,1000,999,1,23.9741
63070.0000,6307,2946.5504,0.0000,999,999,1000,1,23.9414
63080.0000,6308,2946.5581,0.0000,995,999,1000,1,23.9556
63090.0000,6309,2946.5659,0.0000,1000,1000,999,1,23.9697
63100.0000,6310,2946.5737,0.0000,997,998,1000,1,23.8446
63110.0000,6311,2946.5819,0.0000,1000,1000,999,1,23.8127
63120.0000,6312,2946.5899,0.0000,998,999,1000,1,23.7336
63130.0000,6313,2946.5977,0.0000,1000,997,997,1,23.5621
63140.0000,6314,2946.6050,0.0000,998,997,996,1,23.4836
63150.0000,6315,2946.6127,0.0000,1000,1000,1000,1,23.5450
63160.0000,6316,2946.6208,0.0000,1000,998,1000,1,23.3738
63170.0000,6317,2946.6289,0.0000,1000,1000,999,1,23.2955
63180.0000,6318,2946.6373,0.0000,1000,1000,999,1,23.3106
63190.0000,6319,2946.6454,0.0000,1000,1000,1000,1,23.2329
63200.0000,6320,2946.6532,0.0000,999,998,1000,1,23.0639
63210.0000,6321,2946.6615,0.0000,999,1000,1000,1,23.1261
63220.0000,6322,2946.6699,0.0000,1000,1000,999,1,23.2343
63230.0000,6323,2946.6781,0.0000,997,1000,998,1,23.2033
63240.0000,6324,2946.6862,0.0000,1000,999,999,1,23.3114
63250.0000,6325,2946.6943,0.0000,1000,998,999,1,23.2809
63260.0000,6326,2946.7024,0.0000,1000,999,999,1,23.1125
63270.0000,6327,2946.7105,0.0000,998,998,1000,1,23.0365
63280.0000,6328,2946.7184,0.0000,1000,1000,998,1,23.0517
63290.0000,6329,2946.7266,0.0000,1000,1000,1000,1,23.1140
63300.0000,6330,2946.7345,0.0000,999,999,998,1,23.0844
63310.0000,6331,2946.7428,0.0000,1000,1000,999,1,23.2387
63320.0000,6332,2946.7507,0.0000,999,1000,996,1,23.3929
63330.0000,6333,2946.7584,0.0000,999,1000,1000,1,23.3169
63340.0000,6334,2946.7665,0.0000,999,1000,1000,1,23.2410
63350.0000,6335,2946.7744,0.0000,1000,996,1000,1,23.0732
63360.0000,6336,2946.7824,0.0000,1000,998,1000,1,22.9524
63370.0000,6337,2946.7905,0.0000,1000,998,997,1,22.9225
63380.0000,6338,2946.7985,0.0000,999,1000,1000,1,23.0765
63390.0000,6339,2946.8068,0.0000,999,1000,999,1,23.0922
63400.0000,6340,2946.8150,0.0000,999,999,999,1,23.2001
63410.0000,6341,2946.8229,0.0000,999,999,1000,1,23.2156
63420.0000,6342,2946.8311,0.0000,1000,1000,999,1,23.0927
63430.0000,6343,2946.8393,0.0000,1000,1000,1000,1,23.0618
63440.0000,6344,2946.8474,0.0000,1000,1000,1000,1,23.0312
63450.0000,6345,2946.8557,0.0000,1000,1000,1000,1,23.0928
63460.0000,6346,2946.8638,0.0000,1000,1000,998,1,23.0617
63470.0000,6347,2946.8719,0.0000,1000,1000,1000,1,23.1693
63480.0000,6348,2946.8801,0.0000,999,998,1000,1,23.2308
63490.0000,6349,2946.8880,0.0000,1000,996,999,1,23.0156
63500.0000,6350,2946.8961,0.0000,999,1000,1000,1,23.0311
63510.0000,6351,2946.9041,0.0000,998,1000,998,1,22.8620
63520.0000,6352,2946.9119,0.0000,1000,1000,1000,1,22.9696
63530.0000,6353,2946.9202,0.0000,1000,1000,1000,1,23.0311
63540.0000,6354,2946.9284,0.0000,999,999,999,1,22.9541
63550.0000,6355,2946.9361,0.0000,999,1000,998,1,22.8308
63560.0000,6356,2946.9442,0.0000,1000,998,1000,1,22.8921
63570.0000,6357,2946.9524,0.0000,999,999,1000,1,23.0458
63580.0000,6358,2946.9605,0.0000,1000,1000,1000,1,23.1532
63590.0000,6359,2946.9685,0.0000,999,997,999,1,23.0754
63600.0000,6360,2946.9762,0.0000,999,999,999,1,22.9981
63610.0000,6361,2946.9843,0.0000,999,999,998,1,22.9488
63620.0000,6362,2946.9920,0.0000,995,1000,1000,1,22.9363
63630.0000,6363,2946.9997,0.0000,1000,1000,997,1,22.9050
63640.0000,6364,2947.0077,0.0000,1000,1000,1000,1,22.8740
63650.0000,6365,2947.0159,0.0000,1000,1000,1000,1,22.9814
63660.0000,6366,2947.0241,0.0000,1000,1000,999,1,22.9960
63670.0000,6367,2947.0322,0.0000,1000,1000,1000,1,23.1031
63680.0000,6368,2947.0402,0.0000,1000,999,998,1,22.9779
63690.0000,6369,2947.0480,0.0000,1000,1000,999,1,22.9915
63700.0000,6370,2947.0562,0.0000,1000,1000,1000,1,23.0058
63710.0000,6371,2947.0644,0.0000,1000,999,1000,1,23.0664
63720.0000,6372,2947.0724,0.0000,1000,998,1000,1,22.9878
63730.0000,6373,2947.0805,0.0000,999,1000,999,1,23.0020
63740.0000,6374,2947.0886,0.0000,1000,999,1000,1,23.0625
63750.0000,6375,2947.0965,0.0000,998,1000,1000,1,23.0766
63760.0000,6376,2947.1047,0.0000,1000,996,1000,1,23.1370
63770.0000,6377,2947.1126,0.0000,999,1000,1000,1,23.1510
63780.0000,6378,2947.1209,0.0000,1000,1000,999,1,23.0723
63790.0000,6379,2947.1291,0.0000,1000,1000,1000,1,23.2255
63800.0000,6380,2947.1368,0.0000,1000,997,1000,1,23.2856
63810.0000,6381,2947.1449,0.0000,1000,998,1000,1,23.2992
63820.0000,6382,2947.1530,0.0000,1000,1000,1000,1,23.3592
63830.0000,6383,2947.1611,0.0000,1000,999,999,1,23.4193
63840.0000,6384,2947.1690,0.0000,1000,1000,1000,1,23.4792
63850.0000,6385,2947.1771,0.0000,1000,999,1000,1,23.4925
63860.0000,6386,2947.1851,0.0000,1000,1000,999,1,23.4122
63870.0000,6387,2947.1931,0.0000,997,1000,999,1,23.4252
63880.0000,6388,2947.2009,0.0000,1000,1000,998,1,23.3455
63890.0000,6389,2947.2089,0.0000,1000,1000,1000,1,23.4054
63900.0000,6390,2947.2169,0.0000,1000,1000,999,1,23.3723
63910.0000,6391,2947.2249,0.0000,1000,999,1000,1,23.4322
63920.0000,6392,2947.2328,0.0000,1000,996,1000,1,23.4457
63930.0000,6393,2947.2410,0.0000,998,1000,999,1,23.5520
63940.0000,6394,2947.2488,0.0000,1000,1000,1000,1,23.5188
63950.0000,6395,2947.2569,0.0000,999,999,1000,1,23.5786
63960.0000,6396,2947.2648,0.0000,1000,1000,1000,1,23.4059
63970.0000,6397,2947.2728,0.0000,997,1000,1000,1,23.4655
63980.0000,6398,2947.2804,0.0000,996,999,1000,1,23.4791
63990.0000,6399,2947.2881,0.0000,1000,1000,1000,1,23.4463
64000.0000,6400,2947.2959,0.0000,997,1000,998,1,23.3207
64010.0000,6401,2947.3036,0.0000,999,1000,1000,1,23.2882
64020.0000,6402,2947.3115,0.0000,997,1000,999,1,23.3020
64030.0000,6403,2947.3195,0.0000,999,1000,1000,1,23.1317
64040.0000,6404,2947.3275,0.0000,999,999,998,1,23.0079
64050.0000,6405,2947.3355,0.0000,1000,1000,1000,1,23.0682
64060.0000,6406,2947.3437,0.0000,1000,998,1000,1,23.0364
64070.0000,6407,2947.3516,0.0000,995,1000,999,1,22.9582
64080.0000,6408,2947.3590,0.0000,995,999,1000,1,23.0183
64090.0000,6409,2947.3664,0.0000,998,999,999,1,23.0328
64100.0000,6410,2947.3744,0.0000,1000,998,1000,1,23.0472
64110.0000,6411,2947.3824,0.0000,1000,997,998,1,22.9703
64120.0000,6412,2947.3896,0.0000,1000,1000,999,1,22.8471
64130.0000,6413,2947.3976,0.0000,1000,1000,1000,1,22.8160
64140.0000,6414,2947.4056,0.0000,999,1000,1000,1,22.8297
64150.0000,6415,2947.4134,0.0000,999,998,997,1,22.7527
64160.0000,6416,2947.4214,0.0000,1000,1000,1000,1,22.7229
64170.0000,6417,2947.4292,0.0000,999,999,1000,1,22.7379
64180.0000,6418,2947.4370,0.0000,998,997,1000,1,22.7076
64190.0000,6419,2947.4447,0.0000,999,1000,998,1,22.6311
64200.0000,6420,2947.4527,0.0000,999,999,1000,1,22.6934
64210.0000,6421,2947.4603,0.0000,996,999,1000,1,22.7090
64220.0000,6422,2947.4680,0.0000,1000,999,999,1,22.6337
64230.0000,6423,2947.4759,0.0000,998,1000,1000,1,22.7404
64240.0000,6424,2947.4839,0.0000,998,1000,1000,1,22.7562
64250.0000,6425,2947.4919,0.0000,1000,1000,1000,1,22.7265
64260.0000,6426,2947.4999,0.0000,1000,999,1000,1,22.7876
64270.0000,6427,2947.5078,0.0000,999,1000,999,1,22.7575
64280.0000,6428,2947.5155,0.0000,1000,997,1000,1,22.7728
64290.0000,6429,2947.5230,0.0000,999,996,1000,1,22.7182
64300.0000,6430,2947.5307,0.0000,1000,1000,998,1,22.8246
64310.0000,6431,2947.5387,0.0000,1000,1000,999,1,22.9310
64320.0000,6432,2947.5466,0.0000,1000,1000,1000,1,23.0373
64330.0000,6433,2947.5544,0.0000,1000,998,999,1,23.0525
64340.0000,6434,2947.5621,0.0000,999,998,1000,1,23.0221
64350.0000,6435,2947.5698,0.0000,999,999,1000,1,22.9464
64360.0000,6436,2947.5775,0.0000,999,999,997,1,22.9616
64370.0000,6437,2947.5854,0.0000,1000,1000,1000,1,23.0222
64380.0000,6438,2947.5935,0.0000,1000,1000,999,1,23.1283
64390.0000,6439,2947.6014,0.0000,1000,1000,999,1,23.2343
64400.0000,6440,2947.6093,0.0000,998,1000,999,1,23.1118
64410.0000,6441,2947.6171,0.0000,1000,999,1000,1,23.1263
64420.0000,6442,2947.6251,0.0000,997,1000,1000,1,23.0951
64430.0000,6443,2947.6329,0.0000,998,999,1000,1,22.9264
64440.0000,6444,2947.6410,0.0000,1000,1000,1000,1,23.0581
64450.0000,6445,2947.6488,0.0000,999,1000,1000,1,23.0724
64460.0000,6446,2947.6566,0.0000,998,1000,999,1,23.0410
64470.0000,6447,2947.6640,0.0000,997,999,998,1,22.9638
64480.0000,6448,2947.6717,0.0000,999,1000,999,1,22.8408
64490.0000,6449,2947.6796,0.0000,1000,1000,1000,1,22.9030
64500.0000,6450,2947.6874,0.0000,999,997,1000,1,22.9151
64510.0000,6451,2947.6949,0.0000,999,998,999,1,22.8375
64520.0000,6452,2947.7026,0.0000,1000,1000,1000,1,22.8520
64530.0000,6453,2947.7105,0.0000,999,999,999,1,22.8665
64540.0000,6454,2947.7183,0.0000,1000,1000,1000,1,22.8356
64550.0000,6455,2947.7260,0.0000,998,997,997,1,22.6229
64560.0000,6456,2947.7337,0.0000,999,998,999,1,22.6835
64570.0000,6457,2947.7414,0.0000,1000,1000,1000,1,22.7442
64580.0000,6458,2947.7495,0.0000,1000,999,999,1,22.8048
64590.0000,6459,2947.7574,0.0000,1000,998,1000,1,22.9561
64600.0000,6460,2947.7649,0.0000,999,1000,1000,1,22.9710
64610.0000,6461,2947.7728,0.0000,1000,999,1000,1,23.0313
64620.0000,6462,2947.7806,0.0000,1000,997,1000,1,23.0460
64630.0000,6463,2947.7884,0.0000,1000,999,998,1,23.0152
64640.0000,6464,2947.7964,0.0000,1000,1000,1000,1,23.0753
64650.0000,6465,2947.8044,0.0000,1000,999,999,1,23.0896
64660.0000,6466,2947.8122,0.0000,1000,997,999,1,23.1039
64670.0000,6467,2947.8198,0.0000,1000,998,999,1,23.0727
64680.0000,6468,2947.8277,0.0000,998,1000,1000,1,23.0872
64690.0000,6469,2947.8354,0.0000,998,999,1000,1,22.9214
64700.0000,6470,2947.8424,0.0000,999,997,998,1,22.8921
64710.0000,6471,2947.8501,0.0000,1000,998,1000,1,22.9981
64720.0000,6472,2947.8579,0.0000,1000,999,998,1,22.8792
64730.0000,6473,2947.8658,0.0000,1000,1000,1000,1,22.9401
64740.0000,6474,2947.8735,0.0000,1000,999,998,1,22.9109
64750.0000,6475,2947.8811,0.0000,1000,1000,1000,1,22.9714
64760.0000,6476,2947.8890,0.0000,1000,999,1000,1,22.9426
64770.0000,6477,2947.8965,0.0000,1000,1000,998,1,22.8244
64780.0000,6478,2947.9043,0.0000,999,1000,998,1,22.7059
64790.0000,6479,2947.9122,0.0000,1000,1000,998,1,22.7671
64800.0000,6480,2947.9200,0.0000,1000,1000,1000,1,22.6185
64810.0000,6481,2947.9279,0.0000,1000,998,1000,1,22.6350
64820.0000,6482,2947.9354,0.0000,997,1000,1000,1,22.5932
64830.0000,6483,2947.9432,0.0000,1000,998,1000,1,22.6547
64840.0000,6484,2947.9508,0.0000,996,1000,1000,1,22.7159
64850.0000,6485,2947.9585,0.0000,1000,1000,1000,1,22.8219
64860.0000,6486,2947.9661,0.0000,998,996,998,1,22.7486
64870.0000,6487,2947.9732,0.0000,996,998,1000,1,22.7651
64880.0000,6488,2947.9809,0.0000,1000,1000,999,1,22.6917
64890.0000,6489,2947.9887,0.0000,1000,998,1000,1,22.7076
64900.0000,6490,2947.9965,0.0000,1000,1000,1000,1,22.8134
64910.0000,6491,2948.0040,0.0000,999,1000,999,1,22.6499
64920.0000,6492,2948.0119,0.0000,1000,1000,1000,1,22.6354
64930.0000,6493,2948.0197,0.0000,999,1000,999,1,22.6373
64940.0000,6494,2948.0275,0.0000,999,1000,1000,1,22.6983
64950.0000,6495,2948.0353,0.0000,998,1000,1000,1,22.7144
64960.0000,6496,2948.0429,0.0000,1000,999,1000,1,22.6856
64970.0000,6497,2948.0508,0.0000,1000,998,1000,1,22.7018
64980.0000,6498,2948.0585,0.0000,998,1000,998,1,22.6280
64990.0000,6499,2948.0664,0.0000,1000,1000,999,1,22.6886
65000.0000,6500,2948.0741,0.0000,1000,1000,1000,1,22.7939
65010.0000,6501,2948.0820,0.0000,1000,1000,999,1,22.8094
65020.0000,6502,2948.0897,0.0000,1000,999,999,1,22.8245
65030.0000,6503,2948.0974,0.0000,1000,995,999,1,22.7947
65040.0000,6504,2948.1050,0.0000,1000,1000,998,1,22.7199
65050.0000,6505,2948.1128,0.0000,1000,999,1000,1,22.7058
65060.0000,6506,2948.1206,0.0000,1000,1000,999,1,22.7213
65070.0000,6507,2948.1283,0.0000,1000,1000,1000,1,22.6920
65080.0000,6508,2948.1361,0.0000,1000,1000,999,1,22.6180
65090.0000,6509,2948.1435,0.0000,997,1000,999,1,22.4837
65100.0000,6510,2948.1512,0.0000,1000,1000,998,1,22.4704
65110.0000,6511,2948.1589,0.0000,1000,1000,999,1,22.4415
65120.0000,6512,2948.1667,0.0000,999,1000,1000,1,22.4422
65130.0000,6513,2948.1745,0.0000,1000,1000,999,1,22.4999
65140.0000,6514,2948.1822,0.0000,1000,1000,999,1,22.6499
65150.0000,6515,2948.1900,0.0000,1000,999,998,1,22.7106
65160.0000,6516,2948.1977,0.0000,1000,1000,1000,1,22.8160
65170.0000,6517,2948.2055,0.0000,1000,1000,999,1,22.9213
65180.0000,6518,2948.2131,0.0000,996,1000,1000,1,23.0264
65190.0000,6519,2948.2208,0.0000,1000,1000,998,1,22.9973
65200.0000,6520,2948.2285,0.0000,999,1000,1000,1,22.9682
65210.0000,6521,2948.2362,0.0000,1000,1000,999,1,22.9839
65220.0000,6522,2948.2437,0.0000,1000,1000,998,1,22.9549
65230.0000,6523,2948.2509,0.0000,1000,1000,997,1,22.9711
65240.0000,6524,2948.2586,0.0000,1000,1000,999,1,23.1209
65250.0000,6525,2948.2665,0.0000,1000,1000,999,1,23.1812
65260.0000,6526,2948.2742,0.0000,1000,1000,1000,1,23.3308
65270.0000,6527,2948.2820,0.0000,1000,1000,1000,1,23.3012
65280.0000,6528,2948.2899,0.0000,999,1000,999,1,23.4059
65290.0000,6529,2948.2976,0.0000,998,999,997,1,23.4211
65300.0000,6530,2948.3049,0.0000,999,1000,1000,1,23.4364
65310.0000,6531,2948.3124,0.0000,997,1000,1000,1,23.5859
65320.0000,6532,2948.3199,0.0000,1000,1000,999,1,23.6008
65330.0000,6533,2948.3275,0.0000,1000,999,1000,1,23.5258
65340.0000,6534,2948.3352,0.0000,998,1000,1000,1,23.5408
65350.0000,6535,2948.3428,0.0000,1000,1000,999,1,23.6005
65360.0000,6536,2948.3504,0.0000,1000,1000,1000,1,23.6151
65370.0000,6537,2948.3582,0.0000,1000,1000,999,1,23.7645
65380.0000,6538,2948.3654,0.0000,999,996,998,1,23.5106
65390.0000,6539,2948.3726,0.0000,1000,999,997,1,23.3912
65400.0000,6540,2948.3802,0.0000,1000,1000,1000,1,23.4958
65410.0000,6541,2948.3879,0.0000,999,1000,999,1,23.5556
65420.0000,6542,2948.3951,0.0000,998,995,998,1,23.4368
65430.0000,6543,2948.4021,0.0000,999,995,999,1,23.4516
65440.0000,6544,2948.4094,0.0000,1000,998,1000,1,23.4667
65450.0000,6545,2948.4171,0.0000,1000,999,1000,1,23.4376
65460.0000,6546,2948.4248,0.0000,999,999,1000,1,23.3639
65470.0000,6547,2948.4322,0.0000,1000,995,999,1,23.2008
65480.0000,6548,2948.4397,0.0000,1000,999,1000,1,23.2161
65490.0000,6549,2948.4474,0.0000,999,1000,1000,1,23.3206
65500.0000,6550,2948.4551,0.0000,999,998,1000,1,23.2015
65510.0000,6551,2948.4628,0.0000,1000,999,1000,1,23.2612
65520.0000,6552,2948.4702,0.0000,1000,1000,1000,1,23.2313
65530.0000,6553,2948.4780,0.0000,1000,1000,998,1,23.3804
65540.0000,6554,2948.4855,0.0000,999,1000,1000,1,23.3951
65550.0000,6555,2948.4931,0.0000,1000,998,1000,1,23.2754
65560.0000,6556,2948.5006,0.0000,997,1000,997,1,23.2451
65570.0000,6557,2948.5083,0.0000,1000,1000,1000,1,23.3492
65580.0000,6558,2948.5161,0.0000,1000,999,999,1,23.4084
65590.0000,6559,2948.5238,0.0000,1000,1000,1000,1,23.5573
65600.0000,6560,2948.5314,0.0000,1000,1000,1000,1,23.4817
65610.0000,6561,2948.5391,0.0000,1000,999,999,1,23.4509
65620.0000,6562,2948.5466,0.0000,999,1000,998,1,23.3750
65630.0000,6563,2948.5541,0.0000,999,1000,1000,1,23.3442
65640.0000,6564,2948.5618,0.0000,1000,1000,1000,1,23.3132
65650.0000,6565,2948.5690,0.0000,1000,995,1000,1,23.0574
65660.0000,6566,2948.5764,0.0000,1000,1000,1000,1,23.1162
65670.0000,6567,2948.5841,0.0000,1000,1000,1000,1,23.1573
65680.0000,6568,2948.5918,0.0000,1000,999,998,1,23.1712
65690.0000,6569,2948.5993,0.0000,1000,999,996,1,23.2301
65700.0000,6570,2948.6068,0.0000,998,1000,1000,1,23.1992
65710.0000,6571,2948.6144,0.0000,1000,1000,999,1,23.1680
65720.0000,6572,2948.6220,0.0000,1000,1000,1000,1,23.1822
65730.0000,6573,2948.6296,0.0000,1000,998,1000,1,23.1963
65740.0000,6574,2948.6373,0.0000,1000,999,1000,1,23.2553
65750.0000,6575,2948.6447,0.0000,997,999,998,1,23.0004
65760.0000,6576,2948.6522,0.0000,1000,1000,999,1,23.0144
65770.0000,6577,2948.6599,0.0000,1000,1000,1000,1,23.1181
65780.0000,6578,2948.6674,0.0000,1000,999,998,1,22.9973
65790.0000,6579,2948.6747,0.0000,996,1000,1000,1,22.9212
65800.0000,6580,2948.6817,0.0000,998,1000,998,1,22.8635
65810.0000,6581,2948.6887,0.0000,1000,1000,997,1,22.8586
65820.0000,6582,2948.6961,0.0000,999,1000,999,1,22.8462
65830.0000,6583,2948.7038,0.0000,1000,999,1000,1,22.9312
65840.0000,6584,2948.7113,0.0000,1000,998,998,1,22.9900
65850.0000,6585,2948.7190,0.0000,999,1000,1000,1,22.9594
65860.0000,6586,2948.7261,0.0000,997,1000,998,1,23.0362
65870.0000,6587,2948.7335,0.0000,1000,1000,1000,1,22.9609
65880.0000,6588,2948.7410,0.0000,999,1000,1000,1,23.1092
65890.0000,6589,2948.7486,0.0000,1000,1000,1000,1,23.1233
65900.0000,6590,2948.7563,0.0000,1000,1000,1000,1,23.1820
65910.0000,6591,2948.7637,0.0000,999,1000,997,1,23.2855
65920.0000,6592,2948.7707,0.0000,999,999,998,1,23.3891
65930.0000,6593,2948.7781,0.0000,1000,1000,998,1,23.5372
65940.0000,6594,2948.7857,0.0000,1000,1000,1000,1,23.5512
65950.0000,6595,2948.7934,0.0000,1000,1000,1000,1,23.6545
65960.0000,6596,2948.8007,0.0000,998,999,997,1,23.5334
65970.0000,6597,2948.8081,0.0000,998,1000,1000,1,23.5471
65980.0000,6598,2948.8155,0.0000,1000,1000,1000,1,23.3816
65990.0000,6599,2948.8229,0.0000,1000,998,1000,1,23.2613
66000.0000,6600,2948.8304,0.0000,1000,999,1000,1,23.2302
66010.0000,6601,2948.8380,0.0000,1000,1000,1000,1,23.2440
66020.0000,6602,2948.8454,0.0000,1000,1000,998,1,23.2128
66030.0000,6603,2948.8529,0.0000,997,1000,999,1,23.1817
66040.0000,6604,2948.8597,0.0000,994,999,998,1,23.1061
66050.0000,6605,2948.8658,0.0000,993,1000,1000,1,23.0306
66060.0000,6606,2948.8721,0.0000,993,996,1000,1,22.8660
66070.0000,6607,2948.8785,0.0000,996,997,1000,1,22.8352
66080.0000,6608,2948.8857,0.0000,1000,997,999,1,22.7153
66090.0000,6609,2948.8926,0.0000,1000,998,1000,1,22.6399
66100.0000,6610,2948.8997,0.0000,1000,1000,999,1,22.6985
66110.0000,6611,2948.9072,0.0000,1000,996,1000,1,22.4894
66120.0000,6612,2948.9140,0.0000,1000,992,1000,1,22.3689
66130.0000,6613,2948.9205,0.0000,1000,992,1000,1,22.3819
66140.0000,6614,2948.9277,0.0000,999,999,1000,1,22.4403
66150.0000,6615,2948.9352,0.0000,997,1000,1000,1,22.5433
66160.0000,6616,2948.9426,0.0000,999,998,1000,1,22.4227
66170.0000,6617,2948.9502,0.0000,1000,1000,1000,1,22.5520
66180.0000,6618,2948.9578,0.0000,1000,1000,1000,1,22.6101
66190.0000,6619,2948.9653,0.0000,999,999,1000,1,22.6236
66200.0000,6620,2948.9729,0.0000,999,1000,1000,1,22.6816
66210.0000,6621,2948.9803,0.0000,997,1000,1000,1,22.6502
66220.0000,6622,2948.9875,0.0000,1000,1000,999,1,22.5292
66230.0000,6623,2948.9950,0.0000,1000,999,1000,1,22.5872
66240.0000,6624,2949.0024,0.0000,1000,1000,1000,1,22.5295
66250.0000,6625,2949.0100,0.0000,1000,1000,999,1,22.5684
66260.0000,6626,2949.0175,0.0000,1000,1000,999,1,22.6001
66270.0000,6627,2949.0250,0.0000,1000,1000,1000,1,22.6130
66280.0000,6628,2949.0322,0.0000,1000,1000,998,1,22.6709
66290.0000,6629,2949.0397,0.0000,1000,999,1000,1,22.7289
66300.0000,6630,2949.0472,0.0000,1000,1000,1000,1,22.7419
66310.0000,6631,2949.0548,0.0000,1000,1000,1000,1,22.6206
66320.0000,6632,2949.0624,0.0000,1000,1000,1000,1,22.7680
66330.0000,6633,2949.0693,0.0000,1000,995,1000,1,22.6459
66340.0000,6634,2949.0763,0.0000,1000,996,1000,1,22.5068
66350.0000,6635,2949.0833,0.0000,999,996,1000,1,22.5645
66360.0000,6636,2949.0908,0.0000,1000,999,1000,1,22.6669
66370.0000,6637,2949.0982,0.0000,1000,1000,1000,1,22.6796
66380.0000,6638,2949.1051,0.0000,998,995,1000,1,22.7373
66390.0000,6639,2949.1121,0.0000,999,1000,1000,1,22.7053
66400.0000,6640,2949.1195,0.0000,1000,1000,999,1,22.6731
66410.0000,6641,2949.1265,0.0000,999,998,995,1,22.4617
66420.0000,6642,2949.1334,0.0000,1000,999,1000,1,22.5191
66430.0000,6643,2949.1409,0.0000,999,1000,999,1,22.5768
66440.0000,6644,2949.1481,0.0000,999,997,1000,1,22.6344
66450.0000,6645,2949.1556,0.0000,1000,1000,1000,1,22.7367
66460.0000,6646,2949.1629,0.0000,1000,1000,1000,1,22.7045
66470.0000,6647,2949.1704,0.0000,1000,1000,1000,1,22.6722
66480.0000,6648,2949.1778,0.0000,999,1000,999,1,22.5500
66490.0000,6649,2949.1853,0.0000,1000,1000,999,1,22.4729
66500.0000,6650,2949.1926,0.0000,1000,998,999,1,22.5750
66510.0000,6651,2949.2000,0.0000,1000,999,1000,1,22.5872
66520.0000,6652,2949.2074,0.0000,1000,997,999,1,22.4206
66530.0000,6653,2949.2142,0.0000,998,999,997,1,22.2992
66540.0000,6654,2949.2216,0.0000,999,1000,1000,1,22.4461
66550.0000,6655,2949.2289,0.0000,998,1000,999,1,22.3704
66560.0000,6656,2949.2363,0.0000,1000,998,1000,1,22.4284
66570.0000,6657,2949.2437,0.0000,1000,1000,997,1,22.2661
66580.0000,6658,2949.2509,0.0000,1000,1000,1000,1,22.2794
66590.0000,6659,2949.2583,0.0000,998,1000,1000,1,22.3342
66600.0000,6660,2949.2656,0.0000,999,1000,1000,1,22.3919
66610.0000,6661,2949.2728,0.0000,1000,998,998,1,22.3154
66620.0000,6662,2949.2803,0.0000,1000,999,1000,1,22.3729
66630.0000,6663,2949.2876,0.0000,1000,1000,1000,1,22.3417
66640.0000,6664,2949.2949,0.0000,1000,997,999,1,22.2662
66650.0000,6665,2949.3024,0.0000,998,1000,999,1,22.2353
66660.0000,6666,2949.3098,0.0000,998,1000,1000,1,22.2043
66670.0000,6667,2949.3172,0.0000,998,999,999,1,22.2624
66680.0000,6668,2949.3245,0.0000,1000,1000,1000,1,22.2315
66690.0000,6669,2949.3318,0.0000,998,998,999,1,22.2006
66700.0000,6670,2949.3390,0.0000,1000,1000,1000,1,22.3028
66710.0000,6671,2949.3464,0.0000,998,1000,1000,1,22.2719
66720.0000,6672,2949.3536,0.0000,1000,1000,1000,1,22.2858
66730.0000,6673,2949.3612,0.0000,1000,1000,1000,1,22.3880
66740.0000,6674,2949.3686,0.0000,996,999,1000,1,22.3127
66750.0000,6675,2949.3753,0.0000,998,1000,1000,1,22.3709
66760.0000,6676,2949.3825,0.0000,1000,1000,1000,1,22.3846
66770.0000,6677,2949.3900,0.0000,999,1000,1000,1,22.4426
66780.0000,6678,2949.3972,0.0000,1000,1000,1000,1,22.5890
66790.0000,6679,2949.4046,0.0000,999,999,1000,1,22.6469
66800.0000,6680,2949.4120,0.0000,1000,999,1000,1,22.7046
66810.0000,6681,2949.4193,0.0000,1000,1000,997,1,22.5854
66820.0000,6682,2949.4266,0.0000,1000,999,999,1,22.5990
66830.0000,6683,2949.4341,0.0000,1000,1000,999,1,22.6568
66840.0000,6684,2949.4416,0.0000,1000,1000,1000,1,22.7587
66850.0000,6685,2949.4489,0.0000,999,1000,1000,1,22.8605
66860.0000,6686,2949.4564,0.0000,1000,1000,1000,1,22.8288
66870.0000,6687,2949.4638,0.0000,999,1000,999,1,22.8858
66880.0000,6688,2949.4711,0.0000,1000,1000,1000,1,22.8984
66890.0000,6689,2949.4785,0.0000,1000,999,1000,1,22.9553
66900.0000,6690,2949.4856,0.0000,998,999,1000,1,23.0121
66910.0000,6691,2949.4927,0.0000,1000,998,1000,1,23.1135
66920.0000,6692,2949.4999,0.0000,1000,1000,999,1,23.1257
66930.0000,6693,2949.5073,0.0000,1000,1000,1000,1,23.0489
66940.0000,6694,2949.5147,0.0000,999,1000,1000,1,22.9723
66950.0000,6695,2949.5221,0.0000,997,998,1000,1,23.0736
66960.0000,6696,2949.5283,0.0000,998,993,1000,1,22.9968
66970.0000,6697,2949.5348,0.0000,1000,996,998,1,22.9202
66980.0000,6698,2949.5414,0.0000,997,999,996,1,22.7105
66990.0000,6699,2949.5480,0.0000,995,999,999,1,22.7231
67000.0000,6700,2949.5547,0.0000,1000,999,998,1,22.5139
67010.0000,6701,2949.5620,0.0000,1000,1000,999,1,22.4383
67020.0000,6702,2949.5693,0.0000,1000,999,998,1,22.4068
67030.0000,6703,2949.5766,0.0000,1000,998,999,1,22.3755
67040.0000,6704,2949.5836,0.0000,998,1000,1000,1,22.2560
67050.0000,6705,2949.5907,0.0000,997,1000,1000,1,22.3134
67060.0000,6706,2949.5977,0.0000,998,998,1000,1,22.2826
67070.0000,6707,2949.6049,0.0000,999,1000,1000,1,22.2960
67080.0000,6708,2949.6121,0.0000,999,1000,997,1,22.0448
67090.0000,6709,2949.6191,0.0000,999,999,998,1,21.9437
67100.0000,6710,2949.6263,0.0000,999,1000,1000,1,21.9397
67110.0000,6711,2949.6336,0.0000,1000,998,998,1,21.8651
67120.0000,6712,2949.6410,0.0000,998,1000,999,1,21.8965
67130.0000,6713,2949.6482,0.0000,1000,1000,999,1,21.9542
67140.0000,6714,2949.6555,0.0000,1000,1000,1000,1,21.9677
67150.0000,6715,2949.6627,0.0000,1000,1000,1000,1,22.0511
67160.0000,6716,2949.6700,0.0000,1000,999,1000,1,22.0199
67170.0000,6717,2949.6774,0.0000,1000,1000,999,1,22.0512
67180.0000,6718,2949.6848,0.0000,1000,999,1000,1,22.0900
67190.0000,6719,2949.6920,0.0000,1000,1000,1000,1,22.1913
67200.0000,6720,2949.6993,0.0000,1000,999,1000,1,22.1596
67210.0000,6721,2949.7067,0.0000,1000,1000,1000,1,22.2608
67220.0000,6722,2949.7141,0.0000,1000,1000,999,1,22.3618
67230.0000,6723,2949.7213,0.0000,1000,1000,999,1,22.3739
67240.0000,6724,2949.7284,0.0000,1000,998,999,1,22.3416
67250.0000,6725,2949.7356,0.0000,1000,1000,1000,1,22.3539
67260.0000,6726,2949.7428,0.0000,1000,1000,1000,1,22.2776
67270.0000,6727,2949.7502,0.0000,1000,1000,999,1,22.2944
67280.0000,6728,2949.7575,0.0000,1000,999,1000,1,22.3953
67290.0000,6729,2949.7649,0.0000,1000,1000,1000,1,22.4962
67300.0000,6730,2949.7721,0.0000,1000,999,1000,1,22.5969
67310.0000,6731,2949.7793,0.0000,999,1000,999,1,22.6531
67320.0000,6732,2949.7867,0.0000,1000,999,1000,1,22.7538
67330.0000,6733,2949.7940,0.0000,998,1000,999,1,22.7209
67340.0000,6734,2949.8010,0.0000,996,997,1000,1,22.5990
67350.0000,6735,2949.8079,0.0000,1000,998,999,1,22.6551
67360.0000,6736,2949.8152,0.0000,999,999,999,1,22.6667
67370.0000,6737,2949.8223,0.0000,1000,999,998,1,22.7228
67380.0000,6738,2949.8294,0.0000,999,1000,1000,1,22.7791
67390.0000,6739,2949.8367,0.0000,1000,1000,1000,1,22.7467
67400.0000,6740,2949.8438,0.0000,999,1000,1000,1,22.6701
67410.0000,6741,2949.8511,0.0000,999,1000,1000,1,22.7264
67420.0000,6742,2949.8579,0.0000,996,1000,1000,1,22.6048
67430.0000,6743,2949.8647,0.0000,996,1000,999,1,22.6117
67440.0000,6744,2949.8717,0.0000,1000,999,999,1,22.6238
67450.0000,6745,2949.8790,0.0000,998,999,1000,1,22.5918
67460.0000,6746,2949.8861,0.0000,1000,999,999,1,22.6038
67470.0000,6747,2949.8933,0.0000,998,1000,1000,1,22.6156
67480.0000,6748,2949.9004,0.0000,1000,999,999,1,22.5827
67490.0000,6749,2949.9077,0.0000,1000,999,1000,1,22.5692
67500.0000,6750,2949.9150,0.0000,1000,999,1000,1,22.6059
67510.0000,6751,2949.9223,0.0000,1000,998,1000,1,22.7062
67520.0000,6752,2949.9293,0.0000,999,996,999,1,22.6730
67530.0000,6753,2949.9364,0.0000,1000,1000,1000,1,22.6843
67540.0000,6754,2949.9436,0.0000,1000,998,1000,1,22.6510
67550.0000,6755,2949.9507,0.0000,1000,1000,1000,1,22.6621
67560.0000,6756,2949.9580,0.0000,1000,1000,1000,1,22.7176
67570.0000,6757,2949.9650,0.0000,1000,999,1000,1,22.7282
67580.0000,6758,2949.9722,0.0000,998,999,1000,1,22.7386
67590.0000,6759,2949.9794,0.0000,1000,1000,999,1,22.7937
67600.0000,6760,2949.9864,0.0000,1000,1000,1000,1,22.8041
67610.0000,6761,2949.9935,0.0000,998,1000,1000,1,22.8596
67620.0000,6762,2950.0003,0.0000,996,999,1000,1,22.8705
67630.0000,6763,2950.0074,0.0000,999,1000,1000,1,22.9259
67640.0000,6764,2950.0146,0.0000,1000,1000,1000,1,22.9812
67650.0000,6765,2950.0219,0.0000,1000,999,999,1,22.9918
67660.0000,6766,2950.0290,0.0000,998,999,1000,1,22.9578
67670.0000,6767,2950.0361,0.0000,999,998,1000,1,22.9243
67680.0000,6768,2950.0432,0.0000,1000,1000,999,1,22.9796
67690.0000,6769,2950.0504,0.0000,1000,1000,1000,1,23.0347
67700.0000,6770,2950.0573,0.0000,999,1000,999,1,23.0005
67710.0000,6771,2950.0643,0.0000,998,998,998,1,22.8771
67720.0000,6772,2950.0714,0.0000,999,999,1000,1,22.9322
67730.0000,6773,2950.0786,0.0000,998,1000,999,1,22.9871
67740.0000,6774,2950.0858,0.0000,1000,1000,1000,1,23.1312
67750.0000,6775,2950.0926,0.0000,1000,998,997,1,23.0068
67760.0000,6776,2950.0994,0.0000,999,1000,1000,1,22.9722
67770.0000,6777,2950.1062,0.0000,1000,996,999,1,22.8934
67780.0000,6778,2950.1130,0.0000,999,1000,1000,1,22.8594
67790.0000,6779,2950.1203,0.0000,999,1000,1000,1,22.8699
67800.0000,6780,2950.1272,0.0000,999,1000,994,1,22.6127
67810.0000,6781,2950.1334,0.0000,1000,1000,997,1,22.6228
67820.0000,6782,2950.1403,0.0000,1000,1000,999,1,22.5884
67830.0000,6783,2950.1474,0.0000,998,998,1000,1,22.4655
67840.0000,6784,2950.1546,0.0000,1000,1000,1000,1,22.5205
67850.0000,6785,2950.1617,0.0000,996,1000,1000,1,22.5310
67860.0000,6786,2950.1686,0.0000,999,1000,999,1,22.5861
67870.0000,6787,2950.1758,0.0000,1000,1000,1000,1,22.6412
67880.0000,6788,2950.1827,0.0000,1000,999,996,1,22.5183
67890.0000,6789,2950.1897,0.0000,998,1000,999,1,22.5733
67900.0000,6790,2950.1967,0.0000,1000,999,999,1,22.4065
67910.0000,6791,2950.2037,0.0000,1000,997,1000,1,22.4176
67920.0000,6792,2950.2106,0.0000,1000,999,998,1,22.2564
67930.0000,6793,2950.2178,0.0000,1000,1000,1000,1,22.2629
67940.0000,6794,2950.2250,0.0000,1000,1000,1000,1,22.3183
67950.0000,6795,2950.2320,0.0000,1000,999,999,1,22.3735
67960.0000,6796,2950.2391,0.0000,1000,1000,1000,1,22.4287
67970.0000,6797,2950.2463,0.0000,999,1000,1000,1,22.3951
67980.0000,6798,2950.2530,0.0000,998,999,999,1,22.3615
67990.0000,6799,2950.2602,0.0000,1000,1000,999,1,22.4166
68000.0000,6800,2950.2671,0.0000,998,1000,1000,1,22.3830
68010.0000,6801,2950.2741,0.0000,997,1000,1000,1,22.3941
68020.0000,6802,2950.2811,0.0000,999,1000,999,1,22.4494
68030.0000,6803,2950.2882,0.0000,999,999,1000,1,22.5046
68040.0000,6804,2950.2953,0.0000,1000,999,999,1,22.4712
68050.0000,6805,2950.3025,0.0000,1000,999,1000,1,22.5263
68060.0000,6806,2950.3091,0.0000,1000,997,997,1,22.3205
68070.0000,6807,2950.3159,0.0000,1000,1000,999,1,22.2874
68080.0000,6808,2950.3229,0.0000,999,1000,1000,1,22.2543
68090.0000,6809,2950.3300,0.0000,1000,1000,1000,1,22.2652
68100.0000,6810,2950.3372,0.0000,999,1000,1000,1,22.2317
68110.0000,6811,2950.3444,0.0000,1000,1000,1000,1,22.2423
68120.0000,6812,2950.3516,0.0000,1000,1000,999,1,22.2527
68130.0000,6813,2950.3588,0.0000,1000,1000,999,1,22.3518
68140.0000,6814,2950.3657,0.0000,997,1000,999,1,22.3172
68150.0000,6815,2950.3725,0.0000,999,999,999,1,22.2077
68160.0000,6816,2950.3797,0.0000,1000,1000,999,1,22.3512
68170.0000,6817,2950.3867,0.0000,999,1000,999,1,22.4060
68180.0000,6818,2950.3939,0.0000,1000,1000,999,1,22.5052
68190.0000,6819,2950.4010,0.0000,1000,1000,999,1,22.5602
68200.0000,6820,2950.4081,0.0000,1000,1000,999,1,22.6151
68210.0000,6821,2950.4153,0.0000,1000,1000,999,1,22.7141
68220.0000,6822,2950.4225,0.0000,1000,1000,1000,1,22.7244
68230.0000,6823,2950.4297,0.0000,999,1000,1000,1,22.7346
68240.0000,6824,2950.4368,0.0000,999,998,1000,1,22.6560
68250.0000,6825,2950.4436,0.0000,1000,999,999,1,22.6661
68260.0000,6826,2950.4498,0.0000,1000,1000,993,1,22.7649
68270.0000,6827,2950.4565,0.0000,999,1000,997,1,22.8194
68280.0000,6828,2950.4630,0.0000,1000,999,996,1,22.8301
68290.0000,6829,2950.4700,0.0000,1000,1000,999,1,22.8409
68300.0000,6830,2950.4770,0.0000,1000,1000,1000,1,22.8519
68310.0000,6831,2950.4840,0.0000,999,1000,998,1,22.9068
68320.0000,6832,2950.4911,0.0000,1000,1000,1000,1,23.0498
68330.0000,6833,2950.4982,0.0000,999,1000,997,1,23.1928
68340.0000,6834,2950.5050,0.0000,1000,1000,1000,1,23.1591
68350.0000,6835,2950.5120,0.0000,997,1000,998,1,23.1255
68360.0000,6836,2950.5183,0.0000,992,1000,999,1,23.0480
68370.0000,6837,2950.5245,0.0000,996,1000,997,1,23.1468
68380.0000,6838,2950.5313,0.0000,1000,1000,1000,1,23.2014
68390.0000,6839,2950.5382,0.0000,999,999,1000,1,23.2560
68400.0000,6840,2950.5453,0.0000,1000,999,999,1,23.2664
68410.0000,6841,2950.5523,0.0000,1000,997,1000,1,23.2323
68420.0000,6842,2950.5594,0.0000,1000,998,1000,1,23.1094
68430.0000,6843,2950.5663,0.0000,999,999,998,1,23.2078
68440.0000,6844,2950.5733,0.0000,1000,1000,998,1,23.3062
68450.0000,6845,2950.5803,0.0000,1000,1000,1000,1,23.3602
68460.0000,6846,2950.5875,0.0000,1000,1000,999,1,23.3700
68470.0000,6847,2950.5945,0.0000,1000,998,1000,1,23.3797
68480.0000,6848,2950.6012,0.0000,1000,999,999,1,23.2560
68490.0000,6849,2950.6082,0.0000,1000,998,1000,1,23.1769
68500.0000,6850,2950.6150,0.0000,998,998,999,1,23.1862
68510.0000,6851,2950.6221,0.0000,1000,999,999,1,23.1956
68520.0000,6852,2950.6289,0.0000,999,998,1000,1,22.9829
68530.0000,6853,2950.6358,0.0000,1000,1000,1000,1,22.9926
68540.0000,6854,2950.6428,0.0000,1000,1000,1000,1,23.0022
68550.0000,6855,2950.6499,0.0000,1000,999,1000,1,22.9678
68560.0000,6856,2950.6570,0.0000,1000,999,1000,1,22.9334
68570.0000,6857,2950.6636,0.0000,1000,995,999,1,22.8551
68580.0000,6858,2950.6705,0.0000,1000,999,1000,1,22.8649
68590.0000,6859,2950.6776,0.0000,1000,1000,1000,1,22.8749
68600.0000,6860,2950.6847,0.0000,1000,1000,1000,1,22.9730
68610.0000,6861,2950.6917,0.0000,999,1000,1000,1,23.1154
68620.0000,6862,2950.6987,0.0000,998,999,1000,1,23.1253
68630.0000,6863,2950.7056,0.0000,998,1000,1000,1,23.0911
68640.0000,6864,2950.7126,0.0000,1000,999,1000,1,22.9689
68650.0000,6865,2950.7196,0.0000,999,999,998,1,22.9348
68660.0000,6866,2950.7259,0.0000,999,996,1000,1,22.7682
68670.0000,6867,2950.7328,0.0000,999,999,1000,1,22.7785
68680.0000,6868,2950.7398,0.0000,1000,1000,1000,1,22.7006
68690.0000,6869,2950.7466,0.0000,999,998,1000,1,22.5277
68700.0000,6870,2950.7529,0.0000,1000,993,999,1,22.5384
68710.0000,6871,2950.7592,0.0000,1000,997,996,1,22.5929
68720.0000,6872,2950.7658,0.0000,1000,999,1000,1,22.6034
68730.0000,6873,2950.7728,0.0000,1000,999,1000,1,22.6140
68740.0000,6874,2950.7796,0.0000,1000,999,1000,1,22.5805
68750.0000,6875,2950.7865,0.0000,1000,998,999,1,22.6348
68760.0000,6876,2950.7929,0.0000,1000,1000,1000,1,22.6890
68770.0000,6877,2950.7994,0.0000,996,1000,999,1,22.4800
68780.0000,6878,2950.8060,0.0000,999,1000,1000,1,22.4023
68790.0000,6879,2950.8130,0.0000,1000,1000,1000,1,22.4129
68800.0000,6880,2950.8201,0.0000,1000,1000,1000,1,22.4233
68810.0000,6881,2950.8269,0.0000,998,1000,999,1,22.3463
68820.0000,6882,2950.8338,0.0000,999,1000,1000,1,22.2692
68830.0000,6883,2950.8407,0.0000,1000,1000,1000,1,22.2797
68840.0000,6884,2950.8476,0.0000,998,1000,999,1,22.2530
68850.0000,6885,2950.8545,0.0000,1000,1000,998,1,22.2568
68860.0000,6886,2950.8614,0.0000,998,1000,1000,1,22.2239
68870.0000,6887,2950.8681,0.0000,1000,1000,999,1,22.2415
68880.0000,6888,2950.8751,0.0000,999,1000,1000,1,22.2960
68890.0000,6889,2950.8818,0.0000,1000,1000,1000,1,22.3503
68900.0000,6890,2950.8887,0.0000,999,998,999,1,22.3611
68910.0000,6891,2950.8955,0.0000,999,999,999,1,22.3720
68920.0000,6892,2950.9023,0.0000,1000,1000,999,1,22.5138
68930.0000,6893,2950.9092,0.0000,999,1000,999,1,22.6120
68940.0000,6894,2950.9162,0.0000,999,1000,1000,1,22.5797
68950.0000,6895,2950.9231,0.0000,1000,997,1000,1,22.5044
68960.0000,6896,2950.9296,0.0000,1000,997,1000,1,22.5590
68970.0000,6897,2950.9364,0.0000,999,1000,1000,1,22.5701
68980.0000,6898,2950.9431,0.0000,1000,997,1000,1,22.4508
68990.0000,6899,2950.9497,0.0000,1000,998,1000,1,22.4616
69000.0000,6900,2950.9564,0.0000,1000,997,1000,1,22.2985
69010.0000,6901,2950.9633,0.0000,1000,1000,999,1,22.3097
69020.0000,6902,2950.9701,0.0000,999,1000,999,1,22.2341
69030.0000,6903,2950.9769,0.0000,999,1000,1000,1,22.2021
69040.0000,6904,2950.9837,0.0000,1000,1000,997,1,22.2135
69050.0000,6905,2950.9898,0.0000,998,997,997,1,21.9643
69060.0000,6906,2950.9967,0.0000,1000,1000,1000,1,22.0191
69070.0000,6907,2951.0037,0.0000,999,1000,999,1,22.0738
69080.0000,6908,2951.0104,0.0000,1000,999,1000,1,22.0848
69090.0000,6909,2951.0173,0.0000,999,998,1000,1,22.0085
69100.0000,6910,2951.0243,0.0000,1000,1000,1000,1,22.0629
69110.0000,6911,2951.0311,0.0000,1000,999,1000,1,22.0297
69120.0000,6912,2951.0380,0.0000,997,1000,998,1,22.0401
69130.0000,6913,2951.0444,0.0000,1000,997,1000,1,21.9194
69140.0000,6914,2951.0511,0.0000,1000,999,1000,1,22.0170
69150.0000,6915,2951.0581,0.0000,1000,999,1000,1,22.1147
69160.0000,6916,2951.0648,0.0000,1000,994,998,1,21.8184
69170.0000,6917,2951.0712,0.0000,998,998,1000,1,21.9155
69180.0000,6918,2951.0778,0.0000,1000,999,1000,1,21.9257
69190.0000,6919,2951.0846,0.0000,998,996,1000,1,21.8817
69200.0000,6920,2951.0912,0.0000,1000,998,1000,1,21.9358
69210.0000,6921,2951.0977,0.0000,999,998,997,1,21.8590
69220.0000,6922,2951.1045,0.0000,1000,1000,998,1,21.8696
69230.0000,6923,2951.1111,0.0000,998,998,999,1,21.8802
69240.0000,6924,2951.1179,0.0000,1000,1000,1000,1,21.8037
69250.0000,6925,2951.1247,0.0000,1000,1000,1000,1,21.6934
69260.0000,6926,2951.1314,0.0000,1000,1000,999,1,21.6608
69270.0000,6927,2951.1383,0.0000,998,1000,999,1,21.7586
69280.0000,6928,2951.1451,0.0000,1000,999,999,1,21.6826
69290.0000,6929,2951.1521,0.0000,999,1000,1000,1,21.8238
69300.0000,6930,2951.1591,0.0000,1000,1000,1000,1,21.9650
69310.0000,6931,2951.1659,0.0000,1000,999,999,1,22.0190
69320.0000,6932,2951.1729,0.0000,1000,1000,1000,1,22.1164
69330.0000,6933,2951.1797,0.0000,1000,999,1000,1,21.9957
69340.0000,6934,2951.1866,0.0000,1000,1000,999,1,22.0495
69350.0000,6935,2951.1935,0.0000,1000,998,1000,1,22.1034
69360.0000,6936,2951.1999,0.0000,1000,996,1000,1,21.8090
69370.0000,6937,2951.2064,0.0000,1000,997,999,1,21.8111
69380.0000,6938,2951.2132,0.0000,1000,999,1000,1,21.9521
69390.0000,6939,2951.2201,0.0000,1000,1000,1000,1,21.9623
69400.0000,6940,2951.2270,0.0000,1000,998,1000,1,22.0162
69410.0000,6941,2951.2339,0.0000,998,1000,1000,1,22.0265
69420.0000,6942,2951.2408,0.0000,1000,1000,1000,1,22.1237
69430.0000,6943,2951.2478,0.0000,1000,999,1000,1,22.1772
69440.0000,6944,2951.2547,0.0000,999,1000,999,1,22.0996
69450.0000,6945,2951.2614,0.0000,1000,1000,1000,1,22.1092
69460.0000,6946,2951.2682,0.0000,999,998,999,1,22.0750
69470.0000,6947,2951.2750,0.0000,997,1000,999,1,22.0846
69480.0000,6948,2951.2817,0.0000,1000,999,1000,1,22.1380
69490.0000,6949,2951.2880,0.0000,999,995,999,1,22.1914
69500.0000,6950,2951.2948,0.0000,1000,1000,999,1,22.2011
69510.0000,6951,2951.3013,0.0000,999,998,1000,1,21.9056
69520.0000,6952,2951.3081,0.0000,999,1000,1000,1,21.8721
69530.0000,6953,2951.3148,0.0000,1000,998,1000,1,21.8823
69540.0000,6954,2951.3214,0.0000,1000,995,997,1,21.7188
69550.0000,6955,2951.3280,0.0000,1000,997,1000,1,21.6857
69560.0000,6956,2951.3348,0.0000,1000,999,1000,1,21.6961
69570.0000,6957,2951.3415,0.0000,1000,1000,998,1,21.7062
69580.0000,6958,2951.3484,0.0000,1000,1000,1000,1,21.7597
69590.0000,6959,2951.3550,0.0000,1000,998,1000,1,21.7697
69600.0000,6960,2951.3618,0.0000,997,999,1000,1,21.7359
69610.0000,6961,2951.3684,0.0000,1000,998,999,1,21.7113
69620.0000,6962,2951.3750,0.0000,993,1000,999,1,21.6684
69630.0000,6963,2951.3809,0.0000,993,1000,1000,1,21.7654
69640.0000,6964,2951.3870,0.0000,997,999,1000,1,21.6451
69650.0000,6965,2951.3935,0.0000,999,1000,1000,1,21.6120
69660.0000,6966,2951.4003,0.0000,1000,999,999,1,21.7089
69670.0000,6967,2951.4069,0.0000,1000,997,999,1,21.5885
69680.0000,6968,2951.4135,0.0000,999,1000,1000,1,21.5984
69690.0000,6969,2951.4204,0.0000,999,1000,998,1,21.5648
69700.0000,6970,2951.4272,0.0000,1000,1000,1000,1,21.6616
69710.0000,6971,2951.4335,0.0000,997,1000,998,1,21.4544
69720.0000,6972,2951.4400,0.0000,1000,1000,1000,1,21.5079
69730.0000,6973,2951.4468,0.0000,1000,999,999,1,21.5615
69740.0000,6974,2951.4533,0.0000,998,997,999,1,21.4848
69750.0000,6975,2951.4596,0.0000,998,999,997,1,21.3658
69760.0000,6976,2951.4663,0.0000,998,1000,1000,1,21.4196
69770.0000,6977,2951.4730,0.0000,1000,999,1000,1,21.5599
69780.0000,6978,2951.4798,0.0000,1000,998,999,1,21.6136
69790.0000,6979,2951.4865,0.0000,999,1000,1000,1,21.6671
69800.0000,6980,2951.4932,0.0000,1000,1000,1000,1,21.7639
69810.0000,6981,2951.5000,0.0000,999,1000,1000,1,21.8175
69820.0000,6982,2951.5067,0.0000,1000,997,999,1,21.8710
69830.0000,6983,2951.5129,0.0000,999,998,1000,1,21.8811
69840.0000,6984,2951.5194,0.0000,1000,998,999,1,21.8912
69850.0000,6985,2951.5258,0.0000,1000,998,998,1,21.8576
69860.0000,6986,2951.5318,0.0000,1000,997,996,1,21.8677
69870.0000,6987,2951.5379,0.0000,999,998,999,1,21.8348
69880.0000,6988,2951.5442,0.0000,999,999,999,1,21.6742
69890.0000,6989,2951.5509,0.0000,999,998,1000,1,21.6859
69900.0000,6990,2951.5576,0.0000,998,1000,1000,1,21.7833
69910.0000,6991,2951.5643,0.0000,1000,1000,1000,1,21.8378
69920.0000,6992,2951.5709,0.0000,997,997,997,1,21.8064
69930.0000,6993,2951.5769,0.0000,998,1000,995,1,21.5615
69940.0000,6994,2951.5831,0.0000,999,1000,999,1,21.5732
69950.0000,6995,2951.5898,0.0000,1000,1000,1000,1,21.6704
69960.0000,6996,2951.5966,0.0000,1000,999,1000,1,21.7249
69970.0000,6997,2951.6032,0.0000,1000,1000,998,1,21.6509
69980.0000,6998,2951.6100,0.0000,1000,999,1000,1,21.7479
69990.0000,6999,2951.6167,0.0000,998,1000,998,1,21.6302
70000.0000,7000,2951.6228,0.0000,995,998,1000,1,21.7699
70010.0000,7001,2951.6291,0.0000,1000,1000,996,1,21.6516
70020.0000,7002,2951.6356,0.0000,1000,1000,999,1,21.4470
70030.0000,7003,2951.6421,0.0000,1000,1000,996,1,21.3290
70040.0000,7004,2951.6483,0.0000,1000,1000,999,1,21.2537
70050.0000,7005,2951.6550,0.0000,998,999,1000,1,21.2646
70060.0000,7006,2951.6615,0.0000,1000,1000,999,1,21.3183
70070.0000,7007,2951.6682,0.0000,998,1000,1000,1,21.3720
70080.0000,7008,2951.6746,0.0000,1000,1000,1000,1,21.3825
70090.0000,7009,2951.6812,0.0000,999,1000,1000,1,21.3930
70100.0000,7010,2951.6879,0.0000,1000,999,999,1,21.3603
70110.0000,7011,2951.6946,0.0000,1000,999,1000,1,21.2842
70120.0000,7012,2951.7010,0.0000,997,999,1000,1,21.2137
70130.0000,7013,2951.7075,0.0000,1000,1000,1000,1,21.2178
70140.0000,7014,2951.7141,0.0000,1000,999,1000,1,21.0983
70150.0000,7015,2951.7207,0.0000,1000,999,1000,1,21.1143
70160.0000,7016,2951.7274,0.0000,998,1000,1000,1,21.0814
70170.0000,7017,2951.7338,0.0000,998,999,999,1,21.1294
70180.0000,7018,2951.7403,0.0000,999,998,1000,1,21.0592
70190.0000,7019,2951.7468,0.0000,1000,999,999,1,21.0218
70200.0000,7020,2951.7531,0.0000,1000,993,999,1,21.0329
70210.0000,7021,2951.7591,0.0000,1000,996,999,1,20.9593
70220.0000,7022,2951.7658,0.0000,1000,1000,1000,1,21.0987
70230.0000,7023,2951.7723,0.0000,1000,997,999,1,21.0676
70240.0000,7024,2951.7790,0.0000,1000,1000,999,1,21.1216
70250.0000,7025,2951.7857,0.0000,1000,1000,1000,1,21.1755
70260.0000,7026,2951.7924,0.0000,1000,1000,1000,1,21.1866
70270.0000,7027,2951.7992,0.0000,1000,998,999,1,21.1548
70280.0000,7028,2951.8057,0.0000,1000,997,998,1,21.1731
70290.0000,7029,2951.8119,0.0000,1000,998,999,1,21.2698
70300.0000,7030,2951.8186,0.0000,1000,999,1000,1,21.3665
70310.0000,7031,2951.8252,0.0000,999,998,997,1,21.3780
70320.0000,7032,2951.8314,0.0000,1000,1000,999,1,21.4746
70330.0000,7033,2951.8380,0.0000,999,995,1000,1,21.4436
70340.0000,7034,2951.8443,0.0000,1000,1000,999,1,21.3700
70350.0000,7035,2951.8510,0.0000,1000,999,1000,1,21.4239
70360.0000,7036,2951.8577,0.0000,1000,1000,998,1,21.4779
70370.0000,7037,2951.8643,0.0000,1000,1000,1000,1,21.5318
70380.0000,7038,2951.8709,0.0000,998,1000,1000,1,21.5430
70390.0000,7039,2951.8775,0.0000,998,1000,1000,1,21.5114
70400.0000,7040,2951.8842,0.0000,1000,998,999,1,21.5649
70410.0000,7041,2951.8908,0.0000,1000,1000,999,1,21.6612
70420.0000,7042,2951.8973,0.0000,999,1000,999,1,21.5869
70430.0000,7043,2951.9039,0.0000,1000,1000,999,1,21.4277
70440.0000,7044,2951.9105,0.0000,999,1000,1000,1,21.4736
70450.0000,7045,2951.9171,0.0000,999,1000,998,1,21.4072
70460.0000,7046,2951.9236,0.0000,998,999,1000,1,21.3680
70470.0000,7047,2951.9300,0.0000,996,1000,998,1,21.2097
70480.0000,7048,2951.9362,0.0000,1000,999,1000,1,21.2212
70490.0000,7049,2951.9429,0.0000,1000,1000,999,1,21.1947
70500.0000,7050,2951.9496,0.0000,1000,999,1000,1,21.2069
70510.0000,7051,2951.9559,0.0000,1000,998,999,1,21.1728
70520.0000,7052,2951.9626,0.0000,1000,999,999,1,21.1848
70530.0000,7053,2951.9691,0.0000,1000,1000,1000,1,21.1967
70540.0000,7054,2951.9758,0.0000,1000,999,1000,1,21.2510
70550.0000,7055,2951.9825,0.0000,1000,998,1000,1,21.2631
70560.0000,7056,2951.9891,0.0000,1000,998,1000,1,21.3595
70570.0000,7057,2951.9957,0.0000,998,1000,1000,1,21.4136
70580.0000,7058,2952.0023,0.0000,1000,1000,1000,1,21.4677
70590.0000,7059,2952.0088,0.0000,1000,997,1000,1,21.4792
70600.0000,7060,2952.0150,0.0000,1000,997,1000,1,21.5331
70610.0000,7061,2952.0216,0.0000,1000,999,1000,1,21.5868
70620.0000,7062,2952.0281,0.0000,999,998,1000,1,21.6830
70630.0000,7063,2952.0347,0.0000,1000,1000,999,1,21.6942
70640.0000,7064,2952.0413,0.0000,1000,999,999,1,21.7478
70650.0000,7065,2952.0479,0.0000,1000,1000,1000,1,21.8438
70660.0000,7066,2952.0545,0.0000,1000,1000,999,1,21.7701
70670.0000,7067,2952.0611,0.0000,999,999,997,1,21.7385
70680.0000,7068,2952.0676,0.0000,1000,1000,1000,1,21.8343
70690.0000,7069,2952.0743,0.0000,1000,1000,1000,1,21.8453
70700.0000,7070,2952.0809,0.0000,1000,1000,1000,1,21.8987
70710.0000,7071,2952.0875,0.0000,1000,1000,996,1,21.8245
70720.0000,7072,2952.0940,0.0000,998,999,1000,1,21.9201
70730.0000,7073,2952.1005,0.0000,1000,1000,997,1,21.8878
70740.0000,7074,2952.1071,0.0000,1000,999,999,1,21.9835
70750.0000,7075,2952.1136,0.0000,1000,998,1000,1,22.0791
70760.0000,7076,2952.1198,0.0000,997,999,1000,1,22.0472
70770.0000,7077,2952.1264,0.0000,1000,1000,1000,1,22.0150
70780.0000,7078,2952.1331,0.0000,1000,1000,1000,1,22.1106
70790.0000,7079,2952.1398,0.0000,1000,999,998,1,22.1632
70800.0000,7080,2952.1464,0.0000,1000,999,1000,1,22.1730
70810.0000,7081,2952.1530,0.0000,999,999,1000,1,22.2682
70820.0000,7082,2952.1596,0.0000,1000,1000,999,1,22.1919
70830.0000,7083,2952.1663,0.0000,1000,1000,1000,1,22.2442
70840.0000,7084,2952.1728,0.0000,999,1000,1000,1,22.2535
70850.0000,7085,2952.1793,0.0000,1000,1000,996,1,22.2196
70860.0000,7086,2952.1855,0.0000,1000,1000,994,1,21.9280
70870.0000,7087,2952.1916,0.0000,1000,1000,997,1,21.9974
70880.0000,7088,2952.1981,0.0000,1000,998,1000,1,21.9886
70890.0000,7089,2952.2044,0.0000,999,1000,1000,1,21.9118
70900.0000,7090,2952.2108,0.0000,1000,1000,1000,1,22.0068
70910.0000,7091,2952.2174,0.0000,1000,1000,1000,1,22.0589
70920.0000,7092,2952.2239,0.0000,1000,1000,1000,1,22.1109
70930.0000,7093,2952.2306,0.0000,1000,999,1000,1,22.0770
70940.0000,7094,2952.2371,0.0000,998,999,1000,1,22.1288
70950.0000,7095,2952.2436,0.0000,996,999,1000,1,22.0514
70960.0000,7096,2952.2502,0.0000,1000,1000,1000,1,22.0600
70970.0000,7097,2952.2568,0.0000,1000,1000,1000,1,22.0686
70980.0000,7098,2952.2633,0.0000,1000,1000,1000,1,22.0771
70990.0000,7099,2952.2698,0.0000,1000,1000,999,1,22.0183
71000.0000,7100,2952.2762,0.0000,1000,1000,1000,1,21.9640
71010.0000,7101,2952.2828,0.0000,1000,999,1000,1,22.0156
71020.0000,7102,2952.2889,0.0000,1000,999,996,1,21.9381
71030.0000,7103,2952.2947,0.0000,1000,999,996,1,21.9462
71040.0000,7104,2952.3006,0.0000,1000,997,998,1,21.8262
71050.0000,7105,2952.3067,0.0000,996,997,999,1,21.7495
71060.0000,7106,2952.3128,0.0000,998,1000,1000,1,21.7590
71070.0000,7107,2952.3194,0.0000,1000,1000,1000,1,21.7687
71080.0000,7108,2952.3259,0.0000,1000,999,1000,1,21.7357
71090.0000,7109,2952.3325,0.0000,1000,1000,1000,1,21.6603
71100.0000,7110,2952.3392,0.0000,1000,1000,1000,1,21.7979
71110.0000,7111,2952.3456,0.0000,1000,1000,998,1,21.6543
71120.0000,7112,2952.3519,0.0000,1000,1000,1000,1,21.6635
71130.0000,7113,2952.3584,0.0000,999,999,1000,1,21.5872
71140.0000,7114,2952.3650,0.0000,999,1000,1000,1,21.5540
71150.0000,7115,2952.3716,0.0000,999,1000,999,1,21.6061
71160.0000,7116,2952.3777,0.0000,1000,1000,999,1,21.5726
71170.0000,7117,2952.3840,0.0000,998,1000,998,1,21.5824
71180.0000,7118,2952.3905,0.0000,1000,1000,999,1,21.4652
71190.0000,7119,2952.3970,0.0000,1000,1000,1000,1,21.5601
71200.0000,7120,2952.4034,0.0000,1000,999,1000,1,21.6548
71210.0000,7121,2952.4101,0.0000,1000,1000,999,1,21.7922
71220.0000,7122,2952.4164,0.0000,997,1000,999,1,21.8441
71230.0000,7123,2952.4227,0.0000,1000,1000,1000,1,21.9814
71240.0000,7124,2952.4291,0.0000,997,1000,997,1,22.0331
71250.0000,7125,2952.4351,0.0000,1000,1000,1000,1,22.0420
71260.0000,7126,2952.4417,0.0000,1000,1000,999,1,22.1366
71270.0000,7127,2952.4480,0.0000,1000,999,999,1,22.0604
71280.0000,7128,2952.4546,0.0000,1000,1000,999,1,22.1121
71290.0000,7129,2952.4612,0.0000,1000,1000,1000,1,22.1639
71300.0000,7130,2952.4675,0.0000,1000,999,997,1,22.0873
71310.0000,7131,2952.4734,0.0000,1000,999,997,1,22.1818
71320.0000,7132,2952.4798,0.0000,1000,1000,998,1,22.2762
71330.0000,7133,2952.4861,0.0000,998,1000,1000,1,22.2851
71340.0000,7134,2952.4927,0.0000,999,1000,1000,1,22.3366
71350.0000,7135,2952.4991,0.0000,1000,1000,1000,1,22.3452
71360.0000,7136,2952.5055,0.0000,1000,1000,999,1,22.3540
71370.0000,7137,2952.5121,0.0000,999,1000,1000,1,22.4910
71380.0000,7138,2952.5183,0.0000,1000,1000,999,1,22.4574
71390.0000,7139,2952.5246,0.0000,1000,996,999,1,22.3387
71400.0000,7140,2952.5310,0.0000,997,1000,1000,1,22.3479
71410.0000,7141,2952.5371,0.0000,997,1000,1000,1,22.4423
71420.0000,7142,2952.5434,0.0000,999,1000,997,1,22.4940
71430.0000,7143,2952.5496,0.0000,999,1000,1000,1,22.4610
71440.0000,7144,2952.5562,0.0000,1000,1000,1000,1,22.5553
71450.0000,7145,2952.5627,0.0000,1000,998,1000,1,22.5221
71460.0000,7146,2952.5690,0.0000,1000,998,999,1,22.4036
71470.0000,7147,2952.5753,0.0000,1000,998,998,1,22.4553
71480.0000,7148,2952.5812,0.0000,999,1000,998,1,22.5071
71490.0000,7149,2952.5877,0.0000,1000,1000,999,1,22.4745
71500.0000,7150,2952.5942,0.0000,1000,999,1000,1,22.4000
71510.0000,7151,2952.6005,0.0000,1000,1000,1000,1,22.3674
71520.0000,7152,2952.6067,0.0000,1000,1000,998,1,22.2505
71530.0000,7153,2952.6132,0.0000,1000,1000,999,1,22.2184
71540.0000,7154,2952.6195,0.0000,1000,997,998,1,22.0596
71550.0000,7155,2952.6258,0.0000,1000,1000,999,1,22.0273
71560.0000,7156,2952.6324,0.0000,1000,999,1000,1,22.0795
71570.0000,7157,2952.6388,0.0000,1000,1000,998,1,21.9630
71580.0000,7158,2952.6451,0.0000,1000,999,998,1,22.0153
71590.0000,7159,2952.6515,0.0000,1000,999,998,1,22.0675
71600.0000,7160,2952.6580,0.0000,1000,1000,1000,1,21.9930
71610.0000,7161,2952.6644,0.0000,1000,998,1000,1,21.9186
71620.0000,7162,2952.6706,0.0000,1000,1000,1000,1,22.0128
71630.0000,7163,2952.6771,0.0000,996,999,998,1,22.1072
71640.0000,7164,2952.6833,0.0000,1000,1000,1000,1,22.1174
71650.0000,7165,2952.6895,0.0000,1000,996,1000,1,22.0011
71660.0000,7166,2952.6956,0.0000,1000,997,1000,1,22.0108
71670.0000,7167,2952.7018,0.0000,999,1000,1000,1,22.0207
71680.0000,7168,2952.7082,0.0000,999,999,999,1,22.1150
71690.0000,7169,2952.7146,0.0000,1000,1000,997,1,21.9558
71700.0000,7170,2952.7207,0.0000,999,999,999,1,21.8390
71710.0000,7171,2952.7266,0.0000,1000,998,1000,1,21.6311
71720.0000,7172,2952.7330,0.0000,998,998,1000,1,21.5990
71730.0000,7173,2952.7389,0.0000,1000,998,997,1,21.6511
71740.0000,7174,2952.7451,0.0000,1000,1000,999,1,21.6193
71750.0000,7175,2952.7515,0.0000,1000,999,1000,1,21.6715
71760.0000,7176,2952.7580,0.0000,1000,1000,1000,1,21.6396
71770.0000,7177,2952.7642,0.0000,1000,996,999,1,21.6917
71780.0000,7178,2952.7705,0.0000,1000,999,999,1,21.8280
71790.0000,7179,2952.7768,0.0000,999,999,1000,1,21.8378
71800.0000,7180,2952.7832,0.0000,1000,1000,1000,1,21.8475
71810.0000,7181,2952.7894,0.0000,997,1000,1000,1,21.7303
71820.0000,7182,2952.7958,0.0000,1000,1000,1000,1,21.6553
71830.0000,7183,2952.8021,0.0000,1000,998,1000,1,21.5806
71840.0000,7184,2952.8084,0.0000,999,999,1000,1,21.5062
71850.0000,7185,2952.8148,0.0000,1000,999,999,1,21.5159
71860.0000,7186,2952.8212,0.0000,1000,1000,997,1,21.4834
71870.0000,7187,2952.8277,0.0000,999,1000,999,1,21.5352
71880.0000,7188,2952.8341,0.0000,999,1000,1000,1,21.5026
71890.0000,7189,2952.8405,0.0000,1000,999,1000,1,21.5121
71900.0000,7190,2952.8467,0.0000,999,1000,1000,1,21.4456
71910.0000,7191,2952.8531,0.0000,1000,1000,999,1,21.5395
71920.0000,7192,2952.8593,0.0000,1000,1000,999,1,21.5490
71930.0000,7193,2952.8655,0.0000,995,1000,1000,1,21.6429
71940.0000,7194,2952.8714,0.0000,999,999,999,1,21.5683
71950.0000,7195,2952.8776,0.0000,999,1000,998,1,21.7043
71960.0000,7196,2952.8836,0.0000,1000,1000,997,1,21.7141
71970.0000,7197,2952.8896,0.0000,1000,1000,999,1,21.7241
71980.0000,7198,2952.8960,0.0000,1000,999,999,1,21.7340
71990.0000,7199,2952.9024,0.0000,1000,999,999,1,21.6600
72000.0000,7200,2952.9088,0.0000,1000,999,1000,1,21.6278
72010.0000,7201,2952.9151,0.0000,1000,1000,1000,1,21.6378
72020.0000,7202,2952.9216,0.0000,1000,1000,1000,1,21.6476
72030.0000,7203,2952.9277,0.0000,999,998,1000,1,21.3632
72040.0000,7204,2952.9341,0.0000,1000,1000,1000,1,21.4990
72050.0000,7205,2952.9403,0.0000,997,999,1000,1,21.3825
72060.0000,7206,2952.9463,0.0000,1000,1000,1000,1,21.4341
72070.0000,7207,2952.9526,0.0000,997,999,999,1,21.4014
72080.0000,7208,2952.9587,0.0000,1000,1000,998,1,21.4529
72090.0000,7209,2952.9647,0.0000,1000,1000,999,1,21.4201
72100.0000,7210,2952.9711,0.0000,1000,998,1000,1,21.4713
72110.0000,7211,2952.9772,0.0000,997,1000,1000,1,21.3537
72120.0000,7212,2952.9834,0.0000,997,998,1000,1,21.2790
72130.0000,7213,2952.9894,0.0000,998,1000,1000,1,21.2463
72140.0000,7214,2952.9956,0.0000,1000,999,1000,1,21.1303
72150.0000,7215,2953.0018,0.0000,996,1000,999,1,21.2240
72160.0000,7216,2953.0076,0.0000,996,1000,1000,1,21.2337
72170.0000,7217,2953.0135,0.0000,1000,1000,998,1,21.2014
72180.0000,7218,2953.0194,0.0000,1000,996,1000,1,21.0441
72190.0000,7219,2953.0256,0.0000,998,999,999,1,21.0541
72200.0000,7220,2953.0318,0.0000,1000,1000,1000,1,21.0221
72210.0000,7221,2953.0379,0.0000,998,1000,999,1,20.9904
72220.0000,7222,2953.0443,0.0000,999,1000,1000,1,21.0005
72230.0000,7223,2953.0506,0.0000,999,1000,1000,1,21.0524
72240.0000,7224,2953.0569,0.0000,1000,1000,1000,1,21.1559
72250.0000,7225,2953.0632,0.0000,1000,999,1000,1,21.1653
72260.0000,7226,2953.0695,0.0000,1000,999,998,1,21.0907
72270.0000,7227,2953.0755,0.0000,1000,998,999,1,21.0163
72280.0000,7228,2953.0818,0.0000,1000,998,1000,1,21.0258
72290.0000,7229,2953.0880,0.0000,999,997,1000,1,20.9091
72300.0000,7230,2953.0942,0.0000,998,1000,1000,1,20.9095
72310.0000,7231,2953.1005,0.0000,1000,1000,999,1,20.8774
72320.0000,7232,2953.1068,0.0000,998,1000,999,1,21.0128
72330.0000,7233,2953.1130,0.0000,1000,999,999,1,21.1064
72340.0000,7234,2953.1190,0.0000,1000,995,1000,1,20.9083
72350.0000,7235,2953.1252,0.0000,997,1000,1000,1,20.9602
72360.0000,7236,2953.1315,0.0000,998,1000,1000,1,21.0955
72370.0000,7237,2953.1374,0.0000,998,1000,999,1,21.1474
72380.0000,7238,2953.1436,0.0000,999,998,1000,1,21.1155
72390.0000,7239,2953.1498,0.0000,1000,999,1000,1,21.0415
72400.0000,7240,2953.1562,0.0000,1000,1000,1000,1,21.0188
72410.0000,7241,2953.1623,0.0000,998,999,1000,1,21.1121
72420.0000,7242,2953.1685,0.0000,1000,998,999,1,21.0801
72430.0000,7243,2953.1745,0.0000,1000,996,1000,1,21.0069
72440.0000,7244,2953.1807,0.0000,998,1000,1000,1,21.0590
72450.0000,7245,2953.1868,0.0000,1000,999,1000,1,20.9865
72460.0000,7246,2953.1932,0.0000,1000,1000,998,1,20.9555
72470.0000,7247,2953.1995,0.0000,999,999,1000,1,21.0076
72480.0000,7248,2953.2056,0.0000,998,999,999,1,21.0180
72490.0000,7249,2953.2119,0.0000,1000,1000,1000,1,21.0284
72500.0000,7250,2953.2182,0.0000,1000,1000,1000,1,21.1220
72510.0000,7251,2953.2243,0.0000,1000,998,1000,1,21.0909
72520.0000,7252,2953.2306,0.0000,998,1000,999,1,21.0596
72530.0000,7253,2953.2369,0.0000,1000,1000,998,1,20.9448
72540.0000,7254,2953.2427,0.0000,999,1000,997,1,20.9128
72550.0000,7255,2953.2488,0.0000,999,999,1000,1,21.0476
72560.0000,7256,2953.2549,0.0000,997,1000,998,1,20.8908
72570.0000,7257,2953.2610,0.0000,1000,1000,999,1,20.8173
72580.0000,7258,2953.2673,0.0000,1000,1000,1000,1,20.8688
72590.0000,7259,2953.2736,0.0000,1000,1000,1000,1,20.8784
72600.0000,7260,2953.2799,0.0000,999,1000,1000,1,20.9715
72610.0000,7261,2953.2863,0.0000,1000,1000,1000,1,21.0645
72620.0000,7262,2953.2926,0.0000,1000,1000,1000,1,21.0738
72630.0000,7263,2953.2988,0.0000,1000,998,998,1,20.9579
72640.0000,7264,2953.3048,0.0000,1000,1000,1000,1,20.9673
72650.0000,7265,2953.3111,0.0000,1000,999,999,1,20.9989
72660.0000,7266,2953.3172,0.0000,997,1000,1000,1,20.9030
72670.0000,7267,2953.3231,0.0000,1000,999,1000,1,20.8293
72680.0000,7268,2953.3294,0.0000,1000,1000,998,1,20.8389
72690.0000,7269,2953.3355,0.0000,998,999,999,1,20.8900
72700.0000,7270,2953.3418,0.0000,1000,998,999,1,20.8163
72710.0000,7271,2953.3480,0.0000,1000,999,999,1,20.7842
72720.0000,7272,2953.3541,0.0000,999,1000,999,1,20.7523
72730.0000,7273,2953.3602,0.0000,1000,1000,999,1,20.7621
72740.0000,7274,2953.3665,0.0000,998,999,1000,1,20.7718
72750.0000,7275,2953.3726,0.0000,1000,1000,1000,1,20.8230
72760.0000,7276,2953.3787,0.0000,1000,1000,997,1,20.7905
72770.0000,7277,2953.3849,0.0000,999,1000,999,1,20.8415
72780.0000,7278,2953.3910,0.0000,998,998,999,1,20.7258
72790.0000,7279,2953.3971,0.0000,1000,1000,998,1,20.6935
72800.0000,7280,2953.4033,0.0000,1000,999,999,1,20.7444
72810.0000,7281,2953.4094,0.0000,996,999,999,1,20.8371
72820.0000,7282,2953.4155,0.0000,999,998,1000,1,20.8467
72830.0000,7283,2953.4213,0.0000,998,998,999,1,20.8565
72840.0000,7284,2953.4270,0.0000,999,999,999,1,20.8253
72850.0000,7285,2953.4330,0.0000,1000,1000,1000,1,20.7943
72860.0000,7286,2953.4392,0.0000,998,1000,1000,1,20.8873
72870.0000,7287,2953.4454,0.0000,999,1000,1000,1,20.9390
72880.0000,7288,2953.4516,0.0000,999,1000,999,1,20.9906
72890.0000,7289,2953.4579,0.0000,1000,1000,1000,1,20.9181
72900.0000,7290,2953.4640,0.0000,1000,1000,1000,1,20.8038
72910.0000,7291,2953.4703,0.0000,999,999,1000,1,20.8551
72920.0000,7292,2953.4764,0.0000,999,997,1000,1,20.8648
72930.0000,7293,2953.4825,0.0000,1000,998,1000,1,20.9991
72940.0000,7294,2953.4884,0.0000,998,998,999,1,20.8432
72950.0000,7295,2953.4945,0.0000,1000,1000,1000,1,20.8531
72960.0000,7296,2953.5007,0.0000,999,1000,997,1,20.8214
72970.0000,7297,2953.5067,0.0000,1000,1000,998,1,20.7479
72980.0000,7298,2953.5128,0.0000,999,999,998,1,20.7990
72990.0000,7299,2953.5190,0.0000,1000,1000,1000,1,20.8087
73000.0000,7300,2953.5251,0.0000,998,1000,999,1,20.8599
73010.0000,7301,2953.5311,0.0000,1000,999,1000,1,20.7454
73020.0000,7302,2953.5374,0.0000,999,999,1000,1,20.7967
73030.0000,7303,2953.5433,0.0000,997,1000,995,1,20.6827
73040.0000,7304,2953.5491,0.0000,1000,1000,999,1,20.6097
73050.0000,7305,2953.5552,0.0000,998,999,999,1,20.5366
73060.0000,7306,2953.5610,0.0000,1000,1000,996,1,20.3398
73070.0000,7307,2953.5667,0.0000,1000,1000,1000,1,20.2669
73080.0000,7308,2953.5727,0.0000,1000,1000,998,1,20.2773
73090.0000,7309,2953.5788,0.0000,999,1000,1000,1,20.3288
73100.0000,7310,2953.5850,0.0000,999,999,1000,1,20.3391
73110.0000,7311,2953.5910,0.0000,1000,1000,997,1,20.3081
73120.0000,7312,2953.5971,0.0000,1000,999,998,1,20.1949
73130.0000,7313,2953.6033,0.0000,1000,999,1000,1,20.2465
73140.0000,7314,2953.6095,0.0000,999,1000,998,1,20.3246
73150.0000,7315,2953.6156,0.0000,999,999,999,1,20.2932
73160.0000,7316,2953.6213,0.0000,1000,998,1000,1,20.1941
73170.0000,7317,2953.6275,0.0000,1000,1000,1000,1,20.3129
73180.0000,7318,2953.6337,0.0000,999,998,1000,1,20.2813
73190.0000,7319,2953.6399,0.0000,1000,998,999,1,20.3322
73200.0000,7320,2953.6460,0.0000,999,1000,999,1,20.3831
73210.0000,7321,2953.6522,0.0000,1000,1000,1000,1,20.4495
73220.0000,7322,2953.6581,0.0000,999,1000,998,1,20.4018
73230.0000,7323,2953.6641,0.0000,1000,1000,1000,1,20.3848
73240.0000,7324,2953.6703,0.0000,1000,1000,1000,1,20.3940
73250.0000,7325,2953.6765,0.0000,999,1000,1000,1,20.4032
73260.0000,7326,2953.6827,0.0000,1000,998,1000,1,20.4121
73270.0000,7327,2953.6887,0.0000,999,1000,999,1,20.5043
73280.0000,7328,2953.6948,0.0000,1000,999,1000,1,20.4718
73290.0000,7329,2953.7011,0.0000,1000,999,1000,1,20.6055
73300.0000,7330,2953.7070,0.0000,1000,1000,1000,1,20.5726
73310.0000,7331,2953.7132,0.0000,1000,999,997,1,20.4571
73320.0000,7332,2953.7190,0.0000,1000,1000,996,1,20.4878
73330.0000,7333,2953.7250,0.0000,1000,999,1000,1,20.5799
73340.0000,7334,2953.7312,0.0000,1000,1000,999,1,20.7134
73350.0000,7335,2953.7370,0.0000,999,996,999,1,20.7638
73360.0000,7336,2953.7428,0.0000,1000,997,997,1,20.7728
73370.0000,7337,2953.7484,0.0000,1000,997,1000,1,20.6580
73380.0000,7338,2953.7546,0.0000,1000,1000,1000,1,20.7500
73390.0000,7339,2953.7607,0.0000,1000,999,1000,1,20.7176
73400.0000,7340,2953.7669,0.0000,1000,998,1000,1,20.7682
73410.0000,7341,2953.7730,0.0000,1000,1000,999,1,20.8188
73420.0000,7342,2953.7789,0.0000,1000,998,1000,1,20.7042
73430.0000,7343,2953.7846,0.0000,999,997,999,1,20.6316
73440.0000,7344,2953.7906,0.0000,999,1000,1000,1,20.5595
73450.0000,7345,2953.7964,0.0000,996,1000,1000,1,20.4868
73460.0000,7346,2953.8021,0.0000,996,1000,1000,1,20.4723
73470.0000,7347,2953.8082,0.0000,1000,1000,1000,1,20.4649
73480.0000,7348,2953.8143,0.0000,1000,1000,998,1,20.4337
73490.0000,7349,2953.8205,0.0000,999,1000,999,1,20.4610
73500.0000,7350,2953.8265,0.0000,997,998,999,1,20.3881
73510.0000,7351,2953.8324,0.0000,999,1000,1000,1,20.3782
73520.0000,7352,2953.8386,0.0000,999,1000,1000,1,20.4288
73530.0000,7353,2953.8446,0.0000,999,999,998,1,20.4382
73540.0000,7354,2953.8507,0.0000,1000,1000,1000,1,20.5714
73550.0000,7355,2953.8568,0.0000,1000,999,999,1,20.4760
73560.0000,7356,2953.8630,0.0000,1000,999,1000,1,20.5678
73570.0000,7357,2953.8690,0.0000,1000,999,1000,1,20.4941
73580.0000,7358,2953.8747,0.0000,999,996,997,1,20.4618
73590.0000,7359,2953.8801,0.0000,1000,998,1000,1,20.4300
73600.0000,7360,2953.8861,0.0000,997,1000,999,1,20.4808
73610.0000,7361,2953.8918,0.0000,998,1000,1000,1,20.4496
73620.0000,7362,2953.8979,0.0000,1000,1000,1000,1,20.5827
73630.0000,7363,2953.9041,0.0000,1000,998,1000,1,20.6336
73640.0000,7364,2953.9100,0.0000,999,1000,1000,1,20.6433
73650.0000,7365,2953.9157,0.0000,999,1000,999,1,20.6533
73660.0000,7366,2953.9218,0.0000,1000,1000,999,1,20.7453
73670.0000,7367,2953.9279,0.0000,1000,1000,1000,1,20.7962
73680.0000,7368,2953.9341,0.0000,998,1000,1000,1,20.7650
73690.0000,7369,2953.9402,0.0000,1000,999,1000,1,20.8568
73700.0000,7370,2953.9463,0.0000,1000,1000,1000,1,20.8665
73710.0000,7371,2953.9524,0.0000,1000,1000,1000,1,20.9172
73720.0000,7372,2953.9584,0.0000,1000,1000,1000,1,20.9268
73730.0000,7373,2953.9646,0.0000,1000,999,1000,1,20.9774
73740.0000,7374,2953.9707,0.0000,1000,999,1000,1,20.8642
73750.0000,7375,2953.9766,0.0000,999,997,999,1,20.9150
73760.0000,7376,2953.9825,0.0000,999,1000,1000,1,20.9658
73770.0000,7377,2953.9887,0.0000,1000,1000,1000,1,21.0165
73780.0000,7378,2953.9946,0.0000,1000,998,1000,1,21.0673
73790.0000,7379,2954.0004,0.0000,1000,1000,998,1,20.9541
73800.0000,7380,2954.0065,0.0000,998,999,999,1,21.0457
73810.0000,7381,2954.0124,0.0000,1000,1000,998,1,20.9740
73820.0000,7382,2954.0183,0.0000,1000,1000,998,1,20.9437
73830.0000,7383,2954.0243,0.0000,999,999,999,1,20.9134
73840.0000,7384,2954.0304,0.0000,1000,1000,1000,1,20.9241
73850.0000,7385,2954.0366,0.0000,1000,1000,1000,1,21.0567
73860.0000,7386,2954.0423,0.0000,1000,1000,995,1,20.8638
73870.0000,7387,2954.0478,0.0000,1000,1000,993,1,20.7113
73880.0000,7388,2954.0530,0.0000,1000,1000,994,1,20.7412
73890.0000,7389,2954.0590,0.0000,1000,1000,1000,1,20.8128
73900.0000,7390,2954.0650,0.0000,1000,999,1000,1,20.7418
73910.0000,7391,2954.0711,0.0000,1000,1000,1000,1,20.8336
73920.0000,7392,2954.0771,0.0000,997,998,999,1,20.8845
73930.0000,7393,2954.0830,0.0000,1000,999,1000,1,21.0169
73940.0000,7394,2954.0891,0.0000,1000,1000,1000,1,21.0677
73950.0000,7395,2954.0951,0.0000,1000,998,998,1,20.9959
73960.0000,7396,2954.1012,0.0000,1000,1000,999,1,21.0468
73970.0000,7397,2954.1072,0.0000,999,998,999,1,20.9345
73980.0000,7398,2954.1132,0.0000,1000,1000,1000,1,20.9852
73990.0000,7399,2954.1191,0.0000,1000,1000,1000,1,20.9952
74000.0000,7400,2954.1252,0.0000,1000,1000,1000,1,20.9646
74010.0000,7401,2954.1313,0.0000,1000,1000,1000,1,20.9954
74020.0000,7402,2954.1372,0.0000,1000,999,1000,1,20.9434
74030.0000,7403,2954.1433,0.0000,1000,999,1000,1,21.0348
74040.0000,7404,2954.1492,0.0000,1000,997,1000,1,21.0854
74050.0000,7405,2954.1547,0.0000,1000,999,995,1,20.9728
74060.0000,7406,2954.1605,0.0000,1000,1000,999,1,20.9008
74070.0000,7407,2954.1666,0.0000,1000,1000,1000,1,20.8697
74080.0000,7408,2954.1727,0.0000,1000,1000,1000,1,20.9202
74090.0000,7409,2954.1787,0.0000,999,998,1000,1,20.9704
74100.0000,7410,2954.1848,0.0000,998,1000,999,1,21.0204
74110.0000,7411,2954.1905,0.0000,1000,998,996,1,20.9472
74120.0000,7412,2954.1965,0.0000,1000,1000,999,1,20.9971
74130.0000,7413,2954.2025,0.0000,1000,1000,998,1,20.9649
74140.0000,7414,2954.2086,0.0000,1000,999,1000,1,21.0559
74150.0000,7415,2954.2147,0.0000,1000,1000,999,1,21.0648
74160.0000,7416,2954.2206,0.0000,999,1000,999,1,20.9914
74170.0000,7417,2954.2266,0.0000,999,1000,1000,1,20.9818
74180.0000,7418,2954.2325,0.0000,999,1000,1000,1,20.9494
74190.0000,7419,2954.2386,0.0000,1000,1000,1000,1,20.9170
74200.0000,7420,2954.2446,0.0000,999,997,999,1,20.8441
74210.0000,7421,2954.2503,0.0000,998,1000,999,1,20.7716
74220.0000,7422,2954.2562,0.0000,1000,1000,1000,1,20.7580
74230.0000,7423,2954.2621,0.0000,1000,1000,1000,1,20.8320
74240.0000,7424,2954.2683,0.0000,1000,1000,999,1,20.9639
74250.0000,7425,2954.2743,0.0000,999,1000,999,1,21.0547
74260.0000,7426,2954.2802,0.0000,999,1000,999,1,21.1047
74270.0000,7427,2954.2862,0.0000,999,1000,998,1,21.1548
74280.0000,7428,2954.2920,0.0000,1000,1000,1000,1,21.2458
74290.0000,7429,2954.2979,0.0000,1000,1000,997,1,21.2549
74300.0000,7430,2954.3037,0.0000,1000,998,1000,1,21.2234
74310.0000,7431,2954.3097,0.0000,999,1000,1000,1,21.2328
74320.0000,7432,2954.3156,0.0000,1000,1000,1000,1,21.2423
74330.0000,7433,2954.3216,0.0000,1000,999,1000,1,21.2109
74340.0000,7434,2954.3276,0.0000,1000,999,999,1,21.3018
74350.0000,7435,2954.3336,0.0000,998,1000,1000,1,21.3927
74360.0000,7436,2954.3392,0.0000,1000,1000,997,1,21.4021
74370.0000,7437,2954.3451,0.0000,1000,1000,998,1,21.4522
74380.0000,7438,2954.3510,0.0000,1000,1000,1000,1,21.4616
74390.0000,7439,2954.3571,0.0000,1000,1000,999,1,21.5523
74400.0000,7440,2954.3630,0.0000,1000,1000,999,1,21.6021
74410.0000,7441,2954.3691,0.0000,1000,1000,1000,1,21.7336
74420.0000,7442,2954.3748,0.0000,998,998,997,1,21.7424
74430.0000,7443,2954.3805,0.0000,1000,1000,999,1,21.7920
74440.0000,7444,2954.3863,0.0000,1000,1000,999,1,21.6778
74450.0000,7445,2954.3921,0.0000,998,999,998,1,21.6864
74460.0000,7446,2954.3980,0.0000,998,1000,999,1,21.8177
74470.0000,7447,2954.4037,0.0000,995,1000,997,1,21.8671
74480.0000,7448,2954.4091,0.0000,1000,999,1000,1,21.8346
74490.0000,7449,2954.4151,0.0000,999,998,1000,1,21.8024
74500.0000,7450,2954.4209,0.0000,1000,996,1000,1,21.6886
74510.0000,7451,2954.4265,0.0000,999,999,999,1,21.6975
74520.0000,7452,2954.4322,0.0000,1000,998,998,1,21.6658
74530.0000,7453,2954.4378,0.0000,999,1000,999,1,21.6341
74540.0000,7454,2954.4434,0.0000,1000,999,999,1,21.4805
74550.0000,7455,2954.4494,0.0000,1000,1000,998,1,21.3679
74560.0000,7456,2954.4554,0.0000,1000,999,1000,1,21.3364
74570.0000,7457,2954.4609,0.0000,997,996,997,1,21.3048
74580.0000,7458,2954.4663,0.0000,1000,996,1000,1,21.1512
74590.0000,7459,2954.4721,0.0000,998,1000,1000,1,21.1604
74600.0000,7460,2954.4780,0.0000,1000,1000,1000,1,21.1292
74610.0000,7461,2954.4836,0.0000,997,999,999,1,21.0979
74620.0000,7462,2954.4892,0.0000,1000,1000,995,1,21.2290
74630.0000,7463,2954.4949,0.0000,999,998,1000,1,21.0759
74640.0000,7464,2954.5005,0.0000,1000,1000,1000,1,21.1257
74650.0000,7465,2954.5063,0.0000,1000,1000,997,1,21.0948
74660.0000,7466,2954.5122,0.0000,1000,1000,1000,1,21.0238
74670.0000,7467,2954.5180,0.0000,1000,998,999,1,21.0339
74680.0000,7468,2954.5234,0.0000,999,997,1000,1,20.8824
74690.0000,7469,2954.5293,0.0000,1000,998,1000,1,20.9328
74700.0000,7470,2954.5350,0.0000,999,997,998,1,20.7014
74710.0000,7471,2954.5405,0.0000,997,999,1000,1,20.6311
74720.0000,7472,2954.5459,0.0000,1000,997,1000,1,20.4720
74730.0000,7473,2954.5514,0.0000,1000,993,1000,1,20.5226
74740.0000,7474,2954.5569,0.0000,1000,996,998,1,20.4928
74750.0000,7475,2954.5625,0.0000,999,1000,999,1,20.4628
74760.0000,7476,2954.5684,0.0000,999,998,1000,1,20.4731
74770.0000,7477,2954.5743,0.0000,1000,999,1000,1,20.4435
74780.0000,7478,2954.5799,0.0000,1000,998,1000,1,20.5745
74790.0000,7479,2954.5856,0.0000,1000,998,999,1,20.6252
74800.0000,7480,2954.5914,0.0000,999,998,1000,1,20.5556
74810.0000,7481,2954.5971,0.0000,1000,999,999,1,20.4461
74820.0000,7482,2954.6029,0.0000,999,1000,1000,1,20.3765
74830.0000,7483,2954.6088,0.0000,997,999,1000,1,20.3870
74840.0000,7484,2954.6145,0.0000,1000,1000,1000,1,20.3973
74850.0000,7485,2954.6205,0.0000,999,1000,1000,1,20.3675
74860.0000,7486,2954.6263,0.0000,999,1000,999,1,20.2975
74870.0000,7487,2954.6321,0.0000,1000,1000,998,1,20.3482
74880.0000,7488,2954.6381,0.0000,999,1000,999,1,20.3586
74890.0000,7489,2954.6440,0.0000,1000,1000,1000,1,20.4492
74900.0000,7490,2954.6500,0.0000,1000,999,998,1,20.4594
74910.0000,7491,2954.6559,0.0000,999,999,1000,1,20.3890
74920.0000,7492,2954.6618,0.0000,998,1000,999,1,20.4863
74930.0000,7493,2954.6675,0.0000,1000,1000,1000,1,20.4562
74940.0000,7494,2954.6732,0.0000,1000,1000,997,1,20.5065
74950.0000,7495,2954.6790,0.0000,1000,999,1000,1,20.5166
74960.0000,7496,2954.6850,0.0000,999,1000,1000,1,20.6472
74970.0000,7497,2954.6908,0.0000,998,1000,1000,1,20.7376
74980.0000,7498,2954.6965,0.0000,1000,997,998,1,20.7070
74990.0000,7499,2954.7023,0.0000,997,1000,999,1,20.7973
75000.0000,7500,2954.7082,0.0000,1000,1000,1000,1,20.7667
75010.0000,7501,2954.7142,0.0000,1000,999,1000,1,20.7765
75020.0000,7502,2954.7199,0.0000,999,1000,1000,1,20.7057
75030.0000,7503,2954.7259,0.0000,1000,999,999,1,20.7153
75040.0000,7504,2954.7315,0.0000,1000,998,1000,1,20.6846
75050.0000,7505,2954.7374,0.0000,999,999,1000,1,20.6942
75060.0000,7506,2954.7430,0.0000,999,998,999,1,20.5422
75070.0000,7507,2954.7485,0.0000,999,996,1000,1,20.4309
75080.0000,7508,2954.7542,0.0000,999,999,998,1,20.4807
75090.0000,7509,2954.7599,0.0000,1000,999,999,1,20.4502
75100.0000,7510,2954.7657,0.0000,1000,999,1000,1,20.5002
75110.0000,7511,2954.7712,0.0000,996,997,1000,1,20.4697
75120.0000,7512,2954.7766,0.0000,997,1000,1000,1,20.4794
75130.0000,7513,2954.7820,0.0000,1000,997,998,1,20.4087
75140.0000,7514,2954.7877,0.0000,1000,998,1000,1,20.4181
75150.0000,7515,2954.7935,0.0000,999,997,999,1,20.3874
75160.0000,7516,2954.7992,0.0000,999,1000,1000,1,20.4370
75170.0000,7517,2954.8050,0.0000,1000,998,1000,1,20.3254
75180.0000,7518,2954.8106,0.0000,998,999,997,1,20.3752
75190.0000,7519,2954.8163,0.0000,999,1000,1000,1,20.3847
75200.0000,7520,2954.8221,0.0000,997,1000,999,1,20.3539
75210.0000,7521,2954.8277,0.0000,1000,1000,997,1,20.3633
75220.0000,7522,2954.8335,0.0000,999,999,999,1,20.2519
75230.0000,7523,2954.8392,0.0000,1000,997,998,1,20.1005
75240.0000,7524,2954.8450,0.0000,1000,1000,1000,1,20.1903
75250.0000,7525,2954.8508,0.0000,1000,1000,999,1,20.1595
75260.0000,7526,2954.8564,0.0000,999,997,1000,1,20.1782
75270.0000,7527,2954.8619,0.0000,1000,999,999,1,20.1882
75280.0000,7528,2954.8674,0.0000,1000,1000,994,1,20.0378
75290.0000,7529,2954.8729,0.0000,1000,999,1000,1,19.9675
75300.0000,7530,2954.8786,0.0000,999,998,1000,1,19.9288
75310.0000,7531,2954.8842,0.0000,1000,999,998,1,19.8589
75320.0000,7532,2954.8898,0.0000,1000,1000,999,1,19.8292
75330.0000,7533,2954.8955,0.0000,1000,1000,1000,1,19.9593
75340.0000,7534,2954.9014,0.0000,999,1000,999,1,20.0894
75350.0000,7535,2954.9072,0.0000,1000,999,999,1,20.0995
75360.0000,7536,2954.9131,0.0000,1000,1000,1000,1,20.1894
75370.0000,7537,2954.9188,0.0000,999,1000,1000,1,20.0387
75380.0000,7538,2954.9243,0.0000,996,1000,1000,1,20.1287
75390.0000,7539,2954.9294,0.0000,994,1000,1000,1,20.1389
75400.0000,7540,2954.9349,0.0000,999,998,1000,1,19.9894
75410.0000,7541,2954.9407,0.0000,1000,998,1000,1,19.9684
75420.0000,7542,2954.9465,0.0000,997,1000,1000,1,20.0585
75430.0000,7543,2954.9523,0.0000,1000,1000,999,1,20.0685
75440.0000,7544,2954.9581,0.0000,1000,998,1000,1,20.1185
75450.0000,7545,2954.9639,0.0000,999,998,1000,1,20.1283
75460.0000,7546,2954.9697,0.0000,1000,1000,999,1,20.1379
75470.0000,7547,2954.9755,0.0000,1000,1000,1000,1,20.2276
75480.0000,7548,2954.9814,0.0000,999,1000,999,1,20.2770
75490.0000,7549,2954.9871,0.0000,1000,1000,999,1,20.2861
75500.0000,7550,2954.9926,0.0000,1000,997,999,1,20.2147
75510.0000,7551,2954.9985,0.0000,1000,1000,1000,1,20.2243
75520.0000,7552,2955.0043,0.0000,999,1000,1000,1,20.2738
75530.0000,7553,2955.0100,0.0000,1000,998,1000,1,20.2831
75540.0000,7554,2955.0157,0.0000,1000,997,998,1,20.2124
75550.0000,7555,2955.0208,0.0000,999,1000,996,1,20.0619
75560.0000,7556,2955.0261,0.0000,1000,999,997,1,19.9122
75570.0000,7557,2955.0318,0.0000,1000,1000,1000,1,19.9622
75580.0000,7558,2955.0375,0.0000,998,999,999,1,19.9323
75590.0000,7559,2955.0431,0.0000,1000,998,996,1,19.7827
75600.0000,7560,2955.0487,0.0000,1000,1000,998,1,19.8324
75610.0000,7561,2955.0545,0.0000,1000,997,1000,1,19.9222
75620.0000,7562,2955.0602,0.0000,1000,1000,999,1,19.9722
75630.0000,7563,2955.0660,0.0000,1000,1000,999,1,19.9427
75640.0000,7564,2955.0717,0.0000,1000,999,999,1,19.9529
75650.0000,7565,2955.0772,0.0000,999,998,1000,1,19.8701
75660.0000,7566,2955.0829,0.0000,1000,1000,1000,1,19.9202
75670.0000,7567,2955.0886,0.0000,998,1000,1000,1,19.8906
75680.0000,7568,2955.0944,0.0000,999,1000,1000,1,19.8609
75690.0000,7569,2955.1001,0.0000,999,1000,1000,1,19.8846
75700.0000,7570,2955.1058,0.0000,999,999,1000,1,19.8948
75710.0000,7571,2955.1116,0.0000,1000,1000,1000,1,19.9446
75720.0000,7572,2955.1173,0.0000,1000,999,997,1,19.9143
75730.0000,7573,2955.1228,0.0000,1000,998,998,1,19.8444
75740.0000,7574,2955.1283,0.0000,1000,1000,997,1,19.7746
75750.0000,7575,2955.1338,0.0000,995,999,997,1,19.6653
75760.0000,7576,2955.1390,0.0000,996,1000,999,1,19.7550
75770.0000,7577,2955.1448,0.0000,1000,1000,1000,1,19.7653
75780.0000,7578,2955.1507,0.0000,998,1000,999,1,19.8549
75790.0000,7579,2955.1563,0.0000,1000,998,999,1,19.7854
75800.0000,7580,2955.1620,0.0000,1000,1000,1000,1,19.8749
75810.0000,7581,2955.1678,0.0000,1000,1000,999,1,19.8051
75820.0000,7582,2955.1737,0.0000,999,1000,1000,1,19.8548
75830.0000,7583,2955.1795,0.0000,1000,999,1000,1,19.9841
75840.0000,7584,2955.1851,0.0000,999,1000,999,1,19.9539
75850.0000,7585,2955.1906,0.0000,996,998,1000,1,19.9637
75860.0000,7586,2955.1960,0.0000,995,998,999,1,19.9734
75870.0000,7587,2955.2015,0.0000,1000,1000,1000,1,19.9830
75880.0000,7588,2955.2071,0.0000,1000,999,1000,1,19.9132
75890.0000,7589,2955.2125,0.0000,997,999,1000,1,20.0424
75900.0000,7590,2955.2180,0.0000,1000,1000,1000,1,20.0125
75910.0000,7591,2955.2238,0.0000,1000,998,999,1,19.9427
75920.0000,7592,2955.2295,0.0000,1000,999,999,1,19.9922
75930.0000,7593,2955.2352,0.0000,1000,999,1000,1,19.9620
75940.0000,7594,2955.2408,0.0000,1000,998,1000,1,19.9718
75950.0000,7595,2955.2464,0.0000,998,1000,1000,1,20.0612
75960.0000,7596,2955.2518,0.0000,997,998,1000,1,19.9914
75970.0000,7597,2955.2571,0.0000,998,1000,1000,1,19.9217
75980.0000,7598,2955.2628,0.0000,999,1000,998,1,19.8523
75990.0000,7599,2955.2686,0.0000,1000,1000,999,1,19.9415
76000.0000,7600,2955.2743,0.0000,999,999,1000,1,19.9512
76010.0000,7601,2955.2800,0.0000,999,1000,1000,1,20.0006
76020.0000,7602,2955.2858,0.0000,1000,1000,1000,1,20.0499
76030.0000,7603,2955.2915,0.0000,1000,1000,1000,1,20.0594
76040.0000,7604,2955.2973,0.0000,1000,998,1000,1,19.9891
76050.0000,7605,2955.3030,0.0000,999,1000,1000,1,20.0382
76060.0000,7606,2955.3087,0.0000,999,998,1000,1,20.1670
76070.0000,7607,2955.3143,0.0000,997,1000,1000,1,20.1362
76080.0000,7608,2955.3200,0.0000,1000,1000,998,1,19.9854
76090.0000,7609,2955.3258,0.0000,1000,1000,1000,1,19.9146
76100.0000,7610,2955.3315,0.0000,1000,1000,1000,1,19.8835
76110.0000,7611,2955.3373,0.0000,1000,999,999,1,19.8922
76120.0000,7612,2955.3429,0.0000,999,1000,998,1,19.9407
76130.0000,7613,2955.3484,0.0000,1000,998,999,1,19.8684
76140.0000,7614,2955.3541,0.0000,1000,1000,999,1,19.9169
76150.0000,7615,2955.3598,0.0000,999,1000,1000,1,19.9652
76160.0000,7616,2955.3656,0.0000,1000,1000,1000,1,20.0537
76170.0000,7617,2955.3713,0.0000,1000,1000,999,1,20.0616
76180.0000,7618,2955.3770,0.0000,1000,998,1000,1,20.0293
76190.0000,7619,2955.3825,0.0000,998,999,1000,1,19.8765
76200.0000,7620,2955.3881,0.0000,998,1000,1000,1,19.9696
76210.0000,7621,2955.3930,0.0000,1000,995,998,1,19.7376
76220.0000,7622,2955.3985,0.0000,1000,1000,999,1,19.7462
76230.0000,7623,2955.4041,0.0000,998,999,999,1,19.7949
76240.0000,7624,2955.4097,0.0000,1000,1000,1000,1,19.7241
76250.0000,7625,2955.4153,0.0000,997,1000,999,1,19.7331
76260.0000,7626,2955.4210,0.0000,1000,1000,1000,1,19.7422
76270.0000,7627,2955.4268,0.0000,1000,1000,1000,1,19.8707
76280.0000,7628,2955.4325,0.0000,1000,999,999,1,19.7952
76290.0000,7629,2955.4382,0.0000,1000,999,1000,1,19.8483
76300.0000,7630,2955.4439,0.0000,999,1000,1000,1,19.8922
76310.0000,7631,2955.4495,0.0000,1000,1000,1000,1,19.9008
76320.0000,7632,2955.4553,0.0000,1000,1000,1000,1,20.0292
76330.0000,7633,2955.4609,0.0000,999,999,1000,1,19.9577
76340.0000,7634,2955.4663,0.0000,1000,1000,1000,1,19.9269
76350.0000,7635,2955.4720,0.0000,1000,998,999,1,19.8961
76360.0000,7636,2955.4775,0.0000,1000,1000,997,1,19.8148
76370.0000,7637,2955.4830,0.0000,1000,1000,1000,1,19.9431
76380.0000,7638,2955.4887,0.0000,1000,1000,999,1,20.0317
76390.0000,7639,2955.4941,0.0000,998,1000,997,1,19.9220
76400.0000,7640,2955.4997,0.0000,1000,999,1000,1,20.0106
76410.0000,7641,2955.5053,0.0000,999,999,1000,1,20.0195
76420.0000,7642,2955.5105,0.0000,1000,997,1000,1,19.9888
76430.0000,7643,2955.5160,0.0000,998,999,1000,1,19.9980
76440.0000,7644,2955.5216,0.0000,1000,1000,998,1,20.0468
76450.0000,7645,2955.5268,0.0000,1000,1000,996,1,20.0957
76460.0000,7646,2955.5320,0.0000,995,1000,999,1,19.9062
76470.0000,7647,2955.5374,0.0000,1000,1000,999,1,19.9150
76480.0000,7648,2955.5431,0.0000,1000,1000,1000,1,19.8844
76490.0000,7649,2955.5485,0.0000,992,999,998,1,19.7064
76500.0000,7650,2955.5536,0.0000,1000,1000,999,1,19.5970
76510.0000,7651,2955.5592,0.0000,1000,1000,1000,1,19.6065
76520.0000,7652,2955.5645,0.0000,1000,999,996,1,19.5655
76530.0000,7653,2955.5700,0.0000,1000,1000,1000,1,19.5751
76540.0000,7654,2955.5758,0.0000,1000,1000,1000,1,19.6372
76550.0000,7655,2955.5814,0.0000,1000,999,1000,1,19.6447
76560.0000,7656,2955.5870,0.0000,1000,1000,1000,1,19.6955
76570.0000,7657,2955.5928,0.0000,1000,999,1000,1,19.7840
76580.0000,7658,2955.5982,0.0000,1000,997,1000,1,19.7519
76590.0000,7659,2955.6031,0.0000,1000,996,997,1,19.6822
76600.0000,7660,2955.6081,0.0000,998,994,1000,1,19.6523
76610.0000,7661,2955.6133,0.0000,999,997,1000,1,19.6225
76620.0000,7662,2955.6186,0.0000,1000,996,1000,1,19.6320
76630.0000,7663,2955.6238,0.0000,999,996,998,1,19.6809
76640.0000,7664,2955.6290,0.0000,1000,999,1000,1,19.6901
76650.0000,7665,2955.6345,0.0000,1000,1000,1000,1,19.6998
76660.0000,7666,2955.6397,0.0000,1000,998,999,1,19.6702
76670.0000,7667,2955.6453,0.0000,998,1000,998,1,19.6803
76680.0000,7668,2955.6508,0.0000,1000,1000,1000,1,19.7687
76690.0000,7669,2955.6560,0.0000,995,999,994,1,19.6611
76700.0000,7670,2955.6605,0.0000,998,998,997,1,19.6322
76710.0000,7671,2955.6658,0.0000,999,998,999,1,19.6428
76720.0000,7672,2955.6711,0.0000,1000,999,1000,1,19.5373
76730.0000,7673,2955.6767,0.0000,999,1000,999,1,19.4708
76740.0000,7674,2955.6823,0.0000,1000,999,1000,1,19.5597
76750.0000,7675,2955.6879,0.0000,999,999,1000,1,19.6485
76760.0000,7676,2955.6934,0.0000,998,1000,1000,1,19.7374
76770.0000,7677,2955.6986,0.0000,999,997,995,1,19.6704
76780.0000,7678,2955.7037,0.0000,999,999,1000,1,19.6812
76790.0000,7679,2955.7092,0.0000,1000,999,999,1,19.6148
76800.0000,7680,2955.7149,0.0000,999,1000,1000,1,19.6648
76810.0000,7681,2955.7203,0.0000,999,998,998,1,19.5207
76820.0000,7682,2955.7259,0.0000,1000,999,1000,1,19.5320
76830.0000,7683,2955.7314,0.0000,1000,999,1000,1,19.4665
76840.0000,7684,2955.7369,0.0000,1000,1000,996,1,19.2853
76850.0000,7685,2955.7421,0.0000,1000,998,997,1,19.1810
76860.0000,7686,2955.7474,0.0000,1000,1000,999,1,19.1928
76870.0000,7687,2955.7530,0.0000,1000,1000,1000,1,19.2432
76880.0000,7688,2955.7585,0.0000,999,997,1000,1,19.2936
76890.0000,7689,2955.7641,0.0000,998,1000,1000,1,19.3827
76900.0000,7690,2955.7696,0.0000,1000,1000,999,1,19.3947
76910.0000,7691,2955.7749,0.0000,999,1000,1000,1,19.3300
76920.0000,7692,2955.7804,0.0000,1000,1000,999,1,19.3038
76930.0000,7693,2955.7859,0.0000,998,1000,1000,1,19.3543
76940.0000,7694,2955.7912,0.0000,999,1000,999,1,19.2895
76950.0000,7695,2955.7968,0.0000,1000,1000,1000,1,19.2634
76960.0000,7696,2955.8023,0.0000,999,999,998,1,19.1791
76970.0000,7697,2955.8077,0.0000,996,1000,1000,1,19.1737
76980.0000,7698,2955.8130,0.0000,995,999,1000,1,19.2248
76990.0000,7699,2955.8182,0.0000,1000,1000,999,1,19.2377
77000.0000,7700,2955.8238,0.0000,1000,999,1000,1,19.2121
77010.0000,7701,2955.8293,0.0000,1000,999,999,1,19.0718
77020.0000,7702,2955.8348,0.0000,998,999,999,1,19.0084
77030.0000,7703,2955.8403,0.0000,999,1000,1000,1,19.1357
77040.0000,7704,2955.8459,0.0000,1000,999,1000,1,19.2249
77050.0000,7705,2955.8515,0.0000,1000,998,1000,1,19.1997
77060.0000,7706,2955.8571,0.0000,999,1000,1000,1,19.1744
77070.0000,7707,2955.8626,0.0000,1000,1000,1000,1,19.1112
77080.0000,7708,2955.8682,0.0000,1000,1000,999,1,19.0485
77090.0000,7709,2955.8738,0.0000,1000,1000,999,1,19.0410
77100.0000,7710,2955.8794,0.0000,1000,999,1000,1,19.0922
77110.0000,7711,2955.8849,0.0000,1000,1000,999,1,19.1432
77120.0000,7712,2955.8905,0.0000,1000,1000,999,1,19.1181
77130.0000,7713,2955.8958,0.0000,999,1000,998,1,19.0930
77140.0000,7714,2955.9012,0.0000,1000,1000,1000,1,19.0679
77150.0000,7715,2955.9069,0.0000,999,1000,999,1,19.1186
77160.0000,7716,2955.9123,0.0000,997,1000,1000,1,18.9999
77170.0000,7717,2955.9177,0.0000,997,1000,1000,1,19.0673
77180.0000,7718,2955.9228,0.0000,998,999,999,1,19.1564
77190.0000,7719,2955.9284,0.0000,1000,1000,1000,1,19.2835
77200.0000,7720,2955.9339,0.0000,999,1000,1000,1,19.3344
77210.0000,7721,2955.9392,0.0000,998,1000,1000,1,19.3853
77220.0000,7722,2955.9448,0.0000,1000,998,998,1,19.3983
77230.0000,7723,2955.9498,0.0000,1000,997,996,1,19.3730
77240.0000,7724,2955.9548,0.0000,999,996,998,1,19.3101
77250.0000,7725,2955.9596,0.0000,996,997,1000,1,19.2097
77260.0000,7726,2955.9652,0.0000,1000,1000,999,1,19.2988
77270.0000,7727,2955.9707,0.0000,999,999,1000,1,19.3125
77280.0000,7728,2955.9762,0.0000,1000,1000,1000,1,19.4016
77290.0000,7729,2955.9818,0.0000,1000,1000,998,1,19.4907
77300.0000,7730,2955.9874,0.0000,999,1000,999,1,19.5418
77310.0000,7731,2955.9929,0.0000,1000,1000,999,1,19.5175
77320.0000,7732,2955.9981,0.0000,998,1000,996,1,19.5691
77330.0000,7733,2956.0034,0.0000,1000,1000,998,1,19.5832
77340.0000,7734,2956.0087,0.0000,998,1000,1000,1,19.7100
77350.0000,7735,2956.0142,0.0000,1000,1000,1000,1,19.6861
77360.0000,7736,2956.0196,0.0000,999,1000,999,1,19.6246
77370.0000,7737,2956.0251,0.0000,999,1000,1000,1,19.7137
77380.0000,7738,2956.0307,0.0000,1000,1000,1000,1,19.7651
77390.0000,7739,2956.0361,0.0000,999,1000,1000,1,19.8918
77400.0000,7740,2956.0415,0.0000,999,999,1000,1,19.8299
77410.0000,7741,2956.0470,0.0000,1000,999,1000,1,19.7682
77420.0000,7742,2956.0524,0.0000,1000,999,1000,1,19.7443
77430.0000,7743,2956.0579,0.0000,999,999,1000,1,19.6824
77440.0000,7744,2956.0631,0.0000,999,1000,997,1,19.6584
77450.0000,7745,2956.0685,0.0000,1000,999,999,1,19.7095
77460.0000,7746,2956.0737,0.0000,1000,997,1000,1,19.5720
77470.0000,7747,2956.0787,0.0000,1000,996,999,1,19.4719
77480.0000,7748,2956.0842,0.0000,1000,1000,999,1,19.4476
77490.0000,7749,2956.0895,0.0000,999,999,997,1,19.4237
77500.0000,7750,2956.0950,0.0000,1000,999,998,1,19.3621
77510.0000,7751,2956.1003,0.0000,1000,998,1000,1,19.2250
77520.0000,7752,2956.1057,0.0000,999,1000,999,1,19.2010
77530.0000,7753,2956.1113,0.0000,1000,1000,999,1,19.2899
77540.0000,7754,2956.1169,0.0000,1000,1000,1000,1,19.3787
77550.0000,7755,2956.1225,0.0000,1000,1000,1000,1,19.5052
77560.0000,7756,2956.1280,0.0000,1000,1000,1000,1,19.4805
77570.0000,7757,2956.1333,0.0000,998,997,1000,1,19.4178
77580.0000,7758,2956.1387,0.0000,1000,1000,1000,1,19.4683
77590.0000,7759,2956.1440,0.0000,998,1000,1000,1,19.4811
77600.0000,7760,2956.1494,0.0000,998,999,1000,1,19.5316
77610.0000,7761,2956.1547,0.0000,998,998,999,1,19.5440
77620.0000,7762,2956.1598,0.0000,1000,999,1000,1,19.4806
77630.0000,7763,2956.1654,0.0000,1000,1000,999,1,19.5689
77640.0000,7764,2956.1709,0.0000,1000,1000,999,1,19.5432
77650.0000,7765,2956.1764,0.0000,1000,999,1000,1,19.4413
77660.0000,7766,2956.1819,0.0000,1000,1000,999,1,19.3395
77670.0000,7767,2956.1873,0.0000,1000,1000,1000,1,19.3516
77680.0000,7768,2956.1926,0.0000,1000,997,997,1,19.1773
77690.0000,7769,2956.1980,0.0000,1000,1000,1000,1,19.1515
77700.0000,7770,2956.2035,0.0000,1000,1000,999,1,19.2396
77710.0000,7771,2956.2091,0.0000,999,998,999,1,19.3276
77720.0000,7772,2956.2144,0.0000,1000,999,999,1,19.3012
77730.0000,7773,2956.2198,0.0000,998,1000,1000,1,19.1986
77740.0000,7774,2956.2251,0.0000,1000,1000,1000,1,19.3248
77750.0000,7775,2956.2306,0.0000,1000,999,1000,1,19.3748
77760.0000,7776,2956.2360,0.0000,1000,1000,999,1,19.3865
77770.0000,7777,2956.2414,0.0000,1000,1000,1000,1,19.3602
77780.0000,7778,2956.2469,0.0000,997,998,999,1,19.2954
77790.0000,7779,2956.2522,0.0000,1000,998,999,1,19.2688
77800.0000,7780,2956.2576,0.0000,1000,1000,999,1,19.2044
77810.0000,7781,2956.2631,0.0000,1000,999,1000,1,19.1023
77820.0000,7782,2956.2685,0.0000,1000,1000,1000,1,19.1523
77830.0000,7783,2956.2740,0.0000,1000,1000,999,1,19.1642
77840.0000,7784,2956.2793,0.0000,998,1000,997,1,19.1759
77850.0000,7785,2956.2847,0.0000,1000,1000,1000,1,19.2258
77860.0000,7786,2956.2901,0.0000,1000,998,1000,1,19.2377
77870.0000,7787,2956.2955,0.0000,998,999,1000,1,19.2115
77880.0000,7788,2956.3010,0.0000,1000,1000,1000,1,19.2585
77890.0000,7789,2956.3066,0.0000,999,1000,999,1,19.3463
77900.0000,7790,2956.3120,0.0000,1000,1000,1000,1,19.3580
77910.0000,7791,2956.3173,0.0000,998,1000,1000,1,19.4077
77920.0000,7792,2956.3228,0.0000,1000,1000,1000,1,19.4194
77930.0000,7793,2956.3282,0.0000,998,1000,1000,1,19.5072
77940.0000,7794,2956.3335,0.0000,1000,1000,997,1,19.5950
77950.0000,7795,2956.3390,0.0000,1000,999,1000,1,19.6827
77960.0000,7796,2956.3442,0.0000,998,999,1000,1,19.6558
77970.0000,7797,2956.3495,0.0000,1000,999,996,1,19.6293
77980.0000,7798,2956.3546,0.0000,999,999,998,1,19.5268
77990.0000,7799,2956.3597,0.0000,997,996,998,1,19.4625
78000.0000,7800,2956.3647,0.0000,1000,1000,999,1,19.5500
78010.0000,7801,2956.3699,0.0000,1000,998,1000,1,19.5238
78020.0000,7802,2956.3754,0.0000,1000,999,1000,1,19.3840
78030.0000,7803,2956.3807,0.0000,999,999,998,1,19.3580
78040.0000,7804,2956.3860,0.0000,999,1000,997,1,19.2941
78050.0000,7805,2956.3911,0.0000,997,1000,1000,1,19.2681
78060.0000,7806,2956.3966,0.0000,1000,1000,1000,1,19.3559
78070.0000,7807,2956.4020,0.0000,1000,1000,1000,1,19.4055
78080.0000,7808,2956.4075,0.0000,1000,999,1000,1,19.3414
78090.0000,7809,2956.4129,0.0000,999,1000,1000,1,19.3532
78100.0000,7810,2956.4180,0.0000,999,997,1000,1,19.2513
78110.0000,7811,2956.4234,0.0000,1000,1000,998,1,19.2632
78120.0000,7812,2956.4286,0.0000,999,999,1000,1,19.2372
78130.0000,7813,2956.4336,0.0000,1000,997,999,1,19.1354
78140.0000,7814,2956.4389,0.0000,1000,999,1000,1,19.1852
78150.0000,7815,2956.4444,0.0000,1000,1000,1000,1,19.2349
78160.0000,7816,2956.4498,0.0000,1000,999,1000,1,19.1711
78170.0000,7817,2956.4553,0.0000,1000,1000,1000,1,19.2208
78180.0000,7818,2956.4607,0.0000,998,1000,1000,1,19.1947
78190.0000,7819,2956.4659,0.0000,1000,998,998,1,19.1684
78200.0000,7820,2956.4712,0.0000,1000,1000,1000,1,19.2178
78210.0000,7821,2956.4766,0.0000,1000,998,1000,1,19.1913
78220.0000,7822,2956.4818,0.0000,999,999,1000,1,19.2001
78230.0000,7823,2956.4872,0.0000,1000,1000,1000,1,19.2117
78240.0000,7824,2956.4927,0.0000,1000,1000,1000,1,19.2610
78250.0000,7825,2956.4982,0.0000,999,1000,1000,1,19.3863
78260.0000,7826,2956.5036,0.0000,1000,1000,1000,1,19.4734
78270.0000,7827,2956.5087,0.0000,1000,999,998,1,19.4080
78280.0000,7828,2956.5134,0.0000,998,1000,994,1,19.1549
78290.0000,7829,2956.5181,0.0000,996,1000,1000,1,19.2000
78300.0000,7830,2956.5231,0.0000,1000,998,995,1,19.1002
78310.0000,7831,2956.5273,0.0000,993,1000,998,1,19.1109
78320.0000,7832,2956.5323,0.0000,998,1000,1000,1,19.2361
78330.0000,7833,2956.5377,0.0000,999,1000,1000,1,19.3232
78340.0000,7834,2956.5431,0.0000,1000,1000,1000,1,19.3723
78350.0000,7835,2956.5483,0.0000,1000,997,1000,1,19.1929
78360.0000,7836,2956.5536,0.0000,1000,1000,998,1,19.2800
78370.0000,7837,2956.5588,0.0000,1000,998,1000,1,19.2908
78380.0000,7838,2956.5643,0.0000,1000,1000,1000,1,19.3779
78390.0000,7839,2956.5697,0.0000,1000,1000,999,1,19.2363
78400.0000,7840,2956.5751,0.0000,1000,1000,1000,1,19.2437
78410.0000,7841,2956.5804,0.0000,997,1000,1000,1,19.3688
78420.0000,7842,2956.5855,0.0000,1000,1000,997,1,19.3033
78430.0000,7843,2956.5904,0.0000,1000,996,999,1,19.2762
78440.0000,7844,2956.5958,0.0000,1000,998,1000,1,19.4012
78450.0000,7845,2956.6009,0.0000,1000,1000,997,1,19.2987
78460.0000,7846,2956.6061,0.0000,999,1000,1000,1,19.3100
78470.0000,7847,2956.6115,0.0000,999,998,1000,1,19.2461
78480.0000,7848,2956.6168,0.0000,998,1000,1000,1,19.2199
78490.0000,7849,2956.6221,0.0000,999,1000,999,1,19.2317
78500.0000,7850,2956.6274,0.0000,1000,999,1000,1,19.3189
78510.0000,7851,2956.6327,0.0000,999,1000,1000,1,19.3304
78520.0000,7852,2956.6381,0.0000,1000,998,999,1,19.3418
78530.0000,7853,2956.6434,0.0000,999,1000,999,1,19.2774
78540.0000,7854,2956.6486,0.0000,1000,998,996,1,19.0988
78550.0000,7855,2956.6538,0.0000,1000,1000,1000,1,19.1099
78560.0000,7856,2956.6591,0.0000,997,1000,999,1,19.0832
78570.0000,7857,2956.6643,0.0000,1000,1000,1000,1,19.1701
78580.0000,7858,2956.6696,0.0000,1000,1000,999,1,19.1430
78590.0000,7859,2956.6748,0.0000,1000,1000,1000,1,19.1540
78600.0000,7860,2956.6803,0.0000,1000,1000,999,1,19.2408
78610.0000,7861,2956.6857,0.0000,1000,1000,1000,1,19.3276
78620.0000,7862,2956.6909,0.0000,1000,999,1000,1,19.2246
78630.0000,7863,2956.6961,0.0000,999,1000,1000,1,19.1976
78640.0000,7864,2956.7013,0.0000,999,1000,1000,1,19.1782
78650.0000,7865,2956.7065,0.0000,996,998,999,1,19.1133
78660.0000,7866,2956.7110,0.0000,998,999,998,1,19.0482
78670.0000,7867,2956.7164,0.0000,1000,1000,1000,1,19.1275
78680.0000,7868,2956.7218,0.0000,1000,1000,1000,1,19.1764
78690.0000,7869,2956.7272,0.0000,999,999,1000,1,19.1874
78700.0000,7870,2956.7324,0.0000,999,1000,998,1,19.1606
78710.0000,7871,2956.7374,0.0000,997,999,999,1,19.1714
78720.0000,7872,2956.7424,0.0000,996,999,1000,1,19.1445
78730.0000,7873,2956.7473,0.0000,999,999,1000,1,19.0111
78740.0000,7874,2956.7524,0.0000,997,998,999,1,19.0154
78750.0000,7875,2956.7572,0.0000,1000,996,998,1,18.9886
78760.0000,7876,2956.7624,0.0000,1000,1000,1000,1,19.0377
78770.0000,7877,2956.7677,0.0000,998,997,998,1,18.9735
78780.0000,7878,2956.7724,0.0000,998,1000,999,1,18.8719
78790.0000,7879,2956.7778,0.0000,1000,998,1000,1,18.9964
78800.0000,7880,2956.7831,0.0000,999,1000,999,1,19.0082
78810.0000,7881,2956.7885,0.0000,1000,1000,1000,1,19.0575
78820.0000,7882,2956.7937,0.0000,1000,999,1000,1,19.1067
78830.0000,7883,2956.7990,0.0000,999,1000,1000,1,19.1559
78840.0000,7884,2956.8043,0.0000,1000,999,999,1,19.2049
78850.0000,7885,2956.8097,0.0000,1000,1000,999,1,19.1030
78860.0000,7886,2956.8151,0.0000,1000,999,1000,1,19.1896
78870.0000,7887,2956.8204,0.0000,1000,998,999,1,19.2762
78880.0000,7888,2956.8257,0.0000,1000,1000,1000,1,19.2872
78890.0000,7889,2956.8310,0.0000,1000,1000,1000,1,19.2226
78900.0000,7890,2956.8363,0.0000,1000,997,1000,1,19.3091
78910.0000,7891,2956.8414,0.0000,999,999,1000,1,19.1315
78920.0000,7892,2956.8463,0.0000,1000,996,1000,1,19.2181
78930.0000,7893,2956.8514,0.0000,1000,998,998,1,19.1918
78940.0000,7894,2956.8564,0.0000,1000,998,999,1,19.2029
78950.0000,7895,2956.8616,0.0000,997,1000,999,1,19.1763
78960.0000,7896,2956.8666,0.0000,999,1000,1000,1,19.0747
78970.0000,7897,2956.8719,0.0000,1000,1000,999,1,19.0487
78980.0000,7898,2956.8773,0.0000,1000,1000,999,1,19.1354
78990.0000,7899,2956.8824,0.0000,1000,1000,999,1,19.0720
79000.0000,7900,2956.8877,0.0000,1000,999,1000,1,19.0463
79010.0000,7901,2956.8928,0.0000,998,999,1000,1,19.0955
79020.0000,7902,2956.8980,0.0000,1000,1000,1000,1,19.0703
79030.0000,7903,2956.9034,0.0000,1000,1000,999,1,19.0824
79040.0000,7904,2956.9086,0.0000,1000,1000,1000,1,18.9074
79050.0000,7905,2956.9140,0.0000,1000,1000,1000,1,18.8450
79060.0000,7906,2956.9193,0.0000,1000,1000,999,1,18.8945
79070.0000,7907,2956.9246,0.0000,1000,1000,998,1,18.8323
79080.0000,7908,2956.9298,0.0000,1000,1000,1000,1,18.8445
79090.0000,7909,2956.9349,0.0000,996,1000,999,1,18.8567
79100.0000,7910,2956.9401,0.0000,1000,1000,1000,1,18.9434
79110.0000,7911,2956.9453,0.0000,997,1000,1000,1,18.9929
79120.0000,7912,2956.9504,0.0000,1000,1000,1000,1,19.0423
79130.0000,7913,2956.9557,0.0000,1000,1000,1000,1,19.0171
79140.0000,7914,2956.9610,0.0000,999,1000,999,1,18.9545
79150.0000,7915,2956.9663,0.0000,999,1000,999,1,18.9290
79160.0000,7916,2956.9713,0.0000,1000,999,998,1,18.9724
79170.0000,7917,2956.9763,0.0000,1000,999,1000,1,19.0215
79180.0000,7918,2956.9813,0.0000,999,1000,999,1,18.9640
79190.0000,7919,2956.9863,0.0000,1000,1000,998,1,18.9323
79200.0000,7920,2956.9912,0.0000,1000,997,1000,1,18.8376
79210.0000,7921,2956.9965,0.0000,1000,1000,999,1,18.8123
79220.0000,7922,2957.0017,0.0000,1000,1000,1000,1,18.8557
79230.0000,7923,2957.0071,0.0000,998,999,999,1,18.8735
79240.0000,7924,2957.0122,0.0000,1000,1000,1000,1,18.8855
79250.0000,7925,2957.0174,0.0000,1000,999,1000,1,18.8607
79260.0000,7926,2957.0228,0.0000,1000,1000,1000,1,18.9845
79270.0000,7927,2957.0280,0.0000,1000,999,998,1,18.9595
79280.0000,7928,2957.0330,0.0000,999,1000,1000,1,19.0088
79290.0000,7929,2957.0384,0.0000,997,999,1000,1,19.0581
79300.0000,7930,2957.0436,0.0000,1000,998,998,1,18.9954
79310.0000,7931,2957.0488,0.0000,1000,999,1000,1,19.0446
79320.0000,7932,2957.0540,0.0000,1000,1000,999,1,19.0192
79330.0000,7933,2957.0591,0.0000,1000,998,996,1,19.1097
79340.0000,7934,2957.0640,0.0000,998,999,1000,1,19.1215
79350.0000,7935,2957.0692,0.0000,999,1000,999,1,19.0588
79360.0000,7936,2957.0743,0.0000,1000,1000,1000,1,19.1080
79370.0000,7937,2957.0794,0.0000,999,999,1000,1,19.0456
79380.0000,7938,2957.0844,0.0000,1000,996,999,1,19.1319
79390.0000,7939,2957.0891,0.0000,1000,998,1000,1,19.1068
79400.0000,7940,2957.0943,0.0000,1000,1000,999,1,19.2303
79410.0000,7941,2957.0996,0.0000,1000,999,1000,1,19.2792
79420.0000,7942,2957.1048,0.0000,999,1000,999,1,19.2909
79430.0000,7943,2957.1097,0.0000,995,999,1000,1,19.2648
79440.0000,7944,2957.1143,0.0000,999,1000,1000,1,19.1636
79450.0000,7945,2957.1196,0.0000,999,1000,1000,1,19.2123
79460.0000,7946,2957.1247,0.0000,996,1000,999,1,19.0370
79470.0000,7947,2957.1299,0.0000,999,1000,999,1,19.0481
79480.0000,7948,2957.1352,0.0000,1000,1000,999,1,19.0939
79490.0000,7949,2957.1403,0.0000,1000,999,1000,1,19.1048
79500.0000,7950,2957.1456,0.0000,1000,1000,1000,1,19.1532
79510.0000,7951,2957.1509,0.0000,1000,1000,1000,1,19.1296
79520.0000,7952,2957.1560,0.0000,996,999,999,1,19.0996
79530.0000,7953,2957.1611,0.0000,999,1000,1000,1,19.1481
79540.0000,7954,2957.1664,0.0000,998,1000,999,1,19.1591
79550.0000,7955,2957.1714,0.0000,1000,1000,1000,1,19.2807
79560.0000,7956,2957.1767,0.0000,1000,1000,1000,1,19.2917
79570.0000,7957,2957.1821,0.0000,1000,998,1000,1,19.3042
79580.0000,7958,2957.1872,0.0000,1000,1000,999,1,19.2384
79590.0000,7959,2957.1924,0.0000,1000,1000,999,1,19.1761
79600.0000,7960,2957.1976,0.0000,1000,1000,999,1,19.1868
79610.0000,7961,2957.2029,0.0000,1000,1000,1000,1,19.2724
79620.0000,7962,2957.2081,0.0000,1000,998,1000,1,19.3581
79630.0000,7963,2957.2132,0.0000,999,998,1000,1,19.4436
79640.0000,7964,2957.2182,0.0000,996,996,999,1,19.4162
79650.0000,7965,2957.2230,0.0000,998,1000,998,1,19.3889
79660.0000,7966,2957.2281,0.0000,1000,997,999,1,19.4742
79670.0000,7967,2957.2332,0.0000,999,1000,999,1,19.5218
79680.0000,7968,2957.2385,0.0000,1000,999,999,1,19.5695
79690.0000,7969,2957.2438,0.0000,1000,999,1000,1,19.6548
79700.0000,7970,2957.2490,0.0000,999,1000,1000,1,19.7401
79710.0000,7971,2957.2542,0.0000,1000,999,999,1,19.6741
79720.0000,7972,2957.2594,0.0000,1000,1000,1000,1,19.6837
79730.0000,7973,2957.2646,0.0000,999,999,999,1,19.6930
79740.0000,7974,2957.2698,0.0000,1000,1000,998,1,19.6263
79750.0000,7975,2957.2750,0.0000,1000,998,1000,1,19.6733
79760.0000,7976,2957.2802,0.0000,1000,999,1000,1,19.7202
79770.0000,7977,2957.2855,0.0000,1000,1000,1000,1,19.7290
79780.0000,7978,2957.2906,0.0000,998,1000,1000,1,19.7758
79790.0000,7979,2957.2957,0.0000,999,995,1000,1,19.8607
79800.0000,7980,2957.3006,0.0000,1000,1000,999,1,19.8320
79810.0000,7981,2957.3058,0.0000,999,1000,1000,1,19.8030
79820.0000,7982,2957.3111,0.0000,1000,1000,1000,1,19.8499
79830.0000,7983,2957.3164,0.0000,1000,1000,1000,1,19.7826
79840.0000,7984,2957.3216,0.0000,999,1000,999,1,19.7913
79850.0000,7985,2957.3268,0.0000,1000,1000,997,1,19.7237
79860.0000,7986,2957.3318,0.0000,999,998,1000,1,19.7322
79870.0000,7987,2957.3369,0.0000,999,998,998,1,19.7027
79880.0000,7988,2957.3420,0.0000,1000,1000,1000,1,19.6731
79890.0000,7989,2957.3471,0.0000,1000,1000,999,1,19.5674
79900.0000,7990,2957.3522,0.0000,999,999,1000,1,19.4996
79910.0000,7991,2957.3573,0.0000,1000,1000,1000,1,19.4699
79920.0000,7992,2957.3625,0.0000,1000,1000,1000,1,19.5165
79930.0000,7993,2957.3675,0.0000,997,1000,1000,1,19.6011
79940.0000,7994,2957.3726,0.0000,1000,998,1000,1,19.6476
79950.0000,7995,2957.3774,0.0000,999,999,999,1,19.5799
79960.0000,7996,2957.3827,0.0000,999,1000,1000,1,19.6644
79970.0000,7997,2957.3878,0.0000,1000,1000,1000,1,19.5966
79980.0000,7998,2957.3927,0.0000,995,999,999,1,19.6049
79990.0000,7999,2957.3975,0.0000,999,1000,999,1,19.4231
80000.0000,8000,2957.4026,0.0000,999,1000,999,1,19.4043
80010.0000,8001,2957.4078,0.0000,999,1000,1000,1,19.4400
80020.0000,8002,2957.4130,0.0000,1000,1000,999,1,19.4970
80030.0000,8003,2957.4181,0.0000,1000,999,1000,1,19.5325
80040.0000,8004,2957.4231,0.0000,1000,1000,1000,1,19.6168
80050.0000,8005,2957.4282,0.0000,1000,1000,1000,1,19.5486
80060.0000,8006,2957.4335,0.0000,999,1000,999,1,19.5566
80070.0000,8007,2957.4386,0.0000,1000,999,999,1,19.5261
80080.0000,8008,2957.4437,0.0000,1000,1000,999,1,19.4573
80090.0000,8009,2957.4487,0.0000,1000,999,999,1,19.5033
80100.0000,8010,2957.4536,0.0000,998,1000,998,1,19.4353
80110.0000,8011,2957.4588,0.0000,1000,1000,999,1,19.4434
80120.0000,8012,2957.4639,0.0000,1000,1000,1000,1,19.4896
80130.0000,8013,2957.4690,0.0000,1000,1000,998,1,19.3452
80140.0000,8014,2957.4741,0.0000,1000,1000,999,1,19.3151
80150.0000,8015,2957.4790,0.0000,1000,1000,997,1,19.3332
80160.0000,8016,2957.4840,0.0000,1000,999,1000,1,19.2278
80170.0000,8017,2957.4889,0.0000,996,1000,999,1,19.1122
80180.0000,8018,2957.4941,0.0000,1000,1000,1000,1,19.2072
80190.0000,8019,2957.4992,0.0000,1000,999,1000,1,19.2915
80200.0000,8020,2957.5042,0.0000,1000,999,999,1,19.1862
80210.0000,8021,2957.5094,0.0000,1000,1000,1000,1,19.1570
80220.0000,8022,2957.5147,0.0000,1000,999,1000,1,19.2413
80230.0000,8023,2957.5197,0.0000,998,998,999,1,19.2879
80240.0000,8024,2957.5248,0.0000,999,1000,1000,1,19.4100
80250.0000,8025,2957.5297,0.0000,999,1000,999,1,19.4565
80260.0000,8026,2957.5347,0.0000,998,1000,999,1,19.5408
80270.0000,8027,2957.5398,0.0000,1000,999,998,1,19.5114
80280.0000,8028,2957.5448,0.0000,998,1000,1000,1,19.5577
80290.0000,8029,2957.5499,0.0000,1000,998,1000,1,19.5659
80300.0000,8030,2957.5551,0.0000,1000,999,998,1,19.5359
80310.0000,8031,2957.5602,0.0000,1000,1000,1000,1,19.5059
80320.0000,8032,2957.5652,0.0000,1000,1000,998,1,19.5518
80330.0000,8033,2957.5701,0.0000,1000,1000,998,1,19.5219
80340.0000,8034,2957.5752,0.0000,1000,999,1000,1,19.5681
80350.0000,8035,2957.5803,0.0000,999,999,1000,1,19.6144
80360.0000,8036,2957.5854,0.0000,1000,1000,1000,1,19.6227
80370.0000,8037,2957.5904,0.0000,1000,998,1000,1,19.5932
80380.0000,8038,2957.5952,0.0000,997,1000,997,1,19.6773
80390.0000,8039,2957.5999,0.0000,1000,999,1000,1,19.6481
80400.0000,8040,2957.6050,0.0000,1000,999,998,1,19.6187
80410.0000,8041,2957.6099,0.0000,999,1000,999,1,19.7027
80420.0000,8042,2957.6151,0.0000,1000,1000,1000,1,19.7490
80430.0000,8043,2957.6196,0.0000,997,999,1000,1,19.7577
80440.0000,8044,2957.6247,0.0000,1000,1000,1000,1,19.8041
80450.0000,8045,2957.6300,0.0000,1000,999,999,1,19.8503
80460.0000,8046,2957.6349,0.0000,1000,996,997,1,19.7450
80470.0000,8047,2957.6398,0.0000,999,999,1000,1,19.7910
80480.0000,8048,2957.6450,0.0000,1000,1000,999,1,19.8371
80490.0000,8049,2957.6501,0.0000,1000,1000,1000,1,19.8829
80500.0000,8050,2957.6552,0.0000,999,1000,999,1,19.8529
80510.0000,8051,2957.6603,0.0000,1000,999,1000,1,19.8987
80520.0000,8052,2957.6653,0.0000,1000,999,1000,1,19.8685
80530.0000,8053,2957.6702,0.0000,1000,1000,997,1,19.8381
80540.0000,8054,2957.6754,0.0000,1000,1000,1000,1,19.8456
80550.0000,8055,2957.6803,0.0000,1000,997,1000,1,19.7384
80560.0000,8056,2957.6851,0.0000,1000,998,1000,1,19.7074
80570.0000,8057,2957.6901,0.0000,1000,999,999,1,19.6384
80580.0000,8058,2957.6951,0.0000,1000,997,1000,1,19.4175
80590.0000,8059,2957.7000,0.0000,1000,1000,999,1,19.4251
80600.0000,8060,2957.7050,0.0000,1000,1000,1000,1,19.4333
80610.0000,8061,2957.7099,0.0000,999,1000,998,1,19.4038
80620.0000,8062,2957.7150,0.0000,999,1000,999,1,19.4877
80630.0000,8063,2957.7200,0.0000,1000,1000,1000,1,19.4203
80640.0000,8064,2957.7252,0.0000,999,1000,1000,1,19.4663
80650.0000,8065,2957.7303,0.0000,1000,998,1000,1,19.4746
80660.0000,8066,2957.7352,0.0000,1000,997,1000,1,19.4451
80670.0000,8067,2957.7404,0.0000,1000,1000,1000,1,19.4155
80680.0000,8068,2957.7454,0.0000,1000,999,1000,1,19.4239
80690.0000,8069,2957.7503,0.0000,1000,998,1000,1,19.2815
80700.0000,8070,2957.7554,0.0000,1000,999,1000,1,19.3275
80710.0000,8071,2957.7603,0.0000,1000,999,1000,1,19.2600
80720.0000,8072,2957.7653,0.0000,997,1000,1000,1,19.2682
80730.0000,8073,2957.7703,0.0000,1000,1000,997,1,19.2010
80740.0000,8074,2957.7751,0.0000,1000,996,1000,1,19.1027
80750.0000,8075,2957.7799,0.0000,999,1000,999,1,19.1864
80760.0000,8076,2957.7850,0.0000,1000,1000,999,1,19.2701
80770.0000,8077,2957.7901,0.0000,999,1000,997,1,19.2404
80780.0000,8078,2957.7951,0.0000,1000,999,1000,1,19.2484
80790.0000,8079,2957.8002,0.0000,1000,998,1000,1,19.3320
80800.0000,8080,2957.8052,0.0000,1000,999,998,1,19.3776
80810.0000,8081,2957.8101,0.0000,1000,997,999,1,19.4232
80820.0000,8082,2957.8151,0.0000,999,1000,1000,1,19.3932
80830.0000,8083,2957.8201,0.0000,1000,1000,1000,1,19.4010
80840.0000,8084,2957.8253,0.0000,999,1000,1000,1,19.4087
80850.0000,8085,2957.8302,0.0000,997,1000,999,1,19.3026
80860.0000,8086,2957.8352,0.0000,1000,1000,1000,1,19.4237
80870.0000,8087,2957.8401,0.0000,999,999,1000,1,19.4309
80880.0000,8088,2957.8451,0.0000,999,1000,997,1,19.4000
80890.0000,8089,2957.8501,0.0000,998,1000,1000,1,19.3690
80900.0000,8090,2957.8546,0.0000,1000,1000,1000,1,19.2997
80910.0000,8091,2957.8593,0.0000,1000,1000,996,1,19.3072
80920.0000,8092,2957.8643,0.0000,1000,1000,999,1,19.3525
80930.0000,8093,2957.8692,0.0000,1000,998,999,1,19.3599
80940.0000,8094,2957.8740,0.0000,999,998,999,1,19.2112
80950.0000,8095,2957.8791,0.0000,998,1000,1000,1,19.2569
80960.0000,8096,2957.8840,0.0000,1000,1000,998,1,19.2649
80970.0000,8097,2957.8891,0.0000,1000,999,1000,1,19.2729
80980.0000,8098,2957.8940,0.0000,998,1000,999,1,19.3562
80990.0000,8099,2957.8988,0.0000,998,1000,1000,1,19.4397
81000.0000,8100,2957.9038,0.0000,1000,999,997,1,19.5231
81010.0000,8101,2957.9087,0.0000,998,999,1000,1,19.4935
81020.0000,8102,2957.9135,0.0000,998,999,1000,1,19.5016
81030.0000,8103,2957.9184,0.0000,999,1000,998,1,19.3217
81040.0000,8104,2957.9235,0.0000,1000,999,1000,1,19.3300
81050.0000,8105,2957.9286,0.0000,1000,999,1000,1,19.3382
81060.0000,8106,2957.9336,0.0000,1000,999,1000,1,19.3464
81070.0000,8107,2957.9386,0.0000,1000,997,998,1,19.2039
81080.0000,8108,2957.9435,0.0000,1000,1000,1000,1,19.2120
81090.0000,8109,2957.9484,0.0000,999,1000,998,1,19.1073
81100.0000,8110,2957.9531,0.0000,1000,1000,997,1,19.1906
81110.0000,8111,2957.9580,0.0000,1000,1000,996,1,19.1610
81120.0000,8112,2957.9629,0.0000,999,999,1000,1,19.1318
81130.0000,8113,2957.9675,0.0000,997,997,1000,1,19.0649
81140.0000,8114,2957.9723,0.0000,999,1000,1000,1,19.1481
81150.0000,8115,2957.9773,0.0000,999,999,1000,1,19.1562
81160.0000,8116,2957.9824,0.0000,1000,1000,1000,1,19.1641
81170.0000,8117,2957.9874,0.0000,1000,1000,999,1,19.1343
81180.0000,8118,2957.9924,0.0000,998,1000,1000,1,19.1047
81190.0000,8119,2957.9972,0.0000,1000,1000,1000,1,18.9997
81200.0000,8120,2958.0023,0.0000,1000,1000,1000,1,19.0079
81210.0000,8121,2958.0074,0.0000,999,1000,1000,1,18.9411
81220.0000,8122,2958.0125,0.0000,999,1000,999,1,18.9868
81230.0000,8123,2958.0174,0.0000,999,1000,1000,1,18.9573
81240.0000,8124,2958.0223,0.0000,998,999,1000,1,18.9655
81250.0000,8125,2958.0273,0.0000,998,1000,1000,1,18.9736
81260.0000,8126,2958.0320,0.0000,996,999,1000,1,18.8693
81270.0000,8127,2958.0369,0.0000,998,1000,999,1,18.9525
81280.0000,8128,2958.0419,0.0000,1000,1000,999,1,18.9162
81290.0000,8129,2958.0470,0.0000,999,999,1000,1,18.9994
81300.0000,8130,2958.0518,0.0000,996,1000,1000,1,19.0826
81310.0000,8131,2958.0566,0.0000,1000,1000,1000,1,19.1285
81320.0000,8132,2958.0616,0.0000,1000,999,1000,1,19.0246
81330.0000,8133,2958.0666,0.0000,999,999,999,1,18.9207
81340.0000,8134,2958.0715,0.0000,1000,1000,998,1,18.8984
81350.0000,8135,2958.0764,0.0000,1000,1000,999,1,18.9441
81360.0000,8136,2958.0813,0.0000,1000,999,999,1,18.9073
81370.0000,8137,2958.0859,0.0000,1000,1000,997,1,18.9601
81380.0000,8138,2958.0909,0.0000,999,1000,1000,1,19.0806
81390.0000,8139,2958.0958,0.0000,999,1000,1000,1,19.1635
81400.0000,8140,2958.1007,0.0000,998,1000,1000,1,19.2088
81410.0000,8141,2958.1056,0.0000,1000,1000,999,1,19.1038
81420.0000,8142,2958.1105,0.0000,998,1000,1000,1,19.1116
81430.0000,8143,2958.1154,0.0000,1000,998,1000,1,19.0072
81440.0000,8144,2958.1200,0.0000,999,997,1000,1,18.9027
81450.0000,8145,2958.1248,0.0000,999,999,1000,1,18.9395
81460.0000,8146,2958.1298,0.0000,1000,1000,998,1,18.9852
81470.0000,8147,2958.1346,0.0000,1000,999,1000,1,18.8444
81480.0000,8148,2958.1396,0.0000,998,1000,1000,1,18.8903
81490.0000,8149,2958.1446,0.0000,999,1000,1000,1,18.9734
81500.0000,8150,2958.1495,0.0000,998,999,998,1,19.0190
81510.0000,8151,2958.1541,0.0000,999,1000,995,1,18.8401
81520.0000,8152,2958.1584,0.0000,1000,998,1000,1,18.8854
81530.0000,8153,2958.1633,0.0000,1000,998,999,1,18.8191
81540.0000,8154,2958.1680,0.0000,1000,997,999,1,18.7904
81550.0000,8155,2958.1729,0.0000,1000,1000,998,1,18.7991
81560.0000,8156,2958.1776,0.0000,999,1000,999,1,18.6964
81570.0000,8157,2958.1827,0.0000,1000,1000,1000,1,18.7053
81580.0000,8158,2958.1876,0.0000,999,1000,999,1,18.6024
81590.0000,8159,2958.1925,0.0000,1000,1000,999,1,18.6482
81600.0000,8160,2958.1973,0.0000,1000,1000,998,1,18.5823
81610.0000,8161,2958.2019,0.0000,999,998,1000,1,18.4800
81620.0000,8162,2958.2068,0.0000,1000,996,1000,1,18.5632
81630.0000,8163,2958.2116,0.0000,1000,1000,1000,1,18.6094
81640.0000,8164,2958.2165,0.0000,1000,997,1000,1,18.5444
81650.0000,8165,2958.2213,0.0000,1000,999,1000,1,18.6276
81660.0000,8166,2958.2262,0.0000,999,1000,999,1,18.5691
81670.0000,8167,2958.2312,0.0000,1000,1000,1000,1,18.6453
81680.0000,8168,2958.2361,0.0000,1000,1000,998,1,18.6609
81690.0000,8169,2958.2408,0.0000,996,1000,1000,1,18.5213
81700.0000,8170,2958.2457,0.0000,999,1000,1000,1,18.5230
81710.0000,8171,2958.2506,0.0000,998,999,999,1,18.5320
81720.0000,8172,2958.2553,0.0000,1000,997,999,1,18.5779
81730.0000,8173,2958.2600,0.0000,1000,999,999,1,18.5497
81740.0000,8174,2958.2651,0.0000,1000,1000,1000,1,18.5217
81750.0000,8175,2958.2702,0.0000,1000,1000,999,1,18.5742
81760.0000,8176,2958.2748,0.0000,1000,1000,998,1,18.4648
81770.0000,8177,2958.2796,0.0000,1000,1000,999,1,18.4364
81780.0000,8178,2958.2845,0.0000,999,1000,1000,1,18.5193
81790.0000,8179,2958.2895,0.0000,1000,1000,1000,1,18.4909
81800.0000,8180,2958.2943,0.0000,1000,997,997,1,18.4252
81810.0000,8181,2958.2983,0.0000,997,993,996,1,18.3965
81820.0000,8182,2958.3019,0.0000,995,998,997,1,18.3675
81830.0000,8183,2958.3066,0.0000,1000,1000,1000,1,18.4503
81840.0000,8184,2958.3114,0.0000,998,1000,1000,1,18.4219
81850.0000,8185,2958.3161,0.0000,998,998,1000,1,18.4677
81860.0000,8186,2958.3208,0.0000,999,998,1000,1,18.5136
81870.0000,8187,2958.3257,0.0000,1000,999,999,1,18.5225
81880.0000,8188,2958.3308,0.0000,1000,1000,1000,1,18.5684
81890.0000,8189,2958.3358,0.0000,999,999,1000,1,18.5770
81900.0000,8190,2958.3405,0.0000,1000,998,1000,1,18.6597
81910.0000,8191,2958.3454,0.0000,999,1000,1000,1,18.7424
81920.0000,8192,2958.3503,0.0000,1000,1000,997,1,18.6028
81930.0000,8193,2958.3551,0.0000,1000,1000,1000,1,18.6853
81940.0000,8194,2958.3601,0.0000,1000,1000,999,1,18.6940
81950.0000,8195,2958.3646,0.0000,1000,999,999,1,18.5912
81960.0000,8196,2958.3694,0.0000,998,999,1000,1,18.6368
81970.0000,8197,2958.3741,0.0000,999,1000,999,1,18.5714
81980.0000,8198,2958.3789,0.0000,1000,1000,999,1,18.6171
81990.0000,8199,2958.3837,0.0000,997,999,998,1,18.5884
82000.0000,8200,2958.3884,0.0000,997,1000,1000,1,18.5228
82010.0000,8201,2958.3932,0.0000,1000,997,1000,1,18.5312
82020.0000,8202,2958.3977,0.0000,1000,997,1000,1,18.4658
82030.0000,8203,2958.4025,0.0000,1000,1000,998,1,18.4375
82040.0000,8204,2958.4074,0.0000,1000,1000,999,1,18.4092
82050.0000,8205,2958.4122,0.0000,998,1000,998,1,18.4179
82060.0000,8206,2958.4170,0.0000,1000,1000,999,1,18.4265
82070.0000,8207,2958.4216,0.0000,1000,1000,996,1,18.2505
82080.0000,8208,2958.4265,0.0000,1000,999,999,1,18.1851
82090.0000,8209,2958.4313,0.0000,1000,1000,1000,1,18.2308
82100.0000,8210,2958.4364,0.0000,1000,1000,1000,1,18.3134
82110.0000,8211,2958.4414,0.0000,1000,1000,1000,1,18.3589
82120.0000,8212,2958.4462,0.0000,999,998,997,1,18.2560
82130.0000,8213,2958.4508,0.0000,998,1000,1000,1,18.2646
82140.0000,8214,2958.4551,0.0000,991,999,1000,1,18.2733
82150.0000,8215,2958.4591,0.0000,994,1000,1000,1,18.2824
82160.0000,8216,2958.4636,0.0000,1000,1000,997,1,18.1442
82170.0000,8217,2958.4683,0.0000,997,1000,998,1,18.1163
82180.0000,8218,2958.4730,0.0000,999,999,995,1,18.0972
82190.0000,8219,2958.4775,0.0000,1000,1000,1000,1,18.1800
82200.0000,8220,2958.4824,0.0000,998,999,1000,1,18.1802
82210.0000,8221,2958.4873,0.0000,999,1000,1000,1,18.1248
82220.0000,8222,2958.4921,0.0000,1000,1000,1000,1,18.0972
82230.0000,8223,2958.4970,0.0000,998,999,999,1,18.0236
82240.0000,8224,2958.5018,0.0000,1000,999,1000,1,18.1062
82250.0000,8225,2958.5068,0.0000,1000,999,999,1,18.0871
82260.0000,8226,2958.5117,0.0000,1000,1000,1000,1,18.1240
82270.0000,8227,2958.5164,0.0000,1000,1000,998,1,17.9861
82280.0000,8228,2958.5213,0.0000,1000,997,1000,1,18.0686
82290.0000,8229,2958.5261,0.0000,1000,998,998,1,18.0413
82300.0000,8230,2958.5308,0.0000,1000,999,999,1,18.0506
82310.0000,8231,2958.5355,0.0000,1000,1000,999,1,18.0236
82320.0000,8232,2958.5404,0.0000,1000,998,998,1,17.9602
82330.0000,8233,2958.5453,0.0000,1000,999,1000,1,17.9765
82340.0000,8234,2958.5503,0.0000,999,999,1000,1,18.0592
82350.0000,8235,2958.5552,0.0000,1000,1000,1000,1,18.1784
82360.0000,8236,2958.5599,0.0000,1000,998,997,1,18.0783
82370.0000,8237,2958.5644,0.0000,999,1000,999,1,17.9786
82380.0000,8238,2958.5693,0.0000,1000,1000,1000,1,18.0247
82390.0000,8239,2958.5742,0.0000,999,999,1000,1,18.0345
82400.0000,8240,2958.5789,0.0000,1000,997,999,1,18.0807
82410.0000,8241,2958.5836,0.0000,1000,999,1000,1,18.1271
82420.0000,8242,2958.5884,0.0000,1000,1000,998,1,18.1735
82430.0000,8243,2958.5933,0.0000,1000,1000,999,1,18.2199
82440.0000,8244,2958.5982,0.0000,999,1000,1000,1,18.0118
82450.0000,8245,2958.6031,0.0000,1000,1000,999,1,18.0218
82460.0000,8246,2958.6080,0.0000,1000,1000,1000,1,18.0317
82470.0000,8247,2958.6129,0.0000,998,1000,1000,1,17.9323
82480.0000,8248,2958.6177,0.0000,1000,1000,1000,1,17.9351
82490.0000,8249,2958.6225,0.0000,1000,1000,1000,1,17.9450
82500.0000,8250,2958.6273,0.0000,1000,999,998,1,17.8896
82510.0000,8251,2958.6322,0.0000,1000,1000,1000,1,17.8998
82520.0000,8252,2958.6371,0.0000,999,1000,1000,1,17.9453
82530.0000,8253,2958.6421,0.0000,1000,1000,1000,1,17.9917
82540.0000,8254,2958.6469,0.0000,999,1000,1000,1,18.0016
82550.0000,8255,2958.6518,0.0000,1000,999,1000,1,18.0480
82560.0000,8256,2958.6566,0.0000,1000,998,1000,1,18.0581
82570.0000,8257,2958.6614,0.0000,1000,1000,999,1,18.0680
82580.0000,8258,2958.6662,0.0000,1000,999,1000,1,17.9691
82590.0000,8259,2958.6710,0.0000,1000,1000,1000,1,18.0457
82600.0000,8260,2958.6757,0.0000,1000,1000,998,1,18.0191
82610.0000,8261,2958.6803,0.0000,1000,996,1000,1,18.0653
82620.0000,8262,2958.6850,0.0000,1000,1000,999,1,18.1119
82630.0000,8263,2958.6899,0.0000,999,1000,1000,1,18.1584
82640.0000,8264,2958.6948,0.0000,1000,1000,1000,1,18.2410
82650.0000,8265,2958.6996,0.0000,1000,999,1000,1,18.2871
82660.0000,8266,2958.7046,0.0000,1000,1000,1000,1,18.3332
82670.0000,8267,2958.7094,0.0000,999,1000,1000,1,18.4156
82680.0000,8268,2958.7142,0.0000,1000,1000,999,1,18.4254
82690.0000,8269,2958.7191,0.0000,999,999,1000,1,18.4714
82700.0000,8270,2958.7238,0.0000,1000,1000,999,1,18.5538
82710.0000,8271,2958.7286,0.0000,1000,999,997,1,18.4910
82720.0000,8272,2958.7331,0.0000,1000,1000,999,1,18.4645
82730.0000,8273,2958.7381,0.0000,1000,1000,1000,1,18.4745
82740.0000,8274,2958.7430,0.0000,1000,1000,1000,1,18.4483
82750.0000,8275,2958.7476,0.0000,998,997,999,1,18.4221
82760.0000,8276,2958.7521,0.0000,996,1000,1000,1,18.4323
82770.0000,8277,2958.7566,0.0000,999,999,1000,1,18.4427
82780.0000,8278,2958.7614,0.0000,1000,1000,1000,1,18.4892
82790.0000,8279,2958.7663,0.0000,1000,1000,999,1,18.5356
82800.0000,8280,2958.7712,0.0000,1000,1000,1000,1,18.5097
82810.0000,8281,2958.7756,0.0000,999,999,997,1,18.3759
82820.0000,8282,2958.7802,0.0000,1000,999,999,1,18.4582
82830.0000,8283,2958.7849,0.0000,1000,998,1000,1,18.4686
82840.0000,8284,2958.7897,0.0000,998,999,999,1,18.4070
82850.0000,8285,2958.7944,0.0000,1000,1000,1000,1,18.4533
82860.0000,8286,2958.7993,0.0000,1000,1000,998,1,18.4276
82870.0000,8287,2958.8039,0.0000,1000,1000,997,1,18.2217
82880.0000,8288,2958.8085,0.0000,1000,999,997,1,18.2320
82890.0000,8289,2958.8131,0.0000,1000,998,1000,1,18.2062
82900.0000,8290,2958.8178,0.0000,1000,1000,1000,1,18.2164
82910.0000,8291,2958.8226,0.0000,1000,998,1000,1,18.2628
82920.0000,8292,2958.8274,0.0000,999,1000,1000,1,18.3451
82930.0000,8293,2958.8322,0.0000,1000,1000,999,1,18.3913
82940.0000,8294,2958.8370,0.0000,999,999,998,1,18.3654
82950.0000,8295,2958.8416,0.0000,996,999,998,1,18.2317
82960.0000,8296,2958.8458,0.0000,996,999,1000,1,18.2066
82970.0000,8297,2958.8505,0.0000,999,998,998,1,18.0378
82980.0000,8298,2958.8553,0.0000,1000,1000,1000,1,18.0888
82990.0000,8299,2958.8600,0.0000,998,998,1000,1,18.0591
83000.0000,8300,2958.8646,0.0000,997,1000,1000,1,18.1057
83010.0000,8301,2958.8694,0.0000,1000,999,1000,1,18.1881
83020.0000,8302,2958.8740,0.0000,999,1000,1000,1,18.2705
83030.0000,8303,2958.8787,0.0000,1000,1000,1000,1,18.1735
83040.0000,8304,2958.8834,0.0000,1000,1000,1000,1,18.1484
83050.0000,8305,2958.8883,0.0000,999,1000,1000,1,18.1234
83060.0000,8306,2958.8931,0.0000,999,999,1000,1,18.0984
83070.0000,8307,2958.8977,0.0000,1000,1000,998,1,18.1092
83080.0000,8308,2958.9021,0.0000,997,999,999,1,18.0126
83090.0000,8309,2958.9068,0.0000,1000,1000,1000,1,18.0237
83100.0000,8310,2958.9116,0.0000,1000,999,998,1,18.0346
83110.0000,8311,2958.9162,0.0000,1000,1000,998,1,17.9381
83120.0000,8312,2958.9209,0.0000,1000,999,996,1,17.9177
83130.0000,8313,2958.9255,0.0000,999,1000,1000,1,17.9285
83140.0000,8314,2958.9303,0.0000,999,1000,999,1,17.9391
83150.0000,8315,2958.9351,0.0000,998,1000,1000,1,17.8738
83160.0000,8316,2958.9397,0.0000,997,1000,999,1,17.7461
83170.0000,8317,2958.9444,0.0000,999,1000,1000,1,17.7215
83180.0000,8318,2958.9492,0.0000,999,1000,998,1,17.7650
83190.0000,8319,2958.9539,0.0000,999,1000,1000,1,17.8474
83200.0000,8320,2958.9587,0.0000,1000,998,1000,1,17.8941
83210.0000,8321,2958.9633,0.0000,999,1000,999,1,17.9765
83220.0000,8322,2958.9680,0.0000,999,1000,1000,1,18.0233
83230.0000,8323,2958.9728,0.0000,1000,999,999,1,18.0701
83240.0000,8324,2958.9775,0.0000,1000,1000,998,1,18.0812
83250.0000,8325,2958.9821,0.0000,1000,997,1000,1,18.0215
83260.0000,8326,2958.9869,0.0000,1000,999,1000,1,17.9974
83270.0000,8327,2958.9916,0.0000,999,1000,1000,1,18.0441
83280.0000,8328,2958.9963,0.0000,1000,999,998,1,18.0552
83290.0000,8329,2959.0010,0.0000,1000,1000,999,1,18.1731
83300.0000,8330,2959.0055,0.0000,1000,998,998,1,18.1483
83310.0000,8331,2959.0100,0.0000,1000,1000,999,1,18.1593
83320.0000,8332,2959.0147,0.0000,999,1000,1000,1,18.1350
83330.0000,8333,2959.0195,0.0000,999,1000,997,1,18.2172
83340.0000,8334,2959.0240,0.0000,998,1000,999,1,18.2283
83350.0000,8335,2959.0286,0.0000,998,999,998,1,18.2394
83360.0000,8336,2959.0334,0.0000,1000,1000,1000,1,18.2860
83370.0000,8337,2959.0382,0.0000,999,1000,999,1,18.2615
83380.0000,8338,2959.0429,0.0000,1000,1000,1000,1,18.3436
83390.0000,8339,2959.0477,0.0000,999,1000,997,1,18.4613
83400.0000,8340,2959.0522,0.0000,999,1000,997,1,18.4721
83410.0000,8341,2959.0567,0.0000,999,1000,1000,1,18.4829
83420.0000,8342,2959.0616,0.0000,1000,999,999,1,18.5292
83430.0000,8343,2959.0663,0.0000,1000,1000,1000,1,18.5401
83440.0000,8344,2959.0711,0.0000,1000,999,1000,1,18.5151
83450.0000,8345,2959.0759,0.0000,1000,1000,999,1,18.5614
83460.0000,8346,2959.0807,0.0000,1000,1000,999,1,18.5719
83470.0000,8347,2959.0854,0.0000,1000,999,995,1,18.5468
83480.0000,8348,2959.0894,0.0000,998,999,999,1,18.5929
83490.0000,8349,2959.0941,0.0000,1000,998,1000,1,18.5324
83500.0000,8350,2959.0988,0.0000,999,998,1000,1,18.5075
83510.0000,8351,2959.1034,0.0000,1000,1000,999,1,18.4474
83520.0000,8352,2959.1080,0.0000,1000,1000,1000,1,18.3875
83530.0000,8353,2959.1128,0.0000,1000,999,1000,1,18.3630
83540.0000,8354,2959.1175,0.0000,1000,999,1000,1,18.3738
83550.0000,8355,2959.1223,0.0000,1000,998,1000,1,18.3488
83560.0000,8356,2959.1268,0.0000,1000,997,999,1,18.1812
83570.0000,8357,2959.1313,0.0000,1000,999,996,1,18.1919
83580.0000,8358,2959.1357,0.0000,999,1000,997,1,18.0964
83590.0000,8359,2959.1401,0.0000,1000,999,998,1,18.1075
83600.0000,8360,2959.1449,0.0000,1000,999,1000,1,18.1185
83610.0000,8361,2959.1496,0.0000,1000,1000,1000,1,18.1650
83620.0000,8362,2959.1541,0.0000,1000,1000,999,1,18.1762
83630.0000,8363,2959.1587,0.0000,999,998,1000,1,18.0456
83640.0000,8364,2959.1634,0.0000,1000,1000,1000,1,18.0921
83650.0000,8365,2959.1682,0.0000,1000,996,1000,1,17.9265
83660.0000,8366,2959.1727,0.0000,999,998,999,1,17.9024
83670.0000,8367,2959.1773,0.0000,1000,1000,1000,1,17.8078
83680.0000,8368,2959.1821,0.0000,1000,1000,1000,1,17.8546
83690.0000,8369,2959.1869,0.0000,1000,998,1000,1,17.8306
83700.0000,8370,2959.1916,0.0000,999,997,1000,1,17.7746
83710.0000,8371,2959.1961,0.0000,1000,999,1000,1,17.8566
83720.0000,8372,2959.2007,0.0000,997,1000,1000,1,17.7976
83730.0000,8373,2959.2054,0.0000,1000,1000,999,1,17.8443
83740.0000,8374,2959.2100,0.0000,1000,1000,1000,1,17.8911
83750.0000,8375,2959.2148,0.0000,1000,1000,997,1,17.9380
83760.0000,8376,2959.2193,0.0000,999,999,1000,1,17.8793
83770.0000,8377,2959.2240,0.0000,1000,1000,999,1,17.9965
83780.0000,8378,2959.2289,0.0000,1000,1000,1000,1,18.0081
83790.0000,8379,2959.2337,0.0000,1000,1000,999,1,18.0900
83800.0000,8380,2959.2384,0.0000,1000,1000,1000,1,18.0308
83810.0000,8381,2959.2430,0.0000,998,1000,1000,1,17.9369
83820.0000,8382,2959.2476,0.0000,1000,1000,998,1,17.8436
83830.0000,8383,2959.2522,0.0000,1000,1000,1000,1,17.7510
83840.0000,8384,2959.2570,0.0000,999,999,1000,1,17.7631
83850.0000,8385,2959.2616,0.0000,1000,1000,998,1,17.7751
83860.0000,8386,2959.2663,0.0000,1000,999,1000,1,17.8571
83870.0000,8387,2959.2711,0.0000,1000,1000,1000,1,17.8691
83880.0000,8388,2959.2757,0.0000,1000,999,1000,1,17.8459
83890.0000,8389,2959.2803,0.0000,998,1000,998,1,17.8517
83900.0000,8390,2959.2848,0.0000,1000,1000,1000,1,17.8284
83910.0000,8391,2959.2896,0.0000,997,1000,999,1,17.9103
83920.0000,8392,2959.2942,0.0000,1000,1000,999,1,17.8869
83930.0000,8393,2959.2989,0.0000,998,1000,1000,1,18.0039
83940.0000,8394,2959.3032,0.0000,1000,1000,997,1,18.0859
83950.0000,8395,2959.3076,0.0000,1000,999,999,1,18.1327
83960.0000,8396,2959.3123,0.0000,1000,999,999,1,18.0392
83970.0000,8397,2959.3167,0.0000,999,998,999,1,17.9458
83980.0000,8398,2959.3213,0.0000,999,1000,998,1,17.9925
83990.0000,8399,2959.3259,0.0000,1000,1000,997,1,17.9343
84000.0000,8400,2959.3304,0.0000,999,999,1000,1,17.8413
84010.0000,8401,2959.3351,0.0000,1000,1000,1000,1,17.8184
84020.0000,8402,2959.3397,0.0000,997,1000,999,1,17.8651
84030.0000,8403,2959.3442,0.0000,1000,997,1000,1,17.7367
84040.0000,8404,2959.3488,0.0000,1000,1000,1000,1,17.7484
84050.0000,8405,2959.3533,0.0000,999,1000,995,1,17.7254
84060.0000,8406,2959.3577,0.0000,998,999,1000,1,17.7025
84070.0000,8407,2959.3625,0.0000,999,998,1000,1,17.6797
84080.0000,8408,2959.3672,0.0000,1000,1000,1000,1,17.7615
84090.0000,8409,2959.3719,0.0000,1000,1000,1000,1,17.8433
84100.0000,8410,2959.3766,0.0000,999,996,1000,1,17.7850
84110.0000,8411,2959.3808,0.0000,999,1000,1000,1,17.7967
84120.0000,8412,2959.3854,0.0000,1000,1000,999,1,17.7735
84130.0000,8413,2959.3901,0.0000,1000,1000,1000,1,17.8203
84140.0000,8414,2959.3949,0.0000,1000,1000,1000,1,17.9019
84150.0000,8415,2959.3996,0.0000,999,1000,999,1,17.8781
84160.0000,8416,2959.4042,0.0000,1000,998,1000,1,17.7839
84170.0000,8417,2959.4088,0.0000,1000,1000,1000,1,17.7602
84180.0000,8418,2959.4135,0.0000,1000,999,1000,1,17.7716
84190.0000,8419,2959.4180,0.0000,999,999,1000,1,17.7482
84200.0000,8420,2959.4227,0.0000,1000,1000,999,1,17.7247
84210.0000,8421,2959.4274,0.0000,1000,1000,1000,1,17.7013
84220.0000,8422,2959.4321,0.0000,996,1000,1000,1,17.7828
84230.0000,8423,2959.4364,0.0000,997,1000,999,1,17.7540
84240.0000,8424,2959.4407,0.0000,997,999,1000,1,17.7657
84250.0000,8425,2959.4453,0.0000,999,999,1000,1,17.8823
84260.0000,8426,2959.4500,0.0000,1000,1000,999,1,17.8938
84270.0000,8427,2959.4545,0.0000,1000,999,997,1,17.7654
84280.0000,8428,2959.4588,0.0000,999,1000,998,1,17.6719
84290.0000,8429,2959.4634,0.0000,999,999,1000,1,17.6837
84300.0000,8430,2959.4681,0.0000,1000,1000,1000,1,17.6608
84310.0000,8431,2959.4727,0.0000,998,1000,997,1,17.6779
84320.0000,8432,2959.4772,0.0000,998,1000,999,1,17.7944
84330.0000,8433,2959.4819,0.0000,1000,1000,1000,1,17.9109
84340.0000,8434,2959.4865,0.0000,1000,1000,1000,1,17.9226
84350.0000,8435,2959.4910,0.0000,998,1000,999,1,17.8645
84360.0000,8436,2959.4954,0.0000,998,1000,998,1,17.8415
84370.0000,8437,2959.4999,0.0000,999,1000,999,1,17.8532
84380.0000,8438,2959.5042,0.0000,994,1000,999,1,17.8649
84390.0000,8439,2959.5084,0.0000,1000,997,1000,1,17.7322
84400.0000,8440,2959.5128,0.0000,999,998,1000,1,17.8136
84410.0000,8441,2959.5172,0.0000,1000,1000,998,1,17.8252
84420.0000,8442,2959.5216,0.0000,997,998,1000,1,17.7319
84430.0000,8443,2959.5259,0.0000,999,999,1000,1,17.7437
84440.0000,8444,2959.5305,0.0000,999,1000,999,1,17.7557
84450.0000,8445,2959.5351,0.0000,1000,1000,1000,1,17.6981
84460.0000,8446,2959.5398,0.0000,999,1000,1000,1,17.7448
84470.0000,8447,2959.5445,0.0000,1000,999,999,1,17.6519
84480.0000,8448,2959.5492,0.0000,999,999,1000,1,17.7681
84490.0000,8449,2959.5537,0.0000,1000,1000,998,1,17.7446
84500.0000,8450,2959.5582,0.0000,999,1000,999,1,17.7560
84510.0000,8451,2959.5622,0.0000,1000,998,996,1,17.6624
84520.0000,8452,2959.5661,0.0000,999,1000,988,1,17.4641
84530.0000,8453,2959.5700,0.0000,1000,1000,1000,1,17.5448
84540.0000,8454,2959.5747,0.0000,1000,1000,1000,1,17.6261
84550.0000,8455,2959.5794,0.0000,1000,1000,1000,1,17.5679
84560.0000,8456,2959.5840,0.0000,1000,999,1000,1,17.5793
84570.0000,8457,2959.5886,0.0000,1000,1000,999,1,17.5555
84580.0000,8458,2959.5932,0.0000,1000,1000,1000,1,17.6366
84590.0000,8459,2959.5978,0.0000,1000,1000,1000,1,17.7177
84600.0000,8460,2959.6025,0.0000,999,1000,1000,1,17.7287
84610.0000,8461,2959.6071,0.0000,1000,998,999,1,17.7046
84620.0000,8462,2959.6117,0.0000,1000,999,999,1,17.7506
84630.0000,8463,2959.6162,0.0000,1000,1000,999,1,17.7265
84640.0000,8464,2959.6208,0.0000,1000,1000,1000,1,17.7861
84650.0000,8465,2959.6254,0.0000,1000,1000,999,1,17.7620
84660.0000,8466,2959.6300,0.0000,997,997,1000,1,17.6897
84670.0000,8467,2959.6343,0.0000,999,1000,1000,1,17.7355
84680.0000,8468,2959.6389,0.0000,1000,999,1000,1,17.7814
84690.0000,8469,2959.6436,0.0000,998,1000,1000,1,17.8272
84700.0000,8470,2959.6482,0.0000,1000,999,1000,1,17.9081
84710.0000,8471,2959.6529,0.0000,1000,1000,997,1,17.9185
84720.0000,8472,2959.6574,0.0000,999,1000,999,1,17.7885
84730.0000,8473,2959.6617,0.0000,1000,1000,999,1,17.6727
84740.0000,8474,2959.6665,0.0000,1000,1000,1000,1,17.7185
84750.0000,8475,2959.6711,0.0000,1000,1000,1000,1,17.7858
84760.0000,8476,2959.6758,0.0000,999,999,1000,1,17.8665
84770.0000,8477,2959.6802,0.0000,999,1000,998,1,17.7366
84780.0000,8478,2959.6848,0.0000,1000,998,999,1,17.7474
84790.0000,8479,2959.6890,0.0000,1000,994,1000,1,17.8633
84800.0000,8480,2959.6933,0.0000,1000,997,1000,1,17.8388
84810.0000,8481,2959.6977,0.0000,997,1000,999,1,17.8139
84820.0000,8482,2959.7022,0.0000,1000,1000,1000,1,17.7892
84830.0000,8483,2959.7068,0.0000,999,1000,1000,1,17.8699
84840.0000,8484,2959.7114,0.0000,1000,1000,1000,1,17.9504
84850.0000,8485,2959.7161,0.0000,999,999,1000,1,17.9957
84860.0000,8486,2959.7205,0.0000,1000,1000,1000,1,18.0410
84870.0000,8487,2959.7251,0.0000,999,1000,998,1,18.0157
84880.0000,8488,2959.7294,0.0000,1000,999,1000,1,18.0257
84890.0000,8489,2959.7339,0.0000,1000,999,1000,1,18.1063
84900.0000,8490,2959.7385,0.0000,1000,1000,1000,1,18.0115
84910.0000,8491,2959.7430,0.0000,998,1000,1000,1,18.0570
84920.0000,8492,2959.7474,0.0000,1000,998,1000,1,18.0324
84930.0000,8493,2959.7519,0.0000,1000,999,999,1,18.0076
84940.0000,8494,2959.7566,0.0000,1000,999,998,1,18.0179
84950.0000,8495,2959.7609,0.0000,997,1000,1000,1,17.9231
84960.0000,8496,2959.7656,0.0000,1000,1000,1000,1,18.0386
84970.0000,8497,2959.7702,0.0000,999,1000,1000,1,18.0840
84980.0000,8498,2959.7749,0.0000,999,1000,1000,1,18.0591
84990.0000,8499,2959.7795,0.0000,1000,1000,999,1,18.1394
85000.0000,8500,2959.7840,0.0000,1000,1000,999,1,18.1491
85010.0000,8501,2959.7885,0.0000,999,999,999,1,18.0883
85020.0000,8502,2959.7932,0.0000,1000,999,1000,1,18.0628
85030.0000,8503,2959.7978,0.0000,1000,1000,999,1,18.1078
85040.0000,8504,2959.8024,0.0000,1000,1000,1000,1,18.1879
85050.0000,8505,2959.8070,0.0000,999,1000,999,1,18.1618
85060.0000,8506,2959.8113,0.0000,1000,1000,999,1,18.2064
85070.0000,8507,2959.8160,0.0000,1000,1000,999,1,18.2864
85080.0000,8508,2959.8204,0.0000,999,1000,996,1,18.1536
85090.0000,8509,2959.8248,0.0000,1000,1000,1000,1,17.9857
85100.0000,8510,2959.8294,0.0000,1000,998,999,1,17.9596
85110.0000,8511,2959.8338,0.0000,1000,1000,998,1,17.9341
85120.0000,8512,2959.8384,0.0000,1000,1000,998,1,17.8538
85130.0000,8513,2959.8430,0.0000,998,1000,1000,1,17.8483
85140.0000,8514,2959.8475,0.0000,999,998,999,1,17.8231
85150.0000,8515,2959.8518,0.0000,1000,999,1000,1,17.9032
85160.0000,8516,2959.8564,0.0000,999,1000,997,1,17.8776
85170.0000,8517,2959.8610,0.0000,999,1000,1000,1,17.8167
85180.0000,8518,2959.8655,0.0000,999,999,1000,1,17.8968
85190.0000,8519,2959.8699,0.0000,1000,1000,997,1,17.8518
85200.0000,8520,2959.8744,0.0000,999,999,1000,1,17.8613
85210.0000,8521,2959.8789,0.0000,999,999,1000,1,17.8198
85220.0000,8522,2959.8834,0.0000,999,1000,1000,1,17.8804
85230.0000,8523,2959.8877,0.0000,998,1000,1000,1,17.8544
85240.0000,8524,2959.8921,0.0000,999,1000,1000,1,17.8479
85250.0000,8525,2959.8966,0.0000,1000,997,998,1,17.8219
85260.0000,8526,2959.9004,0.0000,998,996,997,1,17.7957
85270.0000,8527,2959.9040,0.0000,1000,996,997,1,17.7346
85280.0000,8528,2959.9085,0.0000,1000,1000,1000,1,17.8145
85290.0000,8529,2959.9130,0.0000,1000,996,1000,1,17.8592
85300.0000,8530,2959.9175,0.0000,1000,999,1000,1,17.9038
85310.0000,8531,2959.9221,0.0000,999,1000,1000,1,17.9129
85320.0000,8532,2959.9266,0.0000,999,1000,999,1,17.9573
85330.0000,8533,2959.9312,0.0000,1000,1000,999,1,17.9661
85340.0000,8534,2959.9354,0.0000,999,1000,998,1,17.8687
85350.0000,8535,2959.9396,0.0000,1000,998,997,1,17.8946
85360.0000,8536,2959.9441,0.0000,1000,1000,1000,1,17.9743
85370.0000,8537,2959.9486,0.0000,1000,1000,1000,1,17.9128
85380.0000,8538,2959.9531,0.0000,1000,997,999,1,17.9925
85390.0000,8539,2959.9575,0.0000,1000,1000,999,1,18.0014
85400.0000,8540,2959.9621,0.0000,1000,1000,999,1,18.0455
85410.0000,8541,2959.9666,0.0000,999,997,1000,1,18.0186
85420.0000,8542,2959.9710,0.0000,999,998,1000,1,18.0272
85430.0000,8543,2959.9754,0.0000,1000,998,998,1,18.1066
85440.0000,8544,2959.9798,0.0000,1000,1000,1000,1,18.1507
85450.0000,8545,2959.9844,0.0000,1000,1000,999,1,18.1946
85460.0000,8546,2959.9889,0.0000,1000,998,1000,1,18.2741
85470.0000,8547,2959.9934,0.0000,999,1000,1000,1,18.2824
85480.0000,8548,2959.9980,0.0000,999,1000,1000,1,18.1130
85490.0000,8549,2960.0025,0.0000,999,1000,997,1,18.0151
85500.0000,8550,2960.0067,0.0000,995,999,1000,1,17.9010
85510.0000,8551,2960.0112,0.0000,1000,1000,1000,1,17.8744
85520.0000,8552,2960.0158,0.0000,1000,1000,1000,1,17.9538
85530.0000,8553,2960.0204,0.0000,1000,1000,999,1,17.9080
85540.0000,8554,2960.0247,0.0000,997,999,998,1,17.8469
85550.0000,8555,2960.0290,0.0000,1000,998,1000,1,17.8908
85560.0000,8556,2960.0333,0.0000,1000,1000,1000,1,17.8997
85570.0000,8557,2960.0379,0.0000,1000,1000,999,1,18.0145
85580.0000,8558,2960.0424,0.0000,1000,999,1000,1,18.0232
85590.0000,8559,2960.0470,0.0000,1000,999,999,1,17.9966
85600.0000,8560,2960.0512,0.0000,999,999,998,1,17.9347
85610.0000,8561,2960.0555,0.0000,998,997,1000,1,17.9262
85620.0000,8562,2960.0598,0.0000,1000,1000,999,1,17.9000
85630.0000,8563,2960.0644,0.0000,1000,998,999,1,17.9089
85640.0000,8564,2960.0687,0.0000,1000,1000,1000,1,17.9532
85650.0000,8565,2960.0729,0.0000,999,996,1000,1,17.9975
85660.0000,8566,2960.0771,0.0000,998,1000,999,1,18.0068
85670.0000,8567,2960.0814,0.0000,1000,1000,1000,1,18.0512
85680.0000,8568,2960.0857,0.0000,998,1000,1000,1,18.0958
85690.0000,8569,2960.0902,0.0000,999,1000,1000,1,18.1052
85700.0000,8570,2960.0946,0.0000,1000,998,998,1,18.1498
85710.0000,8571,2960.0988,0.0000,1000,999,998,1,18.0895
85720.0000,8572,2960.1033,0.0000,998,1000,1000,1,18.1340
85730.0000,8573,2960.1078,0.0000,1000,1000,997,1,18.0037
85740.0000,8574,2960.1119,0.0000,1000,1000,1000,1,17.9435
85750.0000,8575,2960.1163,0.0000,1000,1000,999,1,17.9532
85760.0000,8576,2960.1208,0.0000,997,1000,999,1,17.9979
85770.0000,8577,2960.1252,0.0000,1000,1000,1000,1,18.0775
85780.0000,8578,2960.1296,0.0000,1000,1000,999,1,18.0870
85790.0000,8579,2960.1341,0.0000,1000,999,996,1,18.0617
85800.0000,8580,2960.1382,0.0000,1000,999,996,1,18.0014
85810.0000,8581,2960.1426,0.0000,1000,1000,999,1,17.9416
85820.0000,8582,2960.1470,0.0000,1000,1000,998,1,17.9168
85830.0000,8583,2960.1514,0.0000,1000,1000,1000,1,17.9267
85840.0000,8584,2960.1559,0.0000,1000,1000,999,1,17.9366
85850.0000,8585,2960.1604,0.0000,1000,1000,997,1,17.8423
85860.0000,8586,2960.1648,0.0000,999,999,997,1,17.6786
85870.0000,8587,2960.1689,0.0000,999,999,999,1,17.5848
85880.0000,8588,2960.1733,0.0000,998,998,999,1,17.5261
85890.0000,8589,2960.1774,0.0000,998,998,1000,1,17.6404
85900.0000,8590,2960.1815,0.0000,1000,995,1000,1,17.5824
85910.0000,8591,2960.1855,0.0000,1000,997,999,1,17.4899
85920.0000,8592,2960.1897,0.0000,1000,998,999,1,17.4662
85930.0000,8593,2960.1941,0.0000,1000,1000,1000,1,17.5114
85940.0000,8594,2960.1985,0.0000,997,1000,997,1,17.3836
85950.0000,8595,2960.2028,0.0000,1000,1000,997,1,17.4052
85960.0000,8596,2960.2072,0.0000,1000,1000,1000,1,17.4158
85970.0000,8597,2960.2117,0.0000,1000,1000,1000,1,17.4843
85980.0000,8598,2960.2161,0.0000,999,1000,1000,1,17.4948
85990.0000,8599,2960.2207,0.0000,999,1000,1000,1,17.6091
86000.0000,8600,2960.2252,0.0000,999,1000,1000,1,17.6887
86010.0000,8601,2960.2295,0.0000,1000,1000,998,1,17.6989
86020.0000,8602,2960.2338,0.0000,1000,1000,1000,1,17.6740
86030.0000,8603,2960.2383,0.0000,1000,998,1000,1,17.7187
86040.0000,8604,2960.2425,0.0000,1000,999,999,1,17.7285
86050.0000,8605,2960.2469,0.0000,1000,1000,1000,1,17.6686
86060.0000,8606,2960.2513,0.0000,999,999,1000,1,17.7132
86070.0000,8607,2960.2556,0.0000,1000,1000,998,1,17.7228
86080.0000,8608,2960.2601,0.0000,1000,999,1000,1,17.7672
86090.0000,8609,2960.2645,0.0000,1000,1000,998,1,17.7416
86100.0000,8610,2960.2690,0.0000,1000,1000,1000,1,17.8207
86110.0000,8611,2960.2733,0.0000,1000,1000,996,1,17.6902
86120.0000,8612,2960.2776,0.0000,1000,998,1000,1,17.6297
86130.0000,8613,2960.2820,0.0000,999,1000,998,1,17.6526
86140.0000,8614,2960.2863,0.0000,1000,1000,997,1,17.4881
86150.0000,8615,2960.2906,0.0000,997,1000,998,1,17.4283
86160.0000,8616,2960.2949,0.0000,997,1000,999,1,17.4030
86170.0000,8617,2960.2991,0.0000,995,1000,997,1,17.3445
86180.0000,8618,2960.3028,0.0000,996,1000,997,1,17.4238
86190.0000,8619,2960.3070,0.0000,999,1000,999,1,17.5030
86200.0000,8620,2960.3115,0.0000,999,1000,999,1,17.6169
86210.0000,8621,2960.3160,0.0000,998,1000,1000,1,17.6265
86220.0000,8622,2960.3203,0.0000,997,1000,1000,1,17.6708
86230.0000,8623,2960.3246,0.0000,1000,1000,1000,1,17.6804
86240.0000,8624,2960.3289,0.0000,1000,1000,1000,1,17.7249
86250.0000,8625,2960.3333,0.0000,1000,1000,1000,1,17.7344
86260.0000,8626,2960.3376,0.0000,1000,1000,999,1,17.6743
86270.0000,8627,2960.3421,0.0000,998,999,996,1,17.6491
86280.0000,8628,2960.3463,0.0000,1000,1000,999,1,17.6935
86290.0000,8629,2960.3505,0.0000,1000,999,994,1,17.7380
86300.0000,8630,2960.3543,0.0000,1000,1000,996,1,17.8171
86310.0000,8631,2960.3585,0.0000,1000,999,998,1,17.7919
86320.0000,8632,2960.3624,0.0000,997,1000,997,1,17.7666
86330.0000,8633,2960.3663,0.0000,993,1000,999,1,17.8110
86340.0000,8634,2960.3705,0.0000,999,999,1000,1,17.8553
86350.0000,8635,2960.3749,0.0000,1000,999,999,1,17.8648
86360.0000,8636,2960.3792,0.0000,1000,998,998,1,17.8050
86370.0000,8637,2960.3834,0.0000,1000,1000,997,1,17.8839
86380.0000,8638,2960.3878,0.0000,999,1000,1000,1,17.9976
86390.0000,8639,2960.3920,0.0000,995,1000,998,1,18.0072
86400.0000,8640,2960.3957,0.0000,996,999,997,1,18.0168
86410.0000,8641,2960.3993,0.0000,996,999,997,1,18.1304
