10 2.065493 1.668198
20 5.474300 1.595400
30 7.470917 4.299106
40 8.383184 4.150051
50 8.892131 4.422808
60 9.596969 3.357550
70 8.884898 3.418543
80 8.273962 4.823954
90 7.776069 3.858125
100 7.857541 2.406967
110 7.823383 5.241693
120 7.675567 2.997654
130 7.343054 3.305629
140 6.933620 5.108176
150 7.043758 4.061054
160 7.455459 4.163832
170 8.045578 5.151146
180 8.641253 5.364349
190 9.198272 3.721485
200 9.369797 4.313545
210 9.342229 7.735652
220 9.247896 5.351306
230 9.030980 5.405973
240 9.008893 5.815344
250 9.151492 5.090173
260 9.535553 4.737462
270 9.941393 5.120460
280 10.296744 5.974992
290 10.504509 6.229607
300 10.936397 4.757631
310 11.315141 5.371370
320 11.592424 6.649377
330 11.757157 6.571628
340 11.857693 5.880461
350 11.928157 5.229126
360 12.068130 8.312878
370 12.289197 8.220836
380 12.295281 7.184862
390 12.239473 6.698491
400 12.248338 7.151537
410 12.289945 5.334122
420 12.193558 7.421327
430 12.073041 6.178374
440 11.816698 7.036619
450 11.624942 7.807291
460 11.424255 7.233014
470 11.252314 5.511186
480 11.060672 5.565490
490 10.892815 5.457188
500 10.714647 5.525911
510 10.532427 6.627038
520 10.529898 3.899751
530 10.435257 5.794403
540 10.344143 5.641900
550 10.220126 5.652235
560 10.125149 6.442984
570 10.021473 5.861295
580 9.990611 4.242121
590 9.969844 3.771487
600 9.819811 6.742783
610 9.691298 4.948273
620 9.547590 7.444462
630 9.424230 4.469034
640 9.309846 5.778463
650 9.185202 5.393188
660 9.187734 6.224333
670 9.247036 4.093179
680 9.224132 2.653949
690 9.180619 5.760056
700 9.133468 4.614549
710 9.057683 5.415173
720 9.028716 5.000337
730 9.005392 2.309355
740 8.976892 4.185405
750 8.897844 5.796896
760 8.925366 5.045299
770 8.944311 5.305491
780 8.974151 4.501112
790 9.116582 4.603683
800 9.328579 4.460167
810 9.562012 3.047808
820 9.784446 6.987789
830 9.926248 6.384875
840 10.146706 4.340613
850 10.353219 3.199386
860 10.512430 5.013564
870 10.756839 6.265703
880 11.116910 6.863349
890 11.392760 6.333638
900 11.693331 8.937615
910 11.964892 6.465108
920 12.224068 7.845000
930 12.488443 5.587084
940 12.782510 6.597876
950 12.978663 7.233044
960 13.181135 7.641208
970 13.417847 8.800314
980 13.749465 7.109077
990 14.065889 8.329739
1000 14.408219 8.612907
1010 14.792164 7.342875
1020 15.134173 8.389046
1030 15.491116 9.192958
1040 15.892155 8.850869
1050 16.282933 8.555992
1060 16.679762 9.273322
1070 17.116013 8.817932
1080 17.522885 8.270257
1090 17.875188 8.147010
1100 18.209139 8.963454
1110 18.473374 9.125635
1120 18.750563 9.953754
1130 19.063969 8.901536
1140 19.293380 10.483038
1150 19.487679 10.533345
1160 19.634666 8.705221
1170 19.741822 10.839978
1180 19.849729 10.198791
1190 19.925764 10.847262
1200 19.956992 8.684661
1210 20.004902 11.270432
1220 20.053152 9.699460
1230 20.038342 9.717287
1240 20.026451 10.445052
1250 20.068969 9.686934
1260 20.082496 9.539198
1270 20.067476 9.759497
1280 19.989226 11.217906
1290 19.892494 10.523790
1300 19.782161 8.715143
1310 19.690438 10.036601
1320 19.633840 9.574997
1330 19.583231 11.701829
1340 19.494692 10.855060
1350 19.373211 13.310701
1360 19.339923 8.278179
1370 19.288386 9.148185
1380 19.208283 10.987479
1390 19.188137 9.814908
1400 19.221675 9.721279
1410 19.240125 8.747206
1420 19.260374 10.655278
1430 19.290715 10.445922
1440 19.312070 9.353472
1450 19.294153 10.210090
1460 19.243575 10.555061
1470 19.222624 8.578489
1480 19.127518 9.063441
1490 19.023191 11.309620
1500 18.979705 10.582519
1510 18.866155 11.235935
1520 18.757667 9.151845
1530 18.669909 10.098343
1540 18.633849 9.323814
1550 18.636622 9.087007
1560 18.620892 10.096789
1570 18.557538 8.777286
1580 18.499932 10.054220
1590 18.428540 10.914921
1600 18.354520 8.271007
1610 18.269265 9.968797
1620 18.235182 8.847632
1630 18.208952 7.632526
1640 18.167305 8.671761
1650 18.088363 9.997962
1660 18.003191 9.728709
1670 17.912788 8.394948
1680 17.812068 11.286731
1690 17.716437 9.098397
1700 17.641603 10.219830
1710 17.575502 8.267606
1720 17.483027 10.137323
1730 17.411546 10.828751
1740 17.338506 9.693536
1750 17.251459 8.572955
1760 17.163619 12.095017
1770 17.119854 8.999374
1780 17.088431 7.530802
1790 17.006148 7.939651
1800 16.925437 9.953553
1810 16.840682 9.528578
1820 16.782667 9.168326
1830 16.729202 9.445269
1840 16.636590 10.673487
1850 16.570054 9.497469
1860 16.490470 9.008158
1870 16.411334 9.916491
1880 16.330981 10.312896
1890 16.269328 8.013314
1900 16.237577 7.622629
1910 16.230717 9.431069
1920 16.241036 7.904658
1930 16.228817 9.132835
1940 16.214507 7.132877
1950 16.221110 6.030036
1960 16.214144 8.996435
1970 16.222231 8.268769
1980 16.248133 8.243200
1990 16.288219 8.103409
2000 16.310970 10.681824
2010 16.345859 8.476609
2020 16.347566 8.308557
2030 16.346405 8.265358
2040 16.332284 9.543999
2050 16.346593 8.463599
2060 16.373326 7.845914
2070 16.363480 8.178853
2080 16.372605 8.906943
2090 16.350825 9.387715
2100 16.302742 9.286426
2110 16.240255 9.037236
2120 16.206501 9.055655
2130 16.189178 7.720546
2140 16.213712 9.224855
2150 16.254215 7.654879
2160 16.283669 8.341470
2170 16.269629 7.983714
2180 16.231718 8.266241
2190 16.196387 9.091588
2200 16.186131 8.743357
2210 16.176818 9.490711
2220 16.188850 10.823263
2230 16.237303 8.206727
2240 16.284018 9.176883
2250 16.367400 9.213820
2260 16.473152 9.999915
2270 16.577664 9.280279
2280 16.647099 8.970793
2290 16.712820 9.401923
2300 16.749902 9.054028
2310 16.782782 8.251868
2320 16.823792 9.093069
2330 16.819910 6.567883
2340 16.803598 8.973729
2350 16.774800 8.189467
2360 16.756374 9.277410
2370 16.719203 9.538438
2380 16.664586 8.050813
2390 16.613182 8.689972
2400 16.586813 8.776750
2410 16.549348 12.112415
2420 16.552488 7.798014
2430 16.538904 8.115893
2440 16.504180 9.179572
2450 16.446716 11.200801
2460 16.408229 8.056797
2470 16.361546 10.656436
2480 16.352236 8.093638
2490 16.347920 7.647079
2500 16.325702 9.724945
2510 16.307346 7.148286
2520 16.284794 8.053111
2530 16.233250 9.418530
2540 16.176142 9.526828
2550 16.138744 8.273440
2560 16.112780 7.987728
2570 16.072073 8.264820
2580 16.039606 8.186825
2590 15.980379 11.048435
2600 15.931171 8.793418
2610 15.892200 7.806897
2620 15.880645 9.233698
2630 15.867513 8.792687
2640 15.884373 8.625887
2650 15.908895 7.762521
2660 15.926304 8.500996
2670 15.961111 8.096740
2680 16.048486 9.180416
2690 16.134152 8.782870
2700 16.223078 7.913802
2710 16.299131 8.137165
2720 16.379501 9.018306
2730 16.435298 8.572124
2740 16.480215 9.582443
2750 16.494649 9.584739
2760 16.517642 9.677023
2770 16.563884 4.802047
2780 16.605118 8.339169
2790 16.637332 7.928351
2800 16.659715 11.949579
2810 16.695788 8.821070
2820 16.722196 9.204220
2830 16.726368 9.484009
2840 16.769508 9.457126
2850 16.795213 9.549584
2860 16.813960 9.573658
2870 16.851717 10.284243
2880 16.890354 8.509727
2890 16.920153 9.680340
2900 16.953406 8.441482
2910 17.006303 9.622095
2920 17.071191 9.384129
2930 17.114237 7.723996
2940 17.140917 9.823375
2950 17.181626 9.125154
2960 17.188708 10.012308
2970 17.165425 7.224269
2980 17.118919 9.399688
2990 17.071320 9.360450
3000 17.025082 9.435314
3010 16.968489 9.855481
3020 16.936224 8.518812
3030 16.924950 9.766757
3040 16.895702 8.534067
3050 16.856078 9.473060
3060 16.821949 10.109177
3070 16.772558 8.246111
3080 16.728232 8.462577
3090 16.677551 9.103886
3100 16.655253 8.554669
3110 16.640941 7.189765
3120 16.608477 7.659495
3130 16.570335 8.711476
3140 16.542266 9.304127
3150 16.499380 7.996025
3160 16.451673 10.164903
3170 16.412092 7.906441
3180 16.363584 8.366530
3190 16.320005 10.165891
3200 16.278491 9.070794
3210 16.231504 9.338075
3220 16.202857 9.536112
3230 16.197033 8.918586
3240 16.190664 6.617785
3250 16.169516 8.165945
3260 16.136107 7.942198
3270 16.108751 8.131383
3280 16.072317 10.462529
3290 16.042010 9.346837
3300 15.999339 9.402070
3310 15.960775 8.731975
3320 15.923629 9.201739
3330 15.888412 6.911750
3340 15.888816 8.655043
3350 15.898334 7.758432
3360 15.912093 7.257745
3370 15.917230 6.847659
3380 15.922198 10.727016
3390 15.925612 9.290460
3400 15.942105 8.104795
3410 15.960365 8.973808
3420 15.997162 8.659807
3430 16.034601 8.192823
3440 16.087878 8.076685
3450 16.155158 6.897499
3460 16.218122 7.994448
3470 16.280663 8.183587
3480 16.344053 10.029985
3490 16.395220 7.611047
3500 16.417617 8.998109
3510 16.428478 7.208422
3520 16.440302 9.420130
3530 16.443771 9.386962
3540 16.456823 7.852086
3550 16.468233 7.273425
3560 16.468599 8.408490
3570 16.466934 9.438331
3580 16.459329 9.059240
3590 16.445378 9.618051
3600 16.427289 9.052688
3610 16.416473 8.515812
3620 16.427138 9.069449
3630 16.485628 7.664439
3640 16.532220 9.434553
3650 16.582389 8.459807
3660 16.627963 8.275411
3670 16.670688 7.987269
3680 16.701287 7.108799
3690 16.719645 7.814701
3700 16.713627 6.758038
3710 16.692848 9.418347
3720 16.678711 9.045364
3730 16.663641 7.635810
3740 16.621921 10.531899
3750 16.586997 8.080148
3760 16.551622 8.511323
3770 16.516159 8.473478
3780 16.484243 9.946562
3790 16.452619 9.185494
3800 16.414736 9.619941
3810 16.380793 7.370644
3820 16.355403 7.962699
3830 16.333078 7.796893
3840 16.324932 8.157223
3850 16.309935 6.988380
3860 16.271982 9.069348
3870 16.229939 10.743200
3880 16.200954 9.906350
3890 16.202309 9.175584
3900 16.206641 7.749937
3910 16.207735 8.646887
3920 16.198871 4.814435
3930 16.171726 9.887723
3940 16.165717 7.279984
3950 16.169574 8.357652
3960 16.173031 7.964033
3970 16.181594 9.173492
3980 16.190284 7.804998
3990 16.209017 6.603663
4000 16.239932 7.532590
4010 16.265911 8.166938
4020 16.288827 10.184583
4030 16.305613 7.361086
4040 16.303665 7.191784
4050 16.281820 6.979930
4060 16.246478 9.176224
4070 16.220277 8.426863
4080 16.193929 8.763074
4090 16.158772 8.152031
4100 16.128317 7.134467
4110 16.092495 8.757098
4120 16.059903 8.796913
4130 16.026638 8.308491
4140 15.993779 8.801390
4150 15.957586 7.908383
4160 15.929027 8.121064
4170 15.902680 8.247606
4180 15.874938 8.672348
4190 15.843922 10.444087
4200 15.811400 9.236392
4210 15.778348 9.189573
4220 15.753075 8.674207
4230 15.719210 8.628752
4240 15.691331 8.751093
4250 15.657119 9.401465
4260 15.636495 7.340913
4270 15.610372 8.954140
4280 15.581600 8.794926
4290 15.570783 6.482433
4300 15.554160 8.714281
4310 15.539289 7.310190
4320 15.534321 7.554508
4330 15.530346 7.766809
4340 15.541017 8.030117
4350 15.560196 7.741068
4360 15.584886 7.954717
4370 15.592278 7.902698
4380 15.583726 9.331873
4390 15.588479 7.992820
4400 15.601724 7.814159
4410 15.644874 6.614109
4420 15.678697 6.886930
4430 15.698982 8.114046
4440 15.749962 7.844510
4450 15.802040 7.252918
4460 15.864375 9.219202
4470 15.951619 9.755778
4480 16.043328 9.812601
4490 16.118385 7.947219
4500 16.186163 7.949808
4510 16.262881 8.253227
4520 16.350709 8.130333
4530 16.437217 7.472215
4540 16.516948 9.294822
4550 16.586247 8.326957
4560 16.665955 6.615912
4570 16.743647 8.497296
4580 16.818435 9.495865
4590 16.907781 9.014613
4600 17.000084 8.829762
4610 17.094820 7.586826
4620 17.176527 8.984459
4630 17.257523 10.605147
4640 17.331690 8.624244
4650 17.402169 8.809861
4660 17.471703 9.516916
4670 17.535544 9.146881
4680 17.578242 8.583237
4690 17.609832 8.247724
4700 17.663517 9.760074
4710 17.741295 7.342169
4720 17.792228 10.193722
4730 17.843301 11.098869
4740 17.892417 9.695013
4750 17.938984 9.851453
4760 17.982667 9.153437
4770 18.028013 10.418082
4780 18.057900 10.212679
4790 18.063665 8.179460
4800 18.055217 7.999752
4810 18.046273 9.871085
4820 18.046795 9.484692
4830 18.039684 8.428367
4840 18.026243 9.958321
4850 18.011966 7.735857
4860 17.993533 10.222327
4870 17.980214 10.050909
4880 17.976000 9.693961
4890 17.967017 9.834225
4900 17.953192 11.021717
4910 17.951731 11.198618
4920 17.954473 7.730393
4930 17.948239 8.860420
4940 17.931852 9.555360
4950 17.933387 8.109341
4960 17.938765 8.182835
4970 17.941585 9.617465
4980 17.937239 7.659438
4990 17.919310 8.177308
5000 17.891100 7.742507
5010 17.865520 8.319373
5020 17.832050 11.048593
5030 17.815318 9.210448
5040 17.789763 10.564617
5050 17.764368 8.110653
5060 17.729538 10.399564
5070 17.702962 8.861617
5080 17.682282 6.882403
5090 17.650661 8.716899
5100 17.625299 8.890089
5110 17.597977 8.987983
5120 17.579901 9.040546
5130 17.571981 9.542483
5140 17.554267 9.653361
5150 17.549120 9.037336
5160 17.547447 8.863697
5170 17.536179 9.104428
5180 17.516763 8.757487
5190 17.498344 10.297561
5200 17.481469 9.822982
5210 17.457753 10.745312
5220 17.436704 10.219927
5230 17.412671 8.488940
5240 17.383651 8.640111
5250 17.357854 8.959225
5260 17.332151 8.910328
5270 17.309073 10.171706
5280 17.281209 9.633850
5290 17.251702 8.919906
5300 17.221248 9.876971
5310 17.195732 9.150086
5320 17.164921 9.731990
5330 17.137509 9.211749
5340 17.106789 9.392106
5350 17.080870 10.730161
5360 17.064858 8.760396
5370 17.049123 9.433264
5380 17.038131 9.268959
5390 17.033733 8.458998
5400 17.017118 8.075068
5410 17.002651 10.087660
5420 16.981616 9.660916
5430 16.955605 7.895952
5440 16.927284 10.154826
5450 16.908985 9.970774
5460 16.888506 8.855668
5470 16.876821 11.337114
5480 16.861332 9.807820
5490 16.837561 9.612142
5500 16.820796 9.662146
5510 16.805463 9.809916
5520 16.793332 7.638957
5530 16.774749 8.350539
5540 16.748607 9.365731
5550 16.720343 10.252963
5560 16.694884 8.378134
5570 16.670472 9.436785
5580 16.641927 9.376516
5590 16.615193 8.721354
5600 16.593108 7.631478
5610 16.568873 9.483507
5620 16.544228 9.205699
5630 16.523115 9.482209
5640 16.500525 6.988012
5650 16.476400 8.048195
5660 16.448130 9.413957
5670 16.426340 8.173897
5680 16.411683 8.828007
5690 16.407408 8.402147
5700 16.397901 8.907096
5710 16.379119 8.084808
5720 16.352524 8.339513
5730 16.325532 9.565677
5740 16.299283 9.749443
5750 16.272025 9.683828
5760 16.244855 9.738987
5770 16.219715 8.271729
5780 16.194066 9.749493
5790 16.167097 9.381539
5800 16.152281 8.228154
5810 16.144460 9.270397
5820 16.136912 9.245864
5830 16.136857 8.934353
5840 16.134886 5.608612
5850 16.110388 6.151301
5860 16.092003 9.211195
5870 16.065486 9.728108
5880 16.040797 6.696805
5890 16.020473 8.760931
5900 16.006098 9.193125
5910 15.998166 9.378432
5920 15.999962 7.185180
5930 16.021142 8.891779
5940 16.056078 9.274519
5950 16.096672 9.251943
5960 16.137611 8.322940
5970 16.184726 9.257765
5980 16.241137 6.909774
5990 16.296666 9.040891
6000 16.359992 8.448514
6010 16.412306 9.715570
6020 16.454341 9.231356
6030 16.491176 8.962952
6040 16.538416 7.878289
6050 16.588764 10.113966
6060 16.661686 10.143746
6070 16.730714 8.529800
6080 16.806830 10.169326
6090 16.884819 8.773084
6100 16.951429 8.157376
6110 17.005311 9.631268
6120 17.058787 8.282763
6130 17.095036 9.662916
6140 17.130710 6.939853
6150 17.168096 9.525772
6160 17.213827 9.008444
6170 17.260650 10.143776
6180 17.290230 9.623095
6190 17.318415 8.732898
6200 17.355300 9.031145
6210 17.401635 10.137807
6220 17.451733 9.934275
6230 17.500510 8.340358
6240 17.553266 9.074366
6250 17.600053 9.025645
6260 17.648941 9.080987
6270 17.694256 7.789257
6280 17.731472 10.132450
6290 17.750019 10.660654
6300 17.767120 7.522446
6310 17.782823 8.795070
6320 17.798970 8.722667
6330 17.814798 9.090249
6340 17.840589 8.459148
6350 17.859808 8.903218
6360 17.882255 8.238818
6370 17.901398 9.133186
6380 17.914996 8.808193
6390 17.917732 9.791272
6400 17.922569 10.039501
6410 17.930462 9.940191
6420 17.945957 9.983364
6430 17.965066 10.849085
6440 17.984536 9.848725
6450 18.015096 9.140772
6460 18.046518 6.782583
6470 18.079816 8.457818
6480 18.105070 9.126347
6490 18.125245 9.856337
6500 18.144964 9.841710
6510 18.165520 10.388033
6520 18.187043 10.332334
6530 18.218445 7.575225
6540 18.243776 10.148175
6550 18.269713 8.992688
6560 18.291486 10.352135
6570 18.317677 10.116437
6580 18.344198 9.345202
6590 18.368343 10.478380
6600 18.390192 10.126606
6610 18.398372 9.147497
6620 18.398122 9.187940
6630 18.390632 10.691386
6640 18.385786 8.189766
6650 18.374250 8.907802
6660 18.366665 9.430760
6670 18.363912 10.272771
6680 18.363701 10.895875
6690 18.358800 8.444320
6700 18.356829 9.573936
6710 18.352520 10.683630
6720 18.355323 9.714611
6730 18.372085 9.666009
6740 18.392232 8.835874
6750 18.408194 10.567387
6760 18.425416 7.412947
6770 18.435253 10.152169
6780 18.456924 11.292435
6790 18.473167 9.945365
6800 18.498690 11.259491
6810 18.510661 10.408658
6820 18.517904 8.971805
6830 18.511068 10.562970
6840 18.504722 9.944717
6850 18.501531 10.111283
6860 18.518963 8.461796
6870 18.538963 10.443938
6880 18.570658 9.108857
6890 18.594291 9.016383
6900 18.627145 10.114879
6910 18.670464 8.690575
6920 18.703977 8.775502
6930 18.739192 10.799314
6940 18.777716 10.536371
6950 18.808746 9.513037
6960 18.826552 10.351305
6970 18.837148 8.794717
6980 18.843958 9.921944
6990 18.847444 12.322617
7000 18.857779 11.213887
7010 18.870075 10.341729
7020 18.879520 8.445051
7030 18.875372 9.475159
7040 18.863157 9.872444
7050 18.852779 10.226248
7060 18.829206 12.351461
7070 18.811114 8.631519
7080 18.788737 10.634058
7090 18.776064 9.560816
7100 18.775242 9.570528
7110 18.773997 8.233420
7120 18.765162 9.893928
7130 18.748377 10.627531
7140 18.739271 10.256609
7150 18.734250 10.368883
7160 18.730442 8.728740
7170 18.723303 10.498065
7180 18.724653 8.740216
7190 18.733849 10.239442
7200 18.745876 10.624610
7210 18.764134 11.133520
7220 18.792738 8.048828
7230 18.803007 11.643024
7240 18.800657 9.664983
7250 18.792935 10.140428
7260 18.772697 10.122040
7270 18.751929 10.592548
7280 18.741722 10.211656
7290 18.736094 8.849958
7300 18.736094 8.958865
7310 18.743518 10.930975
7320 18.759882 9.403017
7330 18.774507 6.979765
7340 18.788742 8.411203
7350 18.795257 8.577465
7360 18.778453 7.465530
7370 18.766316 11.021330
7380 18.761888 9.758655
7390 18.766574 10.830503
7400 18.773724 9.502075
7410 18.783502 10.372234
7420 18.785663 9.713207
7430 18.773731 9.715220
7440 18.766178 11.290440
7450 18.760637 9.446125
7460 18.754777 9.631520
7470 18.741603 9.464614
7480 18.724194 10.289409
7490 18.709559 10.385280
7500 18.697086 10.108992
7510 18.681928 11.195070
7520 18.663859 10.640154
7530 18.656246 9.083938
7540 18.656007 10.478704
7550 18.656634 10.779002
7560 18.640935 8.770176
7570 18.622120 9.970871
7580 18.608107 8.570803
7590 18.595599 9.764738
7600 18.578786 10.916012
7610 18.559403 9.857540
7620 18.559976 8.084522
7630 18.558730 8.745121
7640 18.554627 10.147582
7650 18.548330 9.232999
7660 18.553834 10.292045
7670 18.553405 9.482578
7680 18.545542 9.270114
7690 18.540351 10.262120
7700 18.548123 11.842061
7710 18.558248 9.602159
7720 18.563698 10.489634
7730 18.566309 10.378304
7740 18.555638 10.702775
7750 18.532882 10.550495
7760 18.508498 12.270794
7770 18.490222 9.704260
7780 18.466795 8.616985
7790 18.448958 10.393042
7800 18.440121 10.499892
7810 18.447319 9.592973
7820 18.454444 9.381352
7830 18.457863 8.639066
7840 18.459801 10.214427
7850 18.458291 10.233315
7860 18.457252 8.921869
7870 18.441332 11.027593
7880 18.422232 9.556089
7890 18.400775 7.893420
7900 18.384022 10.262148
7910 18.364304 9.015312
7920 18.346475 7.898676
7930 18.331908 9.415845
7940 18.314165 8.432031
7950 18.302239 10.021382
7960 18.286611 9.916230
7970 18.278142 10.160983
7980 18.271560 9.322340
7990 18.259725 9.033922
8000 18.245406 10.310820
8010 18.224295 10.381110
8020 18.214650 9.130166
8030 18.205113 10.654464
8040 18.192067 10.253139
8050 18.169688 12.665474
8060 18.154230 10.190152
8070 18.139233 9.460331
8080 18.140915 8.841009
8090 18.141196 9.253659
8100 18.133420 10.310550
8110 18.131875 8.619889
8120 18.130620 7.722628
8130 18.116724 10.157305
8140 18.110069 11.006248
8150 18.108926 10.346565
8160 18.099419 10.048015
8170 18.090762 8.306215
8180 18.075532 10.845947
8190 18.054844 8.171649
8200 18.035357 9.021716
8210 18.016213 9.278265
8220 17.997404 9.682000
8230 17.982552 9.947343
8240 17.972651 9.915946
8250 17.960183 9.237872
8260 17.948480 8.582446
8270 17.940683 9.054580
8280 17.927211 10.023846
8290 17.907227 10.922835
8300 17.886815 8.850956
8310 17.867083 8.864833
8320 17.848900 9.181613
8330 17.836769 10.922964
8340 17.825653 11.316052
8350 17.813511 9.728734
8360 17.798964 9.700815
8370 17.783426 8.529194
8380 17.765846 9.029399
8390 17.746909 9.584150
8400 17.729365 9.732861
8410 17.714437 9.034388
8420 17.696347 9.089439
8430 17.681175 9.264413
8440 17.662406 8.827133
8450 17.642358 10.540572
8460 17.623918 8.579882
8470 17.603965 10.124921
8480 17.586184 9.693295
8490 17.570446 8.176493
8500 17.551572 9.042981
8510 17.531434 9.768938
8520 17.512237 8.036574
8530 17.495016 11.321350
8540 17.485861 10.380731
8550 17.480190 9.594326
8560 17.480019 8.893621
8570 17.485107 8.730629
8580 17.489046 11.317523
8590 17.496421 10.659744
8600 17.505381 9.410834
8610 17.514326 7.234470
8620 17.505308 7.712285
8630 17.495750 9.619986
8640 17.482527 8.183697
8650 17.467595 10.732349
8660 17.450966 10.919806
8670 17.434273 10.151362
8680 17.419787 10.381509
8690 17.403519 9.798212
8700 17.393994 8.899474
8710 17.383615 8.494205
8720 17.368344 11.138364
8730 17.361279 7.998028
8740 17.353851 9.470462
8750 17.335421 9.513042
8760 17.317962 8.830026
8770 17.308051 9.013444
8780 17.293616 9.686451
8790 17.277708 9.971511
8800 17.265308 8.430866
8810 17.252175 8.016924
8820 17.243168 8.691365
8830 17.235805 9.255195
8840 17.225672 10.795323
8850 17.221160 8.569076
8860 17.212387 7.957917
8870 17.196291 9.600225
8880 17.180493 8.811490
8890 17.163318 8.958321
8900 17.149783 9.841483
8910 17.146526 9.446598
8920 17.153261 10.117048
8930 17.162404 9.323588
8940 17.164412 9.903979
8950 17.169522 10.262923
8960 17.179735 8.346974
8970 17.193705 9.331192
8980 17.211726 8.521386
8990 17.219471 8.214820
9000 17.219258 7.441781
9010 17.218678 10.140177
9020 17.212759 9.892222
9030 17.210557 9.911922
9040 17.215636 10.943016
9050 17.219906 8.333049
9060 17.220429 9.339952
9070 17.207664 7.829971
9080 17.190290 11.202820
9090 17.175304 7.643581
9100 17.160062 8.702023
9110 17.142250 12.588143
9120 17.129999 8.733383
9130 17.119061 8.476493
9140 17.108508 7.409467
9150 17.095836 9.605634
9160 17.079575 8.159743
9170 17.065149 8.120146
9180 17.051791 8.033667
9190 17.041406 9.572059
9200 17.040636 8.410481
9210 17.039452 9.724169
9220 17.042664 8.452177
9230 17.043035 8.894595
9240 17.038508 9.145174
9250 17.038183 10.313726
9260 17.045764 9.967966
9270 17.049138 7.896539
9280 17.044463 9.582811
9290 17.045225 9.522344
9300 17.048180 8.497854
9310 17.044166 9.815577
9320 17.037006 9.372422
9330 17.020852 8.792420
9340 17.006217 8.609073
9350 16.989280 8.788113
9360 16.974063 8.465422
9370 16.959827 8.154239
9380 16.945582 8.079190
9390 16.934970 9.391332
9400 16.932178 9.417111
9410 16.930464 8.459423
9420 16.922344 9.917620
9430 16.912339 9.792010
9440 16.901386 9.732355
9450 16.893387 8.391461
9460 16.891971 8.537163
9470 16.887896 10.254366
9480 16.883320 7.745585
9490 16.877088 9.060371
9500 16.879642 7.590120
9510 16.875035 9.241027
9520 16.868620 10.721748
9530 16.864194 9.693469
9540 16.859682 6.590711
9550 16.855001 9.536682
9560 16.850936 9.859636
9570 16.845870 8.655790
9580 16.836025 9.755224
9590 16.832895 8.560004
9600 16.837265 8.096337
9610 16.841707 8.601988
9620 16.843936 7.972402
9630 16.845325 10.342227
9640 16.840822 8.011812
9650 16.827748 8.702315
9660 16.817047 10.372612
9670 16.814884 6.933266
9680 16.814330 8.949290
9690 16.815053 7.851335
9700 16.825826 9.548725
9710 16.850130 8.974435
9720 16.875049 9.921857
9730 16.897545 7.954969
9740 16.912305 10.042629
9750 16.922829 8.504860
9760 16.933051 10.500631
9770 16.954223 9.111060
9780 16.977126 8.751308
9790 16.994285 8.395824
9800 17.008613 8.748152
9810 17.022847 9.691492
9820 17.034515 7.796369
9830 17.033281 9.300533
9840 17.032249 9.402346
9850 17.028565 7.810141
9860 17.018249 9.538436
9870 17.002615 8.499168
9880 16.995237 9.102928
9890 16.989646 8.688940
9900 16.986950 8.200313
9910 16.984946 7.863397
9920 16.980362 7.802110
9930 16.976586 8.675917
9940 16.977475 10.233539
9950 16.984623 8.515968
9960 16.993263 9.407579
9970 17.002546 7.986716
9980 17.008172 6.922177
9990 17.010684 9.509431
10000 17.016982 8.818953
10010 17.022907 11.967106
10020 17.033958 9.221710
10030 17.044552 9.242701
10040 17.050334 9.592721
10050 17.048839 8.615550
10060 17.042700 8.517829
10070 17.037793 6.810837
10080 17.028009 10.005837
10090 17.014720 9.300663
10100 17.007662 9.780649
10110 17.006461 9.104037
10120 17.006367 9.581472
10130 17.007459 8.384409
10140 17.015265 7.466511
10150 17.024495 9.244145
10160 17.037762 7.130092
10170 17.055219 7.628358
10180 17.073637 9.316654
10190 17.102151 8.470034
10200 17.131427 9.556875
10210 17.158103 9.566023
10220 17.186658 6.345814
10230 17.210230 9.853830
10240 17.244125 8.463556
10250 17.274124 9.503784
10260 17.307003 9.608593
10270 17.340798 9.006881
10280 17.379407 8.470243
10290 17.410675 8.783137
10300 17.439108 8.253026
10310 17.457742 9.101933
10320 17.466536 8.839931
10330 17.470577 8.866056
10340 17.471851 9.796242
10350 17.481041 10.118485
10360 17.499113 10.714676
10370 17.513217 9.417007
10380 17.528695 6.276703
10390 17.539533 8.770681
10400 17.555690 9.412994
10410 17.568007 9.579995
10420 17.581201 8.716496
10430 17.590557 7.601515
10440 17.598656 8.729099
10450 17.603309 7.451519
10460 17.598525 8.686147
10470 17.589508 8.986029
10480 17.574245 9.097328
10490 17.561938 10.837992
10500 17.548206 9.295201
10510 17.534255 10.778209
10520 17.521919 8.250171
10530 17.509905 8.325326
10540 17.496475 9.710557
10550 17.483617 11.564191
10560 17.472749 9.927939
10570 17.462577 9.078418
10580 17.451692 9.059830
10590 17.437807 8.784554
10600 17.424973 9.490735
10610 17.412613 9.254626
10620 17.401358 9.645136
10630 17.391562 9.697434
10640 17.376071 9.534663
10650 17.361716 8.408020
10660 17.345863 10.373687
10670 17.331573 8.388954
10680 17.319201 9.447256
10690 17.306368 9.244766
10700 17.295311 8.675506
10710 17.291070 8.288007
10720 17.289904 8.354179
10730 17.286115 10.749621
10740 17.286618 9.706961
10750 17.289001 7.809116
10760 17.294530 8.310927
10770 17.305090 7.400617
10780 17.310828 8.870138
10790 17.313985 9.668297
10800 17.312811 7.877965
10810 17.299968 9.064493
10820 17.289714 8.585220
10830 17.278733 7.616898
10840 17.267516 9.281309
10850 17.251457 11.571741
10860 17.238744 9.826393
10870 17.224563 9.588435
10880 17.211617 8.175865
10890 17.200728 9.786026
10900 17.195473 9.789810
10910 17.189909 8.839670
10920 17.176561 8.978798
10930 17.163570 9.271765
10940 17.149259 10.172771
10950 17.137935 8.435563
10960 17.122333 13.056786
10970 17.108011 9.457750
10980 17.093718 10.678359
10990 17.083098 9.507112
11000 17.070288 9.526264
11010 17.058187 8.315827
11020 17.046445 8.627697
11030 17.032783 8.351122
11040 17.022305 8.411146
11050 17.007949 11.623731
11060 16.995243 8.570989
11070 16.985233 9.426345
11080 16.972555 10.931059
11090 16.961629 9.155636
11100 16.947086 10.681283
11110 16.936523 10.470137
11120 16.928564 8.871231
11130 16.919339 9.763461
11140 16.906011 9.746400
11150 16.894336 8.124880
11160 16.882746 9.752014
11170 16.870724 8.508228
11180 16.854787 10.724668
11190 16.846146 8.379395
11200 16.835567 8.532461
11210 16.823612 8.435280
11220 16.810906 9.966660
11230 16.800222 8.597519
11240 16.789709 9.078599
11250 16.783526 9.170865
11260 16.776867 8.356234
11270 16.774600 9.852833
11280 16.772213 8.226665
11290 16.774059 8.533470
11300 16.770161 9.614701
11310 16.769022 7.643076
11320 16.766237 9.689808
11330 16.762767 9.277771
11340 16.756386 7.943945
11350 16.743285 10.350406
11360 16.734860 8.765093
11370 16.734112 7.864147
11380 16.731093 10.228067
11390 16.730831 9.469408
11400 16.736823 8.154819
11410 16.740626 7.907289
11420 16.743800 9.483360
11430 16.744985 7.947595
11440 16.748873 10.654173
11450 16.746363 8.992303
11460 16.742077 10.189123
11470 16.741739 8.264015
11480 16.741342 8.360167
11490 16.735482 9.918008
11500 16.735164 7.247106
11510 16.735882 8.081704
11520 16.733012 10.487595
11530 16.729831 9.396143
11540 16.730361 9.227936
11550 16.727598 10.542896
11560 16.728276 8.529797
11570 16.730235 8.348252
11580 16.730497 9.695341
11590 16.732137 9.496513
11600 16.724609 8.710243
11610 16.710399 10.758326
11620 16.699071 10.153570
11630 16.687800 9.482038
11640 16.679619 10.377437
11650 16.677946 8.472548
11660 16.670272 8.323923
11670 16.657336 8.612394
11680 16.644318 8.938813
11690 16.632088 9.471900
11700 16.619046 10.174350
11710 16.606741 8.528219
11720 16.593521 8.244642
11730 16.584389 7.412041
11740 16.573359 9.682055
11750 16.562263 9.148563
11760 16.554055 8.228001
11770 16.544522 10.206931
11780 16.533894 8.951323
11790 16.523934 9.600557
11800 16.514573 8.192607
11810 16.506478 7.917809
11820 16.500266 8.311066
11830 16.493805 6.688697
11840 16.489074 9.232271
11850 16.489080 5.373461
11860 16.482470 9.124510
11870 16.470568 8.299400
11880 16.457798 9.339948
11890 16.445419 9.747726
11900 16.436735 10.606680
11910 16.426211 11.385580
11920 16.413455 8.945695
11930 16.401582 7.630027
11940 16.388911 9.673778
11950 16.378979 8.956021
11960 16.374774 7.882218
11970 16.370293 8.246204
11980 16.359811 8.590553
11990 16.347004 8.323015
12000 16.334596 8.348189
12010 16.320068 10.752791
12020 16.310256 8.772194
12030 16.303377 8.297610
12040 16.298420 9.437722
12050 16.298516 8.182639
12060 16.293754 9.989601
12070 16.288976 9.213587
12080 16.289959 8.843769
12090 16.293431 8.431536
12100 16.293515 9.293867
12110 16.293221 9.411660
12120 16.288918 9.068878
12130 16.280646 8.003629
12140 16.268885 7.634452
12150 16.257322 7.400404
12160 16.245584 8.175121
12170 16.238348 9.090191
12180 16.232380 8.108583
12190 16.220415 11.336694
12200 16.211888 9.518180
12210 16.201777 9.570799
12220 16.193930 9.144351
12230 16.185958 7.510895
12240 16.177851 7.982835
12250 16.169570 7.950869
12260 16.158273 10.224641
12270 16.146190 8.696157
12280 16.137961 8.144006
12290 16.129629 10.227639
12300 16.122794 8.646802
12310 16.115553 10.060020
12320 16.103503 8.007408
12330 16.096281 8.212270
12340 16.096301 9.167417
12350 16.100543 8.998235
12360 16.101069 8.030040
12370 16.112001 8.912057
12380 16.128486 7.828260
12390 16.140588 8.247894
12400 16.150326 8.644110
12410 16.151986 7.043155
12420 16.148427 7.525128
12430 16.147078 8.240993
12440 16.143594 8.686723
12450 16.134649 7.424003
12460 16.121241 9.951040
12470 16.111117 9.276277
12480 16.102099 7.776438
12490 16.091395 9.152035
12500 16.080537 8.953403
12510 16.073412 8.093195
12520 16.064729 9.041842
12530 16.056971 9.670240
12540 16.054178 8.121952
12550 16.048351 7.812582
12560 16.039730 7.417692
12570 16.027712 7.542426
12580 16.016821 9.201532
12590 16.005050 7.846869
12600 15.992915 10.541948
12610 15.982104 8.083647
12620 15.972676 7.947889
12630 15.971297 8.976298
12640 15.975122 9.369095
12650 15.978508 6.981684
12660 15.980477 7.806336
12670 15.980531 7.167964
12680 15.980900 7.337012
12690 15.980309 6.937397
12700 15.977099 7.756214
12710 15.971024 9.330296
12720 15.963570 9.899284
12730 15.955445 8.049780
12740 15.950052 6.391726
12750 15.943642 10.396087
12760 15.944545 8.706859
12770 15.944858 7.359320
12780 15.943847 8.869840
12790 15.944183 10.109682
12800 15.944699 8.734854
12810 15.939409 9.586498
12820 15.930735 8.013359
12830 15.919878 8.596450
12840 15.909088 6.818065
12850 15.904985 7.793653
12860 15.907651 6.579565
12870 15.905016 7.519368
12880 15.903520 8.239872
12890 15.903474 7.860692
12900 15.896952 9.631791
12910 15.888494 8.982483
12920 15.882330 6.671564
12930 15.875634 9.854567
12940 15.870839 8.543225
12950 15.860513 9.679878
12960 15.851275 8.653169
12970 15.844310 8.325114
12980 15.834607 8.534917
12990 15.823495 8.095688
13000 15.814999 8.587683
13010 15.809341 9.425503
13020 15.799729 7.487219
13030 15.792404 8.278818
13040 15.782151 9.668284
13050 15.772618 7.610414
13060 15.764293 5.839135
13070 15.752743 7.549150
13080 15.742483 8.060702
13090 15.734032 8.486297
13100 15.723574 8.607606
13110 15.719844 7.820220
13120 15.718409 7.514880
13130 15.712221 7.988723
13140 15.704112 9.109142
13150 15.699802 7.755459
13160 15.689903 7.006314
13170 15.679172 7.873981
13180 15.668020 9.590110
13190 15.661872 7.084922
13200 15.660628 8.127099
13210 15.654248 7.849323
13220 15.642478 7.551861
13230 15.631590 7.513927
13240 15.623968 8.654069
13250 15.618108 9.555947
13260 15.615638 8.893875
13270 15.615202 8.580872
13280 15.613926 8.374588
13290 15.617272 7.713750
13300 15.621945 8.018577
13310 15.630488 7.121723
13320 15.637804 7.492545
13330 15.643388 8.203750
13340 15.658567 7.397941
13350 15.672394 7.888872
13360 15.680467 7.173310
13370 15.684370 9.787956
13380 15.690429 7.259536
13390 15.693765 8.002349
13400 15.692084 7.096934
13410 15.686786 7.759623
13420 15.681377 8.764264
13430 15.672162 9.867734
13440 15.663565 6.976609
13450 15.656303 7.880253
13460 15.653432 10.007275
13470 15.656987 9.334897
13480 15.659554 7.309552
13490 15.658672 7.343570
13500 15.653970 9.244251
13510 15.648285 7.377203
13520 15.642324 9.337986
13530 15.634952 6.774492
13540 15.626496 8.214928
13550 15.622603 7.967396
13560 15.621914 7.878660
13570 15.625170 7.669842
13580 15.628068 7.373694
13590 15.622695 7.337610
13600 15.611596 8.973718
13610 15.601981 8.972962
13620 15.592668 7.903223
13630 15.583583 7.439573
13640 15.574306 9.094336
13650 15.568598 8.095748
13660 15.560852 7.342017
13670 15.552412 7.078935
13680 15.542561 9.006026
13690 15.531631 9.546865
13700 15.522029 9.266324
13710 15.511573 6.307776
13720 15.502483 8.428167
13730 15.495429 8.586611
13740 15.490314 8.923316
13750 15.485443 7.584723
13760 15.483334 6.538818
13770 15.481107 9.351093
13780 15.473063 7.812985
13790 15.463373 7.803834
13800 15.452666 6.431392
13810 15.444240 7.150863
13820 15.434632 7.829323
13830 15.426077 8.957483
13840 15.420903 7.316249
13850 15.418334 7.244263
13860 15.412248 7.832477
13870 15.406537 8.669810
13880 15.401213 7.840391
13890 15.393469 8.763138
13900 15.384216 10.037546
13910 15.375098 6.728559
13920 15.367529 8.476689
13930 15.363802 6.878538
13940 15.360496 8.207391
13950 15.361019 6.879311
13960 15.360894 8.911141
13970 15.360238 8.679927
13980 15.366084 7.867752
13990 15.370663 7.604537
14000 15.373290 7.403889
14010 15.374911 5.877702
14020 15.370979 7.620717
14030 15.366926 9.347687
14040 15.361506 8.588256
14050 15.353002 10.084715
14060 15.343971 7.698935
14070 15.333986 9.600948
14080 15.323896 8.483969
14090 15.322891 7.281222
14100 15.323647 7.608544
14110 15.322901 6.375383
14120 15.319710 8.844084
14130 15.314378 8.438621
14140 15.312984 10.123240
14150 15.313023 8.377821
14160 15.313220 8.576308
14170 15.311904 9.374233
14180 15.311780 8.664321
14190 15.310149 7.342226
14200 15.311556 6.137967
14210 15.315217 8.797502
14220 15.317989 8.731333
14230 15.314958 7.700440
14240 15.306882 7.356208
14250 15.299195 7.167322
14260 15.294683 9.046289
14270 15.291299 8.232422
14280 15.290304 7.582492
14290 15.287613 7.926865
14300 15.287697 6.650899
14310 15.290470 8.753579
14320 15.295417 7.558860
14330 15.298351 9.165778
14340 15.301213 7.602003
14350 15.303396 8.781607
14360 15.305873 7.996036
14370 15.310099 9.966774
14380 15.318480 5.597985
14390 15.330083 8.170446
14400 15.351683 7.731098
14410 15.376291 8.385165
14420 15.402337 7.512833
14430 15.429370 7.498805
14440 15.458958 5.810432
14450 15.483081 6.820139
14460 15.503391 9.267655
14470 15.520581 8.592755
14480 15.541038 8.005684
14490 15.562991 6.614602
14500 15.580392 7.696599
14510 15.598162 9.025452
14520 15.619568 7.010892
14530 15.635739 9.214752
14540 15.650084 8.713593
14550 15.667165 7.621211
14560 15.682891 8.677813
14570 15.693103 7.787270
14580 15.690963 9.722287
14590 15.693595 7.933195
14600 15.699352 7.942699
14610 15.697876 9.721962
14620 15.700383 7.924686
14630 15.699338 8.801255
14640 15.702659 7.214450
14650 15.710292 8.095358
14660 15.724046 7.712864
14670 15.740733 7.810569
14680 15.754746 6.366010
14690 15.762430 7.787085
14700 15.770716 9.992088
14710 15.780549 9.081201
14720 15.789055 8.588285
14730 15.796162 7.823793
14740 15.797850 7.629657
14750 15.794271 10.150464
14760 15.794738 6.824589
14770 15.798219 6.806577
14780 15.799342 7.710469
14790 15.796192 9.313685
14800 15.795560 8.996635
14810 15.798041 9.786935
14820 15.797266 8.748701
14830 15.798831 9.367184
14840 15.804890 7.502946
14850 15.808185 7.331680
14860 15.818692 9.145018
14870 15.835697 6.819388
14880 15.846066 8.277691
14890 15.851621 5.716799
14900 15.854769 8.297153
14910 15.861750 8.653073
14920 15.867967 9.805355
14930 15.871130 7.235767
14940 15.868312 6.813743
14950 15.863160 8.816941
14960 15.854805 11.517385
14970 15.848598 7.779114
14980 15.839626 7.916792
14990 15.830442 8.075088
15000 15.820332 8.087171
15010 15.811756 9.003654
15020 15.805740 7.356001
15030 15.800656 8.697432
15040 15.789368 11.011405
15050 15.781493 6.808339
15060 15.774013 7.017141
15070 15.764724 8.794228
15080 15.755492 7.679505
15090 15.746751 7.329626
15100 15.738433 7.215053
15110 15.730043 9.621230
15120 15.720638 7.794940
15130 15.712469 7.941208
15140 15.702459 7.642530
15150 15.692776 8.914737
15160 15.684131 8.801808
15170 15.674227 9.197439
15180 15.665129 7.887523
15190 15.660416 7.881524
15200 15.658218 7.738591
15210 15.653359 8.538906
15220 15.651733 8.577898
15230 15.649467 8.632208
15240 15.648032 6.485307
15250 15.645959 7.477252
15260 15.646716 8.908472
15270 15.644635 7.591565
15280 15.641214 9.124848
15290 15.636993 7.864132
15300 15.630757 9.111380
15310 15.626428 8.590062
15320 15.623645 7.328029
15330 15.622387 7.124747
15340 15.622591 9.316403
15350 15.622281 7.699063
15360 15.623544 8.481480
15370 15.626974 9.141712
15380 15.636525 7.474539
15390 15.650570 9.626798
15400 15.667869 8.196501
15410 15.686084 8.186157
15420 15.703550 7.829895
15430 15.720394 8.789221
15440 15.740433 7.665772
15450 15.760394 10.525273
15460 15.780561 7.965758
15470 15.802348 8.866908
15480 15.825380 7.703770
15490 15.854856 9.176453
15500 15.883295 9.400154
15510 15.916825 8.099554
15520 15.950771 8.593811
15530 15.980008 7.388375
15540 16.006563 8.245104
15550 16.035294 7.570712
15560 16.067406 8.785330
15570 16.101667 8.800899
15580 16.141055 9.020815
15590 16.178487 9.194300
15600 16.217742 8.851171
15610 16.260038 10.167015
15620 16.298650 7.768625
15630 16.335130 8.236353
15640 16.369182 9.214299
15650 16.400723 8.400571
15660 16.436500 6.674015
15670 16.458730 10.207353
15680 16.483470 7.406506
15690 16.506926 8.585352
15700 16.532105 7.529866
15710 16.555165 8.859204
15720 16.582523 8.284702
15730 16.607205 8.191964
15740 16.634529 8.476181
15750 16.661108 8.313552
15760 16.686446 11.875469
15770 16.709603 8.469766
15780 16.728393 8.237895
15790 16.743575 7.531159
15800 16.752557 8.355350
15810 16.757422 8.433979
15820 16.762663 8.527132
15830 16.764369 7.751113
15840 16.764997 9.570356
15850 16.762598 8.638055
15860 16.758849 10.299122
15870 16.758156 10.187157
15880 16.757814 8.573723
15890 16.757612 8.646062
15900 16.757602 8.550642
15910 16.758409 7.988056
15920 16.757599 9.099062
15930 16.752498 8.545411
15940 16.742890 10.542930
15950 16.736461 8.404172
15960 16.731080 8.370142
15970 16.727669 8.747003
15980 16.721342 8.248992
15990 16.711670 7.486940
16000 16.702288 10.056571
16010 16.692918 7.665377
16020 16.683230 9.186105
16030 16.676960 8.347425
16040 16.670123 9.019406
16050 16.663109 8.226304
16060 16.654693 9.962100
16070 16.649035 7.996190
16080 16.640366 8.250100
16090 16.631849 8.059357
16100 16.628828 8.604499
16110 16.626192 8.149904
16120 16.624667 7.998864
16130 16.623795 8.917844
16140 16.619294 8.379657
16150 16.610415 9.494925
16160 16.600563 9.904692
16170 16.591935 8.405733
16180 16.582657 9.406716
16190 16.575506 8.212975
16200 16.571000 9.470717
16210 16.569768 11.580787
16220 16.569518 8.229620
16230 16.567994 7.900362
16240 16.564404 9.377780
16250 16.561408 8.198316
16260 16.553603 9.784748
16270 16.544541 10.940162
16280 16.536750 10.587602
16290 16.530830 9.451180
16300 16.521857 8.165638
16310 16.514041 8.523589
16320 16.507366 9.128797
16330 16.498534 9.556260
16340 16.491462 9.648524
16350 16.489501 10.230799
16360 16.485872 6.472369
16370 16.477926 7.079595
16380 16.469903 9.124384
16390 16.465082 9.243326
16400 16.459021 8.108219
16410 16.450921 7.918017
16420 16.442550 9.923904
16430 16.434494 8.539544
16440 16.429509 8.802075
16450 16.424900 8.385816
16460 16.418710 8.224072
16470 16.415244 7.830188
16480 16.414458 8.361353
16490 16.410883 9.654763
16500 16.410358 8.022637
16510 16.410023 9.050734
16520 16.408493 9.567712
16530 16.411470 10.506181
16540 16.419760 8.211426
16550 16.424776 8.193273
16560 16.430495 8.572209
16570 16.431529 9.571251
16580 16.430515 8.864446
16590 16.425764 9.540764
16600 16.424020 9.508798
16610 16.421728 9.421889
16620 16.414545 9.539349
16630 16.409886 9.073533
16640 16.408885 10.453470
16650 16.415085 7.330959
16660 16.422317 8.175614
16670 16.428447 8.267393
16680 16.428633 8.488280
16690 16.428440 10.541368
16700 16.424252 9.793256
16710 16.415393 9.077234
16720 16.409476 7.088056
16730 16.403324 8.891829
16740 16.397565 9.033708
16750 16.390266 8.189250
16760 16.388310 9.123680
16770 16.386992 6.270223
16780 16.383456 9.533682
16790 16.377712 8.068215
16800 16.372958 9.250707
16810 16.370650 10.329072
16820 16.365277 10.020683
16830 16.361437 7.383737
16840 16.356526 9.051289
16850 16.350096 8.566491
16860 16.343009 8.859294
16870 16.335781 7.478273
16880 16.327428 7.376540
16890 16.319633 7.928655
16900 16.313344 8.896576
16910 16.306863 9.025015
16920 16.303046 9.022451
16930 16.297160 7.534318
16940 16.290839 8.463742
16950 16.281752 8.982444
16960 16.275420 8.128190
16970 16.266470 9.507815
16980 16.258112 10.676216
16990 16.254654 7.360611
17000 16.253427 8.692556
17010 16.253834 10.119194
17020 16.258596 8.779844
17030 16.267799 8.059407
17040 16.276179 8.438133
17050 16.282266 7.422938
17060 16.285807 8.503859
17070 16.286962 8.549380
17080 16.287802 9.448272
17090 16.290103 8.777765
17100 16.297500 8.999997
17110 16.305744 6.185133
17120 16.307973 7.706453
17130 16.313347 10.005134
17140 16.318850 7.939093
17150 16.322759 9.154134
17160 16.325071 7.894100
17170 16.326637 9.639817
17180 16.331176 9.008871
17190 16.340159 9.550529
17200 16.345276 9.711475
17210 16.350279 8.314320
17220 16.358811 8.440220
17230 16.365930 9.563543
17240 16.369146 9.953718
17250 16.370736 8.028946
17260 16.366759 8.076236
17270 16.358471 9.022404
17280 16.349778 8.373492
17290 16.344384 7.292001
17300 16.339784 7.824279
17310 16.334639 7.884869
17320 16.329941 8.426699
17330 16.326706 9.592207
17340 16.326847 8.733689
17350 16.327446 8.638249
17360 16.330650 9.852381
17370 16.334440 7.714153
17380 16.339792 6.788325
17390 16.342991 9.143316
17400 16.348917 8.148904
17410 16.354228 8.097822
17420 16.354293 9.780500
17430 16.351758 8.504710
17440 16.343568 8.067673
17450 16.337783 9.397675
17460 16.337077 7.825714
17470 16.338981 8.952343
17480 16.339293 9.123326
17490 16.339721 7.795593
17500 16.342538 9.906153
17510 16.343585 8.362344
17520 16.346336 8.269696
17530 16.352827 9.584998
17540 16.363004 8.142704
17550 16.372008 7.149183
17560 16.378701 9.500208
17570 16.383997 7.329241
17580 16.389080 7.457864
17590 16.390169 8.117393
17600 16.385763 6.766218
17610 16.379450 7.559002
17620 16.373256 9.280554
17630 16.366310 9.841814
17640 16.360431 8.890086
17650 16.350170 11.874578
17660 16.344278 8.103491
17670 16.334633 11.637235
17680 16.328472 9.916626
17690 16.327646 8.373575
17700 16.326357 7.166139
17710 16.322354 9.233281
17720 16.318682 8.701736
17730 16.316831 8.935005
17740 16.316194 7.731071
17750 16.314585 8.975154
17760 16.316715 8.282410
17770 16.318734 8.277902
17780 16.319403 9.382036
17790 16.325311 9.218263
17800 16.331635 11.095033
17810 16.337032 5.964520
17820 16.340674 9.953213
17830 16.341118 8.982252
17840 16.342896 7.298480
17850 16.344083 8.093752
17860 16.345822 8.020367
17870 16.343564 9.191725
17880 16.340352 7.528166
17890 16.338363 9.560149
17900 16.342713 9.388383
17910 16.354860 9.122097
17920 16.366517 8.046260
17930 16.373257 7.748607
17940 16.376974 8.841882
17950 16.377799 7.289262
17960 16.375341 10.851276
17970 16.370533 8.817708
17980 16.366260 8.823534
17990 16.360952 9.790404
18000 16.358041 8.422723
18010 16.356058 9.644497
18020 16.356257 9.289558
18030 16.357667 9.697110
18040 16.358083 7.175978
18050 16.357109 8.734069
18060 16.356072 8.809907
18070 16.352642 8.452010
18080 16.346096 8.395979
18090 16.338680 7.209962
18100 16.331129 11.576466
18110 16.328166 9.844630
18120 16.329549 7.960768
18130 16.334195 9.613097
18140 16.335594 8.481560
18150 16.337715 8.366067
18160 16.343713 8.802151
18170 16.354377 10.550711
18180 16.364383 7.109386
18190 16.372232 7.945443
18200 16.381572 7.706470
18210 16.387226 9.468958
18220 16.392408 9.206130
18230 16.402518 8.987040
18240 16.418265 10.158363
18250 16.436321 9.844735
18260 16.456354 8.316004
18270 16.479295 8.059810
18280 16.502700 8.770128
18290 16.526396 6.125909
18300 16.546300 7.834583
18310 16.566576 9.670270
18320 16.589610 9.115073
18330 16.618002 9.490677
18340 16.647977 10.421185
18350 16.676416 9.127216
18360 16.706016 7.883445
18370 16.734250 8.291580
18380 16.761777 9.671382
18390 16.787410 8.975367
18400 16.814921 8.187210
18410 16.843631 9.132078
18420 16.870448 10.534331
18430 16.894472 9.458886
18440 16.918976 8.779727
18450 16.942337 9.738341
18460 16.967685 9.880004
18470 16.996265 9.339726
18480 17.028133 9.752181
18490 17.061200 8.649994
18500 17.098536 8.220898
18510 17.130665 9.048912
18520 17.165540 8.598824
18530 17.203834 9.370672
18540 17.244383 8.134372
18550 17.288198 9.681458
18560 17.334418 7.046573
18570 17.380296 8.174932
18580 17.427627 6.974981
18590 17.472948 11.331275
18600 17.514365 10.357991
18610 17.567572 9.558465
18620 17.621697 9.362963
18630 17.676788 9.126378
18640 17.737046 11.430729
18650 17.794270 8.653108
18660 17.850021 9.966402
18670 17.905673 9.214047
18680 17.958774 9.088677
18690 18.014075 9.049666
18700 18.069622 7.301804
18710 18.118416 8.039710
18720 18.178189 7.610868
18730 18.229800 8.139916
18740 18.286059 9.836442
18750 18.341042 8.966004
18760 18.391216 8.997604
18770 18.439957 10.361928
18780 18.486104 10.875131
18790 18.538662 9.207984
18800 18.588996 8.947807
18810 18.642696 10.136625
18820 18.697605 10.166361
18830 18.752586 8.001768
18840 18.805141 9.711444
18850 18.859980 10.793291
18860 18.922918 10.784452
18870 18.983793 7.793700
18880 19.037195 10.147970
18890 19.090893 10.585280
18900 19.144563 10.360471
18910 19.200815 9.535269
18920 19.258372 10.497347
18930 19.317039 9.709027
18940 19.378007 10.529559
18950 19.444389 10.662469
18960 19.508422 9.635862
18970 19.573286 11.525665
18980 19.638552 10.817845
18990 19.695693 9.494772
19000 19.753054 11.286591
19010 19.809690 11.224185
19020 19.859426 9.002353
19030 19.914206 9.607588
19040 19.960996 11.327181
19050 20.005856 10.058116
19060 20.054296 9.959533
19070 20.096658 9.083168
19080 20.136955 11.535852
19090 20.183615 9.969135
19100 20.226573 11.865660
19110 20.273261 9.062289
19120 20.314007 12.175486
19130 20.353173 10.490850
19140 20.391395 10.976326
19150 20.426642 9.746850
19160 20.456801 10.557964
19170 20.490791 11.235776
19180 20.528363 11.410488
19190 20.563855 11.149997
19200 20.598093 9.243303
19210 20.627545 8.654368
19220 20.653512 11.323221
19230 20.683488 11.583051
19240 20.718001 11.340846
19250 20.755955 12.401678
19260 20.800684 12.818824
19270 20.831892 10.315041
19280 20.868397 12.118808
19290 20.901150 11.807389
19300 20.938823 11.674806
19310 20.973936 11.388246
19320 21.010419 10.406583
19330 21.048769 11.671824
19340 21.083991 9.262924
19350 21.115997 10.714010
19360 21.145744 10.422535
19370 21.169851 11.909916
19380 21.194389 10.386908
19390 21.217681 10.844579
19400 21.234867 13.073548
19410 21.250654 10.638938
19420 21.265725 11.667485
19430 21.275035 9.465560
19440 21.280893 12.740463
19450 21.288485 11.246544
19460 21.300553 10.837530
19470 21.309725 11.332879
19480 21.318605 11.457877
19490 21.325567 10.491389
19500 21.330807 10.885717
19510 21.337610 12.136269
19520 21.343265 10.540439
19530 21.344025 11.084167
19540 21.346265 11.250037
19550 21.348193 13.044559
19560 21.354749 10.851445
19570 21.356343 11.849826
19580 21.358791 10.707186
19590 21.357753 10.937034
19600 21.354556 11.461214
19610 21.346480 10.398149
19620 21.336558 10.696493
19630 21.327123 10.489791
19640 21.318615 10.935485
19650 21.309885 11.430070
19660 21.302233 10.937532
19670 21.293008 10.559384
19680 21.283928 11.326033
19690 21.274288 10.785155
19700 21.264540 11.598970
19710 21.254869 11.167416
19720 21.244676 11.501358
19730 21.235698 11.860426
19740 21.225960 10.694224
19750 21.216150 13.307396
19760 21.208328 11.008742
19770 21.200141 10.725310
19780 21.192755 10.396502
19790 21.183301 12.851428
19800 21.179715 10.749258
19810 21.178219 10.738782
19820 21.176916 11.234655
19830 21.172684 9.924453
19840 21.168361 10.505912
19850 21.162736 10.533093
19860 21.154963 9.999057
19870 21.147277 10.278249
19880 21.138680 10.401787
19890 21.133549 10.834831
19900 21.128910 11.476401
19910 21.123548 10.943686
19920 21.115534 9.854817
19930 21.107335 11.763878
19940 21.101983 11.049544
19950 21.095493 9.727499
19960 21.085877 12.463423
19970 21.076074 10.420837
19980 21.066385 8.568343
19990 21.057597 11.977541
20000 21.049161 10.178333
20010 21.042220 10.652809
20020 21.036031 9.709705
20030 21.031029 11.644601
20040 21.027736 10.841495
20050 21.023292 10.516496
20060 21.020999 10.429060
20070 21.021266 10.303154
20080 21.021460 10.330992
20090 21.018203 10.799054
20100 21.016275 11.688946
20110 21.014806 10.946698
20120 21.013308 10.181328
20130 21.015214 10.099716
20140 21.020666 10.353522
20150 21.023088 9.122915
20160 21.024354 12.402818
20170 21.025320 10.727412
20180 21.024800 10.562024
20190 21.024234 11.706927
20200 21.022379 11.776941
20210 21.019583 11.303206
20220 21.015303 10.100419
20230 21.006737 10.485565
20240 20.996768 12.170195
20250 20.989409 10.413007
20260 20.981159 11.955735
20270 20.975585 10.821527
20280 20.970913 10.591529
20290 20.963511 10.501034
20300 20.955716 11.079173
20310 20.949647 11.825215
20320 20.943674 10.044405
20330 20.939131 10.436493
20340 20.931996 11.447666
20350 20.923052 11.283264
20360 20.914766 10.810875
20370 20.907450 9.345839
20380 20.901167 9.090293
20390 20.891648 11.473856
20400 20.884020 10.474863
20410 20.877741 11.614685
20420 20.869776 11.530124
20430 20.861929 10.457691
20440 20.854504 10.684319
20450 20.847106 11.185706
20460 20.837772 10.324467
20470 20.828269 11.974426
20480 20.825191 9.308602
20490 20.818994 11.464669
20500 20.813100 11.645220
20510 20.810925 10.803208
20520 20.812002 10.283209
20530 20.814459 11.167564
20540 20.818275 11.387875
20550 20.819299 11.439107
20560 20.822873 8.837564
20570 20.827293 10.844757
20580 20.828142 12.592386
20590 20.825870 11.335380
20600 20.821374 7.014525
20610 20.814346 10.134490
20620 20.807873 10.265437
20630 20.800201 11.290306
20640 20.793123 9.364433
20650 20.784103 10.538338
20660 20.776451 11.596389
20670 20.768979 11.192595
20680 20.759993 12.832463
20690 20.751426 11.325901
20700 20.742288 10.641732
20710 20.735748 10.490225
20720 20.736541 9.488982
20730 20.734657 11.580730
20740 20.734049 11.662901
20750 20.735609 10.178171
20760 20.737979 10.764315
20770 20.738488 12.129957
20780 20.736425 10.265888
20790 20.733045 12.526907
20800 20.734376 11.639148
20810 20.736225 9.457883
20820 20.736377 12.192161
20830 20.737037 10.375662
20840 20.736127 11.193515
20850 20.732662 11.851461
20860 20.727615 9.863583
20870 20.721405 10.382503
20880 20.713050 11.881830
20890 20.707112 11.191904
20900 20.700101 11.166620
20910 20.692911 11.363683
20920 20.684868 11.515327
20930 20.677284 8.712179
20940 20.669675 10.741390
20950 20.662151 12.001672
20960 20.655734 10.092592
20970 20.648527 12.139542
20980 20.642074 10.652136
20990 20.634986 10.956789
21000 20.625448 9.572421
21010 20.617609 10.175059
21020 20.611377 11.526801
21030 20.604645 11.392488
21040 20.597519 9.570719
21050 20.592461 10.599557
21060 20.586468 10.610109
21070 20.581088 9.885668
21080 20.575716 11.911086
21090 20.572872 10.299994
21100 20.569920 9.820526
21110 20.569275 11.953533
21120 20.569234 11.035746
21130 20.570125 11.034549
21140 20.573442 10.596831
21150 20.575924 11.209460
21160 20.573133 11.623421
21170 20.569912 11.689270
21180 20.568448 8.625374
21190 20.568922 10.030209
21200 20.565981 10.623390
21210 20.558145 10.105223
21220 20.548987 9.754952
21230 20.540379 11.195262
21240 20.531747 10.941068
21250 20.523800 10.358212
21260 20.514123 12.872837
21270 20.507800 10.653135
21280 20.499968 9.922366
21290 20.491715 10.460257
21300 20.486788 11.582348
21310 20.491362 10.522657
21320 20.497371 10.715186
21330 20.503655 10.570180
21340 20.507019 9.837468
21350 20.510402 12.088049
21360 20.513154 9.840300
21370 20.513277 9.537727
21380 20.513597 10.561088
21390 20.517799 10.470287
21400 20.515923 10.208759
21410 20.510009 9.983346
21420 20.502412 11.696571
21430 20.494558 11.117753
21440 20.485505 11.000473
21450 20.480260 9.723577
21460 20.475335 9.969666
21470 20.471129 10.432178
21480 20.466586 9.432899
21490 20.459122 11.468307
21500 20.455462 9.597375
21510 20.449266 9.838781
21520 20.440498 10.177935
21530 20.431191 9.257386
21540 20.423592 12.161069
21550 20.414655 11.346908
21560 20.406712 11.756173
21570 20.401516 11.249534
21580 20.396667 11.079067
21590 20.389284 11.841136
21600 20.380521 11.514196
21610 20.372401 10.066126
21620 20.364853 9.842723
21630 20.358417 9.541724
21640 20.351932 10.266499
21650 20.344724 12.395390
21660 20.339819 10.312936
21670 20.332646 10.969980
21680 20.326852 9.555315
21690 20.322894 11.762956
21700 20.314728 9.833511
21710 20.306280 11.131639
21720 20.298033 9.996792
21730 20.290020 11.680916
21740 20.282294 10.404679
21750 20.278056 11.716558
21760 20.273222 9.421166
21770 20.265289 12.702957
21780 20.256943 10.863908
21790 20.248079 12.054068
21800 20.239874 10.446385
21810 20.231051 9.209833
21820 20.223112 10.356367
21830 20.217216 10.365232
21840 20.214921 9.715272
21850 20.211952 11.865060
21860 20.211326 11.802360
21870 20.208998 11.286867
21880 20.203092 11.137862
21890 20.193552 12.194414
21900 20.187333 11.520267
21910 20.180151 11.740283
21920 20.172628 13.067795
21930 20.166548 11.013479
21940 20.157978 12.855789
21950 20.153337 11.569739
21960 20.151090 10.991174
21970 20.152352 10.534837
21980 20.155037 11.119473
21990 20.159963 10.027697
22000 20.164586 10.954574
22010 20.168228 9.340772
22020 20.173563 9.952009
22030 20.176174 9.879655
22040 20.178648 10.787304
22050 20.178750 10.930222
22060 20.178298 10.486085
22070 20.179232 9.679663
22080 20.176567 10.967368
22090 20.172478 11.336177
22100 20.170091 11.310713
22110 20.166300 11.084154
22120 20.160420 10.164521
22130 20.153819 10.966166
22140 20.149006 10.472480
22150 20.146885 10.887507
22160 20.144848 9.291781
22170 20.142493 11.458760
22180 20.143200 10.009691
22190 20.142481 10.309914
22200 20.142309 8.972299
22210 20.147424 11.493807
22220 20.153501 11.878413
22230 20.157223 8.683014
22240 20.157645 10.513354
22250 20.157534 8.784103
22260 20.156719 11.446841
22270 20.154444 11.228401
22280 20.148518 11.439711
22290 20.142525 9.934571
22300 20.135450 10.211374
22310 20.127779 10.225115
22320 20.119564 12.051981
22330 20.112677 10.272660
22340 20.104920 11.814658
22350 20.098715 9.611540
22360 20.091843 9.873763
22370 20.083564 11.173345
22380 20.075564 11.081133
22390 20.068126 11.632027
22400 20.060235 9.007871
22410 20.053208 11.162620
22420 20.047303 10.807296
22430 20.040101 9.345774
22440 20.033754 9.905621
22450 20.027832 12.308145
22460 20.023516 10.876694
22470 20.020302 8.951777
22480 20.013496 11.594671
22490 20.011922 10.197148
22500 20.008668 9.825801
22510 20.006705 9.876167
22520 20.003338 10.576821
22530 19.995852 10.095791
22540 19.987439 12.387028
22550 19.979550 11.616967
22560 19.972471 11.357741
22570 19.964958 13.716014
22580 19.957332 11.338993
22590 19.950529 10.761463
22600 19.944323 10.885084
22610 19.937039 9.966973
22620 19.928878 9.617203
22630 19.921686 10.889133
22640 19.914710 11.340625
22650 19.913372 9.479187
22660 19.910907 10.627490
22670 19.902984 9.980695
22680 19.894262 10.836031
22690 19.885666 9.410656
22700 19.878674 11.324189
22710 19.871396 9.660065
22720 19.863099 10.573214
22730 19.855428 10.310410
22740 19.848919 10.325106
22750 19.841209 9.613692
22760 19.833868 10.962235
22770 19.826533 11.032207
22780 19.820898 9.704938
22790 19.813130 12.122576
22800 19.805653 11.068148
22810 19.798097 10.509485
22820 19.791026 10.823567
22830 19.783217 11.661391
22840 19.776147 11.052960
22850 19.769667 10.281738
22860 19.763169 12.614191
22870 19.757444 11.455510
22880 19.752273 9.797073
22890 19.746903 12.054484
22900 19.746851 9.133164
22910 19.750635 9.813868
22920 19.756237 11.547311
22930 19.758363 7.512974
22940 19.755526 9.451929
22950 19.751494 12.711897
22960 19.749457 10.613500
22970 19.748158 10.115417
22980 19.750029 9.512037
22990 19.755338 10.277425
23000 19.765404 10.597649
23010 19.774745 9.734840
23020 19.783110 11.696468
23030 19.787906 11.068899
23040 19.796697 11.262656
23050 19.807350 10.562555
23060 19.816798 11.429263
23070 19.826301 11.227457
23080 19.838437 9.942616
23090 19.848854 10.114859
23100 19.859468 10.175529
23110 19.869926 10.593719
23120 19.877783 9.726721
23130 19.886607 10.830250
23140 19.895176 11.753327
23150 19.901867 10.851502
23160 19.911576 10.874839
23170 19.922705 10.071621
23180 19.933616 9.317969
23190 19.944744 9.437858
23200 19.954575 11.637853
23210 19.967143 10.876258
23220 19.980473 10.823413
23230 19.994909 8.458143
23240 20.008754 10.113023
23250 20.019296 8.985629
23260 20.023946 11.132274
23270 20.025256 10.054737
23280 20.025279 11.303271
23290 20.027223 9.974892
23300 20.027191 10.076515
23310 20.024639 11.046400
23320 20.021291 10.500429
23330 20.015123 12.191333
23340 20.008685 10.434128
23350 20.000865 11.292171
23360 19.991978 11.809941
23370 19.987165 10.827299
23380 19.983494 11.147892
23390 19.980076 10.910628
23400 19.978789 9.405185
23410 19.973374 9.766595
23420 19.965151 11.107097
23430 19.957572 11.699191
23440 19.950952 11.779892
23450 19.945518 12.052111
23460 19.937473 12.110295
23470 19.931285 10.240581
23480 19.923583 10.373527
23490 19.918678 10.289241
23500 19.914184 11.821634
23510 19.911497 11.193594
23520 19.907993 8.858801
23530 19.905273 10.135077
23540 19.907755 10.220049
23550 19.914347 11.171964
23560 19.921990 9.245182
23570 19.930071 9.914346
23580 19.938975 10.870615
23590 19.947169 9.823921
23600 19.953790 10.694781
23610 19.963091 9.951537
23620 19.968757 10.269516
23630 19.974802 9.318907
23640 19.980525 9.740421
23650 19.981448 10.570740
23660 19.981345 9.168653
23670 19.980983 10.284523
23680 19.977776 10.188077
23690 19.972786 10.651360
23700 19.967102 11.682056
23710 19.964297 9.817299
23720 19.958332 11.111085
23730 19.950774 9.899180
23740 19.942877 8.917125
23750 19.936035 11.280664
23760 19.928668 9.898267
23770 19.921436 10.725473
23780 19.914989 9.995507
23790 19.909188 11.815982
23800 19.905130 11.253379
23810 19.899276 10.547938
23820 19.891517 11.687777
23830 19.886037 11.463983
23840 19.880149 10.071471
23850 19.874281 12.141119
23860 19.868968 11.189209
23870 19.863801 10.238373
23880 19.856688 11.518302
23890 19.851630 10.656083
23900 19.843029 12.247227
23910 19.835837 10.982482
23920 19.829217 11.022496
23930 19.821057 9.394479
23940 19.814145 11.087156
23950 19.807401 10.650872
23960 19.800422 8.797116
23970 19.792828 12.211645
23980 19.785384 11.716352
23990 19.779077 10.956238
24000 19.776427 10.838419
24010 19.774682 9.709127
24020 19.770256 11.316647
24030 19.765145 11.425940
24040 19.761031 11.075229
24050 19.757964 9.038229
24060 19.755954 9.548596
24070 19.754546 10.088132
24080 19.750036 10.649227
24090 19.743756 9.051729
24100 19.737336 10.363772
24110 19.731818 10.316130
24120 19.725084 9.867934
24130 19.718561 10.589710
24140 19.711659 10.791489
24150 19.705931 11.314024
24160 19.698713 11.280191
24170 19.694683 9.913877
24180 19.688790 11.123855
24190 19.683051 10.630543
24200 19.676592 9.216358
24210 19.669040 10.629434
24220 19.661127 11.555573
24230 19.653205 11.285091
24240 19.647766 11.287003
24250 19.645036 9.898301
24260 19.639037 9.724404
24270 19.632892 9.634317
24280 19.627738 11.475218
24290 19.622172 11.331028
24300 19.617542 9.625544
24310 19.610141 10.868302
24320 19.603305 10.111159
24330 19.597378 10.066558
24340 19.590347 10.042419
24350 19.582771 11.360462
24360 19.574874 9.775868
24370 19.568057 11.902049
24380 19.560990 11.876332
24390 19.554447 11.115181
24400 19.550578 10.121068
24410 19.545928 10.976852
24420 19.540978 9.585552
24430 19.536331 10.919168
24440 19.532228 12.284764
24450 19.526550 10.368969
24460 19.521500 11.000505
24470 19.519483 10.108296
24480 19.519056 10.162545
24490 19.515596 10.893075
24500 19.511308 11.288539
24510 19.504825 9.744603
24520 19.497452 9.842006
24530 19.490173 10.583130
24540 19.483014 9.999329
24550 19.475875 10.489133
24560 19.469172 9.466187
24570 19.461546 12.040819
24580 19.455387 10.573793
24590 19.450259 8.490014
24600 19.445330 9.663099
24610 19.439733 9.272302
24620 19.434100 10.426724
24630 19.428956 11.147257
24640 19.425940 8.870725
24650 19.424536 9.512155
24660 19.422536 9.260753
24670 19.421720 10.813014
24680 19.419625 8.752087
24690 19.417392 9.667994
24700 19.413060 10.050821
24710 19.406625 10.569572
24720 19.400532 9.522970
24730 19.395746 9.352109
24740 19.388589 10.976566
24750 19.381429 11.786123
24760 19.374699 9.829727
24770 19.367514 11.216886
24780 19.361125 11.567066
24790 19.356269 10.273201
24800 19.351544 11.435405
24810 19.350097 8.470639
24820 19.351714 9.511363
24830 19.356258 12.985164
24840 19.362116 10.712152
24850 19.368286 9.769515
24860 19.375990 11.516881
24870 19.387229 10.794618
24880 19.401031 9.413063
24890 19.413053 9.820783
24900 19.424070 11.384916
24910 19.434605 9.942787
24920 19.445521 10.440341
24930 19.458048 10.376010
24940 19.470381 11.744537
24950 19.480896 10.714425
24960 19.495747 13.218686
24970 19.512819 9.637544
24980 19.534655 9.169843
24990 19.554272 10.595659
25000 19.575362 9.872162
25010 19.594265 9.830983
25020 19.613975 10.127370
25030 19.634172 10.273219
25040 19.657593 9.010197
25050 19.681981 9.994953
25060 19.705077 9.900639
25070 19.727333 13.087768
25080 19.746980 10.297563
25090 19.764517 10.277634
25100 19.779578 10.622472
25110 19.792629 9.696866
25120 19.806009 10.132689
25130 19.819010 10.075043
25140 19.830796 11.271451
25150 19.843723 10.087026
25160 19.859477 9.754623
25170 19.870691 10.623585
25180 19.879888 9.999341
25190 19.885737 10.713538
25200 19.889539 9.618034
25210 19.891733 8.913954
25220 19.890135 11.524968
25230 19.886770 10.091654
25240 19.880292 11.690685
25250 19.872997 13.596673
25260 19.867045 11.020398
25270 19.861146 11.939125
25280 19.855828 10.534334
25290 19.850519 11.270928
25300 19.843796 10.937632
25310 19.837757 10.473588
25320 19.830277 10.157768
25330 19.823850 11.024202
25340 19.819903 9.997954
25350 19.813809 10.157102
25360 19.806457 11.462477
25370 19.801698 9.469849
25380 19.795769 9.935265
25390 19.788496 10.965930
25400 19.783732 11.085190
25410 19.779476 10.029569
25420 19.774293 10.756866
25430 19.770716 9.551746
25440 19.765325 9.510463
25450 19.757851 9.928080
25460 19.750510 9.120446
25470 19.744368 9.878958
25480 19.744020 9.359963
25490 19.739361 10.264765
25500 19.735020 10.050599
25510 19.728874 10.747173
25520 19.723782 9.424198
25530 19.718750 9.692591
25540 19.711260 11.710584
25550 19.705590 10.956502
25560 19.699142 10.785106
25570 19.692793 10.938492
25580 19.691818 10.688029
25590 19.694190 10.222350
25600 19.696209 10.008781
25610 19.697144 11.205351
25620 19.699212 9.830222
25630 19.702112 9.601246
25640 19.701958 10.059241
25650 19.700906 9.619211
25660 19.699417 10.507144
25670 19.698224 11.565037
25680 19.697769 9.703221
25690 19.695057 11.309109
25700 19.691772 9.947184
25710 19.688160 9.840035
25720 19.683251 9.726034
25730 19.676404 12.702394
25740 19.671164 11.425256
25750 19.665974 11.691291
25760 19.659236 9.254693
25770 19.656086 10.576803
25780 19.652708 9.798698
25790 19.647381 10.364893
25800 19.642322 9.607024
25810 19.635551 11.534937
25820 19.629508 9.895187
25830 19.624998 11.102802
25840 19.623820 9.686984
25850 19.624980 9.179419
25860 19.628371 11.517556
25870 19.631081 9.618690
25880 19.634207 9.915782
25890 19.637923 10.542170
25900 19.640910 10.496974
25910 19.641600 10.752067
25920 19.644263 9.763959
25930 19.648504 9.992623
25940 19.651877 11.597213
25950 19.655271 11.400172
25960 19.657536 9.877746
25970 19.658042 10.895451
25980 19.659872 11.280385
25990 19.664136 9.315796
26000 19.669188 10.815567
26010 19.673006 10.158829
26020 19.678538 9.499150
26030 19.683921 9.686006
26040 19.690183 10.253429
26050 19.700112 9.510974
26060 19.708918 10.008425
26070 19.716570 10.910791
26080 19.722732 9.675719
26090 19.727556 10.145398
26100 19.729676 9.254115
26110 19.729696 10.869284
26120 19.730639 10.021669
26130 19.729674 11.871181
26140 19.727790 9.799011
26150 19.727817 11.466995
26160 19.727950 10.993267
26170 19.729000 9.904249
26180 19.730095 9.953597
26190 19.731715 9.466459
26200 19.733217 10.695373
26210 19.732399 10.723471
26220 19.732782 10.650990
26230 19.735763 9.830087
26240 19.740771 9.059148
26250 19.743178 9.911044
26260 19.742935 9.141275
26270 19.741653 11.213160
26280 19.740678 10.267900
26290 19.737150 10.314974
26300 19.734486 9.664698
26310 19.731144 10.978931
26320 19.726751 11.150942
26330 19.721783 10.288566
26340 19.718588 8.959406
26350 19.717674 10.989166
26360 19.713104 9.225988
26370 19.708645 10.165057
26380 19.701371 10.051784
26390 19.694693 10.646935
26400 19.688661 11.512392
26410 19.687453 10.841052
26420 19.688912 10.161472
26430 19.688995 11.460676
26440 19.688619 10.637868
26450 19.691010 10.269535
26460 19.696408 9.728864
26470 19.701033 10.460968
26480 19.706138 10.519409
26490 19.711096 11.443836
26500 19.714501 8.790460
26510 19.718554 11.134849
26520 19.726553 9.457514
26530 19.732818 10.690390
26540 19.735599 9.603245
26550 19.738222 9.715735
26560 19.740719 9.999907
26570 19.740113 10.852348
26580 19.740919 9.849612
26590 19.741129 9.959129
26600 19.742402 9.888806
26610 19.742910 10.183184
26620 19.743815 10.494800
26630 19.744829 11.725326
26640 19.746380 8.559466
26650 19.748751 9.909184
26660 19.753056 9.654163
26670 19.758694 10.192022
26680 19.765335 8.160408
26690 19.769812 10.684281
26700 19.772743 9.212846
26710 19.775369 10.820422
26720 19.779645 10.243432
26730 19.785117 11.145413
26740 19.791233 11.022334
26750 19.796964 12.063645
26760 19.802675 11.238371
26770 19.806746 10.875791
26780 19.809499 10.847936
26790 19.811293 10.627884
26800 19.815625 9.626511
26810 19.820532 9.718716
26820 19.827246 10.060302
26830 19.829211 10.878903
26840 19.831216 11.130919
26850 19.832633 10.121045
26860 19.829801 9.342965
26870 19.823652 10.283202
26880 19.818306 10.064807
26890 19.814553 8.712698
26900 19.811584 10.759874
26910 19.806305 9.926562
26920 19.800646 8.994043
26930 19.794724 12.023614
26940 19.788387 8.748284
26950 19.782516 10.814371
26960 19.777450 11.496284
26970 19.771962 10.682986
26980 19.770329 10.071222
26990 19.770994 9.886896
27000 19.770399 10.123905
27010 19.769208 8.169751
27020 19.765728 11.030176
27030 19.760247 8.767885
27040 19.754791 10.155981
27050 19.749449 11.120808
27060 19.745518 8.878116
27070 19.739664 11.591478
27080 19.735105 9.993196
27090 19.730614 11.166625
27100 19.726713 10.481058
27110 19.722573 9.842927
27120 19.720796 10.928247
27130 19.723584 10.809775
27140 19.726319 10.158540
27150 19.726831 9.670658
27160 19.724556 12.369295
27170 19.720994 9.748973
27180 19.715301 11.579510
27190 19.711571 11.118839
27200 19.707512 9.915086
27210 19.703130 10.530342
27220 19.698402 11.060252
27230 19.692485 9.966200
27240 19.687310 11.028153
27250 19.683436 10.991884
27260 19.677023 12.801995
27270 19.671304 9.593346
27280 19.666537 10.999024
27290 19.659893 9.833484
27300 19.653117 11.381924
27310 19.649765 11.591983
27320 19.647632 9.377535
27330 19.646596 9.721492
27340 19.646837 11.359081
27350 19.649176 9.698160
27360 19.651178 9.876547
27370 19.652851 11.625735
27380 19.655437 10.167965
27390 19.656571 10.630704
27400 19.657639 10.852642
27410 19.659314 10.554051
27420 19.660633 8.395757
27430 19.659980 10.854265
27440 19.663065 8.387257
27450 19.666459 10.935944
27460 19.672202 11.330567
27470 19.680400 10.740230
27480 19.690148 11.144228
27490 19.699795 9.297979
27500 19.706523 11.002518
27510 19.712632 10.748583
27520 19.722436 9.951438
27530 19.730996 9.099121
27540 19.741303 12.535770
27550 19.754699 9.720745
27560 19.766405 10.599150
27570 19.779810 12.350181
27580 19.792427 10.317443
27590 19.804664 10.052544
27600 19.818242 12.215483
27610 19.830799 10.185716
27620 19.843159 11.222785
27630 19.851738 12.729012
27640 19.860272 11.325455
27650 19.869040 8.903174
27660 19.880374 11.241460
27670 19.893327 9.413497
27680 19.903302 9.710384
27690 19.911943 10.715926
27700 19.922874 10.103909
27710 19.933751 10.964195
27720 19.946775 10.340663
27730 19.959085 9.994626
27740 19.969579 9.666097
27750 19.980130 8.987827
27760 19.987504 11.237187
27770 19.993314 10.374263
27780 19.997297 12.320645
27790 20.002085 10.925201
27800 20.008789 9.988022
27810 20.015692 11.268571
27820 20.022433 11.751661
27830 20.028616 11.748184
27840 20.034364 9.886750
27850 20.040126 10.519290
27860 20.045137 11.564796
27870 20.050375 10.076618
27880 20.056775 11.528309
27890 20.062146 9.886215
27900 20.069421 10.942972
27910 20.075474 10.843047
27920 20.079012 11.339302
27930 20.082363 10.269256
27940 20.087278 10.230189
27950 20.096376 10.441910
27960 20.106958 11.441305
27970 20.121009 10.631321
27980 20.137208 12.340202
27990 20.146651 9.764690
28000 20.155221 10.096628
28010 20.163045 9.846550
28020 20.167090 9.807528
28030 20.168204 10.000747
28040 20.168606 9.335650
28050 20.169583 10.122537
28060 20.169539 9.871726
28070 20.169181 10.952600
28080 20.172789 11.981329
28090 20.177609 11.405422
28100 20.179669 11.443442
28110 20.180375 10.991084
28120 20.181733 10.031019
28130 20.179628 10.782004
28140 20.174412 9.888335
28150 20.168083 9.782695
28160 20.162118 11.121950
28170 20.155331 10.132286
28180 20.148699 11.406779
28190 20.145816 10.278039
28200 20.142338 10.116729
28210 20.138320 10.912782
28220 20.133213 11.290391
28230 20.126960 9.363268
28240 20.121771 10.748961
28250 20.118157 10.281567
28260 20.112387 9.788285
28270 20.106585 11.628218
28280 20.102428 10.772959
28290 20.098387 11.263508
28300 20.093396 9.713687
28310 20.087565 10.815743
28320 20.082606 11.164736
28330 20.076847 10.459692
28340 20.071778 10.970788
28350 20.067586 8.979716
28360 20.062219 10.923995
28370 20.057357 9.131035
28380 20.050308 12.178389
28390 20.044551 9.846895
28400 20.037557 11.106554
28410 20.032989 9.823770
28420 20.027498 10.854269
28430 20.020408 12.003519
28440 20.015026 10.120860
28450 20.009226 8.476291
28460 20.003073 10.971131
28470 19.995535 12.017194
28480 19.989476 10.821614
28490 19.985393 10.894118
28500 19.981608 11.160441
28510 19.975962 11.519432
28520 19.972052 9.477663
28530 19.971285 10.113042
28540 19.970722 10.079988
28550 19.970724 10.154598
28560 19.970022 8.876680
28570 19.968419 9.241296
28580 19.966585 10.705404
28590 19.961757 11.357994
28600 19.957066 9.685335
28610 19.953904 9.339803
28620 19.948777 10.263820
28630 19.945566 10.225245
28640 19.942561 10.045215
28650 19.938287 11.677124
28660 19.933524 10.925174
28670 19.932065 10.760254
28680 19.929027 11.192934
28690 19.925767 10.745079
28700 19.922161 10.294247
28710 19.915699 11.573524
28720 19.910347 11.562058
28730 19.908171 8.930134
28740 19.906601 10.616388
28750 19.905148 10.289181
28760 19.904435 11.990167
28770 19.904777 10.481820
28780 19.904998 9.879597
28790 19.906634 8.975618
28800 19.910463 8.789749
28810 19.916248 10.618051
28820 19.925369 11.972140
28830 19.932920 10.789207
28840 19.942189 10.170668
28850 19.948640 9.768175
28860 19.951247 11.162019
28870 19.951136 11.041628
28880 19.949328 10.836684
28890 19.946687 10.971029
28900 19.943546 10.048291
28910 19.943096 10.843185
28920 19.944752 11.162093
28930 19.948320 9.870956
28940 19.952381 10.141814
28950 19.957492 8.975205
28960 19.961293 9.494829
28970 19.965640 10.327909
28980 19.970376 12.800735
28990 19.974742 10.893617
29000 19.979082 11.580108
29010 19.983415 9.025811
29020 19.985666 10.235865
29030 19.983615 9.668319
29040 19.980187 9.169274
29050 19.975822 10.408899
29060 19.971235 9.826185
29070 19.966904 11.268196
29080 19.960667 11.451405
29090 19.954247 11.449488
29100 19.948209 12.179698
29110 19.942808 10.290325
29120 19.936411 10.036322
29130 19.930899 12.200342
29140 19.925420 9.361245
29150 19.919225 9.576773
29160 19.915170 9.365959
29170 19.911627 10.373874
29180 19.909420 10.072083
29190 19.905743 10.420858
29200 19.899006 9.933528
29210 19.895619 9.341865
29220 19.892442 10.964105
29230 19.889830 10.052239
29240 19.885511 9.830213
29250 19.881537 11.007943
29260 19.876651 9.128064
29270 19.873196 10.551213
29280 19.869056 9.857335
29290 19.866205 11.826201
29300 19.863768 9.617846
29310 19.859065 11.082959
29320 19.853125 11.042481
29330 19.846232 9.620679
29340 19.839818 11.257135
29350 19.833414 11.656990
29360 19.826668 9.302714
29370 19.822034 10.146638
29380 19.818655 11.708711
29390 19.815427 9.551784
29400 19.811915 8.405472
29410 19.806537 10.840138
29420 19.800007 11.849870
29430 19.794595 10.443456
29440 19.788423 11.197179
29450 19.782032 11.040683
29460 19.776904 12.579423
29470 19.772266 10.037064
29480 19.766526 10.928758
29490 19.760062 9.820925
29500 19.754505 10.593306
29510 19.752097 9.916441
29520 19.750096 11.222161
29530 19.749203 11.238666
29540 19.748440 9.507020
29550 19.745548 10.619068
29560 19.739819 9.870860
29570 19.734394 9.927497
29580 19.729928 10.036047
29590 19.725995 9.908309
29600 19.722449 10.509369
29610 19.718005 10.766920
29620 19.713372 11.327312
29630 19.708852 8.390058
29640 19.704202 13.168669
29650 19.698639 10.819675
29660 19.694251 11.407488
29670 19.690949 9.168189
29680 19.685580 11.166930
29690 19.679962 9.736577
29700 19.674181 11.063317
29710 19.668161 12.162927
29720 19.662590 11.927299
29730 19.657212 11.994318
29740 19.651236 8.513399
29750 19.645403 11.458525
29760 19.641195 10.015107
29770 19.635575 10.532041
29780 19.629786 10.590347
29790 19.623833 8.430071
29800 19.617847 9.207029
29810 19.613435 9.853749
29820 19.608931 11.187000
29830 19.604855 11.555766
29840 19.600987 8.514048
29850 19.598782 9.318646
29860 19.597518 9.095247
29870 19.596767 10.606005
29880 19.596045 10.534042
29890 19.595063 10.079320
29900 19.593954 11.987884
29910 19.591073 11.375621
29920 19.589122 10.809444
29930 19.585530 10.163265
29940 19.581663 9.944189
29950 19.577618 10.111929
29960 19.571868 9.625306
29970 19.565294 11.394830
29980 19.561387 10.482467
29990 19.555667 11.473441
30000 19.549956 9.262183
30010 19.547924 9.802374
30020 19.549330 11.295117
30030 19.551884 9.593819
30040 19.554096 10.319870
30050 19.556706 11.335211
30060 19.559305 10.517864
30070 19.560332 9.095413
30080 19.559952 9.578483
30090 19.557791 10.831139
30100 19.558047 10.611677
30110 19.555826 11.378196
30120 19.555279 11.263072
30130 19.555959 9.465643
30140 19.556294 10.924103
30150 19.555672 10.171595
30160 19.557079 10.565167
30170 19.558930 9.882100
30180 19.561017 10.230315
30190 19.560312 9.889982
30200 19.558437 10.809123
30210 19.556060 10.510870
30220 19.554420 9.322243
30230 19.552649 10.344257
30240 19.550503 9.296103
30250 19.545578 9.428004
30260 19.541088 10.726624
30270 19.536878 11.285457
30280 19.530802 11.521754
30290 19.525773 11.927930
30300 19.520297 10.709573
30310 19.514957 10.197597
30320 19.508836 9.976521
30330 19.505140 11.314953
30340 19.503359 9.037900
30350 19.500808 11.869489
30360 19.499702 11.720327
30370 19.500362 8.033068
30380 19.497075 11.221283
30390 19.491878 10.089995
30400 19.486162 10.037507
30410 19.480843 12.043193
30420 19.477518 8.567080
30430 19.471535 10.849862
30440 19.465706 10.315812
30450 19.462352 11.794841
30460 19.456894 11.932598
30470 19.450998 12.221403
30480 19.445686 9.467475
30490 19.440696 10.916348
30500 19.436121 10.389511
30510 19.431431 10.746829
30520 19.425839 9.383139
30530 19.421900 10.447950
30540 19.417134 9.915566
30550 19.411027 9.603594
30560 19.406773 10.020983
30570 19.405039 9.698565
30580 19.399709 12.327330
30590 19.394607 8.589130
30600 19.388735 10.542863
30610 19.382969 9.098625
30620 19.378107 10.344380
30630 19.372299 9.742838
30640 19.366565 9.729487
30650 19.360583 8.492259
30660 19.354961 10.699774
30670 19.349179 11.579722
30680 19.345345 10.649488
30690 19.341185 11.989790
30700 19.338630 9.788240
30710 19.335911 11.550297
30720 19.331709 9.194893
30730 19.325722 11.272559
30740 19.320304 10.462287
30750 19.316593 9.332901
30760 19.314027 9.824956
30770 19.311652 9.975057
30780 19.310627 9.755028
30790 19.309654 9.507234
30800 19.308514 9.762370
30810 19.308273 9.232615
30820 19.306095 8.574715
30830 19.301701 9.669755
30840 19.296398 10.458258
30850 19.291463 11.426541
30860 19.288088 9.218960
30870 19.286194 11.040277
30880 19.284246 9.384057
30890 19.282935 9.607740
30900 19.281440 10.198935
30910 19.279407 8.878858
30920 19.278595 9.987699
30930 19.280268 8.967744
30940 19.280877 8.803159
30950 19.281172 10.628903
30960 19.280105 13.043034
30970 19.282632 9.777842
30980 19.283588 10.670438
30990 19.282097 9.861819
31000 19.280750 9.406884
31010 19.279853 10.850657
31020 19.280666 10.778638
31030 19.281224 8.514724
31040 19.283856 9.675586
31050 19.287421 11.100223
31060 19.289473 9.017879
31070 19.293146 8.990555
31080 19.294494 11.004736
31090 19.295062 11.324474
31100 19.297154 10.577266
31110 19.300253 11.193446
31120 19.303886 10.408856
31130 19.307584 10.445312
31140 19.311316 9.279248
31150 19.315875 9.578608
31160 19.319058 9.624994
31170 19.320472 9.199457
31180 19.319890 10.963484
31190 19.319500 8.923004
31200 19.318772 11.655416
31210 19.319501 9.780489
31220 19.320605 10.428447
31230 19.321388 10.313045
31240 19.320526 9.665398
31250 19.319880 10.779078
31260 19.319719 9.798074
31270 19.320965 11.410489
31280 19.323158 11.183315
31290 19.324058 10.984154
31300 19.324723 9.435075
31310 19.323421 12.102201
31320 19.324651 11.109087
31330 19.327288 9.539350
31340 19.331926 8.878097
31350 19.335873 10.553998
31360 19.338773 7.699027
31370 19.338952 9.718852
31380 19.337393 10.741012
31390 19.333510 11.148807
31400 19.329853 9.975093
31410 19.324712 11.384656
31420 19.321283 9.756793
31430 19.319053 9.861827
31440 19.317689 9.794083
31450 19.315701 9.443912
31460 19.313685 11.150044
31470 19.311606 8.820439
31480 19.305886 9.033092
31490 19.301151 10.103650
31500 19.295518 10.143492
31510 19.289751 10.003261
31520 19.286158 9.520555
31530 19.281462 10.754675
31540 19.280048 9.531979
31550 19.279615 10.880003
31560 19.279721 10.306980
31570 19.279941 10.461899
31580 19.280775 9.032163
31590 19.283117 8.997953
31600 19.284460 9.073950
31610 19.287816 9.582969
31620 19.292344 9.134730
31630 19.296358 9.211310
31640 19.301106 9.752791
31650 19.305273 10.575682
31660 19.307436 8.555611
31670 19.305923 9.073556
31680 19.303882 10.289533
31690 19.302077 8.164837
31700 19.298753 9.275224
31710 19.296872 11.221926
31720 19.295703 10.432207
31730 19.294994 9.946682
31740 19.295339 9.833868
31750 19.293615 8.864890
31760 19.289714 9.979074
31770 19.285666 11.676924
31780 19.284009 9.493741
31790 19.284118 11.657713
31800 19.283239 11.106781
31810 19.282701 13.214351
31820 19.283794 8.968302
31830 19.285796 9.702119
31840 19.287937 11.775581
31850 19.288814 9.541701
31860 19.286906 10.561841
31870 19.282215 10.734818
31880 19.276415 10.067638
31890 19.271276 9.476059
31900 19.268162 9.437005
31910 19.262227 9.507553
31920 19.257305 11.252390
31930 19.254389 10.205535
31940 19.254430 9.469147
31950 19.254208 9.483541
31960 19.255235 9.311739
31970 19.257771 8.055348
31980 19.261078 10.660055
31990 19.262137 10.721681
32000 19.261039 9.871894
32010 19.258393 8.584852
32020 19.254157 10.041954
32030 19.248433 9.844153
32040 19.244548 10.384682
32050 19.239671 10.560755
32060 19.234025 12.751588
32070 19.228803 10.533511
32080 19.224231 10.889793
32090 19.220859 12.082416
32100 19.218417 10.615805
32110 19.216038 9.349572
32120 19.213565 9.447141
32130 19.212921 9.761308
32140 19.211936 10.489060
32150 19.208251 7.544348
32160 19.202986 9.642177
32170 19.197019 10.811489
32180 19.192106 10.525389
32190 19.187740 10.907719
32200 19.183441 9.502636
32210 19.178967 9.347611
32220 19.173932 8.446767
32230 19.168778 10.589868
32240 19.165111 9.452671
32250 19.162851 8.957557
32260 19.157344 11.191601
32270 19.152010 9.846476
32280 19.146654 10.098172
32290 19.141332 10.118380
32300 19.136886 10.699645
32310 19.133567 8.978519
32320 19.130677 9.205374
32330 19.127168 8.664813
32340 19.123269 10.178356
32350 19.118182 12.304989
32360 19.113253 9.617388
32370 19.109174 9.471219
32380 19.106368 9.739155
32390 19.104109 10.762652
32400 19.102223 11.808594
32410 19.099551 10.522297
32420 19.095939 10.980423
32430 19.092156 9.817314
32440 19.089882 10.461684
32450 19.088560 8.982076
32460 19.087586 10.443653
32470 19.088548 11.411757
32480 19.090973 10.222995
32490 19.094783 8.322902
32500 19.098741 10.087338
32510 19.105577 8.852619
32520 19.112950 10.992111
32530 19.121470 12.078636
32540 19.129836 11.014043
32550 19.137068 11.383670
32560 19.147480 9.657270
32570 19.157983 9.818785
32580 19.168186 9.106954
32590 19.176200 11.228464
32600 19.185008 10.697636
32610 19.191691 8.742772
32620 19.195184 9.897624
32630 19.199575 9.609736
32640 19.202109 9.340693
32650 19.203931 10.106245
32660 19.206764 10.295150
32670 19.208497 9.659266
32680 19.211821 8.895033
32690 19.215367 11.592488
32700 19.217749 11.292519
32710 19.220901 9.630772
32720 19.224657 11.312500
32730 19.230303 9.362894
32740 19.233365 9.662096
32750 19.237065 9.572730
32760 19.239029 9.227236
32770 19.239156 9.697181
32780 19.238451 9.478886
32790 19.236089 9.596376
32800 19.234717 10.316149
32810 19.234276 7.408910
32820 19.232986 9.859442
32830 19.232275 8.698008
32840 19.230273 10.923491
32850 19.228016 9.866238
32860 19.223986 9.191124
32870 19.219728 10.206028
32880 19.214627 9.702554
32890 19.208871 9.785913
32900 19.203607 9.179340
32910 19.200270 9.376446
32920 19.198594 8.873058
32930 19.197386 10.685368
32940 19.194783 8.701104
32950 19.190025 9.918705
32960 19.185055 9.957249
32970 19.179880 10.839135
32980 19.175287 9.266058
32990 19.173009 11.430262
33000 19.169111 9.735029
33010 19.165962 9.640234
33020 19.162548 10.769372
33030 19.157106 10.733504
33040 19.154139 10.681116
33050 19.150811 9.216006
33060 19.146605 12.483648
33070 19.143967 9.548181
33080 19.140974 10.401226
33090 19.138964 8.835581
33100 19.136455 9.408729
33110 19.131483 9.581228
33120 19.126246 10.330806
33130 19.121313 9.715742
33140 19.118619 9.973514
33150 19.114127 10.206229
33160 19.109049 9.698992
33170 19.104671 10.470713
33180 19.099153 10.504361
33190 19.095044 10.392050
33200 19.092828 11.177147
33210 19.088489 10.304874
33220 19.083049 10.307232
33230 19.077929 8.422624
33240 19.074287 9.779213
33250 19.068785 10.808878
33260 19.063438 9.539250
33270 19.058196 9.834213
33280 19.053613 9.769621
33290 19.048297 10.000867
33300 19.043232 10.688769
33310 19.038757 9.504024
33320 19.033748 10.524995
33330 19.028462 10.630877
33340 19.023660 11.635802
33350 19.018829 10.346562
33360 19.014617 10.847813
33370 19.010619 8.921559
33380 19.005663 9.327372
33390 19.001687 8.104715
33400 18.997975 10.408536
33410 18.996497 9.453642
33420 18.994722 8.487169
33430 18.991650 9.131032
33440 18.986795 9.592134
33450 18.981628 10.793309
33460 18.977565 10.715374
33470 18.975418 11.192536
33480 18.974934 9.640531
33490 18.974723 10.316893
33500 18.975510 9.317458
33510 18.978979 7.116865
33520 18.980145 9.938723
33530 18.981787 10.531934
33540 18.982677 11.724217
33550 18.984594 10.529955
33560 18.986783 8.971170
33570 18.988062 8.822575
33580 18.987953 10.955165
33590 18.987625 9.057359
33600 18.986311 8.719417
33610 18.981381 9.411617
33620 18.977195 9.752436
33630 18.971893 8.684041
33640 18.966878 10.491640
33650 18.961618 9.403752
33660 18.957500 11.087606
33670 18.955193 11.161452
33680 18.954273 10.530696
33690 18.955431 9.294870
33700 18.958261 9.220719
33710 18.961863 7.533852
33720 18.964053 9.075921
33730 18.965932 9.313329
33740 18.966440 9.748683
33750 18.966398 10.100918
33760 18.965354 8.721382
33770 18.962501 10.408075
33780 18.961089 11.119057
33790 18.961400 9.798456
33800 18.962561 10.339201
33810 18.962877 10.150625
33820 18.963935 10.087233
33830 18.964993 11.270569
33840 18.966297 9.588734
33850 18.967032 10.430131
33860 18.967017 9.038226
33870 18.968031 9.416544
33880 18.965425 10.388638
33890 18.962246 11.150115
33900 18.960192 9.868718
33910 18.958796 8.694334
33920 18.956685 9.274289
33930 18.953434 9.507977
33940 18.950083 9.381661
33950 18.949437 8.888362
33960 18.948762 10.343392
33970 18.949409 9.107840
33980 18.950415 9.688871
33990 18.951478 10.928683
34000 18.952495 9.453715
34010 18.952871 7.849666
34020 18.952897 11.212414
34030 18.952939 11.282462
34040 18.953170 8.276528
34050 18.950872 8.564785
34060 18.946616 9.034893
34070 18.943844 10.234186
34080 18.940303 9.388291
34090 18.936773 9.389383
34100 18.933888 11.097550
34110 18.931751 8.864160
34120 18.930108 8.632233
34130 18.927507 11.369798
34140 18.924705 10.432660
34150 18.920435 11.997027
34160 18.916202 10.252266
34170 18.910847 11.203380
34180 18.907401 10.287172
34190 18.905194 9.787831
34200 18.903783 9.532597
34210 18.903676 9.491817
34220 18.903578 10.240933
34230 18.903024 10.546924
34240 18.900468 9.313998
34250 18.895203 9.375816
34260 18.890322 9.517196
34270 18.886983 8.424655
34280 18.882411 10.411499
34290 18.877670 9.088840
34300 18.874461 9.339190
34310 18.870528 9.990984
34320 18.867939 9.610501
34330 18.865824 10.690443
34340 18.862915 9.244767
34350 18.857864 8.414596
34360 18.853123 9.713195
34370 18.848011 9.972845
34380 18.843233 10.145784
34390 18.838258 10.673544
34400 18.833918 10.806980
34410 18.831837 9.766487
34420 18.832203 10.486449
34430 18.832408 10.512818
34440 18.831750 9.598685
34450 18.829163 8.749687
34460 18.824630 9.214715
34470 18.819911 9.671463
34480 18.814660 10.301859
34490 18.809718 9.051187
34500 18.804736 10.651328
34510 18.799224 8.940977
34520 18.794570 9.579125
34530 18.790032 9.144803
34540 18.787265 10.319761
34550 18.787143 11.744732
34560 18.786478 8.593104
34570 18.783610 10.294666
34580 18.781171 9.643791
34590 18.779330 8.496400
34600 18.777859 8.557019
34610 18.775505 9.402635
34620 18.773708 8.499468
34630 18.773765 11.563408
34640 18.773650 9.381744
34650 18.772423 8.191419
34660 18.768720 11.084460
34670 18.765900 12.528088
34680 18.765551 8.473375
34690 18.765052 9.405888
34700 18.763609 9.365204
34710 18.761504 9.302810
34720 18.757520 10.949715
34730 18.753810 9.453034
34740 18.748895 10.834625
34750 18.744006 9.707267
34760 18.740144 10.608426
34770 18.734814 11.293536
34780 18.730701 10.429607
34790 18.727560 8.497393
34800 18.723097 10.000566
34810 18.719412 11.079792
34820 18.716188 9.601601
34830 18.713875 7.060474
34840 18.710603 11.478848
34850 18.707648 8.916074
34860 18.702549 8.769494
34870 18.696957 12.252933
34880 18.693512 10.338645
34890 18.691532 9.171106
34900 18.686540 10.566885
34910 18.681924 9.333274
34920 18.678547 10.257284
34930 18.676043 10.240760
34940 18.673984 10.185740
34950 18.671301 9.965264
34960 18.667552 10.273105
34970 18.662872 12.499460
34980 18.658811 11.162211
34990 18.654739 10.091438
35000 18.650039 8.541518
35010 18.644796 10.274791
35020 18.641792 9.054400
35030 18.639608 8.635026
35040 18.637024 8.795907
35050 18.634382 11.776133
35060 18.631263 10.276670
35070 18.628281 8.137263
35080 18.624405 8.521461
35090 18.620140 10.363337
35100 18.617153 10.837317
35110 18.615494 10.868554
35120 18.612566 10.417223
35130 18.609637 7.966812
35140 18.607464 9.308818
35150 18.605234 8.944689
35160 18.600086 9.215843
35170 18.595228 10.340453
35180 18.591031 10.333086
35190 18.585188 12.755947
35200 18.580779 11.017676
35210 18.577656 9.529794
35220 18.576776 9.162527
35230 18.577697 9.885826
35240 18.577426 9.650113
35250 18.574572 8.667228
35260 18.570307 8.916881
35270 18.567954 8.791208
35280 18.566803 11.179525
35290 18.566996 10.227332
35300 18.567588 10.346517
35310 18.568947 9.258555
35320 18.570921 9.436277
35330 18.573137 9.203046
35340 18.574111 11.450106
35350 18.573884 9.622877
35360 18.572370 9.421470
35370 18.571517 11.869344
35380 18.573778 11.412026
35390 18.577348 10.230073
35400 18.581562 10.730288
35410 18.584554 9.249011
35420 18.586960 8.526826
35430 18.588172 10.134656
35440 18.590990 10.773209
35450 18.594978 10.462327
35460 18.598628 9.632113
35470 18.602630 10.985115
35480 18.606779 9.299490
35490 18.610545 9.104109
35500 18.610989 9.166752
35510 18.610732 9.516791
35520 18.609450 9.033730
35530 18.607405 10.789379
35540 18.605808 10.713467
35550 18.604213 9.863176
35560 18.603048 10.604449
35570 18.601857 10.150624
35580 18.598246 9.540834
35590 18.593992 9.393357
35600 18.589487 10.358366
35610 18.585753 8.830869
35620 18.581704 10.261032
35630 18.578914 9.584937
35640 18.575131 10.342138
35650 18.571807 10.758541
35660 18.566944 10.783753
35670 18.563221 8.251673
35680 18.558815 9.314714
35690 18.554499 9.727637
35700 18.549709 6.725398
35710 18.544874 11.079896
35720 18.542256 9.552067
35730 18.539506 8.711813
35740 18.535017 8.722654
35750 18.530175 8.720615
35760 18.525727 10.127548
35770 18.521572 8.531651
35780 18.517597 10.326235
35790 18.514255 9.698628
35800 18.510448 10.493856
35810 18.508529 9.395063
35820 18.506132 8.722662
35830 18.503323 10.936080
35840 18.500935 10.581528
35850 18.500783 10.728049
35860 18.501901 10.327741
35870 18.504900 11.070228
35880 18.510232 9.291416
35890 18.515407 9.298105
35900 18.520270 11.050705
35910 18.527165 8.785157
35920 18.532021 9.126431
35930 18.538238 9.068598
35940 18.545116 9.067035
35950 18.552720 9.586301
35960 18.558360 9.406466
35970 18.561491 10.061790
35980 18.564656 9.358157
35990 18.567589 11.605470
36000 18.569270 8.985290
36010 18.574262 10.785145
36020 18.579792 11.053544
36030 18.585021 8.824906
36040 18.586776 8.906181
36050 18.586731 10.012913
36060 18.588239 10.806081
36070 18.589572 9.225211
36080 18.590554 9.473677
36090 18.591570 10.208300
36100 18.594154 10.617682
36110 18.597455 9.050646
36120 18.604337 10.970384
36130 18.610834 9.983917
36140 18.617813 9.721378
36150 18.623441 10.276233
36160 18.629928 10.203115
36170 18.634830 8.109953
36180 18.637110 9.692093
36190 18.639346 9.210621
36200 18.642040 8.745009
36210 18.642638 9.887265
36220 18.644254 7.818994
36230 18.642419 11.152580
36240 18.639543 9.628156
36250 18.635232 10.840061
36260 18.632417 9.107156
36270 18.630349 10.893960
36280 18.628189 10.253902
36290 18.627584 10.645952
36300 18.626794 11.283199
36310 18.627213 10.343922
36320 18.627654 9.282824
36330 18.627890 11.459443
36340 18.627067 9.120439
36350 18.624813 9.259330
36360 18.622871 10.916228
36370 18.623612 10.796336
36380 18.625168 10.017283
36390 18.625590 8.777900
36400 18.623726 9.763224
36410 18.620181 9.530674
36420 18.618370 10.568365
36430 18.616262 10.308091
36440 18.613087 10.086314
36450 18.610646 9.591080
36460 18.606534 9.311191
36470 18.602348 8.790630
36480 18.599006 8.722494
36490 18.598871 9.469328
36500 18.601364 8.603731
36510 18.604703 10.670723
36520 18.608469 10.616136
36530 18.612665 7.724459
36540 18.614231 10.122407
36550 18.614747 9.613281
36560 18.616832 9.496857
36570 18.618408 7.777034
36580 18.615344 9.404426
36590 18.610646 8.616399
36600 18.606389 9.591259
36610 18.602916 9.161054
36620 18.598348 9.248917
36630 18.593669 9.009592
36640 18.588951 9.036410
36650 18.584363 11.191245
36660 18.579957 8.995051
36670 18.577016 8.675324
36680 18.575953 10.505466
36690 18.575308 8.637494
36700 18.573337 10.022955
36710 18.571502 7.136260
36720 18.569377 10.633380
36730 18.569373 10.354287
36740 18.568465 8.608034
36750 18.566562 9.230626
36760 18.563625 8.951122
36770 18.560467 10.273082
36780 18.557700 11.176909
36790 18.556712 10.832297
36800 18.555835 10.626563
36810 18.554372 10.369987
36820 18.551360 10.201155
36830 18.547206 9.587049
36840 18.542658 9.836299
36850 18.537995 10.439812
36860 18.533505 11.404903
36870 18.529128 11.407364
36880 18.524630 11.058230
36890 18.520131 9.389376
36900 18.517030 8.992473
36910 18.513991 10.062353
36920 18.512394 8.475102
36930 18.510037 9.011957
36940 18.506931 8.884142
36950 18.502796 9.213030
36960 18.501087 8.918081
36970 18.500882 9.439484
36980 18.498738 10.405476
36990 18.495295 9.255772
37000 18.490986 9.518824
37010 18.487986 8.953828
37020 18.483083 11.630917
37030 18.479208 11.941358
37040 18.474534 9.101458
37050 18.470237 10.710920
37060 18.466464 11.108557
37070 18.464357 8.932589
37080 18.464382 11.410286
37090 18.464977 7.056849
37100 18.464539 9.957746
37110 18.464638 8.283813
37120 18.463343 10.127098
37130 18.463003 10.162485
37140 18.462642 10.061297
37150 18.461477 10.015435
37160 18.459630 10.044891
37170 18.458753 9.025508
37180 18.457484 10.330143
37190 18.453375 8.405378
37200 18.449143 8.698841
37210 18.445299 9.156219
37220 18.440595 10.603688
37230 18.435935 10.615662
37240 18.431811 8.660050
37250 18.427568 8.981152
37260 18.423393 8.657978
37270 18.418986 9.098147
37280 18.414227 8.540418
37290 18.411635 8.713195
37300 18.409615 10.027662
37310 18.411283 9.390987
37320 18.415948 9.525526
37330 18.419976 9.337950
37340 18.423933 9.131088
37350 18.425173 9.131814
37360 18.423310 9.404248
37370 18.422332 8.814806
37380 18.421214 10.737204
37390 18.420141 10.376451
37400 18.416933 10.818566
37410 18.414012 8.264238
37420 18.412368 9.428467
37430 18.410898 9.344497
37440 18.409304 9.988233
37450 18.408796 7.782648
37460 18.406813 9.994808
37470 18.405295 8.940648
37480 18.402878 10.443496
37490 18.403770 8.594880
37500 18.405511 9.104048
37510 18.408405 8.834131
37520 18.411286 8.503765
37530 18.412644 9.150021
37540 18.415296 9.726807
37550 18.416292 8.720052
37560 18.414530 7.522561
37570 18.414049 8.858599
37580 18.412888 10.172481
37590 18.410416 9.997705
37600 18.406935 8.772842
37610 18.402725 8.506550
37620 18.398448 10.766434
37630 18.393784 8.599331
37640 18.389164 10.430774
37650 18.386503 8.998000
37660 18.386229 10.126695
37670 18.387998 7.754500
37680 18.392127 10.154197
37690 18.397114 10.257517
37700 18.401221 10.099315
37710 18.402980 9.126102
37720 18.402636 10.475811
37730 18.402479 10.126929
37740 18.402831 9.061619
37750 18.404393 11.514284
37760 18.405321 9.562325
37770 18.403784 11.074320
37780 18.401093 9.464710
37790 18.397572 9.381794
37800 18.395370 9.271691
37810 18.392849 9.400931
37820 18.389280 10.729713
37830 18.388124 8.913631
37840 18.387183 9.387015
37850 18.382227 13.243343
37860 18.378966 9.331886
37870 18.374823 9.755179
37880 18.370497 9.302071
37890 18.366598 9.466666
37900 18.362560 10.089117
37910 18.358825 10.172798
37920 18.355021 10.398270
37930 18.350657 9.213518
37940 18.346278 8.769409
37950 18.341690 10.366907
37960 18.337249 8.877614
37970 18.334108 9.577422
37980 18.329717 10.851860
37990 18.327667 10.116936
38000 18.326934 7.554474
38010 18.326018 10.578495
38020 18.326021 9.357209
38030 18.326242 9.209160
38040 18.325881 8.193641
38050 18.327633 10.243175
38060 18.330577 10.446924
38070 18.331878 9.557534
38080 18.332261 8.537226
38090 18.331003 9.979567
38100 18.327692 7.228357
38110 18.323848 10.009268
38120 18.321084 8.912749
38130 18.318930 10.112219
38140 18.317624 9.094098
38150 18.316939 10.827124
38160 18.316821 11.513982
38170 18.314942 9.476333
38180 18.314388 9.933727
38190 18.315517 9.944980
38200 18.317841 10.311441
38210 18.318429 10.221248
38220 18.317070 9.210875
38230 18.313124 10.589824
38240 18.308858 10.016743
38250 18.304800 8.960255
38260 18.300104 10.047016
38270 18.295436 10.263338
38280 18.290982 11.303646
38290 18.287075 9.785349
38300 18.282586 11.082179
38310 18.278140 9.538461
38320 18.274120 10.184410
38330 18.269676 9.967634
38340 18.265731 9.312501
38350 18.261019 8.541582
38360 18.256942 9.904575
38370 18.253258 9.919961
38380 18.250379 8.571224
38390 18.247284 9.817789
38400 18.242805 10.039732
38410 18.238129 10.611813
38420 18.235175 8.751528
38430 18.232784 10.239474
38440 18.230584 8.710152
38450 18.227621 9.718655
38460 18.224534 10.312445
38470 18.222420 9.978821
38480 18.219585 8.641321
38490 18.216242 9.629108
38500 18.212038 10.981274
38510 18.207877 9.993671
38520 18.206995 8.649886
38530 18.206835 9.002060
38540 18.205852 7.295085
38550 18.203440 10.295397
38560 18.201697 9.382225
38570 18.200028 10.478354
38580 18.199620 10.131709
38590 18.199738 8.858484
38600 18.200902 11.326085
38610 18.202463 8.475076
38620 18.202921 9.973781
38630 18.202695 8.630784
38640 18.203920 9.294817
38650 18.202684 10.131716
38660 18.199668 8.444174
38670 18.197563 8.854736
38680 18.194436 8.797569
38690 18.191219 10.428845
38700 18.188456 11.239120
38710 18.187016 10.992109
38720 18.184670 9.646027
38730 18.181069 9.918624
38740 18.179673 8.167094
38750 18.179167 8.892712
38760 18.178289 9.907999
38770 18.178850 9.268748
38780 18.180995 9.917895
38790 18.182018 9.102462
38800 18.180671 8.777148
38810 18.176553 10.386600
38820 18.172810 8.785845
38830 18.169655 9.822009
38840 18.165591 8.666458
38850 18.162113 11.171890
38860 18.160308 8.878441
38870 18.156213 10.073271
38880 18.152460 9.915366
38890 18.148534 9.473136
38900 18.144795 10.712556
38910 18.141824 10.226128
38920 18.138174 9.764919
38930 18.134069 10.190633
38940 18.129852 9.939845
38950 18.126640 9.277425
38960 18.122729 9.038269
38970 18.118523 10.852384
38980 18.115021 10.820309
38990 18.112882 9.721496
39000 18.111917 10.363427
39010 18.110493 10.781865
39020 18.109258 8.807245
39030 18.108564 10.769566
39040 18.107832 8.683619
39050 18.107524 10.287183
39060 18.110431 8.487883
39070 18.115585 11.006483
39080 18.123628 10.058248
39090 18.131255 11.344757
39100 18.136356 8.242578
39110 18.139209 10.209328
39120 18.143239 9.912947
39130 18.149070 10.149877
39140 18.154549 9.640932
39150 18.161911 8.220336
39160 18.166126 11.076042
39170 18.169598 8.470418
39180 18.171276 9.281444
39190 18.171007 10.078569
39200 18.174480 9.217847
39210 18.179737 10.861344
39220 18.186138 9.047290
39230 18.192071 8.545884
39240 18.198234 8.385508
39250 18.200882 7.914626
39260 18.201950 11.138799
39270 18.205174 8.633875
39280 18.207098 8.736967
39290 18.208797 9.038871
39300 18.209924 10.344263
39310 18.208551 9.307253
39320 18.208465 8.835256
39330 18.208715 9.038918
39340 18.207515 10.834325
39350 18.203288 12.235663
39360 18.199400 10.927834
39370 18.195454 10.164109
39380 18.191074 10.843518
39390 18.187886 9.195563
39400 18.183944 8.900359
39410 18.179678 10.658387
39420 18.176318 9.687469
39430 18.173990 9.182450
39440 18.171709 9.238800
39450 18.169450 9.363288
39460 18.168878 9.362214
39470 18.169190 9.529327
39480 18.169159 9.809595
39490 18.167865 9.801440
39500 18.166461 9.026188
39510 18.164381 8.503519
39520 18.162114 10.422301
39530 18.160988 9.324179
39540 18.159248 11.480548
39550 18.163395 10.094205
39560 18.168643 8.641627
39570 18.172313 9.544647
39580 18.176820 10.438119
39590 18.180802 8.983081
39600 18.184526 8.909787
39610 18.185962 9.093705
39620 18.188000 10.775460
39630 18.190381 7.909238
39640 18.193522 9.744826
39650 18.195101 10.575099
39660 18.196037 9.984554
39670 18.197828 9.358118
39680 18.199382 9.405563
39690 18.200751 10.181510
39700 18.202204 9.398195
39710 18.204225 10.216383
39720 18.205104 8.583405
39730 18.207172 10.313986
39740 18.207646 9.251359
39750 18.207016 9.152520
39760 18.205827 8.943448
39770 18.202924 9.363853
39780 18.200426 9.936536
39790 18.197819 10.049654
39800 18.197082 9.159236
39810 18.195445 8.730703
39820 18.192703 8.747516
39830 18.189549 9.782847
39840 18.186717 8.529447
39850 18.182438 9.173056
39860 18.178165 9.859891
39870 18.173685 11.850204
39880 18.169428 8.847668
39890 18.165797 10.064715
39900 18.163122 8.803446
39910 18.159143 9.845889
39920 18.154779 8.650768
39930 18.150785 8.911920
39940 18.147437 9.396865
39950 18.143364 11.295210
39960 18.141150 9.183639
39970 18.137685 9.282175
39980 18.133657 9.912251
39990 18.129561 8.471287
40000 18.126781 9.513516
40010 18.124183 10.568709
40020 18.120432 11.251338
40030 18.116512 10.799529
40040 18.112660 12.383919
40050 18.108578 9.467886
40060 18.104216 11.085960
40070 18.101638 9.203259
40080 18.097800 11.227227
40090 18.095771 9.239715
40100 18.093483 8.196986
40110 18.091131 8.255899
40120 18.086944 10.140270
40130 18.082826 8.478996
40140 18.079246 10.888709
40150 18.076212 9.445574
40160 18.073073 8.716890
40170 18.069411 10.747336
40180 18.065830 9.145337
40190 18.061888 9.103968
40200 18.058233 8.958281
40210 18.056071 9.909387
40220 18.053007 10.663317
40230 18.050504 8.764154
40240 18.047782 8.973645
40250 18.044904 9.060064
40260 18.041731 9.835780
40270 18.040064 10.009186
40280 18.037623 9.564781
40290 18.033772 10.444069
40300 18.034756 10.087601
40310 18.036992 8.068306
40320 18.039193 8.561128
40330 18.040380 9.774925
40340 18.040680 8.446481
40350 18.040447 8.801229
40360 18.036958 9.080770
40370 18.034133 9.889000
40380 18.031881 9.133163
40390 18.030566 9.215333
40400 18.030572 10.130327
40410 18.030787 10.204989
40420 18.031071 10.331620
40430 18.032278 7.780196
40440 18.033484 11.539465
40450 18.035719 9.877668
40460 18.038491 9.331151
40470 18.041884 8.568853
40480 18.045933 10.498741
40490 18.048508 9.158716
40500 18.050302 11.910913
40510 18.053704 10.774100
40520 18.057739 10.460606
40530 18.061554 8.034136
40540 18.065042 9.911162
40550 18.068353 9.909327
40560 18.070916 9.171603
40570 18.070631 9.702885
40580 18.071768 9.033368
40590 18.071712 9.236715
40600 18.069525 9.936201
40610 18.066987 9.828555
40620 18.067127 7.837189
40630 18.066627 9.019323
40640 18.066075 9.828099
40650 18.063381 9.820846
40660 18.060925 8.305800
40670 18.057219 10.046325
40680 18.052992 10.978934
40690 18.048707 8.716385
40700 18.045939 8.925185
40710 18.043060 7.451726
40720 18.041043 8.916901
40730 18.039236 10.074496
40740 18.036528 8.939026
40750 18.032986 8.181042
40760 18.029044 9.870946
40770 18.025203 9.789280
40780 18.022014 10.035219
40790 18.019534 11.222167
40800 18.018950 9.350828
40810 18.019213 11.229342
40820 18.020609 9.235421
40830 18.018982 8.377318
40840 18.015580 10.501528
40850 18.012565 10.344542
40860 18.011709 8.246177
40870 18.010615 10.433366
40880 18.010483 8.034272
40890 18.009542 8.768499
40900 18.008381 10.009604
40910 18.005633 9.101850
40920 18.003194 10.597602
40930 17.999759 9.815166
40940 17.996053 10.765961
40950 17.992205 10.247971
40960 17.989363 9.842396
40970 17.986480 10.148806
40980 17.982040 13.003284
40990 17.979389 9.933948
41000 17.978341 9.258275
41010 17.978637 9.336232
41020 17.980784 10.451393
41030 17.984577 9.685832
41040 17.989122 9.604885
41050 17.995094 9.828108
41060 18.000483 9.084562
41070 18.006826 9.669016
41080 18.013208 9.669386
41090 18.020058 10.650261
41100 18.028129 9.948555
41110 18.036933 8.791248
41120 18.049741 10.391569
41130 18.064477 11.154568
41140 18.080642 7.801186
41150 18.095676 9.965647
41160 18.112439 10.406430
41170 18.129450 9.925974
41180 18.143929 9.650876
41190 18.157002 10.166098
41200 18.170510 10.801309
41210 18.184810 10.097519
41220 18.199548 9.299528
41230 18.215774 10.941348
41240 18.231772 9.355082
41250 18.248809 9.208398
41260 18.265433 9.817200
41270 18.281729 10.750233
41280 18.295888 10.346728
41290 18.310576 11.177231
41300 18.325560 10.398984
41310 18.343298 11.146819
41320 18.359498 8.120279
41330 18.375009 10.211806
41340 18.392560 10.596958
41350 18.407207 11.815811
41360 18.424392 9.092088
41370 18.442065 9.370670
41380 18.460624 9.887415
41390 18.480148 9.335229
41400 18.498277 10.372505
41410 18.515240 9.248639
41420 18.531715 9.523295
41430 18.550049 9.347353
41440 18.570659 10.337343
41450 18.589886 9.553977
41460 18.608253 10.020803
41470 18.626443 9.390693
41480 18.646617 10.162585
41490 18.670051 10.731999
41500 18.694384 11.042954
41510 18.717412 10.914494
41520 18.741046 10.742579
41530 18.764179 10.073088
41540 18.787700 9.577071
41550 18.812291 11.274299
41560 18.835980 10.263261
41570 18.859771 10.256779
41580 18.882291 10.067751
41590 18.904787 9.190172
41600 18.924350 12.115379
41610 18.945182 8.461013
41620 18.963399 9.477108
41630 18.982352 9.328344
41640 18.999846 9.583534
41650 19.018172 10.522855
41660 19.038992 8.728707
41670 19.057797 10.989670
41680 19.074467 9.544055
41690 19.090070 9.717897
41700 19.104448 10.343381
41710 19.116066 10.588380
41720 19.126973 9.551348
41730 19.135462 11.093383
41740 19.143615 9.103144
41750 19.151509 11.517704
41760 19.163024 10.874557
41770 19.174466 10.702339
41780 19.185902 9.631845
41790 19.197886 10.664874
41800 19.210873 10.522291
41810 19.224371 11.675525
41820 19.239152 10.532412
41830 19.254832 9.864583
41840 19.269020 7.059187
41850 19.281444 12.381536
41860 19.291491 10.406456
41870 19.304124 8.432025
41880 19.314602 11.896075
41890 19.322921 9.446569
41900 19.331861 9.600935
41910 19.341357 10.742659
41920 19.350649 10.458380
41930 19.360823 10.461975
41940 19.372431 9.176920
41950 19.382775 10.597057
41960 19.390899 10.609140
41970 19.398440 10.993180
41980 19.404711 10.553161
41990 19.412522 9.158701
42000 19.419902 11.017849
42010 19.429862 11.422915
42020 19.440605 10.790807
42030 19.450364 10.842055
42040 19.459477 10.546509
42050 19.470116 8.822776
42060 19.480627 9.836014
42070 19.489775 10.718912
42080 19.497907 11.246445
42090 19.502938 10.080325
42100 19.509561 10.420964
42110 19.516366 10.388598
42120 19.523033 8.974196
42130 19.529139 11.140908
42140 19.535900 11.247531
42150 19.541282 10.421597
42160 19.547277 10.760124
42170 19.554432 9.022023
42180 19.560767 10.803965
42190 19.566795 9.988757
42200 19.571668 10.966334
42210 19.575907 11.299221
42220 19.577675 10.578595
42230 19.580607 9.651962
42240 19.584650 10.714002
42250 19.589148 10.578959
42260 19.594895 10.863167
42270 19.603865 11.157946
42280 19.614111 9.759633
42290 19.624410 9.992937
42300 19.635008 11.578641
42310 19.645702 10.237192
42320 19.656959 9.925151
42330 19.666895 8.593989
42340 19.676494 10.060015
42350 19.688849 11.226035
42360 19.700553 10.216485
42370 19.710474 9.825387
42380 19.721657 11.234131
42390 19.732689 11.679527
42400 19.743337 10.730291
42410 19.756222 9.981232
42420 19.769738 9.990931
42430 19.783441 9.314654
42440 19.794009 10.693769
42450 19.806337 10.251125
42460 19.818975 11.134434
42470 19.829791 10.513696
42480 19.840060 10.952219
42490 19.847913 10.098363
42500 19.856688 10.739233
42510 19.867155 11.096651
42520 19.876704 9.396280
42530 19.885784 11.077870
42540 19.895761 11.105828
42550 19.905381 9.343624
42560 19.912363 10.845977
42570 19.917653 11.418828
42580 19.922619 10.907314
42590 19.928965 9.101161
42600 19.933445 9.632476
42610 19.937590 11.639963
42620 19.941336 9.581238
42630 19.944877 10.858919
42640 19.949888 11.031594
42650 19.954699 7.715683
42660 19.958817 10.789834
42670 19.963931 11.233412
42680 19.967587 10.941219
42690 19.970124 11.194733
42700 19.972762 9.195656
42710 19.975901 10.259865
42720 19.980247 10.253108
42730 19.985943 11.709576
42740 19.991604 11.872412
42750 19.997601 10.278965
42760 20.002010 11.606455
42770 20.006820 11.385498
42780 20.012720 10.493927
42790 20.021809 11.189998
42800 20.031106 11.823573
42810 20.039242 10.164644
42820 20.048142 12.784698
42830 20.057672 10.447800
42840 20.067547 9.865929
42850 20.077985 10.749088
42860 20.088030 10.144929
42870 20.099126 9.290781
42880 20.108792 10.215533
42890 20.117940 11.328434
42900 20.126537 10.120827
42910 20.135102 10.843333
42920 20.144229 10.070955
42930 20.152759 11.222594
42940 20.160144 11.309435
42950 20.168428 9.395280
42960 20.177419 11.193652
42970 20.188433 11.182639
42980 20.199111 11.794015
42990 20.208531 10.704876
43000 20.219107 10.991831
43010 20.230633 10.917713
43020 20.240429 11.373528
43030 20.247665 12.875118
43040 20.255060 10.185469
43050 20.261104 9.923717
43060 20.265699 10.330474
43070 20.267899 10.019493
43080 20.267433 10.163695
43090 20.265742 11.197769
43100 20.263930 10.315600
43110 20.261350 10.894079
43120 20.258715 9.746967
43130 20.254620 12.365263
43140 20.252911 8.901048
43150 20.249898 9.909421
43160 20.247549 14.146040
43170 20.246737 11.085028
43180 20.243941 11.293345
43190 20.240793 10.994421
43200 20.236538 12.950732
43210 20.232451 12.039016
43220 20.228013 11.677928
43230 20.223795 9.530758
43240 20.219484 12.860150
43250 20.216883 11.685973
43260 20.216095 10.890237
43270 20.214413 10.740734
43280 20.210635 9.710775
43290 20.207094 10.793070
43300 20.204353 8.774303
43310 20.201644 11.025044
43320 20.198026 9.989481
43330 20.195072 10.126945
43340 20.192882 10.915171
43350 20.192017 10.190374
43360 20.188584 11.822023
43370 20.184307 10.502284
43380 20.180446 10.276028
43390 20.176725 9.876220
43400 20.173480 10.956515
43410 20.169912 9.985661
43420 20.165942 10.403763
43430 20.161422 10.372296
43440 20.158686 10.369753
43450 20.157418 10.248152
43460 20.156643 9.741761
43470 20.155642 11.365694
43480 20.155601 10.730755
43490 20.156101 12.793531
43500 20.158235 11.211275
43510 20.160697 10.900103
43520 20.162817 11.430544
43530 20.164675 10.827569
43540 20.164537 8.622534
43550 20.163747 11.285498
43560 20.160581 9.917392
43570 20.156537 9.882226
43580 20.152709 10.953256
43590 20.149346 10.233286
43600 20.145350 10.244171
43610 20.140781 9.774672
43620 20.137208 11.450339
43630 20.133852 11.366596
43640 20.133055 9.562713
43650 20.132578 10.795533
43660 20.132429 10.823212
43670 20.130021 10.925269
43680 20.126874 10.845732
43690 20.123470 9.817056
43700 20.120759 10.764530
43710 20.116536 12.351979
43720 20.113057 11.242840
43730 20.109578 10.150524
43740 20.106677 9.209023
43750 20.103350 10.461698
43760 20.100957 10.855303
43770 20.098307 10.416983
43780 20.094341 11.970993
43790 20.090063 10.817075
43800 20.085132 8.779202
43810 20.081765 11.254918
43820 20.079098 9.423177
43830 20.075528 10.333663
43840 20.071002 9.456366
43850 20.066852 11.032345
43860 20.062709 8.787925
43870 20.060013 10.806160
43880 20.057474 10.244692
43890 20.053553 12.510240
43900 20.050065 10.229239
43910 20.047196 10.785469
43920 20.045398 11.603803
43930 20.044158 10.459987
43940 20.043202 10.195411
43950 20.043003 8.293190
43960 20.041866 10.870498
43970 20.040978 9.896815
43980 20.039352 10.265227
43990 20.037530 8.207565
44000 20.033725 12.028016
44010 20.030289 10.331420
44020 20.028415 8.913447
44030 20.027126 10.844067
44040 20.027134 9.635519
44050 20.026745 9.647559
44060 20.025755 11.347475
44070 20.022942 10.553746
44080 20.019870 11.116354
44090 20.017466 9.428743
44100 20.016068 10.794059
44110 20.012941 10.593954
44120 20.008691 13.016316
44130 20.005057 10.798314
44140 20.001243 11.863310
44150 19.998297 11.057836
44160 19.996421 9.883617
44170 19.994801 10.002422
44180 19.992717 11.375860
44190 19.990640 11.867290
44200 19.986848 11.324148
44210 19.982809 10.164209
44220 19.978756 10.672855
44230 19.975251 11.110309
44240 19.971909 11.622417
44250 19.968071 11.078759
44260 19.964019 10.794619
44270 19.960136 12.181171
44280 19.957008 10.276911
44290 19.953643 11.220564
44300 19.950909 8.588338
44310 19.947244 10.689294
44320 19.942967 11.449740
44330 19.938696 10.062765
44340 19.934905 10.119893
44350 19.930715 12.052662
44360 19.926983 11.553881
44370 19.925123 10.896580
44380 19.924158 10.426686
44390 19.923656 10.251933
44400 19.924515 10.009290
44410 19.924704 9.711780
44420 19.925186 9.396721
44430 19.925961 10.908580
44440 19.927536 11.114200
44450 19.929829 10.031715
44460 19.929740 10.908584
44470 19.930346 11.102180
44480 19.931198 10.152603
44490 19.932436 9.841912
44500 19.933314 10.313185
44510 19.935355 10.294131
44520 19.939678 10.995680
44530 19.944159 11.338165
44540 19.948855 10.193958
44550 19.954324 9.799007
44560 19.959454 12.337384
44570 19.965973 8.267440
44580 19.971899 10.376874
44590 19.979655 10.861428
44600 19.986914 10.607120
44610 19.992004 9.969523
44620 19.995672 12.548630
44630 20.000847 12.586734
44640 20.006174 10.970305
44650 20.010808 10.696020
44660 20.014966 9.848057
44670 20.019853 10.805617
44680 20.025482 11.716375
44690 20.030739 9.795322
44700 20.035073 11.149066
44710 20.039594 11.034929
44720 20.044831 11.508503
44730 20.049161 11.256764
44740 20.055431 11.374906
44750 20.061726 9.874278
44760 20.068830 9.874166
44770 20.075602 11.072583
44780 20.083606 11.672988
44790 20.092795 11.026587
44800 20.101270 10.879729
44810 20.110536 9.817188
44820 20.121329 8.153841
44830 20.131253 9.881271
44840 20.141001 10.013207
44850 20.150529 9.999601
44860 20.159541 10.713931
44870 20.170305 10.957412
44880 20.182108 10.497673
44890 20.192154 10.125754
44900 20.202155 9.881182
44910 20.210965 10.273152
44920 20.219071 9.696311
44930 20.225196 11.195062
44940 20.230838 9.840101
44950 20.236148 11.388231
44960 20.241551 10.746776
44970 20.247750 10.474466
44980 20.253503 10.549214
44990 20.257512 9.907398
45000 20.258200 10.983641
45010 20.258049 9.671384
45020 20.257662 10.168169
45030 20.258393 11.147699
45040 20.258901 11.223875
45050 20.259714 9.958289
45060 20.261929 11.087378
45070 20.263709 10.011792
45080 20.263222 10.191038
45090 20.262104 10.011108
45100 20.262574 10.355566
45110 20.261909 10.397025
45120 20.258828 10.956844
45130 20.255637 11.374691
45140 20.251591 10.974353
45150 20.247152 9.928498
45160 20.243120 9.887043
45170 20.238960 12.015766
45180 20.235471 11.731817
45190 20.232115 10.775601
45200 20.228660 9.812023
45210 20.226475 8.852448
45220 20.222962 9.934972
45230 20.218577 11.158985
45240 20.214583 12.491731
45250 20.210808 10.427690
45260 20.206405 9.263634
45270 20.202290 9.792018
45280 20.198328 9.576982
45290 20.194641 11.341655
45300 20.192880 10.089742
45310 20.190743 9.023613
45320 20.187705 11.238473
45330 20.183855 12.180221
45340 20.179931 11.494516
45350 20.176106 11.056272
45360 20.173221 10.974955
45370 20.172152 10.507417
45380 20.172620 11.183634
45390 20.173805 9.476331
45400 20.174335 10.813966
45410 20.175059 11.065585
45420 20.175973 11.029576
45430 20.176657 9.537895
45440 20.176281 12.613736
45450 20.176426 10.293959
45460 20.176402 12.076417
45470 20.175412 11.707465
45480 20.174248 9.578333
45490 20.173957 9.282327
45500 20.173029 10.211137
45510 20.173416 10.515905
45520 20.173282 11.739340
45530 20.174869 11.779672
45540 20.176821 10.117267
45550 20.178710 11.829080
45560 20.181060 11.928255
45570 20.182171 10.523882
45580 20.182035 11.548057
45590 20.182751 10.447845
45600 20.183483 10.496569
45610 20.185110 10.890225
45620 20.187406 11.343282
45630 20.188886 9.311621
45640 20.190594 11.650152
45650 20.192118 10.247237
45660 20.193183 9.427445
45670 20.192449 11.580166
45680 20.190984 10.688783
45690 20.188249 11.120281
45700 20.186489 10.105159
45710 20.185742 11.861451
45720 20.184905 11.312627
45730 20.184623 10.876435
45740 20.184135 10.555144
45750 20.181467 7.746008
45760 20.179259 12.223090
45770 20.176565 11.564515
45780 20.173722 9.566012
45790 20.171645 10.357809
45800 20.170057 11.428034
45810 20.168128 12.431851
45820 20.165988 11.363672
45830 20.163527 10.308195
45840 20.163288 10.981357
45850 20.164160 8.975620
45860 20.163588 12.354793
45870 20.163984 9.852106
45880 20.164536 9.930482
45890 20.164565 10.114783
45900 20.163644 9.586979
45910 20.160405 11.966722
45920 20.157429 9.141171
45930 20.154633 11.918742
45940 20.153759 11.217278
45950 20.152802 10.514024
45960 20.151392 10.199947
45970 20.151276 11.047458
45980 20.154000 10.835078
45990 20.157089 11.611143
46000 20.161506 10.152434
46010 20.167677 9.215547
46020 20.172681 11.082538
46030 20.177667 9.405851
46040 20.182676 9.957398
46050 20.188110 11.377208
46060 20.192317 11.104061
46070 20.195562 11.344492
46080 20.199012 12.323600
46090 20.202250 11.249296
46100 20.205591 10.333260
46110 20.208356 12.424980
46120 20.211843 10.645728
46130 20.216949 11.051171
46140 20.221923 10.393393
46150 20.224360 10.984175
46160 20.226326 11.320208
46170 20.228322 11.330929
46180 20.230792 10.454872
46190 20.233402 10.829748
46200 20.234706 10.098444
46210 20.236414 11.409915
46220 20.239755 9.845709
46230 20.243639 10.544169
46240 20.248679 12.232827
46250 20.253261 7.747576
46260 20.255386 10.210074
46270 20.256923 10.777040
46280 20.259050 10.294638
46290 20.261201 10.801814
46300 20.262190 10.838739
46310 20.261319 10.337212
46320 20.260049 9.626598
46330 20.256893 12.263189
46340 20.253483 11.213962
46350 20.251074 11.641919
46360 20.250429 11.521384
46370 20.250151 12.140453
46380 20.250105 10.040054
46390 20.248691 10.196885
46400 20.246364 11.736377
46410 20.245983 11.015553
46420 20.246601 11.581737
46430 20.247399 11.216449
46440 20.248026 9.868469
46450 20.247944 10.661210
46460 20.246033 9.824227
46470 20.242435 9.928337
46480 20.239412 9.259869
46490 20.236124 11.095985
46500 20.233236 11.658641
46510 20.230273 11.392525
46520 20.228395 11.330808
46530 20.227252 10.905788
46540 20.225519 9.905351
46550 20.222212 8.072238
46560 20.218761 11.457983
46570 20.216584 11.652372
46580 20.213692 10.865420
46590 20.211186 7.600558
46600 20.207981 9.251962
46610 20.205916 9.584425
46620 20.202370 11.767243
46630 20.198836 12.316749
46640 20.195322 9.659773
46650 20.191533 10.790389
46660 20.187718 10.277595
46670 20.183581 11.461758
46680 20.179571 10.930006
46690 20.177374 7.924783
46700 20.174675 12.467373
46710 20.172888 9.604447
46720 20.170218 10.244462
46730 20.168802 12.234789
46740 20.167970 10.194751
46750 20.165561 10.382378
46760 20.161790 10.702449
46770 20.157869 10.871075
46780 20.154488 9.036926
46790 20.152342 11.208985
46800 20.150424 11.457135
46810 20.149650 12.259904
46820 20.149118 11.384898
46830 20.148697 11.246311
46840 20.146877 8.866020
46850 20.143431 10.697517
46860 20.140262 9.658362
46870 20.137994 10.296412
46880 20.135499 10.844343
46890 20.131643 10.812432
46900 20.127463 11.086367
46910 20.123516 10.196359
46920 20.119697 11.169582
46930 20.115969 10.516139
46940 20.112058 11.471622
46950 20.107944 11.526124
46960 20.104357 9.604811
46970 20.100612 9.537657
46980 20.096896 9.912758
46990 20.094598 10.489545
47000 20.093103 9.269531
47010 20.090050 11.243846
47020 20.086208 11.101088
47030 20.081857 12.142352
47040 20.078449 9.512361
47050 20.075375 8.255827
47060 20.071297 11.709655
47070 20.067549 10.533061
47080 20.064672 11.265606
47090 20.062081 11.193250
47100 20.059054 11.585923
47110 20.055189 8.927088
47120 20.051646 10.014650
47130 20.049958 12.094857
47140 20.048457 7.795192
47150 20.046018 9.936819
47160 20.043995 10.979425
47170 20.041622 9.017637
47180 20.039858 10.981950
47190 20.038157 11.390257
47200 20.035052 10.934571
47210 20.031679 9.936296
47220 20.027600 11.162037
47230 20.023547 9.578522
47240 20.019835 10.846126
47250 20.015881 10.028138
47260 20.012780 9.382145
47270 20.009273 11.990829
47280 20.005850 11.079698
47290 20.003204 10.956532
47300 19.999905 10.890872
47310 19.996201 10.647381
47320 19.993216 9.152017
47330 19.990001 10.170195
47340 19.986901 11.202007
47350 19.983684 11.793763
47360 19.979938 9.740983
47370 19.975739 9.987571
47380 19.971969 11.440852
47390 19.968756 10.858070
47400 19.965028 11.398038
47410 19.961196 10.346674
47420 19.957468 11.353372
47430 19.954007 9.960344
47440 19.951044 10.585262
47450 19.949360 8.786537
47460 19.945623 11.045433
47470 19.941511 9.403701
47480 19.938219 10.069460
47490 19.936187 10.208271
47500 19.932358 11.445090
47510 19.929680 10.200829
47520 19.926527 11.019689
47530 19.925030 9.990175
47540 19.924639 9.677532
47550 19.923788 12.473868
47560 19.924709 11.724326
47570 19.926499 9.844804
47580 19.928767 7.865666
47590 19.932582 9.808409
47600 19.936332 10.186546
47610 19.939705 13.376365
47620 19.944626 10.121598
47630 19.950214 10.790970
47640 19.955900 10.627287
47650 19.962885 11.934188
47660 19.969991 9.678731
47670 19.977243 9.777489
47680 19.986897 10.738528
47690 19.996408 10.821925
47700 20.004788 11.779351
47710 20.013741 10.077647
47720 20.020578 10.610331
47730 20.028238 11.751895
47740 20.032551 9.794206
47750 20.035918 12.179615
47760 20.040199 10.821001
47770 20.046475 11.239380
47780 20.052645 10.754445
47790 20.059379 12.018080
47800 20.065951 9.929224
47810 20.073026 9.994895
47820 20.081524 12.012485
47830 20.088602 11.827409
47840 20.094676 11.853657
47850 20.102247 11.280392
47860 20.110399 11.065951
47870 20.117339 10.559820
47880 20.124450 10.275224
47890 20.131946 10.848877
47900 20.137817 10.820178
47910 20.143880 11.947441
47920 20.152459 9.950367
47930 20.160289 11.001684
47940 20.167590 11.070383
47950 20.174575 10.153551
47960 20.180887 10.489522
47970 20.187960 11.813942
47980 20.195748 12.437853
47990 20.202408 9.754027
48000 20.211593 9.929541
48010 20.221109 10.034141
48020 20.229519 11.106559
48030 20.237890 11.078162
48040 20.248202 9.688527
48050 20.258243 10.493850
48060 20.271322 11.002870
48070 20.283640 10.133652
48080 20.293671 10.386590
48090 20.304006 10.753433
48100 20.312787 10.190062
48110 20.320951 9.608124
48120 20.329216 12.599675
48130 20.337572 11.996816
48140 20.346371 11.226080
48150 20.353356 10.375650
48160 20.360822 11.679710
48170 20.370671 9.679042
48180 20.380349 10.280966
48190 20.390112 11.972174
48200 20.398620 11.315566
48210 20.405583 10.506425
48220 20.412471 9.645502
48230 20.418607 10.809689
48240 20.425779 7.018102
48250 20.431875 9.476503
48260 20.437009 12.439644
48270 20.442094 9.502618
48280 20.447466 9.419642
48290 20.450967 10.742002
48300 20.455445 9.472434
48310 20.459375 9.635743
48320 20.461734 10.456050
48330 20.463226 11.199393
48340 20.464367 9.777840
48350 20.464922 10.389241
48360 20.465599 9.775321
48370 20.465381 11.015790
48380 20.465945 10.328635
48390 20.466746 10.251873
48400 20.468695 11.811147
48410 20.471964 8.867848
48420 20.472951 9.468961
48430 20.473167 11.178422
48440 20.473931 10.266034
48450 20.474815 11.396556
48460 20.476780 12.095065
48470 20.478383 10.918214
48480 20.478665 9.674074
48490 20.477075 10.210206
48500 20.473394 9.897653
48510 20.469535 10.073812
48520 20.466122 11.538760
48530 20.462576 10.375424
48540 20.458720 10.363882
48550 20.454675 11.654360
48560 20.452178 10.918532
48570 20.448727 10.538829
48580 20.444766 9.864222
48590 20.441825 10.413063
48600 20.439255 11.362660
48610 20.436588 10.951763
48620 20.433104 11.613093
48630 20.429738 9.852711
48640 20.427143 9.672142
48650 20.424818 11.253146
48660 20.421659 10.418992
48670 20.417693 9.806619
48680 20.414050 11.710519
48690 20.410633 10.949053
48700 20.407018 10.259464
48710 20.403534 10.630630
48720 20.400337 8.406331
48730 20.396790 9.735700
48740 20.393707 11.009025
48750 20.391280 10.871949
48760 20.388096 11.152254
48770 20.384225 9.988767
48780 20.380444 10.418829
48790 20.376694 10.038967
48800 20.373355 11.187023
48810 20.371283 11.189987
48820 20.370388 11.925358
48830 20.369723 10.259366
48840 20.368987 10.495988
48850 20.367042 11.378720
48860 20.364718 10.019128
48870 20.362474 9.545632
48880 20.359735 10.543084
48890 20.356896 12.345757
48900 20.354846 9.487063
48910 20.352929 11.349252
48920 20.350991 11.915744
48930 20.349801 9.797115
48940 20.349627 8.979453
48950 20.349368 9.324141
48960 20.348566 9.306289
48970 20.348092 9.829184
48980 20.345462 11.740808
48990 20.342756 11.534420
49000 20.339636 9.853928
49010 20.336365 9.462105
49020 20.332863 10.204560
49030 20.328885 9.629109
49040 20.325360 11.506910
49050 20.322195 10.959340
49060 20.318795 9.342966
49070 20.314480 12.766096
49080 20.311008 10.979198
49090 20.307119 11.236506
49100 20.303432 11.384801
49110 20.299498 10.343023
49120 20.295917 11.171996
49130 20.293826 9.819326
49140 20.291808 8.898583
49150 20.289066 10.320741
49160 20.286704 10.409745
49170 20.284856 10.118548
49180 20.284358 8.194648
49190 20.283816 9.538549
49200 20.282822 10.836602
49210 20.282755 10.856112
49220 20.283842 11.153493
49230 20.283713 9.490418
49240 20.281887 11.537871
49250 20.280814 11.367438
49260 20.278976 10.254542
49270 20.275488 11.584731
49280 20.272974 11.113424
49290 20.270990 11.311096
49300 20.269869 10.353890
49310 20.269412 9.508808
49320 20.269792 11.266687
49330 20.269724 11.160334
49340 20.268508 9.777507
49350 20.267593 10.994825
49360 20.265699 9.829867
49370 20.263428 11.763805
49380 20.261147 11.114900
49390 20.260735 10.482361
49400 20.259935 11.487548
49410 20.258894 11.054006
49420 20.257986 8.675000
49430 20.256110 9.870795
49440 20.253685 10.848185
49450 20.250723 9.508662
49460 20.247359 10.233316
49470 20.245595 10.256266
49480 20.244966 9.420757
49490 20.243288 11.202416
49500 20.242951 13.247081
49510 20.243397 10.188142
49520 20.243981 10.253234
49530 20.244526 11.116372
49540 20.245066 11.577880
49550 20.245400 10.857580
49560 20.245806 8.960478
49570 20.244979 10.175012
49580 20.242251 9.698892
49590 20.239508 9.836595
49600 20.236800 10.820528
49610 20.233845 11.308757
49620 20.230299 8.839244
49630 20.226712 11.249825
49640 20.223869 11.374775
49650 20.220696 11.452336
49660 20.217070 9.741570
49670 20.213867 10.386692
49680 20.210522 11.007929
49690 20.207443 10.428761
49700 20.204711 9.302419
49710 20.200867 10.833835
49720 20.197242 11.739791
49730 20.193823 11.441757
49740 20.191388 11.349671
49750 20.190615 10.327297
49760 20.190430 11.084360
49770 20.189849 8.431510
49780 20.188719 13.655136
49790 20.188416 9.985901
49800 20.187741 12.832325
49810 20.187105 10.742037
49820 20.186443 11.673593
49830 20.185134 9.596968
49840 20.183494 10.763279
49850 20.182048 10.272776
49860 20.179685 9.750206
49870 20.177739 11.001706
49880 20.176919 11.361521
49890 20.175117 10.897650
49900 20.172698 11.054596
49910 20.171468 9.421759
49920 20.170510 12.019978
49930 20.169173 9.393381
49940 20.167509 9.930024
49950 20.165430 11.272328
49960 20.163715 10.285522
49970 20.161092 10.835581
49980 20.157481 11.096094
49990 20.154349 11.337567
50000 20.152442 10.149409
50010 20.150062 10.229178
50020 20.146934 10.839309
50030 20.144375 11.307902
50040 20.141642 12.155168
50050 20.138668 10.171754
50060 20.135451 10.530273
50070 20.131541 10.076587
50080 20.128768 11.109455
50090 20.124729 12.564377
50100 20.121483 10.274642
50110 20.118433 11.436487
50120 20.117649 10.444757
50130 20.116642 10.850180
50140 20.113648 9.507112
50150 20.111124 10.047502
50160 20.108344 10.748201
50170 20.105005 10.788570
50180 20.102156 9.537542
50190 20.100097 10.158452
50200 20.096611 11.511592
50210 20.092480 12.614844
50220 20.089951 11.881688
50230 20.087043 10.888716
50240 20.085538 10.128433
50250 20.085038 12.012418
50260 20.085543 9.067914
50270 20.085080 9.031945
50280 20.083821 10.021499
50290 20.080506 11.045642
50300 20.076898 10.916100
50310 20.074289 11.383953
50320 20.073900 10.273366
50330 20.074343 11.220698
50340 20.073735 9.885633
50350 20.072710 9.688327
50360 20.073292 10.400962
50370 20.073956 11.211929
50380 20.075159 10.549069
50390 20.077057 11.042471
50400 20.078341 8.627261
50410 20.078491 9.994286
50420 20.078807 10.955270
50430 20.080879 11.402113
50440 20.082718 9.894112
50450 20.084902 10.842714
50460 20.087617 10.173338
50470 20.090349 8.255319
50480 20.091213 10.851011
50490 20.090738 11.308895
50500 20.090832 10.837596
50510 20.089826 12.286477
50520 20.088827 10.674397
50530 20.087319 11.207614
50540 20.086250 9.777745
50550 20.085844 12.007653
50560 20.085214 11.360365
50570 20.083982 10.029880
50580 20.081701 10.408674
50590 20.077830 10.303490
50600 20.074553 10.917245
50610 20.071522 10.039011
50620 20.069026 9.616372
50630 20.066353 8.047294
50640 20.063559 8.708262
50650 20.060116 10.044637
50660 20.057185 9.627703
50670 20.053529 9.674253
50680 20.050083 9.666737
50690 20.047253 9.823071
50700 20.044330 9.537658
50710 20.041210 11.060792
50720 20.037690 10.284861
50730 20.034229 9.771198
50740 20.031456 9.070690
50750 20.028356 8.672941
50760 20.026725 11.061354
50770 20.027193 10.841528
50780 20.026437 11.452243
50790 20.026292 10.331695
50800 20.026170 11.518138
50810 20.025210 12.034934
50820 20.023260 11.060535
50830 20.021001 11.750787
50840 20.018109 11.213127
50850 20.014820 14.101662
50860 20.011933 9.474155
50870 20.008288 11.555278
50880 20.004881 10.349330
50890 20.001664 10.736286
50900 19.999217 10.742453
50910 19.997774 9.939712
50920 19.996728 10.978778
50930 19.995655 9.406180
50940 19.993961 8.284227
50950 19.991861 11.167630
50960 19.989882 8.991289
50970 19.989765 10.209682
50980 19.988612 10.219163
50990 19.986593 11.794326
51000 19.984750 10.660575
51010 19.983363 10.625566
51020 19.983944 10.028491
51030 19.984332 10.616552
51040 19.982499 11.341450
51050 19.979954 11.042169
51060 19.976679 11.234917
51070 19.973853 10.864765
51080 19.971141 10.872569
51090 19.968009 10.391448
51100 19.965615 11.307416
51110 19.963604 10.781820
51120 19.962026 9.767904
51130 19.961189 9.766290
51140 19.960911 10.008808
51150 19.960535 10.968358
51160 19.960022 10.874914
51170 19.960222 11.199569
51180 19.961158 9.980013
51190 19.962236 12.933092
51200 19.962553 11.405877
51210 19.962842 10.576558
51220 19.962549 11.451343
51230 19.960847 11.298157
51240 19.958806 11.773385
51250 19.957194 10.656267
51260 19.954299 10.267770
51270 19.950570 9.165456
51280 19.948302 9.863997
51290 19.946362 12.165559
51300 19.945466 11.774997
51310 19.947305 11.768836
51320 19.950239 10.554560
51330 19.952925 9.965962
51340 19.955271 10.051238
51350 19.958008 11.229788
51360 19.961768 10.959421
51370 19.964915 10.340740
51380 19.968942 9.684274
51390 19.972387 9.851524
51400 19.975249 10.857786
51410 19.976912 10.843957
51420 19.978151 11.412858
51430 19.978219 11.019603
51440 19.976973 11.914953
51450 19.974507 10.098663
51460 19.971267 11.256559
51470 19.968908 8.909076
51480 19.966875 10.324192
51490 19.965305 10.567698
51500 19.963866 8.334238
51510 19.961254 10.806920
51520 19.958328 9.665097
51530 19.955891 11.641198
51540 19.953226 10.235009
51550 19.950071 11.067442
51560 19.948024 11.815709
51570 19.946646 10.267406
51580 19.945696 7.249030
51590 19.943690 10.980209
51600 19.943075 11.153561
51610 19.943287 11.208675
51620 19.942463 9.496959
51630 19.939471 10.935241
51640 19.936754 9.349318
51650 19.934126 9.942544
51660 19.930896 11.159086
51670 19.928663 8.332870
51680 19.924897 12.627373
51690 19.923210 9.633201
51700 19.920990 10.943745
51710 19.918878 10.163659
51720 19.918039 9.352303
51730 19.916393 9.379006
51740 19.913036 9.915639
51750 19.909410 10.218532
51760 19.905972 9.976702
51770 19.902595 11.411503
51780 19.899237 11.834724
51790 19.897016 9.860757
51800 19.895262 10.261499
51810 19.893519 11.747752
51820 19.892274 11.011619
51830 19.890813 10.402153
51840 19.890641 9.474970
51850 19.890085 12.776249
51860 19.891721 9.750539
51870 19.893940 9.879797
51880 19.895649 11.298400
51890 19.897957 10.695248
51900 19.898931 11.398898
51910 19.900728 9.828304
51920 19.902609 10.417788
51930 19.903824 9.765845
51940 19.903452 10.027350
51950 19.902202 10.580104
51960 19.900502 10.688819
51970 19.897799 10.704012
51980 19.895553 9.542234
51990 19.893503 13.552211
52000 19.892859 11.044463
52010 19.892158 10.174734
52020 19.889711 11.609066
52030 19.888279 10.257842
52040 19.887149 10.718122
52050 19.884805 9.447938
52060 19.882187 10.103071
52070 19.878794 10.618663
52080 19.875210 11.159895
52090 19.872076 11.099449
52100 19.868291 9.934571
52110 19.864775 11.202122
52120 19.860939 9.777555
52130 19.857327 11.459645
52140 19.854542 9.526603
52150 19.851405 10.367165
52160 19.848184 10.106063
52170 19.844520 11.526722
52180 19.840917 9.825948
52190 19.837376 11.407599
52200 19.834321 10.932327
52210 19.832717 8.844301
52220 19.830888 10.745349
52230 19.828275 10.048115
52240 19.824847 11.034634
52250 19.821505 10.655161
52260 19.818423 10.949780
52270 19.815495 10.865194
52280 19.812132 11.161482
52290 19.808657 10.958210
52300 19.805246 8.796833
52310 19.803088 12.012867
52320 19.801212 10.827170
52330 19.799947 9.744875
52340 19.801763 10.216890
52350 19.803074 10.539253
52360 19.802803 11.181020
52370 19.801427 11.280831
52380 19.798508 10.378544
52390 19.794835 11.532654
52400 19.791076 8.369345
52410 19.788430 10.141908
52420 19.785777 10.726124
52430 19.783291 9.994463
52440 19.780059 8.474256
52450 19.776749 10.654123
52460 19.773686 11.778864
52470 19.770200 9.675638
52480 19.766722 11.080562
52490 19.763309 10.831529
52500 19.761128 9.746450
52510 19.759970 11.662457
52520 19.758349 9.577136
52530 19.755384 11.304045
52540 19.753611 9.710255
52550 19.751712 10.588752
52560 19.750249 11.581630
52570 19.748159 9.879780
52580 19.746679 11.558734
52590 19.745578 9.140027
52600 19.745764 10.638074
52610 19.745009 10.532595
52620 19.744919 10.741843
52630 19.744036 10.787878
52640 19.744527 10.519893
52650 19.744530 11.928892
52660 19.743586 11.023391
52670 19.744204 10.021898
52680 19.743904 11.337549
52690 19.743879 9.235616
52700 19.744369 8.970357
52710 19.744952 8.799360
52720 19.746500 10.200399
52730 19.748640 9.810428
52740 19.751061 9.835744
52750 19.752302 9.049439
52760 19.752874 9.950441
52770 19.750792 9.777396
52780 19.748898 11.121397
52790 19.747815 9.816990
52800 19.746907 10.071481
52810 19.746720 9.705203
52820 19.746771 9.748030
52830 19.746974 10.590971
52840 19.747639 10.131948
52850 19.748136 9.903134
52860 19.749815 11.615369
52870 19.753224 8.875285
52880 19.756537 9.332467
52890 19.760009 8.547534
52900 19.762926 11.196481
52910 19.767567 9.611648
52920 19.771317 9.786058
52930 19.773338 9.626789
52940 19.774780 11.716794
52950 19.776053 11.021138
52960 19.777896 9.626797
52970 19.778856 8.185626
52980 19.779425 10.893886
52990 19.781257 8.841013
53000 19.782606 11.495037
53010 19.783192 8.549653
53020 19.781618 9.713820
53030 19.779927 9.992838
53040 19.776982 9.050870
53050 19.773676 10.744033
53060 19.770127 7.564185
53070 19.767809 9.104871
53080 19.766352 12.075917
53090 19.765960 9.879731
53100 19.765803 12.044338
53110 19.766214 11.114047
53120 19.767805 9.615633
53130 19.768912 10.597391
53140 19.770121 10.571580
53150 19.771010 9.981619
53160 19.771850 11.894984
53170 19.773714 7.585818
53180 19.775281 10.643748
53190 19.776745 11.807075
53200 19.777408 10.128317
53210 19.777934 9.914886
53220 19.776316 10.064764
53230 19.773210 13.333777
53240 19.771288 9.298516
53250 19.768803 10.989510
53260 19.766166 10.032169
53270 19.762990 10.111850
53280 19.760545 10.677131
53290 19.757056 9.589229
53300 19.754208 9.996804
53310 19.752627 11.924094
53320 19.752019 10.273559
53330 19.751575 10.816076
53340 19.752621 9.380087
53350 19.752204 9.336610
53360 19.752432 11.534181
53370 19.753071 9.317385
53380 19.753659 10.122178
53390 19.753747 9.540434
53400 19.752693 11.788392
53410 19.751429 9.292542
53420 19.749203 10.585677
53430 19.748244 10.067281
53440 19.748056 11.555218
53450 19.748546 10.122371
53460 19.749265 12.408771
53470 19.748719 13.899063
53480 19.749463 11.219788
53490 19.750834 10.707617
53500 19.751638 10.755697
53510 19.753683 9.450027
53520 19.755488 11.292456
53530 19.759361 11.435176
53540 19.763702 10.053679
53550 19.768607 10.232612
53560 19.773693 10.810342
53570 19.778273 9.911020
53580 19.781921 9.066344
53590 19.785469 10.153021
53600 19.787851 9.337454
53610 19.787570 11.400946
53620 19.787751 9.951588
53630 19.787040 11.905990
53640 19.786304 9.593616
53650 19.785716 10.925029
53660 19.784685 10.650794
53670 19.783104 9.836174
53680 19.780911 11.175709
53690 19.779031 9.822176
53700 19.776795 10.991981
53710 19.773923 12.781146
53720 19.771109 11.312087
53730 19.768288 10.082174
53740 19.766421 10.500299
53750 19.763297 11.217318
53760 19.760385 12.237460
53770 19.757480 10.720848
53780 19.754166 10.317875
53790 19.751186 9.455862
53800 19.749901 11.498749
53810 19.748554 9.528520
53820 19.748332 10.130761
53830 19.746738 10.118392
53840 19.743802 10.560445
53850 19.740620 9.760461
53860 19.738426 10.215791
53870 19.738095 9.848702
53880 19.737315 9.785651
53890 19.735288 10.657801
53900 19.732440 10.050071
53910 19.731048 11.310069
53920 19.730317 10.930139
53930 19.729522 9.359896
53940 19.727945 10.457722
53950 19.725524 10.063266
53960 19.722252 10.868916
53970 19.719604 9.570490
53980 19.717815 10.541517
53990 19.716857 9.814067
54000 19.716926 9.510819
54010 19.715833 10.205611
54020 19.713538 11.092519
54030 19.710408 9.652686
54040 19.708408 10.688879
54050 19.707231 8.765085
54060 19.705441 11.170036
54070 19.705955 9.751969
54080 19.708289 10.572566
54090 19.711516 8.032285
54100 19.713849 11.364313
54110 19.714658 10.756652
54120 19.714849 10.094809
54130 19.713952 9.546711
54140 19.713784 11.041831
54150 19.713627 10.734963
54160 19.713688 11.337823
54170 19.716375 11.166620
54180 19.720171 9.430443
54190 19.723987 10.232424
54200 19.727084 9.973724
54210 19.728854 9.625007
54220 19.729423 11.887738
54230 19.730893 9.916458
54240 19.731497 8.958111
54250 19.729966 13.143302
54260 19.727270 8.753423
54270 19.724495 9.691942
54280 19.721338 8.962363
54290 19.718158 11.387404
54300 19.715537 10.220902
54310 19.713317 10.126373
54320 19.712746 11.310905
54330 19.713081 11.247825
54340 19.712107 12.428575
54350 19.711063 8.883991
54360 19.710064 9.631380
54370 19.709538 9.646511
54380 19.707883 10.529751
54390 19.704738 11.548486
54400 19.701656 9.813734
54410 19.698846 9.250876
54420 19.698075 13.027591
54430 19.696968 10.762003
54440 19.694899 11.067154
54450 19.693842 9.938144
54460 19.692863 10.712259
54470 19.691645 10.836427
54480 19.690321 9.254216
54490 19.688049 11.803945
54500 19.685194 11.623137
54510 19.683392 7.386295
54520 19.681130 11.020142
54530 19.679205 9.875356
54540 19.676491 9.568637
54550 19.673167 10.419712
54560 19.671019 9.303378
54570 19.670173 10.814988
54580 19.670803 9.730835
54590 19.671549 10.841647
54600 19.673950 9.204677
54610 19.675263 10.728254
54620 19.676185 10.009049
54630 19.675886 10.136846
54640 19.673498 10.652170
54650 19.670154 11.875243
54660 19.667612 11.430557
54670 19.665555 10.141963
54680 19.663289 8.581376
54690 19.660198 9.822875
54700 19.656880 9.484573
54710 19.653766 12.033116
54720 19.650762 9.071132
54730 19.647363 10.970483
54740 19.643991 8.488715
54750 19.641062 10.368961
54760 19.638114 9.146907
54770 19.634989 11.280606
54780 19.633435 10.897269
54790 19.633492 9.409929
54800 19.634092 10.148167
54810 19.634746 8.977428
54820 19.634448 9.899805
54830 19.633680 10.622627
54840 19.633357 11.052105
54850 19.632856 10.169069
54860 19.632590 11.183526
54870 19.633014 9.609846
54880 19.634302 9.804216
54890 19.635188 9.672466
54900 19.636418 11.700849
54910 19.636845 10.529932
54920 19.638210 11.186962
54930 19.639699 8.938209
54940 19.639494 9.731390
54950 19.637947 10.211229
54960 19.636948 9.650990
54970 19.636520 8.801389
54980 19.636009 11.055573
54990 19.635602 9.889361
55000 19.634735 11.878876
55010 19.633907 8.801523
55020 19.632446 9.123050
55030 19.631355 9.792031
55040 19.631027 10.959576
55050 19.629314 9.763664
55060 19.626972 11.073525
55070 19.623875 9.068892
55080 19.620641 11.258194
55090 19.617428 9.950635
55100 19.614531 9.831907
55110 19.611321 10.551931
55120 19.607943 10.872038
55130 19.604851 11.041908
55140 19.602581 11.773189
55150 19.600932 11.112402
55160 19.598858 7.852564
55170 19.595666 10.122410
55180 19.593588 11.604215
55190 19.591742 8.898729
55200 19.588648 10.153569
55210 19.585557 11.200101
55220 19.582318 11.596082
55230 19.580948 11.978254
55240 19.579888 11.212786
55250 19.579255 10.502739
55260 19.579024 9.738432
55270 19.577289 10.610889
55280 19.573968 12.409647
55290 19.571277 9.830485
55300 19.568709 8.885631
55310 19.565530 9.740820
55320 19.562275 10.681005
55330 19.559216 11.516979
55340 19.556974 9.378511
55350 19.553900 10.066710
55360 19.550634 10.831382
55370 19.547879 8.406322
55380 19.546158 12.646587
55390 19.544570 9.531345
55400 19.541123 9.138435
55410 19.538024 9.800676
55420 19.534870 10.741926
55430 19.531827 10.624026
55440 19.528794 9.508312
55450 19.525608 10.805301
55460 19.522117 10.902843
55470 19.519265 10.804624
55480 19.516201 11.027966
55490 19.513387 10.996766
55500 19.510731 10.417416
55510 19.507925 10.859462
55520 19.506422 9.954132
55530 19.505156 9.473593
55540 19.504390 9.644704
55550 19.502753 11.146113
55560 19.500513 10.357533
55570 19.497724 10.737234
55580 19.496584 9.795884
55590 19.495125 9.245788
55600 19.492781 9.388516
55610 19.490018 10.461198
55620 19.488052 9.800626
55630 19.486986 9.484254
55640 19.486203 7.245224
55650 19.485652 8.907805
55660 19.484842 11.502450
55670 19.484321 8.755679
55680 19.483351 10.490292
55690 19.481782 9.225854
55700 19.480274 9.253269
55710 19.479404 9.678914
55720 19.479250 10.928034
55730 19.481633 10.903420
55740 19.485010 8.789155
55750 19.487825 9.737286
55760 19.489772 9.039252
55770 19.489570 11.670040
55780 19.488973 8.362207
55790 19.487006 9.936945
55800 19.485853 9.765595
55810 19.484255 9.540429
55820 19.482424 8.868879
55830 19.481312 10.872381
55840 19.481206 10.967475
55850 19.481199 9.272806
55860 19.480777 10.518493
55870 19.480529 9.621837
55880 19.479840 10.544494
55890 19.480045 10.551760
55900 19.480173 9.746652
55910 19.481352 9.823192
55920 19.484054 10.067798
55930 19.485737 9.720570
55940 19.486899 10.655589
55950 19.487928 11.132023
55960 19.488598 10.530128
55970 19.488106 9.622789
55980 19.486370 7.866144
55990 19.483501 11.105433
56000 19.480247 12.463398
56010 19.477521 10.560814
56020 19.474137 10.891988
56030 19.471591 10.344068
56040 19.469085 11.575307
56050 19.465989 10.570458
56060 19.463554 10.128613
56070 19.462198 9.691673
56080 19.460119 11.428781
56090 19.457425 11.949827
56100 19.455546 9.020492
56110 19.452887 9.806121
56120 19.450349 11.357176
56130 19.448121 9.584531
56140 19.445899 11.126459
56150 19.444808 9.706201
56160 19.443321 9.273209
56170 19.441071 9.641627
56180 19.437611 12.104608
56190 19.435057 11.124126
56200 19.432391 11.244744
56210 19.430291 9.409414
56220 19.428199 10.081560
56230 19.426136 10.587051
56240 19.423716 11.191680
56250 19.420571 8.971460
56260 19.417418 9.625746
56270 19.415329 10.454777
56280 19.414155 12.457282
56290 19.413373 10.918650
56300 19.411988 9.679726
56310 19.409158 10.719643
56320 19.406062 12.710381
56330 19.402953 10.939184
56340 19.400979 9.618176
56350 19.400482 9.623592
56360 19.399597 9.495977
56370 19.397257 10.448795
56380 19.393910 11.907113
56390 19.391708 9.926492
56400 19.390402 10.590735
56410 19.389591 9.810926
56420 19.388451 9.133745
56430 19.387039 10.500364
56440 19.384523 11.378943
56450 19.381457 11.756142
56460 19.378260 8.736888
56470 19.375305 9.232199
56480 19.372597 9.425437
56490 19.369392 9.192966
56500 19.367896 10.803329
56510 19.365363 10.729928
56520 19.362521 11.772903
56530 19.360745 11.374683
56540 19.359515 10.018704
56550 19.358426 9.092139
56560 19.358970 10.368540
56570 19.360519 9.878234
56580 19.362808 9.923974
56590 19.364842 9.715160
56600 19.366866 11.899922
56610 19.370220 11.456067
56620 19.374276 9.769497
56630 19.375892 10.333305
56640 19.375750 11.497710
56650 19.374982 10.979443
56660 19.373978 10.456546
56670 19.372490 11.449209
56680 19.371556 9.444964
56690 19.370196 9.479810
56700 19.367589 10.669207
56710 19.365178 11.626732
56720 19.363434 9.206374
56730 19.362285 10.418599
56740 19.360440 10.524904
56750 19.359072 12.119095
56760 19.357717 10.001890
56770 19.355309 11.082964
56780 19.352504 9.114484
56790 19.350996 8.676958
56800 19.350400 10.735340
56810 19.350789 10.573040
56820 19.351146 9.839877
56830 19.349358 11.439561
56840 19.347061 9.193760
56850 19.345046 10.010510
56860 19.342280 10.441362
56870 19.340598 9.096101
56880 19.338872 9.702456
56890 19.336724 9.717416
56900 19.333817 8.771901
56910 19.332400 11.176802
56920 19.331502 9.334713
56930 19.331477 9.342048
56940 19.331205 8.974967
56950 19.330038 11.517937
56960 19.329480 9.080879
56970 19.328344 10.493057
56980 19.326963 10.390502
56990 19.325392 11.358020
57000 19.323858 10.875915
57010 19.322977 11.147812
57020 19.322657 11.113304
57030 19.322103 10.753124
57040 19.321624 9.952393
57050 19.320446 9.397092
57060 19.318496 11.129535
57070 19.316095 11.028676
57080 19.312636 12.860030
57090 19.310114 9.995934
57100 19.307443 10.894506
57110 19.305200 11.364755
57120 19.303434 9.954285
57130 19.300793 10.325050
57140 19.298625 9.706134
57150 19.296457 8.422043
57160 19.295638 9.890041
57170 19.295125 11.268141
57180 19.294844 10.729338
57190 19.295679 9.115081
57200 19.297790 10.201146
57210 19.299749 11.271262
57220 19.301029 10.316324
57230 19.300438 10.257459
57240 19.299570 9.445066
57250 19.297404 11.185880
57260 19.294485 10.004455
57270 19.291441 10.566698
57280 19.289119 12.110630
57290 19.286256 9.200596
57300 19.283213 11.622722
57310 19.280861 10.858470
57320 19.277682 10.939995
57330 19.274915 8.352301
57340 19.272178 10.443215
57350 19.269423 10.414137
57360 19.267580 11.295806
57370 19.266722 7.358884
57380 19.264113 11.475205
57390 19.262268 10.475016
57400 19.260529 10.026996
57410 19.260356 9.314673
57420 19.261468 10.571774
57430 19.262223 13.401433
57440 19.262543 12.058351
57450 19.263029 10.274145
57460 19.264088 9.873353
57470 19.265183 10.190958
57480 19.265493 9.104344
57490 19.264275 9.672025
57500 19.262692 10.902619
57510 19.261044 10.620463
57520 19.258230 8.656167
57530 19.255295 12.286732
57540 19.253303 10.515472
57550 19.250666 11.047032
57560 19.248651 9.580134
57570 19.247134 9.353341
57580 19.244616 10.306797
57590 19.242324 9.552291
57600 19.239521 14.057267
57610 19.236843 11.378081
57620 19.233784 10.359206
57630 19.231615 10.200026
57640 19.229188 10.887474
57650 19.226049 10.672822
57660 19.223556 8.828152
57670 19.220854 8.265937
57680 19.218079 10.235495
57690 19.215932 9.821988
57700 19.213692 11.859468
57710 19.212012 9.802420
57720 19.209177 9.213522
57730 19.205951 11.380123
57740 19.203966 9.237514
57750 19.201195 9.765017
57760 19.198936 10.863676
57770 19.196994 10.457166
57780 19.195643 10.440862
57790 19.193782 9.827037
57800 19.191944 9.690445
57810 19.189612 9.883353
57820 19.187085 8.827522
57830 19.183869 12.264370
57840 19.180905 10.882993
57850 19.178740 8.903787
57860 19.178294 9.532508
57870 19.177282 9.803733
57880 19.175534 9.352660
57890 19.173085 10.649112
57900 19.170704 9.602472
57910 19.167307 9.094528
57920 19.164642 9.034528
57930 19.162069 9.478390
57940 19.158698 11.316824
57950 19.156097 10.142381
57960 19.153176 10.751273
57970 19.149922 11.528967
57980 19.147350 9.536797
57990 19.144607 9.717561
58000 19.141831 9.402845
58010 19.138936 10.727318
58020 19.136080 10.716319
58030 19.134042 9.438225
58040 19.134090 11.556709
58050 19.133648 10.229435
58060 19.133087 11.108723
58070 19.132962 12.864117
58080 19.134440 10.532776
58090 19.135004 9.563124
58100 19.135999 9.836700
58110 19.137051 9.623320
58120 19.137261 9.358002
58130 19.137566 9.804885
58140 19.136244 10.882426
58150 19.135563 9.343447
58160 19.134952 9.304109
58170 19.133727 9.372064
58180 19.132829 11.604665
58190 19.133669 9.201373
58200 19.133980 9.772183
58210 19.134295 10.489665
58220 19.134299 8.929605
58230 19.134142 9.245961
58240 19.133748 11.208988
58250 19.133299 8.485257
58260 19.131310 9.665461
58270 19.129264 9.663317
58280 19.127087 9.035354
58290 19.125001 11.188240
58300 19.125018 10.332322
58310 19.126012 9.539423
58320 19.127570 9.467950
58330 19.129946 10.808247
58340 19.132174 11.101952
58350 19.133460 11.466387
58360 19.135314 9.651656
58370 19.136823 9.118647
58380 19.138010 10.615091
58390 19.139949 11.000683
58400 19.142973 10.420172
58410 19.145957 9.618859
58420 19.149240 9.495286
58430 19.152317 10.111172
58440 19.156778 10.194162
58450 19.161639 9.304263
58460 19.167036 10.377479
58470 19.173182 10.653417
58480 19.180485 11.035740
58490 19.186756 9.698673
58500 19.193421 8.875892
58510 19.199589 9.006159
58520 19.204618 9.536089
58530 19.209625 10.740007
58540 19.214646 11.237874
58550 19.219914 10.587025
58560 19.224392 9.210489
58570 19.228039 11.032095
58580 19.232068 9.513889
58590 19.235958 10.545664
58600 19.239954 10.370957
58610 19.243552 11.138468
58620 19.246173 10.319206
58630 19.248105 10.564592
58640 19.248952 8.012204
58650 19.248324 9.203005
58660 19.245873 11.893150
58670 19.242699 10.966887
58680 19.239484 11.116800
58690 19.236637 10.549805
58700 19.234099 10.281952
58710 19.231413 11.737401
58720 19.228624 8.644538
58730 19.226284 10.644753
58740 19.224061 10.320124
58750 19.222399 10.705444
58760 19.222811 9.713979
58770 19.223559 11.646574
58780 19.224631 10.213620
58790 19.224676 10.237488
58800 19.223583 11.086082
58810 19.223056 11.351963
58820 19.223061 9.609154
58830 19.220509 10.596476
58840 19.218312 9.056471
58850 19.216558 10.423409
58860 19.216307 10.552303
58870 19.218241 10.864125
58880 19.221095 12.225539
58890 19.225335 7.784418
58900 19.229047 11.778904
58910 19.232782 9.879802
58920 19.236529 9.514363
58930 19.239810 8.787871
58940 19.242246 7.884129
58950 19.243329 10.161708
58960 19.245986 10.503771
58970 19.248696 10.801697
58980 19.251156 9.598338
58990 19.253527 8.573547
59000 19.255086 8.798197
59010 19.255428 9.691686
59020 19.255756 9.116104
59030 19.255241 10.704787
59040 19.255959 10.570651
59050 19.257415 11.113546
59060 19.259046 8.428973
59070 19.260050 8.036033
59080 19.260036 10.955027
59090 19.259331 12.957670
59100 19.260623 10.991201
59110 19.261683 12.151005
59120 19.262689 10.877536
59130 19.263744 10.953282
59140 19.262509 10.481210
59150 19.260421 10.045263
59160 19.257030 13.066343
59170 19.254313 10.608343
59180 19.251727 11.062198
59190 19.249667 10.306429
59200 19.247999 12.157389
59210 19.245530 10.409497
59220 19.242727 9.053239
59230 19.240348 12.008068
59240 19.238217 9.019742
59250 19.236342 10.862872
59260 19.236356 10.049858
59270 19.237731 8.990364
59280 19.237509 10.922017
59290 19.237179 10.491674
59300 19.237470 9.751597
59310 19.239106 9.853657
59320 19.240932 11.311727
59330 19.242395 9.138611
59340 19.243979 10.875317
59350 19.245036 9.961797
59360 19.244636 9.936586
59370 19.243425 11.226256
59380 19.242521 10.178714
59390 19.241461 10.472340
59400 19.241460 9.765776
59410 19.242185 7.911565
59420 19.241625 9.900230
59430 19.241946 11.096994
59440 19.243498 10.638429
59450 19.246486 10.586489
59460 19.250057 13.229897
59470 19.253975 10.536294
59480 19.257009 10.924310
59490 19.259783 10.535554
59500 19.262810 9.939150
59510 19.265917 11.156708
59520 19.268416 9.795773
59530 19.270133 9.667220
59540 19.271501 10.616150
59550 19.271160 10.406930
59560 19.269604 11.362097
59570 19.268218 9.269590
59580 19.266695 10.887128
59590 19.264995 10.043326
59600 19.264909 9.026346
59610 19.266759 11.998809
59620 19.269852 11.249304
59630 19.272190 10.088015
59640 19.274901 8.414765
59650 19.277506 9.587364
59660 19.280449 10.714109
59670 19.283438 10.388885
59680 19.286979 9.225987
59690 19.289321 10.801173
59700 19.291681 10.780294
59710 19.294394 10.958038
59720 19.297512 10.937222
59730 19.300689 9.733186
59740 19.303347 11.171207
59750 19.306399 9.913607
59760 19.311469 10.054006
59770 19.317929 10.963363
59780 19.325985 11.457456
59790 19.334316 9.623287
59800 19.343082 9.740695
59810 19.352493 9.106256
59820 19.361822 11.974803
59830 19.368913 11.291027
59840 19.376196 8.417791
59850 19.382312 8.010664
59860 19.387676 9.171372
59870 19.392256 10.362019
59880 19.395704 9.649411
59890 19.397344 10.450452
59900 19.398483 11.257033
59910 19.399264 10.956624
59920 19.400791 11.141528
59930 19.401612 9.597270
59940 19.401975 10.499245
59950 19.403236 9.127387
59960 19.403733 10.076120
59970 19.405436 9.918065
59980 19.405743 9.442057
59990 19.406148 9.975050
60000 19.406212 10.896098
60010 19.406435 9.433412
60020 19.407187 10.374916
60030 19.408432 9.420156
60040 19.409182 10.397935
60050 19.411549 10.442610
60060 19.414105 9.296566
60070 19.414751 9.931968
60080 19.416037 12.656444
60090 19.417917 9.173083
60100 19.419122 10.799919
60110 19.419742 10.473507
60120 19.420853 9.929616
60130 19.422578 9.902519
60140 19.424047 10.371079
60150 19.424359 9.321825
60160 19.422980 9.940656
60170 19.421340 9.219100
60180 19.419799 12.105465
60190 19.417974 11.753455
60200 19.414697 11.388911
60210 19.411816 11.664162
60220 19.409718 10.425593
60230 19.408938 11.950047
60240 19.409134 9.920213
60250 19.409754 8.774450
60260 19.411035 11.277244
60270 19.411992 9.823966
60280 19.412694 10.514529
60290 19.413099 7.218285
60300 19.412272 9.603364
60310 19.411160 10.988838
60320 19.410994 10.346561
60330 19.410238 9.768340
60340 19.409387 9.761275
60350 19.408460 9.166974
60360 19.406248 11.800053
60370 19.404522 9.681823
60380 19.402153 9.795590
60390 19.399610 10.665473
60400 19.397497 9.868960
60410 19.394538 10.440402
60420 19.391592 8.927140
60430 19.389095 8.955921
60440 19.386205 10.671769
60450 19.384102 9.655605
60460 19.381422 10.747347
60470 19.378522 9.055148
60480 19.375922 9.863413
60490 19.373317 10.086376
60500 19.370959 11.899442
60510 19.368376 9.282670
60520 19.365480 10.512526
60530 19.362694 9.707231
60540 19.359989 9.218442
60550 19.357216 9.975083
60560 19.354545 9.041042
60570 19.351530 9.179693
60580 19.348520 11.447850
60590 19.346147 9.516297
60600 19.343408 10.070897
60610 19.341296 9.678878
60620 19.339615 10.593243
60630 19.338314 10.378682
60640 19.335674 10.646258
60650 19.333070 11.016775
60660 19.331407 11.473748
60670 19.329473 11.288533
60680 19.327948 9.621039
60690 19.325617 10.612902
60700 19.323957 9.249614
60710 19.322784 10.351966
60720 19.321810 10.110268
60730 19.320279 9.887222
60740 19.318600 9.144953
60750 19.316095 10.485244
60760 19.313578 10.487573
60770 19.311060 9.943994
60780 19.308326 11.606479
60790 19.305975 9.488394
60800 19.305509 9.126338
60810 19.305881 10.576604
60820 19.306879 7.535761
60830 19.307572 9.343080
60840 19.308820 9.599565
60850 19.310830 10.358934
60860 19.313165 8.927230
60870 19.315008 9.133463
60880 19.315876 9.231553
60890 19.315026 9.699998
60900 19.313538 10.422492
60910 19.312629 9.432593
60920 19.312114 8.869181
60930 19.310426 9.189801
60940 19.308488 10.936041
60950 19.305678 9.711319
60960 19.303480 9.667127
60970 19.301409 8.965481
60980 19.298612 9.663890
60990 19.296288 7.826628
61000 19.293333 10.070802
61010 19.290238 11.264327
61020 19.287421 10.589372
61030 19.285319 10.678951
61040 19.284131 10.319402
61050 19.282077 10.863974
61060 19.279937 10.977379
61070 19.277423 10.068827
61080 19.275179 9.312520
61090 19.272991 11.112471
61100 19.271919 10.352428
61110 19.271420 10.620989
61120 19.270570 9.098258
61130 19.267794 10.966997
61140 19.265120 9.789250
61150 19.262358 11.278872
61160 19.259498 10.873951
61170 19.256625 9.319990
61180 19.254483 9.060468
61190 19.252878 8.923856
61200 19.250047 11.479160
61210 19.247471 9.512303
61220 19.244569 9.305089
61230 19.242093 9.739040
61240 19.239345 10.895728
61250 19.237056 10.506167
61260 19.236094 8.509642
61270 19.234206 11.622225
61280 19.231459 11.444494
61290 19.228677 10.885792
61300 19.225800 10.796685
61310 19.223082 10.299478
61320 19.221358 9.608438
61330 19.219449 11.993839
61340 19.218384 9.701485
61350 19.216836 9.934111
61360 19.216620 10.757436
61370 19.217353 9.155817
61380 19.218000 9.750076
61390 19.217037 9.331416
61400 19.216246 10.764483
61410 19.214730 10.164747
61420 19.212583 11.651041
61430 19.209960 10.694879
61440 19.207104 9.346874
61450 19.204435 9.636274
61460 19.202769 9.868803
61470 19.200230 10.641952
61480 19.197617 9.800477
61490 19.194554 10.534258
61500 19.191530 10.400799
61510 19.189183 10.940782
61520 19.188424 11.409108
61530 19.189537 9.847321
61540 19.189318 11.171427
61550 19.187574 10.909882
61560 19.185484 9.273489
61570 19.182864 10.531030
61580 19.179826 10.725431
61590 19.177485 9.787351
61600 19.174829 9.422030
61610 19.172409 10.677053
61620 19.171749 9.712331
61630 19.172658 10.762823
61640 19.174114 9.259397
61650 19.175620 12.869116
61660 19.177388 10.871734
61670 19.179970 10.473263
61680 19.181872 10.492965
61690 19.183536 11.362428
61700 19.186321 9.110792
61710 19.189470 7.317918
61720 19.191905 10.465259
61730 19.194600 9.713501
61740 19.196988 11.055751
61750 19.198047 10.386310
61760 19.198422 10.316375
61770 19.197832 9.868924
61780 19.196027 11.329788
61790 19.194783 10.447584
61800 19.193011 9.683019
61810 19.190769 9.402820
61820 19.188028 11.323863
61830 19.185356 9.372502
61840 19.183183 9.793037
61850 19.181288 9.017237
61860 19.179168 9.960897
61870 19.176926 10.290221
61880 19.175582 10.746424
61890 19.174036 8.828654
61900 19.171732 8.852021
61910 19.170688 9.507758
61920 19.169271 8.387637
61930 19.166959 8.926727
61940 19.164799 10.842161
61950 19.162736 9.656145
61960 19.161158 11.639234
61970 19.160326 9.600572
61980 19.159755 10.392990
61990 19.159616 10.351692
62000 19.159258 10.231265
62010 19.158707 11.598470
62020 19.158953 12.484658
62030 19.159620 9.394209
62040 19.161107 9.699809
62050 19.162658 8.995696
62060 19.164883 10.368275
62070 19.167516 9.725717
62080 19.169590 9.155303
62090 19.171346 9.168840
62100 19.171975 10.016258
62110 19.171987 12.813289
62120 19.173314 10.412404
62130 19.174108 10.115846
62140 19.174417 9.754848
62150 19.174060 11.162742
62160 19.173094 8.986464
62170 19.172247 10.579705
62180 19.171499 10.410007
62190 19.170216 10.646264
62200 19.168063 10.876689
62210 19.166327 10.614893
62220 19.164707 9.995715
62230 19.162005 10.493237
62240 19.159207 11.287696
62250 19.156100 10.991888
62260 19.153832 9.503060
62270 19.152393 9.382878
62280 19.151377 10.275113
62290 19.150247 11.405548
62300 19.150549 9.589727
62310 19.150912 10.069343
62320 19.149895 9.501288
62330 19.149269 11.290854
62340 19.149779 9.526229
62350 19.150466 10.523084
62360 19.150978 10.967442
62370 19.152409 9.763026
62380 19.153906 9.379847
62390 19.154264 10.856745
62400 19.154276 8.970680
62410 19.155184 10.867506
62420 19.155414 10.825235
62430 19.155541 9.767084
62440 19.157422 9.585217
62450 19.159144 9.740328
62460 19.160282 9.757104
62470 19.161925 10.145164
62480 19.165341 10.525566
62490 19.168353 10.156848
62500 19.171866 10.291051
62510 19.175436 9.606648
62520 19.180523 9.916989
62530 19.184892 10.992530
62540 19.188634 10.005204
62550 19.191330 9.192695
62560 19.193923 10.477062
62570 19.198223 9.601460
62580 19.201579 10.873289
62590 19.204278 10.262577
62600 19.206908 9.370514
62610 19.208619 9.302487
62620 19.208372 9.349533
62630 19.207326 8.180598
62640 19.205278 10.804657
62650 19.202893 9.132305
62660 19.200030 8.896310
62670 19.196958 12.229982
62680 19.194554 8.714456
62690 19.191954 8.270417
62700 19.190188 9.477664
62710 19.188623 9.583557
62720 19.186259 9.298896
62730 19.183504 9.853680
62740 19.181062 9.587476
62750 19.179750 10.236332
62760 19.179487 11.012504
62770 19.179531 11.088076
62780 19.180915 10.259429
62790 19.183183 9.902831
62800 19.186593 11.121418
62810 19.190513 10.482350
62820 19.196340 9.047960
62830 19.201706 9.337817
62840 19.206773 10.689991
62850 19.211961 9.737465
62860 19.215537 9.712424
62870 19.218120 10.366466
62880 19.220263 10.585670
62890 19.222687 9.764161
62900 19.225751 9.145613
62910 19.228297 9.962659
62920 19.231421 10.678069
62930 19.234367 11.002412
62940 19.236988 11.010195
62950 19.240543 11.282146
62960 19.245062 10.999072
62970 19.248849 9.371541
62980 19.253056 8.944592
62990 19.256714 9.511471
63000 19.259184 10.834955
63010 19.261189 8.727971
63020 19.262248 9.088313
63030 19.262818 9.730871
63040 19.263455 7.284706
63050 19.262917 10.295878
63060 19.262108 9.781562
63070 19.260953 8.666877
63080 19.258946 9.209896
63090 19.257906 9.834186
63100 19.257446 9.793582
63110 19.257649 8.657956
63120 19.258058 9.641891
63130 19.259357 12.434027
63140 19.262022 11.268887
63150 19.265101 10.420140
63160 19.268552 9.626794
63170 19.272675 11.322225
63180 19.277203 7.827915
63190 19.281542 11.399828
63200 19.286416 9.838689
63210 19.291022 9.242521
63220 19.293635 9.776182
63230 19.296369 8.800680
63240 19.298598 10.533623
63250 19.300406 10.530123
63260 19.300536 9.303812
63270 19.300450 10.732043
63280 19.300292 9.434028
63290 19.300668 9.248901
63300 19.300672 9.413940
63310 19.299490 11.419483
63320 19.296774 11.320458
63330 19.294488 10.160036
63340 19.291928 9.957884
63350 19.289085 10.922972
63360 19.286264 11.567611
63370 19.284100 9.767424
63380 19.281141 8.793978
63390 19.278403 10.404914
63400 19.276117 10.982356
63410 19.274056 9.873586
63420 19.274074 10.477714
63430 19.275972 10.539978
63440 19.279466 9.760769
63450 19.284646 9.705048
63460 19.289317 9.169813
63470 19.294144 9.763357
63480 19.298973 11.152766
63490 19.303397 9.060327
63500 19.307303 12.095104
63510 19.311589 10.930730
63520 19.315853 9.413599
63530 19.318793 10.031734
63540 19.321499 9.421755
63550 19.323074 9.782736
63560 19.325345 9.117575
63570 19.326386 9.534783
63580 19.327245 10.784495
63590 19.327549 10.248565
63600 19.326802 10.755500
63610 19.326642 10.505043
63620 19.326186 9.810935
63630 19.325403 11.911673
63640 19.326262 9.534128
63650 19.327710 8.535468
63660 19.326558 8.797910
63670 19.324344 11.132851
63680 19.322637 9.130130
63690 19.322326 10.345359
63700 19.320326 10.518454
63710 19.318233 9.972759
63720 19.317469 10.786847
63730 19.317042 9.990725
63740 19.316487 10.319283
63750 19.315807 10.016414
63760 19.313979 9.957985
63770 19.311770 9.883645
63780 19.309491 9.148098
63790 19.307723 10.003352
63800 19.306157 10.064129
63810 19.304256 9.530570
63820 19.302617 11.880395
63830 19.302512 11.104310
63840 19.303183 9.395345
63850 19.303510 10.393800
63860 19.303891 11.544288
63870 19.304705 10.371816
63880 19.306104 9.442997
63890 19.306247 10.526643
63900 19.306748 9.869007
63910 19.307736 10.918393
63920 19.309049 11.603606
63930 19.309959 9.842019
63940 19.310701 9.708125
63950 19.311891 11.798695
63960 19.312482 9.319123
63970 19.312727 9.863404
63980 19.313291 10.419809
63990 19.311895 9.912247
64000 19.310025 12.082823
64010 19.308449 10.518386
64020 19.305748 10.994208
64030 19.303992 8.841120
64040 19.303785 9.335260
64050 19.302982 8.860879
64060 19.302736 10.376555
64070 19.301966 11.509005
64080 19.301094 10.312750
64090 19.299936 10.857340
64100 19.298446 9.340279
64110 19.296723 8.939765
64120 19.294224 9.593826
64130 19.291515 9.146502
64140 19.288947 9.757386
64150 19.287998 10.872345
64160 19.286021 9.818120
64170 19.283947 9.071167
64180 19.281294 11.207845
64190 19.279448 10.606904
64200 19.278223 10.001360
64210 19.277033 9.319817
64220 19.275992 9.610275
64230 19.275212 7.833670
64240 19.275024 10.438451
64250 19.274728 9.417048
64260 19.273487 7.920725
64270 19.271031 10.173033
64280 19.268008 11.753974
64290 19.265328 9.985904
64300 19.262820 9.328260
64310 19.260792 10.205356
64320 19.258037 10.869696
64330 19.255688 10.730054
64340 19.253261 9.253129
64350 19.251048 9.486090
64360 19.248658 10.949386
64370 19.247504 9.507249
64380 19.244783 10.567354
64390 19.241940 8.868380
64400 19.238624 11.930266
64410 19.236507 11.699405
64420 19.234593 9.572257
64430 19.232204 10.520358
64440 19.229966 9.184982
64450 19.228365 10.920644
64460 19.226081 9.258930
64470 19.223865 10.562202
64480 19.221713 8.961928
64490 19.219306 11.317222
64500 19.216844 9.939645
64510 19.214471 10.848524
64520 19.212805 10.227548
64530 19.211241 10.010909
64540 19.208323 12.731551
64550 19.205891 9.576438
64560 19.203674 11.245414
64570 19.202570 10.397395
64580 19.200997 11.535714
64590 19.199311 10.746482
64600 19.197093 11.373226
64610 19.194771 10.174289
64620 19.192531 9.840126
64630 19.189777 9.433642
64640 19.187804 9.309825
64650 19.185849 11.662982
64660 19.184863 12.137302
64670 19.184088 10.247647
64680 19.182631 9.975667
64690 19.181204 9.826854
64700 19.179348 9.988863
64710 19.177643 10.256664
64720 19.175931 9.861156
64730 19.173145 9.736925
64740 19.170738 9.379130
64750 19.168258 9.267097
64760 19.165668 10.119066
64770 19.163576 11.287168
64780 19.161214 10.893966
64790 19.159645 9.470798
64800 19.157906 9.934265
64810 19.157038 9.741431
64820 19.156795 10.325263
64830 19.155490 9.672873
64840 19.154300 10.738490
64850 19.153287 12.133575
64860 19.153888 10.574198
64870 19.154553 10.363184
64880 19.153934 8.831872
64890 19.153916 8.682298
64900 19.153036 10.268860
64910 19.151948 10.909334
64920 19.151773 9.559837
64930 19.152025 9.643269
64940 19.150927 9.266062
64950 19.149762 10.549694
64960 19.148348 10.410188
64970 19.145847 10.307634
64980 19.143418 9.194069
64990 19.140842 9.588607
65000 19.138617 9.442232
65010 19.136127 9.573568
65020 19.134117 8.711549
65030 19.131931 11.243202
65040 19.129334 10.242773
65050 19.126592 8.919640
65060 19.123982 9.746157
65070 19.121906 9.365569
65080 19.121026 9.281284
65090 19.120395 9.661806
65100 19.118474 10.802359
65110 19.116849 9.860475
65120 19.115656 8.371910
65130 19.114441 10.568683
65140 19.113796 9.133784
65150 19.113146 8.899329
65160 19.111808 9.775939
65170 19.109940 11.043878
65180 19.108404 10.391007
65190 19.106618 9.054556
65200 19.105134 9.830876
65210 19.104310 11.233333
65220 19.104399 9.782189
65230 19.105524 10.255146
65240 19.105709 8.981051
65250 19.105320 7.963455
65260 19.103602 10.547058
65270 19.102137 9.462207
65280 19.101379 9.615634
65290 19.100410 10.160578
65300 19.099282 9.820583
65310 19.097598 10.362254
65320 19.096384 9.633938
65330 19.095265 10.367759
65340 19.093871 12.491816
65350 19.093458 9.436614
65360 19.093709 9.570903
65370 19.093953 10.328420
65380 19.094868 10.042241
65390 19.096229 8.676845
65400 19.097154 10.431067
65410 19.097623 7.822767
65420 19.096948 10.189588
65430 19.097275 8.444996
65440 19.098667 10.175902
65450 19.100722 9.517877
65460 19.102457 8.848819
65470 19.102944 10.813929
65480 19.104866 10.696499
65490 19.107044 9.400139
65500 19.108574 8.134738
65510 19.108915 8.977199
65520 19.109439 8.166892
65530 19.109039 10.553801
65540 19.108589 9.597441
65550 19.107843 7.816455
65560 19.106412 11.194613
65570 19.106491 12.508177
65580 19.106021 10.670097
65590 19.104673 9.520267
65600 19.102487 11.125987
65610 19.100693 9.377575
65620 19.099587 8.238251
65630 19.098518 11.623842
65640 19.098247 9.318064
65650 19.097109 9.924030
65660 19.095634 9.806271
65670 19.093096 10.506049
65680 19.090918 10.464643
65690 19.088375 10.855034
65700 19.087576 10.561461
65710 19.086396 9.125771
65720 19.083915 10.543395
65730 19.081288 8.978324
65740 19.079001 9.458514
65750 19.076360 8.584314
65760 19.073703 9.905042
65770 19.072378 10.201066
65780 19.069883 10.272357
65790 19.067673 11.166964
65800 19.066659 11.296817
65810 19.064909 9.238447
65820 19.062130 10.879475
65830 19.059606 10.224542
65840 19.058083 9.056689
65850 19.056459 10.321836
65860 19.053885 10.166170
65870 19.051347 9.405170
65880 19.048586 11.245464
65890 19.045866 10.410745
65900 19.043837 10.250409
65910 19.042122 10.097515
65920 19.040445 10.777307
65930 19.039091 9.270934
65940 19.037594 9.677979
65950 19.036149 10.438084
65960 19.034554 10.464292
65970 19.033427 9.491407
65980 19.032560 10.611258
65990 19.031742 10.179533
66000 19.031025 11.331833
66010 19.029803 9.467887
66020 19.027380 10.339213
66030 19.024509 7.853682
66040 19.022254 8.697872
66050 19.019896 10.353634
66060 19.018431 9.449769
66070 19.017616 9.388409
66080 19.015616 10.529960
66090 19.013227 8.783999
66100 19.010311 9.022018
66110 19.007836 10.571951
66120 19.006541 10.133514
66130 19.006824 10.719251
66140 19.007127 8.894872
66150 19.007415 12.084207
66160 19.008848 10.138406
66170 19.010865 9.705023
66180 19.013524 9.115497
66190 19.016159 11.013444
66200 19.017883 9.211052
66210 19.019526 9.685301
66220 19.021164 9.432583
66230 19.023471 10.207919
66240 19.026001 9.186879
66250 19.027603 13.529489
66260 19.030501 10.841699
66270 19.032978 10.863624
66280 19.034615 9.245187
66290 19.035979 9.538127
66300 19.037275 10.719680
66310 19.039814 9.745668
66320 19.044437 10.394504
66330 19.048773 10.104112
66340 19.053175 10.503675
66350 19.058028 9.799685
66360 19.062349 8.078307
66370 19.066249 10.394950
66380 19.069331 10.624399
66390 19.071449 10.146896
66400 19.075103 9.757186
66410 19.079177 9.303720
66420 19.083283 9.222435
66430 19.088285 10.598023
66440 19.094201 8.605678
66450 19.100733 7.770314
66460 19.105898 10.073635
66470 19.112365 9.786230
66480 19.118891 10.547913
66490 19.124062 9.632752
66500 19.128153 8.092803
66510 19.132236 10.171953
66520 19.136914 11.085688
66530 19.143296 10.420067
66540 19.150172 10.411041
66550 19.157179 9.568892
66560 19.163387 9.670100
66570 19.171003 10.947904
66580 19.178366 9.714335
66590 19.186161 9.094176
66600 19.192900 8.986041
66610 19.199478 11.806861
66620 19.206392 9.855655
66630 19.214928 10.296906
66640 19.224351 10.342640
66650 19.233509 9.171305
66660 19.242495 10.631368
66670 19.252382 12.293804
66680 19.262056 9.761761
66690 19.271881 9.581168
66700 19.283030 8.772582
66710 19.292657 9.837598
66720 19.302317 10.114335
66730 19.311604 10.340403
66740 19.321448 10.398581
66750 19.332512 9.112524
66760 19.341998 12.053380
66770 19.351282 9.284532
66780 19.359520 9.204721
66790 19.366696 10.632998
66800 19.373761 11.317202
66810 19.380928 8.957876
66820 19.388269 10.750343
66830 19.396765 9.551123
66840 19.404980 12.321242
66850 19.413969 9.512411
66860 19.421717 9.558198
66870 19.427757 8.839666
66880 19.433181 9.125974
66890 19.438065 10.356074
66900 19.442673 9.307659
66910 19.444945 10.552218
66920 19.446590 9.910780
66930 19.447825 9.531778
66940 19.448940 9.549009
66950 19.450326 10.905082
66960 19.452891 10.405175
66970 19.456267 11.231441
66980 19.460510 10.775202
66990 19.463192 9.178679
67000 19.463902 10.780145
67010 19.466249 9.013444
67020 19.469519 10.979443
67030 19.473170 9.517862
67040 19.476711 9.664709
67050 19.479902 9.798651
67060 19.482307 9.738422
67070 19.483690 11.174259
67080 19.485794 10.348582
67090 19.487323 10.921268
67100 19.488324 10.644540
67110 19.488641 9.746335
67120 19.489081 5.987987
67130 19.488542 9.639986
67140 19.487604 10.376543
67150 19.484897 11.374374
67160 19.482460 10.967572
67170 19.480699 9.605272
67180 19.478718 11.439023
67190 19.476105 8.572752
67200 19.473572 10.567820
67210 19.470811 8.987434
67220 19.468342 10.467517
67230 19.465595 9.910415
67240 19.463529 7.310448
67250 19.461987 9.903437
67260 19.460952 9.242219
67270 19.459430 7.014254
67280 19.457777 10.370349
67290 19.455568 9.883502
67300 19.452675 9.484924
67310 19.450027 9.382547
67320 19.447420 9.480246
67330 19.444782 8.962968
67340 19.442321 10.401346
67350 19.439784 10.018417
67360 19.437789 10.428425
67370 19.436343 10.840267
67380 19.434873 10.721250
67390 19.433334 10.692207
67400 19.432057 10.948078
67410 19.431546 9.828300
67420 19.432060 10.799393
67430 19.432673 9.728125
67440 19.433773 10.251504
67450 19.434408 10.446929
67460 19.435315 10.093913
67470 19.435282 10.636572
67480 19.434913 10.272910
67490 19.434141 10.382064
67500 19.433262 9.176465
67510 19.431282 10.932992
67520 19.428680 9.934695
67530 19.426396 9.274869
67540 19.423962 10.273379
67550 19.421339 10.821107
67560 19.418894 10.940606
67570 19.417670 9.464026
67580 19.417367 11.774333
67590 19.417058 10.412337
67600 19.416565 10.897720
67610 19.416598 11.675329
67620 19.417035 10.459122
67630 19.417548 8.779167
67640 19.418026 9.841955
67650 19.418606 8.904089
67660 19.419125 10.753993
67670 19.419957 10.904188
67680 19.420694 9.258710
67690 19.421336 10.906304
67700 19.421930 11.910435
67710 19.422205 12.188603
67720 19.422434 10.380608
67730 19.423092 11.058664
67740 19.423941 9.674340
67750 19.424859 9.274812
67760 19.425651 10.273784
67770 19.425282 9.878840
67780 19.426180 10.523107
67790 19.426925 9.092526
67800 19.427399 10.510088
67810 19.428258 10.689740
67820 19.428130 10.387136
67830 19.427603 9.056100
67840 19.426411 9.993201
67850 19.424327 9.306275
67860 19.421639 9.889051
67870 19.419360 9.394399
67880 19.417297 9.885815
67890 19.415346 10.828165
67900 19.413333 10.610348
67910 19.412605 10.819165
67920 19.411989 10.245951
67930 19.410973 10.681607
67940 19.409520 11.529300
67950 19.408558 10.594297
67960 19.407600 8.808959
67970 19.405892 11.025860
67980 19.403733 10.900926
67990 19.401866 8.820083
68000 19.399106 11.166055
68010 19.396360 10.704307
68020 19.394734 9.187107
68030 19.394078 9.820513
68040 19.394108 10.535421
68050 19.394681 8.967567
68060 19.395773 9.359638
68070 19.396632 10.481093
68080 19.396572 9.712712
68090 19.396090 9.820441
68100 19.395115 8.609408
68110 19.392905 7.211448
68120 19.391315 9.664295
68130 19.389299 9.807499
68140 19.387883 10.722347
68150 19.385759 11.694252
68160 19.384279 10.906513
68170 19.382670 11.159229
68180 19.381055 9.487325
68190 19.379570 9.308464
68200 19.378395 10.314658
68210 19.377987 9.824303
68220 19.377677 9.652040
68230 19.375504 8.796843
68240 19.372985 9.808547
68250 19.370222 10.524981
68260 19.367722 9.477017
68270 19.366152 9.991678
68280 19.365451 11.147356
68290 19.366295 9.785780
68300 19.366838 12.307224
68310 19.367130 10.062837
68320 19.366367 10.002816
68330 19.364763 9.746786
68340 19.363120 11.243998
68350 19.362505 12.973985
68360 19.363082 10.360150
68370 19.364013 11.014673
68380 19.363989 8.907764
68390 19.363041 9.495769
68400 19.361783 9.789630
68410 19.359807 9.981478
68420 19.358395 11.140187
68430 19.357924 8.923260
68440 19.355065 12.159283
68450 19.353053 12.304251
68460 19.350849 9.792133
68470 19.349803 9.693919
68480 19.349080 9.411774
68490 19.348200 9.418906
68500 19.347394 11.129721
68510 19.346635 9.292725
68520 19.344763 10.681134
68530 19.344234 10.482088
68540 19.343189 9.858907
68550 19.341058 9.655344
68560 19.338584 11.104793
68570 19.336152 10.304160
68580 19.333566 11.099641
68590 19.331875 9.760694
68600 19.329803 11.908357
68610 19.328083 10.774030
68620 19.325451 9.955821
68630 19.323391 9.823945
68640 19.321292 9.548741
68650 19.318655 9.356509
68660 19.316332 9.053106
68670 19.313709 10.614132
68680 19.311486 10.687238
68690 19.309831 10.767641
68700 19.309287 10.471166
68710 19.308923 9.827967
68720 19.307833 10.402502
68730 19.306039 8.651793
68740 19.304323 10.841196
68750 19.303959 11.972761
68760 19.304747 9.304402
68770 19.305023 9.444840
68780 19.305603 10.663422
68790 19.306636 9.891376
68800 19.306395 11.956614
68810 19.306124 10.325381
68820 19.305770 12.389637
68830 19.305727 9.106969
68840 19.305442 10.302006
68850 19.304172 10.433293
68860 19.301584 8.970581
68870 19.299231 10.409197
68880 19.296813 10.807672
68890 19.294247 10.035652
68900 19.292326 9.870013
68910 19.290273 10.414812
68920 19.287746 9.735446
68930 19.285661 11.176735
68940 19.283749 9.386410
68950 19.282864 9.428284
68960 19.282262 10.061422
68970 19.282368 9.860496
68980 19.282266 9.998378
68990 19.282890 10.901662
69000 19.282937 9.398447
69010 19.281944 9.460104
69020 19.281221 8.764134
69030 19.280429 7.485456
69040 19.279486 9.733407
69050 19.278609 10.819479
69060 19.276785 8.860409
69070 19.274470 9.796641
69080 19.272329 13.289058
69090 19.271471 9.449057
69100 19.271449 11.081293
69110 19.271741 9.773284
69120 19.272174 9.600027
69130 19.273021 10.952617
69140 19.273920 10.352144
69150 19.274292 10.677043
69160 19.273759 8.250740
69170 19.272375 9.869173
69180 19.271472 9.470924
69190 19.269900 10.544523
69200 19.268430 9.686918
69210 19.267833 11.088476
69220 19.267058 10.306101
69230 19.265315 10.867637
69240 19.263602 10.857809
69250 19.261951 10.419395
69260 19.259696 10.603712
69270 19.257125 14.276980
69280 19.255039 9.526257
69290 19.253320 9.127430
69300 19.251209 10.789149
69310 19.248755 14.124387
69320 19.246404 10.990118
69330 19.244466 10.253156
69340 19.242044 9.541671
69350 19.239891 11.088718
69360 19.238086 8.657446
69370 19.235582 12.190804
69380 19.233111 10.321040
69390 19.231265 9.232614
69400 19.229541 10.955330
69410 19.227859 9.763705
69420 19.225657 9.345183
69430 19.223985 10.307392
69440 19.223079 10.491968
69450 19.221144 10.226594
69460 19.218520 10.415513
69470 19.216720 11.401659
69480 19.216341 12.377233
69490 19.216148 9.539160
69500 19.214941 11.730963
69510 19.213509 10.216413
69520 19.211275 11.143562
69530 19.209636 9.805818
69540 19.208039 8.435927
69550 19.206220 9.895242
69560 19.205084 9.048192
69570 19.203483 11.881288
69580 19.202081 9.942055
69590 19.201336 10.448170
69600 19.201591 11.237877
69610 19.201998 9.561894
69620 19.201330 9.661782
69630 19.200298 9.064795
69640 19.198519 8.141065
69650 19.196710 8.733054
69660 19.195329 9.977197
69670 19.193749 10.818360
69680 19.192497 10.473793
69690 19.191537 10.177093
69700 19.190192 11.144670
69710 19.188751 10.811628
69720 19.188254 8.641188
69730 19.189594 11.518296
69740 19.191789 9.864011
69750 19.194210 10.867679
69760 19.196878 9.615445
69770 19.198860 11.322931
69780 19.200034 7.990462
69790 19.200489 10.746156
69800 19.200659 9.856891
69810 19.201387 9.738814
69820 19.201669 10.722300
69830 19.201869 8.822196
69840 19.200564 11.864511
69850 19.198788 11.717315
69860 19.197329 11.316898
69870 19.196328 9.718762
69880 19.194958 10.152819
69890 19.193082 9.558007
69900 19.190223 12.396419
69910 19.188147 9.652585
69920 19.185693 10.999357
69930 19.184179 9.645631
69940 19.185127 11.243082
69950 19.185406 8.911814
69960 19.184736 8.613925
69970 19.184546 8.963380
69980 19.184245 9.833135
69990 19.183835 9.489311
70000 19.184010 10.198012
70010 19.182547 9.514143
70020 19.180795 9.922231
70030 19.179333 9.815618
70040 19.178317 9.418352
70050 19.176719 9.446670
70060 19.174278 11.888400
70070 19.171980 11.044595
70080 19.169572 10.140569
70090 19.168260 10.089334
70100 19.166652 9.701676
70110 19.163922 10.681751
70120 19.161986 10.491593
70130 19.160477 11.203687
70140 19.159224 9.164544
70150 19.158001 9.282080
70160 19.157438 11.026650
70170 19.157978 11.975565
70180 19.159062 11.433955
70190 19.160187 10.847638
70200 19.161736 11.706777
70210 19.163531 9.627652
70220 19.164814 11.512862
70230 19.167145 8.342577
70240 19.170371 9.673874
70250 19.174259 10.610122
70260 19.177832 11.211812
70270 19.180827 10.253356
70280 19.183671 9.557667
70290 19.186631 9.007260
70300 19.188860 11.109513
70310 19.190406 11.530733
70320 19.191845 9.077732
70330 19.191844 11.803231
70340 19.192665 10.598409
70350 19.192930 11.086700
70360 19.193057 12.079178
70370 19.193979 10.753451
70380 19.195101 7.862016
70390 19.195633 11.262278
70400 19.197094 11.528356
70410 19.197456 9.724539
70420 19.197522 10.733185
70430 19.197632 8.781251
70440 19.196439 9.209880
70450 19.194760 8.444228
70460 19.192282 9.861195
70470 19.189526 11.391104
70480 19.187631 9.329255
70490 19.185187 12.120130
70500 19.182649 12.630597
70510 19.180458 10.401425
70520 19.177943 9.024540
70530 19.175828 9.809199
70540 19.173262 9.360151
70550 19.170930 11.814517
70560 19.168936 9.336285
70570 19.167041 11.301364
70580 19.164941 11.149038
70590 19.163526 8.843751
70600 19.162118 9.864794
70610 19.159847 10.632313
70620 19.157752 10.502573
70630 19.155753 8.839658
70640 19.153223 9.238861
70650 19.150789 9.848970
70660 19.149397 9.446178
70670 19.147845 10.695269
70680 19.146891 9.666345
70690 19.146124 10.691983
70700 19.145046 9.737582
70710 19.143810 9.380351
70720 19.142141 10.374128
70730 19.141000 10.054922
70740 19.139376 9.898052
70750 19.137823 9.179886
70760 19.136336 9.618089
70770 19.134825 9.382399
70780 19.133882 9.286377
70790 19.132915 9.160549
70800 19.132303 9.451804
70810 19.132214 10.685804
70820 19.132523 11.162424
70830 19.132325 7.551890
70840 19.130053 10.897100
70850 19.127597 8.908341
70860 19.125746 9.002811
70870 19.123627 9.583148
70880 19.121190 9.730372
70890 19.119518 9.465415
70900 19.118061 11.491455
70910 19.117647 8.778126
70920 19.117138 9.159703
70930 19.116667 10.449665
70940 19.115887 11.276316
70950 19.115155 10.892997
70960 19.114017 10.869616
70970 19.112585 10.959114
70980 19.111750 9.684730
70990 19.111584 9.889411
71000 19.110910 9.340558
71010 19.110224 10.970451
71020 19.109824 9.199312
71030 19.108601 9.505872
71040 19.107196 10.486152
71050 19.105440 9.753444
71060 19.103074 10.099800
71070 19.100724 10.297237
71080 19.098435 9.479826
71090 19.096895 8.232006
71100 19.095495 10.931299
71110 19.094511 10.950937
71120 19.093580 9.140279
71130 19.092405 10.198145
71140 19.091839 9.314889
71150 19.090700 11.092256
71160 19.090686 9.732137
71170 19.091450 10.876485
71180 19.091686 10.204734
71190 19.091266 9.465417
71200 19.090308 9.227035
71210 19.089318 8.960264
71220 19.087769 10.929747
71230 19.086519 11.513588
71240 19.084557 10.891865
71250 19.082297 9.125368
71260 19.080067 9.850077
71270 19.078193 11.656060
71280 19.076408 11.097415
71290 19.073973 10.873064
71300 19.071523 10.707696
71310 19.069956 8.841167
71320 19.068016 10.542447
71330 19.068004 9.515889
71340 19.068186 9.021609
71350 19.067362 9.929929
71360 19.067389 10.180591
71370 19.067773 9.496892
71380 19.068298 9.383585
71390 19.067460 10.916772
71400 19.066233 10.569274
71410 19.066057 10.207830
71420 19.065979 11.309812
71430 19.067474 10.767493
71440 19.068714 11.088916
71450 19.068185 10.086692
71460 19.066698 9.854471
71470 19.065416 10.384231
71480 19.064033 9.740511
71490 19.062221 9.185672
71500 19.060654 10.184590
71510 19.058964 9.847560
71520 19.058522 10.698152
71530 19.058235 9.718786
71540 19.057224 9.667372
71550 19.054822 11.930772
71560 19.052438 9.254538
71570 19.050998 9.993473
71580 19.050186 10.957801
71590 19.048953 9.213451
71600 19.047747 9.864779
71610 19.047081 9.518662
71620 19.045799 11.060620
71630 19.044134 9.944420
71640 19.042326 10.128618
71650 19.041444 10.351263
71660 19.040897 10.814685
71670 19.040164 10.392613
71680 19.040113 8.903381
71690 19.039734 9.392053
71700 19.040278 9.162607
71710 19.041012 9.727933
71720 19.041197 10.293125
71730 19.041044 9.202808
71740 19.040419 11.037525
71750 19.040110 10.985202
71760 19.039924 10.420433
71770 19.039865 10.954400
71780 19.039303 10.255279
71790 19.038254 10.487697
71800 19.036512 11.826836
71810 19.034103 10.399988
71820 19.032151 12.708745
71830 19.030770 11.803467
71840 19.029431 10.964634
71850 19.028635 9.433185
71860 19.027750 8.948606
71870 19.025961 10.252513
71880 19.023640 10.891975
71890 19.022619 9.313638
71900 19.022236 9.354566
71910 19.021852 10.473326
71920 19.020438 9.778215
71930 19.018415 11.944160
71940 19.016846 11.104106
71950 19.015833 10.669932
71960 19.014698 9.324354
71970 19.012851 9.635638
71980 19.010196 8.839419
71990 19.007609 11.509891
72000 19.005476 10.604793
72010 19.003205 10.883477
72020 19.000843 10.821671
72030 18.998087 11.051267
72040 18.995786 9.033449
72050 18.993442 10.469791
72060 18.991466 10.259811
72070 18.989246 10.272633
72080 18.987480 9.490973
72090 18.986261 11.763006
72100 18.985320 10.207873
72110 18.985015 11.044292
72120 18.984613 9.143702
72130 18.982692 9.522330
72140 18.980553 10.363362
72150 18.978736 10.854595
72160 18.976776 11.102568
72170 18.974865 9.610270
72180 18.972599 11.698452
72190 18.970775 10.011980
72200 18.968356 10.115942
72210 18.966058 10.848577
72220 18.963707 10.583365
72230 18.962062 10.609297
72240 18.960368 10.159714
72250 18.958538 10.302730
72260 18.956483 9.770782
72270 18.954441 9.497101
72280 18.951902 10.499479
72290 18.949657 9.432038
72300 18.947213 10.399563
72310 18.944970 10.927319
72320 18.942763 10.496691
72330 18.940344 10.351425
72340 18.938121 10.449893
72350 18.935925 7.997155
72360 18.933550 11.436566
72370 18.931488 9.865895
72380 18.928920 9.118881
72390 18.926646 10.031978
72400 18.924418 10.540974
72410 18.922686 10.869638
72420 18.921204 12.574815
72430 18.919963 10.716905
72440 18.918542 10.308618
72450 18.916452 10.922062
72460 18.914686 9.424987
72470 18.912766 10.405262
72480 18.910500 10.165153
72490 18.908097 8.840620
72500 18.905862 9.984149
72510 18.904222 10.485748
72520 18.902239 9.798629
72530 18.899718 11.202331
72540 18.898020 10.325476
72550 18.897115 9.336520
72560 18.896368 9.421428
72570 18.895253 10.917308
72580 18.893396 9.778037
72590 18.891283 9.343806
72600 18.889140 9.495077
72610 18.887155 10.473218
72620 18.886467 10.332147
72630 18.886892 8.985549
72640 18.888117 8.959717
72650 18.888760 10.117535
72660 18.887735 8.406466
72670 18.885963 10.210943
72680 18.883657 9.764859
72690 18.881506 9.721550
72700 18.879697 10.962712
72710 18.877388 10.687283
72720 18.875776 10.262531
72730 18.874902 9.655837
72740 18.874779 8.784523
72750 18.873981 9.753582
72760 18.873666 11.043944
72770 18.873931 9.512466
72780 18.875111 8.840185
72790 18.875230 8.807905
72800 18.873884 10.432350
72810 18.872920 9.735093
72820 18.872417 10.587857
72830 18.872251 10.017530
72840 18.871267 9.001671
72850 18.871008 10.892051
72860 18.871425 13.100053
72870 18.872815 10.064322
72880 18.873994 10.703685
72890 18.874686 10.788398
72900 18.874759 10.804044
72910 18.874711 8.425885
72920 18.874861 10.089919
72930 18.876277 9.421052
72940 18.877196 9.000209
72950 18.877988 11.143358
72960 18.879643 9.608592
72970 18.881471 10.011453
72980 18.883458 9.409503
72990 18.885017 10.276386
73000 18.886077 10.523547
73010 18.888333 10.381269
73020 18.890877 11.122399
73030 18.893697 9.676444
73040 18.897216 9.845418
73050 18.900577 10.284979
73060 18.904673 7.603288
73070 18.907435 9.784724
73080 18.911372 10.105172
73090 18.914119 10.284081
73100 18.916441 10.366913
73110 18.918388 9.483460
73120 18.919857 8.696025
73130 18.920640 8.953221
73140 18.921672 9.443673
73150 18.922003 9.224734
73160 18.921512 9.671983
73170 18.920122 9.165923
73180 18.917709 8.876213
73190 18.915402 9.487148
73200 18.913848 10.256084
73210 18.912188 10.141736
73220 18.910996 10.173406
73230 18.908888 9.969278
73240 18.906803 10.440668
73250 18.904651 9.421297
73260 18.902649 9.617456
73270 18.900484 10.257972
73280 18.898012 9.720399
73290 18.895477 11.256912
73300 18.893238 10.127370
73310 18.890749 10.568591
73320 18.888374 10.178764
73330 18.886609 9.808001
73340 18.886384 10.186257
73350 18.887407 10.541145
73360 18.887910 9.305044
73370 18.888710 9.491625
73380 18.889369 9.808937
73390 18.889554 8.771705
73400 18.889535 10.171364
73410 18.889921 7.924921
73420 18.889127 8.549307
73430 18.887526 9.807463
73440 18.885670 10.788093
73450 18.884464 10.152596
73460 18.884264 10.329898
73470 18.883989 9.291949
73480 18.882941 11.221132
73490 18.881734 9.626713
73500 18.880856 10.712526
73510 18.880442 10.419231
73520 18.881225 8.232195
73530 18.881397 11.698208
73540 18.881036 8.385563
73550 18.879541 9.308791
73560 18.877693 10.114421
73570 18.875336 10.624093
73580 18.873364 9.631671
73590 18.871043 9.611607
73600 18.869047 9.502677
73610 18.866996 9.681568
73620 18.864516 11.688598
73630 18.862473 9.296737
73640 18.861165 12.489243
73650 18.860686 9.285291
73660 18.859747 8.837357
73670 18.858551 9.718810
73680 18.857457 10.259967
73690 18.856261 10.437159
73700 18.855334 9.012532
73710 18.854120 10.263941
73720 18.852312 9.956624
73730 18.850335 10.367129
73740 18.848221 8.755126
73750 18.845980 10.145548
73760 18.844157 7.667076
73770 18.842463 10.909686
73780 18.841001 10.685360
73790 18.839536 9.593846
73800 18.837422 10.053500
73810 18.834917 8.369676
73820 18.832887 9.438990
73830 18.831482 10.123966
73840 18.829947 11.213519
73850 18.828518 11.120581
73860 18.827270 11.569623
73870 18.825906 9.469024
73880 18.823713 9.457319
73890 18.821329 10.856464
73900 18.819020 9.218044
73910 18.817722 10.202271
73920 18.817357 11.313680
73930 18.817113 9.460879
73940 18.817106 11.553750
73950 18.818059 9.623365
73960 18.820389 9.009306
73970 18.822683 10.730118
73980 18.825269 9.086670
73990 18.829121 10.455084
74000 18.832328 10.380857
74010 18.834248 10.015714
74020 18.835233 10.298523
74030 18.836719 9.362914
74040 18.839099 11.012300
74050 18.840761 10.233169
74060 18.841371 11.209717
74070 18.842060 8.893612
74080 18.842137 8.893571
74090 18.840958 12.329152
74100 18.840336 11.074805
74110 18.839494 9.102780
74120 18.837904 10.161732
74130 18.835767 10.675066
74140 18.833478 10.134350
74150 18.831261 10.616646
74160 18.829312 9.772081
74170 18.827247 10.262523
74180 18.825487 9.229689
74190 18.823949 9.472503
74200 18.822350 9.539568
74210 18.820699 8.745545
74220 18.818633 10.067964
74230 18.816661 9.226056
74240 18.814767 9.549319
74250 18.813282 11.178225
74260 18.811485 10.680540
74270 18.810161 10.931561
74280 18.808774 9.448634
74290 18.807866 9.630556
74300 18.806843 10.389160
74310 18.806211 10.416456
74320 18.804758 8.179183
74330 18.803997 9.135886
74340 18.802980 10.803316
74350 18.802849 11.257462
74360 18.803336 10.703624
74370 18.804137 8.974075
74380 18.805210 9.176463
74390 18.807188 10.719119
74400 18.808750 9.825757
74410 18.809004 9.559209
74420 18.809044 10.309158
74430 18.809939 8.791530
74440 18.810495 9.931151
74450 18.812027 8.740714
74460 18.813899 11.057702
74470 18.816249 10.122650
74480 18.818395 11.196554
74490 18.820591 10.689323
74500 18.822557 10.034712
74510 18.824491 10.081145
74520 18.827542 10.505257
74530 18.830437 9.306603
74540 18.832780 9.548823
74550 18.835467 9.344545
74560 18.838501 8.231776
74570 18.841215 10.739571
74580 18.843111 11.236857
74590 18.844890 10.369917
74600 18.846333 10.385940
74610 18.847986 9.253279
74620 18.849912 10.847395
74630 18.852773 10.583471
74640 18.855064 10.987437
74650 18.858069 10.683331
74660 18.860499 9.588777
74670 18.863213 9.152623
74680 18.865594 8.061101
74690 18.867528 10.340676
74700 18.869611 9.288464
74710 18.871488 9.662638
74720 18.873890 10.416700
74730 18.877171 9.246724
74740 18.880932 8.658318
74750 18.885253 10.780987
74760 18.888076 8.524920
74770 18.889914 10.701259
74780 18.892015 9.608396
74790 18.894070 10.632524
74800 18.895367 8.792790
74810 18.895964 9.813685
74820 18.895551 10.920233
74830 18.894422 8.768664
74840 18.892505 10.920845
74850 18.890230 10.212414
74860 18.888904 9.223607
74870 18.888019 9.602015
74880 18.887244 8.224561
74890 18.886454 8.495702
74900 18.884095 8.979050
74910 18.882030 9.614777
74920 18.879539 9.151517
74930 18.877247 10.320108
74940 18.874851 10.640696
74950 18.872636 9.313472
74960 18.870483 11.080573
74970 18.868192 9.669612
74980 18.865948 8.932476
74990 18.864091 9.088110
75000 18.861655 10.864268
75010 18.860154 11.348063
75020 18.859282 10.833400
75030 18.858168 10.691942
75040 18.856240 8.759955
75050 18.853825 8.866069
75060 18.851737 10.296400
75070 18.849555 10.252553
75080 18.847465 8.421666
75090 18.845545 10.302073
75100 18.843153 10.862621
75110 18.841053 8.894991
75120 18.838650 10.268515
75130 18.836021 11.149041
75140 18.833813 11.101001
75150 18.831606 11.500350
75160 18.829219 8.846414
75170 18.827219 8.789071
75180 18.825508 10.289750
75190 18.823894 10.740666
75200 18.822500 9.509152
75210 18.821535 10.587817
75220 18.821347 10.318895
75230 18.821003 10.523472
75240 18.820465 10.946707
75250 18.819871 10.518537
75260 18.818727 10.816529
75270 18.817924 9.031556
75280 18.817543 9.964928
75290 18.818350 8.383433
75300 18.818752 10.368371
75310 18.819456 8.466825
75320 18.820433 9.803863
75330 18.821381 10.727339
75340 18.822871 9.169263
75350 18.825407 9.699669
75360 18.828133 9.979966
75370 18.830473 10.677246
75380 18.831749 10.510157
75390 18.833248 9.428717
75400 18.834137 10.925446
75410 18.834670 8.961260
75420 18.835912 10.104944
75430 18.838465 8.982738
75440 18.839680 10.276311
75450 18.840195 10.142486
75460 18.839893 10.479470
75470 18.838927 11.157617
75480 18.838100 12.258145
75490 18.836605 10.673729
75500 18.835116 9.202938
75510 18.833698 9.235677
75520 18.832676 10.114790
75530 18.831340 9.665374
75540 18.830437 10.793629
75550 18.830233 9.225853
75560 18.830804 10.172348
75570 18.832029 12.629474
75580 18.833364 9.339292
75590 18.833815 10.402148
75600 18.834839 9.609984
75610 18.835967 10.127767
75620 18.837167 8.934730
75630 18.837861 8.932622
75640 18.837489 9.162809
75650 18.835959 8.491197
75660 18.835635 8.450083
75670 18.835663 10.232282
75680 18.836548 10.457388
75690 18.836195 7.608134
75700 18.834602 10.457443
75710 18.832697 9.038741
75720 18.830582 9.400377
75730 18.828490 10.171465
75740 18.826605 8.559728
75750 18.824390 9.898739
75760 18.822147 10.552403
75770 18.819819 11.198377
75780 18.818021 10.554414
75790 18.816787 9.584516
75800 18.814732 9.166608
75810 18.812640 10.496958
75820 18.811228 10.564759
75830 18.809601 8.631710
75840 18.807685 10.369761
75850 18.806764 9.865590
75860 18.806081 9.283776
75870 18.806388 10.157440
75880 18.806387 9.506890
75890 18.806065 9.306061
75900 18.805302 9.321576
75910 18.803353 9.081314
75920 18.801205 11.394707
75930 18.798844 10.007498
75940 18.796564 9.447790
75950 18.795121 9.711063
75960 18.793239 9.467027
75970 18.791819 9.263171
75980 18.791077 9.639109
75990 18.790003 10.278205
76000 18.789076 9.293911
76010 18.787899 10.329694
76020 18.786449 10.275339
76030 18.784956 10.590670
76040 18.783228 9.042634
76050 18.782114 10.814869
76060 18.781673 8.979634
76070 18.781520 9.255984
76080 18.780755 8.074677
76090 18.779636 11.479366
76100 18.779482 9.667751
76110 18.779036 10.229129
76120 18.778536 8.756080
76130 18.778914 10.522337
76140 18.779018 10.779993
76150 18.779254 9.660305
76160 18.779895 8.471877
76170 18.779910 10.481373
76180 18.780415 9.420622
76190 18.780538 9.585627
76200 18.780368 7.381418
76210 18.779157 10.629604
76220 18.777187 10.033195
76230 18.775580 8.695490
76240 18.773466 10.976112
76250 18.771549 10.090207
76260 18.769224 9.538592
76270 18.767968 9.701751
76280 18.766016 10.066865
76290 18.764215 10.487442
76300 18.763058 10.456790
76310 18.763261 11.772604
76320 18.764233 8.996899
76330 18.765230 10.116566
76340 18.766329 10.290396
76350 18.767294 10.290839
76360 18.767800 8.738810
76370 18.768508 10.923714
76380 18.770246 9.583840
76390 18.772230 9.763260
76400 18.774658 11.634811
76410 18.776908 9.582571
76420 18.779932 9.305281
76430 18.782320 9.005679
76440 18.784943 11.332253
76450 18.787497 9.220505
76460 18.789636 10.777765
76470 18.791480 10.669457
76480 18.792824 11.382171
76490 18.794688 10.524153
76500 18.796951 7.795018
76510 18.799202 8.945595
76520 18.802337 9.188910
76530 18.804996 9.410377
76540 18.807205 8.474113
76550 18.808641 10.931033
76560 18.810347 11.712114
76570 18.812090 11.067889
76580 18.813277 10.308922
76590 18.814523 9.714128
76600 18.816157 9.434152
76610 18.817653 9.099089
76620 18.819181 11.820731
76630 18.821056 9.408621
76640 18.823258 9.313772
76650 18.824761 10.917452
76660 18.826062 8.545798
76670 18.827575 9.571259
76680 18.829601 10.104436
76690 18.831605 9.629317
76700 18.833977 9.201555
76710 18.835762 10.497328
76720 18.837746 9.857476
76730 18.840351 9.951600
76740 18.843487 10.854776
76750 18.847065 11.508088
76760 18.850220 10.132465
76770 18.852198 7.703030
76780 18.853816 11.842115
76790 18.855530 10.477513
76800 18.857522 10.320075
76810 18.859442 9.407891
76820 18.860215 10.194380
76830 18.861007 8.936106
76840 18.861914 7.504474
76850 18.862217 10.696119
76860 18.863522 7.602116
76870 18.865148 11.104548
76880 18.866854 10.524794
76890 18.868173 11.153128
76900 18.869805 10.229980
76910 18.871869 11.047819
76920 18.873776 8.880980
76930 18.875138 11.031004
76940 18.876680 11.360259
76950 18.878542 9.681200
76960 18.880289 8.179861
76970 18.881429 9.246078
76980 18.882152 9.595481
76990 18.883611 10.825601
77000 18.885757 7.340112
77010 18.887700 10.443930
77020 18.888924 9.529326
77030 18.890497 8.211082
77040 18.892434 11.109094
77050 18.894344 10.604051
77060 18.895054 10.454396
77070 18.897017 10.055296
77080 18.897929 10.890211
77090 18.897963 10.456559
77100 18.897626 8.781666
77110 18.896847 10.086392
77120 18.895303 8.198120
77130 18.893515 10.549368
77140 18.892288 10.474821
77150 18.890560 9.633272
77160 18.889434 11.255343
77170 18.887729 9.813242
77180 18.886078 9.707377
77190 18.884047 10.685355
77200 18.881753 10.888415
77210 18.879733 10.872329
77220 18.877720 10.113599
77230 18.875580 12.127272
77240 18.874398 9.330914
77250 18.873152 9.335083
77260 18.873118 10.093914
77270 18.873008 10.102038
77280 18.873893 9.052248
77290 18.874237 9.709649
77300 18.873629 10.633997
77310 18.873362 9.000996
77320 18.871945 9.049648
77330 18.869647 10.735102
77340 18.867757 10.474790
77350 18.865548 11.421587
77360 18.863482 9.326766
77370 18.861333 10.590883
77380 18.859200 11.323838
77390 18.857228 10.790030
77400 18.856471 9.110454
77410 18.856106 9.276261
77420 18.856352 9.665391
77430 18.857351 9.431512
77440 18.858236 10.283351
77450 18.859053 9.998973
77460 18.859458 7.890496
77470 18.858946 10.568480
77480 18.859633 11.262772
77490 18.859835 9.814962
77500 18.859516 8.495999
77510 18.859113 10.792484
77520 18.858702 9.320760
77530 18.857502 10.692042
77540 18.856187 9.819179
77550 18.854042 10.121092
77560 18.852431 11.151564
77570 18.850427 9.122645
77580 18.848197 12.605624
77590 18.845723 11.814588
77600 18.843870 9.477553
77610 18.842333 9.606332
77620 18.839753 11.791039
77630 18.838325 8.612798
77640 18.836584 10.362387
77650 18.835194 11.337563
77660 18.835110 11.372459
77670 18.836030 10.946323
77680 18.835624 9.330996
77690 18.834400 8.470001
77700 18.832809 9.900262
77710 18.830948 10.722350
77720 18.829602 12.000529
77730 18.829042 9.500980
77740 18.828636 11.779553
77750 18.828533 10.756942
77760 18.828536 8.150474
77770 18.827424 10.390938
77780 18.826707 9.190507
77790 18.826929 10.106052
77800 18.827155 9.678021
77810 18.827456 10.605915
77820 18.827605 11.351524
77830 18.828062 8.121951
77840 18.827504 10.800609
77850 18.826671 9.097159
77860 18.825592 9.582273
77870 18.824916 10.472389
77880 18.826355 9.488084
77890 18.828749 9.278557
77900 18.831066 9.370101
77910 18.831945 9.286747
77920 18.832519 9.683050
77930 18.833115 9.380016
77940 18.832399 12.439147
77950 18.831931 11.401270
77960 18.832668 11.216723
77970 18.832818 9.268850
77980 18.832888 8.579566
77990 18.831642 9.189958
78000 18.830112 10.191801
78010 18.828478 9.007939
78020 18.826776 9.226675
78030 18.825242 9.695189
78040 18.824021 8.723423
78050 18.821855 9.228686
78060 18.820169 9.471330
78070 18.818146 9.677141
78080 18.816224 9.360703
78090 18.814843 8.622399
78100 18.813669 10.761253
78110 18.811478 10.998957
78120 18.809405 10.599807
78130 18.807371 9.355667
78140 18.805063 9.129197
78150 18.802963 9.620683
78160 18.802107 10.810430
78170 18.800773 8.957702
78180 18.799350 11.469139
78190 18.798497 9.240323
78200 18.797894 9.944073
78210 18.796390 11.327179
78220 18.794493 10.665762
78230 18.792608 10.586279
78240 18.792142 9.691037
78250 18.791717 10.282878
78260 18.791326 8.820296
78270 18.790117 9.051141
78280 18.788265 9.373514
78290 18.786489 10.548337
78300 18.785373 8.906497
78310 18.784129 10.214504
78320 18.782282 8.569286
78330 18.780490 10.033826
78340 18.778912 9.321362
78350 18.777289 8.777374
78360 18.775462 10.321017
78370 18.773721 6.189944
78380 18.771886 10.512869
78390 18.769516 12.249154
78400 18.767330 10.222507
78410 18.765063 11.748915
78420 18.762986 9.223585
78430 18.761187 7.765242
78440 18.759118 10.709859
78450 18.757310 9.861632
78460 18.755826 9.579528
78470 18.753924 9.333358
78480 18.751985 11.229071
78490 18.749721 10.882436
78500 18.747896 10.259984
78510 18.745532 10.565851
78520 18.743890 11.351048
78530 18.742539 9.282819
78540 18.740714 9.180380
78550 18.738340 11.275956
78560 18.736370 8.534804
78570 18.734331 10.407141
78580 18.732252 9.562682
78590 18.730989 9.408506
78600 18.729766 10.901359
78610 18.728134 9.210939
78620 18.726569 9.426774
78630 18.725265 10.432245
78640 18.725016 10.827651
78650 18.725692 8.337235
78660 18.725657 11.255204
78670 18.725155 11.445941
78680 18.724437 9.298823
78690 18.723075 10.477849
78700 18.722254 9.770317
78710 18.721825 9.443131
78720 18.722605 9.692367
78730 18.723262 8.908774
78740 18.723233 9.988207
78750 18.723850 9.486921
78760 18.724664 9.725729
78770 18.724832 10.939101
78780 18.727192 9.177216
78790 18.729377 10.014724
78800 18.731013 9.346898
78810 18.733003 12.341597
78820 18.735649 9.555055
78830 18.738447 11.100443
78840 18.741208 10.312476
78850 18.743599 11.146580
78860 18.746351 9.296720
78870 18.749236 12.142626
78880 18.753198 10.690917
78890 18.758092 10.942281
78900 18.764004 11.951931
78910 18.769278 11.000580
78920 18.775193 8.679596
78930 18.780691 9.120336
78940 18.785896 10.176218
78950 18.791427 7.989734
78960 18.796806 11.067592
78970 18.802152 10.276272
78980 18.808303 9.484356
78990 18.814374 9.587392
79000 18.820394 10.071662
79010 18.825549 9.593213
79020 18.829536 10.617039
79030 18.833567 10.881155
79040 18.837332 9.420356
79050 18.841188 10.414768
79060 18.844753 10.738753
79070 18.848715 9.447702
79080 18.851521 8.827536
79090 18.854644 11.439316
79100 18.858203 11.211969
79110 18.863219 10.442233
79120 18.868581 9.525553
79130 18.874284 10.516820
79140 18.879664 10.130501
79150 18.884498 10.357474
79160 18.888350 9.048938
79170 18.891741 9.209619
79180 18.894027 9.772885
79190 18.897139 10.100224
79200 18.899716 9.676718
79210 18.900854 9.640919
79220 18.901551 10.026534
79230 18.902419 7.487263
79240 18.902875 10.500496
79250 18.904190 10.216221
79260 18.905745 10.863578
79270 18.906902 9.454994
79280 18.909352 10.592904
79290 18.912409 10.091691
79300 18.915196 11.208745
79310 18.916790 9.158799
79320 18.917832 10.667908
79330 18.919057 9.792127
79340 18.920254 9.899327
79350 18.921032 9.836378
79360 18.921734 7.763731
79370 18.921820 9.382396
79380 18.921022 9.389955
79390 18.919342 10.399440
79400 18.917696 8.355287
79410 18.916269 7.871754
79420 18.914793 10.340643
79430 18.913880 10.632025
79440 18.912997 9.349593
79450 18.911461 10.300576
79460 18.910284 9.141653
79470 18.909605 12.269437
79480 18.909075 10.343991
79490 18.908417 9.468615
79500 18.907251 10.360066
79510 18.905770 11.015905
79520 18.905010 8.990824
79530 18.904331 10.300999
79540 18.902711 9.455934
79550 18.900609 9.290692
79560 18.898319 9.443136
79570 18.896537 9.825364
79580 18.894969 10.031028
79590 18.892954 10.431535
79600 18.891382 10.090584
79610 18.890015 9.545743
79620 18.888314 10.069940
79630 18.886255 11.956074
79640 18.884110 8.240785
79650 18.882060 10.342256
79660 18.879855 9.640704
79670 18.878059 9.196429
79680 18.876482 11.116838
79690 18.875105 10.706201
79700 18.875213 9.207446
79710 18.875586 9.249781
79720 18.875360 9.345939
79730 18.874329 9.823490
79740 18.872427 9.096571
79750 18.871988 8.358692
79760 18.872129 7.675237
79770 18.871162 10.984296
79780 18.870214 10.465213
79790 18.870416 10.250368
79800 18.870825 9.590279
79810 18.870784 11.575547
79820 18.870919 12.626343
79830 18.871400 8.895029
79840 18.871988 10.827933
79850 18.872691 10.693721
79860 18.872357 9.106294
79870 18.870075 9.268228
79880 18.868444 10.341746
79890 18.866520 8.307999
79900 18.864959 9.218702
79910 18.863804 9.600503
79920 18.862302 9.571328
79930 18.860284 10.497234
79940 18.858523 9.192755
79950 18.856646 9.258053
79960 18.854804 9.787632
79970 18.853250 9.344870
79980 18.850909 13.215594
79990 18.849223 11.609006
80000 18.847416 10.332143
80010 18.845406 9.735706
80020 18.843454 9.841576
80030 18.841657 10.558197
80040 18.839660 10.724235
80050 18.837527 8.191922
80060 18.835351 10.352866
80070 18.834009 8.116796
80080 18.832152 11.021924
80090 18.830496 10.793825
80100 18.829167 9.129215
80110 18.827505 9.465620
80120 18.825636 9.365892
80130 18.823374 10.093496
80140 18.821118 10.987433
80150 18.819103 8.364866
80160 18.818060 9.663152
80170 18.817204 10.361182
80180 18.815755 11.372472
80190 18.814698 7.974316
80200 18.813633 9.464654
80210 18.812866 10.989734
80220 18.813238 6.832251
80230 18.813789 9.401541
80240 18.813938 9.565606
80250 18.813022 10.222597
80260 18.812010 8.371147
80270 18.810483 9.356671
80280 18.808486 10.585336
80290 18.806700 10.121415
80300 18.804575 10.359776
80310 18.803085 9.718487
80320 18.801623 9.141691
80330 18.800079 10.154301
80340 18.798095 10.089761
80350 18.796701 9.803947
80360 18.796343 8.190211
80370 18.795891 10.552553
80380 18.796589 10.368489
80390 18.797713 11.158043
80400 18.799012 10.625698
80410 18.800936 10.618037
80420 18.802343 7.683552
80430 18.803226 8.303989
80440 18.804638 9.281446
80450 18.806282 9.914588
80460 18.808271 10.225129
80470 18.811112 10.896530
80480 18.814701 9.547834
80490 18.819217 10.555040
80500 18.824180 9.351996
80510 18.829563 9.377035
80520 18.833992 8.216460
80530 18.837837 10.746829
80540 18.841532 10.517304
80550 18.846192 10.928735
80560 18.851023 11.885351
80570 18.854430 9.462611
80580 18.856978 9.289402
80590 18.859180 10.819581
80600 18.861744 9.272627
80610 18.864932 10.232488
80620 18.868333 9.372394
80630 18.871361 9.166127
80640 18.873324 7.938140
80650 18.874273 10.721218
80660 18.875327 9.321192
80670 18.876229 9.819562
80680 18.876952 10.267123
80690 18.877772 9.010452
80700 18.878456 10.101920
80710 18.878335 8.502109
80720 18.878575 9.345781
80730 18.879117 9.197889
80740 18.879183 10.351189
80750 18.878343 10.271250
80760 18.876285 10.178590
80770 18.874082 8.726828
80780 18.872032 8.500616
80790 18.870377 10.676332
80800 18.869800 10.178235
80810 18.868968 12.538687
80820 18.868548 7.572629
80830 18.868234 10.090731
80840 18.868610 10.627048
80850 18.868606 10.126766
80860 18.869642 8.723414
80870 18.870969 11.209518
80880 18.871859 8.918263
80890 18.873029 11.105483
80900 18.874835 9.674344
80910 18.876723 10.153391
80920 18.877595 10.097569
80930 18.878608 10.828366
80940 18.879732 13.051543
80950 18.881507 10.254256
80960 18.882217 10.855918
80970 18.883387 9.438902
80980 18.885209 10.430945
80990 18.887389 11.121240
81000 18.889197 10.653966
81010 18.890482 10.572222
81020 18.891672 8.935649
81030 18.892776 9.349658
81040 18.893796 10.714241
81050 18.894329 10.204786
81060 18.894683 11.615470
81070 18.895535 10.290406
81080 18.897609 10.835803
81090 18.899751 10.122727
81100 18.901183 10.597665
81110 18.903287 9.688281
81120 18.904349 9.468841
81130 18.905085 9.146042
81140 18.905428 9.334721
81150 18.906705 10.381652
81160 18.907859 11.240533
81170 18.908772 11.524301
81180 18.909235 10.128196
81190 18.909480 10.938122
81200 18.910988 9.015179
81210 18.912741 9.239994
81220 18.913491 10.398391
81230 18.914422 8.788982
81240 18.915496 9.491404
81250 18.916291 10.307496
81260 18.917273 9.748269
81270 18.917815 10.483442
81280 18.918305 10.122796
81290 18.918605 9.332955
81300 18.918563 9.228123
81310 18.918596 8.083098
81320 18.917987 9.465870
81330 18.918258 9.839756
81340 18.918195 10.620816
81350 18.917956 9.752933
81360 18.918441 10.976187
81370 18.919036 10.745819
81380 18.919272 10.541903
81390 18.920574 8.846272
81400 18.921610 9.725028
81410 18.921882 11.082195
81420 18.921683 10.660959
81430 18.921344 10.733217
81440 18.920749 10.702516
81450 18.920316 10.169771
81460 18.919526 9.477346
81470 18.919526 10.190613
81480 18.919504 9.786136
81490 18.919781 11.296924
81500 18.920219 8.971095
81510 18.920819 10.138174
81520 18.921728 11.450589
81530 18.923036 8.767947
81540 18.923481 9.393181
81550 18.922859 8.631524
81560 18.922479 10.584128
81570 18.921910 11.099531
81580 18.922354 9.517373
81590 18.924232 10.435375
81600 18.926538 8.272534
81610 18.929326 9.996261
81620 18.932851 10.266622
81630 18.937150 8.213034
81640 18.940667 8.906472
81650 18.943040 9.743502
81660 18.944585 9.742054
81670 18.944922 9.470268
81680 18.944911 10.819191
81690 18.944434 10.801546
81700 18.943221 11.804290
81710 18.941123 11.323773
81720 18.939458 11.890391
81730 18.938916 10.313014
81740 18.937828 8.992582
81750 18.936320 8.978453
81760 18.934143 11.502052
81770 18.932850 8.915697
81780 18.931453 9.612341
81790 18.930175 9.100887
81800 18.929187 9.210781
81810 18.928940 7.816474
81820 18.928628 9.686486
81830 18.928083 10.042475
81840 18.929360 10.548988
81850 18.931029 9.414562
81860 18.932869 9.832987
81870 18.934116 7.654739
81880 18.934968 10.889639
81890 18.934495 8.200742
81900 18.932916 10.185032
81910 18.931355 10.808681
81920 18.929562 10.988386
81930 18.927179 11.235855
81940 18.925277 11.135486
81950 18.923983 10.959951
81960 18.922899 9.243029
81970 18.920989 11.765348
81980 18.919113 8.684948
81990 18.917468 9.503564
82000 18.915498 11.862111
82010 18.914578 9.328119
82020 18.913281 10.627054
82030 18.912179 9.599816
82040 18.911393 9.625903
82050 18.910732 8.359083
82060 18.909251 10.471428
82070 18.909046 8.888211
82080 18.908567 10.421553
82090 18.907960 9.555721
82100 18.907368 10.874017
82110 18.906128 8.830814
82120 18.904334 9.756838
82130 18.902371 9.757684
82140 18.900057 8.446484
82150 18.897799 10.837580
82160 18.895695 10.709002
82170 18.894064 9.604782
82180 18.893277 9.407134
82190 18.892566 10.627412
82200 18.892218 9.115512
82210 18.891756 10.239911
82220 18.890954 10.274358
82230 18.890265 10.470434
82240 18.889639 10.154684
82250 18.889243 10.422031
82260 18.888845 8.878571
82270 18.887464 8.555770
82280 18.885995 10.811111
82290 18.884699 8.456308
82300 18.883346 8.991726
82310 18.881888 10.795513
82320 18.880234 10.738451
82330 18.879399 9.068520
82340 18.878314 10.257192
82350 18.877299 10.750357
82360 18.876046 9.507074
82370 18.874935 11.425223
82380 18.874389 10.151520
82390 18.873516 9.522095
82400 18.872871 10.570648
82410 18.872346 9.478962
82420 18.871452 10.236296
82430 18.869939 8.619783
82440 18.867809 12.618579
82450 18.865812 10.128229
82460 18.864425 10.373634
82470 18.862605 10.612237
82480 18.860979 9.225985
82490 18.859136 10.234477
82500 18.857006 10.967990
82510 18.855023 9.634039
82520 18.853258 8.340381
82530 18.851477 9.389035
82540 18.850600 9.440065
82550 18.850037 10.097804
82560 18.849639 9.775280
82570 18.849932 10.368085
82580 18.849932 10.509073
82590 18.849889 9.551555
82600 18.848773 9.156790
82610 18.846858 9.823954
82620 18.844774 10.763802
82630 18.842915 10.825724
82640 18.841037 9.029953
82650 18.839227 10.270599
82660 18.837099 10.805310
82670 18.835116 10.736757
82680 18.833898 10.328845
82690 18.832718 10.108589
82700 18.832638 9.176906
82710 18.833783 10.896619
82720 18.834605 9.409827
82730 18.834981 11.091838
82740 18.835457 9.761331
82750 18.835943 10.957541
82760 18.835695 10.306440
82770 18.835353 9.398268
82780 18.834676 10.303906
82790 18.833998 8.820337
82800 18.833465 9.366194
82810 18.831857 10.842704
82820 18.829770 10.601539
82830 18.828167 10.501158
82840 18.827258 11.046615
82850 18.826345 10.095003
82860 18.825068 8.730525
82870 18.823236 10.634468
82880 18.821745 9.474522
82890 18.820590 10.370019
82900 18.819483 9.178448
82910 18.818138 10.361204
82920 18.816432 11.825699
82930 18.815111 9.382296
82940 18.813769 8.984042
82950 18.812101 9.552245
82960 18.810265 10.612948
82970 18.808911 9.722306
82980 18.808185 9.581426
82990 18.806796 10.743382
83000 18.805172 9.510830
83010 18.803047 10.873514
83020 18.801191 10.554446
83030 18.798869 12.186805
83040 18.797391 9.666430
83050 18.795311 11.025822
83060 18.793278 9.494329
83070 18.791360 9.109427
83080 18.789414 9.139204
83090 18.787506 10.016442
83100 18.785285 11.104879
83110 18.783363 10.233146
83120 18.781801 9.246447
83130 18.780085 7.249250
83140 18.777926 9.245998
83150 18.775919 9.333931
83160 18.773935 10.887120
83170 18.772168 10.083615
83180 18.770935 9.202363
83190 18.769426 9.309278
83200 18.767893 8.345486
83210 18.765878 9.160828
83220 18.763807 11.084245
83230 18.761910 8.061368
83240 18.760371 10.247373
83250 18.759477 10.339922
83260 18.758746 9.136474
83270 18.757081 12.465784
83280 18.755191 10.560115
83290 18.753244 10.384845
83300 18.751257 9.440383
83310 18.750189 9.225343
83320 18.749416 9.164846
83330 18.748633 9.670700
83340 18.747817 10.643023
83350 18.747458 10.060819
83360 18.747133 8.384874
83370 18.747614 10.699890
83380 18.748719 10.699663
83390 18.750907 8.866562
83400 18.753021 8.997517
83410 18.755242 10.340782
83420 18.757335 9.323847
83430 18.758877 10.450522
83440 18.760482 8.279016
83450 18.760582 9.359096
83460 18.760415 8.913694
83470 18.759556 6.193235
83480 18.757975 10.265561
83490 18.756332 9.255412
83500 18.754521 10.748209
83510 18.752968 9.318155
83520 18.751551 10.953555
83530 18.749586 10.755240
83540 18.748185 10.734762
83550 18.746770 9.243900
83560 18.745818 9.686786
83570 18.744588 10.718542
83580 18.742819 8.897282
83590 18.740910 10.141997
83600 18.738849 9.091852
83610 18.737060 9.329532
83620 18.735769 9.045630
83630 18.734768 9.921020
83640 18.734837 10.107395
83650 18.735956 9.111658
83660 18.736673 9.532529
83670 18.736556 10.867950
83680 18.735687 9.289403
83690 18.735389 12.136104
83700 18.735655 10.093397
83710 18.736329 9.454777
83720 18.737073 9.240623
83730 18.737894 8.822403
83740 18.738342 10.021997
83750 18.738754 12.110944
83760 18.739502 10.014805
83770 18.739841 9.474404
83780 18.739898 9.035664
83790 18.739420 10.688822
83800 18.739576 9.782447
83810 18.739052 12.739352
83820 18.738659 10.781118
83830 18.737873 8.710148
83840 18.736942 10.321541
83850 18.735844 10.813950
83860 18.735154 9.189987
83870 18.734880 9.673071
83880 18.734442 9.017552
83890 18.733910 10.084212
83900 18.732784 10.544272
83910 18.733209 9.607650
83920 18.733870 9.378236
83930 18.733795 8.334545
83940 18.733534 10.417065
83950 18.732839 9.124853
83960 18.731151 9.725665
83970 18.729284 9.013128
83980 18.728353 10.264386
83990 18.727959 10.052174
84000 18.727759 10.362475
84010 18.727649 10.880905
84020 18.727682 7.983580
84030 18.727497 10.122725
84040 18.726541 9.599317
84050 18.725757 10.309981
84060 18.724227 9.092991
84070 18.722614 10.084641
84080 18.720714 9.304465
84090 18.719188 8.896782
84100 18.717473 9.190815
84110 18.715520 11.391175
84120 18.713644 10.487375
84130 18.711917 7.656450
84140 18.710058 9.092984
84150 18.708322 8.844917
84160 18.706144 11.572336
84170 18.704036 12.225848
84180 18.702743 9.304088
84190 18.701013 10.799209
84200 18.700070 8.924692
84210 18.699366 10.276633
84220 18.698771 8.449338
84230 18.698163 11.097596
84240 18.698273 13.037771
84250 18.699273 8.744487
84260 18.699550 7.845458
84270 18.699646 8.604082
84280 18.698894 10.146756
84290 18.697048 9.126959
84300 18.695015 7.006501
84310 18.693229 9.913567
84320 18.691353 11.288596
84330 18.689583 8.041446
84340 18.687655 11.755203
84350 18.685953 9.389424
84360 18.684265 10.482350
84370 18.682995 10.337042
84380 18.681201 10.962836
84390 18.679470 10.684948
84400 18.678184 11.453418
84410 18.677154 11.797059
84420 18.676633 10.035576
84430 18.676360 8.214276
84440 18.676986 9.430906
84450 18.678536 8.900729
84460 18.680592 7.321346
84470 18.682783 9.392051
84480 18.684867 8.244203
84490 18.685729 10.271522
84500 18.686303 7.778187
84510 18.686332 10.339387
84520 18.687233 10.012109
84530 18.688597 9.192675
84540 18.688940 9.908102
84550 18.688905 10.165285
84560 18.688674 9.750266
84570 18.688247 8.871432
84580 18.687911 10.275586
84590 18.688618 10.030667
84600 18.689438 10.403265
84610 18.690151 10.444670
84620 18.690670 8.879678
84630 18.690356 12.125389
84640 18.691165 11.129074
84650 18.693099 9.586835
84660 18.694822 8.152860
84670 18.695973 9.558662
84680 18.696222 10.429925
84690 18.696110 10.656712
84700 18.696083 9.734901
84710 18.695574 9.895186
84720 18.694609 9.949833
84730 18.694220 10.111514
84740 18.695004 9.283560
84750 18.697222 10.274715
84760 18.699508 10.260045
84770 18.701790 8.102857
84780 18.704276 11.294771
84790 18.706517 8.801748
84800 18.709477 10.433461
84810 18.713124 9.309802
84820 18.716233 9.932679
84830 18.718970 10.446859
84840 18.720189 10.025830
84850 18.721564 9.900583
84860 18.722830 10.289501
84870 18.724162 8.912854
84880 18.725475 9.696066
84890 18.726639 9.931106
84900 18.726466 10.174565
84910 18.726811 10.757950
84920 18.727539 9.871782
84930 18.727578 10.326926
84940 18.726529 10.602827
84950 18.724763 11.755018
84960 18.722762 9.542944
84970 18.720885 11.075249
84980 18.719228 9.916537
84990 18.717378 10.484352
85000 18.715363 7.503716
85010 18.713495 10.144803
85020 18.711468 9.941855
85030 18.710135 8.616483
85040 18.708656 9.025203
85050 18.707127 10.472741
85060 18.705507 9.643957
85070 18.704138 10.007614
85080 18.702410 11.194269
85090 18.700418 11.316453
85100 18.698708 10.749714
85110 18.696832 10.680019
85120 18.694980 10.165921
85130 18.694033 9.452420
85140 18.693452 10.137224
85150 18.693080 8.732322
85160 18.691945 9.467466
85170 18.690890 8.890614
85180 18.689327 10.443340
85190 18.687246 9.365550
85200 18.685359 8.684558
85210 18.683429 9.589752
85220 18.682005 8.974162
85230 18.680732 10.272399
85240 18.678976 11.567410
85250 18.678018 9.822819
85260 18.677989 9.590369
85270 18.679300 8.210168
85280 18.681665 10.553131
85290 18.684561 9.173337
85300 18.687589 10.251992
85310 18.690436 11.106471
85320 18.693903 9.728838
85330 18.697432 10.138608
85340 18.701409 10.695415
85350 18.704131 9.413357
85360 18.706929 9.970757
85370 18.710272 8.588456
85380 18.713327 10.697961
85390 18.717307 8.801531
85400 18.721335 9.400905
85410 18.724967 11.024075
85420 18.728406 8.281706
85430 18.731838 10.437315
85440 18.735427 10.721591
85450 18.738492 10.028465
85460 18.742679 9.376676
85470 18.746190 9.115882
85480 18.748723 10.291556
85490 18.751444 10.068642
85500 18.755380 8.387697
85510 18.757920 10.269401
85520 18.760516 9.159378
85530 18.763776 10.368110
85540 18.767108 4.916116
85550 18.769597 8.779023
85560 18.771492 10.515019
85570 18.773813 9.277881
85580 18.775992 9.015365
85590 18.778514 8.695716
85600 18.781035 9.539983
85610 18.784077 9.362024
85620 18.786887 9.037126
85630 18.789217 8.093693
85640 18.791301 9.484308
85650 18.794304 9.105244
85660 18.797569 9.728833
85670 18.800117 9.877635
85680 18.802356 10.723188
85690 18.803673 7.982272
85700 18.803752 8.973647
85710 18.803455 8.911967
85720 18.803222 10.608843
85730 18.803587 8.838024
85740 18.802195 10.563538
85750 18.800083 10.727456
85760 18.798204 9.675292
85770 18.796167 8.619518
85780 18.794447 9.345716
85790 18.793465 9.819501
85800 18.793332 11.267900
85810 18.794288 10.087244
85820 18.794923 8.601074
85830 18.795046 10.332765
85840 18.795353 10.909329
85850 18.795929 9.097121
85860 18.794982 10.194217
85870 18.793834 9.795602
85880 18.792121 10.030845
85890 18.790961 11.203641
85900 18.790606 9.344769
85910 18.790719 9.517503
85920 18.792385 9.300192
85930 18.794714 8.998193
85940 18.796740 10.750261
85950 18.798813 10.822580
85960 18.800669 10.008548
85970 18.802938 9.400621
85980 18.804652 10.165707
85990 18.806539 9.527004
86000 18.807485 10.486495
86010 18.807733 9.650810
86020 18.806625 11.110820
86030 18.804708 10.273980
86040 18.803175 11.366166
86050 18.801340 10.022882
86060 18.799741 10.681699
86070 18.798361 10.771845
86080 18.797388 10.231074
86090 18.795444 9.716329
86100 18.793371 9.772794
86110 18.791387 9.364107
86120 18.789718 12.995486
86130 18.788307 9.515067
86140 18.786987 9.143533
86150 18.785046 10.627209
86160 18.782926 12.441159
86170 18.781561 10.576892
86180 18.781068 10.868681
86190 18.780266 8.630305
86200 18.778644 10.230835
86210 18.776596 9.345766
86220 18.774795 9.358272
86230 18.772932 9.160708
86240 18.770917 10.497046
86250 18.769033 9.646490
86260 18.767110 9.429598
86270 18.765622 9.095548
86280 18.763652 10.518062
86290 18.761658 9.494721
86300 18.759591 9.340886
86310 18.757748 9.271383
86320 18.756077 10.382908
86330 18.754392 9.667448
86340 18.752561 11.697420
86350 18.751130 8.531648
86360 18.749755 8.637824
86370 18.749085 11.535777
86380 18.748550 9.430531
86390 18.747836 10.334188
86400 18.746765 9.191826
