10 1.135931 1.445483
20 2.130621 0.819470
30 5.609350 2.311086
40 5.967290 2.034154
50 5.875744 2.899845
60 6.326948 2.895978
70 5.797975 3.520206
80 6.406810 2.640108
90 7.657294 2.272517
100 8.502918 3.592792
110 9.541917 5.525679
120 11.011974 4.571655
130 11.981146 5.977117
140 12.706749 4.966394
150 12.957394 5.885720
160 13.339213 5.852799
170 13.926504 6.707360
180 14.673316 7.722850
190 15.150203 7.984788
200 15.736962 7.092793
210 16.661167 8.431557
220 17.114651 7.990573
230 17.470130 9.529463
240 17.816211 8.351290
250 18.168475 7.941114
260 18.549529 11.601488
270 19.039714 10.170563
280 19.560434 9.578697
290 20.395547 9.323542
300 21.279002 10.765156
310 21.856398 10.320991
320 22.170116 10.957605
330 22.400433 11.374562
340 22.864514 10.327762
350 23.557270 11.937620
360 24.261422 12.280534
370 25.085412 11.681070
380 25.986326 11.955792
390 26.965435 12.681122
400 27.748159 12.580751
410 28.322011 13.431947
420 28.871051 14.802114
430 29.388723 13.585201
440 30.019540 14.174938
450 30.603736 14.421725
460 31.108327 13.802938
470 31.715369 15.469845
480 32.493407 15.510509
490 33.242332 17.099832
500 34.027533 16.544551
510 34.962967 14.879333
520 35.674387 17.573260
530 36.178052 17.066343
540 36.573274 17.063852
550 36.729656 18.699161
560 36.820943 18.767924
570 36.890600 17.311877
580 37.014383 18.878201
590 37.124767 16.072922
600 37.154381 17.580128
610 37.305375 18.715875
620 37.530746 18.494786
630 37.806750 17.957268
640 38.187132 18.961072
650 38.564473 19.414675
660 38.876806 21.412788
670 39.199271 20.533467
680 39.658182 20.675323
690 40.051469 20.179731
700 40.490649 23.153440
710 40.984044 19.867920
720 41.425750 20.734816
730 41.901073 20.916385
740 42.405839 21.521262
750 42.962413 21.399778
760 43.289538 20.845271
770 43.524234 23.799964
780 43.869694 19.423966
790 44.084181 22.928541
800 44.250247 23.740648
810 44.592277 22.448798
820 45.033848 21.611080
830 45.495303 22.212173
840 45.918051 22.622501
850 46.349670 24.143520
860 46.749658 24.183275
870 47.164615 23.882159
880 47.660086 24.625370
890 48.182159 24.240195
900 48.796036 23.613177
910 49.397811 23.244423
920 49.933076 23.938506
930 50.496027 25.852783
940 51.087985 25.911549
950 51.864754 26.914307
960 52.531077 26.656001
970 53.300564 26.701742
980 54.016600 27.341968
990 54.697959 26.752416
1000 55.301902 27.256377
1010 55.994215 27.372465
1020 56.695885 28.156356
1030 57.400319 29.100795
1040 58.125653 29.145528
1050 58.769649 28.065043
1060 59.372140 30.107441
1070 60.092823 29.931632
1080 60.805841 29.226039
1090 61.534413 29.355181
1100 62.222798 31.282807
1110 62.772841 29.374058
1120 63.296738 29.652577
1130 63.710610 32.399255
1140 64.111811 30.776635
1150 64.480537 30.930110
1160 64.812619 31.678676
1170 65.031300 33.434329
1180 65.304973 31.945643
1190 65.625443 31.976965
1200 65.928783 32.235288
1210 66.235383 32.546853
1220 66.548199 34.160181
1230 66.856826 33.446134
1240 67.268741 31.459354
1250 67.585337 33.367669
1260 67.896942 33.910987
1270 68.240886 31.535976
1280 68.516202 35.861260
1290 68.705858 35.110599
1300 68.890049 34.621762
1310 69.117397 34.060959
1320 69.286431 34.269830
1330 69.467102 35.109986
1340 69.644917 34.200023
1350 69.808156 35.568182
1360 69.966065 35.231618
1370 70.180087 34.513452
1380 70.425019 36.234542
1390 70.693089 35.853939
1400 71.033057 33.761845
1410 71.419762 34.544792
1420 71.744716 35.251891
1430 72.004649 35.816927
1440 72.249408 35.758913
1450 72.438709 36.629000
1460 72.568103 36.998719
1470 72.729488 36.925804
1480 72.948196 35.801277
1490 73.160147 37.091264
1500 73.351552 38.194862
1510 73.558198 37.554006
1520 73.725865 35.412359
1530 73.893663 37.517352
1540 74.064868 36.595356
1550 74.288407 36.743285
1560 74.496938 37.697100
1570 74.644349 37.036224
1580 74.797342 36.989868
1590 74.979145 37.186405
1600 75.175375 38.483252
1610 75.325380 36.632681
1620 75.441426 36.969779
1630 75.606452 37.716511
1640 75.804819 37.300562
1650 75.976807 37.647507
1660 76.156597 39.315110
1670 76.307495 38.820011
1680 76.469340 38.681723
1690 76.588314 38.609882
1700 76.676163 37.624876
1710 76.744742 37.982243
1720 76.792459 39.020774
1730 76.840664 36.924694
1740 76.849890 37.260031
1750 76.856422 39.344063
1760 76.887832 37.136847
1770 76.928661 40.034984
1780 76.993246 39.463063
1790 77.071154 40.605006
1800 77.150795 39.000099
1810 77.218067 39.161960
1820 77.287675 38.214703
1830 77.336997 38.486706
1840 77.399229 40.356075
1850 77.450897 36.250764
1860 77.471535 39.669513
1870 77.525082 39.565140
1880 77.567887 38.915204
1890 77.616106 39.467279
1900 77.664375 38.582631
1910 77.767811 39.023819
1920 77.899196 40.013915
1930 78.021144 38.579054
1940 78.136454 38.331031
1950 78.239030 38.343641
1960 78.303050 39.943586
1970 78.380995 39.941928
1980 78.500625 37.911077
1990 78.590316 39.888556
2000 78.668725 38.378101
2010 78.695990 39.113754
2020 78.710163 39.614622
2030 78.761981 39.860930
2040 78.815578 40.008097
2050 78.892625 38.728965
2060 79.001872 38.711623
2070 79.124582 40.377105
2080 79.260284 40.338562
2090 79.413740 38.120355
2100 79.543856 38.548172
2110 79.697466 39.006910
2120 79.819877 39.903035
2130 79.909580 41.166785
2140 79.970325 39.964409
2150 80.039581 40.104672
2160 80.097468 39.263633
2170 80.171383 41.280059
2180 80.268419 40.808636
2190 80.361454 40.610842
2200 80.439143 39.638906
2210 80.517055 39.221453
2220 80.556762 40.988751
2230 80.598580 41.944076
2240 80.643081 40.080961
2250 80.656614 40.393394
2260 80.625654 40.662664
2270 80.592519 41.705881
2280 80.506349 38.470101
2290 80.429430 39.918503
2300 80.360220 39.506714
2310 80.307605 40.132995
2320 80.290253 39.420504
2330 80.280515 40.355136
2340 80.266145 40.622230
2350 80.215161 40.710604
2360 80.158626 40.566494
2370 80.078754 40.946137
2380 79.984451 41.378586
2390 79.914721 39.556425
2400 79.872336 41.060210
2410 79.845327 38.936291
2420 79.809045 40.322565
2430 79.810382 39.612003
2440 79.823310 40.810634
2450 79.829835 39.196734
2460 79.831674 40.592201
2470 79.824087 40.321946
2480 79.839080 40.878587
2490 79.859787 40.105275
2500 79.858487 39.987873
2510 79.865186 39.744686
2520 79.859835 39.686326
2530 79.874185 39.442586
2540 79.868972 40.762591
2550 79.840243 39.799850
2560 79.825435 41.195376
2570 79.856017 40.477502
2580 79.915456 39.368393
2590 79.971720 41.356283
2600 80.027687 38.681751
2610 80.076158 38.108002
2620 80.100560 39.298874
2630 80.105003 40.959657
2640 80.090317 39.517217
2650 80.067364 39.714833
2660 80.054444 41.532186
2670 80.072410 38.936331
2680 80.071278 40.142621
2690 80.071707 41.397700
2700 80.079606 41.512491
2710 80.076887 41.177329
2720 80.045416 43.605574
2730 80.046034 40.458620
2740 80.062107 40.409005
2750 80.052288 38.870378
2760 79.996589 39.705328
2770 79.941494 40.678356
2780 79.870829 41.267005
2790 79.799145 39.379166
2800 79.700923 39.011960
2810 79.631457 38.861254
2820 79.577648 41.136896
2830 79.527722 40.224686
2840 79.495079 39.551496
2850 79.441479 40.615683
2860 79.365743 40.052638
2870 79.312604 40.197632
2880 79.289927 39.787710
2890 79.241261 40.527588
2900 79.188977 39.812645
2910 79.120086 38.468083
2920 79.031833 40.632470
2930 78.914236 41.550583
2940 78.837543 40.665803
2950 78.743439 40.286419
2960 78.624427 40.853752
2970 78.529160 39.957584
2980 78.430707 39.107478
2990 78.349194 40.721352
3000 78.290668 38.011706
3010 78.216485 37.902298
3020 78.144194 38.738698
3030 78.040341 39.919234
3040 77.936809 39.965609
3050 77.852300 39.287576
3060 77.763749 37.377060
3070 77.685074 38.445719
3080 77.587217 38.206059
3090 77.484767 38.822581
3100 77.356887 39.663201
3110 77.232673 38.638827
3120 77.124695 38.106202
3130 77.021450 38.918255
3140 76.920390 39.783356
3150 76.836763 37.991617
3160 76.756718 38.353771
3170 76.701255 38.736922
3180 76.645927 39.319819
3190 76.592479 39.444137
3200 76.543154 38.640691
3210 76.490480 38.236597
3220 76.467550 37.624357
3230 76.429541 38.917020
3240 76.399229 37.693111
3250 76.367642 38.176912
3260 76.338761 37.933951
3270 76.310087 39.192611
3280 76.274210 38.735729
3290 76.239885 38.703565
3300 76.204018 37.942370
3310 76.179640 37.877891
3320 76.149150 36.892898
3330 76.100372 36.618850
3340 76.063141 39.736275
3350 76.042755 38.975306
3360 76.025819 39.579662
3370 76.038874 38.046382
3380 76.052527 39.188116
3390 76.040292 38.551971
3400 76.016513 36.204948
3410 75.970180 37.540129
3420 75.905088 37.587074
3430 75.830975 39.591826
3440 75.767866 38.174270
3450 75.703451 37.575665
3460 75.637372 38.684297
3470 75.573155 36.991442
3480 75.504069 37.493618
3490 75.439761 37.308651
3500 75.371943 38.360799
3510 75.316213 38.167791
3520 75.271496 36.576996
3530 75.240791 38.278268
3540 75.221622 37.383056
3550 75.212276 38.250095
3560 75.198302 37.604481
3570 75.198160 35.091055
3580 75.194511 38.934021
3590 75.160632 38.045530
3600 75.090113 37.171304
3610 75.008456 37.554601
3620 74.907738 38.912710
3630 74.818282 38.175117
3640 74.734059 37.582330
3650 74.644102 36.759050
3660 74.571073 37.458610
3670 74.488898 36.353232
3680 74.398506 37.787822
3690 74.279332 39.183256
3700 74.158684 36.609147
3710 74.033469 35.806609
3720 73.900885 38.835780
3730 73.744056 38.282943
3740 73.575628 36.495986
3750 73.397112 37.678926
3760 73.225738 36.523942
3770 73.072382 35.645012
3780 72.891356 36.464476
3790 72.710480 37.199999
3800 72.519851 37.113539
3810 72.335601 36.033949
3820 72.160176 35.542540
3830 71.991623 37.558314
3840 71.818772 35.326438
3850 71.655117 37.580906
3860 71.486070 35.053447
3870 71.314893 35.313197
3880 71.162776 35.719803
3890 71.001421 35.627460
3900 70.825427 37.220776
3910 70.681363 36.203007
3920 70.516175 36.739911
3930 70.371056 37.016040
3940 70.245372 34.557685
3950 70.142938 34.536205
3960 70.043356 34.961778
3970 69.959937 36.259385
3980 69.886771 36.098836
3990 69.817454 33.904505
4000 69.746150 34.598970
4010 69.671801 36.354116
4020 69.610064 34.333550
4030 69.554163 34.633245
4040 69.494650 34.258564
4050 69.434167 34.547281
4060 69.357197 34.906730
4070 69.270088 34.568623
4080 69.163048 37.065249
4090 69.089328 34.493752
4100 69.003016 35.581796
4110 68.888601 33.514432
4120 68.776039 36.193439
4130 68.658339 35.402902
4140 68.524358 34.958680
4150 68.370603 33.453041
4160 68.225271 34.213166
4170 68.077359 34.792765
4180 67.954905 33.572129
4190 67.857244 33.473055
4200 67.788942 34.545151
4210 67.727606 34.453000
4220 67.681185 32.480770
4230 67.636601 35.052611
4240 67.596972 34.777216
4250 67.563605 33.171007
4260 67.537016 32.932380
4270 67.511446 33.837615
4280 67.497326 34.641487
4290 67.490959 34.045830
4300 67.482786 35.390739
4310 67.477047 35.367069
4320 67.471084 33.658419
4330 67.475777 34.680872
4340 67.487717 34.753409
4350 67.514880 32.292301
4360 67.538894 33.635737
4370 67.578486 34.286549
4380 67.608260 34.369334
4390 67.637319 37.760774
4400 67.686265 34.421437
4410 67.736422 36.359093
4420 67.791798 33.108713
4430 67.845821 35.605963
4440 67.891313 34.670774
4450 67.921306 35.805276
4460 67.963366 33.824869
4470 67.998416 34.111309
4480 68.027415 34.067697
4490 68.035828 34.709559
4500 68.040559 34.070570
4510 68.040701 33.241662
4520 68.024019 33.596399
4530 68.027878 34.212921
4540 68.041022 33.596211
4550 68.053487 33.763181
4560 68.065281 34.845168
4570 68.078929 35.496455
4580 68.105712 33.765596
4590 68.145600 35.446834
4600 68.196586 34.755586
4610 68.238814 34.749705
4620 68.294096 32.202216
4630 68.325037 33.451092
4640 68.343401 35.144231
4650 68.379820 34.625816
4660 68.435375 34.921727
4670 68.490369 33.474739
4680 68.548135 34.094969
4690 68.627201 35.035607
4700 68.712555 34.191916
4710 68.798119 33.687420
4720 68.861993 34.024313
4730 68.918135 34.233031
4740 68.997552 34.584831
4750 69.084019 35.125547
4760 69.190936 36.798228
4770 69.325144 33.032306
4780 69.425016 35.575398
4790 69.513805 34.712994
4800 69.602759 35.350521
4810 69.705841 34.832184
4820 69.812128 31.946955
4830 69.906204 36.218224
4840 69.993380 35.018412
4850 70.078360 36.077179
4860 70.162754 35.012539
4870 70.240674 34.390859
4880 70.316509 35.110132
4890 70.383512 34.306773
4900 70.437508 35.481967
4910 70.503840 36.231630
4920 70.555326 35.666741
4930 70.616801 36.527207
4940 70.678919 35.796919
4950 70.743578 35.139161
4960 70.818589 36.031636
4970 70.888676 37.498754
4980 70.953129 36.089980
4990 71.015683 35.068046
5000 71.077642 36.202851
5010 71.132948 35.575875
5020 71.199601 35.320842
5030 71.252418 36.372596
5040 71.315354 35.502969
5050 71.363536 35.343949
5060 71.407373 36.807117
5070 71.446215 35.644660
5080 71.479013 35.157739
5090 71.504854 36.934916
5100 71.528297 37.276872
5110 71.554688 36.715436
5120 71.582568 38.549556
5130 71.620702 35.333946
5140 71.665538 37.469306
5150 71.718020 34.485045
5160 71.765405 36.183581
5170 71.816938 35.015339
5180 71.862375 37.490121
5190 71.901346 36.454827
5200 71.932599 36.512108
5210 71.960936 35.602452
5220 71.978084 35.783621
5230 71.995944 36.595222
5240 72.000727 34.599597
5250 71.998973 37.008709
5260 72.017070 36.568152
5270 72.033302 37.433760
5280 72.053558 35.820069
5290 72.067060 34.989964
5300 72.072916 35.910510
5310 72.068395 36.825449
5320 72.063534 36.367174
5330 72.059787 34.348141
5340 72.034807 34.613774
5350 72.003850 36.763351
5360 71.982900 36.692557
5370 71.963930 35.504516
5380 71.933513 36.786582
5390 71.899449 36.597913
5400 71.863058 34.990733
5410 71.820356 35.108996
5420 71.764816 37.712601
5430 71.693332 37.167838
5440 71.624897 36.492367
5450 71.575473 36.087138
5460 71.530449 36.162541
5470 71.492673 35.296015
5480 71.461463 35.858491
5490 71.444322 36.296331
5500 71.448052 35.450962
5510 71.447354 37.409325
5520 71.456636 35.437201
5530 71.458515 35.436470
5540 71.446664 36.332644
5550 71.438805 35.294865
5560 71.413576 34.606372
5570 71.389834 35.473644
5580 71.356541 36.208566
5590 71.328353 37.083493
5600 71.297032 36.017485
5610 71.256478 37.156059
5620 71.221212 35.148022
5630 71.180061 34.754905
5640 71.135853 35.408529
5650 71.089408 36.206828
5660 71.046250 35.974404
5670 71.026091 34.687562
5680 71.014054 36.228244
5690 71.000298 33.083735
5700 70.986482 35.999403
5710 70.970600 35.452621
5720 70.940261 35.938030
5730 70.915654 35.337915
5740 70.886464 35.015306
5750 70.869109 36.271098
5760 70.852411 34.267578
5770 70.829163 34.903959
5780 70.795420 36.404642
5790 70.769194 35.780482
5800 70.737491 35.212851
5810 70.704978 34.223535
5820 70.667098 34.799989
5830 70.611889 35.147652
5840 70.560887 34.941309
5850 70.511848 34.868086
5860 70.471911 36.677231
5870 70.423328 36.419613
5880 70.371237 37.249093
5890 70.326853 34.899130
5900 70.273167 35.102624
5910 70.200516 35.623812
5920 70.120917 33.420673
5930 70.036513 34.453410
5940 69.963277 36.628824
5950 69.891007 34.536600
5960 69.819923 34.934632
5970 69.741415 35.729383
5980 69.665309 34.252440
5990 69.590637 35.177328
6000 69.501424 36.343541
6010 69.415510 33.529913
6020 69.301240 34.187012
6030 69.195535 35.041972
6040 69.094200 35.250323
6050 68.999577 36.051449
6060 68.903666 34.209685
6070 68.812946 33.768189
6080 68.710909 33.426520
6090 68.601932 34.780662
6100 68.494162 35.179439
6110 68.398447 33.869111
6120 68.319722 34.576267
6130 68.256557 33.843159
6140 68.198809 32.842147
6150 68.137670 33.162962
6160 68.090865 33.703716
6170 68.053577 33.581957
6180 68.022690 35.238231
6190 68.004282 34.385668
6200 67.984403 34.532594
6210 67.958215 34.698665
6220 67.932935 34.408651
6230 67.897298 33.896101
6240 67.870149 33.401587
6250 67.849003 34.769029
6260 67.837953 34.251203
6270 67.820168 34.896441
6280 67.792223 34.135050
6290 67.762703 34.704120
6300 67.730907 34.166442
6310 67.696239 33.836322
6320 67.653090 32.955618
6330 67.599787 33.486003
6340 67.530864 33.454774
6350 67.450955 33.572382
6360 67.362487 34.192066
6370 67.279182 34.044793
6380 67.199821 34.604940
6390 67.120306 33.201072
6400 67.037482 33.266851
6410 66.959780 34.726315
6420 66.879542 33.496336
6430 66.784231 34.078224
6440 66.687706 34.375161
6450 66.588833 33.620445
6460 66.493157 33.489644
6470 66.401980 32.472475
6480 66.310853 32.116722
6490 66.210226 33.785253
6500 66.116613 32.926421
6510 66.018291 32.729391
6520 65.929367 31.668622
6530 65.843088 32.407525
6540 65.759820 32.269670
6550 65.684455 31.797718
6560 65.613122 36.693229
6570 65.542061 34.311252
6580 65.479783 33.107321
6590 65.421175 29.915378
6600 65.355274 33.063930
6610 65.282478 32.471171
6620 65.202936 31.789137
6630 65.123992 32.848957
6640 65.041175 32.284226
6650 64.948484 33.712513
6660 64.858430 32.890032
6670 64.777732 31.258573
6680 64.702436 32.028775
6690 64.633261 32.070159
6700 64.570410 33.934122
6710 64.498640 32.851524
6720 64.426905 31.670235
6730 64.343143 30.283502
6740 64.262331 32.456784
6750 64.177912 31.917910
6760 64.096553 32.872733
6770 64.018300 32.959375
6780 63.937699 32.633488
6790 63.856698 31.786612
6800 63.771921 31.375279
6810 63.692399 32.405155
6820 63.606972 33.435080
6830 63.532793 32.584661
6840 63.464104 32.101768
6850 63.390585 32.310361
6860 63.314548 32.205565
6870 63.235579 32.385413
6880 63.157640 33.353546
6890 63.096039 32.260481
6900 63.031043 32.867674
6910 62.972763 31.397952
6920 62.897358 30.540978
6930 62.824564 31.699069
6940 62.749305 34.028943
6950 62.685533 30.684398
6960 62.617538 33.199057
6970 62.561290 31.043624
6980 62.504997 30.970277
6990 62.459418 32.545290
7000 62.418801 31.545131
7010 62.387310 31.876472
7020 62.353860 31.909098
7030 62.333149 31.416885
7040 62.315333 31.768195
7050 62.305602 29.959554
7060 62.287627 31.006038
7070 62.262256 30.182254
7080 62.232996 31.726522
7090 62.216746 30.895510
7100 62.206387 31.244784
7110 62.210668 31.449999
7120 62.221588 30.275396
7130 62.240398 31.737771
7140 62.262062 31.908060
7150 62.286698 32.065035
7160 62.318899 30.663518
7170 62.350974 32.954189
7180 62.384129 32.380739
7190 62.419084 32.294589
7200 62.470517 30.488906
7210 62.524765 32.313622
7220 62.584919 31.483972
7230 62.638656 31.508199
7240 62.697815 32.750569
7250 62.771147 32.356145
7260 62.849909 31.864571
7270 62.933204 31.952068
7280 63.021654 31.002778
7290 63.102663 32.372806
7300 63.173846 30.588712
7310 63.239865 32.420962
7320 63.294378 31.202346
7330 63.353288 30.950523
7340 63.416420 33.441027
7350 63.485254 32.977203
7360 63.539081 32.205666
7370 63.596019 32.166347
7380 63.646218 32.589078
7390 63.689142 31.272237
7400 63.729541 32.314502
7410 63.769876 32.266023
7420 63.811636 32.979765
7430 63.863032 30.848587
7440 63.916595 31.823023
7450 63.981121 32.430162
7460 64.055188 32.447442
7470 64.124393 31.295665
7480 64.210322 34.037317
7490 64.297999 32.745063
7500 64.401290 31.435736
7510 64.508887 33.862223
7520 64.615539 33.078908
7530 64.729363 32.845394
7540 64.853539 33.660902
7550 64.980680 33.458331
7560 65.122239 33.107575
7570 65.262681 33.333716
7580 65.407604 33.586791
7590 65.571678 31.612173
7600 65.716674 32.124207
7610 65.857383 32.288212
7620 65.998823 32.345328
7630 66.141229 33.228182
7640 66.292919 34.376773
7650 66.429392 33.366090
7660 66.574167 33.570192
7670 66.728368 32.721380
7680 66.871627 33.556651
7690 67.006456 33.583625
7700 67.141185 33.035858
7710 67.270902 33.885489
7720 67.402199 34.590259
7730 67.527072 33.329571
7740 67.642097 34.028198
7750 67.750821 34.490876
7760 67.847633 34.104532
7770 67.956740 32.551202
7780 68.061195 33.415087
7790 68.166366 33.322951
7800 68.277695 34.372113
7810 68.401867 34.745556
7820 68.517175 33.996854
7830 68.641675 34.982958
7840 68.766365 36.158467
7850 68.881138 34.076572
7860 69.004112 33.704358
7870 69.137274 33.213756
7880 69.271349 35.572395
7890 69.425625 35.911069
7900 69.565287 35.340791
7910 69.724266 35.743666
7920 69.885226 34.987873
7930 70.052918 36.014813
7940 70.236208 34.110437
7950 70.416565 34.184028
7960 70.590082 35.275120
7970 70.772515 36.479803
7980 70.951443 34.992663
7990 71.134786 37.638353
8000 71.293137 35.230578
8010 71.456976 36.579972
8020 71.639928 38.695590
8030 71.808648 36.107637
8040 72.000072 35.065567
8050 72.180203 35.748735
8060 72.365408 36.847983
8070 72.551283 36.514665
8080 72.738727 36.179475
8090 72.935547 37.617208
8100 73.125187 35.946253
8110 73.323945 35.455537
8120 73.504576 36.399515
8130 73.703130 38.155972
8140 73.910552 35.911705
8150 74.114483 38.218214
8160 74.334718 38.377708
8170 74.561498 38.344736
8180 74.757513 36.659340
8190 74.968104 37.576859
8200 75.176497 37.712362
8210 75.385304 37.053727
8220 75.597490 38.464863
8230 75.828186 37.306404
8240 76.061413 38.980648
8250 76.301064 37.353719
8260 76.520026 37.220150
8270 76.749173 38.422527
8280 76.988395 37.588669
8290 77.215781 38.235191
8300 77.441236 39.282552
8310 77.659915 39.594566
8320 77.865491 39.210029
8330 78.087257 38.147434
8340 78.308338 39.285022
8350 78.519304 38.670277
8360 78.726455 39.392716
8370 78.950249 40.545998
8380 79.156941 38.871991
8390 79.374602 37.965427
8400 79.581494 38.824688
8410 79.793897 40.151244
8420 80.005517 39.927842
8430 80.216963 41.773899
8440 80.422682 38.907726
8450 80.625218 40.636075
8460 80.803717 39.952869
8470 80.977739 40.287261
8480 81.164609 40.268086
8490 81.353195 41.133996
8500 81.542250 40.137230
8510 81.715010 41.092202
8520 81.893716 41.271896
8530 82.074550 41.287477
8540 82.257866 42.998481
8550 82.451624 40.374278
8560 82.644054 38.741906
8570 82.840008 40.673383
8580 83.025391 40.975509
8590 83.231471 41.783124
8600 83.451737 42.058589
8610 83.659793 42.490822
8620 83.888963 42.030346
8630 84.119779 43.344291
8640 84.364647 43.238621
8650 84.609851 42.435903
8660 84.867762 42.758903
8670 85.123025 42.316178
8680 85.392138 42.296197
8690 85.672668 41.728161
8700 85.954444 41.097784
8710 86.232892 42.551716
8720 86.525288 43.741959
8730 86.793840 42.501188
8740 87.072545 42.684949
8750 87.340741 43.681640
8760 87.610019 42.238529
8770 87.892812 43.136467
8780 88.161191 43.641890
8790 88.438310 44.328029
8800 88.716112 43.689866
8810 88.983290 43.350761
8820 89.252015 43.805301
8830 89.512444 44.574637
8840 89.781438 44.109519
8850 90.054690 44.984394
8860 90.308563 45.171763
8870 90.572111 44.709327
8880 90.854064 47.393216
8890 91.091933 46.078255
8900 91.339534 46.117870
8910 91.590997 44.559098
8920 91.856202 44.626819
8930 92.114802 45.082017
8940 92.373496 46.203153
8950 92.660826 47.189594
8960 92.925992 47.114964
8970 93.205691 45.606458
8980 93.474538 46.096249
8990 93.745539 47.140614
9000 94.022454 45.584913
9010 94.283378 46.468225
9020 94.553590 46.557086
9030 94.820395 48.896664
9040 95.094062 46.622950
9050 95.373223 48.078389
9060 95.659525 46.565460
9070 95.910067 47.049412
9080 96.174982 50.540410
9090 96.440270 48.284057
9100 96.713581 49.042388
9110 96.991902 48.478642
9120 97.269971 48.230449
9130 97.545211 48.902954
9140 97.819122 49.199721
9150 98.087187 49.163410
9160 98.344937 47.153546
9170 98.594071 47.760451
9180 98.863363 51.971028
9190 99.113196 49.701717
9200 99.402404 48.654170
9210 99.665433 49.212563
9220 99.943811 49.853224
9230 100.223984 50.043653
9240 100.513349 49.280537
9250 100.786849 50.791474
9260 101.065720 50.914183
9270 101.333134 50.520704
9280 101.610993 50.878174
9290 101.877797 51.321558
9300 102.150605 50.288919
9310 102.424956 50.258507
9320 102.684715 51.265007
9330 102.967486 50.923149
9340 103.253049 51.142843
9350 103.541369 51.319499
9360 103.840318 51.119339
9370 104.120960 51.487267
9380 104.419570 50.311724
9390 104.708825 51.296456
9400 105.005045 53.131329
9410 105.301837 53.447073
9420 105.574827 52.121807
9430 105.867328 52.653725
9440 106.170050 53.699190
9450 106.463581 52.685260
9460 106.753222 52.042288
9470 107.027262 53.452613
9480 107.304299 52.723412
9490 107.580807 53.754189
9500 107.856482 52.392050
9510 108.144328 53.424488
9520 108.433841 54.790659
9530 108.696888 51.854332
9540 108.969950 53.204762
9550 109.269129 55.447137
9560 109.529895 54.571980
9570 109.809435 53.645965
9580 110.086327 54.879689
9590 110.368496 55.480939
9600 110.649684 54.300617
9610 110.914085 54.871490
9620 111.190661 54.510325
9630 111.454158 54.622779
9640 111.703873 55.221190
9650 111.944490 56.495582
9660 112.185747 56.635821
9670 112.429990 56.388870
9680 112.681853 52.791836
9690 112.943013 54.821498
9700 113.158463 57.577755
9710 113.414962 56.803542
9720 113.666336 56.295202
9730 113.929255 56.042166
9740 114.193531 57.305751
9750 114.461244 56.964136
9760 114.740300 56.427578
9770 115.033449 56.349142
9780 115.291140 57.009420
9790 115.560262 56.393537
9800 115.843726 56.889889
9810 116.110340 57.007735
9820 116.357764 56.780906
9830 116.609785 57.793241
9840 116.865102 58.278820
9850 117.120449 57.514670
9860 117.355375 58.532805
9870 117.594878 59.005801
9880 117.831767 58.361363
9890 118.073314 57.849397
9900 118.311319 60.299139
9910 118.575342 60.273293
9920 118.819139 60.691197
9930 119.073942 60.242369
9940 119.325755 59.259004
9950 119.583159 60.321846
9960 119.834190 57.902370
9970 120.067608 59.444904
9980 120.307932 59.544075
9990 120.541075 60.095319
10000 120.778212 58.358439
10010 121.001326 60.613306
10020 121.224868 61.367585
10030 121.454300 62.066355
10040 121.669699 61.170891
10050 121.883907 60.321229
10060 122.096137 61.225347
10070 122.298190 60.796310
10080 122.515355 59.482394
10090 122.722692 60.420467
10100 122.944830 61.801314
10110 123.182724 61.872657
10120 123.414159 64.709754
10130 123.627353 61.402517
10140 123.877800 60.056536
10150 124.091703 62.167550
10160 124.340846 61.031880
10170 124.575800 64.095014
10180 124.808952 61.396833
10190 125.048274 61.955496
10200 125.289862 61.261790
10210 125.522195 62.220346
10220 125.749335 62.207164
10230 125.976905 64.427690
10240 126.204148 63.196115
10250 126.435820 62.514222
10260 126.663595 62.853174
10270 126.896733 63.490338
10280 127.144627 62.707974
10290 127.396743 64.878071
10300 127.631354 63.648567
10310 127.883511 64.063387
10320 128.125256 64.106282
10330 128.370981 62.830911
10340 128.612178 62.519547
10350 128.872505 62.857655
10360 129.123908 65.312695
10370 129.362524 65.003694
10380 129.608618 64.201321
10390 129.856977 63.422268
10400 130.116272 63.485588
10410 130.369478 64.316584
10420 130.608136 64.704978
10430 130.859055 64.699532
10440 131.109470 65.670520
10450 131.358994 64.904726
10460 131.602509 65.515269
10470 131.860304 65.207949
10480 132.119285 65.306407
10490 132.374019 65.237597
10500 132.632688 66.510390
10510 132.899580 65.858319
10520 133.176091 65.304032
10530 133.419225 66.690397
10540 133.694189 64.914683
10550 133.919466 66.147511
10560 134.172146 66.334080
10570 134.418028 66.707271
10580 134.660954 66.731968
10590 134.889298 68.253908
10600 135.127079 66.521554
10610 135.363968 67.355542
10620 135.613949 66.226994
10630 135.821190 68.271926
10640 136.055828 69.309762
10650 136.265758 66.869573
10660 136.484101 70.224057
10670 136.698448 67.153915
10680 136.924316 69.442877
10690 137.119645 68.704542
10700 137.329328 69.805025
10710 137.542513 69.063013
10720 137.764453 67.677137
10730 137.963905 69.366352
10740 138.179765 67.756751
10750 138.392000 67.828433
10760 138.608889 69.849484
10770 138.822033 68.232656
10780 139.033025 69.713241
10790 139.237603 68.307854
10800 139.438899 70.608834
10810 139.651773 68.905538
10820 139.860492 70.026880
10830 140.074904 70.363665
10840 140.284103 69.216691
10850 140.486470 70.237453
10860 140.696193 70.213882
10870 140.904307 70.433546
10880 141.112549 69.350843
10890 141.319508 69.550891
10900 141.531465 69.857598
10910 141.735462 70.895842
10920 141.934241 70.429041
10930 142.137633 70.834108
10940 142.347930 70.306222
10950 142.549328 71.189923
10960 142.759177 71.713933
10970 142.968713 70.638067
10980 143.164283 70.721234
10990 143.349316 71.458590
11000 143.539641 71.429137
11010 143.732760 72.351151
11020 143.906246 72.233388
11030 144.066857 71.954009
11040 144.228804 72.126384
11050 144.378060 70.538444
11060 144.527082 72.982312
11070 144.681249 73.533655
11080 144.840344 72.086410
11090 145.010286 72.707877
11100 145.172896 72.997824
11110 145.334941 72.341481
11120 145.504120 72.946334
11130 145.670062 73.441644
11140 145.828473 72.374458
11150 145.980486 73.053853
11160 146.128794 72.986899
11170 146.294792 74.186475
11180 146.448835 72.456491
11190 146.600795 72.133973
11200 146.760637 72.224838
11210 146.905939 74.128735
11220 147.060633 72.455922
11230 147.219070 74.189132
11240 147.380875 74.197254
11250 147.538167 73.397844
11260 147.698029 74.024399
11270 147.861104 73.339144
11280 148.034977 74.437112
11290 148.193791 73.100111
11300 148.344645 74.338582
11310 148.506188 72.847539
11320 148.649435 73.753028
11330 148.801646 74.139684
11340 148.958000 74.509076
11350 149.099746 74.317079
11360 149.238516 73.524593
11370 149.374586 75.143035
11380 149.504576 74.244386
11390 149.629811 74.074101
11400 149.747649 75.991999
11410 149.875624 74.327176
11420 149.999575 74.480770
11430 150.130056 74.779578
11440 150.261678 75.644565
11450 150.395993 76.106264
11460 150.539322 75.593335
11470 150.673755 75.548610
11480 150.815017 74.862368
11490 150.959361 74.880979
11500 151.119501 73.151227
11510 151.244390 75.105109
11520 151.391714 75.918456
11530 151.529952 75.090778
11540 151.672578 74.467341
11550 151.814077 76.148081
11560 151.951619 76.034467
11570 152.081486 75.317669
11580 152.217780 77.030569
11590 152.341724 75.748917
11600 152.475373 76.526980
11610 152.597428 75.440080
11620 152.726394 76.572703
11630 152.878068 74.014938
11640 152.995028 75.816375
11650 153.134120 77.112579
11660 153.274110 75.690770
11670 153.406755 77.556905
11680 153.533056 77.125447
11690 153.657907 76.066801
11700 153.786245 76.373094
11710 153.926090 75.565116
11720 154.057254 77.180077
11730 154.195074 77.194567
11740 154.340228 76.771528
11750 154.488923 76.470121
11760 154.640690 77.252887
11770 154.814202 74.691868
11780 154.957472 77.358899
11790 155.117095 77.279555
11800 155.274917 77.665319
11810 155.427925 78.041548
11820 155.584702 78.578533
11830 155.729136 78.580319
11840 155.859435 77.256211
11850 155.999504 78.383809
11860 156.133726 76.926016
11870 156.261955 77.754491
11880 156.388198 78.568188
11890 156.518076 78.859106
11900 156.641088 77.324254
11910 156.760064 77.537811
11920 156.883270 77.340494
11930 157.000363 77.896618
11940 157.115434 75.732938
11950 157.232493 79.764373
11960 157.326077 78.659360
11970 157.424485 77.924716
11980 157.521102 76.761259
11990 157.616778 78.835094
12000 157.711672 76.516499
12010 157.794273 77.989096
12020 157.874057 77.715690
12030 157.962012 78.447182
12040 158.055349 78.401057
12050 158.147632 78.389401
12060 158.231489 78.512751
12070 158.311481 80.037297
12080 158.381897 78.708968
12090 158.454090 79.195415
12100 158.527309 78.464205
12110 158.600576 79.390848
12120 158.679646 79.640741
12130 158.765131 79.317160
12140 158.847416 78.267208
12150 158.920668 78.388685
12160 158.995038 78.453264
12170 159.059754 80.483192
12180 159.122378 79.567244
12190 159.201461 80.909754
12200 159.265520 78.193088
12210 159.334382 78.014741
12220 159.401864 80.352455
12230 159.472072 79.765316
12240 159.539072 77.787525
12250 159.598470 79.056067
12260 159.664578 78.967315
12270 159.740825 80.570889
12280 159.809869 79.386230
12290 159.890036 81.023016
12300 159.973627 79.207168
12310 160.056950 80.567837
12320 160.133511 80.557903
12330 160.206524 80.602594
12340 160.273634 79.034290
12350 160.342971 79.525290
12360 160.417835 80.960425
12370 160.490593 79.391985
12380 160.569331 80.372502
12390 160.642874 81.308084
12400 160.720555 79.112311
12410 160.806005 78.059045
12420 160.872858 79.212071
12430 160.942910 79.843663
12440 161.016591 80.951480
12450 161.087104 79.304059
12460 161.161562 79.490330
12470 161.238288 82.691283
12480 161.303922 80.055804
12490 161.384466 80.013921
12500 161.471857 82.313234
12510 161.557071 81.328959
12520 161.643987 79.793217
12530 161.734304 79.097496
12540 161.813828 80.786817
12550 161.895243 80.829165
12560 161.980752 81.125680
12570 162.062770 80.899948
12580 162.146678 79.963473
12590 162.221852 79.384437
12600 162.293020 80.194695
12610 162.361339 80.547961
12620 162.427570 81.066860
12630 162.501359 81.116406
12640 162.580513 81.298901
12650 162.668707 82.970400
12660 162.754374 82.459798
12670 162.835561 82.575274
12680 162.917763 80.332345
12690 163.001194 81.488022
12700 163.084694 81.003714
12710 163.171570 83.456858
12720 163.256201 81.962477
12730 163.349687 81.441630
12740 163.441441 81.151683
12750 163.526805 80.226525
12760 163.612262 82.355019
12770 163.685996 80.590921
12780 163.765622 82.503679
12790 163.847526 82.246840
12800 163.934893 81.319465
12810 164.010998 81.594489
12820 164.087782 82.412919
12830 164.172463 80.569195
12840 164.248332 81.248874
12850 164.331773 82.656497
12860 164.409658 80.171020
12870 164.487559 77.710875
12880 164.552997 81.057360
12890 164.622096 83.077880
12900 164.696120 81.987223
12910 164.774629 81.394918
12920 164.855541 80.277396
12930 164.939652 81.951807
12940 165.022477 82.041798
12950 165.101470 81.911259
12960 165.180808 80.837740
12970 165.263224 83.996606
12980 165.338038 81.347558
12990 165.420333 81.159826
13000 165.496037 82.150082
13010 165.574093 82.160050
13020 165.652603 84.192507
13030 165.739192 81.733346
13040 165.814803 82.980821
13050 165.899082 82.170279
13060 165.974860 81.370007
13070 166.050160 81.944431
13080 166.129767 83.443363
13090 166.205956 82.497930
13100 166.280083 82.582397
13110 166.347324 83.298147
13120 166.411984 82.412267
13130 166.477287 82.189937
13140 166.546755 83.353069
13150 166.615835 82.719364
13160 166.679826 84.647235
13170 166.746633 82.366641
13180 166.809529 82.559268
13190 166.881879 82.239135
13200 166.955062 81.816929
13210 167.021258 83.680406
13220 167.087419 82.380883
13230 167.154053 83.725799
13240 167.220860 83.083461
13250 167.287261 82.483292
13260 167.352493 85.208169
13270 167.428314 84.076210
13280 167.505680 84.447700
13290 167.585067 82.546580
13300 167.663192 82.149700
13310 167.737577 83.341782
13320 167.818335 84.755522
13330 167.903744 83.467564
13340 167.992044 83.143681
13350 168.072663 84.402875
13360 168.158096 84.873687
13370 168.242390 83.209237
13380 168.320054 83.110114
13390 168.390192 84.942677
13400 168.474797 85.087010
13410 168.563761 82.464286
13420 168.646775 84.460242
13430 168.738147 83.106762
13440 168.828268 85.008568
13450 168.918324 82.310678
13460 168.992169 83.334655
13470 169.059377 83.677712
13480 169.129566 84.941607
13490 169.206562 83.637181
13500 169.283374 84.906531
13510 169.363566 85.713825
13520 169.449906 85.611005
13530 169.528608 84.985402
13540 169.617870 86.666311
13550 169.705899 84.110796
13560 169.805674 83.595450
13570 169.903298 85.939073
13580 169.988658 85.471725
13590 170.090019 87.001315
13600 170.176404 85.329601
13610 170.265041 85.806383
13620 170.355786 84.715781
13630 170.451305 83.601930
13640 170.541562 83.748609
13650 170.621128 85.434937
13660 170.709793 84.176165
13670 170.797239 86.846137
13680 170.889056 86.057605
13690 170.976201 86.207867
13700 171.076778 84.350847
13710 171.163232 85.105123
13720 171.253530 84.740709
13730 171.333080 85.375974
13740 171.413285 85.588414
13750 171.496218 83.720433
13760 171.583260 85.899675
13770 171.665234 85.670909
13780 171.744923 85.836380
13790 171.820610 86.036490
13800 171.893294 85.253098
13810 171.970656 85.816646
13820 172.047651 86.462092
13830 172.129467 85.362818
13840 172.209496 86.731003
13850 172.291503 86.754761
13860 172.366025 87.571328
13870 172.448963 86.735344
13880 172.535966 86.515252
13890 172.614933 85.571004
13900 172.693519 83.862815
13910 172.767013 85.014776
13920 172.838267 86.542896
13930 172.914532 86.557198
13940 172.985510 85.276054
13950 173.047860 87.019183
13960 173.108771 87.105456
13970 173.168751 87.626237
13980 173.225583 88.295672
13990 173.282411 87.181319
14000 173.335452 86.780244
14010 173.385827 85.605091
14020 173.436307 86.913254
14030 173.489586 87.324115
14040 173.546946 86.171818
14050 173.602350 87.029232
14060 173.658894 85.058534
14070 173.716002 86.031440
14080 173.770934 87.964804
14090 173.822625 88.424823
14100 173.878525 85.831817
14110 173.930720 87.354385
14120 173.979971 87.486059
14130 174.036070 87.516840
14140 174.101457 88.095568
14150 174.168024 87.534742
14160 174.233563 87.753966
14170 174.295486 87.866493
14180 174.363467 87.605246
14190 174.431914 88.786091
14200 174.494389 86.825048
14210 174.560026 87.682531
14220 174.626650 87.943698
14230 174.694217 88.061991
14240 174.761934 88.871659
14250 174.826339 86.882913
14260 174.892139 87.582886
14270 174.954572 86.455102
14280 175.016301 88.671276
14290 175.077089 85.444381
14300 175.133575 88.421178
14310 175.193397 87.615555
14320 175.254520 87.168206
14330 175.320873 88.277752
14340 175.381842 89.244879
14350 175.442638 89.523229
14360 175.508445 85.946163
14370 175.567006 87.949965
14380 175.636733 86.435563
14390 175.699343 87.189525
14400 175.762152 88.038926
14410 175.823521 87.196944
14420 175.889996 91.159154
14430 175.964412 86.790529
14440 176.025892 88.070449
14450 176.095857 89.455071
14460 176.169399 86.731682
14470 176.239617 87.439323
14480 176.311848 89.165074
14490 176.383410 89.151476
14500 176.455337 88.745304
14510 176.523444 87.968762
14520 176.591583 88.489809
14530 176.663251 87.985771
14540 176.737136 86.076737
14550 176.808479 88.918221
14560 176.870897 88.164513
14570 176.932253 86.774401
14580 176.982368 87.564385
14590 177.033820 89.364885
14600 177.077539 88.022904
14610 177.119315 89.704762
14620 177.167079 87.246672
14630 177.207759 87.550780
14640 177.240169 89.822118
14650 177.273548 89.878661
14660 177.315667 86.396477
14670 177.347754 89.706973
14680 177.386322 89.125069
14690 177.435766 87.548210
14700 177.482092 88.896447
14710 177.531098 88.359964
14720 177.577223 89.831484
14730 177.615768 89.586015
14740 177.653575 87.703581
14750 177.688390 87.583808
14760 177.725259 89.507082
14770 177.758633 89.879412
14780 177.793676 87.587385
14790 177.817624 89.812681
14800 177.841775 89.026225
14810 177.859381 89.298502
14820 177.876306 88.601969
14830 177.894607 90.102678
14840 177.909936 89.540859
14850 177.927282 88.804975
14860 177.945823 89.577031
14870 177.971283 89.501215
14880 177.998193 88.628376
14890 178.027259 90.070041
14900 178.054756 89.478419
14910 178.082761 88.873741
14920 178.112567 88.966779
14930 178.148193 88.677105
14940 178.184449 88.175581
14950 178.220991 88.355744
14960 178.253453 91.566520
14970 178.280442 89.381677
14980 178.301555 88.936548
14990 178.324546 89.052774
15000 178.344791 89.009325
15010 178.362965 87.831891
15020 178.377179 88.810383
15030 178.387035 89.967033
15040 178.399031 87.790444
15050 178.411539 89.213226
15060 178.426307 88.835168
15070 178.441007 88.872361
15080 178.450839 88.367280
15090 178.457881 89.772853
15100 178.470560 88.836075
15110 178.480853 89.946490
15120 178.485866 88.873876
15130 178.490428 88.207703
15140 178.496122 90.203339
15150 178.509189 89.497294
15160 178.524219 90.415283
15170 178.541893 89.981860
15180 178.562131 90.651986
15190 178.583661 89.605863
15200 178.600600 89.870691
15210 178.613477 88.766502
15220 178.631118 90.774473
15230 178.647500 88.583704
15240 178.667126 89.814123
15250 178.687988 90.826709
15260 178.706988 89.207371
15270 178.723417 89.628490
15280 178.739449 89.278261
15290 178.753835 89.903782
15300 178.771655 90.806569
15310 178.791502 89.127954
15320 178.806729 89.816841
15330 178.816433 90.156077
15340 178.823172 89.849379
15350 178.822962 88.802841
15360 178.823584 90.051961
15370 178.831529 88.944907
15380 178.840310 88.912789
15390 178.848447 90.244224
15400 178.853327 88.344596
15410 178.857513 90.091702
15420 178.859884 88.807938
15430 178.861013 89.762507
15440 178.864040 89.200773
15450 178.873080 89.128933
15460 178.889016 91.904935
15470 178.915448 89.405953
15480 178.942164 90.367242
15490 178.970461 89.108482
15500 178.997240 90.016631
15510 179.018997 89.438824
15520 179.043478 89.103012
15530 179.068143 89.159527
15540 179.092664 88.745373
15550 179.118128 89.896128
15560 179.141651 85.964542
15570 179.163157 88.164702
15580 179.182861 90.838306
15590 179.196084 89.960904
15600 179.207371 90.101627
15610 179.219944 89.947855
15620 179.234626 88.610794
15630 179.246279 89.947281
15640 179.254230 89.039378
15650 179.262657 90.071289
15660 179.273418 89.208351
15670 179.284863 88.872587
15680 179.293156 90.092201
15690 179.296467 89.276404
15700 179.299099 89.665721
15710 179.303044 90.222066
15720 179.310073 89.012457
15730 179.317523 89.794388
15740 179.330400 87.305219
15750 179.341774 87.659537
15760 179.354489 87.125957
15770 179.364983 89.750779
15780 179.370349 89.696580
15790 179.378913 90.913847
15800 179.390610 89.334547
15810 179.402426 87.513644
15820 179.410567 90.605641
15830 179.422369 89.443062
15840 179.432087 88.904824
15850 179.441915 90.884536
15860 179.450989 90.239671
15870 179.463074 90.340373
15880 179.478355 89.190280
15890 179.489766 92.200364
15900 179.508244 90.214090
15910 179.527434 91.336084
15920 179.550942 90.876194
15930 179.571674 89.739772
15940 179.593370 89.649566
15950 179.614128 89.547446
15960 179.632087 89.251688
15970 179.648739 89.635803
15980 179.662997 89.589029
15990 179.674758 90.601483
16000 179.689114 90.522683
16010 179.708249 89.635253
16020 179.726987 91.147630
16030 179.741872 90.296479
16040 179.753044 89.466969
16050 179.762778 90.657714
16060 179.775429 88.922893
16070 179.782070 90.424891
16080 179.787850 89.373082
16090 179.792783 91.239549
16100 179.804254 90.587956
16110 179.816845 90.761301
16120 179.832253 90.874964
16130 179.851852 89.523840
16140 179.867728 90.237343
16150 179.883988 91.054353
16160 179.905199 89.945663
16170 179.933104 89.540205
16180 179.961978 89.431463
16190 179.985403 89.105344
16200 180.012434 90.354242
16210 180.042612 89.969678
16220 180.070504 90.271194
16230 180.099930 87.693375
16240 180.124894 91.019518
16250 180.144463 90.049559
16260 180.157464 89.801819
16270 180.167824 89.863502
16280 180.179687 89.479149
16290 180.184959 89.899955
16300 180.187322 90.062771
16310 180.185090 89.592887
16320 180.180592 90.951294
16330 180.181283 90.905064
16340 180.179391 91.099345
16350 180.179206 86.627899
16360 180.176736 89.832900
16370 180.173645 89.876176
16380 180.167684 91.864847
16390 180.160305 90.822154
16400 180.155016 91.546094
16410 180.152650 91.411192
16420 180.147889 90.940806
16430 180.143339 90.447579
16440 180.143233 90.231733
16450 180.149833 89.497974
16460 180.155796 91.192524
16470 180.162831 91.183148
16480 180.171716 91.751576
16490 180.177868 88.915032
16500 180.184199 88.748582
16510 180.189906 91.025682
16520 180.195224 89.534845
16530 180.196604 90.449153
16540 180.198471 88.501853
16550 180.199068 89.759965
16560 180.200235 91.134042
16570 180.202064 90.617848
16580 180.205027 89.404704
16590 180.200566 89.998722
16600 180.192585 90.808754
16610 180.185151 92.701626
16620 180.180295 90.676504
16630 180.174762 90.483688
16640 180.167086 91.146354
16650 180.162053 90.090817
16660 180.155828 90.554685
16670 180.152099 90.536814
16680 180.145895 88.664247
16690 180.137674 88.347197
16700 180.126168 90.053200
16710 180.116942 89.634789
16720 180.104820 89.462210
16730 180.093936 91.501798
16740 180.083169 89.545719
16750 180.071997 90.635812
16760 180.059455 90.614236
16770 180.043499 88.486074
16780 180.024441 91.198656
16790 180.008808 88.711071
16800 179.987937 90.098101
16810 179.971183 89.795022
16820 179.958590 90.523215
16830 179.950131 89.577128
16840 179.941440 90.739610
16850 179.931333 89.478694
16860 179.914585 89.292035
16870 179.895676 90.362215
16880 179.876987 89.650885
16890 179.855433 90.114286
16900 179.832817 89.952048
16910 179.811697 89.947081
16920 179.794116 91.028522
16930 179.783222 89.360305
16940 179.770344 92.301961
16950 179.755549 90.126776
16960 179.743480 91.130864
16970 179.736639 89.503156
16980 179.733131 90.646538
16990 179.735626 89.296487
17000 179.738459 90.533832
17010 179.742832 89.237389
17020 179.742987 90.721930
17030 179.745872 92.609655
17040 179.751690 90.601418
17050 179.759159 89.675904
17060 179.766959 86.654043
17070 179.770009 89.995764
17080 179.773094 89.630319
17090 179.776946 89.804815
17100 179.777793 88.326155
17110 179.777736 90.510072
17120 179.776287 89.582102
17130 179.773869 90.772919
17140 179.770884 89.702727
17150 179.765629 90.867783
17160 179.756058 89.865945
17170 179.748329 89.466547
17180 179.741088 89.949975
17190 179.730693 89.835829
17200 179.723268 90.464056
17210 179.713598 90.624284
17220 179.702226 88.856019
17230 179.691276 89.416628
17240 179.675549 89.884755
17250 179.659055 89.894685
17260 179.639528 91.302786
17270 179.623005 91.421036
17280 179.609187 89.008776
17290 179.594699 90.800048
17300 179.578165 89.189627
17310 179.562981 91.284210
17320 179.545849 91.977253
17330 179.528492 89.336885
17340 179.511708 90.352890
17350 179.494447 89.839431
17360 179.480880 91.520636
17370 179.470817 89.068844
17380 179.455205 89.634860
17390 179.437791 89.124033
17400 179.416258 90.540530
17410 179.393256 89.766417
17420 179.370860 89.127186
17430 179.346985 91.575462
17440 179.327897 89.535290
17450 179.310252 86.899005
17460 179.289031 90.608926
17470 179.269930 89.111552
17480 179.248691 92.710522
17490 179.235391 88.955645
17500 179.223260 91.758990
17510 179.212869 90.352807
17520 179.199241 88.370677
17530 179.184462 90.156172
17540 179.167330 90.428631
17550 179.150700 90.975433
17560 179.138367 89.815894
17570 179.126828 90.185186
17580 179.115367 90.930376
17590 179.101920 89.564708
17600 179.087384 89.241135
17610 179.075011 89.697238
17620 179.063373 88.652899
17630 179.053675 90.528422
17640 179.044276 90.704330
17650 179.032476 89.290027
17660 179.021459 91.337381
17670 179.011337 90.133171
17680 179.004077 91.093539
17690 178.998561 89.232849
17700 178.995640 91.247826
17710 178.993531 90.947285
17720 178.992663 90.580957
17730 178.991850 89.741515
17740 178.992082 89.044967
17750 178.990532 91.390474
17760 178.989911 89.123206
17770 178.987459 89.796459
17780 178.979455 89.342672
17790 178.970382 90.277007
17800 178.961072 89.589350
17810 178.950745 91.303847
17820 178.937834 90.119382
17830 178.924803 90.540391
17840 178.912158 90.366084
17850 178.896364 89.377437
17860 178.877792 90.738127
17870 178.863059 89.428051
17880 178.848303 90.510128
17890 178.836215 89.636749
17900 178.822249 90.671712
17910 178.812609 89.367017
17920 178.804150 90.678465
17930 178.799858 88.878140
17940 178.793556 91.519166
17950 178.784600 88.448682
17960 178.773870 89.666865
17970 178.762088 90.265455
17980 178.751371 91.397391
17990 178.743226 89.557528
18000 178.733120 89.407966
18010 178.718720 89.465874
18020 178.704559 90.745905
18030 178.690653 89.007406
18040 178.673930 90.657375
18050 178.662670 89.948212
18060 178.647529 90.984543
18070 178.632283 90.786247
18080 178.614889 89.174275
18090 178.596163 89.713041
18100 178.575063 88.853821
18110 178.559766 90.132834
18120 178.541853 91.003778
18130 178.529445 88.828681
18140 178.516554 88.783824
18150 178.504839 89.935309
18160 178.497014 89.277055
18170 178.491909 89.281793
18180 178.488526 89.315630
18190 178.482648 89.347565
18200 178.478416 89.949039
18210 178.470524 90.159502
18220 178.457926 89.510520
18230 178.440562 88.752358
18240 178.424237 90.013546
18250 178.410371 88.028815
18260 178.399468 90.712395
18270 178.390610 89.167209
18280 178.379366 88.308700
18290 178.369790 90.302347
18300 178.363828 88.241136
18310 178.356202 88.900883
18320 178.351275 90.044695
18330 178.351988 90.793036
18340 178.351454 89.807712
18350 178.345456 90.532019
18360 178.339096 90.112416
18370 178.335560 89.799662
18380 178.331370 90.323474
18390 178.327645 90.233584
18400 178.323748 90.271336
18410 178.321229 89.856171
18420 178.319600 88.984770
18430 178.314427 88.742892
18440 178.309866 90.137819
18450 178.306402 90.382182
18460 178.305294 89.984823
18470 178.306489 89.229284
18480 178.310950 89.808339
18490 178.318811 88.769173
18500 178.324653 87.770429
18510 178.326768 89.764066
18520 178.329260 87.967773
18530 178.335216 88.938239
18540 178.340746 88.896730
18550 178.345384 88.787375
18560 178.350369 88.797184
18570 178.360628 90.812408
18580 178.373802 89.425236
18590 178.388148 90.041880
18600 178.403880 89.876835
18610 178.420513 88.741433
18620 178.438283 88.775980
18630 178.455120 91.467246
18640 178.467972 88.785546
18650 178.481329 90.369361
18660 178.492953 87.989065
18670 178.501090 88.280141
18680 178.504690 91.594472
18690 178.511046 94.392640
18700 178.520502 89.583039
18710 178.534248 90.801065
18720 178.551114 88.696068
18730 178.565774 89.775628
18740 178.577233 90.173711
18750 178.590857 89.262934
18760 178.603051 89.057251
18770 178.613954 91.325002
18780 178.625089 89.906818
18790 178.634653 90.669758
18800 178.648555 90.008844
18810 178.668270 89.842265
18820 178.684233 89.517749
18830 178.696572 89.257854
18840 178.706728 89.921277
18850 178.716508 89.953699
18860 178.729075 89.038133
18870 178.742238 89.525377
18880 178.755520 91.642629
18890 178.766269 90.582136
18900 178.773840 88.796716
18910 178.774199 89.300369
18920 178.771199 90.200985
18930 178.765625 90.242380
18940 178.761451 89.783733
18950 178.763283 89.348082
18960 178.763898 91.339574
18970 178.763572 90.108121
18980 178.766800 90.133361
18990 178.772705 90.903023
19000 178.778534 89.279622
19010 178.782660 89.527664
19020 178.781289 90.131089
19030 178.777927 90.936634
19040 178.777247 90.369680
19050 178.775992 88.506509
19060 178.771721 89.249876
19070 178.768131 89.954448
19080 178.766243 90.008077
19090 178.763614 90.557389
19100 178.759659 90.566830
19110 178.754819 89.823352
19120 178.747644 88.846093
19130 178.740095 88.976898
19140 178.732406 90.830899
19150 178.726279 89.272461
19160 178.715064 89.265075
19170 178.703790 90.116118
19180 178.694253 91.328581
19190 178.691759 92.913280
19200 178.694348 90.591369
19210 178.696332 89.246427
19220 178.699545 89.591948
19230 178.700403 88.627404
19240 178.697458 90.035192
19250 178.694011 91.587466
19260 178.693061 89.046455
19270 178.690473 89.396356
19280 178.688942 90.515191
19290 178.692802 89.252422
19300 178.698063 90.193376
19310 178.702567 90.122090
19320 178.710680 88.993207
19330 178.718824 89.537788
19340 178.724499 90.891302
19350 178.732922 89.812915
19360 178.745459 91.109121
19370 178.759396 90.553345
19380 178.776605 92.358973
19390 178.793032 89.828187
19400 178.809956 90.571399
19410 178.824883 89.336978
19420 178.840080 90.869913
19430 178.857046 90.438295
19440 178.874397 90.749342
19450 178.890325 90.466878
19460 178.909772 90.521683
19470 178.926818 90.175625
19480 178.942256 89.476468
19490 178.959425 89.494439
19500 178.973547 90.848851
19510 178.988215 90.141324
19520 179.007890 89.419413
19530 179.032135 91.044210
19540 179.056445 87.886121
19550 179.083609 89.245150
19560 179.113758 89.263846
19570 179.142723 89.460169
19580 179.171130 89.597072
19590 179.202212 90.335850
19600 179.236242 89.514199
19610 179.271205 90.890255
19620 179.311854 90.319792
19630 179.351045 89.665631
19640 179.391573 90.207557
19650 179.441847 90.427434
19660 179.495259 90.435682
19670 179.548145 90.585763
19680 179.606360 89.521951
19690 179.664083 89.002884
19700 179.719199 89.475847
19710 179.779394 89.862056
19720 179.843079 89.448340
19730 179.907410 90.380371
19740 179.977788 89.310987
19750 180.040424 89.568155
19760 180.106860 89.325700
19770 180.165929 89.318258
19780 180.227660 90.913548
19790 180.290900 88.503106
19800 180.358715 89.957367
19810 180.432602 89.425518
19820 180.503067 89.390794
19830 180.574564 89.885720
19840 180.647628 90.775866
19850 180.719145 91.061747
19860 180.794447 89.544198
19870 180.864847 89.820244
19880 180.936520 90.289681
19890 181.014074 89.671019
19900 181.095845 88.547120
19910 181.171047 90.695212
19920 181.254104 89.857440
19930 181.331096 90.711683
19940 181.410822 91.269864
19950 181.486851 91.221671
19960 181.562579 89.488807
19970 181.642595 91.945184
19980 181.715790 91.473138
19990 181.796184 92.515749
20000 181.863807 91.203975
20010 181.940918 91.274606
20020 182.017044 91.958733
20030 182.097713 90.591279
20040 182.175768 90.217244
20050 182.248894 91.786803
20060 182.322220 93.227040
20070 182.397039 90.982425
20080 182.471193 91.666264
20090 182.551396 90.339479
20100 182.633344 90.524709
20110 182.711873 91.054788
20120 182.788702 92.322119
20130 182.859729 92.620666
20140 182.937865 90.482726
20150 183.007978 91.266727
20160 183.077467 92.296814
20170 183.152517 91.653935
20180 183.231709 91.011650
20190 183.311799 92.959664
20200 183.386609 92.133196
20210 183.459026 91.729762
20220 183.531388 90.229172
20230 183.598445 90.988035
20240 183.666017 90.631825
20250 183.731153 92.255602
20260 183.798845 92.379593
20270 183.870164 90.469941
20280 183.945984 91.668315
20290 184.021479 91.422705
20300 184.089923 91.379801
20310 184.159126 92.045873
20320 184.226959 93.277330
20330 184.299165 92.276122
20340 184.371857 93.126542
20350 184.446072 91.380527
20360 184.512985 93.033284
20370 184.586097 91.845127
20380 184.661034 93.934178
20390 184.729254 93.815975
20400 184.805687 93.453979
20410 184.874917 92.767703
20420 184.945277 92.231146
20430 185.009319 94.213775
20440 185.064391 92.432600
20450 185.124092 92.546013
20460 185.180644 92.719535
20470 185.240094 91.754332
20480 185.288701 92.540533
20490 185.344936 94.515257
20500 185.406549 93.566908
20510 185.466702 93.670000
20520 185.527468 93.302381
20530 185.591942 92.032728
20540 185.646184 92.438036
20550 185.698667 92.069299
20560 185.749690 91.003126
20570 185.795827 92.865974
20580 185.841053 93.618161
20590 185.889632 94.292710
20600 185.934603 92.219583
20610 185.981567 93.991825
20620 186.029780 92.199564
20630 186.082139 95.096594
20640 186.129152 92.506062
20650 186.181212 92.056880
20660 186.232546 93.773675
20670 186.287539 94.447326
20680 186.340328 93.351991
20690 186.399533 93.930222
20700 186.462307 95.625167
20710 186.528559 93.366671
20720 186.602486 94.262921
20730 186.674982 94.113705
20740 186.751920 92.282321
20750 186.826913 93.242271
20760 186.898313 94.181120
20770 186.969878 93.967204
20780 187.046040 93.389500
20790 187.122565 94.400634
20800 187.204480 93.557108
20810 187.284233 93.373198
20820 187.366244 92.807127
20830 187.435893 94.743641
20840 187.505200 94.979478
20850 187.578452 92.859735
20860 187.643228 92.645217
20870 187.713800 95.190011
20880 187.775724 94.324964
20890 187.840814 94.299227
20900 187.902341 94.616368
20910 187.964581 94.869045
20920 188.027076 95.155585
20930 188.085435 94.033428
20940 188.143322 94.770239
20950 188.201636 94.494297
20960 188.258797 94.568665
20970 188.317988 94.058917
20980 188.374074 93.975906
20990 188.433151 94.881014
21000 188.491038 96.541473
21010 188.548672 94.268115
21020 188.605145 94.124767
21030 188.660519 95.136726
21040 188.712373 96.474673
21050 188.769695 93.643271
21060 188.822035 95.518262
21070 188.876459 93.934780
21080 188.925565 94.186860
21090 188.972852 93.991243
21100 189.020845 95.179596
21110 189.067895 94.424624
21120 189.109692 94.520303
21130 189.150418 95.600950
21140 189.188186 96.641922
21150 189.228481 94.942604
21160 189.269612 96.000819
21170 189.313513 96.665918
21180 189.355259 94.171265
21190 189.398343 95.488984
21200 189.443289 94.795526
21210 189.489720 93.955276
21220 189.527011 95.274009
21230 189.561748 93.696910
21240 189.593894 94.678811
21250 189.626509 94.538019
21260 189.668524 93.753157
21270 189.704302 95.568980
21280 189.741951 95.484679
21290 189.777019 94.614407
21300 189.806657 94.784250
21310 189.837122 95.428245
21320 189.869060 94.657169
21330 189.902690 95.714481
21340 189.935688 94.932907
21350 189.966117 93.814580
21360 189.990672 93.351195
21370 190.012577 94.780408
21380 190.032055 94.872695
21390 190.051076 94.537674
21400 190.071820 95.485291
21410 190.095011 95.123262
21420 190.118464 94.853508
21430 190.139345 95.076174
21440 190.160045 94.793327
21450 190.182133 95.089003
21460 190.205437 95.612788
21470 190.230470 95.873375
21480 190.257603 96.084234
21490 190.279568 95.541017
21500 190.298996 95.864801
21510 190.318063 94.801450
21520 190.337408 94.220481
21530 190.353102 97.480508
21540 190.372552 94.102764
21550 190.391373 93.459213
21560 190.409546 96.660424
21570 190.433087 94.640516
21580 190.458485 95.940880
21590 190.482267 95.832704
21600 190.504747 95.075153
21610 190.527633 94.618043
21620 190.548259 95.005165
21630 190.567998 95.317938
21640 190.585294 96.434162
21650 190.602352 95.820939
21660 190.627640 95.881277
21670 190.659254 94.174638
21680 190.687627 94.963632
21690 190.718285 98.853846
21700 190.747980 95.099339
21710 190.775780 95.560927
21720 190.802634 95.470940
21730 190.829488 95.838375
21740 190.856611 96.049219
21750 190.883946 96.938647
21760 190.911376 95.958971
21770 190.942376 96.407771
21780 190.970922 95.894077
21790 190.995808 96.042212
21800 191.021154 96.544035
21810 191.049969 96.303492
21820 191.081117 96.310893
21830 191.113689 96.225123
21840 191.146127 94.630975
21850 191.178269 95.850400
21860 191.212242 96.921598
21870 191.250481 96.275095
21880 191.289985 94.722227
21890 191.326546 95.394173
21900 191.362082 95.273846
21910 191.395407 97.281637
21920 191.427947 96.482180
21930 191.456363 96.709911
21940 191.484497 96.200291
21950 191.511506 96.725859
21960 191.535181 96.684327
21970 191.558195 97.093262
21980 191.583546 96.924613
21990 191.607678 95.219182
22000 191.626934 96.649528
22010 191.643590 96.574806
22020 191.664467 95.042211
22030 191.686812 96.517803
22040 191.705599 95.882905
22050 191.725611 96.125633
22060 191.743934 97.031740
22070 191.762694 95.432511
22080 191.777236 96.540023
22090 191.794047 93.633277
22100 191.805764 95.958868
22110 191.811902 96.887390
22120 191.815333 96.003251
22130 191.820710 96.821800
22140 191.826053 98.657149
22150 191.830610 93.745497
22160 191.831836 95.660264
22170 191.831722 97.970966
22180 191.833775 96.643125
22190 191.832724 95.317535
22200 191.833477 95.380147
22210 191.833564 95.680459
22220 191.829765 96.443549
22230 191.824250 95.669892
22240 191.819478 95.585216
22250 191.816687 94.403297
22260 191.811298 95.868960
22270 191.805045 97.163947
22280 191.799794 96.632310
22290 191.793658 95.825407
22300 191.786453 94.206999
22310 191.778994 94.804538
22320 191.769145 95.532745
22330 191.759391 95.749349
22340 191.747739 97.512945
22350 191.733690 96.764320
22360 191.714923 97.018548
22370 191.697114 95.746377
22380 191.677512 96.403375
22390 191.656080 96.219258
22400 191.631641 96.626467
22410 191.609139 97.254344
22420 191.585938 95.593246
22430 191.563272 97.115401
22440 191.541792 96.469042
22450 191.522473 95.660080
22460 191.509615 95.004248
22470 191.498354 95.578023
22480 191.489286 95.937929
22490 191.476925 95.931060
22500 191.466434 96.852105
22510 191.457514 95.962536
22520 191.447221 97.765798
22530 191.438381 95.211900
22540 191.427775 96.608261
22550 191.418627 96.718823
22560 191.411851 97.125604
22570 191.407147 95.331771
22580 191.399471 95.809515
22590 191.389157 95.813787
22600 191.376897 95.684627
22610 191.360708 96.457128
22620 191.341230 96.604915
22630 191.319228 95.611362
22640 191.299647 96.000502
22650 191.269305 94.758030
22660 191.236368 96.929246
22670 191.203651 95.697517
22680 191.168384 95.600466
22690 191.133037 96.384555
22700 191.097255 96.171202
22710 191.061955 96.546806
22720 191.029349 95.436746
22730 190.995696 97.347440
22740 190.966219 95.566222
22750 190.935642 96.663314
22760 190.899452 95.647441
22770 190.854839 97.256705
22780 190.819324 96.236268
22790 190.784784 95.620446
22800 190.746975 95.369422
22810 190.711589 96.215258
22820 190.675628 95.805320
22830 190.644271 94.815641
22840 190.612589 96.229053
22850 190.579455 96.412062
22860 190.547277 96.492640
22870 190.518727 95.201394
22880 190.488968 94.763258
22890 190.461351 95.116258
22900 190.435727 94.877716
22910 190.412813 94.674326
22920 190.383820 96.442424
22930 190.352954 92.831803
22940 190.319212 96.018523
22950 190.280724 95.136575
22960 190.241386 95.955093
22970 190.204557 93.889843
22980 190.167170 95.040870
22990 190.132104 95.326241
23000 190.094479 94.993328
23010 190.053539 95.986136
23020 190.013077 97.644786
23030 189.973916 95.440299
23040 189.928786 93.489231
23050 189.882339 95.451531
23060 189.832445 94.877709
23070 189.785410 94.734318
23080 189.736690 95.109340
23090 189.690449 95.347871
23100 189.642012 95.858303
23110 189.596789 94.844413
23120 189.551326 95.508454
23130 189.509906 96.446881
23140 189.474166 96.144534
23150 189.440949 95.230695
23160 189.403127 94.800299
23170 189.366996 94.643685
23180 189.333870 94.764664
23190 189.295984 92.085062
23200 189.256928 95.360467
23210 189.217762 96.285435
23220 189.176508 95.277974
23230 189.137805 95.084226
23240 189.100172 95.350909
23250 189.061556 95.377806
23260 189.017059 95.079821
23270 188.973454 94.034455
23280 188.935136 95.032688
23290 188.898496 95.460057
23300 188.865755 95.939559
23310 188.836852 93.190668
23320 188.806567 95.204526
23330 188.774395 95.334649
23340 188.742966 95.187476
23350 188.711670 94.890282
23360 188.680003 95.515976
23370 188.650482 93.713251
23380 188.619350 94.380897
23390 188.589658 94.184683
23400 188.556490 95.782228
23410 188.524655 94.481055
23420 188.490535 95.034900
23430 188.458007 95.263893
23440 188.423500 95.424686
23450 188.388158 95.021175
23460 188.352445 95.563771
23470 188.318961 95.962024
23480 188.285897 93.521613
23490 188.255914 93.329342
23500 188.226602 94.206173
23510 188.196495 95.162483
23520 188.169131 94.844908
23530 188.139987 95.661099
23540 188.112024 94.875529
23550 188.076219 94.916265
23560 188.040319 94.731665
23570 188.010140 94.001812
23580 187.981455 94.590518
23590 187.945344 93.429601
23600 187.913562 93.795660
23610 187.881081 93.524314
23620 187.846272 95.442072
23630 187.813470 95.152727
23640 187.781961 94.954364
23650 187.755457 94.324487
23660 187.730091 93.767967
23670 187.707505 93.910068
23680 187.684232 93.889116
23690 187.656295 93.262844
23700 187.622155 93.213657
23710 187.586423 95.260612
23720 187.555223 94.967278
23730 187.526881 93.687750
23740 187.496039 93.121848
23750 187.464720 92.762268
23760 187.434023 94.798923
23770 187.405725 93.223867
23780 187.379627 94.397293
23790 187.349133 95.140773
23800 187.319239 94.718860
23810 187.293567 94.365703
23820 187.266060 92.077418
23830 187.240017 93.831143
23840 187.213859 93.886080
23850 187.186864 93.792559
23860 187.163688 93.228225
23870 187.136884 93.447725
23880 187.104818 95.111293
23890 187.073097 93.624713
23900 187.035219 93.240151
23910 186.994189 94.398796
23920 186.954037 93.349601
23930 186.914713 93.318976
23940 186.872139 92.981275
23950 186.831624 94.045772
23960 186.789695 93.721248
23970 186.741036 93.010503
23980 186.699444 93.915872
23990 186.654724 94.675094
24000 186.606351 94.413920
24010 186.558413 94.102862
24020 186.509118 95.348665
24030 186.460342 91.630302
24040 186.400532 95.587979
24050 186.351162 93.249031
24060 186.302347 93.709426
24070 186.252471 91.260761
24080 186.203877 92.984707
24090 186.151882 96.002116
24100 186.108845 93.601075
24110 186.062474 93.929543
24120 186.016431 93.583711
24130 185.970660 93.797046
24140 185.928286 92.707590
24150 185.889039 92.679086
24160 185.854652 94.326783
24170 185.823713 93.309291
24180 185.788561 92.876736
24190 185.751269 93.918211
24200 185.716551 93.137895
24210 185.678392 93.072816
24220 185.639696 92.223832
24230 185.598278 93.438692
24240 185.557938 92.972341
24250 185.520938 93.536731
24260 185.486572 91.278422
24270 185.455082 91.474342
24280 185.423426 93.488416
24290 185.391702 94.932520
24300 185.361593 94.101388
24310 185.334299 92.749096
24320 185.305502 92.775385
24330 185.276969 93.867733
24340 185.249595 92.510609
24350 185.222398 92.738203
24360 185.194580 94.250380
24370 185.173736 93.240163
24380 185.153063 93.564246
24390 185.129681 93.633183
24400 185.104534 93.184443
24410 185.079294 93.805621
24420 185.052310 93.426906
24430 185.024253 93.102148
24440 184.996876 93.515758
24450 184.969064 93.309797
24460 184.942588 93.421163
24470 184.913067 93.296566
24480 184.878788 91.715863
24490 184.842171 91.993092
24500 184.801796 91.794235
24510 184.762763 92.856711
24520 184.725429 93.325660
24530 184.688413 93.600403
24540 184.655062 92.355685
24550 184.622431 93.176390
24560 184.591752 91.984972
24570 184.556364 93.077815
24580 184.517939 93.181823
24590 184.479131 92.856446
24600 184.440454 91.890644
24610 184.400216 91.660575
24620 184.363904 92.176507
24630 184.322212 92.298471
24640 184.277407 91.000640
24650 184.233645 91.944079
24660 184.190016 92.823536
24670 184.148717 93.372283
24680 184.105685 92.734225
24690 184.059615 92.292829
24700 184.012898 93.281948
24710 183.965156 94.000451
24720 183.922270 91.924341
24730 183.877346 92.718086
24740 183.829744 93.941028
24750 183.789379 91.825153
24760 183.742354 93.174416
24770 183.699957 91.589534
24780 183.656723 91.946683
24790 183.611756 93.173961
24800 183.569334 92.835420
24810 183.522647 91.911298
24820 183.478275 91.972017
24830 183.430512 93.598504
24840 183.385056 91.854996
24850 183.336502 91.624298
24860 183.291879 92.533347
24870 183.247199 91.215167
24880 183.205066 93.077988
24890 183.166037 91.644878
24900 183.129078 91.927715
24910 183.087654 93.090154
24920 183.046716 91.443911
24930 183.002850 92.885662
24940 182.956601 93.433240
24950 182.919201 92.147337
24960 182.876172 89.696313
24970 182.830994 92.210889
24980 182.783892 91.455405
24990 182.730404 91.148308
25000 182.680143 91.918909
25010 182.623562 91.233191
25020 182.565281 93.646050
25030 182.509103 91.943621
25040 182.453702 94.202715
25050 182.406299 92.144891
25060 182.355845 90.412751
25070 182.304356 91.367199
25080 182.244957 89.859982
25090 182.194833 90.871128
25100 182.141685 91.427620
25110 182.086817 90.871772
25120 182.030849 89.948723
25130 181.980198 92.247799
25140 181.922226 91.232030
25150 181.862582 92.059926
25160 181.808822 91.100979
25170 181.754852 90.972780
25180 181.705688 92.049087
25190 181.660401 90.950890
25200 181.613526 91.508218
25210 181.567752 90.919867
25220 181.521180 90.663617
25230 181.474713 90.801765
25240 181.428387 91.552805
25250 181.382380 91.826832
25260 181.338591 90.073969
25270 181.290404 89.175527
25280 181.252509 89.915179
25290 181.206599 92.385199
25300 181.167151 90.384657
25310 181.125911 91.342720
25320 181.083971 90.332020
25330 181.044723 91.262906
25340 181.006006 89.960645
25350 180.967133 91.453495
25360 180.927472 92.548445
25370 180.893937 90.674552
25380 180.855743 91.489734
25390 180.818529 91.205871
25400 180.780513 91.210477
25410 180.739109 91.105732
25420 180.695540 90.460042
25430 180.648722 91.786672
25440 180.604970 91.456672
25450 180.561635 88.947482
25460 180.519871 92.283158
25470 180.478003 90.432293
25480 180.438469 90.524486
25490 180.394733 87.220122
25500 180.353962 91.349605
25510 180.314796 90.849318
25520 180.272858 91.265066
25530 180.236440 91.042186
25540 180.195792 89.326161
25550 180.159720 89.892126
25560 180.121736 89.135994
25570 180.085265 90.864445
25580 180.051812 90.710340
25590 180.017879 90.659259
25600 179.981496 92.206434
25610 179.944886 91.580148
25620 179.910704 88.891933
25630 179.872054 89.471093
25640 179.825961 90.934254
25650 179.783530 90.081189
25660 179.737512 89.448793
25670 179.695081 90.601619
25680 179.648704 90.744291
25690 179.602426 91.178582
25700 179.555537 89.068960
25710 179.507419 91.231035
25720 179.461240 89.581848
25730 179.405734 90.716669
25740 179.347224 89.550597
25750 179.284352 88.759371
25760 179.230930 89.293886
25770 179.171595 89.242031
25780 179.115009 91.343837
25790 179.059030 89.319879
25800 179.007179 91.292900
25810 178.951208 92.137977
25820 178.897186 91.143358
25830 178.843246 90.070188
25840 178.789805 89.594261
25850 178.737811 91.019958
25860 178.687887 90.844505
25870 178.634396 89.444018
25880 178.577107 90.357571
25890 178.517347 88.213795
25900 178.462850 90.692846
25910 178.404736 88.106626
25920 178.351561 88.893147
25930 178.299642 89.022841
25940 178.243517 89.566688
25950 178.181225 88.755450
25960 178.123625 88.176635
25970 178.061021 89.739560
25980 177.996364 90.106174
25990 177.935086 89.953578
26000 177.863608 91.064527
26010 177.800770 89.552722
26020 177.733197 88.911492
26030 177.665606 91.015338
26040 177.600406 89.747807
26050 177.532933 89.814367
26060 177.469512 90.058711
26070 177.398754 87.846570
26080 177.339237 88.387703
26090 177.277610 90.592840
26100 177.214818 90.089123
26110 177.153526 89.423934
26120 177.094879 88.249073
26130 177.037702 89.561621
26140 176.980059 89.051019
26150 176.920135 89.708132
26160 176.861259 87.857329
26170 176.797185 90.600667
26180 176.737015 88.508901
26190 176.673124 89.634685
26200 176.603535 89.574352
26210 176.538274 87.842756
26220 176.462947 90.817353
26230 176.401815 87.792127
26240 176.338320 90.794794
26250 176.276074 88.564162
26260 176.212326 88.028826
26270 176.143584 89.751541
26280 176.080614 88.751614
26290 176.014167 87.947719
26300 175.946441 86.456736
26310 175.884378 88.548435
26320 175.819580 89.874452
26330 175.755390 88.801163
26340 175.697250 88.755171
26350 175.639339 88.806478
26360 175.583157 87.882302
26370 175.527637 87.403988
26380 175.473041 88.436693
26390 175.414968 88.944486
26400 175.361623 87.518269
26410 175.306571 86.397994
26420 175.254086 87.312421
26430 175.196050 88.716344
26440 175.136945 87.592777
26450 175.077804 88.351509
26460 175.014588 90.334574
26470 174.949849 88.296530
26480 174.879804 85.822337
26490 174.823208 87.564223
26500 174.762991 87.641824
26510 174.700465 88.826982
26520 174.640798 86.326370
26530 174.582042 86.809380
26540 174.524102 87.674268
26550 174.463142 88.955588
26560 174.400154 88.729987
26570 174.343507 88.397534
26580 174.288529 88.844410
26590 174.233582 86.790738
26600 174.179423 88.108370
26610 174.124080 88.078947
26620 174.067605 87.935362
26630 174.011597 85.759131
26640 173.953523 87.725165
26650 173.891685 88.143622
26660 173.834324 86.709710
26670 173.772354 87.906175
26680 173.707921 89.946224
26690 173.647181 88.108647
26700 173.587160 87.227579
26710 173.523302 86.692030
26720 173.461477 86.781173
26730 173.400819 87.688342
26740 173.343430 87.005027
26750 173.279051 86.122655
26760 173.226680 86.865236
26770 173.167412 87.961364
26780 173.115562 87.748582
26790 173.062543 86.446316
26800 173.009383 86.652364
26810 172.956947 87.817777
26820 172.905162 87.490886
26830 172.855356 87.194051
26840 172.806022 86.929812
26850 172.754171 87.281055
26860 172.702515 87.317415
26870 172.652105 86.961962
26880 172.600428 86.496889
26890 172.551484 87.371299
26900 172.500230 86.963328
26910 172.446582 86.043672
26920 172.391977 85.613199
26930 172.338472 86.396763
26940 172.280934 87.088916
26950 172.227532 87.014682
26960 172.174279 86.290152
26970 172.119322 86.241522
26980 172.059585 86.212785
26990 172.001397 86.971290
27000 171.938228 84.565638
27010 171.883791 86.646865
27020 171.827643 86.544900
27030 171.769746 87.969441
27040 171.714149 86.155874
27050 171.659063 86.860131
27060 171.602904 84.236180
27070 171.544403 83.775465
27080 171.475211 87.466663
27090 171.417694 86.901897
27100 171.359877 87.237583
27110 171.306798 86.843152
27120 171.256096 86.618968
27130 171.209055 85.890453
27140 171.162977 86.327478
27150 171.118374 86.918182
27160 171.074445 84.841537
27170 171.034296 86.569579
27180 170.989890 85.829918
27190 170.945606 85.331148
27200 170.901180 86.912518
27210 170.860991 87.886778
27220 170.819201 85.006683
27230 170.778904 85.526909
27240 170.735182 87.357065
27250 170.692781 85.465301
27260 170.646022 85.395413
27270 170.596473 87.882871
27280 170.550041 84.935592
27290 170.505334 86.315091
27300 170.458001 84.848740
27310 170.413570 86.684786
27320 170.372209 85.852166
27330 170.328206 86.240747
27340 170.281571 85.239870
27350 170.235758 84.831330
27360 170.192874 84.422570
27370 170.152561 86.177366
27380 170.107952 85.300432
27390 170.064030 85.821286
27400 170.017347 86.646612
27410 169.973012 86.225282
27420 169.931659 85.139681
27430 169.888671 86.070132
27440 169.844489 85.671002
27450 169.799517 85.633155
27460 169.752239 85.992438
27470 169.707746 84.308953
27480 169.663478 85.791281
27490 169.618867 84.683589
27500 169.577145 85.394700
27510 169.533647 85.995613
27520 169.489077 84.381898
27530 169.446326 84.838611
27540 169.403130 85.660157
27550 169.363972 84.207059
27560 169.324600 88.139942
27570 169.285204 86.674160
27580 169.246676 84.855193
27590 169.208201 85.560192
27600 169.172982 85.493305
27610 169.137754 85.151125
27620 169.098559 85.943762
27630 169.065384 84.776578
27640 169.030685 85.765708
27650 169.000224 86.310551
27660 168.971995 84.437842
27670 168.941635 84.055084
27680 168.912520 83.972806
27690 168.883861 85.194033
27700 168.849986 84.398482
27710 168.816169 83.146849
27720 168.783306 85.808329
27730 168.747885 84.136007
27740 168.711541 83.863153
27750 168.676579 84.519699
27760 168.636911 84.991941
27770 168.596632 86.438979
27780 168.557098 84.330433
27790 168.516036 85.310094
27800 168.474308 83.170246
27810 168.433912 84.301533
27820 168.395753 85.128707
27830 168.357111 84.072306
27840 168.316105 85.383265
27850 168.272322 85.135778
27860 168.226854 84.239450
27870 168.185494 85.145320
27880 168.144622 83.755857
27890 168.104081 85.193254
27900 168.066664 84.919150
27910 168.029633 84.858581
27920 167.995319 83.921349
27930 167.958505 84.914741
27940 167.922151 83.023568
27950 167.887178 84.560261
27960 167.850808 84.622532
27970 167.815090 84.797002
27980 167.780196 83.854287
27990 167.745641 84.043744
28000 167.713454 84.490188
28010 167.681002 84.932381
28020 167.651090 83.949792
28030 167.616937 83.109420
28040 167.585061 83.735420
28050 167.557393 84.685197
28060 167.526483 84.222377
28070 167.495115 83.627760
28080 167.460653 83.682880
28090 167.423091 84.821235
28100 167.387546 85.068193
28110 167.355990 83.485626
28120 167.320060 84.923986
28130 167.285815 85.008132
28140 167.252133 85.646635
28150 167.221873 83.858103
28160 167.191869 84.450141
28170 167.163143 83.397154
28180 167.135059 83.482426
28190 167.107335 83.356308
28200 167.082141 83.596619
28210 167.056763 84.088018
28220 167.030675 84.392034
28230 167.005025 84.861041
28240 166.978817 83.626874
28250 166.946655 84.889254
28260 166.914169 84.346014
28270 166.878666 84.719223
28280 166.844815 84.142490
28290 166.813562 83.781831
28300 166.780198 84.204005
28310 166.746455 83.132409
28320 166.714364 84.130832
28330 166.682443 82.162146
28340 166.651384 81.257902
28350 166.622245 84.316608
28360 166.593121 84.762837
28370 166.562492 83.122709
28380 166.530701 83.308440
28390 166.502090 84.336573
28400 166.476283 82.774315
28410 166.449942 84.397527
28420 166.422773 81.923939
28430 166.400346 83.155487
28440 166.376724 83.432615
28450 166.349176 83.898176
28460 166.322589 82.880095
28470 166.298226 82.975646
28480 166.273936 83.713598
28490 166.248470 84.703726
28500 166.224117 82.375347
28510 166.200496 82.926737
28520 166.170011 85.139869
28530 166.143455 82.854089
28540 166.114519 83.017072
28550 166.087503 83.341869
28560 166.059896 83.734072
28570 166.033996 85.578466
28580 166.012090 80.440291
28590 165.987655 83.898509
28600 165.961754 83.673567
28610 165.935975 83.652478
28620 165.912982 83.828582
28630 165.889806 83.947995
28640 165.867224 82.458378
28650 165.844575 82.508693
28660 165.823864 85.562819
28670 165.806130 84.208079
28680 165.792704 83.896728
28690 165.780866 82.790171
28700 165.773144 82.757808
28710 165.766484 83.938250
28720 165.762785 84.178244
28730 165.760176 81.185579
28740 165.758526 84.445552
28750 165.758637 82.323992
28760 165.759002 83.537519
28770 165.759189 84.170224
28780 165.759787 82.572389
28790 165.758420 82.938524
28800 165.754106 83.830656
28810 165.751802 83.457723
28820 165.752642 82.986028
28830 165.752841 85.207208
28840 165.751767 83.494349
28850 165.750666 82.660833
28860 165.744130 83.481299
28870 165.734881 84.238925
28880 165.725965 83.832546
28890 165.719668 83.647423
28900 165.715054 82.787454
28910 165.711278 83.667838
28920 165.708664 84.131827
28930 165.705405 83.762857
28940 165.704900 83.384432
28950 165.705069 84.357954
28960 165.704660 84.006789
28970 165.705182 80.856328
28980 165.707102 83.757692
28990 165.709371 83.769720
29000 165.709286 81.991183
29010 165.704261 83.842676
29020 165.694763 83.709652
29030 165.684542 82.927522
29040 165.673346 83.622533
29050 165.662761 83.948590
29060 165.651611 83.412772
29070 165.640120 82.698414
29080 165.627039 84.291738
29090 165.612742 84.070332
29100 165.596140 82.678238
29110 165.580861 82.172839
29120 165.563527 83.121083
29130 165.544351 82.832621
29140 165.523543 82.435977
29150 165.502485 83.446245
29160 165.480386 83.622560
29170 165.457725 84.185227
29180 165.437336 82.961563
29190 165.417072 82.508420
29200 165.396325 83.230588
29210 165.376310 83.629348
29220 165.355548 83.344290
29230 165.336846 82.397236
29240 165.320729 83.149171
29250 165.305512 84.455540
29260 165.287372 84.339731
29270 165.270259 82.511056
29280 165.250797 82.002729
29290 165.230630 83.115407
29300 165.210066 82.086861
29310 165.190310 83.093866
29320 165.171669 82.476918
29330 165.152511 81.389292
29340 165.134656 82.367138
29350 165.118597 82.385512
29360 165.101020 82.439981
29370 165.086787 82.126226
29380 165.072748 82.708485
29390 165.057073 83.430777
29400 165.044436 82.697675
29410 165.031979 83.095083
29420 165.020802 82.590033
29430 165.010892 83.187780
29440 164.998939 83.469376
29450 164.991357 82.809544
29460 164.983345 83.987820
29470 164.976073 82.265510
29480 164.969919 82.128948
29490 164.963796 83.645521
29500 164.955925 83.401346
29510 164.946484 82.633900
29520 164.935847 82.033604
29530 164.926009 83.045393
29540 164.916698 83.484000
29550 164.904145 81.716095
29560 164.888117 83.205441
29570 164.870385 82.144859
29580 164.854086 81.404713
29590 164.837154 83.426190
29600 164.820712 82.428200
29610 164.801520 81.741998
29620 164.783890 81.459558
29630 164.769456 82.302949
29640 164.750639 82.515163
29650 164.731739 83.040970
29660 164.715345 82.154263
29670 164.699429 83.644141
29680 164.683689 82.858670
29690 164.664825 83.656913
29700 164.646142 81.890719
29710 164.625469 83.267625
29720 164.602346 82.371717
29730 164.580306 84.533691
29740 164.560446 83.405127
29750 164.540260 83.083982
29760 164.520808 83.043485
29770 164.500372 81.384048
29780 164.478262 81.995727
29790 164.452661 82.822030
29800 164.422579 83.564056
29810 164.393813 83.502374
29820 164.368945 82.381714
29830 164.343231 81.986053
29840 164.316591 83.274220
29850 164.290137 83.242832
29860 164.263689 82.879717
29870 164.232761 81.241849
29880 164.204623 78.863624
29890 164.170459 81.836323
29900 164.136907 82.788814
29910 164.103410 82.964198
29920 164.073167 81.165894
29930 164.038606 84.706500
29940 164.010878 82.323938
29950 163.976875 83.970040
29960 163.945551 80.992106
29970 163.914067 81.425042
29980 163.883062 82.280169
29990 163.852398 80.994127
30000 163.818355 83.420417
30010 163.787854 81.413361
30020 163.758452 82.649903
30030 163.727263 81.705681
30040 163.693210 81.123304
30050 163.661714 82.745327
30060 163.631520 83.630185
30070 163.603647 83.404667
30080 163.577789 82.403782
30090 163.554158 83.291185
30100 163.532658 81.552694
30110 163.510400 81.470306
30120 163.490522 82.616962
30130 163.474222 81.633913
30140 163.457813 81.905636
30150 163.440225 83.828414
30160 163.422104 82.728075
30170 163.402420 81.479506
30180 163.382357 81.265759
30190 163.360793 81.787503
30200 163.341072 81.313156
30210 163.319705 83.159683
30220 163.302432 82.453009
30230 163.285195 81.865066
30240 163.266360 81.654681
30250 163.247647 82.513236
30260 163.227587 84.013142
30270 163.210657 83.464631
30280 163.195769 81.941347
30290 163.178560 83.037253
30300 163.159650 80.962400
30310 163.140903 82.828414
30320 163.121314 81.629609
30330 163.103446 82.611906
30340 163.089075 80.959976
30350 163.071632 82.184642
30360 163.056395 81.938206
30370 163.040456 83.296261
30380 163.029725 83.322243
30390 163.020243 82.814647
30400 163.011675 82.797513
30410 163.003407 80.674783
30420 162.994894 82.438075
30430 162.984581 83.024780
30440 162.975257 81.668231
30450 162.964175 81.376520
30460 162.952131 82.312631
30470 162.938515 82.430910
30480 162.926276 82.587279
30490 162.914041 85.041434
30500 162.904857 82.562732
30510 162.897080 82.272342
30520 162.890691 82.418833
30530 162.884622 82.498094
30540 162.879370 81.211832
30550 162.874328 82.804497
30560 162.867267 82.226126
30570 162.858153 82.473610
30580 162.846884 80.505132
30590 162.834051 82.115804
30600 162.820342 81.014673
30610 162.805109 81.799269
30620 162.788044 83.273697
30630 162.772376 83.292849
30640 162.759492 80.888736
30650 162.747907 80.528430
30660 162.737720 82.303404
30670 162.728108 81.740150
30680 162.715922 80.447153
30690 162.701102 81.674491
30700 162.684739 81.314045
30710 162.667492 81.021694
30720 162.647526 81.426743
30730 162.626103 82.245764
30740 162.605375 81.268807
30750 162.582895 84.179868
30760 162.561771 83.410470
30770 162.537798 83.851308
30780 162.516629 80.734421
30790 162.492819 81.962626
30800 162.466750 80.765334
30810 162.440979 80.931140
30820 162.415921 81.559857
30830 162.388898 82.464375
30840 162.362268 81.001051
30850 162.338009 81.275770
30860 162.313130 82.016726
30870 162.286975 81.145051
30880 162.261131 81.894823
30890 162.232715 82.142743
30900 162.201718 82.291164
30910 162.173706 82.093164
30920 162.143850 82.283980
30930 162.113852 83.332241
30940 162.083598 82.194882
30950 162.050976 80.713840
30960 162.017282 82.443521
30970 161.988122 81.111476
30980 161.959979 81.052462
30990 161.932976 82.154663
31000 161.908876 81.615656
31010 161.882733 82.556249
31020 161.855207 81.001580
31030 161.826897 82.817173
31040 161.798708 82.244518
31050 161.774307 79.898481
31060 161.747792 79.389799
31070 161.720244 80.855490
31080 161.692256 81.083012
31090 161.661871 80.801350
31100 161.631979 81.936941
31110 161.605299 80.744245
31120 161.577855 80.826446
31130 161.550724 80.951133
31140 161.523605 80.518494
31150 161.496772 81.770968
31160 161.473354 81.559153
31170 161.448446 81.355225
31180 161.420383 81.632628
31190 161.394148 80.155445
31200 161.369486 80.726804
31210 161.343929 80.282945
31220 161.313804 83.010141
31230 161.288455 79.460166
31240 161.267142 80.694089
31250 161.245122 81.662780
31260 161.221672 79.942749
31270 161.198473 82.000387
31280 161.174341 80.164720
31290 161.149442 80.061986
31300 161.125343 81.573991
31310 161.104161 80.737851
31320 161.081217 81.662152
31330 161.060159 79.919591
31340 161.040148 80.619902
31350 161.018387 80.334299
31360 160.997978 80.622912
31370 160.979603 80.092359
31380 160.960143 82.276467
31390 160.944314 79.886411
31400 160.925286 81.343873
31410 160.905204 81.289183
31420 160.886543 80.177284
31430 160.869934 81.083823
31440 160.851635 79.478723
31450 160.828950 81.851921
31460 160.808085 81.143258
31470 160.782451 81.699372
31480 160.759120 81.353065
31490 160.734280 80.342837
31500 160.710435 82.622121
31510 160.689206 81.876875
31520 160.671222 81.575592
31530 160.653077 81.676880
31540 160.632866 80.324995
31550 160.609598 81.983397
31560 160.586770 80.148806
31570 160.563432 79.864338
31580 160.540795 81.966934
31590 160.519682 81.972011
31600 160.497790 81.134639
31610 160.472436 79.667919
31620 160.446412 79.964940
31630 160.419899 82.358451
31640 160.395271 80.239852
31650 160.368648 79.004686
31660 160.345715 80.259799
31670 160.319883 80.032307
31680 160.293564 80.971898
31690 160.267897 78.985189
31700 160.241944 79.595185
31710 160.214417 80.897746
31720 160.189998 80.769874
31730 160.165277 80.704987
31740 160.142050 78.450890
31750 160.119854 81.970272
31760 160.097041 81.306401
31770 160.076719 79.326921
31780 160.055390 80.686452
31790 160.034651 79.934820
31800 160.012880 79.870770
31810 159.987279 79.214676
31820 159.962142 79.623233
31830 159.939274 81.565836
31840 159.912693 78.849063
31850 159.885806 80.825514
31860 159.862891 79.610537
31870 159.843989 79.029003
31880 159.826054 81.453318
31890 159.805069 79.020931
31900 159.782990 80.935563
31910 159.761118 80.333112
31920 159.734826 80.691550
31930 159.711523 79.127417
31940 159.687792 80.866418
31950 159.663764 80.962814
31960 159.636689 80.305118
31970 159.607622 81.613736
31980 159.576797 79.902588
31990 159.545824 80.583343
32000 159.513190 78.507106
32010 159.484588 80.379667
32020 159.454458 83.229971
32030 159.424915 81.395196
32040 159.398661 80.805716
32050 159.373080 80.748926
32060 159.346088 80.935421
32070 159.319922 80.030192
32080 159.291621 80.111167
32090 159.260693 81.569958
32100 159.233114 79.645611
32110 159.200378 78.726001
32120 159.166643 80.421715
32130 159.131301 80.694774
32140 159.094508 80.361777
32150 159.054370 78.965964
32160 159.009800 77.314476
32170 158.970827 80.471106
32180 158.929344 80.580849
32190 158.891304 79.404595
32200 158.851381 80.031559
32210 158.808787 78.774883
32220 158.766597 80.498865
32230 158.723161 79.514323
32240 158.680975 79.192764
32250 158.636732 80.205892
32260 158.593599 80.783564
32270 158.551660 79.162621
32280 158.510309 79.415591
32290 158.466707 79.812364
32300 158.421926 79.201816
32310 158.377897 79.635848
32320 158.333598 80.224566
32330 158.289096 79.870422
32340 158.245816 80.271673
32350 158.201332 80.089320
32360 158.157687 78.398596
32370 158.115654 79.101458
32380 158.069524 79.289269
32390 158.025939 79.693059
32400 157.978283 80.916340
32410 157.937211 78.677787
32420 157.890564 78.927651
32430 157.842518 79.561810
32440 157.795225 78.529549
32450 157.748369 78.818249
32460 157.700332 79.664532
32470 157.650280 78.004104
32480 157.606853 79.666054
32490 157.561385 77.693812
32500 157.512966 79.527478
32510 157.465506 79.596609
32520 157.418140 79.336448
32530 157.370303 78.573367
32540 157.328878 78.174769
32550 157.287123 80.795094
32560 157.249125 79.799367
32570 157.210949 78.681852
32580 157.173687 79.541197
32590 157.138579 79.474927
32600 157.103996 78.192025
32610 157.070934 78.737322
32620 157.034869 78.471342
32630 156.999539 77.848727
32640 156.962523 79.159997
32650 156.922895 78.010383
32660 156.882466 78.315811
32670 156.839433 79.377573
32680 156.795752 80.805607
32690 156.758332 78.509654
32700 156.714139 78.301049
32710 156.669746 78.514150
32720 156.622944 79.032275
32730 156.575531 80.225761
32740 156.530136 78.948628
32750 156.484247 78.191726
32760 156.437125 79.646406
32770 156.395622 79.750105
32780 156.350171 78.281589
32790 156.302380 80.115540
32800 156.260966 77.020747
32810 156.214684 79.283515
32820 156.172644 78.033319
32830 156.128964 78.116752
32840 156.083710 79.520113
32850 156.036875 77.328590
32860 155.990071 78.170301
32870 155.944965 78.742796
32880 155.900265 79.431191
32890 155.857516 78.490655
32900 155.815025 78.415782
32910 155.770415 78.892994
32920 155.729151 78.132968
32930 155.686548 79.535020
32940 155.644955 76.263516
32950 155.601600 78.611038
32960 155.558373 78.880395
32970 155.515179 77.674230
32980 155.471641 77.581223
32990 155.429861 77.022321
33000 155.386661 77.760012
33010 155.339577 76.990920
33020 155.297955 78.215446
33030 155.252899 77.658085
33040 155.206801 77.489959
33050 155.160937 77.661810
33060 155.112414 77.448889
33070 155.061558 79.471334
33080 155.022054 77.589246
33090 154.977907 77.527123
33100 154.933198 76.488970
33110 154.893604 78.665485
33120 154.856165 78.251029
33130 154.819730 79.024888
33140 154.789594 78.908658
33150 154.758536 78.311856
33160 154.729290 77.797639
33170 154.698832 77.450626
33180 154.670047 77.119348
33190 154.639287 76.977260
33200 154.608678 76.771575
33210 154.575998 79.210680
33220 154.540502 77.187889
33230 154.507041 78.219609
33240 154.471261 76.795688
33250 154.436621 78.951110
33260 154.402008 78.093517
33270 154.363023 77.205376
33280 154.318967 79.077487
33290 154.282352 78.198775
33300 154.243629 77.223937
33310 154.199151 79.345402
33320 154.167003 76.586754
33330 154.128075 76.778079
33340 154.088210 78.278404
33350 154.052018 77.904747
33360 154.017994 78.213142
33370 153.983182 78.793015
33380 153.948518 76.795867
33390 153.913408 76.984654
33400 153.879980 78.969098
33410 153.846330 77.381209
33420 153.812315 76.869014
33430 153.779960 77.470511
33440 153.748166 75.971645
33450 153.716067 76.738045
33460 153.685382 76.726562
33470 153.654729 77.627224
33480 153.622390 77.538907
33490 153.588678 77.103276
33500 153.552938 75.731536
33510 153.518662 76.518834
33520 153.483456 77.661589
33530 153.443534 75.686145
33540 153.408699 78.532761
33550 153.374149 77.621341
33560 153.338745 77.596723
33570 153.293730 78.014099
33580 153.254906 77.240050
33590 153.211200 77.688980
33600 153.169671 77.639645
33610 153.130619 76.153829
33620 153.091654 77.633824
33630 153.055338 77.136007
33640 153.018644 76.627884
33650 152.982991 76.828133
33660 152.948425 75.971200
33670 152.913789 76.490216
33680 152.877980 77.199008
33690 152.842051 77.891001
33700 152.803495 77.666087
33710 152.764780 77.990090
33720 152.726971 76.957002
33730 152.684482 78.399227
33740 152.645643 76.994069
33750 152.603351 76.079409
33760 152.563035 76.434515
33770 152.519057 76.459615
33780 152.474556 77.049048
33790 152.432778 76.795030
33800 152.388264 75.959651
33810 152.346250 76.513937
33820 152.306429 76.750821
33830 152.264583 75.740588
33840 152.226400 77.153206
33850 152.188537 75.702916
33860 152.150678 75.937499
33870 152.116630 77.390623
33880 152.089229 76.905796
33890 152.055760 78.944328
33900 152.028534 76.689764
33910 152.000922 74.627912
33920 151.970418 76.420886
33930 151.941650 75.877844
33940 151.914512 75.702708
33950 151.887706 76.235408
33960 151.860310 76.350590
33970 151.834127 75.319664
33980 151.807676 76.978071
33990 151.777811 75.057240
34000 151.748587 78.066131
34010 151.720229 78.773237
34020 151.694751 77.133719
34030 151.671093 75.523745
34040 151.646363 75.570698
34050 151.621545 77.115555
34060 151.598093 76.544540
34070 151.575256 77.689965
34080 151.552221 76.320389
34090 151.529517 75.947092
34100 151.507798 75.763737
34110 151.485888 76.667620
34120 151.461619 75.198255
34130 151.439726 75.822786
34140 151.417941 75.879066
34150 151.392708 76.805523
34160 151.371335 77.829046
34170 151.351842 77.708328
34180 151.333090 75.804267
34190 151.313634 76.629490
34200 151.295894 75.395495
34210 151.278603 74.953782
34220 151.260568 76.793958
34230 151.244786 76.467509
34240 151.232329 75.989380
34250 151.219665 75.085813
34260 151.209832 77.582835
34270 151.199114 74.271823
34280 151.189324 77.391503
34290 151.180958 76.762653
34300 151.174001 75.516531
34310 151.167504 77.671933
34320 151.160954 76.830696
34330 151.152881 75.359537
34340 151.145037 75.375442
34350 151.139239 75.473337
34360 151.134052 75.933735
34370 151.128142 75.757747
34380 151.123159 74.383569
34390 151.117927 75.186316
34400 151.114273 76.333632
34410 151.112677 76.566709
34420 151.113323 76.081852
34430 151.113880 76.339867
34440 151.112428 75.331006
34450 151.109854 73.750400
34460 151.105637 75.719986
34470 151.097734 76.434167
34480 151.089268 77.673244
34490 151.082988 75.017755
34500 151.076305 75.620111
34510 151.065657 76.024257
34520 151.052051 76.559149
34530 151.038347 77.205326
34540 151.027110 76.117317
34550 151.016533 75.664109
34560 151.004615 76.045945
34570 150.992525 75.049597
34580 150.977784 76.278460
34590 150.964770 76.495735
34600 150.949963 75.075077
34610 150.936797 76.271622
34620 150.921934 75.095299
34630 150.906654 76.172667
34640 150.889668 75.497082
34650 150.870778 76.956363
34660 150.850103 74.822363
34670 150.827265 76.949286
34680 150.805812 74.871293
34690 150.784726 75.480689
34700 150.763528 76.509242
34710 150.744837 75.905912
34720 150.728047 75.350172
34730 150.710451 75.675722
34740 150.690958 75.224480
34750 150.669851 77.790587
34760 150.651194 74.711002
34770 150.634770 76.061470
34780 150.618651 76.139354
34790 150.603396 74.428047
34800 150.587965 75.862971
34810 150.574853 74.766413
34820 150.561337 76.548632
34830 150.549605 76.524338
34840 150.538589 75.848964
34850 150.527920 74.276955
34860 150.515752 74.859788
34870 150.502026 74.593603
34880 150.489380 75.963999
34890 150.475472 75.021700
34900 150.460163 76.079246
34910 150.446298 74.945408
34920 150.431893 75.898296
34930 150.417281 74.874960
34940 150.402890 75.964808
34950 150.389970 74.597422
34960 150.378574 76.286462
34970 150.368620 74.258648
34980 150.360657 76.104375
34990 150.354038 74.870884
35000 150.348162 75.815393
35010 150.344197 75.837950
35020 150.340285 76.190867
35030 150.337267 76.255513
35040 150.336637 74.755510
35050 150.338496 74.557285
35060 150.339593 75.713329
35070 150.341496 75.270859
35080 150.344760 76.401924
35090 150.347769 75.239574
35100 150.352879 75.017326
35110 150.358470 77.187309
35120 150.366166 75.067790
35130 150.372306 74.933989
35140 150.375810 75.034722
35150 150.380500 76.789307
35160 150.387595 75.925701
35170 150.395786 75.920164
35180 150.403338 76.294396
35190 150.412935 75.585255
35200 150.421556 75.784958
35210 150.429670 74.696270
35220 150.436982 74.432364
35230 150.446042 75.972349
35240 150.454993 75.118072
35250 150.465982 75.131266
35260 150.477765 74.987138
35270 150.488345 75.663597
35280 150.500644 75.347573
35290 150.515938 76.139075
35300 150.530783 75.750833
35310 150.545028 74.864289
35320 150.557766 75.456701
35330 150.569348 75.887806
35340 150.582124 74.636934
35350 150.595175 75.634256
35360 150.609282 77.534999
35370 150.624226 74.431332
35380 150.638588 75.204402
35390 150.653643 76.256326
35400 150.669746 76.248066
35410 150.685631 75.715690
35420 150.701158 76.893830
35430 150.714017 74.680098
35440 150.726737 75.360647
35450 150.740515 76.320231
35460 150.752562 75.564726
35470 150.765825 75.956712
35480 150.777356 76.698104
35490 150.788557 75.391964
35500 150.797033 75.911299
35510 150.806951 75.655271
35520 150.818017 75.126128
35530 150.831714 76.623288
35540 150.845256 76.469349
35550 150.855171 74.780900
35560 150.863787 76.592640
35570 150.870930 75.359094
35580 150.879183 74.095229
35590 150.887161 75.281474
35600 150.894431 76.196586
35610 150.900241 76.033378
35620 150.905554 75.849485
35630 150.909661 76.872093
35640 150.912821 76.398625
35650 150.914125 75.297160
35660 150.914391 76.203291
35670 150.914198 75.402226
35680 150.914850 75.467981
35690 150.914733 75.872993
35700 150.916082 74.815774
35710 150.917915 74.705503
35720 150.919498 75.853125
35730 150.919090 75.655854
35740 150.915114 76.489196
35750 150.911085 76.776404
35760 150.908443 74.284137
35770 150.904833 75.006329
35780 150.898417 74.786874
35790 150.892244 75.116820
35800 150.883776 76.536970
35810 150.874528 75.107089
35820 150.863838 74.943218
35830 150.851026 76.387270
35840 150.838151 76.210686
35850 150.827446 75.469671
35860 150.819057 75.273845
35870 150.811255 74.960815
35880 150.802501 75.182164
35890 150.793498 75.527208
35900 150.785054 76.472672
35910 150.778563 75.039298
35920 150.771822 75.469559
35930 150.765632 75.486883
35940 150.759916 76.002815
35950 150.754926 77.221375
35960 150.753059 75.302412
35970 150.752801 75.137368
35980 150.754261 77.076914
35990 150.755949 77.000040
36000 150.757944 75.098111
36010 150.760726 75.149562
36020 150.762836 76.416434
36030 150.765614 76.149298
36040 150.769161 75.165002
36050 150.774897 76.148126
36060 150.781493 75.514909
36070 150.790149 75.479066
36080 150.798156 74.221209
36090 150.805486 75.235621
36100 150.810601 75.282961
36110 150.814380 76.434121
36120 150.818141 75.939176
36130 150.820885 75.455161
36140 150.823103 76.264835
36150 150.825243 76.119510
36160 150.832102 74.651952
36170 150.840104 76.094405
36180 150.849710 75.276379
36190 150.858790 77.279011
36200 150.870179 75.578630
36210 150.883986 75.915986
36220 150.899753 76.281685
36230 150.916465 75.698778
36240 150.933390 76.252433
36250 150.949969 75.842381
36260 150.971351 74.630000
36270 150.990411 75.928446
36280 151.010421 78.741896
36290 151.033141 74.452727
36300 151.053138 77.264797
36310 151.071978 75.339096
36320 151.087817 75.738850
36330 151.103779 75.712075
36340 151.120910 75.412836
36350 151.138380 75.293007
36360 151.154838 76.570490
36370 151.172975 77.307042
36380 151.192853 75.327565
36390 151.210849 75.564597
36400 151.232454 76.274802
36410 151.255225 76.227054
36420 151.279808 73.656981
36430 151.301971 75.978531
36440 151.325172 75.342389
36450 151.347494 74.916180
36460 151.368579 76.313641
36470 151.391819 76.443504
36480 151.415661 76.563455
36490 151.440935 76.492503
36500 151.463664 75.211892
36510 151.485455 75.411912
36520 151.508540 75.024430
36530 151.529765 76.378234
36540 151.552793 77.345235
36550 151.575263 75.186950
36560 151.595661 76.775497
36570 151.616851 76.573286
36580 151.639946 75.586367
36590 151.661838 78.246116
36600 151.683601 76.206340
36610 151.704004 76.734261
36620 151.721269 76.525346
36630 151.736892 76.638884
36640 151.753076 76.747796
36650 151.769378 75.538530
36660 151.786242 77.350205
36670 151.806490 75.159738
36680 151.828039 77.505653
36690 151.849645 75.431611
36700 151.870669 77.061749
36710 151.891231 76.406031
36720 151.910110 76.063825
36730 151.928532 76.373151
36740 151.947108 76.327054
36750 151.966274 75.230633
36760 151.982446 75.799052
36770 152.000211 75.509538
36780 152.015589 76.165920
36790 152.032732 77.063226
36800 152.049460 77.273361
36810 152.071548 78.879197
36820 152.088587 77.198490
36830 152.107469 75.396828
36840 152.120679 76.822321
36850 152.132547 75.350592
36860 152.140996 78.246540
36870 152.151216 75.862207
36880 152.161885 76.616105
36890 152.173037 75.256310
36900 152.181916 76.141887
36910 152.192705 75.550486
36920 152.202192 76.125576
36930 152.211561 78.086286
36940 152.222152 77.117242
36950 152.233859 75.931321
36960 152.247275 76.731931
36970 152.260663 76.880164
36980 152.274272 75.557230
36990 152.287131 76.806254
37000 152.301739 75.315852
37010 152.315798 77.327014
37020 152.331935 77.150188
37030 152.346343 75.871907
37040 152.360914 77.296685
37050 152.376903 77.570576
37060 152.394885 77.960270
37070 152.412631 76.974349
37080 152.429963 75.625096
37090 152.447113 76.784025
37100 152.461190 75.979736
37110 152.476334 76.699003
37120 152.493330 75.399729
37130 152.507363 75.565737
37140 152.522669 76.169194
37150 152.540178 77.466908
37160 152.558540 74.883071
37170 152.578576 75.336068
37180 152.597222 76.185398
37190 152.617944 77.983503
37200 152.637816 76.631900
37210 152.654468 76.679634
37220 152.670636 76.739493
37230 152.687992 77.428766
37240 152.703263 74.646962
37250 152.720703 77.073772
37260 152.737687 76.487342
37270 152.754410 76.123339
37280 152.770235 77.166084
37290 152.785214 76.329801
37300 152.799950 76.185720
37310 152.814163 76.341281
37320 152.829739 77.878770
37330 152.849444 77.088276
37340 152.869357 78.038250
37350 152.888652 77.809725
37360 152.907546 76.474792
37370 152.927877 76.204245
37380 152.947793 75.517640
37390 152.964470 76.018470
37400 152.981146 75.497038
37410 152.998024 75.466100
37420 153.013552 76.614094
37430 153.031320 77.568997
37440 153.048584 78.335532
37450 153.067275 76.425679
37460 153.086824 77.256056
37470 153.104496 76.783115
37480 153.120863 76.805116
37490 153.136916 77.550337
37500 153.155286 77.791817
37510 153.176982 76.667324
37520 153.199911 75.486003
37530 153.218371 78.240264
37540 153.236221 77.135903
37550 153.257736 76.152998
37560 153.275485 76.669116
37570 153.291920 76.895020
37580 153.309314 76.139580
37590 153.324788 75.866190
37600 153.339043 77.934941
37610 153.353281 77.583472
37620 153.368425 78.364906
37630 153.387159 79.003276
37640 153.405992 76.456856
37650 153.424986 76.394242
37660 153.443832 78.244341
37670 153.461767 74.598725
37680 153.479519 76.947635
37690 153.498272 78.017057
37700 153.517359 77.623466
37710 153.541064 75.722933
37720 153.564638 76.444385
37730 153.588876 79.505393
37740 153.615540 76.515203
37750 153.638814 77.063666
37760 153.663854 76.205078
37770 153.686909 76.692368
37780 153.711991 77.800148
37790 153.738830 76.963024
37800 153.764800 77.608824
37810 153.790354 77.276286
37820 153.814719 78.842507
37830 153.840263 77.504921
37840 153.868030 78.260920
37850 153.897957 77.622566
37860 153.930885 76.166912
37870 153.960279 77.799401
37880 153.994546 77.436577
37890 154.029333 78.541807
37900 154.064214 79.325079
37910 154.101478 76.338093
37920 154.136824 74.596263
37930 154.174876 76.842159
37940 154.208344 76.861383
37950 154.243166 77.226749
37960 154.275922 76.728943
37970 154.307221 77.763284
37980 154.337160 78.240896
37990 154.367607 78.646489
38000 154.399665 78.276819
38010 154.431907 78.456626
38020 154.462078 77.864190
38030 154.496271 79.430643
38040 154.529404 78.224872
38050 154.562186 77.360107
38060 154.595110 77.260662
38070 154.628236 76.998507
38080 154.657988 76.530675
38090 154.689858 77.845876
38100 154.722079 78.492858
38110 154.752941 77.467996
38120 154.784896 76.399332
38130 154.815068 77.966759
38140 154.846544 76.851957
38150 154.876009 76.967759
38160 154.904645 77.012767
38170 154.931043 77.204510
38180 154.954412 78.176261
38190 154.976408 76.914730
38200 154.998452 78.162693
38210 155.020206 77.005087
38220 155.041750 76.123867
38230 155.063164 78.880743
38240 155.084348 78.243884
38250 155.104808 75.988365
38260 155.125105 76.890060
38270 155.145862 77.254289
38280 155.166529 77.619397
38290 155.187128 78.424843
38300 155.206174 78.232722
38310 155.224078 77.527565
38320 155.240853 76.756856
38330 155.256903 79.448533
38340 155.276954 77.031467
38350 155.297528 76.840652
38360 155.317755 78.055139
38370 155.340151 77.326867
38380 155.362670 79.310354
38390 155.381595 78.236918
38400 155.403552 77.029603
38410 155.424099 77.405626
38420 155.446355 77.534342
38430 155.469453 77.712790
38440 155.494742 76.294717
38450 155.516143 75.548510
38460 155.532893 79.279776
38470 155.552147 79.533758
38480 155.568772 77.717952
38490 155.587535 77.655396
38500 155.607744 77.371796
38510 155.625604 77.358645
38520 155.641774 78.334349
38530 155.656477 75.562093
38540 155.668169 77.704649
38550 155.680865 77.596105
38560 155.693755 77.836394
38570 155.706720 78.991230
38580 155.718331 77.663150
38590 155.729204 79.407851
38600 155.738728 77.183688
38610 155.748930 77.271400
38620 155.756998 78.864162
38630 155.768022 80.196628
38640 155.780166 77.538099
38650 155.791765 77.875833
38660 155.802557 77.070334
38670 155.814110 78.664633
38680 155.825721 78.476257
38690 155.837362 77.641024
38700 155.850284 78.070532
38710 155.863136 78.859675
38720 155.875190 77.925778
38730 155.884927 78.455932
38740 155.895583 79.358489
38750 155.904340 77.955851
38760 155.912320 78.326827
38770 155.920894 78.441799
38780 155.930349 76.913620
38790 155.939134 78.568473
38800 155.952296 77.658581
38810 155.963082 81.128934
38820 155.975762 79.616086
38830 155.988311 77.747654
38840 156.001144 81.026376
38850 156.015067 77.674187
38860 156.029616 77.847166
38870 156.044420 80.965890
38880 156.061592 78.741622
38890 156.079301 79.788233
38900 156.097055 77.988278
38910 156.114838 78.801579
38920 156.133190 78.989247
38930 156.150798 78.859805
38940 156.171725 80.545821
38950 156.191744 78.716045
38960 156.214965 76.034872
38970 156.239303 77.463886
38980 156.261933 77.196752
38990 156.284167 78.729491
39000 156.308896 79.938865
39010 156.333188 78.993434
39020 156.359488 78.395846
39030 156.387539 80.018270
39040 156.415794 79.055944
39050 156.444683 77.821439
39060 156.474334 80.968432
39070 156.504503 79.094632
39080 156.534952 78.061989
39090 156.568037 77.940435
39100 156.600231 79.508460
39110 156.634869 78.222732
39120 156.667078 78.921297
39130 156.699091 79.253758
39140 156.730439 78.315893
39150 156.763500 79.657244
39160 156.797761 77.088912
39170 156.833068 79.278469
39180 156.866994 78.927014
39190 156.902386 78.154471
39200 156.936627 79.009414
39210 156.972359 78.960779
39220 157.008914 76.607186
39230 157.042569 79.590206
39240 157.075097 79.373053
39250 157.107504 76.157048
39260 157.140054 81.123250
39270 157.171039 79.761708
39280 157.203834 77.860249
39290 157.230323 77.971085
39300 157.262661 78.230502
39310 157.294177 79.717328
39320 157.326770 77.761480
39330 157.358504 76.796529
39340 157.390891 76.851147
39350 157.419221 78.707499
39360 157.445555 79.312611
39370 157.470502 79.452095
39380 157.497066 79.793376
39390 157.524771 79.895672
39400 157.551805 80.202526
39410 157.576699 77.780822
39420 157.603314 78.554017
39430 157.628833 75.795832
39440 157.650426 77.848900
39450 157.672285 78.508556
39460 157.693393 78.608329
39470 157.711255 77.239057
39480 157.727821 78.550979
39490 157.744707 78.837482
39500 157.761548 78.167096
39510 157.776216 79.079506
39520 157.794890 77.812493
39530 157.813101 79.625232
39540 157.832474 79.941029
39550 157.851216 77.798067
39560 157.868987 80.508941
39570 157.889590 79.117168
39580 157.912493 79.464137
39590 157.935183 80.131092
39600 157.957867 79.804350
39610 157.980384 78.376108
39620 158.002766 78.879408
39630 158.024933 78.584340
39640 158.044718 79.869011
39650 158.066848 79.818474
39660 158.088547 79.578351
39670 158.109722 78.630007
39680 158.131367 79.069936
39690 158.153835 79.073666
39700 158.177670 79.237429
39710 158.200624 79.562102
39720 158.221342 79.483762
39730 158.243158 78.996642
39740 158.263462 80.686637
39750 158.282334 80.016147
39760 158.303651 78.295694
39770 158.324107 80.450658
39780 158.346212 80.304388
39790 158.366758 78.333447
39800 158.388936 79.775904
39810 158.412009 80.590204
39820 158.433431 79.835983
39830 158.456400 79.942346
39840 158.478950 78.783167
39850 158.501708 79.784692
39860 158.525313 79.248504
39870 158.549353 78.808167
39880 158.573563 79.364418
39890 158.597793 80.558218
39900 158.621216 80.071375
39910 158.645149 79.974389
39920 158.667431 78.847414
39930 158.689857 80.571646
39940 158.712255 79.120696
39950 158.734209 79.614402
39960 158.757197 78.623966
39970 158.779444 79.091460
39980 158.801685 81.060121
39990 158.822930 79.348608
40000 158.845582 78.920728
40010 158.866259 80.208009
40020 158.885915 80.337070
40030 158.904983 81.067203
40040 158.925478 80.308675
40050 158.947169 80.848165
40060 158.966219 80.033141
40070 158.986453 80.037573
40080 159.007423 80.225833
40090 159.029238 81.060598
40100 159.053488 79.609214
40110 159.080869 81.200525
40120 159.104165 78.284285
40130 159.129175 79.307988
40140 159.153131 79.362716
40150 159.176564 80.384449
40160 159.198959 79.107446
40170 159.220423 77.611351
40180 159.241419 79.507778
40190 159.265726 79.457111
40200 159.290001 81.675510
40210 159.314592 80.201469
40220 159.338497 80.529303
40230 159.363631 82.545593
40240 159.387885 79.208801
40250 159.410111 80.384282
40260 159.434078 79.050730
40270 159.456875 80.369449
40280 159.482370 80.907723
40290 159.505872 80.305922
40300 159.529036 80.346706
40310 159.554293 79.582739
40320 159.581407 79.456166
40330 159.607810 80.008209
40340 159.636070 79.806683
40350 159.665417 80.180757
40360 159.694361 81.198513
40370 159.728368 77.898119
40380 159.756401 80.135671
40390 159.785058 79.892913
40400 159.811102 80.020998
40410 159.835200 79.659051
40420 159.859839 81.273693
40430 159.883469 79.642557
40440 159.907657 80.634368
40450 159.930680 79.277119
40460 159.953566 80.108412
40470 159.976454 80.798719
40480 160.000630 78.877014
40490 160.017780 80.028311
40500 160.036669 80.450502
40510 160.057812 81.118347
40520 160.079525 81.322580
40530 160.100011 81.708438
40540 160.118884 80.070028
40550 160.136196 79.978262
40560 160.153918 80.400977
40570 160.172479 80.057945
40580 160.190971 80.583303
40590 160.208444 79.966153
40600 160.225263 81.597526
40610 160.238010 80.756503
40620 160.251024 79.918118
40630 160.261449 80.864789
40640 160.273950 79.447720
40650 160.284694 80.160464
40660 160.296044 81.833569
40670 160.307839 78.725499
40680 160.319327 81.882673
40690 160.330862 80.111175
40700 160.341371 82.124942
40710 160.354147 81.708414
40720 160.369343 79.834072
40730 160.384368 81.294324
40740 160.400112 79.951237
40750 160.412535 79.147155
40760 160.423508 80.704747
40770 160.433573 80.532156
40780 160.442610 80.906473
40790 160.449741 81.256808
40800 160.459803 78.892609
40810 160.469901 80.859296
40820 160.478678 82.099075
40830 160.487880 81.674125
40840 160.498198 80.722386
40850 160.510171 81.471708
40860 160.524301 81.356983
40870 160.539011 80.860160
40880 160.551372 78.767565
40890 160.562624 82.126602
40900 160.570290 82.317121
40910 160.580085 79.283817
40920 160.590255 81.067370
40930 160.601649 81.175518
40940 160.611424 79.957964
40950 160.620000 80.892756
40960 160.628352 79.104172
40970 160.636250 81.250692
40980 160.643790 80.072179
40990 160.651646 82.520003
41000 160.660561 79.437694
41010 160.666980 80.983074
41020 160.675097 81.779473
41030 160.681799 79.107213
41040 160.689946 80.219091
41050 160.699954 81.826541
41060 160.708487 81.251770
41070 160.716434 80.670705
41080 160.724905 80.185629
41090 160.734253 80.078822
41100 160.742049 80.401862
41110 160.751748 80.199838
41120 160.761745 81.083636
41130 160.771703 81.170698
41140 160.780054 80.192211
41150 160.787290 79.822156
41160 160.795543 80.877166
41170 160.805126 80.336779
41180 160.814847 82.447161
41190 160.823777 79.484202
41200 160.833803 80.363191
41210 160.844551 80.458892
41220 160.856765 80.972142
41230 160.868140 80.836419
41240 160.881230 82.006195
41250 160.894754 80.223727
41260 160.910589 79.916952
41270 160.926329 80.125613
41280 160.939179 81.011641
41290 160.953588 80.511782
41300 160.968924 80.711582
41310 160.984605 82.924229
41320 161.000159 80.563448
41330 161.017344 79.311992
41340 161.032902 81.561847
41350 161.048927 81.845673
41360 161.062618 80.394796
41370 161.075887 81.098254
41380 161.088978 80.604886
41390 161.100297 80.642747
41400 161.111645 81.675779
41410 161.120714 81.141107
41420 161.129102 80.354760
41430 161.137480 82.151828
41440 161.146594 80.614810
41450 161.156553 81.695303
41460 161.166586 81.229231
41470 161.176488 80.743368
41480 161.185869 81.202917
41490 161.197590 78.557516
41500 161.209601 81.683649
41510 161.221185 80.713415
41520 161.232533 80.298937
41530 161.243980 81.508841
41540 161.255157 80.815219
41550 161.268328 81.360563
41560 161.281496 80.005551
41570 161.293342 80.655760
41580 161.305072 82.229915
41590 161.316088 82.484092
41600 161.327474 80.517934
41610 161.339345 79.323355
41620 161.350794 81.073631
41630 161.361227 80.520622
41640 161.370964 81.415232
41650 161.380806 81.314244
41660 161.389784 81.268428
41670 161.398537 81.990958
41680 161.408641 79.977728
41690 161.419278 79.090571
41700 161.428822 82.032437
41710 161.439900 80.840644
41720 161.449453 80.683593
41730 161.458365 81.468973
41740 161.466812 81.228546
41750 161.472981 81.812414
41760 161.477326 80.413769
41770 161.480122 79.366024
41780 161.482270 79.091480
41790 161.484929 81.468812
41800 161.488996 80.189758
41810 161.493098 80.254066
41820 161.497809 81.777823
41830 161.500395 80.605965
41840 161.501433 82.456507
41850 161.501182 80.797547
41860 161.500051 80.628841
41870 161.498197 81.665575
41880 161.496880 80.885091
41890 161.495356 80.140934
41900 161.493441 81.852287
41910 161.492613 81.291228
41920 161.494361 80.577083
41930 161.494873 81.981538
41940 161.492850 81.616980
41950 161.491564 81.817918
41960 161.490923 80.424734
41970 161.491627 82.821504
41980 161.494147 81.186806
41990 161.497853 80.983908
42000 161.502486 82.049985
42010 161.507132 80.976927
42020 161.510993 79.934772
42030 161.516089 79.826711
42040 161.519735 81.635715
42050 161.523371 80.507087
42060 161.527964 81.289867
42070 161.531545 80.799878
42080 161.536802 80.631876
42090 161.542719 80.423977
42100 161.547792 79.125109
42110 161.551412 79.642548
42120 161.554324 80.333954
42130 161.555635 79.670500
42140 161.556764 80.151237
42150 161.557787 81.443398
42160 161.559179 81.586513
42170 161.562256 80.682277
42180 161.566766 80.782102
42190 161.572018 81.437509
42200 161.578832 81.747825
42210 161.585334 82.332062
42220 161.591206 80.747083
42230 161.596916 80.737408
42240 161.602234 80.754779
42250 161.607502 81.649159
42260 161.613005 80.768065
42270 161.615601 81.489423
42280 161.616857 81.624523
42290 161.614989 83.955542
42300 161.613224 79.429529
42310 161.612706 83.080167
42320 161.613655 80.811884
42330 161.616623 81.669432
42340 161.620964 82.349654
42350 161.624786 80.106898
42360 161.628094 82.421147
42370 161.631579 82.427582
42380 161.636519 79.704800
42390 161.641953 79.921992
42400 161.648306 81.433069
42410 161.655514 80.810294
42420 161.663367 82.107961
42430 161.671223 81.616236
42440 161.678984 82.049440
42450 161.686119 79.965224
42460 161.693075 81.717729
42470 161.701024 80.307599
42480 161.709227 80.621542
42490 161.717711 81.578125
42500 161.725454 81.852538
42510 161.732935 80.661382
42520 161.738158 80.980861
42530 161.743672 82.064066
42540 161.749769 80.927491
42550 161.756790 81.826441
42560 161.763989 80.799807
42570 161.773680 80.488262
42580 161.784971 81.713987
42590 161.797671 80.449630
42600 161.810075 82.133338
42610 161.821112 80.646857
42620 161.831035 82.302954
42630 161.840628 79.941608
42640 161.851022 80.784338
42650 161.860993 81.880732
42660 161.870757 82.386738
42670 161.876475 80.964799
42680 161.878222 82.034935
42690 161.880933 82.375891
42700 161.887788 82.183676
42710 161.895825 81.683731
42720 161.903708 81.134463
42730 161.913135 82.027971
42740 161.920819 80.604100
42750 161.928454 80.688433
42760 161.936944 82.482215
42770 161.944930 80.976360
42780 161.951535 81.631701
42790 161.957490 80.488653
42800 161.965928 81.654925
42810 161.972372 81.011112
42820 161.977508 80.933378
42830 161.981961 82.340690
42840 161.987163 80.476200
42850 161.991367 81.685767
42860 161.996153 82.399877
42870 162.001465 81.506564
42880 162.006996 81.634433
42890 162.012534 81.657159
42900 162.019296 82.145625
42910 162.024658 81.062338
42920 162.030775 80.668053
42930 162.035463 82.515496
42940 162.039698 81.668649
42950 162.044346 81.869507
42960 162.049008 81.999515
42970 162.052803 80.550283
42980 162.057181 81.178535
42990 162.062060 81.947271
43000 162.066398 80.840680
43010 162.071079 81.745313
43020 162.076036 81.892168
43030 162.080651 81.444685
43040 162.085665 82.245401
43050 162.090878 81.514384
43060 162.095498 80.625015
43070 162.099662 80.517598
43080 162.103052 81.896517
43090 162.107737 80.557610
43100 162.112712 79.952343
43110 162.114602 80.976029
43120 162.115843 80.646568
43130 162.117951 80.635740
43140 162.120847 81.651912
43150 162.125642 80.721513
43160 162.129654 82.122185
43170 162.135520 81.230286
43180 162.142522 80.783348
43190 162.149321 82.484256
43200 162.157818 82.427588
43210 162.167243 81.170624
43220 162.175529 79.627506
43230 162.181546 81.101651
43240 162.186708 81.115745
43250 162.190766 80.366697
43260 162.193556 81.712985
43270 162.197467 81.056369
43280 162.201543 78.567514
43290 162.204872 82.410302
43300 162.208360 81.696904
43310 162.212960 80.334587
43320 162.218707 80.791907
43330 162.225882 82.294776
43340 162.235530 81.211061
43350 162.244705 82.335375
43360 162.254129 80.502817
43370 162.264108 81.820498
43380 162.274586 80.599929
43390 162.285859 82.335599
43400 162.295268 82.185965
43410 162.304822 81.700859
43420 162.313856 80.488898
43430 162.321474 80.876170
43440 162.328624 79.950431
43450 162.336765 80.846972
43460 162.344749 82.208799
43470 162.352296 82.190637
43480 162.358869 80.320800
43490 162.366209 81.875588
43500 162.374192 82.598171
43510 162.382694 82.393319
43520 162.390509 80.454850
43530 162.398791 81.297075
43540 162.406567 81.136330
43550 162.412525 80.945326
43560 162.417985 80.558356
43570 162.422848 81.763037
43580 162.427928 80.791707
43590 162.432663 81.635015
43600 162.436068 82.485761
43610 162.439528 81.351649
43620 162.442054 82.161942
43630 162.443359 82.003947
43640 162.443346 81.489441
43650 162.442618 82.029246
43660 162.441994 82.503524
43670 162.442232 81.411580
43680 162.440532 81.291215
43690 162.437571 83.099293
43700 162.436235 82.475487
43710 162.434531 80.052397
43720 162.432952 80.260714
43730 162.429534 81.683003
43740 162.427383 81.167384
43750 162.426539 82.257555
43760 162.426049 82.358060
43770 162.426294 81.066025
43780 162.424110 81.057170
43790 162.421127 81.308557
43800 162.417658 82.554948
43810 162.415666 82.739740
43820 162.414372 80.523742
43830 162.413394 80.788623
43840 162.413319 81.743071
43850 162.415241 79.647254
43860 162.418060 81.791563
43870 162.420969 80.932087
43880 162.424573 81.423252
43890 162.428456 81.903226
43900 162.433087 80.574498
43910 162.439342 80.756924
43920 162.445006 82.153554
43930 162.450375 82.101613
43940 162.456667 82.491550
43950 162.465292 79.912832
43960 162.472334 81.130011
43970 162.481261 84.391360
43980 162.489513 81.246371
43990 162.498104 81.228253
44000 162.507445 81.253624
44010 162.514947 80.754281
44020 162.522529 79.664677
44030 162.527559 81.885034
44040 162.531726 81.423513
44050 162.533937 81.016440
44060 162.535999 79.899145
44070 162.537065 81.975123
44080 162.538765 81.456717
44090 162.541303 81.058052
44100 162.543566 81.860482
44110 162.545737 81.688467
44120 162.549365 81.639979
44130 162.552022 80.874281
44140 162.553576 81.870531
44150 162.557117 81.227099
44160 162.562112 81.661847
44170 162.568229 82.822639
44180 162.577068 81.106273
44190 162.585971 82.546946
44200 162.595948 82.690507
44210 162.605944 81.284101
44220 162.616212 82.522948
44230 162.628719 81.280945
44240 162.643623 81.002577
44250 162.659351 81.310823
44260 162.676406 80.911925
44270 162.690914 81.529349
44280 162.705725 82.120593
44290 162.718548 81.796379
44300 162.731258 81.086005
44310 162.741712 80.374614
44320 162.751227 81.877441
44330 162.758679 80.967656
44340 162.764314 81.800078
44350 162.769415 81.366021
44360 162.774844 82.751990
44370 162.780538 81.830819
44380 162.786285 81.833020
44390 162.790683 81.515091
44400 162.795494 80.878685
44410 162.799026 81.040415
44420 162.803866 81.407205
44430 162.809399 82.003088
44440 162.816547 82.058329
44450 162.824056 80.437590
44460 162.830836 82.689828
44470 162.839581 81.997322
44480 162.847380 82.748249
44490 162.855025 82.781206
44500 162.861823 82.689645
44510 162.868481 82.329580
44520 162.876133 79.840583
44530 162.882498 80.416052
44540 162.889987 82.691335
44550 162.898866 79.997700
44560 162.906771 82.834036
44570 162.914317 79.914839
44580 162.921240 80.414475
44590 162.925992 82.728694
44600 162.932150 79.675471
44610 162.937805 82.253689
44620 162.943200 82.504293
44630 162.948919 81.458875
44640 162.955673 80.996339
44650 162.960309 80.725728
44660 162.963207 83.276677
44670 162.965866 82.657770
44680 162.968301 82.093585
44690 162.970614 83.226000
44700 162.974733 82.453023
44710 162.976298 82.379388
44720 162.976950 81.607771
44730 162.977446 81.416042
44740 162.977144 81.079058
44750 162.975808 81.372393
44760 162.974477 79.993723
44770 162.972371 82.729304
44780 162.971992 79.745293
44790 162.971393 83.200258
44800 162.970356 80.100612
44810 162.968603 81.359272
44820 162.967010 83.017656
44830 162.966027 82.512827
44840 162.964820 80.795834
44850 162.961713 82.069082
44860 162.960559 80.578603
44870 162.959881 82.410340
44880 162.960003 83.563176
44890 162.961411 81.281014
44900 162.961438 81.435598
44910 162.961113 82.539249
44920 162.960952 81.057738
44930 162.958418 81.190340
44940 162.954952 83.854499
44950 162.952743 81.867938
44960 162.949346 83.151915
44970 162.947417 81.832993
44980 162.946454 81.623323
44990 162.945870 83.099364
45000 162.946519 82.450833
45010 162.946713 82.951967
45020 162.946436 81.924144
45030 162.946573 81.348857
45040 162.946869 79.606746
45050 162.946792 81.979307
45060 162.946442 81.698487
45070 162.945203 81.083331
45080 162.943803 83.071119
45090 162.940991 82.807368
45100 162.936501 80.712116
45110 162.931014 80.793670
45120 162.927700 81.915564
45130 162.924289 81.486387
45140 162.921446 79.247216
45150 162.917903 81.430599
45160 162.913508 82.742515
45170 162.910430 82.121303
45180 162.907894 82.398275
45190 162.905177 82.359954
45200 162.903159 82.307093
45210 162.901473 82.339198
45220 162.900745 80.981069
45230 162.899879 82.002789
45240 162.898377 82.011126
45250 162.895367 80.565402
45260 162.892070 81.547957
45270 162.886348 81.107557
45280 162.881845 81.078626
45290 162.878319 80.182119
45300 162.875199 82.497673
45310 162.871912 81.459072
45320 162.867840 82.244756
45330 162.860631 82.456375
45340 162.854225 82.278515
45350 162.847614 81.177709
45360 162.841670 81.508294
45370 162.834040 81.046555
45380 162.827712 82.370589
45390 162.821060 80.978776
45400 162.813577 82.082976
45410 162.806645 82.726780
45420 162.800083 81.343362
45430 162.792772 80.608304
45440 162.784500 82.912685
45450 162.777852 82.593102
45460 162.771641 80.579817
45470 162.763758 83.848021
45480 162.756792 80.901752
45490 162.749056 81.063031
45500 162.739471 80.967479
45510 162.729548 81.819376
45520 162.719058 81.335808
45530 162.705404 82.660683
45540 162.692004 82.184736
45550 162.677145 81.259136
45560 162.662295 82.798139
45570 162.647672 82.153678
45580 162.631603 82.256824
45590 162.616773 81.217715
45600 162.603783 82.000342
45610 162.591576 81.866100
45620 162.579397 82.990393
45630 162.569068 81.627611
45640 162.558199 83.185793
45650 162.547877 80.541547
45660 162.537213 81.326725
45670 162.527543 82.602843
45680 162.518215 82.917342
45690 162.508428 82.911326
45700 162.498823 82.020602
45710 162.490146 81.711319
45720 162.482129 81.719795
45730 162.475357 82.853604
45740 162.469631 81.616164
45750 162.463695 82.546766
45760 162.458380 82.081417
45770 162.455134 82.152515
45780 162.452402 82.125497
45790 162.449733 81.770622
45800 162.444299 82.107988
45810 162.438082 80.764709
45820 162.430645 80.866381
45830 162.422289 81.802167
45840 162.413428 81.882208
45850 162.406629 82.125762
45860 162.398857 80.242058
45870 162.391666 81.288472
45880 162.384190 82.946599
45890 162.377147 83.478984
45900 162.372158 83.063080
45910 162.366232 82.827744
45920 162.359506 82.894412
45930 162.352780 81.395595
45940 162.344838 81.365904
45950 162.335420 81.064150
45960 162.325740 81.764805
45970 162.314401 80.946204
45980 162.303648 79.801706
45990 162.294687 81.325779
46000 162.287153 81.682491
46010 162.279793 80.978628
46020 162.273614 80.579804
46030 162.267471 81.639994
46040 162.260340 79.583146
46050 162.253238 81.304640
46060 162.244503 81.251835
46070 162.234716 84.287281
46080 162.227322 81.071239
46090 162.221160 82.533940
46100 162.215422 81.071232
46110 162.210421 80.744554
46120 162.207964 81.223270
46130 162.206323 81.700449
46140 162.204591 80.345898
46150 162.203633 81.098664
46160 162.202457 82.770877
46170 162.200013 81.786276
46180 162.198702 80.714297
46190 162.198558 81.199958
46200 162.199118 82.048601
46210 162.200281 82.072651
46220 162.199526 81.616227
46230 162.196777 80.749649
46240 162.191956 80.688527
46250 162.186821 81.754436
46260 162.182892 80.153408
46270 162.177811 83.469584
46280 162.173759 81.146269
46290 162.171018 80.757278
46300 162.168033 83.119526
46310 162.164740 81.168699
46320 162.161457 80.700057
46330 162.158534 80.450717
46340 162.156603 82.457485
46350 162.154540 80.673708
46360 162.152063 80.261287
46370 162.149102 81.799475
46380 162.145789 80.507923
46390 162.141350 80.805698
46400 162.136422 81.716855
46410 162.130626 81.131760
46420 162.124386 82.215757
46430 162.118682 81.390310
46440 162.115931 81.601788
46450 162.115817 80.304739
46460 162.115565 80.427264
46470 162.114891 80.842691
46480 162.116925 80.737104
46490 162.119743 78.616548
46500 162.120956 81.925515
46510 162.123082 80.693826
46520 162.124624 81.827285
46530 162.125267 82.081683
46540 162.127538 82.179186
46550 162.129885 80.861676
46560 162.133475 80.031724
46570 162.134896 81.589717
46580 162.136799 81.553691
46590 162.137457 81.668751
46600 162.139101 80.012033
46610 162.141026 79.568109
46620 162.144460 81.114515
46630 162.148201 79.579392
46640 162.150465 80.161148
46650 162.153860 81.530719
46660 162.158791 81.455854
46670 162.164134 82.021647
46680 162.171439 81.079578
46690 162.179489 80.674252
46700 162.187712 80.913720
46710 162.196857 82.116685
46720 162.206383 79.649272
46730 162.214382 81.417537
46740 162.224695 81.838388
46750 162.237632 80.463400
46760 162.250470 80.754464
46770 162.264909 80.777577
46780 162.278713 82.162433
46790 162.292294 80.818379
46800 162.306326 81.230644
46810 162.321833 81.730288
46820 162.337503 80.638224
46830 162.351410 81.559746
46840 162.365252 80.968915
46850 162.378135 81.262499
46860 162.388464 80.529855
46870 162.397710 81.120664
46880 162.407661 80.767222
46890 162.417595 81.059716
46900 162.427250 82.389134
46910 162.436283 81.440559
46920 162.446205 82.101720
46930 162.456089 79.869068
46940 162.465401 82.696157
46950 162.473336 80.718897
46960 162.481831 81.976216
46970 162.492228 82.263541
46980 162.503224 82.211368
46990 162.511319 81.812279
47000 162.518972 83.210207
47010 162.527003 81.904773
47020 162.534243 80.373719
47030 162.540910 81.715686
47040 162.551205 82.642793
47050 162.562209 82.423656
47060 162.574272 81.628418
47070 162.586704 80.653704
47080 162.599728 81.075560
47090 162.612785 82.301653
47100 162.623954 83.505402
47110 162.636787 81.138919
47120 162.649404 81.824302
47130 162.663884 81.959985
47140 162.680008 81.316400
47150 162.695229 80.755363
47160 162.710210 81.832656
47170 162.724393 81.720174
47180 162.740141 80.340131
47190 162.757391 80.080416
47200 162.773979 81.719890
47210 162.791371 81.941259
47220 162.808052 81.225114
47230 162.822034 80.612495
47240 162.835766 80.920957
47250 162.847156 81.007602
47260 162.857486 81.860874
47270 162.868525 80.994537
47280 162.878528 80.669226
47290 162.889760 81.188998
47300 162.900812 82.307097
47310 162.912232 81.132504
47320 162.923235 81.969998
47330 162.934656 80.118967
47340 162.945975 82.903426
47350 162.956137 81.790859
47360 162.968664 80.647923
47370 162.979868 80.933163
47380 162.991645 80.613112
47390 163.002926 80.993628
47400 163.013457 81.680416
47410 163.024153 81.324685
47420 163.034882 79.955601
47430 163.045667 82.047251
47440 163.057306 81.784460
47450 163.068440 81.572023
47460 163.078985 82.695928
47470 163.088104 80.791375
47480 163.096215 81.582832
47490 163.102505 81.550846
47500 163.106981 81.405895
47510 163.110243 81.241605
47520 163.114213 81.168912
47530 163.117779 81.448343
47540 163.120245 80.239726
47550 163.123474 83.144390
47560 163.128685 82.357952
47570 163.135354 82.328771
47580 163.143429 81.202095
47590 163.151020 83.276330
47600 163.159726 82.607207
47610 163.168713 82.123865
47620 163.176664 81.310939
47630 163.182632 80.851792
47640 163.188336 82.157809
47650 163.195302 81.652141
47660 163.202863 80.739121
47670 163.211997 82.367005
47680 163.221186 81.408011
47690 163.232412 81.027105
47700 163.241879 81.713626
47710 163.252279 81.175450
47720 163.262449 81.933545
47730 163.273099 82.564237
47740 163.285178 81.249772
47750 163.296614 81.485204
47760 163.306525 82.449289
47770 163.315033 81.828878
47780 163.323946 80.607222
47790 163.332347 81.326196
47800 163.339561 81.154944
47810 163.346618 79.686063
47820 163.352731 81.642647
47830 163.361087 83.190706
47840 163.369850 83.810346
47850 163.377482 82.882408
47860 163.385140 82.208661
47870 163.392485 82.327949
47880 163.400568 82.589588
47890 163.409636 81.549171
47900 163.419037 82.284174
47910 163.429493 81.105612
47920 163.438811 82.573252
47930 163.448413 82.730604
47940 163.458033 81.590600
47950 163.469738 81.658932
47960 163.482303 81.427656
47970 163.493052 81.536174
47980 163.505289 80.568875
47990 163.517768 83.161223
48000 163.532887 82.636053
48010 163.547820 83.030298
48020 163.562231 82.275943
48030 163.575268 83.084842
48040 163.589001 82.815789
48050 163.601220 80.520944
48060 163.613370 82.826601
48070 163.624285 82.075774
48080 163.634337 82.128310
48090 163.644260 81.637176
48100 163.654363 82.363697
48110 163.664673 81.606123
48120 163.676321 80.703672
48130 163.687774 80.917857
48140 163.699350 81.837529
48150 163.709678 83.348861
48160 163.720056 81.677542
48170 163.731060 82.750648
48180 163.742174 81.574633
48190 163.752410 82.736168
48200 163.759598 82.814539
48210 163.766099 81.065602
48220 163.771987 81.491553
48230 163.776681 80.894978
48240 163.779452 82.924660
48250 163.782770 81.283137
48260 163.785963 81.428301
48270 163.788514 82.532688
48280 163.791157 81.410701
48290 163.792147 82.625921
48300 163.791204 83.140887
48310 163.788969 83.000985
48320 163.785273 80.996936
48330 163.782188 82.461455
48340 163.777609 83.748902
48350 163.774819 82.657182
48360 163.771811 83.331794
48370 163.769104 81.983116
48380 163.764210 82.983170
48390 163.759445 81.950777
48400 163.754449 80.347726
48410 163.749595 82.280644
48420 163.745282 80.974927
48430 163.740705 82.797660
48440 163.737408 81.837037
48450 163.732815 83.581707
48460 163.728670 82.574536
48470 163.724266 81.202693
48480 163.718161 85.334387
48490 163.713833 83.296704
48500 163.709196 82.665735
48510 163.704045 82.876138
48520 163.699047 82.411061
48530 163.695508 83.806385
48540 163.693331 81.656645
48550 163.689260 82.235988
48560 163.685452 82.436531
48570 163.682018 82.801198
48580 163.678489 83.573685
48590 163.673514 82.381142
48600 163.668281 83.040252
48610 163.663407 81.258529
48620 163.659500 82.330692
48630 163.655952 83.261467
48640 163.651573 80.529393
48650 163.646260 82.701645
48660 163.641454 83.420969
48670 163.639126 81.651781
48680 163.635793 80.575784
48690 163.631641 82.330642
48700 163.626716 82.569440
48710 163.619324 82.592368
48720 163.612551 84.195034
48730 163.605926 82.952659
48740 163.600187 82.110425
48750 163.593635 81.856603
48760 163.586066 82.577172
48770 163.580333 83.127168
48780 163.574788 82.564101
48790 163.569073 81.806248
48800 163.563710 81.856042
48810 163.558893 82.789728
48820 163.553710 82.672932
48830 163.547806 80.084710
48840 163.539411 80.764531
48850 163.532815 81.665499
48860 163.526677 82.048771
48870 163.520944 81.224328
48880 163.516394 81.868076
48890 163.510843 81.465807
48900 163.505230 81.017041
48910 163.499740 82.395915
48920 163.494885 83.086717
48930 163.491467 82.240141
48940 163.486971 81.413063
48950 163.483724 81.397898
48960 163.482465 81.108656
48970 163.480530 80.531079
48980 163.478964 82.668127
48990 163.478984 80.796790
49000 163.477554 81.174397
49010 163.476131 82.864595
49020 163.474692 81.915056
49030 163.472262 82.731888
49040 163.469759 82.231614
49050 163.467488 81.490063
49060 163.466145 82.191562
49070 163.464286 82.388350
49080 163.462510 81.747007
49090 163.462160 81.389465
49100 163.461764 81.184466
49110 163.461123 81.096623
49120 163.460093 81.818937
49130 163.458478 80.435492
49140 163.455254 81.700851
49150 163.450585 82.422054
49160 163.445749 82.106641
49170 163.439513 82.663173
49180 163.431245 83.608095
49190 163.423705 82.605219
49200 163.414836 82.382349
49210 163.406490 81.340333
49220 163.398809 80.877232
49230 163.393384 82.985811
49240 163.387072 83.675287
49250 163.382048 82.342647
49260 163.376028 81.652385
49270 163.369807 82.269569
49280 163.363306 81.493334
49290 163.356459 81.456716
49300 163.349911 80.176854
49310 163.342391 81.433009
49320 163.335189 82.082052
49330 163.327524 79.654140
49340 163.319957 80.743952
49350 163.311244 82.333222
49360 163.303269 82.179846
49370 163.296293 80.577329
49380 163.288808 82.864017
49390 163.281103 82.399539
49400 163.272221 83.168327
49410 163.263629 82.385901
49420 163.254974 81.372403
49430 163.246839 82.169075
49440 163.240017 83.014245
49450 163.234404 81.044112
49460 163.230236 80.881104
49470 163.226016 81.649141
49480 163.222851 82.208723
49490 163.218316 81.964593
49500 163.211835 83.744308
49510 163.207123 81.503214
49520 163.201663 82.357166
49530 163.198006 82.316474
49540 163.192995 83.727700
49550 163.186760 81.984100
49560 163.181171 80.867179
49570 163.178201 83.225985
49580 163.175002 81.515909
49590 163.171502 82.879587
49600 163.168906 80.750720
49610 163.166916 81.302749
49620 163.164288 82.427833
49630 163.160393 81.344412
49640 163.155832 82.197710
49650 163.150892 82.101292
49660 163.145880 82.134273
49670 163.141246 81.356044
49680 163.135733 82.380866
49690 163.129036 82.611204
49700 163.123183 81.376415
49710 163.116072 81.536020
49720 163.107694 81.000214
49730 163.098235 80.761852
49740 163.088631 81.289223
49750 163.079112 82.698048
49760 163.068656 82.055338
49770 163.057243 82.526637
49780 163.047668 82.826147
49790 163.041060 80.354013
49800 163.033577 81.275975
49810 163.024924 80.332985
49820 163.017233 81.630393
49830 163.008720 81.884443
49840 163.001773 81.407842
49850 162.995803 82.417732
49860 162.987866 82.186337
49870 162.979981 82.376161
49880 162.975533 81.504878
49890 162.972413 82.523882
49900 162.971628 80.982782
49910 162.970986 81.753785
49920 162.970902 80.477066
49930 162.971677 81.749245
49940 162.972455 81.297388
49950 162.973018 82.210893
49960 162.973272 81.118104
49970 162.974875 82.322747
49980 162.976443 82.230688
49990 162.978434 81.560804
50000 162.979673 82.227649
50010 162.980639 81.991645
50020 162.983046 82.554060
50030 162.985610 82.015894
50040 162.988260 82.972781
50050 162.992262 83.785902
50060 162.995421 81.420444
50070 162.999433 83.051764
50080 163.005449 79.851567
50090 163.010763 82.578447
50100 163.016815 80.754172
50110 163.023788 80.203916
50120 163.029652 81.559177
50130 163.034780 81.368808
50140 163.040225 81.859255
50150 163.044971 80.420917
50160 163.049394 81.927581
50170 163.053326 82.928400
50180 163.056376 82.190550
50190 163.059490 82.409435
50200 163.063225 80.793924
50210 163.067135 79.734086
50220 163.069977 82.404963
50230 163.072585 80.950765
50240 163.074234 82.578544
50250 163.078158 81.562323
50260 163.082588 82.372218
50270 163.086539 82.326459
50280 163.091588 82.252674
50290 163.096691 80.074429
50300 163.102053 81.087243
50310 163.106024 81.509777
50320 163.109642 82.057270
50330 163.113955 81.475472
50340 163.119498 81.262000
50350 163.124928 80.845955
50360 163.128613 80.864711
50370 163.132017 83.279273
50380 163.136521 81.477145
50390 163.141241 81.470013
50400 163.146113 82.815073
50410 163.151943 81.436714
50420 163.157157 82.042283
50430 163.161569 82.509556
50440 163.164849 81.753506
50450 163.168292 82.230577
50460 163.171504 81.209665
50470 163.174145 82.421118
50480 163.177073 80.519144
50490 163.178113 82.255358
50500 163.179189 82.215991
50510 163.181843 80.879766
50520 163.184264 81.069215
50530 163.184945 80.884575
50540 163.184383 82.619732
50550 163.184028 79.346775
50560 163.183110 82.001928
50570 163.183171 78.840458
50580 163.182838 81.173889
50590 163.183001 82.214631
50600 163.183000 82.313940
50610 163.182352 80.380856
50620 163.180284 82.204289
50630 163.178429 81.257275
50640 163.176802 81.650801
50650 163.176453 82.882389
50660 163.175044 83.473872
50670 163.173235 79.231476
50680 163.170095 83.050945
50690 163.167851 80.897083
50700 163.166523 82.333306
50710 163.166842 82.210795
50720 163.167677 82.920046
50730 163.168588 82.283930
50740 163.169109 81.239406
50750 163.168144 82.565835
50760 163.166675 81.889242
50770 163.164802 82.828448
50780 163.164116 80.496411
50790 163.162892 81.778700
50800 163.162459 82.141252
50810 163.162215 82.131372
50820 163.160979 82.025233
50830 163.159610 82.238242
50840 163.158198 81.550279
50850 163.155781 81.641421
50860 163.154278 82.621849
50870 163.154448 81.514512
50880 163.156788 81.600292
50890 163.158695 81.266645
50900 163.158930 80.904623
50910 163.158817 82.879471
50920 163.159001 83.302960
50930 163.159294 82.559494
50940 163.158656 81.496039
50950 163.158000 81.543638
50960 163.158590 80.487273
50970 163.160573 80.856163
50980 163.162201 83.143331
50990 163.164648 81.185370
51000 163.168187 80.045274
51010 163.170804 81.997955
51020 163.171962 80.904117
51030 163.173528 81.323333
51040 163.175086 82.302419
51050 163.175539 81.198352
51060 163.176333 81.407771
51070 163.176403 81.346852
51080 163.175862 83.058886
51090 163.177518 81.906413
51100 163.179728 80.751739
51110 163.180653 83.003167
51120 163.180348 80.103514
51130 163.178892 81.517787
51140 163.177906 82.448458
51150 163.176818 82.622259
51160 163.175053 82.725131
51170 163.172427 79.954723
51180 163.171441 81.008589
51190 163.169423 84.880529
51200 163.167812 82.107906
51210 163.166579 81.508924
51220 163.164763 82.440246
51230 163.161574 78.637661
51240 163.156461 83.211251
51250 163.150685 82.999579
51260 163.144373 81.214760
51270 163.136174 81.894712
51280 163.126365 80.996797
51290 163.116265 80.956708
51300 163.106241 81.302378
51310 163.094234 80.844641
51320 163.080275 80.736734
51330 163.068690 82.471116
51340 163.056114 82.523927
51350 163.044533 81.891936
51360 163.032274 81.458069
51370 163.021160 83.098152
51380 163.012733 82.159397
51390 163.003871 82.829748
51400 162.997051 82.479059
51410 162.989680 82.913106
51420 162.984554 82.261052
51430 162.979224 82.571895
51440 162.973375 82.731910
51450 162.969449 82.498532
51460 162.965657 81.348540
51470 162.961193 81.160032
51480 162.957380 83.083847
51490 162.955218 82.348725
51500 162.952699 82.227466
51510 162.950367 82.499475
51520 162.948584 81.757335
51530 162.947312 81.124567
51540 162.945376 81.683840
51550 162.943119 81.142582
51560 162.939822 81.584770
51570 162.934153 82.627469
51580 162.929005 81.873259
51590 162.922063 82.704303
51600 162.914160 80.173222
51610 162.906999 81.929277
51620 162.898816 81.211472
51630 162.892884 82.393727
51640 162.888522 82.450109
51650 162.883505 80.201734
51660 162.877637 80.886386
51670 162.873812 82.248970
51680 162.871182 81.175584
51690 162.867615 78.528206
51700 162.863954 82.338959
51710 162.858795 82.770934
51720 162.853718 81.611201
51730 162.848274 82.502811
51740 162.842064 82.442968
51750 162.835590 82.253846
51760 162.828638 80.816678
51770 162.823854 80.579013
51780 162.817575 80.960346
51790 162.813125 80.107357
51800 162.808452 80.886152
51810 162.802893 80.774940
51820 162.797215 79.228017
51830 162.791184 80.865624
51840 162.785953 81.401962
51850 162.780143 82.353990
51860 162.773659 80.052440
51870 162.766171 80.610421
51880 162.757727 80.898653
51890 162.748041 81.322218
51900 162.739853 81.057521
51910 162.732575 81.923024
51920 162.726515 81.845977
51930 162.719589 80.524398
51940 162.710825 80.902804
51950 162.700367 82.010305
51960 162.690117 81.240920
51970 162.681814 82.248075
51980 162.676120 80.584572
51990 162.671790 81.823377
52000 162.666597 81.914932
52010 162.661573 80.915705
52020 162.656023 83.674273
52030 162.651316 82.001098
52040 162.647185 81.657398
52050 162.643265 82.560881
52060 162.640311 84.085026
52070 162.639365 83.317111
52080 162.640320 82.303230
52090 162.639618 81.044528
52100 162.638721 81.143216
52110 162.635807 81.740807
52120 162.632022 80.223473
52130 162.627099 81.851722
52140 162.623461 82.435760
52150 162.620621 82.098693
52160 162.616233 81.403614
52170 162.609638 81.354473
52180 162.603298 82.017850
52190 162.598771 81.862777
52200 162.595668 82.755039
52210 162.591361 80.965308
52220 162.586088 81.986775
52230 162.581473 81.215437
52240 162.577438 81.756041
52250 162.574545 81.843091
52260 162.570608 80.941331
52270 162.564508 83.407667
52280 162.559462 81.502397
52290 162.555229 80.910930
52300 162.551247 81.777851
52310 162.547039 81.789472
52320 162.542502 81.444673
52330 162.539315 81.354956
52340 162.536544 80.728172
52350 162.532527 82.249281
52360 162.526959 81.921894
52370 162.520300 80.308637
52380 162.511661 82.303828
52390 162.502923 81.105753
52400 162.493503 79.431268
52410 162.483876 82.065536
52420 162.474731 81.801627
52430 162.466632 83.597204
52440 162.459084 81.225433
52450 162.450910 82.189189
52460 162.440466 84.074861
52470 162.431687 81.252619
52480 162.424088 81.707932
52490 162.417691 81.289998
52500 162.411213 83.409506
52510 162.405734 80.739112
52520 162.400270 79.801978
52530 162.393194 80.853441
52540 162.385572 82.928228
52550 162.377058 81.900101
52560 162.369075 82.094109
52570 162.360718 81.121996
52580 162.350022 82.038192
52590 162.338617 81.029428
52600 162.328304 81.242767
52610 162.316051 80.016035
52620 162.303563 80.733649
52630 162.291848 80.870696
52640 162.281675 81.919242
52650 162.271586 81.514402
52660 162.260383 82.910041
52670 162.251099 79.410188
52680 162.240297 81.772549
52690 162.229676 81.516285
52700 162.219474 82.947715
52710 162.210763 82.534534
52720 162.202514 81.673782
52730 162.194635 80.579843
52740 162.187039 81.711777
52750 162.179104 81.471576
52760 162.170373 82.022616
52770 162.161394 80.040033
52780 162.154114 82.215548
52790 162.148286 81.775679
52800 162.141122 80.963367
52810 162.132521 79.621024
52820 162.124521 82.154062
52830 162.117261 81.696554
52840 162.109114 81.451822
52850 162.100890 81.010244
52860 162.092820 81.773670
52870 162.085505 80.648545
52880 162.077474 80.606230
52890 162.070200 81.559789
52900 162.062695 82.297265
52910 162.054520 80.934556
52920 162.046499 82.446366
52930 162.038742 80.047558
52940 162.032529 80.174952
52950 162.027221 81.869588
52960 162.021682 79.594174
52970 162.016207 81.636619
52980 162.010980 80.264024
52990 162.005058 81.773532
53000 161.999671 81.094570
53010 161.993334 80.433552
53020 161.985656 82.172209
53030 161.978887 80.384239
53040 161.972858 80.538517
53050 161.967774 81.620146
53060 161.965019 81.386541
53070 161.960984 79.641315
53080 161.956967 80.689470
53090 161.952535 84.140250
53100 161.949343 81.651079
53110 161.946996 81.605530
53120 161.945341 81.908743
53130 161.943922 84.242143
53140 161.943629 78.676856
53150 161.942439 80.474651
53160 161.940220 80.784775
53170 161.936227 79.807305
53180 161.930706 81.608731
53190 161.925793 80.510902
53200 161.920752 82.419111
53210 161.914549 80.808761
53220 161.908015 82.263665
53230 161.902352 80.747235
53240 161.896654 81.806437
53250 161.891936 80.344230
53260 161.886458 82.828689
53270 161.881693 81.945888
53280 161.878340 80.501005
53290 161.876161 81.716668
53300 161.875421 81.443350
53310 161.877380 81.773444
53320 161.881999 81.894643
53330 161.887605 82.907606
53340 161.893537 81.384188
53350 161.900247 81.417894
53360 161.907475 80.262733
53370 161.914785 81.696847
53380 161.920685 81.849169
53390 161.925353 82.476236
53400 161.929927 79.478943
53410 161.934518 82.143201
53420 161.940002 81.701310
53430 161.944564 81.851294
53440 161.950517 81.914473
53450 161.959169 81.699093
53460 161.967655 81.144205
53470 161.974812 80.684081
53480 161.982079 82.554212
53490 161.987377 81.855752
53500 161.992590 80.454867
53510 161.997835 80.760146
53520 162.003281 82.220284
53530 162.008699 80.481280
53540 162.014024 81.465280
53550 162.020730 81.887003
53560 162.028201 81.399074
53570 162.035609 81.440488
53580 162.044046 82.389827
53590 162.051908 80.632535
53600 162.057939 82.126625
53610 162.063767 80.561693
53620 162.067163 80.601539
53630 162.070410 82.170341
53640 162.073247 80.449153
53650 162.077293 82.314895
53660 162.084027 81.808189
53670 162.091213 81.423945
53680 162.097784 81.040350
53690 162.105943 80.858688
53700 162.116049 82.455419
53710 162.124852 82.400485
53720 162.133401 78.712739
53730 162.140067 81.014255
53740 162.147386 82.640666
53750 162.154456 82.165474
53760 162.161568 80.687247
53770 162.168126 80.627440
53780 162.173474 81.814323
53790 162.181152 81.676712
53800 162.189180 80.402165
53810 162.198886 81.709072
53820 162.210159 80.027711
53830 162.221982 80.451471
53840 162.234580 82.096591
53850 162.251470 81.804295
53860 162.268500 80.548917
53870 162.287007 80.767924
53880 162.303925 80.025614
53890 162.320365 82.235596
53900 162.337057 83.822920
53910 162.354536 79.386804
53920 162.370438 81.175216
53930 162.386957 80.320007
53940 162.403849 79.814732
53950 162.420933 80.876326
53960 162.438821 81.926129
53970 162.458722 80.985572
53980 162.481501 83.066878
53990 162.502289 82.030621
54000 162.522808 81.510133
54010 162.544854 80.951457
54020 162.565169 81.615589
54030 162.586878 82.260579
54040 162.608650 80.215936
54050 162.629174 81.747308
54060 162.650736 82.416064
54070 162.673405 82.517372
54080 162.697938 81.222246
54090 162.723199 84.075278
54100 162.749441 81.381196
54110 162.775496 81.226678
54120 162.801981 82.652022
54130 162.825533 82.449769
54140 162.851563 81.181665
54150 162.877073 81.952256
54160 162.900836 82.088810
54170 162.926915 82.376211
54180 162.950884 81.962935
54190 162.974576 81.417235
54200 162.998563 81.241131
54210 163.022816 82.061899
54220 163.048258 82.279742
54230 163.073040 82.115662
54240 163.099009 82.302343
54250 163.126197 81.561426
54260 163.154631 81.118604
54270 163.181938 80.529065
54280 163.209515 82.668360
54290 163.235711 81.682865
54300 163.262563 80.678635
54310 163.289710 80.724101
54320 163.314279 83.203461
54330 163.338773 79.739452
54340 163.361336 81.494080
54350 163.387250 83.466630
54360 163.406139 82.087176
54370 163.427575 82.052112
54380 163.447963 81.839679
54390 163.468313 81.179004
54400 163.487834 82.370830
54410 163.506607 81.389942
54420 163.524311 82.467145
54430 163.540790 82.227667
54440 163.558138 81.141135
54450 163.573807 82.328516
54460 163.590662 81.415346
54470 163.606885 82.269916
54480 163.624233 81.442318
54490 163.640740 82.645582
54500 163.657638 81.404523
54510 163.675573 81.576664
54520 163.691261 82.438678
54530 163.706510 81.860713
54540 163.721067 82.393630
54550 163.736758 83.486910
54560 163.751615 82.493886
54570 163.768046 80.971966
54580 163.783519 80.790561
54590 163.797134 83.808472
54600 163.811667 81.723236
54610 163.825631 82.395434
54620 163.839909 81.706284
54630 163.855115 81.991987
54640 163.872136 81.291151
54650 163.890398 83.680527
54660 163.906942 82.667625
54670 163.924131 81.984226
54680 163.941856 81.619161
54690 163.957106 81.944825
54700 163.972807 81.026061
54710 163.989017 83.173335
54720 164.005630 85.004565
54730 164.022671 81.287815
54740 164.039582 82.306210
54750 164.056846 82.065412
54760 164.075010 81.780993
54770 164.095567 81.021809
54780 164.112344 82.063549
54790 164.129707 82.487228
54800 164.148803 84.214242
54810 164.166667 82.513117
54820 164.185411 81.379037
54830 164.203976 82.935302
54840 164.223171 81.987649
54850 164.244235 80.961629
54860 164.266240 81.372003
54870 164.286592 82.562820
54880 164.308316 83.528192
54890 164.328472 82.669329
54900 164.347950 82.152785
54910 164.367353 83.295453
54920 164.385605 81.214514
54930 164.402525 83.024969
54940 164.419555 81.355688
54950 164.436547 82.847613
54960 164.453804 81.739488
54970 164.470049 83.800982
54980 164.486140 82.073367
54990 164.501068 84.399154
55000 164.517210 81.184473
55010 164.533906 81.011701
55020 164.551066 81.519668
55030 164.569734 85.661076
55040 164.589508 83.647443
55050 164.609510 83.006267
55060 164.630318 82.078550
55070 164.651092 82.614526
55080 164.672560 82.113622
55090 164.695247 83.055401
55100 164.718424 83.631234
55110 164.742312 82.321364
55120 164.765749 83.574121
55130 164.789015 82.361781
55140 164.811758 81.794484
55150 164.835188 82.043912
55160 164.859065 83.582682
55170 164.884636 80.943329
55180 164.905458 83.698231
55190 164.931675 83.063982
55200 164.957005 82.545185
55210 164.983505 82.355937
55220 165.008055 83.457275
55230 165.031063 82.959389
55240 165.056012 82.950328
55250 165.081844 82.190484
55260 165.107176 81.340610
55270 165.132709 83.239078
55280 165.157988 83.005470
55290 165.184979 82.034400
55300 165.210019 84.172105
55310 165.235427 83.528840
55320 165.260793 82.510604
55330 165.287319 83.159830
55340 165.313836 82.003130
55350 165.337296 82.534321
55360 165.361340 83.070905
55370 165.383629 81.999827
55380 165.405173 84.182634
55390 165.426590 82.521955
55400 165.448024 83.423702
55410 165.467086 82.227059
55420 165.488004 83.240521
55430 165.512424 82.073401
55440 165.533371 82.396654
55450 165.556285 82.281041
55460 165.578328 83.235292
55470 165.601469 81.021606
55480 165.621189 81.984216
55490 165.642364 84.285829
55500 165.665103 82.510752
55510 165.687854 83.742852
55520 165.711990 83.150175
55530 165.735462 82.839195
55540 165.760295 81.985640
55550 165.782764 83.231985
55560 165.804647 84.278967
55570 165.827155 84.020209
55580 165.850392 82.524892
55590 165.872686 83.427475
55600 165.894781 83.156859
55610 165.918435 84.045300
55620 165.938990 82.513743
55630 165.959852 82.735449
55640 165.980483 82.386187
55650 166.000093 83.209019
55660 166.020333 83.379816
55670 166.039799 80.914287
55680 166.059096 83.563647
55690 166.077742 84.339512
55700 166.097178 83.331044
55710 166.119695 82.055115
55720 166.143326 82.813803
55730 166.168663 82.115573
55740 166.193432 83.554860
55750 166.219016 83.675915
55760 166.244785 85.516105
55770 166.271623 82.771521
55780 166.298708 82.522417
55790 166.324884 83.036117
55800 166.353040 82.348372
55810 166.378591 85.375678
55820 166.403337 83.619621
55830 166.429412 81.810901
55840 166.454927 82.764434
55850 166.477903 81.956439
55860 166.500811 84.010741
55870 166.525838 82.438155
55880 166.548596 83.039228
55890 166.574948 82.852033
55900 166.602420 83.901651
55910 166.633943 84.932521
55920 166.663973 85.298233
55930 166.692989 83.553142
55940 166.725772 82.584648
55950 166.757332 82.557129
55960 166.786929 84.729141
55970 166.815112 83.395198
55980 166.844348 84.086113
55990 166.872368 83.731248
56000 166.900613 82.370820
56010 166.927738 83.974663
56020 166.957000 84.556592
56030 166.985616 84.551244
56040 167.017127 84.736665
56050 167.046281 83.342833
56060 167.079199 84.455080
56070 167.111511 83.063023
56080 167.145086 84.892868
56090 167.179839 84.253303
56100 167.214864 83.842323
56110 167.249905 83.790021
56120 167.284932 82.935178
56130 167.319396 84.774133
56140 167.353646 83.942674
56150 167.387963 85.079812
56160 167.420553 83.008899
56170 167.451916 83.421935
56180 167.485197 84.862436
56190 167.516536 84.490042
56200 167.547756 84.126281
56210 167.578593 84.529382
56220 167.612512 84.481472
56230 167.647525 82.733440
56240 167.679628 84.317638
56250 167.716323 85.357325
56260 167.750799 84.779691
56270 167.785565 83.244745
56280 167.821457 84.444687
56290 167.857151 82.954905
56300 167.890200 84.233243
56310 167.925605 83.553184
56320 167.959774 84.993830
56330 167.994626 84.935546
56340 168.031857 84.848607
56350 168.067875 83.376966
56360 168.102851 83.845217
56370 168.140592 85.002250
56380 168.174524 85.618477
56390 168.212042 84.501763
56400 168.249842 83.448840
56410 168.287584 82.934694
56420 168.327245 85.884724
56430 168.359642 85.429958
56440 168.395514 84.825959
56450 168.432494 84.892386
56460 168.469563 83.607508
56470 168.505516 82.358074
56480 168.542619 85.542275
56490 168.577349 81.723748
56500 168.612369 83.822467
56510 168.655347 82.369161
56520 168.685208 83.849350
56530 168.720599 84.291438
56540 168.751005 85.844470
56550 168.780156 83.740448
56560 168.808025 83.848427
56570 168.835717 85.325741
56580 168.863215 85.354898
56590 168.892788 83.270894
56600 168.917320 83.576855
56610 168.943886 84.864524
56620 168.971942 84.856751
56630 168.999199 84.988845
56640 169.026380 86.043134
56650 169.052710 84.532415
56660 169.078611 85.373542
56670 169.105376 84.029859
56680 169.130419 83.591774
56690 169.157078 85.614331
56700 169.182161 85.083962
56710 169.206904 85.363301
56720 169.229588 84.009940
56730 169.251842 83.929244
56740 169.272583 84.472051
56750 169.295338 83.747682
56760 169.320069 85.952694
56770 169.341937 85.440762
56780 169.366434 85.731468
56790 169.389525 84.222898
56800 169.412531 83.509440
56810 169.435555 85.421545
56820 169.456648 85.335815
56830 169.478128 85.273043
56840 169.499929 84.992674
56850 169.519691 85.345955
56860 169.539389 84.450350
56870 169.559740 86.888866
56880 169.577141 85.723055
56890 169.596640 83.162856
56900 169.612687 85.929540
56910 169.629343 85.714517
56920 169.646414 82.398449
56930 169.662878 85.369677
56940 169.680558 84.122616
56950 169.696659 85.439102
56960 169.715554 85.852773
56970 169.737635 85.653668
56980 169.759824 84.608202
56990 169.781926 85.204395
57000 169.803480 84.564862
57010 169.824378 84.241710
57020 169.844965 84.737206
57030 169.866487 84.285013
57040 169.888550 84.527455
57050 169.910238 84.487311
57060 169.933999 85.422360
57070 169.959485 82.194527
57080 169.980836 85.958366
57090 170.002423 84.796487
57100 170.024076 85.334861
57110 170.044749 84.845923
57120 170.062852 87.442311
57130 170.080971 85.017804
57140 170.098399 86.029557
57150 170.114725 86.188590
57160 170.128498 85.008004
57170 170.140095 84.673868
57180 170.150145 86.248523
57190 170.161162 84.837008
57200 170.174264 86.225180
57210 170.189066 84.895337
57220 170.205264 85.168376
57230 170.223641 86.537388
57240 170.241487 85.355587
57250 170.262096 84.093579
57260 170.278340 85.817411
57270 170.294397 84.765728
57280 170.311415 88.076885
57290 170.327557 85.916841
57300 170.346765 84.059508
57310 170.364981 84.208697
57320 170.383286 84.179035
57330 170.401325 85.159229
57340 170.420033 84.165535
57350 170.438477 85.592669
57360 170.459607 86.121247
57370 170.480933 84.711125
57380 170.502744 85.190645
57390 170.524828 87.803508
57400 170.547629 85.689335
57410 170.569713 86.541359
57420 170.592654 86.058538
57430 170.617047 86.235182
57440 170.640835 85.241853
57450 170.664296 87.061450
57460 170.690001 84.649414
57470 170.714334 85.187357
57480 170.739938 84.968026
57490 170.764808 85.348580
57500 170.792088 86.462954
57510 170.819482 84.679395
57520 170.846083 85.098334
57530 170.872751 85.823882
57540 170.900344 86.098062
57550 170.925736 86.067381
57560 170.951507 84.230786
57570 170.976572 87.009084
57580 171.000258 86.420405
57590 171.023854 85.845347
57600 171.046774 85.099463
57610 171.068482 85.731163
57620 171.092073 86.308527
57630 171.114889 84.150459
57640 171.136570 85.067267
57650 171.158487 85.398511
57660 171.181142 85.947858
57670 171.204169 85.159364
57680 171.227523 84.719394
57690 171.249475 86.095114
57700 171.270898 86.613563
57710 171.291464 85.584433
57720 171.310744 85.898666
57730 171.329667 84.899640
57740 171.349023 85.300392
57750 171.368772 86.536153
57760 171.389652 85.245352
57770 171.410010 85.755066
57780 171.428651 85.643034
57790 171.446788 86.808125
57800 171.465194 85.131550
57810 171.484510 85.567320
57820 171.503767 86.134507
57830 171.523299 84.743291
57840 171.544406 84.472223
57850 171.562382 86.913502
57860 171.581237 84.947934
57870 171.600088 85.143754
57880 171.621268 85.120328
57890 171.641230 86.917606
57900 171.659621 86.130294
57910 171.678924 85.696853
57920 171.698416 86.628822
57930 171.716927 85.993853
57940 171.735214 85.517815
57950 171.753600 86.261627
57960 171.771953 85.686960
57970 171.791057 85.715398
57980 171.812113 86.554300
57990 171.832871 87.368017
58000 171.851357 87.374379
58010 171.871815 85.479215
58020 171.891435 85.126551
58030 171.910548 85.080425
58040 171.931271 87.878148
58050 171.949864 85.619636
58060 171.969221 86.820994
58070 171.988114 85.737688
58080 172.006078 84.743110
58090 172.022669 85.351310
58100 172.041515 87.154806
58110 172.058086 86.498268
58120 172.076057 86.631006
58130 172.091877 86.226601
58140 172.108502 88.722005
58150 172.123536 85.818040
58160 172.140814 86.967938
58170 172.159051 86.486589
58180 172.179040 85.683369
58190 172.197911 86.683260
58200 172.218033 85.013613
58210 172.235587 85.159091
58220 172.253793 85.345061
58230 172.270316 86.572425
58240 172.286483 85.800222
58250 172.302814 86.349313
58260 172.320135 86.568485
58270 172.337960 86.367566
58280 172.356338 85.560028
58290 172.373896 85.293713
58300 172.391196 86.621119
58310 172.408556 85.825340
58320 172.425518 87.169886
58330 172.440218 86.666519
58340 172.457304 86.638871
58350 172.474081 89.169486
58360 172.491629 87.008143
58370 172.510632 86.526978
58380 172.529735 83.702238
58390 172.548886 86.800724
58400 172.567903 87.543595
58410 172.585495 85.961130
58420 172.602133 84.783576
58430 172.619314 87.287726
58440 172.636159 86.474257
58450 172.656172 85.616813
58460 172.675344 86.302267
58470 172.695441 85.871236
58480 172.713811 86.235737
58490 172.735473 85.590625
58500 172.753932 86.128870
58510 172.773759 87.811730
58520 172.793815 86.634825
58530 172.814270 86.133687
58540 172.833461 87.387805
58550 172.853348 86.057394
58560 172.871252 87.291900
58570 172.889676 86.799941
58580 172.908551 84.960370
58590 172.923712 86.930101
58600 172.938550 86.420324
58610 172.953181 87.023364
58620 172.966401 87.174339
58630 172.978952 85.339060
58640 172.991161 86.370348
58650 173.003182 87.434363
58660 173.015281 86.753199
58670 173.028595 87.220059
58680 173.041920 87.106918
58690 173.055945 85.631165
58700 173.070077 86.970299
58710 173.085546 85.674726
58720 173.100315 87.901795
58730 173.114821 87.668612
58740 173.128348 86.858799
58750 173.143576 86.420561
58760 173.160719 85.625977
58770 173.176385 86.570226
58780 173.193755 85.830319
58790 173.208509 85.952837
58800 173.224129 85.247509
58810 173.239599 87.460885
58820 173.255743 86.352326
58830 173.270947 87.312209
58840 173.286624 87.467204
58850 173.302368 87.685152
58860 173.316693 86.953399
58870 173.332661 86.385808
58880 173.350471 86.394728
58890 173.368818 86.489500
58900 173.388648 86.208048
58910 173.409766 87.706957
58920 173.428691 88.398841
58930 173.449540 87.454089
58940 173.472919 86.657441
58950 173.496132 87.471310
58960 173.519236 87.387596
58970 173.542938 87.836428
58980 173.566009 86.622122
58990 173.590042 88.348468
59000 173.614840 87.535736
59010 173.639869 88.597540
59020 173.664339 88.014271
59030 173.689910 87.500483
59040 173.715551 86.240996
59050 173.740408 87.558716
59060 173.765589 86.125145
59070 173.790696 87.417775
59080 173.816987 85.283254
59090 173.842337 87.561144
59100 173.867663 87.104165
59110 173.897917 88.718639
59120 173.921567 86.598454
59130 173.949413 87.292235
59140 173.976866 87.520533
59150 174.006272 86.542642
59160 174.034384 85.308102
59170 174.061416 87.621084
59180 174.092795 86.237276
59190 174.122001 87.280912
59200 174.154401 88.024365
59210 174.182736 86.673214
59220 174.212839 87.971470
59230 174.240406 86.217801
59240 174.268844 87.506992
59250 174.296607 85.767751
59260 174.328816 89.272272
59270 174.353490 87.295586
59280 174.383002 85.934020
59290 174.410513 88.432422
59300 174.439412 87.003871
59310 174.467673 88.583991
59320 174.496744 86.458479
59330 174.526261 86.776119
59340 174.553278 86.940285
59350 174.582377 86.153010
59360 174.608242 87.793850
59370 174.636567 87.777477
59380 174.663763 87.473896
59390 174.691344 87.132713
59400 174.719676 86.495181
59410 174.747568 88.407522
59420 174.776159 87.343349
59430 174.805366 86.714754
59440 174.833134 86.822486
59450 174.861039 86.317146
59460 174.889609 86.587571
59470 174.916567 87.330729
59480 174.945804 87.286396
59490 174.976253 87.468839
59500 175.006452 87.450651
59510 175.036513 89.187357
59520 175.064675 87.093785
59530 175.091823 87.268498
59540 175.118436 88.790429
59550 175.146038 88.422983
59560 175.173304 88.348352
59570 175.201328 87.444791
59580 175.234717 90.002207
59590 175.260635 87.054136
59600 175.291429 87.143496
59610 175.323082 87.372331
59620 175.356434 87.126604
59630 175.390435 86.766714
59640 175.423368 88.461151
59650 175.455364 87.332507
59660 175.488773 88.458140
59670 175.520382 87.596311
59680 175.554870 85.721220
59690 175.586071 88.395765
59700 175.618765 88.428276
59710 175.648512 87.658746
59720 175.680089 88.236261
59730 175.710892 88.119346
59740 175.742267 87.160552
59750 175.772910 88.141964
59760 175.805456 87.763201
59770 175.839248 88.554498
59780 175.871507 87.905897
59790 175.905223 88.803718
59800 175.936736 87.537427
59810 175.967675 88.163348
59820 175.999627 88.344993
59830 176.030306 89.431726
59840 176.060833 89.553254
59850 176.090596 88.932105
59860 176.118324 87.682372
59870 176.149823 88.870354
59880 176.177515 88.025528
59890 176.207413 88.666496
59900 176.238187 87.262198
59910 176.266250 88.603343
59920 176.297121 87.789239
59930 176.327134 87.757463
59940 176.356225 86.630143
59950 176.383469 87.049761
59960 176.408808 88.307024
59970 176.435800 87.901790
59980 176.460916 88.801962
59990 176.486068 89.448046
60000 176.514082 89.542721
60010 176.537251 87.881064
60020 176.560926 88.150386
60030 176.584760 88.463418
60040 176.608053 88.068474
60050 176.631106 91.199590
60060 176.653370 88.922216
60070 176.678477 87.994727
60080 176.703041 89.900686
60090 176.728940 88.164931
60100 176.753594 88.389722
60110 176.781283 86.751017
60120 176.803236 85.977632
60130 176.823741 87.672820
60140 176.845353 88.165472
60150 176.867248 88.409295
60160 176.889967 88.430448
60170 176.911728 87.678352
60180 176.933693 89.701786
60190 176.953293 89.157330
60200 176.973165 89.091878
60210 176.991732 89.286686
60220 177.010080 88.767276
60230 177.028442 88.093896
60240 177.046137 88.395910
60250 177.063370 87.209777
60260 177.080466 88.061694
60270 177.097248 87.952216
60280 177.112611 87.134932
60290 177.127763 88.915755
60300 177.144339 88.479189
60310 177.161359 89.618524
60320 177.179683 89.335093
60330 177.198975 89.228519
60340 177.217142 89.073675
60350 177.235237 89.822495
60360 177.253420 89.123332
60370 177.272887 87.814713
60380 177.290519 89.977845
60390 177.307221 88.386586
60400 177.323697 89.160767
60410 177.339900 88.567674
60420 177.355594 87.560657
60430 177.370258 88.949609
60440 177.383708 87.907280
60450 177.397291 88.683420
60460 177.412580 87.965686
60470 177.427960 88.569992
60480 177.441686 89.111302
60490 177.455735 88.474604
60500 177.469161 89.111933
60510 177.482384 87.521731
60520 177.496740 87.713361
60530 177.508549 88.261505
60540 177.519915 89.433028
60550 177.532615 87.508698
60560 177.543480 88.357320
60570 177.554476 88.532247
60580 177.564528 88.745678
60590 177.573766 88.988285
60600 177.584278 90.368498
60610 177.593667 89.148483
60620 177.603237 89.226447
60630 177.611137 90.534791
60640 177.619532 89.400596
60650 177.629518 87.868763
60660 177.639794 89.178526
60670 177.648964 88.786811
60680 177.659248 89.201858
60690 177.670639 87.303690
60700 177.680563 90.066348
60710 177.693074 87.411461
60720 177.703528 88.341995
60730 177.713939 89.256631
60740 177.724365 88.110774
60750 177.734217 89.810525
60760 177.743525 88.596870
60770 177.753338 89.711188
60780 177.763232 88.329796
60790 177.773209 89.880336
60800 177.783690 87.675002
60810 177.791280 88.357579
60820 177.800175 87.174075
60830 177.810860 87.614830
60840 177.822153 90.334556
60850 177.833027 89.673170
60860 177.845364 87.759730
60870 177.855867 91.016811
60880 177.868138 89.388970
60890 177.882401 88.608268
60900 177.895752 88.530598
60910 177.908933 88.306280
60920 177.920347 89.573320
60930 177.933525 87.790167
60940 177.945670 88.236332
60950 177.960008 88.892759
60960 177.974302 88.792682
60970 177.987580 88.250886
60980 177.998843 88.827189
60990 178.009210 88.154788
61000 178.020287 88.884234
61010 178.031653 90.158770
61020 178.042115 88.542499
61030 178.052610 91.165791
61040 178.064279 89.670001
61050 178.075522 88.328134
61060 178.087545 89.923231
61070 178.099809 88.238658
61080 178.112445 89.321545
61090 178.125223 87.221510
61100 178.136336 88.925445
61110 178.146204 89.797158
61120 178.155393 88.751910
61130 178.163743 89.460026
61140 178.171119 89.153565
61150 178.178282 89.369501
61160 178.185033 88.957578
61170 178.192161 90.415316
61180 178.199377 88.829879
61190 178.206307 88.902201
61200 178.212242 88.310277
61210 178.217669 89.715447
61220 178.224765 90.319060
61230 178.232351 87.888420
61240 178.239694 89.677952
61250 178.246236 88.282740
61260 178.251191 88.698939
61270 178.256505 89.591929
61280 178.261813 88.819194
61290 178.266910 90.429014
61300 178.272945 90.008324
61310 178.278899 88.242580
61320 178.284434 91.504128
61330 178.290294 90.605042
61340 178.298073 89.593015
61350 178.306637 89.873710
61360 178.316159 89.645684
61370 178.326397 90.137805
61380 178.337366 88.995782
61390 178.348276 88.461446
61400 178.358449 90.952232
61410 178.370735 89.752392
61420 178.383090 89.730786
61430 178.394917 89.071545
61440 178.406286 90.360308
61450 178.417989 90.947696
61460 178.430425 89.473157
61470 178.442499 89.759162
61480 178.453379 90.322982
61490 178.464940 88.804965
61500 178.475918 88.988080
61510 178.487217 88.073920
61520 178.499064 88.878828
61530 178.511467 89.614443
61540 178.524470 89.120169
61550 178.538660 88.591977
61560 178.553434 91.376653
61570 178.566015 90.109855
61580 178.580555 89.969108
61590 178.594595 89.656948
61600 178.608881 88.791824
61610 178.622472 88.310691
61620 178.636846 88.769776
61630 178.650004 89.751442
61640 178.661717 89.539814
61650 178.673779 90.150251
61660 178.686025 89.197627
61670 178.700137 88.734904
61680 178.714892 86.953160
61690 178.729669 89.924364
61700 178.744555 89.116359
61710 178.758111 90.915896
61720 178.773222 89.655078
61730 178.787998 90.177835
61740 178.801919 88.393064
61750 178.815905 90.431785
61760 178.830188 90.417523
61770 178.844939 89.895512
61780 178.859763 89.973884
61790 178.874664 90.274009
61800 178.889362 90.122605
61810 178.905287 88.841519
61820 178.920120 91.405101
61830 178.935435 89.308731
61840 178.950163 89.175850
61850 178.963699 89.999303
61860 178.975562 92.233117
61870 178.985197 89.484237
61880 178.996092 89.068233
61890 179.007490 89.806542
61900 179.020247 90.569918
61910 179.033228 89.053658
61920 179.047534 88.705952
61930 179.062045 90.316004
61940 179.076566 89.836116
61950 179.092246 90.205403
61960 179.107624 89.033364
61970 179.123772 88.527017
61980 179.138630 90.076617
61990 179.155765 91.279868
62000 179.169693 89.193900
62010 179.184891 90.061142
62020 179.198624 90.015393
62030 179.213364 89.116924
62040 179.228647 88.053725
62050 179.243144 90.634630
62060 179.257732 87.983717
62070 179.272050 91.353276
62080 179.284214 90.219532
62090 179.298002 90.796402
62100 179.311268 89.279135
62110 179.325214 89.034732
62120 179.339190 89.584502
62130 179.353238 90.724060
62140 179.366884 88.720839
62150 179.381033 89.204568
62160 179.394951 89.157877
62170 179.409913 89.120228
62180 179.425353 90.501255
62190 179.440248 90.291719
62200 179.456687 89.563828
62210 179.473122 90.332022
62220 179.488215 88.488133
62230 179.503450 90.134395
62240 179.521015 89.376719
62250 179.537510 90.440931
62260 179.554339 91.061187
62270 179.570943 90.782036
62280 179.590065 90.851007
62290 179.606974 90.647367
62300 179.626424 91.581809
62310 179.644216 90.286773
62320 179.662325 91.416794
62330 179.681115 90.446573
62340 179.699696 89.648006
62350 179.719328 88.923628
62360 179.737499 89.805302
62370 179.757009 89.489320
62380 179.776361 88.780832
62390 179.793488 89.542585
62400 179.811225 89.750700
62410 179.827653 89.713218
62420 179.843444 89.715627
62430 179.858119 90.672291
62440 179.871405 89.647838
62450 179.883597 89.783996
62460 179.895658 91.541913
62470 179.908039 89.834938
62480 179.920382 90.546133
62490 179.934221 90.776811
62500 179.947821 88.795965
62510 179.961482 89.909366
62520 179.976285 89.394064
62530 179.989480 89.884071
62540 180.003578 90.809864
62550 180.017963 90.019640
62560 180.032997 89.684384
62570 180.047254 90.429495
62580 180.061275 89.982712
62590 180.074727 90.240961
62600 180.089286 89.795641
62610 180.105315 91.326264
62620 180.120007 90.399899
62630 180.134319 90.375063
62640 180.149090 90.648146
62650 180.164663 91.078627
62660 180.181433 89.829184
62670 180.198107 90.858909
62680 180.215133 89.659737
62690 180.229343 90.863785
62700 180.242967 90.093369
62710 180.256892 90.120829
62720 180.270879 91.179828
62730 180.285524 90.123943
62740 180.299618 90.801018
62750 180.313798 91.817354
62760 180.327657 92.971117
62770 180.342759 91.133294
62780 180.357436 89.315906
62790 180.372318 89.333884
62800 180.386952 89.668254
62810 180.402171 91.662979
62820 180.417810 89.329273
62830 180.433459 91.601414
62840 180.449496 88.420991
62850 180.463540 89.717763
62860 180.478212 89.890597
62870 180.493739 92.422399
62880 180.508256 90.031137
62890 180.524030 90.835748
62900 180.539713 90.184659
62910 180.556391 90.822246
62920 180.573393 90.050666
62930 180.590228 91.008146
62940 180.606751 90.985352
62950 180.624086 89.654689
62960 180.640791 89.815182
62970 180.657190 91.013938
62980 180.674046 89.094255
62990 180.691977 91.806667
63000 180.709752 88.617158
63010 180.725998 89.982667
63020 180.740635 89.400173
63030 180.755161 89.159038
63040 180.769084 92.452944
63050 180.782311 89.534574
63060 180.794160 90.967270
63070 180.806700 90.654287
63080 180.820279 89.860705
63090 180.833900 89.428909
63100 180.845656 89.863196
63110 180.855686 90.317648
63120 180.865128 91.874857
63130 180.873350 90.785224
63140 180.882713 89.525190
63150 180.893027 90.170451
63160 180.903815 90.895108
63170 180.915454 91.244527
63180 180.927490 89.984980
63190 180.938835 91.033681
63200 180.950577 90.287873
63210 180.963541 88.909189
63220 180.973977 91.994597
63230 180.986302 90.357921
63240 180.998244 90.741197
63250 181.010749 90.865927
63260 181.022641 91.672423
63270 181.033996 90.022121
63280 181.044880 92.088144
63290 181.055064 89.673590
63300 181.062647 89.594422
63310 181.071391 89.743101
63320 181.081504 91.595361
63330 181.091576 90.493278
63340 181.102803 91.469357
63350 181.114703 90.083225
63360 181.125333 90.375635
63370 181.136198 90.363487
63380 181.148653 90.398430
63390 181.160883 89.710478
63400 181.173279 91.828989
63410 181.183611 91.200174
63420 181.195523 91.798273
63430 181.207612 89.347568
63440 181.219655 90.295992
63450 181.232593 89.987464
63460 181.243878 90.400722
63470 181.254011 90.072864
63480 181.265996 90.906296
63490 181.278177 91.917531
63500 181.289873 91.325868
63510 181.300677 91.507580
63520 181.310682 90.314901
63530 181.321160 90.415768
63540 181.331809 90.619618
63550 181.344113 87.993254
63560 181.355706 90.279386
63570 181.367252 90.270709
63580 181.378610 90.341807
63590 181.388795 89.582040
63600 181.398613 91.344661
63610 181.407534 90.680531
63620 181.417619 92.340387
63630 181.429805 90.219075
63640 181.441416 91.517100
63650 181.453041 90.999874
63660 181.464137 91.514701
63670 181.475235 90.610935
63680 181.486586 91.059598
63690 181.496955 90.860958
63700 181.507203 90.362771
63710 181.516980 91.241188
63720 181.527184 90.059097
63730 181.537259 89.731271
63740 181.546845 90.226062
63750 181.553783 89.033831
63760 181.560789 91.216847
63770 181.568646 90.441762
63780 181.574442 91.052601
63790 181.579970 90.679869
63800 181.586005 89.497506
63810 181.591071 91.493295
63820 181.595726 89.734411
63830 181.598983 90.996219
63840 181.602416 90.235488
63850 181.606592 92.000510
63860 181.611596 92.693925
63870 181.617368 91.722624
63880 181.623861 91.726330
63890 181.631241 88.227554
63900 181.638941 91.153499
63910 181.648299 89.960840
63920 181.657237 89.796936
63930 181.665248 91.874203
63940 181.674049 90.502142
63950 181.683866 91.778893
63960 181.692396 90.812063
63970 181.701732 92.495639
63980 181.711181 90.473294
63990 181.720698 90.724019
64000 181.730966 90.204297
64010 181.741308 91.200876
64020 181.751707 89.890828
64030 181.762121 90.105918
64040 181.770829 90.293556
64050 181.779395 91.544179
64060 181.789808 92.554506
64070 181.800023 90.295996
64080 181.810826 90.715974
64090 181.821618 90.662985
64100 181.833008 91.130590
64110 181.845140 91.777884
64120 181.855853 92.149528
64130 181.866755 90.543501
64140 181.877608 90.838377
64150 181.889256 91.269209
64160 181.900345 92.156695
64170 181.913043 90.582993
64180 181.924276 91.191072
64190 181.936050 89.874707
64200 181.946618 90.569831
64210 181.959098 92.047915
64220 181.970906 91.303611
64230 181.984242 92.093040
64240 181.997326 92.188769
64250 182.011057 90.964037
64260 182.024104 91.208626
64270 182.037552 89.625941
64280 182.050855 90.382628
64290 182.065802 91.594590
64300 182.079716 91.363641
64310 182.093154 91.187739
64320 182.106787 89.950166
64330 182.119021 91.456486
64340 182.132191 89.693060
64350 182.144495 91.622245
64360 182.158447 92.035504
64370 182.172619 90.834688
64380 182.186726 91.682293
64390 182.199733 90.813360
64400 182.212813 90.903379
64410 182.225716 90.977576
64420 182.238447 92.380730
64430 182.252314 90.321280
64440 182.264385 90.380345
64450 182.276775 90.387276
64460 182.288172 90.848191
64470 182.299875 90.624822
64480 182.311897 93.511550
64490 182.324763 90.614483
64500 182.337955 90.324028
64510 182.351111 91.507735
64520 182.362645 91.252509
64530 182.373755 91.694628
64540 182.384352 91.060095
64550 182.395028 92.623910
64560 182.405412 91.617545
64570 182.415694 90.745466
64580 182.425215 91.592038
64590 182.434265 92.366380
64600 182.443778 90.262234
64610 182.452799 92.248071
64620 182.462688 88.872368
64630 182.470624 91.254346
64640 182.477956 91.150073
64650 182.487004 90.882654
64660 182.496463 90.882205
64670 182.504678 91.753067
64680 182.512965 91.392548
64690 182.520851 91.096091
64700 182.528587 90.874174
64710 182.535281 90.925408
64720 182.540839 91.867542
64730 182.547130 91.717782
64740 182.554485 92.385533
64750 182.560312 90.890554
64760 182.564578 90.500474
64770 182.567955 90.830748
64780 182.571175 92.047334
64790 182.575824 91.869051
64800 182.581159 90.605915
64810 182.585568 90.652845
64820 182.592055 90.460746
64830 182.599329 91.882044
64840 182.605675 92.207194
64850 182.610648 91.775018
64860 182.617111 92.137613
64870 182.625329 89.148938
64880 182.632565 92.354020
64890 182.640129 91.151698
64900 182.646416 91.937757
64910 182.652755 92.642740
64920 182.659390 92.180621
64930 182.666360 91.628738
64940 182.674651 91.163569
64950 182.682824 91.835292
64960 182.690571 91.793157
64970 182.699125 90.963675
64980 182.706285 91.512436
64990 182.714245 91.284406
65000 182.722263 90.925145
65010 182.731955 92.441610
65020 182.742243 92.503512
65030 182.754467 90.968732
65040 182.765558 96.182550
65050 182.776393 92.106984
65060 182.786875 90.835187
65070 182.796793 92.348798
65080 182.807461 91.143501
65090 182.817413 91.920039
65100 182.826351 91.845702
65110 182.834164 91.693339
65120 182.843629 92.287129
65130 182.852616 91.411721
65140 182.863163 91.430373
65150 182.871936 91.148226
65160 182.879849 91.731278
65170 182.887916 91.443789
65180 182.896085 91.991650
65190 182.904677 91.839731
65200 182.912744 90.489801
65210 182.919207 90.875493
65220 182.925932 92.442766
65230 182.933543 90.088074
65240 182.942179 91.920042
65250 182.951000 90.760828
65260 182.958839 91.267114
65270 182.967152 92.124450
65280 182.975414 91.711064
65290 182.984844 91.935893
65300 182.994274 91.230224
65310 183.004167 91.349930
65320 183.015597 91.901446
65330 183.028181 91.804866
65340 183.042534 90.577724
65350 183.056299 92.253222
65360 183.070983 91.091173
65370 183.086852 91.983237
65380 183.101394 91.839892
65390 183.115881 90.184338
65400 183.129630 91.859334
65410 183.142710 91.277462
65420 183.155190 90.142617
65430 183.167057 92.389459
65440 183.180792 91.432620
65450 183.196180 92.559794
65460 183.210761 90.308827
65470 183.224754 92.765326
65480 183.238106 91.827958
65490 183.251838 91.490627
65500 183.266017 92.739520
65510 183.282306 93.576702
65520 183.297734 91.358869
65530 183.313050 92.350517
65540 183.327638 91.997532
65550 183.342429 90.625675
65560 183.355361 92.038690
65570 183.368606 91.048538
65580 183.382110 91.073846
65590 183.395604 91.135462
65600 183.408177 92.262314
65610 183.419808 91.105569
65620 183.431436 90.664929
65630 183.441752 92.795054
65640 183.452319 92.676788
65650 183.463844 93.427736
65660 183.476719 90.559695
65670 183.487517 92.570114
65680 183.499970 91.242851
65690 183.511882 91.257615
65700 183.524291 90.695879
65710 183.533965 92.238115
65720 183.544522 91.293800
65730 183.554330 92.045814
65740 183.563679 91.514925
65750 183.572669 91.532610
65760 183.582159 92.378661
65770 183.591250 91.849537
65780 183.601215 88.012371
65790 183.610054 91.685444
65800 183.617673 91.344445
65810 183.624115 90.523075
65820 183.630242 90.428024
65830 183.635288 90.847910
65840 183.639071 91.325030
65850 183.641397 92.594604
65860 183.643581 91.388178
65870 183.646285 93.043008
65880 183.649919 91.448175
65890 183.654796 93.344656
65900 183.660169 91.383899
65910 183.667123 91.792536
65920 183.675078 92.726848
65930 183.683926 91.113827
65940 183.692462 91.177177
65950 183.699788 92.349843
65960 183.706913 91.887155
65970 183.714270 91.166492
65980 183.721199 92.409489
65990 183.728036 91.587604
66000 183.734385 91.202478
66010 183.741870 92.601411
66020 183.750791 92.944219
66030 183.760782 92.631692
66040 183.772224 92.423562
66050 183.783540 91.778618
66060 183.794414 93.998859
66070 183.807803 90.909294
66080 183.820607 92.159942
66090 183.835527 92.207757
66100 183.850886 92.360438
66110 183.866892 92.391524
66120 183.883531 92.956666
66130 183.899275 91.715232
66140 183.916653 92.298103
66150 183.936294 92.505092
66160 183.954402 93.513011
66170 183.972737 92.287922
66180 183.990827 91.592455
66190 184.009101 91.151229
66200 184.026980 91.734595
66210 184.044755 91.890794
66220 184.063964 91.365826
66230 184.082486 91.777437
66240 184.102682 92.274078
66250 184.121850 92.356057
66260 184.140995 92.825667
66270 184.157733 92.486091
66280 184.176447 90.088296
66290 184.194209 90.852551
66300 184.212416 92.688120
66310 184.231915 88.086963
66320 184.248231 93.200834
66330 184.267613 91.572064
66340 184.287139 92.837858
66350 184.305401 92.842835
66360 184.324224 92.675231
66370 184.342276 92.100950
66380 184.360588 93.674112
66390 184.378340 91.610390
66400 184.395954 91.870997
66410 184.412908 92.573072
66420 184.429784 91.183518
66430 184.446642 92.989789
66440 184.463616 92.391084
66450 184.480088 92.015692
66460 184.496551 93.407406
66470 184.514004 93.898195
66480 184.532265 91.902111
66490 184.551513 91.366173
66500 184.570187 91.654041
66510 184.590305 91.558146
66520 184.610259 92.062966
66530 184.631564 93.167545
66540 184.653607 92.649858
66550 184.678048 93.536271
66560 184.697768 92.259544
66570 184.717296 91.125503
66580 184.735334 92.507092
66590 184.754284 93.657782
66600 184.773256 89.777385
66610 184.791354 90.758474
66620 184.810315 90.048912
66630 184.825475 92.566729
66640 184.842972 93.895864
66650 184.861344 92.067069
66660 184.881032 91.917965
66670 184.900206 92.397207
66680 184.920768 90.875797
66690 184.940757 92.446345
66700 184.961052 93.718795
66710 184.981242 91.703558
66720 185.001077 92.374973
66730 185.022515 92.162517
66740 185.045882 93.634372
66750 185.066287 92.753669
66760 185.088164 93.637777
66770 185.108710 92.819677
66780 185.130439 91.349292
66790 185.152271 92.571807
66800 185.173812 93.121545
66810 185.195661 90.512180
66820 185.215577 93.431206
66830 185.236053 93.454440
66840 185.257334 91.918765
66850 185.279973 94.708849
66860 185.303957 94.739561
66870 185.330892 93.293203
66880 185.356349 93.370756
66890 185.382069 93.289489
66900 185.407779 95.323259
66910 185.434368 92.242123
66920 185.460842 90.362183
66930 185.486885 91.430881
66940 185.513610 91.506830
66950 185.540937 92.138992
66960 185.567348 92.743022
66970 185.594764 93.168702
66980 185.622939 93.601689
66990 185.652728 94.169786
67000 185.680403 93.074415
67010 185.709541 94.848102
67020 185.740551 92.159095
67030 185.767020 92.535564
67040 185.795763 92.055907
67050 185.820248 93.719345
67060 185.848234 93.813468
67070 185.874348 94.717982
67080 185.902363 92.665178
67090 185.935111 91.123827
67100 185.961400 92.934416
67110 185.991786 92.889246
67120 186.022008 92.257247
67130 186.050720 94.923249
67140 186.081014 92.666511
67150 186.112938 92.430619
67160 186.144430 92.743480
67170 186.175285 93.479738
67180 186.209322 91.098129
67190 186.238662 92.078054
67200 186.266709 93.453465
67210 186.297828 95.056929
67220 186.324153 92.811548
67230 186.353969 92.208034
67240 186.382706 91.796677
67250 186.411566 93.713198
67260 186.440961 91.750928
67270 186.469731 93.540849
67280 186.500501 94.486386
67290 186.531868 92.710403
67300 186.562102 94.200030
67310 186.591402 93.568186
67320 186.621886 92.769369
67330 186.652528 93.784494
67340 186.685784 94.214040
67350 186.715324 93.917369
67360 186.744518 92.382926
67370 186.775609 92.115113
67380 186.803780 89.310921
67390 186.832566 93.488560
67400 186.861009 93.885457
67410 186.890014 95.308078
67420 186.919077 92.834066
67430 186.947928 93.784419
67440 186.976678 93.250551
67450 187.005742 93.483879
67460 187.035779 91.779806
67470 187.064331 93.341011
67480 187.093336 92.618507
67490 187.120797 94.168374
67500 187.150686 91.596077
67510 187.177391 93.182465
67520 187.209518 92.720137
67530 187.238131 93.497805
67540 187.271472 92.611007
67550 187.302340 91.526774
67560 187.333565 95.452665
67570 187.363705 93.799445
67580 187.394918 93.056374
67590 187.425210 93.904033
67600 187.458522 94.915363
67610 187.490749 93.303052
67620 187.523392 94.025893
67630 187.556876 94.180613
67640 187.589296 93.394949
67650 187.622374 94.895378
67660 187.653570 94.748216
67670 187.686053 94.455048
67680 187.717603 94.852745
67690 187.749990 94.735912
67700 187.780492 93.807131
67710 187.811891 93.865669
67720 187.842018 93.194740
67730 187.872453 94.534416
67740 187.903166 94.206488
67750 187.936199 93.195830
67760 187.967264 93.737291
67770 187.999606 94.236096
67780 188.031434 93.855694
67790 188.062503 94.877545
67800 188.093833 93.822239
67810 188.124421 93.679847
67820 188.156358 94.626803
67830 188.187149 95.631131
67840 188.214876 94.409492
67850 188.245006 93.780464
67860 188.275032 94.569684
67870 188.304393 95.315118
67880 188.336414 93.276499
67890 188.365651 95.904795
67900 188.395391 95.824508
67910 188.428064 95.107886
67920 188.458387 94.828995
67930 188.492033 93.537921
67940 188.524926 95.518600
67950 188.557393 94.181214
67960 188.592603 93.128766
67970 188.627600 94.150455
67980 188.663845 93.159053
67990 188.698669 92.544563
68000 188.732812 94.896953
68010 188.767196 93.859410
68020 188.801078 94.978103
68030 188.836471 93.471854
68040 188.867308 93.748339
68050 188.899685 93.764036
68060 188.931469 94.662446
68070 188.963389 94.674493
68080 188.996771 95.325409
68090 189.026241 91.621549
68100 189.055691 95.487410
68110 189.085729 94.062352
68120 189.113678 95.333614
68130 189.143981 93.137544
68140 189.173434 93.917116
68150 189.202190 94.793463
68160 189.231998 95.883299
68170 189.263523 95.596533
68180 189.292359 94.591692
68190 189.324012 95.129334
68200 189.354117 95.245938
68210 189.384262 94.563232
68220 189.414581 95.020908
68230 189.444481 93.435201
68240 189.473651 95.226638
68250 189.501290 95.463765
68260 189.529280 93.500719
68270 189.559341 95.274922
68280 189.587443 95.265570
68290 189.617337 95.567796
68300 189.645624 95.588349
68310 189.675597 95.174985
68320 189.703409 95.983540
68330 189.731512 95.224029
68340 189.760598 96.075213
68350 189.790893 94.571048
68360 189.820698 94.353986
68370 189.853076 96.123514
68380 189.883500 95.768659
68390 189.915802 96.718805
68400 189.947567 93.698318
68410 189.978933 96.147005
68420 190.006457 95.533070
68430 190.037453 93.249979
68440 190.063653 95.528583
68450 190.092313 93.828037
68460 190.119984 95.540039
68470 190.148187 95.023131
68480 190.177916 96.101456
68490 190.203592 94.979732
68500 190.231252 94.802718
68510 190.257055 95.453601
68520 190.283313 95.730121
68530 190.309796 95.818852
68540 190.335382 94.379883
68550 190.360129 94.354556
68560 190.384845 94.688222
68570 190.409560 95.752359
68580 190.433706 95.766277
68590 190.459897 94.882831
68600 190.484817 95.570856
68610 190.508151 96.367505
68620 190.532065 95.441172
68630 190.556135 94.590779
68640 190.578240 94.323594
68650 190.601634 96.283040
68660 190.626545 96.038116
68670 190.650595 94.321941
68680 190.672673 95.308130
68690 190.695145 95.931546
68700 190.718606 95.615605
68710 190.741858 95.220825
68720 190.765881 95.192181
68730 190.791085 94.651974
68740 190.816471 95.267188
68750 190.841985 95.156034
68760 190.867502 97.214416
68770 190.890357 94.436792
68780 190.913495 96.369913
68790 190.937034 94.114635
68800 190.959173 95.881605
68810 190.981470 95.088667
68820 191.002808 95.504881
68830 191.025198 95.193004
68840 191.046459 96.280264
68850 191.068473 98.212990
68860 191.091442 94.921397
68870 191.115671 96.485723
68880 191.140759 94.680479
68890 191.163914 95.216372
68900 191.188282 96.074957
68910 191.213390 96.270746
68920 191.238092 95.137550
68930 191.259582 96.296881
68940 191.280693 95.050932
68950 191.301327 95.305461
68960 191.322058 95.875467
68970 191.345340 95.043622
68980 191.367621 96.029121
68990 191.389861 95.275484
69000 191.410056 97.516937
69010 191.430777 95.185935
69020 191.451310 96.489912
69030 191.473548 95.040588
69040 191.495927 93.083572
69050 191.514068 95.716452
69060 191.532350 95.246868
69070 191.550198 95.607502
69080 191.567957 95.255622
69090 191.585359 96.422491
69100 191.601958 95.922388
69110 191.619465 96.464497
69120 191.635393 96.014680
69130 191.652436 95.243788
69140 191.669021 96.647749
69150 191.685908 96.252524
69160 191.703196 95.646733
69170 191.721978 97.047280
69180 191.741949 95.626457
69190 191.761020 96.179571
69200 191.779656 96.227823
69210 191.797896 95.882401
69220 191.817667 95.057719
69230 191.836939 96.755392
69240 191.854538 96.125838
69250 191.871951 94.902614
69260 191.889245 96.230474
69270 191.905693 96.625465
69280 191.921891 95.688008
69290 191.937454 96.417460
69300 191.954198 96.290752
69310 191.972625 95.594470
69320 191.991195 95.308160
69330 192.010178 96.389077
69340 192.029431 97.343261
69350 192.048830 96.501935
69360 192.070224 95.825526
69370 192.091953 96.788927
69380 192.115393 97.072905
69390 192.138704 95.653072
69400 192.162931 95.071606
69410 192.184780 94.742091
69420 192.207509 96.682149
69430 192.232069 95.709922
69440 192.255723 95.182731
69450 192.279595 95.721497
69460 192.302102 95.998235
69470 192.327477 96.540689
69480 192.352715 94.115584
69490 192.377941 95.281313
69500 192.402662 96.312376
69510 192.429097 95.581194
69520 192.456175 95.790806
69530 192.481483 96.400523
69540 192.508157 96.182451
69550 192.535102 95.846873
69560 192.561541 96.021976
69570 192.589649 98.480183
69580 192.618609 97.796718
69590 192.648721 98.063402
69600 192.680766 95.034147
69610 192.710345 95.794433
69620 192.740199 97.586467
69630 192.769797 95.259277
69640 192.799280 96.637175
69650 192.829804 96.072907
69660 192.861664 96.646380
69670 192.895776 97.380184
69680 192.927340 96.400679
69690 192.960445 95.961486
69700 192.993646 95.116569
69710 193.020247 96.123513
69720 193.051673 97.531640
69730 193.080880 96.084048
69740 193.112297 95.795213
69750 193.140674 96.443241
69760 193.173933 95.262219
69770 193.202452 96.302504
69780 193.233713 96.053325
69790 193.264630 97.264000
69800 193.295425 97.388426
69810 193.326821 96.258751
69820 193.358276 97.962092
69830 193.388187 96.077297
69840 193.418634 96.301280
69850 193.448284 94.744163
69860 193.476706 97.389367
69870 193.508586 95.378003
69880 193.536010 95.842793
69890 193.566822 97.309527
69900 193.596046 97.284353
69910 193.626596 97.289107
69920 193.657492 97.463902
69930 193.686561 96.579142
69940 193.715741 97.169490
69950 193.744262 96.713939
69960 193.772782 96.624059
69970 193.801724 95.806157
69980 193.830884 96.528836
69990 193.860652 97.672004
70000 193.890386 96.856049
70010 193.920834 97.231568
70020 193.951181 97.476591
70030 193.986537 98.613692
70040 194.014314 96.338359
70050 194.044797 95.979996
70060 194.076397 98.370553
70070 194.107143 98.044003
70080 194.137839 97.789171
70090 194.165925 97.503500
70100 194.196461 97.699597
70110 194.224456 96.375372
70120 194.253387 98.096469
70130 194.282971 96.821823
70140 194.313245 98.029936
70150 194.345847 96.117438
70160 194.374206 97.378833
70170 194.404506 97.551600
70180 194.436011 97.523651
70190 194.466826 97.714419
70200 194.498305 97.702601
70210 194.530260 96.387584
70220 194.559872 98.241687
70230 194.586817 96.702770
70240 194.615918 96.347918
70250 194.645266 97.091963
70260 194.673708 98.074325
70270 194.701520 98.397410
70280 194.725913 97.631135
70290 194.753031 96.700226
70300 194.777134 97.776350
70310 194.803927 98.007526
70320 194.830555 96.647510
70330 194.857698 97.924791
70340 194.885016 98.152269
70350 194.910881 96.844686
70360 194.936724 98.160616
70370 194.964999 96.889086
70380 194.992712 96.976380
70390 195.024144 96.283804
70400 195.051009 95.293503
70410 195.080104 97.875763
70420 195.109693 97.361180
70430 195.139509 98.475117
70440 195.171169 97.104653
70450 195.201902 97.712244
70460 195.234657 97.095622
70470 195.267754 98.198648
70480 195.299820 97.475094
70490 195.334538 97.805971
70500 195.369438 97.157300
70510 195.402928 99.112219
70520 195.440688 96.961466
70530 195.475825 99.040007
70540 195.517204 94.423741
70550 195.550940 97.081395
70560 195.586249 98.510488
70570 195.621595 98.274688
70580 195.656255 98.430664
70590 195.693714 97.311881
70600 195.728824 97.364762
70610 195.766098 99.112127
70620 195.805533 96.702467
70630 195.840809 97.195250
70640 195.877994 98.509051
70650 195.915707 99.047785
70660 195.951240 98.788440
70670 195.988441 95.374454
70680 196.026177 97.144730
70690 196.061321 99.050131
70700 196.097498 96.298350
70710 196.128501 96.824174
70720 196.159542 98.435560
70730 196.190913 97.884392
70740 196.222772 97.706262
70750 196.258115 96.425587
70760 196.283264 99.442635
70770 196.313084 97.495042
70780 196.343884 96.885910
70790 196.370424 97.817949
70800 196.397804 99.540195
70810 196.426706 98.765258
70820 196.454002 98.907905
70830 196.482592 97.843801
70840 196.513485 99.637241
70850 196.544227 97.153176
70860 196.574860 99.084009
70870 196.607625 99.606143
70880 196.643507 97.716224
70890 196.678570 100.435036
70900 196.713434 97.807190
70910 196.748642 97.803279
70920 196.783935 97.909631
70930 196.820267 98.556026
70940 196.859723 99.456376
70950 196.893279 98.650255
70960 196.930427 100.627308
70970 196.964146 99.209859
70980 196.997031 99.520868
70990 197.029794 98.079746
71000 197.063579 97.719980
71010 197.095567 98.912976
71020 197.129209 97.061819
71030 197.163503 97.628724
71040 197.197884 98.486191
71050 197.232798 98.692462
71060 197.270637 99.560517
71070 197.303486 100.791560
71080 197.340700 99.164694
71090 197.375968 98.245903
71100 197.413416 98.486377
71110 197.451017 99.815775
71120 197.493621 100.256755
71130 197.528430 99.597536
71140 197.568316 99.468290
71150 197.606528 97.800668
71160 197.644491 98.177006
71170 197.680993 97.865288
71180 197.717344 99.452488
71190 197.753697 99.271601
71200 197.789987 99.035560
71210 197.828671 99.275610
71220 197.866903 98.986554
71230 197.905794 99.658971
71240 197.946453 98.603042
71250 197.986842 99.352219
71260 198.025301 98.646241
71270 198.066027 99.922177
71280 198.103582 99.729851
71290 198.142741 98.184458
71300 198.182301 101.651580
71310 198.222111 98.372026
71320 198.263936 98.255396
71330 198.303021 98.419055
71340 198.343749 99.587115
71350 198.382876 98.705712
71360 198.425092 97.704657
71370 198.462004 99.767283
71380 198.501988 99.811998
71390 198.543888 99.528740
71400 198.584568 99.842554
71410 198.626575 100.465435
71420 198.671032 100.073619
71430 198.714155 98.850536
71440 198.754761 99.219111
71450 198.798910 102.649541
71460 198.839524 99.975221
71470 198.882227 99.032910
71480 198.924974 99.993889
71490 198.967510 100.050637
71500 199.006165 97.853846
71510 199.046087 99.365554
71520 199.087291 100.369499
71530 199.128083 100.353532
71540 199.167899 100.011127
71550 199.207622 99.135409
71560 199.248970 99.320456
71570 199.289295 98.528106
71580 199.328905 99.438365
71590 199.369687 100.959397
71600 199.410147 99.227793
71610 199.450137 98.781953
71620 199.490986 99.942768
71630 199.532086 99.445699
71640 199.572413 97.499849
71650 199.613927 98.398983
71660 199.652431 100.389079
71670 199.690732 98.715569
71680 199.728711 101.243374
71690 199.764900 99.587807
71700 199.804945 98.392189
71710 199.837808 100.060713
71720 199.874674 99.080235
71730 199.913831 98.841799
71740 199.949819 99.835935
71750 199.985804 100.341620
71760 200.023848 99.161716
71770 200.059948 99.921371
71780 200.098481 98.902743
71790 200.137467 101.004189
71800 200.174081 100.943686
71810 200.211790 99.720978
71820 200.251553 100.709763
71830 200.294067 101.011336
71840 200.333893 99.688286
71850 200.373171 100.441913
71860 200.415933 98.644198
71870 200.455709 101.511621
71880 200.496696 100.096412
71890 200.537672 99.991932
71900 200.579410 99.459653
71910 200.619414 100.706748
71920 200.658555 100.950124
71930 200.697298 99.769432
71940 200.735297 100.047156
71950 200.773712 100.392585
71960 200.813039 100.903633
71970 200.850347 101.252331
71980 200.888044 101.454647
71990 200.924721 100.277863
72000 200.960352 101.416653
72010 200.997180 100.849998
72020 201.033845 99.262940
72030 201.069588 100.822264
72040 201.106296 101.767966
72050 201.144705 99.452684
72060 201.183055 101.112781
72070 201.221022 102.339497
72080 201.262258 100.063840
72090 201.307136 99.609718
72100 201.347962 101.182438
72110 201.390715 101.058488
72120 201.431942 102.030400
72130 201.475680 100.854420
72140 201.521114 100.149971
72150 201.566565 101.333585
72160 201.612533 99.705977
72170 201.660393 100.018054
72180 201.704904 99.966185
72190 201.750811 101.917276
72200 201.795228 101.146137
72210 201.842359 102.167646
72220 201.887939 100.002623
72230 201.932251 100.786919
72240 201.977136 103.027092
72250 202.024790 100.804485
72260 202.074019 101.529058
72270 202.121044 100.818396
72280 202.167640 101.610621
72290 202.214268 101.352986
72300 202.260324 100.020784
72310 202.306826 101.410867
72320 202.353706 101.017379
72330 202.400959 101.770125
72340 202.449109 100.813543
72350 202.498769 99.440902
72360 202.547197 102.513276
72370 202.594348 100.753249
72380 202.642505 102.577537
72390 202.690200 102.111707
72400 202.737908 100.556517
72410 202.786018 100.807626
72420 202.831849 98.074513
72430 202.876059 102.173315
72440 202.921289 101.299713
72450 202.967569 100.840020
72460 203.012496 100.886948
72470 203.056378 99.314905
72480 203.096496 100.600292
72490 203.140532 102.541371
72500 203.179118 103.054780
72510 203.220310 102.469788
72520 203.260946 101.422299
72530 203.303019 97.989647
72540 203.345778 105.238186
72550 203.386474 99.638032
72560 203.428691 100.777953
72570 203.470677 102.340523
72580 203.514402 100.918661
72590 203.556263 101.670028
72600 203.599167 102.406074
72610 203.641688 102.682437
72620 203.683623 101.305384
72630 203.726235 101.160650
72640 203.768947 101.345201
72650 203.812286 102.870694
72660 203.857755 100.869225
72670 203.898019 100.609449
72680 203.938620 101.823232
72690 203.980173 100.909959
72700 204.020307 101.780325
72710 204.060507 102.466755
72720 204.101043 99.801992
72730 204.141690 101.430634
72740 204.182808 101.784433
72750 204.224826 101.181536
72760 204.265566 103.170424
72770 204.301863 101.445039
72780 204.340997 101.620243
72790 204.379425 100.541862
72800 204.416117 102.059167
72810 204.454031 101.547442
72820 204.490529 101.582663
72830 204.528253 101.480047
72840 204.565356 103.333809
72850 204.605062 102.605503
72860 204.644330 102.620406
72870 204.683190 102.576015
72880 204.721714 101.727290
72890 204.764624 103.547456
72900 204.800425 102.585221
72910 204.842750 103.265653
72920 204.883014 101.910050
72930 204.926514 102.071305
72940 204.969355 101.516028
72950 205.012708 102.031898
72960 205.057715 104.109932
72970 205.096683 101.966696
72980 205.137498 103.008275
72990 205.178228 103.102847
73000 205.216645 101.294003
73010 205.255371 101.324301
73020 205.295525 103.288337
73030 205.334414 102.401147
73040 205.373159 102.803747
73050 205.410699 103.132152
73060 205.451275 100.706512
73070 205.488467 103.692340
73080 205.522296 101.516615
73090 205.558532 103.148707
73100 205.596932 102.159316
73110 205.632001 102.724864
73120 205.668918 103.768342
73130 205.705296 100.696270
73140 205.740849 103.329224
73150 205.773395 101.184387
73160 205.806597 102.524388
73170 205.837688 101.768556
73180 205.873561 101.030530
73190 205.902002 104.852192
73200 205.933059 102.008721
73210 205.964851 102.893898
73220 205.996678 101.837728
73230 206.030243 102.395882
73240 206.062268 101.152065
73250 206.091762 103.544857
73260 206.123613 104.492434
73270 206.154004 102.712382
73280 206.184759 101.685493
73290 206.216372 102.168399
73300 206.246801 102.808523
73310 206.276530 103.411788
73320 206.306431 104.008420
73330 206.337055 102.851680
73340 206.368110 102.472098
73350 206.397835 102.293407
73360 206.429002 104.944576
73370 206.456821 101.645968
73380 206.486103 102.098341
73390 206.516444 103.593467
73400 206.548093 104.544461
73410 206.581422 101.577491
73420 206.611288 103.033207
73430 206.643571 104.526437
73440 206.676926 102.322421
73450 206.709797 103.148916
73460 206.744229 103.053652
73470 206.778876 103.119180
73480 206.816209 104.616156
73490 206.849057 104.232561
73500 206.883888 102.992981
73510 206.918590 103.009439
73520 206.953315 102.724245
73530 206.988506 103.987339
73540 207.023300 103.696595
73550 207.060066 104.149482
73560 207.099541 104.938647
73570 207.133328 103.225900
73580 207.173110 101.802419
73590 207.211545 102.947709
73600 207.250182 102.141528
73610 207.289778 103.215067
73620 207.328173 103.873543
73630 207.368542 104.499823
73640 207.408009 104.111095
73650 207.447138 103.476188
73660 207.487661 104.860178
73670 207.522643 100.903992
73680 207.559259 104.400420
73690 207.597680 104.270977
73700 207.635542 103.612580
73710 207.673406 104.575646
73720 207.712942 104.113331
73730 207.752712 102.284735
73740 207.792761 106.584535
73750 207.832659 103.821816
73760 207.873797 104.091079
73770 207.916049 104.159864
73780 207.958475 104.502615
73790 207.998400 104.438172
73800 208.039422 103.940701
73810 208.079791 105.172363
73820 208.120164 104.499587
73830 208.160516 104.817788
73840 208.202442 105.959868
73850 208.242646 104.727048
73860 208.282899 102.865063
73870 208.322036 103.393697
73880 208.360326 103.038918
73890 208.400391 102.947597
73900 208.440245 103.622306
73910 208.480019 103.732809
73920 208.521206 107.153059
73930 208.564230 104.973684
73940 208.603954 104.182283
73950 208.646552 103.016563
73960 208.686259 105.800832
73970 208.731044 103.390615
73980 208.769884 104.188335
73990 208.816077 105.508455
74000 208.856182 105.075310
74010 208.900011 103.918515
74020 208.940464 104.621554
74030 208.983599 106.407323
74040 209.024859 103.424558
74050 209.064881 105.509380
74060 209.105765 105.021302
74070 209.144798 103.709362
74080 209.186625 102.392338
74090 209.223472 105.078869
74100 209.265244 105.717027
74110 209.305642 104.037084
74120 209.347751 103.350727
74130 209.387304 105.118545
74140 209.429034 105.824211
74150 209.473165 103.479312
74160 209.508961 105.083742
74170 209.549906 105.667873
74180 209.585309 104.702747
74190 209.623333 107.129939
74200 209.666762 102.879707
74210 209.703436 105.522399
74220 209.742727 103.662591
74230 209.783554 105.327264
74240 209.823609 104.433775
74250 209.863432 104.775461
74260 209.905080 105.612623
74270 209.944564 104.005315
74280 209.984106 106.472561
74290 210.023227 105.078747
74300 210.062429 105.452010
74310 210.099759 106.285679
74320 210.138138 105.527638
74330 210.178007 104.604653
74340 210.217072 106.126651
74350 210.256447 107.477251
74360 210.295001 104.025095
74370 210.332800 104.902107
74380 210.371856 105.017818
74390 210.415191 106.185632
74400 210.453851 105.097755
74410 210.494758 105.625963
74420 210.536774 105.960468
74430 210.578923 104.541637
74440 210.618018 105.445675
74450 210.658067 104.669002
74460 210.697277 106.132650
74470 210.735047 105.705518
74480 210.773359 104.845106
74490 210.810490 106.399328
74500 210.848265 105.818343
74510 210.884695 104.774069
74520 210.921609 105.248884
74530 210.956957 105.389940
74540 210.993794 105.155674
74550 211.031125 106.435870
74560 211.065570 106.336608
74570 211.099952 105.106795
74580 211.133715 106.237085
74590 211.165633 106.878812
74600 211.195931 104.338912
74610 211.226280 105.640254
74620 211.257503 105.614038
74630 211.289482 104.473616
74640 211.322102 105.594948
74650 211.355060 106.264263
74660 211.390154 106.612239
74670 211.423843 107.075387
74680 211.457973 106.075435
74690 211.493359 105.557853
74700 211.528400 105.467948
74710 211.563698 106.164576
74720 211.599346 104.503019
74730 211.632663 105.274565
74740 211.667380 106.444117
74750 211.702902 105.494307
74760 211.740505 104.763117
74770 211.775725 105.525491
74780 211.811176 106.371462
74790 211.847986 105.716727
74800 211.883878 105.882854
74810 211.920597 105.709609
74820 211.956135 105.353245
74830 211.991848 105.569545
74840 212.029499 108.082598
74850 212.063375 106.378046
74860 212.100587 105.472289
74870 212.134435 105.698008
74880 212.167595 106.025384
74890 212.202757 105.486818
74900 212.238316 105.636779
74910 212.271621 105.358915
74920 212.306017 105.434318
74930 212.339965 106.601238
74940 212.374567 105.999183
74950 212.408900 107.231687
74960 212.442733 104.996617
74970 212.475187 106.375878
74980 212.509440 106.102540
74990 212.543558 105.752145
75000 212.579139 104.914978
75010 212.612741 104.986877
75020 212.642930 106.039544
75030 212.674669 105.410483
75040 212.707532 105.677453
75050 212.740282 108.521595
75060 212.772214 107.093143
75070 212.804074 107.206914
75080 212.836273 107.552823
75090 212.869387 106.982589
75100 212.900620 106.890525
75110 212.932162 106.325759
75120 212.964273 106.498741
75130 212.996924 106.393511
75140 213.030779 106.176778
75150 213.062460 106.195445
75160 213.094564 107.033417
75170 213.125589 105.881902
75180 213.158944 104.364365
75190 213.188921 106.005341
75200 213.221884 105.653938
75210 213.250910 105.510751
75220 213.281975 106.059942
75230 213.312733 105.820562
75240 213.343404 105.181929
75250 213.374296 106.029370
75260 213.404581 105.833478
75270 213.433920 105.847488
75280 213.463800 106.295170
75290 213.494596 106.260240
75300 213.526218 106.185023
75310 213.555931 106.768329
75320 213.586054 107.330918
75330 213.617292 107.483764
75340 213.645071 106.832787
75350 213.673508 105.481504
75360 213.701795 106.447326
75370 213.728150 106.902134
75380 213.755454 108.113662
75390 213.782792 107.666597
75400 213.811080 106.184430
75410 213.837183 106.322308
75420 213.863844 107.749138
75430 213.890628 107.164810
75440 213.918267 106.443470
75450 213.946108 107.625352
75460 213.974137 107.492880
75470 214.003724 108.137780
75480 214.031116 108.023552
75490 214.059912 107.388948
75500 214.089217 108.073936
75510 214.118933 105.347414
75520 214.147867 106.754150
75530 214.178367 106.407726
75540 214.205865 107.979699
75550 214.233916 107.471749
75560 214.262208 106.623149
75570 214.291272 107.049848
75580 214.321416 106.065728
75590 214.347116 106.589351
75600 214.373206 107.623533
75610 214.401962 106.461081
75620 214.429661 106.923274
75630 214.456304 108.501399
75640 214.483420 107.530791
75650 214.509938 106.979397
75660 214.536872 106.982416
75670 214.563848 107.673110
75680 214.590454 108.205454
75690 214.615204 106.974626
75700 214.640220 106.823556
75710 214.663784 106.925128
75720 214.686934 106.553500
75730 214.710019 108.411399
75740 214.732042 107.959713
75750 214.758605 110.283021
75760 214.777229 107.706227
75770 214.800681 107.210202
75780 214.824237 108.469654
75790 214.846661 106.405188
75800 214.869044 107.348134
75810 214.890629 108.762321
75820 214.912618 107.161593
75830 214.933854 109.622165
75840 214.954119 107.287537
75850 214.975301 106.038826
75860 214.995155 107.897554
75870 215.015077 107.240963
75880 215.035440 107.072503
75890 215.056139 107.115841
75900 215.077927 107.415742
75910 215.102471 108.062223
75920 215.125870 106.798890
75930 215.149216 107.805649
75940 215.172815 107.157654
75950 215.196610 108.014021
75960 215.220686 107.306023
75970 215.245138 108.220917
75980 215.270511 108.005150
75990 215.295784 107.268537
76000 215.318995 108.460940
76010 215.343087 107.157229
76020 215.366989 109.805820
76030 215.391671 108.006032
76040 215.417602 108.148433
76050 215.443660 108.146849
76060 215.470998 107.043788
76070 215.497512 107.576344
76080 215.525409 108.840102
76090 215.554907 106.396092
76100 215.583060 107.661817
76110 215.613851 106.739241
76120 215.641067 108.669398
76130 215.669169 107.447653
76140 215.700955 108.835732
76150 215.730528 108.566728
76160 215.761643 107.776293
76170 215.795483 108.864822
76180 215.825485 108.895608
76190 215.857542 107.698831
76200 215.889353 107.759184
76210 215.923292 109.301852
76220 215.955003 108.741538
76230 215.988458 108.550178
76240 216.022417 108.467332
76250 216.056177 107.545715
76260 216.088237 107.341371
76270 216.121468 107.504291
76280 216.152951 107.425636
76290 216.186340 106.901087
76300 216.219730 107.492615
76310 216.252216 107.173348
76320 216.285699 107.873317
76330 216.319052 108.331645
76340 216.352274 107.746704
76350 216.384867 108.655768
76360 216.417502 109.820397
76370 216.448982 107.959422
76380 216.480860 107.518101
76390 216.514096 107.592314
76400 216.545525 108.693389
76410 216.579667 110.195983
76420 216.610939 108.181116
76430 216.643591 108.112551
76440 216.678580 106.978694
76450 216.710495 108.788659
76460 216.746040 107.509490
76470 216.780358 107.848797
76480 216.813993 108.890325
76490 216.847354 108.319065
76500 216.882160 108.303297
76510 216.916879 108.996247
76520 216.952096 108.829070
76530 216.988094 108.868339
76540 217.023954 108.189235
76550 217.059437 108.346665
76560 217.096482 109.525204
76570 217.134519 111.157289
76580 217.169437 108.373051
76590 217.206775 109.647580
76600 217.244229 107.101708
76610 217.280274 108.776229
76620 217.316726 109.097396
76630 217.352758 108.353375
76640 217.388524 107.154095
76650 217.423621 108.051111
76660 217.460052 108.467022
76670 217.496972 108.219598
76680 217.530887 107.918226
76690 217.567200 108.639732
76700 217.604087 108.222728
76710 217.643002 107.680158
76720 217.677597 109.102427
76730 217.717651 105.571955
76740 217.751161 108.471061
76750 217.787104 109.117563
76760 217.822148 109.146965
76770 217.856534 108.589946
76780 217.892410 107.240719
76790 217.928165 109.756613
76800 217.962372 107.730999
76810 218.000298 107.045921
76820 218.032312 108.617934
76830 218.067229 109.605938
76840 218.100529 109.968625
76850 218.134757 108.899237
76860 218.168412 108.641775
76870 218.201670 109.773282
76880 218.235696 107.369983
76890 218.268927 109.723184
76900 218.302271 110.583085
76910 218.334419 109.244199
76920 218.368216 109.632352
76930 218.404275 107.803161
76940 218.439142 108.111709
76950 218.469958 108.800014
76960 218.503148 108.722297
76970 218.534075 108.624347
76980 218.566533 109.846467
76990 218.600705 108.017631
77000 218.630015 108.238441
77010 218.661309 109.742607
77020 218.692287 109.881820
77030 218.722943 109.863419
77040 218.753351 108.994579
77050 218.784069 109.113925
77060 218.816264 110.176533
77070 218.849239 109.772936
77080 218.880427 109.094511
77090 218.912507 108.934190
77100 218.945172 108.033803
77110 218.975277 109.535554
77120 219.009026 108.181149
77130 219.035874 109.983917
77140 219.066870 107.957279
77150 219.095226 109.489218
77160 219.124766 110.157349
77170 219.152873 109.252906
77180 219.181773 109.747519
77190 219.211365 109.005170
77200 219.242184 111.010091
77210 219.271251 109.837663
77220 219.301666 109.557246
77230 219.331862 110.490468
77240 219.362073 109.045459
77250 219.388716 108.977365
77260 219.416939 109.175866
77270 219.443777 111.667933
77280 219.471937 108.933557
77290 219.497534 108.664247
77300 219.522700 109.497178
77310 219.549247 111.287877
77320 219.576869 110.354939
77330 219.604112 109.131207
77340 219.631176 110.450250
77350 219.658314 108.596540
77360 219.686939 109.976262
77370 219.716794 109.491550
77380 219.745827 109.325049
77390 219.775958 110.413460
77400 219.805759 108.610666
77410 219.835354 110.237534
77420 219.865317 113.428232
77430 219.895428 111.197381
77440 219.925841 110.557693
77450 219.957187 110.824274
77460 219.986561 109.267902
77470 220.016564 109.640210
77480 220.048224 110.663204
77490 220.076592 110.360938
77500 220.106689 110.683849
77510 220.136486 109.667056
77520 220.166936 110.105541
77530 220.198549 109.686507
77540 220.230646 110.584406
77550 220.265019 109.290820
77560 220.295037 111.156937
77570 220.325794 109.176298
77580 220.354648 110.635721
77590 220.383997 109.842198
77600 220.413913 109.565113
77610 220.443866 110.178062
77620 220.475744 111.125240
77630 220.505928 110.786614
77640 220.537011 111.240904
77650 220.568719 110.208771
77660 220.600959 110.285339
77670 220.634987 111.890487
77680 220.665991 110.834765
77690 220.696729 110.801747
77700 220.729382 109.786007
77710 220.761499 110.577056
77720 220.793402 110.913596
77730 220.824939 110.414191
77740 220.857445 110.101102
77750 220.892924 111.599247
77760 220.924572 108.779257
77770 220.953766 108.541392
77780 220.981781 110.775358
77790 221.012022 110.256766
77800 221.042764 111.409333
77810 221.070572 110.098144
77820 221.102000 110.001448
77830 221.131237 110.219211
77840 221.161038 109.394348
77850 221.190744 111.333405
77860 221.223322 111.675368
77870 221.251703 110.843600
77880 221.283313 109.587961
77890 221.312823 110.062799
77900 221.342164 110.419758
77910 221.372031 111.778227
77920 221.400515 110.521159
77930 221.431426 111.382875
77940 221.460311 110.548903
77950 221.488767 110.706326
77960 221.516683 111.091935
77970 221.544301 111.636355
77980 221.571068 111.546647
77990 221.599564 111.030012
78000 221.628748 110.162729
78010 221.657277 109.331989
78020 221.686541 110.139826
78030 221.714667 110.520492
78040 221.743822 111.020736
78050 221.773928 111.622557
78060 221.802478 110.665712
78070 221.832169 110.218869
78080 221.861295 111.284242
78090 221.890014 111.125125
78100 221.917823 111.579585
78110 221.945029 111.251793
78120 221.971714 112.647368
78130 221.998011 111.845436
78140 222.024465 111.374944
78150 222.051560 111.211213
78160 222.080012 112.581432
78170 222.108733 110.406675
78180 222.137816 112.406567
78190 222.166762 111.755407
78200 222.196119 109.938787
78210 222.224501 111.034932
78220 222.252966 111.511807
78230 222.282610 112.251214
78240 222.311299 110.960878
78250 222.340337 110.948594
78260 222.370571 110.682997
78270 222.399601 110.014480
78280 222.428266 110.724538
78290 222.456744 111.931996
78300 222.483985 111.129651
78310 222.512499 110.945979
78320 222.540058 113.402178
78330 222.568740 109.923270
78340 222.596780 111.172807
78350 222.624822 111.570917
78360 222.653774 111.937821
78370 222.682796 111.796962
78380 222.710958 111.297593
78390 222.743587 110.303157
78400 222.772362 112.348927
78410 222.800741 111.812401
78420 222.832561 112.804381
78430 222.860878 110.230115
78440 222.890182 109.156278
78450 222.915887 112.405742
78460 222.943361 110.983187
78470 222.971538 110.721874
78480 222.998931 113.381258
78490 223.027040 110.356971
78500 223.054447 110.706550
78510 223.081849 110.857605
78520 223.110234 111.854425
78530 223.141264 110.034356
78540 223.167551 111.563871
78550 223.199663 112.147801
78560 223.229684 111.970251
78570 223.260301 111.460980
78580 223.291989 111.323623
78590 223.325971 110.226870
78600 223.353451 111.055358
78610 223.383952 110.454986
78620 223.416321 112.464806
78630 223.446287 111.179169
78640 223.476954 112.003321
78650 223.506126 110.824199
78660 223.535118 112.332787
78670 223.562540 112.183402
78680 223.590417 111.451101
78690 223.616929 112.229984
78700 223.644482 112.074874
78710 223.671784 111.800637
78720 223.700313 112.287144
78730 223.728006 112.756251
78740 223.756904 113.147483
78750 223.788268 111.168162
78760 223.817766 112.487375
78770 223.850534 109.934658
78780 223.880355 112.177436
78790 223.911699 111.702593
78800 223.942419 110.890337
78810 223.971674 110.868624
78820 224.001117 112.286644
78830 224.030608 113.394106
78840 224.060675 113.629940
78850 224.091918 112.567028
78860 224.123495 112.899841
78870 224.154406 110.793147
78880 224.184221 112.411896
78890 224.215321 110.476891
78900 224.247479 112.022128
78910 224.280940 112.724101
78920 224.314577 111.663348
78930 224.346223 112.688879
78940 224.380323 113.770500
78950 224.413655 110.721204
78960 224.450955 113.936002
78970 224.481346 111.650853
78980 224.514443 111.261495
78990 224.546050 113.354753
79000 224.579932 111.782419
79010 224.613492 110.960155
79020 224.646451 112.996911
79030 224.677923 111.677485
79040 224.712597 111.475206
79050 224.745170 110.354520
79060 224.775455 112.670090
79070 224.808747 111.017431
79080 224.839912 113.913216
79090 224.872945 112.191072
79100 224.906225 115.356093
79110 224.942604 115.687399
79120 224.972126 111.893086
79130 225.005687 112.599866
79140 225.040143 112.350677
79150 225.075803 113.982824
79160 225.110418 112.022449
79170 225.149589 113.667302
79180 225.183760 112.091252
79190 225.222426 110.792442
79200 225.257534 112.466319
79210 225.294157 112.132861
79220 225.331758 113.405187
79230 225.366874 113.018612
79240 225.405330 111.353882
79250 225.439230 112.525720
79260 225.475976 113.237492
79270 225.513198 112.102457
79280 225.548632 113.477345
79290 225.584670 112.867041
79300 225.622658 113.841824
79310 225.659385 112.041837
79320 225.694463 113.118712
79330 225.730221 114.005318
79340 225.766277 114.899843
79350 225.801488 112.116373
79360 225.837143 113.314359
79370 225.872970 111.698191
79380 225.908818 113.574467
79390 225.943802 112.735459
79400 225.977635 113.321311
79410 226.012594 113.135272
79420 226.047662 110.870325
79430 226.080779 112.744689
79440 226.115618 112.404741
79450 226.148938 112.453350
79460 226.182662 112.888294
79470 226.215918 112.669617
79480 226.251724 112.312806
79490 226.286634 112.726200
79500 226.322388 112.334650
79510 226.354601 111.814656
79520 226.389872 114.972077
79530 226.424521 112.296425
79540 226.455423 112.966356
79550 226.488426 112.689909
79560 226.521288 114.193147
79570 226.550213 111.046404
79580 226.581859 113.835118
79590 226.611151 113.195060
79600 226.641518 112.519298
79610 226.673217 115.006984
79620 226.704557 112.618845
79630 226.735652 113.802810
79640 226.766668 112.233222
79650 226.799291 113.457186
79660 226.832210 112.923872
79670 226.864846 113.878643
79680 226.898087 113.139390
79690 226.931114 113.935530
79700 226.964280 114.337242
79710 226.997826 113.090757
79720 227.032226 112.462581
79730 227.064225 114.337414
79740 227.101428 114.987288
79750 227.134053 114.053946
79760 227.169810 112.804250
79770 227.202020 112.478351
79780 227.237716 112.746392
79790 227.272167 112.481095
79800 227.304949 111.994427
79810 227.338085 113.382210
79820 227.373100 116.493926
79830 227.407990 114.846769
79840 227.442724 112.605788
79850 227.477424 113.879392
79860 227.514476 114.823625
79870 227.547107 113.089032
79880 227.582830 114.056458
79890 227.619389 113.455704
79900 227.655829 114.083645
79910 227.692614 114.106589
79920 227.729822 114.152256
79930 227.767673 113.335213
79940 227.804260 114.677122
79950 227.837942 113.784659
79960 227.873211 113.787507
79970 227.908019 113.679458
79980 227.943563 113.140810
79990 227.977150 114.231586
80000 228.012053 114.531068
80010 228.048856 115.392107
80020 228.085394 113.227269
80030 228.122201 113.472210
80040 228.155301 113.709150
80050 228.189693 113.792212
80060 228.224717 113.057312
80070 228.259210 113.942153
80080 228.295275 115.281380
80090 228.325465 113.659576
80100 228.358935 114.113390
80110 228.391635 114.027233
80120 228.423588 113.707631
80130 228.455312 114.545133
80140 228.488083 114.768284
80150 228.520242 114.733889
80160 228.551338 115.169876
80170 228.584400 113.695600
80180 228.618619 113.834913
80190 228.651876 112.895919
80200 228.685186 113.952095
80210 228.718388 114.472966
80220 228.753441 113.278166
80230 228.786640 113.807931
80240 228.820570 113.977335
80250 228.856641 115.169576
80260 228.888827 114.147597
80270 228.923308 114.071975
80280 228.959532 113.987403
80290 228.994403 113.838894
80300 229.030375 114.027308
80310 229.066570 114.227955
80320 229.103494 115.355853
80330 229.138537 114.869938
80340 229.172972 114.906749
80350 229.206930 114.177342
80360 229.242388 115.261234
80370 229.275691 114.346659
80380 229.314537 113.240009
80390 229.345387 114.295105
80400 229.380747 115.279758
80410 229.417259 113.562889
80420 229.453789 113.539964
80430 229.487634 115.276845
80440 229.522594 114.516088
80450 229.557179 114.480424
80460 229.592838 114.330418
80470 229.628408 115.065477
80480 229.665328 115.279494
80490 229.699148 114.775241
80500 229.735132 115.693204
80510 229.770926 115.591706
80520 229.807454 115.446770
80530 229.842589 114.492845
80540 229.879243 114.545131
80550 229.915703 115.514040
80560 229.950660 113.757030
80570 229.986223 113.436332
80580 230.021439 115.944448
80590 230.055720 115.124821
80600 230.091974 114.386848
80610 230.124664 113.539360
80620 230.158142 116.246083
80630 230.194360 114.088587
80640 230.225732 114.780021
80650 230.258266 114.586998
80660 230.290981 115.347557
80670 230.324315 115.751257
80680 230.355185 115.426929
80690 230.386811 115.461307
80700 230.420315 114.546101
80710 230.452661 115.252607
80720 230.488318 114.546954
80730 230.521839 116.148570
80740 230.556035 116.437512
80750 230.593570 116.323408
80760 230.625712 115.127613
80770 230.660917 114.832915
80780 230.693319 114.808872
80790 230.727136 115.692111
80800 230.758647 115.011198
80810 230.793620 118.728675
80820 230.824569 115.148555
80830 230.859412 117.221602
80840 230.891836 114.549153
80850 230.926948 116.076193
80860 230.961840 115.644426
80870 230.997235 114.156126
80880 231.035756 116.414879
80890 231.072083 114.499024
80900 231.108328 116.401443
80910 231.146840 115.049059
80920 231.182586 115.050712
80930 231.220855 114.407455
80940 231.255505 115.184178
80950 231.290566 115.273412
80960 231.326578 114.761235
80970 231.359535 116.830154
80980 231.395050 116.258957
80990 231.428304 116.138083
81000 231.462564 116.340304
81010 231.495890 115.569034
81020 231.533930 113.905520
81030 231.566433 116.635546
81040 231.600709 114.870233
81050 231.634239 114.701588
81060 231.669798 114.403519
81070 231.701727 114.981083
81080 231.735205 116.874613
81090 231.767489 116.078446
81100 231.800633 116.436983
81110 231.835341 116.976092
81120 231.868853 114.390154
81130 231.901711 117.638569
81140 231.932779 116.063224
81150 231.966946 115.709963
81160 232.003016 117.418449
81170 232.036867 117.765640
81180 232.068547 115.578445
81190 232.103066 117.128418
81200 232.138132 115.556253
81210 232.172709 116.593239
81220 232.208479 117.094990
81230 232.242780 116.055508
81240 232.281876 117.722223
81250 232.313191 116.555345
81260 232.348264 115.840831
81270 232.384365 115.778354
81280 232.419615 117.779292
81290 232.456626 115.684901
81300 232.493406 116.839238
81310 232.526526 116.199324
81320 232.562271 114.299777
81330 232.596975 115.825494
81340 232.629630 115.660665
81350 232.661829 117.652784
81360 232.694165 117.066851
81370 232.727783 115.763666
81380 232.762224 117.931971
81390 232.793711 116.252915
81400 232.829819 115.005601
81410 232.862404 116.224024
81420 232.896649 115.708704
81430 232.930638 117.141936
81440 232.963987 116.858450
81450 232.996791 115.840940
81460 233.029741 117.108101
81470 233.062745 117.267323
81480 233.095081 115.946240
81490 233.126435 115.359591
81500 233.155176 116.139183
81510 233.185366 118.370206
81520 233.215199 116.101822
81530 233.244237 117.217410
81540 233.272290 115.536639
81550 233.301465 117.126802
81560 233.331737 114.733065
81570 233.361627 117.911978
81580 233.391696 118.043696
81590 233.420400 118.113766
81600 233.449552 116.867576
81610 233.479587 115.883829
81620 233.510747 115.484679
81630 233.539277 115.928851
81640 233.567089 118.029181
81650 233.594984 116.643751
81660 233.622900 116.591418
81670 233.650908 115.980319
81680 233.680492 117.813722
81690 233.708155 117.162383
81700 233.735945 117.269401
81710 233.763706 117.480784
81720 233.792356 117.479929
81730 233.820415 117.770869
81740 233.850066 116.078697
81750 233.879464 116.281805
81760 233.906910 117.572930
81770 233.934878 117.141427
81780 233.965450 116.417717
81790 233.994031 117.541648
81800 234.022129 117.555731
81810 234.051662 116.367789
81820 234.080908 117.337637
81830 234.110200 116.125046
81840 234.139256 115.952915
81850 234.168523 116.095150
81860 234.198025 118.247329
81870 234.226459 119.720174
81880 234.252747 117.623557
81890 234.279712 116.909633
81900 234.307763 116.804897
81910 234.335902 117.074667
81920 234.363875 117.027570
81930 234.394761 116.312074
81940 234.422560 116.623279
81950 234.451850 117.832073
81960 234.480408 117.786029
81970 234.510843 116.900688
81980 234.543468 118.779207
81990 234.575811 117.602383
82000 234.608034 118.307360
82010 234.640793 118.179470
82020 234.673293 117.021854
82030 234.707508 115.633676
82040 234.736360 116.799706
82050 234.767352 117.098091
82060 234.800019 117.095391
82070 234.832166 116.650867
82080 234.865652 116.070360
82090 234.899225 116.798373
82100 234.931665 116.965677
82110 234.962738 117.227245
82120 234.993669 116.173218
82130 235.023771 118.038571
82140 235.053510 116.860840
82150 235.084080 116.863349
82160 235.111868 117.925387
82170 235.140417 117.897492
82180 235.170341 116.679358
82190 235.196603 117.859683
82200 235.225176 117.947213
82210 235.252778 116.766608
82220 235.280377 117.451874
82230 235.309570 118.623123
82240 235.336547 117.915576
82250 235.364432 118.939064
82260 235.390826 118.172616
82270 235.416147 115.992515
82280 235.442454 118.140508
82290 235.471334 116.111029
82300 235.494507 118.280042
82310 235.525066 119.428113
82320 235.552106 117.311356
82330 235.579882 118.556923
82340 235.609653 117.488418
82350 235.640498 117.241348
82360 235.671579 117.257500
82370 235.702496 118.677840
82380 235.732648 116.977913
82390 235.763009 117.364274
82400 235.790203 115.828846
82410 235.818369 117.626130
82420 235.846724 117.321620
82430 235.875356 117.529157
82440 235.907345 118.821758
82450 235.935545 116.105856
82460 235.964512 116.389264
82470 235.993325 118.351079
82480 236.022893 118.646150
82490 236.052358 117.467384
82500 236.083593 118.653627
82510 236.114528 117.516472
82520 236.147004 118.948442
82530 236.179876 118.989332
82540 236.215454 118.929769
82550 236.249811 117.666453
82560 236.284839 119.216960
82570 236.317762 118.161347
82580 236.352196 117.395345
82590 236.384466 117.621349
82600 236.418499 120.217286
82610 236.451838 117.770010
82620 236.485090 118.908103
82630 236.518875 118.723906
82640 236.551996 116.825588
82650 236.584967 117.705653
82660 236.617739 118.930604
82670 236.653064 116.949347
82680 236.681141 118.854805
82690 236.715929 120.342829
82700 236.746204 118.180685
82710 236.781262 118.759144
82720 236.814363 118.938329
82730 236.848192 117.860201
82740 236.880714 118.588851
82750 236.912236 117.882660
82760 236.943213 117.913823
82770 236.975769 117.708320
82780 237.007798 117.676180
82790 237.038969 117.180316
82800 237.070427 118.656564
82810 237.106350 120.073262
82820 237.135842 120.739674
82830 237.165815 119.294249
82840 237.198055 118.728974
82850 237.230802 118.166499
82860 237.262552 117.876823
82870 237.293004 118.376801
82880 237.322268 118.616401
82890 237.354777 117.227073
82900 237.384216 116.924044
82910 237.414602 118.491558
82920 237.445747 119.238012
82930 237.476900 118.468957
82940 237.508268 120.511477
82950 237.540840 118.972989
82960 237.573757 119.137888
82970 237.607204 120.038729
82980 237.637785 119.427947
82990 237.668628 118.965242
83000 237.700071 118.610301
83010 237.730588 118.673836
83020 237.760303 118.354457
83030 237.789123 117.729488
83040 237.817600 119.238000
83050 237.847976 117.968693
83060 237.875730 119.271514
83070 237.905032 120.228131
83080 237.935327 118.224081
83090 237.966117 119.300461
83100 237.996081 119.509141
83110 238.025982 119.360144
83120 238.057388 118.064856
83130 238.084949 119.868090
83140 238.113085 119.640486
83150 238.143676 117.838723
83160 238.169932 119.142167
83170 238.198189 118.593809
83180 238.227489 118.423540
83190 238.254839 118.820765
83200 238.282960 118.449951
83210 238.312656 119.448903
83220 238.339905 118.754042
83230 238.367624 119.119282
83240 238.396823 119.545935
83250 238.425359 119.746535
83260 238.452964 120.381418
83270 238.481113 118.550053
83280 238.508291 119.637349
83290 238.535978 119.794013
83300 238.564053 118.148856
83310 238.589603 119.347364
83320 238.616286 119.643454
83330 238.643383 118.712581
83340 238.669596 118.166523
83350 238.696486 119.635645
83360 238.723060 120.093275
83370 238.747886 118.838672
83380 238.774506 119.534324
83390 238.800428 120.346600
83400 238.825983 118.997034
83410 238.851558 120.733885
83420 238.878706 121.394741
83430 238.903884 119.677330
83440 238.930856 119.848120
83450 238.957592 119.823508
83460 238.984116 119.044693
83470 239.010825 119.988061
83480 239.037110 119.326819
83490 239.063811 118.457846
83500 239.089389 119.569469
83510 239.117323 117.944907
83520 239.138799 120.754503
83530 239.162317 118.978426
83540 239.187820 118.685895
83550 239.210444 119.250121
83560 239.235044 118.600372
83570 239.260002 120.327194
83580 239.285472 120.540075
83590 239.311570 118.833710
83600 239.338386 119.669760
83610 239.365329 120.688494
83620 239.390909 119.478185
83630 239.417804 120.877000
83640 239.444084 120.603546
83650 239.470487 119.204535
83660 239.495986 119.298733
83670 239.523280 119.095228
83680 239.551443 117.674913
83690 239.578691 119.967898
83700 239.606239 120.208338
83710 239.633796 119.698234
83720 239.660869 117.686340
83730 239.687579 119.980036
83740 239.713723 120.298197
83750 239.741008 120.035822
83760 239.768371 120.299696
83770 239.796898 118.912195
83780 239.821758 119.529498
83790 239.849717 119.654277
83800 239.878442 117.756360
83810 239.906666 118.893808
83820 239.933837 119.411555
83830 239.961235 118.346398
83840 239.992591 117.214021
83850 240.016620 119.126231
83860 240.044409 120.156943
83870 240.073358 120.346718
83880 240.101945 120.291226
83890 240.131947 120.879246
83900 240.159743 120.584405
83910 240.189083 120.345529
83920 240.217986 119.079454
83930 240.249037 122.902624
83940 240.275971 118.762460
83950 240.303215 121.003352
83960 240.334883 119.105430
83970 240.365517 118.585782
83980 240.398803 118.140567
83990 240.425983 120.689618
84000 240.455744 119.757491
84010 240.486904 121.455741
84020 240.514194 121.835803
84030 240.543895 119.915248
84040 240.572230 120.990680
84050 240.600922 119.341790
84060 240.628757 121.225320
84070 240.656389 120.549569
84080 240.685640 118.801045
84090 240.714720 119.802516
84100 240.744378 119.743309
84110 240.774446 120.457663
84120 240.807200 119.179194
84130 240.836836 120.092845
84140 240.867980 120.521294
84150 240.899969 121.248447
84160 240.934414 119.342923
84170 240.966313 120.781174
84180 241.001508 119.776290
84190 241.034928 120.765343
84200 241.071828 119.707331
84210 241.104416 120.153581
84220 241.138096 120.865392
84230 241.173176 119.710734
84240 241.206853 120.446234
84250 241.242839 119.959874
84260 241.277433 120.694846
84270 241.314011 118.803739
84280 241.346511 121.890211
84290 241.380986 122.362418
84300 241.415130 122.314642
84310 241.450002 120.351607
84320 241.485331 121.284655
84330 241.520048 119.950223
84340 241.558705 119.690533
84350 241.593998 121.798634
84360 241.627320 119.711358
84370 241.662244 120.546994
84380 241.698553 122.697806
84390 241.732088 121.674502
84400 241.766431 120.386864
84410 241.801695 121.479603
84420 241.835520 121.244064
84430 241.870740 120.720089
84440 241.908052 119.856473
84450 241.941884 121.740511
84460 241.975098 122.593955
84470 242.009058 120.414173
84480 242.044120 120.558161
84490 242.078686 120.281972
84500 242.114836 121.171420
84510 242.151547 119.635686
84520 242.187762 121.124592
84530 242.224899 121.495265
84540 242.264635 119.330099
84550 242.298710 121.041404
84560 242.338880 119.767078
84570 242.373499 120.384856
84580 242.411350 121.292576
84590 242.450912 121.585723
84600 242.490356 122.941260
84610 242.530333 119.915727
84620 242.573952 119.738015
84630 242.611486 120.416181
84640 242.653537 119.941410
84650 242.694870 120.617123
84660 242.738144 120.550770
84670 242.778708 120.969101
84680 242.820853 120.536172
84690 242.861264 122.655883
84700 242.903543 120.531070
84710 242.944349 122.379347
84720 242.986430 120.224521
84730 243.027178 120.860578
84740 243.073260 120.176889
84750 243.115530 121.877588
84760 243.159130 122.841896
84770 243.201754 121.832912
84780 243.247345 122.089892
84790 243.292609 122.160427
84800 243.338868 121.212955
84810 243.384295 119.182640
84820 243.429586 121.680571
84830 243.477528 120.816179
84840 243.523343 121.213134
84850 243.571075 122.172760
84860 243.618304 121.620445
84870 243.666926 121.402259
84880 243.717032 122.119500
84890 243.765986 122.182569
84900 243.815463 121.867955
84910 243.866852 122.880009
84920 243.918555 122.935761
84930 243.970312 122.446796
84940 244.021589 121.152619
84950 244.073350 123.073045
84960 244.125908 122.074140
84970 244.179161 121.642093
84980 244.231901 121.582095
84990 244.285382 122.752018
85000 244.336330 122.704327
85010 244.388798 122.451290
85020 244.443725 122.455736
85030 244.498408 122.576449
85040 244.551049 120.904751
85050 244.601942 122.256061
85060 244.656753 121.472873
85070 244.707401 122.690070
85080 244.759372 121.879930
85090 244.811407 122.273972
85100 244.865841 121.743741
85110 244.916479 121.739231
85120 244.968030 122.491126
85130 245.018901 122.507457
85140 245.073262 121.777168
85150 245.123106 121.413920
85160 245.176293 122.715911
85170 245.230987 119.211479
85180 245.280426 122.776017
85190 245.332505 123.731302
85200 245.384041 122.216911
85210 245.436240 121.436891
85220 245.487544 122.256733
85230 245.539032 122.809644
85240 245.589194 122.392372
85250 245.639802 124.109541
85260 245.691736 121.275207
85270 245.738112 122.343868
85280 245.788900 123.963056
85290 245.842036 123.729991
85300 245.888485 123.473337
85310 245.936949 122.923397
85320 245.986944 122.559225
85330 246.038820 123.878617
85340 246.086778 122.515240
85350 246.137468 124.418134
85360 246.187964 123.779724
85370 246.236417 121.838299
85380 246.284876 123.489286
85390 246.334306 123.604290
85400 246.382200 122.600934
85410 246.429390 124.640052
85420 246.479617 124.472539
85430 246.528222 122.252737
85440 246.576626 124.707773
85450 246.623628 123.707723
85460 246.675068 123.960831
85470 246.726047 124.011196
85480 246.776091 123.650669
85490 246.826824 122.056805
85500 246.878762 124.331781
85510 246.929146 122.323714
85520 246.976231 122.745194
85530 247.026110 124.244647
85540 247.076264 123.795884
85550 247.126141 123.953689
85560 247.174820 123.904366
85570 247.225079 125.126937
85580 247.272240 123.665432
85590 247.322281 123.233995
85600 247.370962 123.863858
85610 247.423042 123.835408
85620 247.473600 122.529519
85630 247.526015 124.804388
85640 247.577027 125.035028
85650 247.624616 124.101619
85660 247.675236 122.930436
85670 247.725978 123.896457
85680 247.775567 124.455193
85690 247.828431 122.426334
85700 247.878884 124.381591
85710 247.926436 122.422312
85720 247.978059 123.263242
85730 248.026677 122.378494
85740 248.083860 128.354258
85750 248.127812 124.668420
85760 248.184089 122.692070
85770 248.232305 124.804722
85780 248.285797 124.612635
85790 248.337444 124.796491
85800 248.390012 124.163482
85810 248.442890 124.597880
85820 248.499155 125.224638
85830 248.545471 124.048033
85840 248.596126 124.049167
85850 248.647867 124.689522
85860 248.699699 125.704647
85870 248.752775 122.880385
85880 248.804725 124.765171
85890 248.857294 123.748643
85900 248.908157 122.496033
85910 248.960744 125.561253
85920 249.018139 126.266183
85930 249.069608 124.744492
85940 249.129259 125.922244
85950 249.181705 123.109367
85960 249.236203 122.652621
85970 249.293082 124.071268
85980 249.351703 123.979471
85990 249.407303 125.796663
86000 249.464848 123.977990
86010 249.522770 124.388961
86020 249.579441 125.314548
86030 249.638941 123.163349
86040 249.692266 124.174912
86050 249.748539 125.347111
86060 249.805445 124.882536
86070 249.861704 125.941017
86080 249.921636 125.406898
86090 249.977774 126.859891
86100 250.037530 125.374139
86110 250.097431 125.117225
86120 250.157590 123.266649
86130 250.217363 123.217554
86140 250.278535 125.705086
86150 250.336606 123.011052
86160 250.395762 125.344309
86170 250.454447 126.138220
86180 250.518211 125.927306
86190 250.574650 125.219941
86200 250.639412 124.623140
86210 250.698834 125.709037
86220 250.762279 125.909040
86230 250.825864 125.024779
86240 250.889497 124.758399
86250 250.952745 125.332887
86260 251.018489 127.073384
86270 251.084345 124.417509
86280 251.147554 126.593696
86290 251.206799 126.044249
86300 251.271145 125.746284
86310 251.336160 126.040012
86320 251.399233 125.752744
86330 251.465015 126.250792
86340 251.529760 126.006600
86350 251.598159 126.625704
86360 251.665927 124.711276
86370 251.731888 125.882664
86380 251.800483 124.883094
86390 251.867036 126.121026
86400 251.936128 126.367364
