10 1.586515 1.318688
20 0.929724 1.094610
30 0.825271 1.098392
40 1.162769 0.000845
50 1.209147 0.720890
60 1.557640 2.584363
70 1.883659 1.973587
80 1.958339 0.985692
90 2.066420 0.737577
100 1.985825 5.310954
110 1.881916 0.357309
120 2.004341 0.123624
130 1.987141 -0.576935
140 1.940876 0.634581
150 1.925238 3.389976
160 2.225383 1.309526
170 2.184122 1.669649
180 2.441714 1.882728
190 2.617385 1.930769
200 2.577426 2.087984
210 2.676251 2.625455
220 2.728548 1.454287
230 2.662523 2.287130
240 2.590850 2.597767
250 2.662884 2.247196
260 2.606773 1.004065
270 2.558307 0.920118
280 2.558536 2.056601
290 2.504055 -0.275054
300 2.447787 2.885709
310 2.519303 0.969786
320 2.574557 3.272359
330 2.783357 1.303458
340 2.972686 1.483462
350 3.101392 2.357819
360 3.410677 2.551013
370 3.692338 0.821614
380 3.877093 1.304309
390 4.070730 2.910410
400 4.177467 2.074644
410 4.171988 3.900456
420 4.191581 3.615719
430 4.424552 2.360208
440 4.789231 3.760491
450 5.090566 2.768203
460 5.360279 3.410974
470 5.761716 3.818477
480 6.134262 4.009320
490 6.301974 2.719425
500 6.345004 4.372095
510 6.371819 3.348754
520 6.284621 2.958182
530 6.298642 4.804014
540 6.319418 3.596903
550 6.315592 4.584845
560 6.216983 3.963500
570 6.189375 2.641876
580 6.126553 5.183118
590 6.049959 5.193491
600 5.971130 2.484898
610 5.927763 5.044880
620 5.900270 3.969655
630 5.829958 3.915511
640 5.740852 5.154439
650 5.697763 1.409765
660 5.633882 2.878787
670 5.609255 3.876462
680 5.556711 3.491215
690 5.490319 2.843124
700 5.443799 4.035306
710 5.389811 3.482840
720 5.323857 3.191553
730 5.262009 4.963814
740 5.218043 3.280124
750 5.156737 2.529431
760 5.152447 3.937709
770 5.240981 3.387831
780 5.286105 3.825742
790 5.264837 3.473197
800 5.245641 5.186071
810 5.310635 3.800396
820 5.329119 4.410361
830 5.279398 3.887426
840 5.231089 2.593509
850 5.178270 4.324551
860 5.145065 2.834160
870 5.177844 3.088625
880 5.241904 2.448102
890 5.337253 3.529030
900 5.368396 2.433592
910 5.420043 1.732567
920 5.444584 3.663597
930 5.430235 4.198440
940 5.409710 4.270676
950 5.434052 2.871501
960 5.461354 1.275137
970 5.424707 2.283411
980 5.416209 2.037281
990 5.388712 0.895388
1000 5.352186 3.395075
1010 5.357015 2.099467
1020 5.346142 2.916343
1030 5.335683 2.912897
1040 5.304590 1.426072
1050 5.273091 4.656030
1060 5.231172 2.836631
1070 5.193776 3.167622
1080 5.194627 1.380751
1090 5.251369 2.144119
1100 5.365724 3.981890
1110 5.503963 2.649756
1120 5.636305 3.536457
1130 5.779286 3.373082
1140 5.886403 2.413412
1150 5.915243 4.129809
1160 5.934249 3.038924
1170 5.899746 4.080940
1180 5.902360 1.932382
1190 5.966168 2.694091
1200 5.949746 6.513398
1210 5.915921 3.659211
1220 5.873244 3.810734
1230 5.851990 2.193984
1240 5.866173 2.974045
1250 5.862806 5.141756
1260 5.841794 2.452513
1270 5.812211 2.417303
1280 5.792799 3.664275
1290 5.809321 3.004875
1300 5.888826 4.993604
1310 5.980131 1.560417
1320 6.042039 3.500935
1330 6.110062 2.680960
1340 6.236088 2.655762
1350 6.370409 2.110571
1360 6.488219 2.054586
1370 6.537324 5.209172
1380 6.608461 4.518554
1390 6.638489 4.608006
1400 6.613447 4.432866
1410 6.573412 4.581438
1420 6.538125 3.355445
1430 6.584889 3.436906
1440 6.627350 3.260952
1450 6.643161 2.737137
1460 6.623297 5.467654
1470 6.597883 2.533844
1480 6.563887 3.842727
1490 6.559079 3.349488
1500 6.562697 4.956919
1510 6.541324 4.233269
1520 6.508746 3.034413
1530 6.492590 3.845679
1540 6.467360 4.051311
1550 6.436050 4.988630
1560 6.416406 3.637284
1570 6.398203 3.830182
1580 6.418346 4.786408
1590 6.445383 3.882379
1600 6.440361 2.920817
1610 6.412639 3.452884
1620 6.410562 2.459103
1630 6.404362 4.663927
1640 6.397402 1.050653
1650 6.368475 3.393203
1660 6.343973 3.207896
1670 6.334007 2.044186
1680 6.302499 3.309048
1690 6.279740 3.912586
1700 6.302728 3.430727
1710 6.353166 3.397099
1720 6.381188 3.816204
1730 6.424193 6.390378
1740 6.426143 5.468419
1750 6.400042 4.831495
1760 6.368316 3.980902
1770 6.341490 2.935070
1780 6.310910 3.141196
1790 6.282286 5.915147
1800 6.262278 3.037245
1810 6.244103 3.803935
1820 6.215773 5.402319
1830 6.205933 3.033895
1840 6.189629 4.961724
1850 6.163383 3.315804
1860 6.139178 3.346446
1870 6.117086 3.751195
1880 6.127812 3.876703
1890 6.141138 5.496960
1900 6.156660 2.749654
1910 6.177358 2.282890
1920 6.172204 5.210732
1930 6.162621 4.412830
1940 6.174008 4.092303
1950 6.200476 2.770859
1960 6.223203 3.721147
1970 6.284891 5.627019
1980 6.364413 3.469255
1990 6.424063 3.515768
2000 6.485746 4.349821
2010 6.530607 4.799715
2020 6.585109 4.400472
2030 6.681608 5.368292
2040 6.784343 3.078594
2050 6.848619 4.933339
2060 6.900535 3.637426
2070 6.963353 4.072321
2080 7.057908 3.545068
2090 7.158404 4.371994
2100 7.267198 3.578911
2110 7.350292 1.733640
2120 7.407081 2.148482
2130 7.412970 4.728279
2140 7.394955 3.639563
2150 7.415256 4.720722
2160 7.433357 3.967081
2170 7.418681 5.245399
2180 7.428897 4.878846
2190 7.459740 2.437978
2200 7.511651 4.875743
2210 7.559456 4.488029
2220 7.598554 5.206293
2230 7.614146 3.301493
2240 7.595273 3.536931
2250 7.600366 5.483534
2260 7.622041 3.754685
2270 7.628041 4.647264
2280 7.614197 4.426664
2290 7.588972 4.937397
2300 7.581886 3.587861
2310 7.559620 4.668875
2320 7.536832 6.406931
2330 7.556753 5.391311
2340 7.560985 3.074629
2350 7.552890 4.066003
2360 7.579128 3.859393
2370 7.583216 4.542109
2380 7.566604 4.700398
2390 7.540988 4.574272
2400 7.521374 3.099469
2410 7.493181 3.367460
2420 7.472766 6.043422
2430 7.473657 5.167694
2440 7.452682 3.492585
2450 7.426930 5.265125
2460 7.425384 3.182179
2470 7.440051 3.215641
2480 7.483045 2.794917
2490 7.527331 4.479240
2500 7.572528 4.214314
2510 7.616630 5.603486
2520 7.671139 3.632618
2530 7.736533 2.543645
2540 7.796607 4.796549
2550 7.879821 5.207490
2560 7.953990 4.902347
2570 7.979700 5.575872
2580 7.993996 6.919525
2590 8.007899 4.731340
2600 7.995181 3.363158
2610 7.973654 6.047462
2620 7.965355 4.025033
2630 7.974668 5.133051
2640 7.982059 3.024639
2650 7.965407 5.056028
2660 7.951714 2.918771
2670 7.925430 4.676018
2680 7.924733 4.168553
2690 7.925348 5.854373
2700 7.928521 6.237518
2710 7.926006 3.828818
2720 7.918508 3.971011
2730 7.918714 4.316265
2740 7.896712 4.949564
2750 7.881393 3.456463
2760 7.856878 3.935800
2770 7.847562 5.147461
2780 7.830951 5.118502
2790 7.813303 3.365091
2800 7.789466 5.145813
2810 7.767673 4.418850
2820 7.751404 6.365459
2830 7.756147 2.830435
2840 7.747254 3.797667
2850 7.764039 3.622579
2860 7.800573 3.568346
2870 7.839357 4.191676
2880 7.880079 3.894479
2890 7.899034 4.983625
2900 7.917062 4.473239
2910 7.937419 3.883664
2920 7.958908 5.252544
2930 7.982693 6.232104
2940 7.996544 4.872273
2950 7.997890 4.043270
2960 8.016288 3.756907
2970 8.017763 6.077945
2980 8.011891 6.124476
2990 8.009698 5.202597
3000 7.993095 5.255137
3010 7.988021 2.673231
3020 7.994219 5.217272
3030 7.992298 4.589777
3040 8.009781 5.296618
3050 8.033555 5.061012
3060 8.035093 4.607679
3070 8.044015 3.961401
3080 8.023763 5.714725
3090 8.008809 6.000338
3100 7.995405 3.808994
3110 7.980710 4.858826
3120 7.979044 2.483603
3130 7.967193 3.178536
3140 7.948372 5.488042
3150 7.938814 3.695723
3160 7.921324 5.237524
3170 7.901298 5.746871
3180 7.881007 4.720723
3190 7.870687 3.075998
3200 7.851341 3.449859
3210 7.835961 3.371915
3220 7.817746 3.992075
3230 7.803004 4.119261
3240 7.792812 3.043684
3250 7.772928 5.168430
3260 7.752830 4.913496
3270 7.735985 3.688814
3280 7.717614 4.254932
3290 7.696421 4.855338
3300 7.674863 2.784123
3310 7.658966 3.468022
3320 7.645236 2.033364
3330 7.632437 3.616809
3340 7.622835 3.330468
3350 7.629911 4.653362
3360 7.644674 3.879356
3370 7.644764 2.850653
3380 7.640993 5.179519
3390 7.632652 3.559019
3400 7.625698 6.391481
3410 7.617556 5.085514
3420 7.613042 5.034839
3430 7.633799 4.889267
3440 7.660847 3.625690
3450 7.682349 4.481286
3460 7.684591 3.980749
3470 7.689039 3.762539
3480 7.672867 3.721012
3490 7.655526 4.791994
3500 7.643793 5.105448
3510 7.644879 4.505577
3520 7.638086 5.705024
3530 7.622284 5.194912
3540 7.613476 2.056825
3550 7.611955 5.788243
3560 7.622367 4.835557
3570 7.651317 4.014907
3580 7.705629 4.906849
3590 7.765946 2.384093
3600 7.819694 2.470842
3610 7.853919 3.884811
3620 7.883682 5.136330
3630 7.876281 5.145479
3640 7.867928 3.912253
3650 7.863461 3.329147
3660 7.853989 4.189708
3670 7.836380 4.601506
3680 7.819495 2.916946
3690 7.805745 3.924818
3700 7.795661 6.544625
3710 7.802290 3.473519
3720 7.790006 5.650369
3730 7.771773 4.467838
3740 7.756139 4.821355
3750 7.739793 5.217017
3760 7.723048 3.707592
3770 7.707197 4.069565
3780 7.688346 5.753310
3790 7.677572 3.390575
3800 7.663445 3.511808
3810 7.668970 3.870245
3820 7.689882 4.780013
3830 7.732070 2.999922
3840 7.758315 3.915293
3850 7.764898 3.270084
3860 7.762514 4.574752
3870 7.754393 3.317708
3880 7.743135 4.920837
3890 7.739695 5.393385
3900 7.724961 3.574116
3910 7.709437 4.804828
3920 7.714302 4.470938
3930 7.741542 4.841424
3940 7.781903 3.908133
3950 7.813594 5.116083
3960 7.864108 5.248865
3970 7.921941 3.998461
3980 7.974329 5.136331
3990 8.036884 5.649361
4000 8.107056 6.715142
4010 8.148048 4.082112
4020 8.195954 4.807816
4030 8.263574 3.857967
4040 8.332263 5.768910
4050 8.400887 5.739191
4060 8.456107 4.322676
4070 8.498627 7.096899
4080 8.549590 5.758933
4090 8.576930 5.722945
4100 8.616845 6.378812
4110 8.679166 5.375235
4120 8.744588 6.250305
4130 8.840739 6.790339
4140 8.913926 4.324686
4150 9.000670 5.140067
4160 9.091703 1.716977
4170 9.144355 5.314166
4180 9.204163 5.334648
4190 9.260643 4.313711
4200 9.315119 4.708721
4210 9.376930 4.240247
4220 9.443941 4.206934
4230 9.528720 4.913775
4240 9.623586 8.541614
4250 9.751225 1.372333
4260 9.852833 5.306182
4270 9.948245 6.376221
4280 10.035213 5.001443
4290 10.121281 6.051244
4300 10.191928 6.270554
4310 10.256341 5.863643
4320 10.326138 5.072715
4330 10.385662 5.471345
4340 10.470417 6.367232
4350 10.563073 4.497566
4360 10.655567 5.207289
4370 10.741440 6.133000
4380 10.814631 4.926580
4390 10.883061 6.485468
4400 10.937732 6.233669
4410 10.969177 5.198492
4420 10.983794 6.501223
4430 10.993504 6.623367
4440 11.000505 4.494627
4450 11.016017 6.872324
4460 11.036593 5.905582
4470 11.064015 6.496692
4480 11.110050 6.272184
4490 11.156107 7.519925
4500 11.195448 8.000007
4510 11.247723 7.497757
4520 11.312039 5.861023
4530 11.393565 7.090378
4540 11.483739 6.757181
4550 11.598334 7.171208
4560 11.703936 6.664856
4570 11.806980 6.170523
4580 11.882444 5.977720
4590 11.943522 6.817702
4600 11.991871 6.626568
4610 12.049632 6.247971
4620 12.117168 6.010681
4630 12.203127 8.313014
4640 12.288093 5.687020
4650 12.379620 7.547528
4660 12.454390 7.376520
4670 12.527874 6.012795
4680 12.590442 5.448123
4690 12.638056 7.656753
4700 12.704604 9.404541
4710 12.769866 7.824046
4720 12.833250 7.279863
4730 12.892275 6.864865
4740 12.964064 4.592768
4750 13.034730 4.247886
4760 13.095494 4.078996
4770 13.172037 7.685950
4780 13.234324 5.937868
4790 13.268403 6.929728
4800 13.303332 4.915418
4810 13.340042 8.026016
4820 13.364221 7.748537
4830 13.379724 6.649372
4840 13.368921 6.750404
4850 13.358570 7.578499
4860 13.345464 6.841563
4870 13.320735 7.382723
4880 13.291094 9.188411
4890 13.271685 7.933886
4900 13.252398 6.442720
4910 13.236166 6.920912
4920 13.230052 8.933187
4930 13.233428 5.619165
4940 13.234765 6.662404
4950 13.212170 7.553711
4960 13.189926 8.690942
4970 13.169397 8.967725
4980 13.148170 7.473687
4990 13.134779 7.749076
5000 13.120327 8.222694
5010 13.101572 6.010155
5020 13.083978 5.032601
5030 13.063877 8.034971
5040 13.039204 6.868916
5050 13.017955 7.710481
5060 12.997697 6.751468
5070 12.973641 8.728416
5080 12.951204 7.777191
5090 12.933946 7.068632
5100 12.916955 5.936903
5110 12.896527 7.046758
5120 12.878117 7.486300
5130 12.872264 6.794842
5140 12.872076 6.870276
5150 12.864720 6.684152
5160 12.844895 7.935936
5170 12.823883 7.598921
5180 12.801301 7.898705
5190 12.780192 6.673601
5200 12.758797 6.899190
5210 12.748375 8.494574
5220 12.731925 7.836486
5230 12.710107 7.197332
5240 12.688806 8.394371
5250 12.680357 5.038107
5260 12.664933 7.988934
5270 12.647265 7.404959
5280 12.627757 7.984280
5290 12.606094 6.759062
5300 12.595012 6.810383
5310 12.600176 7.735492
5320 12.609484 6.184796
5330 12.623349 7.369744
5340 12.625265 7.542180
5350 12.621849 8.697670
5360 12.641052 6.610006
5370 12.657081 6.534545
5380 12.669268 6.655725
5390 12.687282 7.885970
5400 12.718055 7.811698
5410 12.744390 7.282450
5420 12.764783 7.470778
5430 12.795888 7.775964
5440 12.835831 6.253183
5450 12.876904 7.916931
5460 12.915802 7.910652
5470 12.950938 6.321692
5480 12.974300 6.889340
5490 12.991033 7.664651
5500 13.000599 6.632359
5510 13.014100 6.125333
5520 13.024150 7.060859
5530 13.030008 6.867298
5540 13.046322 5.809757
5550 13.064144 6.799491
5560 13.090308 5.347687
5570 13.113871 7.854174
5580 13.143684 6.714730
5590 13.170111 6.487033
5600 13.190429 8.533623
5610 13.207113 6.659139
5620 13.210946 6.976218
5630 13.211737 9.225840
5640 13.222113 7.521441
5650 13.220115 8.425253
5660 13.213144 6.254824
5670 13.204474 6.550666
5680 13.198624 6.530532
5690 13.189569 6.877367
5700 13.180968 7.613593
5710 13.169472 9.063341
5720 13.157955 7.850991
5730 13.138764 7.715181
5740 13.129528 7.949818
5750 13.120293 6.623561
5760 13.113803 7.033105
5770 13.122760 7.686394
5780 13.132600 7.078734
5790 13.135300 8.472609
5800 13.127222 4.993207
5810 13.111073 8.001134
5820 13.091347 6.861289
5830 13.073590 9.792395
5840 13.055664 6.745207
5850 13.041968 5.792021
5860 13.029584 6.948923
5870 13.019370 5.475134
5880 13.007798 6.268885
5890 12.996713 7.824735
5900 12.991298 8.918024
5910 12.984755 5.328389
5920 12.973649 8.272989
5930 12.963569 5.533963
5940 12.953670 6.670963
5950 12.953675 5.853220
5960 12.955824 8.150579
5970 12.949751 7.753729
5980 12.936518 5.209305
5990 12.916793 6.958966
6000 12.899353 7.692951
6010 12.890790 6.744792
6020 12.872544 7.672192
6030 12.853260 5.945003
6040 12.833870 7.521776
6050 12.816961 5.738293
6060 12.803135 7.399365
6070 12.800020 8.147530
6080 12.797250 7.650615
6090 12.791829 5.455968
6100 12.777686 8.248058
6110 12.765009 7.241600
6120 12.748270 7.365258
6130 12.734487 6.248460
6140 12.716297 7.054222
6150 12.696612 7.954782
6160 12.678640 7.080982
6170 12.663701 6.486660
6180 12.647160 7.242050
6190 12.628626 7.165668
6200 12.617889 7.307066
6210 12.617954 6.623499
6220 12.623294 7.417961
6230 12.632222 6.260179
6240 12.649631 6.714907
6250 12.664886 6.168373
6260 12.671842 7.347711
6270 12.670371 8.102131
6280 12.678730 6.619504
6290 12.691592 6.286072
6300 12.706686 4.192980
6310 12.725322 6.929077
6320 12.748865 7.576771
6330 12.774250 5.805334
6340 12.792148 5.002897
6350 12.807379 5.088889
6360 12.815965 7.616168
6370 12.830799 7.240271
6380 12.849644 8.483313
6390 12.863886 6.723238
6400 12.881155 7.417039
6410 12.894186 8.054734
6420 12.897393 7.308746
6430 12.905923 7.257613
6440 12.902519 6.720317
6450 12.886235 7.850234
6460 12.870942 7.547082
6470 12.859414 6.752001
6480 12.840834 6.264010
6490 12.823156 6.702482
6500 12.809872 6.796829
6510 12.797287 6.947621
6520 12.792228 8.173968
6530 12.786948 7.320283
6540 12.771338 8.602265
6550 12.759192 5.343528
6560 12.743936 9.160235
6570 12.731760 8.154734
6580 12.736135 6.765391
6590 12.749263 6.337687
6600 12.767052 6.972462
6610 12.790116 8.441893
6620 12.823013 6.832976
6630 12.852664 8.572335
6640 12.888592 6.735662
6650 12.927209 8.084447
6660 12.964720 5.892226
6670 12.992208 9.538745
6680 13.012522 6.490604
6690 13.027288 6.499641
6700 13.038037 9.075720
6710 13.049020 10.008946
6720 13.073458 6.490231
6730 13.087970 7.631414
6740 13.112373 7.081309
6750 13.142737 5.448755
6760 13.158516 6.544780
6770 13.169802 6.500084
6780 13.185911 7.826681
6790 13.204967 7.480487
6800 13.224727 9.303411
6810 13.244533 7.723354
6820 13.259093 8.500143
6830 13.290297 7.052096
6840 13.330443 8.002644
6850 13.370518 4.162860
6860 13.397300 6.040004
6870 13.433683 7.143511
6880 13.481943 9.679596
6890 13.535363 8.880501
6900 13.588680 6.630473
6910 13.632869 7.118354
6920 13.669099 6.520642
6930 13.704978 6.914398
6940 13.735707 8.020021
6950 13.774714 5.632779
6960 13.799946 7.228275
6970 13.823918 7.368175
6980 13.862062 8.525489
6990 13.913152 6.176710
7000 13.960718 6.937724
7010 14.015754 8.549075
7020 14.073358 7.782403
7030 14.145921 9.727996
7040 14.212597 6.960239
7050 14.275114 8.353778
7060 14.324427 7.618122
7070 14.371035 8.354374
7080 14.404838 8.520332
7090 14.433229 6.583737
7100 14.456176 7.823122
7110 14.481455 6.728621
7120 14.505269 8.887756
7130 14.535276 7.018963
7140 14.549749 9.056470
7150 14.559806 8.336590
7160 14.559451 8.549348
7170 14.558188 7.543955
7180 14.556428 8.279455
7190 14.562094 8.488191
7200 14.563785 6.244442
7210 14.563373 7.748236
7220 14.553330 9.785401
7230 14.548762 7.540885
7240 14.539599 6.857656
7250 14.524726 8.476417
7260 14.507242 7.323410
7270 14.500503 8.795588
7280 14.495293 6.791242
7290 14.482340 8.971614
7300 14.478007 7.416384
7310 14.461205 9.392694
7320 14.450575 7.241579
7330 14.437713 8.752855
7340 14.421206 9.095968
7350 14.403016 7.481319
7360 14.388665 8.737512
7370 14.374635 7.450844
7380 14.357043 7.648711
7390 14.339351 8.854632
7400 14.322959 8.518741
7410 14.307861 7.569072
7420 14.295249 8.988397
7430 14.293794 7.733742
7440 14.305150 6.220373
7450 14.307454 8.295061
7460 14.292735 9.036454
7470 14.282342 8.294717
7480 14.266643 8.466630
7490 14.256058 7.940341
7500 14.239194 8.308777
7510 14.222223 10.222354
7520 14.213520 6.166391
7530 14.202172 9.529765
7540 14.189963 7.111865
7550 14.174291 7.151466
7560 14.156709 9.953552
7570 14.143933 8.137349
7580 14.138367 6.619210
7590 14.121193 9.863522
7600 14.107432 7.879146
7610 14.089741 9.045241
7620 14.076569 7.362050
7630 14.069019 6.499316
7640 14.056591 7.854159
7650 14.051551 9.246972
7660 14.048680 6.762926
7670 14.043780 7.356986
7680 14.035721 7.526278
7690 14.021590 7.861994
7700 14.012649 8.442532
7710 14.002919 7.232416
7720 13.989285 9.076441
7730 13.970784 9.927697
7740 13.952854 6.071917
7750 13.936844 9.615625
7760 13.922420 8.002193
7770 13.912757 8.419042
7780 13.899234 8.008314
7790 13.885784 6.576169
7800 13.871803 8.694817
7810 13.855273 6.636398
7820 13.841406 7.870955
7830 13.826685 7.582290
7840 13.814249 8.559494
7850 13.809466 8.005024
7860 13.796595 7.274343
7870 13.782516 6.150527
7880 13.768559 5.247864
7890 13.753436 6.633551
7900 13.736890 10.567468
7910 13.721352 7.738164
7920 13.707255 8.722089
7930 13.695835 8.837400
7940 13.678965 7.103594
7950 13.662816 6.835917
7960 13.652051 8.434889
7970 13.650399 8.673212
7980 13.649573 4.655944
7990 13.639809 7.412304
8000 13.628703 8.594868
8010 13.612730 9.381578
8020 13.605349 8.485314
8030 13.596375 6.544059
8040 13.581744 8.501094
8050 13.566519 8.003550
8060 13.550851 7.920340
8070 13.538765 6.391756
8080 13.525589 7.964261
8090 13.513835 7.628909
8100 13.499817 6.124753
8110 13.486869 7.268600
8120 13.473887 7.876392
8130 13.460176 8.082726
8140 13.446698 8.566650
8150 13.434992 8.493435
8160 13.425826 8.440318
8170 13.429421 7.235114
8180 13.441782 7.645220
8190 13.446935 8.101278
8200 13.441956 6.649231
8210 13.431326 7.944980
8220 13.422105 8.107335
8230 13.409135 7.253716
8240 13.399597 7.545296
8250 13.390883 8.367483
8260 13.386510 7.919127
8270 13.376892 7.880536
8280 13.363733 6.377858
8290 13.354576 7.624650
8300 13.339131 6.331942
8310 13.328112 8.514848
8320 13.313188 8.055887
8330 13.300533 6.612108
8340 13.287469 7.711922
8350 13.275454 8.244468
8360 13.262153 6.765644
8370 13.247453 8.058756
8380 13.232501 9.304989
8390 13.225041 8.259596
8400 13.216031 5.854776
8410 13.209751 8.895511
8420 13.209084 7.783934
8430 13.200742 7.913930
8440 13.193017 5.808260
8450 13.179985 6.185261
8460 13.172125 7.760101
8470 13.176704 6.616000
8480 13.180337 7.902147
8490 13.189413 6.946250
8500 13.191761 6.299735
8510 13.190813 5.871159
8520 13.190142 7.144596
8530 13.182416 7.580244
8540 13.167745 8.340629
8550 13.156400 7.447873
8560 13.143378 6.706281
8570 13.133913 8.294516
8580 13.127849 9.953873
8590 13.127810 6.360859
8600 13.123046 8.332472
8610 13.116411 7.868206
8620 13.112504 8.332850
8630 13.106454 6.973168
8640 13.096367 8.376865
8650 13.086513 8.407344
8660 13.077755 7.358863
8670 13.063727 6.159581
8680 13.052200 7.657271
8690 13.039807 7.416216
8700 13.027003 8.072888
8710 13.016045 7.304535
8720 13.009801 7.519585
8730 13.004517 7.473428
8740 13.002785 6.883786
8750 13.005279 8.710168
8760 13.008996 7.971515
8770 13.011961 7.251284
8780 13.015513 6.940775
8790 13.024419 6.646477
8800 13.025510 5.946847
8810 13.021192 5.680670
8820 13.011851 8.765599
8830 12.998211 8.818951
8840 12.990451 6.792813
8850 12.986848 9.272492
8860 12.993513 7.311518
8870 13.005700 5.732758
8880 13.010881 7.282727
8890 13.019243 7.837643
8900 13.023464 6.800451
8910 13.017687 5.823040
8920 13.004608 6.869629
8930 12.990068 8.013237
8940 12.978204 6.403463
8950 12.965018 7.441314
8960 12.953058 7.447923
8970 12.940028 8.061079
8980 12.929620 9.319093
8990 12.921783 7.649883
9000 12.910247 7.729171
9010 12.900122 6.758393
9020 12.889258 6.714979
9030 12.876118 7.423068
9040 12.863609 6.739524
9050 12.850035 7.964606
9060 12.839901 5.540995
9070 12.824403 9.294683
9080 12.813890 8.224582
9090 12.802018 8.866510
9100 12.791475 5.477572
9110 12.787737 5.941731
9120 12.784720 6.289242
9130 12.779379 6.994217
9140 12.772585 6.744663
9150 12.773301 7.792324
9160 12.779795 7.141001
9170 12.793184 6.195403
9180 12.800406 7.332098
9190 12.804184 4.682574
9200 12.806566 6.577378
9210 12.809287 7.778687
9220 12.803461 7.276103
9230 12.789960 7.807963
9240 12.778435 6.782513
9250 12.768137 8.125184
9260 12.758929 5.964230
9270 12.746745 7.767186
9280 12.735010 6.176309
9290 12.724044 7.307931
9300 12.711350 6.972004
9310 12.698822 8.397866
9320 12.690641 6.652048
9330 12.679898 7.522728
9340 12.666756 7.779884
9350 12.653949 9.003814
9360 12.640099 8.787806
9370 12.631409 7.809396
9380 12.622138 8.096025
9390 12.611858 8.532546
9400 12.598589 8.015496
9410 12.586634 9.006012
9420 12.579186 8.025237
9430 12.576552 5.646070
9440 12.572908 6.465513
9450 12.574877 6.001406
9460 12.578044 6.724240
9470 12.584975 6.142416
9480 12.588418 7.558639
9490 12.591840 6.413711
9500 12.593138 6.293343
9510 12.589078 6.497405
9520 12.583448 6.711033
9530 12.575866 7.430564
9540 12.564738 6.527907
9550 12.555442 6.276366
9560 12.543172 6.101995
9570 12.531605 7.986951
9580 12.524727 6.036125
9590 12.512801 5.721788
9600 12.502609 6.066380
9610 12.491904 7.543663
9620 12.487721 7.623237
9630 12.488704 5.947833
9640 12.485918 7.436824
9650 12.476289 6.336361
9660 12.466447 5.926669
9670 12.458757 5.376671
9680 12.454191 7.244913
9690 12.450775 6.084700
9700 12.439552 5.642494
9710 12.430323 8.628660
9720 12.428259 5.842890
9730 12.425629 8.366645
9740 12.420392 6.601537
9750 12.409593 7.320055
9760 12.399927 8.871665
9770 12.388167 6.501735
9780 12.383548 7.170547
9790 12.377402 7.841626
9800 12.368784 6.645147
9810 12.358743 7.487881
9820 12.348469 8.014803
9830 12.339420 6.587085
9840 12.328169 6.566592
9850 12.318641 7.246964
9860 12.312304 7.453840
9870 12.309303 7.065139
9880 12.299998 7.266092
9890 12.288614 7.526344
9900 12.277402 8.038993
9910 12.266817 6.872509
9920 12.262241 5.587507
9930 12.251557 8.440676
9940 12.241916 7.101252
9950 12.232739 7.835797
9960 12.221011 7.653899
9970 12.210521 6.842874
9980 12.199217 8.199021
9990 12.190470 7.863693
10000 12.184758 6.838985
10010 12.173282 6.503738
10020 12.163290 7.208880
10030 12.153053 7.857678
10040 12.145463 7.370467
10050 12.138698 6.470448
10060 12.127916 6.312390
10070 12.118556 7.616511
10080 12.113235 7.251890
10090 12.110196 5.165563
10100 12.104779 6.520597
10110 12.096164 5.559838
10120 12.088306 6.396277
10130 12.077497 6.090963
10140 12.067358 6.157399
10150 12.057587 7.579527
10160 12.048387 7.789025
10170 12.037964 5.602231
10180 12.026721 7.474211
10190 12.017353 6.833350
10200 12.007458 8.300349
10210 11.997388 5.974061
10220 11.988962 6.864690
10230 11.984629 6.130024
10240 11.974674 6.417301
10250 11.963278 10.723933
10260 11.954290 6.446361
10270 11.948843 6.295857
10280 11.942273 9.097945
10290 11.932380 6.990448
10300 11.923669 5.508538
10310 11.915655 6.009394
10320 11.904050 7.916072
10330 11.895444 7.471103
10340 11.890160 6.800609
10350 11.891940 7.020159
10360 11.890356 7.909588
10370 11.891569 7.170468
10380 11.895158 6.500980
10390 11.900092 7.325062
10400 11.904044 6.124007
10410 11.908150 6.996774
10420 11.910619 6.709224
10430 11.914230 7.908416
10440 11.915885 7.848735
10450 11.919218 5.285033
10460 11.914382 5.561679
10470 11.907315 5.582846
10480 11.900994 5.820439
10490 11.892155 6.143975
10500 11.888298 7.709300
10510 11.887986 5.823968
10520 11.887318 5.744812
10530 11.877715 6.994782
10540 11.867368 6.786438
10550 11.857353 6.783599
10560 11.847064 5.771178
10570 11.839753 6.515179
10580 11.832724 6.291046
10590 11.826788 4.846826
10600 11.817383 6.284546
10610 11.811426 6.024085
10620 11.812695 7.775980
10630 11.815447 6.147086
10640 11.813411 7.220986
10650 11.812631 6.367314
10660 11.810913 5.987328
10670 11.806641 6.893618
10680 11.806788 4.874573
10690 11.803962 7.916272
10700 11.798315 6.478801
10710 11.788608 6.092255
10720 11.778734 6.635945
10730 11.769628 6.653816
10740 11.759665 7.231158
10750 11.749960 7.700966
10760 11.739270 8.203640
10770 11.731078 7.135582
10780 11.723414 7.662518
10790 11.714343 6.893564
10800 11.706598 5.957360
10810 11.695219 8.726630
10820 11.687349 3.451416
10830 11.678183 7.664781
10840 11.668793 6.737372
10850 11.666390 5.237444
10860 11.658073 8.001559
10870 11.651726 6.314878
10880 11.641085 8.147437
10890 11.632658 5.549502
10900 11.623944 6.261102
10910 11.616740 6.504660
10920 11.606747 6.167410
10930 11.596481 7.688571
10940 11.587577 6.166799
10950 11.577944 5.907222
10960 11.569336 6.304821
10970 11.565347 5.751065
10980 11.560339 7.611443
10990 11.558494 5.503860
11000 11.550339 7.639330
11010 11.542224 7.058655
11020 11.538671 7.369005
11030 11.537747 6.105265
11040 11.533068 7.820583
11050 11.527236 6.621977
11060 11.518575 6.677220
11070 11.511577 6.121463
11080 11.502793 5.655238
11090 11.494520 5.693669
11100 11.487066 6.018375
11110 11.478612 10.060490
11120 11.467684 8.059898
11130 11.460187 6.549030
11140 11.450586 6.952249
11150 11.441137 5.638099
11160 11.433631 7.425764
11170 11.426230 8.105822
11180 11.417294 8.192639
11190 11.410049 5.841007
11200 11.405249 5.867964
11210 11.397376 7.443236
11220 11.393398 5.380714
11230 11.386958 5.983432
11240 11.380395 7.530453
11250 11.378890 5.994773
11260 11.382028 7.174087
11270 11.391331 7.711038
11280 11.399171 4.941962
11290 11.393471 7.563185
11300 11.384250 7.630880
11310 11.378257 7.149221
11320 11.384522 6.983780
11330 11.397706 7.229535
11340 11.405799 6.877041
11350 11.420123 6.954872
11360 11.442623 5.229327
11370 11.464107 7.658323
11380 11.482111 6.839310
11390 11.494809 6.827579
11400 11.505749 7.475076
11410 11.513089 5.148206
11420 11.515523 5.720232
11430 11.519969 5.712415
11440 11.528173 6.871904
11450 11.528080 7.085089
11460 11.522707 4.747390
11470 11.514386 8.460831
11480 11.507961 7.385123
11490 11.499813 5.383145
11500 11.491980 7.133090
11510 11.485405 6.283606
11520 11.479679 6.734958
11530 11.475214 5.930672
11540 11.468313 6.273276
11550 11.460237 5.954063
11560 11.452025 6.901643
11570 11.444551 6.667705
11580 11.437759 7.770782
11590 11.439166 7.423474
11600 11.444438 7.398714
11610 11.449991 5.519355
11620 11.454880 7.031310
11630 11.457692 9.005729
11640 11.464363 6.243301
11650 11.468465 6.962333
11660 11.471941 7.812572
11670 11.477837 5.701606
11680 11.477719 6.885514
11690 11.474933 7.787480
11700 11.471291 7.253026
11710 11.468557 7.046776
11720 11.461138 5.619286
11730 11.455670 5.327058
11740 11.452637 6.809956
11750 11.455533 6.065136
11760 11.456191 5.463121
11770 11.460000 6.929257
11780 11.463396 6.179361
11790 11.467657 6.829575
11800 11.467684 4.629104
11810 11.463506 8.702425
11820 11.456981 5.971325
11830 11.451094 8.972090
11840 11.449577 5.415577
11850 11.443689 7.187775
11860 11.435538 8.459070
11870 11.431499 6.158202
11880 11.426369 5.584952
11890 11.418053 6.238342
11900 11.412399 7.260883
11910 11.412418 5.595210
11920 11.406386 5.450803
11930 11.401148 5.949584
11940 11.397779 6.302387
11950 11.389772 7.150005
11960 11.381613 6.925196
11970 11.374638 7.516869
11980 11.367268 7.296059
11990 11.360364 6.626224
12000 11.350732 7.431377
12010 11.343603 6.898396
12020 11.338559 7.958782
12030 11.335830 3.269035
12040 11.328645 7.023918
12050 11.321539 7.025437
12060 11.313109 7.074965
12070 11.305417 7.579169
12080 11.300780 6.597533
12090 11.299054 6.619068
12100 11.294020 5.066774
12110 11.285690 5.533701
12120 11.277469 7.075116
12130 11.274411 5.536678
12140 11.268524 7.160714
12150 11.265248 5.731613
12160 11.265134 6.906993
12170 11.265940 5.591831
12180 11.266705 7.116590
12190 11.268653 5.055220
12200 11.262232 4.764345
12210 11.253945 5.494035
12220 11.245724 5.847284
12230 11.237382 7.484660
12240 11.230414 6.060687
12250 11.225246 6.956389
12260 11.221155 7.273993
12270 11.215207 5.250999
12280 11.207133 4.638142
12290 11.200860 6.051267
12300 11.193028 6.857227
12310 11.186296 5.884828
12320 11.178844 7.641755
12330 11.170344 7.380425
12340 11.163659 5.539143
12350 11.160736 6.461344
12360 11.159348 7.631201
12370 11.155377 7.078407
12380 11.149193 6.656941
12390 11.140856 6.058307
12400 11.136889 6.977403
12410 11.135166 4.311340
12420 11.127328 7.360347
12430 11.121516 5.546828
12440 11.117051 5.152994
12450 11.115537 7.253087
12460 11.109321 5.591287
12470 11.103828 6.302298
12480 11.103135 5.602317
12490 11.096784 4.525170
12500 11.089626 6.779210
12510 11.081595 5.957246
12520 11.074419 5.464888
12530 11.069190 5.468433
12540 11.061339 5.458427
12550 11.060929 8.590136
12560 11.061284 5.088056
12570 11.055954 5.564193
12580 11.049772 6.267985
12590 11.042286 7.164224
12600 11.034922 6.302197
12610 11.026997 6.816232
12620 11.019221 6.360493
12630 11.011201 5.947175
12640 11.005968 6.299000
12650 10.998929 4.567486
12660 10.990997 5.655218
12670 10.984088 5.812904
12680 10.978860 5.568264
12690 10.972595 7.225935
12700 10.964903 6.794817
12710 10.958283 5.850771
12720 10.950556 5.733216
12730 10.941507 8.327174
12740 10.936632 5.721717
12750 10.929053 5.994879
12760 10.922140 5.231962
12770 10.915079 5.650182
12780 10.907604 5.922901
12790 10.903187 5.449276
12800 10.898119 5.355209
12810 10.890688 5.609561
12820 10.883349 5.893522
12830 10.877614 7.786408
12840 10.878420 6.110598
12850 10.877503 5.735306
12860 10.872739 7.065832
12870 10.866593 5.779395
12880 10.865385 6.875012
12890 10.870996 5.848912
12900 10.883232 5.006529
12910 10.901565 6.900923
12920 10.919155 6.712198
12930 10.941349 6.984530
12940 10.966017 7.387010
12950 10.988183 6.680900
12960 11.008162 5.320736
12970 11.027518 3.960083
12980 11.043063 6.605719
12990 11.063399 5.260924
13000 11.075970 5.772013
13010 11.087360 6.926065
13020 11.101764 5.832278
13030 11.118914 7.522727
13040 11.140325 7.286925
13050 11.166327 6.406082
13060 11.193066 6.948103
13070 11.216723 5.835969
13080 11.245192 6.850212
13090 11.266707 6.479205
13100 11.282934 5.712637
13110 11.293981 5.664190
13120 11.300225 6.603439
13130 11.301268 6.142384
13140 11.296516 7.616566
13150 11.290559 6.415101
13160 11.282364 7.197400
13170 11.275538 7.056526
13180 11.269156 6.608760
13190 11.263191 7.150337
13200 11.264687 6.669398
13210 11.271009 7.153399
13220 11.285311 4.937746
13230 11.301864 7.529848
13240 11.317258 6.523589
13250 11.331313 8.452712
13260 11.350159 6.833058
13270 11.367009 5.533233
13280 11.380792 6.560795
13290 11.396405 5.456331
13300 11.405370 7.475205
13310 11.417639 9.136903
13320 11.434528 5.418208
13330 11.450117 4.511311
13340 11.457867 5.222725
13350 11.462022 4.161342
13360 11.460763 6.667628
13370 11.456382 6.254165
13380 11.448722 6.144248
13390 11.444080 4.778320
13400 11.436208 6.136894
13410 11.428250 6.024607
13420 11.421315 6.574914
13430 11.419550 6.279678
13440 11.411454 7.143474
13450 11.404075 6.633546
13460 11.398637 5.092759
13470 11.391333 6.522239
13480 11.383421 7.234728
13490 11.378587 6.710553
13500 11.374334 5.458358
13510 11.367606 5.581793
13520 11.360744 7.027816
13530 11.354797 5.197333
13540 11.347634 7.676749
13550 11.340605 3.937137
13560 11.336451 6.220874
13570 11.329593 5.326812
13580 11.322244 5.802095
13590 11.317560 6.422706
13600 11.310757 7.138040
13610 11.309130 5.799115
13620 11.311264 6.726104
13630 11.309123 5.892684
13640 11.303027 6.755096
13650 11.299199 6.534351
13660 11.292076 6.754773
13670 11.287644 7.637423
13680 11.287563 5.220940
13690 11.284434 8.716570
13700 11.282381 5.341387
13710 11.275821 7.293585
13720 11.270166 6.880153
13730 11.262278 7.768730
13740 11.259178 5.641843
13750 11.253042 7.763222
13760 11.248360 6.446774
13770 11.239967 3.546297
13780 11.234664 4.561057
13790 11.229290 6.076978
13800 11.221666 9.028571
13810 11.216166 6.804614
13820 11.209170 7.902009
13830 11.201900 6.697268
13840 11.196248 7.065481
13850 11.190001 7.106837
13860 11.183980 6.175444
13870 11.178981 6.311679
13880 11.173394 6.772704
13890 11.171794 7.219531
13900 11.164764 6.528267
13910 11.156765 7.360892
13920 11.149904 6.803128
13930 11.143478 6.600248
13940 11.136735 5.923550
13950 11.129381 7.148606
13960 11.122573 4.435850
13970 11.117472 6.526923
13980 11.116855 6.163497
13990 11.119693 5.173880
14000 11.115065 6.606102
14010 11.107714 6.733629
14020 11.100709 5.960257
14030 11.094079 6.519684
14040 11.088073 5.801576
14050 11.082143 6.489187
14060 11.079015 7.839809
14070 11.078432 5.564640
14080 11.078205 5.449901
14090 11.076872 6.361248
14100 11.077514 6.972082
14110 11.085972 4.808001
14120 11.091512 4.923790
14130 11.101633 6.603701
14140 11.109273 6.796306
14150 11.109530 6.567049
14160 11.103793 6.396456
14170 11.096135 8.396899
14180 11.090487 5.618532
14190 11.082925 5.717327
14200 11.075903 6.258990
14210 11.073606 6.666682
14220 11.074932 5.797345
14230 11.075275 6.860727
14240 11.077742 6.920170
14250 11.084041 6.552642
14260 11.090432 5.321131
14270 11.095506 5.545192
14280 11.100952 5.845121
14290 11.104729 6.715360
14300 11.108584 5.423249
14310 11.113023 7.921467
14320 11.120610 7.526372
14330 11.129592 4.794948
14340 11.139543 7.449295
14350 11.148061 5.760086
14360 11.153258 6.331317
14370 11.154507 6.417686
14380 11.152502 6.826553
14390 11.157236 6.650947
14400 11.159860 6.703272
14410 11.163339 7.931529
14420 11.171991 6.639398
14430 11.184445 7.356832
14440 11.193719 6.499736
14450 11.204352 8.004852
14460 11.211184 5.074601
14470 11.211168 6.381301
14480 11.209069 5.978899
14490 11.208275 6.728758
14500 11.203580 6.468195
14510 11.198338 6.730733
14520 11.192127 8.381832
14530 11.187341 6.138132
14540 11.182885 7.803799
14550 11.181693 5.906688
14560 11.178548 7.601632
14570 11.175036 5.360049
14580 11.178717 6.028459
14590 11.180797 5.539258
14600 11.179139 6.696953
14610 11.173108 6.122855
14620 11.166831 7.258707
14630 11.163360 7.843394
14640 11.162556 4.450343
14650 11.162684 7.389341
14660 11.160884 4.549472
14670 11.154119 6.987784
14680 11.147738 5.544707
14690 11.141072 7.893986
14700 11.137573 6.937320
14710 11.131481 5.761270
14720 11.124937 6.982440
14730 11.119003 6.969006
14740 11.112259 7.120509
14750 11.106333 6.040696
14760 11.099276 6.790925
14770 11.093595 5.433238
14780 11.087040 7.349716
14790 11.082657 4.342493
14800 11.081270 8.675801
14810 11.080155 5.554037
14820 11.076317 6.670405
14830 11.070296 6.680191
14840 11.064410 7.088937
14850 11.060925 6.277722
14860 11.056503 7.434328
14870 11.051022 6.662813
14880 11.043602 7.006807
14890 11.038725 5.196038
14900 11.032474 7.564444
14910 11.028123 7.090172
14920 11.022408 6.541466
14930 11.015752 6.875809
14940 11.010199 6.643239
14950 11.008673 7.492057
14960 11.003906 6.088612
14970 10.999179 6.340435
14980 10.995838 6.015782
14990 10.995417 5.927387
15000 10.997624 7.392808
15010 11.004588 4.443579
15020 11.010020 6.088808
15030 11.017757 6.407803
15040 11.030988 4.608813
15050 11.041915 5.668010
15060 11.052777 5.550500
15070 11.071464 5.334557
15080 11.087734 7.028111
15090 11.102478 5.943225
15100 11.114858 5.816619
15110 11.126479 5.336289
15120 11.142642 7.113761
15130 11.161429 6.869685
15140 11.176903 6.708383
15150 11.194290 7.719781
15160 11.210253 3.823066
15170 11.218079 4.969055
15180 11.217226 7.544164
15190 11.212663 6.056390
15200 11.206741 7.204831
15210 11.200850 7.514742
15220 11.194656 7.158589
15230 11.188871 5.276264
15240 11.183970 7.113842
15250 11.178198 6.415871
15260 11.171830 8.538662
15270 11.165836 7.707597
15280 11.159968 7.233028
15290 11.153690 5.291803
15300 11.151496 6.146458
15310 11.148077 6.661018
15320 11.141699 5.438595
15330 11.136475 6.628625
15340 11.131786 6.916857
15350 11.127256 6.654906
15360 11.122337 7.357823
15370 11.116084 5.721839
15380 11.109354 5.621033
15390 11.102903 6.318006
15400 11.101643 5.003855
15410 11.103445 6.088852
15420 11.106030 6.498099
15430 11.112376 5.477391
15440 11.111716 6.618101
15450 11.108811 3.735134
15460 11.102473 9.755485
15470 11.098569 5.911222
15480 11.092758 5.958621
15490 11.087558 5.146175
15500 11.082764 6.600125
15510 11.077660 5.845223
15520 11.071796 5.082567
15530 11.065509 4.665203
15540 11.059535 6.466783
15550 11.053770 7.017932
15560 11.048365 7.297059
15570 11.042472 5.516110
15580 11.035786 6.611014
15590 11.031713 6.757695
15600 11.030524 5.664058
15610 11.032036 7.007076
15620 11.032455 7.294885
15630 11.040399 5.836387
15640 11.049436 5.328752
15650 11.059253 6.384218
15660 11.066649 4.517905
15670 11.067836 6.139547
15680 11.064156 6.548440
15690 11.057703 7.326906
15700 11.052294 7.735402
15710 11.046079 4.929180
15720 11.040312 6.717746
15730 11.034696 7.702516
15740 11.031565 6.640519
15750 11.024996 5.294153
15760 11.019825 6.386166
15770 11.014069 6.369762
15780 11.011302 5.385428
15790 11.011401 5.259172
15800 11.007997 6.515582
15810 11.006513 6.196596
15820 11.005501 4.723612
15830 11.005505 5.268686
15840 11.001714 4.056215
15850 10.995746 5.827120
15860 10.990204 8.690760
15870 10.987917 6.008066
15880 10.983933 6.642264
15890 10.978059 6.587291
15900 10.972405 5.703308
15910 10.966538 5.561121
15920 10.960912 7.632326
15930 10.955015 5.638231
15940 10.947619 8.975202
15950 10.942295 6.700058
15960 10.935885 6.921191
15970 10.930128 6.347868
15980 10.928078 6.045749
15990 10.930260 6.207651
16000 10.931459 5.777571
16010 10.931379 5.528514
16020 10.935650 5.600833
16030 10.942110 7.454501
16040 10.948356 6.770359
16050 10.949201 7.095800
16060 10.947051 5.011163
16070 10.943597 5.313407
16080 10.938040 5.556249
16090 10.931529 7.412920
16100 10.925766 6.451477
16110 10.921251 6.226506
16120 10.915708 6.987311
16130 10.909467 7.912596
16140 10.904056 7.037289
16150 10.898064 7.125339
16160 10.893032 5.525335
16170 10.888348 6.441386
16180 10.885966 5.502334
16190 10.883838 6.378466
16200 10.880839 6.938510
16210 10.882908 7.158241
16220 10.887463 6.031828
16230 10.892153 8.147876
16240 10.898818 5.020566
16250 10.900513 6.273466
16260 10.900185 6.883294
16270 10.897672 4.377533
16280 10.892076 7.318477
16290 10.887719 6.795906
16300 10.885542 5.929332
16310 10.886900 4.257619
16320 10.884854 5.143527
16330 10.881534 7.080805
16340 10.875371 7.420752
16350 10.869346 7.426452
16360 10.864846 6.216904
16370 10.860613 8.276812
16380 10.857865 5.477659
16390 10.855588 6.165114
16400 10.851735 5.369875
16410 10.846218 5.709639
16420 10.844081 5.800493
16430 10.843663 3.561915
16440 10.837381 9.898880
16450 10.833461 4.985401
16460 10.828177 5.602071
16470 10.824550 6.694909
16480 10.825183 5.527277
16490 10.821965 5.377897
16500 10.817197 6.517870
16510 10.811850 7.162918
16520 10.807515 5.051044
16530 10.805197 5.842637
16540 10.806372 6.532518
16550 10.808247 7.235870
16560 10.808879 5.500724
16570 10.813226 6.931559
16580 10.817310 5.711863
16590 10.817785 5.345132
16600 10.818691 6.695918
16610 10.813897 5.377843
16620 10.811746 6.951507
16630 10.808968 6.138171
16640 10.809277 5.401357
16650 10.804859 6.971412
16660 10.804618 5.601579
16670 10.805049 7.191976
16680 10.801035 4.384863
16690 10.795136 4.979505
16700 10.789290 5.851778
16710 10.784429 6.611380
16720 10.780714 6.528360
16730 10.776017 6.934873
16740 10.771415 6.353666
16750 10.771927 5.185639
16760 10.769183 7.096789
16770 10.766613 6.104501
16780 10.766741 4.800851
16790 10.763773 5.940777
16800 10.762998 7.146695
16810 10.768404 6.742882
16820 10.773058 5.742734
16830 10.775236 6.752530
16840 10.777792 7.389197
16850 10.781144 5.665759
16860 10.781786 5.842061
16870 10.780766 7.077663
16880 10.779923 5.609021
16890 10.778043 5.452318
16900 10.773517 6.635888
16910 10.767966 6.150267
16920 10.768144 6.472261
16930 10.769073 5.783643
16940 10.769012 4.999288
16950 10.764522 5.732731
16960 10.760131 5.161679
16970 10.754762 5.670374
16980 10.749425 8.155652
16990 10.748137 5.126609
17000 10.743396 7.000178
17010 10.740054 6.427473
17020 10.737223 7.463132
17030 10.733244 4.862260
17040 10.727901 5.917176
17050 10.725243 5.733226
17060 10.724065 5.168647
17070 10.720802 5.923589
17080 10.720609 6.397422
17090 10.719735 5.264319
17100 10.720751 5.201553
17110 10.724506 4.739949
17120 10.727970 5.651288
17130 10.728946 6.293953
17140 10.724140 6.584132
17150 10.718947 7.396577
17160 10.713928 7.159723
17170 10.708040 7.084032
17180 10.704504 5.548039
17190 10.701463 5.795514
17200 10.696434 4.974560
17210 10.691628 6.542192
17220 10.686566 6.227476
17230 10.681181 5.714820
17240 10.676318 5.706851
17250 10.670707 7.135630
17260 10.668180 5.844633
17270 10.667352 6.312101
17280 10.666454 5.310375
17290 10.662824 6.350199
17300 10.656955 6.836824
17310 10.651535 5.727503
17320 10.649098 6.968378
17330 10.643896 6.597679
17340 10.638563 4.566192
17350 10.632907 6.541168
17360 10.627850 6.384674
17370 10.622439 5.899356
17380 10.616715 6.652788
17390 10.612817 5.826263
17400 10.611329 7.314651
17410 10.608824 6.804482
17420 10.606365 4.939094
17430 10.607610 6.342725
17440 10.606932 7.315605
17450 10.602576 6.804957
17460 10.597669 6.945945
17470 10.595459 6.495405
17480 10.591080 7.571352
17490 10.585547 7.639197
17500 10.580653 6.370930
17510 10.577422 5.029720
17520 10.574930 6.852161
17530 10.569982 6.133051
17540 10.568321 5.014549
17550 10.564532 6.752588
17560 10.558696 7.636073
17570 10.555800 7.039351
17580 10.552193 7.902946
17590 10.548953 5.291139
17600 10.544942 5.826386
17610 10.540696 6.599956
17620 10.540560 6.503422
17630 10.543589 5.436111
17640 10.548183 5.403370
17650 10.552103 5.336216
17660 10.558150 5.010822
17670 10.563824 6.280666
17680 10.570564 6.765829
17690 10.581783 6.506599
17700 10.592884 7.716409
17710 10.605378 6.628447
17720 10.618193 6.479512
17730 10.632113 5.819430
17740 10.643875 6.040849
17750 10.654663 6.754472
17760 10.669808 6.966103
17770 10.686435 5.251940
17780 10.701281 6.049656
17790 10.714183 7.327228
17800 10.722682 4.834043
17810 10.724278 5.254760
17820 10.719850 8.046477
17830 10.716055 6.622341
17840 10.714169 5.379205
17850 10.716110 5.485604
17860 10.716934 5.194562
17870 10.714184 5.647830
17880 10.711202 5.390101
17890 10.707434 7.577536
17900 10.705455 5.790372
17910 10.699986 5.208458
17920 10.694431 6.980496
17930 10.695842 6.913333
17940 10.697467 6.615650
17950 10.693237 6.245757
17960 10.687892 5.929067
17970 10.685046 4.881108
17980 10.682295 5.294571
17990 10.680119 7.865250
18000 10.680999 4.414201
18010 10.677919 7.266399
18020 10.674739 6.834613
18030 10.675208 5.236664
18040 10.671350 6.990658
18050 10.665870 8.066890
18060 10.663563 5.987882
18070 10.658921 7.041379
18080 10.654207 6.336962
18090 10.649651 7.573883
18100 10.644725 7.989449
18110 10.641227 6.553182
18120 10.635942 5.027602
18130 10.632376 7.279290
18140 10.627654 7.755435
18150 10.627583 4.377380
18160 10.631476 7.477038
18170 10.635809 5.528603
18180 10.637946 5.566675
18190 10.642022 5.395243
18200 10.647789 6.539839
18210 10.659257 5.601993
18220 10.670669 6.147283
18230 10.681452 4.283104
18240 10.690984 5.657939
18250 10.700407 6.846191
18260 10.710891 5.862646
18270 10.719855 5.082473
18280 10.730693 7.648834
18290 10.737715 6.391415
18300 10.740194 5.711921
18310 10.743503 6.095879
18320 10.748813 5.154831
18330 10.751304 6.594552
18340 10.751166 5.436184
18350 10.749407 5.730592
18360 10.751634 5.748415
18370 10.754210 5.890101
18380 10.761507 6.707729
18390 10.770453 6.445083
18400 10.774327 4.622435
18410 10.774224 6.164854
18420 10.772039 5.652021
18430 10.766262 7.046002
18440 10.761486 5.313254
18450 10.757404 5.094560
18460 10.752442 6.456969
18470 10.747037 4.938080
18480 10.742587 6.296337
18490 10.736797 7.663580
18500 10.732856 5.592549
18510 10.730499 7.378901
18520 10.727605 6.191767
18530 10.722183 7.096431
18540 10.717530 6.521583
18550 10.712780 5.423208
18560 10.708139 7.318760
18570 10.707446 4.786063
18580 10.704316 5.547176
18590 10.701162 4.938682
18600 10.695640 7.887709
18610 10.691900 5.862644
18620 10.690000 7.376284
18630 10.688400 6.867685
18640 10.685810 4.402961
18650 10.682434 6.518621
18660 10.677522 4.846283
18670 10.672923 7.609527
18680 10.667971 5.487157
18690 10.666220 4.411087
18700 10.666995 5.668935
18710 10.663825 4.552067
18720 10.661127 5.897965
18730 10.659208 6.368479
18740 10.655836 7.237983
18750 10.652583 5.762816
18760 10.649604 5.720355
18770 10.645413 4.849125
18780 10.641736 5.658912
18790 10.637030 5.015533
18800 10.632823 6.554420
18810 10.628295 5.381343
18820 10.623298 5.495268
18830 10.618610 6.256420
18840 10.613283 7.642368
18850 10.609098 6.080617
18860 10.604419 6.212906
18870 10.598849 4.756068
18880 10.595523 5.698581
18890 10.596387 5.250443
18900 10.595713 6.448707
18910 10.590487 4.953773
18920 10.585890 5.487674
18930 10.581357 4.668301
18940 10.576566 5.503212
18950 10.572254 4.787959
18960 10.567413 5.455433
18970 10.562115 7.446266
18980 10.558874 6.979041
18990 10.558750 6.758317
19000 10.557970 6.325002
19010 10.555525 3.785821
19020 10.550704 6.471682
19030 10.545326 6.496320
19040 10.540301 6.387962
19050 10.536347 6.012518
19060 10.533350 7.242417
19070 10.530564 4.061855
19080 10.525735 4.907387
19090 10.520670 6.438109
19100 10.515538 4.702827
19110 10.510754 5.436266
19120 10.505882 6.505314
19130 10.501099 6.925647
19140 10.496774 6.501804
19150 10.495620 6.773928
19160 10.496522 6.777518
19170 10.496200 5.600725
19180 10.491629 6.401249
19190 10.487433 5.803697
19200 10.483238 8.092071
19210 10.480643 6.776219
19220 10.480704 5.475932
19230 10.484869 5.169189
19240 10.483996 6.187728
19250 10.479024 6.923780
19260 10.474978 5.284498
19270 10.471346 3.743854
19280 10.467117 6.535175
19290 10.462153 7.907705
19300 10.460436 4.935124
19310 10.458879 6.552746
19320 10.458149 3.792353
19330 10.457829 6.396145
19340 10.456994 4.703831
19350 10.458844 5.317590
19360 10.464629 6.147226
19370 10.475226 5.714209
19380 10.480747 4.857177
19390 10.482328 5.772949
19400 10.483387 6.245696
19410 10.485765 5.542165
19420 10.483132 6.400227
19430 10.478758 5.846326
19440 10.473603 4.749835
19450 10.468966 5.104603
19460 10.463809 6.785433
19470 10.460026 5.905223
19480 10.455868 4.894424
19490 10.455519 6.870341
19500 10.454429 8.308059
19510 10.452980 4.651344
19520 10.451054 5.550657
19530 10.448196 8.320138
19540 10.448264 4.615791
19550 10.447434 6.014586
19560 10.442295 5.049560
19570 10.438194 5.990588
19580 10.433460 6.977699
19590 10.429203 6.474633
19600 10.427739 7.245942
19610 10.427618 4.707602
19620 10.422750 9.333623
19630 10.420404 5.350555
19640 10.416969 5.606262
19650 10.412347 6.795557
19660 10.407763 5.716383
19670 10.402390 7.406827
19680 10.398394 6.075927
19690 10.394792 5.640091
19700 10.393930 4.860618
19710 10.395119 6.989033
19720 10.396302 6.163077
19730 10.397252 6.174061
19740 10.395797 4.221426
19750 10.394093 6.781260
19760 10.394818 5.173737
19770 10.392986 6.246195
19780 10.388373 5.277295
19790 10.384068 7.322052
19800 10.379785 4.938808
19810 10.375836 6.051974
19820 10.371175 6.809581
19830 10.368487 5.482513
19840 10.363715 7.390920
19850 10.361889 6.501613
19860 10.361913 5.594595
19870 10.362626 4.477927
19880 10.361721 5.255850
19890 10.357749 4.221003
19900 10.357006 6.294042
19910 10.354866 4.048548
19920 10.352663 6.181867
19930 10.356520 5.562544
19940 10.363041 6.079331
19950 10.369701 5.587619
19960 10.377996 5.547457
19970 10.389013 5.059864
19980 10.398036 3.738626
19990 10.401621 5.913560
20000 10.407032 6.422964
20010 10.415377 6.048823
20020 10.418668 6.286936
20030 10.415125 6.952523
20040 10.410729 5.930406
20050 10.408833 6.470773
20060 10.406192 6.330461
20070 10.402085 5.235784
20080 10.397048 3.846694
20090 10.392597 7.344856
20100 10.388048 7.844159
20110 10.383940 5.044095
20120 10.380035 7.934400
20130 10.375497 5.483863
20140 10.374013 6.592875
20150 10.374748 6.802108
20160 10.377857 4.877271
20170 10.375247 8.928179
20180 10.371854 6.268058
20190 10.367533 5.554797
20200 10.367673 5.695755
20210 10.367832 5.519296
20220 10.368489 6.129039
20230 10.369860 5.522861
20240 10.370019 5.239246
20250 10.370647 8.383828
20260 10.369206 7.339640
20270 10.367207 6.047122
20280 10.363384 4.809180
20290 10.359361 6.550130
20300 10.355244 7.155601
20310 10.353883 6.433990
20320 10.353595 4.721573
20330 10.352148 4.359371
20340 10.350521 6.152289
20350 10.348317 6.739678
20360 10.346834 6.565834
20370 10.345611 4.925861
20380 10.344505 6.172073
20390 10.345900 5.069797
20400 10.347732 5.663080
20410 10.346154 6.870495
20420 10.348161 6.375087
20430 10.349719 6.755010
20440 10.349322 7.306037
20450 10.348679 6.956165
20460 10.347423 5.578178
20470 10.343668 7.901573
20480 10.341036 5.591664
20490 10.338601 4.977141
20500 10.334360 5.216395
20510 10.330676 5.586109
20520 10.327661 6.502636
20530 10.323883 4.893501
20540 10.321196 6.249070
20550 10.317711 4.821444
20560 10.313066 5.301181
20570 10.310506 5.465363
20580 10.311074 5.677426
20590 10.310444 6.220084
20600 10.310841 6.282209
20610 10.310945 5.727802
20620 10.306770 6.489670
20630 10.302089 6.528775
20640 10.298606 7.681405
20650 10.296600 5.472436
20660 10.294771 5.916835
20670 10.295084 5.068232
20680 10.293239 4.254051
20690 10.290249 7.517023
20700 10.286934 4.797681
20710 10.281932 8.356764
20720 10.277788 6.144500
20730 10.274270 6.284885
20740 10.271023 6.098052
20750 10.267718 3.304997
20760 10.263239 6.938757
20770 10.258564 4.100721
20780 10.253397 8.215562
20790 10.249916 5.377123
20800 10.244933 6.808590
20810 10.241984 6.308496
20820 10.237853 6.234938
20830 10.235724 4.990010
20840 10.234088 5.886849
20850 10.230197 5.489494
20860 10.226723 5.586538
20870 10.223803 4.146515
20880 10.220963 5.569545
20890 10.219456 7.148806
20900 10.220335 6.523769
20910 10.219723 5.458484
20920 10.215723 6.597880
20930 10.211544 5.095066
20940 10.206786 7.906966
20950 10.203741 6.124272
20960 10.200640 5.166908
20970 10.196206 6.363392
20980 10.192008 5.401844
20990 10.188904 5.036158
21000 10.185939 6.330444
21010 10.186216 7.073097
21020 10.185414 3.740581
21030 10.183332 5.137260
21040 10.181323 4.703102
21050 10.178265 6.711049
21060 10.176129 6.066145
21070 10.171852 7.274030
21080 10.168622 6.398182
21090 10.167158 6.011520
21100 10.166457 5.526475
21110 10.165769 5.114660
21120 10.165428 6.547277
21130 10.164363 5.854452
21140 10.163317 5.192257
21150 10.161372 6.986989
21160 10.158811 5.157116
21170 10.154892 5.891883
21180 10.152100 5.045475
21190 10.150126 6.428622
21200 10.146560 7.293823
21210 10.142681 6.278424
21220 10.139896 5.899926
21230 10.140722 3.432581
21240 10.138523 6.030263
21250 10.134063 5.873647
21260 10.130960 6.353408
21270 10.129285 3.620047
21280 10.125466 4.756556
21290 10.121334 6.228871
21300 10.117300 5.399841
21310 10.114687 6.550662
21320 10.112997 6.543361
21330 10.109857 6.896190
21340 10.105597 5.299954
21350 10.102060 6.141874
21360 10.098422 4.505604
21370 10.095474 7.001777
21380 10.098128 4.851017
21390 10.102154 5.984543
21400 10.103458 5.484129
21410 10.102977 4.890589
21420 10.100446 5.064278
21430 10.099885 4.030152
21440 10.101795 4.844187
21450 10.104085 6.049403
21460 10.108177 6.220006
21470 10.114226 3.411185
21480 10.119907 4.646071
21490 10.123835 5.483852
21500 10.126419 7.240144
21510 10.128449 5.888880
21520 10.127298 3.987560
21530 10.123642 5.921472
21540 10.119413 5.207276
21550 10.116865 5.403857
21560 10.113035 8.396961
21570 10.109465 5.751298
21580 10.105621 6.107864
21590 10.102375 6.200924
21600 10.097877 3.207724
21610 10.094053 5.266454
21620 10.089828 6.833256
21630 10.085588 6.205222
21640 10.084998 5.149521
21650 10.080785 4.446417
21660 10.076845 4.857217
21670 10.072367 8.228132
21680 10.070230 6.291717
21690 10.069937 4.030185
21700 10.070257 7.031583
21710 10.069583 5.590296
21720 10.069219 7.095365
21730 10.068504 5.830512
21740 10.069677 5.141674
21750 10.071348 4.816162
21760 10.070084 6.144212
21770 10.067524 4.721106
21780 10.064281 5.929551
21790 10.059749 7.225284
21800 10.055987 6.386370
21810 10.051711 6.519172
21820 10.048470 4.765186
21830 10.044413 6.326833
21840 10.040006 7.070443
21850 10.036177 5.167857
21860 10.032053 5.087801
21870 10.028798 6.058333
21880 10.030968 6.565133
21890 10.035790 4.840893
21900 10.041277 5.688207
21910 10.048033 5.443606
21920 10.052593 5.998250
21930 10.053293 9.264446
21940 10.055056 5.424148
21950 10.057328 5.317476
21960 10.055674 5.221149
21970 10.052800 4.170912
21980 10.050307 5.212314
21990 10.047615 5.497799
22000 10.044487 5.561669
22010 10.042657 4.953258
22020 10.040315 5.246707
22030 10.038504 4.563847
22040 10.037138 5.190964
22050 10.038338 6.438439
22060 10.043245 7.235106
22070 10.047938 6.657376
22080 10.052962 5.909421
22090 10.054285 6.452032
22100 10.057524 5.337970
22110 10.057354 3.748420
22120 10.055910 7.093715
22130 10.056296 4.341378
22140 10.053720 6.194132
22150 10.049981 5.403640
22160 10.046186 4.739123
22170 10.042428 4.925961
22180 10.038693 7.891283
22190 10.034995 6.114723
22200 10.033162 4.879637
22210 10.034030 5.463070
22220 10.040644 4.481045
22230 10.047474 8.503001
22240 10.057653 6.721317
22250 10.070301 3.814761
22260 10.080836 5.786538
22270 10.092462 5.919927
22280 10.102565 6.167544
22290 10.115700 4.727003
22300 10.124335 6.005338
22310 10.129175 4.767279
22320 10.132023 5.248644
22330 10.134742 5.223489
22340 10.136064 5.203348
22350 10.133372 6.988834
22360 10.131380 6.333602
22370 10.129323 5.504899
22380 10.125299 5.989978
22390 10.121158 5.306597
22400 10.117386 6.050166
22410 10.112970 6.727402
22420 10.109924 6.844300
22430 10.106946 4.511795
22440 10.104128 4.918055
22450 10.099956 7.024417
22460 10.096175 6.329453
22470 10.093944 4.164113
22480 10.090193 4.905276
22490 10.086453 6.077603
22500 10.082232 5.172296
22510 10.079791 6.459001
22520 10.078730 6.746296
22530 10.079392 3.678784
22540 10.079956 5.492289
22550 10.081797 4.906835
22560 10.083043 3.721415
22570 10.083836 6.170870
22580 10.083058 6.149627
22590 10.080469 5.780766
22600 10.077683 4.806427
22610 10.077115 4.672439
22620 10.073487 6.280564
22630 10.071515 6.059653
22640 10.071634 5.463956
22650 10.075513 5.409965
22660 10.078250 4.829768
22670 10.080337 6.607195
22680 10.082611 6.727017
22690 10.083739 5.111720
22700 10.083267 4.171889
22710 10.079434 6.936562
22720 10.075797 4.610886
22730 10.071876 6.393918
22740 10.067788 6.860700
22750 10.064325 5.233470
22760 10.061563 4.689562
22770 10.058534 5.132104
22780 10.054747 7.701562
22790 10.050753 7.033164
22800 10.046992 4.906821
22810 10.044021 6.140178
22820 10.042644 5.213016
22830 10.039173 5.139344
22840 10.035845 5.151131
22850 10.032152 4.322372
22860 10.029526 5.286759
22870 10.026947 5.811775
22880 10.023884 6.186289
22890 10.020815 7.084021
22900 10.017133 5.082035
22910 10.013444 5.809702
22920 10.012035 5.954781
22930 10.011967 5.205876
22940 10.016984 6.459947
22950 10.021969 5.347515
22960 10.025102 4.919315
22970 10.024031 5.938703
22980 10.020824 5.844662
22990 10.017867 5.110280
23000 10.014713 7.002346
23010 10.011684 6.196720
23020 10.009631 5.450103
23030 10.006006 5.166752
23040 10.002035 6.132261
23050 9.998324 5.437972
23060 9.994873 5.959770
23070 9.991575 6.421313
23080 9.988198 7.432123
23090 9.984839 7.840972
23100 9.983161 6.258309
23110 9.980850 7.230554
23120 9.982463 5.071403
23130 9.986287 6.218690
23140 9.991430 5.503184
23150 9.995755 5.788352
23160 9.995270 5.351245
23170 9.995448 6.708678
23180 9.992731 6.296728
23190 9.989663 4.585376
23200 9.989256 4.455960
23210 9.990855 5.295212
23220 9.990779 5.893110
23230 9.986829 6.307023
23240 9.983097 6.134218
23250 9.979890 5.807063
23260 9.977332 5.212811
23270 9.973937 6.876253
23280 9.970691 4.285075
23290 9.966924 6.108901
23300 9.963358 6.684123
23310 9.959527 6.210627
23320 9.957444 7.010576
23330 9.954870 6.280268
23340 9.953212 5.126705
23350 9.949515 4.177381
23360 9.946059 4.957188
23370 9.942797 5.192620
23380 9.941433 8.005261
23390 9.939872 6.274494
23400 9.939351 5.952506
23410 9.939000 5.455412
23420 9.940183 6.599058
23430 9.942445 6.467956
23440 9.945328 7.173243
23450 9.950189 4.997894
23460 9.953071 3.804013
23470 9.953563 5.300028
23480 9.951514 5.492602
23490 9.948270 5.845293
23500 9.945647 6.574860
23510 9.943527 5.844821
23520 9.940933 6.179399
23530 9.939109 6.539558
23540 9.939790 4.693716
23550 9.944525 4.830267
23560 9.947939 3.993541
23570 9.951520 4.205916
23580 9.955834 5.352450
23590 9.958872 6.193041
23600 9.960158 5.693698
23610 9.958297 5.653667
23620 9.954445 4.997330
23630 9.953047 4.940928
23640 9.949650 5.465959
23650 9.946128 6.813152
23660 9.943464 4.965546
23670 9.940849 5.911134
23680 9.938046 4.328166
23690 9.936622 4.218749
23700 9.936531 6.341478
23710 9.934748 6.849305
23720 9.931527 7.534591
23730 9.928231 6.136855
23740 9.925544 4.759639
23750 9.922075 4.953967
23760 9.918745 5.429915
23770 9.916335 6.546169
23780 9.912895 6.344680
23790 9.912012 6.703067
23800 9.914648 2.684153
23810 9.915952 5.819699
23820 9.920252 6.311002
23830 9.928166 5.842048
23840 9.938489 7.365204
23850 9.950964 5.139985
23860 9.960772 5.249195
23870 9.967405 7.487596
23880 9.972193 3.844037
23890 9.975915 4.667733
23900 9.979854 4.944965
23910 9.977819 4.770334
23920 9.976078 5.723042
23930 9.975766 3.903287
23940 9.972647 4.729825
23950 9.968938 6.676390
23960 9.968384 5.913807
23970 9.967311 6.792603
23980 9.964747 3.446057
23990 9.962102 4.915842
24000 9.958504 5.690117
24010 9.956325 5.267947
24020 9.953810 5.069007
24030 9.953628 5.357822
24040 9.953639 5.972862
24050 9.954339 7.451559
24060 9.956266 4.607667
24070 9.956129 4.554082
24080 9.955819 5.125769
24090 9.952923 6.817187
24100 9.949101 6.584317
24110 9.945832 6.250530
24120 9.944972 5.328370
24130 9.941647 6.728052
24140 9.937994 6.341733
24150 9.937422 4.007019
24160 9.937903 5.200023
24170 9.941775 6.128497
24180 9.945606 6.208676
24190 9.948932 6.623132
24200 9.952832 6.626766
24210 9.958309 3.609323
24220 9.961489 5.160010
24230 9.963986 5.674769
24240 9.965792 4.994514
24250 9.966784 6.108631
24260 9.966395 6.491581
24270 9.963044 6.074152
24280 9.959859 6.186856
24290 9.956356 6.060034
24300 9.952369 7.381489
24310 9.950455 4.650812
24320 9.950060 4.577423
24330 9.950813 4.349663
24340 9.948288 5.272420
24350 9.946333 5.233928
24360 9.945707 6.471934
24370 9.945857 5.223867
24380 9.944234 5.537108
24390 9.940733 4.702572
24400 9.937418 6.191018
24410 9.934920 5.874605
24420 9.933634 7.095610
24430 9.935330 5.136134
24440 9.936289 6.635616
24450 9.933656 6.350978
24460 9.933041 6.156436
24470 9.933729 6.912763
24480 9.934298 5.328408
24490 9.937960 7.635776
24500 9.939582 5.409051
24510 9.942701 6.836166
24520 9.947232 5.049203
24530 9.951673 7.312484
24540 9.959522 4.168393
24550 9.966201 5.004336
24560 9.973755 1.976781
24570 9.977384 6.895453
24580 9.979230 6.523141
24590 9.979824 5.751965
24600 9.976935 6.939611
24610 9.976725 3.854915
24620 9.974580 4.750255
24630 9.971538 5.222664
24640 9.967908 5.677104
24650 9.966114 5.481431
24660 9.966738 4.646416
24670 9.966515 5.897613
24680 9.967510 6.180488
24690 9.967642 6.612584
24700 9.965364 5.257036
24710 9.965173 4.365338
24720 9.966694 5.774797
24730 9.970451 4.796161
24740 9.973038 5.931452
24750 9.974699 7.640502
24760 9.975774 4.509352
24770 9.973310 5.783507
24780 9.969875 6.451115
24790 9.968066 4.376032
24800 9.967667 3.830185
24810 9.965201 4.187265
24820 9.962055 5.914804
24830 9.958747 5.433445
24840 9.954936 6.962456
24850 9.951324 6.790671
24860 9.950312 4.845240
24870 9.951899 7.651825
24880 9.955566 6.237915
24890 9.960506 5.252175
24900 9.966350 4.360922
24910 9.969529 4.480540
24920 9.972940 6.664548
24930 9.978682 6.025362
24940 9.983698 5.043525
24950 9.991380 4.258778
24960 9.999378 4.789037
24970 10.004783 5.197134
24980 10.006757 5.748726
24990 10.006987 6.634593
25000 10.004454 4.931833
25010 10.000907 6.143696
25020 9.997424 8.541470
25030 9.995162 5.785330
25040 9.994731 5.941663
25050 9.996107 3.582683
25060 9.994308 5.043920
25070 9.991358 5.061748
25080 9.987706 5.054117
25090 9.984287 6.139229
25100 9.981122 5.924520
25110 9.977167 4.509806
25120 9.973601 6.883273
25130 9.970690 6.061630
25140 9.967891 5.826162
25150 9.965148 6.339576
25160 9.964256 3.231812
25170 9.964956 6.131121
25180 9.965562 6.839447
25190 9.963493 7.047599
25200 9.960107 4.295540
25210 9.956879 5.394121
25220 9.953939 5.946834
25230 9.951121 6.090724
25240 9.948260 4.640068
25250 9.944897 5.767064
25260 9.942178 6.621961
25270 9.940706 6.042719
25280 9.937848 5.398515
25290 9.934658 7.042983
25300 9.931222 7.153840
25310 9.928493 5.394949
25320 9.926747 4.732313
25330 9.925754 5.801039
25340 9.924682 5.648225
25350 9.921986 5.392004
25360 9.918471 4.844213
25370 9.915473 5.010556
25380 9.912011 6.335948
25390 9.910030 5.678981
25400 9.907693 6.378907
25410 9.904231 7.884152
25420 9.902309 7.586705
25430 9.901835 6.078891
25440 9.903489 3.039031
25450 9.900360 6.013763
25460 9.896752 5.962276
25470 9.893950 6.588996
25480 9.892882 5.918865
25490 9.893139 3.547061
25500 9.892221 5.595565
25510 9.889236 7.929998
25520 9.890190 5.231450
25530 9.890119 5.801335
25540 9.890555 4.173125
25550 9.888583 5.218654
25560 9.885340 6.053136
25570 9.881827 6.709628
25580 9.878487 6.212505
25590 9.875324 7.759976
25600 9.872345 4.763040
25610 9.870072 3.417330
25620 9.866927 6.775017
25630 9.865219 4.928309
25640 9.861927 6.792792
25650 9.860430 3.255997
25660 9.858579 5.964193
25670 9.855246 5.804039
25680 9.851379 6.345983
25690 9.848270 5.288488
25700 9.844848 5.068126
25710 9.841499 3.611197
25720 9.838977 3.831728
25730 9.836893 6.257444
25740 9.834038 4.635274
25750 9.830949 5.980011
25760 9.828860 4.460041
25770 9.825547 8.005847
25780 9.822401 7.008671
25790 9.819729 3.484427
25800 9.817301 7.833799
25810 9.815217 5.314430
25820 9.814748 5.851668
25830 9.815227 4.648520
25840 9.815560 4.666029
25850 9.813949 5.989737
25860 9.811905 8.472379
25870 9.812058 5.906609
25880 9.812724 3.776533
25890 9.811487 5.565494
25900 9.808474 5.113875
25910 9.807835 8.901928
25920 9.807556 4.736135
25930 9.806932 6.556892
25940 9.803583 4.845222
25950 9.802346 4.597839
25960 9.799231 4.997995
25970 9.795911 6.304246
25980 9.794073 8.144581
25990 9.793588 5.984794
26000 9.792310 7.318805
26010 9.790759 5.745913
26020 9.790350 5.533807
26030 9.790667 6.257836
26040 9.791141 3.990767
26050 9.791091 6.186516
26060 9.788839 4.686703
26070 9.785477 5.135950
26080 9.782438 4.174761
26090 9.780687 3.581991
26100 9.780214 6.504908
26110 9.780485 4.784481
26120 9.779844 5.616930
26130 9.776379 4.219669
26140 9.773994 6.067431
26150 9.770930 5.164215
26160 9.768290 7.074492
26170 9.765200 6.401788
26180 9.762467 5.713957
26190 9.759878 6.299458
26200 9.758950 3.380654
26210 9.755814 5.331555
26220 9.753908 7.219119
26230 9.753113 5.825858
26240 9.754867 6.804265
26250 9.757873 3.196749
26260 9.759223 4.605213
26270 9.759012 4.514960
26280 9.756765 5.075769
26290 9.754379 5.999948
26300 9.754207 6.060975
26310 9.756336 5.080515
26320 9.757550 5.792766
26330 9.757250 4.173359
26340 9.755032 6.006884
26350 9.751857 7.516099
26360 9.750820 3.893832
26370 9.749006 7.715341
26380 9.746195 3.359300
26390 9.743240 3.654576
26400 9.742039 4.813201
26410 9.739514 6.766878
26420 9.737181 6.109845
26430 9.734331 5.849075
26440 9.732311 2.013550
26450 9.729447 5.817974
26460 9.726712 4.752388
26470 9.724636 5.204632
26480 9.723601 7.223197
26490 9.724270 6.157463
26500 9.723994 5.855004
26510 9.721050 5.699917
26520 9.718210 5.516852
26530 9.715921 5.122765
26540 9.712426 5.239429
26550 9.709099 5.329207
26560 9.708710 3.780761
26570 9.709752 5.897761
26580 9.711252 3.775245
26590 9.710845 4.924617
26600 9.709013 6.031169
26610 9.710376 5.580437
26620 9.709575 5.814034
26630 9.709510 5.672098
26640 9.708016 4.436598
26650 9.706173 5.672036
26660 9.706064 4.159434
26670 9.704610 7.081620
26680 9.702112 6.148612
26690 9.700418 4.664173
26700 9.697444 4.760983
26710 9.694659 6.514490
26720 9.691630 6.517755
26730 9.688801 5.722738
26740 9.685594 5.905583
26750 9.684709 4.410543
26760 9.683137 4.326285
26770 9.680140 4.584816
26780 9.676928 5.950708
26790 9.675032 3.548905
26800 9.673301 5.376352
26810 9.671936 5.194184
26820 9.669125 5.979431
26830 9.667673 4.312390
26840 9.666436 4.360299
26850 9.668202 5.773843
26860 9.667925 5.174922
26870 9.666630 6.708582
26880 9.665729 5.211744
26890 9.662841 5.919261
26900 9.659616 7.290717
26910 9.656745 4.167164
26920 9.653726 6.247029
26930 9.651205 5.557808
26940 9.649148 4.854093
26950 9.648315 4.731002
26960 9.647143 4.777119
26970 9.644122 6.373042
26980 9.641277 6.935658
26990 9.639104 4.576841
27000 9.637148 4.522306
27010 9.634631 5.645587
27020 9.632650 6.918603
27030 9.630499 5.728862
27040 9.627378 5.282878
27050 9.624114 5.727779
27060 9.621264 5.733733
27070 9.619554 5.053925
27080 9.618406 4.748941
27090 9.616851 5.433866
27100 9.614810 8.001052
27110 9.612041 7.936658
27120 9.611321 5.483091
27130 9.608893 6.531401
27140 9.606219 4.579378
27150 9.605282 4.699999
27160 9.603632 5.913940
27170 9.600449 4.836541
27180 9.597412 5.087240
27190 9.595185 5.958336
27200 9.592604 5.603679
27210 9.589436 6.001786
27220 9.587037 6.531932
27230 9.585412 5.428095
27240 9.585357 4.572071
27250 9.585009 4.987416
27260 9.583498 5.118448
27270 9.580910 4.767462
27280 9.577974 4.502039
27290 9.576538 4.360831
27300 9.574049 6.547800
27310 9.574132 4.577141
27320 9.573834 5.140530
27330 9.572360 3.889514
27340 9.569697 5.748632
27350 9.569664 5.785371
27360 9.572914 4.535073
27370 9.574848 5.644321
27380 9.572922 5.566795
27390 9.569588 4.855049
27400 9.566843 5.757857
27410 9.565029 5.830163
27420 9.563512 5.113017
27430 9.561372 7.273928
27440 9.558798 5.992362
27450 9.555967 4.479629
27460 9.552665 5.557856
27470 9.551222 2.866139
27480 9.551292 5.800516
27490 9.552482 6.439941
27500 9.553846 5.257831
27510 9.554994 4.858783
27520 9.552556 6.556153
27530 9.549403 6.635146
27540 9.546837 6.150873
27550 9.544591 5.211260
27560 9.543314 5.208515
27570 9.540952 5.042206
27580 9.540620 6.713734
27590 9.541976 5.059957
27600 9.543225 6.865017
27610 9.543084 5.191138
27620 9.541056 5.484383
27630 9.540918 6.113520
27640 9.540045 4.745541
27650 9.540866 6.130064
27660 9.542036 4.707049
27670 9.539833 5.918480
27680 9.537638 4.913574
27690 9.536689 4.625700
27700 9.535284 4.607109
27710 9.536452 7.043188
27720 9.539283 4.388040
27730 9.540968 4.670377
27740 9.542407 5.132314
27750 9.540267 4.660746
27760 9.537807 4.988233
27770 9.535155 7.846656
27780 9.534958 6.269925
27790 9.535202 3.892919
27800 9.535418 4.063733
27810 9.533959 6.434007
27820 9.531618 5.033833
27830 9.528490 5.387361
27840 9.525575 4.540223
27850 9.523315 4.806545
27860 9.520399 3.763092
27870 9.517621 5.203924
27880 9.514795 5.069641
27890 9.512092 4.154503
27900 9.510674 4.522187
27910 9.509994 4.779096
27920 9.507862 4.988478
27930 9.505425 6.380539
27940 9.503225 5.412162
27950 9.500953 5.728570
27960 9.498133 4.197020
27970 9.496566 4.809031
27980 9.494064 6.035637
27990 9.492503 5.199927
28000 9.490911 6.308459
28010 9.488513 4.222634
28020 9.486158 4.365814
28030 9.483828 4.758738
28040 9.481952 6.060147
28050 9.481519 5.583047
28060 9.480293 5.487465
28070 9.480184 6.098877
28080 9.478238 4.548199
28090 9.476140 5.658797
28100 9.475011 4.878503
28110 9.475239 5.550000
28120 9.472702 6.829766
28130 9.470243 5.644225
28140 9.468026 4.569534
28150 9.465703 7.089681
28160 9.464871 4.408272
28170 9.464544 5.523758
28180 9.465022 4.855426
28190 9.463996 5.080130
28200 9.463907 5.382085
28210 9.462064 5.104274
28220 9.459920 4.667339
28230 9.458594 6.654323
28240 9.459470 4.308498
28250 9.461199 4.887723
28260 9.463641 4.384652
28270 9.466208 5.894336
28280 9.466844 6.193747
28290 9.467171 3.417300
28300 9.467191 4.602194
28310 9.466176 5.787688
28320 9.465964 5.086116
28330 9.464159 5.746784
28340 9.461497 6.095853
28350 9.458474 5.591626
28360 9.455967 5.763967
28370 9.454328 5.472851
28380 9.451927 5.673116
28390 9.451106 5.466410
28400 9.450077 4.435070
28410 9.450087 4.871573
28420 9.453076 5.722356
28430 9.455892 4.734201
28440 9.458039 6.717444
28450 9.460710 5.036581
28460 9.460030 6.616277
28470 9.460061 4.758029
28480 9.460435 5.197080
28490 9.461128 4.874175
28500 9.460270 4.586542
28510 9.459148 6.711019
28520 9.458758 6.020712
28530 9.460857 5.149834
28540 9.462841 5.766021
28550 9.464660 5.770200
28560 9.466130 3.252482
28570 9.463434 5.404193
28580 9.460930 6.208075
28590 9.459138 5.952542
28600 9.456479 3.697708
28610 9.453568 4.647008
28620 9.451706 4.064536
28630 9.450500 6.018187
28640 9.450150 5.056806
28650 9.450880 6.542818
28660 9.455397 4.286096
28670 9.458803 5.955254
28680 9.457319 7.030788
28690 9.455909 4.757347
28700 9.453781 3.994502
28710 9.451296 4.471783
28720 9.448891 5.673009
28730 9.446526 6.239234
28740 9.444056 6.427952
28750 9.441476 5.736379
28760 9.438657 4.975611
28770 9.435804 4.612330
28780 9.432916 6.062951
28790 9.430945 4.922189
28800 9.428578 7.036648
28810 9.426127 5.026139
28820 9.423469 6.133286
28830 9.420860 4.451311
28840 9.418672 4.544381
28850 9.415712 6.574811
28860 9.414784 4.514249
28870 9.414655 4.730510
28880 9.415836 5.617189
28890 9.417879 5.737829
28900 9.421104 6.186823
28910 9.423728 3.984709
28920 9.425178 5.995315
28930 9.430322 6.806407
28940 9.437251 4.133187
28950 9.444868 5.486741
28960 9.454293 4.388642
28970 9.463612 6.873142
28980 9.471682 5.457538
28990 9.479544 5.791380
29000 9.488024 5.467395
29010 9.498466 5.852181
29020 9.509390 7.132667
29030 9.515429 4.139599
29040 9.519724 6.138776
29050 9.524198 4.767856
29060 9.525346 4.575718
29070 9.525864 4.291088
29080 9.525969 6.060053
29090 9.528284 5.656555
29100 9.531156 4.823682
29110 9.536430 5.908009
29120 9.543207 4.056041
29130 9.550720 4.340874
29140 9.558900 4.951841
29150 9.568105 5.485617
29160 9.578027 4.887992
29170 9.584008 5.714343
29180 9.586810 5.693460
29190 9.588541 4.963258
29200 9.589743 4.880878
29210 9.588131 6.900969
29220 9.587205 4.432322
29230 9.585981 4.055404
29240 9.584102 5.207134
29250 9.587766 5.813253
29260 9.593455 5.610091
29270 9.597446 5.255816
29280 9.599761 4.462699
29290 9.601278 6.310955
29300 9.603539 5.315495
29310 9.603590 5.138301
29320 9.601147 7.172769
29330 9.600444 5.903459
29340 9.602538 4.749211
29350 9.607065 5.853562
29360 9.612276 3.781871
29370 9.618042 4.986626
29380 9.623894 5.606121
29390 9.628531 5.714218
29400 9.630780 5.139529
29410 9.634324 5.509588
29420 9.638652 4.293402
29430 9.641198 6.164848
29440 9.642269 6.067709
29450 9.644000 4.693874
29460 9.645651 6.507558
29470 9.646953 3.742617
29480 9.645984 8.537479
29490 9.643873 4.569706
29500 9.642130 6.336791
29510 9.641672 4.356146
29520 9.640138 3.771601
29530 9.638752 5.653227
29540 9.635806 3.734864
29550 9.633063 5.919947
29560 9.631399 4.784644
29570 9.628671 6.715868
29580 9.627615 4.706314
29590 9.626534 4.876207
29600 9.623989 4.563782
29610 9.621853 5.637059
29620 9.620116 5.421772
29630 9.619219 6.427800
29640 9.621059 4.981696
29650 9.624630 4.605606
29660 9.630225 6.329715
29670 9.636572 5.163299
29680 9.640288 5.900674
29690 9.644176 6.657636
29700 9.647528 4.267378
29710 9.650213 4.663109
29720 9.652448 5.942166
29730 9.653416 6.615719
29740 9.653335 5.851655
29750 9.653019 5.622154
29760 9.653833 6.244829
29770 9.653755 4.906100
29780 9.653032 6.255610
29790 9.653951 4.574800
29800 9.655313 5.749768
29810 9.655283 5.665997
29820 9.655987 3.344646
29830 9.655884 5.710775
29840 9.658312 5.178920
29850 9.661527 5.143509
29860 9.665548 5.515678
29870 9.669342 6.735866
29880 9.672963 6.734426
29890 9.676926 6.367548
29900 9.680895 4.533402
29910 9.684543 6.286195
29920 9.688371 5.916838
29930 9.694398 5.348430
29940 9.701351 5.615477
29950 9.708834 5.780315
29960 9.716973 4.885910
29970 9.724757 3.967907
29980 9.731759 5.878915
29990 9.737170 2.743555
30000 9.741897 2.560291
30010 9.745080 4.972333
30020 9.747373 4.933303
30030 9.747703 7.179563
30040 9.748588 4.952429
30050 9.749170 4.325464
30060 9.746907 5.113354
30070 9.744576 5.131025
30080 9.741834 6.443762
30090 9.740285 4.462424
30100 9.739370 5.236669
30110 9.737610 4.103623
30120 9.736378 6.635184
30130 9.733678 6.731408
30140 9.730817 5.844124
30150 9.728477 5.749259
30160 9.725580 4.490967
30170 9.723077 6.184774
30180 9.720906 3.876196
30190 9.718365 4.832388
30200 9.716288 4.889602
30210 9.714024 4.400177
30220 9.711532 6.674360
30230 9.709241 6.225656
30240 9.707344 4.801379
30250 9.704776 4.291535
30260 9.702797 5.226699
30270 9.701834 6.770629
30280 9.702423 3.518912
30290 9.701672 5.499006
30300 9.700857 4.975712
30310 9.699776 5.832888
30320 9.698117 5.912665
30330 9.696660 4.588944
30340 9.697666 5.771530
30350 9.699369 7.295525
30360 9.700350 6.461159
30370 9.700668 5.472702
30380 9.699431 4.998826
30390 9.697572 5.178603
30400 9.695356 5.082087
30410 9.692791 5.186706
30420 9.690882 6.675246
30430 9.689660 5.887952
30440 9.688320 4.400420
30450 9.685652 6.027674
30460 9.684315 3.568544
30470 9.681612 4.641908
30480 9.678901 5.681906
30490 9.676407 5.855464
30500 9.673866 6.055666
30510 9.671906 5.628142
30520 9.670317 5.106436
30530 9.671836 6.063895
30540 9.673359 6.960258
30550 9.674957 6.324328
30560 9.674875 5.430986
30570 9.673930 5.256947
30580 9.671360 4.277652
30590 9.668753 6.890175
30600 9.666189 4.487936
30610 9.664229 5.282781
30620 9.665836 6.958041
30630 9.668829 3.274237
30640 9.671376 6.109370
30650 9.673477 4.818098
30660 9.673217 4.139558
30670 9.671255 7.346179
30680 9.669405 6.913057
30690 9.668746 6.100056
30700 9.666482 6.747833
30710 9.663472 6.363014
30720 9.660896 4.951577
30730 9.658356 5.523303
30740 9.655800 6.070956
30750 9.652991 4.499270
30760 9.650239 5.688271
30770 9.649483 5.950714
30780 9.649206 4.608437
30790 9.646759 5.708356
30800 9.644157 3.110519
30810 9.643169 5.738935
30820 9.643291 4.834317
30830 9.642092 5.610507
30840 9.642707 3.477996
30850 9.643103 5.567945
30860 9.644501 7.214966
30870 9.645797 4.817039
30880 9.645848 6.018923
30890 9.647987 6.619680
30900 9.651320 5.223462
30910 9.655643 4.593100
30920 9.657714 6.111861
30930 9.657636 5.135411
30940 9.656856 5.745533
30950 9.655400 4.908170
30960 9.654812 5.121098
30970 9.653515 4.456964
30980 9.651468 4.905288
30990 9.648649 3.511214
31000 9.645570 6.891757
31010 9.643231 4.786907
31020 9.642113 5.186560
31030 9.640517 5.154652
31040 9.638086 5.966257
31050 9.635279 6.066077
31060 9.633085 4.585230
31070 9.631018 4.812326
31080 9.628215 5.800171
31090 9.625539 6.269231
31100 9.622759 5.003325
31110 9.619818 6.128706
31120 9.618037 4.822883
31130 9.615469 5.951375
31140 9.612647 7.104487
31150 9.611504 6.275698
31160 9.610020 4.695163
31170 9.606787 8.727250
31180 9.604748 5.090399
31190 9.603730 6.640375
31200 9.604696 4.723920
31210 9.602361 5.870110
31220 9.602533 4.489837
31230 9.601119 6.496589
31240 9.598500 5.193485
31250 9.595907 6.187391
31260 9.593258 2.752907
31270 9.591101 4.998865
31280 9.589528 7.416395
31290 9.588223 6.402333
31300 9.585584 5.872829
31310 9.583590 5.215565
31320 9.583740 4.189275
31330 9.586503 4.807088
31340 9.591595 4.510703
31350 9.595959 5.981825
31360 9.599385 4.482609
31370 9.599615 4.193365
31380 9.598524 5.305931
31390 9.596655 6.155352
31400 9.594421 5.997815
31410 9.592666 5.492822
31420 9.589686 6.436103
31430 9.587837 5.814224
31440 9.586990 5.112912
31450 9.584613 6.879116
31460 9.582951 5.005685
31470 9.581042 6.077077
31480 9.578747 4.822699
31490 9.576833 4.511148
31500 9.574137 3.726047
31510 9.571560 6.099175
31520 9.569617 5.684683
31530 9.567164 8.445847
31540 9.564677 6.874897
31550 9.562476 4.600241
31560 9.561094 4.511099
31570 9.558948 5.096712
31580 9.556598 7.125151
31590 9.555746 5.164802
31600 9.556232 6.070094
31610 9.556774 6.946746
31620 9.555476 6.790622
31630 9.553859 6.810575
31640 9.551320 4.754881
31650 9.548162 7.073491
31660 9.546559 3.860268
31670 9.544617 5.941618
31680 9.541940 7.580475
31690 9.539499 5.935033
31700 9.537312 7.045190
31710 9.536438 4.416103
31720 9.533850 4.961223
31730 9.531333 6.621245
31740 9.529332 5.930091
31750 9.527153 4.663661
31760 9.525193 4.577409
31770 9.523319 6.234478
31780 9.521700 6.290917
31790 9.519283 5.530488
31800 9.516690 5.979089
31810 9.515761 5.079291
31820 9.516430 6.057428
31830 9.515845 6.124415
31840 9.513567 5.045080
31850 9.511338 4.180515
31860 9.509245 4.516184
31870 9.509527 5.534674
31880 9.510475 4.894178
31890 9.510229 5.128440
31900 9.507819 4.384058
31910 9.505568 4.727992
31920 9.503253 4.233835
31930 9.501833 4.049526
31940 9.499851 5.958561
31950 9.497155 4.535123
31960 9.494887 4.308829
31970 9.493096 5.000922
31980 9.490657 7.424964
31990 9.488175 4.845957
32000 9.486198 5.515714
32010 9.483920 5.606094
32020 9.481911 6.908842
32030 9.479751 5.144276
32040 9.479105 6.187976
32050 9.478808 5.006477
32060 9.478039 5.129897
32070 9.476550 4.369776
32080 9.474769 4.824889
32090 9.472503 5.632812
32100 9.470850 5.752667
32110 9.468361 8.063911
32120 9.466888 7.155920
32130 9.465028 5.280442
32140 9.462298 6.441958
32150 9.459856 5.077318
32160 9.458729 3.514002
32170 9.456450 5.996864
32180 9.453763 6.029659
32190 9.451615 5.641947
32200 9.450305 6.184415
32210 9.448655 4.646236
32220 9.447697 5.353070
32230 9.445986 4.586335
32240 9.443519 4.642660
32250 9.440799 4.476093
32260 9.437571 2.877205
32270 9.435287 4.868913
32280 9.432766 5.001029
32290 9.432324 5.597441
32300 9.434580 6.142770
32310 9.437870 5.932844
32320 9.443312 5.116958
32330 9.448185 6.233822
32340 9.451380 5.469404
32350 9.453759 5.732279
32360 9.453594 6.980599
32370 9.451986 4.447795
32380 9.449642 4.187063
32390 9.448460 4.093304
32400 9.446949 5.632300
32410 9.444052 6.645207
32420 9.442770 4.773257
32430 9.440568 7.850133
32440 9.439161 4.999967
32450 9.438460 4.085108
32460 9.436473 6.535695
32470 9.434587 4.958393
32480 9.432961 4.269131
32490 9.430722 3.733178
32500 9.429381 7.578846
32510 9.429178 4.586602
32520 9.427037 4.481715
32530 9.425490 5.139725
32540 9.423994 4.351958
32550 9.421225 6.755431
32560 9.419021 5.946675
32570 9.418445 4.829579
32580 9.418198 4.911153
32590 9.416920 6.531648
32600 9.417173 6.341363
32610 9.419115 4.304691
32620 9.419722 5.751350
32630 9.419710 5.450404
32640 9.418131 4.671088
32650 9.415877 5.030216
32660 9.412989 7.372958
32670 9.410728 6.833089
32680 9.409209 4.236689
32690 9.409077 6.548699
32700 9.407762 3.888912
32710 9.405485 4.876515
32720 9.403939 5.608772
32730 9.402692 5.520876
32740 9.400991 4.435239
32750 9.400128 3.533610
32760 9.398933 4.948823
32770 9.397115 4.430342
32780 9.395249 4.410919
32790 9.393864 6.145336
32800 9.394459 2.526326
32810 9.393845 3.831375
32820 9.391499 5.024611
32830 9.389623 4.580219
32840 9.389028 4.072648
32850 9.388093 5.545994
32860 9.388143 5.470321
32870 9.388118 5.732778
32880 9.387876 3.844359
32890 9.385383 6.594283
32900 9.383515 5.855486
32910 9.381096 8.035571
32920 9.379072 5.557507
32930 9.377865 4.813456
32940 9.378588 5.892843
32950 9.380799 4.948601
32960 9.382748 4.937405
32970 9.381061 3.961395
32980 9.379409 3.796871
32990 9.377503 6.288797
33000 9.375926 4.283600
33010 9.373647 4.763284
33020 9.372735 4.343472
33030 9.372347 3.479607
33040 9.371946 4.817521
33050 9.370095 5.596170
33060 9.369733 5.979496
33070 9.369146 5.001640
33080 9.367643 4.653130
33090 9.367670 4.575953
33100 9.368820 4.775422
33110 9.369874 4.677636
33120 9.369985 5.666444
33130 9.371520 5.562004
33140 9.371691 4.976279
33150 9.369039 5.922635
33160 9.366568 4.828489
33170 9.364462 4.880886
33180 9.362434 6.277875
33190 9.360702 6.657976
33200 9.358315 4.969805
33210 9.355869 5.602858
33220 9.353606 4.789042
33230 9.352177 4.792046
33240 9.352937 5.033726
33250 9.350995 6.383570
33260 9.349145 6.538914
33270 9.347375 4.159649
33280 9.345562 4.909359
33290 9.343446 4.476218
33300 9.341417 7.335406
33310 9.340492 6.173189
33320 9.338725 4.401429
33330 9.336781 3.575502
33340 9.334287 4.332219
33350 9.331897 5.429656
33360 9.329992 4.372107
33370 9.328085 4.633148
33380 9.327369 5.027491
33390 9.325658 5.221369
33400 9.323971 4.719230
33410 9.322671 5.310998
33420 9.322893 5.114523
33430 9.322776 5.107697
33440 9.321147 4.495014
33450 9.321130 2.691676
33460 9.319441 6.239856
33470 9.319008 5.711732
33480 9.317152 5.090113
33490 9.314867 3.826109
33500 9.312881 3.631269
33510 9.310969 5.348223
33520 9.309483 5.632753
33530 9.307029 6.088986
33540 9.305963 6.363948
33550 9.305548 5.935812
33560 9.304736 4.571541
33570 9.304561 5.662370
33580 9.302286 4.848831
33590 9.300348 6.235716
33600 9.299070 4.608795
33610 9.297624 5.050075
33620 9.296091 8.473382
33630 9.296228 4.278014
33640 9.294741 6.913938
33650 9.292469 6.051443
33660 9.290091 5.695215
33670 9.288257 6.061345
33680 9.286868 5.857987
33690 9.284892 6.331220
33700 9.282627 5.518144
33710 9.280528 4.400741
33720 9.280206 5.585201
33730 9.281030 6.082381
33740 9.282477 4.980905
33750 9.283854 3.312819
33760 9.286892 6.559252
33770 9.290519 6.429276
33780 9.291632 5.552527
33790 9.293733 4.279366
33800 9.296475 4.738660
33810 9.301646 5.759997
33820 9.309381 6.721325
33830 9.318431 4.533728
33840 9.328721 4.382077
33850 9.338397 4.998206
33860 9.347614 6.429370
33870 9.354856 5.755513
33880 9.362137 5.572628
33890 9.366595 5.392897
33900 9.370156 4.442947
33910 9.371808 3.216645
33920 9.370073 7.866025
33930 9.368360 4.543820
33940 9.367496 4.484052
33950 9.365290 4.984959
33960 9.364148 6.462504
33970 9.362413 5.202799
33980 9.362604 9.270792
33990 9.363234 3.822593
34000 9.361600 5.435417
34010 9.361767 5.015835
34020 9.362530 4.432351
34030 9.361104 4.146030
34040 9.358639 6.196449
34050 9.356545 5.972756
34060 9.354288 5.703229
34070 9.352436 6.296829
34080 9.351165 4.693892
34090 9.348888 3.852407
34100 9.346787 4.469414
34110 9.344871 4.591388
34120 9.342281 5.914504
34130 9.340839 5.597837
34140 9.339203 5.729370
34150 9.337082 6.400174
34160 9.334508 6.768269
34170 9.332778 4.307693
34180 9.330445 6.761303
34190 9.328410 5.714287
34200 9.328207 4.478994
34210 9.330323 4.777098
34220 9.332145 4.800787
34230 9.331891 5.618822
34240 9.330050 3.677765
34250 9.327760 6.478989
34260 9.325924 3.111354
34270 9.324445 4.738975
34280 9.322792 4.884688
34290 9.321161 5.603108
34300 9.319272 5.091141
34310 9.317503 6.578863
34320 9.316101 4.475224
34330 9.314402 5.746317
34340 9.312026 6.750460
34350 9.309528 6.886237
34360 9.307770 4.927829
34370 9.305464 5.978340
34380 9.302891 5.653320
34390 9.300972 4.567120
34400 9.299247 5.442020
34410 9.299802 4.199541
34420 9.298977 5.050741
34430 9.297374 3.935489
34440 9.295654 4.234176
34450 9.293205 6.382559
34460 9.290768 4.484758
34470 9.290157 4.920750
34480 9.291272 5.701303
34490 9.293457 1.375904
34500 9.291607 6.977203
34510 9.289491 6.586045
34520 9.287191 6.333191
34530 9.286563 4.894046
34540 9.285752 5.322131
34550 9.283813 4.666220
34560 9.281297 7.033555
34570 9.279878 4.844316
34580 9.277863 4.154795
34590 9.275316 4.812313
34600 9.273122 4.536228
34610 9.270916 5.585565
34620 9.269259 6.407709
34630 9.266653 7.355799
34640 9.264891 7.185007
34650 9.261804 9.757970
34660 9.260428 6.359531
34670 9.258918 4.392249
34680 9.257313 2.795016
34690 9.255376 5.495795
34700 9.255020 3.998341
34710 9.255180 5.474939
34720 9.255629 4.618361
34730 9.254095 4.636540
34740 9.252811 5.833467
34750 9.251080 5.542145
34760 9.249197 5.025251
34770 9.247057 6.662191
34780 9.248266 4.791235
34790 9.248714 5.807187
34800 9.248893 6.436406
34810 9.249221 5.677246
34820 9.248801 3.046990
34830 9.246415 4.454566
34840 9.243997 6.455362
34850 9.242520 6.127233
34860 9.243294 3.731772
34870 9.243715 4.583534
34880 9.244730 6.810647
34890 9.246490 4.791637
34900 9.247019 5.950073
34910 9.246113 5.659320
34920 9.245833 2.808639
34930 9.246196 1.593176
34940 9.244453 4.551095
34950 9.243411 5.454828
34960 9.244435 3.937751
34970 9.244678 6.879074
34980 9.245348 6.049304
34990 9.247137 5.693195
35000 9.248878 6.158872
35010 9.252703 4.157318
35020 9.258123 6.667666
35030 9.261197 4.977972
35040 9.264060 5.313540
35050 9.268153 4.457738
35060 9.270146 5.414342
35070 9.270649 6.506737
35080 9.269387 6.726176
35090 9.269060 5.491067
35100 9.267945 4.495843
35110 9.265706 6.634929
35120 9.263747 6.046466
35130 9.264041 4.003733
35140 9.263926 5.409816
35150 9.264808 5.424422
35160 9.264989 5.808268
35170 9.265681 4.026175
35180 9.265196 4.243765
35190 9.266499 5.513409
35200 9.267507 4.832785
35210 9.267430 3.575399
35220 9.268390 6.173779
35230 9.272952 4.457366
35240 9.279232 5.260022
35250 9.286182 6.069334
35260 9.291605 5.129172
35270 9.298318 6.557481
35280 9.304060 5.617735
35290 9.309680 4.488570
35300 9.315429 6.183373
35310 9.322259 5.627792
35320 9.333001 4.655100
35330 9.343871 5.054522
35340 9.353356 2.385608
35350 9.359970 5.037386
35360 9.365816 4.357112
35370 9.369984 5.307058
35380 9.374698 4.873938
35390 9.379043 5.362678
35400 9.381885 4.445842
35410 9.382478 5.698179
35420 9.382323 6.425323
35430 9.382687 5.747952
35440 9.384260 5.437389
35450 9.383715 4.719860
35460 9.381298 5.657910
35470 9.379497 4.936353
35480 9.376988 6.557746
35490 9.375248 6.008431
35500 9.373235 6.518962
35510 9.371482 5.823408
35520 9.371404 4.606586
35530 9.372077 5.957195
35540 9.372980 4.157546
35550 9.373395 7.059818
35560 9.376379 6.689512
35570 9.382820 3.532958
35580 9.390248 6.175516
35590 9.396523 5.429628
35600 9.402371 4.970887
35610 9.407111 5.537435
35620 9.413218 6.216070
35630 9.419432 4.862730
35640 9.423919 2.925494
35650 9.426074 6.049573
35660 9.427809 4.382448
35670 9.426857 6.279229
35680 9.425249 4.886024
35690 9.423192 5.343817
35700 9.421083 6.422944
35710 9.418866 5.622630
35720 9.416656 4.085161
35730 9.414560 4.720892
35740 9.412600 4.838431
35750 9.410823 4.866516
35760 9.408410 7.434631
35770 9.406347 5.181072
35780 9.404582 6.050884
35790 9.402953 4.738929
35800 9.401602 4.186456
35810 9.399503 5.146567
35820 9.397089 7.681047
35830 9.397076 6.446345
35840 9.397762 4.490265
35850 9.397916 5.941004
35860 9.396699 5.001968
35870 9.394527 4.937532
35880 9.393041 4.680899
35890 9.393329 4.958292
35900 9.395681 5.369837
35910 9.396359 4.750224
35920 9.395865 5.977178
35930 9.394243 4.577436
35940 9.392873 5.074115
35950 9.391490 5.913328
35960 9.389206 6.553118
35970 9.387053 5.732455
35980 9.385291 5.462442
35990 9.384221 5.464187
36000 9.384547 4.653013
36010 9.383904 6.477143
36020 9.384630 4.106821
36030 9.384991 7.499356
36040 9.387091 7.279229
36050 9.389877 6.241700
36060 9.391190 4.997878
36070 9.393604 2.804641
36080 9.395544 5.630706
36090 9.397399 5.884005
36100 9.400280 6.159662
36110 9.405227 6.657605
36120 9.409850 7.144735
36130 9.415328 4.790596
36140 9.420384 4.707041
36150 9.425504 4.701991
36160 9.429892 6.205407
36170 9.433980 4.223476
36180 9.436291 5.570772
36190 9.438717 4.325303
36200 9.440678 4.655282
36210 9.441816 5.545275
36220 9.442432 5.097138
36230 9.443823 2.943066
36240 9.443888 4.155067
36250 9.443143 4.143842
36260 9.443408 5.807895
36270 9.444099 4.864559
36280 9.444692 5.113463
36290 9.447145 4.777846
36300 9.447683 4.628289
36310 9.446020 8.010486
36320 9.443953 5.358807
36330 9.441583 6.003459
36340 9.439833 5.298727
36350 9.437402 7.727965
36360 9.435325 4.484363
36370 9.432888 4.784549
36380 9.431144 5.681085
36390 9.428346 7.288388
36400 9.426461 7.234223
36410 9.424374 6.212808
36420 9.423108 3.368582
36430 9.421641 5.751540
36440 9.420079 4.714157
36450 9.418366 5.504929
36460 9.417988 5.121101
36470 9.421976 5.657621
36480 9.426104 5.307576
36490 9.430871 6.180563
36500 9.433990 5.889552
36510 9.435200 5.686995
36520 9.435759 3.692563
36530 9.434496 5.707168
36540 9.433038 4.942819
36550 9.433324 6.673713
36560 9.434617 5.709270
36570 9.437874 4.889602
36580 9.441013 5.461526
36590 9.441489 6.282930
36600 9.441328 5.082381
36610 9.439413 5.301143
36620 9.438900 5.561461
36630 9.437965 4.978410
36640 9.437419 5.463938
36650 9.437756 4.851722
36660 9.438604 4.144238
36670 9.436717 5.807249
36680 9.434859 4.627251
36690 9.435347 4.933557
36700 9.433600 4.664062
36710 9.431743 3.768088
36720 9.430002 4.681798
36730 9.428373 5.747592
36740 9.426193 4.678104
36750 9.423915 4.727371
36760 9.421818 4.715467
36770 9.419570 5.669798
36780 9.417225 6.101297
36790 9.415273 4.912167
36800 9.412987 4.405491
36810 9.410741 6.419988
36820 9.408470 4.797998
36830 9.406961 7.781668
36840 9.405693 4.943802
36850 9.405792 5.999478
36860 9.405898 4.961536
36870 9.404570 5.762787
36880 9.402362 6.876943
36890 9.400843 4.396648
36900 9.398744 6.280355
36910 9.396475 5.671227
36920 9.394134 6.797546
36930 9.392309 5.097486
36940 9.390496 3.755645
36950 9.389902 6.317220
36960 9.390791 5.004862
36970 9.391677 4.677786
36980 9.391095 5.467783
36990 9.388293 8.860764
37000 9.386614 4.283005
37010 9.384585 5.054454
37020 9.383689 6.101854
37030 9.381575 4.351430
37040 9.380203 5.708007
37050 9.379064 6.263555
37060 9.379315 4.909396
37070 9.378666 6.271172
37080 9.377280 4.671436
37090 9.375845 6.286134
37100 9.375190 4.147044
37110 9.373542 4.639364
37120 9.371401 4.464187
37130 9.370105 5.541228
37140 9.370877 4.618962
37150 9.373490 6.770245
37160 9.375542 5.056448
37170 9.376506 7.696661
37180 9.375721 4.538473
37190 9.373264 7.198455
37200 9.371294 4.648330
37210 9.369094 5.836698
37220 9.368786 6.005020
37230 9.369177 6.513597
37240 9.371965 4.629571
37250 9.377410 4.936551
37260 9.382411 3.755184
37270 9.385836 5.750168
37280 9.388403 5.381702
37290 9.391146 5.618020
37300 9.393526 4.518678
37310 9.394516 5.292451
37320 9.395404 6.140281
37330 9.397784 5.578590
37340 9.398889 5.039331
37350 9.400826 6.363266
37360 9.402259 5.690415
37370 9.402281 5.014517
37380 9.401943 4.557315
37390 9.400188 4.985837
37400 9.398271 4.601009
37410 9.397412 5.910088
37420 9.397469 5.938090
37430 9.396727 4.320482
37440 9.395104 4.747706
37450 9.394129 6.254325
37460 9.396315 5.506410
37470 9.398907 5.363426
37480 9.399594 5.439321
37490 9.399220 4.472371
37500 9.399015 7.141218
37510 9.398876 3.855881
37520 9.399181 5.055598
37530 9.399996 6.815674
37540 9.401712 5.493141
37550 9.404523 3.743539
37560 9.405272 5.964275
37570 9.405493 4.865650
37580 9.404006 6.402259
37590 9.403103 6.206279
37600 9.402404 4.418623
37610 9.400318 3.914027
37620 9.398391 5.647414
37630 9.397017 3.945102
37640 9.396374 5.633268
37650 9.397669 5.536381
37660 9.400772 4.630673
37670 9.402808 6.008690
37680 9.402634 5.699528
37690 9.403817 5.006564
37700 9.404630 4.885098
37710 9.403972 3.855721
37720 9.402988 3.843890
37730 9.400681 5.727770
37740 9.398812 5.640483
37750 9.398235 5.883146
37760 9.397869 4.812497
37770 9.395480 4.185728
37780 9.393265 6.217062
37790 9.391073 4.720322
37800 9.388900 4.469426
37810 9.386768 3.960331
37820 9.386001 4.724667
37830 9.384616 5.319053
37840 9.382310 5.333173
37850 9.382978 5.042469
37860 9.385546 4.449214
37870 9.388147 5.739465
37880 9.390261 4.285114
37890 9.390163 3.739916
37900 9.388834 6.907496
37910 9.389109 7.168581
37920 9.388109 3.690563
37930 9.386160 5.768215
37940 9.385319 5.426864
37950 9.384157 3.810890
37960 9.384947 7.437186
37970 9.385638 4.270410
37980 9.384121 5.868432
37990 9.382788 5.946023
38000 9.382739 5.485766
38010 9.383813 4.151244
38020 9.382961 5.692238
38030 9.382946 4.644095
38040 9.381575 4.972482
38050 9.379383 5.643821
38060 9.377720 5.102722
38070 9.375724 6.051816
38080 9.374213 5.497153
38090 9.372902 5.479751
38100 9.371052 5.581999
38110 9.369490 4.728348
38120 9.367973 5.005746
38130 9.369114 3.552386
38140 9.369742 5.125017
38150 9.371750 5.538238
38160 9.372762 5.363366
38170 9.373430 4.363087
38180 9.374123 4.856241
38190 9.373511 4.598657
38200 9.371733 5.592347
38210 9.370098 4.574922
38220 9.367749 6.953019
38230 9.365776 6.959124
38240 9.364535 4.688175
38250 9.362279 4.663237
38260 9.360016 5.519109
38270 9.359502 4.966918
38280 9.359360 4.823239
38290 9.359576 5.512108
38300 9.359600 5.893815
38310 9.360563 4.895294
38320 9.360974 3.452174
38330 9.358951 4.885005
38340 9.356804 5.476575
38350 9.355037 5.672391
38360 9.356065 5.871661
38370 9.354867 6.557107
38380 9.353651 5.693726
38390 9.351430 6.130085
38400 9.350959 5.575960
38410 9.350139 4.358867
38420 9.348201 4.389949
38430 9.346132 4.456862
38440 9.344551 5.838019
38450 9.343453 5.796131
38460 9.341275 5.762198
38470 9.339399 4.098272
38480 9.337520 6.753911
38490 9.335282 5.423300
38500 9.333276 5.362305
38510 9.331581 3.703663
38520 9.330016 5.926452
38530 9.329252 5.302460
38540 9.329033 3.991128
38550 9.327619 6.317579
38560 9.325719 5.669130
38570 9.323762 4.253131
38580 9.321724 6.198570
38590 9.320418 6.105515
38600 9.320255 4.928708
38610 9.320545 5.512281
38620 9.320498 4.828193
38630 9.320159 4.264013
38640 9.319004 4.396785
38650 9.317385 5.406720
38660 9.315418 5.709707
38670 9.313441 6.078258
38680 9.312564 5.111407
38690 9.311760 4.577383
38700 9.311657 3.429623
38710 9.310694 5.381986
38720 9.308988 4.858492
38730 9.306716 4.829084
38740 9.305514 4.511167
38750 9.303203 6.180470
38760 9.301492 5.915707
38770 9.299310 6.406467
38780 9.297486 4.345616
38790 9.295490 4.857907
38800 9.294625 5.531698
38810 9.295839 5.866792
38820 9.296392 5.230787
38830 9.297323 5.390506
38840 9.298482 4.606496
38850 9.301094 6.744183
38860 9.305516 5.336296
38870 9.309722 2.450538
38880 9.310828 5.016774
38890 9.312603 5.746595
38900 9.313938 5.455815
38910 9.314445 5.563615
38920 9.312554 5.648641
38930 9.310801 4.121954
38940 9.308752 5.474102
38950 9.307226 4.713425
38960 9.304900 3.970734
38970 9.303395 4.861136
38980 9.303080 6.450056
38990 9.301446 7.044398
39000 9.299449 5.300889
39010 9.297464 4.830314
39020 9.295640 6.123723
39030 9.294653 4.673725
39040 9.292987 4.954501
39050 9.290780 5.023188
39060 9.288484 4.472538
39070 9.286460 7.913110
39080 9.284480 6.549088
39090 9.282492 5.600827
39100 9.281347 4.565254
39110 9.279178 6.360050
39120 9.277875 2.746017
39130 9.275703 4.836963
39140 9.273968 6.149433
39150 9.272598 6.152656
39160 9.271773 5.343707
39170 9.272481 5.873204
39180 9.273113 5.750722
39190 9.272454 5.461659
39200 9.272266 4.950536
39210 9.273026 4.773129
39220 9.276975 4.847630
39230 9.281223 4.394384
39240 9.284411 5.946696
39250 9.285612 4.585190
39260 9.286869 4.252759
39270 9.288435 4.519744
39280 9.288573 4.027392
39290 9.287000 5.946562
39300 9.285545 4.442926
39310 9.283479 7.872413
39320 9.281859 5.515703
39330 9.280394 4.265783
39340 9.278730 2.978504
39350 9.277023 4.706229
39360 9.276213 5.590071
39370 9.275334 4.620846
39380 9.273432 4.179733
39390 9.271505 5.244038
39400 9.269619 5.702684
39410 9.270159 6.757171
39420 9.271476 5.881328
39430 9.272192 6.561230
39440 9.272407 5.698248
39450 9.271237 3.820133
39460 9.269560 5.700239
39470 9.267417 6.252181
39480 9.265729 4.892422
39490 9.264102 5.399047
39500 9.263077 4.855971
39510 9.260882 6.124915
39520 9.260179 5.077054
39530 9.259249 2.744161
39540 9.258448 3.883214
39550 9.256557 5.761835
39560 9.254853 5.322778
39570 9.252980 5.689436
39580 9.251080 4.562254
39590 9.249135 4.179381
39600 9.246999 5.981737
39610 9.246553 4.658821
39620 9.248774 4.725204
39630 9.249726 5.306837
39640 9.248863 4.951452
39650 9.247880 4.630874
39660 9.245918 5.851715
39670 9.244335 3.595498
39680 9.243459 6.125670
39690 9.242277 4.285865
39700 9.240461 3.561162
39710 9.238723 5.888849
39720 9.237481 6.287119
39730 9.236236 6.180499
39740 9.236587 4.164017
39750 9.237330 5.808668
39760 9.238216 4.681924
39770 9.238021 5.567448
39780 9.238206 5.669049
39790 9.237670 4.606610
39800 9.236834 5.719789
39810 9.237174 5.429276
39820 9.235358 5.504440
39830 9.233368 4.642783
39840 9.231974 4.880464
39850 9.230070 6.056965
39860 9.228352 5.557177
39870 9.227842 4.470687
39880 9.227675 6.013541
39890 9.228234 4.892283
39900 9.228709 3.529838
39910 9.229369 5.677636
39920 9.228674 5.557786
39930 9.227159 4.957717
39940 9.225249 4.581841
39950 9.223057 5.921535
39960 9.221194 5.696067
39970 9.220705 5.612892
39980 9.221875 4.426515
39990 9.221131 2.416179
40000 9.219767 5.481275
40010 9.218193 4.827903
40020 9.216235 5.199384
40030 9.214223 8.052127
40040 9.211902 7.012999
40050 9.210370 6.153326
40060 9.208984 4.506245
40070 9.206920 4.506846
40080 9.206765 5.969319
40090 9.205177 6.184415
40100 9.203420 4.473297
40110 9.203048 5.534298
40120 9.205111 6.209249
40130 9.206380 4.283799
40140 9.207610 5.982879
40150 9.208562 4.048994
40160 9.209491 5.437898
40170 9.210973 5.220672
40180 9.213748 4.356030
40190 9.214912 8.533261
40200 9.215705 4.339981
40210 9.216420 3.682975
40220 9.216670 5.825754
40230 9.216862 5.603523
40240 9.215605 5.046615
40250 9.215249 4.514359
40260 9.214329 6.082182
40270 9.213045 4.950364
40280 9.212700 5.504005
40290 9.213806 4.598527
40300 9.212631 5.682335
40310 9.210215 8.726722
40320 9.208567 6.352821
40330 9.208988 4.963895
40340 9.209711 5.922755
40350 9.210289 6.965284
40360 9.211428 6.600593
40370 9.212394 4.986150
40380 9.213169 5.100331
40390 9.214296 4.982245
40400 9.213268 3.944627
40410 9.212985 4.131390
40420 9.211591 6.120222
40430 9.211346 4.561681
40440 9.210875 4.426152
40450 9.210337 5.967344
40460 9.209663 4.750553
40470 9.210102 3.950700
40480 9.211755 6.278908
40490 9.214018 5.688371
40500 9.215644 4.245013
40510 9.215113 6.904661
40520 9.213703 5.521391
40530 9.211951 6.707322
40540 9.210721 5.714732
40550 9.209977 5.660027
40560 9.209778 4.790339
40570 9.210205 6.049974
40580 9.211131 5.960065
40590 9.213344 6.488540
40600 9.216779 5.228015
40610 9.221717 4.321633
40620 9.226035 4.760562
40630 9.229130 5.921675
40640 9.229880 4.507658
40650 9.229697 3.871213
40660 9.228772 4.263656
40670 9.227344 5.710491
40680 9.227111 6.210709
40690 9.226371 4.557409
40700 9.224825 4.933111
40710 9.223114 4.591781
40720 9.221607 6.537009
40730 9.221371 5.479420
40740 9.220829 4.881248
40750 9.219176 4.741132
40760 9.219067 6.591144
40770 9.219521 6.927770
40780 9.220142 4.931210
40790 9.219457 4.264422
40800 9.218577 5.256046
40810 9.217040 4.348514
40820 9.215383 5.784508
40830 9.213227 7.725793
40840 9.211427 5.655275
40850 9.210418 4.938966
40860 9.209521 6.094074
40870 9.209089 7.617206
40880 9.212072 6.789586
40890 9.215399 8.469631
40900 9.217647 5.977086
40910 9.219736 4.239233
40920 9.220343 6.072909
40930 9.219654 3.849288
40940 9.218175 5.380146
40950 9.216384 5.580917
40960 9.214232 6.359214
40970 9.212575 6.127201
40980 9.211151 5.618968
40990 9.209996 5.480057
41000 9.209109 5.664675
41010 9.208681 6.570319
41020 9.209012 3.872624
41030 9.209084 4.001730
41040 9.208271 4.839928
41050 9.207436 3.848271
41060 9.207158 4.774800
41070 9.205519 5.228568
41080 9.203856 6.369184
41090 9.201960 4.778869
41100 9.200562 6.438154
41110 9.200460 5.398377
41120 9.199625 4.055102
41130 9.199615 6.112213
41140 9.200517 4.955006
41150 9.200061 4.105465
41160 9.198987 6.008871
41170 9.197143 6.080605
41180 9.196866 6.991554
41190 9.197725 7.236582
41200 9.200159 4.688225
41210 9.200764 4.846428
41220 9.199015 3.249873
41230 9.198200 3.481212
41240 9.196615 5.453583
41250 9.194894 5.309007
41260 9.192872 4.963292
41270 9.190727 5.232440
41280 9.189687 4.895617
41290 9.189020 4.040803
41300 9.187163 6.594723
41310 9.185559 5.653888
41320 9.184749 5.246227
41330 9.185236 4.750335
41340 9.185632 4.326501
41350 9.185414 4.353372
41360 9.185008 5.601158
41370 9.184050 4.483636
41380 9.182821 7.253003
41390 9.181662 4.601915
41400 9.181515 3.652976
41410 9.182172 5.531196
41420 9.183523 6.696788
41430 9.182625 5.277761
41440 9.180792 4.295081
41450 9.179288 4.682547
41460 9.178881 6.199915
41470 9.177607 4.501834
41480 9.177795 5.845545
41490 9.178961 5.260007
41500 9.180415 5.396904
41510 9.181659 5.287780
41520 9.182101 4.765408
41530 9.181648 6.668438
41540 9.180565 4.547987
41550 9.178802 4.719032
41560 9.178062 4.962711
41570 9.177248 4.664547
41580 9.176950 6.987633
41590 9.176978 6.531676
41600 9.177498 4.070850
41610 9.179718 3.468535
41620 9.181821 4.507344
41630 9.184327 5.790515
41640 9.187386 4.074905
41650 9.189220 5.801945
41660 9.188963 6.003459
41670 9.187399 4.753148
41680 9.185898 4.953647
41690 9.184028 5.070859
41700 9.182745 5.424501
41710 9.181897 5.927095
41720 9.180711 7.418454
41730 9.180280 5.157638
41740 9.178699 4.652934
41750 9.176950 4.621995
41760 9.177117 4.407234
41770 9.179174 5.379561
41780 9.179755 5.276142
41790 9.179499 5.506952
41800 9.177954 5.488472
41810 9.176163 6.631716
41820 9.174293 6.646647
41830 9.172530 4.024136
41840 9.170892 5.710135
41850 9.168936 4.256791
41860 9.167407 4.141488
41870 9.165438 5.191013
41880 9.163337 6.052199
41890 9.161839 4.637866
41900 9.160936 4.920198
41910 9.160679 5.892855
41920 9.159878 4.856064
41930 9.158119 5.618878
41940 9.157449 4.832373
41950 9.156595 5.257885
41960 9.155856 4.857149
41970 9.153834 6.996954
41980 9.151883 5.140120
41990 9.150110 4.306523
42000 9.148131 6.796984
42010 9.146379 5.495462
42020 9.144499 7.295936
42030 9.142541 5.809900
42040 9.141912 6.201566
42050 9.141001 3.616588
42060 9.138774 3.786253
42070 9.137437 4.774136
42080 9.137827 5.869943
42090 9.138462 6.217607
42100 9.137796 5.329931
42110 9.136741 6.442540
42120 9.135939 5.648068
42130 9.134126 6.190353
42140 9.132671 5.857074
42150 9.132666 5.466754
42160 9.132558 4.745833
42170 9.130891 5.063712
42180 9.128817 7.355497
42190 9.127061 5.578647
42200 9.125222 4.912805
42210 9.123218 4.924516
42220 9.121719 6.324574
42230 9.120361 4.945640
42240 9.118507 6.737982
42250 9.117260 3.851009
42260 9.115359 6.331384
42270 9.115110 5.470904
42280 9.115018 4.625330
42290 9.116186 5.432060
42300 9.118598 5.240044
42310 9.120877 5.698565
42320 9.123976 5.606036
42330 9.128435 4.070768
42340 9.132355 3.877540
42350 9.137174 4.081101
42360 9.140382 5.781214
42370 9.144700 4.007712
42380 9.147778 4.644392
42390 9.150654 4.854438
42400 9.154756 5.971758
42410 9.159146 3.982334
42420 9.160749 3.904473
42430 9.160970 4.757978
42440 9.161877 5.700524
42450 9.162822 4.341662
42460 9.162913 4.315564
42470 9.161837 4.791387
42480 9.160525 3.945085
42490 9.158821 4.476451
42500 9.157170 5.342921
42510 9.155873 4.563692
42520 9.155626 3.048871
42530 9.154890 3.918559
42540 9.153023 5.353123
42550 9.152646 5.570580
42560 9.152096 5.157255
42570 9.151096 3.964216
42580 9.152121 5.276358
42590 9.154325 6.185966
42600 9.154235 3.623460
42610 9.152306 4.241004
42620 9.150697 6.147948
42630 9.149528 6.239934
42640 9.148723 5.611448
42650 9.149099 5.340074
42660 9.149900 6.084639
42670 9.148971 4.828036
42680 9.147793 5.941963
42690 9.145911 6.151906
42700 9.144597 6.553769
42710 9.145731 4.385043
42720 9.147256 4.005142
42730 9.148811 4.692221
42740 9.149408 6.149252
42750 9.150702 5.306181
42760 9.152319 6.289828
42770 9.154054 5.360252
42780 9.155168 5.628456
42790 9.156281 3.562770
42800 9.157597 5.343007
42810 9.159512 4.671894
42820 9.159404 6.936663
42830 9.160073 4.928886
42840 9.163496 5.441145
42850 9.170250 5.502602
42860 9.176898 3.458743
42870 9.181036 4.620790
42880 9.183566 4.492930
42890 9.184600 3.874614
42900 9.183024 6.208535
42910 9.181147 4.087929
42920 9.180536 5.518208
42930 9.179526 5.348862
42940 9.177780 5.989220
42950 9.176309 4.209770
42960 9.175777 4.631462
42970 9.176338 4.516974
42980 9.177339 4.242530
42990 9.177709 4.406482
43000 9.176489 6.069882
43010 9.175066 6.862556
43020 9.174299 6.207486
43030 9.173029 4.517032
43040 9.171140 4.954333
43050 9.169606 5.823041
43060 9.168672 5.875020
43070 9.168175 6.412438
43080 9.167093 3.877249
43090 9.166047 4.215950
43100 9.164097 5.756101
43110 9.163208 3.990124
43120 9.162742 5.983328
43130 9.163078 4.784352
43140 9.162386 5.742204
43150 9.161500 4.271136
43160 9.162374 5.887330
43170 9.163201 4.556735
43180 9.164261 5.895885
43190 9.166294 5.939741
43200 9.168765 6.209667
43210 9.171538 4.354448
43220 9.176034 4.173985
43230 9.179470 5.612140
43240 9.183391 5.722585
43250 9.188046 5.779492
43260 9.194043 6.582148
43270 9.199982 6.277607
43280 9.205628 5.306478
43290 9.213333 5.332985
43300 9.225310 5.460271
43310 9.239565 5.617688
43320 9.251347 3.634494
43330 9.261672 3.343570
43340 9.268143 5.988752
43350 9.272851 5.583693
43360 9.277276 3.361146
43370 9.278523 2.610497
43380 9.277637 4.279363
43390 9.277009 4.093614
43400 9.275279 4.726295
43410 9.273346 5.012925
43420 9.271662 6.208621
43430 9.270132 7.283933
43440 9.270208 6.422342
43450 9.270413 4.003168
43460 9.270598 5.542449
43470 9.270887 4.460453
43480 9.271182 6.750804
43490 9.272032 5.615996
43500 9.272805 5.453812
43510 9.274177 4.374864
43520 9.276785 3.722276
43530 9.276649 3.208202
43540 9.274812 5.636038
43550 9.272858 6.213267
43560 9.271551 4.474664
43570 9.270450 6.443249
43580 9.268895 4.449223
43590 9.267990 4.292462
43600 9.266921 5.289696
43610 9.266057 4.750972
43620 9.264716 4.047461
43630 9.263041 4.711693
43640 9.261750 3.836528
43650 9.259936 5.810619
43660 9.258286 3.930675
43670 9.256628 7.766144
43680 9.254947 3.771050
43690 9.252951 6.600866
43700 9.252802 5.632306
43710 9.252741 5.654427
43720 9.252815 5.872580
43730 9.251806 6.382130
43740 9.251704 6.221577
43750 9.253549 3.710827
43760 9.254656 6.650953
43770 9.255515 5.607733
43780 9.256055 5.957539
43790 9.256316 4.765489
43800 9.254978 4.951071
43810 9.254001 5.614251
43820 9.255538 4.069512
43830 9.256848 5.077217
43840 9.258867 6.570318
43850 9.260590 5.759313
43860 9.262664 4.489034
43870 9.263240 5.834515
43880 9.263144 5.345553
43890 9.264629 4.187536
43900 9.266038 4.184262
43910 9.264554 5.033091
43920 9.263460 5.818529
43930 9.263203 5.323023
43940 9.262884 5.859324
43950 9.262843 5.322323
43960 9.260984 6.538896
43970 9.260121 5.093208
43980 9.258517 4.543628
43990 9.257264 5.907144
44000 9.256478 6.176759
44010 9.254538 5.686664
44020 9.252799 4.713883
44030 9.251632 5.086285
44040 9.250104 4.343670
44050 9.248353 7.632687
44060 9.246525 4.654871
44070 9.244871 6.232794
44080 9.243468 4.659649
44090 9.243018 3.864049
44100 9.241861 1.416239
44110 9.240274 5.854894
44120 9.238846 6.554919
44130 9.237367 4.103552
44140 9.235439 4.993007
44150 9.233625 5.827828
44160 9.231769 4.724698
44170 9.229991 4.330720
44180 9.229011 5.603358
44190 9.227923 4.674129
44200 9.226166 6.068429
44210 9.225034 4.302921
44220 9.223937 5.548034
44230 9.225661 4.593069
44240 9.227023 5.939419
44250 9.227503 5.294807
44260 9.227186 5.283413
44270 9.227821 4.899604
44280 9.226842 6.101880
44290 9.224994 5.506852
44300 9.223253 3.849109
44310 9.221405 6.759183
44320 9.220489 5.467422
44330 9.220476 4.927695
44340 9.222406 5.307245
44350 9.223900 3.679237
44360 9.223540 6.299446
44370 9.223678 4.976085
44380 9.226007 5.439138
44390 9.228114 4.130976
44400 9.228615 3.612296
44410 9.229096 6.003337
44420 9.231606 4.428390
44430 9.233673 5.627264
44440 9.236222 4.775303
44450 9.238840 4.680329
44460 9.239964 4.447058
44470 9.238679 4.920330
44480 9.237156 1.796887
44490 9.235590 4.075259
44500 9.234660 3.334623
44510 9.232759 6.953265
44520 9.231474 8.086120
44530 9.231945 5.154860
44540 9.230909 6.927478
44550 9.229542 4.931108
44560 9.227848 7.820408
44570 9.226210 4.557797
44580 9.225195 4.399325
44590 9.223664 5.001934
44600 9.223073 5.082396
44610 9.222197 5.942636
44620 9.220915 3.942950
44630 9.219861 3.499509
44640 9.218410 6.251126
44650 9.216731 6.642291
44660 9.215848 3.599873
44670 9.214534 7.622281
44680 9.212639 3.176742
44690 9.211530 5.624673
44700 9.211509 6.150206
44710 9.210918 4.476512
44720 9.210096 4.288185
44730 9.210141 4.922892
44740 9.209819 4.309432
44750 9.208432 6.398280
44760 9.207351 4.489585
44770 9.205851 4.810836
44780 9.204797 4.597493
44790 9.203214 4.790346
44800 9.201517 4.667689
44810 9.199913 4.486479
44820 9.197785 8.262180
44830 9.196089 4.953400
44840 9.194340 4.230889
44850 9.192957 4.657083
44860 9.191487 4.752889
44870 9.190741 3.744348
44880 9.189098 5.539378
44890 9.188416 5.210953
44900 9.186726 6.033541
44910 9.185052 4.624754
44920 9.183026 6.708232
44930 9.181233 4.504698
44940 9.179681 5.432721
44950 9.177933 3.607199
44960 9.176923 5.378764
44970 9.175560 4.514498
44980 9.173843 6.917219
44990 9.172680 5.602957
45000 9.170811 5.535934
45010 9.169649 5.657097
45020 9.169517 5.511598
45030 9.169532 6.345821
45040 9.169294 2.924101
45050 9.170704 4.133217
45060 9.171977 5.231590
45070 9.171219 7.032831
45080 9.170438 4.517478
45090 9.170304 4.411236
45100 9.170173 5.890901
45110 9.169289 3.931340
45120 9.169089 4.447566
45130 9.169810 5.864920
45140 9.173219 5.333862
45150 9.176206 4.448421
45160 9.176995 4.217497
45170 9.177682 7.748085
45180 9.178558 4.836589
45190 9.179873 4.085045
45200 9.181004 4.235055
45210 9.179365 4.980142
45220 9.177819 5.598252
45230 9.176433 5.617371
45240 9.175046 6.009861
45250 9.174314 5.649751
45260 9.173310 6.109527
45270 9.172209 3.277514
45280 9.170680 4.915820
45290 9.169429 4.736161
45300 9.167883 5.137886
45310 9.167804 4.183843
45320 9.166826 4.751449
45330 9.165785 4.372105
45340 9.164219 4.397029
45350 9.162623 5.973937
45360 9.161888 5.987218
45370 9.161413 5.990261
45380 9.161193 5.794262
45390 9.159957 4.799486
45400 9.159011 4.549191
45410 9.158659 3.912630
45420 9.157691 5.436429
45430 9.156488 6.084290
45440 9.156596 3.022177
45450 9.157079 5.898788
45460 9.156025 6.658447
45470 9.155424 6.264573
45480 9.156574 5.982811
45490 9.159009 5.755985
45500 9.163254 5.934799
45510 9.166841 4.784859
45520 9.170723 4.361429
45530 9.173491 5.921684
45540 9.176577 3.331009
45550 9.178122 6.041472
45560 9.180117 4.462275
45570 9.180774 4.618307
45580 9.181943 6.957429
45590 9.183907 5.559709
45600 9.184473 4.960909
45610 9.184255 5.512140
45620 9.184171 7.064311
45630 9.183923 4.003105
45640 9.183874 3.831329
45650 9.185789 5.917539
45660 9.189112 4.437096
45670 9.192089 4.962368
45680 9.192871 5.971832
45690 9.192978 4.117251
45700 9.191334 3.764339
45710 9.190352 6.007017
45720 9.189688 5.816311
45730 9.189029 6.381579
45740 9.188353 4.919300
45750 9.188743 4.615755
45760 9.190179 5.474673
45770 9.192254 4.575562
45780 9.194983 5.725986
45790 9.198297 5.904753
45800 9.201054 3.193602
45810 9.201803 6.101245
45820 9.201647 4.669072
45830 9.201515 6.093627
45840 9.200658 4.200236
45850 9.198829 4.304022
45860 9.199190 4.737536
45870 9.198760 5.490277
45880 9.197887 4.198901
45890 9.196339 4.620320
45900 9.195005 4.249709
45910 9.193324 5.365323
45920 9.193168 5.990871
45930 9.193911 4.575313
45940 9.195049 4.017877
45950 9.196262 4.618931
45960 9.199903 7.012610
45970 9.203158 4.060698
45980 9.205936 5.406312
45990 9.209493 3.665425
46000 9.213079 6.320792
46010 9.216862 3.880505
46020 9.221161 4.867764
46030 9.225008 5.567604
46040 9.227449 6.338228
46050 9.231082 5.787024
46060 9.236392 5.843633
46070 9.241793 3.630314
46080 9.245110 3.783623
46090 9.247993 3.396400
46100 9.251441 5.054519
46110 9.255064 3.424385
46120 9.258009 5.730297
46130 9.260891 6.669066
46140 9.264718 5.849846
46150 9.269380 6.374361
46160 9.273982 4.958267
46170 9.278200 4.656526
46180 9.284574 5.473904
46190 9.292864 4.439111
46200 9.301746 4.961898
46210 9.310686 4.555866
46220 9.319039 4.066464
46230 9.325284 4.755695
46240 9.331523 6.160742
46250 9.336964 3.047532
46260 9.341900 6.199920
46270 9.346644 5.679996
46280 9.352422 6.220277
46290 9.356130 4.629725
46300 9.356402 7.466876
46310 9.355100 6.238443
46320 9.353841 5.451691
46330 9.352377 5.627237
46340 9.351178 4.849794
46350 9.350113 4.536935
46360 9.349461 4.293447
46370 9.348833 4.110760
46380 9.347350 5.903830
46390 9.347865 2.846219
46400 9.347672 4.792210
46410 9.346355 5.521351
46420 9.346171 6.475075
46430 9.346160 3.957763
46440 9.344927 6.426635
46450 9.344870 4.707089
46460 9.344546 5.458719
46470 9.343838 5.158918
46480 9.341998 6.421257
46490 9.340782 7.370327
46500 9.340981 5.526399
46510 9.341584 5.907161
46520 9.341883 5.132087
46530 9.341861 4.344183
46540 9.341816 5.539900
46550 9.340452 5.139019
46560 9.338711 6.941146
46570 9.337142 5.300250
46580 9.336441 5.682762
46590 9.337583 3.830626
46600 9.338858 4.003463
46610 9.339122 5.891526
46620 9.339022 6.092877
46630 9.340521 4.311439
46640 9.342492 3.468354
46650 9.342503 6.180526
46660 9.341830 4.224510
46670 9.340546 4.749470
46680 9.339513 5.605339
46690 9.339217 3.217216
46700 9.339492 4.565470
46710 9.340336 3.763371
46720 9.340467 4.410984
46730 9.339586 4.491640
46740 9.339670 6.179590
46750 9.339185 4.386199
46760 9.338103 5.632197
46770 9.337261 4.566259
46780 9.336073 5.304929
46790 9.334255 6.553720
46800 9.332727 5.382879
46810 9.330914 4.257504
46820 9.329718 4.742369
46830 9.328581 5.573661
46840 9.327802 5.527112
46850 9.326994 5.513949
46860 9.325989 4.694475
46870 9.325691 4.829471
46880 9.325541 5.541315
46890 9.325369 6.932495
46900 9.325609 5.445070
46910 9.324014 6.608001
46920 9.322954 5.280348
46930 9.322970 5.245189
46940 9.322239 5.976290
46950 9.322561 4.672142
46960 9.321872 5.297250
46970 9.321230 4.646494
46980 9.320351 5.895781
46990 9.319330 4.263325
47000 9.317844 4.196665
47010 9.317350 2.369725
47020 9.316644 4.703815
47030 9.315384 6.917315
47040 9.316356 4.053514
47050 9.316995 5.437464
47060 9.317206 5.603005
47070 9.318735 5.665896
47080 9.322727 5.286728
47090 9.327918 5.440660
47100 9.331912 5.023161
47110 9.333821 3.773811
47120 9.335048 4.393638
47130 9.335480 4.251460
47140 9.335690 5.464139
47150 9.337327 5.765254
47160 9.337815 5.805277
47170 9.336400 5.374800
47180 9.334717 4.968810
47190 9.333042 4.915539
47200 9.331492 5.938959
47210 9.330244 5.790575
47220 9.329429 5.154175
47230 9.328298 5.769939
47240 9.327035 7.184704
47250 9.327120 4.002288
47260 9.327507 5.434072
47270 9.327890 4.825543
47280 9.327753 4.107451
47290 9.326569 4.811068
47300 9.324939 4.214162
47310 9.323235 5.956624
47320 9.321399 7.484241
47330 9.319735 5.814249
47340 9.318341 5.693406
47350 9.316565 5.562407
47360 9.314918 4.827752
47370 9.313405 3.920619
47380 9.311773 4.361209
47390 9.310090 4.774464
47400 9.308743 5.837909
47410 9.308656 4.600923
47420 9.309069 5.447946
47430 9.308666 4.243202
47440 9.307053 5.315136
47450 9.305724 4.435815
47460 9.304052 4.850929
47470 9.302982 6.030030
47480 9.303683 5.852262
47490 9.305932 5.415390
47500 9.309316 6.127390
47510 9.311856 4.210417
47520 9.314542 4.404778
47530 9.315262 4.900137
47540 9.314759 4.897755
47550 9.313854 5.998190
47560 9.314310 3.758550
47570 9.312870 4.367319
47580 9.311217 4.998917
47590 9.309926 4.578684
47600 9.308284 5.340795
47610 9.306553 5.134266
47620 9.305426 4.140912
47630 9.303972 4.623708
47640 9.302598 4.838513
47650 9.301243 5.994887
47660 9.300470 3.852859
47670 9.299826 5.549002
47680 9.299868 4.331274
47690 9.299403 5.629015
47700 9.298517 4.823240
47710 9.297362 3.964389
47720 9.296099 4.280682
47730 9.294688 4.915727
47740 9.292648 9.207311
47750 9.291451 5.768064
47760 9.290049 4.163165
47770 9.290028 4.354959
47780 9.290304 5.105384
47790 9.290245 5.548377
47800 9.288804 5.011964
47810 9.287796 6.044697
47820 9.286416 5.574509
47830 9.286795 5.872067
47840 9.288489 5.961835
47850 9.288143 4.298202
47860 9.286845 7.320666
47870 9.286677 5.358819
47880 9.285405 6.791626
47890 9.284126 6.477278
47900 9.284222 5.508454
47910 9.284341 5.450520
47920 9.283711 3.904480
47930 9.282045 5.091695
47940 9.280626 5.967466
47950 9.280661 4.447523
47960 9.280906 4.656654
47970 9.281566 5.968340
47980 9.282848 3.705009
47990 9.283334 5.233184
48000 9.283449 5.452427
48010 9.283473 6.175721
48020 9.282377 5.566751
48030 9.282820 2.884007
48040 9.282912 5.447090
48050 9.282145 4.158545
48060 9.281355 6.570715
48070 9.281047 5.812775
48080 9.281473 4.825813
48090 9.281588 4.826378
48100 9.280582 4.615472
48110 9.279802 5.291452
48120 9.278550 4.459991
48130 9.277365 5.356166
48140 9.276344 5.720452
48150 9.275982 4.633437
48160 9.275353 5.538878
48170 9.274224 8.058861
48180 9.273555 5.344647
48190 9.273441 5.507796
48200 9.274004 5.847244
48210 9.274115 6.724250
48220 9.273585 6.058693
48230 9.274419 5.684056
48240 9.275889 5.758484
48250 9.277121 6.393349
48260 9.279421 4.594192
48270 9.279531 5.324195
48280 9.279191 4.686457
48290 9.277632 5.617245
48300 9.276837 5.336521
48310 9.277574 6.199325
48320 9.278184 6.021110
48330 9.277633 3.884206
48340 9.276085 5.957089
48350 9.274717 5.018243
48360 9.273180 5.870528
48370 9.271575 4.106596
48380 9.270601 4.060697
48390 9.269662 4.505800
48400 9.268185 5.507757
48410 9.267441 5.674975
48420 9.265503 7.196196
48430 9.264956 4.842006
48440 9.265373 5.976204
48450 9.266892 4.038897
48460 9.267154 6.450085
48470 9.266332 5.260751
48480 9.265607 4.863065
48490 9.264758 6.063981
48500 9.264528 4.287858
48510 9.264965 5.924388
48520 9.265537 7.174895
48530 9.266530 5.366797
48540 9.266237 5.415725
48550 9.265540 4.287548
48560 9.264116 4.979883
48570 9.262594 4.768450
48580 9.260855 4.618147
48590 9.259392 5.305871
48600 9.258819 4.903642
48610 9.261215 3.810165
48620 9.264203 5.554446
48630 9.267531 4.968921
48640 9.271525 1.546032
48650 9.273932 4.549197
48660 9.276286 5.411245
48670 9.279893 6.050638
48680 9.284514 3.429064
48690 9.289035 4.611615
48700 9.292829 5.876625
48710 9.297288 5.578916
48720 9.301211 6.382637
48730 9.305674 2.204723
48740 9.308807 5.992608
48750 9.313107 4.139714
48760 9.316192 6.197578
48770 9.317404 2.901128
48780 9.317662 5.591268
48790 9.317198 4.464145
48800 9.315543 6.473025
48810 9.314199 5.346796
48820 9.312507 5.053334
48830 9.311160 4.519725
48840 9.309530 6.734238
48850 9.308889 4.804123
48860 9.307459 5.442204
48870 9.306715 4.768991
48880 9.305485 6.830544
48890 9.303996 6.164208
48900 9.302396 6.214049
48910 9.300815 5.096673
48920 9.299563 3.997253
48930 9.297304 8.991424
48940 9.296145 4.565983
48950 9.294698 5.941665
48960 9.294218 4.947705
48970 9.292668 5.975041
48980 9.291080 7.983659
48990 9.289974 4.046951
49000 9.289637 3.460934
49010 9.289651 3.272362
49020 9.289436 5.921685
49030 9.290276 4.054820
49040 9.291198 3.551660
49050 9.292516 5.719639
49060 9.293503 4.203754
49070 9.294048 3.540143
49080 9.294058 3.574367
49090 9.292885 6.803485
49100 9.292339 4.853770
49110 9.292691 4.528146
49120 9.292778 4.500636
49130 9.293675 5.445699
49140 9.294467 5.557598
49150 9.295345 7.322465
49160 9.295449 5.852569
49170 9.295447 4.638688
49180 9.294984 6.866752
49190 9.293605 4.627398
49200 9.293586 4.700051
49210 9.294522 4.221737
49220 9.296719 5.931994
49230 9.298458 4.096367
49240 9.297899 3.427336
49250 9.296489 4.562454
49260 9.295063 5.874748
49270 9.294259 4.824641
49280 9.292721 6.182239
49290 9.291049 5.538406
49300 9.289720 6.560710
49310 9.288853 6.628368
49320 9.287362 6.814197
49330 9.285951 5.356941
49340 9.285967 4.118437
49350 9.284922 5.948129
49360 9.283185 6.006555
49370 9.282087 4.046263
49380 9.281292 5.018262
49390 9.281194 4.988513
49400 9.281251 5.526440
49410 9.279638 5.481989
49420 9.279103 4.899245
49430 9.279011 5.148480
49440 9.278875 6.415812
49450 9.278504 7.573557
49460 9.278534 5.528977
49470 9.278971 4.769415
49480 9.279909 3.481759
49490 9.278842 5.464075
49500 9.277546 5.512928
49510 9.276282 4.053755
49520 9.274951 6.096343
49530 9.273580 4.942281
49540 9.271889 4.680527
49550 9.270833 6.020211
49560 9.270427 6.815183
49570 9.269832 5.709004
49580 9.270032 5.976540
49590 9.270213 4.978995
49600 9.269981 4.755038
49610 9.270510 6.076016
49620 9.272596 4.797857
49630 9.276706 6.338434
49640 9.280315 4.540739
49650 9.283461 4.549666
49660 9.285625 4.316904
49670 9.286980 4.713732
49680 9.288671 5.987728
49690 9.289848 4.933979
49700 9.292217 4.945856
49710 9.294998 6.404518
49720 9.299267 4.770439
49730 9.302645 6.886739
49740 9.306819 4.538612
49750 9.310268 5.386608
49760 9.311927 5.493780
49770 9.313053 4.520411
49780 9.313065 4.662026
49790 9.312082 4.806809
49800 9.310533 4.680648
49810 9.309480 4.549933
49820 9.308014 4.875858
49830 9.306932 5.888817
49840 9.305631 5.005948
49850 9.304665 4.409574
49860 9.303103 5.779229
49870 9.301796 5.887338
49880 9.300401 4.233223
49890 9.298765 6.067047
49900 9.298508 3.948681
49910 9.298035 4.980119
49920 9.298517 5.090160
49930 9.299873 6.072786
49940 9.301038 3.780127
49950 9.300051 4.977755
49960 9.298347 6.147480
49970 9.297475 5.782763
49980 9.296221 4.323847
49990 9.294741 5.795306
50000 9.293489 5.788793
50010 9.291841 5.447735
50020 9.290251 4.971038
50030 9.290185 6.002866
50040 9.290822 5.118007
50050 9.291326 5.911669
50060 9.291240 4.556139
50070 9.291701 6.817473
50080 9.293673 4.466713
50090 9.294730 4.222222
50100 9.295580 4.394893
50110 9.297810 11.041814
50120 9.300582 5.362097
50130 9.301085 3.791296
50140 9.301359 4.421116
50150 9.300163 4.623993
50160 9.298601 7.011214
50170 9.297478 5.698913
50180 9.297080 6.012913
50190 9.296559 5.265368
50200 9.296544 4.221625
50210 9.296894 6.448596
50220 9.297544 4.977778
50230 9.296716 5.372981
50240 9.295269 5.499537
50250 9.293562 4.461963
50260 9.293757 4.787213
50270 9.294400 5.253569
50280 9.296132 3.725305
50290 9.297771 4.712653
50300 9.298249 5.516647
50310 9.298542 3.838810
50320 9.298010 5.441519
50330 9.297856 5.290541
50340 9.297042 5.362182
50350 9.296007 5.889689
50360 9.295767 4.473949
50370 9.296108 5.635215
50380 9.295939 3.991922
50390 9.294324 7.196008
50400 9.292515 6.068000
50410 9.290782 6.254143
50420 9.288643 8.631946
50430 9.287364 5.695122
50440 9.286070 2.960269
50450 9.285302 4.967563
50460 9.283620 7.515837
50470 9.282139 5.688955
50480 9.280874 4.454854
50490 9.279516 4.696175
50500 9.278072 5.853485
50510 9.276431 5.335822
50520 9.274750 6.163093
50530 9.273304 4.885886
50540 9.272205 4.154722
50550 9.270739 6.095833
50560 9.270495 2.706301
50570 9.270070 5.900860
50580 9.269440 5.796155
50590 9.270593 4.877650
50600 9.271403 5.698037
50610 9.272038 6.450766
50620 9.271990 4.975711
50630 9.270948 5.849191
50640 9.269451 3.809223
50650 9.268404 4.692060
50660 9.268125 6.099758
50670 9.267404 6.414267
50680 9.265928 5.513747
50690 9.264305 5.397222
50700 9.262686 4.673444
50710 9.261098 4.907946
50720 9.259532 5.648415
50730 9.258533 4.878689
50740 9.256819 8.711520
50750 9.255719 5.734292
50760 9.254880 5.592874
50770 9.253853 4.692256
50780 9.253239 4.952621
50790 9.251848 7.376182
50800 9.250693 5.464863
50810 9.249111 5.850520
50820 9.247508 6.267226
50830 9.245982 3.716782
50840 9.244611 5.600105
50850 9.244476 6.409262
50860 9.244519 6.175822
50870 9.243241 6.126326
50880 9.242022 5.259277
50890 9.242641 4.834808
50900 9.243052 4.381943
50910 9.242299 5.507246
50920 9.241749 4.261997
50930 9.240707 4.043578
50940 9.240107 5.970855
50950 9.238969 4.558837
50960 9.237565 5.469669
50970 9.236154 6.019177
50980 9.234605 6.460198
50990 9.233064 4.904944
51000 9.232374 5.647184
51010 9.231401 3.762256
51020 9.230274 4.830513
51030 9.229141 4.288035
51040 9.227639 5.266896
51050 9.225868 4.155273
51060 9.224376 5.717959
51070 9.222906 5.789516
51080 9.222240 3.672717
51090 9.220807 4.742800
51100 9.219629 5.706928
51110 9.218067 6.525090
51120 9.216565 4.311987
51130 9.214944 5.677383
51140 9.213258 11.164366
51150 9.212509 5.304883
51160 9.211200 6.190346
51170 9.210513 5.345551
51180 9.211218 2.256890
51190 9.211399 5.474423
51200 9.210645 3.749101
51210 9.209744 6.414016
51220 9.209422 4.567550
51230 9.208873 6.404298
51240 9.207962 5.765697
51250 9.206859 6.302052
51260 9.205544 6.213318
51270 9.204298 4.005700
51280 9.203084 4.908408
51290 9.202996 4.253886
51300 9.202347 4.952445
51310 9.202544 4.654721
51320 9.201953 4.787600
51330 9.200971 4.711502
51340 9.199508 6.334187
51350 9.198271 6.176112
51360 9.197419 6.060564
51370 9.198136 4.598972
51380 9.198069 4.307943
51390 9.196610 6.236916
51400 9.196191 6.066131
51410 9.194972 4.220952
51420 9.194906 5.753035
51430 9.195828 4.043563
51440 9.195678 6.441027
51450 9.196043 3.871975
51460 9.195794 3.792155
51470 9.194780 6.354447
51480 9.194713 5.455354
51490 9.196156 5.305451
51500 9.198077 5.001454
51510 9.200214 4.475686
51520 9.200952 4.004993
51530 9.202386 5.469136
51540 9.202832 4.429396
51550 9.202948 4.536694
51560 9.202677 4.107958
51570 9.201750 4.950764
51580 9.200593 4.624412
51590 9.200142 6.325934
51600 9.200350 5.688086
51610 9.199589 4.623547
51620 9.198039 4.727648
51630 9.197597 4.458269
51640 9.197347 4.997718
51650 9.196129 3.348197
51660 9.194853 5.093438
51670 9.193297 4.312478
51680 9.191612 6.182558
51690 9.190693 5.299248
51700 9.189920 4.535642
51710 9.190206 5.430237
51720 9.189598 5.276684
51730 9.189079 4.114277
51740 9.187988 3.945566
51750 9.188328 3.335296
51760 9.189499 3.818624
51770 9.191344 5.589557
51780 9.193471 5.200837
51790 9.195328 5.891674
51800 9.197604 6.341330
51810 9.200576 5.637948
51820 9.204326 4.886986
51830 9.207568 5.482090
51840 9.211210 5.951074
51850 9.215885 5.976096
51860 9.222219 4.336474
51870 9.227968 4.127479
51880 9.234533 5.604109
51890 9.239857 6.743003
51900 9.244086 4.747709
51910 9.248025 4.353322
51920 9.253827 4.159828
51930 9.259664 4.719986
51940 9.265722 6.250411
51950 9.272163 4.957383
51960 9.279186 3.225409
51970 9.283638 3.666139
51980 9.287507 4.640005
51990 9.291364 4.226229
52000 9.294842 3.912960
52010 9.294532 4.134092
52020 9.293242 6.133168
52030 9.291908 4.859316
52040 9.290496 7.074197
52050 9.288812 5.712440
52060 9.287847 4.297573
52070 9.286492 5.531604
52080 9.284875 4.332265
52090 9.283641 2.835268
52100 9.282256 6.003809
52110 9.281083 3.911803
52120 9.279967 4.199631
52130 9.278576 6.403785
52140 9.277058 4.266033
52150 9.275855 3.800478
52160 9.274955 3.538697
52170 9.274260 5.969956
52180 9.272978 4.667424
52190 9.272255 3.278449
52200 9.271000 3.927338
52210 9.270260 6.000920
52220 9.268785 5.661878
52230 9.269167 5.721424
52240 9.269082 6.110154
52250 9.269269 4.692843
52260 9.268628 5.344274
52270 9.267405 4.637139
52280 9.268555 4.394145
52290 9.269586 4.867458
52300 9.269830 5.566666
52310 9.269592 5.630688
52320 9.268721 3.672130
52330 9.267187 6.323751
52340 9.265626 5.346557
52350 9.264104 3.556553
52360 9.262877 4.203722
52370 9.262664 4.553503
52380 9.261327 5.037124
52390 9.259803 5.783134
52400 9.258399 4.835737
52410 9.256801 6.573145
52420 9.255238 5.869406
52430 9.253834 4.919975
52440 9.252330 5.947591
52450 9.250879 5.737842
52460 9.249521 4.620063
52470 9.248299 6.480076
52480 9.247142 5.198894
52490 9.246088 5.481463
52500 9.244689 5.585843
52510 9.243191 5.736503
52520 9.242088 5.284939
52530 9.240483 6.623138
52540 9.239465 6.518904
52550 9.238310 4.527431
52560 9.237132 4.023659
52570 9.235827 4.835272
52580 9.234548 4.398912
52590 9.233044 5.828201
52600 9.231509 5.995405
52610 9.230842 4.177450
52620 9.230072 6.827395
52630 9.229527 6.036080
52640 9.229723 5.337799
52650 9.230176 5.318055
52660 9.232807 3.682908
52670 9.234668 4.672829
52680 9.236731 6.236353
52690 9.240232 5.006261
52700 9.243614 5.087949
52710 9.247477 6.008654
52720 9.252154 5.546327
52730 9.257843 4.579909
52740 9.264033 5.981393
52750 9.270998 4.377861
52760 9.277263 5.312853
52770 9.283198 6.263071
52780 9.288777 3.909442
52790 9.292266 5.611887
52800 9.295707 3.880962
52810 9.299541 4.916175
52820 9.303062 3.934860
52830 9.304696 4.483330
52840 9.304941 4.655608
52850 9.303992 6.446847
52860 9.304388 4.294197
52870 9.305397 4.650247
52880 9.304442 7.154640
52890 9.302833 4.545653
52900 9.301300 5.656484
52910 9.299709 7.164682
52920 9.298521 6.931594
52930 9.298657 4.696970
52940 9.299069 6.122201
52950 9.298268 5.979293
52960 9.297755 4.613149
52970 9.296587 5.634429
52980 9.295264 5.127837
52990 9.294802 6.070248
53000 9.294294 4.373535
53010 9.293854 4.262497
53020 9.293490 4.312995
53030 9.292163 4.855015
53040 9.290648 4.777160
53050 9.289227 5.604107
53060 9.287660 5.567323
53070 9.287269 6.515073
53080 9.287706 7.479518
53090 9.286907 4.299661
53100 9.285778 5.592309
53110 9.284312 4.674553
53120 9.282906 4.183317
53130 9.282397 5.850875
53140 9.281227 6.491306
53150 9.279504 6.868122
53160 9.278774 5.021754
53170 9.277445 4.925275
53180 9.276565 4.513165
53190 9.275601 4.507825
53200 9.274759 5.414827
53210 9.275076 4.272493
53220 9.274816 3.927572
53230 9.274751 3.965728
53240 9.275245 4.519845
53250 9.276620 5.825852
53260 9.279086 3.124074
53270 9.282438 4.968444
53280 9.285543 4.962201
53290 9.287979 5.341884
53300 9.290764 6.104991
53310 9.294900 2.658969
53320 9.297702 4.326676
53330 9.299761 6.593514
53340 9.301192 6.505842
53350 9.302790 4.861033
53360 9.303144 6.416646
53370 9.303340 4.410394
53380 9.302425 5.576171
53390 9.301019 5.900976
53400 9.300532 4.479407
53410 9.299550 7.525015
53420 9.299808 3.493487
53430 9.298516 5.951468
53440 9.297562 5.073414
53450 9.295894 4.236645
53460 9.294401 6.229958
53470 9.292894 4.805625
53480 9.292172 6.118949
53490 9.291598 6.024997
53500 9.291120 4.457353
53510 9.289714 5.886307
53520 9.288361 4.779791
53530 9.287088 4.436551
53540 9.286270 5.017140
53550 9.285623 2.435220
53560 9.284202 4.914742
53570 9.282658 5.609426
53580 9.281739 5.478907
53590 9.280310 4.600915
53600 9.278945 5.017719
53610 9.277829 4.542447
53620 9.276575 6.781814
53630 9.276894 4.765624
53640 9.277439 4.494887
53650 9.277838 3.012413
53660 9.278408 4.929086
53670 9.277795 7.103940
53680 9.276490 4.787597
53690 9.275030 6.020763
53700 9.273719 3.935223
53710 9.272673 5.409301
53720 9.271982 4.531650
53730 9.270875 5.918122
53740 9.269397 7.009219
53750 9.268543 4.481657
53760 9.267244 4.308059
53770 9.267224 5.227312
53780 9.267411 6.065917
53790 9.269302 7.512534
53800 9.272149 5.954344
53810 9.276479 3.957315
53820 9.280598 6.950181
53830 9.285776 6.038192
53840 9.292438 4.675287
53850 9.300172 2.986198
53860 9.306782 4.240304
53870 9.311953 6.307056
53880 9.316241 4.835642
53890 9.321709 4.209007
53900 9.325194 5.260154
53910 9.328243 4.993477
53920 9.331306 3.817534
53930 9.335501 6.026861
53940 9.339655 4.160352
53950 9.344042 5.108429
53960 9.349682 5.438575
53970 9.354915 4.277120
53980 9.359805 5.432173
53990 9.364822 3.481245
54000 9.369055 6.255035
54010 9.371952 5.696203
54020 9.374245 5.310050
54030 9.376914 5.734525
54040 9.380233 6.804507
54050 9.385378 4.580201
54060 9.391345 5.605464
54070 9.396529 6.051153
54080 9.400716 4.275227
54090 9.403429 5.977860
54100 9.405551 5.316589
54110 9.405900 5.303148
54120 9.406645 6.900420
54130 9.407487 5.574639
54140 9.407314 6.038058
54150 9.406520 5.702421
54160 9.407518 5.879414
54170 9.409170 3.064582
54180 9.411416 6.061070
54190 9.413937 4.700132
54200 9.415128 5.315078
54210 9.417210 4.642419
54220 9.419261 4.909856
54230 9.421789 5.820361
54240 9.424388 4.103768
54250 9.426554 5.017338
54260 9.427847 5.596193
54270 9.428407 1.043568
54280 9.428408 4.627851
54290 9.428538 5.192172
54300 9.426985 4.804480
54310 9.425620 6.427179
54320 9.424739 5.520772
54330 9.424138 4.944934
54340 9.422640 5.631141
54350 9.421905 5.024961
54360 9.420837 5.833154
54370 9.420462 4.913054
54380 9.420380 6.598231
54390 9.420656 5.372592
54400 9.422050 5.620806
54410 9.424631 5.566567
54420 9.426435 6.523046
54430 9.427578 5.567603
54440 9.429443 4.554952
54450 9.431555 5.824320
54460 9.434438 5.928910
54470 9.438857 4.751781
54480 9.443244 6.258883
54490 9.447131 4.298297
54500 9.449664 4.927733
54510 9.451250 5.957474
54520 9.451641 6.444959
54530 9.451628 6.328238
54540 9.451289 6.165379
54550 9.451196 4.222852
54560 9.451622 5.639255
54570 9.452448 4.111581
54580 9.452964 5.705684
54590 9.455185 4.962923
54600 9.456872 5.174109
54610 9.457939 3.371690
54620 9.456959 4.775199
54630 9.456461 5.417842
54640 9.454929 6.149785
54650 9.453751 6.064361
54660 9.453031 4.017692
54670 9.451580 5.371316
54680 9.450069 4.828608
54690 9.448588 6.090112
54700 9.447127 5.499667
54710 9.445715 4.670367
54720 9.444222 5.042312
54730 9.442578 5.835049
54740 9.441281 4.492876
54750 9.440137 6.052488
54760 9.439781 4.025667
54770 9.439205 5.169276
54780 9.438686 4.220849
54790 9.437536 4.684594
54800 9.436005 7.096865
54810 9.434703 4.741813
54820 9.433252 4.910832
54830 9.431850 4.773192
54840 9.430527 6.537543
54850 9.429282 5.281150
54860 9.427769 4.564464
54870 9.427092 4.356428
54880 9.426087 3.848871
54890 9.424680 4.739921
54900 9.423258 4.876418
54910 9.422022 5.313791
54920 9.420610 7.361268
54930 9.419655 4.729926
54940 9.418655 4.766236
54950 9.418386 6.278251
54960 9.418540 4.427737
54970 9.417649 5.694318
54980 9.416465 5.684859
54990 9.415697 5.837746
55000 9.414438 4.180982
55010 9.413464 5.569055
55020 9.411912 6.653685
55030 9.411013 4.516896
55040 9.409608 5.625392
55050 9.408333 5.455881
55060 9.407452 4.224848
55070 9.406562 4.428866
55080 9.405287 4.325958
55090 9.403898 5.008432
55100 9.402503 5.739274
55110 9.400808 6.634556
55120 9.399382 4.880161
55130 9.397993 6.347251
55140 9.396677 5.763571
55150 9.395557 3.670199
55160 9.394100 5.120719
55170 9.392568 6.433662
55180 9.392689 7.084676
55190 9.394587 3.351523
55200 9.395526 5.913840
55210 9.395943 4.438330
55220 9.394958 4.872730
55230 9.394025 5.514047
55240 9.394308 6.173059
55250 9.395248 4.789109
55260 9.395907 4.622739
55270 9.397852 5.361827
55280 9.398930 6.118433
55290 9.400436 5.038843
55300 9.403221 6.755452
55310 9.407090 5.057286
55320 9.409968 5.844501
55330 9.411292 5.155433
55340 9.412370 6.184307
55350 9.413048 4.528429
55360 9.412111 4.327439
55370 9.410699 4.940705
55380 9.410245 6.103052
55390 9.409881 6.056534
55400 9.408971 6.161543
55410 9.407589 5.707216
55420 9.406650 3.864037
55430 9.406027 6.398742
55440 9.405673 5.993549
55450 9.405826 5.356822
55460 9.406471 4.149841
55470 9.407398 5.099125
55480 9.408401 5.548767
55490 9.409612 4.727266
55500 9.410290 4.964730
55510 9.409191 4.953318
55520 9.408121 3.919040
55530 9.406840 3.379514
55540 9.406210 4.091929
55550 9.405578 5.019389
55560 9.405533 4.232043
55570 9.405783 5.411038
55580 9.406561 5.035688
55590 9.408237 4.520190
55600 9.411358 4.149880
55610 9.415394 3.503881
55620 9.417442 5.991128
55630 9.418568 4.360698
55640 9.418671 5.538197
55650 9.418179 4.825001
55660 9.418647 6.042714
55670 9.420409 4.332846
55680 9.420564 4.057622
55690 9.420550 6.142210
55700 9.420736 5.749210
55710 9.419873 4.901544
55720 9.418437 4.862509
55730 9.417463 4.776920
55740 9.418034 4.167395
55750 9.417217 4.874537
55760 9.416174 5.739121
55770 9.415338 5.879256
55780 9.414015 5.646207
55790 9.413421 6.099097
55800 9.412206 6.890105
55810 9.411016 9.449875
55820 9.410838 6.341879
55830 9.409477 5.438177
55840 9.408670 4.821376
55850 9.407286 4.699674
55860 9.406047 5.350035
55870 9.404612 6.618642
55880 9.404705 5.435262
55890 9.405951 5.879208
55900 9.406831 4.637928
55910 9.406611 5.566979
55920 9.405036 5.319947
55930 9.404414 6.570721
55940 9.403916 4.824134
55950 9.402600 4.592151
55960 9.401238 4.715203
55970 9.399924 5.556035
55980 9.398579 7.375098
55990 9.397239 6.232026
56000 9.396168 4.331553
56010 9.394585 6.120847
56020 9.393168 6.278067
56030 9.391864 6.139863
56040 9.390830 6.647767
56050 9.390313 5.045389
56060 9.390781 4.551290
56070 9.389910 4.330542
56080 9.388604 5.823276
56090 9.387506 4.413438
56100 9.386313 4.275690
56110 9.385714 5.412483
56120 9.385720 3.425913
56130 9.384987 5.618617
56140 9.384682 5.446341
56150 9.386757 5.469217
56160 9.389410 5.406330
56170 9.393030 5.059224
56180 9.397301 6.019707
56190 9.401974 4.677829
56200 9.406234 5.718712
56210 9.411284 5.063650
56220 9.417184 5.004946
56230 9.421709 4.199793
56240 9.425993 6.773188
56250 9.430416 6.452086
56260 9.432514 3.502310
56270 9.433326 5.070752
56280 9.434439 4.453414
56290 9.435693 5.971201
56300 9.435641 5.562916
56310 9.434763 6.434176
56320 9.433560 4.744025
56330 9.432911 6.146050
56340 9.431743 6.461487
56350 9.430553 5.872998
56360 9.429322 5.867114
56370 9.428153 5.897851
56380 9.427057 4.817720
56390 9.425740 6.132883
56400 9.425106 6.725394
56410 9.424857 5.025340
56420 9.424087 4.763317
56430 9.423014 5.895615
56440 9.421394 7.054170
56450 9.420583 5.330485
56460 9.421054 5.344718
56470 9.420015 5.985949
56480 9.418627 5.894864
56490 9.417421 4.189469
56500 9.415876 7.389224
56510 9.414498 6.117935
56520 9.413175 6.985867
56530 9.411782 5.162701
56540 9.410369 4.507830
56550 9.409085 5.981810
56560 9.408116 5.978394
56570 9.408341 4.825787
56580 9.409129 3.377739
56590 9.409286 3.652317
56600 9.408062 5.765945
56610 9.406984 4.809661
56620 9.406214 5.616027
56630 9.406851 5.349944
56640 9.408308 5.468553
56650 9.410188 4.508065
56660 9.410566 7.477460
56670 9.411004 3.781189
56680 9.410757 4.770515
56690 9.410029 4.381736
56700 9.410113 5.002860
56710 9.409178 5.896602
56720 9.408251 6.863841
56730 9.407405 5.716766
56740 9.406544 5.737438
56750 9.406729 4.858563
56760 9.406429 4.524719
56770 9.405246 6.495771
56780 9.404477 4.934248
56790 9.404699 5.447786
56800 9.403188 8.335226
56810 9.401813 5.453569
56820 9.400628 5.391272
56830 9.399354 5.388635
56840 9.397998 4.264740
56850 9.397096 4.695146
56860 9.396487 5.649698
56870 9.394920 6.440739
56880 9.393736 6.532079
56890 9.392498 5.521094
56900 9.391642 4.915808
56910 9.390669 6.375676
56920 9.390178 4.907821
56930 9.390192 4.601577
56940 9.390970 4.606368
56950 9.389910 4.920243
56960 9.388867 4.248611
56970 9.387751 5.461999
56980 9.386318 5.924811
56990 9.385280 3.526283
57000 9.384414 3.973721
57010 9.383159 5.694322
57020 9.382186 4.449766
57030 9.380787 6.332477
57040 9.379312 4.840482
57050 9.377936 4.654436
57060 9.376494 7.093751
57070 9.375379 4.321735
57080 9.373934 6.760011
57090 9.372336 7.962590
57100 9.371613 6.357933
57110 9.370822 5.857718
57120 9.369523 5.962633
57130 9.369025 3.929481
57140 9.369331 6.276938
57150 9.368776 7.088757
57160 9.368826 4.143649
57170 9.368157 5.271054
57180 9.367437 4.770696
57190 9.367935 7.121115
57200 9.368262 6.150144
57210 9.367326 6.405076
57220 9.366932 5.544113
57230 9.366347 5.841073
57240 9.366671 6.872455
57250 9.366689 4.785273
57260 9.365528 7.393883
57270 9.366587 5.020055
57280 9.367249 4.329155
57290 9.365892 6.926865
57300 9.364603 4.732998
57310 9.364383 4.278764
57320 9.364036 5.651726
57330 9.363551 5.664141
57340 9.363069 4.763405
57350 9.362015 11.477239
57360 9.361498 4.455688
57370 9.360365 5.513550
57380 9.359416 6.754434
57390 9.359072 3.872542
57400 9.358417 6.087624
57410 9.357587 4.988550
57420 9.356807 5.857228
57430 9.356447 4.513303
57440 9.356014 6.222968
57450 9.354759 5.596191
57460 9.353574 6.180965
57470 9.352893 4.470185
57480 9.351754 5.533243
57490 9.350473 4.310115
57500 9.349140 5.499135
57510 9.347540 6.519771
57520 9.346428 6.981679
57530 9.345071 5.660207
57540 9.343836 4.313813
57550 9.343006 4.757933
57560 9.342153 5.777997
57570 9.341944 5.776062
57580 9.340843 4.266224
57590 9.339492 5.742960
57600 9.337930 6.071541
57610 9.337288 4.491806
57620 9.337768 4.606902
57630 9.340928 5.947167
57640 9.346250 6.003955
57650 9.352937 4.281923
57660 9.358256 6.601107
57670 9.364015 4.508217
57680 9.370478 7.106969
57690 9.376658 1.719352
57700 9.383165 3.422662
57710 9.389380 5.591759
57720 9.395366 4.111419
57730 9.399456 3.281157
57740 9.401858 4.209204
57750 9.403612 5.421561
57760 9.406156 6.362551
57770 9.409371 6.520107
57780 9.412493 4.427118
57790 9.413916 4.889004
57800 9.414683 4.623071
57810 9.415078 4.934685
57820 9.414208 4.822880
57830 9.413118 5.528704
57840 9.412061 5.485683
57850 9.410604 4.667319
57860 9.410313 3.950533
57870 9.410338 5.020968
57880 9.410200 4.862969
57890 9.409519 2.586157
57900 9.409083 6.013264
57910 9.408885 6.413787
57920 9.408108 7.684369
57930 9.406845 6.417034
57940 9.405370 6.473357
57950 9.405446 3.900837
57960 9.404752 6.184621
57970 9.404473 5.676733
57980 9.404220 6.396996
57990 9.404198 5.549568
58000 9.405444 6.261322
58010 9.405451 3.053023
58020 9.404375 6.438350
58030 9.402965 4.584379
58040 9.401587 5.990356
58050 9.400349 2.303680
58060 9.398876 6.439723
58070 9.398653 5.911223
58080 9.398966 4.077723
58090 9.397928 5.600209
58100 9.396619 5.131478
58110 9.395226 5.380432
58120 9.393792 4.125524
58130 9.392474 2.494443
58140 9.391363 6.591079
58150 9.389844 4.666841
58160 9.388518 4.037268
58170 9.386973 8.711473
58180 9.386254 5.736334
58190 9.385204 4.235947
58200 9.383721 6.064509
58210 9.382465 4.907369
58220 9.381128 6.590591
58230 9.379829 5.929090
58240 9.379582 2.901798
58250 9.378759 5.677541
58260 9.377783 5.644066
58270 9.376641 4.885024
58280 9.375271 6.734806
58290 9.374082 5.321919
58300 9.373022 5.899001
58310 9.371707 4.801699
58320 9.370446 6.814557
58330 9.369379 7.060114
58340 9.368791 4.971364
58350 9.367765 6.301531
58360 9.366503 5.105981
58370 9.365519 4.602367
58380 9.364258 5.129729
58390 9.363019 5.993400
58400 9.362126 4.937781
58410 9.360897 6.443554
58420 9.359537 6.139404
58430 9.358937 4.644590
58440 9.357798 4.993944
58450 9.356556 5.440274
58460 9.355620 5.131541
58470 9.354076 5.393651
58480 9.352604 6.026982
58490 9.352376 5.704252
58500 9.352666 3.814540
58510 9.351294 4.660160
58520 9.350005 6.078678
58530 9.348755 5.589319
58540 9.347788 6.126989
58550 9.346472 4.858517
58560 9.345269 6.597220
58570 9.344232 6.165593
58580 9.343348 3.055977
58590 9.342073 6.122938
58600 9.342151 4.862301
58610 9.341216 5.864484
58620 9.339915 5.630266
58630 9.338650 5.628999
58640 9.338042 5.462620
58650 9.337183 4.644159
58660 9.336043 5.619831
58670 9.334818 4.911658
58680 9.333892 5.323149
58690 9.333199 5.775156
58700 9.331969 6.023032
58710 9.331393 4.424333
58720 9.331039 5.364543
58730 9.330211 4.001700
58740 9.329354 4.898344
58750 9.328238 3.874666
58760 9.327370 3.508174
58770 9.327054 4.089752
58780 9.326476 5.265195
58790 9.325179 5.083572
58800 9.324308 4.081854
58810 9.323956 6.571063
58820 9.324294 5.818941
58830 9.323757 6.325517
58840 9.322712 6.027786
58850 9.321537 5.682073
58860 9.320157 7.199622
58870 9.319614 6.269755
58880 9.319908 5.994340
58890 9.318786 7.462207
58900 9.317942 4.159045
58910 9.317095 5.571770
58920 9.316784 4.026744
58930 9.317212 4.999894
58940 9.317783 6.032160
58950 9.317349 6.003406
58960 9.316728 6.471929
58970 9.315860 3.588339
58980 9.315054 4.568691
58990 9.315608 5.695032
59000 9.316829 3.919305
59010 9.317416 6.994031
59020 9.318566 4.754943
59030 9.319272 5.419800
59040 9.320363 3.920192
59050 9.321237 3.187315
59060 9.321255 4.774734
59070 9.320322 4.763326
59080 9.318920 6.982541
59090 9.318098 3.931091
59100 9.316760 5.926389
59110 9.316468 6.558515
59120 9.316479 4.488189
59130 9.315819 4.754725
59140 9.316441 4.934778
59150 9.317722 4.865162
59160 9.318108 4.738679
59170 9.318164 5.466331
59180 9.317667 6.067196
59190 9.318185 4.101983
59200 9.318452 4.276707
59210 9.317972 4.636239
59220 9.316695 6.046865
59230 9.316266 4.995460
59240 9.314755 6.759985
59250 9.313490 5.372423
59260 9.312308 5.348715
59270 9.311066 5.616205
59280 9.309643 3.051541
59290 9.308854 5.501451
59300 9.309610 6.210400
59310 9.311361 6.366816
59320 9.313014 4.210302
59330 9.313136 5.841703
59340 9.313501 6.777619
59350 9.315929 4.461466
59360 9.320041 4.714532
59370 9.324664 5.029544
59380 9.328894 4.106810
59390 9.331566 5.603212
59400 9.335108 4.334832
59410 9.337000 4.982964
59420 9.338380 4.388396
59430 9.339503 4.700106
59440 9.340316 4.106283
59450 9.339927 5.494642
59460 9.338459 6.426257
59470 9.337592 3.688618
59480 9.336434 4.466529
59490 9.336274 3.897279
59500 9.335917 6.023623
59510 9.337069 4.735249
59520 9.338207 4.301184
59530 9.339405 6.507593
59540 9.341283 4.742049
59550 9.343714 5.118260
59560 9.346557 4.117313
59570 9.346935 6.038779
59580 9.345810 5.521222
59590 9.344966 4.019520
59600 9.343660 6.641491
59610 9.342381 6.104556
59620 9.341160 6.377194
59630 9.340089 6.161372
59640 9.339115 4.888751
59650 9.337758 6.552877
59660 9.336526 3.656758
59670 9.335078 6.650253
59680 9.333914 5.649841
59690 9.332522 4.233805
59700 9.331298 4.200802
59710 9.329922 5.940365
59720 9.328492 6.325339
59730 9.327561 3.912027
59740 9.327094 6.290064
59750 9.326195 2.821084
59760 9.324872 6.067159
59770 9.323688 3.161108
59780 9.322793 4.662620
59790 9.321881 4.064695
59800 9.320576 6.157932
59810 9.319632 5.995190
59820 9.318410 4.008733
59830 9.317403 3.226601
59840 9.316244 5.810015
59850 9.315239 5.877577
59860 9.314260 4.588175
59870 9.314454 5.383457
59880 9.315503 5.232274
59890 9.316851 5.645970
59900 9.316047 3.966890
59910 9.314914 4.504282
59920 9.315482 5.449603
59930 9.316378 5.757536
59940 9.317638 5.366304
59950 9.319278 6.670737
59960 9.320888 6.307558
59970 9.322540 7.147152
59980 9.324477 5.015029
59990 9.325080 4.725552
60000 9.324389 2.847640
60010 9.323897 5.413951
60020 9.323772 6.281893
60030 9.323420 4.443766
60040 9.322332 6.020920
60050 9.321710 5.933418
60060 9.321238 4.392268
60070 9.320060 6.945904
60080 9.320155 4.674312
60090 9.320551 5.562995
60100 9.319603 4.429852
60110 9.318537 4.851637
60120 9.318426 5.942917
60130 9.318182 5.350200
60140 9.318319 5.842549
60150 9.318632 5.732827
60160 9.319059 4.527344
60170 9.318432 4.199263
60180 9.317847 4.929455
60190 9.317099 5.323990
60200 9.318105 4.558521
60210 9.320023 5.556514
60220 9.321142 5.328316
60230 9.322567 5.045176
60240 9.326154 4.002759
60250 9.328697 4.219499
60260 9.329501 4.276471
60270 9.328667 4.636307
60280 9.327152 6.427787
60290 9.325907 3.808085
60300 9.324574 6.093327
60310 9.324256 4.152299
60320 9.323523 7.097204
60330 9.322603 6.398599
60340 9.322467 5.719391
60350 9.321788 5.399557
60360 9.320829 6.765142
60370 9.320403 4.162955
60380 9.319420 5.814870
60390 9.318908 4.707720
60400 9.319772 5.859588
60410 9.321173 4.692859
60420 9.322785 4.205640
60430 9.323757 5.013662
60440 9.323741 4.489880
60450 9.323710 6.113018
60460 9.322384 6.384704
60470 9.321007 3.363731
60480 9.320298 4.363362
60490 9.319355 4.901194
60500 9.318909 4.565919
60510 9.318121 5.810751
60520 9.316698 4.658437
60530 9.315822 4.421384
60540 9.314493 7.613516
60550 9.313395 4.877509
60560 9.312182 5.342527
60570 9.310936 6.810429
60580 9.309892 5.390258
60590 9.308822 3.900215
60600 9.307618 4.128504
60610 9.306514 5.830803
60620 9.306237 4.947069
60630 9.304965 6.481875
60640 9.304227 5.087850
60650 9.302818 3.601658
60660 9.301498 4.830872
60670 9.300125 6.027601
60680 9.298822 4.826929
60690 9.297295 6.422823
60700 9.297264 5.776853
60710 9.297882 5.874949
60720 9.299213 5.435747
60730 9.300859 4.760729
60740 9.301052 4.521401
60750 9.302311 4.619574
60760 9.304056 5.322297
60770 9.306802 4.431813
60780 9.310671 5.831923
60790 9.314937 3.365643
60800 9.318600 4.186373
60810 9.320904 5.827587
60820 9.322488 4.150781
60830 9.323074 5.583538
60840 9.323573 4.798307
60850 9.323956 5.760018
60860 9.323666 6.236912
60870 9.324129 5.131959
60880 9.324260 5.154966
60890 9.324102 3.280749
60900 9.323305 4.798574
60910 9.322388 6.150329
60920 9.322670 4.713598
60930 9.322448 4.062876
60940 9.322259 1.897459
60950 9.321280 4.381499
60960 9.319981 5.371961
60970 9.318768 4.241390
60980 9.317935 5.610276
60990 9.317555 4.255045
61000 9.316943 4.541347
61010 9.316441 4.360484
61020 9.315490 4.107645
61030 9.314294 5.588130
61040 9.313489 6.553806
61050 9.312700 4.538829
61060 9.312344 7.623735
61070 9.312368 5.311995
61080 9.311011 5.539048
61090 9.310663 4.299793
61100 9.311742 6.333147
61110 9.312461 3.735039
61120 9.312039 6.055052
61130 9.311790 5.655196
61140 9.310782 6.035811
61150 9.310090 3.601470
61160 9.310015 4.273754
61170 9.308912 6.899191
61180 9.308475 4.746394
61190 9.308378 4.940800
61200 9.307509 5.992066
61210 9.306179 6.222298
61220 9.305131 4.358036
61230 9.304202 5.928744
61240 9.303740 5.801028
61250 9.303423 5.421804
61260 9.303576 6.761920
61270 9.304108 5.628863
61280 9.304281 3.772735
61290 9.303229 5.702809
61300 9.302638 5.758574
61310 9.301224 5.651280
61320 9.300490 5.957664
61330 9.299852 4.424316
61340 9.298869 5.329545
61350 9.298666 6.909779
61360 9.299208 5.441560
61370 9.298491 4.808721
61380 9.297601 5.139849
61390 9.296224 6.293508
61400 9.295224 4.968200
61410 9.294101 4.918354
61420 9.292732 4.650189
61430 9.291610 4.362710
61440 9.290205 3.497840
61450 9.288965 5.936940
61460 9.287643 5.576718
61470 9.286638 5.469309
61480 9.286046 4.919972
61490 9.284841 6.525477
61500 9.283632 4.571835
61510 9.282539 6.549643
61520 9.281476 4.692731
61530 9.280147 5.231069
61540 9.278982 3.870897
61550 9.278533 5.771317
61560 9.278425 4.516625
61570 9.277426 4.872812
61580 9.276210 6.129659
61590 9.274950 5.060763
61600 9.274499 4.927055
61610 9.273192 5.080033
61620 9.272213 4.914779
61630 9.271049 4.737840
61640 9.269758 5.702410
61650 9.268936 4.872479
61660 9.267475 7.343110
61670 9.266550 6.232779
61680 9.265596 4.541264
61690 9.264269 4.489926
61700 9.262950 6.443400
61710 9.261567 6.627064
61720 9.260200 6.461768
61730 9.259009 4.528957
61740 9.257618 6.985084
61750 9.257167 4.683478
61760 9.256097 5.364343
61770 9.254903 5.428672
61780 9.253550 6.164301
61790 9.252462 6.049000
61800 9.251312 5.457015
61810 9.250039 6.086889
61820 9.248842 4.402842
61830 9.247592 6.845943
61840 9.246381 7.936618
61850 9.245538 5.395544
61860 9.245383 4.611293
61870 9.245193 5.160115
61880 9.244914 5.348597
61890 9.244707 4.962057
61900 9.243772 6.564782
61910 9.243121 6.110696
61920 9.242461 6.085222
61930 9.242527 3.967723
61940 9.242645 5.938293
61950 9.242258 5.612405
61960 9.242139 4.707838
61970 9.241758 5.924134
61980 9.240787 6.773765
61990 9.239773 6.024102
62000 9.238816 5.510001
62010 9.238186 4.425946
62020 9.238804 5.663341
62030 9.239662 4.673384
62040 9.241173 4.279717
62050 9.241780 3.995814
62060 9.241908 4.934802
62070 9.242762 6.898157
62080 9.245510 3.789300
62090 9.248024 6.866204
62100 9.251190 4.682528
62110 9.254368 6.165693
62120 9.256928 5.355818
62130 9.259371 5.716794
62140 9.262693 5.778154
62150 9.266431 5.454563
62160 9.269695 4.429942
62170 9.272234 7.289472
62180 9.275675 4.823655
62190 9.277317 6.304352
62200 9.278722 4.461082
62210 9.280889 6.210287
62220 9.283195 4.458842
62230 9.286555 5.997769
62240 9.287516 6.389352
62250 9.288264 4.191017
62260 9.288566 4.621905
62270 9.287830 5.513808
62280 9.287807 4.513118
62290 9.287510 5.649054
62300 9.287482 6.203715
62310 9.288330 4.603440
62320 9.288639 5.605764
62330 9.287736 5.700379
62340 9.287487 4.257592
62350 9.287372 4.802654
62360 9.288084 5.781805
62370 9.287927 4.695363
62380 9.287975 6.883700
62390 9.286797 4.573139
62400 9.285390 6.170894
62410 9.284421 5.765187
62420 9.283228 3.867882
62430 9.282044 6.103814
62440 9.281025 4.127598
62450 9.279712 6.089600
62460 9.278421 5.774098
62470 9.277639 6.478562
62480 9.277198 4.435353
62490 9.276636 5.329489
62500 9.277476 4.453524
62510 9.278839 4.907609
62520 9.279627 4.603289
62530 9.279022 4.089906
62540 9.278751 5.833091
62550 9.277646 5.894154
62560 9.276528 6.039980
62570 9.276476 5.048364
62580 9.275994 6.799426
62590 9.275475 6.449676
62600 9.274556 6.319033
62610 9.273522 5.952074
62620 9.272444 6.903393
62630 9.271738 5.339731
62640 9.270482 5.890819
62650 9.269403 5.436633
62660 9.268437 4.591157
62670 9.267515 7.129180
62680 9.266360 4.978448
62690 9.265296 5.550620
62700 9.264078 6.361529
62710 9.263094 4.786058
62720 9.262620 4.526201
62730 9.261977 4.974668
62740 9.260855 7.230981
62750 9.259633 6.457866
62760 9.258365 5.879984
62770 9.258570 4.553891
62780 9.258364 4.503211
62790 9.257264 6.335924
62800 9.256780 4.319873
62810 9.256962 7.248812
62820 9.258168 4.288189
62830 9.260175 4.524481
62840 9.262054 5.945696
62850 9.264016 4.596166
62860 9.265271 6.790689
62870 9.266678 5.847115
62880 9.268561 3.337511
62890 9.270503 5.225874
62900 9.272557 6.462139
62910 9.274784 5.347286
62920 9.276938 6.879106
62930 9.279764 4.453000
62940 9.283329 5.488585
62950 9.287605 4.826908
62960 9.292415 5.481790
62970 9.297075 6.012748
62980 9.302141 6.210159
62990 9.306244 5.888133
63000 9.310332 5.305228
63010 9.313552 3.879971
63020 9.316246 5.604713
63030 9.318926 4.042576
63040 9.320490 5.657518
63050 9.321256 5.705829
63060 9.321715 5.292225
63070 9.322464 2.865039
63080 9.322599 5.402814
63090 9.321926 7.291913
63100 9.320972 6.904711
63110 9.319953 3.696682
63120 9.319155 4.663228
63130 9.318217 4.084400
63140 9.317195 4.981854
63150 9.316341 4.492232
63160 9.315684 7.723752
63170 9.315151 5.008090
63180 9.314021 4.638455
63190 9.312685 6.069784
63200 9.311546 3.658767
63210 9.310643 4.469552
63220 9.309919 4.856314
63230 9.309220 5.956708
63240 9.309092 4.663125
63250 9.307911 6.031978
63260 9.306684 6.065217
63270 9.305624 4.614963
63280 9.305510 4.365247
63290 9.305963 5.414033
63300 9.307650 4.308663
63310 9.309548 5.637327
63320 9.311718 4.878964
63330 9.313570 5.803789
63340 9.315490 4.410586
63350 9.316782 6.302843
63360 9.317549 4.283673
63370 9.318387 5.028263
63380 9.320576 4.433892
63390 9.323215 5.861406
63400 9.325745 6.165656
63410 9.328219 4.091287
63420 9.329262 4.588120
63430 9.329751 3.673234
63440 9.330220 5.911317
63450 9.331313 4.147725
63460 9.333424 4.478390
63470 9.335317 5.497011
63480 9.337998 5.728295
63490 9.341242 4.208923
63500 9.343688 4.760867
63510 9.344936 5.391250
63520 9.347037 5.901428
63530 9.347543 5.760341
63540 9.348376 3.096625
63550 9.348466 6.082554
63560 9.348509 4.376394
63570 9.347869 5.953870
63580 9.347127 4.798195
63590 9.346338 4.363201
63600 9.345238 5.117510
63610 9.344042 5.035062
63620 9.342618 5.677786
63630 9.341364 5.487286
63640 9.340384 5.676270
63650 9.339375 5.894634
63660 9.338471 5.315532
63670 9.337887 5.697372
63680 9.337579 4.492500
63690 9.337246 3.963226
63700 9.336013 7.126745
63710 9.334982 4.782736
63720 9.333751 5.736877
63730 9.332473 6.420304
63740 9.331098 6.405578
63750 9.329724 4.891645
63760 9.328375 6.006073
63770 9.327337 6.349922
63780 9.326380 5.424839
63790 9.325341 5.798518
63800 9.324117 6.126773
63810 9.322987 5.821779
63820 9.321827 4.445381
63830 9.320526 6.515958
63840 9.319287 5.683618
63850 9.317926 3.875561
63860 9.317049 4.734054
63870 9.316049 5.375024
63880 9.314967 7.067052
63890 9.313717 5.061217
63900 9.312460 6.023841
63910 9.311451 6.266480
63920 9.310425 6.586699
63930 9.310349 4.159271
63940 9.309787 4.757746
63950 9.309184 5.894976
63960 9.310021 4.925196
63970 9.310444 5.267819
63980 9.311064 3.986194
63990 9.312166 4.962534
64000 9.313596 5.404777
64010 9.315048 4.073265
64020 9.315201 5.868417
64030 9.314643 4.723971
64040 9.313599 4.818467
64050 9.312416 6.219202
64060 9.311489 4.848630
64070 9.311117 6.305720
64080 9.311294 4.904596
64090 9.312096 6.847256
64100 9.313334 6.126501
64110 9.314877 5.743462
64120 9.315777 6.577838
64130 9.316244 3.659471
64140 9.315861 4.373987
64150 9.314811 6.071050
64160 9.313942 4.737140
64170 9.313086 3.873976
64180 9.313142 5.131355
64190 9.312760 6.844478
64200 9.311825 6.099725
64210 9.312768 4.294204
64220 9.313677 4.745738
64230 9.314169 5.956876
64240 9.313421 6.003144
64250 9.312402 3.513819
64260 9.312020 5.578615
64270 9.311783 4.748742
64280 9.310927 5.578542
64290 9.310437 7.306997
64300 9.310605 4.276556
64310 9.309537 6.040112
64320 9.308406 5.072492
64330 9.307319 6.045038
64340 9.306266 4.724920
64350 9.304840 3.792985
64360 9.304382 5.266361
64370 9.303737 4.590393
64380 9.303105 4.973514
64390 9.302018 6.296622
64400 9.300810 5.791269
64410 9.300986 4.454448
64420 9.302378 5.914839
64430 9.304144 4.969657
64440 9.305248 5.628187
64450 9.307449 5.088195
64460 9.309180 5.514302
64470 9.310514 5.053632
64480 9.312690 4.205905
64490 9.314402 4.703275
64500 9.315037 5.529314
64510 9.315075 4.502358
64520 9.314999 3.752327
64530 9.313978 6.195680
64540 9.313126 4.575809
64550 9.311891 4.471944
64560 9.311001 4.038565
64570 9.310029 6.038941
64580 9.308702 6.625308
64590 9.307703 4.468286
64600 9.307483 7.199537
64610 9.307452 5.539784
64620 9.306485 6.502065
64630 9.305278 5.902014
64640 9.303938 6.701762
64650 9.303320 4.613222
64660 9.303336 4.875491
64670 9.304555 4.091217
64680 9.306300 4.187269
64690 9.308633 3.448613
64700 9.310315 2.498900
64710 9.310600 6.238161
64720 9.310621 4.689270
64730 9.309783 4.840540
64740 9.308522 4.928646
64750 9.307315 7.020124
64760 9.306291 4.893210
64770 9.305448 5.301728
64780 9.304215 6.094255
64790 9.302759 6.664712
64800 9.301805 4.671042
64810 9.301753 4.545130
64820 9.301358 5.019641
64830 9.300304 6.305891
64840 9.300266 4.224604
64850 9.300955 5.633393
64860 9.303053 4.847966
64870 9.306347 4.954253
64880 9.309960 5.708358
64890 9.313599 5.428245
64900 9.316722 4.025930
64910 9.317942 3.827097
64920 9.317670 6.080589
64930 9.317404 4.185969
64940 9.316357 4.755734
64950 9.315023 4.915045
64960 9.314313 6.389540
64970 9.313196 4.874542
64980 9.312074 5.547113
64990 9.311090 3.257893
65000 9.309764 4.957685
65010 9.308916 6.507132
65020 9.307831 8.370314
65030 9.306811 5.824610
65040 9.305485 5.304363
65050 9.304838 4.256538
65060 9.303577 5.982299
65070 9.303342 5.792501
65080 9.303599 4.656739
65090 9.303724 3.899775
65100 9.302587 4.841978
65110 9.301343 4.238458
65120 9.300220 4.805103
65130 9.299790 4.994602
65140 9.300424 5.405125
65150 9.301490 4.499366
65160 9.301579 4.985031
65170 9.301478 4.422454
65180 9.300500 4.090174
65190 9.299638 5.575237
65200 9.298584 5.643097
65210 9.297555 6.653703
65220 9.296618 6.525434
65230 9.295472 5.635398
65240 9.294414 5.008995
65250 9.294035 5.730956
65260 9.293229 6.643106
65270 9.292855 5.992691
65280 9.292585 5.047363
65290 9.291948 6.503986
65300 9.290816 3.840280
65310 9.289962 5.569241
65320 9.289944 4.666674
65330 9.289810 5.336215
65340 9.289400 3.703219
65350 9.288480 4.479457
65360 9.287194 5.512037
65370 9.285900 4.301937
65380 9.284874 6.448130
65390 9.284536 4.914987
65400 9.285147 4.860322
65410 9.285963 6.138969
65420 9.287006 5.045376
65430 9.287683 6.166570
65440 9.287357 4.251229
65450 9.286407 4.910061
65460 9.286383 4.288751
65470 9.286033 4.486468
65480 9.286152 5.904327
65490 9.285534 4.693363
65500 9.285201 5.736729
65510 9.284985 6.475788
65520 9.284612 5.571969
65530 9.283853 6.430765
65540 9.282561 8.906249
65550 9.281885 4.876566
65560 9.281255 4.039946
65570 9.281764 4.259040
65580 9.283069 6.324073
65590 9.283528 5.344214
65600 9.282771 4.772187
65610 9.282244 4.544344
65620 9.281766 4.597574
65630 9.281050 6.081880
65640 9.279958 6.157466
65650 9.278746 5.529059
65660 9.277668 8.022299
65670 9.276562 5.011869
65680 9.275287 5.865808
65690 9.274227 4.086434
65700 9.272992 7.515440
65710 9.271954 5.537872
65720 9.270765 4.878798
65730 9.269549 4.958772
65740 9.268475 5.471592
65750 9.268072 5.394357
65760 9.266897 6.847214
65770 9.266443 4.747295
65780 9.265605 3.620166
65790 9.265039 6.599201
65800 9.265156 7.207432
65810 9.265901 5.607477
65820 9.266459 3.920153
65830 9.266810 5.846207
65840 9.265506 3.650463
65850 9.264690 4.504218
65860 9.264013 6.283456
65870 9.263052 4.941059
65880 9.262410 5.826225
65890 9.262092 5.634805
65900 9.261944 3.906038
65910 9.262429 5.677439
65920 9.263414 6.330139
65930 9.263937 4.222995
65940 9.263554 4.969868
65950 9.264940 4.672852
65960 9.266252 4.917447
65970 9.266910 5.186256
65980 9.267849 5.448824
65990 9.268862 4.916581
66000 9.269739 5.560766
66010 9.270728 5.028891
66020 9.272811 5.657144
66030 9.275747 4.762361
66040 9.279166 5.917948
66050 9.283037 6.387676
66060 9.287719 4.049960
66070 9.292032 5.708544
66080 9.296345 5.455824
66090 9.302876 3.663835
66100 9.307787 5.839487
66110 9.312533 6.038650
66120 9.316206 3.714085
66130 9.317879 5.375058
66140 9.318570 6.241409
66150 9.319747 6.046068
66160 9.320795 5.614528
66170 9.321530 3.757253
66180 9.322201 5.636185
66190 9.322057 3.905642
66200 9.320817 5.486008
66210 9.319738 4.738659
66220 9.318603 7.272659
66230 9.317670 5.400509
66240 9.316594 4.386360
66250 9.315458 4.392510
66260 9.314573 5.921473
66270 9.314015 3.863476
66280 9.313154 6.803470
66290 9.312010 6.201078
66300 9.310991 4.632725
66310 9.309638 6.919444
66320 9.308466 4.509526
66330 9.308121 4.551653
66340 9.308760 6.489184
66350 9.309655 5.857772
66360 9.310585 3.979339
66370 9.310580 3.655831
66380 9.309288 4.798537
66390 9.308078 5.407147
66400 9.307049 5.428831
66410 9.306012 3.360934
66420 9.304581 7.248537
66430 9.303591 6.043088
66440 9.302432 5.836134
66450 9.301206 5.773193
66460 9.300223 6.921980
66470 9.299423 4.271726
66480 9.299329 5.324958
66490 9.298739 5.780062
66500 9.297386 7.430172
66510 9.296442 4.769879
66520 9.295238 5.692321
66530 9.294081 6.922900
66540 9.292964 6.425258
66550 9.292232 6.811075
66560 9.291362 6.453642
66570 9.290776 3.433572
66580 9.290460 5.242882
66590 9.291207 7.372088
66600 9.293004 4.841259
66610 9.294066 4.692590
66620 9.293742 5.750304
66630 9.292830 5.086795
66640 9.292457 4.936546
66650 9.292941 4.288391
66660 9.293780 5.750073
66670 9.295856 5.502404
66680 9.298466 6.226155
66690 9.300688 4.513326
66700 9.303737 4.646293
66710 9.306662 2.681510
66720 9.308516 5.441470
66730 9.310350 5.540533
66740 9.310981 5.779848
66750 9.311435 4.733715
66760 9.311679 5.562044
66770 9.310959 4.271265
66780 9.310009 3.369709
66790 9.308952 5.115305
66800 9.307795 3.446429
66810 9.306733 5.200599
66820 9.305546 5.900209
66830 9.305272 3.636709
66840 9.305346 6.236090
66850 9.304484 4.704554
66860 9.303259 6.518942
66870 9.303012 4.352354
66880 9.302290 4.103607
66890 9.301085 6.754571
66900 9.300831 2.868101
66910 9.300948 5.890554
66920 9.301624 5.271416
66930 9.301607 4.786345
66940 9.300945 4.792589
66950 9.299980 4.479223
66960 9.299000 3.842521
66970 9.298260 4.993458
66980 9.297000 5.844679
66990 9.296234 4.528511
67000 9.295615 4.640026
67010 9.295791 4.495921
67020 9.296582 5.734086
67030 9.298076 5.985609
67040 9.299455 5.973528
67050 9.300590 5.951239
67060 9.301854 5.813727
67070 9.302691 2.754694
67080 9.302469 3.732254
67090 9.301891 4.277714
67100 9.301169 7.183630
67110 9.300087 5.857157
67120 9.299233 6.021298
67130 9.298085 6.050019
67140 9.297154 5.132466
67150 9.296200 5.785208
67160 9.295385 4.667945
67170 9.295045 4.468290
67180 9.294463 6.292213
67190 9.293286 6.918222
67200 9.292078 5.852781
67210 9.292157 3.187539
67220 9.291340 6.440574
67230 9.292713 4.411362
67240 9.294627 4.632078
67250 9.297009 5.072956
67260 9.299429 4.001012
67270 9.300505 5.208624
67280 9.300792 5.753178
67290 9.300832 5.824019
67300 9.301130 6.046158
67310 9.301240 5.868600
67320 9.301402 6.024169
67330 9.301354 4.844807
67340 9.300475 6.968433
67350 9.299572 4.270558
67360 9.298713 4.896810
67370 9.297705 6.318656
67380 9.297462 4.886910
67390 9.296516 5.648718
67400 9.296410 5.754201
67410 9.295963 3.789545
67420 9.294940 6.695848
67430 9.294575 4.558724
67440 9.294430 5.331790
67450 9.295974 7.314741
67460 9.298328 5.323694
67470 9.299188 5.490497
67480 9.299465 3.122962
67490 9.299782 5.891781
67500 9.299371 5.982298
67510 9.298493 4.781898
67520 9.298250 5.393870
67530 9.298119 5.904891
67540 9.297281 4.643567
67550 9.296663 5.824676
67560 9.296924 4.523911
67570 9.296705 5.567326
67580 9.295790 5.393170
67590 9.295342 6.176750
67600 9.296390 6.431810
67610 9.299188 5.303023
67620 9.301691 8.186500
67630 9.305072 5.705269
67640 9.308339 5.953517
67650 9.311272 6.151789
67660 9.314280 6.091001
67670 9.319041 4.874443
67680 9.324056 5.487205
67690 9.329029 4.342198
67700 9.333139 4.319311
67710 9.336657 4.315373
67720 9.339903 6.607468
67730 9.344693 3.748840
67740 9.349079 5.980545
67750 9.352086 6.592846
67760 9.354848 4.676874
67770 9.357186 3.746539
67780 9.358001 4.784085
67790 9.357852 4.890091
67800 9.357713 3.682972
67810 9.357006 5.276638
67820 9.355704 4.234971
67830 9.354553 5.515657
67840 9.354000 6.054586
67850 9.353678 4.861598
67860 9.355186 6.155475
67870 9.356807 4.099952
67880 9.358271 3.993817
67890 9.359155 6.239915
67900 9.360988 4.337164
67910 9.362981 4.407173
67920 9.365265 3.206599
67930 9.367007 6.883093
67940 9.368634 5.723149
67950 9.370819 2.993749
67960 9.372281 4.209781
67970 9.373996 4.679811
67980 9.375235 5.284236
67990 9.376206 4.410934
68000 9.375759 5.644305
68010 9.375625 5.604299
68020 9.375932 4.368226
68030 9.375006 5.706768
68040 9.374958 4.570847
68050 9.374626 3.876040
68060 9.373626 3.903205
68070 9.373519 4.614718
68080 9.373213 6.144306
68090 9.372003 5.019202
68100 9.370840 5.398778
68110 9.369872 4.749593
68120 9.369272 5.738458
68130 9.368266 6.383897
68140 9.367100 4.823181
68150 9.365848 5.275910
68160 9.364573 4.443396
68170 9.363490 4.798212
68180 9.362222 5.994731
68190 9.361568 5.306278
68200 9.361515 6.313620
68210 9.361888 5.724741
68220 9.361228 5.446885
68230 9.360451 4.488394
68240 9.359911 5.247453
68250 9.358753 5.284412
68260 9.357423 6.647927
68270 9.356546 5.995262
68280 9.355404 6.240705
68290 9.354753 5.407095
68300 9.355009 3.867486
68310 9.355412 2.960780
68320 9.356140 5.851560
68330 9.357250 4.474992
68340 9.357609 5.951928
68350 9.359125 5.441545
68360 9.360414 6.292655
68370 9.361694 4.431393
68380 9.362210 5.471828
68390 9.362195 4.324499
68400 9.361543 4.934568
68410 9.360887 4.748062
68420 9.361018 4.261375
68430 9.360237 5.604590
68440 9.359925 5.629607
68450 9.359733 4.384222
68460 9.359657 4.802134
68470 9.359567 5.442503
68480 9.358560 5.812360
68490 9.357881 5.441195
68500 9.357585 4.242018
68510 9.356554 5.380261
68520 9.355864 4.972557
68530 9.355056 5.517832
68540 9.355129 5.119625
68550 9.356028 4.478493
68560 9.356631 4.779908
68570 9.358033 4.112559
68580 9.359594 3.203064
68590 9.361065 6.525770
68600 9.361977 5.687813
68610 9.362259 6.002653
68620 9.363432 4.224894
68630 9.363452 6.012791
68640 9.363267 5.703832
68650 9.363743 5.165514
68660 9.365670 6.205789
68670 9.367006 5.098230
68680 9.366348 6.797329
68690 9.365599 4.438088
68700 9.365051 6.404755
68710 9.364781 4.656188
68720 9.363525 5.902585
68730 9.362369 5.818871
68740 9.361533 4.701968
68750 9.360509 6.135725
68760 9.360153 5.555518
68770 9.359624 4.746597
68780 9.360063 4.811576
68790 9.361142 4.395267
68800 9.362112 2.495557
68810 9.362558 5.829071
68820 9.363176 2.582110
68830 9.363015 4.556390
68840 9.363145 4.710804
68850 9.364031 5.416903
68860 9.365086 4.045666
68870 9.365632 3.043825
68880 9.365299 5.701159
68890 9.365282 4.238190
68900 9.365178 4.372777
68910 9.363777 7.752873
68920 9.362876 5.354524
68930 9.361866 4.879585
68940 9.361531 6.770782
68950 9.361114 5.855639
68960 9.360069 5.784088
68970 9.359051 5.631229
68980 9.357792 5.643304
68990 9.356516 5.665042
69000 9.355212 6.102258
69010 9.354593 4.100177
69020 9.353729 5.288328
69030 9.352329 7.936087
69040 9.351315 3.978451
69050 9.350592 6.063576
69060 9.350695 5.390412
69070 9.351454 5.610816
69080 9.352246 5.447048
69090 9.352617 5.782619
69100 9.352709 4.827024
69110 9.352610 5.909127
69120 9.352102 2.757675
69130 9.351572 5.437378
69140 9.351280 4.158782
69150 9.350150 6.011085
69160 9.349215 4.166514
69170 9.347953 4.771074
69180 9.346979 6.283555
69190 9.346124 6.641860
69200 9.345414 4.508891
69210 9.344732 6.293616
69220 9.344177 4.142998
69230 9.343125 6.384873
69240 9.342504 5.480719
69250 9.341986 5.379555
69260 9.341946 3.439194
69270 9.341247 5.117492
69280 9.339998 5.839354
69290 9.339307 5.403563
69300 9.338376 5.659389
69310 9.338258 6.696329
69320 9.338326 4.479568
69330 9.338055 6.552723
69340 9.337633 5.489683
69350 9.336547 8.918636
69360 9.335712 5.277727
69370 9.334516 4.935115
69380 9.333341 4.909627
69390 9.332458 5.352884
69400 9.331582 6.247960
69410 9.331115 4.500913
69420 9.330552 4.847869
69430 9.330399 5.067097
69440 9.330971 6.062536
69450 9.331203 5.996440
69460 9.331336 5.445031
69470 9.331690 7.586946
69480 9.332551 4.841593
69490 9.332054 5.504968
69500 9.331062 4.736408
69510 9.330124 4.178211
69520 9.329030 4.460152
69530 9.328641 4.810505
69540 9.327440 6.574000
69550 9.326201 6.940641
69560 9.325466 6.001669
69570 9.325742 5.316887
69580 9.325142 5.664348
69590 9.324381 6.020995
69600 9.323653 6.325027
69610 9.323383 4.711402
69620 9.323404 4.831037
69630 9.322305 4.895238
69640 9.321366 5.679512
69650 9.321046 4.031702
69660 9.320968 4.904732
69670 9.319806 4.498341
69680 9.318689 7.580720
69690 9.318055 4.384342
69700 9.317403 3.948624
69710 9.316270 6.736519
69720 9.315098 5.485609
69730 9.314008 5.540159
69740 9.312886 5.706787
69750 9.311758 4.736874
69760 9.310689 4.959237
69770 9.309651 3.739112
69780 9.309011 4.389575
69790 9.307881 4.726697
69800 9.306776 5.934780
69810 9.305703 5.494253
69820 9.305248 5.950945
69830 9.305758 5.278860
69840 9.305795 4.778351
69850 9.305576 5.529181
69860 9.305068 4.816542
69870 9.304689 3.718501
69880 9.304632 6.464568
69890 9.306144 5.415762
69900 9.309744 3.978739
69910 9.311785 5.664001
69920 9.311701 4.634512
69930 9.311494 4.986340
69940 9.310953 4.541428
69950 9.309738 6.398363
69960 9.308693 4.815133
69970 9.307434 4.386780
69980 9.306394 4.291828
69990 9.305483 5.441815
70000 9.304379 4.693335
70010 9.303534 6.090548
70020 9.303094 4.823283
70030 9.302107 6.063655
70040 9.301000 5.873851
70050 9.300108 4.714761
70060 9.298963 7.935313
70070 9.297978 4.557407
70080 9.297025 6.343977
70090 9.296597 5.753733
70100 9.296624 6.580236
70110 9.296146 5.864108
70120 9.295137 5.311939
70130 9.293806 8.062088
70140 9.292723 4.898070
70150 9.291392 7.173870
70160 9.290346 4.710695
70170 9.289318 6.118413
70180 9.288275 5.535471
70190 9.287362 4.020640
70200 9.286350 4.227281
70210 9.285508 4.769290
70220 9.284645 4.135069
70230 9.283613 4.743737
70240 9.282965 4.705485
70250 9.282073 5.885189
70260 9.282294 4.160568
70270 9.282705 6.429061
70280 9.282713 6.093338
70290 9.282880 5.551512
70300 9.282789 5.986509
70310 9.282912 5.603223
70320 9.283907 3.633368
70330 9.285116 4.981172
70340 9.286481 5.019196
70350 9.288444 5.052290
70360 9.290573 3.920135
70370 9.293155 5.816596
70380 9.295398 4.416842
70390 9.297621 4.339392
70400 9.300043 5.709091
70410 9.302140 7.669442
70420 9.302952 4.848483
70430 9.303621 4.314644
70440 9.304205 5.052361
70450 9.304953 4.646544
70460 9.305266 4.402357
70470 9.305707 5.856105
70480 9.305805 4.204359
70490 9.304945 6.767510
70500 9.304164 6.219907
70510 9.303333 4.163769
70520 9.302989 5.498195
70530 9.302501 5.719933
70540 9.301799 5.236970
70550 9.300887 7.678895
70560 9.300765 4.261868
70570 9.300095 5.990443
70580 9.299022 4.355233
70590 9.297658 7.019782
70600 9.296580 7.258806
70610 9.295527 4.737894
70620 9.295633 4.333025
70630 9.296617 3.873635
70640 9.297881 5.348933
70650 9.300061 5.330168
70660 9.303214 2.901800
70670 9.305108 5.055106
70680 9.306893 5.005335
70690 9.309116 3.954849
70700 9.310709 5.353076
70710 9.311943 3.444360
70720 9.311000 4.526068
70730 9.309651 6.052840
70740 9.308792 6.123936
70750 9.307937 4.251127
70760 9.307620 3.429665
70770 9.307188 5.713170
70780 9.306116 4.774740
70790 9.304921 4.815808
70800 9.303257 11.088767
70810 9.302614 4.790101
70820 9.301300 5.908784
70830 9.301152 5.077802
70840 9.300169 7.945417
70850 9.299592 6.266558
70860 9.299049 4.685363
70870 9.297852 6.935186
70880 9.297154 4.757529
70890 9.296411 4.953996
70900 9.296142 5.533950
70910 9.295647 6.079156
70920 9.294649 5.683485
70930 9.293378 8.597683
70940 9.292697 6.190997
70950 9.293408 5.933015
70960 9.293904 5.450515
70970 9.294576 4.961965
70980 9.294202 5.509213
70990 9.294338 6.376452
71000 9.294997 4.666732
71010 9.295256 4.512809
71020 9.295087 2.957986
71030 9.294804 7.079985
71040 9.295098 5.199435
71050 9.294662 5.971614
71060 9.293747 4.540281
71070 9.292794 3.459315
71080 9.292075 4.757289
71090 9.291942 4.835359
71100 9.291435 4.875770
71110 9.291493 4.037393
71120 9.290788 5.927835
71130 9.290167 5.433180
71140 9.291038 2.345184
71150 9.290893 6.731657
71160 9.289984 4.840552
71170 9.288845 6.037227
71180 9.288090 6.641592
71190 9.288095 5.835694
71200 9.287682 4.555542
71210 9.286811 7.039520
71220 9.286244 7.316263
71230 9.285903 5.005374
71240 9.284877 3.817810
71250 9.283759 5.313130
71260 9.282870 4.764320
71270 9.282185 5.694547
71280 9.281919 4.376265
71290 9.281697 6.296275
71300 9.281374 4.796964
71310 9.280849 4.243515
71320 9.280893 6.368542
71330 9.281276 3.360884
71340 9.281217 3.498085
71350 9.281189 5.690417
71360 9.280975 6.034129
71370 9.280997 5.034073
71380 9.280793 5.653959
71390 9.280957 5.102563
71400 9.280808 4.270634
71410 9.280370 5.906658
71420 9.279680 7.840959
71430 9.279354 4.889014
71440 9.278411 4.857842
71450 9.277360 6.405088
71460 9.276207 4.631368
71470 9.275142 6.260190
71480 9.274551 6.032815
71490 9.273793 6.689225
71500 9.272818 4.673222
71510 9.272810 3.533753
71520 9.271509 7.808710
71530 9.270914 4.667297
71540 9.270866 2.961642
71550 9.270602 3.916993
71560 9.270060 5.044870
71570 9.269073 4.024484
71580 9.268103 5.272819
71590 9.267515 5.255321
71600 9.267274 4.750058
71610 9.267088 5.437717
71620 9.266465 4.171227
71630 9.266089 4.813623
71640 9.265218 6.408613
71650 9.264304 6.415011
71660 9.263171 6.053167
71670 9.262094 5.795036
71680 9.260944 5.611747
71690 9.259761 6.316683
71700 9.258677 4.802754
71710 9.257520 5.701897
71720 9.256641 5.511149
71730 9.255549 5.014164
71740 9.254832 5.061706
71750 9.253599 2.818823
71760 9.252457 3.010121
71770 9.251859 5.722496
71780 9.251373 4.915489
71790 9.250508 4.879057
71800 9.249795 5.172762
71810 9.249003 5.518635
71820 9.247977 5.750828
71830 9.247947 4.514593
71840 9.248144 4.114911
71850 9.248091 4.035280
71860 9.249140 5.982239
71870 9.249620 4.143519
71880 9.249014 7.480588
71890 9.248279 6.294806
71900 9.247179 6.406365
71910 9.246076 6.519724
71920 9.245327 5.288949
71930 9.244240 5.386282
71940 9.243217 5.810118
71950 9.242074 4.615883
71960 9.241031 5.859478
71970 9.240005 5.384158
71980 9.238917 6.657022
71990 9.237983 4.891641
72000 9.236807 5.579186
72010 9.235938 5.445686
72020 9.235933 4.872463
72030 9.236032 4.388697
72040 9.236591 5.030081
72050 9.236916 6.132927
72060 9.235731 7.473537
72070 9.234805 5.327599
72080 9.233769 4.935527
72090 9.233297 3.730582
72100 9.232878 4.515465
72110 9.232326 3.015385
72120 9.231339 5.560365
72130 9.230418 4.377344
72140 9.229258 5.743412
72150 9.228257 4.261724
72160 9.228088 5.657683
72170 9.227944 4.482355
72180 9.226997 5.836881
72190 9.226879 5.492282
72200 9.226532 4.486446
72210 9.225370 5.831131
72220 9.224267 4.726608
72230 9.223962 2.409097
72240 9.223194 4.304027
72250 9.222735 4.847697
72260 9.221683 7.046266
72270 9.220651 4.246911
72280 9.219465 4.848486
72290 9.218348 5.923277
72300 9.217600 5.915682
72310 9.217681 4.573642
72320 9.217574 4.961380
72330 9.216814 5.754629
72340 9.216898 4.056369
72350 9.216728 5.716701
72360 9.216257 5.617426
72370 9.215221 6.959474
72380 9.214498 4.540455
72390 9.213979 7.228170
72400 9.214935 5.915269
72410 9.217167 6.046057
72420 9.220295 5.337166
72430 9.222459 6.034262
72440 9.223894 5.750747
72450 9.225781 4.742726
72460 9.227770 5.557809
72470 9.230218 4.152096
72480 9.232762 5.887045
72490 9.235758 5.943172
72500 9.238533 4.259279
72510 9.240926 5.674924
72520 9.242427 4.371738
72530 9.243821 4.773355
72540 9.244738 7.227187
72550 9.245267 6.894614
72560 9.245963 7.425386
72570 9.246718 5.949205
72580 9.246930 5.864766
72590 9.247552 4.076122
72600 9.247073 5.543396
72610 9.245773 8.402066
72620 9.244860 4.336333
72630 9.244217 4.825763
72640 9.243760 6.770136
72650 9.243972 5.463656
72660 9.243362 4.301156
72670 9.242541 4.164837
72680 9.241579 5.572848
72690 9.240532 6.746060
72700 9.239574 6.412266
72710 9.238827 5.848021
72720 9.238091 5.303654
72730 9.238047 4.016940
72740 9.237920 5.074326
72750 9.237731 5.327683
72760 9.238568 4.996686
72770 9.239245 5.638766
72780 9.239844 5.397026
72790 9.240241 3.528082
72800 9.240192 3.794270
72810 9.239262 4.963648
72820 9.238026 6.710696
72830 9.237172 5.463422
72840 9.235885 6.508157
72850 9.234854 4.780510
72860 9.233736 6.601083
72870 9.232782 6.830752
72880 9.231756 6.245840
72890 9.230611 6.143397
72900 9.229687 5.775121
72910 9.228946 5.335913
72920 9.228736 6.909467
72930 9.228919 4.549209
72940 9.228780 5.605768
72950 9.228148 5.413406
72960 9.227359 4.913507
72970 9.226501 6.040411
72980 9.225441 5.669642
72990 9.224303 6.398737
73000 9.223171 4.791572
73010 9.222791 3.730695
73020 9.222030 4.331632
73030 9.221355 1.873858
73040 9.220211 5.001292
73050 9.219265 4.720798
73060 9.219173 4.646438
73070 9.218114 4.827591
73080 9.217987 4.231757
73090 9.217868 5.718118
73100 9.218066 4.321500
73110 9.218288 3.886504
73120 9.218096 8.363150
73130 9.218704 5.559189
73140 9.219933 4.622505
73150 9.220284 4.684081
73160 9.220631 6.100809
73170 9.221642 5.586014
73180 9.222228 6.170083
73190 9.221430 6.182985
73200 9.220496 7.116606
73210 9.219664 5.052746
73220 9.219915 5.774910
73230 9.220002 5.858901
73240 9.220754 6.198746
73250 9.221334 5.107043
73260 9.222617 3.536909
73270 9.223787 4.353261
73280 9.224375 3.539437
73290 9.224116 6.018485
73300 9.224588 5.015905
73310 9.225725 3.659683
73320 9.227490 4.267192
73330 9.229208 6.202056
73340 9.230807 6.405312
73350 9.233629 5.442032
73360 9.235231 5.624969
73370 9.236338 5.400762
73380 9.237578 3.043721
73390 9.238262 4.704363
73400 9.238228 7.366427
73410 9.237595 3.857389
73420 9.236845 4.099712
73430 9.236939 6.067446
73440 9.237671 3.992516
73450 9.238920 4.456461
73460 9.240079 4.450984
73470 9.240501 4.467705
73480 9.240786 5.460366
73490 9.241339 6.776413
73500 9.241660 4.714019
73510 9.241214 5.328677
73520 9.242242 6.466364
73530 9.244486 5.556678
73540 9.246658 4.168016
73550 9.247194 4.527145
73560 9.247803 3.261621
73570 9.249779 4.292598
73580 9.252138 4.927732
73590 9.255575 4.158716
73600 9.258582 4.556944
73610 9.261228 5.945949
73620 9.265149 3.960714
73630 9.268817 4.995410
73640 9.272483 5.652415
73650 9.276742 6.071164
73660 9.281672 4.103160
73670 9.286027 4.674287
73680 9.289864 6.082120
73690 9.292733 5.625889
73700 9.295554 4.649854
73710 9.297807 5.965474
73720 9.299993 5.652319
73730 9.301866 7.326939
73740 9.304380 4.771017
73750 9.306062 4.571163
73760 9.307088 4.339324
73770 9.307716 6.262471
73780 9.308224 4.573644
73790 9.307888 6.087047
73800 9.306939 3.762584
73810 9.305834 4.703020
73820 9.304698 4.627150
73830 9.303722 3.969214
73840 9.304236 4.630873
73850 9.305659 4.570797
73860 9.307403 5.314517
73870 9.309192 4.165122
73880 9.311417 6.187434
73890 9.313166 5.532503
73900 9.315637 6.988018
73910 9.317126 4.007710
73920 9.318669 3.899614
73930 9.319364 6.458602
73940 9.318999 4.935832
73950 9.317696 7.237836
73960 9.316961 4.470035
73970 9.316738 6.397046
73980 9.316287 4.763849
73990 9.315124 6.095239
74000 9.314482 2.634843
74010 9.313530 6.682964
74020 9.313217 2.861946
74030 9.312362 3.999504
74040 9.311417 4.644103
74050 9.310558 5.303838
74060 9.309607 4.238882
74070 9.309298 3.910811
74080 9.308539 6.267883
74090 9.308137 5.969313
74100 9.308181 2.432284
74110 9.307585 5.621307
74120 9.306870 5.493888
74130 9.305732 5.700429
74140 9.304754 6.297306
74150 9.305243 5.415802
74160 9.305040 6.193969
74170 9.305779 4.600937
74180 9.306547 6.023193
74190 9.307158 2.399011
74200 9.306803 3.077226
74210 9.305902 5.793821
74220 9.305029 4.913754
74230 9.305056 5.395969
74240 9.305443 4.284663
74250 9.305088 4.510551
74260 9.305061 8.276051
74270 9.305092 3.580147
74280 9.304086 4.052761
74290 9.303277 4.892301
74300 9.302192 5.965013
74310 9.301348 4.538483
74320 9.300230 5.969209
74330 9.299350 5.542371
74340 9.298633 5.516598
74350 9.297597 5.370615
74360 9.296518 6.491929
74370 9.295853 2.989224
74380 9.294800 6.097960
74390 9.293653 5.896205
74400 9.292935 4.617061
74410 9.292009 5.379598
74420 9.291585 5.904268
74430 9.291978 4.023963
74440 9.291424 6.909363
74450 9.290790 4.504800
74460 9.290595 4.886765
74470 9.290049 5.577432
74480 9.288927 4.509529
74490 9.288653 4.612729
74500 9.289246 5.944862
74510 9.290534 5.996185
74520 9.291634 4.436697
74530 9.291693 4.427239
74540 9.291514 4.417141
74550 9.291125 4.480584
74560 9.291038 5.265562
74570 9.291636 4.974783
74580 9.292464 5.429643
74590 9.292932 6.706428
74600 9.292928 5.621348
74610 9.292291 4.493456
74620 9.291786 4.584991
74630 9.291430 6.118458
74640 9.291869 2.526231
74650 9.290938 6.340753
74660 9.290085 8.674792
74670 9.289541 5.977605
74680 9.289538 4.560111
74690 9.289171 4.829900
74700 9.288547 6.190104
74710 9.288105 4.322792
74720 9.286808 9.831230
74730 9.285732 5.998983
74740 9.284820 5.816172
74750 9.283886 6.667475
74760 9.282960 4.798585
74770 9.282518 2.781077
74780 9.282405 3.897740
74790 9.281997 5.521448
74800 9.281044 6.497016
74810 9.280539 4.516981
74820 9.280264 4.445122
74830 9.279954 5.922488
74840 9.279720 4.721995
74850 9.279021 4.819275
74860 9.279133 4.845677
74870 9.279205 6.019167
74880 9.279840 4.282701
74890 9.279308 6.927615
74900 9.278156 7.063956
74910 9.276847 3.116553
74920 9.276082 5.649922
74930 9.275092 4.735732
74940 9.274126 5.528051
74950 9.272962 4.605417
74960 9.271696 6.670161
74970 9.270880 5.857445
74980 9.269978 5.613316
74990 9.268936 5.265331
75000 9.267885 5.396864
75010 9.266744 3.691224
75020 9.266259 4.606145
75030 9.265915 5.677478
75040 9.266228 4.217901
75050 9.266665 5.298210
75060 9.267164 5.734769
75070 9.267240 7.324434
75080 9.267611 5.437304
75090 9.267078 3.885924
75100 9.266428 4.898962
75110 9.266047 6.582028
75120 9.265978 4.366640
75130 9.266169 3.324567
75140 9.265313 5.383136
75150 9.264253 6.779944
75160 9.263080 6.511025
75170 9.262330 4.553785
75180 9.262922 2.914528
75190 9.263808 5.529118
75200 9.265053 5.496920
75210 9.266406 8.776826
75220 9.269120 5.680341
75230 9.271931 3.852020
75240 9.275490 3.904952
75250 9.278675 4.440064
75260 9.280479 4.958200
75270 9.281825 3.926614
75280 9.281491 4.667715
75290 9.281034 4.916363
75300 9.280089 5.468177
75310 9.279176 6.306043
75320 9.278451 4.721348
75330 9.277773 4.757085
75340 9.277440 4.310787
75350 9.276719 6.454841
75360 9.275660 6.342702
75370 9.274815 4.514137
75380 9.274126 5.925117
75390 9.273713 4.687319
75400 9.272785 7.099193
75410 9.271940 6.921770
75420 9.271274 3.908062
75430 9.270883 6.142531
75440 9.270537 5.763294
75450 9.270399 8.738649
75460 9.271350 4.417150
75470 9.272620 6.076521
75480 9.274115 4.175402
75490 9.275141 4.937063
75500 9.277062 6.187022
75510 9.279062 4.350686
75520 9.280617 5.831525
75530 9.282365 4.707329
75540 9.284630 4.672095
75550 9.286812 5.381721
75560 9.288129 5.016444
75570 9.287363 4.400903
75580 9.286245 4.380194
75590 9.285097 4.895150
75600 9.284017 4.375057
75610 9.282942 4.771214
75620 9.282365 4.162726
75630 9.281909 5.666295
75640 9.280960 3.564111
75650 9.280155 4.732321
75660 9.279371 4.739404
75670 9.278354 5.745903
75680 9.278827 6.874638
75690 9.280506 6.410002
75700 9.281709 3.979200
75710 9.282273 5.838100
75720 9.282470 4.985986
75730 9.282148 5.397736
75740 9.282098 6.511704
75750 9.282725 5.464890
75760 9.283912 3.810189
75770 9.285131 2.862134
75780 9.286000 5.484653
75790 9.287471 4.174178
75800 9.287796 4.903753
75810 9.287714 7.061015
75820 9.287561 5.680090
75830 9.286953 4.404181
75840 9.286541 7.477364
75850 9.286737 7.536452
75860 9.287671 3.319267
75870 9.288258 5.265533
75880 9.289102 4.982808
75890 9.289939 5.942706
75900 9.289900 5.690191
75910 9.288851 7.620294
75920 9.288352 5.723303
75930 9.289139 4.579307
75940 9.290491 4.859679
75950 9.291235 5.383026
75960 9.293066 3.163496
75970 9.294689 5.453644
75980 9.296554 6.370828
75990 9.298839 4.206303
76000 9.301347 5.719682
76010 9.304564 3.227625
76020 9.307729 5.681212
76030 9.311412 4.866950
76040 9.314055 6.001243
76050 9.317183 5.341560
76060 9.320031 5.366539
76070 9.322655 5.571921
76080 9.324432 6.294087
76090 9.325678 3.968936
76100 9.326665 5.861024
76110 9.327035 4.243080
76120 9.327029 3.366271
76130 9.326922 3.945906
76140 9.326149 6.158011
76150 9.325071 5.779253
76160 9.324104 4.210044
76170 9.323172 5.106054
76180 9.322226 4.748077
76190 9.321638 5.637891
76200 9.320636 9.142080
76210 9.319881 4.708199
76220 9.319070 6.829350
76230 9.318221 4.900410
76240 9.317336 5.810445
76250 9.316711 4.316190
76260 9.315887 6.453799
76270 9.315483 5.984193
76280 9.314721 4.366899
76290 9.313543 4.799793
76300 9.312378 6.276930
76310 9.311334 6.263131
76320 9.310155 6.801127
76330 9.309625 4.658597
76340 9.309772 5.746774
76350 9.309644 4.740530
76360 9.310041 6.120979
76370 9.310837 6.429925
76380 9.310835 2.378548
76390 9.310165 4.104944
76400 9.309329 4.907814
76410 9.308240 4.600239
76420 9.307474 5.589867
76430 9.306590 4.737629
76440 9.305760 5.468229
76450 9.306676 5.630836
76460 9.307368 6.198033
76470 9.308280 5.535908
76480 9.308521 5.480978
76490 9.308551 5.036546
76500 9.308437 6.205193
76510 9.307518 6.675361
76520 9.306989 4.853391
76530 9.307561 5.574954
76540 9.308614 4.882537
76550 9.309115 5.665760
76560 9.310191 2.785376
76570 9.310792 3.543618
76580 9.311128 6.125623
76590 9.310506 4.393161
76600 9.310208 6.042164
76610 9.311098 5.623574
76620 9.312107 5.311249
76630 9.313942 4.315078
76640 9.316818 6.019091
76650 9.321811 4.303056
76660 9.326320 3.997037
76670 9.330989 5.578311
76680 9.335011 6.799482
76690 9.338621 4.440292
76700 9.342166 5.674946
76710 9.345088 5.023984
76720 9.348012 5.485016
76730 9.350569 4.723024
76740 9.351816 4.871233
76750 9.352414 4.766704
76760 9.352827 4.101645
76770 9.352156 4.829139
76780 9.351237 5.002191
76790 9.350366 5.428732
76800 9.349508 6.527349
76810 9.349301 4.662045
76820 9.348225 6.117263
76830 9.347127 4.562406
76840 9.346090 6.141227
76850 9.345738 2.829829
76860 9.345058 5.444136
76870 9.344367 4.172627
76880 9.343539 4.479196
76890 9.342584 4.077281
76900 9.341559 6.886158
76910 9.341127 6.257868
76920 9.341357 4.341009
76930 9.341531 4.241638
76940 9.341099 6.949975
76950 9.341620 4.730710
76960 9.342949 4.505021
76970 9.345425 6.085067
76980 9.347772 5.443056
76990 9.350272 4.667111
77000 9.353369 7.265867
77010 9.357251 6.719905
77020 9.359583 4.211708
77030 9.361141 4.670715
77040 9.363490 6.448600
77050 9.366370 4.966853
77060 9.369479 4.839748
77070 9.372647 5.928649
77080 9.375384 5.465367
77090 9.377874 5.434482
77100 9.381184 5.941416
77110 9.384733 5.755151
77120 9.387564 4.046800
77130 9.390557 6.791027
77140 9.394474 5.347416
77150 9.400155 6.441684
77160 9.405730 4.880078
77170 9.410526 4.708549
77180 9.416043 6.829500
77190 9.420823 4.592479
77200 9.425001 5.911315
77210 9.428510 7.131327
77220 9.431315 5.767355
77230 9.434247 5.034784
77240 9.436877 5.872357
77250 9.438635 5.461599
77260 9.440511 9.066855
77270 9.443651 2.931989
77280 9.446519 4.813402
77290 9.449632 3.699386
77300 9.452837 5.848252
77310 9.455739 5.143433
77320 9.458145 4.647502
77330 9.460191 3.775841
77340 9.461037 6.360051
77350 9.460381 3.766959
77360 9.459438 5.484393
77370 9.458876 5.150524
77380 9.458763 3.646779
77390 9.458354 4.810840
77400 9.457698 5.680852
77410 9.456827 4.609893
77420 9.455922 6.907912
77430 9.455410 4.220043
77440 9.454635 4.941995
77450 9.453317 8.664001
77460 9.452899 2.758396
77470 9.452431 6.207450
77480 9.451626 6.367645
77490 9.450682 5.839262
77500 9.449654 5.728902
77510 9.448637 4.166986
77520 9.447807 2.717943
77530 9.446718 4.501971
77540 9.446192 4.063181
77550 9.445015 4.081690
77560 9.444344 7.241907
77570 9.443707 7.079429
77580 9.442623 5.998486
77590 9.441647 4.663012
77600 9.441001 6.308546
77610 9.440189 4.944140
77620 9.439342 6.595030
77630 9.438408 5.323469
77640 9.437488 5.657339
77650 9.437400 4.400039
77660 9.437186 4.936310
77670 9.437187 5.385060
77680 9.437688 5.771564
77690 9.438163 4.989323
77700 9.439075 4.525177
77710 9.439631 5.705968
77720 9.439992 4.928403
77730 9.439568 6.448326
77740 9.439200 4.173936
77750 9.438329 5.577400
77760 9.438350 5.575635
77770 9.437977 4.448940
77780 9.436857 5.363951
77790 9.435835 4.832163
77800 9.434805 4.643956
77810 9.433671 6.912908
77820 9.433105 7.073358
77830 9.433216 4.706350
77840 9.433107 5.144610
77850 9.433007 4.934744
77860 9.433108 2.694918
77870 9.432341 4.645593
77880 9.431291 5.060437
77890 9.430662 6.008203
77900 9.430003 5.195813
77910 9.429239 6.245932
77920 9.429069 4.485934
77930 9.428995 4.780686
77940 9.429928 5.561868
77950 9.430169 4.502260
77960 9.430230 5.681812
77970 9.430545 6.100861
77980 9.430174 5.808041
77990 9.429198 6.268306
78000 9.428500 4.515537
78010 9.427679 4.763620
78020 9.426884 5.644942
78030 9.426341 6.697221
78040 9.426044 6.732074
78050 9.426316 5.666244
78060 9.426798 3.809301
78070 9.427296 4.576581
78080 9.427757 4.576482
78090 9.428247 3.479716
78100 9.429308 3.797544
78110 9.429685 5.493009
78120 9.429744 5.578255
78130 9.430219 4.662085
78140 9.430051 3.895329
78150 9.429187 4.146138
78160 9.428540 5.475804
78170 9.428640 3.518031
78180 9.428508 5.575206
78190 9.427775 5.573027
78200 9.426781 7.058092
78210 9.425989 5.671029
78220 9.425115 4.938955
78230 9.424093 4.496165
78240 9.423305 4.989197
78250 9.422523 5.329525
78260 9.422234 4.187240
78270 9.421588 5.159780
78280 9.421293 5.408962
78290 9.420164 4.877385
78300 9.419274 4.056813
78310 9.418444 4.716381
78320 9.417822 5.698457
78330 9.418317 6.088529
78340 9.418893 6.727928
78350 9.420043 4.387127
78360 9.421189 6.190026
78370 9.421877 4.455712
78380 9.422594 6.317437
78390 9.423798 5.058248
78400 9.426057 3.987709
78410 9.428594 4.011219
78420 9.431158 6.143558
78430 9.433842 4.968468
78440 9.437394 5.600960
78450 9.441702 5.800446
78460 9.445247 6.531400
78470 9.448940 3.459952
78480 9.452102 5.666768
78490 9.454732 4.825710
78500 9.457271 4.904538
78510 9.459714 7.119045
78520 9.461489 5.296513
78530 9.463593 4.713147
78540 9.465062 5.589329
78550 9.465420 4.475418
78560 9.465145 5.767324
78570 9.464600 5.069459
78580 9.463394 6.860539
78590 9.462859 4.285452
78600 9.462251 4.880682
78610 9.461708 4.627235
78620 9.461558 5.340442
78630 9.460635 3.879735
78640 9.459622 4.985692
78650 9.458443 6.435225
78660 9.457357 5.733061
78670 9.456411 5.894289
78680 9.455524 6.176979
78690 9.455332 7.114942
78700 9.456526 6.027332
78710 9.458694 4.351605
78720 9.460756 6.509541
78730 9.461620 6.252718
78740 9.462230 6.406924
78750 9.463323 4.483797
78760 9.464176 6.278844
78770 9.464889 4.471793
78780 9.465103 5.948746
78790 9.464503 5.154048
78800 9.463415 4.451409
78810 9.462401 7.627530
78820 9.461530 4.443825
78830 9.460771 5.035869
78840 9.460606 5.453738
78850 9.459817 6.414871
78860 9.458952 5.022630
78870 9.457999 5.460569
78880 9.457019 5.868918
78890 9.456078 5.439183
78900 9.455612 5.779912
78910 9.454998 6.034123
78920 9.453916 4.577268
78930 9.452986 5.362364
78940 9.452195 5.583398
78950 9.451551 5.975483
78960 9.451472 5.760319
78970 9.451684 4.262234
78980 9.452165 4.633941
78990 9.452415 4.663416
79000 9.452250 7.137596
79010 9.451827 3.203336
79020 9.450839 4.946946
79030 9.449831 4.555760
79040 9.448751 7.774265
79050 9.448410 5.762239
79060 9.449454 6.195121
79070 9.451150 5.009242
79080 9.452517 6.202661
79090 9.453085 6.236351
79100 9.454010 5.408222
79110 9.455834 3.756099
79120 9.457101 6.910996
79130 9.458403 5.714691
79140 9.459657 6.023661
79150 9.460881 6.193597
79160 9.462695 4.498266
79170 9.464276 5.052597
79180 9.466050 6.156896
79190 9.467938 5.052507
79200 9.469691 4.518628
79210 9.471054 5.532742
79220 9.472469 6.423546
79230 9.473033 4.437524
79240 9.472976 4.957973
79250 9.472149 5.547982
79260 9.471047 6.610712
79270 9.470218 4.626198
79280 9.470416 4.988889
79290 9.469511 4.200270
79300 9.469171 5.394606
79310 9.468277 6.253102
79320 9.467401 6.303610
79330 9.466841 5.966933
79340 9.466127 4.653609
79350 9.465302 4.510336
79360 9.464655 5.619224
79370 9.463696 6.272770
79380 9.462766 6.174919
79390 9.461846 6.271708
79400 9.461074 6.061587
79410 9.460807 6.103614
79420 9.461412 5.936223
79430 9.462345 3.168119
79440 9.463225 5.716993
79450 9.463557 3.092328
79460 9.463706 5.570993
79470 9.465388 5.915412
79480 9.467087 4.556927
79490 9.469158 4.543100
79500 9.471600 3.463087
79510 9.473089 4.992651
79520 9.474785 7.143103
79530 9.476351 6.656981
79540 9.478406 5.680606
79550 9.480499 4.801566
79560 9.481961 6.300812
79570 9.483217 4.199749
79580 9.483718 4.811505
79590 9.483301 4.477670
79600 9.482534 4.538499
79610 9.482052 5.879048
79620 9.480948 7.376932
79630 9.480630 5.129613
79640 9.480735 5.370511
79650 9.481130 4.615427
79660 9.481600 7.096628
79670 9.483248 6.178641
79680 9.485705 4.711880
79690 9.488081 4.114038
79700 9.489138 6.001184
79710 9.489842 5.478946
79720 9.490685 5.745506
79730 9.492229 5.426871
79740 9.493425 4.785121
79750 9.494851 6.434147
79760 9.495891 4.754773
79770 9.496881 2.911895
79780 9.497875 5.160455
79790 9.498042 7.045390
79800 9.497038 6.161855
79810 9.496305 4.961952
79820 9.495500 6.320135
79830 9.495135 5.814967
79840 9.495053 6.344657
79850 9.494897 4.491109
79860 9.494597 4.519609
79870 9.494140 5.049712
79880 9.493039 4.664890
79890 9.492361 7.396748
79900 9.492569 6.999644
79910 9.492221 4.992870
79920 9.491317 5.466825
79930 9.490502 6.187878
79940 9.489440 6.444988
79950 9.489040 5.579548
79960 9.488980 6.539341
79970 9.488913 5.601203
79980 9.488628 4.501419
79990 9.487828 3.554588
80000 9.487763 5.052137
80010 9.487613 3.874567
80020 9.487450 6.049768
80030 9.486869 4.044383
80040 9.485915 6.103188
80050 9.485564 5.595473
80060 9.485847 4.393858
80070 9.485144 4.459850
80080 9.484204 4.724166
80090 9.483454 4.907641
80100 9.482531 5.394526
80110 9.481466 5.028154
80120 9.481141 4.655137
80130 9.481282 4.706511
80140 9.481135 4.617234
80150 9.480410 5.952106
80160 9.479990 6.056897
80170 9.480437 6.241952
80180 9.480989 5.040749
80190 9.482328 4.996398
80200 9.484262 3.783495
80210 9.485796 4.911407
80220 9.487777 4.952513
80230 9.489618 4.958937
80240 9.491865 5.672570
80250 9.494537 5.489520
80260 9.495567 5.699918
80270 9.495482 3.164455
80280 9.494596 6.894486
80290 9.494461 4.698961
80300 9.493761 6.129413
80310 9.492763 6.072097
80320 9.491785 6.371653
80330 9.491552 5.620960
80340 9.492471 5.199825
80350 9.494364 3.979379
80360 9.494438 6.838367
80370 9.494958 4.508812
80380 9.495479 4.120218
80390 9.494489 6.932063
80400 9.493460 5.253437
80410 9.492390 4.504098
80420 9.491329 5.897392
80430 9.491083 5.059298
80440 9.492446 2.699996
80450 9.493681 5.069968
80460 9.495679 5.744145
80470 9.497043 3.392721
80480 9.497669 4.907977
80490 9.498252 3.906391
80500 9.499024 5.067956
80510 9.499991 4.754648
80520 9.500187 4.444893
80530 9.500157 5.409242
80540 9.500156 4.730817
80550 9.499374 4.768359
80560 9.498376 4.523896
80570 9.497699 4.469445
80580 9.497019 4.581626
80590 9.496855 5.931640
80600 9.497550 5.043244
80610 9.497063 4.709527
80620 9.496184 5.844460
80630 9.495644 3.337619
80640 9.494932 4.868403
80650 9.493863 7.233870
80660 9.493443 6.716876
80670 9.493332 6.033429
80680 9.492583 5.133425
80690 9.491513 6.760224
80700 9.490471 4.648355
80710 9.489596 4.906974
80720 9.489301 5.070572
80730 9.488631 6.948649
80740 9.488138 4.598659
80750 9.488097 7.284230
80760 9.488409 4.051509
80770 9.488758 6.722261
80780 9.489495 5.685038
80790 9.490273 6.199178
80800 9.491107 4.878052
80810 9.491949 5.752749
80820 9.493629 3.514843
80830 9.494557 5.813938
80840 9.494686 6.280358
80850 9.493825 5.346244
80860 9.492876 4.781902
80870 9.491876 5.449002
80880 9.491256 4.872252
80890 9.490285 6.320741
80900 9.489901 6.340368
80910 9.489246 6.028774
80920 9.488315 5.974876
80930 9.487191 6.453534
80940 9.486498 6.222523
80950 9.486176 4.922723
80960 9.486231 6.138775
80970 9.486257 3.528811
80980 9.485495 5.095099
80990 9.484602 5.462655
81000 9.483756 5.871187
81010 9.482991 4.506451
81020 9.482126 5.347938
81030 9.481106 4.922810
81040 9.480182 4.674246
81050 9.479088 4.655031
81060 9.478217 7.670656
81070 9.477868 5.749483
81080 9.476842 6.439111
81090 9.476651 6.269598
81100 9.476905 6.574901
81110 9.477529 4.417394
81120 9.477784 4.878741
81130 9.478088 4.320857
81140 9.477979 6.596012
81150 9.477309 6.049187
81160 9.477061 5.846133
81170 9.477181 4.948225
81180 9.476707 5.877919
81190 9.476191 4.234067
81200 9.476263 5.866024
81210 9.478008 6.135013
81220 9.480712 4.166679
81230 9.483410 5.231211
81240 9.486197 5.058146
81250 9.489122 5.409130
81260 9.492098 5.718179
81270 9.493637 5.540970
81280 9.494976 4.795130
81290 9.496311 6.009216
81300 9.498087 5.073457
81310 9.499631 5.735386
81320 9.500848 4.096258
81330 9.502642 4.949474
81340 9.504513 5.478104
81350 9.506452 4.584809
81360 9.508901 4.163957
81370 9.510610 5.791879
81380 9.512188 6.541186
81390 9.514750 5.857141
81400 9.516656 3.985977
81410 9.517757 3.811675
81420 9.518662 4.625279
81430 9.519241 5.565973
81440 9.518815 4.740963
81450 9.517971 5.004997
81460 9.517439 6.231436
81470 9.517394 6.120735
81480 9.518026 5.573564
81490 9.518671 5.120460
81500 9.520232 6.720952
81510 9.522363 4.924686
81520 9.524049 4.924281
81530 9.525629 5.770390
81540 9.527077 5.997286
81550 9.527684 4.950483
81560 9.529070 5.098066
81570 9.530316 4.227551
81580 9.530617 6.913443
81590 9.530606 4.510759
81600 9.529759 6.658243
81610 9.529704 2.493094
81620 9.529047 5.911076
81630 9.528365 3.806447
81640 9.527389 5.504793
81650 9.526403 6.428559
81660 9.525408 4.795210
81670 9.524611 4.868225
81680 9.523567 6.026419
81690 9.522829 4.228355
81700 9.522041 4.645781
81710 9.521553 5.124479
81720 9.521593 5.768718
81730 9.520836 6.037666
81740 9.520119 4.984949
81750 9.519390 6.547462
81760 9.519108 8.178522
81770 9.519607 5.915080
81780 9.519779 5.642926
81790 9.520147 6.653283
81800 9.520769 5.899254
81810 9.521526 4.409950
81820 9.521632 6.640205
81830 9.521490 4.515489
81840 9.521522 5.938502
81850 9.521194 5.582791
81860 9.520887 7.082785
81870 9.521377 4.692678
81880 9.521891 4.631665
81890 9.521473 8.184975
81900 9.520765 4.193752
81910 9.520753 4.779975
81920 9.519817 6.021024
81930 9.519001 5.367237
81940 9.518232 3.860508
81950 9.517138 5.189880
81960 9.516026 7.488502
81970 9.515224 5.635870
81980 9.514503 5.415929
81990 9.513804 6.775404
82000 9.513850 4.315596
82010 9.513760 4.219474
82020 9.512874 5.564765
82030 9.512208 6.498609
82040 9.511249 5.685027
82050 9.510492 6.301158
82060 9.509490 4.436623
82070 9.508617 4.541718
82080 9.508280 5.519810
82090 9.508969 4.769831
82100 9.509543 5.158132
82110 9.509832 6.082241
82120 9.509828 5.710227
82130 9.509849 5.698127
82140 9.509151 4.054954
82150 9.508538 4.297008
82160 9.507658 5.790711
82170 9.506742 6.586269
82180 9.506157 6.027713
82190 9.505933 4.580953
82200 9.505415 5.214781
82210 9.504590 7.378055
82220 9.503624 6.424399
82230 9.502931 6.411943
82240 9.502701 3.635326
82250 9.502428 4.635670
82260 9.501374 4.950117
82270 9.500300 6.912958
82280 9.499193 7.640361
82290 9.498331 6.310236
82300 9.497337 4.880489
82310 9.496481 6.074180
82320 9.496202 5.640253
82330 9.496041 5.787238
82340 9.496524 4.523243
82350 9.496046 5.055728
82360 9.495784 4.260547
82370 9.496362 5.809552
82380 9.496748 4.886194
82390 9.496004 6.667666
82400 9.495181 6.180567
82410 9.494167 5.988339
82420 9.493249 5.398804
82430 9.492379 5.606295
82440 9.492225 5.823298
82450 9.492908 6.700094
82460 9.493406 5.515146
82470 9.495012 4.249678
82480 9.495774 4.053872
82490 9.496522 5.546764
82500 9.498492 5.850855
82510 9.500341 6.455081
82520 9.503307 6.703426
82530 9.507083 4.505632
82540 9.510538 5.920072
82550 9.513890 4.703829
82560 9.516851 5.615679
82570 9.518510 4.177893
82580 9.519533 5.565040
82590 9.520667 5.767652
82600 9.521693 4.425246
82610 9.522370 5.533857
82620 9.524055 2.841238
82630 9.525574 6.171721
82640 9.528599 4.291085
82650 9.532596 4.168732
82660 9.537339 4.853295
82670 9.541416 3.949957
82680 9.545154 5.054530
82690 9.549013 6.504697
82700 9.552428 6.002014
82710 9.556045 5.155619
82720 9.558855 4.603445
82730 9.561973 4.668684
82740 9.564405 6.110788
82750 9.567353 3.855755
82760 9.569950 2.452543
82770 9.570969 5.913990
82780 9.571299 6.357453
82790 9.571244 4.200593
82800 9.570187 6.031815
82810 9.569241 6.485444
82820 9.568536 3.163878
82830 9.567555 4.815202
82840 9.566637 4.895861
82850 9.565567 7.210016
82860 9.564677 6.700689
82870 9.563731 6.770726
82880 9.562951 6.194728
82890 9.562965 4.556829
82900 9.563018 4.805867
82910 9.562481 5.583094
82920 9.561734 5.988980
82930 9.561346 4.970974
82940 9.560647 6.383525
82950 9.559700 4.836879
82960 9.558734 5.601700
82970 9.558201 4.225734
82980 9.557166 5.804047
82990 9.556360 7.720322
83000 9.555654 7.202351
83010 9.555396 4.051145
83020 9.554864 4.616696
83030 9.554847 2.300519
83040 9.555005 5.406952
83050 9.556014 4.786329
83060 9.556728 3.982230
83070 9.557284 5.978844
83080 9.557764 4.127993
83090 9.557346 5.530562
83100 9.556427 5.203438
83110 9.555511 5.562018
83120 9.554564 3.217784
83130 9.553589 6.628472
83140 9.552595 5.905730
83150 9.551645 4.457589
83160 9.550519 6.292655
83170 9.549669 5.092668
83180 9.548970 6.007665
83190 9.547909 6.100041
83200 9.547015 6.070067
83210 9.546983 5.748007
83220 9.546369 3.611994
83230 9.545808 4.890085
83240 9.544751 6.143502
83250 9.543874 4.605603
83260 9.542777 6.836093
83270 9.541747 6.239550
83280 9.541038 7.195239
83290 9.540638 5.607243
83300 9.540511 5.080511
83310 9.539981 6.143672
83320 9.539665 5.477958
83330 9.539127 6.933219
83340 9.538629 6.157407
83350 9.538523 6.043456
83360 9.538214 3.436148
83370 9.537689 5.442308
83380 9.538293 4.409012
83390 9.539225 5.388794
83400 9.539908 5.554971
83410 9.540904 5.638988
83420 9.541506 6.275451
83430 9.541533 6.908742
83440 9.541159 6.303497
83450 9.540954 4.173321
83460 9.540855 4.613861
83470 9.539849 5.558219
83480 9.539131 6.659184
83490 9.538262 5.818413
83500 9.537640 5.454257
83510 9.536781 4.515612
83520 9.536176 2.973691
83530 9.535399 5.158863
83540 9.534476 5.130756
83550 9.533654 6.300506
83560 9.533028 4.603927
83570 9.532487 3.762254
83580 9.531868 5.191387
83590 9.531278 6.252067
83600 9.531595 4.159835
83610 9.532146 5.546136
83620 9.532076 4.212188
83630 9.531436 5.629903
83640 9.530678 4.252133
83650 9.529787 4.646857
83660 9.528863 5.428748
83670 9.528115 5.524927
83680 9.527251 4.859888
83690 9.526471 5.853882
83700 9.526233 4.792843
83710 9.525331 4.750746
83720 9.524854 5.574172
83730 9.524381 4.905340
83740 9.523723 5.570583
83750 9.523115 5.625294
83760 9.522395 5.024924
83770 9.521672 5.992352
83780 9.522036 5.605837
83790 9.522398 5.748780
83800 9.522646 8.090158
83810 9.523413 5.668444
83820 9.523538 6.343161
83830 9.523302 5.821349
83840 9.522694 6.450984
83850 9.521673 4.653249
83860 9.521101 5.892782
83870 9.521010 5.050785
83880 9.521286 4.824001
83890 9.522973 7.798417
83900 9.526061 4.411347
83910 9.528434 4.579544
83920 9.530418 5.796808
83930 9.533257 4.686711
83940 9.535719 5.970785
83950 9.538677 4.129652
83960 9.540657 5.039076
83970 9.542254 4.070166
83980 9.543355 6.496719
83990 9.544082 5.097867
84000 9.543978 5.486123
84010 9.543478 6.246398
84020 9.543590 6.026397
84030 9.543856 4.296253
84040 9.544114 5.025223
84050 9.544226 4.503846
84060 9.543227 8.269734
84070 9.542639 4.752848
84080 9.542547 6.424862
84090 9.542866 4.956247
84100 9.542430 6.187164
84110 9.541374 6.250487
84120 9.540783 4.701568
84130 9.540100 5.861409
84140 9.539405 5.055939
84150 9.538428 4.762411
84160 9.537459 5.930981
84170 9.537244 5.837630
84180 9.536649 5.095019
84190 9.536155 5.436229
84200 9.535101 7.318094
84210 9.534722 5.483866
84220 9.534830 4.975260
84230 9.534975 4.655777
84240 9.534641 5.866063
84250 9.534080 4.977910
84260 9.533221 6.179369
84270 9.532315 5.669159
84280 9.531786 3.458424
84290 9.531336 4.051651
84300 9.530442 5.038197
84310 9.529755 5.507561
84320 9.528925 6.457669
84330 9.528254 5.454681
84340 9.527212 6.393350
84350 9.526694 5.811159
84360 9.526810 5.533403
84370 9.526997 5.916417
84380 9.526897 4.620981
84390 9.526684 3.873040
84400 9.525909 5.665552
84410 9.524841 6.452386
84420 9.523905 7.535995
84430 9.523204 5.645311
84440 9.522300 6.297737
84450 9.521674 5.903933
84460 9.521679 4.846422
84470 9.521602 6.162213
84480 9.521704 5.704153
84490 9.521484 4.890536
84500 9.520790 5.133815
84510 9.519910 4.915315
84520 9.519170 4.906825
84530 9.518887 5.567724
84540 9.518310 3.602692
84550 9.517473 4.942826
84560 9.517222 6.211349
84570 9.517085 5.550205
84580 9.516976 4.344224
84590 9.516451 2.632966
84600 9.515591 4.077755
84610 9.514790 4.603834
84620 9.513894 4.367627
84630 9.513238 4.952027
84640 9.512375 7.003633
84650 9.511393 5.070330
84660 9.510614 5.112835
84670 9.509988 5.113728
84680 9.508974 4.597952
84690 9.508030 4.876517
84700 9.507550 5.617936
84710 9.506627 6.749258
84720 9.505615 6.204775
84730 9.505216 5.754582
84740 9.504854 4.616393
84750 9.504175 4.538803
84760 9.503460 7.714124
84770 9.503265 3.667906
84780 9.502829 4.339992
84790 9.502359 3.853782
84800 9.501677 5.796206
84810 9.500907 5.169734
84820 9.500256 6.116181
84830 9.499828 7.519365
84840 9.500320 6.911903
84850 9.501120 5.696617
84860 9.501902 4.383259
84870 9.503050 6.378580
84880 9.503359 3.634768
84890 9.503314 5.119127
84900 9.502915 5.752357
84910 9.502403 5.577134
84920 9.502371 4.637523
84930 9.502019 4.408175
84940 9.501109 5.110507
84950 9.500076 4.532669
84960 9.499027 6.591655
84970 9.498240 4.968838
84980 9.497279 5.596322
84990 9.496417 6.527145
85000 9.495820 4.498037
85010 9.494943 6.041521
85020 9.495274 6.469863
85030 9.495723 5.043089
85040 9.495681 5.487083
85050 9.495576 6.307645
85060 9.496051 4.261030
85070 9.496173 5.177272
85080 9.496323 6.340658
85090 9.495450 6.706696
85100 9.495268 4.970012
85110 9.495450 4.653795
85120 9.495306 6.223034
85130 9.496161 5.680897
85140 9.496745 4.676834
85150 9.496504 4.749844
85160 9.495844 5.390261
85170 9.495170 4.845644
85180 9.494958 5.710223
85190 9.494433 5.951112
85200 9.493448 4.300448
85210 9.492960 5.894481
85220 9.492388 5.973494
85230 9.492359 5.852964
85240 9.492605 5.479156
85250 9.493009 5.492356
85260 9.493755 6.068293
85270 9.493647 4.823045
85280 9.493755 6.198049
85290 9.494165 4.619277
85300 9.494187 3.824632
85310 9.492890 8.943255
85320 9.492247 3.869328
85330 9.491325 4.371009
85340 9.491039 5.093316
85350 9.490420 6.019583
85360 9.489620 4.607774
85370 9.488676 6.166141
85380 9.487888 4.975131
85390 9.488186 4.943355
85400 9.489628 4.190286
85410 9.491643 3.459194
85420 9.493051 7.436881
85430 9.494500 5.638863
85440 9.495465 4.847080
85450 9.496197 6.094064
85460 9.496867 5.228431
85470 9.496637 4.469105
85480 9.495659 5.226400
85490 9.495030 5.533418
85500 9.494043 5.964076
85510 9.493552 5.544855
85520 9.493680 5.892751
85530 9.493299 5.018092
85540 9.492597 6.605510
85550 9.491570 7.804364
85560 9.490827 6.724097
85570 9.490317 6.264458
85580 9.489409 4.118567
85590 9.488571 5.508064
85600 9.487379 7.126532
85610 9.487108 6.972624
85620 9.486594 4.875286
85630 9.485614 7.186929
85640 9.484609 4.275943
85650 9.483686 4.854367
85660 9.482881 4.784021
85670 9.481990 5.727524
85680 9.481348 4.345516
85690 9.481158 6.825120
85700 9.481314 5.518221
85710 9.481455 4.792590
85720 9.481230 5.430128
85730 9.480578 4.130259
85740 9.480041 5.979926
85750 9.479041 7.059311
85760 9.478099 5.720155
85770 9.477600 5.606708
85780 9.477866 5.394073
85790 9.477769 4.785217
85800 9.477462 5.758160
85810 9.477022 4.926973
85820 9.476976 5.458808
85830 9.476577 4.149819
85840 9.476375 3.757739
85850 9.476628 4.691234
85860 9.476993 4.452469
85870 9.476565 6.126945
85880 9.476370 4.968324
85890 9.476210 4.538872
85900 9.475787 5.415198
85910 9.475484 6.669510
85920 9.474970 7.469846
85930 9.475000 6.421918
85940 9.475239 6.361416
85950 9.475448 6.546507
85960 9.475824 4.996872
85970 9.475204 5.917366
85980 9.474237 6.147479
85990 9.473451 5.277403
86000 9.472857 5.469698
86010 9.473302 4.750163
86020 9.473832 5.401280
86030 9.473998 4.961403
86040 9.473283 5.557484
86050 9.472559 6.882801
86060 9.471571 4.426627
86070 9.470647 7.433069
86080 9.469604 4.423037
86090 9.468809 4.573996
86100 9.467839 4.807054
86110 9.466964 4.985624
86120 9.466137 4.417070
86130 9.465547 4.703357
86140 9.464651 5.620286
86150 9.463684 3.981928
86160 9.462734 6.881477
86170 9.461916 4.816326
86180 9.461145 6.338301
86190 9.460868 5.494227
86200 9.459957 4.408652
86210 9.459210 5.567144
86220 9.458467 6.084046
86230 9.457765 5.042182
86240 9.457377 5.103084
86250 9.456401 6.110280
86260 9.455600 6.630731
86270 9.454689 6.876966
86280 9.454287 5.821220
86290 9.453870 6.214563
86300 9.453008 7.128059
86310 9.452096 4.727827
86320 9.451231 6.811833
86330 9.451296 5.485754
86340 9.451417 6.191631
86350 9.451702 3.180025
86360 9.451929 6.400165
86370 9.452683 4.958266
86380 9.454192 5.629227
86390 9.455801 5.417600
86400 9.457691 4.718286
