10 0.727611 4.589526
20 0.825089 0.062684
30 1.029533 -0.221589
40 0.996013 2.203020
50 0.915902 2.623489
60 1.165323 0.118523
70 1.027568 4.596979
80 1.022136 0.492792
90 1.024235 2.730778
100 1.175010 0.534499
110 1.170266 0.493376
120 1.139521 0.147877
130 1.181971 -0.404502
140 1.235824 1.564789
150 1.218239 2.228572
160 1.210158 1.877146
170 1.364597 0.471436
180 1.388135 1.583613
190 1.451320 0.335997
200 1.486420 1.288470
210 1.498147 0.135061
220 1.657375 1.269733
230 1.840787 2.198352
240 1.840717 0.739632
250 1.873119 0.623558
260 1.846004 1.175272
270 1.828777 0.538685
280 1.776335 3.648722
290 1.820386 -0.046047
300 1.786980 0.413266
310 1.761319 1.782376
320 1.877698 2.016664
330 1.924697 2.164418
340 2.021274 1.659591
350 2.010209 2.135296
360 2.044089 0.707032
370 2.162185 1.662977
380 2.221083 1.355551
390 2.216455 2.622601
400 2.293061 1.162612
410 2.343055 2.353495
420 2.335408 1.126096
430 2.358135 1.296732
440 2.327876 0.408289
450 2.380149 1.918701
460 2.422058 -0.815859
470 2.397467 2.238112
480 2.437387 2.994330
490 2.501218 0.927204
500 2.502147 0.531438
510 2.532903 1.016041
520 2.493396 2.798561
530 2.473118 2.078451
540 2.474871 0.706962
550 2.452666 0.990080
560 2.431817 1.333863
570 2.428396 3.423643
580 2.412392 2.542777
590 2.394752 1.785618
600 2.368117 2.473741
610 2.358495 1.307855
620 2.389708 2.256804
630 2.399001 4.190951
640 2.388497 2.276578
650 2.431429 2.390142
660 2.544870 2.215422
670 2.709501 1.312247
680 2.818016 2.120911
690 2.904225 0.570726
700 2.892717 2.402909
710 2.892989 1.204535
720 2.998121 -0.035443
730 3.104681 1.029850
740 3.101434 1.791021
750 3.074706 2.212553
760 3.094786 3.482750
770 3.128791 1.023912
780 3.094597 2.823111
790 3.075569 2.960695
800 3.049429 3.609646
810 3.034426 1.224509
820 3.015357 4.601139
830 3.005821 1.181567
840 2.977584 2.977806
850 2.967445 1.017656
860 2.954766 3.132598
870 2.973327 1.082691
880 3.031870 0.385736
890 3.002076 2.491575
900 3.032215 2.509434
910 3.107655 1.539965
920 3.241652 2.946642
930 3.425540 1.989693
940 3.596370 3.274855
950 3.667258 1.842081
960 3.659761 4.526687
970 3.699304 1.160357
980 3.760918 1.878222
990 3.843997 2.969085
1000 3.939688 1.560789
1010 4.058983 -0.315670
1020 4.136545 2.884088
1030 4.198597 2.386218
1040 4.269593 2.065539
1050 4.299194 2.115103
1060 4.278828 3.579703
1070 4.266145 1.914536
1080 4.233074 1.338165
1090 4.217691 1.664620
1100 4.189993 1.698536
1110 4.162130 2.159353
1120 4.140681 3.199959
1130 4.113590 2.228328
1140 4.108491 2.312723
1150 4.087204 3.798102
1160 4.070959 0.556049
1170 4.053001 2.246977
1180 4.055787 1.560004
1190 4.045686 2.236968
1200 4.086500 2.188067
1210 4.103268 3.323287
1220 4.111132 -0.151701
1230 4.091731 2.281791
1240 4.066720 4.192910
1250 4.046054 2.843593
1260 4.077558 1.344977
1270 4.137262 1.981199
1280 4.139814 2.355680
1290 4.117547 4.622107
1300 4.097470 1.510131
1310 4.070234 3.200935
1320 4.051309 2.014375
1330 4.043216 2.843231
1340 4.031688 1.113267
1350 4.017066 5.064147
1360 3.994402 3.915990
1370 3.979778 2.355895
1380 3.963930 3.154455
1390 3.947361 1.797817
1400 3.972113 1.175103
1410 3.957452 3.938967
1420 3.933925 2.874155
1430 3.922044 2.974093
1440 3.901321 1.687470
1450 3.902137 2.154724
1460 3.918979 1.964448
1470 3.956914 -0.228053
1480 3.970397 3.040114
1490 3.978871 2.931146
1500 3.980869 2.287179
1510 3.969237 2.737374
1520 3.964811 1.564779
1530 3.951358 2.244391
1540 3.956491 2.165762
1550 3.940640 4.031952
1560 3.930822 3.897697
1570 3.914409 2.903857
1580 3.909243 1.770133
1590 3.891831 3.832082
1600 3.887558 0.920946
1610 3.889517 2.616314
1620 3.868185 3.096046
1630 3.849785 5.235511
1640 3.855685 3.166472
1650 3.919956 2.285360
1660 3.947615 4.463324
1670 3.963503 3.507352
1680 3.970295 3.521691
1690 3.959262 3.681913
1700 3.955314 3.822288
1710 3.959907 2.274227
1720 3.949745 0.330200
1730 3.935061 2.772698
1740 3.948325 1.857263
1750 4.002941 2.850197
1760 4.033848 1.724327
1770 4.014530 2.990369
1780 4.003506 4.445897
1790 4.000171 5.171907
1800 3.997411 3.455135
1810 3.983041 5.210587
1820 3.972701 1.761761
1830 3.967907 1.849111
1840 3.957070 0.847452
1850 3.942801 2.173208
1860 3.928707 2.295850
1870 3.910416 4.841624
1880 3.895301 2.628543
1890 3.901040 2.733420
1900 3.883028 2.063672
1910 3.886998 2.169484
1920 3.873658 2.781016
1930 3.886648 2.749823
1940 3.885669 3.009841
1950 3.895024 3.263609
1960 3.901588 2.403580
1970 3.882263 5.744965
1980 3.871838 2.249146
1990 3.873934 1.401360
2000 3.860952 3.758608
2010 3.849222 4.004063
2020 3.831702 5.498884
2030 3.819517 3.083978
2040 3.805180 2.087001
2050 3.807220 2.621078
2060 3.806892 1.838947
2070 3.805962 2.446406
2080 3.795564 2.475594
2090 3.780588 3.276487
2100 3.769595 3.606934
2110 3.756292 3.513985
2120 3.745974 2.488527
2130 3.731924 4.062763
2140 3.729368 1.820436
2150 3.720273 3.745163
2160 3.707092 4.042103
2170 3.709520 1.886200
2180 3.707301 3.554756
2190 3.699651 2.603212
2200 3.706955 1.610316
2210 3.721839 2.615005
2220 3.734195 3.349887
2230 3.764039 3.509746
2240 3.776585 1.386168
2250 3.767200 3.074979
2260 3.752717 4.391869
2270 3.740164 3.765030
2280 3.732820 2.720273
2290 3.724099 1.638231
2300 3.710511 2.173043
2310 3.700014 5.311987
2320 3.701969 0.893722
2330 3.691957 0.674146
2340 3.679464 3.349382
2350 3.669756 4.539059
2360 3.659917 3.201453
2370 3.657760 5.968067
2380 3.663657 3.468277
2390 3.653148 4.343720
2400 3.640449 3.253036
2410 3.628919 2.983929
2420 3.630946 3.411732
2430 3.654572 2.000811
2440 3.655010 2.086263
2450 3.663854 1.807991
2460 3.668733 2.747516
2470 3.669691 1.417989
2480 3.665026 1.903834
2490 3.670696 3.034172
2500 3.661084 2.622505
2510 3.653787 1.768355
2520 3.645626 1.677420
2530 3.647268 2.014464
2540 3.645133 2.903075
2550 3.660164 2.660029
2560 3.655420 1.647798
2570 3.646667 1.864822
2580 3.638616 5.189584
2590 3.630740 1.943075
2600 3.632097 3.398707
2610 3.653839 3.455527
2620 3.651111 3.176760
2630 3.648822 2.010846
2640 3.645154 0.943954
2650 3.644875 2.924591
2660 3.635878 1.135433
2670 3.631083 2.816118
2680 3.622564 3.806757
2690 3.614917 1.084684
2700 3.604038 2.901954
2710 3.599969 0.450000
2720 3.602500 1.809981
2730 3.607312 3.782473
2740 3.599541 3.457262
2750 3.594743 1.772858
2760 3.591529 1.993388
2770 3.586222 1.860151
2780 3.578274 3.639038
2790 3.572838 2.814115
2800 3.566421 1.571960
2810 3.558397 2.952339
2820 3.553287 2.809159
2830 3.541870 5.025557
2840 3.532042 3.222774
2850 3.526875 2.433952
2860 3.534928 1.060707
2870 3.540546 1.318972
2880 3.561362 0.534447
2890 3.563449 0.389470
2900 3.567850 3.960783
2910 3.575459 2.696193
2920 3.576719 2.820749
2930 3.576816 1.544815
2940 3.574834 1.595683
2950 3.576444 3.220673
2960 3.605703 2.801539
2970 3.660038 3.599247
2980 3.702940 2.449144
2990 3.755167 2.186313
3000 3.749633 2.311687
3010 3.745039 3.087524
3020 3.736630 3.035208
3030 3.736439 3.609599
3040 3.728670 4.275944
3050 3.721110 2.794395
3060 3.711457 1.134256
3070 3.705718 3.247779
3080 3.695582 3.938065
3090 3.687289 3.483257
3100 3.683026 1.704692
3110 3.682871 3.064018
3120 3.682401 2.630442
3130 3.679578 2.673955
3140 3.675229 3.101211
3150 3.670328 2.720479
3160 3.669219 2.965385
3170 3.688175 1.514709
3180 3.696915 0.809439
3190 3.703614 2.856812
3200 3.704929 2.548750
3210 3.695780 3.541899
3220 3.694979 2.015259
3230 3.694174 1.611819
3240 3.685655 1.202506
3250 3.677796 3.703590
3260 3.683026 3.530586
3270 3.684465 1.097736
3280 3.677860 3.888504
3290 3.683766 2.394629
3300 3.681749 2.649832
3310 3.674279 2.941359
3320 3.667664 2.375510
3330 3.660479 2.708402
3340 3.651252 2.644885
3350 3.641736 4.932049
3360 3.647251 2.826268
3370 3.654351 0.981267
3380 3.646373 3.181786
3390 3.640821 3.171348
3400 3.632865 3.447376
3410 3.630452 1.525490
3420 3.625713 2.721350
3430 3.620345 3.364693
3440 3.616857 0.956571
3450 3.617599 2.041548
3460 3.650557 2.517178
3470 3.709490 1.591577
3480 3.738466 1.753258
3490 3.760945 2.145429
3500 3.787062 1.489328
3510 3.806484 -1.136208
3520 3.807060 2.060393
3530 3.799384 2.026430
3540 3.805810 2.320185
3550 3.819002 1.949216
3560 3.821665 3.432559
3570 3.814881 3.038907
3580 3.807069 3.181351
3590 3.798772 3.642526
3600 3.794354 1.896653
3610 3.787668 3.160107
3620 3.783933 2.509274
3630 3.784383 2.800643
3640 3.782856 2.999175
3650 3.778641 2.579615
3660 3.776651 3.337927
3670 3.788893 2.205656
3680 3.787662 1.864674
3690 3.781351 2.684670
3700 3.773431 1.571053
3710 3.766624 2.762194
3720 3.758011 3.084903
3730 3.750475 3.403900
3740 3.744950 1.186055
3750 3.735790 3.428565
3760 3.748563 1.578218
3770 3.751633 3.523645
3780 3.745930 4.736298
3790 3.739887 1.780165
3800 3.732230 4.657542
3810 3.724049 5.791256
3820 3.722636 1.584735
3830 3.714446 2.936283
3840 3.713494 1.560909
3850 3.711969 2.480349
3860 3.707381 1.898426
3870 3.708487 1.947851
3880 3.709260 1.629208
3890 3.706000 2.923020
3900 3.711529 3.108685
3910 3.734914 3.046812
3920 3.749216 2.003655
3930 3.749420 2.627279
3940 3.744948 2.628070
3950 3.739856 2.418703
3960 3.738389 3.202531
3970 3.731220 5.322802
3980 3.724270 2.586652
3990 3.736030 0.501288
4000 3.756949 3.344302
4010 3.774324 3.086419
4020 3.780507 2.963634
4030 3.777410 1.394618
4040 3.771797 3.447278
4050 3.777422 0.916673
4060 3.780089 3.364067
4070 3.797775 4.425319
4080 3.814230 3.310862
4090 3.825935 0.297616
4100 3.818679 2.820544
4110 3.819126 2.914062
4120 3.815941 0.227094
4130 3.811083 2.481399
4140 3.806177 2.192678
4150 3.798233 1.763540
4160 3.791137 3.608583
4170 3.784912 2.259525
4180 3.797677 2.193829
4190 3.819755 3.773006
4200 3.842483 2.819871
4210 3.857218 2.438184
4220 3.877216 1.549273
4230 3.894075 3.674644
4240 3.897897 2.801692
4250 3.892192 2.059287
4260 3.891311 2.892251
4270 3.889094 2.851769
4280 3.896056 3.446412
4290 3.889594 1.965614
4300 3.887246 1.686098
4310 3.885221 4.436165
4320 3.894456 3.639022
4330 3.896810 3.334634
4340 3.896128 3.286099
4350 3.891145 3.412850
4360 3.886601 2.928988
4370 3.879184 2.620858
4380 3.870892 4.881713
4390 3.874855 2.131024
4400 3.873388 2.937609
4410 3.866950 3.539905
4420 3.866982 2.494377
4430 3.861500 2.186923
4440 3.860348 2.701389
4450 3.857257 2.249817
4460 3.853654 2.979368
4470 3.847840 4.995758
4480 3.841805 3.076524
4490 3.841067 0.411717
4500 3.838561 4.171219
4510 3.852314 2.258486
4520 3.871672 2.804838
4530 3.899471 1.820905
4540 3.917489 3.010113
4550 3.930775 1.734059
4560 3.930489 3.190223
4570 3.929416 2.600547
4580 3.929533 0.200486
4590 3.924160 2.145845
4600 3.925101 2.768001
4610 3.919601 2.989857
4620 3.916865 1.997259
4630 3.920792 2.135837
4640 3.931292 1.896964
4650 3.928783 2.782676
4660 3.923779 3.191057
4670 3.918290 1.591582
4680 3.914849 3.107427
4690 3.910437 3.001795
4700 3.904149 4.915410
4710 3.900174 3.650718
4720 3.896906 1.036113
4730 3.900991 3.050719
4740 3.920324 2.362218
4750 3.941987 2.309490
4760 3.950740 2.072591
4770 3.956796 2.911382
4780 3.978280 2.973891
4790 3.987367 3.451924
4800 3.995446 0.481282
4810 4.010347 1.870238
4820 4.014775 2.622348
4830 4.027064 2.240812
4840 4.029915 1.664892
4850 4.025735 1.932253
4860 4.018806 2.283532
4870 4.011542 2.238696
4880 4.010362 2.098997
4890 4.004218 5.231797
4900 4.009681 1.120688
4910 4.013702 3.262650
4920 4.020225 1.759772
4930 4.013689 1.817755
4940 4.006961 3.545115
4950 4.001589 1.991566
4960 3.998863 3.031643
4970 3.998333 1.659570
4980 3.997914 1.845000
4990 3.990896 1.067465
5000 3.984074 3.342335
5010 3.978621 3.151094
5020 3.975276 3.741437
5030 3.989246 3.704043
5040 3.997718 2.286490
5050 4.008337 3.596982
5060 4.032864 2.713714
5070 4.083636 3.459375
5080 4.136156 3.025343
5090 4.190217 2.193433
5100 4.250926 3.160752
5110 4.322302 0.577136
5120 4.376366 3.105107
5130 4.417767 4.043562
5140 4.466236 1.767481
5150 4.520075 1.539494
5160 4.549599 2.148756
5170 4.577081 0.374836
5180 4.584267 1.602636
5190 4.577104 3.828877
5200 4.570954 3.595082
5210 4.568762 1.279818
5220 4.560569 3.750019
5230 4.556628 2.466317
5240 4.553660 2.498917
5250 4.551775 2.458482
5260 4.557898 2.064689
5270 4.560559 3.234263
5280 4.559243 3.574574
5290 4.558096 4.094079
5300 4.550880 3.203218
5310 4.548241 2.556956
5320 4.546070 2.499684
5330 4.557456 1.329428
5340 4.557274 1.573827
5350 4.551928 3.240678
5360 4.544925 3.312185
5370 4.540519 3.921694
5380 4.535650 3.666740
5390 4.529770 3.139280
5400 4.527101 1.817612
5410 4.523192 4.520066
5420 4.518503 2.609676
5430 4.520327 3.412812
5440 4.531323 2.921734
5450 4.544872 1.856885
5460 4.555831 3.464827
5470 4.553887 1.747538
5480 4.549448 4.521275
5490 4.545059 1.147110
5500 4.542375 2.584948
5510 4.535799 3.228930
5520 4.528147 6.832593
5530 4.521760 2.355754
5540 4.517483 3.139010
5550 4.523117 1.831262
5560 4.518585 3.105431
5570 4.512798 3.851241
5580 4.508243 4.181541
5590 4.502161 3.038031
5600 4.502761 3.759692
5610 4.497292 3.029918
5620 4.491877 1.802905
5630 4.484370 5.975757
5640 4.485549 3.511692
5650 4.482684 4.574212
5660 4.476854 3.101825
5670 4.470709 3.050917
5680 4.468594 1.034106
5690 4.469231 2.940495
5700 4.468206 4.414053
5710 4.473561 2.096205
5720 4.475241 3.837669
5730 4.482714 2.060898
5740 4.482301 3.089513
5750 4.476057 3.826531
5760 4.475317 2.140751
5770 4.472421 3.546259
5780 4.467729 3.183257
5790 4.462337 2.939645
5800 4.458977 3.449415
5810 4.453956 3.240803
5820 4.449516 1.379569
5830 4.443161 1.722425
5840 4.437634 2.431527
5850 4.432420 3.640422
5860 4.429656 3.829591
5870 4.430550 3.778542
5880 4.426036 3.244080
5890 4.420860 1.777111
5900 4.414034 3.895379
5910 4.407962 3.318216
5920 4.409505 2.400832
5930 4.416276 4.017994
5940 4.412445 3.102807
5950 4.412547 1.969854
5960 4.407219 1.480543
5970 4.401709 3.405919
5980 4.396113 2.150533
5990 4.396322 3.048796
6000 4.390965 2.508168
6010 4.385293 2.230684
6020 4.379003 6.023786
6030 4.376631 2.386031
6040 4.371934 2.693138
6050 4.366904 1.171053
6060 4.360849 4.057655
6070 4.360131 2.932244
6080 4.364623 1.291622
6090 4.368757 2.319173
6100 4.371051 3.213951
6110 4.370840 2.577133
6120 4.365951 1.468196
6130 4.364022 3.442554
6140 4.362894 1.202239
6150 4.359520 3.494058
6160 4.352921 2.959277
6170 4.348219 3.335931
6180 4.348609 3.314597
6190 4.344412 4.796783
6200 4.340919 1.431360
6210 4.341812 1.483350
6220 4.350229 2.298808
6230 4.354534 2.284470
6240 4.358279 2.569850
6250 4.369609 2.617110
6260 4.370012 3.098467
6270 4.366916 4.399549
6280 4.366498 2.318161
6290 4.362138 3.259586
6300 4.360719 2.366179
6310 4.360514 2.081676
6320 4.354095 3.344663
6330 4.348835 4.095427
6340 4.352685 1.626520
6350 4.351169 1.790110
6360 4.345046 3.322795
6370 4.346876 1.541931
6380 4.352179 2.141568
6390 4.346061 3.652753
6400 4.342179 4.128196
6410 4.340784 3.079138
6420 4.335947 3.650918
6430 4.331490 3.154340
6440 4.327754 3.651021
6450 4.323911 3.488263
6460 4.318556 4.691710
6470 4.314275 2.881705
6480 4.310120 2.273121
6490 4.309131 5.802196
6500 4.329723 2.269301
6510 4.358728 2.880405
6520 4.385326 4.827712
6530 4.400822 3.702378
6540 4.403867 2.375128
6550 4.400467 3.285943
6560 4.396560 1.780156
6570 4.394876 0.326427
6580 4.390660 3.474945
6590 4.384622 3.857895
6600 4.384333 1.906390
6610 4.379019 3.322907
6620 4.374884 1.608918
6630 4.369982 2.350232
6640 4.368743 3.765806
6650 4.372544 1.202406
6660 4.374487 2.230641
6670 4.369863 1.915459
6680 4.367053 2.994627
6690 4.361965 3.499953
6700 4.356976 1.801998
6710 4.352029 3.643282
6720 4.348708 4.188519
6730 4.345359 3.232926
6740 4.342016 4.340631
6750 4.335877 4.893203
6760 4.335012 2.054980
6770 4.329471 3.695288
6780 4.324543 4.385748
6790 4.320368 3.108311
6800 4.314633 4.175511
6810 4.310610 3.879367
6820 4.307626 1.580506
6830 4.300704 8.457084
6840 4.298464 2.324269
6850 4.295222 1.416270
6860 4.291469 1.100331
6870 4.289501 3.061866
6880 4.285377 4.670958
6890 4.285484 1.930096
6900 4.283740 3.023200
6910 4.286644 2.794812
6920 4.281810 3.191088
6930 4.277528 1.984657
6940 4.270987 4.894416
6950 4.271269 2.963206
6960 4.272568 2.508097
6970 4.272833 3.468915
6980 4.267382 1.261451
6990 4.263448 2.487752
7000 4.264811 4.988284
7010 4.272160 4.112336
7020 4.283894 3.556858
7030 4.292632 2.428426
7040 4.301372 3.608122
7050 4.306095 3.485757
7060 4.320348 3.256016
7070 4.337259 0.400706
7080 4.346654 3.355544
7090 4.351000 3.392512
7100 4.357101 3.692483
7110 4.361752 1.389612
7120 4.357169 2.097035
7130 4.351865 5.445437
7140 4.348247 2.221006
7150 4.345672 4.625171
7160 4.347961 0.827783
7170 4.343624 2.305722
7180 4.338897 4.377390
7190 4.343122 1.780990
7200 4.344821 3.822280
7210 4.344447 2.390547
7220 4.339332 3.334081
7230 4.334951 3.096413
7240 4.337891 1.330594
7250 4.342655 1.366024
7260 4.338823 3.235376
7270 4.337780 2.343953
7280 4.338388 3.092492
7290 4.334922 3.125278
7300 4.333432 2.173038
7310 4.335640 1.458833
7320 4.334355 1.757991
7330 4.330052 3.332368
7340 4.327475 3.646655
7350 4.325470 2.618637
7360 4.321635 2.977310
7370 4.317534 3.661419
7380 4.315979 1.013988
7390 4.315269 2.352339
7400 4.310294 1.223918
7410 4.305267 2.736932
7420 4.300721 1.947746
7430 4.301987 1.432130
7440 4.304593 3.280359
7450 4.315733 1.925623
7460 4.324394 0.633059
7470 4.321533 2.166188
7480 4.316218 4.846693
7490 4.312928 2.384464
7500 4.308139 4.941997
7510 4.304517 3.869237
7520 4.300071 3.995607
7530 4.297095 4.555531
7540 4.292419 3.624887
7550 4.287998 2.072608
7560 4.284402 3.561137
7570 4.281221 5.325178
7580 4.278024 1.930399
7590 4.273665 2.899644
7600 4.271852 4.643410
7610 4.275983 3.642678
7620 4.277521 2.895671
7630 4.289414 3.594128
7640 4.305276 3.020116
7650 4.325915 3.257943
7660 4.350029 -0.057304
7670 4.369631 2.222641
7680 4.377604 3.362156
7690 4.380608 0.932696
7700 4.380720 2.030484
7710 4.387643 3.195868
7720 4.400110 2.988576
7730 4.419225 3.026577
7740 4.434870 2.894296
7750 4.444281 2.422504
7760 4.454159 3.125844
7770 4.470635 5.135985
7780 4.481653 1.784713
7790 4.485605 2.048807
7800 4.484864 3.050688
7810 4.482256 2.470673
7820 4.482406 2.141911
7830 4.486565 3.334325
7840 4.502751 0.653019
7850 4.510847 2.367993
7860 4.515997 2.042525
7870 4.520550 1.788087
7880 4.518908 6.442843
7890 4.515418 0.096381
7900 4.512659 3.176210
7910 4.513240 2.468881
7920 4.516688 3.379912
7930 4.519087 3.681785
7940 4.520573 3.179458
7950 4.516531 1.687599
7960 4.512303 3.296410
7970 4.507383 2.048749
7980 4.504913 2.909365
7990 4.501093 2.851833
8000 4.500352 4.903224
8010 4.501018 0.436727
8020 4.498846 2.314036
8030 4.499429 2.041942
8040 4.505199 1.769602
8050 4.504190 3.239629
8060 4.499587 4.467116
8070 4.495113 7.486054
8080 4.490777 4.390100
8090 4.486814 3.288447
8100 4.484037 1.612098
8110 4.481815 1.840811
8120 4.478813 3.827177
8130 4.475028 4.137883
8140 4.472037 2.415265
8150 4.476430 2.041985
8160 4.474937 2.235996
8170 4.475266 2.267830
8180 4.475358 3.214580
8190 4.471615 1.011345
8200 4.466797 5.382956
8210 4.462939 3.873011
8220 4.460378 3.621968
8230 4.458348 2.881077
8240 4.455332 2.329553
8250 4.455384 1.920855
8260 4.452420 2.894684
8270 4.449438 2.335825
8280 4.445428 2.430897
8290 4.441314 2.368145
8300 4.438256 2.522228
8310 4.434405 4.354955
8320 4.432465 3.505765
8330 4.437656 3.030129
8340 4.452722 3.318168
8350 4.469925 3.516660
8360 4.480480 3.246665
8370 4.489483 2.513862
8380 4.489796 3.075491
8390 4.486228 4.093822
8400 4.481892 2.383333
8410 4.479426 2.175778
8420 4.476103 3.298717
8430 4.471494 1.964639
8440 4.466865 4.340883
8450 4.463255 3.868081
8460 4.459095 2.516484
8470 4.454136 1.209370
8480 4.450881 2.133801
8490 4.446834 3.918496
8500 4.448099 2.294186
8510 4.447148 3.522578
8520 4.444300 3.778832
8530 4.441613 4.200531
8540 4.440066 3.622836
8550 4.437088 2.273015
8560 4.432793 3.458523
8570 4.428901 3.665811
8580 4.426581 3.764154
8590 4.425100 1.911506
8600 4.423690 4.061527
8610 4.420158 1.204535
8620 4.417436 4.040474
8630 4.414048 3.363791
8640 4.414981 1.671037
8650 4.410634 3.235040
8660 4.408316 3.726640
8670 4.405675 3.717597
8680 4.402469 1.560020
8690 4.400150 2.085680
8700 4.396278 2.421761
8710 4.394833 4.150252
8720 4.396599 3.372112
8730 4.393614 4.916359
8740 4.391746 2.202091
8750 4.388604 2.378060
8760 4.384731 1.530975
8770 4.380564 3.399425
8780 4.380298 1.738161
8790 4.375692 2.148385
8800 4.371821 1.374487
8810 4.370118 2.185565
8820 4.369752 3.807176
8830 4.367239 3.195316
8840 4.364171 4.464564
8850 4.361039 3.753660
8860 4.365301 4.128984
8870 4.378879 3.503856
8880 4.390604 4.406932
8890 4.399199 1.413252
8900 4.399973 4.052013
8910 4.397369 3.081232
8920 4.395275 2.322993
8930 4.392891 2.368100
8940 4.399313 2.077518
8950 4.404299 0.193765
8960 4.401200 5.987640
8970 4.402584 3.344093
8980 4.406035 4.558450
8990 4.404637 4.541235
9000 4.404249 2.104488
9010 4.404758 3.636240
9020 4.408402 2.601695
9030 4.411298 2.347771
9040 4.408003 3.308649
9050 4.407771 3.958219
9060 4.405421 2.158594
9070 4.406997 1.730902
9080 4.405704 3.269159
9090 4.407862 3.007137
9100 4.413408 2.008924
9110 4.412073 2.069655
9120 4.414004 2.503273
9130 4.410895 4.330597
9140 4.407097 1.974470
9150 4.402483 2.960242
9160 4.398795 3.097236
9170 4.394754 3.350575
9180 4.393664 3.234909
9190 4.392134 4.507136
9200 4.389475 4.070548
9210 4.385418 2.349004
9220 4.381473 2.522045
9230 4.377644 3.299149
9240 4.376196 2.041400
9250 4.373228 3.020784
9260 4.370656 2.117569
9270 4.371548 4.769470
9280 4.370364 3.056647
9290 4.368274 4.408454
9300 4.369582 0.747357
9310 4.373103 3.108616
9320 4.370552 2.091944
9330 4.368506 1.057779
9340 4.370843 1.676072
9350 4.370775 3.434068
9360 4.366713 1.354133
9370 4.366088 3.132391
9380 4.369027 0.990627
9390 4.366262 2.195085
9400 4.362773 3.306096
9410 4.361700 2.214479
9420 4.359497 4.663071
9430 4.356149 3.177142
9440 4.354000 1.751434
9450 4.351388 2.354588
9460 4.348915 2.990701
9470 4.350731 1.664240
9480 4.347660 3.572545
9490 4.346228 1.767045
9500 4.345770 1.056463
9510 4.356983 3.452953
9520 4.374907 3.158719
9530 4.389589 1.938942
9540 4.399526 2.592985
9550 4.410721 1.576713
9560 4.411016 2.340866
9570 4.408471 3.199457
9580 4.412469 1.993889
9590 4.414737 1.359436
9600 4.413425 1.534541
9610 4.409892 2.648789
9620 4.406961 3.560055
9630 4.402807 4.720547
9640 4.402769 2.225122
9650 4.404153 1.883362
9660 4.404404 4.253938
9670 4.400494 4.121346
9680 4.396774 3.973564
9690 4.395430 2.271836
9700 4.392530 2.500394
9710 4.390836 1.893404
9720 4.390725 3.916851
9730 4.388293 3.072141
9740 4.384855 2.109448
9750 4.381529 4.615689
9760 4.378810 2.876138
9770 4.376410 3.251907
9780 4.374743 2.860626
9790 4.371507 4.320263
9800 4.368580 2.977814
9810 4.365609 2.929609
9820 4.364912 3.848262
9830 4.362003 3.952004
9840 4.359344 2.504360
9850 4.355555 3.454547
9860 4.353206 0.923555
9870 4.350151 1.453848
9880 4.351210 1.355177
9890 4.351000 1.779567
9900 4.348306 2.459432
9910 4.344525 3.499665
9920 4.341891 3.211673
9930 4.346092 2.866403
9940 4.351428 3.095771
9950 4.361615 3.277682
9960 4.361419 3.658346
9970 4.358277 1.395369
9980 4.357118 1.939718
9990 4.353331 3.777391
10000 4.350577 0.429590
10010 4.347377 3.428195
10020 4.345496 2.345449
10030 4.342022 3.643000
10040 4.338475 3.270938
10050 4.337110 1.972101
10060 4.339761 3.489334
10070 4.343235 3.211583
10080 4.345152 3.734678
10090 4.345550 3.364875
10100 4.346641 2.167641
10110 4.354299 5.072686
10120 4.359991 3.751524
10130 4.367352 3.703079
10140 4.378697 2.131102
10150 4.389492 2.484164
10160 4.399029 2.203824
10170 4.397077 2.391380
10180 4.393941 4.900208
10190 4.390402 1.900659
10200 4.387006 3.241537
10210 4.383931 3.077170
10220 4.380816 3.869082
10230 4.377591 1.627200
10240 4.375989 2.394305
10250 4.375942 2.498357
10260 4.376507 1.414572
10270 4.377213 2.307492
10280 4.375963 2.109324
10290 4.376027 2.094759
10300 4.373289 3.358921
10310 4.371565 1.602816
10320 4.368750 3.825744
10330 4.367456 3.583531
10340 4.365206 2.239361
10350 4.361677 1.824086
10360 4.359205 3.368657
10370 4.355594 3.589142
10380 4.351458 3.608034
10390 4.348914 1.272632
10400 4.346129 3.229161
10410 4.342871 1.951620
10420 4.342167 3.133505
10430 4.340035 4.844764
10440 4.336481 4.987630
10450 4.334979 3.098924
10460 4.336120 1.332625
10470 4.333751 2.187000
10480 4.333408 2.221154
10490 4.330369 1.253154
10500 4.327571 2.449220
10510 4.324706 3.014109
10520 4.322044 3.607524
10530 4.322553 2.050844
10540 4.321292 1.970299
10550 4.322666 3.032732
10560 4.319803 2.107222
10570 4.317173 2.495643
10580 4.315248 3.807480
10590 4.312500 4.357230
10600 4.308967 3.728304
10610 4.306783 1.798309
10620 4.304789 2.432498
10630 4.304122 3.602405
10640 4.306220 3.331708
10650 4.309328 1.829411
10660 4.312137 4.169086
10670 4.318930 1.902589
10680 4.323469 1.640800
10690 4.325715 3.205567
10700 4.326798 0.841388
10710 4.323867 4.746048
10720 4.322659 2.388851
10730 4.322310 2.118506
10740 4.323567 3.621493
10750 4.327826 2.130502
10760 4.329957 2.925905
10770 4.337112 1.118568
10780 4.337584 2.289882
10790 4.336144 5.482412
10800 4.337327 2.242895
10810 4.336163 1.300242
10820 4.335609 4.136893
10830 4.333646 2.777383
10840 4.330964 4.403600
10850 4.327529 1.490371
10860 4.325212 3.505825
10870 4.322521 3.339371
10880 4.323513 0.708126
10890 4.322085 4.956344
10900 4.324253 2.586158
10910 4.322935 2.277393
10920 4.319776 3.281796
10930 4.317315 4.221823
10940 4.316334 0.653143
10950 4.314411 3.644191
10960 4.318340 2.541997
10970 4.328854 1.171754
10980 4.341571 1.977397
10990 4.348747 3.040489
11000 4.350357 2.773466
11010 4.349684 0.596528
11020 4.347999 2.827429
11030 4.347000 3.619993
11040 4.344243 6.098826
11050 4.343254 3.047168
11060 4.340397 1.274291
11070 4.338619 3.144346
11080 4.337403 1.649356
11090 4.335532 3.196655
11100 4.339275 3.408953
11110 4.336055 2.853558
11120 4.336122 3.481820
11130 4.335333 2.578724
11140 4.333658 3.068660
11150 4.331787 2.491286
11160 4.329631 2.250269
11170 4.326753 4.910852
11180 4.324245 3.209595
11190 4.321374 2.581379
11200 4.320666 3.303180
11210 4.322850 2.002380
11220 4.322314 2.493291
11230 4.319406 1.872496
11240 4.316744 2.494670
11250 4.314395 4.734227
11260 4.313722 2.129054
11270 4.312136 2.303046
11280 4.310305 2.433178
11290 4.308035 2.401785
11300 4.306731 1.515004
11310 4.309785 2.922084
11320 4.314468 2.043178
11330 4.313004 2.262110
11340 4.311352 3.660971
11350 4.309929 4.487713
11360 4.307764 2.122894
11370 4.305047 3.118258
11380 4.302498 2.402722
11390 4.299683 1.806430
11400 4.298630 3.362313
11410 4.296520 4.266848
11420 4.295582 2.129482
11430 4.293361 2.307968
11440 4.292175 3.125002
11450 4.295301 3.022737
11460 4.291781 2.519243
11470 4.290104 3.130663
11480 4.286993 5.347171
11490 4.286710 3.248187
11500 4.284141 3.625547
11510 4.281377 3.955872
11520 4.279180 2.514802
11530 4.276786 4.221180
11540 4.276745 0.564322
11550 4.276617 1.864877
11560 4.273713 2.492836
11570 4.271569 1.564574
11580 4.268266 3.855273
11590 4.265433 3.871191
11600 4.263524 3.963265
11610 4.260710 2.282565
11620 4.258107 3.196710
11630 4.257338 2.076419
11640 4.258004 2.305099
11650 4.259397 4.800039
11660 4.256890 2.419627
11670 4.254867 3.339722
11680 4.255281 2.112032
11690 4.256095 3.609321
11700 4.254947 2.994202
11710 4.252488 4.264351
11720 4.251796 3.130588
11730 4.257696 3.194559
11740 4.262989 3.553658
11750 4.265816 3.895543
11760 4.270401 2.887695
11770 4.273387 1.712449
11780 4.275707 1.875449
11790 4.278932 2.055506
11800 4.287095 2.901393
11810 4.300735 4.900777
11820 4.314759 -1.605464
11830 4.323594 3.950498
11840 4.335449 4.636407
11850 4.350691 3.922570
11860 4.363123 1.227281
11870 4.373480 4.487236
11880 4.385550 1.568706
11890 4.398495 4.001597
11900 4.408740 2.236241
11910 4.414348 2.265103
11920 4.422009 3.884005
11930 4.430914 3.303272
11940 4.440299 3.588688
11950 4.446637 1.650285
11960 4.445394 1.397325
11970 4.442307 2.964722
11980 4.438859 4.629729
11990 4.438682 2.211715
12000 4.437160 2.953811
12010 4.437467 2.228038
12020 4.437727 1.964707
12030 4.435252 3.069914
12040 4.434049 4.881090
12050 4.433334 1.222238
12060 4.433066 2.437333
12070 4.431566 2.468986
12080 4.432488 3.326531
12090 4.434720 2.372331
12100 4.434696 2.060501
12110 4.433303 3.276573
12120 4.430219 3.283450
12130 4.428013 3.269434
12140 4.424662 5.274038
12150 4.421474 4.671978
12160 4.418722 3.674014
12170 4.414779 5.458653
12180 4.412519 4.037422
12190 4.409228 4.916431
12200 4.407632 3.151959
12210 4.405050 2.160179
12220 4.402818 4.937131
12230 4.399688 3.228452
12240 4.397718 2.589530
12250 4.403578 2.522429
12260 4.411229 0.882819
12270 4.413762 3.161273
12280 4.413332 4.799295
12290 4.410789 0.834047
12300 4.408110 2.179949
12310 4.406889 1.280876
12320 4.404255 2.863093
12330 4.402566 3.662323
12340 4.399781 2.096609
12350 4.397592 3.043572
12360 4.394548 3.153248
12370 4.395217 3.640053
12380 4.396644 1.648142
12390 4.395895 2.191718
12400 4.393116 3.583500
12410 4.390396 3.689830
12420 4.387363 4.079462
12430 4.385571 4.252765
12440 4.382675 3.033462
12450 4.379508 2.193420
12460 4.377526 1.802803
12470 4.377281 4.604646
12480 4.377856 -0.032013
12490 4.376625 2.286031
12500 4.379757 2.696621
12510 4.381524 1.898694
12520 4.378745 4.775038
12530 4.376861 3.799102
12540 4.374836 3.735530
12550 4.375338 3.599619
12560 4.373832 3.584821
12570 4.374801 1.674899
12580 4.373250 3.571306
12590 4.370529 4.223830
12600 4.367829 3.956309
12610 4.365542 1.911744
12620 4.363828 1.547251
12630 4.362798 2.055328
12640 4.368199 3.085777
12650 4.370218 3.024694
12660 4.372747 2.191413
12670 4.372094 1.385682
12680 4.371880 1.684145
12690 4.369436 3.712784
12700 4.366305 3.431461
12710 4.363089 1.739786
12720 4.360570 3.802785
12730 4.358191 1.958009
12740 4.356716 4.228704
12750 4.357672 3.818176
12760 4.356882 3.305276
12770 4.354650 3.242912
12780 4.358351 0.783148
12790 4.357200 1.543886
12800 4.354638 2.881647
12810 4.351814 4.306869
12820 4.349696 4.313297
12830 4.348827 2.185861
12840 4.348653 3.341893
12850 4.351831 4.433882
12860 4.353189 3.045219
12870 4.353712 3.393222
12880 4.351807 2.312403
12890 4.353362 1.902050
12900 4.357256 2.562683
12910 4.356072 4.928505
12920 4.357274 3.129162
12930 4.357333 4.575644
12940 4.355599 4.543012
12950 4.358523 1.880512
12960 4.360250 2.374796
12970 4.357775 1.489509
12980 4.355240 1.062957
12990 4.352515 2.981571
13000 4.349641 3.604106
13010 4.347173 3.548806
13020 4.345532 3.929838
13030 4.343153 4.251677
13040 4.340558 1.718095
13050 4.338700 3.765055
13060 4.345631 3.475142
13070 4.358158 3.383400
13080 4.371152 1.140113
13090 4.379218 4.023306
13100 4.387458 1.667770
13110 4.392233 1.373555
13120 4.393512 3.086813
13130 4.392927 2.074539
13140 4.392487 2.220386
13150 4.389844 2.295482
13160 4.387038 2.455120
13170 4.387793 3.089100
13180 4.389979 3.629281
13190 4.391740 2.541714
13200 4.389933 1.758928
13210 4.388265 2.110266
13220 4.389432 2.496740
13230 4.388232 2.339929
13240 4.385955 2.589722
13250 4.384981 3.225454
13260 4.386003 3.151271
13270 4.390653 2.203764
13280 4.390452 5.801259
13290 4.391763 1.954514
13300 4.391363 2.427753
13310 4.391396 3.388273
13320 4.395207 2.035937
13330 4.400276 1.566032
13340 4.399480 2.178658
13350 4.400013 4.151786
13360 4.397685 1.884117
13370 4.395230 1.820504
13380 4.392599 4.015766
13390 4.389896 2.484067
13400 4.387538 2.629071
13410 4.387946 3.336601
13420 4.386768 2.543757
13430 4.384446 0.979640
13440 4.382253 1.659269
13450 4.381277 0.539695
13460 4.379438 1.323242
13470 4.376862 2.767627
13480 4.374203 0.288770
13490 4.374010 3.097453
13500 4.372060 2.391722
13510 4.373410 3.351151
13520 4.374132 3.491929
13530 4.372680 1.624903
13540 4.371314 2.093101
13550 4.370093 3.070533
13560 4.367774 3.166482
13570 4.367712 3.498741
13580 4.365461 1.788370
13590 4.364389 1.766626
13600 4.363988 3.152171
13610 4.365876 2.322851
13620 4.370840 2.960185
13630 4.371890 3.011464
13640 4.376576 0.623770
13650 4.375879 1.341570
13660 4.374227 4.072829
13670 4.371840 2.163142
13680 4.372564 4.347050
13690 4.375502 3.901826
13700 4.380147 3.526547
13710 4.384954 2.596590
13720 4.387001 3.508197
13730 4.384689 4.064965
13740 4.381943 4.093312
13750 4.380705 1.839534
13760 4.378615 2.286163
13770 4.377650 2.117435
13780 4.376904 1.761073
13790 4.374685 2.218901
13800 4.374468 2.429902
13810 4.372462 3.274377
13820 4.370602 3.514459
13830 4.369570 2.294774
13840 4.368002 3.431005
13850 4.366854 3.905550
13860 4.365513 3.160137
13870 4.368811 2.055934
13880 4.369862 -1.397422
13890 4.368354 2.154588
13900 4.366805 1.748081
13910 4.365670 1.488478
13920 4.364313 2.500179
13930 4.363178 1.961471
13940 4.365363 2.048663
13950 4.368145 2.410867
13960 4.366747 2.916230
13970 4.366061 2.358515
13980 4.364753 1.547843
13990 4.363492 1.212578
14000 4.361330 3.986674
14010 4.359542 4.036350
14020 4.356481 3.786342
14030 4.355755 3.361525
14040 4.360902 3.435288
14050 4.364692 2.850988
14060 4.369021 1.420836
14070 4.368440 4.384193
14080 4.367770 3.547940
14090 4.365916 4.136717
14100 4.363620 2.005394
14110 4.361039 4.290620
14120 4.361749 3.490020
14130 4.361816 2.319744
14140 4.363069 2.544114
14150 4.361364 2.277257
14160 4.359077 2.612200
14170 4.356670 2.866258
14180 4.354882 3.571133
14190 4.353284 4.091402
14200 4.355122 1.476238
14210 4.354593 2.625331
14220 4.354051 2.364227
14230 4.353311 2.155975
14240 4.352187 2.592670
14250 4.352944 1.093164
14260 4.353963 3.655912
14270 4.355729 4.343030
14280 4.355901 4.270308
14290 4.354981 2.212134
14300 4.352759 3.394334
14310 4.350469 5.494884
14320 4.348484 1.261179
14330 4.346385 3.112585
14340 4.343885 3.871725
14350 4.341411 4.207183
14360 4.342308 1.217689
14370 4.342520 1.471495
14380 4.340689 3.506732
14390 4.343418 2.823602
14400 4.344165 2.700528
14410 4.343148 3.295174
14420 4.342004 2.161057
14430 4.340030 2.956213
14440 4.338378 3.808582
14450 4.340617 2.992710
14460 4.341226 0.907256
14470 4.339207 1.807771
14480 4.337165 1.189352
14490 4.334433 2.239040
14500 4.331951 1.985699
14510 4.329761 2.857665
14520 4.328112 1.124363
14530 4.326115 4.422398
14540 4.323929 4.925493
14550 4.324433 1.056693
14560 4.323400 3.349758
14570 4.322749 2.952322
14580 4.324516 2.112605
14590 4.323728 1.559602
14600 4.321706 4.334230
14610 4.320150 3.895672
14620 4.318507 3.977944
14630 4.318814 1.848240
14640 4.321952 1.356544
14650 4.326012 3.614089
14660 4.325409 3.469720
14670 4.323578 5.077130
14680 4.322265 1.924335
14690 4.320108 4.351335
14700 4.317955 3.841985
14710 4.315957 1.465208
14720 4.314177 1.459325
14730 4.312050 4.540698
14740 4.309680 3.348136
14750 4.307135 3.992857
14760 4.304513 5.405061
14770 4.305963 2.861265
14780 4.306872 3.864056
14790 4.305155 3.268364
14800 4.305506 3.202204
14810 4.304525 1.199726
14820 4.301866 4.287283
14830 4.301218 3.715801
14840 4.306281 1.144111
14850 4.314643 2.292607
14860 4.323315 3.492955
14870 4.331621 3.656034
14880 4.340612 3.442723
14890 4.349382 4.006771
14900 4.364062 3.354429
14910 4.380087 1.482990
14920 4.391249 2.428010
14930 4.393675 3.265330
14940 4.391725 2.517247
14950 4.391110 2.205413
14960 4.390047 3.226861
14970 4.389043 3.168747
14980 4.388800 2.957079
14990 4.389951 2.136925
15000 4.391331 3.307665
15010 4.390603 3.300084
15020 4.390191 2.954215
15030 4.391451 4.214445
15040 4.393200 1.454151
15050 4.391912 2.960195
15060 4.390831 1.068634
15070 4.389599 3.337338
15080 4.387496 4.263840
15090 4.391574 2.827029
15100 4.395593 1.789420
15110 4.395927 4.065150
15120 4.393795 3.762869
15130 4.391236 3.846546
15140 4.388913 2.229018
15150 4.387127 2.629035
15160 4.387617 3.530106
15170 4.386665 2.391027
15180 4.384503 1.853283
15190 4.385177 3.951926
15200 4.385809 2.881150
15210 4.384553 3.958700
15220 4.382191 3.417905
15230 4.381780 2.382716
15240 4.379418 2.237660
15250 4.377065 3.473089
15260 4.374941 3.134879
15270 4.372708 3.624041
15280 4.371377 2.418224
15290 4.370123 2.182982
15300 4.367460 5.615623
15310 4.365418 1.611355
15320 4.363630 3.727118
15330 4.363080 0.309281
15340 4.361632 4.222123
15350 4.360648 3.170476
15360 4.361656 1.315939
15370 4.361439 3.323362
15380 4.359867 1.527562
15390 4.359278 3.331876
15400 4.356738 3.792413
15410 4.355376 1.278111
15420 4.354438 3.029752
15430 4.352412 3.006295
15440 4.350611 3.076374
15450 4.350587 0.691870
15460 4.350587 4.027146
15470 4.348758 1.645626
15480 4.349613 1.963870
15490 4.349881 1.899806
15500 4.351985 2.370982
15510 4.355278 1.044923
15520 4.354193 3.733850
15530 4.354936 3.127594
15540 4.353372 3.805660
15550 4.350948 4.085621
15560 4.349024 2.235742
15570 4.346393 5.466170
15580 4.344908 2.771699
15590 4.343353 1.507747
15600 4.341472 3.855219
15610 4.339361 4.889746
15620 4.337411 3.755031
15630 4.337043 1.878343
15640 4.339147 0.881967
15650 4.340897 1.952643
15660 4.341451 2.902058
15670 4.340810 2.497449
15680 4.338812 3.624670
15690 4.338009 3.346578
15700 4.338007 2.214375
15710 4.340335 2.895083
15720 4.338479 3.684839
15730 4.336852 3.313770
15740 4.339117 3.441446
15750 4.343048 4.966141
15760 4.343431 3.473530
15770 4.341628 1.216593
15780 4.343331 3.156428
15790 4.344645 3.639903
15800 4.343005 2.134140
15810 4.341128 2.157889
15820 4.339138 1.473698
15830 4.339379 2.344375
15840 4.343854 3.186353
15850 4.350314 1.759815
15860 4.353123 2.312258
15870 4.351644 4.055867
15880 4.350421 2.231463
15890 4.348022 4.781867
15900 4.345584 3.864305
15910 4.344799 1.970660
15920 4.342939 2.356367
15930 4.340779 6.633213
15940 4.341632 2.227217
15950 4.339890 4.067578
15960 4.339176 3.225649
15970 4.341034 2.916979
15980 4.339416 2.749554
15990 4.340497 3.142279
16000 4.340761 4.089405
16010 4.340067 3.867034
16020 4.339104 4.698874
16030 4.337245 2.915375
16040 4.335089 1.999499
16050 4.333276 1.256528
16060 4.334064 3.659459
16070 4.337599 2.994253
16080 4.344634 1.147449
16090 4.350451 3.340527
16100 4.357319 2.813100
16110 4.361914 4.113991
16120 4.361357 2.141573
16130 4.359301 3.867468
16140 4.358183 2.142418
16150 4.359337 2.235747
16160 4.363624 1.751553
16170 4.367112 3.322060
16180 4.367808 2.062212
16190 4.368526 2.086086
16200 4.367191 2.358722
16210 4.366084 3.888054
16220 4.364910 3.531318
16230 4.363165 4.382918
16240 4.361294 1.864268
16250 4.359269 3.520280
16260 4.356983 2.112838
16270 4.355269 3.469464
16280 4.357063 3.541794
16290 4.364509 4.098529
16300 4.372511 3.380560
16310 4.382581 3.220920
16320 4.389383 1.978395
16330 4.394024 3.601626
16340 4.401354 2.811901
16350 4.409412 3.084219
16360 4.415009 1.125202
16370 4.418132 3.541533
16380 4.419831 4.360790
16390 4.422323 1.130415
16400 4.421026 2.699274
16410 4.419641 3.000477
16420 4.418588 2.340796
16430 4.419476 1.643888
16440 4.418324 2.816938
16450 4.416386 2.127080
16460 4.416659 1.799782
16470 4.417230 2.295913
16480 4.416113 2.116495
16490 4.413991 3.624897
16500 4.412751 2.626371
16510 4.410180 4.668175
16520 4.408250 4.880060
16530 4.405924 3.076028
16540 4.406017 4.876750
16550 4.404926 1.967156
16560 4.402489 3.800327
16570 4.400876 2.253001
16580 4.398485 1.145633
16590 4.396894 1.362887
16600 4.395863 0.878230
16610 4.394616 4.108016
16620 4.393085 3.173825
16630 4.393108 2.497362
16640 4.391638 2.978798
16650 4.390988 1.269461
16660 4.389229 3.254578
16670 4.394881 1.889916
16680 4.403869 1.920421
16690 4.409447 3.377247
16700 4.409680 3.404179
16710 4.408334 1.727113
16720 4.407202 3.205296
16730 4.408495 1.482295
16740 4.406528 2.559760
16750 4.406827 2.483156
16760 4.412672 1.865651
16770 4.418782 3.735093
16780 4.423190 2.899369
16790 4.422584 3.187084
16800 4.420928 2.998730
16810 4.419832 3.792382
16820 4.418125 2.571742
16830 4.416364 3.133718
16840 4.415332 3.794328
16850 4.413659 2.986432
16860 4.414176 3.375459
16870 4.412910 2.460835
16880 4.412439 2.453543
16890 4.410625 4.096412
16900 4.409623 0.068910
16910 4.407754 3.112852
16920 4.407240 5.627584
16930 4.405945 3.079379
16940 4.403906 3.572367
16950 4.402235 1.877244
16960 4.400915 4.166355
16970 4.399734 3.531329
16980 4.397305 7.017803
16990 4.395531 2.278578
17000 4.394978 2.268547
17010 4.399435 2.952322
17020 4.402992 1.453381
17030 4.402441 2.833402
17040 4.401383 2.939605
17050 4.399261 6.143792
17060 4.398616 2.899917
17070 4.397475 3.429204
17080 4.398967 3.954935
17090 4.401879 2.968932
17100 4.404272 2.125345
17110 4.403042 3.071239
17120 4.404957 1.770235
17130 4.406888 4.136717
17140 4.406226 4.049368
17150 4.405179 2.504400
17160 4.404649 3.107931
17170 4.408287 2.420809
17180 4.412268 2.104849
17190 4.416796 3.819990
17200 4.419778 1.218836
17210 4.419705 2.252395
17220 4.417880 5.035773
17230 4.416397 3.226598
17240 4.416248 3.331202
17250 4.415886 2.086597
17260 4.414629 1.490349
17270 4.412478 2.470375
17280 4.411085 2.418500
17290 4.409442 2.463525
17300 4.407179 4.390118
17310 4.406138 2.029439
17320 4.404778 3.138545
17330 4.403335 2.190816
17340 4.402162 2.515603
17350 4.400511 4.612285
17360 4.399731 2.298280
17370 4.398418 3.412191
17380 4.396982 2.104326
17390 4.394947 3.335306
17400 4.394042 2.521389
17410 4.395439 1.223254
17420 4.394628 2.867856
17430 4.394136 3.199605
17440 4.396054 2.523462
17450 4.395287 4.328617
17460 4.393326 2.579863
17470 4.391049 3.585056
17480 4.390474 1.452546
17490 4.390689 1.059465
17500 4.388776 2.984349
17510 4.388296 1.026494
17520 4.388709 2.198240
17530 4.388541 1.987842
17540 4.386643 3.851290
17550 4.385552 3.472849
17560 4.387988 0.845268
17570 4.390146 3.476945
17580 4.395885 1.735849
17590 4.401863 2.029208
17600 4.404810 3.279777
17610 4.406054 2.873757
17620 4.404176 3.923037
17630 4.403643 1.407802
17640 4.405650 3.300241
17650 4.407752 3.214181
17660 4.408815 2.393818
17670 4.407148 5.286928
17680 4.406559 3.766289
17690 4.407586 2.089384
17700 4.407025 4.003417
17710 4.406954 3.127231
17720 4.406458 1.945299
17730 4.405655 1.412689
17740 4.403670 1.979151
17750 4.401581 4.679962
17760 4.401770 3.559719
17770 4.401518 2.167015
17780 4.399301 3.772881
17790 4.399072 3.302804
17800 4.397928 3.426616
17810 4.396802 3.090506
17820 4.397346 2.512563
17830 4.396588 1.557498
17840 4.396927 1.680279
17850 4.395077 3.277334
17860 4.394160 1.992353
17870 4.392301 2.239606
17880 4.391545 3.152676
17890 4.390300 2.922852
17900 4.393538 2.856012
17910 4.401393 3.132799
17920 4.414550 7.076806
17930 4.428897 2.349634
17940 4.440994 4.013033
17950 4.449910 1.361546
17960 4.451246 3.181253
17970 4.452067 3.475192
17980 4.451028 3.851431
17990 4.449373 1.985698
18000 4.447929 1.739011
18010 4.446105 3.759042
18020 4.444068 2.068333
18030 4.442691 3.923289
18040 4.441457 4.456340
18050 4.439880 4.490648
18060 4.438998 3.725694
18070 4.438954 3.195577
18080 4.437038 3.440072
18090 4.436315 3.786398
18100 4.435446 2.600190
18110 4.433571 2.403936
18120 4.431592 2.611238
18130 4.429701 4.641975
18140 4.428275 2.992380
18150 4.430352 3.219352
18160 4.430535 3.170048
18170 4.430539 2.306419
18180 4.429779 4.137771
18190 4.428809 2.505597
18200 4.427235 3.160305
18210 4.425473 4.354435
18220 4.423473 2.423100
18230 4.422058 3.128643
18240 4.423668 2.098859
18250 4.425250 4.016677
18260 4.423288 3.079370
18270 4.421956 4.356143
18280 4.420436 2.837762
18290 4.418357 4.928123
18300 4.416494 3.816685
18310 4.415495 4.614816
18320 4.414751 2.629880
18330 4.414633 3.903417
18340 4.415383 3.279378
18350 4.414665 3.209521
18360 4.412802 3.504409
18370 4.411233 2.542741
18380 4.409230 1.292581
18390 4.406955 3.987191
18400 4.405638 3.786783
18410 4.403766 2.455782
18420 4.401455 3.951763
18430 4.399749 2.085127
18440 4.398222 0.935475
18450 4.396229 3.671417
18460 4.394558 3.755829
18470 4.396522 3.415844
18480 4.397652 -0.038946
18490 4.396671 2.464049
18500 4.395135 3.538712
18510 4.393614 3.025191
18520 4.392277 2.188217
18530 4.390555 5.102765
18540 4.391061 2.558217
18550 4.390936 0.754207
18560 4.389406 2.228551
18570 4.387261 2.152245
18580 4.385503 2.197443
18590 4.383991 1.841897
18600 4.382690 1.893236
18610 4.380466 6.504761
18620 4.378337 3.771257
18630 4.377909 3.296128
18640 4.381782 2.776031
18650 4.387185 3.461478
18660 4.390899 1.414801
18670 4.392236 4.117207
18680 4.391330 4.446902
18690 4.389594 4.334152
18700 4.387937 3.035945
18710 4.387310 3.431335
18720 4.388812 5.139161
18730 4.387767 1.856235
18740 4.385735 3.500976
18750 4.385250 1.997800
18760 4.384649 3.379254
18770 4.383179 4.314161
18780 4.381669 3.034076
18790 4.381627 3.404322
18800 4.381434 0.854663
18810 4.381303 1.604400
18820 4.383876 1.154850
18830 4.384935 2.030208
18840 4.383262 3.860549
18850 4.382254 3.045383
18860 4.380264 4.383695
18870 4.378541 3.710233
18880 4.376610 2.075467
18890 4.374833 2.594297
18900 4.373378 2.036598
18910 4.371700 2.158239
18920 4.370045 2.511004
18930 4.368352 2.304544
18940 4.366728 5.200126
18950 4.366714 2.231713
18960 4.365082 4.052030
18970 4.363597 2.771091
18980 4.362168 2.131791
18990 4.360333 3.146236
19000 4.360745 3.418962
19010 4.358849 4.425462
19020 4.358002 3.039260
19030 4.356785 2.908937
19040 4.355608 2.250045
19050 4.353573 4.770139
19060 4.351953 2.016117
19070 4.350422 3.204776
19080 4.350630 2.424761
19090 4.348899 3.255822
19100 4.346952 3.112848
19110 4.346822 3.582891
19120 4.346656 2.172086
19130 4.346819 3.465029
19140 4.349575 2.514285
19150 4.349721 1.544641
19160 4.349537 1.151400
19170 4.349291 3.752999
19180 4.347735 2.417319
19190 4.345501 4.666052
19200 4.345570 3.378145
19210 4.344601 2.629146
19220 4.343035 3.901284
19230 4.343725 4.178520
19240 4.343688 1.732155
19250 4.341929 2.417187
19260 4.341777 1.879352
19270 4.342811 1.883514
19280 4.342959 4.385128
19290 4.341389 2.079199
19300 4.339827 2.203661
19310 4.338217 4.072834
19320 4.336478 3.665180
19330 4.334946 4.547807
19340 4.334427 0.812014
19350 4.334942 3.698729
19360 4.336457 3.053466
19370 4.336107 3.956836
19380 4.334853 2.020048
19390 4.335452 0.869036
19400 4.336210 2.964981
19410 4.337763 0.773705
19420 4.335879 3.494573
19430 4.334347 4.291797
19440 4.333417 3.048411
19450 4.334120 1.137023
19460 4.332194 2.834827
19470 4.330320 3.160716
19480 4.329371 2.033109
19490 4.327233 5.343844
19500 4.325771 3.755294
19510 4.324857 1.858981
19520 4.323691 3.211297
19530 4.323530 1.706721
19540 4.321970 3.909443
19550 4.320828 2.884230
19560 4.321143 0.592034
19570 4.323041 2.991701
19580 4.324856 3.011661
19590 4.326957 3.163061
19600 4.328381 0.654534
19610 4.327812 3.776793
19620 4.327714 3.439516
19630 4.327882 1.832051
19640 4.326180 2.236993
19650 4.325325 2.863606
19660 4.327292 3.160190
19670 4.330212 0.702189
19680 4.331187 1.416720
19690 4.330341 4.626502
19700 4.328640 3.720460
19710 4.328255 3.319947
19720 4.326841 5.331374
19730 4.326590 1.075289
19740 4.327083 4.403590
19750 4.329362 1.632059
19760 4.328325 2.239159
19770 4.326767 3.093603
19780 4.326167 3.097845
19790 4.324845 3.149971
19800 4.323555 0.881525
19810 4.321835 2.026562
19820 4.320290 2.326008
19830 4.318734 1.208887
19840 4.317581 2.525889
19850 4.316763 2.388714
19860 4.314756 3.279946
19870 4.313293 3.753743
19880 4.311587 5.381085
19890 4.309790 3.573871
19900 4.310003 0.884297
19910 4.308274 1.382188
19920 4.306491 4.462951
19930 4.305876 1.511604
19940 4.304398 2.355904
19950 4.302425 5.118484
19960 4.301187 2.945653
19970 4.299548 1.037760
19980 4.297797 2.969633
19990 4.296247 1.185748
20000 4.294789 1.931502
20010 4.293506 1.176513
20020 4.291927 4.136990
20030 4.290978 2.212987
20040 4.289752 2.367578
20050 4.289268 1.306102
20060 4.288609 3.174615
20070 4.287134 5.047134
20080 4.285550 2.045827
20090 4.283926 4.238370
20100 4.283005 3.065587
20110 4.281741 2.142090
20120 4.279787 2.036552
20130 4.278127 2.205758
20140 4.276372 0.357120
20150 4.275474 1.697209
20160 4.273626 4.079435
20170 4.273103 2.994066
20180 4.271409 5.405786
20190 4.269994 2.990307
20200 4.268634 3.699442
20210 4.267782 4.043744
20220 4.266671 2.965230
20230 4.266842 2.316370
20240 4.265761 2.901429
20250 4.265519 2.219389
20260 4.263502 4.789586
20270 4.262197 0.909397
20280 4.260598 2.179020
20290 4.261832 0.508297
20300 4.261415 2.374888
20310 4.259723 3.385729
20320 4.258976 3.257401
20330 4.260087 2.288053
20340 4.260445 3.247568
20350 4.259133 2.350764
20360 4.258058 1.969801
20370 4.256541 3.252106
20380 4.255960 4.319745
20390 4.256114 4.204700
20400 4.254810 3.040332
20410 4.254112 2.940480
20420 4.253833 2.271701
20430 4.252613 2.349108
20440 4.250845 4.777767
20450 4.249552 5.270095
20460 4.247511 4.026472
20470 4.246934 0.761094
20480 4.245921 1.618282
20490 4.245990 1.863355
20500 4.245288 2.000252
20510 4.246700 2.062551
20520 4.247208 3.177258
20530 4.247304 3.854018
20540 4.246235 2.160228
20550 4.246119 1.837126
20560 4.245070 4.181812
20570 4.243898 4.302857
20580 4.243007 3.035106
20590 4.241309 4.385094
20600 4.240407 5.668089
20610 4.240918 1.404381
20620 4.239797 2.744060
20630 4.238566 4.082892
20640 4.237321 5.044966
20650 4.237011 1.687553
20660 4.235925 2.270124
20670 4.234712 2.888000
20680 4.233899 2.455552
20690 4.232252 2.521253
20700 4.231165 2.062508
20710 4.230053 1.968365
20720 4.229553 3.169245
20730 4.228755 3.668915
20740 4.227089 4.079102
20750 4.226072 3.212370
20760 4.226522 3.835257
20770 4.227600 1.805288
20780 4.228088 2.345697
20790 4.229692 3.294700
20800 4.228615 3.670197
20810 4.227958 2.825257
20820 4.226668 2.651731
20830 4.225158 3.299773
20840 4.224573 1.239325
20850 4.223928 3.155567
20860 4.223331 6.608092
20870 4.222229 3.758613
20880 4.221061 3.901905
20890 4.219269 3.233489
20900 4.217897 3.492206
20910 4.218504 3.379421
20920 4.220517 2.683248
20930 4.224123 3.259798
20940 4.226454 3.282110
20950 4.228333 1.162664
20960 4.229049 3.451594
20970 4.228051 3.309311
20980 4.226441 2.072282
20990 4.224799 4.426645
21000 4.223380 2.037977
21010 4.223276 3.245563
21020 4.223158 3.060655
21030 4.222091 3.344593
21040 4.221009 2.886050
21050 4.220147 3.150200
21060 4.220344 4.423491
21070 4.219974 2.402723
21080 4.219640 7.570948
21090 4.219322 2.016280
21100 4.218279 3.288916
21110 4.216906 2.157940
21120 4.216263 4.123502
21130 4.216737 3.078113
21140 4.216311 3.648596
21150 4.214792 3.973075
21160 4.214630 2.725239
21170 4.213906 3.927470
21180 4.214186 2.001761
21190 4.213154 2.797028
21200 4.212451 3.316803
21210 4.210945 3.092222
21220 4.210049 1.558313
21230 4.210483 3.497448
21240 4.210887 1.304032
21250 4.209698 3.373083
21260 4.208516 1.020140
21270 4.206977 6.294493
21280 4.205791 2.031809
21290 4.206237 1.667650
21300 4.208073 1.780726
21310 4.207880 3.713403
21320 4.208019 2.441531
21330 4.207140 3.503715
21340 4.205830 3.717558
21350 4.204728 -0.100694
21360 4.204080 2.715678
21370 4.205409 2.583405
21380 4.204375 1.926859
21390 4.203146 4.046418
21400 4.202366 2.313961
21410 4.200800 4.559778
21420 4.199253 1.138721
21430 4.198245 1.490088
21440 4.198751 4.475979
21450 4.198289 3.362932
21460 4.197021 3.800528
21470 4.196355 2.364320
21480 4.195746 2.483009
21490 4.194331 4.561681
21500 4.194326 4.085522
21510 4.192802 3.956625
21520 4.191833 1.487622
21530 4.190059 3.351435
21540 4.188698 3.620082
21550 4.187585 5.544195
21560 4.187898 2.760918
21570 4.186358 3.166131
21580 4.186070 1.486944
21590 4.184517 2.466620
21600 4.183397 3.127545
21610 4.182464 2.268397
21620 4.180933 3.868036
21630 4.179760 3.483843
21640 4.179702 3.256450
21650 4.180268 3.008486
21660 4.178891 3.334339
21670 4.177766 1.808617
21680 4.177555 0.177494
21690 4.176287 3.785271
21700 4.174903 2.111946
21710 4.173696 2.394930
21720 4.172317 2.515878
21730 4.170908 5.061074
21740 4.169347 1.394845
21750 4.169204 2.911836
21760 4.167680 2.028249
21770 4.167591 0.363423
21780 4.167311 6.348860
21790 4.166907 1.587027
21800 4.165821 3.576104
21810 4.165628 2.263516
21820 4.164618 2.072728
21830 4.164129 3.251044
21840 4.163352 1.511266
21850 4.162463 1.518189
21860 4.162211 2.166302
21870 4.161377 3.398938
21880 4.160220 3.441132
21890 4.158837 1.034184
21900 4.157438 2.351787
21910 4.155960 4.855606
21920 4.154426 3.255692
21930 4.153030 2.350406
21940 4.151543 2.205948
21950 4.150637 2.807125
21960 4.150457 2.157621
21970 4.152159 1.996543
21980 4.153520 2.163719
21990 4.151765 2.036339
22000 4.150316 4.795439
22010 4.149011 3.078701
22020 4.150303 2.922606
22030 4.152485 3.544979
22040 4.151360 1.512298
22050 4.152829 1.642330
22060 4.153228 1.845472
22070 4.153251 3.709579
22080 4.154974 3.418343
22090 4.157121 1.759101
22100 4.156318 3.636353
22110 4.155669 3.672331
22120 4.154295 3.157998
22130 4.154102 2.200951
22140 4.156656 3.232378
22150 4.156860 3.948569
22160 4.155503 2.701639
22170 4.154140 2.693692
22180 4.152999 1.806923
22190 4.151686 3.136106
22200 4.152179 1.749243
22210 4.152816 2.041140
22220 4.152267 5.395592
22230 4.151077 2.956992
22240 4.150211 1.170837
22250 4.148618 4.039394
22260 4.147574 3.348161
22270 4.146855 2.758456
22280 4.148837 3.660118
22290 4.149262 3.017654
22300 4.149473 1.669052
22310 4.148254 2.807833
22320 4.147360 4.067957
22330 4.146219 2.192088
22340 4.147125 2.333666
22350 4.147921 1.928326
22360 4.146129 1.976401
22370 4.144685 2.053208
22380 4.143959 2.135647
22390 4.143708 4.950111
22400 4.143088 3.524133
22410 4.143802 3.107072
22420 4.142526 4.357841
22430 4.141232 5.398004
22440 4.139731 4.412721
22450 4.141414 1.950279
22460 4.141316 2.243071
22470 4.140796 3.699932
22480 4.140507 3.422827
22490 4.139823 5.021559
22500 4.138715 3.556736
22510 4.137255 2.243909
22520 4.136249 3.361498
22530 4.135037 4.878543
22540 4.133911 3.809320
22550 4.132493 3.156726
22560 4.131155 4.276852
22570 4.130825 3.293532
22580 4.131588 3.459044
22590 4.131880 4.947640
22600 4.131969 2.088235
22610 4.131938 3.785657
22620 4.131823 1.347582
22630 4.132203 2.366159
22640 4.132097 1.993527
22650 4.132657 -0.623821
22660 4.131604 6.088024
22670 4.131118 3.392803
22680 4.130065 3.848625
22690 4.129267 3.042370
22700 4.128344 2.059111
22710 4.126680 7.264162
22720 4.125896 2.499492
22730 4.124829 2.117974
22740 4.123369 3.000285
22750 4.121888 1.743227
22760 4.120722 4.593640
22770 4.119217 3.126745
22780 4.118974 1.805795
22790 4.119436 2.067760
22800 4.117868 2.727020
22810 4.116638 3.549182
22820 4.115482 1.196835
22830 4.114911 2.123211
22840 4.113589 4.245984
22850 4.112259 4.909440
22860 4.110955 3.407830
22870 4.109782 1.976182
22880 4.108779 4.178653
22890 4.107758 1.541789
22900 4.107219 2.657117
22910 4.105975 4.221374
22920 4.107916 0.770768
22930 4.108325 2.166080
22940 4.106926 3.950071
22950 4.107362 1.112155
22960 4.106971 4.468256
22970 4.108183 1.700698
22980 4.108861 2.647694
22990 4.112709 2.807884
23000 4.116830 1.808517
23010 4.120825 2.626525
23020 4.125598 2.714534
23030 4.127281 0.782213
23040 4.127509 2.101758
23050 4.126715 4.777341
23060 4.125605 3.358527
23070 4.124808 1.501065
23080 4.123274 3.206982
23090 4.121684 4.532752
23100 4.120471 3.896098
23110 4.119207 4.305867
23120 4.118160 2.249440
23130 4.119710 2.337965
23140 4.120652 2.340698
23150 4.121967 1.469953
23160 4.120754 1.418107
23170 4.119455 1.467518
23180 4.118266 1.859728
23190 4.120244 0.577575
23200 4.120078 1.686763
23210 4.120197 3.029229
23220 4.122095 3.305486
23230 4.127550 2.906232
23240 4.136265 3.838596
23250 4.142427 2.048810
23260 4.148093 2.280091
23270 4.153388 2.429706
23280 4.155699 1.480083
23290 4.154408 4.549338
23300 4.153119 3.932214
23310 4.154225 1.648795
23320 4.154776 1.775303
23330 4.156909 2.316806
23340 4.157217 3.279016
23350 4.155844 3.257713
23360 4.155621 1.890752
23370 4.154364 2.229955
23380 4.154722 4.639292
23390 4.158778 3.243652
23400 4.162280 2.084680
23410 4.162518 5.025460
23420 4.161150 4.509975
23430 4.159898 1.743803
23440 4.158634 2.873136
23450 4.157191 2.026900
23460 4.156004 3.180339
23470 4.155177 1.110398
23480 4.154663 0.862807
23490 4.153647 2.040801
23500 4.152187 1.541429
23510 4.150811 2.069437
23520 4.149353 4.189400
23530 4.147985 2.901114
23540 4.147711 2.349747
23550 4.149295 3.038780
23560 4.150279 2.275993
23570 4.149816 2.799430
23580 4.149501 2.806247
23590 4.151068 3.083474
23600 4.150079 1.968760
23610 4.149046 3.914809
23620 4.147571 3.051835
23630 4.147362 1.553396
23640 4.146100 0.319970
23650 4.144811 3.007962
23660 4.143821 0.651036
23670 4.142326 4.292262
23680 4.143256 -0.195198
23690 4.143247 2.368893
23700 4.142345 4.786483
23710 4.145238 2.858761
23720 4.148495 3.266085
23730 4.149795 3.758025
23740 4.148932 1.973976
23750 4.147559 3.759703
23760 4.146338 4.348032
23770 4.145237 3.816473
23780 4.143889 3.288476
23790 4.143076 3.290220
23800 4.141853 3.027213
23810 4.140450 1.168310
23820 4.139490 1.980697
23830 4.138446 3.627819
23840 4.137717 2.369181
23850 4.137876 2.536825
23860 4.140298 2.515074
23870 4.144386 3.933426
23880 4.146649 2.667438
23890 4.145583 3.361102
23900 4.146883 1.463821
23910 4.149910 2.358826
23920 4.152048 0.724896
23930 4.150984 2.060219
23940 4.149400 3.694137
23950 4.148387 3.763311
23960 4.146873 3.289922
23970 4.147071 2.279606
23980 4.146351 1.637858
23990 4.145377 2.967039
24000 4.144465 2.318560
24010 4.143126 4.128218
24020 4.142964 2.908590
24030 4.142139 3.524840
24040 4.141611 4.134684
24050 4.141982 2.409608
24060 4.141382 3.167242
24070 4.139918 5.939774
24080 4.138849 1.934658
24090 4.138242 2.504835
24100 4.136833 2.282979
24110 4.135254 1.737623
24120 4.133696 5.198668
24130 4.132628 2.863703
24140 4.132247 3.471632
24150 4.131124 4.350006
24160 4.129980 2.994767
24170 4.128915 3.864211
24180 4.128394 2.488899
24190 4.127603 2.667224
24200 4.126666 2.475372
24210 4.126351 2.305470
24220 4.124900 2.548709
24230 4.123112 4.435418
24240 4.121869 2.168965
24250 4.120458 3.324343
24260 4.119158 2.157326
24270 4.118577 0.241454
24280 4.118780 4.251484
24290 4.120974 1.486078
24300 4.121036 3.101712
24310 4.123682 3.312751
24320 4.125351 1.981327
24330 4.129520 3.033168
24340 4.134814 2.094063
24350 4.135151 1.592579
24360 4.133486 4.401574
24370 4.132578 2.397915
24380 4.131632 2.847683
24390 4.130352 2.428370
24400 4.134125 4.326660
24410 4.137476 2.148478
24420 4.139730 0.988217
24430 4.139939 2.868380
24440 4.141774 1.317315
24450 4.140428 3.614121
24460 4.139576 1.709012
24470 4.139647 1.932780
24480 4.142148 2.727383
24490 4.144732 2.987929
24500 4.146298 1.384014
24510 4.145232 4.248852
24520 4.144065 3.567468
24530 4.142968 2.034455
24540 4.142954 1.196571
24550 4.142968 1.619021
24560 4.142957 1.868708
24570 4.142082 3.407082
24580 4.140804 3.964505
24590 4.139543 2.737200
24600 4.138069 3.905387
24610 4.136796 4.341567
24620 4.135017 5.290538
24630 4.133841 2.493658
24640 4.132309 6.835512
24650 4.131385 3.645405
24660 4.130862 0.652261
24670 4.129837 1.115341
24680 4.128590 4.937126
24690 4.128536 2.423806
24700 4.130202 0.252820
24710 4.130359 1.787996
24720 4.130961 4.788333
24730 4.130115 2.867801
24740 4.128566 3.662775
24750 4.127038 4.987107
24760 4.125591 2.245817
24770 4.124157 4.024763
24780 4.122970 3.255882
24790 4.123248 2.319401
24800 4.121978 1.169342
24810 4.120750 2.326147
24820 4.121885 2.177021
24830 4.123612 2.345259
24840 4.122492 2.992894
24850 4.122255 3.213532
24860 4.121483 3.629576
24870 4.121035 3.401334
24880 4.120488 1.141524
24890 4.120850 3.642540
24900 4.121367 1.879821
24910 4.120377 2.218499
24920 4.119384 2.363779
24930 4.118250 6.485112
24940 4.118221 3.079786
24950 4.121187 2.116967
24960 4.125520 2.715357
24970 4.128565 2.636946
24980 4.129356 2.987569
24990 4.128297 0.867125
25000 4.128156 2.040754
25010 4.129256 1.753879
25020 4.128259 3.102447
25030 4.127450 2.681115
25040 4.126330 4.951531
25050 4.126517 2.285363
25060 4.129700 1.498560
25070 4.130414 3.169575
25080 4.131812 1.864447
25090 4.131423 2.772714
25100 4.130257 3.162441
25110 4.129242 2.961043
25120 4.128201 3.535576
25130 4.127777 1.677997
25140 4.128240 1.732233
25150 4.128217 3.225476
25160 4.130151 1.603546
25170 4.129438 2.763452
25180 4.128719 1.740985
25190 4.128152 3.707186
25200 4.127382 1.071120
25210 4.127594 3.323764
25220 4.128320 2.422149
25230 4.128095 2.350185
25240 4.126536 5.110436
25250 4.125465 2.259297
25260 4.124905 1.862486
25270 4.126199 3.492810
25280 4.128040 2.254977
25290 4.126977 2.905520
25300 4.126079 3.306746
25310 4.125630 1.708674
25320 4.125045 3.448026
25330 4.123806 3.396782
25340 4.124837 2.060871
25350 4.125274 3.046075
25360 4.126284 2.215617
25370 4.129161 0.603955
25380 4.132434 1.794237
25390 4.135768 3.357935
25400 4.137094 0.705133
25410 4.137389 3.876899
25420 4.136087 5.048827
25430 4.134940 3.335781
25440 4.135149 3.247876
25450 4.134123 2.065355
25460 4.133342 2.172240
25470 4.132004 3.002560
25480 4.131516 3.407953
25490 4.130795 3.042234
25500 4.129958 1.753625
25510 4.128816 4.168371
25520 4.129559 0.619863
25530 4.129322 0.456560
25540 4.128630 1.764861
25550 4.128283 3.843439
25560 4.127569 1.200197
25570 4.127601 0.804824
25580 4.126850 2.378689
25590 4.126334 4.733785
25600 4.127337 2.132314
25610 4.126525 1.661507
25620 4.125628 3.030274
25630 4.124386 2.490932
25640 4.123264 2.310975
25650 4.122947 3.711003
25660 4.125493 1.807187
25670 4.128759 2.881651
25680 4.129109 2.588938
25690 4.128719 4.071055
25700 4.129020 3.229569
25710 4.128050 2.133815
25720 4.126745 3.118010
25730 4.126199 4.699191
25740 4.126436 3.127408
25750 4.125927 3.224856
25760 4.125997 3.292399
25770 4.124694 3.024944
25780 4.123569 3.194990
25790 4.122402 6.907956
25800 4.122605 3.179124
25810 4.121428 2.114606
25820 4.120402 1.242790
25830 4.121156 2.917155
25840 4.120651 1.943842
25850 4.119571 3.162061
25860 4.118677 2.152942
25870 4.118649 2.683623
25880 4.118192 3.144007
25890 4.118458 1.614273
25900 4.117772 2.116466
25910 4.117325 2.938915
25920 4.121212 2.020131
25930 4.126583 3.056599
25940 4.130959 3.984107
25950 4.133432 2.035980
25960 4.134797 1.948497
25970 4.134509 1.469893
25980 4.134219 1.239021
25990 4.133001 4.121100
26000 4.132259 2.192325
26010 4.131012 1.905861
26020 4.132613 2.898716
26030 4.132839 3.154389
26040 4.132759 5.347170
26050 4.131788 1.592512
26060 4.131332 1.648870
26070 4.130861 2.968060
26080 4.131920 0.985572
26090 4.130661 3.206102
26100 4.129775 4.299718
26110 4.130784 0.959354
26120 4.129989 1.337963
26130 4.130356 3.563487
26140 4.133333 3.475388
26150 4.135662 2.042957
26160 4.134596 2.705416
26170 4.134722 2.622207
26180 4.134852 2.222396
26190 4.133706 2.116808
26200 4.132872 4.385129
26210 4.132170 4.369175
26220 4.131593 4.678820
26230 4.130394 1.764882
26240 4.129500 2.164680
26250 4.128109 3.881750
26260 4.126711 4.944746
26270 4.126541 2.071600
26280 4.125164 6.009021
26290 4.124133 4.761668
26300 4.122686 4.253803
26310 4.122768 2.269313
26320 4.122790 5.793685
26330 4.123881 4.122350
26340 4.125314 1.510189
26350 4.125929 1.943008
26360 4.126994 0.771682
26370 4.126813 2.712008
26380 4.125786 3.416610
26390 4.124459 2.684786
26400 4.123186 3.552672
26410 4.122325 2.872391
26420 4.122130 3.964809
26430 4.122254 4.459185
26440 4.121249 1.992365
26450 4.119879 1.311923
26460 4.118802 1.737657
26470 4.117608 3.660451
26480 4.116759 1.813761
26490 4.115656 3.445256
26500 4.114621 2.976659
26510 4.113590 3.583941
26520 4.112758 1.449040
26530 4.112373 3.406466
26540 4.113295 0.933599
26550 4.114058 3.343126
26560 4.113327 3.150956
26570 4.112189 2.971166
26580 4.111147 1.802897
26590 4.109933 2.154793
26600 4.109024 0.258394
26610 4.107983 1.943258
26620 4.107354 1.958027
26630 4.105897 3.386782
26640 4.105996 2.480143
26650 4.105406 2.264662
26660 4.104128 3.636798
26670 4.103077 2.160694
26680 4.102176 3.421448
26690 4.101080 4.538241
26700 4.100131 3.179519
26710 4.099229 3.409375
26720 4.098187 2.765845
26730 4.097164 3.857828
26740 4.097041 4.236878
26750 4.098334 2.056988
26760 4.100143 1.494314
26770 4.098908 2.710589
26780 4.097827 2.694695
26790 4.098997 2.236037
26800 4.099152 2.236737
26810 4.098029 0.747604
26820 4.097540 1.886431
26830 4.098440 1.655612
26840 4.099801 1.731020
26850 4.099638 3.600415
26860 4.098719 3.332293
26870 4.097697 3.682454
26880 4.096008 5.499816
26890 4.095384 1.889950
26900 4.094406 1.934832
26910 4.093339 2.145177
26920 4.093236 1.831578
26930 4.092077 5.362750
26940 4.091606 1.747151
26950 4.092306 3.009524
26960 4.093450 2.384875
26970 4.092684 1.877878
26980 4.095271 2.828499
26990 4.096159 1.955846
27000 4.096531 2.898020
27010 4.095953 5.361259
27020 4.096049 1.920820
27030 4.094986 3.187198
27040 4.095869 0.369676
27050 4.096567 1.313092
27060 4.095777 4.277125
27070 4.096519 2.959347
27080 4.096950 3.947700
27090 4.097610 1.955054
27100 4.097634 2.795423
27110 4.097255 1.797309
27120 4.098164 1.477989
27130 4.098781 2.848600
27140 4.098922 3.713202
27150 4.098113 2.799021
27160 4.098701 3.055999
27170 4.097914 4.439926
27180 4.097437 2.903905
27190 4.096453 1.695503
27200 4.095627 3.453406
27210 4.095429 1.439285
27220 4.094196 3.696129
27230 4.093149 1.265978
27240 4.092748 2.965218
27250 4.093042 3.269845
27260 4.091993 2.977392
27270 4.091082 1.353120
27280 4.089617 5.986344
27290 4.088586 4.031105
27300 4.088432 2.087318
27310 4.088103 2.362402
27320 4.087370 3.940196
27330 4.086758 1.750948
27340 4.086583 2.704387
27350 4.086892 1.918434
27360 4.086416 2.733406
27370 4.085521 3.682468
27380 4.085040 2.206511
27390 4.085373 3.800946
27400 4.085855 2.278767
27410 4.084740 1.920802
27420 4.084241 2.032771
27430 4.083970 2.861723
27440 4.083484 3.407947
27450 4.082598 2.334451
27460 4.081178 4.200174
27470 4.079925 4.735264
27480 4.078536 3.945610
27490 4.078044 2.067787
27500 4.078644 1.434816
27510 4.079682 1.769381
27520 4.082322 1.364277
27530 4.082119 3.142410
27540 4.081835 3.001774
27550 4.081539 -1.882235
27560 4.080426 4.469364
27570 4.080369 3.745635
27580 4.080626 3.264470
27590 4.082273 1.708774
27600 4.081997 2.417846
27610 4.082119 1.712067
27620 4.085440 -1.406029
27630 4.086078 3.699545
27640 4.086244 1.535135
27650 4.085109 3.999010
27660 4.083806 4.792186
27670 4.083277 2.980154
27680 4.082172 3.189210
27690 4.081047 3.949418
27700 4.079990 2.031931
27710 4.078902 3.126432
27720 4.077653 2.696672
27730 4.076631 3.820961
27740 4.075444 1.613474
27750 4.074122 5.156727
27760 4.073101 1.858299
27770 4.072516 1.609214
27780 4.071464 1.357864
27790 4.070680 2.915214
27800 4.069966 4.090628
27810 4.071073 1.031630
27820 4.071388 1.963042
27830 4.072537 1.203556
27840 4.075395 2.588809
27850 4.079057 2.892943
27860 4.081875 3.906171
27870 4.085655 3.321885
27880 4.087902 1.977295
27890 4.090933 4.249001
27900 4.093453 2.023511
27910 4.095036 2.918943
27920 4.099853 2.089678
27930 4.102024 4.153620
27940 4.101231 1.688292
27950 4.101259 1.762276
27960 4.100803 2.758376
27970 4.100413 2.602178
27980 4.099840 2.110602
27990 4.099851 2.111317
28000 4.102285 1.297394
28010 4.103041 2.153264
28020 4.101861 3.366592
28030 4.101240 2.210156
28040 4.100182 1.840266
28050 4.099714 2.394013
28060 4.100092 2.032140
28070 4.099344 3.185283
28080 4.098785 2.740786
28090 4.097919 2.326650
28100 4.097428 2.718061
28110 4.098605 2.040801
28120 4.099573 1.255283
28130 4.098219 5.393861
28140 4.097323 2.431425
28150 4.095916 3.479113
28160 4.094732 2.457647
28170 4.093306 3.350557
28180 4.092818 4.931652
28190 4.092381 4.664751
28200 4.092036 1.224265
28210 4.091804 2.962606
28220 4.091009 3.221557
28230 4.090732 1.151523
28240 4.089565 1.642070
28250 4.088420 2.869990
28260 4.087535 3.391242
28270 4.087294 1.889402
28280 4.086300 3.658536
28290 4.086630 2.063571
28300 4.086924 3.002110
28310 4.086653 2.426279
28320 4.085582 2.043057
28330 4.084455 1.897834
28340 4.084059 2.957080
28350 4.083861 2.880346
28360 4.083068 2.468131
28370 4.082045 3.361114
28380 4.081087 2.314227
28390 4.079955 3.250349
28400 4.079352 3.338972
28410 4.079157 2.104938
28420 4.079502 3.228500
28430 4.079070 3.378236
28440 4.078982 3.509946
28450 4.079173 3.282594
28460 4.078837 3.327417
28470 4.078115 2.840108
28480 4.077128 3.093172
28490 4.077084 3.309987
28500 4.080800 2.301264
28510 4.085640 1.458400
28520 4.085757 3.389561
28530 4.086701 2.307933
28540 4.086888 2.477080
28550 4.086436 3.214027
28560 4.087154 2.149418
28570 4.087788 2.439974
28580 4.086645 6.039999
28590 4.085702 3.381827
28600 4.084490 5.151820
28610 4.083465 4.197398
28620 4.083744 2.758828
28630 4.085327 1.295539
28640 4.086963 2.088429
28650 4.090592 2.198342
28660 4.095543 3.160283
28670 4.101176 3.706229
28680 4.104014 0.837132
28690 4.105344 4.189279
28700 4.104810 2.086064
28710 4.103992 2.010661
28720 4.103108 3.744721
28730 4.102239 1.618494
28740 4.101072 2.930865
28750 4.099912 4.222966
28760 4.099696 2.446978
28770 4.100186 1.621322
28780 4.099904 3.592300
28790 4.100058 4.647488
28800 4.099570 3.085946
28810 4.099769 3.007845
28820 4.102204 0.853376
28830 4.102033 4.241833
28840 4.101918 0.687169
28850 4.101137 3.412122
28860 4.099882 2.695537
28870 4.099533 3.609332
28880 4.100108 3.953225
28890 4.100352 2.237167
28900 4.100560 3.886238
28910 4.100648 2.205668
28920 4.100171 2.776981
28930 4.100959 3.022056
28940 4.104373 2.203310
28950 4.104537 3.444575
28960 4.103379 3.988001
28970 4.102445 3.223708
28980 4.101773 3.429191
28990 4.100941 2.267053
29000 4.099716 3.991928
29010 4.098637 1.878850
29020 4.098135 1.895261
29030 4.097206 4.048155
29040 4.096591 4.069267
29050 4.097649 3.443025
29060 4.101769 1.987879
29070 4.105403 3.273787
29080 4.108046 1.558456
29090 4.108395 2.190717
29100 4.108088 4.652178
29110 4.107915 2.049755
29120 4.107057 2.112504
29130 4.106098 3.546472
29140 4.105365 2.193350
29150 4.104452 2.148001
29160 4.103363 3.034196
29170 4.102585 4.739037
29180 4.101735 3.556152
29190 4.101215 1.658586
29200 4.100578 1.598409
29210 4.099614 3.526579
29220 4.100980 3.464272
29230 4.101014 3.016862
29240 4.100818 2.848026
29250 4.100413 3.415708
29260 4.099676 3.459541
29270 4.098814 3.718571
29280 4.097863 1.398055
29290 4.096764 3.702557
29300 4.095601 4.554024
29310 4.095013 3.152734
29320 4.095288 2.333499
29330 4.097274 0.628481
29340 4.096064 1.858466
29350 4.094948 2.861212
29360 4.094263 2.346280
29370 4.094282 2.745082
29380 4.095537 1.048375
29390 4.094755 1.179874
29400 4.094117 5.524447
29410 4.093972 2.641446
29420 4.092828 3.400744
29430 4.091688 3.125340
29440 4.090969 4.129825
29450 4.091084 2.856446
29460 4.090206 2.446280
29470 4.089253 3.925296
29480 4.088994 3.693964
29490 4.088821 3.151858
29500 4.088282 2.869078
29510 4.087239 4.277176
29520 4.086380 1.926658
29530 4.085342 2.697152
29540 4.086390 3.581620
29550 4.089621 1.889018
29560 4.093740 2.275746
29570 4.097064 2.397633
29580 4.096929 2.953478
29590 4.096471 2.130821
29600 4.095433 3.973068
29610 4.095427 1.047235
29620 4.094414 3.366618
29630 4.093968 3.353411
29640 4.093038 2.954100
29650 4.092307 4.603964
29660 4.092394 1.466449
29670 4.091944 4.631951
29680 4.091176 1.613517
29690 4.089949 1.815896
29700 4.088844 1.490783
29710 4.087660 3.381264
29720 4.086961 1.631428
29730 4.085828 4.871422
29740 4.084929 1.849188
29750 4.084508 3.161852
29760 4.084427 3.116741
29770 4.084397 1.735148
29780 4.083844 1.409161
29790 4.083395 3.612312
29800 4.082661 3.444716
29810 4.081838 2.165961
29820 4.081162 2.482496
29830 4.080251 2.165055
29840 4.079671 2.334373
29850 4.082265 1.778430
29860 4.086604 0.489043
29870 4.090025 3.054095
29880 4.096793 4.539020
29890 4.106439 3.492524
29900 4.117411 1.016359
29910 4.127780 2.713074
29920 4.138873 0.259428
29930 4.148204 2.222471
29940 4.157213 3.164793
29950 4.165045 1.583077
29960 4.168945 0.484230
29970 4.172562 1.685494
29980 4.174706 1.782716
29990 4.174221 4.213410
30000 4.173455 2.128595
30010 4.173970 3.466926
30020 4.173861 2.119718
30030 4.172928 1.759979
30040 4.172138 0.125665
30050 4.171581 1.588106
30060 4.170712 3.741033
30070 4.169840 4.475694
30080 4.168938 3.780960
30090 4.168061 2.133025
30100 4.167501 5.017548
30110 4.166910 2.059126
30120 4.165942 2.253609
30130 4.164924 4.458414
30140 4.164332 3.441116
30150 4.163511 1.055392
30160 4.162407 4.349968
30170 4.162745 2.117686
30180 4.163841 2.752343
30190 4.166611 2.316907
30200 4.168364 0.909216
30210 4.167802 0.706920
30220 4.166724 2.578078
30230 4.165825 3.313402
30240 4.164873 2.315631
30250 4.164235 2.077960
30260 4.163610 2.094308
30270 4.162790 1.555726
30280 4.162583 2.237056
30290 4.162197 2.449467
30300 4.161112 3.460841
30310 4.160408 2.971144
30320 4.159532 3.650547
30330 4.159116 3.183664
30340 4.159011 2.346925
30350 4.157941 4.207275
30360 4.157226 2.255303
30370 4.156485 1.604631
30380 4.155627 3.449747
30390 4.154523 4.710786
30400 4.153704 2.781033
30410 4.152714 4.823649
30420 4.151615 3.289030
30430 4.150642 3.505494
30440 4.149998 1.857372
30450 4.149077 2.924457
30460 4.149481 1.354382
30470 4.148996 2.499715
30480 4.150321 0.234264
30490 4.149415 2.538111
30500 4.148729 2.401067
30510 4.148545 1.681641
30520 4.147301 6.920587
30530 4.146618 1.665858
30540 4.146181 -0.104447
30550 4.145372 3.878101
30560 4.144519 3.011580
30570 4.144317 1.126691
30580 4.143145 4.238058
30590 4.142198 2.225597
30600 4.141991 2.332218
30610 4.143204 2.730478
30620 4.142924 3.445395
30630 4.142405 1.995831
30640 4.141303 4.287243
30650 4.140387 2.189395
30660 4.139643 3.736421
30670 4.138838 1.967884
30680 4.137682 1.377397
30690 4.136894 4.146012
30700 4.136138 2.761747
30710 4.137297 2.300420
30720 4.138319 3.220540
30730 4.138345 3.001982
30740 4.137392 2.120673
30750 4.136766 3.312820
30760 4.136703 2.345105
30770 4.135608 2.988281
30780 4.134103 6.434939
30790 4.133763 2.379462
30800 4.134409 3.322614
30810 4.133401 3.716059
30820 4.132598 2.138525
30830 4.131749 3.775341
30840 4.130720 2.231327
30850 4.129729 2.384419
30860 4.128911 3.535139
30870 4.128071 3.862586
30880 4.127865 3.665134
30890 4.126929 3.759263
30900 4.126037 1.688612
30910 4.125341 1.737512
30920 4.124347 3.046253
30930 4.124112 3.818463
30940 4.123475 4.825363
30950 4.122961 4.479091
30960 4.122291 2.416340
30970 4.121355 2.311509
30980 4.120286 2.319797
30990 4.119229 3.345483
31000 4.118607 1.857369
31010 4.119124 3.507178
31020 4.118217 1.869828
31030 4.117093 3.111240
31040 4.116966 2.716502
31050 4.117174 2.880328
31060 4.116647 3.140909
31070 4.116942 2.434308
31080 4.116699 3.180864
31090 4.115746 3.024377
31100 4.116078 2.624397
31110 4.116529 3.777248
31120 4.115401 3.433277
31130 4.115635 2.072413
31140 4.117069 3.889551
31150 4.120387 2.334253
31160 4.121981 0.865054
31170 4.122197 3.026862
31180 4.123356 2.102574
31190 4.125531 3.060766
31200 4.128374 1.257912
31210 4.128026 2.406407
31220 4.127274 2.419595
31230 4.127230 2.183084
31240 4.126317 4.220359
31250 4.125244 3.456742
31260 4.124537 3.046092
31270 4.123645 1.467817
31280 4.122850 1.866602
31290 4.121902 3.445339
31300 4.121676 1.330226
31310 4.121124 2.770074
31320 4.120723 4.388053
31330 4.119769 2.255044
31340 4.118554 4.935882
31350 4.118319 3.703885
31360 4.117793 3.266660
31370 4.117747 2.463651
31380 4.117468 1.660833
31390 4.117237 0.682480
31400 4.116691 3.184684
31410 4.115886 2.921951
31420 4.115047 1.690884
31430 4.114075 3.233017
31440 4.113394 4.062763
31450 4.112283 3.779469
31460 4.111523 2.730995
31470 4.110558 1.216520
31480 4.109653 3.903304
31490 4.108530 4.804498
31500 4.107421 3.765345
31510 4.106932 2.100484
31520 4.106124 4.367288
31530 4.106335 1.952915
31540 4.105556 4.585471
31550 4.104748 1.967026
31560 4.103670 1.958213
31570 4.102973 4.110325
31580 4.103717 2.917456
31590 4.104057 1.067924
31600 4.104643 4.197059
31610 4.105627 2.701365
31620 4.106722 1.165687
31630 4.108101 3.567885
31640 4.110721 2.694973
31650 4.114876 1.800799
31660 4.116094 3.317369
31670 4.116232 2.731807
31680 4.115674 3.550551
31690 4.115552 4.019853
31700 4.114659 3.524355
31710 4.114134 1.913349
31720 4.113231 3.174870
31730 4.112413 2.186495
31740 4.111543 4.994666
31750 4.110794 3.664218
31760 4.109902 2.329578
31770 4.108834 3.156242
31780 4.107783 4.564373
31790 4.106909 1.326589
31800 4.106070 4.169477
31810 4.105575 2.740077
31820 4.104783 2.064834
31830 4.103991 2.138179
31840 4.103512 1.930999
31850 4.102780 3.077066
31860 4.102623 2.336166
31870 4.102086 2.217949
31880 4.100973 1.576287
31890 4.100050 2.103945
31900 4.099355 3.158746
31910 4.098591 2.283918
31920 4.097634 1.115469
31930 4.096493 5.037109
31940 4.096002 5.175084
31950 4.095243 3.775235
31960 4.094413 2.203583
31970 4.093470 2.234496
31980 4.092976 4.157400
31990 4.095000 2.296856
32000 4.098429 1.665779
32010 4.101992 2.800544
32020 4.105775 2.035402
32030 4.106553 1.207377
32040 4.106047 2.360321
32050 4.106293 2.101505
32060 4.105785 3.249743
32070 4.104843 3.829939
32080 4.104944 2.070958
32090 4.109261 0.458136
32100 4.113941 2.857678
32110 4.118033 3.117226
32120 4.120444 2.277364
32130 4.122188 3.523175
32140 4.123444 2.778910
32150 4.124736 1.041302
32160 4.124401 2.220490
32170 4.123870 1.811717
32180 4.122784 0.696982
32190 4.122976 1.368577
32200 4.125324 3.780240
32210 4.126826 2.341099
32220 4.126247 2.202806
32230 4.127105 3.764424
32240 4.128560 0.952771
32250 4.127925 4.408526
32260 4.127127 2.367320
32270 4.125909 3.417335
32280 4.125421 2.314979
32290 4.124654 3.524270
32300 4.123840 3.565724
32310 4.123115 3.079654
32320 4.122705 1.465022
32330 4.121742 3.283112
32340 4.121431 2.078466
32350 4.122281 2.182249
32360 4.124150 1.641073
32370 4.126825 4.159724
32380 4.129988 3.203572
32390 4.131649 3.683237
32400 4.131888 4.232139
32410 4.131501 2.714942
32420 4.130899 3.472674
32430 4.129934 3.947693
32440 4.129980 2.190768
32450 4.130084 5.430477
32460 4.130770 0.724735
32470 4.130316 1.158794
32480 4.129743 4.466545
32490 4.131072 -0.454299
32500 4.131308 2.046001
32510 4.130613 3.304602
32520 4.129581 2.186395
32530 4.128787 1.035435
32540 4.128012 3.004843
32550 4.127247 3.743997
32560 4.126748 0.995135
32570 4.125852 2.133531
32580 4.124583 3.832184
32590 4.124152 3.340306
32600 4.123619 3.108916
32610 4.122620 3.495802
32620 4.122561 3.601476
32630 4.123016 2.653078
32640 4.124536 3.734287
32650 4.126617 2.998516
32660 4.129895 1.143168
32670 4.132625 3.408022
32680 4.134149 3.392103
32690 4.137939 3.387948
32700 4.141719 2.919149
32710 4.143240 0.790308
32720 4.142203 2.119916
32730 4.141797 2.646016
32740 4.141466 1.236936
32750 4.141007 2.864998
32760 4.141044 1.443413
32770 4.140679 3.351177
32780 4.141624 -0.294648
32790 4.144382 3.685891
32800 4.145586 2.201845
32810 4.144517 3.005586
32820 4.144054 4.439138
32830 4.146589 3.547131
32840 4.151057 3.317858
32850 4.154305 3.507982
32860 4.156346 3.316845
32870 4.156933 3.420085
32880 4.156359 3.481053
32890 4.155931 3.275633
32900 4.156123 2.624220
32910 4.155292 2.198227
32920 4.155060 4.589243
32930 4.156274 1.197134
32940 4.156388 2.894403
32950 4.156706 3.453859
32960 4.155785 4.680397
32970 4.155153 2.461957
32980 4.154178 2.750540
32990 4.153321 2.166177
33000 4.153780 1.941163
33010 4.153580 4.054374
33020 4.152780 2.101751
33030 4.152004 2.261211
33040 4.151107 2.102896
33050 4.150332 2.524529
33060 4.149601 0.959550
33070 4.148479 5.520253
33080 4.147862 1.919649
33090 4.146814 2.531285
33100 4.145852 5.249704
33110 4.145321 4.832614
33120 4.145205 1.754879
33130 4.145421 2.090387
33140 4.144433 2.966776
33150 4.144076 0.936332
33160 4.143065 1.711918
33170 4.142152 2.970723
33180 4.142403 2.214952
33190 4.141819 2.080234
33200 4.141697 1.426107
33210 4.141697 1.860149
33220 4.141209 3.929579
33230 4.140502 3.417729
33240 4.139912 1.263675
33250 4.138836 6.190624
33260 4.138073 3.398440
33270 4.137436 3.797909
33280 4.137504 2.362934
33290 4.138830 2.739739
33300 4.139392 3.138562
33310 4.139478 1.330087
33320 4.139044 2.273324
33330 4.138081 2.972527
33340 4.137570 3.411000
33350 4.137002 1.945881
33360 4.136057 3.472379
33370 4.134792 4.125682
33380 4.133907 2.354031
33390 4.132931 2.258986
33400 4.132447 2.686981
33410 4.132051 2.814589
33420 4.131682 1.784093
33430 4.130808 1.811012
33440 4.130116 1.201042
33450 4.130728 4.767910
33460 4.130516 2.031444
33470 4.129808 3.902363
33480 4.130554 3.286887
33490 4.134615 3.279412
33500 4.138887 0.447051
33510 4.139831 2.907444
33520 4.139376 4.158294
33530 4.138824 2.971083
33540 4.138790 0.868801
33550 4.138264 5.866994
33560 4.138221 0.747875
33570 4.137808 3.986698
33580 4.136968 0.900063
33590 4.136052 3.312498
33600 4.135278 2.951627
33610 4.134716 4.511157
33620 4.133824 3.860854
33630 4.133349 2.703629
33640 4.132706 1.962360
33650 4.131959 4.838916
33660 4.131315 1.997836
33670 4.130555 4.078684
33680 4.129584 4.116653
33690 4.128558 2.331005
33700 4.128089 2.070720
33710 4.127711 3.613666
33720 4.127022 2.748645
33730 4.126301 1.533063
33740 4.126107 1.924770
33750 4.128513 3.126818
33760 4.130609 2.384850
33770 4.130050 3.510022
33780 4.129707 2.359396
33790 4.129548 2.986074
33800 4.129630 3.001689
33810 4.128812 1.507627
33820 4.128110 0.980704
33830 4.127252 1.481040
33840 4.127514 2.200219
33850 4.126577 3.401703
33860 4.125660 3.355099
33870 4.125377 1.799759
33880 4.124694 2.824958
33890 4.123596 3.142772
33900 4.122791 2.199453
33910 4.123292 3.027431
33920 4.122707 4.032406
33930 4.121686 2.808107
33940 4.120756 2.646242
33950 4.121992 4.813579
33960 4.123298 2.065479
33970 4.122573 2.124340
33980 4.122768 2.911616
33990 4.122257 1.942451
34000 4.121397 4.936381
34010 4.120739 1.995299
34020 4.121046 2.935481
34030 4.120264 2.413097
34040 4.119635 3.015961
34050 4.119454 2.034242
34060 4.118549 2.014049
34070 4.117576 3.144100
34080 4.117685 2.194642
34090 4.116727 1.973756
34100 4.116213 2.683022
34110 4.115899 2.822148
34120 4.115175 1.530456
34130 4.115650 2.444588
34140 4.114825 5.170383
34150 4.113887 4.137374
34160 4.115155 1.303282
34170 4.116941 2.183411
34180 4.118054 2.645775
34190 4.117876 1.948630
34200 4.118424 1.825517
34210 4.117684 2.035388
34220 4.116743 2.244639
34230 4.115546 5.195939
34240 4.114631 4.047312
34250 4.114136 2.695486
34260 4.113271 4.662647
34270 4.112569 2.358502
34280 4.111650 3.382151
34290 4.111411 3.157906
34300 4.110759 3.559275
34310 4.110090 3.228637
34320 4.109122 3.566646
34330 4.108465 1.078584
34340 4.107369 1.179898
34350 4.106443 2.834763
34360 4.105438 1.986735
34370 4.104488 4.136528
34380 4.103584 4.280978
34390 4.103400 3.129929
34400 4.104321 1.834283
34410 4.104182 4.844866
34420 4.103723 2.078224
34430 4.102755 1.257857
34440 4.102355 1.284106
34450 4.101598 1.229699
34460 4.100875 2.736610
34470 4.099819 3.265142
34480 4.098595 6.366752
34490 4.098528 5.820979
34500 4.099752 0.394870
34510 4.100436 2.166903
34520 4.100282 2.367270
34530 4.101310 1.954890
34540 4.102596 4.303603
34550 4.102282 2.994523
34560 4.102284 3.084805
34570 4.101838 2.013505
34580 4.101395 0.677697
34590 4.100307 3.351510
34600 4.100067 2.959646
34610 4.099323 2.815000
34620 4.098398 3.872562
34630 4.097779 2.173988
34640 4.096975 1.637238
34650 4.096086 3.393447
34660 4.095541 1.053812
34670 4.094589 3.411378
34680 4.093789 2.288745
34690 4.093494 3.475894
34700 4.093330 1.404623
34710 4.095080 2.079271
34720 4.097338 1.120964
34730 4.097944 2.208315
34740 4.097295 2.239618
34750 4.096541 2.447619
34760 4.095565 3.582794
34770 4.095071 2.754308
34780 4.094993 2.116035
34790 4.094154 2.865332
34800 4.093207 3.950373
34810 4.092628 3.073480
34820 4.092949 3.270804
34830 4.092570 1.860467
34840 4.092094 2.655470
34850 4.091282 2.916973
34860 4.090329 3.653113
34870 4.089954 3.083471
34880 4.092052 0.605764
34890 4.093205 1.294312
34900 4.094147 2.241397
34910 4.093925 1.339055
34920 4.093047 2.385921
34930 4.092630 3.660262
34940 4.091938 2.842000
34950 4.093189 1.597241
34960 4.094378 1.516574
34970 4.094925 3.299705
34980 4.094761 1.426998
34990 4.094369 1.649419
35000 4.093695 3.855191
35010 4.093649 3.381152
35020 4.094764 2.019372
35030 4.096055 2.337676
35040 4.096611 2.371224
35050 4.097736 2.931864
35060 4.098808 2.819398
35070 4.098517 2.484329
35080 4.099318 3.502339
35090 4.100630 0.098021
35100 4.099666 3.543142
35110 4.099172 4.652960
35120 4.098623 3.764548
35130 4.099763 2.986951
35140 4.100576 1.772591
35150 4.101517 3.891254
35160 4.103350 0.552741
35170 4.103780 1.823951
35180 4.103026 2.745269
35190 4.103119 3.792005
35200 4.103184 2.245214
35210 4.102792 3.238279
35220 4.101923 2.873691
35230 4.100923 4.134670
35240 4.100701 3.512161
35250 4.100946 2.131912
35260 4.101731 1.680459
35270 4.101321 3.199377
35280 4.101552 3.041311
35290 4.100895 5.103263
35300 4.100544 3.770075
35310 4.101076 3.453079
35320 4.101921 2.441703
35330 4.101939 2.066083
35340 4.101222 0.967460
35350 4.102006 2.024168
35360 4.104666 2.081053
35370 4.106217 1.175981
35380 4.105262 3.384595
35390 4.104571 0.931294
35400 4.105288 -0.191473
35410 4.104657 0.393184
35420 4.103693 3.907730
35430 4.102652 3.437213
35440 4.103315 1.681448
35450 4.104491 2.028773
35460 4.104545 2.104967
35470 4.104011 3.361624
35480 4.102863 5.042039
35490 4.102697 2.162639
35500 4.103335 3.336267
35510 4.103543 1.672372
35520 4.102761 1.462417
35530 4.102054 4.100760
35540 4.101796 2.997322
35550 4.100941 3.621148
35560 4.100380 2.319508
35570 4.099876 1.890754
35580 4.100072 3.765036
35590 4.099712 3.519872
35600 4.100804 2.968514
35610 4.103554 3.098338
35620 4.105652 1.697720
35630 4.107820 1.688246
35640 4.108024 0.601645
35650 4.107488 1.517409
35660 4.106717 4.395351
35670 4.106723 3.887680
35680 4.105954 4.394461
35690 4.105222 3.219889
35700 4.105666 3.583337
35710 4.107276 2.686236
35720 4.107678 1.492845
35730 4.108686 2.163310
35740 4.107726 3.076952
35750 4.107837 2.814137
35760 4.109641 2.412240
35770 4.111366 2.590603
35780 4.111604 1.964184
35790 4.110789 2.968121
35800 4.110358 5.518921
35810 4.109466 1.428449
35820 4.108708 1.784245
35830 4.108871 4.204689
35840 4.110149 1.744715
35850 4.110803 0.350442
35860 4.110023 2.931992
35870 4.109998 1.654165
35880 4.109643 1.810367
35890 4.109071 4.921982
35900 4.109001 2.051814
35910 4.109966 2.856312
35920 4.109593 3.105686
35930 4.108924 2.723522
35940 4.107995 3.252019
35950 4.107116 2.120277
35960 4.107588 1.933641
35970 4.107490 3.123286
35980 4.106490 2.099884
35990 4.105085 5.931217
36000 4.104572 1.872272
36010 4.103585 4.142639
36020 4.103074 2.052848
36030 4.103192 1.748942
36040 4.102736 2.465982
36050 4.103166 1.880141
36060 4.102762 3.347991
36070 4.102273 3.219015
36080 4.103825 2.043163
36090 4.105260 3.655864
36100 4.106205 2.668835
36110 4.107912 1.644895
36120 4.108734 1.542425
36130 4.108810 2.430671
36140 4.110265 1.739607
36150 4.109956 4.816639
36160 4.109398 1.170357
36170 4.109048 2.825635
36180 4.108954 1.675076
36190 4.108722 1.394731
36200 4.108275 0.581332
36210 4.108247 3.753641
36220 4.107786 3.746170
36230 4.107587 3.044479
36240 4.106778 4.071138
36250 4.107857 0.702794
36260 4.107288 6.423821
36270 4.106912 2.377795
36280 4.106037 2.895968
36290 4.105549 3.745574
36300 4.104541 3.548797
36310 4.104841 2.700963
36320 4.104553 3.239329
36330 4.105209 2.241615
36340 4.104541 4.650519
36350 4.103883 2.101118
36360 4.103079 5.412015
36370 4.103097 1.699910
36380 4.102360 2.353387
36390 4.102547 -0.069593
36400 4.102424 2.024076
36410 4.103649 2.381964
36420 4.105284 3.311539
36430 4.107473 2.800255
36440 4.110265 2.064119
36450 4.110559 0.877898
36460 4.110305 2.800599
36470 4.110392 2.319568
36480 4.109354 3.668064
36490 4.108761 2.252278
36500 4.108072 2.797678
36510 4.107461 2.613126
36520 4.106409 3.496905
36530 4.107003 3.013253
36540 4.108985 2.028802
36550 4.111026 1.852394
36560 4.112126 2.135579
36570 4.111542 2.197530
36580 4.110807 2.459178
36590 4.109995 2.462119
36600 4.110085 1.858839
36610 4.111312 2.912605
36620 4.111702 2.176832
36630 4.111229 3.253566
36640 4.110490 1.853449
36650 4.111390 1.951890
36660 4.111284 3.135783
36670 4.110531 1.481080
36680 4.109553 1.546271
36690 4.109055 4.795641
36700 4.107895 6.293589
36710 4.108009 4.329643
36720 4.108705 1.938796
36730 4.109395 2.001416
36740 4.110078 1.711235
36750 4.110997 1.408665
36760 4.111789 3.191445
36770 4.112106 3.439813
36780 4.112034 2.365157
36790 4.112304 2.230572
36800 4.113252 1.577627
36810 4.112791 1.355474
36820 4.112206 1.945036
36830 4.112331 2.198834
36840 4.111388 4.405587
36850 4.110752 2.117270
36860 4.109976 3.696969
36870 4.109063 3.144324
36880 4.108716 3.273882
36890 4.108000 2.213560
36900 4.107769 3.345983
36910 4.106833 3.456169
36920 4.106187 4.507913
36930 4.106680 3.665611
36940 4.107436 1.093445
36950 4.107061 4.258634
36960 4.106427 1.761563
36970 4.106653 2.869393
36980 4.105912 3.437729
36990 4.105363 3.379130
37000 4.104554 2.550705
37010 4.103627 1.987722
37020 4.103039 2.875037
37030 4.102792 2.112734
37040 4.103126 2.099777
37050 4.102226 1.704476
37060 4.102124 3.061206
37070 4.101934 2.815839
37080 4.102270 3.143942
37090 4.101574 2.868084
37100 4.101605 3.225155
37110 4.101096 4.740886
37120 4.101672 2.269073
37130 4.101598 2.135611
37140 4.100885 3.299211
37150 4.100664 2.615268
37160 4.100038 3.549869
37170 4.099039 3.703099
37180 4.098235 2.287791
37190 4.097693 2.326835
37200 4.096806 2.091347
37210 4.098394 4.930406
37220 4.100410 3.092741
37230 4.101885 2.581305
37240 4.103257 4.111265
37250 4.103565 4.288050
37260 4.103644 5.149254
37270 4.103089 1.409451
37280 4.102417 2.445432
37290 4.101800 2.410149
37300 4.101109 3.668780
37310 4.100882 2.978585
37320 4.099934 1.933518
37330 4.099309 3.992882
37340 4.099202 3.485246
37350 4.098892 1.069233
37360 4.098342 4.727010
37370 4.097782 1.544663
37380 4.097771 3.259560
37390 4.098893 2.102803
37400 4.098289 2.024604
37410 4.097937 3.704933
37420 4.097380 3.535471
37430 4.097495 1.651818
37440 4.097952 2.775756
37450 4.097693 2.969697
37460 4.096949 2.054961
37470 4.096666 2.955111
37480 4.096023 3.034255
37490 4.095248 1.431918
37500 4.095031 3.956049
37510 4.096276 2.171444
37520 4.098010 1.918372
37530 4.099748 3.075434
37540 4.101624 4.012198
37550 4.102837 3.042726
37560 4.105701 1.222526
37570 4.109403 4.069319
37580 4.112805 2.872414
37590 4.115673 4.055219
37600 4.117455 2.786868
37610 4.118195 2.345508
37620 4.118800 2.750544
37630 4.120594 1.815811
37640 4.121830 3.309119
37650 4.126108 3.575483
37660 4.130652 4.147881
37670 4.133652 1.964253
37680 4.135845 3.504061
37690 4.135562 2.236329
37700 4.135935 0.257981
37710 4.135007 2.467458
37720 4.134120 1.621890
37730 4.133355 3.698512
37740 4.132588 2.924680
37750 4.132132 3.018720
37760 4.131647 2.027279
37770 4.130945 3.360731
37780 4.130144 2.989236
37790 4.129284 3.291923
37800 4.128340 2.036958
37810 4.127664 1.695585
37820 4.126820 2.457493
37830 4.126667 2.074357
37840 4.125746 3.636604
37850 4.125270 2.295685
37860 4.124502 2.799439
37870 4.123641 3.729693
37880 4.124143 3.526360
37890 4.127867 1.705402
37900 4.131251 2.814767
37910 4.134470 1.368347
37920 4.135595 2.026457
37930 4.135732 2.723653
37940 4.135514 2.678185
37950 4.134707 1.850599
37960 4.133809 4.411362
37970 4.133459 1.441393
37980 4.133786 0.962990
37990 4.133102 1.583802
38000 4.132241 3.817810
38010 4.131363 2.324396
38020 4.131673 2.846801
38030 4.133797 3.662455
38040 4.134123 1.661071
38050 4.133222 2.806243
38060 4.132443 1.184519
38070 4.131599 2.130172
38080 4.130680 1.961477
38090 4.130088 0.881386
38100 4.129448 2.370172
38110 4.128593 3.429774
38120 4.127611 2.753505
38130 4.126803 3.295712
38140 4.125909 2.882525
38150 4.125321 6.879817
38160 4.125041 3.766068
38170 4.124791 3.024640
38180 4.124728 1.962430
38190 4.123903 3.045189
38200 4.123562 1.614411
38210 4.122809 2.201243
38220 4.122182 3.295020
38230 4.121476 1.944733
38240 4.121013 2.419403
38250 4.121584 2.124899
38260 4.121712 2.511110
38270 4.121264 1.964347
38280 4.121228 2.662885
38290 4.122295 1.485149
38300 4.122271 1.447241
38310 4.122460 1.508622
38320 4.121746 1.962793
38330 4.122101 1.635011
38340 4.122806 1.892521
38350 4.122518 1.035554
38360 4.121855 3.382636
38370 4.121042 1.908035
38380 4.121140 -1.419615
38390 4.120498 3.247971
38400 4.119638 1.859930
38410 4.118820 5.586413
38420 4.117898 3.092583
38430 4.117335 1.766167
38440 4.117054 3.624513
38450 4.117014 4.821558
38460 4.116165 4.686181
38470 4.116035 3.462188
38480 4.116611 3.243485
38490 4.117519 3.505388
38500 4.117268 3.870344
38510 4.117722 1.374239
38520 4.116952 3.638759
38530 4.116089 1.995222
38540 4.115559 4.702819
38550 4.115093 4.104968
38560 4.114533 4.763331
38570 4.113859 3.112778
38580 4.113675 1.093460
38590 4.113506 3.140153
38600 4.113908 2.288563
38610 4.113660 1.299800
38620 4.113625 3.634372
38630 4.115007 1.102684
38640 4.114801 2.354358
38650 4.114156 1.361726
38660 4.114091 2.336279
38670 4.114120 3.725486
38680 4.114354 2.406632
38690 4.113424 2.982960
38700 4.113365 3.406836
38710 4.116111 2.075478
38720 4.119321 1.740594
38730 4.122052 2.920789
38740 4.125196 2.159620
38750 4.127402 2.959280
38760 4.130522 2.428172
38770 4.133667 2.329624
38780 4.136641 3.425238
38790 4.140444 2.389647
38800 4.143996 4.058975
38810 4.147256 3.375221
38820 4.149236 2.904530
38830 4.151593 1.527158
38840 4.153165 1.310243
38850 4.152710 2.838820
38860 4.151989 2.205917
38870 4.151331 3.547533
38880 4.150402 3.614679
38890 4.150158 1.545603
38900 4.149876 1.178052
38910 4.149819 1.748080
38920 4.149664 3.202243
38930 4.150640 2.287943
38940 4.151127 2.427171
38950 4.150388 2.841687
38960 4.149712 3.411561
38970 4.148802 2.995873
38980 4.148595 2.142642
38990 4.148907 0.833057
39000 4.148223 3.340647
39010 4.147471 2.418941
39020 4.146713 3.408228
39030 4.145906 2.214829
39040 4.144987 4.725892
39050 4.144531 2.438498
39060 4.143722 4.224507
39070 4.142987 3.619264
39080 4.142831 1.939759
39090 4.142085 4.173213
39100 4.141572 2.455525
39110 4.140885 2.907059
39120 4.140156 2.291669
39130 4.139192 2.970284
39140 4.138978 2.653766
39150 4.139037 1.927854
39160 4.139196 4.658913
39170 4.138411 1.493871
39180 4.138418 1.440334
39190 4.137594 2.466327
39200 4.136732 3.160104
39210 4.136123 3.211669
39220 4.135546 3.216970
39230 4.134922 3.829082
39240 4.134289 4.047920
39250 4.133445 2.074411
39260 4.132625 1.967460
39270 4.131778 2.402281
39280 4.131356 1.849818
39290 4.130684 3.344871
39300 4.130567 2.008847
39310 4.131744 0.991826
39320 4.132574 3.096449
39330 4.132910 4.182312
39340 4.131999 4.228519
39350 4.131293 2.999890
39360 4.131027 2.257537
39370 4.130277 4.867919
39380 4.129873 1.905593
39390 4.129488 1.953561
39400 4.129027 1.989569
39410 4.128130 1.273151
39420 4.127384 3.026108
39430 4.126622 2.388750
39440 4.125991 2.763285
39450 4.125921 3.541276
39460 4.125309 1.992022
39470 4.124627 3.211423
39480 4.124014 3.890494
39490 4.123717 1.829829
39500 4.123885 1.935252
39510 4.123798 2.304916
39520 4.123609 4.165033
39530 4.123907 2.828601
39540 4.124104 2.847703
39550 4.123794 3.647056
39560 4.123319 2.038632
39570 4.123070 2.223789
39580 4.122526 4.139565
39590 4.121816 1.404854
39600 4.120993 5.302944
39610 4.120368 3.833195
39620 4.120316 2.905005
39630 4.120586 0.389009
39640 4.119750 4.718505
39650 4.119360 3.847282
39660 4.118664 3.139771
39670 4.118140 3.589378
39680 4.117780 2.327315
39690 4.117357 2.847686
39700 4.117957 1.656564
39710 4.119799 2.163537
39720 4.121561 2.776025
39730 4.122525 3.429316
39740 4.123568 -0.221698
39750 4.123712 3.964398
39760 4.123491 1.682605
39770 4.122871 2.512502
39780 4.122080 3.374254
39790 4.121796 3.094261
39800 4.121603 2.256303
39810 4.121291 0.913356
39820 4.120857 3.777428
39830 4.120505 3.653064
39840 4.119814 3.260641
39850 4.120269 3.505956
39860 4.121932 3.953673
39870 4.123506 3.541142
39880 4.125517 3.244681
39890 4.129986 3.009255
39900 4.132289 3.113284
39910 4.133673 2.108298
39920 4.134904 2.978115
39930 4.134517 2.242080
39940 4.133640 1.456711
39950 4.132851 2.198147
39960 4.132982 2.789594
39970 4.133424 2.305346
39980 4.132717 3.048480
39990 4.132186 2.174916
40000 4.131457 4.968187
40010 4.131292 2.788483
40020 4.130622 4.408643
40030 4.130398 2.181724
40040 4.129726 3.156520
40050 4.129693 3.028544
40060 4.129570 3.289622
40070 4.129751 2.123242
40080 4.129998 3.390167
40090 4.129582 3.915900
40100 4.128974 2.279305
40110 4.128428 2.851971
40120 4.127827 2.245518
40130 4.127324 5.832201
40140 4.126929 4.153648
40150 4.126957 2.128544
40160 4.126791 2.173251
40170 4.127411 3.683831
40180 4.129423 3.811494
40190 4.131762 1.871999
40200 4.132163 5.256011
40210 4.131382 1.201085
40220 4.130626 4.303134
40230 4.129725 3.758303
40240 4.129538 2.744400
40250 4.130465 4.504257
40260 4.132596 2.365197
40270 4.133932 1.345047
40280 4.133621 2.069168
40290 4.133582 1.909581
40300 4.133143 2.196478
40310 4.132198 4.364090
40320 4.131703 2.978413
40330 4.131647 1.503201
40340 4.131176 5.331098
40350 4.130416 4.488484
40360 4.129529 2.701633
40370 4.128823 1.966614
40380 4.128151 3.997008
40390 4.127586 2.311615
40400 4.127763 2.226985
40410 4.128629 0.040022
40420 4.129155 3.258340
40430 4.128566 4.239102
40440 4.127618 5.522184
40450 4.127868 1.267787
40460 4.127381 3.113140
40470 4.127306 4.197505
40480 4.128775 3.064550
40490 4.129788 3.189058
40500 4.131260 1.776375
40510 4.131135 2.985546
40520 4.131413 1.373737
40530 4.132024 0.295379
40540 4.131099 3.848256
40550 4.131119 1.883731
40560 4.131200 2.163313
40570 4.131386 2.961406
40580 4.130971 3.572501
40590 4.131728 1.109571
40600 4.131035 3.036663
40610 4.132706 2.043872
40620 4.132613 3.622942
40630 4.132500 3.519544
40640 4.134810 1.911341
40650 4.136540 3.824777
40660 4.136729 1.704146
40670 4.136340 1.824106
40680 4.135529 3.064561
40690 4.135298 2.073643
40700 4.134508 3.045701
40710 4.134483 1.590745
40720 4.133954 1.777876
40730 4.133382 3.424105
40740 4.133470 3.234937
40750 4.132764 4.324965
40760 4.132085 1.663699
40770 4.131647 3.138062
40780 4.131294 0.723950
40790 4.130434 4.514458
40800 4.130164 2.137963
40810 4.130527 3.113082
40820 4.130521 2.886874
40830 4.129994 0.699274
40840 4.129147 4.201793
40850 4.128278 5.640419
40860 4.127805 1.580673
40870 4.126861 3.960005
40880 4.126019 4.391268
40890 4.125812 2.078386
40900 4.126087 1.627402
40910 4.125815 3.025213
40920 4.125449 3.624923
40930 4.124797 1.641143
40940 4.124880 2.200110
40950 4.125182 2.914233
40960 4.125677 2.899755
40970 4.125456 2.824967
40980 4.124878 4.263750
40990 4.124542 1.965608
41000 4.123857 3.029590
41010 4.123269 1.216931
41020 4.123090 3.506344
41030 4.123250 0.096086
41040 4.123001 1.856204
41050 4.122311 3.544861
41060 4.121671 3.876635
41070 4.120832 2.129351
41080 4.120630 1.955975
41090 4.121496 3.132539
41100 4.120744 3.685244
41110 4.119809 4.575576
41120 4.119500 1.610307
41130 4.118980 3.243991
41140 4.118162 4.867657
41150 4.117535 3.101093
41160 4.116659 2.991117
41170 4.116717 0.649211
41180 4.116990 1.637913
41190 4.116627 2.134937
41200 4.116888 4.116713
41210 4.116186 1.277254
41220 4.116091 3.581544
41230 4.115512 3.601483
41240 4.114792 3.178584
41250 4.114159 3.983761
41260 4.113390 3.399247
41270 4.113356 3.299963
41280 4.112990 0.762284
41290 4.112206 3.880365
41300 4.111447 2.012162
41310 4.110651 3.929675
41320 4.111198 3.247384
41330 4.112356 2.791805
41340 4.112597 3.185917
41350 4.112048 2.163663
41360 4.111205 1.739971
41370 4.110583 1.774993
41380 4.109785 4.101968
41390 4.108943 3.016393
41400 4.108499 2.917981
41410 4.108137 2.643269
41420 4.108878 1.798096
41430 4.108324 2.865461
41440 4.109470 2.208340
41450 4.110161 3.576043
41460 4.109452 3.419626
41470 4.108693 -0.317352
41480 4.107899 3.232210
41490 4.107570 2.418162
41500 4.106855 6.177335
41510 4.106179 2.153120
41520 4.105727 0.379408
41530 4.105090 3.029132
41540 4.104589 2.871312
41550 4.103925 5.999925
41560 4.103278 6.705206
41570 4.102461 4.085626
41580 4.102658 3.423732
41590 4.103019 2.888816
41600 4.102396 2.050380
41610 4.101526 4.611257
41620 4.100877 3.317076
41630 4.100665 4.388038
41640 4.099878 1.322240
41650 4.099578 2.063729
41660 4.099145 3.871543
41670 4.099842 4.619166
41680 4.102715 2.270475
41690 4.105635 3.149212
41700 4.107159 2.623847
41710 4.109200 1.766513
41720 4.110888 3.165548
41730 4.111336 2.404584
41740 4.111612 3.370158
41750 4.113917 3.560992
41760 4.114425 1.618673
41770 4.114590 2.098587
41780 4.113838 3.858285
41790 4.113453 3.857170
41800 4.113185 3.347081
41810 4.112550 4.694514
41820 4.112472 3.847494
41830 4.113026 1.849635
41840 4.112592 3.554923
41850 4.111774 3.501295
41860 4.112060 1.944117
41870 4.111681 3.204552
41880 4.111666 1.511445
41890 4.112310 4.193807
41900 4.112493 2.243875
41910 4.112564 2.994010
41920 4.113201 2.356769
41930 4.114867 0.933161
41940 4.115458 2.062265
41950 4.115612 3.000819
41960 4.116674 3.236235
41970 4.116621 2.977122
41980 4.116042 2.184215
41990 4.115477 3.122437
42000 4.116181 1.058456
42010 4.117519 3.114729
42020 4.116613 5.977601
42030 4.116188 3.068212
42040 4.115427 2.465516
42050 4.115336 1.728494
42060 4.114733 3.029220
42070 4.114151 3.042223
42080 4.113591 1.605817
42090 4.113162 2.874612
42100 4.113126 1.912778
42110 4.112938 0.899865
42120 4.113320 1.638585
42130 4.113154 2.114025
42140 4.113242 3.187300
42150 4.112726 1.964523
42160 4.112084 1.238404
42170 4.112299 2.116176
42180 4.112068 2.395635
42190 4.111287 3.298419
42200 4.110645 3.392371
42210 4.110079 3.622140
42220 4.109623 5.491054
42230 4.109136 2.195812
42240 4.108250 3.647783
42250 4.107589 3.170679
42260 4.106764 3.323917
42270 4.106512 3.944507
42280 4.106526 1.864932
42290 4.106251 3.817889
42300 4.106989 2.168035
42310 4.107895 2.785191
42320 4.109977 1.989677
42330 4.111048 -0.846699
42340 4.110339 2.083803
42350 4.109631 2.260141
42360 4.109242 2.683840
42370 4.108941 1.600622
42380 4.108275 3.337688
42390 4.107467 3.736712
42400 4.107192 4.170982
42410 4.106672 2.853716
42420 4.106082 3.039920
42430 4.105922 2.885795
42440 4.105472 2.299509
42450 4.104703 3.256641
42460 4.105009 2.428169
42470 4.105514 1.880207
42480 4.105222 1.463063
42490 4.105548 3.072901
42500 4.106932 2.414986
42510 4.107763 1.629025
42520 4.107274 2.697254
42530 4.106768 2.314407
42540 4.106138 3.012146
42550 4.105417 4.889106
42560 4.104977 3.230958
42570 4.104493 2.841217
42580 4.104493 3.507434
42590 4.104366 2.720104
42600 4.103707 2.824420
42610 4.103486 2.111388
42620 4.102846 1.895580
42630 4.102327 2.255772
42640 4.101833 4.820721
42650 4.101601 3.170068
42660 4.103603 3.577103
42670 4.104407 1.380720
42680 4.104792 3.055875
42690 4.104308 1.799376
42700 4.103763 4.005589
42710 4.103380 2.771344
42720 4.103419 2.635263
42730 4.102574 3.437625
42740 4.102493 3.380556
42750 4.101711 2.904100
42760 4.101146 1.040243
42770 4.100370 1.793361
42780 4.099918 2.695394
42790 4.099657 2.955932
42800 4.098956 -0.361399
42810 4.098417 2.605207
42820 4.097775 1.075908
42830 4.096961 3.922865
42840 4.096545 3.034231
42850 4.096241 3.131799
42860 4.095643 3.848580
42870 4.095808 3.080284
42880 4.095254 0.666864
42890 4.095281 3.210881
42900 4.096489 3.766826
42910 4.097848 1.213530
42920 4.099114 3.379900
42930 4.101168 0.970588
42940 4.101560 2.205734
42950 4.102862 3.925319
42960 4.103359 1.958158
42970 4.102510 4.037346
42980 4.102706 3.231285
42990 4.105248 1.175222
43000 4.107560 2.099653
43010 4.110326 1.648841
43020 4.109985 3.546796
43030 4.109358 1.517687
43040 4.108683 3.841655
43050 4.108296 3.495151
43060 4.107711 1.871042
43070 4.107266 0.008036
43080 4.107347 2.498075
43090 4.107999 1.621143
43100 4.107572 0.698420
43110 4.107023 2.404803
43120 4.106643 1.518016
43130 4.106916 1.612482
43140 4.107328 3.704422
43150 4.107356 1.192399
43160 4.107576 2.248013
43170 4.106756 6.064117
43180 4.106199 4.612654
43190 4.105487 4.112046
43200 4.106062 2.052169
43210 4.105952 3.116122
43220 4.105644 -0.017267
43230 4.105075 2.406962
43240 4.104273 3.488544
43250 4.103565 5.522659
43260 4.103206 2.001815
43270 4.102334 0.887511
43280 4.102401 2.364933
43290 4.105801 2.068666
43300 4.110094 1.914703
43310 4.113853 1.912635
43320 4.116538 1.931701
43330 4.117700 1.808477
43340 4.117369 2.357980
43350 4.116645 2.850571
43360 4.116386 3.110523
43370 4.116021 2.117876
43380 4.115800 1.852206
43390 4.115792 3.269646
43400 4.115045 2.443148
43410 4.114308 3.006388
43420 4.113744 3.892724
43430 4.113188 1.478697
43440 4.113009 -0.582948
43450 4.113050 4.070873
43460 4.112867 2.961060
43470 4.112260 1.763705
43480 4.111640 3.178198
43490 4.111174 3.418029
43500 4.110500 4.056882
43510 4.110114 1.812480
43520 4.110122 1.720881
43530 4.109233 3.009777
43540 4.108646 3.450291
43550 4.108067 2.253432
43560 4.107998 1.992176
43570 4.109188 1.723877
43580 4.109349 1.840456
43590 4.109206 1.716356
43600 4.108539 2.005132
43610 4.107842 2.098718
43620 4.107037 2.916718
43630 4.106892 3.912173
43640 4.106928 3.172003
43650 4.106273 3.071636
43660 4.105736 3.666359
43670 4.105719 2.178677
43680 4.105214 1.883207
43690 4.104705 1.081413
43700 4.104316 1.737874
43710 4.104466 2.144850
43720 4.104759 1.944153
43730 4.104101 2.104563
43740 4.103684 3.114815
43750 4.103344 1.915597
43760 4.102862 4.848097
43770 4.102451 2.706068
43780 4.103646 3.148479
43790 4.104755 3.531811
43800 4.104552 1.723159
43810 4.104663 3.284232
43820 4.104343 4.068871
43830 4.104196 2.808561
43840 4.104145 1.978343
43850 4.104381 2.183525
43860 4.104538 3.663780
43870 4.107327 3.791299
43880 4.108839 1.929710
43890 4.109435 -0.310078
43900 4.109679 3.298911
43910 4.109701 2.694025
43920 4.109994 4.384750
43930 4.113193 1.904079
43940 4.114215 1.597723
43950 4.113774 3.139293
43960 4.113646 2.687323
43970 4.113374 3.046194
43980 4.113070 4.097801
43990 4.112727 4.140262
44000 4.113173 3.134477
44010 4.112611 5.049557
44020 4.112723 2.984445
44030 4.112077 7.101722
44040 4.111456 2.314644
44050 4.110757 3.577523
44060 4.110286 3.093326
44070 4.109601 4.270665
44080 4.109184 4.555489
44090 4.109265 1.200419
44100 4.108931 4.508018
44110 4.109135 1.900606
44120 4.110083 1.359127
44130 4.110406 1.091770
44140 4.110011 5.283637
44150 4.109930 3.758836
44160 4.109296 1.830006
44170 4.108560 4.190458
44180 4.109217 2.355082
44190 4.109408 1.988050
44200 4.109390 0.791563
44210 4.108862 2.404225
44220 4.108941 2.060903
44230 4.108569 0.849480
44240 4.108013 1.851850
44250 4.107527 2.942750
44260 4.107774 3.296606
44270 4.107747 4.629078
44280 4.107018 4.060362
44290 4.106793 3.044437
44300 4.106016 5.550327
44310 4.105173 3.988174
44320 4.105001 0.791220
44330 4.104967 3.287072
44340 4.105108 3.060435
44350 4.104970 3.713517
44360 4.105163 4.421234
44370 4.104745 2.226479
44380 4.105225 1.763241
44390 4.104573 2.987065
44400 4.104007 2.788798
44410 4.103820 3.342807
44420 4.103769 4.648309
44430 4.103328 2.428131
44440 4.102838 3.151057
44450 4.103486 1.856431
44460 4.102945 3.436177
44470 4.102097 3.784925
44480 4.101715 1.319648
44490 4.101309 3.380864
44500 4.101176 0.836657
44510 4.100893 2.445262
44520 4.100707 6.064317
44530 4.099982 2.056902
44540 4.099506 2.872062
44550 4.099539 1.922185
44560 4.100190 3.099192
44570 4.099534 2.818515
44580 4.099018 2.257599
44590 4.098524 2.520598
44600 4.097878 1.409768
44610 4.097197 3.454220
44620 4.096552 2.301478
44630 4.095944 1.894820
44640 4.095175 3.929104
44650 4.094394 2.052177
44660 4.093801 4.836090
44670 4.093417 5.382916
44680 4.092726 1.974787
44690 4.092219 1.724690
44700 4.091656 1.897588
44710 4.092032 1.397104
44720 4.092679 3.148265
44730 4.091950 1.982888
44740 4.091381 1.234064
44750 4.092276 4.204870
44760 4.094424 -0.344906
44770 4.096756 1.637563
44780 4.097179 1.981447
44790 4.096635 3.465002
44800 4.096198 3.414463
44810 4.095449 2.355859
44820 4.095174 2.030811
44830 4.094566 3.112488
44840 4.094149 3.170945
44850 4.093680 4.230769
44860 4.093285 2.131119
44870 4.092944 3.007133
44880 4.092627 2.960776
44890 4.091989 4.001786
44900 4.091413 3.289421
44910 4.090747 3.356828
44920 4.090205 3.481822
44930 4.090527 2.105917
44940 4.090711 3.067186
44950 4.090039 3.132551
44960 4.089451 1.932255
44970 4.089224 3.276784
44980 4.088717 4.122766
44990 4.088106 4.773747
45000 4.087964 2.691290
45010 4.088799 2.922965
45020 4.089516 1.594846
45030 4.089948 2.880959
45040 4.090403 2.530534
45050 4.090915 2.125382
45060 4.090356 1.839470
45070 4.090513 1.970472
45080 4.090008 1.831798
45090 4.090145 3.058720
45100 4.089804 2.311010
45110 4.089029 3.161676
45120 4.089000 2.776592
45130 4.088347 2.503358
45140 4.088424 2.409970
45150 4.087510 3.839579
45160 4.086829 3.474533
45170 4.086118 0.996566
45180 4.085522 2.522067
45190 4.085646 3.513180
45200 4.086236 3.031532
45210 4.087021 2.926670
45220 4.086295 1.639133
45230 4.085471 4.716826
45240 4.085000 1.933080
45250 4.084991 3.670075
45260 4.084800 1.597200
45270 4.084226 2.128758
45280 4.083514 4.628582
45290 4.082974 3.254917
45300 4.084159 1.190845
45310 4.084117 3.938952
45320 4.084593 3.386318
45330 4.083707 3.871584
45340 4.083067 2.284891
45350 4.082184 4.700387
45360 4.081544 2.469337
45370 4.081540 2.685425
45380 4.081703 0.120905
45390 4.081020 1.988908
45400 4.080149 4.245740
45410 4.079674 2.573120
45420 4.079596 3.136219
45430 4.080673 2.881329
45440 4.080257 4.219283
45450 4.079545 2.365029
45460 4.078790 4.620458
45470 4.078478 2.957530
45480 4.078847 3.947316
45490 4.078253 5.564789
45500 4.077678 5.734880
45510 4.077438 0.239656
45520 4.078026 -0.062492
45530 4.078312 3.215238
45540 4.077443 5.813540
45550 4.077465 1.998398
45560 4.077142 1.979812
45570 4.076279 4.651931
45580 4.075636 1.642711
45590 4.075074 3.708808
45600 4.074590 3.800969
45610 4.074658 2.827451
45620 4.075181 2.368040
45630 4.075208 2.120166
45640 4.074869 1.972401
45650 4.074472 3.110025
45660 4.074790 3.249636
45670 4.074307 3.886586
45680 4.073961 1.858015
45690 4.073552 2.246107
45700 4.073407 1.084639
45710 4.073311 0.847368
45720 4.072913 3.094282
45730 4.073086 2.756492
45740 4.072734 2.090377
45750 4.072152 3.940687
45760 4.071695 2.343255
45770 4.072992 1.983156
45780 4.074400 3.298533
45790 4.074062 4.300628
45800 4.073989 1.598265
45810 4.073965 2.288210
45820 4.073495 2.356223
45830 4.073051 3.607851
45840 4.072504 5.243190
45850 4.072239 3.561952
45860 4.071718 2.391019
45870 4.071139 3.182763
45880 4.070373 4.485352
45890 4.070184 1.685060
45900 4.069711 3.025075
45910 4.069042 0.947384
45920 4.068239 3.029017
45930 4.067538 3.253397
45940 4.067376 2.482384
45950 4.066780 1.316710
45960 4.067296 3.008764
45970 4.067875 3.108364
45980 4.068083 1.316944
45990 4.070519 1.818615
46000 4.071830 2.628675
46010 4.072592 1.757699
46020 4.072187 1.878481
46030 4.071596 2.035600
46040 4.071321 3.510202
46050 4.070653 1.714138
46060 4.070320 1.906332
46070 4.069925 4.652679
46080 4.071274 3.681801
46090 4.075315 3.728387
46100 4.080710 2.212292
46110 4.085238 2.306928
46120 4.089711 1.297943
46130 4.093076 1.634728
46140 4.093867 3.720469
46150 4.093510 5.493626
46160 4.092998 3.737206
46170 4.092745 3.028091
46180 4.092644 2.237817
46190 4.092590 3.081231
46200 4.091973 2.409388
46210 4.091901 1.104431
46220 4.091364 1.545144
46230 4.091068 3.516210
46240 4.090281 6.417181
46250 4.089984 1.878434
46260 4.090100 2.252068
46270 4.090175 2.361461
46280 4.090364 1.859475
46290 4.091505 3.090713
46300 4.092807 2.100260
46310 4.092834 2.237730
46320 4.092609 1.574432
46330 4.092403 2.299413
46340 4.092755 1.359045
46350 4.094326 1.674693
46360 4.094291 2.585545
46370 4.093928 4.308166
46380 4.093229 3.551678
46390 4.093144 2.035712
46400 4.094110 4.017142
46410 4.095186 3.974544
46420 4.097123 3.228293
46430 4.100376 2.106706
46440 4.101438 2.218081
46450 4.100885 2.060624
46460 4.101052 2.990946
46470 4.102448 -0.106621
46480 4.102430 2.722265
46490 4.102310 1.373497
46500 4.101839 3.331004
46510 4.102742 3.066064
46520 4.103806 2.976602
46530 4.104202 2.189909
46540 4.104030 3.039757
46550 4.103264 5.754148
46560 4.102544 4.864679
46570 4.102139 2.987927
46580 4.102528 2.991894
46590 4.103593 1.044727
46600 4.103246 3.783814
46610 4.102786 3.730046
46620 4.102879 2.054839
46630 4.104345 2.007512
46640 4.106416 1.685416
46650 4.108681 1.238235
46660 4.108876 4.022371
46670 4.108264 3.021364
46680 4.107721 2.288419
46690 4.107601 2.158704
46700 4.109556 2.125870
46710 4.111498 0.471165
46720 4.112795 2.689038
46730 4.114633 1.425828
46740 4.116148 3.710300
46750 4.116075 1.636854
46760 4.115294 3.182486
46770 4.114455 5.723965
46780 4.113787 3.911577
46790 4.113122 3.009211
46800 4.112965 1.895846
46810 4.112666 3.492903
46820 4.111896 1.380709
46830 4.111177 3.370020
46840 4.110860 4.350621
46850 4.110336 2.270431
46860 4.109874 2.641571
46870 4.109624 2.175001
46880 4.110058 2.145260
46890 4.111244 1.489414
46900 4.113120 1.361697
46910 4.114225 2.475755
46920 4.114762 1.688950
46930 4.114434 2.121607
46940 4.113715 3.565096
46950 4.113403 3.974922
46960 4.113019 2.751075
46970 4.113238 0.964045
46980 4.113011 3.194859
46990 4.113475 3.773502
47000 4.114051 3.503561
47010 4.113906 3.537893
47020 4.113295 3.079595
47030 4.112682 3.985170
47040 4.113790 3.530691
47050 4.113589 3.475036
47060 4.113155 2.789298
47070 4.112959 2.954364
47080 4.113300 2.214309
47090 4.112603 3.100593
47100 4.112081 2.103933
47110 4.111642 2.137497
47120 4.111285 1.672489
47130 4.111184 3.314068
47140 4.111300 3.749149
47150 4.110586 3.380984
47160 4.110939 1.118122
47170 4.111285 1.971847
47180 4.111993 2.129984
47190 4.112048 2.990995
47200 4.112947 3.033384
47210 4.112933 2.971422
47220 4.112265 2.849526
47230 4.111752 2.301081
47240 4.111239 2.006201
47250 4.110755 2.222154
47260 4.110225 1.184358
47270 4.109812 2.889404
47280 4.109566 4.419742
47290 4.109693 3.165135
47300 4.109289 2.130047
47310 4.109434 3.140993
47320 4.109243 3.827767
47330 4.108613 2.669938
47340 4.108102 2.957723
47350 4.107438 3.984965
47360 4.108280 2.164332
47370 4.108665 2.373526
47380 4.108303 5.485152
47390 4.107825 2.410146
47400 4.107159 3.023701
47410 4.106969 4.974397
47420 4.106967 1.714808
47430 4.106186 1.910879
47440 4.105975 3.617177
47450 4.105491 2.628378
47460 4.104844 2.666450
47470 4.104104 2.043419
47480 4.104000 2.868093
47490 4.103543 2.494709
47500 4.103484 0.718209
47510 4.103017 5.276180
47520 4.102536 2.684356
47530 4.102039 2.990680
47540 4.101512 3.838679
47550 4.100819 4.417594
47560 4.100368 2.940702
47570 4.100443 2.202911
47580 4.100795 2.839502
47590 4.100328 3.003059
47600 4.099782 4.200919
47610 4.099719 2.903142
47620 4.099551 3.358972
47630 4.099218 3.811941
47640 4.098932 -0.065109
47650 4.098215 2.923463
47660 4.097601 2.181257
47670 4.097580 1.618253
47680 4.096920 3.938408
47690 4.096309 3.274075
47700 4.095912 1.377188
47710 4.095370 2.809468
47720 4.095393 0.685106
47730 4.094903 3.241235
47740 4.094241 3.435909
47750 4.094119 2.880831
47760 4.094385 1.989693
47770 4.093596 4.190009
47780 4.092976 4.218527
47790 4.092338 3.325708
47800 4.091897 3.364540
47810 4.092843 3.288142
47820 4.094279 2.112834
47830 4.093813 2.713338
47840 4.093307 3.914070
47850 4.092818 2.846436
47860 4.092780 3.850692
47870 4.092798 4.198722
47880 4.092642 1.862957
47890 4.092423 1.528148
47900 4.091836 2.637126
47910 4.091640 1.387230
47920 4.092062 2.081234
47930 4.092991 1.943407
47940 4.093449 3.213541
47950 4.093641 1.624242
47960 4.093193 1.933313
47970 4.092502 3.776555
47980 4.091836 5.462091
47990 4.091240 2.959814
48000 4.090588 4.181676
48010 4.090234 3.165098
48020 4.089783 2.873750
48030 4.090184 1.769984
48040 4.089523 3.990361
48050 4.088958 1.405806
48060 4.088254 3.885915
48070 4.087908 2.813521
48080 4.087132 2.864371
48090 4.086792 1.760760
48100 4.086258 3.344387
48110 4.085865 3.027780
48120 4.085226 2.454038
48130 4.084688 2.443602
48140 4.084074 2.426072
48150 4.083487 2.323908
48160 4.083447 2.285790
48170 4.084952 2.149377
48180 4.086067 3.511905
48190 4.087197 1.471475
48200 4.086684 4.963988
48210 4.086134 1.970663
48220 4.085798 2.688918
48230 4.085482 3.310288
48240 4.084669 3.645700
48250 4.084604 2.808783
48260 4.085756 1.724723
48270 4.087905 1.477347
48280 4.088374 3.114624
48290 4.088326 2.789684
48300 4.088388 2.445857
48310 4.088333 2.186360
48320 4.087655 2.350552
48330 4.087116 1.839006
48340 4.086501 1.548949
48350 4.086599 5.132690
48360 4.087037 3.005244
48370 4.086333 3.705173
48380 4.085758 2.972304
48390 4.085228 3.391537
48400 4.084509 4.343976
48410 4.084110 4.011505
48420 4.083963 4.415139
48430 4.084180 2.387998
48440 4.083480 3.796152
48450 4.082779 2.272270
48460 4.082369 3.731791
48470 4.083649 3.055328
48480 4.084473 3.400268
48490 4.086163 4.543377
48500 4.088017 2.487887
48510 4.088564 2.791451
48520 4.088022 4.643245
48530 4.087537 2.297417
48540 4.087216 2.065532
48550 4.088525 3.793040
48560 4.091090 2.304077
48570 4.094282 3.353694
48580 4.097388 1.737704
48590 4.100993 3.574042
48600 4.104620 3.140081
48610 4.107925 2.779351
48620 4.110004 3.164435
48630 4.110997 1.983908
48640 4.112177 2.360740
48650 4.111930 2.849386
48660 4.111335 2.337682
48670 4.110764 2.038294
48680 4.110257 2.248922
48690 4.110012 1.528917
48700 4.110480 2.723545
48710 4.110542 3.190982
48720 4.110531 3.056620
48730 4.110225 2.280122
48740 4.111117 1.674226
48750 4.111035 3.347070
48760 4.110369 3.711997
48770 4.110050 3.391486
48780 4.109531 3.398963
48790 4.108880 1.651461
48800 4.109501 3.088569
48810 4.110195 2.410678
48820 4.110655 0.992553
48830 4.110723 2.830865
48840 4.110800 0.676164
48850 4.110676 1.823048
48860 4.111175 2.910346
48870 4.111250 5.084416
48880 4.110737 3.875332
48890 4.110187 4.118258
48900 4.109538 4.221150
48910 4.109661 2.228539
48920 4.109307 4.274760
48930 4.108714 2.295731
48940 4.108272 3.630000
48950 4.107691 1.639808
48960 4.107188 3.994424
48970 4.106866 1.974325
48980 4.106140 4.022952
48990 4.106370 2.094158
49000 4.106257 4.107824
49010 4.106249 1.952112
49020 4.105575 4.650892
49030 4.105095 3.028924
49040 4.104732 3.552807
49050 4.104272 5.032474
49060 4.105134 2.307148
49070 4.105658 3.096890
49080 4.105468 3.149932
49090 4.104951 4.006184
49100 4.104694 3.280888
49110 4.105356 1.396922
49120 4.106617 2.055684
49130 4.106435 3.406890
49140 4.105790 3.256742
49150 4.105188 2.854731
49160 4.105041 1.212233
49170 4.104620 2.790017
49180 4.104829 3.936363
49190 4.105804 2.089267
49200 4.107100 0.897239
49210 4.107723 1.398728
49220 4.108526 0.927123
49230 4.109385 0.267680
49240 4.108829 3.094213
49250 4.108699 2.678599
49260 4.108407 3.449959
49270 4.108512 2.908204
49280 4.107975 2.026130
49290 4.107299 4.363655
49300 4.106632 4.109308
49310 4.106012 2.838949
49320 4.105486 2.905364
49330 4.105253 3.225751
49340 4.104942 3.530120
49350 4.104615 3.158912
49360 4.103958 3.242827
49370 4.103503 1.760554
49380 4.103287 2.803312
49390 4.102566 3.259203
49400 4.102296 0.129394
49410 4.101530 3.306636
49420 4.102437 3.418910
49430 4.102033 2.089828
49440 4.101488 2.913751
49450 4.101818 2.876056
49460 4.102842 1.731378
49470 4.103847 2.374941
49480 4.104287 3.077440
49490 4.103789 3.463544
49500 4.103177 3.142840
49510 4.102905 1.789944
49520 4.102190 3.556951
49530 4.101766 2.108617
49540 4.101074 3.296143
49550 4.100499 4.303185
49560 4.099951 3.524075
49570 4.099579 4.946244
49580 4.099317 3.852753
49590 4.098714 2.224567
49600 4.098917 0.313411
49610 4.099321 3.870307
49620 4.100822 3.799171
49630 4.101951 3.559658
49640 4.102368 2.673144
49650 4.101802 4.312596
49660 4.101637 3.559181
49670 4.101581 2.127188
49680 4.101233 2.962778
49690 4.101236 1.260092
49700 4.100530 3.033876
49710 4.099968 1.723915
49720 4.099584 -0.031509
49730 4.099939 3.647804
49740 4.101465 3.030557
49750 4.103119 2.314055
49760 4.103443 1.878383
49770 4.102956 3.349434
49780 4.102728 1.180678
49790 4.102412 2.415599
49800 4.101663 1.260232
49810 4.101573 1.610817
49820 4.101335 4.830148
49830 4.101611 3.328864
49840 4.102679 2.739752
49850 4.103287 2.439741
49860 4.105042 3.727853
49870 4.107637 2.395906
49880 4.110241 3.196820
49890 4.112848 3.830661
49900 4.116520 1.999041
49910 4.119345 2.032031
49920 4.121983 2.979736
49930 4.126279 1.989031
49940 4.129066 3.445889
49950 4.128961 5.438232
49960 4.128613 2.967082
49970 4.128332 3.802788
49980 4.127863 2.282204
49990 4.127345 4.272161
50000 4.126966 1.913166
50010 4.126618 4.242085
50020 4.126021 1.980102
50030 4.126094 3.061005
50040 4.125885 3.282445
50050 4.125325 3.921076
50060 4.125737 1.986871
50070 4.125683 4.635906
50080 4.125115 2.038415
50090 4.124591 3.189411
50100 4.124056 3.429575
50110 4.123755 1.555770
50120 4.123584 1.885730
50130 4.122965 4.002076
50140 4.122612 1.809824
50150 4.122170 2.738671
50160 4.122473 2.488072
50170 4.123453 2.154106
50180 4.123658 2.263035
50190 4.124425 5.382600
50200 4.125885 3.071991
50210 4.127474 1.628342
50220 4.129117 1.425531
50230 4.130119 2.846155
50240 4.130106 5.493153
50250 4.129596 3.416747
50260 4.128989 3.265665
50270 4.128572 2.382978
50280 4.128165 2.340979
50290 4.127329 4.958642
50300 4.126782 3.703065
50310 4.126137 2.198847
50320 4.125548 1.236259
50330 4.125181 2.961049
50340 4.124994 -0.460684
50350 4.124351 3.272809
50360 4.124460 1.455922
50370 4.125565 1.817701
50380 4.126962 1.598751
50390 4.128432 2.341201
50400 4.129616 2.397070
50410 4.130675 1.769261
50420 4.130217 3.606036
50430 4.130394 1.462483
50440 4.131172 0.993379
50450 4.130800 4.161712
50460 4.130077 4.222573
50470 4.129369 4.370711
50480 4.129822 1.224666
50490 4.129883 2.251099
50500 4.129281 4.340443
50510 4.129073 3.318131
50520 4.128735 1.391652
50530 4.128936 3.340188
50540 4.128734 2.159147
50550 4.128526 3.432150
50560 4.127966 1.433056
50570 4.127349 3.828526
50580 4.126952 1.031609
50590 4.126447 1.933286
50600 4.126114 3.783339
50610 4.125599 2.348525
50620 4.125423 2.725707
50630 4.125477 2.982513
50640 4.125376 3.268115
50650 4.125544 2.295820
50660 4.125821 2.701199
50670 4.125485 3.325726
50680 4.124940 1.966036
50690 4.124617 2.954675
50700 4.124930 4.791731
50710 4.124731 4.350317
50720 4.124256 1.887142
50730 4.124044 0.053354
50740 4.123568 3.707005
50750 4.123011 3.225722
50760 4.122465 1.218059
50770 4.121879 1.329479
50780 4.121243 1.673953
50790 4.120613 5.507836
50800 4.121173 1.616035
50810 4.121822 2.660239
50820 4.121296 3.050326
50830 4.122086 1.308796
50840 4.122195 2.991423
50850 4.122600 1.034518
50860 4.123018 0.643167
50870 4.122486 5.824134
50880 4.122049 3.148601
50890 4.122657 2.293514
50900 4.122202 3.018825
50910 4.121612 1.650316
50920 4.120951 2.283497
50930 4.120703 2.013907
50940 4.120268 3.629995
50950 4.119850 4.280088
50960 4.119222 1.123161
50970 4.119748 3.086230
50980 4.120179 3.240109
50990 4.120593 1.202930
51000 4.121370 2.311987
51010 4.120607 2.922792
51020 4.120144 3.013209
51030 4.119573 2.703519
51040 4.118947 6.013072
51050 4.118442 1.806835
51060 4.117903 1.530765
51070 4.117421 2.197685
51080 4.117436 2.613610
51090 4.117585 1.680850
51100 4.117038 4.664485
51110 4.116740 2.100746
51120 4.116592 4.317398
51130 4.115898 2.116146
51140 4.115487 3.910613
51150 4.115062 1.176564
51160 4.114474 0.507761
51170 4.114377 2.499054
51180 4.114293 3.013194
51190 4.113871 2.921062
51200 4.113104 4.495281
51210 4.112625 2.225703
51220 4.112246 3.241669
51230 4.111974 4.006914
51240 4.112309 2.915936
51250 4.112649 3.351975
51260 4.113624 0.794427
51270 4.115479 1.718711
51280 4.116820 3.274948
51290 4.116989 2.342133
51300 4.117155 2.883495
51310 4.116911 2.175207
51320 4.116465 3.953293
51330 4.116508 2.218383
51340 4.116409 3.397599
51350 4.115635 3.955901
51360 4.115106 3.006440
51370 4.114443 5.503191
51380 4.114171 3.010691
51390 4.114495 1.699252
51400 4.114110 1.923063
51410 4.113370 3.233209
51420 4.113434 2.159762
51430 4.112915 1.974260
51440 4.112958 1.819764
51450 4.112550 3.023775
51460 4.112035 2.409645
51470 4.112342 2.175726
51480 4.112633 3.951785
51490 4.114883 1.396697
51500 4.117235 3.435898
51510 4.119938 1.985117
51520 4.120769 1.635134
51530 4.120940 3.518766
51540 4.121770 3.057907
51550 4.122104 3.232924
51560 4.121544 3.950427
51570 4.121643 3.252954
51580 4.121173 3.429332
51590 4.120743 4.147962
51600 4.120025 2.875052
51610 4.119330 4.194437
51620 4.118997 2.781109
51630 4.118990 2.873159
51640 4.118437 3.235305
51650 4.117833 5.669300
51660 4.117710 3.792896
51670 4.117977 3.534432
51680 4.117802 1.546580
51690 4.117507 0.338088
51700 4.116936 1.784291
51710 4.116494 3.608491
51720 4.115790 1.624822
51730 4.115532 0.163903
51740 4.114893 3.649005
51750 4.114253 3.377136
51760 4.113597 5.913626
51770 4.113067 3.559744
51780 4.112862 1.287333
51790 4.112257 1.912078
51800 4.111839 2.415230
51810 4.111561 2.907987
51820 4.112324 3.478467
51830 4.113960 3.575472
51840 4.114363 2.786057
51850 4.113885 0.665791
51860 4.113319 3.634754
51870 4.112604 3.317596
51880 4.112047 3.114103
51890 4.111805 3.156859
51900 4.111553 3.330944
51910 4.111242 2.169300
51920 4.110604 3.329949
51930 4.110036 4.574301
51940 4.109518 3.340027
51950 4.109245 3.673860
51960 4.109032 3.345679
51970 4.108455 3.069394
51980 4.108332 1.868535
51990 4.107912 3.689207
52000 4.108720 2.132502
52010 4.109942 3.444623
52020 4.110674 1.897391
52030 4.110882 2.020268
52040 4.110768 1.508141
52050 4.110314 3.342913
52060 4.110069 1.777396
52070 4.109385 3.518424
52080 4.108840 3.947659
52090 4.108304 3.167874
52100 4.108362 2.719148
52110 4.107902 3.069285
52120 4.107351 2.214711
52130 4.106747 3.382667
52140 4.106295 3.306363
52150 4.105690 4.470360
52160 4.105536 2.454508
52170 4.105360 1.629209
52180 4.106309 1.423960
52190 4.107228 1.235586
52200 4.108833 3.335250
52210 4.109292 3.152906
52220 4.109677 2.298464
52230 4.109188 2.520705
52240 4.108761 2.020398
52250 4.108315 1.623273
52260 4.107765 2.179558
52270 4.107500 2.225101
52280 4.106889 2.849551
52290 4.106231 1.741041
52300 4.105671 2.157045
52310 4.106969 2.974205
52320 4.110046 2.167596
52330 4.113816 2.297715
52340 4.119256 2.933981
52350 4.125000 1.467538
52360 4.127881 4.149295
52370 4.129638 1.300954
52380 4.129869 3.939801
52390 4.129463 3.003635
52400 4.128901 4.835368
52410 4.129205 3.104627
52420 4.129971 3.482739
52430 4.130132 2.945352
52440 4.129822 0.376999
52450 4.129977 2.806935
52460 4.129382 3.106657
52470 4.129746 2.066631
52480 4.130330 1.174973
52490 4.129794 3.314695
52500 4.129736 3.852584
52510 4.129170 2.808953
52520 4.128738 3.071864
52530 4.128661 3.638225
52540 4.128140 1.792745
52550 4.128542 3.890569
52560 4.129275 2.533214
52570 4.129622 1.892845
52580 4.129708 2.322393
52590 4.129467 1.763911
52600 4.128678 0.182320
52610 4.128309 1.469847
52620 4.127657 3.187829
52630 4.127296 3.941979
52640 4.127170 2.629604
52650 4.128572 7.203636
52660 4.129157 3.494593
52670 4.128802 3.733047
52680 4.130061 2.271902
52690 4.130866 2.320172
52700 4.131310 2.294619
52710 4.131274 1.117133
52720 4.130776 2.892631
52730 4.130435 3.250854
52740 4.130363 1.411217
52750 4.129879 2.213655
52760 4.129381 2.980949
52770 4.128739 2.140889
52780 4.128112 3.097186
52790 4.127497 3.214517
52800 4.126925 2.037033
52810 4.126258 2.316901
52820 4.126103 3.109399
52830 4.125700 3.463416
52840 4.125100 2.462035
52850 4.124577 3.313029
52860 4.124840 2.804617
52870 4.124614 1.221791
52880 4.123830 3.986433
52890 4.123303 3.029099
52900 4.122917 1.149268
52910 4.122910 2.779633
52920 4.124578 2.102201
52930 4.125459 4.265762
52940 4.126047 2.471367
52950 4.125966 0.600470
52960 4.125401 1.781180
52970 4.124868 1.852696
52980 4.124307 1.555159
52990 4.123748 2.886380
53000 4.123877 3.430515
53010 4.123448 1.778345
53020 4.123130 2.773813
53030 4.122564 3.515110
53040 4.122062 2.468303
53050 4.121899 3.019015
53060 4.121469 3.075434
53070 4.120886 3.325462
53080 4.120623 3.839695
53090 4.121675 2.601259
53100 4.122829 3.048839
53110 4.122374 3.843290
53120 4.121969 2.671554
53130 4.121751 1.501362
53140 4.122048 3.733994
53150 4.121406 2.062684
53160 4.120932 1.667353
53170 4.121300 1.639798
53180 4.121013 4.563394
53190 4.120541 3.298451
53200 4.120113 3.601630
53210 4.120658 4.950952
53220 4.121764 2.866657
53230 4.121507 0.497500
53240 4.121115 2.902660
53250 4.121508 3.138574
53260 4.121107 4.247256
53270 4.120668 1.624342
53280 4.119910 3.534893
53290 4.119370 2.888673
53300 4.118737 3.256227
53310 4.117923 6.096062
53320 4.117444 4.416414
53330 4.116925 1.499046
53340 4.117321 3.271799
53350 4.118438 2.077839
53360 4.118087 2.743369
53370 4.117719 3.772366
53380 4.117050 4.007722
53390 4.116451 3.311433
53400 4.115849 4.665702
53410 4.115347 2.767794
53420 4.114891 2.122163
53430 4.114293 3.365353
53440 4.113779 2.668233
53450 4.113189 3.600640
53460 4.113409 3.923691
53470 4.112892 4.127531
53480 4.112560 1.791257
53490 4.112001 2.736961
53500 4.111436 1.515178
53510 4.110960 3.420721
53520 4.110443 1.641368
53530 4.109905 3.379032
53540 4.109498 3.399032
53550 4.109556 2.131770
53560 4.109493 3.001594
53570 4.109050 2.549161
53580 4.108606 2.408759
53590 4.108256 2.116902
53600 4.107675 2.902400
53610 4.107100 1.698980
53620 4.106623 2.290019
53630 4.105960 6.278436
53640 4.105728 3.713515
53650 4.105129 2.991347
53660 4.104795 3.804204
53670 4.104165 1.633837
53680 4.103768 2.351496
53690 4.103171 3.197729
53700 4.102754 3.101612
53710 4.102333 3.205764
53720 4.102051 2.183637
53730 4.101817 3.797394
53740 4.101300 2.743859
53750 4.100799 1.673109
53760 4.100572 2.399912
53770 4.100205 3.251757
53780 4.099908 1.459339
53790 4.099899 3.240656
53800 4.099595 1.693452
53810 4.099059 2.069762
53820 4.098563 1.699708
53830 4.098154 3.840548
53840 4.097612 1.500855
53850 4.097140 3.344884
53860 4.096403 4.628502
53870 4.095950 2.339027
53880 4.095317 2.039885
53890 4.094691 1.944674
53900 4.094249 3.691952
53910 4.093767 2.658679
53920 4.093378 3.249787
53930 4.093271 1.892406
53940 4.092828 2.160959
53950 4.092340 3.498124
53960 4.092089 -0.074586
53970 4.091599 3.623032
53980 4.090940 3.041792
53990 4.091288 4.155839
54000 4.091108 3.614764
54010 4.090897 3.897991
54020 4.090580 3.537940
54030 4.090414 2.096055
54040 4.090431 3.487606
54050 4.089953 3.903584
54060 4.089817 2.277979
54070 4.089220 3.225230
54080 4.088576 5.762953
54090 4.088093 1.393001
54100 4.088377 2.968781
54110 4.088849 1.511012
54120 4.088491 2.976359
54130 4.087846 4.177392
54140 4.087327 3.482335
54150 4.086936 2.288046
54160 4.086512 3.888378
54170 4.086197 5.170835
54180 4.086486 3.510132
54190 4.086328 2.236810
54200 4.085830 3.127258
54210 4.085239 3.192095
54220 4.084605 2.232589
54230 4.084003 3.034740
54240 4.083592 3.961060
54250 4.083360 3.295621
54260 4.082748 2.266251
54270 4.082382 1.500671
54280 4.082066 3.094046
54290 4.081504 3.085386
54300 4.080957 3.887547
54310 4.080391 3.195402
54320 4.080623 3.072317
54330 4.080596 4.224437
54340 4.080337 3.226303
54350 4.079861 2.133905
54360 4.079180 4.052122
54370 4.078810 2.731209
54380 4.078169 0.701645
54390 4.077521 2.771870
54400 4.077292 3.744594
54410 4.076616 3.947257
54420 4.076116 2.119977
54430 4.075689 2.940136
54440 4.075244 3.223958
54450 4.075777 3.312846
54460 4.075694 3.621358
54470 4.075298 2.983315
54480 4.074679 4.665360
54490 4.074096 1.588865
54500 4.073497 1.966219
54510 4.072881 3.232202
54520 4.073769 2.672035
54530 4.075863 3.300483
54540 4.078005 3.347253
54550 4.079870 2.180564
54560 4.079559 4.927351
54570 4.079201 3.221303
54580 4.078671 4.778495
54590 4.078280 2.422042
54600 4.077754 1.092499
54610 4.077611 1.359358
54620 4.077476 2.731795
54630 4.078045 3.163336
54640 4.079740 1.813230
54650 4.080904 4.162925
54660 4.081911 3.513768
54670 4.082598 1.872907
54680 4.082110 1.753816
54690 4.082149 3.572866
54700 4.082145 2.393255
54710 4.081891 4.718797
54720 4.081612 2.133606
54730 4.081014 3.431365
54740 4.080785 2.976009
54750 4.080402 2.216179
54760 4.079975 1.335573
54770 4.079522 3.498860
54780 4.079193 1.877061
54790 4.078777 5.968960
54800 4.078465 3.252124
54810 4.078534 2.095439
54820 4.077872 4.177413
54830 4.077428 3.728493
54840 4.077073 2.385662
54850 4.076692 3.078690
54860 4.077158 2.897017
54870 4.077974 3.436721
54880 4.079199 2.054476
54890 4.079196 1.883640
54900 4.078795 3.441413
54910 4.078890 2.745425
54920 4.078835 4.382032
54930 4.079418 1.893100
54940 4.079440 2.223100
54950 4.079251 2.268720
54960 4.078897 1.227076
54970 4.078447 2.017206
54980 4.078077 3.725463
54990 4.077695 2.026185
55000 4.076906 -0.140494
55010 4.076616 0.565308
55020 4.076021 1.416998
55030 4.075447 4.729226
55040 4.074981 3.992102
55050 4.074498 3.034746
55060 4.074139 2.477722
55070 4.073616 1.862642
55080 4.073092 3.268452
55090 4.072534 4.042331
55100 4.072072 2.831972
55110 4.071936 1.896691
55120 4.071566 1.307730
55130 4.072322 4.233510
55140 4.073790 3.453645
55150 4.073882 2.162856
55160 4.073473 2.297491
55170 4.072895 3.941726
55180 4.072713 1.317532
55190 4.072660 3.232722
55200 4.072591 3.794848
55210 4.073250 1.690417
55220 4.072978 3.040713
55230 4.072410 2.556268
55240 4.072338 1.439743
55250 4.072887 3.436602
55260 4.072344 1.904275
55270 4.072075 3.190891
55280 4.071845 3.005661
55290 4.071495 1.854395
55300 4.071687 3.379210
55310 4.072473 2.180817
55320 4.072087 1.584307
55330 4.071668 0.662406
55340 4.071984 2.394672
55350 4.072139 3.469757
55360 4.071726 3.083944
55370 4.071380 2.839193
55380 4.070764 2.286804
55390 4.070151 2.366926
55400 4.069655 4.223197
55410 4.069292 1.962419
55420 4.070039 3.442287
55430 4.071698 2.965760
55440 4.073950 1.192530
55450 4.076104 1.544152
55460 4.078137 2.672917
55470 4.079327 2.688036
55480 4.079944 2.357681
55490 4.079429 3.124084
55500 4.078939 1.698130
55510 4.078530 2.286310
55520 4.077869 4.429937
55530 4.077463 3.425506
55540 4.076801 4.339978
55550 4.076238 3.196243
55560 4.075865 2.971307
55570 4.075520 2.984563
55580 4.075112 4.765952
55590 4.074622 1.588620
55600 4.074163 2.897008
55610 4.073670 3.872298
55620 4.073393 3.903192
55630 4.072875 6.028032
55640 4.072173 4.595477
55650 4.072002 5.400774
55660 4.071701 3.770616
55670 4.071165 3.117392
55680 4.070691 2.726241
55690 4.071353 0.868882
55700 4.071332 1.455729
55710 4.070604 5.732341
55720 4.070339 1.847232
55730 4.069942 3.386520
55740 4.069565 1.449245
55750 4.069096 2.893542
55760 4.068521 3.119316
55770 4.068512 1.227158
55780 4.068169 2.754973
55790 4.067666 2.582682
55800 4.067283 2.273731
55810 4.066591 1.487836
55820 4.066028 3.477082
55830 4.066043 1.375858
55840 4.065502 3.196596
55850 4.065288 3.975295
55860 4.065027 2.196687
55870 4.065035 4.007100
55880 4.066071 3.012970
55890 4.067350 3.613219
55900 4.068257 2.037676
55910 4.068775 2.883632
55920 4.068484 2.262071
55930 4.067974 1.788543
55940 4.067389 5.821512
55950 4.067487 2.973830
55960 4.067821 2.834774
55970 4.067736 3.811206
55980 4.067238 4.837499
55990 4.067305 3.181782
56000 4.066731 3.297716
56010 4.066870 3.327321
56020 4.067189 2.334934
56030 4.067010 4.059302
56040 4.066678 3.260349
56050 4.066092 7.841605
56060 4.065498 4.233733
56070 4.065010 1.801521
56080 4.064726 2.211869
56090 4.064216 6.032145
56100 4.063991 2.953871
56110 4.063518 2.640628
56120 4.063272 2.874569
56130 4.062818 5.567054
56140 4.063155 2.235345
56150 4.064493 3.311627
56160 4.065628 2.713508
56170 4.065957 1.995560
56180 4.065559 1.715802
56190 4.065225 4.071486
56200 4.064639 4.239098
56210 4.064183 4.652441
56220 4.063783 3.191084
56230 4.063481 3.852544
56240 4.062898 1.740177
56250 4.062303 1.700909
56260 4.061906 4.239531
56270 4.061381 5.347029
56280 4.060930 3.534307
56290 4.060536 2.098329
56300 4.060075 3.017214
56310 4.060025 1.999515
56320 4.059404 4.164616
56330 4.059373 2.841325
56340 4.058919 1.609304
56350 4.058898 3.266684
56360 4.059055 2.924672
56370 4.058818 3.424942
56380 4.058522 2.899509
56390 4.059032 1.935915
56400 4.059699 1.461873
56410 4.059433 1.750140
56420 4.058838 1.845235
56430 4.058545 3.110776
56440 4.058844 1.434344
56450 4.058367 3.324392
56460 4.058063 2.263484
56470 4.057755 3.304410
56480 4.057375 3.154400
56490 4.056864 4.225280
56500 4.056730 2.057905
56510 4.056678 1.754609
56520 4.056844 2.308932
56530 4.057524 1.857546
56540 4.058056 2.915582
56550 4.058330 2.107293
56560 4.059349 3.207651
56570 4.060771 3.435592
56580 4.062776 2.896735
56590 4.064720 4.000892
56600 4.067673 1.769090
56610 4.070063 2.712587
56620 4.071114 1.510480
56630 4.071740 1.366321
56640 4.072397 2.857482
56650 4.072082 2.760126
56660 4.071589 2.766003
56670 4.071236 1.973089
56680 4.071034 4.186334
56690 4.072039 3.163277
56700 4.071743 2.990567
56710 4.071161 3.043093
56720 4.070889 2.455312
56730 4.070651 2.778951
56740 4.071162 3.669326
56750 4.072371 1.905295
56760 4.071992 3.881480
56770 4.071444 3.403526
56780 4.071421 6.602977
56790 4.071054 3.490673
56800 4.070562 4.307980
56810 4.070081 2.129792
56820 4.070266 3.163979
56830 4.069716 4.073612
56840 4.069141 2.673691
56850 4.068794 3.263686
56860 4.068703 1.518363
56870 4.068111 2.236434
56880 4.067663 1.170450
56890 4.067452 1.717311
56900 4.066893 3.343712
56910 4.066340 2.245379
56920 4.065610 6.029709
56930 4.065326 1.759542
56940 4.064814 1.798580
56950 4.064320 3.425361
56960 4.065009 3.318099
56970 4.065792 3.590958
56980 4.066082 1.593660
56990 4.065886 3.487385
57000 4.065203 6.184534
57010 4.064932 2.169310
57020 4.064477 2.803052
57030 4.064017 1.391575
57040 4.063493 1.271719
57050 4.062999 3.632372
57060 4.063441 3.583965
57070 4.064937 1.996271
57080 4.066437 3.369551
57090 4.068010 3.443033
57100 4.070350 3.088876
57110 4.072931 1.435859
57120 4.075588 3.191413
57130 4.078385 2.710527
57140 4.079916 4.125876
57150 4.080284 3.655800
57160 4.079870 1.086339
57170 4.079370 3.850770
57180 4.078998 2.080884
57190 4.078559 3.275254
57200 4.078393 4.617409
57210 4.079368 3.387914
57220 4.080072 1.813722
57230 4.079732 3.242630
57240 4.079233 4.093362
57250 4.078652 3.783212
57260 4.078141 1.582257
57270 4.078999 2.768228
57280 4.080264 1.182110
57290 4.081892 2.913073
57300 4.083989 2.958814
57310 4.086595 1.293849
57320 4.088615 3.174877
57330 4.088704 3.067834
57340 4.088307 1.258451
57350 4.087733 3.459026
57360 4.087364 1.982286
57370 4.086748 3.459568
57380 4.086170 1.500245
57390 4.085692 2.005895
57400 4.085082 3.931628
57410 4.084840 1.453850
57420 4.084504 1.857887
57430 4.084186 3.108216
57440 4.084058 2.373515
57450 4.083737 2.526786
57460 4.083624 3.278264
57470 4.083193 4.144515
57480 4.082665 4.224101
57490 4.082394 1.736444
57500 4.082230 3.873280
57510 4.081815 3.702317
57520 4.081718 1.952493
57530 4.081798 2.895802
57540 4.081563 2.691518
57550 4.081200 2.607685
57560 4.081143 3.862669
57570 4.080810 6.829753
57580 4.081059 1.086750
57590 4.080595 1.997920
57600 4.080729 1.852109
57610 4.080350 2.930219
57620 4.079971 4.723930
57630 4.080287 3.198397
57640 4.080878 2.695718
57650 4.082131 2.269812
57660 4.082595 3.140846
57670 4.082499 2.318985
57680 4.082598 3.731244
57690 4.082181 2.887178
57700 4.081559 6.275916
57710 4.081103 3.897868
57720 4.080663 3.227519
57730 4.080119 2.092531
57740 4.079653 2.610696
57750 4.079461 3.498460
57760 4.079452 1.412004
57770 4.079421 2.152574
57780 4.080366 2.073951
57790 4.080154 3.007451
57800 4.082166 3.404003
57810 4.086274 3.670021
57820 4.090731 3.377762
57830 4.094922 2.932879
57840 4.098893 1.515903
57850 4.101620 1.552558
57860 4.103307 1.537049
57870 4.105044 2.007681
57880 4.105945 2.192971
57890 4.105504 2.032674
57900 4.105068 2.792487
57910 4.104884 4.331546
57920 4.104448 4.329431
57930 4.103793 3.842369
57940 4.103116 5.341269
57950 4.102662 2.960788
57960 4.102759 0.706256
57970 4.102478 2.149289
57980 4.102136 1.727714
57990 4.101510 4.674469
58000 4.101056 3.319260
58010 4.100475 3.349079
58020 4.099851 3.501727
58030 4.099394 2.739354
58040 4.099172 2.233418
58050 4.099029 2.592117
58060 4.098823 1.290623
58070 4.098199 4.333532
58080 4.097658 3.124377
58090 4.097546 2.284262
58100 4.097004 2.099100
58110 4.097279 3.216016
58120 4.097065 2.935270
58130 4.096682 5.017480
58140 4.095853 7.472107
58150 4.095768 2.599261
58160 4.096050 1.930545
58170 4.095712 2.777088
58180 4.095208 3.352573
58190 4.094888 2.119002
58200 4.094332 4.347361
58210 4.093886 3.370844
58220 4.093625 3.820408
58230 4.093098 3.394333
58240 4.092786 1.920862
58250 4.092253 1.648193
58260 4.091922 3.371987
58270 4.092026 2.439956
58280 4.091761 2.148333
58290 4.091291 3.678309
58300 4.091234 1.701067
58310 4.090781 1.948379
58320 4.090246 3.576147
58330 4.090124 3.343071
58340 4.089613 3.447624
58350 4.089645 2.881627
58360 4.089171 1.682697
58370 4.088832 0.938136
58380 4.088349 3.475410
58390 4.088000 3.549253
58400 4.087728 3.430455
58410 4.087092 1.165668
58420 4.086716 2.262979
58430 4.086230 4.353070
58440 4.085737 4.624541
58450 4.085250 3.715186
58460 4.085147 1.960976
58470 4.084576 4.366823
58480 4.084127 3.051960
58490 4.083825 3.229108
58500 4.083191 4.947058
58510 4.082677 4.575553
58520 4.082296 5.230012
58530 4.082229 1.138628
58540 4.081791 3.071718
58550 4.082265 2.001758
58560 4.082046 2.749536
58570 4.082029 3.680102
58580 4.081367 3.407635
58590 4.080864 5.200269
58600 4.080550 3.677580
58610 4.080129 2.859205
58620 4.079954 4.088450
58630 4.079699 3.125635
58640 4.079358 2.588082
58650 4.079014 1.955753
58660 4.078426 2.893513
58670 4.077831 4.258213
58680 4.077316 3.352994
58690 4.076702 3.994910
58700 4.076302 1.382212
58710 4.076031 2.097302
58720 4.075785 2.121173
58730 4.076031 3.342156
58740 4.077446 4.074986
58750 4.077452 1.314736
58760 4.077001 4.093494
58770 4.077119 2.183824
58780 4.077320 1.909901
58790 4.076834 2.925787
58800 4.076610 3.253887
58810 4.076865 1.410078
58820 4.076398 2.007584
58830 4.075891 3.220890
58840 4.075492 1.964638
58850 4.075041 1.576549
58860 4.074779 0.809265
58870 4.074832 2.039464
58880 4.075894 2.956787
58890 4.076499 1.623197
58900 4.076457 0.828917
58910 4.076501 3.063706
58920 4.078614 1.412331
58930 4.079423 -0.349690
58940 4.078928 1.345171
58950 4.079553 3.449097
58960 4.081163 2.345876
58970 4.082806 0.891058
58980 4.083518 0.345367
58990 4.083183 2.666085
59000 4.082629 1.985034
59010 4.082155 0.996257
59020 4.081930 3.474566
59030 4.081552 3.312600
59040 4.081133 3.182543
59050 4.080595 3.902848
59060 4.080132 3.302350
59070 4.079447 4.073225
59080 4.079841 2.798365
59090 4.080282 3.779311
59100 4.080585 1.623298
59110 4.081313 3.485482
59120 4.081143 5.144155
59130 4.080853 3.302636
59140 4.080963 2.020374
59150 4.080760 2.025755
59160 4.081225 3.110385
59170 4.080641 1.330029
59180 4.080098 2.111210
59190 4.079497 3.269520
59200 4.079115 3.567736
59210 4.078679 3.992836
59220 4.079352 2.647480
59230 4.079264 3.026180
59240 4.079159 2.778217
59250 4.078792 2.122415
59260 4.078330 3.241734
59270 4.078130 2.822795
59280 4.078741 3.166122
59290 4.079281 3.572874
59300 4.079261 0.777792
59310 4.079223 1.456450
59320 4.079264 1.062094
59330 4.078686 2.346423
59340 4.078741 1.923088
59350 4.078518 2.172215
59360 4.078013 2.765244
59370 4.077813 2.366957
59380 4.077579 2.416063
59390 4.077206 1.796223
59400 4.077011 4.640142
59410 4.077029 4.670912
59420 4.076624 1.571685
59430 4.076248 3.095174
59440 4.077018 3.024654
59450 4.077688 1.715908
59460 4.077501 3.686857
59470 4.077224 3.072938
59480 4.076861 1.365130
59490 4.076380 4.107566
59500 4.075822 8.046120
59510 4.075534 4.071223
59520 4.074976 3.009605
59530 4.075392 3.824973
59540 4.075735 1.598649
59550 4.075394 3.775926
59560 4.075096 2.813141
59570 4.075102 2.935950
59580 4.074495 3.270308
59590 4.073993 2.384823
59600 4.073591 1.719138
59610 4.073239 5.007601
59620 4.073134 2.089793
59630 4.072724 1.421599
59640 4.072512 2.586448
59650 4.072203 4.337556
59660 4.071924 5.541734
59670 4.071469 3.857714
59680 4.071032 2.239195
59690 4.071643 1.227698
59700 4.071953 3.589052
59710 4.071355 1.558160
59720 4.070819 2.722222
59730 4.070470 2.287355
59740 4.070401 1.874169
59750 4.070034 3.976420
59760 4.069795 2.653082
59770 4.069516 2.182782
59780 4.069020 3.477269
59790 4.069056 3.014430
59800 4.069393 3.551962
59810 4.070196 2.356273
59820 4.069804 4.796733
59830 4.069455 1.994724
59840 4.069354 3.066363
59850 4.068998 3.693639
59860 4.069066 1.870963
59870 4.069563 3.925148
59880 4.069027 1.962104
59890 4.068554 3.952742
59900 4.068379 4.048770
59910 4.067783 3.149296
59920 4.067416 2.247229
59930 4.067080 1.223147
59940 4.067089 2.087996
59950 4.067473 1.915842
59960 4.067587 1.538656
59970 4.068928 1.915130
59980 4.069686 4.790958
59990 4.069311 3.369191
60000 4.068798 1.917305
60010 4.068677 3.784021
60020 4.068281 2.914325
60030 4.067756 2.632840
60040 4.067632 2.814397
60050 4.067677 2.293698
60060 4.067418 1.797105
60070 4.067022 3.936916
60080 4.066364 4.526787
60090 4.066123 2.694067
60100 4.066570 2.627400
60110 4.067084 1.775581
60120 4.067275 3.013733
60130 4.067101 3.906089
60140 4.067364 2.082564
60150 4.067133 1.810383
60160 4.066597 2.972649
60170 4.066326 3.397335
60180 4.065943 2.311152
60190 4.065392 3.006290
60200 4.064985 4.021682
60210 4.064575 3.791609
60220 4.064322 2.315688
60230 4.063946 4.287896
60240 4.064363 2.172712
60250 4.064033 3.783248
60260 4.063792 1.298556
60270 4.063447 1.870352
60280 4.062994 3.085140
60290 4.062720 3.203066
60300 4.062541 2.689645
60310 4.062150 1.841146
60320 4.062238 2.107243
60330 4.061808 3.496943
60340 4.061411 2.261219
60350 4.061357 1.094251
60360 4.061449 1.762262
60370 4.061004 4.472117
60380 4.060923 2.231442
60390 4.060491 1.465870
60400 4.060237 1.719216
60410 4.059881 3.865110
60420 4.059384 2.703527
60430 4.059588 2.828642
60440 4.059532 2.945726
60450 4.059184 5.776524
60460 4.058969 2.111380
60470 4.058503 3.409663
60480 4.058821 1.622368
60490 4.058709 2.242700
60500 4.058471 3.348209
60510 4.057678 6.558526
60520 4.057379 3.770769
60530 4.057173 3.617623
60540 4.056708 2.127932
60550 4.056425 3.406040
60560 4.056295 2.612535
60570 4.055702 5.180872
60580 4.055371 3.343553
60590 4.055623 1.984018
60600 4.055333 2.181660
60610 4.055561 2.975040
60620 4.055623 2.419009
60630 4.055301 2.956386
60640 4.054882 2.141585
60650 4.054551 2.098071
60660 4.053986 1.890351
60670 4.053480 2.938835
60680 4.053494 3.312801
60690 4.053505 2.201652
60700 4.052946 3.285356
60710 4.053314 1.547265
60720 4.054157 2.937651
60730 4.055058 2.652167
60740 4.055256 1.913651
60750 4.055856 4.244501
60760 4.055771 3.135537
60770 4.055409 3.093651
60780 4.054958 3.555200
60790 4.054522 3.269981
60800 4.054057 3.366650
60810 4.053569 3.220914
60820 4.053410 2.092267
60830 4.053410 2.770616
60840 4.053241 1.487001
60850 4.053056 2.178151
60860 4.052775 2.375849
60870 4.052402 2.837241
60880 4.051885 4.368051
60890 4.051738 5.031160
60900 4.051286 2.306766
60910 4.050821 1.027807
60920 4.050370 3.704269
60930 4.050148 3.810860
60940 4.050157 3.376246
60950 4.050235 3.335856
60960 4.049736 4.425482
60970 4.049376 3.713150
60980 4.049053 1.745655
60990 4.048816 1.955968
61000 4.049140 2.265507
61010 4.048921 4.964805
61020 4.048774 3.004444
61030 4.049133 3.149909
61040 4.049758 2.170351
61050 4.051387 2.148731
61060 4.051800 3.773208
61070 4.051422 4.735385
61080 4.051182 1.640175
61090 4.050924 3.637510
61100 4.050408 2.194699
61110 4.050094 1.544359
61120 4.049805 1.958659
61130 4.049691 3.522947
61140 4.049510 1.768017
61150 4.049659 2.687993
61160 4.049548 2.847923
61170 4.049324 3.447835
61180 4.048700 3.919151
61190 4.048287 2.815125
61200 4.047941 0.684492
61210 4.047759 3.306837
61220 4.047283 3.564853
61230 4.047377 2.969522
61240 4.046947 3.029699
61250 4.047444 0.550731
61260 4.047163 3.905252
61270 4.046847 4.495462
61280 4.046523 3.498957
61290 4.047040 1.105973
61300 4.046744 1.831644
61310 4.046291 3.121098
61320 4.045685 3.809766
61330 4.045632 2.259520
61340 4.045695 3.611793
61350 4.045772 2.945205
61360 4.045277 3.761660
61370 4.044914 2.889598
61380 4.044668 3.097547
61390 4.044547 4.183184
61400 4.044960 4.056129
61410 4.045794 0.911216
61420 4.045332 1.985339
61430 4.044984 3.548376
61440 4.044486 4.286519
61450 4.044151 2.990102
61460 4.043816 3.573183
61470 4.043284 3.007925
61480 4.042923 1.199480
61490 4.042420 2.672978
61500 4.041778 4.859843
61510 4.041394 3.953606
61520 4.040856 1.470881
61530 4.040912 3.311208
61540 4.041356 1.864724
61550 4.040863 3.488403
61560 4.040775 2.755982
61570 4.040313 1.802924
61580 4.040412 3.405040
61590 4.040393 3.109836
61600 4.039931 2.977294
61610 4.040082 2.158866
61620 4.039791 4.111547
61630 4.039507 2.156726
61640 4.039016 2.248756
61650 4.039687 1.660891
61660 4.039291 4.276204
61670 4.038898 3.774152
61680 4.038456 4.167421
61690 4.038225 2.927678
61700 4.037720 1.634185
61710 4.037203 3.104588
61720 4.036855 2.222364
61730 4.036650 1.605476
61740 4.036277 2.994504
61750 4.036062 2.135619
61760 4.036279 3.198869
61770 4.035903 1.484992
61780 4.035578 1.351476
61790 4.035263 3.458613
61800 4.035125 3.584116
61810 4.035710 1.752214
61820 4.036114 3.848723
61830 4.037082 3.514483
61840 4.037246 1.333801
61850 4.037600 1.579809
61860 4.037003 4.058446
61870 4.037263 2.361634
61880 4.038138 2.788076
61890 4.037957 2.451685
61900 4.037489 3.143958
61910 4.037216 1.978709
61920 4.036595 4.116032
61930 4.036147 3.074141
61940 4.035620 3.366796
61950 4.035376 2.348042
61960 4.035124 1.696846
61970 4.034651 2.312766
61980 4.034833 2.832480
61990 4.035079 2.612053
62000 4.034664 2.132162
62010 4.034183 3.127837
62020 4.034841 1.084303
62030 4.034353 2.019251
62040 4.033807 3.253777
62050 4.033325 5.100141
62060 4.032930 3.387519
62070 4.032609 2.982699
62080 4.032143 1.790103
62090 4.031713 2.686766
62100 4.031238 3.602478
62110 4.030900 1.503718
62120 4.030501 4.132451
62130 4.031069 2.775624
62140 4.032307 -0.047598
62150 4.032337 2.390839
62160 4.031852 3.708885
62170 4.031560 -0.015671
62180 4.031628 3.304028
62190 4.031793 2.051928
62200 4.031450 1.552510
62210 4.031140 1.601359
62220 4.031109 1.216345
62230 4.030715 2.313184
62240 4.030256 2.719670
62250 4.031124 2.905282
62260 4.031999 4.069817
62270 4.031949 -0.111424
62280 4.031604 1.931371
62290 4.031478 2.201084
62300 4.031169 3.549276
62310 4.031344 1.410149
62320 4.030942 6.119561
62330 4.031165 3.131485
62340 4.031310 1.793077
62350 4.030872 2.389487
62360 4.030477 3.658990
62370 4.030195 2.836591
62380 4.029720 1.133907
62390 4.029633 2.665349
62400 4.029422 3.371113
62410 4.029576 1.828683
62420 4.029539 1.014582
62430 4.029440 2.851856
62440 4.028980 5.361785
62450 4.029078 3.585802
62460 4.029048 3.929011
62470 4.028452 3.833058
62480 4.028202 1.693985
62490 4.027826 3.080164
62500 4.027442 3.078907
62510 4.026923 4.091841
62520 4.026499 4.706618
62530 4.026648 2.079853
62540 4.026194 2.859163
62550 4.025927 2.060414
62560 4.025634 3.007757
62570 4.025793 3.127252
62580 4.027195 3.512344
62590 4.027902 1.552485
62600 4.027563 3.254335
62610 4.027151 5.220647
62620 4.026648 3.451534
62630 4.026071 2.843756
62640 4.025811 1.862341
62650 4.025507 2.827413
62660 4.025299 1.272199
62670 4.024892 3.724964
62680 4.024480 2.070675
62690 4.023948 3.675589
62700 4.024038 1.262589
62710 4.025004 3.141537
62720 4.025148 3.668269
62730 4.025381 1.901983
62740 4.025080 2.973963
62750 4.025619 2.675775
62760 4.025762 0.417400
62770 4.025259 2.042702
62780 4.025224 4.686215
62790 4.026323 2.183329
62800 4.027797 1.294776
62810 4.029184 2.073631
62820 4.029000 2.718392
62830 4.028972 3.410666
62840 4.028946 3.658186
62850 4.029158 2.792811
62860 4.028738 0.116098
62870 4.028369 1.900282
62880 4.027994 3.089894
62890 4.028806 1.127868
62900 4.029087 2.234396
62910 4.028814 1.974828
62920 4.028214 3.410023
62930 4.027713 3.717856
62940 4.027432 2.787888
62950 4.026963 1.792648
62960 4.026378 4.126247
62970 4.025914 2.687856
62980 4.025345 3.387864
62990 4.025373 2.762706
63000 4.025346 1.836113
63010 4.025180 1.289102
63020 4.024724 2.380106
63030 4.024400 2.052481
63040 4.023892 3.650955
63050 4.023954 1.021682
63060 4.023484 2.671034
63070 4.023180 3.117497
63080 4.022736 2.883611
63090 4.022404 1.627409
63100 4.022240 4.865224
63110 4.023046 3.864245
63120 4.024626 1.409629
63130 4.025311 3.553974
63140 4.025789 2.700467
63150 4.026007 0.164917
63160 4.025586 3.725988
63170 4.025185 3.691338
63180 4.024769 4.750581
63190 4.024270 3.547501
63200 4.024278 -1.668353
63210 4.023816 2.226126
63220 4.023374 1.333396
63230 4.023044 1.430498
63240 4.023440 3.623605
63250 4.023824 4.692010
63260 4.024619 3.983387
63270 4.025984 1.544805
63280 4.027004 1.840117
63290 4.027131 3.000215
63300 4.029356 0.901065
63310 4.030814 2.896007
63320 4.031183 3.194639
63330 4.030697 3.014724
63340 4.030187 3.509913
63350 4.030549 1.489981
63360 4.030885 -0.000159
63370 4.030519 2.835332
63380 4.029963 3.892244
63390 4.029709 1.663807
63400 4.029297 2.107023
63410 4.029193 3.008807
63420 4.028844 2.312534
63430 4.029086 2.461553
63440 4.029065 1.926166
63450 4.029043 1.794221
63460 4.028798 1.461864
63470 4.028468 2.034166
63480 4.027924 3.762700
63490 4.027667 3.855164
63500 4.027447 4.493753
63510 4.027721 2.773269
63520 4.027585 2.109737
63530 4.027114 2.728805
63540 4.026544 1.575741
63550 4.026023 2.471400
63560 4.025423 1.587086
63570 4.024935 1.651831
63580 4.024451 0.488384
63590 4.023971 3.551776
63600 4.023423 4.586705
63610 4.023157 2.805353
63620 4.022684 3.286198
63630 4.022179 4.867319
63640 4.021740 2.279036
63650 4.021208 2.996849
63660 4.020674 2.113021
63670 4.020353 3.665109
63680 4.020622 2.232906
63690 4.020945 3.146154
63700 4.020980 0.657946
63710 4.021026 3.733824
63720 4.020986 2.718146
63730 4.020882 1.676919
63740 4.020703 3.131912
63750 4.020591 1.169492
63760 4.022355 2.020062
63770 4.024407 3.236825
63780 4.025832 1.865502
63790 4.026078 1.955801
63800 4.025496 3.607026
63810 4.024976 3.722380
63820 4.024640 3.159514
63830 4.024486 1.727601
63840 4.024141 3.216717
63850 4.023933 0.385792
63860 4.023641 2.293851
63870 4.023338 3.446862
63880 4.023925 2.004508
63890 4.023599 1.520784
63900 4.023506 3.350470
63910 4.023763 2.988069
63920 4.023921 3.261951
63930 4.023682 3.458313
63940 4.023310 3.249574
63950 4.023430 2.103367
63960 4.023272 2.903006
63970 4.022926 3.915171
63980 4.022434 3.920169
63990 4.021953 1.774225
64000 4.021417 3.971682
64010 4.021229 3.234512
64020 4.021178 2.820921
64030 4.020779 4.938416
64040 4.020267 2.174569
64050 4.019895 2.538252
64060 4.019641 4.449232
64070 4.019309 1.787241
64080 4.019584 1.566228
64090 4.019853 4.598872
64100 4.020200 3.346065
64110 4.019758 3.036571
64120 4.019325 1.381645
64130 4.018834 3.355684
64140 4.019085 2.136244
64150 4.019039 1.760427
64160 4.018740 2.534029
64170 4.018524 1.908027
64180 4.018557 2.059937
64190 4.019570 3.050405
64200 4.020385 2.002860
64210 4.020468 3.106405
64220 4.020262 2.996892
64230 4.021125 3.322755
64240 4.022705 3.026768
64250 4.024076 0.948201
64260 4.024164 3.714176
64270 4.023766 2.160136
64280 4.023408 3.354291
64290 4.023023 4.043929
64300 4.022490 5.070225
64310 4.022127 3.658708
64320 4.022021 5.071241
64330 4.022606 3.142081
64340 4.022819 4.611921
64350 4.022512 2.925493
64360 4.022216 3.851881
64370 4.021697 2.849929
64380 4.021581 3.213561
64390 4.022008 2.294529
64400 4.022275 2.101831
64410 4.022701 1.189752
64420 4.022968 1.748150
64430 4.022605 3.199365
64440 4.022356 1.957581
64450 4.022040 4.391916
64460 4.021552 2.833915
64470 4.021313 2.727366
64480 4.020916 2.146292
64490 4.020400 4.422982
64500 4.019921 2.784141
64510 4.019425 1.587326
64520 4.019508 2.738396
64530 4.018924 5.291727
64540 4.018627 3.477313
64550 4.019862 3.338543
64560 4.020815 1.583852
64570 4.021856 3.244134
64580 4.023359 2.106142
64590 4.024224 1.066836
64600 4.024000 1.944490
64610 4.023420 5.186725
64620 4.022840 1.540053
64630 4.022802 2.794193
64640 4.022991 3.009120
64650 4.022747 3.439599
64660 4.022435 3.008542
64670 4.022046 2.781775
64680 4.021467 2.817772
64690 4.021288 3.624205
64700 4.021057 2.989354
64710 4.020561 2.783285
64720 4.020158 3.648484
64730 4.020140 1.710409
64740 4.020115 2.864705
64750 4.019637 1.963164
64760 4.019267 0.863768
64770 4.018820 3.502094
64780 4.018391 3.161649
64790 4.017993 2.934273
64800 4.017543 2.564393
64810 4.018057 1.640630
64820 4.018619 0.245383
64830 4.018147 1.645454
64840 4.017625 3.471120
64850 4.017786 2.014844
64860 4.017643 1.968006
64870 4.017446 3.753041
64880 4.017433 3.308700
64890 4.017772 2.612094
64900 4.017465 1.623376
64910 4.016891 5.393726
64920 4.016898 3.421962
64930 4.017340 3.567397
64940 4.017396 2.205238
64950 4.017139 4.219060
64960 4.016799 1.299579
64970 4.016258 5.155407
64980 4.015820 3.163596
64990 4.015627 1.897803
65000 4.016087 3.897649
65010 4.016732 3.483098
65020 4.016459 4.550784
65030 4.016054 3.527354
65040 4.016312 1.713634
65050 4.016158 2.342222
65060 4.016108 1.815388
65070 4.015755 2.328740
65080 4.015227 3.753047
65090 4.014704 3.943478
65100 4.014708 3.028848
65110 4.014346 1.267744
65120 4.013848 2.253159
65130 4.014037 3.313621
65140 4.013889 2.880498
65150 4.013411 5.410676
65160 4.013286 -0.455956
65170 4.013477 2.149178
65180 4.013300 3.774150
65190 4.013135 1.533771
65200 4.012758 4.816389
65210 4.012367 3.127561
65220 4.011901 2.327596
65230 4.011559 4.779202
65240 4.011258 2.785878
65250 4.011014 3.324496
65260 4.010680 1.429807
65270 4.010302 3.456704
65280 4.009824 4.693803
65290 4.009493 1.790873
65300 4.009007 3.804260
65310 4.008641 2.376923
65320 4.008607 1.987740
65330 4.008912 2.892356
65340 4.008501 4.116479
65350 4.008092 4.458048
65360 4.007739 3.747646
65370 4.007230 4.968387
65380 4.006798 3.540512
65390 4.007446 2.894820
65400 4.007902 2.619682
65410 4.007888 3.367389
65420 4.007754 4.124057
65430 4.007280 2.907442
65440 4.006749 3.360484
65450 4.006555 3.520196
65460 4.008009 4.564968
65470 4.009491 4.006261
65480 4.010585 3.475496
65490 4.011335 2.631497
65500 4.011649 3.281776
65510 4.011481 4.417836
65520 4.011699 3.733034
65530 4.012666 -0.523090
65540 4.013245 2.735156
65550 4.013097 2.903649
65560 4.012732 2.058910
65570 4.012615 4.182765
65580 4.012304 2.782331
65590 4.011869 2.199948
65600 4.011919 3.734158
65610 4.011658 0.753683
65620 4.011415 3.303397
65630 4.011008 3.598692
65640 4.010570 2.277612
65650 4.010511 2.350913
65660 4.009960 3.143875
65670 4.009646 2.176727
65680 4.009431 2.379691
65690 4.010475 0.397628
65700 4.011335 1.688214
65710 4.012428 3.057294
65720 4.012384 2.346588
65730 4.011893 2.191151
65740 4.011518 0.308253
65750 4.011296 1.437644
65760 4.011068 3.554737
65770 4.011424 0.289059
65780 4.011275 3.006960
65790 4.011067 3.387827
65800 4.010714 1.788172
65810 4.010433 2.835353
65820 4.009826 4.495356
65830 4.009473 1.920536
65840 4.008968 5.362608
65850 4.008627 4.652119
65860 4.008153 2.036623
65870 4.007675 3.569553
65880 4.007632 2.094489
65890 4.007371 2.608727
65900 4.006912 4.257322
65910 4.006505 3.382167
65920 4.006062 3.869055
65930 4.005906 3.254315
65940 4.006216 2.927808
65950 4.005980 2.827476
65960 4.005572 4.597099
65970 4.005180 3.750107
65980 4.005968 1.253100
65990 4.007006 1.328548
66000 4.008064 3.081272
66010 4.008938 1.724299
66020 4.009860 3.011441
66030 4.011312 0.765746
66040 4.012585 4.628901
66050 4.013674 0.917848
66060 4.014125 1.879002
66070 4.013701 3.091581
66080 4.013837 1.643510
66090 4.013727 1.797681
66100 4.013517 2.722752
66110 4.013482 2.683074
66120 4.013284 1.396485
66130 4.012973 0.768776
66140 4.012423 3.007666
66150 4.011874 3.197364
66160 4.011550 3.957873
66170 4.011007 3.842185
66180 4.010776 4.050996
66190 4.011131 4.140993
66200 4.011164 3.576051
66210 4.011211 2.108112
66220 4.010993 2.969764
66230 4.010620 3.817019
66240 4.010821 3.341547
66250 4.011456 2.034816
66260 4.011064 2.733482
66270 4.010778 2.782210
66280 4.010491 4.032554
66290 4.010212 2.816554
66300 4.009822 2.046670
66310 4.009447 3.000368
66320 4.009064 1.698941
66330 4.008620 3.738801
66340 4.008154 3.847077
66350 4.007775 3.146435
66360 4.008151 3.938023
66370 4.009416 0.797306
66380 4.009532 2.108141
66390 4.009180 3.894633
66400 4.009254 3.241981
66410 4.009312 3.346712
66420 4.008953 3.181555
66430 4.008634 2.806145
66440 4.008227 2.285131
66450 4.007718 2.121790
66460 4.007627 1.675807
66470 4.007370 2.029520
66480 4.006978 0.832465
66490 4.006683 5.628802
66500 4.006663 0.836861
66510 4.006865 2.644075
66520 4.007324 1.508049
66530 4.007062 2.093437
66540 4.006780 2.311752
66550 4.006326 2.188918
66560 4.006589 1.503728
66570 4.006412 6.479681
66580 4.006081 2.749640
66590 4.005804 3.363024
66600 4.005821 2.210027
66610 4.005638 3.190154
66620 4.005480 3.487758
66630 4.006252 3.743584
66640 4.006525 3.086628
66650 4.006252 2.050522
66660 4.005978 3.115494
66670 4.005675 2.359428
66680 4.005862 2.877188
66690 4.006353 4.017120
66700 4.006037 3.497684
66710 4.005679 1.982852
66720 4.005876 1.016018
66730 4.005359 4.750005
66740 4.005000 1.513605
66750 4.004674 1.616352
66760 4.004266 2.903133
66770 4.003901 1.642420
66780 4.003578 2.050877
66790 4.003170 2.845555
66800 4.002650 5.546972
66810 4.002225 3.678637
66820 4.002307 1.985217
66830 4.002215 1.589131
66840 4.001994 0.931712
66850 4.001746 1.828147
66860 4.001414 4.257912
66870 4.002017 1.425612
66880 4.001743 2.318317
66890 4.001476 3.960357
66900 4.001239 1.915139
66910 4.000893 3.311816
66920 4.000738 3.610725
66930 4.000247 3.914509
66940 3.999973 1.738937
66950 4.000135 3.592057
66960 4.000116 4.844311
66970 4.000019 2.009626
66980 3.999609 1.902515
66990 3.999317 2.047242
67000 3.998792 3.807389
67010 3.998425 3.738724
67020 3.998254 2.228877
67030 3.997979 2.925620
67040 3.997876 2.554125
67050 3.997820 1.808046
67060 3.997410 1.074384
67070 3.997348 3.689423
67080 3.997289 4.617898
67090 3.997550 2.282517
67100 3.998264 2.056880
67110 3.999148 2.227100
67120 3.999029 3.059273
67130 3.998686 2.185490
67140 3.998353 3.737959
67150 3.998119 4.199673
67160 3.998150 2.776703
67170 3.998303 3.989673
67180 3.998015 1.638409
67190 3.997523 4.904810
67200 3.997244 3.076971
67210 3.996821 3.225699
67220 3.996378 3.079643
67230 3.995847 4.135001
67240 3.995474 2.312420
67250 3.995104 2.279376
67260 3.995432 1.450118
67270 3.995496 2.923053
67280 3.995943 1.950684
67290 3.996057 0.806287
67300 3.996357 1.408004
67310 3.996483 1.723947
67320 3.996171 3.316508
67330 3.996174 2.325167
67340 3.995609 4.939280
67350 3.995350 3.763584
67360 3.994929 3.154922
67370 3.994942 3.818520
67380 3.995309 1.958684
67390 3.995929 2.012951
67400 3.996169 2.042067
67410 3.995839 2.624967
67420 3.995720 2.598758
67430 3.995440 3.646349
67440 3.994934 3.568316
67450 3.994443 5.787397
67460 3.993946 3.426683
67470 3.993571 1.891715
67480 3.993093 2.040352
67490 3.992524 5.099190
67500 3.992507 2.089720
67510 3.992345 2.175314
67520 3.992224 1.622105
67530 3.992583 4.747317
67540 3.992511 3.290915
67550 3.992149 4.694491
67560 3.991882 2.172537
67570 3.991505 4.571404
67580 3.992171 2.826441
67590 3.992931 3.549637
67600 3.993972 1.606324
67610 3.993856 2.085041
67620 3.993566 2.170277
67630 3.993199 3.561424
67640 3.992929 2.099130
67650 3.992452 3.669141
67660 3.991897 2.966976
67670 3.992322 3.855743
67680 3.993759 3.723000
67690 3.993877 0.854028
67700 3.993395 3.029869
67710 3.993194 3.119233
67720 3.992748 3.233274
67730 3.992426 1.656783
67740 3.992293 0.520581
67750 3.991800 5.047922
67760 3.991295 3.809693
67770 3.990934 2.774519
67780 3.991082 1.711660
67790 3.990691 3.271586
67800 3.990248 2.847972
67810 3.989814 1.899214
67820 3.989382 3.657706
67830 3.989077 2.878014
67840 3.989005 2.324608
67850 3.989186 2.329300
67860 3.989388 5.451324
67870 3.989250 3.160569
67880 3.989701 2.808623
67890 3.989363 1.810604
67900 3.989081 2.562839
67910 3.989146 2.813386
67920 3.990058 2.354024
67930 3.991317 1.910376
67940 3.992594 2.630098
67950 3.993770 1.972390
67960 3.994309 4.198106
67970 3.994965 -0.484793
67980 3.994761 1.661050
67990 3.994263 3.471202
68000 3.993993 1.643954
68010 3.993533 2.026783
68020 3.993042 2.222378
68030 3.992715 1.816499
68040 3.992292 3.853209
68050 3.992937 1.772062
68060 3.992497 3.734866
68070 3.992121 2.219941
68080 3.992322 2.100530
68090 3.991922 3.437527
68100 3.991702 1.547201
68110 3.991548 3.258756
68120 3.991636 2.162225
68130 3.991247 1.362829
68140 3.990965 2.998587
68150 3.991063 3.695643
68160 3.991066 1.161041
68170 3.992667 2.734690
68180 3.994643 2.249182
68190 3.995610 2.009658
68200 3.995409 3.035320
68210 3.994997 3.124492
68220 3.994502 3.265695
68230 3.994392 2.307907
68240 3.994054 3.450243
68250 3.993739 2.178108
68260 3.993544 2.133172
68270 3.993139 2.966796
68280 3.993193 3.296774
68290 3.993646 0.983076
68300 3.993244 1.385648
68310 3.993063 2.299441
68320 3.992927 1.714683
68330 3.993005 2.033596
68340 3.993626 3.905802
68350 3.993340 1.045174
68360 3.992871 2.211974
68370 3.992346 3.195926
68380 3.992059 1.143578
68390 3.991730 3.722823
68400 3.991505 2.953242
68410 3.991255 1.789829
68420 3.990860 1.987469
68430 3.990353 3.294360
68440 3.989853 4.583416
68450 3.990372 1.840859
68460 3.991036 1.615069
68470 3.991043 5.020643
68480 3.991098 3.101912
68490 3.990832 2.661183
68500 3.990633 3.764945
68510 3.990273 1.907407
68520 3.990120 3.677536
68530 3.990939 1.906758
68540 3.991152 1.876632
68550 3.991186 2.062079
68560 3.990916 2.148538
68570 3.990476 3.081081
68580 3.990094 2.740858
68590 3.989978 4.963365
68600 3.990122 3.167246
68610 3.990560 1.559913
68620 3.991477 1.267441
68630 3.991520 2.914351
68640 3.990995 3.181218
68650 3.990651 2.882775
68660 3.990367 3.313033
68670 3.990684 1.939081
68680 3.990558 2.003125
68690 3.990884 2.351624
68700 3.990488 5.041249
68710 3.990045 6.531697
68720 3.989617 1.862378
68730 3.989191 1.646481
68740 3.988906 1.713757
68750 3.989137 1.951092
68760 3.988855 3.682574
68770 3.989332 1.578995
68780 3.989874 2.109002
68790 3.989422 3.397442
68800 3.988866 3.929942
68810 3.988430 2.386674
68820 3.987975 2.252529
68830 3.987736 1.364627
68840 3.987879 3.450787
68850 3.988318 3.588379
68860 3.988337 2.289383
68870 3.988032 3.797167
68880 3.987468 5.194281
68890 3.987207 1.956918
68900 3.986979 0.903255
68910 3.986579 3.511199
68920 3.986781 2.130053
68930 3.986629 4.152668
68940 3.986508 3.426443
68950 3.986083 5.338004
68960 3.985679 3.125295
68970 3.985289 3.295221
68980 3.985039 2.188407
68990 3.984551 1.884980
69000 3.984171 2.245079
69010 3.984018 1.091477
69020 3.983835 1.195034
69030 3.984200 1.751157
69040 3.983941 4.278673
69050 3.983837 3.547147
69060 3.983513 3.584281
69070 3.983665 3.354921
69080 3.983575 2.690643
69090 3.983327 1.050268
69100 3.983170 1.445398
69110 3.983158 1.751932
69120 3.984352 3.199102
69130 3.985365 1.686087
69140 3.986370 1.409907
69150 3.987985 2.810407
69160 3.989172 3.019941
69170 3.990742 2.276019
69180 3.991265 1.355014
69190 3.990925 2.220920
69200 3.990532 1.572780
69210 3.990095 2.427062
69220 3.989644 3.465720
69230 3.989833 1.158149
69240 3.990229 2.063639
69250 3.989943 2.951314
69260 3.989550 2.912582
69270 3.989085 2.643218
69280 3.988696 1.405284
69290 3.988414 1.313610
69300 3.987969 1.905659
69310 3.987900 2.053351
69320 3.988479 1.599429
69330 3.988486 3.078726
69340 3.988363 4.006674
69350 3.988051 3.090402
69360 3.988134 1.852780
69370 3.987570 3.414140
69380 3.987098 3.891031
69390 3.986698 2.073703
69400 3.986370 2.864765
69410 3.986039 3.191440
69420 3.985722 3.287838
69430 3.986316 1.984048
69440 3.986530 2.179975
69450 3.986113 2.188459
69460 3.985919 0.928224
69470 3.985801 3.158595
69480 3.985541 1.390068
69490 3.985156 2.784894
69500 3.984738 4.482140
69510 3.984525 2.290005
69520 3.984025 2.958732
69530 3.983752 3.764298
69540 3.983506 2.075327
69550 3.983129 4.979813
69560 3.982894 3.689413
69570 3.983002 1.821940
69580 3.983103 1.228838
69590 3.982659 3.217509
69600 3.982174 2.048972
69610 3.982087 0.361986
69620 3.981772 1.135794
69630 3.981387 3.617375
69640 3.981006 3.378271
69650 3.980550 2.793008
69660 3.980087 3.866964
69670 3.980075 1.599580
69680 3.980557 2.149590
69690 3.980545 2.194459
69700 3.980549 3.015784
69710 3.981172 1.814447
69720 3.982078 1.037736
69730 3.981901 4.057048
69740 3.981830 1.935624
69750 3.981395 4.738388
69760 3.980952 1.195442
69770 3.980718 3.576219
69780 3.980434 2.179317
69790 3.979956 2.426973
69800 3.980264 3.799603
69810 3.981086 3.117187
69820 3.980872 2.810881
69830 3.980432 2.604960
69840 3.979891 3.964019
69850 3.979475 2.897832
69860 3.979740 2.751293
69870 3.979380 1.519413
69880 3.978999 3.252501
69890 3.978751 2.167890
69900 3.978365 1.845251
69910 3.978125 3.988725
69920 3.977895 2.883997
69930 3.977528 4.805681
69940 3.977452 3.065900
69950 3.977334 1.842723
69960 3.977210 2.315659
69970 3.977480 2.649415
69980 3.977583 2.071332
69990 3.977377 2.054719
70000 3.977053 3.083723
70010 3.976988 3.059293
70020 3.977125 4.446637
70030 3.976712 4.240794
70040 3.976411 5.294613
70050 3.976643 2.164932
70060 3.976515 1.423359
70070 3.976186 -0.489114
70080 3.975914 3.741616
70090 3.976119 6.031601
70100 3.977085 1.335591
70110 3.978298 5.397330
70120 3.979668 2.735995
70130 3.979515 3.421161
70140 3.979208 3.487912
70150 3.979261 1.001287
70160 3.978758 1.824850
70170 3.978366 3.721836
70180 3.978098 2.376208
70190 3.977602 2.396760
70200 3.977143 1.719414
70210 3.976664 0.837839
70220 3.976192 4.678856
70230 3.976004 3.308291
70240 3.975807 2.985274
70250 3.977279 1.370684
70260 3.978696 0.904899
70270 3.979762 2.158133
70280 3.979477 2.261051
70290 3.979382 1.957183
70300 3.979405 1.093737
70310 3.979408 2.933382
70320 3.979194 2.127227
70330 3.978642 4.726487
70340 3.978421 2.064018
70350 3.978242 0.950002
70360 3.978019 1.657949
70370 3.977719 2.435319
70380 3.977184 4.566406
70390 3.976702 3.991426
70400 3.976373 1.756380
70410 3.975903 3.430479
70420 3.976136 0.803709
70430 3.976238 3.667413
70440 3.975809 1.759040
70450 3.975479 2.658841
70460 3.975052 3.458262
70470 3.975594 2.148636
70480 3.976416 1.322844
70490 3.976686 2.154610
70500 3.977123 3.813761
70510 3.977056 1.602686
70520 3.976918 4.043398
70530 3.976437 4.086388
70540 3.975928 4.641895
70550 3.975481 4.459328
70560 3.975634 1.440024
70570 3.975468 2.413868
70580 3.975872 3.701427
70590 3.975481 1.129436
70600 3.975670 3.098127
70610 3.975681 3.155893
70620 3.975496 2.339900
70630 3.975559 2.071799
70640 3.975326 3.299971
70650 3.975066 2.734009
70660 3.975319 3.449300
70670 3.976205 2.696555
70680 3.977767 2.732665
70690 3.979732 2.551669
70700 3.982524 1.367568
70710 3.985812 1.889790
70720 3.988980 -0.787019
70730 3.990316 2.286379
70740 3.990683 3.413431
70750 3.990493 3.479082
70760 3.990512 0.849438
70770 3.990234 2.711952
70780 3.990013 1.552626
70790 3.989672 3.496104
70800 3.989444 4.826639
70810 3.988956 1.384181
70820 3.988471 3.659496
70830 3.988458 3.418139
70840 3.987965 3.841322
70850 3.987782 3.714183
70860 3.987484 3.363792
70870 3.987476 2.923961
70880 3.987988 2.815000
70890 3.989197 1.834690
70900 3.989676 2.111829
70910 3.989487 2.193297
70920 3.989165 2.789276
70930 3.990858 4.354180
70940 3.992569 2.864960
70950 3.994511 3.376656
70960 3.995933 2.465615
70970 3.997633 0.919758
70980 3.997556 1.866753
70990 3.997249 1.797942
71000 3.996854 3.335880
71010 3.996520 4.259468
71020 3.996311 3.688920
71030 3.995971 2.293888
71040 3.995492 2.086766
71050 3.995367 3.496224
71060 3.995773 1.909206
71070 3.996942 1.976775
71080 3.996889 4.318183
71090 3.996517 4.765227
71100 3.996636 3.604489
71110 3.996970 2.268878
71120 3.996998 2.239731
71130 3.996656 3.395748
71140 3.996476 3.209107
71150 3.996314 3.346890
71160 3.996255 2.444689
71170 3.996834 4.155120
71180 3.997677 3.192570
71190 3.998825 0.695125
71200 3.999244 3.065681
71210 3.999126 2.710258
71220 3.999059 0.152694
71230 3.999012 2.923726
71240 3.998954 1.866504
71250 4.000253 -0.019250
71260 4.002173 2.112772
71270 4.004477 2.938645
71280 4.006859 2.798258
71290 4.008054 2.021129
71300 4.007791 1.520381
71310 4.007678 3.931319
71320 4.007790 1.957650
71330 4.008032 1.436277
71340 4.007690 4.081266
71350 4.007732 2.619540
71360 4.007312 -0.019170
71370 4.006982 0.653082
71380 4.006874 2.695863
71390 4.007731 2.160784
71400 4.007767 1.843972
71410 4.007475 1.220518
71420 4.007311 1.275100
71430 4.007047 3.373401
71440 4.007167 1.956947
71450 4.007483 3.987812
71460 4.007161 1.765464
71470 4.006918 1.941348
71480 4.006579 2.078823
71490 4.006130 1.984812
71500 4.006395 4.086271
71510 4.006059 3.689071
71520 4.005935 5.028857
71530 4.006353 3.693531
71540 4.006596 1.623784
71550 4.006155 2.985897
71560 4.005911 2.294805
71570 4.005729 0.659476
71580 4.005418 1.617589
71590 4.004938 3.218399
71600 4.004508 3.255041
71610 4.004066 2.943814
71620 4.003820 3.186385
71630 4.003344 3.621381
71640 4.003065 3.502862
71650 4.002707 4.327970
71660 4.002450 0.614945
71670 4.002082 3.496932
71680 4.001863 1.199920
71690 4.002281 3.858764
71700 4.002641 1.046497
71710 4.002161 4.020995
71720 4.001847 1.475051
71730 4.001371 1.821359
71740 4.000881 3.511535
71750 4.000798 3.021558
71760 4.001317 2.165282
71770 4.000977 0.742801
71780 4.000786 2.139412
71790 4.001061 1.440848
71800 4.000963 1.559225
71810 4.000728 3.061035
71820 4.000215 4.421170
71830 4.000173 1.916961
71840 4.000855 1.072138
71850 4.001034 2.150320
71860 4.000637 3.697159
71870 4.000729 2.368155
71880 4.001007 2.834306
71890 4.001204 0.993749
71900 4.000882 1.944230
71910 4.000548 3.771999
71920 4.000412 1.929820
71930 4.000058 2.914428
71940 4.000631 2.205205
71950 4.001747 1.790169
71960 4.001499 3.480989
71970 4.001278 2.410396
71980 4.000936 3.195582
71990 4.000957 3.358690
72000 4.000681 3.378418
72010 4.000413 2.994978
72020 4.000495 2.748419
72030 4.000265 0.883206
72040 4.000005 3.320063
72050 3.999901 1.635599
72060 3.999962 1.801959
72070 3.999618 6.714644
72080 3.999278 4.184932
72090 3.999104 2.855631
72100 3.999595 0.726923
72110 4.000086 1.982464
72120 3.999601 4.291046
72130 4.000004 0.380691
72140 3.999672 0.776458
72150 3.999474 1.417806
72160 3.999383 7.541196
72170 3.999214 1.944030
72180 3.999555 3.148102
72190 4.000310 3.265732
72200 4.000997 2.205265
72210 4.001975 2.040212
72220 4.002479 3.923273
72230 4.002089 2.712541
72240 4.001964 3.491216
72250 4.003713 1.939612
72260 4.005365 3.628034
72270 4.007079 2.880730
72280 4.009198 3.666385
72290 4.011177 1.285958
72300 4.011826 3.226558
72310 4.012122 2.187707
72320 4.011787 0.463940
72330 4.011420 3.458522
72340 4.011593 3.155378
72350 4.011719 2.059995
72360 4.011520 3.520289
72370 4.011696 2.583454
72380 4.011789 2.929704
72390 4.011329 1.532925
72400 4.010937 1.509887
72410 4.010518 5.516815
72420 4.010116 1.828909
72430 4.009710 2.185606
72440 4.009203 1.480047
72450 4.008954 3.623304
72460 4.008599 3.699742
72470 4.008093 3.402358
72480 4.007730 2.738674
72490 4.008073 3.835123
72500 4.009246 3.850155
72510 4.010010 1.782876
72520 4.010676 2.670914
72530 4.011119 2.232197
72540 4.010894 3.431567
72550 4.010812 3.222042
72560 4.010693 3.622198
72570 4.010400 3.438809
72580 4.010055 4.388150
72590 4.009743 1.116713
72600 4.009233 1.874352
72610 4.009368 2.702041
72620 4.009607 2.976773
72630 4.009422 3.474757
72640 4.009201 3.412011
72650 4.008872 1.479814
72660 4.008715 2.113600
72670 4.008682 0.277697
72680 4.008520 4.012658
72690 4.008261 2.735712
72700 4.008312 3.468861
72710 4.008683 1.536619
72720 4.008638 2.838089
72730 4.008392 1.660392
72740 4.008111 3.398279
72750 4.008233 2.933804
72760 4.008163 3.672637
72770 4.008557 3.328574
72780 4.010111 1.888125
72790 4.011218 1.195271
72800 4.012110 2.676038
72810 4.013478 2.422798
72820 4.014151 2.869335
72830 4.014924 0.973218
72840 4.015156 2.910778
72850 4.015213 3.429653
72860 4.014754 2.861766
72870 4.014345 1.709165
72880 4.013927 3.787664
72890 4.013962 2.787762
72900 4.014230 2.282552
72910 4.015376 1.350138
72920 4.016795 1.837935
72930 4.017611 2.084247
72940 4.018033 1.420531
72950 4.017839 3.193960
72960 4.018023 1.974682
72970 4.017774 4.207416
72980 4.017516 2.286203
72990 4.017281 2.983320
73000 4.017236 3.505792
73010 4.017100 1.609407
73020 4.016722 3.085992
73030 4.016496 3.035234
73040 4.016297 3.970654
73050 4.015801 6.117801
73060 4.015405 3.088887
73070 4.015216 3.934746
73080 4.015859 3.681008
73090 4.015787 3.640467
73100 4.015531 4.449225
73110 4.015114 1.715248
73120 4.015039 1.508394
73130 4.015330 3.051960
73140 4.014894 2.360081
73150 4.014552 1.663489
73160 4.014720 2.225000
73170 4.015569 5.135779
73180 4.016264 2.148451
73190 4.016028 3.404225
73200 4.015924 4.345516
73210 4.015913 2.275965
73220 4.016174 2.905399
73230 4.016249 1.995216
73240 4.015808 5.307028
73250 4.015539 2.222229
73260 4.015081 3.503626
73270 4.015050 3.175255
73280 4.015191 2.790144
73290 4.014732 6.192784
73300 4.014639 1.582562
73310 4.014297 0.872913
73320 4.013949 2.711358
73330 4.013476 3.278270
73340 4.013043 4.518236
73350 4.012618 4.565531
73360 4.012225 1.975364
73370 4.012276 2.120457
73380 4.011986 3.416501
73390 4.011826 2.400875
73400 4.012164 2.167102
73410 4.012136 4.251422
73420 4.012057 2.329282
73430 4.011919 3.822780
73440 4.012088 2.921754
73450 4.012625 0.755727
73460 4.012392 2.122104
73470 4.011971 1.721626
73480 4.011466 3.022608
73490 4.011197 4.002302
73500 4.011009 3.442977
73510 4.010642 2.719357
73520 4.010613 2.824762
73530 4.010406 1.776422
73540 4.010120 2.182682
73550 4.010226 2.094496
73560 4.011036 1.567142
73570 4.011652 2.928196
73580 4.012657 2.276331
73590 4.013064 2.314068
73600 4.013834 -0.516076
73610 4.014206 3.057617
73620 4.013825 1.994954
73630 4.013555 2.380946
73640 4.013093 3.077791
73650 4.012706 0.865737
73660 4.012302 1.872768
73670 4.012065 4.747060
73680 4.012048 2.124963
73690 4.011754 2.654775
73700 4.011525 2.127001
73710 4.011372 2.908487
73720 4.011072 1.711456
73730 4.010919 3.573047
73740 4.010483 2.187707
73750 4.010094 2.370853
73760 4.009705 5.039280
73770 4.009386 2.862177
73780 4.009173 5.029846
73790 4.009351 1.548701
73800 4.009516 3.289353
73810 4.009706 1.139295
73820 4.009329 1.913073
73830 4.008857 1.761606
73840 4.008674 3.228434
73850 4.008509 2.787419
73860 4.008015 1.683159
73870 4.007600 1.987019
73880 4.007125 1.690506
73890 4.006934 3.204547
73900 4.006998 2.281808
73910 4.006836 3.448596
73920 4.006614 3.253775
73930 4.006251 3.707835
73940 4.005856 2.795053
73950 4.005397 5.113190
73960 4.005064 2.590679
73970 4.004824 3.383359
73980 4.004591 1.118596
73990 4.004431 3.813440
74000 4.004131 4.935328
74010 4.003856 4.338826
74020 4.003769 2.814941
74030 4.003403 2.173767
74040 4.003355 1.547921
74050 4.003194 1.585017
74060 4.003024 1.818229
74070 4.002885 3.040000
74080 4.002422 3.010227
74090 4.002235 2.061232
74100 4.002578 2.761804
74110 4.002576 2.678107
74120 4.002818 4.975144
74130 4.002737 3.289375
74140 4.002411 2.990319
74150 4.002624 -0.129957
74160 4.002576 2.762775
74170 4.002294 2.957102
74180 4.002092 2.825800
74190 4.002017 4.309358
74200 4.001801 1.850573
74210 4.001477 2.406138
74220 4.000978 2.212321
74230 4.000478 2.025356
74240 4.000347 2.162896
74250 4.000281 2.048253
74260 4.000177 2.962452
74270 3.999944 1.087627
74280 3.999778 3.041115
74290 3.999706 4.317714
74300 3.999329 2.640561
74310 3.999137 2.262893
74320 3.998698 3.922718
74330 3.998302 4.108934
74340 3.997831 3.560266
74350 3.997316 4.753210
74360 3.996941 1.576513
74370 3.996825 1.269260
74380 3.996600 2.268334
74390 3.996439 1.032423
74400 3.996151 1.556357
74410 3.995949 2.582655
74420 3.995735 1.806388
74430 3.995351 3.653134
74440 3.994963 3.146369
74450 3.994583 2.072217
74460 3.994143 2.009294
74470 3.993854 4.294019
74480 3.993400 2.854736
74490 3.993067 1.941012
74500 3.992974 2.081711
74510 3.993131 2.618334
74520 3.993021 3.081509
74530 3.992569 3.562665
74540 3.992206 3.034376
74550 3.991718 2.557654
74560 3.991936 2.107459
74570 3.991831 5.819159
74580 3.992186 3.973783
74590 3.991854 2.165200
74600 3.992263 2.093917
74610 3.992099 1.096053
74620 3.991817 3.010720
74630 3.991519 3.268589
74640 3.991296 1.665864
74650 3.990976 2.367945
74660 3.990845 4.221819
74670 3.990476 3.297331
74680 3.990302 2.939430
74690 3.989897 3.887252
74700 3.989478 2.407178
74710 3.989383 1.623840
74720 3.989392 2.674100
74730 3.988968 4.451817
74740 3.988620 2.382083
74750 3.988218 4.335393
74760 3.987974 1.951137
74770 3.987540 4.406542
74780 3.987248 4.112792
74790 3.987302 3.686869
74800 3.987041 1.769740
74810 3.986990 1.880558
74820 3.986842 4.324634
74830 3.987178 1.424944
74840 3.987111 3.548023
74850 3.986821 1.450299
74860 3.986394 3.254513
74870 3.986275 4.030785
74880 3.986033 3.706282
74890 3.985737 2.037774
74900 3.985431 3.660362
74910 3.985017 3.579461
74920 3.984592 4.870274
74930 3.984467 1.043297
74940 3.984113 4.516609
74950 3.984118 1.847189
74960 3.984332 3.501931
74970 3.983913 4.990284
74980 3.983425 4.503759
74990 3.983128 1.656703
75000 3.982637 4.209663
75010 3.982243 3.288636
75020 3.983170 0.322476
75030 3.985462 2.768503
75040 3.988060 1.885043
75050 3.990636 1.778033
75060 3.992459 3.517798
75070 3.993691 1.967616
75080 3.993666 1.314329
75090 3.994210 1.970972
75100 3.993978 3.094958
75110 3.993519 4.120014
75120 3.993179 3.048086
75130 3.993006 -0.638652
75140 3.992717 2.808220
75150 3.992403 2.961286
75160 3.992188 3.265957
75170 3.991859 2.617493
75180 3.991648 1.107213
75190 3.991231 3.632652
75200 3.991174 2.676097
75210 3.990978 1.903111
75220 3.990647 2.133519
75230 3.990857 0.741280
75240 3.990617 2.861973
75250 3.990520 3.037963
75260 3.990705 3.461693
75270 3.990280 3.388511
75280 3.990051 3.616886
75290 3.990221 1.531566
75300 3.989792 4.030859
75310 3.989353 1.901857
75320 3.989095 2.522574
75330 3.989265 2.363230
75340 3.989620 3.048092
75350 3.989406 4.058460
75360 3.989136 2.155458
75370 3.988753 5.148485
75380 3.988400 2.760137
75390 3.988000 5.434320
75400 3.987620 3.713499
75410 3.987314 1.883113
75420 3.987200 1.789435
75430 3.986800 4.594124
75440 3.987010 1.437814
75450 3.986662 3.104666
75460 3.986369 4.712944
75470 3.986083 2.308204
75480 3.985983 3.701948
75490 3.985774 4.460144
75500 3.985459 -0.022628
75510 3.985316 1.279467
75520 3.985326 3.073599
75530 3.985188 4.109633
75540 3.984895 2.182800
75550 3.984776 2.832411
75560 3.984802 4.359267
75570 3.984480 4.444612
75580 3.984503 2.247514
75590 3.984299 4.479986
75600 3.983996 1.871366
75610 3.983671 3.838276
75620 3.983276 2.189517
75630 3.982986 1.479778
75640 3.982981 4.895191
75650 3.982740 1.286846
75660 3.982419 1.464162
75670 3.982133 1.561776
75680 3.981714 4.638899
75690 3.981386 1.905045
75700 3.981390 2.219497
75710 3.981232 4.102831
75720 3.980994 2.376688
75730 3.980771 1.604289
75740 3.980856 2.210307
75750 3.980853 3.874337
75760 3.981019 1.024035
75770 3.980627 4.405605
75780 3.980682 3.940856
75790 3.981232 2.662716
75800 3.981647 1.215212
75810 3.981437 2.981544
75820 3.980978 2.395826
75830 3.981016 2.823953
75840 3.981105 1.907611
75850 3.981299 3.018509
75860 3.980875 1.867206
75870 3.981424 2.116609
75880 3.982601 1.178849
75890 3.983349 2.586885
75900 3.983868 2.747480
75910 3.985165 2.335427
75920 3.985545 1.221824
75930 3.985357 2.088034
75940 3.984958 4.142956
75950 3.984592 1.936680
75960 3.984163 5.901148
75970 3.983825 2.137033
75980 3.983433 1.087194
75990 3.983347 2.163417
76000 3.983008 1.978368
76010 3.982898 2.239999
76020 3.983509 0.981200
76030 3.984106 0.983381
76040 3.983710 5.611911
76050 3.983539 2.821221
76060 3.983335 2.216365
76070 3.983098 3.076179
76080 3.983576 1.266055
76090 3.983341 1.599184
76100 3.982969 2.449408
76110 3.982694 3.257856
76120 3.982416 0.161683
76130 3.982015 3.518787
76140 3.981624 1.748805
76150 3.981295 2.208921
76160 3.981094 4.098183
76170 3.980776 1.384379
76180 3.980354 3.981358
76190 3.979968 4.300334
76200 3.980671 3.207564
76210 3.982619 2.669376
76220 3.984768 3.060413
76230 3.986587 3.768923
76240 3.988430 1.879483
76250 3.989014 2.176070
76260 3.988586 6.074923
76270 3.988287 3.143348
76280 3.987725 6.495191
76290 3.987444 2.831625
76300 3.987039 2.240517
76310 3.986994 2.115064
76320 3.986640 3.281548
76330 3.986301 2.063477
76340 3.986408 3.488207
76350 3.986173 4.148359
76360 3.985811 4.862888
76370 3.985780 1.742845
76380 3.985507 3.096864
76390 3.985363 1.521511
76400 3.985104 2.647040
76410 3.984817 2.989535
76420 3.984745 2.145083
76430 3.984425 3.098668
76440 3.984031 4.185406
76450 3.983633 2.840574
76460 3.983933 2.256938
76470 3.983719 1.438796
76480 3.983343 1.890369
76490 3.982974 1.929097
76500 3.982588 3.917841
76510 3.982494 2.935042
76520 3.982274 2.673225
76530 3.982094 0.787533
76540 3.981816 5.026086
76550 3.981451 1.165351
76560 3.981031 1.661353
76570 3.980610 1.244250
76580 3.980214 1.805999
76590 3.980414 1.433450
76600 3.981162 2.865454
76610 3.981412 2.257478
76620 3.982348 2.305413
76630 3.982614 2.982823
76640 3.982954 3.075187
76650 3.983003 2.097288
76660 3.982887 1.121671
76670 3.983069 2.162199
76680 3.983099 7.767628
76690 3.984164 1.463060
76700 3.985017 1.344964
76710 3.984600 4.027653
76720 3.984406 2.112322
76730 3.984691 0.255916
76740 3.985097 3.704560
76750 3.985210 3.171444
76760 3.984939 1.389107
76770 3.984521 2.784967
76780 3.984829 2.342278
76790 3.986204 2.408202
76800 3.986406 3.088129
76810 3.985993 6.282518
76820 3.985792 1.032501
76830 3.985495 2.963043
76840 3.985251 0.546373
76850 3.984891 2.103480
76860 3.984517 1.717923
76870 3.984237 3.495681
76880 3.983909 1.701993
76890 3.984280 1.287052
76900 3.984467 1.676125
76910 3.984297 1.520816
76920 3.984632 2.996133
76930 3.985216 3.445571
76940 3.985340 2.021710
76950 3.985147 2.693334
76960 3.985245 1.495140
76970 3.985339 1.841490
76980 3.985465 3.223705
76990 3.985195 3.979337
77000 3.985216 2.922582
77010 3.984904 1.640460
77020 3.985316 2.753597
77030 3.985442 1.116841
77040 3.985132 3.424401
77050 3.984723 3.652627
77060 3.984288 3.712673
77070 3.983905 3.300229
77080 3.983642 2.390506
77090 3.983353 2.044626
77100 3.983106 1.860166
77110 3.982836 3.269561
77120 3.982735 3.050159
77130 3.982874 2.312543
77140 3.982831 3.233762
77150 3.982583 1.321201
77160 3.982332 1.950411
77170 3.982813 2.318820
77180 3.983208 2.937652
77190 3.984310 3.644909
77200 3.985919 1.989636
77210 3.987607 3.717681
77220 3.987927 3.067231
77230 3.987610 3.516890
77240 3.987243 2.073047
77250 3.986887 3.147081
77260 3.987571 2.139451
77270 3.987799 0.847866
77280 3.987709 3.060714
77290 3.987659 0.828443
77300 3.987908 0.517188
77310 3.987509 2.292605
77320 3.987093 3.070361
77330 3.986741 4.001416
77340 3.987155 1.988332
77350 3.986959 4.040855
77360 3.987099 1.385681
77370 3.987833 3.276788
77380 3.988140 1.579892
77390 3.988091 3.221959
77400 3.987837 1.433319
77410 3.987416 1.809240
77420 3.987435 2.037831
77430 3.987238 3.510192
77440 3.986885 6.077482
77450 3.986903 1.215978
77460 3.986699 1.892392
77470 3.986442 1.813009
77480 3.986792 -0.024687
77490 3.986639 2.118412
77500 3.986308 2.312713
77510 3.986190 3.627996
77520 3.986731 1.384976
77530 3.986482 1.225587
77540 3.986250 4.009922
77550 3.986189 2.769396
77560 3.986609 3.720576
77570 3.987164 3.961636
77580 3.987409 1.160756
77590 3.987119 3.531143
77600 3.986901 3.367484
77610 3.986680 5.839581
77620 3.986383 4.595281
77630 3.985884 5.172452
77640 3.985553 3.326802
77650 3.985076 4.114931
77660 3.984923 0.691115
77670 3.984871 2.970859
77680 3.984771 2.793981
77690 3.985108 1.404950
77700 3.986159 -0.409955
77710 3.987590 1.701411
77720 3.988995 1.811301
77730 3.990772 2.182919
77740 3.991907 2.875323
77750 3.992206 2.135285
77760 3.991817 2.712097
77770 3.991870 2.140202
77780 3.991393 3.695121
77790 3.991137 2.154655
77800 3.991071 2.320790
77810 3.991054 2.888515
77820 3.991547 2.931593
77830 3.992084 3.320738
77840 3.993200 2.877152
77850 3.994110 3.115793
77860 3.995349 3.334027
77870 3.996482 2.402049
77880 3.997345 1.842241
77890 3.998227 2.209927
77900 3.999553 0.637803
77910 4.000149 1.443468
77920 4.000326 2.873199
77930 4.000119 1.849855
77940 3.999885 2.131725
77950 3.999647 3.494883
77960 3.999502 2.884663
77970 3.999249 3.239828
77980 3.998908 2.614973
77990 3.998759 2.255705
78000 3.998543 2.117269
78010 3.998571 4.306236
78020 3.998343 3.907932
78030 3.998388 2.922283
78040 3.998231 6.079956
78050 3.998071 3.569657
78060 3.997668 4.640723
78070 3.997707 2.367589
78080 3.999050 3.792688
78090 4.001222 2.992405
78100 4.003547 1.223036
78110 4.005535 2.653997
78120 4.006963 1.489878
78130 4.007134 2.728351
78140 4.006720 5.910401
78150 4.006353 3.902859
78160 4.006325 0.996086
78170 4.005989 2.075843
78180 4.005549 1.008314
78190 4.005387 1.868415
78200 4.005632 1.952609
78210 4.005938 3.554794
78220 4.006690 2.923943
78230 4.007222 0.936053
78240 4.007143 2.053513
78250 4.006979 1.996901
78260 4.006585 1.779529
78270 4.006297 3.013171
78280 4.005906 1.590921
78290 4.005732 1.957743
78300 4.005556 3.709692
78310 4.005037 4.008311
78320 4.004747 4.006461
78330 4.005122 2.808303
78340 4.004966 1.842306
78350 4.005423 1.996107
78360 4.005406 3.901437
78370 4.005222 2.088968
78380 4.004954 1.029160
78390 4.004769 0.634320
78400 4.004498 2.971508
78410 4.004428 3.553481
78420 4.004310 1.738870
78430 4.004061 3.019957
78440 4.004015 3.081715
78450 4.003669 3.524045
78460 4.003460 1.766144
78470 4.003878 2.157215
78480 4.004212 1.225222
78490 4.004016 1.526943
78500 4.004098 3.678129
78510 4.003806 1.714623
78520 4.003355 3.250425
78530 4.003073 1.864644
78540 4.002690 1.890952
78550 4.002359 1.912848
78560 4.002217 1.741883
78570 4.002160 4.142291
78580 4.002647 1.901964
78590 4.002721 1.574434
78600 4.002696 3.200302
78610 4.002472 1.671346
78620 4.002194 1.338757
78630 4.001813 4.257841
78640 4.001591 3.763394
78650 4.001356 2.028813
78660 4.001169 1.995660
78670 4.001312 1.844946
78680 4.001362 2.322994
78690 4.001268 1.705360
78700 4.000944 4.658412
78710 4.001207 2.301687
78720 4.001322 2.190929
78730 4.000952 2.976151
78740 4.000852 0.304352
78750 4.000456 0.803236
78760 4.000313 3.643144
78770 4.000419 2.220477
78780 4.000336 2.245192
78790 4.000105 4.333136
78800 3.999762 3.701652
78810 3.999624 2.794077
78820 3.999244 1.835493
78830 3.998944 0.972665
78840 3.999530 3.061276
78850 4.000294 1.555360
78860 4.000094 2.373002
78870 4.000224 3.527079
78880 4.000092 3.237047
78890 3.999674 3.237960
78900 3.999619 2.912408
78910 3.999882 1.401406
78920 3.999685 2.149867
78930 3.999622 -0.538494
78940 3.999235 3.595922
78950 3.998969 3.710491
78960 3.999359 1.889799
78970 3.999482 3.331018
78980 3.999264 1.944330
78990 3.999325 -0.235849
79000 4.000000 3.401126
79010 4.000381 2.726276
79020 3.999951 2.350047
79030 3.999631 2.859417
79040 3.999685 3.220520
79050 3.999535 3.438222
79060 3.999163 3.549195
79070 3.999441 1.989402
79080 3.999781 2.406668
79090 3.999473 2.675251
79100 3.999571 -0.564768
79110 3.999281 0.750167
79120 3.999009 1.770483
79130 3.999074 1.636282
79140 3.999364 3.856028
79150 3.998967 1.462106
79160 3.999292 3.426317
79170 4.000508 2.447432
79180 4.000740 1.154506
79190 4.000327 3.931496
79200 4.000202 1.733882
79210 3.999891 1.486702
79220 3.999721 2.639347
79230 3.999591 3.838091
79240 3.999243 3.186282
79250 3.998910 1.897876
79260 3.998464 4.793101
79270 3.998465 2.350147
79280 3.998618 3.765280
79290 3.998327 1.582380
79300 3.998030 4.610170
79310 3.997551 3.660491
79320 3.997244 4.373459
79330 3.996815 4.615968
79340 3.996712 1.767191
79350 3.996624 2.980906
79360 3.996429 1.354840
79370 3.996028 3.371090
79380 3.995767 4.466888
79390 3.995531 1.800701
79400 3.995316 4.592479
79410 3.995173 3.155509
79420 3.995119 2.070740
79430 3.994929 5.051608
79440 3.994781 3.417269
79450 3.994371 4.046276
79460 3.994536 3.727595
79470 3.994769 4.424559
79480 3.994824 2.926455
79490 3.994998 2.826670
79500 3.994926 2.261804
79510 3.994627 3.515629
79520 3.994463 3.474647
79530 3.994303 3.506710
79540 3.994209 1.882148
79550 3.993831 1.707241
79560 3.993547 1.394981
79570 3.993460 3.493940
79580 3.993041 2.086559
79590 3.993368 1.649440
79600 3.993581 1.748038
79610 3.993773 1.849428
79620 3.993997 2.729237
79630 3.993659 2.199519
79640 3.993327 1.558854
79650 3.993310 2.579712
79660 3.993614 1.804206
79670 3.994324 1.729881
79680 3.994344 3.429356
79690 3.994263 2.376971
79700 3.994043 3.513928
79710 3.993764 0.709963
79720 3.993460 3.867764
79730 3.993698 1.359101
79740 3.993375 2.726392
79750 3.993232 1.781644
79760 3.993558 3.239839
79770 3.994165 3.228849
79780 3.994848 2.178260
79790 3.995964 2.315137
79800 3.997220 1.875162
79810 3.996825 3.040038
79820 3.996646 2.997308
79830 3.997735 3.290487
79840 3.999436 2.577605
79850 4.001506 3.167650
79860 4.004001 2.117205
79870 4.006240 2.186456
79880 4.008559 2.142528
79890 4.010113 1.610059
79900 4.011365 2.883226
79910 4.013608 3.242367
79920 4.015085 3.165868
79930 4.015702 2.252426
79940 4.016184 2.796593
79950 4.016917 1.459996
79960 4.018653 -0.258776
79970 4.019523 3.839251
79980 4.019956 4.108709
79990 4.019710 3.323008
80000 4.019936 2.267991
80010 4.019783 1.588399
80020 4.019531 1.716826
80030 4.019183 1.976903
80040 4.018743 2.212552
80050 4.018623 3.075514
80060 4.018510 3.700713
80070 4.018637 3.408676
80080 4.018681 1.246533
80090 4.018337 3.246137
80100 4.018268 3.601058
80110 4.018383 4.196743
80120 4.018313 2.946911
80130 4.018693 1.843333
80140 4.019142 2.807974
80150 4.019312 0.552297
80160 4.019398 3.167828
80170 4.018958 1.447449
80180 4.018551 3.057707
80190 4.018634 2.121997
80200 4.018428 1.788646
80210 4.018044 1.956303
80220 4.017935 3.316701
80230 4.017580 1.434210
80240 4.017288 3.864523
80250 4.017183 2.921325
80260 4.016737 1.954409
80270 4.016365 3.184761
80280 4.016258 1.941267
80290 4.016295 2.059577
80300 4.015756 5.043081
80310 4.015472 2.776944
80320 4.015180 2.275753
80330 4.015002 2.846104
80340 4.014709 3.751548
80350 4.014436 2.006178
80360 4.014024 2.051517
80370 4.013759 3.271361
80380 4.013668 0.789786
80390 4.013526 1.829169
80400 4.013271 2.771433
80410 4.012967 3.897981
80420 4.012818 3.792861
80430 4.012577 2.046787
80440 4.012247 1.866096
80450 4.012307 2.866020
80460 4.013313 3.016459
80470 4.014419 2.870844
80480 4.014468 3.110215
80490 4.014275 3.218123
80500 4.014015 2.465853
80510 4.013665 4.891537
80520 4.013409 3.654292
80530 4.013121 3.275036
80540 4.012861 4.725201
80550 4.012584 1.785727
80560 4.012216 1.186754
80570 4.011959 2.985036
80580 4.011799 1.578796
80590 4.011657 1.711421
80600 4.011926 2.154439
80610 4.011501 4.385728
80620 4.011270 3.000357
80630 4.010840 3.185907
80640 4.010573 2.065322
80650 4.010367 2.072738
80660 4.010041 1.884534
80670 4.009629 2.321765
80680 4.009372 3.606983
80690 4.009566 2.259302
80700 4.009474 2.870775
80710 4.009123 2.023064
80720 4.008762 2.255262
80730 4.008607 3.091349
80740 4.008415 2.209228
80750 4.008142 1.885828
80760 4.008134 2.016875
80770 4.007866 3.179346
80780 4.007397 4.413712
80790 4.007083 3.830167
80800 4.007004 1.742478
80810 4.006687 1.419400
80820 4.006377 2.240655
80830 4.006020 3.310206
80840 4.005728 4.010618
80850 4.005621 2.700942
80860 4.005189 4.110364
80870 4.005123 1.925472
80880 4.005184 1.886222
80890 4.004897 3.137636
80900 4.004668 1.817547
80910 4.004597 2.701391
80920 4.004236 5.158797
80930 4.003970 1.913986
80940 4.003565 4.590521
80950 4.003477 2.683509
80960 4.003297 1.667994
80970 4.003041 2.680245
80980 4.002857 2.044007
80990 4.002572 2.828345
81000 4.002131 3.988498
81010 4.001932 1.633580
81020 4.001580 1.904307
81030 4.001188 3.664571
81040 4.000899 3.517465
81050 4.000474 1.774150
81060 4.000081 1.207955
81070 3.999833 1.202999
81080 3.999755 3.133686
81090 3.999393 4.431841
81100 3.999237 2.712129
81110 3.998848 3.146882
81120 3.998883 2.028121
81130 3.999258 2.990536
81140 3.999118 3.784733
81150 3.998992 2.200010
81160 4.000028 1.799213
81170 4.000997 2.831825
81180 4.001358 1.783798
81190 4.001693 2.642041
81200 4.001972 -0.661368
81210 4.001842 4.050910
81220 4.002202 2.761695
81230 4.002297 3.493044
81240 4.002098 1.693412
81250 4.001996 2.903262
81260 4.001919 0.740015
81270 4.001513 4.116210
81280 4.001104 2.774177
81290 4.000815 4.082340
81300 4.000401 1.881521
81310 3.999989 5.624364
81320 3.999651 4.113985
81330 3.999409 5.413611
81340 3.999230 2.034778
81350 3.999309 2.261260
81360 3.999159 3.933068
81370 3.999444 1.909155
81380 3.999654 1.645623
81390 3.999363 1.861790
81400 3.999165 4.625175
81410 3.998811 2.848884
81420 3.998362 3.777937
81430 3.998022 2.148949
81440 3.997715 3.047137
81450 3.997628 1.045064
81460 3.997197 5.374221
81470 3.997149 3.285282
81480 3.997221 1.969712
81490 3.996856 3.304242
81500 3.996492 3.051571
81510 3.996128 1.915161
81520 3.995735 1.688399
81530 3.995662 2.208083
81540 3.995353 5.838628
81550 3.995626 2.582217
81560 3.995325 3.472384
81570 3.995024 2.151262
81580 3.994651 3.057141
81590 3.994462 2.823064
81600 3.994789 1.752791
81610 3.994777 1.300083
81620 3.994827 2.913636
81630 3.994429 1.489871
81640 3.993989 0.521928
81650 3.993852 3.718092
81660 3.993515 1.862097
81670 3.993167 2.164633
81680 3.992729 1.996220
81690 3.992251 3.567266
81700 3.992250 2.536098
81710 3.992769 2.001028
81720 3.992800 1.641320
81730 3.992925 0.599092
81740 3.992676 3.422481
81750 3.992502 1.712825
81760 3.992239 2.263858
81770 3.992031 0.291163
81780 3.991588 4.492192
81790 3.991276 3.295929
81800 3.990947 0.350817
81810 3.990683 2.759509
81820 3.990652 2.429938
81830 3.990896 2.154177
81840 3.990972 3.419561
81850 3.990888 2.287122
81860 3.991028 4.191449
81870 3.991399 3.267507
81880 3.992298 1.359170
81890 3.992033 3.775013
81900 3.991668 2.849135
81910 3.991453 2.659336
81920 3.991380 4.384699
81930 3.990967 2.056252
81940 3.990765 3.925153
81950 3.991074 2.886337
81960 3.990954 4.331975
81970 3.990822 3.148837
81980 3.990543 2.130601
81990 3.990878 3.351517
82000 3.991257 2.778893
82010 3.990769 5.085822
82020 3.990387 4.574475
82030 3.990073 3.522291
82040 3.989982 3.646305
82050 3.989688 3.500257
82060 3.989328 1.656541
82070 3.989480 2.715498
82080 3.989223 2.671844
82090 3.989001 1.715479
82100 3.988835 1.995413
82110 3.988572 2.443667
82120 3.988266 3.560023
82130 3.987951 4.399124
82140 3.987876 2.088930
82150 3.987433 3.988498
82160 3.986993 1.820597
82170 3.986834 3.364549
82180 3.986573 5.530353
82190 3.986223 3.511610
82200 3.985905 2.681025
82210 3.985630 2.099337
82220 3.985292 1.936889
82230 3.985010 2.044185
82240 3.984636 3.224359
82250 3.984406 3.248076
82260 3.984339 3.193071
82270 3.984757 2.676719
82280 3.984549 3.183221
82290 3.984643 0.889745
82300 3.984661 1.794686
82310 3.984413 4.037610
82320 3.984071 1.874211
82330 3.983728 3.576076
82340 3.983514 1.084536
82350 3.983512 2.333711
82360 3.984032 1.727566
82370 3.983911 2.180686
82380 3.983643 2.678214
82390 3.983578 2.893296
82400 3.983150 3.957588
82410 3.982797 3.873063
82420 3.982353 4.990907
82430 3.982295 1.291825
82440 3.982226 3.207839
82450 3.981835 2.312481
82460 3.981972 2.226392
82470 3.982394 1.789669
82480 3.982176 1.624239
82490 3.981772 2.272202
82500 3.981603 1.696074
82510 3.981242 1.910712
82520 3.980753 5.280831
82530 3.980675 2.611254
82540 3.980237 2.985047
82550 3.980041 1.479192
82560 3.979999 2.955067
82570 3.979834 3.829161
82580 3.980038 3.684546
82590 3.979883 1.827517
82600 3.979696 0.650059
82610 3.979290 1.878288
82620 3.978927 4.421638
82630 3.978670 1.652100
82640 3.978346 3.284742
82650 3.979001 2.545866
82660 3.979813 3.393906
82670 3.979671 2.716765
82680 3.979430 1.646855
82690 3.979160 1.842006
82700 3.978867 5.229614
82710 3.978630 3.319524
82720 3.978325 1.981202
82730 3.977926 4.720779
82740 3.977579 3.428292
82750 3.977163 3.700705
82760 3.977305 1.389798
82770 3.977171 3.850966
82780 3.977606 1.672678
82790 3.979121 2.744689
82800 3.981159 2.939589
82810 3.982015 2.897506
82820 3.982921 2.705894
82830 3.983585 0.451980
82840 3.983705 3.291624
82850 3.983328 2.718163
82860 3.982897 1.131675
82870 3.982547 1.425985
82880 3.982123 3.661959
82890 3.981906 1.780426
82900 3.981872 3.710563
82910 3.981661 3.363084
82920 3.981805 3.573325
82930 3.981516 2.710620
82940 3.981418 3.460647
82950 3.981634 2.427267
82960 3.981995 1.411161
82970 3.981770 3.771669
82980 3.981419 3.196573
82990 3.981055 3.958567
83000 3.980682 1.990629
83010 3.980388 2.894848
83020 3.980560 1.763565
83030 3.980505 1.553044
83040 3.980280 0.371407
83050 3.979888 3.911648
83060 3.979523 4.594110
83070 3.979309 4.268866
83080 3.979163 0.492768
83090 3.978891 1.956921
83100 3.978727 2.180045
83110 3.978645 2.128911
83120 3.978590 1.017161
83130 3.979128 4.022053
83140 3.979474 2.701371
83150 3.979286 1.904560
83160 3.979085 1.648582
83170 3.979042 3.427282
83180 3.978876 3.661575
83190 3.979470 2.084213
83200 3.979333 2.434590
83210 3.978998 2.163526
83220 3.978759 0.897640
83230 3.978455 4.559105
83240 3.978142 2.206079
83250 3.977790 4.555438
83260 3.977507 3.255874
83270 3.977205 3.255595
83280 3.977273 3.150463
83290 3.976896 3.228081
83300 3.976988 2.820712
83310 3.976977 1.172542
83320 3.977088 1.547227
83330 3.976720 5.703142
83340 3.976324 2.742793
83350 3.975981 3.543429
83360 3.975926 3.724255
83370 3.975827 4.815183
83380 3.975656 2.371705
83390 3.975270 3.453355
83400 3.975209 2.635301
83410 3.975081 2.693208
83420 3.974927 2.248260
83430 3.974633 3.013191
83440 3.974437 4.110716
83450 3.974896 3.259778
83460 3.974674 1.549055
83470 3.974562 2.312336
83480 3.974779 3.348889
83490 3.974469 2.763298
83500 3.974235 2.758572
83510 3.974422 1.531560
83520 3.974090 3.124441
83530 3.973854 2.974928
83540 3.973520 1.881479
83550 3.973085 4.014674
83560 3.973149 3.607244
83570 3.973188 3.876321
83580 3.972863 0.956220
83590 3.972522 3.125059
83600 3.972265 2.116432
83610 3.972362 0.673660
83620 3.972041 3.821335
83630 3.971674 3.803883
83640 3.971272 2.749650
83650 3.971066 2.786871
83660 3.970817 3.406732
83670 3.970509 1.229028
83680 3.970420 2.823277
83690 3.970536 2.338441
83700 3.970185 3.302102
83710 3.969976 2.867678
83720 3.969759 3.694988
83730 3.969503 2.284646
83740 3.969142 3.597983
83750 3.969084 2.045311
83760 3.969381 2.339907
83770 3.969188 1.501813
83780 3.969120 1.932963
83790 3.969159 2.342012
83800 3.969725 0.568375
83810 3.970266 2.230082
83820 3.970360 2.468466
83830 3.970361 2.646453
83840 3.969985 3.362195
83850 3.969634 3.174525
83860 3.969281 2.628924
83870 3.968956 4.081068
83880 3.969004 1.090536
83890 3.968846 3.323559
83900 3.968541 3.166477
83910 3.968420 2.815182
83920 3.968057 0.644739
83930 3.967862 0.925435
83940 3.967817 2.089232
83950 3.967754 3.399762
83960 3.967546 3.455315
83970 3.967235 3.848976
83980 3.967323 3.632732
83990 3.968127 3.882282
84000 3.969040 2.106766
84010 3.969630 2.016018
84020 3.969574 2.711193
84030 3.969145 3.960970
84040 3.969013 2.679627
84050 3.968665 4.765178
84060 3.968729 6.966007
84070 3.969130 1.790735
84080 3.968971 0.595948
84090 3.969135 2.589240
84100 3.970310 3.148295
84110 3.971647 1.086789
84120 3.972136 1.989082
84130 3.972739 1.571040
84140 3.973624 1.039910
84150 3.974715 3.059963
84160 3.976004 3.525272
84170 3.977332 0.104536
84180 3.977840 1.472093
84190 3.977880 0.873524
84200 3.978241 3.220968
84210 3.978098 2.100080
84220 3.977743 3.762351
84230 3.977524 3.103222
84240 3.977204 1.647382
84250 3.976876 1.774022
84260 3.976671 3.372115
84270 3.976530 2.595079
84280 3.976056 4.179213
84290 3.976029 1.705671
84300 3.976060 2.333786
84310 3.975706 1.734257
84320 3.975346 2.682040
84330 3.975088 1.934354
84340 3.974982 1.884701
84350 3.974870 1.893655
84360 3.974823 1.159856
84370 3.974383 4.778596
84380 3.974080 3.017295
84390 3.973720 1.756316
84400 3.973472 1.339352
84410 3.973383 2.336244
84420 3.973145 3.206718
84430 3.972934 3.353070
84440 3.972785 3.959501
84450 3.972471 1.168264
84460 3.972128 2.277791
84470 3.971752 3.872737
84480 3.971554 2.818041
84490 3.971155 5.031494
84500 3.970883 4.853027
84510 3.970747 0.830320
84520 3.970373 1.930315
84530 3.970045 2.988785
84540 3.969818 4.413182
84550 3.969586 2.125437
84560 3.969258 4.608071
84570 3.968834 2.353731
84580 3.968686 2.950964
84590 3.968307 3.075848
84600 3.968134 2.208129
84610 3.968061 1.848130
84620 3.967920 1.606373
84630 3.967597 3.212548
84640 3.967830 3.169558
84650 3.968789 3.431592
84660 3.969841 3.026886
84670 3.970712 1.235563
84680 3.971317 3.121992
84690 3.971537 3.313492
84700 3.971637 3.891790
84710 3.971319 1.878852
84720 3.971024 3.312329
84730 3.970923 2.047533
84740 3.971127 2.625009
84750 3.970862 1.908678
84760 3.970533 1.787403
84770 3.970259 4.351435
84780 3.970530 3.528192
84790 3.970775 0.007826
84800 3.970451 2.543818
84810 3.970766 2.037713
84820 3.970436 5.643249
84830 3.970148 2.968779
84840 3.970098 1.781302
84850 3.969871 2.966494
84860 3.969646 3.500857
84870 3.970187 3.197138
84880 3.970572 1.637142
84890 3.970692 2.039235
84900 3.970513 1.810052
84910 3.970001 6.429472
84920 3.969704 3.844507
84930 3.969337 1.968182
84940 3.968951 1.981192
84950 3.968594 6.458894
84960 3.968365 1.373937
84970 3.968211 3.286822
84980 3.967849 3.986748
84990 3.967648 3.709296
85000 3.967470 3.076810
85010 3.967248 2.626126
85020 3.967146 3.336809
85030 3.966840 2.952358
85040 3.966525 1.521232
85050 3.966294 2.183645
85060 3.966635 2.198796
85070 3.966659 3.540460
85080 3.966291 1.797787
85090 3.966293 2.815083
85100 3.966621 3.151997
85110 3.966702 2.581514
85120 3.966669 3.147697
85130 3.966365 2.785733
85140 3.966228 2.190027
85150 3.966163 1.874502
85160 3.966827 1.112702
85170 3.966526 1.128737
85180 3.966683 2.299713
85190 3.966522 3.258703
85200 3.966395 3.092285
85210 3.966118 1.165036
85220 3.965912 2.941907
85230 3.966471 2.311214
85240 3.966636 3.388759
85250 3.967291 2.632159
85260 3.968115 1.951181
85270 3.968019 2.798860
85280 3.967788 2.143060
85290 3.967459 2.124985
85300 3.967081 2.557244
85310 3.966696 4.290340
85320 3.966542 3.036811
85330 3.966271 3.564677
85340 3.966104 3.746261
85350 3.965916 4.103043
85360 3.965711 3.231770
85370 3.965339 1.709177
85380 3.965226 2.019560
85390 3.964934 3.615143
85400 3.964606 2.738421
85410 3.964483 2.964764
85420 3.964423 2.686768
85430 3.964177 2.128980
85440 3.964193 2.717296
85450 3.963719 6.928702
85460 3.963444 3.027082
85470 3.963136 3.076955
85480 3.962721 5.332887
85490 3.962545 4.461009
85500 3.962311 6.267973
85510 3.961916 1.077097
85520 3.961604 3.809293
85530 3.961283 5.892464
85540 3.961005 1.969228
85550 3.960698 1.267482
85560 3.960389 1.550723
85570 3.960008 1.062648
85580 3.959826 4.259397
85590 3.959626 3.990794
85600 3.959407 2.093036
85610 3.959024 2.929856
85620 3.958659 4.312567
85630 3.958556 3.422462
85640 3.958281 3.948432
85650 3.958420 1.133824
85660 3.958137 2.246950
85670 3.958169 2.910476
85680 3.958537 0.946846
85690 3.958594 3.293656
85700 3.959378 2.322012
85710 3.959766 2.263764
85720 3.959695 3.776102
85730 3.959664 2.866830
85740 3.959566 1.992374
85750 3.959270 2.950355
85760 3.958965 2.946216
85770 3.958614 3.739337
85780 3.958374 3.725820
85790 3.958256 1.682679
85800 3.957949 3.590149
85810 3.957668 2.687924
85820 3.957446 3.891337
85830 3.957085 4.635380
85840 3.956731 2.254618
85850 3.957224 2.840879
85860 3.957072 1.985139
85870 3.957153 2.062627
85880 3.957690 3.741257
85890 3.958361 3.378298
85900 3.959463 2.987389
85910 3.960349 3.150449
85920 3.960339 0.937959
85930 3.959997 2.051538
85940 3.959641 2.403052
85950 3.959416 1.779992
85960 3.959172 4.225678
85970 3.958863 1.440807
85980 3.958544 2.370877
85990 3.958303 0.169806
86000 3.958038 4.099117
86010 3.957738 3.820928
86020 3.957734 3.353829
86030 3.958490 1.429407
86040 3.958819 0.966091
86050 3.958813 1.981345
86060 3.958643 1.606684
86070 3.958392 3.068248
86080 3.958005 3.473480
86090 3.957634 1.443552
86100 3.957344 3.106641
86110 3.956980 3.354592
86120 3.956845 2.013537
86130 3.956641 5.435171
86140 3.956311 5.165716
86150 3.955968 2.575736
86160 3.955875 0.958810
86170 3.955920 -0.062569
86180 3.955587 1.890302
86190 3.955301 2.768649
86200 3.955013 2.736946
86210 3.954831 1.980001
86220 3.954526 2.758832
86230 3.954340 0.692986
86240 3.954163 3.164933
86250 3.953888 1.603557
86260 3.954169 1.760353
86270 3.954527 2.229360
86280 3.954898 2.246196
86290 3.954906 1.827549
86300 3.954714 2.132953
86310 3.954310 3.529755
86320 3.954137 4.112935
86330 3.954173 4.222505
86340 3.954209 3.109913
86350 3.954054 2.048994
86360 3.953753 3.040067
86370 3.953492 3.575069
86380 3.953215 3.149774
86390 3.953275 1.633915
86400 3.954031 3.382747
